origin_code,origin_municipality,destination_code,destination_municipality,workers,category,destination_in_structural_search_footprint,territorial_structural_addressability_scorable,self_od_resolution_status,worker_semantics
097010,Brivio,097010,Brivio,323.000000000,SELF,true,false,SELF_MUNICIPAL_OD_UNRESOLVED,MUNICIPAL_WORK_OD_WEIGHT_NOT_BUS_RIDERSHIP_NOT_ROUTE_DEMAND
097010,Brivio,097042,Lecco,113.000000000,S8_DIRECT,false,false,NOT_SELF,MUNICIPAL_WORK_OD_WEIGHT_NOT_BUS_RIDERSHIP_NOT_ROUTE_DEMAND
097010,Brivio,097048,Merate,105.000000000,OTHER_EXTERNAL,true,true,NOT_SELF,MUNICIPAL_WORK_OD_WEIGHT_NOT_BUS_RIDERSHIP_NOT_ROUTE_DEMAND
097010,Brivio,015146,Milano,80.000000000,S8_DIRECT,false,false,NOT_SELF,MUNICIPAL_WORK_OD_WEIGHT_NOT_BUS_RIDERSHIP_NOT_ROUTE_DEMAND
097010,Brivio,016074,Cisano Bergamasco,71.000000000,OTHER_EXTERNAL,false,false,NOT_SELF,MUNICIPAL_WORK_OD_WEIGHT_NOT_BUS_RIDERSHIP_NOT_ROUTE_DEMAND
097010,Brivio,097059,Olginate,67.000000000,OTHER_EXTERNAL,false,false,NOT_SELF,MUNICIPAL_WORK_OD_WEIGHT_NOT_BUS_RIDERSHIP_NOT_ROUTE_DEMAND
097010,Brivio,097058,Olgiate Molgora,64.000000000,OTHER_CORE,true,true,NOT_SELF,MUNICIPAL_WORK_OD_WEIGHT_NOT_BUS_RIDERSHIP_NOT_ROUTE_DEMAND
097010,Brivio,097013,Calolziocorte,45.000000000,S8_DIRECT,false,false,NOT_SELF,MUNICIPAL_WORK_OD_WEIGHT_NOT_BUS_RIDERSHIP_NOT_ROUTE_DEMAND
097010,Brivio,097012,Calco,41.000000000,OTHER_CORE,true,true,NOT_SELF,MUNICIPAL_WORK_OD_WEIGHT_NOT_BUS_RIDERSHIP_NOT_ROUTE_DEMAND
097010,Brivio,097020,Cernusco Lombardone,38.000000000,S8_DIRECT,false,false,NOT_SELF,MUNICIPAL_WORK_OD_WEIGHT_NOT_BUS_RIDERSHIP_NOT_ROUTE_DEMAND
097010,Brivio,097061,Osnago,29.000000000,S8_DIRECT,false,false,NOT_SELF,MUNICIPAL_WORK_OD_WEIGHT_NOT_BUS_RIDERSHIP_NOT_ROUTE_DEMAND
097010,Brivio,097002,Airuno,27.000000000,S8_DIRECT,true,true,NOT_SELF,MUNICIPAL_WORK_OD_WEIGHT_NOT_BUS_RIDERSHIP_NOT_ROUTE_DEMAND
097010,Brivio,097091,Verderio,26.000000000,OTHER_EXTERNAL,false,false,NOT_SELF,MUNICIPAL_WORK_OD_WEIGHT_NOT_BUS_RIDERSHIP_NOT_ROUTE_DEMAND
097010,Brivio,016024,Bergamo,22.000000000,OTHER_EXTERNAL,false,false,NOT_SELF,MUNICIPAL_WORK_OD_WEIGHT_NOT_BUS_RIDERSHIP_NOT_ROUTE_DEMAND
097010,Brivio,108033,Monza,21.000000000,S8_DIRECT,false,false,NOT_SELF,MUNICIPAL_WORK_OD_WEIGHT_NOT_BUS_RIDERSHIP_NOT_ROUTE_DEMAND
097010,Brivio,097057,Oggiono,19.000000000,OTHER_EXTERNAL,false,false,NOT_SELF,MUNICIPAL_WORK_OD_WEIGHT_NOT_BUS_RIDERSHIP_NOT_ROUTE_DEMAND
097010,Brivio,097044,Lomagna,18.000000000,OTHER_EXTERNAL,false,false,NOT_SELF,MUNICIPAL_WORK_OD_WEIGHT_NOT_BUS_RIDERSHIP_NOT_ROUTE_DEMAND
097010,Brivio,097049,Missaglia,18.000000000,OTHER_EXTERNAL,false,false,NOT_SELF,MUNICIPAL_WORK_OD_WEIGHT_NOT_BUS_RIDERSHIP_NOT_ROUTE_DEMAND
097010,Brivio,016046,Calusco d'Adda,17.000000000,OTHER_EXTERNAL,false,false,NOT_SELF,MUNICIPAL_WORK_OD_WEIGHT_NOT_BUS_RIDERSHIP_NOT_ROUTE_DEMAND
097010,Brivio,016238,Villa d'Adda,17.000000000,OTHER_EXTERNAL,false,false,NOT_SELF,MUNICIPAL_WORK_OD_WEIGHT_NOT_BUS_RIDERSHIP_NOT_ROUTE_DEMAND
097010,Brivio,016034,Bottanuco,14.000000000,OTHER_EXTERNAL,false,false,NOT_SELF,MUNICIPAL_WORK_OD_WEIGHT_NOT_BUS_RIDERSHIP_NOT_ROUTE_DEMAND
097010,Brivio,097071,Robbiate,14.000000000,OTHER_EXTERNAL,false,false,NOT_SELF,MUNICIPAL_WORK_OD_WEIGHT_NOT_BUS_RIDERSHIP_NOT_ROUTE_DEMAND
097010,Brivio,016057,Carvico,12.000000000,OTHER_EXTERNAL,false,false,NOT_SELF,MUNICIPAL_WORK_OD_WEIGHT_NOT_BUS_RIDERSHIP_NOT_ROUTE_DEMAND
097010,Brivio,097092,La Valletta Brianza,12.000000000,OTHER_CORE,true,true,NOT_SELF,MUNICIPAL_WORK_OD_WEIGHT_NOT_BUS_RIDERSHIP_NOT_ROUTE_DEMAND
097010,Brivio,108050,Vimercate,12.000000000,OTHER_EXTERNAL,false,false,NOT_SELF,MUNICIPAL_WORK_OD_WEIGHT_NOT_BUS_RIDERSHIP_NOT_ROUTE_DEMAND
097010,Brivio,108001,Agrate Brianza,11.000000000,OTHER_EXTERNAL,false,false,NOT_SELF,MUNICIPAL_WORK_OD_WEIGHT_NOT_BUS_RIDERSHIP_NOT_ROUTE_DEMAND
097010,Brivio,016171,Pontida,10.000000000,OTHER_EXTERNAL,false,false,NOT_SELF,MUNICIPAL_WORK_OD_WEIGHT_NOT_BUS_RIDERSHIP_NOT_ROUTE_DEMAND
097010,Brivio,108038,Ronco Briantino,10.000000000,OTHER_EXTERNAL,false,false,NOT_SELF,MUNICIPAL_WORK_OD_WEIGHT_NOT_BUS_RIDERSHIP_NOT_ROUTE_DEMAND
097010,Brivio,097083,Valmadrera,10.000000000,OTHER_EXTERNAL,false,false,NOT_SELF,MUNICIPAL_WORK_OD_WEIGHT_NOT_BUS_RIDERSHIP_NOT_ROUTE_DEMAND
097010,Brivio,097005,Barzago,9.000000000,OTHER_EXTERNAL,false,false,NOT_SELF,MUNICIPAL_WORK_OD_WEIGHT_NOT_BUS_RIDERSHIP_NOT_ROUTE_DEMAND
097010,Brivio,097051,Molteno,9.000000000,OTHER_EXTERNAL,false,false,NOT_SELF,MUNICIPAL_WORK_OD_WEIGHT_NOT_BUS_RIDERSHIP_NOT_ROUTE_DEMAND
097010,Brivio,097074,Santa Maria Hoè,9.000000000,OTHER_CORE,false,false,NOT_SELF,MUNICIPAL_WORK_OD_WEIGHT_NOT_BUS_RIDERSHIP_NOT_ROUTE_DEMAND
097010,Brivio,108044,Usmate Velate,9.000000000,OTHER_EXTERNAL,false,false,NOT_SELF,MUNICIPAL_WORK_OD_WEIGHT_NOT_BUS_RIDERSHIP_NOT_ROUTE_DEMAND
097010,Brivio,097006,Barzanò,8.000000000,OTHER_EXTERNAL,false,false,NOT_SELF,MUNICIPAL_WORK_OD_WEIGHT_NOT_BUS_RIDERSHIP_NOT_ROUTE_DEMAND
097010,Brivio,097053,Montevecchia,8.000000000,OTHER_EXTERNAL,true,true,NOT_SELF,MUNICIPAL_WORK_OD_WEIGHT_NOT_BUS_RIDERSHIP_NOT_ROUTE_DEMAND
097010,Brivio,108036,Ornago,8.000000000,OTHER_EXTERNAL,false,false,NOT_SELF,MUNICIPAL_WORK_OD_WEIGHT_NOT_BUS_RIDERSHIP_NOT_ROUTE_DEMAND
097010,Brivio,108012,Brugherio,7.000000000,OTHER_EXTERNAL,false,false,NOT_SELF,MUNICIPAL_WORK_OD_WEIGHT_NOT_BUS_RIDERSHIP_NOT_ROUTE_DEMAND
097010,Brivio,097016,Casatenovo,7.000000000,OTHER_EXTERNAL,false,false,NOT_SELF,MUNICIPAL_WORK_OD_WEIGHT_NOT_BUS_RIDERSHIP_NOT_ROUTE_DEMAND
097010,Brivio,108053,Cornate d'Adda,7.000000000,OTHER_EXTERNAL,false,false,NOT_SELF,MUNICIPAL_WORK_OD_WEIGHT_NOT_BUS_RIDERSHIP_NOT_ROUTE_DEMAND
097010,Brivio,097038,Garlate,7.000000000,OTHER_EXTERNAL,false,false,NOT_SELF,MUNICIPAL_WORK_OD_WEIGHT_NOT_BUS_RIDERSHIP_NOT_ROUTE_DEMAND
097010,Brivio,097052,Monte Marenzo,7.000000000,OTHER_EXTERNAL,false,false,NOT_SELF,MUNICIPAL_WORK_OD_WEIGHT_NOT_BUS_RIDERSHIP_NOT_ROUTE_DEMAND
097010,Brivio,108039,Seregno,7.000000000,OTHER_EXTERNAL,false,false,NOT_SELF,MUNICIPAL_WORK_OD_WEIGHT_NOT_BUS_RIDERSHIP_NOT_ROUTE_DEMAND
097010,Brivio,097082,Valgreghentino,7.000000000,OTHER_EXTERNAL,false,false,NOT_SELF,MUNICIPAL_WORK_OD_WEIGHT_NOT_BUS_RIDERSHIP_NOT_ROUTE_DEMAND
097010,Brivio,108016,Carnate,6.000000000,S8_DIRECT,false,false,NOT_SELF,MUNICIPAL_WORK_OD_WEIGHT_NOT_BUS_RIDERSHIP_NOT_ROUTE_DEMAND
097010,Brivio,097026,Costa Masnaga,6.000000000,OTHER_EXTERNAL,false,false,NOT_SELF,MUNICIPAL_WORK_OD_WEIGHT_NOT_BUS_RIDERSHIP_NOT_ROUTE_DEMAND
097010,Brivio,097036,Galbiate,6.000000000,OTHER_EXTERNAL,false,false,NOT_SELF,MUNICIPAL_WORK_OD_WEIGHT_NOT_BUS_RIDERSHIP_NOT_ROUTE_DEMAND
097010,Brivio,097011,Bulciago,5.000000000,OTHER_EXTERNAL,false,false,NOT_SELF,MUNICIPAL_WORK_OD_WEIGHT_NOT_BUS_RIDERSHIP_NOT_ROUTE_DEMAND
097010,Brivio,015077,Cinisello Balsamo,5.000000000,OTHER_EXTERNAL,false,false,NOT_SELF,MUNICIPAL_WORK_OD_WEIGHT_NOT_BUS_RIDERSHIP_NOT_ROUTE_DEMAND
097010,Brivio,097024,Colle Brianza,5.000000000,OTHER_EXTERNAL,true,true,NOT_SELF,MUNICIPAL_WORK_OD_WEIGHT_NOT_BUS_RIDERSHIP_NOT_ROUTE_DEMAND
097010,Brivio,013075,Como,5.000000000,OTHER_EXTERNAL,false,false,NOT_SELF,MUNICIPAL_WORK_OD_WEIGHT_NOT_BUS_RIDERSHIP_NOT_ROUTE_DEMAND
097010,Brivio,097039,Imbersago,5.000000000,OTHER_EXTERNAL,false,false,NOT_SELF,MUNICIPAL_WORK_OD_WEIGHT_NOT_BUS_RIDERSHIP_NOT_ROUTE_DEMAND
097010,Brivio,015209,Sesto San Giovanni,5.000000000,S8_DIRECT,false,false,NOT_SELF,MUNICIPAL_WORK_OD_WEIGHT_NOT_BUS_RIDERSHIP_NOT_ROUTE_DEMAND
097010,Brivio,097076,Sirtori,5.000000000,OTHER_EXTERNAL,false,false,NOT_SELF,MUNICIPAL_WORK_OD_WEIGHT_NOT_BUS_RIDERSHIP_NOT_ROUTE_DEMAND
097010,Brivio,108042,Sulbiate,5.000000000,OTHER_EXTERNAL,false,false,NOT_SELF,MUNICIPAL_WORK_OD_WEIGHT_NOT_BUS_RIDERSHIP_NOT_ROUTE_DEMAND
097010,Brivio,016213,Terno d'Isola,5.000000000,OTHER_EXTERNAL,false,false,NOT_SELF,MUNICIPAL_WORK_OD_WEIGHT_NOT_BUS_RIDERSHIP_NOT_ROUTE_DEMAND
097010,Brivio,108004,Arcore,4.000000000,S8_DIRECT,false,false,NOT_SELF,MUNICIPAL_WORK_OD_WEIGHT_NOT_BUS_RIDERSHIP_NOT_ROUTE_DEMAND
097010,Brivio,108006,Bellusco,4.000000000,OTHER_EXTERNAL,false,false,NOT_SELF,MUNICIPAL_WORK_OD_WEIGHT_NOT_BUS_RIDERSHIP_NOT_ROUTE_DEMAND
097010,Brivio,108007,Bernareggio,4.000000000,OTHER_EXTERNAL,false,false,NOT_SELF,MUNICIPAL_WORK_OD_WEIGHT_NOT_BUS_RIDERSHIP_NOT_ROUTE_DEMAND
097010,Brivio,108014,Camparada,4.000000000,OTHER_EXTERNAL,false,false,NOT_SELF,MUNICIPAL_WORK_OD_WEIGHT_NOT_BUS_RIDERSHIP_NOT_ROUTE_DEMAND
097010,Brivio,016072,Chignolo d'Isola,4.000000000,OTHER_EXTERNAL,false,false,NOT_SELF,MUNICIPAL_WORK_OD_WEIGHT_NOT_BUS_RIDERSHIP_NOT_ROUTE_DEMAND
097010,Brivio,108021,Concorezzo,4.000000000,OTHER_EXTERNAL,false,false,NOT_SELF,MUNICIPAL_WORK_OD_WEIGHT_NOT_BUS_RIDERSHIP_NOT_ROUTE_DEMAND
097010,Brivio,097031,Dolzago,4.000000000,OTHER_EXTERNAL,false,false,NOT_SELF,MUNICIPAL_WORK_OD_WEIGHT_NOT_BUS_RIDERSHIP_NOT_ROUTE_DEMAND
097010,Brivio,016131,Madone,4.000000000,OTHER_EXTERNAL,false,false,NOT_SELF,MUNICIPAL_WORK_OD_WEIGHT_NOT_BUS_RIDERSHIP_NOT_ROUTE_DEMAND
097010,Brivio,097056,Nibionno,4.000000000,OTHER_EXTERNAL,false,false,NOT_SELF,MUNICIPAL_WORK_OD_WEIGHT_NOT_BUS_RIDERSHIP_NOT_ROUTE_DEMAND
097010,Brivio,016150,Orio al Serio,4.000000000,OTHER_EXTERNAL,false,false,NOT_SELF,MUNICIPAL_WORK_OD_WEIGHT_NOT_BUS_RIDERSHIP_NOT_ROUTE_DEMAND
097010,Brivio,016153,Osio Sotto,4.000000000,OTHER_EXTERNAL,false,false,NOT_SELF,MUNICIPAL_WORK_OD_WEIGHT_NOT_BUS_RIDERSHIP_NOT_ROUTE_DEMAND
097010,Brivio,097068,Pescate,4.000000000,OTHER_EXTERNAL,false,false,NOT_SELF,MUNICIPAL_WORK_OD_WEIGHT_NOT_BUS_RIDERSHIP_NOT_ROUTE_DEMAND
097010,Brivio,015205,Segrate,4.000000000,OTHER_EXTERNAL,false,false,NOT_SELF,MUNICIPAL_WORK_OD_WEIGHT_NOT_BUS_RIDERSHIP_NOT_ROUTE_DEMAND
097010,Brivio,097090,Viganò,4.000000000,OTHER_EXTERNAL,false,false,NOT_SELF,MUNICIPAL_WORK_OD_WEIGHT_NOT_BUS_RIDERSHIP_NOT_ROUTE_DEMAND
097010,Brivio,097003,Annone di Brianza,3.000000000,OTHER_EXTERNAL,false,false,NOT_SELF,MUNICIPAL_WORK_OD_WEIGHT_NOT_BUS_RIDERSHIP_NOT_ROUTE_DEMAND
097010,Brivio,015011,Assago,3.000000000,OTHER_EXTERNAL,false,false,NOT_SELF,MUNICIPAL_WORK_OD_WEIGHT_NOT_BUS_RIDERSHIP_NOT_ROUTE_DEMAND
097010,Brivio,015027,Bollate,3.000000000,OTHER_EXTERNAL,false,false,NOT_SELF,MUNICIPAL_WORK_OD_WEIGHT_NOT_BUS_RIDERSHIP_NOT_ROUTE_DEMAND
097010,Brivio,013041,Cantù,3.000000000,OTHER_EXTERNAL,false,false,NOT_SELF,MUNICIPAL_WORK_OD_WEIGHT_NOT_BUS_RIDERSHIP_NOT_ROUTE_DEMAND
097010,Brivio,016052,Caprino Bergamasco,3.000000000,OTHER_EXTERNAL,false,false,NOT_SELF,MUNICIPAL_WORK_OD_WEIGHT_NOT_BUS_RIDERSHIP_NOT_ROUTE_DEMAND
097010,Brivio,015070,Cernusco sul Naviglio,3.000000000,OTHER_EXTERNAL,false,false,NOT_SELF,MUNICIPAL_WORK_OD_WEIGHT_NOT_BUS_RIDERSHIP_NOT_ROUTE_DEMAND
097010,Brivio,097028,Cremella,3.000000000,OTHER_EXTERNAL,false,false,NOT_SELF,MUNICIPAL_WORK_OD_WEIGHT_NOT_BUS_RIDERSHIP_NOT_ROUTE_DEMAND
097010,Brivio,016089,Curno,3.000000000,OTHER_EXTERNAL,false,false,NOT_SELF,MUNICIPAL_WORK_OD_WEIGHT_NOT_BUS_RIDERSHIP_NOT_ROUTE_DEMAND
097010,Brivio,108023,Desio,3.000000000,OTHER_EXTERNAL,false,false,NOT_SELF,MUNICIPAL_WORK_OD_WEIGHT_NOT_BUS_RIDERSHIP_NOT_ROUTE_DEMAND
097010,Brivio,013095,Erba,3.000000000,OTHER_EXTERNAL,false,false,NOT_SELF,MUNICIPAL_WORK_OD_WEIGHT_NOT_BUS_RIDERSHIP_NOT_ROUTE_DEMAND
097010,Brivio,097062,Paderno d'Adda,3.000000000,OTHER_EXTERNAL,false,false,NOT_SELF,MUNICIPAL_WORK_OD_WEIGHT_NOT_BUS_RIDERSHIP_NOT_ROUTE_DEMAND
097010,Brivio,015182,Rho,3.000000000,OTHER_EXTERNAL,false,false,NOT_SELF,MUNICIPAL_WORK_OD_WEIGHT_NOT_BUS_RIDERSHIP_NOT_ROUTE_DEMAND
097010,Brivio,097075,Sirone,3.000000000,OTHER_EXTERNAL,false,false,NOT_SELF,MUNICIPAL_WORK_OD_WEIGHT_NOT_BUS_RIDERSHIP_NOT_ROUTE_DEMAND
097010,Brivio,097086,Vercurago,3.000000000,OTHER_EXTERNAL,false,false,NOT_SELF,MUNICIPAL_WORK_OD_WEIGHT_NOT_BUS_RIDERSHIP_NOT_ROUTE_DEMAND
097010,Brivio,013010,Appiano Gentile,2.000000000,OTHER_EXTERNAL,false,false,NOT_SELF,MUNICIPAL_WORK_OD_WEIGHT_NOT_BUS_RIDERSHIP_NOT_ROUTE_DEMAND
097010,Brivio,016016,Azzano San Paolo,2.000000000,OTHER_EXTERNAL,false,false,NOT_SELF,MUNICIPAL_WORK_OD_WEIGHT_NOT_BUS_RIDERSHIP_NOT_ROUTE_DEMAND
097010,Brivio,016038,Brembate di Sopra,2.000000000,OTHER_EXTERNAL,false,false,NOT_SELF,MUNICIPAL_WORK_OD_WEIGHT_NOT_BUS_RIDERSHIP_NOT_ROUTE_DEMAND
097010,Brivio,015044,Cambiago,2.000000000,OTHER_EXTERNAL,false,false,NOT_SELF,MUNICIPAL_WORK_OD_WEIGHT_NOT_BUS_RIDERSHIP_NOT_ROUTE_DEMAND
097010,Brivio,015051,Carugate,2.000000000,OTHER_EXTERNAL,false,false,NOT_SELF,MUNICIPAL_WORK_OD_WEIGHT_NOT_BUS_RIDERSHIP_NOT_ROUTE_DEMAND
097010,Brivio,097017,Cassago Brianza,2.000000000,OTHER_EXTERNAL,false,false,NOT_SELF,MUNICIPAL_WORK_OD_WEIGHT_NOT_BUS_RIDERSHIP_NOT_ROUTE_DEMAND
097010,Brivio,097019,Castello di Brianza,2.000000000,OTHER_EXTERNAL,true,true,NOT_SELF,MUNICIPAL_WORK_OD_WEIGHT_NOT_BUS_RIDERSHIP_NOT_ROUTE_DEMAND
097010,Brivio,016091,Dalmine,2.000000000,OTHER_EXTERNAL,false,false,NOT_SELF,MUNICIPAL_WORK_OD_WEIGHT_NOT_BUS_RIDERSHIP_NOT_ROUTE_DEMAND
097010,Brivio,013118,Inverigo,2.000000000,OTHER_EXTERNAL,false,false,NOT_SELF,MUNICIPAL_WORK_OD_WEIGHT_NOT_BUS_RIDERSHIP_NOT_ROUTE_DEMAND
097010,Brivio,108030,Meda,2.000000000,OTHER_EXTERNAL,false,false,NOT_SELF,MUNICIPAL_WORK_OD_WEIGHT_NOT_BUS_RIDERSHIP_NOT_ROUTE_DEMAND
097010,Brivio,016250,Medolago,2.000000000,OTHER_EXTERNAL,false,false,NOT_SELF,MUNICIPAL_WORK_OD_WEIGHT_NOT_BUS_RIDERSHIP_NOT_ROUTE_DEMAND
097010,Brivio,108031,Mezzago,2.000000000,OTHER_EXTERNAL,false,false,NOT_SELF,MUNICIPAL_WORK_OD_WEIGHT_NOT_BUS_RIDERSHIP_NOT_ROUTE_DEMAND
097010,Brivio,016170,Ponte San Pietro,2.000000000,OTHER_EXTERNAL,false,false,NOT_SELF,MUNICIPAL_WORK_OD_WEIGHT_NOT_BUS_RIDERSHIP_NOT_ROUTE_DEMAND
097010,Brivio,016207,Stezzano,2.000000000,OTHER_EXTERNAL,false,false,NOT_SELF,MUNICIPAL_WORK_OD_WEIGHT_NOT_BUS_RIDERSHIP_NOT_ROUTE_DEMAND
097010,Brivio,097078,Suello,2.000000000,OTHER_EXTERNAL,false,false,NOT_SELF,MUNICIPAL_WORK_OD_WEIGHT_NOT_BUS_RIDERSHIP_NOT_ROUTE_DEMAND
097010,Brivio,016209,Suisio,2.000000000,OTHER_EXTERNAL,false,false,NOT_SELF,MUNICIPAL_WORK_OD_WEIGHT_NOT_BUS_RIDERSHIP_NOT_ROUTE_DEMAND
097010,Brivio,016215,Torre de' Busi,2.000000000,OTHER_EXTERNAL,false,false,NOT_SELF,MUNICIPAL_WORK_OD_WEIGHT_NOT_BUS_RIDERSHIP_NOT_ROUTE_DEMAND
097010,Brivio,016219,Treviglio,2.000000000,OTHER_EXTERNAL,false,false,NOT_SELF,MUNICIPAL_WORK_OD_WEIGHT_NOT_BUS_RIDERSHIP_NOT_ROUTE_DEMAND
097010,Brivio,015221,Trezzo sull'Adda,2.000000000,OTHER_EXTERNAL,false,false,NOT_SELF,MUNICIPAL_WORK_OD_WEIGHT_NOT_BUS_RIDERSHIP_NOT_ROUTE_DEMAND
097010,Brivio,015222,Tribiano,2.000000000,OTHER_EXTERNAL,false,false,NOT_SELF,MUNICIPAL_WORK_OD_WEIGHT_NOT_BUS_RIDERSHIP_NOT_ROUTE_DEMAND
097010,Brivio,016224,Valbrembo,2.000000000,OTHER_EXTERNAL,false,false,NOT_SELF,MUNICIPAL_WORK_OD_WEIGHT_NOT_BUS_RIDERSHIP_NOT_ROUTE_DEMAND
097010,Brivio,013004,Albese con Cassano,1.000000000,OTHER_EXTERNAL,false,false,NOT_SELF,MUNICIPAL_WORK_OD_WEIGHT_NOT_BUS_RIDERSHIP_NOT_ROUTE_DEMAND
097010,Brivio,016008,Alzano Lombardo,1.000000000,OTHER_EXTERNAL,false,false,NOT_SELF,MUNICIPAL_WORK_OD_WEIGHT_NOT_BUS_RIDERSHIP_NOT_ROUTE_DEMAND
097010,Brivio,013007,Alzate Brianza,1.000000000,OTHER_EXTERNAL,false,false,NOT_SELF,MUNICIPAL_WORK_OD_WEIGHT_NOT_BUS_RIDERSHIP_NOT_ROUTE_DEMAND
097010,Brivio,016009,Ambivere,1.000000000,OTHER_EXTERNAL,false,false,NOT_SELF,MUNICIPAL_WORK_OD_WEIGHT_NOT_BUS_RIDERSHIP_NOT_ROUTE_DEMAND
097010,Brivio,024008,Arzignano,1.000000000,OTHER_EXTERNAL,false,false,NOT_SELF,MUNICIPAL_WORK_OD_WEIGHT_NOT_BUS_RIDERSHIP_NOT_ROUTE_DEMAND
097010,Brivio,016018,Bagnatica,1.000000000,OTHER_EXTERNAL,false,false,NOT_SELF,MUNICIPAL_WORK_OD_WEIGHT_NOT_BUS_RIDERSHIP_NOT_ROUTE_DEMAND
097010,Brivio,013250,Bellagio,1.000000000,OTHER_EXTERNAL,false,false,NOT_SELF,MUNICIPAL_WORK_OD_WEIGHT_NOT_BUS_RIDERSHIP_NOT_ROUTE_DEMAND
097010,Brivio,108008,Besana in Brianza,1.000000000,OTHER_EXTERNAL,false,false,NOT_SELF,MUNICIPAL_WORK_OD_WEIGHT_NOT_BUS_RIDERSHIP_NOT_ROUTE_DEMAND
097010,Brivio,016028,Bolgare,1.000000000,OTHER_EXTERNAL,false,false,NOT_SELF,MUNICIPAL_WORK_OD_WEIGHT_NOT_BUS_RIDERSHIP_NOT_ROUTE_DEMAND
097010,Brivio,016031,Bonate Sotto,1.000000000,OTHER_EXTERNAL,false,false,NOT_SELF,MUNICIPAL_WORK_OD_WEIGHT_NOT_BUS_RIDERSHIP_NOT_ROUTE_DEMAND
097010,Brivio,016037,Brembate,1.000000000,OTHER_EXTERNAL,false,false,NOT_SELF,MUNICIPAL_WORK_OD_WEIGHT_NOT_BUS_RIDERSHIP_NOT_ROUTE_DEMAND
097010,Brivio,017029,Brescia,1.000000000,OTHER_EXTERNAL,false,false,NOT_SELF,MUNICIPAL_WORK_OD_WEIGHT_NOT_BUS_RIDERSHIP_NOT_ROUTE_DEMAND
097010,Brivio,108011,Briosco,1.000000000,OTHER_EXTERNAL,false,false,NOT_SELF,MUNICIPAL_WORK_OD_WEIGHT_NOT_BUS_RIDERSHIP_NOT_ROUTE_DEMAND
097010,Brivio,108013,Burago di Molgora,1.000000000,OTHER_EXTERNAL,false,false,NOT_SELF,MUNICIPAL_WORK_OD_WEIGHT_NOT_BUS_RIDERSHIP_NOT_ROUTE_DEMAND
097010,Brivio,016043,Calcinate,1.000000000,OTHER_EXTERNAL,false,false,NOT_SELF,MUNICIPAL_WORK_OD_WEIGHT_NOT_BUS_RIDERSHIP_NOT_ROUTE_DEMAND
097010,Brivio,036003,Campogalliano,1.000000000,OTHER_EXTERNAL,false,false,NOT_SELF,MUNICIPAL_WORK_OD_WEIGHT_NOT_BUS_RIDERSHIP_NOT_ROUTE_DEMAND
097010,Brivio,016051,Capriate San Gervasio,1.000000000,OTHER_EXTERNAL,false,false,NOT_SELF,MUNICIPAL_WORK_OD_WEIGHT_NOT_BUS_RIDERSHIP_NOT_ROUTE_DEMAND
097010,Brivio,108015,Carate Brianza,1.000000000,OTHER_EXTERNAL,false,false,NOT_SELF,MUNICIPAL_WORK_OD_WEIGHT_NOT_BUS_RIDERSHIP_NOT_ROUTE_DEMAND
097010,Brivio,013046,Carimate,1.000000000,OTHER_EXTERNAL,false,false,NOT_SELF,MUNICIPAL_WORK_OD_WEIGHT_NOT_BUS_RIDERSHIP_NOT_ROUTE_DEMAND
097010,Brivio,012034,Caronno Pertusella,1.000000000,OTHER_EXTERNAL,false,false,NOT_SELF,MUNICIPAL_WORK_OD_WEIGHT_NOT_BUS_RIDERSHIP_NOT_ROUTE_DEMAND
097010,Brivio,015060,Cassina de' Pecchi,1.000000000,OTHER_EXTERNAL,false,false,NOT_SELF,MUNICIPAL_WORK_OD_WEIGHT_NOT_BUS_RIDERSHIP_NOT_ROUTE_DEMAND
097010,Brivio,016062,Castelli Calepio,1.000000000,OTHER_EXTERNAL,false,false,NOT_SELF,MUNICIPAL_WORK_OD_WEIGHT_NOT_BUS_RIDERSHIP_NOT_ROUTE_DEMAND
097010,Brivio,108017,Cavenago di Brianza,1.000000000,OTHER_EXTERNAL,false,false,NOT_SELF,MUNICIPAL_WORK_OD_WEIGHT_NOT_BUS_RIDERSHIP_NOT_ROUTE_DEMAND
097010,Brivio,015072,Cerro Maggiore,1.000000000,OTHER_EXTERNAL,false,false,NOT_SELF,MUNICIPAL_WORK_OD_WEIGHT_NOT_BUS_RIDERSHIP_NOT_ROUTE_DEMAND
097010,Brivio,097021,Cesana Brianza,1.000000000,OTHER_EXTERNAL,false,false,NOT_SELF,MUNICIPAL_WORK_OD_WEIGHT_NOT_BUS_RIDERSHIP_NOT_ROUTE_DEMAND
097010,Brivio,108019,Cesano Maderno,1.000000000,OTHER_EXTERNAL,false,false,NOT_SELF,MUNICIPAL_WORK_OD_WEIGHT_NOT_BUS_RIDERSHIP_NOT_ROUTE_DEMAND
097010,Brivio,097022,Civate,1.000000000,OTHER_EXTERNAL,false,false,NOT_SELF,MUNICIPAL_WORK_OD_WEIGHT_NOT_BUS_RIDERSHIP_NOT_ROUTE_DEMAND
097010,Brivio,017061,Concesio,1.000000000,OTHER_EXTERNAL,false,false,NOT_SELF,MUNICIPAL_WORK_OD_WEIGHT_NOT_BUS_RIDERSHIP_NOT_ROUTE_DEMAND
097010,Brivio,016086,Costa Volpino,1.000000000,OTHER_EXTERNAL,false,false,NOT_SELF,MUNICIPAL_WORK_OD_WEIGHT_NOT_BUS_RIDERSHIP_NOT_ROUTE_DEMAND
097010,Brivio,016087,Covo,1.000000000,OTHER_EXTERNAL,false,false,NOT_SELF,MUNICIPAL_WORK_OD_WEIGHT_NOT_BUS_RIDERSHIP_NOT_ROUTE_DEMAND
097010,Brivio,012068,Ferno,1.000000000,OTHER_EXTERNAL,false,false,NOT_SELF,MUNICIPAL_WORK_OD_WEIGHT_NOT_BUS_RIDERSHIP_NOT_ROUTE_DEMAND
097010,Brivio,013101,Figino Serenza,1.000000000,OTHER_EXTERNAL,false,false,NOT_SELF,MUNICIPAL_WORK_OD_WEIGHT_NOT_BUS_RIDERSHIP_NOT_ROUTE_DEMAND
097010,Brivio,012070,Gallarate,1.000000000,OTHER_EXTERNAL,false,false,NOT_SELF,MUNICIPAL_WORK_OD_WEIGHT_NOT_BUS_RIDERSHIP_NOT_ROUTE_DEMAND
097010,Brivio,015106,Gessate,1.000000000,OTHER_EXTERNAL,false,false,NOT_SELF,MUNICIPAL_WORK_OD_WEIGHT_NOT_BUS_RIDERSHIP_NOT_ROUTE_DEMAND
097010,Brivio,016117,Grassobbio,1.000000000,OTHER_EXTERNAL,false,false,NOT_SELF,MUNICIPAL_WORK_OD_WEIGHT_NOT_BUS_RIDERSHIP_NOT_ROUTE_DEMAND
097010,Brivio,015110,Grezzago,1.000000000,OTHER_EXTERNAL,false,false,NOT_SELF,MUNICIPAL_WORK_OD_WEIGHT_NOT_BUS_RIDERSHIP_NOT_ROUTE_DEMAND
097010,Brivio,015113,Inveruno,1.000000000,OTHER_EXTERNAL,false,false,NOT_SELF,MUNICIPAL_WORK_OD_WEIGHT_NOT_BUS_RIDERSHIP_NOT_ROUTE_DEMAND
097010,Brivio,016123,Lallio,1.000000000,OTHER_EXTERNAL,false,false,NOT_SELF,MUNICIPAL_WORK_OD_WEIGHT_NOT_BUS_RIDERSHIP_NOT_ROUTE_DEMAND
097010,Brivio,108026,Lesmo,1.000000000,OTHER_EXTERNAL,false,false,NOT_SELF,MUNICIPAL_WORK_OD_WEIGHT_NOT_BUS_RIDERSHIP_NOT_ROUTE_DEMAND
097010,Brivio,013129,Lipomo,1.000000000,OTHER_EXTERNAL,false,false,NOT_SELF,MUNICIPAL_WORK_OD_WEIGHT_NOT_BUS_RIDERSHIP_NOT_ROUTE_DEMAND
097010,Brivio,015122,Liscate,1.000000000,OTHER_EXTERNAL,false,false,NOT_SELF,MUNICIPAL_WORK_OD_WEIGHT_NOT_BUS_RIDERSHIP_NOT_ROUTE_DEMAND
097010,Brivio,108028,Lissone,1.000000000,OTHER_EXTERNAL,false,false,NOT_SELF,MUNICIPAL_WORK_OD_WEIGHT_NOT_BUS_RIDERSHIP_NOT_ROUTE_DEMAND
097010,Brivio,097046,Mandello del Lario,1.000000000,OTHER_EXTERNAL,false,false,NOT_SELF,MUNICIPAL_WORK_OD_WEIGHT_NOT_BUS_RIDERSHIP_NOT_ROUTE_DEMAND
097010,Brivio,016132,Mapello,1.000000000,OTHER_EXTERNAL,false,false,NOT_SELF,MUNICIPAL_WORK_OD_WEIGHT_NOT_BUS_RIDERSHIP_NOT_ROUTE_DEMAND
097010,Brivio,013143,Mariano Comense,1.000000000,OTHER_EXTERNAL,false,false,NOT_SELF,MUNICIPAL_WORK_OD_WEIGHT_NOT_BUS_RIDERSHIP_NOT_ROUTE_DEMAND
097010,Brivio,015136,Masate,1.000000000,OTHER_EXTERNAL,false,false,NOT_SELF,MUNICIPAL_WORK_OD_WEIGHT_NOT_BUS_RIDERSHIP_NOT_ROUTE_DEMAND
097010,Brivio,013147,Merone,1.000000000,OTHER_EXTERNAL,false,false,NOT_SELF,MUNICIPAL_WORK_OD_WEIGHT_NOT_BUS_RIDERSHIP_NOT_ROUTE_DEMAND
097010,Brivio,097054,Monticello Brianza,1.000000000,OTHER_EXTERNAL,false,false,NOT_SELF,MUNICIPAL_WORK_OD_WEIGHT_NOT_BUS_RIDERSHIP_NOT_ROUTE_DEMAND
097010,Brivio,108034,Muggiò,1.000000000,OTHER_EXTERNAL,false,false,NOT_SELF,MUNICIPAL_WORK_OD_WEIGHT_NOT_BUS_RIDERSHIP_NOT_ROUTE_DEMAND
097010,Brivio,016144,Nembro,1.000000000,OTHER_EXTERNAL,false,false,NOT_SELF,MUNICIPAL_WORK_OD_WEIGHT_NOT_BUS_RIDERSHIP_NOT_ROUTE_DEMAND
097010,Brivio,015154,Nerviano,1.000000000,OTHER_EXTERNAL,false,false,NOT_SELF,MUNICIPAL_WORK_OD_WEIGHT_NOT_BUS_RIDERSHIP_NOT_ROUTE_DEMAND
097010,Brivio,108035,Nova Milanese,1.000000000,OTHER_EXTERNAL,false,false,NOT_SELF,MUNICIPAL_WORK_OD_WEIGHT_NOT_BUS_RIDERSHIP_NOT_ROUTE_DEMAND
097010,Brivio,015166,Paderno Dugnano,1.000000000,OTHER_EXTERNAL,false,false,NOT_SELF,MUNICIPAL_WORK_OD_WEIGHT_NOT_BUS_RIDERSHIP_NOT_ROUTE_DEMAND
097010,Brivio,016156,Palazzago,1.000000000,OTHER_EXTERNAL,false,false,NOT_SELF,MUNICIPAL_WORK_OD_WEIGHT_NOT_BUS_RIDERSHIP_NOT_ROUTE_DEMAND
097010,Brivio,017137,Pavone del Mella,1.000000000,OTHER_EXTERNAL,false,false,NOT_SELF,MUNICIPAL_WORK_OD_WEIGHT_NOT_BUS_RIDERSHIP_NOT_ROUTE_DEMAND
097010,Brivio,015170,Pero,1.000000000,OTHER_EXTERNAL,false,false,NOT_SELF,MUNICIPAL_WORK_OD_WEIGHT_NOT_BUS_RIDERSHIP_NOT_ROUTE_DEMAND
097010,Brivio,015171,Peschiera Borromeo,1.000000000,OTHER_EXTERNAL,false,false,NOT_SELF,MUNICIPAL_WORK_OD_WEIGHT_NOT_BUS_RIDERSHIP_NOT_ROUTE_DEMAND
097010,Brivio,015175,Pioltello,1.000000000,OTHER_EXTERNAL,false,false,NOT_SELF,MUNICIPAL_WORK_OD_WEIGHT_NOT_BUS_RIDERSHIP_NOT_ROUTE_DEMAND
097010,Brivio,016167,Pognano,1.000000000,OTHER_EXTERNAL,false,false,NOT_SELF,MUNICIPAL_WORK_OD_WEIGHT_NOT_BUS_RIDERSHIP_NOT_ROUTE_DEMAND
097010,Brivio,013188,Ponte Lambro,1.000000000,OTHER_EXTERNAL,false,false,NOT_SELF,MUNICIPAL_WORK_OD_WEIGHT_NOT_BUS_RIDERSHIP_NOT_ROUTE_DEMAND
097010,Brivio,015179,Pregnana Milanese,1.000000000,OTHER_EXTERNAL,false,false,NOT_SELF,MUNICIPAL_WORK_OD_WEIGHT_NOT_BUS_RIDERSHIP_NOT_ROUTE_DEMAND
097010,Brivio,016176,Presezzo,1.000000000,OTHER_EXTERNAL,false,false,NOT_SELF,MUNICIPAL_WORK_OD_WEIGHT_NOT_BUS_RIDERSHIP_NOT_ROUTE_DEMAND
097010,Brivio,108037,Renate,1.000000000,OTHER_EXTERNAL,false,false,NOT_SELF,MUNICIPAL_WORK_OD_WEIGHT_NOT_BUS_RIDERSHIP_NOT_ROUTE_DEMAND
097010,Brivio,033038,Rivergaro,1.000000000,OTHER_EXTERNAL,false,false,NOT_SELF,MUNICIPAL_WORK_OD_WEIGHT_NOT_BUS_RIDERSHIP_NOT_ROUTE_DEMAND
097010,Brivio,013202,Rovello Porro,1.000000000,OTHER_EXTERNAL,false,false,NOT_SELF,MUNICIPAL_WORK_OD_WEIGHT_NOT_BUS_RIDERSHIP_NOT_ROUTE_DEMAND
097010,Brivio,015192,San Donato Milanese,1.000000000,OTHER_EXTERNAL,false,false,NOT_SELF,MUNICIPAL_WORK_OD_WEIGHT_NOT_BUS_RIDERSHIP_NOT_ROUTE_DEMAND
097010,Brivio,015195,San Giuliano Milanese,1.000000000,OTHER_EXTERNAL,false,false,NOT_SELF,MUNICIPAL_WORK_OD_WEIGHT_NOT_BUS_RIDERSHIP_NOT_ROUTE_DEMAND
097010,Brivio,015201,San Vittore Olona,1.000000000,OTHER_EXTERNAL,false,false,NOT_SELF,MUNICIPAL_WORK_OD_WEIGHT_NOT_BUS_RIDERSHIP_NOT_ROUTE_DEMAND
097010,Brivio,016198,Seriate,1.000000000,OTHER_EXTERNAL,false,false,NOT_SELF,MUNICIPAL_WORK_OD_WEIGHT_NOT_BUS_RIDERSHIP_NOT_ROUTE_DEMAND
097010,Brivio,018150,Siziano,1.000000000,OTHER_EXTERNAL,false,false,NOT_SELF,MUNICIPAL_WORK_OD_WEIGHT_NOT_BUS_RIDERSHIP_NOT_ROUTE_DEMAND
097010,Brivio,012123,Somma Lombardo,1.000000000,OTHER_EXTERNAL,false,false,NOT_SELF,MUNICIPAL_WORK_OD_WEIGHT_NOT_BUS_RIDERSHIP_NOT_ROUTE_DEMAND
097010,Brivio,016202,Sorisole,1.000000000,OTHER_EXTERNAL,false,false,NOT_SELF,MUNICIPAL_WORK_OD_WEIGHT_NOT_BUS_RIDERSHIP_NOT_ROUTE_DEMAND
097010,Brivio,016203,Sotto il Monte Giovanni XXIII,1.000000000,OTHER_EXTERNAL,false,false,NOT_SELF,MUNICIPAL_WORK_OD_WEIGHT_NOT_BUS_RIDERSHIP_NOT_ROUTE_DEMAND
097010,Brivio,016206,Spirano,1.000000000,OTHER_EXTERNAL,false,false,NOT_SELF,MUNICIPAL_WORK_OD_WEIGHT_NOT_BUS_RIDERSHIP_NOT_ROUTE_DEMAND
097010,Brivio,016214,Torre Boldone,1.000000000,OTHER_EXTERNAL,false,false,NOT_SELF,MUNICIPAL_WORK_OD_WEIGHT_NOT_BUS_RIDERSHIP_NOT_ROUTE_DEMAND
097010,Brivio,108043,Triuggio,1.000000000,OTHER_EXTERNAL,false,false,NOT_SELF,MUNICIPAL_WORK_OD_WEIGHT_NOT_BUS_RIDERSHIP_NOT_ROUTE_DEMAND
097010,Brivio,015224,Truccazzano,1.000000000,OTHER_EXTERNAL,false,false,NOT_SELF,MUNICIPAL_WORK_OD_WEIGHT_NOT_BUS_RIDERSHIP_NOT_ROUTE_DEMAND
097010,Brivio,108047,Veduggio con Colzano,1.000000000,OTHER_EXTERNAL,false,false,NOT_SELF,MUNICIPAL_WORK_OD_WEIGHT_NOT_BUS_RIDERSHIP_NOT_ROUTE_DEMAND
097010,Brivio,015237,Vignate,1.000000000,OTHER_EXTERNAL,false,false,NOT_SELF,MUNICIPAL_WORK_OD_WEIGHT_NOT_BUS_RIDERSHIP_NOT_ROUTE_DEMAND
097010,Brivio,016239,Villa d'Almè,1.000000000,OTHER_EXTERNAL,false,false,NOT_SELF,MUNICIPAL_WORK_OD_WEIGHT_NOT_BUS_RIDERSHIP_NOT_ROUTE_DEMAND
097010,Brivio,016240,Villa di Serio,1.000000000,OTHER_EXTERNAL,false,false,NOT_SELF,MUNICIPAL_WORK_OD_WEIGHT_NOT_BUS_RIDERSHIP_NOT_ROUTE_DEMAND
097010,Brivio,015242,Vimodrone,1.000000000,OTHER_EXTERNAL,false,false,NOT_SELF,MUNICIPAL_WORK_OD_WEIGHT_NOT_BUS_RIDERSHIP_NOT_ROUTE_DEMAND
097010,Brivio,018182,Voghera,1.000000000,OTHER_EXTERNAL,false,false,NOT_SELF,MUNICIPAL_WORK_OD_WEIGHT_NOT_BUS_RIDERSHIP_NOT_ROUTE_DEMAND
097010,Brivio,016246,Zogno,1.000000000,OTHER_EXTERNAL,false,false,NOT_SELF,MUNICIPAL_WORK_OD_WEIGHT_NOT_BUS_RIDERSHIP_NOT_ROUTE_DEMAND
097012,Calco,097012,Calco,279.000000000,SELF,true,false,SELF_MUNICIPAL_OD_UNRESOLVED,MUNICIPAL_WORK_OD_WEIGHT_NOT_BUS_RIDERSHIP_NOT_ROUTE_DEMAND
097012,Calco,097048,Merate,205.000000000,OTHER_EXTERNAL,true,true,NOT_SELF,MUNICIPAL_WORK_OD_WEIGHT_NOT_BUS_RIDERSHIP_NOT_ROUTE_DEMAND
097012,Calco,015146,Milano,170.000000000,S8_DIRECT,false,false,NOT_SELF,MUNICIPAL_WORK_OD_WEIGHT_NOT_BUS_RIDERSHIP_NOT_ROUTE_DEMAND
097012,Calco,097042,Lecco,124.000000000,S8_DIRECT,false,false,NOT_SELF,MUNICIPAL_WORK_OD_WEIGHT_NOT_BUS_RIDERSHIP_NOT_ROUTE_DEMAND
097012,Calco,097058,Olgiate Molgora,120.000000000,OTHER_CORE,true,true,NOT_SELF,MUNICIPAL_WORK_OD_WEIGHT_NOT_BUS_RIDERSHIP_NOT_ROUTE_DEMAND
097012,Calco,097010,Brivio,89.000000000,OTHER_CORE,true,true,NOT_SELF,MUNICIPAL_WORK_OD_WEIGHT_NOT_BUS_RIDERSHIP_NOT_ROUTE_DEMAND
097012,Calco,097061,Osnago,60.000000000,S8_DIRECT,false,false,NOT_SELF,MUNICIPAL_WORK_OD_WEIGHT_NOT_BUS_RIDERSHIP_NOT_ROUTE_DEMAND
097012,Calco,097020,Cernusco Lombardone,53.000000000,S8_DIRECT,false,false,NOT_SELF,MUNICIPAL_WORK_OD_WEIGHT_NOT_BUS_RIDERSHIP_NOT_ROUTE_DEMAND
097012,Calco,108033,Monza,48.000000000,S8_DIRECT,false,false,NOT_SELF,MUNICIPAL_WORK_OD_WEIGHT_NOT_BUS_RIDERSHIP_NOT_ROUTE_DEMAND
097012,Calco,097044,Lomagna,46.000000000,OTHER_EXTERNAL,false,false,NOT_SELF,MUNICIPAL_WORK_OD_WEIGHT_NOT_BUS_RIDERSHIP_NOT_ROUTE_DEMAND
097012,Calco,108050,Vimercate,39.000000000,OTHER_EXTERNAL,false,false,NOT_SELF,MUNICIPAL_WORK_OD_WEIGHT_NOT_BUS_RIDERSHIP_NOT_ROUTE_DEMAND
097012,Calco,016074,Cisano Bergamasco,38.000000000,OTHER_EXTERNAL,false,false,NOT_SELF,MUNICIPAL_WORK_OD_WEIGHT_NOT_BUS_RIDERSHIP_NOT_ROUTE_DEMAND
097012,Calco,097071,Robbiate,37.000000000,OTHER_EXTERNAL,false,false,NOT_SELF,MUNICIPAL_WORK_OD_WEIGHT_NOT_BUS_RIDERSHIP_NOT_ROUTE_DEMAND
097012,Calco,097092,La Valletta Brianza,36.000000000,OTHER_CORE,true,true,NOT_SELF,MUNICIPAL_WORK_OD_WEIGHT_NOT_BUS_RIDERSHIP_NOT_ROUTE_DEMAND
097012,Calco,097013,Calolziocorte,31.000000000,S8_DIRECT,false,false,NOT_SELF,MUNICIPAL_WORK_OD_WEIGHT_NOT_BUS_RIDERSHIP_NOT_ROUTE_DEMAND
097012,Calco,097091,Verderio,30.000000000,OTHER_EXTERNAL,false,false,NOT_SELF,MUNICIPAL_WORK_OD_WEIGHT_NOT_BUS_RIDERSHIP_NOT_ROUTE_DEMAND
097012,Calco,097074,Santa Maria Hoè,24.000000000,OTHER_CORE,false,false,NOT_SELF,MUNICIPAL_WORK_OD_WEIGHT_NOT_BUS_RIDERSHIP_NOT_ROUTE_DEMAND
097012,Calco,108053,Cornate d'Adda,22.000000000,OTHER_EXTERNAL,false,false,NOT_SELF,MUNICIPAL_WORK_OD_WEIGHT_NOT_BUS_RIDERSHIP_NOT_ROUTE_DEMAND
097012,Calco,097059,Olginate,22.000000000,OTHER_EXTERNAL,false,false,NOT_SELF,MUNICIPAL_WORK_OD_WEIGHT_NOT_BUS_RIDERSHIP_NOT_ROUTE_DEMAND
097012,Calco,108001,Agrate Brianza,20.000000000,OTHER_EXTERNAL,false,false,NOT_SELF,MUNICIPAL_WORK_OD_WEIGHT_NOT_BUS_RIDERSHIP_NOT_ROUTE_DEMAND
097012,Calco,097057,Oggiono,20.000000000,OTHER_EXTERNAL,false,false,NOT_SELF,MUNICIPAL_WORK_OD_WEIGHT_NOT_BUS_RIDERSHIP_NOT_ROUTE_DEMAND
097012,Calco,108044,Usmate Velate,19.000000000,OTHER_EXTERNAL,false,false,NOT_SELF,MUNICIPAL_WORK_OD_WEIGHT_NOT_BUS_RIDERSHIP_NOT_ROUTE_DEMAND
097012,Calco,097049,Missaglia,17.000000000,OTHER_EXTERNAL,false,false,NOT_SELF,MUNICIPAL_WORK_OD_WEIGHT_NOT_BUS_RIDERSHIP_NOT_ROUTE_DEMAND
097012,Calco,097038,Garlate,15.000000000,OTHER_EXTERNAL,false,false,NOT_SELF,MUNICIPAL_WORK_OD_WEIGHT_NOT_BUS_RIDERSHIP_NOT_ROUTE_DEMAND
097012,Calco,108038,Ronco Briantino,15.000000000,OTHER_EXTERNAL,false,false,NOT_SELF,MUNICIPAL_WORK_OD_WEIGHT_NOT_BUS_RIDERSHIP_NOT_ROUTE_DEMAND
097012,Calco,097054,Monticello Brianza,14.000000000,OTHER_EXTERNAL,false,false,NOT_SELF,MUNICIPAL_WORK_OD_WEIGHT_NOT_BUS_RIDERSHIP_NOT_ROUTE_DEMAND
097012,Calco,016024,Bergamo,13.000000000,OTHER_EXTERNAL,false,false,NOT_SELF,MUNICIPAL_WORK_OD_WEIGHT_NOT_BUS_RIDERSHIP_NOT_ROUTE_DEMAND
097012,Calco,097039,Imbersago,13.000000000,OTHER_EXTERNAL,false,false,NOT_SELF,MUNICIPAL_WORK_OD_WEIGHT_NOT_BUS_RIDERSHIP_NOT_ROUTE_DEMAND
097012,Calco,097002,Airuno,12.000000000,S8_DIRECT,true,true,NOT_SELF,MUNICIPAL_WORK_OD_WEIGHT_NOT_BUS_RIDERSHIP_NOT_ROUTE_DEMAND
097012,Calco,097019,Castello di Brianza,12.000000000,OTHER_EXTERNAL,true,true,NOT_SELF,MUNICIPAL_WORK_OD_WEIGHT_NOT_BUS_RIDERSHIP_NOT_ROUTE_DEMAND
097012,Calco,097006,Barzanò,11.000000000,OTHER_EXTERNAL,false,false,NOT_SELF,MUNICIPAL_WORK_OD_WEIGHT_NOT_BUS_RIDERSHIP_NOT_ROUTE_DEMAND
097012,Calco,097016,Casatenovo,11.000000000,OTHER_EXTERNAL,false,false,NOT_SELF,MUNICIPAL_WORK_OD_WEIGHT_NOT_BUS_RIDERSHIP_NOT_ROUTE_DEMAND
097012,Calco,097031,Dolzago,11.000000000,OTHER_EXTERNAL,false,false,NOT_SELF,MUNICIPAL_WORK_OD_WEIGHT_NOT_BUS_RIDERSHIP_NOT_ROUTE_DEMAND
097012,Calco,097083,Valmadrera,11.000000000,OTHER_EXTERNAL,false,false,NOT_SELF,MUNICIPAL_WORK_OD_WEIGHT_NOT_BUS_RIDERSHIP_NOT_ROUTE_DEMAND
097012,Calco,108008,Besana in Brianza,10.000000000,OTHER_EXTERNAL,false,false,NOT_SELF,MUNICIPAL_WORK_OD_WEIGHT_NOT_BUS_RIDERSHIP_NOT_ROUTE_DEMAND
097012,Calco,097011,Bulciago,10.000000000,OTHER_EXTERNAL,false,false,NOT_SELF,MUNICIPAL_WORK_OD_WEIGHT_NOT_BUS_RIDERSHIP_NOT_ROUTE_DEMAND
097012,Calco,108028,Lissone,10.000000000,OTHER_EXTERNAL,false,false,NOT_SELF,MUNICIPAL_WORK_OD_WEIGHT_NOT_BUS_RIDERSHIP_NOT_ROUTE_DEMAND
097012,Calco,097005,Barzago,9.000000000,OTHER_EXTERNAL,false,false,NOT_SELF,MUNICIPAL_WORK_OD_WEIGHT_NOT_BUS_RIDERSHIP_NOT_ROUTE_DEMAND
097012,Calco,108006,Bellusco,9.000000000,OTHER_EXTERNAL,false,false,NOT_SELF,MUNICIPAL_WORK_OD_WEIGHT_NOT_BUS_RIDERSHIP_NOT_ROUTE_DEMAND
097012,Calco,108007,Bernareggio,9.000000000,OTHER_EXTERNAL,false,false,NOT_SELF,MUNICIPAL_WORK_OD_WEIGHT_NOT_BUS_RIDERSHIP_NOT_ROUTE_DEMAND
097012,Calco,016046,Calusco d'Adda,9.000000000,OTHER_EXTERNAL,false,false,NOT_SELF,MUNICIPAL_WORK_OD_WEIGHT_NOT_BUS_RIDERSHIP_NOT_ROUTE_DEMAND
097012,Calco,097062,Paderno d'Adda,9.000000000,OTHER_EXTERNAL,false,false,NOT_SELF,MUNICIPAL_WORK_OD_WEIGHT_NOT_BUS_RIDERSHIP_NOT_ROUTE_DEMAND
097012,Calco,097075,Sirone,9.000000000,OTHER_EXTERNAL,false,false,NOT_SELF,MUNICIPAL_WORK_OD_WEIGHT_NOT_BUS_RIDERSHIP_NOT_ROUTE_DEMAND
097012,Calco,108004,Arcore,8.000000000,S8_DIRECT,false,false,NOT_SELF,MUNICIPAL_WORK_OD_WEIGHT_NOT_BUS_RIDERSHIP_NOT_ROUTE_DEMAND
097012,Calco,015011,Assago,8.000000000,OTHER_EXTERNAL,false,false,NOT_SELF,MUNICIPAL_WORK_OD_WEIGHT_NOT_BUS_RIDERSHIP_NOT_ROUTE_DEMAND
097012,Calco,108021,Concorezzo,8.000000000,OTHER_EXTERNAL,false,false,NOT_SELF,MUNICIPAL_WORK_OD_WEIGHT_NOT_BUS_RIDERSHIP_NOT_ROUTE_DEMAND
097012,Calco,097036,Galbiate,8.000000000,OTHER_EXTERNAL,false,false,NOT_SELF,MUNICIPAL_WORK_OD_WEIGHT_NOT_BUS_RIDERSHIP_NOT_ROUTE_DEMAND
097012,Calco,097009,Bosisio Parini,7.000000000,OTHER_EXTERNAL,false,false,NOT_SELF,MUNICIPAL_WORK_OD_WEIGHT_NOT_BUS_RIDERSHIP_NOT_ROUTE_DEMAND
097012,Calco,108012,Brugherio,7.000000000,OTHER_EXTERNAL,false,false,NOT_SELF,MUNICIPAL_WORK_OD_WEIGHT_NOT_BUS_RIDERSHIP_NOT_ROUTE_DEMAND
097012,Calco,108013,Burago di Molgora,7.000000000,OTHER_EXTERNAL,false,false,NOT_SELF,MUNICIPAL_WORK_OD_WEIGHT_NOT_BUS_RIDERSHIP_NOT_ROUTE_DEMAND
097012,Calco,015070,Cernusco sul Naviglio,7.000000000,OTHER_EXTERNAL,false,false,NOT_SELF,MUNICIPAL_WORK_OD_WEIGHT_NOT_BUS_RIDERSHIP_NOT_ROUTE_DEMAND
097012,Calco,097022,Civate,7.000000000,OTHER_EXTERNAL,false,false,NOT_SELF,MUNICIPAL_WORK_OD_WEIGHT_NOT_BUS_RIDERSHIP_NOT_ROUTE_DEMAND
097012,Calco,013075,Como,7.000000000,OTHER_EXTERNAL,false,false,NOT_SELF,MUNICIPAL_WORK_OD_WEIGHT_NOT_BUS_RIDERSHIP_NOT_ROUTE_DEMAND
097012,Calco,097026,Costa Masnaga,7.000000000,OTHER_EXTERNAL,false,false,NOT_SELF,MUNICIPAL_WORK_OD_WEIGHT_NOT_BUS_RIDERSHIP_NOT_ROUTE_DEMAND
097012,Calco,097053,Montevecchia,7.000000000,OTHER_EXTERNAL,true,true,NOT_SELF,MUNICIPAL_WORK_OD_WEIGHT_NOT_BUS_RIDERSHIP_NOT_ROUTE_DEMAND
097012,Calco,097068,Pescate,7.000000000,OTHER_EXTERNAL,false,false,NOT_SELF,MUNICIPAL_WORK_OD_WEIGHT_NOT_BUS_RIDERSHIP_NOT_ROUTE_DEMAND
097012,Calco,015209,Sesto San Giovanni,7.000000000,S8_DIRECT,false,false,NOT_SELF,MUNICIPAL_WORK_OD_WEIGHT_NOT_BUS_RIDERSHIP_NOT_ROUTE_DEMAND
097012,Calco,097076,Sirtori,7.000000000,OTHER_EXTERNAL,false,false,NOT_SELF,MUNICIPAL_WORK_OD_WEIGHT_NOT_BUS_RIDERSHIP_NOT_ROUTE_DEMAND
097012,Calco,097082,Valgreghentino,7.000000000,OTHER_EXTERNAL,false,false,NOT_SELF,MUNICIPAL_WORK_OD_WEIGHT_NOT_BUS_RIDERSHIP_NOT_ROUTE_DEMAND
097012,Calco,108047,Veduggio con Colzano,7.000000000,OTHER_EXTERNAL,false,false,NOT_SELF,MUNICIPAL_WORK_OD_WEIGHT_NOT_BUS_RIDERSHIP_NOT_ROUTE_DEMAND
097012,Calco,016034,Bottanuco,6.000000000,OTHER_EXTERNAL,false,false,NOT_SELF,MUNICIPAL_WORK_OD_WEIGHT_NOT_BUS_RIDERSHIP_NOT_ROUTE_DEMAND
097012,Calco,108015,Carate Brianza,6.000000000,OTHER_EXTERNAL,false,false,NOT_SELF,MUNICIPAL_WORK_OD_WEIGHT_NOT_BUS_RIDERSHIP_NOT_ROUTE_DEMAND
097012,Calco,015051,Carugate,6.000000000,OTHER_EXTERNAL,false,false,NOT_SELF,MUNICIPAL_WORK_OD_WEIGHT_NOT_BUS_RIDERSHIP_NOT_ROUTE_DEMAND
097012,Calco,097037,Garbagnate Monastero,6.000000000,OTHER_EXTERNAL,false,false,NOT_SELF,MUNICIPAL_WORK_OD_WEIGHT_NOT_BUS_RIDERSHIP_NOT_ROUTE_DEMAND
097012,Calco,108036,Ornago,6.000000000,OTHER_EXTERNAL,false,false,NOT_SELF,MUNICIPAL_WORK_OD_WEIGHT_NOT_BUS_RIDERSHIP_NOT_ROUTE_DEMAND
097012,Calco,015205,Segrate,6.000000000,OTHER_EXTERNAL,false,false,NOT_SELF,MUNICIPAL_WORK_OD_WEIGHT_NOT_BUS_RIDERSHIP_NOT_ROUTE_DEMAND
097012,Calco,015221,Trezzo sull'Adda,6.000000000,OTHER_EXTERNAL,false,false,NOT_SELF,MUNICIPAL_WORK_OD_WEIGHT_NOT_BUS_RIDERSHIP_NOT_ROUTE_DEMAND
097012,Calco,016038,Brembate di Sopra,5.000000000,OTHER_EXTERNAL,false,false,NOT_SELF,MUNICIPAL_WORK_OD_WEIGHT_NOT_BUS_RIDERSHIP_NOT_ROUTE_DEMAND
097012,Calco,108016,Carnate,5.000000000,S8_DIRECT,false,false,NOT_SELF,MUNICIPAL_WORK_OD_WEIGHT_NOT_BUS_RIDERSHIP_NOT_ROUTE_DEMAND
097012,Calco,097017,Cassago Brianza,5.000000000,OTHER_EXTERNAL,false,false,NOT_SELF,MUNICIPAL_WORK_OD_WEIGHT_NOT_BUS_RIDERSHIP_NOT_ROUTE_DEMAND
097012,Calco,097024,Colle Brianza,5.000000000,OTHER_EXTERNAL,true,true,NOT_SELF,MUNICIPAL_WORK_OD_WEIGHT_NOT_BUS_RIDERSHIP_NOT_ROUTE_DEMAND
097012,Calco,097028,Cremella,5.000000000,OTHER_EXTERNAL,false,false,NOT_SELF,MUNICIPAL_WORK_OD_WEIGHT_NOT_BUS_RIDERSHIP_NOT_ROUTE_DEMAND
097012,Calco,015189,Rozzano,5.000000000,OTHER_EXTERNAL,false,false,NOT_SELF,MUNICIPAL_WORK_OD_WEIGHT_NOT_BUS_RIDERSHIP_NOT_ROUTE_DEMAND
097012,Calco,108039,Seregno,5.000000000,OTHER_EXTERNAL,false,false,NOT_SELF,MUNICIPAL_WORK_OD_WEIGHT_NOT_BUS_RIDERSHIP_NOT_ROUTE_DEMAND
097012,Calco,016213,Terno d'Isola,5.000000000,OTHER_EXTERNAL,false,false,NOT_SELF,MUNICIPAL_WORK_OD_WEIGHT_NOT_BUS_RIDERSHIP_NOT_ROUTE_DEMAND
097012,Calco,016006,Almenno San Bartolomeo,4.000000000,OTHER_EXTERNAL,false,false,NOT_SELF,MUNICIPAL_WORK_OD_WEIGHT_NOT_BUS_RIDERSHIP_NOT_ROUTE_DEMAND
097012,Calco,097003,Annone di Brianza,4.000000000,OTHER_EXTERNAL,false,false,NOT_SELF,MUNICIPAL_WORK_OD_WEIGHT_NOT_BUS_RIDERSHIP_NOT_ROUTE_DEMAND
097012,Calco,016057,Carvico,4.000000000,OTHER_EXTERNAL,false,false,NOT_SELF,MUNICIPAL_WORK_OD_WEIGHT_NOT_BUS_RIDERSHIP_NOT_ROUTE_DEMAND
097012,Calco,108023,Desio,4.000000000,OTHER_EXTERNAL,false,false,NOT_SELF,MUNICIPAL_WORK_OD_WEIGHT_NOT_BUS_RIDERSHIP_NOT_ROUTE_DEMAND
097012,Calco,097051,Molteno,4.000000000,OTHER_EXTERNAL,false,false,NOT_SELF,MUNICIPAL_WORK_OD_WEIGHT_NOT_BUS_RIDERSHIP_NOT_ROUTE_DEMAND
097012,Calco,097052,Monte Marenzo,4.000000000,OTHER_EXTERNAL,false,false,NOT_SELF,MUNICIPAL_WORK_OD_WEIGHT_NOT_BUS_RIDERSHIP_NOT_ROUTE_DEMAND
097012,Calco,016209,Suisio,4.000000000,OTHER_EXTERNAL,false,false,NOT_SELF,MUNICIPAL_WORK_OD_WEIGHT_NOT_BUS_RIDERSHIP_NOT_ROUTE_DEMAND
097012,Calco,108043,Triuggio,4.000000000,OTHER_EXTERNAL,false,false,NOT_SELF,MUNICIPAL_WORK_OD_WEIGHT_NOT_BUS_RIDERSHIP_NOT_ROUTE_DEMAND
097012,Calco,013041,Cantù,3.000000000,OTHER_EXTERNAL,false,false,NOT_SELF,MUNICIPAL_WORK_OD_WEIGHT_NOT_BUS_RIDERSHIP_NOT_ROUTE_DEMAND
097012,Calco,016052,Caprino Bergamasco,3.000000000,OTHER_EXTERNAL,false,false,NOT_SELF,MUNICIPAL_WORK_OD_WEIGHT_NOT_BUS_RIDERSHIP_NOT_ROUTE_DEMAND
097012,Calco,015060,Cassina de' Pecchi,3.000000000,OTHER_EXTERNAL,false,false,NOT_SELF,MUNICIPAL_WORK_OD_WEIGHT_NOT_BUS_RIDERSHIP_NOT_ROUTE_DEMAND
097012,Calco,015077,Cinisello Balsamo,3.000000000,OTHER_EXTERNAL,false,false,NOT_SELF,MUNICIPAL_WORK_OD_WEIGHT_NOT_BUS_RIDERSHIP_NOT_ROUTE_DEMAND
097012,Calco,015081,Cologno Monzese,3.000000000,OTHER_EXTERNAL,false,false,NOT_SELF,MUNICIPAL_WORK_OD_WEIGHT_NOT_BUS_RIDERSHIP_NOT_ROUTE_DEMAND
097012,Calco,013095,Erba,3.000000000,OTHER_EXTERNAL,false,false,NOT_SELF,MUNICIPAL_WORK_OD_WEIGHT_NOT_BUS_RIDERSHIP_NOT_ROUTE_DEMAND
097012,Calco,015106,Gessate,3.000000000,OTHER_EXTERNAL,false,false,NOT_SELF,MUNICIPAL_WORK_OD_WEIGHT_NOT_BUS_RIDERSHIP_NOT_ROUTE_DEMAND
097012,Calco,108024,Giussano,3.000000000,OTHER_EXTERNAL,false,false,NOT_SELF,MUNICIPAL_WORK_OD_WEIGHT_NOT_BUS_RIDERSHIP_NOT_ROUTE_DEMAND
097012,Calco,097056,Nibionno,3.000000000,OTHER_EXTERNAL,false,false,NOT_SELF,MUNICIPAL_WORK_OD_WEIGHT_NOT_BUS_RIDERSHIP_NOT_ROUTE_DEMAND
097012,Calco,015172,Pessano con Bornago,3.000000000,OTHER_EXTERNAL,false,false,NOT_SELF,MUNICIPAL_WORK_OD_WEIGHT_NOT_BUS_RIDERSHIP_NOT_ROUTE_DEMAND
097012,Calco,016171,Pontida,3.000000000,OTHER_EXTERNAL,false,false,NOT_SELF,MUNICIPAL_WORK_OD_WEIGHT_NOT_BUS_RIDERSHIP_NOT_ROUTE_DEMAND
097012,Calco,015182,Rho,3.000000000,OTHER_EXTERNAL,false,false,NOT_SELF,MUNICIPAL_WORK_OD_WEIGHT_NOT_BUS_RIDERSHIP_NOT_ROUTE_DEMAND
097012,Calco,015195,San Giuliano Milanese,3.000000000,OTHER_EXTERNAL,false,false,NOT_SELF,MUNICIPAL_WORK_OD_WEIGHT_NOT_BUS_RIDERSHIP_NOT_ROUTE_DEMAND
097012,Calco,016207,Stezzano,3.000000000,OTHER_EXTERNAL,false,false,NOT_SELF,MUNICIPAL_WORK_OD_WEIGHT_NOT_BUS_RIDERSHIP_NOT_ROUTE_DEMAND
097012,Calco,108002,Aicurzio,2.000000000,OTHER_EXTERNAL,false,false,NOT_SELF,MUNICIPAL_WORK_OD_WEIGHT_NOT_BUS_RIDERSHIP_NOT_ROUTE_DEMAND
097012,Calco,108003,Albiate,2.000000000,OTHER_EXTERNAL,false,false,NOT_SELF,MUNICIPAL_WORK_OD_WEIGHT_NOT_BUS_RIDERSHIP_NOT_ROUTE_DEMAND
097012,Calco,108009,Biassono,2.000000000,OTHER_EXTERNAL,false,false,NOT_SELF,MUNICIPAL_WORK_OD_WEIGHT_NOT_BUS_RIDERSHIP_NOT_ROUTE_DEMAND
097012,Calco,015032,Bresso,2.000000000,OTHER_EXTERNAL,false,false,NOT_SELF,MUNICIPAL_WORK_OD_WEIGHT_NOT_BUS_RIDERSHIP_NOT_ROUTE_DEMAND
097012,Calco,108051,Busnago,2.000000000,OTHER_EXTERNAL,false,false,NOT_SELF,MUNICIPAL_WORK_OD_WEIGHT_NOT_BUS_RIDERSHIP_NOT_ROUTE_DEMAND
097012,Calco,108014,Camparada,2.000000000,OTHER_EXTERNAL,false,false,NOT_SELF,MUNICIPAL_WORK_OD_WEIGHT_NOT_BUS_RIDERSHIP_NOT_ROUTE_DEMAND
097012,Calco,108052,Caponago,2.000000000,OTHER_EXTERNAL,false,false,NOT_SELF,MUNICIPAL_WORK_OD_WEIGHT_NOT_BUS_RIDERSHIP_NOT_ROUTE_DEMAND
097012,Calco,097021,Cesana Brianza,2.000000000,OTHER_EXTERNAL,false,false,NOT_SELF,MUNICIPAL_WORK_OD_WEIGHT_NOT_BUS_RIDERSHIP_NOT_ROUTE_DEMAND
097012,Calco,016076,Cividate al Piano,2.000000000,OTHER_EXTERNAL,false,false,NOT_SELF,MUNICIPAL_WORK_OD_WEIGHT_NOT_BUS_RIDERSHIP_NOT_ROUTE_DEMAND
097012,Calco,016126,Levate,2.000000000,OTHER_EXTERNAL,false,false,NOT_SELF,MUNICIPAL_WORK_OD_WEIGHT_NOT_BUS_RIDERSHIP_NOT_ROUTE_DEMAND
097012,Calco,015122,Liscate,2.000000000,OTHER_EXTERNAL,false,false,NOT_SELF,MUNICIPAL_WORK_OD_WEIGHT_NOT_BUS_RIDERSHIP_NOT_ROUTE_DEMAND
097012,Calco,016250,Medolago,2.000000000,OTHER_EXTERNAL,false,false,NOT_SELF,MUNICIPAL_WORK_OD_WEIGHT_NOT_BUS_RIDERSHIP_NOT_ROUTE_DEMAND
097012,Calco,015157,Novate Milanese,2.000000000,OTHER_EXTERNAL,false,false,NOT_SELF,MUNICIPAL_WORK_OD_WEIGHT_NOT_BUS_RIDERSHIP_NOT_ROUTE_DEMAND
097012,Calco,013170,Orsenigo,2.000000000,OTHER_EXTERNAL,false,false,NOT_SELF,MUNICIPAL_WORK_OD_WEIGHT_NOT_BUS_RIDERSHIP_NOT_ROUTE_DEMAND
097012,Calco,015166,Paderno Dugnano,2.000000000,OTHER_EXTERNAL,false,false,NOT_SELF,MUNICIPAL_WORK_OD_WEIGHT_NOT_BUS_RIDERSHIP_NOT_ROUTE_DEMAND
097012,Calco,015171,Peschiera Borromeo,2.000000000,OTHER_EXTERNAL,false,false,NOT_SELF,MUNICIPAL_WORK_OD_WEIGHT_NOT_BUS_RIDERSHIP_NOT_ROUTE_DEMAND
097012,Calco,015192,San Donato Milanese,2.000000000,OTHER_EXTERNAL,false,false,NOT_SELF,MUNICIPAL_WORK_OD_WEIGHT_NOT_BUS_RIDERSHIP_NOT_ROUTE_DEMAND
097012,Calco,108042,Sulbiate,2.000000000,OTHER_EXTERNAL,false,false,NOT_SELF,MUNICIPAL_WORK_OD_WEIGHT_NOT_BUS_RIDERSHIP_NOT_ROUTE_DEMAND
097012,Calco,016238,Villa d'Adda,2.000000000,OTHER_EXTERNAL,false,false,NOT_SELF,MUNICIPAL_WORK_OD_WEIGHT_NOT_BUS_RIDERSHIP_NOT_ROUTE_DEMAND
097012,Calco,108049,Villasanta,2.000000000,OTHER_EXTERNAL,false,false,NOT_SELF,MUNICIPAL_WORK_OD_WEIGHT_NOT_BUS_RIDERSHIP_NOT_ROUTE_DEMAND
097012,Calco,017002,Adro,1.000000000,OTHER_EXTERNAL,false,false,NOT_SELF,MUNICIPAL_WORK_OD_WEIGHT_NOT_BUS_RIDERSHIP_NOT_ROUTE_DEMAND
097012,Calco,016003,Albano Sant'Alessandro,1.000000000,OTHER_EXTERNAL,false,false,NOT_SELF,MUNICIPAL_WORK_OD_WEIGHT_NOT_BUS_RIDERSHIP_NOT_ROUTE_DEMAND
097012,Calco,013003,Albavilla,1.000000000,OTHER_EXTERNAL,false,false,NOT_SELF,MUNICIPAL_WORK_OD_WEIGHT_NOT_BUS_RIDERSHIP_NOT_ROUTE_DEMAND
097012,Calco,016005,Almè,1.000000000,OTHER_EXTERNAL,false,false,NOT_SELF,MUNICIPAL_WORK_OD_WEIGHT_NOT_BUS_RIDERSHIP_NOT_ROUTE_DEMAND
097012,Calco,016009,Ambivere,1.000000000,OTHER_EXTERNAL,false,false,NOT_SELF,MUNICIPAL_WORK_OD_WEIGHT_NOT_BUS_RIDERSHIP_NOT_ROUTE_DEMAND
097012,Calco,024008,Arzignano,1.000000000,OTHER_EXTERNAL,false,false,NOT_SELF,MUNICIPAL_WORK_OD_WEIGHT_NOT_BUS_RIDERSHIP_NOT_ROUTE_DEMAND
097012,Calco,016016,Azzano San Paolo,1.000000000,OTHER_EXTERNAL,false,false,NOT_SELF,MUNICIPAL_WORK_OD_WEIGHT_NOT_BUS_RIDERSHIP_NOT_ROUTE_DEMAND
097012,Calco,015014,Basiano,1.000000000,OTHER_EXTERNAL,false,false,NOT_SELF,MUNICIPAL_WORK_OD_WEIGHT_NOT_BUS_RIDERSHIP_NOT_ROUTE_DEMAND
097012,Calco,017015,Berlingo,1.000000000,OTHER_EXTERNAL,false,false,NOT_SELF,MUNICIPAL_WORK_OD_WEIGHT_NOT_BUS_RIDERSHIP_NOT_ROUTE_DEMAND
097012,Calco,015027,Bollate,1.000000000,OTHER_EXTERNAL,false,false,NOT_SELF,MUNICIPAL_WORK_OD_WEIGHT_NOT_BUS_RIDERSHIP_NOT_ROUTE_DEMAND
097012,Calco,017029,Brescia,1.000000000,OTHER_EXTERNAL,false,false,NOT_SELF,MUNICIPAL_WORK_OD_WEIGHT_NOT_BUS_RIDERSHIP_NOT_ROUTE_DEMAND
097012,Calco,108011,Briosco,1.000000000,OTHER_EXTERNAL,false,false,NOT_SELF,MUNICIPAL_WORK_OD_WEIGHT_NOT_BUS_RIDERSHIP_NOT_ROUTE_DEMAND
097012,Calco,015041,Busto Garolfo,1.000000000,OTHER_EXTERNAL,false,false,NOT_SELF,MUNICIPAL_WORK_OD_WEIGHT_NOT_BUS_RIDERSHIP_NOT_ROUTE_DEMAND
097012,Calco,015044,Cambiago,1.000000000,OTHER_EXTERNAL,false,false,NOT_SELF,MUNICIPAL_WORK_OD_WEIGHT_NOT_BUS_RIDERSHIP_NOT_ROUTE_DEMAND
097012,Calco,013043,Capiago Intimiano,1.000000000,OTHER_EXTERNAL,false,false,NOT_SELF,MUNICIPAL_WORK_OD_WEIGHT_NOT_BUS_RIDERSHIP_NOT_ROUTE_DEMAND
097012,Calco,013053,Casnate con Bernate,1.000000000,OTHER_EXTERNAL,false,false,NOT_SELF,MUNICIPAL_WORK_OD_WEIGHT_NOT_BUS_RIDERSHIP_NOT_ROUTE_DEMAND
097012,Calco,015059,Cassano d'Adda,1.000000000,OTHER_EXTERNAL,false,false,NOT_SELF,MUNICIPAL_WORK_OD_WEIGHT_NOT_BUS_RIDERSHIP_NOT_ROUTE_DEMAND
097012,Calco,019025,Castelleone,1.000000000,OTHER_EXTERNAL,false,false,NOT_SELF,MUNICIPAL_WORK_OD_WEIGHT_NOT_BUS_RIDERSHIP_NOT_ROUTE_DEMAND
097012,Calco,016062,Castelli Calepio,1.000000000,OTHER_EXTERNAL,false,false,NOT_SELF,MUNICIPAL_WORK_OD_WEIGHT_NOT_BUS_RIDERSHIP_NOT_ROUTE_DEMAND
097012,Calco,016068,Cenate Sopra,1.000000000,OTHER_EXTERNAL,false,false,NOT_SELF,MUNICIPAL_WORK_OD_WEIGHT_NOT_BUS_RIDERSHIP_NOT_ROUTE_DEMAND
097012,Calco,016072,Chignolo d'Isola,1.000000000,OTHER_EXTERNAL,false,false,NOT_SELF,MUNICIPAL_WORK_OD_WEIGHT_NOT_BUS_RIDERSHIP_NOT_ROUTE_DEMAND
097012,Calco,016073,Chiuduno,1.000000000,OTHER_EXTERNAL,false,false,NOT_SELF,MUNICIPAL_WORK_OD_WEIGHT_NOT_BUS_RIDERSHIP_NOT_ROUTE_DEMAND
097012,Calco,013068,Cirimido,1.000000000,OTHER_EXTERNAL,false,false,NOT_SELF,MUNICIPAL_WORK_OD_WEIGHT_NOT_BUS_RIDERSHIP_NOT_ROUTE_DEMAND
097012,Calco,108020,Cogliate,1.000000000,OTHER_EXTERNAL,false,false,NOT_SELF,MUNICIPAL_WORK_OD_WEIGHT_NOT_BUS_RIDERSHIP_NOT_ROUTE_DEMAND
097012,Calco,097023,Colico,1.000000000,OTHER_EXTERNAL,false,false,NOT_SELF,MUNICIPAL_WORK_OD_WEIGHT_NOT_BUS_RIDERSHIP_NOT_ROUTE_DEMAND
097012,Calco,015086,Cormano,1.000000000,OTHER_EXTERNAL,false,false,NOT_SELF,MUNICIPAL_WORK_OD_WEIGHT_NOT_BUS_RIDERSHIP_NOT_ROUTE_DEMAND
097012,Calco,015087,Cornaredo,1.000000000,OTHER_EXTERNAL,false,false,NOT_SELF,MUNICIPAL_WORK_OD_WEIGHT_NOT_BUS_RIDERSHIP_NOT_ROUTE_DEMAND
097012,Calco,016084,Costa di Mezzate,1.000000000,OTHER_EXTERNAL,false,false,NOT_SELF,MUNICIPAL_WORK_OD_WEIGHT_NOT_BUS_RIDERSHIP_NOT_ROUTE_DEMAND
097012,Calco,016089,Curno,1.000000000,OTHER_EXTERNAL,false,false,NOT_SELF,MUNICIPAL_WORK_OD_WEIGHT_NOT_BUS_RIDERSHIP_NOT_ROUTE_DEMAND
097012,Calco,016091,Dalmine,1.000000000,OTHER_EXTERNAL,false,false,NOT_SELF,MUNICIPAL_WORK_OD_WEIGHT_NOT_BUS_RIDERSHIP_NOT_ROUTE_DEMAND
097012,Calco,014026,Delebio,1.000000000,OTHER_EXTERNAL,false,false,NOT_SELF,MUNICIPAL_WORK_OD_WEIGHT_NOT_BUS_RIDERSHIP_NOT_ROUTE_DEMAND
097012,Calco,013097,Eupilio,1.000000000,OTHER_EXTERNAL,false,false,NOT_SELF,MUNICIPAL_WORK_OD_WEIGHT_NOT_BUS_RIDERSHIP_NOT_ROUTE_DEMAND
097012,Calco,016096,Fara Gera d'Adda,1.000000000,OTHER_EXTERNAL,false,false,NOT_SELF,MUNICIPAL_WORK_OD_WEIGHT_NOT_BUS_RIDERSHIP_NOT_ROUTE_DEMAND
097012,Calco,016098,Filago,1.000000000,OTHER_EXTERNAL,false,false,NOT_SELF,MUNICIPAL_WORK_OD_WEIGHT_NOT_BUS_RIDERSHIP_NOT_ROUTE_DEMAND
097012,Calco,015105,Garbagnate Milanese,1.000000000,OTHER_EXTERNAL,false,false,NOT_SELF,MUNICIPAL_WORK_OD_WEIGHT_NOT_BUS_RIDERSHIP_NOT_ROUTE_DEMAND
097012,Calco,010025,Genova,1.000000000,OTHER_EXTERNAL,false,false,NOT_SELF,MUNICIPAL_WORK_OD_WEIGHT_NOT_BUS_RIDERSHIP_NOT_ROUTE_DEMAND
097012,Calco,015108,Gorgonzola,1.000000000,OTHER_EXTERNAL,false,false,NOT_SELF,MUNICIPAL_WORK_OD_WEIGHT_NOT_BUS_RIDERSHIP_NOT_ROUTE_DEMAND
097012,Calco,016114,Gorlago,1.000000000,OTHER_EXTERNAL,false,false,NOT_SELF,MUNICIPAL_WORK_OD_WEIGHT_NOT_BUS_RIDERSHIP_NOT_ROUTE_DEMAND
097012,Calco,016117,Grassobbio,1.000000000,OTHER_EXTERNAL,false,false,NOT_SELF,MUNICIPAL_WORK_OD_WEIGHT_NOT_BUS_RIDERSHIP_NOT_ROUTE_DEMAND
097012,Calco,012083,Induno Olona,1.000000000,OTHER_EXTERNAL,false,false,NOT_SELF,MUNICIPAL_WORK_OD_WEIGHT_NOT_BUS_RIDERSHIP_NOT_ROUTE_DEMAND
097012,Calco,013118,Inverigo,1.000000000,OTHER_EXTERNAL,false,false,NOT_SELF,MUNICIPAL_WORK_OD_WEIGHT_NOT_BUS_RIDERSHIP_NOT_ROUTE_DEMAND
097012,Calco,015118,Legnano,1.000000000,OTHER_EXTERNAL,false,false,NOT_SELF,MUNICIPAL_WORK_OD_WEIGHT_NOT_BUS_RIDERSHIP_NOT_ROUTE_DEMAND
097012,Calco,108026,Lesmo,1.000000000,OTHER_EXTERNAL,false,false,NOT_SELF,MUNICIPAL_WORK_OD_WEIGHT_NOT_BUS_RIDERSHIP_NOT_ROUTE_DEMAND
097012,Calco,108027,Limbiate,1.000000000,OTHER_EXTERNAL,false,false,NOT_SELF,MUNICIPAL_WORK_OD_WEIGHT_NOT_BUS_RIDERSHIP_NOT_ROUTE_DEMAND
097012,Calco,098031,Lodi,1.000000000,OTHER_EXTERNAL,false,false,NOT_SELF,MUNICIPAL_WORK_OD_WEIGHT_NOT_BUS_RIDERSHIP_NOT_ROUTE_DEMAND
097012,Calco,013136,Lurago d'Erba,1.000000000,OTHER_EXTERNAL,false,false,NOT_SELF,MUNICIPAL_WORK_OD_WEIGHT_NOT_BUS_RIDERSHIP_NOT_ROUTE_DEMAND
097012,Calco,097046,Mandello del Lario,1.000000000,OTHER_EXTERNAL,false,false,NOT_SELF,MUNICIPAL_WORK_OD_WEIGHT_NOT_BUS_RIDERSHIP_NOT_ROUTE_DEMAND
097012,Calco,016132,Mapello,1.000000000,OTHER_EXTERNAL,false,false,NOT_SELF,MUNICIPAL_WORK_OD_WEIGHT_NOT_BUS_RIDERSHIP_NOT_ROUTE_DEMAND
097012,Calco,013143,Mariano Comense,1.000000000,OTHER_EXTERNAL,false,false,NOT_SELF,MUNICIPAL_WORK_OD_WEIGHT_NOT_BUS_RIDERSHIP_NOT_ROUTE_DEMAND
097012,Calco,015136,Masate,1.000000000,OTHER_EXTERNAL,false,false,NOT_SELF,MUNICIPAL_WORK_OD_WEIGHT_NOT_BUS_RIDERSHIP_NOT_ROUTE_DEMAND
097012,Calco,015139,Mediglia,1.000000000,OTHER_EXTERNAL,false,false,NOT_SELF,MUNICIPAL_WORK_OD_WEIGHT_NOT_BUS_RIDERSHIP_NOT_ROUTE_DEMAND
097012,Calco,108031,Mezzago,1.000000000,OTHER_EXTERNAL,false,false,NOT_SELF,MUNICIPAL_WORK_OD_WEIGHT_NOT_BUS_RIDERSHIP_NOT_ROUTE_DEMAND
097012,Calco,108032,Misinto,1.000000000,OTHER_EXTERNAL,false,false,NOT_SELF,MUNICIPAL_WORK_OD_WEIGHT_NOT_BUS_RIDERSHIP_NOT_ROUTE_DEMAND
097012,Calco,017117,Nave,1.000000000,OTHER_EXTERNAL,false,false,NOT_SELF,MUNICIPAL_WORK_OD_WEIGHT_NOT_BUS_RIDERSHIP_NOT_ROUTE_DEMAND
097012,Calco,012109,Origgio,1.000000000,OTHER_EXTERNAL,false,false,NOT_SELF,MUNICIPAL_WORK_OD_WEIGHT_NOT_BUS_RIDERSHIP_NOT_ROUTE_DEMAND
097012,Calco,016150,Orio al Serio,1.000000000,OTHER_EXTERNAL,false,false,NOT_SELF,MUNICIPAL_WORK_OD_WEIGHT_NOT_BUS_RIDERSHIP_NOT_ROUTE_DEMAND
097012,Calco,015168,Parabiago,1.000000000,OTHER_EXTERNAL,false,false,NOT_SELF,MUNICIPAL_WORK_OD_WEIGHT_NOT_BUS_RIDERSHIP_NOT_ROUTE_DEMAND
097012,Calco,017137,Pavone del Mella,1.000000000,OTHER_EXTERNAL,false,false,NOT_SELF,MUNICIPAL_WORK_OD_WEIGHT_NOT_BUS_RIDERSHIP_NOT_ROUTE_DEMAND
097012,Calco,016170,Ponte San Pietro,1.000000000,OTHER_EXTERNAL,false,false,NOT_SELF,MUNICIPAL_WORK_OD_WEIGHT_NOT_BUS_RIDERSHIP_NOT_ROUTE_DEMAND
097012,Calco,016169,Ponteranica,1.000000000,OTHER_EXTERNAL,false,false,NOT_SELF,MUNICIPAL_WORK_OD_WEIGHT_NOT_BUS_RIDERSHIP_NOT_ROUTE_DEMAND
097012,Calco,016172,Pontirolo Nuovo,1.000000000,OTHER_EXTERNAL,false,false,NOT_SELF,MUNICIPAL_WORK_OD_WEIGHT_NOT_BUS_RIDERSHIP_NOT_ROUTE_DEMAND
097012,Calco,015179,Pregnana Milanese,1.000000000,OTHER_EXTERNAL,false,false,NOT_SELF,MUNICIPAL_WORK_OD_WEIGHT_NOT_BUS_RIDERSHIP_NOT_ROUTE_DEMAND
097012,Calco,024083,Quinto Vicentino,1.000000000,OTHER_EXTERNAL,false,false,NOT_SELF,MUNICIPAL_WORK_OD_WEIGHT_NOT_BUS_RIDERSHIP_NOT_ROUTE_DEMAND
097012,Calco,015185,Rodano,1.000000000,OTHER_EXTERNAL,false,false,NOT_SELF,MUNICIPAL_WORK_OD_WEIGHT_NOT_BUS_RIDERSHIP_NOT_ROUTE_DEMAND
097012,Calco,018140,Santa Giuletta,1.000000000,OTHER_EXTERNAL,false,false,NOT_SELF,MUNICIPAL_WORK_OD_WEIGHT_NOT_BUS_RIDERSHIP_NOT_ROUTE_DEMAND
097012,Calco,016194,Scanzorosciate,1.000000000,OTHER_EXTERNAL,false,false,NOT_SELF,MUNICIPAL_WORK_OD_WEIGHT_NOT_BUS_RIDERSHIP_NOT_ROUTE_DEMAND
097012,Calco,013212,Senna Comasco,1.000000000,OTHER_EXTERNAL,false,false,NOT_SELF,MUNICIPAL_WORK_OD_WEIGHT_NOT_BUS_RIDERSHIP_NOT_ROUTE_DEMAND
097012,Calco,016198,Seriate,1.000000000,OTHER_EXTERNAL,false,false,NOT_SELF,MUNICIPAL_WORK_OD_WEIGHT_NOT_BUS_RIDERSHIP_NOT_ROUTE_DEMAND
097012,Calco,014061,Sondrio,1.000000000,OTHER_EXTERNAL,false,false,NOT_SELF,MUNICIPAL_WORK_OD_WEIGHT_NOT_BUS_RIDERSHIP_NOT_ROUTE_DEMAND
097012,Calco,098055,Sordio,1.000000000,OTHER_EXTERNAL,false,false,NOT_SELF,MUNICIPAL_WORK_OD_WEIGHT_NOT_BUS_RIDERSHIP_NOT_ROUTE_DEMAND
097012,Calco,016203,Sotto il Monte Giovanni XXIII,1.000000000,OTHER_EXTERNAL,false,false,NOT_SELF,MUNICIPAL_WORK_OD_WEIGHT_NOT_BUS_RIDERSHIP_NOT_ROUTE_DEMAND
097012,Calco,097078,Suello,1.000000000,OTHER_EXTERNAL,false,false,NOT_SELF,MUNICIPAL_WORK_OD_WEIGHT_NOT_BUS_RIDERSHIP_NOT_ROUTE_DEMAND
097012,Calco,017184,Temù,1.000000000,OTHER_EXTERNAL,false,false,NOT_SELF,MUNICIPAL_WORK_OD_WEIGHT_NOT_BUS_RIDERSHIP_NOT_ROUTE_DEMAND
097012,Calco,015219,Trezzano Rosa,1.000000000,OTHER_EXTERNAL,false,false,NOT_SELF,MUNICIPAL_WORK_OD_WEIGHT_NOT_BUS_RIDERSHIP_NOT_ROUTE_DEMAND
097012,Calco,015220,Trezzano sul Naviglio,1.000000000,OTHER_EXTERNAL,false,false,NOT_SELF,MUNICIPAL_WORK_OD_WEIGHT_NOT_BUS_RIDERSHIP_NOT_ROUTE_DEMAND
097012,Calco,016224,Valbrembo,1.000000000,OTHER_EXTERNAL,false,false,NOT_SELF,MUNICIPAL_WORK_OD_WEIGHT_NOT_BUS_RIDERSHIP_NOT_ROUTE_DEMAND
097012,Calco,108048,Verano Brianza,1.000000000,OTHER_EXTERNAL,false,false,NOT_SELF,MUNICIPAL_WORK_OD_WEIGHT_NOT_BUS_RIDERSHIP_NOT_ROUTE_DEMAND
097012,Calco,002158,Vercelli,1.000000000,OTHER_EXTERNAL,false,false,NOT_SELF,MUNICIPAL_WORK_OD_WEIGHT_NOT_BUS_RIDERSHIP_NOT_ROUTE_DEMAND
097012,Calco,016232,Verdellino,1.000000000,OTHER_EXTERNAL,false,false,NOT_SELF,MUNICIPAL_WORK_OD_WEIGHT_NOT_BUS_RIDERSHIP_NOT_ROUTE_DEMAND
097012,Calco,015242,Vimodrone,1.000000000,OTHER_EXTERNAL,false,false,NOT_SELF,MUNICIPAL_WORK_OD_WEIGHT_NOT_BUS_RIDERSHIP_NOT_ROUTE_DEMAND
097012,Calco,016245,Zanica,1.000000000,OTHER_EXTERNAL,false,false,NOT_SELF,MUNICIPAL_WORK_OD_WEIGHT_NOT_BUS_RIDERSHIP_NOT_ROUTE_DEMAND
097012,Calco,013246,Zelbio,1.000000000,OTHER_EXTERNAL,false,false,NOT_SELF,MUNICIPAL_WORK_OD_WEIGHT_NOT_BUS_RIDERSHIP_NOT_ROUTE_DEMAND
097012,Calco,016246,Zogno,1.000000000,OTHER_EXTERNAL,false,false,NOT_SELF,MUNICIPAL_WORK_OD_WEIGHT_NOT_BUS_RIDERSHIP_NOT_ROUTE_DEMAND
097058,Olgiate Molgora,097058,Olgiate Molgora,326.000000000,SELF,true,false,SELF_MUNICIPAL_OD_UNRESOLVED,MUNICIPAL_WORK_OD_WEIGHT_NOT_BUS_RIDERSHIP_NOT_ROUTE_DEMAND
097058,Olgiate Molgora,097048,Merate,217.000000000,OTHER_EXTERNAL,true,true,NOT_SELF,MUNICIPAL_WORK_OD_WEIGHT_NOT_BUS_RIDERSHIP_NOT_ROUTE_DEMAND
097058,Olgiate Molgora,015146,Milano,185.000000000,S8_DIRECT,false,false,NOT_SELF,MUNICIPAL_WORK_OD_WEIGHT_NOT_BUS_RIDERSHIP_NOT_ROUTE_DEMAND
097058,Olgiate Molgora,097042,Lecco,138.000000000,S8_DIRECT,false,false,NOT_SELF,MUNICIPAL_WORK_OD_WEIGHT_NOT_BUS_RIDERSHIP_NOT_ROUTE_DEMAND
097058,Olgiate Molgora,097012,Calco,101.000000000,OTHER_CORE,true,true,NOT_SELF,MUNICIPAL_WORK_OD_WEIGHT_NOT_BUS_RIDERSHIP_NOT_ROUTE_DEMAND
097058,Olgiate Molgora,097010,Brivio,75.000000000,OTHER_CORE,true,true,NOT_SELF,MUNICIPAL_WORK_OD_WEIGHT_NOT_BUS_RIDERSHIP_NOT_ROUTE_DEMAND
097058,Olgiate Molgora,097092,La Valletta Brianza,75.000000000,OTHER_CORE,true,true,NOT_SELF,MUNICIPAL_WORK_OD_WEIGHT_NOT_BUS_RIDERSHIP_NOT_ROUTE_DEMAND
097058,Olgiate Molgora,097061,Osnago,62.000000000,S8_DIRECT,false,false,NOT_SELF,MUNICIPAL_WORK_OD_WEIGHT_NOT_BUS_RIDERSHIP_NOT_ROUTE_DEMAND
097058,Olgiate Molgora,097020,Cernusco Lombardone,59.000000000,S8_DIRECT,false,false,NOT_SELF,MUNICIPAL_WORK_OD_WEIGHT_NOT_BUS_RIDERSHIP_NOT_ROUTE_DEMAND
097058,Olgiate Molgora,097074,Santa Maria Hoè,41.000000000,OTHER_CORE,false,false,NOT_SELF,MUNICIPAL_WORK_OD_WEIGHT_NOT_BUS_RIDERSHIP_NOT_ROUTE_DEMAND
097058,Olgiate Molgora,108050,Vimercate,37.000000000,OTHER_EXTERNAL,false,false,NOT_SELF,MUNICIPAL_WORK_OD_WEIGHT_NOT_BUS_RIDERSHIP_NOT_ROUTE_DEMAND
097058,Olgiate Molgora,108033,Monza,35.000000000,S8_DIRECT,false,false,NOT_SELF,MUNICIPAL_WORK_OD_WEIGHT_NOT_BUS_RIDERSHIP_NOT_ROUTE_DEMAND
097058,Olgiate Molgora,097044,Lomagna,31.000000000,OTHER_EXTERNAL,false,false,NOT_SELF,MUNICIPAL_WORK_OD_WEIGHT_NOT_BUS_RIDERSHIP_NOT_ROUTE_DEMAND
097058,Olgiate Molgora,097059,Olginate,31.000000000,OTHER_EXTERNAL,false,false,NOT_SELF,MUNICIPAL_WORK_OD_WEIGHT_NOT_BUS_RIDERSHIP_NOT_ROUTE_DEMAND
097058,Olgiate Molgora,097071,Robbiate,30.000000000,OTHER_EXTERNAL,false,false,NOT_SELF,MUNICIPAL_WORK_OD_WEIGHT_NOT_BUS_RIDERSHIP_NOT_ROUTE_DEMAND
097058,Olgiate Molgora,097013,Calolziocorte,27.000000000,S8_DIRECT,false,false,NOT_SELF,MUNICIPAL_WORK_OD_WEIGHT_NOT_BUS_RIDERSHIP_NOT_ROUTE_DEMAND
097058,Olgiate Molgora,097049,Missaglia,25.000000000,OTHER_EXTERNAL,false,false,NOT_SELF,MUNICIPAL_WORK_OD_WEIGHT_NOT_BUS_RIDERSHIP_NOT_ROUTE_DEMAND
097058,Olgiate Molgora,097091,Verderio,22.000000000,OTHER_EXTERNAL,false,false,NOT_SELF,MUNICIPAL_WORK_OD_WEIGHT_NOT_BUS_RIDERSHIP_NOT_ROUTE_DEMAND
097058,Olgiate Molgora,097005,Barzago,21.000000000,OTHER_EXTERNAL,false,false,NOT_SELF,MUNICIPAL_WORK_OD_WEIGHT_NOT_BUS_RIDERSHIP_NOT_ROUTE_DEMAND
097058,Olgiate Molgora,108001,Agrate Brianza,20.000000000,OTHER_EXTERNAL,false,false,NOT_SELF,MUNICIPAL_WORK_OD_WEIGHT_NOT_BUS_RIDERSHIP_NOT_ROUTE_DEMAND
097058,Olgiate Molgora,108012,Brugherio,19.000000000,OTHER_EXTERNAL,false,false,NOT_SELF,MUNICIPAL_WORK_OD_WEIGHT_NOT_BUS_RIDERSHIP_NOT_ROUTE_DEMAND
097058,Olgiate Molgora,016074,Cisano Bergamasco,18.000000000,OTHER_EXTERNAL,false,false,NOT_SELF,MUNICIPAL_WORK_OD_WEIGHT_NOT_BUS_RIDERSHIP_NOT_ROUTE_DEMAND
097058,Olgiate Molgora,097057,Oggiono,18.000000000,OTHER_EXTERNAL,false,false,NOT_SELF,MUNICIPAL_WORK_OD_WEIGHT_NOT_BUS_RIDERSHIP_NOT_ROUTE_DEMAND
097058,Olgiate Molgora,108004,Arcore,17.000000000,S8_DIRECT,false,false,NOT_SELF,MUNICIPAL_WORK_OD_WEIGHT_NOT_BUS_RIDERSHIP_NOT_ROUTE_DEMAND
097058,Olgiate Molgora,016046,Calusco d'Adda,16.000000000,OTHER_EXTERNAL,false,false,NOT_SELF,MUNICIPAL_WORK_OD_WEIGHT_NOT_BUS_RIDERSHIP_NOT_ROUTE_DEMAND
097058,Olgiate Molgora,108053,Cornate d'Adda,15.000000000,OTHER_EXTERNAL,false,false,NOT_SELF,MUNICIPAL_WORK_OD_WEIGHT_NOT_BUS_RIDERSHIP_NOT_ROUTE_DEMAND
097058,Olgiate Molgora,097083,Valmadrera,14.000000000,OTHER_EXTERNAL,false,false,NOT_SELF,MUNICIPAL_WORK_OD_WEIGHT_NOT_BUS_RIDERSHIP_NOT_ROUTE_DEMAND
097058,Olgiate Molgora,097006,Barzanò,13.000000000,OTHER_EXTERNAL,false,false,NOT_SELF,MUNICIPAL_WORK_OD_WEIGHT_NOT_BUS_RIDERSHIP_NOT_ROUTE_DEMAND
097058,Olgiate Molgora,108028,Lissone,13.000000000,OTHER_EXTERNAL,false,false,NOT_SELF,MUNICIPAL_WORK_OD_WEIGHT_NOT_BUS_RIDERSHIP_NOT_ROUTE_DEMAND
097058,Olgiate Molgora,097076,Sirtori,13.000000000,OTHER_EXTERNAL,false,false,NOT_SELF,MUNICIPAL_WORK_OD_WEIGHT_NOT_BUS_RIDERSHIP_NOT_ROUTE_DEMAND
097058,Olgiate Molgora,097002,Airuno,12.000000000,S8_DIRECT,true,true,NOT_SELF,MUNICIPAL_WORK_OD_WEIGHT_NOT_BUS_RIDERSHIP_NOT_ROUTE_DEMAND
097058,Olgiate Molgora,108038,Ronco Briantino,12.000000000,OTHER_EXTERNAL,false,false,NOT_SELF,MUNICIPAL_WORK_OD_WEIGHT_NOT_BUS_RIDERSHIP_NOT_ROUTE_DEMAND
097058,Olgiate Molgora,015209,Sesto San Giovanni,12.000000000,S8_DIRECT,false,false,NOT_SELF,MUNICIPAL_WORK_OD_WEIGHT_NOT_BUS_RIDERSHIP_NOT_ROUTE_DEMAND
097058,Olgiate Molgora,016024,Bergamo,11.000000000,OTHER_EXTERNAL,false,false,NOT_SELF,MUNICIPAL_WORK_OD_WEIGHT_NOT_BUS_RIDERSHIP_NOT_ROUTE_DEMAND
097058,Olgiate Molgora,097017,Cassago Brianza,11.000000000,OTHER_EXTERNAL,false,false,NOT_SELF,MUNICIPAL_WORK_OD_WEIGHT_NOT_BUS_RIDERSHIP_NOT_ROUTE_DEMAND
097058,Olgiate Molgora,108021,Concorezzo,11.000000000,OTHER_EXTERNAL,false,false,NOT_SELF,MUNICIPAL_WORK_OD_WEIGHT_NOT_BUS_RIDERSHIP_NOT_ROUTE_DEMAND
097058,Olgiate Molgora,097026,Costa Masnaga,11.000000000,OTHER_EXTERNAL,false,false,NOT_SELF,MUNICIPAL_WORK_OD_WEIGHT_NOT_BUS_RIDERSHIP_NOT_ROUTE_DEMAND
097058,Olgiate Molgora,097038,Garlate,11.000000000,OTHER_EXTERNAL,false,false,NOT_SELF,MUNICIPAL_WORK_OD_WEIGHT_NOT_BUS_RIDERSHIP_NOT_ROUTE_DEMAND
097058,Olgiate Molgora,108044,Usmate Velate,11.000000000,OTHER_EXTERNAL,false,false,NOT_SELF,MUNICIPAL_WORK_OD_WEIGHT_NOT_BUS_RIDERSHIP_NOT_ROUTE_DEMAND
097058,Olgiate Molgora,097011,Bulciago,10.000000000,OTHER_EXTERNAL,false,false,NOT_SELF,MUNICIPAL_WORK_OD_WEIGHT_NOT_BUS_RIDERSHIP_NOT_ROUTE_DEMAND
097058,Olgiate Molgora,097019,Castello di Brianza,10.000000000,OTHER_EXTERNAL,true,true,NOT_SELF,MUNICIPAL_WORK_OD_WEIGHT_NOT_BUS_RIDERSHIP_NOT_ROUTE_DEMAND
097058,Olgiate Molgora,097036,Galbiate,10.000000000,OTHER_EXTERNAL,false,false,NOT_SELF,MUNICIPAL_WORK_OD_WEIGHT_NOT_BUS_RIDERSHIP_NOT_ROUTE_DEMAND
097058,Olgiate Molgora,097037,Garbagnate Monastero,10.000000000,OTHER_EXTERNAL,false,false,NOT_SELF,MUNICIPAL_WORK_OD_WEIGHT_NOT_BUS_RIDERSHIP_NOT_ROUTE_DEMAND
097058,Olgiate Molgora,108039,Seregno,10.000000000,OTHER_EXTERNAL,false,false,NOT_SELF,MUNICIPAL_WORK_OD_WEIGHT_NOT_BUS_RIDERSHIP_NOT_ROUTE_DEMAND
097058,Olgiate Molgora,097075,Sirone,10.000000000,OTHER_EXTERNAL,false,false,NOT_SELF,MUNICIPAL_WORK_OD_WEIGHT_NOT_BUS_RIDERSHIP_NOT_ROUTE_DEMAND
097058,Olgiate Molgora,097009,Bosisio Parini,9.000000000,OTHER_EXTERNAL,false,false,NOT_SELF,MUNICIPAL_WORK_OD_WEIGHT_NOT_BUS_RIDERSHIP_NOT_ROUTE_DEMAND
097058,Olgiate Molgora,013075,Como,9.000000000,OTHER_EXTERNAL,false,false,NOT_SELF,MUNICIPAL_WORK_OD_WEIGHT_NOT_BUS_RIDERSHIP_NOT_ROUTE_DEMAND
097058,Olgiate Molgora,108007,Bernareggio,8.000000000,OTHER_EXTERNAL,false,false,NOT_SELF,MUNICIPAL_WORK_OD_WEIGHT_NOT_BUS_RIDERSHIP_NOT_ROUTE_DEMAND
097058,Olgiate Molgora,108016,Carnate,7.000000000,S8_DIRECT,false,false,NOT_SELF,MUNICIPAL_WORK_OD_WEIGHT_NOT_BUS_RIDERSHIP_NOT_ROUTE_DEMAND
097058,Olgiate Molgora,097016,Casatenovo,7.000000000,OTHER_EXTERNAL,false,false,NOT_SELF,MUNICIPAL_WORK_OD_WEIGHT_NOT_BUS_RIDERSHIP_NOT_ROUTE_DEMAND
097058,Olgiate Molgora,015077,Cinisello Balsamo,7.000000000,OTHER_EXTERNAL,false,false,NOT_SELF,MUNICIPAL_WORK_OD_WEIGHT_NOT_BUS_RIDERSHIP_NOT_ROUTE_DEMAND
097058,Olgiate Molgora,097031,Dolzago,7.000000000,OTHER_EXTERNAL,false,false,NOT_SELF,MUNICIPAL_WORK_OD_WEIGHT_NOT_BUS_RIDERSHIP_NOT_ROUTE_DEMAND
097058,Olgiate Molgora,097051,Molteno,7.000000000,OTHER_EXTERNAL,false,false,NOT_SELF,MUNICIPAL_WORK_OD_WEIGHT_NOT_BUS_RIDERSHIP_NOT_ROUTE_DEMAND
097058,Olgiate Molgora,097053,Montevecchia,7.000000000,OTHER_EXTERNAL,true,true,NOT_SELF,MUNICIPAL_WORK_OD_WEIGHT_NOT_BUS_RIDERSHIP_NOT_ROUTE_DEMAND
097058,Olgiate Molgora,108042,Sulbiate,7.000000000,OTHER_EXTERNAL,false,false,NOT_SELF,MUNICIPAL_WORK_OD_WEIGHT_NOT_BUS_RIDERSHIP_NOT_ROUTE_DEMAND
097058,Olgiate Molgora,108008,Besana in Brianza,6.000000000,OTHER_EXTERNAL,false,false,NOT_SELF,MUNICIPAL_WORK_OD_WEIGHT_NOT_BUS_RIDERSHIP_NOT_ROUTE_DEMAND
097058,Olgiate Molgora,015051,Carugate,6.000000000,OTHER_EXTERNAL,false,false,NOT_SELF,MUNICIPAL_WORK_OD_WEIGHT_NOT_BUS_RIDERSHIP_NOT_ROUTE_DEMAND
097058,Olgiate Molgora,016057,Carvico,6.000000000,OTHER_EXTERNAL,false,false,NOT_SELF,MUNICIPAL_WORK_OD_WEIGHT_NOT_BUS_RIDERSHIP_NOT_ROUTE_DEMAND
097058,Olgiate Molgora,013095,Erba,6.000000000,OTHER_EXTERNAL,false,false,NOT_SELF,MUNICIPAL_WORK_OD_WEIGHT_NOT_BUS_RIDERSHIP_NOT_ROUTE_DEMAND
097058,Olgiate Molgora,108031,Mezzago,6.000000000,OTHER_EXTERNAL,false,false,NOT_SELF,MUNICIPAL_WORK_OD_WEIGHT_NOT_BUS_RIDERSHIP_NOT_ROUTE_DEMAND
097058,Olgiate Molgora,097052,Monte Marenzo,6.000000000,OTHER_EXTERNAL,false,false,NOT_SELF,MUNICIPAL_WORK_OD_WEIGHT_NOT_BUS_RIDERSHIP_NOT_ROUTE_DEMAND
097058,Olgiate Molgora,097054,Monticello Brianza,6.000000000,OTHER_EXTERNAL,false,false,NOT_SELF,MUNICIPAL_WORK_OD_WEIGHT_NOT_BUS_RIDERSHIP_NOT_ROUTE_DEMAND
097058,Olgiate Molgora,024008,Arzignano,5.000000000,OTHER_EXTERNAL,false,false,NOT_SELF,MUNICIPAL_WORK_OD_WEIGHT_NOT_BUS_RIDERSHIP_NOT_ROUTE_DEMAND
097058,Olgiate Molgora,108009,Biassono,5.000000000,OTHER_EXTERNAL,false,false,NOT_SELF,MUNICIPAL_WORK_OD_WEIGHT_NOT_BUS_RIDERSHIP_NOT_ROUTE_DEMAND
097058,Olgiate Molgora,016034,Bottanuco,5.000000000,OTHER_EXTERNAL,false,false,NOT_SELF,MUNICIPAL_WORK_OD_WEIGHT_NOT_BUS_RIDERSHIP_NOT_ROUTE_DEMAND
097058,Olgiate Molgora,108015,Carate Brianza,5.000000000,OTHER_EXTERNAL,false,false,NOT_SELF,MUNICIPAL_WORK_OD_WEIGHT_NOT_BUS_RIDERSHIP_NOT_ROUTE_DEMAND
097058,Olgiate Molgora,108017,Cavenago di Brianza,5.000000000,OTHER_EXTERNAL,false,false,NOT_SELF,MUNICIPAL_WORK_OD_WEIGHT_NOT_BUS_RIDERSHIP_NOT_ROUTE_DEMAND
097058,Olgiate Molgora,015081,Cologno Monzese,5.000000000,OTHER_EXTERNAL,false,false,NOT_SELF,MUNICIPAL_WORK_OD_WEIGHT_NOT_BUS_RIDERSHIP_NOT_ROUTE_DEMAND
097058,Olgiate Molgora,016089,Curno,5.000000000,OTHER_EXTERNAL,false,false,NOT_SELF,MUNICIPAL_WORK_OD_WEIGHT_NOT_BUS_RIDERSHIP_NOT_ROUTE_DEMAND
097058,Olgiate Molgora,108024,Giussano,5.000000000,OTHER_EXTERNAL,false,false,NOT_SELF,MUNICIPAL_WORK_OD_WEIGHT_NOT_BUS_RIDERSHIP_NOT_ROUTE_DEMAND
097058,Olgiate Molgora,015116,Lainate,5.000000000,OTHER_EXTERNAL,false,false,NOT_SELF,MUNICIPAL_WORK_OD_WEIGHT_NOT_BUS_RIDERSHIP_NOT_ROUTE_DEMAND
097058,Olgiate Molgora,097045,Malgrate,5.000000000,OTHER_EXTERNAL,false,false,NOT_SELF,MUNICIPAL_WORK_OD_WEIGHT_NOT_BUS_RIDERSHIP_NOT_ROUTE_DEMAND
097058,Olgiate Molgora,097056,Nibionno,5.000000000,OTHER_EXTERNAL,false,false,NOT_SELF,MUNICIPAL_WORK_OD_WEIGHT_NOT_BUS_RIDERSHIP_NOT_ROUTE_DEMAND
097058,Olgiate Molgora,108036,Ornago,5.000000000,OTHER_EXTERNAL,false,false,NOT_SELF,MUNICIPAL_WORK_OD_WEIGHT_NOT_BUS_RIDERSHIP_NOT_ROUTE_DEMAND
097058,Olgiate Molgora,097062,Paderno d'Adda,5.000000000,OTHER_EXTERNAL,false,false,NOT_SELF,MUNICIPAL_WORK_OD_WEIGHT_NOT_BUS_RIDERSHIP_NOT_ROUTE_DEMAND
097058,Olgiate Molgora,015224,Truccazzano,5.000000000,OTHER_EXTERNAL,false,false,NOT_SELF,MUNICIPAL_WORK_OD_WEIGHT_NOT_BUS_RIDERSHIP_NOT_ROUTE_DEMAND
097058,Olgiate Molgora,097082,Valgreghentino,5.000000000,OTHER_EXTERNAL,false,false,NOT_SELF,MUNICIPAL_WORK_OD_WEIGHT_NOT_BUS_RIDERSHIP_NOT_ROUTE_DEMAND
097058,Olgiate Molgora,015070,Cernusco sul Naviglio,4.000000000,OTHER_EXTERNAL,false,false,NOT_SELF,MUNICIPAL_WORK_OD_WEIGHT_NOT_BUS_RIDERSHIP_NOT_ROUTE_DEMAND
097058,Olgiate Molgora,097024,Colle Brianza,4.000000000,OTHER_EXTERNAL,true,true,NOT_SELF,MUNICIPAL_WORK_OD_WEIGHT_NOT_BUS_RIDERSHIP_NOT_ROUTE_DEMAND
097058,Olgiate Molgora,097033,Ello,4.000000000,OTHER_EXTERNAL,false,false,NOT_SELF,MUNICIPAL_WORK_OD_WEIGHT_NOT_BUS_RIDERSHIP_NOT_ROUTE_DEMAND
097058,Olgiate Molgora,013136,Lurago d'Erba,4.000000000,OTHER_EXTERNAL,false,false,NOT_SELF,MUNICIPAL_WORK_OD_WEIGHT_NOT_BUS_RIDERSHIP_NOT_ROUTE_DEMAND
097058,Olgiate Molgora,013170,Orsenigo,4.000000000,OTHER_EXTERNAL,false,false,NOT_SELF,MUNICIPAL_WORK_OD_WEIGHT_NOT_BUS_RIDERSHIP_NOT_ROUTE_DEMAND
097058,Olgiate Molgora,015172,Pessano con Bornago,4.000000000,OTHER_EXTERNAL,false,false,NOT_SELF,MUNICIPAL_WORK_OD_WEIGHT_NOT_BUS_RIDERSHIP_NOT_ROUTE_DEMAND
097058,Olgiate Molgora,016203,Sotto il Monte Giovanni XXIII,4.000000000,OTHER_EXTERNAL,false,false,NOT_SELF,MUNICIPAL_WORK_OD_WEIGHT_NOT_BUS_RIDERSHIP_NOT_ROUTE_DEMAND
097058,Olgiate Molgora,097090,Viganò,4.000000000,OTHER_EXTERNAL,false,false,NOT_SELF,MUNICIPAL_WORK_OD_WEIGHT_NOT_BUS_RIDERSHIP_NOT_ROUTE_DEMAND
097058,Olgiate Molgora,108049,Villasanta,4.000000000,OTHER_EXTERNAL,false,false,NOT_SELF,MUNICIPAL_WORK_OD_WEIGHT_NOT_BUS_RIDERSHIP_NOT_ROUTE_DEMAND
097058,Olgiate Molgora,108013,Burago di Molgora,3.000000000,OTHER_EXTERNAL,false,false,NOT_SELF,MUNICIPAL_WORK_OD_WEIGHT_NOT_BUS_RIDERSHIP_NOT_ROUTE_DEMAND
097058,Olgiate Molgora,108051,Busnago,3.000000000,OTHER_EXTERNAL,false,false,NOT_SELF,MUNICIPAL_WORK_OD_WEIGHT_NOT_BUS_RIDERSHIP_NOT_ROUTE_DEMAND
097058,Olgiate Molgora,016043,Calcinate,3.000000000,OTHER_EXTERNAL,false,false,NOT_SELF,MUNICIPAL_WORK_OD_WEIGHT_NOT_BUS_RIDERSHIP_NOT_ROUTE_DEMAND
097058,Olgiate Molgora,097028,Cremella,3.000000000,OTHER_EXTERNAL,false,false,NOT_SELF,MUNICIPAL_WORK_OD_WEIGHT_NOT_BUS_RIDERSHIP_NOT_ROUTE_DEMAND
097058,Olgiate Molgora,108023,Desio,3.000000000,OTHER_EXTERNAL,false,false,NOT_SELF,MUNICIPAL_WORK_OD_WEIGHT_NOT_BUS_RIDERSHIP_NOT_ROUTE_DEMAND
097058,Olgiate Molgora,013101,Figino Serenza,3.000000000,OTHER_EXTERNAL,false,false,NOT_SELF,MUNICIPAL_WORK_OD_WEIGHT_NOT_BUS_RIDERSHIP_NOT_ROUTE_DEMAND
097058,Olgiate Molgora,108029,Macherio,3.000000000,OTHER_EXTERNAL,false,false,NOT_SELF,MUNICIPAL_WORK_OD_WEIGHT_NOT_BUS_RIDERSHIP_NOT_ROUTE_DEMAND
097058,Olgiate Molgora,013143,Mariano Comense,3.000000000,OTHER_EXTERNAL,false,false,NOT_SELF,MUNICIPAL_WORK_OD_WEIGHT_NOT_BUS_RIDERSHIP_NOT_ROUTE_DEMAND
097058,Olgiate Molgora,015171,Peschiera Borromeo,3.000000000,OTHER_EXTERNAL,false,false,NOT_SELF,MUNICIPAL_WORK_OD_WEIGHT_NOT_BUS_RIDERSHIP_NOT_ROUTE_DEMAND
097058,Olgiate Molgora,016171,Pontida,3.000000000,OTHER_EXTERNAL,false,false,NOT_SELF,MUNICIPAL_WORK_OD_WEIGHT_NOT_BUS_RIDERSHIP_NOT_ROUTE_DEMAND
097058,Olgiate Molgora,015205,Segrate,3.000000000,OTHER_EXTERNAL,false,false,NOT_SELF,MUNICIPAL_WORK_OD_WEIGHT_NOT_BUS_RIDERSHIP_NOT_ROUTE_DEMAND
097058,Olgiate Molgora,015221,Trezzo sull'Adda,3.000000000,OTHER_EXTERNAL,false,false,NOT_SELF,MUNICIPAL_WORK_OD_WEIGHT_NOT_BUS_RIDERSHIP_NOT_ROUTE_DEMAND
097058,Olgiate Molgora,016238,Villa d'Adda,3.000000000,OTHER_EXTERNAL,false,false,NOT_SELF,MUNICIPAL_WORK_OD_WEIGHT_NOT_BUS_RIDERSHIP_NOT_ROUTE_DEMAND
097058,Olgiate Molgora,016008,Alzano Lombardo,2.000000000,OTHER_EXTERNAL,false,false,NOT_SELF,MUNICIPAL_WORK_OD_WEIGHT_NOT_BUS_RIDERSHIP_NOT_ROUTE_DEMAND
097058,Olgiate Molgora,013007,Alzate Brianza,2.000000000,OTHER_EXTERNAL,false,false,NOT_SELF,MUNICIPAL_WORK_OD_WEIGHT_NOT_BUS_RIDERSHIP_NOT_ROUTE_DEMAND
097058,Olgiate Molgora,016009,Ambivere,2.000000000,OTHER_EXTERNAL,false,false,NOT_SELF,MUNICIPAL_WORK_OD_WEIGHT_NOT_BUS_RIDERSHIP_NOT_ROUTE_DEMAND
097058,Olgiate Molgora,013009,Anzano del Parco,2.000000000,OTHER_EXTERNAL,false,false,NOT_SELF,MUNICIPAL_WORK_OD_WEIGHT_NOT_BUS_RIDERSHIP_NOT_ROUTE_DEMAND
097058,Olgiate Molgora,015011,Assago,2.000000000,OTHER_EXTERNAL,false,false,NOT_SELF,MUNICIPAL_WORK_OD_WEIGHT_NOT_BUS_RIDERSHIP_NOT_ROUTE_DEMAND
097058,Olgiate Molgora,016016,Azzano San Paolo,2.000000000,OTHER_EXTERNAL,false,false,NOT_SELF,MUNICIPAL_WORK_OD_WEIGHT_NOT_BUS_RIDERSHIP_NOT_ROUTE_DEMAND
097058,Olgiate Molgora,108006,Bellusco,2.000000000,OTHER_EXTERNAL,false,false,NOT_SELF,MUNICIPAL_WORK_OD_WEIGHT_NOT_BUS_RIDERSHIP_NOT_ROUTE_DEMAND
097058,Olgiate Molgora,016030,Bonate Sopra,2.000000000,OTHER_EXTERNAL,false,false,NOT_SELF,MUNICIPAL_WORK_OD_WEIGHT_NOT_BUS_RIDERSHIP_NOT_ROUTE_DEMAND
097058,Olgiate Molgora,017029,Brescia,2.000000000,OTHER_EXTERNAL,false,false,NOT_SELF,MUNICIPAL_WORK_OD_WEIGHT_NOT_BUS_RIDERSHIP_NOT_ROUTE_DEMAND
097058,Olgiate Molgora,013041,Cantù,2.000000000,OTHER_EXTERNAL,false,false,NOT_SELF,MUNICIPAL_WORK_OD_WEIGHT_NOT_BUS_RIDERSHIP_NOT_ROUTE_DEMAND
097058,Olgiate Molgora,016062,Castelli Calepio,2.000000000,OTHER_EXTERNAL,false,false,NOT_SELF,MUNICIPAL_WORK_OD_WEIGHT_NOT_BUS_RIDERSHIP_NOT_ROUTE_DEMAND
097058,Olgiate Molgora,108019,Cesano Maderno,2.000000000,OTHER_EXTERNAL,false,false,NOT_SELF,MUNICIPAL_WORK_OD_WEIGHT_NOT_BUS_RIDERSHIP_NOT_ROUTE_DEMAND
097058,Olgiate Molgora,016072,Chignolo d'Isola,2.000000000,OTHER_EXTERNAL,false,false,NOT_SELF,MUNICIPAL_WORK_OD_WEIGHT_NOT_BUS_RIDERSHIP_NOT_ROUTE_DEMAND
097058,Olgiate Molgora,016091,Dalmine,2.000000000,OTHER_EXTERNAL,false,false,NOT_SELF,MUNICIPAL_WORK_OD_WEIGHT_NOT_BUS_RIDERSHIP_NOT_ROUTE_DEMAND
097058,Olgiate Molgora,015106,Gessate,2.000000000,OTHER_EXTERNAL,false,false,NOT_SELF,MUNICIPAL_WORK_OD_WEIGHT_NOT_BUS_RIDERSHIP_NOT_ROUTE_DEMAND
097058,Olgiate Molgora,016117,Grassobbio,2.000000000,OTHER_EXTERNAL,false,false,NOT_SELF,MUNICIPAL_WORK_OD_WEIGHT_NOT_BUS_RIDERSHIP_NOT_ROUTE_DEMAND
097058,Olgiate Molgora,015118,Legnano,2.000000000,OTHER_EXTERNAL,false,false,NOT_SELF,MUNICIPAL_WORK_OD_WEIGHT_NOT_BUS_RIDERSHIP_NOT_ROUTE_DEMAND
097058,Olgiate Molgora,016132,Mapello,2.000000000,OTHER_EXTERNAL,false,false,NOT_SELF,MUNICIPAL_WORK_OD_WEIGHT_NOT_BUS_RIDERSHIP_NOT_ROUTE_DEMAND
097058,Olgiate Molgora,016250,Medolago,2.000000000,OTHER_EXTERNAL,false,false,NOT_SELF,MUNICIPAL_WORK_OD_WEIGHT_NOT_BUS_RIDERSHIP_NOT_ROUTE_DEMAND
097058,Olgiate Molgora,015157,Novate Milanese,2.000000000,OTHER_EXTERNAL,false,false,NOT_SELF,MUNICIPAL_WORK_OD_WEIGHT_NOT_BUS_RIDERSHIP_NOT_ROUTE_DEMAND
097058,Olgiate Molgora,016150,Orio al Serio,2.000000000,OTHER_EXTERNAL,false,false,NOT_SELF,MUNICIPAL_WORK_OD_WEIGHT_NOT_BUS_RIDERSHIP_NOT_ROUTE_DEMAND
097058,Olgiate Molgora,015166,Paderno Dugnano,2.000000000,OTHER_EXTERNAL,false,false,NOT_SELF,MUNICIPAL_WORK_OD_WEIGHT_NOT_BUS_RIDERSHIP_NOT_ROUTE_DEMAND
097058,Olgiate Molgora,015170,Pero,2.000000000,OTHER_EXTERNAL,false,false,NOT_SELF,MUNICIPAL_WORK_OD_WEIGHT_NOT_BUS_RIDERSHIP_NOT_ROUTE_DEMAND
097058,Olgiate Molgora,015179,Pregnana Milanese,2.000000000,OTHER_EXTERNAL,false,false,NOT_SELF,MUNICIPAL_WORK_OD_WEIGHT_NOT_BUS_RIDERSHIP_NOT_ROUTE_DEMAND
097058,Olgiate Molgora,108037,Renate,2.000000000,OTHER_EXTERNAL,false,false,NOT_SELF,MUNICIPAL_WORK_OD_WEIGHT_NOT_BUS_RIDERSHIP_NOT_ROUTE_DEMAND
097058,Olgiate Molgora,015189,Rozzano,2.000000000,OTHER_EXTERNAL,false,false,NOT_SELF,MUNICIPAL_WORK_OD_WEIGHT_NOT_BUS_RIDERSHIP_NOT_ROUTE_DEMAND
097058,Olgiate Molgora,015192,San Donato Milanese,2.000000000,OTHER_EXTERNAL,false,false,NOT_SELF,MUNICIPAL_WORK_OD_WEIGHT_NOT_BUS_RIDERSHIP_NOT_ROUTE_DEMAND
097058,Olgiate Molgora,015195,San Giuliano Milanese,2.000000000,OTHER_EXTERNAL,false,false,NOT_SELF,MUNICIPAL_WORK_OD_WEIGHT_NOT_BUS_RIDERSHIP_NOT_ROUTE_DEMAND
097058,Olgiate Molgora,108041,Sovico,2.000000000,OTHER_EXTERNAL,false,false,NOT_SELF,MUNICIPAL_WORK_OD_WEIGHT_NOT_BUS_RIDERSHIP_NOT_ROUTE_DEMAND
097058,Olgiate Molgora,016209,Suisio,2.000000000,OTHER_EXTERNAL,false,false,NOT_SELF,MUNICIPAL_WORK_OD_WEIGHT_NOT_BUS_RIDERSHIP_NOT_ROUTE_DEMAND
097058,Olgiate Molgora,108046,Vedano al Lambro,2.000000000,OTHER_EXTERNAL,false,false,NOT_SELF,MUNICIPAL_WORK_OD_WEIGHT_NOT_BUS_RIDERSHIP_NOT_ROUTE_DEMAND
097058,Olgiate Molgora,108047,Veduggio con Colzano,2.000000000,OTHER_EXTERNAL,false,false,NOT_SELF,MUNICIPAL_WORK_OD_WEIGHT_NOT_BUS_RIDERSHIP_NOT_ROUTE_DEMAND
097058,Olgiate Molgora,018177,Vigevano,2.000000000,OTHER_EXTERNAL,false,false,NOT_SELF,MUNICIPAL_WORK_OD_WEIGHT_NOT_BUS_RIDERSHIP_NOT_ROUTE_DEMAND
097058,Olgiate Molgora,108002,Aicurzio,1.000000000,OTHER_EXTERNAL,false,false,NOT_SELF,MUNICIPAL_WORK_OD_WEIGHT_NOT_BUS_RIDERSHIP_NOT_ROUTE_DEMAND
097058,Olgiate Molgora,013004,Albese con Cassano,1.000000000,OTHER_EXTERNAL,false,false,NOT_SELF,MUNICIPAL_WORK_OD_WEIGHT_NOT_BUS_RIDERSHIP_NOT_ROUTE_DEMAND
097058,Olgiate Molgora,016006,Almenno San Bartolomeo,1.000000000,OTHER_EXTERNAL,false,false,NOT_SELF,MUNICIPAL_WORK_OD_WEIGHT_NOT_BUS_RIDERSHIP_NOT_ROUTE_DEMAND
097058,Olgiate Molgora,097003,Annone di Brianza,1.000000000,OTHER_EXTERNAL,false,false,NOT_SELF,MUNICIPAL_WORK_OD_WEIGHT_NOT_BUS_RIDERSHIP_NOT_ROUTE_DEMAND
097058,Olgiate Molgora,015009,Arese,1.000000000,OTHER_EXTERNAL,false,false,NOT_SELF,MUNICIPAL_WORK_OD_WEIGHT_NOT_BUS_RIDERSHIP_NOT_ROUTE_DEMAND
097058,Olgiate Molgora,013012,Arosio,1.000000000,OTHER_EXTERNAL,false,false,NOT_SELF,MUNICIPAL_WORK_OD_WEIGHT_NOT_BUS_RIDERSHIP_NOT_ROUTE_DEMAND
097058,Olgiate Molgora,012008,Barasso,1.000000000,OTHER_EXTERNAL,false,false,NOT_SELF,MUNICIPAL_WORK_OD_WEIGHT_NOT_BUS_RIDERSHIP_NOT_ROUTE_DEMAND
097058,Olgiate Molgora,015014,Basiano,1.000000000,OTHER_EXTERNAL,false,false,NOT_SELF,MUNICIPAL_WORK_OD_WEIGHT_NOT_BUS_RIDERSHIP_NOT_ROUTE_DEMAND
097058,Olgiate Molgora,015024,Binasco,1.000000000,OTHER_EXTERNAL,false,false,NOT_SELF,MUNICIPAL_WORK_OD_WEIGHT_NOT_BUS_RIDERSHIP_NOT_ROUTE_DEMAND
097058,Olgiate Molgora,012016,Bodio Lomnago,1.000000000,OTHER_EXTERNAL,false,false,NOT_SELF,MUNICIPAL_WORK_OD_WEIGHT_NOT_BUS_RIDERSHIP_NOT_ROUTE_DEMAND
097058,Olgiate Molgora,016029,Boltiere,1.000000000,OTHER_EXTERNAL,false,false,NOT_SELF,MUNICIPAL_WORK_OD_WEIGHT_NOT_BUS_RIDERSHIP_NOT_ROUTE_DEMAND
097058,Olgiate Molgora,108011,Briosco,1.000000000,OTHER_EXTERNAL,false,false,NOT_SELF,MUNICIPAL_WORK_OD_WEIGHT_NOT_BUS_RIDERSHIP_NOT_ROUTE_DEMAND
097058,Olgiate Molgora,012026,Busto Arsizio,1.000000000,OTHER_EXTERNAL,false,false,NOT_SELF,MUNICIPAL_WORK_OD_WEIGHT_NOT_BUS_RIDERSHIP_NOT_ROUTE_DEMAND
097058,Olgiate Molgora,108014,Camparada,1.000000000,OTHER_EXTERNAL,false,false,NOT_SELF,MUNICIPAL_WORK_OD_WEIGHT_NOT_BUS_RIDERSHIP_NOT_ROUTE_DEMAND
097058,Olgiate Molgora,108052,Caponago,1.000000000,OTHER_EXTERNAL,false,false,NOT_SELF,MUNICIPAL_WORK_OD_WEIGHT_NOT_BUS_RIDERSHIP_NOT_ROUTE_DEMAND
097058,Olgiate Molgora,016051,Capriate San Gervasio,1.000000000,OTHER_EXTERNAL,false,false,NOT_SELF,MUNICIPAL_WORK_OD_WEIGHT_NOT_BUS_RIDERSHIP_NOT_ROUTE_DEMAND
097058,Olgiate Molgora,016052,Caprino Bergamasco,1.000000000,OTHER_EXTERNAL,false,false,NOT_SELF,MUNICIPAL_WORK_OD_WEIGHT_NOT_BUS_RIDERSHIP_NOT_ROUTE_DEMAND
097058,Olgiate Molgora,015050,Carpiano,1.000000000,OTHER_EXTERNAL,false,false,NOT_SELF,MUNICIPAL_WORK_OD_WEIGHT_NOT_BUS_RIDERSHIP_NOT_ROUTE_DEMAND
097058,Olgiate Molgora,012040,Cassano Magnago,1.000000000,OTHER_EXTERNAL,false,false,NOT_SELF,MUNICIPAL_WORK_OD_WEIGHT_NOT_BUS_RIDERSHIP_NOT_ROUTE_DEMAND
097058,Olgiate Molgora,015060,Cassina de' Pecchi,1.000000000,OTHER_EXTERNAL,false,false,NOT_SELF,MUNICIPAL_WORK_OD_WEIGHT_NOT_BUS_RIDERSHIP_NOT_ROUTE_DEMAND
097058,Olgiate Molgora,017042,Castel Mella,1.000000000,OTHER_EXTERNAL,false,false,NOT_SELF,MUNICIPAL_WORK_OD_WEIGHT_NOT_BUS_RIDERSHIP_NOT_ROUTE_DEMAND
097058,Olgiate Molgora,012046,Castiglione Olona,1.000000000,OTHER_EXTERNAL,false,false,NOT_SELF,MUNICIPAL_WORK_OD_WEIGHT_NOT_BUS_RIDERSHIP_NOT_ROUTE_DEMAND
097058,Olgiate Molgora,097022,Civate,1.000000000,OTHER_EXTERNAL,false,false,NOT_SELF,MUNICIPAL_WORK_OD_WEIGHT_NOT_BUS_RIDERSHIP_NOT_ROUTE_DEMAND
097058,Olgiate Molgora,017055,Cividate Camuno,1.000000000,OTHER_EXTERNAL,false,false,NOT_SELF,MUNICIPAL_WORK_OD_WEIGHT_NOT_BUS_RIDERSHIP_NOT_ROUTE_DEMAND
097058,Olgiate Molgora,013251,Colverde,1.000000000,OTHER_EXTERNAL,false,false,NOT_SELF,MUNICIPAL_WORK_OD_WEIGHT_NOT_BUS_RIDERSHIP_NOT_ROUTE_DEMAND
097058,Olgiate Molgora,015086,Cormano,1.000000000,OTHER_EXTERNAL,false,false,NOT_SELF,MUNICIPAL_WORK_OD_WEIGHT_NOT_BUS_RIDERSHIP_NOT_ROUTE_DEMAND
097058,Olgiate Molgora,015093,Corsico,1.000000000,OTHER_EXTERNAL,false,false,NOT_SELF,MUNICIPAL_WORK_OD_WEIGHT_NOT_BUS_RIDERSHIP_NOT_ROUTE_DEMAND
097058,Olgiate Molgora,017070,Esine,1.000000000,OTHER_EXTERNAL,false,false,NOT_SELF,MUNICIPAL_WORK_OD_WEIGHT_NOT_BUS_RIDERSHIP_NOT_ROUTE_DEMAND
097058,Olgiate Molgora,015105,Garbagnate Milanese,1.000000000,OTHER_EXTERNAL,false,false,NOT_SELF,MUNICIPAL_WORK_OD_WEIGHT_NOT_BUS_RIDERSHIP_NOT_ROUTE_DEMAND
097058,Olgiate Molgora,013107,Gera Lario,1.000000000,OTHER_EXTERNAL,false,false,NOT_SELF,MUNICIPAL_WORK_OD_WEIGHT_NOT_BUS_RIDERSHIP_NOT_ROUTE_DEMAND
097058,Olgiate Molgora,016115,Gorle,1.000000000,OTHER_EXTERNAL,false,false,NOT_SELF,MUNICIPAL_WORK_OD_WEIGHT_NOT_BUS_RIDERSHIP_NOT_ROUTE_DEMAND
097058,Olgiate Molgora,013110,Grandate,1.000000000,OTHER_EXTERNAL,false,false,NOT_SELF,MUNICIPAL_WORK_OD_WEIGHT_NOT_BUS_RIDERSHIP_NOT_ROUTE_DEMAND
097058,Olgiate Molgora,018076,Gropello Cairoli,1.000000000,OTHER_EXTERNAL,false,false,NOT_SELF,MUNICIPAL_WORK_OD_WEIGHT_NOT_BUS_RIDERSHIP_NOT_ROUTE_DEMAND
097058,Olgiate Molgora,013228,ISTAT code 013228 (not mapped in 2026 boundaries),1.000000000,OTHER_EXTERNAL,false,false,NOT_SELF,MUNICIPAL_WORK_OD_WEIGHT_NOT_BUS_RIDERSHIP_NOT_ROUTE_DEMAND
097058,Olgiate Molgora,097039,Imbersago,1.000000000,OTHER_EXTERNAL,false,false,NOT_SELF,MUNICIPAL_WORK_OD_WEIGHT_NOT_BUS_RIDERSHIP_NOT_ROUTE_DEMAND
097058,Olgiate Molgora,013118,Inverigo,1.000000000,OTHER_EXTERNAL,false,false,NOT_SELF,MUNICIPAL_WORK_OD_WEIGHT_NOT_BUS_RIDERSHIP_NOT_ROUTE_DEMAND
097058,Olgiate Molgora,015114,Inzago,1.000000000,OTHER_EXTERNAL,false,false,NOT_SELF,MUNICIPAL_WORK_OD_WEIGHT_NOT_BUS_RIDERSHIP_NOT_ROUTE_DEMAND
097058,Olgiate Molgora,013121,Lambrugo,1.000000000,OTHER_EXTERNAL,false,false,NOT_SELF,MUNICIPAL_WORK_OD_WEIGHT_NOT_BUS_RIDERSHIP_NOT_ROUTE_DEMAND
097058,Olgiate Molgora,108054,Lentate sul Seveso,1.000000000,OTHER_EXTERNAL,false,false,NOT_SELF,MUNICIPAL_WORK_OD_WEIGHT_NOT_BUS_RIDERSHIP_NOT_ROUTE_DEMAND
097058,Olgiate Molgora,108026,Lesmo,1.000000000,OTHER_EXTERNAL,false,false,NOT_SELF,MUNICIPAL_WORK_OD_WEIGHT_NOT_BUS_RIDERSHIP_NOT_ROUTE_DEMAND
097058,Olgiate Molgora,098031,Lodi,1.000000000,OTHER_EXTERNAL,false,false,NOT_SELF,MUNICIPAL_WORK_OD_WEIGHT_NOT_BUS_RIDERSHIP_NOT_ROUTE_DEMAND
097058,Olgiate Molgora,097046,Mandello del Lario,1.000000000,OTHER_EXTERNAL,false,false,NOT_SELF,MUNICIPAL_WORK_OD_WEIGHT_NOT_BUS_RIDERSHIP_NOT_ROUTE_DEMAND
097058,Olgiate Molgora,108030,Meda,1.000000000,OTHER_EXTERNAL,false,false,NOT_SELF,MUNICIPAL_WORK_OD_WEIGHT_NOT_BUS_RIDERSHIP_NOT_ROUTE_DEMAND
097058,Olgiate Molgora,015142,Melzo,1.000000000,OTHER_EXTERNAL,false,false,NOT_SELF,MUNICIPAL_WORK_OD_WEIGHT_NOT_BUS_RIDERSHIP_NOT_ROUTE_DEMAND
097058,Olgiate Molgora,098040,Montanaso Lombardo,1.000000000,OTHER_EXTERNAL,false,false,NOT_SELF,MUNICIPAL_WORK_OD_WEIGHT_NOT_BUS_RIDERSHIP_NOT_ROUTE_DEMAND
097058,Olgiate Molgora,108034,Muggiò,1.000000000,OTHER_EXTERNAL,false,false,NOT_SELF,MUNICIPAL_WORK_OD_WEIGHT_NOT_BUS_RIDERSHIP_NOT_ROUTE_DEMAND
097058,Olgiate Molgora,015154,Nerviano,1.000000000,OTHER_EXTERNAL,false,false,NOT_SELF,MUNICIPAL_WORK_OD_WEIGHT_NOT_BUS_RIDERSHIP_NOT_ROUTE_DEMAND
097058,Olgiate Molgora,108035,Nova Milanese,1.000000000,OTHER_EXTERNAL,false,false,NOT_SELF,MUNICIPAL_WORK_OD_WEIGHT_NOT_BUS_RIDERSHIP_NOT_ROUTE_DEMAND
097058,Olgiate Molgora,016145,Olmo al Brembo,1.000000000,OTHER_EXTERNAL,false,false,NOT_SELF,MUNICIPAL_WORK_OD_WEIGHT_NOT_BUS_RIDERSHIP_NOT_ROUTE_DEMAND
097058,Olgiate Molgora,017133,Palazzolo sull'Oglio,1.000000000,OTHER_EXTERNAL,false,false,NOT_SELF,MUNICIPAL_WORK_OD_WEIGHT_NOT_BUS_RIDERSHIP_NOT_ROUTE_DEMAND
097058,Olgiate Molgora,017137,Pavone del Mella,1.000000000,OTHER_EXTERNAL,false,false,NOT_SELF,MUNICIPAL_WORK_OD_WEIGHT_NOT_BUS_RIDERSHIP_NOT_ROUTE_DEMAND
097058,Olgiate Molgora,097068,Pescate,1.000000000,OTHER_EXTERNAL,false,false,NOT_SELF,MUNICIPAL_WORK_OD_WEIGHT_NOT_BUS_RIDERSHIP_NOT_ROUTE_DEMAND
097058,Olgiate Molgora,015175,Pioltello,1.000000000,OTHER_EXTERNAL,false,false,NOT_SELF,MUNICIPAL_WORK_OD_WEIGHT_NOT_BUS_RIDERSHIP_NOT_ROUTE_DEMAND
097058,Olgiate Molgora,013188,Ponte Lambro,1.000000000,OTHER_EXTERNAL,false,false,NOT_SELF,MUNICIPAL_WORK_OD_WEIGHT_NOT_BUS_RIDERSHIP_NOT_ROUTE_DEMAND
097058,Olgiate Molgora,015177,Pozzo d'Adda,1.000000000,OTHER_EXTERNAL,false,false,NOT_SELF,MUNICIPAL_WORK_OD_WEIGHT_NOT_BUS_RIDERSHIP_NOT_ROUTE_DEMAND
097058,Olgiate Molgora,015178,Pozzuolo Martesana,1.000000000,OTHER_EXTERNAL,false,false,NOT_SELF,MUNICIPAL_WORK_OD_WEIGHT_NOT_BUS_RIDERSHIP_NOT_ROUTE_DEMAND
097058,Olgiate Molgora,015182,Rho,1.000000000,OTHER_EXTERNAL,false,false,NOT_SELF,MUNICIPAL_WORK_OD_WEIGHT_NOT_BUS_RIDERSHIP_NOT_ROUTE_DEMAND
097058,Olgiate Molgora,016183,Romano di Lombardia,1.000000000,OTHER_EXTERNAL,false,false,NOT_SELF,MUNICIPAL_WORK_OD_WEIGHT_NOT_BUS_RIDERSHIP_NOT_ROUTE_DEMAND
097058,Olgiate Molgora,029041,Rovigo,1.000000000,OTHER_EXTERNAL,false,false,NOT_SELF,MUNICIPAL_WORK_OD_WEIGHT_NOT_BUS_RIDERSHIP_NOT_ROUTE_DEMAND
097058,Olgiate Molgora,012118,Samarate,1.000000000,OTHER_EXTERNAL,false,false,NOT_SELF,MUNICIPAL_WORK_OD_WEIGHT_NOT_BUS_RIDERSHIP_NOT_ROUTE_DEMAND
097058,Olgiate Molgora,016252,Sant'Omobono Terme,1.000000000,OTHER_EXTERNAL,false,false,NOT_SELF,MUNICIPAL_WORK_OD_WEIGHT_NOT_BUS_RIDERSHIP_NOT_ROUTE_DEMAND
097058,Olgiate Molgora,012119,Saronno,1.000000000,OTHER_EXTERNAL,false,false,NOT_SELF,MUNICIPAL_WORK_OD_WEIGHT_NOT_BUS_RIDERSHIP_NOT_ROUTE_DEMAND
097058,Olgiate Molgora,016194,Scanzorosciate,1.000000000,OTHER_EXTERNAL,false,false,NOT_SELF,MUNICIPAL_WORK_OD_WEIGHT_NOT_BUS_RIDERSHIP_NOT_ROUTE_DEMAND
097058,Olgiate Molgora,015210,Settala,1.000000000,OTHER_EXTERNAL,false,false,NOT_SELF,MUNICIPAL_WORK_OD_WEIGHT_NOT_BUS_RIDERSHIP_NOT_ROUTE_DEMAND
097058,Olgiate Molgora,108040,Seveso,1.000000000,OTHER_EXTERNAL,false,false,NOT_SELF,MUNICIPAL_WORK_OD_WEIGHT_NOT_BUS_RIDERSHIP_NOT_ROUTE_DEMAND
097058,Olgiate Molgora,013255,Solbiate con Cagno,1.000000000,OTHER_EXTERNAL,false,false,NOT_SELF,MUNICIPAL_WORK_OD_WEIGHT_NOT_BUS_RIDERSHIP_NOT_ROUTE_DEMAND
097058,Olgiate Molgora,016251,Solza,1.000000000,OTHER_EXTERNAL,false,false,NOT_SELF,MUNICIPAL_WORK_OD_WEIGHT_NOT_BUS_RIDERSHIP_NOT_ROUTE_DEMAND
097058,Olgiate Molgora,014061,Sondrio,1.000000000,OTHER_EXTERNAL,false,false,NOT_SELF,MUNICIPAL_WORK_OD_WEIGHT_NOT_BUS_RIDERSHIP_NOT_ROUTE_DEMAND
097058,Olgiate Molgora,016212,Telgate,1.000000000,OTHER_EXTERNAL,false,false,NOT_SELF,MUNICIPAL_WORK_OD_WEIGHT_NOT_BUS_RIDERSHIP_NOT_ROUTE_DEMAND
097058,Olgiate Molgora,017186,Torbole Casaglia,1.000000000,OTHER_EXTERNAL,false,false,NOT_SELF,MUNICIPAL_WORK_OD_WEIGHT_NOT_BUS_RIDERSHIP_NOT_ROUTE_DEMAND
097058,Olgiate Molgora,016218,Trescore Balneario,1.000000000,OTHER_EXTERNAL,false,false,NOT_SELF,MUNICIPAL_WORK_OD_WEIGHT_NOT_BUS_RIDERSHIP_NOT_ROUTE_DEMAND
097058,Olgiate Molgora,015219,Trezzano Rosa,1.000000000,OTHER_EXTERNAL,false,false,NOT_SELF,MUNICIPAL_WORK_OD_WEIGHT_NOT_BUS_RIDERSHIP_NOT_ROUTE_DEMAND
097058,Olgiate Molgora,015220,Trezzano sul Naviglio,1.000000000,OTHER_EXTERNAL,false,false,NOT_SELF,MUNICIPAL_WORK_OD_WEIGHT_NOT_BUS_RIDERSHIP_NOT_ROUTE_DEMAND
097058,Olgiate Molgora,108045,Varedo,1.000000000,OTHER_EXTERNAL,false,false,NOT_SELF,MUNICIPAL_WORK_OD_WEIGHT_NOT_BUS_RIDERSHIP_NOT_ROUTE_DEMAND
097058,Olgiate Molgora,012133,Varese,1.000000000,OTHER_EXTERNAL,false,false,NOT_SELF,MUNICIPAL_WORK_OD_WEIGHT_NOT_BUS_RIDERSHIP_NOT_ROUTE_DEMAND
097058,Olgiate Molgora,108048,Verano Brianza,1.000000000,OTHER_EXTERNAL,false,false,NOT_SELF,MUNICIPAL_WORK_OD_WEIGHT_NOT_BUS_RIDERSHIP_NOT_ROUTE_DEMAND
097058,Olgiate Molgora,103072,Verbania,1.000000000,OTHER_EXTERNAL,false,false,NOT_SELF,MUNICIPAL_WORK_OD_WEIGHT_NOT_BUS_RIDERSHIP_NOT_ROUTE_DEMAND
097058,Olgiate Molgora,016240,Villa di Serio,1.000000000,OTHER_EXTERNAL,false,false,NOT_SELF,MUNICIPAL_WORK_OD_WEIGHT_NOT_BUS_RIDERSHIP_NOT_ROUTE_DEMAND
097074,Santa Maria Hoè,097074,Santa Maria Hoè,112.000000000,SELF,false,false,SELF_MUNICIPAL_OD_UNRESOLVED,MUNICIPAL_WORK_OD_WEIGHT_NOT_BUS_RIDERSHIP_NOT_ROUTE_DEMAND
097074,Santa Maria Hoè,097092,La Valletta Brianza,83.000000000,OTHER_CORE,true,true,NOT_SELF,MUNICIPAL_WORK_OD_WEIGHT_NOT_BUS_RIDERSHIP_NOT_ROUTE_DEMAND
097074,Santa Maria Hoè,097048,Merate,66.000000000,OTHER_EXTERNAL,true,true,NOT_SELF,MUNICIPAL_WORK_OD_WEIGHT_NOT_BUS_RIDERSHIP_NOT_ROUTE_DEMAND
097074,Santa Maria Hoè,097042,Lecco,50.000000000,S8_DIRECT,false,false,NOT_SELF,MUNICIPAL_WORK_OD_WEIGHT_NOT_BUS_RIDERSHIP_NOT_ROUTE_DEMAND
097074,Santa Maria Hoè,097058,Olgiate Molgora,49.000000000,OTHER_CORE,true,true,NOT_SELF,MUNICIPAL_WORK_OD_WEIGHT_NOT_BUS_RIDERSHIP_NOT_ROUTE_DEMAND
097074,Santa Maria Hoè,015146,Milano,28.000000000,S8_DIRECT,false,false,NOT_SELF,MUNICIPAL_WORK_OD_WEIGHT_NOT_BUS_RIDERSHIP_NOT_ROUTE_DEMAND
097074,Santa Maria Hoè,097012,Calco,21.000000000,OTHER_CORE,true,true,NOT_SELF,MUNICIPAL_WORK_OD_WEIGHT_NOT_BUS_RIDERSHIP_NOT_ROUTE_DEMAND
097074,Santa Maria Hoè,097005,Barzago,20.000000000,OTHER_EXTERNAL,false,false,NOT_SELF,MUNICIPAL_WORK_OD_WEIGHT_NOT_BUS_RIDERSHIP_NOT_ROUTE_DEMAND
097074,Santa Maria Hoè,097006,Barzanò,20.000000000,OTHER_EXTERNAL,false,false,NOT_SELF,MUNICIPAL_WORK_OD_WEIGHT_NOT_BUS_RIDERSHIP_NOT_ROUTE_DEMAND
097074,Santa Maria Hoè,097020,Cernusco Lombardone,17.000000000,S8_DIRECT,false,false,NOT_SELF,MUNICIPAL_WORK_OD_WEIGHT_NOT_BUS_RIDERSHIP_NOT_ROUTE_DEMAND
097074,Santa Maria Hoè,097049,Missaglia,13.000000000,OTHER_EXTERNAL,false,false,NOT_SELF,MUNICIPAL_WORK_OD_WEIGHT_NOT_BUS_RIDERSHIP_NOT_ROUTE_DEMAND
097074,Santa Maria Hoè,097076,Sirtori,13.000000000,OTHER_EXTERNAL,false,false,NOT_SELF,MUNICIPAL_WORK_OD_WEIGHT_NOT_BUS_RIDERSHIP_NOT_ROUTE_DEMAND
097074,Santa Maria Hoè,097031,Dolzago,12.000000000,OTHER_EXTERNAL,false,false,NOT_SELF,MUNICIPAL_WORK_OD_WEIGHT_NOT_BUS_RIDERSHIP_NOT_ROUTE_DEMAND
097074,Santa Maria Hoè,097037,Garbagnate Monastero,12.000000000,OTHER_EXTERNAL,false,false,NOT_SELF,MUNICIPAL_WORK_OD_WEIGHT_NOT_BUS_RIDERSHIP_NOT_ROUTE_DEMAND
097074,Santa Maria Hoè,097019,Castello di Brianza,11.000000000,OTHER_EXTERNAL,true,true,NOT_SELF,MUNICIPAL_WORK_OD_WEIGHT_NOT_BUS_RIDERSHIP_NOT_ROUTE_DEMAND
097074,Santa Maria Hoè,097016,Casatenovo,9.000000000,OTHER_EXTERNAL,false,false,NOT_SELF,MUNICIPAL_WORK_OD_WEIGHT_NOT_BUS_RIDERSHIP_NOT_ROUTE_DEMAND
097074,Santa Maria Hoè,097028,Cremella,9.000000000,OTHER_EXTERNAL,false,false,NOT_SELF,MUNICIPAL_WORK_OD_WEIGHT_NOT_BUS_RIDERSHIP_NOT_ROUTE_DEMAND
097074,Santa Maria Hoè,097051,Molteno,9.000000000,OTHER_EXTERNAL,false,false,NOT_SELF,MUNICIPAL_WORK_OD_WEIGHT_NOT_BUS_RIDERSHIP_NOT_ROUTE_DEMAND
097074,Santa Maria Hoè,097057,Oggiono,9.000000000,OTHER_EXTERNAL,false,false,NOT_SELF,MUNICIPAL_WORK_OD_WEIGHT_NOT_BUS_RIDERSHIP_NOT_ROUTE_DEMAND
097074,Santa Maria Hoè,097083,Valmadrera,9.000000000,OTHER_EXTERNAL,false,false,NOT_SELF,MUNICIPAL_WORK_OD_WEIGHT_NOT_BUS_RIDERSHIP_NOT_ROUTE_DEMAND
097074,Santa Maria Hoè,097011,Bulciago,8.000000000,OTHER_EXTERNAL,false,false,NOT_SELF,MUNICIPAL_WORK_OD_WEIGHT_NOT_BUS_RIDERSHIP_NOT_ROUTE_DEMAND
097074,Santa Maria Hoè,097044,Lomagna,8.000000000,OTHER_EXTERNAL,false,false,NOT_SELF,MUNICIPAL_WORK_OD_WEIGHT_NOT_BUS_RIDERSHIP_NOT_ROUTE_DEMAND
097074,Santa Maria Hoè,097059,Olginate,8.000000000,OTHER_EXTERNAL,false,false,NOT_SELF,MUNICIPAL_WORK_OD_WEIGHT_NOT_BUS_RIDERSHIP_NOT_ROUTE_DEMAND
097074,Santa Maria Hoè,097071,Robbiate,8.000000000,OTHER_EXTERNAL,false,false,NOT_SELF,MUNICIPAL_WORK_OD_WEIGHT_NOT_BUS_RIDERSHIP_NOT_ROUTE_DEMAND
097074,Santa Maria Hoè,108044,Usmate Velate,8.000000000,OTHER_EXTERNAL,false,false,NOT_SELF,MUNICIPAL_WORK_OD_WEIGHT_NOT_BUS_RIDERSHIP_NOT_ROUTE_DEMAND
097074,Santa Maria Hoè,097091,Verderio,8.000000000,OTHER_EXTERNAL,false,false,NOT_SELF,MUNICIPAL_WORK_OD_WEIGHT_NOT_BUS_RIDERSHIP_NOT_ROUTE_DEMAND
097074,Santa Maria Hoè,097010,Brivio,7.000000000,OTHER_CORE,true,true,NOT_SELF,MUNICIPAL_WORK_OD_WEIGHT_NOT_BUS_RIDERSHIP_NOT_ROUTE_DEMAND
097074,Santa Maria Hoè,097056,Nibionno,7.000000000,OTHER_EXTERNAL,false,false,NOT_SELF,MUNICIPAL_WORK_OD_WEIGHT_NOT_BUS_RIDERSHIP_NOT_ROUTE_DEMAND
097074,Santa Maria Hoè,097061,Osnago,7.000000000,S8_DIRECT,false,false,NOT_SELF,MUNICIPAL_WORK_OD_WEIGHT_NOT_BUS_RIDERSHIP_NOT_ROUTE_DEMAND
097074,Santa Maria Hoè,097002,Airuno,6.000000000,S8_DIRECT,true,true,NOT_SELF,MUNICIPAL_WORK_OD_WEIGHT_NOT_BUS_RIDERSHIP_NOT_ROUTE_DEMAND
097074,Santa Maria Hoè,108008,Besana in Brianza,6.000000000,OTHER_EXTERNAL,false,false,NOT_SELF,MUNICIPAL_WORK_OD_WEIGHT_NOT_BUS_RIDERSHIP_NOT_ROUTE_DEMAND
097074,Santa Maria Hoè,097009,Bosisio Parini,6.000000000,OTHER_EXTERNAL,false,false,NOT_SELF,MUNICIPAL_WORK_OD_WEIGHT_NOT_BUS_RIDERSHIP_NOT_ROUTE_DEMAND
097074,Santa Maria Hoè,097024,Colle Brianza,6.000000000,OTHER_EXTERNAL,true,true,NOT_SELF,MUNICIPAL_WORK_OD_WEIGHT_NOT_BUS_RIDERSHIP_NOT_ROUTE_DEMAND
097074,Santa Maria Hoè,108033,Monza,6.000000000,S8_DIRECT,false,false,NOT_SELF,MUNICIPAL_WORK_OD_WEIGHT_NOT_BUS_RIDERSHIP_NOT_ROUTE_DEMAND
097074,Santa Maria Hoè,097075,Sirone,6.000000000,OTHER_EXTERNAL,false,false,NOT_SELF,MUNICIPAL_WORK_OD_WEIGHT_NOT_BUS_RIDERSHIP_NOT_ROUTE_DEMAND
097074,Santa Maria Hoè,108050,Vimercate,6.000000000,OTHER_EXTERNAL,false,false,NOT_SELF,MUNICIPAL_WORK_OD_WEIGHT_NOT_BUS_RIDERSHIP_NOT_ROUTE_DEMAND
097074,Santa Maria Hoè,097090,Viganò,5.000000000,OTHER_EXTERNAL,false,false,NOT_SELF,MUNICIPAL_WORK_OD_WEIGHT_NOT_BUS_RIDERSHIP_NOT_ROUTE_DEMAND
097074,Santa Maria Hoè,108004,Arcore,4.000000000,S8_DIRECT,false,false,NOT_SELF,MUNICIPAL_WORK_OD_WEIGHT_NOT_BUS_RIDERSHIP_NOT_ROUTE_DEMAND
097074,Santa Maria Hoè,108012,Brugherio,4.000000000,OTHER_EXTERNAL,false,false,NOT_SELF,MUNICIPAL_WORK_OD_WEIGHT_NOT_BUS_RIDERSHIP_NOT_ROUTE_DEMAND
097074,Santa Maria Hoè,097013,Calolziocorte,4.000000000,S8_DIRECT,false,false,NOT_SELF,MUNICIPAL_WORK_OD_WEIGHT_NOT_BUS_RIDERSHIP_NOT_ROUTE_DEMAND
097074,Santa Maria Hoè,108016,Carnate,4.000000000,S8_DIRECT,false,false,NOT_SELF,MUNICIPAL_WORK_OD_WEIGHT_NOT_BUS_RIDERSHIP_NOT_ROUTE_DEMAND
097074,Santa Maria Hoè,097026,Costa Masnaga,4.000000000,OTHER_EXTERNAL,false,false,NOT_SELF,MUNICIPAL_WORK_OD_WEIGHT_NOT_BUS_RIDERSHIP_NOT_ROUTE_DEMAND
097074,Santa Maria Hoè,016089,Curno,4.000000000,OTHER_EXTERNAL,false,false,NOT_SELF,MUNICIPAL_WORK_OD_WEIGHT_NOT_BUS_RIDERSHIP_NOT_ROUTE_DEMAND
097074,Santa Maria Hoè,097036,Galbiate,4.000000000,OTHER_EXTERNAL,false,false,NOT_SELF,MUNICIPAL_WORK_OD_WEIGHT_NOT_BUS_RIDERSHIP_NOT_ROUTE_DEMAND
097074,Santa Maria Hoè,097053,Montevecchia,4.000000000,OTHER_EXTERNAL,true,true,NOT_SELF,MUNICIPAL_WORK_OD_WEIGHT_NOT_BUS_RIDERSHIP_NOT_ROUTE_DEMAND
097074,Santa Maria Hoè,097078,Suello,4.000000000,OTHER_EXTERNAL,false,false,NOT_SELF,MUNICIPAL_WORK_OD_WEIGHT_NOT_BUS_RIDERSHIP_NOT_ROUTE_DEMAND
097074,Santa Maria Hoè,015044,Cambiago,3.000000000,OTHER_EXTERNAL,false,false,NOT_SELF,MUNICIPAL_WORK_OD_WEIGHT_NOT_BUS_RIDERSHIP_NOT_ROUTE_DEMAND
097074,Santa Maria Hoè,097017,Cassago Brianza,3.000000000,OTHER_EXTERNAL,false,false,NOT_SELF,MUNICIPAL_WORK_OD_WEIGHT_NOT_BUS_RIDERSHIP_NOT_ROUTE_DEMAND
097074,Santa Maria Hoè,108023,Desio,3.000000000,OTHER_EXTERNAL,false,false,NOT_SELF,MUNICIPAL_WORK_OD_WEIGHT_NOT_BUS_RIDERSHIP_NOT_ROUTE_DEMAND
097074,Santa Maria Hoè,108028,Lissone,3.000000000,OTHER_EXTERNAL,false,false,NOT_SELF,MUNICIPAL_WORK_OD_WEIGHT_NOT_BUS_RIDERSHIP_NOT_ROUTE_DEMAND
097074,Santa Maria Hoè,013136,Lurago d'Erba,3.000000000,OTHER_EXTERNAL,false,false,NOT_SELF,MUNICIPAL_WORK_OD_WEIGHT_NOT_BUS_RIDERSHIP_NOT_ROUTE_DEMAND
097074,Santa Maria Hoè,013009,Anzano del Parco,2.000000000,OTHER_EXTERNAL,false,false,NOT_SELF,MUNICIPAL_WORK_OD_WEIGHT_NOT_BUS_RIDERSHIP_NOT_ROUTE_DEMAND
097074,Santa Maria Hoè,016024,Bergamo,2.000000000,OTHER_EXTERNAL,false,false,NOT_SELF,MUNICIPAL_WORK_OD_WEIGHT_NOT_BUS_RIDERSHIP_NOT_ROUTE_DEMAND
097074,Santa Maria Hoè,017029,Brescia,2.000000000,OTHER_EXTERNAL,false,false,NOT_SELF,MUNICIPAL_WORK_OD_WEIGHT_NOT_BUS_RIDERSHIP_NOT_ROUTE_DEMAND
097074,Santa Maria Hoè,016057,Carvico,2.000000000,OTHER_EXTERNAL,false,false,NOT_SELF,MUNICIPAL_WORK_OD_WEIGHT_NOT_BUS_RIDERSHIP_NOT_ROUTE_DEMAND
097074,Santa Maria Hoè,016074,Cisano Bergamasco,2.000000000,OTHER_EXTERNAL,false,false,NOT_SELF,MUNICIPAL_WORK_OD_WEIGHT_NOT_BUS_RIDERSHIP_NOT_ROUTE_DEMAND
097074,Santa Maria Hoè,013075,Como,2.000000000,OTHER_EXTERNAL,false,false,NOT_SELF,MUNICIPAL_WORK_OD_WEIGHT_NOT_BUS_RIDERSHIP_NOT_ROUTE_DEMAND
097074,Santa Maria Hoè,108053,Cornate d'Adda,2.000000000,OTHER_EXTERNAL,false,false,NOT_SELF,MUNICIPAL_WORK_OD_WEIGHT_NOT_BUS_RIDERSHIP_NOT_ROUTE_DEMAND
097074,Santa Maria Hoè,013095,Erba,2.000000000,OTHER_EXTERNAL,false,false,NOT_SELF,MUNICIPAL_WORK_OD_WEIGHT_NOT_BUS_RIDERSHIP_NOT_ROUTE_DEMAND
097074,Santa Maria Hoè,010025,Genova,2.000000000,OTHER_EXTERNAL,false,false,NOT_SELF,MUNICIPAL_WORK_OD_WEIGHT_NOT_BUS_RIDERSHIP_NOT_ROUTE_DEMAND
097074,Santa Maria Hoè,016132,Mapello,2.000000000,OTHER_EXTERNAL,false,false,NOT_SELF,MUNICIPAL_WORK_OD_WEIGHT_NOT_BUS_RIDERSHIP_NOT_ROUTE_DEMAND
097074,Santa Maria Hoè,097054,Monticello Brianza,2.000000000,OTHER_EXTERNAL,false,false,NOT_SELF,MUNICIPAL_WORK_OD_WEIGHT_NOT_BUS_RIDERSHIP_NOT_ROUTE_DEMAND
097074,Santa Maria Hoè,013170,Orsenigo,2.000000000,OTHER_EXTERNAL,false,false,NOT_SELF,MUNICIPAL_WORK_OD_WEIGHT_NOT_BUS_RIDERSHIP_NOT_ROUTE_DEMAND
097074,Santa Maria Hoè,015166,Paderno Dugnano,2.000000000,OTHER_EXTERNAL,false,false,NOT_SELF,MUNICIPAL_WORK_OD_WEIGHT_NOT_BUS_RIDERSHIP_NOT_ROUTE_DEMAND
097074,Santa Maria Hoè,097062,Paderno d'Adda,2.000000000,OTHER_EXTERNAL,false,false,NOT_SELF,MUNICIPAL_WORK_OD_WEIGHT_NOT_BUS_RIDERSHIP_NOT_ROUTE_DEMAND
097074,Santa Maria Hoè,108055,Roncello,2.000000000,OTHER_EXTERNAL,false,false,NOT_SELF,MUNICIPAL_WORK_OD_WEIGHT_NOT_BUS_RIDERSHIP_NOT_ROUTE_DEMAND
097074,Santa Maria Hoè,015192,San Donato Milanese,2.000000000,OTHER_EXTERNAL,false,false,NOT_SELF,MUNICIPAL_WORK_OD_WEIGHT_NOT_BUS_RIDERSHIP_NOT_ROUTE_DEMAND
097074,Santa Maria Hoè,012119,Saronno,2.000000000,OTHER_EXTERNAL,false,false,NOT_SELF,MUNICIPAL_WORK_OD_WEIGHT_NOT_BUS_RIDERSHIP_NOT_ROUTE_DEMAND
097074,Santa Maria Hoè,108039,Seregno,2.000000000,OTHER_EXTERNAL,false,false,NOT_SELF,MUNICIPAL_WORK_OD_WEIGHT_NOT_BUS_RIDERSHIP_NOT_ROUTE_DEMAND
097074,Santa Maria Hoè,015209,Sesto San Giovanni,2.000000000,S8_DIRECT,false,false,NOT_SELF,MUNICIPAL_WORK_OD_WEIGHT_NOT_BUS_RIDERSHIP_NOT_ROUTE_DEMAND
097074,Santa Maria Hoè,016213,Terno d'Isola,2.000000000,OTHER_EXTERNAL,false,false,NOT_SELF,MUNICIPAL_WORK_OD_WEIGHT_NOT_BUS_RIDERSHIP_NOT_ROUTE_DEMAND
097074,Santa Maria Hoè,012127,Tradate,2.000000000,OTHER_EXTERNAL,false,false,NOT_SELF,MUNICIPAL_WORK_OD_WEIGHT_NOT_BUS_RIDERSHIP_NOT_ROUTE_DEMAND
097074,Santa Maria Hoè,015221,Trezzo sull'Adda,2.000000000,OTHER_EXTERNAL,false,false,NOT_SELF,MUNICIPAL_WORK_OD_WEIGHT_NOT_BUS_RIDERSHIP_NOT_ROUTE_DEMAND
097074,Santa Maria Hoè,108043,Triuggio,2.000000000,OTHER_EXTERNAL,false,false,NOT_SELF,MUNICIPAL_WORK_OD_WEIGHT_NOT_BUS_RIDERSHIP_NOT_ROUTE_DEMAND
097074,Santa Maria Hoè,016238,Villa d'Adda,2.000000000,OTHER_EXTERNAL,false,false,NOT_SELF,MUNICIPAL_WORK_OD_WEIGHT_NOT_BUS_RIDERSHIP_NOT_ROUTE_DEMAND
097074,Santa Maria Hoè,108049,Villasanta,2.000000000,OTHER_EXTERNAL,false,false,NOT_SELF,MUNICIPAL_WORK_OD_WEIGHT_NOT_BUS_RIDERSHIP_NOT_ROUTE_DEMAND
097074,Santa Maria Hoè,013003,Albavilla,1.000000000,OTHER_EXTERNAL,false,false,NOT_SELF,MUNICIPAL_WORK_OD_WEIGHT_NOT_BUS_RIDERSHIP_NOT_ROUTE_DEMAND
097074,Santa Maria Hoè,012002,Albizzate,1.000000000,OTHER_EXTERNAL,false,false,NOT_SELF,MUNICIPAL_WORK_OD_WEIGHT_NOT_BUS_RIDERSHIP_NOT_ROUTE_DEMAND
097074,Santa Maria Hoè,016005,Almè,1.000000000,OTHER_EXTERNAL,false,false,NOT_SELF,MUNICIPAL_WORK_OD_WEIGHT_NOT_BUS_RIDERSHIP_NOT_ROUTE_DEMAND
097074,Santa Maria Hoè,013007,Alzate Brianza,1.000000000,OTHER_EXTERNAL,false,false,NOT_SELF,MUNICIPAL_WORK_OD_WEIGHT_NOT_BUS_RIDERSHIP_NOT_ROUTE_DEMAND
097074,Santa Maria Hoè,016011,Arcene,1.000000000,OTHER_EXTERNAL,false,false,NOT_SELF,MUNICIPAL_WORK_OD_WEIGHT_NOT_BUS_RIDERSHIP_NOT_ROUTE_DEMAND
097074,Santa Maria Hoè,015011,Assago,1.000000000,OTHER_EXTERNAL,false,false,NOT_SELF,MUNICIPAL_WORK_OD_WEIGHT_NOT_BUS_RIDERSHIP_NOT_ROUTE_DEMAND
097074,Santa Maria Hoè,108007,Bernareggio,1.000000000,OTHER_EXTERNAL,false,false,NOT_SELF,MUNICIPAL_WORK_OD_WEIGHT_NOT_BUS_RIDERSHIP_NOT_ROUTE_DEMAND
097074,Santa Maria Hoè,016029,Boltiere,1.000000000,OTHER_EXTERNAL,false,false,NOT_SELF,MUNICIPAL_WORK_OD_WEIGHT_NOT_BUS_RIDERSHIP_NOT_ROUTE_DEMAND
097074,Santa Maria Hoè,016031,Bonate Sotto,1.000000000,OTHER_EXTERNAL,false,false,NOT_SELF,MUNICIPAL_WORK_OD_WEIGHT_NOT_BUS_RIDERSHIP_NOT_ROUTE_DEMAND
097074,Santa Maria Hoè,016034,Bottanuco,1.000000000,OTHER_EXTERNAL,false,false,NOT_SELF,MUNICIPAL_WORK_OD_WEIGHT_NOT_BUS_RIDERSHIP_NOT_ROUTE_DEMAND
097074,Santa Maria Hoè,016037,Brembate,1.000000000,OTHER_EXTERNAL,false,false,NOT_SELF,MUNICIPAL_WORK_OD_WEIGHT_NOT_BUS_RIDERSHIP_NOT_ROUTE_DEMAND
097074,Santa Maria Hoè,015032,Bresso,1.000000000,OTHER_EXTERNAL,false,false,NOT_SELF,MUNICIPAL_WORK_OD_WEIGHT_NOT_BUS_RIDERSHIP_NOT_ROUTE_DEMAND
097074,Santa Maria Hoè,108011,Briosco,1.000000000,OTHER_EXTERNAL,false,false,NOT_SELF,MUNICIPAL_WORK_OD_WEIGHT_NOT_BUS_RIDERSHIP_NOT_ROUTE_DEMAND
097074,Santa Maria Hoè,016046,Calusco d'Adda,1.000000000,OTHER_EXTERNAL,false,false,NOT_SELF,MUNICIPAL_WORK_OD_WEIGHT_NOT_BUS_RIDERSHIP_NOT_ROUTE_DEMAND
097074,Santa Maria Hoè,108015,Carate Brianza,1.000000000,OTHER_EXTERNAL,false,false,NOT_SELF,MUNICIPAL_WORK_OD_WEIGHT_NOT_BUS_RIDERSHIP_NOT_ROUTE_DEMAND
097074,Santa Maria Hoè,012040,Cassano Magnago,1.000000000,OTHER_EXTERNAL,false,false,NOT_SELF,MUNICIPAL_WORK_OD_WEIGHT_NOT_BUS_RIDERSHIP_NOT_ROUTE_DEMAND
097074,Santa Maria Hoè,015060,Cassina de' Pecchi,1.000000000,OTHER_EXTERNAL,false,false,NOT_SELF,MUNICIPAL_WORK_OD_WEIGHT_NOT_BUS_RIDERSHIP_NOT_ROUTE_DEMAND
097074,Santa Maria Hoè,015070,Cernusco sul Naviglio,1.000000000,OTHER_EXTERNAL,false,false,NOT_SELF,MUNICIPAL_WORK_OD_WEIGHT_NOT_BUS_RIDERSHIP_NOT_ROUTE_DEMAND
097074,Santa Maria Hoè,097022,Civate,1.000000000,OTHER_EXTERNAL,false,false,NOT_SELF,MUNICIPAL_WORK_OD_WEIGHT_NOT_BUS_RIDERSHIP_NOT_ROUTE_DEMAND
097074,Santa Maria Hoè,015081,Cologno Monzese,1.000000000,OTHER_EXTERNAL,false,false,NOT_SELF,MUNICIPAL_WORK_OD_WEIGHT_NOT_BUS_RIDERSHIP_NOT_ROUTE_DEMAND
097074,Santa Maria Hoè,012064,Daverio,1.000000000,OTHER_EXTERNAL,false,false,NOT_SELF,MUNICIPAL_WORK_OD_WEIGHT_NOT_BUS_RIDERSHIP_NOT_ROUTE_DEMAND
097074,Santa Maria Hoè,097038,Garlate,1.000000000,OTHER_EXTERNAL,false,false,NOT_SELF,MUNICIPAL_WORK_OD_WEIGHT_NOT_BUS_RIDERSHIP_NOT_ROUTE_DEMAND
097074,Santa Maria Hoè,012075,Gerenzano,1.000000000,OTHER_EXTERNAL,false,false,NOT_SELF,MUNICIPAL_WORK_OD_WEIGHT_NOT_BUS_RIDERSHIP_NOT_ROUTE_DEMAND
097074,Santa Maria Hoè,108024,Giussano,1.000000000,OTHER_EXTERNAL,false,false,NOT_SELF,MUNICIPAL_WORK_OD_WEIGHT_NOT_BUS_RIDERSHIP_NOT_ROUTE_DEMAND
097074,Santa Maria Hoè,018073,Godiasco Salice Terme,1.000000000,OTHER_EXTERNAL,false,false,NOT_SELF,MUNICIPAL_WORK_OD_WEIGHT_NOT_BUS_RIDERSHIP_NOT_ROUTE_DEMAND
097074,Santa Maria Hoè,016117,Grassobbio,1.000000000,OTHER_EXTERNAL,false,false,NOT_SELF,MUNICIPAL_WORK_OD_WEIGHT_NOT_BUS_RIDERSHIP_NOT_ROUTE_DEMAND
097074,Santa Maria Hoè,097039,Imbersago,1.000000000,OTHER_EXTERNAL,false,false,NOT_SELF,MUNICIPAL_WORK_OD_WEIGHT_NOT_BUS_RIDERSHIP_NOT_ROUTE_DEMAND
097074,Santa Maria Hoè,013126,Lezzeno,1.000000000,OTHER_EXTERNAL,false,false,NOT_SELF,MUNICIPAL_WORK_OD_WEIGHT_NOT_BUS_RIDERSHIP_NOT_ROUTE_DEMAND
097074,Santa Maria Hoè,013129,Lipomo,1.000000000,OTHER_EXTERNAL,false,false,NOT_SELF,MUNICIPAL_WORK_OD_WEIGHT_NOT_BUS_RIDERSHIP_NOT_ROUTE_DEMAND
097074,Santa Maria Hoè,013143,Mariano Comense,1.000000000,OTHER_EXTERNAL,false,false,NOT_SELF,MUNICIPAL_WORK_OD_WEIGHT_NOT_BUS_RIDERSHIP_NOT_ROUTE_DEMAND
097074,Santa Maria Hoè,108030,Meda,1.000000000,OTHER_EXTERNAL,false,false,NOT_SELF,MUNICIPAL_WORK_OD_WEIGHT_NOT_BUS_RIDERSHIP_NOT_ROUTE_DEMAND
097074,Santa Maria Hoè,013147,Merone,1.000000000,OTHER_EXTERNAL,false,false,NOT_SELF,MUNICIPAL_WORK_OD_WEIGHT_NOT_BUS_RIDERSHIP_NOT_ROUTE_DEMAND
097074,Santa Maria Hoè,016137,Monasterolo del Castello,1.000000000,OTHER_EXTERNAL,false,false,NOT_SELF,MUNICIPAL_WORK_OD_WEIGHT_NOT_BUS_RIDERSHIP_NOT_ROUTE_DEMAND
097074,Santa Maria Hoè,016171,Pontida,1.000000000,OTHER_EXTERNAL,false,false,NOT_SELF,MUNICIPAL_WORK_OD_WEIGHT_NOT_BUS_RIDERSHIP_NOT_ROUTE_DEMAND
097074,Santa Maria Hoè,015182,Rho,1.000000000,OTHER_EXTERNAL,false,false,NOT_SELF,MUNICIPAL_WORK_OD_WEIGHT_NOT_BUS_RIDERSHIP_NOT_ROUTE_DEMAND
097074,Santa Maria Hoè,015185,Rodano,1.000000000,OTHER_EXTERNAL,false,false,NOT_SELF,MUNICIPAL_WORK_OD_WEIGHT_NOT_BUS_RIDERSHIP_NOT_ROUTE_DEMAND
097074,Santa Maria Hoè,097072,Rogeno,1.000000000,OTHER_EXTERNAL,false,false,NOT_SELF,MUNICIPAL_WORK_OD_WEIGHT_NOT_BUS_RIDERSHIP_NOT_ROUTE_DEMAND
097074,Santa Maria Hoè,108038,Ronco Briantino,1.000000000,OTHER_EXTERNAL,false,false,NOT_SELF,MUNICIPAL_WORK_OD_WEIGHT_NOT_BUS_RIDERSHIP_NOT_ROUTE_DEMAND
097074,Santa Maria Hoè,015195,San Giuliano Milanese,1.000000000,OTHER_EXTERNAL,false,false,NOT_SELF,MUNICIPAL_WORK_OD_WEIGHT_NOT_BUS_RIDERSHIP_NOT_ROUTE_DEMAND
097074,Santa Maria Hoè,015205,Segrate,1.000000000,OTHER_EXTERNAL,false,false,NOT_SELF,MUNICIPAL_WORK_OD_WEIGHT_NOT_BUS_RIDERSHIP_NOT_ROUTE_DEMAND
097074,Santa Maria Hoè,015206,Senago,1.000000000,OTHER_EXTERNAL,false,false,NOT_SELF,MUNICIPAL_WORK_OD_WEIGHT_NOT_BUS_RIDERSHIP_NOT_ROUTE_DEMAND
097074,Santa Maria Hoè,016198,Seriate,1.000000000,OTHER_EXTERNAL,false,false,NOT_SELF,MUNICIPAL_WORK_OD_WEIGHT_NOT_BUS_RIDERSHIP_NOT_ROUTE_DEMAND
097074,Santa Maria Hoè,015211,Settimo Milanese,1.000000000,OTHER_EXTERNAL,false,false,NOT_SELF,MUNICIPAL_WORK_OD_WEIGHT_NOT_BUS_RIDERSHIP_NOT_ROUTE_DEMAND
097074,Santa Maria Hoè,108041,Sovico,1.000000000,OTHER_EXTERNAL,false,false,NOT_SELF,MUNICIPAL_WORK_OD_WEIGHT_NOT_BUS_RIDERSHIP_NOT_ROUTE_DEMAND
097074,Santa Maria Hoè,016207,Stezzano,1.000000000,OTHER_EXTERNAL,false,false,NOT_SELF,MUNICIPAL_WORK_OD_WEIGHT_NOT_BUS_RIDERSHIP_NOT_ROUTE_DEMAND
097074,Santa Maria Hoè,016224,Valbrembo,1.000000000,OTHER_EXTERNAL,false,false,NOT_SELF,MUNICIPAL_WORK_OD_WEIGHT_NOT_BUS_RIDERSHIP_NOT_ROUTE_DEMAND
097074,Santa Maria Hoè,108047,Veduggio con Colzano,1.000000000,OTHER_EXTERNAL,false,false,NOT_SELF,MUNICIPAL_WORK_OD_WEIGHT_NOT_BUS_RIDERSHIP_NOT_ROUTE_DEMAND
097092,La Valletta Brianza,097092,La Valletta Brianza,275.000000000,SELF,true,false,SELF_MUNICIPAL_OD_UNRESOLVED,MUNICIPAL_WORK_OD_WEIGHT_NOT_BUS_RIDERSHIP_NOT_ROUTE_DEMAND
097092,La Valletta Brianza,015146,Milano,108.000000000,S8_DIRECT,false,false,NOT_SELF,MUNICIPAL_WORK_OD_WEIGHT_NOT_BUS_RIDERSHIP_NOT_ROUTE_DEMAND
097092,La Valletta Brianza,097048,Merate,87.000000000,OTHER_EXTERNAL,true,true,NOT_SELF,MUNICIPAL_WORK_OD_WEIGHT_NOT_BUS_RIDERSHIP_NOT_ROUTE_DEMAND
097092,La Valletta Brianza,097042,Lecco,86.000000000,S8_DIRECT,false,false,NOT_SELF,MUNICIPAL_WORK_OD_WEIGHT_NOT_BUS_RIDERSHIP_NOT_ROUTE_DEMAND
097092,La Valletta Brianza,097074,Santa Maria Hoè,68.000000000,OTHER_CORE,false,false,NOT_SELF,MUNICIPAL_WORK_OD_WEIGHT_NOT_BUS_RIDERSHIP_NOT_ROUTE_DEMAND
097092,La Valletta Brianza,097058,Olgiate Molgora,59.000000000,OTHER_CORE,true,true,NOT_SELF,MUNICIPAL_WORK_OD_WEIGHT_NOT_BUS_RIDERSHIP_NOT_ROUTE_DEMAND
097092,La Valletta Brianza,097012,Calco,56.000000000,OTHER_CORE,true,true,NOT_SELF,MUNICIPAL_WORK_OD_WEIGHT_NOT_BUS_RIDERSHIP_NOT_ROUTE_DEMAND
097092,La Valletta Brianza,097049,Missaglia,54.000000000,OTHER_EXTERNAL,false,false,NOT_SELF,MUNICIPAL_WORK_OD_WEIGHT_NOT_BUS_RIDERSHIP_NOT_ROUTE_DEMAND
097092,La Valletta Brianza,097076,Sirtori,43.000000000,OTHER_EXTERNAL,false,false,NOT_SELF,MUNICIPAL_WORK_OD_WEIGHT_NOT_BUS_RIDERSHIP_NOT_ROUTE_DEMAND
097092,La Valletta Brianza,097005,Barzago,41.000000000,OTHER_EXTERNAL,false,false,NOT_SELF,MUNICIPAL_WORK_OD_WEIGHT_NOT_BUS_RIDERSHIP_NOT_ROUTE_DEMAND
097092,La Valletta Brianza,097057,Oggiono,38.000000000,OTHER_EXTERNAL,false,false,NOT_SELF,MUNICIPAL_WORK_OD_WEIGHT_NOT_BUS_RIDERSHIP_NOT_ROUTE_DEMAND
097092,La Valletta Brianza,097020,Cernusco Lombardone,35.000000000,S8_DIRECT,false,false,NOT_SELF,MUNICIPAL_WORK_OD_WEIGHT_NOT_BUS_RIDERSHIP_NOT_ROUTE_DEMAND
097092,La Valletta Brianza,097006,Barzanò,31.000000000,OTHER_EXTERNAL,false,false,NOT_SELF,MUNICIPAL_WORK_OD_WEIGHT_NOT_BUS_RIDERSHIP_NOT_ROUTE_DEMAND
097092,La Valletta Brianza,097031,Dolzago,29.000000000,OTHER_EXTERNAL,false,false,NOT_SELF,MUNICIPAL_WORK_OD_WEIGHT_NOT_BUS_RIDERSHIP_NOT_ROUTE_DEMAND
097092,La Valletta Brianza,097061,Osnago,26.000000000,S8_DIRECT,false,false,NOT_SELF,MUNICIPAL_WORK_OD_WEIGHT_NOT_BUS_RIDERSHIP_NOT_ROUTE_DEMAND
097092,La Valletta Brianza,097010,Brivio,25.000000000,OTHER_CORE,true,true,NOT_SELF,MUNICIPAL_WORK_OD_WEIGHT_NOT_BUS_RIDERSHIP_NOT_ROUTE_DEMAND
097092,La Valletta Brianza,097044,Lomagna,23.000000000,OTHER_EXTERNAL,false,false,NOT_SELF,MUNICIPAL_WORK_OD_WEIGHT_NOT_BUS_RIDERSHIP_NOT_ROUTE_DEMAND
097092,La Valletta Brianza,097016,Casatenovo,22.000000000,OTHER_EXTERNAL,false,false,NOT_SELF,MUNICIPAL_WORK_OD_WEIGHT_NOT_BUS_RIDERSHIP_NOT_ROUTE_DEMAND
097092,La Valletta Brianza,108033,Monza,22.000000000,S8_DIRECT,false,false,NOT_SELF,MUNICIPAL_WORK_OD_WEIGHT_NOT_BUS_RIDERSHIP_NOT_ROUTE_DEMAND
097092,La Valletta Brianza,097090,Viganò,22.000000000,OTHER_EXTERNAL,false,false,NOT_SELF,MUNICIPAL_WORK_OD_WEIGHT_NOT_BUS_RIDERSHIP_NOT_ROUTE_DEMAND
097092,La Valletta Brianza,108050,Vimercate,22.000000000,OTHER_EXTERNAL,false,false,NOT_SELF,MUNICIPAL_WORK_OD_WEIGHT_NOT_BUS_RIDERSHIP_NOT_ROUTE_DEMAND
097092,La Valletta Brianza,097019,Castello di Brianza,21.000000000,OTHER_EXTERNAL,true,true,NOT_SELF,MUNICIPAL_WORK_OD_WEIGHT_NOT_BUS_RIDERSHIP_NOT_ROUTE_DEMAND
097092,La Valletta Brianza,097009,Bosisio Parini,20.000000000,OTHER_EXTERNAL,false,false,NOT_SELF,MUNICIPAL_WORK_OD_WEIGHT_NOT_BUS_RIDERSHIP_NOT_ROUTE_DEMAND
097092,La Valletta Brianza,097026,Costa Masnaga,18.000000000,OTHER_EXTERNAL,false,false,NOT_SELF,MUNICIPAL_WORK_OD_WEIGHT_NOT_BUS_RIDERSHIP_NOT_ROUTE_DEMAND
097092,La Valletta Brianza,097013,Calolziocorte,17.000000000,S8_DIRECT,false,false,NOT_SELF,MUNICIPAL_WORK_OD_WEIGHT_NOT_BUS_RIDERSHIP_NOT_ROUTE_DEMAND
097092,La Valletta Brianza,097071,Robbiate,17.000000000,OTHER_EXTERNAL,false,false,NOT_SELF,MUNICIPAL_WORK_OD_WEIGHT_NOT_BUS_RIDERSHIP_NOT_ROUTE_DEMAND
097092,La Valletta Brianza,097054,Monticello Brianza,16.000000000,OTHER_EXTERNAL,false,false,NOT_SELF,MUNICIPAL_WORK_OD_WEIGHT_NOT_BUS_RIDERSHIP_NOT_ROUTE_DEMAND
097092,La Valletta Brianza,097075,Sirone,16.000000000,OTHER_EXTERNAL,false,false,NOT_SELF,MUNICIPAL_WORK_OD_WEIGHT_NOT_BUS_RIDERSHIP_NOT_ROUTE_DEMAND
097092,La Valletta Brianza,108047,Veduggio con Colzano,15.000000000,OTHER_EXTERNAL,false,false,NOT_SELF,MUNICIPAL_WORK_OD_WEIGHT_NOT_BUS_RIDERSHIP_NOT_ROUTE_DEMAND
097092,La Valletta Brianza,097011,Bulciago,13.000000000,OTHER_EXTERNAL,false,false,NOT_SELF,MUNICIPAL_WORK_OD_WEIGHT_NOT_BUS_RIDERSHIP_NOT_ROUTE_DEMAND
097092,La Valletta Brianza,097037,Garbagnate Monastero,13.000000000,OTHER_EXTERNAL,false,false,NOT_SELF,MUNICIPAL_WORK_OD_WEIGHT_NOT_BUS_RIDERSHIP_NOT_ROUTE_DEMAND
097092,La Valletta Brianza,108008,Besana in Brianza,12.000000000,OTHER_EXTERNAL,false,false,NOT_SELF,MUNICIPAL_WORK_OD_WEIGHT_NOT_BUS_RIDERSHIP_NOT_ROUTE_DEMAND
097092,La Valletta Brianza,016074,Cisano Bergamasco,12.000000000,OTHER_EXTERNAL,false,false,NOT_SELF,MUNICIPAL_WORK_OD_WEIGHT_NOT_BUS_RIDERSHIP_NOT_ROUTE_DEMAND
097092,La Valletta Brianza,097053,Montevecchia,11.000000000,OTHER_EXTERNAL,true,true,NOT_SELF,MUNICIPAL_WORK_OD_WEIGHT_NOT_BUS_RIDERSHIP_NOT_ROUTE_DEMAND
097092,La Valletta Brianza,097091,Verderio,11.000000000,OTHER_EXTERNAL,false,false,NOT_SELF,MUNICIPAL_WORK_OD_WEIGHT_NOT_BUS_RIDERSHIP_NOT_ROUTE_DEMAND
097092,La Valletta Brianza,108001,Agrate Brianza,10.000000000,OTHER_EXTERNAL,false,false,NOT_SELF,MUNICIPAL_WORK_OD_WEIGHT_NOT_BUS_RIDERSHIP_NOT_ROUTE_DEMAND
097092,La Valletta Brianza,013095,Erba,10.000000000,OTHER_EXTERNAL,false,false,NOT_SELF,MUNICIPAL_WORK_OD_WEIGHT_NOT_BUS_RIDERSHIP_NOT_ROUTE_DEMAND
097092,La Valletta Brianza,097051,Molteno,10.000000000,OTHER_EXTERNAL,false,false,NOT_SELF,MUNICIPAL_WORK_OD_WEIGHT_NOT_BUS_RIDERSHIP_NOT_ROUTE_DEMAND
097092,La Valletta Brianza,097059,Olginate,10.000000000,OTHER_EXTERNAL,false,false,NOT_SELF,MUNICIPAL_WORK_OD_WEIGHT_NOT_BUS_RIDERSHIP_NOT_ROUTE_DEMAND
097092,La Valletta Brianza,097083,Valmadrera,10.000000000,OTHER_EXTERNAL,false,false,NOT_SELF,MUNICIPAL_WORK_OD_WEIGHT_NOT_BUS_RIDERSHIP_NOT_ROUTE_DEMAND
097092,La Valletta Brianza,097003,Annone di Brianza,9.000000000,OTHER_EXTERNAL,false,false,NOT_SELF,MUNICIPAL_WORK_OD_WEIGHT_NOT_BUS_RIDERSHIP_NOT_ROUTE_DEMAND
097092,La Valletta Brianza,108012,Brugherio,9.000000000,OTHER_EXTERNAL,false,false,NOT_SELF,MUNICIPAL_WORK_OD_WEIGHT_NOT_BUS_RIDERSHIP_NOT_ROUTE_DEMAND
097092,La Valletta Brianza,108023,Desio,9.000000000,OTHER_EXTERNAL,false,false,NOT_SELF,MUNICIPAL_WORK_OD_WEIGHT_NOT_BUS_RIDERSHIP_NOT_ROUTE_DEMAND
097092,La Valletta Brianza,097056,Nibionno,8.000000000,OTHER_EXTERNAL,false,false,NOT_SELF,MUNICIPAL_WORK_OD_WEIGHT_NOT_BUS_RIDERSHIP_NOT_ROUTE_DEMAND
097092,La Valletta Brianza,097062,Paderno d'Adda,8.000000000,OTHER_EXTERNAL,false,false,NOT_SELF,MUNICIPAL_WORK_OD_WEIGHT_NOT_BUS_RIDERSHIP_NOT_ROUTE_DEMAND
097092,La Valletta Brianza,108039,Seregno,8.000000000,OTHER_EXTERNAL,false,false,NOT_SELF,MUNICIPAL_WORK_OD_WEIGHT_NOT_BUS_RIDERSHIP_NOT_ROUTE_DEMAND
097092,La Valletta Brianza,108004,Arcore,7.000000000,S8_DIRECT,false,false,NOT_SELF,MUNICIPAL_WORK_OD_WEIGHT_NOT_BUS_RIDERSHIP_NOT_ROUTE_DEMAND
097092,La Valletta Brianza,108015,Carate Brianza,7.000000000,OTHER_EXTERNAL,false,false,NOT_SELF,MUNICIPAL_WORK_OD_WEIGHT_NOT_BUS_RIDERSHIP_NOT_ROUTE_DEMAND
097092,La Valletta Brianza,097021,Cesana Brianza,7.000000000,OTHER_EXTERNAL,false,false,NOT_SELF,MUNICIPAL_WORK_OD_WEIGHT_NOT_BUS_RIDERSHIP_NOT_ROUTE_DEMAND
097092,La Valletta Brianza,097024,Colle Brianza,7.000000000,OTHER_EXTERNAL,true,true,NOT_SELF,MUNICIPAL_WORK_OD_WEIGHT_NOT_BUS_RIDERSHIP_NOT_ROUTE_DEMAND
097092,La Valletta Brianza,013075,Como,7.000000000,OTHER_EXTERNAL,false,false,NOT_SELF,MUNICIPAL_WORK_OD_WEIGHT_NOT_BUS_RIDERSHIP_NOT_ROUTE_DEMAND
097092,La Valletta Brianza,108053,Cornate d'Adda,7.000000000,OTHER_EXTERNAL,false,false,NOT_SELF,MUNICIPAL_WORK_OD_WEIGHT_NOT_BUS_RIDERSHIP_NOT_ROUTE_DEMAND
097092,La Valletta Brianza,097036,Galbiate,7.000000000,OTHER_EXTERNAL,false,false,NOT_SELF,MUNICIPAL_WORK_OD_WEIGHT_NOT_BUS_RIDERSHIP_NOT_ROUTE_DEMAND
097092,La Valletta Brianza,108037,Renate,7.000000000,OTHER_EXTERNAL,false,false,NOT_SELF,MUNICIPAL_WORK_OD_WEIGHT_NOT_BUS_RIDERSHIP_NOT_ROUTE_DEMAND
097092,La Valletta Brianza,097078,Suello,7.000000000,OTHER_EXTERNAL,false,false,NOT_SELF,MUNICIPAL_WORK_OD_WEIGHT_NOT_BUS_RIDERSHIP_NOT_ROUTE_DEMAND
097092,La Valletta Brianza,108044,Usmate Velate,7.000000000,OTHER_EXTERNAL,false,false,NOT_SELF,MUNICIPAL_WORK_OD_WEIGHT_NOT_BUS_RIDERSHIP_NOT_ROUTE_DEMAND
097092,La Valletta Brianza,097022,Civate,6.000000000,OTHER_EXTERNAL,false,false,NOT_SELF,MUNICIPAL_WORK_OD_WEIGHT_NOT_BUS_RIDERSHIP_NOT_ROUTE_DEMAND
097092,La Valletta Brianza,097028,Cremella,6.000000000,OTHER_EXTERNAL,false,false,NOT_SELF,MUNICIPAL_WORK_OD_WEIGHT_NOT_BUS_RIDERSHIP_NOT_ROUTE_DEMAND
097092,La Valletta Brianza,015209,Sesto San Giovanni,6.000000000,S8_DIRECT,false,false,NOT_SELF,MUNICIPAL_WORK_OD_WEIGHT_NOT_BUS_RIDERSHIP_NOT_ROUTE_DEMAND
097092,La Valletta Brianza,097002,Airuno,5.000000000,S8_DIRECT,true,true,NOT_SELF,MUNICIPAL_WORK_OD_WEIGHT_NOT_BUS_RIDERSHIP_NOT_ROUTE_DEMAND
097092,La Valletta Brianza,016024,Bergamo,5.000000000,OTHER_EXTERNAL,false,false,NOT_SELF,MUNICIPAL_WORK_OD_WEIGHT_NOT_BUS_RIDERSHIP_NOT_ROUTE_DEMAND
097092,La Valletta Brianza,108011,Briosco,5.000000000,OTHER_EXTERNAL,false,false,NOT_SELF,MUNICIPAL_WORK_OD_WEIGHT_NOT_BUS_RIDERSHIP_NOT_ROUTE_DEMAND
097092,La Valletta Brianza,097046,Mandello del Lario,5.000000000,OTHER_EXTERNAL,false,false,NOT_SELF,MUNICIPAL_WORK_OD_WEIGHT_NOT_BUS_RIDERSHIP_NOT_ROUTE_DEMAND
097092,La Valletta Brianza,097072,Rogeno,5.000000000,OTHER_EXTERNAL,false,false,NOT_SELF,MUNICIPAL_WORK_OD_WEIGHT_NOT_BUS_RIDERSHIP_NOT_ROUTE_DEMAND
097092,La Valletta Brianza,108038,Ronco Briantino,5.000000000,OTHER_EXTERNAL,false,false,NOT_SELF,MUNICIPAL_WORK_OD_WEIGHT_NOT_BUS_RIDERSHIP_NOT_ROUTE_DEMAND
097092,La Valletta Brianza,108049,Villasanta,5.000000000,OTHER_EXTERNAL,false,false,NOT_SELF,MUNICIPAL_WORK_OD_WEIGHT_NOT_BUS_RIDERSHIP_NOT_ROUTE_DEMAND
097092,La Valletta Brianza,097017,Cassago Brianza,4.000000000,OTHER_EXTERNAL,false,false,NOT_SELF,MUNICIPAL_WORK_OD_WEIGHT_NOT_BUS_RIDERSHIP_NOT_ROUTE_DEMAND
097092,La Valletta Brianza,015077,Cinisello Balsamo,4.000000000,OTHER_EXTERNAL,false,false,NOT_SELF,MUNICIPAL_WORK_OD_WEIGHT_NOT_BUS_RIDERSHIP_NOT_ROUTE_DEMAND
097092,La Valletta Brianza,015081,Cologno Monzese,4.000000000,OTHER_EXTERNAL,false,false,NOT_SELF,MUNICIPAL_WORK_OD_WEIGHT_NOT_BUS_RIDERSHIP_NOT_ROUTE_DEMAND
097092,La Valletta Brianza,108024,Giussano,4.000000000,OTHER_EXTERNAL,false,false,NOT_SELF,MUNICIPAL_WORK_OD_WEIGHT_NOT_BUS_RIDERSHIP_NOT_ROUTE_DEMAND
097092,La Valletta Brianza,108026,Lesmo,4.000000000,OTHER_EXTERNAL,false,false,NOT_SELF,MUNICIPAL_WORK_OD_WEIGHT_NOT_BUS_RIDERSHIP_NOT_ROUTE_DEMAND
097092,La Valletta Brianza,108028,Lissone,4.000000000,OTHER_EXTERNAL,false,false,NOT_SELF,MUNICIPAL_WORK_OD_WEIGHT_NOT_BUS_RIDERSHIP_NOT_ROUTE_DEMAND
097092,La Valletta Brianza,013136,Lurago d'Erba,4.000000000,OTHER_EXTERNAL,false,false,NOT_SELF,MUNICIPAL_WORK_OD_WEIGHT_NOT_BUS_RIDERSHIP_NOT_ROUTE_DEMAND
097092,La Valletta Brianza,013143,Mariano Comense,4.000000000,OTHER_EXTERNAL,false,false,NOT_SELF,MUNICIPAL_WORK_OD_WEIGHT_NOT_BUS_RIDERSHIP_NOT_ROUTE_DEMAND
097092,La Valletta Brianza,016250,Medolago,4.000000000,OTHER_EXTERNAL,false,false,NOT_SELF,MUNICIPAL_WORK_OD_WEIGHT_NOT_BUS_RIDERSHIP_NOT_ROUTE_DEMAND
097092,La Valletta Brianza,015205,Segrate,4.000000000,OTHER_EXTERNAL,false,false,NOT_SELF,MUNICIPAL_WORK_OD_WEIGHT_NOT_BUS_RIDERSHIP_NOT_ROUTE_DEMAND
097092,La Valletta Brianza,108003,Albiate,3.000000000,OTHER_EXTERNAL,false,false,NOT_SELF,MUNICIPAL_WORK_OD_WEIGHT_NOT_BUS_RIDERSHIP_NOT_ROUTE_DEMAND
097092,La Valletta Brianza,013009,Anzano del Parco,3.000000000,OTHER_EXTERNAL,false,false,NOT_SELF,MUNICIPAL_WORK_OD_WEIGHT_NOT_BUS_RIDERSHIP_NOT_ROUTE_DEMAND
097092,La Valletta Brianza,015051,Carugate,3.000000000,OTHER_EXTERNAL,false,false,NOT_SELF,MUNICIPAL_WORK_OD_WEIGHT_NOT_BUS_RIDERSHIP_NOT_ROUTE_DEMAND
097092,La Valletta Brianza,108021,Concorezzo,3.000000000,OTHER_EXTERNAL,false,false,NOT_SELF,MUNICIPAL_WORK_OD_WEIGHT_NOT_BUS_RIDERSHIP_NOT_ROUTE_DEMAND
097092,La Valletta Brianza,013118,Inverigo,3.000000000,OTHER_EXTERNAL,false,false,NOT_SELF,MUNICIPAL_WORK_OD_WEIGHT_NOT_BUS_RIDERSHIP_NOT_ROUTE_DEMAND
097092,La Valletta Brianza,108054,Lentate sul Seveso,3.000000000,OTHER_EXTERNAL,false,false,NOT_SELF,MUNICIPAL_WORK_OD_WEIGHT_NOT_BUS_RIDERSHIP_NOT_ROUTE_DEMAND
097092,La Valletta Brianza,108030,Meda,3.000000000,OTHER_EXTERNAL,false,false,NOT_SELF,MUNICIPAL_WORK_OD_WEIGHT_NOT_BUS_RIDERSHIP_NOT_ROUTE_DEMAND
097092,La Valletta Brianza,013170,Orsenigo,3.000000000,OTHER_EXTERNAL,false,false,NOT_SELF,MUNICIPAL_WORK_OD_WEIGHT_NOT_BUS_RIDERSHIP_NOT_ROUTE_DEMAND
097092,La Valletta Brianza,097068,Pescate,3.000000000,OTHER_EXTERNAL,false,false,NOT_SELF,MUNICIPAL_WORK_OD_WEIGHT_NOT_BUS_RIDERSHIP_NOT_ROUTE_DEMAND
097092,La Valletta Brianza,108048,Verano Brianza,3.000000000,OTHER_EXTERNAL,false,false,NOT_SELF,MUNICIPAL_WORK_OD_WEIGHT_NOT_BUS_RIDERSHIP_NOT_ROUTE_DEMAND
097092,La Valletta Brianza,013003,Albavilla,2.000000000,OTHER_EXTERNAL,false,false,NOT_SELF,MUNICIPAL_WORK_OD_WEIGHT_NOT_BUS_RIDERSHIP_NOT_ROUTE_DEMAND
097092,La Valletta Brianza,108007,Bernareggio,2.000000000,OTHER_EXTERNAL,false,false,NOT_SELF,MUNICIPAL_WORK_OD_WEIGHT_NOT_BUS_RIDERSHIP_NOT_ROUTE_DEMAND
097092,La Valletta Brianza,108009,Biassono,2.000000000,OTHER_EXTERNAL,false,false,NOT_SELF,MUNICIPAL_WORK_OD_WEIGHT_NOT_BUS_RIDERSHIP_NOT_ROUTE_DEMAND
097092,La Valletta Brianza,016037,Brembate,2.000000000,OTHER_EXTERNAL,false,false,NOT_SELF,MUNICIPAL_WORK_OD_WEIGHT_NOT_BUS_RIDERSHIP_NOT_ROUTE_DEMAND
097092,La Valletta Brianza,017029,Brescia,2.000000000,OTHER_EXTERNAL,false,false,NOT_SELF,MUNICIPAL_WORK_OD_WEIGHT_NOT_BUS_RIDERSHIP_NOT_ROUTE_DEMAND
097092,La Valletta Brianza,108051,Busnago,2.000000000,OTHER_EXTERNAL,false,false,NOT_SELF,MUNICIPAL_WORK_OD_WEIGHT_NOT_BUS_RIDERSHIP_NOT_ROUTE_DEMAND
097092,La Valletta Brianza,013035,Cabiate,2.000000000,OTHER_EXTERNAL,false,false,NOT_SELF,MUNICIPAL_WORK_OD_WEIGHT_NOT_BUS_RIDERSHIP_NOT_ROUTE_DEMAND
097092,La Valletta Brianza,016046,Calusco d'Adda,2.000000000,OTHER_EXTERNAL,false,false,NOT_SELF,MUNICIPAL_WORK_OD_WEIGHT_NOT_BUS_RIDERSHIP_NOT_ROUTE_DEMAND
097092,La Valletta Brianza,015044,Cambiago,2.000000000,OTHER_EXTERNAL,false,false,NOT_SELF,MUNICIPAL_WORK_OD_WEIGHT_NOT_BUS_RIDERSHIP_NOT_ROUTE_DEMAND
097092,La Valletta Brianza,013041,Cantù,2.000000000,OTHER_EXTERNAL,false,false,NOT_SELF,MUNICIPAL_WORK_OD_WEIGHT_NOT_BUS_RIDERSHIP_NOT_ROUTE_DEMAND
097092,La Valletta Brianza,108016,Carnate,2.000000000,S8_DIRECT,false,false,NOT_SELF,MUNICIPAL_WORK_OD_WEIGHT_NOT_BUS_RIDERSHIP_NOT_ROUTE_DEMAND
097092,La Valletta Brianza,016057,Carvico,2.000000000,OTHER_EXTERNAL,false,false,NOT_SELF,MUNICIPAL_WORK_OD_WEIGHT_NOT_BUS_RIDERSHIP_NOT_ROUTE_DEMAND
097092,La Valletta Brianza,108022,Correzzana,2.000000000,OTHER_EXTERNAL,false,false,NOT_SELF,MUNICIPAL_WORK_OD_WEIGHT_NOT_BUS_RIDERSHIP_NOT_ROUTE_DEMAND
097092,La Valletta Brianza,013107,Gera Lario,2.000000000,OTHER_EXTERNAL,false,false,NOT_SELF,MUNICIPAL_WORK_OD_WEIGHT_NOT_BUS_RIDERSHIP_NOT_ROUTE_DEMAND
097092,La Valletta Brianza,013110,Grandate,2.000000000,OTHER_EXTERNAL,false,false,NOT_SELF,MUNICIPAL_WORK_OD_WEIGHT_NOT_BUS_RIDERSHIP_NOT_ROUTE_DEMAND
097092,La Valletta Brianza,016117,Grassobbio,2.000000000,OTHER_EXTERNAL,false,false,NOT_SELF,MUNICIPAL_WORK_OD_WEIGHT_NOT_BUS_RIDERSHIP_NOT_ROUTE_DEMAND
097092,La Valletta Brianza,097039,Imbersago,2.000000000,OTHER_EXTERNAL,false,false,NOT_SELF,MUNICIPAL_WORK_OD_WEIGHT_NOT_BUS_RIDERSHIP_NOT_ROUTE_DEMAND
097092,La Valletta Brianza,016132,Mapello,2.000000000,OTHER_EXTERNAL,false,false,NOT_SELF,MUNICIPAL_WORK_OD_WEIGHT_NOT_BUS_RIDERSHIP_NOT_ROUTE_DEMAND
097092,La Valletta Brianza,108031,Mezzago,2.000000000,OTHER_EXTERNAL,false,false,NOT_SELF,MUNICIPAL_WORK_OD_WEIGHT_NOT_BUS_RIDERSHIP_NOT_ROUTE_DEMAND
097092,La Valletta Brianza,108032,Misinto,2.000000000,OTHER_EXTERNAL,false,false,NOT_SELF,MUNICIPAL_WORK_OD_WEIGHT_NOT_BUS_RIDERSHIP_NOT_ROUTE_DEMAND
097092,La Valletta Brianza,015166,Paderno Dugnano,2.000000000,OTHER_EXTERNAL,false,false,NOT_SELF,MUNICIPAL_WORK_OD_WEIGHT_NOT_BUS_RIDERSHIP_NOT_ROUTE_DEMAND
097092,La Valletta Brianza,016171,Pontida,2.000000000,OTHER_EXTERNAL,false,false,NOT_SELF,MUNICIPAL_WORK_OD_WEIGHT_NOT_BUS_RIDERSHIP_NOT_ROUTE_DEMAND
097092,La Valletta Brianza,015182,Rho,2.000000000,OTHER_EXTERNAL,false,false,NOT_SELF,MUNICIPAL_WORK_OD_WEIGHT_NOT_BUS_RIDERSHIP_NOT_ROUTE_DEMAND
097092,La Valletta Brianza,016207,Stezzano,2.000000000,OTHER_EXTERNAL,false,false,NOT_SELF,MUNICIPAL_WORK_OD_WEIGHT_NOT_BUS_RIDERSHIP_NOT_ROUTE_DEMAND
097092,La Valletta Brianza,015221,Trezzo sull'Adda,2.000000000,OTHER_EXTERNAL,false,false,NOT_SELF,MUNICIPAL_WORK_OD_WEIGHT_NOT_BUS_RIDERSHIP_NOT_ROUTE_DEMAND
097092,La Valletta Brianza,013227,Turate,2.000000000,OTHER_EXTERNAL,false,false,NOT_SELF,MUNICIPAL_WORK_OD_WEIGHT_NOT_BUS_RIDERSHIP_NOT_ROUTE_DEMAND
097092,La Valletta Brianza,016238,Villa d'Adda,2.000000000,OTHER_EXTERNAL,false,false,NOT_SELF,MUNICIPAL_WORK_OD_WEIGHT_NOT_BUS_RIDERSHIP_NOT_ROUTE_DEMAND
097092,La Valletta Brianza,108002,Aicurzio,1.000000000,OTHER_EXTERNAL,false,false,NOT_SELF,MUNICIPAL_WORK_OD_WEIGHT_NOT_BUS_RIDERSHIP_NOT_ROUTE_DEMAND
097092,La Valletta Brianza,016006,Almenno San Bartolomeo,1.000000000,OTHER_EXTERNAL,false,false,NOT_SELF,MUNICIPAL_WORK_OD_WEIGHT_NOT_BUS_RIDERSHIP_NOT_ROUTE_DEMAND
097092,La Valletta Brianza,016005,Almè,1.000000000,OTHER_EXTERNAL,false,false,NOT_SELF,MUNICIPAL_WORK_OD_WEIGHT_NOT_BUS_RIDERSHIP_NOT_ROUTE_DEMAND
097092,La Valletta Brianza,013006,Alserio,1.000000000,OTHER_EXTERNAL,false,false,NOT_SELF,MUNICIPAL_WORK_OD_WEIGHT_NOT_BUS_RIDERSHIP_NOT_ROUTE_DEMAND
097092,La Valletta Brianza,013007,Alzate Brianza,1.000000000,OTHER_EXTERNAL,false,false,NOT_SELF,MUNICIPAL_WORK_OD_WEIGHT_NOT_BUS_RIDERSHIP_NOT_ROUTE_DEMAND
097092,La Valletta Brianza,015010,Arluno,1.000000000,OTHER_EXTERNAL,false,false,NOT_SELF,MUNICIPAL_WORK_OD_WEIGHT_NOT_BUS_RIDERSHIP_NOT_ROUTE_DEMAND
097092,La Valletta Brianza,013012,Arosio,1.000000000,OTHER_EXTERNAL,false,false,NOT_SELF,MUNICIPAL_WORK_OD_WEIGHT_NOT_BUS_RIDERSHIP_NOT_ROUTE_DEMAND
097092,La Valletta Brianza,024008,Arzignano,1.000000000,OTHER_EXTERNAL,false,false,NOT_SELF,MUNICIPAL_WORK_OD_WEIGHT_NOT_BUS_RIDERSHIP_NOT_ROUTE_DEMAND
097092,La Valletta Brianza,015011,Assago,1.000000000,OTHER_EXTERNAL,false,false,NOT_SELF,MUNICIPAL_WORK_OD_WEIGHT_NOT_BUS_RIDERSHIP_NOT_ROUTE_DEMAND
097092,La Valletta Brianza,016016,Azzano San Paolo,1.000000000,OTHER_EXTERNAL,false,false,NOT_SELF,MUNICIPAL_WORK_OD_WEIGHT_NOT_BUS_RIDERSHIP_NOT_ROUTE_DEMAND
097092,La Valletta Brianza,108005,Barlassina,1.000000000,OTHER_EXTERNAL,false,false,NOT_SELF,MUNICIPAL_WORK_OD_WEIGHT_NOT_BUS_RIDERSHIP_NOT_ROUTE_DEMAND
097092,La Valletta Brianza,015027,Bollate,1.000000000,OTHER_EXTERNAL,false,false,NOT_SELF,MUNICIPAL_WORK_OD_WEIGHT_NOT_BUS_RIDERSHIP_NOT_ROUTE_DEMAND
097092,La Valletta Brianza,016030,Bonate Sopra,1.000000000,OTHER_EXTERNAL,false,false,NOT_SELF,MUNICIPAL_WORK_OD_WEIGHT_NOT_BUS_RIDERSHIP_NOT_ROUTE_DEMAND
097092,La Valletta Brianza,016034,Bottanuco,1.000000000,OTHER_EXTERNAL,false,false,NOT_SELF,MUNICIPAL_WORK_OD_WEIGHT_NOT_BUS_RIDERSHIP_NOT_ROUTE_DEMAND
097092,La Valletta Brianza,108010,Bovisio-Masciago,1.000000000,OTHER_EXTERNAL,false,false,NOT_SELF,MUNICIPAL_WORK_OD_WEIGHT_NOT_BUS_RIDERSHIP_NOT_ROUTE_DEMAND
097092,La Valletta Brianza,015040,Bussero,1.000000000,OTHER_EXTERNAL,false,false,NOT_SELF,MUNICIPAL_WORK_OD_WEIGHT_NOT_BUS_RIDERSHIP_NOT_ROUTE_DEMAND
097092,La Valletta Brianza,012026,Busto Arsizio,1.000000000,OTHER_EXTERNAL,false,false,NOT_SELF,MUNICIPAL_WORK_OD_WEIGHT_NOT_BUS_RIDERSHIP_NOT_ROUTE_DEMAND
097092,La Valletta Brianza,108052,Caponago,1.000000000,OTHER_EXTERNAL,false,false,NOT_SELF,MUNICIPAL_WORK_OD_WEIGHT_NOT_BUS_RIDERSHIP_NOT_ROUTE_DEMAND
097092,La Valletta Brianza,012040,Cassano Magnago,1.000000000,OTHER_EXTERNAL,false,false,NOT_SELF,MUNICIPAL_WORK_OD_WEIGHT_NOT_BUS_RIDERSHIP_NOT_ROUTE_DEMAND
097092,La Valletta Brianza,013055,Cassina Rizzardi,1.000000000,OTHER_EXTERNAL,false,false,NOT_SELF,MUNICIPAL_WORK_OD_WEIGHT_NOT_BUS_RIDERSHIP_NOT_ROUTE_DEMAND
097092,La Valletta Brianza,015070,Cernusco sul Naviglio,1.000000000,OTHER_EXTERNAL,false,false,NOT_SELF,MUNICIPAL_WORK_OD_WEIGHT_NOT_BUS_RIDERSHIP_NOT_ROUTE_DEMAND
097092,La Valletta Brianza,108019,Cesano Maderno,1.000000000,OTHER_EXTERNAL,false,false,NOT_SELF,MUNICIPAL_WORK_OD_WEIGHT_NOT_BUS_RIDERSHIP_NOT_ROUTE_DEMAND
097092,La Valletta Brianza,015076,Cesate,1.000000000,OTHER_EXTERNAL,false,false,NOT_SELF,MUNICIPAL_WORK_OD_WEIGHT_NOT_BUS_RIDERSHIP_NOT_ROUTE_DEMAND
097092,La Valletta Brianza,018051,Codevilla,1.000000000,OTHER_EXTERNAL,false,false,NOT_SELF,MUNICIPAL_WORK_OD_WEIGHT_NOT_BUS_RIDERSHIP_NOT_ROUTE_DEMAND
097092,La Valletta Brianza,016089,Curno,1.000000000,OTHER_EXTERNAL,false,false,NOT_SELF,MUNICIPAL_WORK_OD_WEIGHT_NOT_BUS_RIDERSHIP_NOT_ROUTE_DEMAND
097092,La Valletta Brianza,016091,Dalmine,1.000000000,OTHER_EXTERNAL,false,false,NOT_SELF,MUNICIPAL_WORK_OD_WEIGHT_NOT_BUS_RIDERSHIP_NOT_ROUTE_DEMAND
097092,La Valletta Brianza,014027,Dubino,1.000000000,OTHER_EXTERNAL,false,false,NOT_SELF,MUNICIPAL_WORK_OD_WEIGHT_NOT_BUS_RIDERSHIP_NOT_ROUTE_DEMAND
097092,La Valletta Brianza,013097,Eupilio,1.000000000,OTHER_EXTERNAL,false,false,NOT_SELF,MUNICIPAL_WORK_OD_WEIGHT_NOT_BUS_RIDERSHIP_NOT_ROUTE_DEMAND
097092,La Valletta Brianza,016096,Fara Gera d'Adda,1.000000000,OTHER_EXTERNAL,false,false,NOT_SELF,MUNICIPAL_WORK_OD_WEIGHT_NOT_BUS_RIDERSHIP_NOT_ROUTE_DEMAND
097092,La Valletta Brianza,012068,Ferno,1.000000000,OTHER_EXTERNAL,false,false,NOT_SELF,MUNICIPAL_WORK_OD_WEIGHT_NOT_BUS_RIDERSHIP_NOT_ROUTE_DEMAND
097092,La Valletta Brianza,013102,Fino Mornasco,1.000000000,OTHER_EXTERNAL,false,false,NOT_SELF,MUNICIPAL_WORK_OD_WEIGHT_NOT_BUS_RIDERSHIP_NOT_ROUTE_DEMAND
097092,La Valletta Brianza,097038,Garlate,1.000000000,OTHER_EXTERNAL,false,false,NOT_SELF,MUNICIPAL_WORK_OD_WEIGHT_NOT_BUS_RIDERSHIP_NOT_ROUTE_DEMAND
097092,La Valletta Brianza,015106,Gessate,1.000000000,OTHER_EXTERNAL,false,false,NOT_SELF,MUNICIPAL_WORK_OD_WEIGHT_NOT_BUS_RIDERSHIP_NOT_ROUTE_DEMAND
097092,La Valletta Brianza,015114,Inzago,1.000000000,OTHER_EXTERNAL,false,false,NOT_SELF,MUNICIPAL_WORK_OD_WEIGHT_NOT_BUS_RIDERSHIP_NOT_ROUTE_DEMAND
097092,La Valletta Brianza,015116,Lainate,1.000000000,OTHER_EXTERNAL,false,false,NOT_SELF,MUNICIPAL_WORK_OD_WEIGHT_NOT_BUS_RIDERSHIP_NOT_ROUTE_DEMAND
097092,La Valletta Brianza,013121,Lambrugo,1.000000000,OTHER_EXTERNAL,false,false,NOT_SELF,MUNICIPAL_WORK_OD_WEIGHT_NOT_BUS_RIDERSHIP_NOT_ROUTE_DEMAND
097092,La Valletta Brianza,098031,Lodi,1.000000000,OTHER_EXTERNAL,false,false,NOT_SELF,MUNICIPAL_WORK_OD_WEIGHT_NOT_BUS_RIDERSHIP_NOT_ROUTE_DEMAND
097092,La Valletta Brianza,017096,Lumezzane,1.000000000,OTHER_EXTERNAL,false,false,NOT_SELF,MUNICIPAL_WORK_OD_WEIGHT_NOT_BUS_RIDERSHIP_NOT_ROUTE_DEMAND
097092,La Valletta Brianza,108029,Macherio,1.000000000,OTHER_EXTERNAL,false,false,NOT_SELF,MUNICIPAL_WORK_OD_WEIGHT_NOT_BUS_RIDERSHIP_NOT_ROUTE_DEMAND
097092,La Valletta Brianza,097045,Malgrate,1.000000000,OTHER_EXTERNAL,false,false,NOT_SELF,MUNICIPAL_WORK_OD_WEIGHT_NOT_BUS_RIDERSHIP_NOT_ROUTE_DEMAND
097092,La Valletta Brianza,015136,Masate,1.000000000,OTHER_EXTERNAL,false,false,NOT_SELF,MUNICIPAL_WORK_OD_WEIGHT_NOT_BUS_RIDERSHIP_NOT_ROUTE_DEMAND
097092,La Valletta Brianza,013147,Merone,1.000000000,OTHER_EXTERNAL,false,false,NOT_SELF,MUNICIPAL_WORK_OD_WEIGHT_NOT_BUS_RIDERSHIP_NOT_ROUTE_DEMAND
097092,La Valletta Brianza,108034,Muggiò,1.000000000,OTHER_EXTERNAL,false,false,NOT_SELF,MUNICIPAL_WORK_OD_WEIGHT_NOT_BUS_RIDERSHIP_NOT_ROUTE_DEMAND
097092,La Valletta Brianza,015157,Novate Milanese,1.000000000,OTHER_EXTERNAL,false,false,NOT_SELF,MUNICIPAL_WORK_OD_WEIGHT_NOT_BUS_RIDERSHIP_NOT_ROUTE_DEMAND
097092,La Valletta Brianza,012109,Origgio,1.000000000,OTHER_EXTERNAL,false,false,NOT_SELF,MUNICIPAL_WORK_OD_WEIGHT_NOT_BUS_RIDERSHIP_NOT_ROUTE_DEMAND
097092,La Valletta Brianza,108036,Ornago,1.000000000,OTHER_EXTERNAL,false,false,NOT_SELF,MUNICIPAL_WORK_OD_WEIGHT_NOT_BUS_RIDERSHIP_NOT_ROUTE_DEMAND
097092,La Valletta Brianza,015167,Pantigliate,1.000000000,OTHER_EXTERNAL,false,false,NOT_SELF,MUNICIPAL_WORK_OD_WEIGHT_NOT_BUS_RIDERSHIP_NOT_ROUTE_DEMAND
097092,La Valletta Brianza,015170,Pero,1.000000000,OTHER_EXTERNAL,false,false,NOT_SELF,MUNICIPAL_WORK_OD_WEIGHT_NOT_BUS_RIDERSHIP_NOT_ROUTE_DEMAND
097092,La Valletta Brianza,033032,Piacenza,1.000000000,OTHER_EXTERNAL,false,false,NOT_SELF,MUNICIPAL_WORK_OD_WEIGHT_NOT_BUS_RIDERSHIP_NOT_ROUTE_DEMAND
097092,La Valletta Brianza,013188,Ponte Lambro,1.000000000,OTHER_EXTERNAL,false,false,NOT_SELF,MUNICIPAL_WORK_OD_WEIGHT_NOT_BUS_RIDERSHIP_NOT_ROUTE_DEMAND
097092,La Valletta Brianza,016172,Pontirolo Nuovo,1.000000000,OTHER_EXTERNAL,false,false,NOT_SELF,MUNICIPAL_WORK_OD_WEIGHT_NOT_BUS_RIDERSHIP_NOT_ROUTE_DEMAND
097092,La Valletta Brianza,012118,Samarate,1.000000000,OTHER_EXTERNAL,false,false,NOT_SELF,MUNICIPAL_WORK_OD_WEIGHT_NOT_BUS_RIDERSHIP_NOT_ROUTE_DEMAND
097092,La Valletta Brianza,012119,Saronno,1.000000000,OTHER_EXTERNAL,false,false,NOT_SELF,MUNICIPAL_WORK_OD_WEIGHT_NOT_BUS_RIDERSHIP_NOT_ROUTE_DEMAND
097092,La Valletta Brianza,016198,Seriate,1.000000000,OTHER_EXTERNAL,false,false,NOT_SELF,MUNICIPAL_WORK_OD_WEIGHT_NOT_BUS_RIDERSHIP_NOT_ROUTE_DEMAND
097092,La Valletta Brianza,015211,Settimo Milanese,1.000000000,OTHER_EXTERNAL,false,false,NOT_SELF,MUNICIPAL_WORK_OD_WEIGHT_NOT_BUS_RIDERSHIP_NOT_ROUTE_DEMAND
097092,La Valletta Brianza,108041,Sovico,1.000000000,OTHER_EXTERNAL,false,false,NOT_SELF,MUNICIPAL_WORK_OD_WEIGHT_NOT_BUS_RIDERSHIP_NOT_ROUTE_DEMAND
097092,La Valletta Brianza,016209,Suisio,1.000000000,OTHER_EXTERNAL,false,false,NOT_SELF,MUNICIPAL_WORK_OD_WEIGHT_NOT_BUS_RIDERSHIP_NOT_ROUTE_DEMAND
097092,La Valletta Brianza,016213,Terno d'Isola,1.000000000,OTHER_EXTERNAL,false,false,NOT_SELF,MUNICIPAL_WORK_OD_WEIGHT_NOT_BUS_RIDERSHIP_NOT_ROUTE_DEMAND
097092,La Valletta Brianza,006174,Tortona,1.000000000,OTHER_EXTERNAL,false,false,NOT_SELF,MUNICIPAL_WORK_OD_WEIGHT_NOT_BUS_RIDERSHIP_NOT_ROUTE_DEMAND
097092,La Valletta Brianza,016219,Treviglio,1.000000000,OTHER_EXTERNAL,false,false,NOT_SELF,MUNICIPAL_WORK_OD_WEIGHT_NOT_BUS_RIDERSHIP_NOT_ROUTE_DEMAND
097092,La Valletta Brianza,015220,Trezzano sul Naviglio,1.000000000,OTHER_EXTERNAL,false,false,NOT_SELF,MUNICIPAL_WORK_OD_WEIGHT_NOT_BUS_RIDERSHIP_NOT_ROUTE_DEMAND
097092,La Valletta Brianza,015222,Tribiano,1.000000000,OTHER_EXTERNAL,false,false,NOT_SELF,MUNICIPAL_WORK_OD_WEIGHT_NOT_BUS_RIDERSHIP_NOT_ROUTE_DEMAND
097092,La Valletta Brianza,108043,Triuggio,1.000000000,OTHER_EXTERNAL,false,false,NOT_SELF,MUNICIPAL_WORK_OD_WEIGHT_NOT_BUS_RIDERSHIP_NOT_ROUTE_DEMAND
097092,La Valletta Brianza,015242,Vimodrone,1.000000000,OTHER_EXTERNAL,false,false,NOT_SELF,MUNICIPAL_WORK_OD_WEIGHT_NOT_BUS_RIDERSHIP_NOT_ROUTE_DEMAND
