cell_id,lat,lon,elevation_m,comune,frazione,pop_raw,pop_calibrated
CELL_00001,45.71,9.4174,264.4,Calco,Arlate,5.058,0.98
CELL_00002,45.71,9.4187,261.1,Calco,Arlate,5.898,1.14
CELL_00003,45.71,9.42,268.9,Calco,Arlate,7.075,1.37
CELL_00004,45.71,9.4213,257.5,Calco,Arlate,8.333,1.61
CELL_00005,45.71,9.4226,261.9,Calco,Arlate,9.972,1.93
CELL_00006,45.71,9.4239,263.9,Calco,Arlate,11.558,2.23
CELL_00007,45.71,9.4252,269.8,Calco,Arlate,13.141,2.54
CELL_00008,45.71,9.4265,258.5,Calco,Arlate,15.049,2.91
CELL_00009,45.71,9.4278,265.3,Calco,Arlate,16.724,3.23
CELL_00010,45.71,9.4291,260.8,Calco,Arlate,17.902,3.46
CELL_00011,45.71,9.4304,262.5,Calco,Arlate,18.986,3.67
CELL_00012,45.71,9.4317,265.0,Calco,Arlate,19.451,3.76
CELL_00013,45.71,9.433,260.9,Calco,Arlate,19.628,3.79
CELL_00014,45.71,9.4343,260.8,Calco,Arlate,18.766,3.63
CELL_00015,45.71,9.4356,263.7,Calco,Arlate,17.661,3.41
CELL_00016,45.71,9.4369,265.6,Calco,Arlate,16.002,3.09
CELL_00017,45.71,9.4382,263.1,Calco,Arlate,14.371,2.78
CELL_00018,45.71,9.4395,262.6,Calco,Arlate,12.464,2.41
CELL_00019,45.71,9.4408,266.5,Calco,Arlate,11.04,2.13
CELL_00020,45.71,9.4421,256.1,Calco,Arlate,9.456,1.83
CELL_00021,45.71,9.4434,265.3,Calco,Arlate,7.748,1.5
CELL_00022,45.71,9.4447,263.1,Calco,Arlate,6.872,1.33
CELL_00023,45.71,9.446,264.2,Calco,Arlate,5.544,1.07
CELL_00024,45.71,9.4473,265.3,Calco,Arlate,4.557,0.88
CELL_00025,45.7109,9.4161,272.0,Calco,Arlate,4.646,0.9
CELL_00026,45.7109,9.4174,264.6,Calco,Arlate,5.683,1.1
CELL_00027,45.7109,9.4187,265.8,Calco,Arlate,6.587,1.27
CELL_00028,45.7109,9.42,258.2,Calco,Arlate,8.226,1.59
CELL_00029,45.7109,9.4213,263.3,Calco,Arlate,9.607,1.86
CELL_00030,45.7109,9.4226,269.2,Calco,Arlate,11.418,2.21
CELL_00031,45.7109,9.4239,259.5,Calco,Arlate,13.4,2.59
CELL_00032,45.7109,9.4252,261.4,Calco,Arlate,15.653,3.02
CELL_00033,45.7109,9.4265,263.2,Calco,Arlate,17.828,3.44
CELL_00034,45.7109,9.4278,267.9,Calco,Arlate,20.245,3.91
CELL_00035,45.7109,9.4291,255.9,Calco,Arlate,22.324,4.31
CELL_00036,45.7109,9.4304,260.5,Calco,Arlate,23.645,4.57
CELL_00037,45.7109,9.4317,261.0,Calco,Arlate,24.247,4.68
CELL_00038,45.7109,9.433,262.1,Calco,Arlate,24.141,4.66
CELL_00039,45.7109,9.4343,264.6,Calco,Arlate,23.004,4.44
CELL_00040,45.7109,9.4356,268.4,Calco,Arlate,21.388,4.13
CELL_00041,45.7109,9.4369,258.3,Calco,Arlate,19.256,3.72
CELL_00042,45.7109,9.4382,260.4,Calco,Arlate,16.912,3.27
CELL_00043,45.7109,9.4395,260.1,Calco,Arlate,14.635,2.83
CELL_00044,45.7109,9.4408,261.6,Calco,Arlate,12.722,2.46
CELL_00045,45.7109,9.4421,262.2,Calco,Arlate,10.525,2.03
CELL_00046,45.7109,9.4434,263.9,Calco,Arlate,9.111,1.76
CELL_00047,45.7109,9.4447,263.4,Calco,Arlate,7.396,1.43
CELL_00048,45.7109,9.446,264.2,Calco,Arlate,6.167,1.19
CELL_00049,45.7109,9.4473,266.3,Calco,Arlate,5.309,1.03
CELL_00050,45.7118,9.4161,262.2,Calco,Arlate,5.231,1.01
CELL_00051,45.7118,9.4174,262.7,Calco,Arlate,6.081,1.17
CELL_00052,45.7118,9.4187,263.4,Calco,Arlate,7.577,1.46
CELL_00053,45.7118,9.42,261.0,Calco,Arlate,9.073,1.75
CELL_00054,45.7118,9.4213,265.7,Calco,Arlate,11.027,2.13
CELL_00055,45.7118,9.4226,265.3,Calco,Arlate,12.873,2.49
CELL_00056,45.7118,9.4239,260.9,Calco,Arlate,15.405,2.98
CELL_00057,45.7118,9.4252,257.9,Calco,Arlate,18.224,3.52
CELL_00058,45.7118,9.4265,262.7,Calco,Arlate,21.203,4.1
CELL_00059,45.7118,9.4278,264.6,Calco,Arlate,24.363,4.71
CELL_00060,45.7118,9.4291,257.4,Calco,Arlate,26.997,5.22
CELL_00061,45.7118,9.4304,267.2,Calco,Arlate,29.186,5.64
CELL_00062,45.7118,9.4317,259.5,Calco,Arlate,30.023,5.8
CELL_00063,45.7118,9.433,262.3,Calco,Arlate,29.973,5.79
CELL_00064,45.7118,9.4343,261.9,Calco,Arlate,28.277,5.46
CELL_00065,45.7118,9.4356,258.4,Calco,Arlate,25.877,5.0
CELL_00066,45.7118,9.4369,266.1,Calco,Arlate,23.128,4.47
CELL_00067,45.7118,9.4382,260.8,Calco,Arlate,20.185,3.9
CELL_00068,45.7118,9.4395,264.3,Calco,Arlate,17.022,3.29
CELL_00069,45.7118,9.4408,260.6,Calco,Arlate,14.489,2.8
CELL_00070,45.7118,9.4421,259.5,Calco,Arlate,12.002,2.32
CELL_00071,45.7118,9.4434,263.8,Calco,Arlate,10.156,1.96
CELL_00072,45.7118,9.4447,268.9,Calco,Arlate,8.458,1.63
CELL_00073,45.7118,9.446,262.0,Calco,Arlate,6.906,1.33
CELL_00074,45.7118,9.4473,265.4,Calco,Arlate,5.542,1.07
CELL_00075,45.7118,9.4486,264.6,Calco,Arlate,4.477,0.86
CELL_00076,45.7127,9.3771,362.6,Olgiate Molgora,San Zeno,3.047,0.68
CELL_00077,45.7127,9.3784,360.6,Olgiate Molgora,San Zeno,3.197,0.71
CELL_00078,45.7127,9.3797,363.0,Olgiate Molgora,San Zeno,3.182,0.71
CELL_00079,45.7127,9.381,364.8,Olgiate Molgora,San Zeno,3.314,0.74
CELL_00080,45.7127,9.3823,367.1,Olgiate Molgora,San Zeno,3.201,0.71
CELL_00081,45.7127,9.3836,367.3,Olgiate Molgora,San Zeno,3.184,0.71
CELL_00082,45.7127,9.3849,358.6,Olgiate Molgora,San Zeno,3.186,0.71
CELL_00083,45.7127,9.3862,366.7,Olgiate Molgora,San Zeno,3.174,0.71
CELL_00084,45.7127,9.4161,266.5,Calco,Arlate,5.484,1.06
CELL_00085,45.7127,9.4174,267.7,Calco,Arlate,6.777,1.31
CELL_00086,45.7127,9.4187,262.3,Calco,Arlate,8.047,1.55
CELL_00087,45.7127,9.42,265.4,Calco,Arlate,9.835,1.9
CELL_00088,45.7127,9.4213,265.1,Calco,Arlate,11.852,2.29
CELL_00089,45.7127,9.4226,260.0,Calco,Arlate,14.387,2.78
CELL_00090,45.7127,9.4239,264.2,Calco,Arlate,17.459,3.37
CELL_00091,45.7127,9.4252,265.6,Calco,Arlate,20.885,4.03
CELL_00092,45.7127,9.4265,262.8,Calco,Arlate,24.717,4.78
CELL_00093,45.7127,9.4278,264.3,Calco,Arlate,28.876,5.58
CELL_00094,45.7127,9.4291,265.0,Calco,Arlate,33.001,6.38
CELL_00095,45.7127,9.4304,263.4,Calco,Arlate,35.939,6.94
CELL_00096,45.7127,9.4317,268.6,Calco,Arlate,37.58,7.26
CELL_00097,45.7127,9.433,268.2,Calco,Arlate,36.933,7.14
CELL_00098,45.7127,9.4343,264.7,Calco,Arlate,34.877,6.74
CELL_00099,45.7127,9.4356,265.4,Calco,Arlate,31.301,6.05
CELL_00100,45.7127,9.4369,261.0,Calco,Arlate,27.306,5.28
CELL_00101,45.7127,9.4382,258.9,Calco,Arlate,23.359,4.51
CELL_00102,45.7127,9.4395,262.2,Calco,Arlate,19.556,3.78
CELL_00103,45.7127,9.4408,258.1,Calco,Arlate,16.17,3.12
CELL_00104,45.7127,9.4421,265.8,Calco,Arlate,13.455,2.6
CELL_00105,45.7127,9.4434,261.1,Calco,Arlate,10.945,2.11
CELL_00106,45.7127,9.4447,262.3,Calco,Arlate,8.973,1.73
CELL_00107,45.7127,9.446,267.5,Calco,Arlate,7.647,1.48
CELL_00108,45.7127,9.4473,263.6,Calco,Arlate,5.934,1.15
CELL_00109,45.7127,9.4486,262.3,Calco,Arlate,4.838,0.93
CELL_00110,45.7136,9.3745,364.3,Olgiate Molgora,San Zeno,3.181,0.71
CELL_00111,45.7136,9.3758,361.6,Olgiate Molgora,San Zeno,3.291,0.73
CELL_00112,45.7136,9.3771,360.4,Olgiate Molgora,San Zeno,3.574,0.79
CELL_00113,45.7136,9.3784,361.1,Olgiate Molgora,San Zeno,3.724,0.83
CELL_00114,45.7136,9.3797,358.1,Olgiate Molgora,San Zeno,4.058,0.9
CELL_00115,45.7136,9.381,361.8,Olgiate Molgora,San Zeno,3.865,0.86
CELL_00116,45.7136,9.3823,356.8,Olgiate Molgora,San Zeno,4.081,0.91
CELL_00117,45.7136,9.3836,357.9,Olgiate Molgora,San Zeno,3.754,0.84
CELL_00118,45.7136,9.3849,370.1,Olgiate Molgora,San Zeno,3.678,0.82
CELL_00119,45.7136,9.3862,361.9,Olgiate Molgora,San Zeno,3.811,0.85
CELL_00120,45.7136,9.3875,361.1,Olgiate Molgora,San Zeno,3.378,0.75
CELL_00121,45.7136,9.3888,361.3,Olgiate Molgora,San Zeno,3.097,0.69
CELL_00122,45.7136,9.3901,364.5,Olgiate Molgora,San Zeno,3.077,0.68
CELL_00123,45.7136,9.4122,278.5,Calco,Calco Centro,14.244,2.75
CELL_00124,45.7136,9.4148,261.2,Calco,Arlate,4.737,0.92
CELL_00125,45.7136,9.4161,261.4,Calco,Arlate,5.874,1.13
CELL_00126,45.7136,9.4174,258.4,Calco,Arlate,6.958,1.34
CELL_00127,45.7136,9.4187,261.7,Calco,Arlate,8.562,1.65
CELL_00128,45.7136,9.42,264.0,Calco,Arlate,10.819,2.09
CELL_00129,45.7136,9.4213,266.0,Calco,Arlate,13.224,2.55
CELL_00130,45.7136,9.4226,265.1,Calco,Arlate,15.95,3.08
CELL_00131,45.7136,9.4239,263.8,Calco,Arlate,19.405,3.75
CELL_00132,45.7136,9.4252,269.4,Calco,Arlate,23.642,4.57
CELL_00133,45.7136,9.4265,262.4,Calco,Arlate,28.637,5.53
CELL_00134,45.7136,9.4278,264.1,Calco,Arlate,33.796,6.53
CELL_00135,45.7136,9.4291,268.8,Calco,Arlate,39.271,7.59
CELL_00136,45.7136,9.4304,264.7,Calco,Arlate,44.208,8.54
CELL_00137,45.7136,9.4317,265.6,Calco,Arlate,46.395,8.96
CELL_00138,45.7136,9.433,264.5,Calco,Arlate,45.937,8.88
CELL_00139,45.7136,9.4343,266.9,Calco,Arlate,42.26,8.16
CELL_00140,45.7136,9.4356,262.3,Calco,Arlate,37.137,7.17
CELL_00141,45.7136,9.4369,262.9,Calco,Arlate,32.014,6.19
CELL_00142,45.7136,9.4382,264.9,Calco,Arlate,26.763,5.17
CELL_00143,45.7136,9.4395,265.9,Calco,Arlate,21.954,4.24
CELL_00144,45.7136,9.4408,262.4,Calco,Arlate,18.052,3.49
CELL_00145,45.7136,9.4421,266.4,Calco,Arlate,14.832,2.87
CELL_00146,45.7136,9.4434,268.0,Calco,Arlate,12.267,2.37
CELL_00147,45.7136,9.4447,268.2,Calco,Arlate,9.826,1.9
CELL_00148,45.7136,9.446,264.3,Calco,Arlate,7.857,1.52
CELL_00149,45.7136,9.4473,262.1,Calco,Arlate,6.319,1.22
CELL_00150,45.7136,9.4486,262.0,Calco,Arlate,5.415,1.05
CELL_00151,45.7145,9.3719,362.3,Olgiate Molgora,San Zeno,2.829,0.63
CELL_00152,45.7145,9.3732,365.4,Olgiate Molgora,San Zeno,3.402,0.76
CELL_00153,45.7145,9.3745,362.3,Olgiate Molgora,San Zeno,3.549,0.79
CELL_00154,45.7145,9.3758,363.0,Olgiate Molgora,San Zeno,4.016,0.89
CELL_00155,45.7145,9.3771,360.2,Olgiate Molgora,San Zeno,4.354,0.97
CELL_00156,45.7145,9.3784,366.0,Olgiate Molgora,San Zeno,4.629,1.03
CELL_00157,45.7145,9.3797,361.9,Olgiate Molgora,San Zeno,4.879,1.09
CELL_00158,45.7145,9.381,362.3,Olgiate Molgora,San Zeno,4.75,1.06
CELL_00159,45.7145,9.3823,363.2,Olgiate Molgora,San Zeno,4.839,1.08
CELL_00160,45.7145,9.3836,361.5,Olgiate Molgora,San Zeno,4.943,1.1
CELL_00161,45.7145,9.3849,366.1,Olgiate Molgora,San Zeno,4.51,1.0
CELL_00162,45.7145,9.3862,356.5,Olgiate Molgora,San Zeno,4.614,1.03
CELL_00163,45.7145,9.3875,365.4,Olgiate Molgora,San Zeno,4.171,0.93
CELL_00164,45.7145,9.3888,365.1,Olgiate Molgora,San Zeno,3.808,0.85
CELL_00165,45.7145,9.3901,364.4,Olgiate Molgora,San Zeno,3.37,0.75
CELL_00166,45.7145,9.3914,360.8,Olgiate Molgora,San Zeno,3.285,0.73
CELL_00167,45.7145,9.4057,277.9,Calco,Calco Centro,13.979,2.7
CELL_00168,45.7145,9.407,282.8,Calco,Calco Centro,15.25,2.95
CELL_00169,45.7145,9.4083,281.5,Calco,Calco Centro,15.864,3.06
CELL_00170,45.7145,9.4096,277.5,Calco,Calco Centro,16.745,3.24
CELL_00171,45.7145,9.4109,283.6,Calco,Calco Centro,17.313,3.34
CELL_00172,45.7145,9.4122,277.7,Calco,Calco Centro,17.526,3.39
CELL_00173,45.7145,9.4135,277.9,Calco,Calco Centro,17.231,3.33
CELL_00174,45.7145,9.4148,277.8,Calco,Calco Centro,16.905,3.27
CELL_00175,45.7145,9.4161,263.6,Calco,Arlate,6.006,1.16
CELL_00176,45.7145,9.4174,263.8,Calco,Arlate,7.188,1.39
CELL_00177,45.7145,9.4187,270.3,Calco,Arlate,9.254,1.79
CELL_00178,45.7145,9.42,260.3,Calco,Arlate,11.152,2.15
CELL_00179,45.7145,9.4213,264.5,Calco,Arlate,14.023,2.71
CELL_00180,45.7145,9.4226,266.6,Calco,Arlate,17.059,3.3
CELL_00181,45.7145,9.4239,260.7,Calco,Arlate,21.057,4.07
CELL_00182,45.7145,9.4252,256.1,Calco,Arlate,26.13,5.05
CELL_00183,45.7145,9.4265,261.3,Calco,Arlate,32.136,6.21
CELL_00184,45.7145,9.4278,266.8,Calco,Arlate,38.743,7.49
CELL_00185,45.7145,9.4291,263.0,Calco,Arlate,46.348,8.95
CELL_00186,45.7145,9.4304,265.9,Calco,Arlate,53.486,10.33
CELL_00187,45.7145,9.4317,261.1,Calco,Arlate,57.775,11.16
CELL_00188,45.7145,9.433,265.3,Calco,Arlate,56.806,10.97
CELL_00189,45.7145,9.4343,259.7,Calco,Arlate,50.755,9.81
CELL_00190,45.7145,9.4356,264.1,Calco,Arlate,43.557,8.42
CELL_00191,45.7145,9.4369,264.1,Calco,Arlate,35.95,6.95
CELL_00192,45.7145,9.4382,263.9,Calco,Arlate,29.697,5.74
CELL_00193,45.7145,9.4395,264.5,Calco,Arlate,24.125,4.66
CELL_00194,45.7145,9.4408,262.5,Calco,Arlate,19.689,3.8
CELL_00195,45.7145,9.4421,262.9,Calco,Arlate,15.793,3.05
CELL_00196,45.7145,9.4434,263.3,Calco,Arlate,12.76,2.47
CELL_00197,45.7145,9.4447,267.7,Calco,Arlate,10.279,1.99
CELL_00198,45.7145,9.446,263.2,Calco,Arlate,8.304,1.6
CELL_00199,45.7145,9.4473,262.9,Calco,Arlate,6.933,1.34
CELL_00200,45.7145,9.4486,263.6,Calco,Arlate,5.437,1.05
CELL_00201,45.7154,9.3706,362.7,Olgiate Molgora,San Zeno,3.202,0.71
CELL_00202,45.7154,9.3719,359.8,Olgiate Molgora,San Zeno,3.381,0.75
CELL_00203,45.7154,9.3732,362.0,Olgiate Molgora,San Zeno,3.859,0.86
CELL_00204,45.7154,9.3745,358.9,Olgiate Molgora,San Zeno,4.406,0.98
CELL_00205,45.7154,9.3758,366.7,Olgiate Molgora,San Zeno,4.783,1.06
CELL_00206,45.7154,9.3771,360.8,Olgiate Molgora,San Zeno,5.198,1.16
CELL_00207,45.7154,9.3784,362.5,Olgiate Molgora,San Zeno,5.711,1.27
CELL_00208,45.7154,9.3797,365.9,Olgiate Molgora,San Zeno,5.717,1.27
CELL_00209,45.7154,9.381,358.7,Olgiate Molgora,San Zeno,6.0,1.33
CELL_00210,45.7154,9.3823,363.4,Olgiate Molgora,San Zeno,5.895,1.31
CELL_00211,45.7154,9.3836,358.0,Olgiate Molgora,San Zeno,5.841,1.3
CELL_00212,45.7154,9.3849,361.7,Olgiate Molgora,San Zeno,5.707,1.27
CELL_00213,45.7154,9.3862,367.2,Olgiate Molgora,San Zeno,5.305,1.18
CELL_00214,45.7154,9.3875,362.3,Olgiate Molgora,San Zeno,4.914,1.09
CELL_00215,45.7154,9.3888,364.8,Olgiate Molgora,San Zeno,4.755,1.06
CELL_00216,45.7154,9.3901,371.5,Olgiate Molgora,San Zeno,4.027,0.9
CELL_00217,45.7154,9.3914,367.3,Olgiate Molgora,San Zeno,3.825,0.85
CELL_00218,45.7154,9.3927,366.3,Olgiate Molgora,San Zeno,3.342,0.74
CELL_00219,45.7154,9.394,360.3,Olgiate Molgora,San Zeno,3.125,0.7
CELL_00220,45.7154,9.4044,273.6,Calco,Calco Centro,15.574,3.01
CELL_00221,45.7154,9.4057,279.1,Calco,Calco Centro,17.139,3.31
CELL_00222,45.7154,9.407,275.6,Calco,Calco Centro,18.71,3.61
CELL_00223,45.7154,9.4083,278.9,Calco,Calco Centro,19.592,3.79
CELL_00224,45.7154,9.4096,284.7,Calco,Calco Centro,20.832,4.02
CELL_00225,45.7154,9.4109,275.3,Calco,Calco Centro,21.331,4.12
CELL_00226,45.7154,9.4122,277.4,Calco,Calco Centro,21.71,4.19
CELL_00227,45.7154,9.4135,278.5,Calco,Calco Centro,21.461,4.15
CELL_00228,45.7154,9.4148,282.5,Calco,Calco Centro,20.874,4.03
CELL_00229,45.7154,9.4161,279.4,Calco,Calco Centro,20.258,3.91
CELL_00230,45.7154,9.4174,264.0,Calco,Arlate,7.429,1.44
CELL_00231,45.7154,9.4187,266.0,Calco,Arlate,9.375,1.81
CELL_00232,45.7154,9.42,263.6,Calco,Arlate,11.791,2.28
CELL_00233,45.7154,9.4213,267.4,Calco,Arlate,14.531,2.81
CELL_00234,45.7154,9.4226,264.1,Calco,Arlate,17.965,3.47
CELL_00235,45.7154,9.4239,262.5,Calco,Arlate,22.349,4.32
CELL_00236,45.7154,9.4252,264.9,Calco,Arlate,27.957,5.4
CELL_00237,45.7154,9.4265,261.3,Calco,Arlate,34.583,6.68
CELL_00238,45.7154,9.4278,264.9,Calco,Arlate,42.774,8.26
CELL_00239,45.7154,9.4291,261.9,Calco,Arlate,52.239,10.09
CELL_00240,45.7154,9.4304,264.8,Calco,Arlate,63.236,12.22
CELL_00241,45.7154,9.4317,266.8,Calco,Arlate,71.81,13.87
CELL_00242,45.7154,9.433,269.8,Calco,Arlate,69.074,13.35
CELL_00243,45.7154,9.4343,260.6,Calco,Arlate,58.852,11.37
CELL_00244,45.7154,9.4356,273.0,Calco,Arlate,48.583,9.39
CELL_00245,45.7154,9.4369,266.3,Calco,Arlate,39.368,7.61
CELL_00246,45.7154,9.4382,263.6,Calco,Arlate,31.653,6.12
CELL_00247,45.7154,9.4395,262.7,Calco,Arlate,25.488,4.92
CELL_00248,45.7154,9.4408,267.7,Calco,Arlate,20.395,3.94
CELL_00249,45.7154,9.4421,263.1,Calco,Arlate,16.557,3.2
CELL_00250,45.7154,9.4434,262.3,Calco,Arlate,13.175,2.55
CELL_00251,45.7154,9.4447,263.9,Calco,Arlate,10.557,2.04
CELL_00252,45.7154,9.446,267.2,Calco,Arlate,8.718,1.68
CELL_00253,45.7154,9.4473,264.2,Calco,Arlate,7.158,1.38
CELL_00254,45.7154,9.4486,266.5,Calco,Arlate,5.763,1.11
CELL_00255,45.7154,9.4499,262.5,Calco,Arlate,4.416,0.85
CELL_00256,45.7163,9.3693,361.9,Olgiate Molgora,San Zeno,3.183,0.71
CELL_00257,45.7163,9.3706,361.7,Olgiate Molgora,San Zeno,3.716,0.83
CELL_00258,45.7163,9.3719,365.0,Olgiate Molgora,San Zeno,4.21,0.94
CELL_00259,45.7163,9.3732,368.2,Olgiate Molgora,San Zeno,4.49,1.0
CELL_00260,45.7163,9.3745,362.7,Olgiate Molgora,San Zeno,5.007,1.11
CELL_00261,45.7163,9.3758,361.9,Olgiate Molgora,San Zeno,5.896,1.31
CELL_00262,45.7163,9.3771,364.4,Olgiate Molgora,San Zeno,6.25,1.39
CELL_00263,45.7163,9.3784,362.4,Olgiate Molgora,San Zeno,6.668,1.48
CELL_00264,45.7163,9.3797,357.9,Olgiate Molgora,San Zeno,7.127,1.59
CELL_00265,45.7163,9.381,362.5,Olgiate Molgora,San Zeno,7.486,1.67
CELL_00266,45.7163,9.3823,356.6,Olgiate Molgora,San Zeno,7.5,1.67
CELL_00267,45.7163,9.3836,365.4,Olgiate Molgora,San Zeno,7.149,1.59
CELL_00268,45.7163,9.3849,363.6,Olgiate Molgora,San Zeno,7.13,1.59
CELL_00269,45.7163,9.3862,363.3,Olgiate Molgora,San Zeno,6.448,1.43
CELL_00270,45.7163,9.3875,358.6,Olgiate Molgora,San Zeno,6.123,1.36
CELL_00271,45.7163,9.3888,362.1,Olgiate Molgora,San Zeno,5.776,1.28
CELL_00272,45.7163,9.3901,363.0,Olgiate Molgora,San Zeno,5.005,1.11
CELL_00273,45.7163,9.3914,362.3,Olgiate Molgora,San Zeno,4.504,1.0
CELL_00274,45.7163,9.3927,362.7,Olgiate Molgora,San Zeno,3.702,0.82
CELL_00275,45.7163,9.394,362.3,Olgiate Molgora,San Zeno,3.299,0.73
CELL_00276,45.7163,9.3953,358.5,Olgiate Molgora,San Zeno,2.876,0.64
CELL_00277,45.7163,9.4018,279.4,Calco,Calco Centro,14.918,2.88
CELL_00278,45.7163,9.4031,278.4,Calco,Calco Centro,16.929,3.27
CELL_00279,45.7163,9.4044,273.0,Calco,Calco Centro,18.68,3.61
CELL_00280,45.7163,9.4057,273.5,Calco,Calco Centro,20.696,4.0
CELL_00281,45.7163,9.407,283.9,Calco,Calco Centro,22.826,4.41
CELL_00282,45.7163,9.4083,275.4,Calco,Calco Centro,24.313,4.7
CELL_00283,45.7163,9.4096,274.4,Calco,Calco Centro,25.829,4.99
CELL_00284,45.7163,9.4109,278.0,Calco,Calco Centro,26.419,5.1
CELL_00285,45.7163,9.4122,282.4,Calco,Calco Centro,27.058,5.23
CELL_00286,45.7163,9.4135,278.9,Calco,Calco Centro,26.644,5.15
CELL_00287,45.7163,9.4148,273.4,Calco,Calco Centro,26.029,5.03
CELL_00288,45.7163,9.4161,280.2,Calco,Calco Centro,24.906,4.81
CELL_00289,45.7163,9.4174,263.4,Calco,Arlate,7.791,1.51
CELL_00290,45.7163,9.4187,265.4,Calco,Arlate,9.69,1.87
CELL_00291,45.7163,9.42,267.2,Calco,Arlate,11.962,2.31
CELL_00292,45.7163,9.4213,267.8,Calco,Arlate,14.568,2.81
CELL_00293,45.7163,9.4226,270.5,Calco,Arlate,18.29,3.53
CELL_00294,45.7163,9.4239,267.6,Calco,Arlate,23.003,4.44
CELL_00295,45.7163,9.4252,268.5,Calco,Arlate,28.396,5.49
CELL_00296,45.7163,9.4265,265.5,Calco,Arlate,35.471,6.85
CELL_00297,45.7163,9.4278,266.5,Calco,Arlate,44.451,8.59
CELL_00298,45.7163,9.4291,266.1,Calco,Arlate,55.063,10.64
CELL_00299,45.7163,9.4304,261.4,Calco,Arlate,69.134,13.36
CELL_00300,45.7163,9.4317,262.3,Calco,Arlate,85.849,16.59
CELL_00301,45.7163,9.433,260.6,Calco,Arlate,79.055,15.27
CELL_00302,45.7163,9.4343,264.0,Calco,Arlate,63.388,12.25
CELL_00303,45.7163,9.4356,264.4,Calco,Arlate,50.759,9.81
CELL_00304,45.7163,9.4369,268.3,Calco,Arlate,40.571,7.84
CELL_00305,45.7163,9.4382,269.4,Calco,Arlate,32.534,6.29
CELL_00306,45.7163,9.4395,270.5,Calco,Arlate,25.978,5.02
CELL_00307,45.7163,9.4408,267.0,Calco,Arlate,21.002,4.06
CELL_00308,45.7163,9.4421,265.4,Calco,Arlate,16.98,3.28
CELL_00309,45.7163,9.4434,262.6,Calco,Arlate,13.369,2.58
CELL_00310,45.7163,9.4447,260.5,Calco,Arlate,10.942,2.11
CELL_00311,45.7163,9.446,265.8,Calco,Arlate,8.677,1.68
CELL_00312,45.7163,9.4473,265.4,Calco,Arlate,7.089,1.37
CELL_00313,45.7163,9.4486,259.9,Calco,Arlate,5.622,1.09
CELL_00314,45.7163,9.4499,267.1,Calco,Arlate,4.733,0.91
CELL_00315,45.7172,9.368,362.6,Olgiate Molgora,San Zeno,2.983,0.66
CELL_00316,45.7172,9.3693,358.5,Olgiate Molgora,San Zeno,3.453,0.77
CELL_00317,45.7172,9.3706,362.5,Olgiate Molgora,San Zeno,4.279,0.95
CELL_00318,45.7172,9.3719,364.5,Olgiate Molgora,San Zeno,4.733,1.05
CELL_00319,45.7172,9.3732,357.4,Olgiate Molgora,San Zeno,5.629,1.25
CELL_00320,45.7172,9.3745,360.5,Olgiate Molgora,San Zeno,6.172,1.37
CELL_00321,45.7172,9.3758,365.8,Olgiate Molgora,San Zeno,6.945,1.54
CELL_00322,45.7172,9.3771,360.7,Olgiate Molgora,San Zeno,7.487,1.67
CELL_00323,45.7172,9.3784,360.1,Olgiate Molgora,San Zeno,8.481,1.89
CELL_00324,45.7172,9.3797,363.9,Olgiate Molgora,San Zeno,8.685,1.93
CELL_00325,45.7172,9.381,362.0,Olgiate Molgora,San Zeno,8.903,1.98
CELL_00326,45.7172,9.3823,366.6,Olgiate Molgora,San Zeno,9.267,2.06
CELL_00327,45.7172,9.3836,357.2,Olgiate Molgora,San Zeno,9.158,2.04
CELL_00328,45.7172,9.3849,359.0,Olgiate Molgora,San Zeno,8.474,1.88
CELL_00329,45.7172,9.3862,356.2,Olgiate Molgora,San Zeno,8.184,1.82
CELL_00330,45.7172,9.3875,359.6,Olgiate Molgora,San Zeno,7.457,1.66
CELL_00331,45.7172,9.3888,359.7,Olgiate Molgora,San Zeno,6.688,1.49
CELL_00332,45.7172,9.3901,361.1,Olgiate Molgora,San Zeno,5.896,1.31
CELL_00333,45.7172,9.3914,369.6,Olgiate Molgora,San Zeno,5.408,1.2
CELL_00334,45.7172,9.3927,357.3,Olgiate Molgora,San Zeno,4.366,0.97
CELL_00335,45.7172,9.394,365.0,Olgiate Molgora,San Zeno,4.033,0.9
CELL_00336,45.7172,9.3953,368.7,Olgiate Molgora,San Zeno,3.517,0.78
CELL_00337,45.7172,9.4005,279.6,Calco,Calco Centro,15.248,2.95
CELL_00338,45.7172,9.4018,278.1,Calco,Calco Centro,17.48,3.38
CELL_00339,45.7172,9.4031,275.6,Calco,Calco Centro,20.227,3.91
CELL_00340,45.7172,9.4044,278.4,Calco,Calco Centro,22.842,4.41
CELL_00341,45.7172,9.4057,273.1,Calco,Calco Centro,25.17,4.86
CELL_00342,45.7172,9.407,279.4,Calco,Calco Centro,27.658,5.34
CELL_00343,45.7172,9.4083,287.0,Calco,Calco Centro,29.806,5.76
CELL_00344,45.7172,9.4096,279.3,Calco,Calco Centro,31.824,6.15
CELL_00345,45.7172,9.4109,274.4,Calco,Calco Centro,32.994,6.37
CELL_00346,45.7172,9.4122,280.4,Calco,Calco Centro,33.483,6.47
CELL_00347,45.7172,9.4135,281.8,Calco,Calco Centro,33.325,6.44
CELL_00348,45.7172,9.4148,281.1,Calco,Calco Centro,32.27,6.23
CELL_00349,45.7172,9.4161,281.6,Calco,Calco Centro,30.773,5.95
CELL_00350,45.7172,9.4174,275.6,Calco,Calco Centro,28.309,5.47
CELL_00351,45.7172,9.4187,261.7,Calco,Arlate,9.283,1.79
CELL_00352,45.7172,9.42,265.6,Calco,Arlate,11.677,2.26
CELL_00353,45.7172,9.4213,269.8,Calco,Arlate,14.58,2.82
CELL_00354,45.7172,9.4226,263.2,Calco,Arlate,18.148,3.51
CELL_00355,45.7172,9.4239,263.2,Calco,Arlate,22.711,4.39
CELL_00356,45.7172,9.4252,265.8,Calco,Arlate,28.191,5.45
CELL_00357,45.7172,9.4265,264.1,Calco,Arlate,34.782,6.72
CELL_00358,45.7172,9.4278,264.4,Calco,Arlate,43.363,8.38
CELL_00359,45.7172,9.4291,263.8,Calco,Arlate,53.266,10.29
CELL_00360,45.7172,9.4304,265.8,Calco,Arlate,65.244,12.61
CELL_00361,45.7172,9.4317,266.1,Calco,Arlate,75.235,14.54
CELL_00362,45.7172,9.433,266.9,Calco,Arlate,72.182,13.95
CELL_00363,45.7172,9.4343,265.4,Calco,Arlate,60.249,11.64
CELL_00364,45.7172,9.4356,266.1,Calco,Arlate,49.173,9.5
CELL_00365,45.7172,9.4369,262.8,Calco,Arlate,39.949,7.72
CELL_00366,45.7172,9.4382,261.7,Calco,Arlate,31.996,6.18
CELL_00367,45.7172,9.4395,261.4,Calco,Arlate,25.946,5.01
CELL_00368,45.7172,9.4408,265.6,Calco,Arlate,20.638,3.99
CELL_00369,45.7172,9.4421,263.5,Calco,Arlate,16.565,3.2
CELL_00370,45.7172,9.4434,263.5,Calco,Arlate,13.604,2.63
CELL_00371,45.7172,9.4447,264.0,Calco,Arlate,10.709,2.07
CELL_00372,45.7172,9.446,264.9,Calco,Arlate,8.61,1.66
CELL_00373,45.7172,9.4473,263.7,Calco,Arlate,6.844,1.32
CELL_00374,45.7172,9.4486,266.5,Calco,Arlate,5.841,1.13
CELL_00375,45.7172,9.4499,266.5,Calco,Arlate,4.751,0.92
CELL_00376,45.7181,9.368,363.9,Olgiate Molgora,San Zeno,3.345,0.74
CELL_00377,45.7181,9.3693,363.3,Olgiate Molgora,San Zeno,4.051,0.9
CELL_00378,45.7181,9.3706,360.1,Olgiate Molgora,San Zeno,4.795,1.07
CELL_00379,45.7181,9.3719,363.2,Olgiate Molgora,San Zeno,5.377,1.2
CELL_00380,45.7181,9.3732,371.6,Olgiate Molgora,San Zeno,6.406,1.42
CELL_00381,45.7181,9.3745,365.1,Olgiate Molgora,San Zeno,7.121,1.58
CELL_00382,45.7181,9.3758,362.2,Olgiate Molgora,San Zeno,8.117,1.81
CELL_00383,45.7181,9.3771,366.5,Olgiate Molgora,San Zeno,9.317,2.07
CELL_00384,45.7181,9.3784,358.9,Olgiate Molgora,San Zeno,10.27,2.28
CELL_00385,45.7181,9.3797,367.2,Olgiate Molgora,San Zeno,10.709,2.38
CELL_00386,45.7181,9.381,364.6,Olgiate Molgora,San Zeno,11.441,2.54
CELL_00387,45.7181,9.3823,367.2,Olgiate Molgora,San Zeno,11.425,2.54
CELL_00388,45.7181,9.3836,360.6,Olgiate Molgora,San Zeno,11.298,2.51
CELL_00389,45.7181,9.3849,365.3,Olgiate Molgora,San Zeno,10.767,2.39
CELL_00390,45.7181,9.3862,366.5,Olgiate Molgora,San Zeno,9.695,2.16
CELL_00391,45.7181,9.3875,366.5,Olgiate Molgora,San Zeno,9.134,2.03
CELL_00392,45.7181,9.3888,366.0,Olgiate Molgora,San Zeno,7.919,1.76
CELL_00393,45.7181,9.3901,360.8,Olgiate Molgora,San Zeno,7.05,1.57
CELL_00394,45.7181,9.3914,365.3,Olgiate Molgora,San Zeno,6.237,1.39
CELL_00395,45.7181,9.3927,358.1,Olgiate Molgora,San Zeno,5.229,1.16
CELL_00396,45.7181,9.394,362.0,Olgiate Molgora,San Zeno,4.418,0.98
CELL_00397,45.7181,9.3953,363.0,Olgiate Molgora,San Zeno,3.763,0.84
CELL_00398,45.7181,9.3966,367.5,Olgiate Molgora,San Zeno,3.364,0.75
CELL_00399,45.7181,9.3992,275.1,Calco,Calco Centro,15.099,2.92
CELL_00400,45.7181,9.4005,277.8,Calco,Calco Centro,17.51,3.38
CELL_00401,45.7181,9.4018,274.6,Calco,Calco Centro,20.553,3.97
CELL_00402,45.7181,9.4031,277.3,Calco,Calco Centro,23.688,4.58
CELL_00403,45.7181,9.4044,278.8,Calco,Calco Centro,27.322,5.28
CELL_00404,45.7181,9.4057,283.7,Calco,Calco Centro,30.718,5.93
CELL_00405,45.7181,9.407,278.9,Calco,Calco Centro,33.952,6.56
CELL_00406,45.7181,9.4083,279.7,Calco,Calco Centro,36.808,7.11
CELL_00407,45.7181,9.4096,279.8,Calco,Calco Centro,39.184,7.57
CELL_00408,45.7181,9.4109,280.6,Calco,Calco Centro,40.753,7.87
CELL_00409,45.7181,9.4122,277.1,Calco,Calco Centro,41.529,8.02
CELL_00410,45.7181,9.4135,275.2,Calco,Calco Centro,41.263,7.97
CELL_00411,45.7181,9.4148,279.4,Calco,Calco Centro,39.982,7.72
CELL_00412,45.7181,9.4161,277.8,Calco,Calco Centro,37.844,7.31
CELL_00413,45.7181,9.4174,280.2,Calco,Calco Centro,34.978,6.76
CELL_00414,45.7181,9.4187,278.1,Calco,Calco Centro,31.718,6.13
CELL_00415,45.7181,9.42,267.5,Calco,Arlate,11.365,2.2
CELL_00416,45.7181,9.4213,267.5,Calco,Arlate,14.165,2.74
CELL_00417,45.7181,9.4226,266.0,Calco,Arlate,17.296,3.34
CELL_00418,45.7181,9.4239,264.4,Calco,Arlate,21.348,4.12
CELL_00419,45.7181,9.4252,268.3,Calco,Arlate,26.528,5.13
CELL_00420,45.7181,9.4265,269.6,Calco,Arlate,32.416,6.26
CELL_00421,45.7181,9.4278,264.8,Calco,Arlate,39.597,7.65
CELL_00422,45.7181,9.4291,263.6,Calco,Arlate,47.913,9.26
CELL_00423,45.7181,9.4304,261.8,Calco,Arlate,55.587,10.74
CELL_00424,45.7181,9.4317,265.2,Calco,Arlate,60.613,11.71
CELL_00425,45.7181,9.433,264.4,Calco,Arlate,59.508,11.5
CELL_00426,45.7181,9.4343,265.6,Calco,Arlate,52.967,10.23
CELL_00427,45.7181,9.4356,264.0,Calco,Arlate,44.578,8.61
CELL_00428,45.7181,9.4369,262.2,Calco,Arlate,36.754,7.1
CELL_00429,45.7181,9.4382,267.6,Calco,Arlate,30.266,5.85
CELL_00430,45.7181,9.4395,268.8,Calco,Arlate,24.35,4.7
CELL_00431,45.7181,9.4408,263.1,Calco,Arlate,19.76,3.82
CELL_00432,45.7181,9.4421,259.8,Calco,Arlate,15.905,3.07
CELL_00433,45.7181,9.4434,264.1,Calco,Arlate,13.082,2.53
CELL_00434,45.7181,9.4447,262.3,Calco,Arlate,10.451,2.02
CELL_00435,45.7181,9.446,262.5,Calco,Arlate,8.344,1.61
CELL_00436,45.7181,9.4473,265.7,Calco,Arlate,6.745,1.3
CELL_00437,45.7181,9.4486,268.4,Calco,Arlate,5.599,1.08
CELL_00438,45.719,9.3667,363.3,Olgiate Molgora,San Zeno,3.326,0.74
CELL_00439,45.719,9.368,362.8,Olgiate Molgora,San Zeno,3.896,0.87
CELL_00440,45.719,9.3693,366.6,Olgiate Molgora,San Zeno,4.564,1.02
CELL_00441,45.719,9.3706,367.8,Olgiate Molgora,San Zeno,5.421,1.21
CELL_00442,45.719,9.3719,361.2,Olgiate Molgora,San Zeno,6.126,1.36
CELL_00443,45.719,9.3732,363.8,Olgiate Molgora,San Zeno,7.463,1.66
CELL_00444,45.719,9.3745,365.9,Olgiate Molgora,San Zeno,8.776,1.95
CELL_00445,45.719,9.3758,360.1,Olgiate Molgora,San Zeno,9.978,2.22
CELL_00446,45.719,9.3771,363.4,Olgiate Molgora,San Zeno,11.025,2.45
CELL_00447,45.719,9.3784,365.0,Olgiate Molgora,San Zeno,12.415,2.76
CELL_00448,45.719,9.3797,367.2,Olgiate Molgora,San Zeno,13.305,2.96
CELL_00449,45.719,9.381,358.3,Olgiate Molgora,San Zeno,13.804,3.07
CELL_00450,45.719,9.3823,362.6,Olgiate Molgora,San Zeno,14.011,3.12
CELL_00451,45.719,9.3836,361.2,Olgiate Molgora,San Zeno,13.87,3.09
CELL_00452,45.719,9.3849,368.5,Olgiate Molgora,San Zeno,12.97,2.88
CELL_00453,45.719,9.3862,363.6,Olgiate Molgora,San Zeno,11.966,2.66
CELL_00454,45.719,9.3875,364.9,Olgiate Molgora,San Zeno,10.902,2.42
CELL_00455,45.719,9.3888,361.7,Olgiate Molgora,San Zeno,9.554,2.13
CELL_00456,45.719,9.3901,362.2,Olgiate Molgora,San Zeno,8.158,1.81
CELL_00457,45.719,9.3914,365.2,Olgiate Molgora,San Zeno,7.149,1.59
CELL_00458,45.719,9.3927,361.8,Olgiate Molgora,San Zeno,5.907,1.31
CELL_00459,45.719,9.394,363.1,Olgiate Molgora,San Zeno,4.865,1.08
CELL_00460,45.719,9.3953,359.0,Olgiate Molgora,San Zeno,4.227,0.94
CELL_00461,45.719,9.3966,366.4,Olgiate Molgora,San Zeno,3.541,0.79
CELL_00462,45.719,9.3979,280.1,Calco,Calco Centro,14.538,2.81
CELL_00463,45.719,9.3992,281.1,Calco,Calco Centro,17.226,3.33
CELL_00464,45.719,9.4005,274.0,Calco,Calco Centro,20.347,3.93
CELL_00465,45.719,9.4018,280.5,Calco,Calco Centro,24.219,4.68
CELL_00466,45.719,9.4031,278.5,Calco,Calco Centro,27.952,5.4
CELL_00467,45.719,9.4044,278.3,Calco,Calco Centro,32.439,6.27
CELL_00468,45.719,9.4057,280.3,Calco,Calco Centro,36.852,7.12
CELL_00469,45.719,9.407,281.5,Calco,Calco Centro,41.381,7.99
CELL_00470,45.719,9.4083,278.6,Calco,Calco Centro,45.024,8.7
CELL_00471,45.719,9.4096,276.7,Calco,Calco Centro,48.486,9.37
CELL_00472,45.719,9.4109,279.0,Calco,Calco Centro,50.648,9.79
CELL_00473,45.719,9.4122,274.8,Calco,Calco Centro,51.543,9.96
CELL_00474,45.719,9.4135,280.4,Calco,Calco Centro,51.055,9.86
CELL_00475,45.719,9.4148,281.0,Calco,Calco Centro,49.259,9.52
CELL_00476,45.719,9.4161,277.9,Calco,Calco Centro,46.432,8.97
CELL_00477,45.719,9.4174,277.0,Calco,Calco Centro,42.58,8.23
CELL_00478,45.719,9.4187,281.0,Calco,Calco Centro,38.109,7.36
CELL_00479,45.719,9.42,266.3,Calco,Arlate,10.924,2.11
CELL_00480,45.719,9.4213,259.6,Calco,Arlate,13.084,2.53
CELL_00481,45.719,9.4226,262.9,Calco,Arlate,16.211,3.13
CELL_00482,45.719,9.4239,258.2,Calco,Arlate,19.948,3.85
CELL_00483,45.719,9.4252,268.1,Calco,Arlate,24.255,4.69
CELL_00484,45.719,9.4265,266.7,Calco,Arlate,29.542,5.71
CELL_00485,45.719,9.4278,267.6,Calco,Arlate,34.862,6.74
CELL_00486,45.719,9.4291,268.7,Calco,Arlate,40.865,7.9
CELL_00487,45.719,9.4304,261.8,Calco,Arlate,45.957,8.88
CELL_00488,45.719,9.4317,267.1,Calco,Arlate,48.828,9.43
CELL_00489,45.719,9.433,264.2,Calco,Arlate,48.001,9.27
CELL_00490,45.719,9.4343,267.1,Calco,Arlate,44.142,8.53
CELL_00491,45.719,9.4356,267.1,Calco,Arlate,38.668,7.47
CELL_00492,45.719,9.4369,267.8,Calco,Arlate,32.839,6.34
CELL_00493,45.719,9.4382,269.5,Calco,Arlate,27.486,5.31
CELL_00494,45.719,9.4395,263.8,Calco,Arlate,22.441,4.34
CELL_00495,45.719,9.4408,267.1,Calco,Arlate,18.541,3.58
CELL_00496,45.719,9.4421,266.3,Calco,Arlate,15.19,2.93
CELL_00497,45.719,9.4434,268.7,Calco,Arlate,12.239,2.36
CELL_00498,45.719,9.4447,264.6,Calco,Arlate,10.061,1.94
CELL_00499,45.719,9.446,263.1,Calco,Arlate,8.182,1.58
CELL_00500,45.719,9.4473,264.1,Calco,Arlate,6.682,1.29
CELL_00501,45.719,9.4486,269.8,Calco,Arlate,5.506,1.06
CELL_00502,45.7199,9.3667,365.1,Olgiate Molgora,San Zeno,3.271,0.73
CELL_00503,45.7199,9.368,365.7,Olgiate Molgora,San Zeno,4.177,0.93
CELL_00504,45.7199,9.3693,358.9,Olgiate Molgora,San Zeno,4.999,1.11
CELL_00505,45.7199,9.3706,359.9,Olgiate Molgora,San Zeno,5.872,1.31
CELL_00506,45.7199,9.3719,368.0,Olgiate Molgora,San Zeno,7.17,1.59
CELL_00507,45.7199,9.3732,362.0,Olgiate Molgora,San Zeno,8.461,1.88
CELL_00508,45.7199,9.3745,363.9,Olgiate Molgora,San Zeno,10.062,2.24
CELL_00509,45.7199,9.3758,361.2,Olgiate Molgora,San Zeno,11.653,2.59
CELL_00510,45.7199,9.3771,364.8,Olgiate Molgora,San Zeno,13.277,2.95
CELL_00511,45.7199,9.3784,369.8,Olgiate Molgora,San Zeno,14.928,3.32
CELL_00512,45.7199,9.3797,369.2,Olgiate Molgora,San Zeno,16.241,3.61
CELL_00513,45.7199,9.381,363.1,Olgiate Molgora,San Zeno,17.328,3.85
CELL_00514,45.7199,9.3823,364.4,Olgiate Molgora,San Zeno,17.655,3.93
CELL_00515,45.7199,9.3836,364.6,Olgiate Molgora,San Zeno,17.068,3.8
CELL_00516,45.7199,9.3849,364.9,Olgiate Molgora,San Zeno,15.783,3.51
CELL_00517,45.7199,9.3862,366.9,Olgiate Molgora,San Zeno,14.348,3.19
CELL_00518,45.7199,9.3875,367.7,Olgiate Molgora,San Zeno,12.93,2.88
CELL_00519,45.7199,9.3888,364.3,Olgiate Molgora,San Zeno,11.257,2.5
CELL_00520,45.7199,9.3901,365.3,Olgiate Molgora,San Zeno,9.428,2.1
CELL_00521,45.7199,9.3914,356.6,Olgiate Molgora,San Zeno,7.859,1.75
CELL_00522,45.7199,9.3927,367.5,Olgiate Molgora,San Zeno,6.672,1.48
CELL_00523,45.7199,9.394,359.1,Olgiate Molgora,San Zeno,5.439,1.21
CELL_00524,45.7199,9.3953,367.7,Olgiate Molgora,San Zeno,4.573,1.02
CELL_00525,45.7199,9.3966,359.2,Olgiate Molgora,San Zeno,3.994,0.89
CELL_00526,45.7199,9.3979,281.1,Calco,Calco Centro,16.268,3.14
CELL_00527,45.7199,9.3992,273.7,Calco,Calco Centro,19.769,3.82
CELL_00528,45.7199,9.4005,278.6,Calco,Calco Centro,23.268,4.5
CELL_00529,45.7199,9.4018,274.8,Calco,Calco Centro,28.011,5.41
CELL_00530,45.7199,9.4031,276.8,Calco,Calco Centro,32.735,6.32
CELL_00531,45.7199,9.4044,283.6,Calco,Calco Centro,38.281,7.4
CELL_00532,45.7199,9.4057,280.7,Calco,Calco Centro,43.92,8.49
CELL_00533,45.7199,9.407,279.8,Calco,Calco Centro,49.785,9.62
CELL_00534,45.7199,9.4083,280.6,Calco,Calco Centro,55.209,10.67
CELL_00535,45.7199,9.4096,278.6,Calco,Calco Centro,59.865,11.57
CELL_00536,45.7199,9.4109,279.6,Calco,Calco Centro,62.957,12.16
CELL_00537,45.7199,9.4122,275.3,Calco,Calco Centro,64.41,12.44
CELL_00538,45.7199,9.4135,281.2,Calco,Calco Centro,63.741,12.31
CELL_00539,45.7199,9.4148,283.1,Calco,Calco Centro,61.099,11.8
CELL_00540,45.7199,9.4161,279.3,Calco,Calco Centro,56.631,10.94
CELL_00541,45.7199,9.4174,277.3,Calco,Calco Centro,51.379,9.93
CELL_00542,45.7199,9.4187,280.9,Calco,Calco Centro,45.877,8.86
CELL_00543,45.7199,9.42,277.6,Calco,Calco Centro,40.114,7.75
CELL_00544,45.7199,9.4213,269.4,Calco,Arlate,12.195,2.36
CELL_00545,45.7199,9.4226,264.7,Calco,Arlate,14.913,2.88
CELL_00546,45.7199,9.4239,265.2,Calco,Arlate,17.941,3.47
CELL_00547,45.7199,9.4252,263.7,Calco,Arlate,21.734,4.2
CELL_00548,45.7199,9.4265,264.1,Calco,Arlate,25.576,4.94
CELL_00549,45.7199,9.4278,267.1,Calco,Arlate,29.918,5.78
CELL_00550,45.7199,9.4291,269.3,Calco,Arlate,34.183,6.6
CELL_00551,45.7199,9.4304,266.2,Calco,Arlate,37.626,7.27
CELL_00552,45.7199,9.4317,262.3,Calco,Arlate,39.413,7.61
CELL_00553,45.7199,9.433,265.1,Calco,Arlate,39.03,7.54
CELL_00554,45.7199,9.4343,265.5,Calco,Arlate,36.611,7.07
CELL_00555,45.7199,9.4356,266.5,Calco,Arlate,32.743,6.33
CELL_00556,45.7199,9.4369,265.8,Calco,Arlate,28.233,5.45
CELL_00557,45.7199,9.4382,269.1,Calco,Arlate,24.197,4.67
CELL_00558,45.7199,9.4395,267.9,Calco,Arlate,20.393,3.94
CELL_00559,45.7199,9.4408,261.7,Calco,Arlate,16.65,3.22
CELL_00560,45.7199,9.4421,269.9,Calco,Arlate,13.675,2.64
CELL_00561,45.7199,9.4434,267.9,Calco,Arlate,11.446,2.21
CELL_00562,45.7199,9.4447,262.1,Calco,Arlate,9.462,1.83
CELL_00563,45.7199,9.446,270.2,Calco,Arlate,7.726,1.49
CELL_00564,45.7199,9.4473,263.9,Calco,Arlate,6.371,1.23
CELL_00565,45.7199,9.4486,262.0,Calco,Arlate,4.896,0.95
CELL_00566,45.7208,9.3654,363.5,Olgiate Molgora,San Zeno,3.143,0.7
CELL_00567,45.7208,9.3667,358.1,Olgiate Molgora,San Zeno,3.64,0.81
CELL_00568,45.7208,9.368,364.4,Olgiate Molgora,San Zeno,4.518,1.0
CELL_00569,45.7208,9.3693,363.1,Olgiate Molgora,San Zeno,5.552,1.23
CELL_00570,45.7208,9.3706,366.1,Olgiate Molgora,San Zeno,6.593,1.47
CELL_00571,45.7208,9.3719,364.0,Olgiate Molgora,San Zeno,7.858,1.75
CELL_00572,45.7208,9.3732,361.2,Olgiate Molgora,San Zeno,9.389,2.09
CELL_00573,45.7208,9.3745,368.8,Olgiate Molgora,San Zeno,11.461,2.55
CELL_00574,45.7208,9.3758,363.5,Olgiate Molgora,San Zeno,13.679,3.04
CELL_00575,45.7208,9.3771,362.3,Olgiate Molgora,San Zeno,15.714,3.5
CELL_00576,45.7208,9.3784,365.8,Olgiate Molgora,San Zeno,17.987,4.0
CELL_00577,45.7208,9.3797,366.7,Olgiate Molgora,San Zeno,20.017,4.45
CELL_00578,45.7208,9.381,363.6,Olgiate Molgora,San Zeno,21.457,4.77
CELL_00579,45.7208,9.3823,366.7,Olgiate Molgora,San Zeno,21.535,4.79
CELL_00580,45.7208,9.3836,357.5,Olgiate Molgora,San Zeno,21.151,4.7
CELL_00581,45.7208,9.3849,361.1,Olgiate Molgora,San Zeno,19.508,4.34
CELL_00582,45.7208,9.3862,359.9,Olgiate Molgora,San Zeno,17.302,3.85
CELL_00583,45.7208,9.3875,361.1,Olgiate Molgora,San Zeno,15.001,3.34
CELL_00584,45.7208,9.3888,357.1,Olgiate Molgora,San Zeno,13.008,2.89
CELL_00585,45.7208,9.3901,364.7,Olgiate Molgora,San Zeno,10.801,2.4
CELL_00586,45.7208,9.3914,362.6,Olgiate Molgora,San Zeno,9.1,2.02
CELL_00587,45.7208,9.3927,363.0,Olgiate Molgora,San Zeno,7.468,1.66
CELL_00588,45.7208,9.394,361.4,Olgiate Molgora,San Zeno,6.182,1.38
CELL_00589,45.7208,9.3953,365.6,Olgiate Molgora,San Zeno,5.055,1.12
CELL_00590,45.7208,9.3966,364.3,Olgiate Molgora,San Zeno,4.043,0.9
CELL_00591,45.7208,9.3979,274.1,Calco,Calco Centro,18.305,3.54
CELL_00592,45.7208,9.3992,283.1,Calco,Calco Centro,21.908,4.23
CELL_00593,45.7208,9.4005,276.9,Calco,Calco Centro,26.429,5.11
CELL_00594,45.7208,9.4018,279.0,Calco,Calco Centro,31.818,6.15
CELL_00595,45.7208,9.4031,277.2,Calco,Calco Centro,38.066,7.35
CELL_00596,45.7208,9.4044,278.0,Calco,Calco Centro,44.847,8.66
CELL_00597,45.7208,9.4057,274.6,Calco,Calco Centro,52.338,10.11
CELL_00598,45.7208,9.407,280.2,Calco,Calco Centro,59.923,11.58
CELL_00599,45.7208,9.4083,278.6,Calco,Calco Centro,67.38,13.02
CELL_00600,45.7208,9.4096,275.6,Calco,Calco Centro,73.585,14.22
CELL_00601,45.7208,9.4109,277.4,Calco,Calco Centro,78.167,15.1
CELL_00602,45.7208,9.4122,280.8,Calco,Calco Centro,80.255,15.51
CELL_00603,45.7208,9.4135,278.3,Calco,Calco Centro,79.152,15.29
CELL_00604,45.7208,9.4148,277.7,Calco,Calco Centro,75.067,14.5
CELL_00605,45.7208,9.4161,280.7,Calco,Calco Centro,69.452,13.42
CELL_00606,45.7208,9.4174,276.7,Calco,Calco Centro,62.343,12.04
CELL_00607,45.7208,9.4187,279.5,Calco,Calco Centro,54.333,10.5
CELL_00608,45.7208,9.42,281.6,Calco,Calco Centro,46.997,9.08
CELL_00609,45.7208,9.4213,310.0,Calco,Calco Superiore,6.413,1.24
CELL_00610,45.7208,9.4226,262.3,Calco,Arlate,13.386,2.59
CELL_00611,45.7208,9.4239,266.4,Calco,Arlate,16.018,3.09
CELL_00612,45.7208,9.4252,263.5,Calco,Arlate,18.851,3.64
CELL_00613,45.7208,9.4265,270.9,Calco,Arlate,22.257,4.3
CELL_00614,45.7208,9.4278,265.5,Calco,Arlate,25.101,4.85
CELL_00615,45.7208,9.4291,263.7,Calco,Arlate,28.131,5.43
CELL_00616,45.7208,9.4304,265.7,Calco,Arlate,30.666,5.92
CELL_00617,45.7208,9.4317,261.8,Calco,Arlate,31.744,6.13
CELL_00618,45.7208,9.433,267.3,Calco,Arlate,31.283,6.04
CELL_00619,45.7208,9.4343,262.1,Calco,Arlate,29.904,5.78
CELL_00620,45.7208,9.4356,264.5,Calco,Arlate,27.325,5.28
CELL_00621,45.7208,9.4369,266.9,Calco,Arlate,24.166,4.67
CELL_00622,45.7208,9.4382,264.5,Calco,Arlate,20.694,4.0
CELL_00623,45.7208,9.4395,267.7,Calco,Arlate,17.845,3.45
CELL_00624,45.7208,9.4408,267.2,Calco,Arlate,14.853,2.87
CELL_00625,45.7208,9.4421,264.7,Calco,Arlate,12.316,2.38
CELL_00626,45.7208,9.4434,266.5,Calco,Arlate,10.127,1.96
CELL_00627,45.7208,9.4447,270.0,Calco,Arlate,8.686,1.68
CELL_00628,45.7208,9.446,261.4,Calco,Arlate,7.191,1.39
CELL_00629,45.7208,9.4473,266.3,Calco,Arlate,5.629,1.09
CELL_00630,45.7208,9.4486,270.0,Calco,Arlate,4.575,0.88
CELL_00631,45.7217,9.3654,365.6,Olgiate Molgora,San Zeno,3.077,0.68
CELL_00632,45.7217,9.3667,365.2,Olgiate Molgora,San Zeno,3.739,0.83
CELL_00633,45.7217,9.368,369.6,Olgiate Molgora,San Zeno,4.702,1.05
CELL_00634,45.7217,9.3693,361.7,Olgiate Molgora,San Zeno,5.935,1.32
CELL_00635,45.7217,9.3706,369.8,Olgiate Molgora,San Zeno,7.131,1.59
CELL_00636,45.7217,9.3719,370.1,Olgiate Molgora,San Zeno,8.833,1.96
CELL_00637,45.7217,9.3732,368.8,Olgiate Molgora,San Zeno,10.659,2.37
CELL_00638,45.7217,9.3745,363.4,Olgiate Molgora,San Zeno,13.004,2.89
CELL_00639,45.7217,9.3758,363.7,Olgiate Molgora,San Zeno,15.483,3.44
CELL_00640,45.7217,9.3771,365.7,Olgiate Molgora,San Zeno,18.558,4.13
CELL_00641,45.7217,9.3784,360.8,Olgiate Molgora,San Zeno,21.327,4.74
CELL_00642,45.7217,9.3797,364.9,Olgiate Molgora,San Zeno,24.093,5.36
CELL_00643,45.7217,9.381,361.8,Olgiate Molgora,San Zeno,26.434,5.88
CELL_00644,45.7217,9.3823,364.0,Olgiate Molgora,San Zeno,27.001,6.01
CELL_00645,45.7217,9.3836,360.9,Olgiate Molgora,San Zeno,25.87,5.75
CELL_00646,45.7217,9.3849,367.0,Olgiate Molgora,San Zeno,23.502,5.23
CELL_00647,45.7217,9.3862,360.9,Olgiate Molgora,San Zeno,20.634,4.59
CELL_00648,45.7217,9.3875,364.4,Olgiate Molgora,San Zeno,17.579,3.91
CELL_00649,45.7217,9.3888,359.0,Olgiate Molgora,San Zeno,14.566,3.24
CELL_00650,45.7217,9.3901,367.2,Olgiate Molgora,San Zeno,12.23,2.72
CELL_00651,45.7217,9.3914,366.4,Olgiate Molgora,San Zeno,10.133,2.25
CELL_00652,45.7217,9.3927,369.5,Olgiate Molgora,San Zeno,8.362,1.86
CELL_00653,45.7217,9.394,367.0,Olgiate Molgora,San Zeno,6.821,1.52
CELL_00654,45.7217,9.3953,362.9,Olgiate Molgora,San Zeno,5.47,1.22
CELL_00655,45.7217,9.3966,362.5,Olgiate Molgora,San Zeno,4.482,1.0
CELL_00656,45.7217,9.3979,280.6,Calco,Calco Centro,19.995,3.86
CELL_00657,45.7217,9.3992,282.4,Calco,Calco Centro,24.213,4.68
CELL_00658,45.7217,9.4005,282.0,Calco,Calco Centro,29.837,5.76
CELL_00659,45.7217,9.4018,282.3,Calco,Calco Centro,35.948,6.95
CELL_00660,45.7217,9.4031,278.8,Calco,Calco Centro,43.346,8.37
CELL_00661,45.7217,9.4044,277.5,Calco,Calco Centro,51.571,9.96
CELL_00662,45.7217,9.4057,276.4,Calco,Calco Centro,61.109,11.81
CELL_00663,45.7217,9.407,277.1,Calco,Calco Centro,71.132,13.74
CELL_00664,45.7217,9.4083,283.8,Calco,Calco Centro,81.139,15.68
CELL_00665,45.7217,9.4096,284.1,Calco,Calco Centro,90.306,17.45
CELL_00666,45.7217,9.4109,277.9,Calco,Calco Centro,96.631,18.67
CELL_00667,45.7217,9.4122,275.3,Calco,Calco Centro,99.708,19.26
CELL_00668,45.7217,9.4135,273.8,Calco,Calco Centro,98.163,18.97
CELL_00669,45.7217,9.4148,281.1,Calco,Calco Centro,92.584,17.89
CELL_00670,45.7217,9.4161,276.4,Calco,Calco Centro,84.058,16.24
CELL_00671,45.7217,9.4174,279.8,Calco,Calco Centro,74.192,14.33
CELL_00672,45.7217,9.4187,279.5,Calco,Calco Centro,64.151,12.39
CELL_00673,45.7217,9.42,287.0,Calco,Calco Centro,54.558,10.54
CELL_00674,45.7217,9.4213,323.9,Calco,Calco Superiore,8.179,1.58
CELL_00675,45.7217,9.4226,320.0,Calco,Calco Superiore,7.688,1.49
CELL_00676,45.7217,9.4239,269.7,Calco,Arlate,13.987,2.7
CELL_00677,45.7217,9.4252,263.2,Calco,Arlate,16.21,3.13
CELL_00678,45.7217,9.4265,258.9,Calco,Arlate,18.475,3.57
CELL_00679,45.7217,9.4278,266.8,Calco,Arlate,21.093,4.08
CELL_00680,45.7217,9.4291,264.9,Calco,Arlate,23.347,4.51
CELL_00681,45.7217,9.4304,264.3,Calco,Arlate,24.662,4.76
CELL_00682,45.7217,9.4317,267.2,Calco,Arlate,25.306,4.89
CELL_00683,45.7217,9.433,265.8,Calco,Arlate,25.448,4.92
CELL_00684,45.7217,9.4343,261.2,Calco,Arlate,24.386,4.71
CELL_00685,45.7217,9.4356,272.0,Calco,Arlate,22.386,4.32
CELL_00686,45.7217,9.4369,266.5,Calco,Arlate,20.09,3.88
CELL_00687,45.7217,9.4382,266.6,Calco,Arlate,17.555,3.39
CELL_00688,45.7217,9.4395,267.3,Calco,Arlate,15.453,2.99
CELL_00689,45.7217,9.4408,273.8,Calco,Arlate,13.227,2.56
CELL_00690,45.7217,9.4421,263.5,Calco,Arlate,10.943,2.11
CELL_00691,45.7217,9.4434,265.3,Calco,Arlate,9.401,1.82
CELL_00692,45.7217,9.4447,266.0,Calco,Arlate,7.768,1.5
CELL_00693,45.7217,9.446,262.3,Calco,Arlate,6.242,1.21
CELL_00694,45.7217,9.4473,269.1,Calco,Arlate,5.265,1.02
CELL_00695,45.7226,9.3654,369.0,Olgiate Molgora,San Zeno,3.18,0.71
CELL_00696,45.7226,9.3667,362.4,Olgiate Molgora,San Zeno,3.985,0.89
CELL_00697,45.7226,9.368,365.0,Olgiate Molgora,San Zeno,5.211,1.16
CELL_00698,45.7226,9.3693,362.4,Olgiate Molgora,San Zeno,6.174,1.37
CELL_00699,45.7226,9.3706,367.7,Olgiate Molgora,San Zeno,7.689,1.71
CELL_00700,45.7226,9.3719,363.4,Olgiate Molgora,San Zeno,9.48,2.11
CELL_00701,45.7226,9.3732,366.6,Olgiate Molgora,San Zeno,11.63,2.59
CELL_00702,45.7226,9.3745,368.6,Olgiate Molgora,San Zeno,14.088,3.13
CELL_00703,45.7226,9.3758,368.7,Olgiate Molgora,San Zeno,17.287,3.85
CELL_00704,45.7226,9.3771,367.3,Olgiate Molgora,San Zeno,20.918,4.65
CELL_00705,45.7226,9.3784,359.4,Olgiate Molgora,San Zeno,25.114,5.59
CELL_00706,45.7226,9.3797,362.4,Olgiate Molgora,San Zeno,28.986,6.45
CELL_00707,45.7226,9.381,363.4,Olgiate Molgora,San Zeno,32.265,7.18
CELL_00708,45.7226,9.3823,364.6,Olgiate Molgora,San Zeno,33.538,7.46
CELL_00709,45.7226,9.3836,366.9,Olgiate Molgora,San Zeno,31.676,7.05
CELL_00710,45.7226,9.3849,364.6,Olgiate Molgora,San Zeno,27.889,6.2
CELL_00711,45.7226,9.3862,362.0,Olgiate Molgora,San Zeno,23.592,5.25
CELL_00712,45.7226,9.3875,362.3,Olgiate Molgora,San Zeno,19.908,4.43
CELL_00713,45.7226,9.3888,363.3,Olgiate Molgora,San Zeno,16.2,3.6
CELL_00714,45.7226,9.3901,364.9,Olgiate Molgora,San Zeno,13.434,2.99
CELL_00715,45.7226,9.3914,366.0,Olgiate Molgora,San Zeno,10.894,2.42
CELL_00716,45.7226,9.3927,365.7,Olgiate Molgora,San Zeno,8.87,1.97
CELL_00717,45.7226,9.394,366.4,Olgiate Molgora,San Zeno,7.2,1.6
CELL_00718,45.7226,9.3953,364.9,Olgiate Molgora,San Zeno,5.705,1.27
CELL_00719,45.7226,9.3966,365.3,Olgiate Molgora,San Zeno,4.95,1.1
CELL_00720,45.7226,9.3979,283.4,Olgiate Molgora,Olgiate Centro,19.963,4.44
CELL_00721,45.7226,9.3992,280.2,Calco,Calco Centro,26.68,5.15
CELL_00722,45.7226,9.4005,280.3,Calco,Calco Centro,32.58,6.29
CELL_00723,45.7226,9.4018,282.7,Calco,Calco Centro,39.805,7.69
CELL_00724,45.7226,9.4031,278.9,Calco,Calco Centro,48.731,9.41
CELL_00725,45.7226,9.4044,276.2,Calco,Calco Centro,58.732,11.35
CELL_00726,45.7226,9.4057,283.0,Calco,Calco Centro,70.575,13.64
CELL_00727,45.7226,9.407,282.7,Calco,Calco Centro,83.38,16.11
CELL_00728,45.7226,9.4083,277.7,Calco,Calco Centro,97.019,18.74
CELL_00729,45.7226,9.4096,279.3,Calco,Calco Centro,110.006,21.25
CELL_00730,45.7226,9.4109,278.0,Calco,Calco Centro,119.65,23.12
CELL_00731,45.7226,9.4122,282.5,Calco,Calco Centro,123.987,23.95
CELL_00732,45.7226,9.4135,280.3,Calco,Calco Centro,121.877,23.55
CELL_00733,45.7226,9.4148,277.9,Calco,Calco Centro,113.49,21.93
CELL_00734,45.7226,9.4161,280.3,Calco,Calco Centro,101.113,19.53
CELL_00735,45.7226,9.4174,278.4,Calco,Calco Centro,87.62,16.93
CELL_00736,45.7226,9.4187,276.7,Calco,Calco Centro,74.248,14.34
CELL_00737,45.7226,9.42,315.1,Calco,Calco Superiore,10.376,2.0
CELL_00738,45.7226,9.4213,320.2,Calco,Calco Superiore,9.762,1.89
CELL_00739,45.7226,9.4226,318.4,Calco,Calco Superiore,9.196,1.78
CELL_00740,45.7226,9.4239,317.1,Calco,Calco Superiore,8.586,1.66
CELL_00741,45.7226,9.4252,311.9,Calco,Calco Superiore,7.45,1.44
CELL_00742,45.7226,9.4265,265.8,Calco,Arlate,15.677,3.03
CELL_00743,45.7226,9.4278,264.3,Calco,Arlate,17.448,3.37
CELL_00744,45.7226,9.4291,263.0,Calco,Arlate,18.789,3.63
CELL_00745,45.7226,9.4304,262.4,Calco,Arlate,19.84,3.83
CELL_00746,45.7226,9.4317,270.8,Calco,Arlate,20.341,3.93
CELL_00747,45.7226,9.433,264.0,Calco,Arlate,20.576,3.98
CELL_00748,45.7226,9.4343,265.9,Calco,Arlate,19.524,3.77
CELL_00749,45.7226,9.4356,268.5,Calco,Arlate,18.256,3.53
CELL_00750,45.7226,9.4369,268.8,Calco,Arlate,16.816,3.25
CELL_00751,45.7226,9.4382,263.0,Calco,Arlate,14.92,2.88
CELL_00752,45.7226,9.4395,273.9,Calco,Arlate,12.976,2.51
CELL_00753,45.7226,9.4408,267.3,Calco,Arlate,11.258,2.18
CELL_00754,45.7226,9.4421,260.6,Calco,Arlate,9.638,1.86
CELL_00755,45.7226,9.4434,263.4,Calco,Arlate,8.152,1.57
CELL_00756,45.7226,9.4447,270.6,Calco,Arlate,6.828,1.32
CELL_00757,45.7226,9.446,264.2,Calco,Arlate,5.694,1.1
CELL_00758,45.7226,9.4473,269.3,Calco,Arlate,4.629,0.89
CELL_00759,45.7235,9.3654,367.6,Olgiate Molgora,San Zeno,3.511,0.78
CELL_00760,45.7235,9.3667,368.2,Olgiate Molgora,San Zeno,4.463,0.99
CELL_00761,45.7235,9.368,358.7,Olgiate Molgora,San Zeno,5.207,1.16
CELL_00762,45.7235,9.3693,368.0,Olgiate Molgora,San Zeno,6.304,1.4
CELL_00763,45.7235,9.3706,361.0,Olgiate Molgora,San Zeno,7.912,1.76
CELL_00764,45.7235,9.3719,368.5,Olgiate Molgora,San Zeno,9.731,2.16
CELL_00765,45.7235,9.3732,367.2,Olgiate Molgora,San Zeno,12.178,2.71
CELL_00766,45.7235,9.3745,366.0,Olgiate Molgora,San Zeno,15.196,3.38
CELL_00767,45.7235,9.3758,366.0,Olgiate Molgora,San Zeno,18.667,4.15
CELL_00768,45.7235,9.3771,372.2,Olgiate Molgora,San Zeno,23.072,5.13
CELL_00769,45.7235,9.3784,361.3,Olgiate Molgora,San Zeno,28.275,6.29
CELL_00770,45.7235,9.3797,361.8,Olgiate Molgora,San Zeno,33.945,7.55
CELL_00771,45.7235,9.381,362.3,Olgiate Molgora,San Zeno,39.433,8.77
CELL_00772,45.7235,9.3823,365.3,Olgiate Molgora,San Zeno,41.393,9.21
CELL_00773,45.7235,9.3836,361.1,Olgiate Molgora,San Zeno,37.982,8.45
CELL_00774,45.7235,9.3849,365.9,Olgiate Molgora,San Zeno,32.412,7.21
CELL_00775,45.7235,9.3862,365.2,Olgiate Molgora,San Zeno,26.557,5.91
CELL_00776,45.7235,9.3875,366.0,Olgiate Molgora,San Zeno,21.74,4.84
CELL_00777,45.7235,9.3888,369.0,Olgiate Molgora,San Zeno,17.583,3.91
CELL_00778,45.7235,9.3901,368.5,Olgiate Molgora,San Zeno,14.334,3.19
CELL_00779,45.7235,9.3914,362.4,Olgiate Molgora,San Zeno,11.567,2.57
CELL_00780,45.7235,9.3927,363.3,Olgiate Molgora,San Zeno,9.231,2.05
CELL_00781,45.7235,9.394,365.2,Olgiate Molgora,San Zeno,7.554,1.68
CELL_00782,45.7235,9.3953,364.7,Olgiate Molgora,San Zeno,6.242,1.39
CELL_00783,45.7235,9.3966,282.7,Olgiate Molgora,Olgiate Centro,22.603,5.03
CELL_00784,45.7235,9.3979,289.8,Olgiate Molgora,Olgiate Centro,24.311,5.41
CELL_00785,45.7235,9.3992,279.1,Calco,Calco Centro,28.622,5.53
CELL_00786,45.7235,9.4005,278.2,Calco,Calco Centro,35.137,6.79
CELL_00787,45.7235,9.4018,276.9,Calco,Calco Centro,43.497,8.4
CELL_00788,45.7235,9.4031,283.6,Calco,Calco Centro,53.552,10.35
CELL_00789,45.7235,9.4044,276.2,Calco,Calco Centro,65.322,12.62
CELL_00790,45.7235,9.4057,281.1,Calco,Calco Centro,79.628,15.38
CELL_00791,45.7235,9.407,279.6,Calco,Calco Centro,96.008,18.55
CELL_00792,45.7235,9.4083,280.3,Calco,Calco Centro,114.217,22.07
CELL_00793,45.7235,9.4096,281.1,Calco,Calco Centro,132.253,25.55
CELL_00794,45.7235,9.4109,278.7,Calco,Calco Centro,147.517,28.5
CELL_00795,45.7235,9.4122,277.2,Calco,Calco Centro,154.343,29.82
CELL_00796,45.7235,9.4135,279.6,Calco,Calco Centro,150.765,29.13
CELL_00797,45.7235,9.4148,277.3,Calco,Calco Centro,137.449,26.56
CELL_00798,45.7235,9.4161,277.6,Calco,Calco Centro,119.661,23.12
CELL_00799,45.7235,9.4174,277.8,Calco,Calco Centro,101.31,19.57
CELL_00800,45.7235,9.4187,277.0,Calco,Calco Centro,84.384,16.3
CELL_00801,45.7235,9.42,325.7,Calco,Calco Superiore,12.655,2.44
CELL_00802,45.7235,9.4213,323.3,Calco,Calco Superiore,12.13,2.34
CELL_00803,45.7235,9.4226,322.3,Calco,Calco Superiore,11.337,2.19
CELL_00804,45.7235,9.4239,317.7,Calco,Calco Superiore,10.223,1.98
CELL_00805,45.7235,9.4252,319.4,Calco,Calco Superiore,9.077,1.75
CELL_00806,45.7235,9.4265,321.5,Calco,Calco Superiore,8.015,1.55
CELL_00807,45.7235,9.4278,259.4,Calco,Arlate,14.181,2.74
CELL_00808,45.7235,9.4291,267.3,Calco,Arlate,15.519,3.0
CELL_00809,45.7235,9.4304,270.6,Calco,Arlate,16.016,3.09
CELL_00810,45.7235,9.4317,269.2,Calco,Arlate,16.502,3.19
CELL_00811,45.7235,9.433,267.8,Calco,Arlate,16.269,3.14
CELL_00812,45.7235,9.4343,266.9,Calco,Arlate,15.886,3.07
CELL_00813,45.7235,9.4356,262.9,Calco,Arlate,15.111,2.92
CELL_00814,45.7235,9.4369,263.4,Calco,Arlate,13.755,2.66
CELL_00815,45.7235,9.4382,264.4,Calco,Arlate,12.61,2.44
CELL_00816,45.7235,9.4395,268.2,Calco,Arlate,11.167,2.16
CELL_00817,45.7235,9.4408,269.4,Calco,Arlate,9.646,1.86
CELL_00818,45.7235,9.4421,264.0,Calco,Arlate,8.508,1.64
CELL_00819,45.7235,9.4434,263.6,Calco,Arlate,6.988,1.35
CELL_00820,45.7235,9.4447,267.7,Calco,Arlate,5.896,1.14
CELL_00821,45.7235,9.446,264.5,Calco,Arlate,5.162,1.0
CELL_00822,45.7244,9.3654,362.7,Olgiate Molgora,San Zeno,3.358,0.75
CELL_00823,45.7244,9.3667,364.0,Olgiate Molgora,San Zeno,4.407,0.98
CELL_00824,45.7244,9.368,364.0,Olgiate Molgora,San Zeno,5.449,1.21
CELL_00825,45.7244,9.3693,365.2,Olgiate Molgora,San Zeno,6.5,1.45
CELL_00826,45.7244,9.3706,366.4,Olgiate Molgora,San Zeno,8.176,1.82
CELL_00827,45.7244,9.3719,365.3,Olgiate Molgora,San Zeno,10.016,2.23
CELL_00828,45.7244,9.3732,365.4,Olgiate Molgora,San Zeno,12.425,2.76
CELL_00829,45.7244,9.3745,361.0,Olgiate Molgora,San Zeno,15.51,3.45
CELL_00830,45.7244,9.3758,364.2,Olgiate Molgora,San Zeno,19.62,4.36
CELL_00831,45.7244,9.3771,368.2,Olgiate Molgora,San Zeno,24.323,5.41
CELL_00832,45.7244,9.3784,364.1,Olgiate Molgora,San Zeno,30.083,6.69
CELL_00833,45.7244,9.3797,361.4,Olgiate Molgora,San Zeno,37.324,8.3
CELL_00834,45.7244,9.381,362.3,Olgiate Molgora,San Zeno,46.32,10.3
CELL_00835,45.7244,9.3823,357.8,Olgiate Molgora,San Zeno,51.418,11.44
CELL_00836,45.7244,9.3836,365.1,Olgiate Molgora,San Zeno,43.512,9.68
CELL_00837,45.7244,9.3849,359.0,Olgiate Molgora,San Zeno,34.945,7.77
CELL_00838,45.7244,9.3862,367.2,Olgiate Molgora,San Zeno,28.412,6.32
CELL_00839,45.7244,9.3875,363.5,Olgiate Molgora,San Zeno,22.658,5.04
CELL_00840,45.7244,9.3888,364.6,Olgiate Molgora,San Zeno,18.378,4.09
CELL_00841,45.7244,9.3901,361.2,Olgiate Molgora,San Zeno,14.694,3.27
CELL_00842,45.7244,9.3914,368.2,Olgiate Molgora,San Zeno,11.67,2.6
CELL_00843,45.7244,9.3927,360.0,Olgiate Molgora,San Zeno,9.551,2.12
CELL_00844,45.7244,9.394,359.5,Olgiate Molgora,San Zeno,7.736,1.72
CELL_00845,45.7244,9.3953,364.1,Olgiate Molgora,San Zeno,6.149,1.37
CELL_00846,45.7244,9.3966,286.3,Olgiate Molgora,Olgiate Centro,27.779,6.18
CELL_00847,45.7244,9.3979,283.2,Olgiate Molgora,Olgiate Centro,29.909,6.65
CELL_00848,45.7244,9.3992,286.9,Olgiate Molgora,Olgiate Centro,31.74,7.06
CELL_00849,45.7244,9.4005,279.7,Calco,Calco Centro,37.09,7.17
CELL_00850,45.7244,9.4018,282.0,Calco,Calco Centro,46.157,8.92
CELL_00851,45.7244,9.4031,281.7,Calco,Calco Centro,57.106,11.03
CELL_00852,45.7244,9.4044,281.5,Calco,Calco Centro,70.998,13.72
CELL_00853,45.7244,9.4057,279.6,Calco,Calco Centro,87.506,16.91
CELL_00854,45.7244,9.407,282.6,Calco,Calco Centro,107.115,20.69
CELL_00855,45.7244,9.4083,276.6,Calco,Calco Centro,130.574,25.23
CELL_00856,45.7244,9.4096,279.2,Calco,Calco Centro,155.701,30.08
CELL_00857,45.7244,9.4109,279.9,Calco,Calco Centro,179.485,34.68
CELL_00858,45.7244,9.4122,274.4,Calco,Calco Centro,192.438,37.18
CELL_00859,45.7244,9.4135,275.8,Calco,Calco Centro,185.131,35.77
CELL_00860,45.7244,9.4148,278.1,Calco,Calco Centro,163.697,31.63
CELL_00861,45.7244,9.4161,282.5,Calco,Calco Centro,138.184,26.7
CELL_00862,45.7244,9.4174,274.3,Calco,Calco Centro,113.947,22.01
CELL_00863,45.7244,9.4187,318.8,Calco,Calco Superiore,15.717,3.04
CELL_00864,45.7244,9.42,315.9,Calco,Calco Superiore,15.547,3.0
CELL_00865,45.7244,9.4213,317.3,Calco,Calco Superiore,14.759,2.85
CELL_00866,45.7244,9.4226,320.4,Calco,Calco Superiore,13.495,2.61
CELL_00867,45.7244,9.4239,323.5,Calco,Calco Superiore,12.019,2.32
CELL_00868,45.7244,9.4252,320.0,Calco,Calco Superiore,10.401,2.01
CELL_00869,45.7244,9.4265,317.0,Calco,Calco Superiore,8.901,1.72
CELL_00870,45.7244,9.4278,322.7,Calco,Calco Superiore,7.72,1.49
CELL_00871,45.7244,9.4291,270.0,Calco,Arlate,12.397,2.4
CELL_00872,45.7244,9.4304,265.9,Calco,Arlate,13.183,2.55
CELL_00873,45.7244,9.4317,266.9,Calco,Arlate,13.292,2.57
CELL_00874,45.7244,9.433,274.5,Calco,Arlate,13.447,2.6
CELL_00875,45.7244,9.4343,267.1,Calco,Arlate,12.903,2.49
CELL_00876,45.7244,9.4356,262.9,Calco,Arlate,12.177,2.35
CELL_00877,45.7244,9.4369,267.2,Calco,Arlate,11.166,2.16
CELL_00878,45.7244,9.4382,263.2,Calco,Arlate,10.317,1.99
CELL_00879,45.7244,9.4395,264.3,Calco,Arlate,9.073,1.75
CELL_00880,45.7244,9.4408,263.0,Calco,Arlate,8.296,1.6
CELL_00881,45.7244,9.4421,270.5,Calco,Arlate,7.316,1.41
CELL_00882,45.7244,9.4434,260.0,Calco,Arlate,6.201,1.2
CELL_00883,45.7244,9.4447,269.4,Calco,Arlate,5.281,1.02
CELL_00884,45.7253,9.3654,366.0,Olgiate Molgora,San Zeno,3.573,0.79
CELL_00885,45.7253,9.3667,361.5,Olgiate Molgora,San Zeno,4.478,1.0
CELL_00886,45.7253,9.368,366.8,Olgiate Molgora,San Zeno,5.169,1.15
CELL_00887,45.7253,9.3693,365.7,Olgiate Molgora,San Zeno,6.497,1.45
CELL_00888,45.7253,9.3706,365.2,Olgiate Molgora,San Zeno,8.215,1.83
CELL_00889,45.7253,9.3719,367.4,Olgiate Molgora,San Zeno,10.28,2.29
CELL_00890,45.7253,9.3732,363.5,Olgiate Molgora,San Zeno,12.501,2.78
CELL_00891,45.7253,9.3745,364.4,Olgiate Molgora,San Zeno,15.449,3.44
CELL_00892,45.7253,9.3758,366.2,Olgiate Molgora,San Zeno,19.266,4.29
CELL_00893,45.7253,9.3771,360.4,Olgiate Molgora,San Zeno,24.178,5.38
CELL_00894,45.7253,9.3784,363.9,Olgiate Molgora,San Zeno,29.954,6.66
CELL_00895,45.7253,9.3797,365.6,Olgiate Molgora,San Zeno,37.074,8.25
CELL_00896,45.7253,9.381,366.1,Olgiate Molgora,San Zeno,45.766,10.18
CELL_00897,45.7253,9.3823,361.4,Olgiate Molgora,San Zeno,50.283,11.18
CELL_00898,45.7253,9.3836,364.9,Olgiate Molgora,San Zeno,42.938,9.55
CELL_00899,45.7253,9.3849,368.5,Olgiate Molgora,San Zeno,34.819,7.74
CELL_00900,45.7253,9.3862,366.3,Olgiate Molgora,San Zeno,28.206,6.27
CELL_00901,45.7253,9.3875,366.3,Olgiate Molgora,San Zeno,22.679,5.04
CELL_00902,45.7253,9.3888,362.2,Olgiate Molgora,San Zeno,18.222,4.05
CELL_00903,45.7253,9.3901,368.7,Olgiate Molgora,San Zeno,14.611,3.25
CELL_00904,45.7253,9.3914,364.7,Olgiate Molgora,San Zeno,11.94,2.66
CELL_00905,45.7253,9.3927,359.3,Olgiate Molgora,San Zeno,9.29,2.07
CELL_00906,45.7253,9.394,360.5,Olgiate Molgora,San Zeno,7.778,1.73
CELL_00907,45.7253,9.3953,284.0,Olgiate Molgora,Olgiate Centro,30.136,6.7
CELL_00908,45.7253,9.3966,290.1,Olgiate Molgora,Olgiate Centro,33.589,7.47
CELL_00909,45.7253,9.3979,286.8,Olgiate Molgora,Olgiate Centro,36.677,8.16
CELL_00910,45.7253,9.3992,285.4,Olgiate Molgora,Olgiate Centro,39.385,8.76
CELL_00911,45.7253,9.4005,284.8,Olgiate Molgora,Olgiate Centro,41.054,9.13
CELL_00912,45.7253,9.4018,277.9,Calco,Calco Centro,47.948,9.26
CELL_00913,45.7253,9.4031,279.0,Calco,Calco Centro,59.714,11.54
CELL_00914,45.7253,9.4044,278.8,Calco,Calco Centro,74.492,14.39
CELL_00915,45.7253,9.4057,278.3,Calco,Calco Centro,93.06,17.98
CELL_00916,45.7253,9.407,279.2,Calco,Calco Centro,115.252,22.27
CELL_00917,45.7253,9.4083,280.4,Calco,Calco Centro,143.164,27.66
CELL_00918,45.7253,9.4096,282.8,Calco,Calco Centro,176.403,34.08
CELL_00919,45.7253,9.4109,281.3,Calco,Calco Centro,212.937,41.14
CELL_00920,45.7253,9.4122,279.7,Calco,Calco Centro,239.384,46.25
CELL_00921,45.7253,9.4135,281.5,Calco,Calco Centro,223.778,43.23
CELL_00922,45.7253,9.4148,278.0,Calco,Calco Centro,187.284,36.18
CELL_00923,45.7253,9.4161,277.2,Calco,Calco Centro,152.549,29.47
CELL_00924,45.7253,9.4174,275.0,Calco,Calco Centro,123.547,23.87
CELL_00925,45.7253,9.4187,317.9,Calco,Calco Superiore,19.433,3.75
CELL_00926,45.7253,9.42,313.3,Calco,Calco Superiore,19.378,3.74
CELL_00927,45.7253,9.4213,313.4,Calco,Calco Superiore,18.047,3.49
CELL_00928,45.7253,9.4226,324.7,Calco,Calco Superiore,16.506,3.19
CELL_00929,45.7253,9.4239,321.0,Calco,Calco Superiore,14.456,2.79
CELL_00930,45.7253,9.4252,316.9,Calco,Calco Superiore,12.473,2.41
CELL_00931,45.7253,9.4265,320.6,Calco,Calco Superiore,10.166,1.96
CELL_00932,45.7253,9.4278,324.3,Calco,Calco Superiore,8.701,1.68
CELL_00933,45.7253,9.4291,316.3,Calco,Calco Superiore,6.989,1.35
CELL_00934,45.7253,9.4304,316.0,Calco,Calco Superiore,5.738,1.11
CELL_00935,45.7253,9.4317,272.3,Calco,Arlate,10.623,2.05
CELL_00936,45.7253,9.433,265.4,Calco,Arlate,10.712,2.07
CELL_00937,45.7253,9.4343,260.9,Calco,Arlate,10.464,2.02
CELL_00938,45.7253,9.4356,265.1,Calco,Arlate,10.079,1.95
CELL_00939,45.7253,9.4369,268.9,Calco,Arlate,9.274,1.79
CELL_00940,45.7253,9.4382,267.7,Calco,Arlate,8.389,1.62
CELL_00941,45.7253,9.4395,269.5,Calco,Arlate,7.792,1.51
CELL_00942,45.7253,9.4408,270.5,Calco,Arlate,6.96,1.34
CELL_00943,45.7253,9.4421,271.4,Calco,Arlate,6.201,1.2
CELL_00944,45.7253,9.4434,269.3,Calco,Arlate,5.163,1.0
CELL_00945,45.7253,9.4447,265.9,Calco,Arlate,4.488,0.87
CELL_00946,45.7262,9.3654,360.1,Olgiate Molgora,San Zeno,3.304,0.73
CELL_00947,45.7262,9.3667,361.7,Olgiate Molgora,San Zeno,4.123,0.92
CELL_00948,45.7262,9.368,364.7,Olgiate Molgora,San Zeno,5.431,1.21
CELL_00949,45.7262,9.3693,362.3,Olgiate Molgora,San Zeno,6.485,1.44
CELL_00950,45.7262,9.3706,364.6,Olgiate Molgora,San Zeno,7.957,1.77
CELL_00951,45.7262,9.3719,370.5,Olgiate Molgora,San Zeno,9.823,2.18
CELL_00952,45.7262,9.3732,369.8,Olgiate Molgora,San Zeno,12.229,2.72
CELL_00953,45.7262,9.3745,365.8,Olgiate Molgora,San Zeno,14.912,3.32
CELL_00954,45.7262,9.3758,363.9,Olgiate Molgora,San Zeno,18.503,4.12
CELL_00955,45.7262,9.3771,363.7,Olgiate Molgora,San Zeno,22.962,5.11
CELL_00956,45.7262,9.3784,367.2,Olgiate Molgora,San Zeno,28.113,6.25
CELL_00957,45.7262,9.3797,368.1,Olgiate Molgora,San Zeno,33.601,7.47
CELL_00958,45.7262,9.381,361.2,Olgiate Molgora,San Zeno,38.699,8.61
CELL_00959,45.7262,9.3823,363.3,Olgiate Molgora,San Zeno,40.636,9.04
CELL_00960,45.7262,9.3836,372.0,Olgiate Molgora,San Zeno,37.211,8.28
CELL_00961,45.7262,9.3849,363.8,Olgiate Molgora,San Zeno,31.837,7.08
CELL_00962,45.7262,9.3862,362.4,Olgiate Molgora,San Zeno,26.251,5.84
CELL_00963,45.7262,9.3875,356.1,Olgiate Molgora,San Zeno,21.303,4.74
CELL_00964,45.7262,9.3888,365.4,Olgiate Molgora,San Zeno,17.344,3.86
CELL_00965,45.7262,9.3901,371.2,Olgiate Molgora,San Zeno,13.971,3.11
CELL_00966,45.7262,9.3914,367.6,Olgiate Molgora,San Zeno,11.566,2.57
CELL_00967,45.7262,9.3927,366.4,Olgiate Molgora,San Zeno,9.179,2.04
CELL_00968,45.7262,9.394,366.9,Olgiate Molgora,San Zeno,7.327,1.63
CELL_00969,45.7262,9.3953,282.9,Olgiate Molgora,Olgiate Centro,36.198,8.05
CELL_00970,45.7262,9.3966,280.0,Olgiate Molgora,Olgiate Centro,41.038,9.13
CELL_00971,45.7262,9.3979,287.2,Olgiate Molgora,Olgiate Centro,45.107,10.03
CELL_00972,45.7262,9.3992,280.1,Olgiate Molgora,Olgiate Centro,48.494,10.79
CELL_00973,45.7262,9.4005,289.1,Olgiate Molgora,Olgiate Centro,50.974,11.34
CELL_00974,45.7262,9.4018,282.5,Olgiate Molgora,Olgiate Centro,51.922,11.55
CELL_00975,45.7262,9.4031,274.3,Calco,Calco Centro,60.731,11.73
CELL_00976,45.7262,9.4044,280.9,Calco,Calco Centro,75.743,14.63
CELL_00977,45.7262,9.4057,280.7,Calco,Calco Centro,94.708,18.3
CELL_00978,45.7262,9.407,281.0,Calco,Calco Centro,118.5,22.89
CELL_00979,45.7262,9.4083,277.7,Calco,Calco Centro,148.017,28.6
CELL_00980,45.7262,9.4096,277.4,Calco,Calco Centro,184.876,35.72
CELL_00981,45.7262,9.4109,279.7,Calco,Calco Centro,230.923,44.61
CELL_00982,45.7262,9.4122,279.0,Calco,Calco Centro,288.654,55.77
CELL_00983,45.7262,9.4135,271.6,Calco,Calco Centro,247.405,47.8
CELL_00984,45.7262,9.4148,279.3,Calco,Calco Centro,197.964,38.25
CELL_00985,45.7262,9.4161,281.9,Calco,Calco Centro,158.571,30.64
CELL_00986,45.7262,9.4174,320.5,Calco,Calco Superiore,22.568,4.36
CELL_00987,45.7262,9.4187,320.6,Calco,Calco Superiore,24.001,4.64
CELL_00988,45.7262,9.42,317.6,Calco,Calco Superiore,23.918,4.62
CELL_00989,45.7262,9.4213,320.6,Calco,Calco Superiore,22.12,4.27
CELL_00990,45.7262,9.4226,324.4,Calco,Calco Superiore,19.472,3.76
CELL_00991,45.7262,9.4239,319.1,Calco,Calco Superiore,16.659,3.22
CELL_00992,45.7262,9.4252,320.7,Calco,Calco Superiore,13.794,2.66
CELL_00993,45.7262,9.4265,317.3,Calco,Calco Superiore,11.595,2.24
CELL_00994,45.7262,9.4278,316.8,Calco,Calco Superiore,9.545,1.84
CELL_00995,45.7262,9.4291,319.9,Calco,Calco Superiore,7.906,1.53
CELL_00996,45.7262,9.4304,316.8,Calco,Calco Superiore,6.537,1.26
CELL_00997,45.7262,9.4317,316.0,Calco,Calco Superiore,5.35,1.03
CELL_00998,45.7262,9.433,269.1,Calco,Arlate,8.773,1.69
CELL_00999,45.7262,9.4343,266.1,Calco,Arlate,8.422,1.63
CELL_01000,45.7262,9.4356,263.9,Calco,Arlate,8.085,1.56
CELL_01001,45.7262,9.4369,267.3,Calco,Arlate,7.631,1.47
CELL_01002,45.7262,9.4382,267.5,Calco,Arlate,6.994,1.35
CELL_01003,45.7262,9.4395,265.8,Calco,Arlate,6.292,1.22
CELL_01004,45.7262,9.4408,268.6,Calco,Arlate,5.835,1.13
CELL_01005,45.7262,9.4421,269.3,Calco,Arlate,5.201,1.0
CELL_01006,45.7271,9.3641,337.6,La Valletta Brianza,Rovagnate,11.113,2.43
CELL_01007,45.7271,9.3654,365.1,Olgiate Molgora,San Zeno,3.416,0.76
CELL_01008,45.7271,9.3667,370.7,Olgiate Molgora,San Zeno,3.967,0.88
CELL_01009,45.7271,9.368,364.7,Olgiate Molgora,San Zeno,5.238,1.17
CELL_01010,45.7271,9.3693,361.5,Olgiate Molgora,San Zeno,6.211,1.38
CELL_01011,45.7271,9.3706,369.4,Olgiate Molgora,San Zeno,7.419,1.65
CELL_01012,45.7271,9.3719,367.3,Olgiate Molgora,San Zeno,9.458,2.1
CELL_01013,45.7271,9.3732,368.1,Olgiate Molgora,San Zeno,11.431,2.54
CELL_01014,45.7271,9.3745,364.5,Olgiate Molgora,San Zeno,13.844,3.08
CELL_01015,45.7271,9.3758,364.9,Olgiate Molgora,San Zeno,17.015,3.78
CELL_01016,45.7271,9.3771,369.1,Olgiate Molgora,San Zeno,20.693,4.6
CELL_01017,45.7271,9.3784,355.7,Olgiate Molgora,San Zeno,24.746,5.5
CELL_01018,45.7271,9.3797,362.1,Olgiate Molgora,San Zeno,28.462,6.33
CELL_01019,45.7271,9.381,365.2,Olgiate Molgora,San Zeno,31.569,7.02
CELL_01020,45.7271,9.3823,367.9,Olgiate Molgora,San Zeno,32.52,7.23
CELL_01021,45.7271,9.3836,372.8,Olgiate Molgora,San Zeno,31.048,6.91
CELL_01022,45.7271,9.3849,366.3,Olgiate Molgora,San Zeno,27.457,6.11
CELL_01023,45.7271,9.3862,364.4,Olgiate Molgora,San Zeno,23.438,5.21
CELL_01024,45.7271,9.3875,365.5,Olgiate Molgora,San Zeno,19.39,4.31
CELL_01025,45.7271,9.3888,361.7,Olgiate Molgora,San Zeno,16.271,3.62
CELL_01026,45.7271,9.3901,360.8,Olgiate Molgora,San Zeno,13.379,2.98
CELL_01027,45.7271,9.3914,365.6,Olgiate Molgora,San Zeno,10.826,2.41
CELL_01028,45.7271,9.3927,368.2,Olgiate Molgora,San Zeno,8.655,1.93
CELL_01029,45.7271,9.394,285.3,Olgiate Molgora,Olgiate Centro,37.286,8.29
CELL_01030,45.7271,9.3953,285.0,Olgiate Molgora,Olgiate Centro,43.416,9.66
CELL_01031,45.7271,9.3966,282.4,Olgiate Molgora,Olgiate Centro,49.29,10.96
CELL_01032,45.7271,9.3979,284.3,Olgiate Molgora,Olgiate Centro,55.027,12.24
CELL_01033,45.7271,9.3992,283.1,Olgiate Molgora,Olgiate Centro,59.793,13.3
CELL_01034,45.7271,9.4005,284.1,Olgiate Molgora,Olgiate Centro,63.195,14.06
CELL_01035,45.7271,9.4018,289.4,Olgiate Molgora,Olgiate Centro,64.503,14.35
CELL_01036,45.7271,9.4031,283.6,Olgiate Molgora,Olgiate Centro,64.049,14.25
CELL_01037,45.7271,9.4044,278.9,Calco,Calco Centro,74.622,14.42
CELL_01038,45.7271,9.4057,280.5,Calco,Calco Centro,92.953,17.96
CELL_01039,45.7271,9.407,280.4,Calco,Calco Centro,115.412,22.3
CELL_01040,45.7271,9.4083,281.8,Calco,Calco Centro,143.251,27.68
CELL_01041,45.7271,9.4096,278.8,Calco,Calco Centro,176.066,34.02
CELL_01042,45.7271,9.4109,274.4,Calco,Calco Centro,213.049,41.16
CELL_01043,45.7271,9.4122,278.8,Calco,Calco Centro,239.035,46.18
CELL_01044,45.7271,9.4135,281.9,Calco,Calco Centro,223.671,43.21
CELL_01045,45.7271,9.4148,282.4,Calco,Calco Centro,187.21,36.17
CELL_01046,45.7271,9.4161,279.6,Calco,Calco Centro,152.9,29.54
CELL_01047,45.7271,9.4174,324.4,Calco,Calco Superiore,27.58,5.33
CELL_01048,45.7271,9.4187,314.9,Calco,Calco Superiore,29.77,5.75
CELL_01049,45.7271,9.42,320.5,Calco,Calco Superiore,29.379,5.68
CELL_01050,45.7271,9.4213,317.3,Calco,Calco Superiore,26.402,5.1
CELL_01051,45.7271,9.4226,317.4,Calco,Calco Superiore,22.546,4.36
CELL_01052,45.7271,9.4239,318.5,Calco,Calco Superiore,18.711,3.61
CELL_01053,45.7271,9.4252,320.2,Calco,Calco Superiore,15.361,2.97
CELL_01054,45.7271,9.4265,317.6,Calco,Calco Superiore,12.541,2.42
CELL_01055,45.7271,9.4278,316.3,Calco,Calco Superiore,10.078,1.95
CELL_01056,45.7271,9.4291,319.1,Calco,Calco Superiore,8.201,1.58
CELL_01057,45.7271,9.4304,324.3,Calco,Calco Superiore,6.958,1.34
CELL_01058,45.7271,9.4317,318.6,Calco,Calco Superiore,5.499,1.06
CELL_01059,45.7271,9.433,315.2,Calco,Calco Superiore,4.639,0.9
CELL_01060,45.7271,9.4343,247.6,Brivio,Beverate,10.085,1.46
CELL_01061,45.7271,9.4356,264.0,Calco,Arlate,6.421,1.24
CELL_01062,45.7271,9.4369,273.4,Calco,Arlate,6.162,1.19
CELL_01063,45.7271,9.4382,265.3,Calco,Arlate,5.679,1.1
CELL_01064,45.7271,9.4395,268.4,Calco,Arlate,5.36,1.04
CELL_01065,45.7271,9.4408,274.2,Calco,Arlate,4.715,0.91
CELL_01066,45.728,9.3615,338.6,La Valletta Brianza,Rovagnate,11.364,2.48
CELL_01067,45.728,9.3628,336.4,La Valletta Brianza,Rovagnate,12.534,2.74
CELL_01068,45.728,9.3641,336.3,La Valletta Brianza,Rovagnate,13.73,3.0
CELL_01069,45.728,9.3654,337.1,La Valletta Brianza,Rovagnate,14.657,3.2
CELL_01070,45.728,9.3667,338.5,La Valletta Brianza,Rovagnate,15.192,3.32
CELL_01071,45.728,9.368,360.1,Olgiate Molgora,San Zeno,4.82,1.07
CELL_01072,45.728,9.3693,363.8,Olgiate Molgora,San Zeno,5.724,1.27
CELL_01073,45.728,9.3706,358.8,Olgiate Molgora,San Zeno,7.207,1.6
CELL_01074,45.728,9.3719,366.6,Olgiate Molgora,San Zeno,8.573,1.91
CELL_01075,45.728,9.3732,361.9,Olgiate Molgora,San Zeno,10.405,2.31
CELL_01076,45.728,9.3745,366.6,Olgiate Molgora,San Zeno,12.804,2.85
CELL_01077,45.728,9.3758,366.5,Olgiate Molgora,San Zeno,15.389,3.42
CELL_01078,45.728,9.3771,367.6,Olgiate Molgora,San Zeno,17.963,4.0
CELL_01079,45.728,9.3784,365.8,Olgiate Molgora,San Zeno,20.959,4.66
CELL_01080,45.728,9.3797,365.2,Olgiate Molgora,San Zeno,23.751,5.28
CELL_01081,45.728,9.381,368.2,Olgiate Molgora,San Zeno,25.862,5.75
CELL_01082,45.728,9.3823,361.3,Olgiate Molgora,San Zeno,26.208,5.83
CELL_01083,45.728,9.3836,368.4,Olgiate Molgora,San Zeno,25.231,5.61
CELL_01084,45.728,9.3849,364.7,Olgiate Molgora,San Zeno,22.951,5.11
CELL_01085,45.728,9.3862,361.9,Olgiate Molgora,San Zeno,20.268,4.51
CELL_01086,45.728,9.3875,358.9,Olgiate Molgora,San Zeno,17.176,3.82
CELL_01087,45.728,9.3888,366.8,Olgiate Molgora,San Zeno,14.52,3.23
CELL_01088,45.728,9.3901,364.0,Olgiate Molgora,San Zeno,11.996,2.67
CELL_01089,45.728,9.3914,365.9,Olgiate Molgora,San Zeno,10.06,2.24
CELL_01090,45.728,9.3927,364.3,Olgiate Molgora,San Zeno,8.256,1.84
CELL_01091,45.728,9.394,287.2,Olgiate Molgora,Olgiate Centro,43.706,9.72
CELL_01092,45.728,9.3953,286.0,Olgiate Molgora,Olgiate Centro,51.213,11.39
CELL_01093,45.728,9.3966,288.4,Olgiate Molgora,Olgiate Centro,58.897,13.1
CELL_01094,45.728,9.3979,283.9,Olgiate Molgora,Olgiate Centro,66.813,14.86
CELL_01095,45.728,9.3992,294.8,Olgiate Molgora,Olgiate Centro,73.469,16.34
CELL_01096,45.728,9.4005,283.4,Olgiate Molgora,Olgiate Centro,78.227,17.4
CELL_01097,45.728,9.4018,286.4,Olgiate Molgora,Olgiate Centro,80.6,17.93
CELL_01098,45.728,9.4031,288.6,Olgiate Molgora,Olgiate Centro,79.553,17.7
CELL_01099,45.728,9.4044,283.0,Olgiate Molgora,Olgiate Centro,75.457,16.78
CELL_01100,45.728,9.4057,284.0,Calco,Calco Centro,87.573,16.92
CELL_01101,45.728,9.407,278.1,Calco,Calco Centro,107.102,20.69
CELL_01102,45.728,9.4083,276.3,Calco,Calco Centro,130.451,25.2
CELL_01103,45.728,9.4096,284.3,Calco,Calco Centro,156.064,30.15
CELL_01104,45.728,9.4109,279.7,Calco,Calco Centro,179.444,34.67
CELL_01105,45.728,9.4122,281.0,Calco,Calco Centro,192.222,37.14
CELL_01106,45.728,9.4135,281.8,Calco,Calco Centro,185.2,35.78
CELL_01107,45.728,9.4148,278.1,Calco,Calco Centro,163.706,31.63
CELL_01108,45.728,9.4161,318.7,Calco,Calco Superiore,26.375,5.1
CELL_01109,45.728,9.4174,321.7,Calco,Calco Superiore,32.031,6.19
CELL_01110,45.728,9.4187,322.4,Calco,Calco Superiore,37.046,7.16
CELL_01111,45.728,9.42,320.7,Calco,Calco Superiore,36.258,7.01
CELL_01112,45.728,9.4213,316.0,Calco,Calco Superiore,30.684,5.93
CELL_01113,45.728,9.4226,318.3,Calco,Calco Superiore,25.001,4.83
CELL_01114,45.728,9.4239,320.2,Calco,Calco Superiore,20.501,3.96
CELL_01115,45.728,9.4252,321.2,Calco,Calco Superiore,16.594,3.21
CELL_01116,45.728,9.4265,318.8,Calco,Calco Superiore,13.157,2.54
CELL_01117,45.728,9.4278,325.3,Calco,Calco Superiore,10.707,2.07
CELL_01118,45.728,9.4291,315.2,Calco,Calco Superiore,8.753,1.69
CELL_01119,45.728,9.4304,324.0,Calco,Calco Superiore,7.006,1.35
CELL_01120,45.728,9.4317,246.9,Brivio,Beverate,15.699,2.28
CELL_01121,45.728,9.433,245.1,Brivio,Beverate,13.692,1.99
CELL_01122,45.728,9.4343,245.8,Brivio,Beverate,11.642,1.69
CELL_01123,45.728,9.4356,246.0,Brivio,Beverate,9.891,1.43
CELL_01124,45.728,9.4369,247.4,Brivio,Beverate,8.482,1.23
CELL_01125,45.728,9.4382,245.5,Brivio,Beverate,7.252,1.05
CELL_01126,45.7289,9.3589,340.6,La Valletta Brianza,Rovagnate,10.831,2.37
CELL_01127,45.7289,9.3602,334.6,La Valletta Brianza,Rovagnate,12.39,2.71
CELL_01128,45.7289,9.3615,335.6,La Valletta Brianza,Rovagnate,13.992,3.06
CELL_01129,45.7289,9.3628,340.4,La Valletta Brianza,Rovagnate,15.427,3.37
CELL_01130,45.7289,9.3641,336.0,La Valletta Brianza,Rovagnate,16.664,3.64
CELL_01131,45.7289,9.3654,340.1,La Valletta Brianza,Rovagnate,17.934,3.92
CELL_01132,45.7289,9.3667,338.1,La Valletta Brianza,Rovagnate,18.948,4.14
CELL_01133,45.7289,9.368,343.3,La Valletta Brianza,Rovagnate,19.527,4.27
CELL_01134,45.7289,9.3693,369.2,Olgiate Molgora,San Zeno,5.441,1.21
CELL_01135,45.7289,9.3706,365.6,Olgiate Molgora,San Zeno,6.711,1.49
CELL_01136,45.7289,9.3719,367.8,Olgiate Molgora,San Zeno,7.819,1.74
CELL_01137,45.7289,9.3732,366.0,Olgiate Molgora,San Zeno,9.491,2.11
CELL_01138,45.7289,9.3745,365.6,Olgiate Molgora,San Zeno,11.105,2.47
CELL_01139,45.7289,9.3758,365.5,Olgiate Molgora,San Zeno,13.192,2.93
CELL_01140,45.7289,9.3771,365.2,Olgiate Molgora,San Zeno,15.638,3.48
CELL_01141,45.7289,9.3784,364.8,Olgiate Molgora,San Zeno,17.644,3.92
CELL_01142,45.7289,9.3797,364.1,Olgiate Molgora,San Zeno,19.617,4.36
CELL_01143,45.7289,9.381,367.7,Olgiate Molgora,San Zeno,20.98,4.67
CELL_01144,45.7289,9.3823,361.7,Olgiate Molgora,San Zeno,21.063,4.69
CELL_01145,45.7289,9.3836,366.7,Olgiate Molgora,San Zeno,20.589,4.58
CELL_01146,45.7289,9.3849,366.6,Olgiate Molgora,San Zeno,19.096,4.25
CELL_01147,45.7289,9.3862,367.9,Olgiate Molgora,San Zeno,16.841,3.75
CELL_01148,45.7289,9.3875,368.7,Olgiate Molgora,San Zeno,14.791,3.29
CELL_01149,45.7289,9.3888,364.5,Olgiate Molgora,San Zeno,12.675,2.82
CELL_01150,45.7289,9.3901,366.7,Olgiate Molgora,San Zeno,10.534,2.34
CELL_01151,45.7289,9.3914,361.9,Olgiate Molgora,San Zeno,9.117,2.03
CELL_01152,45.7289,9.3927,287.4,Olgiate Molgora,Olgiate Centro,41.567,9.25
CELL_01153,45.7289,9.394,292.6,Olgiate Molgora,Olgiate Centro,49.852,11.09
CELL_01154,45.7289,9.3953,278.5,Olgiate Molgora,Olgiate Centro,59.391,13.21
CELL_01155,45.7289,9.3966,281.9,Olgiate Molgora,Olgiate Centro,69.723,15.51
CELL_01156,45.7289,9.3979,286.5,Olgiate Molgora,Olgiate Centro,80.253,17.85
CELL_01157,45.7289,9.3992,285.9,Olgiate Molgora,Olgiate Centro,89.765,19.97
CELL_01158,45.7289,9.4005,289.7,Olgiate Molgora,Olgiate Centro,97.037,21.58
CELL_01159,45.7289,9.4018,285.1,Olgiate Molgora,Olgiate Centro,100.113,22.27
CELL_01160,45.7289,9.4031,290.8,Olgiate Molgora,Olgiate Centro,98.418,21.89
CELL_01161,45.7289,9.4044,286.3,Olgiate Molgora,Olgiate Centro,92.23,20.52
CELL_01162,45.7289,9.4057,283.3,Olgiate Molgora,Olgiate Centro,83.527,18.58
CELL_01163,45.7289,9.407,282.7,Calco,Calco Centro,95.816,18.51
CELL_01164,45.7289,9.4083,279.4,Calco,Calco Centro,114.084,22.04
CELL_01165,45.7289,9.4096,277.8,Calco,Calco Centro,132.268,25.55
CELL_01166,45.7289,9.4109,282.1,Calco,Calco Centro,147.382,28.47
CELL_01167,45.7289,9.4122,282.0,Calco,Calco Centro,154.334,29.82
CELL_01168,45.7289,9.4135,280.0,Calco,Calco Centro,150.591,29.09
CELL_01169,45.7289,9.4148,317.3,Calco,Calco Superiore,22.305,4.31
CELL_01170,45.7289,9.4161,315.1,Calco,Calco Superiore,27.532,5.32
CELL_01171,45.7289,9.4174,316.1,Calco,Calco Superiore,34.172,6.6
CELL_01172,45.7289,9.4187,320.5,Calco,Calco Superiore,42.763,8.26
CELL_01173,45.7289,9.42,319.6,Calco,Calco Superiore,40.564,7.84
CELL_01174,45.7289,9.4213,325.5,Calco,Calco Superiore,32.684,6.31
CELL_01175,45.7289,9.4226,323.2,Calco,Calco Superiore,26.193,5.06
CELL_01176,45.7289,9.4239,315.8,Calco,Calco Superiore,20.918,4.04
CELL_01177,45.7289,9.4252,316.0,Calco,Calco Superiore,16.706,3.23
CELL_01178,45.7289,9.4265,315.0,Calco,Calco Superiore,13.494,2.61
CELL_01179,45.7289,9.4278,318.3,Calco,Calco Superiore,10.901,2.11
CELL_01180,45.7289,9.4291,318.7,Calco,Calco Superiore,8.782,1.7
CELL_01181,45.7289,9.4304,247.2,Brivio,Beverate,20.966,3.04
CELL_01182,45.7289,9.4317,246.2,Brivio,Beverate,18.41,2.67
CELL_01183,45.7289,9.433,246.2,Brivio,Beverate,15.781,2.29
CELL_01184,45.7289,9.4343,248.0,Brivio,Beverate,13.546,1.96
CELL_01185,45.7289,9.4356,249.0,Brivio,Beverate,11.546,1.67
CELL_01186,45.7289,9.4369,247.7,Brivio,Beverate,9.785,1.42
CELL_01187,45.7289,9.4382,252.0,Brivio,Beverate,8.126,1.18
CELL_01188,45.7289,9.4395,250.5,Brivio,Beverate,6.692,0.97
CELL_01189,45.7298,9.3576,340.8,La Valletta Brianza,Rovagnate,11.363,2.48
CELL_01190,45.7298,9.3589,336.2,La Valletta Brianza,Rovagnate,13.018,2.84
CELL_01191,45.7298,9.3602,340.8,La Valletta Brianza,Rovagnate,14.942,3.26
CELL_01192,45.7298,9.3615,342.8,La Valletta Brianza,Rovagnate,16.589,3.62
CELL_01193,45.7298,9.3628,338.6,La Valletta Brianza,Rovagnate,18.592,4.06
CELL_01194,45.7298,9.3641,339.5,La Valletta Brianza,Rovagnate,20.602,4.5
CELL_01195,45.7298,9.3654,347.6,La Valletta Brianza,Rovagnate,22.083,4.82
CELL_01196,45.7298,9.3667,338.6,La Valletta Brianza,Rovagnate,23.291,5.09
CELL_01197,45.7298,9.368,337.4,La Valletta Brianza,Rovagnate,24.376,5.33
CELL_01198,45.7298,9.3693,337.5,La Valletta Brianza,Rovagnate,24.439,5.34
CELL_01199,45.7298,9.3706,343.3,La Valletta Brianza,Rovagnate,24.426,5.34
CELL_01200,45.7298,9.3719,364.0,Olgiate Molgora,San Zeno,7.093,1.58
CELL_01201,45.7298,9.3732,372.2,Olgiate Molgora,San Zeno,8.459,1.88
CELL_01202,45.7298,9.3745,370.0,Olgiate Molgora,San Zeno,9.663,2.15
CELL_01203,45.7298,9.3758,368.7,Olgiate Molgora,San Zeno,11.258,2.5
CELL_01204,45.7298,9.3771,366.3,Olgiate Molgora,San Zeno,12.93,2.88
CELL_01205,45.7298,9.3784,365.3,Olgiate Molgora,San Zeno,14.645,3.26
CELL_01206,45.7298,9.3797,357.3,Olgiate Molgora,San Zeno,15.787,3.51
CELL_01207,45.7298,9.381,363.5,Olgiate Molgora,San Zeno,16.843,3.75
CELL_01208,45.7298,9.3823,370.2,Olgiate Molgora,San Zeno,16.975,3.78
CELL_01209,45.7298,9.3836,359.7,Olgiate Molgora,San Zeno,16.488,3.67
CELL_01210,45.7298,9.3849,362.8,Olgiate Molgora,San Zeno,15.745,3.5
CELL_01211,45.7298,9.3862,365.1,Olgiate Molgora,San Zeno,14.249,3.17
CELL_01212,45.7298,9.3875,369.1,Olgiate Molgora,San Zeno,12.69,2.82
CELL_01213,45.7298,9.3888,359.7,Olgiate Molgora,San Zeno,10.991,2.44
CELL_01214,45.7298,9.3901,366.5,Olgiate Molgora,San Zeno,9.456,2.1
CELL_01215,45.7298,9.3914,283.4,Olgiate Molgora,Olgiate Centro,38.046,8.46
CELL_01216,45.7298,9.3927,284.4,Olgiate Molgora,Olgiate Centro,46.13,10.26
CELL_01217,45.7298,9.394,284.9,Olgiate Molgora,Olgiate Centro,56.406,12.55
CELL_01218,45.7298,9.3953,291.7,Olgiate Molgora,Olgiate Centro,67.847,15.09
CELL_01219,45.7298,9.3966,288.4,Olgiate Molgora,Olgiate Centro,81.378,18.1
CELL_01220,45.7298,9.3979,285.7,Olgiate Molgora,Olgiate Centro,95.364,21.21
CELL_01221,45.7298,9.3992,284.3,Olgiate Molgora,Olgiate Centro,108.813,24.2
CELL_01222,45.7298,9.4005,284.6,Olgiate Molgora,Olgiate Centro,119.88,26.67
CELL_01223,45.7298,9.4018,286.0,Olgiate Molgora,Olgiate Centro,124.766,27.75
CELL_01224,45.7298,9.4031,286.8,Olgiate Molgora,Olgiate Centro,121.906,27.12
CELL_01225,45.7298,9.4044,288.3,Olgiate Molgora,Olgiate Centro,112.84,25.1
CELL_01226,45.7298,9.4057,287.1,Olgiate Molgora,Olgiate Centro,99.565,22.15
CELL_01227,45.7298,9.407,282.2,Olgiate Molgora,Olgiate Centro,85.446,19.01
CELL_01228,45.7298,9.4083,278.0,Calco,Calco Centro,97.228,18.78
CELL_01229,45.7298,9.4096,277.6,Calco,Calco Centro,109.745,21.2
CELL_01230,45.7298,9.4109,280.4,Calco,Calco Centro,119.768,23.14
CELL_01231,45.7298,9.4122,280.1,Calco,Calco Centro,124.118,23.98
CELL_01232,45.7298,9.4135,282.6,Calco,Calco Centro,121.781,23.53
CELL_01233,45.7298,9.4148,320.6,Calco,Calco Superiore,21.248,4.11
CELL_01234,45.7298,9.4161,321.5,Calco,Calco Superiore,26.588,5.14
CELL_01235,45.7298,9.4174,323.0,Calco,Calco Superiore,31.955,6.17
CELL_01236,45.7298,9.4187,319.9,Calco,Calco Superiore,36.887,7.13
CELL_01237,45.7298,9.42,324.4,Calco,Calco Superiore,36.161,6.99
CELL_01238,45.7298,9.4213,318.1,Calco,Calco Superiore,30.791,5.95
CELL_01239,45.7298,9.4226,321.1,Calco,Calco Superiore,25.189,4.87
CELL_01240,45.7298,9.4239,319.3,Calco,Calco Superiore,20.312,3.92
CELL_01241,45.7298,9.4252,319.9,Calco,Calco Superiore,16.321,3.15
CELL_01242,45.7298,9.4265,320.2,Calco,Calco Superiore,13.239,2.56
CELL_01243,45.7298,9.4278,247.2,Brivio,Beverate,31.333,4.54
CELL_01244,45.7298,9.4291,249.7,Brivio,Beverate,28.228,4.09
CELL_01245,45.7298,9.4304,246.5,Brivio,Beverate,25.22,3.66
CELL_01246,45.7298,9.4317,248.2,Brivio,Beverate,21.539,3.12
CELL_01247,45.7298,9.433,246.7,Brivio,Beverate,18.408,2.67
CELL_01248,45.7298,9.4343,252.1,Brivio,Beverate,15.747,2.28
CELL_01249,45.7298,9.4356,242.9,Brivio,Beverate,12.926,1.87
CELL_01250,45.7298,9.4369,249.1,Brivio,Beverate,11.011,1.6
CELL_01251,45.7298,9.4382,249.2,Brivio,Beverate,8.862,1.29
CELL_01252,45.7298,9.4395,249.6,Brivio,Beverate,7.59,1.1
CELL_01253,45.7307,9.3563,337.7,La Valletta Brianza,Rovagnate,11.367,2.48
CELL_01254,45.7307,9.3576,341.4,La Valletta Brianza,Rovagnate,13.21,2.89
CELL_01255,45.7307,9.3589,343.6,La Valletta Brianza,Rovagnate,15.27,3.34
CELL_01256,45.7307,9.3602,338.7,La Valletta Brianza,Rovagnate,17.728,3.87
CELL_01257,45.7307,9.3615,336.9,La Valletta Brianza,Rovagnate,20.245,4.42
CELL_01258,45.7307,9.3628,336.2,La Valletta Brianza,Rovagnate,22.57,4.93
CELL_01259,45.7307,9.3641,343.2,La Valletta Brianza,Rovagnate,25.058,5.47
CELL_01260,45.7307,9.3654,344.5,La Valletta Brianza,Rovagnate,27.233,5.95
CELL_01261,45.7307,9.3667,342.5,La Valletta Brianza,Rovagnate,29.011,6.34
CELL_01262,45.7307,9.368,343.5,La Valletta Brianza,Rovagnate,30.25,6.61
CELL_01263,45.7307,9.3693,342.2,La Valletta Brianza,Rovagnate,30.519,6.67
CELL_01264,45.7307,9.3706,339.5,La Valletta Brianza,Rovagnate,30.339,6.63
CELL_01265,45.7307,9.3719,339.3,La Valletta Brianza,Rovagnate,29.413,6.43
CELL_01266,45.7307,9.3732,364.4,Olgiate Molgora,San Zeno,7.128,1.59
CELL_01267,45.7307,9.3745,365.4,Olgiate Molgora,San Zeno,8.378,1.86
CELL_01268,45.7307,9.3758,365.5,Olgiate Molgora,San Zeno,9.483,2.11
CELL_01269,45.7307,9.3771,363.4,Olgiate Molgora,San Zeno,10.925,2.43
CELL_01270,45.7307,9.3784,367.7,Olgiate Molgora,San Zeno,12.188,2.71
CELL_01271,45.7307,9.3797,367.6,Olgiate Molgora,San Zeno,12.858,2.86
CELL_01272,45.7307,9.381,367.1,Olgiate Molgora,San Zeno,13.716,3.05
CELL_01273,45.7307,9.3823,366.3,Olgiate Molgora,San Zeno,13.556,3.02
CELL_01274,45.7307,9.3836,367.7,Olgiate Molgora,San Zeno,13.269,2.95
CELL_01275,45.7307,9.3849,369.2,Olgiate Molgora,San Zeno,12.631,2.81
CELL_01276,45.7307,9.3862,368.5,Olgiate Molgora,San Zeno,11.726,2.61
CELL_01277,45.7307,9.3875,368.7,Olgiate Molgora,San Zeno,10.573,2.35
CELL_01278,45.7307,9.3888,368.2,Olgiate Molgora,San Zeno,9.127,2.03
CELL_01279,45.7307,9.3901,366.6,Olgiate Molgora,San Zeno,7.918,1.76
CELL_01280,45.7307,9.3914,284.3,Olgiate Molgora,Olgiate Centro,40.678,9.05
CELL_01281,45.7307,9.3927,284.4,Olgiate Molgora,Olgiate Centro,50.226,11.17
CELL_01282,45.7307,9.394,285.1,Olgiate Molgora,Olgiate Centro,61.831,13.75
CELL_01283,45.7307,9.3953,287.5,Olgiate Molgora,Olgiate Centro,75.899,16.88
CELL_01284,45.7307,9.3966,289.9,Olgiate Molgora,Olgiate Centro,92.199,20.51
CELL_01285,45.7307,9.3979,283.4,Olgiate Molgora,Olgiate Centro,110.897,24.67
CELL_01286,45.7307,9.3992,283.8,Olgiate Molgora,Olgiate Centro,130.151,28.95
CELL_01287,45.7307,9.4005,282.5,Olgiate Molgora,Olgiate Centro,146.998,32.7
CELL_01288,45.7307,9.4018,286.5,Olgiate Molgora,Olgiate Centro,155.361,34.56
CELL_01289,45.7307,9.4031,286.9,Olgiate Molgora,Olgiate Centro,150.849,33.55
CELL_01290,45.7307,9.4044,284.8,Olgiate Molgora,Olgiate Centro,135.882,30.22
CELL_01291,45.7307,9.4057,290.1,Olgiate Molgora,Olgiate Centro,116.826,25.99
CELL_01292,45.7307,9.407,284.8,Olgiate Molgora,Olgiate Centro,97.907,21.78
CELL_01293,45.7307,9.4083,282.8,Olgiate Molgora,Olgiate Centro,80.927,18.0
CELL_01294,45.7307,9.4096,281.7,Calco,Calco Centro,90.128,17.41
CELL_01295,45.7307,9.4109,280.9,Calco,Calco Centro,96.729,18.69
CELL_01296,45.7307,9.4122,278.4,Calco,Calco Centro,99.761,19.27
CELL_01297,45.7307,9.4135,320.8,Calco,Calco Superiore,16.335,3.16
CELL_01298,45.7307,9.4148,319.8,Calco,Calco Superiore,19.555,3.78
CELL_01299,45.7307,9.4161,322.1,Calco,Calco Superiore,23.51,4.54
CELL_01300,45.7307,9.4174,320.5,Calco,Calco Superiore,27.559,5.32
CELL_01301,45.7307,9.4187,323.7,Calco,Calco Superiore,29.985,5.79
CELL_01302,45.7307,9.42,322.2,Calco,Calco Superiore,29.661,5.73
CELL_01303,45.7307,9.4213,324.1,Calco,Calco Superiore,26.697,5.16
CELL_01304,45.7307,9.4226,317.9,Calco,Calco Superiore,22.504,4.35
CELL_01305,45.7307,9.4239,314.4,Calco,Calco Superiore,18.783,3.63
CELL_01306,45.7307,9.4252,246.0,Brivio,Beverate,43.566,6.32
CELL_01307,45.7307,9.4265,249.1,Brivio,Beverate,41.601,6.03
CELL_01308,45.7307,9.4278,247.6,Brivio,Beverate,38.2,5.54
CELL_01309,45.7307,9.4291,248.6,Brivio,Beverate,33.887,4.91
CELL_01310,45.7307,9.4304,243.8,Brivio,Beverate,29.472,4.27
CELL_01311,45.7307,9.4317,253.7,Brivio,Beverate,25.253,3.66
CELL_01312,45.7307,9.433,245.6,Brivio,Beverate,21.091,3.06
CELL_01313,45.7307,9.4343,247.5,Brivio,Beverate,17.545,2.54
CELL_01314,45.7307,9.4356,246.1,Brivio,Beverate,14.587,2.12
CELL_01315,45.7307,9.4369,246.7,Brivio,Beverate,12.034,1.75
CELL_01316,45.7307,9.4382,251.4,Brivio,Beverate,10.014,1.45
CELL_01317,45.7307,9.4395,248.4,Brivio,Beverate,8.012,1.16
CELL_01318,45.7307,9.4408,252.1,Brivio,Beverate,6.71,0.97
CELL_01319,45.7316,9.355,340.5,La Valletta Brianza,Rovagnate,10.819,2.36
CELL_01320,45.7316,9.3563,339.4,La Valletta Brianza,Rovagnate,13.044,2.85
CELL_01321,45.7316,9.3576,339.1,La Valletta Brianza,Rovagnate,15.071,3.29
CELL_01322,45.7316,9.3589,340.8,La Valletta Brianza,Rovagnate,17.765,3.88
CELL_01323,45.7316,9.3602,335.4,La Valletta Brianza,Rovagnate,20.891,4.56
CELL_01324,45.7316,9.3615,337.2,La Valletta Brianza,Rovagnate,23.917,5.23
CELL_01325,45.7316,9.3628,347.6,La Valletta Brianza,Rovagnate,27.267,5.96
CELL_01326,45.7316,9.3641,337.5,La Valletta Brianza,Rovagnate,30.547,6.67
CELL_01327,45.7316,9.3654,341.4,La Valletta Brianza,Rovagnate,33.395,7.3
CELL_01328,45.7316,9.3667,345.8,La Valletta Brianza,Rovagnate,35.547,7.77
CELL_01329,45.7316,9.368,340.1,La Valletta Brianza,Rovagnate,37.266,8.14
CELL_01330,45.7316,9.3693,338.4,La Valletta Brianza,Rovagnate,38.154,8.34
CELL_01331,45.7316,9.3706,334.1,La Valletta Brianza,Rovagnate,37.831,8.26
CELL_01332,45.7316,9.3719,339.4,La Valletta Brianza,Rovagnate,36.439,7.96
CELL_01333,45.7316,9.3732,340.1,La Valletta Brianza,Rovagnate,34.328,7.5
CELL_01334,45.7316,9.3745,341.4,La Valletta Brianza,Rovagnate,31.168,6.81
CELL_01335,45.7316,9.3758,368.1,Olgiate Molgora,San Zeno,8.114,1.8
CELL_01336,45.7316,9.3771,362.0,Olgiate Molgora,San Zeno,9.086,2.02
CELL_01337,45.7316,9.3784,365.4,Olgiate Molgora,San Zeno,9.933,2.21
CELL_01338,45.7316,9.3797,370.1,Olgiate Molgora,San Zeno,10.475,2.33
CELL_01339,45.7316,9.381,368.7,Olgiate Molgora,San Zeno,11.064,2.46
CELL_01340,45.7316,9.3823,365.1,Olgiate Molgora,San Zeno,11.074,2.46
CELL_01341,45.7316,9.3836,371.0,Olgiate Molgora,San Zeno,10.877,2.42
CELL_01342,45.7316,9.3849,366.8,Olgiate Molgora,San Zeno,10.234,2.28
CELL_01343,45.7316,9.3862,368.0,Olgiate Molgora,San Zeno,9.817,2.18
CELL_01344,45.7316,9.3875,371.3,Olgiate Molgora,San Zeno,8.645,1.92
CELL_01345,45.7316,9.3888,366.0,Olgiate Molgora,San Zeno,7.907,1.76
CELL_01346,45.7316,9.3901,287.2,Olgiate Molgora,Olgiate Centro,34.638,7.7
CELL_01347,45.7316,9.3914,287.7,Olgiate Molgora,Olgiate Centro,43.168,9.6
CELL_01348,45.7316,9.3927,288.8,Olgiate Molgora,Olgiate Centro,53.642,11.93
CELL_01349,45.7316,9.394,289.0,Olgiate Molgora,Olgiate Centro,66.285,14.74
CELL_01350,45.7316,9.3953,288.0,Olgiate Molgora,Olgiate Centro,82.268,18.3
CELL_01351,45.7316,9.3966,290.5,Olgiate Molgora,Olgiate Centro,101.557,22.59
CELL_01352,45.7316,9.3979,290.1,Olgiate Molgora,Olgiate Centro,124.818,27.76
CELL_01353,45.7316,9.3992,285.3,Olgiate Molgora,Olgiate Centro,151.314,33.66
CELL_01354,45.7316,9.4005,284.7,Olgiate Molgora,Olgiate Centro,177.629,39.51
CELL_01355,45.7316,9.4018,288.1,Olgiate Molgora,Olgiate Centro,193.374,43.01
CELL_01356,45.7316,9.4031,292.3,Olgiate Molgora,Olgiate Centro,184.423,41.02
CELL_01357,45.7316,9.4044,289.6,Olgiate Molgora,Olgiate Centro,159.613,35.5
CELL_01358,45.7316,9.4057,291.1,Olgiate Molgora,Olgiate Centro,132.648,29.51
CELL_01359,45.7316,9.407,285.1,Olgiate Molgora,Olgiate Centro,108.373,24.11
CELL_01360,45.7316,9.4083,286.5,Olgiate Molgora,Olgiate Centro,87.652,19.5
CELL_01361,45.7316,9.4096,291.2,Olgiate Molgora,Olgiate Centro,71.118,15.82
CELL_01362,45.7316,9.4109,287.4,Calco,Calco Centro,78.164,15.1
CELL_01363,45.7316,9.4122,284.5,Calco,Calco Centro,80.158,15.49
CELL_01364,45.7316,9.4135,320.3,Calco,Calco Superiore,14.517,2.8
CELL_01365,45.7316,9.4148,318.0,Calco,Calco Superiore,17.516,3.38
CELL_01366,45.7316,9.4161,325.8,Calco,Calco Superiore,20.378,3.94
CELL_01367,45.7316,9.4174,312.5,Calco,Calco Superiore,22.708,4.39
CELL_01368,45.7316,9.4187,322.4,Calco,Calco Superiore,24.222,4.68
CELL_01369,45.7316,9.42,318.2,Calco,Calco Superiore,23.838,4.61
CELL_01370,45.7316,9.4213,320.8,Calco,Calco Superiore,22.273,4.3
CELL_01371,45.7316,9.4226,321.2,Calco,Calco Superiore,19.353,3.74
CELL_01372,45.7316,9.4239,247.0,Brivio,Beverate,54.309,7.88
CELL_01373,45.7316,9.4252,247.1,Brivio,Beverate,54.403,7.89
CELL_01374,45.7316,9.4265,250.3,Brivio,Beverate,51.449,7.46
CELL_01375,45.7316,9.4278,250.3,Brivio,Beverate,46.3,6.72
CELL_01376,45.7316,9.4291,242.1,Brivio,Beverate,40.371,5.86
CELL_01377,45.7316,9.4304,251.6,Brivio,Beverate,34.365,4.98
CELL_01378,45.7316,9.4317,249.7,Brivio,Beverate,28.856,4.19
CELL_01379,45.7316,9.433,253.7,Brivio,Beverate,23.842,3.46
CELL_01380,45.7316,9.4343,252.9,Brivio,Beverate,19.752,2.86
CELL_01381,45.7316,9.4356,244.7,Brivio,Beverate,16.22,2.35
CELL_01382,45.7316,9.4369,250.1,Brivio,Beverate,13.386,1.94
CELL_01383,45.7316,9.4382,252.1,Brivio,Beverate,10.669,1.55
CELL_01384,45.7316,9.4395,250.5,Brivio,Beverate,8.781,1.27
CELL_01385,45.7316,9.4408,247.4,Brivio,Beverate,7.06,1.02
CELL_01386,45.7316,9.4421,204.5,Brivio,Brivio Centro,10.529,1.53
CELL_01387,45.7316,9.4434,203.1,Brivio,Brivio Centro,10.612,1.54
CELL_01388,45.7316,9.4447,206.6,Brivio,Brivio Centro,10.598,1.54
CELL_01389,45.7316,9.446,203.1,Brivio,Brivio Centro,10.359,1.5
CELL_01390,45.7325,9.355,343.9,La Valletta Brianza,Rovagnate,12.212,2.67
CELL_01391,45.7325,9.3563,343.1,La Valletta Brianza,Rovagnate,14.788,3.23
CELL_01392,45.7325,9.3576,345.6,La Valletta Brianza,Rovagnate,17.454,3.81
CELL_01393,45.7325,9.3589,338.3,La Valletta Brianza,Rovagnate,20.654,4.51
CELL_01394,45.7325,9.3602,339.8,La Valletta Brianza,Rovagnate,24.468,5.35
CELL_01395,45.7325,9.3615,339.2,La Valletta Brianza,Rovagnate,28.522,6.23
CELL_01396,45.7325,9.3628,342.8,La Valletta Brianza,Rovagnate,32.412,7.08
CELL_01397,45.7325,9.3641,340.4,La Valletta Brianza,Rovagnate,36.693,8.02
CELL_01398,45.7325,9.3654,340.9,La Valletta Brianza,Rovagnate,40.822,8.92
CELL_01399,45.7325,9.3667,338.0,La Valletta Brianza,Rovagnate,44.06,9.63
CELL_01400,45.7325,9.368,344.3,La Valletta Brianza,Rovagnate,46.188,10.09
CELL_01401,45.7325,9.3693,342.5,La Valletta Brianza,Rovagnate,47.478,10.37
CELL_01402,45.7325,9.3706,339.0,La Valletta Brianza,Rovagnate,46.645,10.19
CELL_01403,45.7325,9.3719,335.9,La Valletta Brianza,Rovagnate,44.932,9.82
CELL_01404,45.7325,9.3732,344.7,La Valletta Brianza,Rovagnate,41.824,9.14
CELL_01405,45.7325,9.3745,338.7,La Valletta Brianza,Rovagnate,38.022,8.31
CELL_01406,45.7325,9.3758,337.6,La Valletta Brianza,Rovagnate,34.036,7.44
CELL_01407,45.7325,9.3771,344.8,La Valletta Brianza,Rovagnate,29.806,6.51
CELL_01408,45.7325,9.3784,366.1,Olgiate Molgora,San Zeno,8.149,1.81
CELL_01409,45.7325,9.3797,365.2,Olgiate Molgora,San Zeno,8.414,1.87
CELL_01410,45.7325,9.381,364.2,Olgiate Molgora,San Zeno,8.806,1.96
CELL_01411,45.7325,9.3823,364.9,Olgiate Molgora,San Zeno,8.908,1.98
CELL_01412,45.7325,9.3836,366.0,Olgiate Molgora,San Zeno,8.753,1.95
CELL_01413,45.7325,9.3849,367.9,Olgiate Molgora,San Zeno,8.375,1.86
CELL_01414,45.7325,9.3862,367.8,Olgiate Molgora,San Zeno,7.953,1.77
CELL_01415,45.7325,9.3875,365.2,Olgiate Molgora,San Zeno,7.362,1.64
CELL_01416,45.7325,9.3888,316.8,Olgiate Molgora,Mondonico,9.829,2.19
CELL_01417,45.7325,9.3901,315.9,Olgiate Molgora,Mondonico,11.414,2.54
CELL_01418,45.7325,9.3914,312.8,Olgiate Molgora,Mondonico,12.736,2.83
CELL_01419,45.7325,9.3927,287.0,Olgiate Molgora,Olgiate Centro,55.237,12.29
CELL_01420,45.7325,9.394,289.0,Olgiate Molgora,Olgiate Centro,68.925,15.33
CELL_01421,45.7325,9.3953,286.0,Olgiate Molgora,Olgiate Centro,85.735,19.07
CELL_01422,45.7325,9.3966,296.3,Olgiate Molgora,Olgiate Centro,107.32,23.87
CELL_01423,45.7325,9.3979,284.6,Olgiate Molgora,Olgiate Centro,133.531,29.7
CELL_01424,45.7325,9.3992,289.7,Olgiate Molgora,Olgiate Centro,165.893,36.9
CELL_01425,45.7325,9.4005,290.0,Olgiate Molgora,Olgiate Centro,204.861,45.57
CELL_01426,45.7325,9.4018,288.5,Olgiate Molgora,Olgiate Centro,239.968,53.38
CELL_01427,45.7325,9.4031,283.6,Olgiate Molgora,Olgiate Centro,217.346,48.34
CELL_01428,45.7325,9.4044,290.0,Olgiate Molgora,Olgiate Centro,177.332,39.44
CELL_01429,45.7325,9.4057,286.6,Olgiate Molgora,Olgiate Centro,142.713,31.74
CELL_01430,45.7325,9.407,282.6,Olgiate Molgora,Olgiate Centro,114.592,25.49
CELL_01431,45.7325,9.4083,293.4,Olgiate Molgora,Olgiate Centro,91.853,20.43
CELL_01432,45.7325,9.4096,284.7,Olgiate Molgora,Olgiate Centro,73.636,16.38
CELL_01433,45.7325,9.4109,266.2,Olgiate Molgora,Porchera,15.734,3.5
CELL_01434,45.7325,9.4122,269.2,Olgiate Molgora,Porchera,16.144,3.59
CELL_01435,45.7325,9.4135,323.4,Calco,Calco Superiore,12.954,2.5
CELL_01436,45.7325,9.4148,320.9,Calco,Calco Superiore,14.743,2.85
CELL_01437,45.7325,9.4161,327.8,Calco,Calco Superiore,16.92,3.27
CELL_01438,45.7325,9.4174,317.2,Calco,Calco Superiore,18.67,3.61
CELL_01439,45.7325,9.4187,322.9,Calco,Calco Superiore,19.477,3.76
CELL_01440,45.7325,9.42,316.3,Calco,Calco Superiore,19.489,3.77
CELL_01441,45.7325,9.4213,252.0,Brivio,Beverate,55.423,8.04
CELL_01442,45.7325,9.4226,250.4,Brivio,Beverate,62.849,9.12
CELL_01443,45.7325,9.4239,246.3,Brivio,Beverate,67.481,9.79
CELL_01444,45.7325,9.4252,249.1,Brivio,Beverate,67.466,9.78
CELL_01445,45.7325,9.4265,247.4,Brivio,Beverate,62.417,9.05
CELL_01446,45.7325,9.4278,249.4,Brivio,Beverate,55.084,7.99
CELL_01447,45.7325,9.4291,246.1,Brivio,Beverate,46.654,6.77
CELL_01448,45.7325,9.4304,248.0,Brivio,Beverate,39.105,5.67
CELL_01449,45.7325,9.4317,244.6,Brivio,Beverate,32.104,4.66
CELL_01450,45.7325,9.433,248.1,Brivio,Beverate,26.46,3.84
CELL_01451,45.7325,9.4343,249.7,Brivio,Beverate,21.451,3.11
CELL_01452,45.7325,9.4356,247.7,Brivio,Beverate,17.568,2.55
CELL_01453,45.7325,9.4369,245.2,Brivio,Beverate,14.076,2.04
CELL_01454,45.7325,9.4382,250.6,Brivio,Beverate,11.664,1.69
CELL_01455,45.7325,9.4395,246.1,Brivio,Beverate,9.479,1.37
CELL_01456,45.7325,9.4408,246.0,Brivio,Beverate,7.417,1.08
CELL_01457,45.7325,9.4421,202.8,Brivio,Brivio Centro,12.925,1.87
CELL_01458,45.7325,9.4434,203.6,Brivio,Brivio Centro,13.302,1.93
CELL_01459,45.7325,9.4447,206.7,Brivio,Brivio Centro,13.368,1.94
CELL_01460,45.7325,9.446,202.4,Brivio,Brivio Centro,13.215,1.92
CELL_01461,45.7325,9.4473,209.9,Brivio,Brivio Centro,12.462,1.81
CELL_01462,45.7325,9.4486,210.6,Brivio,Brivio Centro,12.217,1.77
CELL_01463,45.7325,9.4499,204.6,Brivio,Brivio Centro,11.38,1.65
CELL_01464,45.7325,9.4512,201.8,Brivio,Brivio Centro,10.424,1.51
CELL_01465,45.7334,9.355,342.8,La Valletta Brianza,Rovagnate,13.761,3.01
CELL_01466,45.7334,9.3563,342.1,La Valletta Brianza,Rovagnate,16.309,3.56
CELL_01467,45.7334,9.3576,339.5,La Valletta Brianza,Rovagnate,19.662,4.3
CELL_01468,45.7334,9.3589,344.4,La Valletta Brianza,Rovagnate,23.653,5.17
CELL_01469,45.7334,9.3602,339.7,La Valletta Brianza,Rovagnate,28.139,6.15
CELL_01470,45.7334,9.3615,332.8,La Valletta Brianza,Rovagnate,33.231,7.26
CELL_01471,45.7334,9.3628,338.7,La Valletta Brianza,Rovagnate,38.788,8.47
CELL_01472,45.7334,9.3641,341.0,La Valletta Brianza,Rovagnate,44.054,9.62
CELL_01473,45.7334,9.3654,341.5,La Valletta Brianza,Rovagnate,49.501,10.81
CELL_01474,45.7334,9.3667,340.3,La Valletta Brianza,Rovagnate,54.215,11.84
CELL_01475,45.7334,9.368,343.3,La Valletta Brianza,Rovagnate,57.415,12.54
CELL_01476,45.7334,9.3693,339.2,La Valletta Brianza,Rovagnate,58.844,12.86
CELL_01477,45.7334,9.3706,343.7,La Valletta Brianza,Rovagnate,57.949,12.66
CELL_01478,45.7334,9.3719,341.2,La Valletta Brianza,Rovagnate,55.223,12.06
CELL_01479,45.7334,9.3732,345.1,La Valletta Brianza,Rovagnate,51.205,11.19
CELL_01480,45.7334,9.3745,343.6,La Valletta Brianza,Rovagnate,45.87,10.02
CELL_01481,45.7334,9.3758,342.4,La Valletta Brianza,Rovagnate,40.407,8.83
CELL_01482,45.7334,9.3771,346.0,La Valletta Brianza,Rovagnate,34.945,7.63
CELL_01483,45.7334,9.3784,340.4,La Valletta Brianza,Rovagnate,29.738,6.5
CELL_01484,45.7334,9.3797,365.5,Olgiate Molgora,San Zeno,7.136,1.59
CELL_01485,45.7334,9.381,367.5,Olgiate Molgora,San Zeno,7.25,1.61
CELL_01486,45.7334,9.3823,368.3,Olgiate Molgora,San Zeno,7.373,1.64
CELL_01487,45.7334,9.3836,371.7,Olgiate Molgora,San Zeno,7.141,1.59
CELL_01488,45.7334,9.3849,371.0,Olgiate Molgora,San Zeno,6.707,1.49
CELL_01489,45.7334,9.3862,368.4,Olgiate Molgora,San Zeno,6.7,1.49
CELL_01490,45.7334,9.3875,304.7,Olgiate Molgora,Mondonico,9.465,2.11
CELL_01491,45.7334,9.3888,308.4,Olgiate Molgora,Mondonico,11.359,2.53
CELL_01492,45.7334,9.3901,317.1,Olgiate Molgora,Mondonico,13.113,2.92
CELL_01493,45.7334,9.3914,310.7,Olgiate Molgora,Mondonico,15.061,3.35
CELL_01494,45.7334,9.3927,309.7,Olgiate Molgora,Mondonico,17.172,3.82
CELL_01495,45.7334,9.394,318.3,Olgiate Molgora,Mondonico,19.104,4.25
CELL_01496,45.7334,9.3953,289.1,Olgiate Molgora,Olgiate Centro,85.969,19.12
CELL_01497,45.7334,9.3966,286.0,Olgiate Molgora,Olgiate Centro,107.248,23.86
CELL_01498,45.7334,9.3979,292.9,Olgiate Molgora,Olgiate Centro,134.103,29.83
CELL_01499,45.7334,9.3992,287.4,Olgiate Molgora,Olgiate Centro,166.813,37.1
CELL_01500,45.7334,9.4005,289.4,Olgiate Molgora,Olgiate Centro,206.767,45.99
CELL_01501,45.7334,9.4018,288.6,Olgiate Molgora,Olgiate Centro,245.476,54.6
CELL_01502,45.7334,9.4031,282.9,Olgiate Molgora,Olgiate Centro,220.304,49.0
CELL_01503,45.7334,9.4044,282.9,Olgiate Molgora,Olgiate Centro,178.627,39.73
CELL_01504,45.7334,9.4057,286.6,Olgiate Molgora,Olgiate Centro,143.276,31.87
CELL_01505,45.7334,9.407,291.1,Olgiate Molgora,Olgiate Centro,115.105,25.6
CELL_01506,45.7334,9.4083,293.3,Olgiate Molgora,Olgiate Centro,92.207,20.51
CELL_01507,45.7334,9.4096,264.7,Olgiate Molgora,Porchera,18.579,4.13
CELL_01508,45.7334,9.4109,272.9,Olgiate Molgora,Porchera,19.706,4.38
CELL_01509,45.7334,9.4122,269.7,Olgiate Molgora,Porchera,19.979,4.44
CELL_01510,45.7334,9.4135,262.7,Olgiate Molgora,Porchera,19.329,4.3
CELL_01511,45.7334,9.4148,271.4,Olgiate Molgora,Porchera,17.967,4.0
CELL_01512,45.7334,9.4161,321.9,Calco,Calco Superiore,13.876,2.68
CELL_01513,45.7334,9.4174,322.4,Calco,Calco Superiore,15.232,2.94
CELL_01514,45.7334,9.4187,247.1,Brivio,Beverate,43.764,6.35
CELL_01515,45.7334,9.42,255.9,Brivio,Beverate,53.575,7.77
CELL_01516,45.7334,9.4213,242.9,Brivio,Beverate,64.699,9.38
CELL_01517,45.7334,9.4226,254.7,Brivio,Beverate,75.813,11.0
CELL_01518,45.7334,9.4239,248.5,Brivio,Beverate,83.622,12.13
CELL_01519,45.7334,9.4252,255.3,Brivio,Beverate,83.19,12.07
CELL_01520,45.7334,9.4265,256.4,Brivio,Beverate,74.937,10.87
CELL_01521,45.7334,9.4278,252.1,Brivio,Beverate,63.565,9.22
CELL_01522,45.7334,9.4291,249.8,Brivio,Beverate,52.871,7.67
CELL_01523,45.7334,9.4304,248.2,Brivio,Beverate,43.046,6.24
CELL_01524,45.7334,9.4317,248.4,Brivio,Beverate,35.034,5.08
CELL_01525,45.7334,9.433,252.9,Brivio,Beverate,28.283,4.1
CELL_01526,45.7334,9.4343,249.8,Brivio,Beverate,23.035,3.34
CELL_01527,45.7334,9.4356,252.0,Brivio,Beverate,18.663,2.71
CELL_01528,45.7334,9.4369,244.5,Brivio,Beverate,14.932,2.17
CELL_01529,45.7334,9.4382,244.0,Brivio,Beverate,11.956,1.73
CELL_01530,45.7334,9.4395,250.7,Brivio,Beverate,9.598,1.39
CELL_01531,45.7334,9.4408,206.3,Brivio,Brivio Centro,15.487,2.25
CELL_01532,45.7334,9.4421,205.8,Brivio,Brivio Centro,16.209,2.35
CELL_01533,45.7334,9.4434,202.1,Brivio,Brivio Centro,16.365,2.37
CELL_01534,45.7334,9.4447,209.5,Brivio,Brivio Centro,16.35,2.37
CELL_01535,45.7334,9.446,210.4,Brivio,Brivio Centro,16.204,2.35
CELL_01536,45.7334,9.4473,205.8,Brivio,Brivio Centro,15.763,2.29
CELL_01537,45.7334,9.4486,204.9,Brivio,Brivio Centro,14.879,2.16
CELL_01538,45.7334,9.4499,207.1,Brivio,Brivio Centro,13.778,2.0
CELL_01539,45.7334,9.4512,205.9,Brivio,Brivio Centro,12.765,1.85
CELL_01540,45.7334,9.4525,203.3,Brivio,Brivio Centro,11.743,1.7
CELL_01541,45.7343,9.355,368.1,La Valletta Brianza,Perego,10.286,2.25
CELL_01542,45.7343,9.3563,341.6,La Valletta Brianza,Rovagnate,18.305,4.0
CELL_01543,45.7343,9.3576,341.3,La Valletta Brianza,Rovagnate,21.932,4.79
CELL_01544,45.7343,9.3589,342.6,La Valletta Brianza,Rovagnate,26.666,5.83
CELL_01545,45.7343,9.3602,339.2,La Valletta Brianza,Rovagnate,32.171,7.03
CELL_01546,45.7343,9.3615,341.5,La Valletta Brianza,Rovagnate,38.491,8.41
CELL_01547,45.7343,9.3628,344.8,La Valletta Brianza,Rovagnate,45.372,9.91
CELL_01548,45.7343,9.3641,344.8,La Valletta Brianza,Rovagnate,52.586,11.49
CELL_01549,45.7343,9.3654,341.5,La Valletta Brianza,Rovagnate,59.931,13.09
CELL_01550,45.7343,9.3667,345.5,La Valletta Brianza,Rovagnate,66.41,14.51
CELL_01551,45.7343,9.368,335.2,La Valletta Brianza,Rovagnate,71.255,15.57
CELL_01552,45.7343,9.3693,339.4,La Valletta Brianza,Rovagnate,73.423,16.04
CELL_01553,45.7343,9.3706,343.0,La Valletta Brianza,Rovagnate,72.33,15.8
CELL_01554,45.7343,9.3719,338.0,La Valletta Brianza,Rovagnate,68.088,14.88
CELL_01555,45.7343,9.3732,342.4,La Valletta Brianza,Rovagnate,62.187,13.59
CELL_01556,45.7343,9.3745,346.9,La Valletta Brianza,Rovagnate,54.731,11.96
CELL_01557,45.7343,9.3758,344.6,La Valletta Brianza,Rovagnate,47.519,10.38
CELL_01558,45.7343,9.3771,341.5,La Valletta Brianza,Rovagnate,40.426,8.83
CELL_01559,45.7343,9.3784,339.7,La Valletta Brianza,Rovagnate,34.1,7.45
CELL_01560,45.7343,9.3797,344.7,La Valletta Brianza,Rovagnate,28.347,6.19
CELL_01561,45.7343,9.381,340.2,La Valletta Brianza,Rovagnate,23.578,5.15
CELL_01562,45.7343,9.3823,368.4,Olgiate Molgora,San Zeno,5.893,1.31
CELL_01563,45.7343,9.3836,364.4,Olgiate Molgora,San Zeno,5.636,1.25
CELL_01564,45.7343,9.3849,333.8,Olgiate Molgora,Monticello,5.016,1.12
CELL_01565,45.7343,9.3862,337.8,Olgiate Molgora,Monticello,5.458,1.21
CELL_01566,45.7343,9.3875,314.5,Olgiate Molgora,Mondonico,10.771,2.4
CELL_01567,45.7343,9.3888,311.9,Olgiate Molgora,Mondonico,12.675,2.82
CELL_01568,45.7343,9.3901,312.3,Olgiate Molgora,Mondonico,15.454,3.44
CELL_01569,45.7343,9.3914,310.5,Olgiate Molgora,Mondonico,18.001,4.0
CELL_01570,45.7343,9.3927,310.0,Olgiate Molgora,Mondonico,20.711,4.61
CELL_01571,45.7343,9.394,314.8,Olgiate Molgora,Mondonico,23.277,5.18
CELL_01572,45.7343,9.3953,317.1,Olgiate Molgora,Mondonico,25.339,5.64
CELL_01573,45.7343,9.3966,284.2,Olgiate Molgora,Olgiate Centro,102.455,22.79
CELL_01574,45.7343,9.3979,288.9,Olgiate Molgora,Olgiate Centro,126.01,28.03
CELL_01575,45.7343,9.3992,287.2,Olgiate Molgora,Olgiate Centro,153.414,34.12
CELL_01576,45.7343,9.4005,292.2,Olgiate Molgora,Olgiate Centro,180.945,40.25
CELL_01577,45.7343,9.4018,283.5,Olgiate Molgora,Olgiate Centro,197.831,44.0
CELL_01578,45.7343,9.4031,286.2,Olgiate Molgora,Olgiate Centro,188.118,41.84
CELL_01579,45.7343,9.4044,284.7,Olgiate Molgora,Olgiate Centro,161.875,36.01
CELL_01580,45.7343,9.4057,286.9,Olgiate Molgora,Olgiate Centro,134.155,29.84
CELL_01581,45.7343,9.407,286.6,Olgiate Molgora,Olgiate Centro,109.112,24.27
CELL_01582,45.7343,9.4083,271.2,Olgiate Molgora,Porchera,20.061,4.46
CELL_01583,45.7343,9.4096,270.6,Olgiate Molgora,Porchera,22.403,4.98
CELL_01584,45.7343,9.4109,268.4,Olgiate Molgora,Porchera,23.957,5.33
CELL_01585,45.7343,9.4122,274.4,Olgiate Molgora,Porchera,24.512,5.45
CELL_01586,45.7343,9.4135,274.7,Olgiate Molgora,Porchera,23.685,5.27
CELL_01587,45.7343,9.4148,273.6,Olgiate Molgora,Porchera,21.858,4.86
CELL_01588,45.7343,9.4161,274.5,Olgiate Molgora,Porchera,19.51,4.34
CELL_01589,45.7343,9.4174,250.1,Brivio,Beverate,37.541,5.44
CELL_01590,45.7343,9.4187,250.4,Brivio,Beverate,46.741,6.78
CELL_01591,45.7343,9.42,248.8,Brivio,Beverate,57.995,8.41
CELL_01592,45.7343,9.4213,245.6,Brivio,Beverate,71.704,10.4
CELL_01593,45.7343,9.4226,249.9,Brivio,Beverate,87.816,12.74
CELL_01594,45.7343,9.4239,252.2,Brivio,Beverate,102.785,14.91
CELL_01595,45.7343,9.4252,241.1,Brivio,Beverate,101.928,14.78
CELL_01596,45.7343,9.4265,250.1,Brivio,Beverate,86.43,12.54
CELL_01597,45.7343,9.4278,251.5,Brivio,Beverate,70.448,10.22
CELL_01598,45.7343,9.4291,247.9,Brivio,Beverate,57.126,8.29
CELL_01599,45.7343,9.4304,253.0,Brivio,Beverate,45.916,6.66
CELL_01600,45.7343,9.4317,253.3,Brivio,Beverate,36.746,5.33
CELL_01601,45.7343,9.433,251.5,Brivio,Beverate,29.874,4.33
CELL_01602,45.7343,9.4343,250.5,Brivio,Beverate,23.739,3.44
CELL_01603,45.7343,9.4356,245.0,Brivio,Beverate,19.325,2.8
CELL_01604,45.7343,9.4369,247.3,Brivio,Beverate,15.428,2.24
CELL_01605,45.7343,9.4382,243.5,Brivio,Beverate,12.535,1.82
CELL_01606,45.7343,9.4395,205.5,Brivio,Brivio Centro,17.839,2.59
CELL_01607,45.7343,9.4408,205.8,Brivio,Brivio Centro,19.03,2.76
CELL_01608,45.7343,9.4421,203.2,Brivio,Brivio Centro,19.987,2.9
CELL_01609,45.7343,9.4434,208.3,Brivio,Brivio Centro,20.501,2.97
CELL_01610,45.7343,9.4447,205.6,Brivio,Brivio Centro,20.539,2.98
CELL_01611,45.7343,9.446,207.9,Brivio,Brivio Centro,19.911,2.89
CELL_01612,45.7343,9.4473,201.6,Brivio,Brivio Centro,19.128,2.77
CELL_01613,45.7343,9.4486,206.5,Brivio,Brivio Centro,18.346,2.66
CELL_01614,45.7343,9.4499,203.8,Brivio,Brivio Centro,16.749,2.43
CELL_01615,45.7343,9.4512,203.2,Brivio,Brivio Centro,15.472,2.24
CELL_01616,45.7343,9.4525,202.5,Brivio,Brivio Centro,13.841,2.01
CELL_01617,45.7343,9.4538,201.9,Brivio,Brivio Centro,12.329,1.79
CELL_01618,45.7343,9.4551,201.0,Brivio,Brivio Centro,10.77,1.56
CELL_01619,45.7352,9.355,375.5,La Valletta Brianza,Perego,12.146,2.65
CELL_01620,45.7352,9.3563,368.1,La Valletta Brianza,Perego,14.204,3.1
CELL_01621,45.7352,9.3576,342.3,La Valletta Brianza,Rovagnate,24.477,5.35
CELL_01622,45.7352,9.3589,341.3,La Valletta Brianza,Rovagnate,29.754,6.5
CELL_01623,45.7352,9.3602,342.7,La Valletta Brianza,Rovagnate,36.183,7.9
CELL_01624,45.7352,9.3615,336.7,La Valletta Brianza,Rovagnate,43.674,9.54
CELL_01625,45.7352,9.3628,339.6,La Valletta Brianza,Rovagnate,52.377,11.44
CELL_01626,45.7352,9.3641,339.0,La Valletta Brianza,Rovagnate,61.795,13.5
CELL_01627,45.7352,9.3654,338.8,La Valletta Brianza,Rovagnate,71.826,15.69
CELL_01628,45.7352,9.3667,344.4,La Valletta Brianza,Rovagnate,80.878,17.67
CELL_01629,45.7352,9.368,338.7,La Valletta Brianza,Rovagnate,88.178,19.26
CELL_01630,45.7352,9.3693,337.8,La Valletta Brianza,Rovagnate,91.211,19.93
CELL_01631,45.7352,9.3706,339.8,La Valletta Brianza,Rovagnate,89.554,19.56
CELL_01632,45.7352,9.3719,337.9,La Valletta Brianza,Rovagnate,83.577,18.26
CELL_01633,45.7352,9.3732,340.4,La Valletta Brianza,Rovagnate,74.549,16.29
CELL_01634,45.7352,9.3745,339.8,La Valletta Brianza,Rovagnate,64.941,14.19
CELL_01635,45.7352,9.3758,341.7,La Valletta Brianza,Rovagnate,55.122,12.04
CELL_01636,45.7352,9.3771,339.9,La Valletta Brianza,Rovagnate,46.276,10.11
CELL_01637,45.7352,9.3784,342.2,La Valletta Brianza,Rovagnate,38.426,8.39
CELL_01638,45.7352,9.3797,350.3,La Valletta Brianza,Rovagnate,31.776,6.94
CELL_01639,45.7352,9.381,339.5,La Valletta Brianza,Rovagnate,25.937,5.67
CELL_01640,45.7352,9.3823,336.9,Olgiate Molgora,Monticello,4.291,0.95
CELL_01641,45.7352,9.3836,334.8,Olgiate Molgora,Monticello,5.129,1.14
CELL_01642,45.7352,9.3849,341.6,Olgiate Molgora,Monticello,5.823,1.3
CELL_01643,45.7352,9.3862,335.1,Olgiate Molgora,Monticello,6.709,1.49
CELL_01644,45.7352,9.3875,338.8,Olgiate Molgora,Monticello,7.48,1.66
CELL_01645,45.7352,9.3888,315.2,Olgiate Molgora,Mondonico,14.578,3.24
CELL_01646,45.7352,9.3901,317.8,Olgiate Molgora,Mondonico,17.46,3.88
CELL_01647,45.7352,9.3914,316.8,Olgiate Molgora,Mondonico,20.704,4.61
CELL_01648,45.7352,9.3927,313.5,Olgiate Molgora,Mondonico,24.607,5.47
CELL_01649,45.7352,9.394,312.1,Olgiate Molgora,Mondonico,27.93,6.21
CELL_01650,45.7352,9.3953,309.9,Olgiate Molgora,Mondonico,31.131,6.92
CELL_01651,45.7352,9.3966,311.3,Olgiate Molgora,Mondonico,32.884,7.31
CELL_01652,45.7352,9.3979,315.0,Olgiate Molgora,Mondonico,32.94,7.33
CELL_01653,45.7352,9.3992,285.3,Olgiate Molgora,Olgiate Centro,132.522,29.48
CELL_01654,45.7352,9.4005,291.9,Olgiate Molgora,Olgiate Centro,150.231,33.42
CELL_01655,45.7352,9.4018,283.3,Olgiate Molgora,Olgiate Centro,159.108,35.39
CELL_01656,45.7352,9.4031,287.9,Olgiate Molgora,Olgiate Centro,154.142,34.29
CELL_01657,45.7352,9.4044,284.1,Olgiate Molgora,Olgiate Centro,138.585,30.83
CELL_01658,45.7352,9.4057,285.1,Olgiate Molgora,Olgiate Centro,118.889,26.44
CELL_01659,45.7352,9.407,290.2,Olgiate Molgora,Olgiate Centro,98.938,22.01
CELL_01660,45.7352,9.4083,268.9,Olgiate Molgora,Porchera,23.76,5.29
CELL_01661,45.7352,9.4096,266.8,Olgiate Molgora,Porchera,27.315,6.08
CELL_01662,45.7352,9.4109,276.6,Olgiate Molgora,Porchera,29.861,6.64
CELL_01663,45.7352,9.4122,264.6,Olgiate Molgora,Porchera,30.369,6.76
CELL_01664,45.7352,9.4135,264.4,Olgiate Molgora,Porchera,29.25,6.51
CELL_01665,45.7352,9.4148,268.6,Olgiate Molgora,Porchera,26.203,5.83
CELL_01666,45.7352,9.4161,270.2,Olgiate Molgora,Porchera,22.657,5.04
CELL_01667,45.7352,9.4174,271.0,Olgiate Molgora,Porchera,19.406,4.32
CELL_01668,45.7352,9.4187,249.7,Brivio,Beverate,47.466,6.88
CELL_01669,45.7352,9.42,250.6,Brivio,Beverate,59.223,8.59
CELL_01670,45.7352,9.4213,245.0,Brivio,Beverate,74.002,10.73
CELL_01671,45.7352,9.4226,249.8,Brivio,Beverate,92.642,13.44
CELL_01672,45.7352,9.4239,247.2,Brivio,Beverate,115.591,16.76
CELL_01673,45.7352,9.4252,249.9,Brivio,Beverate,113.589,16.47
CELL_01674,45.7352,9.4265,248.7,Brivio,Beverate,90.96,13.19
CELL_01675,45.7352,9.4278,255.5,Brivio,Beverate,72.776,10.56
CELL_01676,45.7352,9.4291,254.7,Brivio,Beverate,58.518,8.49
CELL_01677,45.7352,9.4304,245.3,Brivio,Beverate,46.659,6.77
CELL_01678,45.7352,9.4317,244.8,Brivio,Beverate,37.672,5.46
CELL_01679,45.7352,9.433,250.8,Brivio,Beverate,29.98,4.35
CELL_01680,45.7352,9.4343,252.2,Brivio,Beverate,24.093,3.49
CELL_01681,45.7352,9.4356,248.7,Brivio,Beverate,19.34,2.8
CELL_01682,45.7352,9.4369,255.4,Brivio,Beverate,15.436,2.24
CELL_01683,45.7352,9.4382,254.7,Brivio,Beverate,12.549,1.82
CELL_01684,45.7352,9.4395,210.6,Brivio,Brivio Centro,22.075,3.2
CELL_01685,45.7352,9.4408,207.2,Brivio,Brivio Centro,23.416,3.4
CELL_01686,45.7352,9.4421,209.9,Brivio,Brivio Centro,24.487,3.55
CELL_01687,45.7352,9.4434,208.4,Brivio,Brivio Centro,25.385,3.68
CELL_01688,45.7352,9.4447,204.3,Brivio,Brivio Centro,25.434,3.69
CELL_01689,45.7352,9.446,205.7,Brivio,Brivio Centro,24.682,3.58
CELL_01690,45.7352,9.4473,207.6,Brivio,Brivio Centro,23.678,3.43
CELL_01691,45.7352,9.4486,203.5,Brivio,Brivio Centro,22.375,3.25
CELL_01692,45.7352,9.4499,203.9,Brivio,Brivio Centro,20.473,2.97
CELL_01693,45.7352,9.4512,201.0,Brivio,Brivio Centro,18.849,2.73
CELL_01694,45.7352,9.4525,203.4,Brivio,Brivio Centro,16.723,2.43
CELL_01695,45.7352,9.4538,204.2,Brivio,Brivio Centro,14.548,2.11
CELL_01696,45.7352,9.4551,209.7,Brivio,Brivio Centro,12.878,1.87
CELL_01697,45.7352,9.4564,200.1,Brivio,Brivio Centro,11.133,1.61
CELL_01698,45.7361,9.355,374.2,La Valletta Brianza,Perego,14.632,3.2
CELL_01699,45.7361,9.3563,369.9,La Valletta Brianza,Perego,16.803,3.67
CELL_01700,45.7361,9.3576,363.9,La Valletta Brianza,Perego,19.021,4.16
CELL_01701,45.7361,9.3589,339.4,La Valletta Brianza,Rovagnate,32.493,7.1
CELL_01702,45.7361,9.3602,335.6,La Valletta Brianza,Rovagnate,40.025,8.74
CELL_01703,45.7361,9.3615,345.8,La Valletta Brianza,Rovagnate,48.887,10.68
CELL_01704,45.7361,9.3628,341.8,La Valletta Brianza,Rovagnate,59.032,12.9
CELL_01705,45.7361,9.3641,340.6,La Valletta Brianza,Rovagnate,71.4,15.6
CELL_01706,45.7361,9.3654,345.8,La Valletta Brianza,Rovagnate,84.57,18.48
CELL_01707,45.7361,9.3667,340.9,La Valletta Brianza,Rovagnate,97.728,21.35
CELL_01708,45.7361,9.368,341.7,La Valletta Brianza,Rovagnate,108.511,23.71
CELL_01709,45.7361,9.3693,333.7,La Valletta Brianza,Rovagnate,113.357,24.77
CELL_01710,45.7361,9.3706,340.5,La Valletta Brianza,Rovagnate,110.737,24.19
CELL_01711,45.7361,9.3719,344.3,La Valletta Brianza,Rovagnate,101.192,22.11
CELL_01712,45.7361,9.3732,344.9,La Valletta Brianza,Rovagnate,88.463,19.33
CELL_01713,45.7361,9.3745,338.6,La Valletta Brianza,Rovagnate,75.341,16.46
CELL_01714,45.7361,9.3758,341.0,La Valletta Brianza,Rovagnate,62.799,13.72
CELL_01715,45.7361,9.3771,341.3,La Valletta Brianza,Rovagnate,51.709,11.3
CELL_01716,45.7361,9.3784,343.1,La Valletta Brianza,Rovagnate,42.534,9.29
CELL_01717,45.7361,9.3797,341.9,La Valletta Brianza,Rovagnate,34.697,7.58
CELL_01718,45.7361,9.381,334.4,La Valletta Brianza,Rovagnate,27.968,6.11
CELL_01719,45.7361,9.3823,337.6,Olgiate Molgora,Monticello,5.003,1.11
CELL_01720,45.7361,9.3836,337.5,Olgiate Molgora,Monticello,5.972,1.33
CELL_01721,45.7361,9.3849,342.7,Olgiate Molgora,Monticello,6.912,1.54
CELL_01722,45.7361,9.3862,334.5,Olgiate Molgora,Monticello,7.775,1.73
CELL_01723,45.7361,9.3875,339.4,Olgiate Molgora,Monticello,8.687,1.93
CELL_01724,45.7361,9.3888,340.5,Olgiate Molgora,Monticello,9.664,2.15
CELL_01725,45.7361,9.3901,311.6,Olgiate Molgora,Mondonico,19.459,4.33
CELL_01726,45.7361,9.3914,313.2,Olgiate Molgora,Mondonico,23.638,5.26
CELL_01727,45.7361,9.3927,315.3,Olgiate Molgora,Mondonico,28.047,6.24
CELL_01728,45.7361,9.394,319.5,Olgiate Molgora,Mondonico,33.086,7.36
CELL_01729,45.7361,9.3953,315.9,Olgiate Molgora,Mondonico,37.852,8.42
CELL_01730,45.7361,9.3966,316.0,Olgiate Molgora,Mondonico,40.882,9.09
CELL_01731,45.7361,9.3979,316.0,Olgiate Molgora,Mondonico,40.888,9.09
CELL_01732,45.7361,9.3992,315.4,Olgiate Molgora,Mondonico,37.677,8.38
CELL_01733,45.7361,9.4005,291.7,Olgiate Molgora,Olgiate Centro,122.424,27.23
CELL_01734,45.7361,9.4018,286.1,Olgiate Molgora,Olgiate Centro,127.957,28.46
CELL_01735,45.7361,9.4031,281.8,Olgiate Molgora,Olgiate Centro,125.034,27.81
CELL_01736,45.7361,9.4044,285.2,Olgiate Molgora,Olgiate Centro,115.109,25.6
CELL_01737,45.7361,9.4057,281.9,Olgiate Molgora,Olgiate Centro,101.544,22.59
CELL_01738,45.7361,9.407,269.9,Olgiate Molgora,Porchera,22.751,5.06
CELL_01739,45.7361,9.4083,269.7,Olgiate Molgora,Porchera,27.681,6.16
CELL_01740,45.7361,9.4096,268.3,Olgiate Molgora,Porchera,32.549,7.24
CELL_01741,45.7361,9.4109,270.5,Olgiate Molgora,Porchera,36.764,8.18
CELL_01742,45.7361,9.4122,273.9,Olgiate Molgora,Porchera,37.953,8.44
CELL_01743,45.7361,9.4135,270.1,Olgiate Molgora,Porchera,35.55,7.91
CELL_01744,45.7361,9.4148,265.8,Olgiate Molgora,Porchera,30.924,6.88
CELL_01745,45.7361,9.4161,269.9,Olgiate Molgora,Porchera,25.941,5.77
CELL_01746,45.7361,9.4174,273.8,Olgiate Molgora,Porchera,21.748,4.84
CELL_01747,45.7361,9.4187,249.2,Brivio,Beverate,46.182,6.7
CELL_01748,45.7361,9.42,251.8,Brivio,Beverate,57.419,8.33
CELL_01749,45.7361,9.4213,247.7,Brivio,Beverate,70.512,10.23
CELL_01750,45.7361,9.4226,250.3,Brivio,Beverate,85.375,12.38
CELL_01751,45.7361,9.4239,252.9,Brivio,Beverate,98.528,14.29
CELL_01752,45.7361,9.4252,249.7,Brivio,Beverate,97.86,14.19
CELL_01753,45.7361,9.4265,250.4,Brivio,Beverate,84.493,12.25
CELL_01754,45.7361,9.4278,248.9,Brivio,Beverate,69.52,10.08
CELL_01755,45.7361,9.4291,246.8,Brivio,Beverate,56.214,8.15
CELL_01756,45.7361,9.4304,253.4,Brivio,Beverate,45.449,6.59
CELL_01757,45.7361,9.4317,250.8,Brivio,Beverate,36.819,5.34
CELL_01758,45.7361,9.433,252.1,Brivio,Beverate,29.278,4.25
CELL_01759,45.7361,9.4343,255.3,Brivio,Beverate,23.824,3.46
CELL_01760,45.7361,9.4356,249.2,Brivio,Beverate,19.003,2.76
CELL_01761,45.7361,9.4369,247.2,Brivio,Beverate,15.395,2.23
CELL_01762,45.7361,9.4382,210.9,Brivio,Brivio Centro,24.366,3.53
CELL_01763,45.7361,9.4395,200.5,Brivio,Brivio Centro,26.985,3.91
CELL_01764,45.7361,9.4408,210.4,Brivio,Brivio Centro,28.844,4.18
CELL_01765,45.7361,9.4421,204.9,Brivio,Brivio Centro,30.583,4.44
CELL_01766,45.7361,9.4434,209.3,Brivio,Brivio Centro,31.519,4.57
CELL_01767,45.7361,9.4447,202.7,Brivio,Brivio Centro,31.427,4.56
CELL_01768,45.7361,9.446,211.4,Brivio,Brivio Centro,30.62,4.44
CELL_01769,45.7361,9.4473,208.3,Brivio,Brivio Centro,29.401,4.26
CELL_01770,45.7361,9.4486,210.2,Brivio,Brivio Centro,27.399,3.97
CELL_01771,45.7361,9.4499,211.1,Brivio,Brivio Centro,25.075,3.64
CELL_01772,45.7361,9.4512,205.9,Brivio,Brivio Centro,22.688,3.29
CELL_01773,45.7361,9.4525,204.3,Brivio,Brivio Centro,19.859,2.88
CELL_01774,45.7361,9.4538,205.8,Brivio,Brivio Centro,17.414,2.53
CELL_01775,45.7361,9.4551,205.8,Brivio,Brivio Centro,15.195,2.2
CELL_01776,45.7361,9.4564,205.8,Brivio,Brivio Centro,13.046,1.89
CELL_01777,45.7361,9.4577,211.1,Brivio,Brivio Centro,10.857,1.57
CELL_01778,45.737,9.355,370.0,La Valletta Brianza,Perego,16.998,3.71
CELL_01779,45.737,9.3563,368.3,La Valletta Brianza,Perego,19.875,4.34
CELL_01780,45.737,9.3576,372.9,La Valletta Brianza,Perego,22.637,4.95
CELL_01781,45.737,9.3589,371.6,La Valletta Brianza,Perego,25.665,5.61
CELL_01782,45.737,9.3602,340.3,La Valletta Brianza,Rovagnate,42.877,9.37
CELL_01783,45.737,9.3615,343.8,La Valletta Brianza,Rovagnate,53.012,11.58
CELL_01784,45.737,9.3628,336.4,La Valletta Brianza,Rovagnate,65.106,14.22
CELL_01785,45.737,9.3641,342.2,La Valletta Brianza,Rovagnate,79.965,17.47
CELL_01786,45.737,9.3654,341.0,La Valletta Brianza,Rovagnate,97.129,21.22
CELL_01787,45.737,9.3667,342.0,La Valletta Brianza,Rovagnate,115.488,25.23
CELL_01788,45.737,9.368,339.8,La Valletta Brianza,Rovagnate,132.271,28.9
CELL_01789,45.737,9.3693,339.7,La Valletta Brianza,Rovagnate,141.091,30.82
CELL_01790,45.737,9.3706,340.4,La Valletta Brianza,Rovagnate,136.522,29.83
CELL_01791,45.737,9.3719,345.7,La Valletta Brianza,Rovagnate,120.944,26.42
CELL_01792,45.737,9.3732,339.9,La Valletta Brianza,Rovagnate,102.51,22.4
CELL_01793,45.737,9.3745,343.1,La Valletta Brianza,Rovagnate,85.122,18.6
CELL_01794,45.737,9.3758,335.8,La Valletta Brianza,Rovagnate,69.72,15.23
CELL_01795,45.737,9.3771,340.7,La Valletta Brianza,Rovagnate,56.472,12.34
CELL_01796,45.737,9.3784,338.8,La Valletta Brianza,Rovagnate,45.692,9.98
CELL_01797,45.737,9.3797,343.6,La Valletta Brianza,Rovagnate,37.033,8.09
CELL_01798,45.737,9.381,344.3,La Valletta Brianza,Rovagnate,29.921,6.54
CELL_01799,45.737,9.3823,336.3,Olgiate Molgora,Monticello,5.966,1.33
CELL_01800,45.737,9.3836,345.5,Olgiate Molgora,Monticello,7.09,1.58
CELL_01801,45.737,9.3849,342.8,Olgiate Molgora,Monticello,8.069,1.79
CELL_01802,45.737,9.3862,342.4,Olgiate Molgora,Monticello,9.338,2.08
CELL_01803,45.737,9.3875,339.3,Olgiate Molgora,Monticello,10.612,2.36
CELL_01804,45.737,9.3888,334.7,Olgiate Molgora,Monticello,11.953,2.66
CELL_01805,45.737,9.3901,339.1,Olgiate Molgora,Monticello,12.797,2.85
CELL_01806,45.737,9.3914,311.9,Olgiate Molgora,Mondonico,25.647,5.7
CELL_01807,45.737,9.3927,314.8,Olgiate Molgora,Mondonico,31.619,7.03
CELL_01808,45.737,9.394,318.2,Olgiate Molgora,Mondonico,38.147,8.49
CELL_01809,45.737,9.3953,314.8,Olgiate Molgora,Mondonico,45.462,10.11
CELL_01810,45.737,9.3966,312.3,Olgiate Molgora,Mondonico,50.501,11.23
CELL_01811,45.737,9.3979,315.4,Olgiate Molgora,Mondonico,50.463,11.22
CELL_01812,45.737,9.3992,310.9,Olgiate Molgora,Mondonico,45.016,10.01
CELL_01813,45.737,9.4005,320.8,Olgiate Molgora,Mondonico,37.721,8.39
CELL_01814,45.737,9.4018,318.5,Olgiate Molgora,Mondonico,30.991,6.89
CELL_01815,45.737,9.4031,286.9,Olgiate Molgora,Olgiate Centro,100.828,22.43
CELL_01816,45.737,9.4044,288.6,Olgiate Molgora,Olgiate Centro,94.598,21.04
CELL_01817,45.737,9.4057,273.1,Olgiate Molgora,Porchera,20.148,4.48
CELL_01818,45.737,9.407,265.8,Olgiate Molgora,Porchera,24.839,5.53
CELL_01819,45.737,9.4083,272.4,Olgiate Molgora,Porchera,30.723,6.83
CELL_01820,45.737,9.4096,272.1,Olgiate Molgora,Porchera,37.328,8.3
CELL_01821,45.737,9.4109,270.2,Olgiate Molgora,Porchera,44.176,9.83
CELL_01822,45.737,9.4122,264.3,Olgiate Molgora,Porchera,47.057,10.47
CELL_01823,45.737,9.4135,271.4,Olgiate Molgora,Porchera,42.434,9.44
CELL_01824,45.737,9.4148,268.0,Olgiate Molgora,Porchera,35.136,7.82
CELL_01825,45.737,9.4161,273.0,Olgiate Molgora,Porchera,28.784,6.4
CELL_01826,45.737,9.4174,271.9,Olgiate Molgora,Porchera,23.13,5.14
CELL_01827,45.737,9.4187,250.2,Brivio,Beverate,43.085,6.25
CELL_01828,45.737,9.42,247.0,Brivio,Beverate,52.398,7.6
CELL_01829,45.737,9.4213,250.0,Brivio,Beverate,62.665,9.09
CELL_01830,45.737,9.4226,253.2,Brivio,Beverate,73.022,10.59
CELL_01831,45.737,9.4239,251.6,Brivio,Beverate,80.011,11.6
CELL_01832,45.737,9.4252,250.4,Brivio,Beverate,79.756,11.57
CELL_01833,45.737,9.4265,248.2,Brivio,Beverate,72.196,10.47
CELL_01834,45.737,9.4278,245.8,Brivio,Beverate,61.967,8.99
CELL_01835,45.737,9.4291,247.6,Brivio,Beverate,51.7,7.5
CELL_01836,45.737,9.4304,251.5,Brivio,Beverate,42.177,6.12
CELL_01837,45.737,9.4317,249.8,Brivio,Beverate,34.532,5.01
CELL_01838,45.737,9.433,254.4,Brivio,Beverate,28.036,4.07
CELL_01839,45.737,9.4343,248.3,Brivio,Beverate,22.646,3.28
CELL_01840,45.737,9.4356,249.0,Brivio,Beverate,18.475,2.68
CELL_01841,45.737,9.4369,204.1,Brivio,Brivio Centro,26.141,3.79
CELL_01842,45.737,9.4382,204.9,Brivio,Brivio Centro,29.645,4.3
CELL_01843,45.737,9.4395,205.5,Brivio,Brivio Centro,32.748,4.75
CELL_01844,45.737,9.4408,208.7,Brivio,Brivio Centro,35.644,5.17
CELL_01845,45.737,9.4421,204.3,Brivio,Brivio Centro,37.863,5.49
CELL_01846,45.737,9.4434,204.3,Brivio,Brivio Centro,38.843,5.63
CELL_01847,45.737,9.4447,207.8,Brivio,Brivio Centro,39.008,5.66
CELL_01848,45.737,9.446,207.7,Brivio,Brivio Centro,38.323,5.56
CELL_01849,45.737,9.4473,204.1,Brivio,Brivio Centro,36.145,5.24
CELL_01850,45.737,9.4486,205.6,Brivio,Brivio Centro,33.552,4.87
CELL_01851,45.737,9.4499,212.2,Brivio,Brivio Centro,30.362,4.4
CELL_01852,45.737,9.4512,207.9,Brivio,Brivio Centro,27.072,3.93
CELL_01853,45.737,9.4525,207.9,Brivio,Brivio Centro,23.872,3.46
CELL_01854,45.737,9.4538,205.9,Brivio,Brivio Centro,20.371,2.95
CELL_01855,45.737,9.4551,207.0,Brivio,Brivio Centro,17.625,2.56
CELL_01856,45.737,9.4564,206.5,Brivio,Brivio Centro,14.907,2.16
CELL_01857,45.737,9.4577,203.9,Brivio,Brivio Centro,12.696,1.84
CELL_01858,45.737,9.459,206.9,Brivio,Brivio Centro,10.315,1.5
CELL_01859,45.7379,9.355,376.3,La Valletta Brianza,Perego,19.716,4.31
CELL_01860,45.7379,9.3563,368.6,La Valletta Brianza,Perego,22.859,4.99
CELL_01861,45.7379,9.3576,368.9,La Valletta Brianza,Perego,26.714,5.84
CELL_01862,45.7379,9.3589,370.8,La Valletta Brianza,Perego,30.576,6.68
CELL_01863,45.7379,9.3602,372.4,La Valletta Brianza,Perego,34.314,7.5
CELL_01864,45.7379,9.3615,370.0,La Valletta Brianza,Perego,37.732,8.24
CELL_01865,45.7379,9.3628,349.2,La Valletta Brianza,Rovagnate,69.454,15.17
CELL_01866,45.7379,9.3641,337.8,La Valletta Brianza,Rovagnate,86.311,18.86
CELL_01867,45.7379,9.3654,345.5,La Valletta Brianza,Rovagnate,106.911,23.36
CELL_01868,45.7379,9.3667,347.6,La Valletta Brianza,Rovagnate,131.418,28.71
CELL_01869,45.7379,9.368,350.1,La Valletta Brianza,Rovagnate,157.762,34.47
CELL_01870,45.7379,9.3693,341.7,La Valletta Brianza,Rovagnate,175.773,38.4
CELL_01871,45.7379,9.3706,337.4,La Valletta Brianza,Rovagnate,165.354,36.13
CELL_01872,45.7379,9.3719,333.5,La Valletta Brianza,Rovagnate,139.186,30.41
CELL_01873,45.7379,9.3732,345.4,La Valletta Brianza,Rovagnate,113.961,24.9
CELL_01874,45.7379,9.3745,338.5,La Valletta Brianza,Rovagnate,92.41,20.19
CELL_01875,45.7379,9.3758,342.9,La Valletta Brianza,Rovagnate,74.345,16.24
CELL_01876,45.7379,9.3771,342.5,La Valletta Brianza,Rovagnate,59.891,13.08
CELL_01877,45.7379,9.3784,341.2,La Valletta Brianza,Rovagnate,48.289,10.55
CELL_01878,45.7379,9.3797,342.4,La Valletta Brianza,Rovagnate,38.838,8.48
CELL_01879,45.7379,9.381,339.3,La Valletta Brianza,Rovagnate,31.125,6.8
CELL_01880,45.7379,9.3823,338.2,Olgiate Molgora,Monticello,6.507,1.45
CELL_01881,45.7379,9.3836,339.0,Olgiate Molgora,Monticello,7.937,1.77
CELL_01882,45.7379,9.3849,340.8,Olgiate Molgora,Monticello,9.294,2.07
CELL_01883,45.7379,9.3862,342.5,Olgiate Molgora,Monticello,10.829,2.41
CELL_01884,45.7379,9.3875,339.3,Olgiate Molgora,Monticello,12.568,2.8
CELL_01885,45.7379,9.3888,340.2,Olgiate Molgora,Monticello,14.178,3.15
CELL_01886,45.7379,9.3901,336.1,Olgiate Molgora,Monticello,15.646,3.48
CELL_01887,45.7379,9.3914,313.0,Olgiate Molgora,Mondonico,27.243,6.06
CELL_01888,45.7379,9.3927,316.1,Olgiate Molgora,Mondonico,34.004,7.56
CELL_01889,45.7379,9.394,315.9,Olgiate Molgora,Mondonico,41.975,9.34
CELL_01890,45.7379,9.3953,311.9,Olgiate Molgora,Mondonico,51.63,11.48
CELL_01891,45.7379,9.3966,312.0,Olgiate Molgora,Mondonico,61.639,13.71
CELL_01892,45.7379,9.3979,317.1,Olgiate Molgora,Mondonico,61.069,13.58
CELL_01893,45.7379,9.3992,317.6,Olgiate Molgora,Mondonico,51.056,11.36
CELL_01894,45.7379,9.4005,316.2,Olgiate Molgora,Mondonico,41.221,9.17
CELL_01895,45.7379,9.4018,310.0,Olgiate Molgora,Mondonico,33.412,7.43
CELL_01896,45.7379,9.4031,315.7,Olgiate Molgora,Mondonico,26.654,5.93
CELL_01897,45.7379,9.4044,316.8,Olgiate Molgora,Mondonico,21.319,4.74
CELL_01898,45.7379,9.4057,270.8,Olgiate Molgora,Porchera,20.779,4.62
CELL_01899,45.7379,9.407,272.6,Olgiate Molgora,Porchera,25.84,5.75
CELL_01900,45.7379,9.4083,271.4,Olgiate Molgora,Porchera,32.16,7.15
CELL_01901,45.7379,9.4096,269.3,Olgiate Molgora,Porchera,39.936,8.88
CELL_01902,45.7379,9.4109,269.2,Olgiate Molgora,Porchera,49.755,11.07
CELL_01903,45.7379,9.4122,270.9,Olgiate Molgora,Porchera,57.908,12.88
CELL_01904,45.7379,9.4135,272.4,Olgiate Molgora,Porchera,46.702,10.39
CELL_01905,45.7379,9.4148,271.9,Olgiate Molgora,Porchera,37.505,8.34
CELL_01906,45.7379,9.4161,268.8,Olgiate Molgora,Porchera,30.158,6.71
CELL_01907,45.7379,9.4174,269.2,Olgiate Molgora,Porchera,24.239,5.39
CELL_01908,45.7379,9.4187,263.3,Olgiate Molgora,Porchera,19.175,4.27
CELL_01909,45.7379,9.42,252.6,Brivio,Beverate,45.783,6.64
CELL_01910,45.7379,9.4213,253.7,Brivio,Beverate,53.377,7.74
CELL_01911,45.7379,9.4226,255.3,Brivio,Beverate,60.506,8.78
CELL_01912,45.7379,9.4239,250.2,Brivio,Beverate,64.408,9.34
CELL_01913,45.7379,9.4252,246.8,Brivio,Beverate,64.069,9.29
CELL_01914,45.7379,9.4265,258.1,Brivio,Beverate,59.853,8.68
CELL_01915,45.7379,9.4278,243.9,Brivio,Beverate,53.102,7.7
CELL_01916,45.7379,9.4291,250.1,Brivio,Beverate,45.348,6.58
CELL_01917,45.7379,9.4304,245.8,Brivio,Beverate,38.145,5.53
CELL_01918,45.7379,9.4317,250.0,Brivio,Beverate,31.351,4.55
CELL_01919,45.7379,9.433,254.0,Brivio,Beverate,25.723,3.73
CELL_01920,45.7379,9.4343,252.3,Brivio,Beverate,20.977,3.04
CELL_01921,45.7379,9.4356,251.0,Brivio,Beverate,17.309,2.51
CELL_01922,45.7379,9.4369,206.8,Brivio,Brivio Centro,31.344,4.55
CELL_01923,45.7379,9.4382,213.8,Brivio,Brivio Centro,35.646,5.17
CELL_01924,45.7379,9.4395,203.9,Brivio,Brivio Centro,39.974,5.8
CELL_01925,45.7379,9.4408,206.5,Brivio,Brivio Centro,43.767,6.35
CELL_01926,45.7379,9.4421,210.8,Brivio,Brivio Centro,46.768,6.78
CELL_01927,45.7379,9.4434,206.8,Brivio,Brivio Centro,48.505,7.03
CELL_01928,45.7379,9.4447,202.1,Brivio,Brivio Centro,48.785,7.08
CELL_01929,45.7379,9.446,212.3,Brivio,Brivio Centro,47.4,6.87
CELL_01930,45.7379,9.4473,205.2,Brivio,Brivio Centro,44.785,6.5
CELL_01931,45.7379,9.4486,207.1,Brivio,Brivio Centro,40.971,5.94
CELL_01932,45.7379,9.4499,209.7,Brivio,Brivio Centro,36.677,5.32
CELL_01933,45.7379,9.4512,207.0,Brivio,Brivio Centro,32.284,4.68
CELL_01934,45.7379,9.4525,206.8,Brivio,Brivio Centro,27.923,4.05
CELL_01935,45.7379,9.4538,201.5,Brivio,Brivio Centro,23.77,3.45
CELL_01936,45.7379,9.4551,204.8,Brivio,Brivio Centro,20.001,2.9
CELL_01937,45.7379,9.4564,202.9,Brivio,Brivio Centro,16.924,2.45
CELL_01938,45.7379,9.4577,197.6,Brivio,Brivio Centro,14.07,2.04
CELL_01939,45.7379,9.459,205.3,Brivio,Brivio Centro,11.692,1.7
CELL_01940,45.7388,9.355,373.9,La Valletta Brianza,Perego,22.27,4.87
CELL_01941,45.7388,9.3563,378.2,La Valletta Brianza,Perego,26.696,5.83
CELL_01942,45.7388,9.3576,371.9,La Valletta Brianza,Perego,31.547,6.89
CELL_01943,45.7388,9.3589,372.9,La Valletta Brianza,Perego,36.54,7.98
CELL_01944,45.7388,9.3602,373.7,La Valletta Brianza,Perego,41.747,9.12
CELL_01945,45.7388,9.3615,369.3,La Valletta Brianza,Perego,46.131,10.08
CELL_01946,45.7388,9.3628,374.9,La Valletta Brianza,Perego,49.394,10.79
CELL_01947,45.7388,9.3641,342.1,La Valletta Brianza,Rovagnate,89.179,19.48
CELL_01948,45.7388,9.3654,337.6,La Valletta Brianza,Rovagnate,111.469,24.35
CELL_01949,45.7388,9.3667,348.3,La Valletta Brianza,Rovagnate,138.894,30.34
CELL_01950,45.7388,9.368,347.9,La Valletta Brianza,Rovagnate,173.58,37.92
CELL_01951,45.7388,9.3693,347.3,La Valletta Brianza,Rovagnate,215.603,47.1
CELL_01952,45.7388,9.3706,337.4,La Valletta Brianza,Rovagnate,186.068,40.65
CELL_01953,45.7388,9.3719,343.7,La Valletta Brianza,Rovagnate,148.8,32.51
CELL_01954,45.7388,9.3732,338.5,La Valletta Brianza,Rovagnate,119.297,26.06
CELL_01955,45.7388,9.3745,342.4,La Valletta Brianza,Rovagnate,95.452,20.85
CELL_01956,45.7388,9.3758,336.1,La Valletta Brianza,Rovagnate,76.481,16.71
CELL_01957,45.7388,9.3771,345.4,La Valletta Brianza,Rovagnate,61.387,13.41
CELL_01958,45.7388,9.3784,338.2,La Valletta Brianza,Rovagnate,49.218,10.75
CELL_01959,45.7388,9.3797,342.4,La Valletta Brianza,Rovagnate,39.356,8.6
CELL_01960,45.7388,9.381,339.3,La Valletta Brianza,Rovagnate,31.432,6.87
CELL_01961,45.7388,9.3823,339.7,Olgiate Molgora,Monticello,7.218,1.61
CELL_01962,45.7388,9.3836,341.7,Olgiate Molgora,Monticello,8.663,1.93
CELL_01963,45.7388,9.3849,342.0,Olgiate Molgora,Monticello,10.615,2.36
CELL_01964,45.7388,9.3862,337.8,Olgiate Molgora,Monticello,12.858,2.86
CELL_01965,45.7388,9.3875,337.6,Olgiate Molgora,Monticello,15.013,3.34
CELL_01966,45.7388,9.3888,338.1,Olgiate Molgora,Monticello,17.294,3.85
CELL_01967,45.7388,9.3901,338.2,Olgiate Molgora,Monticello,18.974,4.22
CELL_01968,45.7388,9.3914,341.3,Olgiate Molgora,Monticello,20.351,4.53
CELL_01969,45.7388,9.3927,315.3,Olgiate Molgora,Mondonico,34.084,7.58
CELL_01970,45.7388,9.394,314.7,Olgiate Molgora,Mondonico,42.762,9.51
CELL_01971,45.7388,9.3953,317.3,Olgiate Molgora,Mondonico,53.008,11.79
CELL_01972,45.7388,9.3966,311.8,Olgiate Molgora,Mondonico,65.292,14.52
CELL_01973,45.7388,9.3979,310.2,Olgiate Molgora,Mondonico,64.041,14.24
CELL_01974,45.7388,9.3992,319.7,Olgiate Molgora,Mondonico,51.926,11.55
CELL_01975,45.7388,9.4005,315.3,Olgiate Molgora,Mondonico,41.857,9.31
CELL_01976,45.7388,9.4018,316.7,Olgiate Molgora,Mondonico,33.668,7.49
CELL_01977,45.7388,9.4031,306.1,Olgiate Molgora,Mondonico,27.129,6.03
CELL_01978,45.7388,9.4044,317.3,Olgiate Molgora,Mondonico,21.74,4.84
CELL_01979,45.7388,9.4057,269.6,Olgiate Molgora,Porchera,20.245,4.5
CELL_01980,45.7388,9.407,270.7,Olgiate Molgora,Porchera,25.063,5.57
CELL_01981,45.7388,9.4083,266.6,Olgiate Molgora,Porchera,31.267,6.95
CELL_01982,45.7388,9.4096,264.9,Olgiate Molgora,Porchera,38.37,8.53
CELL_01983,45.7388,9.4109,273.9,Olgiate Molgora,Porchera,46.162,10.27
CELL_01984,45.7388,9.4122,269.4,Olgiate Molgora,Porchera,49.583,11.03
CELL_01985,45.7388,9.4135,268.7,Olgiate Molgora,Porchera,43.714,9.72
CELL_01986,45.7388,9.4148,267.6,Olgiate Molgora,Porchera,36.127,8.04
CELL_01987,45.7388,9.4161,271.1,Olgiate Molgora,Porchera,29.082,6.47
CELL_01988,45.7388,9.4174,276.0,Olgiate Molgora,Porchera,23.501,5.23
CELL_01989,45.7388,9.4187,268.4,Olgiate Molgora,Porchera,18.794,4.18
CELL_01990,45.7388,9.42,255.0,Brivio,Beverate,39.128,5.67
CELL_01991,45.7388,9.4213,249.4,Brivio,Beverate,44.766,6.49
CELL_01992,45.7388,9.4226,251.1,Brivio,Beverate,49.197,7.14
CELL_01993,45.7388,9.4239,248.4,Brivio,Beverate,52.011,7.54
CELL_01994,45.7388,9.4252,250.8,Brivio,Beverate,51.857,7.52
CELL_01995,45.7388,9.4265,249.6,Brivio,Beverate,48.804,7.08
CELL_01996,45.7388,9.4278,246.7,Brivio,Beverate,44.482,6.45
CELL_01997,45.7388,9.4291,254.5,Brivio,Beverate,38.867,5.64
CELL_01998,45.7388,9.4304,250.9,Brivio,Beverate,33.298,4.83
CELL_01999,45.7388,9.4317,252.3,Brivio,Beverate,27.849,4.04
CELL_02000,45.7388,9.433,250.7,Brivio,Beverate,23.184,3.36
CELL_02001,45.7388,9.4343,248.7,Brivio,Beverate,19.468,2.82
CELL_02002,45.7388,9.4356,208.1,Brivio,Brivio Centro,31.11,4.51
CELL_02003,45.7388,9.4369,209.1,Brivio,Brivio Centro,36.769,5.33
CELL_02004,45.7388,9.4382,212.6,Brivio,Brivio Centro,42.587,6.18
CELL_02005,45.7388,9.4395,209.4,Brivio,Brivio Centro,48.103,6.98
CELL_02006,45.7388,9.4408,202.6,Brivio,Brivio Centro,53.609,7.78
CELL_02007,45.7388,9.4421,209.6,Brivio,Brivio Centro,57.746,8.38
CELL_02008,45.7388,9.4434,204.6,Brivio,Brivio Centro,60.476,8.77
CELL_02009,45.7388,9.4447,206.4,Brivio,Brivio Centro,60.404,8.76
CELL_02010,45.7388,9.446,205.0,Brivio,Brivio Centro,58.519,8.49
CELL_02011,45.7388,9.4473,201.5,Brivio,Brivio Centro,54.689,7.93
CELL_02012,45.7388,9.4486,205.1,Brivio,Brivio Centro,49.715,7.21
CELL_02013,45.7388,9.4499,203.3,Brivio,Brivio Centro,43.744,6.34
CELL_02014,45.7388,9.4512,207.5,Brivio,Brivio Centro,37.896,5.5
CELL_02015,45.7388,9.4525,208.9,Brivio,Brivio Centro,32.387,4.7
CELL_02016,45.7388,9.4538,210.8,Brivio,Brivio Centro,27.398,3.97
CELL_02017,45.7388,9.4551,205.7,Brivio,Brivio Centro,23.039,3.34
CELL_02018,45.7388,9.4564,207.9,Brivio,Brivio Centro,19.224,2.79
CELL_02019,45.7388,9.4577,208.2,Brivio,Brivio Centro,15.68,2.27
CELL_02020,45.7388,9.459,206.5,Brivio,Brivio Centro,13.178,1.91
CELL_02021,45.7397,9.355,374.5,La Valletta Brianza,Perego,24.685,5.39
CELL_02022,45.7397,9.3563,377.7,La Valletta Brianza,Perego,30.009,6.56
CELL_02023,45.7397,9.3576,371.3,La Valletta Brianza,Perego,36.153,7.9
CELL_02024,45.7397,9.3589,369.0,La Valletta Brianza,Perego,42.609,9.31
CELL_02025,45.7397,9.3602,374.3,La Valletta Brianza,Perego,49.91,10.9
CELL_02026,45.7397,9.3615,369.9,La Valletta Brianza,Perego,56.404,12.32
CELL_02027,45.7397,9.3628,378.1,La Valletta Brianza,Perego,61.138,13.36
CELL_02028,45.7397,9.3641,375.1,La Valletta Brianza,Perego,63.444,13.86
CELL_02029,45.7397,9.3654,341.0,La Valletta Brianza,Rovagnate,108.654,23.74
CELL_02030,45.7397,9.3667,337.8,La Valletta Brianza,Rovagnate,133.755,29.22
CELL_02031,45.7397,9.368,339.5,La Valletta Brianza,Rovagnate,162.949,35.6
CELL_02032,45.7397,9.3693,342.9,La Valletta Brianza,Rovagnate,184.228,40.25
CELL_02033,45.7397,9.3706,341.9,La Valletta Brianza,Rovagnate,171.207,37.4
CELL_02034,45.7397,9.3719,339.6,La Valletta Brianza,Rovagnate,142.406,31.11
CELL_02035,45.7397,9.3732,343.2,La Valletta Brianza,Rovagnate,115.764,25.29
CELL_02036,45.7397,9.3745,343.6,La Valletta Brianza,Rovagnate,93.461,20.42
CELL_02037,45.7397,9.3758,338.5,La Valletta Brianza,Rovagnate,75.219,16.43
CELL_02038,45.7397,9.3771,347.7,La Valletta Brianza,Rovagnate,60.447,13.21
CELL_02039,45.7397,9.3784,344.5,La Valletta Brianza,Rovagnate,48.255,10.54
CELL_02040,45.7397,9.3797,340.9,La Valletta Brianza,Rovagnate,38.806,8.48
CELL_02041,45.7397,9.381,369.5,Santa Maria Hoè,Santa Maria Hoè Centro,19.26,5.71
CELL_02042,45.7397,9.3823,335.5,Olgiate Molgora,Monticello,7.889,1.75
CELL_02043,45.7397,9.3836,344.2,Olgiate Molgora,Monticello,9.684,2.15
CELL_02044,45.7397,9.3849,334.1,Olgiate Molgora,Monticello,11.904,2.65
CELL_02045,45.7397,9.3862,342.4,Olgiate Molgora,Monticello,14.49,3.22
CELL_02046,45.7397,9.3875,338.9,Olgiate Molgora,Monticello,17.154,3.82
CELL_02047,45.7397,9.3888,338.9,Olgiate Molgora,Monticello,20.524,4.57
CELL_02048,45.7397,9.3901,341.7,Olgiate Molgora,Monticello,23.236,5.17
CELL_02049,45.7397,9.3914,343.7,Olgiate Molgora,Monticello,25.289,5.63
CELL_02050,45.7397,9.3927,342.8,Olgiate Molgora,Monticello,25.023,5.57
CELL_02051,45.7397,9.394,322.6,Olgiate Molgora,Mondonico,39.861,8.87
CELL_02052,45.7397,9.3953,313.1,Olgiate Molgora,Mondonico,47.913,10.66
CELL_02053,45.7397,9.3966,315.8,Olgiate Molgora,Mondonico,54.224,12.06
CELL_02054,45.7397,9.3979,320.1,Olgiate Molgora,Mondonico,54.098,12.03
CELL_02055,45.7397,9.3992,320.3,Olgiate Molgora,Mondonico,47.146,10.49
CELL_02056,45.7397,9.4005,312.1,Olgiate Molgora,Mondonico,39.048,8.69
CELL_02057,45.7397,9.4018,313.9,Olgiate Molgora,Mondonico,32.06,7.13
CELL_02058,45.7397,9.4031,319.8,Olgiate Molgora,Mondonico,25.869,5.75
CELL_02059,45.7397,9.4044,315.4,Olgiate Molgora,Mondonico,20.95,4.66
CELL_02060,45.7397,9.4057,269.5,Olgiate Molgora,Porchera,19.325,4.3
CELL_02061,45.7397,9.407,272.5,Olgiate Molgora,Porchera,23.542,5.24
CELL_02062,45.7397,9.4083,272.5,Olgiate Molgora,Porchera,28.537,6.35
CELL_02063,45.7397,9.4096,265.3,Olgiate Molgora,Porchera,33.655,7.49
CELL_02064,45.7397,9.4109,267.2,Olgiate Molgora,Porchera,38.329,8.53
CELL_02065,45.7397,9.4122,269.2,Olgiate Molgora,Porchera,40.005,8.9
CELL_02066,45.7397,9.4135,271.4,Olgiate Molgora,Porchera,37.226,8.28
CELL_02067,45.7397,9.4148,268.9,Olgiate Molgora,Porchera,32.171,7.16
CELL_02068,45.7397,9.4161,272.5,Olgiate Molgora,Porchera,26.972,6.0
CELL_02069,45.7397,9.4174,270.5,Olgiate Molgora,Porchera,22.193,4.94
CELL_02070,45.7397,9.4187,270.2,Olgiate Molgora,Porchera,18.059,4.02
CELL_02071,45.7397,9.42,244.6,Brivio,Beverate,33.139,4.81
CELL_02072,45.7397,9.4213,252.7,Brivio,Beverate,36.919,5.35
CELL_02073,45.7397,9.4226,249.1,Brivio,Beverate,40.064,5.81
CELL_02074,45.7397,9.4239,252.5,Brivio,Beverate,41.544,6.03
CELL_02075,45.7397,9.4252,248.2,Brivio,Beverate,41.828,6.07
CELL_02076,45.7397,9.4265,254.2,Brivio,Beverate,40.041,5.81
CELL_02077,45.7397,9.4278,248.5,Brivio,Beverate,36.614,5.31
CELL_02078,45.7397,9.4291,250.0,Brivio,Beverate,32.921,4.77
CELL_02079,45.7397,9.4304,249.6,Brivio,Beverate,28.367,4.11
CELL_02080,45.7397,9.4317,248.8,Brivio,Beverate,24.228,3.51
CELL_02081,45.7397,9.433,255.7,Brivio,Beverate,20.597,2.99
CELL_02082,45.7397,9.4343,204.3,Brivio,Brivio Centro,29.669,4.3
CELL_02083,45.7397,9.4356,207.9,Brivio,Brivio Centro,36.005,5.22
CELL_02084,45.7397,9.4369,210.0,Brivio,Brivio Centro,42.472,6.16
CELL_02085,45.7397,9.4382,211.8,Brivio,Brivio Centro,50.002,7.25
CELL_02086,45.7397,9.4395,208.5,Brivio,Brivio Centro,57.7,8.37
CELL_02087,45.7397,9.4408,210.3,Brivio,Brivio Centro,65.346,9.48
CELL_02088,45.7397,9.4421,211.2,Brivio,Brivio Centro,71.184,10.32
CELL_02089,45.7397,9.4434,205.8,Brivio,Brivio Centro,75.109,10.89
CELL_02090,45.7397,9.4447,206.0,Brivio,Brivio Centro,75.183,10.9
CELL_02091,45.7397,9.446,206.5,Brivio,Brivio Centro,72.445,10.51
CELL_02092,45.7397,9.4473,207.0,Brivio,Brivio Centro,66.964,9.71
CELL_02093,45.7397,9.4486,211.1,Brivio,Brivio Centro,59.763,8.67
CELL_02094,45.7397,9.4499,205.9,Brivio,Brivio Centro,51.983,7.54
CELL_02095,45.7397,9.4512,211.5,Brivio,Brivio Centro,44.421,6.44
CELL_02096,45.7397,9.4525,208.8,Brivio,Brivio Centro,37.2,5.4
CELL_02097,45.7397,9.4538,200.6,Brivio,Brivio Centro,31.282,4.54
CELL_02098,45.7397,9.4551,201.3,Brivio,Brivio Centro,25.81,3.74
CELL_02099,45.7397,9.4564,197.8,Brivio,Brivio Centro,21.267,3.08
CELL_02100,45.7397,9.4577,209.6,Brivio,Brivio Centro,17.48,2.54
CELL_02101,45.7397,9.459,205.3,Brivio,Brivio Centro,14.487,2.1
CELL_02102,45.7406,9.355,375.2,La Valletta Brianza,Perego,27.381,5.98
CELL_02103,45.7406,9.3563,374.9,La Valletta Brianza,Perego,33.372,7.29
CELL_02104,45.7406,9.3576,368.6,La Valletta Brianza,Perego,40.684,8.89
CELL_02105,45.7406,9.3589,370.3,La Valletta Brianza,Perego,49.03,10.71
CELL_02106,45.7406,9.3602,375.4,La Valletta Brianza,Perego,58.273,12.73
CELL_02107,45.7406,9.3615,372.2,La Valletta Brianza,Perego,67.573,14.76
CELL_02108,45.7406,9.3628,374.6,La Valletta Brianza,Perego,75.435,16.48
CELL_02109,45.7406,9.3641,377.2,La Valletta Brianza,Perego,78.835,17.22
CELL_02110,45.7406,9.3654,375.2,La Valletta Brianza,Perego,76.101,16.63
CELL_02111,45.7406,9.3667,339.8,La Valletta Brianza,Rovagnate,119.064,26.01
CELL_02112,45.7406,9.368,341.5,La Valletta Brianza,Rovagnate,138.165,30.19
CELL_02113,45.7406,9.3693,338.3,La Valletta Brianza,Rovagnate,148.331,32.41
CELL_02114,45.7406,9.3706,341.6,La Valletta Brianza,Rovagnate,142.54,31.14
CELL_02115,45.7406,9.3719,338.3,La Valletta Brianza,Rovagnate,125.449,27.41
CELL_02116,45.7406,9.3732,341.7,La Valletta Brianza,Rovagnate,105.302,23.01
CELL_02117,45.7406,9.3745,341.5,La Valletta Brianza,Rovagnate,86.849,18.97
CELL_02118,45.7406,9.3758,342.3,La Valletta Brianza,Rovagnate,70.724,15.45
CELL_02119,45.7406,9.3771,335.2,La Valletta Brianza,Rovagnate,57.495,12.56
CELL_02120,45.7406,9.3784,370.0,Santa Maria Hoè,Santa Maria Hoè Centro,30.077,8.92
CELL_02121,45.7406,9.3797,373.0,Santa Maria Hoè,Santa Maria Hoè Centro,26.185,7.77
CELL_02122,45.7406,9.381,369.8,Santa Maria Hoè,Santa Maria Hoè Centro,22.536,6.69
CELL_02123,45.7406,9.3823,343.6,Olgiate Molgora,Monticello,8.258,1.84
CELL_02124,45.7406,9.3836,340.0,Olgiate Molgora,Monticello,10.38,2.31
CELL_02125,45.7406,9.3849,337.9,Olgiate Molgora,Monticello,12.61,2.8
CELL_02126,45.7406,9.3862,337.8,Olgiate Molgora,Monticello,15.821,3.52
CELL_02127,45.7406,9.3875,339.7,Olgiate Molgora,Monticello,19.294,4.29
CELL_02128,45.7406,9.3888,340.6,Olgiate Molgora,Monticello,23.246,5.17
CELL_02129,45.7406,9.3901,330.5,Olgiate Molgora,Monticello,27.69,6.16
CELL_02130,45.7406,9.3914,341.2,Olgiate Molgora,Monticello,31.283,6.96
CELL_02131,45.7406,9.3927,340.8,Olgiate Molgora,Monticello,30.736,6.84
CELL_02132,45.7406,9.394,341.3,Olgiate Molgora,Monticello,27.314,6.08
CELL_02133,45.7406,9.3953,320.8,Olgiate Molgora,Mondonico,40.523,9.01
CELL_02134,45.7406,9.3966,316.8,Olgiate Molgora,Mondonico,43.795,9.74
CELL_02135,45.7406,9.3979,308.4,Olgiate Molgora,Mondonico,43.673,9.71
CELL_02136,45.7406,9.3992,319.7,Olgiate Molgora,Mondonico,39.825,8.86
CELL_02137,45.7406,9.4005,320.0,Olgiate Molgora,Mondonico,34.671,7.71
CELL_02138,45.7406,9.4018,312.5,Olgiate Molgora,Mondonico,29.197,6.49
CELL_02139,45.7406,9.4031,315.7,Olgiate Molgora,Mondonico,24.153,5.37
CELL_02140,45.7406,9.4044,316.3,Olgiate Molgora,Mondonico,19.739,4.39
CELL_02141,45.7406,9.4057,270.0,Olgiate Molgora,Porchera,17.337,3.86
CELL_02142,45.7406,9.407,273.6,Olgiate Molgora,Porchera,21.116,4.7
CELL_02143,45.7406,9.4083,268.5,Olgiate Molgora,Porchera,24.665,5.49
CELL_02144,45.7406,9.4096,272.7,Olgiate Molgora,Porchera,28.358,6.31
CELL_02145,45.7406,9.4109,274.9,Olgiate Molgora,Porchera,31.289,6.96
CELL_02146,45.7406,9.4122,271.7,Olgiate Molgora,Porchera,31.967,7.11
CELL_02147,45.7406,9.4135,272.3,Olgiate Molgora,Porchera,30.543,6.79
CELL_02148,45.7406,9.4148,271.9,Olgiate Molgora,Porchera,27.203,6.05
CELL_02149,45.7406,9.4161,269.8,Olgiate Molgora,Porchera,23.469,5.22
CELL_02150,45.7406,9.4174,267.3,Olgiate Molgora,Porchera,19.686,4.38
CELL_02151,45.7406,9.4187,275.0,Olgiate Molgora,Porchera,16.322,3.63
CELL_02152,45.7406,9.42,273.8,Olgiate Molgora,Porchera,13.443,2.99
CELL_02153,45.7406,9.4213,252.8,Brivio,Beverate,30.253,4.39
CELL_02154,45.7406,9.4226,248.1,Brivio,Beverate,32.33,4.69
CELL_02155,45.7406,9.4239,252.0,Brivio,Beverate,33.488,4.86
CELL_02156,45.7406,9.4252,249.6,Brivio,Beverate,33.557,4.87
CELL_02157,45.7406,9.4265,251.6,Brivio,Beverate,32.303,4.69
CELL_02158,45.7406,9.4278,247.1,Brivio,Beverate,30.051,4.36
CELL_02159,45.7406,9.4291,250.1,Brivio,Beverate,27.248,3.95
CELL_02160,45.7406,9.4304,249.8,Brivio,Beverate,24.003,3.48
CELL_02161,45.7406,9.4317,254.9,Brivio,Beverate,20.994,3.04
CELL_02162,45.7406,9.433,251.1,Brivio,Beverate,17.989,2.61
CELL_02163,45.7406,9.4343,204.6,Brivio,Brivio Centro,33.13,4.81
CELL_02164,45.7406,9.4356,201.7,Brivio,Brivio Centro,40.238,5.84
CELL_02165,45.7406,9.4369,206.3,Brivio,Brivio Centro,48.555,7.04
CELL_02166,45.7406,9.4382,205.7,Brivio,Brivio Centro,58.075,8.42
CELL_02167,45.7406,9.4395,203.6,Brivio,Brivio Centro,68.585,9.95
CELL_02168,45.7406,9.4408,207.9,Brivio,Brivio Centro,78.65,11.41
CELL_02169,45.7406,9.4421,207.8,Brivio,Brivio Centro,87.661,12.71
CELL_02170,45.7406,9.4434,207.1,Brivio,Brivio Centro,92.98,13.49
CELL_02171,45.7406,9.4447,206.6,Brivio,Brivio Centro,93.892,13.62
CELL_02172,45.7406,9.446,205.0,Brivio,Brivio Centro,89.191,12.94
CELL_02173,45.7406,9.4473,200.3,Brivio,Brivio Centro,80.825,11.72
CELL_02174,45.7406,9.4486,203.6,Brivio,Brivio Centro,70.791,10.27
CELL_02175,45.7406,9.4499,208.6,Brivio,Brivio Centro,60.627,8.79
CELL_02176,45.7406,9.4512,206.1,Brivio,Brivio Centro,50.645,7.35
CELL_02177,45.7406,9.4525,208.5,Brivio,Brivio Centro,42.338,6.14
CELL_02178,45.7406,9.4538,209.7,Brivio,Brivio Centro,34.623,5.02
CELL_02179,45.7406,9.4551,205.1,Brivio,Brivio Centro,28.666,4.16
CELL_02180,45.7406,9.4564,210.1,Brivio,Brivio Centro,23.461,3.4
CELL_02181,45.7406,9.4577,208.7,Brivio,Brivio Centro,19.077,2.77
CELL_02182,45.7406,9.459,212.2,Brivio,Brivio Centro,15.383,2.23
CELL_02183,45.7415,9.355,367.8,La Valletta Brianza,Perego,29.109,6.36
CELL_02184,45.7415,9.3563,379.3,La Valletta Brianza,Perego,35.97,7.86
CELL_02185,45.7415,9.3576,372.6,La Valletta Brianza,Perego,44.605,9.74
CELL_02186,45.7415,9.3589,375.6,La Valletta Brianza,Perego,54.867,11.99
CELL_02187,45.7415,9.3602,374.4,La Valletta Brianza,Perego,66.748,14.58
CELL_02188,45.7415,9.3615,378.7,La Valletta Brianza,Perego,79.649,17.4
CELL_02189,45.7415,9.3628,375.7,La Valletta Brianza,Perego,91.85,20.07
CELL_02190,45.7415,9.3641,371.3,La Valletta Brianza,Perego,98.138,21.44
CELL_02191,45.7415,9.3654,371.2,La Valletta Brianza,Perego,93.38,20.4
CELL_02192,45.7415,9.3667,368.5,La Valletta Brianza,Perego,81.808,17.87
CELL_02193,45.7415,9.368,340.8,La Valletta Brianza,Rovagnate,113.639,24.83
CELL_02194,45.7415,9.3693,337.5,La Valletta Brianza,Rovagnate,119.071,26.01
CELL_02195,45.7415,9.3706,342.1,La Valletta Brianza,Rovagnate,116.08,25.36
CELL_02196,45.7415,9.3719,339.8,La Valletta Brianza,Rovagnate,105.774,23.11
CELL_02197,45.7415,9.3732,340.2,La Valletta Brianza,Rovagnate,91.936,20.09
CELL_02198,45.7415,9.3745,370.5,Santa Maria Hoè,Santa Maria Hoè Centro,48.115,14.28
CELL_02199,45.7415,9.3758,369.6,Santa Maria Hoè,Santa Maria Hoè Centro,45.148,13.39
CELL_02200,45.7415,9.3771,370.3,Santa Maria Hoè,Santa Maria Hoè Centro,40.83,12.11
CELL_02201,45.7415,9.3784,374.6,Santa Maria Hoè,Santa Maria Hoè Centro,35.583,10.56
CELL_02202,45.7415,9.3797,376.3,Santa Maria Hoè,Santa Maria Hoè Centro,30.679,9.1
CELL_02203,45.7415,9.381,372.7,Santa Maria Hoè,Santa Maria Hoè Centro,25.868,7.67
CELL_02204,45.7415,9.3823,336.6,Olgiate Molgora,Monticello,8.51,1.89
CELL_02205,45.7415,9.3836,342.5,Olgiate Molgora,Monticello,10.582,2.35
CELL_02206,45.7415,9.3849,333.9,Olgiate Molgora,Monticello,13.259,2.95
CELL_02207,45.7415,9.3862,337.1,Olgiate Molgora,Monticello,16.401,3.65
CELL_02208,45.7415,9.3875,345.4,Olgiate Molgora,Monticello,20.339,4.52
CELL_02209,45.7415,9.3888,336.7,Olgiate Molgora,Monticello,25.376,5.64
CELL_02210,45.7415,9.3901,339.7,Olgiate Molgora,Monticello,31.422,6.99
CELL_02211,45.7415,9.3914,341.2,Olgiate Molgora,Monticello,37.97,8.45
CELL_02212,45.7415,9.3927,341.0,Olgiate Molgora,Monticello,37.492,8.34
CELL_02213,45.7415,9.394,340.6,Olgiate Molgora,Monticello,30.889,6.87
CELL_02214,45.7415,9.3953,336.8,Olgiate Molgora,Monticello,24.772,5.51
CELL_02215,45.7415,9.3966,314.2,Olgiate Molgora,Mondonico,35.232,7.84
CELL_02216,45.7415,9.3979,311.3,Olgiate Molgora,Mondonico,35.521,7.9
CELL_02217,45.7415,9.3992,311.2,Olgiate Molgora,Mondonico,33.195,7.38
CELL_02218,45.7415,9.4005,314.4,Olgiate Molgora,Mondonico,29.393,6.54
CELL_02219,45.7415,9.4018,316.7,Olgiate Molgora,Mondonico,25.547,5.68
CELL_02220,45.7415,9.4031,320.7,Olgiate Molgora,Mondonico,21.238,4.72
CELL_02221,45.7415,9.4044,316.7,Olgiate Molgora,Mondonico,17.964,4.0
CELL_02222,45.7415,9.4057,269.2,Olgiate Molgora,Porchera,15.533,3.46
CELL_02223,45.7415,9.407,271.7,Olgiate Molgora,Porchera,18.356,4.08
CELL_02224,45.7415,9.4083,270.1,Olgiate Molgora,Porchera,20.911,4.65
CELL_02225,45.7415,9.4096,271.7,Olgiate Molgora,Porchera,23.598,5.25
CELL_02226,45.7415,9.4109,275.0,Olgiate Molgora,Porchera,25.264,5.62
CELL_02227,45.7415,9.4122,272.1,Olgiate Molgora,Porchera,25.984,5.78
CELL_02228,45.7415,9.4135,273.6,Olgiate Molgora,Porchera,25.067,5.58
CELL_02229,45.7415,9.4148,270.2,Olgiate Molgora,Porchera,22.737,5.06
CELL_02230,45.7415,9.4161,264.0,Olgiate Molgora,Porchera,20.048,4.46
CELL_02231,45.7415,9.4174,271.7,Olgiate Molgora,Porchera,17.206,3.83
CELL_02232,45.7415,9.4187,268.7,Olgiate Molgora,Porchera,14.814,3.3
CELL_02233,45.7415,9.42,269.5,Olgiate Molgora,Porchera,12.251,2.73
CELL_02234,45.7415,9.4213,254.7,Brivio,Beverate,24.755,3.59
CELL_02235,45.7415,9.4226,251.9,Brivio,Beverate,26.359,3.82
CELL_02236,45.7415,9.4239,246.9,Brivio,Beverate,26.846,3.89
CELL_02237,45.7415,9.4252,248.1,Brivio,Beverate,27.135,3.94
CELL_02238,45.7415,9.4265,249.4,Brivio,Beverate,26.102,3.79
CELL_02239,45.7415,9.4278,243.5,Brivio,Beverate,24.518,3.56
CELL_02240,45.7415,9.4291,251.3,Brivio,Beverate,22.52,3.27
CELL_02241,45.7415,9.4304,247.0,Brivio,Beverate,20.079,2.91
CELL_02242,45.7415,9.4317,243.6,Brivio,Beverate,17.628,2.56
CELL_02243,45.7415,9.433,207.9,Brivio,Brivio Centro,29.383,4.26
CELL_02244,45.7415,9.4343,203.9,Brivio,Brivio Centro,36.157,5.24
CELL_02245,45.7415,9.4356,203.1,Brivio,Brivio Centro,44.679,6.48
CELL_02246,45.7415,9.4369,207.2,Brivio,Brivio Centro,54.383,7.89
CELL_02247,45.7415,9.4382,207.9,Brivio,Brivio Centro,66.07,9.58
CELL_02248,45.7415,9.4395,206.5,Brivio,Brivio Centro,79.482,11.53
CELL_02249,45.7415,9.4408,207.8,Brivio,Brivio Centro,93.616,13.58
CELL_02250,45.7415,9.4421,208.8,Brivio,Brivio Centro,106.588,15.46
CELL_02251,45.7415,9.4434,211.2,Brivio,Brivio Centro,115.373,16.73
CELL_02252,45.7415,9.4447,202.7,Brivio,Brivio Centro,116.384,16.88
CELL_02253,45.7415,9.446,213.8,Brivio,Brivio Centro,109.261,15.85
CELL_02254,45.7415,9.4473,201.6,Brivio,Brivio Centro,96.708,14.03
CELL_02255,45.7415,9.4486,204.7,Brivio,Brivio Centro,82.73,12.0
CELL_02256,45.7415,9.4499,207.8,Brivio,Brivio Centro,69.04,10.01
CELL_02257,45.7415,9.4512,203.7,Brivio,Brivio Centro,57.103,8.28
CELL_02258,45.7415,9.4525,205.3,Brivio,Brivio Centro,46.787,6.79
CELL_02259,45.7415,9.4538,201.1,Brivio,Brivio Centro,38.141,5.53
CELL_02260,45.7415,9.4551,202.3,Brivio,Brivio Centro,30.932,4.49
CELL_02261,45.7415,9.4564,207.8,Brivio,Brivio Centro,24.897,3.61
CELL_02262,45.7415,9.4577,202.8,Brivio,Brivio Centro,20.199,2.93
CELL_02263,45.7415,9.459,201.7,Brivio,Brivio Centro,16.418,2.38
CELL_02264,45.7424,9.355,375.6,La Valletta Brianza,Perego,30.563,6.68
CELL_02265,45.7424,9.3563,376.4,La Valletta Brianza,Perego,37.843,8.27
CELL_02266,45.7424,9.3576,373.2,La Valletta Brianza,Perego,47.252,10.32
CELL_02267,45.7424,9.3589,369.8,La Valletta Brianza,Perego,58.502,12.78
CELL_02268,45.7424,9.3602,373.0,La Valletta Brianza,Perego,72.824,15.91
CELL_02269,45.7424,9.3615,374.5,La Valletta Brianza,Perego,89.777,19.61
CELL_02270,45.7424,9.3628,368.1,La Valletta Brianza,Perego,109.034,23.82
CELL_02271,45.7424,9.3641,370.3,La Valletta Brianza,Perego,122.029,26.66
CELL_02272,45.7424,9.3654,374.1,La Valletta Brianza,Perego,111.54,24.37
CELL_02273,45.7424,9.3667,372.4,La Valletta Brianza,Perego,92.823,20.28
CELL_02274,45.7424,9.368,369.2,La Valletta Brianza,Perego,75.398,16.47
CELL_02275,45.7424,9.3693,340.4,La Valletta Brianza,Rovagnate,95.624,20.89
CELL_02276,45.7424,9.3706,341.6,La Valletta Brianza,Rovagnate,93.951,20.53
CELL_02277,45.7424,9.3719,367.2,Santa Maria Hoè,Santa Maria Hoè Centro,58.454,17.34
CELL_02278,45.7424,9.3732,370.8,Santa Maria Hoè,Santa Maria Hoè Centro,60.595,17.98
CELL_02279,45.7424,9.3745,368.0,Santa Maria Hoè,Santa Maria Hoè Centro,59.464,17.64
CELL_02280,45.7424,9.3758,371.1,Santa Maria Hoè,Santa Maria Hoè Centro,54.818,16.26
CELL_02281,45.7424,9.3771,369.5,Santa Maria Hoè,Santa Maria Hoè Centro,48.679,14.44
CELL_02282,45.7424,9.3784,365.3,Santa Maria Hoè,Santa Maria Hoè Centro,41.722,12.38
CELL_02283,45.7424,9.3797,369.6,Santa Maria Hoè,Santa Maria Hoè Centro,35.042,10.4
CELL_02284,45.7424,9.381,378.2,Santa Maria Hoè,Santa Maria Hoè Centro,28.966,8.59
CELL_02285,45.7424,9.3823,339.1,Olgiate Molgora,Monticello,8.482,1.89
CELL_02286,45.7424,9.3836,345.6,Olgiate Molgora,Monticello,10.705,2.38
CELL_02287,45.7424,9.3849,334.8,Olgiate Molgora,Monticello,13.275,2.95
CELL_02288,45.7424,9.3862,343.4,Olgiate Molgora,Monticello,16.475,3.66
CELL_02289,45.7424,9.3875,347.7,Olgiate Molgora,Monticello,20.452,4.55
CELL_02290,45.7424,9.3888,340.2,Olgiate Molgora,Monticello,25.41,5.65
CELL_02291,45.7424,9.3901,340.6,Olgiate Molgora,Monticello,31.764,7.07
CELL_02292,45.7424,9.3914,337.8,Olgiate Molgora,Monticello,38.491,8.56
CELL_02293,45.7424,9.3927,341.3,Olgiate Molgora,Monticello,38.062,8.47
CELL_02294,45.7424,9.394,341.5,Olgiate Molgora,Monticello,31.139,6.93
CELL_02295,45.7424,9.3953,340.1,Olgiate Molgora,Monticello,24.888,5.54
CELL_02296,45.7424,9.3966,343.2,Olgiate Molgora,Monticello,20.223,4.5
CELL_02297,45.7424,9.3979,314.7,Olgiate Molgora,Mondonico,28.414,6.32
CELL_02298,45.7424,9.3992,317.5,Olgiate Molgora,Mondonico,26.905,5.98
CELL_02299,45.7424,9.4005,316.5,Olgiate Molgora,Mondonico,24.749,5.5
CELL_02300,45.7424,9.4018,312.9,Olgiate Molgora,Mondonico,21.824,4.85
CELL_02301,45.7424,9.4031,320.4,Olgiate Molgora,Mondonico,18.477,4.11
CELL_02302,45.7424,9.4044,319.8,Olgiate Molgora,Mondonico,15.66,3.48
CELL_02303,45.7424,9.4057,269.9,Olgiate Molgora,Porchera,13.443,2.99
CELL_02304,45.7424,9.407,263.6,Olgiate Molgora,Porchera,15.331,3.41
CELL_02305,45.7424,9.4083,270.2,Olgiate Molgora,Porchera,17.59,3.91
CELL_02306,45.7424,9.4096,268.7,Olgiate Molgora,Porchera,19.161,4.26
CELL_02307,45.7424,9.4109,271.7,Olgiate Molgora,Porchera,20.336,4.52
CELL_02308,45.7424,9.4122,271.3,Olgiate Molgora,Porchera,20.581,4.58
CELL_02309,45.7424,9.4135,266.8,Olgiate Molgora,Porchera,20.115,4.47
CELL_02310,45.7424,9.4148,267.6,Olgiate Molgora,Porchera,18.955,4.22
CELL_02311,45.7424,9.4161,273.1,Olgiate Molgora,Porchera,16.76,3.73
CELL_02312,45.7424,9.4174,274.7,Olgiate Molgora,Porchera,14.744,3.28
CELL_02313,45.7424,9.4187,271.5,Olgiate Molgora,Porchera,12.845,2.86
CELL_02314,45.7424,9.42,275.3,Olgiate Molgora,Porchera,10.937,2.43
CELL_02315,45.7424,9.4213,256.9,Brivio,Beverate,20.312,2.95
CELL_02316,45.7424,9.4226,250.5,Brivio,Beverate,21.033,3.05
CELL_02317,45.7424,9.4239,247.8,Brivio,Beverate,21.621,3.14
CELL_02318,45.7424,9.4252,254.5,Brivio,Beverate,21.872,3.17
CELL_02319,45.7424,9.4265,251.5,Brivio,Beverate,21.026,3.05
CELL_02320,45.7424,9.4278,246.8,Brivio,Beverate,19.909,2.89
CELL_02321,45.7424,9.4291,247.6,Brivio,Beverate,18.516,2.69
CELL_02322,45.7424,9.4304,252.3,Brivio,Beverate,16.761,2.43
CELL_02323,45.7424,9.4317,254.0,Brivio,Beverate,14.761,2.14
CELL_02324,45.7424,9.433,200.8,Brivio,Brivio Centro,31.34,4.55
CELL_02325,45.7424,9.4343,209.4,Brivio,Brivio Centro,38.492,5.58
CELL_02326,45.7424,9.4356,209.7,Brivio,Brivio Centro,47.833,6.94
CELL_02327,45.7424,9.4369,208.3,Brivio,Brivio Centro,59.38,8.61
CELL_02328,45.7424,9.4382,209.8,Brivio,Brivio Centro,73.153,10.61
CELL_02329,45.7424,9.4395,202.6,Brivio,Brivio Centro,89.14,12.93
CELL_02330,45.7424,9.4408,208.9,Brivio,Brivio Centro,108.042,15.67
CELL_02331,45.7424,9.4421,210.2,Brivio,Brivio Centro,127.521,18.49
CELL_02332,45.7424,9.4434,214.1,Brivio,Brivio Centro,142.819,20.71
CELL_02333,45.7424,9.4447,208.6,Brivio,Brivio Centro,144.792,21.0
CELL_02334,45.7424,9.446,209.1,Brivio,Brivio Centro,131.704,19.1
CELL_02335,45.7424,9.4473,206.6,Brivio,Brivio Centro,112.686,16.34
CELL_02336,45.7424,9.4486,205.8,Brivio,Brivio Centro,93.619,13.58
CELL_02337,45.7424,9.4499,206.8,Brivio,Brivio Centro,76.356,11.07
CELL_02338,45.7424,9.4512,207.8,Brivio,Brivio Centro,62.167,9.02
CELL_02339,45.7424,9.4525,208.9,Brivio,Brivio Centro,50.414,7.31
CELL_02340,45.7424,9.4538,204.4,Brivio,Brivio Centro,40.705,5.9
CELL_02341,45.7424,9.4551,207.8,Brivio,Brivio Centro,32.575,4.72
CELL_02342,45.7424,9.4564,204.1,Brivio,Brivio Centro,26.329,3.82
CELL_02343,45.7424,9.4577,201.5,Brivio,Brivio Centro,21.228,3.08
CELL_02344,45.7424,9.459,203.8,Brivio,Brivio Centro,17.227,2.5
CELL_02345,45.7433,9.355,370.8,La Valletta Brianza,Perego,30.899,6.75
CELL_02346,45.7433,9.3563,376.6,La Valletta Brianza,Perego,38.338,8.38
CELL_02347,45.7433,9.3576,376.9,La Valletta Brianza,Perego,47.872,10.46
CELL_02348,45.7433,9.3589,373.5,La Valletta Brianza,Perego,60.047,13.12
CELL_02349,45.7433,9.3602,377.1,La Valletta Brianza,Perego,74.865,16.36
CELL_02350,45.7433,9.3615,381.4,La Valletta Brianza,Perego,93.335,20.39
CELL_02351,45.7433,9.3628,371.6,La Valletta Brianza,Perego,116.363,25.42
CELL_02352,45.7433,9.3641,371.9,La Valletta Brianza,Perego,143.834,31.42
CELL_02353,45.7433,9.3654,374.0,La Valletta Brianza,Perego,120.728,26.38
CELL_02354,45.7433,9.3667,378.8,La Valletta Brianza,Perego,96.568,21.1
CELL_02355,45.7433,9.368,381.2,La Valletta Brianza,Perego,77.318,16.89
CELL_02356,45.7433,9.3693,381.1,La Valletta Brianza,Perego,62.093,13.57
CELL_02357,45.7433,9.3706,368.8,Santa Maria Hoè,Santa Maria Hoè Centro,63.478,18.83
CELL_02358,45.7433,9.3719,372.2,Santa Maria Hoè,Santa Maria Hoè Centro,71.487,21.21
CELL_02359,45.7433,9.3732,370.7,Santa Maria Hoè,Santa Maria Hoè Centro,75.568,22.42
CELL_02360,45.7433,9.3745,378.1,Santa Maria Hoè,Santa Maria Hoè Centro,73.113,21.69
CELL_02361,45.7433,9.3758,368.7,Santa Maria Hoè,Santa Maria Hoè Centro,66.076,19.6
CELL_02362,45.7433,9.3771,371.8,Santa Maria Hoè,Santa Maria Hoè Centro,57.025,16.92
CELL_02363,45.7433,9.3784,376.5,Santa Maria Hoè,Santa Maria Hoè Centro,47.549,14.11
CELL_02364,45.7433,9.3797,370.4,Santa Maria Hoè,Santa Maria Hoè Centro,39.249,11.64
CELL_02365,45.7433,9.381,367.5,Santa Maria Hoè,Santa Maria Hoè Centro,32.276,9.58
CELL_02366,45.7433,9.3823,373.4,Santa Maria Hoè,Santa Maria Hoè Centro,26.059,7.73
CELL_02367,45.7433,9.3836,339.1,Olgiate Molgora,Monticello,10.326,2.3
CELL_02368,45.7433,9.3849,339.3,Olgiate Molgora,Monticello,12.74,2.83
CELL_02369,45.7433,9.3862,341.0,Olgiate Molgora,Monticello,15.867,3.53
CELL_02370,45.7433,9.3875,341.1,Olgiate Molgora,Monticello,19.538,4.35
CELL_02371,45.7433,9.3888,344.0,Olgiate Molgora,Monticello,23.563,5.24
CELL_02372,45.7433,9.3901,341.0,Olgiate Molgora,Monticello,28.216,6.28
CELL_02373,45.7433,9.3914,341.8,Olgiate Molgora,Monticello,31.618,7.03
CELL_02374,45.7433,9.3927,341.8,Olgiate Molgora,Monticello,31.787,7.07
CELL_02375,45.7433,9.394,341.5,Olgiate Molgora,Monticello,28.016,6.23
CELL_02376,45.7433,9.3953,339.8,Olgiate Molgora,Monticello,23.239,5.17
CELL_02377,45.7433,9.3966,346.0,Olgiate Molgora,Monticello,19.236,4.28
CELL_02378,45.7433,9.3979,338.5,Olgiate Molgora,Monticello,15.552,3.46
CELL_02379,45.7433,9.3992,319.5,Olgiate Molgora,Mondonico,21.98,4.89
CELL_02380,45.7433,9.4005,315.9,Olgiate Molgora,Mondonico,20.404,4.54
CELL_02381,45.7433,9.4018,325.4,Olgiate Molgora,Mondonico,18.11,4.03
CELL_02382,45.7433,9.4031,318.8,Olgiate Molgora,Mondonico,15.86,3.53
CELL_02383,45.7433,9.4044,315.0,Olgiate Molgora,Mondonico,13.9,3.09
CELL_02384,45.7433,9.4057,272.5,Olgiate Molgora,Porchera,11.467,2.55
CELL_02385,45.7433,9.407,273.3,Olgiate Molgora,Porchera,13.16,2.93
CELL_02386,45.7433,9.4083,273.4,Olgiate Molgora,Porchera,14.525,3.23
CELL_02387,45.7433,9.4096,274.4,Olgiate Molgora,Porchera,15.621,3.47
CELL_02388,45.7433,9.4109,279.0,Olgiate Molgora,Porchera,16.653,3.7
CELL_02389,45.7433,9.4122,266.7,Olgiate Molgora,Porchera,16.799,3.74
CELL_02390,45.7433,9.4135,274.7,Olgiate Molgora,Porchera,16.142,3.59
CELL_02391,45.7433,9.4148,269.6,Olgiate Molgora,Porchera,15.422,3.43
CELL_02392,45.7433,9.4161,273.9,Olgiate Molgora,Porchera,13.982,3.11
CELL_02393,45.7433,9.4174,268.3,Olgiate Molgora,Porchera,12.656,2.82
CELL_02394,45.7433,9.4187,266.4,Olgiate Molgora,Porchera,10.925,2.43
CELL_02395,45.7433,9.42,278.4,Olgiate Molgora,Porchera,9.492,2.11
CELL_02396,45.7433,9.4213,274.3,Olgiate Molgora,Porchera,7.931,1.76
CELL_02397,45.7433,9.4226,247.4,Brivio,Beverate,17.014,2.47
CELL_02398,45.7433,9.4239,257.5,Brivio,Beverate,17.456,2.53
CELL_02399,45.7433,9.4252,252.1,Brivio,Beverate,17.563,2.55
CELL_02400,45.7433,9.4265,258.1,Brivio,Beverate,17.032,2.47
CELL_02401,45.7433,9.4278,247.5,Brivio,Beverate,16.153,2.34
CELL_02402,45.7433,9.4291,253.4,Brivio,Beverate,15.174,2.2
CELL_02403,45.7433,9.4304,251.4,Brivio,Beverate,13.882,2.01
CELL_02404,45.7433,9.4317,210.4,Brivio,Brivio Centro,25.735,3.73
CELL_02405,45.7433,9.433,210.6,Brivio,Brivio Centro,32.341,4.69
CELL_02406,45.7433,9.4343,203.7,Brivio,Brivio Centro,40.006,5.8
CELL_02407,45.7433,9.4356,209.2,Brivio,Brivio Centro,50.138,7.27
CELL_02408,45.7433,9.4369,200.7,Brivio,Brivio Centro,62.421,9.05
CELL_02409,45.7433,9.4382,213.6,Brivio,Brivio Centro,77.811,11.29
CELL_02410,45.7433,9.4395,205.4,Brivio,Brivio Centro,96.604,14.01
CELL_02411,45.7433,9.4408,208.6,Brivio,Brivio Centro,119.518,17.33
CELL_02412,45.7433,9.4421,210.3,Brivio,Brivio Centro,146.791,21.29
CELL_02413,45.7433,9.4434,212.3,Brivio,Brivio Centro,173.842,25.21
CELL_02414,45.7433,9.4447,209.0,Brivio,Brivio Centro,178.611,25.9
CELL_02415,45.7433,9.446,208.6,Brivio,Brivio Centro,153.364,22.24
CELL_02416,45.7433,9.4473,203.8,Brivio,Brivio Centro,125.279,18.17
CELL_02417,45.7433,9.4486,209.2,Brivio,Brivio Centro,101.39,14.71
CELL_02418,45.7433,9.4499,213.1,Brivio,Brivio Centro,81.535,11.83
CELL_02419,45.7433,9.4512,215.8,Brivio,Brivio Centro,65.704,9.53
CELL_02420,45.7433,9.4525,205.1,Brivio,Brivio Centro,52.83,7.66
CELL_02421,45.7433,9.4538,203.6,Brivio,Brivio Centro,42.256,6.13
CELL_02422,45.7433,9.4551,206.7,Brivio,Brivio Centro,34.091,4.94
CELL_02423,45.7433,9.4564,216.8,Brivio,Brivio Centro,27.29,3.96
CELL_02424,45.7433,9.4577,209.9,Brivio,Brivio Centro,21.998,3.19
CELL_02425,45.7433,9.459,207.9,Brivio,Brivio Centro,17.765,2.58
CELL_02426,45.7442,9.355,371.9,La Valletta Brianza,Perego,30.297,6.62
CELL_02427,45.7442,9.3563,373.2,La Valletta Brianza,Perego,37.679,8.23
CELL_02428,45.7442,9.3576,375.8,La Valletta Brianza,Perego,46.817,10.23
CELL_02429,45.7442,9.3589,374.0,La Valletta Brianza,Perego,58.11,12.7
CELL_02430,45.7442,9.3602,375.6,La Valletta Brianza,Perego,71.891,15.71
CELL_02431,45.7442,9.3615,374.9,La Valletta Brianza,Perego,88.097,19.25
CELL_02432,45.7442,9.3628,370.2,La Valletta Brianza,Perego,105.266,23.0
CELL_02433,45.7442,9.3641,371.0,La Valletta Brianza,Perego,116.113,25.37
CELL_02434,45.7442,9.3654,377.5,La Valletta Brianza,Perego,107.937,23.58
CELL_02435,45.7442,9.3667,374.5,La Valletta Brianza,Perego,90.786,19.83
CELL_02436,45.7442,9.368,369.6,La Valletta Brianza,Perego,73.935,16.15
CELL_02437,45.7442,9.3693,368.3,Santa Maria Hoè,Santa Maria Hoè Centro,60.484,17.95
CELL_02438,45.7442,9.3706,371.7,Santa Maria Hoè,Santa Maria Hoè Centro,73.642,21.85
CELL_02439,45.7442,9.3719,364.5,Santa Maria Hoè,Santa Maria Hoè Centro,86.293,25.6
CELL_02440,45.7442,9.3732,376.5,Santa Maria Hoè,Santa Maria Hoè Centro,94.091,27.92
CELL_02441,45.7442,9.3745,370.2,Santa Maria Hoè,Santa Maria Hoè Centro,89.816,26.65
CELL_02442,45.7442,9.3758,372.1,Santa Maria Hoè,Santa Maria Hoè Centro,77.54,23.01
CELL_02443,45.7442,9.3771,371.4,Santa Maria Hoè,Santa Maria Hoè Centro,64.535,19.15
CELL_02444,45.7442,9.3784,369.1,Santa Maria Hoè,Santa Maria Hoè Centro,52.784,15.66
CELL_02445,45.7442,9.3797,372.4,Santa Maria Hoè,Santa Maria Hoè Centro,42.947,12.74
CELL_02446,45.7442,9.381,367.0,Santa Maria Hoè,Santa Maria Hoè Centro,34.508,10.24
CELL_02447,45.7442,9.3823,405.5,Santa Maria Hoè,Trebbia,8.282,2.46
CELL_02448,45.7442,9.3836,341.8,Olgiate Molgora,Monticello,9.882,2.2
CELL_02449,45.7442,9.3849,338.3,Olgiate Molgora,Monticello,11.78,2.62
CELL_02450,45.7442,9.3862,336.6,Olgiate Molgora,Monticello,14.34,3.19
CELL_02451,45.7442,9.3875,339.8,Olgiate Molgora,Monticello,17.462,3.88
CELL_02452,45.7442,9.3888,339.5,Olgiate Molgora,Monticello,20.861,4.64
CELL_02453,45.7442,9.3901,341.3,Olgiate Molgora,Monticello,23.887,5.31
CELL_02454,45.7442,9.3914,343.0,Olgiate Molgora,Monticello,25.637,5.7
CELL_02455,45.7442,9.3927,339.7,Olgiate Molgora,Monticello,25.523,5.68
CELL_02456,45.7442,9.394,339.6,Olgiate Molgora,Monticello,23.399,5.2
CELL_02457,45.7442,9.3953,338.6,Olgiate Molgora,Monticello,20.48,4.56
CELL_02458,45.7442,9.3966,340.9,Olgiate Molgora,Monticello,17.198,3.83
CELL_02459,45.7442,9.3979,341.4,Olgiate Molgora,Monticello,14.287,3.18
CELL_02460,45.7442,9.3992,340.0,Olgiate Molgora,Monticello,11.888,2.64
CELL_02461,45.7442,9.4005,316.7,Olgiate Molgora,Mondonico,16.617,3.7
CELL_02462,45.7442,9.4018,312.8,Olgiate Molgora,Mondonico,15.082,3.35
CELL_02463,45.7442,9.4031,316.3,Olgiate Molgora,Mondonico,13.293,2.96
CELL_02464,45.7442,9.4044,316.5,Olgiate Molgora,Mondonico,11.875,2.64
CELL_02465,45.7442,9.4057,270.5,Olgiate Molgora,Porchera,9.774,2.17
CELL_02466,45.7442,9.407,267.6,Olgiate Molgora,Porchera,10.821,2.41
CELL_02467,45.7442,9.4083,270.8,Olgiate Molgora,Porchera,11.798,2.62
CELL_02468,45.7442,9.4096,270.8,Olgiate Molgora,Porchera,12.61,2.8
CELL_02469,45.7442,9.4109,270.1,Olgiate Molgora,Porchera,13.187,2.93
CELL_02470,45.7442,9.4122,268.9,Olgiate Molgora,Porchera,13.635,3.03
CELL_02471,45.7442,9.4135,277.4,Olgiate Molgora,Porchera,13.086,2.91
CELL_02472,45.7442,9.4148,274.3,Olgiate Molgora,Porchera,12.592,2.8
CELL_02473,45.7442,9.4161,273.9,Olgiate Molgora,Porchera,11.605,2.58
CELL_02474,45.7442,9.4174,270.6,Olgiate Molgora,Porchera,10.659,2.37
CELL_02475,45.7442,9.4187,265.9,Olgiate Molgora,Porchera,9.232,2.05
CELL_02476,45.7442,9.42,272.8,Olgiate Molgora,Porchera,7.993,1.78
CELL_02477,45.7442,9.4213,275.5,Olgiate Molgora,Porchera,7.096,1.58
CELL_02478,45.7442,9.4226,253.5,Brivio,Beverate,13.869,2.01
CELL_02479,45.7442,9.4239,246.1,Brivio,Beverate,14.264,2.07
CELL_02480,45.7442,9.4252,251.6,Brivio,Beverate,14.156,2.05
CELL_02481,45.7442,9.4265,248.3,Brivio,Beverate,13.62,1.98
CELL_02482,45.7442,9.4278,254.6,Brivio,Beverate,13.247,1.92
CELL_02483,45.7442,9.4291,250.0,Brivio,Beverate,12.219,1.77
CELL_02484,45.7442,9.4304,210.5,Brivio,Brivio Centro,20.971,3.04
CELL_02485,45.7442,9.4317,207.3,Brivio,Brivio Centro,26.029,3.78
CELL_02486,45.7442,9.433,209.1,Brivio,Brivio Centro,32.421,4.7
CELL_02487,45.7442,9.4343,205.6,Brivio,Brivio Centro,40.782,5.91
CELL_02488,45.7442,9.4356,209.2,Brivio,Brivio Centro,50.698,7.35
CELL_02489,45.7442,9.4369,204.1,Brivio,Brivio Centro,63.218,9.17
CELL_02490,45.7442,9.4382,202.7,Brivio,Brivio Centro,78.888,11.44
CELL_02491,45.7442,9.4395,211.9,Brivio,Brivio Centro,98.804,14.33
CELL_02492,45.7442,9.4408,209.8,Brivio,Brivio Centro,123.31,17.88
CELL_02493,45.7442,9.4421,213.4,Brivio,Brivio Centro,154.095,22.35
CELL_02494,45.7442,9.4434,209.5,Brivio,Brivio Centro,192.304,27.89
CELL_02495,45.7442,9.4447,207.2,Brivio,Brivio Centro,201.978,29.29
CELL_02496,45.7442,9.446,203.7,Brivio,Brivio Centro,162.173,23.52
CELL_02497,45.7442,9.4473,205.6,Brivio,Brivio Centro,129.605,18.8
CELL_02498,45.7442,9.4486,216.3,Brivio,Brivio Centro,104.102,15.1
CELL_02499,45.7442,9.4499,211.4,Brivio,Brivio Centro,83.397,12.1
CELL_02500,45.7442,9.4512,203.8,Brivio,Brivio Centro,66.443,9.64
CELL_02501,45.7442,9.4525,209.2,Brivio,Brivio Centro,53.365,7.74
CELL_02502,45.7442,9.4538,205.6,Brivio,Brivio Centro,42.602,6.18
CELL_02503,45.7442,9.4551,213.1,Brivio,Brivio Centro,34.321,4.98
CELL_02504,45.7442,9.4564,203.4,Brivio,Brivio Centro,27.595,4.0
CELL_02505,45.7442,9.4577,214.9,Brivio,Brivio Centro,22.102,3.21
CELL_02506,45.7442,9.459,203.8,Brivio,Brivio Centro,17.822,2.58
CELL_02507,45.7451,9.355,373.4,La Valletta Brianza,Perego,28.838,6.3
CELL_02508,45.7451,9.3563,372.3,La Valletta Brianza,Perego,35.447,7.74
CELL_02509,45.7451,9.3576,373.2,La Valletta Brianza,Perego,43.719,9.55
CELL_02510,45.7451,9.3589,371.0,La Valletta Brianza,Perego,53.782,11.75
CELL_02511,45.7451,9.3602,376.3,La Valletta Brianza,Perego,65.093,14.22
CELL_02512,45.7451,9.3615,371.1,La Valletta Brianza,Perego,77.063,16.84
CELL_02513,45.7451,9.3628,375.3,La Valletta Brianza,Perego,87.894,19.2
CELL_02514,45.7451,9.3641,369.3,La Valletta Brianza,Perego,93.311,20.39
CELL_02515,45.7451,9.3654,370.7,La Valletta Brianza,Perego,89.582,19.57
CELL_02516,45.7451,9.3667,369.7,La Valletta Brianza,Perego,78.986,17.26
CELL_02517,45.7451,9.368,371.0,La Valletta Brianza,Perego,66.657,14.56
CELL_02518,45.7451,9.3693,367.4,Santa Maria Hoè,Santa Maria Hoè Centro,65.123,19.32
CELL_02519,45.7451,9.3706,372.2,Santa Maria Hoè,Santa Maria Hoè Centro,80.838,23.98
CELL_02520,45.7451,9.3719,370.7,Santa Maria Hoè,Santa Maria Hoè Centro,99.565,29.54
CELL_02521,45.7451,9.3732,369.7,Santa Maria Hoè,Santa Maria Hoè Centro,116.633,34.6
CELL_02522,45.7451,9.3745,372.7,Santa Maria Hoè,Santa Maria Hoè Centro,105.567,31.32
CELL_02523,45.7451,9.3758,366.5,Santa Maria Hoè,Santa Maria Hoè Centro,86.058,25.53
CELL_02524,45.7451,9.3771,368.4,Santa Maria Hoè,Santa Maria Hoè Centro,69.338,20.57
CELL_02525,45.7451,9.3784,371.3,Santa Maria Hoè,Santa Maria Hoè Centro,55.828,16.56
CELL_02526,45.7451,9.3797,374.2,Santa Maria Hoè,Santa Maria Hoè Centro,44.633,13.24
CELL_02527,45.7451,9.381,412.4,Santa Maria Hoè,Trebbia,11.262,3.34
CELL_02528,45.7451,9.3823,406.7,Santa Maria Hoè,Trebbia,9.714,2.88
CELL_02529,45.7451,9.3836,412.0,Santa Maria Hoè,Trebbia,8.307,2.46
CELL_02530,45.7451,9.3849,341.7,Olgiate Molgora,Monticello,10.846,2.41
CELL_02531,45.7451,9.3862,340.3,Olgiate Molgora,Monticello,12.789,2.84
CELL_02532,45.7451,9.3875,340.3,Olgiate Molgora,Monticello,15.293,3.4
CELL_02533,45.7451,9.3888,337.3,Olgiate Molgora,Monticello,17.727,3.94
CELL_02534,45.7451,9.3901,337.9,Olgiate Molgora,Monticello,19.584,4.36
CELL_02535,45.7451,9.3914,343.5,Olgiate Molgora,Monticello,20.631,4.59
CELL_02536,45.7451,9.3927,338.0,Olgiate Molgora,Monticello,20.941,4.66
CELL_02537,45.7451,9.394,340.8,Olgiate Molgora,Monticello,19.452,4.33
CELL_02538,45.7451,9.3953,340.8,Olgiate Molgora,Monticello,17.409,3.87
CELL_02539,45.7451,9.3966,343.7,Olgiate Molgora,Monticello,15.095,3.36
CELL_02540,45.7451,9.3979,343.5,Olgiate Molgora,Monticello,12.644,2.81
CELL_02541,45.7451,9.3992,338.9,Olgiate Molgora,Monticello,10.632,2.36
CELL_02542,45.7451,9.4005,340.5,Olgiate Molgora,Monticello,8.853,1.97
CELL_02543,45.7451,9.4018,315.3,Olgiate Molgora,Mondonico,12.351,2.75
CELL_02544,45.7451,9.4031,318.4,Olgiate Molgora,Mondonico,11.122,2.47
CELL_02545,45.7451,9.4044,318.7,Olgiate Molgora,Mondonico,9.916,2.21
CELL_02546,45.7451,9.4057,271.2,Olgiate Molgora,Porchera,8.051,1.79
CELL_02547,45.7451,9.407,271.1,Olgiate Molgora,Porchera,9.083,2.02
CELL_02548,45.7451,9.4083,269.0,Olgiate Molgora,Porchera,9.957,2.21
CELL_02549,45.7451,9.4096,270.3,Olgiate Molgora,Porchera,10.365,2.31
CELL_02550,45.7451,9.4109,274.8,Olgiate Molgora,Porchera,10.633,2.37
CELL_02551,45.7451,9.4122,272.1,Olgiate Molgora,Porchera,11.002,2.45
CELL_02552,45.7451,9.4135,269.0,Olgiate Molgora,Porchera,10.622,2.36
CELL_02553,45.7451,9.4148,269.5,Olgiate Molgora,Porchera,10.111,2.25
CELL_02554,45.7451,9.4161,272.4,Olgiate Molgora,Porchera,9.551,2.12
CELL_02555,45.7451,9.4174,269.6,Olgiate Molgora,Porchera,8.884,1.98
CELL_02556,45.7451,9.4187,270.2,Olgiate Molgora,Porchera,7.745,1.72
CELL_02557,45.7451,9.42,278.3,Olgiate Molgora,Porchera,6.699,1.49
CELL_02558,45.7451,9.4213,265.4,Olgiate Molgora,Porchera,5.811,1.29
CELL_02559,45.7451,9.4226,253.0,Brivio,Beverate,11.073,1.61
CELL_02560,45.7451,9.4239,250.9,Brivio,Beverate,11.385,1.65
CELL_02561,45.7451,9.4252,258.1,Brivio,Beverate,11.53,1.67
CELL_02562,45.7451,9.4265,254.2,Brivio,Beverate,11.176,1.62
CELL_02563,45.7451,9.4278,256.4,Brivio,Beverate,10.749,1.56
CELL_02564,45.7451,9.4291,254.3,Brivio,Beverate,10.158,1.47
CELL_02565,45.7451,9.4304,206.4,Brivio,Brivio Centro,20.578,2.98
CELL_02566,45.7451,9.4317,215.1,Brivio,Brivio Centro,25.792,3.74
CELL_02567,45.7451,9.433,211.0,Brivio,Brivio Centro,31.937,4.63
CELL_02568,45.7451,9.4343,209.8,Brivio,Brivio Centro,39.994,5.8
CELL_02569,45.7451,9.4356,203.5,Brivio,Brivio Centro,49.566,7.19
CELL_02570,45.7451,9.4369,213.0,Brivio,Brivio Centro,61.905,8.98
CELL_02571,45.7451,9.4382,207.3,Brivio,Brivio Centro,76.931,11.16
CELL_02572,45.7451,9.4395,210.9,Brivio,Brivio Centro,95.211,13.81
CELL_02573,45.7451,9.4408,209.2,Brivio,Brivio Centro,117.295,17.01
CELL_02574,45.7451,9.4421,207.5,Brivio,Brivio Centro,142.856,20.72
CELL_02575,45.7451,9.4434,206.4,Brivio,Brivio Centro,166.983,24.22
CELL_02576,45.7451,9.4447,206.3,Brivio,Brivio Centro,170.429,24.72
CELL_02577,45.7451,9.446,204.9,Brivio,Brivio Centro,148.887,21.59
CELL_02578,45.7451,9.4473,206.2,Brivio,Brivio Centro,123.323,17.89
CELL_02579,45.7451,9.4486,205.3,Brivio,Brivio Centro,99.948,14.5
CELL_02580,45.7451,9.4499,208.8,Brivio,Brivio Centro,80.845,11.73
CELL_02581,45.7451,9.4512,203.9,Brivio,Brivio Centro,64.975,9.42
CELL_02582,45.7451,9.4525,208.1,Brivio,Brivio Centro,52.399,7.6
CELL_02583,45.7451,9.4538,205.1,Brivio,Brivio Centro,41.848,6.07
CELL_02584,45.7451,9.4551,210.8,Brivio,Brivio Centro,33.615,4.88
CELL_02585,45.7451,9.4564,211.1,Brivio,Brivio Centro,27.144,3.94
CELL_02586,45.7451,9.4577,213.6,Brivio,Brivio Centro,21.884,3.17
CELL_02587,45.7451,9.459,211.0,Brivio,Brivio Centro,17.351,2.52
CELL_02588,45.746,9.355,378.3,La Valletta Brianza,Perego,26.963,5.89
CELL_02589,45.746,9.3563,370.3,La Valletta Brianza,Perego,32.737,7.15
CELL_02590,45.746,9.3576,374.4,La Valletta Brianza,Perego,39.615,8.65
CELL_02591,45.746,9.3589,373.2,La Valletta Brianza,Perego,47.747,10.43
CELL_02592,45.746,9.3602,380.8,La Valletta Brianza,Perego,56.462,12.34
CELL_02593,45.746,9.3615,376.7,La Valletta Brianza,Perego,65.086,14.22
CELL_02594,45.746,9.3628,379.5,La Valletta Brianza,Perego,71.83,15.69
CELL_02595,45.746,9.3641,375.4,La Valletta Brianza,Perego,74.974,16.38
CELL_02596,45.746,9.3654,380.5,La Valletta Brianza,Perego,72.926,15.93
CELL_02597,45.746,9.3667,381.1,La Valletta Brianza,Perego,66.247,14.47
CELL_02598,45.746,9.368,376.4,Santa Maria Hoè,Santa Maria Hoè Centro,52.234,15.5
CELL_02599,45.746,9.3693,369.1,Santa Maria Hoè,Santa Maria Hoè Centro,65.354,19.39
CELL_02600,45.746,9.3706,366.7,Santa Maria Hoè,Santa Maria Hoè Centro,81.297,24.12
CELL_02601,45.746,9.3719,368.1,Santa Maria Hoè,Santa Maria Hoè Centro,100.644,29.86
CELL_02602,45.746,9.3732,364.8,Santa Maria Hoè,Santa Maria Hoè Centro,119.393,35.42
CELL_02603,45.746,9.3745,367.9,Santa Maria Hoè,Santa Maria Hoè Centro,106.983,31.74
CELL_02604,45.746,9.3758,370.2,Santa Maria Hoè,Santa Maria Hoè Centro,86.652,25.71
CELL_02605,45.746,9.3771,371.2,Santa Maria Hoè,Santa Maria Hoè Centro,69.69,20.68
CELL_02606,45.746,9.3784,408.1,Santa Maria Hoè,Trebbia,16.598,4.92
CELL_02607,45.746,9.3797,412.9,Santa Maria Hoè,Trebbia,15.118,4.49
CELL_02608,45.746,9.381,409.2,Santa Maria Hoè,Trebbia,13.476,4.0
CELL_02609,45.746,9.3823,412.9,Santa Maria Hoè,Trebbia,11.655,3.46
CELL_02610,45.746,9.3836,412.1,Santa Maria Hoè,Trebbia,9.817,2.91
CELL_02611,45.746,9.3849,409.3,Santa Maria Hoè,Trebbia,8.057,2.39
CELL_02612,45.746,9.3862,348.9,Olgiate Molgora,Monticello,11.073,2.46
CELL_02613,45.746,9.3875,342.6,Olgiate Molgora,Monticello,12.937,2.88
CELL_02614,45.746,9.3888,346.4,Olgiate Molgora,Monticello,14.791,3.29
CELL_02615,45.746,9.3901,345.6,Olgiate Molgora,Monticello,16.079,3.58
CELL_02616,45.746,9.3914,336.2,Olgiate Molgora,Monticello,16.859,3.75
CELL_02617,45.746,9.3927,340.5,Olgiate Molgora,Monticello,16.722,3.72
CELL_02618,45.746,9.394,343.9,Olgiate Molgora,Monticello,15.922,3.54
CELL_02619,45.746,9.3953,338.9,Olgiate Molgora,Monticello,14.593,3.25
CELL_02620,45.746,9.3966,342.9,Olgiate Molgora,Monticello,12.992,2.89
CELL_02621,45.746,9.3979,339.8,Olgiate Molgora,Monticello,10.941,2.43
CELL_02622,45.746,9.3992,337.9,Olgiate Molgora,Monticello,9.599,2.14
CELL_02623,45.746,9.4005,341.6,Olgiate Molgora,Monticello,8.066,1.79
CELL_02624,45.746,9.4018,342.9,Olgiate Molgora,Monticello,6.773,1.51
CELL_02625,45.746,9.4031,317.8,Olgiate Molgora,Mondonico,9.475,2.11
CELL_02626,45.746,9.4044,315.5,Olgiate Molgora,Mondonico,8.526,1.9
CELL_02627,45.746,9.4057,266.9,Olgiate Molgora,Porchera,6.596,1.47
CELL_02628,45.746,9.407,273.3,Olgiate Molgora,Porchera,7.497,1.67
CELL_02629,45.746,9.4083,273.9,Olgiate Molgora,Porchera,7.917,1.76
CELL_02630,45.746,9.4096,273.4,Olgiate Molgora,Porchera,8.355,1.86
CELL_02631,45.746,9.4109,274.3,Olgiate Molgora,Porchera,8.669,1.93
CELL_02632,45.746,9.4122,266.4,Olgiate Molgora,Porchera,8.987,2.0
CELL_02633,45.746,9.4135,273.9,Olgiate Molgora,Porchera,8.673,1.93
CELL_02634,45.746,9.4148,276.0,Olgiate Molgora,Porchera,8.129,1.81
CELL_02635,45.746,9.4161,273.6,Olgiate Molgora,Porchera,7.71,1.71
CELL_02636,45.746,9.4174,274.4,Olgiate Molgora,Porchera,7.137,1.59
CELL_02637,45.746,9.4187,274.6,Olgiate Molgora,Porchera,6.338,1.41
CELL_02638,45.746,9.42,271.6,Olgiate Molgora,Porchera,5.689,1.27
CELL_02639,45.746,9.4213,270.0,Olgiate Molgora,Porchera,5.273,1.17
CELL_02640,45.746,9.4226,276.7,Olgiate Molgora,Porchera,4.551,1.01
CELL_02641,45.746,9.4239,251.0,Brivio,Beverate,9.234,1.34
CELL_02642,45.746,9.4252,253.6,Brivio,Beverate,9.043,1.31
CELL_02643,45.746,9.4265,250.1,Brivio,Beverate,9.009,1.31
CELL_02644,45.746,9.4278,253.2,Brivio,Beverate,8.632,1.25
CELL_02645,45.746,9.4291,210.5,Brivio,Brivio Centro,16.076,2.33
CELL_02646,45.746,9.4304,206.8,Brivio,Brivio Centro,20.092,2.91
CELL_02647,45.746,9.4317,208.4,Brivio,Brivio Centro,25.018,3.63
CELL_02648,45.746,9.433,206.2,Brivio,Brivio Centro,30.841,4.47
CELL_02649,45.746,9.4343,212.3,Brivio,Brivio Centro,38.088,5.52
CELL_02650,45.746,9.4356,210.6,Brivio,Brivio Centro,47.213,6.85
CELL_02651,45.746,9.4369,201.0,Brivio,Brivio Centro,58.106,8.43
CELL_02652,45.746,9.4382,212.1,Brivio,Brivio Centro,71.71,10.4
CELL_02653,45.746,9.4395,214.2,Brivio,Brivio Centro,87.351,12.67
CELL_02654,45.746,9.4408,209.4,Brivio,Brivio Centro,104.817,15.2
CELL_02655,45.746,9.4421,212.7,Brivio,Brivio Centro,122.897,17.82
CELL_02656,45.746,9.4434,211.6,Brivio,Brivio Centro,136.157,19.75
CELL_02657,45.746,9.4447,207.6,Brivio,Brivio Centro,137.728,19.98
CELL_02658,45.746,9.446,211.3,Brivio,Brivio Centro,126.616,18.36
CELL_02659,45.746,9.4473,209.1,Brivio,Brivio Centro,109.285,15.85
CELL_02660,45.746,9.4486,210.3,Brivio,Brivio Centro,91.117,13.22
CELL_02661,45.746,9.4499,213.7,Brivio,Brivio Centro,75.089,10.89
CELL_02662,45.746,9.4512,205.8,Brivio,Brivio Centro,61.058,8.86
CELL_02663,45.746,9.4525,212.1,Brivio,Brivio Centro,49.646,7.2
CELL_02664,45.746,9.4538,207.8,Brivio,Brivio Centro,40.082,5.81
CELL_02665,45.746,9.4551,207.2,Brivio,Brivio Centro,32.236,4.68
CELL_02666,45.746,9.4564,209.7,Brivio,Brivio Centro,26.041,3.78
CELL_02667,45.746,9.4577,209.8,Brivio,Brivio Centro,21.201,3.07
CELL_02668,45.746,9.459,206.0,Brivio,Brivio Centro,16.987,2.46
CELL_02669,45.7469,9.355,376.7,La Valletta Brianza,Perego,24.251,5.3
CELL_02670,45.7469,9.3563,380.0,La Valletta Brianza,Perego,29.376,6.42
CELL_02671,45.7469,9.3576,371.9,La Valletta Brianza,Perego,35.216,7.69
CELL_02672,45.7469,9.3589,373.2,La Valletta Brianza,Perego,41.404,9.05
CELL_02673,45.7469,9.3602,376.6,La Valletta Brianza,Perego,47.918,10.47
CELL_02674,45.7469,9.3615,374.6,La Valletta Brianza,Perego,54.085,11.82
CELL_02675,45.7469,9.3628,375.7,La Valletta Brianza,Perego,58.513,12.78
CELL_02676,45.7469,9.3641,371.9,La Valletta Brianza,Perego,60.368,13.19
CELL_02677,45.7469,9.3654,376.2,La Valletta Brianza,Perego,58.955,12.88
CELL_02678,45.7469,9.3667,370.9,La Valletta Brianza,Perego,54.82,11.98
CELL_02679,45.7469,9.368,372.9,Santa Maria Hoè,Santa Maria Hoè Centro,49.918,14.81
CELL_02680,45.7469,9.3693,373.8,Santa Maria Hoè,Santa Maria Hoè Centro,61.331,18.2
CELL_02681,45.7469,9.3706,369.7,Santa Maria Hoè,Santa Maria Hoè Centro,74.696,22.16
CELL_02682,45.7469,9.3719,373.5,Santa Maria Hoè,Santa Maria Hoè Centro,87.994,26.11
CELL_02683,45.7469,9.3732,375.7,Santa Maria Hoè,Santa Maria Hoè Centro,96.242,28.55
CELL_02684,45.7469,9.3745,377.0,Santa Maria Hoè,Santa Maria Hoè Centro,91.635,27.19
CELL_02685,45.7469,9.3758,375.4,Santa Maria Hoè,Santa Maria Hoè Centro,78.975,23.43
CELL_02686,45.7469,9.3771,408.1,Santa Maria Hoè,Trebbia,21.397,6.35
CELL_02687,45.7469,9.3784,405.3,Santa Maria Hoè,Trebbia,20.404,6.05
CELL_02688,45.7469,9.3797,409.7,Santa Maria Hoè,Trebbia,18.325,5.44
CELL_02689,45.7469,9.381,407.7,Santa Maria Hoè,Trebbia,15.534,4.61
CELL_02690,45.7469,9.3823,412.9,Santa Maria Hoè,Trebbia,12.985,3.85
CELL_02691,45.7469,9.3836,410.1,Santa Maria Hoè,Trebbia,11.032,3.27
CELL_02692,45.7469,9.3849,411.9,Santa Maria Hoè,Trebbia,9.072,2.69
CELL_02693,45.7469,9.3862,340.5,Olgiate Molgora,Monticello,9.536,2.12
CELL_02694,45.7469,9.3875,341.0,Olgiate Molgora,Monticello,10.94,2.43
CELL_02695,45.7469,9.3888,342.0,Olgiate Molgora,Monticello,12.14,2.7
CELL_02696,45.7469,9.3901,338.3,Olgiate Molgora,Monticello,13.205,2.94
CELL_02697,45.7469,9.3914,343.8,Olgiate Molgora,Monticello,13.598,3.02
CELL_02698,45.7469,9.3927,346.1,Olgiate Molgora,Monticello,13.595,3.02
CELL_02699,45.7469,9.394,350.2,Olgiate Molgora,Monticello,13.01,2.89
CELL_02700,45.7469,9.3953,339.6,Olgiate Molgora,Monticello,11.972,2.66
CELL_02701,45.7469,9.3966,341.0,Olgiate Molgora,Monticello,10.859,2.42
CELL_02702,45.7469,9.3979,338.7,Olgiate Molgora,Monticello,9.65,2.15
CELL_02703,45.7469,9.3992,342.4,Olgiate Molgora,Monticello,8.117,1.81
CELL_02704,45.7469,9.4005,335.5,Olgiate Molgora,Monticello,6.979,1.55
CELL_02705,45.7469,9.4018,342.3,Olgiate Molgora,Monticello,5.77,1.28
CELL_02706,45.7469,9.4031,340.1,Olgiate Molgora,Monticello,5.008,1.11
CELL_02707,45.7469,9.4044,318.7,Olgiate Molgora,Mondonico,6.876,1.53
CELL_02708,45.7469,9.4057,270.6,Olgiate Molgora,Porchera,5.553,1.24
CELL_02709,45.7469,9.407,276.8,Olgiate Molgora,Porchera,5.905,1.31
CELL_02710,45.7469,9.4083,277.1,Olgiate Molgora,Porchera,6.377,1.42
CELL_02711,45.7469,9.4096,266.8,Olgiate Molgora,Porchera,6.964,1.55
CELL_02712,45.7469,9.4109,269.7,Olgiate Molgora,Porchera,6.877,1.53
CELL_02713,45.7469,9.4122,275.1,Olgiate Molgora,Porchera,7.035,1.56
CELL_02714,45.7469,9.4135,268.9,Olgiate Molgora,Porchera,7.193,1.6
CELL_02715,45.7469,9.4148,273.7,Olgiate Molgora,Porchera,6.75,1.5
CELL_02716,45.7469,9.4161,270.9,Olgiate Molgora,Porchera,6.316,1.4
CELL_02717,45.7469,9.4174,275.5,Olgiate Molgora,Porchera,5.913,1.32
CELL_02718,45.7469,9.4187,279.3,Olgiate Molgora,Porchera,5.56,1.24
CELL_02719,45.7469,9.42,269.4,Olgiate Molgora,Porchera,4.899,1.09
CELL_02720,45.7469,9.4213,276.3,Olgiate Molgora,Porchera,4.249,0.95
CELL_02721,45.7469,9.4226,274.6,Olgiate Molgora,Porchera,3.914,0.87
CELL_02722,45.7469,9.4239,254.3,Brivio,Beverate,7.343,1.06
CELL_02723,45.7469,9.4252,254.5,Brivio,Beverate,7.462,1.08
CELL_02724,45.7469,9.4265,249.1,Brivio,Beverate,7.52,1.09
CELL_02725,45.7469,9.4278,210.5,Brivio,Brivio Centro,12.309,1.79
CELL_02726,45.7469,9.4291,210.8,Brivio,Brivio Centro,15.27,2.21
CELL_02727,45.7469,9.4304,206.5,Brivio,Brivio Centro,19.198,2.78
CELL_02728,45.7469,9.4317,208.5,Brivio,Brivio Centro,23.451,3.4
CELL_02729,45.7469,9.433,206.6,Brivio,Brivio Centro,28.942,4.2
CELL_02730,45.7469,9.4343,213.6,Brivio,Brivio Centro,35.819,5.2
CELL_02731,45.7469,9.4356,212.1,Brivio,Brivio Centro,43.5,6.31
CELL_02732,45.7469,9.4369,210.1,Brivio,Brivio Centro,53.278,7.73
CELL_02733,45.7469,9.4382,206.7,Brivio,Brivio Centro,64.288,9.32
CELL_02734,45.7469,9.4395,213.5,Brivio,Brivio Centro,76.721,11.13
CELL_02735,45.7469,9.4408,204.1,Brivio,Brivio Centro,90.123,13.07
CELL_02736,45.7469,9.4421,206.9,Brivio,Brivio Centro,102.3,14.84
CELL_02737,45.7469,9.4434,209.9,Brivio,Brivio Centro,110.197,15.98
CELL_02738,45.7469,9.4447,201.6,Brivio,Brivio Centro,110.901,16.08
CELL_02739,45.7469,9.446,205.6,Brivio,Brivio Centro,104.644,15.18
CELL_02740,45.7469,9.4473,215.7,Brivio,Brivio Centro,93.219,13.52
CELL_02741,45.7469,9.4486,204.6,Brivio,Brivio Centro,79.797,11.57
CELL_02742,45.7469,9.4499,210.6,Brivio,Brivio Centro,67.076,9.73
CELL_02743,45.7469,9.4512,208.2,Brivio,Brivio Centro,55.512,8.05
CELL_02744,45.7469,9.4525,209.4,Brivio,Brivio Centro,45.701,6.63
CELL_02745,45.7469,9.4538,208.8,Brivio,Brivio Centro,37.546,5.45
CELL_02746,45.7469,9.4551,207.8,Brivio,Brivio Centro,30.446,4.42
CELL_02747,45.7469,9.4564,205.7,Brivio,Brivio Centro,24.538,3.56
CELL_02748,45.7469,9.4577,204.8,Brivio,Brivio Centro,20.09,2.91
CELL_02749,45.7469,9.459,209.3,Brivio,Brivio Centro,16.208,2.35
CELL_02750,45.7478,9.355,380.0,La Valletta Brianza,Perego,21.514,4.7
CELL_02751,45.7478,9.3563,368.8,La Valletta Brianza,Perego,25.623,5.6
CELL_02752,45.7478,9.3576,381.7,La Valletta Brianza,Perego,30.165,6.59
CELL_02753,45.7478,9.3589,371.8,La Valletta Brianza,Perego,35.182,7.69
CELL_02754,45.7478,9.3602,373.1,La Valletta Brianza,Perego,40.043,8.75
CELL_02755,45.7478,9.3615,375.2,La Valletta Brianza,Perego,44.287,9.68
CELL_02756,45.7478,9.3628,385.3,La Valletta Brianza,Perego,47.121,10.29
CELL_02757,45.7478,9.3641,371.2,La Valletta Brianza,Perego,48.542,10.61
CELL_02758,45.7478,9.3654,373.7,La Valletta Brianza,Perego,47.733,10.43
CELL_02759,45.7478,9.3667,374.8,La Valletta Brianza,Perego,44.89,9.81
CELL_02760,45.7478,9.368,370.6,Santa Maria Hoè,Santa Maria Hoè Centro,45.551,13.51
CELL_02761,45.7478,9.3693,368.8,Santa Maria Hoè,Santa Maria Hoè Centro,54.769,16.25
CELL_02762,45.7478,9.3706,364.5,Santa Maria Hoè,Santa Maria Hoè Centro,64.493,19.13
CELL_02763,45.7478,9.3719,369.4,Santa Maria Hoè,Santa Maria Hoè Centro,73.221,21.72
CELL_02764,45.7478,9.3732,372.0,Santa Maria Hoè,Santa Maria Hoè Centro,77.516,23.0
CELL_02765,45.7478,9.3745,414.8,Santa Maria Hoè,Trebbia,21.222,6.3
CELL_02766,45.7478,9.3758,401.7,Santa Maria Hoè,Trebbia,24.768,7.35
CELL_02767,45.7478,9.3771,406.3,Santa Maria Hoè,Trebbia,26.308,7.81
CELL_02768,45.7478,9.3784,416.4,Santa Maria Hoè,Trebbia,24.691,7.33
CELL_02769,45.7478,9.3797,406.6,Santa Maria Hoè,Trebbia,21.426,6.36
CELL_02770,45.7478,9.381,411.4,Santa Maria Hoè,Trebbia,17.555,5.21
CELL_02771,45.7478,9.3823,407.8,Santa Maria Hoè,Trebbia,14.39,4.27
CELL_02772,45.7478,9.3836,410.1,Santa Maria Hoè,Trebbia,11.595,3.44
CELL_02773,45.7478,9.3849,409.1,Santa Maria Hoè,Trebbia,9.432,2.8
CELL_02774,45.7478,9.3862,410.8,Santa Maria Hoè,Trebbia,7.911,2.35
CELL_02775,45.7478,9.3875,337.4,Olgiate Molgora,Monticello,9.158,2.04
CELL_02776,45.7478,9.3888,340.1,Olgiate Molgora,Monticello,9.868,2.19
CELL_02777,45.7478,9.3901,341.4,Olgiate Molgora,Monticello,10.626,2.36
CELL_02778,45.7478,9.3914,340.1,Olgiate Molgora,Monticello,10.912,2.43
CELL_02779,45.7478,9.3927,337.3,Olgiate Molgora,Monticello,10.927,2.43
CELL_02780,45.7478,9.394,339.0,Olgiate Molgora,Monticello,10.595,2.36
CELL_02781,45.7478,9.3953,341.9,Olgiate Molgora,Monticello,9.918,2.21
CELL_02782,45.7478,9.3966,339.1,Olgiate Molgora,Monticello,9.087,2.02
CELL_02783,45.7478,9.3979,344.9,Olgiate Molgora,Monticello,8.111,1.8
CELL_02784,45.7478,9.3992,339.6,Olgiate Molgora,Monticello,7.209,1.6
CELL_02785,45.7478,9.4005,341.9,Olgiate Molgora,Monticello,5.896,1.31
CELL_02786,45.7478,9.4018,341.7,Olgiate Molgora,Monticello,5.07,1.13
CELL_02787,45.7478,9.4031,342.3,Olgiate Molgora,Monticello,4.235,0.94
CELL_02788,45.7478,9.4044,337.3,Olgiate Molgora,Monticello,3.865,0.86
CELL_02789,45.7478,9.4057,272.1,Olgiate Molgora,Porchera,4.508,1.0
CELL_02790,45.7478,9.407,275.2,Olgiate Molgora,Porchera,4.826,1.07
CELL_02791,45.7478,9.4083,267.3,Olgiate Molgora,Porchera,5.39,1.2
CELL_02792,45.7478,9.4096,273.7,Olgiate Molgora,Porchera,5.452,1.21
CELL_02793,45.7478,9.4109,272.0,Olgiate Molgora,Porchera,5.802,1.29
CELL_02794,45.7478,9.4122,270.9,Olgiate Molgora,Porchera,5.939,1.32
CELL_02795,45.7478,9.4135,267.5,Olgiate Molgora,Porchera,5.83,1.3
CELL_02796,45.7478,9.4148,269.8,Olgiate Molgora,Porchera,5.339,1.19
CELL_02797,45.7478,9.4161,271.8,Olgiate Molgora,Porchera,5.39,1.2
CELL_02798,45.7478,9.4174,265.8,Olgiate Molgora,Porchera,4.888,1.09
CELL_02799,45.7478,9.4187,270.9,Olgiate Molgora,Porchera,4.334,0.96
CELL_02800,45.7478,9.42,270.2,Olgiate Molgora,Porchera,3.925,0.87
CELL_02801,45.7478,9.4213,270.9,Olgiate Molgora,Porchera,3.486,0.78
CELL_02802,45.7478,9.4226,271.1,Olgiate Molgora,Porchera,3.289,0.73
CELL_02803,45.7478,9.4278,207.4,Brivio,Brivio Centro,11.936,1.73
CELL_02804,45.7478,9.4291,207.4,Brivio,Brivio Centro,14.554,2.11
CELL_02805,45.7478,9.4304,213.8,Brivio,Brivio Centro,17.932,2.6
CELL_02806,45.7478,9.4317,207.3,Brivio,Brivio Centro,21.846,3.17
CELL_02807,45.7478,9.433,209.7,Brivio,Brivio Centro,26.605,3.86
CELL_02808,45.7478,9.4343,205.6,Brivio,Brivio Centro,32.398,4.7
CELL_02809,45.7478,9.4356,207.9,Brivio,Brivio Centro,39.326,5.7
CELL_02810,45.7478,9.4369,209.4,Brivio,Brivio Centro,47.493,6.89
CELL_02811,45.7478,9.4382,209.5,Brivio,Brivio Centro,56.473,8.19
CELL_02812,45.7478,9.4395,205.4,Brivio,Brivio Centro,66.078,9.58
CELL_02813,45.7478,9.4408,208.9,Brivio,Brivio Centro,75.573,10.96
CELL_02814,45.7478,9.4421,208.5,Brivio,Brivio Centro,83.557,12.12
CELL_02815,45.7478,9.4434,209.2,Brivio,Brivio Centro,88.587,12.85
CELL_02816,45.7478,9.4447,209.6,Brivio,Brivio Centro,89.386,12.96
CELL_02817,45.7478,9.446,208.6,Brivio,Brivio Centro,85.084,12.34
CELL_02818,45.7478,9.4473,203.2,Brivio,Brivio Centro,77.477,11.24
CELL_02819,45.7478,9.4486,209.1,Brivio,Brivio Centro,68.351,9.91
CELL_02820,45.7478,9.4499,207.6,Brivio,Brivio Centro,58.462,8.48
CELL_02821,45.7478,9.4512,208.8,Brivio,Brivio Centro,49.293,7.15
CELL_02822,45.7478,9.4525,210.6,Brivio,Brivio Centro,41.268,5.99
CELL_02823,45.7478,9.4538,213.8,Brivio,Brivio Centro,34.153,4.95
CELL_02824,45.7478,9.4551,208.2,Brivio,Brivio Centro,27.822,4.04
CELL_02825,45.7478,9.4564,207.0,Brivio,Brivio Centro,23.015,3.34
CELL_02826,45.7478,9.4577,208.6,Brivio,Brivio Centro,18.526,2.69
CELL_02827,45.7478,9.459,209.9,Brivio,Brivio Centro,15.319,2.22
CELL_02828,45.7487,9.355,374.1,La Valletta Brianza,Perego,18.762,4.1
CELL_02829,45.7487,9.3563,374.7,La Valletta Brianza,Perego,22.276,4.87
CELL_02830,45.7487,9.3576,377.7,La Valletta Brianza,Perego,26.021,5.68
CELL_02831,45.7487,9.3589,373.0,La Valletta Brianza,Perego,29.728,6.49
CELL_02832,45.7487,9.3602,371.5,La Valletta Brianza,Perego,32.902,7.19
CELL_02833,45.7487,9.3615,379.5,La Valletta Brianza,Perego,36.203,7.91
CELL_02834,45.7487,9.3628,371.4,La Valletta Brianza,Perego,38.076,8.32
CELL_02835,45.7487,9.3641,373.1,La Valletta Brianza,Perego,38.848,8.49
CELL_02836,45.7487,9.3654,379.8,La Valletta Brianza,Perego,38.445,8.4
CELL_02837,45.7487,9.3667,376.9,Santa Maria Hoè,Santa Maria Hoè Centro,33.587,9.96
CELL_02838,45.7487,9.368,370.1,Santa Maria Hoè,Santa Maria Hoè Centro,40.357,11.97
CELL_02839,45.7487,9.3693,372.9,Santa Maria Hoè,Santa Maria Hoè Centro,47.399,14.06
CELL_02840,45.7487,9.3706,374.7,Santa Maria Hoè,Santa Maria Hoè Centro,54.279,16.1
CELL_02841,45.7487,9.3719,370.6,Santa Maria Hoè,Santa Maria Hoè Centro,59.477,17.65
CELL_02842,45.7487,9.3732,408.8,Santa Maria Hoè,Trebbia,18.834,5.59
CELL_02843,45.7487,9.3745,407.0,Santa Maria Hoè,Trebbia,23.33,6.92
CELL_02844,45.7487,9.3758,410.6,Santa Maria Hoè,Trebbia,28.586,8.48
CELL_02845,45.7487,9.3771,409.1,Santa Maria Hoè,Trebbia,32.674,9.69
CELL_02846,45.7487,9.3784,410.0,Santa Maria Hoè,Trebbia,28.921,8.58
CELL_02847,45.7487,9.3797,410.8,Santa Maria Hoè,Trebbia,23.512,6.98
CELL_02848,45.7487,9.381,414.5,Santa Maria Hoè,Trebbia,18.833,5.59
CELL_02849,45.7487,9.3823,408.4,Santa Maria Hoè,Trebbia,15.179,4.5
CELL_02850,45.7487,9.3836,412.8,Santa Maria Hoè,Trebbia,12.343,3.66
CELL_02851,45.7487,9.3849,406.8,Santa Maria Hoè,Trebbia,9.92,2.94
CELL_02852,45.7487,9.3862,411.1,Santa Maria Hoè,Trebbia,8.15,2.42
CELL_02853,45.7487,9.3875,409.1,Santa Maria Hoè,Trebbia,6.475,1.92
CELL_02854,45.7487,9.3888,347.1,Olgiate Molgora,Monticello,8.177,1.82
CELL_02855,45.7487,9.3901,344.3,Olgiate Molgora,Monticello,8.751,1.95
CELL_02856,45.7487,9.3914,340.6,Olgiate Molgora,Monticello,8.757,1.95
CELL_02857,45.7487,9.3927,341.1,Olgiate Molgora,Monticello,8.691,1.93
CELL_02858,45.7487,9.394,340.7,Olgiate Molgora,Monticello,8.519,1.89
CELL_02859,45.7487,9.3953,339.9,Olgiate Molgora,Monticello,8.011,1.78
CELL_02860,45.7487,9.3966,343.1,Olgiate Molgora,Monticello,7.369,1.64
CELL_02861,45.7487,9.3979,347.9,Olgiate Molgora,Monticello,6.682,1.49
CELL_02862,45.7487,9.3992,340.8,Olgiate Molgora,Monticello,5.975,1.33
CELL_02863,45.7487,9.4005,339.0,Olgiate Molgora,Monticello,5.414,1.2
CELL_02864,45.7487,9.4018,339.8,Olgiate Molgora,Monticello,4.415,0.98
CELL_02865,45.7487,9.4031,345.6,Olgiate Molgora,Monticello,4.056,0.9
CELL_02866,45.7487,9.4044,338.0,Olgiate Molgora,Monticello,3.354,0.75
CELL_02867,45.7487,9.4057,272.9,Olgiate Molgora,Porchera,3.813,0.85
CELL_02868,45.7487,9.407,270.3,Olgiate Molgora,Porchera,4.123,0.92
CELL_02869,45.7487,9.4083,271.3,Olgiate Molgora,Porchera,4.407,0.98
CELL_02870,45.7487,9.4096,274.3,Olgiate Molgora,Porchera,4.442,0.99
CELL_02871,45.7487,9.4109,272.5,Olgiate Molgora,Porchera,4.548,1.01
CELL_02872,45.7487,9.4122,274.4,Olgiate Molgora,Porchera,4.856,1.08
CELL_02873,45.7487,9.4135,273.4,Olgiate Molgora,Porchera,4.477,1.0
CELL_02874,45.7487,9.4148,266.5,Olgiate Molgora,Porchera,4.692,1.04
CELL_02875,45.7487,9.4161,270.8,Olgiate Molgora,Porchera,4.174,0.93
CELL_02876,45.7487,9.4174,271.4,Olgiate Molgora,Porchera,3.958,0.88
CELL_02877,45.7487,9.4187,272.9,Olgiate Molgora,Porchera,3.654,0.81
CELL_02878,45.7487,9.42,274.5,Olgiate Molgora,Porchera,3.342,0.74
CELL_02879,45.7487,9.4213,269.2,Olgiate Molgora,Porchera,3.218,0.72
CELL_02880,45.7487,9.4278,211.8,Brivio,Brivio Centro,10.776,1.56
CELL_02881,45.7487,9.4291,210.7,Brivio,Brivio Centro,13.466,1.95
CELL_02882,45.7487,9.4304,209.7,Brivio,Brivio Centro,16.172,2.35
CELL_02883,45.7487,9.4317,207.7,Brivio,Brivio Centro,19.727,2.86
CELL_02884,45.7487,9.433,207.1,Brivio,Brivio Centro,24.181,3.51
CELL_02885,45.7487,9.4343,207.3,Brivio,Brivio Centro,29.076,4.22
CELL_02886,45.7487,9.4356,210.8,Brivio,Brivio Centro,34.955,5.07
CELL_02887,45.7487,9.4369,207.2,Brivio,Brivio Centro,41.408,6.01
CELL_02888,45.7487,9.4382,208.2,Brivio,Brivio Centro,48.431,7.02
CELL_02889,45.7487,9.4395,204.4,Brivio,Brivio Centro,55.577,8.06
CELL_02890,45.7487,9.4408,205.7,Brivio,Brivio Centro,62.507,9.07
CELL_02891,45.7487,9.4421,216.8,Brivio,Brivio Centro,67.966,9.86
CELL_02892,45.7487,9.4434,210.1,Brivio,Brivio Centro,71.407,10.36
CELL_02893,45.7487,9.4447,210.4,Brivio,Brivio Centro,71.698,10.4
CELL_02894,45.7487,9.446,207.7,Brivio,Brivio Centro,69.213,10.04
CELL_02895,45.7487,9.4473,210.2,Brivio,Brivio Centro,63.969,9.28
CELL_02896,45.7487,9.4486,209.0,Brivio,Brivio Centro,57.234,8.3
CELL_02897,45.7487,9.4499,205.1,Brivio,Brivio Centro,50.031,7.26
CELL_02898,45.7487,9.4512,209.7,Brivio,Brivio Centro,43.016,6.24
CELL_02899,45.7487,9.4525,206.1,Brivio,Brivio Centro,36.277,5.26
CELL_02900,45.7487,9.4538,211.0,Brivio,Brivio Centro,30.252,4.39
CELL_02901,45.7487,9.4551,208.2,Brivio,Brivio Centro,25.193,3.65
CELL_02902,45.7487,9.4564,206.4,Brivio,Brivio Centro,20.649,2.99
CELL_02903,45.7487,9.4577,213.3,Brivio,Brivio Centro,17.034,2.47
CELL_02904,45.7487,9.459,201.8,Brivio,Brivio Centro,14.039,2.04
CELL_02905,45.7496,9.355,373.2,La Valletta Brianza,Perego,16.388,3.58
CELL_02906,45.7496,9.3563,378.6,La Valletta Brianza,Perego,18.923,4.13
CELL_02907,45.7496,9.3576,375.8,La Valletta Brianza,Perego,21.727,4.75
CELL_02908,45.7496,9.3589,378.0,La Valletta Brianza,Perego,24.505,5.35
CELL_02909,45.7496,9.3602,376.3,La Valletta Brianza,Perego,27.085,5.92
CELL_02910,45.7496,9.3615,368.7,La Valletta Brianza,Perego,29.252,6.39
CELL_02911,45.7496,9.3628,375.3,La Valletta Brianza,Perego,30.788,6.73
CELL_02912,45.7496,9.3641,373.0,La Valletta Brianza,Perego,31.27,6.83
CELL_02913,45.7496,9.3654,370.8,La Valletta Brianza,Perego,31.018,6.78
CELL_02914,45.7496,9.3667,372.2,Santa Maria Hoè,Santa Maria Hoè Centro,29.412,8.73
CELL_02915,45.7496,9.368,377.8,Santa Maria Hoè,Santa Maria Hoè Centro,34.732,10.3
CELL_02916,45.7496,9.3693,369.9,Santa Maria Hoè,Santa Maria Hoè Centro,39.869,11.83
CELL_02917,45.7496,9.3706,376.8,Santa Maria Hoè,Santa Maria Hoè Centro,44.561,13.22
CELL_02918,45.7496,9.3719,410.6,Santa Maria Hoè,Trebbia,15.152,4.5
CELL_02919,45.7496,9.3732,409.0,Santa Maria Hoè,Trebbia,18.979,5.63
CELL_02920,45.7496,9.3745,409.9,Santa Maria Hoè,Trebbia,23.509,6.97
CELL_02921,45.7496,9.3758,409.3,Santa Maria Hoè,Trebbia,29.153,8.65
CELL_02922,45.7496,9.3771,408.4,Santa Maria Hoè,Trebbia,33.803,10.03
CELL_02923,45.7496,9.3784,411.1,Santa Maria Hoè,Trebbia,29.1,8.63
CELL_02924,45.7496,9.3797,410.1,Santa Maria Hoè,Trebbia,23.403,6.94
CELL_02925,45.7496,9.381,410.0,Santa Maria Hoè,Trebbia,18.796,5.58
CELL_02926,45.7496,9.3823,410.6,Santa Maria Hoè,Trebbia,15.269,4.53
CELL_02927,45.7496,9.3836,411.9,Santa Maria Hoè,Trebbia,12.283,3.64
CELL_02928,45.7496,9.3849,408.9,Santa Maria Hoè,Trebbia,9.926,2.94
CELL_02929,45.7496,9.3862,411.5,Santa Maria Hoè,Trebbia,8.071,2.39
CELL_02930,45.7496,9.3875,414.4,Santa Maria Hoè,Trebbia,6.267,1.86
CELL_02931,45.7496,9.3888,340.7,Olgiate Molgora,Monticello,6.612,1.47
CELL_02932,45.7496,9.3901,339.4,Olgiate Molgora,Monticello,6.827,1.52
CELL_02933,45.7496,9.3914,337.1,Olgiate Molgora,Monticello,7.222,1.61
CELL_02934,45.7496,9.3927,350.0,Olgiate Molgora,Monticello,7.157,1.59
CELL_02935,45.7496,9.394,340.4,Olgiate Molgora,Monticello,6.971,1.55
CELL_02936,45.7496,9.3953,346.7,Olgiate Molgora,Monticello,6.808,1.51
CELL_02937,45.7496,9.3966,342.0,Olgiate Molgora,Monticello,6.265,1.39
CELL_02938,45.7496,9.3979,337.1,Olgiate Molgora,Monticello,5.535,1.23
CELL_02939,45.7496,9.3992,339.6,Olgiate Molgora,Monticello,5.086,1.13
CELL_02940,45.7496,9.4005,348.5,Olgiate Molgora,Monticello,4.492,1.0
CELL_02941,45.7496,9.4018,345.0,Olgiate Molgora,Monticello,3.988,0.89
CELL_02942,45.7496,9.4031,343.7,Olgiate Molgora,Monticello,3.414,0.76
CELL_02943,45.7496,9.4044,341.4,Olgiate Molgora,Monticello,2.718,0.6
CELL_02944,45.7496,9.4057,342.2,Olgiate Molgora,Monticello,2.49,0.55
CELL_02945,45.7496,9.407,271.9,Olgiate Molgora,Porchera,3.232,0.72
CELL_02946,45.7496,9.4083,275.1,Olgiate Molgora,Porchera,3.503,0.78
CELL_02947,45.7496,9.4096,273.0,Olgiate Molgora,Porchera,3.741,0.83
CELL_02948,45.7496,9.4109,273.7,Olgiate Molgora,Porchera,3.832,0.85
CELL_02949,45.7496,9.4122,271.6,Olgiate Molgora,Porchera,3.646,0.81
CELL_02950,45.7496,9.4135,276.7,Olgiate Molgora,Porchera,3.974,0.88
CELL_02951,45.7496,9.4148,273.5,Olgiate Molgora,Porchera,3.655,0.81
CELL_02952,45.7496,9.4161,272.2,Olgiate Molgora,Porchera,3.737,0.83
CELL_02953,45.7496,9.4174,275.8,Olgiate Molgora,Porchera,3.517,0.78
CELL_02954,45.7496,9.4187,268.2,Olgiate Molgora,Porchera,3.205,0.71
CELL_02955,45.7496,9.4291,210.6,Brivio,Brivio Centro,12.36,1.79
CELL_02956,45.7496,9.4304,206.5,Brivio,Brivio Centro,14.757,2.14
CELL_02957,45.7496,9.4317,208.7,Brivio,Brivio Centro,17.827,2.59
CELL_02958,45.7496,9.433,213.7,Brivio,Brivio Centro,21.276,3.09
CELL_02959,45.7496,9.4343,212.6,Brivio,Brivio Centro,25.713,3.73
CELL_02960,45.7496,9.4356,207.9,Brivio,Brivio Centro,30.268,4.39
CELL_02961,45.7496,9.4369,210.1,Brivio,Brivio Centro,35.382,5.13
CELL_02962,45.7496,9.4382,216.6,Brivio,Brivio Centro,41.004,5.95
CELL_02963,45.7496,9.4395,201.7,Brivio,Brivio Centro,46.302,6.72
CELL_02964,45.7496,9.4408,211.8,Brivio,Brivio Centro,51.26,7.43
CELL_02965,45.7496,9.4421,212.4,Brivio,Brivio Centro,55.155,8.0
CELL_02966,45.7496,9.4434,214.7,Brivio,Brivio Centro,57.303,8.31
CELL_02967,45.7496,9.4447,211.4,Brivio,Brivio Centro,57.627,8.36
CELL_02968,45.7496,9.446,212.8,Brivio,Brivio Centro,55.966,8.12
CELL_02969,45.7496,9.4473,213.8,Brivio,Brivio Centro,52.315,7.59
CELL_02970,45.7496,9.4486,216.4,Brivio,Brivio Centro,47.573,6.9
CELL_02971,45.7496,9.4499,213.1,Brivio,Brivio Centro,42.238,6.13
CELL_02972,45.7496,9.4512,205.2,Brivio,Brivio Centro,36.541,5.3
CELL_02973,45.7496,9.4525,210.0,Brivio,Brivio Centro,31.31,4.54
CELL_02974,45.7496,9.4538,210.7,Brivio,Brivio Centro,26.552,3.85
CELL_02975,45.7496,9.4551,210.6,Brivio,Brivio Centro,22.312,3.24
CELL_02976,45.7496,9.4564,215.5,Brivio,Brivio Centro,18.637,2.7
CELL_02977,45.7496,9.4577,208.6,Brivio,Brivio Centro,15.52,2.25
CELL_02978,45.7496,9.459,214.4,Brivio,Brivio Centro,12.715,1.84
CELL_02979,45.7505,9.355,376.7,La Valletta Brianza,Perego,13.861,3.03
CELL_02980,45.7505,9.3563,376.6,La Valletta Brianza,Perego,15.915,3.48
CELL_02981,45.7505,9.3576,372.6,La Valletta Brianza,Perego,18.108,3.96
CELL_02982,45.7505,9.3589,377.8,La Valletta Brianza,Perego,20.406,4.46
CELL_02983,45.7505,9.3602,374.3,La Valletta Brianza,Perego,22.052,4.82
CELL_02984,45.7505,9.3615,371.0,La Valletta Brianza,Perego,23.841,5.21
CELL_02985,45.7505,9.3628,375.1,La Valletta Brianza,Perego,24.982,5.46
CELL_02986,45.7505,9.3641,377.9,La Valletta Brianza,Perego,25.095,5.48
CELL_02987,45.7505,9.3654,377.0,La Valletta Brianza,Perego,24.775,5.41
CELL_02988,45.7505,9.3667,369.5,Santa Maria Hoè,Santa Maria Hoè Centro,25.494,7.56
CELL_02989,45.7505,9.368,367.4,Santa Maria Hoè,Santa Maria Hoè Centro,29.282,8.69
CELL_02990,45.7505,9.3693,410.5,Santa Maria Hoè,Trebbia,9.775,2.9
CELL_02991,45.7505,9.3706,409.0,Santa Maria Hoè,Trebbia,11.875,3.52
CELL_02992,45.7505,9.3719,407.6,Santa Maria Hoè,Trebbia,14.387,4.27
CELL_02993,45.7505,9.3732,408.0,Santa Maria Hoè,Trebbia,17.757,5.27
CELL_02994,45.7505,9.3745,410.6,Santa Maria Hoè,Trebbia,21.37,6.34
CELL_02995,45.7505,9.3758,414.3,Santa Maria Hoè,Trebbia,25.267,7.5
CELL_02996,45.7505,9.3771,404.1,Santa Maria Hoè,Trebbia,27.221,8.08
CELL_02997,45.7505,9.3784,411.3,Santa Maria Hoè,Trebbia,25.303,7.51
CELL_02998,45.7505,9.3797,406.3,Santa Maria Hoè,Trebbia,21.57,6.4
CELL_02999,45.7505,9.381,412.7,Santa Maria Hoè,Trebbia,17.931,5.32
CELL_03000,45.7505,9.3823,412.5,Santa Maria Hoè,Trebbia,14.461,4.29
CELL_03001,45.7505,9.3836,414.0,Santa Maria Hoè,Trebbia,11.894,3.53
CELL_03002,45.7505,9.3849,406.8,Santa Maria Hoè,Trebbia,9.54,2.83
CELL_03003,45.7505,9.3862,410.3,Santa Maria Hoè,Trebbia,7.668,2.28
CELL_03004,45.7505,9.3875,409.7,Santa Maria Hoè,Trebbia,6.366,1.89
CELL_03005,45.7505,9.3888,409.2,Santa Maria Hoè,Trebbia,5.1,1.51
CELL_03006,45.7505,9.3901,342.8,Olgiate Molgora,Monticello,5.789,1.29
CELL_03007,45.7505,9.3914,342.8,Olgiate Molgora,Monticello,5.988,1.33
CELL_03008,45.7505,9.3927,343.1,Olgiate Molgora,Monticello,5.631,1.25
CELL_03009,45.7505,9.394,343.1,Olgiate Molgora,Monticello,5.69,1.27
CELL_03010,45.7505,9.3953,345.5,Olgiate Molgora,Monticello,5.293,1.18
CELL_03011,45.7505,9.3966,346.1,Olgiate Molgora,Monticello,4.892,1.09
CELL_03012,45.7505,9.3979,343.5,Olgiate Molgora,Monticello,4.768,1.06
CELL_03013,45.7505,9.3992,341.1,Olgiate Molgora,Monticello,4.124,0.92
CELL_03014,45.7505,9.4005,345.3,Olgiate Molgora,Monticello,3.638,0.81
CELL_03015,45.7505,9.4018,338.7,Olgiate Molgora,Monticello,3.161,0.7
CELL_03016,45.7505,9.4031,347.3,Olgiate Molgora,Monticello,2.735,0.61
CELL_03017,45.7505,9.4044,345.3,Olgiate Molgora,Monticello,2.491,0.55
CELL_03018,45.7505,9.4109,278.7,Olgiate Molgora,Porchera,3.062,0.68
CELL_03019,45.7505,9.4122,274.5,Olgiate Molgora,Porchera,3.323,0.74
CELL_03020,45.7505,9.4135,267.1,Olgiate Molgora,Porchera,3.011,0.67
CELL_03021,45.7505,9.4291,207.6,Brivio,Brivio Centro,10.897,1.58
CELL_03022,45.7505,9.4304,212.6,Brivio,Brivio Centro,13.325,1.93
CELL_03023,45.7505,9.4317,208.9,Brivio,Brivio Centro,15.92,2.31
CELL_03024,45.7505,9.433,203.6,Brivio,Brivio Centro,18.657,2.71
CELL_03025,45.7505,9.4343,210.4,Brivio,Brivio Centro,22.185,3.22
CELL_03026,45.7505,9.4356,211.8,Brivio,Brivio Centro,25.864,3.75
CELL_03027,45.7505,9.4369,205.3,Brivio,Brivio Centro,30.12,4.37
CELL_03028,45.7505,9.4382,213.9,Brivio,Brivio Centro,34.401,4.99
CELL_03029,45.7505,9.4395,212.5,Brivio,Brivio Centro,38.349,5.56
CELL_03030,45.7505,9.4408,210.7,Brivio,Brivio Centro,41.726,6.05
CELL_03031,45.7505,9.4421,212.8,Brivio,Brivio Centro,44.602,6.47
CELL_03032,45.7505,9.4434,209.7,Brivio,Brivio Centro,46.234,6.71
CELL_03033,45.7505,9.4447,208.8,Brivio,Brivio Centro,46.459,6.74
CELL_03034,45.7505,9.446,211.0,Brivio,Brivio Centro,45.202,6.56
CELL_03035,45.7505,9.4473,217.2,Brivio,Brivio Centro,42.419,6.15
CELL_03036,45.7505,9.4486,207.2,Brivio,Brivio Centro,39.206,5.69
CELL_03037,45.7505,9.4499,215.6,Brivio,Brivio Centro,35.132,5.1
CELL_03038,45.7505,9.4512,213.7,Brivio,Brivio Centro,30.832,4.47
CELL_03039,45.7505,9.4525,212.4,Brivio,Brivio Centro,26.882,3.9
CELL_03040,45.7505,9.4538,208.8,Brivio,Brivio Centro,23.08,3.35
CELL_03041,45.7505,9.4551,210.2,Brivio,Brivio Centro,19.618,2.85
CELL_03042,45.7505,9.4564,211.6,Brivio,Brivio Centro,16.657,2.42
CELL_03043,45.7505,9.4577,216.8,Brivio,Brivio Centro,13.796,2.0
CELL_03044,45.7505,9.459,210.8,Brivio,Brivio Centro,11.287,1.64
CELL_03045,45.7514,9.355,383.4,La Valletta Brianza,Perego,11.67,2.55
CELL_03046,45.7514,9.3563,378.3,La Valletta Brianza,Perego,13.286,2.9
CELL_03047,45.7514,9.3576,369.9,La Valletta Brianza,Perego,15.315,3.35
CELL_03048,45.7514,9.3589,379.8,La Valletta Brianza,Perego,16.868,3.69
CELL_03049,45.7514,9.3602,371.9,La Valletta Brianza,Perego,18.255,3.99
CELL_03050,45.7514,9.3615,377.2,La Valletta Brianza,Perego,19.092,4.17
CELL_03051,45.7514,9.3628,375.2,La Valletta Brianza,Perego,20.165,4.41
CELL_03052,45.7514,9.3641,377.0,La Valletta Brianza,Perego,20.354,4.45
CELL_03053,45.7514,9.3654,371.2,Santa Maria Hoè,Santa Maria Hoè Centro,18.719,5.55
CELL_03054,45.7514,9.3667,370.5,Santa Maria Hoè,Santa Maria Hoè Centro,21.546,6.39
CELL_03055,45.7514,9.368,414.5,Santa Maria Hoè,Trebbia,7.529,2.23
CELL_03056,45.7514,9.3693,410.5,Santa Maria Hoè,Trebbia,8.888,2.64
CELL_03057,45.7514,9.3706,414.2,Santa Maria Hoè,Trebbia,10.904,3.24
CELL_03058,45.7514,9.3719,414.6,Santa Maria Hoè,Trebbia,13.301,3.95
CELL_03059,45.7514,9.3732,412.2,Santa Maria Hoè,Trebbia,15.671,4.65
CELL_03060,45.7514,9.3745,413.1,Santa Maria Hoè,Trebbia,18.564,5.51
CELL_03061,45.7514,9.3758,413.3,Santa Maria Hoè,Trebbia,21.022,6.24
CELL_03062,45.7514,9.3771,409.9,Santa Maria Hoè,Trebbia,21.873,6.49
CELL_03063,45.7514,9.3784,411.3,Santa Maria Hoè,Trebbia,20.687,6.14
CELL_03064,45.7514,9.3797,414.1,Santa Maria Hoè,Trebbia,18.423,5.47
CELL_03065,45.7514,9.381,410.2,Santa Maria Hoè,Trebbia,15.912,4.72
CELL_03066,45.7514,9.3823,415.6,Santa Maria Hoè,Trebbia,13.315,3.95
CELL_03067,45.7514,9.3836,411.0,Santa Maria Hoè,Trebbia,11.081,3.29
CELL_03068,45.7514,9.3849,409.4,Santa Maria Hoè,Trebbia,8.788,2.61
CELL_03069,45.7514,9.3862,416.5,Santa Maria Hoè,Trebbia,7.356,2.18
CELL_03070,45.7514,9.3875,413.3,Santa Maria Hoè,Trebbia,5.976,1.77
CELL_03071,45.7514,9.3888,409.4,Santa Maria Hoè,Trebbia,5.091,1.51
CELL_03072,45.7514,9.3901,407.7,Santa Maria Hoè,Trebbia,3.832,1.14
CELL_03073,45.7514,9.3914,335.6,Olgiate Molgora,Monticello,4.861,1.08
CELL_03074,45.7514,9.3927,342.3,Olgiate Molgora,Monticello,4.719,1.05
CELL_03075,45.7514,9.394,337.0,Olgiate Molgora,Monticello,4.67,1.04
CELL_03076,45.7514,9.3953,339.8,Olgiate Molgora,Monticello,4.24,0.94
CELL_03077,45.7514,9.3966,345.3,Olgiate Molgora,Monticello,4.146,0.92
CELL_03078,45.7514,9.3979,341.3,Olgiate Molgora,Monticello,3.964,0.88
CELL_03079,45.7514,9.3992,345.4,Olgiate Molgora,Monticello,3.534,0.79
CELL_03080,45.7514,9.4005,343.2,Olgiate Molgora,Monticello,3.102,0.69
CELL_03081,45.7514,9.4018,341.8,Olgiate Molgora,Monticello,2.834,0.63
CELL_03082,45.7514,9.4031,344.9,Olgiate Molgora,Monticello,2.595,0.58
CELL_03083,45.7514,9.4304,209.6,Brivio,Brivio Centro,11.513,1.67
CELL_03084,45.7514,9.4317,208.3,Brivio,Brivio Centro,13.827,2.01
CELL_03085,45.7514,9.433,208.0,Brivio,Brivio Centro,16.189,2.35
CELL_03086,45.7514,9.4343,209.3,Brivio,Brivio Centro,19.012,2.76
CELL_03087,45.7514,9.4356,211.8,Brivio,Brivio Centro,22.133,3.21
CELL_03088,45.7514,9.4369,213.7,Brivio,Brivio Centro,25.402,3.68
CELL_03089,45.7514,9.4382,208.7,Brivio,Brivio Centro,28.407,4.12
CELL_03090,45.7514,9.4395,211.9,Brivio,Brivio Centro,31.595,4.58
CELL_03091,45.7514,9.4408,212.3,Brivio,Brivio Centro,34.185,4.96
CELL_03092,45.7514,9.4421,204.8,Brivio,Brivio Centro,36.116,5.24
CELL_03093,45.7514,9.4434,211.9,Brivio,Brivio Centro,37.392,5.42
CELL_03094,45.7514,9.4447,213.6,Brivio,Brivio Centro,37.171,5.39
CELL_03095,45.7514,9.446,206.0,Brivio,Brivio Centro,36.277,5.26
CELL_03096,45.7514,9.4473,212.1,Brivio,Brivio Centro,34.81,5.05
CELL_03097,45.7514,9.4486,208.0,Brivio,Brivio Centro,32.029,4.65
CELL_03098,45.7514,9.4499,207.3,Brivio,Brivio Centro,29.147,4.23
CELL_03099,45.7514,9.4512,213.3,Brivio,Brivio Centro,26.043,3.78
CELL_03100,45.7514,9.4525,210.6,Brivio,Brivio Centro,22.662,3.29
CELL_03101,45.7514,9.4538,212.9,Brivio,Brivio Centro,19.608,2.84
CELL_03102,45.7514,9.4551,208.4,Brivio,Brivio Centro,16.972,2.46
CELL_03103,45.7514,9.4564,207.6,Brivio,Brivio Centro,14.59,2.12
CELL_03104,45.7514,9.4577,206.4,Brivio,Brivio Centro,12.113,1.76
CELL_03105,45.7523,9.355,375.8,La Valletta Brianza,Perego,9.886,2.16
CELL_03106,45.7523,9.3563,376.4,La Valletta Brianza,Perego,11.453,2.5
CELL_03107,45.7523,9.3576,376.7,La Valletta Brianza,Perego,12.598,2.75
CELL_03108,45.7523,9.3589,379.9,La Valletta Brianza,Perego,13.895,3.04
CELL_03109,45.7523,9.3602,375.8,La Valletta Brianza,Perego,14.91,3.26
CELL_03110,45.7523,9.3615,375.6,La Valletta Brianza,Perego,15.456,3.38
CELL_03111,45.7523,9.3628,376.7,La Valletta Brianza,Perego,16.297,3.56
CELL_03112,45.7523,9.3641,374.1,La Valletta Brianza,Perego,16.43,3.59
CELL_03113,45.7523,9.3654,371.9,Santa Maria Hoè,Santa Maria Hoè Centro,15.929,4.73
CELL_03114,45.7523,9.3667,408.5,Santa Maria Hoè,Trebbia,5.571,1.65
CELL_03115,45.7523,9.368,418.6,Santa Maria Hoè,Trebbia,6.604,1.96
CELL_03116,45.7523,9.3693,411.6,Santa Maria Hoè,Trebbia,8.236,2.44
CELL_03117,45.7523,9.3706,405.4,Santa Maria Hoè,Trebbia,9.809,2.91
CELL_03118,45.7523,9.3719,408.4,Santa Maria Hoè,Trebbia,11.547,3.43
CELL_03119,45.7523,9.3732,411.9,Santa Maria Hoè,Trebbia,13.487,4.0
CELL_03120,45.7523,9.3745,411.1,Santa Maria Hoè,Trebbia,15.423,4.58
CELL_03121,45.7523,9.3758,406.8,Santa Maria Hoè,Trebbia,16.967,5.03
CELL_03122,45.7523,9.3771,416.0,Santa Maria Hoè,Trebbia,17.634,5.23
CELL_03123,45.7523,9.3784,409.2,Santa Maria Hoè,Trebbia,16.909,5.02
CELL_03124,45.7523,9.3797,409.8,Santa Maria Hoè,Trebbia,15.706,4.66
CELL_03125,45.7523,9.381,410.7,Santa Maria Hoè,Trebbia,13.848,4.11
CELL_03126,45.7523,9.3823,415.1,Santa Maria Hoè,Trebbia,11.682,3.47
CELL_03127,45.7523,9.3836,412.2,Santa Maria Hoè,Trebbia,9.759,2.9
CELL_03128,45.7523,9.3849,405.3,Santa Maria Hoè,Trebbia,8.085,2.4
CELL_03129,45.7523,9.3862,412.8,Santa Maria Hoè,Trebbia,6.956,2.06
CELL_03130,45.7523,9.3875,407.4,Santa Maria Hoè,Trebbia,5.758,1.71
CELL_03131,45.7523,9.3888,407.1,Santa Maria Hoè,Trebbia,4.455,1.32
CELL_03132,45.7523,9.3901,413.3,Santa Maria Hoè,Trebbia,3.93,1.17
CELL_03133,45.7523,9.3914,341.9,Olgiate Molgora,Monticello,4.0,0.89
CELL_03134,45.7523,9.3927,339.8,Olgiate Molgora,Monticello,3.755,0.84
CELL_03135,45.7523,9.394,347.2,Olgiate Molgora,Monticello,3.626,0.81
CELL_03136,45.7523,9.3953,344.8,Olgiate Molgora,Monticello,3.717,0.83
CELL_03137,45.7523,9.3966,341.1,Olgiate Molgora,Monticello,3.564,0.79
CELL_03138,45.7523,9.3979,344.2,Olgiate Molgora,Monticello,3.414,0.76
CELL_03139,45.7523,9.3992,339.4,Olgiate Molgora,Monticello,3.128,0.7
CELL_03140,45.7523,9.4005,341.0,Olgiate Molgora,Monticello,2.622,0.58
CELL_03141,45.7523,9.4018,343.5,Olgiate Molgora,Monticello,2.361,0.53
CELL_03142,45.7523,9.4317,212.9,Brivio,Brivio Centro,12.126,1.76
CELL_03143,45.7523,9.433,204.8,Brivio,Brivio Centro,13.931,2.02
CELL_03144,45.7523,9.4343,214.7,Brivio,Brivio Centro,16.19,2.35
CELL_03145,45.7523,9.4356,207.1,Brivio,Brivio Centro,18.738,2.72
CELL_03146,45.7523,9.4369,217.0,Brivio,Brivio Centro,21.221,3.08
CELL_03147,45.7523,9.4382,211.5,Brivio,Brivio Centro,23.388,3.39
CELL_03148,45.7523,9.4395,211.8,Brivio,Brivio Centro,25.588,3.71
CELL_03149,45.7523,9.4408,201.3,Brivio,Brivio Centro,27.533,3.99
CELL_03150,45.7523,9.4421,207.5,Brivio,Brivio Centro,29.198,4.23
CELL_03151,45.7523,9.4434,208.1,Brivio,Brivio Centro,29.947,4.34
CELL_03152,45.7523,9.4447,209.5,Brivio,Brivio Centro,29.847,4.33
CELL_03153,45.7523,9.446,206.0,Brivio,Brivio Centro,29.572,4.29
CELL_03154,45.7523,9.4473,212.5,Brivio,Brivio Centro,28.158,4.08
CELL_03155,45.7523,9.4486,209.5,Brivio,Brivio Centro,26.438,3.83
CELL_03156,45.7523,9.4499,208.7,Brivio,Brivio Centro,24.157,3.5
CELL_03157,45.7523,9.4512,213.2,Brivio,Brivio Centro,21.799,3.16
CELL_03158,45.7523,9.4525,212.7,Brivio,Brivio Centro,19.024,2.76
CELL_03159,45.7523,9.4538,209.6,Brivio,Brivio Centro,16.654,2.42
CELL_03160,45.7523,9.4551,204.9,Brivio,Brivio Centro,14.699,2.13
CELL_03161,45.7523,9.4564,211.1,Brivio,Brivio Centro,12.627,1.83
CELL_03162,45.7523,9.4577,213.2,Brivio,Brivio Centro,10.706,1.55
CELL_03163,45.7532,9.355,377.4,La Valletta Brianza,Perego,8.229,1.8
CELL_03164,45.7532,9.3563,381.9,La Valletta Brianza,Perego,9.386,2.05
CELL_03165,45.7532,9.3576,375.4,La Valletta Brianza,Perego,10.184,2.22
CELL_03166,45.7532,9.3589,383.4,La Valletta Brianza,Perego,11.293,2.47
CELL_03167,45.7532,9.3602,382.2,La Valletta Brianza,Perego,11.895,2.6
CELL_03168,45.7532,9.3615,373.4,La Valletta Brianza,Perego,12.639,2.76
CELL_03169,45.7532,9.3628,377.9,La Valletta Brianza,Perego,13.158,2.87
CELL_03170,45.7532,9.3641,412.2,Santa Maria Hoè,Trebbia,3.465,1.03
CELL_03171,45.7532,9.3654,412.4,Santa Maria Hoè,Trebbia,4.148,1.23
CELL_03172,45.7532,9.3667,413.3,Santa Maria Hoè,Trebbia,5.09,1.51
CELL_03173,45.7532,9.368,412.0,Santa Maria Hoè,Trebbia,6.224,1.85
CELL_03174,45.7532,9.3693,405.5,Santa Maria Hoè,Trebbia,7.451,2.21
CELL_03175,45.7532,9.3706,409.9,Santa Maria Hoè,Trebbia,8.545,2.54
CELL_03176,45.7532,9.3719,415.5,Santa Maria Hoè,Trebbia,10.116,3.0
CELL_03177,45.7532,9.3732,411.3,Santa Maria Hoè,Trebbia,11.364,3.37
CELL_03178,45.7532,9.3745,410.4,Santa Maria Hoè,Trebbia,13.04,3.87
CELL_03179,45.7532,9.3758,414.5,Santa Maria Hoè,Trebbia,13.842,4.11
CELL_03180,45.7532,9.3771,415.1,Santa Maria Hoè,Trebbia,14.236,4.22
CELL_03181,45.7532,9.3784,416.0,Santa Maria Hoè,Trebbia,13.609,4.04
CELL_03182,45.7532,9.3797,417.0,Santa Maria Hoè,Trebbia,12.654,3.75
CELL_03183,45.7532,9.381,416.1,Santa Maria Hoè,Trebbia,11.424,3.39
CELL_03184,45.7532,9.3823,411.3,Santa Maria Hoè,Trebbia,9.883,2.93
CELL_03185,45.7532,9.3836,411.7,Santa Maria Hoè,Trebbia,8.488,2.52
CELL_03186,45.7532,9.3849,414.8,Santa Maria Hoè,Trebbia,7.212,2.14
CELL_03187,45.7532,9.3862,411.7,Santa Maria Hoè,Trebbia,6.152,1.83
CELL_03188,45.7532,9.3875,411.2,Santa Maria Hoè,Trebbia,4.987,1.48
CELL_03189,45.7532,9.3888,416.0,Santa Maria Hoè,Trebbia,4.215,1.25
CELL_03190,45.7532,9.3901,411.2,Santa Maria Hoè,Trebbia,3.406,1.01
CELL_03191,45.7532,9.3914,409.5,Santa Maria Hoè,Trebbia,2.964,0.88
CELL_03192,45.7532,9.3927,341.4,Olgiate Molgora,Monticello,3.264,0.73
CELL_03193,45.7532,9.394,341.2,Olgiate Molgora,Monticello,3.096,0.69
CELL_03194,45.7532,9.3953,342.6,Olgiate Molgora,Monticello,2.98,0.66
CELL_03195,45.7532,9.3966,341.1,Olgiate Molgora,Monticello,2.848,0.63
CELL_03196,45.7532,9.3979,341.3,Olgiate Molgora,Monticello,2.781,0.62
CELL_03197,45.7532,9.3992,347.4,Olgiate Molgora,Monticello,2.447,0.54
CELL_03198,45.7532,9.433,211.7,Brivio,Brivio Centro,11.828,1.72
CELL_03199,45.7532,9.4343,205.6,Brivio,Brivio Centro,13.781,2.0
CELL_03200,45.7532,9.4356,212.2,Brivio,Brivio Centro,15.724,2.28
CELL_03201,45.7532,9.4369,213.2,Brivio,Brivio Centro,17.486,2.54
CELL_03202,45.7532,9.4382,211.8,Brivio,Brivio Centro,19.165,2.78
CELL_03203,45.7532,9.4395,209.5,Brivio,Brivio Centro,21.052,3.05
CELL_03204,45.7532,9.4408,210.1,Brivio,Brivio Centro,22.559,3.27
CELL_03205,45.7532,9.4421,207.0,Brivio,Brivio Centro,23.613,3.42
CELL_03206,45.7532,9.4434,215.3,Brivio,Brivio Centro,24.21,3.51
CELL_03207,45.7532,9.4447,217.3,Brivio,Brivio Centro,24.142,3.5
CELL_03208,45.7532,9.446,209.8,Brivio,Brivio Centro,23.807,3.45
CELL_03209,45.7532,9.4473,208.1,Brivio,Brivio Centro,22.777,3.3
CELL_03210,45.7532,9.4486,214.0,Brivio,Brivio Centro,21.221,3.08
CELL_03211,45.7532,9.4499,207.9,Brivio,Brivio Centro,19.687,2.86
CELL_03212,45.7532,9.4512,207.4,Brivio,Brivio Centro,17.925,2.6
CELL_03213,45.7532,9.4525,213.8,Brivio,Brivio Centro,16.105,2.34
CELL_03214,45.7532,9.4538,214.0,Brivio,Brivio Centro,14.122,2.05
CELL_03215,45.7532,9.4551,210.7,Brivio,Brivio Centro,12.556,1.82
CELL_03216,45.7532,9.4564,206.9,Brivio,Brivio Centro,10.54,1.53
CELL_03217,45.7541,9.3563,369.6,La Valletta Brianza,Perego,7.713,1.69
CELL_03218,45.7541,9.3576,379.3,La Valletta Brianza,Perego,8.696,1.9
CELL_03219,45.7541,9.3589,374.7,La Valletta Brianza,Perego,9.012,1.97
CELL_03220,45.7541,9.3602,373.8,La Valletta Brianza,Perego,9.808,2.14
CELL_03221,45.7541,9.3615,377.7,La Valletta Brianza,Perego,10.247,2.24
CELL_03222,45.7541,9.3628,380.7,La Valletta Brianza,Perego,10.442,2.28
CELL_03223,45.7541,9.3641,414.1,Santa Maria Hoè,Trebbia,3.062,0.91
CELL_03224,45.7541,9.3654,414.0,Santa Maria Hoè,Trebbia,3.823,1.13
CELL_03225,45.7541,9.3667,410.0,Santa Maria Hoè,Trebbia,4.416,1.31
CELL_03226,45.7541,9.368,408.9,Santa Maria Hoè,Trebbia,5.434,1.61
CELL_03227,45.7541,9.3693,411.9,Santa Maria Hoè,Trebbia,6.342,1.88
CELL_03228,45.7541,9.3706,411.5,Santa Maria Hoè,Trebbia,7.518,2.23
CELL_03229,45.7541,9.3719,411.2,Santa Maria Hoè,Trebbia,8.527,2.53
CELL_03230,45.7541,9.3732,411.8,Santa Maria Hoè,Trebbia,9.438,2.8
CELL_03231,45.7541,9.3745,407.3,Santa Maria Hoè,Trebbia,10.698,3.17
CELL_03232,45.7541,9.3758,403.8,Santa Maria Hoè,Trebbia,11.272,3.34
CELL_03233,45.7541,9.3771,410.7,Santa Maria Hoè,Trebbia,11.287,3.35
CELL_03234,45.7541,9.3784,412.9,Santa Maria Hoè,Trebbia,11.236,3.33
CELL_03235,45.7541,9.3797,414.9,Santa Maria Hoè,Trebbia,10.601,3.15
CELL_03236,45.7541,9.381,412.6,Santa Maria Hoè,Trebbia,9.634,2.86
CELL_03237,45.7541,9.3823,410.2,Santa Maria Hoè,Trebbia,8.612,2.56
CELL_03238,45.7541,9.3836,410.5,Santa Maria Hoè,Trebbia,7.442,2.21
CELL_03239,45.7541,9.3849,413.8,Santa Maria Hoè,Trebbia,6.367,1.89
CELL_03240,45.7541,9.3862,407.5,Santa Maria Hoè,Trebbia,5.283,1.57
CELL_03241,45.7541,9.3875,414.1,Santa Maria Hoè,Trebbia,4.669,1.39
CELL_03242,45.7541,9.3888,410.5,Santa Maria Hoè,Trebbia,3.874,1.15
CELL_03243,45.7541,9.3901,409.1,Santa Maria Hoè,Trebbia,3.118,0.93
CELL_03244,45.7541,9.3914,410.2,Santa Maria Hoè,Trebbia,2.747,0.82
CELL_03245,45.7541,9.3927,411.7,Santa Maria Hoè,Trebbia,2.061,0.61
CELL_03246,45.7541,9.394,341.6,Olgiate Molgora,Monticello,2.59,0.58
CELL_03247,45.7541,9.3953,339.8,Olgiate Molgora,Monticello,2.457,0.55
CELL_03248,45.7541,9.3966,341.0,Olgiate Molgora,Monticello,2.495,0.55
CELL_03249,45.7541,9.4343,211.1,Brivio,Brivio Centro,11.469,1.66
CELL_03250,45.7541,9.4356,210.9,Brivio,Brivio Centro,12.851,1.86
CELL_03251,45.7541,9.4369,216.2,Brivio,Brivio Centro,14.625,2.12
CELL_03252,45.7541,9.4382,205.6,Brivio,Brivio Centro,15.779,2.29
CELL_03253,45.7541,9.4395,206.8,Brivio,Brivio Centro,17.26,2.5
CELL_03254,45.7541,9.4408,210.3,Brivio,Brivio Centro,18.092,2.62
CELL_03255,45.7541,9.4421,211.4,Brivio,Brivio Centro,19.005,2.76
CELL_03256,45.7541,9.4434,207.7,Brivio,Brivio Centro,19.467,2.82
CELL_03257,45.7541,9.4447,212.3,Brivio,Brivio Centro,19.258,2.79
CELL_03258,45.7541,9.446,207.0,Brivio,Brivio Centro,18.972,2.75
CELL_03259,45.7541,9.4473,214.7,Brivio,Brivio Centro,18.39,2.67
CELL_03260,45.7541,9.4486,203.8,Brivio,Brivio Centro,17.485,2.54
CELL_03261,45.7541,9.4499,213.3,Brivio,Brivio Centro,16.252,2.36
CELL_03262,45.7541,9.4512,211.6,Brivio,Brivio Centro,14.739,2.14
CELL_03263,45.7541,9.4525,210.9,Brivio,Brivio Centro,13.212,1.92
CELL_03264,45.7541,9.4538,210.5,Brivio,Brivio Centro,11.99,1.74
CELL_03265,45.7541,9.4551,208.3,Brivio,Brivio Centro,10.404,1.51
CELL_03266,45.755,9.3589,378.9,La Valletta Brianza,Perego,7.492,1.64
CELL_03267,45.755,9.3602,378.2,La Valletta Brianza,Perego,7.941,1.73
CELL_03268,45.755,9.3615,376.7,La Valletta Brianza,Perego,8.363,1.83
CELL_03269,45.755,9.3628,411.0,Santa Maria Hoè,Trebbia,2.407,0.71
CELL_03270,45.755,9.3641,407.4,Santa Maria Hoè,Trebbia,2.786,0.83
CELL_03271,45.755,9.3654,413.5,Santa Maria Hoè,Trebbia,3.397,1.01
CELL_03272,45.755,9.3667,408.7,Santa Maria Hoè,Trebbia,4.206,1.25
CELL_03273,45.755,9.368,409.5,Santa Maria Hoè,Trebbia,4.874,1.45
CELL_03274,45.755,9.3693,412.6,Santa Maria Hoè,Trebbia,5.649,1.68
CELL_03275,45.755,9.3706,412.7,Santa Maria Hoè,Trebbia,6.488,1.92
CELL_03276,45.755,9.3719,414.5,Santa Maria Hoè,Trebbia,7.185,2.13
CELL_03277,45.755,9.3732,408.6,Santa Maria Hoè,Trebbia,7.889,2.34
CELL_03278,45.755,9.3745,407.4,Santa Maria Hoè,Trebbia,8.586,2.55
CELL_03279,45.755,9.3758,412.9,Santa Maria Hoè,Trebbia,9.233,2.74
CELL_03280,45.755,9.3771,409.2,Santa Maria Hoè,Trebbia,9.222,2.74
CELL_03281,45.755,9.3784,413.3,Santa Maria Hoè,Trebbia,9.144,2.71
CELL_03282,45.755,9.3797,408.4,Santa Maria Hoè,Trebbia,8.571,2.54
CELL_03283,45.755,9.381,411.1,Santa Maria Hoè,Trebbia,8.066,2.39
CELL_03284,45.755,9.3823,412.2,Santa Maria Hoè,Trebbia,7.376,2.19
CELL_03285,45.755,9.3836,410.7,Santa Maria Hoè,Trebbia,6.285,1.86
CELL_03286,45.755,9.3849,410.8,Santa Maria Hoè,Trebbia,5.478,1.63
CELL_03287,45.755,9.3862,410.8,Santa Maria Hoè,Trebbia,4.61,1.37
CELL_03288,45.755,9.3875,407.4,Santa Maria Hoè,Trebbia,4.105,1.22
CELL_03289,45.755,9.3888,415.3,Santa Maria Hoè,Trebbia,3.451,1.02
CELL_03290,45.755,9.3901,415.3,Santa Maria Hoè,Trebbia,2.842,0.84
CELL_03291,45.755,9.3914,415.7,Santa Maria Hoè,Trebbia,2.641,0.78
CELL_03292,45.755,9.3927,411.5,Santa Maria Hoè,Trebbia,2.18,0.65
CELL_03293,45.755,9.4356,209.7,Brivio,Brivio Centro,10.628,1.54
CELL_03294,45.755,9.4369,208.0,Brivio,Brivio Centro,12.061,1.75
CELL_03295,45.755,9.4382,209.6,Brivio,Brivio Centro,13.038,1.89
CELL_03296,45.755,9.4395,205.1,Brivio,Brivio Centro,14.098,2.04
CELL_03297,45.755,9.4408,211.8,Brivio,Brivio Centro,14.801,2.15
CELL_03298,45.755,9.4421,210.8,Brivio,Brivio Centro,15.282,2.22
CELL_03299,45.755,9.4434,203.9,Brivio,Brivio Centro,15.572,2.26
CELL_03300,45.755,9.4447,211.7,Brivio,Brivio Centro,15.541,2.25
CELL_03301,45.755,9.446,213.0,Brivio,Brivio Centro,15.302,2.22
CELL_03302,45.755,9.4473,207.3,Brivio,Brivio Centro,14.948,2.17
CELL_03303,45.755,9.4486,212.0,Brivio,Brivio Centro,14.127,2.05
CELL_03304,45.755,9.4499,209.0,Brivio,Brivio Centro,13.286,1.93
CELL_03305,45.755,9.4512,211.8,Brivio,Brivio Centro,12.347,1.79
CELL_03306,45.755,9.4525,216.5,Brivio,Brivio Centro,11.154,1.62
CELL_03307,45.7559,9.3628,410.1,Santa Maria Hoè,Trebbia,2.111,0.63
CELL_03308,45.7559,9.3641,407.2,Santa Maria Hoè,Trebbia,2.433,0.72
CELL_03309,45.7559,9.3654,417.6,Santa Maria Hoè,Trebbia,2.927,0.87
CELL_03310,45.7559,9.3667,412.0,Santa Maria Hoè,Trebbia,3.56,1.06
CELL_03311,45.7559,9.368,415.1,Santa Maria Hoè,Trebbia,4.268,1.27
CELL_03312,45.7559,9.3693,410.5,Santa Maria Hoè,Trebbia,4.907,1.46
CELL_03313,45.7559,9.3706,408.4,Santa Maria Hoè,Trebbia,5.277,1.57
CELL_03314,45.7559,9.3719,410.9,Santa Maria Hoè,Trebbia,5.957,1.77
CELL_03315,45.7559,9.3732,411.5,Santa Maria Hoè,Trebbia,6.625,1.97
CELL_03316,45.7559,9.3745,408.0,Santa Maria Hoè,Trebbia,6.928,2.06
CELL_03317,45.7559,9.3758,409.6,Santa Maria Hoè,Trebbia,7.542,2.24
CELL_03318,45.7559,9.3771,412.1,Santa Maria Hoè,Trebbia,7.588,2.25
CELL_03319,45.7559,9.3784,412.2,Santa Maria Hoè,Trebbia,7.345,2.18
CELL_03320,45.7559,9.3797,418.8,Santa Maria Hoè,Trebbia,6.918,2.05
CELL_03321,45.7559,9.381,412.6,Santa Maria Hoè,Trebbia,6.393,1.9
CELL_03322,45.7559,9.3823,410.0,Santa Maria Hoè,Trebbia,6.166,1.83
CELL_03323,45.7559,9.3836,409.6,Santa Maria Hoè,Trebbia,5.393,1.6
CELL_03324,45.7559,9.3849,410.1,Santa Maria Hoè,Trebbia,4.685,1.39
CELL_03325,45.7559,9.3862,418.6,Santa Maria Hoè,Trebbia,4.027,1.19
CELL_03326,45.7559,9.3875,410.7,Santa Maria Hoè,Trebbia,3.485,1.03
CELL_03327,45.7559,9.3888,412.0,Santa Maria Hoè,Trebbia,2.866,0.85
CELL_03328,45.7559,9.3901,413.3,Santa Maria Hoè,Trebbia,2.595,0.77
CELL_03329,45.7559,9.3914,413.9,Santa Maria Hoè,Trebbia,2.118,0.63
CELL_03330,45.7559,9.4382,216.5,Brivio,Brivio Centro,10.542,1.53
CELL_03331,45.7559,9.4395,215.1,Brivio,Brivio Centro,11.335,1.64
CELL_03332,45.7559,9.4408,207.3,Brivio,Brivio Centro,12.116,1.76
CELL_03333,45.7559,9.4421,207.8,Brivio,Brivio Centro,12.513,1.81
CELL_03334,45.7559,9.4434,212.2,Brivio,Brivio Centro,12.428,1.8
CELL_03335,45.7559,9.4447,212.9,Brivio,Brivio Centro,12.676,1.84
CELL_03336,45.7559,9.446,209.2,Brivio,Brivio Centro,12.389,1.8
CELL_03337,45.7559,9.4473,208.7,Brivio,Brivio Centro,12.051,1.75
CELL_03338,45.7559,9.4486,205.1,Brivio,Brivio Centro,11.671,1.69
CELL_03339,45.7559,9.4499,206.2,Brivio,Brivio Centro,10.619,1.54
CELL_03340,45.7568,9.3628,415.1,Santa Maria Hoè,Trebbia,1.963,0.58
CELL_03341,45.7568,9.3641,413.0,Santa Maria Hoè,Trebbia,2.141,0.64
CELL_03342,45.7568,9.3654,409.8,Santa Maria Hoè,Trebbia,2.763,0.82
CELL_03343,45.7568,9.3667,409.6,Santa Maria Hoè,Trebbia,3.024,0.9
CELL_03344,45.7568,9.368,416.0,Santa Maria Hoè,Trebbia,3.627,1.08
CELL_03345,45.7568,9.3693,414.9,Santa Maria Hoè,Trebbia,3.91,1.16
CELL_03346,45.7568,9.3706,412.0,Santa Maria Hoè,Trebbia,4.54,1.35
CELL_03347,45.7568,9.3719,413.9,Santa Maria Hoè,Trebbia,4.857,1.44
CELL_03348,45.7568,9.3732,410.4,Santa Maria Hoè,Trebbia,5.209,1.55
CELL_03349,45.7568,9.3745,410.0,Santa Maria Hoè,Trebbia,5.568,1.65
CELL_03350,45.7568,9.3758,405.4,Santa Maria Hoè,Trebbia,5.981,1.77
CELL_03351,45.7568,9.3771,413.5,Santa Maria Hoè,Trebbia,6.207,1.84
CELL_03352,45.7568,9.3784,412.3,Santa Maria Hoè,Trebbia,6.144,1.82
CELL_03353,45.7568,9.3797,410.8,Santa Maria Hoè,Trebbia,5.74,1.7
CELL_03354,45.7568,9.381,405.3,Santa Maria Hoè,Trebbia,5.343,1.59
CELL_03355,45.7568,9.3823,409.9,Santa Maria Hoè,Trebbia,5.145,1.53
CELL_03356,45.7568,9.3836,412.8,Santa Maria Hoè,Trebbia,4.327,1.28
CELL_03357,45.7568,9.3849,411.9,Santa Maria Hoè,Trebbia,4.175,1.24
CELL_03358,45.7568,9.3862,413.5,Santa Maria Hoè,Trebbia,3.708,1.1
CELL_03359,45.7568,9.3875,412.4,Santa Maria Hoè,Trebbia,3.264,0.97
CELL_03360,45.7568,9.3888,408.2,Santa Maria Hoè,Trebbia,2.758,0.82
CELL_03361,45.7568,9.3901,410.0,Santa Maria Hoè,Trebbia,2.358,0.7
CELL_03362,45.7568,9.3914,416.9,Santa Maria Hoè,Trebbia,1.799,0.53
CELL_03363,45.7577,9.3641,417.3,Santa Maria Hoè,Trebbia,1.978,0.59
CELL_03364,45.7577,9.3654,409.4,Santa Maria Hoè,Trebbia,2.45,0.73
CELL_03365,45.7577,9.3667,418.0,Santa Maria Hoè,Trebbia,2.674,0.79
CELL_03366,45.7577,9.368,417.3,Santa Maria Hoè,Trebbia,3.212,0.95
CELL_03367,45.7577,9.3693,409.2,Santa Maria Hoè,Trebbia,3.597,1.07
CELL_03368,45.7577,9.3706,409.3,Santa Maria Hoè,Trebbia,3.679,1.09
CELL_03369,45.7577,9.3719,411.7,Santa Maria Hoè,Trebbia,4.269,1.27
CELL_03370,45.7577,9.3732,410.3,Santa Maria Hoè,Trebbia,4.545,1.35
CELL_03371,45.7577,9.3745,408.0,Santa Maria Hoè,Trebbia,4.695,1.39
CELL_03372,45.7577,9.3758,414.2,Santa Maria Hoè,Trebbia,5.032,1.49
CELL_03373,45.7577,9.3771,410.0,Santa Maria Hoè,Trebbia,5.103,1.51
CELL_03374,45.7577,9.3784,413.5,Santa Maria Hoè,Trebbia,4.85,1.44
CELL_03375,45.7577,9.3797,408.4,Santa Maria Hoè,Trebbia,4.727,1.4
CELL_03376,45.7577,9.381,411.2,Santa Maria Hoè,Trebbia,4.34,1.29
CELL_03377,45.7577,9.3823,414.7,Santa Maria Hoè,Trebbia,4.265,1.27
CELL_03378,45.7577,9.3836,414.6,Santa Maria Hoè,Trebbia,3.688,1.09
CELL_03379,45.7577,9.3849,412.6,Santa Maria Hoè,Trebbia,3.514,1.04
CELL_03380,45.7577,9.3862,413.9,Santa Maria Hoè,Trebbia,3.19,0.95
CELL_03381,45.7577,9.3875,411.9,Santa Maria Hoè,Trebbia,2.644,0.78
CELL_03382,45.7577,9.3888,409.4,Santa Maria Hoè,Trebbia,2.508,0.74
CELL_03383,45.7577,9.3901,413.5,Santa Maria Hoè,Trebbia,2.189,0.65
CELL_03384,45.7586,9.3654,422.6,Santa Maria Hoè,Trebbia,2.037,0.6
CELL_03385,45.7586,9.3667,413.6,Santa Maria Hoè,Trebbia,2.411,0.72
CELL_03386,45.7586,9.368,411.3,Santa Maria Hoè,Trebbia,2.501,0.74
CELL_03387,45.7586,9.3693,417.8,Santa Maria Hoè,Trebbia,2.957,0.88
CELL_03388,45.7586,9.3706,414.9,Santa Maria Hoè,Trebbia,3.102,0.92
CELL_03389,45.7586,9.3719,412.4,Santa Maria Hoè,Trebbia,3.454,1.02
CELL_03390,45.7586,9.3732,411.4,Santa Maria Hoè,Trebbia,3.794,1.13
CELL_03391,45.7586,9.3745,413.5,Santa Maria Hoè,Trebbia,3.941,1.17
CELL_03392,45.7586,9.3758,416.7,Santa Maria Hoè,Trebbia,3.863,1.15
CELL_03393,45.7586,9.3771,415.1,Santa Maria Hoè,Trebbia,4.15,1.23
CELL_03394,45.7586,9.3784,408.2,Santa Maria Hoè,Trebbia,3.769,1.12
CELL_03395,45.7586,9.3797,415.9,Santa Maria Hoè,Trebbia,3.787,1.12
CELL_03396,45.7586,9.381,412.4,Santa Maria Hoè,Trebbia,3.726,1.11
CELL_03397,45.7586,9.3823,409.0,Santa Maria Hoè,Trebbia,3.391,1.01
CELL_03398,45.7586,9.3836,413.6,Santa Maria Hoè,Trebbia,3.174,0.94
CELL_03399,45.7586,9.3849,414.2,Santa Maria Hoè,Trebbia,2.75,0.82
CELL_03400,45.7586,9.3862,408.8,Santa Maria Hoè,Trebbia,2.448,0.73
CELL_03401,45.7586,9.3875,413.0,Santa Maria Hoè,Trebbia,2.119,0.63
CELL_03402,45.7586,9.3888,412.8,Santa Maria Hoè,Trebbia,2.011,0.6
CELL_03403,45.7595,9.368,409.1,Santa Maria Hoè,Trebbia,2.291,0.68
CELL_03404,45.7595,9.3693,414.9,Santa Maria Hoè,Trebbia,2.425,0.72
CELL_03405,45.7595,9.3706,414.6,Santa Maria Hoè,Trebbia,2.816,0.84
CELL_03406,45.7595,9.3719,413.6,Santa Maria Hoè,Trebbia,2.989,0.89
CELL_03407,45.7595,9.3732,413.8,Santa Maria Hoè,Trebbia,2.847,0.84
CELL_03408,45.7595,9.3745,414.4,Santa Maria Hoè,Trebbia,3.278,0.97
CELL_03409,45.7595,9.3758,411.7,Santa Maria Hoè,Trebbia,3.254,0.97
CELL_03410,45.7595,9.3771,410.7,Santa Maria Hoè,Trebbia,3.431,1.02
CELL_03411,45.7595,9.3784,409.8,Santa Maria Hoè,Trebbia,3.124,0.93
CELL_03412,45.7595,9.3797,402.9,Santa Maria Hoè,Trebbia,3.046,0.9
CELL_03413,45.7595,9.381,410.6,Santa Maria Hoè,Trebbia,2.887,0.86
CELL_03414,45.7595,9.3823,412.9,Santa Maria Hoè,Trebbia,2.857,0.85
CELL_03415,45.7595,9.3836,410.6,Santa Maria Hoè,Trebbia,2.611,0.77
CELL_03416,45.7595,9.3849,413.6,Santa Maria Hoè,Trebbia,2.249,0.67
CELL_03417,45.7595,9.3862,414.1,Santa Maria Hoè,Trebbia,2.24,0.66
