cell_id,lat,lon,elevation_m,comune,frazione,pop_raw,pop_calibrated,nearest_stop_id,nearest_stop_dist_m,walk_min_std,walk_min_slope
CELL_00001,45.71,9.4174,264.4,Calco,Arlate,5.058,0.98,S_ARLATE,1681.9,21.02,21.05
CELL_00002,45.71,9.4187,261.1,Calco,Arlate,5.898,1.14,S_ARLATE,1576.2,19.7,19.87
CELL_00003,45.71,9.42,268.9,Calco,Arlate,7.075,1.37,S_ARLATE,1473.7,18.42,18.25
CELL_00004,45.71,9.4213,257.5,Calco,Arlate,8.333,1.61,S_ARLATE,1375.1,17.19,17.52
CELL_00005,45.71,9.4226,261.9,Calco,Arlate,9.972,1.93,S_ARLATE,1281.4,16.02,16.15
CELL_00006,45.71,9.4239,263.9,Calco,Arlate,11.558,2.23,S_ARLATE,1193.7,14.92,14.97
CELL_00007,45.71,9.4252,269.8,Calco,Arlate,13.141,2.54,S_ARLATE,1113.4,13.92,13.71
CELL_00008,45.71,9.4265,258.5,Calco,Arlate,15.049,2.91,S_ARLATE,1042.3,13.03,13.32
CELL_00009,45.71,9.4278,265.3,Calco,Arlate,16.724,3.23,S_ARLATE,982.3,12.28,12.27
CELL_00010,45.71,9.4291,260.8,Calco,Arlate,17.902,3.46,S_ARLATE,935.6,11.7,11.88
CELL_00011,45.71,9.4304,262.5,Calco,Arlate,18.986,3.67,S_ARLATE,904.3,11.3,11.41
CELL_00012,45.71,9.4317,265.0,Calco,Arlate,19.451,3.76,S_ARLATE,890.0,11.12,11.12
CELL_00013,45.71,9.433,260.9,Calco,Arlate,19.628,3.79,S_ARLATE,893.4,11.17,11.35
CELL_00014,45.71,9.4343,260.8,Calco,Arlate,18.766,3.63,S_ARLATE,914.4,11.43,11.62
CELL_00015,45.71,9.4356,263.7,Calco,Arlate,17.661,3.41,S_ARLATE,951.9,11.9,11.96
CELL_00016,45.71,9.4369,265.6,Calco,Arlate,16.002,3.09,S_ARLATE,1003.9,12.55,12.52
CELL_00017,45.71,9.4382,263.1,Calco,Arlate,14.371,2.78,S_ARLATE,1068.4,13.36,13.44
CELL_00018,45.71,9.4395,262.6,Calco,Arlate,12.464,2.41,S_ARLATE,1143.3,14.29,14.4
CELL_00019,45.71,9.4408,266.5,Calco,Arlate,11.04,2.13,S_ARLATE,1226.6,15.33,15.27
CELL_00020,45.71,9.4421,256.1,Calco,Arlate,9.456,1.83,S_ARLATE,1316.8,16.46,16.85
CELL_00021,45.71,9.4434,265.3,Calco,Arlate,7.748,1.5,S_ARLATE,1412.5,17.66,17.64
CELL_00022,45.71,9.4447,263.1,Calco,Arlate,6.872,1.33,S_ARLATE,1512.7,18.91,18.99
CELL_00023,45.71,9.446,264.2,Calco,Arlate,5.544,1.07,S_ARLATE,1616.5,20.21,20.24
CELL_00024,45.71,9.4473,265.3,Calco,Arlate,4.557,0.88,S_ARLATE,1723.4,21.54,21.53
CELL_00025,45.7109,9.4161,272.0,Calco,Arlate,4.646,0.9,S_ARLATE,1731.7,21.65,21.34
CELL_00026,45.7109,9.4174,264.6,Calco,Arlate,5.683,1.1,S_ARLATE,1619.3,20.24,20.26
CELL_00027,45.7109,9.4187,265.8,Calco,Arlate,6.587,1.27,S_ARLATE,1509.2,18.86,18.83
CELL_00028,45.7109,9.42,258.2,Calco,Arlate,8.226,1.59,S_ARLATE,1401.8,17.52,17.82
CELL_00029,45.7109,9.4213,263.3,Calco,Arlate,9.607,1.86,S_ARLATE,1297.7,16.22,16.3
CELL_00030,45.7109,9.4226,269.2,Calco,Arlate,11.418,2.21,S_ARLATE,1198.0,14.97,14.79
CELL_00031,45.7109,9.4239,259.5,Calco,Arlate,13.4,2.59,S_ARLATE,1103.7,13.8,14.04
CELL_00032,45.7109,9.4252,261.4,Calco,Arlate,15.653,3.02,S_ARLATE,1016.3,12.7,12.86
CELL_00033,45.7109,9.4265,263.2,Calco,Arlate,17.828,3.44,S_ARLATE,937.9,11.72,11.8
CELL_00034,45.7109,9.4278,267.9,Calco,Arlate,20.245,3.91,S_ARLATE,870.8,10.88,10.76
CELL_00035,45.7109,9.4291,255.9,Calco,Arlate,22.324,4.31,S_ARLATE,817.8,10.22,10.63
CELL_00036,45.7109,9.4304,260.5,Calco,Arlate,23.645,4.57,S_ARLATE,781.7,9.77,9.97
CELL_00037,45.7109,9.4317,261.0,Calco,Arlate,24.247,4.68,S_ARLATE,765.1,9.56,9.74
CELL_00038,45.7109,9.433,262.1,Calco,Arlate,24.141,4.66,S_ARLATE,769.1,9.61,9.74
CELL_00039,45.7109,9.4343,264.6,Calco,Arlate,23.004,4.44,S_ARLATE,793.4,9.92,9.93
CELL_00040,45.7109,9.4356,268.4,Calco,Arlate,21.388,4.13,S_ARLATE,836.3,10.45,10.31
CELL_00041,45.7109,9.4369,258.3,Calco,Arlate,19.256,3.72,S_ARLATE,895.1,11.19,11.49
CELL_00042,45.7109,9.4382,260.4,Calco,Arlate,16.912,3.27,S_ARLATE,966.9,12.09,12.29
CELL_00043,45.7109,9.4395,260.1,Calco,Arlate,14.635,2.83,S_ARLATE,1049.0,13.11,13.33
CELL_00044,45.7109,9.4408,261.6,Calco,Arlate,12.722,2.46,S_ARLATE,1139.2,14.24,14.39
CELL_00045,45.7109,9.4421,262.2,Calco,Arlate,10.525,2.03,S_ARLATE,1235.8,15.45,15.57
CELL_00046,45.7109,9.4434,263.9,Calco,Arlate,9.111,1.76,S_ARLATE,1337.3,16.72,16.76
CELL_00047,45.7109,9.4447,263.4,Calco,Arlate,7.396,1.43,S_ARLATE,1442.7,18.03,18.1
CELL_00048,45.7109,9.446,264.2,Calco,Arlate,6.167,1.19,S_ARLATE,1551.3,19.39,19.43
CELL_00049,45.7109,9.4473,266.3,Calco,Arlate,5.309,1.03,S_ARLATE,1662.3,20.78,20.72
CELL_00050,45.7118,9.4161,262.2,Calco,Arlate,5.231,1.01,S_ARLATE,1680.3,21.0,21.13
CELL_00051,45.7118,9.4174,262.7,Calco,Arlate,6.081,1.17,S_ARLATE,1564.2,19.55,19.65
CELL_00052,45.7118,9.4187,263.4,Calco,Arlate,7.577,1.46,S_ARLATE,1449.9,18.12,18.19
CELL_00053,45.7118,9.42,261.0,Calco,Arlate,9.073,1.75,S_ARLATE,1337.7,16.72,16.9
CELL_00054,45.7118,9.4213,265.7,Calco,Arlate,11.027,2.13,S_ARLATE,1228.3,15.35,15.32
CELL_00055,45.7118,9.4226,265.3,Calco,Arlate,12.873,2.49,S_ARLATE,1122.4,14.03,14.02
CELL_00056,45.7118,9.4239,260.9,Calco,Arlate,15.405,2.98,S_ARLATE,1021.1,12.76,12.94
CELL_00057,45.7118,9.4252,257.9,Calco,Arlate,18.224,3.52,S_ARLATE,926.0,11.58,11.89
CELL_00058,45.7118,9.4265,262.7,Calco,Arlate,21.203,4.1,S_ARLATE,839.2,10.49,10.59
CELL_00059,45.7118,9.4278,264.6,Calco,Arlate,24.363,4.71,S_ARLATE,763.4,9.54,9.56
CELL_00060,45.7118,9.4291,257.4,Calco,Arlate,26.997,5.22,S_ARLATE,702.3,8.78,9.12
CELL_00061,45.7118,9.4304,267.2,Calco,Arlate,29.186,5.64,S_ARLATE,660.0,8.25,8.15
CELL_00062,45.7118,9.4317,259.5,Calco,Arlate,30.023,5.8,S_ARLATE,640.2,8.0,8.25
CELL_00063,45.7118,9.433,262.3,Calco,Arlate,29.973,5.79,S_ARLATE,645.0,8.06,8.18
CELL_00064,45.7118,9.4343,261.9,Calco,Arlate,28.277,5.46,S_ARLATE,673.8,8.42,8.56
CELL_00065,45.7118,9.4356,258.4,Calco,Arlate,25.877,5.0,S_ARLATE,723.8,9.05,9.34
CELL_00066,45.7118,9.4369,266.1,Calco,Arlate,23.128,4.47,S_ARLATE,791.0,9.89,9.84
CELL_00067,45.7118,9.4382,260.8,Calco,Arlate,20.185,3.9,S_ARLATE,871.4,10.89,11.08
CELL_00068,45.7118,9.4395,264.3,Calco,Arlate,17.022,3.29,S_ARLATE,961.7,12.02,12.05
CELL_00069,45.7118,9.4408,260.6,Calco,Arlate,14.489,2.8,S_ARLATE,1059.4,13.24,13.44
CELL_00070,45.7118,9.4421,259.5,Calco,Arlate,12.002,2.32,S_ARLATE,1162.6,14.53,14.78
CELL_00071,45.7118,9.4434,263.8,Calco,Arlate,10.156,1.96,S_ARLATE,1270.0,15.88,15.93
CELL_00072,45.7118,9.4447,268.9,Calco,Arlate,8.458,1.63,S_ARLATE,1380.6,17.26,17.09
CELL_00073,45.7118,9.446,262.0,Calco,Arlate,6.906,1.33,S_ARLATE,1493.6,18.67,18.8
CELL_00074,45.7118,9.4473,265.4,Calco,Arlate,5.542,1.07,S_ARLATE,1608.7,20.11,20.09
CELL_00075,45.7118,9.4486,264.6,Calco,Arlate,4.477,0.86,S_ARLATE,1725.3,21.57,21.58
CELL_00076,45.7127,9.3771,362.6,Olgiate Molgora,San Zeno,3.047,0.68,S_SAN_ZENO,1749.7,21.87,21.98
CELL_00077,45.7127,9.3784,360.6,Olgiate Molgora,San Zeno,3.197,0.71,S_SAN_ZENO,1719.0,21.49,21.68
CELL_00078,45.7127,9.3797,363.0,Olgiate Molgora,San Zeno,3.182,0.71,S_SAN_ZENO,1697.1,21.21,21.3
CELL_00079,45.7127,9.381,364.8,Olgiate Molgora,San Zeno,3.314,0.74,S_SAN_ZENO,1684.4,21.05,21.06
CELL_00080,45.7127,9.3823,367.1,Olgiate Molgora,San Zeno,3.201,0.71,S_SAN_ZENO,1681.1,21.01,20.92
CELL_00081,45.7127,9.3836,367.3,Olgiate Molgora,San Zeno,3.184,0.71,S_SAN_ZENO,1687.3,21.09,20.99
CELL_00082,45.7127,9.3849,358.6,Olgiate Molgora,San Zeno,3.186,0.71,S_SAN_ZENO,1702.8,21.29,21.57
CELL_00083,45.7127,9.3862,366.7,Olgiate Molgora,San Zeno,3.174,0.71,S_SAN_ZENO,1727.5,21.59,21.52
CELL_00084,45.7127,9.4161,266.5,Calco,Arlate,5.484,1.06,S_ARLATE,1636.8,20.46,20.39
CELL_00085,45.7127,9.4174,267.7,Calco,Arlate,6.777,1.31,S_ARLATE,1517.4,18.97,18.85
CELL_00086,45.7127,9.4187,262.3,Calco,Arlate,8.047,1.55,S_ARLATE,1399.3,17.49,17.61
CELL_00087,45.7127,9.42,265.4,Calco,Arlate,9.835,1.9,S_ARLATE,1282.7,16.03,16.02
CELL_00088,45.7127,9.4213,265.1,Calco,Arlate,11.852,2.29,S_ARLATE,1168.1,14.6,14.6
CELL_00089,45.7127,9.4226,260.0,Calco,Arlate,14.387,2.78,S_ARLATE,1056.2,13.2,13.42
CELL_00090,45.7127,9.4239,264.2,Calco,Arlate,17.459,3.37,S_ARLATE,947.9,11.85,11.88
CELL_00091,45.7127,9.4252,265.6,Calco,Arlate,20.885,4.03,S_ARLATE,844.6,10.56,10.53
CELL_00092,45.7127,9.4265,262.8,Calco,Arlate,24.717,4.78,S_ARLATE,748.4,9.35,9.45
CELL_00093,45.7127,9.4278,264.3,Calco,Arlate,28.876,5.58,S_ARLATE,662.3,8.28,8.31
CELL_00094,45.7127,9.4291,265.0,Calco,Arlate,33.001,6.38,S_ARLATE,590.9,7.39,7.39
CELL_00095,45.7127,9.4304,263.4,Calco,Arlate,35.939,6.94,S_ARLATE,539.9,6.75,6.82
CELL_00096,45.7127,9.4317,268.6,Calco,Arlate,37.58,7.26,S_ARLATE,515.5,6.44,6.29
CELL_00097,45.7127,9.433,268.2,Calco,Arlate,36.933,7.14,S_ARLATE,521.4,6.52,6.38
CELL_00098,45.7127,9.4343,264.7,Calco,Arlate,34.877,6.74,S_ARLATE,556.7,6.96,6.97
CELL_00099,45.7127,9.4356,265.4,Calco,Arlate,31.301,6.05,S_ARLATE,616.3,7.7,7.69
CELL_00100,45.7127,9.4369,261.0,Calco,Arlate,27.306,5.28,S_ARLATE,693.9,8.67,8.85
CELL_00101,45.7127,9.4382,258.9,Calco,Arlate,23.359,4.51,S_ARLATE,784.4,9.8,10.08
CELL_00102,45.7127,9.4395,262.2,Calco,Arlate,19.556,3.78,S_ARLATE,883.6,11.05,11.17
CELL_00103,45.7127,9.4408,258.1,Calco,Arlate,16.17,3.12,S_ARLATE,989.0,12.36,12.67
CELL_00104,45.7127,9.4421,265.8,Calco,Arlate,13.455,2.6,S_ARLATE,1098.9,13.74,13.7
CELL_00105,45.7127,9.4434,261.1,Calco,Arlate,10.945,2.11,S_ARLATE,1211.9,15.15,15.32
CELL_00106,45.7127,9.4447,262.3,Calco,Arlate,8.973,1.73,S_ARLATE,1327.3,16.59,16.71
CELL_00107,45.7127,9.446,267.5,Calco,Arlate,7.647,1.48,S_ARLATE,1444.6,18.06,17.95
CELL_00108,45.7127,9.4473,263.6,Calco,Arlate,5.934,1.15,S_ARLATE,1563.2,19.54,19.6
CELL_00109,45.7127,9.4486,262.3,Calco,Arlate,4.838,0.93,S_ARLATE,1683.0,21.04,21.16
CELL_00110,45.7136,9.3745,364.3,Olgiate Molgora,San Zeno,3.181,0.71,S_SAN_ZENO,1722.2,21.53,21.56
CELL_00111,45.7136,9.3758,361.6,Olgiate Molgora,San Zeno,3.291,0.73,S_SAN_ZENO,1671.9,20.9,21.05
CELL_00112,45.7136,9.3771,360.4,Olgiate Molgora,San Zeno,3.574,0.79,S_SAN_ZENO,1630.0,20.37,20.58
CELL_00113,45.7136,9.3784,361.1,Olgiate Molgora,San Zeno,3.724,0.83,S_SAN_ZENO,1596.9,19.96,20.13
CELL_00114,45.7136,9.3797,358.1,Olgiate Molgora,San Zeno,4.058,0.9,S_SAN_ZENO,1573.3,19.67,19.97
CELL_00115,45.7136,9.381,361.8,Olgiate Molgora,San Zeno,3.865,0.86,S_SAN_ZENO,1559.6,19.5,19.64
CELL_00116,45.7136,9.3823,356.8,Olgiate Molgora,San Zeno,4.081,0.91,S_SAN_ZENO,1556.1,19.45,19.81
CELL_00117,45.7136,9.3836,357.9,Olgiate Molgora,San Zeno,3.754,0.84,S_SAN_ZENO,1562.8,19.53,19.85
CELL_00118,45.7136,9.3849,370.1,Olgiate Molgora,San Zeno,3.678,0.82,S_SAN_ZENO,1579.5,19.74,19.52
CELL_00119,45.7136,9.3862,361.9,Olgiate Molgora,San Zeno,3.811,0.85,S_SAN_ZENO,1606.1,20.08,20.21
CELL_00120,45.7136,9.3875,361.1,Olgiate Molgora,San Zeno,3.378,0.75,S_SAN_ZENO,1642.0,20.52,20.7
CELL_00121,45.7136,9.3888,361.3,Olgiate Molgora,San Zeno,3.097,0.69,S_SAN_ZENO,1686.5,21.08,21.24
CELL_00122,45.7136,9.3901,364.5,Olgiate Molgora,San Zeno,3.077,0.68,S_SAN_ZENO,1739.2,21.74,21.76
CELL_00123,45.7136,9.4122,278.5,Calco,Calco Centro,14.244,2.75,S_CALCO_CHIESA,1535.2,19.19,19.61
CELL_00124,45.7136,9.4148,261.2,Calco,Arlate,4.737,0.92,S_CALCO_CHIESA,1514.3,18.93,20.14
CELL_00125,45.7136,9.4161,261.4,Calco,Arlate,5.874,1.13,S_ARLATE,1601.9,20.02,20.18
CELL_00126,45.7136,9.4174,258.4,Calco,Arlate,6.958,1.34,S_ARLATE,1479.8,18.5,18.79
CELL_00127,45.7136,9.4187,261.7,Calco,Arlate,8.562,1.65,S_ARLATE,1358.4,16.98,17.12
CELL_00128,45.7136,9.42,264.0,Calco,Arlate,10.819,2.09,S_ARLATE,1237.9,15.47,15.52
CELL_00129,45.7136,9.4213,266.0,Calco,Arlate,13.224,2.55,S_ARLATE,1118.8,13.98,13.94
CELL_00130,45.7136,9.4226,265.1,Calco,Arlate,15.95,3.08,S_ARLATE,1001.3,12.52,12.51
CELL_00131,45.7136,9.4239,263.8,Calco,Arlate,19.405,3.75,S_ARLATE,886.3,11.08,11.13
CELL_00132,45.7136,9.4252,269.4,Calco,Arlate,23.642,4.57,S_ARLATE,774.9,9.69,9.5
CELL_00133,45.7136,9.4265,262.4,Calco,Arlate,28.637,5.53,S_ARLATE,668.7,8.36,8.47
CELL_00134,45.7136,9.4278,264.1,Calco,Arlate,33.796,6.53,S_ARLATE,570.7,7.13,7.17
CELL_00135,45.7136,9.4291,268.8,Calco,Arlate,39.271,7.59,S_ARLATE,486.0,6.08,5.91
CELL_00136,45.7136,9.4304,264.7,Calco,Arlate,44.208,8.54,S_ARLATE,422.6,5.28,5.3
CELL_00137,45.7136,9.4317,265.6,Calco,Arlate,46.395,8.96,S_ARLATE,390.9,4.89,4.86
CELL_00138,45.7136,9.433,264.5,Calco,Arlate,45.937,8.88,S_ARLATE,398.7,4.98,5.01
CELL_00139,45.7136,9.4343,266.9,Calco,Arlate,42.26,8.16,S_ARLATE,443.8,5.55,5.47
CELL_00140,45.7136,9.4356,262.3,Calco,Arlate,37.137,7.17,S_ARLATE,516.6,6.46,6.58
CELL_00141,45.7136,9.4369,262.9,Calco,Arlate,32.014,6.19,S_ARLATE,607.2,7.59,7.68
CELL_00142,45.7136,9.4382,264.9,Calco,Arlate,26.763,5.17,S_ARLATE,708.7,8.86,8.86
CELL_00143,45.7136,9.4395,265.9,Calco,Arlate,21.954,4.24,S_ARLATE,817.2,10.22,10.18
CELL_00144,45.7136,9.4408,262.4,Calco,Arlate,18.052,3.49,S_ARLATE,930.2,11.63,11.74
CELL_00145,45.7136,9.4421,266.4,Calco,Arlate,14.832,2.87,S_ARLATE,1046.2,13.08,13.02
CELL_00146,45.7136,9.4434,268.0,Calco,Arlate,12.267,2.37,S_ARLATE,1164.4,14.56,14.42
CELL_00147,45.7136,9.4447,268.2,Calco,Arlate,9.826,1.9,S_ARLATE,1284.1,16.05,15.91
CELL_00148,45.7136,9.446,264.3,Calco,Arlate,7.857,1.52,S_ARLATE,1405.0,17.56,17.59
CELL_00149,45.7136,9.4473,262.1,Calco,Arlate,6.319,1.22,S_ARLATE,1526.7,19.08,19.21
CELL_00150,45.7136,9.4486,262.0,Calco,Arlate,5.415,1.05,S_ARLATE,1649.1,20.61,20.75
CELL_00151,45.7145,9.3719,362.3,Olgiate Molgora,San Zeno,2.829,0.63,S_SAN_ZENO,1740.4,21.75,21.87
CELL_00152,45.7145,9.3732,365.4,Olgiate Molgora,San Zeno,3.402,0.76,S_SAN_ZENO,1671.7,20.9,20.88
CELL_00153,45.7145,9.3745,362.3,Olgiate Molgora,San Zeno,3.549,0.79,S_SAN_ZENO,1610.1,20.13,20.24
CELL_00154,45.7145,9.3758,363.0,Olgiate Molgora,San Zeno,4.016,0.89,S_SAN_ZENO,1556.3,19.45,19.54
CELL_00155,45.7145,9.3771,360.2,Olgiate Molgora,San Zeno,4.354,0.97,S_SAN_ZENO,1511.1,18.89,19.1
CELL_00156,45.7145,9.3784,366.0,Olgiate Molgora,San Zeno,4.629,1.03,S_SAN_ZENO,1475.4,18.44,18.4
CELL_00157,45.7145,9.3797,361.9,Olgiate Molgora,San Zeno,4.879,1.09,S_SAN_ZENO,1449.8,18.12,18.26
CELL_00158,45.7145,9.381,362.3,Olgiate Molgora,San Zeno,4.75,1.06,S_SAN_ZENO,1434.9,17.94,18.05
CELL_00159,45.7145,9.3823,363.2,Olgiate Molgora,San Zeno,4.839,1.08,S_SAN_ZENO,1431.0,17.89,17.97
CELL_00160,45.7145,9.3836,361.5,Olgiate Molgora,San Zeno,4.943,1.1,S_SAN_ZENO,1438.3,17.98,18.13
CELL_00161,45.7145,9.3849,366.1,Olgiate Molgora,San Zeno,4.51,1.0,S_SAN_ZENO,1456.5,18.21,18.16
CELL_00162,45.7145,9.3862,356.5,Olgiate Molgora,San Zeno,4.614,1.03,S_SAN_ZENO,1485.3,18.57,18.94
CELL_00163,45.7145,9.3875,365.4,Olgiate Molgora,San Zeno,4.171,0.93,S_SAN_ZENO,1524.0,19.05,19.03
CELL_00164,45.7145,9.3888,365.1,Olgiate Molgora,San Zeno,3.808,0.85,S_SAN_ZENO,1571.9,19.65,19.64
CELL_00165,45.7145,9.3901,364.4,Olgiate Molgora,San Zeno,3.37,0.75,S_SAN_ZENO,1628.3,20.35,20.38
CELL_00166,45.7145,9.3914,360.8,Olgiate Molgora,San Zeno,3.285,0.73,S_SAN_ZENO,1692.2,21.15,21.34
CELL_00167,45.7145,9.4057,277.9,Calco,Calco Centro,13.979,2.7,S_CALCO_CHIESA,1646.6,20.58,21.03
CELL_00168,45.7145,9.407,282.8,Calco,Calco Centro,15.25,2.95,S_CALCO_CHIESA,1582.4,19.78,20.01
CELL_00169,45.7145,9.4083,281.5,Calco,Calco Centro,15.864,3.06,S_CALCO_CHIESA,1526.0,19.07,19.36
CELL_00170,45.7145,9.4096,277.5,Calco,Calco Centro,16.745,3.24,S_CALCO_CHIESA,1478.2,18.48,18.94
CELL_00171,45.7145,9.4109,283.6,Calco,Calco Centro,17.313,3.34,S_CALCO_CHIESA,1440.0,18.0,18.19
CELL_00172,45.7145,9.4122,277.7,Calco,Calco Centro,17.526,3.39,S_CALCO_CHIESA,1412.0,17.65,18.11
CELL_00173,45.7145,9.4135,277.9,Calco,Calco Centro,17.231,3.33,S_CALCO_CHIESA,1395.0,17.44,17.88
CELL_00174,45.7145,9.4148,277.8,Calco,Calco Centro,16.905,3.27,S_CALCO_CHIESA,1389.2,17.37,17.82
CELL_00175,45.7145,9.4161,263.6,Calco,Arlate,6.006,1.16,S_CALCO_CHIESA,1395.0,17.44,18.54
CELL_00176,45.7145,9.4174,263.8,Calco,Arlate,7.188,1.39,S_ARLATE,1451.9,18.15,18.2
CELL_00177,45.7145,9.4187,270.3,Calco,Arlate,9.254,1.79,S_ARLATE,1328.0,16.6,16.37
CELL_00178,45.7145,9.42,260.3,Calco,Arlate,11.152,2.15,S_ARLATE,1204.5,15.06,15.26
CELL_00179,45.7145,9.4213,264.5,Calco,Arlate,14.023,2.71,S_ARLATE,1081.7,13.52,13.54
CELL_00180,45.7145,9.4226,266.6,Calco,Arlate,17.059,3.3,S_ARLATE,959.7,12.0,11.93
CELL_00181,45.7145,9.4239,260.7,Calco,Arlate,21.057,4.07,S_ARLATE,839.0,10.49,10.68
CELL_00182,45.7145,9.4252,256.1,Calco,Arlate,26.13,5.05,S_ARLATE,720.3,9.0,9.4
CELL_00183,45.7145,9.4265,261.3,Calco,Arlate,32.136,6.21,S_ARLATE,604.6,7.56,7.72
CELL_00184,45.7145,9.4278,266.8,Calco,Arlate,38.743,7.49,S_ARLATE,494.1,6.18,6.1
CELL_00185,45.7145,9.4291,263.0,Calco,Arlate,46.348,8.95,S_ARLATE,393.2,4.91,5.0
CELL_00186,45.7145,9.4304,265.9,Calco,Arlate,53.486,10.33,S_ARLATE,311.3,3.89,3.85
CELL_00187,45.7145,9.4317,261.1,Calco,Arlate,57.775,11.16,S_ARLATE,266.8,3.33,3.51
CELL_00188,45.7145,9.433,265.3,Calco,Arlate,56.806,10.97,S_ARLATE,278.1,3.48,3.46
CELL_00189,45.7145,9.4343,259.7,Calco,Arlate,50.755,9.81,S_ARLATE,339.6,4.25,4.48
CELL_00190,45.7145,9.4356,264.1,Calco,Arlate,43.557,8.42,S_ARLATE,430.4,5.38,5.42
CELL_00191,45.7145,9.4369,264.1,Calco,Arlate,35.95,6.95,S_ARLATE,535.7,6.7,6.74
CELL_00192,45.7145,9.4382,263.9,Calco,Arlate,29.697,5.74,S_ARLATE,648.6,8.11,8.16
CELL_00193,45.7145,9.4395,264.5,Calco,Arlate,24.125,4.66,S_ARLATE,765.7,9.57,9.59
CELL_00194,45.7145,9.4408,262.5,Calco,Arlate,19.689,3.8,S_ARLATE,885.3,11.07,11.18
CELL_00195,45.7145,9.4421,262.9,Calco,Arlate,15.793,3.05,S_ARLATE,1006.5,12.58,12.67
CELL_00196,45.7145,9.4434,263.3,Calco,Arlate,12.76,2.47,S_ARLATE,1128.8,14.11,14.18
CELL_00197,45.7145,9.4447,267.7,Calco,Arlate,10.279,1.99,S_ARLATE,1251.9,15.65,15.53
CELL_00198,45.7145,9.446,263.2,Calco,Arlate,8.304,1.6,S_ARLATE,1375.6,17.19,17.27
CELL_00199,45.7145,9.4473,262.9,Calco,Arlate,6.933,1.34,S_ARLATE,1499.7,18.75,18.84
CELL_00200,45.7145,9.4486,263.6,Calco,Arlate,5.437,1.05,S_ARLATE,1624.2,20.3,20.36
CELL_00201,45.7154,9.3706,362.7,Olgiate Molgora,San Zeno,3.202,0.71,S_SAN_ZENO,1718.4,21.48,21.58
CELL_00202,45.7154,9.3719,359.8,Olgiate Molgora,San Zeno,3.381,0.75,S_SAN_ZENO,1639.1,20.49,20.72
CELL_00203,45.7154,9.3732,362.0,Olgiate Molgora,San Zeno,3.859,0.86,S_SAN_ZENO,1566.1,19.58,19.71
CELL_00204,45.7154,9.3745,358.9,Olgiate Molgora,San Zeno,4.406,0.98,S_SAN_ZENO,1500.1,18.75,19.02
CELL_00205,45.7154,9.3758,366.7,Olgiate Molgora,San Zeno,4.783,1.06,S_SAN_ZENO,1442.1,18.03,17.95
CELL_00206,45.7154,9.3771,360.8,Olgiate Molgora,San Zeno,5.198,1.16,S_SAN_ZENO,1393.3,17.42,17.6
CELL_00207,45.7154,9.3784,362.5,Olgiate Molgora,San Zeno,5.711,1.27,S_SAN_ZENO,1354.4,16.93,17.04
CELL_00208,45.7154,9.3797,365.9,Olgiate Molgora,San Zeno,5.717,1.27,S_SAN_ZENO,1326.5,16.58,16.54
CELL_00209,45.7154,9.381,358.7,Olgiate Molgora,San Zeno,6.0,1.33,S_SAN_ZENO,1310.2,16.38,16.66
CELL_00210,45.7154,9.3823,363.4,Olgiate Molgora,San Zeno,5.895,1.31,S_SAN_ZENO,1306.0,16.33,16.4
CELL_00211,45.7154,9.3836,358.0,Olgiate Molgora,San Zeno,5.841,1.3,S_SAN_ZENO,1314.0,16.42,16.73
CELL_00212,45.7154,9.3849,361.7,Olgiate Molgora,San Zeno,5.707,1.27,S_SAN_ZENO,1333.9,16.67,16.82
CELL_00213,45.7154,9.3862,367.2,Olgiate Molgora,San Zeno,5.305,1.18,S_SAN_ZENO,1365.2,17.07,16.97
CELL_00214,45.7154,9.3875,362.3,Olgiate Molgora,San Zeno,4.914,1.09,S_SAN_ZENO,1407.3,17.59,17.71
CELL_00215,45.7154,9.3888,364.8,Olgiate Molgora,San Zeno,4.755,1.06,S_SAN_ZENO,1459.0,18.24,18.25
CELL_00216,45.7154,9.3901,371.5,Olgiate Molgora,San Zeno,4.027,0.9,S_SAN_ZENO,1519.6,18.99,18.71
CELL_00217,45.7154,9.3914,367.3,Olgiate Molgora,San Zeno,3.825,0.85,S_SAN_ZENO,1587.8,19.85,19.75
CELL_00218,45.7154,9.3927,366.3,Olgiate Molgora,San Zeno,3.342,0.74,S_SAN_ZENO,1662.9,20.79,20.73
CELL_00219,45.7154,9.394,360.3,Olgiate Molgora,San Zeno,3.125,0.7,S_SAN_ZENO,1743.9,21.8,22.01
CELL_00220,45.7154,9.4044,273.6,Calco,Calco Centro,15.574,3.01,S_CALCO_CHIESA,1618.2,20.23,20.87
CELL_00221,45.7154,9.4057,279.1,Calco,Calco Centro,17.139,3.31,S_CALCO_CHIESA,1542.5,19.28,19.67
CELL_00222,45.7154,9.407,275.6,Calco,Calco Centro,18.71,3.61,S_CALCO_CHIESA,1473.8,18.42,18.97
CELL_00223,45.7154,9.4083,278.9,Calco,Calco Centro,19.592,3.79,S_CALCO_CHIESA,1413.1,17.66,18.07
CELL_00224,45.7154,9.4096,284.7,Calco,Calco Centro,20.832,4.02,S_CALCO_CHIESA,1361.4,17.02,17.16
CELL_00225,45.7154,9.4109,275.3,Calco,Calco Centro,21.331,4.12,S_CALCO_CHIESA,1319.7,16.5,17.06
CELL_00226,45.7154,9.4122,277.4,Calco,Calco Centro,21.71,4.19,S_CALCO_CHIESA,1289.2,16.11,16.59
CELL_00227,45.7154,9.4135,278.5,Calco,Calco Centro,21.461,4.15,S_CALCO_CHIESA,1270.5,15.88,16.3
CELL_00228,45.7154,9.4148,282.5,Calco,Calco Centro,20.874,4.03,S_CALCO_CHIESA,1264.2,15.8,16.05
CELL_00229,45.7154,9.4161,279.4,Calco,Calco Centro,20.258,3.91,S_CALCO_CHIESA,1270.5,15.88,16.26
CELL_00230,45.7154,9.4174,264.0,Calco,Arlate,7.429,1.44,S_CALCO_CHIESA,1289.2,16.11,17.2
CELL_00231,45.7154,9.4187,266.0,Calco,Arlate,9.375,1.81,S_ARLATE,1308.9,16.36,16.32
CELL_00232,45.7154,9.42,263.6,Calco,Arlate,11.791,2.28,S_ARLATE,1183.4,14.79,14.85
CELL_00233,45.7154,9.4213,267.4,Calco,Arlate,14.531,2.81,S_ARLATE,1058.1,13.23,13.12
CELL_00234,45.7154,9.4226,264.1,Calco,Arlate,17.965,3.47,S_ARLATE,933.1,11.66,11.7
CELL_00235,45.7154,9.4239,262.5,Calco,Arlate,22.349,4.32,S_ARLATE,808.5,10.11,10.22
CELL_00236,45.7154,9.4252,264.9,Calco,Arlate,27.957,5.4,S_ARLATE,684.4,8.56,8.56
CELL_00237,45.7154,9.4265,261.3,Calco,Arlate,34.583,6.68,S_ARLATE,561.4,7.02,7.18
CELL_00238,45.7154,9.4278,264.9,Calco,Arlate,42.774,8.26,S_ARLATE,440.1,5.5,5.51
CELL_00239,45.7154,9.4291,261.9,Calco,Arlate,52.239,10.09,S_ARLATE,322.8,4.03,4.17
CELL_00240,45.7154,9.4304,264.8,Calco,Arlate,63.236,12.22,S_ARLATE,215.8,2.7,2.71
CELL_00241,45.7154,9.4317,266.8,Calco,Arlate,71.81,13.87,S_ARLATE,144.3,1.8,1.73
CELL_00242,45.7154,9.433,269.8,Calco,Arlate,69.074,13.35,S_ARLATE,164.1,2.05,1.85
CELL_00243,45.7154,9.4343,260.6,Calco,Arlate,58.852,11.37,S_ARLATE,254.9,3.19,3.38
CELL_00244,45.7154,9.4356,273.0,Calco,Arlate,48.583,9.39,S_ARLATE,367.2,4.59,4.25
CELL_00245,45.7154,9.4369,266.3,Calco,Arlate,39.368,7.61,S_ARLATE,486.5,6.08,6.02
CELL_00246,45.7154,9.4382,263.6,Calco,Arlate,31.653,6.12,S_ARLATE,608.5,7.61,7.67
CELL_00247,45.7154,9.4395,262.7,Calco,Arlate,25.488,4.92,S_ARLATE,732.0,9.15,9.25
CELL_00248,45.7154,9.4408,267.7,Calco,Arlate,20.395,3.94,S_ARLATE,856.3,10.7,10.59
CELL_00249,45.7154,9.4421,263.1,Calco,Arlate,16.557,3.2,S_ARLATE,981.1,12.26,12.35
CELL_00250,45.7154,9.4434,262.3,Calco,Arlate,13.175,2.55,S_ARLATE,1106.3,13.83,13.95
CELL_00251,45.7154,9.4447,263.9,Calco,Arlate,10.557,2.04,S_ARLATE,1231.6,15.4,15.44
CELL_00252,45.7154,9.446,267.2,Calco,Arlate,8.718,1.68,S_ARLATE,1357.2,16.96,16.87
CELL_00253,45.7154,9.4473,264.2,Calco,Arlate,7.158,1.38,S_ARLATE,1482.8,18.54,18.57
CELL_00254,45.7154,9.4486,266.5,Calco,Arlate,5.763,1.11,S_ARLATE,1608.6,20.11,20.04
CELL_00255,45.7154,9.4499,262.5,Calco,Arlate,4.416,0.85,S_ARLATE,1734.4,21.68,21.79
CELL_00256,45.7163,9.3693,361.9,Olgiate Molgora,San Zeno,3.183,0.71,S_SAN_ZENO,1714.6,21.43,21.57
CELL_00257,45.7163,9.3706,361.7,Olgiate Molgora,San Zeno,3.716,0.83,S_SAN_ZENO,1625.4,20.32,20.46
CELL_00258,45.7163,9.3719,365.0,Olgiate Molgora,San Zeno,4.21,0.94,S_SAN_ZENO,1541.4,19.27,19.27
CELL_00259,45.7163,9.3732,368.2,Olgiate Molgora,San Zeno,4.49,1.0,S_SAN_ZENO,1463.4,18.29,18.15
CELL_00260,45.7163,9.3745,362.7,Olgiate Molgora,San Zeno,5.007,1.11,S_SAN_ZENO,1392.6,17.41,17.51
CELL_00261,45.7163,9.3758,361.9,Olgiate Molgora,San Zeno,5.896,1.31,S_SAN_ZENO,1330.0,16.62,16.76
CELL_00262,45.7163,9.3771,364.4,Olgiate Molgora,San Zeno,6.25,1.39,S_SAN_ZENO,1276.8,15.96,15.99
CELL_00263,45.7163,9.3784,362.4,Olgiate Molgora,San Zeno,6.668,1.48,S_SAN_ZENO,1234.3,15.43,15.54
CELL_00264,45.7163,9.3797,357.9,Olgiate Molgora,San Zeno,7.127,1.59,S_SAN_ZENO,1203.6,15.05,15.36
CELL_00265,45.7163,9.381,362.5,Olgiate Molgora,San Zeno,7.486,1.67,S_SAN_ZENO,1185.7,14.82,14.93
CELL_00266,45.7163,9.3823,356.6,Olgiate Molgora,San Zeno,7.5,1.67,S_SAN_ZENO,1181.0,14.76,15.13
CELL_00267,45.7163,9.3836,365.4,Olgiate Molgora,San Zeno,7.149,1.59,S_SAN_ZENO,1189.8,14.87,14.86
CELL_00268,45.7163,9.3849,363.6,Olgiate Molgora,San Zeno,7.13,1.59,S_SAN_ZENO,1211.8,15.15,15.21
CELL_00269,45.7163,9.3862,363.3,Olgiate Molgora,San Zeno,6.448,1.43,S_SAN_ZENO,1246.2,15.58,15.65
CELL_00270,45.7163,9.3875,358.6,Olgiate Molgora,San Zeno,6.123,1.36,S_SAN_ZENO,1292.1,16.15,16.43
CELL_00271,45.7163,9.3888,362.1,Olgiate Molgora,San Zeno,5.776,1.28,S_SAN_ZENO,1348.3,16.85,16.98
CELL_00272,45.7163,9.3901,363.0,Olgiate Molgora,San Zeno,5.005,1.11,S_SAN_ZENO,1413.6,17.67,17.76
CELL_00273,45.7163,9.3914,362.3,Olgiate Molgora,San Zeno,4.504,1.0,S_SAN_ZENO,1486.7,18.58,18.7
CELL_00274,45.7163,9.3927,362.7,Olgiate Molgora,San Zeno,3.702,0.82,S_SAN_ZENO,1566.6,19.58,19.68
CELL_00275,45.7163,9.394,362.3,Olgiate Molgora,San Zeno,3.299,0.73,S_SAN_ZENO,1652.3,20.65,20.77
CELL_00276,45.7163,9.3953,358.5,Olgiate Molgora,San Zeno,2.876,0.64,S_SAN_ZENO,1743.0,21.79,22.07
CELL_00277,45.7163,9.4018,279.4,Calco,Calco Centro,14.918,2.88,S_CALCO_NAZ,1718.0,21.47,21.5
CELL_00278,45.7163,9.4031,278.4,Calco,Calco Centro,16.929,3.27,S_CALCO_CHIESA,1609.0,20.11,20.54
CELL_00279,45.7163,9.4044,273.0,Calco,Calco Centro,18.68,3.61,S_CALCO_CHIESA,1522.5,19.03,19.7
CELL_00280,45.7163,9.4057,273.5,Calco,Calco Centro,20.696,4.0,S_CALCO_CHIESA,1441.8,18.02,18.67
CELL_00281,45.7163,9.407,283.9,Calco,Calco Centro,22.826,4.41,S_CALCO_CHIESA,1368.1,17.1,17.28
CELL_00282,45.7163,9.4083,275.4,Calco,Calco Centro,24.313,4.7,S_CALCO_CHIESA,1302.4,16.28,16.84
CELL_00283,45.7163,9.4096,274.4,Calco,Calco Centro,25.829,4.99,S_CALCO_CHIESA,1246.1,15.58,16.18
CELL_00284,45.7163,9.4109,278.0,Calco,Calco Centro,26.419,5.1,S_CALCO_CHIESA,1200.5,15.01,15.45
CELL_00285,45.7163,9.4122,282.4,Calco,Calco Centro,27.058,5.23,S_CALCO_CHIESA,1166.8,14.59,14.83
CELL_00286,45.7163,9.4135,278.9,Calco,Calco Centro,26.644,5.15,S_CALCO_CHIESA,1146.2,14.33,14.73
CELL_00287,45.7163,9.4148,273.4,Calco,Calco Centro,26.029,5.03,S_CALCO_CHIESA,1139.2,14.24,14.89
CELL_00288,45.7163,9.4161,280.2,Calco,Calco Centro,24.906,4.81,S_CALCO_CHIESA,1146.2,14.33,14.67
CELL_00289,45.7163,9.4174,263.4,Calco,Arlate,7.791,1.51,S_CALCO_CHIESA,1166.8,14.59,15.7
CELL_00290,45.7163,9.4187,265.4,Calco,Arlate,9.69,1.87,S_CALCO_CHIESA,1200.5,15.01,16.03
CELL_00291,45.7163,9.42,267.2,Calco,Arlate,11.962,2.31,S_ARLATE,1175.3,14.69,14.6
CELL_00292,45.7163,9.4213,267.8,Calco,Arlate,14.568,2.81,S_ARLATE,1049.0,13.11,12.99
CELL_00293,45.7163,9.4226,270.5,Calco,Arlate,18.29,3.53,S_ARLATE,922.8,11.53,11.3
CELL_00294,45.7163,9.4239,267.6,Calco,Arlate,23.003,4.44,S_ARLATE,796.5,9.96,9.84
CELL_00295,45.7163,9.4252,268.5,Calco,Arlate,28.396,5.49,S_ARLATE,670.3,8.38,8.23
CELL_00296,45.7163,9.4265,265.5,Calco,Arlate,35.471,6.85,S_ARLATE,544.1,6.8,6.78
CELL_00297,45.7163,9.4278,266.5,Calco,Arlate,44.451,8.59,S_ARLATE,417.9,5.22,5.16
CELL_00298,45.7163,9.4291,266.1,Calco,Arlate,55.063,10.64,S_ARLATE,291.7,3.65,3.6
CELL_00299,45.7163,9.4304,261.4,Calco,Arlate,69.134,13.36,S_ARLATE,165.7,2.07,2.23
CELL_00300,45.7163,9.4317,262.3,Calco,Arlate,85.849,16.59,S_ARLATE,41.3,0.52,0.65
CELL_00301,45.7163,9.433,260.6,Calco,Arlate,79.055,15.27,S_ARLATE,88.5,1.11,1.32
CELL_00302,45.7163,9.4343,264.0,Calco,Arlate,63.388,12.25,S_ARLATE,214.1,2.68,2.72
CELL_00303,45.7163,9.4356,264.4,Calco,Arlate,50.759,9.81,S_ARLATE,340.2,4.25,4.28
CELL_00304,45.7163,9.4369,268.3,Calco,Arlate,40.571,7.84,S_ARLATE,466.4,5.83,5.69
CELL_00305,45.7163,9.4382,269.4,Calco,Arlate,32.534,6.29,S_ARLATE,592.6,7.41,7.22
CELL_00306,45.7163,9.4395,270.5,Calco,Arlate,25.978,5.02,S_ARLATE,718.9,8.99,8.75
CELL_00307,45.7163,9.4408,267.0,Calco,Arlate,21.002,4.06,S_ARLATE,845.1,10.56,10.48
CELL_00308,45.7163,9.4421,265.4,Calco,Arlate,16.98,3.28,S_ARLATE,971.3,12.14,12.12
CELL_00309,45.7163,9.4434,262.6,Calco,Arlate,13.369,2.58,S_ARLATE,1097.6,13.72,13.83
CELL_00310,45.7163,9.4447,260.5,Calco,Arlate,10.942,2.11,S_ARLATE,1223.9,15.3,15.5
CELL_00311,45.7163,9.446,265.8,Calco,Arlate,8.677,1.68,S_ARLATE,1350.1,16.88,16.84
CELL_00312,45.7163,9.4473,265.4,Calco,Arlate,7.089,1.37,S_ARLATE,1476.4,18.45,18.44
CELL_00313,45.7163,9.4486,259.9,Calco,Arlate,5.622,1.09,S_ARLATE,1602.6,20.03,20.26
CELL_00314,45.7163,9.4499,267.1,Calco,Arlate,4.733,0.91,S_ARLATE,1728.9,21.61,21.52
CELL_00315,45.7172,9.368,362.6,Olgiate Molgora,San Zeno,2.983,0.66,S_SAN_ZENO,1729.2,21.62,21.72
CELL_00316,45.7172,9.3693,358.5,Olgiate Molgora,San Zeno,3.453,0.77,S_SAN_ZENO,1631.0,20.39,20.67
CELL_00317,45.7172,9.3706,362.5,Olgiate Molgora,San Zeno,4.279,0.95,S_SAN_ZENO,1537.0,19.21,19.32
CELL_00318,45.7172,9.3719,364.5,Olgiate Molgora,San Zeno,4.733,1.05,S_SAN_ZENO,1447.8,18.1,18.12
CELL_00319,45.7172,9.3732,357.4,Olgiate Molgora,San Zeno,5.629,1.25,S_SAN_ZENO,1364.5,17.06,17.39
CELL_00320,45.7172,9.3745,360.5,Olgiate Molgora,San Zeno,6.172,1.37,S_SAN_ZENO,1288.3,16.1,16.3
CELL_00321,45.7172,9.3758,365.8,Olgiate Molgora,San Zeno,6.945,1.54,S_SAN_ZENO,1220.3,15.25,15.22
CELL_00322,45.7172,9.3771,360.7,Olgiate Molgora,San Zeno,7.487,1.67,S_SAN_ZENO,1162.1,14.53,14.72
CELL_00323,45.7172,9.3784,360.1,Olgiate Molgora,San Zeno,8.481,1.89,S_SAN_ZENO,1115.3,13.94,14.16
CELL_00324,45.7172,9.3797,363.9,Olgiate Molgora,San Zeno,8.685,1.93,S_SAN_ZENO,1081.2,13.52,13.56
CELL_00325,45.7172,9.381,362.0,Olgiate Molgora,San Zeno,8.903,1.98,S_SAN_ZENO,1061.2,13.27,13.4
CELL_00326,45.7172,9.3823,366.6,Olgiate Molgora,San Zeno,9.267,2.06,S_SAN_ZENO,1056.0,13.2,13.13
CELL_00327,45.7172,9.3836,357.2,Olgiate Molgora,San Zeno,9.158,2.04,S_SAN_ZENO,1065.8,13.32,13.67
CELL_00328,45.7172,9.3849,359.0,Olgiate Molgora,San Zeno,8.474,1.88,S_SAN_ZENO,1090.3,13.63,13.89
CELL_00329,45.7172,9.3862,356.2,Olgiate Molgora,San Zeno,8.184,1.82,S_SAN_ZENO,1128.4,14.11,14.5
CELL_00330,45.7172,9.3875,359.6,Olgiate Molgora,San Zeno,7.457,1.66,S_SAN_ZENO,1178.9,14.74,14.97
CELL_00331,45.7172,9.3888,359.7,Olgiate Molgora,San Zeno,6.688,1.49,S_SAN_ZENO,1240.2,15.5,15.74
CELL_00332,45.7172,9.3901,361.1,Olgiate Molgora,San Zeno,5.896,1.31,S_SAN_ZENO,1310.9,16.39,16.56
CELL_00333,45.7172,9.3914,369.6,Olgiate Molgora,San Zeno,5.408,1.2,S_SAN_ZENO,1389.5,17.37,17.17
CELL_00334,45.7172,9.3927,357.3,Olgiate Molgora,San Zeno,4.366,0.97,S_SAN_ZENO,1474.7,18.43,18.77
CELL_00335,45.7172,9.394,365.0,Olgiate Molgora,San Zeno,4.033,0.9,S_SAN_ZENO,1565.4,19.57,19.57
CELL_00336,45.7172,9.3953,368.7,Olgiate Molgora,San Zeno,3.517,0.78,S_SAN_ZENO,1660.8,20.76,20.6
CELL_00337,45.7172,9.4005,279.6,Calco,Calco Centro,15.248,2.95,S_CALCO_NAZ,1702.7,21.28,21.3
CELL_00338,45.7172,9.4018,278.1,Calco,Calco Centro,17.48,3.38,S_CALCO_NAZ,1619.6,20.25,20.33
CELL_00339,45.7172,9.4031,275.6,Calco,Calco Centro,20.227,3.91,S_CALCO_NAZ,1542.5,19.28,19.47
CELL_00340,45.7172,9.4044,278.4,Calco,Calco Centro,22.842,4.41,S_CALCO_CHIESA,1431.4,17.89,18.32
CELL_00341,45.7172,9.4057,273.1,Calco,Calco Centro,25.17,4.86,S_CALCO_CHIESA,1345.2,16.82,17.48
CELL_00342,45.7172,9.407,279.4,Calco,Calco Centro,27.658,5.34,S_CALCO_CHIESA,1265.9,15.82,16.2
CELL_00343,45.7172,9.4083,287.0,Calco,Calco Centro,29.806,5.76,S_CALCO_CHIESA,1194.6,14.93,14.98
CELL_00344,45.7172,9.4096,279.3,Calco,Calco Centro,31.824,6.15,S_CALCO_CHIESA,1132.9,14.16,14.55
CELL_00345,45.7172,9.4109,274.4,Calco,Calco Centro,32.994,6.37,S_CALCO_CHIESA,1082.6,13.53,14.14
CELL_00346,45.7172,9.4122,280.4,Calco,Calco Centro,33.483,6.47,S_CALCO_CHIESA,1045.1,13.06,13.4
CELL_00347,45.7172,9.4135,281.8,Calco,Calco Centro,33.325,6.44,S_CALCO_CHIESA,1022.0,12.77,13.05
CELL_00348,45.7172,9.4148,281.1,Calco,Calco Centro,32.27,6.23,S_CALCO_CHIESA,1014.1,12.68,12.98
CELL_00349,45.7172,9.4161,281.6,Calco,Calco Centro,30.773,5.95,S_CALCO_CHIESA,1022.0,12.77,13.06
CELL_00350,45.7172,9.4174,275.6,Calco,Calco Centro,28.309,5.47,S_CALCO_CHIESA,1045.1,13.06,13.62
CELL_00351,45.7172,9.4187,261.7,Calco,Arlate,9.283,1.79,S_CALCO_CHIESA,1082.6,13.53,14.73
CELL_00352,45.7172,9.42,265.6,Calco,Arlate,11.677,2.26,S_ARLATE,1180.5,14.76,14.73
CELL_00353,45.7172,9.4213,269.8,Calco,Arlate,14.58,2.82,S_ARLATE,1054.8,13.19,12.98
CELL_00354,45.7172,9.4226,263.2,Calco,Arlate,18.148,3.51,S_ARLATE,929.4,11.62,11.7
CELL_00355,45.7172,9.4239,263.2,Calco,Arlate,22.711,4.39,S_ARLATE,804.1,10.05,10.13
CELL_00356,45.7172,9.4252,265.8,Calco,Arlate,28.191,5.45,S_ARLATE,679.3,8.49,8.46
CELL_00357,45.7172,9.4265,264.1,Calco,Arlate,34.782,6.72,S_ARLATE,555.1,6.94,6.98
CELL_00358,45.7172,9.4278,264.4,Calco,Arlate,43.363,8.38,S_ARLATE,432.2,5.4,5.43
CELL_00359,45.7172,9.4291,263.8,Calco,Arlate,53.266,10.29,S_ARLATE,311.9,3.9,3.95
CELL_00360,45.7172,9.4304,265.8,Calco,Arlate,65.244,12.61,S_ARLATE,199.0,2.49,2.45
CELL_00361,45.7172,9.4317,266.1,Calco,Arlate,75.235,14.54,S_ARLATE,117.7,1.47,1.42
CELL_00362,45.7172,9.433,266.9,Calco,Arlate,72.182,13.95,S_ARLATE,141.4,1.77,1.69
CELL_00363,45.7172,9.4343,265.4,Calco,Arlate,60.249,11.64,S_ARLATE,240.9,3.01,2.99
CELL_00364,45.7172,9.4356,266.1,Calco,Arlate,49.173,9.5,S_ARLATE,357.6,4.47,4.42
CELL_00365,45.7172,9.4369,262.8,Calco,Arlate,39.949,7.72,S_ARLATE,479.3,5.99,6.09
CELL_00366,45.7172,9.4382,261.7,Calco,Arlate,31.996,6.18,S_ARLATE,602.8,7.53,7.68
CELL_00367,45.7172,9.4395,261.4,Calco,Arlate,25.946,5.01,S_ARLATE,727.3,9.09,9.25
CELL_00368,45.7172,9.4408,265.6,Calco,Arlate,20.638,3.99,S_ARLATE,852.3,10.65,10.63
CELL_00369,45.7172,9.4421,263.5,Calco,Arlate,16.565,3.2,S_ARLATE,977.6,12.22,12.29
CELL_00370,45.7172,9.4434,263.5,Calco,Arlate,13.604,2.63,S_ARLATE,1103.1,13.79,13.85
CELL_00371,45.7172,9.4447,264.0,Calco,Arlate,10.709,2.07,S_ARLATE,1228.8,15.36,15.4
CELL_00372,45.7172,9.446,264.9,Calco,Arlate,8.61,1.66,S_ARLATE,1354.6,16.93,16.94
CELL_00373,45.7172,9.4473,263.7,Calco,Arlate,6.844,1.32,S_ARLATE,1480.5,18.51,18.56
CELL_00374,45.7172,9.4486,266.5,Calco,Arlate,5.841,1.13,S_ARLATE,1606.4,20.08,20.01
CELL_00375,45.7172,9.4499,266.5,Calco,Arlate,4.751,0.92,S_ARLATE,1732.4,21.65,21.59
CELL_00376,45.7181,9.368,363.9,Olgiate Molgora,San Zeno,3.345,0.74,S_SAN_ZENO,1655.8,20.7,20.75
CELL_00377,45.7181,9.3693,363.3,Olgiate Molgora,San Zeno,4.051,0.9,S_SAN_ZENO,1553.0,19.41,19.49
CELL_00378,45.7181,9.3706,360.1,Olgiate Molgora,San Zeno,4.795,1.07,S_SAN_ZENO,1453.9,18.17,18.39
CELL_00379,45.7181,9.3719,363.2,Olgiate Molgora,San Zeno,5.377,1.2,S_SAN_ZENO,1359.3,16.99,17.07
CELL_00380,45.7181,9.3732,371.6,Olgiate Molgora,San Zeno,6.406,1.42,S_SAN_ZENO,1270.3,15.88,15.59
CELL_00381,45.7181,9.3745,365.1,Olgiate Molgora,San Zeno,7.121,1.58,S_SAN_ZENO,1188.0,14.85,14.85
CELL_00382,45.7181,9.3758,362.2,Olgiate Molgora,San Zeno,8.117,1.81,S_SAN_ZENO,1113.9,13.92,14.05
CELL_00383,45.7181,9.3771,366.5,Olgiate Molgora,San Zeno,9.317,2.07,S_SAN_ZENO,1049.9,13.12,13.06
CELL_00384,45.7181,9.3784,358.9,Olgiate Molgora,San Zeno,10.27,2.28,S_SAN_ZENO,997.8,12.47,12.74
CELL_00385,45.7181,9.3797,367.2,Olgiate Molgora,San Zeno,10.709,2.38,S_SAN_ZENO,959.5,11.99,11.9
CELL_00386,45.7181,9.381,364.6,Olgiate Molgora,San Zeno,11.441,2.54,S_SAN_ZENO,936.9,11.71,11.73
CELL_00387,45.7181,9.3823,367.2,Olgiate Molgora,San Zeno,11.425,2.54,S_SAN_ZENO,931.0,11.64,11.54
CELL_00388,45.7181,9.3836,360.6,Olgiate Molgora,San Zeno,11.298,2.51,S_SAN_ZENO,942.1,11.78,11.97
CELL_00389,45.7181,9.3849,365.3,Olgiate Molgora,San Zeno,10.767,2.39,S_SAN_ZENO,969.7,12.12,12.11
CELL_00390,45.7181,9.3862,366.5,Olgiate Molgora,San Zeno,9.695,2.16,S_SAN_ZENO,1012.4,12.65,12.59
CELL_00391,45.7181,9.3875,366.5,Olgiate Molgora,San Zeno,9.134,2.03,S_SAN_ZENO,1068.4,13.35,13.29
CELL_00392,45.7181,9.3888,366.0,Olgiate Molgora,San Zeno,7.919,1.76,S_SAN_ZENO,1135.7,14.2,14.15
CELL_00393,45.7181,9.3901,360.8,Olgiate Molgora,San Zeno,7.05,1.57,S_SAN_ZENO,1212.5,15.16,15.34
CELL_00394,45.7181,9.3914,365.3,Olgiate Molgora,San Zeno,6.237,1.39,S_SAN_ZENO,1297.0,16.21,16.2
CELL_00395,45.7181,9.3927,358.1,Olgiate Molgora,San Zeno,5.229,1.16,S_SAN_ZENO,1387.9,17.35,17.65
CELL_00396,45.7181,9.394,362.0,Olgiate Molgora,San Zeno,4.418,0.98,S_SAN_ZENO,1484.0,18.55,18.68
CELL_00397,45.7181,9.3953,363.0,Olgiate Molgora,San Zeno,3.763,0.84,S_SAN_ZENO,1584.3,19.8,19.89
CELL_00398,45.7181,9.3966,367.5,Olgiate Molgora,San Zeno,3.364,0.75,S_CALCO_NAZ,1902.9,23.79,20.25
CELL_00399,45.7181,9.3992,275.1,Calco,Calco Centro,15.099,2.92,S_CALCO_NAZ,1705.8,21.32,21.54
CELL_00400,45.7181,9.4005,277.8,Calco,Calco Centro,17.51,3.38,S_CALCO_NAZ,1613.1,20.16,20.26
CELL_00401,45.7181,9.4018,274.6,Calco,Calco Centro,20.553,3.97,S_CALCO_NAZ,1525.2,19.06,19.3
CELL_00402,45.7181,9.4031,277.3,Calco,Calco Centro,23.688,4.58,S_CALCO_NAZ,1443.0,18.04,18.16
CELL_00403,45.7181,9.4044,278.8,Calco,Calco Centro,27.322,5.28,S_CALCO_NAZ,1367.5,17.09,17.15
CELL_00404,45.7181,9.4057,283.7,Calco,Calco Centro,30.718,5.93,S_CALCO_CHIESA,1253.7,15.67,15.86
CELL_00405,45.7181,9.407,278.9,Calco,Calco Centro,33.952,6.56,S_CALCO_CHIESA,1168.1,14.6,15.0
CELL_00406,45.7181,9.4083,279.7,Calco,Calco Centro,36.808,7.11,S_CALCO_CHIESA,1090.4,13.63,14.0
CELL_00407,45.7181,9.4096,279.8,Calco,Calco Centro,39.184,7.57,S_CALCO_CHIESA,1022.5,12.78,13.15
CELL_00408,45.7181,9.4109,280.6,Calco,Calco Centro,40.753,7.87,S_CALCO_CHIESA,966.4,12.08,12.41
CELL_00409,45.7181,9.4122,277.1,Calco,Calco Centro,41.529,8.02,S_CALCO_CHIESA,924.3,11.55,12.04
CELL_00410,45.7181,9.4135,275.2,Calco,Calco Centro,41.263,7.97,S_CALCO_CHIESA,898.0,11.23,11.8
CELL_00411,45.7181,9.4148,279.4,Calco,Calco Centro,39.982,7.72,S_CALCO_CHIESA,889.1,11.11,11.5
CELL_00412,45.7181,9.4161,277.8,Calco,Calco Centro,37.844,7.31,S_CALCO_CHIESA,898.0,11.23,11.68
CELL_00413,45.7181,9.4174,280.2,Calco,Calco Centro,34.978,6.76,S_CALCO_CHIESA,924.3,11.55,11.9
CELL_00414,45.7181,9.4187,278.1,Calco,Calco Centro,31.718,6.13,S_CALCO_CHIESA,966.4,12.08,12.52
CELL_00415,45.7181,9.42,267.5,Calco,Arlate,11.365,2.2,S_CALCO_CHIESA,1022.5,12.78,13.71
CELL_00416,45.7181,9.4213,267.5,Calco,Arlate,14.165,2.74,S_ARLATE,1075.2,13.44,13.33
CELL_00417,45.7181,9.4226,266.0,Calco,Arlate,17.296,3.34,S_ARLATE,952.4,11.91,11.86
CELL_00418,45.7181,9.4239,264.4,Calco,Arlate,21.348,4.12,S_ARLATE,830.7,10.38,10.41
CELL_00419,45.7181,9.4252,268.3,Calco,Arlate,26.528,5.13,S_ARLATE,710.6,8.88,8.74
CELL_00420,45.7181,9.4265,269.6,Calco,Arlate,32.416,6.26,S_ARLATE,593.0,7.41,7.21
CELL_00421,45.7181,9.4278,264.8,Calco,Arlate,39.597,7.65,S_ARLATE,479.8,6.0,6.01
CELL_00422,45.7181,9.4291,263.6,Calco,Arlate,47.913,9.26,S_ARLATE,375.1,4.69,4.75
CELL_00423,45.7181,9.4304,261.8,Calco,Arlate,55.587,10.74,S_ARLATE,288.2,3.6,3.74
CELL_00424,45.7181,9.4317,265.2,Calco,Arlate,60.613,11.71,S_ARLATE,239.3,2.99,2.98
CELL_00425,45.7181,9.433,264.4,Calco,Arlate,59.508,11.5,S_ARLATE,251.8,3.15,3.17
CELL_00426,45.7181,9.4343,265.6,Calco,Arlate,52.967,10.23,S_ARLATE,318.5,3.98,3.95
CELL_00427,45.7181,9.4356,264.0,Calco,Arlate,44.578,8.61,S_ARLATE,413.9,5.17,5.22
CELL_00428,45.7181,9.4369,262.2,Calco,Arlate,36.754,7.1,S_ARLATE,522.6,6.53,6.66
CELL_00429,45.7181,9.4382,267.6,Calco,Arlate,30.266,5.85,S_ARLATE,637.8,7.97,7.86
CELL_00430,45.7181,9.4395,268.8,Calco,Arlate,24.35,4.7,S_ARLATE,756.5,9.46,9.29
CELL_00431,45.7181,9.4408,263.1,Calco,Arlate,19.76,3.82,S_ARLATE,877.4,10.97,11.05
CELL_00432,45.7181,9.4421,259.8,Calco,Arlate,15.905,3.07,S_ARLATE,999.6,12.49,12.72
CELL_00433,45.7181,9.4434,264.1,Calco,Arlate,13.082,2.53,S_ARLATE,1122.6,14.03,14.07
CELL_00434,45.7181,9.4447,262.3,Calco,Arlate,10.451,2.02,S_ARLATE,1246.4,15.58,15.7
CELL_00435,45.7181,9.446,262.5,Calco,Arlate,8.344,1.61,S_ARLATE,1370.5,17.13,17.24
CELL_00436,45.7181,9.4473,265.7,Calco,Arlate,6.745,1.3,S_ARLATE,1495.1,18.69,18.66
CELL_00437,45.7181,9.4486,268.4,Calco,Arlate,5.599,1.08,S_ARLATE,1619.9,20.25,20.1
CELL_00438,45.719,9.3667,363.3,Olgiate Molgora,San Zeno,3.326,0.74,S_SAN_ZENO,1699.0,21.24,21.31
CELL_00439,45.719,9.368,362.8,Olgiate Molgora,San Zeno,3.896,0.87,S_SAN_ZENO,1588.9,19.86,19.96
CELL_00440,45.719,9.3693,366.6,Olgiate Molgora,San Zeno,4.564,1.02,S_SAN_ZENO,1481.5,18.52,18.45
CELL_00441,45.719,9.3706,367.8,Olgiate Molgora,San Zeno,5.421,1.21,S_SAN_ZENO,1377.2,17.22,17.09
CELL_00442,45.719,9.3719,361.2,Olgiate Molgora,San Zeno,6.126,1.36,S_SAN_ZENO,1277.0,15.96,16.13
CELL_00443,45.719,9.3732,363.8,Olgiate Molgora,San Zeno,7.463,1.66,S_SAN_ZENO,1181.7,14.77,14.82
CELL_00444,45.719,9.3745,365.9,Olgiate Molgora,San Zeno,8.776,1.95,S_SAN_ZENO,1092.8,13.66,13.62
CELL_00445,45.719,9.3758,360.1,Olgiate Molgora,San Zeno,9.978,2.22,S_SAN_ZENO,1011.8,12.65,12.86
CELL_00446,45.719,9.3771,363.4,Olgiate Molgora,San Zeno,11.025,2.45,S_SAN_ZENO,940.8,11.76,11.83
CELL_00447,45.719,9.3784,365.0,Olgiate Molgora,San Zeno,12.415,2.76,S_SAN_ZENO,882.3,11.03,11.03
CELL_00448,45.719,9.3797,367.2,Olgiate Molgora,San Zeno,13.305,2.96,S_SAN_ZENO,838.8,10.48,10.39
CELL_00449,45.719,9.381,358.3,Olgiate Molgora,San Zeno,13.804,3.07,S_SAN_ZENO,812.8,10.16,10.46
CELL_00450,45.719,9.3823,362.6,Olgiate Molgora,San Zeno,14.011,3.12,S_SAN_ZENO,806.0,10.07,10.18
CELL_00451,45.719,9.3836,361.2,Olgiate Molgora,San Zeno,13.87,3.09,S_SAN_ZENO,818.8,10.24,10.4
CELL_00452,45.719,9.3849,368.5,Olgiate Molgora,San Zeno,12.97,2.88,S_SAN_ZENO,850.4,10.63,10.48
CELL_00453,45.719,9.3862,363.6,Olgiate Molgora,San Zeno,11.966,2.66,S_SAN_ZENO,898.8,11.23,11.3
CELL_00454,45.719,9.3875,364.9,Olgiate Molgora,San Zeno,10.902,2.42,S_SAN_ZENO,961.4,12.02,12.02
CELL_00455,45.719,9.3888,361.7,Olgiate Molgora,San Zeno,9.554,2.13,S_SAN_ZENO,1035.7,12.95,13.09
CELL_00456,45.719,9.3901,362.2,Olgiate Molgora,San Zeno,8.158,1.81,S_SAN_ZENO,1119.4,13.99,14.12
CELL_00457,45.719,9.3914,365.2,Olgiate Molgora,San Zeno,7.149,1.59,S_SAN_ZENO,1210.4,15.13,15.12
CELL_00458,45.719,9.3927,361.8,Olgiate Molgora,San Zeno,5.907,1.31,S_SAN_ZENO,1307.4,16.34,16.48
CELL_00459,45.719,9.394,363.1,Olgiate Molgora,San Zeno,4.865,1.08,S_SAN_ZENO,1408.9,17.61,17.69
CELL_00460,45.719,9.3953,359.0,Olgiate Molgora,San Zeno,4.227,0.94,S_SAN_ZENO,1514.2,18.93,19.19
CELL_00461,45.719,9.3966,366.4,Olgiate Molgora,San Zeno,3.541,0.79,S_CALCO_NAZ,1831.8,22.9,19.41
CELL_00462,45.719,9.3979,280.1,Calco,Calco Centro,14.538,2.81,S_CALCO_NAZ,1727.4,21.59,21.59
CELL_00463,45.719,9.3992,281.1,Calco,Calco Centro,17.226,3.33,S_CALCO_NAZ,1626.1,20.33,20.28
CELL_00464,45.719,9.4005,274.0,Calco,Calco Centro,20.347,3.93,S_CALCO_NAZ,1528.5,19.11,19.37
CELL_00465,45.719,9.4018,280.5,Calco,Calco Centro,24.219,4.68,S_CALCO_NAZ,1435.4,17.94,17.92
CELL_00466,45.719,9.4031,278.5,Calco,Calco Centro,27.952,5.4,S_CALCO_NAZ,1347.7,16.85,16.91
CELL_00467,45.719,9.4044,278.3,Calco,Calco Centro,32.439,6.27,S_CALCO_NAZ,1266.6,15.83,15.91
CELL_00468,45.719,9.4057,280.3,Calco,Calco Centro,36.852,7.12,S_CALCO_NAZ,1193.3,14.92,14.9
CELL_00469,45.719,9.407,281.5,Calco,Calco Centro,41.381,7.99,S_CALCO_CHIESA,1076.0,13.45,13.74
CELL_00470,45.719,9.4083,278.6,Calco,Calco Centro,45.024,8.7,S_CALCO_CHIESA,991.1,12.39,12.81
CELL_00471,45.719,9.4096,276.7,Calco,Calco Centro,48.486,9.37,S_CALCO_CHIESA,915.9,11.45,11.95
CELL_00472,45.719,9.4109,279.0,Calco,Calco Centro,50.648,9.79,S_CALCO_CHIESA,852.8,10.66,11.06
CELL_00473,45.719,9.4122,274.8,Calco,Calco Centro,51.543,9.96,S_CALCO_CHIESA,804.7,10.06,10.65
CELL_00474,45.719,9.4135,280.4,Calco,Calco Centro,51.055,9.86,S_CALCO_CHIESA,774.4,9.68,10.02
CELL_00475,45.719,9.4148,281.0,Calco,Calco Centro,49.259,9.52,S_CALCO_CHIESA,764.1,9.55,9.86
CELL_00476,45.719,9.4161,277.9,Calco,Calco Centro,46.432,8.97,S_CALCO_CHIESA,774.4,9.68,10.13
CELL_00477,45.719,9.4174,277.0,Calco,Calco Centro,42.58,8.23,S_CALCO_CHIESA,804.7,10.06,10.55
CELL_00478,45.719,9.4187,281.0,Calco,Calco Centro,38.109,7.36,S_CALCO_CHIESA,852.8,10.66,10.97
CELL_00479,45.719,9.42,266.3,Calco,Arlate,10.924,2.11,S_CALCO_CHIESA,915.9,11.45,12.44
CELL_00480,45.719,9.4213,259.6,Calco,Arlate,13.084,2.53,S_CALCO_CHIESA,991.1,12.39,13.7
CELL_00481,45.719,9.4226,262.9,Calco,Arlate,16.211,3.13,S_ARLATE,990.9,12.39,12.48
CELL_00482,45.719,9.4239,258.2,Calco,Arlate,19.948,3.85,S_ARLATE,874.5,10.93,11.23
CELL_00483,45.719,9.4252,268.1,Calco,Arlate,24.255,4.69,S_ARLATE,761.3,9.52,9.38
CELL_00484,45.719,9.4265,266.7,Calco,Arlate,29.542,5.71,S_ARLATE,652.9,8.16,8.09
CELL_00485,45.719,9.4278,267.6,Calco,Arlate,34.862,6.74,S_ARLATE,552.2,6.9,6.79
CELL_00486,45.719,9.4291,268.7,Calco,Arlate,40.865,7.9,S_ARLATE,464.1,5.8,5.64
CELL_00487,45.719,9.4304,261.8,Calco,Arlate,45.957,8.88,S_ARLATE,397.2,4.96,5.11
CELL_00488,45.719,9.4317,267.1,Calco,Arlate,48.828,9.43,S_ARLATE,363.3,4.54,4.45
CELL_00489,45.719,9.433,264.2,Calco,Arlate,48.001,9.27,S_ARLATE,371.6,4.65,4.68
CELL_00490,45.719,9.4343,267.1,Calco,Arlate,44.142,8.53,S_ARLATE,419.7,5.25,5.15
CELL_00491,45.719,9.4356,267.1,Calco,Arlate,38.668,7.47,S_ARLATE,496.0,6.2,6.11
CELL_00492,45.719,9.4369,267.8,Calco,Arlate,32.839,6.34,S_ARLATE,589.8,7.37,7.25
CELL_00493,45.719,9.4382,269.5,Calco,Arlate,27.486,5.31,S_ARLATE,693.9,8.67,8.48
CELL_00494,45.719,9.4395,263.8,Calco,Arlate,22.441,4.34,S_ARLATE,804.4,10.05,10.11
CELL_00495,45.719,9.4408,267.1,Calco,Arlate,18.541,3.58,S_ARLATE,919.0,11.49,11.4
CELL_00496,45.719,9.4421,266.3,Calco,Arlate,15.19,2.93,S_ARLATE,1036.2,12.95,12.9
CELL_00497,45.719,9.4434,268.7,Calco,Arlate,12.239,2.36,S_ARLATE,1155.4,14.44,14.28
CELL_00498,45.719,9.4447,264.6,Calco,Arlate,10.061,1.94,S_ARLATE,1276.0,15.95,15.97
CELL_00499,45.719,9.446,263.1,Calco,Arlate,8.182,1.58,S_ARLATE,1397.5,17.47,17.55
CELL_00500,45.719,9.4473,264.1,Calco,Arlate,6.682,1.29,S_ARLATE,1519.8,19.0,19.04
CELL_00501,45.719,9.4486,269.8,Calco,Arlate,5.506,1.06,S_ARLATE,1642.8,20.53,20.33
CELL_00502,45.7199,9.3667,365.1,Olgiate Molgora,San Zeno,3.271,0.73,S_SAN_ZENO,1643.3,20.54,20.54
CELL_00503,45.7199,9.368,365.7,Olgiate Molgora,San Zeno,4.177,0.93,S_SAN_ZENO,1529.3,19.12,19.09
CELL_00504,45.7199,9.3693,358.9,Olgiate Molgora,San Zeno,4.999,1.11,S_SAN_ZENO,1417.4,17.72,17.99
CELL_00505,45.7199,9.3706,359.9,Olgiate Molgora,San Zeno,5.872,1.31,S_SAN_ZENO,1308.0,16.35,16.58
CELL_00506,45.7199,9.3719,368.0,Olgiate Molgora,San Zeno,7.17,1.59,S_SAN_ZENO,1202.0,15.03,14.89
CELL_00507,45.7199,9.3732,362.0,Olgiate Molgora,San Zeno,8.461,1.88,S_SAN_ZENO,1100.3,13.75,13.89
CELL_00508,45.7199,9.3745,363.9,Olgiate Molgora,San Zeno,10.062,2.24,S_SAN_ZENO,1004.1,12.55,12.6
CELL_00509,45.7199,9.3758,361.2,Olgiate Molgora,San Zeno,11.653,2.59,S_SAN_ZENO,915.3,11.44,11.61
CELL_00510,45.7199,9.3771,364.8,Olgiate Molgora,San Zeno,13.277,2.95,S_SAN_ZENO,836.2,10.45,10.46
CELL_00511,45.7199,9.3784,369.8,Olgiate Molgora,San Zeno,14.928,3.32,S_SAN_ZENO,769.8,9.62,9.41
CELL_00512,45.7199,9.3797,369.2,Olgiate Molgora,San Zeno,16.241,3.61,S_SAN_ZENO,719.5,8.99,8.81
CELL_00513,45.7199,9.381,363.1,Olgiate Molgora,San Zeno,17.328,3.85,S_SAN_ZENO,689.1,8.61,8.7
CELL_00514,45.7199,9.3823,364.4,Olgiate Molgora,San Zeno,17.655,3.93,S_SAN_ZENO,681.0,8.51,8.54
CELL_00515,45.7199,9.3836,364.6,Olgiate Molgora,San Zeno,17.068,3.8,S_SAN_ZENO,696.1,8.7,8.72
CELL_00516,45.7199,9.3849,364.9,Olgiate Molgora,San Zeno,15.783,3.51,S_SAN_ZENO,733.0,9.16,9.17
CELL_00517,45.7199,9.3862,366.9,Olgiate Molgora,San Zeno,14.348,3.19,S_SAN_ZENO,788.6,9.86,9.78
CELL_00518,45.7199,9.3875,367.7,Olgiate Molgora,San Zeno,12.93,2.88,S_SAN_ZENO,859.3,10.74,10.62
CELL_00519,45.7199,9.3888,364.3,Olgiate Molgora,San Zeno,11.257,2.5,S_SAN_ZENO,941.7,11.77,11.8
CELL_00520,45.7199,9.3901,365.3,Olgiate Molgora,San Zeno,9.428,2.1,S_SAN_ZENO,1033.0,12.91,12.9
CELL_00521,45.7199,9.3914,356.6,Olgiate Molgora,San Zeno,7.859,1.75,S_SAN_ZENO,1131.0,14.14,14.51
CELL_00522,45.7199,9.3927,367.5,Olgiate Molgora,San Zeno,6.672,1.48,S_SAN_ZENO,1234.2,15.43,15.32
CELL_00523,45.7199,9.394,359.1,Olgiate Molgora,San Zeno,5.439,1.21,S_SAN_ZENO,1341.4,16.77,17.03
CELL_00524,45.7199,9.3953,367.7,Olgiate Molgora,San Zeno,4.573,1.02,S_SAN_ZENO,1451.6,18.14,18.03
CELL_00525,45.7199,9.3966,359.2,Olgiate Molgora,San Zeno,3.994,0.89,S_OLGIATE_FS,1728.2,21.6,18.66
CELL_00526,45.7199,9.3979,281.1,Calco,Calco Centro,16.268,3.14,S_CALCO_NAZ,1658.1,20.73,20.68
CELL_00527,45.7199,9.3992,273.7,Calco,Calco Centro,19.769,3.82,S_CALCO_NAZ,1552.3,19.4,19.68
CELL_00528,45.7199,9.4005,278.6,Calco,Calco Centro,23.268,4.5,S_CALCO_NAZ,1449.8,18.12,18.18
CELL_00529,45.7199,9.4018,274.8,Calco,Calco Centro,28.011,5.41,S_CALCO_NAZ,1351.3,16.89,17.12
CELL_00530,45.7199,9.4031,276.8,Calco,Calco Centro,32.735,6.32,S_CALCO_NAZ,1257.7,15.72,15.86
CELL_00531,45.7199,9.4044,283.6,Calco,Calco Centro,38.281,7.4,S_CALCO_NAZ,1170.4,14.63,14.47
CELL_00532,45.7199,9.4057,280.7,Calco,Calco Centro,43.92,8.49,S_CALCO_NAZ,1090.6,13.63,13.6
CELL_00533,45.7199,9.407,279.8,Calco,Calco Centro,49.785,9.62,S_CALCO_CHIESA,991.1,12.39,12.75
CELL_00534,45.7199,9.4083,280.6,Calco,Calco Centro,55.209,10.67,S_CALCO_CHIESA,898.3,11.23,11.56
CELL_00535,45.7199,9.4096,278.6,Calco,Calco Centro,59.865,11.57,S_CALCO_CHIESA,814.5,10.18,10.6
CELL_00536,45.7199,9.4109,279.6,Calco,Calco Centro,62.957,12.16,S_CALCO_CHIESA,742.9,9.29,9.66
CELL_00537,45.7199,9.4122,275.3,Calco,Calco Centro,64.41,12.44,S_CALCO_CHIESA,687.1,8.59,9.16
CELL_00538,45.7199,9.4135,281.2,Calco,Calco Centro,63.741,12.31,S_CALCO_CHIESA,651.4,8.14,8.45
CELL_00539,45.7199,9.4148,283.1,Calco,Calco Centro,61.099,11.8,S_CALCO_CHIESA,639.0,7.99,8.21
CELL_00540,45.7199,9.4161,279.3,Calco,Calco Centro,56.631,10.94,S_CALCO_CHIESA,651.4,8.14,8.53
CELL_00541,45.7199,9.4174,277.3,Calco,Calco Centro,51.379,9.93,S_CALCO_CHIESA,687.1,8.59,9.07
CELL_00542,45.7199,9.4187,280.9,Calco,Calco Centro,45.877,8.86,S_CALCO_CHIESA,742.9,9.29,9.6
CELL_00543,45.7199,9.42,277.6,Calco,Calco Centro,40.114,7.75,S_CALCO_CHIESA,814.5,10.18,10.65
CELL_00544,45.7199,9.4213,269.4,Calco,Arlate,12.195,2.36,S_CALCO_CHIESA,898.3,11.23,12.07
CELL_00545,45.7199,9.4226,264.7,Calco,Arlate,14.913,2.88,S_ARLATE,1043.0,13.04,13.05
CELL_00546,45.7199,9.4239,265.2,Calco,Arlate,17.941,3.47,S_ARLATE,933.1,11.66,11.66
CELL_00547,45.7199,9.4252,263.7,Calco,Arlate,21.734,4.2,S_ARLATE,828.0,10.35,10.41
CELL_00548,45.7199,9.4265,264.1,Calco,Arlate,25.576,4.94,S_ARLATE,729.6,9.12,9.16
CELL_00549,45.7199,9.4278,267.1,Calco,Arlate,29.918,5.78,S_ARLATE,641.0,8.01,7.92
CELL_00550,45.7199,9.4291,269.3,Calco,Arlate,34.183,6.6,S_ARLATE,566.9,7.09,6.9
CELL_00551,45.7199,9.4304,266.2,Calco,Arlate,37.626,7.27,S_ARLATE,513.5,6.42,6.37
CELL_00552,45.7199,9.4317,262.3,Calco,Arlate,39.413,7.61,S_ARLATE,487.8,6.1,6.22
CELL_00553,45.7199,9.433,265.1,Calco,Arlate,39.03,7.54,S_ARLATE,494.0,6.18,6.17
CELL_00554,45.7199,9.4343,265.5,Calco,Arlate,36.611,7.07,S_ARLATE,531.1,6.64,6.62
CELL_00555,45.7199,9.4356,266.5,Calco,Arlate,32.743,6.33,S_ARLATE,593.3,7.42,7.35
CELL_00556,45.7199,9.4369,265.8,Calco,Arlate,28.233,5.45,S_ARLATE,673.6,8.42,8.39
CELL_00557,45.7199,9.4382,269.1,Calco,Arlate,24.197,4.67,S_ARLATE,766.4,9.58,9.4
CELL_00558,45.7199,9.4395,267.9,Calco,Arlate,20.393,3.94,S_ARLATE,867.7,10.85,10.72
CELL_00559,45.7199,9.4408,261.7,Calco,Arlate,16.65,3.22,S_ARLATE,974.9,12.19,12.33
CELL_00560,45.7199,9.4421,269.9,Calco,Arlate,13.675,2.64,S_ARLATE,1086.2,13.58,13.36
CELL_00561,45.7199,9.4434,267.9,Calco,Arlate,11.446,2.21,S_ARLATE,1200.4,15.0,14.88
CELL_00562,45.7199,9.4447,262.1,Calco,Arlate,9.462,1.83,S_ARLATE,1316.8,16.46,16.59
CELL_00563,45.7199,9.446,270.2,Calco,Arlate,7.726,1.49,S_ARLATE,1434.9,17.94,17.71
CELL_00564,45.7199,9.4473,263.9,Calco,Arlate,6.371,1.23,S_ARLATE,1554.3,19.43,19.48
CELL_00565,45.7199,9.4486,262.0,Calco,Arlate,4.896,0.95,S_ARLATE,1674.7,20.93,21.07
CELL_00566,45.7208,9.3654,363.5,Olgiate Molgora,San Zeno,3.143,0.7,S_SAN_ZENO,1714.5,21.43,21.5
CELL_00567,45.7208,9.3667,358.1,Olgiate Molgora,San Zeno,3.64,0.81,S_SAN_ZENO,1595.6,19.95,20.25
CELL_00568,45.7208,9.368,364.4,Olgiate Molgora,San Zeno,4.518,1.0,S_SAN_ZENO,1477.9,18.47,18.5
CELL_00569,45.7208,9.3693,363.1,Olgiate Molgora,San Zeno,5.552,1.23,S_SAN_ZENO,1361.7,17.02,17.11
CELL_00570,45.7208,9.3706,366.1,Olgiate Molgora,San Zeno,6.593,1.47,S_SAN_ZENO,1247.5,15.59,15.55
CELL_00571,45.7208,9.3719,364.0,Olgiate Molgora,San Zeno,7.858,1.75,S_SAN_ZENO,1135.9,14.2,14.24
CELL_00572,45.7208,9.3732,361.2,Olgiate Molgora,San Zeno,9.389,2.09,S_SAN_ZENO,1027.6,12.85,13.01
CELL_00573,45.7208,9.3745,368.8,Olgiate Molgora,San Zeno,11.461,2.55,S_SAN_ZENO,923.9,11.55,11.38
CELL_00574,45.7208,9.3758,363.5,Olgiate Molgora,San Zeno,13.679,3.04,S_SAN_ZENO,826.6,10.33,10.4
CELL_00575,45.7208,9.3771,362.3,Olgiate Molgora,San Zeno,15.714,3.5,S_SAN_ZENO,738.0,9.22,9.34
CELL_00576,45.7208,9.3784,365.8,Olgiate Molgora,San Zeno,17.987,4.0,S_SAN_ZENO,661.8,8.27,8.24
CELL_00577,45.7208,9.3797,366.7,Olgiate Molgora,San Zeno,20.017,4.45,S_SAN_ZENO,602.6,7.53,7.46
CELL_00578,45.7208,9.381,363.6,Olgiate Molgora,San Zeno,21.457,4.77,S_SAN_ZENO,565.9,7.07,7.13
CELL_00579,45.7208,9.3823,366.7,Olgiate Molgora,San Zeno,21.535,4.79,S_SAN_ZENO,556.0,6.95,6.88
CELL_00580,45.7208,9.3836,357.5,Olgiate Molgora,San Zeno,21.151,4.7,S_SAN_ZENO,574.5,7.18,7.52
CELL_00581,45.7208,9.3849,361.1,Olgiate Molgora,San Zeno,19.508,4.34,S_SAN_ZENO,618.7,7.73,7.91
CELL_00582,45.7208,9.3862,359.9,Olgiate Molgora,San Zeno,17.302,3.85,S_SAN_ZENO,683.6,8.55,8.77
CELL_00583,45.7208,9.3875,361.1,Olgiate Molgora,San Zeno,15.001,3.34,S_SAN_ZENO,764.1,9.55,9.72
CELL_00584,45.7208,9.3888,357.1,Olgiate Molgora,San Zeno,13.008,2.89,S_SAN_ZENO,855.7,10.7,11.05
CELL_00585,45.7208,9.3901,364.7,Olgiate Molgora,San Zeno,10.801,2.4,S_SAN_ZENO,955.3,11.94,11.95
CELL_00586,45.7208,9.3914,362.6,Olgiate Molgora,San Zeno,9.1,2.02,S_SAN_ZENO,1060.5,13.26,13.36
CELL_00587,45.7208,9.3927,363.0,Olgiate Molgora,San Zeno,7.468,1.66,S_SAN_ZENO,1169.9,14.62,14.71
CELL_00588,45.7208,9.394,361.4,Olgiate Molgora,San Zeno,6.182,1.38,S_SAN_ZENO,1282.4,16.03,16.19
CELL_00589,45.7208,9.3953,365.6,Olgiate Molgora,San Zeno,5.055,1.12,S_SAN_ZENO,1397.3,17.47,17.44
CELL_00590,45.7208,9.3966,364.3,Olgiate Molgora,San Zeno,4.043,0.9,S_OLGIATE_FS,1612.8,20.16,17.05
CELL_00591,45.7208,9.3979,274.1,Calco,Calco Centro,18.305,3.54,S_OLGIATE_FS,1566.8,19.59,20.16
CELL_00592,45.7208,9.3992,283.1,Calco,Calco Centro,21.908,4.23,S_CALCO_NAZ,1485.4,18.57,18.43
CELL_00593,45.7208,9.4005,276.9,Calco,Calco Centro,26.429,5.11,S_CALCO_NAZ,1377.9,17.22,17.36
CELL_00594,45.7208,9.4018,279.0,Calco,Calco Centro,31.818,6.15,S_CALCO_NAZ,1273.9,15.92,15.97
CELL_00595,45.7208,9.4031,277.2,Calco,Calco Centro,38.066,7.35,S_CALCO_NAZ,1174.2,14.68,14.8
CELL_00596,45.7208,9.4044,278.0,Calco,Calco Centro,44.847,8.66,S_CALCO_NAZ,1080.1,13.5,13.59
CELL_00597,45.7208,9.4057,274.6,Calco,Calco Centro,52.338,10.11,S_CALCO_NAZ,993.1,12.41,12.65
CELL_00598,45.7208,9.407,280.2,Calco,Calco Centro,59.923,11.58,S_CALCO_NAZ,915.3,11.44,11.43
CELL_00599,45.7208,9.4083,278.6,Calco,Calco Centro,67.38,13.02,S_CALCO_CHIESA,814.1,10.18,10.6
CELL_00600,45.7208,9.4096,275.6,Calco,Calco Centro,73.585,14.22,S_CALCO_CHIESA,720.6,9.01,9.57
CELL_00601,45.7208,9.4109,277.4,Calco,Calco Centro,78.167,15.1,S_CALCO_CHIESA,638.5,7.98,8.46
CELL_00602,45.7208,9.4122,280.8,Calco,Calco Centro,80.255,15.51,S_CALCO_CHIESA,572.7,7.16,7.48
CELL_00603,45.7208,9.4135,278.3,Calco,Calco Centro,79.152,15.29,S_CALCO_CHIESA,529.3,6.62,7.05
CELL_00604,45.7208,9.4148,277.7,Calco,Calco Centro,75.067,14.5,S_CALCO_CHIESA,514.0,6.43,6.89
CELL_00605,45.7208,9.4161,280.7,Calco,Calco Centro,69.452,13.42,S_CALCO_CHIESA,529.3,6.62,6.94
CELL_00606,45.7208,9.4174,276.7,Calco,Calco Centro,62.343,12.04,S_CALCO_CHIESA,572.7,7.16,7.67
CELL_00607,45.7208,9.4187,279.5,Calco,Calco Centro,54.333,10.5,S_CALCO_CHIESA,638.5,7.98,8.36
CELL_00608,45.7208,9.42,281.6,Calco,Calco Centro,46.997,9.08,S_CALCO_CHIESA,720.6,9.01,9.29
CELL_00609,45.7208,9.4213,310.0,Calco,Calco Superiore,6.413,1.24,S_CALCO_CHIESA,814.1,10.18,9.26
CELL_00610,45.7208,9.4226,262.3,Calco,Arlate,13.386,2.59,S_CALCO_CHIESA,915.5,11.44,12.63
CELL_00611,45.7208,9.4239,266.4,Calco,Arlate,16.018,3.09,S_ARLATE,1004.0,12.55,12.49
CELL_00612,45.7208,9.4252,263.5,Calco,Arlate,18.851,3.64,S_ARLATE,907.1,11.34,11.4
CELL_00613,45.7208,9.4265,270.9,Calco,Arlate,22.257,4.3,S_ARLATE,818.2,10.23,9.97
CELL_00614,45.7208,9.4278,265.5,Calco,Arlate,25.101,4.85,S_ARLATE,740.3,9.25,9.23
CELL_00615,45.7208,9.4291,263.7,Calco,Arlate,28.131,5.43,S_ARLATE,677.2,8.46,8.52
CELL_00616,45.7208,9.4304,265.7,Calco,Arlate,30.666,5.92,S_ARLATE,633.2,7.91,7.88
CELL_00617,45.7208,9.4317,261.8,Calco,Arlate,31.744,6.13,S_ARLATE,612.5,7.66,7.8
CELL_00618,45.7208,9.433,267.3,Calco,Arlate,31.283,6.04,S_ARLATE,617.5,7.72,7.62
CELL_00619,45.7208,9.4343,262.1,Calco,Arlate,29.904,5.78,S_ARLATE,647.5,8.09,8.22
CELL_00620,45.7208,9.4356,264.5,Calco,Arlate,27.325,5.28,S_ARLATE,699.4,8.74,8.76
CELL_00621,45.7208,9.4369,266.9,Calco,Arlate,24.166,4.67,S_ARLATE,768.8,9.61,9.53
CELL_00622,45.7208,9.4382,264.5,Calco,Arlate,20.694,4.0,S_ARLATE,851.3,10.64,10.66
CELL_00623,45.7208,9.4395,267.7,Calco,Arlate,17.845,3.45,S_ARLATE,943.5,11.79,11.68
CELL_00624,45.7208,9.4408,267.2,Calco,Arlate,14.853,2.87,S_ARLATE,1042.9,13.04,12.94
CELL_00625,45.7208,9.4421,264.7,Calco,Arlate,12.316,2.38,S_ARLATE,1147.6,14.34,14.36
CELL_00626,45.7208,9.4434,266.5,Calco,Arlate,10.127,1.96,S_ARLATE,1256.3,15.7,15.64
CELL_00627,45.7208,9.4447,270.0,Calco,Arlate,8.686,1.68,S_ARLATE,1367.9,17.1,16.88
CELL_00628,45.7208,9.446,261.4,Calco,Arlate,7.191,1.39,S_ARLATE,1482.0,18.52,18.68
CELL_00629,45.7208,9.4473,266.3,Calco,Arlate,5.629,1.09,S_ARLATE,1597.8,19.97,19.92
CELL_00630,45.7208,9.4486,270.0,Calco,Arlate,4.575,0.88,S_ARLATE,1715.2,21.44,21.22
CELL_00631,45.7217,9.3654,365.6,Olgiate Molgora,San Zeno,3.077,0.68,S_SAN_ZENO,1678.2,20.98,20.95
CELL_00632,45.7217,9.3667,365.2,Olgiate Molgora,San Zeno,3.739,0.83,S_SAN_ZENO,1556.5,19.46,19.45
CELL_00633,45.7217,9.368,369.6,Olgiate Molgora,San Zeno,4.702,1.05,S_SAN_ZENO,1435.6,17.94,17.74
CELL_00634,45.7217,9.3693,361.7,Olgiate Molgora,San Zeno,5.935,1.32,S_SAN_ZENO,1315.7,16.45,16.59
CELL_00635,45.7217,9.3706,369.8,Olgiate Molgora,San Zeno,7.131,1.59,S_SAN_ZENO,1197.1,14.96,14.76
CELL_00636,45.7217,9.3719,370.1,Olgiate Molgora,San Zeno,8.833,1.96,S_SAN_ZENO,1080.2,13.5,13.28
CELL_00637,45.7217,9.3732,368.8,Olgiate Molgora,San Zeno,10.659,2.37,S_SAN_ZENO,965.8,12.07,11.91
CELL_00638,45.7217,9.3745,363.4,Olgiate Molgora,San Zeno,13.004,2.89,S_SAN_ZENO,854.6,10.68,10.75
CELL_00639,45.7217,9.3758,363.7,Olgiate Molgora,San Zeno,15.483,3.44,S_SAN_ZENO,748.2,9.35,9.41
CELL_00640,45.7217,9.3771,365.7,Olgiate Molgora,San Zeno,18.558,4.13,S_SAN_ZENO,649.1,8.11,8.08
CELL_00641,45.7217,9.3784,360.8,Olgiate Molgora,San Zeno,21.327,4.74,S_SAN_ZENO,560.9,7.01,7.2
CELL_00642,45.7217,9.3797,364.9,Olgiate Molgora,San Zeno,24.093,5.36,S_SAN_ZENO,489.7,6.12,6.13
CELL_00643,45.7217,9.381,361.8,Olgiate Molgora,San Zeno,26.434,5.88,S_SAN_ZENO,443.7,5.55,5.69
CELL_00644,45.7217,9.3823,364.0,Olgiate Molgora,San Zeno,27.001,6.01,S_SAN_ZENO,431.1,5.39,5.43
CELL_00645,45.7217,9.3836,360.9,Olgiate Molgora,San Zeno,25.87,5.75,S_SAN_ZENO,454.6,5.68,5.87
CELL_00646,45.7217,9.3849,367.0,Olgiate Molgora,San Zeno,23.502,5.23,S_SAN_ZENO,509.3,6.37,6.28
CELL_00647,45.7217,9.3862,360.9,Olgiate Molgora,San Zeno,20.634,4.59,S_SAN_ZENO,586.6,7.33,7.51
CELL_00648,45.7217,9.3875,364.4,Olgiate Molgora,San Zeno,17.579,3.91,S_SAN_ZENO,678.6,8.48,8.51
CELL_00649,45.7217,9.3888,359.0,Olgiate Molgora,San Zeno,14.566,3.24,S_SAN_ZENO,780.3,9.75,10.02
CELL_00650,45.7217,9.3901,367.2,Olgiate Molgora,San Zeno,12.23,2.72,S_SAN_ZENO,888.4,11.1,11.01
CELL_00651,45.7217,9.3914,366.4,Olgiate Molgora,San Zeno,10.133,2.25,S_SAN_ZENO,1000.7,12.51,12.45
CELL_00652,45.7217,9.3927,369.5,Olgiate Molgora,San Zeno,8.362,1.86,S_SAN_ZENO,1116.0,13.95,13.75
CELL_00653,45.7217,9.394,367.0,Olgiate Molgora,San Zeno,6.821,1.52,S_SAN_ZENO,1233.4,15.42,15.33
CELL_00654,45.7217,9.3953,362.9,Olgiate Molgora,San Zeno,5.47,1.22,S_OLGIATE_FS,1557.2,19.47,16.41
CELL_00655,45.7217,9.3966,362.5,Olgiate Molgora,San Zeno,4.482,1.0,S_OLGIATE_FS,1498.9,18.74,15.75
CELL_00656,45.7217,9.3979,280.6,Calco,Calco Centro,19.995,3.86,S_OLGIATE_FS,1449.4,18.12,18.4
CELL_00657,45.7217,9.3992,282.4,Calco,Calco Centro,24.213,4.68,S_CALCO_NAZ,1426.3,17.83,17.72
CELL_00658,45.7217,9.4005,282.0,Calco,Calco Centro,29.837,5.76,S_CALCO_NAZ,1314.0,16.43,16.34
CELL_00659,45.7217,9.4018,282.3,Calco,Calco Centro,35.948,6.95,S_CALCO_NAZ,1204.5,15.06,14.96
CELL_00660,45.7217,9.4031,278.8,Calco,Calco Centro,43.346,8.37,S_CALCO_NAZ,1098.5,13.73,13.78
CELL_00661,45.7217,9.4044,277.5,Calco,Calco Centro,51.571,9.96,S_CALCO_NAZ,997.3,12.47,12.58
CELL_00662,45.7217,9.4057,276.4,Calco,Calco Centro,61.109,11.81,S_CALCO_NAZ,902.4,11.28,11.44
CELL_00663,45.7217,9.407,277.1,Calco,Calco Centro,71.132,13.74,S_CALCO_NAZ,816.0,10.2,10.33
CELL_00664,45.7217,9.4083,283.8,Calco,Calco Centro,81.139,15.68,S_CALCO_NAZ,741.2,9.27,9.1
CELL_00665,45.7217,9.4096,284.1,Calco,Calco Centro,90.306,17.45,S_CALCO_CHIESA,637.5,7.97,8.14
CELL_00666,45.7217,9.4109,277.9,Calco,Calco Centro,96.631,18.67,S_CALCO_CHIESA,542.9,6.79,7.24
CELL_00667,45.7217,9.4122,275.3,Calco,Calco Centro,99.708,19.26,S_CALCO_CHIESA,463.8,5.8,6.38
CELL_00668,45.7217,9.4135,273.8,Calco,Calco Centro,98.163,18.97,S_CALCO_CHIESA,409.0,5.11,5.77
CELL_00669,45.7217,9.4148,281.1,Calco,Calco Centro,92.584,17.89,S_CALCO_CHIESA,389.0,4.86,5.17
CELL_00670,45.7217,9.4161,276.4,Calco,Calco Centro,84.058,16.24,S_CALCO_CHIESA,409.0,5.11,5.65
CELL_00671,45.7217,9.4174,279.8,Calco,Calco Centro,74.192,14.33,S_CALCO_CHIESA,463.8,5.8,6.17
CELL_00672,45.7217,9.4187,279.5,Calco,Calco Centro,64.151,12.39,S_CALCO_CHIESA,542.9,6.79,7.17
CELL_00673,45.7217,9.42,287.0,Calco,Calco Centro,54.558,10.54,S_CALCO_CHIESA,637.5,7.97,8.01
CELL_00674,45.7217,9.4213,323.9,Calco,Calco Superiore,8.179,1.58,S_CALCO_CHIESA,741.5,9.27,7.82
CELL_00675,45.7217,9.4226,320.0,Calco,Calco Superiore,7.688,1.49,S_CALCO_CHIESA,851.6,10.65,9.33
CELL_00676,45.7217,9.4239,269.7,Calco,Arlate,13.987,2.7,S_CALCO_CHIESA,965.6,12.07,12.9
CELL_00677,45.7217,9.4252,263.2,Calco,Arlate,16.21,3.13,S_ARLATE,995.6,12.45,12.52
CELL_00678,45.7217,9.4265,258.9,Calco,Arlate,18.475,3.57,S_ARLATE,915.4,11.44,11.71
CELL_00679,45.7217,9.4278,266.8,Calco,Arlate,21.093,4.08,S_ARLATE,846.5,10.58,10.5
CELL_00680,45.7217,9.4291,264.9,Calco,Arlate,23.347,4.51,S_ARLATE,791.9,9.9,9.9
CELL_00681,45.7217,9.4304,264.3,Calco,Arlate,24.662,4.76,S_ARLATE,754.6,9.43,9.46
CELL_00682,45.7217,9.4317,267.2,Calco,Arlate,25.306,4.89,S_ARLATE,737.3,9.22,9.12
CELL_00683,45.7217,9.433,265.8,Calco,Arlate,25.448,4.92,S_ARLATE,741.5,9.27,9.23
CELL_00684,45.7217,9.4343,261.2,Calco,Arlate,24.386,4.71,S_ARLATE,766.7,9.58,9.75
CELL_00685,45.7217,9.4356,272.0,Calco,Arlate,22.386,4.32,S_ARLATE,811.0,10.14,9.84
CELL_00686,45.7217,9.4369,266.5,Calco,Arlate,20.09,3.88,S_ARLATE,871.5,10.89,10.83
CELL_00687,45.7217,9.4382,266.6,Calco,Arlate,17.555,3.39,S_ARLATE,945.1,11.81,11.74
CELL_00688,45.7217,9.4395,267.3,Calco,Arlate,15.453,2.99,S_ARLATE,1028.9,12.86,12.76
CELL_00689,45.7217,9.4408,273.8,Calco,Arlate,13.227,2.56,S_ARLATE,1120.8,14.01,13.63
CELL_00690,45.7217,9.4421,263.5,Calco,Arlate,10.943,2.11,S_ARLATE,1218.8,15.23,15.3
CELL_00691,45.7217,9.4434,265.3,Calco,Arlate,9.401,1.82,S_ARLATE,1321.6,16.52,16.51
CELL_00692,45.7217,9.4447,266.0,Calco,Arlate,7.768,1.5,S_ARLATE,1428.2,17.85,17.81
CELL_00693,45.7217,9.446,262.3,Calco,Arlate,6.242,1.21,S_ARLATE,1537.8,19.22,19.34
CELL_00694,45.7217,9.4473,269.1,Calco,Arlate,5.265,1.02,S_ARLATE,1649.7,20.62,20.44
CELL_00695,45.7226,9.3654,369.0,Olgiate Molgora,San Zeno,3.18,0.71,S_SAN_ZENO,1650.5,20.63,20.46
CELL_00696,45.7226,9.3667,362.4,Olgiate Molgora,San Zeno,3.985,0.89,S_SAN_ZENO,1526.6,19.08,19.2
CELL_00697,45.7226,9.368,365.0,Olgiate Molgora,San Zeno,5.211,1.16,S_SAN_ZENO,1403.2,17.54,17.54
CELL_00698,45.7226,9.3693,362.4,Olgiate Molgora,San Zeno,6.174,1.37,S_SAN_ZENO,1280.2,16.0,16.12
CELL_00699,45.7226,9.3706,367.7,Olgiate Molgora,San Zeno,7.689,1.71,S_SAN_ZENO,1158.0,14.47,14.36
CELL_00700,45.7226,9.3719,363.4,Olgiate Molgora,San Zeno,9.48,2.11,S_SAN_ZENO,1036.7,12.96,13.03
CELL_00701,45.7226,9.3732,366.6,Olgiate Molgora,San Zeno,11.63,2.59,S_SAN_ZENO,916.9,11.46,11.39
CELL_00702,45.7226,9.3745,368.6,Olgiate Molgora,San Zeno,14.088,3.13,S_SAN_ZENO,798.9,9.99,9.83
CELL_00703,45.7226,9.3758,368.7,Olgiate Molgora,San Zeno,17.287,3.85,S_SAN_ZENO,684.0,8.55,8.39
CELL_00704,45.7226,9.3771,367.3,Olgiate Molgora,San Zeno,20.918,4.65,S_SAN_ZENO,573.8,7.17,7.07
CELL_00705,45.7226,9.3784,359.4,Olgiate Molgora,San Zeno,25.114,5.59,S_SAN_ZENO,471.8,5.9,6.15
CELL_00706,45.7226,9.3797,362.4,Olgiate Molgora,San Zeno,28.986,6.45,S_SAN_ZENO,384.4,4.8,4.92
CELL_00707,45.7226,9.381,363.4,Olgiate Molgora,San Zeno,32.265,7.18,S_SAN_ZENO,323.8,4.05,4.12
CELL_00708,45.7226,9.3823,364.6,Olgiate Molgora,San Zeno,33.538,7.46,S_SAN_ZENO,306.2,3.83,3.85
CELL_00709,45.7226,9.3836,366.9,Olgiate Molgora,San Zeno,31.676,7.05,S_SAN_ZENO,338.6,4.23,4.15
CELL_00710,45.7226,9.3849,364.6,Olgiate Molgora,San Zeno,27.889,6.2,S_SAN_ZENO,409.1,5.11,5.13
CELL_00711,45.7226,9.3862,362.0,Olgiate Molgora,San Zeno,23.592,5.25,S_SAN_ZENO,502.0,6.27,6.41
CELL_00712,45.7226,9.3875,362.3,Olgiate Molgora,San Zeno,19.908,4.43,S_SAN_ZENO,607.0,7.59,7.71
CELL_00713,45.7226,9.3888,363.3,Olgiate Molgora,San Zeno,16.2,3.6,S_SAN_ZENO,718.9,8.99,9.06
CELL_00714,45.7226,9.3901,364.9,Olgiate Molgora,San Zeno,13.434,2.99,S_SAN_ZENO,834.9,10.44,10.44
CELL_00715,45.7226,9.3914,366.0,Olgiate Molgora,San Zeno,10.894,2.42,S_SAN_ZENO,953.6,11.92,11.88
CELL_00716,45.7226,9.3927,365.7,Olgiate Molgora,San Zeno,8.87,1.97,S_SAN_ZENO,1073.9,13.42,13.39
CELL_00717,45.7226,9.394,366.4,Olgiate Molgora,San Zeno,7.2,1.6,S_SAN_ZENO,1195.5,14.94,14.88
CELL_00718,45.7226,9.3953,364.9,Olgiate Molgora,San Zeno,5.705,1.27,S_OLGIATE_FS,1449.8,18.12,15.41
CELL_00719,45.7226,9.3966,365.3,Olgiate Molgora,San Zeno,4.95,1.1,S_OLGIATE_FS,1387.0,17.34,14.89
CELL_00720,45.7226,9.3979,283.4,Olgiate Molgora,Olgiate Centro,19.963,4.44,S_OLGIATE_FS,1333.3,16.67,16.82
CELL_00721,45.7226,9.3992,280.2,Calco,Calco Centro,26.68,5.15,S_OLGIATE_FS,1289.7,16.12,16.42
CELL_00722,45.7226,9.4005,280.3,Calco,Calco Centro,32.58,6.29,S_CALCO_NAZ,1259.4,15.74,15.73
CELL_00723,45.7226,9.4018,282.7,Calco,Calco Centro,39.805,7.69,S_CALCO_NAZ,1144.6,14.31,14.19
CELL_00724,45.7226,9.4031,278.9,Calco,Calco Centro,48.731,9.41,S_CALCO_NAZ,1032.5,12.91,12.95
CELL_00725,45.7226,9.4044,276.2,Calco,Calco Centro,58.732,11.35,S_CALCO_NAZ,924.0,11.55,11.72
CELL_00726,45.7226,9.4057,283.0,Calco,Calco Centro,70.575,13.64,S_CALCO_NAZ,820.7,10.26,10.13
CELL_00727,45.7226,9.407,282.7,Calco,Calco Centro,83.38,16.11,S_CALCO_NAZ,724.7,9.06,8.94
CELL_00728,45.7226,9.4083,277.7,Calco,Calco Centro,97.019,18.74,S_CALCO_NAZ,639.3,7.99,8.09
CELL_00729,45.7226,9.4096,279.3,Calco,Calco Centro,110.006,21.25,S_CALCO_NAZ,569.3,7.12,7.15
CELL_00730,45.7226,9.4109,278.0,Calco,Calco Centro,119.65,23.12,S_CALCO_CHIESA,461.7,5.77,6.23
CELL_00731,45.7226,9.4122,282.5,Calco,Calco Centro,123.987,23.95,S_CALCO_CHIESA,365.3,4.57,4.81
CELL_00732,45.7226,9.4135,280.3,Calco,Calco Centro,121.877,23.55,S_CALCO_CHIESA,292.6,3.66,4.01
CELL_00733,45.7226,9.4148,277.9,Calco,Calco Centro,113.49,21.93,S_CALCO_CHIESA,264.0,3.3,3.77
CELL_00734,45.7226,9.4161,280.3,Calco,Calco Centro,101.113,19.53,S_CALCO_CHIESA,292.6,3.66,4.01
CELL_00735,45.7226,9.4174,278.4,Calco,Calco Centro,87.62,16.93,S_CALCO_CHIESA,365.3,4.57,5.01
CELL_00736,45.7226,9.4187,276.7,Calco,Calco Centro,74.248,14.34,S_CALCO_CHIESA,461.7,5.77,6.29
CELL_00737,45.7226,9.42,315.1,Calco,Calco Superiore,10.376,2.0,S_CALCO_CHIESA,569.9,7.12,6.03
CELL_00738,45.7226,9.4213,320.2,Calco,Calco Superiore,9.762,1.89,S_CALCO_CHIESA,684.3,8.55,7.25
CELL_00739,45.7226,9.4226,318.4,Calco,Calco Superiore,9.196,1.78,S_CALCO_CHIESA,802.2,10.03,8.78
CELL_00740,45.7226,9.4239,317.1,Calco,Calco Superiore,8.586,1.66,S_CALCO_CHIESA,922.4,11.53,10.32
CELL_00741,45.7226,9.4252,311.9,Calco,Calco Superiore,7.45,1.44,S_ARLATE,1091.3,13.64,11.74
CELL_00742,45.7226,9.4265,265.8,Calco,Arlate,15.677,3.03,S_ARLATE,1018.7,12.73,12.7
CELL_00743,45.7226,9.4278,264.3,Calco,Arlate,17.448,3.37,S_ARLATE,957.2,11.97,12.0
CELL_00744,45.7226,9.4291,263.0,Calco,Arlate,18.789,3.63,S_ARLATE,909.3,11.37,11.45
CELL_00745,45.7226,9.4304,262.4,Calco,Arlate,19.84,3.83,S_ARLATE,877.0,10.96,11.08
CELL_00746,45.7226,9.4317,270.8,Calco,Arlate,20.341,3.93,S_ARLATE,862.2,10.78,10.53
CELL_00747,45.7226,9.433,264.0,Calco,Arlate,20.576,3.98,S_ARLATE,865.8,10.82,10.87
CELL_00748,45.7226,9.4343,265.9,Calco,Arlate,19.524,3.77,S_ARLATE,887.4,11.09,11.05
CELL_00749,45.7226,9.4356,268.5,Calco,Arlate,18.256,3.53,S_ARLATE,926.0,11.57,11.42
CELL_00750,45.7226,9.4369,268.8,Calco,Arlate,16.816,3.25,S_ARLATE,979.4,12.24,12.08
CELL_00751,45.7226,9.4382,263.0,Calco,Arlate,14.92,2.88,S_ARLATE,1045.4,13.07,13.16
CELL_00752,45.7226,9.4395,273.9,Calco,Arlate,12.976,2.51,S_ARLATE,1121.8,14.02,13.64
CELL_00753,45.7226,9.4408,267.3,Calco,Arlate,11.258,2.18,S_ARLATE,1206.6,15.08,14.98
CELL_00754,45.7226,9.4421,260.6,Calco,Arlate,9.638,1.86,S_ARLATE,1298.2,16.23,16.42
CELL_00755,45.7226,9.4434,263.4,Calco,Arlate,8.152,1.57,S_ARLATE,1395.1,17.44,17.51
CELL_00756,45.7226,9.4447,270.6,Calco,Arlate,6.828,1.32,S_ARLATE,1496.5,18.71,18.46
CELL_00757,45.7226,9.446,264.2,Calco,Arlate,5.694,1.1,S_ARLATE,1601.4,20.02,20.05
CELL_00758,45.7226,9.4473,269.3,Calco,Arlate,4.629,0.89,S_ARLATE,1709.2,21.36,21.18
CELL_00759,45.7235,9.3654,367.6,Olgiate Molgora,San Zeno,3.511,0.78,S_SAN_ZENO,1632.0,20.4,20.29
CELL_00760,45.7235,9.3667,368.2,Olgiate Molgora,San Zeno,4.463,0.99,S_SAN_ZENO,1506.6,18.83,18.69
CELL_00761,45.7235,9.368,358.7,Olgiate Molgora,San Zeno,5.207,1.16,S_SAN_ZENO,1381.3,17.27,17.54
CELL_00762,45.7235,9.3693,368.0,Olgiate Molgora,San Zeno,6.304,1.4,S_SAN_ZENO,1256.2,15.7,15.57
CELL_00763,45.7235,9.3706,361.0,Olgiate Molgora,San Zeno,7.912,1.76,S_SAN_ZENO,1131.4,14.14,14.32
CELL_00764,45.7235,9.3719,368.5,Olgiate Molgora,San Zeno,9.731,2.16,S_SAN_ZENO,1007.0,12.59,12.44
CELL_00765,45.7235,9.3732,367.2,Olgiate Molgora,San Zeno,12.178,2.71,S_SAN_ZENO,883.1,11.04,10.94
CELL_00766,45.7235,9.3745,366.0,Olgiate Molgora,San Zeno,15.196,3.38,S_SAN_ZENO,759.9,9.5,9.46
CELL_00767,45.7235,9.3758,366.0,Olgiate Molgora,San Zeno,18.667,4.15,S_SAN_ZENO,638.0,7.97,7.93
CELL_00768,45.7235,9.3771,372.2,Olgiate Molgora,San Zeno,23.072,5.13,S_SAN_ZENO,518.1,6.48,6.17
CELL_00769,45.7235,9.3784,361.3,Olgiate Molgora,San Zeno,28.275,6.29,S_SAN_ZENO,402.2,5.03,5.19
CELL_00770,45.7235,9.3797,361.8,Olgiate Molgora,San Zeno,33.945,7.55,S_SAN_ZENO,294.9,3.69,3.83
CELL_00771,45.7235,9.381,362.3,Olgiate Molgora,San Zeno,39.433,8.77,S_SAN_ZENO,209.8,2.62,2.74
CELL_00772,45.7235,9.3823,365.3,Olgiate Molgora,San Zeno,41.393,9.21,S_SAN_ZENO,181.6,2.27,2.26
CELL_00773,45.7235,9.3836,361.1,Olgiate Molgora,San Zeno,37.982,8.45,S_SAN_ZENO,232.0,2.9,3.08
CELL_00774,45.7235,9.3849,365.9,Olgiate Molgora,San Zeno,32.412,7.21,S_SAN_ZENO,326.5,4.08,4.04
CELL_00775,45.7235,9.3862,365.2,Olgiate Molgora,San Zeno,26.557,5.91,S_SAN_ZENO,437.3,5.47,5.46
CELL_00776,45.7235,9.3875,366.0,Olgiate Molgora,San Zeno,21.74,4.84,S_SAN_ZENO,554.7,6.93,6.89
CELL_00777,45.7235,9.3888,369.0,Olgiate Molgora,San Zeno,17.583,3.91,S_SAN_ZENO,675.3,8.44,8.27
CELL_00778,45.7235,9.3901,368.5,Olgiate Molgora,San Zeno,14.334,3.19,S_SAN_ZENO,797.7,9.97,9.82
CELL_00779,45.7235,9.3914,362.4,Olgiate Molgora,San Zeno,11.567,2.57,S_SAN_ZENO,921.1,11.51,11.63
CELL_00780,45.7235,9.3927,363.3,Olgiate Molgora,San Zeno,9.231,2.05,S_SAN_ZENO,1045.2,13.07,13.14
CELL_00781,45.7235,9.394,365.2,Olgiate Molgora,San Zeno,7.554,1.68,S_SAN_ZENO,1169.8,14.62,14.61
CELL_00782,45.7235,9.3953,364.7,Olgiate Molgora,San Zeno,6.242,1.39,S_OLGIATE_FS,1345.4,16.82,14.51
CELL_00783,45.7235,9.3966,282.7,Olgiate Molgora,Olgiate Centro,22.603,5.03,S_OLGIATE_FS,1277.5,15.97,16.16
CELL_00784,45.7235,9.3979,289.8,Olgiate Molgora,Olgiate Centro,24.311,5.41,S_OLGIATE_FS,1218.9,15.24,15.11
CELL_00785,45.7235,9.3992,279.1,Calco,Calco Centro,28.622,5.53,S_OLGIATE_FS,1171.1,14.64,14.99
CELL_00786,45.7235,9.4005,278.2,Calco,Calco Centro,35.137,6.79,S_OLGIATE_FS,1135.4,14.19,14.58
CELL_00787,45.7235,9.4018,276.9,Calco,Calco Centro,43.497,8.4,S_CALCO_NAZ,1095.7,13.7,13.83
CELL_00788,45.7235,9.4031,283.6,Calco,Calco Centro,53.552,10.35,S_CALCO_NAZ,978.0,12.23,12.07
CELL_00789,45.7235,9.4044,276.2,Calco,Calco Centro,65.322,12.62,S_CALCO_NAZ,862.8,10.79,10.95
CELL_00790,45.7235,9.4057,281.1,Calco,Calco Centro,79.628,15.38,S_CALCO_NAZ,751.1,9.39,9.34
CELL_00791,45.7235,9.407,279.6,Calco,Calco Centro,96.008,18.55,S_CALCO_NAZ,644.8,8.06,8.08
CELL_00792,45.7235,9.4083,280.3,Calco,Calco Centro,114.217,22.07,S_CALCO_NAZ,547.1,6.84,6.83
CELL_00793,45.7235,9.4096,281.1,Calco,Calco Centro,132.253,25.55,S_CALCO_NAZ,463.3,5.79,5.74
CELL_00794,45.7235,9.4109,278.7,Calco,Calco Centro,147.517,28.5,S_CALCO_NAZ,402.4,5.03,5.09
CELL_00795,45.7235,9.4122,277.2,Calco,Calco Centro,154.343,29.82,S_CALCO_CHIESA,288.2,3.6,4.11
CELL_00796,45.7235,9.4135,279.6,Calco,Calco Centro,150.765,29.13,S_CALCO_CHIESA,187.7,2.35,2.74
CELL_00797,45.7235,9.4148,277.3,Calco,Calco Centro,137.449,26.56,S_CALCO_CHIESA,138.9,1.74,2.27
CELL_00798,45.7235,9.4161,277.6,Calco,Calco Centro,119.661,23.12,S_CALCO_CHIESA,187.7,2.35,2.85
CELL_00799,45.7235,9.4174,277.8,Calco,Calco Centro,101.31,19.57,S_CALCO_CHIESA,288.2,3.6,4.08
CELL_00800,45.7235,9.4187,277.0,Calco,Calco Centro,84.384,16.3,S_CALCO_CHIESA,403.5,5.04,5.55
CELL_00801,45.7235,9.42,325.7,Calco,Calco Superiore,12.655,2.44,S_CALCO_CHIESA,523.8,6.55,5.94
CELL_00802,45.7235,9.4213,323.3,Calco,Calco Superiore,12.13,2.34,S_CALCO_CHIESA,646.4,8.08,6.89
CELL_00803,45.7235,9.4226,322.3,Calco,Calco Superiore,11.337,2.19,S_CALCO_CHIESA,770.2,9.63,8.24
CELL_00804,45.7235,9.4239,317.7,Calco,Calco Superiore,10.223,1.98,S_CALCO_CHIESA,894.7,11.18,9.96
CELL_00805,45.7235,9.4252,319.4,Calco,Calco Superiore,9.077,1.75,S_CALCO_CHIESA,1019.6,12.75,11.44
CELL_00806,45.7235,9.4265,321.5,Calco,Calco Superiore,8.015,1.55,S_ARLATE,1126.4,14.08,11.83
CELL_00807,45.7235,9.4278,259.4,Calco,Arlate,14.181,2.74,S_ARLATE,1071.1,13.39,13.64
CELL_00808,45.7235,9.4291,267.3,Calco,Arlate,15.519,3.0,S_ARLATE,1028.5,12.86,12.76
CELL_00809,45.7235,9.4304,270.6,Calco,Arlate,16.016,3.09,S_ARLATE,1000.1,12.5,12.26
CELL_00810,45.7235,9.4317,269.2,Calco,Arlate,16.502,3.19,S_ARLATE,987.1,12.34,12.16
CELL_00811,45.7235,9.433,267.8,Calco,Arlate,16.269,3.14,S_ARLATE,990.2,12.38,12.26
CELL_00812,45.7235,9.4343,266.9,Calco,Arlate,15.886,3.07,S_ARLATE,1009.2,12.62,12.53
CELL_00813,45.7235,9.4356,262.9,Calco,Arlate,15.111,2.92,S_ARLATE,1043.3,13.04,13.13
CELL_00814,45.7235,9.4369,263.4,Calco,Arlate,13.755,2.66,S_ARLATE,1091.0,13.64,13.71
CELL_00815,45.7235,9.4382,264.4,Calco,Arlate,12.61,2.44,S_ARLATE,1150.6,14.38,14.41
CELL_00816,45.7235,9.4395,268.2,Calco,Arlate,11.167,2.16,S_ARLATE,1220.4,15.26,15.12
CELL_00817,45.7235,9.4408,269.4,Calco,Arlate,9.646,1.86,S_ARLATE,1298.8,16.24,16.04
CELL_00818,45.7235,9.4421,264.0,Calco,Arlate,8.508,1.64,S_ARLATE,1384.3,17.3,17.35
CELL_00819,45.7235,9.4434,263.6,Calco,Arlate,6.988,1.35,S_ARLATE,1475.6,18.45,18.51
CELL_00820,45.7235,9.4447,267.7,Calco,Arlate,5.896,1.14,S_ARLATE,1571.8,19.65,19.53
CELL_00821,45.7235,9.446,264.5,Calco,Arlate,5.162,1.0,S_ARLATE,1672.0,20.9,20.92
CELL_00822,45.7244,9.3654,362.7,Olgiate Molgora,San Zeno,3.358,0.75,S_SAN_ZENO,1622.9,20.29,20.39
CELL_00823,45.7244,9.3667,364.0,Olgiate Molgora,San Zeno,4.407,0.98,S_SAN_ZENO,1496.8,18.71,18.75
CELL_00824,45.7244,9.368,364.0,Olgiate Molgora,San Zeno,5.449,1.21,S_SAN_ZENO,1370.6,17.13,17.18
CELL_00825,45.7244,9.3693,365.2,Olgiate Molgora,San Zeno,6.5,1.45,S_SAN_ZENO,1244.4,15.56,15.55
CELL_00826,45.7244,9.3706,366.4,Olgiate Molgora,San Zeno,8.176,1.82,S_SAN_ZENO,1118.3,13.98,13.92
CELL_00827,45.7244,9.3719,365.3,Olgiate Molgora,San Zeno,10.016,2.23,S_SAN_ZENO,992.2,12.4,12.39
CELL_00828,45.7244,9.3732,365.4,Olgiate Molgora,San Zeno,12.425,2.76,S_SAN_ZENO,866.2,10.83,10.81
CELL_00829,45.7244,9.3745,361.0,Olgiate Molgora,San Zeno,15.51,3.45,S_SAN_ZENO,740.2,9.25,9.43
CELL_00830,45.7244,9.3758,364.2,Olgiate Molgora,San Zeno,19.62,4.36,S_SAN_ZENO,614.4,7.68,7.72
CELL_00831,45.7244,9.3771,368.2,Olgiate Molgora,San Zeno,24.323,5.41,S_SAN_ZENO,488.8,6.11,5.97
CELL_00832,45.7244,9.3784,364.1,Olgiate Molgora,San Zeno,30.083,6.69,S_SAN_ZENO,363.6,4.55,4.58
CELL_00833,45.7244,9.3797,361.4,Olgiate Molgora,San Zeno,37.324,8.3,S_SAN_ZENO,239.6,3.0,3.16
CELL_00834,45.7244,9.381,362.3,Olgiate Molgora,San Zeno,46.32,10.3,S_SAN_ZENO,120.4,1.51,1.63
CELL_00835,45.7244,9.3823,357.8,Olgiate Molgora,San Zeno,51.418,11.44,S_SAN_ZENO,58.9,0.74,1.13
CELL_00836,45.7244,9.3836,365.1,Olgiate Molgora,San Zeno,43.512,9.68,S_SAN_ZENO,155.9,1.95,1.94
CELL_00837,45.7244,9.3849,359.0,Olgiate Molgora,San Zeno,34.945,7.77,S_SAN_ZENO,277.6,3.47,3.74
CELL_00838,45.7244,9.3862,367.2,Olgiate Molgora,San Zeno,28.412,6.32,S_SAN_ZENO,402.1,5.03,4.93
CELL_00839,45.7244,9.3875,363.5,Olgiate Molgora,San Zeno,22.658,5.04,S_SAN_ZENO,527.4,6.59,6.66
CELL_00840,45.7244,9.3888,364.6,Olgiate Molgora,San Zeno,18.378,4.09,S_SAN_ZENO,653.1,8.16,8.18
CELL_00841,45.7244,9.3901,361.2,Olgiate Molgora,San Zeno,14.694,3.27,S_SAN_ZENO,779.0,9.74,9.9
CELL_00842,45.7244,9.3914,368.2,Olgiate Molgora,San Zeno,11.67,2.6,S_SAN_ZENO,905.0,11.31,11.17
CELL_00843,45.7244,9.3927,360.0,Olgiate Molgora,San Zeno,9.551,2.12,S_SAN_ZENO,1031.0,12.89,13.11
CELL_00844,45.7244,9.394,359.5,Olgiate Molgora,San Zeno,7.736,1.72,S_OLGIATE_FS,1326.4,16.58,14.15
CELL_00845,45.7244,9.3953,364.1,Olgiate Molgora,San Zeno,6.149,1.37,S_OLGIATE_FS,1244.8,15.56,13.62
CELL_00846,45.7244,9.3966,286.3,Olgiate Molgora,Olgiate Centro,27.779,6.18,S_OLGIATE_FS,1171.1,14.64,14.67
CELL_00847,45.7244,9.3979,283.2,Olgiate Molgora,Olgiate Centro,29.909,6.65,S_OLGIATE_FS,1106.9,13.84,14.0
CELL_00848,45.7244,9.3992,286.9,Olgiate Molgora,Olgiate Centro,31.74,7.06,S_OLGIATE_FS,1054.0,13.18,13.18
CELL_00849,45.7244,9.4005,279.7,Calco,Calco Centro,37.09,7.17,S_OLGIATE_FS,1014.2,12.68,13.0
CELL_00850,45.7244,9.4018,282.0,Calco,Calco Centro,46.157,8.92,S_OLGIATE_FS,988.9,12.36,12.58
CELL_00851,45.7244,9.4031,281.7,Calco,Calco Centro,57.106,11.03,S_CALCO_NAZ,937.2,11.72,11.64
CELL_00852,45.7244,9.4044,281.5,Calco,Calco Centro,70.998,13.72,S_CALCO_NAZ,816.2,10.2,10.14
CELL_00853,45.7244,9.4057,279.6,Calco,Calco Centro,87.506,16.91,S_CALCO_NAZ,697.1,8.71,8.73
CELL_00854,45.7244,9.407,282.6,Calco,Calco Centro,107.115,20.69,S_CALCO_NAZ,581.0,7.26,7.15
CELL_00855,45.7244,9.4083,276.6,Calco,Calco Centro,130.574,25.23,S_CALCO_NAZ,470.2,5.88,6.03
CELL_00856,45.7244,9.4096,279.2,Calco,Calco Centro,155.701,30.08,S_CALCO_NAZ,369.4,4.62,4.65
CELL_00857,45.7244,9.4109,279.9,Calco,Calco Centro,179.485,34.68,S_CALCO_NAZ,289.4,3.62,3.62
CELL_00858,45.7244,9.4122,274.4,Calco,Calco Centro,192.438,37.18,S_CALCO_NAZ,250.8,3.14,3.39
CELL_00859,45.7244,9.4135,275.8,Calco,Calco Centro,185.131,35.77,S_CALCO_CHIESA,127.0,1.59,2.22
CELL_00860,45.7244,9.4148,278.1,Calco,Calco Centro,163.697,31.63,S_CALCO_CHIESA,13.9,0.17,0.56
CELL_00861,45.7244,9.4161,282.5,Calco,Calco Centro,138.184,26.7,S_CALCO_CHIESA,127.0,1.59,1.85
CELL_00862,45.7244,9.4174,274.3,Calco,Calco Centro,113.947,22.01,S_CALCO_CHIESA,252.9,3.16,3.82
CELL_00863,45.7244,9.4187,318.8,Calco,Calco Superiore,15.717,3.04,S_CALCO_CHIESA,379.0,4.74,4.44
CELL_00864,45.7244,9.42,315.9,Calco,Calco Superiore,15.547,3.0,S_CALCO_CHIESA,505.2,6.32,5.4
CELL_00865,45.7244,9.4213,317.3,Calco,Calco Superiore,14.759,2.85,S_CALCO_CHIESA,631.5,7.89,6.71
CELL_00866,45.7244,9.4226,320.4,Calco,Calco Superiore,13.495,2.61,S_CALCO_CHIESA,757.7,9.47,8.15
CELL_00867,45.7244,9.4239,323.5,Calco,Calco Superiore,12.019,2.32,S_CALCO_CHIESA,883.9,11.05,9.6
CELL_00868,45.7244,9.4252,320.0,Calco,Calco Superiore,10.401,2.01,S_CALCO_SUP,854.6,10.68,10.9
CELL_00869,45.7244,9.4265,317.0,Calco,Calco Superiore,8.901,1.72,S_CALCO_SUP,945.3,11.82,12.17
CELL_00870,45.7244,9.4278,322.7,Calco,Calco Superiore,7.72,1.49,S_ARLATE,1187.3,14.84,12.52
CELL_00871,45.7244,9.4291,270.0,Calco,Arlate,12.397,2.4,S_ARLATE,1149.0,14.36,14.14
CELL_00872,45.7244,9.4304,265.9,Calco,Arlate,13.183,2.55,S_ARLATE,1123.6,14.04,14.01
CELL_00873,45.7244,9.4317,266.9,Calco,Arlate,13.292,2.57,S_ARLATE,1112.1,13.9,13.82
CELL_00874,45.7244,9.433,274.5,Calco,Arlate,13.447,2.6,S_ARLATE,1114.8,13.94,13.53
CELL_00875,45.7244,9.4343,267.1,Calco,Arlate,12.903,2.49,S_ARLATE,1131.7,14.15,14.06
CELL_00876,45.7244,9.4356,262.9,Calco,Arlate,12.177,2.35,S_ARLATE,1162.2,14.53,14.62
CELL_00877,45.7244,9.4369,267.2,Calco,Arlate,11.166,2.16,S_ARLATE,1205.2,15.07,14.97
CELL_00878,45.7244,9.4382,263.2,Calco,Arlate,10.317,1.99,S_ARLATE,1259.4,15.74,15.82
CELL_00879,45.7244,9.4395,264.3,Calco,Arlate,9.073,1.75,S_ARLATE,1323.5,16.54,16.57
CELL_00880,45.7244,9.4408,263.0,Calco,Arlate,8.296,1.6,S_ARLATE,1396.1,17.45,17.54
CELL_00881,45.7244,9.4421,270.5,Calco,Arlate,7.316,1.41,S_ARLATE,1476.0,18.45,18.21
CELL_00882,45.7244,9.4434,260.0,Calco,Arlate,6.201,1.2,S_ARLATE,1562.0,19.52,19.74
CELL_00883,45.7244,9.4447,269.4,Calco,Arlate,5.281,1.02,S_ARLATE,1653.1,20.66,20.47
CELL_00884,45.7253,9.3654,366.0,Olgiate Molgora,San Zeno,3.573,0.79,S_SAN_ZENO,1623.5,20.29,20.25
CELL_00885,45.7253,9.3667,361.5,Olgiate Molgora,San Zeno,4.478,1.0,S_SAN_ZENO,1497.3,18.72,18.87
CELL_00886,45.7253,9.368,366.8,Olgiate Molgora,San Zeno,5.169,1.15,S_SAN_ZENO,1371.2,17.14,17.06
CELL_00887,45.7253,9.3693,365.7,Olgiate Molgora,San Zeno,6.497,1.45,S_SAN_ZENO,1245.1,15.56,15.53
CELL_00888,45.7253,9.3706,365.2,Olgiate Molgora,San Zeno,8.215,1.83,S_SAN_ZENO,1119.1,13.99,13.98
CELL_00889,45.7253,9.3719,367.4,Olgiate Molgora,San Zeno,10.28,2.29,S_SAN_ZENO,993.1,12.41,12.31
CELL_00890,45.7253,9.3732,363.5,Olgiate Molgora,San Zeno,12.501,2.78,S_SAN_ZENO,867.2,10.84,10.91
CELL_00891,45.7253,9.3745,364.4,Olgiate Molgora,San Zeno,15.449,3.44,S_SAN_ZENO,741.4,9.27,9.29
CELL_00892,45.7253,9.3758,366.2,Olgiate Molgora,San Zeno,19.266,4.29,S_SAN_ZENO,615.8,7.7,7.65
CELL_00893,45.7253,9.3771,360.4,Olgiate Molgora,San Zeno,24.178,5.38,S_SAN_ZENO,490.6,6.13,6.34
CELL_00894,45.7253,9.3784,363.9,Olgiate Molgora,San Zeno,29.954,6.66,S_SAN_ZENO,366.0,4.58,4.62
CELL_00895,45.7253,9.3797,365.6,Olgiate Molgora,San Zeno,37.074,8.25,S_SAN_ZENO,243.2,3.04,3.01
CELL_00896,45.7253,9.381,366.1,Olgiate Molgora,San Zeno,45.766,10.18,S_SAN_ZENO,127.4,1.59,1.55
CELL_00897,45.7253,9.3823,361.4,Olgiate Molgora,San Zeno,50.283,11.18,S_SAN_ZENO,72.1,0.9,1.07
CELL_00898,45.7253,9.3836,364.9,Olgiate Molgora,San Zeno,42.938,9.55,S_SAN_ZENO,161.4,2.02,2.02
CELL_00899,45.7253,9.3849,368.5,Olgiate Molgora,San Zeno,34.819,7.74,S_SAN_ZENO,280.7,3.51,3.36
CELL_00900,45.7253,9.3862,366.3,Olgiate Molgora,San Zeno,28.206,6.27,S_SAN_ZENO,404.2,5.05,5.0
CELL_00901,45.7253,9.3875,366.3,Olgiate Molgora,San Zeno,22.679,5.04,S_SAN_ZENO,529.1,6.61,6.56
CELL_00902,45.7253,9.3888,362.2,Olgiate Molgora,San Zeno,18.222,4.05,S_SAN_ZENO,654.4,8.18,8.3
CELL_00903,45.7253,9.3901,368.7,Olgiate Molgora,San Zeno,14.611,3.25,S_SAN_ZENO,780.1,9.75,9.59
CELL_00904,45.7253,9.3914,364.7,Olgiate Molgora,San Zeno,11.94,2.66,S_SAN_ZENO,905.9,11.32,11.34
CELL_00905,45.7253,9.3927,359.3,Olgiate Molgora,San Zeno,9.29,2.07,S_SAN_ZENO,1031.9,12.9,13.15
CELL_00906,45.7253,9.394,360.5,Olgiate Molgora,San Zeno,7.778,1.73,S_OLGIATE_FS,1237.0,15.46,13.41
CELL_00907,45.7253,9.3953,284.0,Olgiate Molgora,Olgiate Centro,30.136,6.7,S_OLGIATE_FS,1149.0,14.36,14.49
CELL_00908,45.7253,9.3966,290.1,Olgiate Molgora,Olgiate Centro,33.589,7.47,S_OLGIATE_FS,1068.7,13.36,13.22
CELL_00909,45.7253,9.3979,286.8,Olgiate Molgora,Olgiate Centro,36.677,8.16,S_OLGIATE_FS,998.0,12.47,12.48
CELL_00910,45.7253,9.3992,285.4,Olgiate Molgora,Olgiate Centro,39.385,8.76,S_OLGIATE_FS,939.0,11.74,11.81
CELL_00911,45.7253,9.4005,284.8,Olgiate Molgora,Olgiate Centro,41.054,9.13,S_OLGIATE_FS,894.0,11.18,11.27
CELL_00912,45.7253,9.4018,277.9,Calco,Calco Centro,47.948,9.26,S_OLGIATE_FS,865.3,10.82,11.22
CELL_00913,45.7253,9.4031,279.0,Calco,Calco Centro,59.714,11.54,S_OLGIATE_FS,854.4,10.68,11.04
CELL_00914,45.7253,9.4044,278.8,Calco,Calco Centro,74.492,14.39,S_CALCO_NAZ,787.0,9.84,9.89
CELL_00915,45.7253,9.4057,278.3,Calco,Calco Centro,93.06,17.98,S_CALCO_NAZ,662.6,8.28,8.36
CELL_00916,45.7253,9.407,279.2,Calco,Calco Centro,115.252,22.27,S_CALCO_NAZ,539.2,6.74,6.77
CELL_00917,45.7253,9.4083,280.4,Calco,Calco Centro,143.164,27.66,S_CALCO_NAZ,417.4,5.22,5.2
CELL_00918,45.7253,9.4096,282.8,Calco,Calco Centro,176.403,34.08,S_CALCO_NAZ,299.3,3.74,3.62
CELL_00919,45.7253,9.4109,281.3,Calco,Calco Centro,212.937,41.14,S_CALCO_NAZ,192.0,2.4,2.34
CELL_00920,45.7253,9.4122,279.7,Calco,Calco Centro,239.384,46.25,S_CALCO_NAZ,126.5,1.58,1.59
CELL_00921,45.7253,9.4135,281.5,Calco,Calco Centro,223.778,43.23,S_CALCO_NAZ,164.5,2.06,1.99
CELL_00922,45.7253,9.4148,278.0,Calco,Calco Centro,187.284,36.18,S_CALCO_CHIESA,111.1,1.39,1.9
CELL_00923,45.7253,9.4161,277.2,Calco,Calco Centro,152.549,29.47,S_CALCO_CHIESA,168.2,2.1,2.63
CELL_00924,45.7253,9.4174,275.0,Calco,Calco Centro,123.547,23.87,S_CALCO_CHIESA,275.9,3.45,4.07
CELL_00925,45.7253,9.4187,317.9,Calco,Calco Superiore,19.433,3.75,S_CALCO_CHIESA,394.8,4.93,4.53
CELL_00926,45.7253,9.42,313.3,Calco,Calco Superiore,19.378,3.74,S_CALCO_CHIESA,517.1,6.46,5.45
CELL_00927,45.7253,9.4213,313.4,Calco,Calco Superiore,18.047,3.49,S_CALCO_CHIESA,641.0,8.01,6.98
CELL_00928,45.7253,9.4226,324.7,Calco,Calco Superiore,16.506,3.19,S_CALCO_SUP,599.3,7.49,7.5
CELL_00929,45.7253,9.4239,321.0,Calco,Calco Superiore,14.456,2.79,S_CALCO_SUP,677.1,8.46,8.64
CELL_00930,45.7253,9.4252,316.9,Calco,Calco Superiore,12.473,2.41,S_CALCO_SUP,767.9,9.6,9.96
CELL_00931,45.7253,9.4265,320.6,Calco,Calco Superiore,10.166,1.96,S_CALCO_SUP,867.7,10.85,11.04
CELL_00932,45.7253,9.4278,324.3,Calco,Calco Superiore,8.701,1.68,S_CALCO_SUP,973.6,12.17,12.2
CELL_00933,45.7253,9.4291,316.3,Calco,Calco Superiore,6.989,1.35,S_ARLATE,1270.3,15.88,13.79
CELL_00934,45.7253,9.4304,316.0,Calco,Calco Superiore,5.738,1.11,S_ARLATE,1247.4,15.59,13.51
CELL_00935,45.7253,9.4317,272.3,Calco,Arlate,10.623,2.05,S_ARLATE,1237.0,15.46,15.15
CELL_00936,45.7253,9.433,265.4,Calco,Arlate,10.712,2.07,S_ARLATE,1239.5,15.49,15.48
CELL_00937,45.7253,9.4343,260.9,Calco,Arlate,10.464,2.02,S_ARLATE,1254.7,15.68,15.86
CELL_00938,45.7253,9.4356,265.1,Calco,Arlate,10.079,1.95,S_ARLATE,1282.3,16.03,16.02
CELL_00939,45.7253,9.4369,268.9,Calco,Arlate,9.274,1.79,S_ARLATE,1321.4,16.52,16.35
CELL_00940,45.7253,9.4382,267.7,Calco,Arlate,8.389,1.62,S_ARLATE,1371.0,17.14,17.02
CELL_00941,45.7253,9.4395,269.5,Calco,Arlate,7.792,1.51,S_ARLATE,1430.1,17.88,17.68
CELL_00942,45.7253,9.4408,270.5,Calco,Arlate,6.96,1.34,S_ARLATE,1497.6,18.72,18.48
CELL_00943,45.7253,9.4421,271.4,Calco,Arlate,6.201,1.2,S_ARLATE,1572.3,19.65,19.38
CELL_00944,45.7253,9.4434,269.3,Calco,Arlate,5.163,1.0,S_ARLATE,1653.3,20.67,20.48
CELL_00945,45.7253,9.4447,265.9,Calco,Arlate,4.488,0.87,S_ARLATE,1739.6,21.75,21.71
CELL_00946,45.7262,9.3654,360.1,Olgiate Molgora,San Zeno,3.304,0.73,S_SAN_ZENO,1633.6,20.42,20.64
CELL_00947,45.7262,9.3667,361.7,Olgiate Molgora,San Zeno,4.123,0.92,S_SAN_ZENO,1508.3,18.85,19.0
CELL_00948,45.7262,9.368,364.7,Olgiate Molgora,San Zeno,5.431,1.21,S_SAN_ZENO,1383.2,17.29,17.3
CELL_00949,45.7262,9.3693,362.3,Olgiate Molgora,San Zeno,6.485,1.44,S_SAN_ZENO,1258.3,15.73,15.85
CELL_00950,45.7262,9.3706,364.6,Olgiate Molgora,San Zeno,7.957,1.77,S_SAN_ZENO,1133.7,14.17,14.19
CELL_00951,45.7262,9.3719,370.5,Olgiate Molgora,San Zeno,9.823,2.18,S_SAN_ZENO,1009.6,12.62,12.38
CELL_00952,45.7262,9.3732,369.8,Olgiate Molgora,San Zeno,12.229,2.72,S_SAN_ZENO,886.0,11.08,10.87
CELL_00953,45.7262,9.3745,365.8,Olgiate Molgora,San Zeno,14.912,3.32,S_SAN_ZENO,763.3,9.54,9.51
CELL_00954,45.7262,9.3758,363.9,Olgiate Molgora,San Zeno,18.503,4.12,S_SAN_ZENO,642.1,8.03,8.07
CELL_00955,45.7262,9.3771,363.7,Olgiate Molgora,San Zeno,22.962,5.11,S_SAN_ZENO,523.1,6.54,6.6
CELL_00956,45.7262,9.3784,367.2,Olgiate Molgora,San Zeno,28.113,6.25,S_SAN_ZENO,408.6,5.11,5.01
CELL_00957,45.7262,9.3797,368.1,Olgiate Molgora,San Zeno,33.601,7.47,S_SAN_ZENO,303.6,3.79,3.66
CELL_00958,45.7262,9.381,361.2,Olgiate Molgora,San Zeno,38.699,8.61,S_SAN_ZENO,221.9,2.77,2.95
CELL_00959,45.7262,9.3823,363.3,Olgiate Molgora,San Zeno,40.636,9.04,S_SAN_ZENO,195.5,2.44,2.52
CELL_00960,45.7262,9.3836,372.0,Olgiate Molgora,San Zeno,37.211,8.28,S_SAN_ZENO,243.0,3.04,2.75
CELL_00961,45.7262,9.3849,363.8,Olgiate Molgora,San Zeno,31.837,7.08,S_SAN_ZENO,334.3,4.18,4.23
CELL_00962,45.7262,9.3862,362.4,Olgiate Molgora,San Zeno,26.251,5.84,S_SAN_ZENO,443.2,5.54,5.65
CELL_00963,45.7262,9.3875,356.1,Olgiate Molgora,San Zeno,21.303,4.74,S_SAN_ZENO,559.4,6.99,7.39
CELL_00964,45.7262,9.3888,365.4,Olgiate Molgora,San Zeno,17.344,3.86,S_SAN_ZENO,679.2,8.49,8.47
CELL_00965,45.7262,9.3901,371.2,Olgiate Molgora,San Zeno,13.971,3.11,S_SAN_ZENO,801.0,10.01,9.74
CELL_00966,45.7262,9.3914,367.6,Olgiate Molgora,San Zeno,11.566,2.57,S_SAN_ZENO,924.0,11.55,11.44
CELL_00967,45.7262,9.3927,366.4,Olgiate Molgora,San Zeno,9.179,2.04,S_SAN_ZENO,1047.7,13.1,13.04
CELL_00968,45.7262,9.394,366.9,Olgiate Molgora,San Zeno,7.327,1.63,S_OLGIATE_FS,1154.2,14.43,12.95
CELL_00969,45.7262,9.3953,282.9,Olgiate Molgora,Olgiate Centro,36.198,8.05,S_OLGIATE_FS,1059.3,13.24,13.42
CELL_00970,45.7262,9.3966,280.0,Olgiate Molgora,Olgiate Centro,41.038,9.13,S_OLGIATE_FS,971.7,12.15,12.46
CELL_00971,45.7262,9.3979,287.2,Olgiate Molgora,Olgiate Centro,45.107,10.03,S_OLGIATE_FS,893.3,11.17,11.16
CELL_00972,45.7262,9.3992,280.1,Olgiate Molgora,Olgiate Centro,48.494,10.79,S_OLGIATE_FS,826.8,10.34,10.64
CELL_00973,45.7262,9.4005,289.1,Olgiate Molgora,Olgiate Centro,50.974,11.34,S_OLGIATE_FS,775.4,9.69,9.6
CELL_00974,45.7262,9.4018,282.5,Olgiate Molgora,Olgiate Centro,51.922,11.55,S_OLGIATE_FS,742.1,9.28,9.48
CELL_00975,45.7262,9.4031,274.3,Calco,Calco Centro,60.731,11.73,S_OLGIATE_FS,729.4,9.12,9.69
CELL_00976,45.7262,9.4044,280.9,Calco,Calco Centro,75.743,14.63,S_OLGIATE_FS,738.5,9.23,9.5
CELL_00977,45.7262,9.4057,280.7,Calco,Calco Centro,94.708,18.3,S_CALCO_NAZ,650.7,8.13,8.1
CELL_00978,45.7262,9.407,281.0,Calco,Calco Centro,118.5,22.89,S_CALCO_NAZ,524.5,6.56,6.51
CELL_00979,45.7262,9.4083,277.7,Calco,Calco Centro,148.017,28.6,S_CALCO_NAZ,398.2,4.98,5.08
CELL_00980,45.7262,9.4096,277.4,Calco,Calco Centro,184.876,35.72,S_CALCO_NAZ,272.0,3.4,3.52
CELL_00981,45.7262,9.4109,279.7,Calco,Calco Centro,230.923,44.61,S_CALCO_NAZ,145.7,1.82,1.83
CELL_00982,45.7262,9.4122,279.0,Calco,Calco Centro,288.654,55.77,S_CALCO_NAZ,19.4,0.24,0.29
CELL_00983,45.7262,9.4135,271.6,Calco,Calco Centro,247.405,47.8,S_CALCO_NAZ,106.8,1.34,1.76
CELL_00984,45.7262,9.4148,279.3,Calco,Calco Centro,197.964,38.25,S_CALCO_NAZ,233.1,2.91,2.94
CELL_00985,45.7262,9.4161,281.9,Calco,Calco Centro,158.571,30.64,S_CALCO_CHIESA,267.8,3.35,3.63
CELL_00986,45.7262,9.4174,320.5,Calco,Calco Superiore,22.568,4.36,S_CALCO_CHIESA,345.8,4.32,4.23
CELL_00987,45.7262,9.4187,320.6,Calco,Calco Superiore,24.001,4.64,S_CALCO_SUP,378.2,4.73,4.92
CELL_00988,45.7262,9.42,317.6,Calco,Calco Superiore,23.918,4.62,S_CALCO_SUP,383.1,4.79,5.12
CELL_00989,45.7262,9.4213,320.6,Calco,Calco Superiore,22.12,4.27,S_CALCO_SUP,427.0,5.34,5.53
CELL_00990,45.7262,9.4226,324.4,Calco,Calco Superiore,19.472,3.76,S_CALCO_SUP,499.7,6.25,6.27
CELL_00991,45.7262,9.4239,319.1,Calco,Calco Superiore,16.659,3.22,S_CALCO_SUP,590.8,7.39,7.65
CELL_00992,45.7262,9.4252,320.7,Calco,Calco Superiore,13.794,2.66,S_CALCO_SUP,693.0,8.66,8.85
CELL_00993,45.7262,9.4265,317.3,Calco,Calco Superiore,11.595,2.24,S_CALCO_SUP,802.1,10.03,10.37
CELL_00994,45.7262,9.4278,316.8,Calco,Calco Superiore,9.545,1.84,S_CALCO_SUP,915.6,11.45,11.81
CELL_00995,45.7262,9.4291,319.9,Calco,Calco Superiore,7.906,1.53,S_CALCO_SUP,1032.1,12.9,13.13
CELL_00996,45.7262,9.4304,316.8,Calco,Calco Superiore,6.537,1.26,S_BEVERATE,1362.8,17.03,14.35
CELL_00997,45.7262,9.4317,316.0,Calco,Calco Superiore,5.35,1.03,S_ARLATE,1362.0,17.03,14.93
CELL_00998,45.7262,9.433,269.1,Calco,Arlate,8.773,1.69,S_ARLATE,1364.3,17.05,16.87
CELL_00999,45.7262,9.4343,266.1,Calco,Arlate,8.422,1.63,S_ARLATE,1378.1,17.23,17.18
CELL_01000,45.7262,9.4356,263.9,Calco,Arlate,8.085,1.56,S_ARLATE,1403.3,17.54,17.59
CELL_01001,45.7262,9.4369,267.3,Calco,Arlate,7.631,1.47,S_ARLATE,1439.1,17.99,17.89
CELL_01002,45.7262,9.4382,267.5,Calco,Arlate,6.994,1.35,S_ARLATE,1484.8,18.56,18.45
CELL_01003,45.7262,9.4395,265.8,Calco,Arlate,6.292,1.22,S_ARLATE,1539.5,19.24,19.21
CELL_01004,45.7262,9.4408,268.6,Calco,Arlate,5.835,1.13,S_ARLATE,1602.4,20.03,19.87
CELL_01005,45.7262,9.4421,269.3,Calco,Arlate,5.201,1.0,S_ARLATE,1672.4,20.9,20.72
CELL_01006,45.7271,9.3641,337.6,La Valletta Brianza,Rovagnate,11.113,2.43,S_ROVAGNATE,1721.2,21.51,21.71
CELL_01007,45.7271,9.3654,365.1,Olgiate Molgora,San Zeno,3.416,0.76,S_ROVAGNATE,1687.0,21.09,20.1
CELL_01008,45.7271,9.3667,370.7,Olgiate Molgora,San Zeno,3.967,0.88,S_SAN_ZENO,1529.5,19.12,18.87
CELL_01009,45.7271,9.368,364.7,Olgiate Molgora,San Zeno,5.238,1.17,S_SAN_ZENO,1406.2,17.58,17.59
CELL_01010,45.7271,9.3693,361.5,Olgiate Molgora,San Zeno,6.211,1.38,S_SAN_ZENO,1283.6,16.05,16.2
CELL_01011,45.7271,9.3706,369.4,Olgiate Molgora,San Zeno,7.419,1.65,S_SAN_ZENO,1161.7,14.52,14.33
CELL_01012,45.7271,9.3719,367.3,Olgiate Molgora,San Zeno,9.458,2.1,S_SAN_ZENO,1040.9,13.01,12.91
CELL_01013,45.7271,9.3732,368.1,Olgiate Molgora,San Zeno,11.431,2.54,S_SAN_ZENO,921.6,11.52,11.38
CELL_01014,45.7271,9.3745,364.5,Olgiate Molgora,San Zeno,13.844,3.08,S_SAN_ZENO,804.3,10.05,10.08
CELL_01015,45.7271,9.3758,364.9,Olgiate Molgora,San Zeno,17.015,3.78,S_SAN_ZENO,690.3,8.63,8.63
CELL_01016,45.7271,9.3771,369.1,Olgiate Molgora,San Zeno,20.693,4.6,S_SAN_ZENO,581.3,7.27,7.09
CELL_01017,45.7271,9.3784,355.7,Olgiate Molgora,San Zeno,24.746,5.5,S_SAN_ZENO,480.9,6.01,6.43
CELL_01018,45.7271,9.3797,362.1,Olgiate Molgora,San Zeno,28.462,6.33,S_SAN_ZENO,395.5,4.94,5.07
CELL_01019,45.7271,9.381,365.2,Olgiate Molgora,San Zeno,31.569,7.02,S_SAN_ZENO,336.9,4.21,4.2
CELL_01020,45.7271,9.3823,367.9,Olgiate Molgora,San Zeno,32.52,7.23,S_SAN_ZENO,320.1,4.0,3.88
CELL_01021,45.7271,9.3836,372.8,Olgiate Molgora,San Zeno,31.048,6.91,S_SAN_ZENO,351.2,4.39,4.06
CELL_01022,45.7271,9.3849,366.3,Olgiate Molgora,San Zeno,27.457,6.11,S_SAN_ZENO,419.6,5.24,5.19
CELL_01023,45.7271,9.3862,364.4,Olgiate Molgora,San Zeno,23.438,5.21,S_SAN_ZENO,510.6,6.38,6.41
CELL_01024,45.7271,9.3875,365.5,Olgiate Molgora,San Zeno,19.39,4.31,S_SAN_ZENO,614.1,7.68,7.65
CELL_01025,45.7271,9.3888,361.7,Olgiate Molgora,San Zeno,16.271,3.62,S_SAN_ZENO,725.0,9.06,9.21
CELL_01026,45.7271,9.3901,360.8,Olgiate Molgora,San Zeno,13.379,2.98,S_SAN_ZENO,840.1,10.5,10.69
CELL_01027,45.7271,9.3914,365.6,Olgiate Molgora,San Zeno,10.826,2.41,S_SAN_ZENO,958.1,11.98,11.95
CELL_01028,45.7271,9.3927,368.2,Olgiate Molgora,San Zeno,8.655,1.93,S_OLGIATE_FS,1186.3,14.83,13.28
CELL_01029,45.7271,9.394,285.3,Olgiate Molgora,Olgiate Centro,37.286,8.29,S_OLGIATE_FS,1079.5,13.49,13.57
CELL_01030,45.7271,9.3953,285.0,Olgiate Molgora,Olgiate Centro,43.416,9.66,S_OLGIATE_FS,977.5,12.22,12.31
CELL_01031,45.7271,9.3966,282.4,Olgiate Molgora,Olgiate Centro,49.29,10.96,S_OLGIATE_FS,881.7,11.02,11.22
CELL_01032,45.7271,9.3979,284.3,Olgiate Molgora,Olgiate Centro,55.027,12.24,S_OLGIATE_FS,794.5,9.93,10.05
CELL_01033,45.7271,9.3992,283.1,Olgiate Molgora,Olgiate Centro,59.793,13.3,S_OLGIATE_FS,718.9,8.99,9.16
CELL_01034,45.7271,9.4005,284.1,Olgiate Molgora,Olgiate Centro,63.195,14.06,S_OLGIATE_FS,659.2,8.24,8.37
CELL_01035,45.7271,9.4018,289.4,Olgiate Molgora,Olgiate Centro,64.503,14.35,S_OLGIATE_FS,619.6,7.75,7.64
CELL_01036,45.7271,9.4031,283.6,Olgiate Molgora,Olgiate Centro,64.049,14.25,S_OLGIATE_FS,604.4,7.56,7.71
CELL_01037,45.7271,9.4044,278.9,Calco,Calco Centro,74.622,14.42,S_OLGIATE_FS,615.3,7.69,8.05
CELL_01038,45.7271,9.4057,280.5,Calco,Calco Centro,92.953,17.96,S_CALCO_NAZ,662.6,8.28,8.26
CELL_01039,45.7271,9.407,280.4,Calco,Calco Centro,115.412,22.3,S_CALCO_NAZ,539.2,6.74,6.72
CELL_01040,45.7271,9.4083,281.8,Calco,Calco Centro,143.251,27.68,S_CALCO_NAZ,417.4,5.22,5.14
CELL_01041,45.7271,9.4096,278.8,Calco,Calco Centro,176.066,34.02,S_CALCO_NAZ,299.3,3.74,3.79
CELL_01042,45.7271,9.4109,274.4,Calco,Calco Centro,213.049,41.16,S_CALCO_NAZ,192.0,2.4,2.66
CELL_01043,45.7271,9.4122,278.8,Calco,Calco Centro,239.035,46.18,S_CALCO_NAZ,126.5,1.58,1.64
CELL_01044,45.7271,9.4135,281.9,Calco,Calco Centro,223.671,43.21,S_CALCO_NAZ,164.5,2.06,1.97
CELL_01045,45.7271,9.4148,282.4,Calco,Calco Centro,187.21,36.17,S_CALCO_NAZ,264.5,3.31,3.2
CELL_01046,45.7271,9.4161,279.6,Calco,Calco Centro,152.9,29.54,S_CALCO_NAZ,380.5,4.76,4.77
CELL_01047,45.7271,9.4174,324.4,Calco,Calco Superiore,27.58,5.33,S_CALCO_SUP,305.1,3.81,3.84
CELL_01048,45.7271,9.4187,314.9,Calco,Calco Superiore,29.77,5.75,S_CALCO_SUP,254.7,3.18,3.66
CELL_01049,45.7271,9.42,320.5,Calco,Calco Superiore,29.379,5.68,S_CALCO_SUP,261.9,3.27,3.48
CELL_01050,45.7271,9.4213,317.3,Calco,Calco Superiore,26.402,5.1,S_CALCO_SUP,322.7,4.03,4.39
CELL_01051,45.7271,9.4226,317.4,Calco,Calco Superiore,22.546,4.36,S_CALCO_SUP,414.2,5.18,5.52
CELL_01052,45.7271,9.4239,318.5,Calco,Calco Superiore,18.711,3.61,S_CALCO_SUP,520.5,6.51,6.8
CELL_01053,45.7271,9.4252,320.2,Calco,Calco Superiore,15.361,2.97,S_CALCO_SUP,634.1,7.93,8.14
CELL_01054,45.7271,9.4265,317.6,Calco,Calco Superiore,12.541,2.42,S_CALCO_SUP,751.8,9.4,9.73
CELL_01055,45.7271,9.4278,316.3,Calco,Calco Superiore,10.078,1.95,S_CALCO_SUP,871.9,10.9,11.29
CELL_01056,45.7271,9.4291,319.1,Calco,Calco Superiore,8.201,1.58,S_CALCO_SUP,993.5,12.42,12.68
CELL_01057,45.7271,9.4304,324.3,Calco,Calco Superiore,6.958,1.34,S_BEVERATE,1250.4,15.63,13.56
CELL_01058,45.7271,9.4317,318.6,Calco,Calco Superiore,5.499,1.06,S_BEVERATE,1313.1,16.41,13.89
CELL_01059,45.7271,9.433,315.2,Calco,Calco Superiore,4.639,0.9,S_BEVERATE,1384.5,17.31,14.68
CELL_01060,45.7271,9.4343,247.6,Brivio,Beverate,10.085,1.46,S_BEVERATE,1463.3,18.29,18.4
CELL_01061,45.7271,9.4356,264.0,Calco,Arlate,6.421,1.24,S_BEVERATE,1548.4,19.35,18.75
CELL_01062,45.7271,9.4369,273.4,Calco,Arlate,6.162,1.19,S_ARLATE,1557.9,19.47,19.11
CELL_01063,45.7271,9.4382,265.3,Calco,Arlate,5.679,1.1,S_ARLATE,1600.2,20.0,19.99
CELL_01064,45.7271,9.4395,268.4,Calco,Arlate,5.36,1.04,S_ARLATE,1651.1,20.64,20.49
CELL_01065,45.7271,9.4408,274.2,Calco,Arlate,4.715,0.91,S_ARLATE,1709.9,21.37,20.97
CELL_01066,45.728,9.3615,338.6,La Valletta Brianza,Rovagnate,11.364,2.48,S_ROVAGNATE,1702.0,21.27,21.42
CELL_01067,45.728,9.3628,336.4,La Valletta Brianza,Rovagnate,12.534,2.74,S_ROVAGNATE,1648.2,20.6,20.85
CELL_01068,45.728,9.3641,336.3,La Valletta Brianza,Rovagnate,13.73,3.0,S_ROVAGNATE,1602.5,20.03,20.28
CELL_01069,45.728,9.3654,337.1,La Valletta Brianza,Rovagnate,14.657,3.2,S_ROVAGNATE,1565.8,19.57,19.79
CELL_01070,45.728,9.3667,338.5,La Valletta Brianza,Rovagnate,15.192,3.32,S_ROVAGNATE,1538.5,19.23,19.38
CELL_01071,45.728,9.368,360.1,Olgiate Molgora,San Zeno,4.82,1.07,S_SAN_ZENO,1439.8,18.0,18.21
CELL_01072,45.728,9.3693,363.8,Olgiate Molgora,San Zeno,5.724,1.27,S_SAN_ZENO,1320.3,16.5,16.56
CELL_01073,45.728,9.3706,358.8,Olgiate Molgora,San Zeno,7.207,1.6,S_SAN_ZENO,1202.2,15.03,15.3
CELL_01074,45.728,9.3719,366.6,Olgiate Molgora,San Zeno,8.573,1.91,S_SAN_ZENO,1085.8,13.57,13.5
CELL_01075,45.728,9.3732,361.9,Olgiate Molgora,San Zeno,10.405,2.31,S_SAN_ZENO,972.0,12.15,12.29
CELL_01076,45.728,9.3745,366.6,Olgiate Molgora,San Zeno,12.804,2.85,S_SAN_ZENO,861.7,10.77,10.7
CELL_01077,45.728,9.3758,366.5,Olgiate Molgora,San Zeno,15.389,3.42,S_SAN_ZENO,756.3,9.45,9.39
CELL_01078,45.728,9.3771,367.6,Olgiate Molgora,San Zeno,17.963,4.0,S_SAN_ZENO,658.4,8.23,8.12
CELL_01079,45.728,9.3784,365.8,Olgiate Molgora,San Zeno,20.959,4.66,S_SAN_ZENO,571.6,7.15,7.11
CELL_01080,45.728,9.3797,365.2,Olgiate Molgora,San Zeno,23.751,5.28,S_SAN_ZENO,502.0,6.27,6.27
CELL_01081,45.728,9.381,368.2,Olgiate Molgora,San Zeno,25.862,5.75,S_SAN_ZENO,457.2,5.72,5.58
CELL_01082,45.728,9.3823,361.3,Olgiate Molgora,San Zeno,26.208,5.83,S_SAN_ZENO,445.0,5.56,5.73
CELL_01083,45.728,9.3836,368.4,Olgiate Molgora,San Zeno,25.231,5.61,S_SAN_ZENO,467.8,5.85,5.7
CELL_01084,45.728,9.3849,364.7,Olgiate Molgora,San Zeno,22.951,5.11,S_SAN_ZENO,521.1,6.51,6.53
CELL_01085,45.728,9.3862,361.9,Olgiate Molgora,San Zeno,20.268,4.51,S_SAN_ZENO,596.8,7.46,7.6
CELL_01086,45.728,9.3875,358.9,Olgiate Molgora,San Zeno,17.176,3.82,S_SAN_ZENO,687.5,8.59,8.87
CELL_01087,45.728,9.3888,366.8,Olgiate Molgora,San Zeno,14.52,3.23,S_SAN_ZENO,788.1,9.85,9.77
CELL_01088,45.728,9.3901,364.0,Olgiate Molgora,San Zeno,11.996,2.67,S_SAN_ZENO,895.2,11.19,11.23
CELL_01089,45.728,9.3914,365.9,Olgiate Molgora,San Zeno,10.06,2.24,S_SAN_ZENO,1006.7,12.58,12.54
CELL_01090,45.728,9.3927,364.3,Olgiate Molgora,San Zeno,8.256,1.84,S_OLGIATE_CENTRO,1146.7,14.33,12.48
CELL_01091,45.728,9.394,287.2,Olgiate Molgora,Olgiate Centro,43.706,9.72,S_OLGIATE_FS,1014.8,12.69,12.68
CELL_01092,45.728,9.3953,286.0,Olgiate Molgora,Olgiate Centro,51.213,11.39,S_OLGIATE_FS,905.5,11.32,11.36
CELL_01093,45.728,9.3966,288.4,Olgiate Molgora,Olgiate Centro,58.897,13.1,S_OLGIATE_FS,801.2,10.01,9.95
CELL_01094,45.728,9.3979,283.9,Olgiate Molgora,Olgiate Centro,66.813,14.86,S_OLGIATE_FS,704.1,8.8,8.94
CELL_01095,45.728,9.3992,294.8,Olgiate Molgora,Olgiate Centro,73.469,16.34,S_OLGIATE_FS,617.6,7.72,7.39
CELL_01096,45.728,9.4005,283.4,Olgiate Molgora,Olgiate Centro,78.227,17.4,S_OLGIATE_FS,546.8,6.84,6.99
CELL_01097,45.728,9.4018,286.4,Olgiate Molgora,Olgiate Centro,80.6,17.93,S_OLGIATE_FS,498.5,6.23,6.26
CELL_01098,45.728,9.4031,288.6,Olgiate Molgora,Olgiate Centro,79.553,17.7,S_OLGIATE_FS,479.4,5.99,5.92
CELL_01099,45.728,9.4044,283.0,Olgiate Molgora,Olgiate Centro,75.457,16.78,S_OLGIATE_FS,493.0,6.16,6.34
CELL_01100,45.728,9.4057,284.0,Calco,Calco Centro,87.573,16.92,S_OLGIATE_FS,536.8,6.71,6.84
CELL_01101,45.728,9.407,278.1,Calco,Calco Centro,107.102,20.69,S_CALCO_NAZ,581.0,7.26,7.35
CELL_01102,45.728,9.4083,276.3,Calco,Calco Centro,130.451,25.2,S_CALCO_NAZ,470.2,5.88,6.04
CELL_01103,45.728,9.4096,284.3,Calco,Calco Centro,156.064,30.15,S_CALCO_NAZ,369.4,4.62,4.43
CELL_01104,45.728,9.4109,279.7,Calco,Calco Centro,179.444,34.67,S_CALCO_NAZ,289.4,3.62,3.63
CELL_01105,45.728,9.4122,281.0,Calco,Calco Centro,192.222,37.14,S_CALCO_NAZ,250.8,3.14,3.09
CELL_01106,45.728,9.4135,281.8,Calco,Calco Centro,185.2,35.78,S_CALCO_NAZ,271.9,3.4,3.32
CELL_01107,45.728,9.4148,278.1,Calco,Calco Centro,163.706,31.63,S_CALCO_NAZ,341.9,4.27,4.36
CELL_01108,45.728,9.4161,318.7,Calco,Calco Superiore,26.375,5.1,S_CALCO_SUP,326.0,4.08,4.36
CELL_01109,45.728,9.4174,321.7,Calco,Calco Superiore,32.031,6.19,S_CALCO_SUP,214.9,2.69,2.83
CELL_01110,45.728,9.4187,322.4,Calco,Calco Superiore,37.046,7.16,S_CALCO_SUP,134.1,1.68,1.79
CELL_01111,45.728,9.42,320.7,Calco,Calco Superiore,36.258,7.01,S_CALCO_SUP,147.2,1.84,2.04
CELL_01112,45.728,9.4213,316.0,Calco,Calco Superiore,30.684,5.93,S_CALCO_SUP,239.2,2.99,3.41
CELL_01113,45.728,9.4226,318.3,Calco,Calco Superiore,25.001,4.83,S_CALCO_SUP,353.1,4.41,4.72
CELL_01114,45.728,9.4239,320.2,Calco,Calco Superiore,20.501,3.96,S_CALCO_SUP,473.3,5.92,6.13
CELL_01115,45.728,9.4252,321.2,Calco,Calco Superiore,16.594,3.21,S_CALCO_SUP,596.0,7.45,7.62
CELL_01116,45.728,9.4265,318.8,Calco,Calco Superiore,13.157,2.54,S_CALCO_SUP,720.0,9.0,9.27
CELL_01117,45.728,9.4278,325.3,Calco,Calco Superiore,10.707,2.07,S_CALCO_SUP,844.6,10.56,10.54
CELL_01118,45.728,9.4291,315.2,Calco,Calco Superiore,8.753,1.69,S_BEVERATE,1082.8,13.54,11.78
CELL_01119,45.728,9.4304,324.0,Calco,Calco Superiore,7.006,1.35,S_BEVERATE,1140.7,14.26,12.61
CELL_01120,45.728,9.4317,246.9,Brivio,Beverate,15.699,2.28,S_BEVERATE,1209.1,15.11,15.25
CELL_01121,45.728,9.433,245.1,Brivio,Beverate,13.692,1.99,S_BEVERATE,1286.3,16.08,16.29
CELL_01122,45.728,9.4343,245.8,Brivio,Beverate,11.642,1.69,S_BEVERATE,1370.7,17.13,17.32
CELL_01123,45.728,9.4356,246.0,Brivio,Beverate,9.891,1.43,S_BEVERATE,1461.2,18.27,18.44
CELL_01124,45.728,9.4369,247.4,Brivio,Beverate,8.482,1.23,S_BEVERATE,1556.7,19.46,19.57
CELL_01125,45.728,9.4382,245.5,Brivio,Beverate,7.252,1.05,S_BEVERATE,1656.3,20.7,20.9
CELL_01126,45.7289,9.3589,340.6,La Valletta Brianza,Rovagnate,10.831,2.37,S_ROVAGNATE,1729.1,21.61,21.68
CELL_01127,45.7289,9.3602,334.6,La Valletta Brianza,Rovagnate,12.39,2.71,S_ROVAGNATE,1657.1,20.71,21.04
CELL_01128,45.7289,9.3615,335.6,La Valletta Brianza,Rovagnate,13.992,3.06,S_ROVAGNATE,1591.8,19.9,20.18
CELL_01129,45.7289,9.3628,340.4,La Valletta Brianza,Rovagnate,15.427,3.37,S_ROVAGNATE,1534.1,19.18,19.25
CELL_01130,45.7289,9.3641,336.0,La Valletta Brianza,Rovagnate,16.664,3.64,S_ROVAGNATE,1484.9,18.56,18.83
CELL_01131,45.7289,9.3654,340.1,La Valletta Brianza,Rovagnate,17.934,3.92,S_ROVAGNATE,1445.2,18.06,18.15
CELL_01132,45.7289,9.3667,338.1,La Valletta Brianza,Rovagnate,18.948,4.14,S_ROVAGNATE,1415.6,17.7,17.87
CELL_01133,45.7289,9.368,343.3,La Valletta Brianza,Rovagnate,19.527,4.27,S_ROVAGNATE,1396.9,17.46,17.4
CELL_01134,45.7289,9.3693,369.2,Olgiate Molgora,San Zeno,5.441,1.21,S_ROVAGNATE,1389.4,17.37,16.22
CELL_01135,45.7289,9.3706,365.6,Olgiate Molgora,San Zeno,6.711,1.49,S_SAN_ZENO,1253.8,15.67,15.65
CELL_01136,45.7289,9.3719,367.8,Olgiate Molgora,San Zeno,7.819,1.74,S_SAN_ZENO,1142.7,14.28,14.16
CELL_01137,45.7289,9.3732,366.0,Olgiate Molgora,San Zeno,9.491,2.11,S_SAN_ZENO,1035.2,12.94,12.9
CELL_01138,45.7289,9.3745,365.6,Olgiate Molgora,San Zeno,11.105,2.47,S_SAN_ZENO,932.4,11.65,11.63
CELL_01139,45.7289,9.3758,365.5,Olgiate Molgora,San Zeno,13.192,2.93,S_SAN_ZENO,836.0,10.45,10.43
CELL_01140,45.7289,9.3771,365.2,Olgiate Molgora,San Zeno,15.638,3.48,S_SAN_ZENO,748.5,9.36,9.35
CELL_01141,45.7289,9.3784,364.8,Olgiate Molgora,San Zeno,17.644,3.92,S_SAN_ZENO,673.5,8.42,8.43
CELL_01142,45.7289,9.3797,364.1,Olgiate Molgora,San Zeno,19.617,4.36,S_SAN_ZENO,615.4,7.69,7.73
CELL_01143,45.7289,9.381,367.7,Olgiate Molgora,San Zeno,20.98,4.67,S_SAN_ZENO,579.5,7.24,7.13
CELL_01144,45.7289,9.3823,361.7,Olgiate Molgora,San Zeno,21.063,4.69,S_SAN_ZENO,569.9,7.12,7.27
CELL_01145,45.7289,9.3836,366.7,Olgiate Molgora,San Zeno,20.589,4.58,S_SAN_ZENO,587.9,7.35,7.28
CELL_01146,45.7289,9.3849,366.6,Olgiate Molgora,San Zeno,19.096,4.25,S_SAN_ZENO,631.2,7.89,7.82
CELL_01147,45.7289,9.3862,367.9,Olgiate Molgora,San Zeno,16.841,3.75,S_SAN_ZENO,695.0,8.69,8.56
CELL_01148,45.7289,9.3875,368.7,Olgiate Molgora,San Zeno,14.791,3.29,S_SAN_ZENO,774.3,9.68,9.52
CELL_01149,45.7289,9.3888,364.5,Olgiate Molgora,San Zeno,12.675,2.82,S_SAN_ZENO,864.8,10.81,10.83
CELL_01150,45.7289,9.3901,366.7,Olgiate Molgora,San Zeno,10.534,2.34,S_OLGIATE_SCARPONE,1103.7,13.8,11.64
CELL_01151,45.7289,9.3914,361.9,Olgiate Molgora,San Zeno,9.117,2.03,S_OLGIATE_SCARPONE,1124.0,14.05,11.95
CELL_01152,45.7289,9.3927,287.4,Olgiate Molgora,Olgiate Centro,41.567,9.25,S_OLGIATE_FS,1080.5,13.51,13.49
CELL_01153,45.7289,9.394,292.6,Olgiate Molgora,Olgiate Centro,49.852,11.09,S_OLGIATE_FS,962.1,12.03,11.78
CELL_01154,45.7289,9.3953,278.5,Olgiate Molgora,Olgiate Centro,59.391,13.21,S_OLGIATE_FS,846.0,10.58,10.95
CELL_01155,45.7289,9.3966,281.9,Olgiate Molgora,Olgiate Centro,69.723,15.51,S_OLGIATE_FS,733.3,9.17,9.39
CELL_01156,45.7289,9.3979,286.5,Olgiate Molgora,Olgiate Centro,80.253,17.85,S_OLGIATE_FS,625.7,7.82,7.84
CELL_01157,45.7289,9.3992,285.9,Olgiate Molgora,Olgiate Centro,89.765,19.97,S_OLGIATE_FS,526.5,6.58,6.63
CELL_01158,45.7289,9.4005,289.7,Olgiate Molgora,Olgiate Centro,97.037,21.58,S_OLGIATE_FS,441.3,5.52,5.4
CELL_01159,45.7289,9.4018,285.1,Olgiate Molgora,Olgiate Centro,100.113,22.27,S_OLGIATE_FS,379.8,4.75,4.83
CELL_01160,45.7289,9.4031,290.8,Olgiate Molgora,Olgiate Centro,98.418,21.89,S_OLGIATE_FS,354.4,4.43,4.27
CELL_01161,45.7289,9.4044,286.3,Olgiate Molgora,Olgiate Centro,92.23,20.52,S_OLGIATE_FS,372.6,4.66,4.69
CELL_01162,45.7289,9.4057,283.3,Olgiate Molgora,Olgiate Centro,83.527,18.58,S_OLGIATE_FS,428.9,5.36,5.53
CELL_01163,45.7289,9.407,282.7,Calco,Calco Centro,95.816,18.51,S_OLGIATE_FS,510.9,6.39,6.58
CELL_01164,45.7289,9.4083,279.4,Calco,Calco Centro,114.084,22.04,S_CALCO_NAZ,547.1,6.84,6.86
CELL_01165,45.7289,9.4096,277.8,Calco,Calco Centro,132.268,25.55,S_CALCO_NAZ,463.3,5.79,5.89
CELL_01166,45.7289,9.4109,282.1,Calco,Calco Centro,147.382,28.47,S_CALCO_NAZ,402.4,5.03,4.94
CELL_01167,45.7289,9.4122,282.0,Calco,Calco Centro,154.334,29.82,S_CALCO_NAZ,375.6,4.69,4.61
CELL_01168,45.7289,9.4135,280.0,Calco,Calco Centro,150.591,29.09,S_CALCO_NAZ,390.0,4.88,4.88
CELL_01169,45.7289,9.4148,317.3,Calco,Calco Superiore,22.305,4.31,S_CALCO_NAZ,441.6,5.52,5.23
CELL_01170,45.7289,9.4161,315.1,Calco,Calco Superiore,27.532,5.32,S_CALCO_SUP,301.1,3.76,4.22
CELL_01171,45.7289,9.4174,316.1,Calco,Calco Superiore,34.172,6.6,S_CALCO_SUP,174.8,2.19,2.61
CELL_01172,45.7289,9.4187,320.5,Calco,Calco Superiore,42.763,8.26,S_CALCO_SUP,48.6,0.61,0.84
CELL_01173,45.7289,9.42,319.6,Calco,Calco Superiore,40.564,7.84,S_CALCO_SUP,77.7,0.97,1.24
CELL_01174,45.7289,9.4213,325.5,Calco,Calco Superiore,32.684,6.31,S_CALCO_SUP,204.0,2.55,2.53
CELL_01175,45.7289,9.4226,323.2,Calco,Calco Superiore,26.193,5.06,S_CALCO_SUP,330.2,4.13,4.21
CELL_01176,45.7289,9.4239,315.8,Calco,Calco Superiore,20.918,4.04,S_CALCO_SUP,456.5,5.71,6.12
CELL_01177,45.7289,9.4252,316.0,Calco,Calco Superiore,16.706,3.23,S_CALCO_SUP,582.8,7.28,7.69
CELL_01178,45.7289,9.4265,315.0,Calco,Calco Superiore,13.494,2.61,S_CALCO_SUP,709.0,8.86,9.31
CELL_01179,45.7289,9.4278,318.3,Calco,Calco Superiore,10.901,2.11,S_BEVERATE,919.0,11.49,10.5
CELL_01180,45.7289,9.4291,318.7,Calco,Calco Superiore,8.782,1.7,S_BEVERATE,970.3,12.13,10.95
CELL_01181,45.7289,9.4304,247.2,Brivio,Beverate,20.966,3.04,S_BEVERATE,1034.5,12.93,13.05
CELL_01182,45.7289,9.4317,246.2,Brivio,Beverate,18.41,2.67,S_BEVERATE,1109.5,13.87,14.04
CELL_01183,45.7289,9.433,246.2,Brivio,Beverate,15.781,2.29,S_BEVERATE,1193.1,14.91,15.08
CELL_01184,45.7289,9.4343,248.0,Brivio,Beverate,13.546,1.96,S_BEVERATE,1283.7,16.05,16.13
CELL_01185,45.7289,9.4356,249.0,Brivio,Beverate,11.546,1.67,S_BEVERATE,1379.9,17.25,17.29
CELL_01186,45.7289,9.4369,247.7,Brivio,Beverate,9.785,1.42,S_BEVERATE,1480.7,18.51,18.61
CELL_01187,45.7289,9.4382,252.0,Brivio,Beverate,8.126,1.18,S_BEVERATE,1585.1,19.81,19.73
CELL_01188,45.7289,9.4395,250.5,Brivio,Beverate,6.692,0.97,S_BEVERATE,1692.4,21.16,21.13
CELL_01189,45.7298,9.3576,340.8,La Valletta Brianza,Rovagnate,11.363,2.48,S_ROVAGNATE,1712.9,21.41,21.46
CELL_01190,45.7298,9.3589,336.2,La Valletta Brianza,Rovagnate,13.018,2.84,S_ROVAGNATE,1630.4,20.38,20.64
CELL_01191,45.7298,9.3602,340.8,La Valletta Brianza,Rovagnate,14.942,3.26,S_ROVAGNATE,1553.7,19.42,19.47
CELL_01192,45.7298,9.3615,342.8,La Valletta Brianza,Rovagnate,16.589,3.62,S_ROVAGNATE,1483.9,18.55,18.51
CELL_01193,45.7298,9.3628,338.6,La Valletta Brianza,Rovagnate,18.592,4.06,S_ROVAGNATE,1421.9,17.77,17.92
CELL_01194,45.7298,9.3641,339.5,La Valletta Brianza,Rovagnate,20.602,4.5,S_ROVAGNATE,1368.7,17.11,17.22
CELL_01195,45.7298,9.3654,347.6,La Valletta Brianza,Rovagnate,22.083,4.82,S_ROVAGNATE,1325.4,16.57,16.32
CELL_01196,45.7298,9.3667,338.6,La Valletta Brianza,Rovagnate,23.291,5.09,S_ROVAGNATE,1293.1,16.16,16.31
CELL_01197,45.7298,9.368,337.4,La Valletta Brianza,Rovagnate,24.376,5.33,S_ROVAGNATE,1272.6,15.91,16.11
CELL_01198,45.7298,9.3693,337.5,La Valletta Brianza,Rovagnate,24.439,5.34,S_ROVAGNATE,1264.4,15.8,16.0
CELL_01199,45.7298,9.3706,343.3,La Valletta Brianza,Rovagnate,24.426,5.34,S_ROVAGNATE,1268.7,15.86,15.8
CELL_01200,45.7298,9.3719,364.0,Olgiate Molgora,San Zeno,7.093,1.58,S_ROVAGNATE,1285.5,16.07,15.13
CELL_01201,45.7298,9.3732,372.2,Olgiate Molgora,San Zeno,8.459,1.88,S_SAN_ZENO,1108.9,13.86,13.55
CELL_01202,45.7298,9.3745,370.0,Olgiate Molgora,San Zeno,9.663,2.15,S_SAN_ZENO,1013.6,12.67,12.45
CELL_01203,45.7298,9.3758,368.7,Olgiate Molgora,San Zeno,11.258,2.5,S_SAN_ZENO,925.7,11.57,11.41
CELL_01204,45.7298,9.3771,366.3,Olgiate Molgora,San Zeno,12.93,2.88,S_SAN_ZENO,847.5,10.59,10.54
CELL_01205,45.7298,9.3784,365.3,Olgiate Molgora,San Zeno,14.645,3.26,S_SAN_ZENO,782.1,9.78,9.76
CELL_01206,45.7298,9.3797,357.3,Olgiate Molgora,San Zeno,15.787,3.51,S_SAN_ZENO,732.7,9.16,9.5
CELL_01207,45.7298,9.381,363.5,Olgiate Molgora,San Zeno,16.843,3.75,S_SAN_ZENO,702.8,8.78,8.85
CELL_01208,45.7298,9.3823,370.2,Olgiate Molgora,San Zeno,16.975,3.78,S_SAN_ZENO,694.9,8.69,8.46
CELL_01209,45.7298,9.3836,359.7,Olgiate Molgora,San Zeno,16.488,3.67,S_SAN_ZENO,709.7,8.87,9.11
CELL_01210,45.7298,9.3849,362.8,Olgiate Molgora,San Zeno,15.745,3.5,S_SAN_ZENO,746.0,9.32,9.42
CELL_01211,45.7298,9.3862,365.1,Olgiate Molgora,San Zeno,14.249,3.17,S_SAN_ZENO,800.7,10.01,10.0
CELL_01212,45.7298,9.3875,369.1,Olgiate Molgora,San Zeno,12.69,2.82,S_OLGIATE_SCARPONE,981.9,12.27,10.68
CELL_01213,45.7298,9.3888,359.7,Olgiate Molgora,San Zeno,10.991,2.44,S_OLGIATE_SCARPONE,972.5,12.16,10.24
CELL_01214,45.7298,9.3901,366.5,Olgiate Molgora,San Zeno,9.456,2.1,S_OLGIATE_SCARPONE,979.4,12.24,10.56
CELL_01215,45.7298,9.3914,283.4,Olgiate Molgora,Olgiate Centro,38.046,8.46,S_OLGIATE_SCARPONE,1002.3,12.53,13.75
CELL_01216,45.7298,9.3927,284.4,Olgiate Molgora,Olgiate Centro,46.13,10.26,S_OLGIATE_CENTRO,987.1,12.34,12.81
CELL_01217,45.7298,9.394,284.9,Olgiate Molgora,Olgiate Centro,56.406,12.55,S_OLGIATE_CENTRO,885.6,11.07,11.52
CELL_01218,45.7298,9.3953,291.7,Olgiate Molgora,Olgiate Centro,67.847,15.09,S_OLGIATE_FS,801.7,10.02,9.82
CELL_01219,45.7298,9.3966,288.4,Olgiate Molgora,Olgiate Centro,81.378,18.1,S_OLGIATE_FS,681.7,8.52,8.46
CELL_01220,45.7298,9.3979,285.7,Olgiate Molgora,Olgiate Centro,95.364,21.21,S_OLGIATE_FS,564.4,7.05,7.11
CELL_01221,45.7298,9.3992,284.3,Olgiate Molgora,Olgiate Centro,108.813,24.2,S_OLGIATE_FS,451.9,5.65,5.77
CELL_01222,45.7298,9.4005,284.6,Olgiate Molgora,Olgiate Centro,119.88,26.67,S_OLGIATE_FS,349.0,4.36,4.47
CELL_01223,45.7298,9.4018,286.0,Olgiate Molgora,Olgiate Centro,124.766,27.75,S_OLGIATE_FS,267.0,3.34,3.38
CELL_01224,45.7298,9.4031,286.8,Olgiate Molgora,Olgiate Centro,121.906,27.12,S_OLGIATE_FS,229.5,2.87,2.88
CELL_01225,45.7298,9.4044,288.3,Olgiate Molgora,Olgiate Centro,112.84,25.1,S_OLGIATE_FS,256.7,3.21,3.15
CELL_01226,45.7298,9.4057,287.1,Olgiate Molgora,Olgiate Centro,99.565,22.15,S_OLGIATE_FS,333.2,4.17,4.16
CELL_01227,45.7298,9.407,282.2,Olgiate Molgora,Olgiate Centro,85.446,19.01,S_OLGIATE_FS,433.6,5.42,5.63
CELL_01228,45.7298,9.4083,278.0,Calco,Calco Centro,97.228,18.78,S_OLGIATE_FS,544.9,6.81,7.22
CELL_01229,45.7298,9.4096,277.6,Calco,Calco Centro,109.745,21.2,S_CALCO_NAZ,569.3,7.12,7.22
CELL_01230,45.7298,9.4109,280.4,Calco,Calco Centro,119.768,23.14,S_CALCO_NAZ,520.9,6.51,6.49
CELL_01231,45.7298,9.4122,280.1,Calco,Calco Centro,124.118,23.98,S_CALCO_NAZ,500.5,6.26,6.25
CELL_01232,45.7298,9.4135,282.6,Calco,Calco Centro,121.781,23.53,S_CALCO_NAZ,511.4,6.39,6.28
CELL_01233,45.7298,9.4148,320.6,Calco,Calco Superiore,21.248,4.11,S_CALCO_SUP,445.3,5.57,5.76
CELL_01234,45.7298,9.4161,321.5,Calco,Calco Superiore,26.588,5.14,S_CALCO_SUP,326.0,4.08,4.23
CELL_01235,45.7298,9.4174,323.0,Calco,Calco Superiore,31.955,6.17,S_CALCO_SUP,214.9,2.69,2.78
CELL_01236,45.7298,9.4187,319.9,Calco,Calco Superiore,36.887,7.13,S_CALCO_SUP,134.1,1.68,1.92
CELL_01237,45.7298,9.42,324.4,Calco,Calco Superiore,36.161,6.99,S_CALCO_SUP,147.2,1.84,1.87
CELL_01238,45.7298,9.4213,318.1,Calco,Calco Superiore,30.791,5.95,S_CALCO_SUP,239.2,2.99,3.31
CELL_01239,45.7298,9.4226,321.1,Calco,Calco Superiore,25.189,4.87,S_CALCO_SUP,353.1,4.41,4.59
CELL_01240,45.7298,9.4239,319.3,Calco,Calco Superiore,20.312,3.92,S_CALCO_SUP,473.3,5.92,6.17
CELL_01241,45.7298,9.4252,319.9,Calco,Calco Superiore,16.321,3.15,S_CALCO_SUP,596.0,7.45,7.68
CELL_01242,45.7298,9.4265,320.2,Calco,Calco Superiore,13.239,2.56,S_CALCO_SUP,720.0,9.0,9.21
CELL_01243,45.7298,9.4278,247.2,Brivio,Beverate,31.333,4.54,S_BEVERATE,803.0,10.04,10.16
CELL_01244,45.7298,9.4291,249.7,Brivio,Beverate,28.228,4.09,S_BEVERATE,861.2,10.77,10.78
CELL_01245,45.7298,9.4304,246.5,Brivio,Beverate,25.22,3.66,S_BEVERATE,933.0,11.66,11.82
CELL_01246,45.7298,9.4317,248.2,Brivio,Beverate,21.539,3.12,S_BEVERATE,1015.5,12.69,12.77
CELL_01247,45.7298,9.433,246.7,Brivio,Beverate,18.408,2.67,S_BEVERATE,1106.2,13.83,13.97
CELL_01248,45.7298,9.4343,252.1,Brivio,Beverate,15.747,2.28,S_BEVERATE,1203.4,15.04,14.95
CELL_01249,45.7298,9.4356,242.9,Brivio,Beverate,12.926,1.87,S_BEVERATE,1305.5,16.32,16.63
CELL_01250,45.7298,9.4369,249.1,Brivio,Beverate,11.011,1.6,S_BEVERATE,1411.6,17.64,17.68
CELL_01251,45.7298,9.4382,249.2,Brivio,Beverate,8.862,1.29,S_BEVERATE,1520.7,19.01,19.04
CELL_01252,45.7298,9.4395,249.6,Brivio,Beverate,7.59,1.1,S_BEVERATE,1632.4,20.4,20.42
CELL_01253,45.7307,9.3563,337.7,La Valletta Brianza,Rovagnate,11.367,2.48,S_ROVAGNATE,1715.0,21.44,21.63
CELL_01254,45.7307,9.3576,341.4,La Valletta Brianza,Rovagnate,13.21,2.89,S_ROVAGNATE,1622.8,20.29,20.31
CELL_01255,45.7307,9.3589,343.6,La Valletta Brianza,Rovagnate,15.27,3.34,S_ROVAGNATE,1535.5,19.19,19.12
CELL_01256,45.7307,9.3602,338.7,La Valletta Brianza,Rovagnate,17.728,3.87,S_ROVAGNATE,1453.8,18.17,18.32
CELL_01257,45.7307,9.3615,336.9,La Valletta Brianza,Rovagnate,20.245,4.42,S_ROVAGNATE,1378.9,17.24,17.46
CELL_01258,45.7307,9.3628,336.2,La Valletta Brianza,Rovagnate,22.57,4.93,S_ROVAGNATE,1311.9,16.4,16.65
CELL_01259,45.7307,9.3641,343.2,La Valletta Brianza,Rovagnate,25.058,5.47,S_ROVAGNATE,1254.1,15.68,15.62
CELL_01260,45.7307,9.3654,344.5,La Valletta Brianza,Rovagnate,27.233,5.95,S_ROVAGNATE,1206.8,15.08,14.98
CELL_01261,45.7307,9.3667,342.5,La Valletta Brianza,Rovagnate,29.011,6.34,S_ROVAGNATE,1171.2,14.64,14.62
CELL_01262,45.7307,9.368,343.5,La Valletta Brianza,Rovagnate,30.25,6.61,S_ROVAGNATE,1148.5,14.36,14.29
CELL_01263,45.7307,9.3693,342.2,La Valletta Brianza,Rovagnate,30.519,6.67,S_ROVAGNATE,1139.3,14.24,14.23
CELL_01264,45.7307,9.3706,339.5,La Valletta Brianza,Rovagnate,30.339,6.63,S_ROVAGNATE,1144.2,14.3,14.41
CELL_01265,45.7307,9.3719,339.3,La Valletta Brianza,Rovagnate,29.413,6.43,S_ROVAGNATE,1162.8,14.53,14.65
CELL_01266,45.7307,9.3732,364.4,Olgiate Molgora,San Zeno,7.128,1.59,S_ROVAGNATE,1194.5,14.93,13.98
CELL_01267,45.7307,9.3745,365.4,Olgiate Molgora,San Zeno,8.378,1.86,S_SAN_ZENO,1103.0,13.79,13.77
CELL_01268,45.7307,9.3758,365.5,Olgiate Molgora,San Zeno,9.483,2.11,S_SAN_ZENO,1022.9,12.79,12.76
CELL_01269,45.7307,9.3771,363.4,Olgiate Molgora,San Zeno,10.925,2.43,S_SAN_ZENO,952.7,11.91,11.98
CELL_01270,45.7307,9.3784,367.7,Olgiate Molgora,San Zeno,12.188,2.71,S_SAN_ZENO,895.0,11.19,11.07
CELL_01271,45.7307,9.3797,367.6,Olgiate Molgora,San Zeno,12.858,2.86,S_SAN_ZENO,852.2,10.65,10.54
CELL_01272,45.7307,9.381,367.1,Olgiate Molgora,San Zeno,13.716,3.05,S_SAN_ZENO,826.6,10.33,10.24
CELL_01273,45.7307,9.3823,366.3,Olgiate Molgora,San Zeno,13.556,3.02,S_SAN_ZENO,819.9,10.25,10.19
CELL_01274,45.7307,9.3836,367.7,Olgiate Molgora,San Zeno,13.269,2.95,S_SAN_ZENO,832.5,10.41,10.29
CELL_01275,45.7307,9.3849,369.2,Olgiate Molgora,San Zeno,12.631,2.81,S_OLGIATE_SCARPONE,932.2,11.65,10.26
CELL_01276,45.7307,9.3862,368.5,Olgiate Molgora,San Zeno,11.726,2.61,S_OLGIATE_SCARPONE,887.1,11.09,9.84
CELL_01277,45.7307,9.3875,368.7,Olgiate Molgora,San Zeno,10.573,2.35,S_OLGIATE_SCARPONE,858.3,10.73,9.6
CELL_01278,45.7307,9.3888,368.2,Olgiate Molgora,San Zeno,9.127,2.03,S_OLGIATE_SCARPONE,847.5,10.59,9.49
CELL_01279,45.7307,9.3901,366.6,Olgiate Molgora,San Zeno,7.918,1.76,S_OLGIATE_SCARPONE,855.4,10.69,9.5
CELL_01280,45.7307,9.3914,284.3,Olgiate Molgora,Olgiate Centro,40.678,9.05,S_OLGIATE_SCARPONE,881.5,11.02,12.2
CELL_01281,45.7307,9.3927,284.4,Olgiate Molgora,Olgiate Centro,50.226,11.17,S_OLGIATE_CENTRO,922.5,11.53,12.0
CELL_01282,45.7307,9.394,285.1,Olgiate Molgora,Olgiate Centro,61.831,13.75,S_OLGIATE_CENTRO,813.0,10.16,10.61
CELL_01283,45.7307,9.3953,287.5,Olgiate Molgora,Olgiate Centro,75.899,16.88,S_OLGIATE_CENTRO,709.1,8.86,9.2
CELL_01284,45.7307,9.3966,289.9,Olgiate Molgora,Olgiate Centro,92.199,20.51,S_OLGIATE_CENTRO,613.6,7.67,7.9
CELL_01285,45.7307,9.3979,283.4,Olgiate Molgora,Olgiate Centro,110.897,24.67,S_OLGIATE_FS,526.2,6.58,6.74
CELL_01286,45.7307,9.3992,283.8,Olgiate Molgora,Olgiate Centro,130.151,28.95,S_OLGIATE_FS,403.2,5.04,5.18
CELL_01287,45.7307,9.4005,282.5,Olgiate Molgora,Olgiate Centro,146.998,32.7,S_OLGIATE_FS,283.1,3.54,3.74
CELL_01288,45.7307,9.4018,286.5,Olgiate Molgora,Olgiate Centro,155.361,34.56,S_OLGIATE_FS,172.1,2.15,2.17
CELL_01289,45.7307,9.4031,286.9,Olgiate Molgora,Olgiate Centro,150.849,33.55,S_OLGIATE_FS,104.7,1.31,1.31
CELL_01290,45.7307,9.4044,284.8,Olgiate Molgora,Olgiate Centro,135.882,30.22,S_OLGIATE_FS,155.6,1.95,2.04
CELL_01291,45.7307,9.4057,290.1,Olgiate Molgora,Olgiate Centro,116.826,25.99,S_OLGIATE_FS,263.3,3.29,3.16
CELL_01292,45.7307,9.407,284.8,Olgiate Molgora,Olgiate Centro,97.907,21.78,S_OLGIATE_FS,382.6,4.78,4.88
CELL_01293,45.7307,9.4083,282.8,Olgiate Molgora,Olgiate Centro,80.927,18.0,S_OLGIATE_FS,505.2,6.32,6.5
CELL_01294,45.7307,9.4096,281.7,Calco,Calco Centro,90.128,17.41,S_OLGIATE_FS,629.3,7.87,8.1
CELL_01295,45.7307,9.4109,280.9,Calco,Calco Centro,96.729,18.69,S_CALCO_NAZ,641.9,8.02,7.98
CELL_01296,45.7307,9.4122,278.4,Calco,Calco Centro,99.761,19.27,S_CALCO_NAZ,625.5,7.82,7.89
CELL_01297,45.7307,9.4135,320.8,Calco,Calco Superiore,16.335,3.16,S_CALCO_NAZ,634.2,7.93,7.0
CELL_01298,45.7307,9.4148,319.8,Calco,Calco Superiore,19.555,3.78,S_CALCO_SUP,495.1,6.19,6.42
CELL_01299,45.7307,9.4161,322.1,Calco,Calco Superiore,23.51,4.54,S_CALCO_SUP,391.4,4.89,5.02
CELL_01300,45.7307,9.4174,320.5,Calco,Calco Superiore,27.559,5.32,S_CALCO_SUP,305.1,3.81,4.02
CELL_01301,45.7307,9.4187,323.7,Calco,Calco Superiore,29.985,5.79,S_CALCO_SUP,254.7,3.18,3.24
CELL_01302,45.7307,9.42,322.2,Calco,Calco Superiore,29.661,5.73,S_CALCO_SUP,261.9,3.27,3.4
CELL_01303,45.7307,9.4213,324.1,Calco,Calco Superiore,26.697,5.16,S_CALCO_SUP,322.7,4.03,4.07
CELL_01304,45.7307,9.4226,317.9,Calco,Calco Superiore,22.504,4.35,S_CALCO_SUP,414.2,5.18,5.5
CELL_01305,45.7307,9.4239,314.4,Calco,Calco Superiore,18.783,3.63,S_CALCO_SUP,520.5,6.51,6.99
CELL_01306,45.7307,9.4252,246.0,Brivio,Beverate,43.566,6.32,S_BEVERATE,615.0,7.69,7.86
CELL_01307,45.7307,9.4265,249.1,Brivio,Beverate,41.601,6.03,S_BEVERATE,641.4,8.02,8.06
CELL_01308,45.7307,9.4278,247.6,Brivio,Beverate,38.2,5.54,S_BEVERATE,690.2,8.63,8.73
CELL_01309,45.7307,9.4291,248.6,Brivio,Beverate,33.887,4.91,S_BEVERATE,757.1,9.46,9.53
CELL_01310,45.7307,9.4304,243.8,Brivio,Beverate,29.472,4.27,S_BEVERATE,837.9,10.47,10.75
CELL_01311,45.7307,9.4317,253.7,Brivio,Beverate,25.253,3.66,S_BEVERATE,928.8,11.61,11.45
CELL_01312,45.7307,9.433,245.6,Brivio,Beverate,21.091,3.06,S_BEVERATE,1027.2,12.84,13.03
CELL_01313,45.7307,9.4343,247.5,Brivio,Beverate,17.545,2.54,S_BEVERATE,1131.2,14.14,14.25
CELL_01314,45.7307,9.4356,246.1,Brivio,Beverate,14.587,2.12,S_BEVERATE,1239.3,15.49,15.66
CELL_01315,45.7307,9.4369,246.7,Brivio,Beverate,12.034,1.75,S_BEVERATE,1350.6,16.88,17.03
CELL_01316,45.7307,9.4382,251.4,Brivio,Beverate,10.014,1.45,S_BEVERATE,1464.3,18.3,18.24
CELL_01317,45.7307,9.4395,248.4,Brivio,Beverate,8.012,1.16,S_BEVERATE,1579.9,19.75,19.82
CELL_01318,45.7307,9.4408,252.1,Brivio,Beverate,6.71,0.97,S_BRIVIO_PORTO,1741.9,21.77,19.85
CELL_01319,45.7316,9.355,340.5,La Valletta Brianza,Rovagnate,10.819,2.36,S_ROVAGNATE,1735.5,21.69,21.76
CELL_01320,45.7316,9.3563,339.4,La Valletta Brianza,Rovagnate,13.044,2.85,S_ROVAGNATE,1634.7,20.43,20.55
CELL_01321,45.7316,9.3576,339.1,La Valletta Brianza,Rovagnate,15.071,3.29,S_ROVAGNATE,1537.6,19.22,19.35
CELL_01322,45.7316,9.3589,340.8,La Valletta Brianza,Rovagnate,17.765,3.88,S_ROVAGNATE,1445.1,18.06,18.12
CELL_01323,45.7316,9.3602,335.4,La Valletta Brianza,Rovagnate,20.891,4.56,S_ROVAGNATE,1358.1,16.98,17.27
CELL_01324,45.7316,9.3615,337.2,La Valletta Brianza,Rovagnate,23.917,5.23,S_ROVAGNATE,1277.6,15.97,16.18
CELL_01325,45.7316,9.3628,347.6,La Valletta Brianza,Rovagnate,27.267,5.96,S_ROVAGNATE,1205.0,15.06,14.82
CELL_01326,45.7316,9.3641,337.5,La Valletta Brianza,Rovagnate,30.547,6.67,S_ROVAGNATE,1141.7,14.27,14.47
CELL_01327,45.7316,9.3654,341.4,La Valletta Brianza,Rovagnate,33.395,7.3,S_ROVAGNATE,1089.5,13.62,13.65
CELL_01328,45.7316,9.3667,345.8,La Valletta Brianza,Rovagnate,35.547,7.77,S_ROVAGNATE,1050.0,13.12,12.96
CELL_01329,45.7316,9.368,340.1,La Valletta Brianza,Rovagnate,37.266,8.14,S_ROVAGNATE,1024.6,12.81,12.89
CELL_01330,45.7316,9.3693,338.4,La Valletta Brianza,Rovagnate,38.154,8.34,S_ROVAGNATE,1014.3,12.68,12.84
CELL_01331,45.7316,9.3706,334.1,La Valletta Brianza,Rovagnate,37.831,8.26,S_ROVAGNATE,1019.8,12.75,13.1
CELL_01332,45.7316,9.3719,339.4,La Valletta Brianza,Rovagnate,36.439,7.96,S_ROVAGNATE,1040.6,13.01,13.12
CELL_01333,45.7316,9.3732,340.1,La Valletta Brianza,Rovagnate,34.328,7.5,S_ROVAGNATE,1075.9,13.45,13.53
CELL_01334,45.7316,9.3745,341.4,La Valletta Brianza,Rovagnate,31.168,6.81,S_ROVAGNATE,1124.4,14.06,14.08
CELL_01335,45.7316,9.3758,368.1,Olgiate Molgora,San Zeno,8.114,1.8,S_ROVAGNATE,1184.4,14.81,13.71
CELL_01336,45.7316,9.3771,362.0,Olgiate Molgora,San Zeno,9.086,2.02,S_SAN_ZENO,1062.2,13.28,13.41
CELL_01337,45.7316,9.3784,365.4,Olgiate Molgora,San Zeno,9.933,2.21,S_SAN_ZENO,1010.7,12.63,12.62
CELL_01338,45.7316,9.3797,370.1,Olgiate Molgora,San Zeno,10.475,2.33,S_SAN_ZENO,973.0,12.16,11.94
CELL_01339,45.7316,9.381,368.7,Olgiate Molgora,San Zeno,11.064,2.46,S_OLGIATE_SCARPONE,1053.8,13.17,11.28
CELL_01340,45.7316,9.3823,365.1,Olgiate Molgora,San Zeno,11.074,2.46,S_OLGIATE_SCARPONE,965.8,12.07,10.39
CELL_01341,45.7316,9.3836,371.0,Olgiate Molgora,San Zeno,10.877,2.42,S_OLGIATE_SCARPONE,887.0,11.09,9.94
CELL_01342,45.7316,9.3849,366.8,Olgiate Molgora,San Zeno,10.234,2.28,S_OLGIATE_SCARPONE,820.2,10.25,9.21
CELL_01343,45.7316,9.3862,368.0,Olgiate Molgora,San Zeno,9.817,2.18,S_OLGIATE_SCARPONE,768.5,9.61,8.82
CELL_01344,45.7316,9.3875,371.3,Olgiate Molgora,San Zeno,8.645,1.92,S_OLGIATE_SCARPONE,735.1,9.19,8.67
CELL_01345,45.7316,9.3888,366.0,Olgiate Molgora,San Zeno,7.907,1.76,S_OLGIATE_SCARPONE,722.5,9.03,8.35
CELL_01346,45.7316,9.3901,287.2,Olgiate Molgora,Olgiate Centro,34.638,7.7,S_OLGIATE_SCARPONE,731.7,9.15,10.2
CELL_01347,45.7316,9.3914,287.7,Olgiate Molgora,Olgiate Centro,43.168,9.6,S_OLGIATE_SCARPONE,762.1,9.53,10.55
CELL_01348,45.7316,9.3927,288.8,Olgiate Molgora,Olgiate Centro,53.642,11.93,S_OLGIATE_SCARPONE,811.2,10.14,11.11
CELL_01349,45.7316,9.394,289.0,Olgiate Molgora,Olgiate Centro,66.285,14.74,S_OLGIATE_CENTRO,754.3,9.43,9.69
CELL_01350,45.7316,9.3953,288.0,Olgiate Molgora,Olgiate Centro,82.268,18.3,S_OLGIATE_CENTRO,640.9,8.01,8.32
CELL_01351,45.7316,9.3966,290.5,Olgiate Molgora,Olgiate Centro,101.557,22.59,S_OLGIATE_CENTRO,533.3,6.67,6.87
CELL_01352,45.7316,9.3979,290.1,Olgiate Molgora,Olgiate Centro,124.818,27.76,S_OLGIATE_CENTRO,435.9,5.45,5.67
CELL_01353,45.7316,9.3992,285.3,Olgiate Molgora,Olgiate Centro,151.314,33.66,S_OLGIATE_CENTRO,357.0,4.46,4.91
CELL_01354,45.7316,9.4005,284.7,Olgiate Molgora,Olgiate Centro,177.629,39.51,S_OLGIATE_FS,264.0,3.3,3.4
CELL_01355,45.7316,9.4018,288.1,Olgiate Molgora,Olgiate Centro,193.374,43.01,S_OLGIATE_FS,138.5,1.73,1.68
CELL_01356,45.7316,9.4031,292.3,Olgiate Molgora,Olgiate Centro,184.423,41.02,S_OLGIATE_FS,23.4,0.29,0.46
CELL_01357,45.7316,9.4044,289.6,Olgiate Molgora,Olgiate Centro,159.613,35.5,S_OLGIATE_FS,117.4,1.47,1.36
CELL_01358,45.7316,9.4057,291.1,Olgiate Molgora,Olgiate Centro,132.648,29.51,S_OLGIATE_FS,242.7,3.03,2.86
CELL_01359,45.7316,9.407,285.1,Olgiate Molgora,Olgiate Centro,108.373,24.11,S_OLGIATE_FS,368.7,4.61,4.69
CELL_01360,45.7316,9.4083,286.5,Olgiate Molgora,Olgiate Centro,87.652,19.5,S_OLGIATE_FS,494.8,6.19,6.21
CELL_01361,45.7316,9.4096,291.2,Olgiate Molgora,Olgiate Centro,71.118,15.82,S_OLGIATE_FS,621.0,7.76,7.58
CELL_01362,45.7316,9.4109,287.4,Calco,Calco Centro,78.164,15.1,S_CALCO_NAZ,764.2,9.55,9.23
CELL_01363,45.7316,9.4122,284.5,Calco,Calco Centro,80.158,15.49,S_CALCO_NAZ,750.4,9.38,9.19
CELL_01364,45.7316,9.4135,320.3,Calco,Calco Superiore,14.517,2.8,S_CALCO_NAZ,757.8,9.47,8.04
CELL_01365,45.7316,9.4148,318.0,Calco,Calco Superiore,17.516,3.38,S_CALCO_SUP,568.6,7.11,7.42
CELL_01366,45.7316,9.4161,325.8,Calco,Calco Superiore,20.378,3.94,S_CALCO_SUP,481.0,6.01,5.98
CELL_01367,45.7316,9.4174,312.5,Calco,Calco Superiore,22.708,4.39,S_CALCO_SUP,413.8,5.17,5.75
CELL_01368,45.7316,9.4187,322.4,Calco,Calco Superiore,24.222,4.68,S_CALCO_SUP,378.2,4.73,4.84
CELL_01369,45.7316,9.42,318.2,Calco,Calco Superiore,23.838,4.61,S_CALCO_SUP,383.1,4.79,5.1
CELL_01370,45.7316,9.4213,320.8,Calco,Calco Superiore,22.273,4.3,S_CALCO_SUP,427.0,5.34,5.52
CELL_01371,45.7316,9.4226,321.2,Calco,Calco Superiore,19.353,3.74,S_CALCO_SUP,499.7,6.25,6.42
CELL_01372,45.7316,9.4239,247.0,Brivio,Beverate,54.309,7.88,S_BEVERATE,489.7,6.12,6.25
CELL_01373,45.7316,9.4252,247.1,Brivio,Beverate,54.403,7.89,S_BEVERATE,491.0,6.14,6.27
CELL_01374,45.7316,9.4265,250.3,Brivio,Beverate,51.449,7.46,S_BEVERATE,523.6,6.54,6.53
CELL_01375,45.7316,9.4278,250.3,Brivio,Beverate,46.3,6.72,S_BEVERATE,582.4,7.28,7.27
CELL_01376,45.7316,9.4291,242.1,Brivio,Beverate,40.371,5.86,S_BEVERATE,660.3,8.25,8.61
CELL_01377,45.7316,9.4304,251.6,Brivio,Beverate,34.365,4.98,S_BEVERATE,751.5,9.39,9.32
CELL_01378,45.7316,9.4317,249.7,Brivio,Beverate,28.856,4.19,S_BEVERATE,851.7,10.65,10.66
CELL_01379,45.7316,9.433,253.7,Brivio,Beverate,23.842,3.46,S_BEVERATE,958.1,11.98,11.82
CELL_01380,45.7316,9.4343,252.9,Brivio,Beverate,19.752,2.86,S_BEVERATE,1068.8,13.36,13.23
CELL_01381,45.7316,9.4356,244.7,Brivio,Beverate,16.22,2.35,S_BEVERATE,1182.7,14.78,15.02
CELL_01382,45.7316,9.4369,250.1,Brivio,Beverate,13.386,1.94,S_BEVERATE,1298.8,16.24,16.23
CELL_01383,45.7316,9.4382,252.1,Brivio,Beverate,10.669,1.55,S_BEVERATE,1416.7,17.71,17.62
CELL_01384,45.7316,9.4395,250.5,Brivio,Beverate,8.781,1.27,S_BRIVIO_PORTO,1661.5,20.77,18.91
CELL_01385,45.7316,9.4408,247.4,Brivio,Beverate,7.06,1.02,S_BRIVIO_PORTO,1621.5,20.27,18.54
CELL_01386,45.7316,9.4421,204.5,Brivio,Brivio Centro,10.529,1.53,S_BRIVIO_PORTO,1590.6,19.88,19.95
CELL_01387,45.7316,9.4434,203.1,Brivio,Brivio Centro,10.612,1.54,S_BRIVIO_PORTO,1569.3,19.62,19.74
CELL_01388,45.7316,9.4447,206.6,Brivio,Brivio Centro,10.598,1.54,S_BRIVIO_PORTO,1557.9,19.47,19.45
CELL_01389,45.7316,9.446,203.1,Brivio,Brivio Centro,10.359,1.5,S_BRIVIO_PORTO,1556.7,19.46,19.59
CELL_01390,45.7325,9.355,343.9,La Valletta Brianza,Rovagnate,12.212,2.67,S_ROVAGNATE,1665.5,20.82,20.74
CELL_01391,45.7325,9.3563,343.1,La Valletta Brianza,Rovagnate,14.788,3.23,S_ROVAGNATE,1560.2,19.5,19.45
CELL_01392,45.7325,9.3576,345.6,La Valletta Brianza,Rovagnate,17.454,3.81,S_ROVAGNATE,1458.2,18.23,18.07
CELL_01393,45.7325,9.3589,338.3,La Valletta Brianza,Rovagnate,20.654,4.51,S_ROVAGNATE,1360.3,17.0,17.17
CELL_01394,45.7325,9.3602,339.8,La Valletta Brianza,Rovagnate,24.468,5.35,S_ROVAGNATE,1267.4,15.84,15.94
CELL_01395,45.7325,9.3615,339.2,La Valletta Brianza,Rovagnate,28.522,6.23,S_ROVAGNATE,1180.8,14.76,14.88
CELL_01396,45.7325,9.3628,342.8,La Valletta Brianza,Rovagnate,32.412,7.08,S_ROVAGNATE,1101.8,13.77,13.74
CELL_01397,45.7325,9.3641,340.4,La Valletta Brianza,Rovagnate,36.693,8.02,S_ROVAGNATE,1032.3,12.9,12.97
CELL_01398,45.7325,9.3654,340.9,La Valletta Brianza,Rovagnate,40.822,8.92,S_ROVAGNATE,974.2,12.18,12.23
CELL_01399,45.7325,9.3667,338.0,La Valletta Brianza,Rovagnate,44.06,9.63,S_ROVAGNATE,929.8,11.62,11.8
CELL_01400,45.7325,9.368,344.3,La Valletta Brianza,Rovagnate,46.188,10.09,S_ROVAGNATE,901.0,11.26,11.16
CELL_01401,45.7325,9.3693,342.5,La Valletta Brianza,Rovagnate,47.478,10.37,S_ROVAGNATE,889.3,11.12,11.09
CELL_01402,45.7325,9.3706,339.0,La Valletta Brianza,Rovagnate,46.645,10.19,S_ROVAGNATE,895.5,11.19,11.33
CELL_01403,45.7325,9.3719,335.9,La Valletta Brianza,Rovagnate,44.932,9.82,S_ROVAGNATE,919.2,11.49,11.76
CELL_01404,45.7325,9.3732,344.7,La Valletta Brianza,Rovagnate,41.824,9.14,S_ROVAGNATE,959.0,11.99,11.87
CELL_01405,45.7325,9.3745,338.7,La Valletta Brianza,Rovagnate,38.022,8.31,S_ROVAGNATE,1013.1,12.66,12.81
CELL_01406,45.7325,9.3758,337.6,La Valletta Brianza,Rovagnate,34.036,7.44,S_ROVAGNATE,1079.3,13.49,13.69
CELL_01407,45.7325,9.3771,344.8,La Valletta Brianza,Rovagnate,29.806,6.51,S_ROVAGNATE,1155.6,14.44,14.32
CELL_01408,45.7325,9.3784,366.1,Olgiate Molgora,San Zeno,8.149,1.81,S_OLGIATE_SCARPONE,1181.9,14.77,12.51
CELL_01409,45.7325,9.3797,365.2,Olgiate Molgora,San Zeno,8.414,1.87,S_OLGIATE_SCARPONE,1074.8,13.44,11.33
CELL_01410,45.7325,9.381,364.2,Olgiate Molgora,San Zeno,8.806,1.96,S_OLGIATE_SCARPONE,972.4,12.16,10.41
CELL_01411,45.7325,9.3823,364.9,Olgiate Molgora,San Zeno,8.908,1.98,S_OLGIATE_SCARPONE,876.2,10.95,9.61
CELL_01412,45.7325,9.3836,366.0,Olgiate Molgora,San Zeno,8.753,1.95,S_OLGIATE_SCARPONE,788.6,9.86,8.91
CELL_01413,45.7325,9.3849,367.9,Olgiate Molgora,San Zeno,8.375,1.86,S_OLGIATE_SCARPONE,712.6,8.91,8.34
CELL_01414,45.7325,9.3862,367.8,Olgiate Molgora,San Zeno,7.953,1.77,S_OLGIATE_SCARPONE,652.4,8.15,7.84
CELL_01415,45.7325,9.3875,365.2,Olgiate Molgora,San Zeno,7.362,1.64,S_OLGIATE_SCARPONE,612.7,7.66,7.4
CELL_01416,45.7325,9.3888,316.8,Olgiate Molgora,Mondonico,9.829,2.19,S_OLGIATE_SCARPONE,597.5,7.47,7.18
CELL_01417,45.7325,9.3901,315.9,Olgiate Molgora,Mondonico,11.414,2.54,S_OLGIATE_SCARPONE,608.6,7.61,7.35
CELL_01418,45.7325,9.3914,312.8,Olgiate Molgora,Mondonico,12.736,2.83,S_OLGIATE_SCARPONE,644.8,8.06,7.94
CELL_01419,45.7325,9.3927,287.0,Olgiate Molgora,Olgiate Centro,55.237,12.29,S_OLGIATE_SCARPONE,702.2,8.78,9.84
CELL_01420,45.7325,9.394,289.0,Olgiate Molgora,Olgiate Centro,68.925,15.33,S_OLGIATE_CENTRO,712.8,8.91,9.18
CELL_01421,45.7325,9.3953,286.0,Olgiate Molgora,Olgiate Centro,85.735,19.07,S_OLGIATE_CENTRO,591.6,7.39,7.8
CELL_01422,45.7325,9.3966,296.3,Olgiate Molgora,Olgiate Centro,107.32,23.87,S_OLGIATE_CENTRO,472.9,5.91,5.85
CELL_01423,45.7325,9.3979,284.6,Olgiate Molgora,Olgiate Centro,133.531,29.7,S_OLGIATE_CENTRO,359.5,4.49,4.97
CELL_01424,45.7325,9.3992,289.7,Olgiate Molgora,Olgiate Centro,165.893,36.9,S_OLGIATE_CENTRO,258.2,3.23,3.47
CELL_01425,45.7325,9.4005,290.0,Olgiate Molgora,Olgiate Centro,204.861,45.57,S_OLGIATE_CENTRO,189.8,2.37,2.6
CELL_01426,45.7325,9.4018,288.5,Olgiate Molgora,Olgiate Centro,239.968,53.38,S_OLGIATE_FS,200.1,2.5,2.44
CELL_01427,45.7325,9.4031,283.6,Olgiate Molgora,Olgiate Centro,217.346,48.34,S_OLGIATE_FS,146.3,1.83,1.98
CELL_01428,45.7325,9.4044,290.0,Olgiate Molgora,Olgiate Centro,177.332,39.44,S_OLGIATE_FS,186.1,2.33,2.2
CELL_01429,45.7325,9.4057,286.6,Olgiate Molgora,Olgiate Centro,142.713,31.74,S_OLGIATE_FS,282.4,3.53,3.55
CELL_01430,45.7325,9.407,282.6,Olgiate Molgora,Olgiate Centro,114.592,25.49,S_OLGIATE_FS,396.0,4.95,5.15
CELL_01431,45.7325,9.4083,293.4,Olgiate Molgora,Olgiate Centro,91.853,20.43,S_OLGIATE_FS,515.4,6.44,6.17
CELL_01432,45.7325,9.4096,284.7,Olgiate Molgora,Olgiate Centro,73.636,16.38,S_OLGIATE_FS,637.5,7.97,8.07
CELL_01433,45.7325,9.4109,266.2,Olgiate Molgora,Porchera,15.734,3.5,S_OLGIATE_FS,761.0,9.51,10.47
CELL_01434,45.7325,9.4122,269.2,Olgiate Molgora,Porchera,16.144,3.59,S_CALCO_NAZ,875.4,10.94,11.43
CELL_01435,45.7325,9.4135,323.4,Calco,Calco Superiore,12.954,2.5,S_CALCO_NAZ,881.7,11.02,9.28
CELL_01436,45.7325,9.4148,320.9,Calco,Calco Superiore,14.743,2.85,S_CALCO_SUP,657.8,8.22,8.4
CELL_01437,45.7325,9.4161,327.8,Calco,Calco Superiore,16.92,3.27,S_CALCO_SUP,583.8,7.3,7.18
CELL_01438,45.7325,9.4174,317.2,Calco,Calco Superiore,18.67,3.61,S_CALCO_SUP,529.8,6.62,6.97
CELL_01439,45.7325,9.4187,322.9,Calco,Calco Superiore,19.477,3.76,S_CALCO_SUP,502.5,6.28,6.37
CELL_01440,45.7325,9.42,316.3,Calco,Calco Superiore,19.489,3.77,S_CALCO_SUP,506.1,6.33,6.72
CELL_01441,45.7325,9.4213,252.0,Brivio,Beverate,55.423,8.04,S_BEVERATE,476.5,5.96,5.87
CELL_01442,45.7325,9.4226,250.4,Brivio,Beverate,62.849,9.12,S_BEVERATE,405.6,5.07,5.05
CELL_01443,45.7325,9.4239,246.3,Brivio,Beverate,67.481,9.79,S_BEVERATE,365.9,4.57,4.74
CELL_01444,45.7325,9.4252,249.1,Brivio,Beverate,67.466,9.78,S_BEVERATE,367.5,4.59,4.63
CELL_01445,45.7325,9.4265,247.4,Brivio,Beverate,62.417,9.05,S_BEVERATE,410.1,5.13,5.24
CELL_01446,45.7325,9.4278,249.4,Brivio,Beverate,55.084,7.99,S_BEVERATE,482.9,6.04,6.06
CELL_01447,45.7325,9.4291,246.1,Brivio,Beverate,46.654,6.77,S_BEVERATE,574.5,7.18,7.35
CELL_01448,45.7325,9.4304,248.0,Brivio,Beverate,39.105,5.67,S_BEVERATE,677.4,8.47,8.56
CELL_01449,45.7325,9.4317,244.6,Brivio,Beverate,32.104,4.66,S_BEVERATE,787.1,9.84,10.08
CELL_01450,45.7325,9.433,248.1,Brivio,Beverate,26.46,3.84,S_BEVERATE,901.1,11.26,11.35
CELL_01451,45.7325,9.4343,249.7,Brivio,Beverate,21.451,3.11,S_BEVERATE,1018.1,12.73,12.74
CELL_01452,45.7325,9.4356,247.7,Brivio,Beverate,17.568,2.55,S_BEVERATE,1137.0,14.21,14.31
CELL_01453,45.7325,9.4369,245.2,Brivio,Beverate,14.076,2.04,S_BEVERATE,1257.3,15.72,15.93
CELL_01454,45.7325,9.4382,250.6,Brivio,Beverate,11.664,1.69,S_BEVERATE,1378.8,17.23,17.21
CELL_01455,45.7325,9.4395,246.1,Brivio,Beverate,9.479,1.37,S_BRIVIO_PORTO,1545.0,19.31,17.64
CELL_01456,45.7325,9.4408,246.0,Brivio,Beverate,7.417,1.08,S_BRIVIO_PORTO,1502.0,18.77,17.1
CELL_01457,45.7325,9.4421,202.8,Brivio,Brivio Centro,12.925,1.87,S_BRIVIO_PORTO,1468.5,18.36,18.5
CELL_01458,45.7325,9.4434,203.6,Brivio,Brivio Centro,13.302,1.93,S_BRIVIO_PORTO,1445.4,18.07,18.17
CELL_01459,45.7325,9.4447,206.7,Brivio,Brivio Centro,13.368,1.94,S_BRIVIO_PORTO,1433.0,17.91,17.88
CELL_01460,45.7325,9.446,202.4,Brivio,Brivio Centro,13.215,1.92,S_BRIVIO_PORTO,1431.7,17.9,18.05
CELL_01461,45.7325,9.4473,209.9,Brivio,Brivio Centro,12.462,1.81,S_BRIVIO_PORTO,1441.6,18.02,17.85
CELL_01462,45.7325,9.4486,210.6,Brivio,Brivio Centro,12.217,1.77,S_BRIVIO_PORTO,1462.2,18.28,18.08
CELL_01463,45.7325,9.4499,204.6,Brivio,Brivio Centro,11.38,1.65,S_BRIVIO_PORTO,1493.4,18.67,18.73
CELL_01464,45.7325,9.4512,201.8,Brivio,Brivio Centro,10.424,1.51,S_BRIVIO_PORTO,1534.3,19.18,19.36
CELL_01465,45.7334,9.355,342.8,La Valletta Brianza,Rovagnate,13.761,3.01,S_ROVAGNATE,1602.2,20.03,19.99
CELL_01466,45.7334,9.3563,342.1,La Valletta Brianza,Rovagnate,16.309,3.56,S_ROVAGNATE,1492.5,18.66,18.65
CELL_01467,45.7334,9.3576,339.5,La Valletta Brianza,Rovagnate,19.662,4.3,S_ROVAGNATE,1385.5,17.32,17.43
CELL_01468,45.7334,9.3589,344.4,La Valletta Brianza,Rovagnate,23.653,5.17,S_ROVAGNATE,1282.1,16.03,15.92
CELL_01469,45.7334,9.3602,339.7,La Valletta Brianza,Rovagnate,28.139,6.15,S_ROVAGNATE,1183.1,14.79,14.89
CELL_01470,45.7334,9.3615,332.8,La Valletta Brianza,Rovagnate,33.231,7.26,S_ROVAGNATE,1089.7,13.62,14.03
CELL_01471,45.7334,9.3628,338.7,La Valletta Brianza,Rovagnate,38.788,8.47,S_ROVAGNATE,1003.6,12.55,12.69
CELL_01472,45.7334,9.3641,341.0,La Valletta Brianza,Rovagnate,44.054,9.62,S_ROVAGNATE,926.8,11.58,11.63
CELL_01473,45.7334,9.3654,341.5,La Valletta Brianza,Rovagnate,49.501,10.81,S_ROVAGNATE,861.6,10.77,10.79
CELL_01474,45.7334,9.3667,340.3,La Valletta Brianza,Rovagnate,54.215,11.84,S_ROVAGNATE,811.0,10.14,10.21
CELL_01475,45.7334,9.368,343.3,La Valletta Brianza,Rovagnate,57.415,12.54,S_ROVAGNATE,777.8,9.72,9.67
CELL_01476,45.7334,9.3693,339.2,La Valletta Brianza,Rovagnate,58.844,12.86,S_ROVAGNATE,764.3,9.55,9.68
CELL_01477,45.7334,9.3706,343.7,La Valletta Brianza,Rovagnate,57.949,12.66,S_ROVAGNATE,771.5,9.64,9.57
CELL_01478,45.7334,9.3719,341.2,La Valletta Brianza,Rovagnate,55.223,12.06,S_ROVAGNATE,798.8,9.99,10.02
CELL_01479,45.7334,9.3732,345.1,La Valletta Brianza,Rovagnate,51.205,11.19,S_ROVAGNATE,844.4,10.55,10.42
CELL_01480,45.7334,9.3745,343.6,La Valletta Brianza,Rovagnate,45.87,10.02,S_ROVAGNATE,905.3,11.32,11.25
CELL_01481,45.7334,9.3758,342.4,La Valletta Brianza,Rovagnate,40.407,8.83,S_ROVAGNATE,978.9,12.24,12.22
CELL_01482,45.7334,9.3771,346.0,La Valletta Brianza,Rovagnate,34.945,7.63,S_ROVAGNATE,1062.4,13.28,13.11
CELL_01483,45.7334,9.3784,340.4,La Valletta Brianza,Rovagnate,29.738,6.5,S_OLGIATE_SCARPONE,1123.9,14.05,12.78
CELL_01484,45.7334,9.3797,365.5,Olgiate Molgora,San Zeno,7.136,1.59,S_OLGIATE_SCARPONE,1010.7,12.63,10.79
CELL_01485,45.7334,9.381,367.5,Olgiate Molgora,San Zeno,7.25,1.61,S_OLGIATE_SCARPONE,901.0,11.26,9.92
CELL_01486,45.7334,9.3823,368.3,Olgiate Molgora,San Zeno,7.373,1.64,S_OLGIATE_SCARPONE,796.3,9.95,9.06
CELL_01487,45.7334,9.3836,371.7,Olgiate Molgora,San Zeno,7.141,1.59,S_OLGIATE_SCARPONE,698.6,8.73,8.38
CELL_01488,45.7334,9.3849,371.0,Olgiate Molgora,San Zeno,6.707,1.49,S_OLGIATE_SCARPONE,611.6,7.64,7.64
CELL_01489,45.7334,9.3862,368.4,Olgiate Molgora,San Zeno,6.7,1.49,S_OLGIATE_SCARPONE,540.3,6.75,6.95
CELL_01490,45.7334,9.3875,304.7,Olgiate Molgora,Mondonico,9.465,2.11,S_OLGIATE_SCARPONE,491.5,6.14,6.38
CELL_01491,45.7334,9.3888,308.4,Olgiate Molgora,Mondonico,11.359,2.53,S_OLGIATE_SCARPONE,472.4,5.91,5.98
CELL_01492,45.7334,9.3901,317.1,Olgiate Molgora,Mondonico,13.113,2.92,S_OLGIATE_SCARPONE,486.5,6.08,5.78
CELL_01493,45.7334,9.3914,310.7,Olgiate Molgora,Mondonico,15.061,3.35,S_OLGIATE_SCARPONE,531.1,6.64,6.61
CELL_01494,45.7334,9.3927,309.7,Olgiate Molgora,Mondonico,17.172,3.82,S_OLGIATE_SCARPONE,599.4,7.49,7.51
CELL_01495,45.7334,9.394,318.3,Olgiate Molgora,Mondonico,19.104,4.25,S_OLGIATE_CENTRO,691.8,8.65,7.69
CELL_01496,45.7334,9.3953,289.1,Olgiate Molgora,Olgiate Centro,85.969,19.12,S_OLGIATE_CENTRO,566.1,7.08,7.34
CELL_01497,45.7334,9.3966,286.0,Olgiate Molgora,Olgiate Centro,107.248,23.86,S_OLGIATE_CENTRO,440.6,5.51,5.92
CELL_01498,45.7334,9.3979,292.9,Olgiate Molgora,Olgiate Centro,134.103,29.83,S_OLGIATE_CENTRO,315.7,3.95,4.04
CELL_01499,45.7334,9.3992,287.4,Olgiate Molgora,Olgiate Centro,166.813,37.1,S_OLGIATE_CENTRO,192.7,2.41,2.77
CELL_01500,45.7334,9.4005,289.4,Olgiate Molgora,Olgiate Centro,206.767,45.99,S_OLGIATE_CENTRO,80.5,1.01,1.28
CELL_01501,45.7334,9.4018,288.6,Olgiate Molgora,Olgiate Centro,245.476,54.6,S_OLGIATE_CENTRO,87.8,1.1,1.42
CELL_01502,45.7334,9.4031,282.9,Olgiate Molgora,Olgiate Centro,220.304,49.0,S_OLGIATE_CENTRO,202.0,2.53,3.11
CELL_01503,45.7334,9.4044,282.9,Olgiate Molgora,Olgiate Centro,178.627,39.73,S_OLGIATE_FS,294.5,3.68,3.87
CELL_01504,45.7334,9.4057,286.6,Olgiate Molgora,Olgiate Centro,143.276,31.87,S_OLGIATE_FS,363.1,4.54,4.56
CELL_01505,45.7334,9.407,291.1,Olgiate Molgora,Olgiate Centro,115.105,25.6,S_OLGIATE_FS,457.0,5.71,5.54
CELL_01506,45.7334,9.4083,293.3,Olgiate Molgora,Olgiate Centro,92.207,20.51,S_OLGIATE_FS,563.7,7.05,6.78
CELL_01507,45.7334,9.4096,264.7,Olgiate Molgora,Porchera,18.579,4.13,S_OLGIATE_FS,677.2,8.46,9.5
CELL_01508,45.7334,9.4109,272.9,Olgiate Molgora,Porchera,19.706,4.38,S_OLGIATE_FS,794.5,9.93,10.57
CELL_01509,45.7334,9.4122,269.7,Olgiate Molgora,Porchera,19.979,4.44,S_OLGIATE_FS,914.2,11.43,12.21
CELL_01510,45.7334,9.4135,262.7,Olgiate Molgora,Porchera,19.329,4.3,S_BEVERATE,1094.2,13.68,13.13
CELL_01511,45.7334,9.4148,271.4,Olgiate Molgora,Porchera,17.967,4.0,S_BEVERATE,971.3,12.14,11.24
CELL_01512,45.7334,9.4161,321.9,Calco,Calco Superiore,13.876,2.68,S_CALCO_SUP,693.9,8.67,8.81
CELL_01513,45.7334,9.4174,322.4,Calco,Calco Superiore,15.232,2.94,S_CALCO_SUP,649.1,8.11,8.23
CELL_01514,45.7334,9.4187,247.1,Brivio,Beverate,43.764,6.35,S_BEVERATE,610.8,7.64,7.76
CELL_01515,45.7334,9.42,255.9,Brivio,Beverate,53.575,7.77,S_BEVERATE,496.8,6.21,5.96
CELL_01516,45.7334,9.4213,242.9,Brivio,Beverate,64.699,9.38,S_BEVERATE,390.3,4.88,5.2
CELL_01517,45.7334,9.4226,254.7,Brivio,Beverate,75.813,11.0,S_BEVERATE,299.7,3.75,3.55
CELL_01518,45.7334,9.4239,248.5,Brivio,Beverate,83.622,12.13,S_BEVERATE,243.3,3.04,3.11
CELL_01519,45.7334,9.4252,255.3,Brivio,Beverate,83.19,12.07,S_BEVERATE,245.8,3.07,2.85
CELL_01520,45.7334,9.4265,256.4,Brivio,Beverate,74.937,10.87,S_BEVERATE,305.8,3.82,3.55
CELL_01521,45.7334,9.4278,252.1,Brivio,Beverate,63.565,9.22,S_BEVERATE,398.1,4.98,4.89
CELL_01522,45.7334,9.4291,249.8,Brivio,Beverate,52.871,7.67,S_BEVERATE,505.4,6.32,6.33
CELL_01523,45.7334,9.4304,248.2,Brivio,Beverate,43.046,6.24,S_BEVERATE,619.8,7.75,7.83
CELL_01524,45.7334,9.4317,248.4,Brivio,Beverate,35.034,5.08,S_BEVERATE,738.1,9.23,9.3
CELL_01525,45.7334,9.433,252.9,Brivio,Beverate,28.283,4.1,S_BEVERATE,858.7,10.73,10.61
CELL_01526,45.7334,9.4343,249.8,Brivio,Beverate,23.035,3.34,S_BEVERATE,980.7,12.26,12.27
CELL_01527,45.7334,9.4356,252.0,Brivio,Beverate,18.663,2.71,S_BEVERATE,1103.7,13.8,13.71
CELL_01528,45.7334,9.4369,244.5,Brivio,Beverate,14.932,2.17,S_BEVERATE,1227.3,15.34,15.58
CELL_01529,45.7334,9.4382,244.0,Brivio,Beverate,11.956,1.73,S_BRIVIO_PORTO,1485.9,18.57,16.98
CELL_01530,45.7334,9.4395,250.7,Brivio,Beverate,9.598,1.39,S_BRIVIO_PORTO,1430.0,17.88,16.02
CELL_01531,45.7334,9.4408,206.3,Brivio,Brivio Centro,15.487,2.25,S_BRIVIO_PORTO,1383.4,17.29,17.28
CELL_01532,45.7334,9.4421,205.8,Brivio,Brivio Centro,16.209,2.35,S_BRIVIO_PORTO,1347.0,16.84,16.85
CELL_01533,45.7334,9.4434,202.1,Brivio,Brivio Centro,16.365,2.37,S_BRIVIO_PORTO,1321.7,16.52,16.69
CELL_01534,45.7334,9.4447,209.5,Brivio,Brivio Centro,16.35,2.37,S_BRIVIO_PORTO,1308.2,16.35,16.2
CELL_01535,45.7334,9.446,210.4,Brivio,Brivio Centro,16.204,2.35,S_BRIVIO_PORTO,1306.8,16.33,16.14
CELL_01536,45.7334,9.4473,205.8,Brivio,Brivio Centro,15.763,2.29,S_BRIVIO_PORTO,1317.5,16.47,16.48
CELL_01537,45.7334,9.4486,204.9,Brivio,Brivio Centro,14.879,2.16,S_BRIVIO_PORTO,1340.1,16.75,16.8
CELL_01538,45.7334,9.4499,207.1,Brivio,Brivio Centro,13.778,2.0,S_BRIVIO_PORTO,1374.0,17.18,17.13
CELL_01539,45.7334,9.4512,205.9,Brivio,Brivio Centro,12.765,1.85,S_BRIVIO_PORTO,1418.4,17.73,17.73
CELL_01540,45.7334,9.4525,203.3,Brivio,Brivio Centro,11.743,1.7,S_BRIVIO_PORTO,1472.3,18.4,18.52
CELL_01541,45.7343,9.355,368.1,La Valletta Brianza,Perego,10.286,2.25,S_ROVAGNATE,1546.5,19.33,18.22
CELL_01542,45.7343,9.3563,341.6,La Valletta Brianza,Rovagnate,18.305,4.0,S_ROVAGNATE,1432.5,17.91,17.92
CELL_01543,45.7343,9.3576,341.3,La Valletta Brianza,Rovagnate,21.932,4.79,S_ROVAGNATE,1320.7,16.51,16.54
CELL_01544,45.7343,9.3589,342.6,La Valletta Brianza,Rovagnate,26.666,5.83,S_ROVAGNATE,1211.7,15.15,15.12
CELL_01545,45.7343,9.3602,339.2,La Valletta Brianza,Rovagnate,32.171,7.03,S_ROVAGNATE,1106.5,13.83,13.95
CELL_01546,45.7343,9.3615,341.5,La Valletta Brianza,Rovagnate,38.491,8.41,S_ROVAGNATE,1006.0,12.58,12.6
CELL_01547,45.7343,9.3628,344.8,La Valletta Brianza,Rovagnate,45.372,9.91,S_ROVAGNATE,912.1,11.4,11.28
CELL_01548,45.7343,9.3641,344.8,La Valletta Brianza,Rovagnate,52.586,11.49,S_ROVAGNATE,826.7,10.33,10.21
CELL_01549,45.7343,9.3654,341.5,La Valletta Brianza,Rovagnate,59.931,13.09,S_ROVAGNATE,753.0,9.41,9.43
CELL_01550,45.7343,9.3667,345.5,La Valletta Brianza,Rovagnate,66.41,14.51,S_ROVAGNATE,694.5,8.68,8.53
CELL_01551,45.7343,9.368,335.2,La Valletta Brianza,Rovagnate,71.255,15.57,S_ROVAGNATE,655.4,8.19,8.5
CELL_01552,45.7343,9.3693,339.4,La Valletta Brianza,Rovagnate,73.423,16.04,S_ROVAGNATE,639.3,7.99,8.11
CELL_01553,45.7343,9.3706,343.0,La Valletta Brianza,Rovagnate,72.33,15.8,S_ROVAGNATE,647.9,8.1,8.06
CELL_01554,45.7343,9.3719,338.0,La Valletta Brianza,Rovagnate,68.088,14.88,S_ROVAGNATE,680.2,8.5,8.68
CELL_01555,45.7343,9.3732,342.4,La Valletta Brianza,Rovagnate,62.187,13.59,S_ROVAGNATE,733.2,9.16,9.15
CELL_01556,45.7343,9.3745,346.9,La Valletta Brianza,Rovagnate,54.731,11.96,S_ROVAGNATE,802.6,10.03,9.82
CELL_01557,45.7343,9.3758,344.6,La Valletta Brianza,Rovagnate,47.519,10.38,S_ROVAGNATE,884.8,11.06,10.95
CELL_01558,45.7343,9.3771,341.5,La Valletta Brianza,Rovagnate,40.426,8.83,S_ROVAGNATE,976.3,12.2,12.23
CELL_01559,45.7343,9.3784,339.7,La Valletta Brianza,Rovagnate,34.1,7.45,S_OLGIATE_SCARPONE,1077.3,13.47,12.23
CELL_01560,45.7343,9.3797,344.7,La Valletta Brianza,Rovagnate,28.347,6.19,S_OLGIATE_SCARPONE,958.7,11.98,10.56
CELL_01561,45.7343,9.381,340.2,La Valletta Brianza,Rovagnate,23.578,5.15,S_OLGIATE_SCARPONE,842.2,10.53,9.29
CELL_01562,45.7343,9.3823,368.4,Olgiate Molgora,San Zeno,5.893,1.31,S_OLGIATE_SCARPONE,729.1,9.11,8.5
CELL_01563,45.7343,9.3836,364.4,Olgiate Molgora,San Zeno,5.636,1.25,S_OLGIATE_SCARPONE,621.0,7.76,7.43
CELL_01564,45.7343,9.3849,333.8,Olgiate Molgora,Monticello,5.016,1.12,S_OLGIATE_SCARPONE,521.1,6.51,5.55
CELL_01565,45.7343,9.3862,337.8,Olgiate Molgora,Monticello,5.458,1.21,S_OLGIATE_SCARPONE,435.2,5.44,4.79
CELL_01566,45.7343,9.3875,314.5,Olgiate Molgora,Mondonico,10.771,2.4,S_OLGIATE_SCARPONE,373.0,4.66,4.47
CELL_01567,45.7343,9.3888,311.9,Olgiate Molgora,Mondonico,12.675,2.82,S_OLGIATE_SCARPONE,347.4,4.34,4.26
CELL_01568,45.7343,9.3901,312.3,Olgiate Molgora,Mondonico,15.454,3.44,S_OLGIATE_SCARPONE,366.3,4.58,4.48
CELL_01569,45.7343,9.3914,310.5,Olgiate Molgora,Mondonico,18.001,4.0,S_OLGIATE_SCARPONE,423.8,5.3,5.28
CELL_01570,45.7343,9.3927,310.0,Olgiate Molgora,Mondonico,20.711,4.61,S_OLGIATE_SCARPONE,506.8,6.33,6.33
CELL_01571,45.7343,9.394,314.8,Olgiate Molgora,Mondonico,23.277,5.18,S_OLGIATE_SCARPONE,605.0,7.56,7.35
CELL_01572,45.7343,9.3953,317.1,Olgiate Molgora,Mondonico,25.339,5.64,S_OLGIATE_CENTRO,567.6,7.09,6.19
CELL_01573,45.7343,9.3966,284.2,Olgiate Molgora,Olgiate Centro,102.455,22.79,S_OLGIATE_CENTRO,442.5,5.53,6.03
CELL_01574,45.7343,9.3979,288.9,Olgiate Molgora,Olgiate Centro,126.01,28.03,S_OLGIATE_CENTRO,318.5,3.98,4.26
CELL_01575,45.7343,9.3992,287.2,Olgiate Molgora,Olgiate Centro,153.414,34.12,S_OLGIATE_CENTRO,197.2,2.46,2.83
CELL_01576,45.7343,9.4005,292.2,Olgiate Molgora,Olgiate Centro,180.945,40.25,S_OLGIATE_CENTRO,90.7,1.13,1.26
CELL_01577,45.7343,9.4018,283.5,Olgiate Molgora,Olgiate Centro,197.831,44.0,S_OLGIATE_CENTRO,97.2,1.21,1.84
CELL_01578,45.7343,9.4031,286.2,Olgiate Molgora,Olgiate Centro,188.118,41.84,S_OLGIATE_CENTRO,206.3,2.58,2.99
CELL_01579,45.7343,9.4044,284.7,Olgiate Molgora,Olgiate Centro,161.875,36.01,S_OLGIATE_CENTRO,328.0,4.1,4.58
CELL_01580,45.7343,9.4057,286.9,Olgiate Molgora,Olgiate Centro,134.155,29.84,S_OLGIATE_FS,464.0,5.8,5.8
CELL_01581,45.7343,9.407,286.6,Olgiate Molgora,Olgiate Centro,109.112,24.27,S_OLGIATE_FS,540.6,6.76,6.78
CELL_01582,45.7343,9.4083,271.2,Olgiate Molgora,Porchera,20.061,4.46,S_OLGIATE_FS,633.4,7.92,8.64
CELL_01583,45.7343,9.4096,270.6,Olgiate Molgora,Porchera,22.403,4.98,S_OLGIATE_FS,736.2,9.2,9.95
CELL_01584,45.7343,9.4109,268.4,Olgiate Molgora,Porchera,23.957,5.33,S_OLGIATE_FS,845.3,10.57,11.41
CELL_01585,45.7343,9.4122,274.4,Olgiate Molgora,Porchera,24.512,5.45,S_OLGIATE_FS,958.7,11.98,12.55
CELL_01586,45.7343,9.4135,274.7,Olgiate Molgora,Porchera,23.685,5.27,S_BEVERATE,1074.1,13.43,12.39
CELL_01587,45.7343,9.4148,273.6,Olgiate Molgora,Porchera,21.858,4.86,S_BEVERATE,948.6,11.86,10.87
CELL_01588,45.7343,9.4161,274.5,Olgiate Molgora,Porchera,19.51,4.34,S_BEVERATE,823.4,10.29,9.27
CELL_01589,45.7343,9.4174,250.1,Brivio,Beverate,37.541,5.44,S_BEVERATE,698.5,8.73,8.73
CELL_01590,45.7343,9.4187,250.4,Brivio,Beverate,46.741,6.78,S_BEVERATE,574.2,7.18,7.16
CELL_01591,45.7343,9.42,248.8,Brivio,Beverate,57.995,8.41,S_BEVERATE,451.0,5.64,5.69
CELL_01592,45.7343,9.4213,245.6,Brivio,Beverate,71.704,10.4,S_BEVERATE,330.1,4.13,4.32
CELL_01593,45.7343,9.4226,249.9,Brivio,Beverate,87.816,12.74,S_BEVERATE,215.4,2.69,2.7
CELL_01594,45.7343,9.4239,252.2,Brivio,Beverate,102.785,14.91,S_BEVERATE,125.5,1.57,1.48
CELL_01595,45.7343,9.4252,241.1,Brivio,Beverate,101.928,14.78,S_BEVERATE,130.3,1.63,2.07
CELL_01596,45.7343,9.4265,250.1,Brivio,Beverate,86.43,12.54,S_BEVERATE,223.8,2.8,2.79
CELL_01597,45.7343,9.4278,251.5,Brivio,Beverate,70.448,10.22,S_BEVERATE,339.2,4.24,4.18
CELL_01598,45.7343,9.4291,247.9,Brivio,Beverate,57.126,8.29,S_BEVERATE,460.4,5.75,5.85
CELL_01599,45.7343,9.4304,253.0,Brivio,Beverate,45.916,6.66,S_BEVERATE,583.7,7.3,7.17
CELL_01600,45.7343,9.4317,253.3,Brivio,Beverate,36.746,5.33,S_BEVERATE,708.1,8.85,8.71
CELL_01601,45.7343,9.433,251.5,Brivio,Beverate,29.874,4.33,S_BEVERATE,833.0,10.41,10.35
CELL_01602,45.7343,9.4343,250.5,Brivio,Beverate,23.739,3.44,S_BEVERATE,958.3,11.98,11.96
CELL_01603,45.7343,9.4356,245.0,Brivio,Beverate,19.325,2.8,S_BEVERATE,1083.8,13.55,13.77
CELL_01604,45.7343,9.4369,247.3,Brivio,Beverate,15.428,2.24,S_BEVERATE,1209.5,15.12,15.24
CELL_01605,45.7343,9.4382,243.5,Brivio,Beverate,12.535,1.82,S_BRIVIO_PORTO,1377.4,17.22,15.65
CELL_01606,45.7343,9.4395,205.5,Brivio,Brivio Centro,17.839,2.59,S_BRIVIO_PORTO,1316.8,16.46,16.48
CELL_01607,45.7343,9.4408,205.8,Brivio,Brivio Centro,19.03,2.76,S_BRIVIO_PORTO,1266.0,15.83,15.83
CELL_01608,45.7343,9.4421,203.2,Brivio,Brivio Centro,19.987,2.9,S_BRIVIO_PORTO,1226.2,15.33,15.45
CELL_01609,45.7343,9.4434,208.3,Brivio,Brivio Centro,20.501,2.97,S_BRIVIO_PORTO,1198.3,14.98,14.88
CELL_01610,45.7343,9.4447,205.6,Brivio,Brivio Centro,20.539,2.98,S_BRIVIO_PORTO,1183.4,14.79,14.81
CELL_01611,45.7343,9.446,207.9,Brivio,Brivio Centro,19.911,2.89,S_BRIVIO_PORTO,1181.9,14.77,14.69
CELL_01612,45.7343,9.4473,201.6,Brivio,Brivio Centro,19.128,2.77,S_BRIVIO_PORTO,1193.7,14.92,15.12
CELL_01613,45.7343,9.4486,206.5,Brivio,Brivio Centro,18.346,2.66,S_BRIVIO_PORTO,1218.6,15.23,15.21
CELL_01614,45.7343,9.4499,203.8,Brivio,Brivio Centro,16.749,2.43,S_BRIVIO_PORTO,1255.8,15.7,15.79
CELL_01615,45.7343,9.4512,203.2,Brivio,Brivio Centro,15.472,2.24,S_BRIVIO_PORTO,1304.2,16.3,16.43
CELL_01616,45.7343,9.4525,202.5,Brivio,Brivio Centro,13.841,2.01,S_BRIVIO_PORTO,1362.6,17.03,17.19
CELL_01617,45.7343,9.4538,201.9,Brivio,Brivio Centro,12.329,1.79,S_BRIVIO_PORTO,1429.8,17.87,18.05
CELL_01618,45.7343,9.4551,201.0,Brivio,Brivio Centro,10.77,1.56,S_BRIVIO_PORTO,1504.6,18.81,19.03
CELL_01619,45.7352,9.355,375.5,La Valletta Brianza,Perego,12.146,2.65,S_ROVAGNATE,1499.2,18.74,17.33
CELL_01620,45.7352,9.3563,368.1,La Valletta Brianza,Perego,14.204,3.1,S_ROVAGNATE,1381.3,17.27,16.16
CELL_01621,45.7352,9.3576,342.3,La Valletta Brianza,Rovagnate,24.477,5.35,S_ROVAGNATE,1264.9,15.81,15.8
CELL_01622,45.7352,9.3589,341.3,La Valletta Brianza,Rovagnate,29.754,6.5,S_ROVAGNATE,1150.7,14.38,14.41
CELL_01623,45.7352,9.3602,342.7,La Valletta Brianza,Rovagnate,36.183,7.9,S_ROVAGNATE,1039.3,12.99,12.96
CELL_01624,45.7352,9.3615,336.7,La Valletta Brianza,Rovagnate,43.674,9.54,S_ROVAGNATE,931.6,11.65,11.88
CELL_01625,45.7352,9.3628,339.6,La Valletta Brianza,Rovagnate,52.377,11.44,S_ROVAGNATE,829.3,10.37,10.47
CELL_01626,45.7352,9.3641,339.0,La Valletta Brianza,Rovagnate,61.795,13.5,S_ROVAGNATE,734.4,9.18,9.31
CELL_01627,45.7352,9.3654,338.8,La Valletta Brianza,Rovagnate,71.826,15.69,S_ROVAGNATE,650.2,8.13,8.27
CELL_01628,45.7352,9.3667,344.4,La Valletta Brianza,Rovagnate,80.878,17.67,S_ROVAGNATE,581.5,7.27,7.16
CELL_01629,45.7352,9.368,338.7,La Valletta Brianza,Rovagnate,88.178,19.26,S_ROVAGNATE,534.3,6.68,6.82
CELL_01630,45.7352,9.3693,337.8,La Valletta Brianza,Rovagnate,91.211,19.93,S_ROVAGNATE,514.4,6.43,6.62
CELL_01631,45.7352,9.3706,339.8,La Valletta Brianza,Rovagnate,89.554,19.56,S_ROVAGNATE,525.0,6.56,6.66
CELL_01632,45.7352,9.3719,337.9,La Valletta Brianza,Rovagnate,83.577,18.26,S_ROVAGNATE,564.4,7.06,7.24
CELL_01633,45.7352,9.3732,340.4,La Valletta Brianza,Rovagnate,74.549,16.29,S_ROVAGNATE,627.2,7.84,7.91
CELL_01634,45.7352,9.3745,339.8,La Valletta Brianza,Rovagnate,64.941,14.19,S_ROVAGNATE,707.1,8.84,8.94
CELL_01635,45.7352,9.3758,341.7,La Valletta Brianza,Rovagnate,55.122,12.04,S_ROVAGNATE,799.1,9.99,10.0
CELL_01636,45.7352,9.3771,339.9,La Valletta Brianza,Rovagnate,46.276,10.11,S_ROVAGNATE,899.5,11.24,11.34
CELL_01637,45.7352,9.3784,342.2,La Valletta Brianza,Rovagnate,38.426,8.39,S_OLGIATE_SCARPONE,1043.8,13.05,11.71
CELL_01638,45.7352,9.3797,350.3,La Valletta Brianza,Rovagnate,31.776,6.94,S_OLGIATE_SCARPONE,920.8,11.51,9.88
CELL_01639,45.7352,9.381,339.5,La Valletta Brianza,Rovagnate,25.937,5.67,S_OLGIATE_SCARPONE,798.8,9.99,8.77
CELL_01640,45.7352,9.3823,336.9,Olgiate Molgora,Monticello,4.291,0.95,S_OLGIATE_SCARPONE,678.5,8.48,7.38
CELL_01641,45.7352,9.3836,334.8,Olgiate Molgora,Monticello,5.129,1.14,S_OLGIATE_SCARPONE,560.7,7.01,6.0
CELL_01642,45.7352,9.3849,341.6,Olgiate Molgora,Monticello,5.823,1.3,S_OLGIATE_SCARPONE,447.6,5.59,5.05
CELL_01643,45.7352,9.3862,335.1,Olgiate Molgora,Monticello,6.709,1.49,S_OLGIATE_SCARPONE,343.8,4.3,3.91
CELL_01644,45.7352,9.3875,338.8,Olgiate Molgora,Monticello,7.48,1.66,S_OLGIATE_SCARPONE,260.6,3.26,3.38
CELL_01645,45.7352,9.3888,315.2,Olgiate Molgora,Mondonico,14.578,3.24,S_OLGIATE_SCARPONE,222.5,2.78,2.56
CELL_01646,45.7352,9.3901,317.8,Olgiate Molgora,Mondonico,17.46,3.88,S_OLGIATE_SCARPONE,251.0,3.14,2.81
CELL_01647,45.7352,9.3914,316.8,Olgiate Molgora,Mondonico,20.704,4.61,S_OLGIATE_SCARPONE,329.2,4.11,3.83
CELL_01648,45.7352,9.3927,313.5,Olgiate Molgora,Mondonico,24.607,5.47,S_OLGIATE_SCARPONE,430.8,5.39,5.23
CELL_01649,45.7352,9.394,312.1,Olgiate Molgora,Mondonico,27.93,6.21,S_OLGIATE_SCARPONE,542.9,6.79,6.7
CELL_01650,45.7352,9.3953,309.9,Olgiate Molgora,Mondonico,31.131,6.92,S_MONDONICO,494.2,6.18,6.64
CELL_01651,45.7352,9.3966,311.3,Olgiate Molgora,Mondonico,32.884,7.31,S_OLGIATE_CENTRO,478.4,5.98,5.31
CELL_01652,45.7352,9.3979,315.0,Olgiate Molgora,Mondonico,32.94,7.33,S_OLGIATE_CENTRO,366.6,4.58,3.91
CELL_01653,45.7352,9.3992,285.3,Olgiate Molgora,Olgiate Centro,132.522,29.48,S_OLGIATE_CENTRO,268.1,3.35,3.8
CELL_01654,45.7352,9.4005,291.9,Olgiate Molgora,Olgiate Centro,150.231,33.42,S_OLGIATE_CENTRO,203.0,2.54,2.68
CELL_01655,45.7352,9.4018,283.3,Olgiate Molgora,Olgiate Centro,159.108,35.39,S_OLGIATE_CENTRO,206.0,2.58,3.14
CELL_01656,45.7352,9.4031,287.9,Olgiate Molgora,Olgiate Centro,154.142,34.29,S_OLGIATE_CENTRO,274.9,3.44,3.76
CELL_01657,45.7352,9.4044,284.1,Olgiate Molgora,Olgiate Centro,138.585,30.83,S_OLGIATE_CENTRO,374.9,4.69,5.19
CELL_01658,45.7352,9.4057,285.1,Olgiate Molgora,Olgiate Centro,118.889,26.44,S_OLGIATE_CENTRO,487.3,6.09,6.54
CELL_01659,45.7352,9.407,290.2,Olgiate Molgora,Olgiate Centro,98.938,22.01,S_OLGIATE_CENTRO,605.1,7.56,7.78
CELL_01660,45.7352,9.4083,268.9,Olgiate Molgora,Porchera,23.76,5.29,S_OLGIATE_FS,718.2,8.98,9.81
CELL_01661,45.7352,9.4096,266.8,Olgiate Molgora,Porchera,27.315,6.08,S_OLGIATE_FS,810.3,10.13,11.05
CELL_01662,45.7352,9.4109,276.6,Olgiate Molgora,Porchera,29.861,6.64,S_OLGIATE_FS,910.6,11.38,11.85
CELL_01663,45.7352,9.4122,264.6,Olgiate Molgora,Porchera,30.369,6.76,S_OLGIATE_FS,1016.8,12.71,13.73
CELL_01664,45.7352,9.4135,264.4,Olgiate Molgora,Porchera,29.25,6.51,S_BEVERATE,1068.5,13.36,12.74
CELL_01665,45.7352,9.4148,268.6,Olgiate Molgora,Porchera,26.203,5.83,S_BEVERATE,942.2,11.78,10.99
CELL_01666,45.7352,9.4161,270.2,Olgiate Molgora,Porchera,22.657,5.04,S_BEVERATE,816.0,10.2,9.35
CELL_01667,45.7352,9.4174,271.0,Olgiate Molgora,Porchera,19.406,4.32,S_BEVERATE,689.7,8.62,7.75
CELL_01668,45.7352,9.4187,249.7,Brivio,Beverate,47.466,6.88,S_BEVERATE,563.5,7.04,7.06
CELL_01669,45.7352,9.42,250.6,Brivio,Beverate,59.223,8.59,S_BEVERATE,437.3,5.47,5.44
CELL_01670,45.7352,9.4213,245.0,Brivio,Beverate,74.002,10.73,S_BEVERATE,311.1,3.89,4.11
CELL_01671,45.7352,9.4226,249.8,Brivio,Beverate,92.642,13.44,S_BEVERATE,185.1,2.31,2.32
CELL_01672,45.7352,9.4239,247.2,Brivio,Beverate,115.591,16.76,S_BEVERATE,59.9,0.75,0.88
CELL_01673,45.7352,9.4252,249.9,Brivio,Beverate,113.589,16.47,S_BEVERATE,69.4,0.87,0.87
CELL_01674,45.7352,9.4265,248.7,Brivio,Beverate,90.96,13.19,S_BEVERATE,194.7,2.43,2.49
CELL_01675,45.7352,9.4278,255.5,Brivio,Beverate,72.776,10.56,S_BEVERATE,320.8,4.01,3.78
CELL_01676,45.7352,9.4291,254.7,Brivio,Beverate,58.518,8.49,S_BEVERATE,447.0,5.59,5.39
CELL_01677,45.7352,9.4304,245.3,Brivio,Beverate,46.659,6.77,S_BEVERATE,573.2,7.17,7.37
CELL_01678,45.7352,9.4317,244.8,Brivio,Beverate,37.672,5.46,S_BEVERATE,699.4,8.74,8.97
CELL_01679,45.7352,9.433,250.8,Brivio,Beverate,29.98,4.35,S_BEVERATE,825.7,10.32,10.29
CELL_01680,45.7352,9.4343,252.2,Brivio,Beverate,24.093,3.49,S_BEVERATE,951.9,11.9,11.8
CELL_01681,45.7352,9.4356,248.7,Brivio,Beverate,19.34,2.8,S_BEVERATE,1078.2,13.48,13.53
CELL_01682,45.7352,9.4369,255.4,Brivio,Beverate,15.436,2.24,S_BRIVIO_PORTO,1346.3,16.83,14.8
CELL_01683,45.7352,9.4382,254.7,Brivio,Beverate,12.549,1.82,S_BRIVIO_PORTO,1271.8,15.9,13.9
CELL_01684,45.7352,9.4395,210.6,Brivio,Brivio Centro,22.075,3.2,S_BRIVIO_PORTO,1206.0,15.07,14.87
CELL_01685,45.7352,9.4408,207.2,Brivio,Brivio Centro,23.416,3.4,S_BRIVIO_PORTO,1150.3,14.38,14.33
CELL_01686,45.7352,9.4421,209.9,Brivio,Brivio Centro,24.487,3.55,S_BRIVIO_PORTO,1106.3,13.83,13.66
CELL_01687,45.7352,9.4434,208.4,Brivio,Brivio Centro,25.385,3.68,S_BRIVIO_PORTO,1075.3,13.44,13.34
CELL_01688,45.7352,9.4447,204.3,Brivio,Brivio Centro,25.434,3.69,S_BRIVIO_PORTO,1058.7,13.23,13.31
CELL_01689,45.7352,9.446,205.7,Brivio,Brivio Centro,24.682,3.58,S_BRIVIO_PORTO,1056.9,13.21,13.22
CELL_01690,45.7352,9.4473,207.6,Brivio,Brivio Centro,23.678,3.43,S_BRIVIO_PORTO,1070.2,13.38,13.31
CELL_01691,45.7352,9.4486,203.5,Brivio,Brivio Centro,22.375,3.25,S_BRIVIO_PORTO,1097.9,13.72,13.83
CELL_01692,45.7352,9.4499,203.9,Brivio,Brivio Centro,20.473,2.97,S_BRIVIO_PORTO,1139.0,14.24,14.33
CELL_01693,45.7352,9.4512,201.0,Brivio,Brivio Centro,18.849,2.73,S_BRIVIO_PORTO,1192.2,14.9,15.12
CELL_01694,45.7352,9.4525,203.4,Brivio,Brivio Centro,16.723,2.43,S_BRIVIO_PORTO,1255.8,15.7,15.81
CELL_01695,45.7352,9.4538,204.2,Brivio,Brivio Centro,14.548,2.11,S_BRIVIO_PORTO,1328.4,16.6,16.68
CELL_01696,45.7352,9.4551,209.7,Brivio,Brivio Centro,12.878,1.87,S_BRIVIO_PORTO,1408.6,17.61,17.45
CELL_01697,45.7352,9.4564,200.1,Brivio,Brivio Centro,11.133,1.61,S_BRIVIO_PORTO,1495.2,18.69,18.95
CELL_01698,45.7361,9.355,374.2,La Valletta Brianza,Perego,14.632,3.2,S_PEREGO,1330.9,16.64,16.63
CELL_01699,45.7361,9.3563,369.9,La Valletta Brianza,Perego,16.803,3.67,S_ROVAGNATE,1339.8,16.75,15.57
CELL_01700,45.7361,9.3576,363.9,La Valletta Brianza,Perego,19.021,4.16,S_ROVAGNATE,1219.5,15.24,14.31
CELL_01701,45.7361,9.3589,339.4,La Valletta Brianza,Rovagnate,32.493,7.1,S_ROVAGNATE,1100.6,13.76,13.87
CELL_01702,45.7361,9.3602,335.6,La Valletta Brianza,Rovagnate,40.025,8.74,S_ROVAGNATE,983.5,12.29,12.58
CELL_01703,45.7361,9.3615,345.8,La Valletta Brianza,Rovagnate,48.887,10.68,S_ROVAGNATE,868.9,10.86,10.7
CELL_01704,45.7361,9.3628,341.8,La Valletta Brianza,Rovagnate,59.032,12.9,S_ROVAGNATE,758.1,9.48,9.49
CELL_01705,45.7361,9.3641,340.6,La Valletta Brianza,Rovagnate,71.4,15.6,S_ROVAGNATE,653.0,8.16,8.22
CELL_01706,45.7361,9.3654,345.8,La Valletta Brianza,Rovagnate,84.57,18.48,S_ROVAGNATE,556.7,6.96,6.79
CELL_01707,45.7361,9.3667,340.9,La Valletta Brianza,Rovagnate,97.728,21.35,S_ROVAGNATE,474.6,5.93,5.98
CELL_01708,45.7361,9.368,341.7,La Valletta Brianza,Rovagnate,108.511,23.71,S_ROVAGNATE,415.4,5.19,5.21
CELL_01709,45.7361,9.3693,333.7,La Valletta Brianza,Rovagnate,113.357,24.77,S_ROVAGNATE,389.5,4.87,5.25
CELL_01710,45.7361,9.3706,340.5,La Valletta Brianza,Rovagnate,110.737,24.19,S_ROVAGNATE,403.4,5.04,5.11
CELL_01711,45.7361,9.3719,344.3,La Valletta Brianza,Rovagnate,101.192,22.11,S_ROVAGNATE,453.5,5.67,5.57
CELL_01712,45.7361,9.3732,344.9,La Valletta Brianza,Rovagnate,88.463,19.33,S_ROVAGNATE,529.6,6.62,6.49
CELL_01713,45.7361,9.3745,338.6,La Valletta Brianza,Rovagnate,75.341,16.46,S_ROVAGNATE,622.2,7.78,7.93
CELL_01714,45.7361,9.3758,341.0,La Valletta Brianza,Rovagnate,62.799,13.72,S_ROVAGNATE,725.1,9.06,9.11
CELL_01715,45.7361,9.3771,341.3,La Valletta Brianza,Rovagnate,51.709,11.3,S_ROVAGNATE,834.4,10.43,10.46
CELL_01716,45.7361,9.3784,343.1,La Valletta Brianza,Rovagnate,42.534,9.29,S_OLGIATE_SCARPONE,1024.4,12.81,11.44
CELL_01717,45.7361,9.3797,341.9,La Valletta Brianza,Rovagnate,34.697,7.58,S_OLGIATE_SCARPONE,898.8,11.24,9.92
CELL_01718,45.7361,9.381,334.4,La Valletta Brianza,Rovagnate,27.968,6.11,S_OLGIATE_SCARPONE,773.4,9.67,8.66
CELL_01719,45.7361,9.3823,337.6,Olgiate Molgora,Monticello,5.003,1.11,S_OLGIATE_SCARPONE,648.4,8.1,6.98
CELL_01720,45.7361,9.3836,337.5,Olgiate Molgora,Monticello,5.972,1.33,S_OLGIATE_SCARPONE,523.9,6.55,5.55
CELL_01721,45.7361,9.3849,342.7,Olgiate Molgora,Monticello,6.912,1.54,S_OLGIATE_SCARPONE,400.5,5.01,4.69
CELL_01722,45.7361,9.3862,334.5,Olgiate Molgora,Monticello,7.775,1.73,S_OLGIATE_SCARPONE,279.7,3.5,3.35
CELL_01723,45.7361,9.3875,339.4,Olgiate Molgora,Monticello,8.687,1.93,S_OLGIATE_SCARPONE,167.2,2.09,2.73
CELL_01724,45.7361,9.3888,340.5,Olgiate Molgora,Monticello,9.664,2.15,S_OLGIATE_SCARPONE,97.7,1.22,2.57
CELL_01725,45.7361,9.3901,311.6,Olgiate Molgora,Mondonico,19.459,4.33,S_OLGIATE_SCARPONE,151.8,1.9,1.83
CELL_01726,45.7361,9.3914,313.2,Olgiate Molgora,Mondonico,23.638,5.26,S_OLGIATE_SCARPONE,261.6,3.27,3.13
CELL_01727,45.7361,9.3927,315.3,Olgiate Molgora,Mondonico,28.047,6.24,S_OLGIATE_SCARPONE,381.7,4.77,4.54
CELL_01728,45.7361,9.394,319.5,Olgiate Molgora,Mondonico,33.086,7.36,S_MONDONICO,455.8,5.7,5.72
CELL_01729,45.7361,9.3953,315.9,Olgiate Molgora,Mondonico,37.852,8.42,S_MONDONICO,381.1,4.76,4.95
CELL_01730,45.7361,9.3966,316.0,Olgiate Molgora,Mondonico,40.882,9.09,S_MONDONICO,338.5,4.23,4.41
CELL_01731,45.7361,9.3979,316.0,Olgiate Molgora,Mondonico,40.888,9.09,S_MONDONICO,340.3,4.25,4.43
CELL_01732,45.7361,9.3992,315.4,Olgiate Molgora,Mondonico,37.677,8.38,S_OLGIATE_CENTRO,369.0,4.61,3.94
CELL_01733,45.7361,9.4005,291.7,Olgiate Molgora,Olgiate Centro,122.424,27.23,S_OLGIATE_CENTRO,324.8,4.06,4.21
CELL_01734,45.7361,9.4018,286.1,Olgiate Molgora,Olgiate Centro,127.957,28.46,S_OLGIATE_CENTRO,326.7,4.08,4.49
CELL_01735,45.7361,9.4031,281.8,Olgiate Molgora,Olgiate Centro,125.034,27.81,S_OLGIATE_CENTRO,373.9,4.67,5.29
CELL_01736,45.7361,9.4044,285.2,Olgiate Molgora,Olgiate Centro,115.109,25.6,S_OLGIATE_CENTRO,452.6,5.66,6.1
CELL_01737,45.7361,9.4057,281.9,Olgiate Molgora,Olgiate Centro,101.544,22.59,S_OLGIATE_CENTRO,549.3,6.87,7.46
CELL_01738,45.7361,9.407,269.9,Olgiate Molgora,Porchera,22.751,5.06,S_OLGIATE_CENTRO,656.1,8.2,9.38
CELL_01739,45.7361,9.4083,269.7,Olgiate Molgora,Porchera,27.681,6.16,S_OLGIATE_CENTRO,768.8,9.61,10.78
CELL_01740,45.7361,9.4096,268.3,Olgiate Molgora,Porchera,32.549,7.24,S_OLGIATE_FS,895.8,11.2,12.05
CELL_01741,45.7361,9.4109,270.5,Olgiate Molgora,Porchera,36.764,8.18,S_OLGIATE_FS,987.5,12.34,13.09
CELL_01742,45.7361,9.4122,273.9,Olgiate Molgora,Porchera,37.953,8.44,S_BEVERATE,1202.7,15.03,14.02
CELL_01743,45.7361,9.4135,270.1,Olgiate Molgora,Porchera,35.55,7.91,S_BEVERATE,1077.4,13.47,12.62
CELL_01744,45.7361,9.4148,265.8,Olgiate Molgora,Porchera,30.924,6.88,S_BEVERATE,952.3,11.9,11.23
CELL_01745,45.7361,9.4161,269.9,Olgiate Molgora,Porchera,25.941,5.77,S_BEVERATE,827.6,10.34,9.51
CELL_01746,45.7361,9.4174,273.8,Olgiate Molgora,Porchera,21.748,4.84,S_BEVERATE,703.4,8.79,7.81
CELL_01747,45.7361,9.4187,249.2,Brivio,Beverate,46.182,6.7,S_BEVERATE,580.2,7.25,7.29
CELL_01748,45.7361,9.42,251.8,Brivio,Beverate,57.419,8.33,S_BEVERATE,458.6,5.73,5.65
CELL_01749,45.7361,9.4213,247.7,Brivio,Beverate,70.512,10.23,S_BEVERATE,340.4,4.26,4.36
CELL_01750,45.7361,9.4226,250.3,Brivio,Beverate,85.375,12.38,S_BEVERATE,231.0,2.89,2.87
CELL_01751,45.7361,9.4239,252.9,Brivio,Beverate,98.528,14.29,S_BEVERATE,150.7,1.88,1.76
CELL_01752,45.7361,9.4252,249.7,Brivio,Beverate,97.86,14.19,S_BEVERATE,154.7,1.93,1.95
CELL_01753,45.7361,9.4265,250.4,Brivio,Beverate,84.493,12.25,S_BEVERATE,238.8,2.99,2.97
CELL_01754,45.7361,9.4278,248.9,Brivio,Beverate,69.52,10.08,S_BEVERATE,349.3,4.37,4.41
CELL_01755,45.7361,9.4291,246.8,Brivio,Beverate,56.214,8.15,S_BEVERATE,467.9,5.85,5.99
CELL_01756,45.7361,9.4304,253.4,Brivio,Beverate,45.449,6.59,S_BEVERATE,589.6,7.37,7.22
CELL_01757,45.7361,9.4317,250.8,Brivio,Beverate,36.819,5.34,S_BEVERATE,713.0,8.91,8.88
CELL_01758,45.7361,9.433,252.1,Brivio,Beverate,29.278,4.25,S_BEVERATE,837.2,10.46,10.37
CELL_01759,45.7361,9.4343,255.3,Brivio,Beverate,23.824,3.46,S_BEVERATE,961.9,12.02,11.79
CELL_01760,45.7361,9.4356,249.2,Brivio,Beverate,19.003,2.76,S_BEVERATE,1087.0,13.59,13.62
CELL_01761,45.7361,9.4369,247.2,Brivio,Beverate,15.395,2.23,S_BRIVIO_PORTO,1250.6,15.63,13.93
CELL_01762,45.7361,9.4382,210.9,Brivio,Brivio Centro,24.366,3.53,S_BRIVIO_PORTO,1170.1,14.63,14.41
CELL_01763,45.7361,9.4395,200.5,Brivio,Brivio Centro,26.985,3.91,S_BRIVIO_PORTO,1098.2,13.73,13.97
CELL_01764,45.7361,9.4408,210.4,Brivio,Brivio Centro,28.844,4.18,S_BRIVIO_PORTO,1036.7,12.96,12.77
CELL_01765,45.7361,9.4421,204.9,Brivio,Brivio Centro,30.583,4.44,S_BRIVIO_PORTO,987.6,12.35,12.39
CELL_01766,45.7361,9.4434,209.3,Brivio,Brivio Centro,31.519,4.57,S_BRIVIO_PORTO,952.9,11.91,11.77
CELL_01767,45.7361,9.4447,202.7,Brivio,Brivio Centro,31.427,4.56,S_BRIVIO_PORTO,934.0,11.68,11.82
CELL_01768,45.7361,9.446,211.4,Brivio,Brivio Centro,30.62,4.44,S_BRIVIO_PORTO,932.1,11.65,11.42
CELL_01769,45.7361,9.4473,208.3,Brivio,Brivio Centro,29.401,4.26,S_BRIVIO_PORTO,947.1,11.84,11.74
CELL_01770,45.7361,9.4486,210.2,Brivio,Brivio Centro,27.399,3.97,S_BRIVIO_PORTO,978.3,12.23,12.05
CELL_01771,45.7361,9.4499,211.1,Brivio,Brivio Centro,25.075,3.64,S_BRIVIO_PORTO,1024.2,12.8,12.58
CELL_01772,45.7361,9.4512,205.9,Brivio,Brivio Centro,22.688,3.29,S_BRIVIO_PORTO,1083.0,13.54,13.54
CELL_01773,45.7361,9.4525,204.3,Brivio,Brivio Centro,19.859,2.88,S_BRIVIO_PORTO,1152.6,14.41,14.48
CELL_01774,45.7361,9.4538,205.8,Brivio,Brivio Centro,17.414,2.53,S_BRIVIO_PORTO,1231.4,15.39,15.4
CELL_01775,45.7361,9.4551,205.8,Brivio,Brivio Centro,15.195,2.2,S_BRIVIO_PORTO,1317.5,16.47,16.48
CELL_01776,45.7361,9.4564,205.8,Brivio,Brivio Centro,13.046,1.89,S_BRIVIO_PORTO,1409.7,17.62,17.63
CELL_01777,45.7361,9.4577,211.1,Brivio,Brivio Centro,10.857,1.57,S_BRIVIO_PORTO,1506.8,18.83,18.61
CELL_01778,45.737,9.355,370.0,La Valletta Brianza,Perego,16.998,3.71,S_PEREGO,1241.1,15.51,15.69
CELL_01779,45.737,9.3563,368.3,La Valletta Brianza,Perego,19.875,4.34,S_PEREGO,1153.5,14.42,14.67
CELL_01780,45.737,9.3576,372.9,La Valletta Brianza,Perego,22.637,4.95,S_PEREGO,1073.7,13.42,13.47
CELL_01781,45.737,9.3589,371.6,La Valletta Brianza,Perego,25.665,5.61,S_ROVAGNATE,1062.8,13.29,12.05
CELL_01782,45.737,9.3602,340.3,La Valletta Brianza,Rovagnate,42.877,9.37,S_ROVAGNATE,941.0,11.76,11.84
CELL_01783,45.737,9.3615,343.8,La Valletta Brianza,Rovagnate,53.012,11.58,S_ROVAGNATE,820.6,10.26,10.18
CELL_01784,45.737,9.3628,336.4,La Valletta Brianza,Rovagnate,65.106,14.22,S_ROVAGNATE,702.2,8.78,9.03
CELL_01785,45.737,9.3641,342.2,La Valletta Brianza,Rovagnate,79.965,17.47,S_ROVAGNATE,587.2,7.34,7.33
CELL_01786,45.737,9.3654,341.0,La Valletta Brianza,Rovagnate,97.129,21.22,S_ROVAGNATE,477.8,5.97,6.02
CELL_01787,45.737,9.3667,342.0,La Valletta Brianza,Rovagnate,115.488,25.23,S_ROVAGNATE,379.0,4.74,4.74
CELL_01788,45.737,9.368,339.8,La Valletta Brianza,Rovagnate,132.271,28.9,S_ROVAGNATE,301.5,3.77,3.87
CELL_01789,45.737,9.3693,339.7,La Valletta Brianza,Rovagnate,141.091,30.82,S_ROVAGNATE,264.7,3.31,3.41
CELL_01790,45.737,9.3706,340.4,La Valletta Brianza,Rovagnate,136.522,29.83,S_ROVAGNATE,284.8,3.56,3.63
CELL_01791,45.737,9.3719,345.7,La Valletta Brianza,Rovagnate,120.944,26.42,S_ROVAGNATE,352.1,4.4,4.24
CELL_01792,45.737,9.3732,339.9,La Valletta Brianza,Rovagnate,102.51,22.4,S_ROVAGNATE,445.9,5.57,5.67
CELL_01793,45.737,9.3745,343.1,La Valletta Brianza,Rovagnate,85.122,18.6,S_ROVAGNATE,552.7,6.91,6.86
CELL_01794,45.737,9.3758,335.8,La Valletta Brianza,Rovagnate,69.72,15.23,S_ROVAGNATE,666.4,8.33,8.61
CELL_01795,45.737,9.3771,340.7,La Valletta Brianza,Rovagnate,56.472,12.34,S_ROVAGNATE,783.9,9.8,9.86
CELL_01796,45.737,9.3784,338.8,La Valletta Brianza,Rovagnate,45.692,9.98,S_ROVAGNATE,903.8,11.3,11.44
CELL_01797,45.737,9.3797,343.6,La Valletta Brianza,Rovagnate,37.033,8.09,S_OLGIATE_SCARPONE,894.0,11.17,9.8
CELL_01798,45.737,9.381,344.3,La Valletta Brianza,Rovagnate,29.921,6.54,S_OLGIATE_SCARPONE,767.8,9.6,8.21
CELL_01799,45.737,9.3823,336.3,Olgiate Molgora,Monticello,5.966,1.33,S_OLGIATE_SCARPONE,641.6,8.02,6.95
CELL_01800,45.737,9.3836,345.5,Olgiate Molgora,Monticello,7.09,1.58,S_OLGIATE_SCARPONE,515.5,6.44,5.78
CELL_01801,45.737,9.3849,342.8,Olgiate Molgora,Monticello,8.069,1.79,S_OLGIATE_SCARPONE,389.5,4.87,4.61
CELL_01802,45.737,9.3862,342.4,Olgiate Molgora,Monticello,9.338,2.08,S_OLGIATE_SCARPONE,263.7,3.3,3.57
CELL_01803,45.737,9.3875,339.3,Olgiate Molgora,Monticello,10.612,2.36,S_OLGIATE_SCARPONE,138.8,1.73,2.56
CELL_01804,45.737,9.3888,334.7,Olgiate Molgora,Monticello,11.953,2.66,S_OLGIATE_SCARPONE,29.4,0.37,1.18
CELL_01805,45.737,9.3901,339.1,Olgiate Molgora,Monticello,12.797,2.85,S_OLGIATE_SCARPONE,119.8,1.5,2.47
CELL_01806,45.737,9.3914,311.9,Olgiate Molgora,Mondonico,25.647,5.7,S_OLGIATE_SCARPONE,244.4,3.05,2.97
CELL_01807,45.737,9.3927,314.8,Olgiate Molgora,Mondonico,31.619,7.03,S_OLGIATE_SCARPONE,370.1,4.63,4.42
CELL_01808,45.737,9.394,318.2,Olgiate Molgora,Mondonico,38.147,8.49,S_MONDONICO,374.2,4.68,4.76
CELL_01809,45.737,9.3953,314.8,Olgiate Molgora,Mondonico,45.462,10.11,S_MONDONICO,278.3,3.48,3.71
CELL_01810,45.737,9.3966,312.3,Olgiate Molgora,Mondonico,50.501,11.23,S_MONDONICO,216.4,2.7,3.06
CELL_01811,45.737,9.3979,315.4,Olgiate Molgora,Mondonico,50.463,11.22,S_MONDONICO,219.2,2.74,2.95
CELL_01812,45.737,9.3992,310.9,Olgiate Molgora,Mondonico,45.016,10.01,S_MONDONICO,284.9,3.56,3.98
CELL_01813,45.737,9.4005,320.8,Olgiate Molgora,Mondonico,37.721,8.39,S_MONDONICO,382.3,4.78,4.74
CELL_01814,45.737,9.4018,318.5,Olgiate Molgora,Mondonico,30.991,6.89,S_OLGIATE_CENTRO,449.7,5.62,4.76
CELL_01815,45.737,9.4031,286.9,Olgiate Molgora,Olgiate Centro,100.828,22.43,S_OLGIATE_CENTRO,485.1,6.06,6.43
CELL_01816,45.737,9.4044,288.6,Olgiate Molgora,Olgiate Centro,94.598,21.04,S_OLGIATE_CENTRO,548.0,6.85,7.14
CELL_01817,45.737,9.4057,273.1,Olgiate Molgora,Porchera,20.148,4.48,S_OLGIATE_CENTRO,630.3,7.88,8.9
CELL_01818,45.737,9.407,265.8,Olgiate Molgora,Porchera,24.839,5.53,S_OLGIATE_CENTRO,725.3,9.07,10.44
CELL_01819,45.737,9.4083,272.4,Olgiate Molgora,Porchera,30.723,6.83,S_OLGIATE_CENTRO,828.6,10.36,11.4
CELL_01820,45.737,9.4096,272.1,Olgiate Molgora,Porchera,37.328,8.3,S_OLGIATE_CENTRO,937.6,11.72,12.77
CELL_01821,45.737,9.4109,270.2,Olgiate Molgora,Porchera,44.176,9.83,S_OLGIATE_FS,1073.5,13.42,14.17
CELL_01822,45.737,9.4122,264.3,Olgiate Molgora,Porchera,47.057,10.47,S_BEVERATE,1223.5,15.29,14.68
CELL_01823,45.737,9.4135,271.4,Olgiate Molgora,Porchera,42.434,9.44,S_BEVERATE,1100.5,13.76,12.85
CELL_01824,45.737,9.4148,268.0,Olgiate Molgora,Porchera,35.136,7.82,S_BEVERATE,978.4,12.23,11.47
CELL_01825,45.737,9.4161,273.0,Olgiate Molgora,Porchera,28.784,6.4,S_BEVERATE,857.5,10.72,9.76
CELL_01826,45.737,9.4174,271.9,Olgiate Molgora,Porchera,23.13,5.14,S_BEVERATE,738.4,9.23,8.32
CELL_01827,45.737,9.4187,250.2,Brivio,Beverate,43.085,6.25,S_BEVERATE,622.1,7.78,7.77
CELL_01828,45.737,9.42,247.0,Brivio,Beverate,52.398,7.6,S_BEVERATE,510.6,6.38,6.51
CELL_01829,45.737,9.4213,250.0,Brivio,Beverate,62.665,9.09,S_BEVERATE,407.8,5.1,5.1
CELL_01830,45.737,9.4226,253.2,Brivio,Beverate,73.022,10.59,S_BEVERATE,322.1,4.03,3.89
CELL_01831,45.737,9.4239,251.6,Brivio,Beverate,80.011,11.6,S_BEVERATE,270.3,3.38,3.31
CELL_01832,45.737,9.4252,250.4,Brivio,Beverate,79.756,11.57,S_BEVERATE,272.6,3.41,3.39
CELL_01833,45.737,9.4265,248.2,Brivio,Beverate,72.196,10.47,S_BEVERATE,327.7,4.1,4.18
CELL_01834,45.737,9.4278,245.8,Brivio,Beverate,61.967,8.99,S_BEVERATE,415.2,5.19,5.38
CELL_01835,45.737,9.4291,247.6,Brivio,Beverate,51.7,7.5,S_BEVERATE,518.9,6.49,6.59
CELL_01836,45.737,9.4304,251.5,Brivio,Beverate,42.177,6.12,S_BEVERATE,630.9,7.89,7.82
CELL_01837,45.737,9.4317,249.8,Brivio,Beverate,34.532,5.01,S_BEVERATE,747.5,9.34,9.35
CELL_01838,45.737,9.433,254.4,Brivio,Beverate,28.036,4.07,S_BEVERATE,866.7,10.83,10.64
CELL_01839,45.737,9.4343,248.3,Brivio,Beverate,22.646,3.28,S_BEVERATE,987.7,12.35,12.42
CELL_01840,45.737,9.4356,249.0,Brivio,Beverate,18.475,2.68,S_BRIVIO_PORTO,1254.5,15.68,13.91
CELL_01841,45.737,9.4369,204.1,Brivio,Brivio Centro,26.141,3.79,S_BRIVIO_PORTO,1160.6,14.51,14.59
CELL_01842,45.737,9.4382,204.9,Brivio,Brivio Centro,29.645,4.3,S_BRIVIO_PORTO,1073.3,13.42,13.46
CELL_01843,45.737,9.4395,205.5,Brivio,Brivio Centro,32.748,4.75,S_BRIVIO_PORTO,994.4,12.43,12.45
CELL_01844,45.737,9.4408,208.7,Brivio,Brivio Centro,35.644,5.17,S_BRIVIO_PORTO,926.1,11.58,11.46
CELL_01845,45.737,9.4421,204.3,Brivio,Brivio Centro,37.863,5.49,S_BRIVIO_PORTO,870.8,10.89,10.96
CELL_01846,45.737,9.4434,204.3,Brivio,Brivio Centro,38.843,5.63,S_BRIVIO_PORTO,831.2,10.39,10.46
CELL_01847,45.737,9.4447,207.8,Brivio,Brivio Centro,39.008,5.66,S_BRIVIO_PORTO,809.5,10.12,10.04
CELL_01848,45.737,9.446,207.7,Brivio,Brivio Centro,38.323,5.56,S_BRIVIO_PORTO,807.2,10.09,10.02
CELL_01849,45.737,9.4473,204.1,Brivio,Brivio Centro,36.145,5.24,S_BRIVIO_PORTO,824.5,10.31,10.39
CELL_01850,45.737,9.4486,205.6,Brivio,Brivio Centro,33.552,4.87,S_BRIVIO_PORTO,860.2,10.75,10.77
CELL_01851,45.737,9.4499,212.2,Brivio,Brivio Centro,30.362,4.4,S_BRIVIO_PORTO,912.1,11.4,11.13
CELL_01852,45.737,9.4512,207.9,Brivio,Brivio Centro,27.072,3.93,S_BRIVIO_PORTO,977.6,12.22,12.14
CELL_01853,45.737,9.4525,207.9,Brivio,Brivio Centro,23.872,3.46,S_BRIVIO_PORTO,1054.3,13.18,13.1
CELL_01854,45.737,9.4538,205.9,Brivio,Brivio Centro,20.371,2.95,S_BRIVIO_PORTO,1139.8,14.25,14.25
CELL_01855,45.737,9.4551,207.0,Brivio,Brivio Centro,17.625,2.56,S_BRIVIO_PORTO,1232.3,15.4,15.36
CELL_01856,45.737,9.4564,206.5,Brivio,Brivio Centro,14.907,2.16,S_BRIVIO_PORTO,1330.4,16.63,16.61
CELL_01857,45.737,9.4577,203.9,Brivio,Brivio Centro,12.696,1.84,S_BRIVIO_PORTO,1432.9,17.91,18.0
CELL_01858,45.737,9.459,206.9,Brivio,Brivio Centro,10.315,1.5,S_BRIVIO_PORTO,1539.0,19.24,19.2
CELL_01859,45.7379,9.355,376.3,La Valletta Brianza,Perego,19.716,4.31,S_PEREGO,1157.8,14.47,14.37
CELL_01860,45.7379,9.3563,368.6,La Valletta Brianza,Perego,22.859,4.99,S_PEREGO,1063.4,13.29,13.53
CELL_01861,45.7379,9.3576,368.9,La Valletta Brianza,Perego,26.714,5.84,S_PEREGO,976.2,12.2,12.43
CELL_01862,45.7379,9.3589,370.8,La Valletta Brianza,Perego,30.576,6.68,S_PEREGO,898.4,11.23,11.37
CELL_01863,45.7379,9.3602,372.4,La Valletta Brianza,Perego,34.314,7.5,S_ROVAGNATE,913.9,11.42,10.17
CELL_01864,45.7379,9.3615,370.0,La Valletta Brianza,Perego,37.732,8.24,S_ROVAGNATE,789.3,9.87,8.71
CELL_01865,45.7379,9.3628,349.2,La Valletta Brianza,Rovagnate,69.454,15.17,S_ROVAGNATE,665.4,8.32,8.01
CELL_01866,45.7379,9.3641,337.8,La Valletta Brianza,Rovagnate,86.311,18.86,S_ROVAGNATE,542.6,6.78,6.97
CELL_01867,45.7379,9.3654,345.5,La Valletta Brianza,Rovagnate,106.911,23.36,S_ROVAGNATE,421.7,5.27,5.12
CELL_01868,45.7379,9.3667,347.6,La Valletta Brianza,Rovagnate,131.418,28.71,S_ROVAGNATE,305.4,3.82,3.58
CELL_01869,45.7379,9.368,350.1,La Valletta Brianza,Rovagnate,157.762,34.47,S_ROVAGNATE,201.3,2.52,2.19
CELL_01870,45.7379,9.3693,341.7,La Valletta Brianza,Rovagnate,175.773,38.4,S_ROVAGNATE,140.3,1.75,1.77
CELL_01871,45.7379,9.3706,337.4,La Valletta Brianza,Rovagnate,165.354,36.13,S_ROVAGNATE,175.3,2.19,2.4
CELL_01872,45.7379,9.3719,333.5,La Valletta Brianza,Rovagnate,139.186,30.41,S_ROVAGNATE,271.4,3.39,3.79
CELL_01873,45.7379,9.3732,345.4,La Valletta Brianza,Rovagnate,113.961,24.9,S_ROVAGNATE,385.3,4.82,4.67
CELL_01874,45.7379,9.3745,338.5,La Valletta Brianza,Rovagnate,92.41,20.19,S_ROVAGNATE,505.1,6.31,6.47
CELL_01875,45.7379,9.3758,342.9,La Valletta Brianza,Rovagnate,74.345,16.24,S_ROVAGNATE,627.5,7.84,7.8
CELL_01876,45.7379,9.3771,342.5,La Valletta Brianza,Rovagnate,59.891,13.08,S_ROVAGNATE,751.1,9.39,9.37
CELL_01877,45.7379,9.3784,341.2,La Valletta Brianza,Rovagnate,48.289,10.55,S_ROVAGNATE,875.5,10.94,10.98
CELL_01878,45.7379,9.3797,342.4,La Valletta Brianza,Rovagnate,38.838,8.48,S_OLGIATE_SCARPONE,906.5,11.33,10.0
CELL_01879,45.7379,9.381,339.3,La Valletta Brianza,Rovagnate,31.125,6.8,S_OLGIATE_SCARPONE,782.4,9.78,8.58
CELL_01880,45.7379,9.3823,338.2,Olgiate Molgora,Monticello,6.507,1.45,S_OLGIATE_SCARPONE,659.0,8.24,7.09
CELL_01881,45.7379,9.3836,339.0,Olgiate Molgora,Monticello,7.937,1.77,S_OLGIATE_SCARPONE,537.0,6.71,5.71
CELL_01882,45.7379,9.3849,340.8,Olgiate Molgora,Monticello,9.294,2.07,S_OLGIATE_SCARPONE,417.5,5.22,4.76
CELL_01883,45.7379,9.3862,342.5,Olgiate Molgora,Monticello,10.829,2.41,S_OLGIATE_SCARPONE,303.5,3.79,3.89
CELL_01884,45.7379,9.3875,339.3,Olgiate Molgora,Monticello,12.568,2.8,S_OLGIATE_SCARPONE,204.6,2.56,2.97
CELL_01885,45.7379,9.3888,340.2,Olgiate Molgora,Monticello,14.178,3.15,S_OLGIATE_SCARPONE,153.1,1.91,2.69
CELL_01886,45.7379,9.3901,336.1,Olgiate Molgora,Monticello,15.646,3.48,S_OLGIATE_SCARPONE,192.2,2.4,2.72
CELL_01887,45.7379,9.3914,313.0,Olgiate Molgora,Mondonico,27.243,6.06,S_OLGIATE_SCARPONE,286.9,3.59,3.46
CELL_01888,45.7379,9.3927,316.1,Olgiate Molgora,Mondonico,34.004,7.56,S_OLGIATE_SCARPONE,399.5,4.99,4.73
CELL_01889,45.7379,9.394,315.9,Olgiate Molgora,Mondonico,41.975,9.34,S_MONDONICO,321.8,4.02,4.21
CELL_01890,45.7379,9.3953,311.9,Olgiate Molgora,Mondonico,51.63,11.48,S_MONDONICO,202.5,2.53,2.91
CELL_01891,45.7379,9.3966,312.0,Olgiate Molgora,Mondonico,61.639,13.71,S_MONDONICO,101.7,1.27,1.67
CELL_01892,45.7379,9.3979,317.1,Olgiate Molgora,Mondonico,61.069,13.58,S_MONDONICO,107.6,1.34,1.48
CELL_01893,45.7379,9.3992,317.6,Olgiate Molgora,Mondonico,51.056,11.36,S_MONDONICO,211.4,2.64,2.75
CELL_01894,45.7379,9.4005,316.2,Olgiate Molgora,Mondonico,41.221,9.17,S_MONDONICO,331.2,4.14,4.31
CELL_01895,45.7379,9.4018,310.0,Olgiate Molgora,Mondonico,33.412,7.43,S_MONDONICO,454.5,5.68,6.14
CELL_01896,45.7379,9.4031,315.7,Olgiate Molgora,Mondonico,26.654,5.93,S_OLGIATE_CENTRO,601.8,7.52,6.67
CELL_01897,45.7379,9.4044,316.8,Olgiate Molgora,Mondonico,21.319,4.74,S_OLGIATE_CENTRO,653.6,8.17,7.27
CELL_01898,45.7379,9.4057,270.8,Olgiate Molgora,Porchera,20.779,4.62,S_OLGIATE_CENTRO,723.9,9.05,10.17
CELL_01899,45.7379,9.407,272.6,Olgiate Molgora,Porchera,25.84,5.75,S_OLGIATE_CENTRO,808.0,10.1,11.13
CELL_01900,45.7379,9.4083,271.4,Olgiate Molgora,Porchera,32.16,7.15,S_OLGIATE_CENTRO,901.9,11.27,12.36
CELL_01901,45.7379,9.4096,269.3,Olgiate Molgora,Porchera,39.936,8.88,S_OLGIATE_CENTRO,1003.0,12.54,13.71
CELL_01902,45.7379,9.4109,269.2,Olgiate Molgora,Porchera,49.755,11.07,S_OLGIATE_CENTRO,1109.2,13.87,15.04
CELL_01903,45.7379,9.4122,270.9,Olgiate Molgora,Porchera,57.908,12.88,S_BEVERATE,1256.4,15.7,14.82
CELL_01904,45.7379,9.4135,272.4,Olgiate Molgora,Porchera,46.702,10.39,S_BEVERATE,1137.0,14.21,13.27
CELL_01905,45.7379,9.4148,271.9,Olgiate Molgora,Porchera,37.505,8.34,S_BEVERATE,1019.3,12.74,11.82
CELL_01906,45.7379,9.4161,268.8,Olgiate Molgora,Porchera,30.158,6.71,S_BEVERATE,903.8,11.3,10.5
CELL_01907,45.7379,9.4174,269.2,Olgiate Molgora,Porchera,24.239,5.39,S_BEVERATE,791.7,9.9,9.09
CELL_01908,45.7379,9.4187,263.3,Olgiate Molgora,Porchera,19.175,4.27,S_BEVERATE,684.6,8.56,7.99
CELL_01909,45.7379,9.42,252.6,Brivio,Beverate,45.783,6.64,S_BEVERATE,585.1,7.31,7.2
CELL_01910,45.7379,9.4213,253.7,Brivio,Beverate,53.377,7.74,S_BEVERATE,497.9,6.22,6.06
CELL_01911,45.7379,9.4226,255.3,Brivio,Beverate,60.506,8.78,S_BEVERATE,430.5,5.38,5.15
CELL_01912,45.7379,9.4239,250.2,Brivio,Beverate,64.408,9.34,S_BEVERATE,393.3,4.92,4.91
CELL_01913,45.7379,9.4252,246.8,Brivio,Beverate,64.069,9.29,S_BEVERATE,394.9,4.94,5.08
CELL_01914,45.7379,9.4265,258.1,Brivio,Beverate,59.853,8.68,S_BEVERATE,434.8,5.43,5.09
CELL_01915,45.7379,9.4278,243.9,Brivio,Beverate,53.102,7.7,S_BEVERATE,504.0,6.3,6.57
CELL_01916,45.7379,9.4291,250.1,Brivio,Beverate,45.348,6.58,S_BEVERATE,592.4,7.4,7.4
CELL_01917,45.7379,9.4304,245.8,Brivio,Beverate,38.145,5.53,S_BEVERATE,692.6,8.66,8.84
CELL_01918,45.7379,9.4317,250.0,Brivio,Beverate,31.351,4.55,S_BEVERATE,800.2,10.0,10.0
CELL_01919,45.7379,9.433,254.0,Brivio,Beverate,25.723,3.73,S_BEVERATE,912.6,11.41,11.23
CELL_01920,45.7379,9.4343,252.3,Brivio,Beverate,20.977,3.04,S_BEVERATE,1028.2,12.85,12.75
CELL_01921,45.7379,9.4356,251.0,Brivio,Beverate,17.309,2.51,S_BRIVIO_PORTO,1178.1,14.73,12.88
CELL_01922,45.7379,9.4369,206.8,Brivio,Brivio Centro,31.344,4.55,S_BRIVIO_PORTO,1077.5,13.47,13.43
CELL_01923,45.7379,9.4382,213.8,Brivio,Brivio Centro,35.646,5.17,S_BRIVIO_PORTO,982.9,12.29,11.95
CELL_01924,45.7379,9.4395,203.9,Brivio,Brivio Centro,39.974,5.8,S_BRIVIO_PORTO,896.1,11.2,11.29
CELL_01925,45.7379,9.4408,206.5,Brivio,Brivio Centro,43.767,6.35,S_BRIVIO_PORTO,819.6,10.25,10.22
CELL_01926,45.7379,9.4421,210.8,Brivio,Brivio Centro,46.768,6.78,S_BRIVIO_PORTO,756.6,9.46,9.25
CELL_01927,45.7379,9.4434,206.8,Brivio,Brivio Centro,48.505,7.03,S_BRIVIO_PORTO,710.6,8.88,8.85
CELL_01928,45.7379,9.4447,202.1,Brivio,Brivio Centro,48.785,7.08,S_BRIVIO_PORTO,685.1,8.56,8.74
CELL_01929,45.7379,9.446,212.3,Brivio,Brivio Centro,47.4,6.87,S_BRIVIO_PORTO,682.5,8.53,8.26
CELL_01930,45.7379,9.4473,205.2,Brivio,Brivio Centro,44.785,6.5,S_BRIVIO_PORTO,702.8,8.79,8.82
CELL_01931,45.7379,9.4486,207.1,Brivio,Brivio Centro,40.971,5.94,S_BRIVIO_PORTO,744.3,9.3,9.26
CELL_01932,45.7379,9.4499,209.7,Brivio,Brivio Centro,36.677,5.32,S_BRIVIO_PORTO,803.8,10.05,9.89
CELL_01933,45.7379,9.4512,207.0,Brivio,Brivio Centro,32.284,4.68,S_BRIVIO_PORTO,877.4,10.97,10.92
CELL_01934,45.7379,9.4525,206.8,Brivio,Brivio Centro,27.923,4.05,S_BRIVIO_PORTO,962.1,12.03,11.99
CELL_01935,45.7379,9.4538,201.5,Brivio,Brivio Centro,23.77,3.45,S_BRIVIO_PORTO,1055.1,13.19,13.39
CELL_01936,45.7379,9.4551,204.8,Brivio,Brivio Centro,20.001,2.9,S_BRIVIO_PORTO,1154.5,14.43,14.48
CELL_01937,45.7379,9.4564,202.9,Brivio,Brivio Centro,16.924,2.45,S_BRIVIO_PORTO,1258.6,15.73,15.87
CELL_01938,45.7379,9.4577,197.6,Brivio,Brivio Centro,14.07,2.04,S_BRIVIO_PORTO,1366.5,17.08,17.45
CELL_01939,45.7379,9.459,205.3,Brivio,Brivio Centro,11.692,1.7,S_BRIVIO_PORTO,1477.4,18.47,18.5
CELL_01940,45.7388,9.355,373.9,La Valletta Brianza,Perego,22.27,4.87,S_PEREGO,1082.6,13.53,13.54
CELL_01941,45.7388,9.3563,378.2,La Valletta Brianza,Perego,26.696,5.83,S_PEREGO,981.0,12.26,12.08
CELL_01942,45.7388,9.3576,371.9,La Valletta Brianza,Perego,31.547,6.89,S_PEREGO,885.8,11.07,11.16
CELL_01943,45.7388,9.3589,372.9,La Valletta Brianza,Perego,36.54,7.98,S_PEREGO,799.1,9.99,10.04
CELL_01944,45.7388,9.3602,373.7,La Valletta Brianza,Perego,41.747,9.12,S_PEREGO,724.3,9.05,9.07
CELL_01945,45.7388,9.3615,369.3,La Valletta Brianza,Perego,46.131,10.08,S_PEREGO,665.1,8.31,8.52
CELL_01946,45.7388,9.3628,374.9,La Valletta Brianza,Perego,49.394,10.79,S_ROVAGNATE,650.9,8.14,6.84
CELL_01947,45.7388,9.3641,342.1,La Valletta Brianza,Rovagnate,89.179,19.48,S_ROVAGNATE,524.7,6.56,6.55
CELL_01948,45.7388,9.3654,337.6,La Valletta Brianza,Rovagnate,111.469,24.35,S_ROVAGNATE,398.5,4.98,5.18
CELL_01949,45.7388,9.3667,348.3,La Valletta Brianza,Rovagnate,138.894,30.34,S_ROVAGNATE,272.3,3.4,3.14
CELL_01950,45.7388,9.368,347.9,La Valletta Brianza,Rovagnate,173.58,37.92,S_ROVAGNATE,146.3,1.83,1.59
CELL_01951,45.7388,9.3693,347.3,La Valletta Brianza,Rovagnate,215.603,47.1,S_ROVAGNATE,23.9,0.3,0.46
CELL_01952,45.7388,9.3706,337.4,La Valletta Brianza,Rovagnate,186.068,40.65,S_ROVAGNATE,107.7,1.35,1.56
CELL_01953,45.7388,9.3719,343.7,La Valletta Brianza,Rovagnate,148.8,32.51,S_ROVAGNATE,233.5,2.92,2.85
CELL_01954,45.7388,9.3732,338.5,La Valletta Brianza,Rovagnate,119.297,26.06,S_ROVAGNATE,359.6,4.5,4.65
CELL_01955,45.7388,9.3745,342.4,La Valletta Brianza,Rovagnate,95.452,20.85,S_ROVAGNATE,485.8,6.07,6.06
CELL_01956,45.7388,9.3758,336.1,La Valletta Brianza,Rovagnate,76.481,16.71,S_ROVAGNATE,612.0,7.65,7.91
CELL_01957,45.7388,9.3771,345.4,La Valletta Brianza,Rovagnate,61.387,13.41,S_ROVAGNATE,738.3,9.23,9.08
CELL_01958,45.7388,9.3784,338.2,La Valletta Brianza,Rovagnate,49.218,10.75,S_ROVAGNATE,864.5,10.81,10.97
CELL_01959,45.7388,9.3797,342.4,La Valletta Brianza,Rovagnate,39.356,8.6,S_OLGIATE_SCARPONE,935.8,11.7,10.36
CELL_01960,45.7388,9.381,339.3,La Valletta Brianza,Rovagnate,31.432,6.87,S_OLGIATE_SCARPONE,816.0,10.2,9.0
CELL_01961,45.7388,9.3823,339.7,Olgiate Molgora,Monticello,7.218,1.61,S_OLGIATE_SCARPONE,698.7,8.73,7.53
CELL_01962,45.7388,9.3836,341.7,Olgiate Molgora,Monticello,8.663,1.93,S_OLGIATE_SCARPONE,585.0,7.31,6.23
CELL_01963,45.7388,9.3849,342.0,Olgiate Molgora,Monticello,10.615,2.36,S_OLGIATE_SCARPONE,477.6,5.97,5.32
CELL_01964,45.7388,9.3862,337.8,Olgiate Molgora,Monticello,12.858,2.86,S_OLGIATE_SCARPONE,382.1,4.78,4.34
CELL_01965,45.7388,9.3875,337.6,Olgiate Molgora,Monticello,15.013,3.34,S_OLGIATE_SCARPONE,309.3,3.87,3.72
CELL_01966,45.7388,9.3888,338.1,Olgiate Molgora,Monticello,17.294,3.85,S_OLGIATE_SCARPONE,278.0,3.48,3.49
CELL_01967,45.7388,9.3901,338.2,Olgiate Molgora,Monticello,18.974,4.22,S_OLGIATE_SCARPONE,301.3,3.77,3.68
CELL_01968,45.7388,9.3914,341.3,Olgiate Molgora,Monticello,20.351,4.53,S_OLGIATE_SCARPONE,369.0,4.61,4.37
CELL_01969,45.7388,9.3927,315.3,Olgiate Molgora,Mondonico,34.084,7.58,S_OLGIATE_SCARPONE,462.0,5.77,5.55
CELL_01970,45.7388,9.394,314.7,Olgiate Molgora,Mondonico,42.762,9.51,S_MONDONICO,313.6,3.92,4.16
CELL_01971,45.7388,9.3953,317.3,Olgiate Molgora,Mondonico,53.008,11.79,S_MONDONICO,189.2,2.36,2.49
CELL_01972,45.7388,9.3966,311.8,Olgiate Molgora,Mondonico,65.292,14.52,S_MONDONICO,71.6,0.9,1.34
CELL_01973,45.7388,9.3979,310.2,Olgiate Molgora,Mondonico,64.041,14.24,S_MONDONICO,79.7,1.0,1.53
CELL_01974,45.7388,9.3992,319.7,Olgiate Molgora,Mondonico,51.926,11.55,S_MONDONICO,198.7,2.48,2.5
CELL_01975,45.7388,9.4005,315.3,Olgiate Molgora,Mondonico,41.857,9.31,S_MONDONICO,323.2,4.04,4.25
CELL_01976,45.7388,9.4018,316.7,Olgiate Molgora,Mondonico,33.668,7.49,S_MONDONICO,448.7,5.61,5.76
CELL_01977,45.7388,9.4031,306.1,Olgiate Molgora,Mondonico,27.129,6.03,S_MONDONICO,574.6,7.18,7.82
CELL_01978,45.7388,9.4044,317.3,Olgiate Molgora,Mondonico,21.74,4.84,S_OLGIATE_CENTRO,765.0,9.56,8.63
CELL_01979,45.7388,9.4057,269.6,Olgiate Molgora,Porchera,20.245,4.5,S_OLGIATE_CENTRO,825.9,10.32,11.5
CELL_01980,45.7388,9.407,270.7,Olgiate Molgora,Porchera,25.063,5.57,S_OLGIATE_CENTRO,900.5,11.26,12.37
CELL_01981,45.7388,9.4083,266.6,Olgiate Molgora,Porchera,31.267,6.95,S_OLGIATE_CENTRO,985.7,12.32,13.63
CELL_01982,45.7388,9.4096,264.9,Olgiate Molgora,Porchera,38.37,8.53,S_OLGIATE_CENTRO,1078.9,13.49,14.87
CELL_01983,45.7388,9.4109,273.9,Olgiate Molgora,Porchera,46.162,10.27,S_OLGIATE_CENTRO,1178.3,14.73,15.68
CELL_01984,45.7388,9.4122,269.4,Olgiate Molgora,Porchera,49.583,11.03,S_BEVERATE,1300.5,16.26,15.43
CELL_01985,45.7388,9.4135,268.7,Olgiate Molgora,Porchera,43.714,9.72,S_BEVERATE,1185.6,14.82,14.02
CELL_01986,45.7388,9.4148,267.6,Olgiate Molgora,Porchera,36.127,8.04,S_BEVERATE,1073.2,13.42,12.67
CELL_01987,45.7388,9.4161,271.1,Olgiate Molgora,Porchera,29.082,6.47,S_BEVERATE,964.3,12.05,11.16
CELL_01988,45.7388,9.4174,276.0,Olgiate Molgora,Porchera,23.501,5.23,S_BEVERATE,860.1,10.75,9.67
CELL_01989,45.7388,9.4187,268.4,Olgiate Molgora,Porchera,18.794,4.18,S_BEVERATE,762.6,9.53,8.76
CELL_01990,45.7388,9.42,255.0,Brivio,Beverate,39.128,5.67,S_BEVERATE,674.7,8.43,8.22
CELL_01991,45.7388,9.4213,249.4,Brivio,Beverate,44.766,6.49,S_BEVERATE,600.7,7.51,7.53
CELL_01992,45.7388,9.4226,251.1,Brivio,Beverate,49.197,7.14,S_BEVERATE,546.1,6.83,6.78
CELL_01993,45.7388,9.4239,248.4,Brivio,Beverate,52.011,7.54,S_BEVERATE,517.3,6.47,6.54
CELL_01994,45.7388,9.4252,250.8,Brivio,Beverate,51.857,7.52,S_BEVERATE,518.5,6.48,6.45
CELL_01995,45.7388,9.4265,249.6,Brivio,Beverate,48.804,7.08,S_BEVERATE,549.5,6.87,6.89
CELL_01996,45.7388,9.4278,246.7,Brivio,Beverate,44.482,6.45,S_BEVERATE,605.8,7.57,7.72
CELL_01997,45.7388,9.4291,254.5,Brivio,Beverate,38.867,5.64,S_BEVERATE,681.0,8.51,8.32
CELL_01998,45.7388,9.4304,250.9,Brivio,Beverate,33.298,4.83,S_BEVERATE,769.8,9.62,9.58
CELL_01999,45.7388,9.4317,252.3,Brivio,Beverate,27.849,4.04,S_BEVERATE,867.9,10.85,10.75
CELL_02000,45.7388,9.433,250.7,Brivio,Beverate,23.184,3.36,S_BEVERATE,972.5,12.16,12.13
CELL_02001,45.7388,9.4343,248.7,Brivio,Beverate,19.468,2.82,S_BRIVIO_CASTELLO,1211.1,15.14,13.46
CELL_02002,45.7388,9.4356,208.1,Brivio,Brivio Centro,31.11,4.51,S_BRIVIO_PORTO,1110.6,13.88,13.79
CELL_02003,45.7388,9.4369,209.1,Brivio,Brivio Centro,36.769,5.33,S_BRIVIO_PORTO,1003.2,12.54,12.41
CELL_02004,45.7388,9.4382,212.6,Brivio,Brivio Centro,42.587,6.18,S_BRIVIO_PORTO,900.8,11.26,10.98
CELL_02005,45.7388,9.4395,209.4,Brivio,Brivio Centro,48.103,6.98,S_BRIVIO_PORTO,805.2,10.07,9.92
CELL_02006,45.7388,9.4408,202.6,Brivio,Brivio Centro,53.609,7.78,S_BRIVIO_PORTO,719.2,8.99,9.14
CELL_02007,45.7388,9.4421,209.6,Brivio,Brivio Centro,57.746,8.38,S_BRIVIO_PORTO,646.4,8.08,7.92
CELL_02008,45.7388,9.4434,204.6,Brivio,Brivio Centro,60.476,8.77,S_BRIVIO_PORTO,591.9,7.4,7.46
CELL_02009,45.7388,9.4447,206.4,Brivio,Brivio Centro,60.404,8.76,S_BRIVIO_PORTO,561.1,7.01,7.0
CELL_02010,45.7388,9.446,205.0,Brivio,Brivio Centro,58.519,8.49,S_BRIVIO_PORTO,557.8,6.97,7.02
CELL_02011,45.7388,9.4473,201.5,Brivio,Brivio Centro,54.689,7.93,S_BRIVIO_PORTO,582.5,7.28,7.48
CELL_02012,45.7388,9.4486,205.1,Brivio,Brivio Centro,49.715,7.21,S_BRIVIO_PORTO,632.0,7.9,7.94
CELL_02013,45.7388,9.4499,203.3,Brivio,Brivio Centro,43.744,6.34,S_BRIVIO_PORTO,701.0,8.76,8.88
CELL_02014,45.7388,9.4512,207.5,Brivio,Brivio Centro,37.896,5.5,S_BRIVIO_PORTO,784.4,9.81,9.74
CELL_02015,45.7388,9.4525,208.9,Brivio,Brivio Centro,32.387,4.7,S_BRIVIO_PORTO,878.1,10.98,10.85
CELL_02016,45.7388,9.4538,210.8,Brivio,Brivio Centro,27.398,3.97,S_BRIVIO_PORTO,979.1,12.24,12.03
CELL_02017,45.7388,9.4551,205.7,Brivio,Brivio Centro,23.039,3.34,S_BRIVIO_PORTO,1085.4,13.57,13.58
CELL_02018,45.7388,9.4564,207.9,Brivio,Brivio Centro,19.224,2.79,S_BRIVIO_PORTO,1195.6,14.95,14.86
CELL_02019,45.7388,9.4577,208.2,Brivio,Brivio Centro,15.68,2.27,S_BRIVIO_PORTO,1308.8,16.36,16.26
CELL_02020,45.7388,9.459,206.5,Brivio,Brivio Centro,13.178,1.91,S_BRIVIO_PORTO,1424.1,17.8,17.78
CELL_02021,45.7397,9.355,374.5,La Valletta Brianza,Perego,24.685,5.39,S_PEREGO,1017.3,12.72,12.69
CELL_02022,45.7397,9.3563,377.7,La Valletta Brianza,Perego,30.009,6.56,S_PEREGO,908.4,11.35,11.19
CELL_02023,45.7397,9.3576,371.3,La Valletta Brianza,Perego,36.153,7.9,S_PEREGO,804.6,10.06,10.18
CELL_02024,45.7397,9.3589,369.0,La Valletta Brianza,Perego,42.609,9.31,S_PEREGO,708.1,8.85,9.07
CELL_02025,45.7397,9.3602,374.3,La Valletta Brianza,Perego,49.91,10.9,S_PEREGO,622.4,7.78,7.77
CELL_02026,45.7397,9.3615,369.9,La Valletta Brianza,Perego,56.404,12.32,S_PEREGO,552.4,6.91,7.09
CELL_02027,45.7397,9.3628,378.1,La Valletta Brianza,Perego,61.138,13.36,S_PEREGO,504.9,6.31,6.13
CELL_02028,45.7397,9.3641,375.1,La Valletta Brianza,Perego,63.444,13.86,S_ROVAGNATE,536.1,6.7,5.86
CELL_02029,45.7397,9.3654,341.0,La Valletta Brianza,Rovagnate,108.654,23.74,S_ROVAGNATE,413.4,5.17,5.21
CELL_02030,45.7397,9.3667,337.8,La Valletta Brianza,Rovagnate,133.755,29.22,S_ROVAGNATE,293.8,3.67,3.86
CELL_02031,45.7397,9.368,339.5,La Valletta Brianza,Rovagnate,162.949,35.6,S_ROVAGNATE,183.2,2.29,2.4
CELL_02032,45.7397,9.3693,342.9,La Valletta Brianza,Rovagnate,184.228,40.25,S_ROVAGNATE,112.8,1.41,1.37
CELL_02033,45.7397,9.3706,341.9,La Valletta Brianza,Rovagnate,171.207,37.4,S_ROVAGNATE,154.2,1.93,1.93
CELL_02034,45.7397,9.3719,339.6,La Valletta Brianza,Rovagnate,142.406,31.11,S_ROVAGNATE,258.2,3.23,3.33
CELL_02035,45.7397,9.3732,343.2,La Valletta Brianza,Rovagnate,115.764,25.29,S_ROVAGNATE,376.2,4.7,4.65
CELL_02036,45.7397,9.3745,343.6,La Valletta Brianza,Rovagnate,93.461,20.42,S_ROVAGNATE,498.2,6.23,6.16
CELL_02037,45.7397,9.3758,338.5,La Valletta Brianza,Rovagnate,75.219,16.43,S_ROVAGNATE,621.9,7.77,7.93
CELL_02038,45.7397,9.3771,347.7,La Valletta Brianza,Rovagnate,60.447,13.21,S_ROVAGNATE,746.5,9.33,9.08
CELL_02039,45.7397,9.3784,344.5,La Valletta Brianza,Rovagnate,48.255,10.54,S_ROVAGNATE,871.5,10.89,10.79
CELL_02040,45.7397,9.3797,340.9,La Valletta Brianza,Rovagnate,38.806,8.48,S_OLGIATE_SCARPONE,980.2,12.25,10.97
CELL_02041,45.7397,9.381,369.5,Santa Maria Hoè,Santa Maria Hoè Centro,19.26,5.71,S_OLGIATE_SCARPONE,866.6,10.83,9.71
CELL_02042,45.7397,9.3823,335.5,Olgiate Molgora,Monticello,7.889,1.75,S_OLGIATE_SCARPONE,757.1,9.46,8.41
CELL_02043,45.7397,9.3836,344.2,Olgiate Molgora,Monticello,9.684,2.15,S_OLGIATE_SCARPONE,653.7,8.17,6.92
CELL_02044,45.7397,9.3849,334.1,Olgiate Molgora,Monticello,11.904,2.65,S_OLGIATE_SCARPONE,559.7,7.0,6.02
CELL_02045,45.7397,9.3862,342.4,Olgiate Molgora,Monticello,14.49,3.22,S_OLGIATE_SCARPONE,480.7,6.01,5.36
CELL_02046,45.7397,9.3875,338.9,Olgiate Molgora,Monticello,17.154,3.82,S_OLGIATE_SCARPONE,425.2,5.32,4.75
CELL_02047,45.7397,9.3888,338.9,Olgiate Molgora,Monticello,20.524,4.57,S_OLGIATE_SCARPONE,403.0,5.04,4.56
CELL_02048,45.7397,9.3901,341.7,Olgiate Molgora,Monticello,23.236,5.17,S_OLGIATE_SCARPONE,419.4,5.24,4.81
CELL_02049,45.7397,9.3914,343.7,Olgiate Molgora,Monticello,25.289,5.63,S_MONTICELLO_OLG,344.7,4.31,4.37
CELL_02050,45.7397,9.3927,342.8,Olgiate Molgora,Monticello,25.023,5.57,S_MONTICELLO_OLG,335.7,4.2,4.29
CELL_02051,45.7397,9.394,322.6,Olgiate Molgora,Mondonico,39.861,8.87,S_MONDONICO,352.7,4.41,4.3
CELL_02052,45.7397,9.3953,313.1,Olgiate Molgora,Mondonico,47.913,10.66,S_MONDONICO,248.7,3.11,3.43
CELL_02053,45.7397,9.3966,315.8,Olgiate Molgora,Mondonico,54.224,12.06,S_MONDONICO,176.6,2.21,2.4
CELL_02054,45.7397,9.3979,320.1,Olgiate Molgora,Mondonico,54.098,12.03,S_MONDONICO,180.0,2.25,2.25
CELL_02055,45.7397,9.3992,320.3,Olgiate Molgora,Mondonico,47.146,10.49,S_MONDONICO,256.0,3.2,3.19
CELL_02056,45.7397,9.4005,312.1,Olgiate Molgora,Mondonico,39.048,8.69,S_MONDONICO,361.3,4.52,4.88
CELL_02057,45.7397,9.4018,313.9,Olgiate Molgora,Mondonico,32.06,7.13,S_MONDONICO,476.9,5.96,6.23
CELL_02058,45.7397,9.4031,319.8,Olgiate Molgora,Mondonico,25.869,5.75,S_MONDONICO,596.8,7.46,7.47
CELL_02059,45.7397,9.4044,315.4,Olgiate Molgora,Mondonico,20.95,4.66,S_MONDONICO,718.9,8.99,9.19
CELL_02060,45.7397,9.4057,269.5,Olgiate Molgora,Porchera,19.325,4.3,S_OLGIATE_CENTRO,933.5,11.67,12.84
CELL_02061,45.7397,9.407,272.5,Olgiate Molgora,Porchera,23.542,5.24,S_OLGIATE_CENTRO,1000.1,12.5,13.53
CELL_02062,45.7397,9.4083,272.5,Olgiate Molgora,Porchera,28.537,6.35,S_OLGIATE_CENTRO,1077.4,13.47,14.49
CELL_02063,45.7397,9.4096,265.3,Olgiate Molgora,Porchera,33.655,7.49,S_OLGIATE_CENTRO,1163.3,14.54,15.9
CELL_02064,45.7397,9.4109,267.2,Olgiate Molgora,Porchera,38.329,8.53,S_OLGIATE_CENTRO,1256.1,15.7,16.97
CELL_02065,45.7397,9.4122,269.2,Olgiate Molgora,Porchera,40.005,8.9,S_BEVERATE,1354.8,16.94,16.12
CELL_02066,45.7397,9.4135,271.4,Olgiate Molgora,Porchera,37.226,8.28,S_BEVERATE,1244.9,15.56,14.65
CELL_02067,45.7397,9.4148,268.9,Olgiate Molgora,Porchera,32.171,7.16,S_BEVERATE,1138.4,14.23,13.43
CELL_02068,45.7397,9.4161,272.5,Olgiate Molgora,Porchera,26.972,6.0,S_BEVERATE,1036.3,12.95,12.01
CELL_02069,45.7397,9.4174,270.5,Olgiate Molgora,Porchera,22.193,4.94,S_BEVERATE,940.2,11.75,10.89
CELL_02070,45.7397,9.4187,270.2,Olgiate Molgora,Porchera,18.059,4.02,S_BEVERATE,851.9,10.65,9.8
CELL_02071,45.7397,9.42,244.6,Brivio,Beverate,33.139,4.81,S_BEVERATE,774.2,9.68,9.92
CELL_02072,45.7397,9.4213,252.7,Brivio,Beverate,36.919,5.35,S_BEVERATE,710.6,8.88,8.77
CELL_02073,45.7397,9.4226,249.1,Brivio,Beverate,40.064,5.81,S_BEVERATE,665.2,8.31,8.35
CELL_02074,45.7397,9.4239,252.5,Brivio,Beverate,41.544,6.03,S_BEVERATE,641.7,8.02,7.91
CELL_02075,45.7397,9.4252,248.2,Brivio,Beverate,41.828,6.07,S_BEVERATE,642.7,8.03,8.11
CELL_02076,45.7397,9.4265,254.2,Brivio,Beverate,40.041,5.81,S_BEVERATE,667.9,8.35,8.17
CELL_02077,45.7397,9.4278,248.5,Brivio,Beverate,36.614,5.31,S_BEVERATE,714.9,8.94,9.0
CELL_02078,45.7397,9.4291,250.0,Brivio,Beverate,32.921,4.77,S_BEVERATE,779.7,9.75,9.75
CELL_02079,45.7397,9.4304,249.6,Brivio,Beverate,28.367,4.11,S_BEVERATE,858.3,10.73,10.75
CELL_02080,45.7397,9.4317,248.8,Brivio,Beverate,24.228,3.51,S_BEVERATE,947.3,11.84,11.89
CELL_02081,45.7397,9.433,255.7,Brivio,Beverate,20.597,2.99,S_BEVERATE,1044.0,13.05,12.8
CELL_02082,45.7397,9.4343,204.3,Brivio,Brivio Centro,29.669,4.3,S_BRIVIO_CASTELLO,1139.4,14.24,14.41
CELL_02083,45.7397,9.4356,207.9,Brivio,Brivio Centro,36.005,5.22,S_BRIVIO_CASTELLO,1035.1,12.94,12.94
CELL_02084,45.7397,9.4369,210.0,Brivio,Brivio Centro,42.472,6.16,S_BRIVIO_PORTO,939.8,11.75,11.57
CELL_02085,45.7397,9.4382,211.8,Brivio,Brivio Centro,50.002,7.25,S_BRIVIO_PORTO,829.6,10.37,10.12
CELL_02086,45.7397,9.4395,208.5,Brivio,Brivio Centro,57.7,8.37,S_BRIVIO_PORTO,724.6,9.06,8.95
CELL_02087,45.7397,9.4408,210.3,Brivio,Brivio Centro,65.346,9.48,S_BRIVIO_PORTO,627.6,7.84,7.66
CELL_02088,45.7397,9.4421,211.2,Brivio,Brivio Centro,71.184,10.32,S_BRIVIO_PORTO,542.7,6.78,6.56
CELL_02089,45.7397,9.4434,205.8,Brivio,Brivio Centro,75.109,10.89,S_BRIVIO_PORTO,476.5,5.96,5.97
CELL_02090,45.7397,9.4447,206.0,Brivio,Brivio Centro,75.183,10.9,S_BRIVIO_PORTO,437.6,5.47,5.47
CELL_02091,45.7397,9.446,206.5,Brivio,Brivio Centro,72.445,10.51,S_BRIVIO_PORTO,433.4,5.42,5.4
CELL_02092,45.7397,9.4473,207.0,Brivio,Brivio Centro,66.964,9.71,S_BRIVIO_PORTO,464.8,5.81,5.77
CELL_02093,45.7397,9.4486,211.1,Brivio,Brivio Centro,59.763,8.67,S_BRIVIO_PORTO,525.5,6.57,6.35
CELL_02094,45.7397,9.4499,205.9,Brivio,Brivio Centro,51.983,7.54,S_BRIVIO_PORTO,606.7,7.58,7.59
CELL_02095,45.7397,9.4512,211.5,Brivio,Brivio Centro,44.421,6.44,S_BRIVIO_PORTO,701.4,8.77,8.53
CELL_02096,45.7397,9.4525,208.8,Brivio,Brivio Centro,37.2,5.4,S_BRIVIO_PORTO,804.8,10.06,9.94
CELL_02097,45.7397,9.4538,200.6,Brivio,Brivio Centro,31.282,4.54,S_BRIVIO_PORTO,914.0,11.42,11.66
CELL_02098,45.7397,9.4551,201.3,Brivio,Brivio Centro,25.81,3.74,S_BRIVIO_PORTO,1027.1,12.84,13.05
CELL_02099,45.7397,9.4564,197.8,Brivio,Brivio Centro,21.267,3.08,S_BRIVIO_PORTO,1142.9,14.29,14.65
CELL_02100,45.7397,9.4577,209.6,Brivio,Brivio Centro,17.48,2.54,S_BRIVIO_PORTO,1260.8,15.76,15.6
CELL_02101,45.7397,9.459,205.3,Brivio,Brivio Centro,14.487,2.1,S_BRIVIO_PONTE,1362.1,17.03,17.19
CELL_02102,45.7406,9.355,375.2,La Valletta Brianza,Perego,27.381,5.98,S_PEREGO,963.8,12.05,12.0
CELL_02103,45.7406,9.3563,374.9,La Valletta Brianza,Perego,33.372,7.29,S_PEREGO,848.1,10.6,10.56
CELL_02104,45.7406,9.3576,368.6,La Valletta Brianza,Perego,40.684,8.89,S_PEREGO,735.8,9.2,9.44
CELL_02105,45.7406,9.3589,370.3,La Valletta Brianza,Perego,49.03,10.71,S_PEREGO,628.8,7.86,8.02
CELL_02106,45.7406,9.3602,375.4,La Valletta Brianza,Perego,58.273,12.73,S_PEREGO,530.5,6.63,6.57
CELL_02107,45.7406,9.3615,372.2,La Valletta Brianza,Perego,67.573,14.76,S_PEREGO,446.4,5.58,5.66
CELL_02108,45.7406,9.3628,374.6,La Valletta Brianza,Perego,75.435,16.48,S_PEREGO,385.9,4.82,4.8
CELL_02109,45.7406,9.3641,377.2,La Valletta Brianza,Perego,78.835,17.22,S_PEREGO,361.3,4.52,4.38
CELL_02110,45.7406,9.3654,375.2,La Valletta Brianza,Perego,76.101,16.63,S_PEREGO,379.5,4.74,4.69
CELL_02111,45.7406,9.3667,339.8,La Valletta Brianza,Rovagnate,119.064,26.01,S_ROVAGNATE,360.2,4.5,4.6
CELL_02112,45.7406,9.368,341.5,La Valletta Brianza,Rovagnate,138.165,30.19,S_ROVAGNATE,277.5,3.47,3.49
CELL_02113,45.7406,9.3693,338.3,La Valletta Brianza,Rovagnate,148.331,32.41,S_ROVAGNATE,237.0,2.96,3.13
CELL_02114,45.7406,9.3706,341.6,La Valletta Brianza,Rovagnate,142.54,31.14,S_ROVAGNATE,259.2,3.24,3.26
CELL_02115,45.7406,9.3719,338.3,La Valletta Brianza,Rovagnate,125.449,27.41,S_ROVAGNATE,331.8,4.15,4.31
CELL_02116,45.7406,9.3732,341.7,La Valletta Brianza,Rovagnate,105.302,23.01,S_ROVAGNATE,430.0,5.38,5.39
CELL_02117,45.7406,9.3745,341.5,La Valletta Brianza,Rovagnate,86.849,18.97,S_ROVAGNATE,540.0,6.75,6.77
CELL_02118,45.7406,9.3758,342.3,La Valletta Brianza,Rovagnate,70.724,15.45,S_ROVAGNATE,655.9,8.2,8.19
CELL_02119,45.7406,9.3771,335.2,La Valletta Brianza,Rovagnate,57.495,12.56,S_ROVAGNATE,775.0,9.69,9.99
CELL_02120,45.7406,9.3784,370.0,Santa Maria Hoè,Santa Maria Hoè Centro,30.077,8.92,S_ROVAGNATE,896.1,11.2,10.04
CELL_02121,45.7406,9.3797,373.0,Santa Maria Hoè,Santa Maria Hoè Centro,26.185,7.77,S_OLGIATE_SCARPONE,1037.8,12.97,11.31
CELL_02122,45.7406,9.381,369.8,Santa Maria Hoè,Santa Maria Hoè Centro,22.536,6.69,S_OLGIATE_SCARPONE,931.4,11.64,10.27
CELL_02123,45.7406,9.3823,343.6,Olgiate Molgora,Monticello,8.258,1.84,S_OLGIATE_SCARPONE,830.4,10.38,9.01
CELL_02124,45.7406,9.3836,340.0,Olgiate Molgora,Monticello,10.38,2.31,S_OLGIATE_SCARPONE,737.3,9.22,7.99
CELL_02125,45.7406,9.3849,337.9,Olgiate Molgora,Monticello,12.61,2.8,S_OLGIATE_SCARPONE,655.5,8.19,7.06
CELL_02126,45.7406,9.3862,337.8,Olgiate Molgora,Monticello,15.821,3.52,S_OLGIATE_SCARPONE,589.5,7.37,6.25
CELL_02127,45.7406,9.3875,339.7,Olgiate Molgora,Monticello,19.294,4.29,S_OLGIATE_SCARPONE,545.1,6.81,5.81
CELL_02128,45.7406,9.3888,340.6,Olgiate Molgora,Monticello,23.246,5.17,S_MONTICELLO_OLG,398.7,4.98,5.18
CELL_02129,45.7406,9.3901,330.5,Olgiate Molgora,Monticello,27.69,6.16,S_MONTICELLO_OLG,298.5,3.73,4.42
CELL_02130,45.7406,9.3914,341.2,Olgiate Molgora,Monticello,31.283,6.96,S_MONTICELLO_OLG,226.0,2.82,3.0
CELL_02131,45.7406,9.3927,340.8,Olgiate Molgora,Monticello,30.736,6.84,S_MONTICELLO_OLG,212.0,2.65,2.84
CELL_02132,45.7406,9.394,341.3,Olgiate Molgora,Monticello,27.314,6.08,S_MONTICELLO_OLG,265.9,3.32,3.49
CELL_02133,45.7406,9.3953,320.8,Olgiate Molgora,Mondonico,40.523,9.01,S_MONDONICO,345.2,4.32,4.28
CELL_02134,45.7406,9.3966,316.8,Olgiate Molgora,Mondonico,43.795,9.74,S_MONDONICO,297.5,3.72,3.86
CELL_02135,45.7406,9.3979,308.4,Olgiate Molgora,Mondonico,43.673,9.71,S_MONDONICO,299.6,3.74,4.29
CELL_02136,45.7406,9.3992,319.7,Olgiate Molgora,Mondonico,39.825,8.86,S_MONDONICO,350.5,4.38,4.39
CELL_02137,45.7406,9.4005,320.0,Olgiate Molgora,Mondonico,34.671,7.71,S_MONDONICO,433.4,5.42,5.42
CELL_02138,45.7406,9.4018,312.5,Olgiate Molgora,Mondonico,29.197,6.49,S_MONDONICO,533.6,6.67,7.01
CELL_02139,45.7406,9.4031,315.7,Olgiate Molgora,Mondonico,24.153,5.37,S_MONDONICO,643.0,8.04,8.23
CELL_02140,45.7406,9.4044,316.3,Olgiate Molgora,Mondonico,19.739,4.39,S_MONDONICO,757.7,9.47,9.63
CELL_02141,45.7406,9.4057,270.0,Olgiate Molgora,Porchera,17.337,3.86,S_MONDONICO,875.6,10.94,13.37
CELL_02142,45.7406,9.407,273.6,Olgiate Molgora,Porchera,21.116,4.7,S_MONDONICO,995.5,12.44,14.65
CELL_02143,45.7406,9.4083,268.5,Olgiate Molgora,Porchera,24.665,5.49,S_OLGIATE_CENTRO,1175.3,14.69,15.9
CELL_02144,45.7406,9.4096,272.7,Olgiate Molgora,Porchera,28.358,6.31,S_OLGIATE_CENTRO,1254.6,15.68,16.69
CELL_02145,45.7406,9.4109,274.9,Olgiate Molgora,Porchera,31.289,6.96,S_OLGIATE_CENTRO,1341.0,16.76,17.67
CELL_02146,45.7406,9.4122,271.7,Olgiate Molgora,Porchera,31.967,7.11,S_BEVERATE,1418.1,17.73,16.8
CELL_02147,45.7406,9.4135,272.3,Olgiate Molgora,Porchera,30.543,6.79,S_BEVERATE,1313.5,16.42,15.47
CELL_02148,45.7406,9.4148,271.9,Olgiate Molgora,Porchera,27.203,6.05,S_BEVERATE,1213.0,15.16,14.23
CELL_02149,45.7406,9.4161,269.8,Olgiate Molgora,Porchera,23.469,5.22,S_BEVERATE,1117.8,13.97,13.13
CELL_02150,45.7406,9.4174,267.3,Olgiate Molgora,Porchera,19.686,4.38,S_BEVERATE,1029.2,12.87,12.13
CELL_02151,45.7406,9.4187,275.0,Olgiate Molgora,Porchera,16.322,3.63,S_BEVERATE,949.3,11.87,10.82
CELL_02152,45.7406,9.42,273.8,Olgiate Molgora,Porchera,13.443,2.99,S_BEVERATE,880.3,11.0,10.01
CELL_02153,45.7406,9.4213,252.8,Brivio,Beverate,30.253,4.39,S_BEVERATE,824.9,10.31,10.19
CELL_02154,45.7406,9.4226,248.1,Brivio,Beverate,32.33,4.69,S_BEVERATE,786.0,9.83,9.91
CELL_02155,45.7406,9.4239,252.0,Brivio,Beverate,33.488,4.86,S_BEVERATE,766.3,9.58,9.49
CELL_02156,45.7406,9.4252,249.6,Brivio,Beverate,33.557,4.87,S_BEVERATE,767.1,9.59,9.61
CELL_02157,45.7406,9.4265,251.6,Brivio,Beverate,32.303,4.69,S_BEVERATE,788.4,9.85,9.79
CELL_02158,45.7406,9.4278,247.1,Brivio,Beverate,30.051,4.36,S_BEVERATE,828.6,10.36,10.48
CELL_02159,45.7406,9.4291,250.1,Brivio,Beverate,27.248,3.95,S_BEVERATE,885.1,11.06,11.06
CELL_02160,45.7406,9.4304,249.8,Brivio,Beverate,24.003,3.48,S_BEVERATE,955.1,11.94,11.95
CELL_02161,45.7406,9.4317,254.9,Brivio,Beverate,20.994,3.04,S_BEVERATE,1035.8,12.95,12.73
CELL_02162,45.7406,9.433,251.1,Brivio,Beverate,17.989,2.61,S_BRIVIO_CASTELLO,1191.5,14.89,13.12
CELL_02163,45.7406,9.4343,204.6,Brivio,Brivio Centro,33.13,4.81,S_BRIVIO_CASTELLO,1077.5,13.47,13.62
CELL_02164,45.7406,9.4356,201.7,Brivio,Brivio Centro,40.238,5.84,S_BRIVIO_CASTELLO,966.5,12.08,12.36
CELL_02165,45.7406,9.4369,206.3,Brivio,Brivio Centro,48.555,7.04,S_BRIVIO_CASTELLO,859.7,10.75,10.82
CELL_02166,45.7406,9.4382,205.7,Brivio,Brivio Centro,58.075,8.42,S_BRIVIO_CASTELLO,759.0,9.49,9.59
CELL_02167,45.7406,9.4395,203.6,Brivio,Brivio Centro,68.585,9.95,S_BRIVIO_PORTO,658.0,8.23,8.33
CELL_02168,45.7406,9.4408,207.9,Brivio,Brivio Centro,78.65,11.41,S_BRIVIO_PORTO,549.4,6.87,6.78
CELL_02169,45.7406,9.4421,207.8,Brivio,Brivio Centro,87.661,12.71,S_BRIVIO_PORTO,450.0,5.62,5.55
CELL_02170,45.7406,9.4434,207.1,Brivio,Brivio Centro,92.98,13.49,S_BRIVIO_PORTO,367.4,4.59,4.55
CELL_02171,45.7406,9.4447,206.6,Brivio,Brivio Centro,93.892,13.62,S_BRIVIO_PORTO,315.4,3.94,3.92
CELL_02172,45.7406,9.446,205.0,Brivio,Brivio Centro,89.191,12.94,S_BRIVIO_PORTO,309.5,3.87,3.91
CELL_02173,45.7406,9.4473,200.3,Brivio,Brivio Centro,80.825,11.72,S_BRIVIO_PORTO,352.1,4.4,4.66
CELL_02174,45.7406,9.4486,203.6,Brivio,Brivio Centro,70.791,10.27,S_BRIVIO_PORTO,429.0,5.36,5.47
CELL_02175,45.7406,9.4499,208.6,Brivio,Brivio Centro,60.627,8.79,S_BRIVIO_PORTO,525.4,6.57,6.45
CELL_02176,45.7406,9.4512,206.1,Brivio,Brivio Centro,50.645,7.35,S_BRIVIO_PORTO,632.4,7.9,7.9
CELL_02177,45.7406,9.4525,208.5,Brivio,Brivio Centro,42.338,6.14,S_BRIVIO_PORTO,745.4,9.32,9.21
CELL_02178,45.7406,9.4538,209.7,Brivio,Brivio Centro,34.623,5.02,S_BRIVIO_PORTO,862.1,10.78,10.62
CELL_02179,45.7406,9.4551,205.1,Brivio,Brivio Centro,28.666,4.16,S_BRIVIO_PORTO,981.2,12.27,12.3
CELL_02180,45.7406,9.4564,210.1,Brivio,Brivio Centro,23.461,3.4,S_BRIVIO_PORTO,1101.9,13.77,13.6
CELL_02181,45.7406,9.4577,208.7,Brivio,Brivio Centro,19.077,2.77,S_BRIVIO_PONTE,1184.8,14.81,14.82
CELL_02182,45.7406,9.459,212.2,Brivio,Brivio Centro,15.383,2.23,S_BRIVIO_PONTE,1282.7,16.03,15.89
CELL_02183,45.7415,9.355,367.8,La Valletta Brianza,Perego,29.109,6.36,S_PEREGO,924.2,11.55,11.83
CELL_02184,45.7415,9.3563,379.3,La Valletta Brianza,Perego,35.97,7.86,S_PEREGO,802.8,10.04,9.81
CELL_02185,45.7415,9.3576,372.6,La Valletta Brianza,Perego,44.605,9.74,S_PEREGO,683.1,8.54,8.6
CELL_02186,45.7415,9.3589,375.6,La Valletta Brianza,Perego,54.867,11.99,S_PEREGO,566.4,7.08,7.01
CELL_02187,45.7415,9.3602,374.4,La Valletta Brianza,Perego,66.748,14.58,S_PEREGO,454.7,5.68,5.67
CELL_02188,45.7415,9.3615,378.7,La Valletta Brianza,Perego,79.649,17.4,S_PEREGO,352.9,4.41,4.21
CELL_02189,45.7415,9.3628,375.7,La Valletta Brianza,Perego,91.85,20.07,S_PEREGO,272.5,3.41,3.33
CELL_02190,45.7415,9.3641,371.3,La Valletta Brianza,Perego,98.138,21.44,S_PEREGO,236.4,2.95,3.08
CELL_02191,45.7415,9.3654,371.2,La Valletta Brianza,Perego,93.38,20.4,S_PEREGO,263.4,3.29,3.42
CELL_02192,45.7415,9.3667,368.5,La Valletta Brianza,Perego,81.808,17.87,S_PEREGO,338.7,4.23,4.48
CELL_02193,45.7415,9.368,340.8,La Valletta Brianza,Rovagnate,113.639,24.83,S_ROVAGNATE,389.5,4.87,4.92
CELL_02194,45.7415,9.3693,337.5,La Valletta Brianza,Rovagnate,119.071,26.01,S_ROVAGNATE,361.7,4.52,4.72
CELL_02195,45.7415,9.3706,342.1,La Valletta Brianza,Rovagnate,116.08,25.36,S_ROVAGNATE,376.7,4.71,4.7
CELL_02196,45.7415,9.3719,339.8,La Valletta Brianza,Rovagnate,105.774,23.11,S_ROVAGNATE,429.9,5.37,5.47
CELL_02197,45.7415,9.3732,340.2,La Valletta Brianza,Rovagnate,91.936,20.09,S_ROVAGNATE,509.5,6.37,6.45
CELL_02198,45.7415,9.3745,370.5,Santa Maria Hoè,Santa Maria Hoè Centro,48.115,14.28,S_ROVAGNATE,605.2,7.57,6.42
CELL_02199,45.7415,9.3758,369.6,Santa Maria Hoè,Santa Maria Hoè Centro,45.148,13.39,S_ROVAGNATE,710.5,8.88,7.75
CELL_02200,45.7415,9.3771,370.3,Santa Maria Hoè,Santa Maria Hoè Centro,40.83,12.11,S_SMARIA_CENTRO,673.5,8.42,8.45
CELL_02201,45.7415,9.3784,374.6,Santa Maria Hoè,Santa Maria Hoè Centro,35.583,10.56,S_SMARIA_CENTRO,748.5,9.36,9.2
CELL_02202,45.7415,9.3797,376.3,Santa Maria Hoè,Santa Maria Hoè Centro,30.679,9.1,S_SMARIA_CENTRO,836.0,10.45,10.22
CELL_02203,45.7415,9.381,372.7,Santa Maria Hoè,Santa Maria Hoè Centro,25.868,7.67,S_OLGIATE_SCARPONE,1007.5,12.59,11.03
CELL_02204,45.7415,9.3823,336.6,Olgiate Molgora,Monticello,8.51,1.89,S_OLGIATE_SCARPONE,915.0,11.44,10.33
CELL_02205,45.7415,9.3836,342.5,Olgiate Molgora,Monticello,10.582,2.35,S_OLGIATE_SCARPONE,831.5,10.39,9.06
CELL_02206,45.7415,9.3849,333.9,Olgiate Molgora,Monticello,13.259,2.95,S_OLGIATE_SCARPONE,759.8,9.5,8.51
CELL_02207,45.7415,9.3862,337.1,Olgiate Molgora,Monticello,16.401,3.65,S_OLGIATE_SCARPONE,703.6,8.8,7.69
CELL_02208,45.7415,9.3875,345.4,Olgiate Molgora,Monticello,20.339,4.52,S_MONTICELLO_OLG,473.6,5.92,5.9
CELL_02209,45.7415,9.3888,336.7,Olgiate Molgora,Monticello,25.376,5.64,S_MONTICELLO_OLG,350.0,4.38,4.75
CELL_02210,45.7415,9.3901,339.7,Olgiate Molgora,Monticello,31.422,6.99,S_MONTICELLO_OLG,229.4,2.87,3.11
CELL_02211,45.7415,9.3914,341.2,Olgiate Molgora,Monticello,37.97,8.45,S_MONTICELLO_OLG,120.8,1.51,1.69
CELL_02212,45.7415,9.3927,341.0,Olgiate Molgora,Monticello,37.492,8.34,S_MONTICELLO_OLG,92.0,1.15,1.34
CELL_02213,45.7415,9.394,340.6,Olgiate Molgora,Monticello,30.889,6.87,S_MONTICELLO_OLG,185.0,2.31,2.51
CELL_02214,45.7415,9.3953,336.8,Olgiate Molgora,Monticello,24.772,5.51,S_MONTICELLO_OLG,303.1,3.79,4.16
CELL_02215,45.7415,9.3966,314.2,Olgiate Molgora,Mondonico,35.232,7.84,S_MONDONICO,420.8,5.26,5.52
CELL_02216,45.7415,9.3979,311.3,Olgiate Molgora,Mondonico,35.521,7.9,S_MONDONICO,422.3,5.28,5.67
CELL_02217,45.7415,9.3992,311.2,Olgiate Molgora,Mondonico,33.195,7.38,S_MONDONICO,459.8,5.75,6.15
CELL_02218,45.7415,9.4005,314.4,Olgiate Molgora,Mondonico,29.393,6.54,S_MONDONICO,525.8,6.57,6.82
CELL_02219,45.7415,9.4018,316.7,Olgiate Molgora,Mondonico,25.547,5.68,S_MONDONICO,611.0,7.64,7.78
CELL_02220,45.7415,9.4031,320.7,Olgiate Molgora,Mondonico,21.238,4.72,S_MONDONICO,708.6,8.86,8.83
CELL_02221,45.7415,9.4044,316.7,Olgiate Molgora,Mondonico,17.964,4.0,S_MONDONICO,814.1,10.18,10.32
CELL_02222,45.7415,9.4057,269.2,Olgiate Molgora,Porchera,15.533,3.46,S_MONDONICO,924.8,11.56,14.01
CELL_02223,45.7415,9.407,271.7,Olgiate Molgora,Porchera,18.356,4.08,S_MONDONICO,1039.1,12.99,15.28
CELL_02224,45.7415,9.4083,270.1,Olgiate Molgora,Porchera,20.911,4.65,S_MONDONICO,1155.8,14.45,16.8
CELL_02225,45.7415,9.4096,271.7,Olgiate Molgora,Porchera,23.598,5.25,S_OLGIATE_CENTRO,1351.2,16.89,17.94
CELL_02226,45.7415,9.4109,275.0,Olgiate Molgora,Porchera,25.264,5.62,S_OLGIATE_CENTRO,1431.9,17.9,18.8
CELL_02227,45.7415,9.4122,272.1,Olgiate Molgora,Porchera,25.984,5.78,S_BEVERATE,1489.2,18.61,17.67
CELL_02228,45.7415,9.4135,273.6,Olgiate Molgora,Porchera,25.067,5.58,S_BEVERATE,1389.9,17.37,16.37
CELL_02229,45.7415,9.4148,270.2,Olgiate Molgora,Porchera,22.737,5.06,S_BEVERATE,1295.4,16.19,15.33
CELL_02230,45.7415,9.4161,264.0,Olgiate Molgora,Porchera,20.048,4.46,S_BEVERATE,1206.7,15.08,14.48
CELL_02231,45.7415,9.4174,271.7,Olgiate Molgora,Porchera,17.206,3.83,S_BEVERATE,1125.2,14.06,13.15
CELL_02232,45.7415,9.4187,268.7,Olgiate Molgora,Porchera,14.814,3.3,S_BEVERATE,1052.5,13.16,12.36
CELL_02233,45.7415,9.42,269.5,Olgiate Molgora,Porchera,12.251,2.73,S_BEVERATE,990.7,12.38,11.56
CELL_02234,45.7415,9.4213,254.7,Brivio,Beverate,24.755,3.59,S_BEVERATE,941.9,11.77,11.57
CELL_02235,45.7415,9.4226,251.9,Brivio,Beverate,26.359,3.82,S_BEVERATE,908.1,11.35,11.27
CELL_02236,45.7415,9.4239,246.9,Brivio,Beverate,26.846,3.89,S_BEVERATE,891.0,11.14,11.27
CELL_02237,45.7415,9.4252,248.1,Brivio,Beverate,27.135,3.94,S_BEVERATE,891.7,11.15,11.23
CELL_02238,45.7415,9.4265,249.4,Brivio,Beverate,26.102,3.79,S_BEVERATE,910.1,11.38,11.4
CELL_02239,45.7415,9.4278,243.5,Brivio,Beverate,24.518,3.56,S_BEVERATE,945.1,11.81,12.1
CELL_02240,45.7415,9.4291,251.3,Brivio,Beverate,22.52,3.27,S_BEVERATE,995.1,12.44,12.38
CELL_02241,45.7415,9.4304,247.0,Brivio,Beverate,20.079,2.91,S_BEVERATE,1057.8,13.22,13.35
CELL_02242,45.7415,9.4317,243.6,Brivio,Beverate,17.628,2.56,S_BRIVIO_CASTELLO,1266.7,15.83,14.35
CELL_02243,45.7415,9.433,207.9,Brivio,Brivio Centro,29.383,4.26,S_BRIVIO_CASTELLO,1146.2,14.33,14.33
CELL_02244,45.7415,9.4343,203.9,Brivio,Brivio Centro,36.157,5.24,S_BRIVIO_CASTELLO,1027.1,12.84,13.02
CELL_02245,45.7415,9.4356,203.1,Brivio,Brivio Centro,44.679,6.48,S_BRIVIO_CASTELLO,910.0,11.38,11.59
CELL_02246,45.7415,9.4369,207.2,Brivio,Brivio Centro,54.383,7.89,S_BRIVIO_CASTELLO,795.7,9.95,9.98
CELL_02247,45.7415,9.4382,207.9,Brivio,Brivio Centro,66.07,9.58,S_BRIVIO_CASTELLO,685.6,8.57,8.57
CELL_02248,45.7415,9.4395,206.5,Brivio,Brivio Centro,79.482,11.53,S_BRIVIO_CASTELLO,582.1,7.28,7.34
CELL_02249,45.7415,9.4408,207.8,Brivio,Brivio Centro,93.616,13.58,S_BRIVIO_PORTO,490.9,6.14,6.06
CELL_02250,45.7415,9.4421,208.8,Brivio,Brivio Centro,106.588,15.46,S_BRIVIO_PORTO,376.4,4.7,4.58
CELL_02251,45.7415,9.4434,211.2,Brivio,Brivio Centro,115.373,16.73,S_BRIVIO_PORTO,272.4,3.41,3.19
CELL_02252,45.7415,9.4447,202.7,Brivio,Brivio Centro,116.384,16.88,S_BRIVIO_PORTO,196.6,2.46,2.61
CELL_02253,45.7415,9.446,213.8,Brivio,Brivio Centro,109.261,15.85,S_BRIVIO_PORTO,187.0,2.34,2.02
CELL_02254,45.7415,9.4473,201.6,Brivio,Brivio Centro,96.708,14.03,S_BRIVIO_PORTO,251.4,3.14,3.34
CELL_02255,45.7415,9.4486,204.7,Brivio,Brivio Centro,82.73,12.0,S_BRIVIO_PORTO,351.1,4.39,4.45
CELL_02256,45.7415,9.4499,207.8,Brivio,Brivio Centro,69.04,10.01,S_BRIVIO_PORTO,463.9,5.8,5.72
CELL_02257,45.7415,9.4512,203.7,Brivio,Brivio Centro,57.103,8.28,S_BRIVIO_PORTO,582.3,7.28,7.38
CELL_02258,45.7415,9.4525,205.3,Brivio,Brivio Centro,46.787,6.79,S_BRIVIO_PORTO,703.5,8.79,8.82
CELL_02259,45.7415,9.4538,201.1,Brivio,Brivio Centro,38.141,5.53,S_BRIVIO_PORTO,826.1,10.33,10.54
CELL_02260,45.7415,9.4551,202.3,Brivio,Brivio Centro,30.932,4.49,S_BRIVIO_PONTE,915.0,11.44,11.73
CELL_02261,45.7415,9.4564,207.8,Brivio,Brivio Centro,24.897,3.61,S_BRIVIO_PONTE,1007.5,12.59,12.65
CELL_02262,45.7415,9.4577,202.8,Brivio,Brivio Centro,20.199,2.93,S_BRIVIO_PONTE,1106.7,13.83,14.11
CELL_02263,45.7415,9.459,201.7,Brivio,Brivio Centro,16.418,2.38,S_BRIVIO_PONTE,1210.9,15.14,15.46
CELL_02264,45.7424,9.355,375.6,La Valletta Brianza,Perego,30.563,6.68,S_PEREGO,900.4,11.26,11.19
CELL_02265,45.7424,9.3563,376.4,La Valletta Brianza,Perego,37.843,8.27,S_PEREGO,775.3,9.69,9.59
CELL_02266,45.7424,9.3576,373.2,La Valletta Brianza,Perego,47.252,10.32,S_PEREGO,650.6,8.13,8.17
CELL_02267,45.7424,9.3589,369.8,La Valletta Brianza,Perego,58.502,12.78,S_PEREGO,526.6,6.58,6.77
CELL_02268,45.7424,9.3602,373.0,La Valletta Brianza,Perego,72.824,15.91,S_PEREGO,404.1,5.05,5.09
CELL_02269,45.7424,9.3615,374.5,La Valletta Brianza,Perego,89.777,19.61,S_PEREGO,284.8,3.56,3.54
CELL_02270,45.7424,9.3628,368.1,La Valletta Brianza,Perego,109.034,23.82,S_PEREGO,175.6,2.2,2.47
CELL_02271,45.7424,9.3641,370.3,La Valletta Brianza,Perego,122.029,26.66,S_PEREGO,111.6,1.39,1.57
CELL_02272,45.7424,9.3654,374.1,La Valletta Brianza,Perego,111.54,24.37,S_PEREGO,161.0,2.01,2.01
CELL_02273,45.7424,9.3667,372.4,La Valletta Brianza,Perego,92.823,20.28,S_PEREGO,267.0,3.34,3.41
CELL_02274,45.7424,9.368,369.2,La Valletta Brianza,Perego,75.398,16.47,S_PEREGO,385.4,4.82,5.03
CELL_02275,45.7424,9.3693,340.4,La Valletta Brianza,Rovagnate,95.624,20.89,S_ROVAGNATE,486.6,6.08,6.15
CELL_02276,45.7424,9.3706,341.6,La Valletta Brianza,Rovagnate,93.951,20.53,S_ROVAGNATE,497.8,6.22,6.24
CELL_02277,45.7424,9.3719,367.2,Santa Maria Hoè,Santa Maria Hoè Centro,58.454,17.34,S_ROVAGNATE,539.2,6.74,5.72
CELL_02278,45.7424,9.3732,370.8,Santa Maria Hoè,Santa Maria Hoè Centro,60.595,17.98,S_SMARIA_CENTRO,445.0,5.56,5.57
CELL_02279,45.7424,9.3745,368.0,Santa Maria Hoè,Santa Maria Hoè Centro,59.464,17.64,S_SMARIA_CENTRO,457.2,5.72,5.85
CELL_02280,45.7424,9.3758,371.1,Santa Maria Hoè,Santa Maria Hoè Centro,54.818,16.26,S_SMARIA_CENTRO,502.0,6.27,6.27
CELL_02281,45.7424,9.3771,369.5,Santa Maria Hoè,Santa Maria Hoè Centro,48.679,14.44,S_SMARIA_CENTRO,571.6,7.15,7.21
CELL_02282,45.7424,9.3784,365.3,Santa Maria Hoè,Santa Maria Hoè Centro,41.722,12.38,S_SMARIA_CENTRO,658.4,8.23,8.48
CELL_02283,45.7424,9.3797,369.6,Santa Maria Hoè,Santa Maria Hoè Centro,35.042,10.4,S_SMARIA_CENTRO,756.3,9.45,9.52
CELL_02284,45.7424,9.381,378.2,Santa Maria Hoè,Santa Maria Hoè Centro,28.966,8.59,S_SMARIA_CENTRO,861.7,10.77,10.46
CELL_02285,45.7424,9.3823,339.1,Olgiate Molgora,Monticello,8.482,1.89,S_OLGIATE_SCARPONE,1008.0,12.6,11.39
CELL_02286,45.7424,9.3836,345.6,Olgiate Molgora,Monticello,10.705,2.38,S_OLGIATE_SCARPONE,932.9,11.66,10.2
CELL_02287,45.7424,9.3849,334.8,Olgiate Molgora,Monticello,13.275,2.95,S_MONTICELLO_OLG,719.9,9.0,9.46
CELL_02288,45.7424,9.3862,343.4,Olgiate Molgora,Monticello,16.475,3.66,S_MONTICELLO_OLG,593.9,7.42,7.49
CELL_02289,45.7424,9.3875,347.7,Olgiate Molgora,Monticello,20.452,4.55,S_MONTICELLO_OLG,468.1,5.85,5.73
CELL_02290,45.7424,9.3888,340.2,Olgiate Molgora,Monticello,25.41,5.65,S_MONTICELLO_OLG,342.5,4.28,4.5
CELL_02291,45.7424,9.3901,340.6,Olgiate Molgora,Monticello,31.764,7.07,S_MONTICELLO_OLG,217.7,2.72,2.92
CELL_02292,45.7424,9.3914,337.8,Olgiate Molgora,Monticello,38.491,8.56,S_MONTICELLO_OLG,96.8,1.21,1.57
CELL_02293,45.7424,9.3927,341.3,Olgiate Molgora,Monticello,38.062,8.47,S_MONTICELLO_OLG,57.0,0.71,0.89
CELL_02294,45.7424,9.394,341.5,Olgiate Molgora,Monticello,31.139,6.93,S_MONTICELLO_OLG,170.3,2.13,2.29
CELL_02295,45.7424,9.3953,340.1,Olgiate Molgora,Monticello,24.888,5.54,S_MONTICELLO_OLG,294.3,3.68,3.9
CELL_02296,45.7424,9.3966,343.2,Olgiate Molgora,Monticello,20.223,4.5,S_MONTICELLO_OLG,419.7,5.25,5.33
CELL_02297,45.7424,9.3979,314.7,Olgiate Molgora,Mondonico,28.414,6.32,S_MONDONICO,546.1,6.83,7.06
CELL_02298,45.7424,9.3992,317.5,Olgiate Molgora,Mondonico,26.905,5.98,S_MONDONICO,575.6,7.19,7.3
CELL_02299,45.7424,9.4005,316.5,Olgiate Molgora,Mondonico,24.749,5.5,S_MONDONICO,629.5,7.87,8.02
CELL_02300,45.7424,9.4018,312.9,Olgiate Molgora,Mondonico,21.824,4.85,S_MONDONICO,702.3,8.78,9.09
CELL_02301,45.7424,9.4031,320.4,Olgiate Molgora,Mondonico,18.477,4.11,S_MONDONICO,788.6,9.86,9.84
CELL_02302,45.7424,9.4044,319.8,Olgiate Molgora,Mondonico,15.66,3.48,S_MONDONICO,884.6,11.06,11.07
CELL_02303,45.7424,9.4057,269.9,Olgiate Molgora,Porchera,13.443,2.99,S_MONDONICO,987.5,12.34,14.74
CELL_02304,45.7424,9.407,263.6,Olgiate Molgora,Porchera,15.331,3.41,S_MONDONICO,1095.2,13.69,16.39
CELL_02305,45.7424,9.4083,270.2,Olgiate Molgora,Porchera,17.59,3.91,S_MONDONICO,1206.6,15.08,17.43
CELL_02306,45.7424,9.4096,268.7,Olgiate Molgora,Porchera,19.161,4.26,S_MONDONICO,1320.6,16.51,18.91
CELL_02307,45.7424,9.4109,271.7,Olgiate Molgora,Porchera,20.336,4.52,S_BEVERATE,1665.3,20.82,19.89
CELL_02308,45.7424,9.4122,271.3,Olgiate Molgora,Porchera,20.581,4.58,S_BEVERATE,1567.0,19.59,18.68
CELL_02309,45.7424,9.4135,266.8,Olgiate Molgora,Porchera,20.115,4.47,S_BEVERATE,1473.1,18.41,17.69
CELL_02310,45.7424,9.4148,267.6,Olgiate Molgora,Porchera,18.955,4.22,S_BEVERATE,1384.2,17.3,16.55
CELL_02311,45.7424,9.4161,273.1,Olgiate Molgora,Porchera,16.76,3.73,S_BEVERATE,1301.6,16.27,15.29
CELL_02312,45.7424,9.4174,274.7,Olgiate Molgora,Porchera,14.744,3.28,S_BEVERATE,1226.4,15.33,14.29
CELL_02313,45.7424,9.4187,271.5,Olgiate Molgora,Porchera,12.845,2.86,S_BEVERATE,1160.1,14.5,13.59
CELL_02314,45.7424,9.42,275.3,Olgiate Molgora,Porchera,10.937,2.43,S_BEVERATE,1104.3,13.8,12.74
CELL_02315,45.7424,9.4213,256.9,Brivio,Beverate,20.312,2.95,S_BEVERATE,1060.7,13.26,12.96
CELL_02316,45.7424,9.4226,250.5,Brivio,Beverate,21.033,3.05,S_BEVERATE,1030.8,12.88,12.86
CELL_02317,45.7424,9.4239,247.8,Brivio,Beverate,21.621,3.14,S_BEVERATE,1015.8,12.7,12.79
CELL_02318,45.7424,9.4252,254.5,Brivio,Beverate,21.872,3.17,S_BEVERATE,1016.4,12.71,12.51
CELL_02319,45.7424,9.4265,251.5,Brivio,Beverate,21.026,3.05,S_BEVERATE,1032.6,12.91,12.84
CELL_02320,45.7424,9.4278,246.8,Brivio,Beverate,19.909,2.89,S_BEVERATE,1063.6,13.29,13.44
CELL_02321,45.7424,9.4291,247.6,Brivio,Beverate,18.516,2.69,S_BEVERATE,1108.2,13.85,13.96
CELL_02322,45.7424,9.4304,252.3,Brivio,Beverate,16.761,2.43,S_BEVERATE,1164.8,14.56,14.46
CELL_02323,45.7424,9.4317,254.0,Brivio,Beverate,14.761,2.14,S_BRIVIO_CASTELLO,1236.8,15.46,13.57
CELL_02324,45.7424,9.433,200.8,Brivio,Brivio Centro,31.34,4.55,S_BRIVIO_CASTELLO,1113.1,13.91,14.23
CELL_02325,45.7424,9.4343,209.4,Brivio,Brivio Centro,38.492,5.58,S_BRIVIO_CASTELLO,990.1,12.38,12.32
CELL_02326,45.7424,9.4356,209.7,Brivio,Brivio Centro,47.833,6.94,S_BRIVIO_CASTELLO,868.0,10.85,10.78
CELL_02327,45.7424,9.4369,208.3,Brivio,Brivio Centro,59.38,8.61,S_BRIVIO_CASTELLO,747.3,9.34,9.33
CELL_02328,45.7424,9.4382,209.8,Brivio,Brivio Centro,73.153,10.61,S_BRIVIO_CASTELLO,628.8,7.86,7.78
CELL_02329,45.7424,9.4395,202.6,Brivio,Brivio Centro,89.14,12.93,S_BRIVIO_CASTELLO,514.0,6.42,6.67
CELL_02330,45.7424,9.4408,208.9,Brivio,Brivio Centro,108.042,15.67,S_BRIVIO_CASTELLO,406.0,5.07,5.04
CELL_02331,45.7424,9.4421,210.2,Brivio,Brivio Centro,127.521,18.49,S_BRIVIO_CASTELLO,312.1,3.9,3.81
CELL_02332,45.7424,9.4434,214.1,Brivio,Brivio Centro,142.819,20.71,S_BRIVIO_PORTO,211.4,2.64,2.31
CELL_02333,45.7424,9.4447,208.6,Brivio,Brivio Centro,144.792,21.0,S_BRIVIO_PORTO,95.5,1.19,1.09
CELL_02334,45.7424,9.446,209.1,Brivio,Brivio Centro,131.704,19.1,S_BRIVIO_PORTO,73.8,0.92,0.8
CELL_02335,45.7424,9.4473,206.6,Brivio,Brivio Centro,112.686,16.34,S_BRIVIO_PORTO,183.4,2.29,2.27
CELL_02336,45.7424,9.4486,205.8,Brivio,Brivio Centro,93.619,13.58,S_BRIVIO_PORTO,306.2,3.83,3.84
CELL_02337,45.7424,9.4499,206.8,Brivio,Brivio Centro,76.356,11.07,S_BRIVIO_PORTO,430.9,5.39,5.35
CELL_02338,45.7424,9.4512,207.8,Brivio,Brivio Centro,62.167,9.02,S_BRIVIO_PORTO,556.4,6.95,6.88
CELL_02339,45.7424,9.4525,208.9,Brivio,Brivio Centro,50.414,7.31,S_BRIVIO_PONTE,655.5,8.19,8.2
CELL_02340,45.7424,9.4538,204.4,Brivio,Brivio Centro,40.705,5.9,S_BRIVIO_PONTE,737.3,9.22,9.42
CELL_02341,45.7424,9.4551,207.8,Brivio,Brivio Centro,32.575,4.72,S_BRIVIO_PONTE,830.4,10.38,10.43
CELL_02342,45.7424,9.4564,204.1,Brivio,Brivio Centro,26.329,3.82,S_BRIVIO_PONTE,931.4,11.64,11.86
CELL_02343,45.7424,9.4577,201.5,Brivio,Brivio Centro,21.228,3.08,S_BRIVIO_PONTE,1037.8,12.97,13.31
CELL_02344,45.7424,9.459,203.8,Brivio,Brivio Centro,17.227,2.5,S_BRIVIO_PONTE,1148.3,14.35,14.58
CELL_02345,45.7433,9.355,370.8,La Valletta Brianza,Perego,30.899,6.75,S_VALLETTA_SP342,845.5,10.57,10.98
CELL_02346,45.7433,9.3563,376.6,La Valletta Brianza,Perego,38.338,8.38,S_PEREGO,767.4,9.59,9.48
CELL_02347,45.7433,9.3576,376.9,La Valletta Brianza,Perego,47.872,10.46,S_PEREGO,641.2,8.01,7.89
CELL_02348,45.7433,9.3589,373.5,La Valletta Brianza,Perego,60.047,13.12,S_PEREGO,514.9,6.44,6.46
CELL_02349,45.7433,9.3602,377.1,La Valletta Brianza,Perego,74.865,16.36,S_PEREGO,388.7,4.86,4.73
CELL_02350,45.7433,9.3615,381.4,La Valletta Brianza,Perego,93.335,20.39,S_PEREGO,262.6,3.28,2.97
CELL_02351,45.7433,9.3628,371.6,La Valletta Brianza,Perego,116.363,25.42,S_PEREGO,136.7,1.71,1.82
CELL_02352,45.7433,9.3641,371.9,La Valletta Brianza,Perego,143.834,31.42,S_PEREGO,17.0,0.21,0.33
CELL_02353,45.7433,9.3654,374.0,La Valletta Brianza,Perego,120.728,26.38,S_PEREGO,117.4,1.47,1.47
CELL_02354,45.7433,9.3667,378.8,La Valletta Brianza,Perego,96.568,21.1,S_PEREGO,243.2,3.04,2.84
CELL_02355,45.7433,9.368,381.2,La Valletta Brianza,Perego,77.318,16.89,S_PEREGO,369.3,4.62,4.31
CELL_02356,45.7433,9.3693,381.1,La Valletta Brianza,Perego,62.093,13.57,S_PEREGO,495.5,6.19,5.89
CELL_02357,45.7433,9.3706,368.8,Santa Maria Hoè,Santa Maria Hoè Centro,63.478,18.83,S_SMARIA_CENTRO,419.6,5.24,5.34
CELL_02358,45.7433,9.3719,372.2,Santa Maria Hoè,Santa Maria Hoè Centro,71.487,21.21,S_SMARIA_CENTRO,351.2,4.39,4.34
CELL_02359,45.7433,9.3732,370.7,Santa Maria Hoè,Santa Maria Hoè Centro,75.568,22.42,S_SMARIA_CENTRO,320.1,4.0,4.01
CELL_02360,45.7433,9.3745,378.1,Santa Maria Hoè,Santa Maria Hoè Centro,73.113,21.69,S_SMARIA_CENTRO,336.9,4.21,3.91
CELL_02361,45.7433,9.3758,368.7,Santa Maria Hoè,Santa Maria Hoè Centro,66.076,19.6,S_SMARIA_CENTRO,395.5,4.94,5.05
CELL_02362,45.7433,9.3771,371.8,Santa Maria Hoè,Santa Maria Hoè Centro,57.025,16.92,S_SMARIA_CENTRO,480.9,6.01,5.98
CELL_02363,45.7433,9.3784,376.5,Santa Maria Hoè,Santa Maria Hoè Centro,47.549,14.11,S_SMARIA_CENTRO,581.3,7.27,7.03
CELL_02364,45.7433,9.3797,370.4,Santa Maria Hoè,Santa Maria Hoè Centro,39.249,11.64,S_SMARIA_CENTRO,690.3,8.63,8.65
CELL_02365,45.7433,9.381,367.5,Santa Maria Hoè,Santa Maria Hoè Centro,32.276,9.58,S_SMARIA_CENTRO,804.3,10.05,10.21
CELL_02366,45.7433,9.3823,373.4,Santa Maria Hoè,Santa Maria Hoè Centro,26.059,7.73,S_MONTICELLO_OLG,985.5,12.32,11.14
CELL_02367,45.7433,9.3836,339.1,Olgiate Molgora,Monticello,10.326,2.3,S_MONTICELLO_OLG,861.3,10.77,11.03
CELL_02368,45.7433,9.3849,339.3,Olgiate Molgora,Monticello,12.74,2.83,S_MONTICELLO_OLG,737.8,9.22,9.48
CELL_02369,45.7433,9.3862,341.0,Olgiate Molgora,Monticello,15.867,3.53,S_MONTICELLO_OLG,615.5,7.69,7.87
CELL_02370,45.7433,9.3875,341.1,Olgiate Molgora,Monticello,19.538,4.35,S_MONTICELLO_OLG,495.1,6.19,6.36
CELL_02371,45.7433,9.3888,344.0,Olgiate Molgora,Monticello,23.563,5.24,S_MONTICELLO_OLG,378.6,4.73,4.78
CELL_02372,45.7433,9.3901,341.0,Olgiate Molgora,Monticello,28.216,6.28,S_MONTICELLO_OLG,271.0,3.39,3.57
CELL_02373,45.7433,9.3914,341.8,Olgiate Molgora,Monticello,31.618,7.03,S_MONTICELLO_OLG,188.2,2.35,2.5
CELL_02374,45.7433,9.3927,341.8,Olgiate Molgora,Monticello,31.787,7.07,S_MONTICELLO_OLG,171.2,2.14,2.28
CELL_02375,45.7433,9.394,341.5,Olgiate Molgora,Monticello,28.016,6.23,S_MONTICELLO_OLG,234.6,2.93,3.09
CELL_02376,45.7433,9.3953,339.8,Olgiate Molgora,Monticello,23.239,5.17,S_MONTICELLO_OLG,335.7,4.2,4.43
CELL_02377,45.7433,9.3966,346.0,Olgiate Molgora,Monticello,19.236,4.28,S_MONTICELLO_OLG,449.7,5.62,5.58
CELL_02378,45.7433,9.3979,338.5,Olgiate Molgora,Monticello,15.552,3.46,S_MONTICELLO_OLG,568.9,7.11,7.4
CELL_02379,45.7433,9.3992,319.5,Olgiate Molgora,Mondonico,21.98,4.89,S_MONDONICO,694.6,8.68,8.7
CELL_02380,45.7433,9.4005,315.9,Olgiate Molgora,Mondonico,20.404,4.54,S_MONDONICO,739.9,9.25,9.43
CELL_02381,45.7433,9.4018,325.4,Olgiate Molgora,Mondonico,18.11,4.03,S_MONDONICO,802.7,10.03,9.8
CELL_02382,45.7433,9.4031,318.8,Olgiate Molgora,Mondonico,15.86,3.53,S_MONDONICO,879.2,10.99,11.04
CELL_02383,45.7433,9.4044,315.0,Olgiate Molgora,Mondonico,13.9,3.09,S_MONDONICO,966.3,12.08,12.3
CELL_02384,45.7433,9.4057,272.5,Olgiate Molgora,Porchera,11.467,2.55,S_MONDONICO,1061.2,13.27,15.52
CELL_02385,45.7433,9.407,273.3,Olgiate Molgora,Porchera,13.16,2.93,S_MONDONICO,1162.2,14.53,16.72
CELL_02386,45.7433,9.4083,273.4,Olgiate Molgora,Porchera,14.525,3.23,S_MONDONICO,1267.7,15.85,18.02
CELL_02387,45.7433,9.4096,274.4,Olgiate Molgora,Porchera,15.621,3.47,S_MONDONICO,1376.6,17.21,19.32
CELL_02388,45.7433,9.4109,279.0,Olgiate Molgora,Porchera,16.653,3.7,S_MONDONICO,1488.4,18.6,20.49
CELL_02389,45.7433,9.4122,266.7,Olgiate Molgora,Porchera,16.799,3.74,S_BEVERATE,1650.7,20.63,19.92
CELL_02390,45.7433,9.4135,274.7,Olgiate Molgora,Porchera,16.142,3.59,S_BEVERATE,1561.8,19.52,18.47
CELL_02391,45.7433,9.4148,269.6,Olgiate Molgora,Porchera,15.422,3.43,S_BEVERATE,1478.3,18.48,17.64
CELL_02392,45.7433,9.4161,273.9,Olgiate Molgora,Porchera,13.982,3.11,S_BEVERATE,1401.2,17.51,16.5
CELL_02393,45.7433,9.4174,268.3,Olgiate Molgora,Porchera,12.656,2.82,S_BEVERATE,1331.6,16.65,15.86
CELL_02394,45.7433,9.4187,266.4,Olgiate Molgora,Porchera,10.925,2.43,S_BEVERATE,1270.8,15.89,15.18
CELL_02395,45.7433,9.42,278.4,Olgiate Molgora,Porchera,9.492,2.11,S_BEVERATE,1220.1,15.25,14.06
CELL_02396,45.7433,9.4213,274.3,Olgiate Molgora,Porchera,7.931,1.76,S_BEVERATE,1180.8,14.76,13.73
CELL_02397,45.7433,9.4226,247.4,Brivio,Beverate,17.014,2.47,S_BEVERATE,1154.0,14.43,14.54
CELL_02398,45.7433,9.4239,257.5,Brivio,Beverate,17.456,2.53,S_BEVERATE,1140.7,14.26,13.93
CELL_02399,45.7433,9.4252,252.1,Brivio,Beverate,17.563,2.55,S_BEVERATE,1141.2,14.27,14.17
CELL_02400,45.7433,9.4265,258.1,Brivio,Beverate,17.032,2.47,S_BEVERATE,1155.6,14.45,14.1
CELL_02401,45.7433,9.4278,247.5,Brivio,Beverate,16.153,2.34,S_BEVERATE,1183.4,14.79,14.9
CELL_02402,45.7433,9.4291,253.4,Brivio,Beverate,15.174,2.2,S_BEVERATE,1223.7,15.3,15.15
CELL_02403,45.7433,9.4304,251.4,Brivio,Beverate,13.882,2.01,S_BRIVIO_CASTELLO,1344.9,16.81,15.02
CELL_02404,45.7433,9.4317,210.4,Brivio,Brivio Centro,25.735,3.73,S_BRIVIO_CASTELLO,1219.1,15.24,15.13
CELL_02405,45.7433,9.433,210.6,Brivio,Brivio Centro,32.341,4.69,S_BRIVIO_CASTELLO,1093.5,13.67,13.56
CELL_02406,45.7433,9.4343,203.7,Brivio,Brivio Centro,40.006,5.8,S_BRIVIO_CASTELLO,967.9,12.1,12.29
CELL_02407,45.7433,9.4356,209.2,Brivio,Brivio Centro,50.138,7.27,S_BRIVIO_CASTELLO,842.6,10.53,10.48
CELL_02408,45.7433,9.4369,200.7,Brivio,Brivio Centro,62.421,9.05,S_BRIVIO_CASTELLO,717.7,8.97,9.3
CELL_02409,45.7433,9.4382,213.6,Brivio,Brivio Centro,77.811,11.29,S_BRIVIO_CASTELLO,593.3,7.42,7.17
CELL_02410,45.7433,9.4395,205.4,Brivio,Brivio Centro,96.604,14.01,S_BRIVIO_CASTELLO,469.8,5.87,5.99
CELL_02411,45.7433,9.4408,208.6,Brivio,Brivio Centro,119.518,17.33,S_BRIVIO_CASTELLO,348.4,4.36,4.33
CELL_02412,45.7433,9.4421,210.3,Brivio,Brivio Centro,146.791,21.29,S_BRIVIO_CASTELLO,232.3,2.9,2.8
CELL_02413,45.7433,9.4434,212.3,Brivio,Brivio Centro,173.842,25.21,S_BRIVIO_CASTELLO,135.6,1.7,1.52
CELL_02414,45.7433,9.4447,209.0,Brivio,Brivio Centro,178.611,25.9,S_BRIVIO_PORTO,104.2,1.3,1.18
CELL_02415,45.7433,9.446,208.6,Brivio,Brivio Centro,153.364,22.24,S_BRIVIO_PORTO,84.8,1.06,0.95
CELL_02416,45.7433,9.4473,203.8,Brivio,Brivio Centro,125.279,18.17,S_BRIVIO_PORTO,188.1,2.35,2.45
CELL_02417,45.7433,9.4486,209.2,Brivio,Brivio Centro,101.39,14.71,S_BRIVIO_PORTO,309.0,3.86,3.72
CELL_02418,45.7433,9.4499,213.1,Brivio,Brivio Centro,81.535,11.83,S_BRIVIO_PORTO,433.0,5.41,5.11
CELL_02419,45.7433,9.4512,215.8,Brivio,Brivio Centro,65.704,9.53,S_BRIVIO_PONTE,480.7,6.01,5.72
CELL_02420,45.7433,9.4525,205.1,Brivio,Brivio Centro,52.83,7.66,S_BRIVIO_PONTE,559.7,7.0,7.17
CELL_02421,45.7433,9.4538,203.6,Brivio,Brivio Centro,42.256,6.13,S_BRIVIO_PONTE,653.7,8.17,8.41
CELL_02422,45.7433,9.4551,206.7,Brivio,Brivio Centro,34.091,4.94,S_BRIVIO_PONTE,757.1,9.46,9.57
CELL_02423,45.7433,9.4564,216.8,Brivio,Brivio Centro,27.29,3.96,S_BRIVIO_PONTE,866.6,10.83,10.5
CELL_02424,45.7433,9.4577,209.9,Brivio,Brivio Centro,21.998,3.19,S_BRIVIO_PONTE,980.2,12.25,12.21
CELL_02425,45.7433,9.459,207.9,Brivio,Brivio Centro,17.765,2.58,S_BRIVIO_PONTE,1096.5,13.71,13.75
CELL_02426,45.7442,9.355,371.9,La Valletta Brianza,Perego,30.297,6.62,S_VALLETTA_SP342,773.6,9.67,10.03
CELL_02427,45.7442,9.3563,373.2,La Valletta Brianza,Perego,37.679,8.23,S_VALLETTA_SP342,669.1,8.36,8.67
CELL_02428,45.7442,9.3576,375.8,La Valletta Brianza,Perego,46.817,10.23,S_VALLETTA_SP342,573.3,7.17,7.35
CELL_02429,45.7442,9.3589,374.0,La Valletta Brianza,Perego,58.11,12.7,S_VALLETTA_SP342,491.6,6.14,6.41
CELL_02430,45.7442,9.3602,375.6,La Valletta Brianza,Perego,71.891,15.71,S_PEREGO,412.6,5.16,5.09
CELL_02431,45.7442,9.3615,374.9,La Valletta Brianza,Perego,88.097,19.25,S_PEREGO,296.8,3.71,3.67
CELL_02432,45.7442,9.3628,370.2,La Valletta Brianza,Perego,105.266,23.0,S_PEREGO,194.4,2.43,2.6
CELL_02433,45.7442,9.3641,371.0,La Valletta Brianza,Perego,116.113,25.37,S_PEREGO,139.3,1.74,1.88
CELL_02434,45.7442,9.3654,377.5,La Valletta Brianza,Perego,107.937,23.58,S_PEREGO,181.3,2.27,2.12
CELL_02435,45.7442,9.3667,374.5,La Valletta Brianza,Perego,90.786,19.83,S_PEREGO,279.7,3.5,3.48
CELL_02436,45.7442,9.368,369.6,La Valletta Brianza,Perego,73.935,16.15,S_PEREGO,394.4,4.93,5.13
CELL_02437,45.7442,9.3693,368.3,Santa Maria Hoè,Santa Maria Hoè Centro,60.484,17.95,S_SMARIA_CENTRO,443.2,5.54,5.66
CELL_02438,45.7442,9.3706,371.7,Santa Maria Hoè,Santa Maria Hoè Centro,73.642,21.85,S_SMARIA_CENTRO,334.3,4.18,4.15
CELL_02439,45.7442,9.3719,364.5,Santa Maria Hoè,Santa Maria Hoè Centro,86.293,25.6,S_SMARIA_CENTRO,243.0,3.04,3.34
CELL_02440,45.7442,9.3732,376.5,Santa Maria Hoè,Santa Maria Hoè Centro,94.091,27.92,S_SMARIA_CENTRO,195.5,2.44,2.21
CELL_02441,45.7442,9.3745,370.2,Santa Maria Hoè,Santa Maria Hoè Centro,89.816,26.65,S_SMARIA_CENTRO,221.9,2.77,2.81
CELL_02442,45.7442,9.3758,372.1,Santa Maria Hoè,Santa Maria Hoè Centro,77.54,23.01,S_SMARIA_CENTRO,303.6,3.79,3.75
CELL_02443,45.7442,9.3771,371.4,Santa Maria Hoè,Santa Maria Hoè Centro,64.535,19.15,S_SMARIA_CENTRO,408.6,5.11,5.09
CELL_02444,45.7442,9.3784,369.1,Santa Maria Hoè,Santa Maria Hoè Centro,52.784,15.66,S_SMARIA_CENTRO,523.1,6.54,6.62
CELL_02445,45.7442,9.3797,372.4,Santa Maria Hoè,Santa Maria Hoè Centro,42.947,12.74,S_SMARIA_CENTRO,642.1,8.03,7.96
CELL_02446,45.7442,9.381,367.0,Santa Maria Hoè,Santa Maria Hoè Centro,34.508,10.24,S_SMARIA_CENTRO,763.3,9.54,9.72
CELL_02447,45.7442,9.3823,405.5,Santa Maria Hoè,Trebbia,8.282,2.46,S_SMARIA_CENTRO,886.0,11.08,9.66
CELL_02448,45.7442,9.3836,341.8,Olgiate Molgora,Monticello,9.882,2.2,S_MONTICELLO_OLG,893.9,11.17,11.32
CELL_02449,45.7442,9.3849,338.3,Olgiate Molgora,Monticello,11.78,2.62,S_MONTICELLO_OLG,775.7,9.7,9.99
CELL_02450,45.7442,9.3862,336.6,Olgiate Molgora,Monticello,14.34,3.19,S_MONTICELLO_OLG,660.4,8.25,8.63
CELL_02451,45.7442,9.3875,339.8,Olgiate Molgora,Monticello,17.462,3.88,S_MONTICELLO_OLG,550.0,6.87,7.11
CELL_02452,45.7442,9.3888,339.5,Olgiate Molgora,Monticello,20.861,4.64,S_MONTICELLO_OLG,448.0,5.6,5.85
CELL_02453,45.7442,9.3901,341.3,Olgiate Molgora,Monticello,23.887,5.31,S_MONTICELLO_OLG,361.6,4.52,4.69
CELL_02454,45.7442,9.3914,343.0,Olgiate Molgora,Monticello,25.637,5.7,S_MONTICELLO_OLG,304.6,3.81,3.9
CELL_02455,45.7442,9.3927,339.7,Olgiate Molgora,Monticello,25.523,5.68,S_MONTICELLO_OLG,294.3,3.68,3.92
CELL_02456,45.7442,9.394,339.6,Olgiate Molgora,Monticello,23.399,5.2,S_MONTICELLO_OLG,335.2,4.19,4.43
CELL_02457,45.7442,9.3953,338.6,Olgiate Molgora,Monticello,20.48,4.56,S_MONTICELLO_OLG,412.3,5.15,5.44
CELL_02458,45.7442,9.3966,340.9,Olgiate Molgora,Monticello,17.198,3.83,S_MONTICELLO_OLG,509.4,6.37,6.55
CELL_02459,45.7442,9.3979,341.4,Olgiate Molgora,Monticello,14.287,3.18,S_MONTICELLO_OLG,617.2,7.72,7.87
CELL_02460,45.7442,9.3992,340.0,Olgiate Molgora,Monticello,11.888,2.64,S_MONDONICO,815.3,10.19,9.35
CELL_02461,45.7442,9.4005,316.7,Olgiate Molgora,Mondonico,16.617,3.7,S_MONDONICO,854.3,10.68,10.82
CELL_02462,45.7442,9.4018,312.8,Olgiate Molgora,Mondonico,15.082,3.35,S_MONDONICO,909.2,11.37,11.68
CELL_02463,45.7442,9.4031,316.3,Olgiate Molgora,Mondonico,13.293,2.96,S_MONDONICO,977.5,12.22,12.38
CELL_02464,45.7442,9.4044,316.5,Olgiate Molgora,Mondonico,11.875,2.64,S_MONDONICO,1056.4,13.21,13.36
CELL_02465,45.7442,9.4057,270.5,Olgiate Molgora,Porchera,9.774,2.17,S_MONDONICO,1143.9,14.3,16.64
CELL_02466,45.7442,9.407,267.6,Olgiate Molgora,Porchera,10.821,2.41,S_MONDONICO,1238.2,15.48,17.95
CELL_02467,45.7442,9.4083,270.8,Olgiate Molgora,Porchera,11.798,2.62,S_MONDONICO,1337.7,16.72,19.02
CELL_02468,45.7442,9.4096,270.8,Olgiate Molgora,Porchera,12.61,2.8,S_MONDONICO,1441.4,18.02,20.3
CELL_02469,45.7442,9.4109,270.1,Olgiate Molgora,Porchera,13.187,2.93,S_MONDONICO,1548.4,19.36,21.67
CELL_02470,45.7442,9.4122,268.9,Olgiate Molgora,Porchera,13.635,3.03,S_BEVERATE,1739.4,21.74,20.93
CELL_02471,45.7442,9.4135,277.4,Olgiate Molgora,Porchera,13.086,2.91,S_BEVERATE,1655.2,20.69,19.53
CELL_02472,45.7442,9.4148,274.3,Olgiate Molgora,Porchera,12.592,2.8,S_BEVERATE,1576.6,19.71,18.67
CELL_02473,45.7442,9.4161,273.9,Olgiate Molgora,Porchera,11.605,2.58,S_BEVERATE,1504.6,18.81,17.79
CELL_02474,45.7442,9.4174,270.6,Olgiate Molgora,Porchera,10.659,2.37,S_BEVERATE,1440.1,18.0,17.12
CELL_02475,45.7442,9.4187,265.9,Olgiate Molgora,Porchera,9.232,2.05,S_BEVERATE,1384.0,17.3,16.62
CELL_02476,45.7442,9.42,272.8,Olgiate Molgora,Porchera,7.993,1.78,S_BEVERATE,1337.6,16.72,15.75
CELL_02477,45.7442,9.4213,275.5,Olgiate Molgora,Porchera,7.096,1.58,S_BEVERATE,1301.9,16.27,15.19
CELL_02478,45.7442,9.4226,253.5,Brivio,Beverate,13.869,2.01,S_BEVERATE,1277.6,15.97,15.82
CELL_02479,45.7442,9.4239,246.1,Brivio,Beverate,14.264,2.07,S_BEVERATE,1265.5,15.82,15.99
CELL_02480,45.7442,9.4252,251.6,Brivio,Beverate,14.156,2.05,S_BEVERATE,1266.0,15.83,15.76
CELL_02481,45.7442,9.4265,248.3,Brivio,Beverate,13.62,1.98,S_BEVERATE,1279.0,15.99,16.06
CELL_02482,45.7442,9.4278,254.6,Brivio,Beverate,13.247,1.92,S_BEVERATE,1304.2,16.3,16.1
CELL_02483,45.7442,9.4291,250.0,Brivio,Beverate,12.219,1.77,S_BRIVIO_CASTELLO,1466.7,18.33,16.58
CELL_02484,45.7442,9.4304,210.5,Brivio,Brivio Centro,20.971,3.04,S_BRIVIO_CASTELLO,1340.4,16.75,16.65
CELL_02485,45.7442,9.4317,207.3,Brivio,Brivio Centro,26.029,3.78,S_BRIVIO_CASTELLO,1214.1,15.18,15.21
CELL_02486,45.7442,9.433,209.1,Brivio,Brivio Centro,32.421,4.7,S_BRIVIO_CASTELLO,1087.9,13.6,13.55
CELL_02487,45.7442,9.4343,205.6,Brivio,Brivio Centro,40.782,5.91,S_BRIVIO_CASTELLO,961.6,12.02,12.13
CELL_02488,45.7442,9.4356,209.2,Brivio,Brivio Centro,50.698,7.35,S_BRIVIO_CASTELLO,835.4,10.44,10.39
CELL_02489,45.7442,9.4369,204.1,Brivio,Brivio Centro,63.218,9.17,S_BRIVIO_CASTELLO,709.1,8.86,9.04
CELL_02490,45.7442,9.4382,202.7,Brivio,Brivio Centro,78.888,11.44,S_BRIVIO_CASTELLO,582.9,7.29,7.52
CELL_02491,45.7442,9.4395,211.9,Brivio,Brivio Centro,98.804,14.33,S_BRIVIO_CASTELLO,456.7,5.71,5.54
CELL_02492,45.7442,9.4408,209.8,Brivio,Brivio Centro,123.31,17.88,S_BRIVIO_CASTELLO,330.5,4.13,4.05
CELL_02493,45.7442,9.4421,213.4,Brivio,Brivio Centro,154.095,22.35,S_BRIVIO_CASTELLO,204.4,2.56,2.33
CELL_02494,45.7442,9.4434,209.5,Brivio,Brivio Centro,192.304,27.89,S_BRIVIO_CASTELLO,78.9,0.99,0.92
CELL_02495,45.7442,9.4447,207.2,Brivio,Brivio Centro,201.978,29.29,S_BRIVIO_CASTELLO,50.5,0.63,0.67
CELL_02496,45.7442,9.446,203.7,Brivio,Brivio Centro,162.173,23.52,S_BRIVIO_CASTELLO,175.4,2.19,2.39
CELL_02497,45.7442,9.4473,205.6,Brivio,Brivio Centro,129.605,18.8,S_BRIVIO_PORTO,261.5,3.27,3.29
CELL_02498,45.7442,9.4486,216.3,Brivio,Brivio Centro,104.102,15.1,S_BRIVIO_PONTE,278.0,3.48,3.17
CELL_02499,45.7442,9.4499,211.4,Brivio,Brivio Centro,83.397,12.1,S_BRIVIO_PONTE,309.3,3.87,3.76
CELL_02500,45.7442,9.4512,203.8,Brivio,Brivio Centro,66.443,9.64,S_BRIVIO_PONTE,382.1,4.78,5.01
CELL_02501,45.7442,9.4525,209.2,Brivio,Brivio Centro,53.365,7.74,S_BRIVIO_PONTE,477.6,5.97,5.96
CELL_02502,45.7442,9.4538,205.6,Brivio,Brivio Centro,42.602,6.18,S_BRIVIO_PONTE,585.0,7.31,7.46
CELL_02503,45.7442,9.4551,213.1,Brivio,Brivio Centro,34.321,4.98,S_BRIVIO_PONTE,698.7,8.73,8.56
CELL_02504,45.7442,9.4564,203.4,Brivio,Brivio Centro,27.595,4.0,S_BRIVIO_PONTE,816.0,10.2,10.45
CELL_02505,45.7442,9.4577,214.9,Brivio,Brivio Centro,22.102,3.21,S_BRIVIO_PONTE,935.8,11.7,11.44
CELL_02506,45.7442,9.459,203.8,Brivio,Brivio Centro,17.822,2.58,S_BRIVIO_PONTE,1057.0,13.21,13.44
CELL_02507,45.7451,9.355,373.4,La Valletta Brianza,Perego,28.838,6.3,S_VALLETTA_SP342,716.5,8.96,9.25
CELL_02508,45.7451,9.3563,372.3,La Valletta Brianza,Perego,35.447,7.74,S_VALLETTA_SP342,602.1,7.53,7.87
CELL_02509,45.7451,9.3576,373.2,La Valletta Brianza,Perego,43.719,9.55,S_VALLETTA_SP342,493.6,6.17,6.47
CELL_02510,45.7451,9.3589,371.0,La Valletta Brianza,Perego,53.782,11.75,S_VALLETTA_SP342,395.6,4.95,5.36
CELL_02511,45.7451,9.3602,376.3,La Valletta Brianza,Perego,65.093,14.22,S_VALLETTA_SP342,318.4,3.98,4.14
CELL_02512,45.7451,9.3615,371.1,La Valletta Brianza,Perego,77.063,16.84,S_VALLETTA_SP342,279.4,3.49,3.9
CELL_02513,45.7451,9.3628,375.3,La Valletta Brianza,Perego,87.894,19.2,S_PEREGO,296.9,3.71,3.66
CELL_02514,45.7451,9.3641,369.3,La Valletta Brianza,Perego,93.311,20.39,S_PEREGO,264.1,3.3,3.51
CELL_02515,45.7451,9.3654,370.7,La Valletta Brianza,Perego,89.582,19.57,S_PEREGO,288.5,3.61,3.75
CELL_02516,45.7451,9.3667,369.7,La Valletta Brianza,Perego,78.986,17.26,S_PEREGO,358.7,4.48,4.68
CELL_02517,45.7451,9.368,371.0,La Valletta Brianza,Perego,66.657,14.56,S_PEREGO,453.7,5.67,5.8
CELL_02518,45.7451,9.3693,367.4,Santa Maria Hoè,Santa Maria Hoè Centro,65.123,19.32,S_SMARIA_CENTRO,404.2,5.05,5.21
CELL_02519,45.7451,9.3706,372.2,Santa Maria Hoè,Santa Maria Hoè Centro,80.838,23.98,S_SMARIA_CENTRO,280.7,3.51,3.46
CELL_02520,45.7451,9.3719,370.7,Santa Maria Hoè,Santa Maria Hoè Centro,99.565,29.54,S_SMARIA_CENTRO,161.4,2.02,2.03
CELL_02521,45.7451,9.3732,369.7,Santa Maria Hoè,Santa Maria Hoè Centro,116.633,34.6,S_SMARIA_CENTRO,72.1,0.9,0.96
CELL_02522,45.7451,9.3745,372.7,Santa Maria Hoè,Santa Maria Hoè Centro,105.567,31.32,S_SMARIA_CENTRO,127.4,1.59,1.52
CELL_02523,45.7451,9.3758,366.5,Santa Maria Hoè,Santa Maria Hoè Centro,86.058,25.53,S_SMARIA_CENTRO,243.2,3.04,3.24
CELL_02524,45.7451,9.3771,368.4,Santa Maria Hoè,Santa Maria Hoè Centro,69.338,20.57,S_SMARIA_CENTRO,366.0,4.58,4.69
CELL_02525,45.7451,9.3784,371.3,Santa Maria Hoè,Santa Maria Hoè Centro,55.828,16.56,S_SMARIA_CENTRO,490.6,6.13,6.12
CELL_02526,45.7451,9.3797,374.2,Santa Maria Hoè,Santa Maria Hoè Centro,44.633,13.24,S_SMARIA_CENTRO,615.8,7.7,7.56
CELL_02527,45.7451,9.381,412.4,Santa Maria Hoè,Trebbia,11.262,3.34,S_SMARIA_CENTRO,741.4,9.27,7.94
CELL_02528,45.7451,9.3823,406.7,Santa Maria Hoè,Trebbia,9.714,2.88,S_SMARIA_CENTRO,867.2,10.84,9.39
CELL_02529,45.7451,9.3836,412.0,Santa Maria Hoè,Trebbia,8.307,2.46,S_SMARIA_TREB,850.3,10.63,10.54
CELL_02530,45.7451,9.3849,341.7,Olgiate Molgora,Monticello,10.846,2.41,S_MONTICELLO_OLG,830.8,10.39,10.53
CELL_02531,45.7451,9.3862,340.3,Olgiate Molgora,Monticello,12.789,2.84,S_MONTICELLO_OLG,724.4,9.05,9.26
CELL_02532,45.7451,9.3875,340.3,Olgiate Molgora,Monticello,15.293,3.4,S_MONTICELLO_OLG,625.3,7.82,8.03
CELL_02533,45.7451,9.3888,337.3,Olgiate Molgora,Monticello,17.727,3.94,S_MONTICELLO_OLG,537.8,6.72,7.07
CELL_02534,45.7451,9.3901,337.9,Olgiate Molgora,Monticello,19.584,4.36,S_MONTICELLO_OLG,468.4,5.85,6.17
CELL_02535,45.7451,9.3914,343.5,Olgiate Molgora,Monticello,20.631,4.59,S_MONTICELLO_OLG,425.8,5.32,5.39
CELL_02536,45.7451,9.3927,338.0,Olgiate Molgora,Monticello,20.941,4.66,S_MONTICELLO_OLG,418.6,5.23,5.55
CELL_02537,45.7451,9.394,340.8,Olgiate Molgora,Monticello,19.452,4.33,S_MONTICELLO_OLG,448.3,5.6,5.79
CELL_02538,45.7451,9.3953,340.8,Olgiate Molgora,Monticello,17.409,3.87,S_MONTICELLO_OLG,508.5,6.36,6.54
CELL_02539,45.7451,9.3966,343.7,Olgiate Molgora,Monticello,15.095,3.36,S_MONTICELLO_OLG,590.0,7.38,7.43
CELL_02540,45.7451,9.3979,343.5,Olgiate Molgora,Monticello,12.644,2.81,S_MONTICELLO_OLG,685.2,8.57,8.63
CELL_02541,45.7451,9.3992,338.9,Olgiate Molgora,Monticello,10.632,2.36,S_MONTICELLO_OLG,789.2,9.86,10.14
CELL_02542,45.7451,9.4005,340.5,Olgiate Molgora,Monticello,8.853,1.97,S_MONDONICO,971.3,12.14,11.28
CELL_02543,45.7451,9.4018,315.3,Olgiate Molgora,Mondonico,12.351,2.75,S_MONDONICO,1020.0,12.75,12.96
CELL_02544,45.7451,9.4031,318.4,Olgiate Molgora,Mondonico,11.122,2.47,S_MONDONICO,1081.2,13.52,13.59
CELL_02545,45.7451,9.4044,318.7,Olgiate Molgora,Mondonico,9.916,2.21,S_MONDONICO,1153.1,14.41,14.47
CELL_02546,45.7451,9.4057,271.2,Olgiate Molgora,Porchera,8.051,1.79,S_MONDONICO,1233.8,15.42,17.71
CELL_02547,45.7451,9.407,271.1,Olgiate Molgora,Porchera,9.083,2.02,S_MONDONICO,1321.6,16.52,18.8
CELL_02548,45.7451,9.4083,269.0,Olgiate Molgora,Porchera,9.957,2.21,S_MONDONICO,1415.3,17.69,20.07
CELL_02549,45.7451,9.4096,270.3,Olgiate Molgora,Porchera,10.365,2.31,S_MONDONICO,1513.7,18.92,21.22
CELL_02550,45.7451,9.4109,274.8,Olgiate Molgora,Porchera,10.633,2.37,S_MONDONICO,1615.9,20.2,22.28
CELL_02551,45.7451,9.4122,272.1,Olgiate Molgora,Porchera,11.002,2.45,S_BEVERATE,1832.2,22.9,21.96
CELL_02552,45.7451,9.4135,269.0,Olgiate Molgora,Porchera,10.622,2.36,S_BEVERATE,1752.5,21.91,21.09
CELL_02553,45.7451,9.4148,269.5,Olgiate Molgora,Porchera,10.111,2.25,S_BEVERATE,1678.6,20.98,20.15
CELL_02554,45.7451,9.4161,272.4,Olgiate Molgora,Porchera,9.551,2.12,S_BEVERATE,1611.1,20.14,19.18
CELL_02555,45.7451,9.4174,269.6,Olgiate Molgora,Porchera,8.884,1.98,S_BEVERATE,1551.0,19.39,18.55
CELL_02556,45.7451,9.4187,270.2,Olgiate Molgora,Porchera,7.745,1.72,S_BEVERATE,1499.1,18.74,17.88
CELL_02557,45.7451,9.42,278.3,Olgiate Molgora,Porchera,6.699,1.49,S_BEVERATE,1456.4,18.2,17.01
CELL_02558,45.7451,9.4213,265.4,Olgiate Molgora,Porchera,5.811,1.29,S_BEVERATE,1423.6,17.79,17.13
CELL_02559,45.7451,9.4226,253.0,Brivio,Beverate,11.073,1.61,S_BEVERATE,1401.4,17.52,17.39
CELL_02560,45.7451,9.4239,250.9,Brivio,Beverate,11.385,1.65,S_BEVERATE,1390.5,17.38,17.34
CELL_02561,45.7451,9.4252,258.1,Brivio,Beverate,11.53,1.67,S_BEVERATE,1390.9,17.39,17.04
CELL_02562,45.7451,9.4265,254.2,Brivio,Beverate,11.176,1.62,S_BEVERATE,1402.8,17.53,17.35
CELL_02563,45.7451,9.4278,256.4,Brivio,Beverate,10.749,1.56,S_BEVERATE,1425.7,17.82,17.54
CELL_02564,45.7451,9.4291,254.3,Brivio,Beverate,10.158,1.47,S_BRIVIO_CASTELLO,1473.2,18.41,16.5
CELL_02565,45.7451,9.4304,206.4,Brivio,Brivio Centro,20.578,2.98,S_BRIVIO_CASTELLO,1347.5,16.84,16.91
CELL_02566,45.7451,9.4317,215.1,Brivio,Brivio Centro,25.792,3.74,S_BRIVIO_CASTELLO,1222.0,15.27,14.97
CELL_02567,45.7451,9.433,211.0,Brivio,Brivio Centro,31.937,4.63,S_BRIVIO_CASTELLO,1096.6,13.71,13.58
CELL_02568,45.7451,9.4343,209.8,Brivio,Brivio Centro,39.994,5.8,S_BRIVIO_CASTELLO,971.5,12.14,12.07
CELL_02569,45.7451,9.4356,203.5,Brivio,Brivio Centro,49.566,7.19,S_BRIVIO_CASTELLO,846.7,10.58,10.78
CELL_02570,45.7451,9.4369,213.0,Brivio,Brivio Centro,61.905,8.98,S_BRIVIO_CASTELLO,722.5,9.03,8.82
CELL_02571,45.7451,9.4382,207.3,Brivio,Brivio Centro,76.931,11.16,S_BRIVIO_CASTELLO,599.1,7.49,7.52
CELL_02572,45.7451,9.4395,210.9,Brivio,Brivio Centro,95.211,13.81,S_BRIVIO_CASTELLO,477.2,5.96,5.84
CELL_02573,45.7451,9.4408,209.2,Brivio,Brivio Centro,117.295,17.01,S_BRIVIO_CASTELLO,358.3,4.48,4.43
CELL_02574,45.7451,9.4421,207.5,Brivio,Brivio Centro,142.856,20.72,S_BRIVIO_CASTELLO,246.8,3.08,3.11
CELL_02575,45.7451,9.4434,206.4,Brivio,Brivio Centro,166.983,24.22,S_BRIVIO_CASTELLO,159.2,1.99,2.06
CELL_02576,45.7451,9.4447,206.3,Brivio,Brivio Centro,170.429,24.72,S_BRIVIO_CASTELLO,147.2,1.84,1.92
CELL_02577,45.7451,9.446,204.9,Brivio,Brivio Centro,148.887,21.59,S_BRIVIO_CASTELLO,223.3,2.79,2.93
CELL_02578,45.7451,9.4473,206.2,Brivio,Brivio Centro,123.323,17.89,S_BRIVIO_PONTE,192.2,2.4,2.53
CELL_02579,45.7451,9.4486,205.3,Brivio,Brivio Centro,99.948,14.5,S_BRIVIO_PONTE,153.1,1.91,2.08
CELL_02580,45.7451,9.4499,208.8,Brivio,Brivio Centro,80.845,11.73,S_BRIVIO_PONTE,204.6,2.56,2.57
CELL_02581,45.7451,9.4512,203.9,Brivio,Brivio Centro,64.975,9.42,S_BRIVIO_PONTE,303.5,3.79,4.02
CELL_02582,45.7451,9.4525,208.1,Brivio,Brivio Centro,52.399,7.6,S_BRIVIO_PONTE,417.5,5.22,5.26
CELL_02583,45.7451,9.4538,205.1,Brivio,Brivio Centro,41.848,6.07,S_BRIVIO_PONTE,537.0,6.71,6.88
CELL_02584,45.7451,9.4551,210.8,Brivio,Brivio Centro,33.615,4.88,S_BRIVIO_PONTE,659.0,8.24,8.16
CELL_02585,45.7451,9.4564,211.1,Brivio,Brivio Centro,27.144,3.94,S_BRIVIO_PONTE,782.4,9.78,9.69
CELL_02586,45.7451,9.4577,213.6,Brivio,Brivio Centro,21.884,3.17,S_BRIVIO_PONTE,906.5,11.33,11.13
CELL_02587,45.7451,9.459,211.0,Brivio,Brivio Centro,17.351,2.52,S_BRIVIO_PONTE,1031.2,12.89,12.8
CELL_02588,45.746,9.355,378.3,La Valletta Brianza,Perego,26.963,5.89,S_VALLETTA_SP342,677.9,8.47,8.55
CELL_02589,45.746,9.3563,370.3,La Valletta Brianza,Perego,32.737,7.15,S_VALLETTA_SP342,555.6,6.95,7.38
CELL_02590,45.746,9.3576,374.4,La Valletta Brianza,Perego,39.615,8.65,S_VALLETTA_SP342,435.6,5.45,5.7
CELL_02591,45.746,9.3589,373.2,La Valletta Brianza,Perego,47.747,10.43,S_VALLETTA_SP342,320.4,4.01,4.31
CELL_02592,45.746,9.3602,380.8,La Valletta Brianza,Perego,56.462,12.34,S_VALLETTA_SP342,217.9,2.72,2.69
CELL_02593,45.746,9.3615,376.7,La Valletta Brianza,Perego,65.086,14.22,S_VALLETTA_SP342,155.6,1.94,2.09
CELL_02594,45.746,9.3628,379.5,La Valletta Brianza,Perego,71.83,15.69,S_VALLETTA_SP342,181.1,2.26,2.29
CELL_02595,45.746,9.3641,375.4,La Valletta Brianza,Perego,74.974,16.38,S_VALLETTA_SP342,270.7,3.38,3.59
CELL_02596,45.746,9.3654,380.5,La Valletta Brianza,Perego,72.926,15.93,S_VALLETTA_SP342,381.6,4.77,4.75
CELL_02597,45.746,9.3667,381.1,La Valletta Brianza,Perego,66.247,14.47,S_PEREGO,458.6,5.73,5.43
CELL_02598,45.746,9.368,376.4,Santa Maria Hoè,Santa Maria Hoè Centro,52.234,15.5,S_SMARIA_CENTRO,527.4,6.59,6.36
CELL_02599,45.746,9.3693,369.1,Santa Maria Hoè,Santa Maria Hoè Centro,65.354,19.39,S_SMARIA_CENTRO,402.1,5.03,5.11
CELL_02600,45.746,9.3706,366.7,Santa Maria Hoè,Santa Maria Hoè Centro,81.297,24.12,S_SMARIA_CENTRO,277.6,3.47,3.66
CELL_02601,45.746,9.3719,368.1,Santa Maria Hoè,Santa Maria Hoè Centro,100.644,29.86,S_SMARIA_CENTRO,155.9,1.95,2.08
CELL_02602,45.746,9.3732,364.8,Santa Maria Hoè,Santa Maria Hoè Centro,119.393,35.42,S_SMARIA_CENTRO,58.9,0.74,1.06
CELL_02603,45.746,9.3745,367.9,Santa Maria Hoè,Santa Maria Hoè Centro,106.983,31.74,S_SMARIA_CENTRO,120.4,1.51,1.65
CELL_02604,45.746,9.3758,370.2,Santa Maria Hoè,Santa Maria Hoè Centro,86.652,25.71,S_SMARIA_CENTRO,239.6,3.0,3.03
CELL_02605,45.746,9.3771,371.2,Santa Maria Hoè,Santa Maria Hoè Centro,69.69,20.68,S_SMARIA_CENTRO,363.6,4.55,4.54
CELL_02606,45.746,9.3784,408.1,Santa Maria Hoè,Trebbia,16.598,4.92,S_SMARIA_CENTRO,488.8,6.11,5.62
CELL_02607,45.746,9.3797,412.9,Santa Maria Hoè,Trebbia,15.118,4.49,S_SMARIA_TREB,511.3,6.39,6.27
CELL_02608,45.746,9.381,409.2,Santa Maria Hoè,Trebbia,13.476,4.0,S_SMARIA_TREB,584.0,7.3,7.34
CELL_02609,45.746,9.3823,412.9,Santa Maria Hoè,Trebbia,11.655,3.46,S_SMARIA_TREB,672.8,8.41,8.28
CELL_02610,45.746,9.3836,412.1,Santa Maria Hoè,Trebbia,9.817,2.91,S_SMARIA_TREB,772.1,9.65,9.56
CELL_02611,45.746,9.3849,409.3,Santa Maria Hoè,Trebbia,8.057,2.39,S_MONTICELLO_OLG,900.1,11.25,10.18
CELL_02612,45.746,9.3862,348.9,Olgiate Molgora,Monticello,11.073,2.46,S_MONTICELLO_OLG,802.8,10.04,9.87
CELL_02613,45.746,9.3875,342.6,Olgiate Molgora,Monticello,12.937,2.88,S_MONTICELLO_OLG,714.8,8.93,9.04
CELL_02614,45.746,9.3888,346.4,Olgiate Molgora,Monticello,14.791,3.29,S_MONTICELLO_OLG,639.6,8.0,7.93
CELL_02615,45.746,9.3901,345.6,Olgiate Molgora,Monticello,16.079,3.58,S_MONTICELLO_OLG,582.4,7.28,7.25
CELL_02616,45.746,9.3914,336.2,Olgiate Molgora,Monticello,16.859,3.75,S_MONTICELLO_OLG,548.8,6.86,7.26
CELL_02617,45.746,9.3927,340.5,Olgiate Molgora,Monticello,16.722,3.72,S_MONTICELLO_OLG,543.2,6.79,6.99
CELL_02618,45.746,9.394,343.9,Olgiate Molgora,Monticello,15.922,3.54,S_MONTICELLO_OLG,566.4,7.08,7.13
CELL_02619,45.746,9.3953,338.9,Olgiate Molgora,Monticello,14.593,3.25,S_MONTICELLO_OLG,615.2,7.69,7.96
CELL_02620,45.746,9.3966,342.9,Olgiate Molgora,Monticello,12.992,2.89,S_MONTICELLO_OLG,684.1,8.55,8.64
CELL_02621,45.746,9.3979,339.8,Olgiate Molgora,Monticello,10.941,2.43,S_MONTICELLO_OLG,767.7,9.6,9.83
CELL_02622,45.746,9.3992,337.9,Olgiate Molgora,Monticello,9.599,2.14,S_MONTICELLO_OLG,861.8,10.77,11.09
CELL_02623,45.746,9.4005,341.6,Olgiate Molgora,Monticello,8.066,1.79,S_MONTICELLO_OLG,963.2,12.04,12.19
CELL_02624,45.746,9.4018,342.9,Olgiate Molgora,Monticello,6.773,1.51,S_MONDONICO,1133.7,14.17,13.2
CELL_02625,45.746,9.4031,317.8,Olgiate Molgora,Mondonico,9.475,2.11,S_MONDONICO,1189.1,14.86,14.96
CELL_02626,45.746,9.4044,315.5,Olgiate Molgora,Mondonico,8.526,1.9,S_MONDONICO,1254.8,15.69,15.88
CELL_02627,45.746,9.4057,266.9,Olgiate Molgora,Porchera,6.596,1.47,S_MONDONICO,1329.3,16.62,19.11
CELL_02628,45.746,9.407,273.3,Olgiate Molgora,Porchera,7.497,1.67,S_MONDONICO,1411.2,17.64,19.81
CELL_02629,45.746,9.4083,273.9,Olgiate Molgora,Porchera,7.917,1.76,S_MONDONICO,1499.3,18.74,20.87
CELL_02630,45.746,9.4096,273.4,Olgiate Molgora,Porchera,8.355,1.86,S_MONDONICO,1592.5,19.91,22.05
CELL_02631,45.746,9.4109,274.3,Olgiate Molgora,Porchera,8.669,1.93,S_MONDONICO,1690.0,21.13,23.22
CELL_02632,45.746,9.4122,266.4,Olgiate Molgora,Porchera,8.987,2.0,S_BEVERATE,1928.8,24.11,23.4
CELL_02633,45.746,9.4135,273.9,Olgiate Molgora,Porchera,8.673,1.93,S_BEVERATE,1853.2,23.17,22.14
CELL_02634,45.746,9.4148,276.0,Olgiate Molgora,Porchera,8.129,1.81,S_BEVERATE,1783.4,22.29,21.18
CELL_02635,45.746,9.4161,273.6,Olgiate Molgora,Porchera,7.71,1.71,S_BEVERATE,1720.1,21.5,20.49
CELL_02636,45.746,9.4174,274.4,Olgiate Molgora,Porchera,7.137,1.59,S_BEVERATE,1663.9,20.8,19.76
CELL_02637,45.746,9.4187,274.6,Olgiate Molgora,Porchera,6.338,1.41,S_BEVERATE,1615.7,20.2,19.15
CELL_02638,45.746,9.42,271.6,Olgiate Molgora,Porchera,5.689,1.27,S_BEVERATE,1576.1,19.7,18.78
CELL_02639,45.746,9.4213,270.0,Olgiate Molgora,Porchera,5.273,1.17,S_BEVERATE,1545.8,19.32,18.47
CELL_02640,45.746,9.4226,276.7,Olgiate Molgora,Porchera,4.551,1.01,S_BEVERATE,1525.5,19.07,17.94
CELL_02641,45.746,9.4239,251.0,Brivio,Beverate,9.234,1.34,S_BEVERATE,1515.4,18.94,18.9
CELL_02642,45.746,9.4252,253.6,Brivio,Beverate,9.043,1.31,S_BEVERATE,1515.8,18.95,18.79
CELL_02643,45.746,9.4265,250.1,Brivio,Beverate,9.009,1.31,S_BEVERATE,1526.7,19.08,19.08
CELL_02644,45.746,9.4278,253.2,Brivio,Beverate,8.632,1.25,S_BRIVIO_CASTELLO,1614.6,20.18,18.3
CELL_02645,45.746,9.4291,210.5,Brivio,Brivio Centro,16.076,2.33,S_BRIVIO_CASTELLO,1490.2,18.63,18.52
CELL_02646,45.746,9.4304,206.8,Brivio,Brivio Centro,20.092,2.91,S_BRIVIO_CASTELLO,1366.1,17.08,17.13
CELL_02647,45.746,9.4317,208.4,Brivio,Brivio Centro,25.018,3.63,S_BRIVIO_CASTELLO,1242.4,15.53,15.51
CELL_02648,45.746,9.433,206.2,Brivio,Brivio Centro,30.841,4.47,S_BRIVIO_CASTELLO,1119.4,13.99,14.07
CELL_02649,45.746,9.4343,212.3,Brivio,Brivio Centro,38.088,5.52,S_BRIVIO_CASTELLO,997.1,12.46,12.28
CELL_02650,45.746,9.4356,210.6,Brivio,Brivio Centro,47.213,6.85,S_BRIVIO_CASTELLO,876.0,10.95,10.84
CELL_02651,45.746,9.4369,201.0,Brivio,Brivio Centro,58.106,8.43,S_BRIVIO_CASTELLO,756.6,9.46,9.77
CELL_02652,45.746,9.4382,212.1,Brivio,Brivio Centro,71.71,10.4,S_BRIVIO_CASTELLO,639.7,8.0,7.82
CELL_02653,45.746,9.4395,214.2,Brivio,Brivio Centro,87.351,12.67,S_BRIVIO_CASTELLO,527.3,6.59,6.33
CELL_02654,45.746,9.4408,209.4,Brivio,Brivio Centro,104.817,15.2,S_BRIVIO_CASTELLO,422.8,5.28,5.22
CELL_02655,45.746,9.4421,212.7,Brivio,Brivio Centro,122.897,17.82,S_BRIVIO_CASTELLO,333.6,4.17,3.97
CELL_02656,45.746,9.4434,211.6,Brivio,Brivio Centro,136.157,19.75,S_BRIVIO_CASTELLO,275.2,3.44,3.29
CELL_02657,45.746,9.4447,207.6,Brivio,Brivio Centro,137.728,19.98,S_BRIVIO_CASTELLO,268.4,3.35,3.37
CELL_02658,45.746,9.446,211.3,Brivio,Brivio Centro,126.616,18.36,S_BRIVIO_PONTE,244.4,3.05,2.96
CELL_02659,45.746,9.4473,209.1,Brivio,Brivio Centro,109.285,15.85,S_BRIVIO_PONTE,119.8,1.5,1.49
CELL_02660,45.746,9.4486,210.3,Brivio,Brivio Centro,91.117,13.22,S_BRIVIO_PONTE,29.4,0.37,0.32
CELL_02661,45.746,9.4499,213.7,Brivio,Brivio Centro,75.089,10.89,S_BRIVIO_PONTE,138.8,1.73,1.54
CELL_02662,45.746,9.4512,205.8,Brivio,Brivio Centro,61.058,8.86,S_BRIVIO_PONTE,263.7,3.3,3.44
CELL_02663,45.746,9.4525,212.1,Brivio,Brivio Centro,49.646,7.2,S_BRIVIO_PONTE,389.5,4.87,4.73
CELL_02664,45.746,9.4538,207.8,Brivio,Brivio Centro,40.082,5.81,S_BRIVIO_PONTE,515.5,6.44,6.5
CELL_02665,45.746,9.4551,207.2,Brivio,Brivio Centro,32.236,4.68,S_BRIVIO_PONTE,641.6,8.02,8.1
CELL_02666,45.746,9.4564,209.7,Brivio,Brivio Centro,26.041,3.78,S_BRIVIO_PONTE,767.8,9.6,9.57
CELL_02667,45.746,9.4577,209.8,Brivio,Brivio Centro,21.201,3.07,S_BRIVIO_PONTE,894.0,11.17,11.14
CELL_02668,45.746,9.459,206.0,Brivio,Brivio Centro,16.987,2.46,S_BRIVIO_PONTE,1020.2,12.75,12.88
CELL_02669,45.7469,9.355,376.7,La Valletta Brianza,Perego,24.251,5.3,S_VALLETTA_SP342,661.0,8.26,8.41
CELL_02670,45.7469,9.3563,380.0,La Valletta Brianza,Perego,29.376,6.42,S_VALLETTA_SP342,534.9,6.69,6.69
CELL_02671,45.7469,9.3576,371.9,La Valletta Brianza,Perego,35.216,7.69,S_VALLETTA_SP342,408.9,5.11,5.48
CELL_02672,45.7469,9.3589,373.2,La Valletta Brianza,Perego,41.404,9.05,S_VALLETTA_SP342,283.0,3.54,3.85
CELL_02673,45.7469,9.3602,376.6,La Valletta Brianza,Perego,47.918,10.47,S_VALLETTA_SP342,157.9,1.97,2.13
CELL_02674,45.7469,9.3615,374.6,La Valletta Brianza,Perego,54.085,11.82,S_VALLETTA_SP342,40.3,0.5,0.8
CELL_02675,45.7469,9.3628,375.7,La Valletta Brianza,Perego,58.513,12.78,S_VALLETTA_SP342,101.0,1.26,1.47
CELL_02676,45.7469,9.3641,371.9,La Valletta Brianza,Perego,60.368,13.19,S_VALLETTA_SP342,225.1,2.81,3.19
CELL_02677,45.7469,9.3654,376.2,La Valletta Brianza,Perego,58.955,12.88,S_VALLETTA_SP342,350.8,4.38,4.55
CELL_02678,45.7469,9.3667,370.9,La Valletta Brianza,Perego,54.82,11.98,S_VALLETTA_SP342,476.7,5.96,6.37
CELL_02679,45.7469,9.368,372.9,Santa Maria Hoè,Santa Maria Hoè Centro,49.918,14.81,S_SMARIA_CENTRO,554.7,6.93,6.85
CELL_02680,45.7469,9.3693,373.8,Santa Maria Hoè,Santa Maria Hoè Centro,61.331,18.2,S_SMARIA_CENTRO,437.3,5.47,5.34
CELL_02681,45.7469,9.3706,369.7,Santa Maria Hoè,Santa Maria Hoè Centro,74.696,22.16,S_SMARIA_CENTRO,326.5,4.08,4.14
CELL_02682,45.7469,9.3719,373.5,Santa Maria Hoè,Santa Maria Hoè Centro,87.994,26.11,S_SMARIA_CENTRO,232.0,2.9,2.79
CELL_02683,45.7469,9.3732,375.7,Santa Maria Hoè,Santa Maria Hoè Centro,96.242,28.55,S_SMARIA_CENTRO,181.6,2.27,2.07
CELL_02684,45.7469,9.3745,377.0,Santa Maria Hoè,Santa Maria Hoè Centro,91.635,27.19,S_SMARIA_CENTRO,209.8,2.62,2.37
CELL_02685,45.7469,9.3758,375.4,Santa Maria Hoè,Santa Maria Hoè Centro,78.975,23.43,S_SMARIA_CENTRO,294.9,3.69,3.5
CELL_02686,45.7469,9.3771,408.1,Santa Maria Hoè,Trebbia,21.397,6.35,S_SMARIA_TREB,319.5,3.99,4.08
CELL_02687,45.7469,9.3784,405.3,Santa Maria Hoè,Trebbia,20.404,6.05,S_SMARIA_TREB,343.6,4.29,4.51
CELL_02688,45.7469,9.3797,409.7,Santa Maria Hoè,Trebbia,18.325,5.44,S_SMARIA_TREB,407.3,5.09,5.1
CELL_02689,45.7469,9.381,407.7,Santa Maria Hoè,Trebbia,15.534,4.61,S_SMARIA_TREB,495.6,6.19,6.3
CELL_02690,45.7469,9.3823,412.9,Santa Maria Hoè,Trebbia,12.985,3.85,S_SMARIA_TREB,597.6,7.47,7.34
CELL_02691,45.7469,9.3836,410.1,Santa Maria Hoè,Trebbia,11.032,3.27,S_SMARIA_TREB,707.6,8.84,8.84
CELL_02692,45.7469,9.3849,411.9,Santa Maria Hoè,Trebbia,9.072,2.69,S_SMARIA_TREB,822.2,10.28,10.19
CELL_02693,45.7469,9.3862,340.5,Olgiate Molgora,Monticello,9.536,2.12,S_MONTICELLO_OLG,892.0,11.15,11.35
CELL_02694,45.7469,9.3875,341.0,Olgiate Molgora,Monticello,10.94,2.43,S_MONTICELLO_OLG,813.6,10.17,10.35
CELL_02695,45.7469,9.3888,342.0,Olgiate Molgora,Monticello,12.14,2.7,S_MONTICELLO_OLG,748.5,9.36,9.49
CELL_02696,45.7469,9.3901,338.3,Olgiate Molgora,Monticello,13.205,2.94,S_MONTICELLO_OLG,700.2,8.75,9.05
CELL_02697,45.7469,9.3914,343.8,Olgiate Molgora,Monticello,13.598,3.02,S_MONTICELLO_OLG,672.5,8.41,8.46
CELL_02698,45.7469,9.3927,346.1,Olgiate Molgora,Monticello,13.595,3.02,S_MONTICELLO_OLG,668.0,8.35,8.3
CELL_02699,45.7469,9.394,350.2,Olgiate Molgora,Monticello,13.01,2.89,S_MONTICELLO_OLG,687.0,8.59,8.36
CELL_02700,45.7469,9.3953,339.6,Olgiate Molgora,Monticello,11.972,2.66,S_MONTICELLO_OLG,727.7,9.1,9.34
CELL_02701,45.7469,9.3966,341.0,Olgiate Molgora,Monticello,10.859,2.42,S_MONTICELLO_OLG,786.8,9.84,10.01
CELL_02702,45.7469,9.3979,338.7,Olgiate Molgora,Monticello,9.65,2.15,S_MONTICELLO_OLG,860.5,10.76,11.04
CELL_02703,45.7469,9.3992,342.4,Olgiate Molgora,Monticello,8.117,1.81,S_MONTICELLO_OLG,945.4,11.82,11.93
CELL_02704,45.7469,9.4005,335.5,Olgiate Molgora,Monticello,6.979,1.55,S_MONTICELLO_OLG,1038.7,12.98,13.41
CELL_02705,45.7469,9.4018,342.3,Olgiate Molgora,Monticello,5.77,1.28,S_MONTICELLO_OLG,1138.4,14.23,14.35
CELL_02706,45.7469,9.4031,340.1,Olgiate Molgora,Monticello,5.008,1.11,S_MONDONICO,1300.1,16.25,15.39
CELL_02707,45.7469,9.4044,318.7,Olgiate Molgora,Mondonico,6.876,1.53,S_MONDONICO,1360.4,17.01,17.06
CELL_02708,45.7469,9.4057,270.6,Olgiate Molgora,Porchera,5.553,1.24,S_MONDONICO,1429.5,17.87,20.17
CELL_02709,45.7469,9.407,276.8,Olgiate Molgora,Porchera,5.905,1.31,S_MONDONICO,1505.9,18.82,20.81
CELL_02710,45.7469,9.4083,277.1,Olgiate Molgora,Porchera,6.377,1.42,S_MONDONICO,1588.7,19.86,21.83
CELL_02711,45.7469,9.4096,266.8,Olgiate Molgora,Porchera,6.964,1.55,S_MONDONICO,1677.0,20.96,23.42
CELL_02712,45.7469,9.4109,269.7,Olgiate Molgora,Porchera,6.877,1.53,S_MONDONICO,1769.8,22.12,24.44
CELL_02713,45.7469,9.4122,275.1,Olgiate Molgora,Porchera,7.035,1.56,S_BEVERATE,2028.4,25.36,24.28
CELL_02714,45.7469,9.4135,268.9,Olgiate Molgora,Porchera,7.193,1.6,S_BEVERATE,1956.7,24.46,23.65
CELL_02715,45.7469,9.4148,273.7,Olgiate Molgora,Porchera,6.75,1.5,S_BEVERATE,1890.7,23.63,22.62
CELL_02716,45.7469,9.4161,270.9,Olgiate Molgora,Porchera,6.316,1.4,S_BEVERATE,1831.1,22.89,21.99
CELL_02717,45.7469,9.4174,275.5,Olgiate Molgora,Porchera,5.913,1.32,S_BEVERATE,1778.4,22.23,21.14
CELL_02718,45.7469,9.4187,279.3,Olgiate Molgora,Porchera,5.56,1.24,S_BEVERATE,1733.4,21.67,20.42
CELL_02719,45.7469,9.42,269.4,Olgiate Molgora,Porchera,4.899,1.09,S_BEVERATE,1696.6,21.21,20.38
CELL_02720,45.7469,9.4213,276.3,Olgiate Molgora,Porchera,4.249,0.95,S_BEVERATE,1668.5,20.86,19.74
CELL_02721,45.7469,9.4226,274.6,Olgiate Molgora,Porchera,3.914,0.87,S_BEVERATE,1649.7,20.62,19.57
CELL_02722,45.7469,9.4239,254.3,Brivio,Beverate,7.343,1.06,S_BEVERATE,1640.3,20.5,20.32
CELL_02723,45.7469,9.4252,254.5,Brivio,Beverate,7.462,1.08,S_BEVERATE,1640.7,20.51,20.31
CELL_02724,45.7469,9.4265,249.1,Brivio,Beverate,7.52,1.09,S_BRIVIO_CASTELLO,1762.6,22.03,20.31
CELL_02725,45.7469,9.4278,210.5,Brivio,Brivio Centro,12.309,1.79,S_BRIVIO_CASTELLO,1639.7,20.5,20.39
CELL_02726,45.7469,9.4291,210.8,Brivio,Brivio Centro,15.27,2.21,S_BRIVIO_CASTELLO,1517.3,18.97,18.84
CELL_02727,45.7469,9.4304,206.5,Brivio,Brivio Centro,19.198,2.78,S_BRIVIO_CASTELLO,1395.6,17.45,17.51
CELL_02728,45.7469,9.4317,208.5,Brivio,Brivio Centro,23.451,3.4,S_BRIVIO_CASTELLO,1274.9,15.94,15.91
CELL_02729,45.7469,9.433,206.6,Brivio,Brivio Centro,28.942,4.2,S_BRIVIO_CASTELLO,1155.3,14.44,14.5
CELL_02730,45.7469,9.4343,213.6,Brivio,Brivio Centro,35.819,5.2,S_BRIVIO_CASTELLO,1037.2,12.97,12.72
CELL_02731,45.7469,9.4356,212.1,Brivio,Brivio Centro,43.5,6.31,S_BRIVIO_CASTELLO,921.4,11.52,11.34
CELL_02732,45.7469,9.4369,210.1,Brivio,Brivio Centro,53.278,7.73,S_BRIVIO_CASTELLO,808.7,10.11,10.02
CELL_02733,45.7469,9.4382,206.7,Brivio,Brivio Centro,64.288,9.32,S_BRIVIO_CASTELLO,700.6,8.76,8.82
CELL_02734,45.7469,9.4395,213.5,Brivio,Brivio Centro,76.721,11.13,S_BRIVIO_CASTELLO,599.7,7.5,7.26
CELL_02735,45.7469,9.4408,204.1,Brivio,Brivio Centro,90.123,13.07,S_BRIVIO_CASTELLO,510.3,6.38,6.55
CELL_02736,45.7469,9.4421,206.9,Brivio,Brivio Centro,102.3,14.84,S_BRIVIO_CASTELLO,439.2,5.49,5.54
CELL_02737,45.7469,9.4434,209.9,Brivio,Brivio Centro,110.197,15.98,S_BRIVIO_CASTELLO,396.7,4.96,4.88
CELL_02738,45.7469,9.4447,201.6,Brivio,Brivio Centro,110.901,16.08,S_BRIVIO_PONTE,381.7,4.77,5.11
CELL_02739,45.7469,9.446,205.6,Brivio,Brivio Centro,104.644,15.18,S_BRIVIO_PONTE,261.6,3.27,3.42
CELL_02740,45.7469,9.4473,215.7,Brivio,Brivio Centro,93.219,13.52,S_BRIVIO_PONTE,151.8,1.9,1.63
CELL_02741,45.7469,9.4486,204.6,Brivio,Brivio Centro,79.797,11.57,S_BRIVIO_PONTE,97.7,1.22,1.43
CELL_02742,45.7469,9.4499,210.6,Brivio,Brivio Centro,67.076,9.73,S_BRIVIO_PONTE,167.2,2.09,2.02
CELL_02743,45.7469,9.4512,208.2,Brivio,Brivio Centro,55.512,8.05,S_BRIVIO_PONTE,279.7,3.5,3.53
CELL_02744,45.7469,9.4525,209.4,Brivio,Brivio Centro,45.701,6.63,S_BRIVIO_PONTE,400.5,5.01,4.99
CELL_02745,45.7469,9.4538,208.8,Brivio,Brivio Centro,37.546,5.45,S_BRIVIO_PONTE,523.9,6.55,6.56
CELL_02746,45.7469,9.4551,207.8,Brivio,Brivio Centro,30.446,4.42,S_BRIVIO_PONTE,648.4,8.1,8.16
CELL_02747,45.7469,9.4564,205.7,Brivio,Brivio Centro,24.538,3.56,S_BRIVIO_PONTE,773.4,9.67,9.81
CELL_02748,45.7469,9.4577,204.8,Brivio,Brivio Centro,20.09,2.91,S_BRIVIO_PONTE,898.8,11.24,11.42
CELL_02749,45.7469,9.459,209.3,Brivio,Brivio Centro,16.208,2.35,S_BRIVIO_PONTE,1024.4,12.81,12.79
CELL_02750,45.7478,9.355,380.0,La Valletta Brianza,Perego,21.514,4.7,S_VALLETTA_SP342,667.6,8.34,8.34
CELL_02751,45.7478,9.3563,368.8,La Valletta Brianza,Perego,25.623,5.6,S_VALLETTA_SP342,543.0,6.79,7.3
CELL_02752,45.7478,9.3576,381.7,La Valletta Brianza,Perego,30.165,6.59,S_VALLETTA_SP342,419.4,5.24,5.17
CELL_02753,45.7478,9.3589,371.8,La Valletta Brianza,Perego,35.182,7.69,S_VALLETTA_SP342,298.0,3.72,4.1
CELL_02754,45.7478,9.3602,373.1,La Valletta Brianza,Perego,40.043,8.75,S_VALLETTA_SP342,183.3,2.29,2.61
CELL_02755,45.7478,9.3615,375.2,La Valletta Brianza,Perego,44.287,9.68,S_VALLETTA_SP342,101.5,1.27,1.5
CELL_02756,45.7478,9.3628,385.3,La Valletta Brianza,Perego,47.121,10.29,S_VALLETTA_SP342,137.4,1.72,1.5
CELL_02757,45.7478,9.3641,371.2,La Valletta Brianza,Perego,48.542,10.61,S_VALLETTA_SP342,243.6,3.05,3.46
CELL_02758,45.7478,9.3654,373.7,La Valletta Brianza,Perego,47.733,10.43,S_VALLETTA_SP342,362.9,4.54,4.82
CELL_02759,45.7478,9.3667,374.8,La Valletta Brianza,Perego,44.89,9.81,S_VALLETTA_SP342,485.7,6.07,6.3
CELL_02760,45.7478,9.368,370.6,Santa Maria Hoè,Santa Maria Hoè Centro,45.551,13.51,S_SMARIA_CENTRO,607.0,7.59,7.61
CELL_02761,45.7478,9.3693,368.8,Santa Maria Hoè,Santa Maria Hoè Centro,54.769,16.25,S_SMARIA_CENTRO,502.0,6.27,6.37
CELL_02762,45.7478,9.3706,364.5,Santa Maria Hoè,Santa Maria Hoè Centro,64.493,19.13,S_SMARIA_CENTRO,409.1,5.11,5.41
CELL_02763,45.7478,9.3719,369.4,Santa Maria Hoè,Santa Maria Hoè Centro,73.221,21.72,S_SMARIA_CENTRO,338.6,4.23,4.3
CELL_02764,45.7478,9.3732,372.0,Santa Maria Hoè,Santa Maria Hoè Centro,77.516,23.0,S_SMARIA_CENTRO,306.2,3.83,3.78
CELL_02765,45.7478,9.3745,414.8,Santa Maria Hoè,Trebbia,21.222,6.3,S_SMARIA_TREB,318.7,3.98,3.78
CELL_02766,45.7478,9.3758,401.7,Santa Maria Hoè,Trebbia,24.768,7.35,S_SMARIA_TREB,231.9,2.9,3.29
CELL_02767,45.7478,9.3771,406.3,Santa Maria Hoè,Trebbia,26.308,7.81,S_SMARIA_TREB,194.5,2.43,2.6
CELL_02768,45.7478,9.3784,416.4,Santa Maria Hoè,Trebbia,24.691,7.33,S_SMARIA_TREB,231.9,2.9,2.63
CELL_02769,45.7478,9.3797,406.6,Santa Maria Hoè,Trebbia,21.426,6.36,S_SMARIA_TREB,318.7,3.98,4.14
CELL_02770,45.7478,9.381,411.4,Santa Maria Hoè,Trebbia,17.555,5.21,S_SMARIA_TREB,425.8,5.32,5.26
CELL_02771,45.7478,9.3823,407.8,Santa Maria Hoè,Trebbia,14.39,4.27,S_SMARIA_TREB,541.2,6.77,6.86
CELL_02772,45.7478,9.3836,410.1,Santa Maria Hoè,Trebbia,11.595,3.44,S_SMARIA_TREB,660.6,8.26,8.25
CELL_02773,45.7478,9.3849,409.1,Santa Maria Hoè,Trebbia,9.432,2.8,S_SMARIA_TREB,782.1,9.78,9.82
CELL_02774,45.7478,9.3862,410.8,Santa Maria Hoè,Trebbia,7.911,2.35,S_MONTICELLO_OLG,989.0,12.36,11.0
CELL_02775,45.7478,9.3875,337.4,Olgiate Molgora,Monticello,9.158,2.04,S_MONTICELLO_OLG,918.9,11.49,11.82
CELL_02776,45.7478,9.3888,340.1,Olgiate Molgora,Monticello,9.868,2.19,S_MONTICELLO_OLG,861.7,10.77,10.99
CELL_02777,45.7478,9.3901,341.4,Olgiate Molgora,Monticello,10.626,2.36,S_MONTICELLO_OLG,820.2,10.25,10.41
CELL_02778,45.7478,9.3914,340.1,Olgiate Molgora,Monticello,10.912,2.43,S_MONTICELLO_OLG,796.7,9.96,10.18
CELL_02779,45.7478,9.3927,337.3,Olgiate Molgora,Monticello,10.927,2.43,S_MONTICELLO_OLG,792.8,9.91,10.25
CELL_02780,45.7478,9.394,339.0,Olgiate Molgora,Monticello,10.595,2.36,S_MONTICELLO_OLG,808.9,10.11,10.38
CELL_02781,45.7478,9.3953,341.9,Olgiate Molgora,Monticello,9.918,2.21,S_MONTICELLO_OLG,843.8,10.55,10.68
CELL_02782,45.7478,9.3966,339.1,Olgiate Molgora,Monticello,9.087,2.02,S_MONTICELLO_OLG,895.2,11.19,11.45
CELL_02783,45.7478,9.3979,344.9,Olgiate Molgora,Monticello,8.111,1.8,S_MONTICELLO_OLG,960.7,12.01,12.01
CELL_02784,45.7478,9.3992,339.6,Olgiate Molgora,Monticello,7.209,1.6,S_MONTICELLO_OLG,1037.4,12.97,13.21
CELL_02785,45.7478,9.4005,341.9,Olgiate Molgora,Monticello,5.896,1.31,S_MONTICELLO_OLG,1123.1,14.04,14.17
CELL_02786,45.7478,9.4018,341.7,Olgiate Molgora,Monticello,5.07,1.13,S_MONTICELLO_OLG,1215.9,15.2,15.34
CELL_02787,45.7478,9.4031,342.3,Olgiate Molgora,Monticello,4.235,0.94,S_MONTICELLO_OLG,1314.3,16.43,16.55
CELL_02788,45.7478,9.4044,337.3,Olgiate Molgora,Monticello,3.865,0.86,S_MONDONICO,1469.1,18.36,17.62
CELL_02789,45.7478,9.4057,272.1,Olgiate Molgora,Porchera,4.508,1.0,S_MONDONICO,1533.2,19.17,21.38
CELL_02790,45.7478,9.407,275.2,Olgiate Molgora,Porchera,4.826,1.07,S_MONDONICO,1604.7,20.06,22.12
CELL_02791,45.7478,9.4083,267.3,Olgiate Molgora,Porchera,5.39,1.2,S_MONDONICO,1682.7,21.03,23.47
CELL_02792,45.7478,9.4096,273.7,Olgiate Molgora,Porchera,5.452,1.21,S_MONDONICO,1766.3,22.08,24.2
CELL_02793,45.7478,9.4109,272.0,Olgiate Molgora,Porchera,5.802,1.29,S_MONDONICO,1854.7,23.18,25.38
CELL_02794,45.7478,9.4122,270.9,Olgiate Molgora,Porchera,5.939,1.32,S_BEVERATE,2130.7,26.63,25.74
CELL_02795,45.7478,9.4135,267.5,Olgiate Molgora,Porchera,5.83,1.3,S_BEVERATE,2062.6,25.78,25.03
CELL_02796,45.7478,9.4148,269.8,Olgiate Molgora,Porchera,5.339,1.19,S_BEVERATE,2000.1,25.0,24.15
CELL_02797,45.7478,9.4161,271.8,Olgiate Molgora,Porchera,5.39,1.2,S_BEVERATE,1943.8,24.3,23.36
CELL_02798,45.7478,9.4174,265.8,Olgiate Molgora,Porchera,4.888,1.09,S_BEVERATE,1894.3,23.68,23.0
CELL_02799,45.7478,9.4187,270.9,Olgiate Molgora,Porchera,4.334,0.96,S_BEVERATE,1852.1,23.15,22.25
CELL_02800,45.7478,9.42,270.2,Olgiate Molgora,Porchera,3.925,0.87,S_BEVERATE,1817.7,22.72,21.85
CELL_02801,45.7478,9.4213,270.9,Olgiate Molgora,Porchera,3.486,0.78,S_BEVERATE,1791.5,22.39,21.5
CELL_02802,45.7478,9.4226,271.1,Olgiate Molgora,Porchera,3.289,0.73,S_BEVERATE,1774.0,22.17,21.27
CELL_02803,45.7478,9.4278,207.4,Brivio,Brivio Centro,11.936,1.73,S_BRIVIO_CASTELLO,1673.7,20.92,20.95
CELL_02804,45.7478,9.4291,207.4,Brivio,Brivio Centro,14.554,2.11,S_BRIVIO_CASTELLO,1554.1,19.43,19.45
CELL_02805,45.7478,9.4304,213.8,Brivio,Brivio Centro,17.932,2.6,S_BRIVIO_CASTELLO,1435.5,17.94,17.69
CELL_02806,45.7478,9.4317,207.3,Brivio,Brivio Centro,21.846,3.17,S_BRIVIO_CASTELLO,1318.4,16.48,16.51
CELL_02807,45.7478,9.433,209.7,Brivio,Brivio Centro,26.605,3.86,S_BRIVIO_CASTELLO,1203.1,15.04,14.96
CELL_02808,45.7478,9.4343,205.6,Brivio,Brivio Centro,32.398,4.7,S_BRIVIO_CASTELLO,1090.3,13.63,13.73
CELL_02809,45.7478,9.4356,207.9,Brivio,Brivio Centro,39.326,5.7,S_BRIVIO_CASTELLO,980.8,12.26,12.26
CELL_02810,45.7478,9.4369,209.4,Brivio,Brivio Centro,47.493,6.89,S_BRIVIO_CASTELLO,875.7,10.95,10.89
CELL_02811,45.7478,9.4382,209.5,Brivio,Brivio Centro,56.473,8.19,S_BRIVIO_CASTELLO,777.1,9.71,9.65
CELL_02812,45.7478,9.4395,205.4,Brivio,Brivio Centro,66.078,9.58,S_BRIVIO_CASTELLO,687.5,8.59,8.71
CELL_02813,45.7478,9.4408,208.9,Brivio,Brivio Centro,75.573,10.96,S_BRIVIO_CASTELLO,611.0,7.64,7.6
CELL_02814,45.7478,9.4421,208.5,Brivio,Brivio Centro,83.557,12.12,S_BRIVIO_CASTELLO,553.0,6.91,6.89
CELL_02815,45.7478,9.4434,209.2,Brivio,Brivio Centro,88.587,12.85,S_BRIVIO_CASTELLO,519.9,6.5,6.45
CELL_02816,45.7478,9.4447,209.6,Brivio,Brivio Centro,89.386,12.96,S_BRIVIO_PONTE,430.8,5.39,5.36
CELL_02817,45.7478,9.446,208.6,Brivio,Brivio Centro,85.084,12.34,S_BRIVIO_PONTE,329.2,4.11,4.13
CELL_02818,45.7478,9.4473,203.2,Brivio,Brivio Centro,77.477,11.24,S_BRIVIO_PONTE,251.0,3.14,3.4
CELL_02819,45.7478,9.4486,209.1,Brivio,Brivio Centro,68.351,9.91,S_BRIVIO_PONTE,222.5,2.78,2.78
CELL_02820,45.7478,9.4499,207.6,Brivio,Brivio Centro,58.462,8.48,S_BRIVIO_PONTE,260.6,3.26,3.32
CELL_02821,45.7478,9.4512,208.8,Brivio,Brivio Centro,49.293,7.15,S_BRIVIO_PONTE,343.8,4.3,4.31
CELL_02822,45.7478,9.4525,210.6,Brivio,Brivio Centro,41.268,5.99,S_BRIVIO_PONTE,447.6,5.59,5.53
CELL_02823,45.7478,9.4538,213.8,Brivio,Brivio Centro,34.153,4.95,S_BRIVIO_PONTE,560.7,7.01,6.8
CELL_02824,45.7478,9.4551,208.2,Brivio,Brivio Centro,27.822,4.04,S_BRIVIO_PONTE,678.5,8.48,8.52
CELL_02825,45.7478,9.4564,207.0,Brivio,Brivio Centro,23.015,3.34,S_BRIVIO_PONTE,798.8,9.99,10.07
CELL_02826,45.7478,9.4577,208.6,Brivio,Brivio Centro,18.526,2.69,S_BRIVIO_PONTE,920.8,11.51,11.53
CELL_02827,45.7478,9.459,209.9,Brivio,Brivio Centro,15.319,2.22,S_BRIVIO_PONTE,1043.8,13.05,13.01
CELL_02828,45.7487,9.355,374.1,La Valletta Brianza,Perego,18.762,4.1,S_VALLETTA_SP342,696.9,8.71,8.97
CELL_02829,45.7487,9.3563,374.7,La Valletta Brianza,Perego,22.276,4.87,S_VALLETTA_SP342,578.6,7.23,7.47
CELL_02830,45.7487,9.3576,377.7,La Valletta Brianza,Perego,26.021,5.68,S_VALLETTA_SP342,464.6,5.81,5.91
CELL_02831,45.7487,9.3589,373.0,La Valletta Brianza,Perego,29.728,6.49,S_VALLETTA_SP342,358.8,4.49,4.8
CELL_02832,45.7487,9.3602,371.5,La Valletta Brianza,Perego,32.902,7.19,S_VALLETTA_SP342,271.2,3.39,3.78
CELL_02833,45.7487,9.3615,379.5,La Valletta Brianza,Perego,36.203,7.91,S_VALLETTA_SP342,224.2,2.8,2.82
CELL_02834,45.7487,9.3628,371.4,La Valletta Brianza,Perego,38.076,8.32,S_VALLETTA_SP342,242.6,3.03,3.43
CELL_02835,45.7487,9.3641,373.1,La Valletta Brianza,Perego,38.848,8.49,S_VALLETTA_SP342,315.1,3.94,4.25
CELL_02836,45.7487,9.3654,379.8,La Valletta Brianza,Perego,38.445,8.4,S_VALLETTA_SP342,414.3,5.18,5.19
CELL_02837,45.7487,9.3667,376.9,Santa Maria Hoè,Santa Maria Hoè Centro,33.587,9.96,S_VALLETTA_SP342,525.3,6.57,6.7
CELL_02838,45.7487,9.368,370.1,Santa Maria Hoè,Santa Maria Hoè Centro,40.357,11.97,S_VALLETTA_SP342,641.9,8.02,8.47
CELL_02839,45.7487,9.3693,372.9,Santa Maria Hoè,Santa Maria Hoè Centro,47.399,14.06,S_SMARIA_CENTRO,586.6,7.33,7.25
CELL_02840,45.7487,9.3706,374.7,Santa Maria Hoè,Santa Maria Hoè Centro,54.279,16.1,S_SMARIA_CENTRO,509.3,6.37,6.21
CELL_02841,45.7487,9.3719,370.6,Santa Maria Hoè,Santa Maria Hoè Centro,59.477,17.65,S_SMARIA_CENTRO,454.6,5.68,5.7
CELL_02842,45.7487,9.3732,408.8,Santa Maria Hoè,Trebbia,18.834,5.59,S_SMARIA_TREB,385.1,4.81,4.87
CELL_02843,45.7487,9.3745,407.0,Santa Maria Hoè,Trebbia,23.33,6.92,S_SMARIA_TREB,261.9,3.27,3.41
CELL_02844,45.7487,9.3758,410.6,Santa Maria Hoè,Trebbia,28.586,8.48,S_SMARIA_TREB,144.1,1.8,1.78
CELL_02845,45.7487,9.3771,409.1,Santa Maria Hoè,Trebbia,32.674,9.69,S_SMARIA_TREB,69.5,0.87,0.91
CELL_02846,45.7487,9.3784,410.0,Santa Maria Hoè,Trebbia,28.921,8.58,S_SMARIA_TREB,144.1,1.8,1.8
CELL_02847,45.7487,9.3797,410.8,Santa Maria Hoè,Trebbia,23.512,6.98,S_SMARIA_TREB,261.9,3.27,3.24
CELL_02848,45.7487,9.381,414.5,Santa Maria Hoè,Trebbia,18.833,5.59,S_SMARIA_TREB,385.1,4.81,4.62
CELL_02849,45.7487,9.3823,408.4,Santa Maria Hoè,Trebbia,15.179,4.5,S_SMARIA_TREB,509.8,6.37,6.44
CELL_02850,45.7487,9.3836,412.8,Santa Maria Hoè,Trebbia,12.343,3.66,S_SMARIA_TREB,635.1,7.94,7.82
CELL_02851,45.7487,9.3849,406.8,Santa Maria Hoè,Trebbia,9.92,2.94,S_SMARIA_TREB,760.8,9.51,9.65
CELL_02852,45.7487,9.3862,411.1,Santa Maria Hoè,Trebbia,8.15,2.42,S_SMARIA_TREB,886.6,11.08,11.03
CELL_02853,45.7487,9.3875,409.1,Santa Maria Hoè,Trebbia,6.475,1.92,S_MONTICELLO_OLG,1028.6,12.86,11.27
CELL_02854,45.7487,9.3888,347.1,Olgiate Molgora,Monticello,8.177,1.82,S_MONTICELLO_OLG,977.9,12.22,12.13
CELL_02855,45.7487,9.3901,344.3,Olgiate Molgora,Monticello,8.751,1.95,S_MONTICELLO_OLG,941.5,11.77,11.8
CELL_02856,45.7487,9.3914,340.6,Olgiate Molgora,Monticello,8.757,1.95,S_MONTICELLO_OLG,921.1,11.51,11.71
CELL_02857,45.7487,9.3927,341.1,Olgiate Molgora,Monticello,8.691,1.93,S_MONTICELLO_OLG,917.7,11.47,11.64
CELL_02858,45.7487,9.394,340.7,Olgiate Molgora,Monticello,8.519,1.89,S_MONTICELLO_OLG,931.6,11.65,11.84
CELL_02859,45.7487,9.3953,339.9,Olgiate Molgora,Monticello,8.011,1.78,S_MONTICELLO_OLG,962.1,12.03,12.25
CELL_02860,45.7487,9.3966,343.1,Olgiate Molgora,Monticello,7.369,1.64,S_MONTICELLO_OLG,1007.5,12.59,12.68
CELL_02861,45.7487,9.3979,347.9,Olgiate Molgora,Monticello,6.682,1.49,S_MONTICELLO_OLG,1066.1,13.33,13.2
CELL_02862,45.7487,9.3992,340.8,Olgiate Molgora,Monticello,5.975,1.33,S_MONTICELLO_OLG,1135.7,14.2,14.38
CELL_02863,45.7487,9.4005,339.0,Olgiate Molgora,Monticello,5.414,1.2,S_MONTICELLO_OLG,1214.5,15.18,15.45
CELL_02864,45.7487,9.4018,339.8,Olgiate Molgora,Monticello,4.415,0.98,S_MONTICELLO_OLG,1300.8,16.26,16.49
CELL_02865,45.7487,9.4031,345.6,Olgiate Molgora,Monticello,4.056,0.9,S_MONTICELLO_OLG,1393.2,17.41,17.39
CELL_02866,45.7487,9.4044,338.0,Olgiate Molgora,Monticello,3.354,0.75,S_MONTICELLO_OLG,1490.6,18.63,18.94
CELL_02867,45.7487,9.4057,272.9,Olgiate Molgora,Porchera,3.813,0.85,S_MONDONICO,1640.0,20.5,22.67
CELL_02868,45.7487,9.407,270.3,Olgiate Molgora,Porchera,4.123,0.92,S_MONDONICO,1707.0,21.34,23.63
CELL_02869,45.7487,9.4083,271.3,Olgiate Molgora,Porchera,4.407,0.98,S_MONDONICO,1780.5,22.26,24.49
CELL_02870,45.7487,9.4096,274.3,Olgiate Molgora,Porchera,4.442,0.99,S_MONDONICO,1859.7,23.25,25.33
CELL_02871,45.7487,9.4109,272.5,Olgiate Molgora,Porchera,4.548,1.01,S_MONDONICO,1943.8,24.3,26.47
CELL_02872,45.7487,9.4122,274.4,Olgiate Molgora,Porchera,4.856,1.08,S_BEVERATE,2235.4,27.94,26.89
CELL_02873,45.7487,9.4135,273.4,Olgiate Molgora,Porchera,4.477,1.0,S_BEVERATE,2170.5,27.13,26.13
CELL_02874,45.7487,9.4148,266.5,Olgiate Molgora,Porchera,4.692,1.04,S_BEVERATE,2111.2,26.39,25.68
CELL_02875,45.7487,9.4161,270.8,Olgiate Molgora,Porchera,4.174,0.93,S_BEVERATE,2058.0,25.72,24.83
CELL_02876,45.7487,9.4174,271.4,Olgiate Molgora,Porchera,3.958,0.88,S_BEVERATE,2011.3,25.14,24.22
CELL_02877,45.7487,9.4187,272.9,Olgiate Molgora,Porchera,3.654,0.81,S_BEVERATE,1971.6,24.64,23.66
CELL_02878,45.7487,9.42,274.5,Olgiate Molgora,Porchera,3.342,0.74,S_BEVERATE,1939.3,24.24,23.19
CELL_02879,45.7487,9.4213,269.2,Olgiate Molgora,Porchera,3.218,0.72,S_BEVERATE,1914.8,23.93,23.11
CELL_02880,45.7487,9.4278,211.8,Brivio,Brivio Centro,10.776,1.56,S_BRIVIO_CASTELLO,1716.3,21.45,21.29
CELL_02881,45.7487,9.4291,210.7,Brivio,Brivio Centro,13.466,1.95,S_BRIVIO_CASTELLO,1599.8,20.0,19.88
CELL_02882,45.7487,9.4304,209.7,Brivio,Brivio Centro,16.172,2.35,S_BRIVIO_CASTELLO,1484.9,18.56,18.49
CELL_02883,45.7487,9.4317,207.7,Brivio,Brivio Centro,19.727,2.86,S_BRIVIO_CASTELLO,1372.0,17.15,17.16
CELL_02884,45.7487,9.433,207.1,Brivio,Brivio Centro,24.181,3.51,S_BRIVIO_CASTELLO,1261.6,15.77,15.81
CELL_02885,45.7487,9.4343,207.3,Brivio,Brivio Centro,29.076,4.22,S_BRIVIO_CASTELLO,1154.5,14.43,14.46
CELL_02886,45.7487,9.4356,210.8,Brivio,Brivio Centro,34.955,5.07,S_BRIVIO_CASTELLO,1051.7,13.15,13.02
CELL_02887,45.7487,9.4369,207.2,Brivio,Brivio Centro,41.408,6.01,S_BRIVIO_CASTELLO,954.5,11.93,11.97
CELL_02888,45.7487,9.4382,208.2,Brivio,Brivio Centro,48.431,7.02,S_BRIVIO_CASTELLO,864.9,10.81,10.8
CELL_02889,45.7487,9.4395,204.4,Brivio,Brivio Centro,55.577,8.06,S_BRIVIO_CASTELLO,785.3,9.82,9.98
CELL_02890,45.7487,9.4408,205.7,Brivio,Brivio Centro,62.507,9.07,S_BRIVIO_CASTELLO,719.3,8.99,9.09
CELL_02891,45.7487,9.4421,216.8,Brivio,Brivio Centro,67.966,9.86,S_BRIVIO_CASTELLO,670.8,8.39,8.01
CELL_02892,45.7487,9.4434,210.1,Brivio,Brivio Centro,71.407,10.36,S_BRIVIO_PONTE,605.0,7.56,7.51
CELL_02893,45.7487,9.4447,210.4,Brivio,Brivio Centro,71.698,10.4,S_BRIVIO_PONTE,506.8,6.33,6.27
CELL_02894,45.7487,9.446,207.7,Brivio,Brivio Centro,69.213,10.04,S_BRIVIO_PONTE,423.8,5.3,5.35
CELL_02895,45.7487,9.4473,210.2,Brivio,Brivio Centro,63.969,9.28,S_BRIVIO_PONTE,366.3,4.58,4.53
CELL_02896,45.7487,9.4486,209.0,Brivio,Brivio Centro,57.234,8.3,S_BRIVIO_PONTE,347.4,4.34,4.34
CELL_02897,45.7487,9.4499,205.1,Brivio,Brivio Centro,50.031,7.26,S_BRIVIO_PONTE,373.0,4.66,4.84
CELL_02898,45.7487,9.4512,209.7,Brivio,Brivio Centro,43.016,6.24,S_BRIVIO_PONTE,435.2,5.44,5.41
CELL_02899,45.7487,9.4525,206.1,Brivio,Brivio Centro,36.277,5.26,S_BRIVIO_PONTE,521.1,6.51,6.64
CELL_02900,45.7487,9.4538,211.0,Brivio,Brivio Centro,30.252,4.39,S_BRIVIO_PONTE,621.0,7.76,7.68
CELL_02901,45.7487,9.4551,208.2,Brivio,Brivio Centro,25.193,3.65,S_BRIVIO_PONTE,729.1,9.11,9.15
CELL_02902,45.7487,9.4564,206.4,Brivio,Brivio Centro,20.649,2.99,S_BRIVIO_PONTE,842.2,10.53,10.64
CELL_02903,45.7487,9.4577,213.3,Brivio,Brivio Centro,17.034,2.47,S_BRIVIO_PONTE,958.7,11.98,11.8
CELL_02904,45.7487,9.459,201.8,Brivio,Brivio Centro,14.039,2.04,S_BRIVIO_PONTE,1077.3,13.47,13.79
CELL_02905,45.7496,9.355,373.2,La Valletta Brianza,Perego,16.388,3.58,S_VALLETTA_SP342,746.2,9.33,9.63
CELL_02906,45.7496,9.3563,378.6,La Valletta Brianza,Perego,18.923,4.13,S_VALLETTA_SP342,637.2,7.96,8.03
CELL_02907,45.7496,9.3576,375.8,La Valletta Brianza,Perego,21.727,4.75,S_VALLETTA_SP342,535.7,6.7,6.88
CELL_02908,45.7496,9.3589,378.0,La Valletta Brianza,Perego,24.505,5.35,S_VALLETTA_SP342,447.2,5.59,5.68
CELL_02909,45.7496,9.3602,376.3,La Valletta Brianza,Perego,27.085,5.92,S_VALLETTA_SP342,380.5,4.76,4.92
CELL_02910,45.7496,9.3615,368.7,La Valletta Brianza,Perego,29.252,6.39,S_VALLETTA_SP342,348.5,4.36,4.88
CELL_02911,45.7496,9.3628,375.3,La Valletta Brianza,Perego,30.788,6.73,S_VALLETTA_SP342,360.6,4.51,4.72
CELL_02912,45.7496,9.3641,373.0,La Valletta Brianza,Perego,31.27,6.83,S_VALLETTA_SP342,412.9,5.16,5.48
CELL_02913,45.7496,9.3654,370.8,La Valletta Brianza,Perego,31.018,6.78,S_VALLETTA_SP342,492.8,6.16,6.58
CELL_02914,45.7496,9.3667,372.2,Santa Maria Hoè,Santa Maria Hoè Centro,29.412,8.73,S_VALLETTA_SP342,589.2,7.36,7.71
CELL_02915,45.7496,9.368,377.8,Santa Maria Hoè,Santa Maria Hoè Centro,34.732,10.3,S_VALLETTA_SP342,695.2,8.69,8.79
CELL_02916,45.7496,9.3693,369.9,Santa Maria Hoè,Santa Maria Hoè Centro,39.869,11.83,S_SMARIA_CENTRO,683.6,8.55,8.59
CELL_02917,45.7496,9.3706,376.8,Santa Maria Hoè,Santa Maria Hoè Centro,44.561,13.22,S_SMARIA_CENTRO,618.7,7.73,7.48
CELL_02918,45.7496,9.3719,410.6,Santa Maria Hoè,Trebbia,15.152,4.5,S_SMARIA_TREB,508.1,6.35,6.33
CELL_02919,45.7496,9.3732,409.0,Santa Maria Hoè,Trebbia,18.979,5.63,S_SMARIA_TREB,382.8,4.79,4.83
CELL_02920,45.7496,9.3745,409.9,Santa Maria Hoè,Trebbia,23.509,6.97,S_SMARIA_TREB,258.6,3.23,3.24
CELL_02921,45.7496,9.3758,409.3,Santa Maria Hoè,Trebbia,29.153,8.65,S_SMARIA_TREB,137.9,1.72,1.76
CELL_02922,45.7496,9.3771,408.4,Santa Maria Hoè,Trebbia,33.803,10.03,S_SMARIA_TREB,55.6,0.69,0.77
CELL_02923,45.7496,9.3784,411.1,Santa Maria Hoè,Trebbia,29.1,8.63,S_SMARIA_TREB,137.9,1.72,1.68
CELL_02924,45.7496,9.3797,410.1,Santa Maria Hoè,Trebbia,23.403,6.94,S_SMARIA_TREB,258.6,3.23,3.23
CELL_02925,45.7496,9.381,410.0,Santa Maria Hoè,Trebbia,18.796,5.58,S_SMARIA_TREB,382.8,4.79,4.79
CELL_02926,45.7496,9.3823,410.6,Santa Maria Hoè,Trebbia,15.269,4.53,S_SMARIA_TREB,508.1,6.35,6.33
CELL_02927,45.7496,9.3836,411.9,Santa Maria Hoè,Trebbia,12.283,3.64,S_SMARIA_TREB,633.8,7.92,7.84
CELL_02928,45.7496,9.3849,408.9,Santa Maria Hoè,Trebbia,9.926,2.94,S_SMARIA_TREB,759.6,9.5,9.54
CELL_02929,45.7496,9.3862,411.5,Santa Maria Hoè,Trebbia,8.071,2.39,S_SMARIA_TREB,885.6,11.07,11.0
CELL_02930,45.7496,9.3875,414.4,Santa Maria Hoè,Trebbia,6.267,1.86,S_MONTICELLO_OLG,1141.5,14.27,12.44
CELL_02931,45.7496,9.3888,340.7,Olgiate Molgora,Monticello,6.612,1.47,S_MONTICELLO_OLG,1096.0,13.7,13.89
CELL_02932,45.7496,9.3901,339.4,Olgiate Molgora,Monticello,6.827,1.52,S_MONTICELLO_OLG,1063.6,13.3,13.54
CELL_02933,45.7496,9.3914,337.1,Olgiate Molgora,Monticello,7.222,1.61,S_MONTICELLO_OLG,1045.6,13.07,13.42
CELL_02934,45.7496,9.3927,350.0,Olgiate Molgora,Monticello,7.157,1.59,S_MONTICELLO_OLG,1042.7,13.03,12.82
CELL_02935,45.7496,9.394,340.4,Olgiate Molgora,Monticello,6.971,1.55,S_MONTICELLO_OLG,1054.9,13.19,13.39
CELL_02936,45.7496,9.3953,346.7,Olgiate Molgora,Monticello,6.808,1.51,S_MONTICELLO_OLG,1081.9,13.52,13.45
CELL_02937,45.7496,9.3966,342.0,Olgiate Molgora,Monticello,6.265,1.39,S_MONTICELLO_OLG,1122.5,14.03,14.16
CELL_02938,45.7496,9.3979,337.1,Olgiate Molgora,Monticello,5.535,1.23,S_MONTICELLO_OLG,1175.3,14.69,15.04
CELL_02939,45.7496,9.3992,339.6,Olgiate Molgora,Monticello,5.086,1.13,S_MONTICELLO_OLG,1238.8,15.49,15.72
CELL_02940,45.7496,9.4005,348.5,Olgiate Molgora,Monticello,4.492,1.0,S_MONTICELLO_OLG,1311.5,16.39,16.24
CELL_02941,45.7496,9.4018,345.0,Olgiate Molgora,Monticello,3.988,0.89,S_MONTICELLO_OLG,1391.7,17.4,17.4
CELL_02942,45.7496,9.4031,343.7,Olgiate Molgora,Monticello,3.414,0.76,S_MONTICELLO_OLG,1478.5,18.48,18.54
CELL_02943,45.7496,9.4044,341.4,Olgiate Molgora,Monticello,2.718,0.6,S_MONTICELLO_OLG,1570.6,19.63,19.79
CELL_02944,45.7496,9.4057,342.2,Olgiate Molgora,Monticello,2.49,0.55,S_MONDONICO,1749.1,21.86,20.91
CELL_02945,45.7496,9.407,271.9,Olgiate Molgora,Porchera,3.232,0.72,S_MONDONICO,1812.2,22.65,24.86
CELL_02946,45.7496,9.4083,275.1,Olgiate Molgora,Porchera,3.503,0.78,S_MONDONICO,1881.5,23.52,25.57
CELL_02947,45.7496,9.4096,273.0,Olgiate Molgora,Porchera,3.741,0.83,S_MONDONICO,1956.6,24.46,26.6
CELL_02948,45.7496,9.4109,273.7,Olgiate Molgora,Porchera,3.832,0.85,S_MONDONICO,2036.8,25.46,27.57
CELL_02949,45.7496,9.4122,271.6,Olgiate Molgora,Porchera,3.646,0.81,S_BEVERATE,2342.0,29.27,28.35
CELL_02950,45.7496,9.4135,276.7,Olgiate Molgora,Porchera,3.974,0.88,S_BEVERATE,2280.2,28.5,27.36
CELL_02951,45.7496,9.4148,273.5,Olgiate Molgora,Porchera,3.655,0.81,S_BEVERATE,2223.8,27.8,26.79
CELL_02952,45.7496,9.4161,272.2,Olgiate Molgora,Porchera,3.737,0.83,S_BEVERATE,2173.3,27.17,26.21
CELL_02953,45.7496,9.4174,275.8,Olgiate Molgora,Porchera,3.517,0.78,S_BEVERATE,2129.2,26.61,25.51
CELL_02954,45.7496,9.4187,268.2,Olgiate Molgora,Porchera,3.205,0.71,S_BEVERATE,2091.7,26.15,25.36
CELL_02955,45.7496,9.4291,210.6,Brivio,Brivio Centro,12.36,1.79,S_BRIVIO_CASTELLO,1653.7,20.67,20.56
CELL_02956,45.7496,9.4304,206.5,Brivio,Brivio Centro,14.757,2.14,S_BRIVIO_CASTELLO,1542.8,19.29,19.35
CELL_02957,45.7496,9.4317,208.7,Brivio,Brivio Centro,17.827,2.59,S_BRIVIO_CASTELLO,1434.5,17.93,17.9
CELL_02958,45.7496,9.433,213.7,Brivio,Brivio Centro,21.276,3.09,S_BRIVIO_CASTELLO,1329.3,16.62,16.37
CELL_02959,45.7496,9.4343,212.6,Brivio,Brivio Centro,25.713,3.73,S_BRIVIO_CASTELLO,1228.2,15.35,15.15
CELL_02960,45.7496,9.4356,207.9,Brivio,Brivio Centro,30.268,4.39,S_BRIVIO_CASTELLO,1132.0,14.15,14.15
CELL_02961,45.7496,9.4369,210.1,Brivio,Brivio Centro,35.382,5.13,S_BRIVIO_CASTELLO,1042.4,13.03,12.94
CELL_02962,45.7496,9.4382,216.6,Brivio,Brivio Centro,41.004,5.95,S_BRIVIO_CASTELLO,960.9,12.01,11.64
CELL_02963,45.7496,9.4395,201.7,Brivio,Brivio Centro,46.302,6.72,S_BRIVIO_CASTELLO,890.1,11.13,11.4
CELL_02964,45.7496,9.4408,211.8,Brivio,Brivio Centro,51.26,7.43,S_BRIVIO_CASTELLO,832.4,10.4,10.24
CELL_02965,45.7496,9.4421,212.4,Brivio,Brivio Centro,55.155,8.0,S_BRIVIO_PONTE,780.7,9.76,9.61
CELL_02966,45.7496,9.4434,214.7,Brivio,Brivio Centro,57.303,8.31,S_BRIVIO_PONTE,684.4,8.56,8.31
CELL_02967,45.7496,9.4447,211.4,Brivio,Brivio Centro,57.627,8.36,S_BRIVIO_PONTE,599.4,7.49,7.39
CELL_02968,45.7496,9.446,212.8,Brivio,Brivio Centro,55.966,8.12,S_BRIVIO_PONTE,531.1,6.64,6.47
CELL_02969,45.7496,9.4473,213.8,Brivio,Brivio Centro,52.315,7.59,S_BRIVIO_PONTE,486.5,6.08,5.87
CELL_02970,45.7496,9.4486,216.4,Brivio,Brivio Centro,47.573,6.9,S_BRIVIO_PONTE,472.4,5.91,5.59
CELL_02971,45.7496,9.4499,213.1,Brivio,Brivio Centro,42.238,6.13,S_BRIVIO_PONTE,491.5,6.14,5.97
CELL_02972,45.7496,9.4512,205.2,Brivio,Brivio Centro,36.541,5.3,S_BRIVIO_PONTE,540.3,6.75,6.92
CELL_02973,45.7496,9.4525,210.0,Brivio,Brivio Centro,31.31,4.54,S_BRIVIO_PONTE,611.6,7.64,7.6
CELL_02974,45.7496,9.4538,210.7,Brivio,Brivio Centro,26.552,3.85,S_BRIVIO_PONTE,698.6,8.73,8.66
CELL_02975,45.7496,9.4551,210.6,Brivio,Brivio Centro,22.312,3.24,S_BRIVIO_PONTE,796.3,9.95,9.88
CELL_02976,45.7496,9.4564,215.5,Brivio,Brivio Centro,18.637,2.7,S_BRIVIO_PONTE,901.0,11.26,10.98
CELL_02977,45.7496,9.4577,208.6,Brivio,Brivio Centro,15.52,2.25,S_BRIVIO_PONTE,1010.7,12.63,12.65
CELL_02978,45.7496,9.459,214.4,Brivio,Brivio Centro,12.715,1.84,S_BRIVIO_PONTE,1123.9,14.05,13.81
CELL_02979,45.7505,9.355,376.7,La Valletta Brianza,Perego,13.861,3.03,S_VALLETTA_SP342,812.0,10.15,10.3
CELL_02980,45.7505,9.3563,376.6,La Valletta Brianza,Perego,15.915,3.48,S_VALLETTA_SP342,713.1,8.91,9.06
CELL_02981,45.7505,9.3576,372.6,La Valletta Brianza,Perego,18.108,3.96,S_VALLETTA_SP342,624.1,7.8,8.13
CELL_02982,45.7505,9.3589,377.8,La Valletta Brianza,Perego,20.406,4.46,S_VALLETTA_SP342,549.9,6.87,6.97
CELL_02983,45.7505,9.3602,374.3,La Valletta Brianza,Perego,22.052,4.82,S_VALLETTA_SP342,497.2,6.22,6.47
CELL_02984,45.7505,9.3615,371.0,La Valletta Brianza,Perego,23.841,5.21,S_VALLETTA_SP342,473.2,5.92,6.32
CELL_02985,45.7505,9.3628,375.1,La Valletta Brianza,Perego,24.982,5.46,S_VALLETTA_SP342,482.2,6.03,6.25
CELL_02986,45.7505,9.3641,377.9,La Valletta Brianza,Perego,25.095,5.48,S_VALLETTA_SP342,522.5,6.53,6.62
CELL_02987,45.7505,9.3654,377.0,La Valletta Brianza,Perego,24.775,5.41,S_VALLETTA_SP342,587.7,7.35,7.48
CELL_02988,45.7505,9.3667,369.5,Santa Maria Hoè,Santa Maria Hoè Centro,25.494,7.56,S_VALLETTA_SP342,670.5,8.38,8.85
CELL_02989,45.7505,9.368,367.4,Santa Maria Hoè,Santa Maria Hoè Centro,29.282,8.69,S_VALLETTA_SP342,765.3,9.57,10.13
CELL_02990,45.7505,9.3693,410.5,Santa Maria Hoè,Trebbia,9.775,2.9,S_SMARIA_CENTRO,788.6,9.86,8.28
CELL_02991,45.7505,9.3706,409.0,Santa Maria Hoè,Trebbia,11.875,3.52,S_SMARIA_CENTRO,733.0,9.16,7.74
CELL_02992,45.7505,9.3719,407.6,Santa Maria Hoè,Trebbia,14.387,4.27,S_SMARIA_TREB,536.4,6.7,6.81
CELL_02993,45.7505,9.3732,408.0,Santa Maria Hoè,Trebbia,17.757,5.27,S_SMARIA_TREB,419.6,5.25,5.33
CELL_02994,45.7505,9.3745,410.6,Santa Maria Hoè,Trebbia,21.37,6.34,S_SMARIA_TREB,310.5,3.88,3.85
CELL_02995,45.7505,9.3758,414.3,Santa Maria Hoè,Trebbia,25.267,7.5,S_SMARIA_TREB,220.4,2.75,2.57
CELL_02996,45.7505,9.3771,404.1,Santa Maria Hoè,Trebbia,27.221,8.08,S_SMARIA_TREB,180.6,2.26,2.53
CELL_02997,45.7505,9.3784,411.3,Santa Maria Hoè,Trebbia,25.303,7.51,S_SMARIA_TREB,220.4,2.75,2.7
CELL_02998,45.7505,9.3797,406.3,Santa Maria Hoè,Trebbia,21.57,6.4,S_SMARIA_TREB,310.5,3.88,4.05
CELL_02999,45.7505,9.381,412.7,Santa Maria Hoè,Trebbia,17.931,5.32,S_SMARIA_TREB,419.6,5.25,5.13
CELL_03000,45.7505,9.3823,412.5,Santa Maria Hoè,Trebbia,14.461,4.29,S_SMARIA_TREB,536.4,6.7,6.6
CELL_03001,45.7505,9.3836,414.0,Santa Maria Hoè,Trebbia,11.894,3.53,S_SMARIA_TREB,656.6,8.21,8.03
CELL_03002,45.7505,9.3849,406.8,Santa Maria Hoè,Trebbia,9.54,2.83,S_SMARIA_TREB,778.8,9.74,9.88
CELL_03003,45.7505,9.3862,410.3,Santa Maria Hoè,Trebbia,7.668,2.28,S_SMARIA_TREB,902.1,11.28,11.26
CELL_03004,45.7505,9.3875,409.7,Santa Maria Hoè,Trebbia,6.366,1.89,S_SMARIA_TREB,1026.1,12.83,12.84
CELL_03005,45.7505,9.3888,409.2,Santa Maria Hoè,Trebbia,5.1,1.51,S_MONTICELLO_OLG,1215.5,15.19,12.88
CELL_03006,45.7505,9.3901,342.8,Olgiate Molgora,Monticello,5.789,1.29,S_MONTICELLO_OLG,1186.4,14.83,14.93
CELL_03007,45.7505,9.3914,342.8,Olgiate Molgora,Monticello,5.988,1.33,S_MONTICELLO_OLG,1170.2,14.63,14.72
CELL_03008,45.7505,9.3927,343.1,Olgiate Molgora,Monticello,5.631,1.25,S_MONTICELLO_OLG,1167.6,14.6,14.68
CELL_03009,45.7505,9.394,343.1,Olgiate Molgora,Monticello,5.69,1.27,S_MONTICELLO_OLG,1178.6,14.73,14.82
CELL_03010,45.7505,9.3953,345.5,Olgiate Molgora,Monticello,5.293,1.18,S_MONTICELLO_OLG,1202.8,15.03,15.01
CELL_03011,45.7505,9.3966,346.1,Olgiate Molgora,Monticello,4.892,1.09,S_MONTICELLO_OLG,1239.4,15.49,15.44
CELL_03012,45.7505,9.3979,343.5,Olgiate Molgora,Monticello,4.768,1.06,S_MONTICELLO_OLG,1287.5,16.09,16.16
CELL_03013,45.7505,9.3992,341.1,Olgiate Molgora,Monticello,4.124,0.92,S_MONTICELLO_OLG,1345.7,16.82,16.99
CELL_03014,45.7505,9.4005,345.3,Olgiate Molgora,Monticello,3.638,0.81,S_MONTICELLO_OLG,1412.8,17.66,17.65
CELL_03015,45.7505,9.4018,338.7,Olgiate Molgora,Monticello,3.161,0.7,S_MONTICELLO_OLG,1487.7,18.6,18.87
CELL_03016,45.7505,9.4031,347.3,Olgiate Molgora,Monticello,2.735,0.61,S_MONTICELLO_OLG,1569.1,19.61,19.51
CELL_03017,45.7505,9.4044,345.3,Olgiate Molgora,Monticello,2.491,0.55,S_MONTICELLO_OLG,1656.2,20.7,20.69
CELL_03018,45.7505,9.4109,278.7,Olgiate Molgora,Porchera,3.062,0.68,S_MONDONICO,2133.0,26.66,28.53
CELL_03019,45.7505,9.4122,274.5,Olgiate Molgora,Porchera,3.323,0.74,S_BEVERATE,2450.4,30.63,29.58
CELL_03020,45.7505,9.4135,267.1,Olgiate Molgora,Porchera,3.011,0.67,S_BEVERATE,2391.4,29.89,29.15
CELL_03021,45.7505,9.4291,207.6,Brivio,Brivio Centro,10.897,1.58,S_BRIVIO_CASTELLO,1715.1,21.44,21.46
CELL_03022,45.7505,9.4304,212.6,Brivio,Brivio Centro,13.325,1.93,S_BRIVIO_CASTELLO,1608.4,20.11,19.9
CELL_03023,45.7505,9.4317,208.9,Brivio,Brivio Centro,15.92,2.31,S_BRIVIO_CASTELLO,1504.8,18.81,18.77
CELL_03024,45.7505,9.433,203.6,Brivio,Brivio Centro,18.657,2.71,S_BRIVIO_CASTELLO,1404.9,17.56,17.76
CELL_03025,45.7505,9.4343,210.4,Brivio,Brivio Centro,22.185,3.22,S_BRIVIO_CASTELLO,1309.6,16.37,16.27
CELL_03026,45.7505,9.4356,211.8,Brivio,Brivio Centro,25.864,3.75,S_BRIVIO_CASTELLO,1219.9,15.25,15.08
CELL_03027,45.7505,9.4369,205.3,Brivio,Brivio Centro,30.12,4.37,S_BRIVIO_CASTELLO,1137.2,14.21,14.33
CELL_03028,45.7505,9.4382,213.9,Brivio,Brivio Centro,34.401,4.99,S_BRIVIO_CASTELLO,1063.1,13.29,13.03
CELL_03029,45.7505,9.4395,212.5,Brivio,Brivio Centro,38.349,5.56,S_BRIVIO_CASTELLO,999.5,12.49,12.3
CELL_03030,45.7505,9.4408,210.7,Brivio,Brivio Centro,41.726,6.05,S_BRIVIO_CASTELLO,948.5,11.86,11.74
CELL_03031,45.7505,9.4421,212.8,Brivio,Brivio Centro,44.602,6.47,S_BRIVIO_PONTE,862.1,10.78,10.61
CELL_03032,45.7505,9.4434,209.7,Brivio,Brivio Centro,46.234,6.71,S_BRIVIO_PONTE,776.0,9.7,9.67
CELL_03033,45.7505,9.4447,208.8,Brivio,Brivio Centro,46.459,6.74,S_BRIVIO_PONTE,702.2,8.78,8.79
CELL_03034,45.7505,9.446,211.0,Brivio,Brivio Centro,45.202,6.56,S_BRIVIO_PONTE,644.8,8.06,7.97
CELL_03035,45.7505,9.4473,217.2,Brivio,Brivio Centro,42.419,6.15,S_BRIVIO_PONTE,608.6,7.61,7.26
CELL_03036,45.7505,9.4486,207.2,Brivio,Brivio Centro,39.206,5.69,S_BRIVIO_PONTE,597.5,7.47,7.55
CELL_03037,45.7505,9.4499,215.6,Brivio,Brivio Centro,35.132,5.1,S_BRIVIO_PONTE,612.7,7.66,7.37
CELL_03038,45.7505,9.4512,213.7,Brivio,Brivio Centro,30.832,4.47,S_BRIVIO_PONTE,652.4,8.15,7.95
CELL_03039,45.7505,9.4525,212.4,Brivio,Brivio Centro,26.882,3.9,S_BRIVIO_PONTE,712.6,8.91,8.76
CELL_03040,45.7505,9.4538,208.8,Brivio,Brivio Centro,23.08,3.35,S_BRIVIO_PONTE,788.6,9.86,9.87
CELL_03041,45.7505,9.4551,210.2,Brivio,Brivio Centro,19.618,2.85,S_BRIVIO_PONTE,876.2,10.95,10.9
CELL_03042,45.7505,9.4564,211.6,Brivio,Brivio Centro,16.657,2.42,S_BRIVIO_PONTE,972.4,12.16,12.04
CELL_03043,45.7505,9.4577,216.8,Brivio,Brivio Centro,13.796,2.0,S_BRIVIO_PONTE,1074.8,13.44,13.1
CELL_03044,45.7505,9.459,210.8,Brivio,Brivio Centro,11.287,1.64,S_BRIVIO_PONTE,1181.9,14.77,14.7
CELL_03045,45.7514,9.355,383.4,La Valletta Brianza,Perego,11.67,2.55,S_VALLETTA_SP342,890.5,11.13,10.98
CELL_03046,45.7514,9.3563,378.3,La Valletta Brianza,Perego,13.286,2.9,S_VALLETTA_SP342,801.4,10.02,10.09
CELL_03047,45.7514,9.3576,369.9,La Valletta Brianza,Perego,15.315,3.35,S_VALLETTA_SP342,723.4,9.04,9.49
CELL_03048,45.7514,9.3589,379.8,La Valletta Brianza,Perego,16.868,3.69,S_VALLETTA_SP342,660.4,8.26,8.26
CELL_03049,45.7514,9.3602,371.9,La Valletta Brianza,Perego,18.255,3.99,S_VALLETTA_SP342,617.3,7.72,8.08
CELL_03050,45.7514,9.3615,377.2,La Valletta Brianza,Perego,19.092,4.17,S_VALLETTA_SP342,598.1,7.48,7.6
CELL_03051,45.7514,9.3628,375.2,La Valletta Brianza,Perego,20.165,4.41,S_VALLETTA_SP342,605.2,7.57,7.78
CELL_03052,45.7514,9.3641,377.0,La Valletta Brianza,Perego,20.354,4.45,S_VALLETTA_SP342,637.8,7.97,8.1
CELL_03053,45.7514,9.3654,371.2,Santa Maria Hoè,Santa Maria Hoè Centro,18.719,5.55,S_VALLETTA_SP342,692.2,8.65,9.05
CELL_03054,45.7514,9.3667,370.5,Santa Maria Hoè,Santa Maria Hoè Centro,21.546,6.39,S_VALLETTA_SP342,763.8,9.55,9.97
CELL_03055,45.7514,9.368,414.5,Santa Maria Hoè,Trebbia,7.529,2.23,S_VALLETTA_SP342,848.2,10.6,9.2
CELL_03056,45.7514,9.3693,410.5,Santa Maria Hoè,Trebbia,8.888,2.64,S_SMARIA_CENTRO,898.8,11.23,9.63
CELL_03057,45.7514,9.3706,414.2,Santa Maria Hoè,Trebbia,10.904,3.24,S_SMARIA_TREB,701.4,8.77,8.59
CELL_03058,45.7514,9.3719,414.6,Santa Maria Hoè,Trebbia,13.301,3.95,S_SMARIA_TREB,590.3,7.38,7.18
CELL_03059,45.7514,9.3732,412.2,Santa Maria Hoè,Trebbia,15.671,4.65,S_SMARIA_TREB,486.7,6.08,5.99
CELL_03060,45.7514,9.3745,413.1,Santa Maria Hoè,Trebbia,18.564,5.51,S_SMARIA_TREB,396.5,4.96,4.82
CELL_03061,45.7514,9.3758,413.3,Santa Maria Hoè,Trebbia,21.022,6.24,S_SMARIA_TREB,330.7,4.13,3.99
CELL_03062,45.7514,9.3771,409.9,Santa Maria Hoè,Trebbia,21.873,6.49,S_SMARIA_TREB,305.6,3.82,3.82
CELL_03063,45.7514,9.3784,411.3,Santa Maria Hoè,Trebbia,20.687,6.14,S_SMARIA_TREB,330.7,4.13,4.08
CELL_03064,45.7514,9.3797,414.1,Santa Maria Hoè,Trebbia,18.423,5.47,S_SMARIA_TREB,396.5,4.96,4.78
CELL_03065,45.7514,9.381,410.2,Santa Maria Hoè,Trebbia,15.912,4.72,S_SMARIA_TREB,486.7,6.08,6.08
CELL_03066,45.7514,9.3823,415.6,Santa Maria Hoè,Trebbia,13.315,3.95,S_SMARIA_TREB,590.3,7.38,7.14
CELL_03067,45.7514,9.3836,411.0,Santa Maria Hoè,Trebbia,11.081,3.29,S_SMARIA_TREB,701.4,8.77,8.72
CELL_03068,45.7514,9.3849,409.4,Santa Maria Hoè,Trebbia,8.788,2.61,S_SMARIA_TREB,816.9,10.21,10.24
CELL_03069,45.7514,9.3862,416.5,Santa Maria Hoè,Trebbia,7.356,2.18,S_SMARIA_TREB,935.2,11.69,11.41
CELL_03070,45.7514,9.3875,413.3,Santa Maria Hoè,Trebbia,5.976,1.77,S_SMARIA_TREB,1055.3,13.19,13.05
CELL_03071,45.7514,9.3888,409.4,Santa Maria Hoè,Trebbia,5.091,1.51,S_MONTICELLO_OLG,1336.0,16.7,14.11
CELL_03072,45.7514,9.3901,407.7,Santa Maria Hoè,Trebbia,3.832,1.14,S_MONTICELLO_OLG,1309.5,16.37,13.84
CELL_03073,45.7514,9.3914,335.6,Olgiate Molgora,Monticello,4.861,1.08,S_MONTICELLO_OLG,1294.9,16.19,16.6
CELL_03074,45.7514,9.3927,342.3,Olgiate Molgora,Monticello,4.719,1.05,S_MONTICELLO_OLG,1292.6,16.16,16.28
CELL_03075,45.7514,9.394,337.0,Olgiate Molgora,Monticello,4.67,1.04,S_MONTICELLO_OLG,1302.5,16.28,16.64
CELL_03076,45.7514,9.3953,339.8,Olgiate Molgora,Monticello,4.24,0.94,S_MONTICELLO_OLG,1324.4,16.56,16.78
CELL_03077,45.7514,9.3966,345.3,Olgiate Molgora,Monticello,4.146,0.92,S_MONTICELLO_OLG,1357.8,16.97,16.96
CELL_03078,45.7514,9.3979,341.3,Olgiate Molgora,Monticello,3.964,0.88,S_MONTICELLO_OLG,1401.8,17.52,17.69
CELL_03079,45.7514,9.3992,345.4,Olgiate Molgora,Monticello,3.534,0.79,S_MONTICELLO_OLG,1455.5,18.19,18.18
CELL_03080,45.7514,9.4005,343.2,Olgiate Molgora,Monticello,3.102,0.69,S_MONTICELLO_OLG,1517.7,18.97,19.05
CELL_03081,45.7514,9.4018,341.8,Olgiate Molgora,Monticello,2.834,0.63,S_MONTICELLO_OLG,1587.6,19.85,19.99
CELL_03082,45.7514,9.4031,344.9,Olgiate Molgora,Monticello,2.595,0.58,S_MONTICELLO_OLG,1664.2,20.8,20.81
CELL_03083,45.7514,9.4304,209.6,Brivio,Brivio Centro,11.513,1.67,S_BRIVIO_CASTELLO,1680.8,21.01,20.94
CELL_03084,45.7514,9.4317,208.3,Brivio,Brivio Centro,13.827,2.01,S_BRIVIO_CASTELLO,1581.9,19.77,19.76
CELL_03085,45.7514,9.433,208.0,Brivio,Brivio Centro,16.189,2.35,S_BRIVIO_CASTELLO,1487.2,18.59,18.59
CELL_03086,45.7514,9.4343,209.3,Brivio,Brivio Centro,19.012,2.76,S_BRIVIO_CASTELLO,1397.5,17.47,17.41
CELL_03087,45.7514,9.4356,211.8,Brivio,Brivio Centro,22.133,3.21,S_BRIVIO_CASTELLO,1313.8,16.42,16.26
CELL_03088,45.7514,9.4369,213.7,Brivio,Brivio Centro,25.402,3.68,S_BRIVIO_CASTELLO,1237.4,15.47,15.22
CELL_03089,45.7514,9.4382,208.7,Brivio,Brivio Centro,28.407,4.12,S_BRIVIO_CASTELLO,1169.7,14.62,14.59
CELL_03090,45.7514,9.4395,211.9,Brivio,Brivio Centro,31.595,4.58,S_BRIVIO_CASTELLO,1112.1,13.9,13.73
CELL_03091,45.7514,9.4408,212.3,Brivio,Brivio Centro,34.185,4.96,S_BRIVIO_PONTE,1039.8,13.0,12.85
CELL_03092,45.7514,9.4421,204.8,Brivio,Brivio Centro,36.116,5.24,S_BRIVIO_PONTE,953.0,11.91,12.1
CELL_03093,45.7514,9.4434,211.9,Brivio,Brivio Centro,37.392,5.42,S_BRIVIO_PONTE,875.9,10.95,10.82
CELL_03094,45.7514,9.4447,213.6,Brivio,Brivio Centro,37.171,5.39,S_BRIVIO_PONTE,811.2,10.14,9.94
CELL_03095,45.7514,9.446,206.0,Brivio,Brivio Centro,36.277,5.26,S_BRIVIO_PONTE,762.1,9.53,9.66
CELL_03096,45.7514,9.4473,212.1,Brivio,Brivio Centro,34.81,5.05,S_BRIVIO_PONTE,731.7,9.15,9.01
CELL_03097,45.7514,9.4486,208.0,Brivio,Brivio Centro,32.029,4.65,S_BRIVIO_PONTE,722.5,9.03,9.07
CELL_03098,45.7514,9.4499,207.3,Brivio,Brivio Centro,29.147,4.23,S_BRIVIO_PONTE,735.1,9.19,9.26
CELL_03099,45.7514,9.4512,213.3,Brivio,Brivio Centro,26.043,3.78,S_BRIVIO_PONTE,768.5,9.61,9.42
CELL_03100,45.7514,9.4525,210.6,Brivio,Brivio Centro,22.662,3.29,S_BRIVIO_PONTE,820.2,10.25,10.18
CELL_03101,45.7514,9.4538,212.9,Brivio,Brivio Centro,19.608,2.84,S_BRIVIO_PONTE,887.0,11.09,10.92
CELL_03102,45.7514,9.4551,208.4,Brivio,Brivio Centro,16.972,2.46,S_BRIVIO_PONTE,965.8,12.07,12.1
CELL_03103,45.7514,9.4564,207.6,Brivio,Brivio Centro,14.59,2.12,S_BRIVIO_PONTE,1053.8,13.17,13.23
CELL_03104,45.7514,9.4577,206.4,Brivio,Brivio Centro,12.113,1.76,S_BRIVIO_PONTE,1149.0,14.36,14.48
CELL_03105,45.7523,9.355,375.8,La Valletta Brianza,Perego,9.886,2.16,S_VALLETTA_SP342,978.8,12.24,12.42
CELL_03106,45.7523,9.3563,376.4,La Valletta Brianza,Perego,11.453,2.5,S_VALLETTA_SP342,898.5,11.23,11.39
CELL_03107,45.7523,9.3576,376.7,La Valletta Brianza,Perego,12.598,2.75,S_VALLETTA_SP342,829.6,10.37,10.52
CELL_03108,45.7523,9.3589,379.9,La Valletta Brianza,Perego,13.895,3.04,S_VALLETTA_SP342,775.4,9.69,9.7
CELL_03109,45.7523,9.3602,375.8,La Valletta Brianza,Perego,14.91,3.26,S_VALLETTA_SP342,738.9,9.24,9.42
CELL_03110,45.7523,9.3615,375.6,La Valletta Brianza,Perego,15.456,3.38,S_VALLETTA_SP342,723.0,9.04,9.23
CELL_03111,45.7523,9.3628,376.7,La Valletta Brianza,Perego,16.297,3.56,S_VALLETTA_SP342,728.9,9.11,9.26
CELL_03112,45.7523,9.3641,374.1,La Valletta Brianza,Perego,16.43,3.59,S_VALLETTA_SP342,756.2,9.45,9.71
CELL_03113,45.7523,9.3654,371.9,Santa Maria Hoè,Santa Maria Hoè Centro,15.929,4.73,S_VALLETTA_SP342,802.6,10.03,10.39
CELL_03114,45.7523,9.3667,408.5,Santa Maria Hoè,Trebbia,5.571,1.65,S_VALLETTA_SP342,865.1,10.81,9.64
CELL_03115,45.7523,9.368,418.6,Santa Maria Hoè,Trebbia,6.604,1.96,S_VALLETTA_SP342,940.5,11.76,10.18
CELL_03116,45.7523,9.3693,411.6,Santa Maria Hoè,Trebbia,8.236,2.44,S_SMARIA_TREB,871.4,10.89,10.82
CELL_03117,45.7523,9.3706,405.4,Santa Maria Hoè,Trebbia,9.809,2.91,S_SMARIA_TREB,764.2,9.55,9.76
CELL_03118,45.7523,9.3719,408.4,Santa Maria Hoè,Trebbia,11.547,3.43,S_SMARIA_TREB,663.7,8.3,8.37
CELL_03119,45.7523,9.3732,411.9,Santa Maria Hoè,Trebbia,13.487,4.0,S_SMARIA_TREB,573.5,7.17,7.09
CELL_03120,45.7523,9.3745,411.1,Santa Maria Hoè,Trebbia,15.423,4.58,S_SMARIA_TREB,499.2,6.24,6.19
CELL_03121,45.7523,9.3758,406.8,Santa Maria Hoè,Trebbia,16.967,5.03,S_SMARIA_TREB,448.8,5.61,5.75
CELL_03122,45.7523,9.3771,416.0,Santa Maria Hoè,Trebbia,17.634,5.23,S_SMARIA_TREB,430.7,5.38,5.13
CELL_03123,45.7523,9.3784,409.2,Santa Maria Hoè,Trebbia,16.909,5.02,S_SMARIA_TREB,448.8,5.61,5.64
CELL_03124,45.7523,9.3797,409.8,Santa Maria Hoè,Trebbia,15.706,4.66,S_SMARIA_TREB,499.2,6.24,6.25
CELL_03125,45.7523,9.381,410.7,Santa Maria Hoè,Trebbia,13.848,4.11,S_SMARIA_TREB,573.5,7.17,7.14
CELL_03126,45.7523,9.3823,415.1,Santa Maria Hoè,Trebbia,11.682,3.47,S_SMARIA_TREB,663.7,8.3,8.08
CELL_03127,45.7523,9.3836,412.2,Santa Maria Hoè,Trebbia,9.759,2.9,S_SMARIA_TREB,764.2,9.55,9.46
CELL_03128,45.7523,9.3849,405.3,Santa Maria Hoè,Trebbia,8.085,2.4,S_SMARIA_TREB,871.4,10.89,11.1
CELL_03129,45.7523,9.3862,412.8,Santa Maria Hoè,Trebbia,6.956,2.06,S_SMARIA_TREB,983.2,12.29,12.17
CELL_03130,45.7523,9.3875,407.4,Santa Maria Hoè,Trebbia,5.758,1.71,S_SMARIA_TREB,1098.1,13.73,13.84
CELL_03131,45.7523,9.3888,407.1,Santa Maria Hoè,Trebbia,4.455,1.32,S_SMARIA_TREB,1215.2,15.19,15.32
CELL_03132,45.7523,9.3901,413.3,Santa Maria Hoè,Trebbia,3.93,1.17,S_MONTICELLO_OLG,1433.0,17.91,15.16
CELL_03133,45.7523,9.3914,341.9,Olgiate Molgora,Monticello,4.0,0.89,S_MONTICELLO_OLG,1419.7,17.75,17.88
CELL_03134,45.7523,9.3927,339.8,Olgiate Molgora,Monticello,3.755,0.84,S_MONTICELLO_OLG,1417.6,17.72,17.95
CELL_03135,45.7523,9.394,347.2,Olgiate Molgora,Monticello,3.626,0.81,S_MONTICELLO_OLG,1426.6,17.83,17.74
CELL_03136,45.7523,9.3953,344.8,Olgiate Molgora,Monticello,3.717,0.83,S_MONTICELLO_OLG,1446.7,18.08,18.09
CELL_03137,45.7523,9.3966,341.1,Olgiate Molgora,Monticello,3.564,0.79,S_MONTICELLO_OLG,1477.3,18.47,18.64
CELL_03138,45.7523,9.3979,344.2,Olgiate Molgora,Monticello,3.414,0.76,S_MONTICELLO_OLG,1517.8,18.97,19.01
CELL_03139,45.7523,9.3992,339.4,Olgiate Molgora,Monticello,3.128,0.7,S_MONTICELLO_OLG,1567.5,19.59,19.84
CELL_03140,45.7523,9.4005,341.0,Olgiate Molgora,Monticello,2.622,0.58,S_MONTICELLO_OLG,1625.5,20.32,20.49
CELL_03141,45.7523,9.4018,343.5,Olgiate Molgora,Monticello,2.361,0.53,S_MONTICELLO_OLG,1690.9,21.14,21.2
CELL_03142,45.7523,9.4317,212.9,Brivio,Brivio Centro,12.126,1.76,S_BRIVIO_CASTELLO,1664.8,20.81,20.6
CELL_03143,45.7523,9.433,204.8,Brivio,Brivio Centro,13.931,2.02,S_BRIVIO_CASTELLO,1575.1,19.69,19.83
CELL_03144,45.7523,9.4343,214.7,Brivio,Brivio Centro,16.19,2.35,S_BRIVIO_CASTELLO,1490.7,18.63,18.34
CELL_03145,45.7523,9.4356,207.1,Brivio,Brivio Centro,18.738,2.72,S_BRIVIO_CASTELLO,1412.6,17.66,17.7
CELL_03146,45.7523,9.4369,217.0,Brivio,Brivio Centro,21.221,3.08,S_BRIVIO_CASTELLO,1341.8,16.77,16.38
CELL_03147,45.7523,9.4382,211.5,Brivio,Brivio Centro,23.388,3.39,S_BRIVIO_CASTELLO,1279.6,15.99,15.84
CELL_03148,45.7523,9.4395,211.8,Brivio,Brivio Centro,25.588,3.71,S_BRIVIO_PONTE,1217.5,15.22,15.1
CELL_03149,45.7523,9.4408,201.3,Brivio,Brivio Centro,27.533,3.99,S_BRIVIO_PONTE,1130.2,14.13,14.47
CELL_03150,45.7523,9.4421,207.5,Brivio,Brivio Centro,29.198,4.23,S_BRIVIO_PONTE,1051.0,13.14,13.2
CELL_03151,45.7523,9.4434,208.1,Brivio,Brivio Centro,29.947,4.34,S_BRIVIO_PONTE,981.6,12.27,12.31
CELL_03152,45.7523,9.4447,209.5,Brivio,Brivio Centro,29.847,4.33,S_BRIVIO_PONTE,924.3,11.55,11.53
CELL_03153,45.7523,9.446,206.0,Brivio,Brivio Centro,29.572,4.29,S_BRIVIO_PONTE,881.5,11.02,11.15
CELL_03154,45.7523,9.4473,212.5,Brivio,Brivio Centro,28.158,4.08,S_BRIVIO_PONTE,855.4,10.69,10.54
CELL_03155,45.7523,9.4486,209.5,Brivio,Brivio Centro,26.438,3.83,S_BRIVIO_PONTE,847.5,10.59,10.57
CELL_03156,45.7523,9.4499,208.7,Brivio,Brivio Centro,24.157,3.5,S_BRIVIO_PONTE,858.3,10.73,10.74
CELL_03157,45.7523,9.4512,213.2,Brivio,Brivio Centro,21.799,3.16,S_BRIVIO_PONTE,887.1,11.09,10.91
CELL_03158,45.7523,9.4525,212.7,Brivio,Brivio Centro,19.024,2.76,S_BRIVIO_PONTE,932.2,11.65,11.49
CELL_03159,45.7523,9.4538,209.6,Brivio,Brivio Centro,16.654,2.42,S_BRIVIO_PONTE,991.5,12.39,12.37
CELL_03160,45.7523,9.4551,204.9,Brivio,Brivio Centro,14.699,2.13,S_BRIVIO_PONTE,1062.6,13.28,13.46
CELL_03161,45.7523,9.4564,211.1,Brivio,Brivio Centro,12.627,1.83,S_BRIVIO_PONTE,1143.2,14.29,14.2
CELL_03162,45.7523,9.4577,213.2,Brivio,Brivio Centro,10.706,1.55,S_BRIVIO_PONTE,1231.5,15.39,15.21
CELL_03163,45.7532,9.355,377.4,La Valletta Brianza,Perego,8.229,1.8,S_VALLETTA_SP342,1074.4,13.43,13.54
CELL_03164,45.7532,9.3563,381.9,La Valletta Brianza,Perego,9.386,2.05,S_VALLETTA_SP342,1001.7,12.52,12.44
CELL_03165,45.7532,9.3576,375.4,La Valletta Brianza,Perego,10.184,2.22,S_VALLETTA_SP342,940.5,11.76,11.96
CELL_03166,45.7532,9.3589,383.4,La Valletta Brianza,Perego,11.293,2.47,S_VALLETTA_SP342,893.0,11.16,11.01
CELL_03167,45.7532,9.3602,382.2,La Valletta Brianza,Perego,11.895,2.6,S_VALLETTA_SP342,861.6,10.77,10.67
CELL_03168,45.7532,9.3615,373.4,La Valletta Brianza,Perego,12.639,2.76,S_VALLETTA_SP342,847.9,10.6,10.89
CELL_03169,45.7532,9.3628,377.9,La Valletta Brianza,Perego,13.158,2.87,S_VALLETTA_SP342,853.0,10.66,10.75
CELL_03170,45.7532,9.3641,412.2,Santa Maria Hoè,Trebbia,3.465,1.03,S_VALLETTA_SP342,876.4,10.95,9.63
CELL_03171,45.7532,9.3654,412.4,Santa Maria Hoè,Trebbia,4.148,1.23,S_VALLETTA_SP342,916.7,11.46,10.13
CELL_03172,45.7532,9.3667,413.3,Santa Maria Hoè,Trebbia,5.09,1.51,S_VALLETTA_SP342,971.9,12.15,10.78
CELL_03173,45.7532,9.368,412.0,Santa Maria Hoè,Trebbia,6.224,1.85,S_VALLETTA_SP342,1039.6,12.99,11.67
CELL_03174,45.7532,9.3693,405.5,Santa Maria Hoè,Trebbia,7.451,2.21,S_SMARIA_TREB,939.5,11.74,11.94
CELL_03175,45.7532,9.3706,409.9,Santa Maria Hoè,Trebbia,8.545,2.54,S_SMARIA_TREB,841.0,10.51,10.52
CELL_03176,45.7532,9.3719,415.5,Santa Maria Hoè,Trebbia,10.116,3.0,S_SMARIA_TREB,750.9,9.39,9.15
CELL_03177,45.7532,9.3732,411.3,Santa Maria Hoè,Trebbia,11.364,3.37,S_SMARIA_TREB,672.5,8.41,8.35
CELL_03178,45.7532,9.3745,410.4,Santa Maria Hoè,Trebbia,13.04,3.87,S_SMARIA_TREB,610.4,7.63,7.61
CELL_03179,45.7532,9.3758,414.5,Santa Maria Hoè,Trebbia,13.842,4.11,S_SMARIA_TREB,569.9,7.12,6.93
CELL_03180,45.7532,9.3771,415.1,Santa Maria Hoè,Trebbia,14.236,4.22,S_SMARIA_TREB,555.7,6.95,6.73
CELL_03181,45.7532,9.3784,416.0,Santa Maria Hoè,Trebbia,13.609,4.04,S_SMARIA_TREB,569.9,7.12,6.87
CELL_03182,45.7532,9.3797,417.0,Santa Maria Hoè,Trebbia,12.654,3.75,S_SMARIA_TREB,610.4,7.63,7.33
CELL_03183,45.7532,9.381,416.1,Santa Maria Hoè,Trebbia,11.424,3.39,S_SMARIA_TREB,672.5,8.41,8.14
CELL_03184,45.7532,9.3823,411.3,Santa Maria Hoè,Trebbia,9.883,2.93,S_SMARIA_TREB,750.9,9.39,9.33
CELL_03185,45.7532,9.3836,411.7,Santa Maria Hoè,Trebbia,8.488,2.52,S_SMARIA_TREB,841.0,10.51,10.44
CELL_03186,45.7532,9.3849,414.8,Santa Maria Hoè,Trebbia,7.212,2.14,S_SMARIA_TREB,939.5,11.74,11.54
CELL_03187,45.7532,9.3862,411.7,Santa Maria Hoè,Trebbia,6.152,1.83,S_SMARIA_TREB,1044.0,13.05,12.98
CELL_03188,45.7532,9.3875,411.2,Santa Maria Hoè,Trebbia,4.987,1.48,S_SMARIA_TREB,1152.9,14.41,14.36
CELL_03189,45.7532,9.3888,416.0,Santa Maria Hoè,Trebbia,4.215,1.25,S_SMARIA_TREB,1265.0,15.81,15.55
CELL_03190,45.7532,9.3901,411.2,Santa Maria Hoè,Trebbia,3.406,1.01,S_MONTICELLO_OLG,1556.8,19.46,16.77
CELL_03191,45.7532,9.3914,409.5,Santa Maria Hoè,Trebbia,2.964,0.88,S_MONTICELLO_OLG,1544.5,19.31,16.68
CELL_03192,45.7532,9.3927,341.4,Olgiate Molgora,Monticello,3.264,0.73,S_MONTICELLO_OLG,1542.5,19.28,19.44
CELL_03193,45.7532,9.394,341.2,Olgiate Molgora,Monticello,3.096,0.69,S_MONTICELLO_OLG,1550.9,19.39,19.55
CELL_03194,45.7532,9.3953,342.6,Olgiate Molgora,Monticello,2.98,0.66,S_MONTICELLO_OLG,1569.3,19.62,19.72
CELL_03195,45.7532,9.3966,341.1,Olgiate Molgora,Monticello,2.848,0.63,S_MONTICELLO_OLG,1597.6,19.97,20.14
CELL_03196,45.7532,9.3979,341.3,Olgiate Molgora,Monticello,2.781,0.62,S_MONTICELLO_OLG,1635.2,20.44,20.6
CELL_03197,45.7532,9.3992,347.4,Olgiate Molgora,Monticello,2.447,0.54,S_MONTICELLO_OLG,1681.4,21.02,20.91
CELL_03198,45.7532,9.433,211.7,Brivio,Brivio Centro,11.828,1.72,S_BRIVIO_CASTELLO,1667.8,20.85,20.69
CELL_03199,45.7532,9.4343,205.6,Brivio,Brivio Centro,13.781,2.0,S_BRIVIO_CASTELLO,1588.3,19.85,19.96
CELL_03200,45.7532,9.4356,212.2,Brivio,Brivio Centro,15.724,2.28,S_BRIVIO_CASTELLO,1515.2,18.94,18.76
CELL_03201,45.7532,9.4369,213.2,Brivio,Brivio Centro,17.486,2.54,S_BRIVIO_CASTELLO,1449.5,18.12,17.89
CELL_03202,45.7532,9.4382,211.8,Brivio,Brivio Centro,19.165,2.78,S_BRIVIO_CASTELLO,1392.1,17.4,17.24
CELL_03203,45.7532,9.4395,209.5,Brivio,Brivio Centro,21.052,3.05,S_BRIVIO_PONTE,1307.6,16.34,16.32
CELL_03204,45.7532,9.4408,210.1,Brivio,Brivio Centro,22.559,3.27,S_BRIVIO_PONTE,1226.8,15.33,15.29
CELL_03205,45.7532,9.4421,207.0,Brivio,Brivio Centro,23.613,3.42,S_BRIVIO_PONTE,1154.2,14.43,14.51
CELL_03206,45.7532,9.4434,215.3,Brivio,Brivio Centro,24.21,3.51,S_BRIVIO_PONTE,1091.4,13.64,13.37
CELL_03207,45.7532,9.4447,217.3,Brivio,Brivio Centro,24.142,3.5,S_BRIVIO_PONTE,1040.1,13.0,12.64
CELL_03208,45.7532,9.446,209.8,Brivio,Brivio Centro,23.807,3.45,S_BRIVIO_PONTE,1002.3,12.53,12.49
CELL_03209,45.7532,9.4473,208.1,Brivio,Brivio Centro,22.777,3.3,S_BRIVIO_PONTE,979.4,12.24,12.28
CELL_03210,45.7532,9.4486,214.0,Brivio,Brivio Centro,21.221,3.08,S_BRIVIO_PONTE,972.5,12.16,11.94
CELL_03211,45.7532,9.4499,207.9,Brivio,Brivio Centro,19.687,2.86,S_BRIVIO_PONTE,981.9,12.27,12.32
CELL_03212,45.7532,9.4512,207.4,Brivio,Brivio Centro,17.925,2.6,S_BRIVIO_PONTE,1007.2,12.59,12.66
CELL_03213,45.7532,9.4525,213.8,Brivio,Brivio Centro,16.105,2.34,S_BRIVIO_PONTE,1047.2,13.09,12.88
CELL_03214,45.7532,9.4538,214.0,Brivio,Brivio Centro,14.122,2.05,S_BRIVIO_PONTE,1100.3,13.75,13.54
CELL_03215,45.7532,9.4551,210.7,Brivio,Brivio Centro,12.556,1.82,S_BRIVIO_PONTE,1164.7,14.56,14.48
CELL_03216,45.7532,9.4564,206.9,Brivio,Brivio Centro,10.54,1.53,S_BRIVIO_PONTE,1238.7,15.48,15.58
CELL_03217,45.7541,9.3563,369.6,La Valletta Brianza,Perego,7.713,1.69,S_VALLETTA_SP342,1109.5,13.87,14.33
CELL_03218,45.7541,9.3576,379.3,La Valletta Brianza,Perego,8.696,1.9,S_VALLETTA_SP342,1054.6,13.18,13.21
CELL_03219,45.7541,9.3589,374.7,La Valletta Brianza,Perego,9.012,1.97,S_VALLETTA_SP342,1012.4,12.66,12.89
CELL_03220,45.7541,9.3602,373.8,La Valletta Brianza,Perego,9.808,2.14,S_VALLETTA_SP342,984.8,12.31,12.58
CELL_03221,45.7541,9.3615,377.7,La Valletta Brianza,Perego,10.247,2.24,S_VALLETTA_SP342,972.9,12.16,12.26
CELL_03222,45.7541,9.3628,380.7,La Valletta Brianza,Perego,10.442,2.28,S_VALLETTA_SP342,977.3,12.22,12.19
CELL_03223,45.7541,9.3641,414.1,Santa Maria Hoè,Trebbia,3.062,0.91,S_VALLETTA_SP342,997.8,12.47,11.07
CELL_03224,45.7541,9.3654,414.0,Santa Maria Hoè,Trebbia,3.823,1.13,S_VALLETTA_SP342,1033.4,12.92,11.51
CELL_03225,45.7541,9.3667,410.0,Santa Maria Hoè,Trebbia,4.416,1.31,S_VALLETTA_SP342,1082.7,13.53,12.28
CELL_03226,45.7541,9.368,408.9,Santa Maria Hoè,Trebbia,5.434,1.61,S_VALLETTA_SP342,1143.8,14.3,13.09
CELL_03227,45.7541,9.3693,411.9,Santa Maria Hoè,Trebbia,6.342,1.88,S_SMARIA_TREB,1018.5,12.73,12.65
CELL_03228,45.7541,9.3706,411.5,Santa Maria Hoè,Trebbia,7.518,2.23,S_SMARIA_TREB,928.4,11.61,11.54
CELL_03229,45.7541,9.3719,411.2,Santa Maria Hoè,Trebbia,8.527,2.53,S_SMARIA_TREB,847.6,10.6,10.54
CELL_03230,45.7541,9.3732,411.8,Santa Maria Hoè,Trebbia,9.438,2.8,S_SMARIA_TREB,779.0,9.74,9.66
CELL_03231,45.7541,9.3745,407.3,Santa Maria Hoè,Trebbia,10.698,3.17,S_SMARIA_TREB,726.1,9.08,9.19
CELL_03232,45.7541,9.3758,403.8,Santa Maria Hoè,Trebbia,11.272,3.34,S_SMARIA_TREB,692.3,8.65,8.93
CELL_03233,45.7541,9.3771,410.7,Santa Maria Hoè,Trebbia,11.287,3.35,S_SMARIA_TREB,680.7,8.51,8.48
CELL_03234,45.7541,9.3784,412.9,Santa Maria Hoè,Trebbia,11.236,3.33,S_SMARIA_TREB,692.3,8.65,8.53
CELL_03235,45.7541,9.3797,414.9,Santa Maria Hoè,Trebbia,10.601,3.15,S_SMARIA_TREB,726.1,9.08,8.86
CELL_03236,45.7541,9.381,412.6,Santa Maria Hoè,Trebbia,9.634,2.86,S_SMARIA_TREB,779.0,9.74,9.62
CELL_03237,45.7541,9.3823,410.2,Santa Maria Hoè,Trebbia,8.612,2.56,S_SMARIA_TREB,847.6,10.6,10.59
CELL_03238,45.7541,9.3836,410.5,Santa Maria Hoè,Trebbia,7.442,2.21,S_SMARIA_TREB,928.4,11.61,11.58
CELL_03239,45.7541,9.3849,413.8,Santa Maria Hoè,Trebbia,6.367,1.89,S_SMARIA_TREB,1018.5,12.73,12.57
CELL_03240,45.7541,9.3862,407.5,Santa Maria Hoè,Trebbia,5.283,1.57,S_SMARIA_TREB,1115.6,13.94,14.05
CELL_03241,45.7541,9.3875,414.1,Santa Maria Hoè,Trebbia,4.669,1.39,S_SMARIA_TREB,1218.1,15.23,15.05
CELL_03242,45.7541,9.3888,410.5,Santa Maria Hoè,Trebbia,3.874,1.15,S_SMARIA_TREB,1324.7,16.56,16.54
CELL_03243,45.7541,9.3901,409.1,Santa Maria Hoè,Trebbia,3.118,0.93,S_SMARIA_TREB,1434.4,17.93,17.97
CELL_03244,45.7541,9.3914,410.2,Santa Maria Hoè,Trebbia,2.747,0.82,S_MONTICELLO_OLG,1669.4,20.87,18.2
CELL_03245,45.7541,9.3927,411.7,Santa Maria Hoè,Trebbia,2.061,0.61,S_MONTICELLO_OLG,1667.5,20.84,18.12
CELL_03246,45.7541,9.394,341.6,Olgiate Molgora,Monticello,2.59,0.58,S_MONTICELLO_OLG,1675.2,20.94,21.09
CELL_03247,45.7541,9.3953,339.8,Olgiate Molgora,Monticello,2.457,0.55,S_MONTICELLO_OLG,1692.4,21.15,21.38
CELL_03248,45.7541,9.3966,341.0,Olgiate Molgora,Monticello,2.495,0.55,S_MONTICELLO_OLG,1718.6,21.48,21.66
CELL_03249,45.7541,9.4343,211.1,Brivio,Brivio Centro,11.469,1.66,S_BRIVIO_CASTELLO,1689.5,21.12,20.98
CELL_03250,45.7541,9.4356,210.9,Brivio,Brivio Centro,12.851,1.86,S_BRIVIO_CASTELLO,1621.0,20.26,20.14
CELL_03251,45.7541,9.4369,216.2,Brivio,Brivio Centro,14.625,2.12,S_BRIVIO_CASTELLO,1559.7,19.5,19.14
CELL_03252,45.7541,9.4382,205.6,Brivio,Brivio Centro,15.779,2.29,S_BRIVIO_PONTE,1485.0,18.56,18.71
CELL_03253,45.7541,9.4395,206.8,Brivio,Brivio Centro,17.26,2.5,S_BRIVIO_PONTE,1403.1,17.54,17.63
CELL_03254,45.7541,9.4408,210.3,Brivio,Brivio Centro,18.092,2.62,S_BRIVIO_PONTE,1328.1,16.6,16.54
CELL_03255,45.7541,9.4421,211.4,Brivio,Brivio Centro,19.005,2.76,S_BRIVIO_PONTE,1261.3,15.77,15.66
CELL_03256,45.7541,9.4434,207.7,Brivio,Brivio Centro,19.467,2.82,S_BRIVIO_PONTE,1204.1,15.05,15.11
CELL_03257,45.7541,9.4447,212.3,Brivio,Brivio Centro,19.258,2.79,S_BRIVIO_PONTE,1157.9,14.47,14.33
CELL_03258,45.7541,9.446,207.0,Brivio,Brivio Centro,18.972,2.75,S_BRIVIO_PONTE,1124.0,14.05,14.14
CELL_03259,45.7541,9.4473,214.7,Brivio,Brivio Centro,18.39,2.67,S_BRIVIO_PONTE,1103.7,13.8,13.55
CELL_03260,45.7541,9.4486,203.8,Brivio,Brivio Centro,17.485,2.54,S_BRIVIO_PONTE,1097.5,13.72,13.95
CELL_03261,45.7541,9.4499,213.3,Brivio,Brivio Centro,16.252,2.36,S_BRIVIO_PONTE,1105.9,13.82,13.64
CELL_03262,45.7541,9.4512,211.6,Brivio,Brivio Centro,14.739,2.14,S_BRIVIO_PONTE,1128.4,14.1,13.99
CELL_03263,45.7541,9.4525,210.9,Brivio,Brivio Centro,13.212,1.92,S_BRIVIO_PONTE,1164.2,14.55,14.47
CELL_03264,45.7541,9.4538,210.5,Brivio,Brivio Centro,11.99,1.74,S_BRIVIO_PONTE,1212.2,15.15,15.09
CELL_03265,45.7541,9.4551,208.3,Brivio,Brivio Centro,10.404,1.51,S_BRIVIO_PONTE,1271.0,15.89,15.92
CELL_03266,45.755,9.3589,378.9,La Valletta Brianza,Perego,7.492,1.64,S_VALLETTA_SP342,1133.1,14.16,14.21
CELL_03267,45.755,9.3602,378.2,La Valletta Brianza,Perego,7.941,1.73,S_VALLETTA_SP342,1108.4,13.86,13.93
CELL_03268,45.755,9.3615,376.7,La Valletta Brianza,Perego,8.363,1.83,S_VALLETTA_SP342,1097.9,13.72,13.87
CELL_03269,45.755,9.3628,411.0,Santa Maria Hoè,Trebbia,2.407,0.71,S_VALLETTA_SP342,1101.8,13.77,12.48
CELL_03270,45.755,9.3641,407.4,Santa Maria Hoè,Trebbia,2.786,0.83,S_VALLETTA_SP342,1120.0,14.0,12.85
CELL_03271,45.755,9.3654,413.5,Santa Maria Hoè,Trebbia,3.397,1.01,S_VALLETTA_SP342,1151.8,14.4,13.0
CELL_03272,45.755,9.3667,408.7,Santa Maria Hoè,Trebbia,4.206,1.25,S_VALLETTA_SP342,1196.2,14.95,13.75
CELL_03273,45.755,9.368,409.5,Santa Maria Hoè,Trebbia,4.874,1.45,S_VALLETTA_SP342,1251.8,15.65,14.41
CELL_03274,45.755,9.3693,412.6,Santa Maria Hoè,Trebbia,5.649,1.68,S_SMARIA_TREB,1106.0,13.82,13.71
CELL_03275,45.755,9.3706,412.7,Santa Maria Hoè,Trebbia,6.488,1.92,S_SMARIA_TREB,1023.6,12.8,12.68
CELL_03276,45.755,9.3719,414.5,Santa Maria Hoè,Trebbia,7.185,2.13,S_SMARIA_TREB,951.0,11.89,11.69
CELL_03277,45.755,9.3732,408.6,Santa Maria Hoè,Trebbia,7.889,2.34,S_SMARIA_TREB,890.4,11.13,11.19
CELL_03278,45.755,9.3745,407.4,Santa Maria Hoè,Trebbia,8.586,2.55,S_SMARIA_TREB,844.4,10.56,10.67
CELL_03279,45.755,9.3758,412.9,Santa Maria Hoè,Trebbia,9.233,2.74,S_SMARIA_TREB,815.6,10.19,10.07
CELL_03280,45.755,9.3771,409.2,Santa Maria Hoè,Trebbia,9.222,2.74,S_SMARIA_TREB,805.8,10.07,10.11
CELL_03281,45.755,9.3784,413.3,Santa Maria Hoè,Trebbia,9.144,2.71,S_SMARIA_TREB,815.6,10.19,10.05
CELL_03282,45.755,9.3797,408.4,Santa Maria Hoè,Trebbia,8.571,2.54,S_SMARIA_TREB,844.4,10.56,10.63
CELL_03283,45.755,9.381,411.1,Santa Maria Hoè,Trebbia,8.066,2.39,S_SMARIA_TREB,890.4,11.13,11.08
CELL_03284,45.755,9.3823,412.2,Santa Maria Hoè,Trebbia,7.376,2.19,S_SMARIA_TREB,951.0,11.89,11.79
CELL_03285,45.755,9.3836,410.7,Santa Maria Hoè,Trebbia,6.285,1.86,S_SMARIA_TREB,1023.6,12.8,12.76
CELL_03286,45.755,9.3849,410.8,Santa Maria Hoè,Trebbia,5.478,1.63,S_SMARIA_TREB,1106.0,13.82,13.79
CELL_03287,45.755,9.3862,410.8,Santa Maria Hoè,Trebbia,4.61,1.37,S_SMARIA_TREB,1196.0,14.95,14.92
CELL_03288,45.755,9.3875,407.4,Santa Maria Hoè,Trebbia,4.105,1.22,S_SMARIA_TREB,1292.1,16.15,16.27
CELL_03289,45.755,9.3888,415.3,Santa Maria Hoè,Trebbia,3.451,1.02,S_SMARIA_TREB,1393.0,17.41,17.18
CELL_03290,45.755,9.3901,415.3,Santa Maria Hoè,Trebbia,2.842,0.84,S_SMARIA_TREB,1497.8,18.72,18.49
CELL_03291,45.755,9.3914,415.7,Santa Maria Hoè,Trebbia,2.641,0.78,S_MONTICELLO_OLG,1794.2,22.43,19.54
CELL_03292,45.755,9.3927,411.5,Santa Maria Hoè,Trebbia,2.18,0.65,S_MONTICELLO_OLG,1792.5,22.41,19.68
CELL_03293,45.755,9.4356,209.7,Brivio,Brivio Centro,10.628,1.54,S_BRIVIO_CASTELLO,1729.4,21.62,21.54
CELL_03294,45.755,9.4369,208.0,Brivio,Brivio Centro,12.061,1.75,S_BRIVIO_PONTE,1662.5,20.78,20.83
CELL_03295,45.755,9.4382,209.6,Brivio,Brivio Centro,13.038,1.89,S_BRIVIO_PONTE,1579.7,19.75,19.72
CELL_03296,45.755,9.4395,205.1,Brivio,Brivio Centro,14.098,2.04,S_BRIVIO_PONTE,1502.9,18.79,18.96
CELL_03297,45.755,9.4408,211.8,Brivio,Brivio Centro,14.801,2.15,S_BRIVIO_PONTE,1433.1,17.91,17.79
CELL_03298,45.755,9.4421,210.8,Brivio,Brivio Centro,15.282,2.22,S_BRIVIO_PONTE,1371.5,17.14,17.06
CELL_03299,45.755,9.4434,203.9,Brivio,Brivio Centro,15.572,2.26,S_BRIVIO_PONTE,1319.1,16.49,16.71
CELL_03300,45.755,9.4447,211.7,Brivio,Brivio Centro,15.541,2.25,S_BRIVIO_PONTE,1277.0,15.96,15.85
CELL_03301,45.755,9.446,213.0,Brivio,Brivio Centro,15.302,2.22,S_BRIVIO_PONTE,1246.4,15.58,15.41
CELL_03302,45.755,9.4473,207.3,Brivio,Brivio Centro,14.948,2.17,S_BRIVIO_PONTE,1228.1,15.35,15.43
CELL_03303,45.755,9.4486,212.0,Brivio,Brivio Centro,14.127,2.05,S_BRIVIO_PONTE,1222.6,15.28,15.15
CELL_03304,45.755,9.4499,209.0,Brivio,Brivio Centro,13.286,1.93,S_BRIVIO_PONTE,1230.1,15.38,15.38
CELL_03305,45.755,9.4512,211.8,Brivio,Brivio Centro,12.347,1.79,S_BRIVIO_PONTE,1250.3,15.63,15.51
CELL_03306,45.755,9.4525,216.5,Brivio,Brivio Centro,11.154,1.62,S_BRIVIO_PONTE,1282.8,16.03,15.71
CELL_03307,45.7559,9.3628,410.1,Santa Maria Hoè,Trebbia,2.111,0.63,S_VALLETTA_SP342,1226.4,15.33,14.07
CELL_03308,45.7559,9.3641,407.2,Santa Maria Hoè,Trebbia,2.433,0.72,S_VALLETTA_SP342,1242.8,15.53,14.39
CELL_03309,45.7559,9.3654,417.6,Santa Maria Hoè,Trebbia,2.927,0.87,S_VALLETTA_SP342,1271.5,15.89,14.33
CELL_03310,45.7559,9.3667,412.0,Santa Maria Hoè,Trebbia,3.56,1.06,S_GIOVENZANA,870.5,10.88,14.89
CELL_03311,45.7559,9.368,415.1,Santa Maria Hoè,Trebbia,4.268,1.27,S_GIOVENZANA,897.6,11.22,15.03
CELL_03312,45.7559,9.3693,410.5,Santa Maria Hoè,Trebbia,4.907,1.46,S_SMARIA_TREB,1200.1,15.0,14.98
CELL_03313,45.7559,9.3706,408.4,Santa Maria Hoè,Trebbia,5.277,1.57,S_SMARIA_TREB,1124.7,14.06,14.13
CELL_03314,45.7559,9.3719,410.9,Santa Maria Hoè,Trebbia,5.957,1.77,S_SMARIA_TREB,1059.0,13.24,13.2
CELL_03315,45.7559,9.3732,411.5,Santa Maria Hoè,Trebbia,6.625,1.97,S_SMARIA_TREB,1004.9,12.56,12.5
CELL_03316,45.7559,9.3745,408.0,Santa Maria Hoè,Trebbia,6.928,2.06,S_SMARIA_TREB,964.4,12.06,12.14
CELL_03317,45.7559,9.3758,409.6,Santa Maria Hoè,Trebbia,7.542,2.24,S_SMARIA_TREB,939.3,11.74,11.76
CELL_03318,45.7559,9.3771,412.1,Santa Maria Hoè,Trebbia,7.588,2.25,S_SMARIA_TREB,930.8,11.63,11.54
CELL_03319,45.7559,9.3784,412.2,Santa Maria Hoè,Trebbia,7.345,2.18,S_SMARIA_TREB,939.3,11.74,11.65
CELL_03320,45.7559,9.3797,418.8,Santa Maria Hoè,Trebbia,6.918,2.05,S_SMARIA_TREB,964.4,12.06,11.68
CELL_03321,45.7559,9.381,412.6,Santa Maria Hoè,Trebbia,6.393,1.9,S_SMARIA_TREB,1004.9,12.56,12.45
CELL_03322,45.7559,9.3823,410.0,Santa Maria Hoè,Trebbia,6.166,1.83,S_SMARIA_TREB,1059.0,13.24,13.24
CELL_03323,45.7559,9.3836,409.6,Santa Maria Hoè,Trebbia,5.393,1.6,S_SMARIA_TREB,1124.7,14.06,14.08
CELL_03324,45.7559,9.3849,410.1,Santa Maria Hoè,Trebbia,4.685,1.39,S_SMARIA_TREB,1200.1,15.0,15.0
CELL_03325,45.7559,9.3862,418.6,Santa Maria Hoè,Trebbia,4.027,1.19,S_SMARIA_TREB,1283.6,16.04,15.67
CELL_03326,45.7559,9.3875,410.7,Santa Maria Hoè,Trebbia,3.485,1.03,S_SMARIA_TREB,1373.6,17.17,17.14
CELL_03327,45.7559,9.3888,412.0,Santa Maria Hoè,Trebbia,2.866,0.85,S_SMARIA_TREB,1468.9,18.36,18.27
CELL_03328,45.7559,9.3901,413.3,Santa Maria Hoè,Trebbia,2.595,0.77,S_SMARIA_TREB,1568.6,19.61,19.46
CELL_03329,45.7559,9.3914,413.9,Santa Maria Hoè,Trebbia,2.118,0.63,S_SMARIA_TREB,1671.9,20.9,20.73
CELL_03330,45.7559,9.4382,216.5,Brivio,Brivio Centro,10.542,1.53,S_BRIVIO_PONTE,1678.3,20.98,20.65
CELL_03331,45.7559,9.4395,215.1,Brivio,Brivio Centro,11.335,1.64,S_BRIVIO_PONTE,1606.2,20.08,19.81
CELL_03332,45.7559,9.4408,207.3,Brivio,Brivio Centro,12.116,1.76,S_BRIVIO_PONTE,1541.2,19.26,19.34
CELL_03333,45.7559,9.4421,207.8,Brivio,Brivio Centro,12.513,1.81,S_BRIVIO_PONTE,1484.0,18.55,18.6
CELL_03334,45.7559,9.4434,212.2,Brivio,Brivio Centro,12.428,1.8,S_BRIVIO_PONTE,1435.7,17.95,17.81
CELL_03335,45.7559,9.4447,212.9,Brivio,Brivio Centro,12.676,1.84,S_BRIVIO_PONTE,1397.2,17.46,17.3
CELL_03336,45.7559,9.446,209.2,Brivio,Brivio Centro,12.389,1.8,S_BRIVIO_PONTE,1369.3,17.12,17.11
CELL_03337,45.7559,9.4473,208.7,Brivio,Brivio Centro,12.051,1.75,S_BRIVIO_PONTE,1352.6,16.91,16.92
CELL_03338,45.7559,9.4486,205.1,Brivio,Brivio Centro,11.671,1.69,S_BRIVIO_PONTE,1347.6,16.84,17.02
CELL_03339,45.7559,9.4499,206.2,Brivio,Brivio Centro,10.619,1.54,S_BRIVIO_PONTE,1354.4,16.93,17.05
CELL_03340,45.7568,9.3628,415.1,Santa Maria Hoè,Trebbia,1.963,0.58,S_GIOVENZANA,778.4,9.73,13.63
CELL_03341,45.7568,9.3641,413.0,Santa Maria Hoè,Trebbia,2.141,0.64,S_GIOVENZANA,747.0,9.34,13.39
CELL_03342,45.7568,9.3654,409.8,Santa Maria Hoè,Trebbia,2.763,0.82,S_GIOVENZANA,736.3,9.2,13.48
CELL_03343,45.7568,9.3667,409.6,Santa Maria Hoè,Trebbia,3.024,0.9,S_GIOVENZANA,747.0,9.34,13.61
CELL_03344,45.7568,9.368,416.0,Santa Maria Hoè,Trebbia,3.627,1.08,S_GIOVENZANA,778.4,9.73,13.57
CELL_03345,45.7568,9.3693,414.9,Santa Maria Hoè,Trebbia,3.91,1.16,S_GIOVENZANA,828.0,10.35,14.22
CELL_03346,45.7568,9.3706,412.0,Santa Maria Hoè,Trebbia,4.54,1.35,S_GIOVENZANA,892.9,11.16,15.15
CELL_03347,45.7568,9.3719,413.9,Santa Maria Hoè,Trebbia,4.857,1.44,S_SMARIA_TREB,1170.4,14.63,14.46
CELL_03348,45.7568,9.3732,410.4,Santa Maria Hoè,Trebbia,5.209,1.55,S_SMARIA_TREB,1121.7,14.02,14.0
CELL_03349,45.7568,9.3745,410.0,Santa Maria Hoè,Trebbia,5.568,1.65,S_SMARIA_TREB,1085.6,13.57,13.57
CELL_03350,45.7568,9.3758,405.4,Santa Maria Hoè,Trebbia,5.981,1.77,S_SMARIA_TREB,1063.3,13.29,13.49
CELL_03351,45.7568,9.3771,413.5,Santa Maria Hoè,Trebbia,6.207,1.84,S_SMARIA_TREB,1055.8,13.2,13.05
CELL_03352,45.7568,9.3784,412.3,Santa Maria Hoè,Trebbia,6.144,1.82,S_SMARIA_TREB,1063.3,13.29,13.19
CELL_03353,45.7568,9.3797,410.8,Santa Maria Hoè,Trebbia,5.74,1.7,S_SMARIA_TREB,1085.6,13.57,13.54
CELL_03354,45.7568,9.381,405.3,Santa Maria Hoè,Trebbia,5.343,1.59,S_SMARIA_TREB,1121.7,14.02,14.23
CELL_03355,45.7568,9.3823,409.9,Santa Maria Hoè,Trebbia,5.145,1.53,S_SMARIA_TREB,1170.4,14.63,14.63
CELL_03356,45.7568,9.3836,412.8,Santa Maria Hoè,Trebbia,4.327,1.28,S_SMARIA_TREB,1230.2,15.38,15.26
CELL_03357,45.7568,9.3849,411.9,Santa Maria Hoè,Trebbia,4.175,1.24,S_SMARIA_TREB,1299.5,16.24,16.16
CELL_03358,45.7568,9.3862,413.5,Santa Maria Hoè,Trebbia,3.708,1.1,S_SMARIA_TREB,1376.9,17.21,17.06
CELL_03359,45.7568,9.3875,412.4,Santa Maria Hoè,Trebbia,3.264,0.97,S_SMARIA_TREB,1461.2,18.26,18.16
CELL_03360,45.7568,9.3888,408.2,Santa Maria Hoè,Trebbia,2.758,0.82,S_SMARIA_TREB,1551.2,19.39,19.47
CELL_03361,45.7568,9.3901,410.0,Santa Maria Hoè,Trebbia,2.358,0.7,S_SMARIA_TREB,1645.9,20.57,20.57
CELL_03362,45.7568,9.3914,416.9,Santa Maria Hoè,Trebbia,1.799,0.53,S_SMARIA_TREB,1744.6,21.81,21.51
CELL_03363,45.7577,9.3641,417.3,Santa Maria Hoè,Trebbia,1.978,0.59,S_GIOVENZANA,624.2,7.8,11.73
CELL_03364,45.7577,9.3654,409.4,Santa Maria Hoè,Trebbia,2.45,0.73,S_GIOVENZANA,611.3,7.64,12.12
CELL_03365,45.7577,9.3667,418.0,Santa Maria Hoè,Trebbia,2.674,0.79,S_GIOVENZANA,624.2,7.8,11.68
CELL_03366,45.7577,9.368,417.3,Santa Maria Hoè,Trebbia,3.212,0.95,S_GIOVENZANA,661.4,8.27,12.15
CELL_03367,45.7577,9.3693,409.2,Santa Maria Hoè,Trebbia,3.597,1.07,S_GIOVENZANA,719.1,8.99,13.32
CELL_03368,45.7577,9.3706,409.3,Santa Maria Hoè,Trebbia,3.679,1.09,S_GIOVENZANA,792.9,9.91,14.15
CELL_03369,45.7577,9.3719,411.7,Santa Maria Hoè,Trebbia,4.269,1.27,S_GIOVENZANA,878.7,10.98,15.0
CELL_03370,45.7577,9.3732,410.3,Santa Maria Hoè,Trebbia,4.545,1.35,S_SMARIA_TREB,1240.1,15.5,15.49
CELL_03371,45.7577,9.3745,408.0,Santa Maria Hoè,Trebbia,4.695,1.39,S_SMARIA_TREB,1207.6,15.09,15.18
CELL_03372,45.7577,9.3758,414.2,Santa Maria Hoè,Trebbia,5.032,1.49,S_SMARIA_TREB,1187.6,14.84,14.66
CELL_03373,45.7577,9.3771,410.0,Santa Maria Hoè,Trebbia,5.103,1.51,S_SMARIA_TREB,1180.9,14.76,14.76
CELL_03374,45.7577,9.3784,413.5,Santa Maria Hoè,Trebbia,4.85,1.44,S_SMARIA_TREB,1187.6,14.84,14.69
CELL_03375,45.7577,9.3797,408.4,Santa Maria Hoè,Trebbia,4.727,1.4,S_SMARIA_TREB,1207.6,15.09,15.16
CELL_03376,45.7577,9.381,411.2,Santa Maria Hoè,Trebbia,4.34,1.29,S_SMARIA_TREB,1240.1,15.5,15.45
CELL_03377,45.7577,9.3823,414.7,Santa Maria Hoè,Trebbia,4.265,1.27,S_SMARIA_TREB,1284.3,16.05,15.85
CELL_03378,45.7577,9.3836,414.6,Santa Maria Hoè,Trebbia,3.688,1.09,S_SMARIA_TREB,1339.0,16.74,16.54
CELL_03379,45.7577,9.3849,412.6,Santa Maria Hoè,Trebbia,3.514,1.04,S_SMARIA_TREB,1403.0,17.54,17.42
CELL_03380,45.7577,9.3862,413.9,Santa Maria Hoè,Trebbia,3.19,0.95,S_SMARIA_TREB,1475.0,18.44,18.27
CELL_03381,45.7577,9.3875,411.9,Santa Maria Hoè,Trebbia,2.644,0.78,S_SMARIA_TREB,1553.9,19.42,19.34
CELL_03382,45.7577,9.3888,409.4,Santa Maria Hoè,Trebbia,2.508,0.74,S_SMARIA_TREB,1638.8,20.49,20.51
CELL_03383,45.7577,9.3901,413.5,Santa Maria Hoè,Trebbia,2.189,0.65,S_SMARIA_TREB,1728.8,21.61,21.46
CELL_03384,45.7586,9.3654,422.6,Santa Maria Hoè,Trebbia,2.037,0.6,S_GIOVENZANA,486.2,6.08,9.87
CELL_03385,45.7586,9.3667,413.6,Santa Maria Hoè,Trebbia,2.411,0.72,S_GIOVENZANA,502.4,6.28,10.69
CELL_03386,45.7586,9.368,411.3,Santa Maria Hoè,Trebbia,2.501,0.74,S_GIOVENZANA,547.9,6.85,11.32
CELL_03387,45.7586,9.3693,417.8,Santa Maria Hoè,Trebbia,2.957,0.88,S_GIOVENZANA,616.4,7.7,11.61
CELL_03388,45.7586,9.3706,414.9,Santa Maria Hoè,Trebbia,3.102,0.92,S_GIOVENZANA,701.1,8.76,12.75
CELL_03389,45.7586,9.3719,412.4,Santa Maria Hoè,Trebbia,3.454,1.02,S_GIOVENZANA,796.9,9.96,14.01
CELL_03390,45.7586,9.3732,411.4,Santa Maria Hoè,Trebbia,3.794,1.13,S_GIOVENZANA,900.2,11.25,15.27
CELL_03391,45.7586,9.3745,413.5,Santa Maria Hoè,Trebbia,3.941,1.17,S_GIOVENZANA,1008.8,12.61,16.44
CELL_03392,45.7586,9.3758,416.7,Santa Maria Hoè,Trebbia,3.863,1.15,S_SMARIA_TREB,1312.0,16.4,16.11
CELL_03393,45.7586,9.3771,415.1,Santa Maria Hoè,Trebbia,4.15,1.23,S_SMARIA_TREB,1305.9,16.32,16.1
CELL_03394,45.7586,9.3784,408.2,Santa Maria Hoè,Trebbia,3.769,1.12,S_SMARIA_TREB,1312.0,16.4,16.48
CELL_03395,45.7586,9.3797,415.9,Santa Maria Hoè,Trebbia,3.787,1.12,S_SMARIA_TREB,1330.1,16.63,16.37
CELL_03396,45.7586,9.381,412.4,Santa Maria Hoè,Trebbia,3.726,1.11,S_SMARIA_TREB,1359.7,17.0,16.89
CELL_03397,45.7586,9.3823,409.0,Santa Maria Hoè,Trebbia,3.391,1.01,S_SMARIA_TREB,1400.1,17.5,17.55
CELL_03398,45.7586,9.3836,413.6,Santa Maria Hoè,Trebbia,3.174,0.94,S_SMARIA_TREB,1450.5,18.13,17.97
CELL_03399,45.7586,9.3849,414.2,Santa Maria Hoè,Trebbia,2.75,0.82,S_SMARIA_TREB,1509.7,18.87,18.69
CELL_03400,45.7586,9.3862,408.8,Santa Maria Hoè,Trebbia,2.448,0.73,S_SMARIA_TREB,1576.9,19.71,19.76
CELL_03401,45.7586,9.3875,413.0,Santa Maria Hoè,Trebbia,2.119,0.63,S_SMARIA_TREB,1650.9,20.64,20.51
CELL_03402,45.7586,9.3888,412.8,Santa Maria Hoè,Trebbia,2.011,0.6,S_SMARIA_TREB,1731.1,21.64,21.52
CELL_03403,45.7595,9.368,409.1,Santa Maria Hoè,Trebbia,2.291,0.68,S_GIOVENZANA,440.7,5.51,10.47
CELL_03404,45.7595,9.3693,414.9,Santa Maria Hoè,Trebbia,2.425,0.72,S_GIOVENZANA,523.4,6.54,10.81
CELL_03405,45.7595,9.3706,414.6,Santa Maria Hoè,Trebbia,2.816,0.84,S_GIOVENZANA,620.9,7.76,11.87
CELL_03406,45.7595,9.3719,413.6,Santa Maria Hoè,Trebbia,2.989,0.89,S_GIOVENZANA,727.3,9.09,13.13
CELL_03407,45.7595,9.3732,413.8,Santa Maria Hoè,Trebbia,2.847,0.84,S_GIOVENZANA,839.3,10.49,14.42
CELL_03408,45.7595,9.3745,414.4,Santa Maria Hoè,Trebbia,3.278,0.97,S_GIOVENZANA,954.8,11.93,15.75
CELL_03409,45.7595,9.3758,411.7,Santa Maria Hoè,Trebbia,3.254,0.97,S_GIOVENZANA,1072.7,13.41,17.31
CELL_03410,45.7595,9.3771,410.7,Santa Maria Hoè,Trebbia,3.431,1.02,S_SMARIA_TREB,1430.9,17.89,17.86
CELL_03411,45.7595,9.3784,409.8,Santa Maria Hoè,Trebbia,3.124,0.93,S_SMARIA_TREB,1436.5,17.96,17.96
CELL_03412,45.7595,9.3797,402.9,Santa Maria Hoè,Trebbia,3.046,0.9,S_SMARIA_TREB,1453.0,18.16,18.48
CELL_03413,45.7595,9.381,410.6,Santa Maria Hoè,Trebbia,2.887,0.86,S_SMARIA_TREB,1480.2,18.5,18.48
CELL_03414,45.7595,9.3823,412.9,Santa Maria Hoè,Trebbia,2.857,0.85,S_SMARIA_TREB,1517.4,18.97,18.84
CELL_03415,45.7595,9.3836,410.6,Santa Maria Hoè,Trebbia,2.611,0.77,S_SMARIA_TREB,1564.0,19.55,19.52
CELL_03416,45.7595,9.3849,413.6,Santa Maria Hoè,Trebbia,2.249,0.67,S_SMARIA_TREB,1619.1,20.24,20.08
CELL_03417,45.7595,9.3862,414.1,Santa Maria Hoè,Trebbia,2.24,0.66,S_SMARIA_TREB,1681.9,21.02,20.84
