{"type": "FeatureCollection", "features": [{"type": "Feature", "properties": {"feature_role": "DECISION_CORE", "epistemic_status": "FACT_OFFICIAL_ISTAT_2026_BOUNDARIES_UNION"}, "geometry": {"type": "Polygon", "coordinates": [[[9.447375472236837, 45.731220188723114], [9.447691210356597, 45.73062631469978], [9.447727658671187, 45.730365153825346], [9.447825817049866, 45.729779709539514], [9.448509784934643, 45.728525929004505], [9.44922015767919, 45.72736205080246], [9.449812952123652, 45.72596460061783], [9.450664546780967, 45.724791160528675], [9.450441888128053, 45.72426998485104], [9.450049498184232, 45.72341647614603], [9.449872638409534, 45.72219305989399], [9.450056563445669, 45.72109425336297], [9.449981055245402, 45.71969043420519], [9.44996653269293, 45.7178813548149], [9.45000737650803, 45.716567088177506], [9.449731849395338, 45.71585709999172], [9.449078078433452, 45.716048689331785], [9.448723868590195, 45.71612200916059], [9.44865410335656, 45.71610605110443], [9.448437561270586, 45.716045509494094], [9.448225070703957, 45.716002619248826], [9.447913122441781, 45.71600384266079], [9.447776219754205, 45.71604810339006], [9.447601803838005, 45.71608377385189], [9.447452495917705, 45.716136838770794], [9.447278427054274, 45.71621623146516], [9.447166539858443, 45.71626913060201], [9.446991912442527, 45.716278569928086], [9.446828808154589, 45.716165510738584], [9.44680334909279, 45.71610439316442], [9.446691487508124, 45.71615730973848], [9.44661701495384, 45.71621006294843], [9.446492235933233, 45.71621055065789], [9.446317287486622, 45.71617626612159], [9.446192369311387, 45.71615926009232], [9.446005200295616, 45.71615999091162], [9.445830574152218, 45.716169410456196], [9.445781002521219, 45.71621332797212], [9.445819629472021, 45.716361862362], [9.445832451894514, 45.716405536410704], [9.445820881268133, 45.71651927876096], [9.445796813982843, 45.716633071669975], [9.445762417869828, 45.71668909543921], [9.445770205321178, 45.7169437237595], [9.446004845655949, 45.71736583834353], [9.446263873089304, 45.71752234083124], [9.446418013061688, 45.717616247027756], [9.446548298301245, 45.717840756917205], [9.446447297129957, 45.71786365813174], [9.446260040474577, 45.71790348737302], [9.446080900893616, 45.717941588864576], [9.445599050515257, 45.71804247526825], [9.44548596305152, 45.71806092597228], [9.444475602680445, 45.71821927879638], [9.444367053080665, 45.71823629131242], [9.444199468367021, 45.718268444886604], [9.443789696816799, 45.718346536898096], [9.44323783338658, 45.71842969447825], [9.442749990333041, 45.718485596223694], [9.441941370763105, 45.718596729337406], [9.441744969019714, 45.71864248386817], [9.44166479858214, 45.71866080350976], [9.441402699082573, 45.718724822897904], [9.441252968654887, 45.718695483535086], [9.440862183332577, 45.71861890754129], [9.440403650902175, 45.71913371772894], [9.440008922768524, 45.719594269251445], [9.43938017448324, 45.71970469043619], [9.439190375979953, 45.72008345444503], [9.439081584543912, 45.72095693781241], [9.438576621386039, 45.72211096963583], [9.438107384840272, 45.72229279205044], [9.438025531291348, 45.722302101288214], [9.437720169433842, 45.72217726054626], [9.437329394636896, 45.722016744600566], [9.436519593011951, 45.72198384193867], [9.435824341403935, 45.72180404116121], [9.43557640881322, 45.72173993525022], [9.435425118383762, 45.72169999488003], [9.435301299528241, 45.72164286254242], [9.434883467645562, 45.72145003485435], [9.434012825920437, 45.72185838474859], [9.432417970549066, 45.72215059425754], [9.43235747439329, 45.7221616799619], [9.431561831045334, 45.72229971349115], [9.430557255356272, 45.72200646681275], [9.430311320313677, 45.721773380010404], [9.429541503472278, 45.72192929388355], [9.428668130463022, 45.72198656446001], [9.428075111316335, 45.721736783797134], [9.42763635227792, 45.721495401048045], [9.427479832072516, 45.72118995358661], [9.427262891757534, 45.721388795996916], [9.427033312073009, 45.72161467230223], [9.426558430710408, 45.721688447202105], [9.426285912552489, 45.72133843528452], [9.425975256527764, 45.72104257504814], [9.425501717954647, 45.72129634378536], [9.425594262045717, 45.72163803364766], [9.425261747763658, 45.72184629719666], [9.425392776733789, 45.722178828743715], [9.424841190000139, 45.72230689220999], [9.425170324407887, 45.72292221291092], [9.42520618085126, 45.7229895835849], [9.424971010427091, 45.723254093469066], [9.424620052962313, 45.72364882370362], [9.424564591596411, 45.72365115040137], [9.424151162462545, 45.723668557076586], [9.42410618630202, 45.723668724039854], [9.424071853650775, 45.72422690568124], [9.423005051306289, 45.72420385625684], [9.422788092542273, 45.724180892747], [9.421526050765321, 45.72404731020973], [9.420855865010065, 45.72378876345596], [9.42084025023776, 45.723419782382926], [9.420834172671844, 45.7233883947199], [9.420772269536966, 45.72306909653939], [9.420719950313213, 45.722799182747295], [9.420097671840098, 45.722072411308574], [9.419552919046154, 45.72139936007241], [9.419407600254107, 45.72086884242848], [9.419996660682116, 45.720596665538544], [9.420909385032257, 45.72064731677588], [9.421822788173545, 45.720787950834676], [9.422551968681978, 45.720672756307714], [9.422875228951453, 45.72062204782322], [9.423361616828029, 45.72036822342884], [9.422959947102264, 45.719928672273845], [9.422327134436086, 45.71950798221817], [9.421566470779693, 45.71916877660317], [9.421476257684205, 45.71914765334632], [9.420922861739811, 45.71901813340221], [9.420325856905478, 45.71909821341482], [9.419818889891106, 45.71916619815471], [9.41900003891892, 45.71963724902766], [9.417834052396197, 45.720082558974966], [9.416948095801107, 45.72017578736839], [9.416201100252787, 45.71994449851107], [9.4151717602711, 45.71975922698156], [9.41410444898973, 45.71965509815123], [9.413334016708045, 45.7197298889592], [9.412951133292392, 45.72008230264306], [9.412690617755251, 45.72037764548971], [9.412632547771299, 45.720443479109896], [9.41244631617866, 45.7206736852616], [9.412079822505541, 45.72041848694619], [9.411731817598524, 45.72027572082377], [9.412024524667272, 45.71988763600838], [9.412085982858645, 45.71950938012731], [9.411366877596674, 45.71957497803717], [9.411310675473619, 45.719565538733], [9.41067699171107, 45.71944913472194], [9.410321491527355, 45.71894867985433], [9.409700178696927, 45.71832986640337], [9.40903761204007, 45.717824546042486], [9.40866649475781, 45.717541500243556], [9.408643009189849, 45.71751457915703], [9.408299813218685, 45.71712529217911], [9.408236865242701, 45.71707150333554], [9.408208104409413, 45.7170172574839], [9.408178072676572, 45.71693722167894], [9.408165672937676, 45.716904176345686], [9.408058497583172, 45.716614748791805], [9.407973595514298, 45.716372423776264], [9.407913726585504, 45.71616648415062], [9.407878582241628, 45.71601356093621], [9.407841676300608, 45.716028582708425], [9.407793406325565, 45.716046551389], [9.40775184064183, 45.716064484421004], [9.407663420940732, 45.71610004888088], [9.407384772447779, 45.71621398123042], [9.406602256498779, 45.716387775864476], [9.406238643938694, 45.715858019500494], [9.406166672031336, 45.71584328905722], [9.405914522840767, 45.715791667322044], [9.40556609683312, 45.715721303339876], [9.404938786514279, 45.71556561482139], [9.404845727400135, 45.71513391880956], [9.40470270950203, 45.71490039388722], [9.403996392357891, 45.714947907565694], [9.403429367452288, 45.71471587957637], [9.402954640884795, 45.71480756651333], [9.403086687145436, 45.7153021501465], [9.402844232617962, 45.71553701889431], [9.403195874961519, 45.71619282151268], [9.403274722678136, 45.71643557108897], [9.402879254718009, 45.71683299152239], [9.403138892058577, 45.717201113767416], [9.403807401115264, 45.71725276311982], [9.404132117417287, 45.71766893512017], [9.40415757455063, 45.71770156116389], [9.403982032909894, 45.71830523353073], [9.403599488859355, 45.718711606021415], [9.403116068477232, 45.71938836509243], [9.403037881718381, 45.71932204136281], [9.402968191409924, 45.71926287564578], [9.402469663869788, 45.71884160366591], [9.402321156972757, 45.71866805674514], [9.402223767057768, 45.7185542470706], [9.402186838890428, 45.718511092248555], [9.402034417824186, 45.71833296921842], [9.401996402761144, 45.71828854274515], [9.401890877829748, 45.71816522235955], [9.401640391366167, 45.717873287513946], [9.401741998343061, 45.71781187517492], [9.401814802725884, 45.71776848733189], [9.401904359058491, 45.717715117136166], [9.402045958662834, 45.71763073151341], [9.402126528904244, 45.71758271583491], [9.402007158795724, 45.717061080695174], [9.401956716375786, 45.7170764362181], [9.40180819679393, 45.71712164760384], [9.401685329699419, 45.717159049525314], [9.401468665966043, 45.717225004748286], [9.400961705087392, 45.71640771156154], [9.400457970956458, 45.71650886422391], [9.400377801776116, 45.71652594248613], [9.400176957690803, 45.71656529197359], [9.400140550648846, 45.71657260212534], [9.400093333319868, 45.717157810330555], [9.399794876831944, 45.71719937129468], [9.399130638954485, 45.71729620299391], [9.398550001276762, 45.71695619606964], [9.398478547087413, 45.71684392723793], [9.398368071011818, 45.71666880774449], [9.39823088102576, 45.71594466503595], [9.398207887935177, 45.715823287495034], [9.398646803500357, 45.71547470312611], [9.398820454528082, 45.71533678988031], [9.398891904312697, 45.714443788824795], [9.398156810321568, 45.71405932389253], [9.397630308583594, 45.71409715802641], [9.397151120416018, 45.7139945486753], [9.397051304909539, 45.71397301915703], [9.397058316772924, 45.71387511016479], [9.39706293479538, 45.71381110651178], [9.397109607549334, 45.71314490558469], [9.397080316053398, 45.713069797578704], [9.396769394001849, 45.712273003295884], [9.396762579468525, 45.71130994977045], [9.396853739019342, 45.71116692087202], [9.397026946100874, 45.710894976273934], [9.397416525570002, 45.710283243732356], [9.397486239385668, 45.7102031379426], [9.397971467425224, 45.70966761350064], [9.398618006088402, 45.70868540449145], [9.398695942394221, 45.708567002305436], [9.398631922457488, 45.70848355776184], [9.398286149396199, 45.70803286986615], [9.398242081908812, 45.70797452900805], [9.398574347671751, 45.70749769182482], [9.398596354161674, 45.70745949750964], [9.398711880683123, 45.707297421803766], [9.398801337843327, 45.70717349871522], [9.398956297774497, 45.706967695061635], [9.399450726909928, 45.706314165426484], [9.39900635395723, 45.7060389818904], [9.398922672735864, 45.70598578406885], [9.39885514267065, 45.70594417775572], [9.398807494301645, 45.70591415715848], [9.398694184602657, 45.705843691015545], [9.398328099151147, 45.70561602682285], [9.397348868650159, 45.705205419890234], [9.396365315472961, 45.70568495521622], [9.395910477618605, 45.70526440394096], [9.39519805866971, 45.70442980356077], [9.394383000692006, 45.703613544707935], [9.393716279693143, 45.703795866925674], [9.393474682196025, 45.70435012891835], [9.393425513021304, 45.70446292727133], [9.392230786711329, 45.70445803974725], [9.391989239510506, 45.70481889422015], [9.39155567022238, 45.705279413594134], [9.390864120029132, 45.7055878147151], [9.390005927885339, 45.705950772896905], [9.389455417255622, 45.70622266534811], [9.389380580961609, 45.706546963227765], [9.38939723180084, 45.707095949780715], [9.388679406649537, 45.70732341171275], [9.38786882180803, 45.70714614482135], [9.387111364034908, 45.70722071493086], [9.387100326885724, 45.70748178938499], [9.387397989384985, 45.70779579086741], [9.387540917041996, 45.708029338034734], [9.387143098452114, 45.70809369604625], [9.386537759747382, 45.707870728099905], [9.385585057642446, 45.7075769098025], [9.384814627172139, 45.707633517636374], [9.384240591084339, 45.70822950680902], [9.383639508233195, 45.70862755253527], [9.383513989402708, 45.70906000021884], [9.38299158140388, 45.70969181107925], [9.381979915308122, 45.71017223897298], [9.381250991019083, 45.71066972352072], [9.38100870923705, 45.71094054605759], [9.381293979113426, 45.71132662542715], [9.380614648804876, 45.71156290343242], [9.380822667583297, 45.71192225325348], [9.380555735445583, 45.71234617420689], [9.379570291614433, 45.712916503916894], [9.379420147636202, 45.7135110403259], [9.378662895056793, 45.71363056845455], [9.377792812356528, 45.71416448178823], [9.376996905976126, 45.71426611696648], [9.37623994000536, 45.71443064287687], [9.375252575021001, 45.714721913945155], [9.374457470628117, 45.71494954088798], [9.374035344657937, 45.7152299331263], [9.37352279511846, 45.71543863646036], [9.373550277040982, 45.71570856067847], [9.37325579238514, 45.71586253941679], [9.373155286310006, 45.716204901660305], [9.372733897929804, 45.716602302384274], [9.371720585450793, 45.71686662146656], [9.371373002841121, 45.71676874575157], [9.370538854141138, 45.71692447036841], [9.369898614290992, 45.717259564580125], [9.369037796695807, 45.71727136262594], [9.36853876093833, 45.71758798331576], [9.368360353095335, 45.717813576755674], [9.36800223200341, 45.71806675309208], [9.367513986712027, 45.7180683246909], [9.367255758044074, 45.71788013835574], [9.366511407486191, 45.71801755315462], [9.365895520299096, 45.71815453375795], [9.365009765501688, 45.71828337813912], [9.363959121082853, 45.7187457614225], [9.363115784716436, 45.71947750820369], [9.362335759031726, 45.72006502623109], [9.360951904315552, 45.72067245781832], [9.35944044152939, 45.721424276839976], [9.35832824739569, 45.722327859224094], [9.357432295727241, 45.72288870192736], [9.356856003162454, 45.723196536443965], [9.356136383559829, 45.72319878185923], [9.355400439881198, 45.72265201381499], [9.354404200758449, 45.72158403086555], [9.354181109872181, 45.720846665119055], [9.35458877057525, 45.720287345310396], [9.354804001555166, 45.7197826498938], [9.353670940065951, 45.71941712419465], [9.353442434265702, 45.71985887103449], [9.353127069944987, 45.720795917664475], [9.35294266558686, 45.72109225253353], [9.352745442107368, 45.72140914396773], [9.3518771370426, 45.72228490431745], [9.351125290587904, 45.723295288474475], [9.351348828301019, 45.724104661173804], [9.351444820880317, 45.72506744085184], [9.351603838763952, 45.7258394248845], [9.351617140017797, 45.725903992464886], [9.350999948221844, 45.725851881053025], [9.34967496085663, 45.7256399215714], [9.348530905376021, 45.72558940720701], [9.348404183109325, 45.72587781694656], [9.348703238669437, 45.72643495937033], [9.348821234553666, 45.72681263198112], [9.348978380883285, 45.72728017826748], [9.349301622341175, 45.72759421777089], [9.349521783179695, 45.727863576841465], [9.349357119865077, 45.72825110945041], [9.349591530991775, 45.72874542262544], [9.34951828842688, 45.729366706638125], [9.349199464981677, 45.729763705793005], [9.348237319645296, 45.730045669187064], [9.347028647546292, 45.72995034095957], [9.34642461903591, 45.729952174034366], [9.346526084088982, 45.730020143520456], [9.34716023706118, 45.73044497213719], [9.347187693736624, 45.73048300158692], [9.34740657013861, 45.730786281618464], [9.347311310083287, 45.7310340871262], [9.347191538432824, 45.7313449706473], [9.34710530854095, 45.731948283545506], [9.34627220062424, 45.73231984860051], [9.345466323693524, 45.7329433297106], [9.34415967544775, 45.73364932965116], [9.344546985039402, 45.73392718887205], [9.345240360560286, 45.73381707664925], [9.345445644420185, 45.73394621754632], [9.345653217073645, 45.73407681647261], [9.345655327118667, 45.73441884200795], [9.345386747535052, 45.73463567538514], [9.345080600810622, 45.735014633614256], [9.344402406185614, 45.735502714203264], [9.34429175776733, 45.735748495894974], [9.344217642528749, 45.73591320281645], [9.344098121383228, 45.73617872271105], [9.34412840126912, 45.736925683326874], [9.344107133737772, 45.737645812109825], [9.34353092163166, 45.73800756941919], [9.343249965578464, 45.738305430907474], [9.343638601111232, 45.73879931088654], [9.344144602741371, 45.73956284806187], [9.343608013564923, 45.7400954944153], [9.342683486561302, 45.74026028208748], [9.341963948485358, 45.740307452550354], [9.341695820532136, 45.740605272598444], [9.342507324264295, 45.74088186898301], [9.342535576415257, 45.74129581645606], [9.342858642744728, 45.74157385741841], [9.343711301509874, 45.74226435470091], [9.34361010224427, 45.74253468987685], [9.343148220036257, 45.74268008021259], [9.342660666718993, 45.74283455812695], [9.341466714759166, 45.743090153837], [9.34090456392296, 45.743658863864155], [9.34009972300046, 45.74448932727432], [9.338986024290563, 45.7452666935655], [9.338370206153852, 45.74547554438645], [9.338527842006643, 45.74603309786527], [9.338379329634614, 45.74634938941756], [9.33831741579879, 45.74661819833444], [9.338264175041838, 45.74662984002888], [9.337764006559047, 45.74675074438665], [9.336248460247637, 45.74703758165884], [9.336246016859175, 45.74711989619406], [9.336363651391261, 45.747443571472445], [9.336930922135988, 45.747711931455605], [9.337215886595718, 45.74806211809394], [9.337076749076871, 45.74844054202383], [9.33648693612136, 45.748703315723816], [9.336372067065728, 45.74889733381048], [9.336353317152337, 45.74892900862905], [9.336279689293827, 45.749053388841524], [9.336156009041837, 45.749262323464635], [9.336260717905493, 45.749568046968754], [9.336584128336295, 45.74990011322489], [9.337059534404315, 45.74985371611076], [9.33790806644942, 45.7498512097266], [9.33921901733349, 45.749784320756326], [9.340708172268766, 45.74941984830102], [9.340410439961746, 45.749087717185], [9.341243807969164, 45.74870719988349], [9.341605594656544, 45.749003136172256], [9.342182509922575, 45.74874039268828], [9.342384810337096, 45.748181752958445], [9.342936566776805, 45.748009091190255], [9.344003601107188, 45.74800588348267], [9.344790635053371, 45.74846253931162], [9.345474339921404, 45.74883850625853], [9.346182331423963, 45.748980365322225], [9.34709489727771, 45.74894159548792], [9.347130097209629, 45.748915902128076], [9.34747883531204, 45.74866139994553], [9.347784816259422, 45.748246437321804], [9.348129933506499, 45.747728071028014], [9.348205138139306, 45.747615121891414], [9.349090243266236, 45.74729739389946], [9.349422014501256, 45.74690033868424], [9.350230748894656, 45.74670886474683], [9.35055219456817, 45.7467168742945], [9.350653567527162, 45.746482550931084], [9.351140676292115, 45.74625603887427], [9.352075722591088, 45.74571311810574], [9.351918525973588, 45.74524555973133], [9.35174704557699, 45.74455302896274], [9.352361952765767, 45.74420912001015], [9.353529417802644, 45.7438364763476], [9.353914343228794, 45.74371826944069], [9.354073371610603, 45.74447384182208], [9.354357090997956, 45.74461698236809], [9.355462343298905, 45.74456853452756], [9.356117057301502, 45.74442249358145], [9.356101664851149, 45.74402650030547], [9.356718201747135, 45.74394358015964], [9.357898391330327, 45.743552861393674], [9.359208015059387, 45.74330572572598], [9.360071318279449, 45.74361803559502], [9.360944926282299, 45.743534264180276], [9.362434823162062, 45.74333153554444], [9.36327143062027, 45.74349088948598], [9.363917330653125, 45.74397486754591], [9.364538132730678, 45.744548933127554], [9.365261841372396, 45.74513167969429], [9.36611027359545, 45.74512896416181], [9.366961149192162, 45.74549525271134], [9.366538493839633, 45.74573963510747], [9.365718805509996, 45.746210304461755], [9.364860206159522, 45.74662706425917], [9.363874117878973, 45.747215266701495], [9.363143092977309, 45.74748760507653], [9.362269543110527, 45.74758938374388], [9.361667765417486, 45.74796932255152], [9.360502560928238, 45.74870206373778], [9.360582487414627, 45.749133834734145], [9.359786835197212, 45.7493613598537], [9.358928001058306, 45.74976010197869], [9.35905824398489, 45.75002070984089], [9.359432981831693, 45.75031654892352], [9.359889037115442, 45.750760648315755], [9.359489662353823, 45.751135439135304], [9.358956101681608, 45.7507590845791], [9.358507899653361, 45.75040946553232], [9.358288240008315, 45.75023914853691], [9.357734438164833, 45.75008786760092], [9.356965231315547, 45.750432305293856], [9.356618319859185, 45.75067949235076], [9.356508491878285, 45.750757752733705], [9.356542260242756, 45.750780321133284], [9.356749787820362, 45.75091901113712], [9.357651685913645, 45.75122220412935], [9.358141628084775, 45.75143669082515], [9.3572080715656, 45.75222268053881], [9.358085931905267, 45.75277796681248], [9.358629017858382, 45.753262297074684], [9.359478352151399, 45.753376642991824], [9.360646043924035, 45.753012940756065], [9.361467152605874, 45.752740314770655], [9.361788170391916, 45.752676293535615], [9.361879856899419, 45.75293701923376], [9.361805788783313, 45.75341429119743], [9.362236706020878, 45.75443900188147], [9.362819089301013, 45.75502221090205], [9.363166051878467, 45.75499410367809], [9.363612736484278, 45.75447964458058], [9.364035035050929, 45.75417226936541], [9.364549054437926, 45.75412563486823], [9.365164900776344, 45.7539256565083], [9.365573101666234, 45.75342930511341], [9.365864360310356, 45.75274432740551], [9.365911961543555, 45.752159118721494], [9.365833400850944, 45.751943367802426], [9.366089663964136, 45.75180752235703], [9.36648626133603, 45.75150923362371], [9.36685653351787, 45.75111202255717], [9.36721752503399, 45.75126387821568], [9.36741308651031, 45.75167728185251], [9.367658360852314, 45.75182949016033], [9.367837056418363, 45.751630903177094], [9.36833533245656, 45.75115226036545], [9.368815677961528, 45.7507591856846], [9.368922705548668, 45.7505383219285], [9.369859550819257, 45.75028327132003], [9.370604169706088, 45.750118847744936], [9.370498823123956, 45.74974115722551], [9.37081880012751, 45.749524116584716], [9.371551067881617, 45.74944072281007], [9.371188883370616, 45.74910888325325], [9.371995334838823, 45.74858420720861], [9.372648613278978, 45.74822205656899], [9.373164582626996, 45.748204316995995], [9.37380540277084, 45.7481822774631], [9.373996343079014, 45.748186260986294], [9.37492406227468, 45.748205616107526], [9.3758246248422, 45.74830166289008], [9.375918301451106, 45.74885039308404], [9.37601168037741, 45.74935412850014], [9.376525316866788, 45.74926242680315], [9.377348354765875, 45.74929571269594], [9.37801743353903, 45.7493745157776], [9.37792385558132, 45.74884377681786], [9.377958783168928, 45.7483036191542], [9.378109823453892, 45.74782608156497], [9.378156624425806, 45.74714188056256], [9.378682989191924, 45.747032136299204], [9.37906042978354, 45.7477149290125], [9.379322251436669, 45.74840711945952], [9.379122209412268, 45.7492448438685], [9.378384221408085, 45.75038136799361], [9.37820838896181, 45.750759982322386], [9.378658591966785, 45.7510285026622], [9.37918716065356, 45.751242771106874], [9.379648287774087, 45.750989218980365], [9.379981019174284, 45.750758597524374], [9.381081989468727, 45.75006638903249], [9.381582958042172, 45.75000171179595], [9.382019471945522, 45.74991024205461], [9.382940688328233, 45.74925911348224], [9.383353380117343, 45.74944672810031], [9.383767246829402, 45.74980537934154], [9.384141187120358, 45.74996613431862], [9.38482288441642, 45.750008835932064], [9.385242862832534, 45.74938638087767], [9.385625775335056, 45.74898005284259], [9.385943826840126, 45.74849294488404], [9.386636056732193, 45.748202583245664], [9.386375761661268, 45.74774443552801], [9.385524689424072, 45.747369278099825], [9.385405507976676, 45.746865637311785], [9.386240246185485, 45.74673680798835], [9.386834278294767, 45.74712182603755], [9.38714630500467, 45.747624811126265], [9.388303193068886, 45.74760287648538], [9.389498214833601, 45.74751781199428], [9.389462798761459, 45.74796796475985], [9.389837557528262, 45.748245713480046], [9.390907229391303, 45.74862007302353], [9.391616023812148, 45.74886067133862], [9.392212194275443, 45.74954267048682], [9.393320859240253, 45.749970901366055], [9.39353758783772, 45.74970913885038], [9.393699070685084, 45.7489075214973], [9.394404457441558, 45.748662063105996], [9.395059787614885, 45.748614803390865], [9.395623535556405, 45.74834282217658], [9.39588460898489, 45.74889997051302], [9.396517239032649, 45.74927580899312], [9.396866317095785, 45.749553604821685], [9.397315521807785, 45.74944404275312], [9.398060367559111, 45.749324435038844], [9.398534497648372, 45.74910676066813], [9.398545168311845, 45.748800710648], [9.398580923233396, 45.74840456292671], [9.399120556391646, 45.74835766457143], [9.399830449060833, 45.74875120551185], [9.400217237920385, 45.74890286759749], [9.400651882438929, 45.748559331162696], [9.400432256808495, 45.74840708479502], [9.401072282099404, 45.748017812191485], [9.401750802700134, 45.74761938636948], [9.401902737460281, 45.747294830438165], [9.402017002722406, 45.74709641643985], [9.402801478560686, 45.74712965376248], [9.403545865560908, 45.74695601994698], [9.405043075278302, 45.74599664594609], [9.404950742795318, 45.74567295156253], [9.40437393501352, 45.74590900685329], [9.40366437235834, 45.74556048844507], [9.403559044340737, 45.74521884722153], [9.402978569685319, 45.744941869112346], [9.403169058246126, 45.74461717535449], [9.4040319102381, 45.74483013011797], [9.405036175521762, 45.74504259512731], [9.405989224155968, 45.74528223826704], [9.4067749572042, 45.74549546430348], [9.40732936801419, 45.74571850521106], [9.407512357552276, 45.746131867474965], [9.407579504414782, 45.74652767002365], [9.408159126792253, 45.74667861631987], [9.408620084475993, 45.74642494673491], [9.409171815655988, 45.746278952949645], [9.409573765428862, 45.74674555451756], [9.409396416817255, 45.747106212956496], [9.409129208079158, 45.74748520251114], [9.408824276959434, 45.747981323535484], [9.408479943352523, 45.74836058655532], [9.408315824830053, 45.74877520579827], [9.408408181990609, 45.749098898102694], [9.408884635612512, 45.749205213758486], [9.40927085982263, 45.74927583058508], [9.40988682216984, 45.7491206070758], [9.410718658894574, 45.748595586368445], [9.411499892753172, 45.748187738949994], [9.412476665064299, 45.748148215605184], [9.413489613997283, 45.74778453142453], [9.414580959417487, 45.747591559939714], [9.415531086515191, 45.747426098459385], [9.416054171134201, 45.74688415072344], [9.4162048824703, 45.74640656289668], [9.416270545424515, 45.74639187657312], [9.416441234938263, 45.746353890636136], [9.41751400106927, 45.746113764254055], [9.418667209293794, 45.745605501248875], [9.418988993795784, 45.745658331573864], [9.419017477087824, 45.74602726427019], [9.420536501781326, 45.74630069035212], [9.421978941279894, 45.74664639952173], [9.423318085769989, 45.74692946796897], [9.423573335121814, 45.74700569800308], [9.423642168916405, 45.74702625523001], [9.423680163396938, 45.74703760200158], [9.423740562629781, 45.74705563963351], [9.423819209892725, 45.74707912610457], [9.424181391203462, 45.747187284263774], [9.42438378681697, 45.74708697266066], [9.424693725827858, 45.746933359082504], [9.424769742768811, 45.74689257851414], [9.425218603365227, 45.74664338460582], [9.425841509379653, 45.746561705002954], [9.425898334735711, 45.74655656888002], [9.425955411174249, 45.74654641477378], [9.426018203247025, 45.746538952153756], [9.426057596836419, 45.746531909783684], [9.42611374381871, 45.74652615953178], [9.426192697842923, 45.74651542326949], [9.426760087724215, 45.74645497958803], [9.427260849150018, 45.74640175425293], [9.427422336373764, 45.74608612121808], [9.427473680852856, 45.746045303330504], [9.427808887085153, 45.745778662387536], [9.42795118497464, 45.74578808341265], [9.42845199342663, 45.74582124909987], [9.42913656866559, 45.74624170714561], [9.42963634263698, 45.74603282239335], [9.430293894082219, 45.746282368020026], [9.430616838493394, 45.74622378861608], [9.431256729959275, 45.74610771359394], [9.431902621650115, 45.746510310353315], [9.431937362546192, 45.74653268629984], [9.432707009873232, 45.74703413024383], [9.432768323162598, 45.7470740836711], [9.433476857856336, 45.74726041345796], [9.434451041041756, 45.747281653438115], [9.43453122797264, 45.747283413269585], [9.435560714513551, 45.747414499122094], [9.436024444357821, 45.74764102536598], [9.43621889492271, 45.747736010598004], [9.436507071976683, 45.74830040907176], [9.4365583270653, 45.748400768708024], [9.436627649296247, 45.74904854689941], [9.43651651983871, 45.74963401112156], [9.436917920272014, 45.75000151284747], [9.437420371237538, 45.75013459701361], [9.437768767756936, 45.75029527427696], [9.437590536269665, 45.750520972987175], [9.438017470340792, 45.75075786489356], [9.437595459853613, 45.75115100719335], [9.43736664443911, 45.75148490097699], [9.436982958842489, 45.751685450246825], [9.436828838808935, 45.75176598510685], [9.436754104405868, 45.752072283492424], [9.436912632141683, 45.7525716596483], [9.436935322508369, 45.75264313597958], [9.436964997187165, 45.75273753028616], [9.437137205041557, 45.75338493394821], [9.437859291218889, 45.75365218038619], [9.438952569074345, 45.753701996100126], [9.439393972434704, 45.75373180201331], [9.439556917585776, 45.75374206974549], [9.43959577704103, 45.753744519653175], [9.439557757199799, 45.753812167883616], [9.439418247178711, 45.75406022848107], [9.439613104395288, 45.75431149961896], [9.439439551595052, 45.75482009068639], [9.4393240126309, 45.75515866666003], [9.43922560982867, 45.75572609238424], [9.43983075805567, 45.755831765171706], [9.439901059054435, 45.755861154650944], [9.439981297437184, 45.75589470826363], [9.440385472907499, 45.7560636601773], [9.44046744221243, 45.756675387089324], [9.440921366566643, 45.75716866320669], [9.441178666106424, 45.757285912627], [9.441425356077595, 45.757402526501316], [9.441472132464055, 45.75743855842686], [9.441941112452701, 45.7576687653961], [9.441531714284674, 45.75793136502697], [9.440710498676454, 45.75815055594178], [9.439530446314748, 45.7585241208948], [9.438454249039717, 45.759023301589295], [9.437416657860725, 45.75953132053612], [9.43657374498679, 45.76027259809375], [9.435693165661823, 45.761131009849976], [9.434810646138631, 45.76174643212206], [9.433809948261336, 45.76204725282093], [9.432216076880719, 45.76213429004323], [9.430802688068113, 45.762283647745974], [9.429442312790345, 45.76263979552269], [9.428596766256248, 45.76305700208061], [9.427880906377908, 45.763617717549046], [9.427345230121349, 45.7641957642313], [9.426849268498097, 45.764926675866235], [9.426752583868922, 45.76508901043423], [9.426397774370962, 45.765684810305785], [9.4262905541281, 45.76586482519242], [9.426140698926185, 45.76645044005667], [9.426070589246454, 45.767377750436054], [9.42619196478448, 45.76811536834845], [9.426569508925375, 45.7687169876792], [9.4273855750456, 45.769478995293206], [9.428253518241503, 45.7702948113341], [9.429392166794937, 45.771190601055416], [9.43011848526251, 45.77197993001825], [9.43098699108467, 45.77285870980492], [9.43189168332158, 45.7734223401582], [9.432920463810454, 45.77340043719834], [9.433947941757678, 45.773207542538486], [9.434400241184692, 45.773484830501786], [9.434520201117156, 45.77402441509689], [9.43465567734509, 45.77490597097498], [9.434880632812973, 45.77571516687098], [9.434797521857684, 45.776606548496225], [9.434471749636858, 45.77772386959335], [9.434287269582672, 45.77881364687848], [9.43498454289573, 45.78080912723493], [9.435155985378545, 45.781366541963436], [9.435840856995615, 45.781332261685634], [9.436594245773467, 45.78113690724935], [9.436308065403242, 45.780546659972984], [9.436175196310703, 45.77992001117684], [9.436196331862304, 45.77934650760391], [9.43644962674666, 45.77900507712659], [9.437115250273218, 45.77902044937506], [9.437702682461234, 45.77885692865701], [9.438029108342285, 45.778049330931175], [9.438225870345525, 45.777027186532884], [9.438299683484216, 45.776650606457515], [9.438915081019381, 45.77679158119875], [9.439903344003147, 45.77488588726819], [9.440094524301319, 45.77466013514823], [9.440691937949218, 45.77375777061202], [9.44130268563319, 45.77291833827843], [9.441358079594883, 45.772854897020004], [9.441901794352468, 45.772231979471165], [9.442152338412118, 45.771813901887626], [9.442485731563554, 45.77125765697829], [9.442976842650573, 45.769932646272885], [9.44356852385821, 45.768319241389236], [9.444342645885225, 45.767011134594554], [9.44498948711383, 45.76587454255565], [9.44494389087164, 45.76499264752926], [9.444926747755169, 45.76491024426182], [9.44475670171132, 45.76409331296138], [9.444963797014898, 45.762643405085775], [9.445324320413823, 45.76108487990982], [9.445847050474802, 45.76051581602749], [9.44640804216161, 45.75991062158557], [9.447352455873789, 45.75901585977664], [9.448377096100325, 45.75850780045591], [9.44937461841858, 45.75782883270467], [9.44989266863409, 45.75669269951735], [9.449939868525641, 45.756444523557825], [9.450127121577363, 45.755458764178286], [9.450713205914735, 45.754790399904714], [9.45197905531777, 45.75381333379113], [9.45264157811784, 45.75316264769887], [9.453278449393572, 45.752422069128215], [9.453875855754703, 45.75157364105783], [9.454560207936982, 45.750747354015466], [9.454918101362026, 45.75009338715783], [9.45562074195167, 45.74954154803711], [9.456145115930827, 45.74920641995236], [9.456437810887735, 45.748836232930145], [9.45662675550673, 45.74835844003511], [9.456878667227524, 45.747718383300274], [9.457117186635347, 45.74701537515751], [9.457134141137312, 45.74594421595929], [9.456756496843072, 45.745351690958124], [9.456303522548932, 45.74485642886293], [9.456198676245618, 45.7447418151981], [9.455577840593076, 45.744276250441686], [9.454736992315075, 45.743631555622066], [9.454257411227095, 45.74332536297317], [9.454048305082544, 45.74319427366316], [9.453955396216728, 45.74313899386685], [9.453871245577101, 45.74308591409079], [9.453147738298076, 45.74263875253843], [9.452879470054686, 45.74245303338215], [9.452656496925856, 45.74229867100458], [9.45197964190615, 45.74185581483601], [9.451157250207306, 45.74129653212359], [9.450548847528491, 45.74106533710378], [9.450383630466995, 45.74100254844563], [9.450171387564598, 45.740784604308104], [9.450031936819364, 45.74064140701798], [9.44996005072373, 45.74058675400073], [9.449647607995526, 45.740360388101394], [9.449435968270853, 45.740159282426866], [9.449409419037348, 45.74012296167558], [9.449386255901441, 45.74009227377777], [9.449198065555462, 45.7398863194151], [9.449087349369936, 45.73965753492707], [9.449161829668949, 45.739355448350686], [9.449166242224589, 45.73930523014438], [9.44917058990762, 45.739255739454194], [9.449196601512668, 45.73918757431357], [9.449273752229841, 45.73885574041481], [9.449253490314097, 45.738561475284335], [9.449396104943729, 45.73833965851162], [9.449522039713255, 45.73796525869435], [9.449487259424366, 45.73764629407297], [9.449393056927152, 45.73738557310858], [9.449344389297774, 45.737165971198394], [9.449286043103232, 45.73706191776663], [9.449147957535937, 45.73692546361358], [9.449063536559004, 45.7366088919302], [9.449022750337068, 45.73653973821778], [9.448974727805377, 45.736455209912116], [9.448920280084701, 45.73636525056543], [9.448856986556622, 45.73627848161333], [9.448730243935554, 45.7361791663494], [9.448504391259794, 45.73599643209169], [9.448287780793173, 45.73582691565145], [9.4479269375967, 45.73599881447948], [9.446762179647742, 45.73500428237444], [9.446035133517533, 45.73408906420361], [9.445835162117815, 45.733189775562806], [9.446998434080722, 45.7317889887776], [9.44705857675868, 45.73169947656696], [9.44711196987769, 45.73162117510106], [9.44716627605766, 45.73154279802929], [9.447260868400107, 45.731438201482334], [9.447375472236837, 45.731220188723114]]]}}, {"type": "Feature", "properties": {"feature_role": "CONTEXT_FIRST_ORDER_MUNICIPAL_SHELL", "epistemic_status": "DERIVED_SPATIAL_ADJACENCY_FROM_OFFICIAL_ISTAT_2026"}, "geometry": {"type": "Polygon", "coordinates": [[[9.438130009104947, 45.69949383403031], [9.43770736296441, 45.699756473503626], [9.437369636272278, 45.69917272221563], [9.437224138143467, 45.69863323131371], [9.437761293614763, 45.698334135356795], [9.43809814220895, 45.69801394392493], [9.437504551760913, 45.6974881156623], [9.43721591511777, 45.69686928127517], [9.436834077989028, 45.6969013600189], [9.43665000793391, 45.69639309461839], [9.436549261253118, 45.69607203564448], [9.436581771313447, 45.69604129328823], [9.436491013287661, 45.69559772265212], [9.436315937915912, 45.695544822954226], [9.436043033970108, 45.69554586485997], [9.43602054643701, 45.69546176500124], [9.435169851445451, 45.695556844865386], [9.435024380181943, 45.69509818180326], [9.434371243743602, 45.69533027544859], [9.433676896949855, 45.69588398469634], [9.433569982387903, 45.69617521634795], [9.433251722436284, 45.695954465904244], [9.432955741358812, 45.695794864597616], [9.432648638100675, 45.6956046883098], [9.43296885100599, 45.695370051253136], [9.433501588173227, 45.69509250388725], [9.433314417656145, 45.69488655571137], [9.433041213493144, 45.6946847119042], [9.432872365004258, 45.69464035481298], [9.432683714575052, 45.69450115867814], [9.43217997418403, 45.69413404376829], [9.432084630380274, 45.69405338878973], [9.43192142356111, 45.69391450108929], [9.43171456414906, 45.693739757673065], [9.431417103812214, 45.693470867069735], [9.431245815405708, 45.69332749228845], [9.431171471590767, 45.69326476613876], [9.430613273289039, 45.69249280941575], [9.43018042041301, 45.69131533573852], [9.430147764836503, 45.69124828723464], [9.429942851060716, 45.69082762937904], [9.429475822609557, 45.6898688676262], [9.42930652013463, 45.689563469942065], [9.428903031355155, 45.68886292335459], [9.428793628868753, 45.68862032476859], [9.428752155597708, 45.688527814041514], [9.428733212107618, 45.68848554336649], [9.428580412446173, 45.688494043717164], [9.428226649318958, 45.6885137481823], [9.428040013321679, 45.688524143298125], [9.4278188089007, 45.68814693643742], [9.427279883067724, 45.68725572029568], [9.42707698143512, 45.68685810605261], [9.42701565022707, 45.686737540355566], [9.42685534384576, 45.6864223906374], [9.426812844577992, 45.68590050931293], [9.426809327322543, 45.685860005139766], [9.426770893629932, 45.685450628159096], [9.4267137829273, 45.68469476932082], [9.426482194842732, 45.68433230759459], [9.426076968678652, 45.68369806254845], [9.425287461186537, 45.682881925904226], [9.424677406227257, 45.682020119703665], [9.424774744043203, 45.68130869939691], [9.424475613427644, 45.68080576243475], [9.423662447976625, 45.68025074038319], [9.423196061228744, 45.679703423017365], [9.423083968639185, 45.67963181872669], [9.42274448293531, 45.67941707016509], [9.422597781134549, 45.67975739075946], [9.422581496519697, 45.67982645696237], [9.422494037530816, 45.680264062723474], [9.421941974578116, 45.68027509933428], [9.421727294790003, 45.68075293554103], [9.42118805965259, 45.680763920253526], [9.42102362318383, 45.68109756608518], [9.420522640504236, 45.68107240596223], [9.419336201879975, 45.6803927136257], [9.418409960644476, 45.68016207656011], [9.418373126903337, 45.68014224845435], [9.417546175291063, 45.679697207566036], [9.416811546012058, 45.67933084959638], [9.416013603184954, 45.6790817330969], [9.415777284929158, 45.678380530950434], [9.415425934385595, 45.677751766052445], [9.415179659387745, 45.677437631209806], [9.414440889258552, 45.67650423485903], [9.41336561171961, 45.67694915560319], [9.413040982296572, 45.67645529405726], [9.412015267106575, 45.67665701134948], [9.411481010610245, 45.6755878513578], [9.410275185073896, 45.67573619194868], [9.410067048206537, 45.675367916435036], [9.409618065491758, 45.675423519685886], [9.409406284351189, 45.674551205826084], [9.408380001485625, 45.67467189560724], [9.408259817893844, 45.67403326825203], [9.407681796654174, 45.673999330707076], [9.40710893345581, 45.67290326424634], [9.4062492602848, 45.672978325960536], [9.406433108690981, 45.67354472754516], [9.406823608705928, 45.67428140232078], [9.407150866289397, 45.67527392019333], [9.407191196373619, 45.67539619359694], [9.407306069203944, 45.675854818211285], [9.407482081587537, 45.676556254182806], [9.4076528596988, 45.677086699329514], [9.40783680133924, 45.677662093378736], [9.408046933350043, 45.678309395902765], [9.408153533336955, 45.67884006934404], [9.408233435789043, 45.679235810781904], [9.408129019664106, 45.67955571336005], [9.408057597518445, 45.67977648946584], [9.407744823289237, 45.67995583303845], [9.407520526269186, 45.68008444188802], [9.407349492560147, 45.68017956082869], [9.407063586255184, 45.6803391461527], [9.406919451478489, 45.680419605216265], [9.40665162761046, 45.68067258367133], [9.406898615247098, 45.68108574087311], [9.407018342171058, 45.68166136542712], [9.4064420321869, 45.68187042957849], [9.406014536115592, 45.682011588866516], [9.406188679506416, 45.682218058767816], [9.406291978417483, 45.682340531485636], [9.407085036387764, 45.68328077890526], [9.407154929037244, 45.683552940580604], [9.407102367817775, 45.68360149845684], [9.407277874748633, 45.68380262877946], [9.40760400125372, 45.68450352745074], [9.407354547565356, 45.68552150938826], [9.407166631032121, 45.686170231221126], [9.407288396848648, 45.687024876611495], [9.40725470028541, 45.68769103850829], [9.407209994968387, 45.68777518203218], [9.406899977158302, 45.688358363932714], [9.406919142316324, 45.68923136564559], [9.407120662049083, 45.69001372444688], [9.40716278892341, 45.69017558763872], [9.407170190900686, 45.69020256647843], [9.407190225719901, 45.69027031190076], [9.407252985843414, 45.69025456715118], [9.407493539499473, 45.69079747710848], [9.40762438137902, 45.691267351866465], [9.40766004808075, 45.6914994192216], [9.407494901526459, 45.69215491380006], [9.407464077184244, 45.69258964352534], [9.407499441430964, 45.6927800353861], [9.407672592016922, 45.69322594460229], [9.40772637691613, 45.69361274175684], [9.407742073868372, 45.69375067212706], [9.407802882787507, 45.6941003535065], [9.407922869543013, 45.69456834472142], [9.408111977509854, 45.69492170720396], [9.40848924888714, 45.69549771366853], [9.408552320351399, 45.69562803799961], [9.408520645598895, 45.695760226761216], [9.408444072825311, 45.69643768162585], [9.407853036319406, 45.69677846101318], [9.40750085180661, 45.69695118353052], [9.407002788864974, 45.69722375788133], [9.40660613393531, 45.69743219471398], [9.406068690739076, 45.69771311657017], [9.405741072120088, 45.69753419737918], [9.405425869353689, 45.69736639151159], [9.405393392674197, 45.69733845297307], [9.405269075721947, 45.69726591890956], [9.404898186544198, 45.69692971547217], [9.404506284793484, 45.69657557545065], [9.404524913148348, 45.696502183333955], [9.404474579448635, 45.696454959572385], [9.404427289268746, 45.696408886121596], [9.404261239131163, 45.69624493412943], [9.403314139589408, 45.6967887551991], [9.403185222604415, 45.69684126472062], [9.40285173558507, 45.69690544692615], [9.402587037128463, 45.69705038334058], [9.40214806791115, 45.697294957112106], [9.401291106043612, 45.69780201763909], [9.401465617498614, 45.698076802860186], [9.401524944579675, 45.69817021737449], [9.402134200861052, 45.69863011125845], [9.402584645728394, 45.6990665617819], [9.402935275484385, 45.69959637799788], [9.402875198516625, 45.70017263812734], [9.402651686242312, 45.70026317959843], [9.401799311776806, 45.7006084548057], [9.400722575041648, 45.700927265304166], [9.399950226022913, 45.70122916082161], [9.399858942987862, 45.70126484187042], [9.399822506562337, 45.701277637145836], [9.399723415628182, 45.7013177963167], [9.399666860064203, 45.701294306711226], [9.39963825966452, 45.70126062577262], [9.399606478045907, 45.70123928888029], [9.39932331254298, 45.701049181596765], [9.399216816524984, 45.700527515045515], [9.398956541664218, 45.70005138236859], [9.398633627999915, 45.699800486451196], [9.398119011636895, 45.69968526476492], [9.397733080727185, 45.699605612338424], [9.396473925619848, 45.69955597765228], [9.396633399314059, 45.70031149515528], [9.3965478094905, 45.700923841035], [9.396063184599221, 45.701420555625575], [9.395206802199532, 45.70202657445053], [9.394657367366554, 45.702442509669126], [9.39391569296652, 45.70292211093069], [9.393109191416295, 45.70332091584284], [9.392767126563623, 45.70331309599532], [9.39305169571983, 45.70244804497347], [9.393047154742789, 45.70180001050888], [9.392991487822817, 45.70118815333333], [9.39258622528723, 45.700181452667685], [9.39182317402607, 45.69943701544124], [9.390714456410825, 45.69885574984612], [9.389788249264228, 45.69866090083226], [9.388748520619743, 45.69876344979585], [9.3882578281874, 45.69838708280574], [9.38739574856678, 45.698174005582295], [9.386019984406525, 45.69837507201022], [9.385945744909495, 45.69838592219831], [9.385737089197157, 45.697927593711775], [9.385963952870101, 45.69729676869318], [9.385754384979602, 45.69695383745757], [9.385574217493055, 45.69665903034029], [9.384861012392275, 45.695671350117024], [9.384225245615024, 45.694737415262274], [9.383630742328554, 45.69419936403057], [9.383409075245376, 45.69371407035023], [9.382774424379711, 45.692933122257514], [9.381960880171512, 45.69228779390531], [9.381266990221448, 45.69223611924634], [9.38085283363099, 45.69176945442979], [9.380233551858101, 45.69135748047187], [9.379528542831052, 45.691557838592466], [9.378218674649478, 45.69158019221809], [9.377521526664442, 45.69104244867255], [9.376746298889477, 45.69035194227132], [9.376035835905185, 45.689742233038544], [9.375723537876127, 45.6891312096793], [9.37476940874328, 45.68856728963356], [9.374420013559483, 45.68817240809053], [9.374290206159145, 45.68796580595678], [9.37341718298824, 45.68800468234077], [9.373028998272574, 45.68756490826716], [9.373115962341636, 45.6871235820571], [9.372190930329419, 45.68706359343646], [9.370854635265484, 45.68695993603646], [9.369991461311242, 45.6865396842168], [9.369371190114956, 45.68595664626172], [9.369088026294625, 45.68585855480353], [9.367920603822677, 45.68604234174071], [9.36699618467759, 45.68607230222923], [9.366278040666355, 45.68622762483645], [9.365782138889605, 45.686985285464424], [9.3655539763114, 45.68744504885625], [9.365080822596076, 45.68775259587286], [9.364892438114822, 45.68812417012377], [9.364687739451652, 45.68852791471961], [9.364553669041259, 45.68963544599193], [9.363958533678673, 45.688962268751354], [9.36353450905802, 45.688927618118875], [9.362742456084337, 45.689578205177426], [9.362463587430254, 45.69014612513305], [9.362247812186698, 45.69054285539582], [9.361669037268257, 45.69040966299068], [9.361578717235018, 45.690378393738186], [9.361216567492272, 45.69024795156195], [9.361444822212595, 45.6899088827263], [9.36174093842909, 45.6891193396416], [9.362055643117927, 45.68862629829657], [9.362452076837702, 45.68836402139012], [9.362797605771119, 45.688173906992745], [9.36278854838669, 45.68813087122615], [9.362718100953291, 45.687796123162585], [9.36204948793599, 45.68767223125566], [9.361200535334055, 45.687458895501834], [9.360966195492251, 45.68696460235658], [9.360872886632961, 45.686433844620694], [9.36102344735806, 45.68588432369634], [9.361405640308574, 45.685406072286916], [9.362224886306278, 45.6849984360744], [9.362787110012352, 45.68456462406919], [9.363284078434544, 45.68396898530787], [9.363728858934689, 45.68324751569128], [9.364485356764023, 45.68307409666907], [9.365306186533482, 45.682918457846654], [9.366010929367862, 45.682682169330974], [9.366831866806756, 45.68254452809216], [9.36735709284953, 45.682353822577554], [9.367470258478516, 45.6819844363302], [9.36716060052925, 45.68176041241552], [9.366940949348626, 45.68155409040584], [9.36678551767596, 45.68134758071148], [9.366284379374417, 45.68129517708574], [9.365886430665201, 45.681314462056974], [9.365888542731648, 45.68163848148445], [9.365865281783345, 45.68200757830921], [9.36551874613868, 45.68203569279016], [9.365337449334499, 45.681802257736784], [9.36518032592549, 45.68133471305256], [9.364525110993933, 45.681282813901745], [9.363639675452841, 45.681375627944014], [9.363301807026389, 45.680755655692195], [9.362836178902205, 45.680235095798785], [9.362267641723237, 45.67968785505919], [9.361636344505145, 45.67935681535955], [9.361006011759855, 45.67917878546102], [9.361220998505434, 45.6786650616054], [9.361358586076593, 45.67809759049148], [9.361459271256443, 45.67778224015067], [9.361727981618943, 45.677637368737194], [9.362163879806205, 45.677536980114134], [9.361990553655543, 45.67733766986171], [9.361959331346089, 45.67730176534967], [9.361711148090745, 45.67701637446433], [9.361042955170877, 45.67693747221822], [9.36079069153111, 45.677305461903956], [9.36076595715854, 45.67734154344864], [9.360597725935508, 45.67758694922758], [9.360037404536374, 45.67830877064518], [9.359615857412285, 45.67865213360847], [9.358859692895011, 45.678870535463105], [9.358282511819676, 45.678971354610994], [9.357588635358455, 45.67889251272758], [9.357471169564839, 45.678595859262835], [9.357228337236675, 45.67826809472924], [9.357020760958251, 45.678435254054754], [9.356547724506385, 45.67876075766572], [9.356075337519824, 45.67918526399058], [9.3555394091148, 45.67971798715392], [9.355106487537745, 45.679948795096394], [9.354656396993922, 45.6801887608519], [9.353875494060341, 45.68056921911457], [9.353532274521891, 45.68111932746101], [9.353199368150989, 45.68150385016647], [9.35304783410733, 45.68167888466684], [9.352036131265425, 45.68211403484938], [9.351150856131358, 45.682233775741146], [9.350495281544461, 45.68212778673251], [9.349290494900998, 45.682491503353184], [9.347958422508738, 45.68304461283137], [9.346909742458216, 45.68374086913424], [9.34578444787032, 45.68450934901136], [9.34481136153278, 45.684980318785676], [9.344186177358235, 45.68563926931588], [9.344059854022275, 45.685981666631314], [9.343714879788255, 45.68627072934463], [9.342931039997666, 45.68619208805045], [9.342427958004706, 45.685824556980094], [9.341500898994632, 45.68542230820346], [9.340292081287949, 45.68514688620677], [9.33930373503946, 45.68522182714809], [9.338548353929758, 45.68560210448527], [9.338730582848108, 45.68600660597397], [9.33784814318628, 45.6866122736715], [9.337424990710211, 45.686721527143135], [9.336791437335323, 45.68600332452162], [9.336301339053968, 45.68565373798152], [9.33601947484924, 45.68576258828064], [9.335061456287697, 45.6866204803721], [9.33461440056289, 45.68702681416348], [9.33492511302, 45.687448935220075], [9.334478933906391, 45.687999306321494], [9.333968547558188, 45.68855883897311], [9.334189553875257, 45.689008231131425], [9.333359721505632, 45.689838728204826], [9.33210438184489, 45.69039142815132], [9.330873069762797, 45.69066503401496], [9.330195946533571, 45.69127002928927], [9.330108217482747, 45.69163932338645], [9.32931269938199, 45.691767630886275], [9.328171035300455, 45.69200493047471], [9.327518828339535, 45.6924838453827], [9.326973222251425, 45.692800437381166], [9.326173364245651, 45.69301874644862], [9.325405004055217, 45.69340796882502], [9.325036407392334, 45.694075078771554], [9.324229697663029, 45.694500401990865], [9.323153279601252, 45.69492648447309], [9.322630345676151, 45.69556701682681], [9.323324172943355, 45.69561005144283], [9.324082651692818, 45.69572491860513], [9.323970163168863, 45.69626528646636], [9.323781038786027, 45.6968778716963], [9.32390205503327, 45.69781360294143], [9.32397063241339, 45.69856947962601], [9.323883089672808, 45.69877561089435], [9.323838358502483, 45.6988811175444], [9.323901178769162, 45.69884893973273], [9.323900901345583, 45.699061179951606], [9.323894349556488, 45.69909663476977], [9.323880980168983, 45.6991415327771], [9.323875749083514, 45.699178811016886], [9.323886859342801, 45.699230966296554], [9.323901517757214, 45.69927472274793], [9.323912969864944, 45.69933824509512], [9.323909983828264, 45.699377254129054], [9.32388906215256, 45.69942672346276], [9.323882915261587, 45.69950784280698], [9.323876963878162, 45.69956053249564], [9.323784274588025, 45.69971878666347], [9.323695227292486, 45.69987162993948], [9.323677432745628, 45.69996890723986], [9.323670537251195, 45.70004724293125], [9.323663809158596, 45.700116748340236], [9.32366468749929, 45.700157663589806], [9.32367096568194, 45.70022390085553], [9.323674197906332, 45.700272046096515], [9.323662256089609, 45.70033290748266], [9.323645085511243, 45.70042927391945], [9.3236263919506, 45.70051549173929], [9.32361245099874, 45.70057274045017], [9.323600936115337, 45.700710302917024], [9.323553411167925, 45.70091751310957], [9.323526307261501, 45.70099101856188], [9.32346689335308, 45.70113297672214], [9.323365498411311, 45.7013642599074], [9.323154169378942, 45.701808644175095], [9.323047455699106, 45.702024642501804], [9.32298066812109, 45.70215982471407], [9.322917507186377, 45.70231028362431], [9.322842885274454, 45.70248804196201], [9.323455190628025, 45.70248552431141], [9.323666452397253, 45.702493839515796], [9.323912460722575, 45.702488992935585], [9.323989823478177, 45.70248187534791], [9.32435410683266, 45.70248785696453], [9.324524107861613, 45.70248483957387], [9.324764092223461, 45.70247326125706], [9.324891053114323, 45.70247754291057], [9.325073103151553, 45.702483779283256], [9.32505609957394, 45.70253018547795], [9.324970116047123, 45.70278164291996], [9.324896678631925, 45.70300120441425], [9.324831383741145, 45.70316708882969], [9.324779219253227, 45.703277215418304], [9.324596081020138, 45.7036638466297], [9.324303924785557, 45.70355767459713], [9.324274862164254, 45.70353995977431], [9.324094296358572, 45.70342989979685], [9.324032486637568, 45.7034375187932], [9.323943004016074, 45.70345360498473], [9.323915498410217, 45.70350371851243], [9.323915351049994, 45.70354070778728], [9.323895293117172, 45.703594752452396], [9.323869062012799, 45.70374502704223], [9.323854136437543, 45.703776455198806], [9.323828029380214, 45.70382921097826], [9.323747523333688, 45.703963093157334], [9.323725432627048, 45.70399484672711], [9.323644890196519, 45.704088890421446], [9.323537553305162, 45.70421018340149], [9.323461936205415, 45.70430969451205], [9.32339019682066, 45.70440670136885], [9.323348433020787, 45.70447345261295], [9.32332036627094, 45.704583062965305], [9.323278158896683, 45.70467497091495], [9.323246161803327, 45.704695351986196], [9.323188049927579, 45.70473299938137], [9.32313851122245, 45.704763886289186], [9.323079405649914, 45.70480121871042], [9.322984912269668, 45.70486245110257], [9.322908027365054, 45.70492928436111], [9.322824674057795, 45.70540587901059], [9.323009496366534, 45.70546336867097], [9.3233817083153, 45.70557914449911], [9.323312558305297, 45.70572138474479], [9.323162859902249, 45.70602931025612], [9.323076981509244, 45.70620596006654], [9.323042493395775, 45.70627690208321], [9.32311816866285, 45.7062917014406], [9.323209414175489, 45.70632344123421], [9.323373061544078, 45.70637660500322], [9.32352219112343, 45.70643533614723], [9.32358963067594, 45.70647662990168], [9.323669247383593, 45.70654879790772], [9.323728356861155, 45.70660247329322], [9.323775462705875, 45.70665530958693], [9.323693973336859, 45.70667496424505], [9.323624531100846, 45.70670075927777], [9.323552704225547, 45.70673186249958], [9.323472529137987, 45.70677004594889], [9.323403823536518, 45.70680933457847], [9.323322949510144, 45.7068428628808], [9.323163368529261, 45.70689232379741], [9.323353932302943, 45.707064355373056], [9.323481259144197, 45.7071792980288], [9.323595154448496, 45.70728211578815], [9.323964345265194, 45.70761539472754], [9.324003566501098, 45.7075854791222], [9.324108308107997, 45.70764727502606], [9.324201220603525, 45.70771132850103], [9.324257861049094, 45.70776117716301], [9.324301967480974, 45.7078022702841], [9.324344771304904, 45.70783981266599], [9.32438086013373, 45.707874708957284], [9.324419583696098, 45.70791111709228], [9.324461002055111, 45.70795009089246], [9.32452756820916, 45.70801784714377], [9.324535264435344, 45.70806793729081], [9.324444401085895, 45.708135296395014], [9.324306125426945, 45.70829045790316], [9.324086238457445, 45.708393601073716], [9.323798750781997, 45.708532713643926], [9.323609815162168, 45.70860964962155], [9.323565479447014, 45.708627703003735], [9.323477208149292, 45.708679293574825], [9.323615604555117, 45.708890234332785], [9.32367125141726, 45.70897505062973], [9.323617837635233, 45.70899846812831], [9.323407827909401, 45.709090538910246], [9.323447442668725, 45.70926538447103], [9.32365245656713, 45.70925477248218], [9.323757396052748, 45.70924934019588], [9.323768191697424, 45.7097128466888], [9.323774039296834, 45.70976503749877], [9.3239226626655, 45.70974272805463], [9.324038121442518, 45.709735767051804], [9.324196916528372, 45.70973132920632], [9.324348586123566, 45.70974550703663], [9.324383805404839, 45.70975957431628], [9.324453288835386, 45.70974918810109], [9.324548913867172, 45.709744938143345], [9.32478135650263, 45.70975279957368], [9.324918620775728, 45.70973777397441], [9.324990751444801, 45.70972264547918], [9.325086939090781, 45.70969357104467], [9.32519474585401, 45.70964100555374], [9.325356383292302, 45.70955079831378], [9.325478893448674, 45.709475880379095], [9.325506273643786, 45.70945259559214], [9.32553624244764, 45.70952334656019], [9.325602841863267, 45.70957592761078], [9.325626356263848, 45.70959844271993], [9.325747498161117, 45.70968347184396], [9.325890064736885, 45.7097914601921], [9.326038090408362, 45.70990358305381], [9.32620322793202, 45.71002866663165], [9.326307458191936, 45.71009897131633], [9.326826253149793, 45.71026376031569], [9.32682656480691, 45.710317233214305], [9.326777971790172, 45.71050186173286], [9.32672667505636, 45.710639261728396], [9.326649963470022, 45.71078297192167], [9.326564618841521, 45.710898183184156], [9.326334726075439, 45.71107655195951], [9.326198529680948, 45.71118222331386], [9.326248987360731, 45.71123573213724], [9.326330287261984, 45.711322944569034], [9.326549071909417, 45.71155763558176], [9.326813377347131, 45.711930301596134], [9.326854108788053, 45.711987730814485], [9.326921508694785, 45.71211320719149], [9.326955926450905, 45.71221970431535], [9.326984304326313, 45.71230613072081], [9.326983855314161, 45.71237234191318], [9.326970808772625, 45.7124220366815], [9.32688369961722, 45.712633786807466], [9.326850240877807, 45.712754646299025], [9.326816016235053, 45.712889612226085], [9.326805676166162, 45.71297010267405], [9.32679473490793, 45.713078392916145], [9.326769276645864, 45.71322509779414], [9.32674249940157, 45.71331745959561], [9.326710155753057, 45.713386376718276], [9.326685263129399, 45.71343638884478], [9.326650896883946, 45.713501755516], [9.326616173355996, 45.7135651340205], [9.326562376079549, 45.7136633263271], [9.3265419787182, 45.713738243388086], [9.326521838502357, 45.71382643769076], [9.326534827146011, 45.71397185260654], [9.326532111743017, 45.71401610740216], [9.326533994814989, 45.71405087661251], [9.326551580102603, 45.714375532914985], [9.326564927306505, 45.714621958261255], [9.326569767907774, 45.71475815352156], [9.326566331661867, 45.71513924816947], [9.326566425895413, 45.71522557455915], [9.326697288261466, 45.71531780965097], [9.326545114986123, 45.71536037022206], [9.326408789546765, 45.715398579332856], [9.326241120547628, 45.71544186602842], [9.32619950481152, 45.71545979743347], [9.326178070359338, 45.71549357561906], [9.32618035076284, 45.71553107543403], [9.326206968620331, 45.71556335730694], [9.326340906669387, 45.71563166079928], [9.326631470319539, 45.71577983778244], [9.326834330252888, 45.715883738903756], [9.326888683154152, 45.71592750099567], [9.326883680453744, 45.715953839941115], [9.32686511375254, 45.71597763986456], [9.326835817639372, 45.716017657512694], [9.326746572567556, 45.71612630938047], [9.326721041572204, 45.71616818209535], [9.326711951964995, 45.71619592154231], [9.326701868879788, 45.716253606780356], [9.326693472722017, 45.71631457788455], [9.326682455289, 45.716351062614564], [9.326657739650043, 45.71639396807389], [9.326630530774294, 45.71644340623297], [9.326547750291239, 45.71654367771558], [9.326532447132108, 45.716578986573765], [9.326525913516214, 45.71664960569291], [9.326479650417989, 45.716706975765504], [9.32640330783462, 45.71657681736045], [9.326369070554993, 45.71651705987176], [9.326370997919952, 45.7164735796189], [9.326372401682736, 45.71643153378825], [9.326335653868233, 45.71634176220238], [9.326309959260168, 45.716501295504024], [9.326341463259112, 45.716737827455276], [9.326493512101074, 45.717130827733094], [9.3267004709739, 45.71736424959881], [9.326972534443957, 45.717610995870224], [9.327126999661, 45.71779507269425], [9.327157813536632, 45.71784899462975], [9.327386644866289, 45.718253360472815], [9.327681757768444, 45.71830935445669], [9.327973417673986, 45.71834168820325], [9.32819688547058, 45.718377046963305], [9.328839500422584, 45.71840220426414], [9.32920463790525, 45.71856896892739], [9.329329099483608, 45.71862581117516], [9.330012441915382, 45.71901986438018], [9.331168710852412, 45.71898953158712], [9.33179620286585, 45.71862766849283], [9.332333847752796, 45.718284091001244], [9.332701145704469, 45.71819750907011], [9.333129358990439, 45.71809275667055], [9.334195449256354, 45.718026638563764], [9.334680551317685, 45.71749416717538], [9.335002634294042, 45.71763724494859], [9.335171402037076, 45.71792477359723], [9.335829822387069, 45.718296793423235], [9.335932069913184, 45.718354564152], [9.33682170513726, 45.71885599022299], [9.337556660626747, 45.71927685120211], [9.337354414822967, 45.719835503959914], [9.337503723655333, 45.721158162980956], [9.33761364364778, 45.722336936104895], [9.338080258827937, 45.723001612738756], [9.33876437003933, 45.723503613264185], [9.339243416987406, 45.72409624727574], [9.33894835940831, 45.72417811926095], [9.337688458098947, 45.72409185839835], [9.337009112880187, 45.72438188759404], [9.336896068195799, 45.7248142460149], [9.337837025879084, 45.72528850723164], [9.338018511714838, 45.72554898773905], [9.336734895443675, 45.72579580558123], [9.336461287380843, 45.7259717542748], [9.33606078265091, 45.72622930048394], [9.335877173391093, 45.72634737080675], [9.335019112879186, 45.726844921347606], [9.33414567140388, 45.72691949803115], [9.332799311575373, 45.72742745428138], [9.332002466845701, 45.72742077721561], [9.330270784447379, 45.72797483646356], [9.329986534208397, 45.72790269118671], [9.329545428904414, 45.72779073545455], [9.329253999834627, 45.72771675489882], [9.328880642887095, 45.727513401843886], [9.328473201645886, 45.727291475242126], [9.32806788247387, 45.72707211980915], [9.32785114484673, 45.72736976047919], [9.327585343918702, 45.728063583766044], [9.32733191296044, 45.72799680698891], [9.327070481289676, 45.72793005255288], [9.3269718087122, 45.7279483257371], [9.326767199825323, 45.72798491152621], [9.326621151246885, 45.728012335075086], [9.326078903125032, 45.72806630718698], [9.32587619869633, 45.728086463124235], [9.325338943009026, 45.72852003788823], [9.325185780102553, 45.72870049397228], [9.324685111672512, 45.72899254667074], [9.324704816596814, 45.729051167634395], [9.324566668938614, 45.72921940664688], [9.324398921029639, 45.729311943000305], [9.324227622548262, 45.72966387354104], [9.323728338078908, 45.729893945030334], [9.323570944230969, 45.73002408305929], [9.323478659382566, 45.72991142515441], [9.323414138520304, 45.72985564189108], [9.323471357413649, 45.72951254765571], [9.323487378641387, 45.72943616401414], [9.3234493859838, 45.729264347752824], [9.323412391733898, 45.729265487567204], [9.323293734974504, 45.72933460911778], [9.32321861815913, 45.7293783665021], [9.323088775069994, 45.72947054166861], [9.323032709466412, 45.72951357899656], [9.3229707320253, 45.729521638892145], [9.322865932583351, 45.72960348212204], [9.322478742382378, 45.729776057504296], [9.322086164325986, 45.73000669455676], [9.321922472578084, 45.72985560984699], [9.321742974917182, 45.729709891569115], [9.32164591747547, 45.7296310993356], [9.321565026704896, 45.72949337214232], [9.321386426976453, 45.72953029811426], [9.32176222303851, 45.730069285123655], [9.322422941923469, 45.730985500545295], [9.323185998974644, 45.73181141214166], [9.323832928529733, 45.73255663269101], [9.324413041640401, 45.732860999678444], [9.323580703133425, 45.73339440995925], [9.322837906199855, 45.73385554059372], [9.322646882652101, 45.73416211173792], [9.323692930016447, 45.73502322035702], [9.324532876832317, 45.73579489452288], [9.325190938763866, 45.73623406183728], [9.32552474843003, 45.73617010499145], [9.3256107791344, 45.73622040544244], [9.325769815988034, 45.736313408837404], [9.325434097372876, 45.73659605441983], [9.325104685175726, 45.73687336790554], [9.32394825188935, 45.73693965800696], [9.32334534007014, 45.73714837355657], [9.323206165594371, 45.73722209206849], [9.32280712374375, 45.737433421336505], [9.322768688649024, 45.7374560372321], [9.322720338325313, 45.737987221526026], [9.322633159786992, 45.73847350169178], [9.322635077704298, 45.73880651544983], [9.32270883422037, 45.73883340033953], [9.322806549992912, 45.73886903553626], [9.323317787797482, 45.73905660594407], [9.323629071279253, 45.73954175940486], [9.324611416245693, 45.74047503990971], [9.324921960175237, 45.74082518406179], [9.324861327919866, 45.741455411306674], [9.324090994371396, 45.74161960994977], [9.324170786166466, 45.74207841226339], [9.32494337106735, 45.74230125270504], [9.32509944608844, 45.742615817154686], [9.324845207826481, 45.74299810838973], [9.324691630536208, 45.74322901015385], [9.324180724159865, 45.74379751021848], [9.323792524256978, 45.74412075247997], [9.323681771938356, 45.74421295678051], [9.32336190164697, 45.744474879847765], [9.323210974361437, 45.74505135141967], [9.324088151002888, 45.74557091828434], [9.324964666139515, 45.74597344800066], [9.326020962694798, 45.74633947491068], [9.326507159920778, 45.74663060547547], [9.32685951046713, 45.7468411219089], [9.326948501295842, 45.74666984226107], [9.326972355989081, 45.74662477835225], [9.3270851738512, 45.746682963003174], [9.327365595509132, 45.74682166337821], [9.32754128586341, 45.74691117003495], [9.327617335635699, 45.74697929287522], [9.327685832896444, 45.74704064446044], [9.327791708601461, 45.74713547956496], [9.327954841626024, 45.747279012593864], [9.328123821637185, 45.74759355450028], [9.328143050350768, 45.74772822516314], [9.328128945885474, 45.747778047003585], [9.328139980771407, 45.748160545254215], [9.328118439410076, 45.7483127197344], [9.328110598678688, 45.74836763690292], [9.328041198181003, 45.7488538872608], [9.328224878398277, 45.749483394788946], [9.328021591019722, 45.74989801193345], [9.327955634664784, 45.75002421168544], [9.32787278152574, 45.750181570055446], [9.327815349864446, 45.75029064204451], [9.327779864281702, 45.75035771208227], [9.327686379051933, 45.750533563132876], [9.327576647586708, 45.75074067705701], [9.32727879874265, 45.75094666834167], [9.326972943465663, 45.75117872990192], [9.326657608975877, 45.751260085917], [9.326150974773217, 45.75151578711913], [9.326064206313312, 45.751559743274136], [9.325756161085495, 45.751650632079546], [9.325937519771605, 45.75188412691869], [9.326145287118448, 45.75223456110217], [9.326571342368103, 45.752539374672395], [9.326972107418467, 45.75222320257894], [9.327801188622562, 45.751779788839684], [9.32844260285334, 45.751534921389926], [9.32877692449098, 45.75153845751364], [9.329342637737671, 45.7515413448023], [9.330087739471638, 45.751440188241645], [9.330446829350032, 45.75128613494194], [9.33101339163725, 45.75142849689485], [9.331452424099105, 45.75175124539252], [9.331518061706328, 45.75171899972037], [9.33174729277828, 45.75160638764312], [9.332183232681716, 45.75140711011743], [9.332659214338792, 45.75145072176862], [9.3330461367572, 45.75165661971866], [9.333265512507069, 45.75179098575619], [9.333717757642743, 45.752167697733434], [9.33379996870954, 45.752212453181336], [9.334594767844365, 45.75262416062118], [9.334661247364961, 45.75299298363125], [9.33468622831302, 45.75313693038204], [9.334781011215332, 45.753667699865574], [9.334885208107266, 45.753892410255155], [9.335043676406139, 45.75432396936182], [9.335107396921682, 45.7544947892891], [9.335254190098924, 45.75475653660861], [9.335601251203498, 45.75537541369434], [9.335735862221341, 45.75595900660578], [9.335746458184568, 45.756005038527874], [9.335866349578161, 45.75669772556068], [9.335997202624874, 45.757075372514706], [9.335992027825618, 45.7571211222552], [9.33597277504184, 45.75729146732875], [9.335420634744917, 45.75741909983688], [9.33569621741828, 45.75834535951026], [9.336033658297518, 45.75886640002717], [9.336099694358515, 45.75915422554006], [9.335497505206696, 45.7595160164444], [9.335238890545472, 45.75950614027984], [9.33462288232184, 45.759482582001375], [9.333967748003314, 45.75959251837337], [9.333802294511841, 45.75988102338186], [9.333108037907317, 45.75990104022328], [9.33214443925434, 45.760038851012276], [9.331462391760734, 45.75995083972664], [9.331735894731006, 45.760535083345765], [9.33063189901802, 45.760853310645814], [9.329992087002271, 45.761386187875445], [9.330445291373284, 45.7619159244363], [9.330256843961262, 45.76212347606747], [9.330378883081885, 45.76210513260019], [9.330533919781143, 45.76209117230841], [9.330854209559122, 45.762022741650725], [9.330968898564766, 45.76198191252409], [9.33106747129313, 45.76193663051916], [9.33111711068518, 45.76190498413632], [9.331200983612545, 45.76181473108885], [9.331194681674944, 45.76170223219077], [9.33117108284069, 45.76165280650589], [9.331147429440458, 45.76159436764744], [9.331255317486823, 45.76149055196192], [9.331320366151324, 45.761481350025164], [9.331427153855653, 45.76146304876094], [9.331556806497858, 45.76150766902615], [9.331734502581572, 45.76165566970685], [9.331975344190164, 45.761984430028164], [9.332492315437399, 45.76188150570972], [9.332547452621304, 45.76197279350945], [9.33281289819512, 45.761893881715835], [9.332274782058448, 45.760834719569885], [9.333574451101017, 45.76061148310582], [9.33395989980797, 45.761548042892336], [9.334225464556729, 45.76149406757297], [9.334321422296608, 45.76166003743554], [9.33404647036117, 45.761733985128906], [9.334266206056396, 45.76195281076505], [9.334266881168906, 45.76206586059467], [9.334153244970791, 45.76211939087516], [9.334462377134546, 45.762996318881925], [9.335107340772204, 45.762861432567526], [9.335594250530331, 45.763292265881944], [9.336761712203694, 45.76318908752631], [9.336974200364251, 45.76378031975215], [9.336993656445893, 45.76385342383842], [9.337051743626958, 45.76403946573304], [9.338248196047816, 45.764015966376775], [9.33836431152369, 45.764368087220326], [9.339169037469981, 45.764478308353006], [9.339323275985913, 45.76433366693962], [9.33952171503343, 45.76416680800669], [9.33987621348554, 45.76389808336972], [9.340079443276982, 45.76374451947198], [9.340190224134341, 45.76362444677275], [9.340832979835259, 45.763586531012216], [9.341217766563666, 45.76342337131428], [9.341564928038402, 45.76341333869164], [9.341614708821442, 45.763539199981096], [9.341695560645348, 45.763745964029546], [9.341838277354608, 45.7639525627408], [9.342620070114657, 45.76446115691646], [9.342664599126756, 45.76449011010928], [9.3436839928937, 45.765054095516874], [9.343703987807753, 45.76543206651032], [9.343713016413329, 45.765594049602406], [9.343986452461838, 45.766142264268055], [9.344527690356626, 45.76632065327656], [9.34459013832316, 45.7664104748373], [9.344774187101878, 45.76667093593091], [9.345099102504626, 45.76721899247984], [9.34554858239587, 45.767118627905305], [9.345795281636539, 45.76749591164649], [9.346119629448093, 45.7679539570767], [9.34650749566227, 45.76828579802245], [9.346874331558336, 45.768581000166556], [9.347153762154539, 45.768805885818686], [9.34736368098032, 45.76947129884759], [9.347724010301548, 45.769506202959256], [9.348687173127386, 45.76927825251431], [9.349367842455006, 45.769123157493574], [9.349299983243515, 45.76855631995826], [9.348936290545414, 45.767981389060594], [9.34902746392419, 45.7678273765552], [9.3492671993499, 45.76742234618891], [9.350372005005323, 45.76722994764785], [9.35077840725409, 45.7670531785914], [9.350818485804947, 45.76703506490558], [9.350892244567937, 45.76700333499854], [9.351194442093945, 45.766871898818714], [9.351269807977419, 45.76684016462715], [9.352054788593426, 45.76691874514591], [9.352292214314586, 45.766941331485945], [9.352788278388466, 45.76698850105421], [9.353456200597664, 45.766860426720704], [9.354034523039022, 45.766795631172776], [9.354407637273686, 45.76682146038546], [9.354729655482663, 45.76690147653602], [9.35502699830814, 45.767143577767], [9.355094658164292, 45.76767439450233], [9.355729631635892, 45.76842848035455], [9.356339863157071, 45.76933563748434], [9.357117144649798, 45.770215281474144], [9.358189958702244, 45.771048980489546], [9.35845180636701, 45.77176820265975], [9.358433797715696, 45.77297435057779], [9.359579755678814, 45.773168760046], [9.360621327625696, 45.77312947722627], [9.36121500078549, 45.773442627588906], [9.361773175355863, 45.7742329220076], [9.362187379719542, 45.77463662712746], [9.362636387521452, 45.774455200508086], [9.363588999374665, 45.7745781838647], [9.364866685468398, 45.77524016126558], [9.365087025291173, 45.77550047335732], [9.365993631577958, 45.77645164386337], [9.36674353873091, 45.777043271233374], [9.36715325155776, 45.77675393473351], [9.36800366886483, 45.77697621370877], [9.368852312698621, 45.77692848181298], [9.369399530770314, 45.7779887850063], [9.36991941938244, 45.778797154295496], [9.370164581760342, 45.77891337478804], [9.371041590424898, 45.77926155560437], [9.371104009803581, 45.77897333322438], [9.371450160225736, 45.77880118343386], [9.372054057136365, 45.77870021358506], [9.371999974105222, 45.77830436879056], [9.372422405395268, 45.77799696344548], [9.373078784292234, 45.77804883079909], [9.373386116050531, 45.777840821557625], [9.37319588911803, 45.77632032619714], [9.374012644426108, 45.77535458919888], [9.374686687338297, 45.77420929385346], [9.375417641452175, 45.773882874428494], [9.376738837426569, 45.773347498351576], [9.378044389119456, 45.772407106088274], [9.379402647285419, 45.77165555667016], [9.380750586212754, 45.77128203727887], [9.381883830379605, 45.77149427499305], [9.382617907172902, 45.77163583948493], [9.383466888497184, 45.77165098302155], [9.383385580551812, 45.77104821001516], [9.383734709621406, 45.76944492365281], [9.383959101510989, 45.768409101956316], [9.384443915212447, 45.767840424770306], [9.385302657137355, 45.76741450647907], [9.385800177172683, 45.76682779084928], [9.38638547340292, 45.76591673587525], [9.3873452355025, 45.76522944310484], [9.388010934871158, 45.76479516141235], [9.388639692649202, 45.7645949959476], [9.389445664186287, 45.76398922298814], [9.390121890093575, 45.76322185812378], [9.390623043215024, 45.76258690525779], [9.39084846234087, 45.76230130189876], [9.39137271582145, 45.76187648038636], [9.392496683348012, 45.76078354488621], [9.393173712638395, 45.760142169866775], [9.393543762499347, 45.759735859424026], [9.393761288507353, 45.75958209485337], [9.394521702703045, 45.75983149212466], [9.395310673756006, 45.760476808606256], [9.396416583569145, 45.760481991159274], [9.396879557284107, 45.760489378330796], [9.397542085000813, 45.75962301130438], [9.397923734920484, 45.759045640481865], [9.39848520308437, 45.75844063642115], [9.399331932083806, 45.75816766809292], [9.400011939501345, 45.75795826442594], [9.400348367459022, 45.75825410215904], [9.401497330793017, 45.758889118797505], [9.402311230806797, 45.75941730255339], [9.402878677880404, 45.75964931486198], [9.40303034002838, 45.759279762626065], [9.403233793316613, 45.75896401738042], [9.40402126730714, 45.75939325887242], [9.403907568901724, 45.759672687115604], [9.40299921200385, 45.76031494198503], [9.40266469985922, 45.76028911649305], [9.402628061896912, 45.76055927558247], [9.403402898480852, 45.761015570637355], [9.403469192737306, 45.761294361819495], [9.403241560006988, 45.76182619394213], [9.403499788334917, 45.76196930201479], [9.404105197899504, 45.76211116409598], [9.403954509751745, 45.762615737619925], [9.404199763162781, 45.762740880412615], [9.40441978059585, 45.76293811330624], [9.404333690502314, 45.76347845968482], [9.40376844529857, 45.763561473224854], [9.402969812165736, 45.76337527661614], [9.402313318881065, 45.763287580180794], [9.401943051043466, 45.763657919352745], [9.402279355268103, 45.7639267475769], [9.402550870093242, 45.76413279802388], [9.402797615642335, 45.76446496326421], [9.40330069906286, 45.764679209526804], [9.40389302560211, 45.764785117760944], [9.404049282165404, 45.76505457704976], [9.404539261959716, 45.76523286309053], [9.404386878584392, 45.76550341426457], [9.404736513716612, 45.765835211036446], [9.405505897559868, 45.76552645309291], [9.406417707083024, 45.76535220684276], [9.40597067676454, 45.76577682278463], [9.406294069656667, 45.7660366887527], [9.407179172416933, 45.76572752689722], [9.407819148397262, 45.7653112130146], [9.40803416304088, 45.764815399341515], [9.408403675761171, 45.76434605684658], [9.409236869080996, 45.76397403962208], [9.409645277837964, 45.76354954833792], [9.409525908788373, 45.76305494899346], [9.408906308571286, 45.76273312853096], [9.40894111647465, 45.76221996706809], [9.40924743811526, 45.76190386284256], [9.409890518647716, 45.76191954915737], [9.41033907335824, 45.761710931365904], [9.41091548945074, 45.76140282962137], [9.412137556862547, 45.76146143305374], [9.413046531728199, 45.760918107825], [9.41350532130988, 45.760625681577785], [9.414083239506702, 45.760257317368215], [9.414877355290853, 45.75983139056211], [9.415345824892713, 45.759465168826104], [9.415606081868923, 45.75926171407996], [9.416179876477768, 45.7586115637511], [9.416435242500517, 45.75836762610326], [9.417359819827746, 45.7582022410784], [9.418210554837149, 45.75847813769009], [9.418983482750416, 45.758560818263945], [9.419021305811171, 45.75856517722296], [9.41963557956945, 45.75847007391086], [9.41967632516709, 45.758463767751905], [9.420090827010082, 45.75829855624156], [9.420291682266155, 45.758218498603085], [9.42089407492987, 45.75795524631874], [9.421291844664768, 45.757845779611536], [9.421525050005812, 45.75807893044561], [9.421631121293908, 45.75850158431486], [9.421712887851955, 45.75869029882795], [9.42185355704443, 45.759013801389564], [9.421638849425458, 45.75952763112684], [9.421617902394578, 45.75955769976229], [9.421129975870208, 45.76025854727202], [9.42092824346771, 45.760790337293066], [9.421110862570634, 45.761249493585716], [9.421164168559432, 45.761383519562656], [9.421567276216788, 45.7619760665523], [9.422212059212892, 45.762216710709076], [9.42268912610629, 45.762385953395885], [9.422858275516873, 45.762646343164604], [9.422951623051025, 45.76308703411374], [9.42313982083697, 45.764166420643335], [9.422759933691346, 45.76495087631996], [9.421973365429505, 45.76637589709421], [9.421275262905796, 45.7676025575407], [9.420936918179404, 45.76878289223496], [9.420638202820543, 45.77010708222212], [9.420454763548204, 45.77136785908514], [9.42025184842398, 45.7716431147369], [9.419970960731458, 45.7720266759818], [9.419552281184014, 45.77279327095973], [9.419903309361837, 45.77329602208325], [9.419927356648808, 45.77343745095582], [9.419965402165422, 45.77366424689521], [9.419972157627402, 45.77369101177388], [9.419744902518218, 45.77446667732385], [9.419712321788415, 45.77526785362035], [9.419412734246734, 45.776484040844245], [9.419038865792608, 45.77705946041168], [9.418586183392945, 45.77775616750418], [9.417846878771599, 45.77865893474011], [9.417197433981347, 45.77954337837016], [9.417009833632271, 45.779854148103794], [9.416931609555405, 45.77998610209721], [9.417122995150267, 45.78012418803281], [9.41751260289964, 45.78040628791299], [9.418213337958164, 45.78122277154903], [9.41877374192096, 45.78219279862157], [9.418931215229401, 45.78233083925345], [9.4195506980516, 45.782873989407925], [9.420170473425985, 45.78317774093051], [9.42063546619975, 45.78342803144462], [9.421034638011133, 45.78348057077392], [9.421407375073061, 45.78343420128175], [9.421737125144164, 45.783313109780515], [9.421961881120387, 45.78361215516427], [9.42214125317314, 45.78383650721503], [9.422299531461507, 45.78403395196444], [9.422045499710727, 45.78446691121082], [9.421905761517383, 45.784701437171165], [9.42119608452479, 45.78536827588519], [9.4210498829664, 45.78550565043657], [9.420669290381882, 45.78576492478228], [9.42045872998114, 45.78590836434841], [9.42039448374872, 45.7859523792036], [9.420209291212634, 45.78607930590808], [9.419910758434161, 45.78628391081674], [9.41977897621973, 45.78639804495128], [9.419091261155137, 45.78699364826029], [9.418773154689495, 45.787269142063714], [9.418470370496875, 45.787693379104304], [9.418225689696458, 45.78803620205732], [9.417124002475937, 45.788670277292844], [9.417033878799893, 45.78871685809216], [9.416457574579981, 45.78901471989943], [9.416007823000363, 45.78908837727616], [9.415567649060465, 45.78872094470124], [9.415194964472258, 45.78877630908712], [9.414513714711296, 45.78886713241576], [9.41429272520587, 45.78855456967486], [9.414367388844806, 45.78821226927953], [9.414381602309483, 45.78809988557359], [9.414397009817426, 45.787978151220706], [9.414415978974084, 45.78782506895584], [9.413833648420994, 45.78736815356943], [9.413055023012548, 45.78709929338508], [9.412750224682496, 45.786994043630585], [9.41227162439083, 45.78664474561267], [9.412138126939034, 45.786316599493006], [9.412114405023633, 45.786258288589266], [9.41218762101008, 45.78571798493795], [9.412179589004404, 45.78533773476694], [9.41197567501994, 45.78489068944064], [9.4115626930567, 45.78471215764582], [9.411138179121085, 45.78471368597495], [9.4107014437207, 45.78480526716803], [9.41057594959385, 45.784819118417076], [9.410532750042952, 45.784823881996225], [9.410392984306231, 45.78484237557408], [9.4103450894572, 45.784857183616445], [9.410275059394822, 45.78487881714115], [9.409648484155548, 45.78507006271493], [9.408491225759418, 45.78514622408344], [9.408402781208105, 45.785146540252576], [9.40716639029006, 45.78517795767134], [9.406034643506896, 45.78522698136822], [9.405542747136835, 45.78480570308958], [9.40552884514735, 45.78477424911387], [9.405281276046622, 45.78423059110484], [9.405174393642149, 45.783681934254965], [9.405494623061006, 45.78349178368252], [9.406217602797605, 45.783849236088365], [9.406620191325898, 45.78436983430121], [9.406970548994812, 45.784782616911045], [9.407523580367636, 45.7847626542761], [9.407997643108127, 45.78449992891283], [9.407299637013422, 45.784043393874775], [9.406768752601812, 45.78356825020595], [9.406610245617173, 45.783001769822064], [9.40665146599421, 45.78292062678065], [9.406863932221846, 45.78250584117211], [9.40666666296341, 45.78191249399839], [9.405867404436124, 45.78168132504216], [9.40478674928404, 45.781667168052614], [9.40434722796446, 45.781371689654385], [9.403804225946027, 45.780995579845005], [9.40274974967928, 45.781044315943205], [9.401462828193447, 45.78096783152429], [9.40094513640777, 45.78052863228997], [9.399976913105487, 45.780045976429776], [9.398561508346994, 45.77998791852345], [9.39741514861647, 45.77977591012612], [9.39641009746524, 45.77953637724801], [9.395611296677194, 45.77935912556863], [9.395555838497478, 45.778792291506946], [9.395500444940119, 45.778234433537605], [9.394792303114714, 45.778137876655144], [9.393659421733297, 45.778006781253396], [9.392553291964933, 45.77801958222813], [9.39212716056369, 45.77778703445618], [9.391532010603534, 45.77729403053616], [9.390538464568044, 45.77684740022721], [9.389983184882995, 45.776534290248826], [9.389595354549526, 45.776256587921885], [9.389092218820597, 45.77604228281479], [9.388396657875887, 45.775900647997325], [9.387851320251826, 45.77701856339683], [9.386609445551189, 45.777859847415804], [9.385779555160642, 45.77876271352178], [9.38571089682414, 45.77999602215181], [9.385793769596003, 45.780823802899384], [9.386056391043295, 45.78159696669943], [9.386090142985976, 45.7827579476299], [9.38625332611278, 45.78403548543131], [9.386879632865838, 45.785311456414725], [9.387333820158766, 45.78587694303963], [9.387405514524543, 45.78693877033012], [9.38771774636116, 45.78744175059581], [9.388133234048919, 45.78798937458077], [9.388573848050187, 45.78844692091246], [9.389619945169272, 45.78901939781895], [9.389945969416559, 45.789648316343396], [9.389466289995212, 45.790973054405654], [9.38916552385263, 45.79212615811132], [9.3894652174531, 45.79266517586888], [9.38971292760071, 45.79313235208779], [9.389783800170811, 45.79406816899075], [9.38995399657873, 45.794490630803715], [9.390995753544715, 45.7944240659367], [9.391511606132324, 45.79459330425241], [9.392003761938229, 45.795050642220595], [9.392595378399893, 45.795012610963404], [9.39295672466246, 45.79516438297008], [9.393411622734567, 45.79581085619891], [9.394505562447732, 45.795843085269944], [9.39517424072462, 45.79578678312204], [9.3953067972964, 45.79633535842892], [9.395365837353676, 45.79740621785979], [9.395267041735751, 45.79799161223688], [9.39571778596704, 45.79804404257489], [9.396323566095388, 45.798185962676776], [9.397019807960126, 45.79838155488586], [9.3974585290474, 45.798551035127794], [9.397924060451695, 45.798873433479], [9.398248825659634, 45.79930434035298], [9.39895557157725, 45.79916686931425], [9.399485535410268, 45.799498033344925], [9.399857986740914, 45.799397724999125], [9.400178840696354, 45.79927958762485], [9.400656223117547, 45.799457933421], [9.40138832294341, 45.799266349022524], [9.401674213307329, 45.79965236855677], [9.402141009733148, 45.80014576959084], [9.402696982859787, 45.800512826194534], [9.40329752244418, 45.8005614601375], [9.403381507476388, 45.80065842486466], [9.403493721142901, 45.80070692926988], [9.403633652740533, 45.800721106120484], [9.403734253265, 45.800725816271], [9.403866661130188, 45.80074270791964], [9.404228287667053, 45.8008582037689], [9.404551706265988, 45.80086926942745], [9.404611504880046, 45.80085757913902], [9.404808720437947, 45.80079030177729], [9.404997024295774, 45.800726062784705], [9.405147450124886, 45.80065070516401], [9.40526138276481, 45.80054419137035], [9.405332157605116, 45.80047802214397], [9.405392298441788, 45.80037129489762], [9.40565648321971, 45.80048436780924], [9.40627727079083, 45.80091418240457], [9.406755472362681, 45.801200498740066], [9.407001818047366, 45.8014516410225], [9.407581720956152, 45.8015665879413], [9.40829253749281, 45.80176205936638], [9.408330721326541, 45.801890656713724], [9.408342985690181, 45.801946921037604], [9.408360335665, 45.80199841303344], [9.408409625577836, 45.80215766291891], [9.408013941511763, 45.80260010725541], [9.40804216118228, 45.80294203526043], [9.408263788351242, 45.803112248060415], [9.408702155215288, 45.803443695477455], [9.408952687883955, 45.803842928859716], [9.409079754243972, 45.804045387599196], [9.409098453400764, 45.80407232443214], [9.40936582842691, 45.80444939544151], [9.409457370688807, 45.8046212887586], [9.40946937048057, 45.80468546726305], [9.409499874154632, 45.804754961845184], [9.409771566736701, 45.80537500267072], [9.410124695191598, 45.80614778238745], [9.410607616036698, 45.80706411495921], [9.41081913798705, 45.80782840673977], [9.4112529398702, 45.8073138124633], [9.411648917065282, 45.806907353444366], [9.412338348139526, 45.80615782472995], [9.413090496930982, 45.80519204651512], [9.413766625311087, 45.80438854768157], [9.414135969114277, 45.80370066439482], [9.414939130964996, 45.803913695281324], [9.415567148173603, 45.804096096558574], [9.416149343822491, 45.80428286188347], [9.416690356620899, 45.804435453113875], [9.416939531677512, 45.804485910907026], [9.417190110769512, 45.80453665285124], [9.417623999310418, 45.804580873964625], [9.417976064682298, 45.80461964225487], [9.418880944424581, 45.804967167049355], [9.419887342740543, 45.805291327558116], [9.420971518413669, 45.80572726615504], [9.421015859620494, 45.805745095095645], [9.421124739780694, 45.80578521661693], [9.42126617806899, 45.80583753090104], [9.42176693187566, 45.80602204580521], [9.42193485994718, 45.80610338040366], [9.422654734041428, 45.806147558351164], [9.423325263265145, 45.80630898434479], [9.424248500772045, 45.80669195651867], [9.425727086534327, 45.80748848566625], [9.42597977784805, 45.80771001398094], [9.426265675971713, 45.80789628559405], [9.42653421469808, 45.808000665827], [9.426985908385962, 45.80798725541469], [9.427605662139678, 45.80806690941579], [9.42805792132873, 45.808123760761596], [9.4283919471301, 45.80804053544119], [9.42891221663618, 45.80797098961962], [9.430388518874627, 45.80775293916933], [9.43127615659863, 45.80733875370398], [9.431349974521462, 45.8073000602546], [9.431206979132385, 45.807084009998526], [9.431840297675805, 45.806982466037184], [9.43226512570621, 45.8069383522377], [9.432534607008904, 45.8068573696965], [9.432790309185343, 45.806780548411055], [9.43284938900169, 45.806567826300416], [9.43327465106633, 45.806580371637864], [9.43390367740194, 45.80676214979515], [9.434206695165155, 45.806676003680295], [9.434346541185823, 45.8064346424688], [9.434751561643926, 45.80644725925336], [9.435128110007183, 45.806795841662286], [9.435817176947554, 45.807516877261136], [9.436343238026677, 45.807798096764685], [9.436708870862766, 45.80810169519306], [9.436710360586172, 45.80829232607085], [9.436857653339302, 45.80854591989966], [9.437149036218653, 45.80864648406472], [9.43731429369033, 45.80887458891072], [9.437423852215604, 45.808950427580804], [9.43748002562145, 45.80916624890673], [9.437500273331802, 45.809433065950635], [9.4376642420568, 45.80949597811324], [9.438080389899874, 45.809291045991436], [9.438442253118824, 45.809111741205896], [9.438751004277377, 45.80911055604761], [9.439133421548838, 45.809236165387475], [9.439898035535556, 45.80946198032633], [9.440279756877787, 45.80949862874864], [9.440608700808857, 45.80975153649572], [9.440646123823555, 45.80989118941495], [9.440702508539296, 45.81013242885035], [9.440977553053905, 45.81046178250391], [9.441252724427999, 45.810803854707146], [9.441528578917966, 45.81123488151617], [9.441585371883193, 45.81152695725347], [9.44165952214825, 45.81171728822017], [9.441644373879353, 45.8120986007738], [9.441592000342343, 45.81236567873242], [9.441775749169283, 45.81263184486343], [9.44190471485006, 45.81286010123002], [9.44188909004952, 45.81318423537157], [9.442272447601011, 45.813424208907946], [9.443110509153904, 45.81373867576945], [9.44349306882488, 45.813876988685294], [9.443858350767115, 45.814129727842285], [9.44409741182625, 45.81449735197261], [9.444173722017648, 45.81495454823374], [9.444223406435057, 45.8151559038121], [9.444944560090645, 45.81519809297297], [9.445331116353826, 45.81525059630054], [9.44570437756189, 45.815249140916336], [9.446180486240712, 45.81522927336062], [9.446643414851136, 45.815173455465036], [9.447003309090666, 45.81510904357704], [9.447298758564777, 45.81503588670992], [9.447502546866438, 45.814765080218336], [9.447743844061094, 45.814359102290844], [9.447973140504372, 45.8140611894297], [9.44838277153349, 45.81378055996068], [9.448767828743144, 45.81364404397659], [9.44912720157308, 45.81360484363895], [9.44992904312774, 45.81361291463211], [9.45052276928953, 45.81366666719337], [9.451227222126487, 45.813529251246706], [9.451882565971276, 45.81326863350578], [9.45224836381431, 45.81289697431291], [9.45279327832288, 45.812861157406346], [9.453302290409727, 45.812354290987415], [9.45373520925334, 45.81235257267059], [9.454086056303066, 45.81211558421348], [9.454326761987792, 45.81213705968754], [9.454582309140156, 45.81201263268678], [9.455513669112916, 45.8121772005604], [9.456138366280348, 45.81209618316711], [9.457230900754807, 45.812361069990295], [9.457727609373398, 45.81231419682821], [9.458288539861355, 45.81227830754843], [9.458544998105511, 45.81226605302511], [9.459219362981152, 45.81237552880951], [9.459892530107075, 45.81233916251586], [9.460164857050698, 45.81230440636709], [9.460710380990157, 45.81234709340746], [9.460932743164383, 45.812272537994296], [9.461349918942693, 45.81212012585603], [9.459181302549444, 45.80969437067495], [9.458712496205889, 45.8090304087447], [9.45871164722535, 45.80892698383294], [9.457405168236168, 45.80824951088265], [9.45725767119723, 45.8082914835578], [9.456752844937244, 45.80802456310855], [9.45698649540313, 45.807671940821706], [9.456867894699466, 45.807631032787235], [9.457279117901232, 45.807298382328334], [9.457160179415137, 45.80721611162668], [9.456683912585166, 45.807385132293355], [9.456393688543764, 45.807488116341716], [9.45630480353668, 45.80746778963393], [9.456451454219625, 45.80732237341397], [9.456302776544703, 45.80721953890972], [9.456037551869361, 45.80732402613502], [9.455385075031419, 45.80707838852135], [9.45564762797928, 45.80664288997074], [9.455406556010344, 45.80608528820319], [9.455343730592244, 45.805630403154346], [9.45504638874044, 45.80542471205453], [9.455073937890552, 45.80517634432901], [9.454954165108514, 45.804990627333716], [9.454570355022236, 45.80505421897494], [9.454106858506318, 45.80498039434692], [9.453548326229516, 45.80487112878663], [9.453335121805436, 45.80477905206694], [9.45336138568819, 45.80474178773167], [9.453412080082261, 45.80444429473784], [9.453515577842134, 45.80410941399964], [9.453593137140135, 45.803848957291564], [9.453485845582291, 45.803719318198326], [9.453484036422255, 45.80349633936091], [9.453825232722822, 45.80300257819915], [9.454114753089762, 45.802685536995156], [9.45408640316734, 45.80246268160844], [9.454217337524586, 45.80223917421266], [9.454560257533805, 45.80195910039248], [9.454822927916569, 45.801605003099404], [9.45487330927262, 45.80127033238556], [9.455005145332846, 45.801158323408494], [9.455244725024835, 45.801231691206624], [9.4563342785913, 45.80133882896011], [9.457681134269057, 45.80044153159799], [9.457414257149976, 45.800275374186505], [9.457279058228705, 45.7999786052722], [9.456664734837572, 45.79953510787035], [9.457799902850129, 45.798731556900854], [9.457506469812117, 45.79856548805322], [9.457371425493243, 45.79828731842832], [9.457687312690444, 45.79795158226712], [9.458484490397453, 45.79803199887845], [9.458615119217407, 45.79777134531705], [9.458481442604816, 45.79766037876525], [9.458398761158968, 45.79728907813949], [9.458476871109076, 45.79710295845005], [9.458582790961408, 45.79706537140727], [9.458689901940978, 45.797176425600355], [9.458849961132811, 45.797268686081175], [9.459035667233806, 45.79724935916972], [9.45975068182981, 45.79702351609106], [9.459830649113167, 45.797060356273974], [9.460069425909577, 45.79704081408844], [9.460090636599492, 45.79639036699791], [9.460381923558975, 45.796296289631464], [9.460403868574785, 45.79573876151098], [9.460426146092995, 45.79521837508223], [9.46071558907987, 45.794901335917956], [9.460687802264388, 45.794752783779245], [9.460287425444212, 45.79449426791638], [9.460922308141635, 45.794212979170716], [9.461374036775027, 45.792650301454366], [9.461752724944134, 45.79189157051813], [9.461816260053293, 45.79154757050305], [9.461801445248051, 45.791361804099495], [9.461665936920037, 45.79102788094576], [9.461597598225854, 45.79078660752327], [9.46159583421776, 45.79057291772705], [9.461740526716412, 45.79041439629262], [9.461912700239212, 45.79036724874662], [9.462494741915135, 45.790123325782766], [9.463314411225927, 45.78972514585345], [9.463618629654288, 45.789593846551504], [9.463948299684095, 45.7893323597867], [9.463945524960502, 45.78899791817229], [9.463997536731542, 45.78886762365034], [9.464207587054084, 45.78858805879524], [9.46432681632792, 45.78855968570061], [9.464405538757985, 45.788447881451056], [9.464551222359335, 45.78841012718617], [9.464617899734543, 45.788447018105444], [9.464725085939783, 45.788567375011205], [9.465095199661555, 45.7883800426563], [9.465544006092358, 45.78808090417512], [9.466245442972339, 45.787836494361734], [9.466853545434686, 45.78754134762035], [9.467249945028536, 45.78732604731141], [9.467407297910809, 45.78709312653989], [9.467471854274466, 45.78687916536848], [9.467551267068822, 45.786850968898094], [9.4677766677837, 45.78682217568438], [9.467974811908281, 45.78670987995924], [9.468145879988302, 45.78653266214417], [9.468197981929064, 45.786411655794474], [9.468290881519987, 45.78641127507874], [9.468397446469881, 45.786457289029286], [9.468636436732368, 45.7864655995556], [9.468822648785226, 45.78651130620456], [9.468863238696423, 45.78660404387088], [9.46921128999969, 45.78695566714441], [9.471596728581451, 45.78651382568396], [9.471876626662075, 45.786652025050664], [9.47302991004252, 45.78648002972572], [9.474883982839126, 45.785989203294335], [9.47496510205272, 45.78616540116544], [9.47487330860566, 45.78629584809214], [9.47632593177142, 45.786986615148265], [9.476367747182053, 45.78721870000714], [9.476408348980906, 45.787311453836075], [9.4764880487147, 45.78732041110399], [9.476633510435663, 45.78725475371327], [9.476965324273065, 45.78725336904872], [9.478602156718157, 45.78619667492746], [9.479170407474353, 45.78590627380921], [9.479959524133932, 45.78570541182807], [9.480447630478187, 45.785165256725215], [9.480322123387952, 45.78496102674903], [9.480086421496292, 45.78502502311345], [9.478922724213485, 45.78445500912963], [9.478564354873786, 45.78464550727504], [9.478080863178686, 45.78467903377177], [9.477552331540814, 45.78470487627464], [9.477383358547938, 45.784681950172086], [9.477381409214665, 45.78445357022154], [9.476998451884722, 45.78440005387508], [9.476237006136161, 45.78482061484993], [9.475683737812364, 45.78458666039628], [9.475645635327584, 45.784074927066406], [9.475442474533963, 45.78399702555692], [9.475228104531167, 45.78392704141522], [9.47506780278617, 45.78359694061623], [9.474842344605594, 45.78354274496453], [9.474806590358844, 45.78330663340371], [9.474659547264705, 45.78321273705863], [9.474418674506484, 45.78267034295211], [9.472288814017935, 45.782272140806526], [9.470632233366057, 45.78190634751185], [9.468818896792733, 45.78165393062784], [9.468696872648811, 45.781859187219425], [9.468577460725156, 45.78237944114732], [9.468223683874855, 45.78312117260605], [9.466735824060786, 45.78278075135146], [9.466803713359763, 45.78321273420973], [9.4664024166154, 45.7832703735464], [9.465261870854723, 45.78410981190221], [9.465331333288747, 45.78434578823174], [9.464994630727046, 45.78444166628812], [9.463666470262783, 45.784368298725724], [9.463443957639328, 45.784668466426204], [9.463241567230005, 45.78468504648246], [9.46254171635323, 45.78440435995966], [9.46206702107036, 45.78413851902578], [9.461683468101386, 45.78401407779251], [9.461414908998979, 45.784188417002504], [9.46123725408001, 45.784472638137856], [9.460988197080466, 45.78466745158395], [9.460682860831216, 45.78508271224679], [9.460452708824683, 45.78483807139334], [9.46012639466532, 45.78624603019704], [9.459764030412023, 45.7859118747503], [9.459227371962186, 45.786323545470964], [9.458939238254143, 45.786860227111774], [9.458716950044852, 45.787191886077345], [9.458132559159713, 45.78727297869024], [9.457686933443918, 45.7878102875571], [9.457396459906045, 45.788063470895715], [9.45724037205377, 45.78823734986441], [9.456839602665044, 45.788758716515545], [9.456185120336864, 45.788525071549955], [9.455777381382134, 45.78819593251741], [9.455504935077016, 45.787897755135866], [9.454879167282773, 45.787370235424156], [9.454757391194702, 45.7872864620255], [9.454486595890614, 45.78722267333363], [9.454087341083163, 45.78717025032952], [9.453821336945573, 45.787109169127305], [9.453547934346078, 45.78677552450855], [9.45296308933231, 45.78697994782987], [9.452691327073477, 45.78684839702678], [9.452547433670773, 45.78690579649356], [9.451400837643916, 45.78682192645563], [9.45099164780806, 45.78643194572591], [9.450901482267547, 45.78615679857094], [9.450552679294246, 45.78597817333419], [9.450319025526802, 45.78593828353126], [9.450251073238244, 45.785738291364325], [9.450121740118947, 45.78541502089386], [9.45013948631985, 45.785259705256934], [9.450157908459538, 45.785090083050726], [9.450231342325518, 45.78441332958273], [9.450367626675124, 45.78419735278799], [9.450396456227017, 45.78415166323754], [9.450523073150352, 45.78389914463655], [9.450585377641227, 45.783646878624], [9.450518979625796, 45.78332546193997], [9.45049715563059, 45.78324901238423], [9.450407163833734, 45.78308969844623], [9.450417692962136, 45.7828235171873], [9.450591813975871, 45.7824147724112], [9.450791418116408, 45.78202365997403], [9.451130263813639, 45.78161426519495], [9.451535329172554, 45.78155942960477], [9.452194110937578, 45.781539091081335], [9.453031086397873, 45.7816156108179], [9.452768042029279, 45.78135021034155], [9.4529760102334, 45.78134045464303], [9.45329707506626, 45.78124889442242], [9.453598312238373, 45.78100939283425], [9.453687013509393, 45.78079493834496], [9.453929375079406, 45.78051098745944], [9.454231875317006, 45.7804278491994], [9.454811503664304, 45.78041064904649], [9.455216106712964, 45.78043329645335], [9.455730361299986, 45.780395246338514], [9.45550187066202, 45.7803140368961], [9.455206521498585, 45.78017478955182], [9.45484400751129, 45.779998352423576], [9.45458847623008, 45.7798214876438], [9.45447639492971, 45.7796351860914], [9.454371450611278, 45.77938358295948], [9.454346177980737, 45.7791620465983], [9.454380211939688, 45.778879507949945], [9.454751694718237, 45.778689014385954], [9.454815866120402, 45.77867257479851], [9.455072630491728, 45.778606741068195], [9.455341701129557, 45.778479659242585], [9.45565034040632, 45.77846943352081], [9.456100246947848, 45.77843163742275], [9.45646018767408, 45.778403195206714], [9.45674279626506, 45.778357052413], [9.456999251837507, 45.778257021913625], [9.457203643763831, 45.77808519806071], [9.457433331139827, 45.777859262947835], [9.457547561269733, 45.77766978989153], [9.457764094810976, 45.777407907555535], [9.457942329490944, 45.777182177522846], [9.458145903698483, 45.776911332174755], [9.45842688097433, 45.77666719873333], [9.459040003680315, 45.77614268805513], [9.45934734599894, 45.775979441944436], [9.459655010592488, 45.775852194731534], [9.46006445238727, 45.77558953081459], [9.460320520392544, 45.775444498033394], [9.460807581040783, 45.77523551033788], [9.461294018838188, 45.77495454081065], [9.461588372186228, 45.77477333245823], [9.46215175942461, 45.77446502463005], [9.462637986190856, 45.7741570453658], [9.463085693978158, 45.77385819744819], [9.463494806836872, 45.77355952233281], [9.463878330895893, 45.773278940249575], [9.46441374036584, 45.77270072422524], [9.4646440493229, 45.77255578727508], [9.46486105207333, 45.77235689342163], [9.465078178384738, 45.77217599017007], [9.465269621892432, 45.77199520908886], [9.465601535202062, 45.77169682266948], [9.465883651433067, 45.771596667530055], [9.466204430450942, 45.77150534925397], [9.46656342075179, 45.77136887767812], [9.466857963459425, 45.77121465969782], [9.467126368070852, 45.77101555234922], [9.467393972104835, 45.77071744067526], [9.46758487653302, 45.77047363486345], [9.467760941694648, 45.76999587806392], [9.467795717024812, 45.76991351954821], [9.467927513996528, 45.76960137865683], [9.467962712578018, 45.76951801567129], [9.468088615210297, 45.769193478623954], [9.468524203338943, 45.76899368286951], [9.468856409026998, 45.76873130380528], [9.469176410829508, 45.768549970441555], [9.469458128593656, 45.76840481166047], [9.469919362505117, 45.76819589095973], [9.470612848035334, 45.76807605248579], [9.471126438816396, 45.76797494596566], [9.471434258704127, 45.7678746710588], [9.471819019757705, 45.76774707275798], [9.472177668290845, 45.76757456577462], [9.47254817931064, 45.767285013635295], [9.47282927232375, 45.767067847825125], [9.47316088654383, 45.766742436447835], [9.4733002129708, 45.76648985627548], [9.473426001687182, 45.766156300315835], [9.47361615321704, 45.76583149073994], [9.4740505775894, 45.76549667226606], [9.474345957052028, 45.76545043192173], [9.474641746056523, 45.7654492035298], [9.475322932395727, 45.76540137617955], [9.475707946496879, 45.76530976386327], [9.476157274926345, 45.76521788223634], [9.476503195138772, 45.76506342418555], [9.476836003257189, 45.7648820347345], [9.47706609431113, 45.76471906299227], [9.477360469281736, 45.764555823119906], [9.477847526304483, 45.76436477191835], [9.478270420620104, 45.76419197698609], [9.478552272315135, 45.7640647866509], [9.478833633832622, 45.763883606817124], [9.478986319583619, 45.76369395067197], [9.478958382635058, 45.76343305122018], [9.479071559122355, 45.76313554193704], [9.479172345424072, 45.762892112257234], [9.479336902478368, 45.76258539095875], [9.479452380919717, 45.76248378774963], [9.47970702975455, 45.76225981313264], [9.480090653733365, 45.7620061805085], [9.480397317453775, 45.76177987598727], [9.480718466615746, 45.761459001125225], [9.481008623118989, 45.76116812744806], [9.481111558822617, 45.76106604159616], [9.48089025234378, 45.760734096551346], [9.48077183351735, 45.760419569314784], [9.480923264745575, 45.760085895931056], [9.480571929644272, 45.75960134099418], [9.480235893834294, 45.759404743196676], [9.480015778722121, 45.75922564901246], [9.479820029208845, 45.75889345310404], [9.479726937121386, 45.75853382184962], [9.479658800350405, 45.75808407568245], [9.479641246007837, 45.75753511080997], [9.47972724141992, 45.757066708777096], [9.479878052839695, 45.75666103958747], [9.48017068038372, 45.756299786943046], [9.480361171448415, 45.75601996063184], [9.48058990121718, 45.75570397199541], [9.480741939397896, 45.75544231543784], [9.480867582313545, 45.755099773903154], [9.480915838412685, 45.75473053504865], [9.480950780552886, 45.754307360350474], [9.48092196211001, 45.753947459204], [9.480737711178557, 45.753453187500995], [9.480682731108095, 45.75303938645797], [9.480615522169764, 45.752697656251335], [9.480444821044642, 45.75228434176992], [9.480377306781488, 45.75190659348196], [9.480240783607307, 45.7509800969184], [9.480230045891044, 45.7507596237634], [9.480288577429205, 45.75055686812606], [9.480370640760105, 45.75029091107658], [9.48041367432757, 45.750151309458055], [9.480410817377642, 45.749818302800975], [9.480202327417055, 45.749495138825175], [9.47968531587754, 45.74917328907982], [9.479451521467306, 45.748895261585574], [9.479358678604674, 45.74856261531032], [9.479331131892009, 45.74834671017597], [9.479391934041141, 45.74794143659267], [9.479362435771563, 45.74750052174227], [9.479234641193006, 45.74719819784669], [9.479218096315787, 45.747159092369124], [9.478723756035496, 45.74647711923205], [9.478683109920697, 45.74623426378853], [9.47883428522779, 45.745873607352955], [9.478935349960745, 45.74566617719399], [9.479048749397723, 45.74539567013411], [9.479045670069231, 45.74503566003364], [9.478927961256346, 45.744802141960584], [9.478873619148999, 45.74446033650399], [9.479088233000047, 45.74400040807973], [9.479212806177502, 45.74384951179384], [9.479304509143194, 45.74373844120856], [9.47945069467083, 45.743596399840655], [9.47954639789907, 45.74350311576869], [9.479637217455721, 45.74341272425888], [9.479865065989186, 45.74318675035424], [9.48004348924687, 45.74300599825723], [9.480234527869596, 45.74279816987134], [9.480309082202025, 45.742632968864974], [9.480486841104337, 45.7422390736562], [9.480354740488021, 45.741825596851626], [9.480222293107428, 45.74165062979144], [9.480198724525152, 45.74161922618852], [9.479874285382289, 45.74126056608584], [9.479896431441324, 45.74084644072129], [9.47993601179596, 45.740779335795104], [9.480066112836681, 45.74056343336552], [9.480303266223116, 45.740313753667984], [9.480481601675812, 45.740123987798704], [9.48067748707397, 45.73993299031213], [9.480745940925754, 45.73988163646188], [9.48080710101153, 45.739826382631215], [9.480841268128229, 45.739790905441915], [9.4812822184906, 45.73933304938694], [9.481322856231015, 45.73929238015419], [9.4814636667372, 45.73922428382281], [9.481566062496256, 45.739174339968514], [9.481720494719886, 45.7391016882211], [9.481796499206471, 45.73906536647807], [9.48201377779994, 45.73892042967133], [9.482243436480216, 45.73872144910103], [9.482286353957484, 45.73866725704898], [9.482408759457332, 45.738513743460814], [9.482535438959214, 45.738297186520995], [9.48263593485479, 45.73802673184284], [9.482710848137716, 45.7377743542836], [9.48270871158426, 45.737531318291076], [9.483067806415901, 45.73743979019023], [9.483533344151843, 45.73776184402779], [9.483855921883878, 45.737904497840724], [9.484154669534664, 45.73798240480036], [9.484229522419279, 45.73800192166812], [9.484374273548246, 45.738019298815125], [9.484551167724721, 45.738036558363504], [9.485053153664694, 45.738115425296584], [9.485287242352651, 45.73842945806348], [9.485320783069506, 45.73849080072704], [9.48534209872242, 45.738529787005845], [9.485366961259217, 45.73857534767329], [9.485444340315047, 45.73871713831608], [9.485868890361155, 45.73876034738701], [9.485904772124984, 45.738735972829566], [9.486124077037063, 45.73858787380949], [9.486482103272447, 45.73837034591542], [9.48673808799321, 45.738243244920426], [9.487059346102738, 45.738232861569614], [9.487368279541402, 45.738285555057224], [9.487637499494427, 45.738203409319794], [9.487854720978104, 45.738102887607575], [9.487970662001645, 45.73804922585128], [9.488290976120544, 45.737930841965465], [9.48861887929743, 45.73784622440415], [9.48875267565349, 45.73781185243941], [9.489151111034413, 45.73781014729413], [9.489511086622112, 45.73781761981511], [9.489819338663603, 45.73778929279185], [9.49016583832052, 45.73772480138279], [9.49048606713718, 45.73759741543324], [9.490869762447188, 45.73737974644425], [9.491214760249127, 45.73714425180505], [9.491495235286703, 45.73688202779379], [9.491711374254002, 45.73661106571634], [9.491830533726265, 45.73648071042187], [9.491991573531498, 45.736303955709595], [9.492311258436358, 45.73611358046393], [9.492954518650372, 45.736155995200896], [9.493317020081383, 45.736451465863944], [9.493707278364644, 45.73698081111133], [9.493813615832527, 45.73737639436404], [9.494022587379007, 45.737753505211124], [9.49443722983521, 45.73812974377386], [9.494786032741967, 45.738326246125844], [9.495482743383338, 45.73862026287281], [9.495896605299329, 45.73890649001322], [9.496478030845923, 45.739245978711196], [9.496854882252896, 45.73970338850295], [9.497140375559937, 45.74000815998728], [9.497452552103814, 45.74042083363012], [9.497597060844347, 45.740771233211504], [9.497689838590164, 45.74108585579528], [9.497822038225262, 45.741499313103354], [9.497927370817033, 45.74177788040481], [9.498007919855588, 45.742164557555434], [9.498009840287887, 45.74238055213647], [9.49798678751796, 45.742677689403926], [9.497976341177305, 45.742947747825745], [9.497875564971336, 45.74318219866278], [9.497762366655616, 45.74346171811563], [9.49758615834394, 45.7438855150071], [9.49760108459635, 45.744119480504274], [9.498180280161021, 45.74419795249364], [9.498525822579756, 45.744025438989574], [9.498897244324905, 45.743870801247475], [9.499269010626872, 45.74375216202061], [9.499643640210637, 45.743957549856475], [9.499620006352698, 45.74419166571022], [9.499893975871952, 45.74464050068791], [9.49982085417625, 45.74509085392398], [9.499771525883414, 45.74532510016707], [9.49978705076335, 45.745622049989585], [9.499982201615651, 45.74588221265226], [9.500118354702314, 45.74597636049547], [9.50018133174431, 45.74601986177925], [9.500253774541736, 45.74606997314035], [9.500654278163346, 45.74629323589881], [9.501080777296181, 45.746543387301], [9.501300936248505, 45.746722442008185], [9.501587054044112, 45.74709020455188], [9.501409492445351, 45.74736101462456], [9.502440021318165, 45.7475904997607], [9.502655092618705, 45.74763148556096], [9.502993825623049, 45.74769610442692], [9.503534494712872, 45.747774738639215], [9.504061912105621, 45.747808412395685], [9.504717215395294, 45.74776951913004], [9.505321746197941, 45.74782069218331], [9.506029560524196, 45.74791644800072], [9.506493580609547, 45.74804939867301], [9.507060362719983, 45.74817289518896], [9.50744645604485, 45.748216177588276], [9.507793871346413, 45.748250633441685], [9.508089403500705, 45.74823132887042], [9.508436819283203, 45.748265783666625], [9.508541850294666, 45.748499362755354], [9.509142491215574, 45.74809174569927], [9.509639931196777, 45.747657504379546], [9.50988204825208, 45.74742241265649], [9.510239464850399, 45.747141790085756], [9.510365809614397, 45.746898199128424], [9.510504673041051, 45.74661857067072], [9.510592035281388, 45.7463301588441], [9.51083373076336, 45.74605005145561], [9.511063727440698, 45.745896007348], [9.511382558935944, 45.74561555371213], [9.511457724088771, 45.74539921531449], [9.511494320596244, 45.74518302973136], [9.51151763284656, 45.74492190882055], [9.51156677429422, 45.74466966670191], [9.51158975589671, 45.7443725460028], [9.511677520182985, 45.74412912622088], [9.511791332743378, 45.74392160981626], [9.51188390723243, 45.743863723449216], [9.51200844216993, 45.74378555998676], [9.512459942739671, 45.74393661794503], [9.512692561381549, 45.74407058030842], [9.512976021205937, 45.7441413266319], [9.513479668588438, 45.74439106833712], [9.513815067917909, 45.74451557107821], [9.51418868131224, 45.74460390052797], [9.514574729762383, 45.74464717706381], [9.514896431280379, 45.74468172804473], [9.515332763047516, 45.744598745892596], [9.51563996032516, 45.74445335764981], [9.515934698879313, 45.74435302142724], [9.516408848252281, 45.74418886745623], [9.516767679231899, 45.744070229752296], [9.517153169715327, 45.7440504758926], [9.517513023267474, 45.74403985201895], [9.517834223696815, 45.74402038704936], [9.518387724588527, 45.74409889105684], [9.518838479169458, 45.74418685527481], [9.519185709234632, 45.74420326953101], [9.519545562032295, 45.74419263835901], [9.519892484032624, 45.744173068636535], [9.520455993834206, 45.7439454678883], [9.520814003508328, 45.743736829821316], [9.521082194921677, 45.74354659012179], [9.521273250089301, 45.74335670264535], [9.521451539678417, 45.7431758864673], [9.521899438771403, 45.742957820412364], [9.522245682048979, 45.74286622795432], [9.522566707423552, 45.742828758853655], [9.522977376701178, 45.742754879106904], [9.522865448938365, 45.74253744876898], [9.52282017274925, 45.74244949890926], [9.522549053608463, 45.742324727680774], [9.522970239951864, 45.74199877852468], [9.523187312888165, 45.74184476814627], [9.52336542323427, 45.74164594012676], [9.52377440077788, 45.74139204459332], [9.524050849922624, 45.7414050719195], [9.524121574595721, 45.7414084036068], [9.52458044537664, 45.741584161719274], [9.524818222912806, 45.741675218635486], [9.525256824923996, 45.74183524018718], [9.525508790264617, 45.74128508451793], [9.525531637971483, 45.74097896607551], [9.52551608952026, 45.740691014954066], [9.525436762345409, 45.74045734913402], [9.525306108465847, 45.74023293351694], [9.524919239230009, 45.74009970463931], [9.524854724173217, 45.7400912225842], [9.524799844949161, 45.74008398694178], [9.524455810139642, 45.74003875822581], [9.524095673997126, 45.74001340671815], [9.523720452782912, 45.73975410963047], [9.52388520348664, 45.739501332870276], [9.524192434694163, 45.73936491670052], [9.524393324530093, 45.73919866155629], [9.524575160732265, 45.739048200776054], [9.524817625163275, 45.73885807116483], [9.525032740824377, 45.73849705933723], [9.525132887329598, 45.73820857631431], [9.525156132077177, 45.73794745259891], [9.525171980092415, 45.737784735867535], [9.525191244481379, 45.737587182150705], [9.5252653329569, 45.7372628192693], [9.525417281491281, 45.73701911241444], [9.52571013078558, 45.73672072817611], [9.525681626051338, 45.736423842009145], [9.52542092735221, 45.73603801256339], [9.525224501147225, 45.73565085105904], [9.525211225877412, 45.73562477564473], [9.525188397865065, 45.735586350978245], [9.525093927516952, 45.73542752103821], [9.525386853540201, 45.73513815146553], [9.525591132751138, 45.73499319233262], [9.525833829731654, 45.73483006437573], [9.526037936451775, 45.734667112683404], [9.526499612307557, 45.7345569840045], [9.527026747538937, 45.73457256325141], [9.52751472917058, 45.73452529653399], [9.527834769166367, 45.734388812202084], [9.52792058310634, 45.73394737687216], [9.527991401117221, 45.73328099315825], [9.528001617883248, 45.73300193809099], [9.527986566783136, 45.73276797576264], [9.527893548559597, 45.73244438302777], [9.527908370960132, 45.73223164327722], [9.527916085936472, 45.73212014200148], [9.527990381704589, 45.73182278021504], [9.528052791171337, 45.731624480064326], [9.52827674679042, 45.73147811457906], [9.528372015006385, 45.73141587198779], [9.528720044699412, 45.73152226407352], [9.52909449936869, 45.73170952262898], [9.529311913371622, 45.73139990228642], [9.529436919823649, 45.731221925824656], [9.529454395187672, 45.731199337494516], [9.52967822941171, 45.73091479344822], [9.529829716126823, 45.73062606878791], [9.52973709426258, 45.73052377867757], [9.52956999856823, 45.730339291157904], [9.529120725802873, 45.73039536391161], [9.528850161057429, 45.73032461579934], [9.52872040915479, 45.73010752525303], [9.528601583396847, 45.729848831894145], [9.528459879463345, 45.72959176805687], [9.528416540908536, 45.72951229539122], [9.528297646155623, 45.72953268474978], [9.52778942813219, 45.729600424316736], [9.527517202545914, 45.729601681562905], [9.527301064742618, 45.729602679311384], [9.526902411755012, 45.729577514380445], [9.526529471249578, 45.72955224666521], [9.526143095579352, 45.72946401613215], [9.525718220306299, 45.72938495683343], [9.525344692052693, 45.729296664480465], [9.525048027030063, 45.729181030654026], [9.524763928149659, 45.72903831528975], [9.52451833028506, 45.72888644598525], [9.524320701290327, 45.728758947057216], [9.524130439304457, 45.72863619700425], [9.523987443276239, 45.72844802549234], [9.524141214166699, 45.72838170893798], [9.524403408852033, 45.72826831371253], [9.524637402207928, 45.72816771418973], [9.525227507686116, 45.72791352729863], [9.525079068966432, 45.7277597003401], [9.525015065902615, 45.72761573170063], [9.524991471832147, 45.727562660785225], [9.52492883630965, 45.72741701166262], [9.52388315882944, 45.727730423903594], [9.52370722963202, 45.72778315869925], [9.523250866597982, 45.72745047901975], [9.523531084777595, 45.72728609569129], [9.52377439863575, 45.72710470106392], [9.523919862914624, 45.72694093536542], [9.523584548384934, 45.72645319251622], [9.523376398154955, 45.72646271768577], [9.523094464085178, 45.72643833232822], [9.523054807882664, 45.72629200808788], [9.523115269722629, 45.72588671116304], [9.523316625368775, 45.72577775079087], [9.523521331658369, 45.725667673011735], [9.523805823570045, 45.72551457706247], [9.524059812946927, 45.72518938933786], [9.524031744049596, 45.72493749510895], [9.52392642424268, 45.72466796436823], [9.523783307586163, 45.72447960400951], [9.523485131035555, 45.724201942548156], [9.523252486817059, 45.72405898753391], [9.52272472043912, 45.723962397443024], [9.522402880370446, 45.72390086396799], [9.522106475860747, 45.72381222628176], [9.521860991758185, 45.72366932800122], [9.521810307492995, 45.723509781965966], [9.52171544518922, 45.723211025295036], [9.521712848088894, 45.722932009918104], [9.521786521800694, 45.722562653597514], [9.521861674453444, 45.72235528311753], [9.522194276638169, 45.72219175182496], [9.522515853633578, 45.72222628202832], [9.52294089491571, 45.72233233873975], [9.523314626345657, 45.72244764319585], [9.523727080942809, 45.722580760608245], [9.524163311834634, 45.722506759126595], [9.524224268034159, 45.72215545033387], [9.524054772643177, 45.721895209421], [9.523718166937531, 45.72162673900604], [9.523369367656366, 45.721430307297524], [9.522917137285852, 45.721162364112914], [9.522631322505852, 45.72083065241811], [9.52262804977667, 45.72047963817206], [9.522560541994064, 45.72012891862495], [9.522480836321822, 45.71985025487277], [9.522427179514816, 45.71960747332873], [9.52230828009611, 45.719256987666604], [9.522189188903662, 45.71888851194099], [9.522071130768373, 45.71862803282924], [9.521940458071636, 45.71839459830874], [9.521757640942276, 45.71808040448444], [9.521639979693381, 45.71786493787814], [9.521520502885304, 45.71745144922598], [9.52137632469834, 45.71714607375671], [9.521283873494557, 45.71687648149272], [9.520984829393928, 45.71650873078304], [9.52053994390062, 45.71671951242442], [9.52033241748002, 45.71681774562763], [9.520239699806131, 45.71684478233022], [9.520050486957118, 45.716900008605265], [9.519602202727564, 45.71705506549081], [9.519140576188956, 45.717156170135624], [9.517529699921111, 45.718036544398124], [9.517005321585406, 45.71829995521575], [9.516751073477867, 45.71842894111176], [9.516340092833213, 45.718617991551426], [9.51607142503838, 45.718745216633046], [9.515967251574255, 45.71875881840857], [9.51571230195974, 45.7187920618619], [9.515403615733678, 45.71875745433952], [9.514784869220493, 45.71854422121053], [9.514168053148182, 45.71853800430244], [9.513796017572346, 45.71860268269683], [9.513500147833728, 45.71856801239214], [9.512792234504259, 45.71843616738298], [9.512495956179366, 45.7183564995187], [9.512148642518977, 45.71831304306724], [9.511853187565068, 45.71832338053074], [9.511533691186791, 45.718513828242294], [9.511164113386428, 45.7188485019997], [9.510895021125265, 45.71893070291039], [9.510574452453575, 45.71900415584764], [9.510215005178338, 45.71904176212407], [9.509894598601797, 45.71913320322165], [9.50894466392682, 45.7192364448989], [9.508470157113011, 45.71933756465816], [9.508240670848675, 45.719536597891114], [9.507998966884335, 45.71980768685067], [9.507692317513628, 45.7199980666419], [9.50739660705199, 45.71998138952255], [9.506997785339587, 45.71992914986979], [9.506367786432504, 45.71988694796181], [9.505866342119791, 45.7198531688416], [9.505519888679114, 45.71990869359526], [9.505277223426988, 45.72007177958312], [9.505061943119852, 45.72042375979345], [9.504883510135848, 45.72058656096054], [9.504512177876476, 45.720732222138544], [9.504024214943508, 45.72077037635962], [9.503651667326352, 45.72078101468005], [9.503087270496055, 45.72089152257628], [9.502728936014071, 45.72105511150089], [9.502408666811476, 45.72116452174886], [9.502062767527862, 45.721283058024106], [9.501664584438608, 45.7213027979067], [9.501213908017641, 45.721196774492455], [9.500865270240162, 45.721009286765], [9.500644974656245, 45.72080324485323], [9.500680472162259, 45.720461054600605], [9.500947978206161, 45.72019886432726], [9.501241970951531, 45.720026548969315], [9.501781161896327, 45.71997018995476], [9.502165605504516, 45.71985148509445], [9.50212431251839, 45.71954563411473], [9.501801875466473, 45.71941204421837], [9.501261563308779, 45.71934241420611], [9.500887577009369, 45.719191038187915], [9.50059074873441, 45.719048337193634], [9.500370407154916, 45.718833279686535], [9.500200068584705, 45.718464987473006], [9.500235005421414, 45.71805981298558], [9.500194045566259, 45.717789960252524], [9.500165044067897, 45.717421067047525], [9.49972740181001, 45.71733297144064], [9.499405705967273, 45.717280366989655], [9.499120396009896, 45.71698459547759], [9.49899006306974, 45.71677815717916], [9.49853852052125, 45.71657310100751], [9.498176199952095, 45.71628665852176], [9.497814682297134, 45.716090221192275], [9.497042340827484, 45.71593157215386], [9.496773401111534, 45.716031747982996], [9.496492176340864, 45.71619498307553], [9.496120452703424, 45.71629560398412], [9.49564483314035, 45.716270663241055], [9.495373503527471, 45.716100832896245], [9.495114618747197, 45.715885932261216], [9.49476550536111, 45.71563542130148], [9.494404480061728, 45.715492982145065], [9.493901892378856, 45.71532412990039], [9.493490353498027, 45.715280912340205], [9.493130283602849, 45.71524646655703], [9.492578051333165, 45.71527585391691], [9.492091155618704, 45.71543096754618], [9.491567609579203, 45.715811153335785], [9.491453679934507, 45.71601858450496], [9.491301876140378, 45.71628925154237], [9.491163306114279, 45.71660487537742], [9.490974420287047, 45.717046726465306], [9.490810005526107, 45.71734445299198], [9.4907483462609, 45.71764173703492], [9.49077649812547, 45.71792064357005], [9.490766493458041, 45.718244710785015], [9.490794540005844, 45.718514622341665], [9.490848138895391, 45.71876641440639], [9.490902212365393, 45.719072197475604], [9.490930600981725, 45.719378107975295], [9.490741021920945, 45.71973894617858], [9.490228293322112, 45.719885150200696], [9.490141888076186, 45.720290560301834], [9.490298458575143, 45.72055992133151], [9.490262268994904, 45.72083008965682], [9.490109737141879, 45.72101976166182], [9.489854939653132, 45.721272876627644], [9.489753958674035, 45.72148031788741], [9.489691660428193, 45.72170560204275], [9.48965507289318, 45.72193077686647], [9.489605563057987, 45.72214701165601], [9.489001709379624, 45.7221585932014], [9.48869354409063, 45.72218691684175], [9.48830868915246, 45.722260563308836], [9.487757402038003, 45.72240693896714], [9.48728186489128, 45.72239997275631], [9.486805807481954, 45.72232998234095], [9.48650949124611, 45.722241251911626], [9.48609720573575, 45.722116995715375], [9.485724150292002, 45.72207356847889], [9.485196623048573, 45.72199481277329], [9.484605066050241, 45.7219433133139], [9.484245269558249, 45.7219448388684], [9.483822479831826, 45.722090650840364], [9.483579713408108, 45.722253691092625], [9.48335059207771, 45.72250666480797], [9.483005522591903, 45.72272414583447], [9.482647348558192, 45.72291467609906], [9.482199145298816, 45.72309659075337], [9.481917766453476, 45.723250794113575], [9.481431335682863, 45.723451017077046], [9.481325029264383, 45.7230374673533], [9.481245524120913, 45.722758775969524], [9.481178735834273, 45.722462037477506], [9.48107324020426, 45.72214745403931], [9.480980433484415, 45.72181482448488], [9.480808746051947, 45.721275502289025], [9.48065031531751, 45.72078111898286], [9.480268557806443, 45.71972064234459], [9.479863471660568, 45.71893027532735], [9.479963328931818, 45.71858784088885], [9.480398123649298, 45.71834298565579], [9.480344082319672, 45.71803717945049], [9.480187362533147, 45.717740820004], [9.48050649768971, 45.717496469277975], [9.480916266027593, 45.7173327145689], [9.48119785130308, 45.717205535741435], [9.481466438183395, 45.71706038329352], [9.481272092571052, 45.71687218533867], [9.480782911681331, 45.71676624345221], [9.480473563108141, 45.71665052902814], [9.480215503593984, 45.716525602796594], [9.480046614483932, 45.716310289735894], [9.479890362180928, 45.71606793803718], [9.47979857535107, 45.715852300708214], [9.479745335694297, 45.71563650144016], [9.479536439594417, 45.71525034843701], [9.479290169164704, 45.71502616825692], [9.479006293693741, 45.714856547862176], [9.478773875542865, 45.71472251452646], [9.478438732047676, 45.71459790724489], [9.478193400316336, 45.71445491339511], [9.478129702225306, 45.71433589233617], [9.478010556376326, 45.71411361469747], [9.477982035332985, 45.71378069616019], [9.477905460078812, 45.713537415118175], [9.477579812170429, 45.71331438046962], [9.477518728467794, 45.71322232983302], [9.477371551598848, 45.71300024064797], [9.477509961967524, 45.712657628903976], [9.47763644829052, 45.712423086405956], [9.477377981742826, 45.712244145136644], [9.477067490818857, 45.71199341856786], [9.476859545359943, 45.71171525895585], [9.476703321048875, 45.711472902592], [9.477560609043879, 45.71093605502709], [9.477675198446677, 45.71072522077124], [9.477736316499271, 45.71061319136643], [9.477849395268963, 45.71031569984105], [9.477863938543042, 45.710150738768206], [9.477907953368792, 45.7096493814162], [9.477905959073126, 45.70941537586413], [9.477870395928996, 45.709388519485614], [9.477569776185183, 45.709164758906766], [9.477259252002021, 45.70890503835469], [9.476974458394743, 45.70865420404019], [9.476779620221544, 45.708402994540336], [9.476590808106076, 45.708142294304345], [9.476441804833085, 45.7079543775358], [9.476260576045702, 45.70779312120714], [9.475988198699685, 45.70748822234035], [9.47594713330037, 45.70719137463663], [9.47597314539236, 45.70707811072331], [9.476009175982425, 45.7069211772086], [9.476138953737843, 45.70670011644175], [9.476312726990113, 45.7063618551945], [9.476066213224875, 45.70607485924215], [9.47590993174598, 45.70582348657812], [9.475886801578223, 45.705652574599306], [9.475873021883382, 45.70555986057062], [9.475855131422435, 45.70542763746974], [9.476020434198329, 45.705228935354086], [9.476499727039535, 45.70485335028467], [9.475949381687826, 45.70443706392409], [9.475742462610658, 45.70427591459807], [9.47550857135988, 45.703961857817404], [9.475135746772256, 45.70392740835257], [9.47468607049712, 45.70392028306649], [9.474542639222994, 45.70366885504802], [9.474107366156304, 45.702997826507875], [9.47380190678639, 45.70266381848886], [9.473620324129245, 45.7024575632843], [9.47342590244496, 45.70225134118588], [9.47337262470808, 45.70202654317792], [9.473331529225074, 45.70182247846678], [9.47330559488071, 45.70169381833044], [9.473361603404037, 45.70072146845856], [9.472834302129263, 45.700642686883725], [9.472487355496838, 45.700626112506384], [9.472101767787713, 45.70060071933408], [9.471690581405584, 45.70058440797467], [9.47124108210521, 45.700595258348166], [9.470856049540709, 45.70063284735618], [9.470458455555942, 45.70070650449469], [9.470035486145452, 45.70081624814771], [9.46948451154757, 45.700980525770774], [9.469023074411796, 45.70109943716607], [9.468471495297091, 45.70119171208372], [9.467997190982095, 45.7013106540896], [9.46748421977228, 45.70141176060225], [9.466971323015642, 45.7015218779299], [9.466522490068002, 45.70161370452144], [9.466047953782386, 45.701705653103346], [9.465714137694905, 45.7017250240893], [9.465341332456692, 45.70169054167246], [9.464979727492802, 45.70145798173719], [9.464948228760328, 45.701431323479], [9.46474694500475, 45.701260977389104], [9.464500886875468, 45.70101896840978], [9.464255028533328, 45.70080394525142], [9.46388066850161, 45.70058044796002], [9.462892298311198, 45.700665454292036], [9.46274637817384, 45.70010800595102], [9.462284042236197, 45.70011887307597], [9.461757716876663, 45.700157002152395], [9.461270273760595, 45.70023998675333], [9.46071743074409, 45.70017921171697], [9.460522770036652, 45.69993696884839], [9.460532873209992, 45.69960390655528], [9.460787779778975, 45.69935985102172], [9.461093960499925, 45.69910659165502], [9.461117292582678, 45.69881847370773], [9.460731083771542, 45.69871203000887], [9.460241951901164, 45.6985879899139], [9.45976531460263, 45.698418900500755], [9.45995590914964, 45.69816610923638], [9.460298481243903, 45.69765168678326], [9.459835872492809, 45.69762654539027], [9.459321596039162, 45.697565607442776], [9.45885869267083, 45.69750446265878], [9.45833228762815, 45.69753358086629], [9.457986100259724, 45.69760697039498], [9.457691182473779, 45.69767115806311], [9.457293396087172, 45.69771776500529], [9.456891236522067, 45.697828857389965], [9.456434765866033, 45.69798205160714], [9.456548121927574, 45.69837402670233], [9.456593352954073, 45.69853045765363], [9.456644999420513, 45.69855707100274], [9.457651485534887, 45.699120305522975], [9.457179994906271, 45.69923699608821], [9.457023296404483, 45.69927579464115], [9.456875649203575, 45.6993418247878], [9.45645456641688, 45.699530092353555], [9.456338237940429, 45.69953955248815], [9.455498810241464, 45.699603458979574], [9.455393777703728, 45.69961088663316], [9.451972298794262, 45.69832200788515], [9.450557951978494, 45.6993116143483], [9.450504029559692, 45.69958737198762], [9.450657214837015, 45.700019734567206], [9.450998599563468, 45.70058256456089], [9.450586878892903, 45.700584189104674], [9.449949001578377, 45.700389907241785], [9.449022854371677, 45.699252071663985], [9.44950175734235, 45.69829237979946], [9.448788100165743, 45.697980304038936], [9.448223970148879, 45.6976413872492], [9.447907199758674, 45.69781319529544], [9.447964880914267, 45.698003222359624], [9.447349406298796, 45.69826803512675], [9.44617376923944, 45.69869249312902], [9.44578329428274, 45.69900890052949], [9.445651666314909, 45.69893068381893], [9.445875193923117, 45.69879862011883], [9.445590736364988, 45.69832738808558], [9.445459943848846, 45.69835414724453], [9.444993560548935, 45.69853963744703], [9.44451000509642, 45.698922025342576], [9.442818217299111, 45.70034560056619], [9.442071352416098, 45.70039804336878], [9.44143407242603, 45.70044279425839], [9.441110351605486, 45.69973555005107], [9.438979682191306, 45.70009799496467], [9.438654867105699, 45.699266801189054], [9.438276856922306, 45.69943030190942], [9.438130009104947, 45.69949383403031]], [[9.424564591596411, 45.72365115040137], [9.424620052962313, 45.72364882370362], [9.424971010427091, 45.723254093469066], [9.42520618085126, 45.7229895835849], [9.425170324407887, 45.72292221291092], [9.424841190000139, 45.72230689220999], [9.425392776733789, 45.722178828743715], [9.425261747763658, 45.72184629719666], [9.425594262045717, 45.72163803364766], [9.425501717954647, 45.72129634378536], [9.425975256527764, 45.72104257504814], [9.426285912552489, 45.72133843528452], [9.426558430710408, 45.721688447202105], [9.427033312073009, 45.72161467230223], [9.427262891757534, 45.721388795996916], [9.427479832072516, 45.72118995358661], [9.42763635227792, 45.721495401048045], [9.428075111316335, 45.721736783797134], [9.428668130463022, 45.72198656446001], [9.429541503472278, 45.72192929388355], [9.430311320313677, 45.721773380010404], [9.430557255356272, 45.72200646681275], [9.431561831045334, 45.72229971349115], [9.43235747439329, 45.7221616799619], [9.432417970549066, 45.72215059425754], [9.434012825920437, 45.72185838474859], [9.434883467645562, 45.72145003485435], [9.435301299528241, 45.72164286254242], [9.435425118383762, 45.72169999488003], [9.43557640881322, 45.72173993525022], [9.435824341403935, 45.72180404116121], [9.436519593011951, 45.72198384193867], [9.437329394636896, 45.722016744600566], [9.437720169433842, 45.72217726054626], [9.438025531291348, 45.722302101288214], [9.438107384840272, 45.72229279205044], [9.438576621386039, 45.72211096963583], [9.439081584543912, 45.72095693781241], [9.439190375979953, 45.72008345444503], [9.43938017448324, 45.71970469043619], [9.440008922768524, 45.719594269251445], [9.440403650902175, 45.71913371772894], [9.440862183332577, 45.71861890754129], [9.441252968654887, 45.718695483535086], [9.441402699082573, 45.718724822897904], [9.44166479858214, 45.71866080350976], [9.441744969019714, 45.71864248386817], [9.441941370763105, 45.718596729337406], [9.442749990333041, 45.718485596223694], [9.44323783338658, 45.71842969447825], [9.443789696816799, 45.718346536898096], [9.444199468367021, 45.718268444886604], [9.444367053080665, 45.71823629131242], [9.444475602680445, 45.71821927879638], [9.44548596305152, 45.71806092597228], [9.445599050515257, 45.71804247526825], [9.446080900893616, 45.717941588864576], [9.446260040474577, 45.71790348737302], [9.446447297129957, 45.71786365813174], [9.446548298301245, 45.717840756917205], [9.446418013061688, 45.717616247027756], [9.446263873089304, 45.71752234083124], [9.446004845655949, 45.71736583834353], [9.445770205321178, 45.7169437237595], [9.445762417869828, 45.71668909543921], [9.445796813982843, 45.716633071669975], [9.445820881268133, 45.71651927876096], [9.445832451894514, 45.716405536410704], [9.445819629472021, 45.716361862362], [9.445781002521219, 45.71621332797212], [9.445830574152218, 45.716169410456196], [9.446005200295616, 45.71615999091162], [9.446192369311387, 45.71615926009232], [9.446317287486622, 45.71617626612159], [9.446492235933233, 45.71621055065789], [9.44661701495384, 45.71621006294843], [9.446691487508124, 45.71615730973848], [9.44680334909279, 45.71610439316442], [9.446828808154589, 45.716165510738584], [9.446991912442527, 45.716278569928086], [9.447166539858443, 45.71626913060201], [9.447278427054274, 45.71621623146516], [9.447452495917705, 45.716136838770794], [9.447601803838005, 45.71608377385189], [9.447776219754205, 45.71604810339006], [9.447913122441781, 45.71600384266079], [9.448225070703957, 45.716002619248826], [9.448437561270586, 45.716045509494094], [9.44865410335656, 45.71610605110443], [9.448723868590195, 45.71612200916059], [9.449078078433452, 45.716048689331785], [9.449731849395338, 45.71585709999172], [9.45000737650803, 45.716567088177506], [9.44996653269293, 45.7178813548149], [9.449981055245402, 45.71969043420519], [9.450056563445669, 45.72109425336297], [9.449872638409534, 45.72219305989399], [9.450049498184232, 45.72341647614603], [9.450441888128053, 45.72426998485104], [9.450664546780967, 45.724791160528675], [9.449812952123652, 45.72596460061783], [9.44922015767919, 45.72736205080246], [9.448509784934643, 45.728525929004505], [9.447825817049866, 45.729779709539514], [9.447727658671187, 45.730365153825346], [9.447691210356597, 45.73062631469978], [9.447375472236837, 45.731220188723114], [9.447260868400107, 45.731438201482334], [9.44716627605766, 45.73154279802929], [9.44711196987769, 45.73162117510106], [9.44705857675868, 45.73169947656696], [9.446998434080722, 45.7317889887776], [9.445835162117815, 45.733189775562806], [9.446035133517533, 45.73408906420361], [9.446762179647742, 45.73500428237444], [9.4479269375967, 45.73599881447948], [9.448287780793173, 45.73582691565145], [9.448504391259794, 45.73599643209169], [9.448730243935554, 45.7361791663494], [9.448856986556622, 45.73627848161333], [9.448920280084701, 45.73636525056543], [9.448974727805377, 45.736455209912116], [9.449022750337068, 45.73653973821778], [9.449063536559004, 45.7366088919302], [9.449147957535937, 45.73692546361358], [9.449286043103232, 45.73706191776663], [9.449344389297774, 45.737165971198394], [9.449393056927152, 45.73738557310858], [9.449487259424366, 45.73764629407297], [9.449522039713255, 45.73796525869435], [9.449396104943729, 45.73833965851162], [9.449253490314097, 45.738561475284335], [9.449273752229841, 45.73885574041481], [9.449196601512668, 45.73918757431357], [9.44917058990762, 45.739255739454194], [9.449166242224589, 45.73930523014438], [9.449161829668949, 45.739355448350686], [9.449087349369936, 45.73965753492707], [9.449198065555462, 45.7398863194151], [9.449386255901441, 45.74009227377777], [9.449409419037348, 45.74012296167558], [9.449435968270853, 45.740159282426866], [9.449647607995526, 45.740360388101394], [9.44996005072373, 45.74058675400073], [9.450031936819364, 45.74064140701798], [9.450171387564598, 45.740784604308104], [9.450383630466995, 45.74100254844563], [9.450548847528491, 45.74106533710378], [9.451157250207306, 45.74129653212359], [9.45197964190615, 45.74185581483601], [9.452656496925856, 45.74229867100458], [9.452879470054686, 45.74245303338215], [9.453147738298076, 45.74263875253843], [9.453871245577101, 45.74308591409079], [9.453955396216728, 45.74313899386685], [9.454048305082544, 45.74319427366316], [9.454257411227095, 45.74332536297317], [9.454736992315075, 45.743631555622066], [9.455577840593076, 45.744276250441686], [9.456198676245618, 45.7447418151981], [9.456303522548932, 45.74485642886293], [9.456756496843072, 45.745351690958124], [9.457134141137312, 45.74594421595929], [9.457117186635347, 45.74701537515751], [9.456878667227524, 45.747718383300274], [9.45662675550673, 45.74835844003511], [9.456437810887735, 45.748836232930145], [9.456145115930827, 45.74920641995236], [9.45562074195167, 45.74954154803711], [9.454918101362026, 45.75009338715783], [9.454560207936982, 45.750747354015466], [9.453875855754703, 45.75157364105783], [9.453278449393572, 45.752422069128215], [9.45264157811784, 45.75316264769887], [9.45197905531777, 45.75381333379113], [9.450713205914735, 45.754790399904714], [9.450127121577363, 45.755458764178286], [9.449939868525641, 45.756444523557825], [9.44989266863409, 45.75669269951735], [9.44937461841858, 45.75782883270467], [9.448377096100325, 45.75850780045591], [9.447352455873789, 45.75901585977664], [9.44640804216161, 45.75991062158557], [9.445847050474802, 45.76051581602749], [9.445324320413823, 45.76108487990982], [9.444963797014898, 45.762643405085775], [9.44475670171132, 45.76409331296138], [9.444926747755169, 45.76491024426182], [9.44494389087164, 45.76499264752926], [9.44498948711383, 45.76587454255565], [9.444342645885225, 45.767011134594554], [9.44356852385821, 45.768319241389236], [9.442976842650573, 45.769932646272885], [9.442485731563554, 45.77125765697829], [9.442152338412118, 45.771813901887626], [9.441901794352468, 45.772231979471165], [9.441358079594883, 45.772854897020004], [9.44130268563319, 45.77291833827843], [9.440691937949218, 45.77375777061202], [9.440094524301319, 45.77466013514823], [9.439903344003147, 45.77488588726819], [9.438915081019381, 45.77679158119875], [9.438299683484216, 45.776650606457515], [9.438225870345525, 45.777027186532884], [9.438029108342285, 45.778049330931175], [9.437702682461234, 45.77885692865701], [9.437115250273218, 45.77902044937506], [9.43644962674666, 45.77900507712659], [9.436196331862304, 45.77934650760391], [9.436175196310703, 45.77992001117684], [9.436308065403242, 45.780546659972984], [9.436594245773467, 45.78113690724935], [9.435840856995615, 45.781332261685634], [9.435155985378545, 45.781366541963436], [9.43498454289573, 45.78080912723493], [9.434287269582672, 45.77881364687848], [9.434471749636858, 45.77772386959335], [9.434797521857684, 45.776606548496225], [9.434880632812973, 45.77571516687098], [9.43465567734509, 45.77490597097498], [9.434520201117156, 45.77402441509689], [9.434400241184692, 45.773484830501786], [9.433947941757678, 45.773207542538486], [9.432920463810454, 45.77340043719834], [9.43189168332158, 45.7734223401582], [9.43098699108467, 45.77285870980492], [9.43011848526251, 45.77197993001825], [9.429392166794937, 45.771190601055416], [9.428253518241503, 45.7702948113341], [9.4273855750456, 45.769478995293206], [9.426569508925375, 45.7687169876792], [9.42619196478448, 45.76811536834845], [9.426070589246454, 45.767377750436054], [9.426140698926185, 45.76645044005667], [9.4262905541281, 45.76586482519242], [9.426397774370962, 45.765684810305785], [9.426752583868922, 45.76508901043423], [9.426849268498097, 45.764926675866235], [9.427345230121349, 45.7641957642313], [9.427880906377908, 45.763617717549046], [9.428596766256248, 45.76305700208061], [9.429442312790345, 45.76263979552269], [9.430802688068113, 45.762283647745974], [9.432216076880719, 45.76213429004323], [9.433809948261336, 45.76204725282093], [9.434810646138631, 45.76174643212206], [9.435693165661823, 45.761131009849976], [9.43657374498679, 45.76027259809375], [9.437416657860725, 45.75953132053612], [9.438454249039717, 45.759023301589295], [9.439530446314748, 45.7585241208948], [9.440710498676454, 45.75815055594178], [9.441531714284674, 45.75793136502697], [9.441941112452701, 45.7576687653961], [9.441472132464055, 45.75743855842686], [9.441425356077595, 45.757402526501316], [9.441178666106424, 45.757285912627], [9.440921366566643, 45.75716866320669], [9.44046744221243, 45.756675387089324], [9.440385472907499, 45.7560636601773], [9.439981297437184, 45.75589470826363], [9.439901059054435, 45.755861154650944], [9.43983075805567, 45.755831765171706], [9.43922560982867, 45.75572609238424], [9.4393240126309, 45.75515866666003], [9.439439551595052, 45.75482009068639], [9.439613104395288, 45.75431149961896], [9.439418247178711, 45.75406022848107], [9.439557757199799, 45.753812167883616], [9.43959577704103, 45.753744519653175], [9.439556917585776, 45.75374206974549], [9.439393972434704, 45.75373180201331], [9.438952569074345, 45.753701996100126], [9.437859291218889, 45.75365218038619], [9.437137205041557, 45.75338493394821], [9.436964997187165, 45.75273753028616], [9.436935322508369, 45.75264313597958], [9.436912632141683, 45.7525716596483], [9.436754104405868, 45.752072283492424], [9.436828838808935, 45.75176598510685], [9.436982958842489, 45.751685450246825], [9.43736664443911, 45.75148490097699], [9.437595459853613, 45.75115100719335], [9.438017470340792, 45.75075786489356], [9.437590536269665, 45.750520972987175], [9.437768767756936, 45.75029527427696], [9.437420371237538, 45.75013459701361], [9.436917920272014, 45.75000151284747], [9.43651651983871, 45.74963401112156], [9.436627649296247, 45.74904854689941], [9.4365583270653, 45.748400768708024], [9.436507071976683, 45.74830040907176], [9.43621889492271, 45.747736010598004], [9.436024444357821, 45.74764102536598], [9.435560714513551, 45.747414499122094], [9.43453122797264, 45.747283413269585], [9.434451041041756, 45.747281653438115], [9.433476857856336, 45.74726041345796], [9.432768323162598, 45.7470740836711], [9.432707009873232, 45.74703413024383], [9.431937362546192, 45.74653268629984], [9.431902621650115, 45.746510310353315], [9.431256729959275, 45.74610771359394], [9.430616838493394, 45.74622378861608], [9.430293894082219, 45.746282368020026], [9.42963634263698, 45.74603282239335], [9.42913656866559, 45.74624170714561], [9.42845199342663, 45.74582124909987], [9.42795118497464, 45.74578808341265], [9.427808887085153, 45.745778662387536], [9.427473680852856, 45.746045303330504], [9.427422336373764, 45.74608612121808], [9.427260849150018, 45.74640175425293], [9.426760087724215, 45.74645497958803], [9.426192697842923, 45.74651542326949], [9.42611374381871, 45.74652615953178], [9.426057596836419, 45.746531909783684], [9.426018203247025, 45.746538952153756], [9.425955411174249, 45.74654641477378], [9.425898334735711, 45.74655656888002], [9.425841509379653, 45.746561705002954], [9.425218603365227, 45.74664338460582], [9.424769742768811, 45.74689257851414], [9.424693725827858, 45.746933359082504], [9.42438378681697, 45.74708697266066], [9.424181391203462, 45.747187284263774], [9.423819209892725, 45.74707912610457], [9.423740562629781, 45.74705563963351], [9.423680163396938, 45.74703760200158], [9.423642168916405, 45.74702625523001], [9.423573335121814, 45.74700569800308], [9.423318085769989, 45.74692946796897], [9.421978941279894, 45.74664639952173], [9.420536501781326, 45.74630069035212], [9.419017477087824, 45.74602726427019], [9.418988993795784, 45.745658331573864], [9.418667209293794, 45.745605501248875], [9.41751400106927, 45.746113764254055], [9.416441234938263, 45.746353890636136], [9.416270545424515, 45.74639187657312], [9.4162048824703, 45.74640656289668], [9.416054171134201, 45.74688415072344], [9.415531086515191, 45.747426098459385], [9.414580959417487, 45.747591559939714], [9.413489613997283, 45.74778453142453], [9.412476665064299, 45.748148215605184], [9.411499892753172, 45.748187738949994], [9.410718658894574, 45.748595586368445], [9.40988682216984, 45.7491206070758], [9.40927085982263, 45.74927583058508], [9.408884635612512, 45.749205213758486], [9.408408181990609, 45.749098898102694], [9.408315824830053, 45.74877520579827], [9.408479943352523, 45.74836058655532], [9.408824276959434, 45.747981323535484], [9.409129208079158, 45.74748520251114], [9.409396416817255, 45.747106212956496], [9.409573765428862, 45.74674555451756], [9.409171815655988, 45.746278952949645], [9.408620084475993, 45.74642494673491], [9.408159126792253, 45.74667861631987], [9.407579504414782, 45.74652767002365], [9.407512357552276, 45.746131867474965], [9.40732936801419, 45.74571850521106], [9.4067749572042, 45.74549546430348], [9.405989224155968, 45.74528223826704], [9.405036175521762, 45.74504259512731], [9.4040319102381, 45.74483013011797], [9.403169058246126, 45.74461717535449], [9.402978569685319, 45.744941869112346], [9.403559044340737, 45.74521884722153], [9.40366437235834, 45.74556048844507], [9.40437393501352, 45.74590900685329], [9.404950742795318, 45.74567295156253], [9.405043075278302, 45.74599664594609], [9.403545865560908, 45.74695601994698], [9.402801478560686, 45.74712965376248], [9.402017002722406, 45.74709641643985], [9.401902737460281, 45.747294830438165], [9.401750802700134, 45.74761938636948], [9.401072282099404, 45.748017812191485], [9.400432256808495, 45.74840708479502], [9.400651882438929, 45.748559331162696], [9.400217237920385, 45.74890286759749], [9.399830449060833, 45.74875120551185], [9.399120556391646, 45.74835766457143], [9.398580923233396, 45.74840456292671], [9.398545168311845, 45.748800710648], [9.398534497648372, 45.74910676066813], [9.398060367559111, 45.749324435038844], [9.397315521807785, 45.74944404275312], [9.396866317095785, 45.749553604821685], [9.396517239032649, 45.74927580899312], [9.39588460898489, 45.74889997051302], [9.395623535556405, 45.74834282217658], [9.395059787614885, 45.748614803390865], [9.394404457441558, 45.748662063105996], [9.393699070685084, 45.7489075214973], [9.39353758783772, 45.74970913885038], [9.393320859240253, 45.749970901366055], [9.392212194275443, 45.74954267048682], [9.391616023812148, 45.74886067133862], [9.390907229391303, 45.74862007302353], [9.389837557528262, 45.748245713480046], [9.389462798761459, 45.74796796475985], [9.389498214833601, 45.74751781199428], [9.388303193068886, 45.74760287648538], [9.38714630500467, 45.747624811126265], [9.386834278294767, 45.74712182603755], [9.386240246185485, 45.74673680798835], [9.385405507976676, 45.746865637311785], [9.385524689424072, 45.747369278099825], [9.386375761661268, 45.74774443552801], [9.386636056732193, 45.748202583245664], [9.385943826840126, 45.74849294488404], [9.385625775335056, 45.74898005284259], [9.385242862832534, 45.74938638087767], [9.38482288441642, 45.750008835932064], [9.384141187120358, 45.74996613431862], [9.383767246829402, 45.74980537934154], [9.383353380117343, 45.74944672810031], [9.382940688328233, 45.74925911348224], [9.382019471945522, 45.74991024205461], [9.381582958042172, 45.75000171179595], [9.381081989468727, 45.75006638903249], [9.379981019174284, 45.750758597524374], [9.379648287774087, 45.750989218980365], [9.37918716065356, 45.751242771106874], [9.378658591966785, 45.7510285026622], [9.37820838896181, 45.750759982322386], [9.378384221408085, 45.75038136799361], [9.379122209412268, 45.7492448438685], [9.379322251436669, 45.74840711945952], [9.37906042978354, 45.7477149290125], [9.378682989191924, 45.747032136299204], [9.378156624425806, 45.74714188056256], [9.378109823453892, 45.74782608156497], [9.377958783168928, 45.7483036191542], [9.37792385558132, 45.74884377681786], [9.37801743353903, 45.7493745157776], [9.377348354765875, 45.74929571269594], [9.376525316866788, 45.74926242680315], [9.37601168037741, 45.74935412850014], [9.375918301451106, 45.74885039308404], [9.3758246248422, 45.74830166289008], [9.37492406227468, 45.748205616107526], [9.373996343079014, 45.748186260986294], [9.37380540277084, 45.7481822774631], [9.373164582626996, 45.748204316995995], [9.372648613278978, 45.74822205656899], [9.371995334838823, 45.74858420720861], [9.371188883370616, 45.74910888325325], [9.371551067881617, 45.74944072281007], [9.37081880012751, 45.749524116584716], [9.370498823123956, 45.74974115722551], [9.370604169706088, 45.750118847744936], [9.369859550819257, 45.75028327132003], [9.368922705548668, 45.7505383219285], [9.368815677961528, 45.7507591856846], [9.36833533245656, 45.75115226036545], [9.367837056418363, 45.751630903177094], [9.367658360852314, 45.75182949016033], [9.36741308651031, 45.75167728185251], [9.36721752503399, 45.75126387821568], [9.36685653351787, 45.75111202255717], [9.36648626133603, 45.75150923362371], [9.366089663964136, 45.75180752235703], [9.365833400850944, 45.751943367802426], [9.365911961543555, 45.752159118721494], [9.365864360310356, 45.75274432740551], [9.365573101666234, 45.75342930511341], [9.365164900776344, 45.7539256565083], [9.364549054437926, 45.75412563486823], [9.364035035050929, 45.75417226936541], [9.363612736484278, 45.75447964458058], [9.363166051878467, 45.75499410367809], [9.362819089301013, 45.75502221090205], [9.362236706020878, 45.75443900188147], [9.361805788783313, 45.75341429119743], [9.361879856899419, 45.75293701923376], [9.361788170391916, 45.752676293535615], [9.361467152605874, 45.752740314770655], [9.360646043924035, 45.753012940756065], [9.359478352151399, 45.753376642991824], [9.358629017858382, 45.753262297074684], [9.358085931905267, 45.75277796681248], [9.3572080715656, 45.75222268053881], [9.358141628084775, 45.75143669082515], [9.357651685913645, 45.75122220412935], [9.356749787820362, 45.75091901113712], [9.356542260242756, 45.750780321133284], [9.356508491878285, 45.750757752733705], [9.356618319859185, 45.75067949235076], [9.356965231315547, 45.750432305293856], [9.357734438164833, 45.75008786760092], [9.358288240008315, 45.75023914853691], [9.358507899653361, 45.75040946553232], [9.358956101681608, 45.7507590845791], [9.359489662353823, 45.751135439135304], [9.359889037115442, 45.750760648315755], [9.359432981831693, 45.75031654892352], [9.35905824398489, 45.75002070984089], [9.358928001058306, 45.74976010197869], [9.359786835197212, 45.7493613598537], [9.360582487414627, 45.749133834734145], [9.360502560928238, 45.74870206373778], [9.361667765417486, 45.74796932255152], [9.362269543110527, 45.74758938374388], [9.363143092977309, 45.74748760507653], [9.363874117878973, 45.747215266701495], [9.364860206159522, 45.74662706425917], [9.365718805509996, 45.746210304461755], [9.366538493839633, 45.74573963510747], [9.366961149192162, 45.74549525271134], [9.36611027359545, 45.74512896416181], [9.365261841372396, 45.74513167969429], [9.364538132730678, 45.744548933127554], [9.363917330653125, 45.74397486754591], [9.36327143062027, 45.74349088948598], [9.362434823162062, 45.74333153554444], [9.360944926282299, 45.743534264180276], [9.360071318279449, 45.74361803559502], [9.359208015059387, 45.74330572572598], [9.357898391330327, 45.743552861393674], [9.356718201747135, 45.74394358015964], [9.356101664851149, 45.74402650030547], [9.356117057301502, 45.74442249358145], [9.355462343298905, 45.74456853452756], [9.354357090997956, 45.74461698236809], [9.354073371610603, 45.74447384182208], [9.353914343228794, 45.74371826944069], [9.353529417802644, 45.7438364763476], [9.352361952765767, 45.74420912001015], [9.35174704557699, 45.74455302896274], [9.351918525973588, 45.74524555973133], [9.352075722591088, 45.74571311810574], [9.351140676292115, 45.74625603887427], [9.350653567527162, 45.746482550931084], [9.35055219456817, 45.7467168742945], [9.350230748894656, 45.74670886474683], [9.349422014501256, 45.74690033868424], [9.349090243266236, 45.74729739389946], [9.348205138139306, 45.747615121891414], [9.348129933506499, 45.747728071028014], [9.347784816259422, 45.748246437321804], [9.34747883531204, 45.74866139994553], [9.347130097209629, 45.748915902128076], [9.34709489727771, 45.74894159548792], [9.346182331423963, 45.748980365322225], [9.345474339921404, 45.74883850625853], [9.344790635053371, 45.74846253931162], [9.344003601107188, 45.74800588348267], [9.342936566776805, 45.748009091190255], [9.342384810337096, 45.748181752958445], [9.342182509922575, 45.74874039268828], [9.341605594656544, 45.749003136172256], [9.341243807969164, 45.74870719988349], [9.340410439961746, 45.749087717185], [9.340708172268766, 45.74941984830102], [9.33921901733349, 45.749784320756326], [9.33790806644942, 45.7498512097266], [9.337059534404315, 45.74985371611076], [9.336584128336295, 45.74990011322489], [9.336260717905493, 45.749568046968754], [9.336156009041837, 45.749262323464635], [9.336279689293827, 45.749053388841524], [9.336353317152337, 45.74892900862905], [9.336372067065728, 45.74889733381048], [9.33648693612136, 45.748703315723816], [9.337076749076871, 45.74844054202383], [9.337215886595718, 45.74806211809394], [9.336930922135988, 45.747711931455605], [9.336363651391261, 45.747443571472445], [9.336246016859175, 45.74711989619406], [9.336248460247637, 45.74703758165884], [9.337764006559047, 45.74675074438665], [9.338264175041838, 45.74662984002888], [9.33831741579879, 45.74661819833444], [9.338379329634614, 45.74634938941756], [9.338527842006643, 45.74603309786527], [9.338370206153852, 45.74547554438645], [9.338986024290563, 45.7452666935655], [9.34009972300046, 45.74448932727432], [9.34090456392296, 45.743658863864155], [9.341466714759166, 45.743090153837], [9.342660666718993, 45.74283455812695], [9.343148220036257, 45.74268008021259], [9.34361010224427, 45.74253468987685], [9.343711301509874, 45.74226435470091], [9.342858642744728, 45.74157385741841], [9.342535576415257, 45.74129581645606], [9.342507324264295, 45.74088186898301], [9.341695820532136, 45.740605272598444], [9.341963948485358, 45.740307452550354], [9.342683486561302, 45.74026028208748], [9.343608013564923, 45.7400954944153], [9.344144602741371, 45.73956284806187], [9.343638601111232, 45.73879931088654], [9.343249965578464, 45.738305430907474], [9.34353092163166, 45.73800756941919], [9.344107133737772, 45.737645812109825], [9.34412840126912, 45.736925683326874], [9.344098121383228, 45.73617872271105], [9.344217642528749, 45.73591320281645], [9.34429175776733, 45.735748495894974], [9.344402406185614, 45.735502714203264], [9.345080600810622, 45.735014633614256], [9.345386747535052, 45.73463567538514], [9.345655327118667, 45.73441884200795], [9.345653217073645, 45.73407681647261], [9.345445644420185, 45.73394621754632], [9.345240360560286, 45.73381707664925], [9.344546985039402, 45.73392718887205], [9.34415967544775, 45.73364932965116], [9.345466323693524, 45.7329433297106], [9.34627220062424, 45.73231984860051], [9.34710530854095, 45.731948283545506], [9.347191538432824, 45.7313449706473], [9.347311310083287, 45.7310340871262], [9.34740657013861, 45.730786281618464], [9.347187693736624, 45.73048300158692], [9.34716023706118, 45.73044497213719], [9.346526084088982, 45.730020143520456], [9.34642461903591, 45.729952174034366], [9.347028647546292, 45.72995034095957], [9.348237319645296, 45.730045669187064], [9.349199464981677, 45.729763705793005], [9.34951828842688, 45.729366706638125], [9.349591530991775, 45.72874542262544], [9.349357119865077, 45.72825110945041], [9.349521783179695, 45.727863576841465], [9.349301622341175, 45.72759421777089], [9.348978380883285, 45.72728017826748], [9.348821234553666, 45.72681263198112], [9.348703238669437, 45.72643495937033], [9.348404183109325, 45.72587781694656], [9.348530905376021, 45.72558940720701], [9.34967496085663, 45.7256399215714], [9.350999948221844, 45.725851881053025], [9.351617140017797, 45.725903992464886], [9.351603838763952, 45.7258394248845], [9.351444820880317, 45.72506744085184], [9.351348828301019, 45.724104661173804], [9.351125290587904, 45.723295288474475], [9.3518771370426, 45.72228490431745], [9.352745442107368, 45.72140914396773], [9.35294266558686, 45.72109225253353], [9.353127069944987, 45.720795917664475], [9.353442434265702, 45.71985887103449], [9.353670940065951, 45.71941712419465], [9.354804001555166, 45.7197826498938], [9.35458877057525, 45.720287345310396], [9.354181109872181, 45.720846665119055], [9.354404200758449, 45.72158403086555], [9.355400439881198, 45.72265201381499], [9.356136383559829, 45.72319878185923], [9.356856003162454, 45.723196536443965], [9.357432295727241, 45.72288870192736], [9.35832824739569, 45.722327859224094], [9.35944044152939, 45.721424276839976], [9.360951904315552, 45.72067245781832], [9.362335759031726, 45.72006502623109], [9.363115784716436, 45.71947750820369], [9.363959121082853, 45.7187457614225], [9.365009765501688, 45.71828337813912], [9.365895520299096, 45.71815453375795], [9.366511407486191, 45.71801755315462], [9.367255758044074, 45.71788013835574], [9.367513986712027, 45.7180683246909], [9.36800223200341, 45.71806675309208], [9.368360353095335, 45.717813576755674], [9.36853876093833, 45.71758798331576], [9.369037796695807, 45.71727136262594], [9.369898614290992, 45.717259564580125], [9.370538854141138, 45.71692447036841], [9.371373002841121, 45.71676874575157], [9.371720585450793, 45.71686662146656], [9.372733897929804, 45.716602302384274], [9.373155286310006, 45.716204901660305], [9.37325579238514, 45.71586253941679], [9.373550277040982, 45.71570856067847], [9.37352279511846, 45.71543863646036], [9.374035344657937, 45.7152299331263], [9.374457470628117, 45.71494954088798], [9.375252575021001, 45.714721913945155], [9.37623994000536, 45.71443064287687], [9.376996905976126, 45.71426611696648], [9.377792812356528, 45.71416448178823], [9.378662895056793, 45.71363056845455], [9.379420147636202, 45.7135110403259], [9.379570291614433, 45.712916503916894], [9.380555735445583, 45.71234617420689], [9.380822667583297, 45.71192225325348], [9.380614648804876, 45.71156290343242], [9.381293979113426, 45.71132662542715], [9.38100870923705, 45.71094054605759], [9.381250991019083, 45.71066972352072], [9.381979915308122, 45.71017223897298], [9.38299158140388, 45.70969181107925], [9.383513989402708, 45.70906000021884], [9.383639508233195, 45.70862755253527], [9.384240591084339, 45.70822950680902], [9.384814627172139, 45.707633517636374], [9.385585057642446, 45.7075769098025], [9.386537759747382, 45.707870728099905], [9.387143098452114, 45.70809369604625], [9.387540917041996, 45.708029338034734], [9.387397989384985, 45.70779579086741], [9.387100326885724, 45.70748178938499], [9.387111364034908, 45.70722071493086], [9.38786882180803, 45.70714614482135], [9.388679406649537, 45.70732341171275], [9.38939723180084, 45.707095949780715], [9.389380580961609, 45.706546963227765], [9.389455417255622, 45.70622266534811], [9.390005927885339, 45.705950772896905], [9.390864120029132, 45.7055878147151], [9.39155567022238, 45.705279413594134], [9.391989239510506, 45.70481889422015], [9.392230786711329, 45.70445803974725], [9.393425513021304, 45.70446292727133], [9.393474682196025, 45.70435012891835], [9.393716279693143, 45.703795866925674], [9.394383000692006, 45.703613544707935], [9.39519805866971, 45.70442980356077], [9.395910477618605, 45.70526440394096], [9.396365315472961, 45.70568495521622], [9.397348868650159, 45.705205419890234], [9.398328099151147, 45.70561602682285], [9.398694184602657, 45.705843691015545], [9.398807494301645, 45.70591415715848], [9.39885514267065, 45.70594417775572], [9.398922672735864, 45.70598578406885], [9.39900635395723, 45.7060389818904], [9.399450726909928, 45.706314165426484], [9.398956297774497, 45.706967695061635], [9.398801337843327, 45.70717349871522], [9.398711880683123, 45.707297421803766], [9.398596354161674, 45.70745949750964], [9.398574347671751, 45.70749769182482], [9.398242081908812, 45.70797452900805], [9.398286149396199, 45.70803286986615], [9.398631922457488, 45.70848355776184], [9.398695942394221, 45.708567002305436], [9.398618006088402, 45.70868540449145], [9.397971467425224, 45.70966761350064], [9.397486239385668, 45.7102031379426], [9.397416525570002, 45.710283243732356], [9.397026946100874, 45.710894976273934], [9.396853739019342, 45.71116692087202], [9.396762579468525, 45.71130994977045], [9.396769394001849, 45.712273003295884], [9.397080316053398, 45.713069797578704], [9.397109607549334, 45.71314490558469], [9.39706293479538, 45.71381110651178], [9.397058316772924, 45.71387511016479], [9.397051304909539, 45.71397301915703], [9.397151120416018, 45.7139945486753], [9.397630308583594, 45.71409715802641], [9.398156810321568, 45.71405932389253], [9.398891904312697, 45.714443788824795], [9.398820454528082, 45.71533678988031], [9.398646803500357, 45.71547470312611], [9.398207887935177, 45.715823287495034], [9.39823088102576, 45.71594466503595], [9.398368071011818, 45.71666880774449], [9.398478547087413, 45.71684392723793], [9.398550001276762, 45.71695619606964], [9.399130638954485, 45.71729620299391], [9.399794876831944, 45.71719937129468], [9.400093333319868, 45.717157810330555], [9.400140550648846, 45.71657260212534], [9.400176957690803, 45.71656529197359], [9.400377801776116, 45.71652594248613], [9.400457970956458, 45.71650886422391], [9.400961705087392, 45.71640771156154], [9.401468665966043, 45.717225004748286], [9.401685329699419, 45.717159049525314], [9.40180819679393, 45.71712164760384], [9.401956716375786, 45.7170764362181], [9.402007158795724, 45.717061080695174], [9.402126528904244, 45.71758271583491], [9.402045958662834, 45.71763073151341], [9.401904359058491, 45.717715117136166], [9.401814802725884, 45.71776848733189], [9.401741998343061, 45.71781187517492], [9.401640391366167, 45.717873287513946], [9.401890877829748, 45.71816522235955], [9.401996402761144, 45.71828854274515], [9.402034417824186, 45.71833296921842], [9.402186838890428, 45.718511092248555], [9.402223767057768, 45.7185542470706], [9.402321156972757, 45.71866805674514], [9.402469663869788, 45.71884160366591], [9.402968191409924, 45.71926287564578], [9.403037881718381, 45.71932204136281], [9.403116068477232, 45.71938836509243], [9.403599488859355, 45.718711606021415], [9.403982032909894, 45.71830523353073], [9.40415757455063, 45.71770156116389], [9.404132117417287, 45.71766893512017], [9.403807401115264, 45.71725276311982], [9.403138892058577, 45.717201113767416], [9.402879254718009, 45.71683299152239], [9.403274722678136, 45.71643557108897], [9.403195874961519, 45.71619282151268], [9.402844232617962, 45.71553701889431], [9.403086687145436, 45.7153021501465], [9.402954640884795, 45.71480756651333], [9.403429367452288, 45.71471587957637], [9.403996392357891, 45.714947907565694], [9.40470270950203, 45.71490039388722], [9.404845727400135, 45.71513391880956], [9.404938786514279, 45.71556561482139], [9.40556609683312, 45.715721303339876], [9.405914522840767, 45.715791667322044], [9.406166672031336, 45.71584328905722], [9.406238643938694, 45.715858019500494], [9.406602256498779, 45.716387775864476], [9.407384772447779, 45.71621398123042], [9.407663420940732, 45.71610004888088], [9.40775184064183, 45.716064484421004], [9.407793406325565, 45.716046551389], [9.407841676300608, 45.716028582708425], [9.407878582241628, 45.71601356093621], [9.407913726585504, 45.71616648415062], [9.407973595514298, 45.716372423776264], [9.408058497583172, 45.716614748791805], [9.408165672937676, 45.716904176345686], [9.408178072676572, 45.71693722167894], [9.408208104409413, 45.7170172574839], [9.408236865242701, 45.71707150333554], [9.408299813218685, 45.71712529217911], [9.408643009189849, 45.71751457915703], [9.40866649475781, 45.717541500243556], [9.40903761204007, 45.717824546042486], [9.409700178696927, 45.71832986640337], [9.410321491527355, 45.71894867985433], [9.41067699171107, 45.71944913472194], [9.411310675473619, 45.719565538733], [9.411366877596674, 45.71957497803717], [9.412085982858645, 45.71950938012731], [9.412024524667272, 45.71988763600838], [9.411731817598524, 45.72027572082377], [9.412079822505541, 45.72041848694619], [9.41244631617866, 45.7206736852616], [9.412632547771299, 45.720443479109896], [9.412690617755251, 45.72037764548971], [9.412951133292392, 45.72008230264306], [9.413334016708045, 45.7197298889592], [9.41410444898973, 45.71965509815123], [9.4151717602711, 45.71975922698156], [9.416201100252787, 45.71994449851107], [9.416948095801107, 45.72017578736839], [9.417834052396197, 45.720082558974966], [9.41900003891892, 45.71963724902766], [9.419818889891106, 45.71916619815471], [9.420325856905478, 45.71909821341482], [9.420922861739811, 45.71901813340221], [9.421476257684205, 45.71914765334632], [9.421566470779693, 45.71916877660317], [9.422327134436086, 45.71950798221817], [9.422959947102264, 45.719928672273845], [9.423361616828029, 45.72036822342884], [9.422875228951453, 45.72062204782322], [9.422551968681978, 45.720672756307714], [9.421822788173545, 45.720787950834676], [9.420909385032257, 45.72064731677588], [9.419996660682116, 45.720596665538544], [9.419407600254107, 45.72086884242848], [9.419552919046154, 45.72139936007241], [9.420097671840098, 45.722072411308574], [9.420719950313213, 45.722799182747295], [9.420772269536966, 45.72306909653939], [9.420834172671844, 45.7233883947199], [9.42084025023776, 45.723419782382926], [9.420855865010065, 45.72378876345596], [9.421526050765321, 45.72404731020973], [9.422788092542273, 45.724180892747], [9.423005051306289, 45.72420385625684], [9.424071853650775, 45.72422690568124], [9.42410618630202, 45.723668724039854], [9.424151162462545, 45.723668557076586], [9.424564591596411, 45.72365115040137]]]}}, {"type": "Feature", "properties": {"feature_role": "ANALYSIS_ENVELOPE", "epistemic_status": "DERIVED_RULE_WITH_EXPLICIT_V1_GUARD_ASSUMPTIONS"}, "geometry": {"type": "Polygon", "coordinates": [[[9.320737210206811, 45.747932325320335], [9.320648178399612, 45.748404256715034], [9.320604851878644, 45.74954362270283], [9.320731852242501, 45.75067991903764], [9.321027798739031, 45.751800699841404], [9.321132429904232, 45.75210643728174], [9.321523286320245, 45.753056060398634], [9.322035515821689, 45.75397696846167], [9.322664905591214, 45.75486157696987], [9.323406277185324, 45.75570260003531], [9.323729647216528, 45.756034702429865], [9.32467858251325, 45.756910715350784], [9.325748880829222, 45.757715287367496], [9.326929636446918, 45.75844021667119], [9.328208816214117, 45.759078113036935], [9.32957338221228, 45.75962247325996], [9.331009424737733, 45.76006774754696], [9.33250230423555, 45.760409396180904], [9.334036800731923, 45.760643935877155], [9.335597269231878, 45.76076897535492], [9.337167799486458, 45.76078323975816], [9.337830044201494, 45.760742330461646], [9.337973803122672, 45.7607419053069], [9.339038947902038, 45.760713192977775], [9.340350151645875, 45.76064629044193], [9.341707311467713, 45.76053491721599], [9.34304526882022, 45.76034061298258], [9.34435369891192, 45.76006487720075], [9.345244492731794, 45.75984685222438], [9.345365654691562, 45.75985614005726], [9.346131850015427, 45.759853972868804], [9.34677658083657, 45.760302849606674], [9.346811066234553, 45.760324666027785], [9.347433734238566, 45.760825152644195], [9.34859423846392, 45.76158513028331], [9.349859475301432, 45.7622582729338], [9.351216242770324, 45.762837554941555], [9.352650382184382, 45.763316930090994], [9.35284221478138, 45.76336493175893], [9.35318955793405, 45.76357657331042], [9.354429108317246, 45.76419396124973], [9.355748901967326, 45.764723660321025], [9.357136318014485, 45.76516060434897], [9.358578087819042, 45.765500614190145], [9.360060422028, 45.76574043776661], [9.361569142652144, 45.76587778122124], [9.363089818891195, 45.765911330893985], [9.364607905397493, 45.76584076590758], [9.36495493407289, 45.765812653103694], [9.366505131856256, 45.76563113200836], [9.368021243879546, 45.765341069079746], [9.36948779434628, 45.76494542528761], [9.370889814222867, 45.76444823928824], [9.372212994237021, 45.76385458613186], [9.373443831087958, 45.76317052537869], [9.373612672289733, 45.76305543785452], [9.374445141573055, 45.762667028746776], [9.37567251690581, 45.76195753314388], [9.37579833327277, 45.7618681775534], [9.377201193535656, 45.762044448329135], [9.378739695997304, 45.762129032267424], [9.380282602480298, 45.762106508554616], [9.381814726766393, 45.761977098909405], [9.383320988954205, 45.76174207707515], [9.38478656413486, 45.76140375626051], [9.386197028536124, 45.76096546633268], [9.38653339284665, 45.76083158598656], [9.38659112224923, 45.76082903162709], [9.388149309081946, 45.76064775715434], [9.389166978424504, 45.76045346768217], [9.390022496903788, 45.76061409947374], [9.391508372423074, 45.760787504446796], [9.39301124627479, 45.76085950445512], [9.394517023664637, 45.76082942427093], [9.396011582527228, 45.76069754602938], [9.397480906200997, 45.760465106576824], [9.397655033374198, 45.76042483331101], [9.399003846131754, 45.76034108202135], [9.400512266807421, 45.76014108310818], [9.401325306141992, 45.75997377758378], [9.401538959302519, 45.75993946808019], [9.40286920676139, 45.759681877272904], [9.403324839397877, 45.75956232647365], [9.403768154571498, 45.75949418531154], [9.404159737300796, 45.75958156395327], [9.404952971655542, 45.75974246052112], [9.405339263786207, 45.7598130902792], [9.406864296115167, 45.76003549776947], [9.40841346536686, 45.76015003055185], [9.4099712338683, 45.76015553992882], [9.411521977556982, 45.760051970673864], [9.41305014295891, 45.75984036158489], [9.413079282060183, 45.75983415320114], [9.41279448338044, 45.76025371051547], [9.412487646783342, 45.760735490926955], [9.412390927570243, 45.76089781357915], [9.412035871300025, 45.76149377083336], [9.411928776765283, 45.76167349717986], [9.411362991179912, 45.762790487297664], [9.410973940445942, 45.7639438913307], [9.410823929839431, 45.76452948683299], [9.410601590000503, 45.765873923903015], [9.410531223428931, 45.766801225717366], [9.41051665704475, 45.767713113365886], [9.410611152262938, 45.76862265678168], [9.410732326957854, 45.769360291642585], [9.410986089452809, 45.77043126055456], [9.411390959709456, 45.77147922705893], [9.411942922566803, 45.77249377674286], [9.412320343708934, 45.77309544312008], [9.413129700287229, 45.774207696192896], [9.414115637704517, 45.77524783292326], [9.414916780514488, 45.77599605976851], [9.415769856859999, 45.77679806788375], [9.416624506568409, 45.77753254624478], [9.416960368926611, 45.77779682028313], [9.417032743324189, 45.77787549200276], [9.417317479914521, 45.7781740723238], [9.418185882207444, 45.779052948826575], [9.418765943502668, 45.77957108340968], [9.418898002850533, 45.78044401629362], [9.419167451213783, 45.781399132572716], [9.419812816288468, 45.78324749240898], [9.419938586710597, 45.78365677288606], [9.420319221348025, 45.784660055075484], [9.420834665796097, 45.78563342376014], [9.421480243377822, 45.78656803449467], [9.422250094129048, 45.78745539457885], [9.423137227857973, 45.788287440287995], [9.424133587517886, 45.7890566102165], [9.425230122322148, 45.78975591406482], [9.426416869940141, 45.790378996241664], [9.427683047028424, 45.79092019369997], [9.429017147273678, 45.79137458747781], [9.43040704605389, 45.79173804747245], [9.431840110762137, 45.792007270037594], [9.433303315784409, 45.792179808059636], [9.434783361079027, 45.79225409323726], [9.436266793271516, 45.79222945036014], [9.436951797152798, 45.792195163008586], [9.438411986793028, 45.79207335119907], [9.439849222603005, 45.79185568594863], [9.441250674165389, 45.79154411045628], [9.442004181090034, 45.79134872026228], [9.443384532913795, 45.79093680302618], [9.444701753590486, 45.79043380753306], [9.445943598651422, 45.789844410189126], [9.447098525440866, 45.78917409052195], [9.44815580048443, 45.788429080165194], [9.449105599282417, 45.78761630484921], [9.449939097598797, 45.78674331994019], [9.450648553397695, 45.78581824013091], [9.451227378668346, 45.784849663939994], [9.45167020047537, 45.78384659372507], [9.451781149289776, 45.783469728787296], [9.45217245559857, 45.78286991923534], [9.45264297518213, 45.78189726205595], [9.452969036533583, 45.78147182628815], [9.453546374120108, 45.780505692501706], [9.454174310919997, 45.779294229626245], [9.454217050197126, 45.77923737583376], [9.45469296727194, 45.77851825418217], [9.454899159109015, 45.77823476156312], [9.455184174537829, 45.77790813716469], [9.45575894176003, 45.777189725958515], [9.456254491160507, 45.77644298233332], [9.456504769438558, 45.77602516924218], [9.45683786741404, 45.77546917864065], [9.45755026178732, 45.77399109859323], [9.458041039126046, 45.772666025038816], [9.45805097816653, 45.77263904744381], [9.4583684048448, 45.77177285885029], [9.458720591134295, 45.77117746959752], [9.458800262028296, 45.77104014304803], [9.459446854910086, 45.76990347090694], [9.459965402475106, 45.76883336294798], [9.460322706412537, 45.767731411493486], [9.460514929416133, 45.76660948072127], [9.460540011996013, 45.765479649204224], [9.460535922970616, 45.765400985619664], [9.461262911292376, 45.76485503250753], [9.462188757156156, 45.76400634523176], [9.46299138015956, 45.7630982739315], [9.463663068538013, 45.76213955052296], [9.464197370609813, 45.76113939352762], [9.46466083907469, 45.760122374423666], [9.46531159330962, 45.75948310425497], [9.465971280272841, 45.75877894033815], [9.466608037936641, 45.75803828863113], [9.467233514752287, 45.7572364135567], [9.467598684154703, 45.75671762473056], [9.467964222793572, 45.75627614268884], [9.468861312122092, 45.75548036981563], [9.469756550184838, 45.75447994776761], [9.470049182163114, 45.754109726462055], [9.470839653677093, 45.75295391829518], [9.471430691015488, 45.75174110984529], [9.471619517111417, 45.75126329286363], [9.471624545350117, 45.75125053884714], [9.471876298125624, 45.75061044999189], [9.472013977491246, 45.750234314931525], [9.472252317101836, 45.74953127620756], [9.47255721071799, 45.74834130031342], [9.472671823445527, 45.74713499721129], [9.472688480440322, 45.7460638369002], [9.472616563363434, 45.74489256153757], [9.472365247185634, 45.74373348426955], [9.471937454876969, 45.74260003521975], [9.471338153427066, 45.74150534676761], [9.47096038954944, 45.74091286872795], [9.470445881122407, 45.74018086365172], [9.469854570441624, 45.739477878537116], [9.469401528662868, 45.7389826681298], [9.469295929688052, 45.738867260833246], [9.46848186932925, 45.73806059914492], [9.467566807480976, 45.7373088936408], [9.467004563618174, 45.736887330348395], [9.466221601378743, 45.73628710992043], [9.465216116712455, 45.7355837061268], [9.464736547936136, 45.73527755698827], [9.464635598494468, 45.7352136977745], [9.46456440366461, 45.734974031534456], [9.464505613533735, 45.73481144128886], [9.464357389687692, 45.734322524242266], [9.463820205100115, 45.733184646909415], [9.463761836283282, 45.73308060088568], [9.463740893229081, 45.73304903233054], [9.463479519124492, 45.732522764210806], [9.463390677481382, 45.73236909341633], [9.463293256159114, 45.73220446623048], [9.463238789686534, 45.732114513713405], [9.463234946898284, 45.73210874872562], [9.463519813857546, 45.73164181956478], [9.464127129089217, 45.73046273858711], [9.464316875814761, 45.7300151577136], [9.46452733386033, 45.729725056566885], [9.4651336814535, 45.728780528077436], [9.465609171086092, 45.727799933272664], [9.46594950955405, 45.72679214033041], [9.466151626468832, 45.72576626291823], [9.46621370176861, 45.72473157774483], [9.466135181905102, 45.723697440654774], [9.46591678456953, 45.72267320202564], [9.4655728934846, 45.72170310691002], [9.465592909736657, 45.72152354944742], [9.465593796846877, 45.72068316315531], [9.46552732508759, 45.719453684413836], [9.465514988339148, 45.71796821069697], [9.46555087489798, 45.716803058817476], [9.465511757723185, 45.715761203675825], [9.465330659053137, 45.71472673802939], [9.465009245035713, 45.71370913473602], [9.464733542565453, 45.71299918305739], [9.464250675228698, 45.71196338033369], [9.463622500245478, 45.71096656117115], [9.462855311891033, 45.71001870170532], [9.461956794553608, 45.70912928760237], [9.460935945628268, 45.708307219212436], [9.45980298533249, 45.707560722592845], [9.458569254350964, 45.70689726728659], [9.45724710033615, 45.70632349167458], [9.455849754399665, 45.70584513664363], [9.454391198827135, 45.7054669882296], [9.452886027334182, 45.70519282980535], [9.451349299253547, 45.7050254042883], [9.449796389102007, 45.70496638674249], [9.448242833020412, 45.7050163676473], [9.447042197527264, 45.70514003295131], [9.446484688092973, 45.70515910873782], [9.445153895412114, 45.70528595876955], [9.445134365190174, 45.70528904224161], [9.445077370708688, 45.705293650503805], [9.444811788385858, 45.70530132097839], [9.444637195827474, 45.70531073859192], [9.443048294503075, 45.70545444964879], [9.441488932023978, 45.705711963811616], [9.439975664584935, 45.70608054708606], [9.438524559813793, 45.70655628618863], [9.437151026412542, 45.707134130026276], [9.435869650737889, 45.70780794324154], [9.434694042046042, 45.708570571259536], [9.434585076548856, 45.70865748369574], [9.43452980029282, 45.70867250564015], [9.433158842389615, 45.70915910479462], [9.431863140698653, 45.7097381534652], [9.430744612480654, 45.710354789346276], [9.430675453137225, 45.71032057103123], [9.4299148644246, 45.709981420186296], [9.428254602157653, 45.70933727771837], [9.42649470619026, 45.70883964953089], [9.426404507912716, 45.70881853007464], [9.42584919206677, 45.708688562719765], [9.424317234205406, 45.7083900757753], [9.422749779815138, 45.70820277321358], [9.421163220569902, 45.70812861376628], [9.41957414759405, 45.70816837297742], [9.418754680389695, 45.708248119112895], [9.418365841958241, 45.70797413083525], [9.41721993667892, 45.70730819453295], [9.415988382223075, 45.70672210413925], [9.414989294222675, 45.70633891434637], [9.414939371059642, 45.70539423760714], [9.414743979783717, 45.704365667211434], [9.414409776999818, 45.703354792921644], [9.41393980345564, 45.702370789842895], [9.413338331588998, 45.70142258871809], [9.41261082651982, 45.700518794917954], [9.411763896251982, 45.69966761039836], [9.41080523154383, 45.69887675933045], [9.409743535998441, 45.69815341807594], [9.409375054940584, 45.697925257142906], [9.409366373229235, 45.697919738635946], [9.409239804152403, 45.69784016520428], [9.409011323349754, 45.697698092557516], [9.408645227771226, 45.69747044746037], [9.40751712754128, 45.69683230710825], [9.406309103147336, 45.69627059250205], [9.405329978300383, 45.69586005294768], [9.405249344659225, 45.69582981199232], [9.405201666669052, 45.69579418903459], [9.404092277890525, 45.69510921741664], [9.402895047987865, 45.69450121236293], [9.401620810914604, 45.69397567451845], [9.400281096285935, 45.6935373583077], [9.398888025158799, 45.69319022898568], [9.39745420050231, 45.69293742682133], [9.395992593343447, 45.69278123873482], [9.39451642561063, 45.692723077643215], [9.393039050726664, 45.69276346969988], [9.391573833022193, 45.69290204954209], [9.390134027051118, 45.69313756358957], [9.388732657890182, 45.693467881364256], [9.388066038661613, 45.69365017060075], [9.386645381589588, 45.69409733742022], [9.38529569625038, 45.69464188598107], [9.384672913000335, 45.69495519231008], [9.383933319776487, 45.69524898099714], [9.382726068571362, 45.69584091570977], [9.381604208769131, 45.6965102949889], [9.380737493615642, 45.69713586189263], [9.380245187055502, 45.697223906619456], [9.378828440412034, 45.6975827424229], [9.377467904539717, 45.6980359913611], [9.376176356705407, 45.69857939732258], [9.374965927350898, 45.699207857459236], [9.373847986269208, 45.6999154700336], [9.37283303587223, 45.70069558976415], [9.372282627795101, 45.70121116117108], [9.37186653376194, 45.70151630367179], [9.370892809532716, 45.702394534164284], [9.370572755703243, 45.702753556946675], [9.370404874220295, 45.70286811831041], [9.369156516547656, 45.70382804846044], [9.368080068554535, 45.70488525819362], [9.367898156090337, 45.705088546838816], [9.367270276102184, 45.705292559484825], [9.36602501782882, 45.70580017119287], [9.364852160380762, 45.70638636757001], [9.364663338166517, 45.70650061823185], [9.36439085032279, 45.70662491304852], [9.363565953654629, 45.7070908569439], [9.362572628848923, 45.70736696680154], [9.361898874907206, 45.70761273592154], [9.361849248276968, 45.707619954477856], [9.36050814497639, 45.7078590957197], [9.35920269838261, 45.70818083798119], [9.357943249599789, 45.708582632756666], [9.357319985150973, 45.70883052998444], [9.357319547306131, 45.708830439930885], [9.355833704184729, 45.708632163328176], [9.354327396520473, 45.70853597487296], [9.352814877227779, 45.708542784740736], [9.35131045790083, 45.70865252852009], [9.349828373630878, 45.70886416782019], [9.348382648540856, 45.70917570007859], [9.346986963298875, 45.709584177477204], [9.345654525854044, 45.710085734789274], [9.344397946608686, 45.71067562589564], [9.343229119200446, 45.71134826862795], [9.342159108016574, 45.712097297517374], [9.34119804350079, 45.7129156239533], [9.34035502624171, 45.713795503186596], [9.33963804075085, 45.71472860754706], [9.339053879748878, 45.715706105185916], [9.338825273557108, 45.71614782336138], [9.338614643472491, 45.71664271468813], [9.338089953504744, 45.71725047708409], [9.337679723304207, 45.71780159624296], [9.337427773902931, 45.717965210699965], [9.336441654034028, 45.718740403434765], [9.335565374714273, 45.71957784582612], [9.334806902934941, 45.720469928837694], [9.334173136288971, 45.72140854659264], [9.3336698401421, 45.72238516996285], [9.333543048461161, 45.72267356357385], [9.333179064284735, 45.7236648798375], [9.332991036029544, 45.72449303193689], [9.332620474728449, 45.724938048233646], [9.331980815543135, 45.725917304486636], [9.331482343174827, 45.72693601563836], [9.331266724785246, 45.72757736448601], [9.330639378833087, 45.728268150899424], [9.329944551294338, 45.72923263577806], [9.329389556170849, 45.73024058251018], [9.328979860713652, 45.731282075752006], [9.328719503576295, 45.73234686960012], [9.328611054780277, 45.733424488342266], [9.328655590101718, 45.73450432949073], [9.328665418878412, 45.73455776256839], [9.328554020884319, 45.734780572512896], [9.328539505714652, 45.734796690771084], [9.327785087705847, 45.73573405706998], [9.327166416489844, 45.736718975124255], [9.326689536794575, 45.737741833404904], [9.326455033542583, 45.73848760081325], [9.32611106126878, 45.738794995105], [9.325548804493957, 45.73913273460138], [9.324486078901959, 45.739911210434485], [9.323538321101417, 45.74075936438373], [9.322714800315444, 45.74166890620709], [9.32202357261126, 45.742630945212866], [9.321471401982533, 45.74363607708561], [9.321063694007874, 45.74467447574639], [9.320804442742142, 45.745735989352816], [9.32069619136964, 45.746810239503205], [9.320693725128454, 45.7468925537701], [9.32072732581797, 45.74787188311594], [9.320737210206811, 45.747932325320335]]]}}, {"type": "Feature", "properties": {"feature_role": "SOURCE_ACQUISITION_GUARD", "epistemic_status": "DERIVED_OUTER_GUARD_NOT_EQUITY_AREA"}, "geometry": {"type": "Polygon", "coordinates": [[[9.30515726512402, 45.74758755502697], [9.30509768753323, 45.748113364328624], [9.30505404478354, 45.749252725280385], [9.305095621646862, 45.75039212388664], [9.30522230939202, 45.751528438086176], [9.305433766026216, 45.752658554081556], [9.30572941717585, 45.75377937487423], [9.305898206989907, 45.75433707547389], [9.306002760424038, 45.75464282683165], [9.30618267166419, 45.75512076770596], [9.306573296094236, 45.756070442055496], [9.307025086142156, 45.75700673025009], [9.307537113990126, 45.75792770319085], [9.308108327556418, 45.758831463240895], [9.308737552641754, 45.759716148140285], [9.309423495328833, 45.760579934848714], [9.310164744630498, 45.76142104330793], [9.31054901524001, 45.76183570755699], [9.310872344809129, 45.76216784608887], [9.31133095589278, 45.762614291851605], [9.312279809793791, 45.76349040695112], [9.313290663586171, 45.76433187665653], [9.314360941262452, 45.765136554359515], [9.315487914867962, 45.76590238722046], [9.316668711451433, 45.76662742141776], [9.317900320390084, 45.76730980714502], [9.319179601070362, 45.76794780334271], [9.320503290904746, 45.76853978215241], [9.321868013664263, 45.76908423308198], [9.323270288105, 45.76957976687105], [9.324706536866511, 45.770025119046416], [9.326173095619524, 45.770419153158684], [9.327666222439133, 45.77076086369143], [9.329182107378486, 45.77104937863518], [9.330716882219455, 45.771283961720115], [9.332266630374882, 45.771464014301095], [9.333827396915188, 45.771589076890436], [9.335395198695707, 45.771658830334566], [9.336966034556696, 45.77167309663103], [9.33853589556969, 45.77163183938426], [9.338715085279494, 45.77162077046607], [9.339637956710927, 45.771595892252044], [9.340170280408572, 45.77157514308686], [9.341481737155481, 45.77150822697569], [9.341634914117362, 45.77149803928813], [9.341754985330741, 45.771555395338595], [9.343111895447109, 45.772134772236626], [9.344509342761494, 45.77266488209489], [9.344780558498632, 45.772755543934785], [9.345405757616758, 45.77306696011295], [9.346687086930054, 45.77364128336142], [9.34800703118476, 45.77417107055129], [9.34936243183375, 45.77465505353607], [9.3507500451957, 45.775092073780705], [9.352166550235845, 45.77548108514336], [9.353608556534835, 45.775821156387586], [9.355072612425726, 45.7761114734186], [9.3565552132805, 45.77635134123848], [9.358052809925683, 45.776540185615524], [9.359561817165991, 45.77667755446337], [9.361078622395596, 45.77676311892694], [9.362599594276535, 45.776796674172374], [9.364121091462431, 45.776778139878886], [9.36563947134658, 45.776707560431625], [9.36639742598816, 45.77665927026255], [9.36674452079819, 45.7766311518747], [9.367523045547914, 45.77655408861678], [9.369073532172383, 45.77637253213151], [9.370608924278649, 45.77613639337345], [9.372125299001741, 45.7758462757087], [9.373618782234818, 45.77550292041272], [9.375085558557625, 45.77510720476981], [9.376521881012263, 45.774660139824256], [9.37792408070176, 45.77416286778863], [9.37928857618548, 45.773616659116236], [9.380611882647974, 45.77302290924516], [9.3806745439014, 45.77299155944009], [9.382146987880745, 45.77291880657351], [9.383679403572298, 45.77278937124127], [9.38520075207843, 45.772606895345], [9.386707285589425, 45.772371828434665], [9.388195292920178, 45.77208474961335], [9.389661108682152, 45.77174636610568], [9.390109683475535, 45.77162523757777], [9.390445533142975, 45.771652812108385], [9.391948697616522, 45.7717248250122], [9.393455082896931, 45.77174581262105], [9.394961152901908, 45.77171572568265], [9.395508705444735, 45.771686170729865], [9.395633118763595, 45.77221184239441], [9.395962569829452, 45.77327267297097], [9.39636717997851, 45.77432069304898], [9.396845947387975, 45.775353296873604], [9.397397685663668, 45.77636791687921], [9.397691640553342, 45.77687041211458], [9.398068938597289, 45.77747212551556], [9.398450710913895, 45.77803642084861], [9.399259864562703, 45.77914877188386], [9.400158818807858, 45.780226843929086], [9.401144622667724, 45.781267091939874], [9.401658854722406, 45.781777322919616], [9.402445076753027, 45.782511765783475], [9.40328328881261, 45.7832999627696], [9.403699160128806, 45.783673752247275], [9.404041661601727, 45.78396815195588], [9.404046222161975, 45.783982620942275], [9.404639753723767, 45.78568384638454], [9.404719928523368, 45.78594498032976], [9.404893019797756, 45.78644981958288], [9.405273404227376, 45.7874531522479], [9.405721717294124, 45.7884426605926], [9.406236943440625, 45.78941609522424], [9.406817914822076, 45.79037124317477], [9.407463313932983, 45.79130593293784], [9.408171676576405, 45.79221803941234], [9.408941395169105, 45.7931054887415], [9.409770722375223, 45.7939662630358], [9.410657775060605, 45.794798404969804], [9.411600538558774, 45.79560002224141], [9.412596871238932, 45.79636929188398], [9.413644509365994, 45.79710446442109], [9.414741072241444, 45.79780386785459], [9.415884067613119, 45.7984659114763], [9.417070897342223, 45.79908908949528], [9.418298863314318, 45.79967198447183], [9.419565173580544, 45.800213270550316], [9.420866948715746, 45.80071171648373], [9.422201228378109, 45.801166188442544], [9.423564978055742, 45.80157565260165], [9.424955095984918, 45.80193917749941], [9.426368420223069, 45.80225593616324], [9.427801735861335, 45.80252520799688], [9.429251782359726, 45.802746380425106], [9.430715260987451, 45.802918950291826], [9.432188842351747, 45.80304252500857], [9.433669173997622, 45.8031168234505], [9.435152888061069, 45.8031416765982], [9.436636608957746, 45.80311702792328], [9.437378048415324, 45.80309232570434], [9.438063184635837, 45.80305803127401], [9.438795478592912, 45.80300918768131], [9.440255946351606, 45.802887351522685], [9.441706548802546, 45.802717389934806], [9.443144044835252, 45.80249968268854], [9.444565222726807, 45.80223471623077], [9.445966907341004, 45.80192308259378], [9.44666247972412, 45.80175567746844], [9.44741610483885, 45.801560251493186], [9.448113490567467, 45.801365904233656], [9.449494043602769, 45.80095391315862], [9.45084457973506, 45.800495844060144], [9.452161957210823, 45.79999276281274], [9.45344311167318, 45.79944583999709], [9.454685063305321, 45.798856348167966], [9.455884923774043, 45.798225658884384], [9.457039902957378, 45.797555239509244], [9.458147315440232, 45.796846649785955], [9.459204586763105, 45.796101538199984], [9.460209259409694, 45.79532163813384], [9.461158998518695, 45.794508763824666], [9.46205159730657, 45.79366480613439], [9.462884982189394, 45.79279172814165], [9.4636572175916, 45.791891560566036], [9.464366510430226, 45.79096639703579], [9.46501121426477, 45.79001838920988], [9.46558983310304, 45.789049741765716], [9.466101024854462, 45.78806270726442], [9.466543604422894, 45.78705958090551], [9.466584207413073, 45.78694887223407], [9.46691727433962, 45.78636051859267], [9.467052139580437, 45.78608157690863], [9.467330515297771, 45.785672084469645], [9.467907647017269, 45.78470587962277], [9.468179597311853, 45.78421792017512], [9.468561216558655, 45.78348130613461], [9.468588608722346, 45.78343990014243], [9.468766278786802, 45.78322729733647], [9.469340925141076, 45.78250881894274], [9.469876330668415, 45.78177565367045], [9.470371731262954, 45.781028849994264], [9.470609336825811, 45.78065217064577], [9.470859349360971, 45.78023462214061], [9.471192152216561, 45.779678885879996], [9.471586061506079, 45.77894873483156], [9.472298109064244, 45.777470565086645], [9.472616249115491, 45.77672254685083], [9.473106692555739, 45.77539741052658], [9.473111671005352, 45.77538392331645], [9.473121603240845, 45.775356944449996], [9.473126557026736, 45.77534345279369], [9.473171718231635, 45.77522012858102], [9.473220461293472, 45.77513607402896], [9.473259947860592, 45.775067311006914], [9.47390629221861, 45.77393055881304], [9.474185295614328, 45.773400180403165], [9.474703592644078, 45.77233000719531], [9.475141838959146, 45.77124245703252], [9.475498858654824, 45.770140459705125], [9.47566710236487, 45.76945883954379], [9.476225375489285, 45.76882704779963], [9.476963258619257, 45.767892440027985], [9.477634763864735, 45.76693363600889], [9.478238279101697, 45.765952942535336], [9.478743717944912, 45.76500635352544], [9.478983587674868, 45.76475024535792], [9.479303649153982, 45.76439366161216], [9.479940293068077, 45.7636529367799], [9.48026498911524, 45.763256555537595], [9.480890327381447, 45.76245460698212], [9.481028167839664, 45.76226866080065], [9.48107601125568, 45.76222621180248], [9.48204729359534, 45.76126112208145], [9.482942386768991, 45.76026059830336], [9.483370539444625, 45.75975183878269], [9.483663108376879, 45.75938158320195], [9.484082553281018, 45.75881177659086], [9.484872799870137, 45.75765587318732], [9.485564495709827, 45.75646942418519], [9.486155249937553, 45.755256541451956], [9.486425111772428, 45.754644011515744], [9.486613819288234, 45.75416617047513], [9.486621359663216, 45.75414703902489], [9.486875463185967, 45.753500540222184], [9.486946651001318, 45.753312893238984], [9.48708423547562, 45.75293674058042], [9.487150632164749, 45.75274823491061], [9.487388791904278, 45.7520451656489], [9.487564691758372, 45.75145311958438], [9.487869269762838, 45.75026310450957], [9.488079018889605, 45.749063088238636], [9.488193298482827, 45.747856771073614], [9.488226509100448, 45.74725250133317], [9.488242868583146, 45.74618133998786], [9.488229273807493, 45.74559502682413], [9.488157032486242, 45.744423762468706], [9.487994860720683, 45.74325691784497], [9.487743234201794, 45.74209787533724], [9.48740288780433, 45.74094999450698], [9.486974813393976, 45.73981660236013], [9.486460256891997, 45.73870098371123], [9.485860714606567, 45.73760637167194], [9.485539902865293, 45.737064717369826], [9.485162019502862, 45.7364722863134], [9.484914482937748, 45.73610294017939], [9.484399837385336, 45.73537099788467], [9.483846416060574, 45.734653065218495], [9.483254996709132, 45.73395014922121], [9.482949890039581, 45.733602569544324], [9.482496780869, 45.733107410829426], [9.482390431597914, 45.732991212881615], [9.481996409068456, 45.73258145924836], [9.4811822586583, 45.73177488753309], [9.480421276458275, 45.73108918979503], [9.480742545542883, 45.730305657878894], [9.48108262633566, 45.72929782133068], [9.481353891607437, 45.728279799905586], [9.481555731455915, 45.72725389662184], [9.481687693118793, 45.72622243220239], [9.481749481963833, 45.7251877398227], [9.481740962120522, 45.72415215983175], [9.481662156752295, 45.72311803445769], [9.481513247968925, 45.722087702510585], [9.481294576379662, 45.72106349409393], [9.481137162849603, 45.72050818204701], [9.481130785050839, 45.720269960857706], [9.481073446274209, 45.71921481970271], [9.481063474813666, 45.71805295034765], [9.48109448680158, 45.71703691423155], [9.481092584809316, 45.71651565955545], [9.48105317910283, 45.7154738108432], [9.480942658352468, 45.71443447599748], [9.480761279657646, 45.71340003569769], [9.480509462361828, 45.712372859282084], [9.480187787056758, 45.71135529932337], [9.48000956928922, 45.71084921611777], [9.479733691545418, 45.71013930098754], [9.479510630745615, 45.709617196172], [9.47902752058707, 45.70858145626649], [9.478471078520316, 45.70756394237922], [9.477842701310324, 45.70656720145041], [9.477143965536689, 45.70559372829153], [9.476376623615414, 45.70464595934971], [9.475542599383902, 45.70372626661932], [9.474643983260343, 45.70283695171565], [9.473683026990201, 45.70198024012573], [9.472662137992685, 45.701158275650215], [9.471583873321856, 45.700373115050255], [9.470450933257627, 45.69962672291286], [9.469266154542254, 45.69892096674671], [9.468032503279758, 45.69825761232136], [9.466753067516281, 45.69763831926112], [9.465431049519028, 45.69706463690406], [9.46406975777351, 45.696538000436945], [9.462672598719294, 45.6960597273152], [9.461243068243917, 45.69563101397707], [9.459784742956787, 45.69525293285971], [9.458301271264427, 45.69492642972502], [9.456796364268456, 45.69465232130121], [9.45527378651013, 45.69443129324657], [9.453737346583106, 45.694263898439935], [9.452190887637268, 45.69415055560214], [9.450638277798339, 45.6940915482522], [9.44908340052594, 45.6940870240004], [9.447530144933847, 45.694136994180106], [9.445982396096023, 45.69424133381941], [9.445372934574989, 45.694304109333906], [9.44438959749067, 45.69436767736757], [9.443583303570298, 45.694444533823045], [9.443444295342424, 45.69445203188251], [9.442647354314428, 45.6945095293135], [9.44105875339453, 45.69465321185917], [9.439482818764008, 45.69485405216625], [9.437923733843576, 45.69511151712334], [9.436385637481944, 45.69542492330031], [9.43487261300388, 45.69579343875638], [9.433388677402673, 45.696216085241005], [9.431937770705913, 45.696691740782235], [9.43052374554266, 45.69721914265545], [9.429150356938562, 45.697796890724895], [9.428803947169564, 45.697960196478085], [9.428481623781297, 45.697897393518566], [9.428070017649711, 45.69783288247908], [9.427540451986564, 45.69699836884247], [9.426875037396707, 45.69607139980153], [9.426147384886052, 45.69516769188305], [9.42535914873178, 45.69428929595985], [9.424512120449164, 45.693438205368906], [9.423608224708378, 45.69261635139608], [9.422649514952287, 45.69182559890258], [9.421638168724842, 45.69106774210223], [9.420576482720843, 45.69034450049933], [9.420033352549279, 45.68999174227121], [9.419715258776996, 45.6897948027754], [9.419617379282585, 45.689733273306864], [9.41955394148723, 45.689693613534274], [9.419325468034444, 45.689551561286954], [9.418959362361973, 45.689323935278324], [9.418405954200445, 45.688995693169986], [9.417277914707363, 45.68835764804218], [9.41610866612588, 45.6877571600406], [9.414900752374308, 45.687195535006325], [9.414487690686647, 45.68701305450541], [9.414364907994969, 45.686937251589185], [9.413210356217968, 45.686290127811205], [9.412013217008253, 45.68568221706075], [9.410776199565104, 45.68511489442398], [9.409502103030565, 45.68458944313871], [9.408193810166615, 45.68410705170055], [9.40685428084553, 45.6836688111824], [9.405486545368245, 45.683275712774154], [9.404093697626571, 45.682928645547904], [9.402678888123273, 45.682628394453346], [9.401245316866548, 45.682375638548365], [9.399796226154315, 45.68217094946807], [9.39833489326416, 45.68201479013626], [9.396864623066113, 45.68190751372202], [9.395388740573486, 45.68184936284352], [9.393910583449236, 45.681840469021175], [9.392433494484118, 45.68188085238111], [9.39096081406332, 45.681970421609634], [9.389495872639099, 45.68210897415896], [9.388041983224204, 45.68229619670353], [9.386602433924864, 45.68253166584622], [9.385180480529659, 45.682814849072315], [9.383779339168717, 45.6831451059498], [9.383084368480878, 45.683321913970964], [9.382417850987828, 45.68350417024762], [9.381699635391689, 45.68371524145221], [9.380279178054039, 45.68416232924583], [9.37889244147392, 45.6846587247101], [9.377542906719327, 45.68520318210154], [9.376336787462497, 45.685747897316034], [9.376270802897558, 45.685774106626695], [9.375025001854093, 45.68632518943554], [9.373817847454044, 45.68691703063362], [9.372652052466702, 45.68754830082899], [9.37247639906321, 45.68765309838549], [9.372156401047265, 45.68774666165597], [9.370796048759345, 45.68819983134831], [9.369468608133213, 45.6886986597597], [9.368177196610162, 45.68924197575713], [9.366924847300417, 45.689828503724165], [9.365714501872773, 45.690456866547045], [9.364549003655576, 45.69112558883884], [9.363431090965797, 45.691833100393914], [9.362363390681018, 45.69257773986499], [9.361348412069571, 45.69335775865439], [9.360388540893572, 45.69417132500993], [9.360251493429352, 45.69429967288169], [9.359593647840105, 45.694834174471254], [9.358619846175468, 45.69571230162059], [9.358412766055535, 45.695920121993815], [9.357668768400256, 45.69649212668842], [9.35733463184995, 45.69678199393522], [9.356999251503076, 45.69693368686081], [9.355949439278907, 45.697458344007934], [9.355350484057306, 45.697585276084574], [9.355012539586903, 45.697668566207795], [9.35422737975738, 45.69764531694076], [9.352715154088681, 45.6976521246316], [9.351205189193497, 45.6977104584433], [9.349701056980697, 45.6978201803949], [9.348206315611172, 45.69798103094165], [9.346724501109408, 45.69819262958652], [9.345259119027045, 45.698454475777304], [9.343813636176955, 45.69876595008647], [9.342391472456756, 45.699126315671634], [9.34099599278184, 45.69953472001292], [9.339630499147114, 45.69999019692307], [9.338298222834423, 45.70049166882577], [9.337002316784016, 45.7010379492972], [9.335745848149237, 45.701627745864485], [9.33453179105142, 45.70225966305426], [9.333363019550879, 45.70293220568505], [9.332242300851382, 45.70364378239531], [9.331172288754473, 45.70439270939857], [9.33015551737802, 45.705177214457734], [9.329194395154571, 45.705995441068666], [9.328291199123855, 45.70684545284317], [9.327448069532277, 45.70772523808155], [9.326667004752734, 45.70863271452401], [9.325949856536939, 45.70956573426931], [9.325298325611481, 45.710522088849636], [9.324713957628196, 45.71149951444955], [9.324606413847471, 45.71169243479761], [9.323902928221937, 45.71230146003533], [9.323026561184996, 45.71313880743659], [9.32220814157793, 45.71400446236665], [9.32144953167981, 45.714896457944064], [9.320752458124256, 45.715812767342996], [9.320118507956852, 45.7167513083905], [9.319549125006905, 45.717709948290306], [9.319045606582174, 45.71868650846246], [9.318810464484699, 45.71917899336167], [9.318683603426956, 45.719467370828404], [9.318484856926217, 45.7199600071529], [9.318120623537851, 45.72095127657551], [9.318116599837646, 45.72096483843111], [9.31784173043183, 45.72138546978136], [9.317271749648658, 45.7223856056127], [9.316849959830199, 45.72324714354813], [9.316757095782455, 45.72336152337829], [9.316062089257029, 45.724325925130636], [9.315436205252954, 45.72531327930139], [9.314880987240548, 45.7263211568333], [9.314397805068387, 45.727347078046584], [9.313987851559427, 45.72838851873218], [9.313652139540128, 45.72944291635573], [9.313391499310205, 45.730507676357135], [9.31320657655963, 45.7315801785302], [9.313168771025317, 45.731954812987645], [9.312931086674839, 45.732333046473485], [9.312632348849398, 45.73288027617238], [9.312237806246888, 45.733199432131514], [9.311289975476905, 45.73404748566343], [9.310403150117567, 45.73492731193519], [9.309579500801139, 45.73583676034166], [9.308821044032648, 45.73677360776475], [9.308129637239388, 45.73773556399757], [9.307506974205676, 45.73872027733351], [9.30695458090433, 45.73972534030666], [9.306473811735337, 45.74074829556943], [9.306065846181225, 45.74178664189332], [9.305731685887611, 45.742837840278035], [9.305472152176357, 45.7438993201544], [9.305287883997824, 45.74496848566558], [9.3051793363276, 45.74604272201163], [9.305144037806642, 45.74658078003393], [9.305141548713523, 45.74666309402648], [9.30514247721419, 45.747153023861706], [9.30515726512402, 45.74758755502697]]]}}]}