"Popolazione residente per età, sesso e stato civile al 1° gennaio 2025"
"Codice comune";"Comune";"Età";"Celibi";"Coniugati";"Divorziati";"Vedovi";"Uniti civilmente";"Maschi già in unione civile (per scioglimento unione)";"Maschi già in unione civile (per decesso del partner)";"Totale maschi";"Nubili";"Coniugate";"Divorziate";"Vedove";"Unite civilmente";"Femmine già in unione civile (per scioglimento unione)";"Femmine già in unione civile (per decesso del partner)";"Totale femmine";"Totale"
"097001";"Abbadia Lariana";0;7;0;0;0;;;;7;13;0;0;0;;;;13;20
"097001";"Abbadia Lariana";1;13;0;0;0;;;;13;3;0;0;0;;;;3;16
"097001";"Abbadia Lariana";2;12;0;0;0;;;;12;7;0;0;0;;;;7;19
"097001";"Abbadia Lariana";3;11;0;0;0;;;;11;8;0;0;0;;;;8;19
"097001";"Abbadia Lariana";4;14;0;0;0;;;;14;8;0;0;0;;;;8;22
"097001";"Abbadia Lariana";5;8;0;0;0;;;;8;8;0;0;0;;;;8;16
"097001";"Abbadia Lariana";6;6;0;0;0;;;;6;12;0;0;0;;;;12;18
"097001";"Abbadia Lariana";7;6;0;0;0;;;;6;12;0;0;0;;;;12;18
"097001";"Abbadia Lariana";8;12;0;0;0;;;;12;10;0;0;0;;;;10;22
"097001";"Abbadia Lariana";9;20;0;0;0;;;;20;18;0;0;0;;;;18;38
"097001";"Abbadia Lariana";10;11;0;0;0;;;;11;10;0;0;0;;;;10;21
"097001";"Abbadia Lariana";11;10;0;0;0;;;;10;9;0;0;0;;;;9;19
"097001";"Abbadia Lariana";12;16;0;0;0;;;;16;14;0;0;0;;;;14;30
"097001";"Abbadia Lariana";13;13;0;0;0;;;;13;18;0;0;0;;;;18;31
"097001";"Abbadia Lariana";14;14;0;0;0;;;;14;14;0;0;0;;;;14;28
"097001";"Abbadia Lariana";15;10;0;0;0;;;;10;14;0;0;0;;;;14;24
"097001";"Abbadia Lariana";16;11;0;0;0;;;;11;13;0;0;0;;;;13;24
"097001";"Abbadia Lariana";17;11;0;0;0;;;;11;16;0;0;0;;;;16;27
"097001";"Abbadia Lariana";18;15;0;0;0;;;;15;9;0;0;0;;;;9;24
"097001";"Abbadia Lariana";19;22;0;0;0;;;;22;11;0;0;0;;;;11;33
"097001";"Abbadia Lariana";20;12;0;0;0;;;;12;11;0;0;0;;;;11;23
"097001";"Abbadia Lariana";21;20;0;0;0;;;;20;19;1;0;0;;;;20;40
"097001";"Abbadia Lariana";22;13;0;0;0;;;;13;13;1;0;0;;;;14;27
"097001";"Abbadia Lariana";23;18;0;0;0;;;;18;20;0;0;0;;;;20;38
"097001";"Abbadia Lariana";24;14;0;0;0;;;;14;23;1;0;0;;;;24;38
"097001";"Abbadia Lariana";25;19;0;0;0;;;;19;22;0;0;0;;;;22;41
"097001";"Abbadia Lariana";26;12;0;0;0;;;;12;16;3;0;0;;;;19;31
"097001";"Abbadia Lariana";27;14;1;0;0;;;;15;15;0;0;0;;;;15;30
"097001";"Abbadia Lariana";28;12;1;0;0;;;;13;11;1;0;0;;;;12;25
"097001";"Abbadia Lariana";29;16;0;0;0;;;;16;14;2;0;0;;;;16;32
"097001";"Abbadia Lariana";30;13;2;0;0;;;;15;12;0;0;0;;;;12;27
"097001";"Abbadia Lariana";31;9;6;0;0;;;;15;16;8;0;1;;;;25;40
"097001";"Abbadia Lariana";32;12;1;0;0;;;;13;7;5;0;0;;;;12;25
"097001";"Abbadia Lariana";33;9;4;0;0;;;;13;9;4;0;0;;;;13;26
"097001";"Abbadia Lariana";34;12;2;0;0;;;;14;10;8;0;0;;;;18;32
"097001";"Abbadia Lariana";35;14;9;0;0;;;;23;10;8;0;0;;;;18;41
"097001";"Abbadia Lariana";36;9;3;0;0;;;;12;5;7;0;0;;;;12;24
"097001";"Abbadia Lariana";37;15;6;0;0;;;;21;5;3;0;1;;;;9;30
"097001";"Abbadia Lariana";38;14;5;0;0;;;;19;6;8;1;0;;;;15;34
"097001";"Abbadia Lariana";39;8;5;0;0;;;;13;10;6;0;0;;;;16;29
"097001";"Abbadia Lariana";40;13;7;1;0;;;;21;12;7;0;0;;;;19;40
"097001";"Abbadia Lariana";41;13;7;0;0;;;;20;6;12;2;0;;;;20;40
"097001";"Abbadia Lariana";42;6;10;0;0;;;;16;7;10;0;0;;;;17;33
"097001";"Abbadia Lariana";43;11;6;0;0;;;;17;8;12;1;1;;;;22;39
"097001";"Abbadia Lariana";44;13;6;2;0;;;;21;8;13;3;0;;;;24;45
"097001";"Abbadia Lariana";45;12;5;2;0;;;;19;4;11;1;1;;;;17;36
"097001";"Abbadia Lariana";46;8;7;3;0;;;;18;4;14;0;0;;;;18;36
"097001";"Abbadia Lariana";47;7;15;1;0;;;;23;8;13;4;0;;;;25;48
"097001";"Abbadia Lariana";48;10;11;4;0;;;;25;4;20;1;1;;;;26;51
"097001";"Abbadia Lariana";49;10;16;2;0;;;;28;5;12;2;0;;;;19;47
"097001";"Abbadia Lariana";50;9;18;3;1;;;;31;6;18;4;0;;;;28;59
"097001";"Abbadia Lariana";51;4;10;2;0;;;;16;9;15;6;1;;;;31;47
"097001";"Abbadia Lariana";52;7;19;3;0;;;;29;9;19;3;2;;;;33;62
"097001";"Abbadia Lariana";53;6;16;2;0;;;;24;6;18;6;1;;;;31;55
"097001";"Abbadia Lariana";54;5;23;2;1;;;;31;2;24;4;2;;;;32;63
"097001";"Abbadia Lariana";55;7;15;1;0;;;;23;2;23;5;0;;;;30;53
"097001";"Abbadia Lariana";56;8;16;6;0;;;;30;6;17;2;1;;;;26;56
"097001";"Abbadia Lariana";57;8;22;5;0;;;;35;4;20;4;0;;;;28;63
"097001";"Abbadia Lariana";58;9;30;3;0;;;;42;3;15;1;2;;;;21;63
"097001";"Abbadia Lariana";59;4;20;0;0;;;;24;2;17;8;0;;;;27;51
"097001";"Abbadia Lariana";60;1;9;2;0;;;;12;5;14;2;1;;;;22;34
"097001";"Abbadia Lariana";61;4;19;1;0;;;;24;9;18;5;2;;;;34;58
"097001";"Abbadia Lariana";62;3;17;1;0;;;;21;3;28;5;0;;;;36;57
"097001";"Abbadia Lariana";63;3;11;2;0;;;;16;0;16;1;1;;;;18;34
"097001";"Abbadia Lariana";64;8;10;5;0;;;;23;2;16;5;0;;;;23;46
"097001";"Abbadia Lariana";65;0;18;4;0;;;;22;1;21;2;1;;;;25;47
"097001";"Abbadia Lariana";66;3;21;3;0;;;;27;0;24;1;0;;;;25;52
"097001";"Abbadia Lariana";67;8;19;2;0;;;;29;2;25;1;0;;;;28;57
"097001";"Abbadia Lariana";68;3;20;3;0;;;;26;3;13;0;5;;;;21;47
"097001";"Abbadia Lariana";69;3;13;3;2;;;;21;1;10;4;4;;;;19;40
"097001";"Abbadia Lariana";70;0;13;0;2;;;;15;1;15;1;3;;;;20;35
"097001";"Abbadia Lariana";71;1;13;1;2;;;;17;2;8;2;3;;;;15;32
"097001";"Abbadia Lariana";72;1;16;2;0;;;;19;3;7;1;2;;;;13;32
"097001";"Abbadia Lariana";73;1;18;0;1;;;;20;2;16;2;5;;;;25;45
"097001";"Abbadia Lariana";74;1;19;1;2;;;;23;1;11;2;2;;;;16;39
"097001";"Abbadia Lariana";75;2;21;0;1;;;;24;3;12;0;7;;;;22;46
"097001";"Abbadia Lariana";76;5;9;0;2;;;;16;0;6;1;8;;;;15;31
"097001";"Abbadia Lariana";77;0;19;2;1;;;;22;1;13;1;10;;;;25;47
"097001";"Abbadia Lariana";78;1;13;0;1;;;;15;2;9;1;3;;;;15;30
"097001";"Abbadia Lariana";79;1;9;0;2;;;;12;0;8;0;8;;;;16;28
"097001";"Abbadia Lariana";80;0;10;0;2;;;;12;1;3;0;10;;;;14;26
"097001";"Abbadia Lariana";81;0;2;0;1;;;;3;1;4;0;7;;;;12;15
"097001";"Abbadia Lariana";82;0;4;0;2;;;;6;1;7;0;7;;;;15;21
"097001";"Abbadia Lariana";83;0;8;0;2;;;;10;0;5;1;5;;;;11;21
"097001";"Abbadia Lariana";84;1;10;0;3;;;;14;1;6;0;9;;;;16;30
"097001";"Abbadia Lariana";85;0;8;0;2;;;;10;0;3;2;9;;;;14;24
"097001";"Abbadia Lariana";86;0;7;0;2;;;;9;0;4;1;8;;;;13;22
"097001";"Abbadia Lariana";87;0;4;0;2;;;;6;1;1;0;9;;;;11;17
"097001";"Abbadia Lariana";88;0;0;0;2;;;;2;0;1;0;4;;;;5;7
"097001";"Abbadia Lariana";89;0;2;0;1;;;;3;0;1;0;7;;;;8;11
"097001";"Abbadia Lariana";90;0;4;0;2;;;;6;0;0;0;7;;;;7;13
"097001";"Abbadia Lariana";91;0;2;0;1;;;;3;0;1;0;2;;;;3;6
"097001";"Abbadia Lariana";92;0;2;0;1;;;;3;0;0;0;5;;;;5;8
"097001";"Abbadia Lariana";93;0;2;0;1;;;;3;1;0;1;2;;;;4;7
"097001";"Abbadia Lariana";94;0;0;0;2;;;;2;0;0;0;4;;;;4;6
"097001";"Abbadia Lariana";95;0;0;0;0;;;;0;0;0;0;1;;;;1;1
"097001";"Abbadia Lariana";96;0;0;0;0;;;;0;0;0;0;1;;;;1;1
"097001";"Abbadia Lariana";97;0;0;0;0;;;;0;0;0;0;1;;;;1;1
"097001";"Abbadia Lariana";98;0;0;0;0;;;;0;0;0;0;0;;;;0;0
"097001";"Abbadia Lariana";99;0;0;0;0;;;;0;0;0;0;0;;;;0;0
"097001";"Abbadia Lariana";100;0;0;0;0;;;;0;1;0;0;0;;;;1;1
"097001";"Abbadia Lariana";999;727;696;74;44;;;;1541;644;702;100;177;;;;1623;3164
"097002";"Airuno";0;10;0;0;0;;;;10;7;0;0;0;;;;7;17
"097002";"Airuno";1;12;0;0;0;;;;12;8;0;0;0;;;;8;20
"097002";"Airuno";2;13;0;0;0;;;;13;11;0;0;0;;;;11;24
"097002";"Airuno";3;10;0;0;0;;;;10;10;0;0;0;;;;10;20
"097002";"Airuno";4;14;0;0;0;;;;14;8;0;0;0;;;;8;22
"097002";"Airuno";5;14;0;0;0;;;;14;11;0;0;0;;;;11;25
"097002";"Airuno";6;16;0;0;0;;;;16;8;0;0;0;;;;8;24
"097002";"Airuno";7;15;0;0;0;;;;15;11;0;0;0;;;;11;26
"097002";"Airuno";8;5;0;0;0;;;;5;15;0;0;0;;;;15;20
"097002";"Airuno";9;16;0;0;0;;;;16;11;0;0;0;;;;11;27
"097002";"Airuno";10;14;0;0;0;;;;14;8;0;0;0;;;;8;22
"097002";"Airuno";11;12;0;0;0;;;;12;9;0;0;0;;;;9;21
"097002";"Airuno";12;10;0;0;0;;;;10;17;0;0;0;;;;17;27
"097002";"Airuno";13;19;0;0;0;;;;19;9;0;0;0;;;;9;28
"097002";"Airuno";14;17;0;0;0;;;;17;14;0;0;0;;;;14;31
"097002";"Airuno";15;20;0;0;0;;;;20;15;0;0;0;;;;15;35
"097002";"Airuno";16;10;0;0;0;;;;10;20;0;0;0;;;;20;30
"097002";"Airuno";17;18;0;0;0;;;;18;15;0;0;0;;;;15;33
"097002";"Airuno";18;13;0;0;0;;;;13;12;0;0;0;;;;12;25
"097002";"Airuno";19;13;0;0;0;;;;13;7;0;0;0;;;;7;20
"097002";"Airuno";20;23;0;0;0;;;;23;18;0;0;0;;;;18;41
"097002";"Airuno";21;13;0;0;0;;;;13;12;1;0;0;;;;13;26
"097002";"Airuno";22;17;0;0;0;;;;17;9;0;0;0;;;;9;26
"097002";"Airuno";23;16;0;0;0;;;;16;12;0;0;0;;;;12;28
"097002";"Airuno";24;20;0;0;0;;;;20;14;2;0;0;;;;16;36
"097002";"Airuno";25;22;0;0;0;;;;22;12;1;0;0;;;;13;35
"097002";"Airuno";26;18;2;0;0;;;;20;18;0;0;0;;;;18;38
"097002";"Airuno";27;30;0;0;0;;;;30;11;1;0;0;;;;12;42
"097002";"Airuno";28;21;0;0;0;;;;21;11;2;0;0;;;;13;34
"097002";"Airuno";29;13;1;0;0;;;;14;12;7;0;0;;;;19;33
"097002";"Airuno";30;14;1;0;0;;;;15;11;3;0;0;;;;14;29
"097002";"Airuno";31;14;1;0;0;;;;15;9;7;0;0;;;;16;31
"097002";"Airuno";32;15;1;0;0;;;;16;6;5;1;0;;;;12;28
"097002";"Airuno";33;14;5;0;0;;;;19;9;10;0;0;;;;19;38
"097002";"Airuno";34;8;7;0;0;;;;15;5;10;1;0;;;;16;31
"097002";"Airuno";35;19;4;0;0;;;;23;6;8;0;0;;;;14;37
"097002";"Airuno";36;17;14;0;0;;;;31;7;11;1;0;;;;19;50
"097002";"Airuno";37;15;4;1;0;;;;20;3;9;1;0;;;;13;33
"097002";"Airuno";38;7;9;0;0;;;;16;8;8;0;0;;;;16;32
"097002";"Airuno";39;13;11;0;0;;;;24;4;9;0;0;;;;13;37
"097002";"Airuno";40;8;9;0;1;;;;18;5;10;1;0;;;;16;34
"097002";"Airuno";41;15;6;1;0;;;;22;2;10;2;0;;;;14;36
"097002";"Airuno";42;7;13;2;0;;;;22;3;9;0;0;;;;12;34
"097002";"Airuno";43;8;9;0;1;;;;18;6;14;1;1;;;;22;40
"097002";"Airuno";44;4;4;1;0;;;;9;6;7;1;0;;;;14;23
"097002";"Airuno";45;3;6;0;0;;;;9;4;14;0;1;;;;19;28
"097002";"Airuno";46;8;13;1;0;;;;22;3;17;1;0;;;;21;43
"097002";"Airuno";47;8;15;0;0;;;;23;6;16;0;0;;;;22;45
"097002";"Airuno";48;5;9;0;0;;;;14;6;9;2;1;;;;18;32
"097002";"Airuno";49;6;22;0;0;;;;28;4;8;0;1;;;;13;41
"097002";"Airuno";50;9;19;2;0;;;;30;7;18;0;1;;;;26;56
"097002";"Airuno";51;10;15;2;0;;;;27;1;10;1;3;;;;15;42
"097002";"Airuno";52;10;13;2;0;;;;25;5;11;1;0;;;;17;42
"097002";"Airuno";53;8;11;1;0;;;;20;2;13;1;0;;;;16;36
"097002";"Airuno";54;1;9;2;1;;;;13;1;10;2;0;;;;13;26
"097002";"Airuno";55;2;22;1;0;;;;25;0;14;1;2;;;;17;42
"097002";"Airuno";56;4;11;2;0;;;;17;4;15;3;4;;;;26;43
"097002";"Airuno";57;7;10;2;0;;;;19;2;17;2;2;;;;23;42
"097002";"Airuno";58;8;18;0;0;;;;26;2;18;1;1;;;;22;48
"097002";"Airuno";59;4;17;3;0;;;;24;5;22;0;3;;;;30;54
"097002";"Airuno";60;8;16;2;0;;;;26;5;20;0;2;;;;27;53
"097002";"Airuno";61;3;19;3;0;;;;25;2;18;1;1;;;;22;47
"097002";"Airuno";62;4;17;3;0;;;;24;2;15;0;3;;;;20;44
"097002";"Airuno";63;3;12;2;0;;;;17;3;16;3;3;;;;25;42
"097002";"Airuno";64;3;14;1;2;;;;20;4;13;2;2;;;;21;41
"097002";"Airuno";65;1;13;1;0;;;;15;2;13;1;0;;;;16;31
"097002";"Airuno";66;0;13;2;1;;;;16;1;17;0;1;;;;19;35
"097002";"Airuno";67;1;10;2;0;;;;13;1;16;1;3;;;;21;34
"097002";"Airuno";68;2;18;0;2;;;;22;2;15;1;3;;;;21;43
"097002";"Airuno";69;2;14;0;2;;;;18;2;12;0;2;;;;16;34
"097002";"Airuno";70;2;17;0;0;;;;19;2;12;0;2;;;;16;35
"097002";"Airuno";71;1;14;0;2;;;;17;4;9;0;3;;;;16;33
"097002";"Airuno";72;1;17;0;0;;;;18;1;11;0;5;;;;17;35
"097002";"Airuno";73;2;15;2;2;;;;21;0;8;1;4;;;;13;34
"097002";"Airuno";74;1;15;2;1;;;;19;2;9;0;0;;;;11;30
"097002";"Airuno";75;1;13;0;3;;;;17;6;8;0;3;;;;17;34
"097002";"Airuno";76;0;11;0;3;;;;14;1;9;0;6;;;;16;30
"097002";"Airuno";77;1;7;1;2;;;;11;2;10;0;7;;;;19;30
"097002";"Airuno";78;1;7;1;3;;;;12;1;4;0;8;;;;13;25
"097002";"Airuno";79;2;14;1;0;;;;17;1;7;0;3;;;;11;28
"097002";"Airuno";80;1;4;0;0;;;;5;1;7;0;4;;;;12;17
"097002";"Airuno";81;0;8;0;2;;;;10;0;4;0;7;;;;11;21
"097002";"Airuno";82;0;3;0;3;;;;6;0;3;0;6;;;;9;15
"097002";"Airuno";83;0;11;0;2;;;;13;2;4;0;8;;;;14;27
"097002";"Airuno";84;0;4;0;2;;;;6;0;2;0;6;;;;8;14
"097002";"Airuno";85;0;7;0;2;;;;9;2;2;0;9;;;;13;22
"097002";"Airuno";86;0;1;0;0;;;;1;0;3;0;4;;;;7;8
"097002";"Airuno";87;0;1;0;1;;;;2;0;0;0;3;;;;3;5
"097002";"Airuno";88;0;4;0;1;;;;5;0;2;0;5;;;;7;12
"097002";"Airuno";89;0;1;0;0;;;;1;0;1;0;6;;;;7;8
"097002";"Airuno";90;0;3;0;2;;;;5;0;0;0;14;;;;14;19
"097002";"Airuno";91;0;2;0;1;;;;3;2;0;0;3;;;;5;8
"097002";"Airuno";92;0;1;0;4;;;;5;0;0;0;2;;;;2;7
"097002";"Airuno";93;0;0;0;0;;;;0;0;0;0;5;;;;5;5
"097002";"Airuno";94;0;1;0;0;;;;1;0;0;0;3;;;;3;4
"097002";"Airuno";95;0;0;0;0;;;;0;0;0;0;1;;;;1;1
"097002";"Airuno";96;0;0;0;1;;;;1;1;0;0;1;;;;2;3
"097002";"Airuno";97;0;0;0;0;;;;0;0;0;0;0;;;;0;0
"097002";"Airuno";98;0;0;0;0;;;;0;0;1;0;0;;;;1;1
"097002";"Airuno";99;0;0;0;0;;;;0;0;0;0;0;;;;0;0
"097002";"Airuno";100;0;0;0;0;;;;0;0;0;0;0;;;;0;0
"097002";"Airuno";999;775;638;46;47;;;;1506;549;627;34;168;;;;1378;2884
"097003";"Annone di Brianza";0;5;0;0;0;;;;5;6;0;0;0;;;;6;11
"097003";"Annone di Brianza";1;6;0;0;0;;;;6;8;0;0;0;;;;8;14
"097003";"Annone di Brianza";2;1;0;0;0;;;;1;14;0;0;0;;;;14;15
"097003";"Annone di Brianza";3;5;0;0;0;;;;5;4;0;0;0;;;;4;9
"097003";"Annone di Brianza";4;8;0;0;0;;;;8;12;0;0;0;;;;12;20
"097003";"Annone di Brianza";5;7;0;0;0;;;;7;10;0;0;0;;;;10;17
"097003";"Annone di Brianza";6;5;0;0;0;;;;5;6;0;0;0;;;;6;11
"097003";"Annone di Brianza";7;13;0;0;0;;;;13;8;0;0;0;;;;8;21
"097003";"Annone di Brianza";8;10;0;0;0;;;;10;5;0;0;0;;;;5;15
"097003";"Annone di Brianza";9;9;0;0;0;;;;9;10;0;0;0;;;;10;19
"097003";"Annone di Brianza";10;8;0;0;0;;;;8;10;0;0;0;;;;10;18
"097003";"Annone di Brianza";11;16;0;0;0;;;;16;10;0;0;0;;;;10;26
"097003";"Annone di Brianza";12;17;0;0;0;;;;17;9;0;0;0;;;;9;26
"097003";"Annone di Brianza";13;12;0;0;0;;;;12;10;0;0;0;;;;10;22
"097003";"Annone di Brianza";14;14;0;0;0;;;;14;18;0;0;0;;;;18;32
"097003";"Annone di Brianza";15;10;0;0;0;;;;10;14;0;0;0;;;;14;24
"097003";"Annone di Brianza";16;19;0;0;0;;;;19;10;0;0;0;;;;10;29
"097003";"Annone di Brianza";17;9;0;0;0;;;;9;18;0;0;0;;;;18;27
"097003";"Annone di Brianza";18;14;0;0;0;;;;14;15;0;0;0;;;;15;29
"097003";"Annone di Brianza";19;16;0;0;0;;;;16;13;0;0;0;;;;13;29
"097003";"Annone di Brianza";20;8;0;0;0;;;;8;11;0;0;0;;;;11;19
"097003";"Annone di Brianza";21;17;0;0;0;;;;17;11;0;0;0;;;;11;28
"097003";"Annone di Brianza";22;12;0;0;0;;;;12;8;0;0;0;;;;8;20
"097003";"Annone di Brianza";23;13;0;0;0;;;;13;11;0;0;0;;;;11;24
"097003";"Annone di Brianza";24;8;0;0;0;;;;8;12;1;0;0;;;;13;21
"097003";"Annone di Brianza";25;11;0;0;0;;;;11;11;1;0;0;;;;12;23
"097003";"Annone di Brianza";26;9;0;0;0;;;;9;11;2;0;0;;;;13;22
"097003";"Annone di Brianza";27;6;0;0;0;;;;6;9;0;0;0;;;;9;15
"097003";"Annone di Brianza";28;18;0;0;0;;;;18;13;0;0;0;;;;13;31
"097003";"Annone di Brianza";29;12;1;0;0;;;;13;4;3;0;0;;;;7;20
"097003";"Annone di Brianza";30;10;0;0;0;;;;10;8;1;0;0;;;;9;19
"097003";"Annone di Brianza";31;14;2;0;0;;;;16;5;6;0;0;;;;11;27
"097003";"Annone di Brianza";32;12;0;0;0;;;;12;3;4;0;0;;;;7;19
"097003";"Annone di Brianza";33;7;6;0;0;;;;13;3;5;0;0;;;;8;21
"097003";"Annone di Brianza";34;4;2;0;0;;;;6;6;6;0;0;;;;12;18
"097003";"Annone di Brianza";35;5;3;0;0;;;;8;8;8;0;0;;;;16;24
"097003";"Annone di Brianza";36;7;4;0;0;;;;11;5;7;0;0;;;;12;23
"097003";"Annone di Brianza";37;9;3;0;0;;;;12;9;6;0;0;;;;15;27
"097003";"Annone di Brianza";38;12;4;0;0;;;;16;6;8;0;0;;;;14;30
"097003";"Annone di Brianza";39;7;7;0;0;;;;14;4;7;1;0;;;;12;26
"097003";"Annone di Brianza";40;3;5;0;0;;;;8;2;4;0;0;;;;6;14
"097003";"Annone di Brianza";41;7;6;0;0;;;;13;7;5;0;0;;;;12;25
"097003";"Annone di Brianza";42;12;6;0;0;;;;18;1;9;0;1;;;;11;29
"097003";"Annone di Brianza";43;6;6;0;0;;;;12;0;8;0;0;;;;8;20
"097003";"Annone di Brianza";44;2;10;0;0;;;;12;4;9;1;0;;;;14;26
"097003";"Annone di Brianza";45;6;11;0;0;;;;17;0;14;3;0;;;;17;34
"097003";"Annone di Brianza";46;5;14;0;0;;;;19;4;14;0;0;;;;18;37
"097003";"Annone di Brianza";47;3;10;0;0;;;;13;3;11;0;0;;;;14;27
"097003";"Annone di Brianza";48;4;14;0;0;;;;18;5;19;1;0;;;;25;43
"097003";"Annone di Brianza";49;7;23;1;0;;;;31;2;16;0;0;;;;18;49
"097003";"Annone di Brianza";50;8;12;1;0;;;;21;4;17;1;1;;;;23;44
"097003";"Annone di Brianza";51;5;20;0;0;;;;25;3;12;2;1;;;;18;43
"097003";"Annone di Brianza";52;1;20;2;1;;;;24;4;15;1;0;;;;20;44
"097003";"Annone di Brianza";53;4;14;2;0;;;;20;1;12;1;1;;;;15;35
"097003";"Annone di Brianza";54;5;7;0;0;;;;12;5;14;1;2;;;;22;34
"097003";"Annone di Brianza";55;2;11;2;0;;;;15;2;15;0;0;;;;17;32
"097003";"Annone di Brianza";56;1;11;0;0;;;;12;1;10;0;0;;;;11;23
"097003";"Annone di Brianza";57;2;13;0;0;;;;15;1;13;1;2;;;;17;32
"097003";"Annone di Brianza";58;2;19;0;2;;;;23;2;15;2;1;;;;20;43
"097003";"Annone di Brianza";59;3;12;0;1;;;;16;2;14;1;0;;;;17;33
"097003";"Annone di Brianza";60;2;19;2;2;;;;25;1;23;1;1;;;;26;51
"097003";"Annone di Brianza";61;3;12;1;0;;;;16;0;16;0;0;;;;16;32
"097003";"Annone di Brianza";62;1;13;1;1;;;;16;2;15;0;2;;;;19;35
"097003";"Annone di Brianza";63;3;9;0;1;;;;13;0;12;1;1;;;;14;27
"097003";"Annone di Brianza";64;3;14;0;0;;;;17;1;13;0;2;;;;16;33
"097003";"Annone di Brianza";65;0;11;1;0;;;;12;1;10;1;3;;;;15;27
"097003";"Annone di Brianza";66;2;18;1;0;;;;21;1;12;0;1;;;;14;35
"097003";"Annone di Brianza";67;0;9;2;0;;;;11;3;8;0;1;;;;12;23
"097003";"Annone di Brianza";68;0;20;1;0;;;;21;1;14;0;0;;;;15;36
"097003";"Annone di Brianza";69;2;7;1;1;;;;11;1;11;0;2;;;;14;25
"097003";"Annone di Brianza";70;3;9;0;0;;;;12;1;13;1;3;;;;18;30
"097003";"Annone di Brianza";71;2;16;0;0;;;;18;0;5;0;4;;;;9;27
"097003";"Annone di Brianza";72;0;6;0;2;;;;8;2;9;1;3;;;;15;23
"097003";"Annone di Brianza";73;2;9;0;1;;;;12;0;9;0;2;;;;11;23
"097003";"Annone di Brianza";74;0;10;0;2;;;;12;0;9;0;3;;;;12;24
"097003";"Annone di Brianza";75;2;11;1;0;;;;14;1;7;0;1;;;;9;23
"097003";"Annone di Brianza";76;1;17;0;0;;;;18;2;12;0;6;;;;20;38
"097003";"Annone di Brianza";77;1;8;1;1;;;;11;1;8;0;7;;;;16;27
"097003";"Annone di Brianza";78;1;8;0;2;;;;11;2;7;0;7;;;;16;27
"097003";"Annone di Brianza";79;1;7;0;1;;;;9;1;6;0;2;;;;9;18
"097003";"Annone di Brianza";80;0;10;0;1;;;;11;1;5;0;4;;;;10;21
"097003";"Annone di Brianza";81;0;6;0;0;;;;6;0;1;0;5;;;;6;12
"097003";"Annone di Brianza";82;0;6;0;3;;;;9;0;3;0;2;;;;5;14
"097003";"Annone di Brianza";83;0;3;0;1;;;;4;0;3;0;5;;;;8;12
"097003";"Annone di Brianza";84;0;2;0;0;;;;2;0;2;0;6;;;;8;10
"097003";"Annone di Brianza";85;0;5;0;3;;;;8;3;3;0;3;;;;9;17
"097003";"Annone di Brianza";86;0;4;0;0;;;;4;1;3;0;2;;;;6;10
"097003";"Annone di Brianza";87;0;2;0;0;;;;2;1;2;0;4;;;;7;9
"097003";"Annone di Brianza";88;0;3;0;0;;;;3;0;1;0;4;;;;5;8
"097003";"Annone di Brianza";89;0;1;0;2;;;;3;1;0;0;6;;;;7;10
"097003";"Annone di Brianza";90;1;1;0;1;;;;3;0;0;0;6;;;;6;9
"097003";"Annone di Brianza";91;1;1;0;1;;;;3;0;0;0;2;;;;2;5
"097003";"Annone di Brianza";92;0;0;0;0;;;;0;0;0;0;2;;;;2;2
"097003";"Annone di Brianza";93;0;2;0;0;;;;2;0;0;0;3;;;;3;5
"097003";"Annone di Brianza";94;0;1;0;0;;;;1;0;0;0;1;;;;1;2
"097003";"Annone di Brianza";95;0;0;0;0;;;;0;0;0;0;1;;;;1;1
"097003";"Annone di Brianza";96;0;0;0;0;;;;0;0;0;0;0;;;;0;0
"097003";"Annone di Brianza";97;0;0;0;0;;;;0;0;0;0;1;;;;1;1
"097003";"Annone di Brianza";98;0;0;0;0;;;;0;0;0;0;0;;;;0;0
"097003";"Annone di Brianza";99;0;0;0;0;;;;0;0;0;0;0;;;;0;0
"097003";"Annone di Brianza";100;0;0;0;0;;;;0;0;0;0;0;;;;0;0
"097003";"Annone di Brianza";999;524;556;20;30;;;;1130;449;553;21;117;;;;1140;2270
"097004";"Ballabio";0;13;0;0;0;;;;13;11;0;0;0;;;;11;24
"097004";"Ballabio";1;15;0;0;0;;;;15;15;0;0;0;;;;15;30
"097004";"Ballabio";2;18;0;0;0;;;;18;14;0;0;0;;;;14;32
"097004";"Ballabio";3;9;0;0;0;;;;9;10;0;0;0;;;;10;19
"097004";"Ballabio";4;16;0;0;0;;;;16;19;0;0;0;;;;19;35
"097004";"Ballabio";5;14;0;0;0;;;;14;13;0;0;0;;;;13;27
"097004";"Ballabio";6;20;0;0;0;;;;20;24;0;0;0;;;;24;44
"097004";"Ballabio";7;19;0;0;0;;;;19;10;0;0;0;;;;10;29
"097004";"Ballabio";8;12;0;0;0;;;;12;18;0;0;0;;;;18;30
"097004";"Ballabio";9;18;0;0;0;;;;18;15;0;0;0;;;;15;33
"097004";"Ballabio";10;21;0;0;0;;;;21;20;0;0;0;;;;20;41
"097004";"Ballabio";11;17;0;0;0;;;;17;17;0;0;0;;;;17;34
"097004";"Ballabio";12;12;0;0;0;;;;12;25;0;0;0;;;;25;37
"097004";"Ballabio";13;27;0;0;0;;;;27;22;0;0;0;;;;22;49
"097004";"Ballabio";14;33;0;0;0;;;;33;23;0;0;0;;;;23;56
"097004";"Ballabio";15;34;0;0;0;;;;34;12;0;0;0;;;;12;46
"097004";"Ballabio";16;28;0;0;0;;;;28;16;0;0;0;;;;16;44
"097004";"Ballabio";17;19;0;0;0;;;;19;26;0;0;0;;;;26;45
"097004";"Ballabio";18;17;0;0;0;;;;17;20;0;0;0;;;;20;37
"097004";"Ballabio";19;20;0;0;0;;;;20;24;0;0;0;;;;24;44
"097004";"Ballabio";20;30;0;0;0;;;;30;24;0;0;0;;;;24;54
"097004";"Ballabio";21;25;0;0;0;;;;25;23;0;0;0;;;;23;48
"097004";"Ballabio";22;30;0;0;0;;;;30;21;0;0;0;;;;21;51
"097004";"Ballabio";23;22;0;0;0;;;;22;16;0;0;0;;;;16;38
"097004";"Ballabio";24;35;1;0;0;;;;36;25;0;0;0;;;;25;61
"097004";"Ballabio";25;32;2;0;0;;;;34;23;1;0;0;;;;24;58
"097004";"Ballabio";26;22;0;0;0;;;;22;24;1;0;0;;;;25;47
"097004";"Ballabio";27;26;0;0;0;;;;26;18;2;0;0;;;;20;46
"097004";"Ballabio";28;23;1;0;0;;;;24;24;3;0;0;;;;27;51
"097004";"Ballabio";29;20;2;0;0;;;;22;18;4;0;0;;;;22;44
"097004";"Ballabio";30;21;2;1;0;;;;24;13;6;0;0;;;;19;43
"097004";"Ballabio";31;19;5;0;0;;;;24;9;9;0;0;;;;18;42
"097004";"Ballabio";32;8;11;0;0;;;;19;12;8;0;0;;;;20;39
"097004";"Ballabio";33;16;9;0;0;;;;25;15;6;1;0;;;;22;47
"097004";"Ballabio";34;15;6;0;0;;;;21;13;9;0;0;;;;22;43
"097004";"Ballabio";35;21;3;0;0;;;;24;14;12;1;0;;;;27;51
"097004";"Ballabio";36;12;10;0;0;;;;22;7;9;0;0;;;;16;38
"097004";"Ballabio";37;8;5;5;0;;;;18;8;14;1;0;;;;23;41
"097004";"Ballabio";38;11;14;2;0;;;;27;5;12;1;0;;;;18;45
"097004";"Ballabio";39;18;9;1;0;;;;28;10;14;2;1;;;;27;55
"097004";"Ballabio";40;4;11;0;0;;;;15;8;17;0;0;;;;25;40
"097004";"Ballabio";41;10;16;1;0;;;;27;11;17;2;0;;;;30;57
"097004";"Ballabio";42;16;15;0;0;;;;31;9;17;4;0;;;;30;61
"097004";"Ballabio";43;7;13;0;0;;;;20;7;14;0;0;;;;21;41
"097004";"Ballabio";44;12;11;1;0;;;;24;13;13;2;1;;;;29;53
"097004";"Ballabio";45;6;10;2;0;;;;18;6;16;4;0;;;;26;44
"097004";"Ballabio";46;8;7;0;0;;;;15;7;19;3;1;;;;30;45
"097004";"Ballabio";47;15;17;2;0;;;;34;7;19;2;0;;;;28;62
"097004";"Ballabio";48;11;28;3;0;;;;42;6;17;5;0;;;;28;70
"097004";"Ballabio";49;10;16;3;1;;;;30;6;27;1;0;;;;34;64
"097004";"Ballabio";50;14;26;5;0;;;;45;9;26;3;0;;;;38;83
"097004";"Ballabio";51;8;28;4;0;;;;40;7;24;4;1;;;;36;76
"097004";"Ballabio";52;8;28;4;1;;;;41;9;29;2;0;;;;40;81
"097004";"Ballabio";53;13;20;2;1;;;;36;4;26;7;0;;;;37;73
"097004";"Ballabio";54;9;24;6;0;;;;39;2;27;4;0;;;;33;72
"097004";"Ballabio";55;13;30;3;0;;;;46;6;30;5;2;;;;43;89
"097004";"Ballabio";56;12;34;3;0;;;;49;4;29;4;3;;;;40;89
"097004";"Ballabio";57;7;27;4;0;;;;38;4;29;2;2;;;;37;75
"097004";"Ballabio";58;14;28;3;1;;;;46;6;30;2;0;;;;38;84
"097004";"Ballabio";59;10;23;2;0;;;;35;9;28;4;3;;;;44;79
"097004";"Ballabio";60;3;26;3;0;;;;32;2;21;3;1;;;;27;59
"097004";"Ballabio";61;3;32;2;0;;;;37;5;27;3;1;;;;36;73
"097004";"Ballabio";62;2;23;4;1;;;;30;1;19;7;0;;;;27;57
"097004";"Ballabio";63;3;21;3;1;;;;28;1;29;2;2;;;;34;62
"097004";"Ballabio";64;2;22;3;0;;;;27;1;16;6;2;;;;25;52
"097004";"Ballabio";65;4;20;8;0;;;;32;2;18;2;7;;;;29;61
"097004";"Ballabio";66;3;19;2;0;;;;24;2;17;2;0;;;;21;45
"097004";"Ballabio";67;4;15;2;0;;;;21;1;18;0;3;;;;22;43
"097004";"Ballabio";68;3;20;1;0;;;;24;1;15;1;2;;;;19;43
"097004";"Ballabio";69;4;16;5;2;;;;27;2;11;0;8;;;;21;48
"097004";"Ballabio";70;1;18;2;1;;;;22;2;9;0;5;;;;16;38
"097004";"Ballabio";71;2;16;0;2;;;;20;3;15;2;0;;;;20;40
"097004";"Ballabio";72;2;20;3;1;;;;26;1;10;1;2;;;;14;40
"097004";"Ballabio";73;1;16;1;0;;;;18;1;8;0;3;;;;12;30
"097004";"Ballabio";74;3;16;0;1;;;;20;3;15;1;6;;;;25;45
"097004";"Ballabio";75;1;12;2;0;;;;15;3;7;0;3;;;;13;28
"097004";"Ballabio";76;0;13;1;2;;;;16;0;9;2;7;;;;18;34
"097004";"Ballabio";77;1;14;2;4;;;;21;0;13;1;4;;;;18;39
"097004";"Ballabio";78;1;12;1;3;;;;17;0;7;0;8;;;;15;32
"097004";"Ballabio";79;3;6;0;1;;;;10;0;8;0;7;;;;15;25
"097004";"Ballabio";80;0;15;0;3;;;;18;0;7;0;8;;;;15;33
"097004";"Ballabio";81;1;12;0;2;;;;15;3;2;1;3;;;;9;24
"097004";"Ballabio";82;0;8;0;2;;;;10;1;7;2;5;;;;15;25
"097004";"Ballabio";83;0;8;0;2;;;;10;1;6;0;5;;;;12;22
"097004";"Ballabio";84;1;3;0;2;;;;6;1;5;0;7;;;;13;19
"097004";"Ballabio";85;1;7;0;0;;;;8;0;5;0;6;;;;11;19
"097004";"Ballabio";86;0;7;0;3;;;;10;0;3;0;11;;;;14;24
"097004";"Ballabio";87;0;6;0;1;;;;7;0;1;0;8;;;;9;16
"097004";"Ballabio";88;0;2;0;2;;;;4;0;1;0;6;;;;7;11
"097004";"Ballabio";89;0;0;0;1;;;;1;1;0;0;8;;;;9;10
"097004";"Ballabio";90;0;1;0;0;;;;1;1;0;0;5;;;;6;7
"097004";"Ballabio";91;0;1;0;1;;;;2;0;0;0;4;;;;4;6
"097004";"Ballabio";92;0;0;0;1;;;;1;0;1;0;4;;;;5;6
"097004";"Ballabio";93;0;0;0;1;;;;1;1;0;0;4;;;;5;6
"097004";"Ballabio";94;0;1;0;0;;;;1;0;0;0;3;;;;3;4
"097004";"Ballabio";95;1;1;0;0;;;;2;0;0;0;1;;;;1;3
"097004";"Ballabio";96;0;0;0;0;;;;0;1;0;0;0;;;;1;1
"097004";"Ballabio";97;0;0;0;0;;;;0;1;0;1;1;;;;3;3
"097004";"Ballabio";98;0;0;0;0;;;;0;0;0;0;0;;;;0;0
"097004";"Ballabio";99;0;0;0;0;;;;0;0;0;0;0;;;;0;0
"097004";"Ballabio";100;0;0;0;0;;;;0;0;0;0;0;;;;0;0
"097004";"Ballabio";999;1053;921;102;44;;;;2120;858;894;103;174;;;;2029;4149
"097005";"Barzago";0;5;0;0;0;;;;5;6;0;0;0;;;;6;11
"097005";"Barzago";1;7;0;0;0;;;;7;9;0;0;0;;;;9;16
"097005";"Barzago";2;3;0;0;0;;;;3;5;0;0;0;;;;5;8
"097005";"Barzago";3;8;0;0;0;;;;8;6;0;0;0;;;;6;14
"097005";"Barzago";4;9;0;0;0;;;;9;6;0;0;0;;;;6;15
"097005";"Barzago";5;10;0;0;0;;;;10;8;0;0;0;;;;8;18
"097005";"Barzago";6;6;0;0;0;;;;6;10;0;0;0;;;;10;16
"097005";"Barzago";7;9;0;0;0;;;;9;12;0;0;0;;;;12;21
"097005";"Barzago";8;11;0;0;0;;;;11;12;0;0;0;;;;12;23
"097005";"Barzago";9;12;0;0;0;;;;12;12;0;0;0;;;;12;24
"097005";"Barzago";10;11;0;0;0;;;;11;6;0;0;0;;;;6;17
"097005";"Barzago";11;7;0;0;0;;;;7;11;0;0;0;;;;11;18
"097005";"Barzago";12;14;0;0;0;;;;14;10;0;0;0;;;;10;24
"097005";"Barzago";13;13;0;0;0;;;;13;14;0;0;0;;;;14;27
"097005";"Barzago";14;16;0;0;0;;;;16;18;0;0;0;;;;18;34
"097005";"Barzago";15;9;0;0;0;;;;9;15;0;0;0;;;;15;24
"097005";"Barzago";16;11;0;0;0;;;;11;18;0;0;0;;;;18;29
"097005";"Barzago";17;15;0;0;0;;;;15;13;0;0;0;;;;13;28
"097005";"Barzago";18;12;0;0;0;;;;12;11;0;0;0;;;;11;23
"097005";"Barzago";19;20;0;0;0;;;;20;15;0;0;0;;;;15;35
"097005";"Barzago";20;13;0;0;0;;;;13;10;0;0;0;;;;10;23
"097005";"Barzago";21;7;0;0;0;;;;7;8;1;0;0;;;;9;16
"097005";"Barzago";22;12;0;0;0;;;;12;14;2;0;0;;;;16;28
"097005";"Barzago";23;10;0;0;0;;;;10;22;0;0;0;;;;22;32
"097005";"Barzago";24;9;0;0;0;;;;9;20;1;0;0;;;;21;30
"097005";"Barzago";25;3;2;0;0;;;;5;7;1;0;0;;;;8;13
"097005";"Barzago";26;17;0;0;0;;;;17;11;1;0;0;;;;12;29
"097005";"Barzago";27;14;0;0;0;;;;14;15;3;0;0;;;;18;32
"097005";"Barzago";28;13;1;0;0;;;;14;3;5;0;0;;;;8;22
"097005";"Barzago";29;8;2;0;0;;;;10;11;1;0;0;;;;12;22
"097005";"Barzago";30;10;2;0;0;;;;12;10;2;0;0;;;;12;24
"097005";"Barzago";31;8;1;1;0;;;;10;7;3;0;0;;;;10;20
"097005";"Barzago";32;10;2;0;0;;;;12;4;4;0;0;;;;8;20
"097005";"Barzago";33;6;1;0;0;;;;7;6;5;0;0;;;;11;18
"097005";"Barzago";34;7;2;0;0;;;;9;5;2;0;0;;;;7;16
"097005";"Barzago";35;11;4;0;0;;;;15;5;6;1;0;;;;12;27
"097005";"Barzago";36;11;6;1;0;;;;18;5;3;1;0;;;;9;27
"097005";"Barzago";37;3;3;0;0;;;;6;5;8;0;0;;;;13;19
"097005";"Barzago";38;10;9;0;1;;;;20;3;7;0;0;;;;10;30
"097005";"Barzago";39;7;5;0;0;;;;12;8;7;1;0;;;;16;28
"097005";"Barzago";40;11;8;0;0;;;;19;1;9;0;0;;;;10;29
"097005";"Barzago";41;6;12;0;0;;;;18;6;7;0;0;;;;13;31
"097005";"Barzago";42;4;4;0;0;;;;8;3;13;3;0;;;;19;27
"097005";"Barzago";43;5;8;2;0;;;;15;3;8;1;0;;;;12;27
"097005";"Barzago";44;3;5;1;0;;;;9;0;7;0;0;;;;7;16
"097005";"Barzago";45;5;6;4;0;;;;15;6;8;0;0;;;;14;29
"097005";"Barzago";46;6;6;1;0;;;;13;4;15;0;0;;;;19;32
"097005";"Barzago";47;8;19;0;0;;;;27;4;9;0;0;;;;13;40
"097005";"Barzago";48;3;15;1;0;;;;19;0;18;4;0;;;;22;41
"097005";"Barzago";49;6;10;1;0;;;;17;1;12;1;0;;;;14;31
"097005";"Barzago";50;6;16;1;0;;;;23;5;17;1;0;;;;23;46
"097005";"Barzago";51;0;8;3;0;;;;11;3;15;3;0;;;;21;32
"097005";"Barzago";52;7;16;2;0;;;;25;3;13;1;1;;;;18;43
"097005";"Barzago";53;3;10;1;0;;;;14;2;9;1;1;;;;13;27
"097005";"Barzago";54;8;13;4;0;;;;25;2;11;0;0;;;;13;38
"097005";"Barzago";55;4;9;0;0;;;;13;7;17;1;0;;;;25;38
"097005";"Barzago";56;5;15;0;0;;;;20;3;9;2;0;;;;14;34
"097005";"Barzago";57;1;17;1;0;;;;19;8;17;0;0;;;;25;44
"097005";"Barzago";58;2;14;2;0;;;;18;2;22;1;0;;;;25;43
"097005";"Barzago";59;6;26;0;0;;;;32;2;18;0;2;;;;22;54
"097005";"Barzago";60;1;13;4;1;;;;19;2;26;1;0;;;;29;48
"097005";"Barzago";61;2;18;0;0;;;;20;0;15;1;2;;;;18;38
"097005";"Barzago";62;0;14;2;1;;;;17;0;12;1;3;;;;16;33
"097005";"Barzago";63;0;21;1;0;;;;22;0;16;2;3;;;;21;43
"097005";"Barzago";64;7;10;0;1;;;;18;1;15;1;2;;;;19;37
"097005";"Barzago";65;3;15;2;0;;;;20;3;14;0;2;;;;19;39
"097005";"Barzago";66;1;12;1;1;;;;15;2;15;1;0;;;;18;33
"097005";"Barzago";67;2;14;1;0;;;;17;0;10;0;1;;;;11;28
"097005";"Barzago";68;0;12;0;0;;;;12;0;10;0;2;;;;12;24
"097005";"Barzago";69;2;13;2;1;;;;18;1;12;0;1;;;;14;32
"097005";"Barzago";70;4;10;2;0;;;;16;0;9;1;7;;;;17;33
"097005";"Barzago";71;3;16;0;1;;;;20;1;12;0;7;;;;20;40
"097005";"Barzago";72;3;14;0;0;;;;17;0;9;1;0;;;;10;27
"097005";"Barzago";73;1;14;0;0;;;;15;2;9;0;6;;;;17;32
"097005";"Barzago";74;1;6;1;1;;;;9;3;10;0;5;;;;18;27
"097005";"Barzago";75;2;18;0;1;;;;21;3;6;0;4;;;;13;34
"097005";"Barzago";76;3;8;0;2;;;;13;1;7;0;4;;;;12;25
"097005";"Barzago";77;1;7;0;0;;;;8;0;10;0;3;;;;13;21
"097005";"Barzago";78;0;14;0;2;;;;16;1;4;0;1;;;;6;22
"097005";"Barzago";79;1;6;0;2;;;;9;1;5;0;4;;;;10;19
"097005";"Barzago";80;2;1;0;1;;;;4;0;7;0;2;;;;9;13
"097005";"Barzago";81;0;3;1;2;;;;6;1;4;0;2;;;;7;13
"097005";"Barzago";82;3;6;0;1;;;;10;3;3;0;3;;;;9;19
"097005";"Barzago";83;1;6;0;2;;;;9;0;1;0;8;;;;9;18
"097005";"Barzago";84;0;5;0;1;;;;6;0;1;0;7;;;;8;14
"097005";"Barzago";85;0;7;0;1;;;;8;0;1;0;3;;;;4;12
"097005";"Barzago";86;0;1;0;1;;;;2;0;4;0;6;;;;10;12
"097005";"Barzago";87;1;2;0;0;;;;3;0;2;0;3;;;;5;8
"097005";"Barzago";88;0;0;0;0;;;;0;1;0;0;3;;;;4;4
"097005";"Barzago";89;0;2;0;2;;;;4;0;0;0;6;;;;6;10
"097005";"Barzago";90;0;1;0;0;;;;1;0;0;0;2;;;;2;3
"097005";"Barzago";91;0;1;1;2;;;;4;0;0;0;3;;;;3;7
"097005";"Barzago";92;0;1;0;0;;;;1;0;0;0;2;;;;2;3
"097005";"Barzago";93;0;0;0;0;;;;0;0;0;0;2;;;;2;2
"097005";"Barzago";94;0;1;0;0;;;;1;0;0;0;2;;;;2;3
"097005";"Barzago";95;0;0;0;0;;;;0;0;0;0;1;;;;1;1
"097005";"Barzago";96;0;0;0;0;;;;0;0;0;0;0;;;;0;0
"097005";"Barzago";97;0;0;0;0;;;;0;0;0;0;0;;;;0;0
"097005";"Barzago";98;0;0;0;0;;;;0;0;0;0;1;;;;1;1
"097005";"Barzago";99;0;0;0;0;;;;0;0;0;0;0;;;;0;0
"097005";"Barzago";100;0;0;0;0;;;;0;0;0;0;0;;;;0;0
"097005";"Barzago";999;540;569;44;28;;;;1181;487;565;31;117;;;;1200;2381
"097006";"Barzanò";0;14;0;0;0;;;;14;9;0;0;0;;;;9;23
"097006";"Barzanò";1;22;0;0;0;;;;22;18;0;0;0;;;;18;40
"097006";"Barzanò";2;16;0;0;0;;;;16;15;0;0;0;;;;15;31
"097006";"Barzanò";3;15;0;0;0;;;;15;19;0;0;0;;;;19;34
"097006";"Barzanò";4;15;0;0;0;;;;15;12;0;0;0;;;;12;27
"097006";"Barzanò";5;18;0;0;0;;;;18;18;0;0;0;;;;18;36
"097006";"Barzanò";6;15;0;0;0;;;;15;18;0;0;0;;;;18;33
"097006";"Barzanò";7;26;0;0;0;;;;26;11;0;0;0;;;;11;37
"097006";"Barzanò";8;22;0;0;0;;;;22;19;0;0;0;;;;19;41
"097006";"Barzanò";9;17;0;0;0;;;;17;21;0;0;0;;;;21;38
"097006";"Barzanò";10;17;0;0;0;;;;17;16;0;0;0;;;;16;33
"097006";"Barzanò";11;25;0;0;0;;;;25;26;0;0;0;;;;26;51
"097006";"Barzanò";12;25;0;0;0;;;;25;30;0;0;0;;;;30;55
"097006";"Barzanò";13;25;0;0;0;;;;25;25;0;0;0;;;;25;50
"097006";"Barzanò";14;21;0;0;0;;;;21;27;0;0;0;;;;27;48
"097006";"Barzanò";15;24;0;0;0;;;;24;23;0;0;0;;;;23;47
"097006";"Barzanò";16;24;0;0;0;;;;24;18;0;0;0;;;;18;42
"097006";"Barzanò";17;30;0;0;0;;;;30;27;0;0;0;;;;27;57
"097006";"Barzanò";18;22;0;0;0;;;;22;21;0;0;0;;;;21;43
"097006";"Barzanò";19;26;0;0;0;;;;26;23;0;0;0;;;;23;49
"097006";"Barzanò";20;33;0;0;0;;;;33;30;0;0;0;;;;30;63
"097006";"Barzanò";21;21;0;0;0;;;;21;23;0;0;0;;;;23;44
"097006";"Barzanò";22;20;0;0;0;;;;20;31;1;0;0;;;;32;52
"097006";"Barzanò";23;27;0;0;0;;;;27;22;1;0;0;;;;23;50
"097006";"Barzanò";24;28;0;0;0;;;;28;24;1;0;0;;;;25;53
"097006";"Barzanò";25;29;0;0;0;;;;29;21;1;0;0;;;;22;51
"097006";"Barzanò";26;25;1;0;0;;;;26;20;1;0;0;;;;21;47
"097006";"Barzanò";27;26;1;0;0;;;;27;16;5;0;0;;;;21;48
"097006";"Barzanò";28;25;3;0;0;;;;28;16;5;0;0;;;;21;49
"097006";"Barzanò";29;24;4;0;0;;;;28;22;4;0;0;;;;26;54
"097006";"Barzanò";30;11;3;0;0;;;;14;19;6;0;0;;;;25;39
"097006";"Barzanò";31;17;9;0;0;;;;26;15;7;0;0;;;;22;48
"097006";"Barzanò";32;24;6;0;0;;;;30;15;12;1;0;;;;28;58
"097006";"Barzanò";33;27;7;0;0;;;;34;18;10;0;0;;;;28;62
"097006";"Barzanò";34;15;3;0;0;;;;18;11;11;0;0;;;;22;40
"097006";"Barzanò";35;20;10;1;0;;;;31;14;9;0;0;;;;23;54
"097006";"Barzanò";36;14;14;0;0;;;;28;8;16;0;0;;;;24;52
"097006";"Barzanò";37;16;10;1;0;;;;27;8;20;0;0;;;;28;55
"097006";"Barzanò";38;13;10;1;0;;;;24;9;21;0;0;;;;30;54
"097006";"Barzanò";39;13;17;0;0;;;;30;8;14;0;0;;;;22;52
"097006";"Barzanò";40;10;9;0;0;;;;19;7;15;1;0;;;;23;42
"097006";"Barzanò";41;6;13;1;0;;;;20;6;19;1;0;;;;26;46
"097006";"Barzanò";42;9;18;0;0;;;;27;8;13;2;0;;;;23;50
"097006";"Barzanò";43;15;16;1;0;;;;32;13;13;0;0;;;;26;58
"097006";"Barzanò";44;12;11;1;0;;;;24;8;21;2;0;;;;31;55
"097006";"Barzanò";45;14;15;2;0;;;;31;4;19;0;0;;;;23;54
"097006";"Barzanò";46;5;21;0;0;;;;26;2;27;4;0;;;;33;59
"097006";"Barzanò";47;11;36;4;0;;;;51;9;21;5;0;;;;35;86
"097006";"Barzanò";48;13;20;1;1;;;;35;4;27;1;1;;;;33;68
"097006";"Barzanò";49;12;24;3;0;;;;39;10;27;3;0;;;;40;79
"097006";"Barzanò";50;13;22;3;0;;;;38;12;28;5;1;;;;46;84
"097006";"Barzanò";51;12;31;3;0;;;;46;3;27;0;1;;;;31;77
"097006";"Barzanò";52;8;21;1;0;;;;30;4;27;4;1;;;;36;66
"097006";"Barzanò";53;7;22;6;0;;;;35;10;30;4;2;;;;46;81
"097006";"Barzanò";54;11;32;4;0;;;;47;8;30;2;1;;;;41;88
"097006";"Barzanò";55;6;33;4;0;;;;43;7;31;6;1;;;;45;88
"097006";"Barzanò";56;9;33;5;1;;;;48;5;28;6;0;;;;39;87
"097006";"Barzanò";57;5;23;3;0;;;;31;5;29;4;2;;;;40;71
"097006";"Barzanò";58;5;36;2;0;;;;43;5;36;4;0;;;;45;88
"097006";"Barzanò";59;5;36;3;0;;;;44;8;28;6;0;;;;42;86
"097006";"Barzanò";60;12;28;6;0;;;;46;4;31;6;4;;;;45;91
"097006";"Barzanò";61;10;34;3;0;;;;47;3;29;2;2;;;;36;83
"097006";"Barzanò";62;5;24;6;0;;;;35;9;38;4;2;;;;53;88
"097006";"Barzanò";63;3;25;2;0;;;;30;1;25;4;4;;;;34;64
"097006";"Barzanò";64;5;30;2;2;;;;39;3;21;1;1;;;;26;65
"097006";"Barzanò";65;5;20;2;0;;;;27;6;26;1;3;;;;36;63
"097006";"Barzanò";66;2;24;3;1;;;;30;1;31;2;7;;;;41;71
"097006";"Barzanò";67;2;27;1;1;;;;31;4;21;3;3;;;;31;62
"097006";"Barzanò";68;3;30;7;2;;;;42;7;33;0;3;;;;43;85
"097006";"Barzanò";69;3;22;2;0;;;;27;1;26;3;4;;;;34;61
"097006";"Barzanò";70;2;20;3;0;;;;25;1;15;1;4;;;;21;46
"097006";"Barzanò";71;3;32;0;0;;;;35;3;24;2;8;;;;37;72
"097006";"Barzanò";72;1;26;1;0;;;;28;4;19;0;7;;;;30;58
"097006";"Barzanò";73;1;15;1;3;;;;20;2;27;1;8;;;;38;58
"097006";"Barzanò";74;3;22;2;3;;;;30;3;23;0;10;;;;36;66
"097006";"Barzanò";75;3;21;0;2;;;;26;3;17;2;8;;;;30;56
"097006";"Barzanò";76;2;29;4;3;;;;38;3;20;1;20;;;;44;82
"097006";"Barzanò";77;1;27;0;2;;;;30;2;14;1;7;;;;24;54
"097006";"Barzanò";78;2;16;0;3;;;;21;3;20;0;9;;;;32;53
"097006";"Barzanò";79;0;18;0;1;;;;19;1;12;2;12;;;;27;46
"097006";"Barzanò";80;3;19;0;4;;;;26;1;12;0;13;;;;26;52
"097006";"Barzanò";81;0;11;0;2;;;;13;2;12;1;11;;;;26;39
"097006";"Barzanò";82;0;14;0;2;;;;16;0;11;0;14;;;;25;41
"097006";"Barzanò";83;2;16;0;3;;;;21;0;7;0;12;;;;19;40
"097006";"Barzanò";84;3;11;0;4;;;;18;2;7;0;19;;;;28;46
"097006";"Barzanò";85;1;9;0;4;;;;14;4;8;0;14;;;;26;40
"097006";"Barzanò";86;2;13;0;1;;;;16;1;2;0;12;;;;15;31
"097006";"Barzanò";87;1;7;0;3;;;;11;1;4;0;13;;;;18;29
"097006";"Barzanò";88;0;7;0;1;;;;8;1;2;0;8;;;;11;19
"097006";"Barzanò";89;0;4;0;1;;;;5;2;2;0;10;;;;14;19
"097006";"Barzanò";90;0;3;0;1;;;;4;2;1;0;8;;;;11;15
"097006";"Barzanò";91;0;0;0;1;;;;1;1;0;0;9;;;;10;11
"097006";"Barzanò";92;0;3;0;4;;;;7;4;0;0;4;;;;8;15
"097006";"Barzanò";93;0;0;0;1;;;;1;2;0;0;1;;;;3;4
"097006";"Barzanò";94;0;3;1;0;;;;4;1;2;0;5;;;;8;12
"097006";"Barzanò";95;0;1;0;1;;;;2;2;0;0;7;;;;9;11
"097006";"Barzanò";96;0;0;0;1;;;;1;0;0;0;3;;;;3;4
"097006";"Barzanò";97;0;1;0;1;;;;2;2;0;0;2;;;;4;6
"097006";"Barzanò";98;0;0;0;1;;;;1;1;0;0;2;;;;3;4
"097006";"Barzanò";99;0;1;0;0;;;;1;0;0;0;1;;;;1;2
"097006";"Barzanò";100;0;1;0;0;;;;1;0;0;0;1;;;;1;2
"097006";"Barzanò";999;1115;1184;96;61;;;;2456;977;1183;98;305;;;;2563;5019
"097007";"Barzio";0;5;0;0;0;;;;5;4;0;0;0;;;;4;9
"097007";"Barzio";1;7;0;0;0;;;;7;5;0;0;0;;;;5;12
"097007";"Barzio";2;2;0;0;0;;;;2;3;0;0;0;;;;3;5
"097007";"Barzio";3;5;0;0;0;;;;5;3;0;0;0;;;;3;8
"097007";"Barzio";4;3;0;0;0;;;;3;0;0;0;0;;;;0;3
"097007";"Barzio";5;2;0;0;0;;;;2;2;0;0;0;;;;2;4
"097007";"Barzio";6;1;0;0;0;;;;1;2;0;0;0;;;;2;3
"097007";"Barzio";7;4;0;0;0;;;;4;5;0;0;0;;;;5;9
"097007";"Barzio";8;5;0;0;0;;;;5;4;0;0;0;;;;4;9
"097007";"Barzio";9;5;0;0;0;;;;5;5;0;0;0;;;;5;10
"097007";"Barzio";10;7;0;0;0;;;;7;2;0;0;0;;;;2;9
"097007";"Barzio";11;2;0;0;0;;;;2;8;0;0;0;;;;8;10
"097007";"Barzio";12;7;0;0;0;;;;7;5;0;0;0;;;;5;12
"097007";"Barzio";13;3;0;0;0;;;;3;8;0;0;0;;;;8;11
"097007";"Barzio";14;7;0;0;0;;;;7;6;0;0;0;;;;6;13
"097007";"Barzio";15;4;0;0;0;;;;4;5;0;0;0;;;;5;9
"097007";"Barzio";16;6;0;0;0;;;;6;7;0;0;0;;;;7;13
"097007";"Barzio";17;4;0;0;0;;;;4;8;0;0;0;;;;8;12
"097007";"Barzio";18;4;0;0;0;;;;4;4;0;0;0;;;;4;8
"097007";"Barzio";19;4;0;0;0;;;;4;3;0;0;0;;;;3;7
"097007";"Barzio";20;9;0;0;0;;;;9;5;0;0;0;;;;5;14
"097007";"Barzio";21;6;0;0;0;;;;6;6;0;0;0;;;;6;12
"097007";"Barzio";22;8;0;0;0;;;;8;7;0;0;0;;;;7;15
"097007";"Barzio";23;7;0;0;0;;;;7;6;0;0;0;;;;6;13
"097007";"Barzio";24;6;0;0;0;;;;6;4;0;0;0;;;;4;10
"097007";"Barzio";25;13;0;0;0;;;;13;4;0;0;0;;;;4;17
"097007";"Barzio";26;5;0;0;0;;;;5;4;0;0;0;;;;4;9
"097007";"Barzio";27;5;0;0;0;;;;5;5;1;0;0;;;;6;11
"097007";"Barzio";28;6;1;0;0;;;;7;3;1;0;0;;;;4;11
"097007";"Barzio";29;4;1;0;0;;;;5;3;1;0;0;;;;4;9
"097007";"Barzio";30;6;0;0;0;;;;6;2;3;0;0;;;;5;11
"097007";"Barzio";31;3;5;0;0;;;;8;3;2;0;0;;;;5;13
"097007";"Barzio";32;3;0;0;0;;;;3;6;4;0;0;;;;10;13
"097007";"Barzio";33;4;0;0;0;;;;4;2;1;0;0;;;;3;7
"097007";"Barzio";34;4;0;0;0;;;;4;3;0;0;0;;;;3;7
"097007";"Barzio";35;2;2;0;0;;;;4;2;2;1;0;;;;5;9
"097007";"Barzio";36;7;3;0;0;;;;10;5;3;0;0;;;;8;18
"097007";"Barzio";37;5;4;0;0;;;;9;3;4;0;0;;;;7;16
"097007";"Barzio";38;10;3;0;0;;;;13;3;4;0;0;;;;7;20
"097007";"Barzio";39;6;0;0;0;;;;6;5;6;0;0;;;;11;17
"097007";"Barzio";40;8;3;0;0;;;;11;1;6;1;0;;;;8;19
"097007";"Barzio";41;5;1;0;0;;;;6;4;0;0;0;;;;4;10
"097007";"Barzio";42;4;8;0;0;;;;12;0;2;1;0;;;;3;15
"097007";"Barzio";43;6;1;0;0;;;;7;4;3;0;0;;;;7;14
"097007";"Barzio";44;8;3;0;0;;;;11;2;4;0;0;;;;6;17
"097007";"Barzio";45;4;9;0;0;;;;13;4;3;0;1;;;;8;21
"097007";"Barzio";46;3;4;0;1;;;;8;0;6;0;0;;;;6;14
"097007";"Barzio";47;3;4;0;0;;;;7;1;7;1;0;;;;9;16
"097007";"Barzio";48;5;3;0;0;;;;8;3;1;0;1;;;;5;13
"097007";"Barzio";49;3;4;2;0;;;;9;1;6;0;0;;;;7;16
"097007";"Barzio";50;5;5;0;0;;;;10;8;7;0;0;;;;15;25
"097007";"Barzio";51;2;6;0;0;;;;8;3;5;1;0;;;;9;17
"097007";"Barzio";52;3;0;1;0;;;;4;3;6;1;0;;;;10;14
"097007";"Barzio";53;4;5;1;0;;;;10;3;6;1;0;;;;10;20
"097007";"Barzio";54;4;9;0;0;;;;13;2;4;1;0;;;;7;20
"097007";"Barzio";55;3;5;1;0;;;;9;1;7;1;0;;;;9;18
"097007";"Barzio";56;3;7;3;0;;;;13;0;3;1;0;;;;4;17
"097007";"Barzio";57;1;9;0;0;;;;10;1;8;0;1;;;;10;20
"097007";"Barzio";58;4;5;0;0;;;;9;1;7;2;1;;;;11;20
"097007";"Barzio";59;3;9;1;0;;;;13;5;12;0;0;;;;17;30
"097007";"Barzio";60;3;7;1;1;;;;12;4;6;0;1;;;;11;23
"097007";"Barzio";61;4;10;0;0;;;;14;0;9;0;1;;;;10;24
"097007";"Barzio";62;4;5;2;1;;;;12;2;7;1;1;;;;11;23
"097007";"Barzio";63;1;3;0;0;;;;4;1;4;0;0;;;;5;9
"097007";"Barzio";64;3;9;2;1;;;;15;0;10;0;1;;;;11;26
"097007";"Barzio";65;1;3;0;0;;;;4;1;8;1;0;;;;10;14
"097007";"Barzio";66;3;8;2;0;;;;13;1;2;1;2;;;;6;19
"097007";"Barzio";67;1;7;1;1;;;;10;2;6;1;0;;;;9;19
"097007";"Barzio";68;1;5;0;1;;;;7;1;9;0;1;;;;11;18
"097007";"Barzio";69;1;11;0;0;;;;12;0;10;0;1;;;;11;23
"097007";"Barzio";70;0;8;0;0;;;;8;1;4;0;3;;;;8;16
"097007";"Barzio";71;2;7;0;1;;;;10;2;10;0;3;;;;15;25
"097007";"Barzio";72;0;4;0;0;;;;4;2;2;0;3;;;;7;11
"097007";"Barzio";73;2;5;0;0;;;;7;1;5;0;1;;;;7;14
"097007";"Barzio";74;0;13;1;1;;;;15;1;6;0;0;;;;7;22
"097007";"Barzio";75;0;7;0;0;;;;7;1;4;0;5;;;;10;17
"097007";"Barzio";76;1;3;0;0;;;;4;3;4;1;6;;;;14;18
"097007";"Barzio";77;3;6;0;0;;;;9;2;2;0;1;;;;5;14
"097007";"Barzio";78;0;4;1;0;;;;5;5;2;0;3;;;;10;15
"097007";"Barzio";79;2;8;0;0;;;;10;1;6;0;3;;;;10;20
"097007";"Barzio";80;1;2;0;0;;;;3;2;1;1;2;;;;6;9
"097007";"Barzio";81;0;2;0;1;;;;3;0;1;1;3;;;;5;8
"097007";"Barzio";82;0;1;0;1;;;;2;2;1;0;6;;;;9;11
"097007";"Barzio";83;2;2;0;1;;;;5;1;1;1;1;;;;4;9
"097007";"Barzio";84;0;4;0;1;;;;5;1;2;1;3;;;;7;12
"097007";"Barzio";85;2;2;0;0;;;;4;0;0;0;3;;;;3;7
"097007";"Barzio";86;0;1;0;0;;;;1;2;4;0;2;;;;8;9
"097007";"Barzio";87;0;0;0;0;;;;0;0;0;0;2;;;;2;2
"097007";"Barzio";88;0;3;0;0;;;;3;1;2;1;4;;;;8;11
"097007";"Barzio";89;0;0;0;1;;;;1;2;0;0;3;;;;5;6
"097007";"Barzio";90;0;0;0;0;;;;0;0;0;0;2;;;;2;2
"097007";"Barzio";91;0;1;0;0;;;;1;1;1;0;3;;;;5;6
"097007";"Barzio";92;0;2;0;1;;;;3;2;1;0;2;;;;5;8
"097007";"Barzio";93;0;0;0;0;;;;0;1;0;0;4;;;;5;5
"097007";"Barzio";94;0;1;0;1;;;;2;0;0;0;2;;;;2;4
"097007";"Barzio";95;0;0;0;0;;;;0;0;0;0;2;;;;2;2
"097007";"Barzio";96;0;0;0;1;;;;1;1;0;0;1;;;;2;3
"097007";"Barzio";97;0;0;0;0;;;;0;0;0;0;0;;;;0;0
"097007";"Barzio";98;0;0;0;0;;;;0;0;0;0;0;;;;0;0
"097007";"Barzio";99;0;0;0;0;;;;0;0;0;0;0;;;;0;0
"097007";"Barzio";100;0;0;0;0;;;;0;1;0;0;1;;;;2;2
"097007";"Barzio";999;324;273;19;16;;;;632;265;265;22;86;;;;638;1270
"097008";"Bellano";0;16;0;0;0;;;;16;5;0;0;0;;;;5;21
"097008";"Bellano";1;9;0;0;0;;;;9;8;0;0;0;;;;8;17
"097008";"Bellano";2;8;0;0;0;;;;8;4;0;0;0;;;;4;12
"097008";"Bellano";3;13;0;0;0;;;;13;16;0;0;0;;;;16;29
"097008";"Bellano";4;5;0;0;0;;;;5;6;0;0;0;;;;6;11
"097008";"Bellano";5;15;0;0;0;;;;15;13;0;0;0;;;;13;28
"097008";"Bellano";6;11;0;0;0;;;;11;7;0;0;0;;;;7;18
"097008";"Bellano";7;23;0;0;0;;;;23;17;0;0;0;;;;17;40
"097008";"Bellano";8;19;0;0;0;;;;19;11;0;0;0;;;;11;30
"097008";"Bellano";9;11;0;0;0;;;;11;11;0;0;0;;;;11;22
"097008";"Bellano";10;15;0;0;0;;;;15;9;0;0;0;;;;9;24
"097008";"Bellano";11;7;0;0;0;;;;7;21;0;0;0;;;;21;28
"097008";"Bellano";12;13;0;0;0;;;;13;9;0;0;0;;;;9;22
"097008";"Bellano";13;8;0;0;0;;;;8;9;0;0;0;;;;9;17
"097008";"Bellano";14;19;0;0;0;;;;19;13;0;0;0;;;;13;32
"097008";"Bellano";15;11;0;0;0;;;;11;10;0;0;0;;;;10;21
"097008";"Bellano";16;11;0;0;0;;;;11;15;0;0;0;;;;15;26
"097008";"Bellano";17;13;0;0;0;;;;13;13;0;0;0;;;;13;26
"097008";"Bellano";18;9;0;0;0;;;;9;10;0;0;0;;;;10;19
"097008";"Bellano";19;17;0;0;0;;;;17;13;0;0;0;;;;13;30
"097008";"Bellano";20;9;0;0;0;;;;9;17;0;0;0;;;;17;26
"097008";"Bellano";21;10;0;0;0;;;;10;12;0;0;0;;;;12;22
"097008";"Bellano";22;8;0;0;0;;;;8;21;0;0;0;;;;21;29
"097008";"Bellano";23;22;0;0;0;;;;22;11;0;0;0;;;;11;33
"097008";"Bellano";24;14;0;0;0;;;;14;9;0;0;0;;;;9;23
"097008";"Bellano";25;13;0;0;0;;;;13;12;1;0;0;;;;13;26
"097008";"Bellano";26;16;1;0;0;;;;17;12;0;0;0;;;;12;29
"097008";"Bellano";27;15;1;0;0;;;;16;14;5;0;0;;;;19;35
"097008";"Bellano";28;17;0;0;0;;;;17;11;2;0;0;;;;13;30
"097008";"Bellano";29;16;1;0;0;;;;17;17;4;0;0;;;;21;38
"097008";"Bellano";30;13;2;0;0;;;;15;11;3;0;0;;;;14;29
"097008";"Bellano";31;18;2;0;0;;;;20;12;5;0;0;;;;17;37
"097008";"Bellano";32;18;3;0;0;;;;21;11;5;0;0;;;;16;37
"097008";"Bellano";33;20;2;0;0;;;;22;11;8;1;0;;;;20;42
"097008";"Bellano";34;17;4;0;0;;;;21;4;6;1;0;;;;11;32
"097008";"Bellano";35;10;5;0;0;;;;15;12;10;0;0;;;;22;37
"097008";"Bellano";36;10;4;0;0;;;;14;11;7;0;0;;;;18;32
"097008";"Bellano";37;8;6;1;0;;;;15;7;4;1;0;;;;12;27
"097008";"Bellano";38;9;9;1;0;;;;19;7;8;1;0;;;;16;35
"097008";"Bellano";39;4;9;0;0;;;;13;6;9;1;0;;;;16;29
"097008";"Bellano";40;8;8;0;0;;;;16;5;6;0;0;;;;11;27
"097008";"Bellano";41;9;9;0;0;;;;18;8;14;1;0;;;;23;41
"097008";"Bellano";42;12;12;0;0;;;;24;8;18;1;0;;;;27;51
"097008";"Bellano";43;9;17;0;0;;;;26;5;13;2;0;;;;20;46
"097008";"Bellano";44;14;12;0;0;;;;26;7;10;1;0;;;;18;44
"097008";"Bellano";45;14;10;0;0;;;;24;6;12;1;0;;;;19;43
"097008";"Bellano";46;10;11;1;0;;;;22;6;15;4;1;;;;26;48
"097008";"Bellano";47;8;11;0;0;;;;19;6;16;1;1;;;;24;43
"097008";"Bellano";48;7;12;1;0;;;;20;2;12;2;1;;;;17;37
"097008";"Bellano";49;14;14;1;0;;;;29;7;11;2;1;;;;21;50
"097008";"Bellano";50;11;12;4;0;;;;27;9;11;1;1;;;;22;49
"097008";"Bellano";51;8;16;1;0;;;;25;7;17;4;0;;;;28;53
"097008";"Bellano";52;9;13;3;0;;;;25;6;7;3;0;;;;16;41
"097008";"Bellano";53;6;8;5;0;;;;19;6;8;3;0;;;;17;36
"097008";"Bellano";54;7;18;3;2;;;;30;7;13;4;0;;;;24;54
"097008";"Bellano";55;5;15;1;0;;;;21;10;16;2;1;;;;29;50
"097008";"Bellano";56;13;22;1;0;;;;36;10;18;5;1;;;;34;70
"097008";"Bellano";57;7;14;7;0;;;;28;1;19;1;2;;;;23;51
"097008";"Bellano";58;8;10;3;1;;;;22;3;24;1;0;;;;28;50
"097008";"Bellano";59;4;19;3;1;;;;27;7;16;7;1;;;;31;58
"097008";"Bellano";60;9;19;6;0;;;;34;4;28;2;0;;;;34;68
"097008";"Bellano";61;5;15;4;1;;;;25;4;22;1;1;;;;28;53
"097008";"Bellano";62;3;14;4;2;;;;23;2;26;2;0;;;;30;53
"097008";"Bellano";63;6;18;2;0;;;;26;2;22;1;2;;;;27;53
"097008";"Bellano";64;6;17;2;0;;;;25;0;20;3;5;;;;28;53
"097008";"Bellano";65;2;17;3;2;;;;24;2;14;1;5;;;;22;46
"097008";"Bellano";66;0;16;2;1;;;;19;2;14;1;3;;;;20;39
"097008";"Bellano";67;8;16;1;1;;;;26;3;16;4;2;;;;25;51
"097008";"Bellano";68;3;22;1;1;;;;27;2;11;1;4;;;;18;45
"097008";"Bellano";69;4;14;6;0;;;;24;2;18;2;5;;;;27;51
"097008";"Bellano";70;1;17;3;4;;;;25;3;20;3;6;;;;32;57
"097008";"Bellano";71;4;17;0;2;;;;23;6;15;2;6;;;;29;52
"097008";"Bellano";72;2;18;0;0;;;;20;1;16;0;8;;;;25;45
"097008";"Bellano";73;1;16;1;3;;;;21;2;14;0;12;;;;28;49
"097008";"Bellano";74;1;15;1;4;;;;21;0;18;2;3;;;;23;44
"097008";"Bellano";75;1;16;1;0;;;;18;2;14;1;8;;;;25;43
"097008";"Bellano";76;2;15;0;3;;;;20;4;10;0;8;;;;22;42
"097008";"Bellano";77;2;17;1;3;;;;23;1;13;1;11;;;;26;49
"097008";"Bellano";78;7;20;0;3;;;;30;3;13;1;3;;;;20;50
"097008";"Bellano";79;2;11;0;3;;;;16;1;9;2;6;;;;18;34
"097008";"Bellano";80;3;13;0;5;;;;21;0;8;0;10;;;;18;39
"097008";"Bellano";81;1;8;3;2;;;;14;0;9;2;9;;;;20;34
"097008";"Bellano";82;2;7;1;3;;;;13;1;4;0;10;;;;15;28
"097008";"Bellano";83;1;10;0;5;;;;16;1;8;0;8;;;;17;33
"097008";"Bellano";84;1;11;0;6;;;;18;2;8;0;6;;;;16;34
"097008";"Bellano";85;1;7;0;4;;;;12;2;3;0;5;;;;10;22
"097008";"Bellano";86;1;4;0;3;;;;8;0;2;1;14;;;;17;25
"097008";"Bellano";87;1;6;0;1;;;;8;1;4;0;9;;;;14;22
"097008";"Bellano";88;0;2;0;3;;;;5;2;1;0;5;;;;8;13
"097008";"Bellano";89;0;5;1;0;;;;6;1;3;0;9;;;;13;19
"097008";"Bellano";90;1;3;1;2;;;;7;2;0;0;7;;;;9;16
"097008";"Bellano";91;0;2;0;0;;;;2;1;1;1;7;;;;10;12
"097008";"Bellano";92;0;2;0;3;;;;5;1;1;0;6;;;;8;13
"097008";"Bellano";93;0;2;0;0;;;;2;2;0;0;5;;;;7;9
"097008";"Bellano";94;0;1;0;0;;;;1;0;0;0;7;;;;7;8
"097008";"Bellano";95;0;0;0;2;;;;2;2;0;0;0;;;;2;4
"097008";"Bellano";96;0;0;0;1;;;;1;0;0;0;1;;;;1;2
"097008";"Bellano";97;0;0;0;0;;;;0;1;1;0;4;;;;6;6
"097008";"Bellano";98;0;1;0;1;;;;2;0;0;0;1;;;;1;3
"097008";"Bellano";99;0;0;0;0;;;;0;1;0;0;0;;;;1;1
"097008";"Bellano";100;0;0;0;0;;;;0;0;0;0;1;;;;1;1
"097008";"Bellano";999;784;726;80;78;;;;1668;640;739;85;232;;;;1696;3364
"097009";"Bosisio Parini";0;12;0;0;0;;;;12;8;0;0;0;;;;8;20
"097009";"Bosisio Parini";1;8;0;0;0;;;;8;13;0;0;0;;;;13;21
"097009";"Bosisio Parini";2;10;0;0;0;;;;10;12;0;0;0;;;;12;22
"097009";"Bosisio Parini";3;12;0;0;0;;;;12;14;0;0;0;;;;14;26
"097009";"Bosisio Parini";4;6;0;0;0;;;;6;11;0;0;0;;;;11;17
"097009";"Bosisio Parini";5;13;0;0;0;;;;13;8;0;0;0;;;;8;21
"097009";"Bosisio Parini";6;9;0;0;0;;;;9;11;0;0;0;;;;11;20
"097009";"Bosisio Parini";7;12;0;0;0;;;;12;18;0;0;0;;;;18;30
"097009";"Bosisio Parini";8;13;0;0;0;;;;13;11;0;0;0;;;;11;24
"097009";"Bosisio Parini";9;14;0;0;0;;;;14;18;0;0;0;;;;18;32
"097009";"Bosisio Parini";10;13;0;0;0;;;;13;19;0;0;0;;;;19;32
"097009";"Bosisio Parini";11;19;0;0;0;;;;19;13;0;0;0;;;;13;32
"097009";"Bosisio Parini";12;17;0;0;0;;;;17;22;0;0;0;;;;22;39
"097009";"Bosisio Parini";13;15;0;0;0;;;;15;12;0;0;0;;;;12;27
"097009";"Bosisio Parini";14;10;0;0;0;;;;10;17;0;0;0;;;;17;27
"097009";"Bosisio Parini";15;22;0;0;0;;;;22;18;0;0;0;;;;18;40
"097009";"Bosisio Parini";16;33;0;0;0;;;;33;16;0;0;0;;;;16;49
"097009";"Bosisio Parini";17;14;0;0;0;;;;14;14;0;0;0;;;;14;28
"097009";"Bosisio Parini";18;17;0;0;0;;;;17;11;0;0;0;;;;11;28
"097009";"Bosisio Parini";19;15;0;0;0;;;;15;11;0;0;0;;;;11;26
"097009";"Bosisio Parini";20;18;0;0;0;;;;18;14;0;0;0;;;;14;32
"097009";"Bosisio Parini";21;20;0;0;0;;;;20;20;0;0;0;;;;20;40
"097009";"Bosisio Parini";22;14;0;0;0;;;;14;21;0;0;0;;;;21;35
"097009";"Bosisio Parini";23;18;0;0;0;;;;18;17;0;0;0;;;;17;35
"097009";"Bosisio Parini";24;14;0;0;0;;;;14;11;1;0;0;;;;12;26
"097009";"Bosisio Parini";25;20;0;0;0;;;;20;10;1;0;0;;;;11;31
"097009";"Bosisio Parini";26;15;0;0;0;;;;15;17;0;0;0;;;;17;32
"097009";"Bosisio Parini";27;25;1;0;0;;;;26;16;1;0;0;;;;17;43
"097009";"Bosisio Parini";28;21;0;0;0;;;;21;10;3;0;0;;;;13;34
"097009";"Bosisio Parini";29;18;1;0;0;;;;19;10;4;0;0;;;;14;33
"097009";"Bosisio Parini";30;11;2;0;0;;;;13;12;2;0;0;;;;14;27
"097009";"Bosisio Parini";31;19;2;0;0;;;;21;11;4;0;0;;;;15;36
"097009";"Bosisio Parini";32;22;4;0;0;;;;26;7;7;0;0;;;;14;40
"097009";"Bosisio Parini";33;8;2;0;0;;;;10;15;4;1;0;;;;20;30
"097009";"Bosisio Parini";34;20;3;0;0;;;;23;9;7;0;0;;;;16;39
"097009";"Bosisio Parini";35;13;5;0;0;;;;18;11;6;0;0;;;;17;35
"097009";"Bosisio Parini";36;14;9;0;1;;;;24;7;8;0;1;;;;16;40
"097009";"Bosisio Parini";37;16;4;1;0;;;;21;12;8;1;0;;;;21;42
"097009";"Bosisio Parini";38;13;8;0;0;;;;21;8;8;0;0;;;;16;37
"097009";"Bosisio Parini";39;7;7;0;0;;;;14;4;13;1;0;;;;18;32
"097009";"Bosisio Parini";40;8;10;2;0;;;;20;6;15;1;0;;;;22;42
"097009";"Bosisio Parini";41;2;4;0;0;;;;6;6;18;2;0;;;;26;32
"097009";"Bosisio Parini";42;6;13;0;1;;;;20;4;14;0;0;;;;18;38
"097009";"Bosisio Parini";43;6;12;1;0;;;;19;5;12;0;0;;;;17;36
"097009";"Bosisio Parini";44;9;11;0;0;;;;20;3;6;0;0;;;;9;29
"097009";"Bosisio Parini";45;10;18;2;0;;;;30;11;20;1;0;;;;32;62
"097009";"Bosisio Parini";46;5;21;0;0;;;;26;5;20;0;0;;;;25;51
"097009";"Bosisio Parini";47;7;17;0;0;;;;24;2;28;1;0;;;;31;55
"097009";"Bosisio Parini";48;9;19;1;1;;;;30;4;21;2;0;;;;27;57
"097009";"Bosisio Parini";49;3;22;0;0;;;;25;3;25;1;0;;;;29;54
"097009";"Bosisio Parini";50;13;17;3;0;;;;33;2;18;3;0;;;;23;56
"097009";"Bosisio Parini";51;7;25;2;0;;;;34;9;10;1;0;;;;20;54
"097009";"Bosisio Parini";52;7;19;0;0;;;;26;7;23;2;1;;;;33;59
"097009";"Bosisio Parini";53;6;18;2;0;;;;26;3;19;3;0;;;;25;51
"097009";"Bosisio Parini";54;9;22;2;0;;;;33;4;17;2;0;;;;23;56
"097009";"Bosisio Parini";55;11;17;1;0;;;;29;3;12;1;1;;;;17;46
"097009";"Bosisio Parini";56;8;12;4;0;;;;24;0;23;5;1;;;;29;53
"097009";"Bosisio Parini";57;4;22;2;0;;;;28;7;19;6;0;;;;32;60
"097009";"Bosisio Parini";58;7;22;4;1;;;;34;6;17;1;1;;;;25;59
"097009";"Bosisio Parini";59;5;16;3;1;;;;25;3;19;2;2;;;;26;51
"097009";"Bosisio Parini";60;6;22;4;1;;;;33;1;18;1;0;;;;20;53
"097009";"Bosisio Parini";61;6;19;4;2;;;;31;5;17;4;1;;;;27;58
"097009";"Bosisio Parini";62;3;17;1;0;;;;21;3;16;1;1;;;;21;42
"097009";"Bosisio Parini";63;5;11;1;0;;;;17;2;19;0;4;;;;25;42
"097009";"Bosisio Parini";64;5;20;0;0;;;;25;6;10;1;3;;;;20;45
"097009";"Bosisio Parini";65;3;13;2;1;;;;19;3;17;2;4;;;;26;45
"097009";"Bosisio Parini";66;2;18;0;0;;;;20;1;17;1;1;;;;20;40
"097009";"Bosisio Parini";67;2;10;0;1;;;;13;8;10;3;2;;;;23;36
"097009";"Bosisio Parini";68;3;15;0;1;;;;19;4;14;0;3;;;;21;40
"097009";"Bosisio Parini";69;3;22;0;2;;;;27;1;18;1;4;;;;24;51
"097009";"Bosisio Parini";70;1;12;1;0;;;;14;0;13;0;2;;;;15;29
"097009";"Bosisio Parini";71;1;10;3;0;;;;14;0;11;0;4;;;;15;29
"097009";"Bosisio Parini";72;2;16;2;3;;;;23;2;7;0;5;;;;14;37
"097009";"Bosisio Parini";73;1;15;1;3;;;;20;1;17;0;5;;;;23;43
"097009";"Bosisio Parini";74;1;12;1;1;;;;15;3;14;0;5;;;;22;37
"097009";"Bosisio Parini";75;3;11;1;0;;;;15;3;12;2;8;;;;25;40
"097009";"Bosisio Parini";76;1;13;2;2;;;;18;1;13;0;4;;;;18;36
"097009";"Bosisio Parini";77;1;9;0;1;;;;11;4;3;0;2;;;;9;20
"097009";"Bosisio Parini";78;3;12;1;1;;;;17;2;5;1;12;;;;20;37
"097009";"Bosisio Parini";79;0;9;0;2;;;;11;0;5;1;2;;;;8;19
"097009";"Bosisio Parini";80;0;9;0;2;;;;11;1;2;0;7;;;;10;21
"097009";"Bosisio Parini";81;3;7;0;1;;;;11;4;5;0;3;;;;12;23
"097009";"Bosisio Parini";82;0;4;0;0;;;;4;1;2;0;8;;;;11;15
"097009";"Bosisio Parini";83;1;3;1;1;;;;6;3;1;0;4;;;;8;14
"097009";"Bosisio Parini";84;0;3;1;3;;;;7;1;6;0;4;;;;11;18
"097009";"Bosisio Parini";85;1;8;0;3;;;;12;2;2;1;7;;;;12;24
"097009";"Bosisio Parini";86;2;3;0;2;;;;7;2;5;0;6;;;;13;20
"097009";"Bosisio Parini";87;0;3;0;1;;;;4;2;2;0;8;;;;12;16
"097009";"Bosisio Parini";88;0;3;0;1;;;;4;2;0;0;9;;;;11;15
"097009";"Bosisio Parini";89;0;0;0;0;;;;0;3;0;0;2;;;;5;5
"097009";"Bosisio Parini";90;0;1;0;1;;;;2;2;1;0;6;;;;9;11
"097009";"Bosisio Parini";91;0;1;0;0;;;;1;0;0;0;3;;;;3;4
"097009";"Bosisio Parini";92;0;2;0;0;;;;2;2;0;0;3;;;;5;7
"097009";"Bosisio Parini";93;1;3;0;1;;;;5;0;0;0;2;;;;2;7
"097009";"Bosisio Parini";94;0;0;0;0;;;;0;1;0;0;2;;;;3;3
"097009";"Bosisio Parini";95;0;0;0;1;;;;1;0;0;0;0;;;;0;1
"097009";"Bosisio Parini";96;0;0;0;0;;;;0;0;0;0;1;;;;1;1
"097009";"Bosisio Parini";97;0;0;0;0;;;;0;0;0;0;0;;;;0;0
"097009";"Bosisio Parini";98;0;0;0;0;;;;0;0;0;0;0;;;;0;0
"097009";"Bosisio Parini";99;0;0;0;0;;;;0;0;0;0;1;;;;1;1
"097009";"Bosisio Parini";100;0;0;0;0;;;;0;0;0;0;0;;;;0;0
"097009";"Bosisio Parini";999;812;721;56;43;;;;1632;688;715;56;155;;;;1614;3246
"097010";"Brivio";0;12;0;0;0;;;;12;11;0;0;0;;;;11;23
"097010";"Brivio";1;17;0;0;0;;;;17;9;0;0;0;;;;9;26
"097010";"Brivio";2;13;0;0;0;;;;13;8;0;0;0;;;;8;21
"097010";"Brivio";3;11;0;0;0;;;;11;12;0;0;0;;;;12;23
"097010";"Brivio";4;12;0;0;0;;;;12;17;0;0;0;;;;17;29
"097010";"Brivio";5;14;0;0;0;;;;14;8;0;0;0;;;;8;22
"097010";"Brivio";6;18;0;0;0;;;;18;11;0;0;0;;;;11;29
"097010";"Brivio";7;14;0;0;0;;;;14;11;0;0;0;;;;11;25
"097010";"Brivio";8;17;0;0;0;;;;17;21;0;0;0;;;;21;38
"097010";"Brivio";9;16;0;0;0;;;;16;18;0;0;0;;;;18;34
"097010";"Brivio";10;21;0;0;0;;;;21;13;0;0;0;;;;13;34
"097010";"Brivio";11;16;0;0;0;;;;16;10;0;0;0;;;;10;26
"097010";"Brivio";12;20;0;0;0;;;;20;16;0;0;0;;;;16;36
"097010";"Brivio";13;17;0;0;0;;;;17;14;0;0;0;;;;14;31
"097010";"Brivio";14;25;0;0;0;;;;25;14;0;0;0;;;;14;39
"097010";"Brivio";15;25;0;0;0;;;;25;24;0;0;0;;;;24;49
"097010";"Brivio";16;23;0;0;0;;;;23;25;0;0;0;;;;25;48
"097010";"Brivio";17;18;0;0;0;;;;18;34;0;0;0;;;;34;52
"097010";"Brivio";18;32;0;0;0;;;;32;30;0;0;0;;;;30;62
"097010";"Brivio";19;21;0;0;0;;;;21;21;0;0;0;;;;21;42
"097010";"Brivio";20;29;0;0;0;;;;29;18;0;0;0;;;;18;47
"097010";"Brivio";21;24;0;0;0;;;;24;20;1;0;0;;;;21;45
"097010";"Brivio";22;25;0;0;0;;;;25;23;1;0;0;;;;24;49
"097010";"Brivio";23;16;0;0;0;;;;16;33;1;0;0;;;;34;50
"097010";"Brivio";24;32;0;1;0;;;;33;23;1;0;0;;;;24;57
"097010";"Brivio";25;21;1;0;0;;;;22;18;0;0;0;;;;18;40
"097010";"Brivio";26;20;0;1;0;;;;21;18;0;0;0;;;;18;39
"097010";"Brivio";27;33;0;1;0;;;;34;23;5;0;0;;;;28;62
"097010";"Brivio";28;31;3;0;0;;;;34;18;4;0;0;;;;22;56
"097010";"Brivio";29;26;3;0;0;;;;29;12;4;0;0;;;;16;45
"097010";"Brivio";30;23;3;0;0;;;;26;12;3;0;0;;;;15;41
"097010";"Brivio";31;11;1;0;0;;;;12;13;5;0;0;;;;18;30
"097010";"Brivio";32;14;7;0;0;;;;21;19;8;1;0;;;;28;49
"097010";"Brivio";33;20;3;0;0;;;;23;7;6;0;0;;;;13;36
"097010";"Brivio";34;19;7;0;0;;;;26;9;8;1;0;;;;18;44
"097010";"Brivio";35;15;9;0;0;;;;24;12;5;1;0;;;;18;42
"097010";"Brivio";36;12;8;2;0;;;;22;8;3;1;0;;;;12;34
"097010";"Brivio";37;20;7;0;0;;;;27;6;10;0;0;;;;16;43
"097010";"Brivio";38;12;7;0;0;;;;19;7;14;1;1;;;;23;42
"097010";"Brivio";39;18;6;0;0;;;;24;9;13;0;0;;;;22;46
"097010";"Brivio";40;13;7;0;0;;;;20;7;9;1;1;;;;18;38
"097010";"Brivio";41;11;4;2;0;;;;17;12;15;0;0;;;;27;44
"097010";"Brivio";42;11;10;0;0;;;;21;4;11;0;0;;;;15;36
"097010";"Brivio";43;10;5;1;0;;;;16;4;13;0;1;;;;18;34
"097010";"Brivio";44;8;9;1;1;;;;19;6;20;1;0;;;;27;46
"097010";"Brivio";45;14;13;0;0;;;;27;5;12;2;1;;;;20;47
"097010";"Brivio";46;10;16;0;0;;;;26;7;22;1;0;;;;30;56
"097010";"Brivio";47;6;17;3;0;;;;26;8;20;3;0;;;;31;57
"097010";"Brivio";48;11;20;1;0;;;;32;10;21;2;0;;;;33;65
"097010";"Brivio";49;13;19;3;0;;;;35;8;24;7;1;;;;40;75
"097010";"Brivio";50;14;27;1;0;;;;42;6;40;2;2;;;;50;92
"097010";"Brivio";51;10;18;2;0;;;;30;7;18;2;2;;;;29;59
"097010";"Brivio";52;9;26;2;0;;;;37;6;36;5;1;;;;48;85
"097010";"Brivio";53;12;27;5;0;;;;44;10;26;2;0;;;;38;82
"097010";"Brivio";54;12;32;2;1;;;;47;6;24;1;0;;;;31;78
"097010";"Brivio";55;9;34;4;2;;;;49;1;26;4;0;;;;31;80
"097010";"Brivio";56;7;31;3;0;;;;41;1;32;2;1;;;;36;77
"097010";"Brivio";57;12;24;2;1;;;;39;1;30;2;2;;;;35;74
"097010";"Brivio";58;9;32;2;0;;;;43;4;32;4;4;;;;44;87
"097010";"Brivio";59;9;32;3;0;;;;44;5;28;5;1;;;;39;83
"097010";"Brivio";60;10;28;5;0;;;;43;4;25;1;0;;;;30;73
"097010";"Brivio";61;9;20;4;1;;;;34;7;21;3;2;;;;33;67
"097010";"Brivio";62;11;24;2;1;;;;38;1;22;1;1;;;;25;63
"097010";"Brivio";63;4;27;2;3;;;;36;4;28;2;1;;;;35;71
"097010";"Brivio";64;6;28;1;1;;;;36;8;14;2;2;;;;26;62
"097010";"Brivio";65;2;20;1;0;;;;23;1;19;0;5;;;;25;48
"097010";"Brivio";66;3;24;2;2;;;;31;2;14;4;5;;;;25;56
"097010";"Brivio";67;2;18;0;0;;;;20;1;17;2;2;;;;22;42
"097010";"Brivio";68;5;22;1;1;;;;29;1;18;1;6;;;;26;55
"097010";"Brivio";69;5;17;4;1;;;;27;4;24;1;7;;;;36;63
"097010";"Brivio";70;1;11;2;1;;;;15;1;16;3;2;;;;22;37
"097010";"Brivio";71;3;18;0;0;;;;21;2;11;1;3;;;;17;38
"097010";"Brivio";72;1;17;1;2;;;;21;1;19;0;12;;;;32;53
"097010";"Brivio";73;4;17;0;0;;;;21;0;22;1;8;;;;31;52
"097010";"Brivio";74;1;20;0;1;;;;22;0;13;0;4;;;;17;39
"097010";"Brivio";75;4;21;1;3;;;;29;1;24;0;5;;;;30;59
"097010";"Brivio";76;3;18;1;1;;;;23;3;23;2;10;;;;38;61
"097010";"Brivio";77;0;24;0;0;;;;24;2;13;0;14;;;;29;53
"097010";"Brivio";78;2;19;0;3;;;;24;3;17;0;5;;;;25;49
"097010";"Brivio";79;1;18;2;2;;;;23;0;7;0;7;;;;14;37
"097010";"Brivio";80;0;14;1;5;;;;20;0;6;1;10;;;;17;37
"097010";"Brivio";81;4;10;0;2;;;;16;1;11;0;10;;;;22;38
"097010";"Brivio";82;1;15;0;1;;;;17;0;12;0;9;;;;21;38
"097010";"Brivio";83;3;8;0;1;;;;12;0;4;0;8;;;;12;24
"097010";"Brivio";84;3;10;0;2;;;;15;0;8;1;11;;;;20;35
"097010";"Brivio";85;2;14;0;2;;;;18;1;5;0;14;;;;20;38
"097010";"Brivio";86;2;7;0;2;;;;11;1;5;0;17;;;;23;34
"097010";"Brivio";87;0;9;0;1;;;;10;2;1;1;13;;;;17;27
"097010";"Brivio";88;1;6;0;3;;;;10;1;3;0;12;;;;16;26
"097010";"Brivio";89;0;5;0;3;;;;8;0;1;0;13;;;;14;22
"097010";"Brivio";90;0;3;0;2;;;;5;1;1;0;12;;;;14;19
"097010";"Brivio";91;0;1;0;0;;;;1;1;3;0;11;;;;15;16
"097010";"Brivio";92;0;2;0;2;;;;4;0;1;0;12;;;;13;17
"097010";"Brivio";93;0;1;0;2;;;;3;2;0;0;3;;;;5;8
"097010";"Brivio";94;0;0;0;0;;;;0;0;0;0;0;;;;0;0
"097010";"Brivio";95;0;1;0;2;;;;3;0;0;0;2;;;;2;5
"097010";"Brivio";96;0;0;0;0;;;;0;1;0;0;3;;;;4;4
"097010";"Brivio";97;0;0;0;1;;;;1;0;0;0;3;;;;3;4
"097010";"Brivio";98;0;0;0;0;;;;0;0;0;0;1;;;;1;1
"097010";"Brivio";99;0;0;0;0;;;;0;0;0;0;1;;;;1;1
"097010";"Brivio";100;0;0;0;0;;;;0;0;0;0;4;;;;4;4
"097010";"Brivio";999;1086;985;72;59;;;;2202;810;979;78;288;;;;2155;4357
"097011";"Bulciago";0;13;0;0;0;;;;13;7;0;0;0;;;;7;20
"097011";"Bulciago";1;18;0;0;0;;;;18;11;0;0;0;;;;11;29
"097011";"Bulciago";2;3;0;0;0;;;;3;9;0;0;0;;;;9;12
"097011";"Bulciago";3;12;0;0;0;;;;12;12;0;0;0;;;;12;24
"097011";"Bulciago";4;17;0;0;0;;;;17;15;0;0;0;;;;15;32
"097011";"Bulciago";5;16;0;0;0;;;;16;17;0;0;0;;;;17;33
"097011";"Bulciago";6;10;0;0;0;;;;10;13;0;0;0;;;;13;23
"097011";"Bulciago";7;16;0;0;0;;;;16;15;0;0;0;;;;15;31
"097011";"Bulciago";8;15;0;0;0;;;;15;9;0;0;0;;;;9;24
"097011";"Bulciago";9;15;0;0;0;;;;15;19;0;0;0;;;;19;34
"097011";"Bulciago";10;20;0;0;0;;;;20;12;0;0;0;;;;12;32
"097011";"Bulciago";11;16;0;0;0;;;;16;11;0;0;0;;;;11;27
"097011";"Bulciago";12;22;0;0;0;;;;22;12;0;0;0;;;;12;34
"097011";"Bulciago";13;16;0;0;0;;;;16;9;0;0;0;;;;9;25
"097011";"Bulciago";14;22;0;0;0;;;;22;12;0;0;0;;;;12;34
"097011";"Bulciago";15;14;0;0;0;;;;14;15;0;0;0;;;;15;29
"097011";"Bulciago";16;13;0;0;0;;;;13;20;0;0;0;;;;20;33
"097011";"Bulciago";17;21;0;0;0;;;;21;13;0;0;0;;;;13;34
"097011";"Bulciago";18;12;0;0;0;;;;12;14;0;0;0;;;;14;26
"097011";"Bulciago";19;16;0;0;0;;;;16;15;0;0;0;;;;15;31
"097011";"Bulciago";20;15;0;0;0;;;;15;15;0;0;0;;;;15;30
"097011";"Bulciago";21;15;0;0;0;;;;15;11;0;0;0;;;;11;26
"097011";"Bulciago";22;14;0;0;0;;;;14;18;0;0;0;;;;18;32
"097011";"Bulciago";23;19;0;0;0;;;;19;15;2;0;0;;;;17;36
"097011";"Bulciago";24;13;0;0;0;;;;13;8;2;0;0;;;;10;23
"097011";"Bulciago";25;13;2;0;0;;;;15;16;5;0;0;;;;21;36
"097011";"Bulciago";26;20;1;0;0;;;;21;9;3;0;0;;;;12;33
"097011";"Bulciago";27;18;2;0;0;;;;20;10;3;0;0;;;;13;33
"097011";"Bulciago";28;16;0;0;0;;;;16;9;1;0;0;;;;10;26
"097011";"Bulciago";29;23;6;0;0;;;;29;14;2;1;0;;;;17;46
"097011";"Bulciago";30;13;1;0;0;;;;14;6;8;0;0;;;;14;28
"097011";"Bulciago";31;11;6;0;0;;;;17;12;6;0;0;;;;18;35
"097011";"Bulciago";32;17;3;0;0;;;;20;7;9;0;0;;;;16;36
"097011";"Bulciago";33;15;5;0;0;;;;20;11;9;0;0;;;;20;40
"097011";"Bulciago";34;15;3;0;0;;;;18;9;6;1;0;;;;16;34
"097011";"Bulciago";35;16;8;1;0;;;;25;2;17;0;0;;;;19;44
"097011";"Bulciago";36;11;15;0;0;;;;26;3;7;0;0;;;;10;36
"097011";"Bulciago";37;7;6;0;0;;;;13;9;10;0;0;;;;19;32
"097011";"Bulciago";38;6;14;1;0;;;;21;3;9;0;0;;;;12;33
"097011";"Bulciago";39;13;5;0;0;;;;18;7;12;1;0;;;;20;38
"097011";"Bulciago";40;7;11;4;0;;;;22;6;9;1;0;;;;16;38
"097011";"Bulciago";41;6;8;2;0;;;;16;3;14;1;0;;;;18;34
"097011";"Bulciago";42;7;11;1;0;;;;19;2;7;2;0;;;;11;30
"097011";"Bulciago";43;4;12;0;0;;;;16;3;13;1;0;;;;17;33
"097011";"Bulciago";44;9;12;1;0;;;;22;3;8;1;0;;;;12;34
"097011";"Bulciago";45;3;5;0;0;;;;8;4;7;0;0;;;;11;19
"097011";"Bulciago";46;4;17;2;0;;;;23;5;14;2;0;;;;21;44
"097011";"Bulciago";47;10;11;3;0;;;;24;4;15;1;0;;;;20;44
"097011";"Bulciago";48;11;10;1;0;;;;22;3;17;0;2;;;;22;44
"097011";"Bulciago";49;6;13;0;0;;;;19;1;15;1;0;;;;17;36
"097011";"Bulciago";50;6;12;2;0;;;;20;9;17;2;1;;;;29;49
"097011";"Bulciago";51;2;16;0;0;;;;18;3;15;2;1;;;;21;39
"097011";"Bulciago";52;4;12;2;0;;;;18;2;14;1;1;;;;18;36
"097011";"Bulciago";53;7;13;1;0;;;;21;2;18;1;1;;;;22;43
"097011";"Bulciago";54;6;13;1;0;;;;20;2;6;1;1;;;;10;30
"097011";"Bulciago";55;3;18;3;0;;;;24;4;17;3;1;;;;25;49
"097011";"Bulciago";56;8;17;0;0;;;;25;1;15;4;1;;;;21;46
"097011";"Bulciago";57;5;18;2;0;;;;25;5;18;1;1;;;;25;50
"097011";"Bulciago";58;2;13;1;1;;;;17;2;20;1;1;;;;24;41
"097011";"Bulciago";59;5;18;0;0;;;;23;3;19;1;2;;;;25;48
"097011";"Bulciago";60;2;13;1;0;;;;16;1;15;0;1;;;;17;33
"097011";"Bulciago";61;2;14;3;2;;;;21;1;21;0;1;;;;23;44
"097011";"Bulciago";62;5;20;1;1;;;;27;1;17;0;4;;;;22;49
"097011";"Bulciago";63;2;19;1;1;;;;23;2;10;0;3;;;;15;38
"097011";"Bulciago";64;2;20;0;0;;;;22;1;26;0;3;;;;30;52
"097011";"Bulciago";65;4;11;1;3;;;;19;2;10;2;2;;;;16;35
"097011";"Bulciago";66;3;18;0;0;;;;21;1;20;1;0;;;;22;43
"097011";"Bulciago";67;1;25;0;0;;;;26;2;22;0;2;;;;26;52
"097011";"Bulciago";68;2;15;1;0;;;;18;2;15;0;3;;;;20;38
"097011";"Bulciago";69;1;15;1;0;;;;17;2;8;0;2;;;;12;29
"097011";"Bulciago";70;1;14;0;0;;;;15;1;12;0;1;;;;14;29
"097011";"Bulciago";71;1;13;3;2;;;;19;2;6;0;3;;;;11;30
"097011";"Bulciago";72;1;21;1;2;;;;25;1;10;1;1;;;;13;38
"097011";"Bulciago";73;0;6;1;1;;;;8;1;8;1;2;;;;12;20
"097011";"Bulciago";74;1;8;0;1;;;;10;1;10;0;4;;;;15;25
"097011";"Bulciago";75;3;11;0;0;;;;14;1;8;0;8;;;;17;31
"097011";"Bulciago";76;0;14;0;0;;;;14;0;13;0;6;;;;19;33
"097011";"Bulciago";77;2;11;0;1;;;;14;0;4;0;3;;;;7;21
"097011";"Bulciago";78;1;5;1;1;;;;8;0;6;0;2;;;;8;16
"097011";"Bulciago";79;0;10;0;2;;;;12;1;1;0;6;;;;8;20
"097011";"Bulciago";80;2;7;0;1;;;;10;0;2;0;6;;;;8;18
"097011";"Bulciago";81;0;7;0;1;;;;8;0;6;0;11;;;;17;25
"097011";"Bulciago";82;0;2;0;0;;;;2;0;3;0;9;;;;12;14
"097011";"Bulciago";83;1;4;0;4;;;;9;0;2;0;9;;;;11;20
"097011";"Bulciago";84;1;6;0;1;;;;8;0;6;1;6;;;;13;21
"097011";"Bulciago";85;3;4;0;0;;;;7;1;4;0;10;;;;15;22
"097011";"Bulciago";86;0;5;0;4;;;;9;1;6;1;4;;;;12;21
"097011";"Bulciago";87;0;3;0;0;;;;3;1;1;0;6;;;;8;11
"097011";"Bulciago";88;1;1;0;1;;;;3;0;2;0;3;;;;5;8
"097011";"Bulciago";89;0;3;0;0;;;;3;1;0;0;6;;;;7;10
"097011";"Bulciago";90;0;2;0;2;;;;4;0;2;0;2;;;;4;8
"097011";"Bulciago";91;0;3;0;0;;;;3;0;1;0;4;;;;5;8
"097011";"Bulciago";92;0;2;0;2;;;;4;1;0;0;3;;;;4;8
"097011";"Bulciago";93;0;2;0;2;;;;4;0;0;0;3;;;;3;7
"097011";"Bulciago";94;0;0;0;0;;;;0;0;0;0;2;;;;2;2
"097011";"Bulciago";95;0;0;0;1;;;;1;0;0;0;2;;;;2;3
"097011";"Bulciago";96;0;0;0;0;;;;0;0;0;0;2;;;;2;2
"097011";"Bulciago";97;0;0;0;0;;;;0;0;0;0;1;;;;1;1
"097011";"Bulciago";98;0;0;0;0;;;;0;0;0;0;0;;;;0;0
"097011";"Bulciago";99;0;0;0;0;;;;0;0;0;0;0;;;;0;0
"097011";"Bulciago";100;0;0;0;0;;;;0;0;0;0;2;;;;2;2
"097011";"Bulciago";999;754;671;43;37;;;;1505;549;666;37;161;;;;1413;2918
"097012";"Calco";0;23;0;0;0;;;;23;18;0;0;0;;;;18;41
"097012";"Calco";1;16;0;0;0;;;;16;15;0;0;0;;;;15;31
"097012";"Calco";2;24;0;0;0;;;;24;17;0;0;0;;;;17;41
"097012";"Calco";3;12;0;0;0;;;;12;21;0;0;0;;;;21;33
"097012";"Calco";4;16;0;0;0;;;;16;21;0;0;0;;;;21;37
"097012";"Calco";5;20;0;0;0;;;;20;26;0;0;0;;;;26;46
"097012";"Calco";6;19;0;0;0;;;;19;25;0;0;0;;;;25;44
"097012";"Calco";7;21;0;0;0;;;;21;22;0;0;0;;;;22;43
"097012";"Calco";8;25;0;0;0;;;;25;22;0;0;0;;;;22;47
"097012";"Calco";9;26;0;0;0;;;;26;32;0;0;0;;;;32;58
"097012";"Calco";10;30;0;0;0;;;;30;26;0;0;0;;;;26;56
"097012";"Calco";11;27;0;0;0;;;;27;37;0;0;0;;;;37;64
"097012";"Calco";12;24;0;0;0;;;;24;36;0;0;0;;;;36;60
"097012";"Calco";13;29;0;0;0;;;;29;29;0;0;0;;;;29;58
"097012";"Calco";14;29;0;0;0;;;;29;23;0;0;0;;;;23;52
"097012";"Calco";15;33;0;0;0;;;;33;21;0;0;0;;;;21;54
"097012";"Calco";16;36;0;0;0;;;;36;29;0;0;0;;;;29;65
"097012";"Calco";17;22;0;0;0;;;;22;28;0;0;0;;;;28;50
"097012";"Calco";18;24;0;0;0;;;;24;33;0;0;0;;;;33;57
"097012";"Calco";19;32;0;0;0;;;;32;24;0;0;0;;;;24;56
"097012";"Calco";20;27;0;0;0;;;;27;26;0;0;0;;;;26;53
"097012";"Calco";21;31;0;0;0;;;;31;23;0;0;0;;;;23;54
"097012";"Calco";22;26;0;0;0;;;;26;26;1;0;0;;;;27;53
"097012";"Calco";23;26;0;0;0;;;;26;22;2;0;0;;;;24;50
"097012";"Calco";24;28;2;0;0;;;;30;31;0;0;0;;;;31;61
"097012";"Calco";25;33;0;0;0;;;;33;26;1;0;0;;;;27;60
"097012";"Calco";26;24;0;0;0;;;;24;24;3;0;0;;;;27;51
"097012";"Calco";27;26;3;0;0;;;;29;24;2;0;0;;;;26;55
"097012";"Calco";28;28;4;0;0;;;;32;18;4;0;0;;;;22;54
"097012";"Calco";29;32;2;0;0;;;;34;27;4;1;0;;;;32;66
"097012";"Calco";30;27;3;1;0;;;;31;15;6;0;0;;;;21;52
"097012";"Calco";31;15;8;0;0;;;;23;13;6;0;0;;;;19;42
"097012";"Calco";32;33;8;0;0;;;;41;19;10;0;0;;;;29;70
"097012";"Calco";33;14;9;0;0;;;;23;17;12;1;0;;;;30;53
"097012";"Calco";34;33;5;1;0;;;;39;26;7;0;0;;;;33;72
"097012";"Calco";35;19;7;0;0;;;;26;14;14;2;0;;;;30;56
"097012";"Calco";36;19;10;0;0;;;;29;10;16;1;0;;;;27;56
"097012";"Calco";37;19;13;0;0;;;;32;18;16;1;0;;;;35;67
"097012";"Calco";38;17;13;0;0;;;;30;8;17;0;2;;;;27;57
"097012";"Calco";39;18;8;2;0;;;;28;15;18;0;0;;;;33;61
"097012";"Calco";40;16;17;3;0;;;;36;21;22;2;0;;;;45;81
"097012";"Calco";41;18;10;1;0;;;;29;8;23;1;0;;;;32;61
"097012";"Calco";42;19;20;0;0;;;;39;11;29;3;0;;;;43;82
"097012";"Calco";43;20;29;1;0;;;;50;15;33;2;0;;;;50;100
"097012";"Calco";44;11;22;1;0;;;;34;14;23;1;1;;;;39;73
"097012";"Calco";45;21;19;0;1;;;;41;15;31;4;0;;;;50;91
"097012";"Calco";46;20;21;2;0;;;;43;8;27;1;1;;;;37;80
"097012";"Calco";47;12;35;4;0;;;;51;9;32;2;0;;;;43;94
"097012";"Calco";48;17;34;4;0;;;;55;15;24;4;1;;;;44;99
"097012";"Calco";49;16;32;1;0;;;;49;12;31;3;0;;;;46;95
"097012";"Calco";50;14;29;2;0;;;;45;5;34;1;0;;;;40;85
"097012";"Calco";51;12;32;1;0;;;;45;13;25;2;0;;;;40;85
"097012";"Calco";52;7;37;3;0;;;;47;5;26;0;0;;;;31;78
"097012";"Calco";53;18;30;4;1;;;;53;11;31;3;2;;;;47;100
"097012";"Calco";54;15;26;4;0;;;;45;11;28;2;4;;;;45;90
"097012";"Calco";55;8;24;4;1;;;;37;15;32;6;1;;;;54;91
"097012";"Calco";56;19;26;3;0;;;;48;9;35;7;3;;;;54;102
"097012";"Calco";57;12;37;4;1;;;;54;8;33;4;2;;;;47;101
"097012";"Calco";58;14;34;6;0;;;;54;10;40;2;2;;;;54;108
"097012";"Calco";59;3;38;1;0;;;;42;5;23;2;5;;;;35;77
"097012";"Calco";60;4;39;4;1;;;;48;4;36;3;4;;;;47;95
"097012";"Calco";61;6;32;2;0;;;;40;5;29;4;0;;;;38;78
"097012";"Calco";62;4;26;4;2;;;;36;3;16;4;3;;;;26;62
"097012";"Calco";63;11;29;1;1;;;;42;3;28;2;0;;;;33;75
"097012";"Calco";64;3;36;3;0;;;;42;13;30;4;3;;;;50;92
"097012";"Calco";65;3;26;3;0;;;;32;3;25;2;3;;;;33;65
"097012";"Calco";66;4;20;3;0;;;;27;2;20;0;2;;;;24;51
"097012";"Calco";67;2;30;0;2;;;;34;2;20;2;4;;;;28;62
"097012";"Calco";68;4;21;1;1;;;;27;3;20;0;2;;;;25;52
"097012";"Calco";69;4;22;0;1;;;;27;4;22;1;3;;;;30;57
"097012";"Calco";70;6;22;2;0;;;;30;8;24;2;4;;;;38;68
"097012";"Calco";71;5;22;2;2;;;;31;3;28;2;3;;;;36;67
"097012";"Calco";72;3;22;1;2;;;;28;4;19;2;5;;;;30;58
"097012";"Calco";73;2;26;1;2;;;;31;3;21;0;6;;;;30;61
"097012";"Calco";74;5;25;1;1;;;;32;3;19;1;2;;;;25;57
"097012";"Calco";75;5;30;1;4;;;;40;1;20;1;5;;;;27;67
"097012";"Calco";76;1;22;0;1;;;;24;3;14;1;4;;;;22;46
"097012";"Calco";77;4;15;0;3;;;;22;0;11;1;5;;;;17;39
"097012";"Calco";78;1;20;0;0;;;;21;5;9;0;13;;;;27;48
"097012";"Calco";79;3;16;1;3;;;;23;2;14;0;8;;;;24;47
"097012";"Calco";80;0;7;0;2;;;;9;1;9;0;7;;;;17;26
"097012";"Calco";81;1;17;0;1;;;;19;0;8;0;15;;;;23;42
"097012";"Calco";82;1;9;1;1;;;;12;1;4;0;15;;;;20;32
"097012";"Calco";83;0;8;0;1;;;;9;3;4;0;5;;;;12;21
"097012";"Calco";84;2;10;0;0;;;;12;0;6;0;8;;;;14;26
"097012";"Calco";85;0;10;0;5;;;;15;4;4;0;10;;;;18;33
"097012";"Calco";86;0;8;0;3;;;;11;4;2;0;7;;;;13;24
"097012";"Calco";87;1;3;0;1;;;;5;1;8;0;6;;;;15;20
"097012";"Calco";88;0;3;0;1;;;;4;1;1;0;7;;;;9;13
"097012";"Calco";89;1;4;0;2;;;;7;0;1;0;5;;;;6;13
"097012";"Calco";90;0;5;0;2;;;;7;0;3;0;3;;;;6;13
"097012";"Calco";91;0;1;0;2;;;;3;1;1;0;8;;;;10;13
"097012";"Calco";92;0;3;0;0;;;;3;1;0;0;3;;;;4;7
"097012";"Calco";93;0;0;0;1;;;;1;0;0;0;5;;;;5;6
"097012";"Calco";94;0;0;0;0;;;;0;0;0;0;3;;;;3;3
"097012";"Calco";95;0;1;0;0;;;;1;2;0;0;2;;;;4;5
"097012";"Calco";96;0;0;0;1;;;;1;0;0;0;2;;;;2;3
"097012";"Calco";97;0;0;0;0;;;;0;0;0;0;1;;;;1;1
"097012";"Calco";98;0;0;0;0;;;;0;0;0;0;3;;;;3;3
"097012";"Calco";99;0;0;0;0;;;;0;0;0;0;0;;;;0;0
"097012";"Calco";100;0;0;0;0;;;;0;0;0;0;0;;;;0;0
"097012";"Calco";999;1361;1237;84;53;;;;2735;1220;1197;90;218;;;;2725;5460
"097013";"Calolziocorte";0;42;0;0;0;;;;42;36;0;0;0;;;;36;78
"097013";"Calolziocorte";1;50;0;0;0;;;;50;51;0;0;0;;;;51;101
"097013";"Calolziocorte";2;45;0;0;0;;;;45;44;0;0;0;;;;44;89
"097013";"Calolziocorte";3;48;0;0;0;;;;48;57;0;0;0;;;;57;105
"097013";"Calolziocorte";4;55;0;0;0;;;;55;48;0;0;0;;;;48;103
"097013";"Calolziocorte";5;44;0;0;0;;;;44;37;0;0;0;;;;37;81
"097013";"Calolziocorte";6;62;0;0;0;;;;62;63;0;0;0;;;;63;125
"097013";"Calolziocorte";7;62;0;0;0;;;;62;57;0;0;0;;;;57;119
"097013";"Calolziocorte";8;54;0;0;0;;;;54;47;0;0;0;;;;47;101
"097013";"Calolziocorte";9;49;0;0;0;;;;49;60;0;0;0;;;;60;109
"097013";"Calolziocorte";10;49;0;0;0;;;;49;57;0;0;0;;;;57;106
"097013";"Calolziocorte";11;58;0;0;0;;;;58;60;0;0;0;;;;60;118
"097013";"Calolziocorte";12;60;0;0;0;;;;60;51;0;0;0;;;;51;111
"097013";"Calolziocorte";13;64;0;0;0;;;;64;54;0;0;0;;;;54;118
"097013";"Calolziocorte";14;76;0;0;0;;;;76;46;0;0;0;;;;46;122
"097013";"Calolziocorte";15;70;0;0;0;;;;70;69;0;0;0;;;;69;139
"097013";"Calolziocorte";16;72;0;0;0;;;;72;86;0;0;0;;;;86;158
"097013";"Calolziocorte";17;61;0;0;0;;;;61;63;0;0;0;;;;63;124
"097013";"Calolziocorte";18;47;0;0;0;;;;47;61;0;0;0;;;;61;108
"097013";"Calolziocorte";19;68;0;0;0;;;;68;72;0;0;0;;;;72;140
"097013";"Calolziocorte";20;78;0;0;0;;;;78;61;0;0;0;;;;61;139
"097013";"Calolziocorte";21;61;0;0;0;;;;61;75;0;0;0;;;;75;136
"097013";"Calolziocorte";22;70;0;0;0;;;;70;65;2;0;0;;;;67;137
"097013";"Calolziocorte";23;70;0;0;0;;;;70;66;1;0;0;;;;67;137
"097013";"Calolziocorte";24;86;1;0;0;;;;87;73;4;0;0;;;;77;164
"097013";"Calolziocorte";25;72;1;0;0;;;;73;61;5;0;0;;;;66;139
"097013";"Calolziocorte";26;78;2;0;0;;;;80;52;6;0;0;;;;58;138
"097013";"Calolziocorte";27;80;6;0;0;;;;86;59;9;0;0;;;;68;154
"097013";"Calolziocorte";28;67;4;0;0;;;;71;58;12;1;0;;;;71;142
"097013";"Calolziocorte";29;70;4;0;0;;;;74;57;16;0;0;;;;73;147
"097013";"Calolziocorte";30;66;8;0;0;;;;74;52;19;1;0;;;;72;146
"097013";"Calolziocorte";31;70;13;0;0;;;;83;56;28;0;0;;;;84;167
"097013";"Calolziocorte";32;71;14;1;0;;;;86;55;21;1;0;;;;77;163
"097013";"Calolziocorte";33;56;15;0;0;;;;71;29;31;0;0;;;;60;131
"097013";"Calolziocorte";34;48;15;1;0;;;;64;31;38;1;0;;;;70;134
"097013";"Calolziocorte";35;45;28;0;0;;;;73;47;33;1;0;;;;81;154
"097013";"Calolziocorte";36;31;26;0;1;;;;58;30;24;0;0;;;;54;112
"097013";"Calolziocorte";37;50;33;4;0;;;;87;31;32;2;0;;;;65;152
"097013";"Calolziocorte";38;46;28;2;0;;;;76;19;33;2;0;;;;54;130
"097013";"Calolziocorte";39;42;27;1;0;;;;70;19;43;2;0;;;;64;134
"097013";"Calolziocorte";40;41;42;2;0;;;;85;28;49;5;0;;;;82;167
"097013";"Calolziocorte";41;32;34;3;0;;;;69;31;55;1;0;;;;87;156
"097013";"Calolziocorte";42;30;42;1;0;;;;73;16;48;5;0;;;;69;142
"097013";"Calolziocorte";43;27;47;3;0;;;;77;15;42;5;2;;;;64;141
"097013";"Calolziocorte";44;35;38;3;2;;;;78;11;51;5;1;;;;68;146
"097013";"Calolziocorte";45;35;45;3;0;;;;83;19;46;4;2;;;;71;154
"097013";"Calolziocorte";46;25;42;7;1;;;;75;35;60;3;1;;;;99;174
"097013";"Calolziocorte";47;42;53;3;0;;;;98;22;55;11;3;;;;91;189
"097013";"Calolziocorte";48;32;76;3;1;;;;112;20;67;10;1;;;;98;210
"097013";"Calolziocorte";49;28;60;4;0;;;;92;16;53;11;1;;;;81;173
"097013";"Calolziocorte";50;33;57;3;1;;;;94;22;68;9;0;;;;99;193
"097013";"Calolziocorte";51;34;61;8;0;;;;103;14;75;6;5;;;;100;203
"097013";"Calolziocorte";52;27;63;6;1;;;;97;23;74;9;3;;;;109;206
"097013";"Calolziocorte";53;37;57;7;1;;;;102;12;79;11;4;;;;106;208
"097013";"Calolziocorte";54;15;63;7;0;;;;85;17;70;8;1;;;;96;181
"097013";"Calolziocorte";55;30;76;11;1;;;;118;12;74;8;4;;;;98;216
"097013";"Calolziocorte";56;25;79;6;1;;;;111;11;70;14;5;;;;100;211
"097013";"Calolziocorte";57;21;73;6;0;;;;100;15;99;19;6;;;;139;239
"097013";"Calolziocorte";58;21;92;8;1;;;;122;11;94;9;5;;;;119;241
"097013";"Calolziocorte";59;21;89;16;1;;;;127;13;85;5;7;;;;110;237
"097013";"Calolziocorte";60;19;83;6;2;;;;110;14;85;8;2;;;;109;219
"097013";"Calolziocorte";61;17;93;7;3;;;;120;7;76;7;9;;;;99;219
"097013";"Calolziocorte";62;14;67;6;2;;;;89;15;74;6;5;;;;100;189
"097013";"Calolziocorte";63;11;67;6;1;;;;85;10;77;11;13;;;;111;196
"097013";"Calolziocorte";64;9;72;6;3;;;;90;4;70;10;11;;;;95;185
"097013";"Calolziocorte";65;9;82;4;1;;;;96;6;74;9;6;;;;95;191
"097013";"Calolziocorte";66;13;68;5;1;;;;87;9;72;3;19;;;;103;190
"097013";"Calolziocorte";67;11;85;4;3;;;;103;5;84;4;12;;;;105;208
"097013";"Calolziocorte";68;5;75;6;5;;;;91;9;60;2;13;;;;84;175
"097013";"Calolziocorte";69;4;75;2;5;;;;86;7;72;7;14;;;;100;186
"097013";"Calolziocorte";70;11;59;3;2;;;;75;11;48;4;22;;;;85;160
"097013";"Calolziocorte";71;4;78;4;4;;;;90;5;77;3;18;;;;103;193
"097013";"Calolziocorte";72;4;67;4;1;;;;76;9;69;0;15;;;;93;169
"097013";"Calolziocorte";73;7;66;2;7;;;;82;4;60;5;10;;;;79;161
"097013";"Calolziocorte";74;6;61;1;4;;;;72;8;54;3;23;;;;88;160
"097013";"Calolziocorte";75;4;72;4;5;;;;85;2;50;4;31;;;;87;172
"097013";"Calolziocorte";76;3;55;1;5;;;;64;2;48;4;24;;;;78;142
"097013";"Calolziocorte";77;6;65;5;8;;;;84;6;44;3;36;;;;89;173
"097013";"Calolziocorte";78;3;62;1;10;;;;76;3;37;5;27;;;;72;148
"097013";"Calolziocorte";79;8;53;1;7;;;;69;2;32;1;27;;;;62;131
"097013";"Calolziocorte";80;4;38;0;7;;;;49;3;29;0;37;;;;69;118
"097013";"Calolziocorte";81;0;33;0;7;;;;40;3;30;1;22;;;;56;96
"097013";"Calolziocorte";82;1;40;1;4;;;;46;3;33;1;42;;;;79;125
"097013";"Calolziocorte";83;2;43;0;6;;;;51;5;19;0;31;;;;55;106
"097013";"Calolziocorte";84;3;45;0;7;;;;55;4;25;0;40;;;;69;124
"097013";"Calolziocorte";85;1;29;0;8;;;;38;3;23;0;28;;;;54;92
"097013";"Calolziocorte";86;1;28;0;10;;;;39;6;16;0;38;;;;60;99
"097013";"Calolziocorte";87;0;27;0;6;;;;33;3;7;1;35;;;;46;79
"097013";"Calolziocorte";88;2;14;0;4;;;;20;1;10;0;28;;;;39;59
"097013";"Calolziocorte";89;1;12;1;0;;;;14;2;7;0;24;;;;33;47
"097013";"Calolziocorte";90;2;8;0;9;;;;19;2;1;0;28;;;;31;50
"097013";"Calolziocorte";91;1;10;0;9;;;;20;1;3;0;25;;;;29;49
"097013";"Calolziocorte";92;2;8;0;3;;;;13;0;0;0;18;;;;18;31
"097013";"Calolziocorte";93;0;2;0;7;;;;9;1;0;0;20;;;;21;30
"097013";"Calolziocorte";94;0;3;0;2;;;;5;3;0;0;12;;;;15;20
"097013";"Calolziocorte";95;0;4;0;2;;;;6;2;0;0;10;;;;12;18
"097013";"Calolziocorte";96;0;0;0;2;;;;2;1;0;0;12;;;;13;15
"097013";"Calolziocorte";97;0;0;0;1;;;;1;1;0;0;9;;;;10;11
"097013";"Calolziocorte";98;0;0;0;0;;;;0;1;1;0;2;;;;4;4
"097013";"Calolziocorte";99;0;0;0;0;;;;0;0;0;0;1;;;;1;1
"097013";"Calolziocorte";100;0;0;0;1;;;;1;1;0;0;3;;;;4;5
"097013";"Calolziocorte";999;3172;3163;199;186;;;;6720;2662;3138;271;853;;;;6924;13644
"097014";"Carenno";0;2;0;0;0;;;;2;2;0;0;0;;;;2;4
"097014";"Carenno";1;3;0;0;0;;;;3;6;0;0;0;;;;6;9
"097014";"Carenno";2;3;0;0;0;;;;3;5;0;0;0;;;;5;8
"097014";"Carenno";3;5;0;0;0;;;;5;5;0;0;0;;;;5;10
"097014";"Carenno";4;3;0;0;0;;;;3;0;0;0;0;;;;0;3
"097014";"Carenno";5;1;0;0;0;;;;1;4;0;0;0;;;;4;5
"097014";"Carenno";6;3;0;0;0;;;;3;11;0;0;0;;;;11;14
"097014";"Carenno";7;3;0;0;0;;;;3;10;0;0;0;;;;10;13
"097014";"Carenno";8;3;0;0;0;;;;3;3;0;0;0;;;;3;6
"097014";"Carenno";9;8;0;0;0;;;;8;5;0;0;0;;;;5;13
"097014";"Carenno";10;8;0;0;0;;;;8;4;0;0;0;;;;4;12
"097014";"Carenno";11;2;0;0;0;;;;2;2;0;0;0;;;;2;4
"097014";"Carenno";12;7;0;0;0;;;;7;6;0;0;0;;;;6;13
"097014";"Carenno";13;5;0;0;0;;;;5;8;0;0;0;;;;8;13
"097014";"Carenno";14;5;0;0;0;;;;5;6;0;0;0;;;;6;11
"097014";"Carenno";15;8;0;0;0;;;;8;6;0;0;0;;;;6;14
"097014";"Carenno";16;10;0;0;0;;;;10;9;0;0;0;;;;9;19
"097014";"Carenno";17;6;0;0;0;;;;6;3;0;0;0;;;;3;9
"097014";"Carenno";18;8;0;0;0;;;;8;6;0;0;0;;;;6;14
"097014";"Carenno";19;5;0;0;0;;;;5;6;0;0;0;;;;6;11
"097014";"Carenno";20;10;0;0;0;;;;10;3;0;0;0;;;;3;13
"097014";"Carenno";21;8;0;0;0;;;;8;6;0;0;0;;;;6;14
"097014";"Carenno";22;9;0;0;0;;;;9;5;0;0;0;;;;5;14
"097014";"Carenno";23;4;0;0;0;;;;4;5;0;0;0;;;;5;9
"097014";"Carenno";24;9;0;0;0;;;;9;6;1;0;0;;;;7;16
"097014";"Carenno";25;10;0;0;0;;;;10;10;0;0;0;;;;10;20
"097014";"Carenno";26;4;0;0;0;;;;4;5;0;0;0;;;;5;9
"097014";"Carenno";27;7;1;0;0;;;;8;7;0;0;0;;;;7;15
"097014";"Carenno";28;11;0;0;0;;;;11;9;1;0;0;;;;10;21
"097014";"Carenno";29;7;0;0;0;;;;7;4;0;0;0;;;;4;11
"097014";"Carenno";30;4;1;0;0;;;;5;7;1;1;0;;;;9;14
"097014";"Carenno";31;3;1;0;0;;;;4;5;4;0;0;;;;9;13
"097014";"Carenno";32;12;1;0;0;;;;13;11;3;0;0;;;;14;27
"097014";"Carenno";33;2;0;0;0;;;;2;6;0;0;0;;;;6;8
"097014";"Carenno";34;5;3;0;0;;;;8;1;3;0;0;;;;4;12
"097014";"Carenno";35;2;2;0;0;;;;4;4;2;0;0;;;;6;10
"097014";"Carenno";36;4;3;0;0;;;;7;6;3;0;0;;;;9;16
"097014";"Carenno";37;4;3;0;0;;;;7;3;4;0;0;;;;7;14
"097014";"Carenno";38;4;1;1;0;;;;6;1;6;1;0;;;;8;14
"097014";"Carenno";39;3;3;0;0;;;;6;1;3;0;0;;;;4;10
"097014";"Carenno";40;4;1;0;0;;;;5;3;4;0;0;;;;7;12
"097014";"Carenno";41;3;4;1;0;;;;8;0;5;0;0;;;;5;13
"097014";"Carenno";42;3;1;2;0;;;;6;6;4;0;0;;;;10;16
"097014";"Carenno";43;1;4;1;0;;;;6;2;4;1;0;;;;7;13
"097014";"Carenno";44;8;3;0;0;;;;11;2;4;0;0;;;;6;17
"097014";"Carenno";45;4;7;0;0;;;;11;2;6;0;0;;;;8;19
"097014";"Carenno";46;4;8;0;0;;;;12;6;8;0;0;;;;14;26
"097014";"Carenno";47;2;7;0;0;;;;9;5;6;0;0;;;;11;20
"097014";"Carenno";48;4;6;0;0;;;;10;1;7;0;0;;;;8;18
"097014";"Carenno";49;2;6;0;0;;;;8;4;2;1;0;;;;7;15
"097014";"Carenno";50;4;7;0;0;;;;11;4;6;0;0;;;;10;21
"097014";"Carenno";51;5;6;2;0;;;;13;1;12;1;0;;;;14;27
"097014";"Carenno";52;1;6;1;0;;;;8;4;7;0;0;;;;11;19
"097014";"Carenno";53;5;6;1;0;;;;12;0;5;0;0;;;;5;17
"097014";"Carenno";54;2;13;0;0;;;;15;5;13;1;0;;;;19;34
"097014";"Carenno";55;3;14;0;1;;;;18;4;5;0;0;;;;9;27
"097014";"Carenno";56;5;10;1;0;;;;16;2;8;2;0;;;;12;28
"097014";"Carenno";57;5;12;1;0;;;;18;1;8;0;3;;;;12;30
"097014";"Carenno";58;4;6;1;0;;;;11;2;11;0;0;;;;13;24
"097014";"Carenno";59;1;4;0;0;;;;5;4;8;0;1;;;;13;18
"097014";"Carenno";60;2;11;3;0;;;;16;1;11;2;1;;;;15;31
"097014";"Carenno";61;5;7;0;0;;;;12;2;16;0;1;;;;19;31
"097014";"Carenno";62;1;8;1;0;;;;10;1;7;1;0;;;;9;19
"097014";"Carenno";63;2;12;1;0;;;;15;2;9;0;0;;;;11;26
"097014";"Carenno";64;1;10;2;0;;;;13;4;6;1;0;;;;11;24
"097014";"Carenno";65;1;9;1;0;;;;11;1;7;2;0;;;;10;21
"097014";"Carenno";66;0;10;1;0;;;;11;1;11;1;3;;;;16;27
"097014";"Carenno";67;0;0;0;1;;;;1;0;4;0;2;;;;6;7
"097014";"Carenno";68;1;8;1;0;;;;10;1;6;1;3;;;;11;21
"097014";"Carenno";69;1;13;0;0;;;;14;1;8;0;2;;;;11;25
"097014";"Carenno";70;0;11;0;0;;;;11;0;4;0;1;;;;5;16
"097014";"Carenno";71;0;7;1;0;;;;8;2;5;0;0;;;;7;15
"097014";"Carenno";72;2;10;0;0;;;;12;0;7;0;2;;;;9;21
"097014";"Carenno";73;1;8;0;0;;;;9;0;11;0;1;;;;12;21
"097014";"Carenno";74;1;4;0;0;;;;5;1;8;0;4;;;;13;18
"097014";"Carenno";75;4;2;2;0;;;;8;1;7;2;1;;;;11;19
"097014";"Carenno";76;1;9;0;0;;;;10;2;8;1;0;;;;11;21
"097014";"Carenno";77;0;8;0;0;;;;8;0;6;1;1;;;;8;16
"097014";"Carenno";78;0;5;0;0;;;;5;0;7;0;2;;;;9;14
"097014";"Carenno";79;1;10;0;0;;;;11;2;3;0;2;;;;7;18
"097014";"Carenno";80;1;6;0;0;;;;7;0;0;0;1;;;;1;8
"097014";"Carenno";81;0;6;0;0;;;;6;0;4;0;0;;;;4;10
"097014";"Carenno";82;1;4;0;0;;;;5;0;2;0;2;;;;4;9
"097014";"Carenno";83;0;2;0;1;;;;3;2;2;0;0;;;;4;7
"097014";"Carenno";84;1;2;0;0;;;;3;0;2;0;3;;;;5;8
"097014";"Carenno";85;0;1;0;0;;;;1;0;2;0;5;;;;7;8
"097014";"Carenno";86;0;2;0;2;;;;4;1;3;0;5;;;;9;13
"097014";"Carenno";87;0;2;0;0;;;;2;1;0;0;3;;;;4;6
"097014";"Carenno";88;0;3;0;0;;;;3;0;0;0;4;;;;4;7
"097014";"Carenno";89;0;0;0;0;;;;0;0;2;0;3;;;;5;5
"097014";"Carenno";90;0;0;0;0;;;;0;0;1;0;3;;;;4;4
"097014";"Carenno";91;0;2;0;0;;;;2;0;1;0;1;;;;2;4
"097014";"Carenno";92;0;1;0;0;;;;1;0;0;0;1;;;;1;2
"097014";"Carenno";93;0;0;0;1;;;;1;0;0;0;0;;;;0;1
"097014";"Carenno";94;0;0;0;1;;;;1;0;1;0;0;;;;1;2
"097014";"Carenno";95;0;0;0;0;;;;0;0;0;0;1;;;;1;1
"097014";"Carenno";96;0;1;0;0;;;;1;0;0;0;0;;;;0;1
"097014";"Carenno";97;0;0;0;0;;;;0;0;0;0;1;;;;1;1
"097014";"Carenno";98;0;0;0;0;;;;0;0;0;0;0;;;;0;0
"097014";"Carenno";99;0;0;0;0;;;;0;0;0;0;0;;;;0;0
"097014";"Carenno";100;0;0;0;0;;;;0;0;0;0;1;;;;1;1
"097014";"Carenno";999;317;344;25;7;;;;693;296;335;20;64;;;;715;1408
"097015";"Casargo";0;1;0;0;0;;;;1;3;0;0;0;;;;3;4
"097015";"Casargo";1;2;0;0;0;;;;2;1;0;0;0;;;;1;3
"097015";"Casargo";2;2;0;0;0;;;;2;3;0;0;0;;;;3;5
"097015";"Casargo";3;3;0;0;0;;;;3;5;0;0;0;;;;5;8
"097015";"Casargo";4;3;0;0;0;;;;3;2;0;0;0;;;;2;5
"097015";"Casargo";5;2;0;0;0;;;;2;3;0;0;0;;;;3;5
"097015";"Casargo";6;2;0;0;0;;;;2;5;0;0;0;;;;5;7
"097015";"Casargo";7;5;0;0;0;;;;5;2;0;0;0;;;;2;7
"097015";"Casargo";8;3;0;0;0;;;;3;3;0;0;0;;;;3;6
"097015";"Casargo";9;2;0;0;0;;;;2;3;0;0;0;;;;3;5
"097015";"Casargo";10;3;0;0;0;;;;3;3;0;0;0;;;;3;6
"097015";"Casargo";11;3;0;0;0;;;;3;3;0;0;0;;;;3;6
"097015";"Casargo";12;2;0;0;0;;;;2;5;0;0;0;;;;5;7
"097015";"Casargo";13;6;0;0;0;;;;6;6;0;0;0;;;;6;12
"097015";"Casargo";14;2;0;0;0;;;;2;6;0;0;0;;;;6;8
"097015";"Casargo";15;2;0;0;0;;;;2;1;0;0;0;;;;1;3
"097015";"Casargo";16;7;0;0;0;;;;7;8;0;0;0;;;;8;15
"097015";"Casargo";17;6;0;0;0;;;;6;1;0;0;0;;;;1;7
"097015";"Casargo";18;1;0;0;0;;;;1;1;0;0;0;;;;1;2
"097015";"Casargo";19;2;0;0;0;;;;2;4;0;0;0;;;;4;6
"097015";"Casargo";20;4;0;0;0;;;;4;3;0;0;0;;;;3;7
"097015";"Casargo";21;0;0;0;0;;;;0;4;0;0;0;;;;4;4
"097015";"Casargo";22;6;0;0;0;;;;6;4;0;0;0;;;;4;10
"097015";"Casargo";23;3;0;0;0;;;;3;2;0;0;0;;;;2;5
"097015";"Casargo";24;8;0;0;0;;;;8;3;0;0;0;;;;3;11
"097015";"Casargo";25;2;1;0;0;;;;3;1;0;0;0;;;;1;4
"097015";"Casargo";26;6;0;0;0;;;;6;3;1;0;0;;;;4;10
"097015";"Casargo";27;2;0;0;0;;;;2;3;3;0;0;;;;6;8
"097015";"Casargo";28;6;0;0;0;;;;6;3;0;0;0;;;;3;9
"097015";"Casargo";29;5;0;0;0;;;;5;5;0;0;0;;;;5;10
"097015";"Casargo";30;8;0;0;0;;;;8;4;1;0;0;;;;5;13
"097015";"Casargo";31;5;2;0;0;;;;7;1;0;0;0;;;;1;8
"097015";"Casargo";32;4;1;0;0;;;;5;2;0;0;0;;;;2;7
"097015";"Casargo";33;3;1;1;0;;;;5;2;2;0;0;;;;4;9
"097015";"Casargo";34;4;0;0;0;;;;4;1;3;0;0;;;;4;8
"097015";"Casargo";35;2;1;0;0;;;;3;4;2;0;0;;;;6;9
"097015";"Casargo";36;2;1;0;0;;;;3;2;1;0;0;;;;3;6
"097015";"Casargo";37;5;0;0;0;;;;5;3;1;0;0;;;;4;9
"097015";"Casargo";38;1;1;0;0;;;;2;1;3;0;0;;;;4;6
"097015";"Casargo";39;4;2;0;0;;;;6;3;1;0;0;;;;4;10
"097015";"Casargo";40;7;4;0;0;;;;11;1;4;0;0;;;;5;16
"097015";"Casargo";41;3;0;0;0;;;;3;2;4;0;0;;;;6;9
"097015";"Casargo";42;1;3;0;0;;;;4;1;3;0;0;;;;4;8
"097015";"Casargo";43;0;1;0;0;;;;1;2;3;0;0;;;;5;6
"097015";"Casargo";44;1;6;0;0;;;;7;2;0;0;0;;;;2;9
"097015";"Casargo";45;2;1;0;0;;;;3;1;4;0;0;;;;5;8
"097015";"Casargo";46;1;0;1;0;;;;2;0;1;0;0;;;;1;3
"097015";"Casargo";47;4;3;0;0;;;;7;0;8;0;0;;;;8;15
"097015";"Casargo";48;3;7;0;0;;;;10;1;4;0;0;;;;5;15
"097015";"Casargo";49;0;2;0;0;;;;2;1;3;2;1;;;;7;9
"097015";"Casargo";50;2;3;0;0;;;;5;0;7;1;0;;;;8;13
"097015";"Casargo";51;5;3;1;0;;;;9;1;1;1;0;;;;3;12
"097015";"Casargo";52;1;4;0;0;;;;5;2;2;0;0;;;;4;9
"097015";"Casargo";53;2;3;1;0;;;;6;2;8;0;1;;;;11;17
"097015";"Casargo";54;3;2;1;0;;;;6;3;4;0;2;;;;9;15
"097015";"Casargo";55;3;3;0;0;;;;6;0;10;0;0;;;;10;16
"097015";"Casargo";56;2;6;1;0;;;;9;3;6;0;0;;;;9;18
"097015";"Casargo";57;0;4;0;0;;;;4;0;5;1;0;;;;6;10
"097015";"Casargo";58;0;8;1;0;;;;9;1;8;0;0;;;;9;18
"097015";"Casargo";59;1;4;1;0;;;;6;0;3;0;1;;;;4;10
"097015";"Casargo";60;2;9;0;1;;;;12;0;5;1;1;;;;7;19
"097015";"Casargo";61;1;5;0;0;;;;6;2;2;0;0;;;;4;10
"097015";"Casargo";62;2;5;1;0;;;;8;0;4;1;0;;;;5;13
"097015";"Casargo";63;3;5;2;0;;;;10;2;4;1;0;;;;7;17
"097015";"Casargo";64;1;7;2;0;;;;10;2;3;1;1;;;;7;17
"097015";"Casargo";65;5;7;0;0;;;;12;2;5;0;0;;;;7;19
"097015";"Casargo";66;0;1;3;0;;;;4;1;4;0;1;;;;6;10
"097015";"Casargo";67;0;6;0;0;;;;6;0;2;0;2;;;;4;10
"097015";"Casargo";68;0;6;1;1;;;;8;2;5;1;1;;;;9;17
"097015";"Casargo";69;2;4;1;0;;;;7;0;4;1;1;;;;6;13
"097015";"Casargo";70;0;5;0;1;;;;6;3;4;0;0;;;;7;13
"097015";"Casargo";71;3;6;0;1;;;;10;0;2;0;0;;;;2;12
"097015";"Casargo";72;0;4;0;1;;;;5;1;4;0;0;;;;5;10
"097015";"Casargo";73;0;6;0;0;;;;6;0;3;0;2;;;;5;11
"097015";"Casargo";74;1;0;0;0;;;;1;1;1;0;1;;;;3;4
"097015";"Casargo";75;1;2;0;1;;;;4;1;3;0;1;;;;5;9
"097015";"Casargo";76;0;5;1;0;;;;6;0;2;0;2;;;;4;10
"097015";"Casargo";77;0;3;0;0;;;;3;1;3;0;2;;;;6;9
"097015";"Casargo";78;0;1;0;0;;;;1;1;2;0;1;;;;4;5
"097015";"Casargo";79;0;3;1;0;;;;4;0;2;0;2;;;;4;8
"097015";"Casargo";80;1;2;0;0;;;;3;0;1;0;4;;;;5;8
"097015";"Casargo";81;0;2;0;0;;;;2;0;0;0;5;;;;5;7
"097015";"Casargo";82;0;2;0;2;;;;4;0;0;2;0;;;;2;6
"097015";"Casargo";83;0;2;0;2;;;;4;0;2;0;4;;;;6;10
"097015";"Casargo";84;1;0;0;0;;;;1;0;1;0;2;;;;3;4
"097015";"Casargo";85;1;2;0;0;;;;3;0;0;0;4;;;;4;7
"097015";"Casargo";86;0;1;0;0;;;;1;1;0;0;3;;;;4;5
"097015";"Casargo";87;0;1;0;0;;;;1;0;0;0;5;;;;5;6
"097015";"Casargo";88;0;0;0;1;;;;1;1;0;0;3;;;;4;5
"097015";"Casargo";89;0;1;0;0;;;;1;1;0;0;3;;;;4;5
"097015";"Casargo";90;0;0;0;2;;;;2;0;0;0;2;;;;2;4
"097015";"Casargo";91;0;0;0;1;;;;1;0;1;0;3;;;;4;5
"097015";"Casargo";92;0;0;0;0;;;;0;0;0;0;3;;;;3;3
"097015";"Casargo";93;0;1;0;1;;;;2;0;2;0;0;;;;2;4
"097015";"Casargo";94;0;0;0;0;;;;0;0;0;0;1;;;;1;1
"097015";"Casargo";95;0;0;0;0;;;;0;0;0;0;1;;;;1;1
"097015";"Casargo";96;0;0;0;0;;;;0;0;0;0;2;;;;2;2
"097015";"Casargo";97;0;0;0;1;;;;1;0;0;0;1;;;;1;2
"097015";"Casargo";98;0;0;0;0;;;;0;0;0;0;0;;;;0;0
"097015";"Casargo";99;0;0;0;0;;;;0;0;0;0;0;;;;0;0
"097015";"Casargo";100;0;1;0;0;;;;1;0;0;0;0;;;;0;1
"097015";"Casargo";999;204;182;20;16;;;;422;167;177;13;69;;;;426;848
"097016";"Casatenovo";0;38;0;0;0;;;;38;42;0;0;0;;;;42;80
"097016";"Casatenovo";1;36;0;0;0;;;;36;45;0;0;0;;;;45;81
"097016";"Casatenovo";2;36;0;0;0;;;;36;39;0;0;0;;;;39;75
"097016";"Casatenovo";3;43;0;0;0;;;;43;48;0;0;0;;;;48;91
"097016";"Casatenovo";4;61;0;0;0;;;;61;52;0;0;0;;;;52;113
"097016";"Casatenovo";5;63;0;0;0;;;;63;49;0;0;0;;;;49;112
"097016";"Casatenovo";6;64;0;0;0;;;;64;36;0;0;0;;;;36;100
"097016";"Casatenovo";7;64;0;0;0;;;;64;72;0;0;0;;;;72;136
"097016";"Casatenovo";8;47;0;0;0;;;;47;71;0;0;0;;;;71;118
"097016";"Casatenovo";9;66;0;0;0;;;;66;64;0;0;0;;;;64;130
"097016";"Casatenovo";10;70;0;0;0;;;;70;47;0;0;0;;;;47;117
"097016";"Casatenovo";11;66;0;0;0;;;;66;66;0;0;0;;;;66;132
"097016";"Casatenovo";12;63;0;0;0;;;;63;55;0;0;0;;;;55;118
"097016";"Casatenovo";13;72;0;0;0;;;;72;75;0;0;0;;;;75;147
"097016";"Casatenovo";14;75;0;0;0;;;;75;58;0;0;0;;;;58;133
"097016";"Casatenovo";15;75;0;0;0;;;;75;69;0;0;0;;;;69;144
"097016";"Casatenovo";16;62;0;0;0;;;;62;72;0;0;0;;;;72;134
"097016";"Casatenovo";17;62;0;0;0;;;;62;51;0;0;0;;;;51;113
"097016";"Casatenovo";18;55;0;0;0;;;;55;64;0;0;0;;;;64;119
"097016";"Casatenovo";19;69;0;0;0;;;;69;71;0;0;0;;;;71;140
"097016";"Casatenovo";20;65;0;0;0;;;;65;65;0;0;0;;;;65;130
"097016";"Casatenovo";21;65;0;0;0;;;;65;67;0;0;0;;;;67;132
"097016";"Casatenovo";22;74;1;0;0;;;;75;71;0;0;0;;;;71;146
"097016";"Casatenovo";23;61;1;0;0;;;;62;51;3;0;0;;;;54;116
"097016";"Casatenovo";24;80;0;0;0;;;;80;55;3;0;0;;;;58;138
"097016";"Casatenovo";25;66;0;1;0;;;;67;57;4;0;0;;;;61;128
"097016";"Casatenovo";26;69;2;0;0;;;;71;57;4;0;0;;;;61;132
"097016";"Casatenovo";27;72;1;0;0;;;;73;49;8;0;0;;;;57;130
"097016";"Casatenovo";28;63;4;0;0;;;;67;49;12;0;0;;;;61;128
"097016";"Casatenovo";29;47;6;0;0;;;;53;49;15;1;0;;;;65;118
"097016";"Casatenovo";30;54;14;0;0;;;;68;42;14;2;0;;;;58;126
"097016";"Casatenovo";31;53;15;0;0;;;;68;44;16;0;0;;;;60;128
"097016";"Casatenovo";32;53;11;1;0;;;;65;42;29;2;0;;;;73;138
"097016";"Casatenovo";33;45;14;1;0;;;;60;35;30;1;0;;;;66;126
"097016";"Casatenovo";34;53;24;1;0;;;;78;32;21;1;0;;;;54;132
"097016";"Casatenovo";35;34;22;1;0;;;;57;25;38;1;0;;;;64;121
"097016";"Casatenovo";36;35;32;0;0;;;;67;43;38;2;0;;;;83;150
"097016";"Casatenovo";37;36;28;0;0;;;;64;30;47;1;0;;;;78;142
"097016";"Casatenovo";38;48;36;0;0;;;;84;24;42;5;0;;;;71;155
"097016";"Casatenovo";39;40;28;2;0;;;;70;29;57;2;1;;;;89;159
"097016";"Casatenovo";40;35;40;0;1;;;;76;17;51;5;0;;;;73;149
"097016";"Casatenovo";41;30;51;0;0;;;;81;20;55;2;0;;;;77;158
"097016";"Casatenovo";42;34;40;3;0;;;;77;23;50;5;1;;;;79;156
"097016";"Casatenovo";43;41;57;1;1;;;;100;24;57;3;3;;;;87;187
"097016";"Casatenovo";44;29;39;5;0;;;;73;29;49;7;0;;;;85;158
"097016";"Casatenovo";45;38;51;3;0;;;;92;23;55;5;0;;;;83;175
"097016";"Casatenovo";46;34;46;3;0;;;;83;20;56;8;1;;;;85;168
"097016";"Casatenovo";47;41;50;7;0;;;;98;23;70;7;1;;;;101;199
"097016";"Casatenovo";48;34;66;4;1;;;;105;17;57;8;1;;;;83;188
"097016";"Casatenovo";49;33;70;7;1;;;;111;15;74;8;2;;;;99;210
"097016";"Casatenovo";50;37;60;10;0;;;;107;17;80;6;3;;;;106;213
"097016";"Casatenovo";51;36;70;6;0;;;;112;23;65;10;3;;;;101;213
"097016";"Casatenovo";52;21;54;8;0;;;;83;12;62;5;1;;;;80;163
"097016";"Casatenovo";53;23;75;9;1;;;;108;17;75;7;4;;;;103;211
"097016";"Casatenovo";54;32;65;6;1;;;;104;13;61;4;6;;;;84;188
"097016";"Casatenovo";55;30;65;6;2;;;;103;17;78;15;2;;;;112;215
"097016";"Casatenovo";56;28;71;13;0;;;;112;11;82;14;3;;;;110;222
"097016";"Casatenovo";57;21;86;8;1;;;;116;19;99;7;4;;;;129;245
"097016";"Casatenovo";58;14;89;6;2;;;;111;11;84;11;5;;;;111;222
"097016";"Casatenovo";59;28;84;8;0;;;;120;15;85;13;5;;;;118;238
"097016";"Casatenovo";60;18;87;7;2;;;;114;16;66;12;8;;;;102;216
"097016";"Casatenovo";61;17;62;3;0;;;;82;13;73;10;7;;;;103;185
"097016";"Casatenovo";62;16;70;11;2;;;;99;13;81;9;5;;;;108;207
"097016";"Casatenovo";63;12;89;7;4;;;;112;9;76;7;3;;;;95;207
"097016";"Casatenovo";64;14;60;4;5;;;;83;12;72;5;8;;;;97;180
"097016";"Casatenovo";65;3;70;5;2;;;;80;11;68;4;9;;;;92;172
"097016";"Casatenovo";66;12;60;5;4;;;;81;7;67;10;14;;;;98;179
"097016";"Casatenovo";67;7;63;5;5;;;;80;10;57;3;10;;;;80;160
"097016";"Casatenovo";68;10;51;3;6;;;;70;7;58;5;16;;;;86;156
"097016";"Casatenovo";69;7;66;4;3;;;;80;5;65;6;8;;;;84;164
"097016";"Casatenovo";70;9;63;2;2;;;;76;7;67;4;19;;;;97;173
"097016";"Casatenovo";71;11;63;0;3;;;;77;5;71;4;12;;;;92;169
"097016";"Casatenovo";72;8;54;2;4;;;;68;4;48;2;13;;;;67;135
"097016";"Casatenovo";73;4;76;3;4;;;;87;5;53;2;18;;;;78;165
"097016";"Casatenovo";74;9;78;1;6;;;;94;7;59;1;24;;;;91;185
"097016";"Casatenovo";75;8;59;2;3;;;;72;5;59;1;19;;;;84;156
"097016";"Casatenovo";76;2;61;2;4;;;;69;4;46;1;18;;;;69;138
"097016";"Casatenovo";77;5;52;2;5;;;;64;4;41;3;26;;;;74;138
"097016";"Casatenovo";78;5;42;0;9;;;;56;8;50;0;35;;;;93;149
"097016";"Casatenovo";79;8;36;0;9;;;;53;3;18;0;20;;;;41;94
"097016";"Casatenovo";80;1;49;1;5;;;;56;2;15;0;37;;;;54;110
"097016";"Casatenovo";81;5;25;1;6;;;;37;9;21;1;25;;;;56;93
"097016";"Casatenovo";82;1;25;0;5;;;;31;3;18;0;25;;;;46;77
"097016";"Casatenovo";83;3;26;0;10;;;;39;5;26;1;39;;;;71;110
"097016";"Casatenovo";84;6;22;0;7;;;;35;2;15;0;31;;;;48;83
"097016";"Casatenovo";85;2;27;1;6;;;;36;3;17;0;32;;;;52;88
"097016";"Casatenovo";86;3;27;1;6;;;;37;0;17;0;31;;;;48;85
"097016";"Casatenovo";87;2;23;1;7;;;;33;3;10;0;34;;;;47;80
"097016";"Casatenovo";88;1;13;0;10;;;;24;4;7;1;27;;;;39;63
"097016";"Casatenovo";89;0;9;0;2;;;;11;5;3;1;25;;;;34;45
"097016";"Casatenovo";90;0;11;0;2;;;;13;2;2;0;21;;;;25;38
"097016";"Casatenovo";91;0;2;0;2;;;;4;0;1;0;19;;;;20;24
"097016";"Casatenovo";92;2;2;0;5;;;;9;2;2;0;16;;;;20;29
"097016";"Casatenovo";93;0;2;0;5;;;;7;2;1;0;11;;;;14;21
"097016";"Casatenovo";94;1;0;0;3;;;;4;0;0;0;9;;;;9;13
"097016";"Casatenovo";95;0;3;0;1;;;;4;0;1;0;7;;;;8;12
"097016";"Casatenovo";96;0;2;0;1;;;;3;1;0;0;6;;;;7;10
"097016";"Casatenovo";97;0;0;0;1;;;;1;1;0;0;4;;;;5;6
"097016";"Casatenovo";98;0;1;0;0;;;;1;0;0;0;1;;;;1;2
"097016";"Casatenovo";99;0;0;0;0;;;;0;0;0;0;3;;;;3;3
"097016";"Casatenovo";100;0;0;0;0;;;;0;0;0;1;4;;;;5;5
"097016";"Casatenovo";999;3131;2999;193;177;;;;6500;2627;3077;262;745;;;;6711;13211
"097017";"Cassago Brianza";0;13;0;0;0;;;;13;9;0;0;0;;;;9;22
"097017";"Cassago Brianza";1;18;0;0;0;;;;18;11;0;0;0;;;;11;29
"097017";"Cassago Brianza";2;12;0;0;0;;;;12;22;0;0;0;;;;22;34
"097017";"Cassago Brianza";3;14;0;0;0;;;;14;16;0;0;0;;;;16;30
"097017";"Cassago Brianza";4;16;0;0;0;;;;16;13;0;0;0;;;;13;29
"097017";"Cassago Brianza";5;23;0;0;0;;;;23;15;0;0;0;;;;15;38
"097017";"Cassago Brianza";6;23;0;0;0;;;;23;24;0;0;0;;;;24;47
"097017";"Cassago Brianza";7;26;0;0;0;;;;26;17;0;0;0;;;;17;43
"097017";"Cassago Brianza";8;27;0;0;0;;;;27;21;0;0;0;;;;21;48
"097017";"Cassago Brianza";9;17;0;0;0;;;;17;20;0;0;0;;;;20;37
"097017";"Cassago Brianza";10;18;0;0;0;;;;18;20;0;0;0;;;;20;38
"097017";"Cassago Brianza";11;20;0;0;0;;;;20;28;0;0;0;;;;28;48
"097017";"Cassago Brianza";12;26;0;0;0;;;;26;25;0;0;0;;;;25;51
"097017";"Cassago Brianza";13;23;0;0;0;;;;23;26;0;0;0;;;;26;49
"097017";"Cassago Brianza";14;29;0;0;0;;;;29;28;0;0;0;;;;28;57
"097017";"Cassago Brianza";15;22;0;0;0;;;;22;17;0;0;0;;;;17;39
"097017";"Cassago Brianza";16;19;0;0;0;;;;19;27;0;0;0;;;;27;46
"097017";"Cassago Brianza";17;20;0;0;0;;;;20;30;0;0;0;;;;30;50
"097017";"Cassago Brianza";18;24;0;0;0;;;;24;23;0;0;0;;;;23;47
"097017";"Cassago Brianza";19;20;0;0;0;;;;20;29;0;0;0;;;;29;49
"097017";"Cassago Brianza";20;26;0;0;0;;;;26;13;0;0;0;;;;13;39
"097017";"Cassago Brianza";21;18;0;0;0;;;;18;21;0;0;0;;;;21;39
"097017";"Cassago Brianza";22;21;0;0;0;;;;21;28;0;0;0;;;;28;49
"097017";"Cassago Brianza";23;19;0;0;0;;;;19;24;1;0;0;;;;25;44
"097017";"Cassago Brianza";24;25;0;0;0;;;;25;14;1;0;0;;;;15;40
"097017";"Cassago Brianza";25;23;0;0;0;;;;23;14;0;0;0;;;;14;37
"097017";"Cassago Brianza";26;17;0;0;0;;;;17;18;3;0;0;;;;21;38
"097017";"Cassago Brianza";27;20;0;0;0;;;;20;12;4;0;0;;;;16;36
"097017";"Cassago Brianza";28;25;1;0;0;;;;26;15;4;0;0;;;;19;45
"097017";"Cassago Brianza";29;27;1;0;0;;;;28;16;6;0;0;;;;22;50
"097017";"Cassago Brianza";30;25;6;0;0;;;;31;15;5;0;0;;;;20;51
"097017";"Cassago Brianza";31;19;3;0;0;;;;22;16;7;0;0;;;;23;45
"097017";"Cassago Brianza";32;12;4;0;0;;;;16;11;8;0;1;;;;20;36
"097017";"Cassago Brianza";33;12;7;0;0;;;;19;14;8;0;0;;;;22;41
"097017";"Cassago Brianza";34;16;7;0;0;;;;23;13;8;0;0;;;;21;44
"097017";"Cassago Brianza";35;16;9;0;0;;;;25;6;18;0;0;;;;24;49
"097017";"Cassago Brianza";36;15;4;2;0;;;;21;7;10;0;0;;;;17;38
"097017";"Cassago Brianza";37;13;3;0;0;;;;16;8;19;0;0;;;;27;43
"097017";"Cassago Brianza";38;11;10;0;0;;;;21;4;12;0;1;;;;17;38
"097017";"Cassago Brianza";39;9;12;0;0;;;;21;15;10;2;0;;;;27;48
"097017";"Cassago Brianza";40;11;14;2;0;;;;27;7;17;1;0;;;;25;52
"097017";"Cassago Brianza";41;13;17;0;0;;;;30;9;17;1;0;;;;27;57
"097017";"Cassago Brianza";42;13;17;0;0;;;;30;6;19;0;1;;;;26;56
"097017";"Cassago Brianza";43;16;18;0;0;;;;34;12;23;2;0;;;;37;71
"097017";"Cassago Brianza";44;10;24;1;0;;;;35;1;25;0;1;;;;27;62
"097017";"Cassago Brianza";45;8;26;0;0;;;;34;6;32;2;1;;;;41;75
"097017";"Cassago Brianza";46;15;17;2;1;;;;35;4;17;1;0;;;;22;57
"097017";"Cassago Brianza";47;15;27;2;1;;;;45;9;32;3;0;;;;44;89
"097017";"Cassago Brianza";48;5;21;1;0;;;;27;5;22;0;0;;;;27;54
"097017";"Cassago Brianza";49;13;21;2;0;;;;36;3;24;4;0;;;;31;67
"097017";"Cassago Brianza";50;10;29;2;1;;;;42;3;21;5;1;;;;30;72
"097017";"Cassago Brianza";51;12;25;3;1;;;;41;5;27;3;0;;;;35;76
"097017";"Cassago Brianza";52;9;26;0;0;;;;35;7;22;4;0;;;;33;68
"097017";"Cassago Brianza";53;10;28;1;0;;;;39;1;25;0;1;;;;27;66
"097017";"Cassago Brianza";54;14;26;3;0;;;;43;5;28;2;4;;;;39;82
"097017";"Cassago Brianza";55;10;33;5;0;;;;48;2;23;2;1;;;;28;76
"097017";"Cassago Brianza";56;12;29;1;1;;;;43;3;24;3;3;;;;33;76
"097017";"Cassago Brianza";57;8;26;1;1;;;;36;6;23;2;2;;;;33;69
"097017";"Cassago Brianza";58;10;37;2;0;;;;49;5;32;1;0;;;;38;87
"097017";"Cassago Brianza";59;7;19;2;0;;;;28;5;31;1;0;;;;37;65
"097017";"Cassago Brianza";60;9;12;3;0;;;;24;7;18;1;2;;;;28;52
"097017";"Cassago Brianza";61;4;29;2;0;;;;35;5;24;4;2;;;;35;70
"097017";"Cassago Brianza";62;4;28;3;2;;;;37;5;25;3;4;;;;37;74
"097017";"Cassago Brianza";63;8;17;2;0;;;;27;2;18;1;5;;;;26;53
"097017";"Cassago Brianza";64;4;32;1;1;;;;38;0;26;2;3;;;;31;69
"097017";"Cassago Brianza";65;4;17;2;1;;;;24;4;24;1;1;;;;30;54
"097017";"Cassago Brianza";66;1;14;0;2;;;;17;3;21;2;2;;;;28;45
"097017";"Cassago Brianza";67;2;22;0;0;;;;24;2;28;1;4;;;;35;59
"097017";"Cassago Brianza";68;4;22;0;2;;;;28;2;19;2;7;;;;30;58
"097017";"Cassago Brianza";69;1;19;0;3;;;;23;1;16;0;8;;;;25;48
"097017";"Cassago Brianza";70;2;22;0;4;;;;28;3;14;0;4;;;;21;49
"097017";"Cassago Brianza";71;2;23;1;0;;;;26;1;26;2;2;;;;31;57
"097017";"Cassago Brianza";72;2;28;0;1;;;;31;1;19;0;5;;;;25;56
"097017";"Cassago Brianza";73;6;16;1;0;;;;23;5;20;1;8;;;;34;57
"097017";"Cassago Brianza";74;2;19;0;0;;;;21;6;17;1;9;;;;33;54
"097017";"Cassago Brianza";75;1;24;0;2;;;;27;1;17;1;7;;;;26;53
"097017";"Cassago Brianza";76;4;21;1;3;;;;29;3;13;0;9;;;;25;54
"097017";"Cassago Brianza";77;0;18;1;2;;;;21;2;15;0;12;;;;29;50
"097017";"Cassago Brianza";78;1;13;1;1;;;;16;4;9;0;11;;;;24;40
"097017";"Cassago Brianza";79;1;9;0;1;;;;11;1;6;0;2;;;;9;20
"097017";"Cassago Brianza";80;0;13;1;2;;;;16;2;5;0;8;;;;15;31
"097017";"Cassago Brianza";81;0;9;1;3;;;;13;0;6;0;9;;;;15;28
"097017";"Cassago Brianza";82;1;11;0;4;;;;16;1;10;1;9;;;;21;37
"097017";"Cassago Brianza";83;2;10;0;1;;;;13;1;5;0;6;;;;12;25
"097017";"Cassago Brianza";84;3;11;0;1;;;;15;0;6;0;7;;;;13;28
"097017";"Cassago Brianza";85;0;4;0;3;;;;7;3;3;0;3;;;;9;16
"097017";"Cassago Brianza";86;0;7;0;1;;;;8;0;1;0;11;;;;12;20
"097017";"Cassago Brianza";87;1;3;0;2;;;;6;2;0;0;9;;;;11;17
"097017";"Cassago Brianza";88;1;3;0;3;;;;7;0;3;0;8;;;;11;18
"097017";"Cassago Brianza";89;0;2;0;2;;;;4;0;1;0;8;;;;9;13
"097017";"Cassago Brianza";90;0;3;0;2;;;;5;0;1;0;5;;;;6;11
"097017";"Cassago Brianza";91;0;3;0;0;;;;3;1;1;0;3;;;;5;8
"097017";"Cassago Brianza";92;0;4;0;0;;;;4;0;0;0;2;;;;2;6
"097017";"Cassago Brianza";93;0;1;0;0;;;;1;0;0;0;1;;;;1;2
"097017";"Cassago Brianza";94;0;0;0;3;;;;3;0;0;0;3;;;;3;6
"097017";"Cassago Brianza";95;0;0;0;0;;;;0;0;0;0;1;;;;1;1
"097017";"Cassago Brianza";96;0;0;0;0;;;;0;0;0;0;0;;;;0;0
"097017";"Cassago Brianza";97;0;0;0;1;;;;1;0;0;0;3;;;;3;4
"097017";"Cassago Brianza";98;1;0;0;0;;;;1;0;0;0;1;;;;1;2
"097017";"Cassago Brianza";99;0;0;0;0;;;;0;0;0;0;0;;;;0;0
"097017";"Cassago Brianza";100;0;0;0;0;;;;0;0;0;0;0;;;;0;0
"097017";"Cassago Brianza";999;1071;1036;52;59;;;;2218;877;1025;62;221;;;;2185;4403
"097018";"Cassina Valsassina";0;0;0;0;0;;;;0;2;0;0;0;;;;2;2
"097018";"Cassina Valsassina";1;2;0;0;0;;;;2;2;0;0;0;;;;2;4
"097018";"Cassina Valsassina";2;1;0;0;0;;;;1;2;0;0;0;;;;2;3
"097018";"Cassina Valsassina";3;1;0;0;0;;;;1;2;0;0;0;;;;2;3
"097018";"Cassina Valsassina";4;3;0;0;0;;;;3;4;0;0;0;;;;4;7
"097018";"Cassina Valsassina";5;2;0;0;0;;;;2;4;0;0;0;;;;4;6
"097018";"Cassina Valsassina";6;2;0;0;0;;;;2;4;0;0;0;;;;4;6
"097018";"Cassina Valsassina";7;1;0;0;0;;;;1;0;0;0;0;;;;0;1
"097018";"Cassina Valsassina";8;4;0;0;0;;;;4;0;0;0;0;;;;0;4
"097018";"Cassina Valsassina";9;3;0;0;0;;;;3;3;0;0;0;;;;3;6
"097018";"Cassina Valsassina";10;3;0;0;0;;;;3;2;0;0;0;;;;2;5
"097018";"Cassina Valsassina";11;1;0;0;0;;;;1;1;0;0;0;;;;1;2
"097018";"Cassina Valsassina";12;2;0;0;0;;;;2;2;0;0;0;;;;2;4
"097018";"Cassina Valsassina";13;3;0;0;0;;;;3;3;0;0;0;;;;3;6
"097018";"Cassina Valsassina";14;3;0;0;0;;;;3;4;0;0;0;;;;4;7
"097018";"Cassina Valsassina";15;1;0;0;0;;;;1;2;0;0;0;;;;2;3
"097018";"Cassina Valsassina";16;2;0;0;0;;;;2;1;0;0;0;;;;1;3
"097018";"Cassina Valsassina";17;4;0;0;0;;;;4;2;0;0;0;;;;2;6
"097018";"Cassina Valsassina";18;3;0;0;0;;;;3;4;0;0;0;;;;4;7
"097018";"Cassina Valsassina";19;2;0;0;0;;;;2;3;0;0;0;;;;3;5
"097018";"Cassina Valsassina";20;2;0;0;0;;;;2;2;0;0;0;;;;2;4
"097018";"Cassina Valsassina";21;2;0;0;0;;;;2;1;0;0;0;;;;1;3
"097018";"Cassina Valsassina";22;2;0;0;0;;;;2;2;0;0;0;;;;2;4
"097018";"Cassina Valsassina";23;1;0;0;0;;;;1;3;0;0;0;;;;3;4
"097018";"Cassina Valsassina";24;3;0;0;0;;;;3;3;0;0;0;;;;3;6
"097018";"Cassina Valsassina";25;4;0;0;0;;;;4;0;0;0;0;;;;0;4
"097018";"Cassina Valsassina";26;4;0;0;0;;;;4;3;1;0;0;;;;4;8
"097018";"Cassina Valsassina";27;5;0;0;0;;;;5;2;0;0;0;;;;2;7
"097018";"Cassina Valsassina";28;1;0;0;0;;;;1;2;0;0;0;;;;2;3
"097018";"Cassina Valsassina";29;3;0;0;0;;;;3;2;0;0;0;;;;2;5
"097018";"Cassina Valsassina";30;3;2;0;0;;;;5;3;1;0;0;;;;4;9
"097018";"Cassina Valsassina";31;0;0;0;0;;;;0;1;0;0;0;;;;1;1
"097018";"Cassina Valsassina";32;1;0;0;0;;;;1;1;1;0;0;;;;2;3
"097018";"Cassina Valsassina";33;1;0;0;0;;;;1;3;0;0;0;;;;3;4
"097018";"Cassina Valsassina";34;2;2;0;0;;;;4;0;1;0;0;;;;1;5
"097018";"Cassina Valsassina";35;3;0;0;0;;;;3;1;2;0;0;;;;3;6
"097018";"Cassina Valsassina";36;1;2;1;0;;;;4;2;0;0;0;;;;2;6
"097018";"Cassina Valsassina";37;3;0;0;0;;;;3;1;3;0;0;;;;4;7
"097018";"Cassina Valsassina";38;0;2;0;0;;;;2;1;3;1;0;;;;5;7
"097018";"Cassina Valsassina";39;1;2;0;0;;;;3;1;2;0;0;;;;3;6
"097018";"Cassina Valsassina";40;4;0;0;0;;;;4;1;0;0;0;;;;1;5
"097018";"Cassina Valsassina";41;2;1;0;0;;;;3;0;2;2;0;;;;4;7
"097018";"Cassina Valsassina";42;2;1;0;0;;;;3;3;2;0;0;;;;5;8
"097018";"Cassina Valsassina";43;1;0;0;0;;;;1;0;1;1;0;;;;2;3
"097018";"Cassina Valsassina";44;2;0;0;0;;;;2;2;1;0;0;;;;3;5
"097018";"Cassina Valsassina";45;3;0;1;0;;;;4;2;0;0;0;;;;2;6
"097018";"Cassina Valsassina";46;3;1;0;0;;;;4;0;0;0;0;;;;0;4
"097018";"Cassina Valsassina";47;2;2;0;0;;;;4;0;2;1;1;;;;4;8
"097018";"Cassina Valsassina";48;1;2;0;0;;;;3;2;1;2;0;;;;5;8
"097018";"Cassina Valsassina";49;3;2;0;0;;;;5;0;1;0;0;;;;1;6
"097018";"Cassina Valsassina";50;1;1;0;1;;;;3;1;4;1;0;;;;6;9
"097018";"Cassina Valsassina";51;1;5;0;0;;;;6;0;1;2;0;;;;3;9
"097018";"Cassina Valsassina";52;1;2;0;0;;;;3;0;3;0;0;;;;3;6
"097018";"Cassina Valsassina";53;0;4;0;0;;;;4;2;4;0;0;;;;6;10
"097018";"Cassina Valsassina";54;0;4;1;0;;;;5;2;5;0;0;;;;7;12
"097018";"Cassina Valsassina";55;2;0;0;0;;;;2;0;2;0;0;;;;2;4
"097018";"Cassina Valsassina";56;1;1;1;0;;;;3;0;2;0;0;;;;2;5
"097018";"Cassina Valsassina";57;0;5;2;0;;;;7;0;3;2;0;;;;5;12
"097018";"Cassina Valsassina";58;2;1;0;1;;;;4;0;5;0;0;;;;5;9
"097018";"Cassina Valsassina";59;3;7;2;0;;;;12;0;4;0;0;;;;4;16
"097018";"Cassina Valsassina";60;1;6;0;0;;;;7;0;3;1;0;;;;4;11
"097018";"Cassina Valsassina";61;0;3;1;0;;;;4;1;1;2;0;;;;4;8
"097018";"Cassina Valsassina";62;0;3;0;0;;;;3;0;1;0;0;;;;1;4
"097018";"Cassina Valsassina";63;1;7;1;0;;;;9;2;3;0;1;;;;6;15
"097018";"Cassina Valsassina";64;0;3;1;0;;;;4;1;2;0;1;;;;4;8
"097018";"Cassina Valsassina";65;0;3;0;0;;;;3;0;6;2;1;;;;9;12
"097018";"Cassina Valsassina";66;0;4;0;0;;;;4;0;4;0;1;;;;5;9
"097018";"Cassina Valsassina";67;3;3;0;0;;;;6;0;4;0;0;;;;4;10
"097018";"Cassina Valsassina";68;0;4;0;0;;;;4;0;1;0;1;;;;2;6
"097018";"Cassina Valsassina";69;0;5;1;0;;;;6;1;3;0;0;;;;4;10
"097018";"Cassina Valsassina";70;0;3;0;0;;;;3;1;2;0;0;;;;3;6
"097018";"Cassina Valsassina";71;1;3;0;0;;;;4;0;1;0;3;;;;4;8
"097018";"Cassina Valsassina";72;2;0;0;0;;;;2;0;1;0;0;;;;1;3
"097018";"Cassina Valsassina";73;0;1;3;0;;;;4;0;2;0;2;;;;4;8
"097018";"Cassina Valsassina";74;1;1;0;0;;;;2;0;0;0;0;;;;0;2
"097018";"Cassina Valsassina";75;1;1;1;0;;;;3;0;3;0;2;;;;5;8
"097018";"Cassina Valsassina";76;1;2;1;0;;;;4;0;0;0;1;;;;1;5
"097018";"Cassina Valsassina";77;0;3;0;0;;;;3;1;1;0;0;;;;2;5
"097018";"Cassina Valsassina";78;0;6;0;2;;;;8;0;1;0;1;;;;2;10
"097018";"Cassina Valsassina";79;0;2;0;2;;;;4;0;2;0;1;;;;3;7
"097018";"Cassina Valsassina";80;0;2;0;0;;;;2;0;0;0;3;;;;3;5
"097018";"Cassina Valsassina";81;1;0;0;1;;;;2;0;2;1;5;;;;8;10
"097018";"Cassina Valsassina";82;1;2;0;1;;;;4;0;1;0;3;;;;4;8
"097018";"Cassina Valsassina";83;0;2;0;1;;;;3;0;1;0;1;;;;2;5
"097018";"Cassina Valsassina";84;0;0;0;1;;;;1;0;0;0;1;;;;1;2
"097018";"Cassina Valsassina";85;0;0;0;0;;;;0;0;0;0;3;;;;3;3
"097018";"Cassina Valsassina";86;0;1;0;0;;;;1;0;0;0;1;;;;1;2
"097018";"Cassina Valsassina";87;0;1;0;0;;;;1;0;0;0;1;;;;1;2
"097018";"Cassina Valsassina";88;0;0;0;1;;;;1;0;0;0;0;;;;0;1
"097018";"Cassina Valsassina";89;0;0;1;0;;;;1;0;0;0;2;;;;2;3
"097018";"Cassina Valsassina";90;0;0;0;0;;;;0;0;0;0;3;;;;3;3
"097018";"Cassina Valsassina";91;0;0;0;0;;;;0;0;0;0;3;;;;3;3
"097018";"Cassina Valsassina";92;0;0;0;0;;;;0;0;0;0;0;;;;0;0
"097018";"Cassina Valsassina";93;0;0;0;0;;;;0;0;0;0;0;;;;0;0
"097018";"Cassina Valsassina";94;0;0;0;0;;;;0;0;0;0;0;;;;0;0
"097018";"Cassina Valsassina";95;0;0;0;0;;;;0;0;0;0;0;;;;0;0
"097018";"Cassina Valsassina";96;0;0;0;0;;;;0;0;0;0;0;;;;0;0
"097018";"Cassina Valsassina";97;0;0;0;0;;;;0;0;0;0;0;;;;0;0
"097018";"Cassina Valsassina";98;0;0;0;0;;;;0;0;0;0;0;;;;0;0
"097018";"Cassina Valsassina";99;0;0;0;0;;;;0;0;0;0;0;;;;0;0
"097018";"Cassina Valsassina";100;0;0;0;0;;;;0;0;0;0;1;;;;1;1
"097018";"Cassina Valsassina";999;132;120;18;11;;;;281;103;102;18;43;;;;266;547
"097019";"Castello di Brianza";0;10;0;0;0;;;;10;8;0;0;0;;;;8;18
"097019";"Castello di Brianza";1;12;0;0;0;;;;12;12;0;0;0;;;;12;24
"097019";"Castello di Brianza";2;10;0;0;0;;;;10;17;0;0;0;;;;17;27
"097019";"Castello di Brianza";3;6;0;0;0;;;;6;11;0;0;0;;;;11;17
"097019";"Castello di Brianza";4;8;0;0;0;;;;8;11;0;0;0;;;;11;19
"097019";"Castello di Brianza";5;10;0;0;0;;;;10;15;0;0;0;;;;15;25
"097019";"Castello di Brianza";6;5;0;0;0;;;;5;15;0;0;0;;;;15;20
"097019";"Castello di Brianza";7;10;0;0;0;;;;10;10;0;0;0;;;;10;20
"097019";"Castello di Brianza";8;14;0;0;0;;;;14;12;0;0;0;;;;12;26
"097019";"Castello di Brianza";9;10;0;0;0;;;;10;11;0;0;0;;;;11;21
"097019";"Castello di Brianza";10;11;0;0;0;;;;11;8;0;0;0;;;;8;19
"097019";"Castello di Brianza";11;8;0;0;0;;;;8;16;0;0;0;;;;16;24
"097019";"Castello di Brianza";12;18;0;0;0;;;;18;11;0;0;0;;;;11;29
"097019";"Castello di Brianza";13;14;0;0;0;;;;14;12;0;0;0;;;;12;26
"097019";"Castello di Brianza";14;16;0;0;0;;;;16;13;0;0;0;;;;13;29
"097019";"Castello di Brianza";15;9;0;0;0;;;;9;11;0;0;0;;;;11;20
"097019";"Castello di Brianza";16;13;0;0;0;;;;13;13;0;0;0;;;;13;26
"097019";"Castello di Brianza";17;17;0;0;0;;;;17;12;0;0;0;;;;12;29
"097019";"Castello di Brianza";18;11;0;0;0;;;;11;14;0;0;0;;;;14;25
"097019";"Castello di Brianza";19;9;0;0;0;;;;9;18;0;0;0;;;;18;27
"097019";"Castello di Brianza";20;15;0;0;0;;;;15;10;0;0;0;;;;10;25
"097019";"Castello di Brianza";21;12;0;0;0;;;;12;11;0;0;0;;;;11;23
"097019";"Castello di Brianza";22;17;0;0;0;;;;17;10;0;0;0;;;;10;27
"097019";"Castello di Brianza";23;22;0;0;0;;;;22;11;0;0;0;;;;11;33
"097019";"Castello di Brianza";24;18;0;0;0;;;;18;18;1;1;0;;;;20;38
"097019";"Castello di Brianza";25;23;0;0;0;;;;23;10;2;0;0;;;;12;35
"097019";"Castello di Brianza";26;9;0;0;0;;;;9;12;0;0;0;;;;12;21
"097019";"Castello di Brianza";27;10;1;0;0;;;;11;13;4;0;0;;;;17;28
"097019";"Castello di Brianza";28;15;1;0;0;;;;16;14;1;0;0;;;;15;31
"097019";"Castello di Brianza";29;14;0;0;0;;;;14;11;4;0;0;;;;15;29
"097019";"Castello di Brianza";30;10;4;0;0;;;;14;12;6;0;0;;;;18;32
"097019";"Castello di Brianza";31;9;3;0;0;;;;12;3;4;0;0;;;;7;19
"097019";"Castello di Brianza";32;7;3;0;0;;;;10;17;4;0;0;;;;21;31
"097019";"Castello di Brianza";33;10;5;0;0;;;;15;6;3;0;0;;;;9;24
"097019";"Castello di Brianza";34;11;5;0;0;;;;16;7;7;0;0;;;;14;30
"097019";"Castello di Brianza";35;12;3;0;0;;;;15;9;9;0;0;;;;18;33
"097019";"Castello di Brianza";36;13;7;0;0;;;;20;5;7;1;0;;;;13;33
"097019";"Castello di Brianza";37;7;3;0;0;;;;10;8;7;0;1;;;;16;26
"097019";"Castello di Brianza";38;4;4;0;0;;;;8;2;12;0;0;;;;14;22
"097019";"Castello di Brianza";39;7;7;0;0;;;;14;5;9;0;0;;;;14;28
"097019";"Castello di Brianza";40;10;12;0;0;;;;22;6;12;1;0;;;;19;41
"097019";"Castello di Brianza";41;10;12;1;0;;;;23;6;6;1;0;;;;13;36
"097019";"Castello di Brianza";42;6;10;0;0;;;;16;6;5;2;1;;;;14;30
"097019";"Castello di Brianza";43;5;14;0;0;;;;19;4;10;1;0;;;;15;34
"097019";"Castello di Brianza";44;3;11;0;0;;;;14;2;11;0;0;;;;13;27
"097019";"Castello di Brianza";45;7;6;0;0;;;;13;10;17;1;0;;;;28;41
"097019";"Castello di Brianza";46;9;10;0;0;;;;19;6;15;1;0;;;;22;41
"097019";"Castello di Brianza";47;8;12;3;1;;;;24;4;10;2;0;;;;16;40
"097019";"Castello di Brianza";48;3;11;2;0;;;;16;5;14;0;0;;;;19;35
"097019";"Castello di Brianza";49;6;9;0;0;;;;15;4;22;1;0;;;;27;42
"097019";"Castello di Brianza";50;7;23;0;0;;;;30;4;10;3;0;;;;17;47
"097019";"Castello di Brianza";51;8;19;0;0;;;;27;5;22;0;0;;;;27;54
"097019";"Castello di Brianza";52;7;14;3;1;;;;25;4;14;1;0;;;;19;44
"097019";"Castello di Brianza";53;11;17;0;0;;;;28;3;22;5;0;;;;30;58
"097019";"Castello di Brianza";54;2;11;3;0;;;;16;2;14;4;0;;;;20;36
"097019";"Castello di Brianza";55;2;23;2;0;;;;27;2;15;1;1;;;;19;46
"097019";"Castello di Brianza";56;2;20;0;0;;;;22;2;17;0;1;;;;20;42
"097019";"Castello di Brianza";57;5;17;3;0;;;;25;3;16;3;2;;;;24;49
"097019";"Castello di Brianza";58;1;8;1;0;;;;10;0;25;1;1;;;;27;37
"097019";"Castello di Brianza";59;4;21;1;0;;;;26;0;12;1;1;;;;14;40
"097019";"Castello di Brianza";60;8;24;3;0;;;;35;0;16;4;0;;;;20;55
"097019";"Castello di Brianza";61;2;19;2;0;;;;23;5;22;0;1;;;;28;51
"097019";"Castello di Brianza";62;2;14;1;0;;;;17;0;14;0;3;;;;17;34
"097019";"Castello di Brianza";63;2;8;1;0;;;;11;3;14;0;4;;;;21;32
"097019";"Castello di Brianza";64;1;18;2;0;;;;21;3;12;1;1;;;;17;38
"097019";"Castello di Brianza";65;2;11;0;0;;;;13;1;13;1;1;;;;16;29
"097019";"Castello di Brianza";66;3;14;2;0;;;;19;1;11;1;1;;;;14;33
"097019";"Castello di Brianza";67;1;16;0;0;;;;17;2;14;0;3;;;;19;36
"097019";"Castello di Brianza";68;1;11;0;2;;;;14;3;14;0;0;;;;17;31
"097019";"Castello di Brianza";69;1;10;0;0;;;;11;0;17;0;2;;;;19;30
"097019";"Castello di Brianza";70;2;14;0;0;;;;16;1;10;1;4;;;;16;32
"097019";"Castello di Brianza";71;1;10;0;0;;;;11;2;8;1;2;;;;13;24
"097019";"Castello di Brianza";72;1;11;0;2;;;;14;0;3;0;1;;;;4;18
"097019";"Castello di Brianza";73;1;9;2;1;;;;13;0;15;0;2;;;;17;30
"097019";"Castello di Brianza";74;3;13;0;0;;;;16;0;10;0;2;;;;12;28
"097019";"Castello di Brianza";75;1;9;0;4;;;;14;0;9;0;3;;;;12;26
"097019";"Castello di Brianza";76;0;8;0;5;;;;13;0;4;0;1;;;;5;18
"097019";"Castello di Brianza";77;1;9;0;1;;;;11;0;5;1;6;;;;12;23
"097019";"Castello di Brianza";78;4;10;0;0;;;;14;0;6;0;3;;;;9;23
"097019";"Castello di Brianza";79;1;2;0;0;;;;3;0;4;0;6;;;;10;13
"097019";"Castello di Brianza";80;1;10;0;0;;;;11;0;8;1;4;;;;13;24
"097019";"Castello di Brianza";81;0;5;0;0;;;;5;0;3;0;2;;;;5;10
"097019";"Castello di Brianza";82;0;6;0;2;;;;8;0;2;0;3;;;;5;13
"097019";"Castello di Brianza";83;0;9;0;0;;;;9;1;4;0;3;;;;8;17
"097019";"Castello di Brianza";84;3;4;0;2;;;;9;0;1;0;2;;;;3;12
"097019";"Castello di Brianza";85;1;7;0;1;;;;9;1;1;0;7;;;;9;18
"097019";"Castello di Brianza";86;2;2;0;1;;;;5;0;5;0;7;;;;12;17
"097019";"Castello di Brianza";87;0;5;0;1;;;;6;0;1;0;2;;;;3;9
"097019";"Castello di Brianza";88;1;1;0;0;;;;2;0;1;0;1;;;;2;4
"097019";"Castello di Brianza";89;1;1;0;0;;;;2;0;1;0;4;;;;5;7
"097019";"Castello di Brianza";90;1;0;0;0;;;;1;1;1;0;3;;;;5;6
"097019";"Castello di Brianza";91;1;1;0;1;;;;3;0;0;0;2;;;;2;5
"097019";"Castello di Brianza";92;0;1;0;2;;;;3;0;0;0;1;;;;1;4
"097019";"Castello di Brianza";93;0;1;0;0;;;;1;0;1;0;3;;;;4;5
"097019";"Castello di Brianza";94;0;0;0;0;;;;0;0;0;0;4;;;;4;4
"097019";"Castello di Brianza";95;0;0;0;0;;;;0;0;0;0;4;;;;4;4
"097019";"Castello di Brianza";96;0;0;0;0;;;;0;0;0;0;1;;;;1;1
"097019";"Castello di Brianza";97;0;1;0;0;;;;1;0;0;0;0;;;;0;1
"097019";"Castello di Brianza";98;0;0;0;0;;;;0;0;0;0;0;;;;0;0
"097019";"Castello di Brianza";99;0;0;0;0;;;;0;0;0;0;0;;;;0;0
"097019";"Castello di Brianza";100;0;0;0;0;;;;0;0;0;0;1;;;;1;1
"097019";"Castello di Brianza";999;631;620;32;27;;;;1310;546;619;42;108;;;;1315;2625
"097020";"Cernusco Lombardone";0;9;0;0;0;;;;9;12;0;0;0;;;;12;21
"097020";"Cernusco Lombardone";1;14;0;0;0;;;;14;12;0;0;0;;;;12;26
"097020";"Cernusco Lombardone";2;15;0;0;0;;;;15;19;0;0;0;;;;19;34
"097020";"Cernusco Lombardone";3;21;0;0;0;;;;21;6;0;0;0;;;;6;27
"097020";"Cernusco Lombardone";4;13;0;0;0;;;;13;12;0;0;0;;;;12;25
"097020";"Cernusco Lombardone";5;11;0;0;0;;;;11;13;0;0;0;;;;13;24
"097020";"Cernusco Lombardone";6;15;0;0;0;;;;15;19;0;0;0;;;;19;34
"097020";"Cernusco Lombardone";7;19;0;0;0;;;;19;15;0;0;0;;;;15;34
"097020";"Cernusco Lombardone";8;11;0;0;0;;;;11;19;0;0;0;;;;19;30
"097020";"Cernusco Lombardone";9;19;0;0;0;;;;19;13;0;0;0;;;;13;32
"097020";"Cernusco Lombardone";10;17;0;0;0;;;;17;18;0;0;0;;;;18;35
"097020";"Cernusco Lombardone";11;17;0;0;0;;;;17;29;0;0;0;;;;29;46
"097020";"Cernusco Lombardone";12;20;0;0;0;;;;20;15;0;0;0;;;;15;35
"097020";"Cernusco Lombardone";13;13;0;0;0;;;;13;14;0;0;0;;;;14;27
"097020";"Cernusco Lombardone";14;21;0;0;0;;;;21;14;0;0;0;;;;14;35
"097020";"Cernusco Lombardone";15;18;0;0;0;;;;18;20;0;0;0;;;;20;38
"097020";"Cernusco Lombardone";16;27;0;0;0;;;;27;18;0;0;0;;;;18;45
"097020";"Cernusco Lombardone";17;22;0;0;0;;;;22;20;0;0;0;;;;20;42
"097020";"Cernusco Lombardone";18;24;0;0;0;;;;24;23;0;0;0;;;;23;47
"097020";"Cernusco Lombardone";19;18;0;0;0;;;;18;22;0;0;0;;;;22;40
"097020";"Cernusco Lombardone";20;20;0;0;0;;;;20;14;0;0;0;;;;14;34
"097020";"Cernusco Lombardone";21;23;0;0;0;;;;23;17;0;0;0;;;;17;40
"097020";"Cernusco Lombardone";22;20;0;0;0;;;;20;16;3;0;0;;;;19;39
"097020";"Cernusco Lombardone";23;18;0;0;0;;;;18;21;1;0;0;;;;22;40
"097020";"Cernusco Lombardone";24;24;0;0;0;;;;24;16;0;0;0;;;;16;40
"097020";"Cernusco Lombardone";25;22;0;0;0;;;;22;20;3;0;0;;;;23;45
"097020";"Cernusco Lombardone";26;29;0;0;0;;;;29;10;1;0;0;;;;11;40
"097020";"Cernusco Lombardone";27;21;2;0;0;;;;23;16;4;0;0;;;;20;43
"097020";"Cernusco Lombardone";28;17;0;1;0;;;;18;20;0;0;0;;;;20;38
"097020";"Cernusco Lombardone";29;11;1;0;0;;;;12;15;6;0;0;;;;21;33
"097020";"Cernusco Lombardone";30;16;2;0;0;;;;18;14;3;2;0;;;;19;37
"097020";"Cernusco Lombardone";31;19;8;0;0;;;;27;13;13;1;0;;;;27;54
"097020";"Cernusco Lombardone";32;16;9;0;0;;;;25;9;5;0;0;;;;14;39
"097020";"Cernusco Lombardone";33;12;6;1;0;;;;19;12;8;0;0;;;;20;39
"097020";"Cernusco Lombardone";34;13;1;0;0;;;;14;13;8;1;0;;;;22;36
"097020";"Cernusco Lombardone";35;19;6;0;0;;;;25;7;15;0;0;;;;22;47
"097020";"Cernusco Lombardone";36;8;13;0;0;;;;21;13;13;0;0;;;;26;47
"097020";"Cernusco Lombardone";37;11;9;1;0;;;;21;10;7;2;1;;;;20;41
"097020";"Cernusco Lombardone";38;11;9;0;0;;;;20;7;10;1;0;;;;18;38
"097020";"Cernusco Lombardone";39;11;4;0;1;;;;16;5;17;0;0;;;;22;38
"097020";"Cernusco Lombardone";40;8;7;2;0;;;;17;4;11;0;0;;;;15;32
"097020";"Cernusco Lombardone";41;10;11;0;0;;;;21;16;16;1;0;;;;33;54
"097020";"Cernusco Lombardone";42;9;10;0;1;;;;20;6;12;1;0;;;;19;39
"097020";"Cernusco Lombardone";43;12;14;0;0;;;;26;7;15;1;1;;;;24;50
"097020";"Cernusco Lombardone";44;11;16;0;0;;;;27;4;15;3;0;;;;22;49
"097020";"Cernusco Lombardone";45;5;16;0;0;;;;21;8;15;2;0;;;;25;46
"097020";"Cernusco Lombardone";46;12;10;3;0;;;;25;5;17;2;0;;;;24;49
"097020";"Cernusco Lombardone";47;11;14;0;0;;;;25;12;19;0;0;;;;31;56
"097020";"Cernusco Lombardone";48;7;14;1;2;;;;24;4;17;1;0;;;;22;46
"097020";"Cernusco Lombardone";49;11;20;0;0;;;;31;13;25;4;0;;;;42;73
"097020";"Cernusco Lombardone";50;11;11;0;1;;;;23;6;25;5;0;;;;36;59
"097020";"Cernusco Lombardone";51;13;22;1;0;;;;36;4;20;3;0;;;;27;63
"097020";"Cernusco Lombardone";52;6;22;3;0;;;;31;2;21;5;0;;;;28;59
"097020";"Cernusco Lombardone";53;10;19;1;0;;;;30;9;31;0;1;;;;41;71
"097020";"Cernusco Lombardone";54;8;16;2;0;;;;26;9;21;3;0;;;;33;59
"097020";"Cernusco Lombardone";55;10;28;0;0;;;;38;3;20;1;0;;;;24;62
"097020";"Cernusco Lombardone";56;8;25;1;0;;;;34;8;24;1;3;;;;36;70
"097020";"Cernusco Lombardone";57;5;26;1;0;;;;32;3;14;3;1;;;;21;53
"097020";"Cernusco Lombardone";58;2;32;3;0;;;;37;3;20;3;0;;;;26;63
"097020";"Cernusco Lombardone";59;2;25;0;1;;;;28;2;21;4;0;;;;27;55
"097020";"Cernusco Lombardone";60;7;23;2;1;;;;33;1;20;3;1;;;;25;58
"097020";"Cernusco Lombardone";61;5;18;3;0;;;;26;3;21;1;2;;;;27;53
"097020";"Cernusco Lombardone";62;2;16;3;0;;;;21;3;12;2;1;;;;18;39
"097020";"Cernusco Lombardone";63;1;14;1;0;;;;16;5;16;2;2;;;;25;41
"097020";"Cernusco Lombardone";64;2;14;1;1;;;;18;2;20;1;2;;;;25;43
"097020";"Cernusco Lombardone";65;4;14;2;0;;;;20;4;18;2;4;;;;28;48
"097020";"Cernusco Lombardone";66;1;15;0;0;;;;16;4;16;1;5;;;;26;42
"097020";"Cernusco Lombardone";67;3;17;0;1;;;;21;2;24;1;7;;;;34;55
"097020";"Cernusco Lombardone";68;4;17;0;1;;;;22;1;15;1;5;;;;22;44
"097020";"Cernusco Lombardone";69;4;17;0;1;;;;22;5;13;0;3;;;;21;43
"097020";"Cernusco Lombardone";70;4;25;0;0;;;;29;3;21;0;1;;;;25;54
"097020";"Cernusco Lombardone";71;3;19;2;1;;;;25;0;24;0;1;;;;25;50
"097020";"Cernusco Lombardone";72;3;13;0;2;;;;18;1;16;1;6;;;;24;42
"097020";"Cernusco Lombardone";73;2;23;0;0;;;;25;2;19;1;3;;;;25;50
"097020";"Cernusco Lombardone";74;2;15;1;1;;;;19;2;14;2;8;;;;26;45
"097020";"Cernusco Lombardone";75;0;21;0;1;;;;22;0;22;1;3;;;;26;48
"097020";"Cernusco Lombardone";76;3;27;1;1;;;;32;6;12;1;6;;;;25;57
"097020";"Cernusco Lombardone";77;1;20;0;2;;;;23;1;18;2;8;;;;29;52
"097020";"Cernusco Lombardone";78;3;15;0;1;;;;19;3;16;1;10;;;;30;49
"097020";"Cernusco Lombardone";79;1;7;0;0;;;;8;1;11;0;10;;;;22;30
"097020";"Cernusco Lombardone";80;2;14;0;0;;;;16;0;13;0;3;;;;16;32
"097020";"Cernusco Lombardone";81;0;15;0;2;;;;17;0;7;0;6;;;;13;30
"097020";"Cernusco Lombardone";82;3;7;1;3;;;;14;4;8;0;10;;;;22;36
"097020";"Cernusco Lombardone";83;1;8;0;4;;;;13;2;5;0;10;;;;17;30
"097020";"Cernusco Lombardone";84;1;13;0;3;;;;17;2;7;0;6;;;;15;32
"097020";"Cernusco Lombardone";85;0;12;0;4;;;;16;5;4;0;7;;;;16;32
"097020";"Cernusco Lombardone";86;0;14;0;0;;;;14;2;1;0;8;;;;11;25
"097020";"Cernusco Lombardone";87;1;4;0;1;;;;6;0;2;0;19;;;;21;27
"097020";"Cernusco Lombardone";88;0;4;0;1;;;;5;2;2;0;4;;;;8;13
"097020";"Cernusco Lombardone";89;1;1;0;0;;;;2;0;0;0;7;;;;7;9
"097020";"Cernusco Lombardone";90;1;3;0;3;;;;7;0;1;0;6;;;;7;14
"097020";"Cernusco Lombardone";91;0;2;0;1;;;;3;1;0;0;8;;;;9;12
"097020";"Cernusco Lombardone";92;1;1;0;0;;;;2;0;1;0;4;;;;5;7
"097020";"Cernusco Lombardone";93;0;0;0;0;;;;0;1;0;0;3;;;;4;4
"097020";"Cernusco Lombardone";94;0;1;0;0;;;;1;1;0;0;3;;;;4;5
"097020";"Cernusco Lombardone";95;0;0;0;1;;;;1;0;1;0;2;;;;3;4
"097020";"Cernusco Lombardone";96;0;0;0;0;;;;0;1;0;0;2;;;;3;3
"097020";"Cernusco Lombardone";97;0;0;0;0;;;;0;0;0;0;1;;;;1;1
"097020";"Cernusco Lombardone";98;0;0;0;1;;;;1;0;0;0;0;;;;0;1
"097020";"Cernusco Lombardone";99;0;0;0;0;;;;0;0;0;0;0;;;;0;0
"097020";"Cernusco Lombardone";100;0;0;0;0;;;;0;0;0;0;0;;;;0;0
"097020";"Cernusco Lombardone";999;922;877;38;44;;;;1881;799;896;73;204;;;;1972;3853
"097021";"Cesana Brianza";0;7;0;0;0;;;;7;9;0;0;0;;;;9;16
"097021";"Cesana Brianza";1;10;0;0;0;;;;10;7;0;0;0;;;;7;17
"097021";"Cesana Brianza";2;8;0;0;0;;;;8;8;0;0;0;;;;8;16
"097021";"Cesana Brianza";3;10;0;0;0;;;;10;14;0;0;0;;;;14;24
"097021";"Cesana Brianza";4;10;0;0;0;;;;10;8;0;0;0;;;;8;18
"097021";"Cesana Brianza";5;11;0;0;0;;;;11;10;0;0;0;;;;10;21
"097021";"Cesana Brianza";6;7;0;0;0;;;;7;9;0;0;0;;;;9;16
"097021";"Cesana Brianza";7;12;0;0;0;;;;12;9;0;0;0;;;;9;21
"097021";"Cesana Brianza";8;3;0;0;0;;;;3;7;0;0;0;;;;7;10
"097021";"Cesana Brianza";9;14;0;0;0;;;;14;12;0;0;0;;;;12;26
"097021";"Cesana Brianza";10;13;0;0;0;;;;13;7;0;0;0;;;;7;20
"097021";"Cesana Brianza";11;13;0;0;0;;;;13;16;0;0;0;;;;16;29
"097021";"Cesana Brianza";12;8;0;0;0;;;;8;9;0;0;0;;;;9;17
"097021";"Cesana Brianza";13;12;0;0;0;;;;12;11;0;0;0;;;;11;23
"097021";"Cesana Brianza";14;12;0;0;0;;;;12;11;0;0;0;;;;11;23
"097021";"Cesana Brianza";15;10;0;0;0;;;;10;10;0;0;0;;;;10;20
"097021";"Cesana Brianza";16;12;0;0;0;;;;12;11;0;0;0;;;;11;23
"097021";"Cesana Brianza";17;6;0;0;0;;;;6;8;0;0;0;;;;8;14
"097021";"Cesana Brianza";18;9;0;0;0;;;;9;10;0;0;0;;;;10;19
"097021";"Cesana Brianza";19;14;0;0;0;;;;14;9;0;0;0;;;;9;23
"097021";"Cesana Brianza";20;7;0;0;0;;;;7;7;0;0;0;;;;7;14
"097021";"Cesana Brianza";21;10;0;0;0;;;;10;4;0;0;0;;;;4;14
"097021";"Cesana Brianza";22;8;0;0;0;;;;8;12;0;0;0;;;;12;20
"097021";"Cesana Brianza";23;10;0;0;0;;;;10;11;0;0;0;;;;11;21
"097021";"Cesana Brianza";24;11;0;0;0;;;;11;7;0;0;0;;;;7;18
"097021";"Cesana Brianza";25;12;0;0;0;;;;12;8;0;0;0;;;;8;20
"097021";"Cesana Brianza";26;15;0;0;0;;;;15;17;0;0;0;;;;17;32
"097021";"Cesana Brianza";27;6;0;0;0;;;;6;10;1;0;0;;;;11;17
"097021";"Cesana Brianza";28;9;1;0;0;;;;10;12;1;0;0;;;;13;23
"097021";"Cesana Brianza";29;15;0;0;0;;;;15;10;5;0;0;;;;15;30
"097021";"Cesana Brianza";30;17;1;0;0;;;;18;15;3;0;0;;;;18;36
"097021";"Cesana Brianza";31;16;3;0;0;;;;19;9;3;0;0;;;;12;31
"097021";"Cesana Brianza";32;16;1;0;0;;;;17;6;3;0;0;;;;9;26
"097021";"Cesana Brianza";33;11;4;0;0;;;;15;8;7;0;0;;;;15;30
"097021";"Cesana Brianza";34;7;1;0;0;;;;8;6;6;0;0;;;;12;20
"097021";"Cesana Brianza";35;5;6;0;0;;;;11;3;4;0;0;;;;7;18
"097021";"Cesana Brianza";36;8;4;0;0;;;;12;5;6;1;0;;;;12;24
"097021";"Cesana Brianza";37;6;6;0;0;;;;12;4;8;0;0;;;;12;24
"097021";"Cesana Brianza";38;5;6;0;0;;;;11;4;9;0;0;;;;13;24
"097021";"Cesana Brianza";39;4;6;0;0;;;;10;6;10;2;0;;;;18;28
"097021";"Cesana Brianza";40;11;5;0;0;;;;16;2;10;1;0;;;;13;29
"097021";"Cesana Brianza";41;8;2;0;0;;;;10;7;12;0;0;;;;19;29
"097021";"Cesana Brianza";42;9;10;0;0;;;;19;7;6;1;0;;;;14;33
"097021";"Cesana Brianza";43;11;13;1;0;;;;25;4;6;0;0;;;;10;35
"097021";"Cesana Brianza";44;8;6;2;0;;;;16;2;10;1;0;;;;13;29
"097021";"Cesana Brianza";45;10;12;1;0;;;;23;7;7;1;0;;;;15;38
"097021";"Cesana Brianza";46;5;8;1;0;;;;14;6;12;1;0;;;;19;33
"097021";"Cesana Brianza";47;5;9;0;0;;;;14;3;8;2;0;;;;13;27
"097021";"Cesana Brianza";48;5;17;0;0;;;;22;3;9;0;0;;;;12;34
"097021";"Cesana Brianza";49;4;15;0;0;;;;19;2;13;1;0;;;;16;35
"097021";"Cesana Brianza";50;9;19;1;0;;;;29;2;9;0;2;;;;13;42
"097021";"Cesana Brianza";51;3;7;3;0;;;;13;7;10;2;0;;;;19;32
"097021";"Cesana Brianza";52;4;7;2;0;;;;13;6;18;2;0;;;;26;39
"097021";"Cesana Brianza";53;7;8;1;0;;;;16;3;9;1;2;;;;15;31
"097021";"Cesana Brianza";54;1;12;1;0;;;;14;2;17;0;0;;;;19;33
"097021";"Cesana Brianza";55;8;14;1;0;;;;23;2;19;1;1;;;;23;46
"097021";"Cesana Brianza";56;3;15;0;1;;;;19;1;14;0;2;;;;17;36
"097021";"Cesana Brianza";57;4;14;2;0;;;;20;2;16;1;1;;;;20;40
"097021";"Cesana Brianza";58;6;14;1;0;;;;21;1;12;4;3;;;;20;41
"097021";"Cesana Brianza";59;3;16;1;0;;;;20;2;14;1;0;;;;17;37
"097021";"Cesana Brianza";60;5;12;3;2;;;;22;1;16;0;0;;;;17;39
"097021";"Cesana Brianza";61;6;8;0;0;;;;14;2;12;1;0;;;;15;29
"097021";"Cesana Brianza";62;2;7;0;0;;;;9;2;13;2;1;;;;18;27
"097021";"Cesana Brianza";63;3;11;4;0;;;;18;1;11;1;1;;;;14;32
"097021";"Cesana Brianza";64;5;9;0;0;;;;14;1;12;0;0;;;;13;27
"097021";"Cesana Brianza";65;2;10;1;0;;;;13;2;14;1;3;;;;20;33
"097021";"Cesana Brianza";66;2;16;1;2;;;;21;0;15;1;3;;;;19;40
"097021";"Cesana Brianza";67;2;14;0;0;;;;16;4;14;0;0;;;;18;34
"097021";"Cesana Brianza";68;0;11;0;0;;;;11;3;15;0;3;;;;21;32
"097021";"Cesana Brianza";69;4;14;1;1;;;;20;1;9;0;4;;;;14;34
"097021";"Cesana Brianza";70;0;9;0;2;;;;11;1;11;0;1;;;;13;24
"097021";"Cesana Brianza";71;2;13;1;1;;;;17;1;7;0;3;;;;11;28
"097021";"Cesana Brianza";72;0;12;1;0;;;;13;3;10;1;1;;;;15;28
"097021";"Cesana Brianza";73;0;15;1;0;;;;16;3;12;1;1;;;;17;33
"097021";"Cesana Brianza";74;1;13;0;1;;;;15;3;13;0;5;;;;21;36
"097021";"Cesana Brianza";75;1;17;0;1;;;;19;4;7;0;5;;;;16;35
"097021";"Cesana Brianza";76;0;8;0;2;;;;10;0;8;0;5;;;;13;23
"097021";"Cesana Brianza";77;0;11;0;1;;;;12;2;6;1;3;;;;12;24
"097021";"Cesana Brianza";78;1;8;2;0;;;;11;1;6;0;2;;;;9;20
"097021";"Cesana Brianza";79;0;6;0;2;;;;8;1;4;0;2;;;;7;15
"097021";"Cesana Brianza";80;0;9;0;1;;;;10;0;8;0;6;;;;14;24
"097021";"Cesana Brianza";81;1;4;0;1;;;;6;2;5;1;3;;;;11;17
"097021";"Cesana Brianza";82;0;8;0;0;;;;8;2;5;0;9;;;;16;24
"097021";"Cesana Brianza";83;0;6;0;0;;;;6;1;7;0;5;;;;13;19
"097021";"Cesana Brianza";84;1;8;0;1;;;;10;0;3;0;3;;;;6;16
"097021";"Cesana Brianza";85;0;7;0;2;;;;9;0;1;0;3;;;;4;13
"097021";"Cesana Brianza";86;0;3;0;0;;;;3;2;4;1;6;;;;13;16
"097021";"Cesana Brianza";87;0;5;0;2;;;;7;0;2;0;7;;;;9;16
"097021";"Cesana Brianza";88;0;2;0;0;;;;2;0;0;0;6;;;;6;8
"097021";"Cesana Brianza";89;0;3;0;0;;;;3;2;1;0;4;;;;7;10
"097021";"Cesana Brianza";90;0;1;0;1;;;;2;0;0;0;5;;;;5;7
"097021";"Cesana Brianza";91;0;1;0;0;;;;1;1;0;0;3;;;;4;5
"097021";"Cesana Brianza";92;0;0;0;0;;;;0;0;0;0;3;;;;3;3
"097021";"Cesana Brianza";93;0;0;0;0;;;;0;0;0;0;3;;;;3;3
"097021";"Cesana Brianza";94;0;1;0;0;;;;1;0;0;0;3;;;;3;4
"097021";"Cesana Brianza";95;0;0;0;0;;;;0;0;0;0;0;;;;0;0
"097021";"Cesana Brianza";96;0;0;0;0;;;;0;0;0;0;1;;;;1;1
"097021";"Cesana Brianza";97;0;0;0;0;;;;0;0;0;0;1;;;;1;1
"097021";"Cesana Brianza";98;0;0;0;0;;;;0;0;0;0;0;;;;0;0
"097021";"Cesana Brianza";99;0;0;0;0;;;;0;0;0;0;0;;;;0;0
"097021";"Cesana Brianza";100;0;0;0;0;;;;0;0;0;0;0;;;;0;0
"097021";"Cesana Brianza";999;561;544;33;24;;;;1162;476;548;34;125;;;;1183;2345
"097022";"Civate";0;11;0;0;0;;;;11;13;0;0;0;;;;13;24
"097022";"Civate";1;7;0;0;0;;;;7;13;0;0;0;;;;13;20
"097022";"Civate";2;10;0;0;0;;;;10;8;0;0;0;;;;8;18
"097022";"Civate";3;16;0;0;0;;;;16;13;0;0;0;;;;13;29
"097022";"Civate";4;13;0;0;0;;;;13;11;0;0;0;;;;11;24
"097022";"Civate";5;13;0;0;0;;;;13;15;0;0;0;;;;15;28
"097022";"Civate";6;11;0;0;0;;;;11;17;0;0;0;;;;17;28
"097022";"Civate";7;20;0;0;0;;;;20;17;0;0;0;;;;17;37
"097022";"Civate";8;13;0;0;0;;;;13;13;0;0;0;;;;13;26
"097022";"Civate";9;13;0;0;0;;;;13;20;0;0;0;;;;20;33
"097022";"Civate";10;16;0;0;0;;;;16;14;0;0;0;;;;14;30
"097022";"Civate";11;14;0;0;0;;;;14;15;0;0;0;;;;15;29
"097022";"Civate";12;14;0;0;0;;;;14;15;0;0;0;;;;15;29
"097022";"Civate";13;13;0;0;0;;;;13;17;0;0;0;;;;17;30
"097022";"Civate";14;20;0;0;0;;;;20;12;0;0;0;;;;12;32
"097022";"Civate";15;18;0;0;0;;;;18;19;0;0;0;;;;19;37
"097022";"Civate";16;9;0;0;0;;;;9;22;0;0;0;;;;22;31
"097022";"Civate";17;20;0;0;0;;;;20;18;0;0;0;;;;18;38
"097022";"Civate";18;15;0;0;0;;;;15;16;0;0;0;;;;16;31
"097022";"Civate";19;25;0;0;0;;;;25;18;0;0;0;;;;18;43
"097022";"Civate";20;17;0;0;0;;;;17;20;0;0;0;;;;20;37
"097022";"Civate";21;29;0;0;0;;;;29;16;0;0;0;;;;16;45
"097022";"Civate";22;17;0;0;0;;;;17;12;0;0;0;;;;12;29
"097022";"Civate";23;29;0;0;0;;;;29;20;1;0;0;;;;21;50
"097022";"Civate";24;22;0;0;0;;;;22;15;1;0;0;;;;16;38
"097022";"Civate";25;20;0;0;0;;;;20;15;1;0;0;;;;16;36
"097022";"Civate";26;25;0;0;0;;;;25;8;1;0;0;;;;9;34
"097022";"Civate";27;21;1;0;0;;;;22;21;2;0;0;;;;23;45
"097022";"Civate";28;15;1;0;0;;;;16;9;7;0;0;;;;16;32
"097022";"Civate";29;20;0;0;0;;;;20;11;3;0;0;;;;14;34
"097022";"Civate";30;17;0;0;0;;;;17;10;3;0;0;;;;13;30
"097022";"Civate";31;21;7;0;0;;;;28;11;7;0;0;;;;18;46
"097022";"Civate";32;15;6;0;0;;;;21;9;7;0;0;;;;16;37
"097022";"Civate";33;17;4;0;0;;;;21;8;4;0;0;;;;12;33
"097022";"Civate";34;24;6;0;0;;;;30;10;11;0;0;;;;21;51
"097022";"Civate";35;6;6;0;0;;;;12;10;5;1;0;;;;16;28
"097022";"Civate";36;14;3;0;0;;;;17;10;13;0;0;;;;23;40
"097022";"Civate";37;20;7;1;0;;;;28;5;12;1;0;;;;18;46
"097022";"Civate";38;12;9;1;0;;;;22;6;9;0;0;;;;15;37
"097022";"Civate";39;9;13;0;0;;;;22;8;10;2;1;;;;21;43
"097022";"Civate";40;10;11;0;0;;;;21;8;14;0;0;;;;22;43
"097022";"Civate";41;11;13;0;0;;;;24;6;20;0;0;;;;26;50
"097022";"Civate";42;10;12;0;0;;;;22;3;9;1;0;;;;13;35
"097022";"Civate";43;17;10;1;0;;;;28;4;8;2;0;;;;14;42
"097022";"Civate";44;13;11;0;1;;;;25;4;12;1;0;;;;17;42
"097022";"Civate";45;8;11;2;0;;;;21;4;12;2;0;;;;18;39
"097022";"Civate";46;11;11;1;0;;;;23;3;18;2;0;;;;23;46
"097022";"Civate";47;15;10;1;0;;;;26;4;16;2;0;;;;22;48
"097022";"Civate";48;15;13;2;0;;;;30;6;16;2;1;;;;25;55
"097022";"Civate";49;13;12;1;0;;;;26;1;16;2;0;;;;19;45
"097022";"Civate";50;13;15;1;0;;;;29;8;21;2;0;;;;31;60
"097022";"Civate";51;10;16;0;0;;;;26;2;20;3;0;;;;25;51
"097022";"Civate";52;8;16;5;0;;;;29;5;22;1;1;;;;29;58
"097022";"Civate";53;8;17;0;1;;;;26;2;21;2;0;;;;25;51
"097022";"Civate";54;8;17;0;0;;;;25;4;26;0;0;;;;30;55
"097022";"Civate";55;4;23;1;0;;;;28;5;22;3;2;;;;32;60
"097022";"Civate";56;11;21;2;0;;;;34;3;19;7;2;;;;31;65
"097022";"Civate";57;2;21;3;0;;;;26;3;25;2;0;;;;30;56
"097022";"Civate";58;4;24;3;0;;;;31;2;25;3;1;;;;31;62
"097022";"Civate";59;2;25;0;0;;;;27;3;24;4;0;;;;31;58
"097022";"Civate";60;5;22;3;0;;;;30;2;19;1;1;;;;23;53
"097022";"Civate";61;4;17;3;1;;;;25;6;18;6;0;;;;30;55
"097022";"Civate";62;3;34;2;1;;;;40;3;25;2;0;;;;30;70
"097022";"Civate";63;9;23;1;0;;;;33;2;24;0;1;;;;27;60
"097022";"Civate";64;3;19;0;1;;;;23;7;24;3;4;;;;38;61
"097022";"Civate";65;5;24;3;2;;;;34;3;24;1;3;;;;31;65
"097022";"Civate";66;3;15;2;0;;;;20;5;19;2;6;;;;32;52
"097022";"Civate";67;4;22;1;1;;;;28;2;25;0;5;;;;32;60
"097022";"Civate";68;1;22;1;1;;;;25;2;15;1;3;;;;21;46
"097022";"Civate";69;2;15;0;6;;;;23;3;25;0;1;;;;29;52
"097022";"Civate";70;2;24;1;0;;;;27;3;20;0;1;;;;24;51
"097022";"Civate";71;2;17;0;3;;;;22;1;26;1;3;;;;31;53
"097022";"Civate";72;2;25;0;0;;;;27;3;13;2;6;;;;24;51
"097022";"Civate";73;2;24;1;3;;;;30;1;15;2;8;;;;26;56
"097022";"Civate";74;1;25;0;0;;;;26;1;13;3;12;;;;29;55
"097022";"Civate";75;1;11;0;2;;;;14;4;10;0;9;;;;23;37
"097022";"Civate";76;3;12;0;2;;;;17;2;9;1;7;;;;19;36
"097022";"Civate";77;1;14;1;2;;;;18;5;8;1;5;;;;19;37
"097022";"Civate";78;2;16;0;2;;;;20;2;12;0;4;;;;18;38
"097022";"Civate";79;2;11;0;1;;;;14;1;10;0;2;;;;13;27
"097022";"Civate";80;1;12;0;1;;;;14;4;14;0;6;;;;24;38
"097022";"Civate";81;0;12;0;1;;;;13;3;7;0;4;;;;14;27
"097022";"Civate";82;2;10;0;0;;;;12;1;4;0;8;;;;13;25
"097022";"Civate";83;2;6;0;1;;;;9;3;1;0;9;;;;13;22
"097022";"Civate";84;0;8;0;1;;;;9;1;2;0;12;;;;15;24
"097022";"Civate";85;0;6;0;2;;;;8;0;2;0;8;;;;10;18
"097022";"Civate";86;0;6;0;4;;;;10;2;5;0;7;;;;14;24
"097022";"Civate";87;0;8;0;1;;;;9;4;2;0;6;;;;12;21
"097022";"Civate";88;0;4;0;2;;;;6;2;1;0;6;;;;9;15
"097022";"Civate";89;1;3;0;2;;;;6;0;3;0;9;;;;12;18
"097022";"Civate";90;0;0;0;0;;;;0;0;0;0;5;;;;5;5
"097022";"Civate";91;0;3;0;1;;;;4;0;0;0;14;;;;14;18
"097022";"Civate";92;0;1;0;2;;;;3;1;1;0;6;;;;8;11
"097022";"Civate";93;0;1;0;0;;;;1;1;0;0;8;;;;9;10
"097022";"Civate";94;0;2;0;0;;;;2;0;0;0;5;;;;5;7
"097022";"Civate";95;0;0;0;1;;;;1;0;1;0;6;;;;7;8
"097022";"Civate";96;1;0;0;0;;;;1;0;0;0;6;;;;6;7
"097022";"Civate";97;0;0;0;0;;;;0;2;0;0;5;;;;7;7
"097022";"Civate";98;0;0;0;0;;;;0;1;0;0;3;;;;4;4
"097022";"Civate";99;0;0;0;0;;;;0;1;0;0;0;;;;1;1
"097022";"Civate";100;0;0;0;0;;;;0;0;0;0;3;;;;3;3
"097022";"Civate";999;918;846;44;49;;;;1857;704;860;71;225;;;;1860;3717
"097023";"Colico";0;32;0;0;0;;;;32;32;0;0;0;;;;32;64
"097023";"Colico";1;18;0;0;0;;;;18;27;0;0;0;;;;27;45
"097023";"Colico";2;27;0;0;0;;;;27;22;0;0;0;;;;22;49
"097023";"Colico";3;38;0;0;0;;;;38;18;0;0;0;;;;18;56
"097023";"Colico";4;24;0;0;0;;;;24;40;0;0;0;;;;40;64
"097023";"Colico";5;28;0;0;0;;;;28;30;0;0;0;;;;30;58
"097023";"Colico";6;30;0;0;0;;;;30;22;0;0;0;;;;22;52
"097023";"Colico";7;43;0;0;0;;;;43;29;0;0;0;;;;29;72
"097023";"Colico";8;31;0;0;0;;;;31;26;0;0;0;;;;26;57
"097023";"Colico";9;34;0;0;0;;;;34;38;0;0;0;;;;38;72
"097023";"Colico";10;41;0;0;0;;;;41;45;0;0;0;;;;45;86
"097023";"Colico";11;34;0;0;0;;;;34;41;0;0;0;;;;41;75
"097023";"Colico";12;39;0;0;0;;;;39;37;0;0;0;;;;37;76
"097023";"Colico";13;39;0;0;0;;;;39;43;0;0;0;;;;43;82
"097023";"Colico";14;38;0;0;0;;;;38;43;0;0;0;;;;43;81
"097023";"Colico";15;46;0;0;0;;;;46;34;0;0;0;;;;34;80
"097023";"Colico";16;43;0;0;0;;;;43;40;0;0;0;;;;40;83
"097023";"Colico";17;46;0;0;0;;;;46;32;0;0;0;;;;32;78
"097023";"Colico";18;48;0;0;0;;;;48;37;0;0;0;;;;37;85
"097023";"Colico";19;36;0;0;0;;;;36;26;0;0;0;;;;26;62
"097023";"Colico";20;41;0;0;0;;;;41;43;0;0;0;;;;43;84
"097023";"Colico";21;33;0;0;0;;;;33;23;0;0;0;;;;23;56
"097023";"Colico";22;51;0;0;0;;;;51;43;0;0;0;;;;43;94
"097023";"Colico";23;42;0;0;0;;;;42;35;2;0;0;;;;37;79
"097023";"Colico";24;42;0;0;0;;;;42;30;0;0;0;;;;30;72
"097023";"Colico";25;61;1;0;0;;;;62;38;1;1;0;;;;40;102
"097023";"Colico";26;50;2;0;0;;;;52;40;2;0;0;;;;42;94
"097023";"Colico";27;51;4;0;0;;;;55;23;5;1;0;;;;29;84
"097023";"Colico";28;49;2;0;0;;;;51;31;12;0;0;;;;43;94
"097023";"Colico";29;38;5;0;0;;;;43;33;5;0;0;;;;38;81
"097023";"Colico";30;54;8;0;0;;;;62;28;13;1;0;;;;42;104
"097023";"Colico";31;24;9;1;0;;;;34;15;17;1;0;;;;33;67
"097023";"Colico";32;38;11;0;0;;;;49;28;17;0;0;;;;45;94
"097023";"Colico";33;37;8;0;0;;;;45;21;15;3;0;;;;39;84
"097023";"Colico";34;44;15;1;0;;;;60;24;23;1;1;;;;49;109
"097023";"Colico";35;36;13;0;0;;;;49;23;18;1;0;;;;42;91
"097023";"Colico";36;32;19;1;0;;;;52;23;19;2;0;;;;44;96
"097023";"Colico";37;24;17;0;0;;;;41;27;25;1;0;;;;53;94
"097023";"Colico";38;26;18;2;0;;;;46;17;21;1;0;;;;39;85
"097023";"Colico";39;17;24;2;0;;;;43;20;21;0;0;;;;41;84
"097023";"Colico";40;26;22;4;0;;;;52;19;28;3;1;;;;51;103
"097023";"Colico";41;26;16;0;0;;;;42;19;17;1;0;;;;37;79
"097023";"Colico";42;25;32;2;0;;;;59;21;31;2;0;;;;54;113
"097023";"Colico";43;29;26;1;0;;;;56;18;26;1;1;;;;46;102
"097023";"Colico";44;31;37;0;0;;;;68;22;32;3;0;;;;57;125
"097023";"Colico";45;26;34;2;0;;;;62;17;38;5;0;;;;60;122
"097023";"Colico";46;22;29;2;0;;;;53;18;40;8;1;;;;67;120
"097023";"Colico";47;27;37;2;0;;;;66;9;35;6;0;;;;50;116
"097023";"Colico";48;23;31;2;1;;;;57;14;40;6;0;;;;60;117
"097023";"Colico";49;24;44;1;0;;;;69;16;37;8;2;;;;63;132
"097023";"Colico";50;20;33;3;0;;;;56;12;41;4;2;;;;59;115
"097023";"Colico";51;22;44;3;1;;;;70;13;43;6;2;;;;64;134
"097023";"Colico";52;24;37;5;2;;;;68;11;44;6;0;;;;61;129
"097023";"Colico";53;24;38;8;1;;;;71;16;39;10;3;;;;68;139
"097023";"Colico";54;20;38;5;0;;;;63;8;43;9;2;;;;62;125
"097023";"Colico";55;29;38;7;0;;;;74;14;46;6;1;;;;67;141
"097023";"Colico";56;22;29;5;1;;;;57;12;63;7;1;;;;83;140
"097023";"Colico";57;12;51;12;0;;;;75;8;57;20;5;;;;90;165
"097023";"Colico";58;15;51;5;0;;;;71;17;35;8;1;;;;61;132
"097023";"Colico";59;13;43;8;0;;;;64;4;45;8;5;;;;62;126
"097023";"Colico";60;18;55;9;2;;;;84;6;41;10;4;;;;61;145
"097023";"Colico";61;13;49;3;1;;;;66;12;43;4;3;;;;62;128
"097023";"Colico";62;14;36;5;3;;;;58;7;45;5;7;;;;64;122
"097023";"Colico";63;17;51;3;0;;;;71;4;46;6;5;;;;61;132
"097023";"Colico";64;11;45;2;1;;;;59;4;50;5;12;;;;71;130
"097023";"Colico";65;5;44;4;0;;;;53;8;36;8;4;;;;56;109
"097023";"Colico";66;10;33;5;1;;;;49;1;35;2;9;;;;47;96
"097023";"Colico";67;7;34;0;0;;;;41;9;36;4;15;;;;64;105
"097023";"Colico";68;6;47;2;0;;;;55;2;40;1;13;;;;56;111
"097023";"Colico";69;7;40;0;2;;;;49;3;36;2;7;;;;48;97
"097023";"Colico";70;4;39;1;1;;;;45;7;26;6;13;;;;52;97
"097023";"Colico";71;3;49;2;2;;;;56;2;22;0;6;;;;30;86
"097023";"Colico";72;3;30;4;2;;;;39;2;28;3;10;;;;43;82
"097023";"Colico";73;1;28;5;4;;;;38;3;29;2;10;;;;44;82
"097023";"Colico";74;3;28;4;5;;;;40;7;29;2;24;;;;62;102
"097023";"Colico";75;6;28;6;3;;;;43;4;27;3;15;;;;49;92
"097023";"Colico";76;3;35;2;6;;;;46;3;28;1;25;;;;57;103
"097023";"Colico";77;3;31;0;0;;;;34;2;24;1;20;;;;47;81
"097023";"Colico";78;4;28;1;1;;;;34;6;20;0;17;;;;43;77
"097023";"Colico";79;2;19;3;3;;;;27;3;14;1;16;;;;34;61
"097023";"Colico";80;2;17;2;5;;;;26;7;14;0;12;;;;33;59
"097023";"Colico";81;2;22;0;3;;;;27;0;7;1;15;;;;23;50
"097023";"Colico";82;2;24;1;1;;;;28;5;11;1;14;;;;31;59
"097023";"Colico";83;6;11;0;3;;;;20;3;10;0;17;;;;30;50
"097023";"Colico";84;3;14;1;5;;;;23;4;9;0;19;;;;32;55
"097023";"Colico";85;0;17;0;4;;;;21;3;10;0;22;;;;35;56
"097023";"Colico";86;3;17;0;2;;;;22;1;7;0;25;;;;33;55
"097023";"Colico";87;1;9;0;4;;;;14;3;6;0;12;;;;21;35
"097023";"Colico";88;1;7;0;5;;;;13;1;3;1;10;;;;15;28
"097023";"Colico";89;1;7;0;4;;;;12;0;2;0;15;;;;17;29
"097023";"Colico";90;2;4;0;0;;;;6;1;0;0;8;;;;9;15
"097023";"Colico";91;0;4;0;3;;;;7;1;0;0;11;;;;12;19
"097023";"Colico";92;0;5;0;1;;;;6;0;2;0;12;;;;14;20
"097023";"Colico";93;1;1;0;0;;;;2;1;0;0;6;;;;7;9
"097023";"Colico";94;0;0;0;0;;;;0;0;2;0;8;;;;10;10
"097023";"Colico";95;0;1;0;0;;;;1;0;0;0;2;;;;2;3
"097023";"Colico";96;1;0;0;0;;;;1;0;0;0;4;;;;4;5
"097023";"Colico";97;0;0;0;0;;;;0;0;0;0;3;;;;3;3
"097023";"Colico";98;0;0;0;1;;;;1;0;0;0;1;;;;1;2
"097023";"Colico";99;0;0;0;0;;;;0;1;0;0;2;;;;3;3
"097023";"Colico";100;0;0;0;0;;;;0;0;0;0;3;;;;3;3
"097023";"Colico";999;2130;1775;149;84;;;;4138;1641;1734;209;484;;;;4068;8206
"097024";"Colle Brianza";0;8;0;0;0;;;;8;7;0;0;0;;;;7;15
"097024";"Colle Brianza";1;6;0;0;0;;;;6;7;0;0;0;;;;7;13
"097024";"Colle Brianza";2;5;0;0;0;;;;5;6;0;0;0;;;;6;11
"097024";"Colle Brianza";3;9;0;0;0;;;;9;10;0;0;0;;;;10;19
"097024";"Colle Brianza";4;3;0;0;0;;;;3;7;0;0;0;;;;7;10
"097024";"Colle Brianza";5;9;0;0;0;;;;9;4;0;0;0;;;;4;13
"097024";"Colle Brianza";6;7;0;0;0;;;;7;2;0;0;0;;;;2;9
"097024";"Colle Brianza";7;2;0;0;0;;;;2;10;0;0;0;;;;10;12
"097024";"Colle Brianza";8;13;0;0;0;;;;13;7;0;0;0;;;;7;20
"097024";"Colle Brianza";9;10;0;0;0;;;;10;6;0;0;0;;;;6;16
"097024";"Colle Brianza";10;9;0;0;0;;;;9;5;0;0;0;;;;5;14
"097024";"Colle Brianza";11;11;0;0;0;;;;11;13;0;0;0;;;;13;24
"097024";"Colle Brianza";12;9;0;0;0;;;;9;11;0;0;0;;;;11;20
"097024";"Colle Brianza";13;8;0;0;0;;;;8;6;0;0;0;;;;6;14
"097024";"Colle Brianza";14;11;0;0;0;;;;11;13;0;0;0;;;;13;24
"097024";"Colle Brianza";15;8;0;0;0;;;;8;8;0;0;0;;;;8;16
"097024";"Colle Brianza";16;6;0;0;0;;;;6;6;0;0;0;;;;6;12
"097024";"Colle Brianza";17;10;0;0;0;;;;10;10;0;0;0;;;;10;20
"097024";"Colle Brianza";18;12;0;0;0;;;;12;8;0;0;0;;;;8;20
"097024";"Colle Brianza";19;6;0;0;0;;;;6;9;0;0;0;;;;9;15
"097024";"Colle Brianza";20;9;0;0;0;;;;9;8;0;0;0;;;;8;17
"097024";"Colle Brianza";21;10;0;0;0;;;;10;5;0;0;0;;;;5;15
"097024";"Colle Brianza";22;9;0;0;0;;;;9;7;0;0;0;;;;7;16
"097024";"Colle Brianza";23;11;0;0;0;;;;11;8;0;0;0;;;;8;19
"097024";"Colle Brianza";24;13;1;0;0;;;;14;11;0;0;0;;;;11;25
"097024";"Colle Brianza";25;6;0;0;0;;;;6;12;2;0;1;;;;15;21
"097024";"Colle Brianza";26;9;0;0;0;;;;9;12;0;0;0;;;;12;21
"097024";"Colle Brianza";27;14;0;0;0;;;;14;10;1;0;0;;;;11;25
"097024";"Colle Brianza";28;9;0;0;0;;;;9;9;2;0;0;;;;11;20
"097024";"Colle Brianza";29;8;0;0;0;;;;8;7;3;0;0;;;;10;18
"097024";"Colle Brianza";30;7;2;0;0;;;;9;6;0;0;0;;;;6;15
"097024";"Colle Brianza";31;8;2;1;0;;;;11;3;1;0;0;;;;4;15
"097024";"Colle Brianza";32;15;0;0;0;;;;15;8;4;0;0;;;;12;27
"097024";"Colle Brianza";33;7;2;0;0;;;;9;8;6;1;0;;;;15;24
"097024";"Colle Brianza";34;6;6;0;0;;;;12;3;3;0;0;;;;6;18
"097024";"Colle Brianza";35;5;2;0;0;;;;7;4;6;0;0;;;;10;17
"097024";"Colle Brianza";36;9;4;0;0;;;;13;11;3;0;0;;;;14;27
"097024";"Colle Brianza";37;12;2;0;0;;;;14;7;9;0;0;;;;16;30
"097024";"Colle Brianza";38;9;5;0;0;;;;14;8;3;0;0;;;;11;25
"097024";"Colle Brianza";39;8;4;0;0;;;;12;2;5;0;0;;;;7;19
"097024";"Colle Brianza";40;6;5;0;0;;;;11;3;1;1;1;;;;6;17
"097024";"Colle Brianza";41;2;2;0;0;;;;4;8;11;0;0;;;;19;23
"097024";"Colle Brianza";42;6;4;1;0;;;;11;3;6;0;0;;;;9;20
"097024";"Colle Brianza";43;8;7;1;0;;;;16;4;7;1;0;;;;12;28
"097024";"Colle Brianza";44;3;10;0;0;;;;13;3;8;2;0;;;;13;26
"097024";"Colle Brianza";45;7;2;2;0;;;;11;5;5;0;0;;;;10;21
"097024";"Colle Brianza";46;6;4;1;0;;;;11;6;9;0;0;;;;15;26
"097024";"Colle Brianza";47;5;11;1;0;;;;17;3;10;0;0;;;;13;30
"097024";"Colle Brianza";48;5;7;2;0;;;;14;3;15;1;0;;;;19;33
"097024";"Colle Brianza";49;5;11;1;0;;;;17;3;8;1;0;;;;12;29
"097024";"Colle Brianza";50;9;15;2;1;;;;27;3;11;1;0;;;;15;42
"097024";"Colle Brianza";51;2;9;3;0;;;;14;2;14;2;0;;;;18;32
"097024";"Colle Brianza";52;7;10;0;0;;;;17;3;15;3;0;;;;21;38
"097024";"Colle Brianza";53;4;10;1;0;;;;15;4;12;1;1;;;;18;33
"097024";"Colle Brianza";54;2;11;0;1;;;;14;2;8;0;0;;;;10;24
"097024";"Colle Brianza";55;4;12;0;0;;;;16;2;13;0;0;;;;15;31
"097024";"Colle Brianza";56;4;8;0;0;;;;12;2;11;0;0;;;;13;25
"097024";"Colle Brianza";57;2;13;1;1;;;;17;3;10;1;1;;;;15;32
"097024";"Colle Brianza";58;3;9;0;0;;;;12;0;10;1;0;;;;11;23
"097024";"Colle Brianza";59;3;10;1;0;;;;14;2;11;1;2;;;;16;30
"097024";"Colle Brianza";60;4;16;1;1;;;;22;3;14;0;1;;;;18;40
"097024";"Colle Brianza";61;4;14;1;0;;;;19;1;13;3;0;;;;17;36
"097024";"Colle Brianza";62;4;5;1;1;;;;11;1;8;1;4;;;;14;25
"097024";"Colle Brianza";63;2;7;0;0;;;;9;2;4;0;1;;;;7;16
"097024";"Colle Brianza";64;1;13;0;0;;;;14;1;10;1;0;;;;12;26
"097024";"Colle Brianza";65;3;9;0;1;;;;13;1;6;3;2;;;;12;25
"097024";"Colle Brianza";66;5;12;0;0;;;;17;0;13;0;2;;;;15;32
"097024";"Colle Brianza";67;3;7;1;0;;;;11;1;11;0;1;;;;13;24
"097024";"Colle Brianza";68;2;9;1;0;;;;12;0;5;0;3;;;;8;20
"097024";"Colle Brianza";69;3;6;2;0;;;;11;0;8;0;3;;;;11;22
"097024";"Colle Brianza";70;2;8;0;1;;;;11;0;9;0;2;;;;11;22
"097024";"Colle Brianza";71;0;12;1;0;;;;13;0;7;2;1;;;;10;23
"097024";"Colle Brianza";72;2;8;1;0;;;;11;0;5;1;2;;;;8;19
"097024";"Colle Brianza";73;1;9;0;0;;;;10;1;5;0;1;;;;7;17
"097024";"Colle Brianza";74;1;8;0;1;;;;10;1;7;1;2;;;;11;21
"097024";"Colle Brianza";75;0;9;0;1;;;;10;1;7;0;3;;;;11;21
"097024";"Colle Brianza";76;0;5;1;3;;;;9;1;5;0;0;;;;6;15
"097024";"Colle Brianza";77;2;7;0;0;;;;9;1;4;0;1;;;;6;15
"097024";"Colle Brianza";78;1;5;1;1;;;;8;0;4;0;2;;;;6;14
"097024";"Colle Brianza";79;0;7;0;0;;;;7;0;4;0;0;;;;4;11
"097024";"Colle Brianza";80;1;5;0;1;;;;7;0;3;0;6;;;;9;16
"097024";"Colle Brianza";81;1;3;0;1;;;;5;0;5;0;4;;;;9;14
"097024";"Colle Brianza";82;0;4;0;0;;;;4;1;3;0;5;;;;9;13
"097024";"Colle Brianza";83;1;3;0;0;;;;4;1;1;0;5;;;;7;11
"097024";"Colle Brianza";84;0;8;0;2;;;;10;0;1;0;3;;;;4;14
"097024";"Colle Brianza";85;0;3;0;1;;;;4;0;0;0;2;;;;2;6
"097024";"Colle Brianza";86;1;1;0;1;;;;3;1;2;0;1;;;;4;7
"097024";"Colle Brianza";87;0;2;0;0;;;;2;1;0;0;3;;;;4;6
"097024";"Colle Brianza";88;0;3;0;0;;;;3;0;0;0;1;;;;1;4
"097024";"Colle Brianza";89;0;0;0;1;;;;1;2;0;0;2;;;;4;5
"097024";"Colle Brianza";90;0;0;0;0;;;;0;0;0;0;3;;;;3;3
"097024";"Colle Brianza";91;1;0;0;0;;;;1;0;0;0;1;;;;1;2
"097024";"Colle Brianza";92;0;0;0;1;;;;1;0;0;0;0;;;;0;1
"097024";"Colle Brianza";93;0;0;0;1;;;;1;0;0;0;1;;;;1;2
"097024";"Colle Brianza";94;0;0;0;0;;;;0;0;0;0;0;;;;0;0
"097024";"Colle Brianza";95;0;0;0;0;;;;0;0;0;0;1;;;;1;1
"097024";"Colle Brianza";96;1;0;0;0;;;;1;0;0;0;0;;;;0;1
"097024";"Colle Brianza";97;0;0;0;0;;;;0;0;0;0;0;;;;0;0
"097024";"Colle Brianza";98;0;0;0;0;;;;0;0;0;0;0;;;;0;0
"097024";"Colle Brianza";99;0;0;0;0;;;;0;0;0;0;0;;;;0;0
"097024";"Colle Brianza";100;0;0;0;0;;;;0;0;0;0;1;;;;1;1
"097024";"Colle Brianza";999;485;408;29;22;;;;944;389;407;29;76;;;;901;1845
"097025";"Cortenova";0;1;0;0;0;;;;1;4;0;0;0;;;;4;5
"097025";"Cortenova";1;8;0;0;0;;;;8;3;0;0;0;;;;3;11
"097025";"Cortenova";2;2;0;0;0;;;;2;4;0;0;0;;;;4;6
"097025";"Cortenova";3;2;0;0;0;;;;2;0;0;0;0;;;;0;2
"097025";"Cortenova";4;3;0;0;0;;;;3;4;0;0;0;;;;4;7
"097025";"Cortenova";5;1;0;0;0;;;;1;7;0;0;0;;;;7;8
"097025";"Cortenova";6;7;0;0;0;;;;7;4;0;0;0;;;;4;11
"097025";"Cortenova";7;2;0;0;0;;;;2;3;0;0;0;;;;3;5
"097025";"Cortenova";8;4;0;0;0;;;;4;2;0;0;0;;;;2;6
"097025";"Cortenova";9;3;0;0;0;;;;3;4;0;0;0;;;;4;7
"097025";"Cortenova";10;5;0;0;0;;;;5;2;0;0;0;;;;2;7
"097025";"Cortenova";11;9;0;0;0;;;;9;3;0;0;0;;;;3;12
"097025";"Cortenova";12;8;0;0;0;;;;8;3;0;0;0;;;;3;11
"097025";"Cortenova";13;2;0;0;0;;;;2;7;0;0;0;;;;7;9
"097025";"Cortenova";14;7;0;0;0;;;;7;3;0;0;0;;;;3;10
"097025";"Cortenova";15;7;0;0;0;;;;7;6;0;0;0;;;;6;13
"097025";"Cortenova";16;10;0;0;0;;;;10;4;0;0;0;;;;4;14
"097025";"Cortenova";17;8;0;0;0;;;;8;10;0;0;0;;;;10;18
"097025";"Cortenova";18;6;0;0;0;;;;6;8;0;0;0;;;;8;14
"097025";"Cortenova";19;8;0;0;0;;;;8;7;0;0;0;;;;7;15
"097025";"Cortenova";20;3;0;0;0;;;;3;5;0;0;0;;;;5;8
"097025";"Cortenova";21;8;0;0;0;;;;8;9;0;0;0;;;;9;17
"097025";"Cortenova";22;6;0;0;0;;;;6;1;0;0;0;;;;1;7
"097025";"Cortenova";23;3;0;0;0;;;;3;8;0;0;0;;;;8;11
"097025";"Cortenova";24;9;0;0;0;;;;9;5;1;0;0;;;;6;15
"097025";"Cortenova";25;8;0;0;0;;;;8;5;1;1;0;;;;7;15
"097025";"Cortenova";26;6;1;0;0;;;;7;6;1;0;0;;;;7;14
"097025";"Cortenova";27;4;1;0;0;;;;5;7;3;0;0;;;;10;15
"097025";"Cortenova";28;2;1;0;0;;;;3;2;1;0;0;;;;3;6
"097025";"Cortenova";29;7;0;0;0;;;;7;4;5;0;0;;;;9;16
"097025";"Cortenova";30;2;1;0;0;;;;3;4;0;0;0;;;;4;7
"097025";"Cortenova";31;1;0;0;0;;;;1;3;2;0;0;;;;5;6
"097025";"Cortenova";32;2;2;0;0;;;;4;3;4;0;0;;;;7;11
"097025";"Cortenova";33;1;0;0;0;;;;1;1;2;0;0;;;;3;4
"097025";"Cortenova";34;5;2;0;0;;;;7;2;2;0;0;;;;4;11
"097025";"Cortenova";35;6;2;0;0;;;;8;5;1;0;0;;;;6;14
"097025";"Cortenova";36;3;5;0;0;;;;8;1;3;0;0;;;;4;12
"097025";"Cortenova";37;2;2;0;0;;;;4;2;3;0;0;;;;5;9
"097025";"Cortenova";38;3;6;0;0;;;;9;2;1;0;0;;;;3;12
"097025";"Cortenova";39;1;5;0;0;;;;6;0;1;0;0;;;;1;7
"097025";"Cortenova";40;4;3;0;0;;;;7;1;7;0;0;;;;8;15
"097025";"Cortenova";41;3;0;0;0;;;;3;3;4;1;0;;;;8;11
"097025";"Cortenova";42;0;5;0;0;;;;5;0;4;0;0;;;;4;9
"097025";"Cortenova";43;0;1;0;0;;;;1;1;7;0;0;;;;8;9
"097025";"Cortenova";44;1;2;0;0;;;;3;2;6;0;0;;;;8;11
"097025";"Cortenova";45;1;5;0;0;;;;6;1;5;1;0;;;;7;13
"097025";"Cortenova";46;6;5;1;1;;;;13;2;6;0;0;;;;8;21
"097025";"Cortenova";47;3;7;2;0;;;;12;0;4;1;0;;;;5;17
"097025";"Cortenova";48;4;8;0;0;;;;12;1;7;1;0;;;;9;21
"097025";"Cortenova";49;7;5;0;0;;;;12;2;6;0;0;;;;8;20
"097025";"Cortenova";50;2;6;0;0;;;;8;1;9;0;1;;;;11;19
"097025";"Cortenova";51;2;7;1;2;;;;12;2;9;1;0;;;;12;24
"097025";"Cortenova";52;2;5;1;0;;;;8;0;7;0;0;;;;7;15
"097025";"Cortenova";53;3;11;0;0;;;;14;0;8;0;0;;;;8;22
"097025";"Cortenova";54;4;10;0;0;;;;14;1;8;1;0;;;;10;24
"097025";"Cortenova";55;1;5;2;0;;;;8;1;11;4;0;;;;16;24
"097025";"Cortenova";56;2;5;1;0;;;;8;0;10;0;0;;;;10;18
"097025";"Cortenova";57;2;5;2;0;;;;9;1;10;0;0;;;;11;20
"097025";"Cortenova";58;2;10;1;0;;;;13;3;13;1;2;;;;19;32
"097025";"Cortenova";59;2;9;1;0;;;;12;1;4;1;1;;;;7;19
"097025";"Cortenova";60;1;11;0;0;;;;12;3;7;0;4;;;;14;26
"097025";"Cortenova";61;1;11;0;0;;;;12;0;6;0;2;;;;8;20
"097025";"Cortenova";62;1;11;0;0;;;;12;0;7;0;1;;;;8;20
"097025";"Cortenova";63;0;6;1;0;;;;7;0;6;0;0;;;;6;13
"097025";"Cortenova";64;1;9;0;0;;;;10;0;4;0;0;;;;4;14
"097025";"Cortenova";65;2;4;2;0;;;;8;1;8;0;1;;;;10;18
"097025";"Cortenova";66;2;6;1;0;;;;9;1;7;1;3;;;;12;21
"097025";"Cortenova";67;1;7;0;0;;;;8;0;4;0;2;;;;6;14
"097025";"Cortenova";68;0;5;0;0;;;;5;0;5;1;2;;;;8;13
"097025";"Cortenova";69;0;5;2;1;;;;8;2;3;0;1;;;;6;14
"097025";"Cortenova";70;0;5;0;0;;;;5;0;3;0;1;;;;4;9
"097025";"Cortenova";71;1;5;0;1;;;;7;1;7;0;1;;;;9;16
"097025";"Cortenova";72;0;4;0;0;;;;4;0;1;0;2;;;;3;7
"097025";"Cortenova";73;2;2;1;0;;;;5;0;2;0;0;;;;2;7
"097025";"Cortenova";74;1;6;0;0;;;;7;0;5;1;3;;;;9;16
"097025";"Cortenova";75;1;3;0;1;;;;5;0;8;1;1;;;;10;15
"097025";"Cortenova";76;1;6;0;0;;;;7;0;2;0;3;;;;5;12
"097025";"Cortenova";77;2;4;0;2;;;;8;1;5;0;3;;;;9;17
"097025";"Cortenova";78;0;3;0;1;;;;4;0;2;1;3;;;;6;10
"097025";"Cortenova";79;0;4;0;0;;;;4;0;0;0;1;;;;1;5
"097025";"Cortenova";80;0;3;0;4;;;;7;0;1;0;4;;;;5;12
"097025";"Cortenova";81;1;4;0;0;;;;5;0;1;0;4;;;;5;10
"097025";"Cortenova";82;0;7;0;0;;;;7;2;3;0;4;;;;9;16
"097025";"Cortenova";83;0;4;0;0;;;;4;0;2;0;3;;;;5;9
"097025";"Cortenova";84;1;0;0;0;;;;1;0;2;0;8;;;;10;11
"097025";"Cortenova";85;0;2;0;0;;;;2;0;0;0;4;;;;4;6
"097025";"Cortenova";86;0;2;0;1;;;;3;0;0;0;6;;;;6;9
"097025";"Cortenova";87;1;0;0;0;;;;1;0;1;0;4;;;;5;6
"097025";"Cortenova";88;0;0;0;0;;;;0;1;1;0;4;;;;6;6
"097025";"Cortenova";89;0;0;0;1;;;;1;0;0;0;8;;;;8;9
"097025";"Cortenova";90;0;1;0;0;;;;1;1;0;0;1;;;;2;3
"097025";"Cortenova";91;0;0;0;2;;;;2;0;0;0;4;;;;4;6
"097025";"Cortenova";92;0;1;0;0;;;;1;0;0;0;2;;;;2;3
"097025";"Cortenova";93;0;0;0;0;;;;0;0;1;0;1;;;;2;2
"097025";"Cortenova";94;0;0;0;0;;;;0;0;0;0;0;;;;0;0
"097025";"Cortenova";95;0;0;0;0;;;;0;0;0;0;0;;;;0;0
"097025";"Cortenova";96;0;0;0;0;;;;0;1;0;0;2;;;;3;3
"097025";"Cortenova";97;0;0;0;0;;;;0;0;0;0;0;;;;0;0
"097025";"Cortenova";98;0;0;0;0;;;;0;0;0;0;0;;;;0;0
"097025";"Cortenova";99;0;0;0;0;;;;0;0;0;0;0;;;;0;0
"097025";"Cortenova";100;0;0;0;0;;;;0;0;0;0;0;;;;0;0
"097025";"Cortenova";999;256;283;19;17;;;;575;200;280;18;97;;;;595;1170
"097026";"Costa Masnaga";0;25;0;0;0;;;;25;18;0;0;0;;;;18;43
"097026";"Costa Masnaga";1;16;0;0;0;;;;16;15;0;0;0;;;;15;31
"097026";"Costa Masnaga";2;15;0;0;0;;;;15;21;0;0;0;;;;21;36
"097026";"Costa Masnaga";3;12;0;0;0;;;;12;12;0;0;0;;;;12;24
"097026";"Costa Masnaga";4;24;0;0;0;;;;24;25;0;0;0;;;;25;49
"097026";"Costa Masnaga";5;22;0;0;0;;;;22;16;0;0;0;;;;16;38
"097026";"Costa Masnaga";6;18;0;0;0;;;;18;30;0;0;0;;;;30;48
"097026";"Costa Masnaga";7;28;0;0;0;;;;28;22;0;0;0;;;;22;50
"097026";"Costa Masnaga";8;19;0;0;0;;;;19;20;0;0;0;;;;20;39
"097026";"Costa Masnaga";9;27;0;0;0;;;;27;21;0;0;0;;;;21;48
"097026";"Costa Masnaga";10;39;0;0;0;;;;39;19;0;0;0;;;;19;58
"097026";"Costa Masnaga";11;29;0;0;0;;;;29;18;0;0;0;;;;18;47
"097026";"Costa Masnaga";12;23;0;0;0;;;;23;33;0;0;0;;;;33;56
"097026";"Costa Masnaga";13;29;0;0;0;;;;29;28;0;0;0;;;;28;57
"097026";"Costa Masnaga";14;18;0;0;0;;;;18;29;0;0;0;;;;29;47
"097026";"Costa Masnaga";15;27;0;0;0;;;;27;26;0;0;0;;;;26;53
"097026";"Costa Masnaga";16;25;0;0;0;;;;25;21;0;0;0;;;;21;46
"097026";"Costa Masnaga";17;29;0;0;0;;;;29;15;0;0;0;;;;15;44
"097026";"Costa Masnaga";18;24;0;0;0;;;;24;24;0;0;0;;;;24;48
"097026";"Costa Masnaga";19;27;0;0;0;;;;27;20;1;0;0;;;;21;48
"097026";"Costa Masnaga";20;24;0;0;0;;;;24;22;0;0;0;;;;22;46
"097026";"Costa Masnaga";21;25;0;0;0;;;;25;18;0;0;0;;;;18;43
"097026";"Costa Masnaga";22;21;0;0;0;;;;21;25;1;0;0;;;;26;47
"097026";"Costa Masnaga";23;20;0;0;0;;;;20;19;4;0;0;;;;23;43
"097026";"Costa Masnaga";24;22;0;0;0;;;;22;23;1;0;0;;;;24;46
"097026";"Costa Masnaga";25;25;0;0;0;;;;25;20;2;0;0;;;;22;47
"097026";"Costa Masnaga";26;21;1;0;0;;;;22;18;3;0;0;;;;21;43
"097026";"Costa Masnaga";27;24;1;0;0;;;;25;18;3;0;0;;;;21;46
"097026";"Costa Masnaga";28;20;0;0;0;;;;20;10;6;0;0;;;;16;36
"097026";"Costa Masnaga";29;25;2;1;0;;;;28;18;7;0;0;;;;25;53
"097026";"Costa Masnaga";30;24;3;0;0;;;;27;13;3;0;0;;;;16;43
"097026";"Costa Masnaga";31;30;7;0;0;;;;37;13;5;0;0;;;;18;55
"097026";"Costa Masnaga";32;20;6;0;0;;;;26;15;6;0;0;;;;21;47
"097026";"Costa Masnaga";33;21;6;0;0;;;;27;15;16;0;0;;;;31;58
"097026";"Costa Masnaga";34;20;8;0;0;;;;28;14;12;1;0;;;;27;55
"097026";"Costa Masnaga";35;16;4;0;0;;;;20;11;10;1;0;;;;22;42
"097026";"Costa Masnaga";36;14;12;0;0;;;;26;11;15;0;0;;;;26;52
"097026";"Costa Masnaga";37;17;15;0;0;;;;32;15;17;1;0;;;;33;65
"097026";"Costa Masnaga";38;14;10;0;0;;;;24;10;24;0;0;;;;34;58
"097026";"Costa Masnaga";39;17;10;1;0;;;;28;9;18;0;1;;;;28;56
"097026";"Costa Masnaga";40;17;25;1;0;;;;43;14;20;0;0;;;;34;77
"097026";"Costa Masnaga";41;13;10;0;0;;;;23;11;17;2;0;;;;30;53
"097026";"Costa Masnaga";42;15;18;1;0;;;;34;6;27;3;0;;;;36;70
"097026";"Costa Masnaga";43;11;21;3;0;;;;35;7;28;2;0;;;;37;72
"097026";"Costa Masnaga";44;18;23;2;0;;;;43;12;28;1;1;;;;42;85
"097026";"Costa Masnaga";45;8;25;1;0;;;;34;6;28;5;0;;;;39;73
"097026";"Costa Masnaga";46;10;35;2;0;;;;47;2;25;1;0;;;;28;75
"097026";"Costa Masnaga";47;11;18;2;0;;;;31;5;29;3;1;;;;38;69
"097026";"Costa Masnaga";48;16;26;6;0;;;;48;6;23;2;1;;;;32;80
"097026";"Costa Masnaga";49;8;34;3;0;;;;45;4;20;3;0;;;;27;72
"097026";"Costa Masnaga";50;6;21;1;0;;;;28;8;16;4;0;;;;28;56
"097026";"Costa Masnaga";51;6;28;3;0;;;;37;6;26;4;1;;;;37;74
"097026";"Costa Masnaga";52;9;21;1;0;;;;31;7;34;2;1;;;;44;75
"097026";"Costa Masnaga";53;2;26;1;0;;;;29;6;26;1;0;;;;33;62
"097026";"Costa Masnaga";54;13;26;2;0;;;;41;3;24;6;2;;;;35;76
"097026";"Costa Masnaga";55;9;25;1;0;;;;35;4;22;4;0;;;;30;65
"097026";"Costa Masnaga";56;10;26;4;1;;;;41;6;24;1;1;;;;32;73
"097026";"Costa Masnaga";57;8;18;4;0;;;;30;3;26;3;3;;;;35;65
"097026";"Costa Masnaga";58;7;36;5;1;;;;49;4;28;0;1;;;;33;82
"097026";"Costa Masnaga";59;8;30;1;0;;;;39;6;26;1;3;;;;36;75
"097026";"Costa Masnaga";60;5;25;2;2;;;;34;4;24;3;4;;;;35;69
"097026";"Costa Masnaga";61;8;25;3;1;;;;37;7;21;2;1;;;;31;68
"097026";"Costa Masnaga";62;2;25;2;1;;;;30;2;34;2;3;;;;41;71
"097026";"Costa Masnaga";63;3;23;1;1;;;;28;4;16;1;1;;;;22;50
"097026";"Costa Masnaga";64;8;23;1;0;;;;32;5;23;0;3;;;;31;63
"097026";"Costa Masnaga";65;0;24;3;1;;;;28;4;38;1;5;;;;48;76
"097026";"Costa Masnaga";66;4;23;1;1;;;;29;6;12;1;4;;;;23;52
"097026";"Costa Masnaga";67;2;21;1;1;;;;25;2;24;0;4;;;;30;55
"097026";"Costa Masnaga";68;1;26;1;2;;;;30;2;20;2;1;;;;25;55
"097026";"Costa Masnaga";69;3;31;2;6;;;;42;4;25;1;4;;;;34;76
"097026";"Costa Masnaga";70;0;19;0;3;;;;22;1;18;3;7;;;;29;51
"097026";"Costa Masnaga";71;1;20;0;0;;;;21;2;18;0;7;;;;27;48
"097026";"Costa Masnaga";72;3;24;1;1;;;;29;3;18;0;10;;;;31;60
"097026";"Costa Masnaga";73;1;13;0;2;;;;16;2;19;2;1;;;;24;40
"097026";"Costa Masnaga";74;3;17;1;2;;;;23;0;17;0;15;;;;32;55
"097026";"Costa Masnaga";75;3;21;0;2;;;;26;1;21;0;6;;;;28;54
"097026";"Costa Masnaga";76;0;26;0;4;;;;30;1;15;0;10;;;;26;56
"097026";"Costa Masnaga";77;2;18;1;1;;;;22;2;11;0;8;;;;21;43
"097026";"Costa Masnaga";78;0;21;1;1;;;;23;2;12;0;9;;;;23;46
"097026";"Costa Masnaga";79;0;13;0;6;;;;19;0;3;0;12;;;;15;34
"097026";"Costa Masnaga";80;0;13;0;2;;;;15;0;6;1;15;;;;22;37
"097026";"Costa Masnaga";81;1;9;0;3;;;;13;1;5;0;8;;;;14;27
"097026";"Costa Masnaga";82;1;3;0;0;;;;4;2;6;0;2;;;;10;14
"097026";"Costa Masnaga";83;0;4;0;1;;;;5;0;5;0;16;;;;21;26
"097026";"Costa Masnaga";84;0;20;0;5;;;;25;4;10;0;11;;;;25;50
"097026";"Costa Masnaga";85;1;7;1;3;;;;12;0;2;1;9;;;;12;24
"097026";"Costa Masnaga";86;0;11;0;0;;;;11;1;4;0;10;;;;15;26
"097026";"Costa Masnaga";87;0;4;0;1;;;;5;0;3;0;7;;;;10;15
"097026";"Costa Masnaga";88;0;4;0;3;;;;7;0;1;1;7;;;;9;16
"097026";"Costa Masnaga";89;0;2;0;3;;;;5;1;1;0;13;;;;15;20
"097026";"Costa Masnaga";90;0;6;0;3;;;;9;0;0;0;5;;;;5;14
"097026";"Costa Masnaga";91;0;1;0;0;;;;1;0;0;0;4;;;;4;5
"097026";"Costa Masnaga";92;0;0;0;0;;;;0;1;0;0;7;;;;8;8
"097026";"Costa Masnaga";93;0;0;0;0;;;;0;0;1;0;3;;;;4;4
"097026";"Costa Masnaga";94;0;1;0;2;;;;3;2;0;0;5;;;;7;10
"097026";"Costa Masnaga";95;0;0;0;0;;;;0;0;1;0;2;;;;3;3
"097026";"Costa Masnaga";96;0;1;0;0;;;;1;1;0;0;1;;;;2;3
"097026";"Costa Masnaga";97;0;0;0;1;;;;1;0;0;0;1;;;;1;2
"097026";"Costa Masnaga";98;0;0;0;2;;;;2;0;0;0;1;;;;1;3
"097026";"Costa Masnaga";99;0;0;0;1;;;;1;0;0;0;0;;;;0;1
"097026";"Costa Masnaga";100;0;0;0;0;;;;0;0;0;0;1;;;;1;1
"097026";"Costa Masnaga";999;1153;1101;68;70;;;;2392;943;1085;72;259;;;;2359;4751
"097027";"Crandola Valsassina";0;1;0;0;0;;;;1;0;0;0;0;;;;0;1
"097027";"Crandola Valsassina";1;0;0;0;0;;;;0;1;0;0;0;;;;1;1
"097027";"Crandola Valsassina";2;2;0;0;0;;;;2;0;0;0;0;;;;0;2
"097027";"Crandola Valsassina";3;0;0;0;0;;;;0;2;0;0;0;;;;2;2
"097027";"Crandola Valsassina";4;2;0;0;0;;;;2;0;0;0;0;;;;0;2
"097027";"Crandola Valsassina";5;2;0;0;0;;;;2;1;0;0;0;;;;1;3
"097027";"Crandola Valsassina";6;0;0;0;0;;;;0;1;0;0;0;;;;1;1
"097027";"Crandola Valsassina";7;2;0;0;0;;;;2;2;0;0;0;;;;2;4
"097027";"Crandola Valsassina";8;0;0;0;0;;;;0;2;0;0;0;;;;2;2
"097027";"Crandola Valsassina";9;1;0;0;0;;;;1;0;0;0;0;;;;0;1
"097027";"Crandola Valsassina";10;2;0;0;0;;;;2;0;0;0;0;;;;0;2
"097027";"Crandola Valsassina";11;1;0;0;0;;;;1;1;0;0;0;;;;1;2
"097027";"Crandola Valsassina";12;1;0;0;0;;;;1;0;0;0;0;;;;0;1
"097027";"Crandola Valsassina";13;4;0;0;0;;;;4;2;0;0;0;;;;2;6
"097027";"Crandola Valsassina";14;0;0;0;0;;;;0;0;0;0;0;;;;0;0
"097027";"Crandola Valsassina";15;1;0;0;0;;;;1;4;0;0;0;;;;4;5
"097027";"Crandola Valsassina";16;1;0;0;0;;;;1;0;0;0;0;;;;0;1
"097027";"Crandola Valsassina";17;0;0;0;0;;;;0;2;0;0;0;;;;2;2
"097027";"Crandola Valsassina";18;0;0;0;0;;;;0;0;0;0;0;;;;0;0
"097027";"Crandola Valsassina";19;2;0;0;0;;;;2;0;0;0;0;;;;0;2
"097027";"Crandola Valsassina";20;3;0;0;0;;;;3;0;0;0;0;;;;0;3
"097027";"Crandola Valsassina";21;1;0;0;0;;;;1;1;0;0;0;;;;1;2
"097027";"Crandola Valsassina";22;1;0;0;0;;;;1;1;0;0;0;;;;1;2
"097027";"Crandola Valsassina";23;1;0;0;0;;;;1;1;0;0;0;;;;1;2
"097027";"Crandola Valsassina";24;0;0;0;0;;;;0;0;0;0;0;;;;0;0
"097027";"Crandola Valsassina";25;1;0;0;0;;;;1;0;0;0;0;;;;0;1
"097027";"Crandola Valsassina";26;0;0;0;0;;;;0;1;0;0;0;;;;1;1
"097027";"Crandola Valsassina";27;2;0;0;0;;;;2;0;0;0;0;;;;0;2
"097027";"Crandola Valsassina";28;1;0;0;0;;;;1;0;0;0;0;;;;0;1
"097027";"Crandola Valsassina";29;0;0;0;0;;;;0;1;0;0;0;;;;1;1
"097027";"Crandola Valsassina";30;1;0;0;0;;;;1;1;1;0;0;;;;2;3
"097027";"Crandola Valsassina";31;0;0;0;0;;;;0;3;0;0;0;;;;3;3
"097027";"Crandola Valsassina";32;1;1;0;0;;;;2;0;0;0;0;;;;0;2
"097027";"Crandola Valsassina";33;1;0;0;0;;;;1;1;0;0;0;;;;1;2
"097027";"Crandola Valsassina";34;3;1;0;0;;;;4;1;2;0;0;;;;3;7
"097027";"Crandola Valsassina";35;1;1;0;0;;;;2;0;1;0;0;;;;1;3
"097027";"Crandola Valsassina";36;2;0;0;0;;;;2;1;0;0;0;;;;1;3
"097027";"Crandola Valsassina";37;0;0;0;0;;;;0;0;0;0;0;;;;0;0
"097027";"Crandola Valsassina";38;1;1;0;0;;;;2;0;1;0;0;;;;1;3
"097027";"Crandola Valsassina";39;0;1;0;0;;;;1;0;1;0;0;;;;1;2
"097027";"Crandola Valsassina";40;0;0;0;0;;;;0;1;2;0;0;;;;3;3
"097027";"Crandola Valsassina";41;2;1;0;0;;;;3;0;1;1;0;;;;2;5
"097027";"Crandola Valsassina";42;2;2;0;0;;;;4;1;0;0;0;;;;1;5
"097027";"Crandola Valsassina";43;0;0;0;0;;;;0;1;0;0;0;;;;1;1
"097027";"Crandola Valsassina";44;0;1;0;0;;;;1;0;0;0;0;;;;0;1
"097027";"Crandola Valsassina";45;3;0;0;0;;;;3;1;3;0;0;;;;4;7
"097027";"Crandola Valsassina";46;2;1;0;0;;;;3;0;0;0;0;;;;0;3
"097027";"Crandola Valsassina";47;1;0;0;0;;;;1;1;1;0;0;;;;2;3
"097027";"Crandola Valsassina";48;1;1;0;0;;;;2;0;3;1;0;;;;4;6
"097027";"Crandola Valsassina";49;0;1;0;0;;;;1;0;0;0;0;;;;0;1
"097027";"Crandola Valsassina";50;1;0;1;0;;;;2;1;1;0;0;;;;2;4
"097027";"Crandola Valsassina";51;0;1;0;0;;;;1;1;0;0;0;;;;1;2
"097027";"Crandola Valsassina";52;2;4;0;0;;;;6;0;2;0;0;;;;2;8
"097027";"Crandola Valsassina";53;1;1;0;1;;;;3;0;0;1;0;;;;1;4
"097027";"Crandola Valsassina";54;0;2;0;0;;;;2;0;1;0;1;;;;2;4
"097027";"Crandola Valsassina";55;2;0;0;0;;;;2;0;0;0;0;;;;0;2
"097027";"Crandola Valsassina";56;0;1;1;0;;;;2;0;2;0;1;;;;3;5
"097027";"Crandola Valsassina";57;1;2;0;0;;;;3;0;0;1;0;;;;1;4
"097027";"Crandola Valsassina";58;1;0;1;0;;;;2;1;0;1;0;;;;2;4
"097027";"Crandola Valsassina";59;1;1;0;0;;;;2;1;2;0;0;;;;3;5
"097027";"Crandola Valsassina";60;0;3;0;0;;;;3;0;2;0;0;;;;2;5
"097027";"Crandola Valsassina";61;0;0;0;0;;;;0;0;3;0;0;;;;3;3
"097027";"Crandola Valsassina";62;0;1;0;0;;;;1;1;2;0;0;;;;3;4
"097027";"Crandola Valsassina";63;0;2;0;0;;;;2;1;2;0;0;;;;3;5
"097027";"Crandola Valsassina";64;1;3;2;0;;;;6;0;0;0;0;;;;0;6
"097027";"Crandola Valsassina";65;1;1;0;1;;;;3;1;2;0;0;;;;3;6
"097027";"Crandola Valsassina";66;0;5;0;0;;;;5;1;3;0;0;;;;4;9
"097027";"Crandola Valsassina";67;0;0;0;0;;;;0;0;1;0;1;;;;2;2
"097027";"Crandola Valsassina";68;0;0;0;0;;;;0;1;0;0;2;;;;3;3
"097027";"Crandola Valsassina";69;2;1;0;0;;;;3;0;0;0;1;;;;1;4
"097027";"Crandola Valsassina";70;0;1;0;0;;;;1;0;0;0;0;;;;0;1
"097027";"Crandola Valsassina";71;0;2;0;0;;;;2;0;0;1;1;;;;2;4
"097027";"Crandola Valsassina";72;0;0;0;0;;;;0;0;1;0;0;;;;1;1
"097027";"Crandola Valsassina";73;0;2;0;0;;;;2;2;3;0;0;;;;5;7
"097027";"Crandola Valsassina";74;0;1;0;1;;;;2;0;1;0;2;;;;3;5
"097027";"Crandola Valsassina";75;0;1;0;1;;;;2;1;0;0;0;;;;1;3
"097027";"Crandola Valsassina";76;0;2;0;0;;;;2;0;1;0;0;;;;1;3
"097027";"Crandola Valsassina";77;0;0;0;0;;;;0;0;0;0;0;;;;0;0
"097027";"Crandola Valsassina";78;0;1;0;0;;;;1;0;1;0;0;;;;1;2
"097027";"Crandola Valsassina";79;0;1;0;0;;;;1;0;1;0;0;;;;1;2
"097027";"Crandola Valsassina";80;0;1;0;0;;;;1;0;0;0;0;;;;0;1
"097027";"Crandola Valsassina";81;0;1;0;0;;;;1;0;0;0;2;;;;2;3
"097027";"Crandola Valsassina";82;0;1;0;0;;;;1;0;1;0;1;;;;2;3
"097027";"Crandola Valsassina";83;0;1;0;1;;;;2;0;2;0;1;;;;3;5
"097027";"Crandola Valsassina";84;1;1;0;0;;;;2;1;0;0;1;;;;2;4
"097027";"Crandola Valsassina";85;0;0;0;1;;;;1;0;0;0;0;;;;0;1
"097027";"Crandola Valsassina";86;0;0;0;1;;;;1;0;0;0;0;;;;0;1
"097027";"Crandola Valsassina";87;0;1;0;0;;;;1;0;0;0;0;;;;0;1
"097027";"Crandola Valsassina";88;0;0;0;0;;;;0;0;0;0;1;;;;1;1
"097027";"Crandola Valsassina";89;0;0;0;0;;;;0;0;1;0;1;;;;2;2
"097027";"Crandola Valsassina";90;0;1;0;0;;;;1;0;0;0;0;;;;0;1
"097027";"Crandola Valsassina";91;0;0;0;0;;;;0;0;0;0;0;;;;0;0
"097027";"Crandola Valsassina";92;0;0;0;0;;;;0;1;0;0;1;;;;2;2
"097027";"Crandola Valsassina";93;0;0;0;0;;;;0;0;0;0;1;;;;1;1
"097027";"Crandola Valsassina";94;0;0;0;0;;;;0;0;0;0;1;;;;1;1
"097027";"Crandola Valsassina";95;0;0;0;0;;;;0;0;0;0;0;;;;0;0
"097027";"Crandola Valsassina";96;0;0;0;0;;;;0;0;0;0;0;;;;0;0
"097027";"Crandola Valsassina";97;0;0;0;0;;;;0;0;0;0;0;;;;0;0
"097027";"Crandola Valsassina";98;0;0;0;0;;;;0;0;0;0;0;;;;0;0
"097027";"Crandola Valsassina";99;0;0;0;0;;;;0;0;0;0;0;;;;0;0
"097027";"Crandola Valsassina";100;0;0;0;0;;;;0;0;0;0;0;;;;0;0
"097027";"Crandola Valsassina";999;67;58;5;7;;;;137;49;51;6;19;;;;125;262
"097028";"Cremella";0;7;0;0;0;;;;7;8;0;0;0;;;;8;15
"097028";"Cremella";1;3;0;0;0;;;;3;5;0;0;0;;;;5;8
"097028";"Cremella";2;5;0;0;0;;;;5;8;0;0;0;;;;8;13
"097028";"Cremella";3;10;0;0;0;;;;10;2;0;0;0;;;;2;12
"097028";"Cremella";4;6;0;0;0;;;;6;10;0;0;0;;;;10;16
"097028";"Cremella";5;8;0;0;0;;;;8;4;0;0;0;;;;4;12
"097028";"Cremella";6;2;0;0;0;;;;2;3;0;0;0;;;;3;5
"097028";"Cremella";7;8;0;0;0;;;;8;8;0;0;0;;;;8;16
"097028";"Cremella";8;8;0;0;0;;;;8;2;0;0;0;;;;2;10
"097028";"Cremella";9;8;0;0;0;;;;8;5;0;0;0;;;;5;13
"097028";"Cremella";10;6;0;0;0;;;;6;2;0;0;0;;;;2;8
"097028";"Cremella";11;3;0;0;0;;;;3;8;0;0;0;;;;8;11
"097028";"Cremella";12;11;0;0;0;;;;11;4;0;0;0;;;;4;15
"097028";"Cremella";13;7;0;0;0;;;;7;8;0;0;0;;;;8;15
"097028";"Cremella";14;6;0;0;0;;;;6;13;0;0;0;;;;13;19
"097028";"Cremella";15;11;0;0;0;;;;11;7;0;0;0;;;;7;18
"097028";"Cremella";16;8;0;0;0;;;;8;8;0;0;0;;;;8;16
"097028";"Cremella";17;10;0;0;0;;;;10;6;0;0;0;;;;6;16
"097028";"Cremella";18;7;0;0;0;;;;7;15;0;0;0;;;;15;22
"097028";"Cremella";19;12;0;0;0;;;;12;6;0;0;0;;;;6;18
"097028";"Cremella";20;8;0;0;0;;;;8;5;1;0;0;;;;6;14
"097028";"Cremella";21;7;0;0;0;;;;7;13;0;0;0;;;;13;20
"097028";"Cremella";22;10;0;0;0;;;;10;8;0;0;0;;;;8;18
"097028";"Cremella";23;11;0;0;0;;;;11;12;0;0;0;;;;12;23
"097028";"Cremella";24;10;0;0;0;;;;10;7;1;0;0;;;;8;18
"097028";"Cremella";25;14;0;0;0;;;;14;6;1;0;0;;;;7;21
"097028";"Cremella";26;4;0;0;0;;;;4;9;0;0;0;;;;9;13
"097028";"Cremella";27;9;0;0;0;;;;9;7;1;0;0;;;;8;17
"097028";"Cremella";28;11;1;0;0;;;;12;11;1;0;0;;;;12;24
"097028";"Cremella";29;12;1;0;0;;;;13;8;3;0;0;;;;11;24
"097028";"Cremella";30;6;0;0;0;;;;6;6;2;0;0;;;;8;14
"097028";"Cremella";31;12;1;0;0;;;;13;5;2;0;0;;;;7;20
"097028";"Cremella";32;6;1;0;0;;;;7;3;2;0;0;;;;5;12
"097028";"Cremella";33;2;1;0;0;;;;3;2;3;0;0;;;;5;8
"097028";"Cremella";34;4;3;0;0;;;;7;2;1;0;0;;;;3;10
"097028";"Cremella";35;6;6;0;0;;;;12;2;4;0;0;;;;6;18
"097028";"Cremella";36;6;2;0;0;;;;8;4;5;0;0;;;;9;17
"097028";"Cremella";37;5;3;1;0;;;;9;2;5;0;0;;;;7;16
"097028";"Cremella";38;11;4;0;0;;;;15;6;6;0;0;;;;12;27
"097028";"Cremella";39;3;4;0;0;;;;7;5;6;1;0;;;;12;19
"097028";"Cremella";40;5;3;0;0;;;;8;3;6;0;0;;;;9;17
"097028";"Cremella";41;2;9;0;0;;;;11;3;6;0;0;;;;9;20
"097028";"Cremella";42;9;4;0;0;;;;13;2;4;3;0;;;;9;22
"097028";"Cremella";43;8;2;1;0;;;;11;8;3;0;0;;;;11;22
"097028";"Cremella";44;2;5;0;0;;;;7;4;8;1;0;;;;13;20
"097028";"Cremella";45;1;6;0;0;;;;7;7;7;0;0;;;;14;21
"097028";"Cremella";46;6;4;1;0;;;;11;5;10;0;1;;;;16;27
"097028";"Cremella";47;4;9;3;0;;;;16;4;5;1;0;;;;10;26
"097028";"Cremella";48;6;6;0;0;;;;12;1;10;1;0;;;;12;24
"097028";"Cremella";49;3;8;1;0;;;;12;5;7;0;0;;;;12;24
"097028";"Cremella";50;5;10;0;0;;;;15;2;10;0;0;;;;12;27
"097028";"Cremella";51;5;15;1;0;;;;21;3;9;1;1;;;;14;35
"097028";"Cremella";52;6;5;1;0;;;;12;6;8;3;0;;;;17;29
"097028";"Cremella";53;2;5;1;0;;;;8;2;14;1;0;;;;17;25
"097028";"Cremella";54;3;14;1;0;;;;18;1;12;1;0;;;;14;32
"097028";"Cremella";55;2;15;1;0;;;;18;2;10;1;0;;;;13;31
"097028";"Cremella";56;4;4;0;0;;;;8;2;14;1;0;;;;17;25
"097028";"Cremella";57;0;13;3;0;;;;16;0;10;1;2;;;;13;29
"097028";"Cremella";58;0;12;1;0;;;;13;1;8;0;0;;;;9;22
"097028";"Cremella";59;2;11;1;0;;;;14;1;13;0;0;;;;14;28
"097028";"Cremella";60;3;14;1;0;;;;18;1;10;1;1;;;;13;31
"097028";"Cremella";61;1;13;1;0;;;;15;0;9;2;1;;;;12;27
"097028";"Cremella";62;0;8;1;0;;;;9;1;8;0;0;;;;9;18
"097028";"Cremella";63;6;6;1;0;;;;13;0;10;2;2;;;;14;27
"097028";"Cremella";64;2;9;0;0;;;;11;1;11;2;1;;;;15;26
"097028";"Cremella";65;1;11;0;0;;;;12;1;14;0;1;;;;16;28
"097028";"Cremella";66;2;7;0;1;;;;10;2;14;0;2;;;;18;28
"097028";"Cremella";67;2;16;2;0;;;;20;1;9;1;0;;;;11;31
"097028";"Cremella";68;1;8;0;0;;;;9;0;9;0;2;;;;11;20
"097028";"Cremella";69;2;11;0;0;;;;13;2;5;1;4;;;;12;25
"097028";"Cremella";70;0;14;0;0;;;;14;0;12;0;1;;;;13;27
"097028";"Cremella";71;1;5;0;0;;;;6;0;6;0;3;;;;9;15
"097028";"Cremella";72;1;10;0;0;;;;11;1;11;0;1;;;;13;24
"097028";"Cremella";73;0;10;1;0;;;;11;0;7;1;2;;;;10;21
"097028";"Cremella";74;0;11;0;2;;;;13;0;9;0;2;;;;11;24
"097028";"Cremella";75;0;6;0;0;;;;6;0;8;0;2;;;;10;16
"097028";"Cremella";76;1;7;0;1;;;;9;0;4;0;2;;;;6;15
"097028";"Cremella";77;1;6;0;0;;;;7;0;5;0;5;;;;10;17
"097028";"Cremella";78;0;10;0;2;;;;12;0;5;0;5;;;;10;22
"097028";"Cremella";79;0;9;0;0;;;;9;0;0;0;2;;;;2;11
"097028";"Cremella";80;2;5;0;0;;;;7;0;2;0;3;;;;5;12
"097028";"Cremella";81;0;2;0;1;;;;3;0;1;0;5;;;;6;9
"097028";"Cremella";82;0;5;0;0;;;;5;0;3;0;2;;;;5;10
"097028";"Cremella";83;2;1;0;1;;;;4;0;0;0;3;;;;3;7
"097028";"Cremella";84;0;5;0;1;;;;6;0;2;1;4;;;;7;13
"097028";"Cremella";85;0;4;0;0;;;;4;1;1;0;3;;;;5;9
"097028";"Cremella";86;0;4;0;0;;;;4;1;0;0;8;;;;9;13
"097028";"Cremella";87;2;1;0;1;;;;4;0;1;0;2;;;;3;7
"097028";"Cremella";88;0;0;0;0;;;;0;0;1;0;1;;;;2;2
"097028";"Cremella";89;0;0;0;0;;;;0;0;0;0;4;;;;4;4
"097028";"Cremella";90;0;1;0;0;;;;1;0;0;0;3;;;;3;4
"097028";"Cremella";91;0;0;0;0;;;;0;0;0;0;1;;;;1;1
"097028";"Cremella";92;0;0;0;0;;;;0;0;0;0;1;;;;1;1
"097028";"Cremella";93;0;0;0;0;;;;0;0;0;0;1;;;;1;1
"097028";"Cremella";94;0;0;0;1;;;;1;0;0;0;1;;;;1;2
"097028";"Cremella";95;0;0;0;0;;;;0;0;0;0;1;;;;1;1
"097028";"Cremella";96;0;0;0;0;;;;0;1;0;0;0;;;;1;1
"097028";"Cremella";97;0;0;0;0;;;;0;0;0;0;0;;;;0;0
"097028";"Cremella";98;0;0;0;0;;;;0;0;0;0;1;;;;1;1
"097028";"Cremella";99;0;0;0;0;;;;0;0;0;0;1;;;;1;1
"097028";"Cremella";100;0;0;0;0;;;;0;0;0;0;0;;;;0;0
"097028";"Cremella";999;408;406;24;11;;;;849;330;395;27;88;;;;840;1689
"097029";"Cremeno";0;8;0;0;0;;;;8;6;0;0;0;;;;6;14
"097029";"Cremeno";1;4;0;0;0;;;;4;4;0;0;0;;;;4;8
"097029";"Cremeno";2;8;0;0;0;;;;8;2;0;0;0;;;;2;10
"097029";"Cremeno";3;4;0;0;0;;;;4;5;0;0;0;;;;5;9
"097029";"Cremeno";4;2;0;0;0;;;;2;4;0;0;0;;;;4;6
"097029";"Cremeno";5;7;0;0;0;;;;7;8;0;0;0;;;;8;15
"097029";"Cremeno";6;6;0;0;0;;;;6;7;0;0;0;;;;7;13
"097029";"Cremeno";7;4;0;0;0;;;;4;8;0;0;0;;;;8;12
"097029";"Cremeno";8;9;0;0;0;;;;9;7;0;0;0;;;;7;16
"097029";"Cremeno";9;10;0;0;0;;;;10;6;0;0;0;;;;6;16
"097029";"Cremeno";10;5;0;0;0;;;;5;10;0;0;0;;;;10;15
"097029";"Cremeno";11;4;0;0;0;;;;4;9;0;0;0;;;;9;13
"097029";"Cremeno";12;4;0;0;0;;;;4;6;0;0;0;;;;6;10
"097029";"Cremeno";13;4;0;0;0;;;;4;12;0;0;0;;;;12;16
"097029";"Cremeno";14;9;0;0;0;;;;9;7;0;0;0;;;;7;16
"097029";"Cremeno";15;10;0;0;0;;;;10;6;0;0;0;;;;6;16
"097029";"Cremeno";16;9;0;0;0;;;;9;11;0;0;0;;;;11;20
"097029";"Cremeno";17;12;0;0;0;;;;12;6;0;0;0;;;;6;18
"097029";"Cremeno";18;9;0;0;0;;;;9;10;0;0;0;;;;10;19
"097029";"Cremeno";19;20;0;0;0;;;;20;4;0;0;0;;;;4;24
"097029";"Cremeno";20;15;0;0;0;;;;15;9;0;0;0;;;;9;24
"097029";"Cremeno";21;16;0;0;0;;;;16;10;0;0;0;;;;10;26
"097029";"Cremeno";22;18;0;0;0;;;;18;11;0;0;0;;;;11;29
"097029";"Cremeno";23;21;0;0;0;;;;21;7;0;0;0;;;;7;28
"097029";"Cremeno";24;24;0;0;0;;;;24;9;0;0;0;;;;9;33
"097029";"Cremeno";25;24;0;0;0;;;;24;5;2;0;0;;;;7;31
"097029";"Cremeno";26;20;0;0;0;;;;20;3;1;0;0;;;;4;24
"097029";"Cremeno";27;16;0;0;0;;;;16;8;4;0;0;;;;12;28
"097029";"Cremeno";28;14;1;0;0;;;;15;4;1;0;0;;;;5;20
"097029";"Cremeno";29;12;3;0;0;;;;15;4;4;0;0;;;;8;23
"097029";"Cremeno";30;18;1;0;0;;;;19;5;0;0;0;;;;5;24
"097029";"Cremeno";31;14;0;0;0;;;;14;3;2;0;0;;;;5;19
"097029";"Cremeno";32;7;2;0;0;;;;9;3;2;0;0;;;;5;14
"097029";"Cremeno";33;15;3;0;0;;;;18;4;1;0;0;;;;5;23
"097029";"Cremeno";34;13;2;0;0;;;;15;5;2;1;0;;;;8;23
"097029";"Cremeno";35;12;1;0;0;;;;13;5;3;0;0;;;;8;21
"097029";"Cremeno";36;6;3;0;0;;;;9;4;4;0;0;;;;8;17
"097029";"Cremeno";37;4;6;0;0;;;;10;3;6;1;0;;;;10;20
"097029";"Cremeno";38;7;11;0;0;;;;18;4;3;1;0;;;;8;26
"097029";"Cremeno";39;6;5;0;0;;;;11;1;5;0;0;;;;6;17
"097029";"Cremeno";40;6;1;1;0;;;;8;2;8;1;0;;;;11;19
"097029";"Cremeno";41;4;7;0;0;;;;11;0;3;0;0;;;;3;14
"097029";"Cremeno";42;8;3;0;0;;;;11;1;6;0;0;;;;7;18
"097029";"Cremeno";43;7;6;1;0;;;;14;2;7;0;0;;;;9;23
"097029";"Cremeno";44;6;2;2;0;;;;10;1;4;0;0;;;;5;15
"097029";"Cremeno";45;11;7;0;0;;;;18;7;11;0;0;;;;18;36
"097029";"Cremeno";46;7;9;1;0;;;;17;3;11;1;0;;;;15;32
"097029";"Cremeno";47;8;5;0;0;;;;13;1;11;0;0;;;;12;25
"097029";"Cremeno";48;4;13;0;0;;;;17;4;7;2;0;;;;13;30
"097029";"Cremeno";49;3;8;1;0;;;;12;5;14;3;0;;;;22;34
"097029";"Cremeno";50;2;8;4;0;;;;14;3;11;0;1;;;;15;29
"097029";"Cremeno";51;3;8;1;0;;;;12;3;8;3;1;;;;15;27
"097029";"Cremeno";52;6;9;1;0;;;;16;3;14;0;0;;;;17;33
"097029";"Cremeno";53;2;12;0;0;;;;14;1;6;1;0;;;;8;22
"097029";"Cremeno";54;6;12;3;0;;;;21;4;9;2;2;;;;17;38
"097029";"Cremeno";55;2;16;2;0;;;;20;0;12;3;2;;;;17;37
"097029";"Cremeno";56;4;4;2;0;;;;10;1;11;1;0;;;;13;23
"097029";"Cremeno";57;2;13;0;0;;;;15;3;8;2;0;;;;13;28
"097029";"Cremeno";58;4;10;2;0;;;;16;3;13;2;1;;;;19;35
"097029";"Cremeno";59;5;3;3;0;;;;11;2;9;0;2;;;;13;24
"097029";"Cremeno";60;2;14;3;0;;;;19;2;10;0;1;;;;13;32
"097029";"Cremeno";61;2;12;1;0;;;;15;1;9;2;1;;;;13;28
"097029";"Cremeno";62;1;12;3;1;;;;17;1;10;0;0;;;;11;28
"097029";"Cremeno";63;1;6;0;0;;;;7;2;6;2;2;;;;12;19
"097029";"Cremeno";64;0;8;1;0;;;;9;1;9;0;1;;;;11;20
"097029";"Cremeno";65;1;7;0;0;;;;8;2;7;0;3;;;;12;20
"097029";"Cremeno";66;1;8;1;0;;;;10;3;10;0;1;;;;14;24
"097029";"Cremeno";67;0;4;0;0;;;;4;1;4;3;1;;;;9;13
"097029";"Cremeno";68;1;11;1;0;;;;13;1;11;1;2;;;;15;28
"097029";"Cremeno";69;1;7;0;0;;;;8;1;6;1;1;;;;9;17
"097029";"Cremeno";70;1;10;1;0;;;;12;0;5;0;2;;;;7;19
"097029";"Cremeno";71;1;4;2;0;;;;7;0;6;0;1;;;;7;14
"097029";"Cremeno";72;1;8;0;1;;;;10;1;7;0;0;;;;8;18
"097029";"Cremeno";73;1;5;2;1;;;;9;0;8;1;0;;;;9;18
"097029";"Cremeno";74;1;3;0;0;;;;4;0;6;0;3;;;;9;13
"097029";"Cremeno";75;1;7;0;0;;;;8;0;6;1;1;;;;8;16
"097029";"Cremeno";76;0;3;1;0;;;;4;0;4;0;0;;;;4;8
"097029";"Cremeno";77;0;8;0;1;;;;9;0;2;1;3;;;;6;15
"097029";"Cremeno";78;0;8;0;0;;;;8;0;2;1;2;;;;5;13
"097029";"Cremeno";79;0;3;0;2;;;;5;2;0;0;4;;;;6;11
"097029";"Cremeno";80;1;5;0;0;;;;6;0;5;0;5;;;;10;16
"097029";"Cremeno";81;0;5;0;0;;;;5;2;5;1;8;;;;16;21
"097029";"Cremeno";82;1;3;0;2;;;;6;0;2;1;3;;;;6;12
"097029";"Cremeno";83;0;2;0;2;;;;4;0;1;0;1;;;;2;6
"097029";"Cremeno";84;0;3;0;2;;;;5;0;0;0;5;;;;5;10
"097029";"Cremeno";85;2;2;1;1;;;;6;0;1;0;1;;;;2;8
"097029";"Cremeno";86;0;1;0;1;;;;2;1;2;0;2;;;;5;7
"097029";"Cremeno";87;0;4;0;0;;;;4;0;1;1;3;;;;5;9
"097029";"Cremeno";88;0;2;0;0;;;;2;0;3;0;3;;;;6;8
"097029";"Cremeno";89;0;0;0;0;;;;0;0;1;0;5;;;;6;6
"097029";"Cremeno";90;0;1;0;0;;;;1;0;0;0;0;;;;0;1
"097029";"Cremeno";91;0;2;0;0;;;;2;1;0;0;2;;;;3;5
"097029";"Cremeno";92;0;0;0;1;;;;1;0;0;0;1;;;;1;2
"097029";"Cremeno";93;0;0;0;0;;;;0;0;0;0;0;;;;0;0
"097029";"Cremeno";94;0;1;0;0;;;;1;0;0;0;1;;;;1;2
"097029";"Cremeno";95;0;0;0;0;;;;0;0;0;0;0;;;;0;0
"097029";"Cremeno";96;0;1;0;0;;;;1;0;0;0;0;;;;0;1
"097029";"Cremeno";97;0;0;0;0;;;;0;0;0;0;0;;;;0;0
"097029";"Cremeno";98;0;0;0;0;;;;0;0;0;0;0;;;;0;0
"097029";"Cremeno";99;0;0;0;0;;;;0;0;0;0;0;;;;0;0
"097029";"Cremeno";100;0;0;0;1;;;;1;0;0;0;0;;;;0;1
"097029";"Cremeno";999;550;374;41;16;;;;981;316;372;40;78;;;;806;1787
"097030";"Dervio";0;3;0;0;0;;;;3;7;0;0;0;;;;7;10
"097030";"Dervio";1;5;0;0;0;;;;5;5;0;0;0;;;;5;10
"097030";"Dervio";2;3;0;0;0;;;;3;5;0;0;0;;;;5;8
"097030";"Dervio";3;9;0;0;0;;;;9;7;0;0;0;;;;7;16
"097030";"Dervio";4;8;0;0;0;;;;8;6;0;0;0;;;;6;14
"097030";"Dervio";5;10;0;0;0;;;;10;7;0;0;0;;;;7;17
"097030";"Dervio";6;10;0;0;0;;;;10;5;0;0;0;;;;5;15
"097030";"Dervio";7;8;0;0;0;;;;8;7;0;0;0;;;;7;15
"097030";"Dervio";8;7;0;0;0;;;;7;12;0;0;0;;;;12;19
"097030";"Dervio";9;12;0;0;0;;;;12;11;0;0;0;;;;11;23
"097030";"Dervio";10;14;0;0;0;;;;14;8;0;0;0;;;;8;22
"097030";"Dervio";11;9;0;0;0;;;;9;9;0;0;0;;;;9;18
"097030";"Dervio";12;3;0;0;0;;;;3;10;0;0;0;;;;10;13
"097030";"Dervio";13;10;0;0;0;;;;10;17;0;0;0;;;;17;27
"097030";"Dervio";14;10;0;0;0;;;;10;14;0;0;0;;;;14;24
"097030";"Dervio";15;17;0;0;0;;;;17;7;0;0;0;;;;7;24
"097030";"Dervio";16;15;0;0;0;;;;15;8;0;0;0;;;;8;23
"097030";"Dervio";17;16;0;0;0;;;;16;10;0;0;0;;;;10;26
"097030";"Dervio";18;17;0;0;0;;;;17;8;0;0;0;;;;8;25
"097030";"Dervio";19;9;0;0;0;;;;9;12;0;0;0;;;;12;21
"097030";"Dervio";20;10;0;0;0;;;;10;3;0;0;0;;;;3;13
"097030";"Dervio";21;12;0;0;0;;;;12;12;0;0;0;;;;12;24
"097030";"Dervio";22;13;0;0;0;;;;13;8;1;0;0;;;;9;22
"097030";"Dervio";23;12;0;0;0;;;;12;14;1;0;0;;;;15;27
"097030";"Dervio";24;14;0;0;0;;;;14;4;0;1;0;;;;5;19
"097030";"Dervio";25;11;0;0;0;;;;11;8;0;0;0;;;;8;19
"097030";"Dervio";26;12;0;0;0;;;;12;14;2;0;0;;;;16;28
"097030";"Dervio";27;10;0;0;0;;;;10;12;3;0;0;;;;15;25
"097030";"Dervio";28;12;3;0;0;;;;15;9;1;0;0;;;;10;25
"097030";"Dervio";29;11;1;0;0;;;;12;11;3;1;0;;;;15;27
"097030";"Dervio";30;9;2;0;0;;;;11;6;3;0;0;;;;9;20
"097030";"Dervio";31;16;3;0;0;;;;19;9;3;0;0;;;;12;31
"097030";"Dervio";32;10;0;0;0;;;;10;5;1;0;0;;;;6;16
"097030";"Dervio";33;11;0;0;0;;;;11;7;7;0;0;;;;14;25
"097030";"Dervio";34;9;1;0;0;;;;10;8;2;0;0;;;;10;20
"097030";"Dervio";35;10;4;0;0;;;;14;8;4;0;0;;;;12;26
"097030";"Dervio";36;7;5;0;0;;;;12;5;5;0;0;;;;10;22
"097030";"Dervio";37;6;7;0;0;;;;13;4;1;0;0;;;;5;18
"097030";"Dervio";38;8;2;0;0;;;;10;4;7;0;0;;;;11;21
"097030";"Dervio";39;4;7;0;0;;;;11;11;5;1;0;;;;17;28
"097030";"Dervio";40;12;4;0;0;;;;16;3;9;0;0;;;;12;28
"097030";"Dervio";41;9;6;0;0;;;;15;5;8;1;0;;;;14;29
"097030";"Dervio";42;5;7;0;0;;;;12;4;9;0;0;;;;13;25
"097030";"Dervio";43;6;11;0;0;;;;17;3;9;0;1;;;;13;30
"097030";"Dervio";44;3;3;0;0;;;;6;4;4;0;0;;;;8;14
"097030";"Dervio";45;7;10;1;0;;;;18;6;10;0;2;;;;18;36
"097030";"Dervio";46;4;6;3;0;;;;13;4;12;0;0;;;;16;29
"097030";"Dervio";47;4;8;1;0;;;;13;11;9;1;1;;;;22;35
"097030";"Dervio";48;11;9;0;0;;;;20;4;13;3;0;;;;20;40
"097030";"Dervio";49;4;11;2;0;;;;17;3;15;1;0;;;;19;36
"097030";"Dervio";50;9;13;0;0;;;;22;5;12;0;0;;;;17;39
"097030";"Dervio";51;4;12;2;0;;;;18;5;13;0;0;;;;18;36
"097030";"Dervio";52;7;17;2;0;;;;26;4;12;0;1;;;;17;43
"097030";"Dervio";53;8;10;2;0;;;;20;4;14;1;1;;;;20;40
"097030";"Dervio";54;10;15;1;0;;;;26;3;20;1;0;;;;24;50
"097030";"Dervio";55;4;14;1;0;;;;19;0;15;2;1;;;;18;37
"097030";"Dervio";56;6;20;1;1;;;;28;3;14;1;1;;;;19;47
"097030";"Dervio";57;4;13;0;0;;;;17;5;14;1;2;;;;22;39
"097030";"Dervio";58;4;19;2;0;;;;25;4;10;0;0;;;;14;39
"097030";"Dervio";59;3;11;2;1;;;;17;5;18;4;3;;;;30;47
"097030";"Dervio";60;4;17;0;0;;;;21;2;22;1;0;;;;25;46
"097030";"Dervio";61;2;15;0;0;;;;17;3;11;1;1;;;;16;33
"097030";"Dervio";62;6;17;1;1;;;;25;5;18;1;1;;;;25;50
"097030";"Dervio";63;3;13;1;2;;;;19;5;10;3;8;;;;26;45
"097030";"Dervio";64;6;9;0;0;;;;15;1;9;3;2;;;;15;30
"097030";"Dervio";65;6;23;2;1;;;;32;2;19;1;6;;;;28;60
"097030";"Dervio";66;5;15;1;0;;;;21;1;13;1;3;;;;18;39
"097030";"Dervio";67;4;11;3;1;;;;19;4;11;2;1;;;;18;37
"097030";"Dervio";68;0;16;3;0;;;;19;1;13;1;6;;;;21;40
"097030";"Dervio";69;2;13;0;0;;;;15;2;11;0;2;;;;15;30
"097030";"Dervio";70;2;11;1;0;;;;14;0;12;1;2;;;;15;29
"097030";"Dervio";71;3;11;0;3;;;;17;1;14;0;4;;;;19;36
"097030";"Dervio";72;1;19;1;0;;;;21;1;10;2;6;;;;19;40
"097030";"Dervio";73;0;5;0;0;;;;5;0;12;1;2;;;;15;20
"097030";"Dervio";74;2;9;1;0;;;;12;0;14;1;3;;;;18;30
"097030";"Dervio";75;1;11;1;0;;;;13;0;16;0;2;;;;18;31
"097030";"Dervio";76;0;15;1;4;;;;20;0;10;0;4;;;;14;34
"097030";"Dervio";77;0;9;1;3;;;;13;3;6;0;6;;;;15;28
"097030";"Dervio";78;0;19;0;1;;;;20;2;12;0;7;;;;21;41
"097030";"Dervio";79;0;7;1;1;;;;9;0;6;1;8;;;;15;24
"097030";"Dervio";80;0;11;0;4;;;;15;1;6;1;7;;;;15;30
"097030";"Dervio";81;1;7;0;1;;;;9;1;6;0;8;;;;15;24
"097030";"Dervio";82;0;12;0;0;;;;12;0;7;2;8;;;;17;29
"097030";"Dervio";83;0;9;1;3;;;;13;0;4;0;12;;;;16;29
"097030";"Dervio";84;2;5;1;2;;;;10;0;5;1;8;;;;14;24
"097030";"Dervio";85;0;12;0;0;;;;12;1;7;0;5;;;;13;25
"097030";"Dervio";86;0;5;0;3;;;;8;1;0;0;12;;;;13;21
"097030";"Dervio";87;1;6;0;2;;;;9;3;1;0;7;;;;11;20
"097030";"Dervio";88;0;4;0;1;;;;5;0;2;0;8;;;;10;15
"097030";"Dervio";89;0;0;0;1;;;;1;0;1;0;7;;;;8;9
"097030";"Dervio";90;0;0;0;1;;;;1;0;0;0;5;;;;5;6
"097030";"Dervio";91;0;1;0;1;;;;2;0;2;0;4;;;;6;8
"097030";"Dervio";92;0;2;0;0;;;;2;0;0;0;2;;;;2;4
"097030";"Dervio";93;0;0;0;1;;;;1;1;1;0;7;;;;9;10
"097030";"Dervio";94;1;0;0;1;;;;2;0;0;0;2;;;;2;4
"097030";"Dervio";95;1;0;0;2;;;;3;0;0;0;5;;;;5;8
"097030";"Dervio";96;0;0;0;0;;;;0;0;0;0;2;;;;2;2
"097030";"Dervio";97;0;0;0;0;;;;0;0;0;0;0;;;;0;0
"097030";"Dervio";98;0;0;0;0;;;;0;0;0;0;0;;;;0;0
"097030";"Dervio";99;0;0;0;0;;;;0;0;0;0;0;;;;0;0
"097030";"Dervio";100;0;0;0;0;;;;0;0;0;0;1;;;;1;1
"097030";"Dervio";999;579;593;40;42;;;;1254;463;580;43;197;;;;1283;2537
"097031";"Dolzago";0;5;0;0;0;;;;5;9;0;0;0;;;;9;14
"097031";"Dolzago";1;9;0;0;0;;;;9;8;0;0;0;;;;8;17
"097031";"Dolzago";2;5;0;0;0;;;;5;12;0;0;0;;;;12;17
"097031";"Dolzago";3;8;0;0;0;;;;8;15;0;0;0;;;;15;23
"097031";"Dolzago";4;11;0;0;0;;;;11;13;0;0;0;;;;13;24
"097031";"Dolzago";5;11;0;0;0;;;;11;16;0;0;0;;;;16;27
"097031";"Dolzago";6;21;0;0;0;;;;21;11;0;0;0;;;;11;32
"097031";"Dolzago";7;9;0;0;0;;;;9;11;0;0;0;;;;11;20
"097031";"Dolzago";8;8;0;0;0;;;;8;13;0;0;0;;;;13;21
"097031";"Dolzago";9;13;0;0;0;;;;13;9;0;0;0;;;;9;22
"097031";"Dolzago";10;15;0;0;0;;;;15;17;0;0;0;;;;17;32
"097031";"Dolzago";11;11;0;0;0;;;;11;9;0;0;0;;;;9;20
"097031";"Dolzago";12;18;0;0;0;;;;18;13;0;0;0;;;;13;31
"097031";"Dolzago";13;11;0;0;0;;;;11;8;0;0;0;;;;8;19
"097031";"Dolzago";14;11;0;0;0;;;;11;10;0;0;0;;;;10;21
"097031";"Dolzago";15;15;0;0;0;;;;15;18;0;0;0;;;;18;33
"097031";"Dolzago";16;12;0;0;0;;;;12;12;0;0;0;;;;12;24
"097031";"Dolzago";17;17;0;0;0;;;;17;11;0;0;0;;;;11;28
"097031";"Dolzago";18;9;0;0;0;;;;9;6;0;0;0;;;;6;15
"097031";"Dolzago";19;13;0;0;0;;;;13;14;0;0;0;;;;14;27
"097031";"Dolzago";20;10;0;0;0;;;;10;11;0;0;0;;;;11;21
"097031";"Dolzago";21;15;0;0;0;;;;15;13;0;0;0;;;;13;28
"097031";"Dolzago";22;10;0;0;0;;;;10;11;0;0;0;;;;11;21
"097031";"Dolzago";23;11;0;0;0;;;;11;9;1;0;0;;;;10;21
"097031";"Dolzago";24;17;1;0;0;;;;18;11;0;0;0;;;;11;29
"097031";"Dolzago";25;13;0;0;0;;;;13;15;1;1;0;;;;17;30
"097031";"Dolzago";26;11;0;0;0;;;;11;15;3;0;0;;;;18;29
"097031";"Dolzago";27;12;1;0;0;;;;13;11;1;0;0;;;;12;25
"097031";"Dolzago";28;13;2;0;0;;;;15;11;1;0;0;;;;12;27
"097031";"Dolzago";29;9;0;0;0;;;;9;4;3;0;0;;;;7;16
"097031";"Dolzago";30;12;0;0;0;;;;12;9;2;0;0;;;;11;23
"097031";"Dolzago";31;10;4;0;0;;;;14;1;8;0;0;;;;9;23
"097031";"Dolzago";32;11;4;0;0;;;;15;10;8;0;0;;;;18;33
"097031";"Dolzago";33;6;7;0;0;;;;13;4;9;0;0;;;;13;26
"097031";"Dolzago";34;8;6;0;0;;;;14;11;3;0;0;;;;14;28
"097031";"Dolzago";35;16;4;0;0;;;;20;8;11;0;0;;;;19;39
"097031";"Dolzago";36;11;4;1;0;;;;16;6;12;0;0;;;;18;34
"097031";"Dolzago";37;7;4;0;0;;;;11;7;4;0;0;;;;11;22
"097031";"Dolzago";38;11;7;0;0;;;;18;3;12;0;0;;;;15;33
"097031";"Dolzago";39;5;8;3;0;;;;16;3;11;2;0;;;;16;32
"097031";"Dolzago";40;11;8;0;0;;;;19;1;10;2;0;;;;13;32
"097031";"Dolzago";41;10;7;0;0;;;;17;5;7;1;0;;;;13;30
"097031";"Dolzago";42;13;8;0;0;;;;21;8;7;0;0;;;;15;36
"097031";"Dolzago";43;4;7;0;0;;;;11;1;8;0;0;;;;9;20
"097031";"Dolzago";44;9;12;0;0;;;;21;2;9;2;1;;;;14;35
"097031";"Dolzago";45;7;11;2;0;;;;20;9;15;1;0;;;;25;45
"097031";"Dolzago";46;3;15;0;0;;;;18;2;11;1;0;;;;14;32
"097031";"Dolzago";47;12;13;1;0;;;;26;6;14;0;0;;;;20;46
"097031";"Dolzago";48;9;15;1;0;;;;25;2;15;2;0;;;;19;44
"097031";"Dolzago";49;6;10;1;0;;;;17;5;14;0;1;;;;20;37
"097031";"Dolzago";50;7;14;0;0;;;;21;2;16;2;0;;;;20;41
"097031";"Dolzago";51;3;23;2;0;;;;28;4;11;1;1;;;;17;45
"097031";"Dolzago";52;5;11;0;0;;;;16;0;15;2;0;;;;17;33
"097031";"Dolzago";53;3;12;1;0;;;;16;1;20;0;0;;;;21;37
"097031";"Dolzago";54;2;13;0;0;;;;15;3;17;5;1;;;;26;41
"097031";"Dolzago";55;2;16;0;0;;;;18;1;11;2;1;;;;15;33
"097031";"Dolzago";56;5;12;1;0;;;;18;2;17;0;0;;;;19;37
"097031";"Dolzago";57;2;15;2;0;;;;19;2;16;0;0;;;;18;37
"097031";"Dolzago";58;1;15;3;0;;;;19;3;29;1;2;;;;35;54
"097031";"Dolzago";59;5;20;3;0;;;;28;3;21;3;2;;;;29;57
"097031";"Dolzago";60;3;22;0;0;;;;25;2;20;3;0;;;;25;50
"097031";"Dolzago";61;2;11;1;0;;;;14;2;12;2;0;;;;16;30
"097031";"Dolzago";62;0;16;1;0;;;;17;0;13;0;1;;;;14;31
"097031";"Dolzago";63;2;22;0;2;;;;26;3;18;2;1;;;;24;50
"097031";"Dolzago";64;0;9;0;0;;;;9;2;16;1;2;;;;21;30
"097031";"Dolzago";65;2;8;0;1;;;;11;1;12;0;4;;;;17;28
"097031";"Dolzago";66;0;15;0;1;;;;16;0;17;1;4;;;;22;38
"097031";"Dolzago";67;2;14;0;0;;;;16;1;10;1;1;;;;13;29
"097031";"Dolzago";68;0;20;0;0;;;;20;2;12;1;1;;;;16;36
"097031";"Dolzago";69;3;11;1;1;;;;16;1;9;2;2;;;;14;30
"097031";"Dolzago";70;1;16;0;1;;;;18;1;6;0;1;;;;8;26
"097031";"Dolzago";71;1;12;0;1;;;;14;0;4;0;3;;;;7;21
"097031";"Dolzago";72;2;5;0;1;;;;8;1;9;0;2;;;;12;20
"097031";"Dolzago";73;1;5;1;0;;;;7;3;13;0;4;;;;20;27
"097031";"Dolzago";74;1;7;2;0;;;;10;0;4;1;4;;;;9;19
"097031";"Dolzago";75;1;7;0;1;;;;9;0;7;1;6;;;;14;23
"097031";"Dolzago";76;1;10;1;1;;;;13;0;9;0;4;;;;13;26
"097031";"Dolzago";77;0;8;0;0;;;;8;1;5;0;6;;;;12;20
"097031";"Dolzago";78;0;9;0;1;;;;10;0;5;0;5;;;;10;20
"097031";"Dolzago";79;0;1;0;1;;;;2;1;6;0;4;;;;11;13
"097031";"Dolzago";80;0;9;0;2;;;;11;1;3;1;6;;;;11;22
"097031";"Dolzago";81;1;6;1;1;;;;9;0;4;0;3;;;;7;16
"097031";"Dolzago";82;0;7;0;0;;;;7;0;3;0;4;;;;7;14
"097031";"Dolzago";83;2;9;0;0;;;;11;1;4;0;7;;;;12;23
"097031";"Dolzago";84;1;2;0;0;;;;3;0;2;0;5;;;;7;10
"097031";"Dolzago";85;0;3;0;1;;;;4;0;3;0;9;;;;12;16
"097031";"Dolzago";86;0;2;0;0;;;;2;0;0;0;9;;;;9;11
"097031";"Dolzago";87;0;5;0;1;;;;6;0;2;0;6;;;;8;14
"097031";"Dolzago";88;0;4;0;0;;;;4;0;0;0;3;;;;3;7
"097031";"Dolzago";89;0;1;0;2;;;;3;0;0;0;2;;;;2;5
"097031";"Dolzago";90;0;0;0;2;;;;2;0;1;0;5;;;;6;8
"097031";"Dolzago";91;1;2;0;0;;;;3;1;1;0;5;;;;7;10
"097031";"Dolzago";92;0;1;0;1;;;;2;0;0;0;4;;;;4;6
"097031";"Dolzago";93;0;0;0;1;;;;1;1;0;0;7;;;;8;9
"097031";"Dolzago";94;0;0;0;0;;;;0;0;0;0;3;;;;3;3
"097031";"Dolzago";95;0;0;0;0;;;;0;0;0;0;1;;;;1;1
"097031";"Dolzago";96;0;1;0;0;;;;1;0;0;0;3;;;;3;4
"097031";"Dolzago";97;0;0;0;0;;;;0;0;0;0;1;;;;1;1
"097031";"Dolzago";98;0;0;0;0;;;;0;1;0;0;2;;;;3;3
"097031";"Dolzago";99;0;0;0;0;;;;0;0;0;0;0;;;;0;0
"097031";"Dolzago";100;0;0;0;0;;;;0;0;0;0;0;;;;0;0
"097031";"Dolzago";999;596;589;29;23;;;;1237;496;603;44;149;;;;1292;2529
"097032";"Dorio";0;0;0;0;0;;;;0;0;0;0;0;;;;0;0
"097032";"Dorio";1;1;0;0;0;;;;1;3;0;0;0;;;;3;4
"097032";"Dorio";2;0;0;0;0;;;;0;2;0;0;0;;;;2;2
"097032";"Dorio";3;1;0;0;0;;;;1;0;0;0;0;;;;0;1
"097032";"Dorio";4;1;0;0;0;;;;1;3;0;0;0;;;;3;4
"097032";"Dorio";5;1;0;0;0;;;;1;1;0;0;0;;;;1;2
"097032";"Dorio";6;1;0;0;0;;;;1;0;0;0;0;;;;0;1
"097032";"Dorio";7;2;0;0;0;;;;2;1;0;0;0;;;;1;3
"097032";"Dorio";8;2;0;0;0;;;;2;0;0;0;0;;;;0;2
"097032";"Dorio";9;2;0;0;0;;;;2;0;0;0;0;;;;0;2
"097032";"Dorio";10;2;0;0;0;;;;2;0;0;0;0;;;;0;2
"097032";"Dorio";11;0;0;0;0;;;;0;0;0;0;0;;;;0;0
"097032";"Dorio";12;1;0;0;0;;;;1;0;0;0;0;;;;0;1
"097032";"Dorio";13;0;0;0;0;;;;0;2;0;0;0;;;;2;2
"097032";"Dorio";14;1;0;0;0;;;;1;0;0;0;0;;;;0;1
"097032";"Dorio";15;2;0;0;0;;;;2;0;0;0;0;;;;0;2
"097032";"Dorio";16;0;0;0;0;;;;0;0;0;0;0;;;;0;0
"097032";"Dorio";17;1;0;0;0;;;;1;0;0;0;0;;;;0;1
"097032";"Dorio";18;1;0;0;0;;;;1;0;0;0;0;;;;0;1
"097032";"Dorio";19;2;0;0;0;;;;2;1;0;0;0;;;;1;3
"097032";"Dorio";20;0;0;0;0;;;;0;4;0;0;0;;;;4;4
"097032";"Dorio";21;1;0;0;0;;;;1;4;0;0;0;;;;4;5
"097032";"Dorio";22;3;0;0;0;;;;3;5;0;0;0;;;;5;8
"097032";"Dorio";23;3;0;0;0;;;;3;2;0;0;0;;;;2;5
"097032";"Dorio";24;2;0;0;0;;;;2;4;0;0;0;;;;4;6
"097032";"Dorio";25;1;0;0;0;;;;1;0;0;0;0;;;;0;1
"097032";"Dorio";26;2;0;0;0;;;;2;0;0;0;0;;;;0;2
"097032";"Dorio";27;1;0;0;0;;;;1;1;0;0;0;;;;1;2
"097032";"Dorio";28;4;0;0;0;;;;4;0;0;0;0;;;;0;4
"097032";"Dorio";29;3;0;0;0;;;;3;0;0;0;0;;;;0;3
"097032";"Dorio";30;0;0;0;0;;;;0;0;0;0;0;;;;0;0
"097032";"Dorio";31;1;0;0;0;;;;1;1;0;0;0;;;;1;2
"097032";"Dorio";32;2;1;0;0;;;;3;2;0;0;0;;;;2;5
"097032";"Dorio";33;2;1;0;0;;;;3;0;1;0;0;;;;1;4
"097032";"Dorio";34;2;0;0;0;;;;2;3;1;0;0;;;;4;6
"097032";"Dorio";35;2;1;0;0;;;;3;2;0;0;0;;;;2;5
"097032";"Dorio";36;1;0;0;0;;;;1;2;1;0;0;;;;3;4
"097032";"Dorio";37;0;1;0;0;;;;1;0;1;0;0;;;;1;2
"097032";"Dorio";38;1;0;0;0;;;;1;2;0;0;0;;;;2;3
"097032";"Dorio";39;1;0;0;0;;;;1;0;0;0;0;;;;0;1
"097032";"Dorio";40;2;2;0;0;;;;4;0;0;1;0;;;;1;5
"097032";"Dorio";41;1;0;0;0;;;;1;2;0;0;0;;;;2;3
"097032";"Dorio";42;2;0;0;0;;;;2;1;0;0;0;;;;1;3
"097032";"Dorio";43;1;0;1;0;;;;2;1;3;0;0;;;;4;6
"097032";"Dorio";44;1;1;0;0;;;;2;0;1;0;0;;;;1;3
"097032";"Dorio";45;2;1;0;0;;;;3;0;0;0;0;;;;0;3
"097032";"Dorio";46;3;0;1;0;;;;4;0;1;0;0;;;;1;5
"097032";"Dorio";47;2;0;0;0;;;;2;0;0;0;0;;;;0;2
"097032";"Dorio";48;0;0;0;0;;;;0;3;1;0;0;;;;4;4
"097032";"Dorio";49;1;0;0;0;;;;1;1;2;0;0;;;;3;4
"097032";"Dorio";50;1;2;0;0;;;;3;1;2;0;0;;;;3;6
"097032";"Dorio";51;3;1;0;0;;;;4;1;4;1;0;;;;6;10
"097032";"Dorio";52;0;0;0;0;;;;0;1;5;1;0;;;;7;7
"097032";"Dorio";53;2;1;0;0;;;;3;1;2;0;0;;;;3;6
"097032";"Dorio";54;0;1;1;0;;;;2;0;0;0;1;;;;1;3
"097032";"Dorio";55;1;2;0;0;;;;3;0;1;1;1;;;;3;6
"097032";"Dorio";56;1;4;1;0;;;;6;0;3;0;0;;;;3;9
"097032";"Dorio";57;1;1;0;0;;;;2;1;2;0;0;;;;3;5
"097032";"Dorio";58;1;2;1;0;;;;4;0;0;1;0;;;;1;5
"097032";"Dorio";59;0;2;0;0;;;;2;0;5;0;0;;;;5;7
"097032";"Dorio";60;0;2;1;0;;;;3;0;0;0;0;;;;0;3
"097032";"Dorio";61;0;4;0;0;;;;4;1;2;1;0;;;;4;8
"097032";"Dorio";62;1;0;1;0;;;;2;0;1;1;1;;;;3;5
"097032";"Dorio";63;0;4;0;0;;;;4;0;2;1;0;;;;3;7
"097032";"Dorio";64;0;1;0;0;;;;1;1;2;0;0;;;;3;4
"097032";"Dorio";65;1;0;0;0;;;;1;0;1;1;0;;;;2;3
"097032";"Dorio";66;2;1;0;0;;;;3;1;2;0;0;;;;3;6
"097032";"Dorio";67;1;0;0;0;;;;1;1;0;0;0;;;;1;2
"097032";"Dorio";68;1;3;0;0;;;;4;0;1;0;1;;;;2;6
"097032";"Dorio";69;0;2;0;0;;;;2;1;2;0;0;;;;3;5
"097032";"Dorio";70;0;1;0;0;;;;1;0;3;0;1;;;;4;5
"097032";"Dorio";71;0;2;0;0;;;;2;0;1;1;0;;;;2;4
"097032";"Dorio";72;0;3;0;0;;;;3;0;1;0;0;;;;1;4
"097032";"Dorio";73;1;1;0;0;;;;2;0;1;0;1;;;;2;4
"097032";"Dorio";74;0;0;1;0;;;;1;0;1;0;0;;;;1;2
"097032";"Dorio";75;0;1;0;0;;;;1;0;2;1;0;;;;3;4
"097032";"Dorio";76;0;2;0;0;;;;2;0;2;0;2;;;;4;6
"097032";"Dorio";77;1;0;0;0;;;;1;0;0;1;2;;;;3;4
"097032";"Dorio";78;0;0;0;0;;;;0;0;1;0;0;;;;1;1
"097032";"Dorio";79;0;0;0;0;;;;0;0;1;0;1;;;;2;2
"097032";"Dorio";80;0;3;0;0;;;;3;0;1;0;1;;;;2;5
"097032";"Dorio";81;0;1;0;0;;;;1;0;2;0;1;;;;3;4
"097032";"Dorio";82;0;1;0;0;;;;1;0;1;0;1;;;;2;3
"097032";"Dorio";83;0;1;0;0;;;;1;0;0;0;0;;;;0;1
"097032";"Dorio";84;0;2;0;2;;;;4;1;1;0;1;;;;3;7
"097032";"Dorio";85;0;1;0;0;;;;1;0;1;0;3;;;;4;5
"097032";"Dorio";86;0;2;0;1;;;;3;0;0;0;1;;;;1;4
"097032";"Dorio";87;0;0;0;0;;;;0;0;1;0;0;;;;1;1
"097032";"Dorio";88;0;0;0;0;;;;0;0;0;0;1;;;;1;1
"097032";"Dorio";89;1;0;0;0;;;;1;0;0;0;1;;;;1;2
"097032";"Dorio";90;0;0;0;0;;;;0;0;0;0;1;;;;1;1
"097032";"Dorio";91;0;0;1;0;;;;1;0;0;0;1;;;;1;2
"097032";"Dorio";92;0;0;0;0;;;;0;1;1;0;0;;;;2;2
"097032";"Dorio";93;0;0;0;0;;;;0;0;0;0;2;;;;2;2
"097032";"Dorio";94;0;1;0;0;;;;1;0;0;0;0;;;;0;1
"097032";"Dorio";95;0;0;0;0;;;;0;0;0;0;2;;;;2;2
"097032";"Dorio";96;0;0;0;0;;;;0;0;0;0;1;;;;1;1
"097032";"Dorio";97;0;1;0;0;;;;1;0;0;0;0;;;;0;1
"097032";"Dorio";98;0;0;0;0;;;;0;0;0;0;1;;;;1;1
"097032";"Dorio";99;0;0;0;0;;;;0;0;0;0;0;;;;0;0
"097032";"Dorio";100;0;0;0;0;;;;0;0;0;0;0;;;;0;0
"097032";"Dorio";999;87;64;9;3;;;;163;65;70;12;29;;;;176;339
"097033";"Ello";0;3;0;0;0;;;;3;2;0;0;0;;;;2;5
"097033";"Ello";1;5;0;0;0;;;;5;3;0;0;0;;;;3;8
"097033";"Ello";2;7;0;0;0;;;;7;1;0;0;0;;;;1;8
"097033";"Ello";3;1;0;0;0;;;;1;0;0;0;0;;;;0;1
"097033";"Ello";4;5;0;0;0;;;;5;4;0;0;0;;;;4;9
"097033";"Ello";5;4;0;0;0;;;;4;1;0;0;0;;;;1;5
"097033";"Ello";6;6;0;0;0;;;;6;8;0;0;0;;;;8;14
"097033";"Ello";7;2;0;0;0;;;;2;4;0;0;0;;;;4;6
"097033";"Ello";8;3;0;0;0;;;;3;11;0;0;0;;;;11;14
"097033";"Ello";9;4;0;0;0;;;;4;5;0;0;0;;;;5;9
"097033";"Ello";10;4;0;0;0;;;;4;6;0;0;0;;;;6;10
"097033";"Ello";11;2;0;0;0;;;;2;3;0;0;0;;;;3;5
"097033";"Ello";12;5;0;0;0;;;;5;6;0;0;0;;;;6;11
"097033";"Ello";13;4;0;0;0;;;;4;2;0;0;0;;;;2;6
"097033";"Ello";14;5;0;0;0;;;;5;4;0;0;0;;;;4;9
"097033";"Ello";15;5;0;0;0;;;;5;3;0;0;0;;;;3;8
"097033";"Ello";16;1;0;0;0;;;;1;8;0;0;0;;;;8;9
"097033";"Ello";17;2;0;0;0;;;;2;7;0;0;0;;;;7;9
"097033";"Ello";18;4;0;0;0;;;;4;9;0;0;0;;;;9;13
"097033";"Ello";19;3;0;0;0;;;;3;5;0;0;0;;;;5;8
"097033";"Ello";20;5;0;0;0;;;;5;4;0;0;0;;;;4;9
"097033";"Ello";21;4;0;0;0;;;;4;6;0;0;0;;;;6;10
"097033";"Ello";22;6;0;0;0;;;;6;6;0;0;0;;;;6;12
"097033";"Ello";23;10;0;0;0;;;;10;7;1;0;0;;;;8;18
"097033";"Ello";24;5;0;0;0;;;;5;9;0;0;0;;;;9;14
"097033";"Ello";25;7;0;0;0;;;;7;5;0;0;0;;;;5;12
"097033";"Ello";26;2;0;0;0;;;;2;9;0;0;0;;;;9;11
"097033";"Ello";27;10;1;0;0;;;;11;6;0;1;0;;;;7;18
"097033";"Ello";28;7;1;0;0;;;;8;2;0;0;0;;;;2;10
"097033";"Ello";29;6;0;0;0;;;;6;4;1;0;0;;;;5;11
"097033";"Ello";30;6;0;0;0;;;;6;6;0;0;0;;;;6;12
"097033";"Ello";31;3;1;0;0;;;;4;7;2;0;0;;;;9;13
"097033";"Ello";32;6;3;1;0;;;;10;3;4;0;0;;;;7;17
"097033";"Ello";33;1;1;1;0;;;;3;7;0;0;0;;;;7;10
"097033";"Ello";34;3;1;0;0;;;;4;2;3;0;0;;;;5;9
"097033";"Ello";35;5;2;0;0;;;;7;1;3;0;0;;;;4;11
"097033";"Ello";36;5;3;0;0;;;;8;1;4;0;0;;;;5;13
"097033";"Ello";37;2;3;0;0;;;;5;2;3;0;0;;;;5;10
"097033";"Ello";38;5;1;0;0;;;;6;3;5;0;0;;;;8;14
"097033";"Ello";39;5;2;0;0;;;;7;3;4;0;0;;;;7;14
"097033";"Ello";40;4;3;0;0;;;;7;0;1;0;0;;;;1;8
"097033";"Ello";41;4;2;0;0;;;;6;4;4;0;0;;;;8;14
"097033";"Ello";42;9;3;1;0;;;;13;2;2;0;1;;;;5;18
"097033";"Ello";43;5;4;1;0;;;;10;2;3;0;0;;;;5;15
"097033";"Ello";44;6;3;0;0;;;;9;2;7;2;0;;;;11;20
"097033";"Ello";45;1;6;0;0;;;;7;1;2;0;0;;;;3;10
"097033";"Ello";46;3;0;0;0;;;;3;1;3;1;0;;;;5;8
"097033";"Ello";47;5;2;0;0;;;;7;2;8;1;0;;;;11;18
"097033";"Ello";48;1;6;0;0;;;;7;2;5;0;0;;;;7;14
"097033";"Ello";49;3;1;1;0;;;;5;1;5;1;0;;;;7;12
"097033";"Ello";50;2;5;1;0;;;;8;2;9;1;0;;;;12;20
"097033";"Ello";51;1;4;0;0;;;;5;1;2;0;0;;;;3;8
"097033";"Ello";52;3;6;1;0;;;;10;2;2;0;0;;;;4;14
"097033";"Ello";53;5;3;1;0;;;;9;1;8;1;0;;;;10;19
"097033";"Ello";54;1;4;1;0;;;;6;2;6;0;0;;;;8;14
"097033";"Ello";55;2;6;1;0;;;;9;1;10;2;1;;;;14;23
"097033";"Ello";56;1;5;2;0;;;;8;0;12;0;0;;;;12;20
"097033";"Ello";57;2;9;2;0;;;;13;3;4;0;1;;;;8;21
"097033";"Ello";58;2;14;1;0;;;;17;1;8;1;1;;;;11;28
"097033";"Ello";59;2;7;0;0;;;;9;1;14;3;1;;;;19;28
"097033";"Ello";60;0;11;1;1;;;;13;1;6;0;0;;;;7;20
"097033";"Ello";61;1;11;1;0;;;;13;1;15;0;0;;;;16;29
"097033";"Ello";62;1;5;0;0;;;;6;1;7;1;0;;;;9;15
"097033";"Ello";63;0;3;1;1;;;;5;1;5;0;0;;;;6;11
"097033";"Ello";64;1;7;0;0;;;;8;1;6;1;2;;;;10;18
"097033";"Ello";65;0;9;1;0;;;;10;0;8;0;2;;;;10;20
"097033";"Ello";66;1;11;0;0;;;;12;0;6;1;1;;;;8;20
"097033";"Ello";67;0;7;0;0;;;;7;0;8;0;1;;;;9;16
"097033";"Ello";68;2;6;0;0;;;;8;0;8;1;1;;;;10;18
"097033";"Ello";69;0;6;0;0;;;;6;0;8;0;3;;;;11;17
"097033";"Ello";70;1;11;0;1;;;;13;0;6;1;2;;;;9;22
"097033";"Ello";71;0;10;1;0;;;;11;2;7;0;0;;;;9;20
"097033";"Ello";72;3;5;0;0;;;;8;0;5;1;3;;;;9;17
"097033";"Ello";73;1;8;0;1;;;;10;0;9;0;1;;;;10;20
"097033";"Ello";74;1;5;1;0;;;;7;1;5;0;0;;;;6;13
"097033";"Ello";75;2;6;0;2;;;;10;1;7;1;1;;;;10;20
"097033";"Ello";76;2;8;0;1;;;;11;1;4;0;2;;;;7;18
"097033";"Ello";77;0;8;1;1;;;;10;0;5;0;2;;;;7;17
"097033";"Ello";78;2;4;0;1;;;;7;1;5;0;0;;;;6;13
"097033";"Ello";79;0;5;0;0;;;;5;1;4;0;2;;;;7;12
"097033";"Ello";80;1;3;0;0;;;;4;1;3;0;2;;;;6;10
"097033";"Ello";81;0;5;0;0;;;;5;4;1;0;1;;;;6;11
"097033";"Ello";82;0;2;0;0;;;;2;0;2;0;1;;;;3;5
"097033";"Ello";83;0;2;0;0;;;;2;1;3;0;2;;;;6;8
"097033";"Ello";84;0;4;0;0;;;;4;1;1;0;2;;;;4;8
"097033";"Ello";85;0;2;0;0;;;;2;2;1;0;4;;;;7;9
"097033";"Ello";86;0;2;0;0;;;;2;3;0;2;3;;;;8;10
"097033";"Ello";87;0;2;0;0;;;;2;1;1;0;2;;;;4;6
"097033";"Ello";88;0;1;0;1;;;;2;2;0;0;1;;;;3;5
"097033";"Ello";89;0;1;0;0;;;;1;1;0;0;0;;;;1;2
"097033";"Ello";90;0;1;0;0;;;;1;0;0;0;1;;;;1;2
"097033";"Ello";91;0;0;0;0;;;;0;1;1;0;1;;;;3;3
"097033";"Ello";92;0;0;0;0;;;;0;3;0;0;3;;;;6;6
"097033";"Ello";93;0;0;0;0;;;;0;1;0;0;2;;;;3;3
"097033";"Ello";94;0;1;0;0;;;;1;0;0;0;0;;;;0;1
"097033";"Ello";95;0;0;0;0;;;;0;2;0;0;0;;;;2;2
"097033";"Ello";96;0;0;0;0;;;;0;0;0;0;0;;;;0;0
"097033";"Ello";97;0;1;0;0;;;;1;0;0;0;0;;;;0;1
"097033";"Ello";98;0;0;0;0;;;;0;0;0;0;0;;;;0;0
"097033";"Ello";99;0;0;0;0;;;;0;0;0;0;0;;;;0;0
"097033";"Ello";100;0;0;0;0;;;;0;0;0;0;0;;;;0;0
"097033";"Ello";999;259;285;22;10;;;;576;251;292;23;53;;;;619;1195
"097034";"Erve";0;1;0;0;0;;;;1;0;0;0;0;;;;0;1
"097034";"Erve";1;4;0;0;0;;;;4;3;0;0;0;;;;3;7
"097034";"Erve";2;2;0;0;0;;;;2;2;0;0;0;;;;2;4
"097034";"Erve";3;3;0;0;0;;;;3;4;0;0;0;;;;4;7
"097034";"Erve";4;4;0;0;0;;;;4;2;0;0;0;;;;2;6
"097034";"Erve";5;2;0;0;0;;;;2;2;0;0;0;;;;2;4
"097034";"Erve";6;1;0;0;0;;;;1;2;0;0;0;;;;2;3
"097034";"Erve";7;2;0;0;0;;;;2;1;0;0;0;;;;1;3
"097034";"Erve";8;1;0;0;0;;;;1;3;0;0;0;;;;3;4
"097034";"Erve";9;2;0;0;0;;;;2;1;0;0;0;;;;1;3
"097034";"Erve";10;2;0;0;0;;;;2;3;0;0;0;;;;3;5
"097034";"Erve";11;0;0;0;0;;;;0;2;0;0;0;;;;2;2
"097034";"Erve";12;0;0;0;0;;;;0;2;0;0;0;;;;2;2
"097034";"Erve";13;0;0;0;0;;;;0;3;0;0;0;;;;3;3
"097034";"Erve";14;2;0;0;0;;;;2;3;0;0;0;;;;3;5
"097034";"Erve";15;2;0;0;0;;;;2;3;0;0;0;;;;3;5
"097034";"Erve";16;2;0;0;0;;;;2;2;0;0;0;;;;2;4
"097034";"Erve";17;3;0;0;0;;;;3;5;0;0;0;;;;5;8
"097034";"Erve";18;3;0;0;0;;;;3;3;0;0;0;;;;3;6
"097034";"Erve";19;5;0;0;0;;;;5;5;0;0;0;;;;5;10
"097034";"Erve";20;7;0;0;0;;;;7;3;0;0;0;;;;3;10
"097034";"Erve";21;3;0;0;0;;;;3;2;0;0;0;;;;2;5
"097034";"Erve";22;2;0;0;0;;;;2;4;0;0;0;;;;4;6
"097034";"Erve";23;5;0;0;0;;;;5;3;0;0;0;;;;3;8
"097034";"Erve";24;7;0;0;0;;;;7;4;1;0;0;;;;5;12
"097034";"Erve";25;3;0;0;0;;;;3;1;0;0;0;;;;1;4
"097034";"Erve";26;5;0;0;0;;;;5;3;0;0;0;;;;3;8
"097034";"Erve";27;5;0;0;0;;;;5;3;1;0;0;;;;4;9
"097034";"Erve";28;7;1;0;0;;;;8;3;0;0;0;;;;3;11
"097034";"Erve";29;2;0;0;0;;;;2;4;0;0;0;;;;4;6
"097034";"Erve";30;9;1;0;0;;;;10;4;1;0;0;;;;5;15
"097034";"Erve";31;3;0;0;0;;;;3;1;2;0;0;;;;3;6
"097034";"Erve";32;4;0;0;0;;;;4;3;1;0;0;;;;4;8
"097034";"Erve";33;5;1;0;0;;;;6;4;1;0;0;;;;5;11
"097034";"Erve";34;1;1;0;0;;;;2;3;1;0;0;;;;4;6
"097034";"Erve";35;8;0;0;0;;;;8;2;0;0;0;;;;2;10
"097034";"Erve";36;1;0;0;0;;;;1;4;1;0;0;;;;5;6
"097034";"Erve";37;0;4;0;0;;;;4;1;2;1;0;;;;4;8
"097034";"Erve";38;1;0;0;0;;;;1;1;2;0;0;;;;3;4
"097034";"Erve";39;4;4;1;0;;;;9;1;1;0;0;;;;2;11
"097034";"Erve";40;2;0;0;0;;;;2;1;0;0;0;;;;1;3
"097034";"Erve";41;1;1;0;0;;;;2;0;0;0;0;;;;0;2
"097034";"Erve";42;1;1;0;0;;;;2;2;1;0;0;;;;3;5
"097034";"Erve";43;0;0;0;0;;;;0;0;0;1;0;;;;1;1
"097034";"Erve";44;1;0;1;0;;;;2;1;0;0;0;;;;1;3
"097034";"Erve";45;2;0;0;0;;;;2;2;0;0;0;;;;2;4
"097034";"Erve";46;0;1;0;0;;;;1;0;2;0;0;;;;2;3
"097034";"Erve";47;2;1;0;0;;;;3;2;3;0;0;;;;5;8
"097034";"Erve";48;2;0;0;0;;;;2;2;5;0;0;;;;7;9
"097034";"Erve";49;0;0;0;0;;;;0;1;2;0;0;;;;3;3
"097034";"Erve";50;3;2;0;0;;;;5;0;2;1;0;;;;3;8
"097034";"Erve";51;0;3;0;0;;;;3;1;4;0;1;;;;6;9
"097034";"Erve";52;0;3;0;0;;;;3;0;2;0;0;;;;2;5
"097034";"Erve";53;4;4;0;0;;;;8;1;9;0;1;;;;11;19
"097034";"Erve";54;2;5;0;0;;;;7;4;3;0;0;;;;7;14
"097034";"Erve";55;2;3;0;0;;;;5;1;4;0;0;;;;5;10
"097034";"Erve";56;4;3;0;0;;;;7;0;9;1;1;;;;11;18
"097034";"Erve";57;1;2;1;0;;;;4;2;4;0;0;;;;6;10
"097034";"Erve";58;2;11;1;1;;;;15;2;7;0;0;;;;9;24
"097034";"Erve";59;2;3;0;0;;;;5;0;5;0;0;;;;5;10
"097034";"Erve";60;2;5;0;1;;;;8;0;5;0;0;;;;5;13
"097034";"Erve";61;1;5;0;0;;;;6;1;6;0;0;;;;7;13
"097034";"Erve";62;1;2;0;0;;;;3;0;8;0;1;;;;9;12
"097034";"Erve";63;1;5;0;1;;;;7;1;11;0;0;;;;12;19
"097034";"Erve";64;0;6;0;1;;;;7;1;7;0;0;;;;8;15
"097034";"Erve";65;1;6;0;0;;;;7;0;3;2;0;;;;5;12
"097034";"Erve";66;2;3;0;0;;;;5;0;2;0;0;;;;2;7
"097034";"Erve";67;0;8;0;0;;;;8;0;2;0;0;;;;2;10
"097034";"Erve";68;0;8;0;0;;;;8;1;2;0;1;;;;4;12
"097034";"Erve";69;0;7;0;0;;;;7;0;4;0;1;;;;5;12
"097034";"Erve";70;0;4;0;0;;;;4;0;2;0;1;;;;3;7
"097034";"Erve";71;0;4;0;1;;;;5;0;0;0;1;;;;1;6
"097034";"Erve";72;0;3;0;0;;;;3;1;2;0;1;;;;4;7
"097034";"Erve";73;1;0;0;1;;;;2;1;3;0;2;;;;6;8
"097034";"Erve";74;0;3;1;0;;;;4;1;2;0;1;;;;4;8
"097034";"Erve";75;1;2;0;0;;;;3;0;2;0;0;;;;2;5
"097034";"Erve";76;2;0;0;1;;;;3;0;3;0;2;;;;5;8
"097034";"Erve";77;0;3;0;0;;;;3;0;2;0;1;;;;3;6
"097034";"Erve";78;0;2;0;0;;;;2;2;4;0;0;;;;6;8
"097034";"Erve";79;1;3;0;0;;;;4;0;1;0;7;;;;8;12
"097034";"Erve";80;1;3;0;1;;;;5;0;0;0;0;;;;0;5
"097034";"Erve";81;0;1;0;0;;;;1;0;1;0;2;;;;3;4
"097034";"Erve";82;0;3;0;0;;;;3;1;0;0;1;;;;2;5
"097034";"Erve";83;1;3;0;0;;;;4;0;1;0;0;;;;1;5
"097034";"Erve";84;0;0;0;0;;;;0;0;0;0;0;;;;0;0
"097034";"Erve";85;0;1;0;0;;;;1;0;0;0;3;;;;3;4
"097034";"Erve";86;0;0;0;2;;;;2;0;0;0;2;;;;2;4
"097034";"Erve";87;0;0;0;0;;;;0;0;0;0;1;;;;1;1
"097034";"Erve";88;0;0;0;0;;;;0;0;0;0;4;;;;4;4
"097034";"Erve";89;0;0;0;1;;;;1;0;0;0;0;;;;0;1
"097034";"Erve";90;0;0;0;1;;;;1;0;0;0;4;;;;4;5
"097034";"Erve";91;0;1;0;0;;;;1;0;0;0;5;;;;5;6
"097034";"Erve";92;0;0;0;0;;;;0;0;1;0;3;;;;4;4
"097034";"Erve";93;0;0;0;0;;;;0;0;0;0;0;;;;0;0
"097034";"Erve";94;0;0;0;0;;;;0;0;0;0;0;;;;0;0
"097034";"Erve";95;0;0;0;0;;;;0;0;0;0;0;;;;0;0
"097034";"Erve";96;0;0;0;1;;;;1;0;0;0;1;;;;1;2
"097034";"Erve";97;0;0;0;0;;;;0;0;0;0;0;;;;0;0
"097034";"Erve";98;0;0;0;0;;;;0;0;0;0;0;;;;0;0
"097034";"Erve";99;0;0;0;0;;;;0;0;0;0;1;;;;1;1
"097034";"Erve";100;0;0;0;0;;;;0;0;0;0;0;;;;0;0
"097034";"Erve";999;169;146;5;13;;;;333;137;150;6;49;;;;342;675
"097035";"Esino Lario";0;1;0;0;0;;;;1;2;0;0;0;;;;2;3
"097035";"Esino Lario";1;1;0;0;0;;;;1;4;0;0;0;;;;4;5
"097035";"Esino Lario";2;4;0;0;0;;;;4;0;0;0;0;;;;0;4
"097035";"Esino Lario";3;1;0;0;0;;;;1;0;0;0;0;;;;0;1
"097035";"Esino Lario";4;3;0;0;0;;;;3;3;0;0;0;;;;3;6
"097035";"Esino Lario";5;4;0;0;0;;;;4;5;0;0;0;;;;5;9
"097035";"Esino Lario";6;3;0;0;0;;;;3;5;0;0;0;;;;5;8
"097035";"Esino Lario";7;6;0;0;0;;;;6;6;0;0;0;;;;6;12
"097035";"Esino Lario";8;2;0;0;0;;;;2;2;0;0;0;;;;2;4
"097035";"Esino Lario";9;4;0;0;0;;;;4;0;0;0;0;;;;0;4
"097035";"Esino Lario";10;2;0;0;0;;;;2;6;0;0;0;;;;6;8
"097035";"Esino Lario";11;0;0;0;0;;;;0;1;0;0;0;;;;1;1
"097035";"Esino Lario";12;6;0;0;0;;;;6;3;0;0;0;;;;3;9
"097035";"Esino Lario";13;2;0;0;0;;;;2;3;0;0;0;;;;3;5
"097035";"Esino Lario";14;4;0;0;0;;;;4;7;0;0;0;;;;7;11
"097035";"Esino Lario";15;3;0;0;0;;;;3;3;0;0;0;;;;3;6
"097035";"Esino Lario";16;3;0;0;0;;;;3;6;0;0;0;;;;6;9
"097035";"Esino Lario";17;3;0;0;0;;;;3;7;0;0;0;;;;7;10
"097035";"Esino Lario";18;3;0;0;0;;;;3;6;0;0;0;;;;6;9
"097035";"Esino Lario";19;4;0;0;0;;;;4;2;0;0;0;;;;2;6
"097035";"Esino Lario";20;5;0;0;0;;;;5;2;0;0;0;;;;2;7
"097035";"Esino Lario";21;2;0;0;0;;;;2;2;0;0;0;;;;2;4
"097035";"Esino Lario";22;3;0;0;0;;;;3;4;0;0;0;;;;4;7
"097035";"Esino Lario";23;4;0;0;0;;;;4;2;0;0;0;;;;2;6
"097035";"Esino Lario";24;5;0;0;0;;;;5;0;0;0;0;;;;0;5
"097035";"Esino Lario";25;5;0;0;0;;;;5;3;0;0;0;;;;3;8
"097035";"Esino Lario";26;2;0;0;0;;;;2;3;0;0;0;;;;3;5
"097035";"Esino Lario";27;2;0;0;0;;;;2;3;2;0;0;;;;5;7
"097035";"Esino Lario";28;5;0;0;0;;;;5;2;2;0;0;;;;4;9
"097035";"Esino Lario";29;4;0;0;0;;;;4;2;1;0;0;;;;3;7
"097035";"Esino Lario";30;5;0;0;0;;;;5;3;3;0;0;;;;6;11
"097035";"Esino Lario";31;4;1;0;0;;;;5;1;1;0;0;;;;2;7
"097035";"Esino Lario";32;1;0;0;0;;;;1;0;0;0;0;;;;0;1
"097035";"Esino Lario";33;2;1;0;0;;;;3;1;0;0;0;;;;1;4
"097035";"Esino Lario";34;3;3;0;0;;;;6;1;1;0;0;;;;2;8
"097035";"Esino Lario";35;2;2;0;0;;;;4;0;2;0;0;;;;2;6
"097035";"Esino Lario";36;3;0;0;0;;;;3;1;0;0;0;;;;1;4
"097035";"Esino Lario";37;4;4;0;0;;;;8;2;1;0;0;;;;3;11
"097035";"Esino Lario";38;2;0;0;0;;;;2;1;3;0;0;;;;4;6
"097035";"Esino Lario";39;1;2;0;0;;;;3;2;3;0;0;;;;5;8
"097035";"Esino Lario";40;1;2;0;0;;;;3;2;2;0;0;;;;4;7
"097035";"Esino Lario";41;3;3;0;0;;;;6;2;0;0;0;;;;2;8
"097035";"Esino Lario";42;2;1;0;0;;;;3;0;6;0;0;;;;6;9
"097035";"Esino Lario";43;1;1;0;0;;;;2;2;4;0;0;;;;6;8
"097035";"Esino Lario";44;0;1;0;0;;;;1;0;5;0;0;;;;5;6
"097035";"Esino Lario";45;0;2;0;0;;;;2;0;1;0;0;;;;1;3
"097035";"Esino Lario";46;0;4;0;0;;;;4;1;2;0;0;;;;3;7
"097035";"Esino Lario";47;1;5;0;0;;;;6;1;7;0;0;;;;8;14
"097035";"Esino Lario";48;2;4;0;0;;;;6;1;2;1;0;;;;4;10
"097035";"Esino Lario";49;2;4;0;0;;;;6;2;3;0;0;;;;5;11
"097035";"Esino Lario";50;4;3;0;0;;;;7;0;2;0;0;;;;2;9
"097035";"Esino Lario";51;0;6;0;0;;;;6;2;1;1;1;;;;5;11
"097035";"Esino Lario";52;3;2;0;0;;;;5;2;5;0;0;;;;7;12
"097035";"Esino Lario";53;6;4;0;0;;;;10;1;2;0;0;;;;3;13
"097035";"Esino Lario";54;2;4;0;0;;;;6;0;7;0;0;;;;7;13
"097035";"Esino Lario";55;1;2;1;0;;;;4;1;3;2;0;;;;6;10
"097035";"Esino Lario";56;3;6;1;0;;;;10;2;2;0;0;;;;4;14
"097035";"Esino Lario";57;0;3;0;0;;;;3;0;6;0;1;;;;7;10
"097035";"Esino Lario";58;0;3;1;0;;;;4;1;6;0;0;;;;7;11
"097035";"Esino Lario";59;0;3;1;0;;;;4;1;2;0;0;;;;3;7
"097035";"Esino Lario";60;1;4;1;0;;;;6;1;3;1;0;;;;5;11
"097035";"Esino Lario";61;2;6;0;0;;;;8;1;4;0;0;;;;5;13
"097035";"Esino Lario";62;0;6;0;0;;;;6;0;3;1;0;;;;4;10
"097035";"Esino Lario";63;2;6;2;0;;;;10;0;5;0;0;;;;5;15
"097035";"Esino Lario";64;2;2;3;0;;;;7;2;4;0;1;;;;7;14
"097035";"Esino Lario";65;0;4;0;0;;;;4;1;3;1;1;;;;6;10
"097035";"Esino Lario";66;0;7;0;0;;;;7;0;4;0;0;;;;4;11
"097035";"Esino Lario";67;1;4;1;0;;;;6;1;5;0;1;;;;7;13
"097035";"Esino Lario";68;2;3;1;0;;;;6;1;3;0;0;;;;4;10
"097035";"Esino Lario";69;0;5;0;0;;;;5;2;1;1;0;;;;4;9
"097035";"Esino Lario";70;0;3;0;0;;;;3;0;3;0;1;;;;4;7
"097035";"Esino Lario";71;0;4;0;1;;;;5;0;5;0;1;;;;6;11
"097035";"Esino Lario";72;1;3;0;0;;;;4;0;0;2;0;;;;2;6
"097035";"Esino Lario";73;1;3;1;1;;;;6;0;2;0;2;;;;4;10
"097035";"Esino Lario";74;0;0;0;1;;;;1;0;6;0;1;;;;7;8
"097035";"Esino Lario";75;2;6;0;1;;;;9;0;4;0;1;;;;5;14
"097035";"Esino Lario";76;1;5;0;1;;;;7;0;3;0;3;;;;6;13
"097035";"Esino Lario";77;1;3;0;0;;;;4;0;2;1;3;;;;6;10
"097035";"Esino Lario";78;1;5;0;0;;;;6;0;1;0;4;;;;5;11
"097035";"Esino Lario";79;0;5;0;0;;;;5;0;3;0;3;;;;6;11
"097035";"Esino Lario";80;0;3;0;0;;;;3;0;5;0;1;;;;6;9
"097035";"Esino Lario";81;1;2;1;0;;;;4;0;2;0;3;;;;5;9
"097035";"Esino Lario";82;0;2;0;1;;;;3;0;1;0;2;;;;3;6
"097035";"Esino Lario";83;0;3;0;0;;;;3;0;5;0;2;;;;7;10
"097035";"Esino Lario";84;0;5;0;2;;;;7;0;1;0;1;;;;2;9
"097035";"Esino Lario";85;1;1;1;0;;;;3;1;1;0;5;;;;7;10
"097035";"Esino Lario";86;1;3;0;0;;;;4;0;1;0;5;;;;6;10
"097035";"Esino Lario";87;1;2;0;0;;;;3;0;0;0;0;;;;0;3
"097035";"Esino Lario";88;0;0;0;0;;;;0;0;0;0;3;;;;3;3
"097035";"Esino Lario";89;0;0;0;0;;;;0;0;0;0;2;;;;2;2
"097035";"Esino Lario";90;0;0;0;0;;;;0;0;0;0;0;;;;0;0
"097035";"Esino Lario";91;0;0;0;0;;;;0;0;0;0;0;;;;0;0
"097035";"Esino Lario";92;0;0;0;0;;;;0;0;0;0;2;;;;2;2
"097035";"Esino Lario";93;0;0;0;1;;;;1;0;0;0;0;;;;0;1
"097035";"Esino Lario";94;0;0;0;0;;;;0;0;0;0;2;;;;2;2
"097035";"Esino Lario";95;0;0;0;0;;;;0;0;0;0;0;;;;0;0
"097035";"Esino Lario";96;0;0;0;0;;;;0;0;0;0;0;;;;0;0
"097035";"Esino Lario";97;0;0;0;0;;;;0;0;0;0;0;;;;0;0
"097035";"Esino Lario";98;0;0;0;0;;;;0;0;0;0;0;;;;0;0
"097035";"Esino Lario";99;0;0;0;0;;;;0;0;0;0;0;;;;0;0
"097035";"Esino Lario";100;0;0;0;0;;;;0;0;0;0;0;;;;0;0
"097035";"Esino Lario";999;175;181;15;9;;;;380;137;167;11;52;;;;367;747
"097036";"Galbiate";0;33;0;0;0;;;;33;31;0;0;0;;;;31;64
"097036";"Galbiate";1;28;0;0;0;;;;28;24;0;0;0;;;;24;52
"097036";"Galbiate";2;35;0;0;0;;;;35;31;0;0;0;;;;31;66
"097036";"Galbiate";3;21;0;0;0;;;;21;33;0;0;0;;;;33;54
"097036";"Galbiate";4;31;0;0;0;;;;31;35;0;0;0;;;;35;66
"097036";"Galbiate";5;36;0;0;0;;;;36;23;0;0;0;;;;23;59
"097036";"Galbiate";6;31;0;0;0;;;;31;34;0;0;0;;;;34;65
"097036";"Galbiate";7;27;0;0;0;;;;27;22;0;0;0;;;;22;49
"097036";"Galbiate";8;28;0;0;0;;;;28;40;0;0;0;;;;40;68
"097036";"Galbiate";9;34;0;0;0;;;;34;39;0;0;0;;;;39;73
"097036";"Galbiate";10;39;0;0;0;;;;39;33;0;0;0;;;;33;72
"097036";"Galbiate";11;38;0;0;0;;;;38;35;0;0;0;;;;35;73
"097036";"Galbiate";12;33;0;0;0;;;;33;37;0;0;0;;;;37;70
"097036";"Galbiate";13;40;0;0;0;;;;40;35;0;0;0;;;;35;75
"097036";"Galbiate";14;30;0;0;0;;;;30;40;0;0;0;;;;40;70
"097036";"Galbiate";15;46;0;0;0;;;;46;37;0;0;0;;;;37;83
"097036";"Galbiate";16;55;0;0;0;;;;55;41;0;0;0;;;;41;96
"097036";"Galbiate";17;31;0;0;0;;;;31;31;0;0;0;;;;31;62
"097036";"Galbiate";18;47;0;0;0;;;;47;49;0;0;0;;;;49;96
"097036";"Galbiate";19;52;0;0;0;;;;52;47;0;0;0;;;;47;99
"097036";"Galbiate";20;33;0;0;0;;;;33;41;0;0;0;;;;41;74
"097036";"Galbiate";21;35;0;0;0;;;;35;35;0;0;0;;;;35;70
"097036";"Galbiate";22;40;0;0;0;;;;40;37;0;0;0;;;;37;77
"097036";"Galbiate";23;43;0;0;0;;;;43;38;1;0;0;;;;39;82
"097036";"Galbiate";24;30;0;0;0;;;;30;36;0;0;0;;;;36;66
"097036";"Galbiate";25;39;1;0;0;;;;40;36;1;0;0;;;;37;77
"097036";"Galbiate";26;42;1;0;0;;;;43;32;1;0;0;;;;33;76
"097036";"Galbiate";27;54;1;0;0;;;;55;29;7;0;0;;;;36;91
"097036";"Galbiate";28;36;3;0;0;;;;39;33;6;0;0;;;;39;78
"097036";"Galbiate";29;31;4;0;0;;;;35;31;12;0;0;;;;43;78
"097036";"Galbiate";30;43;10;1;0;;;;54;33;9;0;0;;;;42;96
"097036";"Galbiate";31;28;4;0;0;;;;32;29;12;0;0;;;;41;73
"097036";"Galbiate";32;38;8;0;0;;;;46;29;24;0;0;;;;53;99
"097036";"Galbiate";33;31;18;0;0;;;;49;32;15;1;0;;;;48;97
"097036";"Galbiate";34;26;16;1;0;;;;43;22;21;1;0;;;;44;87
"097036";"Galbiate";35;32;11;1;0;;;;44;18;19;0;0;;;;37;81
"097036";"Galbiate";36;34;23;0;0;;;;57;21;30;1;0;;;;52;109
"097036";"Galbiate";37;22;26;0;0;;;;48;22;31;3;0;;;;56;104
"097036";"Galbiate";38;29;20;1;0;;;;50;12;19;1;0;;;;32;82
"097036";"Galbiate";39;33;19;0;0;;;;52;18;25;2;0;;;;45;97
"097036";"Galbiate";40;21;14;1;0;;;;36;14;22;0;0;;;;36;72
"097036";"Galbiate";41;21;20;3;0;;;;44;5;25;2;0;;;;32;76
"097036";"Galbiate";42;24;20;0;0;;;;44;18;29;2;1;;;;50;94
"097036";"Galbiate";43;14;29;2;0;;;;45;12;37;2;0;;;;51;96
"097036";"Galbiate";44;19;29;1;0;;;;49;13;29;1;0;;;;43;92
"097036";"Galbiate";45;27;21;4;0;;;;52;21;42;4;0;;;;67;119
"097036";"Galbiate";46;24;38;3;0;;;;65;9;36;2;0;;;;47;112
"097036";"Galbiate";47;19;39;3;0;;;;61;10;33;3;1;;;;47;108
"097036";"Galbiate";48;21;39;4;0;;;;64;20;35;3;0;;;;58;122
"097036";"Galbiate";49;26;35;4;0;;;;65;10;38;6;1;;;;55;120
"097036";"Galbiate";50;22;34;4;0;;;;60;9;57;5;2;;;;73;133
"097036";"Galbiate";51;16;48;2;1;;;;67;7;40;10;3;;;;60;127
"097036";"Galbiate";52;20;37;3;0;;;;60;9;44;8;0;;;;61;121
"097036";"Galbiate";53;16;37;12;0;;;;65;6;43;7;2;;;;58;123
"097036";"Galbiate";54;14;41;10;0;;;;65;6;34;5;4;;;;49;114
"097036";"Galbiate";55;19;46;9;2;;;;76;10;48;5;1;;;;64;140
"097036";"Galbiate";56;13;45;6;0;;;;64;12;51;7;1;;;;71;135
"097036";"Galbiate";57;12;48;5;1;;;;66;8;48;3;1;;;;60;126
"097036";"Galbiate";58;19;54;4;0;;;;77;11;48;4;5;;;;68;145
"097036";"Galbiate";59;17;45;6;0;;;;68;12;63;7;4;;;;86;154
"097036";"Galbiate";60;15;42;6;3;;;;66;9;59;7;1;;;;76;142
"097036";"Galbiate";61;15;64;5;1;;;;85;7;59;3;1;;;;70;155
"097036";"Galbiate";62;7;44;6;0;;;;57;5;50;4;4;;;;63;120
"097036";"Galbiate";63;6;49;6;1;;;;62;7;62;5;4;;;;78;140
"097036";"Galbiate";64;7;50;6;0;;;;63;13;44;5;4;;;;66;129
"097036";"Galbiate";65;9;47;3;1;;;;60;7;39;7;8;;;;61;121
"097036";"Galbiate";66;6;43;3;0;;;;52;5;36;7;5;;;;53;105
"097036";"Galbiate";67;5;42;4;0;;;;51;6;46;2;7;;;;61;112
"097036";"Galbiate";68;5;42;3;3;;;;53;6;40;4;6;;;;56;109
"097036";"Galbiate";69;4;42;1;0;;;;47;1;33;6;9;;;;49;96
"097036";"Galbiate";70;7;49;1;4;;;;61;5;44;3;12;;;;64;125
"097036";"Galbiate";71;3;37;4;1;;;;45;2;45;2;16;;;;65;110
"097036";"Galbiate";72;5;40;1;2;;;;48;1;29;2;15;;;;47;95
"097036";"Galbiate";73;5;39;2;1;;;;47;5;36;2;12;;;;55;102
"097036";"Galbiate";74;7;41;2;3;;;;53;6;49;1;25;;;;81;134
"097036";"Galbiate";75;5;37;0;4;;;;46;4;29;1;9;;;;43;89
"097036";"Galbiate";76;3;48;2;6;;;;59;5;32;3;9;;;;49;108
"097036";"Galbiate";77;2;34;2;8;;;;46;6;22;0;20;;;;48;94
"097036";"Galbiate";78;3;44;3;5;;;;55;5;21;1;18;;;;45;100
"097036";"Galbiate";79;1;31;0;7;;;;39;1;22;0;17;;;;40;79
"097036";"Galbiate";80;4;23;1;4;;;;32;5;18;1;11;;;;35;67
"097036";"Galbiate";81;2;27;1;1;;;;31;4;24;0;12;;;;40;71
"097036";"Galbiate";82;3;21;2;6;;;;32;1;17;2;25;;;;45;77
"097036";"Galbiate";83;3;25;0;5;;;;33;4;9;0;27;;;;40;73
"097036";"Galbiate";84;5;24;0;5;;;;34;5;9;0;24;;;;38;72
"097036";"Galbiate";85;3;14;0;2;;;;19;2;10;0;26;;;;38;57
"097036";"Galbiate";86;3;20;0;6;;;;29;4;2;2;31;;;;39;68
"097036";"Galbiate";87;1;11;0;4;;;;16;3;7;0;19;;;;29;45
"097036";"Galbiate";88;1;8;0;4;;;;13;6;3;0;23;;;;32;45
"097036";"Galbiate";89;1;8;0;4;;;;13;1;4;0;20;;;;25;38
"097036";"Galbiate";90;0;4;0;2;;;;6;3;0;0;17;;;;20;26
"097036";"Galbiate";91;1;7;0;2;;;;10;3;2;0;18;;;;23;33
"097036";"Galbiate";92;1;0;0;2;;;;3;1;0;0;13;;;;14;17
"097036";"Galbiate";93;0;1;0;2;;;;3;5;1;0;11;;;;17;20
"097036";"Galbiate";94;1;0;0;2;;;;3;3;0;0;9;;;;12;15
"097036";"Galbiate";95;1;0;0;0;;;;1;1;0;0;6;;;;7;8
"097036";"Galbiate";96;0;0;0;0;;;;0;2;0;0;4;;;;6;6
"097036";"Galbiate";97;0;0;0;2;;;;2;1;0;0;3;;;;4;6
"097036";"Galbiate";98;0;0;0;0;;;;0;0;0;0;5;;;;5;5
"097036";"Galbiate";99;0;0;0;1;;;;1;0;0;0;3;;;;3;4
"097036";"Galbiate";100;0;0;0;1;;;;1;0;0;0;2;;;;2;3
"097036";"Galbiate";999;1948;1942;154;109;;;;4153;1663;1938;165;537;;;;4303;8456
"097037";"Garbagnate Monastero";0;8;0;0;0;;;;8;9;0;0;0;;;;9;17
"097037";"Garbagnate Monastero";1;12;0;0;0;;;;12;9;0;0;0;;;;9;21
"097037";"Garbagnate Monastero";2;13;0;0;0;;;;13;10;0;0;0;;;;10;23
"097037";"Garbagnate Monastero";3;12;0;0;0;;;;12;6;0;0;0;;;;6;18
"097037";"Garbagnate Monastero";4;14;0;0;0;;;;14;11;0;0;0;;;;11;25
"097037";"Garbagnate Monastero";5;13;0;0;0;;;;13;7;0;0;0;;;;7;20
"097037";"Garbagnate Monastero";6;16;0;0;0;;;;16;14;0;0;0;;;;14;30
"097037";"Garbagnate Monastero";7;14;0;0;0;;;;14;15;0;0;0;;;;15;29
"097037";"Garbagnate Monastero";8;7;0;0;0;;;;7;10;0;0;0;;;;10;17
"097037";"Garbagnate Monastero";9;16;0;0;0;;;;16;13;0;0;0;;;;13;29
"097037";"Garbagnate Monastero";10;7;0;0;0;;;;7;9;0;0;0;;;;9;16
"097037";"Garbagnate Monastero";11;16;0;0;0;;;;16;10;0;0;0;;;;10;26
"097037";"Garbagnate Monastero";12;10;0;0;0;;;;10;9;0;0;0;;;;9;19
"097037";"Garbagnate Monastero";13;12;0;0;0;;;;12;12;0;0;0;;;;12;24
"097037";"Garbagnate Monastero";14;15;0;0;0;;;;15;16;0;0;0;;;;16;31
"097037";"Garbagnate Monastero";15;19;0;0;0;;;;19;12;0;0;0;;;;12;31
"097037";"Garbagnate Monastero";16;13;0;0;0;;;;13;15;0;0;0;;;;15;28
"097037";"Garbagnate Monastero";17;24;0;0;0;;;;24;11;0;0;0;;;;11;35
"097037";"Garbagnate Monastero";18;6;0;0;0;;;;6;9;0;0;0;;;;9;15
"097037";"Garbagnate Monastero";19;23;0;0;0;;;;23;15;0;0;0;;;;15;38
"097037";"Garbagnate Monastero";20;15;0;0;0;;;;15;13;0;0;0;;;;13;28
"097037";"Garbagnate Monastero";21;4;0;0;0;;;;4;10;0;0;0;;;;10;14
"097037";"Garbagnate Monastero";22;15;2;0;0;;;;17;11;0;0;0;;;;11;28
"097037";"Garbagnate Monastero";23;8;0;0;0;;;;8;5;2;0;0;;;;7;15
"097037";"Garbagnate Monastero";24;16;0;0;0;;;;16;18;1;0;0;;;;19;35
"097037";"Garbagnate Monastero";25;14;0;0;0;;;;14;15;0;0;0;;;;15;29
"097037";"Garbagnate Monastero";26;11;0;0;0;;;;11;10;2;0;0;;;;12;23
"097037";"Garbagnate Monastero";27;12;1;0;0;;;;13;11;2;0;0;;;;13;26
"097037";"Garbagnate Monastero";28;21;0;0;0;;;;21;9;3;0;0;;;;12;33
"097037";"Garbagnate Monastero";29;15;1;0;0;;;;16;7;1;0;0;;;;8;24
"097037";"Garbagnate Monastero";30;5;4;0;0;;;;9;10;4;0;0;;;;14;23
"097037";"Garbagnate Monastero";31;9;2;1;0;;;;12;6;6;0;0;;;;12;24
"097037";"Garbagnate Monastero";32;9;6;0;0;;;;15;14;7;0;0;;;;21;36
"097037";"Garbagnate Monastero";33;16;3;0;0;;;;19;5;9;0;0;;;;14;33
"097037";"Garbagnate Monastero";34;10;4;0;0;;;;14;7;9;0;0;;;;16;30
"097037";"Garbagnate Monastero";35;7;6;0;0;;;;13;0;6;0;0;;;;6;19
"097037";"Garbagnate Monastero";36;6;7;1;0;;;;14;5;6;0;0;;;;11;25
"097037";"Garbagnate Monastero";37;5;8;0;0;;;;13;8;8;0;0;;;;16;29
"097037";"Garbagnate Monastero";38;6;8;0;0;;;;14;3;5;0;0;;;;8;22
"097037";"Garbagnate Monastero";39;13;3;0;0;;;;16;3;7;1;0;;;;11;27
"097037";"Garbagnate Monastero";40;11;13;0;0;;;;24;3;14;1;0;;;;18;42
"097037";"Garbagnate Monastero";41;7;10;0;0;;;;17;4;9;2;0;;;;15;32
"097037";"Garbagnate Monastero";42;9;7;0;0;;;;16;2;15;0;0;;;;17;33
"097037";"Garbagnate Monastero";43;7;10;0;1;;;;18;6;7;1;0;;;;14;32
"097037";"Garbagnate Monastero";44;11;11;1;0;;;;23;3;13;1;1;;;;18;41
"097037";"Garbagnate Monastero";45;5;9;0;1;;;;15;4;12;3;0;;;;19;34
"097037";"Garbagnate Monastero";46;7;9;0;0;;;;16;3;13;0;0;;;;16;32
"097037";"Garbagnate Monastero";47;8;10;2;0;;;;20;0;14;1;0;;;;15;35
"097037";"Garbagnate Monastero";48;2;15;0;0;;;;17;7;13;2;1;;;;23;40
"097037";"Garbagnate Monastero";49;5;14;0;1;;;;20;1;17;2;0;;;;20;40
"097037";"Garbagnate Monastero";50;4;14;2;0;;;;20;0;15;0;0;;;;15;35
"097037";"Garbagnate Monastero";51;7;13;0;0;;;;20;3;18;4;0;;;;25;45
"097037";"Garbagnate Monastero";52;11;14;0;0;;;;25;6;11;0;0;;;;17;42
"097037";"Garbagnate Monastero";53;10;16;1;0;;;;27;2;15;0;0;;;;17;44
"097037";"Garbagnate Monastero";54;4;15;3;0;;;;22;2;13;0;0;;;;15;37
"097037";"Garbagnate Monastero";55;3;11;2;0;;;;16;1;10;0;1;;;;12;28
"097037";"Garbagnate Monastero";56;5;12;2;0;;;;19;1;17;2;1;;;;21;40
"097037";"Garbagnate Monastero";57;4;14;1;0;;;;19;2;18;2;1;;;;23;42
"097037";"Garbagnate Monastero";58;2;23;0;0;;;;25;1;14;5;0;;;;20;45
"097037";"Garbagnate Monastero";59;6;19;0;2;;;;27;3;20;2;2;;;;27;54
"097037";"Garbagnate Monastero";60;4;17;1;0;;;;22;2;11;2;3;;;;18;40
"097037";"Garbagnate Monastero";61;2;16;0;0;;;;18;1;9;1;2;;;;13;31
"097037";"Garbagnate Monastero";62;1;6;2;0;;;;9;3;20;0;1;;;;24;33
"097037";"Garbagnate Monastero";63;0;15;2;1;;;;18;1;18;0;2;;;;21;39
"097037";"Garbagnate Monastero";64;3;14;2;3;;;;22;1;15;0;0;;;;16;38
"097037";"Garbagnate Monastero";65;2;15;2;1;;;;20;0;10;0;7;;;;17;37
"097037";"Garbagnate Monastero";66;2;16;0;0;;;;18;1;18;2;0;;;;21;39
"097037";"Garbagnate Monastero";67;2;16;1;0;;;;19;3;8;0;4;;;;15;34
"097037";"Garbagnate Monastero";68;1;15;1;0;;;;17;1;12;0;1;;;;14;31
"097037";"Garbagnate Monastero";69;1;7;0;0;;;;8;1;9;0;4;;;;14;22
"097037";"Garbagnate Monastero";70;7;8;0;0;;;;15;0;8;0;4;;;;12;27
"097037";"Garbagnate Monastero";71;1;14;1;0;;;;16;1;10;0;0;;;;11;27
"097037";"Garbagnate Monastero";72;3;10;1;2;;;;16;0;7;0;2;;;;9;25
"097037";"Garbagnate Monastero";73;2;9;0;0;;;;11;0;10;1;1;;;;12;23
"097037";"Garbagnate Monastero";74;2;9;0;1;;;;12;1;5;0;3;;;;9;21
"097037";"Garbagnate Monastero";75;0;8;0;0;;;;8;0;8;0;5;;;;13;21
"097037";"Garbagnate Monastero";76;0;11;1;0;;;;12;1;8;0;3;;;;12;24
"097037";"Garbagnate Monastero";77;0;11;0;1;;;;12;2;8;1;2;;;;13;25
"097037";"Garbagnate Monastero";78;0;10;0;0;;;;10;1;7;0;3;;;;11;21
"097037";"Garbagnate Monastero";79;3;6;0;1;;;;10;0;3;0;3;;;;6;16
"097037";"Garbagnate Monastero";80;2;7;0;0;;;;9;0;4;0;4;;;;8;17
"097037";"Garbagnate Monastero";81;0;4;0;0;;;;4;0;4;0;5;;;;9;13
"097037";"Garbagnate Monastero";82;1;3;0;1;;;;5;2;4;0;3;;;;9;14
"097037";"Garbagnate Monastero";83;1;5;0;3;;;;9;0;0;0;5;;;;5;14
"097037";"Garbagnate Monastero";84;0;2;0;4;;;;6;0;2;0;5;;;;7;13
"097037";"Garbagnate Monastero";85;1;5;0;3;;;;9;0;0;0;6;;;;6;15
"097037";"Garbagnate Monastero";86;1;4;0;0;;;;5;0;5;0;6;;;;11;16
"097037";"Garbagnate Monastero";87;0;2;0;1;;;;3;0;1;0;3;;;;4;7
"097037";"Garbagnate Monastero";88;0;1;0;1;;;;2;0;2;0;9;;;;11;13
"097037";"Garbagnate Monastero";89;0;2;0;1;;;;3;0;0;0;3;;;;3;6
"097037";"Garbagnate Monastero";90;0;3;0;0;;;;3;1;1;0;3;;;;5;8
"097037";"Garbagnate Monastero";91;0;3;0;0;;;;3;0;0;0;6;;;;6;9
"097037";"Garbagnate Monastero";92;0;1;0;0;;;;1;0;0;0;1;;;;1;2
"097037";"Garbagnate Monastero";93;0;0;0;0;;;;0;0;0;0;1;;;;1;1
"097037";"Garbagnate Monastero";94;0;0;0;0;;;;0;0;0;0;1;;;;1;1
"097037";"Garbagnate Monastero";95;0;0;0;0;;;;0;1;0;0;0;;;;1;1
"097037";"Garbagnate Monastero";96;0;0;0;0;;;;0;0;0;0;0;;;;0;0
"097037";"Garbagnate Monastero";97;0;0;0;0;;;;0;0;0;0;1;;;;1;1
"097037";"Garbagnate Monastero";98;0;0;0;0;;;;0;0;0;0;0;;;;0;0
"097037";"Garbagnate Monastero";99;0;0;0;0;;;;0;0;0;0;0;;;;0;0
"097037";"Garbagnate Monastero";100;0;0;0;0;;;;0;0;0;0;2;;;;2;2
"097037";"Garbagnate Monastero";999;657;589;30;29;;;;1305;470;583;36;121;;;;1210;2515
"097038";"Garlate";0;10;0;0;0;;;;10;7;0;0;0;;;;7;17
"097038";"Garlate";1;9;0;0;0;;;;9;10;0;0;0;;;;10;19
"097038";"Garlate";2;9;0;0;0;;;;9;5;0;0;0;;;;5;14
"097038";"Garlate";3;9;0;0;0;;;;9;5;0;0;0;;;;5;14
"097038";"Garlate";4;3;0;0;0;;;;3;12;0;0;0;;;;12;15
"097038";"Garlate";5;8;0;0;0;;;;8;13;0;0;0;;;;13;21
"097038";"Garlate";6;14;0;0;0;;;;14;7;0;0;0;;;;7;21
"097038";"Garlate";7;9;0;0;0;;;;9;12;0;0;0;;;;12;21
"097038";"Garlate";8;11;0;0;0;;;;11;13;0;0;0;;;;13;24
"097038";"Garlate";9;5;0;0;0;;;;5;11;0;0;0;;;;11;16
"097038";"Garlate";10;8;0;0;0;;;;8;17;0;0;0;;;;17;25
"097038";"Garlate";11;16;0;0;0;;;;16;15;0;0;0;;;;15;31
"097038";"Garlate";12;11;0;0;0;;;;11;9;0;0;0;;;;9;20
"097038";"Garlate";13;20;0;0;0;;;;20;9;0;0;0;;;;9;29
"097038";"Garlate";14;16;0;0;0;;;;16;11;0;0;0;;;;11;27
"097038";"Garlate";15;10;0;0;0;;;;10;14;0;0;0;;;;14;24
"097038";"Garlate";16;8;0;0;0;;;;8;17;0;0;0;;;;17;25
"097038";"Garlate";17;23;0;0;0;;;;23;20;0;0;0;;;;20;43
"097038";"Garlate";18;17;0;0;0;;;;17;9;0;0;0;;;;9;26
"097038";"Garlate";19;18;0;0;0;;;;18;13;0;0;0;;;;13;31
"097038";"Garlate";20;13;0;0;0;;;;13;9;0;0;0;;;;9;22
"097038";"Garlate";21;20;0;0;0;;;;20;13;1;0;0;;;;14;34
"097038";"Garlate";22;11;0;0;0;;;;11;17;0;0;0;;;;17;28
"097038";"Garlate";23;6;0;0;0;;;;6;11;0;0;0;;;;11;17
"097038";"Garlate";24;8;1;0;0;;;;9;10;0;0;0;;;;10;19
"097038";"Garlate";25;10;0;0;0;;;;10;6;0;0;0;;;;6;16
"097038";"Garlate";26;13;0;0;0;;;;13;11;3;1;0;;;;15;28
"097038";"Garlate";27;12;1;1;0;;;;14;6;2;0;0;;;;8;22
"097038";"Garlate";28;24;3;0;0;;;;27;7;4;0;0;;;;11;38
"097038";"Garlate";29;6;0;0;0;;;;6;8;0;0;0;;;;8;14
"097038";"Garlate";30;11;0;0;0;;;;11;12;4;0;0;;;;16;27
"097038";"Garlate";31;13;4;0;0;;;;17;10;2;0;0;;;;12;29
"097038";"Garlate";32;10;0;0;0;;;;10;8;4;1;0;;;;13;23
"097038";"Garlate";33;12;3;0;0;;;;15;7;4;0;0;;;;11;26
"097038";"Garlate";34;11;4;0;0;;;;15;7;5;0;0;;;;12;27
"097038";"Garlate";35;7;4;0;1;;;;12;3;5;0;0;;;;8;20
"097038";"Garlate";36;11;4;0;0;;;;15;6;11;0;0;;;;17;32
"097038";"Garlate";37;12;7;0;0;;;;19;3;8;0;0;;;;11;30
"097038";"Garlate";38;10;5;0;0;;;;15;9;7;0;0;;;;16;31
"097038";"Garlate";39;7;5;0;0;;;;12;3;9;0;1;;;;13;25
"097038";"Garlate";40;8;6;0;0;;;;14;9;10;1;1;;;;21;35
"097038";"Garlate";41;8;9;1;0;;;;18;4;17;1;0;;;;22;40
"097038";"Garlate";42;4;9;0;0;;;;13;2;8;0;0;;;;10;23
"097038";"Garlate";43;8;6;0;0;;;;14;3;11;0;0;;;;14;28
"097038";"Garlate";44;6;8;0;0;;;;14;4;8;2;1;;;;15;29
"097038";"Garlate";45;7;10;0;0;;;;17;3;10;0;1;;;;14;31
"097038";"Garlate";46;6;14;0;0;;;;20;6;10;0;1;;;;17;37
"097038";"Garlate";47;8;13;0;0;;;;21;8;13;1;0;;;;22;43
"097038";"Garlate";48;12;15;1;0;;;;28;4;6;1;0;;;;11;39
"097038";"Garlate";49;12;12;0;0;;;;24;5;18;2;1;;;;26;50
"097038";"Garlate";50;8;15;1;0;;;;24;4;14;5;1;;;;24;48
"097038";"Garlate";51;10;14;1;0;;;;25;6;17;1;0;;;;24;49
"097038";"Garlate";52;2;15;3;0;;;;20;5;16;2;0;;;;23;43
"097038";"Garlate";53;10;7;3;0;;;;20;3;14;1;1;;;;19;39
"097038";"Garlate";54;2;13;2;0;;;;17;2;11;3;1;;;;17;34
"097038";"Garlate";55;5;14;0;0;;;;19;5;12;1;0;;;;18;37
"097038";"Garlate";56;4;17;1;0;;;;22;4;6;2;1;;;;13;35
"097038";"Garlate";57;5;11;2;0;;;;18;2;19;4;1;;;;26;44
"097038";"Garlate";58;6;15;2;0;;;;23;6;19;4;3;;;;32;55
"097038";"Garlate";59;3;16;1;0;;;;20;2;10;0;0;;;;12;32
"097038";"Garlate";60;6;21;0;0;;;;27;3;14;0;2;;;;19;46
"097038";"Garlate";61;1;12;1;0;;;;14;2;12;3;1;;;;18;32
"097038";"Garlate";62;7;9;1;0;;;;17;3;13;2;2;;;;20;37
"097038";"Garlate";63;4;12;1;0;;;;17;0;16;2;2;;;;20;37
"097038";"Garlate";64;4;18;1;0;;;;23;1;18;2;1;;;;22;45
"097038";"Garlate";65;1;14;2;0;;;;17;1;12;0;0;;;;13;30
"097038";"Garlate";66;3;15;0;0;;;;18;0;17;1;0;;;;18;36
"097038";"Garlate";67;0;11;2;0;;;;13;3;16;1;2;;;;22;35
"097038";"Garlate";68;0;17;0;1;;;;18;0;12;3;1;;;;16;34
"097038";"Garlate";69;0;19;0;1;;;;20;1;14;0;5;;;;20;40
"097038";"Garlate";70;0;11;0;0;;;;11;1;11;1;2;;;;15;26
"097038";"Garlate";71;1;10;2;0;;;;13;1;16;1;2;;;;20;33
"097038";"Garlate";72;2;7;1;1;;;;11;0;13;1;6;;;;20;31
"097038";"Garlate";73;2;11;1;2;;;;16;0;10;1;5;;;;16;32
"097038";"Garlate";74;1;13;0;1;;;;15;1;10;0;7;;;;18;33
"097038";"Garlate";75;1;18;0;1;;;;20;1;9;1;2;;;;13;33
"097038";"Garlate";76;1;13;2;2;;;;18;0;6;1;8;;;;15;33
"097038";"Garlate";77;0;10;1;2;;;;13;1;13;0;7;;;;21;34
"097038";"Garlate";78;0;11;1;4;;;;16;2;6;0;6;;;;14;30
"097038";"Garlate";79;0;7;0;0;;;;7;0;8;1;6;;;;15;22
"097038";"Garlate";80;0;5;0;1;;;;6;0;7;0;6;;;;13;19
"097038";"Garlate";81;1;11;0;0;;;;12;1;7;0;2;;;;10;22
"097038";"Garlate";82;1;3;0;2;;;;6;0;3;0;8;;;;11;17
"097038";"Garlate";83;0;9;0;3;;;;12;1;8;0;9;;;;18;30
"097038";"Garlate";84;1;9;1;1;;;;12;0;2;0;8;;;;10;22
"097038";"Garlate";85;1;11;0;2;;;;14;0;2;0;8;;;;10;24
"097038";"Garlate";86;0;6;0;1;;;;7;0;2;0;1;;;;3;10
"097038";"Garlate";87;1;5;0;3;;;;9;0;2;0;4;;;;6;15
"097038";"Garlate";88;0;3;0;1;;;;4;0;0;0;5;;;;5;9
"097038";"Garlate";89;0;3;0;1;;;;4;0;3;0;7;;;;10;14
"097038";"Garlate";90;0;3;0;0;;;;3;1;2;0;4;;;;7;10
"097038";"Garlate";91;0;2;0;0;;;;2;0;0;0;6;;;;6;8
"097038";"Garlate";92;0;0;0;0;;;;0;0;0;0;2;;;;2;2
"097038";"Garlate";93;0;1;0;0;;;;1;0;0;0;3;;;;3;4
"097038";"Garlate";94;0;0;0;0;;;;0;0;0;0;0;;;;0;0
"097038";"Garlate";95;0;0;0;0;;;;0;0;0;1;1;;;;2;2
"097038";"Garlate";96;0;0;0;0;;;;0;1;0;0;0;;;;1;1
"097038";"Garlate";97;0;0;0;0;;;;0;0;0;0;1;;;;1;1
"097038";"Garlate";98;0;0;0;0;;;;0;0;0;0;0;;;;0;0
"097038";"Garlate";99;0;0;0;0;;;;0;0;0;0;0;;;;0;0
"097038";"Garlate";100;0;0;0;0;;;;0;0;0;0;0;;;;0;0
"097038";"Garlate";999;634;610;36;31;;;;1311;507;602;55;156;;;;1320;2631
"097039";"Imbersago";0;6;0;0;0;;;;6;8;0;0;0;;;;8;14
"097039";"Imbersago";1;5;0;0;0;;;;5;4;0;0;0;;;;4;9
"097039";"Imbersago";2;9;0;0;0;;;;9;10;0;0;0;;;;10;19
"097039";"Imbersago";3;2;0;0;0;;;;2;6;0;0;0;;;;6;8
"097039";"Imbersago";4;7;0;0;0;;;;7;7;0;0;0;;;;7;14
"097039";"Imbersago";5;8;0;0;0;;;;8;7;0;0;0;;;;7;15
"097039";"Imbersago";6;5;0;0;0;;;;5;9;0;0;0;;;;9;14
"097039";"Imbersago";7;16;0;0;0;;;;16;4;0;0;0;;;;4;20
"097039";"Imbersago";8;10;0;0;0;;;;10;10;0;0;0;;;;10;20
"097039";"Imbersago";9;10;0;0;0;;;;10;11;0;0;0;;;;11;21
"097039";"Imbersago";10;9;0;0;0;;;;9;5;0;0;0;;;;5;14
"097039";"Imbersago";11;11;0;0;0;;;;11;12;0;0;0;;;;12;23
"097039";"Imbersago";12;21;0;0;0;;;;21;9;0;0;0;;;;9;30
"097039";"Imbersago";13;16;0;0;0;;;;16;8;0;0;0;;;;8;24
"097039";"Imbersago";14;13;0;0;0;;;;13;12;0;0;0;;;;12;25
"097039";"Imbersago";15;15;0;0;0;;;;15;10;0;0;0;;;;10;25
"097039";"Imbersago";16;11;0;0;0;;;;11;19;0;0;0;;;;19;30
"097039";"Imbersago";17;6;0;0;0;;;;6;18;0;0;0;;;;18;24
"097039";"Imbersago";18;15;0;0;0;;;;15;17;0;0;0;;;;17;32
"097039";"Imbersago";19;10;0;0;0;;;;10;10;0;0;0;;;;10;20
"097039";"Imbersago";20;12;0;0;0;;;;12;15;0;0;0;;;;15;27
"097039";"Imbersago";21;11;0;0;0;;;;11;12;0;0;0;;;;12;23
"097039";"Imbersago";22;10;0;0;0;;;;10;12;0;0;0;;;;12;22
"097039";"Imbersago";23;12;0;0;0;;;;12;8;0;0;0;;;;8;20
"097039";"Imbersago";24;11;0;0;0;;;;11;6;2;0;0;;;;8;19
"097039";"Imbersago";25;11;0;0;0;;;;11;12;0;0;0;;;;12;23
"097039";"Imbersago";26;20;0;0;0;;;;20;3;0;0;0;;;;3;23
"097039";"Imbersago";27;8;0;0;0;;;;8;15;0;0;0;;;;15;23
"097039";"Imbersago";28;7;0;0;0;;;;7;8;3;0;0;;;;11;18
"097039";"Imbersago";29;19;1;0;0;;;;20;8;3;0;0;;;;11;31
"097039";"Imbersago";30;6;2;0;0;;;;8;9;3;0;0;;;;12;20
"097039";"Imbersago";31;7;1;0;0;;;;8;5;3;0;0;;;;8;16
"097039";"Imbersago";32;9;3;0;0;;;;12;10;1;0;0;;;;11;23
"097039";"Imbersago";33;13;0;0;0;;;;13;10;1;1;0;;;;12;25
"097039";"Imbersago";34;10;3;2;1;;;;16;7;3;0;0;;;;10;26
"097039";"Imbersago";35;8;1;0;0;;;;9;6;1;0;0;;;;7;16
"097039";"Imbersago";36;9;1;0;0;;;;10;9;3;0;0;;;;12;22
"097039";"Imbersago";37;9;4;0;0;;;;13;6;10;1;0;;;;17;30
"097039";"Imbersago";38;3;4;0;0;;;;7;2;4;0;0;;;;6;13
"097039";"Imbersago";39;5;3;0;0;;;;8;10;7;0;0;;;;17;25
"097039";"Imbersago";40;7;8;1;0;;;;16;5;6;1;0;;;;12;28
"097039";"Imbersago";41;11;6;1;0;;;;18;6;6;2;0;;;;14;32
"097039";"Imbersago";42;6;14;0;0;;;;20;3;8;0;0;;;;11;31
"097039";"Imbersago";43;10;4;0;0;;;;14;6;7;0;0;;;;13;27
"097039";"Imbersago";44;8;6;0;0;;;;14;2;7;2;0;;;;11;25
"097039";"Imbersago";45;6;9;0;0;;;;15;5;13;2;0;;;;20;35
"097039";"Imbersago";46;5;13;2;0;;;;20;10;13;2;1;;;;26;46
"097039";"Imbersago";47;7;10;0;0;;;;17;4;10;2;0;;;;16;33
"097039";"Imbersago";48;10;14;1;0;;;;25;9;12;0;0;;;;21;46
"097039";"Imbersago";49;14;10;1;1;;;;26;5;19;2;1;;;;27;53
"097039";"Imbersago";50;3;12;2;0;;;;17;7;11;0;0;;;;18;35
"097039";"Imbersago";51;5;10;3;0;;;;18;5;15;1;0;;;;21;39
"097039";"Imbersago";52;11;12;2;0;;;;25;7;8;2;0;;;;17;42
"097039";"Imbersago";53;10;15;3;0;;;;28;9;19;2;1;;;;31;59
"097039";"Imbersago";54;9;17;4;0;;;;30;4;17;6;2;;;;29;59
"097039";"Imbersago";55;6;14;1;0;;;;21;6;12;2;0;;;;20;41
"097039";"Imbersago";56;13;15;2;0;;;;30;10;13;3;1;;;;27;57
"097039";"Imbersago";57;9;22;4;0;;;;35;3;24;5;0;;;;32;67
"097039";"Imbersago";58;7;15;3;0;;;;25;1;11;6;0;;;;18;43
"097039";"Imbersago";59;8;6;2;0;;;;16;4;8;4;2;;;;18;34
"097039";"Imbersago";60;2;10;1;1;;;;14;1;16;0;1;;;;18;32
"097039";"Imbersago";61;2;17;9;0;;;;28;2;19;6;0;;;;27;55
"097039";"Imbersago";62;6;15;3;0;;;;24;2;16;1;2;;;;21;45
"097039";"Imbersago";63;2;15;5;1;;;;23;2;6;1;2;;;;11;34
"097039";"Imbersago";64;7;6;1;0;;;;14;1;11;3;2;;;;17;31
"097039";"Imbersago";65;2;6;1;0;;;;9;2;5;1;1;;;;9;18
"097039";"Imbersago";66;2;18;2;0;;;;22;3;8;0;0;;;;11;33
"097039";"Imbersago";67;3;11;0;0;;;;14;0;15;2;1;;;;18;32
"097039";"Imbersago";68;1;11;0;0;;;;12;3;15;0;2;;;;20;32
"097039";"Imbersago";69;2;10;3;0;;;;15;0;8;1;0;;;;9;24
"097039";"Imbersago";70;2;9;5;3;;;;19;1;7;2;4;;;;14;33
"097039";"Imbersago";71;1;13;0;2;;;;16;0;10;1;1;;;;12;28
"097039";"Imbersago";72;1;13;1;0;;;;15;2;10;1;4;;;;17;32
"097039";"Imbersago";73;0;9;0;3;;;;12;0;7;2;5;;;;14;26
"097039";"Imbersago";74;1;11;0;1;;;;13;0;12;1;8;;;;21;34
"097039";"Imbersago";75;0;10;1;0;;;;11;3;6;1;3;;;;13;24
"097039";"Imbersago";76;0;8;3;1;;;;12;3;11;1;6;;;;21;33
"097039";"Imbersago";77;1;11;0;3;;;;15;1;8;0;4;;;;13;28
"097039";"Imbersago";78;1;7;0;1;;;;9;2;9;1;4;;;;16;25
"097039";"Imbersago";79;2;9;0;0;;;;11;1;8;1;7;;;;17;28
"097039";"Imbersago";80;0;3;1;0;;;;4;0;4;0;7;;;;11;15
"097039";"Imbersago";81;2;7;1;0;;;;10;0;7;1;6;;;;14;24
"097039";"Imbersago";82;0;12;0;0;;;;12;2;5;1;4;;;;12;24
"097039";"Imbersago";83;0;7;0;1;;;;8;2;3;1;4;;;;10;18
"097039";"Imbersago";84;0;7;2;0;;;;9;3;3;0;4;;;;10;19
"097039";"Imbersago";85;0;6;0;0;;;;6;0;2;0;7;;;;9;15
"097039";"Imbersago";86;1;4;0;2;;;;7;1;2;0;9;;;;12;19
"097039";"Imbersago";87;0;4;0;0;;;;4;0;5;0;5;;;;10;14
"097039";"Imbersago";88;0;0;0;0;;;;0;1;1;0;6;;;;8;8
"097039";"Imbersago";89;0;3;0;1;;;;4;1;2;0;0;;;;3;7
"097039";"Imbersago";90;0;1;0;0;;;;1;0;0;0;0;;;;0;1
"097039";"Imbersago";91;0;2;0;2;;;;4;0;0;0;2;;;;2;6
"097039";"Imbersago";92;0;0;0;1;;;;1;0;0;0;2;;;;2;3
"097039";"Imbersago";93;0;0;0;1;;;;1;1;0;0;2;;;;3;4
"097039";"Imbersago";94;0;0;0;1;;;;1;0;0;1;3;;;;4;5
"097039";"Imbersago";95;0;0;0;0;;;;0;1;0;0;1;;;;2;2
"097039";"Imbersago";96;0;0;0;0;;;;0;0;0;0;1;;;;1;1
"097039";"Imbersago";97;0;0;0;0;;;;0;0;0;0;1;;;;1;1
"097039";"Imbersago";98;0;0;0;0;;;;0;0;0;0;0;;;;0;0
"097039";"Imbersago";99;0;0;0;0;;;;0;0;0;0;0;;;;0;0
"097039";"Imbersago";100;0;0;0;0;;;;0;0;0;0;3;;;;3;3
"097039";"Imbersago";999;611;530;73;27;;;;1241;521;524;76;132;;;;1253;2494
"097040";"Introbio";0;5;0;0;0;;;;5;7;0;0;0;;;;7;12
"097040";"Introbio";1;5;0;0;0;;;;5;6;0;0;0;;;;6;11
"097040";"Introbio";2;7;0;0;0;;;;7;10;0;0;0;;;;10;17
"097040";"Introbio";3;9;0;0;0;;;;9;4;0;0;0;;;;4;13
"097040";"Introbio";4;6;0;0;0;;;;6;5;0;0;0;;;;5;11
"097040";"Introbio";5;7;0;0;0;;;;7;5;0;0;0;;;;5;12
"097040";"Introbio";6;5;0;0;0;;;;5;9;0;0;0;;;;9;14
"097040";"Introbio";7;11;0;0;0;;;;11;4;0;0;0;;;;4;15
"097040";"Introbio";8;13;0;0;0;;;;13;6;0;0;0;;;;6;19
"097040";"Introbio";9;11;0;0;0;;;;11;12;0;0;0;;;;12;23
"097040";"Introbio";10;8;0;0;0;;;;8;5;0;0;0;;;;5;13
"097040";"Introbio";11;11;0;0;0;;;;11;9;0;0;0;;;;9;20
"097040";"Introbio";12;8;0;0;0;;;;8;11;0;0;0;;;;11;19
"097040";"Introbio";13;7;0;0;0;;;;7;6;0;0;0;;;;6;13
"097040";"Introbio";14;9;0;0;0;;;;9;8;0;0;0;;;;8;17
"097040";"Introbio";15;11;0;0;0;;;;11;10;0;0;0;;;;10;21
"097040";"Introbio";16;14;0;0;0;;;;14;10;0;0;0;;;;10;24
"097040";"Introbio";17;7;0;0;0;;;;7;7;0;0;0;;;;7;14
"097040";"Introbio";18;10;0;0;0;;;;10;8;0;0;0;;;;8;18
"097040";"Introbio";19;10;0;0;0;;;;10;8;0;0;0;;;;8;18
"097040";"Introbio";20;8;0;0;0;;;;8;5;0;0;0;;;;5;13
"097040";"Introbio";21;12;0;0;0;;;;12;10;0;0;0;;;;10;22
"097040";"Introbio";22;7;1;0;0;;;;8;9;1;0;0;;;;10;18
"097040";"Introbio";23;10;0;0;0;;;;10;6;0;0;0;;;;6;16
"097040";"Introbio";24;14;0;0;0;;;;14;8;1;0;0;;;;9;23
"097040";"Introbio";25;10;0;0;0;;;;10;7;0;0;0;;;;7;17
"097040";"Introbio";26;13;1;0;0;;;;14;11;1;0;0;;;;12;26
"097040";"Introbio";27;12;2;0;0;;;;14;7;5;0;0;;;;12;26
"097040";"Introbio";28;13;0;0;0;;;;13;13;0;0;0;;;;13;26
"097040";"Introbio";29;10;1;0;0;;;;11;8;4;1;0;;;;13;24
"097040";"Introbio";30;12;0;0;0;;;;12;4;3;0;0;;;;7;19
"097040";"Introbio";31;5;1;0;0;;;;6;3;3;0;0;;;;6;12
"097040";"Introbio";32;10;5;0;0;;;;15;7;3;0;0;;;;10;25
"097040";"Introbio";33;3;0;0;0;;;;3;3;4;0;0;;;;7;10
"097040";"Introbio";34;5;2;0;0;;;;7;3;8;0;0;;;;11;18
"097040";"Introbio";35;6;11;0;0;;;;17;7;5;1;0;;;;13;30
"097040";"Introbio";36;7;5;0;0;;;;12;4;1;0;0;;;;5;17
"097040";"Introbio";37;3;2;0;0;;;;5;2;6;0;0;;;;8;13
"097040";"Introbio";38;7;5;0;0;;;;12;4;5;1;1;;;;11;23
"097040";"Introbio";39;3;3;0;0;;;;6;1;2;0;0;;;;3;9
"097040";"Introbio";40;4;5;0;0;;;;9;5;5;0;0;;;;10;19
"097040";"Introbio";41;8;4;0;0;;;;12;3;7;1;0;;;;11;23
"097040";"Introbio";42;4;4;0;0;;;;8;0;6;1;0;;;;7;15
"097040";"Introbio";43;3;5;0;0;;;;8;1;8;1;2;;;;12;20
"097040";"Introbio";44;2;7;2;0;;;;11;5;10;0;1;;;;16;27
"097040";"Introbio";45;4;6;1;0;;;;11;1;7;1;0;;;;9;20
"097040";"Introbio";46;4;6;2;0;;;;12;1;9;0;0;;;;10;22
"097040";"Introbio";47;8;7;1;0;;;;16;3;10;1;0;;;;14;30
"097040";"Introbio";48;6;9;0;0;;;;15;4;6;3;0;;;;13;28
"097040";"Introbio";49;7;13;1;0;;;;21;3;6;1;0;;;;10;31
"097040";"Introbio";50;6;7;1;0;;;;14;4;18;2;0;;;;24;38
"097040";"Introbio";51;6;11;3;0;;;;20;0;3;2;0;;;;5;25
"097040";"Introbio";52;5;4;3;0;;;;12;1;20;6;1;;;;28;40
"097040";"Introbio";53;3;8;3;0;;;;14;4;11;2;1;;;;18;32
"097040";"Introbio";54;5;12;1;1;;;;19;3;9;1;0;;;;13;32
"097040";"Introbio";55;3;13;2;0;;;;18;2;10;2;0;;;;14;32
"097040";"Introbio";56;9;15;3;0;;;;27;1;11;4;1;;;;17;44
"097040";"Introbio";57;7;16;2;0;;;;25;2;9;2;1;;;;14;39
"097040";"Introbio";58;5;8;2;0;;;;15;1;11;5;0;;;;17;32
"097040";"Introbio";59;4;13;1;0;;;;18;4;8;0;1;;;;13;31
"097040";"Introbio";60;1;10;4;0;;;;15;2;6;1;1;;;;10;25
"097040";"Introbio";61;6;8;1;0;;;;15;1;7;4;0;;;;12;27
"097040";"Introbio";62;3;11;1;0;;;;15;3;10;1;0;;;;14;29
"097040";"Introbio";63;1;8;1;0;;;;10;2;8;1;1;;;;12;22
"097040";"Introbio";64;5;5;1;1;;;;12;2;6;2;2;;;;12;24
"097040";"Introbio";65;1;9;0;2;;;;12;0;16;1;3;;;;20;32
"097040";"Introbio";66;3;8;0;2;;;;13;1;10;1;1;;;;13;26
"097040";"Introbio";67;1;4;1;0;;;;6;4;5;1;2;;;;12;18
"097040";"Introbio";68;1;10;2;0;;;;13;1;6;0;3;;;;10;23
"097040";"Introbio";69;3;10;0;0;;;;13;0;11;0;0;;;;11;24
"097040";"Introbio";70;2;10;0;2;;;;14;1;8;4;2;;;;15;29
"097040";"Introbio";71;0;7;1;0;;;;8;0;7;0;5;;;;12;20
"097040";"Introbio";72;2;8;2;1;;;;13;1;6;0;2;;;;9;22
"097040";"Introbio";73;0;8;0;2;;;;10;1;8;0;3;;;;12;22
"097040";"Introbio";74;4;11;1;1;;;;17;0;8;0;5;;;;13;30
"097040";"Introbio";75;0;9;2;0;;;;11;2;2;0;4;;;;8;19
"097040";"Introbio";76;1;6;0;0;;;;7;0;4;0;2;;;;6;13
"097040";"Introbio";77;0;13;1;1;;;;15;1;7;0;10;;;;18;33
"097040";"Introbio";78;0;5;0;1;;;;6;0;4;1;6;;;;11;17
"097040";"Introbio";79;1;4;0;0;;;;5;0;5;0;6;;;;11;16
"097040";"Introbio";80;1;1;0;1;;;;3;1;4;0;5;;;;10;13
"097040";"Introbio";81;2;7;0;1;;;;10;1;2;0;4;;;;7;17
"097040";"Introbio";82;0;5;0;1;;;;6;0;3;0;5;;;;8;14
"097040";"Introbio";83;0;8;1;2;;;;11;1;3;1;6;;;;11;22
"097040";"Introbio";84;0;4;0;2;;;;6;1;2;0;8;;;;11;17
"097040";"Introbio";85;0;2;0;1;;;;3;1;4;1;6;;;;12;15
"097040";"Introbio";86;0;3;1;1;;;;5;0;2;0;6;;;;8;13
"097040";"Introbio";87;0;4;0;3;;;;7;0;1;0;3;;;;4;11
"097040";"Introbio";88;1;3;0;2;;;;6;1;0;0;3;;;;4;10
"097040";"Introbio";89;0;1;0;2;;;;3;0;0;0;8;;;;8;11
"097040";"Introbio";90;0;1;1;0;;;;2;0;1;0;1;;;;2;4
"097040";"Introbio";91;0;1;0;1;;;;2;1;0;1;3;;;;5;7
"097040";"Introbio";92;0;1;0;2;;;;3;0;1;0;4;;;;5;8
"097040";"Introbio";93;0;0;0;0;;;;0;1;0;0;3;;;;4;4
"097040";"Introbio";94;0;0;0;0;;;;0;0;0;0;4;;;;4;4
"097040";"Introbio";95;0;0;0;0;;;;0;0;0;0;2;;;;2;2
"097040";"Introbio";96;0;0;0;0;;;;0;0;0;0;0;;;;0;0
"097040";"Introbio";97;0;0;0;0;;;;0;0;0;0;1;;;;1;1
"097040";"Introbio";98;0;0;0;0;;;;0;0;0;0;0;;;;0;0
"097040";"Introbio";99;0;0;0;0;;;;0;0;0;0;0;;;;0;0
"097040";"Introbio";100;0;0;0;0;;;;0;0;0;0;0;;;;0;0
"097040";"Introbio";999;486;417;49;33;;;;985;350;403;58;139;;;;950;1935
"097092";"La Valletta Brianza";0;18;0;0;0;;;;18;14;0;0;0;;;;14;32
"097092";"La Valletta Brianza";1;19;0;0;0;;;;19;11;0;0;0;;;;11;30
"097092";"La Valletta Brianza";2;16;0;0;0;;;;16;12;0;0;0;;;;12;28
"097092";"La Valletta Brianza";3;17;0;0;0;;;;17;17;0;0;0;;;;17;34
"097092";"La Valletta Brianza";4;9;0;0;0;;;;9;15;0;0;0;;;;15;24
"097092";"La Valletta Brianza";5;22;0;0;0;;;;22;17;0;0;0;;;;17;39
"097092";"La Valletta Brianza";6;20;0;0;0;;;;20;18;0;0;0;;;;18;38
"097092";"La Valletta Brianza";7;18;0;0;0;;;;18;16;0;0;0;;;;16;34
"097092";"La Valletta Brianza";8;12;0;0;0;;;;12;20;0;0;0;;;;20;32
"097092";"La Valletta Brianza";9;18;0;0;0;;;;18;24;0;0;0;;;;24;42
"097092";"La Valletta Brianza";10;19;0;0;0;;;;19;20;0;0;0;;;;20;39
"097092";"La Valletta Brianza";11;25;0;0;0;;;;25;25;0;0;0;;;;25;50
"097092";"La Valletta Brianza";12;20;0;0;0;;;;20;20;0;0;0;;;;20;40
"097092";"La Valletta Brianza";13;22;0;0;0;;;;22;13;0;0;0;;;;13;35
"097092";"La Valletta Brianza";14;30;0;0;0;;;;30;24;0;0;0;;;;24;54
"097092";"La Valletta Brianza";15;24;0;0;0;;;;24;26;0;0;0;;;;26;50
"097092";"La Valletta Brianza";16;28;0;0;0;;;;28;25;0;0;0;;;;25;53
"097092";"La Valletta Brianza";17;31;0;0;0;;;;31;28;0;0;0;;;;28;59
"097092";"La Valletta Brianza";18;27;0;0;0;;;;27;28;0;0;0;;;;28;55
"097092";"La Valletta Brianza";19;24;0;0;0;;;;24;31;0;0;0;;;;31;55
"097092";"La Valletta Brianza";20;25;0;0;0;;;;25;27;0;0;0;;;;27;52
"097092";"La Valletta Brianza";21;21;0;0;0;;;;21;20;0;0;0;;;;20;41
"097092";"La Valletta Brianza";22;23;0;0;0;;;;23;22;3;0;0;;;;25;48
"097092";"La Valletta Brianza";23;25;1;0;0;;;;26;27;1;0;0;;;;28;54
"097092";"La Valletta Brianza";24;34;0;0;0;;;;34;24;1;0;0;;;;25;59
"097092";"La Valletta Brianza";25;23;0;0;0;;;;23;23;0;1;0;;;;24;47
"097092";"La Valletta Brianza";26;33;0;0;0;;;;33;18;3;0;0;;;;21;54
"097092";"La Valletta Brianza";27;32;1;0;0;;;;33;26;4;0;0;;;;30;63
"097092";"La Valletta Brianza";28;27;2;0;0;;;;29;19;3;0;0;;;;22;51
"097092";"La Valletta Brianza";29;20;4;0;0;;;;24;12;7;0;0;;;;19;43
"097092";"La Valletta Brianza";30;40;1;0;0;;;;41;18;7;0;0;;;;25;66
"097092";"La Valletta Brianza";31;20;5;0;0;;;;25;17;8;0;0;;;;25;50
"097092";"La Valletta Brianza";32;17;9;0;0;;;;26;8;7;0;0;;;;15;41
"097092";"La Valletta Brianza";33;26;6;0;0;;;;32;13;3;0;0;;;;16;48
"097092";"La Valletta Brianza";34;11;5;0;0;;;;16;9;9;0;0;;;;18;34
"097092";"La Valletta Brianza";35;20;8;1;0;;;;29;9;7;0;0;;;;16;45
"097092";"La Valletta Brianza";36;13;11;0;0;;;;24;14;19;2;0;;;;35;59
"097092";"La Valletta Brianza";37;13;13;0;0;;;;26;6;9;0;0;;;;15;41
"097092";"La Valletta Brianza";38;14;7;0;0;;;;21;9;17;1;0;;;;27;48
"097092";"La Valletta Brianza";39;18;7;2;0;;;;27;9;15;1;0;;;;25;52
"097092";"La Valletta Brianza";40;12;6;0;0;;;;18;8;14;1;0;;;;23;41
"097092";"La Valletta Brianza";41;9;21;0;0;;;;30;8;14;0;0;;;;22;52
"097092";"La Valletta Brianza";42;18;15;0;0;;;;33;12;16;1;0;;;;29;62
"097092";"La Valletta Brianza";43;15;13;0;0;;;;28;7;22;1;0;;;;30;58
"097092";"La Valletta Brianza";44;14;19;3;1;;;;37;12;24;0;0;;;;36;73
"097092";"La Valletta Brianza";45;15;16;1;0;;;;32;4;13;0;0;;;;17;49
"097092";"La Valletta Brianza";46;8;18;1;0;;;;27;6;22;1;1;;;;30;57
"097092";"La Valletta Brianza";47;10;26;0;0;;;;36;8;22;0;0;;;;30;66
"097092";"La Valletta Brianza";48;11;23;2;1;;;;37;9;29;1;0;;;;39;76
"097092";"La Valletta Brianza";49;12;18;1;1;;;;32;6;23;3;0;;;;32;64
"097092";"La Valletta Brianza";50;14;17;2;1;;;;34;3;26;1;2;;;;32;66
"097092";"La Valletta Brianza";51;10;27;1;0;;;;38;13;25;2;0;;;;40;78
"097092";"La Valletta Brianza";52;10;29;0;0;;;;39;4;27;6;0;;;;37;76
"097092";"La Valletta Brianza";53;10;19;3;0;;;;32;6;25;4;3;;;;38;70
"097092";"La Valletta Brianza";54;8;23;0;1;;;;32;6;24;1;1;;;;32;64
"097092";"La Valletta Brianza";55;7;27;4;0;;;;38;10;31;2;0;;;;43;81
"097092";"La Valletta Brianza";56;10;27;4;1;;;;42;7;31;3;0;;;;41;83
"097092";"La Valletta Brianza";57;7;28;1;0;;;;36;5;35;4;0;;;;44;80
"097092";"La Valletta Brianza";58;13;41;3;0;;;;57;7;35;3;4;;;;49;106
"097092";"La Valletta Brianza";59;8;43;5;0;;;;56;5;33;3;1;;;;42;98
"097092";"La Valletta Brianza";60;9;31;4;0;;;;44;5;38;3;2;;;;48;92
"097092";"La Valletta Brianza";61;8;30;0;0;;;;38;4;23;0;1;;;;28;66
"097092";"La Valletta Brianza";62;8;26;3;1;;;;38;5;24;3;2;;;;34;72
"097092";"La Valletta Brianza";63;5;24;4;0;;;;33;4;23;3;2;;;;32;65
"097092";"La Valletta Brianza";64;6;32;1;1;;;;40;5;21;5;3;;;;34;74
"097092";"La Valletta Brianza";65;3;22;2;0;;;;27;3;28;1;2;;;;34;61
"097092";"La Valletta Brianza";66;6;23;2;0;;;;31;6;27;2;2;;;;37;68
"097092";"La Valletta Brianza";67;1;15;1;0;;;;17;3;29;0;6;;;;38;55
"097092";"La Valletta Brianza";68;3;21;1;0;;;;25;3;12;2;3;;;;20;45
"097092";"La Valletta Brianza";69;6;28;0;1;;;;35;3;13;0;5;;;;21;56
"097092";"La Valletta Brianza";70;1;30;1;3;;;;35;5;17;1;4;;;;27;62
"097092";"La Valletta Brianza";71;2;18;1;0;;;;21;1;13;2;6;;;;22;43
"097092";"La Valletta Brianza";72;1;20;0;1;;;;22;2;17;2;5;;;;26;48
"097092";"La Valletta Brianza";73;0;12;1;0;;;;13;2;15;0;8;;;;25;38
"097092";"La Valletta Brianza";74;6;17;1;4;;;;28;2;20;0;8;;;;30;58
"097092";"La Valletta Brianza";75;3;19;1;0;;;;23;1;17;1;4;;;;23;46
"097092";"La Valletta Brianza";76;0;21;1;1;;;;23;4;16;0;9;;;;29;52
"097092";"La Valletta Brianza";77;3;17;0;3;;;;23;2;17;0;6;;;;25;48
"097092";"La Valletta Brianza";78;2;14;1;2;;;;19;0;16;0;7;;;;23;42
"097092";"La Valletta Brianza";79;1;11;0;0;;;;12;3;10;0;5;;;;18;30
"097092";"La Valletta Brianza";80;0;16;0;2;;;;18;0;8;0;10;;;;18;36
"097092";"La Valletta Brianza";81;1;12;0;2;;;;15;0;4;1;7;;;;12;27
"097092";"La Valletta Brianza";82;1;13;0;1;;;;15;1;9;1;6;;;;17;32
"097092";"La Valletta Brianza";83;0;10;0;3;;;;13;3;5;0;15;;;;23;36
"097092";"La Valletta Brianza";84;0;11;0;2;;;;13;1;2;0;12;;;;15;28
"097092";"La Valletta Brianza";85;2;10;0;2;;;;14;1;5;0;8;;;;14;28
"097092";"La Valletta Brianza";86;2;5;0;3;;;;10;4;1;0;9;;;;14;24
"097092";"La Valletta Brianza";87;0;5;0;0;;;;5;1;2;0;10;;;;13;18
"097092";"La Valletta Brianza";88;1;2;0;2;;;;5;1;5;0;9;;;;15;20
"097092";"La Valletta Brianza";89;1;1;0;2;;;;4;1;0;0;5;;;;6;10
"097092";"La Valletta Brianza";90;0;5;0;2;;;;7;1;3;0;10;;;;14;21
"097092";"La Valletta Brianza";91;0;2;0;0;;;;2;0;0;0;2;;;;2;4
"097092";"La Valletta Brianza";92;0;0;0;1;;;;1;0;1;0;9;;;;10;11
"097092";"La Valletta Brianza";93;0;1;0;0;;;;1;0;0;0;3;;;;3;4
"097092";"La Valletta Brianza";94;0;1;0;0;;;;1;0;1;0;0;;;;1;2
"097092";"La Valletta Brianza";95;0;0;0;1;;;;1;0;1;0;3;;;;4;5
"097092";"La Valletta Brianza";96;0;0;0;1;;;;1;0;0;0;1;;;;1;2
"097092";"La Valletta Brianza";97;0;0;0;0;;;;0;1;0;0;2;;;;3;3
"097092";"La Valletta Brianza";98;0;0;0;0;;;;0;0;0;0;0;;;;0;0
"097092";"La Valletta Brianza";99;1;1;0;1;;;;3;0;0;0;2;;;;2;5
"097092";"La Valletta Brianza";100;0;0;0;0;;;;0;0;0;0;0;;;;0;0
"097092";"La Valletta Brianza";999;1178;1062;59;48;;;;2347;958;1057;69;225;;;;2309;4656
"097042";"Lecco";0;154;0;0;0;0;0;0;154;162;0;0;0;0;0;0;162;316
"097042";"Lecco";1;150;0;0;0;0;0;0;150;128;0;0;0;0;0;0;128;278
"097042";"Lecco";2;152;0;0;0;0;0;0;152;158;0;0;0;0;0;0;158;310
"097042";"Lecco";3;159;0;0;0;0;0;0;159;133;0;0;0;0;0;0;133;292
"097042";"Lecco";4;154;0;0;0;0;0;0;154;119;0;0;0;0;0;0;119;273
"097042";"Lecco";5;188;0;0;0;0;0;0;188;150;0;0;0;0;0;0;150;338
"097042";"Lecco";6;183;0;0;0;0;0;0;183;142;0;0;0;0;0;0;142;325
"097042";"Lecco";7;171;0;0;0;0;0;0;171;166;0;0;0;0;0;0;166;337
"097042";"Lecco";8;164;0;0;0;0;0;0;164;178;0;0;0;0;0;0;178;342
"097042";"Lecco";9;184;0;0;0;0;0;0;184;200;0;0;0;0;0;0;200;384
"097042";"Lecco";10;193;0;0;0;0;0;0;193;185;0;0;0;0;0;0;185;378
"097042";"Lecco";11;213;0;0;0;0;0;0;213;182;0;0;0;0;0;0;182;395
"097042";"Lecco";12;211;0;0;0;0;0;0;211;213;0;0;0;0;0;0;213;424
"097042";"Lecco";13;218;0;0;0;0;0;0;218;202;0;0;0;0;0;0;202;420
"097042";"Lecco";14;236;0;0;0;0;0;0;236;228;0;0;0;0;0;0;228;464
"097042";"Lecco";15;250;0;0;0;0;0;0;250;208;0;0;0;0;0;0;208;458
"097042";"Lecco";16;246;0;0;0;0;0;0;246;238;0;0;0;0;0;0;238;484
"097042";"Lecco";17;241;0;0;0;0;0;0;241;227;0;0;0;0;0;0;227;468
"097042";"Lecco";18;242;0;0;0;0;0;0;242;235;0;0;0;0;0;0;235;477
"097042";"Lecco";19;247;0;0;0;0;0;0;247;247;0;0;0;0;0;0;247;494
"097042";"Lecco";20;234;0;0;0;0;0;0;234;248;1;0;0;0;0;0;249;483
"097042";"Lecco";21;229;0;0;0;0;0;0;229;232;0;0;0;0;0;0;232;461
"097042";"Lecco";22;268;0;0;0;0;0;0;268;228;2;0;0;0;0;0;230;498
"097042";"Lecco";23;261;2;0;0;0;0;0;263;222;1;0;0;0;0;0;223;486
"097042";"Lecco";24;254;2;0;0;0;0;0;256;226;10;1;0;0;0;0;237;493
"097042";"Lecco";25;277;6;0;0;0;0;0;283;230;8;0;0;0;0;0;238;521
"097042";"Lecco";26;258;5;1;0;0;0;0;264;225;17;0;0;0;0;0;242;506
"097042";"Lecco";27;259;6;0;0;0;0;0;265;228;16;0;0;0;0;0;244;509
"097042";"Lecco";28;286;21;0;0;0;0;0;307;218;39;1;0;0;0;0;258;565
"097042";"Lecco";29;277;17;1;2;0;0;0;297;208;46;1;0;0;0;0;255;552
"097042";"Lecco";30;246;30;2;0;0;0;0;278;182;49;0;0;1;0;0;232;510
"097042";"Lecco";31;213;43;0;0;1;0;0;257;192;74;2;0;0;0;0;268;525
"097042";"Lecco";32;242;60;0;0;1;0;0;303;160;98;2;0;0;0;0;260;563
"097042";"Lecco";33;221;40;1;0;1;0;0;263;149;87;2;0;1;0;0;239;502
"097042";"Lecco";34;206;65;0;0;0;0;0;271;119;117;2;0;0;0;0;238;509
"097042";"Lecco";35;195;88;2;0;2;0;0;287;141;107;5;1;1;0;0;255;542
"097042";"Lecco";36;169;87;2;0;1;0;0;259;134;117;6;0;0;0;0;257;516
"097042";"Lecco";37;163;107;2;0;0;0;0;272;103;124;3;1;0;0;0;231;503
"097042";"Lecco";38;161;94;4;0;1;0;0;260;101;151;8;1;2;0;0;263;523
"097042";"Lecco";39;128;108;4;1;1;0;0;242;101;149;6;1;1;0;0;258;500
"097042";"Lecco";40;120;113;3;0;0;0;0;236;100;137;14;2;0;0;0;253;489
"097042";"Lecco";41;98;138;6;1;1;1;0;245;80;149;15;1;1;0;0;246;491
"097042";"Lecco";42;102;148;5;1;1;0;0;257;82;167;12;1;1;0;0;263;520
"097042";"Lecco";43;112;150;11;0;3;0;0;276;73;167;14;0;2;0;0;256;532
"097042";"Lecco";44;88;136;9;0;0;0;0;233;96;183;12;1;0;0;0;292;525
"097042";"Lecco";45;131;139;10;0;0;0;0;280;98;167;16;2;0;0;0;283;563
"097042";"Lecco";46;97;141;14;0;1;0;0;253;89;178;20;2;0;0;0;289;542
"097042";"Lecco";47;85;160;13;0;1;0;0;259;77;219;15;2;0;0;0;313;572
"097042";"Lecco";48;117;163;13;0;0;0;0;293;93;198;19;7;1;0;0;318;611
"097042";"Lecco";49;136;222;21;2;0;0;0;381;78;228;28;2;1;0;0;337;718
"097042";"Lecco";50;114;210;22;2;1;0;0;349;83;220;39;5;1;0;0;348;697
"097042";"Lecco";51;123;185;25;2;1;0;0;336;91;247;36;8;0;0;0;382;718
"097042";"Lecco";52;93;235;28;3;1;0;0;360;82;247;46;5;0;0;0;380;740
"097042";"Lecco";53;102;225;25;1;0;0;0;353;86;251;45;7;0;0;0;389;742
"097042";"Lecco";54;94;242;19;4;0;0;0;359;79;237;47;8;1;0;0;372;731
"097042";"Lecco";55;95;225;36;2;0;0;0;358;74;268;40;7;0;0;0;389;747
"097042";"Lecco";56;91;262;38;1;1;0;0;393;74;262;49;12;0;0;0;397;790
"097042";"Lecco";57;88;230;32;4;1;0;0;355;79;259;49;14;1;0;0;402;757
"097042";"Lecco";58;94;259;33;7;0;0;1;394;77;272;38;14;0;0;0;401;795
"097042";"Lecco";59;91;248;38;3;1;0;0;381;73;267;52;16;0;0;0;408;789
"097042";"Lecco";60;90;278;32;5;0;0;0;405;61;268;37;14;0;0;0;380;785
"097042";"Lecco";61;48;221;32;7;0;0;0;308;52;272;47;24;0;0;0;395;703
"097042";"Lecco";62;63;284;38;6;0;0;0;391;40;210;44;21;0;0;0;315;706
"097042";"Lecco";63;38;229;29;4;0;0;0;300;52;266;35;17;0;0;0;370;670
"097042";"Lecco";64;33;191;27;6;0;0;0;257;59;216;39;24;0;0;0;338;595
"097042";"Lecco";65;58;237;19;8;0;0;0;322;51;218;27;27;0;0;0;323;645
"097042";"Lecco";66;51;230;14;7;1;0;0;303;43;202;41;29;0;0;0;315;618
"097042";"Lecco";67;31;200;17;4;0;0;0;252;44;198;24;32;0;0;0;298;550
"097042";"Lecco";68;37;225;25;13;1;0;0;301;32;218;27;43;0;0;0;320;621
"097042";"Lecco";69;29;191;24;9;0;0;0;253;47;181;24;38;0;0;0;290;543
"097042";"Lecco";70;25;227;19;6;0;0;0;277;39;184;26;42;0;0;0;291;568
"097042";"Lecco";71;25;176;15;8;0;0;0;224;34;183;29;42;0;0;0;288;512
"097042";"Lecco";72;33;194;8;17;1;0;0;253;26;176;23;51;0;0;0;276;529
"097042";"Lecco";73;26;184;8;14;0;0;0;232;40;178;12;75;0;0;0;305;537
"097042";"Lecco";74;25;176;8;14;0;0;0;223;26;151;20;67;0;0;0;264;487
"097042";"Lecco";75;24;167;9;15;0;0;0;215;37;169;13;92;0;0;0;311;526
"097042";"Lecco";76;21;196;8;13;0;0;0;238;27;160;13;100;0;0;0;300;538
"097042";"Lecco";77;25;188;12;13;1;0;0;239;21;158;14;106;0;0;0;299;538
"097042";"Lecco";78;17;208;10;27;0;0;0;262;11;139;9;111;0;0;0;270;532
"097042";"Lecco";79;9;129;10;22;0;0;0;170;26;134;14;72;0;0;0;246;416
"097042";"Lecco";80;18;142;1;26;0;0;0;187;20;106;8;103;0;0;0;237;424
"097042";"Lecco";81;9;122;5;21;0;0;0;157;19;130;9;108;0;0;0;266;423
"097042";"Lecco";82;13;126;6;17;0;0;0;162;23;78;6;110;0;0;0;217;379
"097042";"Lecco";83;13;117;3;21;0;0;0;154;15;89;10;126;0;0;0;240;394
"097042";"Lecco";84;10;122;5;31;0;0;0;168;25;83;4;141;0;0;0;253;421
"097042";"Lecco";85;14;102;3;31;0;0;0;150;27;56;2;166;0;0;0;251;401
"097042";"Lecco";86;8;106;1;27;0;0;0;142;21;70;3;154;0;0;0;248;390
"097042";"Lecco";87;3;72;1;33;0;0;0;109;17;48;3;141;0;0;0;209;318
"097042";"Lecco";88;9;64;1;23;0;0;0;97;14;38;4;120;0;0;0;176;273
"097042";"Lecco";89;6;52;0;24;0;0;0;82;10;16;5;121;0;0;0;152;234
"097042";"Lecco";90;4;45;2;24;0;0;0;75;16;15;3;94;0;0;0;128;203
"097042";"Lecco";91;2;34;0;13;0;0;0;49;12;12;1;90;0;0;0;115;164
"097042";"Lecco";92;4;16;3;14;0;0;0;37;14;8;1;91;0;0;0;114;151
"097042";"Lecco";93;4;15;0;22;0;0;0;41;7;4;1;67;0;0;0;79;120
"097042";"Lecco";94;3;19;0;9;0;0;0;31;5;5;1;50;0;0;0;61;92
"097042";"Lecco";95;1;10;0;16;0;0;0;27;4;0;2;46;0;0;0;52;79
"097042";"Lecco";96;3;6;0;11;0;0;0;20;3;1;0;35;0;0;0;39;59
"097042";"Lecco";97;0;2;0;4;0;0;0;6;5;3;1;23;0;0;0;32;38
"097042";"Lecco";98;0;1;0;3;0;0;0;4;3;0;1;15;0;0;0;19;23
"097042";"Lecco";99;2;0;0;1;0;0;0;3;3;0;0;8;0;0;0;11;14
"097042";"Lecco";100;1;0;0;1;0;0;0;2;1;0;0;18;0;0;0;19;21
"097042";"Lecco";999;11409;9916;815;626;25;1;1;22793;10044;10179;1228;2974;15;0;0;24440;47233
"097043";"Lierna";0;8;0;0;0;;;;8;5;0;0;0;;;;5;13
"097043";"Lierna";1;5;0;0;0;;;;5;9;0;0;0;;;;9;14
"097043";"Lierna";2;6;0;0;0;;;;6;5;0;0;0;;;;5;11
"097043";"Lierna";3;7;0;0;0;;;;7;4;0;0;0;;;;4;11
"097043";"Lierna";4;5;0;0;0;;;;5;5;0;0;0;;;;5;10
"097043";"Lierna";5;5;0;0;0;;;;5;6;0;0;0;;;;6;11
"097043";"Lierna";6;6;0;0;0;;;;6;8;0;0;0;;;;8;14
"097043";"Lierna";7;8;0;0;0;;;;8;8;0;0;0;;;;8;16
"097043";"Lierna";8;11;0;0;0;;;;11;7;0;0;0;;;;7;18
"097043";"Lierna";9;14;0;0;0;;;;14;7;0;0;0;;;;7;21
"097043";"Lierna";10;9;0;0;0;;;;9;4;0;0;0;;;;4;13
"097043";"Lierna";11;6;0;0;0;;;;6;10;0;0;0;;;;10;16
"097043";"Lierna";12;10;0;0;0;;;;10;7;0;0;0;;;;7;17
"097043";"Lierna";13;14;0;0;0;;;;14;8;0;0;0;;;;8;22
"097043";"Lierna";14;5;0;0;0;;;;5;10;0;0;0;;;;10;15
"097043";"Lierna";15;13;0;0;0;;;;13;12;0;0;0;;;;12;25
"097043";"Lierna";16;4;0;0;0;;;;4;8;0;0;0;;;;8;12
"097043";"Lierna";17;14;0;0;0;;;;14;7;0;0;0;;;;7;21
"097043";"Lierna";18;7;0;0;0;;;;7;8;0;0;0;;;;8;15
"097043";"Lierna";19;13;0;0;0;;;;13;9;0;0;0;;;;9;22
"097043";"Lierna";20;7;0;0;0;;;;7;14;0;0;0;;;;14;21
"097043";"Lierna";21;11;0;0;0;;;;11;7;0;0;0;;;;7;18
"097043";"Lierna";22;6;0;0;0;;;;6;15;0;0;0;;;;15;21
"097043";"Lierna";23;14;0;0;0;;;;14;10;0;0;0;;;;10;24
"097043";"Lierna";24;16;0;0;0;;;;16;10;0;0;0;;;;10;26
"097043";"Lierna";25;18;0;0;0;;;;18;7;0;0;0;;;;7;25
"097043";"Lierna";26;12;0;0;0;;;;12;9;0;0;0;;;;9;21
"097043";"Lierna";27;15;0;0;0;;;;15;13;1;0;0;;;;14;29
"097043";"Lierna";28;8;0;0;0;;;;8;11;1;0;0;;;;12;20
"097043";"Lierna";29;9;0;0;0;;;;9;14;4;0;0;;;;18;27
"097043";"Lierna";30;9;3;0;0;;;;12;7;2;0;0;;;;9;21
"097043";"Lierna";31;11;2;0;0;;;;13;4;4;0;0;;;;8;21
"097043";"Lierna";32;12;3;0;0;;;;15;5;2;0;0;;;;7;22
"097043";"Lierna";33;11;3;0;0;;;;14;9;1;0;0;;;;10;24
"097043";"Lierna";34;5;0;0;0;;;;5;3;8;1;0;;;;12;17
"097043";"Lierna";35;6;3;1;0;;;;10;1;4;0;0;;;;5;15
"097043";"Lierna";36;8;6;1;0;;;;15;3;2;0;0;;;;5;20
"097043";"Lierna";37;0;6;0;0;;;;6;6;8;0;0;;;;14;20
"097043";"Lierna";38;6;4;1;0;;;;11;1;6;0;0;;;;7;18
"097043";"Lierna";39;10;2;0;0;;;;12;9;2;0;0;;;;11;23
"097043";"Lierna";40;7;2;0;0;;;;9;5;3;1;0;;;;9;18
"097043";"Lierna";41;5;5;0;0;;;;10;5;3;1;0;;;;9;19
"097043";"Lierna";42;5;4;1;0;;;;10;5;14;0;0;;;;19;29
"097043";"Lierna";43;5;8;0;0;;;;13;3;6;1;0;;;;10;23
"097043";"Lierna";44;6;12;0;0;;;;18;2;6;1;0;;;;9;27
"097043";"Lierna";45;5;8;1;0;;;;14;4;12;1;0;;;;17;31
"097043";"Lierna";46;8;9;5;0;;;;22;5;10;2;0;;;;17;39
"097043";"Lierna";47;7;6;2;0;;;;15;2;6;2;0;;;;10;25
"097043";"Lierna";48;7;12;0;0;;;;19;4;12;6;0;;;;22;41
"097043";"Lierna";49;4;3;0;0;;;;7;3;12;1;1;;;;17;24
"097043";"Lierna";50;9;12;0;0;;;;21;3;7;3;0;;;;13;34
"097043";"Lierna";51;5;14;2;0;;;;21;3;6;1;1;;;;11;32
"097043";"Lierna";52;7;15;4;0;;;;26;4;11;5;1;;;;21;47
"097043";"Lierna";53;4;13;1;0;;;;18;3;13;1;1;;;;18;36
"097043";"Lierna";54;3;10;4;1;;;;18;6;17;1;0;;;;24;42
"097043";"Lierna";55;1;10;1;0;;;;12;1;14;2;0;;;;17;29
"097043";"Lierna";56;7;14;4;0;;;;25;3;16;4;0;;;;23;48
"097043";"Lierna";57;4;11;1;0;;;;16;4;11;2;1;;;;18;34
"097043";"Lierna";58;5;9;2;0;;;;16;1;16;2;1;;;;20;36
"097043";"Lierna";59;3;13;5;0;;;;21;3;13;4;0;;;;20;41
"097043";"Lierna";60;5;20;3;0;;;;28;2;9;2;1;;;;14;42
"097043";"Lierna";61;1;8;2;0;;;;11;5;12;3;1;;;;21;32
"097043";"Lierna";62;7;18;1;1;;;;27;2;11;1;3;;;;17;44
"097043";"Lierna";63;0;10;0;0;;;;10;2;13;1;2;;;;18;28
"097043";"Lierna";64;1;11;0;0;;;;12;1;11;3;3;;;;18;30
"097043";"Lierna";65;1;13;2;0;;;;16;1;12;0;2;;;;15;31
"097043";"Lierna";66;0;6;2;0;;;;8;3;10;0;3;;;;16;24
"097043";"Lierna";67;1;14;6;1;;;;22;1;10;1;4;;;;16;38
"097043";"Lierna";68;2;8;3;0;;;;13;1;7;1;1;;;;10;23
"097043";"Lierna";69;1;13;1;0;;;;15;0;7;1;2;;;;10;25
"097043";"Lierna";70;1;11;0;0;;;;12;2;6;0;2;;;;10;22
"097043";"Lierna";71;3;9;0;0;;;;12;0;3;1;5;;;;9;21
"097043";"Lierna";72;0;15;1;2;;;;18;1;9;1;4;;;;15;33
"097043";"Lierna";73;2;14;1;0;;;;17;2;8;4;1;;;;15;32
"097043";"Lierna";74;0;6;1;0;;;;7;0;7;2;3;;;;12;19
"097043";"Lierna";75;2;11;2;1;;;;16;1;6;0;4;;;;11;27
"097043";"Lierna";76;0;3;0;2;;;;5;3;9;1;8;;;;21;26
"097043";"Lierna";77;0;8;0;2;;;;10;0;10;1;5;;;;16;26
"097043";"Lierna";78;0;9;1;0;;;;10;0;6;0;4;;;;10;20
"097043";"Lierna";79;1;8;0;4;;;;13;1;2;0;6;;;;9;22
"097043";"Lierna";80;0;7;2;2;;;;11;0;1;1;2;;;;4;15
"097043";"Lierna";81;0;3;0;1;;;;4;0;3;0;5;;;;8;12
"097043";"Lierna";82;0;5;0;1;;;;6;1;3;0;4;;;;8;14
"097043";"Lierna";83;0;3;0;1;;;;4;0;8;0;1;;;;9;13
"097043";"Lierna";84;1;3;0;1;;;;5;0;3;1;5;;;;9;14
"097043";"Lierna";85;0;3;0;1;;;;4;0;2;1;6;;;;9;13
"097043";"Lierna";86;0;5;0;0;;;;5;0;1;0;6;;;;7;12
"097043";"Lierna";87;1;4;0;1;;;;6;1;2;1;4;;;;8;14
"097043";"Lierna";88;0;2;0;0;;;;2;0;1;0;4;;;;5;7
"097043";"Lierna";89;0;0;0;2;;;;2;1;0;1;7;;;;9;11
"097043";"Lierna";90;0;2;0;0;;;;2;1;0;0;3;;;;4;6
"097043";"Lierna";91;0;2;0;1;;;;3;0;1;0;4;;;;5;8
"097043";"Lierna";92;0;1;0;0;;;;1;0;1;0;1;;;;2;3
"097043";"Lierna";93;0;1;0;0;;;;1;0;0;0;2;;;;2;3
"097043";"Lierna";94;0;0;0;0;;;;0;0;0;0;0;;;;0;0
"097043";"Lierna";95;0;0;0;2;;;;2;0;1;0;0;;;;1;3
"097043";"Lierna";96;0;0;0;0;;;;0;0;0;0;1;;;;1;1
"097043";"Lierna";97;0;1;0;0;;;;1;0;0;0;0;;;;0;1
"097043";"Lierna";98;0;1;0;0;;;;1;0;0;0;0;;;;0;1
"097043";"Lierna";99;0;0;0;0;;;;0;0;0;0;1;;;;1;1
"097043";"Lierna";100;0;0;0;0;;;;0;0;0;0;0;;;;0;0
"097043";"Lierna";999;501;480;64;27;;;;1072;406;448;70;126;;;;1050;2122
"097044";"Lomagna";0;18;0;0;0;;;;18;15;0;0;0;;;;15;33
"097044";"Lomagna";1;25;0;0;0;;;;25;22;0;0;0;;;;22;47
"097044";"Lomagna";2;14;0;0;0;;;;14;13;0;0;0;;;;13;27
"097044";"Lomagna";3;16;0;0;0;;;;16;13;0;0;0;;;;13;29
"097044";"Lomagna";4;20;0;0;0;;;;20;13;0;0;0;;;;13;33
"097044";"Lomagna";5;16;0;0;0;;;;16;20;0;0;0;;;;20;36
"097044";"Lomagna";6;25;0;0;0;;;;25;23;0;0;0;;;;23;48
"097044";"Lomagna";7;23;0;0;0;;;;23;17;0;0;0;;;;17;40
"097044";"Lomagna";8;28;0;0;0;;;;28;31;0;0;0;;;;31;59
"097044";"Lomagna";9;31;0;0;0;;;;31;30;0;0;0;;;;30;61
"097044";"Lomagna";10;15;0;0;0;;;;15;23;0;0;0;;;;23;38
"097044";"Lomagna";11;25;0;0;0;;;;25;22;0;0;0;;;;22;47
"097044";"Lomagna";12;28;0;0;0;;;;28;28;0;0;0;;;;28;56
"097044";"Lomagna";13;25;0;0;0;;;;25;32;0;0;0;;;;32;57
"097044";"Lomagna";14;31;0;0;0;;;;31;29;0;0;0;;;;29;60
"097044";"Lomagna";15;35;0;0;0;;;;35;32;0;0;0;;;;32;67
"097044";"Lomagna";16;19;0;0;0;;;;19;27;0;0;0;;;;27;46
"097044";"Lomagna";17;32;0;0;0;;;;32;17;0;0;0;;;;17;49
"097044";"Lomagna";18;23;0;0;0;;;;23;33;0;0;0;;;;33;56
"097044";"Lomagna";19;25;0;0;0;;;;25;21;0;0;0;;;;21;46
"097044";"Lomagna";20;22;0;0;0;;;;22;29;0;0;0;;;;29;51
"097044";"Lomagna";21;16;0;0;0;;;;16;26;0;0;0;;;;26;42
"097044";"Lomagna";22;33;0;0;0;;;;33;40;0;0;0;;;;40;73
"097044";"Lomagna";23;30;0;0;0;;;;30;20;0;0;0;;;;20;50
"097044";"Lomagna";24;25;0;0;0;;;;25;19;1;0;0;;;;20;45
"097044";"Lomagna";25;26;0;0;0;;;;26;24;1;0;0;;;;25;51
"097044";"Lomagna";26;25;0;0;0;;;;25;21;0;0;0;;;;21;46
"097044";"Lomagna";27;26;2;0;0;;;;28;18;2;0;0;;;;20;48
"097044";"Lomagna";28;22;2;0;0;;;;24;19;5;0;0;;;;24;48
"097044";"Lomagna";29;11;2;0;0;;;;13;26;3;0;0;;;;29;42
"097044";"Lomagna";30;26;0;0;0;;;;26;22;9;0;0;;;;31;57
"097044";"Lomagna";31;27;3;0;0;;;;30;12;6;0;0;;;;18;48
"097044";"Lomagna";32;24;13;0;0;;;;37;8;14;0;0;;;;22;59
"097044";"Lomagna";33;27;3;0;0;;;;30;16;8;0;0;;;;24;54
"097044";"Lomagna";34;15;14;0;0;;;;29;13;16;0;0;;;;29;58
"097044";"Lomagna";35;20;9;1;0;;;;30;13;14;0;0;;;;27;57
"097044";"Lomagna";36;18;12;0;0;;;;30;15;21;1;0;;;;37;67
"097044";"Lomagna";37;13;12;1;0;;;;26;17;22;0;0;;;;39;65
"097044";"Lomagna";38;14;14;1;0;;;;29;8;18;1;0;;;;27;56
"097044";"Lomagna";39;12;9;0;0;;;;21;8;16;0;0;;;;24;45
"097044";"Lomagna";40;14;16;1;0;;;;31;12;16;0;0;;;;28;59
"097044";"Lomagna";41;17;21;0;0;;;;38;12;22;3;0;;;;37;75
"097044";"Lomagna";42;20;20;0;1;;;;41;8;34;2;0;;;;44;85
"097044";"Lomagna";43;15;11;1;0;;;;27;12;19;0;1;;;;32;59
"097044";"Lomagna";44;14;22;2;0;;;;38;10;29;2;1;;;;42;80
"097044";"Lomagna";45;15;21;0;0;;;;36;7;26;1;0;;;;34;70
"097044";"Lomagna";46;15;27;1;0;;;;43;9;25;4;0;;;;38;81
"097044";"Lomagna";47;8;12;0;1;;;;21;9;29;1;0;;;;39;60
"097044";"Lomagna";48;16;33;1;1;;;;51;8;26;1;1;;;;36;87
"097044";"Lomagna";49;9;32;2;0;;;;43;9;27;2;0;;;;38;81
"097044";"Lomagna";50;14;33;2;0;;;;49;11;21;5;0;;;;37;86
"097044";"Lomagna";51;12;30;3;0;;;;45;6;30;4;1;;;;41;86
"097044";"Lomagna";52;13;21;5;2;;;;41;8;28;6;2;;;;44;85
"097044";"Lomagna";53;9;19;0;1;;;;29;7;28;3;1;;;;39;68
"097044";"Lomagna";54;11;37;2;1;;;;51;5;36;3;0;;;;44;95
"097044";"Lomagna";55;12;30;4;1;;;;47;7;28;7;0;;;;42;89
"097044";"Lomagna";56;8;36;3;0;;;;47;7;19;5;2;;;;33;80
"097044";"Lomagna";57;16;27;5;2;;;;50;6;33;5;1;;;;45;95
"097044";"Lomagna";58;5;28;3;1;;;;37;4;23;2;0;;;;29;66
"097044";"Lomagna";59;7;35;3;0;;;;45;4;27;5;2;;;;38;83
"097044";"Lomagna";60;7;28;2;2;;;;39;1;38;6;2;;;;47;86
"097044";"Lomagna";61;6;30;4;0;;;;40;5;29;6;0;;;;40;80
"097044";"Lomagna";62;4;22;3;0;;;;29;4;21;4;6;;;;35;64
"097044";"Lomagna";63;4;26;2;1;;;;33;1;23;2;2;;;;28;61
"097044";"Lomagna";64;4;27;3;0;;;;34;2;19;3;4;;;;28;62
"097044";"Lomagna";65;4;18;1;0;;;;23;0;28;4;4;;;;36;59
"097044";"Lomagna";66;2;23;0;0;;;;25;3;29;1;3;;;;36;61
"097044";"Lomagna";67;2;25;3;0;;;;30;3;29;2;5;;;;39;69
"097044";"Lomagna";68;4;36;1;1;;;;42;0;22;1;3;;;;26;68
"097044";"Lomagna";69;0;30;0;1;;;;31;2;13;0;6;;;;21;52
"097044";"Lomagna";70;2;20;1;0;;;;23;1;26;1;5;;;;33;56
"097044";"Lomagna";71;2;21;3;1;;;;27;5;23;1;3;;;;32;59
"097044";"Lomagna";72;1;23;1;2;;;;27;0;21;1;6;;;;28;55
"097044";"Lomagna";73;2;25;1;0;;;;28;2;14;3;2;;;;21;49
"097044";"Lomagna";74;0;20;0;1;;;;21;0;20;1;14;;;;35;56
"097044";"Lomagna";75;3;16;1;1;;;;21;0;21;0;12;;;;33;54
"097044";"Lomagna";76;2;19;1;2;;;;24;3;16;1;15;;;;35;59
"097044";"Lomagna";77;1;26;0;2;;;;29;1;10;0;11;;;;22;51
"097044";"Lomagna";78;1;11;0;2;;;;14;1;20;0;7;;;;28;42
"097044";"Lomagna";79;3;12;0;1;;;;16;0;9;1;10;;;;20;36
"097044";"Lomagna";80;1;12;0;5;;;;18;2;7;0;12;;;;21;39
"097044";"Lomagna";81;0;15;0;2;;;;17;0;3;0;6;;;;9;26
"097044";"Lomagna";82;0;8;0;2;;;;10;3;8;2;7;;;;20;30
"097044";"Lomagna";83;1;5;0;3;;;;9;0;8;0;13;;;;21;30
"097044";"Lomagna";84;0;17;0;1;;;;18;0;5;0;8;;;;13;31
"097044";"Lomagna";85;0;8;0;2;;;;10;0;5;0;13;;;;18;28
"097044";"Lomagna";86;0;8;0;2;;;;10;1;8;1;8;;;;18;28
"097044";"Lomagna";87;1;7;0;2;;;;10;3;3;0;9;;;;15;25
"097044";"Lomagna";88;2;3;0;2;;;;7;0;1;0;7;;;;8;15
"097044";"Lomagna";89;1;5;0;2;;;;8;0;1;0;8;;;;9;17
"097044";"Lomagna";90;0;3;0;1;;;;4;1;1;1;4;;;;7;11
"097044";"Lomagna";91;0;2;0;4;;;;6;0;0;0;2;;;;2;8
"097044";"Lomagna";92;0;3;0;0;;;;3;1;0;0;2;;;;3;6
"097044";"Lomagna";93;0;1;0;0;;;;1;0;1;0;2;;;;3;4
"097044";"Lomagna";94;0;1;0;4;;;;5;0;0;0;3;;;;3;8
"097044";"Lomagna";95;0;0;0;0;;;;0;0;0;0;2;;;;2;2
"097044";"Lomagna";96;0;0;0;0;;;;0;0;0;0;2;;;;2;2
"097044";"Lomagna";97;0;0;0;0;;;;0;0;1;0;0;;;;1;1
"097044";"Lomagna";98;0;0;0;0;;;;0;0;0;0;1;;;;1;1
"097044";"Lomagna";99;0;0;0;0;;;;0;0;0;0;0;;;;0;0
"097044";"Lomagna";100;0;0;0;0;;;;0;0;0;0;0;;;;0;0
"097044";"Lomagna";999;1216;1162;68;60;;;;2506;1041;1165;105;241;;;;2552;5058
"097045";"Malgrate";0;19;0;0;0;;;;19;12;0;0;0;;;;12;31
"097045";"Malgrate";1;18;0;0;0;;;;18;13;0;0;0;;;;13;31
"097045";"Malgrate";2;7;0;0;0;;;;7;12;0;0;0;;;;12;19
"097045";"Malgrate";3;16;0;0;0;;;;16;14;0;0;0;;;;14;30
"097045";"Malgrate";4;7;0;0;0;;;;7;11;0;0;0;;;;11;18
"097045";"Malgrate";5;20;0;0;0;;;;20;10;0;0;0;;;;10;30
"097045";"Malgrate";6;11;0;0;0;;;;11;16;0;0;0;;;;16;27
"097045";"Malgrate";7;17;0;0;0;;;;17;20;0;0;0;;;;20;37
"097045";"Malgrate";8;20;0;0;0;;;;20;17;0;0;0;;;;17;37
"097045";"Malgrate";9;13;0;0;0;;;;13;18;0;0;0;;;;18;31
"097045";"Malgrate";10;12;0;0;0;;;;12;19;0;0;0;;;;19;31
"097045";"Malgrate";11;19;0;0;0;;;;19;18;0;0;0;;;;18;37
"097045";"Malgrate";12;13;0;0;0;;;;13;16;0;0;0;;;;16;29
"097045";"Malgrate";13;26;0;0;0;;;;26;16;0;0;0;;;;16;42
"097045";"Malgrate";14;21;0;0;0;;;;21;15;0;0;0;;;;15;36
"097045";"Malgrate";15;18;0;0;0;;;;18;16;0;0;0;;;;16;34
"097045";"Malgrate";16;24;0;0;0;;;;24;18;0;0;0;;;;18;42
"097045";"Malgrate";17;20;0;0;0;;;;20;20;0;0;0;;;;20;40
"097045";"Malgrate";18;35;0;0;0;;;;35;21;0;0;0;;;;21;56
"097045";"Malgrate";19;24;0;0;0;;;;24;21;0;0;0;;;;21;45
"097045";"Malgrate";20;22;0;0;0;;;;22;22;0;0;0;;;;22;44
"097045";"Malgrate";21;30;0;0;0;;;;30;26;3;0;0;;;;29;59
"097045";"Malgrate";22;26;0;0;0;;;;26;18;0;0;0;;;;18;44
"097045";"Malgrate";23;24;0;0;0;;;;24;24;1;0;0;;;;25;49
"097045";"Malgrate";24;22;0;0;0;;;;22;32;1;0;0;;;;33;55
"097045";"Malgrate";25;17;0;0;0;;;;17;19;4;0;0;;;;23;40
"097045";"Malgrate";26;23;0;0;0;;;;23;19;4;0;0;;;;23;46
"097045";"Malgrate";27;18;1;0;0;;;;19;20;2;0;0;;;;22;41
"097045";"Malgrate";28;26;2;0;0;;;;28;15;3;1;0;;;;19;47
"097045";"Malgrate";29;22;2;0;0;;;;24;19;7;0;0;;;;26;50
"097045";"Malgrate";30;26;5;0;0;;;;31;14;11;0;0;;;;25;56
"097045";"Malgrate";31;18;3;0;0;;;;21;22;5;0;0;;;;27;48
"097045";"Malgrate";32;16;4;0;0;;;;20;12;6;0;0;;;;18;38
"097045";"Malgrate";33;17;1;0;0;;;;18;12;5;0;0;;;;17;35
"097045";"Malgrate";34;13;8;0;0;;;;21;8;4;0;0;;;;12;33
"097045";"Malgrate";35;4;6;0;0;;;;10;9;8;0;0;;;;17;27
"097045";"Malgrate";36;12;12;5;0;;;;29;10;9;0;0;;;;19;48
"097045";"Malgrate";37;7;7;0;0;;;;14;6;8;0;1;;;;15;29
"097045";"Malgrate";38;5;15;0;0;;;;20;9;16;0;0;;;;25;45
"097045";"Malgrate";39;13;8;0;0;;;;21;9;11;1;1;;;;22;43
"097045";"Malgrate";40;13;12;1;0;;;;26;7;12;0;0;;;;19;45
"097045";"Malgrate";41;7;12;2;0;;;;21;5;16;0;0;;;;21;42
"097045";"Malgrate";42;12;11;1;0;;;;24;9;13;2;1;;;;25;49
"097045";"Malgrate";43;8;12;2;0;;;;22;6;10;0;0;;;;16;38
"097045";"Malgrate";44;7;6;1;0;;;;14;7;19;1;0;;;;27;41
"097045";"Malgrate";45;9;13;0;0;;;;22;4;19;4;0;;;;27;49
"097045";"Malgrate";46;11;13;2;0;;;;26;9;16;2;1;;;;28;54
"097045";"Malgrate";47;10;18;1;0;;;;29;10;17;4;0;;;;31;60
"097045";"Malgrate";48;4;19;1;1;;;;25;2;16;2;0;;;;20;45
"097045";"Malgrate";49;12;27;0;0;;;;39;6;22;4;1;;;;33;72
"097045";"Malgrate";50;14;24;2;1;;;;41;7;23;3;1;;;;34;75
"097045";"Malgrate";51;7;15;3;0;;;;25;2;31;3;1;;;;37;62
"097045";"Malgrate";52;5;25;4;0;;;;34;4;23;1;1;;;;29;63
"097045";"Malgrate";53;11;18;1;0;;;;30;4;24;2;2;;;;32;62
"097045";"Malgrate";54;7;20;4;0;;;;31;3;21;6;2;;;;32;63
"097045";"Malgrate";55;6;24;4;0;;;;34;4;26;8;1;;;;39;73
"097045";"Malgrate";56;4;23;0;0;;;;27;3;21;0;0;;;;24;51
"097045";"Malgrate";57;6;23;1;1;;;;31;6;19;2;1;;;;28;59
"097045";"Malgrate";58;9;22;0;0;;;;31;4;25;5;4;;;;38;69
"097045";"Malgrate";59;7;28;3;0;;;;38;2;32;5;1;;;;40;78
"097045";"Malgrate";60;4;32;5;0;;;;41;8;24;1;3;;;;36;77
"097045";"Malgrate";61;6;26;2;0;;;;34;5;25;3;1;;;;34;68
"097045";"Malgrate";62;2;22;1;0;;;;25;2;25;5;1;;;;33;58
"097045";"Malgrate";63;3;19;3;0;;;;25;4;24;2;3;;;;33;58
"097045";"Malgrate";64;4;21;0;1;;;;26;2;18;2;4;;;;26;52
"097045";"Malgrate";65;3;25;1;0;;;;29;2;13;0;0;;;;15;44
"097045";"Malgrate";66;1;20;2;1;;;;24;3;20;5;3;;;;31;55
"097045";"Malgrate";67;1;21;0;1;;;;23;3;20;3;4;;;;30;53
"097045";"Malgrate";68;1;15;0;1;;;;17;1;17;2;4;;;;24;41
"097045";"Malgrate";69;2;18;1;1;;;;22;0;17;1;9;;;;27;49
"097045";"Malgrate";70;1;14;2;2;;;;19;2;16;4;3;;;;25;44
"097045";"Malgrate";71;1;15;0;1;;;;17;2;11;3;4;;;;20;37
"097045";"Malgrate";72;2;20;0;0;;;;22;4;12;0;6;;;;22;44
"097045";"Malgrate";73;3;15;1;1;;;;20;1;27;3;6;;;;37;57
"097045";"Malgrate";74;2;17;2;4;;;;25;2;20;1;8;;;;31;56
"097045";"Malgrate";75;2;18;2;2;;;;24;0;13;1;7;;;;21;45
"097045";"Malgrate";76;0;19;1;2;;;;22;1;15;4;9;;;;29;51
"097045";"Malgrate";77;1;17;0;3;;;;21;2;16;1;7;;;;26;47
"097045";"Malgrate";78;2;16;0;1;;;;19;1;24;1;13;;;;39;58
"097045";"Malgrate";79;1;19;0;1;;;;21;1;8;2;13;;;;24;45
"097045";"Malgrate";80;1;12;1;1;;;;15;2;9;2;6;;;;19;34
"097045";"Malgrate";81;3;12;0;1;;;;16;1;15;0;9;;;;25;41
"097045";"Malgrate";82;0;15;0;1;;;;16;0;4;1;18;;;;23;39
"097045";"Malgrate";83;2;16;0;3;;;;21;2;8;2;12;;;;24;45
"097045";"Malgrate";84;1;10;1;1;;;;13;3;7;1;6;;;;17;30
"097045";"Malgrate";85;0;11;0;3;;;;14;2;6;0;11;;;;19;33
"097045";"Malgrate";86;0;8;0;4;;;;12;3;4;0;9;;;;16;28
"097045";"Malgrate";87;2;7;0;4;;;;13;0;7;1;5;;;;13;26
"097045";"Malgrate";88;0;5;0;2;;;;7;0;2;0;10;;;;12;19
"097045";"Malgrate";89;0;4;0;3;;;;7;1;4;0;9;;;;14;21
"097045";"Malgrate";90;0;5;0;2;;;;7;1;0;0;13;;;;14;21
"097045";"Malgrate";91;0;3;0;1;;;;4;0;1;0;5;;;;6;10
"097045";"Malgrate";92;0;2;2;1;;;;5;0;0;0;8;;;;8;13
"097045";"Malgrate";93;0;3;0;0;;;;3;1;0;1;1;;;;3;6
"097045";"Malgrate";94;0;1;0;1;;;;2;0;0;1;2;;;;3;5
"097045";"Malgrate";95;0;0;0;1;;;;1;1;0;0;5;;;;6;7
"097045";"Malgrate";96;0;1;0;0;;;;1;0;1;0;1;;;;2;3
"097045";"Malgrate";97;0;0;0;0;;;;0;0;0;0;1;;;;1;1
"097045";"Malgrate";98;0;0;0;2;;;;2;0;0;0;1;;;;1;3
"097045";"Malgrate";99;0;0;0;0;;;;0;0;0;0;0;;;;0;0
"097045";"Malgrate";100;0;1;0;0;;;;1;1;0;0;0;;;;1;2
"097045";"Malgrate";999;941;944;65;56;;;;2006;816;946;109;259;;;;2130;4136
"097046";"Mandello del Lario";0;21;0;0;0;;;;21;33;0;0;0;;;;33;54
"097046";"Mandello del Lario";1;33;0;0;0;;;;33;30;0;0;0;;;;30;63
"097046";"Mandello del Lario";2;32;0;0;0;;;;32;25;0;0;0;;;;25;57
"097046";"Mandello del Lario";3;29;0;0;0;;;;29;29;0;0;0;;;;29;58
"097046";"Mandello del Lario";4;27;0;0;0;;;;27;29;0;0;0;;;;29;56
"097046";"Mandello del Lario";5;32;0;0;0;;;;32;23;0;0;0;;;;23;55
"097046";"Mandello del Lario";6;34;0;0;0;;;;34;27;0;0;0;;;;27;61
"097046";"Mandello del Lario";7;31;0;0;0;;;;31;39;0;0;0;;;;39;70
"097046";"Mandello del Lario";8;33;0;0;0;;;;33;29;0;0;0;;;;29;62
"097046";"Mandello del Lario";9;27;0;0;0;;;;27;28;0;0;0;;;;28;55
"097046";"Mandello del Lario";10;35;0;0;0;;;;35;31;0;0;0;;;;31;66
"097046";"Mandello del Lario";11;39;0;0;0;;;;39;31;0;0;0;;;;31;70
"097046";"Mandello del Lario";12;35;0;0;0;;;;35;43;0;0;0;;;;43;78
"097046";"Mandello del Lario";13;31;0;0;0;;;;31;47;0;0;0;;;;47;78
"097046";"Mandello del Lario";14;40;0;0;0;;;;40;45;0;0;0;;;;45;85
"097046";"Mandello del Lario";15;51;0;0;0;;;;51;33;0;0;0;;;;33;84
"097046";"Mandello del Lario";16;48;0;0;0;;;;48;43;0;0;0;;;;43;91
"097046";"Mandello del Lario";17;63;0;0;0;;;;63;43;0;0;0;;;;43;106
"097046";"Mandello del Lario";18;50;0;0;0;;;;50;48;0;0;0;;;;48;98
"097046";"Mandello del Lario";19;41;0;0;0;;;;41;50;0;0;0;;;;50;91
"097046";"Mandello del Lario";20;57;0;0;0;;;;57;36;0;0;0;;;;36;93
"097046";"Mandello del Lario";21;48;0;0;0;;;;48;52;0;0;0;;;;52;100
"097046";"Mandello del Lario";22;60;0;0;0;;;;60;45;1;0;0;;;;46;106
"097046";"Mandello del Lario";23;41;0;0;0;;;;41;54;0;0;0;;;;54;95
"097046";"Mandello del Lario";24;54;1;0;0;;;;55;50;1;0;0;;;;51;106
"097046";"Mandello del Lario";25;61;0;0;0;;;;61;31;1;0;0;;;;32;93
"097046";"Mandello del Lario";26;71;1;0;0;;;;72;34;2;0;0;;;;36;108
"097046";"Mandello del Lario";27;55;0;0;0;;;;55;41;5;0;0;;;;46;101
"097046";"Mandello del Lario";28;51;2;0;0;;;;53;38;3;0;0;;;;41;94
"097046";"Mandello del Lario";29;43;0;0;0;;;;43;31;7;0;0;;;;38;81
"097046";"Mandello del Lario";30;48;7;0;0;;;;55;24;4;0;0;;;;28;83
"097046";"Mandello del Lario";31;41;9;0;0;;;;50;32;11;1;0;;;;44;94
"097046";"Mandello del Lario";32;37;9;0;0;;;;46;30;11;0;0;;;;41;87
"097046";"Mandello del Lario";33;41;10;0;0;;;;51;31;24;1;0;;;;56;107
"097046";"Mandello del Lario";34;33;10;1;0;;;;44;23;18;1;0;;;;42;86
"097046";"Mandello del Lario";35;35;13;2;0;;;;50;27;24;0;0;;;;51;101
"097046";"Mandello del Lario";36;36;15;0;0;;;;51;27;21;1;0;;;;49;100
"097046";"Mandello del Lario";37;19;22;0;0;;;;41;16;26;1;0;;;;43;84
"097046";"Mandello del Lario";38;44;12;0;0;;;;56;15;22;3;0;;;;40;96
"097046";"Mandello del Lario";39;18;15;1;0;;;;34;19;29;2;0;;;;50;84
"097046";"Mandello del Lario";40;30;17;0;0;;;;47;13;24;4;0;;;;41;88
"097046";"Mandello del Lario";41;20;20;0;0;;;;40;16;34;3;0;;;;53;93
"097046";"Mandello del Lario";42;14;30;3;0;;;;47;17;35;2;0;;;;54;101
"097046";"Mandello del Lario";43;18;22;3;0;;;;43;18;20;2;0;;;;40;83
"097046";"Mandello del Lario";44;27;30;1;0;;;;58;20;28;4;1;;;;53;111
"097046";"Mandello del Lario";45;15;26;2;0;;;;43;12;40;1;0;;;;53;96
"097046";"Mandello del Lario";46;17;36;2;0;;;;55;11;38;7;1;;;;57;112
"097046";"Mandello del Lario";47;21;37;3;2;;;;63;17;53;5;2;;;;77;140
"097046";"Mandello del Lario";48;23;39;5;0;;;;67;22;44;5;0;;;;71;138
"097046";"Mandello del Lario";49;33;37;4;0;;;;74;21;50;8;1;;;;80;154
"097046";"Mandello del Lario";50;21;37;2;1;;;;61;15;57;5;0;;;;77;138
"097046";"Mandello del Lario";51;31;61;4;0;;;;96;14;44;7;1;;;;66;162
"097046";"Mandello del Lario";52;31;51;5;1;;;;88;7;53;12;0;;;;72;160
"097046";"Mandello del Lario";53;23;54;6;1;;;;84;10;48;4;1;;;;63;147
"097046";"Mandello del Lario";54;24;44;6;2;;;;76;12;58;6;1;;;;77;153
"097046";"Mandello del Lario";55;25;50;2;0;;;;77;24;43;14;2;;;;83;160
"097046";"Mandello del Lario";56;13;50;9;0;;;;72;15;46;10;2;;;;73;145
"097046";"Mandello del Lario";57;19;45;11;0;;;;75;13;57;13;0;;;;83;158
"097046";"Mandello del Lario";58;19;58;10;2;;;;89;13;61;9;1;;;;84;173
"097046";"Mandello del Lario";59;26;65;8;1;;;;100;15;62;14;4;;;;95;195
"097046";"Mandello del Lario";60;18;59;10;1;;;;88;10;69;4;1;;;;84;172
"097046";"Mandello del Lario";61;17;62;9;1;;;;89;13;60;16;9;;;;98;187
"097046";"Mandello del Lario";62;6;44;11;2;;;;63;19;63;10;2;;;;94;157
"097046";"Mandello del Lario";63;9;77;8;1;;;;95;10;58;2;8;;;;78;173
"097046";"Mandello del Lario";64;8;55;3;1;;;;67;12;54;13;7;;;;86;153
"097046";"Mandello del Lario";65;10;55;6;5;;;;76;14;46;10;6;;;;76;152
"097046";"Mandello del Lario";66;18;40;8;3;;;;69;8;48;3;6;;;;65;134
"097046";"Mandello del Lario";67;11;52;9;1;;;;73;11;51;8;4;;;;74;147
"097046";"Mandello del Lario";68;10;48;6;2;;;;66;6;58;4;9;;;;77;143
"097046";"Mandello del Lario";69;12;50;7;2;;;;71;5;49;6;7;;;;67;138
"097046";"Mandello del Lario";70;7;53;4;3;;;;67;10;48;1;10;;;;69;136
"097046";"Mandello del Lario";71;4;37;3;3;;;;47;6;42;6;9;;;;63;110
"097046";"Mandello del Lario";72;8;40;3;0;;;;51;4;40;3;15;;;;62;113
"097046";"Mandello del Lario";73;6;50;1;3;;;;60;5;47;4;14;;;;70;130
"097046";"Mandello del Lario";74;7;43;4;4;;;;58;2;45;2;20;;;;69;127
"097046";"Mandello del Lario";75;3;50;1;5;;;;59;2;57;1;20;;;;80;139
"097046";"Mandello del Lario";76;7;55;3;2;;;;67;9;35;3;20;;;;67;134
"097046";"Mandello del Lario";77;8;43;4;4;;;;59;7;42;1;22;;;;72;131
"097046";"Mandello del Lario";78;3;54;2;6;;;;65;6;32;2;19;;;;59;124
"097046";"Mandello del Lario";79;3;29;3;7;;;;42;3;27;3;25;;;;58;100
"097046";"Mandello del Lario";80;0;27;2;9;;;;38;3;24;0;26;;;;53;91
"097046";"Mandello del Lario";81;3;52;1;3;;;;59;8;32;3;14;;;;57;116
"097046";"Mandello del Lario";82;2;30;1;5;;;;38;3;22;2;28;;;;55;93
"097046";"Mandello del Lario";83;5;38;1;3;;;;47;3;15;2;28;;;;48;95
"097046";"Mandello del Lario";84;5;35;1;3;;;;44;5;23;2;39;;;;69;113
"097046";"Mandello del Lario";85;6;27;1;9;;;;43;6;16;3;38;;;;63;106
"097046";"Mandello del Lario";86;2;21;0;5;;;;28;3;9;0;20;;;;32;60
"097046";"Mandello del Lario";87;3;15;0;4;;;;22;1;10;0;36;;;;47;69
"097046";"Mandello del Lario";88;3;17;0;4;;;;24;1;9;0;26;;;;36;60
"097046";"Mandello del Lario";89;2;11;0;4;;;;17;4;7;0;23;;;;34;51
"097046";"Mandello del Lario";90;1;11;0;3;;;;15;0;4;0;26;;;;30;45
"097046";"Mandello del Lario";91;2;8;0;4;;;;14;3;5;0;22;;;;30;44
"097046";"Mandello del Lario";92;0;4;0;3;;;;7;2;1;0;25;;;;28;35
"097046";"Mandello del Lario";93;1;4;0;3;;;;8;0;2;1;14;;;;17;25
"097046";"Mandello del Lario";94;0;2;0;2;;;;4;3;0;0;16;;;;19;23
"097046";"Mandello del Lario";95;1;4;0;1;;;;6;0;1;0;10;;;;11;17
"097046";"Mandello del Lario";96;0;2;0;3;;;;5;1;0;0;7;;;;8;13
"097046";"Mandello del Lario";97;2;0;0;2;;;;4;1;1;0;8;;;;10;14
"097046";"Mandello del Lario";98;0;1;0;0;;;;1;0;0;0;5;;;;5;6
"097046";"Mandello del Lario";99;0;0;0;0;;;;0;0;0;0;2;;;;2;2
"097046";"Mandello del Lario";100;0;0;0;1;;;;1;2;0;0;3;;;;5;6
"097046";"Mandello del Lario";999;2288;2240;202;137;;;;4867;1878;2257;260;666;;;;5061;9928
"097047";"Margno";0;0;0;0;0;;;;0;0;0;0;0;;;;0;0
"097047";"Margno";1;1;0;0;0;;;;1;0;0;0;0;;;;0;1
"097047";"Margno";2;2;0;0;0;;;;2;1;0;0;0;;;;1;3
"097047";"Margno";3;2;0;0;0;;;;2;0;0;0;0;;;;0;2
"097047";"Margno";4;3;0;0;0;;;;3;2;0;0;0;;;;2;5
"097047";"Margno";5;2;0;0;0;;;;2;1;0;0;0;;;;1;3
"097047";"Margno";6;1;0;0;0;;;;1;0;0;0;0;;;;0;1
"097047";"Margno";7;3;0;0;0;;;;3;7;0;0;0;;;;7;10
"097047";"Margno";8;1;0;0;0;;;;1;1;0;0;0;;;;1;2
"097047";"Margno";9;1;0;0;0;;;;1;2;0;0;0;;;;2;3
"097047";"Margno";10;1;0;0;0;;;;1;1;0;0;0;;;;1;2
"097047";"Margno";11;0;0;0;0;;;;0;2;0;0;0;;;;2;2
"097047";"Margno";12;2;0;0;0;;;;2;0;0;0;0;;;;0;2
"097047";"Margno";13;1;0;0;0;;;;1;0;0;0;0;;;;0;1
"097047";"Margno";14;5;0;0;0;;;;5;0;0;0;0;;;;0;5
"097047";"Margno";15;3;0;0;0;;;;3;2;0;0;0;;;;2;5
"097047";"Margno";16;2;0;0;0;;;;2;2;0;0;0;;;;2;4
"097047";"Margno";17;1;0;0;0;;;;1;0;0;0;0;;;;0;1
"097047";"Margno";18;1;0;0;0;;;;1;3;0;0;0;;;;3;4
"097047";"Margno";19;5;0;0;0;;;;5;0;0;0;0;;;;0;5
"097047";"Margno";20;6;0;0;0;;;;6;1;0;0;0;;;;1;7
"097047";"Margno";21;0;0;0;0;;;;0;0;0;0;0;;;;0;0
"097047";"Margno";22;2;0;0;0;;;;2;0;0;0;0;;;;0;2
"097047";"Margno";23;0;0;0;0;;;;0;3;0;0;0;;;;3;3
"097047";"Margno";24;2;0;0;0;;;;2;2;0;0;0;;;;2;4
"097047";"Margno";25;0;0;0;0;;;;0;1;0;0;0;;;;1;1
"097047";"Margno";26;1;0;0;0;;;;1;3;0;0;0;;;;3;4
"097047";"Margno";27;2;0;0;0;;;;2;3;0;0;0;;;;3;5
"097047";"Margno";28;3;0;0;0;;;;3;1;0;0;0;;;;1;4
"097047";"Margno";29;1;0;0;0;;;;1;1;0;0;0;;;;1;2
"097047";"Margno";30;1;0;0;0;;;;1;0;0;0;0;;;;0;1
"097047";"Margno";31;3;1;0;0;;;;4;2;1;0;0;;;;3;7
"097047";"Margno";32;3;0;0;0;;;;3;2;0;0;0;;;;2;5
"097047";"Margno";33;1;3;0;0;;;;4;1;1;0;0;;;;2;6
"097047";"Margno";34;2;0;0;0;;;;2;0;0;0;0;;;;0;2
"097047";"Margno";35;3;0;0;0;;;;3;2;2;0;0;;;;4;7
"097047";"Margno";36;2;0;0;0;;;;2;1;0;0;0;;;;1;3
"097047";"Margno";37;4;0;0;0;;;;4;0;2;0;0;;;;2;6
"097047";"Margno";38;1;1;0;0;;;;2;2;1;0;0;;;;3;5
"097047";"Margno";39;3;0;0;0;;;;3;1;2;0;0;;;;3;6
"097047";"Margno";40;1;0;0;0;;;;1;1;1;0;0;;;;2;3
"097047";"Margno";41;0;1;0;0;;;;1;1;0;0;0;;;;1;2
"097047";"Margno";42;0;0;0;0;;;;0;0;0;0;0;;;;0;0
"097047";"Margno";43;2;1;0;0;;;;3;1;3;1;0;;;;5;8
"097047";"Margno";44;0;2;0;0;;;;2;3;1;0;0;;;;4;6
"097047";"Margno";45;4;2;0;0;;;;6;2;1;0;0;;;;3;9
"097047";"Margno";46;1;3;0;0;;;;4;1;4;0;0;;;;5;9
"097047";"Margno";47;0;1;0;0;;;;1;1;1;1;0;;;;3;4
"097047";"Margno";48;1;3;0;0;;;;4;0;6;1;0;;;;7;11
"097047";"Margno";49;0;4;1;0;;;;5;2;1;0;0;;;;3;8
"097047";"Margno";50;0;3;0;0;;;;3;0;0;0;0;;;;0;3
"097047";"Margno";51;1;1;0;0;;;;2;0;1;0;0;;;;1;3
"097047";"Margno";52;2;1;1;0;;;;4;1;3;0;1;;;;5;9
"097047";"Margno";53;3;3;2;0;;;;8;0;2;1;0;;;;3;11
"097047";"Margno";54;1;1;0;0;;;;2;1;0;0;0;;;;1;3
"097047";"Margno";55;0;2;0;0;;;;2;1;0;0;0;;;;1;3
"097047";"Margno";56;2;3;0;0;;;;5;0;2;0;1;;;;3;8
"097047";"Margno";57;1;0;0;0;;;;1;0;1;0;0;;;;1;2
"097047";"Margno";58;2;1;1;1;;;;5;1;3;0;0;;;;4;9
"097047";"Margno";59;2;1;0;0;;;;3;0;5;1;1;;;;7;10
"097047";"Margno";60;0;4;0;0;;;;4;0;4;1;1;;;;6;10
"097047";"Margno";61;3;3;1;0;;;;7;0;3;0;0;;;;3;10
"097047";"Margno";62;2;3;1;1;;;;7;0;4;0;0;;;;4;11
"097047";"Margno";63;0;2;1;1;;;;4;0;1;1;0;;;;2;6
"097047";"Margno";64;0;1;0;0;;;;1;0;1;0;0;;;;1;2
"097047";"Margno";65;0;4;0;0;;;;4;0;1;0;1;;;;2;6
"097047";"Margno";66;2;0;1;0;;;;3;1;2;0;0;;;;3;6
"097047";"Margno";67;1;1;1;0;;;;3;1;3;2;1;;;;7;10
"097047";"Margno";68;1;2;0;0;;;;3;0;1;0;0;;;;1;4
"097047";"Margno";69;1;3;1;0;;;;5;0;3;0;1;;;;4;9
"097047";"Margno";70;0;3;0;0;;;;3;1;0;0;0;;;;1;4
"097047";"Margno";71;1;0;0;0;;;;1;0;3;0;2;;;;5;6
"097047";"Margno";72;0;2;0;0;;;;2;0;2;0;0;;;;2;4
"097047";"Margno";73;0;4;1;1;;;;6;0;4;0;0;;;;4;10
"097047";"Margno";74;0;1;0;0;;;;1;0;2;1;1;;;;4;5
"097047";"Margno";75;0;4;0;0;;;;4;0;2;0;0;;;;2;6
"097047";"Margno";76;0;3;0;1;;;;4;0;0;0;0;;;;0;4
"097047";"Margno";77;0;0;0;1;;;;1;0;1;0;3;;;;4;5
"097047";"Margno";78;1;3;0;0;;;;4;0;0;0;0;;;;0;4
"097047";"Margno";79;0;1;0;0;;;;1;0;0;0;0;;;;0;1
"097047";"Margno";80;1;0;0;0;;;;1;2;2;0;3;;;;7;8
"097047";"Margno";81;0;1;0;0;;;;1;0;0;0;1;;;;1;2
"097047";"Margno";82;0;1;0;0;;;;1;0;0;0;0;;;;0;1
"097047";"Margno";83;1;1;0;0;;;;2;0;2;0;0;;;;2;4
"097047";"Margno";84;0;2;0;0;;;;2;0;0;0;0;;;;0;2
"097047";"Margno";85;0;1;0;0;;;;1;0;0;0;0;;;;0;1
"097047";"Margno";86;0;0;0;0;;;;0;0;3;0;0;;;;3;3
"097047";"Margno";87;0;0;0;0;;;;0;0;0;0;0;;;;0;0
"097047";"Margno";88;0;0;0;1;;;;1;0;0;0;0;;;;0;1
"097047";"Margno";89;0;0;0;0;;;;0;0;0;0;0;;;;0;0
"097047";"Margno";90;0;1;0;0;;;;1;0;0;0;0;;;;0;1
"097047";"Margno";91;0;0;0;0;;;;0;0;0;0;1;;;;1;1
"097047";"Margno";92;0;0;0;0;;;;0;0;0;0;1;;;;1;1
"097047";"Margno";93;0;0;0;0;;;;0;0;0;0;0;;;;0;0
"097047";"Margno";94;0;0;0;1;;;;1;0;0;0;0;;;;0;1
"097047";"Margno";95;0;0;0;0;;;;0;0;0;0;0;;;;0;0
"097047";"Margno";96;0;0;0;0;;;;0;0;0;0;0;;;;0;0
"097047";"Margno";97;0;0;0;0;;;;0;0;0;0;0;;;;0;0
"097047";"Margno";98;0;0;0;0;;;;0;0;0;0;0;;;;0;0
"097047";"Margno";99;0;0;0;0;;;;0;0;0;0;0;;;;0;0
"097047";"Margno";100;0;0;0;0;;;;0;0;0;0;0;;;;0;0
"097047";"Margno";999;114;89;12;8;;;;223;71;88;10;19;;;;188;411
"097048";"Merate";0;33;0;0;0;;;;33;36;0;0;0;;;;36;69
"097048";"Merate";1;44;0;0;0;;;;44;40;0;0;0;;;;40;84
"097048";"Merate";2;48;0;0;0;;;;48;58;0;0;0;;;;58;106
"097048";"Merate";3;38;0;0;0;;;;38;55;0;0;0;;;;55;93
"097048";"Merate";4;44;0;0;0;;;;44;60;0;0;0;;;;60;104
"097048";"Merate";5;50;0;0;0;;;;50;58;0;0;0;;;;58;108
"097048";"Merate";6;65;0;0;0;;;;65;52;0;0;0;;;;52;117
"097048";"Merate";7;64;0;0;0;;;;64;64;0;0;0;;;;64;128
"097048";"Merate";8;37;0;0;0;;;;37;73;0;0;0;;;;73;110
"097048";"Merate";9;71;0;0;0;;;;71;64;0;0;0;;;;64;135
"097048";"Merate";10;66;0;0;0;;;;66;63;0;0;0;;;;63;129
"097048";"Merate";11;60;0;0;0;;;;60;61;0;0;0;;;;61;121
"097048";"Merate";12;62;0;0;0;;;;62;90;0;0;0;;;;90;152
"097048";"Merate";13;66;0;0;0;;;;66;69;0;0;0;;;;69;135
"097048";"Merate";14;83;0;0;0;;;;83;74;0;0;0;;;;74;157
"097048";"Merate";15;79;0;0;0;;;;79;72;0;0;0;;;;72;151
"097048";"Merate";16;96;0;0;0;;;;96;69;0;0;0;;;;69;165
"097048";"Merate";17;71;0;0;0;;;;71;69;0;0;0;;;;69;140
"097048";"Merate";18;80;0;0;0;;;;80;68;0;0;0;;;;68;148
"097048";"Merate";19;77;0;0;0;;;;77;74;1;0;0;;;;75;152
"097048";"Merate";20;68;0;0;0;;;;68;66;0;0;0;;;;66;134
"097048";"Merate";21;91;0;0;0;;;;91;72;0;0;0;;;;72;163
"097048";"Merate";22;83;0;0;0;;;;83;75;3;0;0;;;;78;161
"097048";"Merate";23;72;0;0;0;;;;72;67;5;0;0;;;;72;144
"097048";"Merate";24;77;0;0;0;;;;77;74;1;0;0;;;;75;152
"097048";"Merate";25;63;2;0;0;;;;65;67;3;1;0;;;;71;136
"097048";"Merate";26;76;3;0;0;;;;79;58;5;0;0;;;;63;142
"097048";"Merate";27;78;3;0;0;;;;81;61;10;0;0;;;;71;152
"097048";"Merate";28;56;5;1;0;;;;62;48;14;0;0;;;;62;124
"097048";"Merate";29;68;6;0;0;;;;74;43;16;1;0;;;;60;134
"097048";"Merate";30;70;4;0;0;;;;74;56;25;1;0;;;;82;156
"097048";"Merate";31;58;7;0;0;;;;65;41;22;0;0;;;;63;128
"097048";"Merate";32;61;17;0;0;;;;78;46;29;0;1;;;;76;154
"097048";"Merate";33;52;21;0;0;;;;73;36;27;0;0;;;;63;136
"097048";"Merate";34;66;21;1;0;;;;88;33;33;0;1;;;;67;155
"097048";"Merate";35;43;29;0;0;;;;72;32;42;0;2;;;;76;148
"097048";"Merate";36;53;32;1;0;;;;86;34;45;4;0;;;;83;169
"097048";"Merate";37;42;41;0;0;;;;83;19;30;1;0;;;;50;133
"097048";"Merate";38;47;23;1;0;;;;71;30;49;3;0;;;;82;153
"097048";"Merate";39;37;51;1;0;;;;89;31;40;4;1;;;;76;165
"097048";"Merate";40;40;50;1;0;;;;91;24;42;7;1;;;;74;165
"097048";"Merate";41;39;37;1;0;;;;77;24;41;7;0;;;;72;149
"097048";"Merate";42;44;40;2;0;;;;86;36;52;7;0;;;;95;181
"097048";"Merate";43;47;36;2;1;;;;86;20;52;4;1;;;;77;163
"097048";"Merate";44;29;44;3;0;;;;76;21;46;10;0;;;;77;153
"097048";"Merate";45;39;45;3;0;;;;87;23;69;3;0;;;;95;182
"097048";"Merate";46;37;52;3;0;;;;92;24;72;4;0;;;;100;192
"097048";"Merate";47;25;58;6;0;;;;89;22;65;8;0;;;;95;184
"097048";"Merate";48;45;62;5;0;;;;112;28;75;6;4;;;;113;225
"097048";"Merate";49;31;72;6;0;;;;109;28;92;10;2;;;;132;241
"097048";"Merate";50;29;85;5;1;;;;120;29;73;12;0;;;;114;234
"097048";"Merate";51;35;83;7;1;;;;126;25;72;14;7;;;;118;244
"097048";"Merate";52;30;71;8;3;;;;112;24;82;12;1;;;;119;231
"097048";"Merate";53;29;75;12;0;;;;116;28;78;9;1;;;;116;232
"097048";"Merate";54;39;88;4;0;;;;131;23;79;14;4;;;;120;251
"097048";"Merate";55;32;75;9;0;;;;116;15;70;12;3;;;;100;216
"097048";"Merate";56;20;80;10;1;;;;111;21;89;16;1;;;;127;238
"097048";"Merate";57;29;69;8;1;;;;107;17;91;9;5;;;;122;229
"097048";"Merate";58;14;76;12;1;;;;103;19;93;10;4;;;;126;229
"097048";"Merate";59;25;84;4;1;;;;114;17;94;8;8;;;;127;241
"097048";"Merate";60;21;72;10;3;;;;106;16;81;13;6;;;;116;222
"097048";"Merate";61;13;69;7;0;;;;89;17;82;6;7;;;;112;201
"097048";"Merate";62;15;71;8;6;;;;100;10;68;8;7;;;;93;193
"097048";"Merate";63;19;76;8;2;;;;105;13;69;8;9;;;;99;204
"097048";"Merate";64;13;71;7;4;;;;95;10;76;5;12;;;;103;198
"097048";"Merate";65;14;64;7;2;;;;87;15;82;10;10;;;;117;204
"097048";"Merate";66;10;87;6;2;;;;105;4;85;8;4;;;;101;206
"097048";"Merate";67;9;78;5;2;;;;94;8;66;4;20;;;;98;192
"097048";"Merate";68;11;71;7;3;;;;92;8;69;7;14;;;;98;190
"097048";"Merate";69;13;57;2;1;;;;73;7;65;4;21;;;;97;170
"097048";"Merate";70;9;53;4;3;;;;69;11;49;4;16;;;;80;149
"097048";"Merate";71;5;69;4;3;;;;81;9;74;6;14;;;;103;184
"097048";"Merate";72;3;70;0;4;;;;77;9;71;3;15;;;;98;175
"097048";"Merate";73;6;74;3;1;;;;84;7;71;3;21;;;;102;186
"097048";"Merate";74;11;86;1;4;;;;102;6;76;3;21;;;;106;208
"097048";"Merate";75;3;80;4;5;;;;92;8;64;5;35;;;;112;204
"097048";"Merate";76;4;67;2;8;;;;81;8;59;2;26;;;;95;176
"097048";"Merate";77;8;76;6;5;;;;95;5;73;3;39;;;;120;215
"097048";"Merate";78;6;71;0;7;;;;84;13;57;5;38;;;;113;197
"097048";"Merate";79;9;58;1;8;;;;76;7;35;4;23;;;;69;145
"097048";"Merate";80;6;53;2;4;;;;65;6;45;4;41;;;;96;161
"097048";"Merate";81;5;52;0;4;;;;61;4;44;0;38;;;;86;147
"097048";"Merate";82;6;43;1;11;;;;61;8;23;0;46;;;;77;138
"097048";"Merate";83;7;54;1;14;;;;76;6;29;0;45;;;;80;156
"097048";"Merate";84;4;30;0;7;;;;41;8;39;1;50;;;;98;139
"097048";"Merate";85;4;36;1;12;;;;53;8;24;0;52;;;;84;137
"097048";"Merate";86;6;28;1;14;;;;49;11;14;1;51;;;;77;126
"097048";"Merate";87;2;20;0;12;;;;34;4;13;0;36;;;;53;87
"097048";"Merate";88;0;23;1;6;;;;30;8;7;1;35;;;;51;81
"097048";"Merate";89;0;19;0;8;;;;27;3;5;0;38;;;;46;73
"097048";"Merate";90;1;8;1;4;;;;14;2;5;0;29;;;;36;50
"097048";"Merate";91;1;13;0;6;;;;20;4;3;1;27;;;;35;55
"097048";"Merate";92;0;6;0;1;;;;7;6;3;1;29;;;;39;46
"097048";"Merate";93;0;5;0;4;;;;9;4;1;0;30;;;;35;44
"097048";"Merate";94;0;5;0;2;;;;7;2;0;0;15;;;;17;24
"097048";"Merate";95;0;1;0;0;;;;1;3;0;0;7;;;;10;11
"097048";"Merate";96;0;0;0;1;;;;1;1;0;0;11;;;;12;13
"097048";"Merate";97;0;1;0;1;;;;2;0;0;0;7;;;;7;9
"097048";"Merate";98;0;1;0;2;;;;3;1;0;0;3;;;;4;7
"097048";"Merate";99;0;0;0;1;;;;1;0;0;0;1;;;;1;2
"097048";"Merate";100;0;0;0;0;;;;0;0;0;0;6;;;;6;6
"097048";"Merate";999;3397;3365;216;197;;;;7175;3006;3454;317;1002;;;;7779;14954
"097049";"Missaglia";0;32;0;0;0;;;;32;26;0;0;0;;;;26;58
"097049";"Missaglia";1;31;0;0;0;;;;31;25;0;0;0;;;;25;56
"097049";"Missaglia";2;41;0;0;0;;;;41;32;0;0;0;;;;32;73
"097049";"Missaglia";3;33;0;0;0;;;;33;29;0;0;0;;;;29;62
"097049";"Missaglia";4;30;0;0;0;;;;30;36;0;0;0;;;;36;66
"097049";"Missaglia";5;31;0;0;0;;;;31;37;0;0;0;;;;37;68
"097049";"Missaglia";6;42;0;0;0;;;;42;34;0;0;0;;;;34;76
"097049";"Missaglia";7;42;0;0;0;;;;42;39;0;0;0;;;;39;81
"097049";"Missaglia";8;40;0;0;0;;;;40;43;0;0;0;;;;43;83
"097049";"Missaglia";9;43;0;0;0;;;;43;47;0;0;0;;;;47;90
"097049";"Missaglia";10;34;0;0;0;;;;34;46;0;0;0;;;;46;80
"097049";"Missaglia";11;47;0;0;0;;;;47;41;0;0;0;;;;41;88
"097049";"Missaglia";12;44;0;0;0;;;;44;40;0;0;0;;;;40;84
"097049";"Missaglia";13;48;0;0;0;;;;48;37;0;0;0;;;;37;85
"097049";"Missaglia";14;51;0;0;0;;;;51;37;0;0;0;;;;37;88
"097049";"Missaglia";15;66;0;0;0;;;;66;37;0;0;0;;;;37;103
"097049";"Missaglia";16;50;0;0;0;;;;50;37;0;0;0;;;;37;87
"097049";"Missaglia";17;50;0;0;0;;;;50;48;0;0;0;;;;48;98
"097049";"Missaglia";18;46;0;0;0;;;;46;40;0;0;0;;;;40;86
"097049";"Missaglia";19;42;0;0;0;;;;42;38;0;0;0;;;;38;80
"097049";"Missaglia";20;49;0;0;0;;;;49;55;1;0;0;;;;56;105
"097049";"Missaglia";21;35;1;0;0;;;;36;41;0;0;0;;;;41;77
"097049";"Missaglia";22;50;0;0;0;;;;50;48;0;0;0;;;;48;98
"097049";"Missaglia";23;37;0;0;0;;;;37;35;2;0;0;;;;37;74
"097049";"Missaglia";24;34;0;0;0;;;;34;31;1;0;0;;;;32;66
"097049";"Missaglia";25;39;0;0;0;;;;39;35;5;1;0;;;;41;80
"097049";"Missaglia";26;47;1;0;0;;;;48;43;4;0;0;;;;47;95
"097049";"Missaglia";27;30;0;0;0;;;;30;31;4;0;0;;;;35;65
"097049";"Missaglia";28;44;2;0;0;;;;46;30;9;0;0;;;;39;85
"097049";"Missaglia";29;41;7;0;0;;;;48;32;9;0;0;;;;41;89
"097049";"Missaglia";30;36;9;0;0;;;;45;37;12;1;0;;;;50;95
"097049";"Missaglia";31;45;5;0;0;;;;50;37;11;1;0;;;;49;99
"097049";"Missaglia";32;38;4;0;0;;;;42;43;14;0;0;;;;57;99
"097049";"Missaglia";33;53;15;0;0;;;;68;25;15;1;0;;;;41;109
"097049";"Missaglia";34;36;14;0;0;;;;50;24;15;0;0;;;;39;89
"097049";"Missaglia";35;36;11;2;1;;;;50;25;24;2;0;;;;51;101
"097049";"Missaglia";36;43;12;0;0;;;;55;28;34;2;1;;;;65;120
"097049";"Missaglia";37;26;31;0;0;;;;57;15;30;2;0;;;;47;104
"097049";"Missaglia";38;22;23;1;0;;;;46;27;29;1;0;;;;57;103
"097049";"Missaglia";39;25;30;1;0;;;;56;24;33;0;0;;;;57;113
"097049";"Missaglia";40;18;24;1;0;;;;43;11;36;2;0;;;;49;92
"097049";"Missaglia";41;27;32;3;0;;;;62;14;38;4;0;;;;56;118
"097049";"Missaglia";42;28;28;1;0;;;;57;9;38;5;0;;;;52;109
"097049";"Missaglia";43;29;42;4;0;;;;75;19;32;5;1;;;;57;132
"097049";"Missaglia";44;28;31;2;0;;;;61;27;43;1;0;;;;71;132
"097049";"Missaglia";45;17;28;4;1;;;;50;20;39;5;2;;;;66;116
"097049";"Missaglia";46;28;36;3;0;;;;67;16;37;3;0;;;;56;123
"097049";"Missaglia";47;27;35;5;1;;;;68;16;36;10;1;;;;63;131
"097049";"Missaglia";48;23;42;0;0;;;;65;18;43;6;0;;;;67;132
"097049";"Missaglia";49;19;47;8;1;;;;75;15;46;8;1;;;;70;145
"097049";"Missaglia";50;24;52;7;2;;;;85;18;54;11;1;;;;84;169
"097049";"Missaglia";51;27;50;3;0;;;;80;11;67;6;1;;;;85;165
"097049";"Missaglia";52;30;45;8;0;;;;83;20;43;6;0;;;;69;152
"097049";"Missaglia";53;19;54;6;1;;;;80;12;59;12;2;;;;85;165
"097049";"Missaglia";54;15;50;9;0;;;;74;10;41;9;2;;;;62;136
"097049";"Missaglia";55;27;45;7;0;;;;79;15;50;6;2;;;;73;152
"097049";"Missaglia";56;16;41;8;2;;;;67;6;53;5;2;;;;66;133
"097049";"Missaglia";57;20;58;12;1;;;;91;8;39;7;4;;;;58;149
"097049";"Missaglia";58;18;70;5;0;;;;93;6;44;3;2;;;;55;148
"097049";"Missaglia";59;9;48;4;0;;;;61;9;45;6;3;;;;63;124
"097049";"Missaglia";60;9;38;11;2;;;;60;6;54;5;2;;;;67;127
"097049";"Missaglia";61;10;55;7;1;;;;73;8;45;7;4;;;;64;137
"097049";"Missaglia";62;11;40;6;4;;;;61;10;47;7;7;;;;71;132
"097049";"Missaglia";63;7;40;4;0;;;;51;6;43;6;2;;;;57;108
"097049";"Missaglia";64;9;44;8;0;;;;61;9;41;6;6;;;;62;123
"097049";"Missaglia";65;10;38;3;1;;;;52;5;47;5;2;;;;59;111
"097049";"Missaglia";66;11;44;4;2;;;;61;9;34;7;8;;;;58;119
"097049";"Missaglia";67;10;37;3;2;;;;52;5;46;1;8;;;;60;112
"097049";"Missaglia";68;10;39;6;2;;;;57;1;42;7;6;;;;56;113
"097049";"Missaglia";69;7;39;1;2;;;;49;3;36;7;10;;;;56;105
"097049";"Missaglia";70;6;30;1;1;;;;38;2;34;2;4;;;;42;80
"097049";"Missaglia";71;4;46;3;3;;;;56;1;36;2;9;;;;48;104
"097049";"Missaglia";72;6;37;0;1;;;;44;3;46;2;9;;;;60;104
"097049";"Missaglia";73;5;35;2;1;;;;43;1;38;2;7;;;;48;91
"097049";"Missaglia";74;4;39;2;5;;;;50;4;27;1;10;;;;42;92
"097049";"Missaglia";75;3;41;0;4;;;;48;2;38;0;20;;;;60;108
"097049";"Missaglia";76;4;35;1;6;;;;46;3;28;3;22;;;;56;102
"097049";"Missaglia";77;2;38;2;2;;;;44;6;27;1;19;;;;53;97
"097049";"Missaglia";78;3;29;1;4;;;;37;4;36;2;18;;;;60;97
"097049";"Missaglia";79;1;23;0;2;;;;26;0;13;0;20;;;;33;59
"097049";"Missaglia";80;2;21;1;1;;;;25;2;18;1;12;;;;33;58
"097049";"Missaglia";81;1;21;0;4;;;;26;4;19;0;10;;;;33;59
"097049";"Missaglia";82;1;30;1;7;;;;39;2;18;1;14;;;;35;74
"097049";"Missaglia";83;1;27;0;4;;;;32;5;15;0;19;;;;39;71
"097049";"Missaglia";84;3;18;0;2;;;;23;3;11;1;20;;;;35;58
"097049";"Missaglia";85;1;19;0;5;;;;25;7;4;0;16;;;;27;52
"097049";"Missaglia";86;3;22;1;3;;;;29;3;6;2;24;;;;35;64
"097049";"Missaglia";87;1;10;1;5;;;;17;4;5;0;13;;;;22;39
"097049";"Missaglia";88;1;6;0;4;;;;11;8;1;0;12;;;;21;32
"097049";"Missaglia";89;1;4;0;2;;;;7;8;5;1;17;;;;31;38
"097049";"Missaglia";90;2;4;0;1;;;;7;7;0;0;14;;;;21;28
"097049";"Missaglia";91;0;2;0;3;;;;5;4;3;0;11;;;;18;23
"097049";"Missaglia";92;0;2;0;2;;;;4;1;1;0;23;;;;25;29
"097049";"Missaglia";93;0;3;0;0;;;;3;3;0;0;5;;;;8;11
"097049";"Missaglia";94;0;3;0;1;;;;4;2;0;0;0;;;;2;6
"097049";"Missaglia";95;0;0;0;1;;;;1;2;0;0;5;;;;7;8
"097049";"Missaglia";96;0;0;0;2;;;;2;2;0;0;5;;;;7;9
"097049";"Missaglia";97;0;1;0;0;;;;1;1;0;0;3;;;;4;5
"097049";"Missaglia";98;0;0;0;1;;;;1;3;0;0;1;;;;4;5
"097049";"Missaglia";99;0;0;0;1;;;;1;0;0;0;0;;;;0;1
"097049";"Missaglia";100;0;0;0;2;;;;2;0;0;0;3;;;;3;5
"097049";"Missaglia";999;2207;1983;173;106;;;;4469;1854;1999;210;445;;;;4508;8977
"097050";"Moggio";0;1;0;0;0;;;;1;0;0;0;0;;;;0;1
"097050";"Moggio";1;1;0;0;0;;;;1;2;0;0;0;;;;2;3
"097050";"Moggio";2;1;0;0;0;;;;1;0;0;0;0;;;;0;1
"097050";"Moggio";3;0;0;0;0;;;;0;1;0;0;0;;;;1;1
"097050";"Moggio";4;2;0;0;0;;;;2;2;0;0;0;;;;2;4
"097050";"Moggio";5;2;0;0;0;;;;2;0;0;0;0;;;;0;2
"097050";"Moggio";6;1;0;0;0;;;;1;0;0;0;0;;;;0;1
"097050";"Moggio";7;3;0;0;0;;;;3;0;0;0;0;;;;0;3
"097050";"Moggio";8;0;0;0;0;;;;0;3;0;0;0;;;;3;3
"097050";"Moggio";9;1;0;0;0;;;;1;0;0;0;0;;;;0;1
"097050";"Moggio";10;0;0;0;0;;;;0;5;0;0;0;;;;5;5
"097050";"Moggio";11;1;0;0;0;;;;1;2;0;0;0;;;;2;3
"097050";"Moggio";12;3;0;0;0;;;;3;4;0;0;0;;;;4;7
"097050";"Moggio";13;2;0;0;0;;;;2;1;0;0;0;;;;1;3
"097050";"Moggio";14;1;0;0;0;;;;1;2;0;0;0;;;;2;3
"097050";"Moggio";15;3;0;0;0;;;;3;4;0;0;0;;;;4;7
"097050";"Moggio";16;2;0;0;0;;;;2;1;0;0;0;;;;1;3
"097050";"Moggio";17;2;0;0;0;;;;2;3;0;0;0;;;;3;5
"097050";"Moggio";18;2;0;0;0;;;;2;1;0;0;0;;;;1;3
"097050";"Moggio";19;3;0;0;0;;;;3;5;0;0;0;;;;5;8
"097050";"Moggio";20;0;0;0;0;;;;0;4;0;0;0;;;;4;4
"097050";"Moggio";21;4;0;0;0;;;;4;0;0;0;0;;;;0;4
"097050";"Moggio";22;1;0;0;0;;;;1;1;0;0;0;;;;1;2
"097050";"Moggio";23;2;0;0;0;;;;2;1;0;0;0;;;;1;3
"097050";"Moggio";24;2;0;0;0;;;;2;0;0;0;0;;;;0;2
"097050";"Moggio";25;0;0;0;0;;;;0;3;0;0;0;;;;3;3
"097050";"Moggio";26;1;0;0;0;;;;1;1;0;0;0;;;;1;2
"097050";"Moggio";27;2;0;0;0;;;;2;3;0;0;0;;;;3;5
"097050";"Moggio";28;3;0;0;0;;;;3;2;0;0;0;;;;2;5
"097050";"Moggio";29;2;0;0;0;;;;2;0;2;0;0;;;;2;4
"097050";"Moggio";30;1;1;0;0;;;;2;2;0;0;0;;;;2;4
"097050";"Moggio";31;3;0;0;0;;;;3;0;2;0;0;;;;2;5
"097050";"Moggio";32;1;0;0;0;;;;1;2;1;0;0;;;;3;4
"097050";"Moggio";33;0;1;0;0;;;;1;0;0;0;0;;;;0;1
"097050";"Moggio";34;1;0;0;0;;;;1;2;1;0;0;;;;3;4
"097050";"Moggio";35;2;2;0;0;;;;4;0;1;0;0;;;;1;5
"097050";"Moggio";36;0;0;0;0;;;;0;1;1;0;0;;;;2;2
"097050";"Moggio";37;2;1;0;0;;;;3;2;0;0;0;;;;2;5
"097050";"Moggio";38;0;0;0;0;;;;0;2;0;0;0;;;;2;2
"097050";"Moggio";39;1;0;1;0;;;;2;0;2;0;0;;;;2;4
"097050";"Moggio";40;4;0;0;0;;;;4;0;0;0;0;;;;0;4
"097050";"Moggio";41;0;1;0;0;;;;1;0;1;0;0;;;;1;2
"097050";"Moggio";42;0;2;0;0;;;;2;2;1;0;0;;;;3;5
"097050";"Moggio";43;1;1;0;0;;;;2;1;0;0;0;;;;1;3
"097050";"Moggio";44;3;2;0;0;;;;5;1;1;0;0;;;;2;7
"097050";"Moggio";45;2;0;0;0;;;;2;0;3;0;0;;;;3;5
"097050";"Moggio";46;2;1;0;0;;;;3;0;0;0;0;;;;0;3
"097050";"Moggio";47;0;1;0;0;;;;1;0;3;1;0;;;;4;5
"097050";"Moggio";48;1;1;0;0;;;;2;0;6;0;0;;;;6;8
"097050";"Moggio";49;3;1;0;0;;;;4;2;4;0;0;;;;6;10
"097050";"Moggio";50;2;10;0;0;;;;12;0;5;0;0;;;;5;17
"097050";"Moggio";51;3;1;0;0;;;;4;0;4;0;0;;;;4;8
"097050";"Moggio";52;0;6;1;0;;;;7;0;3;0;0;;;;3;10
"097050";"Moggio";53;0;3;0;0;;;;3;1;6;1;0;;;;8;11
"097050";"Moggio";54;3;3;1;0;;;;7;0;3;1;0;;;;4;11
"097050";"Moggio";55;1;5;0;0;;;;6;1;5;0;1;;;;7;13
"097050";"Moggio";56;3;3;0;0;;;;6;0;4;0;0;;;;4;10
"097050";"Moggio";57;0;4;0;0;;;;4;1;1;0;1;;;;3;7
"097050";"Moggio";58;1;8;1;0;;;;10;4;3;1;1;;;;9;19
"097050";"Moggio";59;1;5;1;0;;;;7;2;5;2;0;;;;9;16
"097050";"Moggio";60;1;4;1;0;;;;6;0;5;0;0;;;;5;11
"097050";"Moggio";61;0;1;1;0;;;;2;0;2;0;0;;;;2;4
"097050";"Moggio";62;1;2;1;0;;;;4;1;5;1;0;;;;7;11
"097050";"Moggio";63;0;7;2;0;;;;9;0;2;0;0;;;;2;11
"097050";"Moggio";64;0;5;0;0;;;;5;0;1;1;1;;;;3;8
"097050";"Moggio";65;0;3;0;0;;;;3;0;3;0;0;;;;3;6
"097050";"Moggio";66;2;2;0;0;;;;4;0;1;1;0;;;;2;6
"097050";"Moggio";67;0;0;0;0;;;;0;0;0;0;0;;;;0;0
"097050";"Moggio";68;1;1;0;0;;;;2;0;2;0;0;;;;2;4
"097050";"Moggio";69;0;2;0;0;;;;2;0;0;0;0;;;;0;2
"097050";"Moggio";70;0;2;0;0;;;;2;0;4;0;0;;;;4;6
"097050";"Moggio";71;0;3;1;0;;;;4;0;1;0;0;;;;1;5
"097050";"Moggio";72;0;4;0;0;;;;4;0;2;1;0;;;;3;7
"097050";"Moggio";73;0;1;0;1;;;;2;0;3;0;2;;;;5;7
"097050";"Moggio";74;0;1;0;0;;;;1;1;3;0;1;;;;5;6
"097050";"Moggio";75;0;1;0;0;;;;1;0;1;0;0;;;;1;2
"097050";"Moggio";76;0;2;0;2;;;;4;0;1;0;0;;;;1;5
"097050";"Moggio";77;0;1;0;0;;;;1;1;4;0;4;;;;9;10
"097050";"Moggio";78;0;0;0;0;;;;0;0;0;0;3;;;;3;3
"097050";"Moggio";79;0;1;0;0;;;;1;0;1;1;3;;;;5;6
"097050";"Moggio";80;0;2;0;0;;;;2;0;2;0;1;;;;3;5
"097050";"Moggio";81;0;4;0;0;;;;4;0;0;0;0;;;;0;4
"097050";"Moggio";82;0;1;0;2;;;;3;0;1;0;0;;;;1;4
"097050";"Moggio";83;0;3;0;1;;;;4;0;4;0;2;;;;6;10
"097050";"Moggio";84;1;1;0;0;;;;2;0;0;0;1;;;;1;3
"097050";"Moggio";85;1;4;0;0;;;;5;0;1;0;3;;;;4;9
"097050";"Moggio";86;1;0;0;0;;;;1;0;0;0;1;;;;1;2
"097050";"Moggio";87;0;1;0;0;;;;1;0;0;0;2;;;;2;3
"097050";"Moggio";88;1;2;0;1;;;;4;0;0;0;0;;;;0;4
"097050";"Moggio";89;0;0;0;0;;;;0;0;0;0;1;;;;1;1
"097050";"Moggio";90;0;0;0;0;;;;0;0;0;0;3;;;;3;3
"097050";"Moggio";91;0;0;0;1;;;;1;0;1;0;1;;;;2;3
"097050";"Moggio";92;1;0;0;0;;;;1;0;0;0;2;;;;2;3
"097050";"Moggio";93;0;1;0;0;;;;1;0;0;0;1;;;;1;2
"097050";"Moggio";94;1;0;0;0;;;;1;0;0;0;0;;;;0;1
"097050";"Moggio";95;0;0;0;0;;;;0;0;0;0;0;;;;0;0
"097050";"Moggio";96;0;0;0;0;;;;0;0;0;0;0;;;;0;0
"097050";"Moggio";97;0;0;0;0;;;;0;0;0;0;0;;;;0;0
"097050";"Moggio";98;0;0;0;0;;;;0;0;0;0;0;;;;0;0
"097050";"Moggio";99;0;0;0;0;;;;0;0;0;0;0;;;;0;0
"097050";"Moggio";100;0;0;0;0;;;;0;0;0;0;0;;;;0;0
"097050";"Moggio";999;100;125;11;8;;;;244;80;118;11;35;;;;244;488
"097051";"Molteno";0;9;0;0;0;;;;9;6;0;0;0;;;;6;15
"097051";"Molteno";1;11;0;0;0;;;;11;15;0;0;0;;;;15;26
"097051";"Molteno";2;6;0;0;0;;;;6;7;0;0;0;;;;7;13
"097051";"Molteno";3;13;0;0;0;;;;13;10;0;0;0;;;;10;23
"097051";"Molteno";4;11;0;0;0;;;;11;14;0;0;0;;;;14;25
"097051";"Molteno";5;11;0;0;0;;;;11;16;0;0;0;;;;16;27
"097051";"Molteno";6;20;0;0;0;;;;20;14;0;0;0;;;;14;34
"097051";"Molteno";7;19;0;0;0;;;;19;11;0;0;0;;;;11;30
"097051";"Molteno";8;17;0;0;0;;;;17;15;0;0;0;;;;15;32
"097051";"Molteno";9;30;0;0;0;;;;30;13;0;0;0;;;;13;43
"097051";"Molteno";10;20;0;0;0;;;;20;19;0;0;0;;;;19;39
"097051";"Molteno";11;16;0;0;0;;;;16;14;0;0;0;;;;14;30
"097051";"Molteno";12;25;0;0;0;;;;25;10;0;0;0;;;;10;35
"097051";"Molteno";13;23;0;0;0;;;;23;15;0;0;0;;;;15;38
"097051";"Molteno";14;21;0;0;0;;;;21;13;0;0;0;;;;13;34
"097051";"Molteno";15;21;0;0;0;;;;21;23;0;0;0;;;;23;44
"097051";"Molteno";16;19;0;0;0;;;;19;22;0;0;0;;;;22;41
"097051";"Molteno";17;22;0;0;0;;;;22;25;0;0;0;;;;25;47
"097051";"Molteno";18;21;0;0;0;;;;21;16;0;0;0;;;;16;37
"097051";"Molteno";19;26;0;0;0;;;;26;15;1;0;0;;;;16;42
"097051";"Molteno";20;17;0;0;0;;;;17;16;0;0;0;;;;16;33
"097051";"Molteno";21;17;0;0;0;;;;17;22;0;0;0;;;;22;39
"097051";"Molteno";22;21;0;0;0;;;;21;22;0;0;0;;;;22;43
"097051";"Molteno";23;22;0;0;0;;;;22;19;0;0;0;;;;19;41
"097051";"Molteno";24;11;0;0;0;;;;11;14;1;0;0;;;;15;26
"097051";"Molteno";25;23;0;0;0;;;;23;19;2;0;0;;;;21;44
"097051";"Molteno";26;16;0;0;0;;;;16;16;3;0;0;;;;19;35
"097051";"Molteno";27;22;0;0;0;;;;22;16;0;0;0;;;;16;38
"097051";"Molteno";28;15;0;0;0;;;;15;12;3;0;0;;;;15;30
"097051";"Molteno";29;10;1;0;0;;;;11;9;3;1;0;;;;13;24
"097051";"Molteno";30;20;1;0;0;;;;21;10;5;0;0;;;;15;36
"097051";"Molteno";31;19;2;0;0;;;;21;15;7;0;0;;;;22;43
"097051";"Molteno";32;9;4;0;0;;;;13;11;4;0;0;;;;15;28
"097051";"Molteno";33;12;2;0;0;;;;14;5;8;0;0;;;;13;27
"097051";"Molteno";34;17;3;0;0;;;;20;8;5;0;0;;;;13;33
"097051";"Molteno";35;10;4;0;0;;;;14;9;8;0;0;;;;17;31
"097051";"Molteno";36;8;9;0;0;;;;17;6;9;1;0;;;;16;33
"097051";"Molteno";37;8;4;0;0;;;;12;6;13;0;0;;;;19;31
"097051";"Molteno";38;9;9;1;0;;;;19;4;10;0;0;;;;14;33
"097051";"Molteno";39;3;14;0;0;;;;17;5;12;0;0;;;;17;34
"097051";"Molteno";40;7;9;0;0;;;;16;7;13;2;0;;;;22;38
"097051";"Molteno";41;8;10;1;0;;;;19;5;14;0;0;;;;19;38
"097051";"Molteno";42;11;12;1;0;;;;24;7;14;1;0;;;;22;46
"097051";"Molteno";43;13;16;1;0;;;;30;7;16;2;0;;;;25;55
"097051";"Molteno";44;6;14;0;0;;;;20;5;21;2;0;;;;28;48
"097051";"Molteno";45;8;22;2;0;;;;32;2;10;0;0;;;;12;44
"097051";"Molteno";46;8;17;0;0;;;;25;4;19;2;0;;;;25;50
"097051";"Molteno";47;12;12;1;0;;;;25;9;25;0;0;;;;34;59
"097051";"Molteno";48;17;21;3;0;;;;41;5;21;0;0;;;;26;67
"097051";"Molteno";49;19;20;1;1;;;;41;3;24;3;1;;;;31;72
"097051";"Molteno";50;9;16;4;0;;;;29;4;32;1;0;;;;37;66
"097051";"Molteno";51;9;20;1;0;;;;30;5;23;5;0;;;;33;63
"097051";"Molteno";52;13;26;3;0;;;;42;1;28;7;0;;;;36;78
"097051";"Molteno";53;7;30;4;0;;;;41;3;24;1;1;;;;29;70
"097051";"Molteno";54;5;26;1;0;;;;32;5;23;4;0;;;;32;64
"097051";"Molteno";55;2;28;4;1;;;;35;3;26;3;1;;;;33;68
"097051";"Molteno";56;4;17;0;0;;;;21;3;24;2;1;;;;30;51
"097051";"Molteno";57;5;19;1;0;;;;25;1;23;2;0;;;;26;51
"097051";"Molteno";58;6;31;0;0;;;;37;2;27;4;1;;;;34;71
"097051";"Molteno";59;8;33;2;0;;;;43;8;29;0;2;;;;39;82
"097051";"Molteno";60;5;16;0;0;;;;21;3;15;5;3;;;;26;47
"097051";"Molteno";61;8;22;1;1;;;;32;0;18;1;0;;;;19;51
"097051";"Molteno";62;7;31;2;0;;;;40;2;18;1;2;;;;23;63
"097051";"Molteno";63;3;19;0;0;;;;22;5;15;3;3;;;;26;48
"097051";"Molteno";64;1;25;1;2;;;;29;5;14;0;1;;;;20;49
"097051";"Molteno";65;1;13;2;0;;;;16;1;20;1;0;;;;22;38
"097051";"Molteno";66;3;12;2;0;;;;17;4;17;0;3;;;;24;41
"097051";"Molteno";67;3;14;1;0;;;;18;0;15;0;3;;;;18;36
"097051";"Molteno";68;3;15;0;2;;;;20;4;12;1;2;;;;19;39
"097051";"Molteno";69;1;16;1;2;;;;20;2;9;2;4;;;;17;37
"097051";"Molteno";70;2;11;0;1;;;;14;1;9;2;4;;;;16;30
"097051";"Molteno";71;1;4;1;0;;;;6;1;9;1;4;;;;15;21
"097051";"Molteno";72;1;22;0;1;;;;24;0;10;1;3;;;;14;38
"097051";"Molteno";73;1;11;0;1;;;;13;1;7;1;7;;;;16;29
"097051";"Molteno";74;2;8;0;2;;;;12;0;10;0;6;;;;16;28
"097051";"Molteno";75;1;13;0;2;;;;16;3;7;0;7;;;;17;33
"097051";"Molteno";76;0;11;0;1;;;;12;1;9;0;11;;;;21;33
"097051";"Molteno";77;0;11;0;2;;;;13;2;10;0;11;;;;23;36
"097051";"Molteno";78;2;13;0;0;;;;15;1;8;0;8;;;;17;32
"097051";"Molteno";79;0;7;0;0;;;;7;0;7;0;3;;;;10;17
"097051";"Molteno";80;1;6;0;1;;;;8;4;6;0;7;;;;17;25
"097051";"Molteno";81;1;5;0;2;;;;8;0;5;0;4;;;;9;17
"097051";"Molteno";82;1;4;1;3;;;;9;1;4;0;7;;;;12;21
"097051";"Molteno";83;0;8;0;3;;;;11;2;3;0;11;;;;16;27
"097051";"Molteno";84;1;7;0;1;;;;9;1;4;0;7;;;;12;21
"097051";"Molteno";85;0;7;0;1;;;;8;1;4;0;11;;;;16;24
"097051";"Molteno";86;1;6;0;1;;;;8;1;2;0;13;;;;16;24
"097051";"Molteno";87;0;5;0;2;;;;7;1;0;0;3;;;;4;11
"097051";"Molteno";88;2;4;0;4;;;;10;0;2;0;11;;;;13;23
"097051";"Molteno";89;0;1;0;0;;;;1;1;0;0;7;;;;8;9
"097051";"Molteno";90;0;1;0;1;;;;2;0;0;0;10;;;;10;12
"097051";"Molteno";91;0;1;0;2;;;;3;1;1;0;4;;;;6;9
"097051";"Molteno";92;0;1;0;3;;;;4;1;2;0;7;;;;10;14
"097051";"Molteno";93;0;1;0;0;;;;1;0;0;0;5;;;;5;6
"097051";"Molteno";94;0;0;0;0;;;;0;0;0;0;1;;;;1;1
"097051";"Molteno";95;0;0;0;0;;;;0;0;0;0;4;;;;4;4
"097051";"Molteno";96;0;0;0;1;;;;1;0;0;0;2;;;;2;3
"097051";"Molteno";97;0;0;0;1;;;;1;0;0;0;0;;;;0;1
"097051";"Molteno";98;0;0;0;0;;;;0;0;0;0;0;;;;0;0
"097051";"Molteno";99;0;0;0;0;;;;0;0;0;0;0;;;;0;0
"097051";"Molteno";100;0;0;0;0;;;;0;1;0;0;0;;;;1;1
"097051";"Molteno";999;879;803;43;45;;;;1770;677;802;62;206;;;;1747;3517
"097052";"Monte Marenzo";0;2;0;0;0;;;;2;3;0;0;0;;;;3;5
"097052";"Monte Marenzo";1;7;0;0;0;;;;7;8;0;0;0;;;;8;15
"097052";"Monte Marenzo";2;6;0;0;0;;;;6;4;0;0;0;;;;4;10
"097052";"Monte Marenzo";3;7;0;0;0;;;;7;6;0;0;0;;;;6;13
"097052";"Monte Marenzo";4;8;0;0;0;;;;8;6;0;0;0;;;;6;14
"097052";"Monte Marenzo";5;10;0;0;0;;;;10;9;0;0;0;;;;9;19
"097052";"Monte Marenzo";6;4;0;0;0;;;;4;6;0;0;0;;;;6;10
"097052";"Monte Marenzo";7;5;0;0;0;;;;5;5;0;0;0;;;;5;10
"097052";"Monte Marenzo";8;8;0;0;0;;;;8;9;0;0;0;;;;9;17
"097052";"Monte Marenzo";9;10;0;0;0;;;;10;5;0;0;0;;;;5;15
"097052";"Monte Marenzo";10;6;0;0;0;;;;6;7;0;0;0;;;;7;13
"097052";"Monte Marenzo";11;1;0;0;0;;;;1;7;0;0;0;;;;7;8
"097052";"Monte Marenzo";12;2;0;0;0;;;;2;10;0;0;0;;;;10;12
"097052";"Monte Marenzo";13;4;0;0;0;;;;4;6;0;0;0;;;;6;10
"097052";"Monte Marenzo";14;14;0;0;0;;;;14;4;0;0;0;;;;4;18
"097052";"Monte Marenzo";15;11;0;0;0;;;;11;4;0;0;0;;;;4;15
"097052";"Monte Marenzo";16;6;0;0;0;;;;6;9;0;0;0;;;;9;15
"097052";"Monte Marenzo";17;8;0;0;0;;;;8;9;0;0;0;;;;9;17
"097052";"Monte Marenzo";18;10;0;0;0;;;;10;6;0;0;0;;;;6;16
"097052";"Monte Marenzo";19;11;0;0;0;;;;11;7;0;0;0;;;;7;18
"097052";"Monte Marenzo";20;12;0;0;0;;;;12;8;0;0;0;;;;8;20
"097052";"Monte Marenzo";21;11;0;0;0;;;;11;19;0;0;0;;;;19;30
"097052";"Monte Marenzo";22;12;0;0;0;;;;12;12;0;0;0;;;;12;24
"097052";"Monte Marenzo";23;15;0;0;0;;;;15;17;0;0;0;;;;17;32
"097052";"Monte Marenzo";24;9;0;0;0;;;;9;8;0;0;0;;;;8;17
"097052";"Monte Marenzo";25;16;0;0;0;;;;16;11;0;0;0;;;;11;27
"097052";"Monte Marenzo";26;11;0;0;0;;;;11;11;0;0;0;;;;11;22
"097052";"Monte Marenzo";27;11;0;0;0;;;;11;12;1;0;0;;;;13;24
"097052";"Monte Marenzo";28;14;0;0;0;;;;14;9;2;0;0;;;;11;25
"097052";"Monte Marenzo";29;5;1;0;0;;;;6;6;2;0;0;;;;8;14
"097052";"Monte Marenzo";30;11;1;0;0;;;;12;8;2;0;0;;;;10;22
"097052";"Monte Marenzo";31;8;1;0;0;;;;9;11;3;0;0;;;;14;23
"097052";"Monte Marenzo";32;7;0;0;0;;;;7;3;2;0;0;;;;5;12
"097052";"Monte Marenzo";33;2;1;0;0;;;;3;4;3;0;0;;;;7;10
"097052";"Monte Marenzo";34;6;2;0;0;;;;8;4;3;0;0;;;;7;15
"097052";"Monte Marenzo";35;8;2;0;0;;;;10;7;3;0;0;;;;10;20
"097052";"Monte Marenzo";36;5;2;0;0;;;;7;3;4;1;0;;;;8;15
"097052";"Monte Marenzo";37;2;2;0;0;;;;4;8;2;0;0;;;;10;14
"097052";"Monte Marenzo";38;3;5;0;0;;;;8;5;2;1;0;;;;8;16
"097052";"Monte Marenzo";39;9;2;0;0;;;;11;1;1;0;0;;;;2;13
"097052";"Monte Marenzo";40;3;5;0;0;;;;8;7;7;0;0;;;;14;22
"097052";"Monte Marenzo";41;5;0;0;0;;;;5;4;1;1;0;;;;6;11
"097052";"Monte Marenzo";42;9;3;1;0;;;;13;2;6;1;0;;;;9;22
"097052";"Monte Marenzo";43;6;4;0;0;;;;10;4;6;0;0;;;;10;20
"097052";"Monte Marenzo";44;6;6;0;0;;;;12;1;5;0;0;;;;6;18
"097052";"Monte Marenzo";45;4;12;0;0;;;;16;2;9;0;0;;;;11;27
"097052";"Monte Marenzo";46;4;6;1;0;;;;11;4;1;1;0;;;;6;17
"097052";"Monte Marenzo";47;7;3;1;0;;;;11;5;10;1;0;;;;16;27
"097052";"Monte Marenzo";48;7;4;0;0;;;;11;4;7;0;0;;;;11;22
"097052";"Monte Marenzo";49;3;7;1;0;;;;11;2;11;1;0;;;;14;25
"097052";"Monte Marenzo";50;2;8;0;2;;;;12;6;9;1;0;;;;16;28
"097052";"Monte Marenzo";51;4;6;1;0;;;;11;3;9;3;1;;;;16;27
"097052";"Monte Marenzo";52;3;13;1;0;;;;17;1;10;0;1;;;;12;29
"097052";"Monte Marenzo";53;3;10;0;0;;;;13;5;12;0;0;;;;17;30
"097052";"Monte Marenzo";54;2;9;0;0;;;;11;1;13;2;0;;;;16;27
"097052";"Monte Marenzo";55;2;9;0;0;;;;11;1;12;1;1;;;;15;26
"097052";"Monte Marenzo";56;5;18;0;0;;;;23;1;10;1;0;;;;12;35
"097052";"Monte Marenzo";57;4;10;3;0;;;;17;2;13;0;2;;;;17;34
"097052";"Monte Marenzo";58;4;8;0;0;;;;12;1;14;1;1;;;;17;29
"097052";"Monte Marenzo";59;2;15;0;1;;;;18;3;21;0;0;;;;24;42
"097052";"Monte Marenzo";60;3;15;3;0;;;;21;1;10;1;1;;;;13;34
"097052";"Monte Marenzo";61;0;12;2;1;;;;15;2;16;1;0;;;;19;34
"097052";"Monte Marenzo";62;2;17;1;0;;;;20;1;20;1;1;;;;23;43
"097052";"Monte Marenzo";63;2;12;1;1;;;;16;0;12;3;0;;;;15;31
"097052";"Monte Marenzo";64;1;9;0;0;;;;10;0;10;0;2;;;;12;22
"097052";"Monte Marenzo";65;3;16;1;1;;;;21;1;10;0;2;;;;13;34
"097052";"Monte Marenzo";66;0;10;0;0;;;;10;0;14;1;5;;;;20;30
"097052";"Monte Marenzo";67;2;15;1;0;;;;18;1;12;1;1;;;;15;33
"097052";"Monte Marenzo";68;1;15;2;0;;;;18;1;6;0;1;;;;8;26
"097052";"Monte Marenzo";69;2;9;0;1;;;;12;0;8;0;3;;;;11;23
"097052";"Monte Marenzo";70;0;13;0;1;;;;14;1;7;0;1;;;;9;23
"097052";"Monte Marenzo";71;1;5;0;1;;;;7;0;4;0;1;;;;5;12
"097052";"Monte Marenzo";72;0;8;0;0;;;;8;2;6;0;2;;;;10;18
"097052";"Monte Marenzo";73;0;10;0;0;;;;10;1;7;0;3;;;;11;21
"097052";"Monte Marenzo";74;2;7;1;2;;;;12;0;6;1;1;;;;8;20
"097052";"Monte Marenzo";75;0;11;0;0;;;;11;0;7;0;2;;;;9;20
"097052";"Monte Marenzo";76;1;7;0;1;;;;9;0;10;0;2;;;;12;21
"097052";"Monte Marenzo";77;1;7;0;1;;;;9;0;6;0;2;;;;8;17
"097052";"Monte Marenzo";78;1;13;0;1;;;;15;0;3;0;4;;;;7;22
"097052";"Monte Marenzo";79;1;4;0;0;;;;5;0;4;0;3;;;;7;12
"097052";"Monte Marenzo";80;0;2;0;1;;;;3;0;2;0;2;;;;4;7
"097052";"Monte Marenzo";81;1;8;0;0;;;;9;0;1;0;3;;;;4;13
"097052";"Monte Marenzo";82;0;6;0;1;;;;7;0;3;0;7;;;;10;17
"097052";"Monte Marenzo";83;0;3;0;0;;;;3;0;2;2;3;;;;7;10
"097052";"Monte Marenzo";84;0;4;0;2;;;;6;0;2;0;5;;;;7;13
"097052";"Monte Marenzo";85;0;1;0;0;;;;1;0;1;0;5;;;;6;7
"097052";"Monte Marenzo";86;0;1;0;1;;;;2;0;1;0;5;;;;6;8
"097052";"Monte Marenzo";87;0;1;0;0;;;;1;0;2;0;7;;;;9;10
"097052";"Monte Marenzo";88;0;1;0;1;;;;2;0;1;0;2;;;;3;5
"097052";"Monte Marenzo";89;0;2;0;0;;;;2;0;0;0;5;;;;5;7
"097052";"Monte Marenzo";90;0;0;0;0;;;;0;0;0;0;1;;;;1;1
"097052";"Monte Marenzo";91;0;1;0;0;;;;1;0;1;0;0;;;;1;2
"097052";"Monte Marenzo";92;0;0;0;0;;;;0;0;0;0;1;;;;1;1
"097052";"Monte Marenzo";93;0;0;0;0;;;;0;0;0;0;0;;;;0;0
"097052";"Monte Marenzo";94;0;0;0;0;;;;0;0;0;0;0;;;;0;0
"097052";"Monte Marenzo";95;0;0;0;0;;;;0;0;0;0;2;;;;2;2
"097052";"Monte Marenzo";96;0;0;0;0;;;;0;0;0;0;0;;;;0;0
"097052";"Monte Marenzo";97;0;0;0;0;;;;0;0;0;0;0;;;;0;0
"097052";"Monte Marenzo";98;0;0;0;0;;;;0;0;0;0;0;;;;0;0
"097052";"Monte Marenzo";99;0;0;0;0;;;;0;0;0;0;1;;;;1;1
"097052";"Monte Marenzo";100;0;0;0;0;;;;0;0;0;0;0;;;;0;0
"097052";"Monte Marenzo";999;426;420;21;20;;;;887;367;410;27;92;;;;896;1783
"097053";"Montevecchia";0;8;0;0;0;;;;8;7;0;0;0;;;;7;15
"097053";"Montevecchia";1;3;0;0;0;;;;3;10;0;0;0;;;;10;13
"097053";"Montevecchia";2;12;0;0;0;;;;12;5;0;0;0;;;;5;17
"097053";"Montevecchia";3;11;0;0;0;;;;11;8;0;0;0;;;;8;19
"097053";"Montevecchia";4;12;0;0;0;;;;12;10;0;0;0;;;;10;22
"097053";"Montevecchia";5;12;0;0;0;;;;12;15;0;0;0;;;;15;27
"097053";"Montevecchia";6;6;0;0;0;;;;6;7;0;0;0;;;;7;13
"097053";"Montevecchia";7;15;0;0;0;;;;15;10;0;0;0;;;;10;25
"097053";"Montevecchia";8;10;0;0;0;;;;10;18;0;0;0;;;;18;28
"097053";"Montevecchia";9;17;0;0;0;;;;17;11;0;0;0;;;;11;28
"097053";"Montevecchia";10;12;0;0;0;;;;12;14;0;0;0;;;;14;26
"097053";"Montevecchia";11;13;0;0;0;;;;13;7;0;0;0;;;;7;20
"097053";"Montevecchia";12;20;0;0;0;;;;20;11;0;0;0;;;;11;31
"097053";"Montevecchia";13;19;0;0;0;;;;19;10;0;0;0;;;;10;29
"097053";"Montevecchia";14;15;0;0;0;;;;15;8;0;0;0;;;;8;23
"097053";"Montevecchia";15;10;0;0;0;;;;10;9;0;0;0;;;;9;19
"097053";"Montevecchia";16;12;0;0;0;;;;12;10;0;0;0;;;;10;22
"097053";"Montevecchia";17;11;0;0;0;;;;11;13;0;0;0;;;;13;24
"097053";"Montevecchia";18;12;0;0;0;;;;12;16;0;0;0;;;;16;28
"097053";"Montevecchia";19;9;0;0;0;;;;9;13;0;0;0;;;;13;22
"097053";"Montevecchia";20;19;0;0;0;;;;19;11;0;0;0;;;;11;30
"097053";"Montevecchia";21;9;0;0;0;;;;9;11;0;0;0;;;;11;20
"097053";"Montevecchia";22;7;0;0;0;;;;7;15;0;0;0;;;;15;22
"097053";"Montevecchia";23;11;0;0;0;;;;11;8;0;0;0;;;;8;19
"097053";"Montevecchia";24;16;0;0;0;;;;16;18;0;0;0;;;;18;34
"097053";"Montevecchia";25;11;0;0;0;;;;11;15;1;0;0;;;;16;27
"097053";"Montevecchia";26;10;1;0;0;;;;11;13;0;0;0;;;;13;24
"097053";"Montevecchia";27;17;0;0;0;;;;17;19;2;0;0;;;;21;38
"097053";"Montevecchia";28;21;0;0;0;;;;21;7;2;0;0;;;;9;30
"097053";"Montevecchia";29;18;1;0;0;;;;19;9;0;0;0;;;;9;28
"097053";"Montevecchia";30;12;2;0;0;;;;14;13;3;0;0;;;;16;30
"097053";"Montevecchia";31;9;3;0;0;;;;12;10;3;0;0;;;;13;25
"097053";"Montevecchia";32;10;1;0;0;;;;11;7;4;0;0;;;;11;22
"097053";"Montevecchia";33;8;2;0;0;;;;10;7;7;0;0;;;;14;24
"097053";"Montevecchia";34;12;4;0;0;;;;16;11;3;0;0;;;;14;30
"097053";"Montevecchia";35;7;6;0;0;;;;13;8;4;1;0;;;;13;26
"097053";"Montevecchia";36;8;1;0;0;;;;9;8;11;0;0;;;;19;28
"097053";"Montevecchia";37;4;6;0;0;;;;10;14;6;2;0;;;;22;32
"097053";"Montevecchia";38;10;7;0;0;;;;17;4;9;1;0;;;;14;31
"097053";"Montevecchia";39;6;9;0;0;;;;15;3;10;0;0;;;;13;28
"097053";"Montevecchia";40;10;8;1;0;;;;19;2;11;1;0;;;;14;33
"097053";"Montevecchia";41;9;8;1;0;;;;18;7;8;0;0;;;;15;33
"097053";"Montevecchia";42;8;10;1;0;;;;19;4;11;0;0;;;;15;34
"097053";"Montevecchia";43;13;9;0;0;;;;22;6;21;0;0;;;;27;49
"097053";"Montevecchia";44;8;17;0;0;;;;25;4;12;2;0;;;;18;43
"097053";"Montevecchia";45;6;8;0;0;;;;14;8;13;1;0;;;;22;36
"097053";"Montevecchia";46;3;8;1;0;;;;12;6;13;4;0;;;;23;35
"097053";"Montevecchia";47;6;13;0;0;;;;19;5;5;1;0;;;;11;30
"097053";"Montevecchia";48;8;7;1;0;;;;16;5;11;0;0;;;;16;32
"097053";"Montevecchia";49;7;7;0;0;;;;14;5;13;1;0;;;;19;33
"097053";"Montevecchia";50;7;11;1;0;;;;19;5;11;1;0;;;;17;36
"097053";"Montevecchia";51;8;13;2;0;;;;23;5;13;0;0;;;;18;41
"097053";"Montevecchia";52;3;11;0;0;;;;14;5;20;1;1;;;;27;41
"097053";"Montevecchia";53;12;12;1;0;;;;25;7;12;4;0;;;;23;48
"097053";"Montevecchia";54;6;14;2;0;;;;22;7;16;1;2;;;;26;48
"097053";"Montevecchia";55;3;16;3;0;;;;22;4;23;1;0;;;;28;50
"097053";"Montevecchia";56;3;14;2;0;;;;19;3;12;3;0;;;;18;37
"097053";"Montevecchia";57;7;19;5;1;;;;32;4;14;3;0;;;;21;53
"097053";"Montevecchia";58;3;21;3;0;;;;27;2;17;5;0;;;;24;51
"097053";"Montevecchia";59;2;15;1;0;;;;18;4;16;3;1;;;;24;42
"097053";"Montevecchia";60;3;20;2;0;;;;25;2;14;2;1;;;;19;44
"097053";"Montevecchia";61;4;17;1;0;;;;22;1;12;3;0;;;;16;38
"097053";"Montevecchia";62;5;13;2;0;;;;20;1;14;2;1;;;;18;38
"097053";"Montevecchia";63;1;15;1;1;;;;18;1;12;1;0;;;;14;32
"097053";"Montevecchia";64;0;19;0;1;;;;20;1;11;0;0;;;;12;32
"097053";"Montevecchia";65;0;9;1;0;;;;10;3;17;1;2;;;;23;33
"097053";"Montevecchia";66;1;9;0;4;;;;14;0;20;4;2;;;;26;40
"097053";"Montevecchia";67;3;14;0;0;;;;17;4;8;1;1;;;;14;31
"097053";"Montevecchia";68;1;17;0;1;;;;19;1;14;1;1;;;;17;36
"097053";"Montevecchia";69;1;14;2;0;;;;17;0;23;0;3;;;;26;43
"097053";"Montevecchia";70;2;15;1;0;;;;18;1;11;1;0;;;;13;31
"097053";"Montevecchia";71;2;12;1;0;;;;15;1;12;1;0;;;;14;29
"097053";"Montevecchia";72;1;15;1;1;;;;18;0;13;0;1;;;;14;32
"097053";"Montevecchia";73;1;14;0;2;;;;17;2;3;1;4;;;;10;27
"097053";"Montevecchia";74;0;14;1;1;;;;16;0;6;1;2;;;;9;25
"097053";"Montevecchia";75;4;11;1;0;;;;16;2;15;1;7;;;;25;41
"097053";"Montevecchia";76;1;14;0;1;;;;16;1;9;2;3;;;;15;31
"097053";"Montevecchia";77;1;5;1;4;;;;11;1;10;0;7;;;;18;29
"097053";"Montevecchia";78;4;11;0;3;;;;18;0;11;1;6;;;;18;36
"097053";"Montevecchia";79;0;9;0;2;;;;11;0;7;0;2;;;;9;20
"097053";"Montevecchia";80;0;8;1;1;;;;10;0;6;0;3;;;;9;19
"097053";"Montevecchia";81;0;14;0;1;;;;15;1;6;1;7;;;;15;30
"097053";"Montevecchia";82;1;7;0;5;;;;13;1;4;0;6;;;;11;24
"097053";"Montevecchia";83;0;6;0;5;;;;11;0;2;0;3;;;;5;16
"097053";"Montevecchia";84;1;7;0;2;;;;10;1;3;0;7;;;;11;21
"097053";"Montevecchia";85;0;6;1;1;;;;8;0;3;0;8;;;;11;19
"097053";"Montevecchia";86;0;6;0;1;;;;7;0;3;0;4;;;;7;14
"097053";"Montevecchia";87;1;6;0;1;;;;8;0;1;0;5;;;;6;14
"097053";"Montevecchia";88;0;1;0;2;;;;3;0;2;0;3;;;;5;8
"097053";"Montevecchia";89;1;2;0;0;;;;3;1;0;0;3;;;;4;7
"097053";"Montevecchia";90;0;1;0;1;;;;2;0;0;0;2;;;;2;4
"097053";"Montevecchia";91;0;1;0;1;;;;2;0;0;0;1;;;;1;3
"097053";"Montevecchia";92;1;1;0;1;;;;3;1;0;0;0;;;;1;4
"097053";"Montevecchia";93;0;1;0;1;;;;2;0;0;0;2;;;;2;4
"097053";"Montevecchia";94;0;0;0;0;;;;0;0;1;0;1;;;;2;2
"097053";"Montevecchia";95;0;1;0;0;;;;1;0;0;0;1;;;;1;2
"097053";"Montevecchia";96;0;0;0;0;;;;0;0;0;0;1;;;;1;1
"097053";"Montevecchia";97;0;0;0;0;;;;0;0;0;0;0;;;;0;0
"097053";"Montevecchia";98;0;0;0;0;;;;0;0;0;0;0;;;;0;0
"097053";"Montevecchia";99;0;0;0;0;;;;0;0;0;0;0;;;;0;0
"097053";"Montevecchia";100;0;0;0;0;;;;0;0;0;0;1;;;;1;1
"097053";"Montevecchia";999;636;619;42;45;;;;1342;548;610;60;105;;;;1323;2665
"097054";"Monticello Brianza";0;11;0;0;0;;;;11;12;0;0;0;;;;12;23
"097054";"Monticello Brianza";1;13;0;0;0;;;;13;11;0;0;0;;;;11;24
"097054";"Monticello Brianza";2;8;0;0;0;;;;8;10;0;0;0;;;;10;18
"097054";"Monticello Brianza";3;18;0;0;0;;;;18;9;0;0;0;;;;9;27
"097054";"Monticello Brianza";4;10;0;0;0;;;;10;21;0;0;0;;;;21;31
"097054";"Monticello Brianza";5;15;0;0;0;;;;15;13;0;0;0;;;;13;28
"097054";"Monticello Brianza";6;12;0;0;0;;;;12;7;0;0;0;;;;7;19
"097054";"Monticello Brianza";7;23;0;0;0;;;;23;14;0;0;0;;;;14;37
"097054";"Monticello Brianza";8;15;0;0;0;;;;15;12;0;0;0;;;;12;27
"097054";"Monticello Brianza";9;20;0;0;0;;;;20;14;0;0;0;;;;14;34
"097054";"Monticello Brianza";10;14;0;0;0;;;;14;18;0;0;0;;;;18;32
"097054";"Monticello Brianza";11;14;0;0;0;;;;14;20;0;0;0;;;;20;34
"097054";"Monticello Brianza";12;22;0;0;0;;;;22;19;0;0;0;;;;19;41
"097054";"Monticello Brianza";13;25;0;0;0;;;;25;26;0;0;0;;;;26;51
"097054";"Monticello Brianza";14;19;0;0;0;;;;19;21;0;0;0;;;;21;40
"097054";"Monticello Brianza";15;16;0;0;0;;;;16;14;0;0;0;;;;14;30
"097054";"Monticello Brianza";16;21;0;0;0;;;;21;19;0;0;0;;;;19;40
"097054";"Monticello Brianza";17;23;0;0;0;;;;23;15;0;0;0;;;;15;38
"097054";"Monticello Brianza";18;20;0;0;0;;;;20;24;0;0;0;;;;24;44
"097054";"Monticello Brianza";19;24;0;0;0;;;;24;16;0;0;0;;;;16;40
"097054";"Monticello Brianza";20;22;0;0;0;;;;22;18;0;0;0;;;;18;40
"097054";"Monticello Brianza";21;17;0;0;0;;;;17;15;0;0;0;;;;15;32
"097054";"Monticello Brianza";22;18;0;0;0;;;;18;25;0;0;0;;;;25;43
"097054";"Monticello Brianza";23;18;0;0;0;;;;18;21;0;0;0;;;;21;39
"097054";"Monticello Brianza";24;22;0;0;0;;;;22;25;2;0;0;;;;27;49
"097054";"Monticello Brianza";25;16;0;0;0;;;;16;18;1;0;0;;;;19;35
"097054";"Monticello Brianza";26;22;1;0;0;;;;23;17;1;0;0;;;;18;41
"097054";"Monticello Brianza";27;23;0;0;0;;;;23;20;1;0;0;;;;21;44
"097054";"Monticello Brianza";28;20;1;0;0;;;;21;20;2;0;0;;;;22;43
"097054";"Monticello Brianza";29;19;2;0;0;;;;21;15;6;0;0;;;;21;42
"097054";"Monticello Brianza";30;18;1;0;0;;;;19;9;6;1;0;;;;16;35
"097054";"Monticello Brianza";31;13;2;0;0;;;;15;13;6;0;0;;;;19;34
"097054";"Monticello Brianza";32;18;4;0;0;;;;22;6;6;0;0;;;;12;34
"097054";"Monticello Brianza";33;13;6;0;0;;;;19;12;6;0;0;;;;18;37
"097054";"Monticello Brianza";34;18;1;0;0;;;;19;13;5;0;0;;;;18;37
"097054";"Monticello Brianza";35;16;8;0;0;;;;24;10;7;0;0;;;;17;41
"097054";"Monticello Brianza";36;13;3;0;0;;;;16;14;8;0;0;;;;22;38
"097054";"Monticello Brianza";37;12;8;0;0;;;;20;3;10;1;0;;;;14;34
"097054";"Monticello Brianza";38;12;6;0;0;;;;18;10;10;1;0;;;;21;39
"097054";"Monticello Brianza";39;8;8;0;0;;;;16;2;19;0;0;;;;21;37
"097054";"Monticello Brianza";40;11;9;0;0;;;;20;4;12;0;0;;;;16;36
"097054";"Monticello Brianza";41;6;4;0;0;;;;10;8;9;1;0;;;;18;28
"097054";"Monticello Brianza";42;10;11;2;0;;;;23;12;18;2;1;;;;33;56
"097054";"Monticello Brianza";43;7;7;1;0;;;;15;5;16;1;0;;;;22;37
"097054";"Monticello Brianza";44;10;16;1;1;;;;28;4;17;1;0;;;;22;50
"097054";"Monticello Brianza";45;9;12;2;0;;;;23;7;20;0;0;;;;27;50
"097054";"Monticello Brianza";46;6;12;0;0;;;;18;7;16;6;1;;;;30;48
"097054";"Monticello Brianza";47;10;21;2;0;;;;33;6;17;4;0;;;;27;60
"097054";"Monticello Brianza";48;13;20;2;0;;;;35;7;21;3;0;;;;31;66
"097054";"Monticello Brianza";49;13;15;2;0;;;;30;4;15;1;1;;;;21;51
"097054";"Monticello Brianza";50;17;21;1;0;;;;39;7;15;4;0;;;;26;65
"097054";"Monticello Brianza";51;4;22;3;1;;;;30;2;31;1;0;;;;34;64
"097054";"Monticello Brianza";52;11;24;1;0;;;;36;5;24;4;0;;;;33;69
"097054";"Monticello Brianza";53;5;16;2;0;;;;23;5;20;1;0;;;;26;49
"097054";"Monticello Brianza";54;10;37;2;0;;;;49;8;19;2;2;;;;31;80
"097054";"Monticello Brianza";55;12;14;3;0;;;;29;4;28;4;1;;;;37;66
"097054";"Monticello Brianza";56;13;27;2;0;;;;42;6;20;3;2;;;;31;73
"097054";"Monticello Brianza";57;6;26;8;0;;;;40;9;26;3;2;;;;40;80
"097054";"Monticello Brianza";58;3;25;5;1;;;;34;6;33;4;0;;;;43;77
"097054";"Monticello Brianza";59;10;29;1;1;;;;41;5;18;2;0;;;;25;66
"097054";"Monticello Brianza";60;8;20;3;1;;;;32;7;25;3;3;;;;38;70
"097054";"Monticello Brianza";61;2;27;3;1;;;;33;5;23;5;4;;;;37;70
"097054";"Monticello Brianza";62;5;28;2;2;;;;37;2;21;4;5;;;;32;69
"097054";"Monticello Brianza";63;6;24;0;1;;;;31;0;28;1;0;;;;29;60
"097054";"Monticello Brianza";64;5;24;5;0;;;;34;3;19;4;1;;;;27;61
"097054";"Monticello Brianza";65;6;16;1;1;;;;24;3;17;1;1;;;;22;46
"097054";"Monticello Brianza";66;4;18;0;0;;;;22;1;25;0;0;;;;26;48
"097054";"Monticello Brianza";67;4;17;0;0;;;;21;1;15;0;6;;;;22;43
"097054";"Monticello Brianza";68;4;27;1;1;;;;33;2;23;1;2;;;;28;61
"097054";"Monticello Brianza";69;3;16;1;1;;;;21;1;19;2;3;;;;25;46
"097054";"Monticello Brianza";70;3;12;0;1;;;;16;4;26;0;6;;;;36;52
"097054";"Monticello Brianza";71;3;26;1;0;;;;30;1;21;1;5;;;;28;58
"097054";"Monticello Brianza";72;2;18;1;0;;;;21;2;27;1;6;;;;36;57
"097054";"Monticello Brianza";73;3;29;1;1;;;;34;4;16;1;6;;;;27;61
"097054";"Monticello Brianza";74;2;15;0;1;;;;18;2;23;0;7;;;;32;50
"097054";"Monticello Brianza";75;1;24;0;3;;;;28;0;25;0;6;;;;31;59
"097054";"Monticello Brianza";76;1;23;1;4;;;;29;3;22;0;12;;;;37;66
"097054";"Monticello Brianza";77;2;20;0;2;;;;24;3;12;0;11;;;;26;50
"097054";"Monticello Brianza";78;1;25;1;3;;;;30;2;11;0;4;;;;17;47
"097054";"Monticello Brianza";79;0;9;0;4;;;;13;2;10;0;4;;;;16;29
"097054";"Monticello Brianza";80;2;14;0;3;;;;19;2;12;1;9;;;;24;43
"097054";"Monticello Brianza";81;0;8;0;4;;;;12;0;8;1;9;;;;18;30
"097054";"Monticello Brianza";82;0;16;1;0;;;;17;1;4;0;11;;;;16;33
"097054";"Monticello Brianza";83;1;16;0;0;;;;17;0;10;0;8;;;;18;35
"097054";"Monticello Brianza";84;1;11;0;2;;;;14;1;9;0;15;;;;25;39
"097054";"Monticello Brianza";85;1;13;0;6;;;;20;1;4;1;16;;;;22;42
"097054";"Monticello Brianza";86;0;9;0;5;;;;14;3;5;0;15;;;;23;37
"097054";"Monticello Brianza";87;1;9;1;3;;;;14;2;3;0;8;;;;13;27
"097054";"Monticello Brianza";88;0;10;0;3;;;;13;1;4;0;21;;;;26;39
"097054";"Monticello Brianza";89;1;5;0;3;;;;9;4;2;0;8;;;;14;23
"097054";"Monticello Brianza";90;0;4;0;2;;;;6;0;0;0;11;;;;11;17
"097054";"Monticello Brianza";91;1;5;0;1;;;;7;1;0;0;12;;;;13;20
"097054";"Monticello Brianza";92;1;2;0;2;;;;5;0;2;0;7;;;;9;14
"097054";"Monticello Brianza";93;0;2;0;0;;;;2;0;0;0;5;;;;5;7
"097054";"Monticello Brianza";94;0;0;0;0;;;;0;0;0;0;9;;;;9;9
"097054";"Monticello Brianza";95;0;0;0;0;;;;0;0;0;0;2;;;;2;2
"097054";"Monticello Brianza";96;0;0;0;1;;;;1;1;0;0;4;;;;5;6
"097054";"Monticello Brianza";97;0;0;0;0;;;;0;0;0;0;1;;;;1;1
"097054";"Monticello Brianza";98;0;0;0;0;;;;0;0;0;0;2;;;;2;2
"097054";"Monticello Brianza";99;0;0;0;0;;;;0;0;0;0;1;;;;1;1
"097054";"Monticello Brianza";100;0;0;0;1;;;;1;0;0;0;2;;;;2;3
"097054";"Monticello Brianza";999;941;961;63;67;;;;2032;787;962;77;278;;;;2104;4136
"097055";"Morterone";0;0;0;0;0;;;;0;1;0;0;0;;;;1;1
"097055";"Morterone";1;0;0;0;0;;;;0;0;0;0;0;;;;0;0
"097055";"Morterone";2;0;0;0;0;;;;0;0;0;0;0;;;;0;0
"097055";"Morterone";3;0;0;0;0;;;;0;0;0;0;0;;;;0;0
"097055";"Morterone";4;1;0;0;0;;;;1;0;0;0;0;;;;0;1
"097055";"Morterone";5;0;0;0;0;;;;0;0;0;0;0;;;;0;0
"097055";"Morterone";6;1;0;0;0;;;;1;0;0;0;0;;;;0;1
"097055";"Morterone";7;0;0;0;0;;;;0;0;0;0;0;;;;0;0
"097055";"Morterone";8;0;0;0;0;;;;0;0;0;0;0;;;;0;0
"097055";"Morterone";9;0;0;0;0;;;;0;0;0;0;0;;;;0;0
"097055";"Morterone";10;0;0;0;0;;;;0;0;0;0;0;;;;0;0
"097055";"Morterone";11;0;0;0;0;;;;0;0;0;0;0;;;;0;0
"097055";"Morterone";12;0;0;0;0;;;;0;0;0;0;0;;;;0;0
"097055";"Morterone";13;0;0;0;0;;;;0;1;0;0;0;;;;1;1
"097055";"Morterone";14;0;0;0;0;;;;0;0;0;0;0;;;;0;0
"097055";"Morterone";15;0;0;0;0;;;;0;0;0;0;0;;;;0;0
"097055";"Morterone";16;0;0;0;0;;;;0;0;0;0;0;;;;0;0
"097055";"Morterone";17;0;0;0;0;;;;0;0;0;0;0;;;;0;0
"097055";"Morterone";18;1;0;0;0;;;;1;0;0;0;0;;;;0;1
"097055";"Morterone";19;0;0;0;0;;;;0;0;0;0;0;;;;0;0
"097055";"Morterone";20;0;0;0;0;;;;0;0;0;0;0;;;;0;0
"097055";"Morterone";21;0;0;0;0;;;;0;0;0;0;0;;;;0;0
"097055";"Morterone";22;0;0;0;0;;;;0;0;0;0;0;;;;0;0
"097055";"Morterone";23;0;0;0;0;;;;0;1;0;0;0;;;;1;1
"097055";"Morterone";24;0;0;0;0;;;;0;0;0;0;0;;;;0;0
"097055";"Morterone";25;0;0;0;0;;;;0;1;0;0;0;;;;1;1
"097055";"Morterone";26;0;0;0;0;;;;0;0;0;0;0;;;;0;0
"097055";"Morterone";27;0;0;0;0;;;;0;0;0;0;0;;;;0;0
"097055";"Morterone";28;0;0;0;0;;;;0;0;0;0;0;;;;0;0
"097055";"Morterone";29;0;0;0;0;;;;0;0;0;0;0;;;;0;0
"097055";"Morterone";30;0;0;0;0;;;;0;0;0;0;0;;;;0;0
"097055";"Morterone";31;0;0;0;0;;;;0;1;0;0;0;;;;1;1
"097055";"Morterone";32;0;0;0;0;;;;0;0;0;0;0;;;;0;0
"097055";"Morterone";33;0;0;0;0;;;;0;0;0;0;0;;;;0;0
"097055";"Morterone";34;0;0;0;0;;;;0;0;0;0;0;;;;0;0
"097055";"Morterone";35;0;0;0;0;;;;0;0;0;0;0;;;;0;0
"097055";"Morterone";36;0;0;0;0;;;;0;0;0;0;0;;;;0;0
"097055";"Morterone";37;0;0;0;0;;;;0;0;0;0;0;;;;0;0
"097055";"Morterone";38;1;0;0;0;;;;1;0;0;0;0;;;;0;1
"097055";"Morterone";39;0;0;0;0;;;;0;0;0;0;0;;;;0;0
"097055";"Morterone";40;0;0;0;0;;;;0;0;0;0;0;;;;0;0
"097055";"Morterone";41;0;0;0;0;;;;0;0;0;0;0;;;;0;0
"097055";"Morterone";42;0;0;0;0;;;;0;0;0;0;0;;;;0;0
"097055";"Morterone";43;0;0;0;0;;;;0;0;0;0;0;;;;0;0
"097055";"Morterone";44;0;0;0;0;;;;0;0;0;0;0;;;;0;0
"097055";"Morterone";45;0;0;0;0;;;;0;0;0;0;0;;;;0;0
"097055";"Morterone";46;0;0;0;0;;;;0;0;1;0;0;;;;1;1
"097055";"Morterone";47;0;1;0;0;;;;1;0;0;0;0;;;;0;1
"097055";"Morterone";48;0;0;0;0;;;;0;0;0;0;0;;;;0;0
"097055";"Morterone";49;1;0;1;0;;;;2;0;0;0;0;;;;0;2
"097055";"Morterone";50;0;1;0;0;;;;1;0;0;0;0;;;;0;1
"097055";"Morterone";51;0;0;0;0;;;;0;0;0;0;0;;;;0;0
"097055";"Morterone";52;0;0;0;0;;;;0;0;0;0;0;;;;0;0
"097055";"Morterone";53;0;0;0;0;;;;0;1;0;0;0;;;;1;1
"097055";"Morterone";54;0;0;0;0;;;;0;0;0;0;0;;;;0;0
"097055";"Morterone";55;0;0;0;0;;;;0;0;0;0;0;;;;0;0
"097055";"Morterone";56;0;0;0;0;;;;0;0;0;0;0;;;;0;0
"097055";"Morterone";57;0;0;0;0;;;;0;0;0;0;0;;;;0;0
"097055";"Morterone";58;0;0;1;0;;;;1;0;1;0;0;;;;1;2
"097055";"Morterone";59;0;0;0;0;;;;0;0;0;0;0;;;;0;0
"097055";"Morterone";60;0;0;0;0;;;;0;0;0;0;0;;;;0;0
"097055";"Morterone";61;1;0;0;0;;;;1;0;1;0;0;;;;1;2
"097055";"Morterone";62;0;1;0;0;;;;1;0;0;0;0;;;;0;1
"097055";"Morterone";63;0;1;0;0;;;;1;0;0;0;0;;;;0;1
"097055";"Morterone";64;0;0;0;0;;;;0;0;0;0;0;;;;0;0
"097055";"Morterone";65;0;0;0;0;;;;0;0;0;0;0;;;;0;0
"097055";"Morterone";66;1;1;0;0;;;;2;0;0;0;0;;;;0;2
"097055";"Morterone";67;1;0;0;0;;;;1;0;0;0;0;;;;0;1
"097055";"Morterone";68;0;0;0;0;;;;0;0;0;0;0;;;;0;0
"097055";"Morterone";69;0;0;0;0;;;;0;0;0;0;0;;;;0;0
"097055";"Morterone";70;0;0;0;1;;;;1;0;0;0;0;;;;0;1
"097055";"Morterone";71;0;0;0;0;;;;0;0;0;0;0;;;;0;0
"097055";"Morterone";72;0;0;0;0;;;;0;0;1;0;0;;;;1;1
"097055";"Morterone";73;0;0;0;0;;;;0;0;0;0;0;;;;0;0
"097055";"Morterone";74;0;1;0;0;;;;1;0;0;0;0;;;;0;1
"097055";"Morterone";75;0;1;0;0;;;;1;0;0;0;0;;;;0;1
"097055";"Morterone";76;0;0;0;0;;;;0;0;0;0;0;;;;0;0
"097055";"Morterone";77;0;0;0;0;;;;0;0;1;0;0;;;;1;1
"097055";"Morterone";78;0;0;0;0;;;;0;0;1;0;0;;;;1;1
"097055";"Morterone";79;0;0;0;0;;;;0;0;0;0;0;;;;0;0
"097055";"Morterone";80;0;0;0;0;;;;0;0;0;0;0;;;;0;0
"097055";"Morterone";81;0;0;0;0;;;;0;0;0;0;0;;;;0;0
"097055";"Morterone";82;0;0;0;0;;;;0;0;0;0;0;;;;0;0
"097055";"Morterone";83;0;0;0;0;;;;0;0;0;0;0;;;;0;0
"097055";"Morterone";84;1;0;0;0;;;;1;0;0;0;0;;;;0;1
"097055";"Morterone";85;0;0;0;0;;;;0;0;0;0;1;;;;1;1
"097055";"Morterone";86;0;0;0;0;;;;0;0;0;0;0;;;;0;0
"097055";"Morterone";87;0;0;0;0;;;;0;0;0;0;0;;;;0;0
"097055";"Morterone";88;0;0;0;0;;;;0;0;0;0;0;;;;0;0
"097055";"Morterone";89;0;0;0;0;;;;0;0;0;0;0;;;;0;0
"097055";"Morterone";90;0;0;0;0;;;;0;0;0;0;0;;;;0;0
"097055";"Morterone";91;0;0;0;0;;;;0;0;0;0;0;;;;0;0
"097055";"Morterone";92;0;0;0;0;;;;0;0;0;0;0;;;;0;0
"097055";"Morterone";93;0;0;0;0;;;;0;0;0;0;0;;;;0;0
"097055";"Morterone";94;0;0;0;0;;;;0;0;0;0;0;;;;0;0
"097055";"Morterone";95;0;0;0;0;;;;0;0;0;0;0;;;;0;0
"097055";"Morterone";96;0;0;0;0;;;;0;0;0;0;0;;;;0;0
"097055";"Morterone";97;0;0;0;0;;;;0;0;0;0;0;;;;0;0
"097055";"Morterone";98;0;0;0;0;;;;0;0;0;0;0;;;;0;0
"097055";"Morterone";99;0;0;0;0;;;;0;0;0;0;0;;;;0;0
"097055";"Morterone";100;0;0;0;0;;;;0;0;0;0;0;;;;0;0
"097055";"Morterone";999;9;7;2;1;;;;19;6;6;0;1;;;;13;32
"097056";"Nibionno";0;10;0;0;0;;;;10;11;0;0;0;;;;11;21
"097056";"Nibionno";1;15;0;0;0;;;;15;9;0;0;0;;;;9;24
"097056";"Nibionno";2;16;0;0;0;;;;16;8;0;0;0;;;;8;24
"097056";"Nibionno";3;11;0;0;0;;;;11;13;0;0;0;;;;13;24
"097056";"Nibionno";4;16;0;0;0;;;;16;10;0;0;0;;;;10;26
"097056";"Nibionno";5;11;0;0;0;;;;11;17;0;0;0;;;;17;28
"097056";"Nibionno";6;19;0;0;0;;;;19;17;0;0;0;;;;17;36
"097056";"Nibionno";7;22;0;0;0;;;;22;13;0;0;0;;;;13;35
"097056";"Nibionno";8;18;0;0;0;;;;18;15;0;0;0;;;;15;33
"097056";"Nibionno";9;15;0;0;0;;;;15;10;0;0;0;;;;10;25
"097056";"Nibionno";10;15;0;0;0;;;;15;19;0;0;0;;;;19;34
"097056";"Nibionno";11;19;0;0;0;;;;19;9;0;0;0;;;;9;28
"097056";"Nibionno";12;21;0;0;0;;;;21;19;0;0;0;;;;19;40
"097056";"Nibionno";13;22;0;0;0;;;;22;22;0;0;0;;;;22;44
"097056";"Nibionno";14;16;0;0;0;;;;16;22;0;0;0;;;;22;38
"097056";"Nibionno";15;18;0;0;0;;;;18;16;0;0;0;;;;16;34
"097056";"Nibionno";16;24;0;0;0;;;;24;17;0;0;0;;;;17;41
"097056";"Nibionno";17;19;0;0;0;;;;19;23;0;0;0;;;;23;42
"097056";"Nibionno";18;16;0;0;0;;;;16;22;0;0;0;;;;22;38
"097056";"Nibionno";19;12;0;0;0;;;;12;18;0;0;0;;;;18;30
"097056";"Nibionno";20;18;0;0;0;;;;18;18;0;0;0;;;;18;36
"097056";"Nibionno";21;20;0;0;0;;;;20;17;0;0;0;;;;17;37
"097056";"Nibionno";22;19;0;0;0;;;;19;20;0;0;0;;;;20;39
"097056";"Nibionno";23;22;0;0;0;;;;22;19;0;0;0;;;;19;41
"097056";"Nibionno";24;18;0;0;0;;;;18;21;0;0;0;;;;21;39
"097056";"Nibionno";25;12;0;0;0;;;;12;13;1;0;0;;;;14;26
"097056";"Nibionno";26;12;0;0;0;;;;12;12;2;0;0;;;;14;26
"097056";"Nibionno";27;20;1;0;0;;;;21;6;2;0;0;;;;8;29
"097056";"Nibionno";28;18;0;0;0;;;;18;17;7;0;0;;;;24;42
"097056";"Nibionno";29;15;1;0;0;;;;16;15;1;1;0;;;;17;33
"097056";"Nibionno";30;19;4;0;0;;;;23;8;7;0;0;;;;15;38
"097056";"Nibionno";31;21;2;0;0;;;;23;8;12;1;0;;;;21;44
"097056";"Nibionno";32;19;6;0;0;;;;25;8;5;0;0;;;;13;38
"097056";"Nibionno";33;19;7;0;0;;;;26;11;14;0;0;;;;25;51
"097056";"Nibionno";34;7;9;0;0;;;;16;8;9;0;0;;;;17;33
"097056";"Nibionno";35;16;6;0;0;;;;22;14;8;0;0;;;;22;44
"097056";"Nibionno";36;10;12;0;0;;;;22;9;11;0;0;;;;20;42
"097056";"Nibionno";37;11;9;0;0;;;;20;3;10;0;0;;;;13;33
"097056";"Nibionno";38;8;8;0;0;;;;16;3;17;0;0;;;;20;36
"097056";"Nibionno";39;11;11;0;0;;;;22;3;17;0;0;;;;20;42
"097056";"Nibionno";40;2;12;1;0;;;;15;10;15;1;1;;;;27;42
"097056";"Nibionno";41;7;10;0;0;;;;17;3;15;1;0;;;;19;36
"097056";"Nibionno";42;5;12;0;0;;;;17;6;15;3;0;;;;24;41
"097056";"Nibionno";43;11;8;2;0;;;;21;9;14;1;0;;;;24;45
"097056";"Nibionno";44;4;9;2;0;;;;15;9;10;1;0;;;;20;35
"097056";"Nibionno";45;4;16;0;0;;;;20;3;17;0;0;;;;20;40
"097056";"Nibionno";46;8;20;3;0;;;;31;5;18;0;0;;;;23;54
"097056";"Nibionno";47;9;23;1;0;;;;33;3;17;0;1;;;;21;54
"097056";"Nibionno";48;10;17;1;1;;;;29;3;16;3;0;;;;22;51
"097056";"Nibionno";49;5;19;4;1;;;;29;2;24;0;1;;;;27;56
"097056";"Nibionno";50;9;17;1;0;;;;27;6;19;2;0;;;;27;54
"097056";"Nibionno";51;7;20;0;0;;;;27;3;32;6;0;;;;41;68
"097056";"Nibionno";52;5;29;1;0;;;;35;2;21;3;0;;;;26;61
"097056";"Nibionno";53;12;19;1;0;;;;32;4;20;2;0;;;;26;58
"097056";"Nibionno";54;4;24;1;0;;;;29;3;20;3;4;;;;30;59
"097056";"Nibionno";55;4;22;2;0;;;;28;5;18;4;0;;;;27;55
"097056";"Nibionno";56;10;22;1;0;;;;33;4;23;2;1;;;;30;63
"097056";"Nibionno";57;7;20;3;0;;;;30;5;21;3;1;;;;30;60
"097056";"Nibionno";58;5;22;1;0;;;;28;2;31;1;1;;;;35;63
"097056";"Nibionno";59;5;21;1;1;;;;28;1;18;1;0;;;;20;48
"097056";"Nibionno";60;7;24;3;0;;;;34;3;18;1;4;;;;26;60
"097056";"Nibionno";61;9;20;1;0;;;;30;4;22;3;3;;;;32;62
"097056";"Nibionno";62;3;20;1;1;;;;25;2;18;3;1;;;;24;49
"097056";"Nibionno";63;4;11;3;1;;;;19;5;19;1;4;;;;29;48
"097056";"Nibionno";64;3;23;2;0;;;;28;6;13;0;2;;;;21;49
"097056";"Nibionno";65;5;22;1;1;;;;29;2;19;1;2;;;;24;53
"097056";"Nibionno";66;2;13;1;0;;;;16;5;21;1;3;;;;30;46
"097056";"Nibionno";67;6;17;1;0;;;;24;3;10;0;4;;;;17;41
"097056";"Nibionno";68;3;21;0;1;;;;25;2;18;1;4;;;;25;50
"097056";"Nibionno";69;1;16;1;3;;;;21;1;16;0;4;;;;21;42
"097056";"Nibionno";70;2;20;0;0;;;;22;2;21;0;5;;;;28;50
"097056";"Nibionno";71;1;14;0;0;;;;15;0;10;1;5;;;;16;31
"097056";"Nibionno";72;3;14;1;2;;;;20;2;13;0;5;;;;20;40
"097056";"Nibionno";73;0;22;0;0;;;;22;2;10;0;5;;;;17;39
"097056";"Nibionno";74;1;17;1;1;;;;20;2;14;2;2;;;;20;40
"097056";"Nibionno";75;2;16;1;0;;;;19;3;19;0;2;;;;24;43
"097056";"Nibionno";76;0;8;1;0;;;;9;0;9;0;3;;;;12;21
"097056";"Nibionno";77;2;10;0;2;;;;14;3;11;0;8;;;;22;36
"097056";"Nibionno";78;0;12;0;1;;;;13;1;9;1;7;;;;18;31
"097056";"Nibionno";79;0;10;0;6;;;;16;1;4;0;4;;;;9;25
"097056";"Nibionno";80;1;10;1;1;;;;13;0;9;0;3;;;;12;25
"097056";"Nibionno";81;0;11;0;1;;;;12;1;5;0;9;;;;15;27
"097056";"Nibionno";82;0;6;0;2;;;;8;1;7;0;7;;;;15;23
"097056";"Nibionno";83;1;6;0;2;;;;9;4;8;0;8;;;;20;29
"097056";"Nibionno";84;0;8;0;0;;;;8;1;4;0;5;;;;10;18
"097056";"Nibionno";85;2;9;0;5;;;;16;0;1;0;8;;;;9;25
"097056";"Nibionno";86;1;2;0;2;;;;5;2;4;0;7;;;;13;18
"097056";"Nibionno";87;0;4;0;1;;;;5;4;0;0;4;;;;8;13
"097056";"Nibionno";88;1;1;0;2;;;;4;1;1;0;1;;;;3;7
"097056";"Nibionno";89;3;4;0;0;;;;7;1;2;1;7;;;;11;18
"097056";"Nibionno";90;0;3;0;1;;;;4;0;1;0;9;;;;10;14
"097056";"Nibionno";91;0;0;0;1;;;;1;2;4;0;3;;;;9;10
"097056";"Nibionno";92;0;0;0;1;;;;1;1;0;0;5;;;;6;7
"097056";"Nibionno";93;0;5;0;0;;;;5;0;2;0;7;;;;9;14
"097056";"Nibionno";94;0;0;0;1;;;;1;0;2;0;2;;;;4;5
"097056";"Nibionno";95;0;0;0;0;;;;0;0;0;0;2;;;;2;2
"097056";"Nibionno";96;0;0;0;1;;;;1;0;0;0;0;;;;0;1
"097056";"Nibionno";97;0;0;0;0;;;;0;0;0;0;1;;;;1;1
"097056";"Nibionno";98;0;0;0;0;;;;0;0;0;0;1;;;;1;1
"097056";"Nibionno";99;0;0;0;0;;;;0;0;0;0;0;;;;0;0
"097056";"Nibionno";100;0;0;0;0;;;;0;0;0;0;0;;;;0;0
"097056";"Nibionno";999;846;837;45;43;;;;1771;698;851;55;176;;;;1780;3551
"097057";"Oggiono";0;26;0;0;0;;;;26;35;0;0;0;;;;35;61
"097057";"Oggiono";1;17;0;0;0;;;;17;25;0;0;0;;;;25;42
"097057";"Oggiono";2;44;0;0;0;;;;44;38;0;0;0;;;;38;82
"097057";"Oggiono";3;22;0;0;0;;;;22;32;0;0;0;;;;32;54
"097057";"Oggiono";4;41;0;0;0;;;;41;24;0;0;0;;;;24;65
"097057";"Oggiono";5;35;0;0;0;;;;35;41;0;0;0;;;;41;76
"097057";"Oggiono";6;40;0;0;0;;;;40;38;0;0;0;;;;38;78
"097057";"Oggiono";7;39;0;0;0;;;;39;40;0;0;0;;;;40;79
"097057";"Oggiono";8;40;0;0;0;;;;40;47;0;0;0;;;;47;87
"097057";"Oggiono";9;44;0;0;0;;;;44;49;0;0;0;;;;49;93
"097057";"Oggiono";10;38;0;0;0;;;;38;43;0;0;0;;;;43;81
"097057";"Oggiono";11;48;0;0;0;;;;48;41;0;0;0;;;;41;89
"097057";"Oggiono";12;51;0;0;0;;;;51;55;0;0;0;;;;55;106
"097057";"Oggiono";13;51;0;0;0;;;;51;47;0;0;0;;;;47;98
"097057";"Oggiono";14;50;0;0;0;;;;50;42;0;0;0;;;;42;92
"097057";"Oggiono";15;56;0;0;0;;;;56;53;0;0;0;;;;53;109
"097057";"Oggiono";16;55;0;0;0;;;;55;41;0;0;0;;;;41;96
"097057";"Oggiono";17;57;0;0;0;;;;57;45;0;0;0;;;;45;102
"097057";"Oggiono";18;58;0;0;0;;;;58;41;0;0;0;;;;41;99
"097057";"Oggiono";19;58;0;0;0;;;;58;33;0;0;0;;;;33;91
"097057";"Oggiono";20;38;0;0;0;;;;38;49;1;0;0;;;;50;88
"097057";"Oggiono";21;49;0;0;0;;;;49;42;1;0;0;;;;43;92
"097057";"Oggiono";22;39;0;0;0;;;;39;46;1;0;0;;;;47;86
"097057";"Oggiono";23;50;0;0;0;;;;50;33;3;0;0;;;;36;86
"097057";"Oggiono";24;44;1;0;0;;;;45;46;2;0;0;;;;48;93
"097057";"Oggiono";25;39;0;0;0;;;;39;56;4;1;0;;;;61;100
"097057";"Oggiono";26;51;2;0;0;;;;53;31;5;0;0;;;;36;89
"097057";"Oggiono";27;60;1;0;0;;;;61;35;9;1;0;;;;45;106
"097057";"Oggiono";28;43;2;0;0;;;;45;40;10;0;0;;;;50;95
"097057";"Oggiono";29;35;7;0;0;;;;42;30;9;0;0;;;;39;81
"097057";"Oggiono";30;31;9;0;0;;;;40;23;19;1;0;;;;43;83
"097057";"Oggiono";31;41;7;1;0;;;;49;43;11;0;0;;;;54;103
"097057";"Oggiono";32;33;8;0;0;;;;41;16;22;0;0;;;;38;79
"097057";"Oggiono";33;40;10;2;0;;;;52;27;26;0;0;;;;53;105
"097057";"Oggiono";34;37;13;0;0;;;;50;14;28;1;0;;;;43;93
"097057";"Oggiono";35;32;24;0;0;;;;56;27;25;0;0;;;;52;108
"097057";"Oggiono";36;30;16;1;0;;;;47;10;27;2;0;;;;39;86
"097057";"Oggiono";37;23;18;4;0;;;;45;26;21;0;0;;;;47;92
"097057";"Oggiono";38;29;28;2;0;;;;59;12;22;1;0;;;;35;94
"097057";"Oggiono";39;20;25;0;0;;;;45;11;33;3;0;;;;47;92
"097057";"Oggiono";40;21;31;0;0;;;;52;22;38;0;0;;;;60;112
"097057";"Oggiono";41;22;28;1;0;;;;51;16;41;3;0;;;;60;111
"097057";"Oggiono";42;19;32;3;0;;;;54;10;46;2;0;;;;58;112
"097057";"Oggiono";43;27;41;0;0;;;;68;17;44;1;0;;;;62;130
"097057";"Oggiono";44;28;36;1;0;;;;65;15;32;3;0;;;;50;115
"097057";"Oggiono";45;28;33;1;1;;;;63;15;35;6;1;;;;57;120
"097057";"Oggiono";46;29;41;2;0;;;;72;14;40;7;1;;;;62;134
"097057";"Oggiono";47;23;43;4;1;;;;71;11;39;9;2;;;;61;132
"097057";"Oggiono";48;24;48;2;1;;;;75;19;56;7;2;;;;84;159
"097057";"Oggiono";49;28;44;6;1;;;;79;14;60;10;1;;;;85;164
"097057";"Oggiono";50;27;61;4;1;;;;93;7;47;7;2;;;;63;156
"097057";"Oggiono";51;16;39;4;1;;;;60;11;48;6;1;;;;66;126
"097057";"Oggiono";52;30;47;2;0;;;;79;13;53;9;0;;;;75;154
"097057";"Oggiono";53;21;47;5;0;;;;73;13;45;7;2;;;;67;140
"097057";"Oggiono";54;21;52;9;0;;;;82;8;55;4;0;;;;67;149
"097057";"Oggiono";55;16;58;7;1;;;;82;10;51;6;2;;;;69;151
"097057";"Oggiono";56;13;53;1;1;;;;68;8;54;5;0;;;;67;135
"097057";"Oggiono";57;14;59;3;1;;;;77;14;59;5;1;;;;79;156
"097057";"Oggiono";58;16;46;9;0;;;;71;9;55;6;1;;;;71;142
"097057";"Oggiono";59;12;60;4;1;;;;77;7;45;11;3;;;;66;143
"097057";"Oggiono";60;12;56;6;1;;;;75;8;45;7;5;;;;65;140
"097057";"Oggiono";61;8;40;6;2;;;;56;6;41;3;2;;;;52;108
"097057";"Oggiono";62;10;55;2;1;;;;68;9;47;5;5;;;;66;134
"097057";"Oggiono";63;8;53;2;2;;;;65;9;36;7;9;;;;61;126
"097057";"Oggiono";64;10;48;7;0;;;;65;2;49;3;3;;;;57;122
"097057";"Oggiono";65;5;61;4;0;;;;70;6;40;6;4;;;;56;126
"097057";"Oggiono";66;6;50;5;0;;;;61;7;56;6;7;;;;76;137
"097057";"Oggiono";67;7;31;2;4;;;;44;2;41;2;4;;;;49;93
"097057";"Oggiono";68;3;38;2;2;;;;45;6;31;5;7;;;;49;94
"097057";"Oggiono";69;7;49;0;3;;;;59;4;43;2;4;;;;53;112
"097057";"Oggiono";70;6;36;2;3;;;;47;7;29;4;9;;;;49;96
"097057";"Oggiono";71;2;32;0;2;;;;36;2;35;4;14;;;;55;91
"097057";"Oggiono";72;5;30;4;3;;;;42;2;35;5;12;;;;54;96
"097057";"Oggiono";73;4;32;1;2;;;;39;5;38;4;13;;;;60;99
"097057";"Oggiono";74;2;32;0;3;;;;37;6;31;1;16;;;;54;91
"097057";"Oggiono";75;4;48;2;7;;;;61;2;22;0;9;;;;33;94
"097057";"Oggiono";76;6;32;1;3;;;;42;11;39;3;18;;;;71;113
"097057";"Oggiono";77;7;35;0;6;;;;48;6;36;2;12;;;;56;104
"097057";"Oggiono";78;3;45;2;6;;;;56;2;29;2;21;;;;54;110
"097057";"Oggiono";79;1;31;0;0;;;;32;4;24;0;15;;;;43;75
"097057";"Oggiono";80;1;23;0;5;;;;29;4;24;3;16;;;;47;76
"097057";"Oggiono";81;2;28;0;5;;;;35;2;20;0;17;;;;39;74
"097057";"Oggiono";82;4;26;0;4;;;;34;5;15;1;25;;;;46;80
"097057";"Oggiono";83;4;20;0;6;;;;30;3;12;1;37;;;;53;83
"097057";"Oggiono";84;1;24;0;6;;;;31;3;12;1;28;;;;44;75
"097057";"Oggiono";85;5;26;0;2;;;;33;4;10;0;18;;;;32;65
"097057";"Oggiono";86;2;16;0;5;;;;23;0;9;0;20;;;;29;52
"097057";"Oggiono";87;1;12;0;4;;;;17;2;5;0;24;;;;31;48
"097057";"Oggiono";88;1;9;0;6;;;;16;3;5;0;16;;;;24;40
"097057";"Oggiono";89;1;8;0;3;;;;12;3;5;0;15;;;;23;35
"097057";"Oggiono";90;1;5;0;5;;;;11;2;1;0;18;;;;21;32
"097057";"Oggiono";91;0;5;0;3;;;;8;1;1;0;19;;;;21;29
"097057";"Oggiono";92;2;8;0;3;;;;13;1;1;0;13;;;;15;28
"097057";"Oggiono";93;1;4;0;3;;;;8;1;2;0;7;;;;10;18
"097057";"Oggiono";94;0;1;0;0;;;;1;2;0;0;13;;;;15;16
"097057";"Oggiono";95;0;2;0;1;;;;3;0;0;0;4;;;;4;7
"097057";"Oggiono";96;0;1;0;2;;;;3;1;0;0;2;;;;3;6
"097057";"Oggiono";97;1;0;0;4;;;;5;0;0;0;1;;;;1;6
"097057";"Oggiono";98;0;0;0;0;;;;0;0;0;0;4;;;;4;4
"097057";"Oggiono";99;0;0;0;0;;;;0;0;0;0;1;;;;1;1
"097057";"Oggiono";100;0;0;0;0;;;;0;0;1;0;1;;;;2;2
"097057";"Oggiono";999;2212;2122;126;127;;;;4587;1823;2092;201;507;;;;4623;9210
"097058";"Olgiate Molgora";0;25;0;0;0;;;;25;19;0;0;0;;;;19;44
"097058";"Olgiate Molgora";1;25;0;0;0;;;;25;26;0;0;0;;;;26;51
"097058";"Olgiate Molgora";2;16;0;0;0;;;;16;17;0;0;0;;;;17;33
"097058";"Olgiate Molgora";3;24;0;0;0;;;;24;21;0;0;0;;;;21;45
"097058";"Olgiate Molgora";4;24;0;0;0;;;;24;26;0;0;0;;;;26;50
"097058";"Olgiate Molgora";5;26;0;0;0;;;;26;25;0;0;0;;;;25;51
"097058";"Olgiate Molgora";6;30;0;0;0;;;;30;18;0;0;0;;;;18;48
"097058";"Olgiate Molgora";7;27;0;0;0;;;;27;26;0;0;0;;;;26;53
"097058";"Olgiate Molgora";8;32;0;0;0;;;;32;35;0;0;0;;;;35;67
"097058";"Olgiate Molgora";9;43;0;0;0;;;;43;32;0;0;0;;;;32;75
"097058";"Olgiate Molgora";10;18;0;0;0;;;;18;30;0;0;0;;;;30;48
"097058";"Olgiate Molgora";11;25;0;0;0;;;;25;37;0;0;0;;;;37;62
"097058";"Olgiate Molgora";12;29;0;0;0;;;;29;31;0;0;0;;;;31;60
"097058";"Olgiate Molgora";13;33;0;0;0;;;;33;25;0;0;0;;;;25;58
"097058";"Olgiate Molgora";14;39;0;0;0;;;;39;25;0;0;0;;;;25;64
"097058";"Olgiate Molgora";15;39;0;0;0;;;;39;28;0;0;0;;;;28;67
"097058";"Olgiate Molgora";16;32;0;0;0;;;;32;30;0;0;0;;;;30;62
"097058";"Olgiate Molgora";17;27;0;0;0;;;;27;30;0;0;0;;;;30;57
"097058";"Olgiate Molgora";18;38;0;0;0;;;;38;22;0;0;0;;;;22;60
"097058";"Olgiate Molgora";19;47;0;0;0;;;;47;29;0;0;0;;;;29;76
"097058";"Olgiate Molgora";20;24;0;0;0;;;;24;26;0;0;0;;;;26;50
"097058";"Olgiate Molgora";21;19;0;0;0;;;;19;29;0;0;0;;;;29;48
"097058";"Olgiate Molgora";22;22;0;0;0;;;;22;36;0;0;0;;;;36;58
"097058";"Olgiate Molgora";23;32;0;0;0;;;;32;28;1;0;0;;;;29;61
"097058";"Olgiate Molgora";24;37;1;0;0;;;;38;23;4;0;0;;;;27;65
"097058";"Olgiate Molgora";25;24;2;1;0;;;;27;31;0;0;0;;;;31;58
"097058";"Olgiate Molgora";26;41;0;0;0;;;;41;36;5;0;0;;;;41;82
"097058";"Olgiate Molgora";27;25;2;0;0;;;;27;25;5;0;0;;;;30;57
"097058";"Olgiate Molgora";28;37;2;0;0;;;;39;27;5;0;0;;;;32;71
"097058";"Olgiate Molgora";29;30;2;0;0;;;;32;29;12;1;0;;;;42;74
"097058";"Olgiate Molgora";30;26;4;0;0;;;;30;22;11;0;0;;;;33;63
"097058";"Olgiate Molgora";31;36;6;0;0;;;;42;20;8;0;0;;;;28;70
"097058";"Olgiate Molgora";32;30;7;0;0;;;;37;25;12;0;0;;;;37;74
"097058";"Olgiate Molgora";33;21;7;0;0;;;;28;22;12;0;0;;;;34;62
"097058";"Olgiate Molgora";34;32;12;0;0;;;;44;19;11;2;0;;;;32;76
"097058";"Olgiate Molgora";35;24;7;0;0;;;;31;23;13;0;0;;;;36;67
"097058";"Olgiate Molgora";36;23;16;0;0;;;;39;14;30;0;0;;;;44;83
"097058";"Olgiate Molgora";37;27;15;0;1;;;;43;20;20;0;1;;;;41;84
"097058";"Olgiate Molgora";38;21;9;0;0;;;;30;19;19;2;0;;;;40;70
"097058";"Olgiate Molgora";39;22;22;2;0;;;;46;14;17;2;0;;;;33;79
"097058";"Olgiate Molgora";40;13;22;2;0;;;;37;5;27;2;0;;;;34;71
"097058";"Olgiate Molgora";41;19;20;1;0;;;;40;8;26;0;0;;;;34;74
"097058";"Olgiate Molgora";42;21;26;1;1;;;;49;9;21;2;0;;;;32;81
"097058";"Olgiate Molgora";43;17;22;0;0;;;;39;12;23;2;0;;;;37;76
"097058";"Olgiate Molgora";44;15;16;0;0;;;;31;11;18;1;0;;;;30;61
"097058";"Olgiate Molgora";45;15;30;1;0;;;;46;13;14;1;1;;;;29;75
"097058";"Olgiate Molgora";46;22;28;3;1;;;;54;6;27;2;1;;;;36;90
"097058";"Olgiate Molgora";47;18;22;1;0;;;;41;10;33;0;2;;;;45;86
"097058";"Olgiate Molgora";48;10;31;3;0;;;;44;15;33;5;0;;;;53;97
"097058";"Olgiate Molgora";49;17;21;2;1;;;;41;10;44;5;2;;;;61;102
"097058";"Olgiate Molgora";50;19;33;6;0;;;;58;13;31;5;2;;;;51;109
"097058";"Olgiate Molgora";51;17;37;9;0;;;;63;9;34;5;2;;;;50;113
"097058";"Olgiate Molgora";52;13;29;1;1;;;;44;7;38;2;1;;;;48;92
"097058";"Olgiate Molgora";53;12;30;3;0;;;;45;8;35;1;1;;;;45;90
"097058";"Olgiate Molgora";54;13;42;0;0;;;;55;8;32;2;1;;;;43;98
"097058";"Olgiate Molgora";55;17;33;4;0;;;;54;5;32;2;4;;;;43;97
"097058";"Olgiate Molgora";56;15;31;7;0;;;;53;10;36;5;4;;;;55;108
"097058";"Olgiate Molgora";57;20;32;5;0;;;;57;4;33;10;0;;;;47;104
"097058";"Olgiate Molgora";58;5;41;3;0;;;;49;5;41;8;2;;;;56;105
"097058";"Olgiate Molgora";59;5;35;4;1;;;;45;10;31;4;2;;;;47;92
"097058";"Olgiate Molgora";60;15;40;3;0;;;;58;12;35;3;3;;;;53;111
"097058";"Olgiate Molgora";61;12;39;2;0;;;;53;5;40;1;2;;;;48;101
"097058";"Olgiate Molgora";62;8;32;2;2;;;;44;6;33;4;7;;;;50;94
"097058";"Olgiate Molgora";63;1;35;1;0;;;;37;5;30;1;2;;;;38;75
"097058";"Olgiate Molgora";64;4;30;3;1;;;;38;5;43;1;6;;;;55;93
"097058";"Olgiate Molgora";65;6;26;4;3;;;;39;6;17;3;4;;;;30;69
"097058";"Olgiate Molgora";66;6;36;2;0;;;;44;6;34;1;2;;;;43;87
"097058";"Olgiate Molgora";67;6;42;3;2;;;;53;6;24;2;5;;;;37;90
"097058";"Olgiate Molgora";68;2;37;0;3;;;;42;5;25;2;4;;;;36;78
"097058";"Olgiate Molgora";69;4;30;0;0;;;;34;1;31;0;4;;;;36;70
"097058";"Olgiate Molgora";70;5;24;1;1;;;;31;5;33;3;5;;;;46;77
"097058";"Olgiate Molgora";71;4;26;0;2;;;;32;10;22;3;10;;;;45;77
"097058";"Olgiate Molgora";72;3;33;3;4;;;;43;2;29;0;7;;;;38;81
"097058";"Olgiate Molgora";73;5;31;2;2;;;;40;6;26;1;8;;;;41;81
"097058";"Olgiate Molgora";74;0;28;1;2;;;;31;1;30;2;13;;;;46;77
"097058";"Olgiate Molgora";75;5;28;0;0;;;;33;3;22;2;10;;;;37;70
"097058";"Olgiate Molgora";76;2;31;1;4;;;;38;3;20;0;18;;;;41;79
"097058";"Olgiate Molgora";77;2;25;1;3;;;;31;2;13;0;14;;;;29;60
"097058";"Olgiate Molgora";78;6;17;0;4;;;;27;1;21;2;6;;;;30;57
"097058";"Olgiate Molgora";79;4;15;0;6;;;;25;2;12;0;14;;;;28;53
"097058";"Olgiate Molgora";80;1;20;0;3;;;;24;1;10;2;8;;;;21;45
"097058";"Olgiate Molgora";81;0;14;0;3;;;;17;1;18;1;8;;;;28;45
"097058";"Olgiate Molgora";82;1;15;0;5;;;;21;0;8;2;7;;;;17;38
"097058";"Olgiate Molgora";83;0;11;1;4;;;;16;3;10;0;16;;;;29;45
"097058";"Olgiate Molgora";84;3;15;0;5;;;;23;1;8;0;13;;;;22;45
"097058";"Olgiate Molgora";85;1;10;1;6;;;;18;1;4;0;23;;;;28;46
"097058";"Olgiate Molgora";86;3;9;1;4;;;;17;1;3;0;18;;;;22;39
"097058";"Olgiate Molgora";87;1;6;0;4;;;;11;1;3;0;13;;;;17;28
"097058";"Olgiate Molgora";88;0;2;0;3;;;;5;1;2;0;10;;;;13;18
"097058";"Olgiate Molgora";89;0;6;0;0;;;;6;0;4;0;11;;;;15;21
"097058";"Olgiate Molgora";90;0;4;0;1;;;;5;1;1;0;8;;;;10;15
"097058";"Olgiate Molgora";91;0;5;0;4;;;;9;0;3;1;7;;;;11;20
"097058";"Olgiate Molgora";92;0;2;0;6;;;;8;2;0;0;6;;;;8;16
"097058";"Olgiate Molgora";93;0;0;0;0;;;;0;1;0;0;6;;;;7;7
"097058";"Olgiate Molgora";94;0;1;0;1;;;;2;0;0;0;4;;;;4;6
"097058";"Olgiate Molgora";95;0;0;0;1;;;;1;1;0;0;0;;;;1;2
"097058";"Olgiate Molgora";96;0;0;0;1;;;;1;1;0;0;1;;;;2;3
"097058";"Olgiate Molgora";97;0;0;0;0;;;;0;0;0;0;2;;;;2;2
"097058";"Olgiate Molgora";98;0;0;0;1;;;;1;0;0;0;2;;;;2;3
"097058";"Olgiate Molgora";99;0;0;0;0;;;;0;0;0;0;1;;;;1;1
"097058";"Olgiate Molgora";100;0;0;0;0;;;;0;0;0;0;3;;;;3;3
"097058";"Olgiate Molgora";999;1565;1420;91;97;;;;3173;1306;1408;108;337;;;;3159;6332
"097059";"Olginate";0;22;0;0;0;;;;22;18;0;0;0;;;;18;40
"097059";"Olginate";1;21;0;0;0;;;;21;21;0;0;0;;;;21;42
"097059";"Olginate";2;31;0;0;0;;;;31;12;0;0;0;;;;12;43
"097059";"Olginate";3;23;0;0;0;;;;23;25;0;0;0;;;;25;48
"097059";"Olginate";4;26;0;0;0;;;;26;19;0;0;0;;;;19;45
"097059";"Olginate";5;26;0;0;0;;;;26;20;0;0;0;;;;20;46
"097059";"Olginate";6;26;0;0;0;;;;26;13;0;0;0;;;;13;39
"097059";"Olginate";7;31;0;0;0;;;;31;31;0;0;0;;;;31;62
"097059";"Olginate";8;26;0;0;0;;;;26;28;0;0;0;;;;28;54
"097059";"Olginate";9;38;0;0;0;;;;38;25;0;0;0;;;;25;63
"097059";"Olginate";10;33;0;0;0;;;;33;30;0;0;0;;;;30;63
"097059";"Olginate";11;29;0;0;0;;;;29;32;0;0;0;;;;32;61
"097059";"Olginate";12;26;0;0;0;;;;26;24;0;0;0;;;;24;50
"097059";"Olginate";13;33;0;0;0;;;;33;37;0;0;0;;;;37;70
"097059";"Olginate";14;47;0;0;0;;;;47;39;0;0;0;;;;39;86
"097059";"Olginate";15;34;0;0;0;;;;34;32;0;0;0;;;;32;66
"097059";"Olginate";16;39;0;0;0;;;;39;42;0;0;0;;;;42;81
"097059";"Olginate";17;33;0;0;0;;;;33;36;0;0;0;;;;36;69
"097059";"Olginate";18;38;0;0;0;;;;38;38;0;0;0;;;;38;76
"097059";"Olginate";19;48;0;0;0;;;;48;48;0;0;0;;;;48;96
"097059";"Olginate";20;39;0;0;0;;;;39;37;0;0;0;;;;37;76
"097059";"Olginate";21;42;0;0;0;;;;42;29;1;0;0;;;;30;72
"097059";"Olginate";22;45;0;0;0;;;;45;25;1;0;0;;;;26;71
"097059";"Olginate";23;38;0;0;0;;;;38;42;0;0;0;;;;42;80
"097059";"Olginate";24;43;0;0;0;;;;43;41;0;0;0;;;;41;84
"097059";"Olginate";25;34;0;0;0;;;;34;20;4;0;0;;;;24;58
"097059";"Olginate";26;30;1;0;0;;;;31;24;0;0;0;;;;24;55
"097059";"Olginate";27;44;0;0;0;;;;44;23;6;0;0;;;;29;73
"097059";"Olginate";28;37;0;0;0;;;;37;20;6;0;0;;;;26;63
"097059";"Olginate";29;32;2;0;0;;;;34;20;8;0;0;;;;28;62
"097059";"Olginate";30;31;7;0;0;;;;38;19;8;1;0;;;;28;66
"097059";"Olginate";31;31;11;0;0;;;;42;20;8;0;0;;;;28;70
"097059";"Olginate";32;43;4;0;0;;;;47;30;9;0;0;;;;39;86
"097059";"Olginate";33;23;5;0;0;;;;28;23;15;0;0;;;;38;66
"097059";"Olginate";34;19;6;0;0;;;;25;27;20;0;0;;;;47;72
"097059";"Olginate";35;26;12;0;0;;;;38;15;21;0;0;;;;36;74
"097059";"Olginate";36;27;12;1;0;;;;40;24;18;0;0;;;;42;82
"097059";"Olginate";37;15;19;0;0;;;;34;10;24;2;0;;;;36;70
"097059";"Olginate";38;21;16;0;0;;;;37;12;10;0;0;;;;22;59
"097059";"Olginate";39;20;23;2;0;;;;45;14;22;5;0;;;;41;86
"097059";"Olginate";40;22;9;0;0;;;;31;12;21;1;0;;;;34;65
"097059";"Olginate";41;17;20;0;0;;;;37;7;21;5;0;;;;33;70
"097059";"Olginate";42;26;20;1;0;;;;47;20;26;0;0;;;;46;93
"097059";"Olginate";43;23;23;2;0;;;;48;17;29;1;2;;;;49;97
"097059";"Olginate";44;13;27;3;0;;;;43;11;26;1;0;;;;38;81
"097059";"Olginate";45;19;28;1;0;;;;48;6;18;3;0;;;;27;75
"097059";"Olginate";46;17;19;1;0;;;;37;14;37;1;0;;;;52;89
"097059";"Olginate";47;11;27;3;0;;;;41;11;40;5;1;;;;57;98
"097059";"Olginate";48;20;16;1;0;;;;37;7;39;1;1;;;;48;85
"097059";"Olginate";49;21;37;4;1;;;;63;12;36;5;1;;;;54;117
"097059";"Olginate";50;12;42;2;0;;;;56;10;34;6;2;;;;52;108
"097059";"Olginate";51;20;27;5;2;;;;54;15;40;4;2;;;;61;115
"097059";"Olginate";52;18;48;4;0;;;;70;8;39;6;1;;;;54;124
"097059";"Olginate";53;20;40;1;0;;;;61;11;32;4;1;;;;48;109
"097059";"Olginate";54;16;40;7;0;;;;63;10;45;5;2;;;;62;125
"097059";"Olginate";55;10;44;4;0;;;;58;6;48;5;1;;;;60;118
"097059";"Olginate";56;13;43;3;0;;;;59;10;34;5;1;;;;50;109
"097059";"Olginate";57;10;37;3;0;;;;50;6;39;3;1;;;;49;99
"097059";"Olginate";58;15;47;5;0;;;;67;3;41;3;4;;;;51;118
"097059";"Olginate";59;9;38;5;0;;;;52;9;44;2;7;;;;62;114
"097059";"Olginate";60;9;40;2;2;;;;53;8;30;5;4;;;;47;100
"097059";"Olginate";61;12;47;1;0;;;;60;9;34;5;3;;;;51;111
"097059";"Olginate";62;6;38;0;0;;;;44;7;39;3;1;;;;50;94
"097059";"Olginate";63;3;24;5;1;;;;33;3;41;8;5;;;;57;90
"097059";"Olginate";64;7;47;4;0;;;;58;4;40;2;4;;;;50;108
"097059";"Olginate";65;4;37;5;1;;;;47;3;42;2;6;;;;53;100
"097059";"Olginate";66;6;38;3;1;;;;48;3;32;6;2;;;;43;91
"097059";"Olginate";67;6;29;1;2;;;;38;5;33;2;5;;;;45;83
"097059";"Olginate";68;5;31;1;2;;;;39;4;33;5;6;;;;48;87
"097059";"Olginate";69;3;39;1;0;;;;43;4;32;1;12;;;;49;92
"097059";"Olginate";70;4;32;2;0;;;;38;2;35;3;8;;;;48;86
"097059";"Olginate";71;3;32;1;1;;;;37;0;30;2;11;;;;43;80
"097059";"Olginate";72;3;25;2;2;;;;32;4;31;2;12;;;;49;81
"097059";"Olginate";73;1;39;0;3;;;;43;4;26;0;11;;;;41;84
"097059";"Olginate";74;2;35;1;3;;;;41;2;26;3;12;;;;43;84
"097059";"Olginate";75;3;29;0;1;;;;33;0;24;2;15;;;;41;74
"097059";"Olginate";76;0;33;3;1;;;;37;0;32;1;16;;;;49;86
"097059";"Olginate";77;3;32;0;5;;;;40;3;26;2;11;;;;42;82
"097059";"Olginate";78;2;22;1;4;;;;29;1;22;1;16;;;;40;69
"097059";"Olginate";79;1;21;0;2;;;;24;1;18;1;12;;;;32;56
"097059";"Olginate";80;0;23;1;6;;;;30;0;12;0;16;;;;28;58
"097059";"Olginate";81;0;15;0;4;;;;19;0;14;1;12;;;;27;46
"097059";"Olginate";82;1;15;0;5;;;;21;0;17;1;17;;;;35;56
"097059";"Olginate";83;1;22;1;2;;;;26;0;11;1;18;;;;30;56
"097059";"Olginate";84;0;15;1;2;;;;18;2;10;0;17;;;;29;47
"097059";"Olginate";85;3;18;0;3;;;;24;1;11;0;15;;;;27;51
"097059";"Olginate";86;0;16;0;2;;;;18;2;7;0;18;;;;27;45
"097059";"Olginate";87;1;10;0;8;;;;19;2;5;0;18;;;;25;44
"097059";"Olginate";88;0;7;1;4;;;;12;1;1;0;15;;;;17;29
"097059";"Olginate";89;0;7;0;1;;;;8;2;1;0;11;;;;14;22
"097059";"Olginate";90;0;6;0;5;;;;11;1;0;0;18;;;;19;30
"097059";"Olginate";91;0;4;0;4;;;;8;0;0;0;12;;;;12;20
"097059";"Olginate";92;1;2;0;1;;;;4;0;1;0;10;;;;11;15
"097059";"Olginate";93;0;2;0;0;;;;2;0;0;0;11;;;;11;13
"097059";"Olginate";94;0;0;1;0;;;;1;1;0;0;4;;;;5;6
"097059";"Olginate";95;0;0;0;2;;;;2;1;0;0;5;;;;6;8
"097059";"Olginate";96;0;2;0;0;;;;2;1;0;0;3;;;;4;6
"097059";"Olginate";97;0;0;0;1;;;;1;0;0;0;4;;;;4;5
"097059";"Olginate";98;0;0;0;0;;;;0;0;0;0;0;;;;0;0
"097059";"Olginate";99;0;0;0;1;;;;1;1;0;0;1;;;;2;3
"097059";"Olginate";100;0;0;0;1;;;;1;0;0;0;2;;;;2;3
"097059";"Olginate";999;1692;1584;96;86;;;;3458;1332;1586;133;426;;;;3477;6935
"097060";"Oliveto Lario";0;1;0;0;0;;;;1;0;0;0;0;;;;0;1
"097060";"Oliveto Lario";1;2;0;0;0;;;;2;1;0;0;0;;;;1;3
"097060";"Oliveto Lario";2;3;0;0;0;;;;3;2;0;0;0;;;;2;5
"097060";"Oliveto Lario";3;3;0;0;0;;;;3;2;0;0;0;;;;2;5
"097060";"Oliveto Lario";4;1;0;0;0;;;;1;2;0;0;0;;;;2;3
"097060";"Oliveto Lario";5;2;0;0;0;;;;2;4;0;0;0;;;;4;6
"097060";"Oliveto Lario";6;2;0;0;0;;;;2;2;0;0;0;;;;2;4
"097060";"Oliveto Lario";7;1;0;0;0;;;;1;1;0;0;0;;;;1;2
"097060";"Oliveto Lario";8;3;0;0;0;;;;3;4;0;0;0;;;;4;7
"097060";"Oliveto Lario";9;3;0;0;0;;;;3;1;0;0;0;;;;1;4
"097060";"Oliveto Lario";10;6;0;0;0;;;;6;6;0;0;0;;;;6;12
"097060";"Oliveto Lario";11;7;0;0;0;;;;7;2;0;0;0;;;;2;9
"097060";"Oliveto Lario";12;4;0;0;0;;;;4;3;0;0;0;;;;3;7
"097060";"Oliveto Lario";13;2;0;0;0;;;;2;6;0;0;0;;;;6;8
"097060";"Oliveto Lario";14;2;0;0;0;;;;2;5;0;0;0;;;;5;7
"097060";"Oliveto Lario";15;6;0;0;0;;;;6;7;0;0;0;;;;7;13
"097060";"Oliveto Lario";16;2;0;0;0;;;;2;8;0;0;0;;;;8;10
"097060";"Oliveto Lario";17;5;0;0;0;;;;5;5;0;0;0;;;;5;10
"097060";"Oliveto Lario";18;2;0;0;0;;;;2;4;0;0;0;;;;4;6
"097060";"Oliveto Lario";19;5;0;0;0;;;;5;7;0;0;0;;;;7;12
"097060";"Oliveto Lario";20;10;0;0;0;;;;10;7;0;0;0;;;;7;17
"097060";"Oliveto Lario";21;4;0;0;0;;;;4;4;0;0;0;;;;4;8
"097060";"Oliveto Lario";22;8;0;0;0;;;;8;3;0;0;0;;;;3;11
"097060";"Oliveto Lario";23;6;0;0;0;;;;6;5;0;0;0;;;;5;11
"097060";"Oliveto Lario";24;1;0;0;0;;;;1;4;0;0;0;;;;4;5
"097060";"Oliveto Lario";25;10;0;0;0;;;;10;7;0;0;0;;;;7;17
"097060";"Oliveto Lario";26;4;0;0;0;;;;4;0;0;0;0;;;;0;4
"097060";"Oliveto Lario";27;8;0;0;0;;;;8;2;0;0;0;;;;2;10
"097060";"Oliveto Lario";28;7;1;0;0;;;;8;3;1;0;0;;;;4;12
"097060";"Oliveto Lario";29;3;0;0;0;;;;3;4;0;0;0;;;;4;7
"097060";"Oliveto Lario";30;4;0;0;0;;;;4;7;1;0;0;;;;8;12
"097060";"Oliveto Lario";31;8;1;0;0;;;;9;3;0;0;0;;;;3;12
"097060";"Oliveto Lario";32;7;0;0;0;;;;7;3;1;0;0;;;;4;11
"097060";"Oliveto Lario";33;5;0;0;0;;;;5;5;0;0;0;;;;5;10
"097060";"Oliveto Lario";34;3;3;1;0;;;;7;3;4;0;0;;;;7;14
"097060";"Oliveto Lario";35;3;1;0;0;;;;4;4;0;0;0;;;;4;8
"097060";"Oliveto Lario";36;2;1;0;0;;;;3;2;3;1;0;;;;6;9
"097060";"Oliveto Lario";37;5;0;0;0;;;;5;2;2;0;0;;;;4;9
"097060";"Oliveto Lario";38;4;1;0;0;;;;5;0;4;0;0;;;;4;9
"097060";"Oliveto Lario";39;4;3;0;0;;;;7;2;3;0;0;;;;5;12
"097060";"Oliveto Lario";40;1;2;0;0;;;;3;0;3;0;0;;;;3;6
"097060";"Oliveto Lario";41;4;2;0;0;;;;6;1;3;1;0;;;;5;11
"097060";"Oliveto Lario";42;3;2;0;0;;;;5;4;3;0;0;;;;7;12
"097060";"Oliveto Lario";43;2;1;1;0;;;;4;2;3;2;0;;;;7;11
"097060";"Oliveto Lario";44;2;4;0;0;;;;6;5;3;0;0;;;;8;14
"097060";"Oliveto Lario";45;3;4;0;0;;;;7;2;5;0;0;;;;7;14
"097060";"Oliveto Lario";46;2;2;0;0;;;;4;2;7;2;1;;;;12;16
"097060";"Oliveto Lario";47;4;4;0;0;;;;8;1;5;0;0;;;;6;14
"097060";"Oliveto Lario";48;5;4;1;0;;;;10;0;4;0;0;;;;4;14
"097060";"Oliveto Lario";49;5;7;0;0;;;;12;2;7;1;1;;;;11;23
"097060";"Oliveto Lario";50;4;7;1;0;;;;12;1;4;3;0;;;;8;20
"097060";"Oliveto Lario";51;6;9;2;0;;;;17;1;8;1;0;;;;10;27
"097060";"Oliveto Lario";52;4;3;0;0;;;;7;3;10;2;0;;;;15;22
"097060";"Oliveto Lario";53;5;12;0;2;;;;19;2;8;0;0;;;;10;29
"097060";"Oliveto Lario";54;2;6;1;0;;;;9;2;8;0;0;;;;10;19
"097060";"Oliveto Lario";55;2;7;0;0;;;;9;1;6;1;0;;;;8;17
"097060";"Oliveto Lario";56;4;6;1;0;;;;11;1;12;4;1;;;;18;29
"097060";"Oliveto Lario";57;5;10;1;0;;;;16;2;9;2;0;;;;13;29
"097060";"Oliveto Lario";58;2;11;2;0;;;;15;0;9;1;0;;;;10;25
"097060";"Oliveto Lario";59;5;13;0;0;;;;18;2;8;0;1;;;;11;29
"097060";"Oliveto Lario";60;5;5;3;0;;;;13;2;8;2;0;;;;12;25
"097060";"Oliveto Lario";61;2;8;0;0;;;;10;0;7;1;0;;;;8;18
"097060";"Oliveto Lario";62;1;7;1;0;;;;9;4;10;1;0;;;;15;24
"097060";"Oliveto Lario";63;0;9;3;0;;;;12;2;3;0;1;;;;6;18
"097060";"Oliveto Lario";64;1;4;1;0;;;;6;0;7;1;1;;;;9;15
"097060";"Oliveto Lario";65;4;8;0;0;;;;12;0;8;2;0;;;;10;22
"097060";"Oliveto Lario";66;1;4;2;0;;;;7;0;2;0;1;;;;3;10
"097060";"Oliveto Lario";67;1;12;2;1;;;;16;0;1;1;4;;;;6;22
"097060";"Oliveto Lario";68;1;8;1;0;;;;10;0;5;3;1;;;;9;19
"097060";"Oliveto Lario";69;2;6;1;0;;;;9;0;3;1;0;;;;4;13
"097060";"Oliveto Lario";70;0;4;0;0;;;;4;2;7;1;0;;;;10;14
"097060";"Oliveto Lario";71;2;5;1;1;;;;9;0;4;0;2;;;;6;15
"097060";"Oliveto Lario";72;0;2;1;0;;;;3;0;5;1;0;;;;6;9
"097060";"Oliveto Lario";73;2;4;0;0;;;;6;1;8;0;0;;;;9;15
"097060";"Oliveto Lario";74;0;4;0;0;;;;4;0;4;0;2;;;;6;10
"097060";"Oliveto Lario";75;2;3;0;0;;;;5;2;5;0;2;;;;9;14
"097060";"Oliveto Lario";76;0;5;0;0;;;;5;3;2;0;2;;;;7;12
"097060";"Oliveto Lario";77;2;5;0;0;;;;7;1;3;0;4;;;;8;15
"097060";"Oliveto Lario";78;0;4;0;1;;;;5;1;1;0;1;;;;3;8
"097060";"Oliveto Lario";79;0;2;0;1;;;;3;0;4;0;3;;;;7;10
"097060";"Oliveto Lario";80;3;2;0;0;;;;5;0;4;1;5;;;;10;15
"097060";"Oliveto Lario";81;1;4;0;2;;;;7;0;1;0;1;;;;2;9
"097060";"Oliveto Lario";82;1;5;0;1;;;;7;0;1;0;4;;;;5;12
"097060";"Oliveto Lario";83;0;3;0;1;;;;4;2;2;0;7;;;;11;15
"097060";"Oliveto Lario";84;1;7;0;1;;;;9;2;4;1;3;;;;10;19
"097060";"Oliveto Lario";85;0;3;0;1;;;;4;0;2;1;1;;;;4;8
"097060";"Oliveto Lario";86;0;4;0;1;;;;5;1;3;0;6;;;;10;15
"097060";"Oliveto Lario";87;0;2;0;0;;;;2;0;1;0;2;;;;3;5
"097060";"Oliveto Lario";88;0;1;0;1;;;;2;1;0;0;4;;;;5;7
"097060";"Oliveto Lario";89;2;1;0;0;;;;3;0;1;0;1;;;;2;5
"097060";"Oliveto Lario";90;0;0;0;2;;;;2;0;0;0;0;;;;0;2
"097060";"Oliveto Lario";91;0;3;0;0;;;;3;0;0;0;0;;;;0;3
"097060";"Oliveto Lario";92;0;0;0;0;;;;0;0;0;0;3;;;;3;3
"097060";"Oliveto Lario";93;1;0;0;0;;;;1;0;0;0;0;;;;0;1
"097060";"Oliveto Lario";94;0;0;0;0;;;;0;0;0;0;1;;;;1;1
"097060";"Oliveto Lario";95;0;0;0;0;;;;0;0;0;0;0;;;;0;0
"097060";"Oliveto Lario";96;0;0;0;0;;;;0;0;0;0;0;;;;0;0
"097060";"Oliveto Lario";97;0;0;0;0;;;;0;0;0;0;0;;;;0;0
"097060";"Oliveto Lario";98;0;0;0;0;;;;0;0;0;0;0;;;;0;0
"097060";"Oliveto Lario";99;0;0;0;0;;;;0;1;0;0;0;;;;1;1
"097060";"Oliveto Lario";100;0;0;0;0;;;;0;0;0;0;0;;;;0;0
"097060";"Oliveto Lario";999;273;271;27;16;;;;587;201;260;38;66;;;;565;1152
"097061";"Osnago";0;22;0;0;0;;;;22;19;0;0;0;;;;19;41
"097061";"Osnago";1;16;0;0;0;;;;16;12;0;0;0;;;;12;28
"097061";"Osnago";2;16;0;0;0;;;;16;22;0;0;0;;;;22;38
"097061";"Osnago";3;9;0;0;0;;;;9;14;0;0;0;;;;14;23
"097061";"Osnago";4;18;0;0;0;;;;18;17;0;0;0;;;;17;35
"097061";"Osnago";5;19;0;0;0;;;;19;14;0;0;0;;;;14;33
"097061";"Osnago";6;22;0;0;0;;;;22;15;0;0;0;;;;15;37
"097061";"Osnago";7;22;0;0;0;;;;22;22;0;0;0;;;;22;44
"097061";"Osnago";8;19;0;0;0;;;;19;17;0;0;0;;;;17;36
"097061";"Osnago";9;19;0;0;0;;;;19;19;0;0;0;;;;19;38
"097061";"Osnago";10;19;0;0;0;;;;19;22;0;0;0;;;;22;41
"097061";"Osnago";11;18;0;0;0;;;;18;20;0;0;0;;;;20;38
"097061";"Osnago";12;16;0;0;0;;;;16;25;0;0;0;;;;25;41
"097061";"Osnago";13;17;0;0;0;;;;17;32;0;0;0;;;;32;49
"097061";"Osnago";14;21;0;0;0;;;;21;17;0;0;0;;;;17;38
"097061";"Osnago";15;18;0;0;0;;;;18;18;0;0;0;;;;18;36
"097061";"Osnago";16;23;0;0;0;;;;23;15;0;0;0;;;;15;38
"097061";"Osnago";17;29;0;0;0;;;;29;27;0;0;0;;;;27;56
"097061";"Osnago";18;19;0;0;0;;;;19;31;0;0;0;;;;31;50
"097061";"Osnago";19;13;0;0;0;;;;13;28;0;0;0;;;;28;41
"097061";"Osnago";20;42;0;0;0;;;;42;15;0;0;0;;;;15;57
"097061";"Osnago";21;19;0;0;0;;;;19;25;0;0;0;;;;25;44
"097061";"Osnago";22;26;0;0;0;;;;26;24;1;0;0;;;;25;51
"097061";"Osnago";23;39;0;0;0;;;;39;28;3;0;0;;;;31;70
"097061";"Osnago";24;35;0;0;0;;;;35;24;0;0;0;;;;24;59
"097061";"Osnago";25;20;2;0;0;;;;22;24;2;0;0;;;;26;48
"097061";"Osnago";26;20;0;0;0;;;;20;20;4;0;0;;;;24;44
"097061";"Osnago";27;28;2;0;0;;;;30;19;3;0;0;;;;22;52
"097061";"Osnago";28;20;2;1;0;;;;23;19;1;0;0;;;;20;43
"097061";"Osnago";29;17;4;0;0;;;;21;11;5;1;0;;;;17;38
"097061";"Osnago";30;26;1;0;0;;;;27;22;8;0;0;;;;30;57
"097061";"Osnago";31;17;4;0;0;;;;21;16;11;1;0;;;;28;49
"097061";"Osnago";32;22;3;0;0;;;;25;13;7;0;0;;;;20;45
"097061";"Osnago";33;23;5;0;0;;;;28;12;12;0;0;;;;24;52
"097061";"Osnago";34;18;7;0;0;;;;25;12;10;0;0;;;;22;47
"097061";"Osnago";35;12;11;2;0;;;;25;11;16;0;0;;;;27;52
"097061";"Osnago";36;13;7;0;0;;;;20;11;9;0;0;;;;20;40
"097061";"Osnago";37;11;13;1;0;;;;25;12;12;1;0;;;;25;50
"097061";"Osnago";38;14;11;1;0;;;;26;10;16;1;0;;;;27;53
"097061";"Osnago";39;14;13;0;0;;;;27;5;17;1;0;;;;23;50
"097061";"Osnago";40;9;7;2;0;;;;18;12;17;2;0;;;;31;49
"097061";"Osnago";41;6;18;0;0;;;;24;11;19;0;0;;;;30;54
"097061";"Osnago";42;19;17;0;1;;;;37;6;17;2;0;;;;25;62
"097061";"Osnago";43;10;19;2;1;;;;32;13;17;1;2;;;;33;65
"097061";"Osnago";44;10;12;0;0;;;;22;9;18;3;0;;;;30;52
"097061";"Osnago";45;10;21;0;0;;;;31;5;23;2;1;;;;31;62
"097061";"Osnago";46;14;20;1;0;;;;35;10;30;1;0;;;;41;76
"097061";"Osnago";47;11;25;0;0;;;;36;10;14;4;1;;;;29;65
"097061";"Osnago";48;10;21;1;0;;;;32;6;25;6;1;;;;38;70
"097061";"Osnago";49;13;18;3;0;;;;34;7;25;8;0;;;;40;74
"097061";"Osnago";50;6;22;2;0;;;;30;8;15;3;0;;;;26;56
"097061";"Osnago";51;11;30;3;2;;;;46;9;31;2;2;;;;44;90
"097061";"Osnago";52;8;22;3;0;;;;33;7;36;2;1;;;;46;79
"097061";"Osnago";53;7;18;2;0;;;;27;12;36;8;4;;;;60;87
"097061";"Osnago";54;12;30;2;0;;;;44;10;32;3;0;;;;45;89
"097061";"Osnago";55;14;29;7;0;;;;50;9;27;6;2;;;;44;94
"097061";"Osnago";56;11;30;3;0;;;;44;9;35;6;0;;;;50;94
"097061";"Osnago";57;9;24;2;0;;;;35;7;27;1;1;;;;36;71
"097061";"Osnago";58;7;35;4;0;;;;46;7;29;3;2;;;;41;87
"097061";"Osnago";59;12;25;3;1;;;;41;5;31;6;1;;;;43;84
"097061";"Osnago";60;3;40;2;1;;;;46;3;25;1;2;;;;31;77
"097061";"Osnago";61;9;21;4;1;;;;35;8;29;4;2;;;;43;78
"097061";"Osnago";62;3;22;3;0;;;;28;5;11;2;4;;;;22;50
"097061";"Osnago";63;3;27;0;1;;;;31;2;24;3;1;;;;30;61
"097061";"Osnago";64;5;23;1;2;;;;31;3;26;2;4;;;;35;66
"097061";"Osnago";65;5;31;2;1;;;;39;1;31;2;1;;;;35;74
"097061";"Osnago";66;2;20;2;0;;;;24;1;21;3;4;;;;29;53
"097061";"Osnago";67;3;16;1;1;;;;21;2;22;2;0;;;;26;47
"097061";"Osnago";68;3;25;0;0;;;;28;2;20;1;5;;;;28;56
"097061";"Osnago";69;2;29;0;0;;;;31;1;15;0;5;;;;21;52
"097061";"Osnago";70;4;17;0;2;;;;23;1;17;1;6;;;;25;48
"097061";"Osnago";71;6;20;1;1;;;;28;0;12;2;8;;;;22;50
"097061";"Osnago";72;4;13;1;1;;;;19;1;18;2;3;;;;24;43
"097061";"Osnago";73;3;14;0;1;;;;18;4;15;2;10;;;;31;49
"097061";"Osnago";74;1;17;2;2;;;;22;2;23;1;3;;;;29;51
"097061";"Osnago";75;3;20;0;2;;;;25;3;16;4;8;;;;31;56
"097061";"Osnago";76;1;23;0;5;;;;29;0;22;1;15;;;;38;67
"097061";"Osnago";77;1;18;1;2;;;;22;0;14;1;13;;;;28;50
"097061";"Osnago";78;0;26;0;4;;;;30;4;14;1;12;;;;31;61
"097061";"Osnago";79;0;18;0;2;;;;20;1;9;0;7;;;;17;37
"097061";"Osnago";80;0;12;1;3;;;;16;2;9;0;12;;;;23;39
"097061";"Osnago";81;0;7;0;0;;;;7;0;7;1;11;;;;19;26
"097061";"Osnago";82;2;16;0;5;;;;23;1;12;0;9;;;;22;45
"097061";"Osnago";83;1;10;1;3;;;;15;1;11;0;15;;;;27;42
"097061";"Osnago";84;0;9;0;1;;;;10;1;6;0;13;;;;20;30
"097061";"Osnago";85;1;11;0;3;;;;15;4;10;0;12;;;;26;41
"097061";"Osnago";86;0;10;0;2;;;;12;4;5;0;14;;;;23;35
"097061";"Osnago";87;0;8;0;2;;;;10;1;5;0;16;;;;22;32
"097061";"Osnago";88;1;8;0;3;;;;12;0;3;0;8;;;;11;23
"097061";"Osnago";89;2;5;0;3;;;;10;1;2;0;13;;;;16;26
"097061";"Osnago";90;1;4;0;1;;;;6;0;0;0;10;;;;10;16
"097061";"Osnago";91;2;5;0;1;;;;8;1;0;0;6;;;;7;15
"097061";"Osnago";92;0;1;0;2;;;;3;0;1;0;5;;;;6;9
"097061";"Osnago";93;0;0;0;0;;;;0;0;0;0;5;;;;5;5
"097061";"Osnago";94;0;1;0;1;;;;2;0;1;0;2;;;;3;5
"097061";"Osnago";95;0;0;0;0;;;;0;0;1;0;2;;;;3;3
"097061";"Osnago";96;0;1;0;0;;;;1;0;0;0;3;;;;3;4
"097061";"Osnago";97;0;1;0;0;;;;1;1;0;0;1;;;;2;3
"097061";"Osnago";98;0;0;0;0;;;;0;0;0;0;1;;;;1;1
"097061";"Osnago";99;0;0;0;0;;;;0;0;0;0;1;;;;1;1
"097061";"Osnago";100;0;0;0;0;;;;0;0;0;0;0;;;;0;0
"097061";"Osnago";999;1091;1077;67;64;;;;2299;972;1098;110;290;;;;2470;4769
"097062";"Paderno d'Adda";0;9;0;0;0;;;;9;12;0;0;0;;;;12;21
"097062";"Paderno d'Adda";1;6;0;0;0;;;;6;11;0;0;0;;;;11;17
"097062";"Paderno d'Adda";2;9;0;0;0;;;;9;11;0;0;0;;;;11;20
"097062";"Paderno d'Adda";3;17;0;0;0;;;;17;8;0;0;0;;;;8;25
"097062";"Paderno d'Adda";4;7;0;0;0;;;;7;17;0;0;0;;;;17;24
"097062";"Paderno d'Adda";5;20;0;0;0;;;;20;9;0;0;0;;;;9;29
"097062";"Paderno d'Adda";6;13;0;0;0;;;;13;17;0;0;0;;;;17;30
"097062";"Paderno d'Adda";7;17;0;0;0;;;;17;12;0;0;0;;;;12;29
"097062";"Paderno d'Adda";8;15;0;0;0;;;;15;25;0;0;0;;;;25;40
"097062";"Paderno d'Adda";9;19;0;0;0;;;;19;15;0;0;0;;;;15;34
"097062";"Paderno d'Adda";10;9;0;0;0;;;;9;17;0;0;0;;;;17;26
"097062";"Paderno d'Adda";11;23;0;0;0;;;;23;25;0;0;0;;;;25;48
"097062";"Paderno d'Adda";12;22;0;0;0;;;;22;21;0;0;0;;;;21;43
"097062";"Paderno d'Adda";13;20;0;0;0;;;;20;21;0;0;0;;;;21;41
"097062";"Paderno d'Adda";14;29;0;0;0;;;;29;29;0;0;0;;;;29;58
"097062";"Paderno d'Adda";15;34;0;0;0;;;;34;20;0;0;0;;;;20;54
"097062";"Paderno d'Adda";16;28;0;0;0;;;;28;23;0;0;0;;;;23;51
"097062";"Paderno d'Adda";17;21;0;0;0;;;;21;31;0;0;0;;;;31;52
"097062";"Paderno d'Adda";18;21;0;0;0;;;;21;20;0;0;0;;;;20;41
"097062";"Paderno d'Adda";19;29;0;0;0;;;;29;23;0;0;0;;;;23;52
"097062";"Paderno d'Adda";20;18;0;0;0;;;;18;23;0;0;0;;;;23;41
"097062";"Paderno d'Adda";21;24;0;0;0;;;;24;16;0;0;0;;;;16;40
"097062";"Paderno d'Adda";22;19;0;0;0;;;;19;21;0;0;0;;;;21;40
"097062";"Paderno d'Adda";23;17;0;0;0;;;;17;19;1;0;0;;;;20;37
"097062";"Paderno d'Adda";24;17;0;0;0;;;;17;23;0;0;0;;;;23;40
"097062";"Paderno d'Adda";25;27;0;0;0;;;;27;18;0;0;0;;;;18;45
"097062";"Paderno d'Adda";26;32;1;0;0;;;;33;14;3;0;0;;;;17;50
"097062";"Paderno d'Adda";27;19;0;0;0;;;;19;17;2;0;0;;;;19;38
"097062";"Paderno d'Adda";28;20;3;0;0;;;;23;17;1;0;0;;;;18;41
"097062";"Paderno d'Adda";29;15;0;0;0;;;;15;14;5;0;0;;;;19;34
"097062";"Paderno d'Adda";30;14;0;0;0;;;;14;17;3;1;0;;;;21;35
"097062";"Paderno d'Adda";31;12;0;0;0;;;;12;9;6;0;0;;;;15;27
"097062";"Paderno d'Adda";32;21;1;0;0;;;;22;13;8;0;0;;;;21;43
"097062";"Paderno d'Adda";33;14;4;1;0;;;;19;10;11;0;0;;;;21;40
"097062";"Paderno d'Adda";34;15;4;0;0;;;;19;11;12;1;0;;;;24;43
"097062";"Paderno d'Adda";35;10;6;0;0;;;;16;9;8;0;0;;;;17;33
"097062";"Paderno d'Adda";36;9;5;0;0;;;;14;3;9;1;0;;;;13;27
"097062";"Paderno d'Adda";37;14;5;0;0;;;;19;6;6;1;0;;;;13;32
"097062";"Paderno d'Adda";38;14;10;1;0;;;;25;9;13;1;0;;;;23;48
"097062";"Paderno d'Adda";39;4;8;0;0;;;;12;4;15;1;0;;;;20;32
"097062";"Paderno d'Adda";40;12;8;0;0;;;;20;5;7;0;0;;;;12;32
"097062";"Paderno d'Adda";41;8;9;1;0;;;;18;7;10;0;0;;;;17;35
"097062";"Paderno d'Adda";42;7;10;1;0;;;;18;6;9;0;0;;;;15;33
"097062";"Paderno d'Adda";43;10;10;1;0;;;;21;6;17;3;0;;;;26;47
"097062";"Paderno d'Adda";44;12;17;1;0;;;;30;8;14;1;0;;;;23;53
"097062";"Paderno d'Adda";45;12;12;0;0;;;;24;6;21;2;0;;;;29;53
"097062";"Paderno d'Adda";46;13;18;4;0;;;;35;5;34;0;0;;;;39;74
"097062";"Paderno d'Adda";47;15;17;1;0;;;;33;3;18;4;0;;;;25;58
"097062";"Paderno d'Adda";48;7;20;1;0;;;;28;9;21;0;0;;;;30;58
"097062";"Paderno d'Adda";49;12;29;1;0;;;;42;5;19;3;1;;;;28;70
"097062";"Paderno d'Adda";50;16;19;1;0;;;;36;9;30;1;1;;;;41;77
"097062";"Paderno d'Adda";51;12;34;4;0;;;;50;2;36;3;0;;;;41;91
"097062";"Paderno d'Adda";52;11;26;2;0;;;;39;7;25;4;0;;;;36;75
"097062";"Paderno d'Adda";53;7;22;2;0;;;;31;4;20;6;2;;;;32;63
"097062";"Paderno d'Adda";54;7;23;1;0;;;;31;7;24;0;3;;;;34;65
"097062";"Paderno d'Adda";55;7;24;1;0;;;;32;5;29;4;0;;;;38;70
"097062";"Paderno d'Adda";56;7;24;0;1;;;;32;9;21;4;0;;;;34;66
"097062";"Paderno d'Adda";57;4;18;3;0;;;;25;5;16;9;0;;;;30;55
"097062";"Paderno d'Adda";58;11;22;2;0;;;;35;3;20;2;1;;;;26;61
"097062";"Paderno d'Adda";59;9;13;2;0;;;;24;2;16;3;1;;;;22;46
"097062";"Paderno d'Adda";60;9;19;1;0;;;;29;10;20;3;1;;;;34;63
"097062";"Paderno d'Adda";61;6;18;4;0;;;;28;1;21;1;4;;;;27;55
"097062";"Paderno d'Adda";62;3;17;5;0;;;;25;6;18;3;1;;;;28;53
"097062";"Paderno d'Adda";63;7;15;3;0;;;;25;5;17;2;5;;;;29;54
"097062";"Paderno d'Adda";64;3;23;1;0;;;;27;4;19;5;0;;;;28;55
"097062";"Paderno d'Adda";65;4;17;3;1;;;;25;5;19;3;2;;;;29;54
"097062";"Paderno d'Adda";66;4;15;2;1;;;;22;2;11;5;1;;;;19;41
"097062";"Paderno d'Adda";67;1;16;3;1;;;;21;5;12;1;7;;;;25;46
"097062";"Paderno d'Adda";68;4;23;3;1;;;;31;3;13;0;1;;;;17;48
"097062";"Paderno d'Adda";69;2;19;0;1;;;;22;3;16;3;3;;;;25;47
"097062";"Paderno d'Adda";70;1;14;2;0;;;;17;1;19;2;2;;;;24;41
"097062";"Paderno d'Adda";71;4;13;1;0;;;;18;1;14;0;3;;;;18;36
"097062";"Paderno d'Adda";72;1;17;1;1;;;;20;1;4;1;5;;;;11;31
"097062";"Paderno d'Adda";73;2;14;0;1;;;;17;1;19;1;9;;;;30;47
"097062";"Paderno d'Adda";74;2;14;1;1;;;;18;2;22;1;6;;;;31;49
"097062";"Paderno d'Adda";75;2;15;2;3;;;;22;5;21;0;10;;;;36;58
"097062";"Paderno d'Adda";76;3;12;0;4;;;;19;0;15;0;2;;;;17;36
"097062";"Paderno d'Adda";77;1;20;0;2;;;;23;0;10;0;6;;;;16;39
"097062";"Paderno d'Adda";78;2;15;1;2;;;;20;1;10;0;8;;;;19;39
"097062";"Paderno d'Adda";79;1;10;1;5;;;;17;0;5;1;5;;;;11;28
"097062";"Paderno d'Adda";80;0;8;0;2;;;;10;0;3;1;14;;;;18;28
"097062";"Paderno d'Adda";81;1;13;0;0;;;;14;0;10;1;7;;;;18;32
"097062";"Paderno d'Adda";82;0;6;1;2;;;;9;1;5;0;8;;;;14;23
"097062";"Paderno d'Adda";83;1;10;0;1;;;;12;2;5;0;8;;;;15;27
"097062";"Paderno d'Adda";84;0;13;0;1;;;;14;0;6;0;6;;;;12;26
"097062";"Paderno d'Adda";85;0;5;0;1;;;;6;3;5;0;11;;;;19;25
"097062";"Paderno d'Adda";86;1;5;0;1;;;;7;0;4;0;6;;;;10;17
"097062";"Paderno d'Adda";87;0;8;0;2;;;;10;0;2;0;7;;;;9;19
"097062";"Paderno d'Adda";88;0;1;1;5;;;;7;0;2;0;9;;;;11;18
"097062";"Paderno d'Adda";89;0;1;0;2;;;;3;1;2;1;8;;;;12;15
"097062";"Paderno d'Adda";90;0;3;0;1;;;;4;1;0;0;6;;;;7;11
"097062";"Paderno d'Adda";91;0;2;0;1;;;;3;0;0;0;7;;;;7;10
"097062";"Paderno d'Adda";92;0;0;0;2;;;;2;2;0;0;7;;;;9;11
"097062";"Paderno d'Adda";93;0;2;0;0;;;;2;0;1;0;2;;;;3;5
"097062";"Paderno d'Adda";94;0;0;0;0;;;;0;0;0;0;3;;;;3;3
"097062";"Paderno d'Adda";95;0;0;0;0;;;;0;0;0;0;0;;;;0;0
"097062";"Paderno d'Adda";96;0;0;0;1;;;;1;0;0;0;2;;;;2;3
"097062";"Paderno d'Adda";97;0;0;0;0;;;;0;0;0;0;2;;;;2;2
"097062";"Paderno d'Adda";98;0;1;0;0;;;;1;0;0;0;1;;;;1;2
"097062";"Paderno d'Adda";99;0;0;0;0;;;;0;0;0;0;0;;;;0;0
"097062";"Paderno d'Adda";100;0;0;0;0;;;;0;0;0;0;1;;;;1;1
"097062";"Paderno d'Adda";999;967;826;67;47;;;;1907;819;860;90;205;;;;1974;3881
"097063";"Pagnona";0;0;0;0;0;;;;0;0;0;0;0;;;;0;0
"097063";"Pagnona";1;0;0;0;0;;;;0;0;0;0;0;;;;0;0
"097063";"Pagnona";2;0;0;0;0;;;;0;0;0;0;0;;;;0;0
"097063";"Pagnona";3;1;0;0;0;;;;1;0;0;0;0;;;;0;1
"097063";"Pagnona";4;0;0;0;0;;;;0;1;0;0;0;;;;1;1
"097063";"Pagnona";5;1;0;0;0;;;;1;0;0;0;0;;;;0;1
"097063";"Pagnona";6;0;0;0;0;;;;0;1;0;0;0;;;;1;1
"097063";"Pagnona";7;0;0;0;0;;;;0;0;0;0;0;;;;0;0
"097063";"Pagnona";8;1;0;0;0;;;;1;0;0;0;0;;;;0;1
"097063";"Pagnona";9;0;0;0;0;;;;0;0;0;0;0;;;;0;0
"097063";"Pagnona";10;0;0;0;0;;;;0;2;0;0;0;;;;2;2
"097063";"Pagnona";11;0;0;0;0;;;;0;0;0;0;0;;;;0;0
"097063";"Pagnona";12;0;0;0;0;;;;0;1;0;0;0;;;;1;1
"097063";"Pagnona";13;1;0;0;0;;;;1;1;0;0;0;;;;1;2
"097063";"Pagnona";14;2;0;0;0;;;;2;0;0;0;0;;;;0;2
"097063";"Pagnona";15;1;0;0;0;;;;1;1;0;0;0;;;;1;2
"097063";"Pagnona";16;1;0;0;0;;;;1;0;0;0;0;;;;0;1
"097063";"Pagnona";17;3;0;0;0;;;;3;1;0;0;0;;;;1;4
"097063";"Pagnona";18;1;0;0;0;;;;1;2;0;0;0;;;;2;3
"097063";"Pagnona";19;0;0;0;0;;;;0;0;0;0;0;;;;0;0
"097063";"Pagnona";20;1;0;0;0;;;;1;1;0;0;0;;;;1;2
"097063";"Pagnona";21;0;0;0;0;;;;0;6;0;0;0;;;;6;6
"097063";"Pagnona";22;1;0;0;0;;;;1;1;0;0;0;;;;1;2
"097063";"Pagnona";23;5;0;0;0;;;;5;1;0;0;0;;;;1;6
"097063";"Pagnona";24;0;0;0;0;;;;0;3;0;0;0;;;;3;3
"097063";"Pagnona";25;1;0;0;0;;;;1;0;0;0;0;;;;0;1
"097063";"Pagnona";26;6;0;0;0;;;;6;0;0;0;0;;;;0;6
"097063";"Pagnona";27;1;0;0;0;;;;1;1;0;0;0;;;;1;2
"097063";"Pagnona";28;0;0;0;0;;;;0;0;0;0;0;;;;0;0
"097063";"Pagnona";29;0;0;0;0;;;;0;0;0;0;0;;;;0;0
"097063";"Pagnona";30;1;0;0;0;;;;1;1;0;0;0;;;;1;2
"097063";"Pagnona";31;1;0;0;0;;;;1;0;1;0;0;;;;1;2
"097063";"Pagnona";32;0;0;0;0;;;;0;0;0;0;0;;;;0;0
"097063";"Pagnona";33;0;0;0;0;;;;0;1;0;0;0;;;;1;1
"097063";"Pagnona";34;1;0;0;0;;;;1;1;0;0;0;;;;1;2
"097063";"Pagnona";35;0;0;0;0;;;;0;0;0;0;0;;;;0;0
"097063";"Pagnona";36;1;0;0;0;;;;1;0;1;0;0;;;;1;2
"097063";"Pagnona";37;0;1;0;0;;;;1;0;1;0;0;;;;1;2
"097063";"Pagnona";38;1;0;0;0;;;;1;0;1;0;0;;;;1;2
"097063";"Pagnona";39;0;1;0;0;;;;1;0;2;0;0;;;;2;3
"097063";"Pagnona";40;1;1;0;0;;;;2;0;0;0;0;;;;0;2
"097063";"Pagnona";41;1;0;0;0;;;;1;0;0;0;0;;;;0;1
"097063";"Pagnona";42;2;0;0;0;;;;2;1;1;0;0;;;;2;4
"097063";"Pagnona";43;0;1;0;0;;;;1;0;0;0;0;;;;0;1
"097063";"Pagnona";44;0;0;0;0;;;;0;0;0;0;0;;;;0;0
"097063";"Pagnona";45;1;0;0;0;;;;1;2;0;0;0;;;;2;3
"097063";"Pagnona";46;1;1;0;0;;;;2;1;1;0;0;;;;2;4
"097063";"Pagnona";47;1;0;0;0;;;;1;1;2;0;0;;;;3;4
"097063";"Pagnona";48;1;1;0;0;;;;2;1;2;0;0;;;;3;5
"097063";"Pagnona";49;0;1;0;0;;;;1;0;0;0;0;;;;0;1
"097063";"Pagnona";50;2;1;0;0;;;;3;0;2;0;0;;;;2;5
"097063";"Pagnona";51;2;2;0;0;;;;4;1;1;0;0;;;;2;6
"097063";"Pagnona";52;2;0;0;0;;;;2;0;2;0;0;;;;2;4
"097063";"Pagnona";53;0;4;0;0;;;;4;1;3;0;0;;;;4;8
"097063";"Pagnona";54;2;1;0;0;;;;3;0;4;0;0;;;;4;7
"097063";"Pagnona";55;0;0;0;0;;;;0;0;2;0;0;;;;2;2
"097063";"Pagnona";56;1;3;0;0;;;;4;2;0;1;0;;;;3;7
"097063";"Pagnona";57;2;2;1;0;;;;5;0;2;0;0;;;;2;7
"097063";"Pagnona";58;1;1;1;0;;;;3;2;2;1;0;;;;5;8
"097063";"Pagnona";59;0;2;0;0;;;;2;0;1;0;0;;;;1;3
"097063";"Pagnona";60;2;3;1;0;;;;6;0;5;0;0;;;;5;11
"097063";"Pagnona";61;2;4;1;0;;;;7;0;5;0;0;;;;5;12
"097063";"Pagnona";62;1;2;1;0;;;;4;0;3;0;0;;;;3;7
"097063";"Pagnona";63;2;3;0;0;;;;5;1;2;0;0;;;;3;8
"097063";"Pagnona";64;1;3;0;0;;;;4;0;2;0;1;;;;3;7
"097063";"Pagnona";65;0;2;0;0;;;;2;1;1;0;0;;;;2;4
"097063";"Pagnona";66;0;3;0;0;;;;3;1;2;0;0;;;;3;6
"097063";"Pagnona";67;1;2;0;0;;;;3;0;0;0;0;;;;0;3
"097063";"Pagnona";68;1;5;1;0;;;;7;1;2;0;0;;;;3;10
"097063";"Pagnona";69;1;2;0;0;;;;3;0;1;0;0;;;;1;4
"097063";"Pagnona";70;1;2;1;0;;;;4;1;5;0;1;;;;7;11
"097063";"Pagnona";71;1;1;0;0;;;;2;0;0;0;0;;;;0;2
"097063";"Pagnona";72;1;1;0;0;;;;2;0;2;0;2;;;;4;6
"097063";"Pagnona";73;2;2;0;0;;;;4;0;0;0;0;;;;0;4
"097063";"Pagnona";74;3;0;0;0;;;;3;0;2;0;0;;;;2;5
"097063";"Pagnona";75;0;2;0;0;;;;2;0;1;0;2;;;;3;5
"097063";"Pagnona";76;2;3;0;0;;;;5;0;2;0;2;;;;4;9
"097063";"Pagnona";77;0;1;0;1;;;;2;0;1;0;1;;;;2;4
"097063";"Pagnona";78;0;1;0;0;;;;1;0;0;1;1;;;;2;3
"097063";"Pagnona";79;0;0;0;0;;;;0;0;1;1;0;;;;2;2
"097063";"Pagnona";80;0;1;0;0;;;;1;0;0;0;1;;;;1;2
"097063";"Pagnona";81;0;1;0;0;;;;1;0;2;0;0;;;;2;3
"097063";"Pagnona";82;1;1;0;0;;;;2;0;0;0;2;;;;2;4
"097063";"Pagnona";83;0;4;0;0;;;;4;0;0;0;5;;;;5;9
"097063";"Pagnona";84;0;1;0;0;;;;1;0;0;0;3;;;;3;4
"097063";"Pagnona";85;0;1;0;0;;;;1;0;0;0;4;;;;4;5
"097063";"Pagnona";86;0;1;0;1;;;;2;0;0;0;0;;;;0;2
"097063";"Pagnona";87;0;0;0;0;;;;0;0;0;0;1;;;;1;1
"097063";"Pagnona";88;0;0;0;0;;;;0;0;0;0;2;;;;2;2
"097063";"Pagnona";89;0;0;0;1;;;;1;0;0;0;2;;;;2;3
"097063";"Pagnona";90;0;0;0;0;;;;0;0;0;0;0;;;;0;0
"097063";"Pagnona";91;0;0;0;0;;;;0;0;0;0;1;;;;1;1
"097063";"Pagnona";92;0;0;0;0;;;;0;0;0;0;1;;;;1;1
"097063";"Pagnona";93;0;0;0;0;;;;0;0;0;0;0;;;;0;0
"097063";"Pagnona";94;0;0;0;0;;;;0;0;1;0;0;;;;1;1
"097063";"Pagnona";95;0;0;0;0;;;;0;0;0;0;1;;;;1;1
"097063";"Pagnona";96;0;0;0;0;;;;0;0;0;0;0;;;;0;0
"097063";"Pagnona";97;0;0;0;0;;;;0;0;0;0;0;;;;0;0
"097063";"Pagnona";98;0;0;0;0;;;;0;0;0;0;0;;;;0;0
"097063";"Pagnona";99;0;0;0;0;;;;0;0;0;0;0;;;;0;0
"097063";"Pagnona";100;0;0;0;0;;;;0;0;0;0;0;;;;0;0
"097063";"Pagnona";999;74;75;7;3;;;;159;43;71;4;33;;;;151;310
"097064";"Parlasco";0;1;0;0;0;;;;1;0;0;0;0;;;;0;1
"097064";"Parlasco";1;0;0;0;0;;;;0;0;0;0;0;;;;0;0
"097064";"Parlasco";2;0;0;0;0;;;;0;2;0;0;0;;;;2;2
"097064";"Parlasco";3;0;0;0;0;;;;0;0;0;0;0;;;;0;0
"097064";"Parlasco";4;0;0;0;0;;;;0;0;0;0;0;;;;0;0
"097064";"Parlasco";5;0;0;0;0;;;;0;1;0;0;0;;;;1;1
"097064";"Parlasco";6;0;0;0;0;;;;0;0;0;0;0;;;;0;0
"097064";"Parlasco";7;0;0;0;0;;;;0;0;0;0;0;;;;0;0
"097064";"Parlasco";8;1;0;0;0;;;;1;0;0;0;0;;;;0;1
"097064";"Parlasco";9;0;0;0;0;;;;0;0;0;0;0;;;;0;0
"097064";"Parlasco";10;1;0;0;0;;;;1;0;0;0;0;;;;0;1
"097064";"Parlasco";11;1;0;0;0;;;;1;0;0;0;0;;;;0;1
"097064";"Parlasco";12;1;0;0;0;;;;1;0;0;0;0;;;;0;1
"097064";"Parlasco";13;0;0;0;0;;;;0;0;0;0;0;;;;0;0
"097064";"Parlasco";14;0;0;0;0;;;;0;0;0;0;0;;;;0;0
"097064";"Parlasco";15;0;0;0;0;;;;0;0;0;0;0;;;;0;0
"097064";"Parlasco";16;2;0;0;0;;;;2;0;0;0;0;;;;0;2
"097064";"Parlasco";17;0;0;0;0;;;;0;0;0;0;0;;;;0;0
"097064";"Parlasco";18;0;0;0;0;;;;0;0;0;0;0;;;;0;0
"097064";"Parlasco";19;1;0;0;0;;;;1;0;0;0;0;;;;0;1
"097064";"Parlasco";20;1;0;0;0;;;;1;0;0;0;0;;;;0;1
"097064";"Parlasco";21;2;0;0;0;;;;2;0;0;0;0;;;;0;2
"097064";"Parlasco";22;0;0;0;0;;;;0;1;0;0;0;;;;1;1
"097064";"Parlasco";23;1;0;0;0;;;;1;0;0;0;0;;;;0;1
"097064";"Parlasco";24;3;0;0;0;;;;3;1;0;0;0;;;;1;4
"097064";"Parlasco";25;0;0;0;0;;;;0;0;0;0;0;;;;0;0
"097064";"Parlasco";26;0;0;0;0;;;;0;0;0;0;0;;;;0;0
"097064";"Parlasco";27;1;0;0;0;;;;1;0;0;0;0;;;;0;1
"097064";"Parlasco";28;1;0;0;0;;;;1;0;0;0;0;;;;0;1
"097064";"Parlasco";29;2;0;0;0;;;;2;2;0;0;0;;;;2;4
"097064";"Parlasco";30;0;0;0;0;;;;0;0;0;0;0;;;;0;0
"097064";"Parlasco";31;0;0;0;0;;;;0;1;0;0;0;;;;1;1
"097064";"Parlasco";32;0;0;0;0;;;;0;0;0;0;0;;;;0;0
"097064";"Parlasco";33;1;0;0;0;;;;1;1;1;0;0;;;;2;3
"097064";"Parlasco";34;0;1;0;0;;;;1;0;0;0;0;;;;0;1
"097064";"Parlasco";35;0;0;0;0;;;;0;1;0;0;0;;;;1;1
"097064";"Parlasco";36;0;0;0;0;;;;0;1;0;0;0;;;;1;1
"097064";"Parlasco";37;1;1;0;0;;;;2;0;0;0;0;;;;0;2
"097064";"Parlasco";38;1;0;0;0;;;;1;0;0;0;0;;;;0;1
"097064";"Parlasco";39;0;0;0;0;;;;0;0;0;0;0;;;;0;0
"097064";"Parlasco";40;3;0;0;0;;;;3;0;0;0;0;;;;0;3
"097064";"Parlasco";41;0;0;0;0;;;;0;0;0;0;0;;;;0;0
"097064";"Parlasco";42;0;1;0;0;;;;1;0;0;0;0;;;;0;1
"097064";"Parlasco";43;0;0;0;0;;;;0;0;2;0;0;;;;2;2
"097064";"Parlasco";44;2;0;0;0;;;;2;0;0;1;0;;;;1;3
"097064";"Parlasco";45;0;1;0;0;;;;1;0;0;0;0;;;;0;1
"097064";"Parlasco";46;1;1;0;0;;;;2;0;2;0;0;;;;2;4
"097064";"Parlasco";47;0;1;0;0;;;;1;1;0;0;0;;;;1;2
"097064";"Parlasco";48;0;0;0;0;;;;0;1;0;0;0;;;;1;1
"097064";"Parlasco";49;1;0;0;0;;;;1;0;0;0;0;;;;0;1
"097064";"Parlasco";50;1;0;0;0;;;;1;0;0;0;0;;;;0;1
"097064";"Parlasco";51;0;1;0;0;;;;1;1;1;0;0;;;;2;3
"097064";"Parlasco";52;1;0;1;0;;;;2;0;1;0;0;;;;1;3
"097064";"Parlasco";53;0;0;0;0;;;;0;0;0;0;0;;;;0;0
"097064";"Parlasco";54;1;0;0;0;;;;1;1;0;1;0;;;;2;3
"097064";"Parlasco";55;0;1;0;0;;;;1;0;1;0;0;;;;1;2
"097064";"Parlasco";56;1;1;0;0;;;;2;1;0;0;0;;;;1;3
"097064";"Parlasco";57;0;2;0;0;;;;2;0;2;0;0;;;;2;4
"097064";"Parlasco";58;0;2;0;0;;;;2;0;2;0;0;;;;2;4
"097064";"Parlasco";59;0;1;0;1;;;;2;0;3;0;0;;;;3;5
"097064";"Parlasco";60;1;0;0;0;;;;1;0;1;0;0;;;;1;2
"097064";"Parlasco";61;0;0;0;0;;;;0;0;0;0;0;;;;0;0
"097064";"Parlasco";62;0;1;0;0;;;;1;0;1;0;0;;;;1;2
"097064";"Parlasco";63;0;0;0;0;;;;0;0;1;0;0;;;;1;1
"097064";"Parlasco";64;0;2;0;0;;;;2;0;2;0;0;;;;2;4
"097064";"Parlasco";65;0;0;0;0;;;;0;0;0;0;0;;;;0;0
"097064";"Parlasco";66;1;2;1;0;;;;4;0;1;0;0;;;;1;5
"097064";"Parlasco";67;0;1;0;0;;;;1;0;2;0;0;;;;2;3
"097064";"Parlasco";68;0;2;0;0;;;;2;0;2;0;0;;;;2;4
"097064";"Parlasco";69;0;0;0;0;;;;0;0;2;0;0;;;;2;2
"097064";"Parlasco";70;0;2;0;0;;;;2;0;0;0;0;;;;0;2
"097064";"Parlasco";71;0;0;0;0;;;;0;0;0;0;0;;;;0;0
"097064";"Parlasco";72;0;0;0;0;;;;0;0;1;0;0;;;;1;1
"097064";"Parlasco";73;0;2;0;0;;;;2;0;0;0;0;;;;0;2
"097064";"Parlasco";74;0;0;0;0;;;;0;0;1;0;1;;;;2;2
"097064";"Parlasco";75;0;1;0;1;;;;2;2;0;0;0;;;;2;4
"097064";"Parlasco";76;0;0;0;0;;;;0;0;1;1;0;;;;2;2
"097064";"Parlasco";77;0;1;0;0;;;;1;2;0;0;0;;;;2;3
"097064";"Parlasco";78;0;3;0;0;;;;3;0;0;1;0;;;;1;4
"097064";"Parlasco";79;0;0;0;0;;;;0;0;0;0;0;;;;0;0
"097064";"Parlasco";80;0;0;0;0;;;;0;0;0;0;1;;;;1;1
"097064";"Parlasco";81;0;0;0;0;;;;0;0;0;0;1;;;;1;1
"097064";"Parlasco";82;0;0;0;1;;;;1;0;0;0;0;;;;0;1
"097064";"Parlasco";83;0;0;0;0;;;;0;0;1;0;0;;;;1;1
"097064";"Parlasco";84;0;0;0;0;;;;0;0;1;0;1;;;;2;2
"097064";"Parlasco";85;0;0;0;0;;;;0;0;0;0;0;;;;0;0
"097064";"Parlasco";86;0;1;0;0;;;;1;0;0;0;1;;;;1;2
"097064";"Parlasco";87;0;0;0;0;;;;0;0;0;0;0;;;;0;0
"097064";"Parlasco";88;0;0;0;0;;;;0;0;0;0;0;;;;0;0
"097064";"Parlasco";89;0;0;0;0;;;;0;0;0;0;1;;;;1;1
"097064";"Parlasco";90;0;0;0;0;;;;0;0;0;0;0;;;;0;0
"097064";"Parlasco";91;0;0;0;0;;;;0;0;0;0;0;;;;0;0
"097064";"Parlasco";92;0;0;0;0;;;;0;0;0;0;0;;;;0;0
"097064";"Parlasco";93;0;0;0;0;;;;0;0;0;0;0;;;;0;0
"097064";"Parlasco";94;0;0;0;0;;;;0;0;0;0;1;;;;1;1
"097064";"Parlasco";95;0;0;0;0;;;;0;0;0;0;0;;;;0;0
"097064";"Parlasco";96;0;0;0;0;;;;0;0;0;0;0;;;;0;0
"097064";"Parlasco";97;0;1;0;0;;;;1;0;0;0;0;;;;0;1
"097064";"Parlasco";98;0;0;0;0;;;;0;0;0;0;0;;;;0;0
"097064";"Parlasco";99;0;0;0;0;;;;0;0;0;0;1;;;;1;1
"097064";"Parlasco";100;0;0;0;0;;;;0;0;0;0;0;;;;0;0
"097064";"Parlasco";999;35;33;2;3;;;;73;20;32;4;8;;;;64;137
"097065";"Pasturo";0;9;0;0;0;;;;9;7;0;0;0;;;;7;16
"097065";"Pasturo";1;7;0;0;0;;;;7;9;0;0;0;;;;9;16
"097065";"Pasturo";2;9;0;0;0;;;;9;3;0;0;0;;;;3;12
"097065";"Pasturo";3;9;0;0;0;;;;9;8;0;0;0;;;;8;17
"097065";"Pasturo";4;6;0;0;0;;;;6;5;0;0;0;;;;5;11
"097065";"Pasturo";5;10;0;0;0;;;;10;6;0;0;0;;;;6;16
"097065";"Pasturo";6;8;0;0;0;;;;8;4;0;0;0;;;;4;12
"097065";"Pasturo";7;6;0;0;0;;;;6;8;0;0;0;;;;8;14
"097065";"Pasturo";8;9;0;0;0;;;;9;10;0;0;0;;;;10;19
"097065";"Pasturo";9;7;0;0;0;;;;7;9;0;0;0;;;;9;16
"097065";"Pasturo";10;13;0;0;0;;;;13;11;0;0;0;;;;11;24
"097065";"Pasturo";11;5;0;0;0;;;;5;5;0;0;0;;;;5;10
"097065";"Pasturo";12;19;0;0;0;;;;19;8;0;0;0;;;;8;27
"097065";"Pasturo";13;11;0;0;0;;;;11;6;0;0;0;;;;6;17
"097065";"Pasturo";14;10;0;0;0;;;;10;8;0;0;0;;;;8;18
"097065";"Pasturo";15;8;0;0;0;;;;8;14;0;0;0;;;;14;22
"097065";"Pasturo";16;13;0;0;0;;;;13;5;0;0;0;;;;5;18
"097065";"Pasturo";17;15;0;0;0;;;;15;9;0;0;0;;;;9;24
"097065";"Pasturo";18;14;0;0;0;;;;14;10;0;0;0;;;;10;24
"097065";"Pasturo";19;13;0;0;0;;;;13;14;0;0;0;;;;14;27
"097065";"Pasturo";20;7;0;0;0;;;;7;6;0;0;0;;;;6;13
"097065";"Pasturo";21;11;0;0;0;;;;11;11;0;0;0;;;;11;22
"097065";"Pasturo";22;8;0;0;0;;;;8;9;0;0;0;;;;9;17
"097065";"Pasturo";23;6;0;0;0;;;;6;6;1;0;0;;;;7;13
"097065";"Pasturo";24;6;0;0;0;;;;6;8;1;0;0;;;;9;15
"097065";"Pasturo";25;13;1;0;0;;;;14;11;1;0;0;;;;12;26
"097065";"Pasturo";26;6;0;0;0;;;;6;8;0;0;0;;;;8;14
"097065";"Pasturo";27;11;1;0;0;;;;12;9;0;0;0;;;;9;21
"097065";"Pasturo";28;10;1;0;0;;;;11;10;2;0;0;;;;12;23
"097065";"Pasturo";29;9;0;0;0;;;;9;7;3;0;0;;;;10;19
"097065";"Pasturo";30;6;1;0;0;;;;7;6;3;0;0;;;;9;16
"097065";"Pasturo";31;5;3;0;0;;;;8;4;9;0;0;;;;13;21
"097065";"Pasturo";32;3;5;0;0;;;;8;5;3;0;0;;;;8;16
"097065";"Pasturo";33;9;4;0;0;;;;13;9;4;0;0;;;;13;26
"097065";"Pasturo";34;8;4;0;0;;;;12;3;3;0;0;;;;6;18
"097065";"Pasturo";35;9;2;0;0;;;;11;2;4;0;0;;;;6;17
"097065";"Pasturo";36;5;1;0;0;;;;6;4;2;0;0;;;;6;12
"097065";"Pasturo";37;8;5;0;0;;;;13;11;6;0;0;;;;17;30
"097065";"Pasturo";38;12;4;0;0;;;;16;2;7;0;0;;;;9;25
"097065";"Pasturo";39;5;3;0;0;;;;8;3;8;0;0;;;;11;19
"097065";"Pasturo";40;6;6;0;0;;;;12;8;6;1;0;;;;15;27
"097065";"Pasturo";41;6;3;0;0;;;;9;2;7;1;0;;;;10;19
"097065";"Pasturo";42;2;8;0;0;;;;10;3;3;0;0;;;;6;16
"097065";"Pasturo";43;1;7;1;0;;;;9;4;6;0;0;;;;10;19
"097065";"Pasturo";44;7;4;1;0;;;;12;4;12;0;0;;;;16;28
"097065";"Pasturo";45;8;6;0;0;;;;14;0;8;0;0;;;;8;22
"097065";"Pasturo";46;6;11;0;1;;;;18;4;8;1;1;;;;14;32
"097065";"Pasturo";47;3;12;0;0;;;;15;1;11;0;0;;;;12;27
"097065";"Pasturo";48;3;11;0;0;;;;14;2;16;1;0;;;;19;33
"097065";"Pasturo";49;5;9;1;0;;;;15;6;5;2;1;;;;14;29
"097065";"Pasturo";50;7;9;0;0;;;;16;2;8;1;1;;;;12;28
"097065";"Pasturo";51;6;13;2;0;;;;21;2;10;0;0;;;;12;33
"097065";"Pasturo";52;3;6;0;0;;;;9;2;15;3;1;;;;21;30
"097065";"Pasturo";53;6;8;1;1;;;;16;1;14;2;0;;;;17;33
"097065";"Pasturo";54;6;10;0;0;;;;16;3;10;1;1;;;;15;31
"097065";"Pasturo";55;7;11;1;0;;;;19;2;11;0;0;;;;13;32
"097065";"Pasturo";56;3;15;0;0;;;;18;6;14;2;0;;;;22;40
"097065";"Pasturo";57;4;12;2;0;;;;18;4;14;6;0;;;;24;42
"097065";"Pasturo";58;5;8;2;0;;;;15;2;15;1;0;;;;18;33
"097065";"Pasturo";59;2;11;0;2;;;;15;1;16;1;1;;;;19;34
"097065";"Pasturo";60;3;18;3;0;;;;24;2;10;1;0;;;;13;37
"097065";"Pasturo";61;2;21;1;0;;;;24;4;16;1;0;;;;21;45
"097065";"Pasturo";62;2;13;2;0;;;;17;1;15;1;1;;;;18;35
"097065";"Pasturo";63;1;14;1;1;;;;17;1;21;1;1;;;;24;41
"097065";"Pasturo";64;3;14;2;0;;;;19;1;14;0;2;;;;17;36
"097065";"Pasturo";65;1;12;0;0;;;;13;2;8;0;2;;;;12;25
"097065";"Pasturo";66;2;12;2;0;;;;16;2;4;1;1;;;;8;24
"097065";"Pasturo";67;0;9;1;1;;;;11;1;5;0;1;;;;7;18
"097065";"Pasturo";68;1;13;1;0;;;;15;1;6;2;0;;;;9;24
"097065";"Pasturo";69;0;11;1;0;;;;12;0;5;0;1;;;;6;18
"097065";"Pasturo";70;2;5;0;0;;;;7;0;8;0;2;;;;10;17
"097065";"Pasturo";71;2;8;0;0;;;;10;1;6;0;1;;;;8;18
"097065";"Pasturo";72;3;5;0;2;;;;10;0;6;0;0;;;;6;16
"097065";"Pasturo";73;1;10;0;1;;;;12;1;7;0;1;;;;9;21
"097065";"Pasturo";74;2;6;0;0;;;;8;1;6;0;0;;;;7;15
"097065";"Pasturo";75;0;7;0;0;;;;7;1;5;1;1;;;;8;15
"097065";"Pasturo";76;2;7;1;0;;;;10;0;6;1;4;;;;11;21
"097065";"Pasturo";77;1;11;0;1;;;;13;1;7;0;3;;;;11;24
"097065";"Pasturo";78;2;2;0;2;;;;6;1;5;0;4;;;;10;16
"097065";"Pasturo";79;0;11;0;1;;;;12;0;4;0;5;;;;9;21
"097065";"Pasturo";80;1;6;0;2;;;;9;1;6;0;4;;;;11;20
"097065";"Pasturo";81;0;5;0;1;;;;6;0;5;0;3;;;;8;14
"097065";"Pasturo";82;1;2;0;2;;;;5;2;2;0;8;;;;12;17
"097065";"Pasturo";83;0;3;0;1;;;;4;1;6;0;5;;;;12;16
"097065";"Pasturo";84;1;8;0;1;;;;10;0;2;0;2;;;;4;14
"097065";"Pasturo";85;1;3;0;0;;;;4;0;1;0;4;;;;5;9
"097065";"Pasturo";86;1;4;0;1;;;;6;2;2;0;3;;;;7;13
"097065";"Pasturo";87;0;3;2;0;;;;5;0;0;1;6;;;;7;12
"097065";"Pasturo";88;1;2;0;2;;;;5;0;1;0;5;;;;6;11
"097065";"Pasturo";89;0;0;0;0;;;;0;0;0;0;5;;;;5;5
"097065";"Pasturo";90;1;2;0;0;;;;3;0;0;0;4;;;;4;7
"097065";"Pasturo";91;1;1;0;0;;;;2;1;0;0;5;;;;6;8
"097065";"Pasturo";92;0;0;0;0;;;;0;0;0;0;0;;;;0;0
"097065";"Pasturo";93;0;0;0;0;;;;0;0;0;0;0;;;;0;0
"097065";"Pasturo";94;0;0;0;0;;;;0;0;0;0;4;;;;4;4
"097065";"Pasturo";95;0;0;0;0;;;;0;0;0;0;0;;;;0;0
"097065";"Pasturo";96;0;0;0;0;;;;0;0;0;0;1;;;;1;1
"097065";"Pasturo";97;0;0;0;0;;;;0;0;0;0;0;;;;0;0
"097065";"Pasturo";98;0;0;0;0;;;;0;0;0;0;1;;;;1;1
"097065";"Pasturo";99;0;0;0;0;;;;0;0;0;0;0;;;;0;0
"097065";"Pasturo";100;0;0;0;0;;;;0;0;0;0;0;;;;0;0
"097065";"Pasturo";999;492;463;28;23;;;;1006;380;455;33;96;;;;964;1970
"097067";"Perledo";0;3;0;0;0;;;;3;1;0;0;0;;;;1;4
"097067";"Perledo";1;0;0;0;0;;;;0;0;0;0;0;;;;0;0
"097067";"Perledo";2;2;0;0;0;;;;2;2;0;0;0;;;;2;4
"097067";"Perledo";3;2;0;0;0;;;;2;0;0;0;0;;;;0;2
"097067";"Perledo";4;1;0;0;0;;;;1;2;0;0;0;;;;2;3
"097067";"Perledo";5;4;0;0;0;;;;4;1;0;0;0;;;;1;5
"097067";"Perledo";6;4;0;0;0;;;;4;2;0;0;0;;;;2;6
"097067";"Perledo";7;3;0;0;0;;;;3;3;0;0;0;;;;3;6
"097067";"Perledo";8;0;0;0;0;;;;0;6;0;0;0;;;;6;6
"097067";"Perledo";9;2;0;0;0;;;;2;4;0;0;0;;;;4;6
"097067";"Perledo";10;3;0;0;0;;;;3;1;0;0;0;;;;1;4
"097067";"Perledo";11;1;0;0;0;;;;1;3;0;0;0;;;;3;4
"097067";"Perledo";12;1;0;0;0;;;;1;7;0;0;0;;;;7;8
"097067";"Perledo";13;2;0;0;0;;;;2;4;0;0;0;;;;4;6
"097067";"Perledo";14;3;0;0;0;;;;3;5;0;0;0;;;;5;8
"097067";"Perledo";15;2;0;0;0;;;;2;2;0;0;0;;;;2;4
"097067";"Perledo";16;4;0;0;0;;;;4;3;0;0;0;;;;3;7
"097067";"Perledo";17;4;0;0;0;;;;4;6;0;0;0;;;;6;10
"097067";"Perledo";18;4;0;0;0;;;;4;1;0;0;0;;;;1;5
"097067";"Perledo";19;2;0;0;0;;;;2;2;0;0;0;;;;2;4
"097067";"Perledo";20;3;0;0;0;;;;3;3;0;0;0;;;;3;6
"097067";"Perledo";21;2;0;0;0;;;;2;4;0;0;0;;;;4;6
"097067";"Perledo";22;3;0;0;0;;;;3;4;0;0;0;;;;4;7
"097067";"Perledo";23;2;0;0;0;;;;2;2;0;0;0;;;;2;4
"097067";"Perledo";24;3;0;0;0;;;;3;5;0;0;0;;;;5;8
"097067";"Perledo";25;4;0;0;0;;;;4;4;0;0;0;;;;4;8
"097067";"Perledo";26;7;1;0;0;;;;8;3;0;0;0;;;;3;11
"097067";"Perledo";27;4;1;0;0;;;;5;5;2;0;0;;;;7;12
"097067";"Perledo";28;6;1;0;0;;;;7;2;1;0;0;;;;3;10
"097067";"Perledo";29;5;0;0;0;;;;5;1;0;0;0;;;;1;6
"097067";"Perledo";30;1;3;0;0;;;;4;1;0;0;0;;;;1;5
"097067";"Perledo";31;3;0;0;0;;;;3;2;0;0;0;;;;2;5
"097067";"Perledo";32;1;0;0;0;;;;1;0;1;0;0;;;;1;2
"097067";"Perledo";33;2;1;0;0;;;;3;1;2;0;0;;;;3;6
"097067";"Perledo";34;3;1;0;0;;;;4;1;0;0;0;;;;1;5
"097067";"Perledo";35;4;0;1;0;;;;5;1;0;0;0;;;;1;6
"097067";"Perledo";36;3;0;0;0;;;;3;3;4;0;0;;;;7;10
"097067";"Perledo";37;1;0;0;0;;;;1;0;2;0;0;;;;2;3
"097067";"Perledo";38;2;1;1;0;;;;4;0;3;0;0;;;;3;7
"097067";"Perledo";39;3;0;0;0;;;;3;3;3;1;0;;;;7;10
"097067";"Perledo";40;4;0;0;0;;;;4;0;1;1;0;;;;2;6
"097067";"Perledo";41;1;1;0;0;;;;2;1;2;0;0;;;;3;5
"097067";"Perledo";42;3;0;0;0;;;;3;1;3;0;0;;;;4;7
"097067";"Perledo";43;5;1;0;0;;;;6;1;0;0;0;;;;1;7
"097067";"Perledo";44;0;1;0;0;;;;1;1;0;0;0;;;;1;2
"097067";"Perledo";45;0;1;0;0;;;;1;1;2;0;0;;;;3;4
"097067";"Perledo";46;2;3;0;0;;;;5;1;8;1;0;;;;10;15
"097067";"Perledo";47;1;6;0;0;;;;7;0;1;0;0;;;;1;8
"097067";"Perledo";48;3;4;1;0;;;;8;1;6;0;1;;;;8;16
"097067";"Perledo";49;5;2;0;0;;;;7;0;3;2;0;;;;5;12
"097067";"Perledo";50;2;7;0;0;;;;9;3;4;1;0;;;;8;17
"097067";"Perledo";51;4;8;2;0;;;;14;1;5;0;0;;;;6;20
"097067";"Perledo";52;2;4;1;0;;;;7;1;3;0;1;;;;5;12
"097067";"Perledo";53;2;2;1;0;;;;5;3;5;1;0;;;;9;14
"097067";"Perledo";54;3;4;1;0;;;;8;2;5;1;0;;;;8;16
"097067";"Perledo";55;3;5;1;0;;;;9;1;4;0;0;;;;5;14
"097067";"Perledo";56;3;3;1;0;;;;7;4;6;2;0;;;;12;19
"097067";"Perledo";57;3;9;1;0;;;;13;0;8;2;1;;;;11;24
"097067";"Perledo";58;3;4;0;0;;;;7;1;8;1;1;;;;11;18
"097067";"Perledo";59;4;2;0;0;;;;6;0;4;1;0;;;;5;11
"097067";"Perledo";60;2;4;1;0;;;;7;2;4;2;2;;;;10;17
"097067";"Perledo";61;4;5;4;0;;;;13;1;8;0;0;;;;9;22
"097067";"Perledo";62;2;6;1;0;;;;9;2;4;1;0;;;;7;16
"097067";"Perledo";63;2;4;1;0;;;;7;2;1;1;0;;;;4;11
"097067";"Perledo";64;3;8;1;0;;;;12;0;5;0;0;;;;5;17
"097067";"Perledo";65;1;4;0;0;;;;5;4;3;2;0;;;;9;14
"097067";"Perledo";66;4;3;0;0;;;;7;5;5;0;2;;;;12;19
"097067";"Perledo";67;0;6;1;0;;;;7;2;3;0;1;;;;6;13
"097067";"Perledo";68;1;4;3;0;;;;8;0;2;3;0;;;;5;13
"097067";"Perledo";69;0;3;1;1;;;;5;4;0;0;1;;;;5;10
"097067";"Perledo";70;3;2;1;0;;;;6;1;3;0;1;;;;5;11
"097067";"Perledo";71;1;3;2;1;;;;7;1;4;0;1;;;;6;13
"097067";"Perledo";72;1;3;0;1;;;;5;1;0;0;2;;;;3;8
"097067";"Perledo";73;0;1;0;0;;;;1;3;2;1;0;;;;6;7
"097067";"Perledo";74;1;5;2;0;;;;8;3;4;0;2;;;;9;17
"097067";"Perledo";75;0;5;0;0;;;;5;1;3;1;2;;;;7;12
"097067";"Perledo";76;0;2;0;0;;;;2;2;6;0;0;;;;8;10
"097067";"Perledo";77;0;5;0;2;;;;7;0;3;0;4;;;;7;14
"097067";"Perledo";78;1;3;0;0;;;;4;0;3;0;1;;;;4;8
"097067";"Perledo";79;0;3;0;0;;;;3;4;4;0;1;;;;9;12
"097067";"Perledo";80;0;4;0;0;;;;4;0;0;0;3;;;;3;7
"097067";"Perledo";81;1;2;0;0;;;;3;0;3;0;3;;;;6;9
"097067";"Perledo";82;0;2;0;0;;;;2;0;3;0;0;;;;3;5
"097067";"Perledo";83;0;3;0;0;;;;3;0;0;0;3;;;;3;6
"097067";"Perledo";84;0;2;0;2;;;;4;1;4;0;2;;;;7;11
"097067";"Perledo";85;0;1;0;1;;;;2;3;2;0;1;;;;6;8
"097067";"Perledo";86;0;4;0;0;;;;4;2;1;0;1;;;;4;8
"097067";"Perledo";87;2;2;0;1;;;;5;0;1;0;4;;;;5;10
"097067";"Perledo";88;0;0;0;0;;;;0;0;1;0;3;;;;4;4
"097067";"Perledo";89;0;2;0;1;;;;3;0;1;0;1;;;;2;5
"097067";"Perledo";90;0;2;0;1;;;;3;0;0;0;2;;;;2;5
"097067";"Perledo";91;0;2;0;0;;;;2;1;0;0;0;;;;1;3
"097067";"Perledo";92;0;1;0;0;;;;1;1;0;0;1;;;;2;3
"097067";"Perledo";93;1;0;0;0;;;;1;0;2;0;2;;;;4;5
"097067";"Perledo";94;0;0;0;1;;;;1;0;1;0;3;;;;4;5
"097067";"Perledo";95;0;0;0;0;;;;0;2;0;0;0;;;;2;2
"097067";"Perledo";96;0;0;0;0;;;;0;0;0;0;0;;;;0;0
"097067";"Perledo";97;0;0;0;1;;;;1;0;0;0;0;;;;0;1
"097067";"Perledo";98;0;0;0;0;;;;0;0;0;0;1;;;;1;1
"097067";"Perledo";99;0;0;0;0;;;;0;0;0;0;0;;;;0;0
"097067";"Perledo";100;0;0;0;0;;;;0;0;0;0;2;;;;2;2
"097067";"Perledo";999;192;182;29;13;;;;416;171;182;25;56;;;;434;850
"097068";"Pescate";0;4;0;0;0;;;;4;5;0;0;0;;;;5;9
"097068";"Pescate";1;3;0;0;0;;;;3;9;0;0;0;;;;9;12
"097068";"Pescate";2;11;0;0;0;;;;11;6;0;0;0;;;;6;17
"097068";"Pescate";3;8;0;0;0;;;;8;7;0;0;0;;;;7;15
"097068";"Pescate";4;7;0;0;0;;;;7;11;0;0;0;;;;11;18
"097068";"Pescate";5;5;0;0;0;;;;5;7;0;0;0;;;;7;12
"097068";"Pescate";6;7;0;0;0;;;;7;1;0;0;0;;;;1;8
"097068";"Pescate";7;10;0;0;0;;;;10;7;0;0;0;;;;7;17
"097068";"Pescate";8;13;0;0;0;;;;13;7;0;0;0;;;;7;20
"097068";"Pescate";9;10;0;0;0;;;;10;6;0;0;0;;;;6;16
"097068";"Pescate";10;6;0;0;0;;;;6;6;0;0;0;;;;6;12
"097068";"Pescate";11;8;0;0;0;;;;8;14;0;0;0;;;;14;22
"097068";"Pescate";12;13;0;0;0;;;;13;9;0;0;0;;;;9;22
"097068";"Pescate";13;10;0;0;0;;;;10;15;0;0;0;;;;15;25
"097068";"Pescate";14;16;0;0;0;;;;16;11;0;0;0;;;;11;27
"097068";"Pescate";15;10;0;0;0;;;;10;17;0;0;0;;;;17;27
"097068";"Pescate";16;15;0;0;0;;;;15;8;0;0;0;;;;8;23
"097068";"Pescate";17;12;0;0;0;;;;12;12;0;0;0;;;;12;24
"097068";"Pescate";18;11;0;0;0;;;;11;5;0;0;0;;;;5;16
"097068";"Pescate";19;6;0;0;0;;;;6;5;0;0;0;;;;5;11
"097068";"Pescate";20;3;0;0;0;;;;3;11;0;0;0;;;;11;14
"097068";"Pescate";21;22;0;0;0;;;;22;11;1;0;0;;;;12;34
"097068";"Pescate";22;8;0;0;0;;;;8;8;0;0;0;;;;8;16
"097068";"Pescate";23;17;1;0;0;;;;18;16;0;0;0;;;;16;34
"097068";"Pescate";24;10;1;0;0;;;;11;7;1;0;0;;;;8;19
"097068";"Pescate";25;14;0;0;0;;;;14;18;0;0;0;;;;18;32
"097068";"Pescate";26;8;0;0;0;;;;8;8;0;0;0;;;;8;16
"097068";"Pescate";27;14;0;0;0;;;;14;12;0;0;0;;;;12;26
"097068";"Pescate";28;12;2;0;0;;;;14;13;3;0;0;;;;16;30
"097068";"Pescate";29;13;0;0;0;;;;13;10;1;0;0;;;;11;24
"097068";"Pescate";30;15;0;0;0;;;;15;8;8;0;0;;;;16;31
"097068";"Pescate";31;14;2;0;0;;;;16;4;1;0;0;;;;5;21
"097068";"Pescate";32;3;3;0;0;;;;6;7;4;0;0;;;;11;17
"097068";"Pescate";33;6;4;0;0;;;;10;5;8;0;0;;;;13;23
"097068";"Pescate";34;6;5;0;0;;;;11;7;4;0;0;;;;11;22
"097068";"Pescate";35;10;3;0;0;;;;13;3;6;1;0;;;;10;23
"097068";"Pescate";36;3;7;0;0;;;;10;5;9;1;0;;;;15;25
"097068";"Pescate";37;11;6;0;0;;;;17;4;7;1;0;;;;12;29
"097068";"Pescate";38;5;5;0;0;;;;10;2;5;1;0;;;;8;18
"097068";"Pescate";39;4;12;0;0;;;;16;3;5;0;0;;;;8;24
"097068";"Pescate";40;5;2;0;0;;;;7;5;7;1;0;;;;13;20
"097068";"Pescate";41;7;7;0;0;;;;14;3;9;2;0;;;;14;28
"097068";"Pescate";42;8;9;0;0;;;;17;7;9;0;0;;;;16;33
"097068";"Pescate";43;3;8;0;0;;;;11;4;8;0;0;;;;12;23
"097068";"Pescate";44;7;8;0;0;;;;15;2;8;1;0;;;;11;26
"097068";"Pescate";45;5;3;0;0;;;;8;1;8;1;0;;;;10;18
"097068";"Pescate";46;4;6;1;0;;;;11;3;9;1;0;;;;13;24
"097068";"Pescate";47;4;11;0;0;;;;15;3;10;1;0;;;;14;29
"097068";"Pescate";48;4;10;0;0;;;;14;2;11;3;1;;;;17;31
"097068";"Pescate";49;3;11;2;0;;;;16;0;9;3;0;;;;12;28
"097068";"Pescate";50;7;7;2;0;;;;16;3;10;0;1;;;;14;30
"097068";"Pescate";51;5;13;1;0;;;;19;4;6;1;0;;;;11;30
"097068";"Pescate";52;5;7;4;0;;;;16;1;19;1;1;;;;22;38
"097068";"Pescate";53;4;12;0;0;;;;16;7;17;2;1;;;;27;43
"097068";"Pescate";54;3;11;0;2;;;;16;1;12;10;0;;;;23;39
"097068";"Pescate";55;7;16;2;0;;;;25;2;11;3;0;;;;16;41
"097068";"Pescate";56;2;13;0;0;;;;15;2;13;2;0;;;;17;32
"097068";"Pescate";57;6;9;2;0;;;;17;4;15;1;0;;;;20;37
"097068";"Pescate";58;7;13;1;1;;;;22;1;14;5;2;;;;22;44
"097068";"Pescate";59;2;8;1;0;;;;11;1;14;3;0;;;;18;29
"097068";"Pescate";60;3;13;1;0;;;;17;1;16;1;0;;;;18;35
"097068";"Pescate";61;0;17;0;0;;;;17;3;14;3;1;;;;21;38
"097068";"Pescate";62;2;19;0;0;;;;21;1;13;1;2;;;;17;38
"097068";"Pescate";63;3;21;2;0;;;;26;3;16;2;1;;;;22;48
"097068";"Pescate";64;3;4;0;0;;;;7;0;11;1;1;;;;13;20
"097068";"Pescate";65;1;13;1;0;;;;15;2;13;1;1;;;;17;32
"097068";"Pescate";66;2;7;2;1;;;;12;0;9;1;1;;;;11;23
"097068";"Pescate";67;2;13;2;0;;;;17;0;12;1;3;;;;16;33
"097068";"Pescate";68;1;14;0;1;;;;16;3;8;0;1;;;;12;28
"097068";"Pescate";69;2;16;1;0;;;;19;0;13;1;0;;;;14;33
"097068";"Pescate";70;1;15;0;3;;;;19;1;7;0;4;;;;12;31
"097068";"Pescate";71;3;11;1;0;;;;15;1;5;3;0;;;;9;24
"097068";"Pescate";72;1;4;1;1;;;;7;2;5;2;0;;;;9;16
"097068";"Pescate";73;2;11;1;0;;;;14;0;6;1;0;;;;7;21
"097068";"Pescate";74;0;8;1;0;;;;9;0;8;0;3;;;;11;20
"097068";"Pescate";75;0;10;0;1;;;;11;2;10;1;4;;;;17;28
"097068";"Pescate";76;0;5;0;0;;;;5;0;5;0;0;;;;5;10
"097068";"Pescate";77;2;8;0;1;;;;11;0;4;0;4;;;;8;19
"097068";"Pescate";78;0;6;0;1;;;;7;0;7;0;3;;;;10;17
"097068";"Pescate";79;0;9;0;1;;;;10;0;4;0;4;;;;8;18
"097068";"Pescate";80;0;6;0;4;;;;10;0;4;0;3;;;;7;17
"097068";"Pescate";81;0;5;0;2;;;;7;1;4;0;1;;;;6;13
"097068";"Pescate";82;0;4;0;3;;;;7;0;3;1;1;;;;5;12
"097068";"Pescate";83;1;5;0;3;;;;9;0;7;0;1;;;;8;17
"097068";"Pescate";84;1;4;0;2;;;;7;1;4;0;1;;;;6;13
"097068";"Pescate";85;1;2;0;1;;;;4;1;6;0;3;;;;10;14
"097068";"Pescate";86;0;6;0;2;;;;8;0;2;0;5;;;;7;15
"097068";"Pescate";87;2;6;0;2;;;;10;0;1;0;4;;;;5;15
"097068";"Pescate";88;1;4;0;1;;;;6;0;2;0;4;;;;6;12
"097068";"Pescate";89;0;2;0;2;;;;4;0;1;0;4;;;;5;9
"097068";"Pescate";90;0;1;0;1;;;;2;0;0;0;4;;;;4;6
"097068";"Pescate";91;0;0;0;1;;;;1;0;1;0;2;;;;3;4
"097068";"Pescate";92;0;0;0;0;;;;0;0;0;0;6;;;;6;6
"097068";"Pescate";93;0;0;0;0;;;;0;0;0;0;2;;;;2;2
"097068";"Pescate";94;0;0;0;0;;;;0;0;0;0;2;;;;2;2
"097068";"Pescate";95;0;1;0;0;;;;1;0;0;0;0;;;;0;1
"097068";"Pescate";96;0;0;0;0;;;;0;0;0;0;0;;;;0;0
"097068";"Pescate";97;0;0;0;0;;;;0;0;0;0;2;;;;2;2
"097068";"Pescate";98;0;0;0;0;;;;0;0;0;0;0;;;;0;0
"097068";"Pescate";99;0;0;0;0;;;;0;0;0;0;0;;;;0;0
"097068";"Pescate";100;0;0;0;0;;;;0;0;0;0;0;;;;0;0
"097068";"Pescate";999;515;505;29;37;;;;1086;408;503;65;84;;;;1060;2146
"097069";"Premana";0;11;0;0;0;;;;11;3;0;0;0;;;;3;14
"097069";"Premana";1;5;0;0;0;;;;5;9;0;0;0;;;;9;14
"097069";"Premana";2;6;0;0;0;;;;6;5;0;0;0;;;;5;11
"097069";"Premana";3;8;0;0;0;;;;8;7;0;0;0;;;;7;15
"097069";"Premana";4;10;0;0;0;;;;10;6;0;0;0;;;;6;16
"097069";"Premana";5;12;0;0;0;;;;12;8;0;0;0;;;;8;20
"097069";"Premana";6;4;0;0;0;;;;4;3;0;0;0;;;;3;7
"097069";"Premana";7;16;0;0;0;;;;16;10;0;0;0;;;;10;26
"097069";"Premana";8;5;0;0;0;;;;5;12;0;0;0;;;;12;17
"097069";"Premana";9;11;0;0;0;;;;11;10;0;0;0;;;;10;21
"097069";"Premana";10;5;0;0;0;;;;5;11;0;0;0;;;;11;16
"097069";"Premana";11;12;0;0;0;;;;12;11;0;0;0;;;;11;23
"097069";"Premana";12;13;0;0;0;;;;13;10;0;0;0;;;;10;23
"097069";"Premana";13;10;0;0;0;;;;10;7;0;0;0;;;;7;17
"097069";"Premana";14;13;0;0;0;;;;13;9;0;0;0;;;;9;22
"097069";"Premana";15;9;0;0;0;;;;9;14;0;0;0;;;;14;23
"097069";"Premana";16;14;0;0;0;;;;14;14;0;0;0;;;;14;28
"097069";"Premana";17;10;0;0;0;;;;10;11;0;0;0;;;;11;21
"097069";"Premana";18;13;0;0;0;;;;13;10;0;0;0;;;;10;23
"097069";"Premana";19;15;0;0;0;;;;15;13;0;0;0;;;;13;28
"097069";"Premana";20;11;0;0;0;;;;11;19;0;0;0;;;;19;30
"097069";"Premana";21;12;0;0;0;;;;12;9;0;0;0;;;;9;21
"097069";"Premana";22;19;0;0;0;;;;19;13;0;0;0;;;;13;32
"097069";"Premana";23;16;0;0;0;;;;16;15;0;0;0;;;;15;31
"097069";"Premana";24;11;0;0;0;;;;11;12;0;0;0;;;;12;23
"097069";"Premana";25;12;0;0;0;;;;12;21;0;0;0;;;;21;33
"097069";"Premana";26;16;0;0;0;;;;16;7;1;0;0;;;;8;24
"097069";"Premana";27;12;0;0;0;;;;12;10;1;0;0;;;;11;23
"097069";"Premana";28;18;0;0;0;;;;18;9;2;0;0;;;;11;29
"097069";"Premana";29;10;0;0;0;;;;10;6;9;0;0;;;;15;25
"097069";"Premana";30;14;2;0;0;;;;16;6;7;0;0;;;;13;29
"097069";"Premana";31;8;2;0;0;;;;10;6;6;0;0;;;;12;22
"097069";"Premana";32;12;5;0;0;;;;17;4;2;0;0;;;;6;23
"097069";"Premana";33;2;0;0;0;;;;2;5;4;0;0;;;;9;11
"097069";"Premana";34;3;5;0;0;;;;8;1;5;0;0;;;;6;14
"097069";"Premana";35;4;4;0;0;;;;8;3;4;0;0;;;;7;15
"097069";"Premana";36;2;6;0;0;;;;8;0;6;1;0;;;;7;15
"097069";"Premana";37;3;2;0;0;;;;5;1;7;1;0;;;;9;14
"097069";"Premana";38;3;4;0;0;;;;7;2;8;0;0;;;;10;17
"097069";"Premana";39;1;8;0;0;;;;9;1;12;0;0;;;;13;22
"097069";"Premana";40;5;2;0;0;;;;7;2;5;0;0;;;;7;14
"097069";"Premana";41;3;7;0;0;;;;10;2;5;1;0;;;;8;18
"097069";"Premana";42;5;5;0;0;;;;10;4;10;0;0;;;;14;24
"097069";"Premana";43;6;11;0;0;;;;17;1;13;0;0;;;;14;31
"097069";"Premana";44;4;3;0;0;;;;7;1;12;0;0;;;;13;20
"097069";"Premana";45;5;10;0;0;;;;15;3;10;0;0;;;;13;28
"097069";"Premana";46;1;14;0;0;;;;15;3;8;0;0;;;;11;26
"097069";"Premana";47;5;7;0;0;;;;12;1;4;0;1;;;;6;18
"097069";"Premana";48;5;5;0;0;;;;10;3;13;1;0;;;;17;27
"097069";"Premana";49;4;12;1;0;;;;17;0;11;2;0;;;;13;30
"097069";"Premana";50;8;12;0;0;;;;20;3;9;0;0;;;;12;32
"097069";"Premana";51;4;6;0;0;;;;10;1;20;0;0;;;;21;31
"097069";"Premana";52;5;10;1;0;;;;16;1;10;0;0;;;;11;27
"097069";"Premana";53;2;16;2;0;;;;20;1;13;1;2;;;;17;37
"097069";"Premana";54;5;17;1;0;;;;23;3;14;1;0;;;;18;41
"097069";"Premana";55;9;17;0;0;;;;26;0;17;0;0;;;;17;43
"097069";"Premana";56;4;11;0;0;;;;15;3;21;0;0;;;;24;39
"097069";"Premana";57;7;13;1;0;;;;21;1;19;0;1;;;;21;42
"097069";"Premana";58;8;17;0;0;;;;25;0;16;0;0;;;;16;41
"097069";"Premana";59;6;21;1;0;;;;28;3;15;0;1;;;;19;47
"097069";"Premana";60;4;15;0;0;;;;19;6;12;0;1;;;;19;38
"097069";"Premana";61;1;22;0;0;;;;23;2;9;0;0;;;;11;34
"097069";"Premana";62;4;12;0;2;;;;18;5;8;3;0;;;;16;34
"097069";"Premana";63;1;14;1;1;;;;17;2;11;0;0;;;;13;30
"097069";"Premana";64;2;12;0;0;;;;14;2;7;0;3;;;;12;26
"097069";"Premana";65;5;14;1;1;;;;21;1;9;0;4;;;;14;35
"097069";"Premana";66;1;8;1;0;;;;10;1;11;0;1;;;;13;23
"097069";"Premana";67;1;8;0;0;;;;9;1;7;0;2;;;;10;19
"097069";"Premana";68;3;16;0;0;;;;19;1;13;1;0;;;;15;34
"097069";"Premana";69;3;7;0;0;;;;10;6;11;0;0;;;;17;27
"097069";"Premana";70;4;13;0;2;;;;19;0;14;0;2;;;;16;35
"097069";"Premana";71;2;7;0;1;;;;10;0;8;0;1;;;;9;19
"097069";"Premana";72;4;14;0;0;;;;18;1;6;0;5;;;;12;30
"097069";"Premana";73;4;4;0;0;;;;8;2;8;0;3;;;;13;21
"097069";"Premana";74;0;10;0;0;;;;10;2;7;0;3;;;;12;22
"097069";"Premana";75;1;15;0;0;;;;16;1;7;0;1;;;;9;25
"097069";"Premana";76;2;7;0;0;;;;9;2;6;0;5;;;;13;22
"097069";"Premana";77;2;7;1;1;;;;11;0;7;0;2;;;;9;20
"097069";"Premana";78;0;7;0;0;;;;7;1;4;0;11;;;;16;23
"097069";"Premana";79;1;3;0;1;;;;5;0;1;0;2;;;;3;8
"097069";"Premana";80;3;8;0;1;;;;12;0;6;0;2;;;;8;20
"097069";"Premana";81;1;6;0;1;;;;8;1;4;0;4;;;;9;17
"097069";"Premana";82;2;8;0;0;;;;10;1;6;0;9;;;;16;26
"097069";"Premana";83;2;5;0;0;;;;7;0;4;0;7;;;;11;18
"097069";"Premana";84;1;5;0;0;;;;6;0;0;0;11;;;;11;17
"097069";"Premana";85;1;5;0;1;;;;7;0;1;0;8;;;;9;16
"097069";"Premana";86;0;3;0;1;;;;4;0;1;0;6;;;;7;11
"097069";"Premana";87;0;4;0;1;;;;5;0;2;0;4;;;;6;11
"097069";"Premana";88;0;2;0;0;;;;2;0;2;0;2;;;;4;6
"097069";"Premana";89;0;1;0;2;;;;3;0;0;1;3;;;;4;7
"097069";"Premana";90;0;0;0;0;;;;0;0;1;0;2;;;;3;3
"097069";"Premana";91;1;1;0;1;;;;3;0;0;0;3;;;;3;6
"097069";"Premana";92;0;1;0;1;;;;2;0;1;0;1;;;;2;4
"097069";"Premana";93;0;1;0;0;;;;1;0;0;0;1;;;;1;2
"097069";"Premana";94;0;1;0;0;;;;1;0;0;0;1;;;;1;2
"097069";"Premana";95;0;1;0;0;;;;1;0;0;0;1;;;;1;2
"097069";"Premana";96;0;0;0;0;;;;0;0;0;0;0;;;;0;0
"097069";"Premana";97;0;0;0;0;;;;0;0;0;0;2;;;;2;2
"097069";"Premana";98;0;0;0;0;;;;0;0;0;0;1;;;;1;1
"097069";"Premana";99;0;0;0;0;;;;0;0;0;0;0;;;;0;0
"097069";"Premana";100;0;0;0;0;;;;0;0;0;0;1;;;;1;1
"097069";"Premana";999;548;521;11;18;;;;1098;407;513;13;120;;;;1053;2151
"097070";"Primaluna";0;10;0;0;0;;;;10;7;0;0;0;;;;7;17
"097070";"Primaluna";1;11;0;0;0;;;;11;7;0;0;0;;;;7;18
"097070";"Primaluna";2;12;0;0;0;;;;12;7;0;0;0;;;;7;19
"097070";"Primaluna";3;9;0;0;0;;;;9;7;0;0;0;;;;7;16
"097070";"Primaluna";4;12;0;0;0;;;;12;14;0;0;0;;;;14;26
"097070";"Primaluna";5;11;0;0;0;;;;11;13;0;0;0;;;;13;24
"097070";"Primaluna";6;9;0;0;0;;;;9;4;0;0;0;;;;4;13
"097070";"Primaluna";7;11;0;0;0;;;;11;10;0;0;0;;;;10;21
"097070";"Primaluna";8;12;0;0;0;;;;12;16;0;0;0;;;;16;28
"097070";"Primaluna";9;14;0;0;0;;;;14;7;0;0;0;;;;7;21
"097070";"Primaluna";10;7;0;0;0;;;;7;10;0;0;0;;;;10;17
"097070";"Primaluna";11;12;0;0;0;;;;12;17;0;0;0;;;;17;29
"097070";"Primaluna";12;13;0;0;0;;;;13;11;0;0;0;;;;11;24
"097070";"Primaluna";13;13;0;0;0;;;;13;14;0;0;0;;;;14;27
"097070";"Primaluna";14;7;0;0;0;;;;7;10;0;0;0;;;;10;17
"097070";"Primaluna";15;24;0;0;0;;;;24;10;0;0;0;;;;10;34
"097070";"Primaluna";16;8;0;0;0;;;;8;13;0;0;0;;;;13;21
"097070";"Primaluna";17;6;0;0;0;;;;6;9;0;0;0;;;;9;15
"097070";"Primaluna";18;9;0;0;0;;;;9;14;0;0;0;;;;14;23
"097070";"Primaluna";19;4;0;0;0;;;;4;11;1;0;0;;;;12;16
"097070";"Primaluna";20;19;0;0;0;;;;19;16;0;0;0;;;;16;35
"097070";"Primaluna";21;9;0;0;0;;;;9;16;1;0;0;;;;17;26
"097070";"Primaluna";22;6;0;0;0;;;;6;12;0;0;0;;;;12;18
"097070";"Primaluna";23;13;0;0;0;;;;13;11;2;0;0;;;;13;26
"097070";"Primaluna";24;12;0;0;0;;;;12;12;0;0;0;;;;12;24
"097070";"Primaluna";25;9;2;0;0;;;;11;7;0;0;0;;;;7;18
"097070";"Primaluna";26;16;0;0;0;;;;16;15;4;0;0;;;;19;35
"097070";"Primaluna";27;9;1;1;0;;;;11;9;3;0;0;;;;12;23
"097070";"Primaluna";28;14;0;0;0;;;;14;9;4;0;0;;;;13;27
"097070";"Primaluna";29;7;1;0;0;;;;8;5;2;0;0;;;;7;15
"097070";"Primaluna";30;15;2;0;0;;;;17;4;3;0;0;;;;7;24
"097070";"Primaluna";31;8;5;0;0;;;;13;6;7;0;0;;;;13;26
"097070";"Primaluna";32;5;2;1;0;;;;8;5;7;0;0;;;;12;20
"097070";"Primaluna";33;8;3;0;0;;;;11;6;9;0;0;;;;15;26
"097070";"Primaluna";34;9;4;0;0;;;;13;6;8;0;0;;;;14;27
"097070";"Primaluna";35;8;5;0;0;;;;13;8;8;1;0;;;;17;30
"097070";"Primaluna";36;10;3;0;0;;;;13;2;11;0;0;;;;13;26
"097070";"Primaluna";37;4;4;0;0;;;;8;3;6;0;0;;;;9;17
"097070";"Primaluna";38;8;9;1;0;;;;18;2;7;1;0;;;;10;28
"097070";"Primaluna";39;7;7;0;0;;;;14;1;3;0;0;;;;4;18
"097070";"Primaluna";40;8;6;0;0;;;;14;3;7;1;0;;;;11;25
"097070";"Primaluna";41;2;13;1;0;;;;16;3;9;0;0;;;;12;28
"097070";"Primaluna";42;6;6;1;0;;;;13;4;6;1;0;;;;11;24
"097070";"Primaluna";43;5;4;0;0;;;;9;5;9;1;1;;;;16;25
"097070";"Primaluna";44;2;4;0;0;;;;6;4;17;0;0;;;;21;27
"097070";"Primaluna";45;1;15;0;0;;;;16;5;14;0;0;;;;19;35
"097070";"Primaluna";46;3;14;3;0;;;;20;4;6;1;0;;;;11;31
"097070";"Primaluna";47;7;11;1;0;;;;19;3;15;0;0;;;;18;37
"097070";"Primaluna";48;8;11;1;0;;;;20;3;13;0;0;;;;16;36
"097070";"Primaluna";49;6;11;0;0;;;;17;4;12;1;0;;;;17;34
"097070";"Primaluna";50;5;22;0;0;;;;27;2;13;1;1;;;;17;44
"097070";"Primaluna";51;6;8;2;0;;;;16;3;14;5;0;;;;22;38
"097070";"Primaluna";52;6;12;1;0;;;;19;3;16;1;1;;;;21;40
"097070";"Primaluna";53;3;9;2;1;;;;15;4;7;1;0;;;;12;27
"097070";"Primaluna";54;3;20;0;1;;;;24;0;18;2;0;;;;20;44
"097070";"Primaluna";55;9;17;0;0;;;;26;3;17;1;1;;;;22;48
"097070";"Primaluna";56;6;14;0;0;;;;20;3;15;2;0;;;;20;40
"097070";"Primaluna";57;3;14;2;0;;;;19;1;15;2;3;;;;21;40
"097070";"Primaluna";58;5;17;5;1;;;;28;1;23;2;1;;;;27;55
"097070";"Primaluna";59;1;23;1;0;;;;25;0;16;3;0;;;;19;44
"097070";"Primaluna";60;1;14;2;0;;;;17;1;10;1;1;;;;13;30
"097070";"Primaluna";61;3;11;2;0;;;;16;0;8;2;0;;;;10;26
"097070";"Primaluna";62;1;6;0;0;;;;7;2;15;1;2;;;;20;27
"097070";"Primaluna";63;2;16;3;0;;;;21;0;10;3;1;;;;14;35
"097070";"Primaluna";64;3;9;2;1;;;;15;2;8;0;1;;;;11;26
"097070";"Primaluna";65;4;11;4;1;;;;20;1;7;1;2;;;;11;31
"097070";"Primaluna";66;2;7;0;0;;;;9;0;11;0;3;;;;14;23
"097070";"Primaluna";67;2;10;1;1;;;;14;1;7;0;1;;;;9;23
"097070";"Primaluna";68;0;14;1;1;;;;16;1;8;0;4;;;;13;29
"097070";"Primaluna";69;1;8;1;0;;;;10;2;13;0;0;;;;15;25
"097070";"Primaluna";70;2;7;0;0;;;;9;1;7;0;3;;;;11;20
"097070";"Primaluna";71;4;10;0;0;;;;14;0;8;0;4;;;;12;26
"097070";"Primaluna";72;1;7;1;0;;;;9;1;9;0;3;;;;13;22
"097070";"Primaluna";73;2;13;1;3;;;;19;2;8;0;1;;;;11;30
"097070";"Primaluna";74;4;5;0;0;;;;9;1;6;1;7;;;;15;24
"097070";"Primaluna";75;1;6;0;1;;;;8;1;2;2;6;;;;11;19
"097070";"Primaluna";76;1;6;1;0;;;;8;1;9;0;2;;;;12;20
"097070";"Primaluna";77;1;14;0;0;;;;15;0;11;0;5;;;;16;31
"097070";"Primaluna";78;2;8;0;0;;;;10;1;5;0;6;;;;12;22
"097070";"Primaluna";79;1;8;0;0;;;;9;0;5;0;6;;;;11;20
"097070";"Primaluna";80;0;12;0;0;;;;12;1;5;0;3;;;;9;21
"097070";"Primaluna";81;1;6;0;2;;;;9;1;2;0;3;;;;6;15
"097070";"Primaluna";82;0;7;0;2;;;;9;0;0;0;8;;;;8;17
"097070";"Primaluna";83;0;2;0;1;;;;3;0;3;0;5;;;;8;11
"097070";"Primaluna";84;1;5;0;2;;;;8;0;3;0;4;;;;7;15
"097070";"Primaluna";85;0;2;0;1;;;;3;0;1;0;3;;;;4;7
"097070";"Primaluna";86;0;2;0;2;;;;4;0;1;1;6;;;;8;12
"097070";"Primaluna";87;0;3;0;0;;;;3;2;1;0;6;;;;9;12
"097070";"Primaluna";88;0;1;0;0;;;;1;0;0;0;7;;;;7;8
"097070";"Primaluna";89;1;3;0;0;;;;4;0;0;0;2;;;;2;6
"097070";"Primaluna";90;0;0;0;0;;;;0;0;0;0;2;;;;2;2
"097070";"Primaluna";91;0;0;0;0;;;;0;0;0;0;1;;;;1;1
"097070";"Primaluna";92;0;0;0;0;;;;0;0;0;0;2;;;;2;2
"097070";"Primaluna";93;1;0;0;1;;;;2;1;0;0;4;;;;5;7
"097070";"Primaluna";94;0;0;0;0;;;;0;0;0;0;1;;;;1;1
"097070";"Primaluna";95;0;0;0;0;;;;0;0;0;0;0;;;;0;0
"097070";"Primaluna";96;0;0;0;0;;;;0;0;0;0;3;;;;3;3
"097070";"Primaluna";97;0;0;0;0;;;;0;0;0;0;0;;;;0;0
"097070";"Primaluna";98;0;0;0;0;;;;0;0;0;0;0;;;;0;0
"097070";"Primaluna";99;0;0;0;0;;;;0;0;0;0;0;;;;0;0
"097070";"Primaluna";100;0;0;0;0;;;;0;0;0;0;1;;;;1;1
"097070";"Primaluna";999;547;532;42;22;;;;1143;447;531;39;127;;;;1144;2287
"097071";"Robbiate";0;33;0;0;0;;;;33;12;0;0;0;;;;12;45
"097071";"Robbiate";1;19;0;0;0;;;;19;18;0;0;0;;;;18;37
"097071";"Robbiate";2;24;0;0;0;;;;24;16;0;0;0;;;;16;40
"097071";"Robbiate";3;23;0;0;0;;;;23;14;0;0;0;;;;14;37
"097071";"Robbiate";4;29;0;0;0;;;;29;19;0;0;0;;;;19;48
"097071";"Robbiate";5;10;0;0;0;;;;10;22;0;0;0;;;;22;32
"097071";"Robbiate";6;20;0;0;0;;;;20;29;0;0;0;;;;29;49
"097071";"Robbiate";7;33;0;0;0;;;;33;25;0;0;0;;;;25;58
"097071";"Robbiate";8;20;0;0;0;;;;20;25;0;0;0;;;;25;45
"097071";"Robbiate";9;36;0;0;0;;;;36;39;0;0;0;;;;39;75
"097071";"Robbiate";10;36;0;0;0;;;;36;25;0;0;0;;;;25;61
"097071";"Robbiate";11;41;0;0;0;;;;41;36;0;0;0;;;;36;77
"097071";"Robbiate";12;36;0;0;0;;;;36;43;0;0;0;;;;43;79
"097071";"Robbiate";13;44;0;0;0;;;;44;34;0;0;0;;;;34;78
"097071";"Robbiate";14;37;0;0;0;;;;37;28;0;0;0;;;;28;65
"097071";"Robbiate";15;34;0;0;0;;;;34;50;0;0;0;;;;50;84
"097071";"Robbiate";16;35;0;0;0;;;;35;29;0;0;0;;;;29;64
"097071";"Robbiate";17;47;0;0;0;;;;47;40;0;0;0;;;;40;87
"097071";"Robbiate";18;42;0;0;0;;;;42;33;0;0;0;;;;33;75
"097071";"Robbiate";19;37;0;0;0;;;;37;35;0;0;0;;;;35;72
"097071";"Robbiate";20;36;0;0;0;;;;36;22;0;0;0;;;;22;58
"097071";"Robbiate";21;35;0;0;0;;;;35;39;0;0;0;;;;39;74
"097071";"Robbiate";22;44;0;0;0;;;;44;40;1;0;0;;;;41;85
"097071";"Robbiate";23;39;0;0;0;;;;39;30;0;0;0;;;;30;69
"097071";"Robbiate";24;31;0;0;0;;;;31;24;2;0;0;;;;26;57
"097071";"Robbiate";25;36;0;0;0;;;;36;26;2;0;0;;;;28;64
"097071";"Robbiate";26;43;2;0;0;;;;45;19;2;0;0;;;;21;66
"097071";"Robbiate";27;35;2;0;0;;;;37;16;7;0;0;;;;23;60
"097071";"Robbiate";28;31;3;0;0;;;;34;29;8;0;0;;;;37;71
"097071";"Robbiate";29;32;5;0;0;;;;37;23;7;0;0;;;;30;67
"097071";"Robbiate";30;19;3;0;0;;;;22;23;7;0;0;;;;30;52
"097071";"Robbiate";31;29;10;1;0;;;;40;24;9;0;0;;;;33;73
"097071";"Robbiate";32;22;8;0;0;;;;30;28;11;0;0;;;;39;69
"097071";"Robbiate";33;17;2;0;0;;;;19;17;12;0;0;;;;29;48
"097071";"Robbiate";34;24;4;0;0;;;;28;21;10;0;0;;;;31;59
"097071";"Robbiate";35;23;11;0;0;;;;34;16;12;0;0;;;;28;62
"097071";"Robbiate";36;25;7;0;0;;;;32;14;18;1;0;;;;33;65
"097071";"Robbiate";37;16;17;0;0;;;;33;13;25;1;0;;;;39;72
"097071";"Robbiate";38;12;7;0;0;;;;19;9;21;0;0;;;;30;49
"097071";"Robbiate";39;15;12;0;0;;;;27;10;20;0;0;;;;30;57
"097071";"Robbiate";40;17;25;1;0;;;;43;10;24;2;0;;;;36;79
"097071";"Robbiate";41;16;11;1;0;;;;28;10;21;4;0;;;;35;63
"097071";"Robbiate";42;18;29;1;0;;;;48;8;24;2;0;;;;34;82
"097071";"Robbiate";43;21;14;0;0;;;;35;9;32;1;0;;;;42;77
"097071";"Robbiate";44;13;24;4;2;;;;43;8;26;0;0;;;;34;77
"097071";"Robbiate";45;9;33;2;0;;;;44;11;37;6;2;;;;56;100
"097071";"Robbiate";46;18;29;0;0;;;;47;17;27;4;0;;;;48;95
"097071";"Robbiate";47;18;36;1;0;;;;55;7;39;5;1;;;;52;107
"097071";"Robbiate";48;19;33;2;1;;;;55;13;39;4;1;;;;57;112
"097071";"Robbiate";49;16;36;5;3;;;;60;3;45;8;0;;;;56;116
"097071";"Robbiate";50;12;37;6;0;;;;55;13;38;5;1;;;;57;112
"097071";"Robbiate";51;14;56;4;0;;;;74;8;43;2;1;;;;54;128
"097071";"Robbiate";52;18;37;3;0;;;;58;9;41;1;1;;;;52;110
"097071";"Robbiate";53;15;47;3;0;;;;65;6;27;5;1;;;;39;104
"097071";"Robbiate";54;17;45;1;0;;;;63;7;42;8;2;;;;59;122
"097071";"Robbiate";55;12;31;2;0;;;;45;10;27;7;0;;;;44;89
"097071";"Robbiate";56;15;47;7;0;;;;69;9;48;6;1;;;;64;133
"097071";"Robbiate";57;11;31;4;0;;;;46;7;38;3;0;;;;48;94
"097071";"Robbiate";58;10;34;4;0;;;;48;3;41;3;0;;;;47;95
"097071";"Robbiate";59;9;43;2;0;;;;54;4;46;2;0;;;;52;106
"097071";"Robbiate";60;13;36;8;0;;;;57;4;27;5;4;;;;40;97
"097071";"Robbiate";61;10;29;8;0;;;;47;4;19;6;5;;;;34;81
"097071";"Robbiate";62;5;31;4;1;;;;41;6;27;0;2;;;;35;76
"097071";"Robbiate";63;8;29;2;0;;;;39;7;30;7;3;;;;47;86
"097071";"Robbiate";64;5;26;1;2;;;;34;1;27;2;3;;;;33;67
"097071";"Robbiate";65;9;29;1;0;;;;39;3;27;5;5;;;;40;79
"097071";"Robbiate";66;3;33;2;1;;;;39;4;18;1;3;;;;26;65
"097071";"Robbiate";67;2;22;2;0;;;;26;3;32;2;4;;;;41;67
"097071";"Robbiate";68;3;27;2;0;;;;32;3;34;2;7;;;;46;78
"097071";"Robbiate";69;4;30;1;2;;;;37;3;32;2;10;;;;47;84
"097071";"Robbiate";70;3;21;4;3;;;;31;2;29;2;10;;;;43;74
"097071";"Robbiate";71;5;22;2;3;;;;32;2;23;2;6;;;;33;65
"097071";"Robbiate";72;2;33;1;1;;;;37;0;26;1;4;;;;31;68
"097071";"Robbiate";73;2;24;3;6;;;;35;2;16;1;8;;;;27;62
"097071";"Robbiate";74;3;29;0;8;;;;40;1;19;3;9;;;;32;72
"097071";"Robbiate";75;3;26;0;1;;;;30;4;18;2;1;;;;25;55
"097071";"Robbiate";76;3;20;1;6;;;;30;2;26;1;12;;;;41;71
"097071";"Robbiate";77;1;21;0;3;;;;25;3;30;2;8;;;;43;68
"097071";"Robbiate";78;3;24;0;6;;;;33;4;24;0;12;;;;40;73
"097071";"Robbiate";79;4;17;0;0;;;;21;0;8;0;12;;;;20;41
"097071";"Robbiate";80;0;14;1;1;;;;16;1;12;0;5;;;;18;34
"097071";"Robbiate";81;2;19;0;2;;;;23;3;24;0;11;;;;38;61
"097071";"Robbiate";82;1;26;1;2;;;;30;2;13;1;10;;;;26;56
"097071";"Robbiate";83;1;20;0;4;;;;25;1;14;0;6;;;;21;46
"097071";"Robbiate";84;2;13;0;3;;;;18;2;12;0;17;;;;31;49
"097071";"Robbiate";85;0;14;0;3;;;;17;3;6;0;14;;;;23;40
"097071";"Robbiate";86;0;14;0;8;;;;22;1;7;0;11;;;;19;41
"097071";"Robbiate";87;0;8;0;3;;;;11;3;2;0;15;;;;20;31
"097071";"Robbiate";88;0;6;0;2;;;;8;1;3;0;8;;;;12;20
"097071";"Robbiate";89;1;2;0;1;;;;4;0;3;0;14;;;;17;21
"097071";"Robbiate";90;0;2;0;2;;;;4;0;0;0;13;;;;13;17
"097071";"Robbiate";91;1;2;0;2;;;;5;1;3;0;10;;;;14;19
"097071";"Robbiate";92;0;4;0;3;;;;7;0;0;0;3;;;;3;10
"097071";"Robbiate";93;0;2;0;2;;;;4;1;0;0;4;;;;5;9
"097071";"Robbiate";94;0;2;0;1;;;;3;0;0;0;3;;;;3;6
"097071";"Robbiate";95;0;0;0;0;;;;0;0;0;0;4;;;;4;4
"097071";"Robbiate";96;0;0;0;0;;;;0;0;0;0;0;;;;0;0
"097071";"Robbiate";97;0;0;0;0;;;;0;0;0;0;1;;;;1;1
"097071";"Robbiate";98;0;0;0;0;;;;0;1;0;0;0;;;;1;1
"097071";"Robbiate";99;0;0;0;0;;;;0;0;0;0;1;;;;1;1
"097071";"Robbiate";100;0;0;0;0;;;;0;0;0;0;1;;;;1;1
"097071";"Robbiate";999;1597;1448;98;88;;;;3231;1265;1470;127;290;;;;3152;6383
"097072";"Rogeno";0;11;0;0;0;;;;11;18;0;0;0;;;;18;29
"097072";"Rogeno";1;9;0;0;0;;;;9;8;0;0;0;;;;8;17
"097072";"Rogeno";2;7;0;0;0;;;;7;9;0;0;0;;;;9;16
"097072";"Rogeno";3;13;0;0;0;;;;13;10;0;0;0;;;;10;23
"097072";"Rogeno";4;9;0;0;0;;;;9;8;0;0;0;;;;8;17
"097072";"Rogeno";5;9;0;0;0;;;;9;13;0;0;0;;;;13;22
"097072";"Rogeno";6;8;0;0;0;;;;8;10;0;0;0;;;;10;18
"097072";"Rogeno";7;17;0;0;0;;;;17;7;0;0;0;;;;7;24
"097072";"Rogeno";8;11;0;0;0;;;;11;9;0;0;0;;;;9;20
"097072";"Rogeno";9;19;0;0;0;;;;19;13;0;0;0;;;;13;32
"097072";"Rogeno";10;15;0;0;0;;;;15;10;0;0;0;;;;10;25
"097072";"Rogeno";11;16;0;0;0;;;;16;18;0;0;0;;;;18;34
"097072";"Rogeno";12;18;0;0;0;;;;18;14;0;0;0;;;;14;32
"097072";"Rogeno";13;15;0;0;0;;;;15;12;0;0;0;;;;12;27
"097072";"Rogeno";14;23;0;0;0;;;;23;24;0;0;0;;;;24;47
"097072";"Rogeno";15;14;0;0;0;;;;14;16;0;0;0;;;;16;30
"097072";"Rogeno";16;19;0;0;0;;;;19;20;0;0;0;;;;20;39
"097072";"Rogeno";17;8;0;0;0;;;;8;13;0;0;0;;;;13;21
"097072";"Rogeno";18;16;0;0;0;;;;16;17;0;0;0;;;;17;33
"097072";"Rogeno";19;24;0;0;0;;;;24;19;0;0;0;;;;19;43
"097072";"Rogeno";20;11;0;0;0;;;;11;16;0;0;0;;;;16;27
"097072";"Rogeno";21;19;0;0;0;;;;19;21;0;0;0;;;;21;40
"097072";"Rogeno";22;22;0;0;0;;;;22;24;1;0;0;;;;25;47
"097072";"Rogeno";23;13;0;0;0;;;;13;17;1;0;0;;;;18;31
"097072";"Rogeno";24;17;0;0;0;;;;17;12;0;0;0;;;;12;29
"097072";"Rogeno";25;16;0;0;0;;;;16;14;1;0;0;;;;15;31
"097072";"Rogeno";26;12;1;0;0;;;;13;10;0;0;0;;;;10;23
"097072";"Rogeno";27;15;0;0;0;;;;15;16;0;0;0;;;;16;31
"097072";"Rogeno";28;25;0;0;0;;;;25;12;3;0;0;;;;15;40
"097072";"Rogeno";29;19;2;0;0;;;;21;11;3;0;0;;;;14;35
"097072";"Rogeno";30;7;4;0;0;;;;11;5;1;0;0;;;;6;17
"097072";"Rogeno";31;11;1;0;0;;;;12;5;6;0;0;;;;11;23
"097072";"Rogeno";32;9;5;0;0;;;;14;11;6;0;0;;;;17;31
"097072";"Rogeno";33;13;4;0;0;;;;17;7;5;0;0;;;;12;29
"097072";"Rogeno";34;8;0;0;0;;;;8;8;6;1;0;;;;15;23
"097072";"Rogeno";35;8;6;0;0;;;;14;14;6;1;0;;;;21;35
"097072";"Rogeno";36;11;10;0;0;;;;21;9;3;0;0;;;;12;33
"097072";"Rogeno";37;13;8;0;0;;;;21;7;11;0;0;;;;18;39
"097072";"Rogeno";38;5;5;0;0;;;;10;4;8;0;0;;;;12;22
"097072";"Rogeno";39;11;8;0;0;;;;19;10;17;0;0;;;;27;46
"097072";"Rogeno";40;11;6;0;0;;;;17;4;12;2;0;;;;18;35
"097072";"Rogeno";41;14;8;1;0;;;;23;4;13;2;0;;;;19;42
"097072";"Rogeno";42;7;11;2;0;;;;20;5;9;0;0;;;;14;34
"097072";"Rogeno";43;11;12;1;0;;;;24;5;16;0;0;;;;21;45
"097072";"Rogeno";44;10;11;1;0;;;;22;4;14;3;0;;;;21;43
"097072";"Rogeno";45;11;15;0;1;;;;27;2;15;2;0;;;;19;46
"097072";"Rogeno";46;8;15;1;0;;;;24;5;12;0;1;;;;18;42
"097072";"Rogeno";47;9;19;0;0;;;;28;5;20;1;1;;;;27;55
"097072";"Rogeno";48;7;19;1;0;;;;27;2;16;0;0;;;;18;45
"097072";"Rogeno";49;8;12;0;0;;;;20;1;16;0;1;;;;18;38
"097072";"Rogeno";50;13;17;1;0;;;;31;6;16;2;0;;;;24;55
"097072";"Rogeno";51;7;15;2;0;;;;24;5;18;1;0;;;;24;48
"097072";"Rogeno";52;6;20;1;0;;;;27;3;19;2;0;;;;24;51
"097072";"Rogeno";53;4;22;1;0;;;;27;3;23;2;4;;;;32;59
"097072";"Rogeno";54;5;21;2;1;;;;29;3;15;1;1;;;;20;49
"097072";"Rogeno";55;9;14;2;0;;;;25;1;27;1;0;;;;29;54
"097072";"Rogeno";56;4;24;5;0;;;;33;2;16;1;0;;;;19;52
"097072";"Rogeno";57;8;21;3;0;;;;32;2;22;2;2;;;;28;60
"097072";"Rogeno";58;3;17;2;0;;;;22;1;19;1;0;;;;21;43
"097072";"Rogeno";59;3;18;3;0;;;;24;3;17;2;2;;;;24;48
"097072";"Rogeno";60;2;14;5;0;;;;21;1;16;3;1;;;;21;42
"097072";"Rogeno";61;4;19;1;0;;;;24;1;22;0;1;;;;24;48
"097072";"Rogeno";62;1;18;3;1;;;;23;2;10;0;1;;;;13;36
"097072";"Rogeno";63;4;16;1;0;;;;21;1;20;0;0;;;;21;42
"097072";"Rogeno";64;2;21;1;0;;;;24;2;23;2;0;;;;27;51
"097072";"Rogeno";65;3;20;1;0;;;;24;0;19;1;2;;;;22;46
"097072";"Rogeno";66;3;16;2;0;;;;21;0;13;2;0;;;;15;36
"097072";"Rogeno";67;3;15;2;0;;;;20;1;14;0;3;;;;18;38
"097072";"Rogeno";68;1;18;1;1;;;;21;2;14;0;2;;;;18;39
"097072";"Rogeno";69;4;19;1;2;;;;26;1;18;0;1;;;;20;46
"097072";"Rogeno";70;2;15;0;0;;;;17;0;12;0;2;;;;14;31
"097072";"Rogeno";71;2;15;2;0;;;;19;2;11;1;5;;;;19;38
"097072";"Rogeno";72;2;18;0;1;;;;21;1;10;1;3;;;;15;36
"097072";"Rogeno";73;1;14;1;1;;;;17;1;12;1;1;;;;15;32
"097072";"Rogeno";74;2;8;0;1;;;;11;3;12;0;2;;;;17;28
"097072";"Rogeno";75;3;8;0;3;;;;14;1;9;1;8;;;;19;33
"097072";"Rogeno";76;1;10;2;0;;;;13;0;5;1;3;;;;9;22
"097072";"Rogeno";77;1;10;0;1;;;;12;1;5;1;5;;;;12;24
"097072";"Rogeno";78;1;9;1;2;;;;13;1;6;0;1;;;;8;21
"097072";"Rogeno";79;1;12;0;0;;;;13;1;4;0;6;;;;11;24
"097072";"Rogeno";80;0;3;1;1;;;;5;0;3;0;9;;;;12;17
"097072";"Rogeno";81;0;6;0;1;;;;7;0;6;1;3;;;;10;17
"097072";"Rogeno";82;0;1;0;0;;;;1;2;6;0;6;;;;14;15
"097072";"Rogeno";83;0;3;0;0;;;;3;0;7;0;3;;;;10;13
"097072";"Rogeno";84;1;10;0;1;;;;12;1;3;0;5;;;;9;21
"097072";"Rogeno";85;0;4;0;2;;;;6;1;5;0;8;;;;14;20
"097072";"Rogeno";86;0;9;0;0;;;;9;1;0;0;6;;;;7;16
"097072";"Rogeno";87;0;5;0;2;;;;7;0;1;0;5;;;;6;13
"097072";"Rogeno";88;0;3;0;1;;;;4;0;1;0;6;;;;7;11
"097072";"Rogeno";89;0;1;0;1;;;;2;2;1;0;3;;;;6;8
"097072";"Rogeno";90;0;3;0;1;;;;4;0;1;0;6;;;;7;11
"097072";"Rogeno";91;0;1;0;1;;;;2;0;0;0;5;;;;5;7
"097072";"Rogeno";92;0;2;0;1;;;;3;0;0;0;5;;;;5;8
"097072";"Rogeno";93;0;1;0;0;;;;1;0;0;0;3;;;;3;4
"097072";"Rogeno";94;0;1;0;1;;;;2;0;0;0;3;;;;3;5
"097072";"Rogeno";95;0;0;0;0;;;;0;0;1;0;1;;;;2;2
"097072";"Rogeno";96;0;1;0;0;;;;1;1;0;0;2;;;;3;4
"097072";"Rogeno";97;0;0;0;0;;;;0;1;0;0;0;;;;1;1
"097072";"Rogeno";98;0;0;0;0;;;;0;0;0;0;1;;;;1;1
"097072";"Rogeno";99;0;0;0;0;;;;0;0;0;0;1;;;;1;1
"097072";"Rogeno";100;0;0;0;0;;;;0;0;0;0;2;;;;2;2
"097072";"Rogeno";999;748;720;54;28;;;;1550;598;703;42;142;;;;1485;3035
"097074";"Santa Maria Hoè";0;2;0;0;0;;;;2;6;0;0;0;;;;6;8
"097074";"Santa Maria Hoè";1;7;0;0;0;;;;7;6;0;0;0;;;;6;13
"097074";"Santa Maria Hoè";2;8;0;0;0;;;;8;8;0;0;0;;;;8;16
"097074";"Santa Maria Hoè";3;6;0;0;0;;;;6;8;0;0;0;;;;8;14
"097074";"Santa Maria Hoè";4;7;0;0;0;;;;7;5;0;0;0;;;;5;12
"097074";"Santa Maria Hoè";5;3;0;0;0;;;;3;6;0;0;0;;;;6;9
"097074";"Santa Maria Hoè";6;14;0;0;0;;;;14;8;0;0;0;;;;8;22
"097074";"Santa Maria Hoè";7;6;0;0;0;;;;6;7;0;0;0;;;;7;13
"097074";"Santa Maria Hoè";8;10;0;0;0;;;;10;5;0;0;0;;;;5;15
"097074";"Santa Maria Hoè";9;6;0;0;0;;;;6;11;0;0;0;;;;11;17
"097074";"Santa Maria Hoè";10;13;0;0;0;;;;13;9;0;0;0;;;;9;22
"097074";"Santa Maria Hoè";11;8;0;0;0;;;;8;8;0;0;0;;;;8;16
"097074";"Santa Maria Hoè";12;11;0;0;0;;;;11;10;0;0;0;;;;10;21
"097074";"Santa Maria Hoè";13;10;0;0;0;;;;10;8;0;0;0;;;;8;18
"097074";"Santa Maria Hoè";14;19;0;0;0;;;;19;15;0;0;0;;;;15;34
"097074";"Santa Maria Hoè";15;12;0;0;0;;;;12;8;0;0;0;;;;8;20
"097074";"Santa Maria Hoè";16;11;0;0;0;;;;11;8;0;0;0;;;;8;19
"097074";"Santa Maria Hoè";17;18;0;0;0;;;;18;8;0;0;0;;;;8;26
"097074";"Santa Maria Hoè";18;14;0;0;0;;;;14;9;0;0;0;;;;9;23
"097074";"Santa Maria Hoè";19;9;0;0;0;;;;9;8;0;0;0;;;;8;17
"097074";"Santa Maria Hoè";20;14;0;0;0;;;;14;9;0;0;0;;;;9;23
"097074";"Santa Maria Hoè";21;7;0;0;0;;;;7;19;0;0;0;;;;19;26
"097074";"Santa Maria Hoè";22;14;0;0;0;;;;14;7;0;0;0;;;;7;21
"097074";"Santa Maria Hoè";23;16;0;0;0;;;;16;12;1;0;0;;;;13;29
"097074";"Santa Maria Hoè";24;12;0;0;0;;;;12;11;0;0;0;;;;11;23
"097074";"Santa Maria Hoè";25;16;0;0;0;;;;16;12;0;0;0;;;;12;28
"097074";"Santa Maria Hoè";26;11;1;0;0;;;;12;11;2;0;0;;;;13;25
"097074";"Santa Maria Hoè";27;15;0;0;0;;;;15;7;1;0;0;;;;8;23
"097074";"Santa Maria Hoè";28;9;1;0;0;;;;10;11;2;0;0;;;;13;23
"097074";"Santa Maria Hoè";29;15;0;0;0;;;;15;13;2;0;0;;;;15;30
"097074";"Santa Maria Hoè";30;6;3;0;0;;;;9;9;1;0;0;;;;10;19
"097074";"Santa Maria Hoè";31;8;2;1;0;;;;11;12;3;0;0;;;;15;26
"097074";"Santa Maria Hoè";32;8;0;0;0;;;;8;4;3;0;0;;;;7;15
"097074";"Santa Maria Hoè";33;11;4;0;0;;;;15;6;1;0;0;;;;7;22
"097074";"Santa Maria Hoè";34;10;1;0;0;;;;11;7;5;0;0;;;;12;23
"097074";"Santa Maria Hoè";35;13;8;0;0;;;;21;2;8;0;0;;;;10;31
"097074";"Santa Maria Hoè";36;4;3;0;0;;;;7;5;4;0;0;;;;9;16
"097074";"Santa Maria Hoè";37;7;2;2;0;;;;11;3;8;0;0;;;;11;22
"097074";"Santa Maria Hoè";38;12;4;0;0;;;;16;2;2;2;0;;;;6;22
"097074";"Santa Maria Hoè";39;4;3;0;0;;;;7;3;6;0;1;;;;10;17
"097074";"Santa Maria Hoè";40;4;3;0;0;;;;7;3;6;1;0;;;;10;17
"097074";"Santa Maria Hoè";41;1;8;0;0;;;;9;5;3;0;0;;;;8;17
"097074";"Santa Maria Hoè";42;9;8;0;0;;;;17;6;7;0;0;;;;13;30
"097074";"Santa Maria Hoè";43;6;3;1;0;;;;10;3;4;0;0;;;;7;17
"097074";"Santa Maria Hoè";44;6;6;0;0;;;;12;1;6;0;0;;;;7;19
"097074";"Santa Maria Hoè";45;5;3;0;0;;;;8;2;12;1;0;;;;15;23
"097074";"Santa Maria Hoè";46;4;8;0;0;;;;12;6;14;2;1;;;;23;35
"097074";"Santa Maria Hoè";47;4;8;1;1;;;;14;6;13;0;0;;;;19;33
"097074";"Santa Maria Hoè";48;6;17;0;0;;;;23;1;6;0;0;;;;7;30
"097074";"Santa Maria Hoè";49;3;12;1;0;;;;16;9;18;1;0;;;;28;44
"097074";"Santa Maria Hoè";50;7;13;0;0;;;;20;3;10;0;0;;;;13;33
"097074";"Santa Maria Hoè";51;8;7;0;0;;;;15;1;17;1;0;;;;19;34
"097074";"Santa Maria Hoè";52;7;12;1;0;;;;20;2;14;1;0;;;;17;37
"097074";"Santa Maria Hoè";53;4;12;1;0;;;;17;2;12;3;0;;;;17;34
"097074";"Santa Maria Hoè";54;9;6;1;0;;;;16;3;14;2;1;;;;20;36
"097074";"Santa Maria Hoè";55;7;13;1;0;;;;21;4;8;0;0;;;;12;33
"097074";"Santa Maria Hoè";56;4;17;1;0;;;;22;3;9;4;2;;;;18;40
"097074";"Santa Maria Hoè";57;4;12;2;0;;;;18;3;11;2;1;;;;17;35
"097074";"Santa Maria Hoè";58;6;13;1;0;;;;20;5;15;1;2;;;;23;43
"097074";"Santa Maria Hoè";59;2;18;0;0;;;;20;3;16;2;2;;;;23;43
"097074";"Santa Maria Hoè";60;3;18;1;0;;;;22;3;14;1;1;;;;19;41
"097074";"Santa Maria Hoè";61;3;10;3;0;;;;16;2;12;1;0;;;;15;31
"097074";"Santa Maria Hoè";62;2;8;2;0;;;;12;0;6;3;2;;;;11;23
"097074";"Santa Maria Hoè";63;3;10;2;0;;;;15;0;11;0;0;;;;11;26
"097074";"Santa Maria Hoè";64;0;15;2;1;;;;18;1;12;0;2;;;;15;33
"097074";"Santa Maria Hoè";65;5;11;2;2;;;;20;1;11;0;2;;;;14;34
"097074";"Santa Maria Hoè";66;2;13;0;0;;;;15;1;9;1;0;;;;11;26
"097074";"Santa Maria Hoè";67;1;13;1;0;;;;15;2;6;0;1;;;;9;24
"097074";"Santa Maria Hoè";68;2;6;0;0;;;;8;3;6;0;3;;;;12;20
"097074";"Santa Maria Hoè";69;1;9;1;0;;;;11;2;9;0;0;;;;11;22
"097074";"Santa Maria Hoè";70;2;10;0;0;;;;12;1;12;0;0;;;;13;25
"097074";"Santa Maria Hoè";71;1;6;1;0;;;;8;2;5;1;4;;;;12;20
"097074";"Santa Maria Hoè";72;0;9;0;1;;;;10;1;8;0;6;;;;15;25
"097074";"Santa Maria Hoè";73;2;8;1;1;;;;12;1;3;0;4;;;;8;20
"097074";"Santa Maria Hoè";74;3;9;0;0;;;;12;3;8;1;3;;;;15;27
"097074";"Santa Maria Hoè";75;2;8;0;0;;;;10;1;9;1;6;;;;17;27
"097074";"Santa Maria Hoè";76;1;5;1;1;;;;8;0;12;0;8;;;;20;28
"097074";"Santa Maria Hoè";77;3;11;0;1;;;;15;0;9;0;3;;;;12;27
"097074";"Santa Maria Hoè";78;0;12;0;0;;;;12;0;5;0;5;;;;10;22
"097074";"Santa Maria Hoè";79;0;5;0;1;;;;6;0;2;2;4;;;;8;14
"097074";"Santa Maria Hoè";80;0;9;0;0;;;;9;0;3;0;7;;;;10;19
"097074";"Santa Maria Hoè";81;0;8;0;0;;;;8;1;3;0;2;;;;6;14
"097074";"Santa Maria Hoè";82;2;4;1;3;;;;10;0;4;0;5;;;;9;19
"097074";"Santa Maria Hoè";83;1;4;0;0;;;;5;0;1;0;7;;;;8;13
"097074";"Santa Maria Hoè";84;1;3;0;1;;;;5;0;4;0;3;;;;7;12
"097074";"Santa Maria Hoè";85;0;3;0;0;;;;3;1;3;0;4;;;;8;11
"097074";"Santa Maria Hoè";86;0;4;0;0;;;;4;1;2;0;10;;;;13;17
"097074";"Santa Maria Hoè";87;0;5;0;0;;;;5;1;1;0;3;;;;5;10
"097074";"Santa Maria Hoè";88;0;1;0;0;;;;1;0;1;0;3;;;;4;5
"097074";"Santa Maria Hoè";89;0;6;0;0;;;;6;0;0;0;4;;;;4;10
"097074";"Santa Maria Hoè";90;0;0;0;0;;;;0;0;1;0;0;;;;1;1
"097074";"Santa Maria Hoè";91;0;1;0;1;;;;2;1;0;0;1;;;;2;4
"097074";"Santa Maria Hoè";92;0;1;0;2;;;;3;0;0;0;1;;;;1;4
"097074";"Santa Maria Hoè";93;0;0;0;0;;;;0;0;0;0;0;;;;0;0
"097074";"Santa Maria Hoè";94;0;0;0;1;;;;1;0;0;0;1;;;;1;2
"097074";"Santa Maria Hoè";95;0;0;0;0;;;;0;0;0;0;1;;;;1;1
"097074";"Santa Maria Hoè";96;0;0;0;0;;;;0;0;0;0;0;;;;0;0
"097074";"Santa Maria Hoè";97;0;0;0;0;;;;0;0;0;0;0;;;;0;0
"097074";"Santa Maria Hoè";98;0;0;0;0;;;;0;0;0;0;0;;;;0;0
"097074";"Santa Maria Hoè";99;0;0;0;0;;;;0;0;0;0;0;;;;0;0
"097074";"Santa Maria Hoè";100;0;0;0;0;;;;0;0;0;0;0;;;;0;0
"097074";"Santa Maria Hoè";999;552;476;32;17;;;;1077;426;456;34;116;;;;1032;2109
"097075";"Sirone";0;10;0;0;0;;;;10;4;0;0;0;;;;4;14
"097075";"Sirone";1;5;0;0;0;;;;5;6;0;0;0;;;;6;11
"097075";"Sirone";2;5;0;0;0;;;;5;5;0;0;0;;;;5;10
"097075";"Sirone";3;4;0;0;0;;;;4;9;0;0;0;;;;9;13
"097075";"Sirone";4;12;0;0;0;;;;12;6;0;0;0;;;;6;18
"097075";"Sirone";5;11;0;0;0;;;;11;8;0;0;0;;;;8;19
"097075";"Sirone";6;12;0;0;0;;;;12;6;0;0;0;;;;6;18
"097075";"Sirone";7;13;0;0;0;;;;13;6;0;0;0;;;;6;19
"097075";"Sirone";8;11;0;0;0;;;;11;3;0;0;0;;;;3;14
"097075";"Sirone";9;15;0;0;0;;;;15;14;0;0;0;;;;14;29
"097075";"Sirone";10;14;0;0;0;;;;14;5;0;0;0;;;;5;19
"097075";"Sirone";11;7;0;0;0;;;;7;14;0;0;0;;;;14;21
"097075";"Sirone";12;12;0;0;0;;;;12;17;0;0;0;;;;17;29
"097075";"Sirone";13;17;0;0;0;;;;17;20;0;0;0;;;;20;37
"097075";"Sirone";14;13;0;0;0;;;;13;17;0;0;0;;;;17;30
"097075";"Sirone";15;11;0;0;0;;;;11;19;0;0;0;;;;19;30
"097075";"Sirone";16;16;0;0;0;;;;16;11;0;0;0;;;;11;27
"097075";"Sirone";17;17;0;0;0;;;;17;13;0;0;0;;;;13;30
"097075";"Sirone";18;12;0;0;0;;;;12;9;0;0;0;;;;9;21
"097075";"Sirone";19;14;0;0;0;;;;14;13;0;0;0;;;;13;27
"097075";"Sirone";20;10;0;0;0;;;;10;13;0;0;0;;;;13;23
"097075";"Sirone";21;18;0;0;0;;;;18;14;1;0;0;;;;15;33
"097075";"Sirone";22;14;0;0;0;;;;14;10;0;0;0;;;;10;24
"097075";"Sirone";23;11;0;0;0;;;;11;12;1;0;0;;;;13;24
"097075";"Sirone";24;11;0;0;0;;;;11;8;1;0;0;;;;9;20
"097075";"Sirone";25;13;0;0;0;;;;13;14;3;0;0;;;;17;30
"097075";"Sirone";26;9;0;0;0;;;;9;13;1;1;0;;;;15;24
"097075";"Sirone";27;10;1;0;0;;;;11;6;1;0;0;;;;7;18
"097075";"Sirone";28;9;0;0;0;;;;9;9;0;0;0;;;;9;18
"097075";"Sirone";29;10;1;0;0;;;;11;9;4;0;0;;;;13;24
"097075";"Sirone";30;8;4;0;0;;;;12;4;6;0;0;;;;10;22
"097075";"Sirone";31;8;2;0;0;;;;10;4;5;0;0;;;;9;19
"097075";"Sirone";32;11;3;0;0;;;;14;5;1;0;0;;;;6;20
"097075";"Sirone";33;6;1;0;0;;;;7;8;10;1;0;;;;19;26
"097075";"Sirone";34;8;5;1;0;;;;14;6;3;0;0;;;;9;23
"097075";"Sirone";35;6;1;0;0;;;;7;4;5;0;0;;;;9;16
"097075";"Sirone";36;17;6;0;0;;;;23;3;2;0;0;;;;5;28
"097075";"Sirone";37;10;4;1;0;;;;15;3;9;0;0;;;;12;27
"097075";"Sirone";38;8;5;0;0;;;;13;3;8;1;0;;;;12;25
"097075";"Sirone";39;7;10;1;0;;;;18;4;7;0;0;;;;11;29
"097075";"Sirone";40;2;9;0;0;;;;11;3;9;0;0;;;;12;23
"097075";"Sirone";41;8;10;0;0;;;;18;2;11;1;0;;;;14;32
"097075";"Sirone";42;2;1;2;0;;;;5;3;15;3;0;;;;21;26
"097075";"Sirone";43;5;7;0;0;;;;12;6;13;2;2;;;;23;35
"097075";"Sirone";44;5;8;1;0;;;;14;9;9;0;0;;;;18;32
"097075";"Sirone";45;7;9;1;1;;;;18;1;8;1;0;;;;10;28
"097075";"Sirone";46;4;12;1;0;;;;17;4;14;1;0;;;;19;36
"097075";"Sirone";47;4;13;1;0;;;;18;4;15;1;0;;;;20;38
"097075";"Sirone";48;10;14;1;0;;;;25;1;9;1;1;;;;12;37
"097075";"Sirone";49;11;24;0;0;;;;35;1;18;0;0;;;;19;54
"097075";"Sirone";50;8;12;0;0;;;;20;3;15;2;0;;;;20;40
"097075";"Sirone";51;8;15;2;0;;;;25;3;15;3;0;;;;21;46
"097075";"Sirone";52;2;12;3;0;;;;17;3;13;1;0;;;;17;34
"097075";"Sirone";53;4;18;0;0;;;;22;1;18;5;0;;;;24;46
"097075";"Sirone";54;1;20;2;0;;;;23;7;18;0;0;;;;25;48
"097075";"Sirone";55;5;11;3;1;;;;20;0;14;1;0;;;;15;35
"097075";"Sirone";56;5;12;3;0;;;;20;2;10;2;1;;;;15;35
"097075";"Sirone";57;3;16;1;0;;;;20;2;11;3;1;;;;17;37
"097075";"Sirone";58;2;13;2;0;;;;17;1;13;0;1;;;;15;32
"097075";"Sirone";59;1;14;1;0;;;;16;4;15;2;1;;;;22;38
"097075";"Sirone";60;5;18;1;0;;;;24;1;17;1;1;;;;20;44
"097075";"Sirone";61;4;9;1;0;;;;14;2;12;3;1;;;;18;32
"097075";"Sirone";62;2;23;2;1;;;;28;3;16;1;0;;;;20;48
"097075";"Sirone";63;2;11;1;0;;;;14;3;10;2;2;;;;17;31
"097075";"Sirone";64;7;9;1;0;;;;17;1;14;0;0;;;;15;32
"097075";"Sirone";65;2;13;1;0;;;;16;3;10;1;1;;;;15;31
"097075";"Sirone";66;0;10;0;0;;;;10;2;12;0;2;;;;16;26
"097075";"Sirone";67;1;11;1;2;;;;15;1;10;3;8;;;;22;37
"097075";"Sirone";68;0;14;0;2;;;;16;1;13;1;3;;;;18;34
"097075";"Sirone";69;1;12;0;0;;;;13;2;11;0;3;;;;16;29
"097075";"Sirone";70;1;14;0;0;;;;15;0;10;1;4;;;;15;30
"097075";"Sirone";71;1;10;0;1;;;;12;0;10;0;2;;;;12;24
"097075";"Sirone";72;0;8;0;1;;;;9;1;8;0;2;;;;11;20
"097075";"Sirone";73;0;7;1;0;;;;8;2;8;0;3;;;;13;21
"097075";"Sirone";74;0;9;1;1;;;;11;1;11;0;3;;;;15;26
"097075";"Sirone";75;1;10;0;0;;;;11;1;2;0;7;;;;10;21
"097075";"Sirone";76;3;13;0;1;;;;17;1;7;0;5;;;;13;30
"097075";"Sirone";77;0;5;0;0;;;;5;1;7;0;3;;;;11;16
"097075";"Sirone";78;0;10;0;1;;;;11;0;1;0;11;;;;12;23
"097075";"Sirone";79;0;1;0;1;;;;2;0;1;1;2;;;;4;6
"097075";"Sirone";80;2;5;0;1;;;;8;0;3;0;10;;;;13;21
"097075";"Sirone";81;0;3;0;0;;;;3;0;5;0;6;;;;11;14
"097075";"Sirone";82;0;3;0;0;;;;3;0;5;0;4;;;;9;12
"097075";"Sirone";83;1;6;0;3;;;;10;0;4;0;2;;;;6;16
"097075";"Sirone";84;0;7;0;3;;;;10;0;4;0;7;;;;11;21
"097075";"Sirone";85;0;4;0;1;;;;5;1;3;0;3;;;;7;12
"097075";"Sirone";86;0;6;0;1;;;;7;0;4;0;6;;;;10;17
"097075";"Sirone";87;0;2;0;0;;;;2;0;1;0;2;;;;3;5
"097075";"Sirone";88;1;2;0;1;;;;4;0;0;0;5;;;;5;9
"097075";"Sirone";89;0;0;0;1;;;;1;0;1;0;1;;;;2;3
"097075";"Sirone";90;0;1;0;0;;;;1;0;0;0;4;;;;4;5
"097075";"Sirone";91;0;0;0;1;;;;1;0;1;0;1;;;;2;3
"097075";"Sirone";92;0;2;0;1;;;;3;0;0;0;2;;;;2;5
"097075";"Sirone";93;0;1;0;0;;;;1;0;0;0;2;;;;2;3
"097075";"Sirone";94;0;0;0;0;;;;0;0;0;0;1;;;;1;1
"097075";"Sirone";95;0;0;0;1;;;;1;0;0;0;2;;;;2;3
"097075";"Sirone";96;0;0;0;0;;;;0;0;0;0;3;;;;3;3
"097075";"Sirone";97;0;1;0;0;;;;1;0;0;0;0;;;;0;1
"097075";"Sirone";98;0;0;0;0;;;;0;0;0;0;0;;;;0;0
"097075";"Sirone";99;0;0;0;0;;;;0;0;0;0;0;;;;0;0
"097075";"Sirone";100;0;0;0;0;;;;0;0;0;0;0;;;;0;0
"097075";"Sirone";999;566;553;37;27;;;;1183;444;552;46;131;;;;1173;2356
"097076";"Sirtori";0;5;0;0;0;;;;5;5;0;0;0;;;;5;10
"097076";"Sirtori";1;13;0;0;0;;;;13;4;0;0;0;;;;4;17
"097076";"Sirtori";2;12;0;0;0;;;;12;11;0;0;0;;;;11;23
"097076";"Sirtori";3;7;0;0;0;;;;7;14;0;0;0;;;;14;21
"097076";"Sirtori";4;11;0;0;0;;;;11;6;0;0;0;;;;6;17
"097076";"Sirtori";5;9;0;0;0;;;;9;11;0;0;0;;;;11;20
"097076";"Sirtori";6;15;0;0;0;;;;15;14;0;0;0;;;;14;29
"097076";"Sirtori";7;15;0;0;0;;;;15;14;0;0;0;;;;14;29
"097076";"Sirtori";8;11;0;0;0;;;;11;8;0;0;0;;;;8;19
"097076";"Sirtori";9;13;0;0;0;;;;13;10;0;0;0;;;;10;23
"097076";"Sirtori";10;15;0;0;0;;;;15;15;0;0;0;;;;15;30
"097076";"Sirtori";11;14;0;0;0;;;;14;11;0;0;0;;;;11;25
"097076";"Sirtori";12;14;0;0;0;;;;14;7;0;0;0;;;;7;21
"097076";"Sirtori";13;17;0;0;0;;;;17;17;0;0;0;;;;17;34
"097076";"Sirtori";14;13;0;0;0;;;;13;9;0;0;0;;;;9;22
"097076";"Sirtori";15;10;0;0;0;;;;10;13;0;0;0;;;;13;23
"097076";"Sirtori";16;14;0;0;0;;;;14;17;0;0;0;;;;17;31
"097076";"Sirtori";17;18;0;0;0;;;;18;15;0;0;0;;;;15;33
"097076";"Sirtori";18;14;0;0;0;;;;14;13;0;0;0;;;;13;27
"097076";"Sirtori";19;13;0;0;0;;;;13;13;0;0;0;;;;13;26
"097076";"Sirtori";20;13;0;0;0;;;;13;9;0;0;0;;;;9;22
"097076";"Sirtori";21;13;0;0;0;;;;13;6;1;0;0;;;;7;20
"097076";"Sirtori";22;12;0;0;0;;;;12;14;0;0;0;;;;14;26
"097076";"Sirtori";23;9;0;0;0;;;;9;9;0;0;0;;;;9;18
"097076";"Sirtori";24;7;0;0;0;;;;7;16;0;0;0;;;;16;23
"097076";"Sirtori";25;16;0;0;0;;;;16;17;3;0;0;;;;20;36
"097076";"Sirtori";26;13;0;0;0;;;;13;11;1;0;0;;;;12;25
"097076";"Sirtori";27;16;0;0;0;;;;16;15;0;0;0;;;;15;31
"097076";"Sirtori";28;13;0;0;0;;;;13;8;1;1;0;;;;10;23
"097076";"Sirtori";29;16;3;0;0;;;;19;5;3;0;0;;;;8;27
"097076";"Sirtori";30;13;0;0;0;;;;13;19;3;1;0;;;;23;36
"097076";"Sirtori";31;13;2;0;0;;;;15;10;3;0;0;;;;13;28
"097076";"Sirtori";32;8;4;0;0;;;;12;5;7;0;0;;;;12;24
"097076";"Sirtori";33;14;4;0;0;;;;18;5;7;0;1;;;;13;31
"097076";"Sirtori";34;8;4;1;0;;;;13;3;8;0;0;;;;11;24
"097076";"Sirtori";35;10;6;0;0;;;;16;3;5;1;0;;;;9;25
"097076";"Sirtori";36;8;3;0;0;;;;11;11;6;0;0;;;;17;28
"097076";"Sirtori";37;10;5;0;0;;;;15;5;11;0;0;;;;16;31
"097076";"Sirtori";38;7;7;1;0;;;;15;4;6;0;0;;;;10;25
"097076";"Sirtori";39;7;5;0;0;;;;12;9;11;2;0;;;;22;34
"097076";"Sirtori";40;8;6;0;0;;;;14;6;7;2;1;;;;16;30
"097076";"Sirtori";41;6;14;1;0;;;;21;2;10;2;0;;;;14;35
"097076";"Sirtori";42;8;9;1;0;;;;18;7;7;0;0;;;;14;32
"097076";"Sirtori";43;9;8;1;0;;;;18;7;9;2;0;;;;18;36
"097076";"Sirtori";44;8;11;2;0;;;;21;4;12;0;0;;;;16;37
"097076";"Sirtori";45;2;4;1;0;;;;7;3;10;1;0;;;;14;21
"097076";"Sirtori";46;12;16;0;0;;;;28;2;18;1;0;;;;21;49
"097076";"Sirtori";47;5;12;0;0;;;;17;2;8;0;0;;;;10;27
"097076";"Sirtori";48;7;11;1;0;;;;19;2;10;0;0;;;;12;31
"097076";"Sirtori";49;4;12;2;0;;;;18;6;15;2;1;;;;24;42
"097076";"Sirtori";50;5;11;0;0;;;;16;5;15;0;0;;;;20;36
"097076";"Sirtori";51;9;19;1;0;;;;29;5;10;3;1;;;;19;48
"097076";"Sirtori";52;7;16;0;1;;;;24;1;18;1;2;;;;22;46
"097076";"Sirtori";53;6;10;1;0;;;;17;4;15;0;0;;;;19;36
"097076";"Sirtori";54;4;13;3;0;;;;20;4;16;2;1;;;;23;43
"097076";"Sirtori";55;8;15;2;0;;;;25;2;18;0;0;;;;20;45
"097076";"Sirtori";56;4;16;1;0;;;;21;0;19;2;1;;;;22;43
"097076";"Sirtori";57;8;18;0;0;;;;26;3;19;3;0;;;;25;51
"097076";"Sirtori";58;2;17;1;0;;;;20;3;16;2;0;;;;21;41
"097076";"Sirtori";59;3;13;3;1;;;;20;6;21;4;2;;;;33;53
"097076";"Sirtori";60;4;29;2;1;;;;36;3;23;2;0;;;;28;64
"097076";"Sirtori";61;2;22;2;0;;;;26;1;17;3;1;;;;22;48
"097076";"Sirtori";62;4;21;0;0;;;;25;5;20;2;3;;;;30;55
"097076";"Sirtori";63;3;15;2;1;;;;21;2;25;0;0;;;;27;48
"097076";"Sirtori";64;1;21;1;1;;;;24;0;12;1;2;;;;15;39
"097076";"Sirtori";65;5;25;2;0;;;;32;2;12;3;3;;;;20;52
"097076";"Sirtori";66;0;14;1;0;;;;15;0;9;2;1;;;;12;27
"097076";"Sirtori";67;3;14;1;1;;;;19;1;21;1;0;;;;23;42
"097076";"Sirtori";68;0;8;0;0;;;;8;3;8;0;0;;;;11;19
"097076";"Sirtori";69;1;14;0;3;;;;18;4;21;1;3;;;;29;47
"097076";"Sirtori";70;3;15;0;1;;;;19;0;9;0;7;;;;16;35
"097076";"Sirtori";71;1;16;0;2;;;;19;0;20;1;1;;;;22;41
"097076";"Sirtori";72;3;14;1;0;;;;18;0;16;1;5;;;;22;40
"097076";"Sirtori";73;2;10;1;0;;;;13;1;10;2;1;;;;14;27
"097076";"Sirtori";74;2;21;1;2;;;;26;0;13;0;3;;;;16;42
"097076";"Sirtori";75;1;11;0;0;;;;12;0;6;0;9;;;;15;27
"097076";"Sirtori";76;2;13;0;1;;;;16;0;9;0;4;;;;13;29
"097076";"Sirtori";77;0;5;1;0;;;;6;2;6;0;7;;;;15;21
"097076";"Sirtori";78;0;18;0;1;;;;19;1;13;0;6;;;;20;39
"097076";"Sirtori";79;1;11;0;0;;;;12;0;8;0;9;;;;17;29
"097076";"Sirtori";80;0;9;0;1;;;;10;0;3;0;5;;;;8;18
"097076";"Sirtori";81;2;8;0;3;;;;13;0;2;0;7;;;;9;22
"097076";"Sirtori";82;0;8;0;0;;;;8;1;4;0;7;;;;12;20
"097076";"Sirtori";83;0;9;0;1;;;;10;0;5;0;3;;;;8;18
"097076";"Sirtori";84;0;8;0;0;;;;8;0;4;1;5;;;;10;18
"097076";"Sirtori";85;2;3;0;2;;;;7;0;3;0;3;;;;6;13
"097076";"Sirtori";86;0;6;0;0;;;;6;0;1;0;5;;;;6;12
"097076";"Sirtori";87;1;4;0;4;;;;9;0;4;0;4;;;;8;17
"097076";"Sirtori";88;0;3;0;1;;;;4;0;3;0;6;;;;9;13
"097076";"Sirtori";89;0;1;0;1;;;;2;0;0;0;2;;;;2;4
"097076";"Sirtori";90;0;3;0;0;;;;3;0;0;0;3;;;;3;6
"097076";"Sirtori";91;0;1;0;0;;;;1;0;0;0;3;;;;3;4
"097076";"Sirtori";92;0;1;0;0;;;;1;0;0;0;2;;;;2;3
"097076";"Sirtori";93;0;1;0;1;;;;2;0;0;0;4;;;;4;6
"097076";"Sirtori";94;0;1;0;0;;;;1;2;0;0;1;;;;3;4
"097076";"Sirtori";95;0;1;0;0;;;;1;0;0;0;4;;;;4;5
"097076";"Sirtori";96;0;0;0;0;;;;0;0;0;0;1;;;;1;1
"097076";"Sirtori";97;0;0;0;0;;;;0;0;0;0;1;;;;1;1
"097076";"Sirtori";98;0;0;0;0;;;;0;0;0;0;0;;;;0;0
"097076";"Sirtori";99;0;0;0;1;;;;1;0;0;0;0;;;;0;1
"097076";"Sirtori";100;0;0;0;0;;;;0;0;0;0;3;;;;3;3
"097076";"Sirtori";999;647;678;38;31;;;;1394;513;656;52;144;;;;1365;2759
"097077";"Sueglio";0;0;0;0;0;;;;0;3;0;0;0;;;;3;3
"097077";"Sueglio";1;1;0;0;0;;;;1;0;0;0;0;;;;0;1
"097077";"Sueglio";2;1;0;0;0;;;;1;0;0;0;0;;;;0;1
"097077";"Sueglio";3;1;0;0;0;;;;1;0;0;0;0;;;;0;1
"097077";"Sueglio";4;2;0;0;0;;;;2;1;0;0;0;;;;1;3
"097077";"Sueglio";5;1;0;0;0;;;;1;0;0;0;0;;;;0;1
"097077";"Sueglio";6;0;0;0;0;;;;0;2;0;0;0;;;;2;2
"097077";"Sueglio";7;0;0;0;0;;;;0;0;0;0;0;;;;0;0
"097077";"Sueglio";8;1;0;0;0;;;;1;1;0;0;0;;;;1;2
"097077";"Sueglio";9;0;0;0;0;;;;0;1;0;0;0;;;;1;1
"097077";"Sueglio";10;0;0;0;0;;;;0;0;0;0;0;;;;0;0
"097077";"Sueglio";11;1;0;0;0;;;;1;1;0;0;0;;;;1;2
"097077";"Sueglio";12;1;0;0;0;;;;1;1;0;0;0;;;;1;2
"097077";"Sueglio";13;1;0;0;0;;;;1;0;0;0;0;;;;0;1
"097077";"Sueglio";14;1;0;0;0;;;;1;0;0;0;0;;;;0;1
"097077";"Sueglio";15;0;0;0;0;;;;0;0;0;0;0;;;;0;0
"097077";"Sueglio";16;1;0;0;0;;;;1;0;0;0;0;;;;0;1
"097077";"Sueglio";17;0;0;0;0;;;;0;0;0;0;0;;;;0;0
"097077";"Sueglio";18;0;0;0;0;;;;0;0;0;0;0;;;;0;0
"097077";"Sueglio";19;2;0;0;0;;;;2;0;0;0;0;;;;0;2
"097077";"Sueglio";20;0;0;0;0;;;;0;1;0;0;0;;;;1;1
"097077";"Sueglio";21;1;0;0;0;;;;1;0;0;0;0;;;;0;1
"097077";"Sueglio";22;1;0;0;0;;;;1;0;0;0;0;;;;0;1
"097077";"Sueglio";23;1;0;0;0;;;;1;0;0;0;0;;;;0;1
"097077";"Sueglio";24;0;0;0;0;;;;0;0;0;0;0;;;;0;0
"097077";"Sueglio";25;0;0;0;0;;;;0;0;0;0;0;;;;0;0
"097077";"Sueglio";26;0;0;0;0;;;;0;0;0;0;0;;;;0;0
"097077";"Sueglio";27;0;0;0;0;;;;0;1;0;0;0;;;;1;1
"097077";"Sueglio";28;0;0;0;0;;;;0;2;0;0;0;;;;2;2
"097077";"Sueglio";29;0;0;0;0;;;;0;0;0;0;0;;;;0;0
"097077";"Sueglio";30;0;0;0;0;;;;0;1;1;0;0;;;;2;2
"097077";"Sueglio";31;0;1;0;0;;;;1;0;1;0;0;;;;1;2
"097077";"Sueglio";32;1;1;0;0;;;;2;0;0;0;0;;;;0;2
"097077";"Sueglio";33;1;0;0;0;;;;1;0;2;0;0;;;;2;3
"097077";"Sueglio";34;0;1;0;0;;;;1;1;0;0;0;;;;1;2
"097077";"Sueglio";35;0;0;0;0;;;;0;0;0;0;0;;;;0;0
"097077";"Sueglio";36;0;0;0;0;;;;0;0;0;0;0;;;;0;0
"097077";"Sueglio";37;0;0;0;0;;;;0;0;0;0;0;;;;0;0
"097077";"Sueglio";38;1;0;0;0;;;;1;2;1;0;0;;;;3;4
"097077";"Sueglio";39;1;0;0;0;;;;1;1;1;0;0;;;;2;3
"097077";"Sueglio";40;0;0;0;0;;;;0;1;1;0;0;;;;2;2
"097077";"Sueglio";41;0;0;0;0;;;;0;1;1;0;0;;;;2;2
"097077";"Sueglio";42;0;0;0;0;;;;0;0;0;0;0;;;;0;0
"097077";"Sueglio";43;0;1;0;0;;;;1;0;0;0;0;;;;0;1
"097077";"Sueglio";44;0;0;0;0;;;;0;1;1;0;0;;;;2;2
"097077";"Sueglio";45;2;1;0;0;;;;3;0;0;0;1;;;;1;4
"097077";"Sueglio";46;0;0;0;0;;;;0;0;0;0;0;;;;0;0
"097077";"Sueglio";47;1;0;1;0;;;;2;0;1;0;0;;;;1;3
"097077";"Sueglio";48;2;0;0;0;;;;2;0;0;0;0;;;;0;2
"097077";"Sueglio";49;0;0;0;0;;;;0;0;1;0;0;;;;1;1
"097077";"Sueglio";50;1;0;0;0;;;;1;0;0;0;0;;;;0;1
"097077";"Sueglio";51;1;0;0;0;;;;1;0;0;0;0;;;;0;1
"097077";"Sueglio";52;0;0;0;0;;;;0;0;2;0;1;;;;3;3
"097077";"Sueglio";53;0;0;0;0;;;;0;0;0;0;0;;;;0;0
"097077";"Sueglio";54;0;0;0;0;;;;0;0;0;0;0;;;;0;0
"097077";"Sueglio";55;0;1;0;0;;;;1;1;0;0;0;;;;1;2
"097077";"Sueglio";56;1;2;1;0;;;;4;0;2;0;0;;;;2;6
"097077";"Sueglio";57;0;1;1;0;;;;2;0;0;0;0;;;;0;2
"097077";"Sueglio";58;0;1;0;0;;;;1;0;1;1;0;;;;2;3
"097077";"Sueglio";59;0;0;0;0;;;;0;1;3;1;0;;;;5;5
"097077";"Sueglio";60;0;1;1;0;;;;2;1;1;0;0;;;;2;4
"097077";"Sueglio";61;0;1;1;0;;;;2;0;0;0;0;;;;0;2
"097077";"Sueglio";62;1;2;0;0;;;;3;0;0;0;0;;;;0;3
"097077";"Sueglio";63;0;0;0;0;;;;0;0;1;0;0;;;;1;1
"097077";"Sueglio";64;0;0;0;0;;;;0;0;0;0;0;;;;0;0
"097077";"Sueglio";65;0;1;0;0;;;;1;0;1;0;0;;;;1;2
"097077";"Sueglio";66;0;1;0;0;;;;1;0;3;0;0;;;;3;4
"097077";"Sueglio";67;0;1;0;0;;;;1;0;5;0;1;;;;6;7
"097077";"Sueglio";68;0;2;1;0;;;;3;0;1;1;0;;;;2;5
"097077";"Sueglio";69;1;0;0;0;;;;1;1;1;0;0;;;;2;3
"097077";"Sueglio";70;0;2;1;1;;;;4;0;1;0;0;;;;1;5
"097077";"Sueglio";71;0;2;0;0;;;;2;0;0;0;0;;;;0;2
"097077";"Sueglio";72;0;0;0;0;;;;0;0;0;0;0;;;;0;0
"097077";"Sueglio";73;0;2;0;0;;;;2;0;2;0;0;;;;2;4
"097077";"Sueglio";74;0;1;0;0;;;;1;1;2;0;1;;;;4;5
"097077";"Sueglio";75;0;4;0;0;;;;4;0;1;0;0;;;;1;5
"097077";"Sueglio";76;0;2;0;1;;;;3;0;0;0;0;;;;0;3
"097077";"Sueglio";77;0;0;0;0;;;;0;0;0;0;0;;;;0;0
"097077";"Sueglio";78;0;0;0;0;;;;0;1;0;0;0;;;;1;1
"097077";"Sueglio";79;0;1;0;0;;;;1;0;0;0;1;;;;1;2
"097077";"Sueglio";80;0;1;0;0;;;;1;0;0;0;0;;;;0;1
"097077";"Sueglio";81;0;1;1;0;;;;2;0;0;0;0;;;;0;2
"097077";"Sueglio";82;0;0;0;0;;;;0;0;0;0;0;;;;0;0
"097077";"Sueglio";83;0;1;0;0;;;;1;0;0;0;0;;;;0;1
"097077";"Sueglio";84;0;0;0;0;;;;0;0;0;0;0;;;;0;0
"097077";"Sueglio";85;0;0;0;1;;;;1;0;0;0;0;;;;0;1
"097077";"Sueglio";86;0;0;0;0;;;;0;0;0;0;0;;;;0;0
"097077";"Sueglio";87;0;0;0;0;;;;0;0;0;0;0;;;;0;0
"097077";"Sueglio";88;0;0;0;0;;;;0;0;0;0;0;;;;0;0
"097077";"Sueglio";89;0;0;0;1;;;;1;0;0;0;1;;;;1;2
"097077";"Sueglio";90;0;0;0;1;;;;1;0;0;0;1;;;;1;2
"097077";"Sueglio";91;0;0;0;0;;;;0;0;0;0;0;;;;0;0
"097077";"Sueglio";92;0;0;0;0;;;;0;0;0;0;0;;;;0;0
"097077";"Sueglio";93;0;0;0;0;;;;0;0;0;0;0;;;;0;0
"097077";"Sueglio";94;0;0;0;0;;;;0;0;0;0;0;;;;0;0
"097077";"Sueglio";95;0;0;0;0;;;;0;0;0;0;0;;;;0;0
"097077";"Sueglio";96;0;0;0;0;;;;0;0;0;0;0;;;;0;0
"097077";"Sueglio";97;0;0;0;0;;;;0;0;0;0;0;;;;0;0
"097077";"Sueglio";98;0;0;0;0;;;;0;0;0;0;0;;;;0;0
"097077";"Sueglio";99;0;0;0;0;;;;0;0;0;0;0;;;;0;0
"097077";"Sueglio";100;0;0;0;0;;;;0;0;0;0;0;;;;0;0
"097077";"Sueglio";999;31;36;8;5;;;;80;28;38;3;7;;;;76;156
"097078";"Suello";0;8;0;0;0;;;;8;8;0;0;0;;;;8;16
"097078";"Suello";1;4;0;0;0;;;;4;5;0;0;0;;;;5;9
"097078";"Suello";2;3;0;0;0;;;;3;8;0;0;0;;;;8;11
"097078";"Suello";3;6;0;0;0;;;;6;8;0;0;0;;;;8;14
"097078";"Suello";4;7;0;0;0;;;;7;4;0;0;0;;;;4;11
"097078";"Suello";5;8;0;0;0;;;;8;4;0;0;0;;;;4;12
"097078";"Suello";6;2;0;0;0;;;;2;9;0;0;0;;;;9;11
"097078";"Suello";7;9;0;0;0;;;;9;12;0;0;0;;;;12;21
"097078";"Suello";8;8;0;0;0;;;;8;6;0;0;0;;;;6;14
"097078";"Suello";9;14;0;0;0;;;;14;10;0;0;0;;;;10;24
"097078";"Suello";10;12;0;0;0;;;;12;9;0;0;0;;;;9;21
"097078";"Suello";11;6;0;0;0;;;;6;8;0;0;0;;;;8;14
"097078";"Suello";12;9;0;0;0;;;;9;12;0;0;0;;;;12;21
"097078";"Suello";13;7;0;0;0;;;;7;10;0;0;0;;;;10;17
"097078";"Suello";14;8;0;0;0;;;;8;9;0;0;0;;;;9;17
"097078";"Suello";15;9;0;0;0;;;;9;11;0;0;0;;;;11;20
"097078";"Suello";16;11;0;0;0;;;;11;11;0;0;0;;;;11;22
"097078";"Suello";17;12;0;0;0;;;;12;6;0;0;0;;;;6;18
"097078";"Suello";18;8;0;0;0;;;;8;12;0;0;0;;;;12;20
"097078";"Suello";19;7;0;0;0;;;;7;6;0;0;0;;;;6;13
"097078";"Suello";20;6;0;0;0;;;;6;9;0;0;0;;;;9;15
"097078";"Suello";21;5;0;0;0;;;;5;5;0;0;0;;;;5;10
"097078";"Suello";22;6;0;0;0;;;;6;10;0;0;0;;;;10;16
"097078";"Suello";23;8;0;0;0;;;;8;9;0;0;0;;;;9;17
"097078";"Suello";24;12;0;0;0;;;;12;10;0;0;0;;;;10;22
"097078";"Suello";25;5;0;0;0;;;;5;6;0;0;0;;;;6;11
"097078";"Suello";26;14;0;0;0;;;;14;9;0;0;0;;;;9;23
"097078";"Suello";27;8;0;0;0;;;;8;11;0;0;0;;;;11;19
"097078";"Suello";28;3;0;0;0;;;;3;8;2;0;0;;;;10;13
"097078";"Suello";29;8;2;0;0;;;;10;3;2;0;0;;;;5;15
"097078";"Suello";30;7;1;0;0;;;;8;4;2;0;0;;;;6;14
"097078";"Suello";31;5;0;0;0;;;;5;4;4;0;0;;;;8;13
"097078";"Suello";32;11;1;0;0;;;;12;6;4;0;0;;;;10;22
"097078";"Suello";33;9;2;0;0;;;;11;2;3;0;0;;;;5;16
"097078";"Suello";34;5;4;0;0;;;;9;9;0;0;0;;;;9;18
"097078";"Suello";35;7;3;1;0;;;;11;2;5;0;0;;;;7;18
"097078";"Suello";36;7;7;0;0;;;;14;3;8;1;0;;;;12;26
"097078";"Suello";37;3;3;0;0;;;;6;4;6;1;0;;;;11;17
"097078";"Suello";38;8;7;0;0;;;;15;1;12;0;0;;;;13;28
"097078";"Suello";39;4;3;0;0;;;;7;2;5;0;0;;;;7;14
"097078";"Suello";40;3;5;0;0;;;;8;2;2;0;0;;;;4;12
"097078";"Suello";41;6;5;0;0;;;;11;2;9;0;0;;;;11;22
"097078";"Suello";42;4;3;0;0;;;;7;2;9;1;0;;;;12;19
"097078";"Suello";43;3;5;1;0;;;;9;5;10;0;0;;;;15;24
"097078";"Suello";44;4;12;0;0;;;;16;1;10;0;1;;;;12;28
"097078";"Suello";45;4;4;1;0;;;;9;2;8;0;0;;;;10;19
"097078";"Suello";46;4;6;0;0;;;;10;0;14;1;0;;;;15;25
"097078";"Suello";47;6;13;1;0;;;;20;3;8;1;1;;;;13;33
"097078";"Suello";48;0;12;0;0;;;;12;2;6;1;0;;;;9;21
"097078";"Suello";49;1;11;1;0;;;;13;3;7;0;1;;;;11;24
"097078";"Suello";50;4;8;0;0;;;;12;1;14;0;1;;;;16;28
"097078";"Suello";51;3;7;1;0;;;;11;8;7;2;0;;;;17;28
"097078";"Suello";52;6;9;0;0;;;;15;4;5;0;0;;;;9;24
"097078";"Suello";53;3;6;1;0;;;;10;4;11;0;0;;;;15;25
"097078";"Suello";54;4;11;2;0;;;;17;0;12;1;0;;;;13;30
"097078";"Suello";55;2;13;2;0;;;;17;1;11;0;0;;;;12;29
"097078";"Suello";56;4;10;1;0;;;;15;2;8;1;0;;;;11;26
"097078";"Suello";57;1;7;1;0;;;;9;2;10;3;1;;;;16;25
"097078";"Suello";58;3;15;0;0;;;;18;2;16;2;0;;;;20;38
"097078";"Suello";59;2;6;2;1;;;;11;0;10;1;0;;;;11;22
"097078";"Suello";60;2;8;1;0;;;;11;2;11;0;0;;;;13;24
"097078";"Suello";61;1;8;0;0;;;;9;4;15;0;0;;;;19;28
"097078";"Suello";62;0;12;0;1;;;;13;2;9;2;1;;;;14;27
"097078";"Suello";63;2;11;1;0;;;;14;0;12;0;2;;;;14;28
"097078";"Suello";64;2;11;0;0;;;;13;3;9;1;0;;;;13;26
"097078";"Suello";65;3;8;0;0;;;;11;2;9;0;1;;;;12;23
"097078";"Suello";66;0;13;2;0;;;;15;1;11;0;1;;;;13;28
"097078";"Suello";67;1;11;0;0;;;;12;2;3;0;3;;;;8;20
"097078";"Suello";68;2;10;0;0;;;;12;1;15;0;2;;;;18;30
"097078";"Suello";69;2;7;0;1;;;;10;0;13;0;2;;;;15;25
"097078";"Suello";70;1;14;1;1;;;;17;0;8;0;2;;;;10;27
"097078";"Suello";71;1;11;0;0;;;;12;1;6;0;1;;;;8;20
"097078";"Suello";72;0;6;0;1;;;;7;0;2;0;1;;;;3;10
"097078";"Suello";73;1;10;0;0;;;;11;1;6;0;1;;;;8;19
"097078";"Suello";74;4;5;0;2;;;;11;2;3;1;2;;;;8;19
"097078";"Suello";75;0;12;0;1;;;;13;1;9;0;2;;;;12;25
"097078";"Suello";76;2;7;0;0;;;;9;1;6;0;5;;;;12;21
"097078";"Suello";77;1;3;0;0;;;;4;0;3;0;1;;;;4;8
"097078";"Suello";78;3;6;0;1;;;;10;1;4;0;2;;;;7;17
"097078";"Suello";79;0;6;0;0;;;;6;0;5;0;0;;;;5;11
"097078";"Suello";80;0;7;1;2;;;;10;0;5;0;6;;;;11;21
"097078";"Suello";81;0;2;0;1;;;;3;1;2;0;3;;;;6;9
"097078";"Suello";82;0;2;0;0;;;;2;2;2;0;3;;;;7;9
"097078";"Suello";83;0;2;0;1;;;;3;2;0;0;3;;;;5;8
"097078";"Suello";84;0;3;0;2;;;;5;2;2;0;5;;;;9;14
"097078";"Suello";85;1;1;0;0;;;;2;0;3;0;2;;;;5;7
"097078";"Suello";86;0;5;0;0;;;;5;0;0;0;6;;;;6;11
"097078";"Suello";87;0;3;0;0;;;;3;0;3;0;5;;;;8;11
"097078";"Suello";88;0;1;0;1;;;;2;0;1;0;3;;;;4;6
"097078";"Suello";89;0;0;0;1;;;;1;1;0;0;4;;;;5;6
"097078";"Suello";90;0;1;0;2;;;;3;1;0;0;2;;;;3;6
"097078";"Suello";91;0;0;0;2;;;;2;1;0;0;2;;;;3;5
"097078";"Suello";92;0;0;0;1;;;;1;0;0;0;3;;;;3;4
"097078";"Suello";93;0;1;0;0;;;;1;0;0;0;3;;;;3;4
"097078";"Suello";94;0;1;0;0;;;;1;0;0;0;1;;;;1;2
"097078";"Suello";95;0;0;0;0;;;;0;0;0;0;0;;;;0;0
"097078";"Suello";96;0;0;0;0;;;;0;0;0;0;2;;;;2;2
"097078";"Suello";97;0;0;0;0;;;;0;0;0;0;0;;;;0;0
"097078";"Suello";98;0;0;0;0;;;;0;0;0;0;0;;;;0;0
"097078";"Suello";99;0;0;0;0;;;;0;0;0;0;0;;;;0;0
"097078";"Suello";100;0;0;0;0;;;;0;0;0;0;1;;;;1;1
"097078";"Suello";999;395;409;21;22;;;;847;365;417;20;88;;;;890;1737
"097079";"Taceno";0;3;0;0;0;;;;3;5;0;0;0;;;;5;8
"097079";"Taceno";1;3;0;0;0;;;;3;3;0;0;0;;;;3;6
"097079";"Taceno";2;2;0;0;0;;;;2;3;0;0;0;;;;3;5
"097079";"Taceno";3;2;0;0;0;;;;2;2;0;0;0;;;;2;4
"097079";"Taceno";4;3;0;0;0;;;;3;1;0;0;0;;;;1;4
"097079";"Taceno";5;3;0;0;0;;;;3;2;0;0;0;;;;2;5
"097079";"Taceno";6;2;0;0;0;;;;2;4;0;0;0;;;;4;6
"097079";"Taceno";7;3;0;0;0;;;;3;2;0;0;0;;;;2;5
"097079";"Taceno";8;2;0;0;0;;;;2;0;0;0;0;;;;0;2
"097079";"Taceno";9;0;0;0;0;;;;0;3;0;0;0;;;;3;3
"097079";"Taceno";10;3;0;0;0;;;;3;5;0;0;0;;;;5;8
"097079";"Taceno";11;4;0;0;0;;;;4;3;0;0;0;;;;3;7
"097079";"Taceno";12;4;0;0;0;;;;4;2;0;0;0;;;;2;6
"097079";"Taceno";13;1;0;0;0;;;;1;3;0;0;0;;;;3;4
"097079";"Taceno";14;3;0;0;0;;;;3;3;0;0;0;;;;3;6
"097079";"Taceno";15;5;0;0;0;;;;5;1;0;0;0;;;;1;6
"097079";"Taceno";16;4;0;0;0;;;;4;1;0;0;0;;;;1;5
"097079";"Taceno";17;1;0;0;0;;;;1;4;0;0;0;;;;4;5
"097079";"Taceno";18;1;0;0;0;;;;1;4;0;0;0;;;;4;5
"097079";"Taceno";19;3;0;0;0;;;;3;2;0;0;0;;;;2;5
"097079";"Taceno";20;6;0;0;0;;;;6;4;0;0;0;;;;4;10
"097079";"Taceno";21;2;0;0;0;;;;2;3;0;0;0;;;;3;5
"097079";"Taceno";22;2;0;0;0;;;;2;3;0;0;0;;;;3;5
"097079";"Taceno";23;3;0;0;0;;;;3;1;0;0;0;;;;1;4
"097079";"Taceno";24;4;0;0;0;;;;4;5;1;0;0;;;;6;10
"097079";"Taceno";25;6;0;0;0;;;;6;3;2;0;0;;;;5;11
"097079";"Taceno";26;3;0;0;0;;;;3;2;0;0;0;;;;2;5
"097079";"Taceno";27;4;0;0;0;;;;4;4;0;0;0;;;;4;8
"097079";"Taceno";28;1;0;0;0;;;;1;3;1;0;0;;;;4;5
"097079";"Taceno";29;3;0;0;0;;;;3;1;0;0;0;;;;1;4
"097079";"Taceno";30;0;0;0;0;;;;0;2;2;0;0;;;;4;4
"097079";"Taceno";31;4;3;0;0;;;;7;3;0;0;0;;;;3;10
"097079";"Taceno";32;2;0;0;0;;;;2;2;1;0;0;;;;3;5
"097079";"Taceno";33;7;1;0;0;;;;8;2;2;0;0;;;;4;12
"097079";"Taceno";34;6;3;0;0;;;;9;1;1;0;0;;;;2;11
"097079";"Taceno";35;0;1;0;0;;;;1;2;1;0;0;;;;3;4
"097079";"Taceno";36;2;0;0;0;;;;2;0;3;0;0;;;;3;5
"097079";"Taceno";37;1;1;0;0;;;;2;3;1;0;0;;;;4;6
"097079";"Taceno";38;3;4;0;0;;;;7;1;1;0;0;;;;2;9
"097079";"Taceno";39;4;1;0;0;;;;5;2;0;0;0;;;;2;7
"097079";"Taceno";40;4;0;0;0;;;;4;3;0;0;0;;;;3;7
"097079";"Taceno";41;1;3;0;0;;;;4;0;2;0;0;;;;2;6
"097079";"Taceno";42;4;1;0;0;;;;5;1;3;0;0;;;;4;9
"097079";"Taceno";43;1;2;0;0;;;;3;0;1;0;0;;;;1;4
"097079";"Taceno";44;0;2;1;0;;;;3;1;1;0;0;;;;2;5
"097079";"Taceno";45;1;2;1;0;;;;4;2;0;1;0;;;;3;7
"097079";"Taceno";46;5;1;0;0;;;;6;0;0;0;0;;;;0;6
"097079";"Taceno";47;0;3;0;0;;;;3;1;3;0;0;;;;4;7
"097079";"Taceno";48;1;4;0;0;;;;5;4;0;3;0;;;;7;12
"097079";"Taceno";49;2;2;0;0;;;;4;3;1;0;0;;;;4;8
"097079";"Taceno";50;2;1;0;0;;;;3;2;3;0;0;;;;5;8
"097079";"Taceno";51;1;0;0;1;;;;2;1;3;1;0;;;;5;7
"097079";"Taceno";52;2;4;0;0;;;;6;0;1;1;0;;;;2;8
"097079";"Taceno";53;7;4;1;0;;;;12;0;3;2;0;;;;5;17
"097079";"Taceno";54;1;0;4;0;;;;5;0;0;0;0;;;;0;5
"097079";"Taceno";55;3;4;1;0;;;;8;2;7;1;0;;;;10;18
"097079";"Taceno";56;3;1;1;0;;;;5;2;4;0;1;;;;7;12
"097079";"Taceno";57;0;3;0;1;;;;4;1;1;0;1;;;;3;7
"097079";"Taceno";58;0;2;0;0;;;;2;2;4;0;0;;;;6;8
"097079";"Taceno";59;1;3;2;0;;;;6;0;2;0;0;;;;2;8
"097079";"Taceno";60;2;3;0;0;;;;5;2;3;0;0;;;;5;10
"097079";"Taceno";61;3;2;0;1;;;;6;0;3;0;0;;;;3;9
"097079";"Taceno";62;1;2;0;0;;;;3;1;5;2;1;;;;9;12
"097079";"Taceno";63;2;1;0;0;;;;3;1;1;1;1;;;;4;7
"097079";"Taceno";64;0;4;0;1;;;;5;2;2;0;1;;;;5;10
"097079";"Taceno";65;0;1;0;0;;;;1;0;2;0;0;;;;2;3
"097079";"Taceno";66;0;1;0;1;;;;2;1;2;1;0;;;;4;6
"097079";"Taceno";67;0;3;0;0;;;;3;0;3;1;1;;;;5;8
"097079";"Taceno";68;1;2;0;0;;;;3;0;1;1;2;;;;4;7
"097079";"Taceno";69;1;2;1;0;;;;4;1;1;0;1;;;;3;7
"097079";"Taceno";70;0;3;0;0;;;;3;0;0;0;0;;;;0;3
"097079";"Taceno";71;0;3;0;0;;;;3;0;0;0;2;;;;2;5
"097079";"Taceno";72;0;1;0;0;;;;1;0;1;0;0;;;;1;2
"097079";"Taceno";73;4;0;0;0;;;;4;0;2;0;2;;;;4;8
"097079";"Taceno";74;0;3;0;1;;;;4;0;1;1;0;;;;2;6
"097079";"Taceno";75;0;2;0;2;;;;4;0;0;0;2;;;;2;6
"097079";"Taceno";76;1;3;0;0;;;;4;1;1;0;4;;;;6;10
"097079";"Taceno";77;2;0;0;0;;;;2;0;3;0;1;;;;4;6
"097079";"Taceno";78;2;2;0;1;;;;5;0;0;1;0;;;;1;6
"097079";"Taceno";79;0;3;0;2;;;;5;0;1;0;1;;;;2;7
"097079";"Taceno";80;1;4;0;0;;;;5;1;0;0;2;;;;3;8
"097079";"Taceno";81;0;0;0;0;;;;0;0;4;0;0;;;;4;4
"097079";"Taceno";82;0;1;1;0;;;;2;1;0;0;0;;;;1;3
"097079";"Taceno";83;0;0;0;1;;;;1;0;0;0;0;;;;0;1
"097079";"Taceno";84;0;0;0;1;;;;1;1;1;0;0;;;;2;3
"097079";"Taceno";85;0;2;0;0;;;;2;0;1;0;0;;;;1;3
"097079";"Taceno";86;0;1;0;0;;;;1;0;0;0;3;;;;3;4
"097079";"Taceno";87;0;1;0;0;;;;1;0;0;0;1;;;;1;2
"097079";"Taceno";88;0;1;0;0;;;;1;0;0;0;2;;;;2;3
"097079";"Taceno";89;0;0;0;0;;;;0;0;0;0;0;;;;0;0
"097079";"Taceno";90;0;1;0;0;;;;1;0;0;0;0;;;;0;1
"097079";"Taceno";91;0;0;0;0;;;;0;0;0;0;1;;;;1;1
"097079";"Taceno";92;0;0;0;0;;;;0;0;0;0;0;;;;0;0
"097079";"Taceno";93;0;1;0;0;;;;1;0;1;0;1;;;;2;3
"097079";"Taceno";94;0;0;0;0;;;;0;0;0;0;1;;;;1;1
"097079";"Taceno";95;0;0;0;0;;;;0;0;0;0;0;;;;0;0
"097079";"Taceno";96;0;0;0;0;;;;0;0;0;0;1;;;;1;1
"097079";"Taceno";97;0;0;0;0;;;;0;0;0;0;1;;;;1;1
"097079";"Taceno";98;0;0;0;0;;;;0;0;0;0;0;;;;0;0
"097079";"Taceno";99;0;0;0;0;;;;0;0;0;0;0;;;;0;0
"097079";"Taceno";100;0;0;0;0;;;;0;0;0;0;0;;;;0;0
"097079";"Taceno";999;174;109;13;13;;;;309;137;94;17;34;;;;282;591
"097082";"Valgreghentino";0;5;0;0;0;;;;5;8;0;0;0;;;;8;13
"097082";"Valgreghentino";1;5;0;0;0;;;;5;4;0;0;0;;;;4;9
"097082";"Valgreghentino";2;9;0;0;0;;;;9;8;0;0;0;;;;8;17
"097082";"Valgreghentino";3;17;0;0;0;;;;17;5;0;0;0;;;;5;22
"097082";"Valgreghentino";4;11;0;0;0;;;;11;9;0;0;0;;;;9;20
"097082";"Valgreghentino";5;17;0;0;0;;;;17;7;0;0;0;;;;7;24
"097082";"Valgreghentino";6;6;0;0;0;;;;6;9;0;0;0;;;;9;15
"097082";"Valgreghentino";7;17;0;0;0;;;;17;8;0;0;0;;;;8;25
"097082";"Valgreghentino";8;11;0;0;0;;;;11;14;0;0;0;;;;14;25
"097082";"Valgreghentino";9;23;0;0;0;;;;23;10;0;0;0;;;;10;33
"097082";"Valgreghentino";10;9;0;0;0;;;;9;12;0;0;0;;;;12;21
"097082";"Valgreghentino";11;16;0;0;0;;;;16;14;0;0;0;;;;14;30
"097082";"Valgreghentino";12;21;0;0;0;;;;21;10;0;0;0;;;;10;31
"097082";"Valgreghentino";13;20;0;0;0;;;;20;21;0;0;0;;;;21;41
"097082";"Valgreghentino";14;23;0;0;0;;;;23;19;0;0;0;;;;19;42
"097082";"Valgreghentino";15;16;0;0;0;;;;16;21;0;0;0;;;;21;37
"097082";"Valgreghentino";16;21;0;0;0;;;;21;25;0;0;0;;;;25;46
"097082";"Valgreghentino";17;19;0;0;0;;;;19;17;0;0;0;;;;17;36
"097082";"Valgreghentino";18;26;0;0;0;;;;26;15;0;0;0;;;;15;41
"097082";"Valgreghentino";19;23;0;0;0;;;;23;16;0;0;0;;;;16;39
"097082";"Valgreghentino";20;20;0;0;0;;;;20;28;0;0;0;;;;28;48
"097082";"Valgreghentino";21;23;0;0;0;;;;23;25;0;0;0;;;;25;48
"097082";"Valgreghentino";22;21;0;0;0;;;;21;16;0;0;0;;;;16;37
"097082";"Valgreghentino";23;21;0;0;0;;;;21;11;0;0;0;;;;11;32
"097082";"Valgreghentino";24;22;0;0;0;;;;22;12;1;0;0;;;;13;35
"097082";"Valgreghentino";25;23;0;0;0;;;;23;13;0;0;0;;;;13;36
"097082";"Valgreghentino";26;20;0;0;0;;;;20;9;1;0;0;;;;10;30
"097082";"Valgreghentino";27;18;0;0;0;;;;18;13;0;0;0;;;;13;31
"097082";"Valgreghentino";28;15;1;0;0;;;;16;15;2;0;0;;;;17;33
"097082";"Valgreghentino";29;18;1;0;0;;;;19;15;1;0;0;;;;16;35
"097082";"Valgreghentino";30;14;3;0;0;;;;17;12;3;0;0;;;;15;32
"097082";"Valgreghentino";31;13;4;0;0;;;;17;9;10;0;0;;;;19;36
"097082";"Valgreghentino";32;11;0;0;0;;;;11;8;4;0;0;;;;12;23
"097082";"Valgreghentino";33;18;5;0;0;;;;23;11;5;0;0;;;;16;39
"097082";"Valgreghentino";34;11;7;0;0;;;;18;10;8;0;0;;;;18;36
"097082";"Valgreghentino";35;9;4;0;0;;;;13;7;11;0;0;;;;18;31
"097082";"Valgreghentino";36;6;6;0;0;;;;12;9;10;1;0;;;;20;32
"097082";"Valgreghentino";37;15;10;0;0;;;;25;7;11;0;0;;;;18;43
"097082";"Valgreghentino";38;11;6;0;0;;;;17;2;6;0;0;;;;8;25
"097082";"Valgreghentino";39;10;7;0;0;;;;17;7;12;0;0;;;;19;36
"097082";"Valgreghentino";40;9;4;0;0;;;;13;4;11;0;0;;;;15;28
"097082";"Valgreghentino";41;7;5;1;0;;;;13;6;17;0;0;;;;23;36
"097082";"Valgreghentino";42;12;15;0;0;;;;27;2;16;2;1;;;;21;48
"097082";"Valgreghentino";43;9;16;0;0;;;;25;3;12;2;0;;;;17;42
"097082";"Valgreghentino";44;7;9;1;0;;;;17;8;15;2;0;;;;25;42
"097082";"Valgreghentino";45;8;14;0;0;;;;22;6;10;2;0;;;;18;40
"097082";"Valgreghentino";46;5;8;2;0;;;;15;6;19;1;0;;;;26;41
"097082";"Valgreghentino";47;5;14;2;0;;;;21;8;22;3;0;;;;33;54
"097082";"Valgreghentino";48;8;15;2;0;;;;25;3;23;3;1;;;;30;55
"097082";"Valgreghentino";49;7;18;2;0;;;;27;2;24;2;2;;;;30;57
"097082";"Valgreghentino";50;6;18;1;0;;;;25;4;26;3;0;;;;33;58
"097082";"Valgreghentino";51;4;20;2;0;;;;26;4;14;2;2;;;;22;48
"097082";"Valgreghentino";52;7;22;2;0;;;;31;3;26;1;1;;;;31;62
"097082";"Valgreghentino";53;7;23;4;1;;;;35;1;21;2;0;;;;24;59
"097082";"Valgreghentino";54;8;26;4;0;;;;38;5;20;0;2;;;;27;65
"097082";"Valgreghentino";55;7;18;1;0;;;;26;4;18;1;1;;;;24;50
"097082";"Valgreghentino";56;5;20;0;1;;;;26;2;19;5;0;;;;26;52
"097082";"Valgreghentino";57;4;16;7;0;;;;27;2;23;5;1;;;;31;58
"097082";"Valgreghentino";58;6;18;1;0;;;;25;3;22;4;3;;;;32;57
"097082";"Valgreghentino";59;7;20;1;0;;;;28;4;34;0;0;;;;38;66
"097082";"Valgreghentino";60;1;26;2;0;;;;29;0;14;2;2;;;;18;47
"097082";"Valgreghentino";61;2;24;0;1;;;;27;4;22;0;2;;;;28;55
"097082";"Valgreghentino";62;3;19;1;0;;;;23;0;19;2;5;;;;26;49
"097082";"Valgreghentino";63;2;17;1;1;;;;21;5;18;2;2;;;;27;48
"097082";"Valgreghentino";64;1;23;0;0;;;;24;0;12;2;3;;;;17;41
"097082";"Valgreghentino";65;4;19;2;0;;;;25;1;21;2;2;;;;26;51
"097082";"Valgreghentino";66;1;20;1;0;;;;22;3;21;1;3;;;;28;50
"097082";"Valgreghentino";67;1;12;1;0;;;;14;1;12;0;2;;;;15;29
"097082";"Valgreghentino";68;0;15;0;1;;;;16;0;12;2;1;;;;15;31
"097082";"Valgreghentino";69;4;18;0;1;;;;23;1;10;1;9;;;;21;44
"097082";"Valgreghentino";70;4;12;1;1;;;;18;3;9;0;4;;;;16;34
"097082";"Valgreghentino";71;5;16;0;0;;;;21;5;17;0;3;;;;25;46
"097082";"Valgreghentino";72;1;11;0;0;;;;12;1;19;0;2;;;;22;34
"097082";"Valgreghentino";73;1;14;1;3;;;;19;1;22;0;5;;;;28;47
"097082";"Valgreghentino";74;0;19;1;0;;;;20;5;15;0;3;;;;23;43
"097082";"Valgreghentino";75;2;18;0;0;;;;20;3;13;0;3;;;;19;39
"097082";"Valgreghentino";76;0;13;0;1;;;;14;0;11;0;5;;;;16;30
"097082";"Valgreghentino";77;2;22;1;1;;;;26;0;8;0;4;;;;12;38
"097082";"Valgreghentino";78;3;14;0;3;;;;20;0;12;0;5;;;;17;37
"097082";"Valgreghentino";79;0;7;1;1;;;;9;0;13;0;8;;;;21;30
"097082";"Valgreghentino";80;0;16;0;0;;;;16;1;6;0;4;;;;11;27
"097082";"Valgreghentino";81;0;13;1;2;;;;16;1;5;0;3;;;;9;25
"097082";"Valgreghentino";82;2;9;1;1;;;;13;1;8;0;7;;;;16;29
"097082";"Valgreghentino";83;0;7;0;4;;;;11;0;7;0;10;;;;17;28
"097082";"Valgreghentino";84;0;8;0;2;;;;10;3;2;0;9;;;;14;24
"097082";"Valgreghentino";85;0;5;0;2;;;;7;0;3;0;10;;;;13;20
"097082";"Valgreghentino";86;1;12;0;0;;;;13;0;0;1;7;;;;8;21
"097082";"Valgreghentino";87;0;1;0;0;;;;1;1;1;0;7;;;;9;10
"097082";"Valgreghentino";88;1;1;0;1;;;;3;0;3;0;6;;;;9;12
"097082";"Valgreghentino";89;0;2;0;0;;;;2;0;1;0;1;;;;2;4
"097082";"Valgreghentino";90;1;2;0;1;;;;4;1;1;0;4;;;;6;10
"097082";"Valgreghentino";91;0;0;0;0;;;;0;0;1;0;5;;;;6;6
"097082";"Valgreghentino";92;0;0;0;1;;;;1;0;0;0;3;;;;3;4
"097082";"Valgreghentino";93;0;0;0;0;;;;0;0;0;0;2;;;;2;2
"097082";"Valgreghentino";94;0;0;0;0;;;;0;0;0;0;1;;;;1;1
"097082";"Valgreghentino";95;0;0;0;0;;;;0;0;0;0;2;;;;2;2
"097082";"Valgreghentino";96;0;0;0;0;;;;0;0;0;0;5;;;;5;5
"097082";"Valgreghentino";97;0;0;0;0;;;;0;0;0;0;1;;;;1;1
"097082";"Valgreghentino";98;0;0;0;0;;;;0;0;0;0;0;;;;0;0
"097082";"Valgreghentino";99;0;1;0;0;;;;1;0;0;0;0;;;;0;1
"097082";"Valgreghentino";100;0;0;0;0;;;;0;0;0;0;0;;;;0;0
"097082";"Valgreghentino";999;814;789;48;30;;;;1681;612;815;56;174;;;;1657;3338
"097083";"Valmadrera";0;34;0;0;0;;;;34;28;0;0;0;;;;28;62
"097083";"Valmadrera";1;42;0;0;0;;;;42;37;0;0;0;;;;37;79
"097083";"Valmadrera";2;38;0;0;0;;;;38;39;0;0;0;;;;39;77
"097083";"Valmadrera";3;33;0;0;0;;;;33;31;0;0;0;;;;31;64
"097083";"Valmadrera";4;39;0;0;0;;;;39;41;0;0;0;;;;41;80
"097083";"Valmadrera";5;55;0;0;0;;;;55;42;0;0;0;;;;42;97
"097083";"Valmadrera";6;42;0;0;0;;;;42;31;0;0;0;;;;31;73
"097083";"Valmadrera";7;46;0;0;0;;;;46;45;0;0;0;;;;45;91
"097083";"Valmadrera";8;49;0;0;0;;;;49;48;0;0;0;;;;48;97
"097083";"Valmadrera";9;62;0;0;0;;;;62;44;0;0;0;;;;44;106
"097083";"Valmadrera";10;59;0;0;0;;;;59;41;0;0;0;;;;41;100
"097083";"Valmadrera";11;60;0;0;0;;;;60;43;0;0;0;;;;43;103
"097083";"Valmadrera";12;49;0;0;0;;;;49;48;0;0;0;;;;48;97
"097083";"Valmadrera";13;55;0;0;0;;;;55;61;0;0;0;;;;61;116
"097083";"Valmadrera";14;61;0;0;0;;;;61;59;0;0;0;;;;59;120
"097083";"Valmadrera";15;62;0;0;0;;;;62;49;0;0;0;;;;49;111
"097083";"Valmadrera";16;50;0;0;0;;;;50;57;0;0;0;;;;57;107
"097083";"Valmadrera";17;63;0;0;0;;;;63;60;0;0;0;;;;60;123
"097083";"Valmadrera";18;66;0;0;0;;;;66;62;2;0;0;;;;64;130
"097083";"Valmadrera";19;64;0;0;0;;;;64;62;0;0;0;;;;62;126
"097083";"Valmadrera";20;66;0;0;0;;;;66;51;1;0;0;;;;52;118
"097083";"Valmadrera";21;68;0;0;0;;;;68;56;0;0;0;;;;56;124
"097083";"Valmadrera";22;51;0;0;0;;;;51;54;0;0;0;;;;54;105
"097083";"Valmadrera";23;62;0;0;0;;;;62;55;2;0;0;;;;57;119
"097083";"Valmadrera";24;56;1;0;0;;;;57;67;4;1;0;;;;72;129
"097083";"Valmadrera";25;66;3;0;0;;;;69;52;6;0;0;;;;58;127
"097083";"Valmadrera";26;69;1;1;0;;;;71;33;7;0;0;;;;40;111
"097083";"Valmadrera";27;52;1;0;0;;;;53;43;5;0;0;;;;48;101
"097083";"Valmadrera";28;68;2;3;0;;;;73;57;7;0;0;;;;64;137
"097083";"Valmadrera";29;44;5;0;0;;;;49;47;6;0;0;;;;53;102
"097083";"Valmadrera";30;51;6;0;0;;;;57;40;12;0;0;;;;52;109
"097083";"Valmadrera";31;52;6;1;0;;;;59;37;24;0;0;;;;61;120
"097083";"Valmadrera";32;52;9;1;0;;;;62;37;12;1;0;;;;50;112
"097083";"Valmadrera";33;50;20;0;0;;;;70;37;21;2;0;;;;60;130
"097083";"Valmadrera";34;46;14;0;0;;;;60;27;24;0;1;;;;52;112
"097083";"Valmadrera";35;26;23;1;0;;;;50;31;32;2;0;;;;65;115
"097083";"Valmadrera";36;36;14;0;0;;;;50;28;31;3;0;;;;62;112
"097083";"Valmadrera";37;25;31;1;0;;;;57;23;25;2;0;;;;50;107
"097083";"Valmadrera";38;39;25;2;0;;;;66;21;37;2;1;;;;61;127
"097083";"Valmadrera";39;33;25;0;1;;;;59;18;38;2;2;;;;60;119
"097083";"Valmadrera";40;30;30;1;0;;;;61;12;38;2;0;;;;52;113
"097083";"Valmadrera";41;34;32;1;0;;;;67;22;33;2;1;;;;58;125
"097083";"Valmadrera";42;24;36;3;0;;;;63;19;59;3;0;;;;81;144
"097083";"Valmadrera";43;29;44;2;0;;;;75;16;53;2;2;;;;73;148
"097083";"Valmadrera";44;26;37;3;2;;;;68;16;50;5;1;;;;72;140
"097083";"Valmadrera";45;25;46;4;0;;;;75;22;48;4;0;;;;74;149
"097083";"Valmadrera";46;23;35;6;0;;;;64;15;53;6;1;;;;75;139
"097083";"Valmadrera";47;27;51;5;1;;;;84;18;57;5;3;;;;83;167
"097083";"Valmadrera";48;33;46;1;1;;;;81;7;58;5;1;;;;71;152
"097083";"Valmadrera";49;17;61;2;0;;;;80;13;50;10;3;;;;76;156
"097083";"Valmadrera";50;31;56;6;0;;;;93;14;58;7;1;;;;80;173
"097083";"Valmadrera";51;25;50;3;0;;;;78;20;57;13;1;;;;91;169
"097083";"Valmadrera";52;24;70;3;1;;;;98;16;80;10;1;;;;107;205
"097083";"Valmadrera";53;27;48;8;1;;;;84;16;51;8;3;;;;78;162
"097083";"Valmadrera";54;10;53;4;0;;;;67;13;69;6;3;;;;91;158
"097083";"Valmadrera";55;30;70;4;2;;;;106;11;60;7;2;;;;80;186
"097083";"Valmadrera";56;17;57;7;1;;;;82;17;70;3;1;;;;91;173
"097083";"Valmadrera";57;22;80;7;1;;;;110;10;61;14;6;;;;91;201
"097083";"Valmadrera";58;20;56;6;0;;;;82;11;79;13;3;;;;106;188
"097083";"Valmadrera";59;12;58;8;3;;;;81;15;68;8;4;;;;95;176
"097083";"Valmadrera";60;20;73;5;0;;;;98;13;72;9;4;;;;98;196
"097083";"Valmadrera";61;14;74;5;2;;;;95;5;71;14;6;;;;96;191
"097083";"Valmadrera";62;18;63;4;2;;;;87;10;55;8;4;;;;77;164
"097083";"Valmadrera";63;10;64;9;1;;;;84;7;63;7;4;;;;81;165
"097083";"Valmadrera";64;14;58;7;3;;;;82;9;76;0;7;;;;92;174
"097083";"Valmadrera";65;8;58;3;2;;;;71;11;67;5;3;;;;86;157
"097083";"Valmadrera";66;9;63;5;0;;;;77;4;45;5;13;;;;67;144
"097083";"Valmadrera";67;8;63;1;2;;;;74;8;52;3;8;;;;71;145
"097083";"Valmadrera";68;5;53;4;6;;;;68;3;58;4;16;;;;81;149
"097083";"Valmadrera";69;10;56;5;6;;;;77;5;50;2;17;;;;74;151
"097083";"Valmadrera";70;1;54;0;4;;;;59;6;45;4;15;;;;70;129
"097083";"Valmadrera";71;5;48;2;3;;;;58;3;32;1;15;;;;51;109
"097083";"Valmadrera";72;1;53;1;3;;;;58;4;45;3;16;;;;68;126
"097083";"Valmadrera";73;6;51;1;2;;;;60;6;46;2;9;;;;63;123
"097083";"Valmadrera";74;1;42;2;6;;;;51;6;45;1;13;;;;65;116
"097083";"Valmadrera";75;10;52;0;5;;;;67;4;38;4;15;;;;61;128
"097083";"Valmadrera";76;5;49;0;5;;;;59;7;33;5;19;;;;64;123
"097083";"Valmadrera";77;3;37;1;4;;;;45;5;42;2;24;;;;73;118
"097083";"Valmadrera";78;0;41;0;2;;;;43;6;30;1;26;;;;63;106
"097083";"Valmadrera";79;1;48;2;6;;;;57;2;29;1;25;;;;57;114
"097083";"Valmadrera";80;4;32;0;4;;;;40;3;23;2;33;;;;61;101
"097083";"Valmadrera";81;1;36;0;5;;;;42;3;20;0;26;;;;49;91
"097083";"Valmadrera";82;1;25;0;6;;;;32;5;15;0;30;;;;50;82
"097083";"Valmadrera";83;2;20;3;7;;;;32;4;20;0;25;;;;49;81
"097083";"Valmadrera";84;1;30;0;4;;;;35;3;20;1;26;;;;50;85
"097083";"Valmadrera";85;4;21;0;7;;;;32;0;13;0;29;;;;42;74
"097083";"Valmadrera";86;1;30;0;7;;;;38;2;19;1;34;;;;56;94
"097083";"Valmadrera";87;1;20;0;6;;;;27;1;8;1;29;;;;39;66
"097083";"Valmadrera";88;0;11;0;4;;;;15;2;5;1;19;;;;27;42
"097083";"Valmadrera";89;1;15;0;3;;;;19;1;6;0;27;;;;34;53
"097083";"Valmadrera";90;0;7;0;1;;;;8;5;2;0;20;;;;27;35
"097083";"Valmadrera";91;0;5;0;4;;;;9;2;2;0;15;;;;19;28
"097083";"Valmadrera";92;1;2;0;1;;;;4;1;0;0;17;;;;18;22
"097083";"Valmadrera";93;0;2;0;2;;;;4;1;0;0;14;;;;15;19
"097083";"Valmadrera";94;0;3;0;0;;;;3;0;0;0;13;;;;13;16
"097083";"Valmadrera";95;0;1;0;0;;;;1;0;0;0;11;;;;11;12
"097083";"Valmadrera";96;0;1;0;0;;;;1;0;0;0;5;;;;5;6
"097083";"Valmadrera";97;0;0;0;2;;;;2;1;0;0;2;;;;3;5
"097083";"Valmadrera";98;0;0;0;0;;;;0;0;1;0;3;;;;4;4
"097083";"Valmadrera";99;0;0;0;1;;;;1;0;0;0;1;;;;1;2
"097083";"Valmadrera";100;0;0;0;0;;;;0;2;0;0;2;;;;4;4
"097083";"Valmadrera";999;2693;2563;154;142;;;;5552;2205;2596;235;681;;;;5717;11269
"097093";"Valvarrone";0;1;0;0;0;;;;1;1;0;0;0;;;;1;2
"097093";"Valvarrone";1;2;0;0;0;;;;2;1;0;0;0;;;;1;3
"097093";"Valvarrone";2;3;0;0;0;;;;3;1;0;0;0;;;;1;4
"097093";"Valvarrone";3;2;0;0;0;;;;2;0;0;0;0;;;;0;2
"097093";"Valvarrone";4;0;0;0;0;;;;0;0;0;0;0;;;;0;0
"097093";"Valvarrone";5;2;0;0;0;;;;2;0;0;0;0;;;;0;2
"097093";"Valvarrone";6;0;0;0;0;;;;0;1;0;0;0;;;;1;1
"097093";"Valvarrone";7;3;0;0;0;;;;3;0;0;0;0;;;;0;3
"097093";"Valvarrone";8;1;0;0;0;;;;1;0;0;0;0;;;;0;1
"097093";"Valvarrone";9;2;0;0;0;;;;2;2;0;0;0;;;;2;4
"097093";"Valvarrone";10;4;0;0;0;;;;4;2;0;0;0;;;;2;6
"097093";"Valvarrone";11;3;0;0;0;;;;3;1;0;0;0;;;;1;4
"097093";"Valvarrone";12;2;0;0;0;;;;2;1;0;0;0;;;;1;3
"097093";"Valvarrone";13;1;0;0;0;;;;1;0;0;0;0;;;;0;1
"097093";"Valvarrone";14;3;0;0;0;;;;3;2;0;0;0;;;;2;5
"097093";"Valvarrone";15;3;0;0;0;;;;3;3;0;0;0;;;;3;6
"097093";"Valvarrone";16;2;0;0;0;;;;2;3;0;0;0;;;;3;5
"097093";"Valvarrone";17;4;0;0;0;;;;4;3;0;0;0;;;;3;7
"097093";"Valvarrone";18;2;0;0;0;;;;2;0;0;0;0;;;;0;2
"097093";"Valvarrone";19;4;0;0;0;;;;4;2;0;0;0;;;;2;6
"097093";"Valvarrone";20;7;0;0;0;;;;7;3;0;0;0;;;;3;10
"097093";"Valvarrone";21;1;0;0;0;;;;1;5;0;0;0;;;;5;6
"097093";"Valvarrone";22;1;0;0;0;;;;1;2;0;0;0;;;;2;3
"097093";"Valvarrone";23;0;0;0;0;;;;0;5;0;0;0;;;;5;5
"097093";"Valvarrone";24;2;0;0;0;;;;2;0;1;0;0;;;;1;3
"097093";"Valvarrone";25;2;0;0;0;;;;2;2;0;0;0;;;;2;4
"097093";"Valvarrone";26;1;0;0;0;;;;1;1;0;0;0;;;;1;2
"097093";"Valvarrone";27;0;1;0;0;;;;1;2;0;0;0;;;;2;3
"097093";"Valvarrone";28;3;0;0;0;;;;3;1;0;0;0;;;;1;4
"097093";"Valvarrone";29;2;0;0;0;;;;2;1;0;0;0;;;;1;3
"097093";"Valvarrone";30;5;0;0;0;;;;5;1;0;0;0;;;;1;6
"097093";"Valvarrone";31;1;0;0;0;;;;1;1;0;0;0;;;;1;2
"097093";"Valvarrone";32;3;0;0;0;;;;3;1;1;0;0;;;;2;5
"097093";"Valvarrone";33;1;0;0;0;;;;1;3;1;0;0;;;;4;5
"097093";"Valvarrone";34;1;0;0;0;;;;1;0;2;0;0;;;;2;3
"097093";"Valvarrone";35;0;2;0;0;;;;2;0;1;0;0;;;;1;3
"097093";"Valvarrone";36;4;0;0;0;;;;4;1;1;0;0;;;;2;6
"097093";"Valvarrone";37;1;1;0;0;;;;2;1;0;0;0;;;;1;3
"097093";"Valvarrone";38;2;2;0;0;;;;4;2;1;0;0;;;;3;7
"097093";"Valvarrone";39;1;1;0;0;;;;2;0;0;0;0;;;;0;2
"097093";"Valvarrone";40;2;1;0;0;;;;3;0;0;0;0;;;;0;3
"097093";"Valvarrone";41;1;1;1;0;;;;3;0;3;0;0;;;;3;6
"097093";"Valvarrone";42;0;0;0;0;;;;0;2;1;0;0;;;;3;3
"097093";"Valvarrone";43;1;2;0;0;;;;3;0;2;0;0;;;;2;5
"097093";"Valvarrone";44;1;0;0;0;;;;1;0;1;0;0;;;;1;2
"097093";"Valvarrone";45;3;1;1;0;;;;5;0;3;0;0;;;;3;8
"097093";"Valvarrone";46;1;1;0;0;;;;2;1;2;1;0;;;;4;6
"097093";"Valvarrone";47;3;1;1;0;;;;5;0;4;0;0;;;;4;9
"097093";"Valvarrone";48;0;2;0;0;;;;2;0;3;1;0;;;;4;6
"097093";"Valvarrone";49;0;1;0;0;;;;1;0;0;0;0;;;;0;1
"097093";"Valvarrone";50;2;4;1;0;;;;7;1;4;1;0;;;;6;13
"097093";"Valvarrone";51;1;2;2;0;;;;5;0;3;1;0;;;;4;9
"097093";"Valvarrone";52;3;2;0;0;;;;5;0;7;0;0;;;;7;12
"097093";"Valvarrone";53;1;1;0;0;;;;2;0;1;1;0;;;;2;4
"097093";"Valvarrone";54;0;5;0;0;;;;5;1;3;0;0;;;;4;9
"097093";"Valvarrone";55;2;5;2;0;;;;9;0;2;0;0;;;;2;11
"097093";"Valvarrone";56;1;4;1;1;;;;7;1;4;0;1;;;;6;13
"097093";"Valvarrone";57;3;1;0;0;;;;4;0;5;0;0;;;;5;9
"097093";"Valvarrone";58;1;6;0;0;;;;7;3;4;0;0;;;;7;14
"097093";"Valvarrone";59;3;5;1;0;;;;9;1;1;2;0;;;;4;13
"097093";"Valvarrone";60;2;3;0;0;;;;5;1;2;0;0;;;;3;8
"097093";"Valvarrone";61;2;2;0;0;;;;4;2;5;0;0;;;;7;11
"097093";"Valvarrone";62;0;1;0;0;;;;1;1;0;0;0;;;;1;2
"097093";"Valvarrone";63;3;2;0;0;;;;5;0;3;0;2;;;;5;10
"097093";"Valvarrone";64;0;0;0;0;;;;0;0;4;1;0;;;;5;5
"097093";"Valvarrone";65;1;4;1;0;;;;6;0;2;0;0;;;;2;8
"097093";"Valvarrone";66;1;2;0;0;;;;3;0;1;1;0;;;;2;5
"097093";"Valvarrone";67;2;1;1;0;;;;4;2;6;0;4;;;;12;16
"097093";"Valvarrone";68;0;2;1;0;;;;3;0;4;1;3;;;;8;11
"097093";"Valvarrone";69;0;1;0;0;;;;1;0;4;0;0;;;;4;5
"097093";"Valvarrone";70;0;4;0;0;;;;4;0;1;0;2;;;;3;7
"097093";"Valvarrone";71;1;6;1;0;;;;8;1;1;0;3;;;;5;13
"097093";"Valvarrone";72;0;0;0;0;;;;0;0;1;0;4;;;;5;5
"097093";"Valvarrone";73;0;3;0;0;;;;3;1;1;1;1;;;;4;7
"097093";"Valvarrone";74;0;2;0;0;;;;2;0;3;0;0;;;;3;5
"097093";"Valvarrone";75;1;3;0;0;;;;4;0;3;0;2;;;;5;9
"097093";"Valvarrone";76;1;3;0;0;;;;4;0;1;0;0;;;;1;5
"097093";"Valvarrone";77;1;3;0;0;;;;4;0;1;0;0;;;;1;5
"097093";"Valvarrone";78;0;1;0;1;;;;2;0;0;0;2;;;;2;4
"097093";"Valvarrone";79;1;0;0;0;;;;1;0;0;0;1;;;;1;2
"097093";"Valvarrone";80;0;2;0;0;;;;2;0;0;0;1;;;;1;3
"097093";"Valvarrone";81;1;0;0;2;;;;3;0;0;0;4;;;;4;7
"097093";"Valvarrone";82;0;0;0;1;;;;1;0;0;0;3;;;;3;4
"097093";"Valvarrone";83;0;0;0;1;;;;1;0;0;0;7;;;;7;8
"097093";"Valvarrone";84;0;3;0;2;;;;5;0;2;0;2;;;;4;9
"097093";"Valvarrone";85;0;0;0;1;;;;1;0;3;0;2;;;;5;6
"097093";"Valvarrone";86;1;2;0;0;;;;3;0;0;0;1;;;;1;4
"097093";"Valvarrone";87;0;2;0;0;;;;2;0;2;0;1;;;;3;5
"097093";"Valvarrone";88;0;1;0;0;;;;1;0;0;0;1;;;;1;2
"097093";"Valvarrone";89;0;3;0;1;;;;4;0;0;0;3;;;;3;7
"097093";"Valvarrone";90;0;0;0;0;;;;0;0;0;0;2;;;;2;2
"097093";"Valvarrone";91;0;0;0;0;;;;0;1;0;0;0;;;;1;1
"097093";"Valvarrone";92;0;0;0;0;;;;0;0;0;0;1;;;;1;1
"097093";"Valvarrone";93;0;0;0;0;;;;0;0;0;0;0;;;;0;0
"097093";"Valvarrone";94;0;0;0;0;;;;0;0;0;0;1;;;;1;1
"097093";"Valvarrone";95;0;0;0;0;;;;0;0;0;0;1;;;;1;1
"097093";"Valvarrone";96;0;0;0;0;;;;0;0;0;0;0;;;;0;0
"097093";"Valvarrone";97;0;0;0;0;;;;0;0;0;0;0;;;;0;0
"097093";"Valvarrone";98;0;0;0;0;;;;0;0;0;0;0;;;;0;0
"097093";"Valvarrone";99;0;0;0;0;;;;0;0;0;0;0;;;;0;0
"097093";"Valvarrone";100;0;0;0;0;;;;0;0;0;0;0;;;;0;0
"097093";"Valvarrone";999;129;108;14;10;;;;261;74;111;11;55;;;;251;512
"097084";"Varenna";0;1;0;0;0;;;;1;3;0;0;0;;;;3;4
"097084";"Varenna";1;1;0;0;0;;;;1;3;0;0;0;;;;3;4
"097084";"Varenna";2;0;0;0;0;;;;0;0;0;0;0;;;;0;0
"097084";"Varenna";3;0;0;0;0;;;;0;2;0;0;0;;;;2;2
"097084";"Varenna";4;0;0;0;0;;;;0;0;0;0;0;;;;0;0
"097084";"Varenna";5;0;0;0;0;;;;0;3;0;0;0;;;;3;3
"097084";"Varenna";6;3;0;0;0;;;;3;4;0;0;0;;;;4;7
"097084";"Varenna";7;1;0;0;0;;;;1;1;0;0;0;;;;1;2
"097084";"Varenna";8;2;0;0;0;;;;2;3;0;0;0;;;;3;5
"097084";"Varenna";9;2;0;0;0;;;;2;0;0;0;0;;;;0;2
"097084";"Varenna";10;2;0;0;0;;;;2;2;0;0;0;;;;2;4
"097084";"Varenna";11;4;0;0;0;;;;4;2;0;0;0;;;;2;6
"097084";"Varenna";12;2;0;0;0;;;;2;3;0;0;0;;;;3;5
"097084";"Varenna";13;4;0;0;0;;;;4;4;0;0;0;;;;4;8
"097084";"Varenna";14;6;0;0;0;;;;6;2;0;0;0;;;;2;8
"097084";"Varenna";15;5;0;0;0;;;;5;0;0;0;0;;;;0;5
"097084";"Varenna";16;1;0;0;0;;;;1;2;0;0;0;;;;2;3
"097084";"Varenna";17;3;0;0;0;;;;3;1;0;0;0;;;;1;4
"097084";"Varenna";18;2;0;0;0;;;;2;0;0;0;0;;;;0;2
"097084";"Varenna";19;3;0;0;0;;;;3;2;0;0;0;;;;2;5
"097084";"Varenna";20;1;0;0;0;;;;1;3;0;0;0;;;;3;4
"097084";"Varenna";21;1;0;0;0;;;;1;4;0;0;0;;;;4;5
"097084";"Varenna";22;5;0;0;0;;;;5;2;0;0;0;;;;2;7
"097084";"Varenna";23;2;0;0;0;;;;2;2;0;0;0;;;;2;4
"097084";"Varenna";24;4;0;0;0;;;;4;4;0;0;0;;;;4;8
"097084";"Varenna";25;3;0;0;0;;;;3;2;0;0;0;;;;2;5
"097084";"Varenna";26;2;0;0;0;;;;2;1;0;0;0;;;;1;3
"097084";"Varenna";27;0;0;0;0;;;;0;2;0;0;0;;;;2;2
"097084";"Varenna";28;3;0;0;0;;;;3;0;0;0;0;;;;0;3
"097084";"Varenna";29;3;0;0;0;;;;3;6;0;0;0;;;;6;9
"097084";"Varenna";30;3;0;0;0;;;;3;0;1;0;0;;;;1;4
"097084";"Varenna";31;3;1;0;0;;;;4;1;0;0;0;;;;1;5
"097084";"Varenna";32;4;0;0;0;;;;4;3;1;0;0;;;;4;8
"097084";"Varenna";33;1;0;0;0;;;;1;2;0;0;0;;;;2;3
"097084";"Varenna";34;0;0;0;0;;;;0;0;0;0;0;;;;0;0
"097084";"Varenna";35;2;0;1;0;;;;3;0;1;0;0;;;;1;4
"097084";"Varenna";36;4;1;0;0;;;;5;1;2;0;0;;;;3;8
"097084";"Varenna";37;0;0;0;0;;;;0;0;3;0;0;;;;3;3
"097084";"Varenna";38;0;1;0;0;;;;1;1;2;0;0;;;;3;4
"097084";"Varenna";39;0;0;0;0;;;;0;0;2;0;0;;;;2;2
"097084";"Varenna";40;0;0;0;0;;;;0;2;0;0;0;;;;2;2
"097084";"Varenna";41;3;1;0;0;;;;4;2;1;0;0;;;;3;7
"097084";"Varenna";42;4;4;0;0;;;;8;2;2;0;0;;;;4;12
"097084";"Varenna";43;1;2;1;0;;;;4;1;4;0;0;;;;5;9
"097084";"Varenna";44;2;1;2;0;;;;5;1;1;0;0;;;;2;7
"097084";"Varenna";45;3;0;0;0;;;;3;1;1;0;0;;;;2;5
"097084";"Varenna";46;3;2;0;0;;;;5;2;2;0;0;;;;4;9
"097084";"Varenna";47;3;1;0;0;;;;4;0;1;0;0;;;;1;5
"097084";"Varenna";48;4;2;1;0;;;;7;1;1;1;0;;;;3;10
"097084";"Varenna";49;2;2;0;0;;;;4;1;4;1;0;;;;6;10
"097084";"Varenna";50;2;4;0;0;;;;6;2;4;0;0;;;;6;12
"097084";"Varenna";51;1;4;0;0;;;;5;1;1;1;0;;;;3;8
"097084";"Varenna";52;2;1;1;0;;;;4;1;3;0;0;;;;4;8
"097084";"Varenna";53;1;2;0;1;;;;4;2;1;0;0;;;;3;7
"097084";"Varenna";54;3;5;1;0;;;;9;3;5;0;0;;;;8;17
"097084";"Varenna";55;2;4;0;0;;;;6;1;5;0;1;;;;7;13
"097084";"Varenna";56;1;2;1;0;;;;4;0;6;0;0;;;;6;10
"097084";"Varenna";57;1;3;0;0;;;;4;2;5;2;0;;;;9;13
"097084";"Varenna";58;3;2;0;0;;;;5;0;1;0;0;;;;1;6
"097084";"Varenna";59;1;3;0;0;;;;4;3;6;1;0;;;;10;14
"097084";"Varenna";60;0;5;0;0;;;;5;1;7;1;0;;;;9;14
"097084";"Varenna";61;1;5;0;0;;;;6;0;4;0;2;;;;6;12
"097084";"Varenna";62;0;12;0;0;;;;12;2;3;1;1;;;;7;19
"097084";"Varenna";63;2;6;0;0;;;;8;0;7;1;0;;;;8;16
"097084";"Varenna";64;0;7;0;0;;;;7;0;7;0;1;;;;8;15
"097084";"Varenna";65;1;4;1;0;;;;6;0;2;1;0;;;;3;9
"097084";"Varenna";66;4;2;0;0;;;;6;0;6;0;0;;;;6;12
"097084";"Varenna";67;1;5;0;0;;;;6;2;6;1;1;;;;10;16
"097084";"Varenna";68;1;3;2;0;;;;6;0;5;1;2;;;;8;14
"097084";"Varenna";69;1;6;0;0;;;;7;0;4;0;1;;;;5;12
"097084";"Varenna";70;0;5;0;0;;;;5;0;4;1;0;;;;5;10
"097084";"Varenna";71;0;3;1;0;;;;4;0;1;0;0;;;;1;5
"097084";"Varenna";72;1;2;1;1;;;;5;1;5;0;1;;;;7;12
"097084";"Varenna";73;0;9;0;0;;;;9;0;6;0;1;;;;7;16
"097084";"Varenna";74;1;3;1;1;;;;6;1;3;0;3;;;;7;13
"097084";"Varenna";75;1;4;0;0;;;;5;0;6;0;2;;;;8;13
"097084";"Varenna";76;0;2;2;0;;;;4;0;4;1;0;;;;5;9
"097084";"Varenna";77;0;2;0;2;;;;4;0;4;0;0;;;;4;8
"097084";"Varenna";78;0;5;1;2;;;;8;0;3;0;1;;;;4;12
"097084";"Varenna";79;0;1;0;0;;;;1;1;0;0;2;;;;3;4
"097084";"Varenna";80;0;2;0;0;;;;2;0;1;2;4;;;;7;9
"097084";"Varenna";81;0;3;0;0;;;;3;0;1;0;1;;;;2;5
"097084";"Varenna";82;0;4;0;1;;;;5;0;1;0;1;;;;2;7
"097084";"Varenna";83;1;4;0;1;;;;6;1;0;0;0;;;;1;7
"097084";"Varenna";84;0;3;0;1;;;;4;0;2;0;1;;;;3;7
"097084";"Varenna";85;1;2;0;0;;;;3;0;0;0;1;;;;1;4
"097084";"Varenna";86;0;3;0;0;;;;3;0;2;0;2;;;;4;7
"097084";"Varenna";87;0;1;0;0;;;;1;0;0;0;1;;;;1;2
"097084";"Varenna";88;0;0;0;2;;;;2;0;1;0;2;;;;3;5
"097084";"Varenna";89;0;0;0;1;;;;1;1;0;0;0;;;;1;2
"097084";"Varenna";90;0;0;0;1;;;;1;0;0;0;2;;;;2;3
"097084";"Varenna";91;0;0;0;0;;;;0;0;1;0;1;;;;2;2
"097084";"Varenna";92;0;0;0;0;;;;0;0;0;0;3;;;;3;3
"097084";"Varenna";93;0;0;0;0;;;;0;0;0;0;2;;;;2;2
"097084";"Varenna";94;0;0;0;0;;;;0;0;0;0;2;;;;2;2
"097084";"Varenna";95;0;0;0;0;;;;0;0;0;0;1;;;;1;1
"097084";"Varenna";96;0;0;0;0;;;;0;0;0;0;0;;;;0;0
"097084";"Varenna";97;0;0;0;0;;;;0;0;0;0;0;;;;0;0
"097084";"Varenna";98;0;0;0;0;;;;0;0;0;0;1;;;;1;1
"097084";"Varenna";99;0;0;0;0;;;;0;0;0;0;1;;;;1;1
"097084";"Varenna";100;0;0;0;1;;;;1;0;0;0;0;;;;0;1
"097084";"Varenna";999;141;161;17;15;;;;334;109;162;16;45;;;;332;666
"097086";"Vercurago";0;5;0;0;0;;;;5;8;0;0;0;;;;8;13
"097086";"Vercurago";1;8;0;0;0;;;;8;8;0;0;0;;;;8;16
"097086";"Vercurago";2;7;0;0;0;;;;7;7;0;0;0;;;;7;14
"097086";"Vercurago";3;12;0;0;0;;;;12;7;0;0;0;;;;7;19
"097086";"Vercurago";4;7;0;0;0;;;;7;4;0;0;0;;;;4;11
"097086";"Vercurago";5;8;0;0;0;;;;8;7;0;0;0;;;;7;15
"097086";"Vercurago";6;7;0;0;0;;;;7;14;0;0;0;;;;14;21
"097086";"Vercurago";7;8;0;0;0;;;;8;6;0;0;0;;;;6;14
"097086";"Vercurago";8;7;0;0;0;;;;7;8;0;0;0;;;;8;15
"097086";"Vercurago";9;13;0;0;0;;;;13;9;0;0;0;;;;9;22
"097086";"Vercurago";10;9;0;0;0;;;;9;11;0;0;0;;;;11;20
"097086";"Vercurago";11;11;0;0;0;;;;11;13;0;0;0;;;;13;24
"097086";"Vercurago";12;12;0;0;0;;;;12;15;0;0;0;;;;15;27
"097086";"Vercurago";13;10;0;0;0;;;;10;7;0;0;0;;;;7;17
"097086";"Vercurago";14;9;0;0;0;;;;9;16;0;0;0;;;;16;25
"097086";"Vercurago";15;10;0;0;0;;;;10;12;0;0;0;;;;12;22
"097086";"Vercurago";16;12;0;0;0;;;;12;15;0;0;0;;;;15;27
"097086";"Vercurago";17;11;0;0;0;;;;11;12;0;0;0;;;;12;23
"097086";"Vercurago";18;12;0;0;0;;;;12;18;0;0;0;;;;18;30
"097086";"Vercurago";19;7;0;0;0;;;;7;17;0;0;0;;;;17;24
"097086";"Vercurago";20;7;0;0;0;;;;7;5;0;0;0;;;;5;12
"097086";"Vercurago";21;15;0;0;0;;;;15;10;0;0;0;;;;10;25
"097086";"Vercurago";22;11;0;0;0;;;;11;12;0;0;0;;;;12;23
"097086";"Vercurago";23;9;0;0;0;;;;9;12;0;0;0;;;;12;21
"097086";"Vercurago";24;13;0;0;0;;;;13;10;0;0;0;;;;10;23
"097086";"Vercurago";25;18;0;0;0;;;;18;12;0;0;0;;;;12;30
"097086";"Vercurago";26;12;0;0;0;;;;12;12;0;0;0;;;;12;24
"097086";"Vercurago";27;12;0;0;0;;;;12;11;0;0;0;;;;11;23
"097086";"Vercurago";28;17;1;0;0;;;;18;20;2;0;0;;;;22;40
"097086";"Vercurago";29;11;2;0;0;;;;13;7;2;0;0;;;;9;22
"097086";"Vercurago";30;17;4;0;0;;;;21;9;4;0;0;;;;13;34
"097086";"Vercurago";31;8;3;0;0;;;;11;10;6;0;0;;;;16;27
"097086";"Vercurago";32;7;3;0;0;;;;10;7;6;1;0;;;;14;24
"097086";"Vercurago";33;12;3;0;0;;;;15;5;6;0;0;;;;11;26
"097086";"Vercurago";34;11;2;0;0;;;;13;11;3;2;0;;;;16;29
"097086";"Vercurago";35;10;3;0;0;;;;13;6;7;0;0;;;;13;26
"097086";"Vercurago";36;4;4;0;0;;;;8;4;2;0;0;;;;6;14
"097086";"Vercurago";37;7;4;1;0;;;;12;6;6;0;0;;;;12;24
"097086";"Vercurago";38;7;5;0;0;;;;12;8;5;0;0;;;;13;25
"097086";"Vercurago";39;8;5;0;0;;;;13;4;6;0;0;;;;10;23
"097086";"Vercurago";40;10;5;0;0;;;;15;8;3;0;0;;;;11;26
"097086";"Vercurago";41;1;7;0;0;;;;8;4;7;0;0;;;;11;19
"097086";"Vercurago";42;6;5;1;0;;;;12;3;14;2;0;;;;19;31
"097086";"Vercurago";43;5;11;1;0;;;;17;3;3;2;0;;;;8;25
"097086";"Vercurago";44;6;11;0;0;;;;17;3;6;1;0;;;;10;27
"097086";"Vercurago";45;5;4;1;0;;;;10;4;14;0;0;;;;18;28
"097086";"Vercurago";46;9;3;3;0;;;;15;6;13;1;1;;;;21;36
"097086";"Vercurago";47;1;9;2;0;;;;12;4;20;1;0;;;;25;37
"097086";"Vercurago";48;1;8;1;0;;;;10;4;7;2;0;;;;13;23
"097086";"Vercurago";49;9;10;1;0;;;;20;4;12;2;0;;;;18;38
"097086";"Vercurago";50;9;19;0;0;;;;28;7;14;3;0;;;;24;52
"097086";"Vercurago";51;4;15;2;0;;;;21;5;14;1;0;;;;20;41
"097086";"Vercurago";52;5;10;0;0;;;;15;6;15;5;0;;;;26;41
"097086";"Vercurago";53;7;20;2;0;;;;29;2;11;1;1;;;;15;44
"097086";"Vercurago";54;3;15;1;0;;;;19;6;16;0;2;;;;24;43
"097086";"Vercurago";55;7;13;1;0;;;;21;3;12;5;1;;;;21;42
"097086";"Vercurago";56;8;13;0;0;;;;21;3;14;3;0;;;;20;41
"097086";"Vercurago";57;7;18;1;0;;;;26;3;16;1;3;;;;23;49
"097086";"Vercurago";58;8;16;3;0;;;;27;1;26;1;0;;;;28;55
"097086";"Vercurago";59;3;17;1;0;;;;21;2;10;0;0;;;;12;33
"097086";"Vercurago";60;1;16;1;0;;;;18;2;23;1;1;;;;27;45
"097086";"Vercurago";61;3;12;1;1;;;;17;2;16;3;1;;;;22;39
"097086";"Vercurago";62;1;10;2;0;;;;13;4;22;3;2;;;;31;44
"097086";"Vercurago";63;4;10;0;1;;;;15;1;15;2;3;;;;21;36
"097086";"Vercurago";64;3;15;0;0;;;;18;1;17;1;1;;;;20;38
"097086";"Vercurago";65;2;17;1;0;;;;20;2;15;1;0;;;;18;38
"097086";"Vercurago";66;0;21;1;2;;;;24;0;13;3;2;;;;18;42
"097086";"Vercurago";67;2;11;3;0;;;;16;1;15;1;1;;;;18;34
"097086";"Vercurago";68;2;15;0;0;;;;17;4;12;1;2;;;;19;36
"097086";"Vercurago";69;4;13;1;0;;;;18;1;15;0;4;;;;20;38
"097086";"Vercurago";70;1;18;0;1;;;;20;2;15;2;4;;;;23;43
"097086";"Vercurago";71;0;10;0;1;;;;11;2;11;0;6;;;;19;30
"097086";"Vercurago";72;2;11;0;2;;;;15;1;11;0;2;;;;14;29
"097086";"Vercurago";73;2;14;0;1;;;;17;3;15;0;3;;;;21;38
"097086";"Vercurago";74;2;15;0;4;;;;21;0;11;0;4;;;;15;36
"097086";"Vercurago";75;3;16;1;2;;;;22;1;15;0;6;;;;22;44
"097086";"Vercurago";76;0;14;2;1;;;;17;5;15;1;3;;;;24;41
"097086";"Vercurago";77;3;11;0;1;;;;15;2;14;0;7;;;;23;38
"097086";"Vercurago";78;3;13;1;1;;;;18;1;10;0;10;;;;21;39
"097086";"Vercurago";79;1;14;1;3;;;;19;1;10;0;1;;;;12;31
"097086";"Vercurago";80;2;11;0;3;;;;16;1;11;0;8;;;;20;36
"097086";"Vercurago";81;2;6;0;1;;;;9;2;5;2;10;;;;19;28
"097086";"Vercurago";82;1;10;0;1;;;;12;0;6;0;7;;;;13;25
"097086";"Vercurago";83;1;9;0;0;;;;10;3;5;0;6;;;;14;24
"097086";"Vercurago";84;0;13;0;1;;;;14;5;1;0;7;;;;13;27
"097086";"Vercurago";85;0;6;1;2;;;;9;1;2;0;8;;;;11;20
"097086";"Vercurago";86;0;10;0;1;;;;11;4;3;0;2;;;;9;20
"097086";"Vercurago";87;1;6;0;1;;;;8;2;2;0;9;;;;13;21
"097086";"Vercurago";88;1;2;0;0;;;;3;4;2;1;5;;;;12;15
"097086";"Vercurago";89;0;1;0;2;;;;3;1;2;0;4;;;;7;10
"097086";"Vercurago";90;2;2;0;0;;;;4;2;1;0;2;;;;5;9
"097086";"Vercurago";91;0;0;0;1;;;;1;2;0;0;2;;;;4;5
"097086";"Vercurago";92;0;2;0;0;;;;2;0;0;0;4;;;;4;6
"097086";"Vercurago";93;0;2;0;3;;;;5;2;1;0;4;;;;7;12
"097086";"Vercurago";94;0;1;0;0;;;;1;4;0;0;2;;;;6;7
"097086";"Vercurago";95;1;1;0;0;;;;2;1;1;0;3;;;;5;7
"097086";"Vercurago";96;0;0;0;0;;;;0;0;0;0;1;;;;1;1
"097086";"Vercurago";97;0;0;0;0;;;;0;0;0;0;0;;;;0;0
"097086";"Vercurago";98;0;0;0;0;;;;0;0;0;0;0;;;;0;0
"097086";"Vercurago";99;0;0;0;0;;;;0;0;0;0;0;;;;0;0
"097086";"Vercurago";100;0;0;0;1;;;;1;0;0;0;0;;;;0;1
"097086";"Vercurago";999;565;626;38;38;;;;1267;546;634;56;155;;;;1391;2658
"097091";"Verderio";0;19;0;0;0;;;;19;21;0;0;0;;;;21;40
"097091";"Verderio";1;17;0;0;0;;;;17;11;0;0;0;;;;11;28
"097091";"Verderio";2;16;0;0;0;;;;16;16;0;0;0;;;;16;32
"097091";"Verderio";3;24;0;0;0;;;;24;18;0;0;0;;;;18;42
"097091";"Verderio";4;9;0;0;0;;;;9;15;0;0;0;;;;15;24
"097091";"Verderio";5;18;0;0;0;;;;18;19;0;0;0;;;;19;37
"097091";"Verderio";6;21;0;0;0;;;;21;15;0;0;0;;;;15;36
"097091";"Verderio";7;27;0;0;0;;;;27;15;0;0;0;;;;15;42
"097091";"Verderio";8;22;0;0;0;;;;22;27;0;0;0;;;;27;49
"097091";"Verderio";9;25;0;0;0;;;;25;21;0;0;0;;;;21;46
"097091";"Verderio";10;25;0;0;0;;;;25;31;0;0;0;;;;31;56
"097091";"Verderio";11;28;0;0;0;;;;28;25;0;0;0;;;;25;53
"097091";"Verderio";12;27;0;0;0;;;;27;24;0;0;0;;;;24;51
"097091";"Verderio";13;26;0;0;0;;;;26;30;0;0;0;;;;30;56
"097091";"Verderio";14;25;0;0;0;;;;25;34;0;0;0;;;;34;59
"097091";"Verderio";15;32;0;0;0;;;;32;25;0;0;0;;;;25;57
"097091";"Verderio";16;29;0;0;0;;;;29;23;0;0;0;;;;23;52
"097091";"Verderio";17;35;0;0;0;;;;35;32;0;0;0;;;;32;67
"097091";"Verderio";18;26;0;0;0;;;;26;26;0;0;0;;;;26;52
"097091";"Verderio";19;48;0;0;0;;;;48;24;0;0;0;;;;24;72
"097091";"Verderio";20;33;0;0;0;;;;33;24;0;0;0;;;;24;57
"097091";"Verderio";21;31;0;0;0;;;;31;24;0;0;0;;;;24;55
"097091";"Verderio";22;21;0;0;0;;;;21;42;0;0;0;;;;42;63
"097091";"Verderio";23;27;0;0;0;;;;27;35;2;0;0;;;;37;64
"097091";"Verderio";24;34;1;0;0;;;;35;29;1;0;0;;;;30;65
"097091";"Verderio";25;41;1;0;0;;;;42;29;3;0;0;;;;32;74
"097091";"Verderio";26;39;0;0;0;;;;39;27;3;0;0;;;;30;69
"097091";"Verderio";27;24;2;0;0;;;;26;24;3;0;0;;;;27;53
"097091";"Verderio";28;33;0;0;0;;;;33;24;5;1;0;;;;30;63
"097091";"Verderio";29;31;2;0;0;;;;33;22;4;0;0;;;;26;59
"097091";"Verderio";30;25;2;0;0;;;;27;28;4;0;0;;;;32;59
"097091";"Verderio";31;22;3;0;0;;;;25;22;2;0;0;;;;24;49
"097091";"Verderio";32;19;10;0;0;;;;29;12;13;0;0;;;;25;54
"097091";"Verderio";33;20;3;2;0;;;;25;26;7;0;0;;;;33;58
"097091";"Verderio";34;23;5;0;0;;;;28;8;8;1;0;;;;17;45
"097091";"Verderio";35;31;4;0;0;;;;35;11;10;0;0;;;;21;56
"097091";"Verderio";36;12;8;0;0;;;;20;13;18;0;0;;;;31;51
"097091";"Verderio";37;15;9;0;0;;;;24;11;18;3;0;;;;32;56
"097091";"Verderio";38;13;9;0;0;;;;22;5;18;1;0;;;;24;46
"097091";"Verderio";39;14;14;1;0;;;;29;6;19;0;0;;;;25;54
"097091";"Verderio";40;18;13;0;0;;;;31;3;16;2;1;;;;22;53
"097091";"Verderio";41;14;15;1;0;;;;30;10;24;3;0;;;;37;67
"097091";"Verderio";42;15;28;3;0;;;;46;7;12;1;0;;;;20;66
"097091";"Verderio";43;14;29;4;0;;;;47;11;23;4;1;;;;39;86
"097091";"Verderio";44;14;15;2;0;;;;31;3;28;0;0;;;;31;62
"097091";"Verderio";45;14;24;2;0;;;;40;17;23;1;1;;;;42;82
"097091";"Verderio";46;12;28;1;0;;;;41;13;19;5;2;;;;39;80
"097091";"Verderio";47;12;25;6;0;;;;43;4;33;2;0;;;;39;82
"097091";"Verderio";48;17;31;3;0;;;;51;12;30;1;0;;;;43;94
"097091";"Verderio";49;10;25;5;0;;;;40;7;25;5;1;;;;38;78
"097091";"Verderio";50;19;26;5;0;;;;50;6;27;3;3;;;;39;89
"097091";"Verderio";51;13;20;2;0;;;;35;12;26;4;0;;;;42;77
"097091";"Verderio";52;10;15;2;0;;;;27;3;31;2;2;;;;38;65
"097091";"Verderio";53;17;32;0;0;;;;49;8;39;5;2;;;;54;103
"097091";"Verderio";54;8;25;2;0;;;;35;3;44;6;3;;;;56;91
"097091";"Verderio";55;11;34;2;1;;;;48;10;43;7;1;;;;61;109
"097091";"Verderio";56;8;44;5;0;;;;57;8;37;3;4;;;;52;109
"097091";"Verderio";57;11;42;2;0;;;;55;8;44;5;1;;;;58;113
"097091";"Verderio";58;16;48;2;2;;;;68;5;57;6;2;;;;70;138
"097091";"Verderio";59;12;42;6;2;;;;62;9;42;5;5;;;;61;123
"097091";"Verderio";60;11;27;6;1;;;;45;3;42;5;4;;;;54;99
"097091";"Verderio";61;5;36;1;2;;;;44;2;35;3;3;;;;43;87
"097091";"Verderio";62;5;47;3;0;;;;55;3;24;3;0;;;;30;85
"097091";"Verderio";63;9;25;5;2;;;;41;3;28;2;5;;;;38;79
"097091";"Verderio";64;3;31;1;1;;;;36;4;23;5;1;;;;33;69
"097091";"Verderio";65;4;25;2;0;;;;31;4;24;3;1;;;;32;63
"097091";"Verderio";66;12;32;1;0;;;;45;0;26;1;5;;;;32;77
"097091";"Verderio";67;1;26;1;1;;;;29;2;28;3;6;;;;39;68
"097091";"Verderio";68;8;28;3;0;;;;39;1;35;4;6;;;;46;85
"097091";"Verderio";69;1;26;3;2;;;;32;3;32;0;5;;;;40;72
"097091";"Verderio";70;3;25;1;0;;;;29;2;27;3;4;;;;36;65
"097091";"Verderio";71;0;30;1;1;;;;32;1;24;3;8;;;;36;68
"097091";"Verderio";72;5;40;1;4;;;;50;3;21;0;5;;;;29;79
"097091";"Verderio";73;4;21;2;0;;;;27;3;20;2;11;;;;36;63
"097091";"Verderio";74;1;21;0;4;;;;26;1;16;0;7;;;;24;50
"097091";"Verderio";75;2;14;2;1;;;;19;4;15;0;7;;;;26;45
"097091";"Verderio";76;3;26;1;5;;;;35;1;15;0;11;;;;27;62
"097091";"Verderio";77;2;17;1;2;;;;22;1;9;0;10;;;;20;42
"097091";"Verderio";78;1;21;0;2;;;;24;2;16;1;18;;;;37;61
"097091";"Verderio";79;1;14;3;0;;;;18;1;4;0;5;;;;10;28
"097091";"Verderio";80;1;8;0;2;;;;11;1;4;0;8;;;;13;24
"097091";"Verderio";81;0;7;0;1;;;;8;0;12;1;5;;;;18;26
"097091";"Verderio";82;0;6;1;1;;;;8;0;5;0;11;;;;16;24
"097091";"Verderio";83;0;9;0;3;;;;12;1;7;0;13;;;;21;33
"097091";"Verderio";84;0;9;1;3;;;;13;0;3;0;12;;;;15;28
"097091";"Verderio";85;1;7;0;1;;;;9;1;4;0;12;;;;17;26
"097091";"Verderio";86;0;6;0;2;;;;8;0;2;0;14;;;;16;24
"097091";"Verderio";87;1;6;0;1;;;;8;0;1;0;6;;;;7;15
"097091";"Verderio";88;0;6;0;1;;;;7;0;0;1;9;;;;10;17
"097091";"Verderio";89;0;1;0;1;;;;2;0;1;0;8;;;;9;11
"097091";"Verderio";90;0;1;0;0;;;;1;1;1;0;7;;;;9;10
"097091";"Verderio";91;0;0;0;1;;;;1;1;0;0;6;;;;7;8
"097091";"Verderio";92;0;1;0;4;;;;5;0;1;0;6;;;;7;12
"097091";"Verderio";93;0;2;0;0;;;;2;0;0;0;2;;;;2;4
"097091";"Verderio";94;0;1;0;1;;;;2;1;0;0;2;;;;3;5
"097091";"Verderio";95;0;0;0;0;;;;0;0;0;0;0;;;;0;0
"097091";"Verderio";96;0;0;0;0;;;;0;0;0;0;1;;;;1;1
"097091";"Verderio";97;0;0;0;0;;;;0;0;0;0;4;;;;4;4
"097091";"Verderio";98;0;0;0;0;;;;0;0;0;0;0;;;;0;0
"097091";"Verderio";99;0;0;0;0;;;;0;0;0;0;3;;;;3;3
"097091";"Verderio";100;0;0;0;0;;;;0;0;0;0;0;;;;0;0
"097091";"Verderio";999;1356;1236;98;55;;;;2745;1083;1266;116;280;;;;2745;5490
"097090";"Viganò";0;8;0;0;0;;;;8;6;0;0;0;;;;6;14
"097090";"Viganò";1;6;0;0;0;;;;6;6;0;0;0;;;;6;12
"097090";"Viganò";2;8;0;0;0;;;;8;4;0;0;0;;;;4;12
"097090";"Viganò";3;8;0;0;0;;;;8;6;0;0;0;;;;6;14
"097090";"Viganò";4;4;0;0;0;;;;4;6;0;0;0;;;;6;10
"097090";"Viganò";5;17;0;0;0;;;;17;3;0;0;0;;;;3;20
"097090";"Viganò";6;12;0;0;0;;;;12;12;0;0;0;;;;12;24
"097090";"Viganò";7;7;0;0;0;;;;7;4;0;0;0;;;;4;11
"097090";"Viganò";8;7;0;0;0;;;;7;12;0;0;0;;;;12;19
"097090";"Viganò";9;9;0;0;0;;;;9;9;0;0;0;;;;9;18
"097090";"Viganò";10;11;0;0;0;;;;11;8;0;0;0;;;;8;19
"097090";"Viganò";11;12;0;0;0;;;;12;11;0;0;0;;;;11;23
"097090";"Viganò";12;15;0;0;0;;;;15;4;0;0;0;;;;4;19
"097090";"Viganò";13;12;0;0;0;;;;12;9;0;0;0;;;;9;21
"097090";"Viganò";14;13;0;0;0;;;;13;6;0;0;0;;;;6;19
"097090";"Viganò";15;9;0;0;0;;;;9;6;0;0;0;;;;6;15
"097090";"Viganò";16;6;0;0;0;;;;6;11;0;0;0;;;;11;17
"097090";"Viganò";17;5;0;0;0;;;;5;5;0;0;0;;;;5;10
"097090";"Viganò";18;7;0;0;0;;;;7;14;0;0;0;;;;14;21
"097090";"Viganò";19;8;0;0;0;;;;8;17;0;0;0;;;;17;25
"097090";"Viganò";20;5;0;0;0;;;;5;7;0;0;0;;;;7;12
"097090";"Viganò";21;10;0;0;0;;;;10;6;0;0;0;;;;6;16
"097090";"Viganò";22;5;0;0;0;;;;5;10;0;0;0;;;;10;15
"097090";"Viganò";23;7;0;0;0;;;;7;7;0;0;0;;;;7;14
"097090";"Viganò";24;15;0;0;0;;;;15;7;0;0;0;;;;7;22
"097090";"Viganò";25;11;0;0;0;;;;11;6;0;0;0;;;;6;17
"097090";"Viganò";26;7;0;0;0;;;;7;7;0;0;0;;;;7;14
"097090";"Viganò";27;9;0;0;0;;;;9;11;1;0;0;;;;12;21
"097090";"Viganò";28;13;0;0;0;;;;13;8;3;0;0;;;;11;24
"097090";"Viganò";29;8;1;0;0;;;;9;6;0;0;0;;;;6;15
"097090";"Viganò";30;8;0;0;0;;;;8;10;1;0;0;;;;11;19
"097090";"Viganò";31;9;3;0;0;;;;12;8;5;0;0;;;;13;25
"097090";"Viganò";32;8;2;0;0;;;;10;8;5;0;0;;;;13;23
"097090";"Viganò";33;12;2;0;0;;;;14;7;4;0;0;;;;11;25
"097090";"Viganò";34;8;3;0;0;;;;11;7;9;0;0;;;;16;27
"097090";"Viganò";35;12;6;0;0;;;;18;10;3;0;0;;;;13;31
"097090";"Viganò";36;10;7;0;0;;;;17;5;5;0;0;;;;10;27
"097090";"Viganò";37;6;2;1;0;;;;9;8;10;0;0;;;;18;27
"097090";"Viganò";38;6;7;0;0;;;;13;4;6;0;0;;;;10;23
"097090";"Viganò";39;6;3;0;0;;;;9;5;4;1;0;;;;10;19
"097090";"Viganò";40;6;1;0;0;;;;7;4;5;1;0;;;;10;17
"097090";"Viganò";41;8;6;0;0;;;;14;6;11;1;0;;;;18;32
"097090";"Viganò";42;2;7;0;0;;;;9;3;6;1;0;;;;10;19
"097090";"Viganò";43;7;10;0;0;;;;17;3;8;2;0;;;;13;30
"097090";"Viganò";44;8;8;2;0;;;;18;6;6;0;0;;;;12;30
"097090";"Viganò";45;4;4;0;0;;;;8;6;5;1;0;;;;12;20
"097090";"Viganò";46;8;8;0;0;;;;16;4;8;1;0;;;;13;29
"097090";"Viganò";47;10;10;1;0;;;;21;2;10;2;0;;;;14;35
"097090";"Viganò";48;5;8;1;0;;;;14;10;7;1;0;;;;18;32
"097090";"Viganò";49;7;9;1;0;;;;17;5;14;2;0;;;;21;38
"097090";"Viganò";50;8;10;2;1;;;;21;3;15;1;2;;;;21;42
"097090";"Viganò";51;7;13;1;0;;;;21;4;9;0;0;;;;13;34
"097090";"Viganò";52;5;7;1;0;;;;13;2;16;3;1;;;;22;35
"097090";"Viganò";53;5;10;2;0;;;;17;1;12;1;0;;;;14;31
"097090";"Viganò";54;2;16;2;0;;;;20;3;17;1;1;;;;22;42
"097090";"Viganò";55;4;12;2;0;;;;18;3;10;0;0;;;;13;31
"097090";"Viganò";56;4;9;0;0;;;;13;2;8;2;1;;;;13;26
"097090";"Viganò";57;5;13;2;0;;;;20;2;9;0;0;;;;11;31
"097090";"Viganò";58;7;11;2;0;;;;20;4;13;1;0;;;;18;38
"097090";"Viganò";59;2;15;1;0;;;;18;1;17;4;1;;;;23;41
"097090";"Viganò";60;4;10;3;0;;;;17;2;13;0;2;;;;17;34
"097090";"Viganò";61;1;12;1;0;;;;14;1;15;1;0;;;;17;31
"097090";"Viganò";62;3;7;1;1;;;;12;0;9;1;2;;;;12;24
"097090";"Viganò";63;4;14;2;0;;;;20;2;11;0;1;;;;14;34
"097090";"Viganò";64;3;15;0;1;;;;19;1;12;1;1;;;;15;34
"097090";"Viganò";65;4;7;1;0;;;;12;1;9;1;2;;;;13;25
"097090";"Viganò";66;1;10;1;0;;;;12;0;7;2;1;;;;10;22
"097090";"Viganò";67;1;4;0;1;;;;6;0;11;1;3;;;;15;21
"097090";"Viganò";68;1;12;0;0;;;;13;0;14;0;1;;;;15;28
"097090";"Viganò";69;2;8;1;0;;;;11;0;11;0;1;;;;12;23
"097090";"Viganò";70;0;13;1;1;;;;15;2;7;0;1;;;;10;25
"097090";"Viganò";71;1;7;0;1;;;;9;1;7;1;1;;;;10;19
"097090";"Viganò";72;0;9;0;0;;;;9;2;11;0;5;;;;18;27
"097090";"Viganò";73;1;8;0;1;;;;10;4;15;0;6;;;;25;35
"097090";"Viganò";74;0;20;1;1;;;;22;1;8;0;2;;;;11;33
"097090";"Viganò";75;0;12;1;2;;;;15;2;8;0;2;;;;12;27
"097090";"Viganò";76;3;13;0;1;;;;17;0;11;1;4;;;;16;33
"097090";"Viganò";77;1;12;0;0;;;;13;1;7;1;1;;;;10;23
"097090";"Viganò";78;0;6;0;2;;;;8;0;5;0;4;;;;9;17
"097090";"Viganò";79;0;3;0;3;;;;6;1;7;0;4;;;;12;18
"097090";"Viganò";80;2;6;0;0;;;;8;0;1;0;4;;;;5;13
"097090";"Viganò";81;0;7;0;0;;;;7;0;2;0;1;;;;3;10
"097090";"Viganò";82;0;4;0;0;;;;4;1;4;0;6;;;;11;15
"097090";"Viganò";83;1;8;0;0;;;;9;0;1;0;4;;;;5;14
"097090";"Viganò";84;0;4;0;2;;;;6;1;3;0;6;;;;10;16
"097090";"Viganò";85;1;5;0;0;;;;6;0;1;0;3;;;;4;10
"097090";"Viganò";86;0;3;0;0;;;;3;1;2;0;5;;;;8;11
"097090";"Viganò";87;0;2;0;1;;;;3;0;2;0;5;;;;7;10
"097090";"Viganò";88;0;1;0;1;;;;2;0;1;0;5;;;;6;8
"097090";"Viganò";89;0;1;0;1;;;;2;0;1;0;4;;;;5;7
"097090";"Viganò";90;0;2;0;1;;;;3;0;0;0;4;;;;4;7
"097090";"Viganò";91;0;0;0;1;;;;1;0;0;0;2;;;;2;3
"097090";"Viganò";92;0;1;0;0;;;;1;0;0;0;3;;;;3;4
"097090";"Viganò";93;1;0;0;1;;;;2;0;0;0;2;;;;2;4
"097090";"Viganò";94;0;0;0;0;;;;0;0;0;0;3;;;;3;3
"097090";"Viganò";95;0;1;0;0;;;;1;0;0;0;0;;;;0;1
"097090";"Viganò";96;0;0;0;0;;;;0;0;0;0;2;;;;2;2
"097090";"Viganò";97;0;0;0;0;;;;0;0;0;0;0;;;;0;0
"097090";"Viganò";98;0;1;0;0;;;;1;0;0;0;1;;;;1;2
"097090";"Viganò";99;0;0;0;0;;;;0;0;0;0;0;;;;0;0
"097090";"Viganò";100;0;0;0;0;;;;0;0;0;0;0;;;;0;0
"097090";"Viganò";999;508;471;34;24;;;;1037;404;478;36;110;;;;1028;2065
