plan_id,scenario_id,topology_family,frontier_basis,uniform_headway_min,span_id,span_start_min,span_end_min,span_minutes,calendar_id,annual_service_days,extension_share,public_population_covered_10min,public_population_coverage_share_10min,public_worst_municipality_10min,public_worst_municipality_coverage_share_10min,public_structurally_addressable_od_relation_count,public_structurally_addressable_worker_od_mass_upper_bound,public_plus_extensions_population_covered_10min,public_plus_extensions_population_coverage_share_10min,public_plus_extensions_worst_municipality_10min,public_plus_extensions_worst_municipality_coverage_share_10min,public_plus_extensions_structurally_addressable_od_relation_count,public_plus_extensions_structurally_addressable_worker_od_mass_upper_bound,expected_pattern_set_cycle_distance_km,expected_pattern_set_cycle_runtime_min,annual_bus_km,fleet_lower_bound_recovery5,fleet_lower_bound_recovery10,fleet_lower_bound_recovery15,public_explicit_proposed_stop_count,public_explicit_existing_stop_count,public_explicit_field_check_pending_count,s8_public_route_count,s8_public_complete_match_route_count,s8_public_complete_match_route_share,s8_public_all_routes_have_some_complete_match_phase,s8_public_any_route_has_some_complete_match_phase,s8_public_roundtrip_route_count,s8_public_roundtrip_complete_match_route_share,s8_public_roundtrip_best_complete_gap_min_min,s8_public_roundtrip_best_complete_gap_min_max,s8_public_roundtrip_worst_complete_gap_min_min,s8_public_roundtrip_worst_complete_gap_min_max,s8_public_rail_to_bus_only_route_count,s8_public_rail_to_bus_only_complete_match_route_share,s8_extension_route_count,s8_extension_complete_match_route_share,s8_extension_all_routes_have_some_complete_match_phase,s8_extension_any_route_has_some_complete_match_phase,reference_budget_robust_all_recoveries,structural_shortlist,frequent_service_30min_or_better,extension_access_realised,weighted_composite_score_used,worker_reference_assigned_to_routes,s8_phase_selected,joint_vehicle_block_timetable_feasibility_evaluated,exact_timetable_constructed,topology_ranked,service_policy_selected,primary_selected,runner_up_selected,plan_level_frontier_classes,base_access_realised,extension_upper_bound_only,plan_level_ranked,exact_timetable_required_next,candidate_route_phases_json,phase_vector_count_evaluated,exact_budget_feasible_phase_vector_count,exact_daily_bus_km,exact_annual_bus_km,continuous_model_annual_bus_km,exact_minus_continuous_annual_bus_km,exact_vehicle_cycle_hours_per_service_day,exact_fleet_recovery5,exact_fleet_recovery10,exact_fleet_recovery15,exact_fleet_minus_lower_bound_recovery15,explicit_trip_count_per_service_day,connection_margin_sensitivity_min_json,candidate_timetable_phase_selection_rule,candidate_s8_phases_materialised,final_service_policy_selected,final_topology_selected,margin0_complete_route_count,margin0_incomplete_route_count,margin0_unmatched_event_count,margin0_route_unweighted_mean_gap_min,margin0_worst_route_weighted_mean_gap_min,margin2_complete_route_count,margin2_incomplete_route_count,margin2_unmatched_event_count,margin2_route_unweighted_mean_gap_min,margin2_worst_route_weighted_mean_gap_min,margin5_complete_route_count,margin5_incomplete_route_count,margin5_unmatched_event_count,margin5_route_unweighted_mean_gap_min,margin5_worst_route_weighted_mean_gap_min
P2PLAN_0185db16aba79177,P2_bab8ad99e3603982,hybrid_interlined,PUBLIC,30,S8_EXTENDED_0530_2400,330,1440,1110,IDEALISED_6_DAY_52_WEEK,312,0.00,4177.066916878051,0.183037387245,Brivio,0.010743097632,6,356.000000000,4177.066916878051,0.183037387245,Brivio,0.010743097632,6,356.000000000,8.948550217,15.298828660,103302.063705,1,2,2,1,1,1,2,0,0.000000000,false,false,2,0.000000000,,,,,0,,0,,,,true,true,true,false,false,false,true,true,true,false,false,false,false,BASE_FREQUENT_30;BASE_UNRESTRICTED,true,false,false,true,"{""R2_14b61a2a29e2081585d6"":7,""R2_691d5061a0170b543a1b"":7}",900,900,331.096358029,103302.063705,103302.063705,0.000000,9.434277674,2,2,2,0,74,"[0,2,5]",LEXICOGRAPHIC_ROUTE_UNWEIGHTED_S8_ROBUSTNESS_MARGIN5_THEN2_THEN0__THEN_MIN_EXACT_FLEET__THEN_KM__THEN_PHASE_VECTOR,true,false,false,0,2,2,10.767747670,10.969361674,0,2,2,10.767747670,10.969361674,0,2,2,10.767747670,10.969361674
P2PLAN_02391cf50d2c96df,P2_3952117a13ec7506,two_independent_loops,PUBLIC,60,CORE_0600_2200,360,1320,960,IDEALISED_6_DAY_52_WEEK,312,0.00,8376.450829737198,0.367052696251,Calco,0.171996948300,12,567.000000000,8376.450829737198,0.367052696251,Calco,0.171996948300,12,567.000000000,19.348490861,36.400255707,96587.666378,1,1,2,1,4,1,2,2,1.000000000,true,true,2,1.000000000,20.336570784,24.537690310,20.336570784,24.537690310,0,,0,,,,true,true,false,false,false,false,true,true,true,false,false,false,false,BASE_UNRESTRICTED,true,false,false,true,"{""R2_2ffb6743b10bb3f0a97d"":39,""R2_b2032eeb31cba06561f0"":37}",3600,3600,309.575853776,96587.666378,96587.666378,0.000000,9.706734855,2,2,2,0,32,"[0,2,5]",LEXICOGRAPHIC_ROUTE_UNWEIGHTED_S8_ROBUSTNESS_MARGIN5_THEN2_THEN0__THEN_MIN_EXACT_FLEET__THEN_KM__THEN_PHASE_VECTOR,true,false,false,0,2,2,17.625159754,20.246969810,0,2,2,20.402789935,25.802230172,0,2,2,20.402789935,25.802230172
P2PLAN_02d05e32f74774dd,P2_bc1e37be7e7a349b,single_compact_loop,PUBLIC,30,CORE_0600_2200,360,1320,960,IDEALISED_6_DAY_52_WEEK,312,0.00,5543.867920188278,0.242930055834,Santa Maria Hoè,0.063137253657,12,641.000000000,5543.867920188278,0.242930055834,Santa Maria Hoè,0.063137253657,12,641.000000000,10.991932586,17.855835190,109743.454939,1,1,2,1,2,1,1,1,1.000000000,true,true,1,1.000000000,15.109276879,15.109276879,15.109276879,15.109276879,0,,0,,,,true,true,true,false,false,false,true,true,true,false,false,false,false,BASE_FREQUENT_30;BASE_UNRESTRICTED,true,false,false,true,"{""R2_9765d34882cc4165f829"":7}",30,30,351.741842752,109743.454939,109743.454939,-0.000000,9.523112101,1,1,2,0,32,"[0,2,5]",LEXICOGRAPHIC_ROUTE_UNWEIGHTED_S8_ROBUSTNESS_MARGIN5_THEN2_THEN0__THEN_MIN_EXACT_FLEET__THEN_KM__THEN_PHASE_VECTOR,true,false,false,0,1,1,5.664537240,5.664537240,0,1,1,15.109276879,15.109276879,0,1,1,15.109276879,15.109276879
P2PLAN_037859dd5565cd6a,P2_83df62ba410ac17c,two_radial_out_and_back_feeders,PUBLIC,20,S8_EXTENDED_0530_2400,330,1440,1110,IDEALISED_5_DAY_52_WEEK,260,0.00,4756.236167303790,0.208416350158,Brivio,0.000465712767,0,0.000000000,4756.236167303790,0.208416350158,Brivio,0.000465712767,0,0.000000000,5.697547748,12.969824297,82215.614004,2,2,3,1,1,1,2,0,0.000000000,false,false,2,0.000000000,,,,,0,,0,,,,true,true,true,false,false,false,true,true,true,false,false,false,false,BASE_FREQUENT_30;BASE_UNRESTRICTED,true,false,false,true,"{""R2_40023c3a09f861e4df2b"":16,""R2_89faf7404f5ba6502188"":12}",400,400,319.062673888,82956.295211,82215.614004,740.681207,12.105169344,2,2,3,0,112,"[0,2,5]",LEXICOGRAPHIC_ROUTE_UNWEIGHTED_S8_ROBUSTNESS_MARGIN5_THEN2_THEN0__THEN_MIN_EXACT_FLEET__THEN_KM__THEN_PHASE_VECTOR,true,false,false,0,2,2,11.106036825,11.207299511,0,2,2,13.606036825,14.355546057,0,2,2,16.998245307,17.822859349
P2PLAN_04bcb725b60c8f67,P2_cdd20a132d6e273d,blank_slate,PUBLIC,30,CORE_0600_2200,360,1320,960,IDEALISED_6_DAY_52_WEEK,312,0.00,6862.934486120582,0.300731020634,Brivio,0.000465712767,6,375.000000000,6862.934486120582,0.300731020634,Brivio,0.000465712767,6,375.000000000,9.418848321,19.611421438,94037.781637,1,1,2,1,2,1,1,1,1.000000000,true,true,1,1.000000000,14.231483755,14.231483755,14.231483755,14.231483755,0,,0,,,,true,true,true,false,false,false,true,true,true,false,false,false,false,BASE_FREQUENT_30;BASE_UNRESTRICTED,true,false,false,true,"{""R2_700cd5fc23e4fb3cdeab"":7}",30,30,301.403146272,94037.781637,94037.781637,-0.000000,10.459424767,1,1,2,0,32,"[0,2,5]",LEXICOGRAPHIC_ROUTE_UNWEIGHTED_S8_ROBUSTNESS_MARGIN5_THEN2_THEN0__THEN_MIN_EXACT_FLEET__THEN_KM__THEN_PHASE_VECTOR,true,false,false,0,1,1,14.231483755,14.231483755,0,1,1,14.231483755,14.231483755,0,1,1,14.231483755,14.231483755
P2PLAN_06277a2ac991ba53,P2_630176384d80fc43,blank_slate,PUBLIC,60,CORE_0600_2200,360,1320,960,IDEALISED_6_DAY_52_WEEK,312,0.00,8527.965081130689,0.373691989625,Santa Maria Hoè,0.000000000000,12,753.000000000,8527.965081130689,0.373691989625,Santa Maria Hoè,0.000000000000,12,753.000000000,18.917785893,34.560905428,94437.587178,1,1,1,1,3,1,1,1,1.000000000,true,true,1,1.000000000,23.701481399,23.701481399,29.256741760,29.256741760,0,,0,,,,true,true,false,false,false,false,true,true,true,false,false,false,false,BASE_UNRESTRICTED,true,false,false,true,"{""R2_7cc74030c04e0d37f453"":37}",60,60,302.684574288,94437.587178,94437.587178,-0.000000,9.216241447,1,1,1,0,16,"[0,2,5]",LEXICOGRAPHIC_ROUTE_UNWEIGHTED_S8_ROBUSTNESS_MARGIN5_THEN2_THEN0__THEN_MIN_EXACT_FLEET__THEN_KM__THEN_PHASE_VECTOR,true,false,false,0,1,1,19.722401148,19.722401148,0,1,1,19.722401148,19.722401148,0,1,1,19.722401148,19.722401148
P2PLAN_062fe44f9b7973e5,P2_d8dce4f9ed44fba4,blank_slate,PUBLIC,30,S8_EXTENDED_0530_2400,330,1440,1110,IDEALISED_DAILY_YEAR,365,0.00,6246.295216999681,0.273710136617,Brivio,0.000000000000,6,375.000000000,6246.295216999681,0.273710136617,Brivio,0.000000000000,6,375.000000000,8.058230847,13.661199753,108826.407589,1,1,1,0,2,0,1,0,0.000000000,false,false,1,0.000000000,,,,,0,,0,,,,true,true,true,false,false,false,true,true,true,false,false,false,false,BASE_FREQUENT_30;BASE_UNRESTRICTED,true,false,false,true,"{""R2_dcc2b84d507826a86b57"":7}",30,30,298.154541339,108826.407589,108826.407589,-0.000000,8.424406514,1,1,1,0,37,"[0,2,5]",LEXICOGRAPHIC_ROUTE_UNWEIGHTED_S8_ROBUSTNESS_MARGIN5_THEN2_THEN0__THEN_MIN_EXACT_FLEET__THEN_KM__THEN_PHASE_VECTOR,true,false,false,0,1,1,7.761854959,7.761854959,0,1,1,7.761854959,7.761854959,0,1,1,7.761854959,7.761854959
P2PLAN_06a9dc6b92f2426e,P2_53fd2d4d99e137fc,blank_slate,PUBLIC,20,S8_EXTENDED_0530_2400,330,1440,1110,IDEALISED_6_DAY_52_WEEK,312,0.00,4655.606163078575,0.204006783968,La Valletta Brianza,0.009189912991,0,0.000000000,4655.606163078575,0.204006783968,La Valletta Brianza,0.009189912991,0,0.000000000,5.660087272,13.352350807,98010.071202,1,2,2,1,1,1,1,0,0.000000000,false,false,1,0.000000000,,,,,0,,0,,,,true,true,true,false,false,false,true,true,true,false,false,false,false,BASE_FREQUENT_30;BASE_UNRESTRICTED,true,false,false,true,"{""R2_fc3196ae85a4ca6d0ece"":7}",20,20,311.304799960,97127.097588,98010.071202,-882.973614,12.239654906,1,2,2,0,55,"[0,2,5]",LEXICOGRAPHIC_ROUTE_UNWEIGHTED_S8_ROBUSTNESS_MARGIN5_THEN2_THEN0__THEN_MIN_EXACT_FLEET__THEN_KM__THEN_PHASE_VECTOR,true,false,false,0,1,1,11.712772524,11.712772524,0,1,1,11.712772524,11.712772524,0,1,1,15.416279432,15.416279432
P2PLAN_06b6b389dad0888e,P2_a7143f626fa3e4c8,single_compact_loop,PUBLIC,15,CORE_0600_2200,360,1320,960,IDEALISED_6_DAY_52_WEEK,312,0.00,5780.775206194420,0.253311237537,Brivio,0.000000000000,2,221.000000000,5780.775206194420,0.253311237537,Brivio,0.000000000000,2,221.000000000,4.941273246,10.529247876,98667.344176,2,2,2,1,2,1,1,1,1.000000000,true,true,1,1.000000000,10.300200717,10.300200717,10.300200717,10.300200717,0,,0,,,,true,true,true,false,false,false,true,true,true,false,false,false,false,BASE_FREQUENT_30;BASE_UNRESTRICTED,true,false,false,true,"{""R2_89ad250d7fb28bc4d750"":10}",15,15,316.241487744,98667.344176,98667.344176,0.000000,11.231197734,2,2,2,0,64,"[0,2,5]",LEXICOGRAPHIC_ROUTE_UNWEIGHTED_S8_ROBUSTNESS_MARGIN5_THEN2_THEN0__THEN_MIN_EXACT_FLEET__THEN_KM__THEN_PHASE_VECTOR,true,false,false,1,0,0,10.240676907,10.240676907,0,1,1,13.018307088,13.018307088,0,1,1,13.018307088,13.018307088
P2PLAN_06d66bd978ce80ab,P2_dfbf7cf8ad9ccf55,interlined_figure8,PUBLIC,60,CORE_0600_2200,360,1320,960,IDEALISED_5_DAY_52_WEEK,260,0.00,9211.868702522928,0.403660370424,La Valletta Brianza,0.203333660728,20,1055.000000000,9211.868702522928,0.403660370424,La Valletta Brianza,0.203333660728,20,1055.000000000,24.396240023,44.733322143,101488.358496,1,2,2,3,3,3,2,2,1.000000000,true,true,2,1.000000000,16.170037566,24.537690310,24.537690310,25.614777205,0,,0,,,,true,true,false,false,false,false,true,true,true,false,false,false,false,BASE_UNRESTRICTED,true,false,false,true,"{""R2_b2032eeb31cba06561f0"":37,""R2_f291a9242634fc5b47fd"":37}",3600,3600,390.339840368,101488.358496,101488.358496,-0.000000,11.928885905,2,2,2,0,32,"[0,2,5]",LEXICOGRAPHIC_ROUTE_UNWEIGHTED_S8_ROBUSTNESS_MARGIN5_THEN2_THEN0__THEN_MIN_EXACT_FLEET__THEN_KM__THEN_PHASE_VECTOR,true,false,false,0,2,2,18.319523326,21.635696954,0,2,2,18.319523326,21.635696954,0,2,2,18.319523326,21.635696954
P2PLAN_07b3709044a1562c,P2_5d984357c1aadfda,blank_slate,PUBLIC,30,S8_EXTENDED_0530_2400,330,1440,1110,IDEALISED_5_DAY_52_WEEK,260,0.00,5662.421568047417,0.248125028858,La Valletta Brianza,0.009189912991,6,490.000000000,5662.421568047417,0.248125028858,La Valletta Brianza,0.009189912991,6,490.000000000,11.227249945,20.087494841,108006.144471,1,2,2,0,3,0,1,0,0.000000000,false,false,1,0.000000000,,,,,0,,0,,,,true,true,true,false,false,false,true,true,true,false,false,false,false,BASE_FREQUENT_30;BASE_UNRESTRICTED,true,false,false,true,"{""R2_94ab087b34b6933ffe06"":10}",30,30,415.408247965,108006.144471,108006.144471,-0.000000,12.387288485,1,2,2,0,37,"[0,2,5]",LEXICOGRAPHIC_ROUTE_UNWEIGHTED_S8_ROBUSTNESS_MARGIN5_THEN2_THEN0__THEN_MIN_EXACT_FLEET__THEN_KM__THEN_PHASE_VECTOR,true,false,false,0,1,1,13.993447053,13.993447053,0,1,1,13.993447053,13.993447053,0,1,1,19.548707415,19.548707415
P2PLAN_09983027127b0cfe,P2_52efec20a7f89f42,single_compact_loop,PUBLIC,60,CORE_0600_2200,360,1320,960,IDEALISED_6_DAY_52_WEEK,312,0.00,7906.716608991273,0.346469132191,La Valletta Brianza,0.045773761307,20,1055.000000000,7906.716608991273,0.346469132191,La Valletta Brianza,0.045773761307,20,1055.000000000,21.622335348,40.036996938,107938.698057,1,1,1,1,3,1,1,1,1.000000000,true,true,1,1.000000000,26.518696005,26.518696005,26.518696005,26.518696005,0,,0,,,,true,true,false,false,false,false,true,true,true,false,false,false,false,BASE_UNRESTRICTED,true,false,false,true,"{""R2_f6e23d36c7ebe6e85edf"":37}",60,60,345.957365568,107938.698057,107938.698057,0.000000,10.676532517,1,1,1,0,16,"[0,2,5]",LEXICOGRAPHIC_ROUTE_UNWEIGHTED_S8_ROBUSTNESS_MARGIN5_THEN2_THEN0__THEN_MIN_EXACT_FLEET__THEN_KM__THEN_PHASE_VECTOR,true,false,false,0,1,1,16.984355393,16.984355393,0,1,1,16.984355393,16.984355393,0,1,1,16.984355393,16.984355393
P2PLAN_0aac7503dc88e8d1,P2_32209b4bbc62cfb6,single_compact_loop,PUBLIC,30,CORE_0600_2200,360,1320,960,IDEALISED_5_DAY_52_WEEK,260,0.00,7170.447870735303,0.314206133096,Brivio,0.000050341214,12,733.000000000,7170.447870735303,0.314206133096,Brivio,0.000050341214,12,733.000000000,13.341750246,24.790377776,111003.362047,1,2,2,1,3,1,1,1,1.000000000,true,true,1,1.000000000,11.642005586,11.642005586,11.642005586,11.642005586,0,,0,,,,true,true,true,false,false,false,true,true,true,false,false,false,false,BASE_FREQUENT_30;BASE_UNRESTRICTED,true,false,false,true,"{""R2_837c3ae88923898ea40c"":25}",30,30,426.936007872,111003.362047,111003.362047,-0.000000,13.221534814,1,2,2,0,32,"[0,2,5]",LEXICOGRAPHIC_ROUTE_UNWEIGHTED_S8_ROBUSTNESS_MARGIN5_THEN2_THEN0__THEN_MIN_EXACT_FLEET__THEN_KM__THEN_PHASE_VECTOR,true,false,false,1,0,0,11.642005586,11.642005586,0,1,1,17.197265947,17.197265947,0,1,1,17.197265947,17.197265947
P2PLAN_0acd243442e38824,P2_8031197355654327,blank_slate,PUBLIC,20,S8_EXTENDED_0530_2400,330,1440,1110,IDEALISED_5_DAY_52_WEEK,260,0.00,4172.490484783842,0.182836849837,La Valletta Brianza,0.009189912991,2,221.000000000,4172.490484783842,0.182836849837,La Valletta Brianza,0.009189912991,2,221.000000000,6.720995939,11.195909750,96983.971400,1,2,2,1,1,1,1,0,0.000000000,false,false,1,0.000000000,,,,,0,,0,,,,true,true,true,false,false,false,true,true,true,false,false,false,false,BASE_FREQUENT_30;BASE_UNRESTRICTED,true,false,false,true,"{""R2_720949d9745b883ea795"":9}",20,20,369.654776645,96110.241928,96983.971400,-873.729472,10.262917271,1,2,2,0,55,"[0,2,5]",LEXICOGRAPHIC_ROUTE_UNWEIGHTED_S8_ROBUSTNESS_MARGIN5_THEN2_THEN0__THEN_MIN_EXACT_FLEET__THEN_KM__THEN_PHASE_VECTOR,true,false,false,0,1,1,12.790993053,12.790993053,0,1,1,12.790993053,12.790993053,0,1,1,16.494499960,16.494499960
P2PLAN_0b9c7b2c4928e47b,P2_9b0e07f1e04fa248,single_compact_loop,PUBLIC,60,CORE_0600_2200,360,1320,960,IDEALISED_6_DAY_52_WEEK,312,0.00,8527.965081130689,0.373691989625,Santa Maria Hoè,0.000000000000,12,753.000000000,8527.965081130689,0.373691989625,Santa Maria Hoè,0.000000000000,12,753.000000000,18.917785893,34.560905428,94437.587178,1,1,1,1,3,1,1,1,1.000000000,true,true,1,1.000000000,23.701481399,23.701481399,29.256741760,29.256741760,0,,0,,,,true,true,false,false,false,false,true,true,true,false,false,false,false,BASE_UNRESTRICTED,true,false,false,true,"{""R2_7cc74030c04e0d37f453"":37}",60,60,302.684574288,94437.587178,94437.587178,-0.000000,9.216241447,1,1,1,0,16,"[0,2,5]",LEXICOGRAPHIC_ROUTE_UNWEIGHTED_S8_ROBUSTNESS_MARGIN5_THEN2_THEN0__THEN_MIN_EXACT_FLEET__THEN_KM__THEN_PHASE_VECTOR,true,false,false,0,1,1,19.722401148,19.722401148,0,1,1,19.722401148,19.722401148,0,1,1,19.722401148,19.722401148
P2PLAN_0bc9329646c509db,P2_ebdaaf1baa144ee0,single_compact_loop,PUBLIC,60,CORE_0600_2200,360,1320,960,IDEALISED_DAILY_YEAR,365,0.00,4653.116406723527,0.203897683849,Brivio,0.010743097632,16,1308.000000000,4653.116406723527,0.203897683849,Brivio,0.010743097632,16,1308.000000000,18.169483853,33.552971384,106109.785702,1,1,1,4,0,4,1,1,1.000000000,true,true,1,1.000000000,24.205448421,24.205448421,24.205448421,24.205448421,0,,0,,,,true,true,false,false,false,false,true,true,true,false,false,false,false,BASE_UNRESTRICTED,true,false,false,true,"{""R2_f4436cf0e19fc17dd484"":37}",60,60,290.711741648,106109.785702,106109.785702,-0.000000,8.947459036,1,1,1,0,16,"[0,2,5]",LEXICOGRAPHIC_ROUTE_UNWEIGHTED_S8_ROBUSTNESS_MARGIN5_THEN2_THEN0__THEN_MIN_EXACT_FLEET__THEN_KM__THEN_PHASE_VECTOR,true,false,false,0,1,1,20.226368170,20.226368170,0,1,1,20.226368170,20.226368170,0,1,1,20.226368170,20.226368170
P2PLAN_0c809439e81a7930,P2_1240a7f3c4d31299,blank_slate,PUBLIC,30,S8_EXTENDED_0530_2400,330,1440,1110,IDEALISED_5_DAY_52_WEEK,260,0.00,4193.800470380274,0.183770644809,Brivio,0.000000000000,9,956.000000000,4193.800470380274,0.183770644809,Brivio,0.000000000000,9,956.000000000,11.297012267,26.007322530,108677.258009,2,2,2,4,0,4,1,0,0.000000000,false,false,1,0.000000000,,,,,0,,0,,,,true,true,true,false,false,false,true,true,true,false,false,false,false,BASE_FREQUENT_30;BASE_UNRESTRICTED,true,false,false,true,"{""R2_1a0a15b4ca7335fd6b61"":14}",30,30,417.989453879,108677.258009,108677.258009,-0.000000,16.037848894,2,2,2,0,37,"[0,2,5]",LEXICOGRAPHIC_ROUTE_UNWEIGHTED_S8_ROBUSTNESS_MARGIN5_THEN2_THEN0__THEN_MIN_EXACT_FLEET__THEN_KM__THEN_PHASE_VECTOR,true,false,false,0,1,1,16.588793570,16.588793570,0,1,1,16.588793570,16.588793570,0,1,1,16.588793570,16.588793570
P2PLAN_0cc4c28176b7f776,P2_2a5313f45e8e6c17,interlined_figure8,PUBLIC,60,CORE_0600_2200,360,1320,960,IDEALISED_5_DAY_52_WEEK,260,0.00,9602.547295120456,0.420779748749,Brivio,0.000465712767,12,733.000000000,9602.547295120456,0.420779748749,Brivio,0.000465712767,12,733.000000000,25.873520725,53.255342368,107633.846216,2,2,2,3,3,3,2,2,1.000000000,true,true,2,1.000000000,24.971370990,26.475346773,24.971370990,26.475346773,0,,0,,,,true,true,false,false,false,false,true,true,true,false,false,false,false,BASE_UNRESTRICTED,true,false,false,true,"{""R2_235ca1ecac202beb00df"":37,""R2_3459f102f372161ea282"":37}",3600,3600,413.976331600,107633.846216,107633.846216,0.000000,14.201424631,2,2,2,0,32,"[0,2,5]",LEXICOGRAPHIC_ROUTE_UNWEIGHTED_S8_ROBUSTNESS_MARGIN5_THEN2_THEN0__THEN_MIN_EXACT_FLEET__THEN_KM__THEN_PHASE_VECTOR,true,false,false,0,2,2,16.189018270,16.941006161,0,2,2,16.189018270,16.941006161,0,2,2,16.189018270,16.941006161
P2PLAN_0e297489011ecb6f,P2_0ffe721d74a786cf,single_compact_loop,PUBLIC,30,S8_EXTENDED_0530_2400,330,1440,1110,IDEALISED_5_DAY_52_WEEK,260,0.00,6670.907002218253,0.292316453755,La Valletta Brianza,0.005660282930,2,90.000000000,6670.907002218253,0.292316453755,La Valletta Brianza,0.005660282930,2,90.000000000,11.471425498,24.502737675,110355.113291,1,2,2,2,1,2,1,0,0.000000000,false,false,1,0.000000000,,,,,0,,0,,,,true,true,true,false,false,false,true,true,true,false,false,false,false,BASE_FREQUENT_30;BASE_UNRESTRICTED,true,false,false,true,"{""R2_f72f8095e2969202df8c"":7}",30,30,424.442743426,110355.113291,110355.113291,-0.000000,15.110021566,1,2,2,0,37,"[0,2,5]",LEXICOGRAPHIC_ROUTE_UNWEIGHTED_S8_ROBUSTNESS_MARGIN5_THEN2_THEN0__THEN_MIN_EXACT_FLEET__THEN_KM__THEN_PHASE_VECTOR,true,false,false,0,1,1,11.785825636,11.785825636,0,1,1,17.341085998,17.341085998,0,1,1,17.341085998,17.341085998
P2PLAN_0f483ee770626eaf,P2_bfbb9d6c4188ab18,blank_slate,PUBLIC,60,CORE_0600_2200,360,1320,960,IDEALISED_6_DAY_52_WEEK,312,0.00,6397.926106363451,0.280354541021,Santa Maria Hoè,0.093473095134,16,1367.000000000,6397.926106363451,0.280354541021,Santa Maria Hoè,0.093473095134,16,1367.000000000,21.614706925,41.714131016,107900.616970,1,1,1,3,1,3,1,1,1.000000000,true,true,1,1.000000000,25.680128966,25.680128966,25.680128966,25.680128966,0,,0,,,,true,true,false,false,false,false,true,true,true,false,false,false,false,BASE_UNRESTRICTED,true,false,false,true,"{""R2_0dfbad056e54a0bf0740"":37}",60,60,345.835310800,107900.616970,107900.616970,-0.000000,11.123768271,1,1,1,0,16,"[0,2,5]",LEXICOGRAPHIC_ROUTE_UNWEIGHTED_S8_ROBUSTNESS_MARGIN5_THEN2_THEN0__THEN_MIN_EXACT_FLEET__THEN_KM__THEN_PHASE_VECTOR,true,false,false,0,1,1,16.145788354,16.145788354,0,1,1,16.145788354,16.145788354,0,1,1,16.145788354,16.145788354
P2PLAN_0fac469ed3be116b,P2_39309e97f4fa3d4d,blank_slate,PUBLIC,20,S8_EXTENDED_0530_2400,330,1440,1110,IDEALISED_5_DAY_52_WEEK,260,0.00,6351.503430600282,0.278320318096,Brivio,0.000000000000,2,221.000000000,6351.503430600282,0.278320318096,Brivio,0.000000000000,2,221.000000000,7.093166800,16.606866149,102354.396924,2,2,2,2,2,2,1,0,0.000000000,false,false,1,0.000000000,,,,,0,,0,,,,true,true,true,false,false,false,true,true,true,false,false,false,false,BASE_FREQUENT_30;BASE_UNRESTRICTED,true,false,false,true,"{""R2_6fc8006689b7ff6ba32d"":4}",20,20,390.124174000,101432.285240,102354.396924,-922.111684,15.222960637,2,2,2,0,55,"[0,2,5]",LEXICOGRAPHIC_ROUTE_UNWEIGHTED_S8_ROBUSTNESS_MARGIN5_THEN2_THEN0__THEN_MIN_EXACT_FLEET__THEN_KM__THEN_PHASE_VECTOR,true,false,false,0,1,1,11.937268307,11.937268307,0,1,1,11.937268307,11.937268307,0,1,1,16.937268307,16.937268307
P2PLAN_1048c1536058930f,P2_4bf5dfb6b345f7ce,blank_slate,PUBLIC,60,CORE_0600_2200,360,1320,960,IDEALISED_DAILY_YEAR,365,0.00,7194.264952676723,0.315249788018,La Valletta Brianza,0.074188964284,12,641.000000000,7194.264952676723,0.315249788018,La Valletta Brianza,0.074188964284,12,641.000000000,17.754377134,30.808168711,103685.562463,1,1,1,1,3,1,1,1,1.000000000,true,true,1,1.000000000,16.133110118,16.133110118,25.577849757,25.577849757,0,,0,,,,true,true,false,false,false,false,true,true,true,false,false,false,false,BASE_UNRESTRICTED,true,false,false,true,"{""R2_2b130131b2b9db31f6d7"":37}",60,60,284.070034144,103685.562463,103685.562463,-0.000000,8.215511656,1,1,1,0,16,"[0,2,5]",LEXICOGRAPHIC_ROUTE_UNWEIGHTED_S8_ROBUSTNESS_MARGIN5_THEN2_THEN0__THEN_MIN_EXACT_FLEET__THEN_KM__THEN_PHASE_VECTOR,true,false,false,0,1,1,21.598769506,21.598769506,0,1,1,21.598769506,21.598769506,0,1,1,21.598769506,21.598769506
P2PLAN_1144a000d71a698c,P2_3e56c372e7f43809,single_compact_loop,PUBLIC,60,S8_EXTENDED_0530_2400,330,1440,1110,IDEALISED_DAILY_YEAR,365,0.00,6012.313372163941,0.263457146566,Brivio,0.000000000000,9,956.000000000,6012.313372163941,0.263457146566,Brivio,0.000000000000,9,956.000000000,14.890847226,32.074173983,100550.445894,1,1,1,3,1,3,1,1,1.000000000,true,true,1,1.000000000,21.055367844,21.055367844,21.055367844,21.055367844,0,,0,,,,true,true,false,false,false,false,true,true,true,false,false,false,false,BASE_UNRESTRICTED,true,false,false,true,"{""R2_971118d529a04cc19ad6"":37}",60,60,282.926097294,103268.025512,100550.445894,2717.579618,10.156821761,1,1,1,0,19,"[0,2,5]",LEXICOGRAPHIC_ROUTE_UNWEIGHTED_S8_ROBUSTNESS_MARGIN5_THEN2_THEN0__THEN_MIN_EXACT_FLEET__THEN_KM__THEN_PHASE_VECTOR,true,false,false,1,0,0,21.055367844,21.055367844,1,0,0,21.055367844,21.055367844,1,0,0,21.055367844,21.055367844
P2PLAN_11a0a12ba0b1b799,P2_e3144a389b860f58,single_compact_loop,PUBLIC,30,CORE_0600_2200,360,1320,960,IDEALISED_5_DAY_52_WEEK,260,0.00,5769.784945393235,0.252829648743,Santa Maria Hoè,0.063137253657,12,641.000000000,5769.784945393235,0.252829648743,Santa Maria Hoè,0.063137253657,12,641.000000000,12.094498486,20.517952793,100626.227404,1,2,2,1,2,1,1,1,1.000000000,true,true,1,1.000000000,13.778218077,13.778218077,13.778218077,13.778218077,0,,0,,,,true,true,true,false,false,false,true,true,true,false,false,false,false,BASE_FREQUENT_30;BASE_UNRESTRICTED,true,false,false,true,"{""R2_f3daa3dc7796670c4455"":7}",30,30,387.023951552,100626.227404,100626.227404,-0.000000,10.942908156,1,2,2,0,32,"[0,2,5]",LEXICOGRAPHIC_ROUTE_UNWEIGHTED_S8_ROBUSTNESS_MARGIN5_THEN2_THEN0__THEN_MIN_EXACT_FLEET__THEN_KM__THEN_PHASE_VECTOR,true,false,false,0,1,1,13.778218077,13.778218077,0,1,1,13.778218077,13.778218077,0,1,1,13.778218077,13.778218077
P2PLAN_11ae71ec7bc9ff42,P2_e4b92caba131562a,single_compact_loop,PUBLIC,20,S8_EXTENDED_0530_2400,330,1440,1110,IDEALISED_6_DAY_52_WEEK,312,0.00,4256.982928783476,0.186539274648,La Valletta Brianza,0.000000000000,4,643.000000000,4256.982928783476,0.186539274648,La Valletta Brianza,0.000000000000,4,643.000000000,6.214775930,10.629073297,107615.060004,1,2,2,2,0,2,1,0,0.000000000,false,false,1,0.000000000,,,,,0,,0,,,,true,true,true,false,false,false,true,true,true,false,false,false,false,BASE_FREQUENT_30;BASE_UNRESTRICTED,true,false,false,true,"{""R2_ee975e5012ad1533d159"":10}",20,20,348.027452080,108584.565049,107615.060004,969.505045,9.920468411,1,2,2,0,56,"[0,2,5]",LEXICOGRAPHIC_ROUTE_UNWEIGHTED_S8_ROBUSTNESS_MARGIN5_THEN2_THEN0__THEN_MIN_EXACT_FLEET__THEN_KM__THEN_PHASE_VECTOR,true,false,false,0,1,1,13.108079524,13.108079524,0,1,1,13.108079524,13.108079524,0,1,1,14.926164733,14.926164733
P2PLAN_12882747dc9e8515,P2_661654da5f884394,blank_slate,PUBLIC,30,CORE_0600_2200,360,1320,960,IDEALISED_DAILY_YEAR,365,0.00,5414.502334925392,0.237261308075,Brivio,0.013951238382,2,134.000000000,5414.502334925392,0.237261308075,Brivio,0.013951238382,2,134.000000000,9.131813685,19.679955595,106659.583841,1,1,2,2,1,2,1,1,1.000000000,true,true,1,1.000000000,14.197216676,14.197216676,14.197216676,14.197216676,0,,0,,,,true,true,true,false,false,false,true,true,true,false,false,false,false,BASE_FREQUENT_30;BASE_UNRESTRICTED,true,false,false,true,"{""R2_45cf7c9ce93ed782cd5f"":7}",30,30,292.218037920,106659.583841,106659.583841,-0.000000,10.495976317,1,1,2,0,32,"[0,2,5]",LEXICOGRAPHIC_ROUTE_UNWEIGHTED_S8_ROBUSTNESS_MARGIN5_THEN2_THEN0__THEN_MIN_EXACT_FLEET__THEN_KM__THEN_PHASE_VECTOR,true,false,false,0,1,1,14.197216676,14.197216676,0,1,1,14.197216676,14.197216676,0,1,1,14.197216676,14.197216676
P2PLAN_12b2dd8f558cf8d3,P2_48c394c239c6771c,blank_slate,PUBLIC,60,CORE_0600_2200,360,1320,960,IDEALISED_6_DAY_52_WEEK,312,0.00,7906.716608991273,0.346469132191,La Valletta Brianza,0.045773761307,20,1055.000000000,7906.716608991273,0.346469132191,La Valletta Brianza,0.045773761307,20,1055.000000000,21.622335348,40.036996938,107938.698057,1,1,1,1,3,1,1,1,1.000000000,true,true,1,1.000000000,26.518696005,26.518696005,26.518696005,26.518696005,0,,0,,,,true,true,false,false,false,false,true,true,true,false,false,false,false,BASE_UNRESTRICTED,true,false,false,true,"{""R2_f6e23d36c7ebe6e85edf"":37}",60,60,345.957365568,107938.698057,107938.698057,0.000000,10.676532517,1,1,1,0,16,"[0,2,5]",LEXICOGRAPHIC_ROUTE_UNWEIGHTED_S8_ROBUSTNESS_MARGIN5_THEN2_THEN0__THEN_MIN_EXACT_FLEET__THEN_KM__THEN_PHASE_VECTOR,true,false,false,0,1,1,16.984355393,16.984355393,0,1,1,16.984355393,16.984355393,0,1,1,16.984355393,16.984355393
P2PLAN_12bec39f39cae053,P2_3d110befe0bda5e7,single_compact_loop,PUBLIC,20,S8_EXTENDED_0530_2400,330,1440,1110,IDEALISED_6_DAY_52_WEEK,312,0.00,4634.226113818080,0.203069918834,La Valletta Brianza,0.000000000000,6,490.000000000,4634.226113818080,0.203069918834,La Valletta Brianza,0.000000000000,6,490.000000000,5.699126388,10.510258833,98686.072535,1,2,2,1,1,1,1,0,0.000000000,false,false,1,0.000000000,,,,,0,,0,,,,true,true,true,false,false,false,true,true,true,false,false,false,false,BASE_FREQUENT_30;BASE_UNRESTRICTED,true,false,false,true,"{""R2_717987377cd99367dc20"":10}",20,20,319.151077728,99575.136251,98686.072535,889.063716,9.809574911,1,2,2,0,56,"[0,2,5]",LEXICOGRAPHIC_ROUTE_UNWEIGHTED_S8_ROBUSTNESS_MARGIN5_THEN2_THEN0__THEN_MIN_EXACT_FLEET__THEN_KM__THEN_PHASE_VECTOR,true,false,false,0,1,1,13.167486756,13.167486756,0,1,1,13.167486756,13.167486756,0,1,1,14.985571965,14.985571965
P2PLAN_1308a0173cd6c807,P2_39a9959520dd71f5,single_compact_loop,PUBLIC,20,CORE_0600_2200,360,1320,960,IDEALISED_5_DAY_52_WEEK,260,0.00,4860.318769351302,0.212977207792,Brivio,0.000050341214,2,221.000000000,4860.318769351302,0.212977207792,Brivio,0.000050341214,2,221.000000000,7.022970275,12.364302371,87646.669032,1,2,2,1,2,1,1,1,1.000000000,true,true,1,1.000000000,12.206796742,12.206796742,12.206796742,12.206796742,0,,0,,,,true,true,true,false,false,false,true,true,true,false,false,false,false,BASE_FREQUENT_30;BASE_UNRESTRICTED,true,false,false,true,"{""R2_74ab36c37a99ef5a1c51"":8}",20,20,337.102573200,87646.669032,87646.669032,0.000000,9.891441897,1,2,2,0,48,"[0,2,5]",LEXICOGRAPHIC_ROUTE_UNWEIGHTED_S8_ROBUSTNESS_MARGIN5_THEN2_THEN0__THEN_MIN_EXACT_FLEET__THEN_KM__THEN_PHASE_VECTOR,true,false,false,0,1,1,12.149344792,12.149344792,0,1,1,12.149344792,12.149344792,0,1,1,15.833787662,15.833787662
P2PLAN_135ad4d9354dc104,P2_32209b4bbc62cfb6,single_compact_loop,PUBLIC,60,CORE_0600_2200,360,1320,960,IDEALISED_DAILY_YEAR,365,0.00,7170.447870735303,0.314206133096,Brivio,0.000050341214,12,733.000000000,7170.447870735303,0.314206133096,Brivio,0.000050341214,12,733.000000000,13.341750246,24.790377776,77915.821437,1,1,1,1,3,1,1,1,1.000000000,true,true,1,1.000000000,19.142005586,19.142005586,19.142005586,19.142005586,0,,0,,,,true,true,false,false,false,false,true,true,true,false,false,false,false,BASE_UNRESTRICTED,true,false,false,true,"{""R2_837c3ae88923898ea40c"":55}",60,60,213.468003936,77915.821437,77915.821437,-0.000000,6.610767407,1,1,1,0,16,"[0,2,5]",LEXICOGRAPHIC_ROUTE_UNWEIGHTED_S8_ROBUSTNESS_MARGIN5_THEN2_THEN0__THEN_MIN_EXACT_FLEET__THEN_KM__THEN_PHASE_VECTOR,true,false,false,1,0,0,19.142005586,19.142005586,0,1,1,24.607664974,24.607664974,0,1,1,24.607664974,24.607664974
P2PLAN_13c01153640b96d4,P2_2accba37a46653fb,single_compact_loop,PUBLIC,60,S8_EXTENDED_0530_2400,330,1440,1110,IDEALISED_6_DAY_52_WEEK,312,0.00,6031.026066968469,0.264277129304,Brivio,0.000000000000,9,956.000000000,6031.026066968469,0.264277129304,Brivio,0.000000000000,9,956.000000000,18.812433632,37.576627354,108585.366924,1,1,1,3,1,3,1,1,1.000000000,true,true,1,1.000000000,18.304141158,18.304141158,18.304141158,18.304141158,0,,0,,,,true,true,false,false,false,false,true,true,true,false,false,false,false,BASE_UNRESTRICTED,true,false,false,true,"{""R2_e084e317c96ecdb31020"":27}",60,30,338.623805376,105650.627277,108585.366924,-2934.739647,11.272988206,1,1,1,0,18,"[0,2,5]",LEXICOGRAPHIC_ROUTE_UNWEIGHTED_S8_ROBUSTNESS_MARGIN5_THEN2_THEN0__THEN_MIN_EXACT_FLEET__THEN_KM__THEN_PHASE_VECTOR,true,false,false,0,1,1,27.613955945,27.613955945,0,1,1,27.613955945,27.613955945,0,1,2,33.089855444,33.089855444
P2PLAN_14c22a06ed9a4859,P2_067e6c7ae6cb14c4,blank_slate,PUBLIC,15,S8_EXTENDED_0530_2400,330,1440,1110,IDEALISED_5_DAY_52_WEEK,260,0.00,4634.226113818080,0.203069918834,La Valletta Brianza,0.000000000000,6,490.000000000,4634.226113818080,0.203069918834,La Valletta Brianza,0.000000000000,6,490.000000000,5.699126388,10.510258833,109651.191705,2,2,2,1,1,1,1,0,0.000000000,false,false,1,0.000000000,,,,,0,,0,,,,true,true,true,false,false,false,true,true,true,false,false,false,false,BASE_FREQUENT_30;BASE_UNRESTRICTED,true,false,false,true,"{""R2_717987377cd99367dc20"":10}",15,15,421.735352712,109651.191705,109651.191705,0.000000,12.962652561,2,2,2,0,74,"[0,2,5]",LEXICOGRAPHIC_ROUTE_UNWEIGHTED_S8_ROBUSTNESS_MARGIN5_THEN2_THEN0__THEN_MIN_EXACT_FLEET__THEN_KM__THEN_PHASE_VECTOR,true,false,false,0,1,2,10.257414248,10.257414248,0,1,2,13.035044429,13.035044429,0,1,2,13.035044429,13.035044429
P2PLAN_1572612c170e1459,P2_cc8f147d7d76e109,single_compact_loop,PUBLIC,30,S8_EXTENDED_0530_2400,330,1440,1110,IDEALISED_5_DAY_52_WEEK,260,0.00,7168.536575183297,0.314122380896,Brivio,0.000000000000,12,733.000000000,7168.536575183297,0.314122380896,Brivio,0.000000000000,12,733.000000000,11.190855453,19.831962416,107656.029458,1,1,2,1,2,1,1,0,0.000000000,false,false,1,0.000000000,,,,,0,,0,,,,true,true,true,false,false,false,true,true,true,false,false,false,false,BASE_FREQUENT_30;BASE_UNRESTRICTED,true,false,false,true,"{""R2_349928954c66680a97a1"":11}",30,30,414.061651761,107656.029458,107656.029458,-0.000000,12.229710157,1,1,2,0,37,"[0,2,5]",LEXICOGRAPHIC_ROUTE_UNWEIGHTED_S8_ROBUSTNESS_MARGIN5_THEN2_THEN0__THEN_MIN_EXACT_FLEET__THEN_KM__THEN_PHASE_VECTOR,true,false,false,0,1,1,14.121213266,14.121213266,0,1,1,14.121213266,14.121213266,0,1,1,19.676473627,19.676473627
P2PLAN_1599e8cb7bf5e5e7,P2_9e11bf505a0635b2,blank_slate,PUBLIC,20,CORE_0600_2200,360,1320,960,IDEALISED_5_DAY_52_WEEK,260,0.00,6353.719431821961,0.278417422375,La Valletta Brianza,0.000000000000,2,221.000000000,6353.719431821961,0.278417422375,La Valletta Brianza,0.000000000000,2,221.000000000,8.306925202,16.640286208,103670.426521,2,2,2,1,2,1,1,1,1.000000000,true,true,1,1.000000000,10.068804824,10.068804824,11.920558278,11.920558278,0,,0,,,,true,true,true,false,false,false,true,true,true,false,false,false,false,BASE_FREQUENT_30;BASE_UNRESTRICTED,true,false,false,true,"{""R2_3fa739d314237ccb0def"":10}",20,20,398.732409696,103670.426521,103670.426521,-0.000000,13.312228966,2,2,2,0,48,"[0,2,5]",LEXICOGRAPHIC_ROUTE_UNWEIGHTED_S8_ROBUSTNESS_MARGIN5_THEN2_THEN0__THEN_MIN_EXACT_FLEET__THEN_KM__THEN_PHASE_VECTOR,true,false,false,0,1,1,14.999538823,14.999538823,0,1,1,14.999538823,14.999538823,0,1,1,14.999538823,14.999538823
P2PLAN_168cba6e1c0d8790,P2_82d7a3cefa19ec5a,two_radial_out_and_back_feeders,PUBLIC,20,CORE_0600_2200,360,1320,960,IDEALISED_5_DAY_52_WEEK,260,0.00,6127.659832867641,0.268511581943,Brivio,0.000000000000,6,447.000000000,6127.659832867641,0.268511581943,Brivio,0.000000000000,6,447.000000000,8.402740060,14.127285076,104866.195949,2,2,3,0,2,0,2,2,1.000000000,true,true,2,1.000000000,10.649737947,10.916268824,12.768022278,13.797984493,0,,0,,,,true,true,true,false,false,false,true,true,true,false,false,false,false,BASE_FREQUENT_30;BASE_UNRESTRICTED,true,false,false,true,"{""R2_ab5110a74d88f6a5a5dd"":10,""R2_fedae7e1b14941808593"":11}",400,400,403.331522880,104866.195949,104866.195949,-0.000000,11.301828061,2,2,3,0,96,"[0,2,5]",LEXICOGRAPHIC_ROUTE_UNWEIGHTED_S8_ROBUSTNESS_MARGIN5_THEN2_THEN0__THEN_MIN_EXACT_FLEET__THEN_KM__THEN_PHASE_VECTOR,true,false,false,0,2,2,13.239343915,13.740532543,0,2,2,14.813467188,15.886401833,0,2,2,15.699944905,15.886401833
P2PLAN_16ff1dff2703be51,P2_d829af60b7c029c9,single_compact_loop,PUBLIC,30,CORE_0600_2200,360,1320,960,IDEALISED_5_DAY_52_WEEK,260,0.00,6921.420673362992,0.303293861766,Brivio,0.013951238382,6,375.000000000,6921.420673362992,0.303293861766,Brivio,0.013951238382,6,375.000000000,11.628486655,27.570418184,96749.008970,2,2,2,3,1,3,1,1,1.000000000,true,true,1,1.000000000,10.251985382,10.251985382,19.696725021,19.696725021,0,,0,,,,true,true,true,false,false,false,true,true,true,false,false,false,false,BASE_FREQUENT_30;BASE_UNRESTRICTED,true,false,false,true,"{""R2_3a530ead46411707bc5f"":7}",30,30,372.111572960,96749.008970,96749.008970,-0.000000,14.704223031,2,2,2,0,32,"[0,2,5]",LEXICOGRAPHIC_ROUTE_UNWEIGHTED_S8_ROBUSTNESS_MARGIN5_THEN2_THEN0__THEN_MIN_EXACT_FLEET__THEN_KM__THEN_PHASE_VECTOR,true,false,false,0,1,1,15.807245743,15.807245743,0,1,1,15.807245743,15.807245743,0,1,1,15.807245743,15.807245743
P2PLAN_17b3d0e54c04cfea,P2_f0a0176cad91088e,blank_slate,PUBLIC,60,CORE_0600_2200,360,1320,960,IDEALISED_DAILY_YEAR,365,0.00,7170.447870735303,0.314206133096,Brivio,0.000050341214,12,733.000000000,7170.447870735303,0.314206133096,Brivio,0.000050341214,12,733.000000000,13.341750246,24.790377776,77915.821437,1,1,1,1,3,1,1,1,1.000000000,true,true,1,1.000000000,19.142005586,19.142005586,19.142005586,19.142005586,0,,0,,,,true,true,false,false,false,false,true,true,true,false,false,false,false,BASE_UNRESTRICTED,true,false,false,true,"{""R2_837c3ae88923898ea40c"":55}",60,60,213.468003936,77915.821437,77915.821437,-0.000000,6.610767407,1,1,1,0,16,"[0,2,5]",LEXICOGRAPHIC_ROUTE_UNWEIGHTED_S8_ROBUSTNESS_MARGIN5_THEN2_THEN0__THEN_MIN_EXACT_FLEET__THEN_KM__THEN_PHASE_VECTOR,true,false,false,1,0,0,19.142005586,19.142005586,0,1,1,24.607664974,24.607664974,0,1,1,24.607664974,24.607664974
P2PLAN_192c961e960158d5,P2_bfbb9d6c4188ab18,blank_slate,PUBLIC,60,CORE_0600_2200,360,1320,960,IDEALISED_5_DAY_52_WEEK,260,0.00,6397.926106363451,0.280354541021,Santa Maria Hoè,0.093473095134,16,1367.000000000,6397.926106363451,0.280354541021,Santa Maria Hoè,0.093473095134,16,1367.000000000,21.614706925,41.714131016,89917.180808,1,1,1,3,1,3,1,1,1.000000000,true,true,1,1.000000000,25.680128966,25.680128966,25.680128966,25.680128966,0,,0,,,,true,true,false,false,false,false,true,true,true,false,false,false,false,BASE_UNRESTRICTED,true,false,false,true,"{""R2_0dfbad056e54a0bf0740"":37}",60,60,345.835310800,89917.180808,89917.180808,0.000000,11.123768271,1,1,1,0,16,"[0,2,5]",LEXICOGRAPHIC_ROUTE_UNWEIGHTED_S8_ROBUSTNESS_MARGIN5_THEN2_THEN0__THEN_MIN_EXACT_FLEET__THEN_KM__THEN_PHASE_VECTOR,true,false,false,0,1,1,16.145788354,16.145788354,0,1,1,16.145788354,16.145788354,0,1,1,16.145788354,16.145788354
P2PLAN_1a27a9a2d974c301,P2_4dc90710cb9ea40a,hybrid_interlined,PUBLIC,20,S8_EXTENDED_0530_2400,330,1440,1110,IDEALISED_5_DAY_52_WEEK,260,0.00,4756.236167303790,0.208416350158,Brivio,0.000465712767,0,0.000000000,4756.236167303790,0.208416350158,Brivio,0.000465712767,0,0.000000000,5.697547748,12.969824297,82215.614004,2,2,3,1,1,1,2,0,0.000000000,false,false,2,0.000000000,,,,,0,,0,,,,true,true,true,false,false,false,true,true,true,false,false,false,false,BASE_FREQUENT_30;BASE_UNRESTRICTED,true,false,false,true,"{""R2_40023c3a09f861e4df2b"":16,""R2_89faf7404f5ba6502188"":12}",400,400,319.062673888,82956.295211,82215.614004,740.681207,12.105169344,2,2,3,0,112,"[0,2,5]",LEXICOGRAPHIC_ROUTE_UNWEIGHTED_S8_ROBUSTNESS_MARGIN5_THEN2_THEN0__THEN_MIN_EXACT_FLEET__THEN_KM__THEN_PHASE_VECTOR,true,false,false,0,2,2,11.106036825,11.207299511,0,2,2,13.606036825,14.355546057,0,2,2,16.998245307,17.822859349
P2PLAN_1a6ac4355ace8793,P2_e44e1ad363b4503e,single_compact_loop,PUBLIC,30,S8_EXTENDED_0530_2400,330,1440,1110,IDEALISED_6_DAY_52_WEEK,312,0.00,5414.502334925392,0.237261308075,Brivio,0.013951238382,2,134.000000000,5414.502334925392,0.237261308075,Brivio,0.013951238382,2,134.000000000,9.131813685,19.679955595,105417.657180,1,1,2,2,1,2,1,0,0.000000000,false,false,1,0.000000000,,,,,0,,0,,,,true,true,true,false,false,false,true,true,true,false,false,false,false,BASE_FREQUENT_30;BASE_UNRESTRICTED,true,false,false,true,"{""R2_45cf7c9ce93ed782cd5f"":11}",30,30,337.877106345,105417.657180,105417.657180,-0.000000,12.135972617,1,1,2,0,37,"[0,2,5]",LEXICOGRAPHIC_ROUTE_UNWEIGHTED_S8_ROBUSTNESS_MARGIN5_THEN2_THEN0__THEN_MIN_EXACT_FLEET__THEN_KM__THEN_PHASE_VECTOR,true,false,false,0,1,1,14.197216676,14.197216676,0,1,1,14.197216676,14.197216676,0,1,1,19.752477038,19.752477038
P2PLAN_1b30b0b4f8de5f28,P2_7dc1c06373d423af,blank_slate,PUBLIC,30,CORE_0600_2200,360,1320,960,IDEALISED_5_DAY_52_WEEK,260,0.00,4523.161196417227,0.198203098958,La Valletta Brianza,0.000000000000,9,1017.000000000,4523.161196417227,0.198203098958,La Valletta Brianza,0.000000000000,9,1017.000000000,13.126033508,25.651038745,109208.598787,2,2,2,3,0,3,1,1,1.000000000,true,true,1,1.000000000,11.211675101,11.211675101,11.211675101,11.211675101,0,,0,,,,true,true,true,false,false,false,true,true,true,false,false,false,false,BASE_FREQUENT_30;BASE_UNRESTRICTED,true,false,false,true,"{""R2_1d550efd246ecfb3b1c8"":7}",30,30,420.033072256,109208.598787,109208.598787,-0.000000,13.680553997,2,2,2,0,32,"[0,2,5]",LEXICOGRAPHIC_ROUTE_UNWEIGHTED_S8_ROBUSTNESS_MARGIN5_THEN2_THEN0__THEN_MIN_EXACT_FLEET__THEN_KM__THEN_PHASE_VECTOR,true,false,false,0,1,1,11.211675101,11.211675101,0,1,1,16.766935463,16.766935463,0,1,1,16.766935463,16.766935463
P2PLAN_1b5d60da96d36908,P2_53fd2d4d99e137fc,blank_slate,PUBLIC,20,CORE_0600_2200,360,1320,960,IDEALISED_6_DAY_52_WEEK,312,0.00,4655.606163078575,0.204006783968,La Valletta Brianza,0.009189912991,0,0.000000000,4655.606163078575,0.204006783968,La Valletta Brianza,0.009189912991,0,0.000000000,5.660087272,13.352350807,84765.466985,1,2,2,1,1,1,1,1,1.000000000,true,true,1,1.000000000,11.712772524,11.712772524,11.712772524,11.712772524,0,,0,,,,true,true,true,false,false,false,true,true,true,false,false,false,false,BASE_FREQUENT_30;BASE_UNRESTRICTED,true,false,false,true,"{""R2_fc3196ae85a4ca6d0ece"":7}",20,20,271.684189056,84765.466985,84765.466985,0.000000,10.681880646,1,2,2,0,48,"[0,2,5]",LEXICOGRAPHIC_ROUTE_UNWEIGHTED_S8_ROBUSTNESS_MARGIN5_THEN2_THEN0__THEN_MIN_EXACT_FLEET__THEN_KM__THEN_PHASE_VECTOR,true,false,false,0,1,1,11.655320574,11.655320574,0,1,1,11.655320574,11.655320574,0,1,1,15.339763444,15.339763444
P2PLAN_1dbb82133a88bb64,P2_67a1c69667ab7203,hybrid_interlined,PUBLIC,20,CORE_0600_2200,360,1320,960,IDEALISED_5_DAY_52_WEEK,260,0.00,6127.659832867641,0.268511581943,Brivio,0.000000000000,6,447.000000000,6127.659832867641,0.268511581943,Brivio,0.000000000000,6,447.000000000,8.402740060,14.127285076,104866.195949,2,2,3,0,2,0,2,2,1.000000000,true,true,2,1.000000000,10.649737947,10.916268824,12.768022278,13.797984493,0,,0,,,,true,true,true,false,false,false,true,true,true,false,false,false,false,BASE_FREQUENT_30;BASE_UNRESTRICTED,true,false,false,true,"{""R2_ab5110a74d88f6a5a5dd"":10,""R2_fedae7e1b14941808593"":11}",400,400,403.331522880,104866.195949,104866.195949,-0.000000,11.301828061,2,2,3,0,96,"[0,2,5]",LEXICOGRAPHIC_ROUTE_UNWEIGHTED_S8_ROBUSTNESS_MARGIN5_THEN2_THEN0__THEN_MIN_EXACT_FLEET__THEN_KM__THEN_PHASE_VECTOR,true,false,false,0,2,2,13.239343915,13.740532543,0,2,2,14.813467188,15.886401833,0,2,2,15.699944905,15.886401833
P2PLAN_1e9d78ce41789909,P2_3e9262447422e26a,blank_slate,PUBLIC,60,S8_EXTENDED_0530_2400,330,1440,1110,IDEALISED_6_DAY_52_WEEK,312,0.00,4653.116406723527,0.203897683849,Brivio,0.010743097632,16,1308.000000000,4653.116406723527,0.203897683849,Brivio,0.010743097632,16,1308.000000000,18.169483853,33.552971384,104874.260800,1,1,1,4,0,4,1,1,1.000000000,true,true,1,1.000000000,20.315969143,20.315969143,20.315969143,20.315969143,0,,0,,,,true,true,false,false,false,false,true,true,true,false,false,false,false,BASE_UNRESTRICTED,true,false,false,true,"{""R2_f4436cf0e19fc17dd484"":37}",60,60,345.220193207,107708.700281,104874.260800,2834.439481,10.625107605,1,1,1,0,19,"[0,2,5]",LEXICOGRAPHIC_ROUTE_UNWEIGHTED_S8_ROBUSTNESS_MARGIN5_THEN2_THEN0__THEN_MIN_EXACT_FLEET__THEN_KM__THEN_PHASE_VECTOR,true,false,false,1,0,0,20.315969143,20.315969143,1,0,0,20.315969143,20.315969143,1,0,0,20.315969143,20.315969143
P2PLAN_1ed385aac063e524,P2_0cb6579dbfb6c21d,single_compact_loop,PUBLIC,15,CORE_0600_2200,360,1320,960,IDEALISED_DAILY_YEAR,365,0.00,5651.766671621381,0.247658135595,Brivio,0.000000000000,2,221.000000000,5651.766671621381,0.247658135595,Brivio,0.000000000000,2,221.000000000,4.533771494,9.917995248,105908.902100,1,2,2,1,1,1,1,1,1.000000000,true,true,1,1.000000000,10.605827031,10.605827031,10.605827031,10.605827031,0,,0,,,,true,true,true,false,false,false,true,true,true,false,false,false,false,BASE_FREQUENT_30;BASE_UNRESTRICTED,true,false,false,true,"{""R2_c5de37de500b158213f8"":7}",15,15,290.161375616,105908.902100,105908.902100,-0.000000,10.579194931,1,2,2,0,64,"[0,2,5]",LEXICOGRAPHIC_ROUTE_UNWEIGHTED_S8_ROBUSTNESS_MARGIN5_THEN2_THEN0__THEN_MIN_EXACT_FLEET__THEN_KM__THEN_PHASE_VECTOR,true,false,false,0,1,1,10.590392589,10.590392589,0,1,1,13.323933402,13.323933402,0,1,1,13.323933402,13.323933402
P2PLAN_1f23571e952e750c,P2_9b0e07f1e04fa248,single_compact_loop,PUBLIC,60,S8_EXTENDED_0530_2400,330,1440,1110,IDEALISED_6_DAY_52_WEEK,312,0.00,8527.965081130689,0.373691989625,Santa Maria Hoè,0.000000000000,12,753.000000000,8527.965081130689,0.373691989625,Santa Maria Hoè,0.000000000000,12,753.000000000,18.917785893,34.560905428,109193.460174,1,1,1,1,3,1,1,1,1.000000000,true,true,1,1.000000000,19.812002121,19.812002121,19.812002121,19.812002121,0,,0,,,,true,true,false,false,false,false,true,true,true,false,false,false,false,BASE_UNRESTRICTED,true,false,false,true,"{""R2_7cc74030c04e0d37f453"":28}",60,30,340.520146074,106242.285575,109193.460174,-2951.174599,10.368271628,1,1,1,0,18,"[0,2,5]",LEXICOGRAPHIC_ROUTE_UNWEIGHTED_S8_ROBUSTNESS_MARGIN5_THEN2_THEN0__THEN_MIN_EXACT_FLEET__THEN_KM__THEN_PHASE_VECTOR,true,false,false,0,1,1,23.566556547,23.566556547,0,1,1,29.121816908,29.121816908,0,1,2,34.597716407,34.597716407
P2PLAN_1fa35fc1cd855eb0,P2_3058c75ede542cb2,single_compact_loop,PUBLIC,20,S8_EXTENDED_0530_2400,330,1440,1110,IDEALISED_6_DAY_52_WEEK,312,0.00,5782.991207416099,0.253408341817,La Valletta Brianza,0.000000000000,2,221.000000000,5782.991207416099,0.253408341817,La Valletta Brianza,0.000000000000,2,221.000000000,6.155031649,10.562667935,106580.528034,1,2,2,0,2,0,1,0,0.000000000,false,false,1,0.000000000,,,,,0,,0,,,,true,true,true,false,false,false,true,true,true,false,false,false,false,BASE_FREQUENT_30;BASE_UNRESTRICTED,true,false,false,true,"{""R2_6430b8f6d93aae646d8f"":10}",20,20,344.681772344,107540.712971,106580.528034,960.184937,9.858490073,1,2,2,0,56,"[0,2,5]",LEXICOGRAPHIC_ROUTE_UNWEIGHTED_S8_ROBUSTNESS_MARGIN5_THEN2_THEN0__THEN_MIN_EXACT_FLEET__THEN_KM__THEN_PHASE_VECTOR,true,false,false,0,1,1,13.141282205,13.141282205,0,1,1,13.141282205,13.141282205,0,1,1,14.959367414,14.959367414
P2PLAN_21f12ca49d29fcb6,P2_7f26258bf6987fcd,single_compact_loop,PUBLIC,15,CORE_0600_2200,360,1320,960,IDEALISED_5_DAY_52_WEEK,260,0.00,6222.494896027242,0.272667216154,Brivio,0.000000000000,2,221.000000000,6222.494896027242,0.272667216154,Brivio,0.000000000000,2,221.000000000,6.685665048,15.995613521,111249.466399,2,2,3,2,1,2,1,1,1.000000000,true,true,1,1.000000000,7.567017894,7.567017894,12.289387713,12.289387713,0,,0,,,,true,true,true,false,false,false,true,true,true,false,false,false,false,BASE_FREQUENT_30;BASE_UNRESTRICTED,true,false,false,true,"{""R2_b11abbef6086e5279f0b"":1}",15,15,427.882563072,111249.466399,111249.466399,-0.000000,17.061987756,2,2,3,0,64,"[0,2,5]",LEXICOGRAPHIC_ROUTE_UNWEIGHTED_S8_ROBUSTNESS_MARGIN5_THEN2_THEN0__THEN_MIN_EXACT_FLEET__THEN_KM__THEN_PHASE_VECTOR,true,false,false,0,1,1,12.273953272,12.273953272,0,1,1,15.007494085,15.007494085,0,1,1,15.007494085,15.007494085
P2PLAN_2409bc3be747e629,P2_d2d270f92e2b6996,single_compact_loop,PUBLIC,60,CORE_0600_2200,360,1320,960,IDEALISED_6_DAY_52_WEEK,312,0.00,6397.926106363451,0.280354541021,Santa Maria Hoè,0.093473095134,16,1367.000000000,6397.926106363451,0.280354541021,Santa Maria Hoè,0.093473095134,16,1367.000000000,21.614706925,41.714131016,107900.616970,1,1,1,3,1,3,1,1,1.000000000,true,true,1,1.000000000,25.680128966,25.680128966,25.680128966,25.680128966,0,,0,,,,true,true,false,false,false,false,true,true,true,false,false,false,false,BASE_UNRESTRICTED,true,false,false,true,"{""R2_0dfbad056e54a0bf0740"":37}",60,60,345.835310800,107900.616970,107900.616970,-0.000000,11.123768271,1,1,1,0,16,"[0,2,5]",LEXICOGRAPHIC_ROUTE_UNWEIGHTED_S8_ROBUSTNESS_MARGIN5_THEN2_THEN0__THEN_MIN_EXACT_FLEET__THEN_KM__THEN_PHASE_VECTOR,true,false,false,0,1,1,16.145788354,16.145788354,0,1,1,16.145788354,16.145788354,0,1,1,16.145788354,16.145788354
P2PLAN_246a712c3fcab97d,P2_1d6d9059fae20b5a,single_compact_loop,PUBLIC,20,CORE_0600_2200,360,1320,960,IDEALISED_5_DAY_52_WEEK,260,0.00,6246.295216999681,0.273710136617,Brivio,0.000000000000,6,375.000000000,6246.295216999681,0.273710136617,Brivio,0.000000000000,6,375.000000000,8.058230847,13.661199753,100566.720971,1,2,2,0,2,0,1,1,1.000000000,true,true,1,1.000000000,11.558348051,11.558348051,11.558348051,11.558348051,0,,0,,,,true,true,true,false,false,false,true,true,true,false,false,false,false,BASE_FREQUENT_30;BASE_UNRESTRICTED,true,false,false,true,"{""R2_dcc2b84d507826a86b57"":7}",20,20,386.795080656,100566.720971,100566.720971,-0.000000,10.928959802,1,2,2,0,48,"[0,2,5]",LEXICOGRAPHIC_ROUTE_UNWEIGHTED_S8_ROBUSTNESS_MARGIN5_THEN2_THEN0__THEN_MIN_EXACT_FLEET__THEN_KM__THEN_PHASE_VECTOR,true,false,false,0,1,1,11.500896101,11.500896101,0,1,1,11.500896101,11.500896101,0,1,1,15.185338971,15.185338971
P2PLAN_246ac789dc137623,P2_efb7898b0d4b89dc,blank_slate,PUBLIC,20,CORE_0600_2200,360,1320,960,IDEALISED_DAILY_YEAR,365,0.00,4256.982928783476,0.186539274648,La Valletta Brianza,0.000000000000,4,643.000000000,4256.982928783476,0.186539274648,La Valletta Brianza,0.000000000000,4,643.000000000,6.214775930,10.629073297,108882.874294,1,2,2,2,0,2,1,1,1.000000000,true,true,1,1.000000000,9.926164733,9.926164733,13.074411279,13.074411279,0,,0,,,,true,true,true,false,false,false,true,true,true,false,false,false,false,BASE_FREQUENT_30;BASE_UNRESTRICTED,true,false,false,true,"{""R2_ee975e5012ad1533d159"":10}",20,20,298.309244640,108882.874294,108882.874294,-0.000000,8.503258638,1,2,2,0,48,"[0,2,5]",LEXICOGRAPHIC_ROUTE_UNWEIGHTED_S8_ROBUSTNESS_MARGIN5_THEN2_THEN0__THEN_MIN_EXACT_FLEET__THEN_KM__THEN_PHASE_VECTOR,true,false,false,0,1,1,13.016959329,13.016959329,0,1,1,13.016959329,13.016959329,0,1,1,14.789914763,14.789914763
P2PLAN_276e552b963f2cc7,P2_e66cf45d5e816d61,single_compact_loop,PUBLIC,20,CORE_0600_2200,360,1320,960,IDEALISED_5_DAY_52_WEEK,260,0.00,6353.719431821961,0.278417422375,La Valletta Brianza,0.000000000000,2,221.000000000,6353.719431821961,0.278417422375,La Valletta Brianza,0.000000000000,2,221.000000000,8.306925202,16.640286208,103670.426521,2,2,2,1,2,1,1,1,1.000000000,true,true,1,1.000000000,10.068804824,10.068804824,11.920558278,11.920558278,0,,0,,,,true,true,true,false,false,false,true,true,true,false,false,false,false,BASE_FREQUENT_30;BASE_UNRESTRICTED,true,false,false,true,"{""R2_3fa739d314237ccb0def"":10}",20,20,398.732409696,103670.426521,103670.426521,-0.000000,13.312228966,2,2,2,0,48,"[0,2,5]",LEXICOGRAPHIC_ROUTE_UNWEIGHTED_S8_ROBUSTNESS_MARGIN5_THEN2_THEN0__THEN_MIN_EXACT_FLEET__THEN_KM__THEN_PHASE_VECTOR,true,false,false,0,1,1,14.999538823,14.999538823,0,1,1,14.999538823,14.999538823,0,1,1,14.999538823,14.999538823
P2PLAN_27932c3a5d247e95,P2_0c070269c9020acb,single_compact_loop,PUBLIC,30,CORE_0600_2200,360,1320,960,IDEALISED_6_DAY_52_WEEK,312,0.00,6791.059292614881,0.297581478650,La Valletta Brianza,0.000000000000,6,490.000000000,6791.059292614881,0.297581478650,La Valletta Brianza,0.000000000000,6,490.000000000,10.493186866,21.283422930,104763.977670,1,2,2,3,1,3,1,1,1.000000000,true,true,1,1.000000000,13.395483009,13.395483009,13.395483009,13.395483009,0,,0,,,,true,true,true,false,false,false,true,true,true,false,false,false,false,BASE_FREQUENT_30;BASE_UNRESTRICTED,true,false,false,true,"{""R2_87f869090ed85bd335d0"":27}",30,30,335.781979712,104763.977670,104763.977670,0.000000,11.351158896,1,2,2,0,32,"[0,2,5]",LEXICOGRAPHIC_ROUTE_UNWEIGHTED_S8_ROBUSTNESS_MARGIN5_THEN2_THEN0__THEN_MIN_EXACT_FLEET__THEN_KM__THEN_PHASE_VECTOR,true,false,false,1,0,0,13.395483009,13.395483009,1,0,0,13.395483009,13.395483009,0,1,1,18.950743370,18.950743370
P2PLAN_288646790bdeffd7,P2_f3d37fa831bda36c,blank_slate,PUBLIC,30,CORE_0600_2200,360,1320,960,IDEALISED_DAILY_YEAR,365,0.00,5316.193758482211,0.232953465913,Brivio,0.000000000000,4,643.000000000,5316.193758482211,0.232953465913,Brivio,0.000000000000,4,643.000000000,8.230676366,17.784780959,96134.299955,1,1,2,3,1,3,1,1,1.000000000,true,true,1,1.000000000,15.144803994,15.144803994,15.144803994,15.144803994,0,,0,,,,true,true,true,false,false,false,true,true,true,false,false,false,false,BASE_FREQUENT_30;BASE_UNRESTRICTED,true,false,false,true,"{""R2_a6dcf730feb71833c37c"":7}",30,30,263.381643712,96134.299955,96134.299955,-0.000000,9.485216511,1,1,2,0,32,"[0,2,5]",LEXICOGRAPHIC_ROUTE_UNWEIGHTED_S8_ROBUSTNESS_MARGIN5_THEN2_THEN0__THEN_MIN_EXACT_FLEET__THEN_KM__THEN_PHASE_VECTOR,true,false,false,0,1,1,5.700064356,5.700064356,0,1,1,15.144803994,15.144803994,0,1,1,15.144803994,15.144803994
P2PLAN_28b374c4b46870b0,P2_7b7c17b9b6f744d1,blank_slate,PUBLIC,30,S8_EXTENDED_0530_2400,330,1440,1110,IDEALISED_6_DAY_52_WEEK,312,0.00,6305.385784917445,0.276299461466,La Valletta Brianza,0.000000000000,6,490.000000000,6305.385784917445,0.276299461466,La Valletta Brianza,0.000000000000,6,490.000000000,9.602690845,17.462134604,110853.463115,1,1,2,2,2,2,1,0,0.000000000,false,false,1,0.000000000,,,,,0,,0,,,,true,true,true,false,false,false,true,true,true,false,false,false,false,BASE_FREQUENT_30;BASE_UNRESTRICTED,true,false,false,true,"{""R2_36c232385e1bd7bd7e34"":13}",30,30,355.299561265,110853.463115,110853.463115,-0.000000,10.768316339,1,1,2,0,37,"[0,2,5]",LEXICOGRAPHIC_ROUTE_UNWEIGHTED_S8_ROBUSTNESS_MARGIN5_THEN2_THEN0__THEN_MIN_EXACT_FLEET__THEN_KM__THEN_PHASE_VECTOR,true,false,false,0,1,1,15.306127172,15.306127172,0,1,1,15.306127172,15.306127172,0,1,1,20.861387533,20.861387533
P2PLAN_296e01dca19e5860,P2_4dc90710cb9ea40a,hybrid_interlined,PUBLIC,15,CORE_0600_2200,360,1320,960,IDEALISED_5_DAY_52_WEEK,260,0.00,4756.236167303790,0.208416350158,Brivio,0.000465712767,0,0.000000000,4756.236167303790,0.208416350158,Brivio,0.000465712767,0,0.000000000,5.697547748,12.969824297,94807.194527,2,3,3,1,1,1,2,2,1.000000000,true,true,2,1.000000000,10.369352441,11.497754539,11.497754539,13.146982622,0,,0,,,,true,true,true,false,false,false,true,true,true,false,false,false,false,BASE_FREQUENT_30;BASE_UNRESTRICTED,true,false,false,true,"{""R2_40023c3a09f861e4df2b"":7,""R2_89faf7404f5ba6502188"":12}",225,225,364.643055872,94807.194527,94807.194527,-0.000000,13.834479250,2,3,3,0,128,"[0,2,5]",LEXICOGRAPHIC_ROUTE_UNWEIGHTED_S8_ROBUSTNESS_MARGIN5_THEN2_THEN0__THEN_MIN_EXACT_FLEET__THEN_KM__THEN_PHASE_VECTOR,true,false,false,1,1,1,12.292606676,13.146982622,1,1,1,12.292606676,13.146982622,0,2,2,13.681421766,14.215860910
P2PLAN_2a15a2d3edbb6277,P2_c578b12e08508aa0,single_compact_loop,PUBLIC,30,CORE_0600_2200,360,1320,960,IDEALISED_6_DAY_52_WEEK,312,0.00,7358.874754254281,0.322462923119,Santa Maria Hoè,0.000000000000,6,447.000000000,7358.874754254281,0.322462923119,Santa Maria Hoè,0.000000000000,6,447.000000000,10.988723661,20.803091147,109711.417031,1,2,2,1,2,1,1,1,1.000000000,true,true,1,1.000000000,13.635648900,13.635648900,13.635648900,13.635648900,0,,0,,,,true,true,true,false,false,false,true,true,true,false,false,false,false,BASE_FREQUENT_30;BASE_UNRESTRICTED,true,false,false,true,"{""R2_5e2ba419b8ecfcf7ffe0"":7}",30,30,351.639157152,109711.417031,109711.417031,0.000000,11.094981945,1,2,2,0,32,"[0,2,5]",LEXICOGRAPHIC_ROUTE_UNWEIGHTED_S8_ROBUSTNESS_MARGIN5_THEN2_THEN0__THEN_MIN_EXACT_FLEET__THEN_KM__THEN_PHASE_VECTOR,true,false,false,0,1,1,13.635648900,13.635648900,0,1,1,13.635648900,13.635648900,0,1,1,13.635648900,13.635648900
P2PLAN_2a376a69af5c661d,P2_86684125781f6740,single_compact_loop,PUBLIC,30,CORE_0600_2200,360,1320,960,IDEALISED_DAILY_YEAR,365,0.00,5852.135042942792,0.256438196797,La Valletta Brianza,0.000000000000,6,490.000000000,5852.135042942792,0.256438196797,La Valletta Brianza,0.000000000000,6,490.000000000,8.341260739,14.652708534,97425.925432,1,1,1,1,2,1,1,1,1.000000000,true,true,1,1.000000000,16.710840207,16.710840207,16.710840207,16.710840207,0,,0,,,,true,true,true,false,false,false,true,true,true,false,false,false,false,BASE_FREQUENT_30;BASE_UNRESTRICTED,true,false,false,true,"{""R2_c9e7c074b0384c070a37"":7}",30,30,266.920343648,97425.925432,97425.925432,-0.000000,7.814777885,1,1,1,0,32,"[0,2,5]",LEXICOGRAPHIC_ROUTE_UNWEIGHTED_S8_ROBUSTNESS_MARGIN5_THEN2_THEN0__THEN_MIN_EXACT_FLEET__THEN_KM__THEN_PHASE_VECTOR,true,false,false,0,1,1,7.266100568,7.266100568,0,1,1,7.266100568,7.266100568,0,1,1,16.710840207,16.710840207
P2PLAN_2a4c82edc3b71688,P2_d7760ea126f32a9e,two_radial_out_and_back_feeders,PUBLIC,20,CORE_0600_2200,360,1320,960,IDEALISED_6_DAY_52_WEEK,312,0.00,4709.050820430065,0.206348707293,Brivio,0.000000000000,4,643.000000000,4709.050820430065,0.206348707293,Brivio,0.000000000000,4,643.000000000,7.031716757,15.318297745,105306.990153,2,2,3,1,1,1,2,2,1.000000000,true,true,2,1.000000000,10.054231613,10.916268824,12.768022278,13.202478159,0,,0,,,,true,true,true,false,false,false,true,true,true,false,false,false,false,BASE_FREQUENT_30;BASE_UNRESTRICTED,true,false,false,true,"{""R2_3fefc0a4235e6c4bfa00"":10,""R2_ab5110a74d88f6a5a5dd"":11}",400,400,337.522404336,105306.990153,105306.990153,-0.000000,12.254638196,2,2,3,0,96,"[0,2,5]",LEXICOGRAPHIC_ROUTE_UNWEIGHTED_S8_ROBUSTNESS_MARGIN5_THEN2_THEN0__THEN_MIN_EXACT_FLEET__THEN_KM__THEN_PHASE_VECTOR,true,false,false,0,2,2,12.941590747,13.145026208,0,2,2,14.515714021,15.886401833,0,2,2,15.402191738,15.886401833
P2PLAN_2c6232f76cdca4fe,P2_e81f744c00a077cf,blank_slate,PUBLIC,20,S8_EXTENDED_0530_2400,330,1440,1110,IDEALISED_DAILY_YEAR,365,0.00,5780.775206194420,0.253311237537,Brivio,0.000000000000,2,221.000000000,5780.775206194420,0.253311237537,Brivio,0.000000000000,2,221.000000000,4.941273246,10.529247876,100097.842781,1,2,2,1,2,1,1,0,0.000000000,false,false,1,0.000000000,,,,,0,,0,,,,true,true,true,false,false,false,true,true,true,false,false,false,false,BASE_FREQUENT_30;BASE_UNRESTRICTED,true,false,false,true,"{""R2_89ad250d7fb28bc4d750"":10}",20,20,276.711301776,100999.625148,100097.842781,901.782367,9.827298018,1,2,2,0,56,"[0,2,5]",LEXICOGRAPHIC_ROUTE_UNWEIGHTED_S8_ROBUSTNESS_MARGIN5_THEN2_THEN0__THEN_MIN_EXACT_FLEET__THEN_KM__THEN_PHASE_VECTOR,true,false,false,0,1,1,13.157992234,13.157992234,0,1,1,13.157992234,13.157992234,0,1,1,14.976077444,14.976077444
P2PLAN_2cebed4b1ff22cc0,P2_f90598a41d4d09f8,blank_slate,PUBLIC,30,S8_EXTENDED_0530_2400,330,1440,1110,IDEALISED_5_DAY_52_WEEK,260,0.00,5543.867920188278,0.242930055834,Santa Maria Hoè,0.063137253657,12,641.000000000,5543.867920188278,0.242930055834,Santa Maria Hoè,0.063137253657,12,641.000000000,10.991932586,17.855835190,105742.391477,1,1,2,1,2,1,1,0,0.000000000,false,false,1,0.000000000,,,,,0,,0,,,,true,true,true,false,false,false,true,true,true,false,false,false,false,BASE_FREQUENT_30;BASE_UNRESTRICTED,true,false,false,true,"{""R2_9765d34882cc4165f829"":13}",30,30,406.701505682,105742.391477,105742.391477,0.000000,11.011098367,1,1,2,0,37,"[0,2,5]",LEXICOGRAPHIC_ROUTE_UNWEIGHTED_S8_ROBUSTNESS_MARGIN5_THEN2_THEN0__THEN_MIN_EXACT_FLEET__THEN_KM__THEN_PHASE_VECTOR,true,false,false,0,1,1,15.109276879,15.109276879,0,1,1,15.109276879,15.109276879,0,1,1,20.664537240,20.664537240
P2PLAN_2d17d8ed09a067f3,P2_f3fb940d00e10b7a,interlined_figure8,PUBLIC,60,CORE_0600_2200,360,1320,960,IDEALISED_5_DAY_52_WEEK,260,0.00,7160.164051253965,0.313755500274,Brivio,0.000000000000,20,1362.000000000,7160.164051253965,0.313755500274,Brivio,0.000000000000,20,1362.000000000,26.638554176,50.528934804,110816.385372,2,2,2,5,1,5,2,2,1.000000000,true,true,2,1.000000000,17.520567311,20.289354235,20.289354235,26.965306950,0,,0,,,,true,true,false,false,false,false,true,true,true,false,false,false,false,BASE_UNRESTRICTED,true,false,false,true,"{""R2_9709d9b43ced9a82d911"":37,""R2_c5047e55806cf91866a9"":57}",3600,3600,426.216866816,110816.385372,110816.385372,0.000000,13.474382614,2,2,2,0,32,"[0,2,5]",LEXICOGRAPHIC_ROUTE_UNWEIGHTED_S8_ROBUSTNESS_MARGIN5_THEN2_THEN0__THEN_MIN_EXACT_FLEET__THEN_KM__THEN_PHASE_VECTOR,true,false,false,1,1,1,21.637790467,22.986226699,1,1,1,21.637790467,22.986226699,0,2,2,24.370620161,25.755013623
P2PLAN_2d301a44f0e468b2,P2_c578b12e08508aa0,single_compact_loop,PUBLIC,30,S8_EXTENDED_0530_2400,330,1440,1110,IDEALISED_5_DAY_52_WEEK,260,0.00,7358.874754254281,0.322462923119,Santa Maria Hoè,0.000000000000,6,447.000000000,7358.874754254281,0.322462923119,Santa Maria Hoè,0.000000000000,6,447.000000000,10.988723661,20.803091147,105711.521619,1,2,2,1,2,1,1,0,0.000000000,false,false,1,0.000000000,,,,,0,,0,,,,true,true,true,false,false,false,true,true,true,false,false,false,false,BASE_FREQUENT_30;BASE_UNRESTRICTED,true,false,false,true,"{""R2_5e2ba419b8ecfcf7ffe0"":10}",30,30,406.582775457,105711.521619,105711.521619,-0.000000,12.828572874,1,2,2,0,37,"[0,2,5]",LEXICOGRAPHIC_ROUTE_UNWEIGHTED_S8_ROBUSTNESS_MARGIN5_THEN2_THEN0__THEN_MIN_EXACT_FLEET__THEN_KM__THEN_PHASE_VECTOR,true,false,false,0,1,1,13.635648900,13.635648900,0,1,1,13.635648900,13.635648900,0,1,1,19.190909262,19.190909262
P2PLAN_2e37c6ec22b85ba2,P2_1781b136fd946d43,blank_slate,PUBLIC,60,S8_EXTENDED_0530_2400,330,1440,1110,IDEALISED_6_DAY_52_WEEK,312,0.00,5875.136747910650,0.257446122229,Santa Maria Hoè,0.063137253657,16,1234.000000000,5875.136747910650,0.257446122229,Santa Maria Hoè,0.063137253657,16,1234.000000000,15.030292923,24.080896213,86754.850752,1,1,1,1,3,1,1,1,1.000000000,true,true,1,1.000000000,19.496746367,19.496746367,25.052006729,25.052006729,0,,0,,,,true,true,false,false,false,false,true,true,true,false,false,false,false,BASE_UNRESTRICTED,true,false,false,true,"{""R2_5464385760a996896b1f"":56}",60,60,285.575565537,89099.576448,86754.850752,2344.725696,7.625617134,1,1,1,0,19,"[0,2,5]",LEXICOGRAPHIC_ROUTE_UNWEIGHTED_S8_ROBUSTNESS_MARGIN5_THEN2_THEN0__THEN_MIN_EXACT_FLEET__THEN_KM__THEN_PHASE_VECTOR,true,false,false,1,0,0,19.496746367,19.496746367,1,0,0,25.052006729,25.052006729,1,0,0,25.052006729,25.052006729
P2PLAN_2f26793a5ca20960,P2_2accba37a46653fb,single_compact_loop,PUBLIC,60,CORE_0600_2200,360,1320,960,IDEALISED_DAILY_YEAR,365,0.00,6031.026066968469,0.264277129304,Brivio,0.000000000000,9,956.000000000,6031.026066968469,0.264277129304,Brivio,0.000000000000,9,956.000000000,18.812433632,37.576627354,109864.612411,1,1,1,3,1,3,1,1,1.000000000,true,true,1,1.000000000,22.193620436,22.193620436,27.748880797,27.748880797,0,,0,,,,true,true,false,false,false,false,true,true,true,false,false,false,false,BASE_UNRESTRICTED,true,false,false,true,"{""R2_e084e317c96ecdb31020"":37}",60,60,300.998938112,109864.612411,109864.612411,-0.000000,10.020433961,1,1,1,0,16,"[0,2,5]",LEXICOGRAPHIC_ROUTE_UNWEIGHTED_S8_ROBUSTNESS_MARGIN5_THEN2_THEN0__THEN_MIN_EXACT_FLEET__THEN_KM__THEN_PHASE_VECTOR,true,false,false,0,1,1,18.214540185,18.214540185,0,1,1,18.214540185,18.214540185,0,1,1,18.214540185,18.214540185
P2PLAN_3034250503b87235,P2_2ad990d0f4719858,hybrid_interlined,PUBLIC,30,S8_EXTENDED_0530_2400,330,1440,1110,IDEALISED_DAILY_YEAR,365,0.00,4660.182595172781,0.204207321376,Brivio,0.013951238382,2,90.000000000,4660.182595172781,0.204207321376,Brivio,0.013951238382,2,90.000000000,7.667593481,16.224300767,103550.849961,1,2,2,1,1,1,2,0,0.000000000,false,false,2,0.000000000,,,,,0,,0,,,,true,true,true,false,false,false,true,true,true,false,false,false,false,BASE_FREQUENT_30;BASE_UNRESTRICTED,true,false,false,true,"{""R2_691d5061a0170b543a1b"":7,""R2_b622c0c9482a8b5ac700"":7}",900,900,283.700958797,103550.849961,103550.849961,-0.000000,10.004985473,2,2,2,0,74,"[0,2,5]",LEXICOGRAPHIC_ROUTE_UNWEIGHTED_S8_ROBUSTNESS_MARGIN5_THEN2_THEN0__THEN_MIN_EXACT_FLEET__THEN_KM__THEN_PHASE_VECTOR,true,false,false,0,2,2,10.536379644,10.969361674,0,2,2,10.536379644,10.969361674,0,2,2,10.536379644,10.969361674
P2PLAN_30af2bbd9022c1f9,P2_03ff199e84ca8ec7,two_independent_loops,PUBLIC,60,CORE_0600_2200,360,1320,960,IDEALISED_5_DAY_52_WEEK,260,0.00,7160.164051253965,0.313755500274,Brivio,0.000000000000,20,1362.000000000,7160.164051253965,0.313755500274,Brivio,0.000000000000,20,1362.000000000,26.638554176,50.528934804,110816.385372,2,2,2,5,1,5,2,2,1.000000000,true,true,2,1.000000000,17.520567311,20.289354235,20.289354235,26.965306950,0,,0,,,,true,true,false,false,false,false,true,true,true,false,false,false,false,BASE_UNRESTRICTED,true,false,false,true,"{""R2_9709d9b43ced9a82d911"":37,""R2_c5047e55806cf91866a9"":57}",3600,3600,426.216866816,110816.385372,110816.385372,0.000000,13.474382614,2,2,2,0,32,"[0,2,5]",LEXICOGRAPHIC_ROUTE_UNWEIGHTED_S8_ROBUSTNESS_MARGIN5_THEN2_THEN0__THEN_MIN_EXACT_FLEET__THEN_KM__THEN_PHASE_VECTOR,true,false,false,1,1,1,21.637790467,22.986226699,1,1,1,21.637790467,22.986226699,0,2,2,24.370620161,25.755013623
P2PLAN_30e1b0c90c44329c,P2_4bf5dfb6b345f7ce,blank_slate,PUBLIC,60,S8_EXTENDED_0530_2400,330,1440,1110,IDEALISED_6_DAY_52_WEEK,312,0.00,7194.264952676723,0.315249788018,La Valletta Brianza,0.074188964284,12,641.000000000,7194.264952676723,0.315249788018,La Valletta Brianza,0.074188964284,12,641.000000000,17.754377134,30.808168711,102478.264817,1,1,1,1,3,1,1,1,1.000000000,true,true,1,1.000000000,16.133110118,16.133110118,21.688370480,21.688370480,0,,0,,,,true,true,false,false,false,false,true,true,true,false,false,false,false,BASE_UNRESTRICTED,true,false,false,true,"{""R2_2b130131b2b9db31f6d7"":39}",60,60,337.333165546,105247.947650,102478.264817,2769.682833,9.755920092,1,1,1,0,19,"[0,2,5]",LEXICOGRAPHIC_ROUTE_UNWEIGHTED_S8_ROBUSTNESS_MARGIN5_THEN2_THEN0__THEN_MIN_EXACT_FLEET__THEN_KM__THEN_PHASE_VECTOR,true,false,false,1,0,0,21.688370480,21.688370480,1,0,0,21.688370480,21.688370480,1,0,0,21.688370480,21.688370480
P2PLAN_320e4927ec6c7851,P2_f0a0176cad91088e,blank_slate,PUBLIC,30,CORE_0600_2200,360,1320,960,IDEALISED_5_DAY_52_WEEK,260,0.00,7170.447870735303,0.314206133096,Brivio,0.000050341214,12,733.000000000,7170.447870735303,0.314206133096,Brivio,0.000050341214,12,733.000000000,13.341750246,24.790377776,111003.362047,1,2,2,1,3,1,1,1,1.000000000,true,true,1,1.000000000,11.642005586,11.642005586,11.642005586,11.642005586,0,,0,,,,true,true,true,false,false,false,true,true,true,false,false,false,false,BASE_FREQUENT_30;BASE_UNRESTRICTED,true,false,false,true,"{""R2_837c3ae88923898ea40c"":25}",30,30,426.936007872,111003.362047,111003.362047,-0.000000,13.221534814,1,2,2,0,32,"[0,2,5]",LEXICOGRAPHIC_ROUTE_UNWEIGHTED_S8_ROBUSTNESS_MARGIN5_THEN2_THEN0__THEN_MIN_EXACT_FLEET__THEN_KM__THEN_PHASE_VECTOR,true,false,false,1,0,0,11.642005586,11.642005586,0,1,1,17.197265947,17.197265947,0,1,1,17.197265947,17.197265947
P2PLAN_3272aa0339de2bad,P2_506f266b07b131de,hybrid_interlined,PUBLIC,20,S8_EXTENDED_0530_2400,330,1440,1110,IDEALISED_5_DAY_52_WEEK,260,0.00,4709.050820430065,0.206348707293,Brivio,0.000000000000,4,643.000000000,4709.050820430065,0.206348707293,Brivio,0.000000000000,4,643.000000000,7.031716757,15.318297745,101467.672804,2,2,3,1,1,1,2,0,0.000000000,false,false,2,0.000000000,,,,,0,,0,,,,true,true,true,false,false,false,true,true,true,false,false,false,false,BASE_FREQUENT_30;BASE_UNRESTRICTED,true,false,false,true,"{""R2_3fefc0a4235e6c4bfa00"":10,""R2_ab5110a74d88f6a5a5dd"":16}",400,400,393.776138392,102381.795982,101467.672804,914.123178,14.297077895,2,3,3,0,112,"[0,2,5]",LEXICOGRAPHIC_ROUTE_UNWEIGHTED_S8_ROBUSTNESS_MARGIN5_THEN2_THEN0__THEN_MIN_EXACT_FLEET__THEN_KM__THEN_PHASE_VECTOR,true,false,false,0,2,2,12.093041736,13.236146403,0,2,2,13.018918463,13.236146403,0,2,2,16.411126945,17.768022278
P2PLAN_32e9cd94f2b12ec9,P2_9501ca79c629d48b,interlined_figure8,PUBLIC,60,CORE_0600_2200,360,1320,960,IDEALISED_5_DAY_52_WEEK,260,0.00,7020.429200099898,0.307632375467,Santa Maria Hoè,0.000000000000,16,1367.000000000,7020.429200099898,0.307632375467,Santa Maria Hoè,0.000000000000,16,1367.000000000,26.376397400,51.024311338,109725.813184,2,2,2,6,0,6,2,2,1.000000000,true,true,2,1.000000000,25.719921722,26.842311556,25.719921722,26.842311556,0,,0,,,,true,true,false,false,false,false,true,true,true,false,false,false,false,BASE_UNRESTRICTED,true,false,false,true,"{""R2_5f46cc000b42d4b6248f"":37,""R2_ee13da0e6a2cac68a14e"":37}",3600,3600,422.022358400,109725.813184,109725.813184,0.000000,13.606483023,2,2,2,0,32,"[0,2,5]",LEXICOGRAPHIC_ROUTE_UNWEIGHTED_S8_ROBUSTNESS_MARGIN5_THEN2_THEN0__THEN_MIN_EXACT_FLEET__THEN_KM__THEN_PHASE_VECTOR,true,false,false,0,2,2,16.746776027,17.307970944,0,2,2,16.746776027,17.307970944,0,2,2,16.746776027,17.307970944
P2PLAN_3388615216040c67,P2_afaa79f7edc13d54,two_radial_out_and_back_feeders,PUBLIC,30,CORE_0600_2200,360,1320,960,IDEALISED_DAILY_YEAR,365,0.00,6401.095395636682,0.280493417998,Brivio,0.000000000000,6,447.000000000,6401.095395636682,0.280493417998,Brivio,0.000000000000,6,447.000000000,9.153170922,15.252931371,106909.036369,1,2,2,0,2,0,2,2,1.000000000,true,true,2,1.000000000,16.009255009,18.883407892,18.883407892,21.564515370,0,,0,,,,true,true,true,false,false,false,true,true,true,false,false,false,false,BASE_FREQUENT_30;BASE_UNRESTRICTED,true,false,false,true,"{""R2_3b073005c8535aa1bf3c"":7,""R2_ab5110a74d88f6a5a5dd"":7}",900,900,292.901469504,106909.036369,106909.036369,-0.000000,8.134896731,2,2,2,0,64,"[0,2,5]",LEXICOGRAPHIC_ROUTE_UNWEIGHTED_S8_ROBUSTNESS_MARGIN5_THEN2_THEN0__THEN_MIN_EXACT_FLEET__THEN_KM__THEN_PHASE_VECTOR,true,false,false,0,2,2,10.779221993,12.119775732,0,2,2,10.779221993,12.119775732,0,2,2,10.779221993,12.119775732
P2PLAN_3416530ef29c230c,P2_0c05fad94b4031ec,single_compact_loop,PUBLIC,60,S8_EXTENDED_0530_2400,330,1440,1110,IDEALISED_6_DAY_52_WEEK,312,0.00,7194.264952676723,0.315249788018,La Valletta Brianza,0.074188964284,12,641.000000000,7194.264952676723,0.315249788018,La Valletta Brianza,0.074188964284,12,641.000000000,17.754377134,30.808168711,102478.264817,1,1,1,1,3,1,1,1,1.000000000,true,true,1,1.000000000,16.133110118,16.133110118,21.688370480,21.688370480,0,,0,,,,true,true,false,false,false,false,true,true,true,false,false,false,false,BASE_UNRESTRICTED,true,false,false,true,"{""R2_2b130131b2b9db31f6d7"":39}",60,60,337.333165546,105247.947650,102478.264817,2769.682833,9.755920092,1,1,1,0,19,"[0,2,5]",LEXICOGRAPHIC_ROUTE_UNWEIGHTED_S8_ROBUSTNESS_MARGIN5_THEN2_THEN0__THEN_MIN_EXACT_FLEET__THEN_KM__THEN_PHASE_VECTOR,true,false,false,1,0,0,21.688370480,21.688370480,1,0,0,21.688370480,21.688370480,1,0,0,21.688370480,21.688370480
P2PLAN_344176c2f6cf0bd2,P2_fa603ab2af99a6aa,single_compact_loop,PUBLIC,20,S8_EXTENDED_0530_2400,330,1440,1110,IDEALISED_6_DAY_52_WEEK,312,0.00,4655.606163078575,0.204006783968,La Valletta Brianza,0.009189912991,0,0.000000000,4655.606163078575,0.204006783968,La Valletta Brianza,0.009189912991,0,0.000000000,5.660087272,13.352350807,98010.071202,1,2,2,1,1,1,1,0,0.000000000,false,false,1,0.000000000,,,,,0,,0,,,,true,true,true,false,false,false,true,true,true,false,false,false,false,BASE_FREQUENT_30;BASE_UNRESTRICTED,true,false,false,true,"{""R2_fc3196ae85a4ca6d0ece"":7}",20,20,311.304799960,97127.097588,98010.071202,-882.973614,12.239654906,1,2,2,0,55,"[0,2,5]",LEXICOGRAPHIC_ROUTE_UNWEIGHTED_S8_ROBUSTNESS_MARGIN5_THEN2_THEN0__THEN_MIN_EXACT_FLEET__THEN_KM__THEN_PHASE_VECTOR,true,false,false,0,1,1,11.712772524,11.712772524,0,1,1,11.712772524,11.712772524,0,1,1,15.416279432,15.416279432
P2PLAN_3697d737df234ffb,P2_ab922de5c6fa2869,blank_slate,PUBLIC,60,S8_EXTENDED_0530_2400,330,1440,1110,IDEALISED_6_DAY_52_WEEK,312,0.00,6004.310226213206,0.263106451939,Santa Maria Hoè,0.020638447805,12,753.000000000,6004.310226213206,0.263106451939,Santa Maria Hoè,0.020638447805,12,753.000000000,14.627516222,26.973909176,84430.023633,1,1,1,3,1,3,1,1,1.000000000,true,true,1,1.000000000,18.050239886,18.050239886,23.605500247,23.605500247,0,,0,,,,true,true,false,false,false,false,true,true,true,false,false,false,false,BASE_UNRESTRICTED,true,false,false,true,"{""R2_8c7957417e41db130216"":37}",60,60,277.922808218,86711.916164,84430.023633,2281.892531,8.541737906,1,1,1,0,19,"[0,2,5]",LEXICOGRAPHIC_ROUTE_UNWEIGHTED_S8_ROBUSTNESS_MARGIN5_THEN2_THEN0__THEN_MIN_EXACT_FLEET__THEN_KM__THEN_PHASE_VECTOR,true,false,false,1,0,0,23.605500247,23.605500247,1,0,0,23.605500247,23.605500247,1,0,0,23.605500247,23.605500247
P2PLAN_37c82466d64d4cf4,P2_3c616bcc9264a36e,blank_slate,PUBLIC,30,CORE_0600_2200,360,1320,960,IDEALISED_5_DAY_52_WEEK,260,0.00,7365.453463306638,0.322751199496,Brivio,0.000516053981,6,447.000000000,7365.453463306638,0.322751199496,Brivio,0.000516053981,6,447.000000000,13.366958038,26.100214198,111213.090876,2,2,2,2,2,2,1,1,1.000000000,true,true,1,1.000000000,10.987087375,10.987087375,10.987087375,10.987087375,0,,0,,,,true,true,true,false,false,false,true,true,true,false,false,false,false,BASE_FREQUENT_30;BASE_UNRESTRICTED,true,false,false,true,"{""R2_702a40c555c4cce0e721"":7}",30,30,427.742657216,111213.090876,111213.090876,0.000000,13.920114239,2,2,2,0,32,"[0,2,5]",LEXICOGRAPHIC_ROUTE_UNWEIGHTED_S8_ROBUSTNESS_MARGIN5_THEN2_THEN0__THEN_MIN_EXACT_FLEET__THEN_KM__THEN_PHASE_VECTOR,true,false,false,0,1,1,16.542347736,16.542347736,0,1,1,16.542347736,16.542347736,0,1,1,16.542347736,16.542347736
P2PLAN_381ab2b134432562,P2_fa603ab2af99a6aa,single_compact_loop,PUBLIC,15,CORE_0600_2200,360,1320,960,IDEALISED_5_DAY_52_WEEK,260,0.00,4655.606163078575,0.204006783968,La Valletta Brianza,0.009189912991,0,0.000000000,4655.606163078575,0.204006783968,La Valletta Brianza,0.009189912991,0,0.000000000,5.660087272,13.352350807,94183.852206,2,2,2,1,1,1,1,1,1.000000000,true,true,1,1.000000000,8.888649251,8.888649251,13.611019070,13.611019070,0,,0,,,,true,true,true,false,false,false,true,true,true,false,false,false,false,BASE_FREQUENT_30;BASE_UNRESTRICTED,true,false,false,true,"{""R2_fc3196ae85a4ca6d0ece"":7}",15,15,362.245585408,94183.852206,94183.852206,0.000000,14.242507527,2,2,2,0,64,"[0,2,5]",LEXICOGRAPHIC_ROUTE_UNWEIGHTED_S8_ROBUSTNESS_MARGIN5_THEN2_THEN0__THEN_MIN_EXACT_FLEET__THEN_KM__THEN_PHASE_VECTOR,true,false,false,0,1,1,11.606755622,11.606755622,0,1,1,11.606755622,11.606755622,0,1,1,11.606755622,11.606755622
P2PLAN_38812b11699fdff6,P2_a7143f626fa3e4c8,single_compact_loop,PUBLIC,15,S8_EXTENDED_0530_2400,330,1440,1110,IDEALISED_5_DAY_52_WEEK,260,0.00,5780.775206194420,0.253311237537,Brivio,0.000000000000,2,221.000000000,5780.775206194420,0.253311237537,Brivio,0.000000000000,2,221.000000000,4.941273246,10.529247876,95070.097253,2,2,2,1,2,1,1,0,0.000000000,false,false,1,0.000000000,,,,,0,,0,,,,true,true,true,false,false,false,true,true,true,false,false,false,false,BASE_FREQUENT_30;BASE_UNRESTRICTED,true,false,false,true,"{""R2_89ad250d7fb28bc4d750"":10}",15,15,365.654220204,95070.097253,95070.097253,0.000000,12.986072380,2,2,2,0,74,"[0,2,5]",LEXICOGRAPHIC_ROUTE_UNWEIGHTED_S8_ROBUSTNESS_MARGIN5_THEN2_THEN0__THEN_MIN_EXACT_FLEET__THEN_KM__THEN_PHASE_VECTOR,true,false,false,0,1,2,10.247919727,10.247919727,0,1,2,13.025549908,13.025549908,0,1,2,13.025549908,13.025549908
P2PLAN_38db537018dc5c6e,P2_52efec20a7f89f42,single_compact_loop,PUBLIC,60,S8_EXTENDED_0530_2400,330,1440,1110,IDEALISED_5_DAY_52_WEEK,260,0.00,7906.716608991273,0.346469132191,La Valletta Brianza,0.045773761307,20,1055.000000000,7906.716608991273,0.346469132191,La Valletta Brianza,0.045773761307,20,1055.000000000,21.622335348,40.036996938,104003.433024,1,1,1,1,3,1,1,1,1.000000000,true,true,1,1.000000000,17.073956366,17.073956366,17.073956366,17.073956366,0,,0,,,,true,true,false,false,false,false,true,true,true,false,false,false,false,BASE_UNRESTRICTED,true,false,false,true,"{""R2_f6e23d36c7ebe6e85edf"":37}",60,60,410.824371612,106814.336619,104003.433024,2810.903595,12.678382364,1,1,1,0,19,"[0,2,5]",LEXICOGRAPHIC_ROUTE_UNWEIGHTED_S8_ROBUSTNESS_MARGIN5_THEN2_THEN0__THEN_MIN_EXACT_FLEET__THEN_KM__THEN_PHASE_VECTOR,true,false,false,1,0,0,17.073956366,17.073956366,1,0,0,17.073956366,17.073956366,1,0,0,17.073956366,17.073956366
P2PLAN_394fa5ef462feff0,P2_cdb4110b6828b0d2,single_compact_loop,PUBLIC,30,S8_EXTENDED_0530_2400,330,1440,1110,IDEALISED_6_DAY_52_WEEK,312,0.00,5210.814946039765,0.228335808863,La Valletta Brianza,0.009189912991,2,221.000000000,5210.814946039765,0.228335808863,La Valletta Brianza,0.009189912991,2,221.000000000,9.568224446,20.051173406,110455.583005,1,2,2,2,1,2,1,0,0.000000000,false,false,1,0.000000000,,,,,0,,0,,,,true,true,true,false,false,false,true,true,true,false,false,false,false,BASE_FREQUENT_30;BASE_UNRESTRICTED,true,false,false,true,"{""R2_dc990da90a4964d2d4ce"":10}",30,30,354.024304502,110455.583005,110455.583005,-0.000000,12.364890267,1,2,2,0,37,"[0,2,5]",LEXICOGRAPHIC_ROUTE_UNWEIGHTED_S8_ROBUSTNESS_MARGIN5_THEN2_THEN0__THEN_MIN_EXACT_FLEET__THEN_KM__THEN_PHASE_VECTOR,true,false,false,0,1,1,14.011607771,14.011607771,0,1,1,14.011607771,14.011607771,0,1,1,19.566868132,19.566868132
P2PLAN_39cfe87a7dc447e0,P2_83df62ba410ac17c,two_radial_out_and_back_feeders,PUBLIC,20,CORE_0600_2200,360,1320,960,IDEALISED_6_DAY_52_WEEK,312,0.00,4756.236167303790,0.208416350158,Brivio,0.000465712767,0,0.000000000,4756.236167303790,0.208416350158,Brivio,0.000465712767,0,0.000000000,5.697547748,12.969824297,85326.475074,2,2,3,1,1,1,2,2,1.000000000,true,true,2,1.000000000,10.971105895,11.173631266,12.822859349,14.321877812,0,,0,,,,true,true,true,false,false,false,true,true,true,false,false,false,false,BASE_FREQUENT_30;BASE_UNRESTRICTED,true,false,false,true,"{""R2_40023c3a09f861e4df2b"":10,""R2_89faf7404f5ba6502188"":12}",400,400,273.482291904,85326.475074,85326.475074,0.000000,10.375859438,2,2,3,0,96,"[0,2,5]",LEXICOGRAPHIC_ROUTE_UNWEIGHTED_S8_ROBUSTNESS_MARGIN5_THEN2_THEN0__THEN_MIN_EXACT_FLEET__THEN_KM__THEN_PHASE_VECTOR,true,false,false,0,2,2,11.954585836,12.792992357,0,2,2,15.102832383,15.941238904,0,2,2,15.989310100,16.037381296
P2PLAN_39e022cd96f3ccba,P2_1781b136fd946d43,blank_slate,PUBLIC,60,S8_EXTENDED_0530_2400,330,1440,1110,IDEALISED_DAILY_YEAR,365,0.00,5875.136747910650,0.257446122229,Santa Maria Hoè,0.063137253657,16,1234.000000000,5875.136747910650,0.257446122229,Santa Maria Hoè,0.063137253657,16,1234.000000000,15.030292923,24.080896213,101492.052963,1,1,1,1,3,1,1,1,1.000000000,true,true,1,1.000000000,19.496746367,19.496746367,25.052006729,25.052006729,0,,0,,,,true,true,false,false,false,false,true,true,true,false,false,false,false,BASE_UNRESTRICTED,true,false,false,true,"{""R2_5464385760a996896b1f"":56}",60,60,285.575565537,104235.081421,101492.052963,2743.028458,7.625617134,1,1,1,0,19,"[0,2,5]",LEXICOGRAPHIC_ROUTE_UNWEIGHTED_S8_ROBUSTNESS_MARGIN5_THEN2_THEN0__THEN_MIN_EXACT_FLEET__THEN_KM__THEN_PHASE_VECTOR,true,false,false,1,0,0,19.496746367,19.496746367,1,0,0,25.052006729,25.052006729,1,0,0,25.052006729,25.052006729
P2PLAN_39ffe4b70286366b,P2_8de2d254f7c286e6,blank_slate,PUBLIC,30,S8_EXTENDED_0530_2400,330,1440,1110,IDEALISED_6_DAY_52_WEEK,312,0.00,5210.814946039765,0.228335808863,La Valletta Brianza,0.009189912991,2,221.000000000,5210.814946039765,0.228335808863,La Valletta Brianza,0.009189912991,2,221.000000000,9.568224446,20.051173406,110455.583005,1,2,2,2,1,2,1,0,0.000000000,false,false,1,0.000000000,,,,,0,,0,,,,true,true,true,false,false,false,true,true,true,false,false,false,false,BASE_FREQUENT_30;BASE_UNRESTRICTED,true,false,false,true,"{""R2_dc990da90a4964d2d4ce"":10}",30,30,354.024304502,110455.583005,110455.583005,-0.000000,12.364890267,1,2,2,0,37,"[0,2,5]",LEXICOGRAPHIC_ROUTE_UNWEIGHTED_S8_ROBUSTNESS_MARGIN5_THEN2_THEN0__THEN_MIN_EXACT_FLEET__THEN_KM__THEN_PHASE_VECTOR,true,false,false,0,1,1,14.011607771,14.011607771,0,1,1,14.011607771,14.011607771,0,1,1,19.566868132,19.566868132
P2PLAN_3b8e9ffbba770ca1,P2_b61ce8c56cf408f8,blank_slate,PUBLIC,60,CORE_0600_2200,360,1320,960,IDEALISED_DAILY_YEAR,365,0.00,7412.328417921913,0.324805241097,Calco,0.221840505440,12,567.000000000,7412.328417921913,0.324805241097,Calco,0.221840505440,12,567.000000000,18.024531308,32.269402439,105263.262839,1,1,1,1,3,1,1,1,1.000000000,true,true,1,1.000000000,24.847232893,24.847232893,24.847232893,24.847232893,0,,0,,,,true,true,false,false,false,false,true,true,true,false,false,false,false,BASE_UNRESTRICTED,true,false,false,true,"{""R2_1701c710edcd53eee167"":37}",60,60,288.392500928,105263.262839,105263.262839,-0.000000,8.605173984,1,1,1,0,16,"[0,2,5]",LEXICOGRAPHIC_ROUTE_UNWEIGHTED_S8_ROBUSTNESS_MARGIN5_THEN2_THEN0__THEN_MIN_EXACT_FLEET__THEN_KM__THEN_PHASE_VECTOR,true,false,false,0,1,1,20.868152642,20.868152642,0,1,1,20.868152642,20.868152642,0,1,1,20.868152642,20.868152642
P2PLAN_3c0f64a9fda3bed0,P2_5fe77a0644ecc691,interlined_figure8,PUBLIC,60,CORE_0600_2200,360,1320,960,IDEALISED_DAILY_YEAR,365,0.00,6896.570940818303,0.302204956510,Brivio,0.000000000000,16,787.000000000,6896.570940818303,0.302204956510,Brivio,0.000000000000,16,787.000000000,18.896748706,33.859030435,110357.012443,1,1,2,2,2,2,2,2,1.000000000,true,true,2,1.000000000,20.574810827,25.570062903,20.574810827,25.570062903,0,,0,,,,true,true,false,false,false,false,true,true,true,false,false,false,false,BASE_UNRESTRICTED,true,false,false,true,"{""R2_111bca1495da90b445bb"":59,""R2_8c12b57f15614f4ec362"":37}",3600,3600,302.347979296,110357.012443,110357.012443,0.000000,9.029074783,1,1,2,0,32,"[0,2,5]",LEXICOGRAPHIC_ROUTE_UNWEIGHTED_S8_ROBUSTNESS_MARGIN5_THEN2_THEN0__THEN_MIN_EXACT_FLEET__THEN_KM__THEN_PHASE_VECTOR,true,false,false,1,1,1,18.305266559,20.574810827,1,1,1,18.305266559,20.574810827,0,2,2,21.038096253,26.040470215
P2PLAN_3e13e6dc5146b2c6,P2_5f81356056df50eb,hybrid_interlined,PUBLIC,30,CORE_0600_2200,360,1320,960,IDEALISED_DAILY_YEAR,365,0.00,6401.095395636682,0.280493417998,Brivio,0.000000000000,6,447.000000000,6401.095395636682,0.280493417998,Brivio,0.000000000000,6,447.000000000,9.153170922,15.252931371,106909.036369,1,2,2,0,2,0,2,2,1.000000000,true,true,2,1.000000000,16.009255009,18.883407892,18.883407892,21.564515370,0,,0,,,,true,true,true,false,false,false,true,true,true,false,false,false,false,BASE_FREQUENT_30;BASE_UNRESTRICTED,true,false,false,true,"{""R2_3b073005c8535aa1bf3c"":7,""R2_ab5110a74d88f6a5a5dd"":7}",900,900,292.901469504,106909.036369,106909.036369,-0.000000,8.134896731,2,2,2,0,64,"[0,2,5]",LEXICOGRAPHIC_ROUTE_UNWEIGHTED_S8_ROBUSTNESS_MARGIN5_THEN2_THEN0__THEN_MIN_EXACT_FLEET__THEN_KM__THEN_PHASE_VECTOR,true,false,false,0,2,2,10.779221993,12.119775732,0,2,2,10.779221993,12.119775732,0,2,2,10.779221993,12.119775732
P2PLAN_3ec68e137b263ecf,P2_10a63201e522d629,blank_slate,PUBLIC,30,CORE_0600_2200,360,1320,960,IDEALISED_5_DAY_52_WEEK,260,0.00,6921.420673362992,0.303293861766,Brivio,0.013951238382,6,375.000000000,6921.420673362992,0.303293861766,Brivio,0.013951238382,6,375.000000000,11.628486655,27.570418184,96749.008970,2,2,2,3,1,3,1,1,1.000000000,true,true,1,1.000000000,10.251985382,10.251985382,19.696725021,19.696725021,0,,0,,,,true,true,true,false,false,false,true,true,true,false,false,false,false,BASE_FREQUENT_30;BASE_UNRESTRICTED,true,false,false,true,"{""R2_3a530ead46411707bc5f"":7}",30,30,372.111572960,96749.008970,96749.008970,-0.000000,14.704223031,2,2,2,0,32,"[0,2,5]",LEXICOGRAPHIC_ROUTE_UNWEIGHTED_S8_ROBUSTNESS_MARGIN5_THEN2_THEN0__THEN_MIN_EXACT_FLEET__THEN_KM__THEN_PHASE_VECTOR,true,false,false,0,1,1,15.807245743,15.807245743,0,1,1,15.807245743,15.807245743,0,1,1,15.807245743,15.807245743
P2PLAN_3f292cde48930271,P2_d3a8f22f24eccaaa,single_compact_loop,PUBLIC,15,S8_EXTENDED_0530_2400,330,1440,1110,IDEALISED_6_DAY_52_WEEK,312,0.00,4075.271893380709,0.178576770380,Brivio,0.000000000000,4,643.000000000,4075.271893380709,0.178576770380,Brivio,0.000000000000,4,643.000000000,4.515070185,7.726686335,104243.940431,1,2,2,1,1,1,1,0,0.000000000,false,false,1,0.000000000,,,,,0,,0,,,,true,true,true,false,false,false,true,true,true,false,false,false,false,BASE_FREQUENT_30;BASE_UNRESTRICTED,true,false,false,true,"{""R2_ce283b4cd4b20a5821a0"":12}",15,15,334.115193690,104243.940431,104243.940431,0.000000,9.529579813,1,2,2,0,74,"[0,2,5]",LEXICOGRAPHIC_ROUTE_UNWEIGHTED_S8_ROBUSTNESS_MARGIN5_THEN2_THEN0__THEN_MIN_EXACT_FLEET__THEN_KM__THEN_PHASE_VECTOR,true,false,false,0,1,2,11.649200497,11.649200497,0,1,2,11.649200497,11.649200497,0,1,2,14.426830678,14.426830678
P2PLAN_407cac5dbf6f5878,P2_9858dc3c94ecb6ac,single_compact_loop,PUBLIC,30,CORE_0600_2200,360,1320,960,IDEALISED_6_DAY_52_WEEK,312,0.00,4632.125246860367,0.202977859691,Brivio,0.000000000000,9,844.000000000,4632.125246860367,0.202977859691,Brivio,0.000000000000,9,844.000000000,8.217583299,13.280456005,82044.351657,1,1,1,1,2,1,1,1,1.000000000,true,true,1,1.000000000,17.396966471,17.396966471,17.396966471,17.396966471,0,,0,,,,true,true,true,false,false,false,true,true,true,false,false,false,false,BASE_FREQUENT_30;BASE_UNRESTRICTED,true,false,false,true,"{""R2_e641044e83a327ab5732"":7}",30,30,262.962665568,82044.351657,82044.351657,0.000000,7.082909869,1,1,1,0,32,"[0,2,5]",LEXICOGRAPHIC_ROUTE_UNWEIGHTED_S8_ROBUSTNESS_MARGIN5_THEN2_THEN0__THEN_MIN_EXACT_FLEET__THEN_KM__THEN_PHASE_VECTOR,true,false,false,0,1,1,7.952226833,7.952226833,0,1,1,7.952226833,7.952226833,0,1,1,7.952226833,7.952226833
P2PLAN_4110e2ab8d8fb53f,P2_56801c69e0786613,single_compact_loop,PUBLIC,30,CORE_0600_2200,360,1320,960,IDEALISED_DAILY_YEAR,365,0.00,5316.193758482211,0.232953465913,Brivio,0.000000000000,4,643.000000000,5316.193758482211,0.232953465913,Brivio,0.000000000000,4,643.000000000,8.230676366,17.784780959,96134.299955,1,1,2,3,1,3,1,1,1.000000000,true,true,1,1.000000000,15.144803994,15.144803994,15.144803994,15.144803994,0,,0,,,,true,true,true,false,false,false,true,true,true,false,false,false,false,BASE_FREQUENT_30;BASE_UNRESTRICTED,true,false,false,true,"{""R2_a6dcf730feb71833c37c"":7}",30,30,263.381643712,96134.299955,96134.299955,-0.000000,9.485216511,1,1,2,0,32,"[0,2,5]",LEXICOGRAPHIC_ROUTE_UNWEIGHTED_S8_ROBUSTNESS_MARGIN5_THEN2_THEN0__THEN_MIN_EXACT_FLEET__THEN_KM__THEN_PHASE_VECTOR,true,false,false,0,1,1,5.700064356,5.700064356,0,1,1,15.144803994,15.144803994,0,1,1,15.144803994,15.144803994
P2PLAN_419e6fd66e5554c2,P2_6d191d545b91e100,blank_slate,PUBLIC,20,CORE_0600_2200,360,1320,960,IDEALISED_5_DAY_52_WEEK,260,0.00,4299.809845931018,0.188415932881,La Valletta Brianza,0.009189912991,2,139.000000000,4299.809845931018,0.188415932881,La Valletta Brianza,0.009189912991,2,139.000000000,8.317417645,14.873568168,103801.372210,1,2,2,0,2,0,1,1,1.000000000,true,true,1,1.000000000,10.952163844,10.952163844,12.803917298,12.803917298,0,,0,,,,true,true,true,false,false,false,true,true,true,false,false,false,false,BASE_FREQUENT_30;BASE_UNRESTRICTED,true,false,false,true,"{""R2_5be11ea0fd5246053759"":13}",20,20,399.236046960,103801.372210,103801.372210,-0.000000,11.898854534,1,2,2,0,48,"[0,2,5]",LEXICOGRAPHIC_ROUTE_UNWEIGHTED_S8_ROBUSTNESS_MARGIN5_THEN2_THEN0__THEN_MIN_EXACT_FLEET__THEN_KM__THEN_PHASE_VECTOR,true,false,false,0,1,1,12.734651297,12.734651297,0,1,1,15.882897843,15.882897843,0,1,1,15.882897843,15.882897843
P2PLAN_4237a117a92c4e76,P2_506f266b07b131de,hybrid_interlined,PUBLIC,20,CORE_0600_2200,360,1320,960,IDEALISED_6_DAY_52_WEEK,312,0.00,4709.050820430065,0.206348707293,Brivio,0.000000000000,4,643.000000000,4709.050820430065,0.206348707293,Brivio,0.000000000000,4,643.000000000,7.031716757,15.318297745,105306.990153,2,2,3,1,1,1,2,2,1.000000000,true,true,2,1.000000000,10.054231613,10.916268824,12.768022278,13.202478159,0,,0,,,,true,true,true,false,false,false,true,true,true,false,false,false,false,BASE_FREQUENT_30;BASE_UNRESTRICTED,true,false,false,true,"{""R2_3fefc0a4235e6c4bfa00"":10,""R2_ab5110a74d88f6a5a5dd"":11}",400,400,337.522404336,105306.990153,105306.990153,-0.000000,12.254638196,2,2,3,0,96,"[0,2,5]",LEXICOGRAPHIC_ROUTE_UNWEIGHTED_S8_ROBUSTNESS_MARGIN5_THEN2_THEN0__THEN_MIN_EXACT_FLEET__THEN_KM__THEN_PHASE_VECTOR,true,false,false,0,2,2,12.941590747,13.145026208,0,2,2,14.515714021,15.886401833,0,2,2,15.402191738,15.886401833
P2PLAN_425e20c4485ed3fd,P2_5fe77a0644ecc691,interlined_figure8,PUBLIC,60,S8_EXTENDED_0530_2400,330,1440,1110,IDEALISED_6_DAY_52_WEEK,312,0.00,6896.570940818303,0.302204956510,Brivio,0.000000000000,16,787.000000000,6896.570940818303,0.302204956510,Brivio,0.000000000000,16,787.000000000,18.896748706,33.859030435,109072.033531,1,1,2,2,2,2,2,2,1.000000000,true,true,2,1.000000000,20.574810827,25.570062903,26.130071189,31.125323264,0,,0,,,,true,true,false,false,false,false,true,true,true,false,false,false,false,BASE_UNRESTRICTED,true,false,false,true,"{""R2_111bca1495da90b445bb"":39,""R2_8c12b57f15614f4ec362"":7}",3600,2700,352.224379310,109894.006345,109072.033531,821.972814,10.523121919,1,2,2,0,37,"[0,2,5]",LEXICOGRAPHIC_ROUTE_UNWEIGHTED_S8_ROBUSTNESS_MARGIN5_THEN2_THEN0__THEN_MIN_EXACT_FLEET__THEN_KM__THEN_PHASE_VECTOR,true,false,false,1,1,2,18.242924189,20.574810827,1,1,2,18.242924189,20.574810827,1,1,2,21.020554369,26.130071189
P2PLAN_427e172c1632b69c,P2_f310802c44431269,single_compact_loop,PUBLIC,20,CORE_0600_2200,360,1320,960,IDEALISED_6_DAY_52_WEEK,312,0.00,5772.349768608437,0.252942038261,La Valletta Brianza,0.000000000000,6,490.000000000,5772.349768608437,0.252942038261,La Valletta Brianza,0.000000000000,6,490.000000000,6.912512264,13.387755700,103521.783666,1,2,2,0,2,0,1,1,1.000000000,true,true,1,1.000000000,11.695070078,11.695070078,11.695070078,11.695070078,0,,0,,,,true,true,true,false,false,false,true,true,true,false,false,false,false,BASE_FREQUENT_30;BASE_UNRESTRICTED,true,false,false,true,"{""R2_39da8f97f04069524b98"":7}",20,20,331.800588672,103521.783666,103521.783666,-0.000000,10.710204560,1,2,2,0,48,"[0,2,5]",LEXICOGRAPHIC_ROUTE_UNWEIGHTED_S8_ROBUSTNESS_MARGIN5_THEN2_THEN0__THEN_MIN_EXACT_FLEET__THEN_KM__THEN_PHASE_VECTOR,true,false,false,0,1,1,11.637618127,11.637618127,0,1,1,11.637618127,11.637618127,0,1,1,15.322060998,15.322060998
P2PLAN_42eda1a6f9a06acb,P2_b3af627396fc68a3,two_independent_loops,PUBLIC,60,S8_EXTENDED_0530_2400,330,1440,1110,IDEALISED_5_DAY_52_WEEK,260,0.00,8508.593784613995,0.372843147226,La Valletta Brianza,0.011997838656,16,676.000000000,8508.593784613995,0.372843147226,La Valletta Brianza,0.011997838656,16,676.000000000,21.292352269,42.032262653,102416.214414,1,2,2,3,3,3,2,2,1.000000000,true,true,2,1.000000000,17.520567311,24.537690310,23.075827672,30.092950672,0,,0,,,,true,true,false,false,false,false,true,true,true,false,false,false,false,BASE_UNRESTRICTED,true,false,false,true,"{""R2_9709d9b43ced9a82d911"":37,""R2_b2032eeb31cba06561f0"":57}",3600,3600,404.554693111,105184.220209,102416.214414,2768.005795,13.310216507,2,2,2,0,38,"[0,2,5]",LEXICOGRAPHIC_ROUTE_UNWEIGHTED_S8_ROBUSTNESS_MARGIN5_THEN2_THEN0__THEN_MIN_EXACT_FLEET__THEN_KM__THEN_PHASE_VECTOR,true,false,false,2,0,0,23.806758991,24.537690310,2,0,0,23.806758991,24.537690310,2,0,0,26.584389172,30.092950672
P2PLAN_44296877a0e488df,P2_83df62ba410ac17c,two_radial_out_and_back_feeders,PUBLIC,15,S8_EXTENDED_0530_2400,330,1440,1110,IDEALISED_5_DAY_52_WEEK,260,0.00,4756.236167303790,0.208416350158,Brivio,0.000465712767,0,0.000000000,4756.236167303790,0.208416350158,Brivio,0.000465712767,0,0.000000000,5.697547748,12.969824297,109620.818672,2,3,3,1,1,1,2,0,0.000000000,false,false,2,0.000000000,,,,,0,,0,,,,true,true,true,false,false,false,true,true,true,false,false,false,false,BASE_FREQUENT_30;BASE_UNRESTRICTED,true,false,false,true,"{""R2_40023c3a09f861e4df2b"":1,""R2_89faf7404f5ba6502188"":7}",225,225,421.618533352,109620.818672,109620.818672,-0.000000,15.996116633,2,3,3,0,148,"[0,2,5]",LEXICOGRAPHIC_ROUTE_UNWEIGHTED_S8_ROBUSTNESS_MARGIN5_THEN2_THEN0__THEN_MIN_EXACT_FLEET__THEN_KM__THEN_PHASE_VECTOR,true,false,false,0,2,4,12.315252950,13.146982622,0,2,4,12.315252950,13.146982622,0,2,4,13.685043176,14.223103730
P2PLAN_4543223edb046c62,P2_ebeca863bc35c89f,single_compact_loop,PUBLIC,30,CORE_0600_2200,360,1320,960,IDEALISED_5_DAY_52_WEEK,260,0.00,6762.599299095536,0.296334373215,Calco,0.171996948300,12,567.000000000,6762.599299095536,0.296334373215,Calco,0.171996948300,12,567.000000000,13.129829148,23.634067955,109240.178511,1,2,2,0,3,0,1,1,1.000000000,true,true,1,1.000000000,12.220160496,12.220160496,12.220160496,12.220160496,0,,0,,,,true,true,true,false,false,false,true,true,true,false,false,false,false,BASE_FREQUENT_30;BASE_UNRESTRICTED,true,false,false,true,"{""R2_957e61a8530a0bbbd91a"":27}",30,30,420.154532736,109240.178511,109240.178511,0.000000,12.604836243,1,2,2,0,32,"[0,2,5]",LEXICOGRAPHIC_ROUTE_UNWEIGHTED_S8_ROBUSTNESS_MARGIN5_THEN2_THEN0__THEN_MIN_EXACT_FLEET__THEN_KM__THEN_PHASE_VECTOR,true,false,false,1,0,0,12.220160496,12.220160496,1,0,0,12.220160496,12.220160496,0,1,1,17.775420858,17.775420858
P2PLAN_459dac1ab082696a,P2_bab8ad99e3603982,hybrid_interlined,PUBLIC,30,CORE_0600_2200,360,1320,960,IDEALISED_DAILY_YEAR,365,0.00,4177.066916878051,0.183037387245,Brivio,0.010743097632,6,356.000000000,4177.066916878051,0.183037387245,Brivio,0.010743097632,6,356.000000000,8.948550217,15.298828660,104519.066535,1,2,2,1,1,1,2,2,1.000000000,true,true,2,1.000000000,14.858840951,20.010873305,20.010873305,20.414101312,0,,0,,,,true,true,true,false,false,false,true,true,true,false,false,false,false,BASE_FREQUENT_30;BASE_UNRESTRICTED,true,false,false,true,"{""R2_14b61a2a29e2081585d6"":7,""R2_691d5061a0170b543a1b"":7}",900,900,286.353606944,104519.066535,104519.066535,-0.000000,8.159375285,2,2,2,0,64,"[0,2,5]",LEXICOGRAPHIC_ROUTE_UNWEIGHTED_S8_ROBUSTNESS_MARGIN5_THEN2_THEN0__THEN_MIN_EXACT_FLEET__THEN_KM__THEN_PHASE_VECTOR,true,false,false,0,2,2,10.767747670,10.969361674,0,2,2,10.767747670,10.969361674,0,2,2,10.767747670,10.969361674
P2PLAN_46f3d8d3f3f99ff3,P2_06755a34f49f025f,single_compact_loop,PUBLIC,20,CORE_0600_2200,360,1320,960,IDEALISED_6_DAY_52_WEEK,312,0.00,4172.490484783842,0.182836849837,La Valletta Brianza,0.009189912991,2,221.000000000,4172.490484783842,0.182836849837,La Valletta Brianza,0.009189912991,2,221.000000000,6.720995939,11.195909750,100653.635182,1,2,2,1,1,1,1,1,1.000000000,true,true,1,1.000000000,12.790993053,12.790993053,12.790993053,12.790993053,0,,0,,,,true,true,true,false,false,false,true,true,true,false,false,false,false,BASE_FREQUENT_30;BASE_UNRESTRICTED,true,false,false,true,"{""R2_720949d9745b883ea795"":9}",20,20,322.607805072,100653.635182,100653.635182,0.000000,8.956727800,1,2,2,0,48,"[0,2,5]",LEXICOGRAPHIC_ROUTE_UNWEIGHTED_S8_ROBUSTNESS_MARGIN5_THEN2_THEN0__THEN_MIN_EXACT_FLEET__THEN_KM__THEN_PHASE_VECTOR,true,false,false,0,1,1,12.733541102,12.733541102,0,1,1,12.733541102,12.733541102,0,1,1,16.417983973,16.417983973
P2PLAN_479e0625cce2750a,P2_0c05fad94b4031ec,single_compact_loop,PUBLIC,60,CORE_0600_2200,360,1320,960,IDEALISED_DAILY_YEAR,365,0.00,7194.264952676723,0.315249788018,La Valletta Brianza,0.074188964284,12,641.000000000,7194.264952676723,0.315249788018,La Valletta Brianza,0.074188964284,12,641.000000000,17.754377134,30.808168711,103685.562463,1,1,1,1,3,1,1,1,1.000000000,true,true,1,1.000000000,16.133110118,16.133110118,25.577849757,25.577849757,0,,0,,,,true,true,false,false,false,false,true,true,true,false,false,false,false,BASE_UNRESTRICTED,true,false,false,true,"{""R2_2b130131b2b9db31f6d7"":37}",60,60,284.070034144,103685.562463,103685.562463,-0.000000,8.215511656,1,1,1,0,16,"[0,2,5]",LEXICOGRAPHIC_ROUTE_UNWEIGHTED_S8_ROBUSTNESS_MARGIN5_THEN2_THEN0__THEN_MIN_EXACT_FLEET__THEN_KM__THEN_PHASE_VECTOR,true,false,false,0,1,1,21.598769506,21.598769506,0,1,1,21.598769506,21.598769506,0,1,1,21.598769506,21.598769506
P2PLAN_488cf4389884481a,P2_6c3caf5188bf9271,blank_slate,PUBLIC,60,CORE_0600_2200,360,1320,960,IDEALISED_DAILY_YEAR,365,0.00,5112.979715535079,0.224048708529,Santa Maria Hoè,0.093473095134,12,753.000000000,5112.979715535079,0.224048708529,Santa Maria Hoè,0.093473095134,12,753.000000000,15.466441579,27.223062488,90324.018821,1,1,1,2,1,2,1,1,1.000000000,true,true,1,1.000000000,17.925663230,17.925663230,27.370402869,27.370402869,0,,0,,,,true,true,false,false,false,false,true,true,true,false,false,false,false,BASE_UNRESTRICTED,true,false,false,true,"{""R2_092aa5e78c63b74fa8dc"":37}",60,60,247.463065264,90324.018821,90324.018821,0.000000,7.259483330,1,1,1,0,16,"[0,2,5]",LEXICOGRAPHIC_ROUTE_UNWEIGHTED_S8_ROBUSTNESS_MARGIN5_THEN2_THEN0__THEN_MIN_EXACT_FLEET__THEN_KM__THEN_PHASE_VECTOR,true,false,false,0,1,1,23.391322618,23.391322618,0,1,1,23.391322618,23.391322618,0,1,1,23.391322618,23.391322618
P2PLAN_49027f5fccbe2799,P2_d3a8f22f24eccaaa,single_compact_loop,PUBLIC,15,CORE_0600_2200,360,1320,960,IDEALISED_DAILY_YEAR,365,0.00,4075.271893380709,0.178576770380,Brivio,0.000000000000,4,643.000000000,4075.271893380709,0.178576770380,Brivio,0.000000000000,4,643.000000000,4.515070185,7.726686335,105472.039522,1,2,2,1,1,1,1,1,1.000000000,true,true,1,1.000000000,8.923851306,8.923851306,11.701481487,11.701481487,0,,0,,,,true,true,true,false,false,false,true,true,true,false,false,false,false,BASE_FREQUENT_30;BASE_UNRESTRICTED,true,false,false,true,"{""R2_ce283b4cd4b20a5821a0"":12}",15,15,288.964491840,105472.039522,105472.039522,-0.000000,8.241798757,1,2,2,0,64,"[0,2,5]",LEXICOGRAPHIC_ROUTE_UNWEIGHTED_S8_ROBUSTNESS_MARGIN5_THEN2_THEN0__THEN_MIN_EXACT_FLEET__THEN_KM__THEN_PHASE_VECTOR,true,false,false,1,0,0,11.641957678,11.641957678,1,0,0,11.641957678,11.641957678,0,1,1,14.419587858,14.419587858
P2PLAN_49859d1dd37dfeb6,P2_a815c45bca43374b,blank_slate,PUBLIC,60,CORE_0600_2200,360,1320,960,IDEALISED_DAILY_YEAR,365,0.00,6635.842279344171,0.290779931744,Brivio,0.000465712767,12,733.000000000,6635.842279344171,0.290779931744,Brivio,0.000465712767,12,733.000000000,15.635046782,31.405155973,91308.673207,1,1,1,3,1,3,1,1,1.000000000,true,true,1,1.000000000,25.279356126,25.279356126,25.279356126,25.279356126,0,,0,,,,true,true,false,false,false,false,true,true,true,false,false,false,false,BASE_UNRESTRICTED,true,false,false,true,"{""R2_0c74cbb6c90ba91bf1bd"":47}",60,60,250.160748512,91308.673207,91308.673207,-0.000000,8.374708259,1,1,1,0,16,"[0,2,5]",LEXICOGRAPHIC_ROUTE_UNWEIGHTED_S8_ROBUSTNESS_MARGIN5_THEN2_THEN0__THEN_MIN_EXACT_FLEET__THEN_KM__THEN_PHASE_VECTOR,true,false,false,0,1,1,21.300275875,21.300275875,0,1,1,21.300275875,21.300275875,0,1,1,21.300275875,21.300275875
P2PLAN_49898974e64b1835,P2_4dc90710cb9ea40a,hybrid_interlined,PUBLIC,30,S8_EXTENDED_0530_2400,330,1440,1110,IDEALISED_DAILY_YEAR,365,0.00,4756.236167303790,0.208416350158,Brivio,0.000465712767,0,0.000000000,4756.236167303790,0.208416350158,Brivio,0.000465712767,0,0.000000000,5.697547748,12.969824297,76945.382337,1,2,2,1,1,1,2,0,0.000000000,false,false,2,0.000000000,,,,,0,,0,,,,true,true,true,false,false,false,true,true,true,false,false,false,false,BASE_FREQUENT_30;BASE_UNRESTRICTED,true,false,false,true,"{""R2_40023c3a09f861e4df2b"":7,""R2_89faf7404f5ba6502188"":7}",900,900,210.809266676,76945.382337,76945.382337,-0.000000,7.998058316,2,2,2,0,74,"[0,2,5]",LEXICOGRAPHIC_ROUTE_UNWEIGHTED_S8_ROBUSTNESS_MARGIN5_THEN2_THEN0__THEN_MIN_EXACT_FLEET__THEN_KM__THEN_PHASE_VECTOR,true,false,false,0,2,2,11.349998761,12.174612802,0,2,2,11.349998761,12.174612802,0,2,2,11.349998761,12.174612802
P2PLAN_49d0e3407fbed768,P2_3105baa6d4550828,single_compact_loop,PUBLIC,30,CORE_0600_2200,360,1320,960,IDEALISED_DAILY_YEAR,365,0.00,5710.409074073803,0.250227822014,Santa Maria Hoè,0.063137253657,2,90.000000000,5710.409074073803,0.250227822014,Santa Maria Hoè,0.063137253657,2,90.000000000,8.809933330,19.424221353,102900.021294,1,1,2,1,3,1,1,1,1.000000000,true,true,1,1.000000000,14.325083797,14.325083797,14.325083797,14.325083797,0,,0,,,,true,true,true,false,false,false,true,true,true,false,false,false,false,BASE_FREQUENT_30;BASE_UNRESTRICTED,true,false,false,true,"{""R2_0e3b21bd0041fec416ba"":7}",30,30,281.917866560,102900.021294,102900.021294,0.000000,10.359584722,1,1,2,0,32,"[0,2,5]",LEXICOGRAPHIC_ROUTE_UNWEIGHTED_S8_ROBUSTNESS_MARGIN5_THEN2_THEN0__THEN_MIN_EXACT_FLEET__THEN_KM__THEN_PHASE_VECTOR,true,false,false,0,1,1,14.325083797,14.325083797,0,1,1,14.325083797,14.325083797,0,1,1,14.325083797,14.325083797
P2PLAN_4a3de8aecdb653f0,P2_630176384d80fc43,blank_slate,PUBLIC,60,CORE_0600_2200,360,1320,960,IDEALISED_DAILY_YEAR,365,0.00,8527.965081130689,0.373691989625,Santa Maria Hoè,0.000000000000,12,753.000000000,8527.965081130689,0.373691989625,Santa Maria Hoè,0.000000000000,12,753.000000000,18.917785893,34.560905428,110479.869615,1,1,1,1,3,1,1,1,1.000000000,true,true,1,1.000000000,23.701481399,23.701481399,29.256741760,29.256741760,0,,0,,,,true,true,false,false,false,false,true,true,true,false,false,false,false,BASE_UNRESTRICTED,true,false,false,true,"{""R2_7cc74030c04e0d37f453"":37}",60,60,302.684574288,110479.869615,110479.869615,0.000000,9.216241447,1,1,1,0,16,"[0,2,5]",LEXICOGRAPHIC_ROUTE_UNWEIGHTED_S8_ROBUSTNESS_MARGIN5_THEN2_THEN0__THEN_MIN_EXACT_FLEET__THEN_KM__THEN_PHASE_VECTOR,true,false,false,0,1,1,19.722401148,19.722401148,0,1,1,19.722401148,19.722401148,0,1,1,19.722401148,19.722401148
P2PLAN_4ab5f0a550e68e97,P2_edf8841736cce165,blank_slate,PUBLIC,60,CORE_0600_2200,360,1320,960,IDEALISED_DAILY_YEAR,365,0.00,8307.040811946410,0.364011177271,Calco,0.175453129957,12,567.000000000,8307.040811946410,0.364011177271,Calco,0.175453129957,12,567.000000000,15.710807811,31.306760484,91751.117616,1,1,1,1,3,1,1,1,1.000000000,true,true,1,1.000000000,25.328553871,25.328553871,25.328553871,25.328553871,0,,0,,,,true,true,false,false,false,false,true,true,true,false,false,false,false,BASE_UNRESTRICTED,true,false,false,true,"{""R2_9f54d35950504cf94579"":37}",60,60,251.372924976,91751.117616,91751.117616,0.000000,8.348469462,1,1,1,0,16,"[0,2,5]",LEXICOGRAPHIC_ROUTE_UNWEIGHTED_S8_ROBUSTNESS_MARGIN5_THEN2_THEN0__THEN_MIN_EXACT_FLEET__THEN_KM__THEN_PHASE_VECTOR,true,false,false,0,1,1,21.349473620,21.349473620,0,1,1,21.349473620,21.349473620,0,1,1,21.349473620,21.349473620
P2PLAN_4b8ce8c9cb3f6455,P2_0886d98058836122,single_compact_loop,PUBLIC,30,CORE_0600_2200,360,1320,960,IDEALISED_5_DAY_52_WEEK,260,0.00,6326.407867808635,0.277220640658,Santa Maria Hoè,0.000000000000,12,753.000000000,6326.407867808635,0.277220640658,Santa Maria Hoè,0.000000000000,12,753.000000000,11.858439193,20.579783049,98662.214086,1,2,2,2,2,2,1,1,1.000000000,true,true,1,1.000000000,13.747302949,13.747302949,13.747302949,13.747302949,0,,0,,,,true,true,true,false,false,false,true,true,true,false,false,false,false,BASE_FREQUENT_30;BASE_UNRESTRICTED,true,false,false,true,"{""R2_66178834b287021b850c"":7}",30,30,379.470054176,98662.214086,98662.214086,-0.000000,10.975884293,1,2,2,0,32,"[0,2,5]",LEXICOGRAPHIC_ROUTE_UNWEIGHTED_S8_ROBUSTNESS_MARGIN5_THEN2_THEN0__THEN_MIN_EXACT_FLEET__THEN_KM__THEN_PHASE_VECTOR,true,false,false,0,1,1,13.747302949,13.747302949,0,1,1,13.747302949,13.747302949,0,1,1,13.747302949,13.747302949
P2PLAN_4caf4d10e73d7908,P2_6560a07ee7940940,single_compact_loop,PUBLIC,60,S8_EXTENDED_0530_2400,330,1440,1110,IDEALISED_DAILY_YEAR,365,0.00,5875.136747910650,0.257446122229,Santa Maria Hoè,0.063137253657,16,1234.000000000,5875.136747910650,0.257446122229,Santa Maria Hoè,0.063137253657,16,1234.000000000,15.030292923,24.080896213,101492.052963,1,1,1,1,3,1,1,1,1.000000000,true,true,1,1.000000000,19.496746367,19.496746367,25.052006729,25.052006729,0,,0,,,,true,true,false,false,false,false,true,true,true,false,false,false,false,BASE_UNRESTRICTED,true,false,false,true,"{""R2_5464385760a996896b1f"":56}",60,60,285.575565537,104235.081421,101492.052963,2743.028458,7.625617134,1,1,1,0,19,"[0,2,5]",LEXICOGRAPHIC_ROUTE_UNWEIGHTED_S8_ROBUSTNESS_MARGIN5_THEN2_THEN0__THEN_MIN_EXACT_FLEET__THEN_KM__THEN_PHASE_VECTOR,true,false,false,1,0,0,19.496746367,19.496746367,1,0,0,25.052006729,25.052006729,1,0,0,25.052006729,25.052006729
P2PLAN_4ce3ca63a06bf00b,P2_e9c8db434d1985dc,single_compact_loop,PUBLIC,60,CORE_0600_2200,360,1320,960,IDEALISED_6_DAY_52_WEEK,312,0.00,8307.040811946410,0.364011177271,Calco,0.175453129957,12,567.000000000,8307.040811946410,0.364011177271,Calco,0.175453129957,12,567.000000000,15.710807811,31.306760484,78428.352593,1,1,1,1,3,1,1,1,1.000000000,true,true,1,1.000000000,25.328553871,25.328553871,25.328553871,25.328553871,0,,0,,,,true,true,false,false,false,false,true,true,true,false,false,false,false,BASE_UNRESTRICTED,true,false,false,true,"{""R2_9f54d35950504cf94579"":37}",60,60,251.372924976,78428.352593,78428.352593,-0.000000,8.348469462,1,1,1,0,16,"[0,2,5]",LEXICOGRAPHIC_ROUTE_UNWEIGHTED_S8_ROBUSTNESS_MARGIN5_THEN2_THEN0__THEN_MIN_EXACT_FLEET__THEN_KM__THEN_PHASE_VECTOR,true,false,false,0,1,1,21.349473620,21.349473620,0,1,1,21.349473620,21.349473620,0,1,1,21.349473620,21.349473620
P2PLAN_4f72d5ccc4efc40b,P2_7e52b43e37276f9f,blank_slate,PUBLIC,30,CORE_0600_2200,360,1320,960,IDEALISED_6_DAY_52_WEEK,312,0.00,5913.681887785996,0.259135154709,Brivio,0.115619645938,2,134.000000000,5913.681887785996,0.259135154709,Brivio,0.115619645938,2,134.000000000,11.148038460,18.052178151,111302.015985,1,1,2,0,2,0,1,1,1.000000000,true,true,1,1.000000000,15.011105398,15.011105398,15.011105398,15.011105398,0,,0,,,,true,true,true,false,false,false,true,true,true,false,false,false,false,BASE_FREQUENT_30;BASE_UNRESTRICTED,true,false,false,true,"{""R2_5cc011a332ba476fd06f"":7}",30,30,356.737230720,111302.015985,111302.015985,-0.000000,9.627828347,1,1,2,0,32,"[0,2,5]",LEXICOGRAPHIC_ROUTE_UNWEIGHTED_S8_ROBUSTNESS_MARGIN5_THEN2_THEN0__THEN_MIN_EXACT_FLEET__THEN_KM__THEN_PHASE_VECTOR,true,false,false,0,1,1,5.566365760,5.566365760,0,1,1,15.011105398,15.011105398,0,1,1,15.011105398,15.011105398
P2PLAN_501aa34894eee2f1,P2_bfbb9d6c4188ab18,blank_slate,PUBLIC,60,S8_EXTENDED_0530_2400,330,1440,1110,IDEALISED_5_DAY_52_WEEK,260,0.00,6397.926106363451,0.280354541021,Santa Maria Hoè,0.093473095134,16,1367.000000000,6397.926106363451,0.280354541021,Santa Maria Hoè,0.093473095134,16,1367.000000000,21.614706925,41.714131016,103966.740309,1,1,1,3,1,3,1,1,1.000000000,true,true,1,1.000000000,16.235389327,16.235389327,16.235389327,16.235389327,0,,0,,,,true,true,false,false,false,false,true,true,true,false,false,false,false,BASE_UNRESTRICTED,true,false,false,true,"{""R2_0dfbad056e54a0bf0740"":37}",60,60,410.679431575,106776.652210,103966.740309,2809.911900,13.209474822,1,1,1,0,19,"[0,2,5]",LEXICOGRAPHIC_ROUTE_UNWEIGHTED_S8_ROBUSTNESS_MARGIN5_THEN2_THEN0__THEN_MIN_EXACT_FLEET__THEN_KM__THEN_PHASE_VECTOR,true,false,false,1,0,0,16.235389327,16.235389327,1,0,0,16.235389327,16.235389327,1,0,0,16.235389327,16.235389327
P2PLAN_5142ea9b2c55d8c0,P2_a400aa6f478c2783,blank_slate,PUBLIC,30,CORE_0600_2200,360,1320,960,IDEALISED_6_DAY_52_WEEK,312,0.00,6164.154851031466,0.270110778917,Brivio,0.000000000000,12,733.000000000,6164.154851031466,0.270110778917,Brivio,0.000000000000,12,733.000000000,10.792937690,19.590822342,107756.689897,1,1,2,1,2,1,1,1,1.000000000,true,true,1,1.000000000,14.241783303,14.241783303,14.241783303,14.241783303,0,,0,,,,true,true,true,false,false,false,true,true,true,false,false,false,false,BASE_FREQUENT_30;BASE_UNRESTRICTED,true,false,false,true,"{""R2_c5dce46458cb3b702f8a"":7}",30,30,345.374006080,107756.689897,107756.689897,-0.000000,10.448438582,1,1,2,0,32,"[0,2,5]",LEXICOGRAPHIC_ROUTE_UNWEIGHTED_S8_ROBUSTNESS_MARGIN5_THEN2_THEN0__THEN_MIN_EXACT_FLEET__THEN_KM__THEN_PHASE_VECTOR,true,false,false,0,1,1,14.241783303,14.241783303,0,1,1,14.241783303,14.241783303,0,1,1,14.241783303,14.241783303
P2PLAN_53c0e43f67ca2f3b,P2_56801c69e0786613,single_compact_loop,PUBLIC,30,S8_EXTENDED_0530_2400,330,1440,1110,IDEALISED_DAILY_YEAR,365,0.00,5316.193758482211,0.232953465913,Brivio,0.000000000000,4,643.000000000,5316.193758482211,0.232953465913,Brivio,0.000000000000,4,643.000000000,8.230676366,17.784780959,111155.284323,1,1,2,3,1,3,1,0,0.000000000,false,false,1,0.000000000,,,,,0,,0,,,,true,true,true,false,false,false,true,true,true,false,false,false,false,BASE_FREQUENT_30;BASE_UNRESTRICTED,true,false,false,true,"{""R2_a6dcf730feb71833c37c"":13}",30,30,304.535025542,111155.284323,111155.284323,-0.000000,10.967281591,1,1,2,0,37,"[0,2,5]",LEXICOGRAPHIC_ROUTE_UNWEIGHTED_S8_ROBUSTNESS_MARGIN5_THEN2_THEN0__THEN_MIN_EXACT_FLEET__THEN_KM__THEN_PHASE_VECTOR,true,false,false,0,1,1,15.144803994,15.144803994,0,1,1,15.144803994,15.144803994,0,1,1,20.700064356,20.700064356
P2PLAN_541baffd7f76dd02,P2_6b09ae16da7337f6,single_compact_loop,PUBLIC,60,S8_EXTENDED_0530_2400,330,1440,1110,IDEALISED_DAILY_YEAR,365,0.00,7042.632878492971,0.308605331697,Calco,0.221840505440,12,567.000000000,7042.632878492971,0.308605331697,Calco,0.221840505440,12,567.000000000,13.588962734,24.735988560,91759.470861,1,1,1,1,3,1,1,1,1.000000000,true,true,1,1.000000000,19.169200194,19.169200194,24.724460555,24.724460555,0,,0,,,,true,true,false,false,false,false,true,true,true,false,false,false,false,BASE_UNRESTRICTED,true,false,false,true,"{""R2_cf2ca93e0a3960be59ca"":37}",60,60,258.190291946,94239.456560,91759.470861,2479.985699,7.833063044,1,1,1,0,19,"[0,2,5]",LEXICOGRAPHIC_ROUTE_UNWEIGHTED_S8_ROBUSTNESS_MARGIN5_THEN2_THEN0__THEN_MIN_EXACT_FLEET__THEN_KM__THEN_PHASE_VECTOR,true,false,false,1,0,0,19.169200194,19.169200194,1,0,0,24.724460555,24.724460555,1,0,0,24.724460555,24.724460555
P2PLAN_54789cebec451191,P2_10e15fcbe232b848,hybrid_interlined,PUBLIC,20,CORE_0600_2200,360,1320,960,IDEALISED_5_DAY_52_WEEK,260,0.00,6003.375636003387,0.263065498573,Brivio,0.000465712767,2,134.000000000,6003.375636003387,0.263065498573,Brivio,0.000465712767,2,134.000000000,8.595042951,17.316067100,107266.136028,2,2,3,1,1,1,2,2,1.000000000,true,true,2,1.000000000,10.649737947,11.173631266,13.797984493,14.321877812,0,,0,,,,true,true,true,false,false,false,true,true,true,false,false,false,false,BASE_FREQUENT_30;BASE_UNRESTRICTED,true,false,false,true,"{""R2_89faf7404f5ba6502188"":12,""R2_fedae7e1b14941808593"":11}",400,400,412.562061648,107266.136028,107266.136028,0.000000,13.852853680,2,2,4,1,96,"[0,2,5]",LEXICOGRAPHIC_ROUTE_UNWEIGHTED_S8_ROBUSTNESS_MARGIN5_THEN2_THEN0__THEN_MIN_EXACT_FLEET__THEN_KM__THEN_PHASE_VECTOR,true,false,false,0,2,2,12.428355929,13.740532543,0,2,2,14.002479202,14.264425862,0,2,2,15.775434637,16.037381296
P2PLAN_54dd487389755c28,P2_db3234f0699115a2,blank_slate,PUBLIC,60,S8_EXTENDED_0530_2400,330,1440,1110,IDEALISED_6_DAY_52_WEEK,312,0.00,6031.026066968469,0.264277129304,Brivio,0.000000000000,9,956.000000000,6031.026066968469,0.264277129304,Brivio,0.000000000000,9,956.000000000,18.812433632,37.576627354,108585.366924,1,1,1,3,1,3,1,1,1.000000000,true,true,1,1.000000000,18.304141158,18.304141158,18.304141158,18.304141158,0,,0,,,,true,true,false,false,false,false,true,true,true,false,false,false,false,BASE_UNRESTRICTED,true,false,false,true,"{""R2_e084e317c96ecdb31020"":27}",60,30,338.623805376,105650.627277,108585.366924,-2934.739647,11.272988206,1,1,1,0,18,"[0,2,5]",LEXICOGRAPHIC_ROUTE_UNWEIGHTED_S8_ROBUSTNESS_MARGIN5_THEN2_THEN0__THEN_MIN_EXACT_FLEET__THEN_KM__THEN_PHASE_VECTOR,true,false,false,0,1,1,27.613955945,27.613955945,0,1,1,27.613955945,27.613955945,0,1,2,33.089855444,33.089855444
P2PLAN_55c2a93c39403055,P2_efb7898b0d4b89dc,blank_slate,PUBLIC,20,S8_EXTENDED_0530_2400,330,1440,1110,IDEALISED_6_DAY_52_WEEK,312,0.00,4256.982928783476,0.186539274648,La Valletta Brianza,0.000000000000,4,643.000000000,4256.982928783476,0.186539274648,La Valletta Brianza,0.000000000000,4,643.000000000,6.214775930,10.629073297,107615.060004,1,2,2,2,0,2,1,0,0.000000000,false,false,1,0.000000000,,,,,0,,0,,,,true,true,true,false,false,false,true,true,true,false,false,false,false,BASE_FREQUENT_30;BASE_UNRESTRICTED,true,false,false,true,"{""R2_ee975e5012ad1533d159"":10}",20,20,348.027452080,108584.565049,107615.060004,969.505045,9.920468411,1,2,2,0,56,"[0,2,5]",LEXICOGRAPHIC_ROUTE_UNWEIGHTED_S8_ROBUSTNESS_MARGIN5_THEN2_THEN0__THEN_MIN_EXACT_FLEET__THEN_KM__THEN_PHASE_VECTOR,true,false,false,0,1,1,13.108079524,13.108079524,0,1,1,13.108079524,13.108079524,0,1,1,14.926164733,14.926164733
P2PLAN_56111dfce332aa17,P2_0ce6c0bee21b6682,single_compact_loop,PUBLIC,30,CORE_0600_2200,360,1320,960,IDEALISED_DAILY_YEAR,365,0.00,6862.934486120582,0.300731020634,Brivio,0.000465712767,6,375.000000000,6862.934486120582,0.300731020634,Brivio,0.000465712767,6,375.000000000,9.418848321,19.611421438,110012.148389,1,1,2,1,2,1,1,1,1.000000000,true,true,1,1.000000000,14.231483755,14.231483755,14.231483755,14.231483755,0,,0,,,,true,true,true,false,false,false,true,true,true,false,false,false,false,BASE_FREQUENT_30;BASE_UNRESTRICTED,true,false,false,true,"{""R2_700cd5fc23e4fb3cdeab"":7}",30,30,301.403146272,110012.148389,110012.148389,0.000000,10.459424767,1,1,2,0,32,"[0,2,5]",LEXICOGRAPHIC_ROUTE_UNWEIGHTED_S8_ROBUSTNESS_MARGIN5_THEN2_THEN0__THEN_MIN_EXACT_FLEET__THEN_KM__THEN_PHASE_VECTOR,true,false,false,0,1,1,14.231483755,14.231483755,0,1,1,14.231483755,14.231483755,0,1,1,14.231483755,14.231483755
P2PLAN_57c55c2ee8e62768,P2_faa72fd539dead97,single_compact_loop,PUBLIC,30,CORE_0600_2200,360,1320,960,IDEALISED_6_DAY_52_WEEK,312,0.00,4003.593381650558,0.175435846911,Brivio,0.000000000000,9,956.000000000,4003.593381650558,0.175435846911,Brivio,0.000000000000,9,956.000000000,11.096084409,25.010318234,110783.306739,2,2,2,3,0,3,1,1,1.000000000,true,true,1,1.000000000,11.532035357,11.532035357,11.532035357,11.532035357,0,,0,,,,true,true,true,false,false,false,true,true,true,false,false,false,false,BASE_FREQUENT_30;BASE_UNRESTRICTED,true,false,false,true,"{""R2_f696dbc94741ef156326"":25}",30,30,355.074701088,110783.306739,110783.306739,0.000000,13.338836391,2,2,2,0,32,"[0,2,5]",LEXICOGRAPHIC_ROUTE_UNWEIGHTED_S8_ROBUSTNESS_MARGIN5_THEN2_THEN0__THEN_MIN_EXACT_FLEET__THEN_KM__THEN_PHASE_VECTOR,true,false,false,1,0,0,11.532035357,11.532035357,0,1,1,17.087295718,17.087295718,0,1,1,17.087295718,17.087295718
P2PLAN_589f0c1392b855f2,P2_ba0ab300ff403ecc,single_compact_loop,PUBLIC,30,CORE_0600_2200,360,1320,960,IDEALISED_5_DAY_52_WEEK,260,0.00,7810.057455802691,0.342233567091,Brivio,0.000000000000,6,375.000000000,7810.057455802691,0.342233567091,Brivio,0.000000000000,6,375.000000000,12.849661520,23.746748490,106909.183846,1,2,2,2,2,2,1,1,1.000000000,true,true,1,1.000000000,12.163820229,12.163820229,12.163820229,12.163820229,0,,0,,,,true,true,true,false,false,false,true,true,true,false,false,false,false,BASE_FREQUENT_30;BASE_UNRESTRICTED,true,false,false,true,"{""R2_6664a560483e79a6376a"":27}",30,30,411.189168640,106909.183846,106909.183846,0.000000,12.664932528,1,2,2,0,32,"[0,2,5]",LEXICOGRAPHIC_ROUTE_UNWEIGHTED_S8_ROBUSTNESS_MARGIN5_THEN2_THEN0__THEN_MIN_EXACT_FLEET__THEN_KM__THEN_PHASE_VECTOR,true,false,false,1,0,0,12.163820229,12.163820229,1,0,0,12.163820229,12.163820229,0,1,1,17.719080590,17.719080590
P2PLAN_591803c3e6239e41,P2_f6e18c4dbeab2fa4,blank_slate,PUBLIC,15,CORE_0600_2200,360,1320,960,IDEALISED_5_DAY_52_WEEK,260,0.00,6222.494896027242,0.272667216154,Brivio,0.000000000000,2,221.000000000,6222.494896027242,0.272667216154,Brivio,0.000000000000,2,221.000000000,6.685665048,15.995613521,111249.466399,2,2,3,2,1,2,1,1,1.000000000,true,true,1,1.000000000,7.567017894,7.567017894,12.289387713,12.289387713,0,,0,,,,true,true,true,false,false,false,true,true,true,false,false,false,false,BASE_FREQUENT_30;BASE_UNRESTRICTED,true,false,false,true,"{""R2_b11abbef6086e5279f0b"":1}",15,15,427.882563072,111249.466399,111249.466399,-0.000000,17.061987756,2,2,3,0,64,"[0,2,5]",LEXICOGRAPHIC_ROUTE_UNWEIGHTED_S8_ROBUSTNESS_MARGIN5_THEN2_THEN0__THEN_MIN_EXACT_FLEET__THEN_KM__THEN_PHASE_VECTOR,true,false,false,0,1,1,12.273953272,12.273953272,0,1,1,15.007494085,15.007494085,0,1,1,15.007494085,15.007494085
P2PLAN_598b9f8331405b3d,P2_25a64830e5a70b2d,two_radial_out_and_back_feeders,PUBLIC,20,S8_EXTENDED_0530_2400,330,1440,1110,IDEALISED_5_DAY_52_WEEK,260,0.00,4660.182595172781,0.204207321376,Brivio,0.013951238382,2,90.000000000,4660.182595172781,0.204207321376,Brivio,0.013951238382,2,90.000000000,7.667593481,16.224300767,110643.373931,2,2,3,1,1,1,2,0,0.000000000,false,false,2,0.000000000,,,,,0,,0,,,,true,true,true,false,false,false,true,true,true,false,false,false,false,BASE_FREQUENT_30;BASE_UNRESTRICTED,true,false,false,true,"{""R2_691d5061a0170b543a1b"":0,""R2_b622c0c9482a8b5ac700"":12}",400,300,425.062169050,110516.163953,110643.373931,-127.209978,15.021910944,2,2,3,0,111,"[0,2,5]",LEXICOGRAPHIC_ROUTE_UNWEIGHTED_S8_ROBUSTNESS_MARGIN5_THEN2_THEN0__THEN_MIN_EXACT_FLEET__THEN_KM__THEN_PHASE_VECTOR,true,false,false,0,2,3,12.745883146,14.706453888,0,2,3,14.320006419,14.706453888,0,2,3,15.229049024,15.751644160
P2PLAN_5acbb2a3cc4a171f,P2_e44431d84b3c6317,blank_slate,PUBLIC,30,S8_EXTENDED_0530_2400,330,1440,1110,IDEALISED_6_DAY_52_WEEK,312,0.00,7274.419734999882,0.318762138245,Brivio,0.000000000000,6,375.000000000,7274.419734999882,0.318762138245,Brivio,0.000000000000,6,375.000000000,9.625141772,18.425366717,111112.636616,1,1,2,1,2,1,1,0,0.000000000,false,false,1,0.000000000,,,,,0,,0,,,,true,true,true,false,false,false,true,true,true,false,false,false,false,BASE_FREQUENT_30;BASE_UNRESTRICTED,true,false,false,true,"{""R2_527288526c67dea072ec"":12}",30,30,356.130245564,111112.636616,111112.636616,-0.000000,11.362309475,1,1,2,0,37,"[0,2,5]",LEXICOGRAPHIC_ROUTE_UNWEIGHTED_S8_ROBUSTNESS_MARGIN5_THEN2_THEN0__THEN_MIN_EXACT_FLEET__THEN_KM__THEN_PHASE_VECTOR,true,false,false,0,1,1,14.824511115,14.824511115,0,1,1,14.824511115,14.824511115,0,1,1,20.379771477,20.379771477
P2PLAN_5b0f2f8e04126ba2,P2_809c8de22802b017,single_compact_loop,PUBLIC,60,CORE_0600_2200,360,1320,960,IDEALISED_6_DAY_52_WEEK,312,0.00,7412.328417921913,0.324805241097,Calco,0.221840505440,12,567.000000000,7412.328417921913,0.324805241097,Calco,0.221840505440,12,567.000000000,18.024531308,32.269402439,89978.460290,1,1,1,1,3,1,1,1,1.000000000,true,true,1,1.000000000,24.847232893,24.847232893,24.847232893,24.847232893,0,,0,,,,true,true,false,false,false,false,true,true,true,false,false,false,false,BASE_UNRESTRICTED,true,false,false,true,"{""R2_1701c710edcd53eee167"":37}",60,60,288.392500928,89978.460290,89978.460290,-0.000000,8.605173984,1,1,1,0,16,"[0,2,5]",LEXICOGRAPHIC_ROUTE_UNWEIGHTED_S8_ROBUSTNESS_MARGIN5_THEN2_THEN0__THEN_MIN_EXACT_FLEET__THEN_KM__THEN_PHASE_VECTOR,true,false,false,0,1,1,20.868152642,20.868152642,0,1,1,20.868152642,20.868152642,0,1,1,20.868152642,20.868152642
P2PLAN_5beac0d5af2a56cd,P2_409affbfe1de6e1b,single_compact_loop,PUBLIC,30,S8_EXTENDED_0530_2400,330,1440,1110,IDEALISED_5_DAY_52_WEEK,260,0.00,5662.421568047417,0.248125028858,La Valletta Brianza,0.009189912991,6,490.000000000,5662.421568047417,0.248125028858,La Valletta Brianza,0.009189912991,6,490.000000000,11.227249945,20.087494841,108006.144471,1,2,2,0,3,0,1,0,0.000000000,false,false,1,0.000000000,,,,,0,,0,,,,true,true,true,false,false,false,true,true,true,false,false,false,false,BASE_FREQUENT_30;BASE_UNRESTRICTED,true,false,false,true,"{""R2_94ab087b34b6933ffe06"":10}",30,30,415.408247965,108006.144471,108006.144471,-0.000000,12.387288485,1,2,2,0,37,"[0,2,5]",LEXICOGRAPHIC_ROUTE_UNWEIGHTED_S8_ROBUSTNESS_MARGIN5_THEN2_THEN0__THEN_MIN_EXACT_FLEET__THEN_KM__THEN_PHASE_VECTOR,true,false,false,0,1,1,13.993447053,13.993447053,0,1,1,13.993447053,13.993447053,0,1,1,19.548707415,19.548707415
P2PLAN_5e40b78d68a95118,P2_0ce6c0bee21b6682,single_compact_loop,PUBLIC,30,S8_EXTENDED_0530_2400,330,1440,1110,IDEALISED_6_DAY_52_WEEK,312,0.00,6862.934486120582,0.300731020634,Brivio,0.000465712767,6,375.000000000,6862.934486120582,0.300731020634,Brivio,0.000465712767,6,375.000000000,9.418848321,19.611421438,108731.185018,1,1,2,1,2,1,1,0,0.000000000,false,false,1,0.000000000,,,,,0,,0,,,,true,true,true,false,false,false,true,true,true,false,false,false,false,BASE_FREQUENT_30;BASE_UNRESTRICTED,true,false,false,true,"{""R2_700cd5fc23e4fb3cdeab"":21}",30,30,348.497387877,108731.185018,108731.185018,-0.000000,12.093709887,1,1,2,0,37,"[0,2,5]",LEXICOGRAPHIC_ROUTE_UNWEIGHTED_S8_ROBUSTNESS_MARGIN5_THEN2_THEN0__THEN_MIN_EXACT_FLEET__THEN_KM__THEN_PHASE_VECTOR,true,false,false,0,1,1,19.786744116,19.786744116,0,1,1,19.786744116,19.786744116,0,1,1,19.786744116,19.786744116
P2PLAN_5e9e1a3c2dbd3141,P2_d3a8f22f24eccaaa,single_compact_loop,PUBLIC,20,S8_EXTENDED_0530_2400,330,1440,1110,IDEALISED_DAILY_YEAR,365,0.00,4075.271893380709,0.178576770380,Brivio,0.000000000000,4,643.000000000,4075.271893380709,0.178576770380,Brivio,0.000000000000,4,643.000000000,4.515070185,7.726686335,91464.034273,1,1,2,1,1,1,1,0,0.000000000,false,false,1,0.000000000,,,,,0,,0,,,,true,true,true,false,false,false,true,true,true,false,false,false,false,BASE_FREQUENT_30;BASE_UNRESTRICTED,true,false,false,true,"{""R2_ce283b4cd4b20a5821a0"":13}",20,20,252.843930360,92288.034581,91464.034273,824.000308,7.211573913,1,1,2,0,56,"[0,2,5]",LEXICOGRAPHIC_ROUTE_UNWEIGHTED_S8_ROBUSTNESS_MARGIN5_THEN2_THEN0__THEN_MIN_EXACT_FLEET__THEN_KM__THEN_PHASE_VECTOR,true,false,false,0,1,1,11.411026459,11.411026459,0,1,1,14.559273005,14.559273005,0,1,1,16.377358214,16.377358214
P2PLAN_5ecb261e1b20f958,P2_eba4d27bd73722ca,interlined_figure8,PUBLIC,60,CORE_0600_2200,360,1320,960,IDEALISED_5_DAY_52_WEEK,260,0.00,8038.724764428125,0.352253676309,Brivio,0.274051753101,20,1055.000000000,8038.724764428125,0.352253676309,Brivio,0.274051753101,20,1055.000000000,26.128625944,51.030923409,108695.083927,2,2,2,2,3,2,2,2,1.000000000,true,true,2,1.000000000,22.068294168,24.935372714,22.068294168,24.935372714,0,,0,,,,true,true,false,false,false,false,true,true,true,false,false,false,false,BASE_UNRESTRICTED,true,false,false,true,"{""R2_aa6c2d56707742b372cd"":37,""R2_c1c2b414d86488a77074"":37}",3600,3600,418.058015104,108695.083927,108695.083927,0.000000,13.608246242,2,2,2,0,32,"[0,2,5]",LEXICOGRAPHIC_ROUTE_UNWEIGHTED_S8_ROBUSTNESS_MARGIN5_THEN2_THEN0__THEN_MIN_EXACT_FLEET__THEN_KM__THEN_PHASE_VECTOR,true,false,false,0,2,2,16.745123009,20.956292463,0,2,2,21.467492829,21.978693194,0,2,2,21.467492829,21.978693194
P2PLAN_5f6476769480e933,P2_61cba0bd6db4e301,single_compact_loop,PUBLIC,60,CORE_0600_2200,360,1320,960,IDEALISED_DAILY_YEAR,365,0.00,6447.147469807760,0.282511401311,Santa Maria Hoè,0.007765537274,12,753.000000000,6447.147469807760,0.282511401311,Santa Maria Hoè,0.007765537274,12,753.000000000,18.397807254,34.489482811,107443.194363,1,1,1,1,3,1,1,1,1.000000000,true,true,1,1.000000000,23.737192707,23.737192707,29.292453068,29.292453068,0,,0,,,,true,true,false,false,false,false,true,true,true,false,false,false,false,BASE_UNRESTRICTED,true,false,false,true,"{""R2_4730892de76b4133c50e"":37}",60,60,294.364916064,107443.194363,107443.194363,0.000000,9.197195416,1,1,1,0,16,"[0,2,5]",LEXICOGRAPHIC_ROUTE_UNWEIGHTED_S8_ROBUSTNESS_MARGIN5_THEN2_THEN0__THEN_MIN_EXACT_FLEET__THEN_KM__THEN_PHASE_VECTOR,true,false,false,0,1,1,19.758112456,19.758112456,0,1,1,19.758112456,19.758112456,0,1,1,19.758112456,19.758112456
P2PLAN_606b9eca4fcbfa48,P2_b2b84af723f36722,blank_slate,PUBLIC,20,S8_EXTENDED_0530_2400,330,1440,1110,IDEALISED_6_DAY_52_WEEK,312,0.00,4938.876752505575,0.216419586923,Brivio,0.000000000000,6,356.000000000,4938.876752505575,0.216419586923,Brivio,0.000000000000,6,356.000000000,6.402083324,10.364712479,110858.474838,1,2,2,0,2,0,1,0,0.000000000,false,false,1,0.000000000,,,,,0,,0,,,,true,true,true,false,false,false,true,true,true,false,false,false,false,BASE_FREQUENT_30;BASE_UNRESTRICTED,true,false,false,true,"{""R2_39bacbd50eec4c1b1e98"":0}",20,10,352.114582820,109859.749840,110858.474838,-998.724998,9.500986439,1,2,2,0,55,"[0,2,5]",LEXICOGRAPHIC_ROUTE_UNWEIGHTED_S8_ROBUSTNESS_MARGIN5_THEN2_THEN0__THEN_MIN_EXACT_FLEET__THEN_KM__THEN_PHASE_VECTOR,true,false,false,0,1,2,13.147190810,13.147190810,0,1,2,13.147190810,13.147190810,0,1,2,14.965276019,14.965276019
P2PLAN_6073e4c9e0688a51,P2_74f1e7255aba252d,single_compact_loop,PUBLIC,60,S8_EXTENDED_0530_2400,330,1440,1110,IDEALISED_5_DAY_52_WEEK,260,0.00,7577.668568750701,0.332050379807,Brivio,0.165641587049,20,1055.000000000,7577.668568750701,0.332050379807,Brivio,0.165641587049,20,1055.000000000,22.336071182,36.748163686,107436.502385,1,1,1,1,3,1,1,1,1.000000000,true,true,1,1.000000000,18.718372992,18.718372992,18.718372992,18.718372992,0,,0,,,,true,true,false,false,false,false,true,true,true,false,false,false,false,BASE_UNRESTRICTED,true,false,false,true,"{""R2_003fb677922b3a103696"":37}",60,60,424.385352458,110340.191639,107436.502385,2903.689254,11.636918501,1,1,1,0,19,"[0,2,5]",LEXICOGRAPHIC_ROUTE_UNWEIGHTED_S8_ROBUSTNESS_MARGIN5_THEN2_THEN0__THEN_MIN_EXACT_FLEET__THEN_KM__THEN_PHASE_VECTOR,true,false,false,1,0,0,18.718372992,18.718372992,1,0,0,18.718372992,18.718372992,1,0,0,18.718372992,18.718372992
P2PLAN_619fabbb7ba4554a,P2_f3d37fa831bda36c,blank_slate,PUBLIC,30,S8_EXTENDED_0530_2400,330,1440,1110,IDEALISED_6_DAY_52_WEEK,312,0.00,5316.193758482211,0.232953465913,Brivio,0.000000000000,4,643.000000000,5316.193758482211,0.232953465913,Brivio,0.000000000000,4,643.000000000,8.230676366,17.784780959,95014.927969,1,1,2,3,1,3,1,0,0.000000000,false,false,1,0.000000000,,,,,0,,0,,,,true,true,true,false,false,false,true,true,true,false,false,false,false,BASE_FREQUENT_30;BASE_UNRESTRICTED,true,false,false,true,"{""R2_a6dcf730feb71833c37c"":13}",30,30,304.535025542,95014.927969,95014.927969,0.000000,10.967281591,1,1,2,0,37,"[0,2,5]",LEXICOGRAPHIC_ROUTE_UNWEIGHTED_S8_ROBUSTNESS_MARGIN5_THEN2_THEN0__THEN_MIN_EXACT_FLEET__THEN_KM__THEN_PHASE_VECTOR,true,false,false,0,1,1,15.144803994,15.144803994,0,1,1,15.144803994,15.144803994,0,1,1,20.700064356,20.700064356
P2PLAN_63386959d9ae4f9d,P2_9858dc3c94ecb6ac,single_compact_loop,PUBLIC,30,S8_EXTENDED_0530_2400,330,1440,1110,IDEALISED_5_DAY_52_WEEK,260,0.00,4632.125246860367,0.202977859691,Brivio,0.000000000000,9,844.000000000,4632.125246860367,0.202977859691,Brivio,0.000000000000,9,844.000000000,8.217583299,13.280456005,79053.151336,1,1,1,1,2,1,1,0,0.000000000,false,false,1,0.000000000,,,,,0,,0,,,,true,true,true,false,false,false,true,true,true,false,false,false,false,BASE_FREQUENT_30;BASE_UNRESTRICTED,true,false,false,true,"{""R2_e641044e83a327ab5732"":7}",30,30,304.050582063,79053.151336,79053.151336,0.000000,8.189614536,1,1,1,0,37,"[0,2,5]",LEXICOGRAPHIC_ROUTE_UNWEIGHTED_S8_ROBUSTNESS_MARGIN5_THEN2_THEN0__THEN_MIN_EXACT_FLEET__THEN_KM__THEN_PHASE_VECTOR,true,false,false,0,1,1,7.952226833,7.952226833,0,1,1,7.952226833,7.952226833,0,1,1,7.952226833,7.952226833
P2PLAN_6413395a517ecc8e,P2_22bb42ed0ff7cc88,blank_slate,PUBLIC,20,CORE_0600_2200,360,1320,960,IDEALISED_6_DAY_52_WEEK,312,0.00,5772.349768608437,0.252942038261,La Valletta Brianza,0.000000000000,6,490.000000000,5772.349768608437,0.252942038261,La Valletta Brianza,0.000000000000,6,490.000000000,6.912512264,13.387755700,103521.783666,1,2,2,0,2,0,1,1,1.000000000,true,true,1,1.000000000,11.695070078,11.695070078,11.695070078,11.695070078,0,,0,,,,true,true,true,false,false,false,true,true,true,false,false,false,false,BASE_FREQUENT_30;BASE_UNRESTRICTED,true,false,false,true,"{""R2_39da8f97f04069524b98"":7}",20,20,331.800588672,103521.783666,103521.783666,-0.000000,10.710204560,1,2,2,0,48,"[0,2,5]",LEXICOGRAPHIC_ROUTE_UNWEIGHTED_S8_ROBUSTNESS_MARGIN5_THEN2_THEN0__THEN_MIN_EXACT_FLEET__THEN_KM__THEN_PHASE_VECTOR,true,false,false,0,1,1,11.637618127,11.637618127,0,1,1,11.637618127,11.637618127,0,1,1,15.322060998,15.322060998
P2PLAN_641c5fea8bc26144,P2_8c2d9ff2242f8bd8,blank_slate,PUBLIC,30,CORE_0600_2200,360,1320,960,IDEALISED_6_DAY_52_WEEK,312,0.00,4003.593381650558,0.175435846911,Brivio,0.000000000000,9,956.000000000,4003.593381650558,0.175435846911,Brivio,0.000000000000,9,956.000000000,11.096084409,25.010318234,110783.306739,2,2,2,3,0,3,1,1,1.000000000,true,true,1,1.000000000,11.532035357,11.532035357,11.532035357,11.532035357,0,,0,,,,true,true,true,false,false,false,true,true,true,false,false,false,false,BASE_FREQUENT_30;BASE_UNRESTRICTED,true,false,false,true,"{""R2_f696dbc94741ef156326"":25}",30,30,355.074701088,110783.306739,110783.306739,0.000000,13.338836391,2,2,2,0,32,"[0,2,5]",LEXICOGRAPHIC_ROUTE_UNWEIGHTED_S8_ROBUSTNESS_MARGIN5_THEN2_THEN0__THEN_MIN_EXACT_FLEET__THEN_KM__THEN_PHASE_VECTOR,true,false,false,1,0,0,11.532035357,11.532035357,0,1,1,17.087295718,17.087295718,0,1,1,17.087295718,17.087295718
P2PLAN_64703aea90013c7c,P2_afaa79f7edc13d54,two_radial_out_and_back_feeders,PUBLIC,30,S8_EXTENDED_0530_2400,330,1440,1110,IDEALISED_6_DAY_52_WEEK,312,0.00,6401.095395636682,0.280493417998,Brivio,0.000000000000,6,447.000000000,6401.095395636682,0.280493417998,Brivio,0.000000000000,6,447.000000000,9.153170922,15.252931371,105664.205124,1,2,2,0,2,0,2,0,0.000000000,false,false,2,0.000000000,,,,,0,,0,,,,true,true,true,false,false,false,true,true,true,false,false,false,false,BASE_FREQUENT_30;BASE_UNRESTRICTED,true,false,false,true,"{""R2_3b073005c8535aa1bf3c"":7,""R2_ab5110a74d88f6a5a5dd"":7}",900,900,338.667324114,105664.205124,105664.205124,-0.000000,9.405974345,2,2,2,0,74,"[0,2,5]",LEXICOGRAPHIC_ROUTE_UNWEIGHTED_S8_ROBUSTNESS_MARGIN5_THEN2_THEN0__THEN_MIN_EXACT_FLEET__THEN_KM__THEN_PHASE_VECTOR,true,false,false,0,2,2,10.779221993,12.119775732,0,2,2,10.779221993,12.119775732,0,2,2,10.779221993,12.119775732
P2PLAN_648d254d50dafa91,P2_4dc90710cb9ea40a,hybrid_interlined,PUBLIC,20,S8_EXTENDED_0530_2400,330,1440,1110,IDEALISED_6_DAY_52_WEEK,312,0.00,4756.236167303790,0.208416350158,Brivio,0.000465712767,0,0.000000000,4756.236167303790,0.208416350158,Brivio,0.000465712767,0,0.000000000,5.697547748,12.969824297,98658.736804,2,2,3,1,1,1,2,0,0.000000000,false,false,2,0.000000000,,,,,0,,0,,,,true,true,true,false,false,false,true,true,true,false,false,false,false,BASE_FREQUENT_30;BASE_UNRESTRICTED,true,false,false,true,"{""R2_40023c3a09f861e4df2b"":16,""R2_89faf7404f5ba6502188"":12}",400,400,319.062673888,99547.554253,98658.736804,888.817449,12.105169344,2,2,3,0,112,"[0,2,5]",LEXICOGRAPHIC_ROUTE_UNWEIGHTED_S8_ROBUSTNESS_MARGIN5_THEN2_THEN0__THEN_MIN_EXACT_FLEET__THEN_KM__THEN_PHASE_VECTOR,true,false,false,0,2,2,11.106036825,11.207299511,0,2,2,13.606036825,14.355546057,0,2,2,16.998245307,17.822859349
P2PLAN_64b83af6b46b2c8a,P2_2bde95f90709470a,blank_slate,PUBLIC,60,S8_EXTENDED_0530_2400,330,1440,1110,IDEALISED_DAILY_YEAR,365,0.00,7694.557709182786,0.337172414787,La Valletta Brianza,0.000000000000,12,641.000000000,7694.557709182786,0.337172414787,La Valletta Brianza,0.000000000000,12,641.000000000,16.443253323,30.767332253,111033.068064,1,1,1,0,3,0,1,1,1.000000000,true,true,1,1.000000000,16.153528347,16.153528347,21.708788709,21.708788709,0,,0,,,,true,true,false,false,false,false,true,true,true,false,false,false,false,BASE_UNRESTRICTED,true,false,false,true,"{""R2_4b93287415adf4bc7045"":7}",60,30,295.978559814,108032.174332,111033.068064,-3000.893732,9.230199676,1,1,1,0,18,"[0,2,5]",LEXICOGRAPHIC_ROUTE_UNWEIGHTED_S8_ROBUSTNESS_MARGIN5_THEN2_THEN0__THEN_MIN_EXACT_FLEET__THEN_KM__THEN_PHASE_VECTOR,true,false,false,0,1,3,21.494502994,21.494502994,0,1,3,21.494502994,21.494502994,0,1,3,21.494502994,21.494502994
P2PLAN_6507814185e2a0ed,P2_e41dcca08b5401ae,two_radial_out_and_back_feeders,PUBLIC,20,CORE_0600_2200,360,1320,960,IDEALISED_5_DAY_52_WEEK,260,0.00,6003.375636003387,0.263065498573,Brivio,0.000465712767,2,134.000000000,6003.375636003387,0.263065498573,Brivio,0.000465712767,2,134.000000000,8.595042951,17.316067100,107266.136028,2,2,3,1,1,1,2,2,1.000000000,true,true,2,1.000000000,10.649737947,11.173631266,13.797984493,14.321877812,0,,0,,,,true,true,true,false,false,false,true,true,true,false,false,false,false,BASE_FREQUENT_30;BASE_UNRESTRICTED,true,false,false,true,"{""R2_89faf7404f5ba6502188"":12,""R2_fedae7e1b14941808593"":11}",400,400,412.562061648,107266.136028,107266.136028,0.000000,13.852853680,2,2,4,1,96,"[0,2,5]",LEXICOGRAPHIC_ROUTE_UNWEIGHTED_S8_ROBUSTNESS_MARGIN5_THEN2_THEN0__THEN_MIN_EXACT_FLEET__THEN_KM__THEN_PHASE_VECTOR,true,false,false,0,2,2,12.428355929,13.740532543,0,2,2,14.002479202,14.264425862,0,2,2,15.775434637,16.037381296
P2PLAN_6508ce433ac6d513,P2_39a9959520dd71f5,single_compact_loop,PUBLIC,20,S8_EXTENDED_0530_2400,330,1440,1110,IDEALISED_5_DAY_52_WEEK,260,0.00,4860.318769351302,0.212977207792,Brivio,0.000050341214,2,221.000000000,4860.318769351302,0.212977207792,Brivio,0.000050341214,2,221.000000000,7.022970275,12.364302371,101341.461068,1,2,2,1,2,1,1,0,0.000000000,false,false,1,0.000000000,,,,,0,,0,,,,true,true,true,false,false,false,true,true,true,false,false,false,false,BASE_FREQUENT_30;BASE_UNRESTRICTED,true,false,false,true,"{""R2_74ab36c37a99ef5a1c51"":8}",20,20,386.263365125,100428.474932,101341.461068,-912.986136,11.333943840,1,2,2,0,55,"[0,2,5]",LEXICOGRAPHIC_ROUTE_UNWEIGHTED_S8_ROBUSTNESS_MARGIN5_THEN2_THEN0__THEN_MIN_EXACT_FLEET__THEN_KM__THEN_PHASE_VECTOR,true,false,false,0,1,1,12.206796742,12.206796742,0,1,1,12.206796742,12.206796742,0,1,1,15.910303650,15.910303650
P2PLAN_655102ad1ba09ed2,P2_bc2ca552c84b42c9,blank_slate,PUBLIC,15,S8_EXTENDED_0530_2400,330,1440,1110,IDEALISED_6_DAY_52_WEEK,312,0.00,4075.271893380709,0.178576770380,Brivio,0.000000000000,4,643.000000000,4075.271893380709,0.178576770380,Brivio,0.000000000000,4,643.000000000,4.515070185,7.726686335,104243.940431,1,2,2,1,1,1,1,0,0.000000000,false,false,1,0.000000000,,,,,0,,0,,,,true,true,true,false,false,false,true,true,true,false,false,false,false,BASE_FREQUENT_30;BASE_UNRESTRICTED,true,false,false,true,"{""R2_ce283b4cd4b20a5821a0"":12}",15,15,334.115193690,104243.940431,104243.940431,0.000000,9.529579813,1,2,2,0,74,"[0,2,5]",LEXICOGRAPHIC_ROUTE_UNWEIGHTED_S8_ROBUSTNESS_MARGIN5_THEN2_THEN0__THEN_MIN_EXACT_FLEET__THEN_KM__THEN_PHASE_VECTOR,true,false,false,0,1,2,11.649200497,11.649200497,0,1,2,11.649200497,11.649200497,0,1,2,14.426830678,14.426830678
P2PLAN_6558b24032c04856,P2_3105baa6d4550828,single_compact_loop,PUBLIC,20,CORE_0600_2200,360,1320,960,IDEALISED_5_DAY_52_WEEK,260,0.00,5710.409074073803,0.250227822014,Santa Maria Hoè,0.063137253657,2,90.000000000,5710.409074073803,0.250227822014,Santa Maria Hoè,0.063137253657,2,90.000000000,8.809933330,19.424221353,109947.967958,2,2,2,1,3,1,1,1,1.000000000,true,true,1,1.000000000,10.528590705,10.528590705,13.676837251,13.676837251,0,,0,,,,true,true,true,false,false,false,true,true,true,false,false,false,false,BASE_FREQUENT_30;BASE_UNRESTRICTED,true,false,false,true,"{""R2_0e3b21bd0041fec416ba"":1}",20,20,422.876799840,109947.967958,109947.967958,0.000000,15.539377082,2,2,2,0,48,"[0,2,5]",LEXICOGRAPHIC_ROUTE_UNWEIGHTED_S8_ROBUSTNESS_MARGIN5_THEN2_THEN0__THEN_MIN_EXACT_FLEET__THEN_KM__THEN_PHASE_VECTOR,true,false,false,0,1,1,13.679119283,13.679119283,0,1,1,13.679119283,13.679119283,0,1,1,15.452074717,15.452074717
P2PLAN_6577419da931e528,P2_9b0e07f1e04fa248,single_compact_loop,PUBLIC,60,CORE_0600_2200,360,1320,960,IDEALISED_DAILY_YEAR,365,0.00,8527.965081130689,0.373691989625,Santa Maria Hoè,0.000000000000,12,753.000000000,8527.965081130689,0.373691989625,Santa Maria Hoè,0.000000000000,12,753.000000000,18.917785893,34.560905428,110479.869615,1,1,1,1,3,1,1,1,1.000000000,true,true,1,1.000000000,23.701481399,23.701481399,29.256741760,29.256741760,0,,0,,,,true,true,false,false,false,false,true,true,true,false,false,false,false,BASE_UNRESTRICTED,true,false,false,true,"{""R2_7cc74030c04e0d37f453"":37}",60,60,302.684574288,110479.869615,110479.869615,0.000000,9.216241447,1,1,1,0,16,"[0,2,5]",LEXICOGRAPHIC_ROUTE_UNWEIGHTED_S8_ROBUSTNESS_MARGIN5_THEN2_THEN0__THEN_MIN_EXACT_FLEET__THEN_KM__THEN_PHASE_VECTOR,true,false,false,0,1,1,19.722401148,19.722401148,0,1,1,19.722401148,19.722401148,0,1,1,19.722401148,19.722401148
P2PLAN_66f8ee0a6f4e6ba6,P2_22bb42ed0ff7cc88,blank_slate,PUBLIC,20,S8_EXTENDED_0530_2400,330,1440,1110,IDEALISED_5_DAY_52_WEEK,260,0.00,5772.349768608437,0.252942038261,La Valletta Brianza,0.000000000000,6,490.000000000,5772.349768608437,0.252942038261,La Valletta Brianza,0.000000000000,6,490.000000000,6.912512264,13.387755700,99747.551970,1,2,2,0,2,0,1,0,0.000000000,false,false,1,0.000000000,,,,,0,,0,,,,true,true,true,false,false,false,true,true,true,false,false,false,false,BASE_FREQUENT_30;BASE_UNRESTRICTED,true,false,false,true,"{""R2_39da8f97f04069524b98"":7}",20,20,380.188174520,98848.925375,99747.551970,-898.626595,12.272109392,1,2,2,0,55,"[0,2,5]",LEXICOGRAPHIC_ROUTE_UNWEIGHTED_S8_ROBUSTNESS_MARGIN5_THEN2_THEN0__THEN_MIN_EXACT_FLEET__THEN_KM__THEN_PHASE_VECTOR,true,false,false,0,1,1,11.695070078,11.695070078,0,1,1,11.695070078,11.695070078,0,1,1,15.398576985,15.398576985
P2PLAN_676dfce6d972e5da,P2_e9c8db434d1985dc,single_compact_loop,PUBLIC,60,S8_EXTENDED_0530_2400,330,1440,1110,IDEALISED_5_DAY_52_WEEK,260,0.00,8307.040811946410,0.364011177271,Calco,0.175453129957,12,567.000000000,8307.040811946410,0.364011177271,Calco,0.175453129957,12,567.000000000,15.710807811,31.306760484,75568.985571,1,1,1,1,3,1,1,1,1.000000000,true,true,1,1.000000000,21.439074593,21.439074593,21.439074593,21.439074593,0,,0,,,,true,true,false,false,false,false,true,true,true,false,false,false,false,BASE_UNRESTRICTED,true,false,false,true,"{""R2_9f54d35950504cf94579"":37}",60,60,298.505348409,77611.390586,75568.985571,2042.405015,9.913807487,1,1,1,0,19,"[0,2,5]",LEXICOGRAPHIC_ROUTE_UNWEIGHTED_S8_ROBUSTNESS_MARGIN5_THEN2_THEN0__THEN_MIN_EXACT_FLEET__THEN_KM__THEN_PHASE_VECTOR,true,false,false,1,0,0,21.439074593,21.439074593,1,0,0,21.439074593,21.439074593,1,0,0,21.439074593,21.439074593
P2PLAN_679e0df1dd1310ac,P2_f0a0176cad91088e,blank_slate,PUBLIC,60,S8_EXTENDED_0530_2400,330,1440,1110,IDEALISED_DAILY_YEAR,365,0.00,7170.447870735303,0.314206133096,Brivio,0.000050341214,12,733.000000000,7170.447870735303,0.314206133096,Brivio,0.000050341214,12,733.000000000,13.341750246,24.790377776,90090.168536,1,1,1,1,3,1,1,1,1.000000000,true,true,1,1.000000000,19.142005586,19.142005586,24.697265947,24.697265947,0,,0,,,,true,true,false,false,false,false,true,true,true,false,false,false,false,BASE_UNRESTRICTED,true,false,false,true,"{""R2_837c3ae88923898ea40c"":37}",60,60,253.493254674,92525.037956,90090.168536,2434.869420,7.850286296,1,1,1,0,19,"[0,2,5]",LEXICOGRAPHIC_ROUTE_UNWEIGHTED_S8_ROBUSTNESS_MARGIN5_THEN2_THEN0__THEN_MIN_EXACT_FLEET__THEN_KM__THEN_PHASE_VECTOR,true,false,false,1,0,0,19.142005586,19.142005586,1,0,0,24.697265947,24.697265947,1,0,0,24.697265947,24.697265947
P2PLAN_693338536dbdd998,P2_d7760ea126f32a9e,two_radial_out_and_back_feeders,PUBLIC,20,S8_EXTENDED_0530_2400,330,1440,1110,IDEALISED_5_DAY_52_WEEK,260,0.00,4709.050820430065,0.206348707293,Brivio,0.000000000000,4,643.000000000,4709.050820430065,0.206348707293,Brivio,0.000000000000,4,643.000000000,7.031716757,15.318297745,101467.672804,2,2,3,1,1,1,2,0,0.000000000,false,false,2,0.000000000,,,,,0,,0,,,,true,true,true,false,false,false,true,true,true,false,false,false,false,BASE_FREQUENT_30;BASE_UNRESTRICTED,true,false,false,true,"{""R2_3fefc0a4235e6c4bfa00"":10,""R2_ab5110a74d88f6a5a5dd"":16}",400,400,393.776138392,102381.795982,101467.672804,914.123178,14.297077895,2,3,3,0,112,"[0,2,5]",LEXICOGRAPHIC_ROUTE_UNWEIGHTED_S8_ROBUSTNESS_MARGIN5_THEN2_THEN0__THEN_MIN_EXACT_FLEET__THEN_KM__THEN_PHASE_VECTOR,true,false,false,0,2,2,12.093041736,13.236146403,0,2,2,13.018918463,13.236146403,0,2,2,16.411126945,17.768022278
P2PLAN_6a68bdeecf71e7ee,P2_05f8082fbcf36ac0,blank_slate,PUBLIC,30,CORE_0600_2200,360,1320,960,IDEALISED_5_DAY_52_WEEK,260,0.00,6969.088001764668,0.305382624867,Santa Maria Hoè,0.131607387804,6,310.000000000,6969.088001764668,0.305382624867,Santa Maria Hoè,0.131607387804,6,310.000000000,12.737427853,21.615741560,105975.399737,1,2,2,0,3,0,1,1,1.000000000,true,true,1,1.000000000,13.229323694,13.229323694,13.229323694,13.229323694,0,,0,,,,true,true,true,false,false,false,true,true,true,false,false,false,false,BASE_FREQUENT_30;BASE_UNRESTRICTED,true,false,false,true,"{""R2_c00de14167977d74b208"":10}",30,30,407.597691296,105975.399737,105975.399737,-0.000000,11.528395499,1,2,2,0,32,"[0,2,5]",LEXICOGRAPHIC_ROUTE_UNWEIGHTED_S8_ROBUSTNESS_MARGIN5_THEN2_THEN0__THEN_MIN_EXACT_FLEET__THEN_KM__THEN_PHASE_VECTOR,true,false,false,0,1,1,13.229323694,13.229323694,0,1,1,18.784584055,18.784584055,0,1,1,18.784584055,18.784584055
P2PLAN_6a8a8d976fc5ff4e,P2_b61ce8c56cf408f8,blank_slate,PUBLIC,60,S8_EXTENDED_0530_2400,330,1440,1110,IDEALISED_5_DAY_52_WEEK,260,0.00,7412.328417921913,0.324805241097,Calco,0.221840505440,12,567.000000000,7412.328417921913,0.324805241097,Calco,0.221840505440,12,567.000000000,18.024531308,32.269402439,86697.995591,1,1,1,1,3,1,1,1,1.000000000,true,true,1,1.000000000,20.957753616,20.957753616,20.957753616,20.957753616,0,,0,,,,true,true,false,false,false,false,true,true,true,false,false,false,false,BASE_UNRESTRICTED,true,false,false,true,"{""R2_1701c710edcd53eee167"":37}",60,60,342.466094852,89041.184662,86697.995591,2343.189071,10.218644106,1,1,1,0,19,"[0,2,5]",LEXICOGRAPHIC_ROUTE_UNWEIGHTED_S8_ROBUSTNESS_MARGIN5_THEN2_THEN0__THEN_MIN_EXACT_FLEET__THEN_KM__THEN_PHASE_VECTOR,true,false,false,1,0,0,20.957753616,20.957753616,1,0,0,20.957753616,20.957753616,1,0,0,20.957753616,20.957753616
P2PLAN_6d0b7a52310f7482,P2_63021da0e543c07d,interlined_figure8,PUBLIC,60,CORE_0600_2200,360,1320,960,IDEALISED_5_DAY_52_WEEK,260,0.00,6955.256102164508,0.304776516606,Brivio,0.015897834464,25,1735.000000000,6955.256102164508,0.304776516606,Brivio,0.015897834464,25,1735.000000000,25.802437911,51.284003390,107338.141710,2,2,2,4,2,4,2,2,1.000000000,true,true,2,1.000000000,17.945020384,19.487366868,19.487366868,27.389760023,0,,0,,,,true,true,false,false,false,false,true,true,true,false,false,false,false,BASE_UNRESTRICTED,true,false,false,true,"{""R2_02e779095e18cf5b3484"":37,""R2_23d58cd05658247380d7"":37}",3600,3600,412.839006576,107338.141710,107338.141710,-0.000000,13.675734237,2,2,2,0,32,"[0,2,5]",LEXICOGRAPHIC_ROUTE_UNWEIGHTED_S8_ROBUSTNESS_MARGIN5_THEN2_THEN0__THEN_MIN_EXACT_FLEET__THEN_KM__THEN_PHASE_VECTOR,true,false,false,0,2,2,21.404222834,23.410679772,0,2,2,24.181853014,24.953026256,0,2,2,24.181853014,24.953026256
P2PLAN_6dbe7616bb3e9151,P2_3058c75ede542cb2,single_compact_loop,PUBLIC,20,CORE_0600_2200,360,1320,960,IDEALISED_DAILY_YEAR,365,0.00,5782.991207416099,0.253408341817,La Valletta Brianza,0.000000000000,2,221.000000000,5782.991207416099,0.253408341817,La Valletta Brianza,0.000000000000,2,221.000000000,6.155031649,10.562667935,107836.154490,1,2,2,0,2,0,1,1,1.000000000,true,true,1,1.000000000,9.959367414,9.959367414,13.107613960,13.107613960,0,,0,,,,true,true,true,false,false,false,true,true,true,false,false,false,false,BASE_FREQUENT_30;BASE_UNRESTRICTED,true,false,false,true,"{""R2_6430b8f6d93aae646d8f"":10}",20,20,295.441519152,107836.154490,107836.154490,0.000000,8.450134348,1,2,2,0,48,"[0,2,5]",LEXICOGRAPHIC_ROUTE_UNWEIGHTED_S8_ROBUSTNESS_MARGIN5_THEN2_THEN0__THEN_MIN_EXACT_FLEET__THEN_KM__THEN_PHASE_VECTOR,true,false,false,0,1,1,13.050162010,13.050162010,0,1,1,13.050162010,13.050162010,0,1,1,14.823117444,14.823117444
P2PLAN_6e5d175a1a5d0ae1,P2_b6fae8db5eec6d5a,two_radial_out_and_back_feeders,PUBLIC,30,CORE_0600_2200,360,1320,960,IDEALISED_DAILY_YEAR,365,0.00,4177.066916878051,0.183037387245,Brivio,0.010743097632,6,356.000000000,4177.066916878051,0.183037387245,Brivio,0.010743097632,6,356.000000000,8.948550217,15.298828660,104519.066535,1,2,2,1,1,1,2,2,1.000000000,true,true,2,1.000000000,14.858840951,20.010873305,20.010873305,20.414101312,0,,0,,,,true,true,true,false,false,false,true,true,true,false,false,false,false,BASE_FREQUENT_30;BASE_UNRESTRICTED,true,false,false,true,"{""R2_14b61a2a29e2081585d6"":7,""R2_691d5061a0170b543a1b"":7}",900,900,286.353606944,104519.066535,104519.066535,-0.000000,8.159375285,2,2,2,0,64,"[0,2,5]",LEXICOGRAPHIC_ROUTE_UNWEIGHTED_S8_ROBUSTNESS_MARGIN5_THEN2_THEN0__THEN_MIN_EXACT_FLEET__THEN_KM__THEN_PHASE_VECTOR,true,false,false,0,2,2,10.767747670,10.969361674,0,2,2,10.767747670,10.969361674,0,2,2,10.767747670,10.969361674
P2PLAN_6e7f671f23048ba3,P2_809c8de22802b017,single_compact_loop,PUBLIC,60,S8_EXTENDED_0530_2400,330,1440,1110,IDEALISED_6_DAY_52_WEEK,312,0.00,7412.328417921913,0.324805241097,Calco,0.221840505440,12,567.000000000,7412.328417921913,0.324805241097,Calco,0.221840505440,12,567.000000000,18.024531308,32.269402439,104037.594710,1,1,1,1,3,1,1,1,1.000000000,true,true,1,1.000000000,20.957753616,20.957753616,20.957753616,20.957753616,0,,0,,,,true,true,false,false,false,false,true,true,true,false,false,false,false,BASE_UNRESTRICTED,true,false,false,true,"{""R2_1701c710edcd53eee167"":37}",60,60,342.466094852,106849.421594,104037.594710,2811.826884,10.218644106,1,1,1,0,19,"[0,2,5]",LEXICOGRAPHIC_ROUTE_UNWEIGHTED_S8_ROBUSTNESS_MARGIN5_THEN2_THEN0__THEN_MIN_EXACT_FLEET__THEN_KM__THEN_PHASE_VECTOR,true,false,false,1,0,0,20.957753616,20.957753616,1,0,0,20.957753616,20.957753616,1,0,0,20.957753616,20.957753616
P2PLAN_70d68153d2d22aea,P2_e44e1ad363b4503e,single_compact_loop,PUBLIC,30,CORE_0600_2200,360,1320,960,IDEALISED_DAILY_YEAR,365,0.00,5414.502334925392,0.237261308075,Brivio,0.013951238382,2,134.000000000,5414.502334925392,0.237261308075,Brivio,0.013951238382,2,134.000000000,9.131813685,19.679955595,106659.583841,1,1,2,2,1,2,1,1,1.000000000,true,true,1,1.000000000,14.197216676,14.197216676,14.197216676,14.197216676,0,,0,,,,true,true,true,false,false,false,true,true,true,false,false,false,false,BASE_FREQUENT_30;BASE_UNRESTRICTED,true,false,false,true,"{""R2_45cf7c9ce93ed782cd5f"":7}",30,30,292.218037920,106659.583841,106659.583841,-0.000000,10.495976317,1,1,2,0,32,"[0,2,5]",LEXICOGRAPHIC_ROUTE_UNWEIGHTED_S8_ROBUSTNESS_MARGIN5_THEN2_THEN0__THEN_MIN_EXACT_FLEET__THEN_KM__THEN_PHASE_VECTOR,true,false,false,0,1,1,14.197216676,14.197216676,0,1,1,14.197216676,14.197216676,0,1,1,14.197216676,14.197216676
P2PLAN_718ad0b8edf243a5,P2_ab922de5c6fa2869,blank_slate,PUBLIC,60,CORE_0600_2200,360,1320,960,IDEALISED_DAILY_YEAR,365,0.00,6004.310226213206,0.263106451939,Santa Maria Hoè,0.020638447805,12,753.000000000,6004.310226213206,0.263106451939,Santa Maria Hoè,0.020638447805,12,753.000000000,14.627516222,26.973909176,85424.694736,1,1,1,3,1,3,1,1,1.000000000,true,true,1,1.000000000,18.050239886,18.050239886,18.050239886,18.050239886,0,,0,,,,true,true,false,false,false,false,true,true,true,false,false,false,false,BASE_UNRESTRICTED,true,false,false,true,"{""R2_8c7957417e41db130216"":37}",60,60,234.040259552,85424.694736,85424.694736,0.000000,7.193042447,1,1,1,0,16,"[0,2,5]",LEXICOGRAPHIC_ROUTE_UNWEIGHTED_S8_ROBUSTNESS_MARGIN5_THEN2_THEN0__THEN_MIN_EXACT_FLEET__THEN_KM__THEN_PHASE_VECTOR,true,false,false,0,1,1,23.515899274,23.515899274,0,1,1,23.515899274,23.515899274,0,1,1,23.515899274,23.515899274
P2PLAN_728977d6425cbf0a,P2_f310802c44431269,single_compact_loop,PUBLIC,20,S8_EXTENDED_0530_2400,330,1440,1110,IDEALISED_5_DAY_52_WEEK,260,0.00,5772.349768608437,0.252942038261,La Valletta Brianza,0.000000000000,6,490.000000000,5772.349768608437,0.252942038261,La Valletta Brianza,0.000000000000,6,490.000000000,6.912512264,13.387755700,99747.551970,1,2,2,0,2,0,1,0,0.000000000,false,false,1,0.000000000,,,,,0,,0,,,,true,true,true,false,false,false,true,true,true,false,false,false,false,BASE_FREQUENT_30;BASE_UNRESTRICTED,true,false,false,true,"{""R2_39da8f97f04069524b98"":7}",20,20,380.188174520,98848.925375,99747.551970,-898.626595,12.272109392,1,2,2,0,55,"[0,2,5]",LEXICOGRAPHIC_ROUTE_UNWEIGHTED_S8_ROBUSTNESS_MARGIN5_THEN2_THEN0__THEN_MIN_EXACT_FLEET__THEN_KM__THEN_PHASE_VECTOR,true,false,false,0,1,1,11.695070078,11.695070078,0,1,1,11.695070078,11.695070078,0,1,1,15.398576985,15.398576985
P2PLAN_72dc98deae611e10,P2_bc2ca552c84b42c9,blank_slate,PUBLIC,15,CORE_0600_2200,360,1320,960,IDEALISED_6_DAY_52_WEEK,312,0.00,4075.271893380709,0.178576770380,Brivio,0.000000000000,4,643.000000000,4075.271893380709,0.178576770380,Brivio,0.000000000000,4,643.000000000,4.515070185,7.726686335,90156.921454,1,2,2,1,1,1,1,1,1.000000000,true,true,1,1.000000000,8.923851306,8.923851306,11.701481487,11.701481487,0,,0,,,,true,true,true,false,false,false,true,true,true,false,false,false,false,BASE_FREQUENT_30;BASE_UNRESTRICTED,true,false,false,true,"{""R2_ce283b4cd4b20a5821a0"":12}",15,15,288.964491840,90156.921454,90156.921454,0.000000,8.241798757,1,2,2,0,64,"[0,2,5]",LEXICOGRAPHIC_ROUTE_UNWEIGHTED_S8_ROBUSTNESS_MARGIN5_THEN2_THEN0__THEN_MIN_EXACT_FLEET__THEN_KM__THEN_PHASE_VECTOR,true,false,false,1,0,0,11.641957678,11.641957678,1,0,0,11.641957678,11.641957678,0,1,1,14.419587858,14.419587858
P2PLAN_73436257cf1ac923,P2_e81f744c00a077cf,blank_slate,PUBLIC,15,CORE_0600_2200,360,1320,960,IDEALISED_6_DAY_52_WEEK,312,0.00,5780.775206194420,0.253311237537,Brivio,0.000000000000,2,221.000000000,5780.775206194420,0.253311237537,Brivio,0.000000000000,2,221.000000000,4.941273246,10.529247876,98667.344176,2,2,2,1,2,1,1,1,1.000000000,true,true,1,1.000000000,10.300200717,10.300200717,10.300200717,10.300200717,0,,0,,,,true,true,true,false,false,false,true,true,true,false,false,false,false,BASE_FREQUENT_30;BASE_UNRESTRICTED,true,false,false,true,"{""R2_89ad250d7fb28bc4d750"":10}",15,15,316.241487744,98667.344176,98667.344176,0.000000,11.231197734,2,2,2,0,64,"[0,2,5]",LEXICOGRAPHIC_ROUTE_UNWEIGHTED_S8_ROBUSTNESS_MARGIN5_THEN2_THEN0__THEN_MIN_EXACT_FLEET__THEN_KM__THEN_PHASE_VECTOR,true,false,false,1,0,0,10.240676907,10.240676907,0,1,1,13.018307088,13.018307088,0,1,1,13.018307088,13.018307088
P2PLAN_745edab22d294840,P2_32c80edb4b3bb903,two_independent_loops,PUBLIC,60,S8_EXTENDED_0530_2400,330,1440,1110,IDEALISED_5_DAY_52_WEEK,260,0.00,7281.605121948203,0.319076999002,Brivio,0.220739738276,20,1055.000000000,7281.605121948203,0.319076999002,Brivio,0.220739738276,20,1055.000000000,21.221131329,40.619710871,102073.641692,1,2,2,2,3,2,2,2,1.000000000,true,true,2,1.000000000,19.487366868,23.277166644,25.042627230,28.832427005,0,,0,,,,true,true,false,false,false,false,true,true,true,false,false,false,false,BASE_UNRESTRICTED,true,false,false,true,"{""R2_16a97519523a8a680e75"":44,""R2_23d58cd05658247380d7"":37}",3600,3600,403.201495251,104832.388765,102073.641692,2758.747073,12.862908442,2,2,2,0,38,"[0,2,5]",LEXICOGRAPHIC_ROUTE_UNWEIGHTED_S8_ROBUSTNESS_MARGIN5_THEN2_THEN0__THEN_MIN_EXACT_FLEET__THEN_KM__THEN_PHASE_VECTOR,true,false,false,2,0,0,21.382266756,23.277166644,2,0,0,24.159896937,25.042627230,2,0,0,26.937527118,28.832427005
P2PLAN_76d35d943e221f90,P2_363e0de9666c8b71,single_compact_loop,PUBLIC,30,CORE_0600_2200,360,1320,960,IDEALISED_6_DAY_52_WEEK,312,0.00,5913.681887785996,0.259135154709,Brivio,0.115619645938,2,134.000000000,5913.681887785996,0.259135154709,Brivio,0.115619645938,2,134.000000000,11.148038460,18.052178151,111302.015985,1,1,2,0,2,0,1,1,1.000000000,true,true,1,1.000000000,15.011105398,15.011105398,15.011105398,15.011105398,0,,0,,,,true,true,true,false,false,false,true,true,true,false,false,false,false,BASE_FREQUENT_30;BASE_UNRESTRICTED,true,false,false,true,"{""R2_5cc011a332ba476fd06f"":7}",30,30,356.737230720,111302.015985,111302.015985,-0.000000,9.627828347,1,1,2,0,32,"[0,2,5]",LEXICOGRAPHIC_ROUTE_UNWEIGHTED_S8_ROBUSTNESS_MARGIN5_THEN2_THEN0__THEN_MIN_EXACT_FLEET__THEN_KM__THEN_PHASE_VECTOR,true,false,false,0,1,1,5.566365760,5.566365760,0,1,1,15.011105398,15.011105398,0,1,1,15.011105398,15.011105398
P2PLAN_7785bcb5c163b7bd,P2_0dad7306b7f24317,single_compact_loop,PUBLIC,15,CORE_0600_2200,360,1320,960,IDEALISED_5_DAY_52_WEEK,260,0.00,4938.876752505575,0.216419586923,Brivio,0.000000000000,6,356.000000000,4938.876752505575,0.216419586923,Brivio,0.000000000000,6,356.000000000,6.402083324,10.364712479,106530.666511,2,2,2,0,2,0,1,1,1.000000000,true,true,1,1.000000000,10.382468415,10.382468415,10.382468415,10.382468415,0,,0,,,,true,true,true,false,false,false,true,true,true,false,false,false,false,BASE_FREQUENT_30;BASE_UNRESTRICTED,true,false,false,true,"{""R2_39bacbd50eec4c1b1e98"":10}",15,15,409.733332736,106530.666511,106530.666511,0.000000,11.055693311,2,2,2,0,64,"[0,2,5]",LEXICOGRAPHIC_ROUTE_UNWEIGHTED_S8_ROBUSTNESS_MARGIN5_THEN2_THEN0__THEN_MIN_EXACT_FLEET__THEN_KM__THEN_PHASE_VECTOR,true,false,false,1,0,0,10.322944606,10.322944606,0,1,1,13.100574786,13.100574786,0,1,1,13.100574786,13.100574786
P2PLAN_79273e6f1f0b7454,P2_3d110befe0bda5e7,single_compact_loop,PUBLIC,15,S8_EXTENDED_0530_2400,330,1440,1110,IDEALISED_5_DAY_52_WEEK,260,0.00,4634.226113818080,0.203069918834,La Valletta Brianza,0.000000000000,6,490.000000000,4634.226113818080,0.203069918834,La Valletta Brianza,0.000000000000,6,490.000000000,5.699126388,10.510258833,109651.191705,2,2,2,1,1,1,1,0,0.000000000,false,false,1,0.000000000,,,,,0,,0,,,,true,true,true,false,false,false,true,true,true,false,false,false,false,BASE_FREQUENT_30;BASE_UNRESTRICTED,true,false,false,true,"{""R2_717987377cd99367dc20"":10}",15,15,421.735352712,109651.191705,109651.191705,0.000000,12.962652561,2,2,2,0,74,"[0,2,5]",LEXICOGRAPHIC_ROUTE_UNWEIGHTED_S8_ROBUSTNESS_MARGIN5_THEN2_THEN0__THEN_MIN_EXACT_FLEET__THEN_KM__THEN_PHASE_VECTOR,true,false,false,0,1,2,10.257414248,10.257414248,0,1,2,13.035044429,13.035044429,0,1,2,13.035044429,13.035044429
P2PLAN_7ad303df77e2a85c,P2_cdd20a132d6e273d,blank_slate,PUBLIC,30,CORE_0600_2200,360,1320,960,IDEALISED_DAILY_YEAR,365,0.00,6862.934486120582,0.300731020634,Brivio,0.000465712767,6,375.000000000,6862.934486120582,0.300731020634,Brivio,0.000465712767,6,375.000000000,9.418848321,19.611421438,110012.148389,1,1,2,1,2,1,1,1,1.000000000,true,true,1,1.000000000,14.231483755,14.231483755,14.231483755,14.231483755,0,,0,,,,true,true,true,false,false,false,true,true,true,false,false,false,false,BASE_FREQUENT_30;BASE_UNRESTRICTED,true,false,false,true,"{""R2_700cd5fc23e4fb3cdeab"":7}",30,30,301.403146272,110012.148389,110012.148389,0.000000,10.459424767,1,1,2,0,32,"[0,2,5]",LEXICOGRAPHIC_ROUTE_UNWEIGHTED_S8_ROBUSTNESS_MARGIN5_THEN2_THEN0__THEN_MIN_EXACT_FLEET__THEN_KM__THEN_PHASE_VECTOR,true,false,false,0,1,1,14.231483755,14.231483755,0,1,1,14.231483755,14.231483755,0,1,1,14.231483755,14.231483755
P2PLAN_7ba876cb3a856f4a,P2_0b739d3d3666821a,blank_slate,PUBLIC,30,CORE_0600_2200,360,1320,960,IDEALISED_5_DAY_52_WEEK,260,0.00,7810.057455802691,0.342233567091,Brivio,0.000000000000,6,375.000000000,7810.057455802691,0.342233567091,Brivio,0.000000000000,6,375.000000000,12.849661520,23.746748490,106909.183846,1,2,2,2,2,2,1,1,1.000000000,true,true,1,1.000000000,12.163820229,12.163820229,12.163820229,12.163820229,0,,0,,,,true,true,true,false,false,false,true,true,true,false,false,false,false,BASE_FREQUENT_30;BASE_UNRESTRICTED,true,false,false,true,"{""R2_6664a560483e79a6376a"":27}",30,30,411.189168640,106909.183846,106909.183846,0.000000,12.664932528,1,2,2,0,32,"[0,2,5]",LEXICOGRAPHIC_ROUTE_UNWEIGHTED_S8_ROBUSTNESS_MARGIN5_THEN2_THEN0__THEN_MIN_EXACT_FLEET__THEN_KM__THEN_PHASE_VECTOR,true,false,false,1,0,0,12.163820229,12.163820229,1,0,0,12.163820229,12.163820229,0,1,1,17.719080590,17.719080590
P2PLAN_7c811f5fd7a4b0a3,P2_a459a3624cc79469,single_compact_loop,PUBLIC,60,S8_EXTENDED_0530_2400,330,1440,1110,IDEALISED_DAILY_YEAR,365,0.00,6004.310226213206,0.263106451939,Santa Maria Hoè,0.020638447805,12,753.000000000,6004.310226213206,0.263106451939,Santa Maria Hoè,0.020638447805,12,753.000000000,14.627516222,26.973909176,98772.303289,1,1,1,3,1,3,1,1,1.000000000,true,true,1,1.000000000,18.050239886,18.050239886,23.605500247,23.605500247,0,,0,,,,true,true,false,false,false,false,true,true,true,false,false,false,false,BASE_UNRESTRICTED,true,false,false,true,"{""R2_8c7957417e41db130216"":37}",60,60,277.922808218,101441.825000,98772.303289,2669.521711,8.541737906,1,1,1,0,19,"[0,2,5]",LEXICOGRAPHIC_ROUTE_UNWEIGHTED_S8_ROBUSTNESS_MARGIN5_THEN2_THEN0__THEN_MIN_EXACT_FLEET__THEN_KM__THEN_PHASE_VECTOR,true,false,false,1,0,0,23.605500247,23.605500247,1,0,0,23.605500247,23.605500247,1,0,0,23.605500247,23.605500247
P2PLAN_7cd4acf306d4e4a8,P2_9858dc3c94ecb6ac,single_compact_loop,PUBLIC,30,S8_EXTENDED_0530_2400,330,1440,1110,IDEALISED_DAILY_YEAR,365,0.00,4632.125246860367,0.202977859691,Brivio,0.000000000000,9,844.000000000,4632.125246860367,0.202977859691,Brivio,0.000000000000,9,844.000000000,8.217583299,13.280456005,110978.462453,1,1,1,1,2,1,1,0,0.000000000,false,false,1,0.000000000,,,,,0,,0,,,,true,true,true,false,false,false,true,true,true,false,false,false,false,BASE_FREQUENT_30;BASE_UNRESTRICTED,true,false,false,true,"{""R2_e641044e83a327ab5732"":7}",30,30,304.050582063,110978.462453,110978.462453,-0.000000,8.189614536,1,1,1,0,37,"[0,2,5]",LEXICOGRAPHIC_ROUTE_UNWEIGHTED_S8_ROBUSTNESS_MARGIN5_THEN2_THEN0__THEN_MIN_EXACT_FLEET__THEN_KM__THEN_PHASE_VECTOR,true,false,false,0,1,1,7.952226833,7.952226833,0,1,1,7.952226833,7.952226833,0,1,1,7.952226833,7.952226833
P2PLAN_7d08566453bb1239,P2_661654da5f884394,blank_slate,PUBLIC,30,S8_EXTENDED_0530_2400,330,1440,1110,IDEALISED_6_DAY_52_WEEK,312,0.00,5414.502334925392,0.237261308075,Brivio,0.013951238382,2,134.000000000,5414.502334925392,0.237261308075,Brivio,0.013951238382,2,134.000000000,9.131813685,19.679955595,105417.657180,1,1,2,2,1,2,1,0,0.000000000,false,false,1,0.000000000,,,,,0,,0,,,,true,true,true,false,false,false,true,true,true,false,false,false,false,BASE_FREQUENT_30;BASE_UNRESTRICTED,true,false,false,true,"{""R2_45cf7c9ce93ed782cd5f"":11}",30,30,337.877106345,105417.657180,105417.657180,-0.000000,12.135972617,1,1,2,0,37,"[0,2,5]",LEXICOGRAPHIC_ROUTE_UNWEIGHTED_S8_ROBUSTNESS_MARGIN5_THEN2_THEN0__THEN_MIN_EXACT_FLEET__THEN_KM__THEN_PHASE_VECTOR,true,false,false,0,1,1,14.197216676,14.197216676,0,1,1,14.197216676,14.197216676,0,1,1,19.752477038,19.752477038
P2PLAN_7dc3eae0fe76f51d,P2_83df62ba410ac17c,two_radial_out_and_back_feeders,PUBLIC,20,S8_EXTENDED_0530_2400,330,1440,1110,IDEALISED_6_DAY_52_WEEK,312,0.00,4756.236167303790,0.208416350158,Brivio,0.000465712767,0,0.000000000,4756.236167303790,0.208416350158,Brivio,0.000465712767,0,0.000000000,5.697547748,12.969824297,98658.736804,2,2,3,1,1,1,2,0,0.000000000,false,false,2,0.000000000,,,,,0,,0,,,,true,true,true,false,false,false,true,true,true,false,false,false,false,BASE_FREQUENT_30;BASE_UNRESTRICTED,true,false,false,true,"{""R2_40023c3a09f861e4df2b"":16,""R2_89faf7404f5ba6502188"":12}",400,400,319.062673888,99547.554253,98658.736804,888.817449,12.105169344,2,2,3,0,112,"[0,2,5]",LEXICOGRAPHIC_ROUTE_UNWEIGHTED_S8_ROBUSTNESS_MARGIN5_THEN2_THEN0__THEN_MIN_EXACT_FLEET__THEN_KM__THEN_PHASE_VECTOR,true,false,false,0,2,2,11.106036825,11.207299511,0,2,2,13.606036825,14.355546057,0,2,2,16.998245307,17.822859349
P2PLAN_7f50deea5fcf3384,P2_809c8de22802b017,single_compact_loop,PUBLIC,60,CORE_0600_2200,360,1320,960,IDEALISED_DAILY_YEAR,365,0.00,7412.328417921913,0.324805241097,Calco,0.221840505440,12,567.000000000,7412.328417921913,0.324805241097,Calco,0.221840505440,12,567.000000000,18.024531308,32.269402439,105263.262839,1,1,1,1,3,1,1,1,1.000000000,true,true,1,1.000000000,24.847232893,24.847232893,24.847232893,24.847232893,0,,0,,,,true,true,false,false,false,false,true,true,true,false,false,false,false,BASE_UNRESTRICTED,true,false,false,true,"{""R2_1701c710edcd53eee167"":37}",60,60,288.392500928,105263.262839,105263.262839,-0.000000,8.605173984,1,1,1,0,16,"[0,2,5]",LEXICOGRAPHIC_ROUTE_UNWEIGHTED_S8_ROBUSTNESS_MARGIN5_THEN2_THEN0__THEN_MIN_EXACT_FLEET__THEN_KM__THEN_PHASE_VECTOR,true,false,false,0,1,1,20.868152642,20.868152642,0,1,1,20.868152642,20.868152642,0,1,1,20.868152642,20.868152642
P2PLAN_805bbe2f7371b91a,P2_362883829605b013,two_independent_loops,PUBLIC,60,CORE_0600_2200,360,1320,960,IDEALISED_5_DAY_52_WEEK,260,0.00,9211.868702522928,0.403660370424,La Valletta Brianza,0.203333660728,20,1055.000000000,9211.868702522928,0.403660370424,La Valletta Brianza,0.203333660728,20,1055.000000000,24.396240023,44.733322143,101488.358496,1,2,2,3,3,3,2,2,1.000000000,true,true,2,1.000000000,16.170037566,24.537690310,24.537690310,25.614777205,0,,0,,,,true,true,false,false,false,false,true,true,true,false,false,false,false,BASE_UNRESTRICTED,true,false,false,true,"{""R2_b2032eeb31cba06561f0"":37,""R2_f291a9242634fc5b47fd"":37}",3600,3600,390.339840368,101488.358496,101488.358496,-0.000000,11.928885905,2,2,2,0,32,"[0,2,5]",LEXICOGRAPHIC_ROUTE_UNWEIGHTED_S8_ROBUSTNESS_MARGIN5_THEN2_THEN0__THEN_MIN_EXACT_FLEET__THEN_KM__THEN_PHASE_VECTOR,true,false,false,0,2,2,18.319523326,21.635696954,0,2,2,18.319523326,21.635696954,0,2,2,18.319523326,21.635696954
P2PLAN_80e2ecee32dbfd8b,P2_f90598a41d4d09f8,blank_slate,PUBLIC,30,CORE_0600_2200,360,1320,960,IDEALISED_6_DAY_52_WEEK,312,0.00,5543.867920188278,0.242930055834,Santa Maria Hoè,0.063137253657,12,641.000000000,5543.867920188278,0.242930055834,Santa Maria Hoè,0.063137253657,12,641.000000000,10.991932586,17.855835190,109743.454939,1,1,2,1,2,1,1,1,1.000000000,true,true,1,1.000000000,15.109276879,15.109276879,15.109276879,15.109276879,0,,0,,,,true,true,true,false,false,false,true,true,true,false,false,false,false,BASE_FREQUENT_30;BASE_UNRESTRICTED,true,false,false,true,"{""R2_9765d34882cc4165f829"":7}",30,30,351.741842752,109743.454939,109743.454939,-0.000000,9.523112101,1,1,2,0,32,"[0,2,5]",LEXICOGRAPHIC_ROUTE_UNWEIGHTED_S8_ROBUSTNESS_MARGIN5_THEN2_THEN0__THEN_MIN_EXACT_FLEET__THEN_KM__THEN_PHASE_VECTOR,true,false,false,0,1,1,5.664537240,5.664537240,0,1,1,15.109276879,15.109276879,0,1,1,15.109276879,15.109276879
P2PLAN_814e8f749164bf80,P2_809c8de22802b017,single_compact_loop,PUBLIC,60,S8_EXTENDED_0530_2400,330,1440,1110,IDEALISED_5_DAY_52_WEEK,260,0.00,7412.328417921913,0.324805241097,Calco,0.221840505440,12,567.000000000,7412.328417921913,0.324805241097,Calco,0.221840505440,12,567.000000000,18.024531308,32.269402439,86697.995591,1,1,1,1,3,1,1,1,1.000000000,true,true,1,1.000000000,20.957753616,20.957753616,20.957753616,20.957753616,0,,0,,,,true,true,false,false,false,false,true,true,true,false,false,false,false,BASE_UNRESTRICTED,true,false,false,true,"{""R2_1701c710edcd53eee167"":37}",60,60,342.466094852,89041.184662,86697.995591,2343.189071,10.218644106,1,1,1,0,19,"[0,2,5]",LEXICOGRAPHIC_ROUTE_UNWEIGHTED_S8_ROBUSTNESS_MARGIN5_THEN2_THEN0__THEN_MIN_EXACT_FLEET__THEN_KM__THEN_PHASE_VECTOR,true,false,false,1,0,0,20.957753616,20.957753616,1,0,0,20.957753616,20.957753616,1,0,0,20.957753616,20.957753616
P2PLAN_816d29e1e2a70652,P2_0cb6579dbfb6c21d,single_compact_loop,PUBLIC,15,S8_EXTENDED_0530_2400,330,1440,1110,IDEALISED_6_DAY_52_WEEK,312,0.00,5651.766671621381,0.247658135595,Brivio,0.000000000000,2,221.000000000,5651.766671621381,0.247658135595,Brivio,0.000000000000,2,221.000000000,4.533771494,9.917995248,104675.716253,1,2,2,1,1,1,1,0,0.000000000,false,false,1,0.000000000,,,,,0,,0,,,,true,true,true,false,false,false,true,true,true,false,false,false,false,BASE_FREQUENT_30;BASE_UNRESTRICTED,true,false,false,true,"{""R2_c5de37de500b158213f8"":10}",15,15,335.499090556,104675.716253,104675.716253,0.000000,12.232194139,1,2,2,0,74,"[0,2,5]",LEXICOGRAPHIC_ROUTE_UNWEIGHTED_S8_ROBUSTNESS_MARGIN5_THEN2_THEN0__THEN_MIN_EXACT_FLEET__THEN_KM__THEN_PHASE_VECTOR,true,false,false,0,1,2,10.553546041,10.553546041,0,1,2,13.331176222,13.331176222,0,1,2,13.331176222,13.331176222
P2PLAN_81721bac967880be,P2_6938658f0b6fc009,blank_slate,PUBLIC,60,S8_EXTENDED_0530_2400,330,1440,1110,IDEALISED_6_DAY_52_WEEK,312,0.00,6447.147469807760,0.282511401311,Santa Maria Hoè,0.007765537274,12,753.000000000,6447.147469807760,0.282511401311,Santa Maria Hoè,0.007765537274,12,753.000000000,18.397807254,34.489482811,106192.143470,1,1,1,1,3,1,1,1,1.000000000,true,true,1,1.000000000,19.847713430,19.847713430,19.847713430,19.847713430,0,,0,,,,true,true,false,false,false,false,true,true,true,false,false,false,false,BASE_UNRESTRICTED,true,false,false,true,"{""R2_4730892de76b4133c50e"":37}",60,60,349.558337826,109062.201402,106192.143470,2870.057932,10.921669557,1,1,1,0,19,"[0,2,5]",LEXICOGRAPHIC_ROUTE_UNWEIGHTED_S8_ROBUSTNESS_MARGIN5_THEN2_THEN0__THEN_MIN_EXACT_FLEET__THEN_KM__THEN_PHASE_VECTOR,true,false,false,1,0,0,19.847713430,19.847713430,1,0,0,19.847713430,19.847713430,1,0,0,19.847713430,19.847713430
P2PLAN_860981269e5fdb1f,P2_94dca063a9d3daaa,single_compact_loop,PUBLIC,30,CORE_0600_2200,360,1320,960,IDEALISED_5_DAY_52_WEEK,260,0.00,4523.161196417227,0.198203098958,La Valletta Brianza,0.000000000000,9,1017.000000000,4523.161196417227,0.198203098958,La Valletta Brianza,0.000000000000,9,1017.000000000,13.126033508,25.651038745,109208.598787,2,2,2,3,0,3,1,1,1.000000000,true,true,1,1.000000000,11.211675101,11.211675101,11.211675101,11.211675101,0,,0,,,,true,true,true,false,false,false,true,true,true,false,false,false,false,BASE_FREQUENT_30;BASE_UNRESTRICTED,true,false,false,true,"{""R2_1d550efd246ecfb3b1c8"":7}",30,30,420.033072256,109208.598787,109208.598787,-0.000000,13.680553997,2,2,2,0,32,"[0,2,5]",LEXICOGRAPHIC_ROUTE_UNWEIGHTED_S8_ROBUSTNESS_MARGIN5_THEN2_THEN0__THEN_MIN_EXACT_FLEET__THEN_KM__THEN_PHASE_VECTOR,true,false,false,0,1,1,11.211675101,11.211675101,0,1,1,16.766935463,16.766935463,0,1,1,16.766935463,16.766935463
P2PLAN_86dafaf42199ee5d,P2_ad5408ca9497179f,interlined_figure8,PUBLIC,60,CORE_0600_2200,360,1320,960,IDEALISED_6_DAY_52_WEEK,312,0.00,8508.593784613995,0.372843147226,La Valletta Brianza,0.011997838656,16,676.000000000,8508.593784613995,0.372843147226,La Valletta Brianza,0.011997838656,16,676.000000000,21.292352269,42.032262653,106291.422527,1,2,2,3,3,3,2,2,1.000000000,true,true,2,1.000000000,17.520567311,24.537690310,24.537690310,26.965306950,0,,0,,,,true,true,false,false,false,false,true,true,true,false,false,false,false,BASE_UNRESTRICTED,true,false,false,true,"{""R2_9709d9b43ced9a82d911"":37,""R2_b2032eeb31cba06561f0"":37}",3600,3600,340.677636304,106291.422527,106291.422527,-0.000000,11.208603374,2,2,2,0,32,"[0,2,5]",LEXICOGRAPHIC_ROUTE_UNWEIGHTED_S8_ROBUSTNESS_MARGIN5_THEN2_THEN0__THEN_MIN_EXACT_FLEET__THEN_KM__THEN_PHASE_VECTOR,true,false,false,0,2,2,18.994788198,22.986226699,0,2,2,18.994788198,22.986226699,0,2,2,18.994788198,22.986226699
P2PLAN_87abd3f2e2bfaae4,P2_bc2ca552c84b42c9,blank_slate,PUBLIC,15,S8_EXTENDED_0530_2400,330,1440,1110,IDEALISED_5_DAY_52_WEEK,260,0.00,4075.271893380709,0.178576770380,Brivio,0.000000000000,4,643.000000000,4075.271893380709,0.178576770380,Brivio,0.000000000000,4,643.000000000,4.515070185,7.726686335,86869.950359,1,2,2,1,1,1,1,0,0.000000000,false,false,1,0.000000000,,,,,0,,0,,,,true,true,true,false,false,false,true,true,true,false,false,false,false,BASE_FREQUENT_30;BASE_UNRESTRICTED,true,false,false,true,"{""R2_ce283b4cd4b20a5821a0"":12}",15,15,334.115193690,86869.950359,86869.950359,0.000000,9.529579813,1,2,2,0,74,"[0,2,5]",LEXICOGRAPHIC_ROUTE_UNWEIGHTED_S8_ROBUSTNESS_MARGIN5_THEN2_THEN0__THEN_MIN_EXACT_FLEET__THEN_KM__THEN_PHASE_VECTOR,true,false,false,0,1,2,11.649200497,11.649200497,0,1,2,11.649200497,11.649200497,0,1,2,14.426830678,14.426830678
P2PLAN_893e257d81a4a58c,P2_32209b4bbc62cfb6,single_compact_loop,PUBLIC,60,S8_EXTENDED_0530_2400,330,1440,1110,IDEALISED_6_DAY_52_WEEK,312,0.00,7170.447870735303,0.314206133096,Brivio,0.000050341214,12,733.000000000,7170.447870735303,0.314206133096,Brivio,0.000050341214,12,733.000000000,13.341750246,24.790377776,77008.582420,1,1,1,1,3,1,1,1,1.000000000,true,true,1,1.000000000,19.142005586,19.142005586,24.697265947,24.697265947,0,,0,,,,true,true,false,false,false,false,true,true,true,false,false,false,false,BASE_UNRESTRICTED,true,false,false,true,"{""R2_837c3ae88923898ea40c"":37}",60,60,253.493254674,79089.895458,77008.582420,2081.313038,7.850286296,1,1,1,0,19,"[0,2,5]",LEXICOGRAPHIC_ROUTE_UNWEIGHTED_S8_ROBUSTNESS_MARGIN5_THEN2_THEN0__THEN_MIN_EXACT_FLEET__THEN_KM__THEN_PHASE_VECTOR,true,false,false,1,0,0,19.142005586,19.142005586,1,0,0,24.697265947,24.697265947,1,0,0,24.697265947,24.697265947
P2PLAN_896a66417fb49dfb,P2_7e52b43e37276f9f,blank_slate,PUBLIC,30,S8_EXTENDED_0530_2400,330,1440,1110,IDEALISED_5_DAY_52_WEEK,260,0.00,5913.681887785996,0.259135154709,Brivio,0.115619645938,2,134.000000000,5913.681887785996,0.259135154709,Brivio,0.115619645938,2,134.000000000,11.148038460,18.052178151,107244.129985,1,1,2,0,2,0,1,0,0.000000000,false,false,1,0.000000000,,,,,0,,0,,,,true,true,true,false,false,false,true,true,true,false,false,false,false,BASE_FREQUENT_30;BASE_UNRESTRICTED,true,false,false,true,"{""R2_5cc011a332ba476fd06f"":12}",30,30,412.477423020,107244.129985,107244.129985,0.000000,11.132176526,1,1,2,0,37,"[0,2,5]",LEXICOGRAPHIC_ROUTE_UNWEIGHTED_S8_ROBUSTNESS_MARGIN5_THEN2_THEN0__THEN_MIN_EXACT_FLEET__THEN_KM__THEN_PHASE_VECTOR,true,false,false,0,1,1,15.011105398,15.011105398,0,1,1,15.011105398,15.011105398,0,1,1,20.566365760,20.566365760
P2PLAN_8a188b0269168b8a,P2_5f81356056df50eb,hybrid_interlined,PUBLIC,30,S8_EXTENDED_0530_2400,330,1440,1110,IDEALISED_6_DAY_52_WEEK,312,0.00,6401.095395636682,0.280493417998,Brivio,0.000000000000,6,447.000000000,6401.095395636682,0.280493417998,Brivio,0.000000000000,6,447.000000000,9.153170922,15.252931371,105664.205124,1,2,2,0,2,0,2,0,0.000000000,false,false,2,0.000000000,,,,,0,,0,,,,true,true,true,false,false,false,true,true,true,false,false,false,false,BASE_FREQUENT_30;BASE_UNRESTRICTED,true,false,false,true,"{""R2_3b073005c8535aa1bf3c"":7,""R2_ab5110a74d88f6a5a5dd"":7}",900,900,338.667324114,105664.205124,105664.205124,-0.000000,9.405974345,2,2,2,0,74,"[0,2,5]",LEXICOGRAPHIC_ROUTE_UNWEIGHTED_S8_ROBUSTNESS_MARGIN5_THEN2_THEN0__THEN_MIN_EXACT_FLEET__THEN_KM__THEN_PHASE_VECTOR,true,false,false,0,2,2,10.779221993,12.119775732,0,2,2,10.779221993,12.119775732,0,2,2,10.779221993,12.119775732
P2PLAN_8ac1a2166b6bd144,P2_455581bfa0cad4ab,single_compact_loop,PUBLIC,60,CORE_0600_2200,360,1320,960,IDEALISED_DAILY_YEAR,365,0.00,5112.979715535079,0.224048708529,Santa Maria Hoè,0.093473095134,12,753.000000000,5112.979715535079,0.224048708529,Santa Maria Hoè,0.093473095134,12,753.000000000,15.466441579,27.223062488,90324.018821,1,1,1,2,1,2,1,1,1.000000000,true,true,1,1.000000000,17.925663230,17.925663230,27.370402869,27.370402869,0,,0,,,,true,true,false,false,false,false,true,true,true,false,false,false,false,BASE_UNRESTRICTED,true,false,false,true,"{""R2_092aa5e78c63b74fa8dc"":37}",60,60,247.463065264,90324.018821,90324.018821,0.000000,7.259483330,1,1,1,0,16,"[0,2,5]",LEXICOGRAPHIC_ROUTE_UNWEIGHTED_S8_ROBUSTNESS_MARGIN5_THEN2_THEN0__THEN_MIN_EXACT_FLEET__THEN_KM__THEN_PHASE_VECTOR,true,false,false,0,1,1,23.391322618,23.391322618,0,1,1,23.391322618,23.391322618,0,1,1,23.391322618,23.391322618
P2PLAN_8ae737142a5c4262,P2_e4b92caba131562a,single_compact_loop,PUBLIC,20,CORE_0600_2200,360,1320,960,IDEALISED_DAILY_YEAR,365,0.00,4256.982928783476,0.186539274648,La Valletta Brianza,0.000000000000,4,643.000000000,4256.982928783476,0.186539274648,La Valletta Brianza,0.000000000000,4,643.000000000,6.214775930,10.629073297,108882.874294,1,2,2,2,0,2,1,1,1.000000000,true,true,1,1.000000000,9.926164733,9.926164733,13.074411279,13.074411279,0,,0,,,,true,true,true,false,false,false,true,true,true,false,false,false,false,BASE_FREQUENT_30;BASE_UNRESTRICTED,true,false,false,true,"{""R2_ee975e5012ad1533d159"":10}",20,20,298.309244640,108882.874294,108882.874294,-0.000000,8.503258638,1,2,2,0,48,"[0,2,5]",LEXICOGRAPHIC_ROUTE_UNWEIGHTED_S8_ROBUSTNESS_MARGIN5_THEN2_THEN0__THEN_MIN_EXACT_FLEET__THEN_KM__THEN_PHASE_VECTOR,true,false,false,0,1,1,13.016959329,13.016959329,0,1,1,13.016959329,13.016959329,0,1,1,14.789914763,14.789914763
P2PLAN_8c1f793de6093335,P2_a44745e961005b24,single_compact_loop,PUBLIC,20,S8_EXTENDED_0530_2400,330,1440,1110,IDEALISED_5_DAY_52_WEEK,260,0.00,6351.503430600282,0.278320318096,Brivio,0.000000000000,2,221.000000000,6351.503430600282,0.278320318096,Brivio,0.000000000000,2,221.000000000,7.093166800,16.606866149,102354.396924,2,2,2,2,2,2,1,0,0.000000000,false,false,1,0.000000000,,,,,0,,0,,,,true,true,true,false,false,false,true,true,true,false,false,false,false,BASE_FREQUENT_30;BASE_UNRESTRICTED,true,false,false,true,"{""R2_6fc8006689b7ff6ba32d"":4}",20,20,390.124174000,101432.285240,102354.396924,-922.111684,15.222960637,2,2,2,0,55,"[0,2,5]",LEXICOGRAPHIC_ROUTE_UNWEIGHTED_S8_ROBUSTNESS_MARGIN5_THEN2_THEN0__THEN_MIN_EXACT_FLEET__THEN_KM__THEN_PHASE_VECTOR,true,false,false,0,1,1,11.937268307,11.937268307,0,1,1,11.937268307,11.937268307,0,1,1,16.937268307,16.937268307
P2PLAN_8cd30aa0df5357d2,P2_83df62ba410ac17c,two_radial_out_and_back_feeders,PUBLIC,30,S8_EXTENDED_0530_2400,330,1440,1110,IDEALISED_DAILY_YEAR,365,0.00,4756.236167303790,0.208416350158,Brivio,0.000465712767,0,0.000000000,4756.236167303790,0.208416350158,Brivio,0.000465712767,0,0.000000000,5.697547748,12.969824297,76945.382337,1,2,2,1,1,1,2,0,0.000000000,false,false,2,0.000000000,,,,,0,,0,,,,true,true,true,false,false,false,true,true,true,false,false,false,false,BASE_FREQUENT_30;BASE_UNRESTRICTED,true,false,false,true,"{""R2_40023c3a09f861e4df2b"":7,""R2_89faf7404f5ba6502188"":7}",900,900,210.809266676,76945.382337,76945.382337,-0.000000,7.998058316,2,2,2,0,74,"[0,2,5]",LEXICOGRAPHIC_ROUTE_UNWEIGHTED_S8_ROBUSTNESS_MARGIN5_THEN2_THEN0__THEN_MIN_EXACT_FLEET__THEN_KM__THEN_PHASE_VECTOR,true,false,false,0,2,2,11.349998761,12.174612802,0,2,2,11.349998761,12.174612802,0,2,2,11.349998761,12.174612802
P2PLAN_8d0436a95abf8195,P2_e4b92caba131562a,single_compact_loop,PUBLIC,15,CORE_0600_2200,360,1320,960,IDEALISED_5_DAY_52_WEEK,260,0.00,4256.982928783476,0.186539274648,La Valletta Brianza,0.000000000000,4,643.000000000,4256.982928783476,0.186539274648,La Valletta Brianza,0.000000000000,4,643.000000000,6.214775930,10.629073297,103413.871475,2,2,2,2,0,2,1,1,1.000000000,true,true,1,1.000000000,10.250288006,10.250288006,10.250288006,10.250288006,0,,0,,,,true,true,true,false,false,false,true,true,true,false,false,false,false,BASE_FREQUENT_30;BASE_UNRESTRICTED,true,false,false,true,"{""R2_ee975e5012ad1533d159"":10}",15,15,397.745659520,103413.871475,103413.871475,0.000000,11.337678183,2,2,2,0,64,"[0,2,5]",LEXICOGRAPHIC_ROUTE_UNWEIGHTED_S8_ROBUSTNESS_MARGIN5_THEN2_THEN0__THEN_MIN_EXACT_FLEET__THEN_KM__THEN_PHASE_VECTOR,true,false,false,1,0,0,10.190764197,10.190764197,0,1,1,12.968394377,12.968394377,0,1,1,12.968394377,12.968394377
P2PLAN_8da074b12629b297,P2_16ca71fbeb90f261,interlined_figure8,PUBLIC,60,S8_EXTENDED_0530_2400,330,1440,1110,IDEALISED_5_DAY_52_WEEK,260,0.00,8769.002693621667,0.384254160568,Santa Maria Hoè,0.000000000000,12,753.000000000,8769.002693621667,0.384254160568,Santa Maria Hoè,0.000000000000,12,753.000000000,22.973281522,44.845694790,110501.484121,1,2,2,1,4,1,2,2,1.000000000,true,true,2,1.000000000,16.113851242,24.537690310,21.669111604,30.092950672,0,,0,,,,true,true,false,false,false,false,true,true,true,false,false,false,false,BASE_UNRESTRICTED,true,false,false,true,"{""R2_79be5eaf09b6cc81e446"":16,""R2_b2032eeb31cba06561f0"":57}",3600,1800,420.839081411,109418.161167,110501.484121,-1083.322954,13.687025242,1,2,2,0,37,"[0,2,5]",LEXICOGRAPHIC_ROUTE_UNWEIGHTED_S8_ROBUSTNESS_MARGIN5_THEN2_THEN0__THEN_MIN_EXACT_FLEET__THEN_KM__THEN_PHASE_VECTOR,true,false,false,1,1,3,22.996258100,24.537690310,1,1,3,22.996258100,24.537690310,1,1,3,25.773888281,30.092950672
P2PLAN_8dbec00b63282643,P2_d8dce4f9ed44fba4,blank_slate,PUBLIC,20,CORE_0600_2200,360,1320,960,IDEALISED_5_DAY_52_WEEK,260,0.00,6246.295216999681,0.273710136617,Brivio,0.000000000000,6,375.000000000,6246.295216999681,0.273710136617,Brivio,0.000000000000,6,375.000000000,8.058230847,13.661199753,100566.720971,1,2,2,0,2,0,1,1,1.000000000,true,true,1,1.000000000,11.558348051,11.558348051,11.558348051,11.558348051,0,,0,,,,true,true,true,false,false,false,true,true,true,false,false,false,false,BASE_FREQUENT_30;BASE_UNRESTRICTED,true,false,false,true,"{""R2_dcc2b84d507826a86b57"":7}",20,20,386.795080656,100566.720971,100566.720971,-0.000000,10.928959802,1,2,2,0,48,"[0,2,5]",LEXICOGRAPHIC_ROUTE_UNWEIGHTED_S8_ROBUSTNESS_MARGIN5_THEN2_THEN0__THEN_MIN_EXACT_FLEET__THEN_KM__THEN_PHASE_VECTOR,true,false,false,0,1,1,11.500896101,11.500896101,0,1,1,11.500896101,11.500896101,0,1,1,15.185338971,15.185338971
P2PLAN_8e924caa10a137ef,P2_39309e97f4fa3d4d,blank_slate,PUBLIC,30,S8_EXTENDED_0530_2400,330,1440,1110,IDEALISED_DAILY_YEAR,365,0.00,6351.503430600282,0.278320318096,Brivio,0.000000000000,2,221.000000000,6351.503430600282,0.278320318096,Brivio,0.000000000000,2,221.000000000,7.093166800,16.606866149,95793.217634,1,1,2,2,2,2,1,0,0.000000000,false,false,1,0.000000000,,,,,0,,0,,,,true,true,true,false,false,false,true,true,true,false,false,false,false,BASE_FREQUENT_30;BASE_UNRESTRICTED,true,false,false,true,"{""R2_6fc8006689b7ff6ba32d"":14}",30,30,262.447171600,95793.217634,95793.217634,0.000000,10.240900792,1,1,2,0,37,"[0,2,5]",LEXICOGRAPHIC_ROUTE_UNWEIGHTED_S8_ROBUSTNESS_MARGIN5_THEN2_THEN0__THEN_MIN_EXACT_FLEET__THEN_KM__THEN_PHASE_VECTOR,true,false,false,0,1,1,15.733761399,15.733761399,0,1,1,15.733761399,15.733761399,0,1,1,21.289021761,21.289021761
P2PLAN_8ed706445758af13,P2_1c505c091c9f5b21,blank_slate,PUBLIC,30,S8_EXTENDED_0530_2400,330,1440,1110,IDEALISED_DAILY_YEAR,365,0.00,4860.318769351302,0.212977207792,Brivio,0.000050341214,2,221.000000000,4860.318769351302,0.212977207792,Brivio,0.000050341214,2,221.000000000,7.022970275,12.364302371,94845.213564,1,1,1,1,2,1,1,0,0.000000000,false,false,1,0.000000000,,,,,0,,0,,,,true,true,true,false,false,false,true,true,true,false,false,false,false,BASE_FREQUENT_30;BASE_UNRESTRICTED,true,false,false,true,"{""R2_74ab36c37a99ef5a1c51"":7}",30,30,259.849900175,94845.213564,94845.213564,-0.000000,7.624653129,1,1,1,0,37,"[0,2,5]",LEXICOGRAPHIC_ROUTE_UNWEIGHTED_S8_ROBUSTNESS_MARGIN5_THEN2_THEN0__THEN_MIN_EXACT_FLEET__THEN_KM__THEN_PHASE_VECTOR,true,false,false,0,1,1,8.410303650,8.410303650,0,1,1,8.410303650,8.410303650,0,1,1,8.410303650,8.410303650
P2PLAN_8f07b8759752afbe,P2_869464afc34adb99,single_compact_loop,PUBLIC,30,S8_EXTENDED_0530_2400,330,1440,1110,IDEALISED_6_DAY_52_WEEK,312,0.00,7274.419734999882,0.318762138245,Brivio,0.000000000000,6,375.000000000,7274.419734999882,0.318762138245,Brivio,0.000000000000,6,375.000000000,9.625141772,18.425366717,111112.636616,1,1,2,1,2,1,1,0,0.000000000,false,false,1,0.000000000,,,,,0,,0,,,,true,true,true,false,false,false,true,true,true,false,false,false,false,BASE_FREQUENT_30;BASE_UNRESTRICTED,true,false,false,true,"{""R2_527288526c67dea072ec"":12}",30,30,356.130245564,111112.636616,111112.636616,-0.000000,11.362309475,1,1,2,0,37,"[0,2,5]",LEXICOGRAPHIC_ROUTE_UNWEIGHTED_S8_ROBUSTNESS_MARGIN5_THEN2_THEN0__THEN_MIN_EXACT_FLEET__THEN_KM__THEN_PHASE_VECTOR,true,false,false,0,1,1,14.824511115,14.824511115,0,1,1,14.824511115,14.824511115,0,1,1,20.379771477,20.379771477
P2PLAN_919e36061de27ac7,P2_a70af9f09fa715b4,two_independent_loops,PUBLIC,60,S8_EXTENDED_0530_2400,330,1440,1110,IDEALISED_6_DAY_52_WEEK,312,0.00,6896.570940818303,0.302204956510,Brivio,0.000000000000,16,787.000000000,6896.570940818303,0.302204956510,Brivio,0.000000000000,16,787.000000000,18.896748706,33.859030435,109072.033531,1,1,2,2,2,2,2,2,1.000000000,true,true,2,1.000000000,20.574810827,25.570062903,26.130071189,31.125323264,0,,0,,,,true,true,false,false,false,false,true,true,true,false,false,false,false,BASE_UNRESTRICTED,true,false,false,true,"{""R2_111bca1495da90b445bb"":39,""R2_8c12b57f15614f4ec362"":7}",3600,2700,352.224379310,109894.006345,109072.033531,821.972814,10.523121919,1,2,2,0,37,"[0,2,5]",LEXICOGRAPHIC_ROUTE_UNWEIGHTED_S8_ROBUSTNESS_MARGIN5_THEN2_THEN0__THEN_MIN_EXACT_FLEET__THEN_KM__THEN_PHASE_VECTOR,true,false,false,1,1,2,18.242924189,20.574810827,1,1,2,18.242924189,20.574810827,1,1,2,21.020554369,26.130071189
P2PLAN_91c58bef12c35c08,P2_86684125781f6740,single_compact_loop,PUBLIC,20,CORE_0600_2200,360,1320,960,IDEALISED_5_DAY_52_WEEK,260,0.00,5852.135042942792,0.256438196797,La Valletta Brianza,0.000000000000,6,490.000000000,5852.135042942792,0.256438196797,La Valletta Brianza,0.000000000000,6,490.000000000,8.341260739,14.652708534,104098.934023,1,2,2,1,2,1,1,1,1.000000000,true,true,1,1.000000000,11.062593661,11.062593661,12.914347115,12.914347115,0,,0,,,,true,true,true,false,false,false,true,true,true,false,false,false,false,BASE_FREQUENT_30;BASE_UNRESTRICTED,true,false,false,true,"{""R2_c9e7c074b0384c070a37"":10}",20,20,400.380515472,104098.934023,104098.934023,-0.000000,11.722166827,1,2,2,0,48,"[0,2,5]",LEXICOGRAPHIC_ROUTE_UNWEIGHTED_S8_ROBUSTNESS_MARGIN5_THEN2_THEN0__THEN_MIN_EXACT_FLEET__THEN_KM__THEN_PHASE_VECTOR,true,false,false,0,1,1,12.778097145,12.778097145,0,1,1,15.993327660,15.993327660,0,1,1,15.993327660,15.993327660
P2PLAN_9271147f50394100,P2_6d8402fc9ff7b339,blank_slate,PUBLIC,60,S8_EXTENDED_0530_2400,330,1440,1110,IDEALISED_DAILY_YEAR,365,0.00,7042.632878492971,0.308605331697,Calco,0.221840505440,12,567.000000000,7042.632878492971,0.308605331697,Calco,0.221840505440,12,567.000000000,13.588962734,24.735988560,91759.470861,1,1,1,1,3,1,1,1,1.000000000,true,true,1,1.000000000,19.169200194,19.169200194,24.724460555,24.724460555,0,,0,,,,true,true,false,false,false,false,true,true,true,false,false,false,false,BASE_UNRESTRICTED,true,false,false,true,"{""R2_cf2ca93e0a3960be59ca"":37}",60,60,258.190291946,94239.456560,91759.470861,2479.985699,7.833063044,1,1,1,0,19,"[0,2,5]",LEXICOGRAPHIC_ROUTE_UNWEIGHTED_S8_ROBUSTNESS_MARGIN5_THEN2_THEN0__THEN_MIN_EXACT_FLEET__THEN_KM__THEN_PHASE_VECTOR,true,false,false,1,0,0,19.169200194,19.169200194,1,0,0,24.724460555,24.724460555,1,0,0,24.724460555,24.724460555
P2PLAN_927faad103a07e81,P2_f1c62743b99e7b34,blank_slate,PUBLIC,20,CORE_0600_2200,360,1320,960,IDEALISED_5_DAY_52_WEEK,260,0.00,5852.135042942792,0.256438196797,La Valletta Brianza,0.000000000000,6,490.000000000,5852.135042942792,0.256438196797,La Valletta Brianza,0.000000000000,6,490.000000000,8.341260739,14.652708534,104098.934023,1,2,2,1,2,1,1,1,1.000000000,true,true,1,1.000000000,11.062593661,11.062593661,12.914347115,12.914347115,0,,0,,,,true,true,true,false,false,false,true,true,true,false,false,false,false,BASE_FREQUENT_30;BASE_UNRESTRICTED,true,false,false,true,"{""R2_c9e7c074b0384c070a37"":10}",20,20,400.380515472,104098.934023,104098.934023,-0.000000,11.722166827,1,2,2,0,48,"[0,2,5]",LEXICOGRAPHIC_ROUTE_UNWEIGHTED_S8_ROBUSTNESS_MARGIN5_THEN2_THEN0__THEN_MIN_EXACT_FLEET__THEN_KM__THEN_PHASE_VECTOR,true,false,false,0,1,1,12.778097145,12.778097145,0,1,1,15.993327660,15.993327660,0,1,1,15.993327660,15.993327660
P2PLAN_92abf0c7bdcbac52,P2_f77c2ba98980326c,blank_slate,PUBLIC,30,CORE_0600_2200,360,1320,960,IDEALISED_6_DAY_52_WEEK,312,0.00,4632.125246860367,0.202977859691,Brivio,0.000000000000,9,844.000000000,4632.125246860367,0.202977859691,Brivio,0.000000000000,9,844.000000000,8.217583299,13.280456005,82044.351657,1,1,1,1,2,1,1,1,1.000000000,true,true,1,1.000000000,17.396966471,17.396966471,17.396966471,17.396966471,0,,0,,,,true,true,true,false,false,false,true,true,true,false,false,false,false,BASE_FREQUENT_30;BASE_UNRESTRICTED,true,false,false,true,"{""R2_e641044e83a327ab5732"":7}",30,30,262.962665568,82044.351657,82044.351657,0.000000,7.082909869,1,1,1,0,32,"[0,2,5]",LEXICOGRAPHIC_ROUTE_UNWEIGHTED_S8_ROBUSTNESS_MARGIN5_THEN2_THEN0__THEN_MIN_EXACT_FLEET__THEN_KM__THEN_PHASE_VECTOR,true,false,false,0,1,1,7.952226833,7.952226833,0,1,1,7.952226833,7.952226833,0,1,1,7.952226833,7.952226833
P2PLAN_9354d92de6933ee8,P2_14fd41ab5fad0b23,single_compact_loop,PUBLIC,60,S8_EXTENDED_0530_2400,330,1440,1110,IDEALISED_DAILY_YEAR,365,0.00,6635.842279344171,0.290779931744,Brivio,0.000465712767,12,733.000000000,6635.842279344171,0.290779931744,Brivio,0.000465712767,12,733.000000000,15.635046782,31.405155973,105575.653395,1,1,1,3,1,3,1,1,1.000000000,true,true,1,1.000000000,21.389876849,21.389876849,21.389876849,21.389876849,0,,0,,,,true,true,false,false,false,false,true,true,true,false,false,false,false,BASE_UNRESTRICTED,true,false,false,true,"{""R2_0c74cbb6c90ba91bf1bd"":37}",60,60,297.065888858,108429.049433,105575.653395,2853.396038,9.944966058,1,1,1,0,19,"[0,2,5]",LEXICOGRAPHIC_ROUTE_UNWEIGHTED_S8_ROBUSTNESS_MARGIN5_THEN2_THEN0__THEN_MIN_EXACT_FLEET__THEN_KM__THEN_PHASE_VECTOR,true,false,false,1,0,0,21.389876849,21.389876849,1,0,0,21.389876849,21.389876849,1,0,0,21.389876849,21.389876849
P2PLAN_94674b57f3491e6c,P2_e81f744c00a077cf,blank_slate,PUBLIC,15,S8_EXTENDED_0530_2400,330,1440,1110,IDEALISED_5_DAY_52_WEEK,260,0.00,5780.775206194420,0.253311237537,Brivio,0.000000000000,2,221.000000000,5780.775206194420,0.253311237537,Brivio,0.000000000000,2,221.000000000,4.941273246,10.529247876,95070.097253,2,2,2,1,2,1,1,0,0.000000000,false,false,1,0.000000000,,,,,0,,0,,,,true,true,true,false,false,false,true,true,true,false,false,false,false,BASE_FREQUENT_30;BASE_UNRESTRICTED,true,false,false,true,"{""R2_89ad250d7fb28bc4d750"":10}",15,15,365.654220204,95070.097253,95070.097253,0.000000,12.986072380,2,2,2,0,74,"[0,2,5]",LEXICOGRAPHIC_ROUTE_UNWEIGHTED_S8_ROBUSTNESS_MARGIN5_THEN2_THEN0__THEN_MIN_EXACT_FLEET__THEN_KM__THEN_PHASE_VECTOR,true,false,false,0,1,2,10.247919727,10.247919727,0,1,2,13.025549908,13.025549908,0,1,2,13.025549908,13.025549908
P2PLAN_95568e9ec359707a,P2_4b93776e7a22cab7,blank_slate,PUBLIC,30,S8_EXTENDED_0530_2400,330,1440,1110,IDEALISED_6_DAY_52_WEEK,312,0.00,3589.568044191300,0.157293423644,Brivio,0.011016508985,6,245.000000000,3589.568044191300,0.157293423644,Brivio,0.011016508985,6,245.000000000,9.312029235,15.929613105,107498.065489,1,1,2,1,1,1,1,0,0.000000000,false,false,1,0.000000000,,,,,0,,0,,,,true,true,true,false,false,false,true,true,true,false,false,false,false,BASE_FREQUENT_30;BASE_UNRESTRICTED,true,false,false,true,"{""R2_cba9391a775bcf131254"":15}",30,30,344.545081695,107498.065489,107498.065489,-0.000000,9.823261415,1,1,2,0,37,"[0,2,5]",LEXICOGRAPHIC_ROUTE_UNWEIGHTED_S8_ROBUSTNESS_MARGIN5_THEN2_THEN0__THEN_MIN_EXACT_FLEET__THEN_KM__THEN_PHASE_VECTOR,true,false,false,0,1,1,16.072387921,16.072387921,0,1,1,16.072387921,16.072387921,0,1,1,21.627648283,21.627648283
P2PLAN_95d4b550d02d2818,P2_017387704e90dfa7,interlined_figure8,PUBLIC,60,S8_EXTENDED_0530_2400,330,1440,1110,IDEALISED_5_DAY_52_WEEK,260,0.00,8376.450829737198,0.367052696251,Calco,0.171996948300,12,567.000000000,8376.450829737198,0.367052696251,Calco,0.171996948300,12,567.000000000,19.348490861,36.400255707,93066.241041,1,1,2,1,4,1,2,2,1.000000000,true,true,2,1.000000000,20.336570784,24.537690310,25.891831145,30.092950672,0,,0,,,,true,true,false,false,false,false,true,true,true,false,false,false,false,BASE_UNRESTRICTED,true,false,false,true,"{""R2_2ffb6743b10bb3f0a97d"":38,""R2_b2032eeb31cba06561f0"":57}",3600,3600,367.621326359,95581.544853,93066.241041,2515.303812,11.526747641,2,2,2,0,38,"[0,2,5]",LEXICOGRAPHIC_ROUTE_UNWEIGHTED_S8_ROBUSTNESS_MARGIN5_THEN2_THEN0__THEN_MIN_EXACT_FLEET__THEN_KM__THEN_PHASE_VECTOR,true,false,false,2,0,0,22.437130547,24.537690310,2,0,0,22.437130547,24.537690310,2,0,0,27.992390909,30.092950672
P2PLAN_95d706e3d9a71343,P2_e9c8db434d1985dc,single_compact_loop,PUBLIC,60,S8_EXTENDED_0530_2400,330,1440,1110,IDEALISED_6_DAY_52_WEEK,312,0.00,8307.040811946410,0.364011177271,Calco,0.175453129957,12,567.000000000,8307.040811946410,0.364011177271,Calco,0.175453129957,12,567.000000000,15.710807811,31.306760484,90682.782685,1,1,1,1,3,1,1,1,1.000000000,true,true,1,1.000000000,21.439074593,21.439074593,21.439074593,21.439074593,0,,0,,,,true,true,false,false,false,false,true,true,true,false,false,false,false,BASE_UNRESTRICTED,true,false,false,true,"{""R2_9f54d35950504cf94579"":37}",60,60,298.505348409,93133.668704,90682.782685,2450.886019,9.913807487,1,1,1,0,19,"[0,2,5]",LEXICOGRAPHIC_ROUTE_UNWEIGHTED_S8_ROBUSTNESS_MARGIN5_THEN2_THEN0__THEN_MIN_EXACT_FLEET__THEN_KM__THEN_PHASE_VECTOR,true,false,false,1,0,0,21.439074593,21.439074593,1,0,0,21.439074593,21.439074593,1,0,0,21.439074593,21.439074593
P2PLAN_972ff6fdda63a351,P2_b3af627396fc68a3,two_independent_loops,PUBLIC,60,CORE_0600_2200,360,1320,960,IDEALISED_6_DAY_52_WEEK,312,0.00,8508.593784613995,0.372843147226,La Valletta Brianza,0.011997838656,16,676.000000000,8508.593784613995,0.372843147226,La Valletta Brianza,0.011997838656,16,676.000000000,21.292352269,42.032262653,106291.422527,1,2,2,3,3,3,2,2,1.000000000,true,true,2,1.000000000,17.520567311,24.537690310,24.537690310,26.965306950,0,,0,,,,true,true,false,false,false,false,true,true,true,false,false,false,false,BASE_UNRESTRICTED,true,false,false,true,"{""R2_9709d9b43ced9a82d911"":37,""R2_b2032eeb31cba06561f0"":37}",3600,3600,340.677636304,106291.422527,106291.422527,-0.000000,11.208603374,2,2,2,0,32,"[0,2,5]",LEXICOGRAPHIC_ROUTE_UNWEIGHTED_S8_ROBUSTNESS_MARGIN5_THEN2_THEN0__THEN_MIN_EXACT_FLEET__THEN_KM__THEN_PHASE_VECTOR,true,false,false,0,2,2,18.994788198,22.986226699,0,2,2,18.994788198,22.986226699,0,2,2,18.994788198,22.986226699
P2PLAN_973d2b8544aa3248,P2_ae7b27c3ff0f84ae,two_independent_loops,PUBLIC,60,S8_EXTENDED_0530_2400,330,1440,1110,IDEALISED_5_DAY_52_WEEK,260,0.00,8769.002693621667,0.384254160568,Santa Maria Hoè,0.000000000000,12,753.000000000,8769.002693621667,0.384254160568,Santa Maria Hoè,0.000000000000,12,753.000000000,22.973281522,44.845694790,110501.484121,1,2,2,1,4,1,2,2,1.000000000,true,true,2,1.000000000,16.113851242,24.537690310,21.669111604,30.092950672,0,,0,,,,true,true,false,false,false,false,true,true,true,false,false,false,false,BASE_UNRESTRICTED,true,false,false,true,"{""R2_79be5eaf09b6cc81e446"":16,""R2_b2032eeb31cba06561f0"":57}",3600,1800,420.839081411,109418.161167,110501.484121,-1083.322954,13.687025242,1,2,2,0,37,"[0,2,5]",LEXICOGRAPHIC_ROUTE_UNWEIGHTED_S8_ROBUSTNESS_MARGIN5_THEN2_THEN0__THEN_MIN_EXACT_FLEET__THEN_KM__THEN_PHASE_VECTOR,true,false,false,1,1,3,22.996258100,24.537690310,1,1,3,22.996258100,24.537690310,1,1,3,25.773888281,30.092950672
P2PLAN_983fbbfc8baa92c1,P2_a70af9f09fa715b4,two_independent_loops,PUBLIC,60,CORE_0600_2200,360,1320,960,IDEALISED_DAILY_YEAR,365,0.00,6896.570940818303,0.302204956510,Brivio,0.000000000000,16,787.000000000,6896.570940818303,0.302204956510,Brivio,0.000000000000,16,787.000000000,18.896748706,33.859030435,110357.012443,1,1,2,2,2,2,2,2,1.000000000,true,true,2,1.000000000,20.574810827,25.570062903,20.574810827,25.570062903,0,,0,,,,true,true,false,false,false,false,true,true,true,false,false,false,false,BASE_UNRESTRICTED,true,false,false,true,"{""R2_111bca1495da90b445bb"":59,""R2_8c12b57f15614f4ec362"":37}",3600,3600,302.347979296,110357.012443,110357.012443,0.000000,9.029074783,1,1,2,0,32,"[0,2,5]",LEXICOGRAPHIC_ROUTE_UNWEIGHTED_S8_ROBUSTNESS_MARGIN5_THEN2_THEN0__THEN_MIN_EXACT_FLEET__THEN_KM__THEN_PHASE_VECTOR,true,false,false,1,1,1,18.305266559,20.574810827,1,1,1,18.305266559,20.574810827,0,2,2,21.038096253,26.040470215
P2PLAN_99801562ada7713c,P2_fa603ab2af99a6aa,single_compact_loop,PUBLIC,20,CORE_0600_2200,360,1320,960,IDEALISED_DAILY_YEAR,365,0.00,4655.606163078575,0.204006783968,La Valletta Brianza,0.009189912991,0,0.000000000,4655.606163078575,0.204006783968,La Valletta Brianza,0.009189912991,0,0.000000000,5.660087272,13.352350807,99164.729005,1,2,2,1,1,1,1,1,1.000000000,true,true,1,1.000000000,11.712772524,11.712772524,11.712772524,11.712772524,0,,0,,,,true,true,true,false,false,false,true,true,true,false,false,false,false,BASE_FREQUENT_30;BASE_UNRESTRICTED,true,false,false,true,"{""R2_fc3196ae85a4ca6d0ece"":7}",20,20,271.684189056,99164.729005,99164.729005,0.000000,10.681880646,1,2,2,0,48,"[0,2,5]",LEXICOGRAPHIC_ROUTE_UNWEIGHTED_S8_ROBUSTNESS_MARGIN5_THEN2_THEN0__THEN_MIN_EXACT_FLEET__THEN_KM__THEN_PHASE_VECTOR,true,false,false,0,1,1,11.655320574,11.655320574,0,1,1,11.655320574,11.655320574,0,1,1,15.339763444,15.339763444
P2PLAN_9aae952a754f3a40,P2_b9a75a1ac2e9efe8,two_independent_loops,PUBLIC,60,CORE_0600_2200,360,1320,960,IDEALISED_5_DAY_52_WEEK,260,0.00,8038.724764428125,0.352253676309,Brivio,0.274051753101,20,1055.000000000,8038.724764428125,0.352253676309,Brivio,0.274051753101,20,1055.000000000,26.128625944,51.030923409,108695.083927,2,2,2,2,3,2,2,2,1.000000000,true,true,2,1.000000000,22.068294168,24.935372714,22.068294168,24.935372714,0,,0,,,,true,true,false,false,false,false,true,true,true,false,false,false,false,BASE_UNRESTRICTED,true,false,false,true,"{""R2_aa6c2d56707742b372cd"":37,""R2_c1c2b414d86488a77074"":37}",3600,3600,418.058015104,108695.083927,108695.083927,0.000000,13.608246242,2,2,2,0,32,"[0,2,5]",LEXICOGRAPHIC_ROUTE_UNWEIGHTED_S8_ROBUSTNESS_MARGIN5_THEN2_THEN0__THEN_MIN_EXACT_FLEET__THEN_KM__THEN_PHASE_VECTOR,true,false,false,0,2,2,16.745123009,20.956292463,0,2,2,21.467492829,21.978693194,0,2,2,21.467492829,21.978693194
P2PLAN_9b0002042545953d,P2_797f3c5fa3d228fb,blank_slate,PUBLIC,15,CORE_0600_2200,360,1320,960,IDEALISED_DAILY_YEAR,365,0.00,5651.766671621381,0.247658135595,Brivio,0.000000000000,2,221.000000000,5651.766671621381,0.247658135595,Brivio,0.000000000000,2,221.000000000,4.533771494,9.917995248,105908.902100,1,2,2,1,1,1,1,1,1.000000000,true,true,1,1.000000000,10.605827031,10.605827031,10.605827031,10.605827031,0,,0,,,,true,true,true,false,false,false,true,true,true,false,false,false,false,BASE_FREQUENT_30;BASE_UNRESTRICTED,true,false,false,true,"{""R2_c5de37de500b158213f8"":7}",15,15,290.161375616,105908.902100,105908.902100,-0.000000,10.579194931,1,2,2,0,64,"[0,2,5]",LEXICOGRAPHIC_ROUTE_UNWEIGHTED_S8_ROBUSTNESS_MARGIN5_THEN2_THEN0__THEN_MIN_EXACT_FLEET__THEN_KM__THEN_PHASE_VECTOR,true,false,false,0,1,1,10.590392589,10.590392589,0,1,1,13.323933402,13.323933402,0,1,1,13.323933402,13.323933402
P2PLAN_9b06e598005d91fa,P2_d4388d9ed51cdac6,blank_slate,PUBLIC,60,S8_EXTENDED_0530_2400,330,1440,1110,IDEALISED_DAILY_YEAR,365,0.00,7540.016299701876,0.330400472567,Brivio,0.000000000000,12,733.000000000,7540.016299701876,0.330400472567,Brivio,0.000000000000,12,733.000000000,14.406614230,25.497508542,97280.662588,1,1,1,2,2,2,1,1,1.000000000,true,true,1,1.000000000,18.788440203,18.788440203,24.343700564,24.343700564,0,,0,,,,true,true,false,false,false,false,true,true,true,false,false,false,false,BASE_UNRESTRICTED,true,false,false,true,"{""R2_b6938accc594612f8532"":55}",60,60,273.725670370,99909.869685,97280.662588,2629.207097,8.074211038,1,1,1,0,19,"[0,2,5]",LEXICOGRAPHIC_ROUTE_UNWEIGHTED_S8_ROBUSTNESS_MARGIN5_THEN2_THEN0__THEN_MIN_EXACT_FLEET__THEN_KM__THEN_PHASE_VECTOR,true,false,false,1,0,0,18.788440203,18.788440203,1,0,0,24.343700564,24.343700564,1,0,0,24.343700564,24.343700564
P2PLAN_9bb5b1177570a45a,P2_a459a3624cc79469,single_compact_loop,PUBLIC,60,CORE_0600_2200,360,1320,960,IDEALISED_DAILY_YEAR,365,0.00,6004.310226213206,0.263106451939,Santa Maria Hoè,0.020638447805,12,753.000000000,6004.310226213206,0.263106451939,Santa Maria Hoè,0.020638447805,12,753.000000000,14.627516222,26.973909176,85424.694736,1,1,1,3,1,3,1,1,1.000000000,true,true,1,1.000000000,18.050239886,18.050239886,18.050239886,18.050239886,0,,0,,,,true,true,false,false,false,false,true,true,true,false,false,false,false,BASE_UNRESTRICTED,true,false,false,true,"{""R2_8c7957417e41db130216"":37}",60,60,234.040259552,85424.694736,85424.694736,0.000000,7.193042447,1,1,1,0,16,"[0,2,5]",LEXICOGRAPHIC_ROUTE_UNWEIGHTED_S8_ROBUSTNESS_MARGIN5_THEN2_THEN0__THEN_MIN_EXACT_FLEET__THEN_KM__THEN_PHASE_VECTOR,true,false,false,0,1,1,23.515899274,23.515899274,0,1,1,23.515899274,23.515899274,0,1,1,23.515899274,23.515899274
P2PLAN_9c531b4c5e4f1a6b,P2_fa603ab2af99a6aa,single_compact_loop,PUBLIC,20,CORE_0600_2200,360,1320,960,IDEALISED_6_DAY_52_WEEK,312,0.00,4655.606163078575,0.204006783968,La Valletta Brianza,0.009189912991,0,0.000000000,4655.606163078575,0.204006783968,La Valletta Brianza,0.009189912991,0,0.000000000,5.660087272,13.352350807,84765.466985,1,2,2,1,1,1,1,1,1.000000000,true,true,1,1.000000000,11.712772524,11.712772524,11.712772524,11.712772524,0,,0,,,,true,true,true,false,false,false,true,true,true,false,false,false,false,BASE_FREQUENT_30;BASE_UNRESTRICTED,true,false,false,true,"{""R2_fc3196ae85a4ca6d0ece"":7}",20,20,271.684189056,84765.466985,84765.466985,0.000000,10.681880646,1,2,2,0,48,"[0,2,5]",LEXICOGRAPHIC_ROUTE_UNWEIGHTED_S8_ROBUSTNESS_MARGIN5_THEN2_THEN0__THEN_MIN_EXACT_FLEET__THEN_KM__THEN_PHASE_VECTOR,true,false,false,0,1,1,11.655320574,11.655320574,0,1,1,11.655320574,11.655320574,0,1,1,15.339763444,15.339763444
P2PLAN_9c6117821141b0e9,P2_46ac3434edd59d8e,single_compact_loop,PUBLIC,30,CORE_0600_2200,360,1320,960,IDEALISED_DAILY_YEAR,365,0.00,3589.568044191300,0.157293423644,Brivio,0.011016508985,6,245.000000000,3589.568044191300,0.157293423644,Brivio,0.011016508985,6,245.000000000,9.312029235,15.929613105,108764.501465,1,1,2,1,1,1,1,1,1.000000000,true,true,1,1.000000000,16.072387921,16.072387921,16.072387921,16.072387921,0,,0,,,,true,true,true,false,false,false,true,true,true,false,false,false,false,BASE_FREQUENT_30;BASE_UNRESTRICTED,true,false,false,true,"{""R2_cba9391a775bcf131254"":7}",30,30,297.984935520,108764.501465,108764.501465,-0.000000,8.495793656,1,1,2,0,32,"[0,2,5]",LEXICOGRAPHIC_ROUTE_UNWEIGHTED_S8_ROBUSTNESS_MARGIN5_THEN2_THEN0__THEN_MIN_EXACT_FLEET__THEN_KM__THEN_PHASE_VECTOR,true,false,false,0,1,1,6.627648283,6.627648283,0,1,1,6.627648283,6.627648283,0,1,1,16.072387921,16.072387921
P2PLAN_9dd6bba7a97bcf9c,P2_62301db72bc6e899,blank_slate,PUBLIC,30,CORE_0600_2200,360,1320,960,IDEALISED_6_DAY_52_WEEK,312,0.00,5574.479414711163,0.244271439176,La Valletta Brianza,0.009189912991,6,490.000000000,5574.479414711163,0.244271439176,La Valletta Brianza,0.009189912991,6,490.000000000,10.773093832,18.307958974,107558.568819,1,1,2,2,2,2,1,1,1.000000000,true,true,1,1.000000000,14.883214987,14.883214987,14.883214987,14.883214987,0,,0,,,,true,true,true,false,false,false,true,true,true,false,false,false,false,BASE_FREQUENT_30;BASE_UNRESTRICTED,true,false,false,true,"{""R2_e49df5a7f4542c2b9f1d"":7}",30,30,344.739002624,107558.568819,107558.568819,-0.000000,9.764244786,1,1,2,0,32,"[0,2,5]",LEXICOGRAPHIC_ROUTE_UNWEIGHTED_S8_ROBUSTNESS_MARGIN5_THEN2_THEN0__THEN_MIN_EXACT_FLEET__THEN_KM__THEN_PHASE_VECTOR,true,false,false,0,1,1,5.438475348,5.438475348,0,1,1,14.883214987,14.883214987,0,1,1,14.883214987,14.883214987
P2PLAN_9e3a4d2bed1ea086,P2_017387704e90dfa7,interlined_figure8,PUBLIC,60,CORE_0600_2200,360,1320,960,IDEALISED_6_DAY_52_WEEK,312,0.00,8376.450829737198,0.367052696251,Calco,0.171996948300,12,567.000000000,8376.450829737198,0.367052696251,Calco,0.171996948300,12,567.000000000,19.348490861,36.400255707,96587.666378,1,1,2,1,4,1,2,2,1.000000000,true,true,2,1.000000000,20.336570784,24.537690310,20.336570784,24.537690310,0,,0,,,,true,true,false,false,false,false,true,true,true,false,false,false,false,BASE_UNRESTRICTED,true,false,false,true,"{""R2_2ffb6743b10bb3f0a97d"":39,""R2_b2032eeb31cba06561f0"":37}",3600,3600,309.575853776,96587.666378,96587.666378,0.000000,9.706734855,2,2,2,0,32,"[0,2,5]",LEXICOGRAPHIC_ROUTE_UNWEIGHTED_S8_ROBUSTNESS_MARGIN5_THEN2_THEN0__THEN_MIN_EXACT_FLEET__THEN_KM__THEN_PHASE_VECTOR,true,false,false,0,2,2,17.625159754,20.246969810,0,2,2,20.402789935,25.802230172,0,2,2,20.402789935,25.802230172
P2PLAN_9e493ea9a54ae6f8,P2_4dc90710cb9ea40a,hybrid_interlined,PUBLIC,20,CORE_0600_2200,360,1320,960,IDEALISED_DAILY_YEAR,365,0.00,4756.236167303790,0.208416350158,Brivio,0.000465712767,0,0.000000000,4756.236167303790,0.208416350158,Brivio,0.000465712767,0,0.000000000,5.697547748,12.969824297,99821.036545,2,2,3,1,1,1,2,2,1.000000000,true,true,2,1.000000000,10.971105895,11.173631266,12.822859349,14.321877812,0,,0,,,,true,true,true,false,false,false,true,true,true,false,false,false,false,BASE_FREQUENT_30;BASE_UNRESTRICTED,true,false,false,true,"{""R2_40023c3a09f861e4df2b"":10,""R2_89faf7404f5ba6502188"":12}",400,400,273.482291904,99821.036545,99821.036545,-0.000000,10.375859438,2,2,3,0,96,"[0,2,5]",LEXICOGRAPHIC_ROUTE_UNWEIGHTED_S8_ROBUSTNESS_MARGIN5_THEN2_THEN0__THEN_MIN_EXACT_FLEET__THEN_KM__THEN_PHASE_VECTOR,true,false,false,0,2,2,11.954585836,12.792992357,0,2,2,15.102832383,15.941238904,0,2,2,15.989310100,16.037381296
P2PLAN_9ec50a3a79b14b03,P2_067e6c7ae6cb14c4,blank_slate,PUBLIC,20,CORE_0600_2200,360,1320,960,IDEALISED_DAILY_YEAR,365,0.00,4634.226113818080,0.203069918834,La Valletta Brianza,0.000000000000,6,490.000000000,4634.226113818080,0.203069918834,La Valletta Brianza,0.000000000000,6,490.000000000,5.699126388,10.510258833,99848.694318,1,2,2,1,1,1,1,1,1.000000000,true,true,1,1.000000000,9.985571965,9.985571965,13.133818511,13.133818511,0,,0,,,,true,true,true,false,false,false,true,true,true,false,false,false,false,BASE_FREQUENT_30;BASE_UNRESTRICTED,true,false,false,true,"{""R2_717987377cd99367dc20"":10}",20,20,273.558066624,99848.694318,99848.694318,-0.000000,8.408207066,1,2,2,0,48,"[0,2,5]",LEXICOGRAPHIC_ROUTE_UNWEIGHTED_S8_ROBUSTNESS_MARGIN5_THEN2_THEN0__THEN_MIN_EXACT_FLEET__THEN_KM__THEN_PHASE_VECTOR,true,false,false,0,1,1,13.076366561,13.076366561,0,1,1,13.076366561,13.076366561,0,1,1,14.849321995,14.849321995
P2PLAN_9f606ab210bd3fb5,P2_edf8841736cce165,blank_slate,PUBLIC,60,S8_EXTENDED_0530_2400,330,1440,1110,IDEALISED_5_DAY_52_WEEK,260,0.00,8307.040811946410,0.364011177271,Calco,0.175453129957,12,567.000000000,8307.040811946410,0.364011177271,Calco,0.175453129957,12,567.000000000,15.710807811,31.306760484,75568.985571,1,1,1,1,3,1,1,1,1.000000000,true,true,1,1.000000000,21.439074593,21.439074593,21.439074593,21.439074593,0,,0,,,,true,true,false,false,false,false,true,true,true,false,false,false,false,BASE_UNRESTRICTED,true,false,false,true,"{""R2_9f54d35950504cf94579"":37}",60,60,298.505348409,77611.390586,75568.985571,2042.405015,9.913807487,1,1,1,0,19,"[0,2,5]",LEXICOGRAPHIC_ROUTE_UNWEIGHTED_S8_ROBUSTNESS_MARGIN5_THEN2_THEN0__THEN_MIN_EXACT_FLEET__THEN_KM__THEN_PHASE_VECTOR,true,false,false,1,0,0,21.439074593,21.439074593,1,0,0,21.439074593,21.439074593,1,0,0,21.439074593,21.439074593
P2PLAN_a024e7d0a0353976,P2_3e9262447422e26a,blank_slate,PUBLIC,60,CORE_0600_2200,360,1320,960,IDEALISED_DAILY_YEAR,365,0.00,4653.116406723527,0.203897683849,Brivio,0.010743097632,16,1308.000000000,4653.116406723527,0.203897683849,Brivio,0.010743097632,16,1308.000000000,18.169483853,33.552971384,106109.785702,1,1,1,4,0,4,1,1,1.000000000,true,true,1,1.000000000,24.205448421,24.205448421,24.205448421,24.205448421,0,,0,,,,true,true,false,false,false,false,true,true,true,false,false,false,false,BASE_UNRESTRICTED,true,false,false,true,"{""R2_f4436cf0e19fc17dd484"":37}",60,60,290.711741648,106109.785702,106109.785702,-0.000000,8.947459036,1,1,1,0,16,"[0,2,5]",LEXICOGRAPHIC_ROUTE_UNWEIGHTED_S8_ROBUSTNESS_MARGIN5_THEN2_THEN0__THEN_MIN_EXACT_FLEET__THEN_KM__THEN_PHASE_VECTOR,true,false,false,0,1,1,20.226368170,20.226368170,0,1,1,20.226368170,20.226368170,0,1,1,20.226368170,20.226368170
P2PLAN_a14c3eeded71bec6,P2_8031197355654327,blank_slate,PUBLIC,20,CORE_0600_2200,360,1320,960,IDEALISED_6_DAY_52_WEEK,312,0.00,4172.490484783842,0.182836849837,La Valletta Brianza,0.009189912991,2,221.000000000,4172.490484783842,0.182836849837,La Valletta Brianza,0.009189912991,2,221.000000000,6.720995939,11.195909750,100653.635182,1,2,2,1,1,1,1,1,1.000000000,true,true,1,1.000000000,12.790993053,12.790993053,12.790993053,12.790993053,0,,0,,,,true,true,true,false,false,false,true,true,true,false,false,false,false,BASE_FREQUENT_30;BASE_UNRESTRICTED,true,false,false,true,"{""R2_720949d9745b883ea795"":9}",20,20,322.607805072,100653.635182,100653.635182,0.000000,8.956727800,1,2,2,0,48,"[0,2,5]",LEXICOGRAPHIC_ROUTE_UNWEIGHTED_S8_ROBUSTNESS_MARGIN5_THEN2_THEN0__THEN_MIN_EXACT_FLEET__THEN_KM__THEN_PHASE_VECTOR,true,false,false,0,1,1,12.733541102,12.733541102,0,1,1,12.733541102,12.733541102,0,1,1,16.417983973,16.417983973
P2PLAN_a15c2f105e500ac4,P2_53fd2d4d99e137fc,blank_slate,PUBLIC,15,CORE_0600_2200,360,1320,960,IDEALISED_5_DAY_52_WEEK,260,0.00,4655.606163078575,0.204006783968,La Valletta Brianza,0.009189912991,0,0.000000000,4655.606163078575,0.204006783968,La Valletta Brianza,0.009189912991,0,0.000000000,5.660087272,13.352350807,94183.852206,2,2,2,1,1,1,1,1,1.000000000,true,true,1,1.000000000,8.888649251,8.888649251,13.611019070,13.611019070,0,,0,,,,true,true,true,false,false,false,true,true,true,false,false,false,false,BASE_FREQUENT_30;BASE_UNRESTRICTED,true,false,false,true,"{""R2_fc3196ae85a4ca6d0ece"":7}",15,15,362.245585408,94183.852206,94183.852206,0.000000,14.242507527,2,2,2,0,64,"[0,2,5]",LEXICOGRAPHIC_ROUTE_UNWEIGHTED_S8_ROBUSTNESS_MARGIN5_THEN2_THEN0__THEN_MIN_EXACT_FLEET__THEN_KM__THEN_PHASE_VECTOR,true,false,false,0,1,1,11.606755622,11.606755622,0,1,1,11.606755622,11.606755622,0,1,1,11.606755622,11.606755622
P2PLAN_a27281cea39ebe9b,P2_9858dc3c94ecb6ac,single_compact_loop,PUBLIC,30,CORE_0600_2200,360,1320,960,IDEALISED_DAILY_YEAR,365,0.00,4632.125246860367,0.202977859691,Brivio,0.000000000000,9,844.000000000,4632.125246860367,0.202977859691,Brivio,0.000000000000,9,844.000000000,8.217583299,13.280456005,95981.372932,1,1,1,1,2,1,1,1,1.000000000,true,true,1,1.000000000,17.396966471,17.396966471,17.396966471,17.396966471,0,,0,,,,true,true,true,false,false,false,true,true,true,false,false,false,false,BASE_FREQUENT_30;BASE_UNRESTRICTED,true,false,false,true,"{""R2_e641044e83a327ab5732"":7}",30,30,262.962665568,95981.372932,95981.372932,0.000000,7.082909869,1,1,1,0,32,"[0,2,5]",LEXICOGRAPHIC_ROUTE_UNWEIGHTED_S8_ROBUSTNESS_MARGIN5_THEN2_THEN0__THEN_MIN_EXACT_FLEET__THEN_KM__THEN_PHASE_VECTOR,true,false,false,0,1,1,7.952226833,7.952226833,0,1,1,7.952226833,7.952226833,0,1,1,7.952226833,7.952226833
P2PLAN_a2cc2c226ce83c32,P2_46d3fc0e6b13df71,blank_slate,PUBLIC,20,S8_EXTENDED_0530_2400,330,1440,1110,IDEALISED_6_DAY_52_WEEK,312,0.00,5782.991207416099,0.253408341817,La Valletta Brianza,0.000000000000,2,221.000000000,5782.991207416099,0.253408341817,La Valletta Brianza,0.000000000000,2,221.000000000,6.155031649,10.562667935,106580.528034,1,2,2,0,2,0,1,0,0.000000000,false,false,1,0.000000000,,,,,0,,0,,,,true,true,true,false,false,false,true,true,true,false,false,false,false,BASE_FREQUENT_30;BASE_UNRESTRICTED,true,false,false,true,"{""R2_6430b8f6d93aae646d8f"":10}",20,20,344.681772344,107540.712971,106580.528034,960.184937,9.858490073,1,2,2,0,56,"[0,2,5]",LEXICOGRAPHIC_ROUTE_UNWEIGHTED_S8_ROBUSTNESS_MARGIN5_THEN2_THEN0__THEN_MIN_EXACT_FLEET__THEN_KM__THEN_PHASE_VECTOR,true,false,false,0,1,1,13.141282205,13.141282205,0,1,1,13.141282205,13.141282205,0,1,1,14.959367414,14.959367414
P2PLAN_a2d1d45b7e49c33d,P2_ab922de5c6fa2869,blank_slate,PUBLIC,60,S8_EXTENDED_0530_2400,330,1440,1110,IDEALISED_DAILY_YEAR,365,0.00,6004.310226213206,0.263106451939,Santa Maria Hoè,0.020638447805,12,753.000000000,6004.310226213206,0.263106451939,Santa Maria Hoè,0.020638447805,12,753.000000000,14.627516222,26.973909176,98772.303289,1,1,1,3,1,3,1,1,1.000000000,true,true,1,1.000000000,18.050239886,18.050239886,23.605500247,23.605500247,0,,0,,,,true,true,false,false,false,false,true,true,true,false,false,false,false,BASE_UNRESTRICTED,true,false,false,true,"{""R2_8c7957417e41db130216"":37}",60,60,277.922808218,101441.825000,98772.303289,2669.521711,8.541737906,1,1,1,0,19,"[0,2,5]",LEXICOGRAPHIC_ROUTE_UNWEIGHTED_S8_ROBUSTNESS_MARGIN5_THEN2_THEN0__THEN_MIN_EXACT_FLEET__THEN_KM__THEN_PHASE_VECTOR,true,false,false,1,0,0,23.605500247,23.605500247,1,0,0,23.605500247,23.605500247,1,0,0,23.605500247,23.605500247
P2PLAN_a2f4ecec8efbef5a,P2_c4fc2e0b8cb9f7d5,blank_slate,PUBLIC,60,S8_EXTENDED_0530_2400,330,1440,1110,IDEALISED_5_DAY_52_WEEK,260,0.00,7577.668568750701,0.332050379807,Brivio,0.165641587049,20,1055.000000000,7577.668568750701,0.332050379807,Brivio,0.165641587049,20,1055.000000000,22.336071182,36.748163686,107436.502385,1,1,1,1,3,1,1,1,1.000000000,true,true,1,1.000000000,18.718372992,18.718372992,18.718372992,18.718372992,0,,0,,,,true,true,false,false,false,false,true,true,true,false,false,false,false,BASE_UNRESTRICTED,true,false,false,true,"{""R2_003fb677922b3a103696"":37}",60,60,424.385352458,110340.191639,107436.502385,2903.689254,11.636918501,1,1,1,0,19,"[0,2,5]",LEXICOGRAPHIC_ROUTE_UNWEIGHTED_S8_ROBUSTNESS_MARGIN5_THEN2_THEN0__THEN_MIN_EXACT_FLEET__THEN_KM__THEN_PHASE_VECTOR,true,false,false,1,0,0,18.718372992,18.718372992,1,0,0,18.718372992,18.718372992,1,0,0,18.718372992,18.718372992
P2PLAN_a462a2c89f348b80,P2_9858dc3c94ecb6ac,single_compact_loop,PUBLIC,20,CORE_0600_2200,360,1320,960,IDEALISED_5_DAY_52_WEEK,260,0.00,4632.125246860367,0.202977859691,Brivio,0.000000000000,9,844.000000000,4632.125246860367,0.202977859691,Brivio,0.000000000000,9,844.000000000,8.217583299,13.280456005,102555.439572,1,2,2,1,2,1,1,1,1.000000000,true,true,1,1.000000000,11.748719925,11.748719925,11.748719925,11.748719925,0,,0,,,,true,true,true,false,false,false,true,true,true,false,false,false,false,BASE_FREQUENT_30;BASE_UNRESTRICTED,true,false,false,true,"{""R2_e641044e83a327ab5732"":7}",20,20,394.443998352,102555.439572,102555.439572,-0.000000,10.624364804,1,2,2,0,48,"[0,2,5]",LEXICOGRAPHIC_ROUTE_UNWEIGHTED_S8_ROBUSTNESS_MARGIN5_THEN2_THEN0__THEN_MIN_EXACT_FLEET__THEN_KM__THEN_PHASE_VECTOR,true,false,false,0,1,1,11.691267975,11.691267975,0,1,1,11.691267975,11.691267975,0,1,1,15.375710845,15.375710845
P2PLAN_a64c5d70e6601ae5,P2_4dc90710cb9ea40a,hybrid_interlined,PUBLIC,15,S8_EXTENDED_0530_2400,330,1440,1110,IDEALISED_5_DAY_52_WEEK,260,0.00,4756.236167303790,0.208416350158,Brivio,0.000465712767,0,0.000000000,4756.236167303790,0.208416350158,Brivio,0.000465712767,0,0.000000000,5.697547748,12.969824297,109620.818672,2,3,3,1,1,1,2,0,0.000000000,false,false,2,0.000000000,,,,,0,,0,,,,true,true,true,false,false,false,true,true,true,false,false,false,false,BASE_FREQUENT_30;BASE_UNRESTRICTED,true,false,false,true,"{""R2_40023c3a09f861e4df2b"":1,""R2_89faf7404f5ba6502188"":7}",225,225,421.618533352,109620.818672,109620.818672,-0.000000,15.996116633,2,3,3,0,148,"[0,2,5]",LEXICOGRAPHIC_ROUTE_UNWEIGHTED_S8_ROBUSTNESS_MARGIN5_THEN2_THEN0__THEN_MIN_EXACT_FLEET__THEN_KM__THEN_PHASE_VECTOR,true,false,false,0,2,4,12.315252950,13.146982622,0,2,4,12.315252950,13.146982622,0,2,4,13.685043176,14.223103730
P2PLAN_a89203b8403b6401,P2_d86502ecc64d77d7,blank_slate,PUBLIC,30,CORE_0600_2200,360,1320,960,IDEALISED_5_DAY_52_WEEK,260,0.00,6326.407867808635,0.277220640658,Santa Maria Hoè,0.000000000000,12,753.000000000,6326.407867808635,0.277220640658,Santa Maria Hoè,0.000000000000,12,753.000000000,11.858439193,20.579783049,98662.214086,1,2,2,2,2,2,1,1,1.000000000,true,true,1,1.000000000,13.747302949,13.747302949,13.747302949,13.747302949,0,,0,,,,true,true,true,false,false,false,true,true,true,false,false,false,false,BASE_FREQUENT_30;BASE_UNRESTRICTED,true,false,false,true,"{""R2_66178834b287021b850c"":7}",30,30,379.470054176,98662.214086,98662.214086,-0.000000,10.975884293,1,2,2,0,32,"[0,2,5]",LEXICOGRAPHIC_ROUTE_UNWEIGHTED_S8_ROBUSTNESS_MARGIN5_THEN2_THEN0__THEN_MIN_EXACT_FLEET__THEN_KM__THEN_PHASE_VECTOR,true,false,false,0,1,1,13.747302949,13.747302949,0,1,1,13.747302949,13.747302949,0,1,1,13.747302949,13.747302949
P2PLAN_a92692f05958cba8,P2_edf8841736cce165,blank_slate,PUBLIC,60,S8_EXTENDED_0530_2400,330,1440,1110,IDEALISED_DAILY_YEAR,365,0.00,8307.040811946410,0.364011177271,Calco,0.175453129957,12,567.000000000,8307.040811946410,0.364011177271,Calco,0.175453129957,12,567.000000000,15.710807811,31.306760484,106087.229744,1,1,1,1,3,1,1,1,1.000000000,true,true,1,1.000000000,21.439074593,21.439074593,21.439074593,21.439074593,0,,0,,,,true,true,false,false,false,false,true,true,true,false,false,false,false,BASE_UNRESTRICTED,true,false,false,true,"{""R2_9f54d35950504cf94579"":37}",60,60,298.505348409,108954.452169,106087.229744,2867.222425,9.913807487,1,1,1,0,19,"[0,2,5]",LEXICOGRAPHIC_ROUTE_UNWEIGHTED_S8_ROBUSTNESS_MARGIN5_THEN2_THEN0__THEN_MIN_EXACT_FLEET__THEN_KM__THEN_PHASE_VECTOR,true,false,false,1,0,0,21.439074593,21.439074593,1,0,0,21.439074593,21.439074593,1,0,0,21.439074593,21.439074593
P2PLAN_ab93cf96de300a99,P2_ad5408ca9497179f,interlined_figure8,PUBLIC,60,S8_EXTENDED_0530_2400,330,1440,1110,IDEALISED_5_DAY_52_WEEK,260,0.00,8508.593784613995,0.372843147226,La Valletta Brianza,0.011997838656,16,676.000000000,8508.593784613995,0.372843147226,La Valletta Brianza,0.011997838656,16,676.000000000,21.292352269,42.032262653,102416.214414,1,2,2,3,3,3,2,2,1.000000000,true,true,2,1.000000000,17.520567311,24.537690310,23.075827672,30.092950672,0,,0,,,,true,true,false,false,false,false,true,true,true,false,false,false,false,BASE_UNRESTRICTED,true,false,false,true,"{""R2_9709d9b43ced9a82d911"":37,""R2_b2032eeb31cba06561f0"":57}",3600,3600,404.554693111,105184.220209,102416.214414,2768.005795,13.310216507,2,2,2,0,38,"[0,2,5]",LEXICOGRAPHIC_ROUTE_UNWEIGHTED_S8_ROBUSTNESS_MARGIN5_THEN2_THEN0__THEN_MIN_EXACT_FLEET__THEN_KM__THEN_PHASE_VECTOR,true,false,false,2,0,0,23.806758991,24.537690310,2,0,0,23.806758991,24.537690310,2,0,0,26.584389172,30.092950672
P2PLAN_ac53758ca393c67d,P2_3d110befe0bda5e7,single_compact_loop,PUBLIC,20,CORE_0600_2200,360,1320,960,IDEALISED_DAILY_YEAR,365,0.00,4634.226113818080,0.203069918834,La Valletta Brianza,0.000000000000,6,490.000000000,4634.226113818080,0.203069918834,La Valletta Brianza,0.000000000000,6,490.000000000,5.699126388,10.510258833,99848.694318,1,2,2,1,1,1,1,1,1.000000000,true,true,1,1.000000000,9.985571965,9.985571965,13.133818511,13.133818511,0,,0,,,,true,true,true,false,false,false,true,true,true,false,false,false,false,BASE_FREQUENT_30;BASE_UNRESTRICTED,true,false,false,true,"{""R2_717987377cd99367dc20"":10}",20,20,273.558066624,99848.694318,99848.694318,-0.000000,8.408207066,1,2,2,0,48,"[0,2,5]",LEXICOGRAPHIC_ROUTE_UNWEIGHTED_S8_ROBUSTNESS_MARGIN5_THEN2_THEN0__THEN_MIN_EXACT_FLEET__THEN_KM__THEN_PHASE_VECTOR,true,false,false,0,1,1,13.076366561,13.076366561,0,1,1,13.076366561,13.076366561,0,1,1,14.849321995,14.849321995
P2PLAN_adb3af3df803857d,P2_edf8841736cce165,blank_slate,PUBLIC,60,CORE_0600_2200,360,1320,960,IDEALISED_6_DAY_52_WEEK,312,0.00,8307.040811946410,0.364011177271,Calco,0.175453129957,12,567.000000000,8307.040811946410,0.364011177271,Calco,0.175453129957,12,567.000000000,15.710807811,31.306760484,78428.352593,1,1,1,1,3,1,1,1,1.000000000,true,true,1,1.000000000,25.328553871,25.328553871,25.328553871,25.328553871,0,,0,,,,true,true,false,false,false,false,true,true,true,false,false,false,false,BASE_UNRESTRICTED,true,false,false,true,"{""R2_9f54d35950504cf94579"":37}",60,60,251.372924976,78428.352593,78428.352593,-0.000000,8.348469462,1,1,1,0,16,"[0,2,5]",LEXICOGRAPHIC_ROUTE_UNWEIGHTED_S8_ROBUSTNESS_MARGIN5_THEN2_THEN0__THEN_MIN_EXACT_FLEET__THEN_KM__THEN_PHASE_VECTOR,true,false,false,0,1,1,21.349473620,21.349473620,0,1,1,21.349473620,21.349473620,0,1,1,21.349473620,21.349473620
P2PLAN_adb68df4052ce9f4,P2_d2d270f92e2b6996,single_compact_loop,PUBLIC,60,S8_EXTENDED_0530_2400,330,1440,1110,IDEALISED_5_DAY_52_WEEK,260,0.00,6397.926106363451,0.280354541021,Santa Maria Hoè,0.093473095134,16,1367.000000000,6397.926106363451,0.280354541021,Santa Maria Hoè,0.093473095134,16,1367.000000000,21.614706925,41.714131016,103966.740309,1,1,1,3,1,3,1,1,1.000000000,true,true,1,1.000000000,16.235389327,16.235389327,16.235389327,16.235389327,0,,0,,,,true,true,false,false,false,false,true,true,true,false,false,false,false,BASE_UNRESTRICTED,true,false,false,true,"{""R2_0dfbad056e54a0bf0740"":37}",60,60,410.679431575,106776.652210,103966.740309,2809.911900,13.209474822,1,1,1,0,19,"[0,2,5]",LEXICOGRAPHIC_ROUTE_UNWEIGHTED_S8_ROBUSTNESS_MARGIN5_THEN2_THEN0__THEN_MIN_EXACT_FLEET__THEN_KM__THEN_PHASE_VECTOR,true,false,false,1,0,0,16.235389327,16.235389327,1,0,0,16.235389327,16.235389327,1,0,0,16.235389327,16.235389327
P2PLAN_ae9753f0d1653cba,P2_b2b84af723f36722,blank_slate,PUBLIC,15,CORE_0600_2200,360,1320,960,IDEALISED_5_DAY_52_WEEK,260,0.00,4938.876752505575,0.216419586923,Brivio,0.000000000000,6,356.000000000,4938.876752505575,0.216419586923,Brivio,0.000000000000,6,356.000000000,6.402083324,10.364712479,106530.666511,2,2,2,0,2,0,1,1,1.000000000,true,true,1,1.000000000,10.382468415,10.382468415,10.382468415,10.382468415,0,,0,,,,true,true,true,false,false,false,true,true,true,false,false,false,false,BASE_FREQUENT_30;BASE_UNRESTRICTED,true,false,false,true,"{""R2_39bacbd50eec4c1b1e98"":10}",15,15,409.733332736,106530.666511,106530.666511,0.000000,11.055693311,2,2,2,0,64,"[0,2,5]",LEXICOGRAPHIC_ROUTE_UNWEIGHTED_S8_ROBUSTNESS_MARGIN5_THEN2_THEN0__THEN_MIN_EXACT_FLEET__THEN_KM__THEN_PHASE_VECTOR,true,false,false,1,0,0,10.322944606,10.322944606,0,1,1,13.100574786,13.100574786,0,1,1,13.100574786,13.100574786
P2PLAN_aeac641ae8e7e7d4,P2_f0a0176cad91088e,blank_slate,PUBLIC,60,S8_EXTENDED_0530_2400,330,1440,1110,IDEALISED_6_DAY_52_WEEK,312,0.00,7170.447870735303,0.314206133096,Brivio,0.000050341214,12,733.000000000,7170.447870735303,0.314206133096,Brivio,0.000050341214,12,733.000000000,13.341750246,24.790377776,77008.582420,1,1,1,1,3,1,1,1,1.000000000,true,true,1,1.000000000,19.142005586,19.142005586,24.697265947,24.697265947,0,,0,,,,true,true,false,false,false,false,true,true,true,false,false,false,false,BASE_UNRESTRICTED,true,false,false,true,"{""R2_837c3ae88923898ea40c"":37}",60,60,253.493254674,79089.895458,77008.582420,2081.313038,7.850286296,1,1,1,0,19,"[0,2,5]",LEXICOGRAPHIC_ROUTE_UNWEIGHTED_S8_ROBUSTNESS_MARGIN5_THEN2_THEN0__THEN_MIN_EXACT_FLEET__THEN_KM__THEN_PHASE_VECTOR,true,false,false,1,0,0,19.142005586,19.142005586,1,0,0,24.697265947,24.697265947,1,0,0,24.697265947,24.697265947
P2PLAN_aecca2e93353b1b0,P2_dd354addff4542c4,blank_slate,PUBLIC,30,S8_EXTENDED_0530_2400,330,1440,1110,IDEALISED_6_DAY_52_WEEK,312,0.00,5710.409074073803,0.250227822014,Santa Maria Hoè,0.063137253657,2,90.000000000,5710.409074073803,0.250227822014,Santa Maria Hoè,0.063137253657,2,90.000000000,8.809933330,19.424221353,101701.870362,1,1,2,1,3,1,1,0,0.000000000,false,false,1,0.000000000,,,,,0,,0,,,,true,true,true,false,false,false,true,true,true,false,false,false,false,BASE_FREQUENT_30;BASE_UNRESTRICTED,true,false,false,true,"{""R2_0e3b21bd0041fec416ba"":11}",30,30,325.967533210,101701.870362,101701.870362,-0.000000,11.978269834,1,1,2,0,37,"[0,2,5]",LEXICOGRAPHIC_ROUTE_UNWEIGHTED_S8_ROBUSTNESS_MARGIN5_THEN2_THEN0__THEN_MIN_EXACT_FLEET__THEN_KM__THEN_PHASE_VECTOR,true,false,false,0,1,1,14.325083797,14.325083797,0,1,1,14.325083797,14.325083797,0,1,1,19.880344159,19.880344159
P2PLAN_b04428062663f9fe,P2_b61ce8c56cf408f8,blank_slate,PUBLIC,60,CORE_0600_2200,360,1320,960,IDEALISED_6_DAY_52_WEEK,312,0.00,7412.328417921913,0.324805241097,Calco,0.221840505440,12,567.000000000,7412.328417921913,0.324805241097,Calco,0.221840505440,12,567.000000000,18.024531308,32.269402439,89978.460290,1,1,1,1,3,1,1,1,1.000000000,true,true,1,1.000000000,24.847232893,24.847232893,24.847232893,24.847232893,0,,0,,,,true,true,false,false,false,false,true,true,true,false,false,false,false,BASE_UNRESTRICTED,true,false,false,true,"{""R2_1701c710edcd53eee167"":37}",60,60,288.392500928,89978.460290,89978.460290,-0.000000,8.605173984,1,1,1,0,16,"[0,2,5]",LEXICOGRAPHIC_ROUTE_UNWEIGHTED_S8_ROBUSTNESS_MARGIN5_THEN2_THEN0__THEN_MIN_EXACT_FLEET__THEN_KM__THEN_PHASE_VECTOR,true,false,false,0,1,1,20.868152642,20.868152642,0,1,1,20.868152642,20.868152642,0,1,1,20.868152642,20.868152642
P2PLAN_b16d6492bff0c02b,P2_5dfbeaed19719910,single_compact_loop,PUBLIC,30,S8_EXTENDED_0530_2400,330,1440,1110,IDEALISED_5_DAY_52_WEEK,260,0.00,4193.800470380274,0.183770644809,Brivio,0.000000000000,9,956.000000000,4193.800470380274,0.183770644809,Brivio,0.000000000000,9,956.000000000,11.297012267,26.007322530,108677.258009,2,2,2,4,0,4,1,0,0.000000000,false,false,1,0.000000000,,,,,0,,0,,,,true,true,true,false,false,false,true,true,true,false,false,false,false,BASE_FREQUENT_30;BASE_UNRESTRICTED,true,false,false,true,"{""R2_1a0a15b4ca7335fd6b61"":14}",30,30,417.989453879,108677.258009,108677.258009,-0.000000,16.037848894,2,2,2,0,37,"[0,2,5]",LEXICOGRAPHIC_ROUTE_UNWEIGHTED_S8_ROBUSTNESS_MARGIN5_THEN2_THEN0__THEN_MIN_EXACT_FLEET__THEN_KM__THEN_PHASE_VECTOR,true,false,false,0,1,1,16.588793570,16.588793570,0,1,1,16.588793570,16.588793570,0,1,1,16.588793570,16.588793570
P2PLAN_b22299044bb7d9ca,P2_d3a8f22f24eccaaa,single_compact_loop,PUBLIC,15,S8_EXTENDED_0530_2400,330,1440,1110,IDEALISED_5_DAY_52_WEEK,260,0.00,4075.271893380709,0.178576770380,Brivio,0.000000000000,4,643.000000000,4075.271893380709,0.178576770380,Brivio,0.000000000000,4,643.000000000,4.515070185,7.726686335,86869.950359,1,2,2,1,1,1,1,0,0.000000000,false,false,1,0.000000000,,,,,0,,0,,,,true,true,true,false,false,false,true,true,true,false,false,false,false,BASE_FREQUENT_30;BASE_UNRESTRICTED,true,false,false,true,"{""R2_ce283b4cd4b20a5821a0"":12}",15,15,334.115193690,86869.950359,86869.950359,0.000000,9.529579813,1,2,2,0,74,"[0,2,5]",LEXICOGRAPHIC_ROUTE_UNWEIGHTED_S8_ROBUSTNESS_MARGIN5_THEN2_THEN0__THEN_MIN_EXACT_FLEET__THEN_KM__THEN_PHASE_VECTOR,true,false,false,0,1,2,11.649200497,11.649200497,0,1,2,11.649200497,11.649200497,0,1,2,14.426830678,14.426830678
P2PLAN_b238b48a8ffc039a,P2_0ce6c0bee21b6682,single_compact_loop,PUBLIC,30,CORE_0600_2200,360,1320,960,IDEALISED_6_DAY_52_WEEK,312,0.00,6862.934486120582,0.300731020634,Brivio,0.000465712767,6,375.000000000,6862.934486120582,0.300731020634,Brivio,0.000465712767,6,375.000000000,9.418848321,19.611421438,94037.781637,1,1,2,1,2,1,1,1,1.000000000,true,true,1,1.000000000,14.231483755,14.231483755,14.231483755,14.231483755,0,,0,,,,true,true,true,false,false,false,true,true,true,false,false,false,false,BASE_FREQUENT_30;BASE_UNRESTRICTED,true,false,false,true,"{""R2_700cd5fc23e4fb3cdeab"":7}",30,30,301.403146272,94037.781637,94037.781637,-0.000000,10.459424767,1,1,2,0,32,"[0,2,5]",LEXICOGRAPHIC_ROUTE_UNWEIGHTED_S8_ROBUSTNESS_MARGIN5_THEN2_THEN0__THEN_MIN_EXACT_FLEET__THEN_KM__THEN_PHASE_VECTOR,true,false,false,0,1,1,14.231483755,14.231483755,0,1,1,14.231483755,14.231483755,0,1,1,14.231483755,14.231483755
P2PLAN_b23a447f132bc798,P2_cdd20a132d6e273d,blank_slate,PUBLIC,30,S8_EXTENDED_0530_2400,330,1440,1110,IDEALISED_5_DAY_52_WEEK,260,0.00,6862.934486120582,0.300731020634,Brivio,0.000465712767,6,375.000000000,6862.934486120582,0.300731020634,Brivio,0.000465712767,6,375.000000000,9.418848321,19.611421438,90609.320848,1,1,2,1,2,1,1,0,0.000000000,false,false,1,0.000000000,,,,,0,,0,,,,true,true,true,false,false,false,true,true,true,false,false,false,false,BASE_FREQUENT_30;BASE_UNRESTRICTED,true,false,false,true,"{""R2_700cd5fc23e4fb3cdeab"":21}",30,30,348.497387877,90609.320848,90609.320848,0.000000,12.093709887,1,1,2,0,37,"[0,2,5]",LEXICOGRAPHIC_ROUTE_UNWEIGHTED_S8_ROBUSTNESS_MARGIN5_THEN2_THEN0__THEN_MIN_EXACT_FLEET__THEN_KM__THEN_PHASE_VECTOR,true,false,false,0,1,1,19.786744116,19.786744116,0,1,1,19.786744116,19.786744116,0,1,1,19.786744116,19.786744116
P2PLAN_b6040c3dac01d5d4,P2_ea6ba0958e4b1886,two_independent_loops,PUBLIC,60,CORE_0600_2200,360,1320,960,IDEALISED_5_DAY_52_WEEK,260,0.00,9602.547295120456,0.420779748749,Brivio,0.000465712767,12,733.000000000,9602.547295120456,0.420779748749,Brivio,0.000465712767,12,733.000000000,25.873520725,53.255342368,107633.846216,2,2,2,3,3,3,2,2,1.000000000,true,true,2,1.000000000,24.971370990,26.475346773,24.971370990,26.475346773,0,,0,,,,true,true,false,false,false,false,true,true,true,false,false,false,false,BASE_UNRESTRICTED,true,false,false,true,"{""R2_235ca1ecac202beb00df"":37,""R2_3459f102f372161ea282"":37}",3600,3600,413.976331600,107633.846216,107633.846216,0.000000,14.201424631,2,2,2,0,32,"[0,2,5]",LEXICOGRAPHIC_ROUTE_UNWEIGHTED_S8_ROBUSTNESS_MARGIN5_THEN2_THEN0__THEN_MIN_EXACT_FLEET__THEN_KM__THEN_PHASE_VECTOR,true,false,false,0,2,2,16.189018270,16.941006161,0,2,2,16.189018270,16.941006161,0,2,2,16.189018270,16.941006161
P2PLAN_b684314deb54f102,P2_39a9959520dd71f5,single_compact_loop,PUBLIC,30,S8_EXTENDED_0530_2400,330,1440,1110,IDEALISED_DAILY_YEAR,365,0.00,4860.318769351302,0.212977207792,Brivio,0.000050341214,2,221.000000000,4860.318769351302,0.212977207792,Brivio,0.000050341214,2,221.000000000,7.022970275,12.364302371,94845.213564,1,1,1,1,2,1,1,0,0.000000000,false,false,1,0.000000000,,,,,0,,0,,,,true,true,true,false,false,false,true,true,true,false,false,false,false,BASE_FREQUENT_30;BASE_UNRESTRICTED,true,false,false,true,"{""R2_74ab36c37a99ef5a1c51"":7}",30,30,259.849900175,94845.213564,94845.213564,-0.000000,7.624653129,1,1,1,0,37,"[0,2,5]",LEXICOGRAPHIC_ROUTE_UNWEIGHTED_S8_ROBUSTNESS_MARGIN5_THEN2_THEN0__THEN_MIN_EXACT_FLEET__THEN_KM__THEN_PHASE_VECTOR,true,false,false,0,1,1,8.410303650,8.410303650,0,1,1,8.410303650,8.410303650,0,1,1,8.410303650,8.410303650
P2PLAN_b8ea6951fb649d29,P2_a544a8e68095671f,single_compact_loop,PUBLIC,30,CORE_0600_2200,360,1320,960,IDEALISED_5_DAY_52_WEEK,260,0.00,6969.088001764668,0.305382624867,Santa Maria Hoè,0.131607387804,6,310.000000000,6969.088001764668,0.305382624867,Santa Maria Hoè,0.131607387804,6,310.000000000,12.737427853,21.615741560,105975.399737,1,2,2,0,3,0,1,1,1.000000000,true,true,1,1.000000000,13.229323694,13.229323694,13.229323694,13.229323694,0,,0,,,,true,true,true,false,false,false,true,true,true,false,false,false,false,BASE_FREQUENT_30;BASE_UNRESTRICTED,true,false,false,true,"{""R2_c00de14167977d74b208"":10}",30,30,407.597691296,105975.399737,105975.399737,-0.000000,11.528395499,1,2,2,0,32,"[0,2,5]",LEXICOGRAPHIC_ROUTE_UNWEIGHTED_S8_ROBUSTNESS_MARGIN5_THEN2_THEN0__THEN_MIN_EXACT_FLEET__THEN_KM__THEN_PHASE_VECTOR,true,false,false,0,1,1,13.229323694,13.229323694,0,1,1,18.784584055,18.784584055,0,1,1,18.784584055,18.784584055
P2PLAN_b8f54002f2f10bea,P2_bc1e37be7e7a349b,single_compact_loop,PUBLIC,30,S8_EXTENDED_0530_2400,330,1440,1110,IDEALISED_5_DAY_52_WEEK,260,0.00,5543.867920188278,0.242930055834,Santa Maria Hoè,0.063137253657,12,641.000000000,5543.867920188278,0.242930055834,Santa Maria Hoè,0.063137253657,12,641.000000000,10.991932586,17.855835190,105742.391477,1,1,2,1,2,1,1,0,0.000000000,false,false,1,0.000000000,,,,,0,,0,,,,true,true,true,false,false,false,true,true,true,false,false,false,false,BASE_FREQUENT_30;BASE_UNRESTRICTED,true,false,false,true,"{""R2_9765d34882cc4165f829"":13}",30,30,406.701505682,105742.391477,105742.391477,0.000000,11.011098367,1,1,2,0,37,"[0,2,5]",LEXICOGRAPHIC_ROUTE_UNWEIGHTED_S8_ROBUSTNESS_MARGIN5_THEN2_THEN0__THEN_MIN_EXACT_FLEET__THEN_KM__THEN_PHASE_VECTOR,true,false,false,0,1,1,15.109276879,15.109276879,0,1,1,15.109276879,15.109276879,0,1,1,20.664537240,20.664537240
P2PLAN_b97fe2a84588dbbf,P2_ebdd88f2a1cd8e47,two_independent_loops,PUBLIC,60,CORE_0600_2200,360,1320,960,IDEALISED_5_DAY_52_WEEK,260,0.00,6955.256102164508,0.304776516606,Brivio,0.015897834464,25,1735.000000000,6955.256102164508,0.304776516606,Brivio,0.015897834464,25,1735.000000000,25.802437911,51.284003390,107338.141710,2,2,2,4,2,4,2,2,1.000000000,true,true,2,1.000000000,17.945020384,19.487366868,19.487366868,27.389760023,0,,0,,,,true,true,false,false,false,false,true,true,true,false,false,false,false,BASE_UNRESTRICTED,true,false,false,true,"{""R2_02e779095e18cf5b3484"":37,""R2_23d58cd05658247380d7"":37}",3600,3600,412.839006576,107338.141710,107338.141710,-0.000000,13.675734237,2,2,2,0,32,"[0,2,5]",LEXICOGRAPHIC_ROUTE_UNWEIGHTED_S8_ROBUSTNESS_MARGIN5_THEN2_THEN0__THEN_MIN_EXACT_FLEET__THEN_KM__THEN_PHASE_VECTOR,true,false,false,0,2,2,21.404222834,23.410679772,0,2,2,24.181853014,24.953026256,0,2,2,24.181853014,24.953026256
P2PLAN_b99fc3028edc6d51,P2_bc2ca552c84b42c9,blank_slate,PUBLIC,20,S8_EXTENDED_0530_2400,330,1440,1110,IDEALISED_DAILY_YEAR,365,0.00,4075.271893380709,0.178576770380,Brivio,0.000000000000,4,643.000000000,4075.271893380709,0.178576770380,Brivio,0.000000000000,4,643.000000000,4.515070185,7.726686335,91464.034273,1,1,2,1,1,1,1,0,0.000000000,false,false,1,0.000000000,,,,,0,,0,,,,true,true,true,false,false,false,true,true,true,false,false,false,false,BASE_FREQUENT_30;BASE_UNRESTRICTED,true,false,false,true,"{""R2_ce283b4cd4b20a5821a0"":13}",20,20,252.843930360,92288.034581,91464.034273,824.000308,7.211573913,1,1,2,0,56,"[0,2,5]",LEXICOGRAPHIC_ROUTE_UNWEIGHTED_S8_ROBUSTNESS_MARGIN5_THEN2_THEN0__THEN_MIN_EXACT_FLEET__THEN_KM__THEN_PHASE_VECTOR,true,false,false,0,1,1,11.411026459,11.411026459,0,1,1,14.559273005,14.559273005,0,1,1,16.377358214,16.377358214
P2PLAN_b9e9845d1c48cf7f,P2_1781b136fd946d43,blank_slate,PUBLIC,60,CORE_0600_2200,360,1320,960,IDEALISED_DAILY_YEAR,365,0.00,5875.136747910650,0.257446122229,Santa Maria Hoè,0.063137253657,16,1234.000000000,5875.136747910650,0.257446122229,Santa Maria Hoè,0.063137253657,16,1234.000000000,15.030292923,24.080896213,87776.910670,1,1,1,1,3,1,1,1,1.000000000,true,true,1,1.000000000,19.496746367,19.496746367,19.496746367,19.496746367,0,,0,,,,true,true,false,false,false,false,true,true,true,false,false,false,false,BASE_UNRESTRICTED,true,false,false,true,"{""R2_5464385760a996896b1f"":56}",60,60,240.484686768,87776.910670,87776.910670,0.000000,6.421572323,1,1,1,0,16,"[0,2,5]",LEXICOGRAPHIC_ROUTE_UNWEIGHTED_S8_ROBUSTNESS_MARGIN5_THEN2_THEN0__THEN_MIN_EXACT_FLEET__THEN_KM__THEN_PHASE_VECTOR,true,false,false,1,0,0,19.496746367,19.496746367,0,1,1,24.962405755,24.962405755,0,1,1,24.962405755,24.962405755
P2PLAN_b9fe9e6c5b2fbdd8,P2_edf8841736cce165,blank_slate,PUBLIC,60,S8_EXTENDED_0530_2400,330,1440,1110,IDEALISED_6_DAY_52_WEEK,312,0.00,8307.040811946410,0.364011177271,Calco,0.175453129957,12,567.000000000,8307.040811946410,0.364011177271,Calco,0.175453129957,12,567.000000000,15.710807811,31.306760484,90682.782685,1,1,1,1,3,1,1,1,1.000000000,true,true,1,1.000000000,21.439074593,21.439074593,21.439074593,21.439074593,0,,0,,,,true,true,false,false,false,false,true,true,true,false,false,false,false,BASE_UNRESTRICTED,true,false,false,true,"{""R2_9f54d35950504cf94579"":37}",60,60,298.505348409,93133.668704,90682.782685,2450.886019,9.913807487,1,1,1,0,19,"[0,2,5]",LEXICOGRAPHIC_ROUTE_UNWEIGHTED_S8_ROBUSTNESS_MARGIN5_THEN2_THEN0__THEN_MIN_EXACT_FLEET__THEN_KM__THEN_PHASE_VECTOR,true,false,false,1,0,0,21.439074593,21.439074593,1,0,0,21.439074593,21.439074593,1,0,0,21.439074593,21.439074593
P2PLAN_ba2e9d12d190ff43,P2_363e0de9666c8b71,single_compact_loop,PUBLIC,30,S8_EXTENDED_0530_2400,330,1440,1110,IDEALISED_5_DAY_52_WEEK,260,0.00,5913.681887785996,0.259135154709,Brivio,0.115619645938,2,134.000000000,5913.681887785996,0.259135154709,Brivio,0.115619645938,2,134.000000000,11.148038460,18.052178151,107244.129985,1,1,2,0,2,0,1,0,0.000000000,false,false,1,0.000000000,,,,,0,,0,,,,true,true,true,false,false,false,true,true,true,false,false,false,false,BASE_FREQUENT_30;BASE_UNRESTRICTED,true,false,false,true,"{""R2_5cc011a332ba476fd06f"":12}",30,30,412.477423020,107244.129985,107244.129985,0.000000,11.132176526,1,1,2,0,37,"[0,2,5]",LEXICOGRAPHIC_ROUTE_UNWEIGHTED_S8_ROBUSTNESS_MARGIN5_THEN2_THEN0__THEN_MIN_EXACT_FLEET__THEN_KM__THEN_PHASE_VECTOR,true,false,false,0,1,1,15.011105398,15.011105398,0,1,1,15.011105398,15.011105398,0,1,1,20.566365760,20.566365760
P2PLAN_bb40e3ffb59a143f,P2_f1c62743b99e7b34,blank_slate,PUBLIC,30,CORE_0600_2200,360,1320,960,IDEALISED_DAILY_YEAR,365,0.00,5852.135042942792,0.256438196797,La Valletta Brianza,0.000000000000,6,490.000000000,5852.135042942792,0.256438196797,La Valletta Brianza,0.000000000000,6,490.000000000,8.341260739,14.652708534,97425.925432,1,1,1,1,2,1,1,1,1.000000000,true,true,1,1.000000000,16.710840207,16.710840207,16.710840207,16.710840207,0,,0,,,,true,true,true,false,false,false,true,true,true,false,false,false,false,BASE_FREQUENT_30;BASE_UNRESTRICTED,true,false,false,true,"{""R2_c9e7c074b0384c070a37"":7}",30,30,266.920343648,97425.925432,97425.925432,-0.000000,7.814777885,1,1,1,0,32,"[0,2,5]",LEXICOGRAPHIC_ROUTE_UNWEIGHTED_S8_ROBUSTNESS_MARGIN5_THEN2_THEN0__THEN_MIN_EXACT_FLEET__THEN_KM__THEN_PHASE_VECTOR,true,false,false,0,1,1,7.266100568,7.266100568,0,1,1,7.266100568,7.266100568,0,1,1,16.710840207,16.710840207
P2PLAN_bc32307389c8b1ae,P2_3105baa6d4550828,single_compact_loop,PUBLIC,30,S8_EXTENDED_0530_2400,330,1440,1110,IDEALISED_6_DAY_52_WEEK,312,0.00,5710.409074073803,0.250227822014,Santa Maria Hoè,0.063137253657,2,90.000000000,5710.409074073803,0.250227822014,Santa Maria Hoè,0.063137253657,2,90.000000000,8.809933330,19.424221353,101701.870362,1,1,2,1,3,1,1,0,0.000000000,false,false,1,0.000000000,,,,,0,,0,,,,true,true,true,false,false,false,true,true,true,false,false,false,false,BASE_FREQUENT_30;BASE_UNRESTRICTED,true,false,false,true,"{""R2_0e3b21bd0041fec416ba"":11}",30,30,325.967533210,101701.870362,101701.870362,-0.000000,11.978269834,1,1,2,0,37,"[0,2,5]",LEXICOGRAPHIC_ROUTE_UNWEIGHTED_S8_ROBUSTNESS_MARGIN5_THEN2_THEN0__THEN_MIN_EXACT_FLEET__THEN_KM__THEN_PHASE_VECTOR,true,false,false,0,1,1,14.325083797,14.325083797,0,1,1,14.325083797,14.325083797,0,1,1,19.880344159,19.880344159
P2PLAN_bccded43f06d9c48,P2_ebdaaf1baa144ee0,single_compact_loop,PUBLIC,60,S8_EXTENDED_0530_2400,330,1440,1110,IDEALISED_6_DAY_52_WEEK,312,0.00,4653.116406723527,0.203897683849,Brivio,0.010743097632,16,1308.000000000,4653.116406723527,0.203897683849,Brivio,0.010743097632,16,1308.000000000,18.169483853,33.552971384,104874.260800,1,1,1,4,0,4,1,1,1.000000000,true,true,1,1.000000000,20.315969143,20.315969143,20.315969143,20.315969143,0,,0,,,,true,true,false,false,false,false,true,true,true,false,false,false,false,BASE_UNRESTRICTED,true,false,false,true,"{""R2_f4436cf0e19fc17dd484"":37}",60,60,345.220193207,107708.700281,104874.260800,2834.439481,10.625107605,1,1,1,0,19,"[0,2,5]",LEXICOGRAPHIC_ROUTE_UNWEIGHTED_S8_ROBUSTNESS_MARGIN5_THEN2_THEN0__THEN_MIN_EXACT_FLEET__THEN_KM__THEN_PHASE_VECTOR,true,false,false,1,0,0,20.315969143,20.315969143,1,0,0,20.315969143,20.315969143,1,0,0,20.315969143,20.315969143
P2PLAN_bd1852961d4918f4,P2_641d4fe299252481,blank_slate,PUBLIC,60,S8_EXTENDED_0530_2400,330,1440,1110,IDEALISED_DAILY_YEAR,365,0.00,6012.313372163941,0.263457146566,Brivio,0.000000000000,9,956.000000000,6012.313372163941,0.263457146566,Brivio,0.000000000000,9,956.000000000,14.890847226,32.074173983,100550.445894,1,1,1,3,1,3,1,1,1.000000000,true,true,1,1.000000000,21.055367844,21.055367844,21.055367844,21.055367844,0,,0,,,,true,true,false,false,false,false,true,true,true,false,false,false,false,BASE_UNRESTRICTED,true,false,false,true,"{""R2_971118d529a04cc19ad6"":37}",60,60,282.926097294,103268.025512,100550.445894,2717.579618,10.156821761,1,1,1,0,19,"[0,2,5]",LEXICOGRAPHIC_ROUTE_UNWEIGHTED_S8_ROBUSTNESS_MARGIN5_THEN2_THEN0__THEN_MIN_EXACT_FLEET__THEN_KM__THEN_PHASE_VECTOR,true,false,false,1,0,0,21.055367844,21.055367844,1,0,0,21.055367844,21.055367844,1,0,0,21.055367844,21.055367844
P2PLAN_bd8305cdd617d4fe,P2_f77c2ba98980326c,blank_slate,PUBLIC,30,CORE_0600_2200,360,1320,960,IDEALISED_5_DAY_52_WEEK,260,0.00,4632.125246860367,0.202977859691,Brivio,0.000000000000,9,844.000000000,4632.125246860367,0.202977859691,Brivio,0.000000000000,9,844.000000000,8.217583299,13.280456005,68370.293048,1,1,1,1,2,1,1,1,1.000000000,true,true,1,1.000000000,17.396966471,17.396966471,17.396966471,17.396966471,0,,0,,,,true,true,true,false,false,false,true,true,true,false,false,false,false,BASE_FREQUENT_30;BASE_UNRESTRICTED,true,false,false,true,"{""R2_e641044e83a327ab5732"":7}",30,30,262.962665568,68370.293048,68370.293048,-0.000000,7.082909869,1,1,1,0,32,"[0,2,5]",LEXICOGRAPHIC_ROUTE_UNWEIGHTED_S8_ROBUSTNESS_MARGIN5_THEN2_THEN0__THEN_MIN_EXACT_FLEET__THEN_KM__THEN_PHASE_VECTOR,true,false,false,0,1,1,7.952226833,7.952226833,0,1,1,7.952226833,7.952226833,0,1,1,7.952226833,7.952226833
P2PLAN_be21b234337d79af,P2_25a64830e5a70b2d,two_radial_out_and_back_feeders,PUBLIC,30,S8_EXTENDED_0530_2400,330,1440,1110,IDEALISED_DAILY_YEAR,365,0.00,4660.182595172781,0.204207321376,Brivio,0.013951238382,2,90.000000000,4660.182595172781,0.204207321376,Brivio,0.013951238382,2,90.000000000,7.667593481,16.224300767,103550.849961,1,2,2,1,1,1,2,0,0.000000000,false,false,2,0.000000000,,,,,0,,0,,,,true,true,true,false,false,false,true,true,true,false,false,false,false,BASE_FREQUENT_30;BASE_UNRESTRICTED,true,false,false,true,"{""R2_691d5061a0170b543a1b"":7,""R2_b622c0c9482a8b5ac700"":7}",900,900,283.700958797,103550.849961,103550.849961,-0.000000,10.004985473,2,2,2,0,74,"[0,2,5]",LEXICOGRAPHIC_ROUTE_UNWEIGHTED_S8_ROBUSTNESS_MARGIN5_THEN2_THEN0__THEN_MIN_EXACT_FLEET__THEN_KM__THEN_PHASE_VECTOR,true,false,false,0,2,2,10.536379644,10.969361674,0,2,2,10.536379644,10.969361674,0,2,2,10.536379644,10.969361674
P2PLAN_bece1271efc8835e,P2_54a95efec8050a40,two_independent_loops,PUBLIC,60,CORE_0600_2200,360,1320,960,IDEALISED_5_DAY_52_WEEK,260,0.00,7020.429200099898,0.307632375467,Santa Maria Hoè,0.000000000000,16,1367.000000000,7020.429200099898,0.307632375467,Santa Maria Hoè,0.000000000000,16,1367.000000000,26.376397400,51.024311338,109725.813184,2,2,2,6,0,6,2,2,1.000000000,true,true,2,1.000000000,25.719921722,26.842311556,25.719921722,26.842311556,0,,0,,,,true,true,false,false,false,false,true,true,true,false,false,false,false,BASE_UNRESTRICTED,true,false,false,true,"{""R2_5f46cc000b42d4b6248f"":37,""R2_ee13da0e6a2cac68a14e"":37}",3600,3600,422.022358400,109725.813184,109725.813184,0.000000,13.606483023,2,2,2,0,32,"[0,2,5]",LEXICOGRAPHIC_ROUTE_UNWEIGHTED_S8_ROBUSTNESS_MARGIN5_THEN2_THEN0__THEN_MIN_EXACT_FLEET__THEN_KM__THEN_PHASE_VECTOR,true,false,false,0,2,2,16.746776027,17.307970944,0,2,2,16.746776027,17.307970944,0,2,2,16.746776027,17.307970944
P2PLAN_bf6a3e49ad7a55bf,P2_83df62ba410ac17c,two_radial_out_and_back_feeders,PUBLIC,15,CORE_0600_2200,360,1320,960,IDEALISED_5_DAY_52_WEEK,260,0.00,4756.236167303790,0.208416350158,Brivio,0.000465712767,0,0.000000000,4756.236167303790,0.208416350158,Brivio,0.000465712767,0,0.000000000,5.697547748,12.969824297,94807.194527,2,3,3,1,1,1,2,2,1.000000000,true,true,2,1.000000000,10.369352441,11.497754539,11.497754539,13.146982622,0,,0,,,,true,true,true,false,false,false,true,true,true,false,false,false,false,BASE_FREQUENT_30;BASE_UNRESTRICTED,true,false,false,true,"{""R2_40023c3a09f861e4df2b"":7,""R2_89faf7404f5ba6502188"":12}",225,225,364.643055872,94807.194527,94807.194527,-0.000000,13.834479250,2,3,3,0,128,"[0,2,5]",LEXICOGRAPHIC_ROUTE_UNWEIGHTED_S8_ROBUSTNESS_MARGIN5_THEN2_THEN0__THEN_MIN_EXACT_FLEET__THEN_KM__THEN_PHASE_VECTOR,true,false,false,1,1,1,12.292606676,13.146982622,1,1,1,12.292606676,13.146982622,0,2,2,13.681421766,14.215860910
P2PLAN_bfe82f32330e02c4,P2_76fd09c6516f6610,interlined_figure8,PUBLIC,60,CORE_0600_2200,360,1320,960,IDEALISED_6_DAY_52_WEEK,312,0.00,7281.605121948203,0.319076999002,Brivio,0.220739738276,20,1055.000000000,7281.605121948203,0.319076999002,Brivio,0.220739738276,20,1055.000000000,21.221131329,40.619710871,105935.887594,1,2,2,2,3,2,2,2,1.000000000,true,true,2,1.000000000,19.487366868,23.277166644,19.487366868,23.277166644,0,,0,,,,true,true,false,false,false,false,true,true,true,false,false,false,false,BASE_UNRESTRICTED,true,false,false,true,"{""R2_16a97519523a8a680e75"":37,""R2_23d58cd05658247380d7"":37}",3600,3600,339.538101264,105935.887594,105935.887594,0.000000,10.831922899,2,2,2,0,32,"[0,2,5]",LEXICOGRAPHIC_ROUTE_UNWEIGHTED_S8_ROBUSTNESS_MARGIN5_THEN2_THEN0__THEN_MIN_EXACT_FLEET__THEN_KM__THEN_PHASE_VECTOR,true,false,false,0,2,2,16.570295963,19.397765895,0,2,2,19.347926144,24.953026256,0,2,2,24.070295963,24.953026256
P2PLAN_c02d920351670219,P2_4b93776e7a22cab7,blank_slate,PUBLIC,30,CORE_0600_2200,360,1320,960,IDEALISED_DAILY_YEAR,365,0.00,3589.568044191300,0.157293423644,Brivio,0.011016508985,6,245.000000000,3589.568044191300,0.157293423644,Brivio,0.011016508985,6,245.000000000,9.312029235,15.929613105,108764.501465,1,1,2,1,1,1,1,1,1.000000000,true,true,1,1.000000000,16.072387921,16.072387921,16.072387921,16.072387921,0,,0,,,,true,true,true,false,false,false,true,true,true,false,false,false,false,BASE_FREQUENT_30;BASE_UNRESTRICTED,true,false,false,true,"{""R2_cba9391a775bcf131254"":7}",30,30,297.984935520,108764.501465,108764.501465,-0.000000,8.495793656,1,1,2,0,32,"[0,2,5]",LEXICOGRAPHIC_ROUTE_UNWEIGHTED_S8_ROBUSTNESS_MARGIN5_THEN2_THEN0__THEN_MIN_EXACT_FLEET__THEN_KM__THEN_PHASE_VECTOR,true,false,false,0,1,1,6.627648283,6.627648283,0,1,1,6.627648283,6.627648283,0,1,1,16.072387921,16.072387921
P2PLAN_c038e6a5b4f14c54,P2_39a9959520dd71f5,single_compact_loop,PUBLIC,20,CORE_0600_2200,360,1320,960,IDEALISED_6_DAY_52_WEEK,312,0.00,4860.318769351302,0.212977207792,Brivio,0.000050341214,2,221.000000000,4860.318769351302,0.212977207792,Brivio,0.000050341214,2,221.000000000,7.022970275,12.364302371,105176.002838,1,2,2,1,2,1,1,1,1.000000000,true,true,1,1.000000000,12.206796742,12.206796742,12.206796742,12.206796742,0,,0,,,,true,true,true,false,false,false,true,true,true,false,false,false,false,BASE_FREQUENT_30;BASE_UNRESTRICTED,true,false,false,true,"{""R2_74ab36c37a99ef5a1c51"":8}",20,20,337.102573200,105176.002838,105176.002838,0.000000,9.891441897,1,2,2,0,48,"[0,2,5]",LEXICOGRAPHIC_ROUTE_UNWEIGHTED_S8_ROBUSTNESS_MARGIN5_THEN2_THEN0__THEN_MIN_EXACT_FLEET__THEN_KM__THEN_PHASE_VECTOR,true,false,false,0,1,1,12.149344792,12.149344792,0,1,1,12.149344792,12.149344792,0,1,1,15.833787662,15.833787662
P2PLAN_c0ce744eca0db6d3,P2_9d80fce91382014c,blank_slate,PUBLIC,30,CORE_0600_2200,360,1320,960,IDEALISED_5_DAY_52_WEEK,260,0.00,5769.784945393235,0.252829648743,Santa Maria Hoè,0.063137253657,12,641.000000000,5769.784945393235,0.252829648743,Santa Maria Hoè,0.063137253657,12,641.000000000,12.094498486,20.517952793,100626.227404,1,2,2,1,2,1,1,1,1.000000000,true,true,1,1.000000000,13.778218077,13.778218077,13.778218077,13.778218077,0,,0,,,,true,true,true,false,false,false,true,true,true,false,false,false,false,BASE_FREQUENT_30;BASE_UNRESTRICTED,true,false,false,true,"{""R2_f3daa3dc7796670c4455"":7}",30,30,387.023951552,100626.227404,100626.227404,-0.000000,10.942908156,1,2,2,0,32,"[0,2,5]",LEXICOGRAPHIC_ROUTE_UNWEIGHTED_S8_ROBUSTNESS_MARGIN5_THEN2_THEN0__THEN_MIN_EXACT_FLEET__THEN_KM__THEN_PHASE_VECTOR,true,false,false,0,1,1,13.778218077,13.778218077,0,1,1,13.778218077,13.778218077,0,1,1,13.778218077,13.778218077
P2PLAN_c262726d2367a5a9,P2_efefcd2690aa66ab,single_compact_loop,PUBLIC,30,CORE_0600_2200,360,1320,960,IDEALISED_5_DAY_52_WEEK,260,0.00,7365.453463306638,0.322751199496,Brivio,0.000516053981,6,447.000000000,7365.453463306638,0.322751199496,Brivio,0.000516053981,6,447.000000000,13.366958038,26.100214198,111213.090876,2,2,2,2,2,2,1,1,1.000000000,true,true,1,1.000000000,10.987087375,10.987087375,10.987087375,10.987087375,0,,0,,,,true,true,true,false,false,false,true,true,true,false,false,false,false,BASE_FREQUENT_30;BASE_UNRESTRICTED,true,false,false,true,"{""R2_702a40c555c4cce0e721"":7}",30,30,427.742657216,111213.090876,111213.090876,0.000000,13.920114239,2,2,2,0,32,"[0,2,5]",LEXICOGRAPHIC_ROUTE_UNWEIGHTED_S8_ROBUSTNESS_MARGIN5_THEN2_THEN0__THEN_MIN_EXACT_FLEET__THEN_KM__THEN_PHASE_VECTOR,true,false,false,0,1,1,16.542347736,16.542347736,0,1,1,16.542347736,16.542347736,0,1,1,16.542347736,16.542347736
P2PLAN_c2a278ffcd6900e8,P2_a44745e961005b24,single_compact_loop,PUBLIC,20,CORE_0600_2200,360,1320,960,IDEALISED_6_DAY_52_WEEK,312,0.00,6351.503430600282,0.278320318096,Brivio,0.000000000000,2,221.000000000,6351.503430600282,0.278320318096,Brivio,0.000000000000,2,221.000000000,7.093166800,16.606866149,106227.265997,2,2,2,2,2,2,1,1,1.000000000,true,true,1,1.000000000,10.085514853,10.085514853,11.937268307,11.937268307,0,,0,,,,true,true,true,false,false,false,true,true,true,false,false,false,false,BASE_FREQUENT_30;BASE_UNRESTRICTED,true,false,false,true,"{""R2_6fc8006689b7ff6ba32d"":10}",20,20,340.472006400,106227.265997,106227.265997,-0.000000,13.285492919,2,2,2,0,48,"[0,2,5]",LEXICOGRAPHIC_ROUTE_UNWEIGHTED_S8_ROBUSTNESS_MARGIN5_THEN2_THEN0__THEN_MIN_EXACT_FLEET__THEN_KM__THEN_PHASE_VECTOR,true,false,false,0,1,1,15.016248852,15.016248852,0,1,1,15.016248852,15.016248852,0,1,1,15.016248852,15.016248852
P2PLAN_c3062cf37d2342cd,P2_067e6c7ae6cb14c4,blank_slate,PUBLIC,20,S8_EXTENDED_0530_2400,330,1440,1110,IDEALISED_6_DAY_52_WEEK,312,0.00,4634.226113818080,0.203069918834,La Valletta Brianza,0.000000000000,6,490.000000000,4634.226113818080,0.203069918834,La Valletta Brianza,0.000000000000,6,490.000000000,5.699126388,10.510258833,98686.072535,1,2,2,1,1,1,1,0,0.000000000,false,false,1,0.000000000,,,,,0,,0,,,,true,true,true,false,false,false,true,true,true,false,false,false,false,BASE_FREQUENT_30;BASE_UNRESTRICTED,true,false,false,true,"{""R2_717987377cd99367dc20"":10}",20,20,319.151077728,99575.136251,98686.072535,889.063716,9.809574911,1,2,2,0,56,"[0,2,5]",LEXICOGRAPHIC_ROUTE_UNWEIGHTED_S8_ROBUSTNESS_MARGIN5_THEN2_THEN0__THEN_MIN_EXACT_FLEET__THEN_KM__THEN_PHASE_VECTOR,true,false,false,0,1,1,13.167486756,13.167486756,0,1,1,13.167486756,13.167486756,0,1,1,14.985571965,14.985571965
P2PLAN_c35a1aec327dcd93,P2_bc2ca552c84b42c9,blank_slate,PUBLIC,15,CORE_0600_2200,360,1320,960,IDEALISED_DAILY_YEAR,365,0.00,4075.271893380709,0.178576770380,Brivio,0.000000000000,4,643.000000000,4075.271893380709,0.178576770380,Brivio,0.000000000000,4,643.000000000,4.515070185,7.726686335,105472.039522,1,2,2,1,1,1,1,1,1.000000000,true,true,1,1.000000000,8.923851306,8.923851306,11.701481487,11.701481487,0,,0,,,,true,true,true,false,false,false,true,true,true,false,false,false,false,BASE_FREQUENT_30;BASE_UNRESTRICTED,true,false,false,true,"{""R2_ce283b4cd4b20a5821a0"":12}",15,15,288.964491840,105472.039522,105472.039522,-0.000000,8.241798757,1,2,2,0,64,"[0,2,5]",LEXICOGRAPHIC_ROUTE_UNWEIGHTED_S8_ROBUSTNESS_MARGIN5_THEN2_THEN0__THEN_MIN_EXACT_FLEET__THEN_KM__THEN_PHASE_VECTOR,true,false,false,1,0,0,11.641957678,11.641957678,1,0,0,11.641957678,11.641957678,0,1,1,14.419587858,14.419587858
P2PLAN_c3ad5d136932e735,P2_32c80edb4b3bb903,two_independent_loops,PUBLIC,60,CORE_0600_2200,360,1320,960,IDEALISED_6_DAY_52_WEEK,312,0.00,7281.605121948203,0.319076999002,Brivio,0.220739738276,20,1055.000000000,7281.605121948203,0.319076999002,Brivio,0.220739738276,20,1055.000000000,21.221131329,40.619710871,105935.887594,1,2,2,2,3,2,2,2,1.000000000,true,true,2,1.000000000,19.487366868,23.277166644,19.487366868,23.277166644,0,,0,,,,true,true,false,false,false,false,true,true,true,false,false,false,false,BASE_UNRESTRICTED,true,false,false,true,"{""R2_16a97519523a8a680e75"":37,""R2_23d58cd05658247380d7"":37}",3600,3600,339.538101264,105935.887594,105935.887594,0.000000,10.831922899,2,2,2,0,32,"[0,2,5]",LEXICOGRAPHIC_ROUTE_UNWEIGHTED_S8_ROBUSTNESS_MARGIN5_THEN2_THEN0__THEN_MIN_EXACT_FLEET__THEN_KM__THEN_PHASE_VECTOR,true,false,false,0,2,2,16.570295963,19.397765895,0,2,2,19.347926144,24.953026256,0,2,2,24.070295963,24.953026256
P2PLAN_c3c052e0bd8e2356,P2_49faf41dbb619aa0,single_compact_loop,PUBLIC,20,CORE_0600_2200,360,1320,960,IDEALISED_5_DAY_52_WEEK,260,0.00,4299.809845931018,0.188415932881,La Valletta Brianza,0.009189912991,2,139.000000000,4299.809845931018,0.188415932881,La Valletta Brianza,0.009189912991,2,139.000000000,8.317417645,14.873568168,103801.372210,1,2,2,0,2,0,1,1,1.000000000,true,true,1,1.000000000,10.952163844,10.952163844,12.803917298,12.803917298,0,,0,,,,true,true,true,false,false,false,true,true,true,false,false,false,false,BASE_FREQUENT_30;BASE_UNRESTRICTED,true,false,false,true,"{""R2_5be11ea0fd5246053759"":13}",20,20,399.236046960,103801.372210,103801.372210,-0.000000,11.898854534,1,2,2,0,48,"[0,2,5]",LEXICOGRAPHIC_ROUTE_UNWEIGHTED_S8_ROBUSTNESS_MARGIN5_THEN2_THEN0__THEN_MIN_EXACT_FLEET__THEN_KM__THEN_PHASE_VECTOR,true,false,false,0,1,1,12.734651297,12.734651297,0,1,1,15.882897843,15.882897843,0,1,1,15.882897843,15.882897843
P2PLAN_c45826f2e31efbdb,P2_6c3caf5188bf9271,blank_slate,PUBLIC,60,S8_EXTENDED_0530_2400,330,1440,1110,IDEALISED_DAILY_YEAR,365,0.00,5112.979715535079,0.224048708529,Santa Maria Hoè,0.093473095134,12,753.000000000,5112.979715535079,0.224048708529,Santa Maria Hoè,0.093473095134,12,753.000000000,15.466441579,27.223062488,104437.146762,1,1,1,2,1,2,1,1,1.000000000,true,true,1,1.000000000,17.925663230,17.925663230,23.480923591,23.480923591,0,,0,,,,true,true,false,false,false,false,true,true,true,false,false,false,false,BASE_UNRESTRICTED,true,false,false,true,"{""R2_092aa5e78c63b74fa8dc"":43}",60,60,293.862390001,107259.772350,104437.146762,2822.625588,8.620636455,1,1,1,0,19,"[0,2,5]",LEXICOGRAPHIC_ROUTE_UNWEIGHTED_S8_ROBUSTNESS_MARGIN5_THEN2_THEN0__THEN_MIN_EXACT_FLEET__THEN_KM__THEN_PHASE_VECTOR,true,false,false,1,0,0,23.480923591,23.480923591,1,0,0,23.480923591,23.480923591,1,0,0,23.480923591,23.480923591
P2PLAN_c665aa9f8f291d1e,P2_4ba3fc7bfeb69a72,blank_slate,PUBLIC,30,S8_EXTENDED_0530_2400,330,1440,1110,IDEALISED_5_DAY_52_WEEK,260,0.00,7358.874754254281,0.322462923119,Santa Maria Hoè,0.000000000000,6,447.000000000,7358.874754254281,0.322462923119,Santa Maria Hoè,0.000000000000,6,447.000000000,10.988723661,20.803091147,105711.521619,1,2,2,1,2,1,1,0,0.000000000,false,false,1,0.000000000,,,,,0,,0,,,,true,true,true,false,false,false,true,true,true,false,false,false,false,BASE_FREQUENT_30;BASE_UNRESTRICTED,true,false,false,true,"{""R2_5e2ba419b8ecfcf7ffe0"":10}",30,30,406.582775457,105711.521619,105711.521619,-0.000000,12.828572874,1,2,2,0,37,"[0,2,5]",LEXICOGRAPHIC_ROUTE_UNWEIGHTED_S8_ROBUSTNESS_MARGIN5_THEN2_THEN0__THEN_MIN_EXACT_FLEET__THEN_KM__THEN_PHASE_VECTOR,true,false,false,0,1,1,13.635648900,13.635648900,0,1,1,13.635648900,13.635648900,0,1,1,19.190909262,19.190909262
P2PLAN_c67ba3970b448972,P2_6938658f0b6fc009,blank_slate,PUBLIC,60,CORE_0600_2200,360,1320,960,IDEALISED_DAILY_YEAR,365,0.00,6447.147469807760,0.282511401311,Santa Maria Hoè,0.007765537274,12,753.000000000,6447.147469807760,0.282511401311,Santa Maria Hoè,0.007765537274,12,753.000000000,18.397807254,34.489482811,107443.194363,1,1,1,1,3,1,1,1,1.000000000,true,true,1,1.000000000,23.737192707,23.737192707,29.292453068,29.292453068,0,,0,,,,true,true,false,false,false,false,true,true,true,false,false,false,false,BASE_UNRESTRICTED,true,false,false,true,"{""R2_4730892de76b4133c50e"":37}",60,60,294.364916064,107443.194363,107443.194363,0.000000,9.197195416,1,1,1,0,16,"[0,2,5]",LEXICOGRAPHIC_ROUTE_UNWEIGHTED_S8_ROBUSTNESS_MARGIN5_THEN2_THEN0__THEN_MIN_EXACT_FLEET__THEN_KM__THEN_PHASE_VECTOR,true,false,false,0,1,1,19.758112456,19.758112456,0,1,1,19.758112456,19.758112456,0,1,1,19.758112456,19.758112456
P2PLAN_c6f40035b8f53d43,P2_8031197355654327,blank_slate,PUBLIC,20,CORE_0600_2200,360,1320,960,IDEALISED_5_DAY_52_WEEK,260,0.00,4172.490484783842,0.182836849837,La Valletta Brianza,0.009189912991,2,221.000000000,4172.490484783842,0.182836849837,La Valletta Brianza,0.009189912991,2,221.000000000,6.720995939,11.195909750,83878.029319,1,2,2,1,1,1,1,1,1.000000000,true,true,1,1.000000000,12.790993053,12.790993053,12.790993053,12.790993053,0,,0,,,,true,true,true,false,false,false,true,true,true,false,false,false,false,BASE_FREQUENT_30;BASE_UNRESTRICTED,true,false,false,true,"{""R2_720949d9745b883ea795"":9}",20,20,322.607805072,83878.029319,83878.029319,-0.000000,8.956727800,1,2,2,0,48,"[0,2,5]",LEXICOGRAPHIC_ROUTE_UNWEIGHTED_S8_ROBUSTNESS_MARGIN5_THEN2_THEN0__THEN_MIN_EXACT_FLEET__THEN_KM__THEN_PHASE_VECTOR,true,false,false,0,1,1,12.733541102,12.733541102,0,1,1,12.733541102,12.733541102,0,1,1,16.417983973,16.417983973
P2PLAN_c74ede293762afe4,P2_b61ce8c56cf408f8,blank_slate,PUBLIC,60,S8_EXTENDED_0530_2400,330,1440,1110,IDEALISED_6_DAY_52_WEEK,312,0.00,7412.328417921913,0.324805241097,Calco,0.221840505440,12,567.000000000,7412.328417921913,0.324805241097,Calco,0.221840505440,12,567.000000000,18.024531308,32.269402439,104037.594710,1,1,1,1,3,1,1,1,1.000000000,true,true,1,1.000000000,20.957753616,20.957753616,20.957753616,20.957753616,0,,0,,,,true,true,false,false,false,false,true,true,true,false,false,false,false,BASE_UNRESTRICTED,true,false,false,true,"{""R2_1701c710edcd53eee167"":37}",60,60,342.466094852,106849.421594,104037.594710,2811.826884,10.218644106,1,1,1,0,19,"[0,2,5]",LEXICOGRAPHIC_ROUTE_UNWEIGHTED_S8_ROBUSTNESS_MARGIN5_THEN2_THEN0__THEN_MIN_EXACT_FLEET__THEN_KM__THEN_PHASE_VECTOR,true,false,false,1,0,0,20.957753616,20.957753616,1,0,0,20.957753616,20.957753616,1,0,0,20.957753616,20.957753616
P2PLAN_c7c2a96de6768b37,P2_4dc90710cb9ea40a,hybrid_interlined,PUBLIC,20,CORE_0600_2200,360,1320,960,IDEALISED_6_DAY_52_WEEK,312,0.00,4756.236167303790,0.208416350158,Brivio,0.000465712767,0,0.000000000,4756.236167303790,0.208416350158,Brivio,0.000465712767,0,0.000000000,5.697547748,12.969824297,85326.475074,2,2,3,1,1,1,2,2,1.000000000,true,true,2,1.000000000,10.971105895,11.173631266,12.822859349,14.321877812,0,,0,,,,true,true,true,false,false,false,true,true,true,false,false,false,false,BASE_FREQUENT_30;BASE_UNRESTRICTED,true,false,false,true,"{""R2_40023c3a09f861e4df2b"":10,""R2_89faf7404f5ba6502188"":12}",400,400,273.482291904,85326.475074,85326.475074,0.000000,10.375859438,2,2,3,0,96,"[0,2,5]",LEXICOGRAPHIC_ROUTE_UNWEIGHTED_S8_ROBUSTNESS_MARGIN5_THEN2_THEN0__THEN_MIN_EXACT_FLEET__THEN_KM__THEN_PHASE_VECTOR,true,false,false,0,2,2,11.954585836,12.792992357,0,2,2,15.102832383,15.941238904,0,2,2,15.989310100,16.037381296
P2PLAN_c817c8b2c925b57c,P2_76fd09c6516f6610,interlined_figure8,PUBLIC,60,S8_EXTENDED_0530_2400,330,1440,1110,IDEALISED_5_DAY_52_WEEK,260,0.00,7281.605121948203,0.319076999002,Brivio,0.220739738276,20,1055.000000000,7281.605121948203,0.319076999002,Brivio,0.220739738276,20,1055.000000000,21.221131329,40.619710871,102073.641692,1,2,2,2,3,2,2,2,1.000000000,true,true,2,1.000000000,19.487366868,23.277166644,25.042627230,28.832427005,0,,0,,,,true,true,false,false,false,false,true,true,true,false,false,false,false,BASE_UNRESTRICTED,true,false,false,true,"{""R2_16a97519523a8a680e75"":44,""R2_23d58cd05658247380d7"":37}",3600,3600,403.201495251,104832.388765,102073.641692,2758.747073,12.862908442,2,2,2,0,38,"[0,2,5]",LEXICOGRAPHIC_ROUTE_UNWEIGHTED_S8_ROBUSTNESS_MARGIN5_THEN2_THEN0__THEN_MIN_EXACT_FLEET__THEN_KM__THEN_PHASE_VECTOR,true,false,false,2,0,0,21.382266756,23.277166644,2,0,0,24.159896937,25.042627230,2,0,0,26.937527118,28.832427005
P2PLAN_c8c64e58a9cfb182,P2_0dad7306b7f24317,single_compact_loop,PUBLIC,20,S8_EXTENDED_0530_2400,330,1440,1110,IDEALISED_6_DAY_52_WEEK,312,0.00,4938.876752505575,0.216419586923,Brivio,0.000000000000,6,356.000000000,4938.876752505575,0.216419586923,Brivio,0.000000000000,6,356.000000000,6.402083324,10.364712479,110858.474838,1,2,2,0,2,0,1,0,0.000000000,false,false,1,0.000000000,,,,,0,,0,,,,true,true,true,false,false,false,true,true,true,false,false,false,false,BASE_FREQUENT_30;BASE_UNRESTRICTED,true,false,false,true,"{""R2_39bacbd50eec4c1b1e98"":0}",20,10,352.114582820,109859.749840,110858.474838,-998.724998,9.500986439,1,2,2,0,55,"[0,2,5]",LEXICOGRAPHIC_ROUTE_UNWEIGHTED_S8_ROBUSTNESS_MARGIN5_THEN2_THEN0__THEN_MIN_EXACT_FLEET__THEN_KM__THEN_PHASE_VECTOR,true,false,false,0,1,2,13.147190810,13.147190810,0,1,2,13.147190810,13.147190810,0,1,2,14.965276019,14.965276019
P2PLAN_cad72061c337ba94,P2_db3234f0699115a2,blank_slate,PUBLIC,60,CORE_0600_2200,360,1320,960,IDEALISED_DAILY_YEAR,365,0.00,6031.026066968469,0.264277129304,Brivio,0.000000000000,9,956.000000000,6031.026066968469,0.264277129304,Brivio,0.000000000000,9,956.000000000,18.812433632,37.576627354,109864.612411,1,1,1,3,1,3,1,1,1.000000000,true,true,1,1.000000000,22.193620436,22.193620436,27.748880797,27.748880797,0,,0,,,,true,true,false,false,false,false,true,true,true,false,false,false,false,BASE_UNRESTRICTED,true,false,false,true,"{""R2_e084e317c96ecdb31020"":37}",60,60,300.998938112,109864.612411,109864.612411,-0.000000,10.020433961,1,1,1,0,16,"[0,2,5]",LEXICOGRAPHIC_ROUTE_UNWEIGHTED_S8_ROBUSTNESS_MARGIN5_THEN2_THEN0__THEN_MIN_EXACT_FLEET__THEN_KM__THEN_PHASE_VECTOR,true,false,false,0,1,1,18.214540185,18.214540185,0,1,1,18.214540185,18.214540185,0,1,1,18.214540185,18.214540185
P2PLAN_cb7026c988e097ad,P2_9858dc3c94ecb6ac,single_compact_loop,PUBLIC,30,CORE_0600_2200,360,1320,960,IDEALISED_5_DAY_52_WEEK,260,0.00,4632.125246860367,0.202977859691,Brivio,0.000000000000,9,844.000000000,4632.125246860367,0.202977859691,Brivio,0.000000000000,9,844.000000000,8.217583299,13.280456005,68370.293048,1,1,1,1,2,1,1,1,1.000000000,true,true,1,1.000000000,17.396966471,17.396966471,17.396966471,17.396966471,0,,0,,,,true,true,true,false,false,false,true,true,true,false,false,false,false,BASE_FREQUENT_30;BASE_UNRESTRICTED,true,false,false,true,"{""R2_e641044e83a327ab5732"":7}",30,30,262.962665568,68370.293048,68370.293048,-0.000000,7.082909869,1,1,1,0,32,"[0,2,5]",LEXICOGRAPHIC_ROUTE_UNWEIGHTED_S8_ROBUSTNESS_MARGIN5_THEN2_THEN0__THEN_MIN_EXACT_FLEET__THEN_KM__THEN_PHASE_VECTOR,true,false,false,0,1,1,7.952226833,7.952226833,0,1,1,7.952226833,7.952226833,0,1,1,7.952226833,7.952226833
P2PLAN_cbeb08d7e869a787,P2_22bb42ed0ff7cc88,blank_slate,PUBLIC,30,S8_EXTENDED_0530_2400,330,1440,1110,IDEALISED_DAILY_YEAR,365,0.00,5772.349768608437,0.252942038261,La Valletta Brianza,0.000000000000,6,490.000000000,5772.349768608437,0.252942038261,La Valletta Brianza,0.000000000000,6,490.000000000,6.912512264,13.387755700,93353.478125,1,1,1,0,2,0,1,0,0.000000000,false,false,1,0.000000000,,,,,0,,0,,,,true,true,true,false,false,false,true,true,true,false,false,false,false,BASE_FREQUENT_30;BASE_UNRESTRICTED,true,false,false,true,"{""R2_39da8f97f04069524b98"":7}",30,30,255.762953768,93353.478125,93353.478125,0.000000,8.255782682,1,1,1,0,37,"[0,2,5]",LEXICOGRAPHIC_ROUTE_UNWEIGHTED_S8_ROBUSTNESS_MARGIN5_THEN2_THEN0__THEN_MIN_EXACT_FLEET__THEN_KM__THEN_PHASE_VECTOR,true,false,false,0,1,1,7.898576985,7.898576985,0,1,1,7.898576985,7.898576985,0,1,1,7.898576985,7.898576985
P2PLAN_cc468b952480411c,P2_b6595bc2838b3397,single_compact_loop,PUBLIC,60,S8_EXTENDED_0530_2400,330,1440,1110,IDEALISED_DAILY_YEAR,365,0.00,7148.033213121949,0.313223931841,Santa Maria Hoè,0.000000000000,12,753.000000000,7148.033213121949,0.313223931841,Santa Maria Hoè,0.000000000000,12,753.000000000,16.069514809,30.005870680,108509.398748,1,1,1,1,3,1,1,1,1.000000000,true,true,1,1.000000000,16.534259134,16.534259134,22.089519495,22.089519495,0,,0,,,,true,true,false,false,false,false,true,true,true,false,false,false,false,BASE_UNRESTRICTED,true,false,false,true,"{""R2_a3523dd1e87e4364755c"":7}",60,30,289.251266562,105576.712295,108509.398748,-2932.686453,9.001761204,1,1,1,0,18,"[0,2,5]",LEXICOGRAPHIC_ROUTE_UNWEIGHTED_S8_ROBUSTNESS_MARGIN5_THEN2_THEN0__THEN_MIN_EXACT_FLEET__THEN_KM__THEN_PHASE_VECTOR,true,false,false,0,1,3,21.875233781,21.875233781,0,1,3,21.875233781,21.875233781,0,1,3,21.875233781,21.875233781
P2PLAN_ce0f2e22a9cbcc87,P2_852c3cbd1b1888e6,blank_slate,PUBLIC,60,S8_EXTENDED_0530_2400,330,1440,1110,IDEALISED_DAILY_YEAR,365,0.00,7148.033213121949,0.313223931841,Santa Maria Hoè,0.000000000000,12,753.000000000,7148.033213121949,0.313223931841,Santa Maria Hoè,0.000000000000,12,753.000000000,16.069514809,30.005870680,108509.398748,1,1,1,1,3,1,1,1,1.000000000,true,true,1,1.000000000,16.534259134,16.534259134,22.089519495,22.089519495,0,,0,,,,true,true,false,false,false,false,true,true,true,false,false,false,false,BASE_UNRESTRICTED,true,false,false,true,"{""R2_a3523dd1e87e4364755c"":7}",60,30,289.251266562,105576.712295,108509.398748,-2932.686453,9.001761204,1,1,1,0,18,"[0,2,5]",LEXICOGRAPHIC_ROUTE_UNWEIGHTED_S8_ROBUSTNESS_MARGIN5_THEN2_THEN0__THEN_MIN_EXACT_FLEET__THEN_KM__THEN_PHASE_VECTOR,true,false,false,0,1,3,21.875233781,21.875233781,0,1,3,21.875233781,21.875233781,0,1,3,21.875233781,21.875233781
P2PLAN_ce88678e4093d45d,P2_3d110befe0bda5e7,single_compact_loop,PUBLIC,15,CORE_0600_2200,360,1320,960,IDEALISED_5_DAY_52_WEEK,260,0.00,4634.226113818080,0.203069918834,La Valletta Brianza,0.000000000000,6,490.000000000,4634.226113818080,0.203069918834,La Valletta Brianza,0.000000000000,6,490.000000000,5.699126388,10.510258833,94833.463096,2,2,2,1,1,1,1,1,1.000000000,true,true,1,1.000000000,10.309695238,10.309695238,10.309695238,10.309695238,0,,0,,,,true,true,true,false,false,false,true,true,true,false,false,false,false,BASE_FREQUENT_30;BASE_UNRESTRICTED,true,false,false,true,"{""R2_717987377cd99367dc20"":10}",15,15,364.744088832,94833.463096,94833.463096,0.000000,11.210942755,2,2,2,0,64,"[0,2,5]",LEXICOGRAPHIC_ROUTE_UNWEIGHTED_S8_ROBUSTNESS_MARGIN5_THEN2_THEN0__THEN_MIN_EXACT_FLEET__THEN_KM__THEN_PHASE_VECTOR,true,false,false,1,0,0,10.250171429,10.250171429,0,1,1,13.027801609,13.027801609,0,1,1,13.027801609,13.027801609
P2PLAN_cec7e02e6d491ee5,P2_53fd2d4d99e137fc,blank_slate,PUBLIC,15,S8_EXTENDED_0530_2400,330,1440,1110,IDEALISED_5_DAY_52_WEEK,260,0.00,4655.606163078575,0.204006783968,La Valletta Brianza,0.009189912991,0,0.000000000,4655.606163078575,0.204006783968,La Valletta Brianza,0.009189912991,0,0.000000000,5.660087272,13.352350807,108900.079113,2,2,2,1,1,1,1,0,0.000000000,false,false,1,0.000000000,,,,,0,,0,,,,true,true,true,false,false,false,true,true,true,false,false,false,false,BASE_FREQUENT_30;BASE_UNRESTRICTED,true,false,false,true,"{""R2_fc3196ae85a4ca6d0ece"":7}",15,15,418.846458128,108900.079113,108900.079113,0.000000,16.467899329,2,2,2,0,74,"[0,2,5]",LEXICOGRAPHIC_ROUTE_UNWEIGHTED_S8_ROBUSTNESS_MARGIN5_THEN2_THEN0__THEN_MIN_EXACT_FLEET__THEN_KM__THEN_PHASE_VECTOR,true,false,false,0,1,2,11.613998442,11.613998442,0,1,2,11.613998442,11.613998442,0,1,2,11.613998442,11.613998442
P2PLAN_cfad0a929373bc35,P2_65e5e7079f4bd40d,two_radial_out_and_back_feeders,PUBLIC,15,S8_EXTENDED_0530_2400,330,1440,1110,IDEALISED_DAILY_YEAR,365,0.00,4879.445058330667,0.213815314060,Brivio,0.000000000000,2,221.000000000,4879.445058330667,0.213815314060,Brivio,0.000000000000,2,221.000000000,3.876039459,8.434138702,104691.825788,2,2,3,1,1,1,2,0,0.000000000,false,false,2,0.000000000,,,,,0,,0,,,,true,true,true,false,false,false,true,true,true,false,false,false,false,BASE_FREQUENT_30;BASE_UNRESTRICTED,true,false,false,true,"{""R2_9f12445b4b9e77e7a878"":0,""R2_dbc7ef02fd6d81ac70ef"":2}",225,225,286.826919966,104691.825788,104691.825788,-0.000000,10.402104399,2,2,4,1,148,"[0,2,5]",LEXICOGRAPHIC_ROUTE_UNWEIGHTED_S8_ROBUSTNESS_MARGIN5_THEN2_THEN0__THEN_MIN_EXACT_FLEET__THEN_KM__THEN_PHASE_VECTOR,true,false,false,0,2,4,11.095105069,13.286460094,0,2,4,13.456289979,13.626119864,0,2,4,13.456289979,13.626119864
P2PLAN_cfd5724d58f183fd,P2_dd354addff4542c4,blank_slate,PUBLIC,20,CORE_0600_2200,360,1320,960,IDEALISED_5_DAY_52_WEEK,260,0.00,5710.409074073803,0.250227822014,Santa Maria Hoè,0.063137253657,2,90.000000000,5710.409074073803,0.250227822014,Santa Maria Hoè,0.063137253657,2,90.000000000,8.809933330,19.424221353,109947.967958,2,2,2,1,3,1,1,1,1.000000000,true,true,1,1.000000000,10.528590705,10.528590705,13.676837251,13.676837251,0,,0,,,,true,true,true,false,false,false,true,true,true,false,false,false,false,BASE_FREQUENT_30;BASE_UNRESTRICTED,true,false,false,true,"{""R2_0e3b21bd0041fec416ba"":1}",20,20,422.876799840,109947.967958,109947.967958,0.000000,15.539377082,2,2,2,0,48,"[0,2,5]",LEXICOGRAPHIC_ROUTE_UNWEIGHTED_S8_ROBUSTNESS_MARGIN5_THEN2_THEN0__THEN_MIN_EXACT_FLEET__THEN_KM__THEN_PHASE_VECTOR,true,false,false,0,1,1,13.679119283,13.679119283,0,1,1,13.679119283,13.679119283,0,1,1,15.452074717,15.452074717
P2PLAN_d03f2f51da3f55b5,P2_a44745e961005b24,single_compact_loop,PUBLIC,30,S8_EXTENDED_0530_2400,330,1440,1110,IDEALISED_DAILY_YEAR,365,0.00,6351.503430600282,0.278320318096,Brivio,0.000000000000,2,221.000000000,6351.503430600282,0.278320318096,Brivio,0.000000000000,2,221.000000000,7.093166800,16.606866149,95793.217634,1,1,2,2,2,2,1,0,0.000000000,false,false,1,0.000000000,,,,,0,,0,,,,true,true,true,false,false,false,true,true,true,false,false,false,false,BASE_FREQUENT_30;BASE_UNRESTRICTED,true,false,false,true,"{""R2_6fc8006689b7ff6ba32d"":14}",30,30,262.447171600,95793.217634,95793.217634,0.000000,10.240900792,1,1,2,0,37,"[0,2,5]",LEXICOGRAPHIC_ROUTE_UNWEIGHTED_S8_ROBUSTNESS_MARGIN5_THEN2_THEN0__THEN_MIN_EXACT_FLEET__THEN_KM__THEN_PHASE_VECTOR,true,false,false,0,1,1,15.733761399,15.733761399,0,1,1,15.733761399,15.733761399,0,1,1,21.289021761,21.289021761
P2PLAN_d11376fad4865ecc,P2_455581bfa0cad4ab,single_compact_loop,PUBLIC,60,S8_EXTENDED_0530_2400,330,1440,1110,IDEALISED_DAILY_YEAR,365,0.00,5112.979715535079,0.224048708529,Santa Maria Hoè,0.093473095134,12,753.000000000,5112.979715535079,0.224048708529,Santa Maria Hoè,0.093473095134,12,753.000000000,15.466441579,27.223062488,104437.146762,1,1,1,2,1,2,1,1,1.000000000,true,true,1,1.000000000,17.925663230,17.925663230,23.480923591,23.480923591,0,,0,,,,true,true,false,false,false,false,true,true,true,false,false,false,false,BASE_UNRESTRICTED,true,false,false,true,"{""R2_092aa5e78c63b74fa8dc"":43}",60,60,293.862390001,107259.772350,104437.146762,2822.625588,8.620636455,1,1,1,0,19,"[0,2,5]",LEXICOGRAPHIC_ROUTE_UNWEIGHTED_S8_ROBUSTNESS_MARGIN5_THEN2_THEN0__THEN_MIN_EXACT_FLEET__THEN_KM__THEN_PHASE_VECTOR,true,false,false,1,0,0,23.480923591,23.480923591,1,0,0,23.480923591,23.480923591,1,0,0,23.480923591,23.480923591
P2PLAN_d15861cf25510249,P2_067e6c7ae6cb14c4,blank_slate,PUBLIC,15,CORE_0600_2200,360,1320,960,IDEALISED_5_DAY_52_WEEK,260,0.00,4634.226113818080,0.203069918834,La Valletta Brianza,0.000000000000,6,490.000000000,4634.226113818080,0.203069918834,La Valletta Brianza,0.000000000000,6,490.000000000,5.699126388,10.510258833,94833.463096,2,2,2,1,1,1,1,1,1.000000000,true,true,1,1.000000000,10.309695238,10.309695238,10.309695238,10.309695238,0,,0,,,,true,true,true,false,false,false,true,true,true,false,false,false,false,BASE_FREQUENT_30;BASE_UNRESTRICTED,true,false,false,true,"{""R2_717987377cd99367dc20"":10}",15,15,364.744088832,94833.463096,94833.463096,0.000000,11.210942755,2,2,2,0,64,"[0,2,5]",LEXICOGRAPHIC_ROUTE_UNWEIGHTED_S8_ROBUSTNESS_MARGIN5_THEN2_THEN0__THEN_MIN_EXACT_FLEET__THEN_KM__THEN_PHASE_VECTOR,true,false,false,1,0,0,10.250171429,10.250171429,0,1,1,13.027801609,13.027801609,0,1,1,13.027801609,13.027801609
P2PLAN_d1c8ba6a15dd4bf7,P2_56801c69e0786613,single_compact_loop,PUBLIC,30,S8_EXTENDED_0530_2400,330,1440,1110,IDEALISED_6_DAY_52_WEEK,312,0.00,5316.193758482211,0.232953465913,Brivio,0.000000000000,4,643.000000000,5316.193758482211,0.232953465913,Brivio,0.000000000000,4,643.000000000,8.230676366,17.784780959,95014.927969,1,1,2,3,1,3,1,0,0.000000000,false,false,1,0.000000000,,,,,0,,0,,,,true,true,true,false,false,false,true,true,true,false,false,false,false,BASE_FREQUENT_30;BASE_UNRESTRICTED,true,false,false,true,"{""R2_a6dcf730feb71833c37c"":13}",30,30,304.535025542,95014.927969,95014.927969,0.000000,10.967281591,1,1,2,0,37,"[0,2,5]",LEXICOGRAPHIC_ROUTE_UNWEIGHTED_S8_ROBUSTNESS_MARGIN5_THEN2_THEN0__THEN_MIN_EXACT_FLEET__THEN_KM__THEN_PHASE_VECTOR,true,false,false,0,1,1,15.144803994,15.144803994,0,1,1,15.144803994,15.144803994,0,1,1,20.700064356,20.700064356
P2PLAN_d26592422f352615,P2_f77c2ba98980326c,blank_slate,PUBLIC,30,S8_EXTENDED_0530_2400,330,1440,1110,IDEALISED_6_DAY_52_WEEK,312,0.00,4632.125246860367,0.202977859691,Brivio,0.000000000000,9,844.000000000,4632.125246860367,0.202977859691,Brivio,0.000000000000,9,844.000000000,8.217583299,13.280456005,94863.781604,1,1,1,1,2,1,1,0,0.000000000,false,false,1,0.000000000,,,,,0,,0,,,,true,true,true,false,false,false,true,true,true,false,false,false,false,BASE_FREQUENT_30;BASE_UNRESTRICTED,true,false,false,true,"{""R2_e641044e83a327ab5732"":7}",30,30,304.050582063,94863.781604,94863.781604,-0.000000,8.189614536,1,1,1,0,37,"[0,2,5]",LEXICOGRAPHIC_ROUTE_UNWEIGHTED_S8_ROBUSTNESS_MARGIN5_THEN2_THEN0__THEN_MIN_EXACT_FLEET__THEN_KM__THEN_PHASE_VECTOR,true,false,false,0,1,1,7.952226833,7.952226833,0,1,1,7.952226833,7.952226833,0,1,1,7.952226833,7.952226833
P2PLAN_d272b01d6250beb8,P2_f3d37fa831bda36c,blank_slate,PUBLIC,30,S8_EXTENDED_0530_2400,330,1440,1110,IDEALISED_DAILY_YEAR,365,0.00,5316.193758482211,0.232953465913,Brivio,0.000000000000,4,643.000000000,5316.193758482211,0.232953465913,Brivio,0.000000000000,4,643.000000000,8.230676366,17.784780959,111155.284323,1,1,2,3,1,3,1,0,0.000000000,false,false,1,0.000000000,,,,,0,,0,,,,true,true,true,false,false,false,true,true,true,false,false,false,false,BASE_FREQUENT_30;BASE_UNRESTRICTED,true,false,false,true,"{""R2_a6dcf730feb71833c37c"":13}",30,30,304.535025542,111155.284323,111155.284323,-0.000000,10.967281591,1,1,2,0,37,"[0,2,5]",LEXICOGRAPHIC_ROUTE_UNWEIGHTED_S8_ROBUSTNESS_MARGIN5_THEN2_THEN0__THEN_MIN_EXACT_FLEET__THEN_KM__THEN_PHASE_VECTOR,true,false,false,0,1,1,15.144803994,15.144803994,0,1,1,15.144803994,15.144803994,0,1,1,20.700064356,20.700064356
P2PLAN_d2ae7359813aec65,P2_6560a07ee7940940,single_compact_loop,PUBLIC,60,S8_EXTENDED_0530_2400,330,1440,1110,IDEALISED_6_DAY_52_WEEK,312,0.00,5875.136747910650,0.257446122229,Santa Maria Hoè,0.063137253657,16,1234.000000000,5875.136747910650,0.257446122229,Santa Maria Hoè,0.063137253657,16,1234.000000000,15.030292923,24.080896213,86754.850752,1,1,1,1,3,1,1,1,1.000000000,true,true,1,1.000000000,19.496746367,19.496746367,25.052006729,25.052006729,0,,0,,,,true,true,false,false,false,false,true,true,true,false,false,false,false,BASE_UNRESTRICTED,true,false,false,true,"{""R2_5464385760a996896b1f"":56}",60,60,285.575565537,89099.576448,86754.850752,2344.725696,7.625617134,1,1,1,0,19,"[0,2,5]",LEXICOGRAPHIC_ROUTE_UNWEIGHTED_S8_ROBUSTNESS_MARGIN5_THEN2_THEN0__THEN_MIN_EXACT_FLEET__THEN_KM__THEN_PHASE_VECTOR,true,false,false,1,0,0,19.496746367,19.496746367,1,0,0,25.052006729,25.052006729,1,0,0,25.052006729,25.052006729
P2PLAN_d3794305c0f1942a,P2_32209b4bbc62cfb6,single_compact_loop,PUBLIC,60,S8_EXTENDED_0530_2400,330,1440,1110,IDEALISED_DAILY_YEAR,365,0.00,7170.447870735303,0.314206133096,Brivio,0.000050341214,12,733.000000000,7170.447870735303,0.314206133096,Brivio,0.000050341214,12,733.000000000,13.341750246,24.790377776,90090.168536,1,1,1,1,3,1,1,1,1.000000000,true,true,1,1.000000000,19.142005586,19.142005586,24.697265947,24.697265947,0,,0,,,,true,true,false,false,false,false,true,true,true,false,false,false,false,BASE_UNRESTRICTED,true,false,false,true,"{""R2_837c3ae88923898ea40c"":37}",60,60,253.493254674,92525.037956,90090.168536,2434.869420,7.850286296,1,1,1,0,19,"[0,2,5]",LEXICOGRAPHIC_ROUTE_UNWEIGHTED_S8_ROBUSTNESS_MARGIN5_THEN2_THEN0__THEN_MIN_EXACT_FLEET__THEN_KM__THEN_PHASE_VECTOR,true,false,false,1,0,0,19.142005586,19.142005586,1,0,0,24.697265947,24.697265947,1,0,0,24.697265947,24.697265947
P2PLAN_d37a80ab07a8ad14,P2_46ac3434edd59d8e,single_compact_loop,PUBLIC,30,S8_EXTENDED_0530_2400,330,1440,1110,IDEALISED_6_DAY_52_WEEK,312,0.00,3589.568044191300,0.157293423644,Brivio,0.011016508985,6,245.000000000,3589.568044191300,0.157293423644,Brivio,0.011016508985,6,245.000000000,9.312029235,15.929613105,107498.065489,1,1,2,1,1,1,1,0,0.000000000,false,false,1,0.000000000,,,,,0,,0,,,,true,true,true,false,false,false,true,true,true,false,false,false,false,BASE_FREQUENT_30;BASE_UNRESTRICTED,true,false,false,true,"{""R2_cba9391a775bcf131254"":15}",30,30,344.545081695,107498.065489,107498.065489,-0.000000,9.823261415,1,1,2,0,37,"[0,2,5]",LEXICOGRAPHIC_ROUTE_UNWEIGHTED_S8_ROBUSTNESS_MARGIN5_THEN2_THEN0__THEN_MIN_EXACT_FLEET__THEN_KM__THEN_PHASE_VECTOR,true,false,false,0,1,1,16.072387921,16.072387921,0,1,1,16.072387921,16.072387921,0,1,1,21.627648283,21.627648283
P2PLAN_d3e74bce286e0820,P2_4ba3fc7bfeb69a72,blank_slate,PUBLIC,30,CORE_0600_2200,360,1320,960,IDEALISED_6_DAY_52_WEEK,312,0.00,7358.874754254281,0.322462923119,Santa Maria Hoè,0.000000000000,6,447.000000000,7358.874754254281,0.322462923119,Santa Maria Hoè,0.000000000000,6,447.000000000,10.988723661,20.803091147,109711.417031,1,2,2,1,2,1,1,1,1.000000000,true,true,1,1.000000000,13.635648900,13.635648900,13.635648900,13.635648900,0,,0,,,,true,true,true,false,false,false,true,true,true,false,false,false,false,BASE_FREQUENT_30;BASE_UNRESTRICTED,true,false,false,true,"{""R2_5e2ba419b8ecfcf7ffe0"":7}",30,30,351.639157152,109711.417031,109711.417031,0.000000,11.094981945,1,2,2,0,32,"[0,2,5]",LEXICOGRAPHIC_ROUTE_UNWEIGHTED_S8_ROBUSTNESS_MARGIN5_THEN2_THEN0__THEN_MIN_EXACT_FLEET__THEN_KM__THEN_PHASE_VECTOR,true,false,false,0,1,1,13.635648900,13.635648900,0,1,1,13.635648900,13.635648900,0,1,1,13.635648900,13.635648900
P2PLAN_d43a1e26ccdf9d6f,P2_48c394c239c6771c,blank_slate,PUBLIC,60,S8_EXTENDED_0530_2400,330,1440,1110,IDEALISED_5_DAY_52_WEEK,260,0.00,7906.716608991273,0.346469132191,La Valletta Brianza,0.045773761307,20,1055.000000000,7906.716608991273,0.346469132191,La Valletta Brianza,0.045773761307,20,1055.000000000,21.622335348,40.036996938,104003.433024,1,1,1,1,3,1,1,1,1.000000000,true,true,1,1.000000000,17.073956366,17.073956366,17.073956366,17.073956366,0,,0,,,,true,true,false,false,false,false,true,true,true,false,false,false,false,BASE_UNRESTRICTED,true,false,false,true,"{""R2_f6e23d36c7ebe6e85edf"":37}",60,60,410.824371612,106814.336619,104003.433024,2810.903595,12.678382364,1,1,1,0,19,"[0,2,5]",LEXICOGRAPHIC_ROUTE_UNWEIGHTED_S8_ROBUSTNESS_MARGIN5_THEN2_THEN0__THEN_MIN_EXACT_FLEET__THEN_KM__THEN_PHASE_VECTOR,true,false,false,1,0,0,17.073956366,17.073956366,1,0,0,17.073956366,17.073956366,1,0,0,17.073956366,17.073956366
P2PLAN_d52fa9f093f232d8,P2_b6fae8db5eec6d5a,two_radial_out_and_back_feeders,PUBLIC,30,S8_EXTENDED_0530_2400,330,1440,1110,IDEALISED_6_DAY_52_WEEK,312,0.00,4177.066916878051,0.183037387245,Brivio,0.010743097632,6,356.000000000,4177.066916878051,0.183037387245,Brivio,0.010743097632,6,356.000000000,8.948550217,15.298828660,103302.063705,1,2,2,1,1,1,2,0,0.000000000,false,false,2,0.000000000,,,,,0,,0,,,,true,true,true,false,false,false,true,true,true,false,false,false,false,BASE_FREQUENT_30;BASE_UNRESTRICTED,true,false,false,true,"{""R2_14b61a2a29e2081585d6"":7,""R2_691d5061a0170b543a1b"":7}",900,900,331.096358029,103302.063705,103302.063705,0.000000,9.434277674,2,2,2,0,74,"[0,2,5]",LEXICOGRAPHIC_ROUTE_UNWEIGHTED_S8_ROBUSTNESS_MARGIN5_THEN2_THEN0__THEN_MIN_EXACT_FLEET__THEN_KM__THEN_PHASE_VECTOR,true,false,false,0,2,2,10.767747670,10.969361674,0,2,2,10.767747670,10.969361674,0,2,2,10.767747670,10.969361674
P2PLAN_d815999344574c13,P2_af2038081c00b46f,single_compact_loop,PUBLIC,60,S8_EXTENDED_0530_2400,330,1440,1110,IDEALISED_DAILY_YEAR,365,0.00,6929.344012087206,0.303641059272,Santa Maria Hoè,0.063137253657,12,641.000000000,6929.344012087206,0.303641059272,Santa Maria Hoè,0.063137253657,12,641.000000000,15.332644531,29.911744520,103533.682196,1,1,1,1,3,1,1,1,1.000000000,true,true,1,1.000000000,16.581322214,16.581322214,22.136582575,22.136582575,0,,0,,,,true,true,false,false,false,false,true,true,true,false,false,false,false,BASE_UNRESTRICTED,true,false,false,true,"{""R2_bfe93861ccce0d9b8444"":37}",60,60,291.320246089,106331.889822,103533.682196,2798.207626,9.472052431,1,1,1,0,19,"[0,2,5]",LEXICOGRAPHIC_ROUTE_UNWEIGHTED_S8_ROBUSTNESS_MARGIN5_THEN2_THEN0__THEN_MIN_EXACT_FLEET__THEN_KM__THEN_PHASE_VECTOR,true,false,false,1,0,0,22.136582575,22.136582575,1,0,0,22.136582575,22.136582575,1,0,0,22.136582575,22.136582575
P2PLAN_d96ec74ec51eaeeb,P2_06755a34f49f025f,single_compact_loop,PUBLIC,20,CORE_0600_2200,360,1320,960,IDEALISED_5_DAY_52_WEEK,260,0.00,4172.490484783842,0.182836849837,La Valletta Brianza,0.009189912991,2,221.000000000,4172.490484783842,0.182836849837,La Valletta Brianza,0.009189912991,2,221.000000000,6.720995939,11.195909750,83878.029319,1,2,2,1,1,1,1,1,1.000000000,true,true,1,1.000000000,12.790993053,12.790993053,12.790993053,12.790993053,0,,0,,,,true,true,true,false,false,false,true,true,true,false,false,false,false,BASE_FREQUENT_30;BASE_UNRESTRICTED,true,false,false,true,"{""R2_720949d9745b883ea795"":9}",20,20,322.607805072,83878.029319,83878.029319,-0.000000,8.956727800,1,2,2,0,48,"[0,2,5]",LEXICOGRAPHIC_ROUTE_UNWEIGHTED_S8_ROBUSTNESS_MARGIN5_THEN2_THEN0__THEN_MIN_EXACT_FLEET__THEN_KM__THEN_PHASE_VECTOR,true,false,false,0,1,1,12.733541102,12.733541102,0,1,1,12.733541102,12.733541102,0,1,1,16.417983973,16.417983973
P2PLAN_d9940bc071fcbcbb,P2_a459a3624cc79469,single_compact_loop,PUBLIC,60,S8_EXTENDED_0530_2400,330,1440,1110,IDEALISED_6_DAY_52_WEEK,312,0.00,6004.310226213206,0.263106451939,Santa Maria Hoè,0.020638447805,12,753.000000000,6004.310226213206,0.263106451939,Santa Maria Hoè,0.020638447805,12,753.000000000,14.627516222,26.973909176,84430.023633,1,1,1,3,1,3,1,1,1.000000000,true,true,1,1.000000000,18.050239886,18.050239886,23.605500247,23.605500247,0,,0,,,,true,true,false,false,false,false,true,true,true,false,false,false,false,BASE_UNRESTRICTED,true,false,false,true,"{""R2_8c7957417e41db130216"":37}",60,60,277.922808218,86711.916164,84430.023633,2281.892531,8.541737906,1,1,1,0,19,"[0,2,5]",LEXICOGRAPHIC_ROUTE_UNWEIGHTED_S8_ROBUSTNESS_MARGIN5_THEN2_THEN0__THEN_MIN_EXACT_FLEET__THEN_KM__THEN_PHASE_VECTOR,true,false,false,1,0,0,23.605500247,23.605500247,1,0,0,23.605500247,23.605500247,1,0,0,23.605500247,23.605500247
P2PLAN_da2f634676b7d2b0,P2_f77c2ba98980326c,blank_slate,PUBLIC,30,CORE_0600_2200,360,1320,960,IDEALISED_DAILY_YEAR,365,0.00,4632.125246860367,0.202977859691,Brivio,0.000000000000,9,844.000000000,4632.125246860367,0.202977859691,Brivio,0.000000000000,9,844.000000000,8.217583299,13.280456005,95981.372932,1,1,1,1,2,1,1,1,1.000000000,true,true,1,1.000000000,17.396966471,17.396966471,17.396966471,17.396966471,0,,0,,,,true,true,true,false,false,false,true,true,true,false,false,false,false,BASE_FREQUENT_30;BASE_UNRESTRICTED,true,false,false,true,"{""R2_e641044e83a327ab5732"":7}",30,30,262.962665568,95981.372932,95981.372932,0.000000,7.082909869,1,1,1,0,32,"[0,2,5]",LEXICOGRAPHIC_ROUTE_UNWEIGHTED_S8_ROBUSTNESS_MARGIN5_THEN2_THEN0__THEN_MIN_EXACT_FLEET__THEN_KM__THEN_PHASE_VECTOR,true,false,false,0,1,1,7.952226833,7.952226833,0,1,1,7.952226833,7.952226833,0,1,1,7.952226833,7.952226833
P2PLAN_dafe17b3c4cb6e3c,P2_61cba0bd6db4e301,single_compact_loop,PUBLIC,60,S8_EXTENDED_0530_2400,330,1440,1110,IDEALISED_6_DAY_52_WEEK,312,0.00,6447.147469807760,0.282511401311,Santa Maria Hoè,0.007765537274,12,753.000000000,6447.147469807760,0.282511401311,Santa Maria Hoè,0.007765537274,12,753.000000000,18.397807254,34.489482811,106192.143470,1,1,1,1,3,1,1,1,1.000000000,true,true,1,1.000000000,19.847713430,19.847713430,19.847713430,19.847713430,0,,0,,,,true,true,false,false,false,false,true,true,true,false,false,false,false,BASE_UNRESTRICTED,true,false,false,true,"{""R2_4730892de76b4133c50e"":37}",60,60,349.558337826,109062.201402,106192.143470,2870.057932,10.921669557,1,1,1,0,19,"[0,2,5]",LEXICOGRAPHIC_ROUTE_UNWEIGHTED_S8_ROBUSTNESS_MARGIN5_THEN2_THEN0__THEN_MIN_EXACT_FLEET__THEN_KM__THEN_PHASE_VECTOR,true,false,false,1,0,0,19.847713430,19.847713430,1,0,0,19.847713430,19.847713430,1,0,0,19.847713430,19.847713430
P2PLAN_db4a7b20e7221a3d,P2_fa603ab2af99a6aa,single_compact_loop,PUBLIC,15,S8_EXTENDED_0530_2400,330,1440,1110,IDEALISED_5_DAY_52_WEEK,260,0.00,4655.606163078575,0.204006783968,La Valletta Brianza,0.009189912991,0,0.000000000,4655.606163078575,0.204006783968,La Valletta Brianza,0.009189912991,0,0.000000000,5.660087272,13.352350807,108900.079113,2,2,2,1,1,1,1,0,0.000000000,false,false,1,0.000000000,,,,,0,,0,,,,true,true,true,false,false,false,true,true,true,false,false,false,false,BASE_FREQUENT_30;BASE_UNRESTRICTED,true,false,false,true,"{""R2_fc3196ae85a4ca6d0ece"":7}",15,15,418.846458128,108900.079113,108900.079113,0.000000,16.467899329,2,2,2,0,74,"[0,2,5]",LEXICOGRAPHIC_ROUTE_UNWEIGHTED_S8_ROBUSTNESS_MARGIN5_THEN2_THEN0__THEN_MIN_EXACT_FLEET__THEN_KM__THEN_PHASE_VECTOR,true,false,false,0,1,2,11.613998442,11.613998442,0,1,2,11.613998442,11.613998442,0,1,2,11.613998442,11.613998442
P2PLAN_db5e1bbfb8972515,P2_efb7898b0d4b89dc,blank_slate,PUBLIC,15,CORE_0600_2200,360,1320,960,IDEALISED_5_DAY_52_WEEK,260,0.00,4256.982928783476,0.186539274648,La Valletta Brianza,0.000000000000,4,643.000000000,4256.982928783476,0.186539274648,La Valletta Brianza,0.000000000000,4,643.000000000,6.214775930,10.629073297,103413.871475,2,2,2,2,0,2,1,1,1.000000000,true,true,1,1.000000000,10.250288006,10.250288006,10.250288006,10.250288006,0,,0,,,,true,true,true,false,false,false,true,true,true,false,false,false,false,BASE_FREQUENT_30;BASE_UNRESTRICTED,true,false,false,true,"{""R2_ee975e5012ad1533d159"":10}",15,15,397.745659520,103413.871475,103413.871475,0.000000,11.337678183,2,2,2,0,64,"[0,2,5]",LEXICOGRAPHIC_ROUTE_UNWEIGHTED_S8_ROBUSTNESS_MARGIN5_THEN2_THEN0__THEN_MIN_EXACT_FLEET__THEN_KM__THEN_PHASE_VECTOR,true,false,false,1,0,0,10.190764197,10.190764197,0,1,1,12.968394377,12.968394377,0,1,1,12.968394377,12.968394377
P2PLAN_dbaf872fc7cbef97,P2_6d191d545b91e100,blank_slate,PUBLIC,30,CORE_0600_2200,360,1320,960,IDEALISED_DAILY_YEAR,365,0.00,4299.809845931018,0.188415932881,La Valletta Brianza,0.009189912991,2,139.000000000,4299.809845931018,0.188415932881,La Valletta Brianza,0.009189912991,2,139.000000000,8.317417645,14.873568168,97147.438094,1,1,1,0,2,0,1,1,1.000000000,true,true,1,1.000000000,16.600410390,16.600410390,16.600410390,16.600410390,0,,0,,,,true,true,true,false,false,false,true,true,true,false,false,false,false,BASE_FREQUENT_30;BASE_UNRESTRICTED,true,false,false,true,"{""R2_5be11ea0fd5246053759"":7}",30,30,266.157364640,97147.438094,97147.438094,-0.000000,7.932569690,1,1,1,0,32,"[0,2,5]",LEXICOGRAPHIC_ROUTE_UNWEIGHTED_S8_ROBUSTNESS_MARGIN5_THEN2_THEN0__THEN_MIN_EXACT_FLEET__THEN_KM__THEN_PHASE_VECTOR,true,false,false,0,1,1,7.155670751,7.155670751,0,1,1,7.155670751,7.155670751,0,1,1,16.600410390,16.600410390
P2PLAN_dbdcdcd2f9832d73,P2_8b0421a33dcb77b2,two_independent_loops,PUBLIC,60,CORE_0600_2200,360,1320,960,IDEALISED_5_DAY_52_WEEK,260,0.00,10433.204430159871,0.457178809315,Brivio,0.000000000000,12,733.000000000,10433.204430159871,0.457178809315,Brivio,0.000000000000,12,733.000000000,26.224786840,51.758240904,109095.113254,2,2,2,3,3,3,2,2,1.000000000,true,true,2,1.000000000,25.719921722,26.475346773,25.719921722,26.475346773,0,,0,,,,true,true,false,false,false,false,true,true,true,false,false,false,false,BASE_UNRESTRICTED,true,false,false,true,"{""R2_235ca1ecac202beb00df"":37,""R2_ee13da0e6a2cac68a14e"":37}",3600,3600,419.596589440,109095.113254,109095.113254,0.000000,13.802197574,2,2,2,0,32,"[0,2,5]",LEXICOGRAPHIC_ROUTE_UNWEIGHTED_S8_ROBUSTNESS_MARGIN5_THEN2_THEN0__THEN_MIN_EXACT_FLEET__THEN_KM__THEN_PHASE_VECTOR,true,false,false,0,2,2,16.563293636,16.941006161,0,2,2,16.563293636,16.941006161,0,2,2,16.563293636,16.941006161
P2PLAN_dbe489a0c6c255da,P2_56801c69e0786613,single_compact_loop,PUBLIC,20,CORE_0600_2200,360,1320,960,IDEALISED_5_DAY_52_WEEK,260,0.00,5316.193758482211,0.232953465913,Brivio,0.000000000000,4,643.000000000,5316.193758482211,0.232953465913,Brivio,0.000000000000,4,643.000000000,8.230676366,17.784780959,102718.841048,2,2,2,3,1,3,1,1,1.000000000,true,true,1,1.000000000,9.496557448,9.496557448,14.496557448,14.496557448,0,,0,,,,true,true,true,false,false,false,true,true,true,false,false,false,false,BASE_FREQUENT_30;BASE_UNRESTRICTED,true,false,false,true,"{""R2_a6dcf730feb71833c37c"":10}",20,20,395.072465568,102718.841048,102718.841048,-0.000000,14.227824767,2,2,2,0,48,"[0,2,5]",LEXICOGRAPHIC_ROUTE_UNWEIGHTED_S8_ROBUSTNESS_MARGIN5_THEN2_THEN0__THEN_MIN_EXACT_FLEET__THEN_KM__THEN_PHASE_VECTOR,true,false,false,0,1,1,14.427291447,14.427291447,0,1,1,14.427291447,14.427291447,0,1,1,14.427291447,14.427291447
P2PLAN_dca37b0077ed24d5,P2_3952117a13ec7506,two_independent_loops,PUBLIC,60,S8_EXTENDED_0530_2400,330,1440,1110,IDEALISED_5_DAY_52_WEEK,260,0.00,8376.450829737198,0.367052696251,Calco,0.171996948300,12,567.000000000,8376.450829737198,0.367052696251,Calco,0.171996948300,12,567.000000000,19.348490861,36.400255707,93066.241041,1,1,2,1,4,1,2,2,1.000000000,true,true,2,1.000000000,20.336570784,24.537690310,25.891831145,30.092950672,0,,0,,,,true,true,false,false,false,false,true,true,true,false,false,false,false,BASE_UNRESTRICTED,true,false,false,true,"{""R2_2ffb6743b10bb3f0a97d"":38,""R2_b2032eeb31cba06561f0"":57}",3600,3600,367.621326359,95581.544853,93066.241041,2515.303812,11.526747641,2,2,2,0,38,"[0,2,5]",LEXICOGRAPHIC_ROUTE_UNWEIGHTED_S8_ROBUSTNESS_MARGIN5_THEN2_THEN0__THEN_MIN_EXACT_FLEET__THEN_KM__THEN_PHASE_VECTOR,true,false,false,2,0,0,22.437130547,24.537690310,2,0,0,22.437130547,24.537690310,2,0,0,27.992390909,30.092950672
P2PLAN_dd679715e3e1dd19,P2_a7143f626fa3e4c8,single_compact_loop,PUBLIC,20,S8_EXTENDED_0530_2400,330,1440,1110,IDEALISED_DAILY_YEAR,365,0.00,5780.775206194420,0.253311237537,Brivio,0.000000000000,2,221.000000000,5780.775206194420,0.253311237537,Brivio,0.000000000000,2,221.000000000,4.941273246,10.529247876,100097.842781,1,2,2,1,2,1,1,0,0.000000000,false,false,1,0.000000000,,,,,0,,0,,,,true,true,true,false,false,false,true,true,true,false,false,false,false,BASE_FREQUENT_30;BASE_UNRESTRICTED,true,false,false,true,"{""R2_89ad250d7fb28bc4d750"":10}",20,20,276.711301776,100999.625148,100097.842781,901.782367,9.827298018,1,2,2,0,56,"[0,2,5]",LEXICOGRAPHIC_ROUTE_UNWEIGHTED_S8_ROBUSTNESS_MARGIN5_THEN2_THEN0__THEN_MIN_EXACT_FLEET__THEN_KM__THEN_PHASE_VECTOR,true,false,false,0,1,1,13.157992234,13.157992234,0,1,1,13.157992234,13.157992234,0,1,1,14.976077444,14.976077444
P2PLAN_de252511901fc34d,P2_0704130aeb315af7,blank_slate,PUBLIC,30,S8_EXTENDED_0530_2400,330,1440,1110,IDEALISED_5_DAY_52_WEEK,260,0.00,7168.536575183297,0.314122380896,Brivio,0.000000000000,12,733.000000000,7168.536575183297,0.314122380896,Brivio,0.000000000000,12,733.000000000,11.190855453,19.831962416,107656.029458,1,1,2,1,2,1,1,0,0.000000000,false,false,1,0.000000000,,,,,0,,0,,,,true,true,true,false,false,false,true,true,true,false,false,false,false,BASE_FREQUENT_30;BASE_UNRESTRICTED,true,false,false,true,"{""R2_349928954c66680a97a1"":11}",30,30,414.061651761,107656.029458,107656.029458,-0.000000,12.229710157,1,1,2,0,37,"[0,2,5]",LEXICOGRAPHIC_ROUTE_UNWEIGHTED_S8_ROBUSTNESS_MARGIN5_THEN2_THEN0__THEN_MIN_EXACT_FLEET__THEN_KM__THEN_PHASE_VECTOR,true,false,false,0,1,1,14.121213266,14.121213266,0,1,1,14.121213266,14.121213266,0,1,1,19.676473627,19.676473627
P2PLAN_df4d5bfdbc8fade3,P2_1c505c091c9f5b21,blank_slate,PUBLIC,20,CORE_0600_2200,360,1320,960,IDEALISED_6_DAY_52_WEEK,312,0.00,4860.318769351302,0.212977207792,Brivio,0.000050341214,2,221.000000000,4860.318769351302,0.212977207792,Brivio,0.000050341214,2,221.000000000,7.022970275,12.364302371,105176.002838,1,2,2,1,2,1,1,1,1.000000000,true,true,1,1.000000000,12.206796742,12.206796742,12.206796742,12.206796742,0,,0,,,,true,true,true,false,false,false,true,true,true,false,false,false,false,BASE_FREQUENT_30;BASE_UNRESTRICTED,true,false,false,true,"{""R2_74ab36c37a99ef5a1c51"":8}",20,20,337.102573200,105176.002838,105176.002838,0.000000,9.891441897,1,2,2,0,48,"[0,2,5]",LEXICOGRAPHIC_ROUTE_UNWEIGHTED_S8_ROBUSTNESS_MARGIN5_THEN2_THEN0__THEN_MIN_EXACT_FLEET__THEN_KM__THEN_PHASE_VECTOR,true,false,false,0,1,1,12.149344792,12.149344792,0,1,1,12.149344792,12.149344792,0,1,1,15.833787662,15.833787662
P2PLAN_dfd1511be08861af,P2_dd354addff4542c4,blank_slate,PUBLIC,30,CORE_0600_2200,360,1320,960,IDEALISED_DAILY_YEAR,365,0.00,5710.409074073803,0.250227822014,Santa Maria Hoè,0.063137253657,2,90.000000000,5710.409074073803,0.250227822014,Santa Maria Hoè,0.063137253657,2,90.000000000,8.809933330,19.424221353,102900.021294,1,1,2,1,3,1,1,1,1.000000000,true,true,1,1.000000000,14.325083797,14.325083797,14.325083797,14.325083797,0,,0,,,,true,true,true,false,false,false,true,true,true,false,false,false,false,BASE_FREQUENT_30;BASE_UNRESTRICTED,true,false,false,true,"{""R2_0e3b21bd0041fec416ba"":7}",30,30,281.917866560,102900.021294,102900.021294,0.000000,10.359584722,1,1,2,0,32,"[0,2,5]",LEXICOGRAPHIC_ROUTE_UNWEIGHTED_S8_ROBUSTNESS_MARGIN5_THEN2_THEN0__THEN_MIN_EXACT_FLEET__THEN_KM__THEN_PHASE_VECTOR,true,false,false,0,1,1,14.325083797,14.325083797,0,1,1,14.325083797,14.325083797,0,1,1,14.325083797,14.325083797
P2PLAN_e0cbda2d7ab8f9ef,P2_6560a07ee7940940,single_compact_loop,PUBLIC,60,CORE_0600_2200,360,1320,960,IDEALISED_DAILY_YEAR,365,0.00,5875.136747910650,0.257446122229,Santa Maria Hoè,0.063137253657,16,1234.000000000,5875.136747910650,0.257446122229,Santa Maria Hoè,0.063137253657,16,1234.000000000,15.030292923,24.080896213,87776.910670,1,1,1,1,3,1,1,1,1.000000000,true,true,1,1.000000000,19.496746367,19.496746367,19.496746367,19.496746367,0,,0,,,,true,true,false,false,false,false,true,true,true,false,false,false,false,BASE_UNRESTRICTED,true,false,false,true,"{""R2_5464385760a996896b1f"":56}",60,60,240.484686768,87776.910670,87776.910670,0.000000,6.421572323,1,1,1,0,16,"[0,2,5]",LEXICOGRAPHIC_ROUTE_UNWEIGHTED_S8_ROBUSTNESS_MARGIN5_THEN2_THEN0__THEN_MIN_EXACT_FLEET__THEN_KM__THEN_PHASE_VECTOR,true,false,false,1,0,0,19.496746367,19.496746367,0,1,1,24.962405755,24.962405755,0,1,1,24.962405755,24.962405755
P2PLAN_e11e0ca6e76775d5,P2_d2d270f92e2b6996,single_compact_loop,PUBLIC,60,CORE_0600_2200,360,1320,960,IDEALISED_5_DAY_52_WEEK,260,0.00,6397.926106363451,0.280354541021,Santa Maria Hoè,0.093473095134,16,1367.000000000,6397.926106363451,0.280354541021,Santa Maria Hoè,0.093473095134,16,1367.000000000,21.614706925,41.714131016,89917.180808,1,1,1,3,1,3,1,1,1.000000000,true,true,1,1.000000000,25.680128966,25.680128966,25.680128966,25.680128966,0,,0,,,,true,true,false,false,false,false,true,true,true,false,false,false,false,BASE_UNRESTRICTED,true,false,false,true,"{""R2_0dfbad056e54a0bf0740"":37}",60,60,345.835310800,89917.180808,89917.180808,0.000000,11.123768271,1,1,1,0,16,"[0,2,5]",LEXICOGRAPHIC_ROUTE_UNWEIGHTED_S8_ROBUSTNESS_MARGIN5_THEN2_THEN0__THEN_MIN_EXACT_FLEET__THEN_KM__THEN_PHASE_VECTOR,true,false,false,0,1,1,16.145788354,16.145788354,0,1,1,16.145788354,16.145788354,0,1,1,16.145788354,16.145788354
P2PLAN_e13ed6590d8f8481,P2_14fd41ab5fad0b23,single_compact_loop,PUBLIC,60,CORE_0600_2200,360,1320,960,IDEALISED_DAILY_YEAR,365,0.00,6635.842279344171,0.290779931744,Brivio,0.000465712767,12,733.000000000,6635.842279344171,0.290779931744,Brivio,0.000465712767,12,733.000000000,15.635046782,31.405155973,91308.673207,1,1,1,3,1,3,1,1,1.000000000,true,true,1,1.000000000,25.279356126,25.279356126,25.279356126,25.279356126,0,,0,,,,true,true,false,false,false,false,true,true,true,false,false,false,false,BASE_UNRESTRICTED,true,false,false,true,"{""R2_0c74cbb6c90ba91bf1bd"":47}",60,60,250.160748512,91308.673207,91308.673207,-0.000000,8.374708259,1,1,1,0,16,"[0,2,5]",LEXICOGRAPHIC_ROUTE_UNWEIGHTED_S8_ROBUSTNESS_MARGIN5_THEN2_THEN0__THEN_MIN_EXACT_FLEET__THEN_KM__THEN_PHASE_VECTOR,true,false,false,0,1,1,21.300275875,21.300275875,0,1,1,21.300275875,21.300275875,0,1,1,21.300275875,21.300275875
P2PLAN_e29927ce4246e204,P2_373a2b2dbf17f0d2,blank_slate,PUBLIC,30,S8_EXTENDED_0530_2400,330,1440,1110,IDEALISED_5_DAY_52_WEEK,260,0.00,6670.907002218253,0.292316453755,La Valletta Brianza,0.005660282930,2,90.000000000,6670.907002218253,0.292316453755,La Valletta Brianza,0.005660282930,2,90.000000000,11.471425498,24.502737675,110355.113291,1,2,2,2,1,2,1,0,0.000000000,false,false,1,0.000000000,,,,,0,,0,,,,true,true,true,false,false,false,true,true,true,false,false,false,false,BASE_FREQUENT_30;BASE_UNRESTRICTED,true,false,false,true,"{""R2_f72f8095e2969202df8c"":7}",30,30,424.442743426,110355.113291,110355.113291,-0.000000,15.110021566,1,2,2,0,37,"[0,2,5]",LEXICOGRAPHIC_ROUTE_UNWEIGHTED_S8_ROBUSTNESS_MARGIN5_THEN2_THEN0__THEN_MIN_EXACT_FLEET__THEN_KM__THEN_PHASE_VECTOR,true,false,false,0,1,1,11.785825636,11.785825636,0,1,1,17.341085998,17.341085998,0,1,1,17.341085998,17.341085998
P2PLAN_e2bfa42cb88eb061,P2_42a9b50ab64792f3,blank_slate,PUBLIC,60,S8_EXTENDED_0530_2400,330,1440,1110,IDEALISED_DAILY_YEAR,365,0.00,6929.344012087206,0.303641059272,Santa Maria Hoè,0.063137253657,12,641.000000000,6929.344012087206,0.303641059272,Santa Maria Hoè,0.063137253657,12,641.000000000,15.332644531,29.911744520,103533.682196,1,1,1,1,3,1,1,1,1.000000000,true,true,1,1.000000000,16.581322214,16.581322214,22.136582575,22.136582575,0,,0,,,,true,true,false,false,false,false,true,true,true,false,false,false,false,BASE_UNRESTRICTED,true,false,false,true,"{""R2_bfe93861ccce0d9b8444"":37}",60,60,291.320246089,106331.889822,103533.682196,2798.207626,9.472052431,1,1,1,0,19,"[0,2,5]",LEXICOGRAPHIC_ROUTE_UNWEIGHTED_S8_ROBUSTNESS_MARGIN5_THEN2_THEN0__THEN_MIN_EXACT_FLEET__THEN_KM__THEN_PHASE_VECTOR,true,false,false,1,0,0,22.136582575,22.136582575,1,0,0,22.136582575,22.136582575,1,0,0,22.136582575,22.136582575
P2PLAN_e2c6f87efed0c962,P2_201349cc1e6155e2,single_compact_loop,PUBLIC,60,S8_EXTENDED_0530_2400,330,1440,1110,IDEALISED_DAILY_YEAR,365,0.00,7694.557709182786,0.337172414787,La Valletta Brianza,0.000000000000,12,641.000000000,7694.557709182786,0.337172414787,La Valletta Brianza,0.000000000000,12,641.000000000,16.443253323,30.767332253,111033.068064,1,1,1,0,3,0,1,1,1.000000000,true,true,1,1.000000000,16.153528347,16.153528347,21.708788709,21.708788709,0,,0,,,,true,true,false,false,false,false,true,true,true,false,false,false,false,BASE_UNRESTRICTED,true,false,false,true,"{""R2_4b93287415adf4bc7045"":7}",60,30,295.978559814,108032.174332,111033.068064,-3000.893732,9.230199676,1,1,1,0,18,"[0,2,5]",LEXICOGRAPHIC_ROUTE_UNWEIGHTED_S8_ROBUSTNESS_MARGIN5_THEN2_THEN0__THEN_MIN_EXACT_FLEET__THEN_KM__THEN_PHASE_VECTOR,true,false,false,0,1,3,21.494502994,21.494502994,0,1,3,21.494502994,21.494502994,0,1,3,21.494502994,21.494502994
P2PLAN_e5675d3cd3235694,P2_39309e97f4fa3d4d,blank_slate,PUBLIC,20,CORE_0600_2200,360,1320,960,IDEALISED_6_DAY_52_WEEK,312,0.00,6351.503430600282,0.278320318096,Brivio,0.000000000000,2,221.000000000,6351.503430600282,0.278320318096,Brivio,0.000000000000,2,221.000000000,7.093166800,16.606866149,106227.265997,2,2,2,2,2,2,1,1,1.000000000,true,true,1,1.000000000,10.085514853,10.085514853,11.937268307,11.937268307,0,,0,,,,true,true,true,false,false,false,true,true,true,false,false,false,false,BASE_FREQUENT_30;BASE_UNRESTRICTED,true,false,false,true,"{""R2_6fc8006689b7ff6ba32d"":10}",20,20,340.472006400,106227.265997,106227.265997,-0.000000,13.285492919,2,2,2,0,48,"[0,2,5]",LEXICOGRAPHIC_ROUTE_UNWEIGHTED_S8_ROBUSTNESS_MARGIN5_THEN2_THEN0__THEN_MIN_EXACT_FLEET__THEN_KM__THEN_PHASE_VECTOR,true,false,false,0,1,1,15.016248852,15.016248852,0,1,1,15.016248852,15.016248852,0,1,1,15.016248852,15.016248852
P2PLAN_e57f3204d770b11c,P2_2ad990d0f4719858,hybrid_interlined,PUBLIC,20,S8_EXTENDED_0530_2400,330,1440,1110,IDEALISED_5_DAY_52_WEEK,260,0.00,4660.182595172781,0.204207321376,Brivio,0.013951238382,2,90.000000000,4660.182595172781,0.204207321376,Brivio,0.013951238382,2,90.000000000,7.667593481,16.224300767,110643.373931,2,2,3,1,1,1,2,0,0.000000000,false,false,2,0.000000000,,,,,0,,0,,,,true,true,true,false,false,false,true,true,true,false,false,false,false,BASE_FREQUENT_30;BASE_UNRESTRICTED,true,false,false,true,"{""R2_691d5061a0170b543a1b"":0,""R2_b622c0c9482a8b5ac700"":12}",400,300,425.062169050,110516.163953,110643.373931,-127.209978,15.021910944,2,2,3,0,111,"[0,2,5]",LEXICOGRAPHIC_ROUTE_UNWEIGHTED_S8_ROBUSTNESS_MARGIN5_THEN2_THEN0__THEN_MIN_EXACT_FLEET__THEN_KM__THEN_PHASE_VECTOR,true,false,false,0,2,3,12.745883146,14.706453888,0,2,3,14.320006419,14.706453888,0,2,3,15.229049024,15.751644160
P2PLAN_e64d15799e9c2cf0,P2_46d3fc0e6b13df71,blank_slate,PUBLIC,20,CORE_0600_2200,360,1320,960,IDEALISED_DAILY_YEAR,365,0.00,5782.991207416099,0.253408341817,La Valletta Brianza,0.000000000000,2,221.000000000,5782.991207416099,0.253408341817,La Valletta Brianza,0.000000000000,2,221.000000000,6.155031649,10.562667935,107836.154490,1,2,2,0,2,0,1,1,1.000000000,true,true,1,1.000000000,9.959367414,9.959367414,13.107613960,13.107613960,0,,0,,,,true,true,true,false,false,false,true,true,true,false,false,false,false,BASE_FREQUENT_30;BASE_UNRESTRICTED,true,false,false,true,"{""R2_6430b8f6d93aae646d8f"":10}",20,20,295.441519152,107836.154490,107836.154490,0.000000,8.450134348,1,2,2,0,48,"[0,2,5]",LEXICOGRAPHIC_ROUTE_UNWEIGHTED_S8_ROBUSTNESS_MARGIN5_THEN2_THEN0__THEN_MIN_EXACT_FLEET__THEN_KM__THEN_PHASE_VECTOR,true,false,false,0,1,1,13.050162010,13.050162010,0,1,1,13.050162010,13.050162010,0,1,1,14.823117444,14.823117444
P2PLAN_e661f953a2019cbc,P2_a815c45bca43374b,blank_slate,PUBLIC,60,S8_EXTENDED_0530_2400,330,1440,1110,IDEALISED_6_DAY_52_WEEK,312,0.00,6635.842279344171,0.290779931744,Brivio,0.000465712767,12,733.000000000,6635.842279344171,0.290779931744,Brivio,0.000465712767,12,733.000000000,15.635046782,31.405155973,90245.490026,1,1,1,3,1,3,1,1,1.000000000,true,true,1,1.000000000,21.389876849,21.389876849,21.389876849,21.389876849,0,,0,,,,true,true,false,false,false,false,true,true,true,false,false,false,false,BASE_UNRESTRICTED,true,false,false,true,"{""R2_0c74cbb6c90ba91bf1bd"":37}",60,60,297.065888858,92684.557324,90245.490026,2439.067298,9.944966058,1,1,1,0,19,"[0,2,5]",LEXICOGRAPHIC_ROUTE_UNWEIGHTED_S8_ROBUSTNESS_MARGIN5_THEN2_THEN0__THEN_MIN_EXACT_FLEET__THEN_KM__THEN_PHASE_VECTOR,true,false,false,1,0,0,21.389876849,21.389876849,1,0,0,21.389876849,21.389876849,1,0,0,21.389876849,21.389876849
P2PLAN_e685289a438b0163,P2_a112d4f2cc25db49,single_compact_loop,PUBLIC,30,CORE_0600_2200,360,1320,960,IDEALISED_6_DAY_52_WEEK,312,0.00,6164.154851031466,0.270110778917,Brivio,0.000000000000,12,733.000000000,6164.154851031466,0.270110778917,Brivio,0.000000000000,12,733.000000000,10.792937690,19.590822342,107756.689897,1,1,2,1,2,1,1,1,1.000000000,true,true,1,1.000000000,14.241783303,14.241783303,14.241783303,14.241783303,0,,0,,,,true,true,true,false,false,false,true,true,true,false,false,false,false,BASE_FREQUENT_30;BASE_UNRESTRICTED,true,false,false,true,"{""R2_c5dce46458cb3b702f8a"":7}",30,30,345.374006080,107756.689897,107756.689897,-0.000000,10.448438582,1,1,2,0,32,"[0,2,5]",LEXICOGRAPHIC_ROUTE_UNWEIGHTED_S8_ROBUSTNESS_MARGIN5_THEN2_THEN0__THEN_MIN_EXACT_FLEET__THEN_KM__THEN_PHASE_VECTOR,true,false,false,0,1,1,14.241783303,14.241783303,0,1,1,14.241783303,14.241783303,0,1,1,14.241783303,14.241783303
P2PLAN_e702bc6a0949cd2e,P2_e380fd1c4e01ec63,single_compact_loop,PUBLIC,30,S8_EXTENDED_0530_2400,330,1440,1110,IDEALISED_6_DAY_52_WEEK,312,0.00,6305.385784917445,0.276299461466,La Valletta Brianza,0.000000000000,6,490.000000000,6305.385784917445,0.276299461466,La Valletta Brianza,0.000000000000,6,490.000000000,9.602690845,17.462134604,110853.463115,1,1,2,2,2,2,1,0,0.000000000,false,false,1,0.000000000,,,,,0,,0,,,,true,true,true,false,false,false,true,true,true,false,false,false,false,BASE_FREQUENT_30;BASE_UNRESTRICTED,true,false,false,true,"{""R2_36c232385e1bd7bd7e34"":13}",30,30,355.299561265,110853.463115,110853.463115,-0.000000,10.768316339,1,1,2,0,37,"[0,2,5]",LEXICOGRAPHIC_ROUTE_UNWEIGHTED_S8_ROBUSTNESS_MARGIN5_THEN2_THEN0__THEN_MIN_EXACT_FLEET__THEN_KM__THEN_PHASE_VECTOR,true,false,false,0,1,1,15.306127172,15.306127172,0,1,1,15.306127172,15.306127172,0,1,1,20.861387533,20.861387533
P2PLAN_e7737cc27703d3fc,P2_f77c2ba98980326c,blank_slate,PUBLIC,30,S8_EXTENDED_0530_2400,330,1440,1110,IDEALISED_5_DAY_52_WEEK,260,0.00,4632.125246860367,0.202977859691,Brivio,0.000000000000,9,844.000000000,4632.125246860367,0.202977859691,Brivio,0.000000000000,9,844.000000000,8.217583299,13.280456005,79053.151336,1,1,1,1,2,1,1,0,0.000000000,false,false,1,0.000000000,,,,,0,,0,,,,true,true,true,false,false,false,true,true,true,false,false,false,false,BASE_FREQUENT_30;BASE_UNRESTRICTED,true,false,false,true,"{""R2_e641044e83a327ab5732"":7}",30,30,304.050582063,79053.151336,79053.151336,0.000000,8.189614536,1,1,1,0,37,"[0,2,5]",LEXICOGRAPHIC_ROUTE_UNWEIGHTED_S8_ROBUSTNESS_MARGIN5_THEN2_THEN0__THEN_MIN_EXACT_FLEET__THEN_KM__THEN_PHASE_VECTOR,true,false,false,0,1,1,7.952226833,7.952226833,0,1,1,7.952226833,7.952226833,0,1,1,7.952226833,7.952226833
P2PLAN_e77a6c881822c3b1,P2_1c505c091c9f5b21,blank_slate,PUBLIC,20,CORE_0600_2200,360,1320,960,IDEALISED_5_DAY_52_WEEK,260,0.00,4860.318769351302,0.212977207792,Brivio,0.000050341214,2,221.000000000,4860.318769351302,0.212977207792,Brivio,0.000050341214,2,221.000000000,7.022970275,12.364302371,87646.669032,1,2,2,1,2,1,1,1,1.000000000,true,true,1,1.000000000,12.206796742,12.206796742,12.206796742,12.206796742,0,,0,,,,true,true,true,false,false,false,true,true,true,false,false,false,false,BASE_FREQUENT_30;BASE_UNRESTRICTED,true,false,false,true,"{""R2_74ab36c37a99ef5a1c51"":8}",20,20,337.102573200,87646.669032,87646.669032,0.000000,9.891441897,1,2,2,0,48,"[0,2,5]",LEXICOGRAPHIC_ROUTE_UNWEIGHTED_S8_ROBUSTNESS_MARGIN5_THEN2_THEN0__THEN_MIN_EXACT_FLEET__THEN_KM__THEN_PHASE_VECTOR,true,false,false,0,1,1,12.149344792,12.149344792,0,1,1,12.149344792,12.149344792,0,1,1,15.833787662,15.833787662
P2PLAN_e9ea56dafbf2a7b9,P2_797f3c5fa3d228fb,blank_slate,PUBLIC,15,S8_EXTENDED_0530_2400,330,1440,1110,IDEALISED_6_DAY_52_WEEK,312,0.00,5651.766671621381,0.247658135595,Brivio,0.000000000000,2,221.000000000,5651.766671621381,0.247658135595,Brivio,0.000000000000,2,221.000000000,4.533771494,9.917995248,104675.716253,1,2,2,1,1,1,1,0,0.000000000,false,false,1,0.000000000,,,,,0,,0,,,,true,true,true,false,false,false,true,true,true,false,false,false,false,BASE_FREQUENT_30;BASE_UNRESTRICTED,true,false,false,true,"{""R2_c5de37de500b158213f8"":10}",15,15,335.499090556,104675.716253,104675.716253,0.000000,12.232194139,1,2,2,0,74,"[0,2,5]",LEXICOGRAPHIC_ROUTE_UNWEIGHTED_S8_ROBUSTNESS_MARGIN5_THEN2_THEN0__THEN_MIN_EXACT_FLEET__THEN_KM__THEN_PHASE_VECTOR,true,false,false,0,1,2,10.553546041,10.553546041,0,1,2,13.331176222,13.331176222,0,1,2,13.331176222,13.331176222
P2PLAN_ea314c12cb76edac,P2_f77c2ba98980326c,blank_slate,PUBLIC,30,S8_EXTENDED_0530_2400,330,1440,1110,IDEALISED_DAILY_YEAR,365,0.00,4632.125246860367,0.202977859691,Brivio,0.000000000000,9,844.000000000,4632.125246860367,0.202977859691,Brivio,0.000000000000,9,844.000000000,8.217583299,13.280456005,110978.462453,1,1,1,1,2,1,1,0,0.000000000,false,false,1,0.000000000,,,,,0,,0,,,,true,true,true,false,false,false,true,true,true,false,false,false,false,BASE_FREQUENT_30;BASE_UNRESTRICTED,true,false,false,true,"{""R2_e641044e83a327ab5732"":7}",30,30,304.050582063,110978.462453,110978.462453,-0.000000,8.189614536,1,1,1,0,37,"[0,2,5]",LEXICOGRAPHIC_ROUTE_UNWEIGHTED_S8_ROBUSTNESS_MARGIN5_THEN2_THEN0__THEN_MIN_EXACT_FLEET__THEN_KM__THEN_PHASE_VECTOR,true,false,false,0,1,1,7.952226833,7.952226833,0,1,1,7.952226833,7.952226833,0,1,1,7.952226833,7.952226833
P2PLAN_eb6652e5fa916caf,P2_49faf41dbb619aa0,single_compact_loop,PUBLIC,30,CORE_0600_2200,360,1320,960,IDEALISED_DAILY_YEAR,365,0.00,4299.809845931018,0.188415932881,La Valletta Brianza,0.009189912991,2,139.000000000,4299.809845931018,0.188415932881,La Valletta Brianza,0.009189912991,2,139.000000000,8.317417645,14.873568168,97147.438094,1,1,1,0,2,0,1,1,1.000000000,true,true,1,1.000000000,16.600410390,16.600410390,16.600410390,16.600410390,0,,0,,,,true,true,true,false,false,false,true,true,true,false,false,false,false,BASE_FREQUENT_30;BASE_UNRESTRICTED,true,false,false,true,"{""R2_5be11ea0fd5246053759"":7}",30,30,266.157364640,97147.438094,97147.438094,-0.000000,7.932569690,1,1,1,0,32,"[0,2,5]",LEXICOGRAPHIC_ROUTE_UNWEIGHTED_S8_ROBUSTNESS_MARGIN5_THEN2_THEN0__THEN_MIN_EXACT_FLEET__THEN_KM__THEN_PHASE_VECTOR,true,false,false,0,1,1,7.155670751,7.155670751,0,1,1,7.155670751,7.155670751,0,1,1,16.600410390,16.600410390
P2PLAN_eb81b3bc7f4a9801,P2_f310802c44431269,single_compact_loop,PUBLIC,30,S8_EXTENDED_0530_2400,330,1440,1110,IDEALISED_DAILY_YEAR,365,0.00,5772.349768608437,0.252942038261,La Valletta Brianza,0.000000000000,6,490.000000000,5772.349768608437,0.252942038261,La Valletta Brianza,0.000000000000,6,490.000000000,6.912512264,13.387755700,93353.478125,1,1,1,0,2,0,1,0,0.000000000,false,false,1,0.000000000,,,,,0,,0,,,,true,true,true,false,false,false,true,true,true,false,false,false,false,BASE_FREQUENT_30;BASE_UNRESTRICTED,true,false,false,true,"{""R2_39da8f97f04069524b98"":7}",30,30,255.762953768,93353.478125,93353.478125,0.000000,8.255782682,1,1,1,0,37,"[0,2,5]",LEXICOGRAPHIC_ROUTE_UNWEIGHTED_S8_ROBUSTNESS_MARGIN5_THEN2_THEN0__THEN_MIN_EXACT_FLEET__THEN_KM__THEN_PHASE_VECTOR,true,false,false,0,1,1,7.898576985,7.898576985,0,1,1,7.898576985,7.898576985,0,1,1,7.898576985,7.898576985
P2PLAN_eb873d185ed14002,P2_83df62ba410ac17c,two_radial_out_and_back_feeders,PUBLIC,20,CORE_0600_2200,360,1320,960,IDEALISED_DAILY_YEAR,365,0.00,4756.236167303790,0.208416350158,Brivio,0.000465712767,0,0.000000000,4756.236167303790,0.208416350158,Brivio,0.000465712767,0,0.000000000,5.697547748,12.969824297,99821.036545,2,2,3,1,1,1,2,2,1.000000000,true,true,2,1.000000000,10.971105895,11.173631266,12.822859349,14.321877812,0,,0,,,,true,true,true,false,false,false,true,true,true,false,false,false,false,BASE_FREQUENT_30;BASE_UNRESTRICTED,true,false,false,true,"{""R2_40023c3a09f861e4df2b"":10,""R2_89faf7404f5ba6502188"":12}",400,400,273.482291904,99821.036545,99821.036545,-0.000000,10.375859438,2,2,3,0,96,"[0,2,5]",LEXICOGRAPHIC_ROUTE_UNWEIGHTED_S8_ROBUSTNESS_MARGIN5_THEN2_THEN0__THEN_MIN_EXACT_FLEET__THEN_KM__THEN_PHASE_VECTOR,true,false,false,0,2,2,11.954585836,12.792992357,0,2,2,15.102832383,15.941238904,0,2,2,15.989310100,16.037381296
P2PLAN_ec23b2eefe9b0db6,P2_bc532d83c07371af,single_compact_loop,PUBLIC,60,S8_EXTENDED_0530_2400,330,1440,1110,IDEALISED_6_DAY_52_WEEK,312,0.00,5211.808799599362,0.228379359125,Santa Maria Hoè,0.093473095134,12,753.000000000,5211.808799599362,0.228379359125,Santa Maria Hoè,0.093473095134,12,753.000000000,19.176534377,34.807425682,110686.956424,1,1,1,3,0,3,1,1,1.000000000,true,true,1,1.000000000,19.688741994,19.688741994,19.688741994,19.688741994,0,,0,,,,true,true,false,false,false,false,true,true,true,false,false,false,false,BASE_UNRESTRICTED,true,false,false,true,"{""R2_1324fd88bde3a7e1f53f"":27}",60,30,345.177618786,107695.417061,110686.956424,-2991.539363,10.442227705,1,1,1,0,18,"[0,2,5]",LEXICOGRAPHIC_ROUTE_UNWEIGHTED_S8_ROBUSTNESS_MARGIN5_THEN2_THEN0__THEN_MIN_EXACT_FLEET__THEN_KM__THEN_PHASE_VECTOR,true,false,false,0,1,1,23.443296420,23.443296420,0,1,1,28.998556781,28.998556781,0,1,2,34.474456280,34.474456280
P2PLAN_ec6dd898327a0a69,P2_14fd41ab5fad0b23,single_compact_loop,PUBLIC,60,S8_EXTENDED_0530_2400,330,1440,1110,IDEALISED_6_DAY_52_WEEK,312,0.00,6635.842279344171,0.290779931744,Brivio,0.000465712767,12,733.000000000,6635.842279344171,0.290779931744,Brivio,0.000465712767,12,733.000000000,15.635046782,31.405155973,90245.490026,1,1,1,3,1,3,1,1,1.000000000,true,true,1,1.000000000,21.389876849,21.389876849,21.389876849,21.389876849,0,,0,,,,true,true,false,false,false,false,true,true,true,false,false,false,false,BASE_UNRESTRICTED,true,false,false,true,"{""R2_0c74cbb6c90ba91bf1bd"":37}",60,60,297.065888858,92684.557324,90245.490026,2439.067298,9.944966058,1,1,1,0,19,"[0,2,5]",LEXICOGRAPHIC_ROUTE_UNWEIGHTED_S8_ROBUSTNESS_MARGIN5_THEN2_THEN0__THEN_MIN_EXACT_FLEET__THEN_KM__THEN_PHASE_VECTOR,true,false,false,1,0,0,21.389876849,21.389876849,1,0,0,21.389876849,21.389876849,1,0,0,21.389876849,21.389876849
P2PLAN_ec6ec29aee11ea3e,P2_a613ccb57b8d55d8,interlined_figure8,PUBLIC,60,CORE_0600_2200,360,1320,960,IDEALISED_5_DAY_52_WEEK,260,0.00,10433.204430159871,0.457178809315,Brivio,0.000000000000,12,733.000000000,10433.204430159871,0.457178809315,Brivio,0.000000000000,12,733.000000000,26.224786840,51.758240904,109095.113254,2,2,2,3,3,3,2,2,1.000000000,true,true,2,1.000000000,25.719921722,26.475346773,25.719921722,26.475346773,0,,0,,,,true,true,false,false,false,false,true,true,true,false,false,false,false,BASE_UNRESTRICTED,true,false,false,true,"{""R2_235ca1ecac202beb00df"":37,""R2_ee13da0e6a2cac68a14e"":37}",3600,3600,419.596589440,109095.113254,109095.113254,0.000000,13.802197574,2,2,2,0,32,"[0,2,5]",LEXICOGRAPHIC_ROUTE_UNWEIGHTED_S8_ROBUSTNESS_MARGIN5_THEN2_THEN0__THEN_MIN_EXACT_FLEET__THEN_KM__THEN_PHASE_VECTOR,true,false,false,0,2,2,16.563293636,16.941006161,0,2,2,16.563293636,16.941006161,0,2,2,16.563293636,16.941006161
P2PLAN_ed0a47f2c02c593f,P2_8031197355654327,blank_slate,PUBLIC,30,S8_EXTENDED_0530_2400,330,1440,1110,IDEALISED_DAILY_YEAR,365,0.00,4172.490484783842,0.182836849837,La Valletta Brianza,0.009189912991,2,221.000000000,4172.490484783842,0.182836849837,La Valletta Brianza,0.009189912991,2,221.000000000,6.720995939,11.195909750,90767.050156,1,1,1,1,1,1,1,0,0.000000000,false,false,1,0.000000000,,,,,0,,0,,,,true,true,true,false,false,false,true,true,true,false,false,false,false,BASE_FREQUENT_30;BASE_UNRESTRICTED,true,false,false,true,"{""R2_720949d9745b883ea795"":7}",30,30,248.676849743,90767.050156,90767.050156,0.000000,6.904144346,1,1,1,0,37,"[0,2,5]",LEXICOGRAPHIC_ROUTE_UNWEIGHTED_S8_ROBUSTNESS_MARGIN5_THEN2_THEN0__THEN_MIN_EXACT_FLEET__THEN_KM__THEN_PHASE_VECTOR,true,false,false,0,1,1,8.994499960,8.994499960,0,1,1,8.994499960,8.994499960,0,1,1,8.994499960,8.994499960
P2PLAN_f010230cd695151e,P2_f2143ff4248db98f,single_compact_loop,PUBLIC,30,CORE_0600_2200,360,1320,960,IDEALISED_6_DAY_52_WEEK,312,0.00,5574.479414711163,0.244271439176,La Valletta Brianza,0.009189912991,6,490.000000000,5574.479414711163,0.244271439176,La Valletta Brianza,0.009189912991,6,490.000000000,10.773093832,18.307958974,107558.568819,1,1,2,2,2,2,1,1,1.000000000,true,true,1,1.000000000,14.883214987,14.883214987,14.883214987,14.883214987,0,,0,,,,true,true,true,false,false,false,true,true,true,false,false,false,false,BASE_FREQUENT_30;BASE_UNRESTRICTED,true,false,false,true,"{""R2_e49df5a7f4542c2b9f1d"":7}",30,30,344.739002624,107558.568819,107558.568819,-0.000000,9.764244786,1,1,2,0,32,"[0,2,5]",LEXICOGRAPHIC_ROUTE_UNWEIGHTED_S8_ROBUSTNESS_MARGIN5_THEN2_THEN0__THEN_MIN_EXACT_FLEET__THEN_KM__THEN_PHASE_VECTOR,true,false,false,0,1,1,5.438475348,5.438475348,0,1,1,14.883214987,14.883214987,0,1,1,14.883214987,14.883214987
P2PLAN_f0d6ab6c5ce3dc06,P2_d3a8f22f24eccaaa,single_compact_loop,PUBLIC,15,CORE_0600_2200,360,1320,960,IDEALISED_6_DAY_52_WEEK,312,0.00,4075.271893380709,0.178576770380,Brivio,0.000000000000,4,643.000000000,4075.271893380709,0.178576770380,Brivio,0.000000000000,4,643.000000000,4.515070185,7.726686335,90156.921454,1,2,2,1,1,1,1,1,1.000000000,true,true,1,1.000000000,8.923851306,8.923851306,11.701481487,11.701481487,0,,0,,,,true,true,true,false,false,false,true,true,true,false,false,false,false,BASE_FREQUENT_30;BASE_UNRESTRICTED,true,false,false,true,"{""R2_ce283b4cd4b20a5821a0"":12}",15,15,288.964491840,90156.921454,90156.921454,0.000000,8.241798757,1,2,2,0,64,"[0,2,5]",LEXICOGRAPHIC_ROUTE_UNWEIGHTED_S8_ROBUSTNESS_MARGIN5_THEN2_THEN0__THEN_MIN_EXACT_FLEET__THEN_KM__THEN_PHASE_VECTOR,true,false,false,1,0,0,11.641957678,11.641957678,1,0,0,11.641957678,11.641957678,0,1,1,14.419587858,14.419587858
P2PLAN_f17be78fcfa1c518,P2_e9c8db434d1985dc,single_compact_loop,PUBLIC,60,CORE_0600_2200,360,1320,960,IDEALISED_DAILY_YEAR,365,0.00,8307.040811946410,0.364011177271,Calco,0.175453129957,12,567.000000000,8307.040811946410,0.364011177271,Calco,0.175453129957,12,567.000000000,15.710807811,31.306760484,91751.117616,1,1,1,1,3,1,1,1,1.000000000,true,true,1,1.000000000,25.328553871,25.328553871,25.328553871,25.328553871,0,,0,,,,true,true,false,false,false,false,true,true,true,false,false,false,false,BASE_UNRESTRICTED,true,false,false,true,"{""R2_9f54d35950504cf94579"":37}",60,60,251.372924976,91751.117616,91751.117616,0.000000,8.348469462,1,1,1,0,16,"[0,2,5]",LEXICOGRAPHIC_ROUTE_UNWEIGHTED_S8_ROBUSTNESS_MARGIN5_THEN2_THEN0__THEN_MIN_EXACT_FLEET__THEN_KM__THEN_PHASE_VECTOR,true,false,false,0,1,1,21.349473620,21.349473620,0,1,1,21.349473620,21.349473620,0,1,1,21.349473620,21.349473620
P2PLAN_f24fb31f35e2704e,P2_06755a34f49f025f,single_compact_loop,PUBLIC,20,S8_EXTENDED_0530_2400,330,1440,1110,IDEALISED_5_DAY_52_WEEK,260,0.00,4172.490484783842,0.182836849837,La Valletta Brianza,0.009189912991,2,221.000000000,4172.490484783842,0.182836849837,La Valletta Brianza,0.009189912991,2,221.000000000,6.720995939,11.195909750,96983.971400,1,2,2,1,1,1,1,0,0.000000000,false,false,1,0.000000000,,,,,0,,0,,,,true,true,true,false,false,false,true,true,true,false,false,false,false,BASE_FREQUENT_30;BASE_UNRESTRICTED,true,false,false,true,"{""R2_720949d9745b883ea795"":9}",20,20,369.654776645,96110.241928,96983.971400,-873.729472,10.262917271,1,2,2,0,55,"[0,2,5]",LEXICOGRAPHIC_ROUTE_UNWEIGHTED_S8_ROBUSTNESS_MARGIN5_THEN2_THEN0__THEN_MIN_EXACT_FLEET__THEN_KM__THEN_PHASE_VECTOR,true,false,false,0,1,1,12.790993053,12.790993053,0,1,1,12.790993053,12.790993053,0,1,1,16.494499960,16.494499960
P2PLAN_f397bd923b319077,P2_aafcdb7105f63b4b,blank_slate,PUBLIC,60,S8_EXTENDED_0530_2400,330,1440,1110,IDEALISED_6_DAY_52_WEEK,312,0.00,5211.808799599362,0.228379359125,Santa Maria Hoè,0.093473095134,12,753.000000000,5211.808799599362,0.228379359125,Santa Maria Hoè,0.093473095134,12,753.000000000,19.176534377,34.807425682,110686.956424,1,1,1,3,0,3,1,1,1.000000000,true,true,1,1.000000000,19.688741994,19.688741994,19.688741994,19.688741994,0,,0,,,,true,true,false,false,false,false,true,true,true,false,false,false,false,BASE_UNRESTRICTED,true,false,false,true,"{""R2_1324fd88bde3a7e1f53f"":27}",60,30,345.177618786,107695.417061,110686.956424,-2991.539363,10.442227705,1,1,1,0,18,"[0,2,5]",LEXICOGRAPHIC_ROUTE_UNWEIGHTED_S8_ROBUSTNESS_MARGIN5_THEN2_THEN0__THEN_MIN_EXACT_FLEET__THEN_KM__THEN_PHASE_VECTOR,true,false,false,0,1,1,23.443296420,23.443296420,0,1,1,28.998556781,28.998556781,0,1,2,34.474456280,34.474456280
P2PLAN_f46f3644774ed0f2,P2_d242d6edcd84512c,single_compact_loop,PUBLIC,60,S8_EXTENDED_0530_2400,330,1440,1110,IDEALISED_DAILY_YEAR,365,0.00,7540.016299701876,0.330400472567,Brivio,0.000000000000,12,733.000000000,7540.016299701876,0.330400472567,Brivio,0.000000000000,12,733.000000000,14.406614230,25.497508542,97280.662588,1,1,1,2,2,2,1,1,1.000000000,true,true,1,1.000000000,18.788440203,18.788440203,24.343700564,24.343700564,0,,0,,,,true,true,false,false,false,false,true,true,true,false,false,false,false,BASE_UNRESTRICTED,true,false,false,true,"{""R2_b6938accc594612f8532"":55}",60,60,273.725670370,99909.869685,97280.662588,2629.207097,8.074211038,1,1,1,0,19,"[0,2,5]",LEXICOGRAPHIC_ROUTE_UNWEIGHTED_S8_ROBUSTNESS_MARGIN5_THEN2_THEN0__THEN_MIN_EXACT_FLEET__THEN_KM__THEN_PHASE_VECTOR,true,false,false,1,0,0,18.788440203,18.788440203,1,0,0,24.343700564,24.343700564,1,0,0,24.343700564,24.343700564
P2PLAN_f4f4d285bf519656,P2_1c505c091c9f5b21,blank_slate,PUBLIC,20,S8_EXTENDED_0530_2400,330,1440,1110,IDEALISED_5_DAY_52_WEEK,260,0.00,4860.318769351302,0.212977207792,Brivio,0.000050341214,2,221.000000000,4860.318769351302,0.212977207792,Brivio,0.000050341214,2,221.000000000,7.022970275,12.364302371,101341.461068,1,2,2,1,2,1,1,0,0.000000000,false,false,1,0.000000000,,,,,0,,0,,,,true,true,true,false,false,false,true,true,true,false,false,false,false,BASE_FREQUENT_30;BASE_UNRESTRICTED,true,false,false,true,"{""R2_74ab36c37a99ef5a1c51"":8}",20,20,386.263365125,100428.474932,101341.461068,-912.986136,11.333943840,1,2,2,0,55,"[0,2,5]",LEXICOGRAPHIC_ROUTE_UNWEIGHTED_S8_ROBUSTNESS_MARGIN5_THEN2_THEN0__THEN_MIN_EXACT_FLEET__THEN_KM__THEN_PHASE_VECTOR,true,false,false,0,1,1,12.206796742,12.206796742,0,1,1,12.206796742,12.206796742,0,1,1,15.910303650,15.910303650
P2PLAN_f503fe03633004d1,P2_0ce6c0bee21b6682,single_compact_loop,PUBLIC,30,S8_EXTENDED_0530_2400,330,1440,1110,IDEALISED_5_DAY_52_WEEK,260,0.00,6862.934486120582,0.300731020634,Brivio,0.000465712767,6,375.000000000,6862.934486120582,0.300731020634,Brivio,0.000465712767,6,375.000000000,9.418848321,19.611421438,90609.320848,1,1,2,1,2,1,1,0,0.000000000,false,false,1,0.000000000,,,,,0,,0,,,,true,true,true,false,false,false,true,true,true,false,false,false,false,BASE_FREQUENT_30;BASE_UNRESTRICTED,true,false,false,true,"{""R2_700cd5fc23e4fb3cdeab"":21}",30,30,348.497387877,90609.320848,90609.320848,0.000000,12.093709887,1,1,2,0,37,"[0,2,5]",LEXICOGRAPHIC_ROUTE_UNWEIGHTED_S8_ROBUSTNESS_MARGIN5_THEN2_THEN0__THEN_MIN_EXACT_FLEET__THEN_KM__THEN_PHASE_VECTOR,true,false,false,0,1,1,19.786744116,19.786744116,0,1,1,19.786744116,19.786744116,0,1,1,19.786744116,19.786744116
P2PLAN_f5479d5993d42cbb,P2_a815c45bca43374b,blank_slate,PUBLIC,60,S8_EXTENDED_0530_2400,330,1440,1110,IDEALISED_DAILY_YEAR,365,0.00,6635.842279344171,0.290779931744,Brivio,0.000465712767,12,733.000000000,6635.842279344171,0.290779931744,Brivio,0.000465712767,12,733.000000000,15.635046782,31.405155973,105575.653395,1,1,1,3,1,3,1,1,1.000000000,true,true,1,1.000000000,21.389876849,21.389876849,21.389876849,21.389876849,0,,0,,,,true,true,false,false,false,false,true,true,true,false,false,false,false,BASE_UNRESTRICTED,true,false,false,true,"{""R2_0c74cbb6c90ba91bf1bd"":37}",60,60,297.065888858,108429.049433,105575.653395,2853.396038,9.944966058,1,1,1,0,19,"[0,2,5]",LEXICOGRAPHIC_ROUTE_UNWEIGHTED_S8_ROBUSTNESS_MARGIN5_THEN2_THEN0__THEN_MIN_EXACT_FLEET__THEN_KM__THEN_PHASE_VECTOR,true,false,false,1,0,0,21.389876849,21.389876849,1,0,0,21.389876849,21.389876849,1,0,0,21.389876849,21.389876849
P2PLAN_f7f8cd0ee3ef7785,P2_f77c2ba98980326c,blank_slate,PUBLIC,20,CORE_0600_2200,360,1320,960,IDEALISED_5_DAY_52_WEEK,260,0.00,4632.125246860367,0.202977859691,Brivio,0.000000000000,9,844.000000000,4632.125246860367,0.202977859691,Brivio,0.000000000000,9,844.000000000,8.217583299,13.280456005,102555.439572,1,2,2,1,2,1,1,1,1.000000000,true,true,1,1.000000000,11.748719925,11.748719925,11.748719925,11.748719925,0,,0,,,,true,true,true,false,false,false,true,true,true,false,false,false,false,BASE_FREQUENT_30;BASE_UNRESTRICTED,true,false,false,true,"{""R2_e641044e83a327ab5732"":7}",20,20,394.443998352,102555.439572,102555.439572,-0.000000,10.624364804,1,2,2,0,48,"[0,2,5]",LEXICOGRAPHIC_ROUTE_UNWEIGHTED_S8_ROBUSTNESS_MARGIN5_THEN2_THEN0__THEN_MIN_EXACT_FLEET__THEN_KM__THEN_PHASE_VECTOR,true,false,false,0,1,1,11.691267975,11.691267975,0,1,1,11.691267975,11.691267975,0,1,1,15.375710845,15.375710845
P2PLAN_f8429cfb5dda782b,P2_9858dc3c94ecb6ac,single_compact_loop,PUBLIC,30,S8_EXTENDED_0530_2400,330,1440,1110,IDEALISED_6_DAY_52_WEEK,312,0.00,4632.125246860367,0.202977859691,Brivio,0.000000000000,9,844.000000000,4632.125246860367,0.202977859691,Brivio,0.000000000000,9,844.000000000,8.217583299,13.280456005,94863.781604,1,1,1,1,2,1,1,0,0.000000000,false,false,1,0.000000000,,,,,0,,0,,,,true,true,true,false,false,false,true,true,true,false,false,false,false,BASE_FREQUENT_30;BASE_UNRESTRICTED,true,false,false,true,"{""R2_e641044e83a327ab5732"":7}",30,30,304.050582063,94863.781604,94863.781604,-0.000000,8.189614536,1,1,1,0,37,"[0,2,5]",LEXICOGRAPHIC_ROUTE_UNWEIGHTED_S8_ROBUSTNESS_MARGIN5_THEN2_THEN0__THEN_MIN_EXACT_FLEET__THEN_KM__THEN_PHASE_VECTOR,true,false,false,0,1,1,7.952226833,7.952226833,0,1,1,7.952226833,7.952226833,0,1,1,7.952226833,7.952226833
P2PLAN_f90337804ba7460f,P2_06755a34f49f025f,single_compact_loop,PUBLIC,30,S8_EXTENDED_0530_2400,330,1440,1110,IDEALISED_DAILY_YEAR,365,0.00,4172.490484783842,0.182836849837,La Valletta Brianza,0.009189912991,2,221.000000000,4172.490484783842,0.182836849837,La Valletta Brianza,0.009189912991,2,221.000000000,6.720995939,11.195909750,90767.050156,1,1,1,1,1,1,1,0,0.000000000,false,false,1,0.000000000,,,,,0,,0,,,,true,true,true,false,false,false,true,true,true,false,false,false,false,BASE_FREQUENT_30;BASE_UNRESTRICTED,true,false,false,true,"{""R2_720949d9745b883ea795"":7}",30,30,248.676849743,90767.050156,90767.050156,0.000000,6.904144346,1,1,1,0,37,"[0,2,5]",LEXICOGRAPHIC_ROUTE_UNWEIGHTED_S8_ROBUSTNESS_MARGIN5_THEN2_THEN0__THEN_MIN_EXACT_FLEET__THEN_KM__THEN_PHASE_VECTOR,true,false,false,0,1,1,8.994499960,8.994499960,0,1,1,8.994499960,8.994499960,0,1,1,8.994499960,8.994499960
P2PLAN_f96bf91eec36d377,P2_630176384d80fc43,blank_slate,PUBLIC,60,S8_EXTENDED_0530_2400,330,1440,1110,IDEALISED_6_DAY_52_WEEK,312,0.00,8527.965081130689,0.373691989625,Santa Maria Hoè,0.000000000000,12,753.000000000,8527.965081130689,0.373691989625,Santa Maria Hoè,0.000000000000,12,753.000000000,18.917785893,34.560905428,109193.460174,1,1,1,1,3,1,1,1,1.000000000,true,true,1,1.000000000,19.812002121,19.812002121,19.812002121,19.812002121,0,,0,,,,true,true,false,false,false,false,true,true,true,false,false,false,false,BASE_UNRESTRICTED,true,false,false,true,"{""R2_7cc74030c04e0d37f453"":28}",60,30,340.520146074,106242.285575,109193.460174,-2951.174599,10.368271628,1,1,1,0,18,"[0,2,5]",LEXICOGRAPHIC_ROUTE_UNWEIGHTED_S8_ROBUSTNESS_MARGIN5_THEN2_THEN0__THEN_MIN_EXACT_FLEET__THEN_KM__THEN_PHASE_VECTOR,true,false,false,0,1,1,23.566556547,23.566556547,0,1,1,29.121816908,29.121816908,0,1,2,34.597716407,34.597716407
P2PLAN_f9db0256b43d2b87,P2_c10f0ec58a98978a,blank_slate,PUBLIC,30,CORE_0600_2200,360,1320,960,IDEALISED_6_DAY_52_WEEK,312,0.00,6791.059292614881,0.297581478650,La Valletta Brianza,0.000000000000,6,490.000000000,6791.059292614881,0.297581478650,La Valletta Brianza,0.000000000000,6,490.000000000,10.493186866,21.283422930,104763.977670,1,2,2,3,1,3,1,1,1.000000000,true,true,1,1.000000000,13.395483009,13.395483009,13.395483009,13.395483009,0,,0,,,,true,true,true,false,false,false,true,true,true,false,false,false,false,BASE_FREQUENT_30;BASE_UNRESTRICTED,true,false,false,true,"{""R2_87f869090ed85bd335d0"":27}",30,30,335.781979712,104763.977670,104763.977670,0.000000,11.351158896,1,2,2,0,32,"[0,2,5]",LEXICOGRAPHIC_ROUTE_UNWEIGHTED_S8_ROBUSTNESS_MARGIN5_THEN2_THEN0__THEN_MIN_EXACT_FLEET__THEN_KM__THEN_PHASE_VECTOR,true,false,false,1,0,0,13.395483009,13.395483009,1,0,0,13.395483009,13.395483009,0,1,1,18.950743370,18.950743370
P2PLAN_fa008810caa40bda,P2_cdd20a132d6e273d,blank_slate,PUBLIC,30,S8_EXTENDED_0530_2400,330,1440,1110,IDEALISED_6_DAY_52_WEEK,312,0.00,6862.934486120582,0.300731020634,Brivio,0.000465712767,6,375.000000000,6862.934486120582,0.300731020634,Brivio,0.000465712767,6,375.000000000,9.418848321,19.611421438,108731.185018,1,1,2,1,2,1,1,0,0.000000000,false,false,1,0.000000000,,,,,0,,0,,,,true,true,true,false,false,false,true,true,true,false,false,false,false,BASE_FREQUENT_30;BASE_UNRESTRICTED,true,false,false,true,"{""R2_700cd5fc23e4fb3cdeab"":21}",30,30,348.497387877,108731.185018,108731.185018,-0.000000,12.093709887,1,1,2,0,37,"[0,2,5]",LEXICOGRAPHIC_ROUTE_UNWEIGHTED_S8_ROBUSTNESS_MARGIN5_THEN2_THEN0__THEN_MIN_EXACT_FLEET__THEN_KM__THEN_PHASE_VECTOR,true,false,false,0,1,1,19.786744116,19.786744116,0,1,1,19.786744116,19.786744116,0,1,1,19.786744116,19.786744116
P2PLAN_fb305288990f33a7,P2_2ca749a2a368b48f,blank_slate,PUBLIC,30,CORE_0600_2200,360,1320,960,IDEALISED_5_DAY_52_WEEK,260,0.00,6762.599299095536,0.296334373215,Calco,0.171996948300,12,567.000000000,6762.599299095536,0.296334373215,Calco,0.171996948300,12,567.000000000,13.129829148,23.634067955,109240.178511,1,2,2,0,3,0,1,1,1.000000000,true,true,1,1.000000000,12.220160496,12.220160496,12.220160496,12.220160496,0,,0,,,,true,true,true,false,false,false,true,true,true,false,false,false,false,BASE_FREQUENT_30;BASE_UNRESTRICTED,true,false,false,true,"{""R2_957e61a8530a0bbbd91a"":27}",30,30,420.154532736,109240.178511,109240.178511,0.000000,12.604836243,1,2,2,0,32,"[0,2,5]",LEXICOGRAPHIC_ROUTE_UNWEIGHTED_S8_ROBUSTNESS_MARGIN5_THEN2_THEN0__THEN_MIN_EXACT_FLEET__THEN_KM__THEN_PHASE_VECTOR,true,false,false,1,0,0,12.220160496,12.220160496,1,0,0,12.220160496,12.220160496,0,1,1,17.775420858,17.775420858
P2PLAN_fb75899f32402be4,P2_f3d37fa831bda36c,blank_slate,PUBLIC,20,CORE_0600_2200,360,1320,960,IDEALISED_5_DAY_52_WEEK,260,0.00,5316.193758482211,0.232953465913,Brivio,0.000000000000,4,643.000000000,5316.193758482211,0.232953465913,Brivio,0.000000000000,4,643.000000000,8.230676366,17.784780959,102718.841048,2,2,2,3,1,3,1,1,1.000000000,true,true,1,1.000000000,9.496557448,9.496557448,14.496557448,14.496557448,0,,0,,,,true,true,true,false,false,false,true,true,true,false,false,false,false,BASE_FREQUENT_30;BASE_UNRESTRICTED,true,false,false,true,"{""R2_a6dcf730feb71833c37c"":10}",20,20,395.072465568,102718.841048,102718.841048,-0.000000,14.227824767,2,2,2,0,48,"[0,2,5]",LEXICOGRAPHIC_ROUTE_UNWEIGHTED_S8_ROBUSTNESS_MARGIN5_THEN2_THEN0__THEN_MIN_EXACT_FLEET__THEN_KM__THEN_PHASE_VECTOR,true,false,false,0,1,1,14.427291447,14.427291447,0,1,1,14.427291447,14.427291447,0,1,1,14.427291447,14.427291447
P2PLAN_fcedd2a35ce798a4,P2_1d6d9059fae20b5a,single_compact_loop,PUBLIC,30,S8_EXTENDED_0530_2400,330,1440,1110,IDEALISED_DAILY_YEAR,365,0.00,6246.295216999681,0.273710136617,Brivio,0.000000000000,6,375.000000000,6246.295216999681,0.273710136617,Brivio,0.000000000000,6,375.000000000,8.058230847,13.661199753,108826.407589,1,1,1,0,2,0,1,0,0.000000000,false,false,1,0.000000000,,,,,0,,0,,,,true,true,true,false,false,false,true,true,true,false,false,false,false,BASE_FREQUENT_30;BASE_UNRESTRICTED,true,false,false,true,"{""R2_dcc2b84d507826a86b57"":7}",30,30,298.154541339,108826.407589,108826.407589,-0.000000,8.424406514,1,1,1,0,37,"[0,2,5]",LEXICOGRAPHIC_ROUTE_UNWEIGHTED_S8_ROBUSTNESS_MARGIN5_THEN2_THEN0__THEN_MIN_EXACT_FLEET__THEN_KM__THEN_PHASE_VECTOR,true,false,false,0,1,1,7.761854959,7.761854959,0,1,1,7.761854959,7.761854959,0,1,1,7.761854959,7.761854959
P2PLAN_fd84ab6b04e15bf8,P2_b4e03ee9772a6eae,hybrid_interlined,PUBLIC,15,S8_EXTENDED_0530_2400,330,1440,1110,IDEALISED_DAILY_YEAR,365,0.00,4879.445058330667,0.213815314060,Brivio,0.000000000000,2,221.000000000,4879.445058330667,0.213815314060,Brivio,0.000000000000,2,221.000000000,3.876039459,8.434138702,104691.825788,2,2,3,1,1,1,2,0,0.000000000,false,false,2,0.000000000,,,,,0,,0,,,,true,true,true,false,false,false,true,true,true,false,false,false,false,BASE_FREQUENT_30;BASE_UNRESTRICTED,true,false,false,true,"{""R2_9f12445b4b9e77e7a878"":0,""R2_dbc7ef02fd6d81ac70ef"":2}",225,225,286.826919966,104691.825788,104691.825788,-0.000000,10.402104399,2,2,4,1,148,"[0,2,5]",LEXICOGRAPHIC_ROUTE_UNWEIGHTED_S8_ROBUSTNESS_MARGIN5_THEN2_THEN0__THEN_MIN_EXACT_FLEET__THEN_KM__THEN_PHASE_VECTOR,true,false,false,0,2,4,11.095105069,13.286460094,0,2,4,13.456289979,13.626119864,0,2,4,13.456289979,13.626119864
P2PLAN_fe394c2674bfe837,P2_53fd2d4d99e137fc,blank_slate,PUBLIC,20,CORE_0600_2200,360,1320,960,IDEALISED_DAILY_YEAR,365,0.00,4655.606163078575,0.204006783968,La Valletta Brianza,0.009189912991,0,0.000000000,4655.606163078575,0.204006783968,La Valletta Brianza,0.009189912991,0,0.000000000,5.660087272,13.352350807,99164.729005,1,2,2,1,1,1,1,1,1.000000000,true,true,1,1.000000000,11.712772524,11.712772524,11.712772524,11.712772524,0,,0,,,,true,true,true,false,false,false,true,true,true,false,false,false,false,BASE_FREQUENT_30;BASE_UNRESTRICTED,true,false,false,true,"{""R2_fc3196ae85a4ca6d0ece"":7}",20,20,271.684189056,99164.729005,99164.729005,0.000000,10.681880646,1,2,2,0,48,"[0,2,5]",LEXICOGRAPHIC_ROUTE_UNWEIGHTED_S8_ROBUSTNESS_MARGIN5_THEN2_THEN0__THEN_MIN_EXACT_FLEET__THEN_KM__THEN_PHASE_VECTOR,true,false,false,0,1,1,11.655320574,11.655320574,0,1,1,11.655320574,11.655320574,0,1,1,15.339763444,15.339763444
P2PLAN_ffcbcfb03a53fb31,P2_e9c8db434d1985dc,single_compact_loop,PUBLIC,60,S8_EXTENDED_0530_2400,330,1440,1110,IDEALISED_DAILY_YEAR,365,0.00,8307.040811946410,0.364011177271,Calco,0.175453129957,12,567.000000000,8307.040811946410,0.364011177271,Calco,0.175453129957,12,567.000000000,15.710807811,31.306760484,106087.229744,1,1,1,1,3,1,1,1,1.000000000,true,true,1,1.000000000,21.439074593,21.439074593,21.439074593,21.439074593,0,,0,,,,true,true,false,false,false,false,true,true,true,false,false,false,false,BASE_UNRESTRICTED,true,false,false,true,"{""R2_9f54d35950504cf94579"":37}",60,60,298.505348409,108954.452169,106087.229744,2867.222425,9.913807487,1,1,1,0,19,"[0,2,5]",LEXICOGRAPHIC_ROUTE_UNWEIGHTED_S8_ROBUSTNESS_MARGIN5_THEN2_THEN0__THEN_MIN_EXACT_FLEET__THEN_KM__THEN_PHASE_VECTOR,true,false,false,1,0,0,21.439074593,21.439074593,1,0,0,21.439074593,21.439074593,1,0,0,21.439074593,21.439074593
