{
"type": "FeatureCollection",
"name": "osm_points_core",
"crs": { "type": "name", "properties": { "name": "urn:ogc:def:crs:OGC:1.3:CRS84" } },
"features": [
{ "type": "Feature", "properties": { "osm_id": "62511518", "name": "Brivio", "barrier": null, "highway": null, "ref": null, "address": null, "is_in": null, "place": "village", "man_made": null, "other_tags": "\"gfoss_id\"=>\"7779\",\"population\"=>\"4115\",\"postal_code\"=>\"23883\"" }, "geometry": { "type": "Point", "coordinates": [ 9.4441423, 45.7419691 ] } },
{ "type": "Feature", "properties": { "osm_id": "62511556", "name": "Calco", "barrier": null, "highway": null, "ref": null, "address": null, "is_in": null, "place": "village", "man_made": null, "other_tags": "\"gfoss_id\"=>\"7781\",\"population\"=>\"4039\"" }, "geometry": { "type": "Point", "coordinates": [ 9.4159051, 45.7248681 ] } },
{ "type": "Feature", "properties": { "osm_id": "62511605", "name": "Olgiate Molgora", "barrier": null, "highway": null, "ref": null, "address": null, "is_in": null, "place": "village", "man_made": null, "other_tags": "\"gfoss_id\"=>\"7827\",\"population\"=>\"6420\",\"wikidata\"=>\"Q30028324\"" }, "geometry": { "type": "Point", "coordinates": [ 9.403347, 45.730279 ] } },
{ "type": "Feature", "properties": { "osm_id": "62512298", "name": "Rovagnate", "barrier": null, "highway": null, "ref": null, "address": null, "is_in": null, "place": "village", "man_made": null, "other_tags": "\"gfoss_id\"=>\"7842\",\"population\"=>\"2937\",\"wikidata\"=>\"Q42561\",\"wikipedia\"=>\"it:Rovagnate\"" }, "geometry": { "type": "Point", "coordinates": [ 9.3695359, 45.7385802 ] } },
{ "type": "Feature", "properties": { "osm_id": "62512404", "name": "Airuno", "barrier": null, "highway": null, "ref": null, "address": null, "is_in": null, "place": "village", "man_made": null, "other_tags": "\"gfoss_id\"=>\"7771\",\"population\"=>\"2610\"" }, "geometry": { "type": "Point", "coordinates": [ 9.424247, 45.75388 ] } },
{ "type": "Feature", "properties": { "osm_id": "62512525", "name": "Santa Maria Hoè", "barrier": null, "highway": null, "ref": null, "address": null, "is_in": null, "place": "village", "man_made": null, "other_tags": "\"gfoss_id\"=>\"7843\",\"population\"=>\"1995\"" }, "geometry": { "type": "Point", "coordinates": [ 9.3750111, 45.7443892 ] } },
{ "type": "Feature", "properties": { "osm_id": "62512561", "name": "Perego", "barrier": null, "highway": null, "ref": null, "address": null, "is_in": "Lecco, Lombardia, Italy", "place": "village", "man_made": null, "other_tags": "\"gfoss_id\"=>\"7835\",\"population\"=>\"1586\",\"wikidata\"=>\"Q42801\",\"wikipedia\"=>\"it:Perego\"" }, "geometry": { "type": "Point", "coordinates": [ 9.3597486, 45.7373114 ] } },
{ "type": "Feature", "properties": { "osm_id": "227677410", "name": "Eni", "barrier": null, "highway": null, "ref": null, "address": null, "is_in": null, "place": null, "man_made": null, "other_tags": "\"addr:city\"=>\"Calco\",\"addr:housenumber\"=>\"5\",\"addr:postcode\"=>\"23885\",\"addr:street\"=>\"Via Nazionale\",\"amenity\"=>\"fuel\",\"brand\"=>\"Eni\",\"brand:wikidata\"=>\"Q565594\",\"brand:wikipedia\"=>\"en:Eni\",\"operator\"=>\"G.S.S. di Fabio Valsecchi & C. S.A.S.\",\"ref:mise\"=>\"23547\",\"source:date\"=>\"2018-04-16\"" }, "geometry": { "type": "Point", "coordinates": [ 9.409339, 45.719035 ] } },
{ "type": "Feature", "properties": { "osm_id": "227820556", "name": "Tamoil", "barrier": null, "highway": null, "ref": null, "address": null, "is_in": null, "place": null, "man_made": null, "other_tags": "\"addr:city\"=>\"Cisano Bergamasco\",\"addr:housenumber\"=>\"32\",\"addr:postcode\"=>\"24034\",\"addr:street\"=>\"Via Milano\",\"amenity\"=>\"fuel\",\"brand\"=>\"Tamoil\",\"brand:wikidata\"=>\"Q706793\",\"brand:wikipedia\"=>\"en:Tamoil\",\"operator\"=>\"Dam S.N.C. di Caccia Daniele & C.\",\"ref:mise\"=>\"7740\"" }, "geometry": { "type": "Point", "coordinates": [ 9.451686, 45.740439 ] } },
{ "type": "Feature", "properties": { "osm_id": "228158099", "name": "Q8", "barrier": null, "highway": null, "ref": null, "address": null, "is_in": null, "place": null, "man_made": null, "other_tags": "\"addr:city\"=>\"Olgiate Molgora\",\"addr:postcode\"=>\"23887\",\"addr:street\"=>\"Via Como\",\"amenity\"=>\"fuel\",\"brand\"=>\"Q8\",\"operator\"=>\"Q8\"" }, "geometry": { "type": "Point", "coordinates": [ 9.400794, 45.728677 ] } },
{ "type": "Feature", "properties": { "osm_id": "228161132", "name": null, "barrier": null, "highway": null, "ref": null, "address": null, "is_in": null, "place": null, "man_made": null, "other_tags": "\"amenity\"=>\"fuel\",\"brand\"=>\"IP\",\"operator\"=>\"Panzeri Renato & C. S.N.C.\",\"ref:mise\"=>\"8391\"" }, "geometry": { "type": "Point", "coordinates": [ 9.3631161, 45.738328 ] } },
{ "type": "Feature", "properties": { "osm_id": "228161352", "name": "Tamoil", "barrier": null, "highway": null, "ref": null, "address": null, "is_in": null, "place": null, "man_made": null, "other_tags": "\"amenity\"=>\"fuel\",\"brand\"=>\"Tamoil\",\"operator\"=>\"Officina Dei Sapori S.N.C. di Fumagalli Ivan e Radaelli Filippo\",\"ref:mise\"=>\"36136\"" }, "geometry": { "type": "Point", "coordinates": [ 9.376724, 45.7435995 ] } },
{ "type": "Feature", "properties": { "osm_id": "228758466", "name": "Coil", "barrier": null, "highway": null, "ref": null, "address": null, "is_in": null, "place": null, "man_made": null, "other_tags": "\"addr:city\"=>\"Calco\",\"addr:housenumber\"=>\"59\",\"addr:postcode\"=>\"23885\",\"addr:street\"=>\"Via Nazionale\",\"amenity\"=>\"fuel\",\"brand\"=>\"Coil\",\"nobrand\"=>\"yes\",\"operator\"=>\"Cristella Petroli s.r.l.\",\"ref:mise\"=>\"9378\",\"self_service\"=>\"yes\"" }, "geometry": { "type": "Point", "coordinates": [ 9.415482, 45.725727 ] } },
{ "type": "Feature", "properties": { "osm_id": "256726127", "name": null, "barrier": null, "highway": null, "ref": null, "address": null, "is_in": null, "place": null, "man_made": null, "other_tags": "\"direction\"=>\"forward\",\"maxspeed\"=>\"50\",\"traffic_sign\"=>\"maxspeed\"" }, "geometry": { "type": "Point", "coordinates": [ 9.4560984, 45.7560783 ] } },
{ "type": "Feature", "properties": { "osm_id": "290445879", "name": null, "barrier": null, "highway": "crossing", "ref": null, "address": null, "is_in": null, "place": null, "man_made": null, "other_tags": "\"crossing\"=>\"uncontrolled\"" }, "geometry": { "type": "Point", "coordinates": [ 9.4058291, 45.7256882 ] } },
{ "type": "Feature", "properties": { "osm_id": "308130504", "name": null, "barrier": "gate", "highway": null, "ref": null, "address": null, "is_in": null, "place": null, "man_made": null, "other_tags": "\"bicycle\"=>\"yes\",\"foot\"=>\"yes\"" }, "geometry": { "type": "Point", "coordinates": [ 9.3570643, 45.7114532 ] } },
{ "type": "Feature", "properties": { "osm_id": "308130507", "name": null, "barrier": "bollard", "highway": null, "ref": null, "address": null, "is_in": null, "place": null, "man_made": null, "other_tags": "\"bicycle\"=>\"yes\",\"foot\"=>\"yes\"" }, "geometry": { "type": "Point", "coordinates": [ 9.3559563, 45.7109814 ] } },
{ "type": "Feature", "properties": { "osm_id": "308133904", "name": null, "barrier": null, "highway": null, "ref": null, "address": null, "is_in": null, "place": null, "man_made": null, "other_tags": "\"addr:city\"=>\"Montevecchia\",\"addr:housenumber\"=>\"25\",\"addr:street\"=>\"Via privata Spiazzolo\"" }, "geometry": { "type": "Point", "coordinates": [ 9.3572877, 45.7115864 ] } },
{ "type": "Feature", "properties": { "osm_id": "308133929", "name": null, "barrier": null, "highway": null, "ref": null, "address": null, "is_in": null, "place": null, "man_made": null, "other_tags": "\"addr:city\"=>\"Montevecchia\",\"addr:housename\"=>\"I Cedri\",\"addr:housenumber\"=>\"1\",\"addr:street\"=>\"Via privata Spiazzolo\"" }, "geometry": { "type": "Point", "coordinates": [ 9.3577664, 45.7123715 ] } },
{ "type": "Feature", "properties": { "osm_id": "308135069", "name": null, "barrier": null, "highway": null, "ref": null, "address": null, "is_in": null, "place": null, "man_made": null, "other_tags": "\"addr:housenumber\"=>\"40\",\"addr:street\"=>\"Via Alta Collina\"" }, "geometry": { "type": "Point", "coordinates": [ 9.3573341, 45.7132442 ] } },
{ "type": "Feature", "properties": { "osm_id": "308135071", "name": null, "barrier": null, "highway": null, "ref": null, "address": null, "is_in": null, "place": null, "man_made": null, "other_tags": "\"addr:housenumber\"=>\"42\",\"addr:street\"=>\"Via Alta Collina\"" }, "geometry": { "type": "Point", "coordinates": [ 9.3572568, 45.7132442 ] } },
{ "type": "Feature", "properties": { "osm_id": "308135074", "name": null, "barrier": null, "highway": null, "ref": null, "address": null, "is_in": null, "place": null, "man_made": null, "other_tags": "\"addr:housenumber\"=>\"44\",\"addr:street\"=>\"Via Alta Collina\"" }, "geometry": { "type": "Point", "coordinates": [ 9.357163, 45.7132442 ] } },
{ "type": "Feature", "properties": { "osm_id": "308135075", "name": null, "barrier": null, "highway": null, "ref": null, "address": null, "is_in": null, "place": null, "man_made": null, "other_tags": "\"addr:housenumber\"=>\"46\",\"addr:street\"=>\"Via Alta Collina\"" }, "geometry": { "type": "Point", "coordinates": [ 9.3570968, 45.7132442 ] } },
{ "type": "Feature", "properties": { "osm_id": "308135114", "name": null, "barrier": null, "highway": null, "ref": null, "address": null, "is_in": null, "place": null, "man_made": null, "other_tags": "\"addr:housenumber\"=>\"50\",\"addr:street\"=>\"Via Alta Collina\"" }, "geometry": { "type": "Point", "coordinates": [ 9.3567914, 45.7132405 ] } },
{ "type": "Feature", "properties": { "osm_id": "308135115", "name": null, "barrier": null, "highway": null, "ref": null, "address": null, "is_in": null, "place": null, "man_made": null, "other_tags": "\"addr:housenumber\"=>\"47\",\"addr:street\"=>\"Via Alta Collina\"" }, "geometry": { "type": "Point", "coordinates": [ 9.3567289, 45.7126665 ] } },
{ "type": "Feature", "properties": { "osm_id": "308135116", "name": null, "barrier": null, "highway": null, "ref": null, "address": null, "is_in": null, "place": null, "man_made": null, "other_tags": "\"addr:housenumber\"=>\"49\",\"addr:street\"=>\"Via Alta Collina\"" }, "geometry": { "type": "Point", "coordinates": [ 9.3566479, 45.7126702 ] } },
{ "type": "Feature", "properties": { "osm_id": "308135117", "name": null, "barrier": null, "highway": null, "ref": null, "address": null, "is_in": null, "place": null, "man_made": null, "other_tags": "\"addr:housenumber\"=>\"51\",\"addr:street\"=>\"Via Alta Collina\"" }, "geometry": { "type": "Point", "coordinates": [ 9.3565155, 45.7126812 ] } },
{ "type": "Feature", "properties": { "osm_id": "308135321", "name": null, "barrier": null, "highway": null, "ref": null, "address": null, "is_in": null, "place": null, "man_made": null, "other_tags": "\"addr:housenumber\"=>\"53\",\"addr:street\"=>\"Via Alta Collina\"" }, "geometry": { "type": "Point", "coordinates": [ 9.3561255, 45.712707 ] } },
{ "type": "Feature", "properties": { "osm_id": "308135324", "name": null, "barrier": null, "highway": null, "ref": null, "address": null, "is_in": null, "place": null, "man_made": null, "other_tags": "\"addr:housenumber\"=>\"55\",\"addr:street\"=>\"Via Alta Collina\"" }, "geometry": { "type": "Point", "coordinates": [ 9.3551983, 45.7130639 ] } },
{ "type": "Feature", "properties": { "osm_id": "308135326", "name": null, "barrier": null, "highway": null, "ref": null, "address": null, "is_in": null, "place": null, "man_made": null, "other_tags": "\"addr:housenumber\"=>\"57\",\"addr:street\"=>\"Via Alta Collina\"" }, "geometry": { "type": "Point", "coordinates": [ 9.3551247, 45.7131338 ] } },
{ "type": "Feature", "properties": { "osm_id": "308135327", "name": null, "barrier": null, "highway": null, "ref": null, "address": null, "is_in": null, "place": null, "man_made": null, "other_tags": "\"addr:housenumber\"=>\"58\",\"addr:street\"=>\"Via Alta Collina\"" }, "geometry": { "type": "Point", "coordinates": [ 9.3553528, 45.7135827 ] } },
{ "type": "Feature", "properties": { "osm_id": "308139332", "name": null, "barrier": null, "highway": null, "ref": null, "address": null, "is_in": null, "place": null, "man_made": null, "other_tags": "\"addr:housenumber\"=>\"66\",\"addr:street\"=>\"Via Alta Collina\"" }, "geometry": { "type": "Point", "coordinates": [ 9.3555373, 45.7156271 ] } },
{ "type": "Feature", "properties": { "osm_id": "461690561", "name": "Monte Crosaccia", "barrier": null, "highway": null, "ref": null, "address": null, "is_in": null, "place": null, "man_made": null, "other_tags": "\"natural\"=>\"peak\"" }, "geometry": { "type": "Point", "coordinates": [ 9.4082525, 45.7502129 ] } },
{ "type": "Feature", "properties": { "osm_id": "492808909", "name": null, "barrier": "lift_gate", "highway": null, "ref": null, "address": null, "is_in": null, "place": null, "man_made": null, "other_tags": "\"bicycle\"=>\"yes\",\"description\"=>\"Per accedere ai fondi, le chiavi della sbarra sono disponibili presso gli uffici del parco di Montevecchia\",\"foot\"=>\"yes\",\"motor_vehicle\"=>\"permit\",\"vehicle\"=>\"destination\"" }, "geometry": { "type": "Point", "coordinates": [ 9.3553016, 45.7158681 ] } },
{ "type": "Feature", "properties": { "osm_id": "492926778", "name": null, "barrier": null, "highway": "stop", "ref": null, "address": null, "is_in": null, "place": null, "man_made": null, "other_tags": "\"direction\"=>\"backward\"" }, "geometry": { "type": "Point", "coordinates": [ 9.4017551, 45.7125033 ] } },
{ "type": "Feature", "properties": { "osm_id": "492926949", "name": null, "barrier": "lift_gate", "highway": null, "ref": null, "address": null, "is_in": null, "place": null, "man_made": null, "other_tags": "\"bicycle\"=>\"yes\",\"foot\"=>\"yes\",\"horse\"=>\"yes\"" }, "geometry": { "type": "Point", "coordinates": [ 9.3753503, 45.7145969 ] } },
{ "type": "Feature", "properties": { "osm_id": "493476689", "name": null, "barrier": null, "highway": "crossing", "ref": null, "address": null, "is_in": null, "place": null, "man_made": null, "other_tags": null }, "geometry": { "type": "Point", "coordinates": [ 9.3971229, 45.7211653 ] } },
{ "type": "Feature", "properties": { "osm_id": "493477219", "name": null, "barrier": null, "highway": null, "ref": null, "address": null, "is_in": null, "place": null, "man_made": null, "other_tags": "\"maxspeed\"=>\"30\",\"traffic_calming\"=>\"bump\"" }, "geometry": { "type": "Point", "coordinates": [ 9.3985417, 45.7188852 ] } },
{ "type": "Feature", "properties": { "osm_id": "526104777", "name": null, "barrier": null, "highway": "crossing", "ref": null, "address": null, "is_in": null, "place": null, "man_made": null, "other_tags": "\"crossing\"=>\"marked\"" }, "geometry": { "type": "Point", "coordinates": [ 9.4161849, 45.7247861 ] } },
{ "type": "Feature", "properties": { "osm_id": "526117661", "name": null, "barrier": null, "highway": "crossing", "ref": null, "address": null, "is_in": null, "place": null, "man_made": null, "other_tags": null }, "geometry": { "type": "Point", "coordinates": [ 9.4191443, 45.7261804 ] } },
{ "type": "Feature", "properties": { "osm_id": "526135981", "name": null, "barrier": null, "highway": "stop", "ref": null, "address": null, "is_in": null, "place": null, "man_made": null, "other_tags": "\"direction\"=>\"backward\"" }, "geometry": { "type": "Point", "coordinates": [ 9.4197334, 45.7267732 ] } },
{ "type": "Feature", "properties": { "osm_id": "526136448", "name": null, "barrier": null, "highway": "crossing", "ref": null, "address": null, "is_in": null, "place": null, "man_made": null, "other_tags": null }, "geometry": { "type": "Point", "coordinates": [ 9.4215798, 45.732534 ] } },
{ "type": "Feature", "properties": { "osm_id": "526143672", "name": null, "barrier": null, "highway": "crossing", "ref": null, "address": null, "is_in": null, "place": null, "man_made": null, "other_tags": null }, "geometry": { "type": "Point", "coordinates": [ 9.4107286, 45.7246378 ] } },
{ "type": "Feature", "properties": { "osm_id": "526192042", "name": null, "barrier": null, "highway": "crossing", "ref": null, "address": null, "is_in": null, "place": null, "man_made": null, "other_tags": null }, "geometry": { "type": "Point", "coordinates": [ 9.4124115, 45.7263132 ] } },
{ "type": "Feature", "properties": { "osm_id": "526192188", "name": null, "barrier": null, "highway": "stop", "ref": null, "address": null, "is_in": null, "place": null, "man_made": null, "other_tags": "\"direction\"=>\"forward\"" }, "geometry": { "type": "Point", "coordinates": [ 9.4054195, 45.7278538 ] } },
{ "type": "Feature", "properties": { "osm_id": "526201161", "name": null, "barrier": null, "highway": "crossing", "ref": null, "address": null, "is_in": null, "place": null, "man_made": null, "other_tags": "\"crossing\"=>\"uncontrolled\"" }, "geometry": { "type": "Point", "coordinates": [ 9.4057437, 45.7259691 ] } },
{ "type": "Feature", "properties": { "osm_id": "526201954", "name": null, "barrier": null, "highway": null, "ref": null, "address": null, "is_in": null, "place": null, "man_made": null, "other_tags": "\"amenity\"=>\"pharmacy\"" }, "geometry": { "type": "Point", "coordinates": [ 9.4109305, 45.7239862 ] } },
{ "type": "Feature", "properties": { "osm_id": "526204028", "name": "Calco", "barrier": null, "highway": null, "ref": "20041", "address": null, "is_in": null, "place": null, "man_made": null, "other_tags": "\"addr:city\"=>\"Calco\",\"addr:housenumber\"=>\"6\",\"addr:postcode\"=>\"23885\",\"addr:street\"=>\"Largo Pomeo\",\"amenity\"=>\"post_office\",\"brand\"=>\"Poste Italiane\",\"brand:wikidata\"=>\"Q495026\",\"brand:wikipedia\"=>\"en:Poste italiane\",\"opening_hours\"=>\"Mo-Fr 08:20-13:35; Sa 08:20-12:35\",\"operator\"=>\"Poste Italiane\",\"operator:wikidata\"=>\"Q495026\",\"phone\"=>\"+39 039 508428\"" }, "geometry": { "type": "Point", "coordinates": [ 9.4155507, 45.7246063 ] } },
{ "type": "Feature", "properties": { "osm_id": "526204508", "name": "Banco BPM", "barrier": null, "highway": null, "ref": null, "address": null, "is_in": null, "place": null, "man_made": null, "other_tags": "\"addr:city\"=>\"Calco\",\"addr:housenumber\"=>\"4c\",\"addr:postcode\"=>\"23885\",\"addr:street\"=>\"Largo Pomeo\",\"amenity\"=>\"bank\",\"brand\"=>\"Banco BPM\",\"brand:en\"=>\"BPM Bank\",\"brand:es\"=>\"Banco BPM\",\"brand:wikidata\"=>\"Q27331643\",\"brand:wikipedia\"=>\"en:Banco BPM\",\"drive_through\"=>\"no\",\"name:en\"=>\"BPM Bank\",\"name:es\"=>\"Banco BPM\",\"name:it\"=>\"Banco BPM\"" }, "geometry": { "type": "Point", "coordinates": [ 9.4154109, 45.7243277 ] } },
{ "type": "Feature", "properties": { "osm_id": "526204876", "name": null, "barrier": null, "highway": null, "ref": null, "address": null, "is_in": null, "place": null, "man_made": null, "other_tags": "\"amenity\"=>\"cafe\"" }, "geometry": { "type": "Point", "coordinates": [ 9.4160718, 45.7246573 ] } },
{ "type": "Feature", "properties": { "osm_id": "527390165", "name": null, "barrier": null, "highway": null, "ref": null, "address": null, "is_in": null, "place": null, "man_made": null, "other_tags": "\"amenity\"=>\"parking\"" }, "geometry": { "type": "Point", "coordinates": [ 9.415916, 45.7230771 ] } },
{ "type": "Feature", "properties": { "osm_id": "527391227", "name": null, "barrier": null, "highway": null, "ref": null, "address": null, "is_in": null, "place": null, "man_made": null, "other_tags": "\"amenity\"=>\"recycling\",\"recycling_type\"=>\"centre\"" }, "geometry": { "type": "Point", "coordinates": [ 9.4064832, 45.7226816 ] } },
{ "type": "Feature", "properties": { "osm_id": "527411928", "name": null, "barrier": null, "highway": "crossing", "ref": null, "address": null, "is_in": null, "place": null, "man_made": null, "other_tags": "\"crossing\"=>\"uncontrolled\"" }, "geometry": { "type": "Point", "coordinates": [ 9.4053177, 45.7256881 ] } },
{ "type": "Feature", "properties": { "osm_id": "527413153", "name": null, "barrier": null, "highway": "stop", "ref": null, "address": null, "is_in": null, "place": null, "man_made": null, "other_tags": "\"direction\"=>\"backward\"" }, "geometry": { "type": "Point", "coordinates": [ 9.4033355, 45.7237605 ] } },
{ "type": "Feature", "properties": { "osm_id": "527422306", "name": null, "barrier": null, "highway": "stop", "ref": null, "address": null, "is_in": null, "place": null, "man_made": null, "other_tags": "\"direction\"=>\"backward\"" }, "geometry": { "type": "Point", "coordinates": [ 9.4031356, 45.7265019 ] } },
{ "type": "Feature", "properties": { "osm_id": "527425851", "name": null, "barrier": null, "highway": "traffic_signals", "ref": null, "address": null, "is_in": null, "place": null, "man_made": null, "other_tags": null }, "geometry": { "type": "Point", "coordinates": [ 9.4008973, 45.7284167 ] } },
{ "type": "Feature", "properties": { "osm_id": "534865082", "name": null, "barrier": null, "highway": null, "ref": null, "address": null, "is_in": null, "place": null, "man_made": null, "other_tags": null }, "geometry": { "type": "Point", "coordinates": [ 9.380537, 45.7113984 ] } },
{ "type": "Feature", "properties": { "osm_id": "534881361", "name": null, "barrier": null, "highway": null, "ref": null, "address": null, "is_in": null, "place": null, "man_made": null, "other_tags": null }, "geometry": { "type": "Point", "coordinates": [ 9.3567007, 45.7236801 ] } },
{ "type": "Feature", "properties": { "osm_id": "534888593", "name": "Ospedaletto", "barrier": null, "highway": null, "ref": null, "address": null, "is_in": null, "place": "locality", "man_made": null, "other_tags": null }, "geometry": { "type": "Point", "coordinates": [ 9.3686061, 45.7183596 ] } },
{ "type": "Feature", "properties": { "osm_id": "534888600", "name": null, "barrier": "cycle_barrier", "highway": null, "ref": null, "address": null, "is_in": null, "place": null, "man_made": null, "other_tags": null }, "geometry": { "type": "Point", "coordinates": [ 9.3679381, 45.7190659 ] } },
{ "type": "Feature", "properties": { "osm_id": "534888602", "name": null, "barrier": "cycle_barrier", "highway": null, "ref": null, "address": null, "is_in": null, "place": null, "man_made": null, "other_tags": null }, "geometry": { "type": "Point", "coordinates": [ 9.3677933, 45.7192981 ] } },
{ "type": "Feature", "properties": { "osm_id": "534888604", "name": null, "barrier": "cycle_barrier", "highway": null, "ref": null, "address": null, "is_in": null, "place": null, "man_made": null, "other_tags": null }, "geometry": { "type": "Point", "coordinates": [ 9.3675251, 45.7194947 ] } },
{ "type": "Feature", "properties": { "osm_id": "534897445", "name": "Collina dei Cipressi", "barrier": null, "highway": null, "ref": null, "address": null, "is_in": null, "place": null, "man_made": null, "other_tags": "\"tourism\"=>\"viewpoint\"" }, "geometry": { "type": "Point", "coordinates": [ 9.3740758, 45.7240684 ] } },
{ "type": "Feature", "properties": { "osm_id": "538374342", "name": null, "barrier": null, "highway": null, "ref": null, "address": null, "is_in": null, "place": null, "man_made": null, "other_tags": "\"check_date\"=>\"2026-04-19\",\"disused:amenity\"=>\"drinking_water\"" }, "geometry": { "type": "Point", "coordinates": [ 9.3769283, 45.7104013 ] } },
{ "type": "Feature", "properties": { "osm_id": "538374344", "name": null, "barrier": null, "highway": null, "ref": null, "address": null, "is_in": null, "place": null, "man_made": null, "other_tags": "\"description\"=>\"<- 8 Gaidana 0.15, Lomaniga 1.30; <- 11 Gaidana 0.15, Cernusco L. F.S. 1.15; -> 8 Bagaggera 0.30, Beolco 1.00; ^ 11 Ca' Soldato 0.15, Perego 1.45\",\"hiking\"=>\"yes\",\"information\"=>\"guidepost\",\"mapillary\"=>\"934026686172073\",\"tourism\"=>\"information\"" }, "geometry": { "type": "Point", "coordinates": [ 9.3769218, 45.7108246 ] } },
{ "type": "Feature", "properties": { "osm_id": "538427787", "name": null, "barrier": null, "highway": null, "ref": null, "address": null, "is_in": null, "place": null, "man_made": null, "other_tags": "\"board_type\"=>\"notice\",\"check_date\"=>\"2021-03-28\",\"description\"=>\"Regolamenti e avvisi del Consorzio di gestione del parco regionale di Montevecchia e della Valle del Curone\",\"information\"=>\"board\",\"tourism\"=>\"information\"" }, "geometry": { "type": "Point", "coordinates": [ 9.3807937, 45.7135247 ] } },
{ "type": "Feature", "properties": { "osm_id": "538429195", "name": null, "barrier": null, "highway": null, "ref": null, "address": null, "is_in": null, "place": null, "man_made": null, "other_tags": "\"board_type\"=>\"nature\",\"check_date\"=>\"2021-03-28\",\"description\"=>\"Percorso Geologico, punto di osservazione n.3: evoluzione del corso fluviale\",\"information\"=>\"board\",\"mapillary\"=>\"1678265603193335\",\"operator\"=>\"Parco Regionale di Montevecchia e della Valle del Curone\",\"tourism\"=>\"information\"" }, "geometry": { "type": "Point", "coordinates": [ 9.3807955, 45.7135236 ] } },
{ "type": "Feature", "properties": { "osm_id": "538469423", "name": null, "barrier": null, "highway": null, "ref": null, "address": null, "is_in": null, "place": null, "man_made": null, "other_tags": "\"description\"=>\"edicola con immagine della Vergine\",\"historic\"=>\"wayside_shrine\",\"religion\"=>\"christian\"" }, "geometry": { "type": "Point", "coordinates": [ 9.3806898, 45.7136551 ] } },
{ "type": "Feature", "properties": { "osm_id": "538469464", "name": "Fornace Inferiore", "barrier": null, "highway": null, "ref": null, "address": null, "is_in": null, "place": "hamlet", "man_made": null, "other_tags": "\"alt_name\"=>\"Fornace Bassa\",\"description\"=>\"anticamente qui sorgeva una fornace per la cottura dell'argilla per ricavare mattoni\"" }, "geometry": { "type": "Point", "coordinates": [ 9.382607, 45.7148347 ] } },
{ "type": "Feature", "properties": { "osm_id": "538490306", "name": null, "barrier": null, "highway": null, "ref": null, "address": null, "is_in": null, "place": null, "man_made": null, "other_tags": "\"description\"=>\"stazione del gas metano\",\"operator\"=>\"2i rete gas\",\"pipeline\"=>\"substation\",\"substance\"=>\"gas\",\"substation\"=>\"valve\"" }, "geometry": { "type": "Point", "coordinates": [ 9.3811752, 45.7128454 ] } },
{ "type": "Feature", "properties": { "osm_id": "538492425", "name": "Bagaggera", "barrier": null, "highway": null, "ref": null, "address": null, "is_in": null, "place": "hamlet", "man_made": null, "other_tags": "\"description\"=>\"nucleo rurale, un tempo comune indipendente\",\"wikidata\"=>\"Q3632846\",\"wikipedia\"=>\"it:Bagaggera\"" }, "geometry": { "type": "Point", "coordinates": [ 9.3841585, 45.7109486 ] } },
{ "type": "Feature", "properties": { "osm_id": "538492426", "name": "Bagaggera", "barrier": null, "highway": null, "ref": null, "address": null, "is_in": null, "place": null, "man_made": null, "other_tags": "\"traffic_sign\"=>\"city_limit\"" }, "geometry": { "type": "Point", "coordinates": [ 9.382563, 45.7113757 ] } },
{ "type": "Feature", "properties": { "osm_id": "538500624", "name": null, "barrier": null, "highway": null, "ref": null, "address": null, "is_in": null, "place": null, "man_made": null, "other_tags": "\"maxspeed\"=>\"30\",\"traffic_calming\"=>\"bump\"" }, "geometry": { "type": "Point", "coordinates": [ 9.3837658, 45.7108958 ] } },
{ "type": "Feature", "properties": { "osm_id": "538500628", "name": null, "barrier": null, "highway": null, "ref": null, "address": null, "is_in": null, "place": null, "man_made": null, "other_tags": "\"description\"=>\"<- 8 Barbabella 0.05, Beolco 0.30; v 8 Valfredda 0.30, Lomaniga 2.00\",\"hiking\"=>\"yes\",\"information\"=>\"guidepost\",\"mapillary\"=>\"2032696960780899\",\"operator\"=>\"Parco Regionale di Montevecchia e della Valle del Curone\",\"tourism\"=>\"information\"" }, "geometry": { "type": "Point", "coordinates": [ 9.3837549, 45.710995 ] } },
{ "type": "Feature", "properties": { "osm_id": "538511218", "name": null, "barrier": null, "highway": null, "ref": null, "address": null, "is_in": null, "place": null, "man_made": null, "other_tags": null }, "geometry": { "type": "Point", "coordinates": [ 9.3867468, 45.7133998 ] } },
{ "type": "Feature", "properties": { "osm_id": "538522838", "name": null, "barrier": null, "highway": null, "ref": null, "address": null, "is_in": null, "place": null, "man_made": null, "other_tags": "\"description\"=>\"-> 8 Bagaggera 0.05, Lomaniga 2.00\",\"hiking\"=>\"yes\",\"information\"=>\"guidepost\",\"mapillary\"=>\"3063194580532302\",\"operator\"=>\"Parco Regionale di Montevecchia e della Valle del Curone\",\"tourism\"=>\"information\"" }, "geometry": { "type": "Point", "coordinates": [ 9.3842969, 45.7131098 ] } },
{ "type": "Feature", "properties": { "osm_id": "538553520", "name": null, "barrier": null, "highway": null, "ref": null, "address": null, "is_in": null, "place": null, "man_made": null, "other_tags": "\"description\"=>\"-> 8 Barbabella, Lomaniga; ^ 8 Beolco 0.10\",\"hiking\"=>\"yes\",\"information\"=>\"guidepost\",\"mapillary\"=>\"4231529787100494\",\"operator\"=>\"Parco Regionale di Montevecchia e della Valle del Curone\",\"tourism\"=>\"information\"" }, "geometry": { "type": "Point", "coordinates": [ 9.3885854, 45.7175105 ] } },
{ "type": "Feature", "properties": { "osm_id": "538553524", "name": null, "barrier": "gate", "highway": null, "ref": null, "address": null, "is_in": null, "place": null, "man_made": null, "other_tags": "\"access\"=>\"private\"" }, "geometry": { "type": "Point", "coordinates": [ 9.388437, 45.7175735 ] } },
{ "type": "Feature", "properties": { "osm_id": "538553569", "name": null, "barrier": null, "highway": null, "ref": null, "address": null, "is_in": null, "place": null, "man_made": null, "other_tags": "\"description\"=>\"<- 8 Barbabella 0.30, Lomaniga 2.30\",\"hiking\"=>\"yes\",\"information\"=>\"guidepost\",\"operator\"=>\"Parco Regionale di Montevecchia e della Valle del Curone\",\"tourism\"=>\"information\"" }, "geometry": { "type": "Point", "coordinates": [ 9.3920869, 45.7184254 ] } },
{ "type": "Feature", "properties": { "osm_id": "538561433", "name": "Beolco", "barrier": null, "highway": null, "ref": null, "address": null, "is_in": null, "place": "hamlet", "man_made": null, "other_tags": "\"description\"=>\"località crocevia per le vie di traffico usate dai Romani e dai Longobardi\"" }, "geometry": { "type": "Point", "coordinates": [ 9.3940415, 45.7185581 ] } },
{ "type": "Feature", "properties": { "osm_id": "538606783", "name": "Cicognola", "barrier": null, "highway": null, "ref": null, "address": null, "is_in": null, "place": "hamlet", "man_made": null, "other_tags": null }, "geometry": { "type": "Point", "coordinates": [ 9.407625, 45.7104605 ] } },
{ "type": "Feature", "properties": { "osm_id": "553099105", "name": null, "barrier": null, "highway": "crossing", "ref": null, "address": null, "is_in": null, "place": null, "man_made": null, "other_tags": "\"crossing\"=>\"uncontrolled\"" }, "geometry": { "type": "Point", "coordinates": [ 9.4538668, 45.7410952 ] } },
{ "type": "Feature", "properties": { "osm_id": "553099107", "name": null, "barrier": null, "highway": "stop", "ref": null, "address": null, "is_in": null, "place": null, "man_made": null, "other_tags": null }, "geometry": { "type": "Point", "coordinates": [ 9.4552288, 45.7411498 ] } },
{ "type": "Feature", "properties": { "osm_id": "553099110", "name": null, "barrier": null, "highway": "crossing", "ref": null, "address": null, "is_in": null, "place": null, "man_made": null, "other_tags": "\"crossing\"=>\"uncontrolled\"" }, "geometry": { "type": "Point", "coordinates": [ 9.4575555, 45.7412756 ] } },
{ "type": "Feature", "properties": { "osm_id": "553331614", "name": null, "barrier": null, "highway": "crossing", "ref": null, "address": null, "is_in": null, "place": null, "man_made": null, "other_tags": "\"crossing\"=>\"uncontrolled\"" }, "geometry": { "type": "Point", "coordinates": [ 9.4457529, 45.7415269 ] } },
{ "type": "Feature", "properties": { "osm_id": "553331628", "name": null, "barrier": null, "highway": "crossing", "ref": null, "address": null, "is_in": null, "place": null, "man_made": null, "other_tags": "\"crossing\"=>\"uncontrolled\"" }, "geometry": { "type": "Point", "coordinates": [ 9.4394574, 45.7424774 ] } },
{ "type": "Feature", "properties": { "osm_id": "553404668", "name": null, "barrier": null, "highway": "crossing", "ref": null, "address": null, "is_in": null, "place": null, "man_made": null, "other_tags": "\"crossing\"=>\"uncontrolled\",\"crossing:island\"=>\"no\",\"tactile_paving\"=>\"no\"" }, "geometry": { "type": "Point", "coordinates": [ 9.3637499, 45.7382688 ] } },
{ "type": "Feature", "properties": { "osm_id": "553404684", "name": null, "barrier": null, "highway": "traffic_signals", "ref": null, "address": null, "is_in": null, "place": null, "man_made": null, "other_tags": null }, "geometry": { "type": "Point", "coordinates": [ 9.3607917, 45.7390623 ] } },
{ "type": "Feature", "properties": { "osm_id": "553404731", "name": null, "barrier": null, "highway": "crossing", "ref": null, "address": null, "is_in": null, "place": null, "man_made": null, "other_tags": "\"crossing\"=>\"uncontrolled\"" }, "geometry": { "type": "Point", "coordinates": [ 9.3778846, 45.7364415 ] } },
{ "type": "Feature", "properties": { "osm_id": "553404808", "name": null, "barrier": null, "highway": null, "ref": null, "address": null, "is_in": null, "place": null, "man_made": null, "other_tags": "\"mapillary\"=>\"177653054217054\"" }, "geometry": { "type": "Point", "coordinates": [ 9.3864846, 45.7335887 ] } },
{ "type": "Feature", "properties": { "osm_id": "553404885", "name": null, "barrier": null, "highway": "crossing", "ref": null, "address": null, "is_in": null, "place": null, "man_made": null, "other_tags": "\"crossing\"=>\"uncontrolled\"" }, "geometry": { "type": "Point", "coordinates": [ 9.4053917, 45.7259314 ] } },
{ "type": "Feature", "properties": { "osm_id": "553404997", "name": null, "barrier": null, "highway": "crossing", "ref": null, "address": null, "is_in": null, "place": null, "man_made": null, "other_tags": null }, "geometry": { "type": "Point", "coordinates": [ 9.4158302, 45.7251375 ] } },
{ "type": "Feature", "properties": { "osm_id": "616321772", "name": null, "barrier": null, "highway": "traffic_signals", "ref": null, "address": null, "is_in": null, "place": null, "man_made": null, "other_tags": "\"traffic_signals\"=>\"signal\"" }, "geometry": { "type": "Point", "coordinates": [ 9.4455843, 45.7206484 ] } },
{ "type": "Feature", "properties": { "osm_id": "616648819", "name": null, "barrier": null, "highway": "crossing", "ref": null, "address": null, "is_in": null, "place": null, "man_made": null, "other_tags": null }, "geometry": { "type": "Point", "coordinates": [ 9.4064698, 45.7353022 ] } },
{ "type": "Feature", "properties": { "osm_id": "616648912", "name": null, "barrier": null, "highway": "crossing", "ref": null, "address": null, "is_in": null, "place": null, "man_made": null, "other_tags": null }, "geometry": { "type": "Point", "coordinates": [ 9.4051394, 45.7354829 ] } },
{ "type": "Feature", "properties": { "osm_id": "616648922", "name": null, "barrier": null, "highway": "crossing", "ref": null, "address": null, "is_in": null, "place": null, "man_made": null, "other_tags": null }, "geometry": { "type": "Point", "coordinates": [ 9.407432, 45.7357237 ] } },
{ "type": "Feature", "properties": { "osm_id": "616648927", "name": null, "barrier": null, "highway": "mini_roundabout", "ref": null, "address": null, "is_in": null, "place": null, "man_made": null, "other_tags": null }, "geometry": { "type": "Point", "coordinates": [ 9.4104637, 45.7358705 ] } },
{ "type": "Feature", "properties": { "osm_id": "616648928", "name": null, "barrier": null, "highway": "crossing", "ref": null, "address": null, "is_in": null, "place": null, "man_made": null, "other_tags": null }, "geometry": { "type": "Point", "coordinates": [ 9.4122755, 45.7362568 ] } },
{ "type": "Feature", "properties": { "osm_id": "616648933", "name": null, "barrier": null, "highway": "crossing", "ref": null, "address": null, "is_in": null, "place": null, "man_made": null, "other_tags": null }, "geometry": { "type": "Point", "coordinates": [ 9.4149621, 45.7365172 ] } },
{ "type": "Feature", "properties": { "osm_id": "616648945", "name": null, "barrier": null, "highway": "crossing", "ref": null, "address": null, "is_in": null, "place": null, "man_made": null, "other_tags": "\"crossing\"=>\"uncontrolled\",\"crossing:markings\"=>\"yes\"" }, "geometry": { "type": "Point", "coordinates": [ 9.4040766, 45.7295435 ] } },
{ "type": "Feature", "properties": { "osm_id": "660193964", "name": null, "barrier": null, "highway": "crossing", "ref": null, "address": null, "is_in": null, "place": null, "man_made": null, "other_tags": null }, "geometry": { "type": "Point", "coordinates": [ 9.4213971, 45.7141699 ] } },
{ "type": "Feature", "properties": { "osm_id": "660195357", "name": null, "barrier": null, "highway": "crossing", "ref": null, "address": null, "is_in": null, "place": null, "man_made": null, "other_tags": null }, "geometry": { "type": "Point", "coordinates": [ 9.423846, 45.7198146 ] } },
{ "type": "Feature", "properties": { "osm_id": "660195372", "name": null, "barrier": null, "highway": "crossing", "ref": null, "address": null, "is_in": null, "place": null, "man_made": null, "other_tags": null }, "geometry": { "type": "Point", "coordinates": [ 9.4184147, 45.7146283 ] } },
{ "type": "Feature", "properties": { "osm_id": "679102820", "name": null, "barrier": null, "highway": null, "ref": null, "address": null, "is_in": null, "place": null, "man_made": null, "other_tags": "\"leisure\"=>\"slipway\"" }, "geometry": { "type": "Point", "coordinates": [ 9.44939, 45.7416757 ] } },
{ "type": "Feature", "properties": { "osm_id": "679213554", "name": null, "barrier": null, "highway": "crossing", "ref": null, "address": null, "is_in": null, "place": null, "man_made": null, "other_tags": null }, "geometry": { "type": "Point", "coordinates": [ 9.4282143, 45.7544001 ] } },
{ "type": "Feature", "properties": { "osm_id": "679213557", "name": null, "barrier": null, "highway": "crossing", "ref": null, "address": null, "is_in": null, "place": null, "man_made": null, "other_tags": null }, "geometry": { "type": "Point", "coordinates": [ 9.4298809, 45.7537035 ] } },
{ "type": "Feature", "properties": { "osm_id": "679213562", "name": null, "barrier": null, "highway": "crossing", "ref": null, "address": null, "is_in": null, "place": null, "man_made": null, "other_tags": null }, "geometry": { "type": "Point", "coordinates": [ 9.4316277, 45.7533951 ] } },
{ "type": "Feature", "properties": { "osm_id": "697460622", "name": null, "barrier": "gate", "highway": null, "ref": null, "address": null, "is_in": null, "place": null, "man_made": null, "other_tags": "\"bicycle\"=>\"yes\",\"foot\"=>\"yes\"" }, "geometry": { "type": "Point", "coordinates": [ 9.4522623, 45.7441084 ] } },
{ "type": "Feature", "properties": { "osm_id": "701525207", "name": null, "barrier": null, "highway": null, "ref": null, "address": null, "is_in": null, "place": null, "man_made": null, "other_tags": "\"ford\"=>\"yes\"" }, "geometry": { "type": "Point", "coordinates": [ 9.3644854, 45.7264603 ] } },
{ "type": "Feature", "properties": { "osm_id": "814974491", "name": null, "barrier": null, "highway": null, "ref": null, "address": null, "is_in": null, "place": null, "man_made": null, "other_tags": "\"tourism\"=>\"viewpoint\"" }, "geometry": { "type": "Point", "coordinates": [ 9.3877551, 45.7445311 ] } },
{ "type": "Feature", "properties": { "osm_id": "855193138", "name": null, "barrier": null, "highway": null, "ref": null, "address": null, "is_in": null, "place": null, "man_made": null, "other_tags": "\"description\"=>\"<- 1 Molinazzo, Lomagna; -> 1 Fornace Inf., Ceregallo\",\"information\"=>\"guidepost\",\"mapillary\"=>\"2194761014623818\",\"operator\"=>\"Parco Regionale di Montevecchia e della Valle del Curone\",\"tourism\"=>\"information\"" }, "geometry": { "type": "Point", "coordinates": [ 9.3826199, 45.7106674 ] } },
{ "type": "Feature", "properties": { "osm_id": "855805778", "name": null, "barrier": null, "highway": "street_lamp", "ref": null, "address": null, "is_in": null, "place": null, "man_made": null, "other_tags": null }, "geometry": { "type": "Point", "coordinates": [ 9.378048, 45.7145993 ] } },
{ "type": "Feature", "properties": { "osm_id": "855805781", "name": null, "barrier": null, "highway": "stop", "ref": null, "address": null, "is_in": null, "place": null, "man_made": null, "other_tags": "\"direction\"=>\"backward\"" }, "geometry": { "type": "Point", "coordinates": [ 9.3779812, 45.7146196 ] } },
{ "type": "Feature", "properties": { "osm_id": "855805782", "name": null, "barrier": null, "highway": null, "ref": null, "address": null, "is_in": null, "place": null, "man_made": null, "other_tags": null }, "geometry": { "type": "Point", "coordinates": [ 9.3803403, 45.7172096 ] } },
{ "type": "Feature", "properties": { "osm_id": "855805785", "name": "Fornace Superiore", "barrier": null, "highway": null, "ref": null, "address": null, "is_in": null, "place": "hamlet", "man_made": null, "other_tags": null }, "geometry": { "type": "Point", "coordinates": [ 9.3791444, 45.7151942 ] } },
{ "type": "Feature", "properties": { "osm_id": "855833340", "name": "Flora protetta", "barrier": null, "highway": null, "ref": null, "address": null, "is_in": null, "place": null, "man_made": null, "other_tags": "\"board_type\"=>\"plants\",\"check_date\"=>\"2021-04-07\",\"description\"=>\"Flora protetta a raccolta regolamentata e di cui è vietata la raccolta\",\"information\"=>\"board\",\"operator\"=>\"Parco Regionale di Montevecchia e della Valle del Curone\",\"tourism\"=>\"information\"" }, "geometry": { "type": "Point", "coordinates": [ 9.3761234, 45.715205 ] } },
{ "type": "Feature", "properties": { "osm_id": "855833353", "name": null, "barrier": null, "highway": null, "ref": null, "address": null, "is_in": null, "place": null, "man_made": null, "other_tags": "\"check_date\"=>\"2021-04-07\",\"description\"=>\"percorsi del parco di Montevecchia e della Valle del Curone\",\"hiking\"=>\"yes\",\"information\"=>\"map\",\"map_size\"=>\"site\",\"map_type\"=>\"topo\",\"mapillary\"=>\"1604365850650832\",\"mtb\"=>\"yes\",\"operator\"=>\"Parco Regionale di Montevecchia e della Valle del Curone\",\"tourism\"=>\"information\"" }, "geometry": { "type": "Point", "coordinates": [ 9.3761188, 45.715199 ] } },
{ "type": "Feature", "properties": { "osm_id": "855854857", "name": null, "barrier": null, "highway": null, "ref": null, "address": null, "is_in": null, "place": null, "man_made": null, "other_tags": "\"description\"=>\"^ 11 Ca' Soldato 0.10, Cernusco L. F.S. 1.45; -> 1 Ospedaletto 0.15, Ceregallo 2.15; <- 1 Fornace Inf. 0.05, Lomagna 1.50; -> 11 Galbusera Bianca 0.30, Perego 1.30\",\"hiking\"=>\"yes\",\"information\"=>\"guidepost\",\"mapillary\"=>\"973444841711125\",\"operator\"=>\"Parco Regionale di Montevecchia e della Valle del Curone\",\"tourism\"=>\"information\"" }, "geometry": { "type": "Point", "coordinates": [ 9.3758616, 45.7152029 ] } },
{ "type": "Feature", "properties": { "osm_id": "855863707", "name": "Cascina Malnido", "barrier": null, "highway": null, "ref": null, "address": null, "is_in": null, "place": "farm", "man_made": null, "other_tags": "\"wikidata\"=>\"Q126709245\",\"wikimedia_commons\"=>\"Category:Cascina Malnido\"" }, "geometry": { "type": "Point", "coordinates": [ 9.3733919, 45.7177873 ] } },
{ "type": "Feature", "properties": { "osm_id": "856461118", "name": null, "barrier": null, "highway": null, "ref": null, "address": null, "is_in": null, "place": null, "man_made": null, "other_tags": "\"description\"=>\"-> 11 Ca' Soldato 0.15, Cernusco L. F.S. 1.50; <- 1 Ospedaletto 0.10, Ceregallo 2.15; -> 1 Ca' del Soldato 0.10, Lomagna 1.50; ^ 11 Galbusera Bianca 0.15, Perego 1.20\",\"hiking\"=>\"yes\",\"information\"=>\"guidepost\",\"mapillary\"=>\"26386435731053106\",\"operator\"=>\"Parco Regionale di Montevecchia e della Valle del Curone\",\"tourism\"=>\"information\"" }, "geometry": { "type": "Point", "coordinates": [ 9.3729961, 45.7169934 ] } },
{ "type": "Feature", "properties": { "osm_id": "856489961", "name": null, "barrier": null, "highway": null, "ref": null, "address": null, "is_in": null, "place": null, "man_made": null, "other_tags": "\"description\"=>\"-> 1 Valle Curone 0.15, Ceregallo 2.00; ^ 2 Ca' Soldato, Cernusco L. F.S.; -> 2 Ospedaletto, Beolco; <- 1 Ca' Soldato 0.15, Lomagna 2.00\",\"hiking\"=>\"yes\",\"information\"=>\"guidepost\",\"mapillary\"=>\"1621778605702842\",\"operator\"=>\"Parco Regionale di Montevecchia e della Valle del Curone\",\"tourism\"=>\"information\"" }, "geometry": { "type": "Point", "coordinates": [ 9.3685515, 45.7180262 ] } },
{ "type": "Feature", "properties": { "osm_id": "856515460", "name": null, "barrier": null, "highway": null, "ref": null, "address": null, "is_in": null, "place": null, "man_made": null, "other_tags": "\"description\"=>\"<- 2 Ca' Soldato 0.20, Cernusco L. F.S. 1.45; -> 2 Costa 0.15, Beolco 1.15\",\"hiking\"=>\"yes\",\"information\"=>\"guidepost\",\"mapillary\"=>\"2308267883012864\",\"operator\"=>\"Parco Regionale di Montevecchia e della Valle del Curone\",\"tourism\"=>\"information\"" }, "geometry": { "type": "Point", "coordinates": [ 9.3681158, 45.7186219 ] } },
{ "type": "Feature", "properties": { "osm_id": "856560191", "name": null, "barrier": null, "highway": null, "ref": null, "address": null, "is_in": null, "place": null, "man_made": null, "other_tags": "\"description\"=>\"-> 2 Ca' Soldato 0.20, Cernusco L. F.S. 1.45; <- 2 Ospedaletto, Beolco\",\"hiking\"=>\"yes\",\"information\"=>\"guidepost\",\"mapillary\"=>\"1305846541676523\",\"operator\"=>\"Parco Regionale di Montevecchia e della Valle del Curone\",\"tourism\"=>\"information\"" }, "geometry": { "type": "Point", "coordinates": [ 9.3682628, 45.7178907 ] } },
{ "type": "Feature", "properties": { "osm_id": "856571632", "name": null, "barrier": null, "highway": null, "ref": null, "address": null, "is_in": null, "place": null, "man_made": null, "other_tags": "\"ford\"=>\"yes\"" }, "geometry": { "type": "Point", "coordinates": [ 9.3674757, 45.7179929 ] } },
{ "type": "Feature", "properties": { "osm_id": "856718199", "name": null, "barrier": null, "highway": null, "ref": null, "address": null, "is_in": null, "place": null, "man_made": null, "other_tags": "\"amenity\"=>\"parking\",\"parking\"=>\"surface\",\"surface\"=>\"gravel\"" }, "geometry": { "type": "Point", "coordinates": [ 9.3608099, 45.7250199 ] } },
{ "type": "Feature", "properties": { "osm_id": "856782583", "name": null, "barrier": null, "highway": "stop", "ref": null, "address": null, "is_in": null, "place": null, "man_made": null, "other_tags": "\"direction\"=>\"forward\"" }, "geometry": { "type": "Point", "coordinates": [ 9.3603668, 45.7287347 ] } },
{ "type": "Feature", "properties": { "osm_id": "856782587", "name": "Agriturismo Amici della Ratta", "barrier": null, "highway": null, "ref": null, "address": null, "is_in": null, "place": null, "man_made": null, "other_tags": "\"capacity\"=>\"3\",\"description\"=>\"disponibile una mini suite con letto matrimoniale e eventuale terzo letto. Aperto tutto l'anno. Senza cucina. Solo pernottamento.\",\"email\"=>\"info@amicidellaratta.it\",\"opening_hours\"=>\"Jan-Dec\",\"phone\"=>\"+39 039 5312150\",\"tourism\"=>\"guest_house\",\"website\"=>\"www.amicidellaratta.it\"" }, "geometry": { "type": "Point", "coordinates": [ 9.362773, 45.7260048 ] } },
{ "type": "Feature", "properties": { "osm_id": "856782610", "name": "Agriturismo Amici della Ratta", "barrier": null, "highway": null, "ref": null, "address": null, "is_in": null, "place": null, "man_made": null, "other_tags": "\"amenity\"=>\"restaurant\",\"capacity\"=>\"40\",\"cuisine\"=>\"regional\",\"description\"=>\"Aperto Gio-Ven-Sab a cena e Dom e festivi a pranzo\",\"email\"=>\"info@amicidellaratta.it\",\"opening_hours\"=>\"Tu-Sa 20:30+;PH Su 12:30-14:30\",\"phone\"=>\"+39 039 5312150\",\"website\"=>\"www.amicidellaratta.it\"" }, "geometry": { "type": "Point", "coordinates": [ 9.3627993, 45.725973 ] } },
{ "type": "Feature", "properties": { "osm_id": "856782620", "name": null, "barrier": null, "highway": null, "ref": null, "address": null, "is_in": null, "place": null, "man_made": null, "other_tags": "\"description\"=>\"-> 1 Valle Curone, Lomagna; v 1 Pianello, Ceregallo\",\"hiking\"=>\"yes\",\"information\"=>\"guidepost\",\"mapillary\"=>\"914425007840887\",\"operator\"=>\"Parco Regionale di Montevecchia e della Valle del Curone\",\"tourism\"=>\"information\"" }, "geometry": { "type": "Point", "coordinates": [ 9.3627528, 45.7258047 ] } },
{ "type": "Feature", "properties": { "osm_id": "856782645", "name": "Agriturismo La Costa", "barrier": null, "highway": null, "ref": null, "address": null, "is_in": null, "place": null, "man_made": null, "other_tags": "\"addr:housenumber\"=>\"15\",\"addr:street\"=>\"Via Curone\",\"amenity\"=>\"restaurant\",\"guest_house\"=>\"agritourism\",\"name:fr\"=>\"Accès - Hôtel Agriturismo La Costa\",\"tourism\"=>\"guest_house\"" }, "geometry": { "type": "Point", "coordinates": [ 9.3651772, 45.7230487 ] } },
{ "type": "Feature", "properties": { "osm_id": "856796195", "name": null, "barrier": null, "highway": null, "ref": null, "address": null, "is_in": null, "place": null, "man_made": null, "other_tags": "\"access\"=>\"private\",\"amenity\"=>\"parking\"" }, "geometry": { "type": "Point", "coordinates": [ 9.3630204, 45.7257547 ] } },
{ "type": "Feature", "properties": { "osm_id": "856796208", "name": null, "barrier": null, "highway": null, "ref": null, "address": null, "is_in": null, "place": null, "man_made": null, "other_tags": "\"board_type\"=>\"notice\",\"information\"=>\"board\",\"tourism\"=>\"information\"" }, "geometry": { "type": "Point", "coordinates": [ 9.3604562, 45.7287275 ] } },
{ "type": "Feature", "properties": { "osm_id": "856796219", "name": null, "barrier": null, "highway": null, "ref": null, "address": null, "is_in": null, "place": null, "man_made": null, "other_tags": "\"hiking\"=>\"yes\",\"information\"=>\"guidepost\",\"mapillary\"=>\"2795964550795503\",\"material\"=>\"wood\",\"operator\"=>\"Parco Regionale di Montevecchia e della Valle del Curone\",\"support\"=>\"pole\",\"tourism\"=>\"information\"" }, "geometry": { "type": "Point", "coordinates": [ 9.3604332, 45.7287516 ] } },
{ "type": "Feature", "properties": { "osm_id": "856848364", "name": "Bernaga inferiore", "barrier": null, "highway": null, "ref": null, "address": null, "is_in": null, "place": "hamlet", "man_made": null, "other_tags": "\"historic\"=>\"yes\",\"wikidata\"=>\"Q18488869\"" }, "geometry": { "type": "Point", "coordinates": [ 9.355394, 45.7331468 ] } },
{ "type": "Feature", "properties": { "osm_id": "856848379", "name": null, "barrier": null, "highway": null, "ref": null, "address": null, "is_in": null, "place": null, "man_made": null, "other_tags": "\"hiking\"=>\"yes\",\"information\"=>\"guidepost\",\"mapillary\"=>\"1259719492154959\",\"operator\"=>\"Parco Regionale di Montevecchia e della Valle del Curone\",\"tourism\"=>\"information\"" }, "geometry": { "type": "Point", "coordinates": [ 9.3604232, 45.7286368 ] } },
{ "type": "Feature", "properties": { "osm_id": "856848408", "name": "Campo", "barrier": null, "highway": null, "ref": null, "address": null, "is_in": null, "place": "hamlet", "man_made": null, "other_tags": "\"wikidata\"=>\"Q18488914\"" }, "geometry": { "type": "Point", "coordinates": [ 9.3631631, 45.732917 ] } },
{ "type": "Feature", "properties": { "osm_id": "856848452", "name": "Pianello", "barrier": null, "highway": null, "ref": null, "address": null, "is_in": null, "place": "isolated_dwelling", "man_made": null, "other_tags": null }, "geometry": { "type": "Point", "coordinates": [ 9.3602339, 45.7288716 ] } },
{ "type": "Feature", "properties": { "osm_id": "856864334", "name": "Ricostruzione glaciologica", "barrier": null, "highway": null, "ref": null, "address": null, "is_in": null, "place": null, "man_made": null, "other_tags": "\"board_type\"=>\"nature\",\"description\"=>\"Percorso geologico, punto di osservazione numero 7. Ricostruzione glaciologica durante il periodo Wurmiano.\",\"information\"=>\"board\",\"operator\"=>\"Parco Regionale di Montevecchia e della Valle del Curone\",\"tourism\"=>\"information\"" }, "geometry": { "type": "Point", "coordinates": [ 9.3601337, 45.7287427 ] } },
{ "type": "Feature", "properties": { "osm_id": "856883972", "name": null, "barrier": "gate", "highway": null, "ref": null, "address": null, "is_in": null, "place": null, "man_made": null, "other_tags": "\"access\"=>\"private\",\"description\"=>\"cancello di abitazione privata\"" }, "geometry": { "type": "Point", "coordinates": [ 9.3604522, 45.7287928 ] } },
{ "type": "Feature", "properties": { "osm_id": "857029174", "name": null, "barrier": "gate", "highway": null, "ref": null, "address": null, "is_in": null, "place": null, "man_made": null, "other_tags": "\"access\"=>\"private\"" }, "geometry": { "type": "Point", "coordinates": [ 9.3565812, 45.7292296 ] } },
{ "type": "Feature", "properties": { "osm_id": "857029196", "name": null, "barrier": "lift_gate", "highway": null, "ref": null, "address": null, "is_in": null, "place": null, "man_made": null, "other_tags": null }, "geometry": { "type": "Point", "coordinates": [ 9.3566279, 45.7291961 ] } },
{ "type": "Feature", "properties": { "osm_id": "857029198", "name": null, "barrier": null, "highway": null, "ref": null, "address": null, "is_in": null, "place": null, "man_made": null, "other_tags": "\"hiking\"=>\"yes\",\"information\"=>\"guidepost\",\"mapillary\"=>\"1194881119394596\",\"material\"=>\"wood\",\"operator\"=>\"Parco Regionale di Montevecchia e della Valle del Curone\",\"support\"=>\"pole\",\"tourism\"=>\"information\"" }, "geometry": { "type": "Point", "coordinates": [ 9.3567194, 45.7292622 ] } },
{ "type": "Feature", "properties": { "osm_id": "905812655", "name": null, "barrier": null, "highway": "crossing", "ref": null, "address": null, "is_in": null, "place": null, "man_made": null, "other_tags": null }, "geometry": { "type": "Point", "coordinates": [ 9.4587103, 45.7157667 ] } },
{ "type": "Feature", "properties": { "osm_id": "905812726", "name": null, "barrier": null, "highway": "turning_loop", "ref": null, "address": null, "is_in": null, "place": null, "man_made": null, "other_tags": null }, "geometry": { "type": "Point", "coordinates": [ 9.459896, 45.7147957 ] } },
{ "type": "Feature", "properties": { "osm_id": "932149751", "name": null, "barrier": null, "highway": null, "ref": null, "address": null, "is_in": null, "place": null, "man_made": null, "other_tags": "\"ford\"=>\"yes\"" }, "geometry": { "type": "Point", "coordinates": [ 9.4146547, 45.7574061 ] } },
{ "type": "Feature", "properties": { "osm_id": "993708106", "name": null, "barrier": null, "highway": "crossing", "ref": null, "address": null, "is_in": null, "place": null, "man_made": null, "other_tags": null }, "geometry": { "type": "Point", "coordinates": [ 9.4386601, 45.7102942 ] } },
{ "type": "Feature", "properties": { "osm_id": "1141498592", "name": null, "barrier": null, "highway": "crossing", "ref": null, "address": null, "is_in": null, "place": null, "man_made": null, "other_tags": "\"crossing\"=>\"marked\",\"crossing:island\"=>\"no\",\"tactile_paving\"=>\"no\"" }, "geometry": { "type": "Point", "coordinates": [ 9.4264588, 45.7558956 ] } },
{ "type": "Feature", "properties": { "osm_id": "1141498635", "name": null, "barrier": null, "highway": "stop", "ref": null, "address": null, "is_in": null, "place": null, "man_made": null, "other_tags": "\"direction\"=>\"forward\"" }, "geometry": { "type": "Point", "coordinates": [ 9.4455808, 45.7425315 ] } },
{ "type": "Feature", "properties": { "osm_id": "1142972065", "name": null, "barrier": null, "highway": "crossing", "ref": null, "address": null, "is_in": null, "place": null, "man_made": null, "other_tags": null }, "geometry": { "type": "Point", "coordinates": [ 9.361913, 45.7591506 ] } },
{ "type": "Feature", "properties": { "osm_id": "1144810020", "name": "Porchera", "barrier": null, "highway": null, "ref": null, "address": null, "is_in": null, "place": "hamlet", "man_made": null, "other_tags": null }, "geometry": { "type": "Point", "coordinates": [ 9.4122468, 45.7388644 ] } },
{ "type": "Feature", "properties": { "osm_id": "1144810029", "name": "Taiello", "barrier": null, "highway": null, "ref": null, "address": null, "is_in": null, "place": "hamlet", "man_made": null, "other_tags": null }, "geometry": { "type": "Point", "coordinates": [ 9.4196418, 45.7593583 ] } },
{ "type": "Feature", "properties": { "osm_id": "1144810062", "name": null, "barrier": null, "highway": null, "ref": null, "address": null, "is_in": null, "place": null, "man_made": null, "other_tags": "\"tourism\"=>\"picnic_site\"" }, "geometry": { "type": "Point", "coordinates": [ 9.393435, 45.7592345 ] } },
{ "type": "Feature", "properties": { "osm_id": "1144810072", "name": "Olcellera", "barrier": null, "highway": null, "ref": null, "address": null, "is_in": null, "place": "hamlet", "man_made": null, "other_tags": null }, "geometry": { "type": "Point", "coordinates": [ 9.4032471, 45.7366247 ] } },
{ "type": "Feature", "properties": { "osm_id": "1144810097", "name": "Aizurro", "barrier": null, "highway": null, "ref": null, "address": null, "is_in": null, "place": "hamlet", "man_made": null, "other_tags": "\"wikidata\"=>\"Q3607264\",\"wikimedia_commons\"=>\"Category:Aizurro\",\"wikipedia\"=>\"it:Aizurro\"" }, "geometry": { "type": "Point", "coordinates": [ 9.4119267, 45.7570462 ] } },
{ "type": "Feature", "properties": { "osm_id": "1144810107", "name": "Caglianello", "barrier": null, "highway": null, "ref": null, "address": null, "is_in": null, "place": "hamlet", "man_made": null, "other_tags": null }, "geometry": { "type": "Point", "coordinates": [ 9.400202, 45.7438163 ] } },
{ "type": "Feature", "properties": { "osm_id": "1144810134", "name": null, "barrier": null, "highway": null, "ref": null, "address": null, "is_in": null, "place": null, "man_made": null, "other_tags": "\"amenity\"=>\"hunting_stand\",\"height\"=>\"low\"" }, "geometry": { "type": "Point", "coordinates": [ 9.3927451, 45.7599964 ] } },
{ "type": "Feature", "properties": { "osm_id": "1144810140", "name": "Vaccarezza Vecchia", "barrier": null, "highway": null, "ref": null, "address": null, "is_in": null, "place": "hamlet", "man_made": null, "other_tags": null }, "geometry": { "type": "Point", "coordinates": [ 9.4373951, 45.7375154 ] } },
{ "type": "Feature", "properties": { "osm_id": "1144810173", "name": null, "barrier": null, "highway": null, "ref": null, "address": null, "is_in": null, "place": null, "man_made": null, "other_tags": "\"entrance\"=>\"yes\"" }, "geometry": { "type": "Point", "coordinates": [ 9.3935836, 45.7592833 ] } },
{ "type": "Feature", "properties": { "osm_id": "1144810197", "name": "Paù", "barrier": null, "highway": null, "ref": null, "address": null, "is_in": null, "place": "hamlet", "man_made": null, "other_tags": null }, "geometry": { "type": "Point", "coordinates": [ 9.3908657, 45.7459833 ] } },
{ "type": "Feature", "properties": { "osm_id": "1144810206", "name": "Mondonico", "barrier": null, "highway": null, "ref": null, "address": null, "is_in": null, "place": "hamlet", "man_made": null, "other_tags": "\"wikidata\"=>\"Q666518\",\"wikipedia\"=>\"it:Mondonico\"" }, "geometry": { "type": "Point", "coordinates": [ 9.3962025, 45.7419344 ] } },
{ "type": "Feature", "properties": { "osm_id": "1144810212", "name": "Campsirago", "barrier": null, "highway": null, "ref": null, "address": null, "is_in": null, "place": "hamlet", "man_made": null, "other_tags": null }, "geometry": { "type": "Point", "coordinates": [ 9.4010747, 45.7551163 ] } },
{ "type": "Feature", "properties": { "osm_id": "1144810223", "name": null, "barrier": null, "highway": null, "ref": null, "address": null, "is_in": null, "place": null, "man_made": null, "other_tags": "\"power\"=>\"tower\"" }, "geometry": { "type": "Point", "coordinates": [ 9.3804757, 45.7597683 ] } },
{ "type": "Feature", "properties": { "osm_id": "1144810224", "name": "Cagliano", "barrier": null, "highway": null, "ref": null, "address": null, "is_in": null, "place": "hamlet", "man_made": null, "other_tags": "\"population\"=>\"93\",\"source:population\"=>\"wikipedia\",\"wikidata\"=>\"Q15617275\",\"wikipedia\"=>\"it:Cagliano\"" }, "geometry": { "type": "Point", "coordinates": [ 9.3880364, 45.7511753 ] } },
{ "type": "Feature", "properties": { "osm_id": "1144810227", "name": null, "barrier": null, "highway": null, "ref": null, "address": null, "is_in": null, "place": null, "man_made": "flagpole", "other_tags": null }, "geometry": { "type": "Point", "coordinates": [ 9.3935555, 45.759169 ] } },
{ "type": "Feature", "properties": { "osm_id": "1144810241", "name": "Beverate", "barrier": null, "highway": null, "ref": null, "address": null, "is_in": null, "place": "village", "man_made": null, "other_tags": "\"wikidata\"=>\"Q36680680\"" }, "geometry": { "type": "Point", "coordinates": [ 9.4280345, 45.738267 ] } },
{ "type": "Feature", "properties": { "osm_id": "1144810296", "name": "Vaccarezza Nuova", "barrier": null, "highway": null, "ref": null, "address": null, "is_in": null, "place": "hamlet", "man_made": null, "other_tags": null }, "geometry": { "type": "Point", "coordinates": [ 9.4394422, 45.743033 ] } },
{ "type": "Feature", "properties": { "osm_id": "1144810315", "name": "Monastirolo", "barrier": null, "highway": null, "ref": null, "address": null, "is_in": null, "place": "hamlet", "man_made": null, "other_tags": "\"alt_name\"=>\"Monasterolo\"" }, "geometry": { "type": "Point", "coordinates": [ 9.4075899, 45.7417582 ] } },
{ "type": "Feature", "properties": { "osm_id": "1144810316", "name": "Giovenzana", "barrier": null, "highway": null, "ref": null, "address": null, "is_in": null, "place": "hamlet", "man_made": null, "other_tags": "\"wikidata\"=>\"Q18489029\"" }, "geometry": { "type": "Point", "coordinates": [ 9.375243, 45.7532378 ] } },
{ "type": "Feature", "properties": { "osm_id": "1145450322", "name": null, "barrier": null, "highway": null, "ref": null, "address": null, "is_in": null, "place": null, "man_made": null, "other_tags": "\"amenity\"=>\"bench\",\"backrest\"=>\"no\",\"material\"=>\"stone\"" }, "geometry": { "type": "Point", "coordinates": [ 9.3939798, 45.7592458 ] } },
{ "type": "Feature", "properties": { "osm_id": "1145450479", "name": "Percorso geologico-naturalistico - Stazione 3", "barrier": null, "highway": null, "ref": "3", "address": null, "is_in": null, "place": null, "man_made": null, "other_tags": "\"board_type\"=>\"geology\",\"description\"=>\"Descrizione del percorso geologico naturalistico - Stazione 3\",\"information\"=>\"board\",\"mapillary\"=>\"1462762315866307\",\"operator\"=>\"Comune di Colle Brianza - Comunità Montana Lario Orientale\",\"tourism\"=>\"information\"" }, "geometry": { "type": "Point", "coordinates": [ 9.3940925, 45.7592861 ] } },
{ "type": "Feature", "properties": { "osm_id": "1145450594", "name": null, "barrier": "bollard", "highway": null, "ref": null, "address": null, "is_in": null, "place": null, "man_made": null, "other_tags": "\"bicycle\"=>\"yes\",\"description\"=>\"pietra cementata in verticale sulla mezzeria della traccia\",\"foot\"=>\"yes\"" }, "geometry": { "type": "Point", "coordinates": [ 9.3939922, 45.7593514 ] } },
{ "type": "Feature", "properties": { "osm_id": "1145450676", "name": null, "barrier": "gate", "highway": null, "ref": null, "address": null, "is_in": null, "place": null, "man_made": null, "other_tags": "\"access\"=>\"private\"" }, "geometry": { "type": "Point", "coordinates": [ 9.3947745, 45.7588815 ] } },
{ "type": "Feature", "properties": { "osm_id": "1145450729", "name": "L'Eremo di San Genesio", "barrier": null, "highway": null, "ref": null, "address": null, "is_in": null, "place": null, "man_made": null, "other_tags": "\"board_type\"=>\"history\",\"description\"=>\"Stazione C\",\"information\"=>\"board\",\"mapillary\"=>\"1428436395969225\",\"operator\"=>\"Comune di Colle Brianza - Comunità Montana Lario Orientale\",\"tourism\"=>\"information\"" }, "geometry": { "type": "Point", "coordinates": [ 9.3940004, 45.7590641 ] } },
{ "type": "Feature", "properties": { "osm_id": "1145450770", "name": "Monte di San Genesio", "barrier": null, "highway": null, "ref": null, "address": null, "is_in": null, "place": null, "man_made": null, "other_tags": "\"natural\"=>\"peak\"" }, "geometry": { "type": "Point", "coordinates": [ 9.393292, 45.7594446 ] } },
{ "type": "Feature", "properties": { "osm_id": "1145450792", "name": "Monte di Brianza - San Genesio", "barrier": null, "highway": null, "ref": null, "address": null, "is_in": null, "place": null, "man_made": null, "other_tags": "\"description\"=>\"Monte di Brianza - San Genesio: itinerari da 1 a 11\",\"hiking\"=>\"yes\",\"information\"=>\"map\",\"map_size\"=>\"region\",\"map_type\"=>\"scheme\",\"mapillary\"=>\"1296621212544718\",\"operator\"=>\"CAI Calco, CAI Oggiono, Pro Loco Olgiate Molgora, Pro Loco Airuno, Alpini Olgiate e Calco, Squadre antincendi boschivi\",\"tourism\"=>\"information\"" }, "geometry": { "type": "Point", "coordinates": [ 9.3941257, 45.759269 ] } },
{ "type": "Feature", "properties": { "osm_id": "1145450835", "name": null, "barrier": null, "highway": null, "ref": null, "address": null, "is_in": null, "place": null, "man_made": "tower", "other_tags": "\"tower:type\"=>\"bell_tower\"" }, "geometry": { "type": "Point", "coordinates": [ 9.3952727, 45.7587161 ] } },
{ "type": "Feature", "properties": { "osm_id": "1184537950", "name": null, "barrier": null, "highway": "crossing", "ref": null, "address": null, "is_in": null, "place": null, "man_made": null, "other_tags": null }, "geometry": { "type": "Point", "coordinates": [ 9.36211, 45.7594903 ] } },
{ "type": "Feature", "properties": { "osm_id": "1262265369", "name": null, "barrier": null, "highway": "traffic_signals", "ref": null, "address": null, "is_in": null, "place": null, "man_made": null, "other_tags": null }, "geometry": { "type": "Point", "coordinates": [ 9.3622866, 45.7386752 ] } },
{ "type": "Feature", "properties": { "osm_id": "1262272520", "name": null, "barrier": null, "highway": "traffic_signals", "ref": null, "address": null, "is_in": null, "place": null, "man_made": null, "other_tags": "\"crossing\"=>\"traffic_signals\",\"tactile_paving\"=>\"no\",\"traffic_signals:sound\"=>\"no\"" }, "geometry": { "type": "Point", "coordinates": [ 9.3699695, 45.7371576 ] } },
{ "type": "Feature", "properties": { "osm_id": "1262284669", "name": null, "barrier": null, "highway": "crossing", "ref": null, "address": null, "is_in": null, "place": null, "man_made": null, "other_tags": null }, "geometry": { "type": "Point", "coordinates": [ 9.4143616, 45.7372669 ] } },
{ "type": "Feature", "properties": { "osm_id": "1263412700", "name": null, "barrier": null, "highway": "crossing", "ref": null, "address": null, "is_in": null, "place": null, "man_made": null, "other_tags": null }, "geometry": { "type": "Point", "coordinates": [ 9.4073909, 45.723403 ] } },
{ "type": "Feature", "properties": { "osm_id": "1263413088", "name": null, "barrier": null, "highway": "crossing", "ref": null, "address": null, "is_in": null, "place": null, "man_made": null, "other_tags": null }, "geometry": { "type": "Point", "coordinates": [ 9.4390625, 45.7132869 ] } },
{ "type": "Feature", "properties": { "osm_id": "1371635248", "name": "Olgiate Motori", "barrier": null, "highway": null, "ref": null, "address": null, "is_in": null, "place": null, "man_made": null, "other_tags": "\"addr:city\"=>\"Olgiate Molgora\",\"addr:country\"=>\"IT\",\"addr:postcode\"=>\"23887\",\"addr:street\"=>\"Via Don Luigi Sturzo\",\"shop\"=>\"car_repair\"" }, "geometry": { "type": "Point", "coordinates": [ 9.4014768, 45.7197087 ] } },
{ "type": "Feature", "properties": { "osm_id": "1380841735", "name": null, "barrier": null, "highway": null, "ref": null, "address": null, "is_in": null, "place": null, "man_made": null, "other_tags": "\"amenity\"=>\"drinking_water\",\"check_date\"=>\"2021-08-30\"" }, "geometry": { "type": "Point", "coordinates": [ 9.371693, 45.7132941 ] } },
{ "type": "Feature", "properties": { "osm_id": "1461939148", "name": null, "barrier": null, "highway": null, "ref": null, "address": null, "is_in": null, "place": null, "man_made": null, "other_tags": "\"amenity\"=>\"drinking_water\"" }, "geometry": { "type": "Point", "coordinates": [ 9.388263, 45.7513943 ] } },
{ "type": "Feature", "properties": { "osm_id": "1488811124", "name": null, "barrier": null, "highway": null, "ref": null, "address": null, "is_in": null, "place": null, "man_made": null, "other_tags": null }, "geometry": { "type": "Point", "coordinates": [ 9.3871263, 45.7154402 ] } },
{ "type": "Feature", "properties": { "osm_id": "1568131300", "name": "CAR Fuel 037", "barrier": null, "highway": null, "ref": null, "address": null, "is_in": null, "place": null, "man_made": null, "other_tags": "\"amenity\"=>\"fuel\",\"fuel:biogas\"=>\"yes\",\"fuel:diesel\"=>\"yes\",\"fuel:octane_95\"=>\"yes\",\"nobrand\"=>\"yes\",\"operator\"=>\"Bl Car S.A.S. di Carrara Luca & C.\",\"ref:mise\"=>\"15311\"" }, "geometry": { "type": "Point", "coordinates": [ 9.4589521, 45.7118333 ] } },
{ "type": "Feature", "properties": { "osm_id": "1575801240", "name": "Monte", "barrier": null, "highway": null, "ref": null, "address": null, "is_in": null, "place": "village", "man_made": null, "other_tags": "\"wikidata\"=>\"Q18489115\",\"wikimedia_commons\"=>\"Category:Monte (La Valletta Brianza)\",\"wikipedia\"=>\"it:Monte (La Valletta Brianza)\"" }, "geometry": { "type": "Point", "coordinates": [ 9.3791657, 45.726312 ] } },
{ "type": "Feature", "properties": { "osm_id": "1576508271", "name": "DINAclub - Stazione di Ricarica e-Bike", "barrier": null, "highway": null, "ref": null, "address": null, "is_in": null, "place": null, "man_made": null, "other_tags": "\"access\"=>\"yes\",\"amenity\"=>\"charging_station\",\"bicycle\"=>\"yes\",\"network\"=>\"DINAclub\",\"operator\"=>\"Repower\",\"operator:website\"=>\"https://www.repower.com/dina/\",\"operator:wikidata\"=>\"Q674712\",\"operator:wikipedia\"=>\"it:Repower\"" }, "geometry": { "type": "Point", "coordinates": [ 9.384284, 45.7108593 ] } },
{ "type": "Feature", "properties": { "osm_id": "1620729043", "name": "Cassina Fra Martino", "barrier": null, "highway": null, "ref": null, "address": null, "is_in": null, "place": "village", "man_made": null, "other_tags": "\"wikidata\"=>\"Q18488956\"" }, "geometry": { "type": "Point", "coordinates": [ 9.4335161, 45.7182584 ] } },
{ "type": "Feature", "properties": { "osm_id": "1620729044", "name": "Grugana", "barrier": null, "highway": null, "ref": null, "address": null, "is_in": null, "place": "hamlet", "man_made": null, "other_tags": null }, "geometry": { "type": "Point", "coordinates": [ 9.4366717, 45.7231051 ] } },
{ "type": "Feature", "properties": { "osm_id": "1620729057", "name": "Madonna del Bosco", "barrier": null, "highway": null, "ref": null, "address": null, "is_in": null, "place": "hamlet", "man_made": null, "other_tags": null }, "geometry": { "type": "Point", "coordinates": [ 9.4428936, 45.7144099 ] } },
{ "type": "Feature", "properties": { "osm_id": "1620729062", "name": "Merate", "barrier": null, "highway": null, "ref": null, "address": null, "is_in": null, "place": null, "man_made": null, "other_tags": "\"traffic_sign\"=>\"city_limit\"" }, "geometry": { "type": "Point", "coordinates": [ 9.4415695, 45.7154094 ] } },
{ "type": "Feature", "properties": { "osm_id": "1620729065", "name": "Roncaglia", "barrier": null, "highway": null, "ref": null, "address": null, "is_in": null, "place": "hamlet", "man_made": null, "other_tags": null }, "geometry": { "type": "Point", "coordinates": [ 9.4011544, 45.7112187 ] } },
{ "type": "Feature", "properties": { "osm_id": "1620729074", "name": "Scagnello", "barrier": null, "highway": null, "ref": null, "address": null, "is_in": null, "place": "hamlet", "man_made": null, "other_tags": null }, "geometry": { "type": "Point", "coordinates": [ 9.4056402, 45.7177172 ] } },
{ "type": "Feature", "properties": { "osm_id": "1620729292", "name": null, "barrier": null, "highway": null, "ref": null, "address": null, "is_in": null, "place": null, "man_made": null, "other_tags": "\"recycling:glass\"=>\"yes\"" }, "geometry": { "type": "Point", "coordinates": [ 9.4418689, 45.7151317 ] } },
{ "type": "Feature", "properties": { "osm_id": "1666046611", "name": null, "barrier": "gate", "highway": null, "ref": null, "address": null, "is_in": null, "place": null, "man_made": null, "other_tags": "\"access\"=>\"permissive\",\"locked\"=>\"no\"" }, "geometry": { "type": "Point", "coordinates": [ 9.4105277, 45.7389112 ] } },
{ "type": "Feature", "properties": { "osm_id": "1691107461", "name": null, "barrier": null, "highway": null, "ref": null, "address": null, "is_in": null, "place": null, "man_made": null, "other_tags": null }, "geometry": { "type": "Point", "coordinates": [ 9.3917277, 45.7525174 ] } },
{ "type": "Feature", "properties": { "osm_id": "1697623073", "name": null, "barrier": null, "highway": "crossing", "ref": null, "address": null, "is_in": null, "place": null, "man_made": null, "other_tags": null }, "geometry": { "type": "Point", "coordinates": [ 9.4461328, 45.7409435 ] } },
{ "type": "Feature", "properties": { "osm_id": "1820686172", "name": null, "barrier": null, "highway": null, "ref": null, "address": null, "is_in": null, "place": null, "man_made": null, "other_tags": "\"ford\"=>\"yes\"" }, "geometry": { "type": "Point", "coordinates": [ 9.3655636, 45.7264382 ] } },
{ "type": "Feature", "properties": { "osm_id": "1837069780", "name": null, "barrier": null, "highway": null, "ref": null, "address": null, "is_in": null, "place": null, "man_made": null, "other_tags": "\"amenity\"=>\"townhall\"" }, "geometry": { "type": "Point", "coordinates": [ 9.4032082, 45.72823 ] } },
{ "type": "Feature", "properties": { "osm_id": "1837070077", "name": "Scuola Primaria E. Gola", "barrier": null, "highway": null, "ref": null, "address": null, "is_in": null, "place": null, "man_made": null, "other_tags": "\"addr:postcode\"=>\"23887\",\"addr:street\"=>\"Via Sommi Picenardi\",\"amenity\"=>\"school\"" }, "geometry": { "type": "Point", "coordinates": [ 9.4000797, 45.7298587 ] } },
{ "type": "Feature", "properties": { "osm_id": "1837074115", "name": null, "barrier": null, "highway": "crossing", "ref": null, "address": null, "is_in": null, "place": null, "man_made": null, "other_tags": null }, "geometry": { "type": "Point", "coordinates": [ 9.4049623, 45.728977 ] } },
{ "type": "Feature", "properties": { "osm_id": "1837075017", "name": null, "barrier": null, "highway": null, "ref": null, "address": null, "is_in": null, "place": null, "man_made": null, "other_tags": "\"leisure\"=>\"sports_centre\"" }, "geometry": { "type": "Point", "coordinates": [ 9.4007674, 45.7241181 ] } },
{ "type": "Feature", "properties": { "osm_id": "1837075019", "name": null, "barrier": null, "highway": null, "ref": null, "address": null, "is_in": null, "place": null, "man_made": null, "other_tags": "\"leisure\"=>\"playground\"" }, "geometry": { "type": "Point", "coordinates": [ 9.4002578, 45.7241294 ] } },
{ "type": "Feature", "properties": { "osm_id": "1837075469", "name": "Olgiate Molgora", "barrier": null, "highway": null, "ref": "20143", "address": null, "is_in": null, "place": null, "man_made": null, "other_tags": "\"amenity\"=>\"post_office\",\"not:operator:wikidata\"=>\"Q495026\",\"operator\"=>\"Poste Italiane\",\"phone\"=>\"+39 039 508385\"" }, "geometry": { "type": "Point", "coordinates": [ 9.4020441, 45.7282861 ] } },
{ "type": "Feature", "properties": { "osm_id": "1837076072", "name": "Deutsche Bank", "barrier": null, "highway": null, "ref": null, "address": null, "is_in": null, "place": null, "man_made": null, "other_tags": "\"amenity\"=>\"bank\",\"atm\"=>\"yes\",\"brand\"=>\"Deutsche Bank\",\"brand:wikidata\"=>\"Q66048\"" }, "geometry": { "type": "Point", "coordinates": [ 9.4017652, 45.7282374 ] } },
{ "type": "Feature", "properties": { "osm_id": "1837076073", "name": null, "barrier": null, "highway": null, "ref": null, "address": null, "is_in": null, "place": null, "man_made": null, "other_tags": "\"amenity\"=>\"recycling\",\"recycling_type\"=>\"centre\"" }, "geometry": { "type": "Point", "coordinates": [ 9.4027627, 45.7211247 ] } },
{ "type": "Feature", "properties": { "osm_id": "1838893621", "name": null, "barrier": null, "highway": null, "ref": null, "address": null, "is_in": null, "place": null, "man_made": null, "other_tags": "\"power\"=>\"tower\"" }, "geometry": { "type": "Point", "coordinates": [ 9.403606, 45.7126494 ] } },
{ "type": "Feature", "properties": { "osm_id": "1838893623", "name": null, "barrier": null, "highway": null, "ref": null, "address": null, "is_in": null, "place": null, "man_made": null, "other_tags": "\"power\"=>\"tower\"" }, "geometry": { "type": "Point", "coordinates": [ 9.4088245, 45.7230719 ] } },
{ "type": "Feature", "properties": { "osm_id": "1838893626", "name": null, "barrier": null, "highway": null, "ref": null, "address": null, "is_in": null, "place": null, "man_made": null, "other_tags": "\"power\"=>\"tower\"" }, "geometry": { "type": "Point", "coordinates": [ 9.4065822, 45.7187162 ] } },
{ "type": "Feature", "properties": { "osm_id": "1838893633", "name": null, "barrier": null, "highway": null, "ref": null, "address": null, "is_in": null, "place": null, "man_made": null, "other_tags": "\"power\"=>\"tower\"" }, "geometry": { "type": "Point", "coordinates": [ 9.4049363, 45.7152713 ] } },
{ "type": "Feature", "properties": { "osm_id": "1838893653", "name": null, "barrier": null, "highway": null, "ref": null, "address": null, "is_in": null, "place": null, "man_made": null, "other_tags": "\"power\"=>\"tower\"" }, "geometry": { "type": "Point", "coordinates": [ 9.4026983, 45.7107418 ] } },
{ "type": "Feature", "properties": { "osm_id": "1838893654", "name": null, "barrier": null, "highway": null, "ref": null, "address": null, "is_in": null, "place": null, "man_made": null, "other_tags": "\"power\"=>\"tower\"" }, "geometry": { "type": "Point", "coordinates": [ 9.4057829, 45.7170308 ] } },
{ "type": "Feature", "properties": { "osm_id": "1843879527", "name": null, "barrier": null, "highway": "stop", "ref": null, "address": null, "is_in": null, "place": null, "man_made": null, "other_tags": "\"direction\"=>\"forward\"" }, "geometry": { "type": "Point", "coordinates": [ 9.3642552, 45.7365256 ] } },
{ "type": "Feature", "properties": { "osm_id": "1843879546", "name": null, "barrier": null, "highway": "crossing", "ref": null, "address": null, "is_in": null, "place": null, "man_made": null, "other_tags": "\"crossing:island\"=>\"no\",\"crossing:signals\"=>\"no\"" }, "geometry": { "type": "Point", "coordinates": [ 9.3643777, 45.7366681 ] } },
{ "type": "Feature", "properties": { "osm_id": "1844118829", "name": null, "barrier": "lift_gate", "highway": null, "ref": null, "address": null, "is_in": null, "place": null, "man_made": null, "other_tags": "\"bicycle\"=>\"yes\",\"foot\"=>\"yes\"" }, "geometry": { "type": "Point", "coordinates": [ 9.3920402, 45.7276189 ] } },
{ "type": "Feature", "properties": { "osm_id": "1844118934", "name": null, "barrier": null, "highway": null, "ref": null, "address": null, "is_in": null, "place": null, "man_made": null, "other_tags": "\"direction\"=>\"forward\",\"traffic_sign\"=>\"stop\"" }, "geometry": { "type": "Point", "coordinates": [ 9.3828128, 45.7291509 ] } },
{ "type": "Feature", "properties": { "osm_id": "1844119546", "name": null, "barrier": null, "highway": "crossing", "ref": null, "address": null, "is_in": null, "place": null, "man_made": null, "other_tags": "\"crossing\"=>\"uncontrolled\",\"tactile_paving\"=>\"no\"" }, "geometry": { "type": "Point", "coordinates": [ 9.3751177, 45.7371524 ] } },
{ "type": "Feature", "properties": { "osm_id": "1845000209", "name": null, "barrier": null, "highway": "give_way", "ref": null, "address": null, "is_in": null, "place": null, "man_made": null, "other_tags": "\"direction\"=>\"forward\"" }, "geometry": { "type": "Point", "coordinates": [ 9.3822745, 45.7348456 ] } },
{ "type": "Feature", "properties": { "osm_id": "1845000453", "name": null, "barrier": null, "highway": "crossing", "ref": null, "address": null, "is_in": null, "place": null, "man_made": null, "other_tags": "\"crossing:signals\"=>\"no\"" }, "geometry": { "type": "Point", "coordinates": [ 9.3769893, 45.7362628 ] } },
{ "type": "Feature", "properties": { "osm_id": "1845000468", "name": null, "barrier": null, "highway": null, "ref": null, "address": null, "is_in": null, "place": null, "man_made": null, "other_tags": "\"traffic_calming\"=>\"island\"" }, "geometry": { "type": "Point", "coordinates": [ 9.3769494, 45.7364231 ] } },
{ "type": "Feature", "properties": { "osm_id": "1845000507", "name": null, "barrier": null, "highway": "crossing", "ref": null, "address": null, "is_in": null, "place": null, "man_made": null, "other_tags": "\"crossing\"=>\"uncontrolled\"" }, "geometry": { "type": "Point", "coordinates": [ 9.3767204, 45.7367053 ] } },
{ "type": "Feature", "properties": { "osm_id": "1845027216", "name": null, "barrier": null, "highway": null, "ref": null, "address": null, "is_in": null, "place": null, "man_made": null, "other_tags": "\"traffic_calming\"=>\"island\"" }, "geometry": { "type": "Point", "coordinates": [ 9.3907639, 45.7310808 ] } },
{ "type": "Feature", "properties": { "osm_id": "1847848087", "name": "Olgiate Molgora FS - Piazza Repubblica", "barrier": null, "highway": "bus_stop", "ref": "300407", "address": null, "is_in": null, "place": null, "man_made": null, "other_tags": "\"bus\"=>\"yes\",\"network\"=>\"Merate e dintorni\",\"operator\"=>\"Arriva Italia\",\"public_transport\"=>\"stop_position\"" }, "geometry": { "type": "Point", "coordinates": [ 9.4043941, 45.7291359 ] } },
{ "type": "Feature", "properties": { "osm_id": "1955683443", "name": null, "barrier": null, "highway": "crossing", "ref": null, "address": null, "is_in": null, "place": null, "man_made": null, "other_tags": null }, "geometry": { "type": "Point", "coordinates": [ 9.4542689, 45.7564429 ] } },
{ "type": "Feature", "properties": { "osm_id": "1955683448", "name": null, "barrier": null, "highway": "give_way", "ref": null, "address": null, "is_in": null, "place": null, "man_made": null, "other_tags": null }, "geometry": { "type": "Point", "coordinates": [ 9.4543327, 45.7566451 ] } },
{ "type": "Feature", "properties": { "osm_id": "1955683452", "name": null, "barrier": null, "highway": "crossing", "ref": null, "address": null, "is_in": null, "place": null, "man_made": null, "other_tags": "\"crossing\"=>\"uncontrolled\",\"crossing_ref\"=>\"zebra\",\"tactile_paving\"=>\"no\",\"wheelchair\"=>\"yes\"" }, "geometry": { "type": "Point", "coordinates": [ 9.4552058, 45.7566973 ] } },
{ "type": "Feature", "properties": { "osm_id": "1955683495", "name": null, "barrier": null, "highway": "give_way", "ref": null, "address": null, "is_in": null, "place": null, "man_made": null, "other_tags": null }, "geometry": { "type": "Point", "coordinates": [ 9.4541869, 45.7570828 ] } },
{ "type": "Feature", "properties": { "osm_id": "1955683497", "name": null, "barrier": null, "highway": null, "ref": null, "address": null, "is_in": null, "place": null, "man_made": null, "other_tags": "\"direction\"=>\"forward\",\"maxspeed\"=>\"50\",\"traffic_sign\"=>\"maxspeed\"" }, "geometry": { "type": "Point", "coordinates": [ 9.4542833, 45.7571499 ] } },
{ "type": "Feature", "properties": { "osm_id": "2002249103", "name": null, "barrier": null, "highway": "stop", "ref": null, "address": null, "is_in": null, "place": null, "man_made": null, "other_tags": null }, "geometry": { "type": "Point", "coordinates": [ 9.4544649, 45.7410568 ] } },
{ "type": "Feature", "properties": { "osm_id": "2002249132", "name": null, "barrier": null, "highway": "crossing", "ref": null, "address": null, "is_in": null, "place": null, "man_made": null, "other_tags": null }, "geometry": { "type": "Point", "coordinates": [ 9.4551883, 45.7414518 ] } },
{ "type": "Feature", "properties": { "osm_id": "2043527273", "name": null, "barrier": null, "highway": "crossing", "ref": null, "address": null, "is_in": null, "place": null, "man_made": null, "other_tags": "\"crossing\"=>\"uncontrolled\"" }, "geometry": { "type": "Point", "coordinates": [ 9.3767787, 45.7367619 ] } },
{ "type": "Feature", "properties": { "osm_id": "2043527292", "name": null, "barrier": null, "highway": "crossing", "ref": null, "address": null, "is_in": null, "place": null, "man_made": null, "other_tags": "\"crossing\"=>\"marked\",\"crossing:markings\"=>\"yes\",\"tactile_paving\"=>\"no\"" }, "geometry": { "type": "Point", "coordinates": [ 9.3751674, 45.7372076 ] } },
{ "type": "Feature", "properties": { "osm_id": "2043527327", "name": null, "barrier": null, "highway": null, "ref": null, "address": null, "is_in": null, "place": null, "man_made": null, "other_tags": "\"traffic_calming\"=>\"island\"" }, "geometry": { "type": "Point", "coordinates": [ 9.3700044, 45.7373091 ] } },
{ "type": "Feature", "properties": { "osm_id": "2043527869", "name": null, "barrier": null, "highway": "crossing", "ref": null, "address": null, "is_in": null, "place": null, "man_made": null, "other_tags": "\"crossing:markings\"=>\"yes\",\"crossing:signals\"=>\"no\",\"kerb\"=>\"no\",\"tactile_paving\"=>\"no\"" }, "geometry": { "type": "Point", "coordinates": [ 9.365555, 45.7390285 ] } },
{ "type": "Feature", "properties": { "osm_id": "2044698434", "name": null, "barrier": null, "highway": "stop", "ref": null, "address": null, "is_in": null, "place": null, "man_made": null, "other_tags": "\"direction\"=>\"backward\"" }, "geometry": { "type": "Point", "coordinates": [ 9.3882779, 45.738104 ] } },
{ "type": "Feature", "properties": { "osm_id": "2044699109", "name": null, "barrier": null, "highway": "stop", "ref": null, "address": null, "is_in": null, "place": null, "man_made": null, "other_tags": "\"direction\"=>\"forward\"" }, "geometry": { "type": "Point", "coordinates": [ 9.3882189, 45.7513999 ] } },
{ "type": "Feature", "properties": { "osm_id": "2045915726", "name": null, "barrier": null, "highway": "stop", "ref": null, "address": null, "is_in": null, "place": null, "man_made": null, "other_tags": "\"direction\"=>\"backward\"" }, "geometry": { "type": "Point", "coordinates": [ 9.3881099, 45.7414667 ] } },
{ "type": "Feature", "properties": { "osm_id": "2046066551", "name": null, "barrier": null, "highway": null, "ref": null, "address": null, "is_in": null, "place": null, "man_made": null, "other_tags": "\"power\"=>\"tower\"" }, "geometry": { "type": "Point", "coordinates": [ 9.3574109, 45.7534545 ] } },
{ "type": "Feature", "properties": { "osm_id": "2046067557", "name": null, "barrier": null, "highway": null, "ref": null, "address": null, "is_in": null, "place": null, "man_made": null, "other_tags": "\"power\"=>\"tower\"" }, "geometry": { "type": "Point", "coordinates": [ 9.3722142, 45.7575106 ] } },
{ "type": "Feature", "properties": { "osm_id": "2046132409", "name": "Da Giuseppe", "barrier": null, "highway": null, "ref": null, "address": null, "is_in": null, "place": null, "man_made": null, "other_tags": "\"amenity\"=>\"restaurant\",\"cuisine\"=>\"italian\",\"delivery\"=>\"no\",\"takeaway\"=>\"yes\"" }, "geometry": { "type": "Point", "coordinates": [ 9.3623269, 45.7592775 ] } },
{ "type": "Feature", "properties": { "osm_id": "2047856557", "name": null, "barrier": "chain", "highway": null, "ref": null, "address": null, "is_in": null, "place": null, "man_made": null, "other_tags": "\"access\"=>\"yes\",\"motor_vehicle\"=>\"no\"" }, "geometry": { "type": "Point", "coordinates": [ 9.3933551, 45.7587366 ] } },
{ "type": "Feature", "properties": { "osm_id": "2048019358", "name": null, "barrier": null, "highway": "give_way", "ref": null, "address": null, "is_in": null, "place": null, "man_made": null, "other_tags": "\"direction\"=>\"forward\"" }, "geometry": { "type": "Point", "coordinates": [ 9.3961512, 45.7303913 ] } },
{ "type": "Feature", "properties": { "osm_id": "2099680511", "name": null, "barrier": "swing_gate", "highway": null, "ref": null, "address": null, "is_in": null, "place": null, "man_made": null, "other_tags": "\"access\"=>\"no\"" }, "geometry": { "type": "Point", "coordinates": [ 9.3924576, 45.7541297 ] } },
{ "type": "Feature", "properties": { "osm_id": "2101402480", "name": "Casternago", "barrier": null, "highway": null, "ref": null, "address": null, "is_in": null, "place": "hamlet", "man_made": null, "other_tags": null }, "geometry": { "type": "Point", "coordinates": [ 9.3898515, 45.730683 ] } },
{ "type": "Feature", "properties": { "osm_id": "2101402495", "name": "Cereda", "barrier": null, "highway": null, "ref": null, "address": null, "is_in": null, "place": "hamlet", "man_made": null, "other_tags": "\"wikidata\"=>\"Q18488962\",\"wikipedia\"=>\"it:Cereda (Perego)\"" }, "geometry": { "type": "Point", "coordinates": [ 9.369536, 45.7303285 ] } },
{ "type": "Feature", "properties": { "osm_id": "2101402496", "name": "Crescenzaga", "barrier": null, "highway": null, "ref": null, "address": null, "is_in": null, "place": "village", "man_made": null, "other_tags": null }, "geometry": { "type": "Point", "coordinates": [ 9.3723062, 45.7333404 ] } },
{ "type": "Feature", "properties": { "osm_id": "2101402497", "name": "Sara", "barrier": null, "highway": null, "ref": null, "address": null, "is_in": null, "place": "village", "man_made": null, "other_tags": "\"wikidata\"=>\"Q18489272\"" }, "geometry": { "type": "Point", "coordinates": [ 9.3790469, 45.7294421 ] } },
{ "type": "Feature", "properties": { "osm_id": "2101450217", "name": "Biscioia", "barrier": null, "highway": null, "ref": null, "address": null, "is_in": null, "place": "hamlet", "man_made": null, "other_tags": null }, "geometry": { "type": "Point", "coordinates": [ 9.3572487, 45.7411407 ] } },
{ "type": "Feature", "properties": { "osm_id": "2101450222", "name": "Bruggione", "barrier": null, "highway": null, "ref": null, "address": null, "is_in": null, "place": "hamlet", "man_made": null, "other_tags": "\"wikidata\"=>\"Q18488891\"" }, "geometry": { "type": "Point", "coordinates": [ 9.3979405, 45.7356141 ] } },
{ "type": "Feature", "properties": { "osm_id": "2101450231", "name": "Cascinette Nere", "barrier": null, "highway": null, "ref": null, "address": null, "is_in": null, "place": "hamlet", "man_made": null, "other_tags": "\"wikidata\"=>\"Q18488951\"" }, "geometry": { "type": "Point", "coordinates": [ 9.3592905, 45.7476942 ] } },
{ "type": "Feature", "properties": { "osm_id": "2101450267", "name": "Monticello", "barrier": null, "highway": null, "ref": null, "address": null, "is_in": null, "place": "hamlet", "man_made": null, "other_tags": null }, "geometry": { "type": "Point", "coordinates": [ 9.3920896, 45.7346613 ] } },
{ "type": "Feature", "properties": { "osm_id": "2101450270", "name": "Prestabbio", "barrier": null, "highway": null, "ref": null, "address": null, "is_in": null, "place": "hamlet", "man_made": null, "other_tags": null }, "geometry": { "type": "Point", "coordinates": [ 9.3623717, 45.7460392 ] } },
{ "type": "Feature", "properties": { "osm_id": "2101450272", "name": "Sancina", "barrier": null, "highway": null, "ref": null, "address": null, "is_in": null, "place": "hamlet", "man_made": null, "other_tags": "\"wikidata\"=>\"Q18489266\"" }, "geometry": { "type": "Point", "coordinates": [ 9.3873835, 45.743116 ] } },
{ "type": "Feature", "properties": { "osm_id": "2101450275", "name": "Tre Strade", "barrier": null, "highway": null, "ref": null, "address": null, "is_in": null, "place": "hamlet", "man_made": null, "other_tags": null }, "geometry": { "type": "Point", "coordinates": [ 9.3909277, 45.7390117 ] } },
{ "type": "Feature", "properties": { "osm_id": "2205292238", "name": "Spiazzo", "barrier": null, "highway": null, "ref": null, "address": null, "is_in": null, "place": "hamlet", "man_made": null, "other_tags": null }, "geometry": { "type": "Point", "coordinates": [ 9.3843226, 45.7195342 ] } },
{ "type": "Feature", "properties": { "osm_id": "2205292419", "name": null, "barrier": null, "highway": null, "ref": null, "address": null, "is_in": null, "place": null, "man_made": null, "other_tags": "\"entrance\"=>\"yes\"" }, "geometry": { "type": "Point", "coordinates": [ 9.3827211, 45.7206255 ] } },
{ "type": "Feature", "properties": { "osm_id": "2267174921", "name": null, "barrier": null, "highway": null, "ref": null, "address": null, "is_in": null, "place": null, "man_made": "water_tap", "other_tags": "\"access\"=>\"yes\",\"amenity\"=>\"drinking_water\",\"fee\"=>\"no\"" }, "geometry": { "type": "Point", "coordinates": [ 9.4493786, 45.7418989 ] } },
{ "type": "Feature", "properties": { "osm_id": "2291321774", "name": null, "barrier": null, "highway": null, "ref": null, "address": null, "is_in": null, "place": null, "man_made": null, "other_tags": "\"access\"=>\"yes\",\"leisure\"=>\"playground\"" }, "geometry": { "type": "Point", "coordinates": [ 9.3636229, 45.7364589 ] } },
{ "type": "Feature", "properties": { "osm_id": "2291321775", "name": null, "barrier": null, "highway": "stop", "ref": null, "address": null, "is_in": null, "place": null, "man_made": null, "other_tags": "\"direction\"=>\"backward\"" }, "geometry": { "type": "Point", "coordinates": [ 9.3643392, 45.7366138 ] } },
{ "type": "Feature", "properties": { "osm_id": "2291321776", "name": null, "barrier": null, "highway": "crossing", "ref": null, "address": null, "is_in": null, "place": null, "man_made": null, "other_tags": "\"crossing:island\"=>\"no\",\"crossing:signals\"=>\"no\",\"kerb\"=>\"raised\",\"tactile_paving\"=>\"no\"" }, "geometry": { "type": "Point", "coordinates": [ 9.3641276, 45.7366223 ] } },
{ "type": "Feature", "properties": { "osm_id": "2291321777", "name": null, "barrier": null, "highway": "stop", "ref": null, "address": null, "is_in": null, "place": null, "man_made": null, "other_tags": "\"direction\"=>\"backward\"" }, "geometry": { "type": "Point", "coordinates": [ 9.3630415, 45.7369097 ] } },
{ "type": "Feature", "properties": { "osm_id": "2291321778", "name": null, "barrier": "bollard", "highway": null, "ref": null, "address": null, "is_in": null, "place": null, "man_made": null, "other_tags": "\"bicycle\"=>\"yes\",\"foot\"=>\"yes\"" }, "geometry": { "type": "Point", "coordinates": [ 9.3612388, 45.7377363 ] } },
{ "type": "Feature", "properties": { "osm_id": "2291321781", "name": null, "barrier": "cycle_barrier", "highway": null, "ref": null, "address": null, "is_in": null, "place": null, "man_made": null, "other_tags": "\"bicycle\"=>\"yes\",\"cycle_barrier\"=>\"double\",\"cycle_barrier:installation\"=>\"fixed\",\"foot\"=>\"yes\"" }, "geometry": { "type": "Point", "coordinates": [ 9.3637353, 45.7382034 ] } },
{ "type": "Feature", "properties": { "osm_id": "2291321792", "name": null, "barrier": "bollard", "highway": null, "ref": null, "address": null, "is_in": null, "place": null, "man_made": null, "other_tags": "\"bicycle\"=>\"yes\",\"bollard\"=>\"fixed\",\"foot\"=>\"yes\"" }, "geometry": { "type": "Point", "coordinates": [ 9.363934, 45.738498 ] } },
{ "type": "Feature", "properties": { "osm_id": "2291321795", "name": null, "barrier": null, "highway": "stop", "ref": null, "address": null, "is_in": null, "place": null, "man_made": null, "other_tags": "\"direction\"=>\"backward\"" }, "geometry": { "type": "Point", "coordinates": [ 9.3678318, 45.7385197 ] } },
{ "type": "Feature", "properties": { "osm_id": "2291321817", "name": null, "barrier": null, "highway": null, "ref": null, "address": null, "is_in": null, "place": null, "man_made": null, "other_tags": "\"traffic_calming\"=>\"island\"" }, "geometry": { "type": "Point", "coordinates": [ 9.3607355, 45.7389798 ] } },
{ "type": "Feature", "properties": { "osm_id": "2291321820", "name": null, "barrier": null, "highway": null, "ref": null, "address": null, "is_in": null, "place": null, "man_made": null, "other_tags": "\"traffic_calming\"=>\"island\"" }, "geometry": { "type": "Point", "coordinates": [ 9.3608697, 45.7391592 ] } },
{ "type": "Feature", "properties": { "osm_id": "2291321825", "name": null, "barrier": "bollard", "highway": null, "ref": null, "address": null, "is_in": null, "place": null, "man_made": null, "other_tags": "\"bicycle\"=>\"yes\",\"foot\"=>\"yes\"" }, "geometry": { "type": "Point", "coordinates": [ 9.3614008, 45.7399259 ] } },
{ "type": "Feature", "properties": { "osm_id": "2291321828", "name": null, "barrier": null, "highway": "stop", "ref": null, "address": null, "is_in": null, "place": null, "man_made": null, "other_tags": "\"direction\"=>\"forward\"" }, "geometry": { "type": "Point", "coordinates": [ 9.3634975, 45.7400922 ] } },
{ "type": "Feature", "properties": { "osm_id": "2291321829", "name": null, "barrier": null, "highway": null, "ref": null, "address": null, "is_in": null, "place": null, "man_made": null, "other_tags": "\"traffic_calming\"=>\"island\"" }, "geometry": { "type": "Point", "coordinates": [ 9.363483, 45.7401138 ] } },
{ "type": "Feature", "properties": { "osm_id": "2291518021", "name": null, "barrier": null, "highway": "stop", "ref": null, "address": null, "is_in": null, "place": null, "man_made": null, "other_tags": "\"direction\"=>\"backward\"" }, "geometry": { "type": "Point", "coordinates": [ 9.3701542, 45.7359888 ] } },
{ "type": "Feature", "properties": { "osm_id": "2291518051", "name": null, "barrier": null, "highway": null, "ref": null, "address": null, "is_in": null, "place": null, "man_made": null, "other_tags": "\"traffic_calming\"=>\"island\"" }, "geometry": { "type": "Point", "coordinates": [ 9.3747192, 45.7372123 ] } },
{ "type": "Feature", "properties": { "osm_id": "2291518059", "name": null, "barrier": "cycle_barrier", "highway": null, "ref": null, "address": null, "is_in": null, "place": null, "man_made": null, "other_tags": "\"bicycle\"=>\"dismount\",\"cycle_barrier\"=>\"double\",\"cycle_barrier:installation\"=>\"fixed\",\"foot\"=>\"yes\"" }, "geometry": { "type": "Point", "coordinates": [ 9.37188, 45.7372415 ] } },
{ "type": "Feature", "properties": { "osm_id": "2291518086", "name": null, "barrier": null, "highway": null, "ref": null, "address": null, "is_in": null, "place": null, "man_made": null, "other_tags": "\"traffic_calming\"=>\"island\"" }, "geometry": { "type": "Point", "coordinates": [ 9.3747833, 45.7373982 ] } },
{ "type": "Feature", "properties": { "osm_id": "2291566620", "name": null, "barrier": null, "highway": "stop", "ref": null, "address": null, "is_in": null, "place": null, "man_made": null, "other_tags": "\"direction\"=>\"backward\"" }, "geometry": { "type": "Point", "coordinates": [ 9.4081671, 45.7235239 ] } },
{ "type": "Feature", "properties": { "osm_id": "2291566627", "name": null, "barrier": null, "highway": "stop", "ref": null, "address": null, "is_in": null, "place": null, "man_made": null, "other_tags": "\"direction\"=>\"backward\"" }, "geometry": { "type": "Point", "coordinates": [ 9.4079051, 45.7236299 ] } },
{ "type": "Feature", "properties": { "osm_id": "2291566632", "name": null, "barrier": null, "highway": "give_way", "ref": null, "address": null, "is_in": null, "place": null, "man_made": null, "other_tags": "\"direction\"=>\"backward\"" }, "geometry": { "type": "Point", "coordinates": [ 9.4105736, 45.7239047 ] } },
{ "type": "Feature", "properties": { "osm_id": "2291566647", "name": null, "barrier": null, "highway": "give_way", "ref": null, "address": null, "is_in": null, "place": null, "man_made": null, "other_tags": "\"direction\"=>\"backward\"" }, "geometry": { "type": "Point", "coordinates": [ 9.4107676, 45.7249278 ] } },
{ "type": "Feature", "properties": { "osm_id": "2291566656", "name": null, "barrier": null, "highway": "crossing", "ref": null, "address": null, "is_in": null, "place": null, "man_made": null, "other_tags": "\"crossing\"=>\"uncontrolled\"" }, "geometry": { "type": "Point", "coordinates": [ 9.4105788, 45.7249937 ] } },
{ "type": "Feature", "properties": { "osm_id": "2291566660", "name": null, "barrier": null, "highway": "give_way", "ref": null, "address": null, "is_in": null, "place": null, "man_made": null, "other_tags": "\"direction\"=>\"forward\"" }, "geometry": { "type": "Point", "coordinates": [ 9.4095678, 45.7250383 ] } },
{ "type": "Feature", "properties": { "osm_id": "2291566665", "name": null, "barrier": null, "highway": "stop", "ref": null, "address": null, "is_in": null, "place": null, "man_made": null, "other_tags": "\"direction\"=>\"forward\"" }, "geometry": { "type": "Point", "coordinates": [ 9.4045959, 45.7253263 ] } },
{ "type": "Feature", "properties": { "osm_id": "2291566675", "name": null, "barrier": null, "highway": "stop", "ref": null, "address": null, "is_in": null, "place": null, "man_made": null, "other_tags": "\"direction\"=>\"backward\"" }, "geometry": { "type": "Point", "coordinates": [ 9.4023819, 45.7276695 ] } },
{ "type": "Feature", "properties": { "osm_id": "2291566677", "name": null, "barrier": null, "highway": "stop", "ref": null, "address": null, "is_in": null, "place": null, "man_made": null, "other_tags": "\"direction\"=>\"forward\"" }, "geometry": { "type": "Point", "coordinates": [ 9.3994518, 45.727806 ] } },
{ "type": "Feature", "properties": { "osm_id": "2291566682", "name": null, "barrier": null, "highway": "give_way", "ref": null, "address": null, "is_in": null, "place": null, "man_made": null, "other_tags": "\"direction\"=>\"backward\"" }, "geometry": { "type": "Point", "coordinates": [ 9.3995059, 45.7280154 ] } },
{ "type": "Feature", "properties": { "osm_id": "2291566701", "name": null, "barrier": null, "highway": "stop", "ref": null, "address": null, "is_in": null, "place": null, "man_made": null, "other_tags": "\"direction\"=>\"forward\"" }, "geometry": { "type": "Point", "coordinates": [ 9.3969962, 45.7303332 ] } },
{ "type": "Feature", "properties": { "osm_id": "2291566704", "name": null, "barrier": null, "highway": null, "ref": null, "address": null, "is_in": null, "place": null, "man_made": null, "other_tags": "\"traffic_calming\"=>\"island\"" }, "geometry": { "type": "Point", "coordinates": [ 9.3970143, 45.73036 ] } },
{ "type": "Feature", "properties": { "osm_id": "2291566736", "name": null, "barrier": null, "highway": null, "ref": null, "address": null, "is_in": null, "place": null, "man_made": null, "other_tags": "\"traffic_calming\"=>\"island\"" }, "geometry": { "type": "Point", "coordinates": [ 9.3907536, 45.7313663 ] } },
{ "type": "Feature", "properties": { "osm_id": "2291566759", "name": null, "barrier": null, "highway": "crossing", "ref": null, "address": null, "is_in": null, "place": null, "man_made": null, "other_tags": "\"crossing\"=>\"uncontrolled\"" }, "geometry": { "type": "Point", "coordinates": [ 9.3823684, 45.734853 ] } },
{ "type": "Feature", "properties": { "osm_id": "2291587413", "name": null, "barrier": null, "highway": "stop", "ref": null, "address": null, "is_in": null, "place": null, "man_made": null, "other_tags": "\"direction\"=>\"forward\"" }, "geometry": { "type": "Point", "coordinates": [ 9.4058687, 45.726145 ] } },
{ "type": "Feature", "properties": { "osm_id": "2291587416", "name": null, "barrier": null, "highway": "crossing", "ref": null, "address": null, "is_in": null, "place": null, "man_made": null, "other_tags": null }, "geometry": { "type": "Point", "coordinates": [ 9.4057601, 45.7262107 ] } },
{ "type": "Feature", "properties": { "osm_id": "2291616285", "name": null, "barrier": null, "highway": "stop", "ref": null, "address": null, "is_in": null, "place": null, "man_made": null, "other_tags": "\"direction\"=>\"forward\"" }, "geometry": { "type": "Point", "coordinates": [ 9.4172315, 45.7246497 ] } },
{ "type": "Feature", "properties": { "osm_id": "2291616286", "name": null, "barrier": null, "highway": "crossing", "ref": null, "address": null, "is_in": null, "place": null, "man_made": null, "other_tags": "\"crossing\"=>\"uncontrolled\",\"tactile_paving\"=>\"no\"" }, "geometry": { "type": "Point", "coordinates": [ 9.4159293, 45.7246816 ] } },
{ "type": "Feature", "properties": { "osm_id": "2291616308", "name": null, "barrier": null, "highway": "crossing", "ref": null, "address": null, "is_in": null, "place": null, "man_made": null, "other_tags": "\"crossing\"=>\"uncontrolled\"" }, "geometry": { "type": "Point", "coordinates": [ 9.4153956, 45.7249334 ] } },
{ "type": "Feature", "properties": { "osm_id": "2291616325", "name": null, "barrier": null, "highway": "crossing", "ref": null, "address": null, "is_in": null, "place": null, "man_made": null, "other_tags": "\"crossing\"=>\"uncontrolled\",\"crossing:island\"=>\"yes\"" }, "geometry": { "type": "Point", "coordinates": [ 9.4133558, 45.7250064 ] } },
{ "type": "Feature", "properties": { "osm_id": "2291616335", "name": null, "barrier": null, "highway": "give_way", "ref": null, "address": null, "is_in": null, "place": null, "man_made": null, "other_tags": "\"direction\"=>\"forward\"" }, "geometry": { "type": "Point", "coordinates": [ 9.4127742, 45.7250711 ] } },
{ "type": "Feature", "properties": { "osm_id": "2291616340", "name": null, "barrier": null, "highway": "traffic_signals", "ref": null, "address": null, "is_in": null, "place": null, "man_made": null, "other_tags": null }, "geometry": { "type": "Point", "coordinates": [ 9.4205728, 45.7260499 ] } },
{ "type": "Feature", "properties": { "osm_id": "2291616343", "name": null, "barrier": null, "highway": "stop", "ref": null, "address": null, "is_in": null, "place": null, "man_made": null, "other_tags": "\"direction\"=>\"backward\"" }, "geometry": { "type": "Point", "coordinates": [ 9.4189785, 45.726075 ] } },
{ "type": "Feature", "properties": { "osm_id": "2291616360", "name": null, "barrier": null, "highway": "stop", "ref": null, "address": null, "is_in": null, "place": null, "man_made": null, "other_tags": null }, "geometry": { "type": "Point", "coordinates": [ 9.4127775, 45.7262404 ] } },
{ "type": "Feature", "properties": { "osm_id": "2291616368", "name": null, "barrier": null, "highway": "stop", "ref": null, "address": null, "is_in": null, "place": null, "man_made": null, "other_tags": "\"direction\"=>\"backward\"" }, "geometry": { "type": "Point", "coordinates": [ 9.4124783, 45.7263398 ] } },
{ "type": "Feature", "properties": { "osm_id": "2291616370", "name": null, "barrier": null, "highway": "crossing", "ref": null, "address": null, "is_in": null, "place": null, "man_made": null, "other_tags": null }, "geometry": { "type": "Point", "coordinates": [ 9.4193365, 45.7263455 ] } },
{ "type": "Feature", "properties": { "osm_id": "2291616375", "name": null, "barrier": null, "highway": "give_way", "ref": null, "address": null, "is_in": null, "place": null, "man_made": null, "other_tags": "\"direction\"=>\"backward\"" }, "geometry": { "type": "Point", "coordinates": [ 9.4196312, 45.7267125 ] } },
{ "type": "Feature", "properties": { "osm_id": "2291616376", "name": null, "barrier": null, "highway": "stop", "ref": null, "address": null, "is_in": null, "place": null, "man_made": null, "other_tags": "\"direction\"=>\"forward\"" }, "geometry": { "type": "Point", "coordinates": [ 9.4197994, 45.7267314 ] } },
{ "type": "Feature", "properties": { "osm_id": "2298360423", "name": null, "barrier": null, "highway": "crossing", "ref": null, "address": null, "is_in": null, "place": null, "man_made": null, "other_tags": null }, "geometry": { "type": "Point", "coordinates": [ 9.4181389, 45.7146623 ] } },
{ "type": "Feature", "properties": { "osm_id": "2308889154", "name": null, "barrier": null, "highway": null, "ref": null, "address": null, "is_in": null, "place": null, "man_made": null, "other_tags": "\"power\"=>\"tower\"" }, "geometry": { "type": "Point", "coordinates": [ 9.3988725, 45.7109576 ] } },
{ "type": "Feature", "properties": { "osm_id": "2308889165", "name": null, "barrier": null, "highway": null, "ref": null, "address": null, "is_in": null, "place": null, "man_made": null, "other_tags": "\"power\"=>\"tower\"" }, "geometry": { "type": "Point", "coordinates": [ 9.3993101, 45.7119855 ] } },
{ "type": "Feature", "properties": { "osm_id": "2308889166", "name": null, "barrier": null, "highway": null, "ref": null, "address": null, "is_in": null, "place": null, "man_made": null, "other_tags": "\"power\"=>\"tower\"" }, "geometry": { "type": "Point", "coordinates": [ 9.3997908, 45.7126491 ] } },
{ "type": "Feature", "properties": { "osm_id": "2308889174", "name": null, "barrier": null, "highway": null, "ref": null, "address": null, "is_in": null, "place": null, "man_made": null, "other_tags": "\"power\"=>\"tower\"" }, "geometry": { "type": "Point", "coordinates": [ 9.4011185, 45.7141825 ] } },
{ "type": "Feature", "properties": { "osm_id": "2308889180", "name": null, "barrier": null, "highway": null, "ref": null, "address": null, "is_in": null, "place": null, "man_made": null, "other_tags": "\"power\"=>\"tower\"" }, "geometry": { "type": "Point", "coordinates": [ 9.4018447, 45.7159356 ] } },
{ "type": "Feature", "properties": { "osm_id": "2308889181", "name": null, "barrier": null, "highway": null, "ref": null, "address": null, "is_in": null, "place": null, "man_made": null, "other_tags": "\"power\"=>\"tower\"" }, "geometry": { "type": "Point", "coordinates": [ 9.4022246, 45.7180963 ] } },
{ "type": "Feature", "properties": { "osm_id": "2308889182", "name": null, "barrier": null, "highway": null, "ref": null, "address": null, "is_in": null, "place": null, "man_made": null, "other_tags": "\"power\"=>\"tower\"" }, "geometry": { "type": "Point", "coordinates": [ 9.4025821, 45.7204412 ] } },
{ "type": "Feature", "properties": { "osm_id": "2315696926", "name": null, "barrier": "cycle_barrier", "highway": null, "ref": null, "address": null, "is_in": null, "place": null, "man_made": null, "other_tags": "\"bicycle\"=>\"no\",\"foot\"=>\"designated\"" }, "geometry": { "type": "Point", "coordinates": [ 9.4214682, 45.7144393 ] } },
{ "type": "Feature", "properties": { "osm_id": "2315698854", "name": null, "barrier": null, "highway": "crossing", "ref": null, "address": null, "is_in": null, "place": null, "man_made": null, "other_tags": "\"traffic_calming\"=>\"table\"" }, "geometry": { "type": "Point", "coordinates": [ 9.4186189, 45.7148706 ] } },
{ "type": "Feature", "properties": { "osm_id": "2321807490", "name": null, "barrier": null, "highway": "crossing", "ref": null, "address": null, "is_in": null, "place": null, "man_made": null, "other_tags": null }, "geometry": { "type": "Point", "coordinates": [ 9.4413348, 45.7233803 ] } },
{ "type": "Feature", "properties": { "osm_id": "2321807507", "name": null, "barrier": null, "highway": "stop", "ref": null, "address": null, "is_in": null, "place": null, "man_made": null, "other_tags": "\"direction\"=>\"backward\"" }, "geometry": { "type": "Point", "coordinates": [ 9.4409367, 45.723838 ] } },
{ "type": "Feature", "properties": { "osm_id": "2321807512", "name": null, "barrier": null, "highway": "crossing", "ref": null, "address": null, "is_in": null, "place": null, "man_made": null, "other_tags": "\"crossing\"=>\"uncontrolled\"" }, "geometry": { "type": "Point", "coordinates": [ 9.4414622, 45.7240403 ] } },
{ "type": "Feature", "properties": { "osm_id": "2321807538", "name": null, "barrier": null, "highway": "crossing", "ref": null, "address": null, "is_in": null, "place": null, "man_made": null, "other_tags": "\"crossing\"=>\"uncontrolled\"" }, "geometry": { "type": "Point", "coordinates": [ 9.4425616, 45.7243729 ] } },
{ "type": "Feature", "properties": { "osm_id": "2321807582", "name": null, "barrier": null, "highway": "stop", "ref": null, "address": null, "is_in": null, "place": null, "man_made": null, "other_tags": "\"direction\"=>\"backward\"" }, "geometry": { "type": "Point", "coordinates": [ 9.4397983, 45.7251062 ] } },
{ "type": "Feature", "properties": { "osm_id": "2321807772", "name": null, "barrier": null, "highway": "crossing", "ref": null, "address": null, "is_in": null, "place": null, "man_made": null, "other_tags": "\"crossing\"=>\"uncontrolled\"" }, "geometry": { "type": "Point", "coordinates": [ 9.4272911, 45.7345153 ] } },
{ "type": "Feature", "properties": { "osm_id": "2321807821", "name": null, "barrier": null, "highway": "crossing", "ref": null, "address": null, "is_in": null, "place": null, "man_made": null, "other_tags": null }, "geometry": { "type": "Point", "coordinates": [ 9.4219569, 45.7358699 ] } },
{ "type": "Feature", "properties": { "osm_id": "2321807851", "name": null, "barrier": null, "highway": "crossing", "ref": null, "address": null, "is_in": null, "place": null, "man_made": null, "other_tags": null }, "geometry": { "type": "Point", "coordinates": [ 9.4197902, 45.7367249 ] } },
{ "type": "Feature", "properties": { "osm_id": "2321807852", "name": null, "barrier": null, "highway": "crossing", "ref": null, "address": null, "is_in": null, "place": null, "man_made": null, "other_tags": null }, "geometry": { "type": "Point", "coordinates": [ 9.4285022, 45.736875 ] } },
{ "type": "Feature", "properties": { "osm_id": "2321879766", "name": null, "barrier": null, "highway": "crossing", "ref": null, "address": null, "is_in": null, "place": null, "man_made": null, "other_tags": "\"crossing\"=>\"uncontrolled\"" }, "geometry": { "type": "Point", "coordinates": [ 9.4272816, 45.7344235 ] } },
{ "type": "Feature", "properties": { "osm_id": "2321879767", "name": null, "barrier": null, "highway": "crossing", "ref": null, "address": null, "is_in": null, "place": null, "man_made": null, "other_tags": "\"crossing\"=>\"uncontrolled\"" }, "geometry": { "type": "Point", "coordinates": [ 9.4267034, 45.7344794 ] } },
{ "type": "Feature", "properties": { "osm_id": "2321879768", "name": null, "barrier": null, "highway": "crossing", "ref": null, "address": null, "is_in": null, "place": null, "man_made": null, "other_tags": null }, "geometry": { "type": "Point", "coordinates": [ 9.4267301, 45.7345564 ] } },
{ "type": "Feature", "properties": { "osm_id": "2321918245", "name": null, "barrier": null, "highway": "crossing", "ref": null, "address": null, "is_in": null, "place": null, "man_made": null, "other_tags": null }, "geometry": { "type": "Point", "coordinates": [ 9.4108473, 45.7229922 ] } },
{ "type": "Feature", "properties": { "osm_id": "2321918759", "name": null, "barrier": null, "highway": "mini_roundabout", "ref": null, "address": null, "is_in": null, "place": null, "man_made": null, "other_tags": null }, "geometry": { "type": "Point", "coordinates": [ 9.4109293, 45.7353663 ] } },
{ "type": "Feature", "properties": { "osm_id": "2321918775", "name": null, "barrier": null, "highway": "crossing", "ref": null, "address": null, "is_in": null, "place": null, "man_made": null, "other_tags": null }, "geometry": { "type": "Point", "coordinates": [ 9.4055815, 45.7355957 ] } },
{ "type": "Feature", "properties": { "osm_id": "2321918782", "name": null, "barrier": null, "highway": "crossing", "ref": null, "address": null, "is_in": null, "place": null, "man_made": null, "other_tags": null }, "geometry": { "type": "Point", "coordinates": [ 9.4105847, 45.7357603 ] } },
{ "type": "Feature", "properties": { "osm_id": "2321918786", "name": null, "barrier": null, "highway": "crossing", "ref": null, "address": null, "is_in": null, "place": null, "man_made": null, "other_tags": null }, "geometry": { "type": "Point", "coordinates": [ 9.4106525, 45.7358779 ] } },
{ "type": "Feature", "properties": { "osm_id": "2321918787", "name": null, "barrier": null, "highway": "crossing", "ref": null, "address": null, "is_in": null, "place": null, "man_made": null, "other_tags": null }, "geometry": { "type": "Point", "coordinates": [ 9.4102553, 45.7359153 ] } },
{ "type": "Feature", "properties": { "osm_id": "2321918793", "name": null, "barrier": null, "highway": "mini_roundabout", "ref": null, "address": null, "is_in": null, "place": null, "man_made": null, "other_tags": null }, "geometry": { "type": "Point", "coordinates": [ 9.4272019, 45.736131 ] } },
{ "type": "Feature", "properties": { "osm_id": "2321918808", "name": null, "barrier": null, "highway": "stop", "ref": null, "address": null, "is_in": null, "place": null, "man_made": null, "other_tags": "\"direction\"=>\"backward\"" }, "geometry": { "type": "Point", "coordinates": [ 9.4164106, 45.7365439 ] } },
{ "type": "Feature", "properties": { "osm_id": "2321918810", "name": null, "barrier": null, "highway": "stop", "ref": null, "address": null, "is_in": null, "place": null, "man_made": null, "other_tags": "\"direction\"=>\"backward\"" }, "geometry": { "type": "Point", "coordinates": [ 9.4151598, 45.7366088 ] } },
{ "type": "Feature", "properties": { "osm_id": "2321918855", "name": null, "barrier": null, "highway": "mini_roundabout", "ref": null, "address": null, "is_in": null, "place": null, "man_made": null, "other_tags": null }, "geometry": { "type": "Point", "coordinates": [ 9.4226599, 45.7384291 ] } },
{ "type": "Feature", "properties": { "osm_id": "2321919032", "name": null, "barrier": null, "highway": "crossing", "ref": null, "address": null, "is_in": null, "place": null, "man_made": null, "other_tags": null }, "geometry": { "type": "Point", "coordinates": [ 9.4230645, 45.7409473 ] } },
{ "type": "Feature", "properties": { "osm_id": "2321956077", "name": null, "barrier": "gate", "highway": null, "ref": null, "address": null, "is_in": null, "place": null, "man_made": null, "other_tags": "\"noexit\"=>\"yes\"" }, "geometry": { "type": "Point", "coordinates": [ 9.4407945, 45.7362504 ] } },
{ "type": "Feature", "properties": { "osm_id": "2321956213", "name": null, "barrier": "gate", "highway": null, "ref": null, "address": null, "is_in": null, "place": null, "man_made": null, "other_tags": "\"noexit\"=>\"yes\"" }, "geometry": { "type": "Point", "coordinates": [ 9.4446773, 45.7373257 ] } },
{ "type": "Feature", "properties": { "osm_id": "2321956284", "name": null, "barrier": "gate", "highway": null, "ref": null, "address": null, "is_in": null, "place": null, "man_made": null, "other_tags": "\"noexit\"=>\"yes\"" }, "geometry": { "type": "Point", "coordinates": [ 9.4451995, 45.7378571 ] } },
{ "type": "Feature", "properties": { "osm_id": "2321956318", "name": null, "barrier": null, "highway": null, "ref": null, "address": null, "is_in": null, "place": null, "man_made": null, "other_tags": "\"noexit\"=>\"yes\"" }, "geometry": { "type": "Point", "coordinates": [ 9.4381914, 45.7393152 ] } },
{ "type": "Feature", "properties": { "osm_id": "2321956334", "name": null, "barrier": null, "highway": "traffic_signals", "ref": null, "address": null, "is_in": null, "place": null, "man_made": null, "other_tags": "\"traffic_signals\"=>\"signal\",\"traffic_signals:direction\"=>\"both\"" }, "geometry": { "type": "Point", "coordinates": [ 9.4433231, 45.7404884 ] } },
{ "type": "Feature", "properties": { "osm_id": "2321956339", "name": null, "barrier": null, "highway": "traffic_signals", "ref": null, "address": null, "is_in": null, "place": null, "man_made": null, "other_tags": "\"traffic_signals\"=>\"signal\",\"traffic_signals:direction\"=>\"both\"" }, "geometry": { "type": "Point", "coordinates": [ 9.444372, 45.7405312 ] } },
{ "type": "Feature", "properties": { "osm_id": "2321956378", "name": null, "barrier": null, "highway": "traffic_signals", "ref": null, "address": null, "is_in": null, "place": null, "man_made": null, "other_tags": "\"traffic_signals\"=>\"signal\",\"traffic_signals:direction\"=>\"both\"" }, "geometry": { "type": "Point", "coordinates": [ 9.4451111, 45.7408067 ] } },
{ "type": "Feature", "properties": { "osm_id": "2321956457", "name": null, "barrier": "jersey_barrier", "highway": null, "ref": null, "address": null, "is_in": null, "place": null, "man_made": null, "other_tags": null }, "geometry": { "type": "Point", "coordinates": [ 9.4457097, 45.7409445 ] } },
{ "type": "Feature", "properties": { "osm_id": "2321956489", "name": null, "barrier": null, "highway": "crossing", "ref": null, "address": null, "is_in": null, "place": null, "man_made": null, "other_tags": "\"crossing\"=>\"uncontrolled\"" }, "geometry": { "type": "Point", "coordinates": [ 9.4458351, 45.7410215 ] } },
{ "type": "Feature", "properties": { "osm_id": "2321956790", "name": null, "barrier": null, "highway": "crossing", "ref": null, "address": null, "is_in": null, "place": null, "man_made": null, "other_tags": null }, "geometry": { "type": "Point", "coordinates": [ 9.4296971, 45.7519942 ] } },
{ "type": "Feature", "properties": { "osm_id": "2321956820", "name": null, "barrier": null, "highway": "stop", "ref": null, "address": null, "is_in": null, "place": null, "man_made": null, "other_tags": "\"direction\"=>\"forward\"" }, "geometry": { "type": "Point", "coordinates": [ 9.4266494, 45.7528953 ] } },
{ "type": "Feature", "properties": { "osm_id": "2321956828", "name": null, "barrier": null, "highway": "crossing", "ref": null, "address": null, "is_in": null, "place": null, "man_made": null, "other_tags": null }, "geometry": { "type": "Point", "coordinates": [ 9.4265916, 45.7530535 ] } },
{ "type": "Feature", "properties": { "osm_id": "2321956831", "name": null, "barrier": null, "highway": "stop", "ref": null, "address": null, "is_in": null, "place": null, "man_made": null, "other_tags": "\"direction\"=>\"backward\"" }, "geometry": { "type": "Point", "coordinates": [ 9.4299711, 45.7532406 ] } },
{ "type": "Feature", "properties": { "osm_id": "2321956859", "name": null, "barrier": null, "highway": "mini_roundabout", "ref": null, "address": null, "is_in": null, "place": null, "man_made": null, "other_tags": null }, "geometry": { "type": "Point", "coordinates": [ 9.4280528, 45.7535459 ] } },
{ "type": "Feature", "properties": { "osm_id": "2321956861", "name": null, "barrier": null, "highway": "stop", "ref": null, "address": null, "is_in": null, "place": null, "man_made": null, "other_tags": "\"direction\"=>\"backward\"" }, "geometry": { "type": "Point", "coordinates": [ 9.4300053, 45.7535961 ] } },
{ "type": "Feature", "properties": { "osm_id": "2321956880", "name": null, "barrier": null, "highway": "crossing", "ref": null, "address": null, "is_in": null, "place": null, "man_made": null, "other_tags": null }, "geometry": { "type": "Point", "coordinates": [ 9.4282131, 45.7545037 ] } },
{ "type": "Feature", "properties": { "osm_id": "2321956883", "name": null, "barrier": null, "highway": "crossing", "ref": null, "address": null, "is_in": null, "place": null, "man_made": null, "other_tags": null }, "geometry": { "type": "Point", "coordinates": [ 9.4266385, 45.7545656 ] } },
{ "type": "Feature", "properties": { "osm_id": "2321956941", "name": null, "barrier": null, "highway": "crossing", "ref": null, "address": null, "is_in": null, "place": null, "man_made": null, "other_tags": "\"crossing\"=>\"marked\",\"crossing:island\"=>\"no\",\"tactile_paving\"=>\"no\"" }, "geometry": { "type": "Point", "coordinates": [ 9.4266809, 45.7555227 ] } },
{ "type": "Feature", "properties": { "osm_id": "2321956945", "name": null, "barrier": null, "highway": "crossing", "ref": null, "address": null, "is_in": null, "place": null, "man_made": null, "other_tags": "\"crossing\"=>\"marked\",\"crossing:island\"=>\"no\",\"crossing:markings\"=>\"yes\",\"tactile_paving\"=>\"no\"" }, "geometry": { "type": "Point", "coordinates": [ 9.4267547, 45.7561003 ] } },
{ "type": "Feature", "properties": { "osm_id": "2322822388", "name": null, "barrier": "gate", "highway": null, "ref": null, "address": null, "is_in": null, "place": null, "man_made": null, "other_tags": null }, "geometry": { "type": "Point", "coordinates": [ 9.439332, 45.7104377 ] } },
{ "type": "Feature", "properties": { "osm_id": "2322822424", "name": null, "barrier": null, "highway": "stop", "ref": null, "address": null, "is_in": null, "place": null, "man_made": null, "other_tags": "\"direction\"=>\"forward\"" }, "geometry": { "type": "Point", "coordinates": [ 9.4418848, 45.7118652 ] } },
{ "type": "Feature", "properties": { "osm_id": "2322822428", "name": null, "barrier": null, "highway": "crossing", "ref": null, "address": null, "is_in": null, "place": null, "man_made": null, "other_tags": null }, "geometry": { "type": "Point", "coordinates": [ 9.4407692, 45.7118981 ] } },
{ "type": "Feature", "properties": { "osm_id": "2322822436", "name": null, "barrier": null, "highway": "stop", "ref": null, "address": null, "is_in": null, "place": null, "man_made": null, "other_tags": "\"direction\"=>\"backward\"" }, "geometry": { "type": "Point", "coordinates": [ 9.4409721, 45.7119939 ] } },
{ "type": "Feature", "properties": { "osm_id": "2322822439", "name": null, "barrier": null, "highway": "crossing", "ref": null, "address": null, "is_in": null, "place": null, "man_made": null, "other_tags": "\"crossing:markings\"=>\"zebra\"" }, "geometry": { "type": "Point", "coordinates": [ 9.4410636, 45.7120192 ] } },
{ "type": "Feature", "properties": { "osm_id": "2322830886", "name": null, "barrier": null, "highway": "crossing", "ref": null, "address": null, "is_in": null, "place": null, "man_made": null, "other_tags": null }, "geometry": { "type": "Point", "coordinates": [ 9.4420957, 45.7102442 ] } },
{ "type": "Feature", "properties": { "osm_id": "2322831216", "name": null, "barrier": null, "highway": "crossing", "ref": null, "address": null, "is_in": null, "place": null, "man_made": null, "other_tags": null }, "geometry": { "type": "Point", "coordinates": [ 9.4443924, 45.7117314 ] } },
{ "type": "Feature", "properties": { "osm_id": "2322831437", "name": null, "barrier": null, "highway": "stop", "ref": null, "address": null, "is_in": null, "place": null, "man_made": null, "other_tags": "\"direction\"=>\"backward\"" }, "geometry": { "type": "Point", "coordinates": [ 9.4453032, 45.7124939 ] } },
{ "type": "Feature", "properties": { "osm_id": "2322880161", "name": null, "barrier": null, "highway": null, "ref": null, "address": null, "is_in": null, "place": null, "man_made": null, "other_tags": "\"noexit\"=>\"yes\"" }, "geometry": { "type": "Point", "coordinates": [ 9.4382931, 45.7122627 ] } },
{ "type": "Feature", "properties": { "osm_id": "2322880561", "name": null, "barrier": null, "highway": "stop", "ref": null, "address": null, "is_in": null, "place": null, "man_made": null, "other_tags": "\"direction\"=>\"backward\"" }, "geometry": { "type": "Point", "coordinates": [ 9.4191598, 45.7153516 ] } },
{ "type": "Feature", "properties": { "osm_id": "2322880606", "name": null, "barrier": null, "highway": "stop", "ref": null, "address": null, "is_in": null, "place": null, "man_made": null, "other_tags": "\"direction\"=>\"forward\"" }, "geometry": { "type": "Point", "coordinates": [ 9.4310932, 45.7168891 ] } },
{ "type": "Feature", "properties": { "osm_id": "2322880641", "name": null, "barrier": null, "highway": "crossing", "ref": null, "address": null, "is_in": null, "place": null, "man_made": null, "other_tags": null }, "geometry": { "type": "Point", "coordinates": [ 9.4320046, 45.7181104 ] } },
{ "type": "Feature", "properties": { "osm_id": "2324555803", "name": null, "barrier": null, "highway": "crossing", "ref": null, "address": null, "is_in": null, "place": null, "man_made": null, "other_tags": null }, "geometry": { "type": "Point", "coordinates": [ 9.4261561, 45.7503458 ] } },
{ "type": "Feature", "properties": { "osm_id": "2324555820", "name": null, "barrier": null, "highway": "crossing", "ref": null, "address": null, "is_in": null, "place": null, "man_made": null, "other_tags": null }, "geometry": { "type": "Point", "coordinates": [ 9.4259459, 45.7504253 ] } },
{ "type": "Feature", "properties": { "osm_id": "2324555821", "name": null, "barrier": null, "highway": "stop", "ref": null, "address": null, "is_in": null, "place": null, "man_made": null, "other_tags": "\"direction\"=>\"backward\"" }, "geometry": { "type": "Point", "coordinates": [ 9.4261088, 45.7504466 ] } },
{ "type": "Feature", "properties": { "osm_id": "2324555880", "name": null, "barrier": null, "highway": "stop", "ref": null, "address": null, "is_in": null, "place": null, "man_made": null, "other_tags": "\"direction\"=>\"backward\"" }, "geometry": { "type": "Point", "coordinates": [ 9.4260041, 45.7516451 ] } },
{ "type": "Feature", "properties": { "osm_id": "2324556125", "name": null, "barrier": null, "highway": "crossing", "ref": null, "address": null, "is_in": null, "place": null, "man_made": null, "other_tags": null }, "geometry": { "type": "Point", "coordinates": [ 9.4254029, 45.7536182 ] } },
{ "type": "Feature", "properties": { "osm_id": "2324556234", "name": null, "barrier": null, "highway": "stop", "ref": null, "address": null, "is_in": null, "place": null, "man_made": null, "other_tags": "\"direction\"=>\"backward\"" }, "geometry": { "type": "Point", "coordinates": [ 9.4252059, 45.7537858 ] } },
{ "type": "Feature", "properties": { "osm_id": "2324556550", "name": null, "barrier": null, "highway": "crossing", "ref": null, "address": null, "is_in": null, "place": null, "man_made": null, "other_tags": "\"crossing\"=>\"uncontrolled\",\"crossing:markings\"=>\"zebra\",\"traffic_calming\"=>\"table\"" }, "geometry": { "type": "Point", "coordinates": [ 9.4234527, 45.756098 ] } },
{ "type": "Feature", "properties": { "osm_id": "2324556555", "name": null, "barrier": null, "highway": "crossing", "ref": null, "address": null, "is_in": null, "place": null, "man_made": null, "other_tags": "\"crossing\"=>\"uncontrolled\",\"crossing:markings\"=>\"zebra\"" }, "geometry": { "type": "Point", "coordinates": [ 9.4240669, 45.7562229 ] } },
{ "type": "Feature", "properties": { "osm_id": "2324562278", "name": null, "barrier": null, "highway": "traffic_signals", "ref": null, "address": null, "is_in": null, "place": null, "man_made": null, "other_tags": "\"traffic_signals\"=>\"signal\",\"traffic_signals:direction\"=>\"both\"" }, "geometry": { "type": "Point", "coordinates": [ 9.4448202, 45.7407117 ] } },
{ "type": "Feature", "properties": { "osm_id": "2324562281", "name": null, "barrier": "gate", "highway": null, "ref": null, "address": null, "is_in": null, "place": null, "man_made": null, "other_tags": "\"noexit\"=>\"yes\"" }, "geometry": { "type": "Point", "coordinates": [ 9.4440571, 45.7409175 ] } },
{ "type": "Feature", "properties": { "osm_id": "2324562282", "name": null, "barrier": "chain", "highway": null, "ref": null, "address": null, "is_in": null, "place": null, "man_made": null, "other_tags": null }, "geometry": { "type": "Point", "coordinates": [ 9.4415223, 45.7409238 ] } },
{ "type": "Feature", "properties": { "osm_id": "2324562296", "name": null, "barrier": "gate", "highway": null, "ref": null, "address": null, "is_in": null, "place": null, "man_made": null, "other_tags": "\"noexit\"=>\"yes\"" }, "geometry": { "type": "Point", "coordinates": [ 9.4427007, 45.7409908 ] } },
{ "type": "Feature", "properties": { "osm_id": "2324562318", "name": null, "barrier": "gate", "highway": null, "ref": null, "address": null, "is_in": null, "place": null, "man_made": null, "other_tags": "\"noexit\"=>\"yes\"" }, "geometry": { "type": "Point", "coordinates": [ 9.444681, 45.7412669 ] } },
{ "type": "Feature", "properties": { "osm_id": "2324562375", "name": null, "barrier": "gate", "highway": null, "ref": null, "address": null, "is_in": null, "place": null, "man_made": null, "other_tags": "\"noexit\"=>\"yes\"" }, "geometry": { "type": "Point", "coordinates": [ 9.4443547, 45.7414351 ] } },
{ "type": "Feature", "properties": { "osm_id": "2324562413", "name": null, "barrier": null, "highway": "crossing", "ref": null, "address": null, "is_in": null, "place": null, "man_made": null, "other_tags": null }, "geometry": { "type": "Point", "coordinates": [ 9.4449473, 45.7415633 ] } },
{ "type": "Feature", "properties": { "osm_id": "2324562422", "name": null, "barrier": "gate", "highway": null, "ref": null, "address": null, "is_in": null, "place": null, "man_made": null, "other_tags": "\"noexit\"=>\"yes\"" }, "geometry": { "type": "Point", "coordinates": [ 9.4437182, 45.7415926 ] } },
{ "type": "Feature", "properties": { "osm_id": "2324562514", "name": null, "barrier": null, "highway": "stop", "ref": null, "address": null, "is_in": null, "place": null, "man_made": null, "other_tags": "\"direction\"=>\"forward\"" }, "geometry": { "type": "Point", "coordinates": [ 9.4449045, 45.7419012 ] } },
{ "type": "Feature", "properties": { "osm_id": "2324562518", "name": null, "barrier": null, "highway": "stop", "ref": null, "address": null, "is_in": null, "place": null, "man_made": null, "other_tags": "\"direction\"=>\"backward\"" }, "geometry": { "type": "Point", "coordinates": [ 9.4450794, 45.7420126 ] } },
{ "type": "Feature", "properties": { "osm_id": "2324562521", "name": null, "barrier": null, "highway": "crossing", "ref": null, "address": null, "is_in": null, "place": null, "man_made": null, "other_tags": null }, "geometry": { "type": "Point", "coordinates": [ 9.4451967, 45.7420228 ] } },
{ "type": "Feature", "properties": { "osm_id": "2324562573", "name": null, "barrier": null, "highway": "turning_circle", "ref": null, "address": null, "is_in": null, "place": null, "man_made": null, "other_tags": null }, "geometry": { "type": "Point", "coordinates": [ 9.4429316, 45.7429734 ] } },
{ "type": "Feature", "properties": { "osm_id": "2324565921", "name": null, "barrier": null, "highway": "crossing", "ref": null, "address": null, "is_in": null, "place": null, "man_made": null, "other_tags": null }, "geometry": { "type": "Point", "coordinates": [ 9.4462197, 45.7383751 ] } },
{ "type": "Feature", "properties": { "osm_id": "2324565926", "name": null, "barrier": null, "highway": "crossing", "ref": null, "address": null, "is_in": null, "place": null, "man_made": null, "other_tags": null }, "geometry": { "type": "Point", "coordinates": [ 9.4459538, 45.7401121 ] } },
{ "type": "Feature", "properties": { "osm_id": "2324568023", "name": null, "barrier": null, "highway": "crossing", "ref": null, "address": null, "is_in": null, "place": null, "man_made": null, "other_tags": null }, "geometry": { "type": "Point", "coordinates": [ 9.4504731, 45.7394683 ] } },
{ "type": "Feature", "properties": { "osm_id": "2324568025", "name": null, "barrier": null, "highway": null, "ref": null, "address": null, "is_in": null, "place": null, "man_made": null, "other_tags": "\"noexit\"=>\"yes\"" }, "geometry": { "type": "Point", "coordinates": [ 9.4545934, 45.7397114 ] } },
{ "type": "Feature", "properties": { "osm_id": "2324568061", "name": null, "barrier": null, "highway": "stop", "ref": null, "address": null, "is_in": null, "place": null, "man_made": null, "other_tags": "\"direction\"=>\"forward\"" }, "geometry": { "type": "Point", "coordinates": [ 9.4544647, 45.7409245 ] } },
{ "type": "Feature", "properties": { "osm_id": "2324568067", "name": null, "barrier": null, "highway": "crossing", "ref": null, "address": null, "is_in": null, "place": null, "man_made": null, "other_tags": null }, "geometry": { "type": "Point", "coordinates": [ 9.4538793, 45.741019 ] } },
{ "type": "Feature", "properties": { "osm_id": "2327750987", "name": null, "barrier": null, "highway": "stop", "ref": null, "address": null, "is_in": null, "place": null, "man_made": null, "other_tags": "\"direction\"=>\"forward\"" }, "geometry": { "type": "Point", "coordinates": [ 9.4585872, 45.7161568 ] } },
{ "type": "Feature", "properties": { "osm_id": "2327751001", "name": null, "barrier": null, "highway": "crossing", "ref": null, "address": null, "is_in": null, "place": null, "man_made": null, "other_tags": null }, "geometry": { "type": "Point", "coordinates": [ 9.4584844, 45.7171351 ] } },
{ "type": "Feature", "properties": { "osm_id": "2327751005", "name": null, "barrier": null, "highway": "stop", "ref": null, "address": null, "is_in": null, "place": null, "man_made": null, "other_tags": "\"direction\"=>\"forward\"" }, "geometry": { "type": "Point", "coordinates": [ 9.4584114, 45.7172796 ] } },
{ "type": "Feature", "properties": { "osm_id": "2327751010", "name": null, "barrier": null, "highway": "crossing", "ref": null, "address": null, "is_in": null, "place": null, "man_made": null, "other_tags": null }, "geometry": { "type": "Point", "coordinates": [ 9.4584589, 45.7174071 ] } },
{ "type": "Feature", "properties": { "osm_id": "2327751167", "name": null, "barrier": null, "highway": "crossing", "ref": null, "address": null, "is_in": null, "place": null, "man_made": null, "other_tags": null }, "geometry": { "type": "Point", "coordinates": [ 9.4561653, 45.7222971 ] } },
{ "type": "Feature", "properties": { "osm_id": "2331055622", "name": null, "barrier": null, "highway": "turning_circle", "ref": null, "address": null, "is_in": null, "place": null, "man_made": null, "other_tags": null }, "geometry": { "type": "Point", "coordinates": [ 9.4089745, 45.7284086 ] } },
{ "type": "Feature", "properties": { "osm_id": "2331055625", "name": null, "barrier": null, "highway": "turning_circle", "ref": null, "address": null, "is_in": null, "place": null, "man_made": null, "other_tags": null }, "geometry": { "type": "Point", "coordinates": [ 9.4063674, 45.7288055 ] } },
{ "type": "Feature", "properties": { "osm_id": "2428954854", "name": null, "barrier": null, "highway": null, "ref": null, "address": null, "is_in": null, "place": null, "man_made": null, "other_tags": "\"shop\"=>\"motorcycle\"" }, "geometry": { "type": "Point", "coordinates": [ 9.3745723, 45.737351 ] } },
{ "type": "Feature", "properties": { "osm_id": "2428954867", "name": null, "barrier": null, "highway": "bus_stop", "ref": null, "address": null, "is_in": null, "place": null, "man_made": null, "other_tags": "\"bench\"=>\"no\",\"bin\"=>\"yes\",\"bus\"=>\"yes\",\"public_transport\"=>\"platform\",\"shelter\"=>\"no\",\"tactile_paving\"=>\"no\"" }, "geometry": { "type": "Point", "coordinates": [ 9.3704765, 45.73716 ] } },
{ "type": "Feature", "properties": { "osm_id": "2428954869", "name": null, "barrier": "cycle_barrier", "highway": null, "ref": null, "address": null, "is_in": null, "place": null, "man_made": null, "other_tags": "\"cycle_barrier\"=>\"double\",\"cycle_barrier:installation\"=>\"fixed\"" }, "geometry": { "type": "Point", "coordinates": [ 9.3732419, 45.7386576 ] } },
{ "type": "Feature", "properties": { "osm_id": "2428954870", "name": "Bar Gelateria TAEL", "barrier": null, "highway": null, "ref": null, "address": null, "is_in": null, "place": null, "man_made": null, "other_tags": "\"amenity\"=>\"bar\",\"outdoor_seating\"=>\"yes\"" }, "geometry": { "type": "Point", "coordinates": [ 9.3739178, 45.7375009 ] } },
{ "type": "Feature", "properties": { "osm_id": "2428954872", "name": "Riva Magazin", "barrier": null, "highway": null, "ref": null, "address": null, "is_in": null, "place": null, "man_made": null, "other_tags": "\"shop\"=>\"convenience\"" }, "geometry": { "type": "Point", "coordinates": [ 9.3647712, 45.7393615 ] } },
{ "type": "Feature", "properties": { "osm_id": "2428954874", "name": null, "barrier": null, "highway": "bus_stop", "ref": null, "address": null, "is_in": null, "place": null, "man_made": null, "other_tags": "\"bench\"=>\"no\",\"bin\"=>\"yes\",\"bus\"=>\"yes\",\"public_transport\"=>\"platform\",\"shelter\"=>\"no\",\"tactile_paving\"=>\"no\"" }, "geometry": { "type": "Point", "coordinates": [ 9.3694523, 45.7371666 ] } },
{ "type": "Feature", "properties": { "osm_id": "2428961615", "name": null, "barrier": null, "highway": null, "ref": null, "address": null, "is_in": null, "place": null, "man_made": null, "other_tags": "\"shop\"=>\"convenience\"" }, "geometry": { "type": "Point", "coordinates": [ 9.3697255, 45.7380773 ] } },
{ "type": "Feature", "properties": { "osm_id": "2428961622", "name": null, "barrier": null, "highway": null, "ref": null, "address": null, "is_in": null, "place": null, "man_made": null, "other_tags": "\"amenity\"=>\"bar\"" }, "geometry": { "type": "Point", "coordinates": [ 9.3704524, 45.7379893 ] } },
{ "type": "Feature", "properties": { "osm_id": "2428982583", "name": null, "barrier": null, "highway": null, "ref": null, "address": null, "is_in": null, "place": null, "man_made": null, "other_tags": "\"historic\"=>\"wayside_cross\",\"traffic_calming\"=>\"island\"" }, "geometry": { "type": "Point", "coordinates": [ 9.3699127, 45.7370366 ] } },
{ "type": "Feature", "properties": { "osm_id": "2428982588", "name": null, "barrier": "cycle_barrier", "highway": null, "ref": null, "address": null, "is_in": null, "place": null, "man_made": null, "other_tags": "\"cycle_barrier\"=>\"double\",\"cycle_barrier:installation\"=>\"removable\"" }, "geometry": { "type": "Point", "coordinates": [ 9.3721881, 45.7388782 ] } },
{ "type": "Feature", "properties": { "osm_id": "2428982854", "name": null, "barrier": null, "highway": null, "ref": null, "address": null, "is_in": null, "place": null, "man_made": null, "other_tags": "\"amenity\"=>\"bicycle_parking\",\"bicycle_parking\"=>\"wall_loops\",\"check_date\"=>\"2025-07-30\",\"covered\"=>\"no\"" }, "geometry": { "type": "Point", "coordinates": [ 9.3622727, 45.7405563 ] } },
{ "type": "Feature", "properties": { "osm_id": "2434904329", "name": "Credito Valtellinese", "barrier": null, "highway": null, "ref": null, "address": null, "is_in": null, "place": null, "man_made": null, "other_tags": "\"amenity\"=>\"bank\"" }, "geometry": { "type": "Point", "coordinates": [ 9.4008603, 45.7289662 ] } },
{ "type": "Feature", "properties": { "osm_id": "2434904330", "name": "Parrucchiere uomo", "barrier": null, "highway": null, "ref": null, "address": null, "is_in": null, "place": null, "man_made": null, "other_tags": "\"shop\"=>\"hairdresser\"" }, "geometry": { "type": "Point", "coordinates": [ 9.4003274, 45.7289076 ] } },
{ "type": "Feature", "properties": { "osm_id": "2447334447", "name": "Flash", "barrier": null, "highway": null, "ref": null, "address": null, "is_in": null, "place": null, "man_made": null, "other_tags": "\"amenity\"=>\"bar\",\"wifi\"=>\"no\"" }, "geometry": { "type": "Point", "coordinates": [ 9.4569017, 45.7154793 ] } },
{ "type": "Feature", "properties": { "osm_id": "2447334452", "name": "IP Distribuzione", "barrier": null, "highway": null, "ref": null, "address": null, "is_in": null, "place": null, "man_made": null, "other_tags": "\"amenity\"=>\"fuel\",\"brand\"=>\"IP\",\"brand:wikidata\"=>\"Q646807\",\"fuel:biodiesel\"=>\"yes\",\"fuel:diesel\"=>\"yes\",\"fuel:octane_95\"=>\"yes\",\"operator\"=>\"Ip Services S.R.L.\",\"ref:mise\"=>\"31007\"" }, "geometry": { "type": "Point", "coordinates": [ 9.45673, 45.7178315 ] } },
{ "type": "Feature", "properties": { "osm_id": "2447334455", "name": "LD Market", "barrier": null, "highway": null, "ref": null, "address": null, "is_in": null, "place": null, "man_made": null, "other_tags": "\"addr:housename\"=>\"LD Market\",\"addr:postcode\"=>\"24030\",\"shop\"=>\"supermarket\"" }, "geometry": { "type": "Point", "coordinates": [ 9.4575078, 45.7153654 ] } },
{ "type": "Feature", "properties": { "osm_id": "2447334458", "name": "Corte Zappello", "barrier": null, "highway": null, "ref": null, "address": null, "is_in": null, "place": null, "man_made": null, "other_tags": "\"shop\"=>\"mall\"" }, "geometry": { "type": "Point", "coordinates": [ 9.4571592, 45.7155168 ] } },
{ "type": "Feature", "properties": { "osm_id": "2451956744", "name": "Pianeta Uomo", "barrier": null, "highway": null, "ref": null, "address": null, "is_in": null, "place": null, "man_made": null, "other_tags": "\"addr:housename\"=>\"Pianeta Uomo\",\"addr:housenumber\"=>\"1/a\",\"addr:postcode\"=>\"24030\",\"addr:street\"=>\"Via Catello\",\"shop\"=>\"hairdresser\"" }, "geometry": { "type": "Point", "coordinates": [ 9.4595017, 45.7132764 ] } },
{ "type": "Feature", "properties": { "osm_id": "2451966974", "name": null, "barrier": null, "highway": null, "ref": null, "address": null, "is_in": null, "place": null, "man_made": null, "other_tags": "\"amenity\"=>\"recycling\",\"recycling:batteries\"=>\"yes\",\"recycling:books\"=>\"yes\",\"recycling:cartons\"=>\"yes\",\"recycling:clothes\"=>\"yes\",\"recycling:electrical_appliances\"=>\"yes\",\"recycling:glass\"=>\"yes\",\"recycling:glass_bottles\"=>\"yes\",\"recycling:green_waste\"=>\"yes\",\"recycling:magazines\"=>\"yes\",\"recycling:newspaper\"=>\"yes\",\"recycling:paper\"=>\"yes\",\"recycling:paper_packaging\"=>\"yes\",\"recycling:plastic\"=>\"yes\",\"recycling:plastic_bottles\"=>\"yes\",\"recycling:small_appliances\"=>\"yes\",\"recycling:waste\"=>\"yes\",\"recycling:wood\"=>\"yes\",\"recycling_type\"=>\"centre\"" }, "geometry": { "type": "Point", "coordinates": [ 9.4595636, 45.7108884 ] } },
{ "type": "Feature", "properties": { "osm_id": "2456277169", "name": "Mirabella", "barrier": null, "highway": null, "ref": null, "address": null, "is_in": null, "place": "isolated_dwelling", "man_made": null, "other_tags": null }, "geometry": { "type": "Point", "coordinates": [ 9.3872997, 45.7457599 ] } },
{ "type": "Feature", "properties": { "osm_id": "2456277175", "name": "Paù", "barrier": null, "highway": null, "ref": null, "address": null, "is_in": null, "place": null, "man_made": null, "other_tags": "\"direction\"=>\"280\",\"traffic_sign\"=>\"city_limit\"" }, "geometry": { "type": "Point", "coordinates": [ 9.386914, 45.7481699 ] } },
{ "type": "Feature", "properties": { "osm_id": "2456277179", "name": null, "barrier": null, "highway": null, "ref": null, "address": null, "is_in": null, "place": null, "man_made": null, "other_tags": "\"direction\"=>\"350\",\"maxspeed\"=>\"30\",\"traffic_sign\"=>\"maxspeed\"" }, "geometry": { "type": "Point", "coordinates": [ 9.3886245, 45.7404076 ] } },
{ "type": "Feature", "properties": { "osm_id": "2456277183", "name": null, "barrier": null, "highway": null, "ref": null, "address": null, "is_in": null, "place": null, "man_made": null, "other_tags": "\"description\"=>\"2 cartelli su palo: \\\"via Risorgimento\\\" (direction 50) e \\\"via Italia\\\" (direction 140)\",\"direction\"=>\"50;140\",\"traffic_sign\"=>\"IT:Nome strada\"" }, "geometry": { "type": "Point", "coordinates": [ 9.3880878, 45.7415039 ] } },
{ "type": "Feature", "properties": { "osm_id": "2456277188", "name": null, "barrier": null, "highway": null, "ref": null, "address": null, "is_in": null, "place": null, "man_made": null, "other_tags": "\"description\"=>\"Cartello di pista pedonale e ciclabile, sovrastato da un cartello rettangolare a fondo marrone e scritte bianche \\\"Loc. MIRABELLA - via del Bordeà\\\"\",\"mapillary\"=>\"JrW-RI0IcMFeo7m9SAl6kg\",\"traffic_sign\"=>\"IT:Percorso pedonale e ciclabile\"" }, "geometry": { "type": "Point", "coordinates": [ 9.387077, 45.7458118 ] } },
{ "type": "Feature", "properties": { "osm_id": "2456277191", "name": null, "barrier": null, "highway": null, "ref": null, "address": null, "is_in": null, "place": null, "man_made": null, "other_tags": "\"information\"=>\"guidepost\",\"tourism\"=>\"information\"" }, "geometry": { "type": "Point", "coordinates": [ 9.3904476, 45.7462306 ] } },
{ "type": "Feature", "properties": { "osm_id": "2456277195", "name": null, "barrier": null, "highway": null, "ref": null, "address": null, "is_in": null, "place": null, "man_made": null, "other_tags": "\"description\"=>\"2 cartelli su palo: \\\"via Piave\\\" (a sinistra) e \\\"via Risorgimento\\\" (a destra)\",\"direction\"=>\"30\",\"traffic_sign\"=>\"IT:Nome strada\"" }, "geometry": { "type": "Point", "coordinates": [ 9.3904489, 45.7462266 ] } },
{ "type": "Feature", "properties": { "osm_id": "2456277199", "name": null, "barrier": null, "highway": null, "ref": null, "address": null, "is_in": null, "place": null, "man_made": null, "other_tags": "\"direction\"=>\"350\",\"traffic_sign\"=>\"IT:Strada senza uscita\"" }, "geometry": { "type": "Point", "coordinates": [ 9.3904522, 45.746232 ] } },
{ "type": "Feature", "properties": { "osm_id": "2456277203", "name": null, "barrier": null, "highway": null, "ref": null, "address": null, "is_in": null, "place": null, "man_made": null, "other_tags": "\"information\"=>\"guidepost\",\"tourism\"=>\"information\"" }, "geometry": { "type": "Point", "coordinates": [ 9.3880441, 45.7490215 ] } },
{ "type": "Feature", "properties": { "osm_id": "2456277207", "name": null, "barrier": null, "highway": null, "ref": null, "address": null, "is_in": null, "place": null, "man_made": null, "other_tags": "\"direction\"=>\"50\",\"maxspeed\"=>\"20\",\"traffic_sign\"=>\"maxspeed\"" }, "geometry": { "type": "Point", "coordinates": [ 9.3889756, 45.7492802 ] } },
{ "type": "Feature", "properties": { "osm_id": "2456277211", "name": null, "barrier": null, "highway": null, "ref": null, "address": null, "is_in": null, "place": null, "man_made": null, "other_tags": "\"direction\"=>\"320\",\"traffic_sign\"=>\"IT:Segnale di direzione per strada extraurbana\"" }, "geometry": { "type": "Point", "coordinates": [ 9.3882511, 45.7514235 ] } },
{ "type": "Feature", "properties": { "osm_id": "2456277215", "name": null, "barrier": null, "highway": null, "ref": null, "address": null, "is_in": null, "place": null, "man_made": null, "other_tags": "\"direction\"=>\"250\",\"traffic_sign\"=>\"IT:Divieto di transito ai veicoli che trasportano merci con massa complessiva oltre le 3,5 tonnellate\"" }, "geometry": { "type": "Point", "coordinates": [ 9.388292, 45.7514299 ] } },
{ "type": "Feature", "properties": { "osm_id": "2456277218", "name": null, "barrier": null, "highway": null, "ref": null, "address": null, "is_in": null, "place": null, "man_made": null, "other_tags": "\"direction\"=>\"210\",\"traffic_sign\"=>\"IT:Segnale di direzione per strada extraurbana\"" }, "geometry": { "type": "Point", "coordinates": [ 9.3905704, 45.7523691 ] } },
{ "type": "Feature", "properties": { "osm_id": "2456277222", "name": null, "barrier": null, "highway": null, "ref": null, "address": null, "is_in": null, "place": null, "man_made": null, "other_tags": "\"description\"=>\"2 cartelli su palo: \\\"via S. Genesio\\\" (direction 300) e \\\"via A. Manzoni\\\" (direction 90)\",\"direction\"=>\"90;300\",\"traffic_sign\"=>\"IT:Nome strada\"" }, "geometry": { "type": "Point", "coordinates": [ 9.3905891, 45.7523901 ] } },
{ "type": "Feature", "properties": { "osm_id": "2456277226", "name": null, "barrier": "cycle_barrier", "highway": null, "ref": null, "address": null, "is_in": null, "place": null, "man_made": null, "other_tags": "\"bicycle\"=>\"no\",\"foot\"=>\"yes\",\"motor_vehicle\"=>\"no\"" }, "geometry": { "type": "Point", "coordinates": [ 9.3914113, 45.7540541 ] } },
{ "type": "Feature", "properties": { "osm_id": "2456277247", "name": null, "barrier": null, "highway": null, "ref": null, "address": null, "is_in": null, "place": null, "man_made": null, "other_tags": "\"direction\"=>\"320\"" }, "geometry": { "type": "Point", "coordinates": [ 9.3924864, 45.7541479 ] } },
{ "type": "Feature", "properties": { "osm_id": "2456277255", "name": null, "barrier": null, "highway": null, "ref": null, "address": null, "is_in": null, "place": null, "man_made": null, "other_tags": "\"entrance\"=>\"main\"" }, "geometry": { "type": "Point", "coordinates": [ 9.3914155, 45.7546083 ] } },
{ "type": "Feature", "properties": { "osm_id": "2456277284", "name": null, "barrier": null, "highway": null, "ref": null, "address": null, "is_in": null, "place": null, "man_made": null, "other_tags": "\"direction\"=>\"30\",\"maxspeed\"=>\"30\",\"traffic_sign\"=>\"maxspeed\"" }, "geometry": { "type": "Point", "coordinates": [ 9.3987599, 45.7554375 ] } },
{ "type": "Feature", "properties": { "osm_id": "2456277328", "name": null, "barrier": "gate", "highway": null, "ref": null, "address": null, "is_in": null, "place": null, "man_made": null, "other_tags": "\"access\"=>\"private\",\"locked\"=>\"yes\",\"material\"=>\"steel\"" }, "geometry": { "type": "Point", "coordinates": [ 9.3991106, 45.7558935 ] } },
{ "type": "Feature", "properties": { "osm_id": "2459386498", "name": null, "barrier": null, "highway": null, "ref": null, "address": null, "is_in": null, "place": null, "man_made": null, "other_tags": "\"ford\"=>\"yes\"" }, "geometry": { "type": "Point", "coordinates": [ 9.3796778, 45.7188186 ] } },
{ "type": "Feature", "properties": { "osm_id": "2459386511", "name": null, "barrier": "gate", "highway": null, "ref": null, "address": null, "is_in": null, "place": null, "man_made": null, "other_tags": null }, "geometry": { "type": "Point", "coordinates": [ 9.3749286, 45.7204558 ] } },
{ "type": "Feature", "properties": { "osm_id": "2464975482", "name": "Sabbione", "barrier": null, "highway": null, "ref": null, "address": null, "is_in": null, "place": "neighbourhood", "man_made": null, "other_tags": null }, "geometry": { "type": "Point", "coordinates": [ 9.440317, 45.7111068 ] } },
{ "type": "Feature", "properties": { "osm_id": "2493726429", "name": null, "barrier": null, "highway": "stop", "ref": null, "address": null, "is_in": null, "place": null, "man_made": null, "other_tags": "\"direction\"=>\"backward\"" }, "geometry": { "type": "Point", "coordinates": [ 9.3950414, 45.71003 ] } },
{ "type": "Feature", "properties": { "osm_id": "2495922681", "name": null, "barrier": null, "highway": null, "ref": null, "address": null, "is_in": null, "place": null, "man_made": null, "other_tags": "\"amenity\"=>\"bar\"" }, "geometry": { "type": "Point", "coordinates": [ 9.3703015, 45.7375342 ] } },
{ "type": "Feature", "properties": { "osm_id": "2495922682", "name": "Foto Ottica Agostoni", "barrier": null, "highway": null, "ref": null, "address": null, "is_in": null, "place": null, "man_made": null, "other_tags": "\"email\"=>\"ottica@fotoagostoni.com\",\"opening_hours\"=>\"Mo 15:00-19:30; Tu-Sa 09:00-12:30,15:00-19:30\",\"operator\"=>\"Luca Agostoni\",\"phone\"=>\"+39 039 5310112\",\"shop\"=>\"optician\",\"website\"=>\"https://www.otticaagostoni.it/\"" }, "geometry": { "type": "Point", "coordinates": [ 9.37033, 45.7376099 ] } },
{ "type": "Feature", "properties": { "osm_id": "2495922683", "name": null, "barrier": null, "highway": null, "ref": null, "address": null, "is_in": null, "place": null, "man_made": null, "other_tags": "\"addr:housenumber\"=>\"1\",\"addr:street\"=>\"Via della Pesa\"" }, "geometry": { "type": "Point", "coordinates": [ 9.3703068, 45.7376132 ] } },
{ "type": "Feature", "properties": { "osm_id": "2495922685", "name": "Intesa San Paolo", "barrier": null, "highway": null, "ref": null, "address": null, "is_in": null, "place": null, "man_made": null, "other_tags": "\"amenity\"=>\"bank\",\"atm\"=>\"yes\"" }, "geometry": { "type": "Point", "coordinates": [ 9.3705057, 45.7374563 ] } },
{ "type": "Feature", "properties": { "osm_id": "2527750901", "name": null, "barrier": null, "highway": "stop", "ref": null, "address": null, "is_in": null, "place": null, "man_made": null, "other_tags": "\"direction\"=>\"forward\"" }, "geometry": { "type": "Point", "coordinates": [ 9.426939, 45.7528482 ] } },
{ "type": "Feature", "properties": { "osm_id": "2527752364", "name": null, "barrier": null, "highway": "stop", "ref": null, "address": null, "is_in": null, "place": null, "man_made": null, "other_tags": "\"direction\"=>\"backward\"" }, "geometry": { "type": "Point", "coordinates": [ 9.4258613, 45.7530875 ] } },
{ "type": "Feature", "properties": { "osm_id": "2527882827", "name": null, "barrier": null, "highway": null, "ref": null, "address": null, "is_in": null, "place": null, "man_made": "water_well", "other_tags": "\"mapillary\"=>\"796122704351832\"" }, "geometry": { "type": "Point", "coordinates": [ 9.381037, 45.747973 ] } },
{ "type": "Feature", "properties": { "osm_id": "2527947849", "name": null, "barrier": "lift_gate", "highway": null, "ref": null, "address": null, "is_in": null, "place": null, "man_made": null, "other_tags": "\"foot\"=>\"yes\",\"motor_vehicle\"=>\"no\"" }, "geometry": { "type": "Point", "coordinates": [ 9.4260406, 45.715119 ] } },
{ "type": "Feature", "properties": { "osm_id": "2527947883", "name": null, "barrier": "cycle_barrier", "highway": null, "ref": null, "address": null, "is_in": null, "place": null, "man_made": null, "other_tags": "\"bicycle\"=>\"no\",\"foot\"=>\"designated\"" }, "geometry": { "type": "Point", "coordinates": [ 9.4215739, 45.714314 ] } },
{ "type": "Feature", "properties": { "osm_id": "2536396152", "name": null, "barrier": null, "highway": null, "ref": null, "address": null, "is_in": null, "place": null, "man_made": null, "other_tags": "\"ford\"=>\"yes\"" }, "geometry": { "type": "Point", "coordinates": [ 9.3824749, 45.7460774 ] } },
{ "type": "Feature", "properties": { "osm_id": "2536402230", "name": null, "barrier": "block", "highway": null, "ref": null, "address": null, "is_in": null, "place": null, "man_made": null, "other_tags": "\"material\"=>\"wood\"" }, "geometry": { "type": "Point", "coordinates": [ 9.379711, 45.746729 ] } },
{ "type": "Feature", "properties": { "osm_id": "2536403166", "name": "La Torre", "barrier": null, "highway": null, "ref": null, "address": null, "is_in": null, "place": null, "man_made": null, "other_tags": "\"historic\"=>\"ruins\"" }, "geometry": { "type": "Point", "coordinates": [ 9.380455, 45.7437658 ] } },
{ "type": "Feature", "properties": { "osm_id": "2601096637", "name": null, "barrier": null, "highway": null, "ref": null, "address": null, "is_in": null, "place": null, "man_made": null, "other_tags": "\"natural\"=>\"tree\"" }, "geometry": { "type": "Point", "coordinates": [ 9.3614092, 45.7285254 ] } },
{ "type": "Feature", "properties": { "osm_id": "2621230885", "name": null, "barrier": null, "highway": null, "ref": null, "address": null, "is_in": null, "place": null, "man_made": null, "other_tags": "\"amenity\"=>\"parking_entrance\"" }, "geometry": { "type": "Point", "coordinates": [ 9.371335, 45.7396398 ] } },
{ "type": "Feature", "properties": { "osm_id": "2621230886", "name": null, "barrier": null, "highway": null, "ref": null, "address": null, "is_in": null, "place": null, "man_made": null, "other_tags": "\"amenity\"=>\"parking_entrance\"" }, "geometry": { "type": "Point", "coordinates": [ 9.3716158, 45.7400043 ] } },
{ "type": "Feature", "properties": { "osm_id": "2638544709", "name": "Madonna di Lourdes", "barrier": null, "highway": null, "ref": null, "address": null, "is_in": null, "place": null, "man_made": null, "other_tags": "\"building\"=>\"chapel\"" }, "geometry": { "type": "Point", "coordinates": [ 9.4407214, 45.7162258 ] } },
{ "type": "Feature", "properties": { "osm_id": "2638544710", "name": null, "barrier": null, "highway": null, "ref": null, "address": null, "is_in": null, "place": null, "man_made": null, "other_tags": "\"leisure\"=>\"panorama\",\"tourism\"=>\"viewpoint\"" }, "geometry": { "type": "Point", "coordinates": [ 9.4425199, 45.7148496 ] } },
{ "type": "Feature", "properties": { "osm_id": "2638544713", "name": null, "barrier": null, "highway": null, "ref": null, "address": null, "is_in": null, "place": null, "man_made": null, "other_tags": "\"leisure\"=>\"panorama\",\"tourism\"=>\"viewpoint\"" }, "geometry": { "type": "Point", "coordinates": [ 9.4426195, 45.7143508 ] } },
{ "type": "Feature", "properties": { "osm_id": "2639130571", "name": null, "barrier": null, "highway": null, "ref": null, "address": null, "is_in": null, "place": null, "man_made": null, "other_tags": "\"direction\"=>\"50\",\"tourism\"=>\"viewpoint\"" }, "geometry": { "type": "Point", "coordinates": [ 9.4430746, 45.71403 ] } },
{ "type": "Feature", "properties": { "osm_id": "2738262364", "name": null, "barrier": "gate", "highway": null, "ref": null, "address": null, "is_in": null, "place": null, "man_made": null, "other_tags": null }, "geometry": { "type": "Point", "coordinates": [ 9.3920672, 45.7525916 ] } },
{ "type": "Feature", "properties": { "osm_id": "2774920952", "name": "IP", "barrier": null, "highway": null, "ref": null, "address": null, "is_in": null, "place": null, "man_made": null, "other_tags": "\"addr:city\"=>\"Calco\",\"addr:housenumber\"=>\"14\",\"addr:postcode\"=>\"23885\",\"addr:street\"=>\"Via Nazionale\",\"amenity\"=>\"fuel\",\"brand\"=>\"IP\",\"brand:wikidata\"=>\"Q3788748\",\"operator\"=>\"Khan Car Wash di Shakir Hussain\",\"ref:mise\"=>\"26888\",\"self_service\"=>\"yes\"" }, "geometry": { "type": "Point", "coordinates": [ 9.4124427, 45.7210497 ] } },
{ "type": "Feature", "properties": { "osm_id": "2799583459", "name": "Piecastello", "barrier": null, "highway": null, "ref": null, "address": null, "is_in": null, "place": "neighbourhood", "man_made": null, "other_tags": null }, "geometry": { "type": "Point", "coordinates": [ 9.3609334, 45.7596128 ] } },
{ "type": "Feature", "properties": { "osm_id": "2831006422", "name": null, "barrier": null, "highway": "crossing", "ref": null, "address": null, "is_in": null, "place": null, "man_made": null, "other_tags": null }, "geometry": { "type": "Point", "coordinates": [ 9.4180205, 45.7137233 ] } },
{ "type": "Feature", "properties": { "osm_id": "2965579779", "name": null, "barrier": null, "highway": "stop", "ref": null, "address": null, "is_in": null, "place": null, "man_made": null, "other_tags": "\"direction\"=>\"forward\"" }, "geometry": { "type": "Point", "coordinates": [ 9.4038163, 45.727988 ] } },
{ "type": "Feature", "properties": { "osm_id": "2965579782", "name": null, "barrier": null, "highway": "stop", "ref": null, "address": null, "is_in": null, "place": null, "man_made": null, "other_tags": "\"direction\"=>\"backward\"" }, "geometry": { "type": "Point", "coordinates": [ 9.4034658, 45.7281046 ] } },
{ "type": "Feature", "properties": { "osm_id": "2965579784", "name": null, "barrier": null, "highway": "crossing", "ref": null, "address": null, "is_in": null, "place": null, "man_made": null, "other_tags": "\"bicycle\"=>\"no\",\"crossing\"=>\"uncontrolled\",\"traffic_calming\"=>\"table\"" }, "geometry": { "type": "Point", "coordinates": [ 9.4038393, 45.7281876 ] } },
{ "type": "Feature", "properties": { "osm_id": "2965579788", "name": null, "barrier": null, "highway": "crossing", "ref": null, "address": null, "is_in": null, "place": null, "man_made": null, "other_tags": "\"bicycle\"=>\"no\",\"crossing\"=>\"uncontrolled\"" }, "geometry": { "type": "Point", "coordinates": [ 9.403505, 45.7282453 ] } },
{ "type": "Feature", "properties": { "osm_id": "2965579792", "name": null, "barrier": null, "highway": "stop", "ref": null, "address": null, "is_in": null, "place": null, "man_made": null, "other_tags": null }, "geometry": { "type": "Point", "coordinates": [ 9.4034691, 45.7283716 ] } },
{ "type": "Feature", "properties": { "osm_id": "2965579795", "name": null, "barrier": null, "highway": "give_way", "ref": null, "address": null, "is_in": null, "place": null, "man_made": null, "other_tags": null }, "geometry": { "type": "Point", "coordinates": [ 9.4034706, 45.7284634 ] } },
{ "type": "Feature", "properties": { "osm_id": "2965579797", "name": null, "barrier": null, "highway": "crossing", "ref": null, "address": null, "is_in": null, "place": null, "man_made": null, "other_tags": "\"bicycle\"=>\"no\",\"crossing\"=>\"uncontrolled\"" }, "geometry": { "type": "Point", "coordinates": [ 9.4034864, 45.7291913 ] } },
{ "type": "Feature", "properties": { "osm_id": "2965579803", "name": null, "barrier": null, "highway": "crossing", "ref": null, "address": null, "is_in": null, "place": null, "man_made": null, "other_tags": "\"bicycle\"=>\"no\",\"crossing\"=>\"uncontrolled\"" }, "geometry": { "type": "Point", "coordinates": [ 9.4033396, 45.7296961 ] } },
{ "type": "Feature", "properties": { "osm_id": "2965583873", "name": null, "barrier": null, "highway": "stop", "ref": null, "address": null, "is_in": null, "place": null, "man_made": null, "other_tags": null }, "geometry": { "type": "Point", "coordinates": [ 9.4053202, 45.7279096 ] } },
{ "type": "Feature", "properties": { "osm_id": "3016606433", "name": "Rovagnate", "barrier": null, "highway": null, "ref": "20169", "address": null, "is_in": null, "place": null, "man_made": null, "other_tags": "\"amenity\"=>\"post_office\",\"operator\"=>\"Poste Italiane\",\"phone\"=>\"+39 039 5310325\"" }, "geometry": { "type": "Point", "coordinates": [ 9.3715099, 45.7379799 ] } },
{ "type": "Feature", "properties": { "osm_id": "3016619233", "name": null, "barrier": null, "highway": null, "ref": null, "address": null, "is_in": null, "place": null, "man_made": null, "other_tags": "\"amenity\"=>\"post_office\"" }, "geometry": { "type": "Point", "coordinates": [ 9.3717396, 45.7435223 ] } },
{ "type": "Feature", "properties": { "osm_id": "3016619333", "name": null, "barrier": null, "highway": null, "ref": null, "address": null, "is_in": null, "place": null, "man_made": null, "other_tags": "\"amenity\"=>\"post_box\"" }, "geometry": { "type": "Point", "coordinates": [ 9.3717151, 45.74363 ] } },
{ "type": "Feature", "properties": { "osm_id": "3016740543", "name": null, "barrier": null, "highway": null, "ref": null, "address": null, "is_in": null, "place": null, "man_made": null, "other_tags": "\"amenity\"=>\"post_office\"" }, "geometry": { "type": "Point", "coordinates": [ 9.4255778, 45.7555737 ] } },
{ "type": "Feature", "properties": { "osm_id": "3016753033", "name": null, "barrier": null, "highway": null, "ref": null, "address": null, "is_in": null, "place": null, "man_made": null, "other_tags": "\"amenity\"=>\"post_box\"" }, "geometry": { "type": "Point", "coordinates": [ 9.4255884, 45.7555896 ] } },
{ "type": "Feature", "properties": { "osm_id": "3016774434", "name": null, "barrier": null, "highway": null, "ref": null, "address": null, "is_in": null, "place": null, "man_made": null, "other_tags": "\"amenity\"=>\"post_box\"" }, "geometry": { "type": "Point", "coordinates": [ 9.4283381, 45.7367942 ] } },
{ "type": "Feature", "properties": { "osm_id": "3016774445", "name": null, "barrier": null, "highway": null, "ref": null, "address": null, "is_in": null, "place": null, "man_made": null, "other_tags": "\"amenity\"=>\"post_office\"" }, "geometry": { "type": "Point", "coordinates": [ 9.4471676, 45.7425863 ] } },
{ "type": "Feature", "properties": { "osm_id": "3016774446", "name": null, "barrier": null, "highway": null, "ref": null, "address": null, "is_in": null, "place": null, "man_made": null, "other_tags": "\"amenity\"=>\"post_box\"" }, "geometry": { "type": "Point", "coordinates": [ 9.4472148, 45.7425929 ] } },
{ "type": "Feature", "properties": { "osm_id": "3070050535", "name": "Arlate", "barrier": null, "highway": null, "ref": null, "address": null, "is_in": null, "place": "village", "man_made": null, "other_tags": "\"name:lmo\"=>\"Arlaa\",\"wikidata\"=>\"Q3622781\",\"wikipedia\"=>\"it:Arlate\"" }, "geometry": { "type": "Point", "coordinates": [ 9.4433482, 45.7210372 ] } },
{ "type": "Feature", "properties": { "osm_id": "3070057213", "name": null, "barrier": null, "highway": "crossing", "ref": null, "address": null, "is_in": null, "place": null, "man_made": null, "other_tags": "\"bicycle\"=>\"no\",\"crossing\"=>\"zebra\"" }, "geometry": { "type": "Point", "coordinates": [ 9.4031987, 45.7293414 ] } },
{ "type": "Feature", "properties": { "osm_id": "3070057215", "name": null, "barrier": null, "highway": "crossing", "ref": null, "address": null, "is_in": null, "place": null, "man_made": null, "other_tags": "\"crossing\"=>\"zebra\"" }, "geometry": { "type": "Point", "coordinates": [ 9.4028464, 45.7294515 ] } },
{ "type": "Feature", "properties": { "osm_id": "3070061478", "name": null, "barrier": null, "highway": "crossing", "ref": null, "address": null, "is_in": null, "place": null, "man_made": null, "other_tags": "\"crossing\"=>\"zebra\"" }, "geometry": { "type": "Point", "coordinates": [ 9.4014214, 45.7301864 ] } },
{ "type": "Feature", "properties": { "osm_id": "3095091210", "name": null, "barrier": null, "highway": "give_way", "ref": null, "address": null, "is_in": null, "place": null, "man_made": null, "other_tags": null }, "geometry": { "type": "Point", "coordinates": [ 9.4546657, 45.7569672 ] } },
{ "type": "Feature", "properties": { "osm_id": "3164237436", "name": null, "barrier": null, "highway": null, "ref": null, "address": null, "is_in": null, "place": null, "man_made": null, "other_tags": "\"addr:city\"=>\"La Valletta Brianza\",\"addr:country\"=>\"IT\",\"addr:housenumber\"=>\"93\",\"addr:postcode\"=>\"23888\",\"addr:street\"=>\"Via Vittorio Veneto\",\"disused:shop\"=>\"pastry\"" }, "geometry": { "type": "Point", "coordinates": [ 9.3651603, 45.7391635 ] } },
{ "type": "Feature", "properties": { "osm_id": "3164249525", "name": null, "barrier": null, "highway": "crossing", "ref": null, "address": null, "is_in": null, "place": null, "man_made": null, "other_tags": "\"crossing\"=>\"zebra\",\"crossing:island\"=>\"no\",\"tactile_paving\"=>\"no\"" }, "geometry": { "type": "Point", "coordinates": [ 9.3729493, 45.7394167 ] } },
{ "type": "Feature", "properties": { "osm_id": "3164249662", "name": null, "barrier": null, "highway": "crossing", "ref": null, "address": null, "is_in": null, "place": null, "man_made": null, "other_tags": "\"crossing\"=>\"zebra\",\"crossing:island\"=>\"no\",\"kerb\"=>\"no\",\"tactile_paving\"=>\"no\"" }, "geometry": { "type": "Point", "coordinates": [ 9.3741722, 45.7414022 ] } },
{ "type": "Feature", "properties": { "osm_id": "3232899659", "name": null, "barrier": null, "highway": null, "ref": null, "address": null, "is_in": null, "place": null, "man_made": null, "other_tags": "\"ford\"=>\"yes\",\"surface\"=>\"gravel\"" }, "geometry": { "type": "Point", "coordinates": [ 9.3957561, 45.7183975 ] } },
{ "type": "Feature", "properties": { "osm_id": "3233230304", "name": null, "barrier": null, "highway": null, "ref": null, "address": null, "is_in": null, "place": null, "man_made": null, "other_tags": "\"colour\"=>\"gray\",\"material\"=>\"steel\",\"power\"=>\"tower\",\"structure\"=>\"lattice\"" }, "geometry": { "type": "Point", "coordinates": [ 9.4280795, 45.7474984 ] } },
{ "type": "Feature", "properties": { "osm_id": "3233230305", "name": null, "barrier": null, "highway": null, "ref": null, "address": null, "is_in": null, "place": null, "man_made": null, "other_tags": "\"colour\"=>\"gray\",\"material\"=>\"steel\",\"power\"=>\"tower\",\"structure\"=>\"lattice\"" }, "geometry": { "type": "Point", "coordinates": [ 9.4280344, 45.7503292 ] } },
{ "type": "Feature", "properties": { "osm_id": "3233230306", "name": null, "barrier": null, "highway": null, "ref": null, "address": null, "is_in": null, "place": null, "man_made": null, "other_tags": "\"colour\"=>\"gray\",\"material\"=>\"steel\",\"power\"=>\"tower\",\"structure\"=>\"lattice\"" }, "geometry": { "type": "Point", "coordinates": [ 9.4277798, 45.7582505 ] } },
{ "type": "Feature", "properties": { "osm_id": "3233230307", "name": null, "barrier": null, "highway": null, "ref": null, "address": null, "is_in": null, "place": null, "man_made": null, "other_tags": "\"colour\"=>\"gray\",\"material\"=>\"steel\",\"power\"=>\"tower\",\"structure\"=>\"lattice\"" }, "geometry": { "type": "Point", "coordinates": [ 9.425617, 45.7598773 ] } },
{ "type": "Feature", "properties": { "osm_id": "3329271306", "name": null, "barrier": null, "highway": null, "ref": null, "address": null, "is_in": null, "place": null, "man_made": null, "other_tags": "\"addr:city\"=>\"Calco\",\"addr:housenumber\"=>\"15\",\"addr:postcode\"=>\"23885\",\"addr:street\"=>\"Via Papa Giovanni XXIII\"" }, "geometry": { "type": "Point", "coordinates": [ 9.4368864, 45.7273435 ] } },
{ "type": "Feature", "properties": { "osm_id": "3352195748", "name": null, "barrier": null, "highway": "crossing", "ref": null, "address": null, "is_in": null, "place": null, "man_made": null, "other_tags": null }, "geometry": { "type": "Point", "coordinates": [ 9.3978823, 45.7219382 ] } },
{ "type": "Feature", "properties": { "osm_id": "3560808918", "name": null, "barrier": "gate", "highway": null, "ref": null, "address": null, "is_in": null, "place": null, "man_made": null, "other_tags": "\"access\"=>\"yes\",\"bicycle\"=>\"no\",\"foot\"=>\"yes\",\"horse\"=>\"no\",\"motor_vehicle\"=>\"no\"" }, "geometry": { "type": "Point", "coordinates": [ 9.3725545, 45.7541103 ] } },
{ "type": "Feature", "properties": { "osm_id": "3561042675", "name": null, "barrier": null, "highway": null, "ref": null, "address": null, "is_in": null, "place": null, "man_made": null, "other_tags": "\"addr:housenumber\"=>\"3\",\"addr:street\"=>\"Strada Provinciale N. 72\"" }, "geometry": { "type": "Point", "coordinates": [ 9.4199939, 45.7389849 ] } },
{ "type": "Feature", "properties": { "osm_id": "3588201044", "name": null, "barrier": null, "highway": "crossing", "ref": null, "address": null, "is_in": null, "place": null, "man_made": null, "other_tags": null }, "geometry": { "type": "Point", "coordinates": [ 9.435252, 45.7358859 ] } },
{ "type": "Feature", "properties": { "osm_id": "3589535915", "name": null, "barrier": null, "highway": "crossing", "ref": null, "address": null, "is_in": null, "place": null, "man_made": null, "other_tags": "\"traffic_calming\"=>\"table\"" }, "geometry": { "type": "Point", "coordinates": [ 9.419178, 45.7135141 ] } },
{ "type": "Feature", "properties": { "osm_id": "3589535916", "name": null, "barrier": null, "highway": "stop", "ref": null, "address": null, "is_in": null, "place": null, "man_made": null, "other_tags": "\"direction\"=>\"forward\"" }, "geometry": { "type": "Point", "coordinates": [ 9.4189306, 45.7133465 ] } },
{ "type": "Feature", "properties": { "osm_id": "3589552875", "name": null, "barrier": null, "highway": "crossing", "ref": null, "address": null, "is_in": null, "place": null, "man_made": null, "other_tags": null }, "geometry": { "type": "Point", "coordinates": [ 9.4170368, 45.7120972 ] } },
{ "type": "Feature", "properties": { "osm_id": "3589552887", "name": null, "barrier": "gate", "highway": null, "ref": null, "address": null, "is_in": null, "place": null, "man_made": null, "other_tags": null }, "geometry": { "type": "Point", "coordinates": [ 9.4181472, 45.7135188 ] } },
{ "type": "Feature", "properties": { "osm_id": "3589553003", "name": null, "barrier": null, "highway": "stop", "ref": null, "address": null, "is_in": null, "place": null, "man_made": null, "other_tags": "\"direction\"=>\"backward\"" }, "geometry": { "type": "Point", "coordinates": [ 9.418322, 45.7130914 ] } },
{ "type": "Feature", "properties": { "osm_id": "3589553029", "name": null, "barrier": null, "highway": "stop", "ref": null, "address": null, "is_in": null, "place": null, "man_made": null, "other_tags": null }, "geometry": { "type": "Point", "coordinates": [ 9.4180585, 45.7131048 ] } },
{ "type": "Feature", "properties": { "osm_id": "3589553032", "name": null, "barrier": null, "highway": null, "ref": null, "address": null, "is_in": null, "place": null, "man_made": null, "other_tags": "\"shop\"=>\"kiosk\"" }, "geometry": { "type": "Point", "coordinates": [ 9.4180913, 45.7133659 ] } },
{ "type": "Feature", "properties": { "osm_id": "3589553063", "name": null, "barrier": null, "highway": "bus_stop", "ref": null, "address": null, "is_in": null, "place": null, "man_made": null, "other_tags": "\"bus\"=>\"yes\",\"public_transport\"=>\"platform\"" }, "geometry": { "type": "Point", "coordinates": [ 9.4180752, 45.7135963 ] } },
{ "type": "Feature", "properties": { "osm_id": "3589571166", "name": null, "barrier": null, "highway": "stop", "ref": null, "address": null, "is_in": null, "place": null, "man_made": null, "other_tags": "\"direction\"=>\"backward\"" }, "geometry": { "type": "Point", "coordinates": [ 9.4179754, 45.7137977 ] } },
{ "type": "Feature", "properties": { "osm_id": "3589644427", "name": null, "barrier": "gate", "highway": null, "ref": null, "address": null, "is_in": null, "place": null, "man_made": null, "other_tags": null }, "geometry": { "type": "Point", "coordinates": [ 9.409323, 45.7106029 ] } },
{ "type": "Feature", "properties": { "osm_id": "3589657698", "name": null, "barrier": null, "highway": "crossing", "ref": null, "address": null, "is_in": null, "place": null, "man_made": null, "other_tags": "\"crossing\"=>\"uncontrolled\",\"crossing:island\"=>\"no\",\"tactile_paving\"=>\"no\"" }, "geometry": { "type": "Point", "coordinates": [ 9.4070431, 45.7100199 ] } },
{ "type": "Feature", "properties": { "osm_id": "3589702867", "name": null, "barrier": null, "highway": "crossing", "ref": null, "address": null, "is_in": null, "place": null, "man_made": null, "other_tags": "\"traffic_calming\"=>\"table\"" }, "geometry": { "type": "Point", "coordinates": [ 9.4181056, 45.7143323 ] } },
{ "type": "Feature", "properties": { "osm_id": "3589702911", "name": null, "barrier": null, "highway": "bus_stop", "ref": null, "address": null, "is_in": null, "place": null, "man_made": null, "other_tags": "\"bus\"=>\"yes\",\"public_transport\"=>\"platform\"" }, "geometry": { "type": "Point", "coordinates": [ 9.4180216, 45.7143343 ] } },
{ "type": "Feature", "properties": { "osm_id": "3589759001", "name": null, "barrier": null, "highway": "give_way", "ref": null, "address": null, "is_in": null, "place": null, "man_made": null, "other_tags": "\"direction\"=>\"backward\"" }, "geometry": { "type": "Point", "coordinates": [ 9.4184402, 45.7159218 ] } },
{ "type": "Feature", "properties": { "osm_id": "3589759003", "name": null, "barrier": null, "highway": "stop", "ref": null, "address": null, "is_in": null, "place": null, "man_made": null, "other_tags": "\"direction\"=>\"backward\"" }, "geometry": { "type": "Point", "coordinates": [ 9.4183436, 45.7159256 ] } },
{ "type": "Feature", "properties": { "osm_id": "3589759004", "name": null, "barrier": null, "highway": null, "ref": null, "address": null, "is_in": null, "place": null, "man_made": null, "other_tags": "\"shop\"=>\"bakery\"" }, "geometry": { "type": "Point", "coordinates": [ 9.4192763, 45.7153766 ] } },
{ "type": "Feature", "properties": { "osm_id": "3589759006", "name": null, "barrier": null, "highway": "stop", "ref": null, "address": null, "is_in": null, "place": null, "man_made": null, "other_tags": "\"direction\"=>\"forward\"" }, "geometry": { "type": "Point", "coordinates": [ 9.4191808, 45.7154928 ] } },
{ "type": "Feature", "properties": { "osm_id": "3589775762", "name": null, "barrier": null, "highway": null, "ref": null, "address": null, "is_in": null, "place": null, "man_made": null, "other_tags": "\"amenity\"=>\"post_box\"" }, "geometry": { "type": "Point", "coordinates": [ 9.4205965, 45.7150588 ] } },
{ "type": "Feature", "properties": { "osm_id": "3589775763", "name": "Sartirana", "barrier": null, "highway": null, "ref": null, "address": null, "is_in": null, "place": "village", "man_made": null, "other_tags": "\"wikidata\"=>\"Q16600618\",\"wikimedia_commons\"=>\"Category:Sartirana (Merate)\",\"wikipedia\"=>\"it:Sartirana (Merate)\"" }, "geometry": { "type": "Point", "coordinates": [ 9.4191667, 45.7149296 ] } },
{ "type": "Feature", "properties": { "osm_id": "3589784824", "name": null, "barrier": null, "highway": "bus_stop", "ref": null, "address": null, "is_in": null, "place": null, "man_made": null, "other_tags": "\"bus\"=>\"yes\",\"public_transport\"=>\"platform\"" }, "geometry": { "type": "Point", "coordinates": [ 9.4238044, 45.7196806 ] } },
{ "type": "Feature", "properties": { "osm_id": "3589784827", "name": null, "barrier": null, "highway": "bus_stop", "ref": null, "address": null, "is_in": null, "place": null, "man_made": null, "other_tags": "\"bus\"=>\"yes\",\"public_transport\"=>\"platform\"" }, "geometry": { "type": "Point", "coordinates": [ 9.4237025, 45.7196993 ] } },
{ "type": "Feature", "properties": { "osm_id": "3589822002", "name": null, "barrier": null, "highway": "bus_stop", "ref": null, "address": null, "is_in": null, "place": null, "man_made": null, "other_tags": "\"bus\"=>\"yes\",\"public_transport\"=>\"platform\"" }, "geometry": { "type": "Point", "coordinates": [ 9.4214709, 45.7167969 ] } },
{ "type": "Feature", "properties": { "osm_id": "3589822072", "name": null, "barrier": null, "highway": "bus_stop", "ref": null, "address": null, "is_in": null, "place": null, "man_made": null, "other_tags": "\"bus\"=>\"yes\",\"public_transport\"=>\"platform\"" }, "geometry": { "type": "Point", "coordinates": [ 9.4216077, 45.7167988 ] } },
{ "type": "Feature", "properties": { "osm_id": "3589831678", "name": null, "barrier": null, "highway": "stop", "ref": null, "address": null, "is_in": null, "place": null, "man_made": null, "other_tags": "\"direction\"=>\"backward\"" }, "geometry": { "type": "Point", "coordinates": [ 9.4051299, 45.7187029 ] } },
{ "type": "Feature", "properties": { "osm_id": "3589857813", "name": null, "barrier": null, "highway": "crossing", "ref": null, "address": null, "is_in": null, "place": null, "man_made": null, "other_tags": null }, "geometry": { "type": "Point", "coordinates": [ 9.4030705, 45.7265077 ] } },
{ "type": "Feature", "properties": { "osm_id": "3589857814", "name": null, "barrier": null, "highway": "crossing", "ref": null, "address": null, "is_in": null, "place": null, "man_made": null, "other_tags": null }, "geometry": { "type": "Point", "coordinates": [ 9.4031974, 45.7265604 ] } },
{ "type": "Feature", "properties": { "osm_id": "3589857821", "name": null, "barrier": null, "highway": "crossing", "ref": null, "address": null, "is_in": null, "place": null, "man_made": null, "other_tags": null }, "geometry": { "type": "Point", "coordinates": [ 9.4031766, 45.7264426 ] } },
{ "type": "Feature", "properties": { "osm_id": "3667817256", "name": null, "barrier": null, "highway": "stop", "ref": null, "address": null, "is_in": null, "place": null, "man_made": null, "other_tags": "\"direction\"=>\"forward\"" }, "geometry": { "type": "Point", "coordinates": [ 9.3930383, 45.718572 ] } },
{ "type": "Feature", "properties": { "osm_id": "3667817257", "name": null, "barrier": null, "highway": null, "ref": null, "address": null, "is_in": null, "place": null, "man_made": null, "other_tags": "\"description\"=>\"cartello su palo: \\\"via Beolco\\\"\",\"traffic_sign\"=>\"IT:Nome strada\"" }, "geometry": { "type": "Point", "coordinates": [ 9.3930366, 45.7186118 ] } },
{ "type": "Feature", "properties": { "osm_id": "3727399489", "name": null, "barrier": "gate", "highway": null, "ref": null, "address": null, "is_in": null, "place": null, "man_made": null, "other_tags": "\"noexit\"=>\"yes\"" }, "geometry": { "type": "Point", "coordinates": [ 9.4386472, 45.7368103 ] } },
{ "type": "Feature", "properties": { "osm_id": "3727399491", "name": null, "barrier": "gate", "highway": null, "ref": null, "address": null, "is_in": null, "place": null, "man_made": null, "other_tags": "\"noexit\"=>\"yes\"" }, "geometry": { "type": "Point", "coordinates": [ 9.4388425, 45.7368357 ] } },
{ "type": "Feature", "properties": { "osm_id": "3798997366", "name": null, "barrier": null, "highway": "turning_circle", "ref": null, "address": null, "is_in": null, "place": null, "man_made": null, "other_tags": null }, "geometry": { "type": "Point", "coordinates": [ 9.4305403, 45.7366096 ] } },
{ "type": "Feature", "properties": { "osm_id": "3824547521", "name": "Naves Bagaggera (sorgente)", "barrier": null, "highway": null, "ref": null, "address": null, "is_in": null, "place": null, "man_made": null, "other_tags": null }, "geometry": { "type": "Point", "coordinates": [ 9.3803954, 45.7119184 ] } },
{ "type": "Feature", "properties": { "osm_id": "4026396384", "name": null, "barrier": null, "highway": null, "ref": null, "address": null, "is_in": null, "place": null, "man_made": null, "other_tags": "\"power\"=>\"tower\"" }, "geometry": { "type": "Point", "coordinates": [ 9.4549655, 45.7141286 ] } },
{ "type": "Feature", "properties": { "osm_id": "4026398090", "name": null, "barrier": null, "highway": null, "ref": null, "address": null, "is_in": null, "place": null, "man_made": null, "other_tags": "\"power\"=>\"tower\"" }, "geometry": { "type": "Point", "coordinates": [ 9.4539514, 45.7154244 ] } },
{ "type": "Feature", "properties": { "osm_id": "4026398097", "name": null, "barrier": null, "highway": null, "ref": null, "address": null, "is_in": null, "place": null, "man_made": null, "other_tags": "\"power\"=>\"tower\"" }, "geometry": { "type": "Point", "coordinates": [ 9.4519787, 45.7178817 ] } },
{ "type": "Feature", "properties": { "osm_id": "4026398111", "name": null, "barrier": null, "highway": null, "ref": null, "address": null, "is_in": null, "place": null, "man_made": null, "other_tags": "\"power\"=>\"tower\"" }, "geometry": { "type": "Point", "coordinates": [ 9.450471, 45.7201673 ] } },
{ "type": "Feature", "properties": { "osm_id": "4026398116", "name": null, "barrier": null, "highway": null, "ref": null, "address": null, "is_in": null, "place": null, "man_made": null, "other_tags": "\"power\"=>\"tower\"" }, "geometry": { "type": "Point", "coordinates": [ 9.4508073, 45.7218358 ] } },
{ "type": "Feature", "properties": { "osm_id": "4051648530", "name": "Via Statale - Via Barzaghi (La Valletta Brianza)", "barrier": null, "highway": "bus_stop", "ref": null, "address": null, "is_in": null, "place": null, "man_made": null, "other_tags": "\"bench\"=>\"no\",\"bus\"=>\"yes\",\"covered\"=>\"no\",\"public_transport\"=>\"platform\",\"shelter\"=>\"no\"" }, "geometry": { "type": "Point", "coordinates": [ 9.3745228, 45.737145 ] } },
{ "type": "Feature", "properties": { "osm_id": "4051648531", "name": "Via Statale - Via Barzaghi (La Valletta Brianza)", "barrier": null, "highway": "bus_stop", "ref": null, "address": null, "is_in": null, "place": null, "man_made": null, "other_tags": "\"bench\"=>\"no\",\"bus\"=>\"yes\",\"covered\"=>\"no\",\"public_transport\"=>\"platform\",\"shelter\"=>\"no\"" }, "geometry": { "type": "Point", "coordinates": [ 9.3742635, 45.7372491 ] } },
{ "type": "Feature", "properties": { "osm_id": "4055226949", "name": "Elite", "barrier": null, "highway": null, "ref": null, "address": null, "is_in": null, "place": null, "man_made": null, "other_tags": "\"shop\"=>\"hairdresser\"" }, "geometry": { "type": "Point", "coordinates": [ 9.3736993, 45.737563 ] } },
{ "type": "Feature", "properties": { "osm_id": "4055226950", "name": null, "barrier": null, "highway": null, "ref": null, "address": null, "is_in": null, "place": null, "man_made": null, "other_tags": "\"amenity\"=>\"pharmacy\"" }, "geometry": { "type": "Point", "coordinates": [ 9.3731838, 45.7376495 ] } },
{ "type": "Feature", "properties": { "osm_id": "4082454118", "name": null, "barrier": null, "highway": "stop", "ref": null, "address": null, "is_in": null, "place": null, "man_made": null, "other_tags": "\"direction\"=>\"backward\"" }, "geometry": { "type": "Point", "coordinates": [ 9.433928, 45.7528969 ] } },
{ "type": "Feature", "properties": { "osm_id": "4082454120", "name": null, "barrier": null, "highway": "crossing", "ref": null, "address": null, "is_in": null, "place": null, "man_made": null, "other_tags": null }, "geometry": { "type": "Point", "coordinates": [ 9.4340435, 45.7529162 ] } },
{ "type": "Feature", "properties": { "osm_id": "4082454127", "name": null, "barrier": null, "highway": "crossing", "ref": null, "address": null, "is_in": null, "place": null, "man_made": null, "other_tags": null }, "geometry": { "type": "Point", "coordinates": [ 9.4338571, 45.7530382 ] } },
{ "type": "Feature", "properties": { "osm_id": "4082454128", "name": null, "barrier": null, "highway": "crossing", "ref": null, "address": null, "is_in": null, "place": null, "man_made": null, "other_tags": null }, "geometry": { "type": "Point", "coordinates": [ 9.4337895, 45.753054 ] } },
{ "type": "Feature", "properties": { "osm_id": "4128146696", "name": null, "barrier": null, "highway": "crossing", "ref": null, "address": null, "is_in": null, "place": null, "man_made": null, "other_tags": "\"crossing\"=>\"zebra\"" }, "geometry": { "type": "Point", "coordinates": [ 9.4549326, 45.7101908 ] } },
{ "type": "Feature", "properties": { "osm_id": "4128324685", "name": null, "barrier": null, "highway": null, "ref": null, "address": null, "is_in": null, "place": null, "man_made": null, "other_tags": "\"natural\"=>\"tree\"" }, "geometry": { "type": "Point", "coordinates": [ 9.3720509, 45.7438379 ] } },
{ "type": "Feature", "properties": { "osm_id": "4129699006", "name": null, "barrier": null, "highway": "crossing", "ref": null, "address": null, "is_in": null, "place": null, "man_made": null, "other_tags": null }, "geometry": { "type": "Point", "coordinates": [ 9.4219116, 45.7565492 ] } },
{ "type": "Feature", "properties": { "osm_id": "4129699194", "name": null, "barrier": null, "highway": "stop", "ref": null, "address": null, "is_in": null, "place": null, "man_made": null, "other_tags": "\"direction\"=>\"backward\"" }, "geometry": { "type": "Point", "coordinates": [ 9.4225207, 45.7559002 ] } },
{ "type": "Feature", "properties": { "osm_id": "4129699195", "name": null, "barrier": null, "highway": "stop", "ref": null, "address": null, "is_in": null, "place": null, "man_made": null, "other_tags": null }, "geometry": { "type": "Point", "coordinates": [ 9.4224794, 45.7561494 ] } },
{ "type": "Feature", "properties": { "osm_id": "4129699491", "name": null, "barrier": null, "highway": "stop", "ref": null, "address": null, "is_in": null, "place": null, "man_made": null, "other_tags": "\"direction\"=>\"forward\"" }, "geometry": { "type": "Point", "coordinates": [ 9.4224014, 45.7573046 ] } },
{ "type": "Feature", "properties": { "osm_id": "4129699495", "name": null, "barrier": null, "highway": "crossing", "ref": null, "address": null, "is_in": null, "place": null, "man_made": null, "other_tags": null }, "geometry": { "type": "Point", "coordinates": [ 9.4469325, 45.7420687 ] } },
{ "type": "Feature", "properties": { "osm_id": "4129699496", "name": null, "barrier": null, "highway": "crossing", "ref": null, "address": null, "is_in": null, "place": null, "man_made": null, "other_tags": null }, "geometry": { "type": "Point", "coordinates": [ 9.4469261, 45.7423396 ] } },
{ "type": "Feature", "properties": { "osm_id": "4129700090", "name": null, "barrier": null, "highway": "stop", "ref": null, "address": null, "is_in": null, "place": null, "man_made": null, "other_tags": "\"direction\"=>\"backward\"" }, "geometry": { "type": "Point", "coordinates": [ 9.4222996, 45.7572546 ] } },
{ "type": "Feature", "properties": { "osm_id": "4129700100", "name": null, "barrier": null, "highway": "crossing", "ref": null, "address": null, "is_in": null, "place": null, "man_made": null, "other_tags": null }, "geometry": { "type": "Point", "coordinates": [ 9.4464235, 45.7422405 ] } },
{ "type": "Feature", "properties": { "osm_id": "4129700101", "name": null, "barrier": null, "highway": "crossing", "ref": null, "address": null, "is_in": null, "place": null, "man_made": null, "other_tags": null }, "geometry": { "type": "Point", "coordinates": [ 9.4424529, 45.7459161 ] } },
{ "type": "Feature", "properties": { "osm_id": "4129700195", "name": null, "barrier": null, "highway": "stop", "ref": null, "address": null, "is_in": null, "place": null, "man_made": null, "other_tags": null }, "geometry": { "type": "Point", "coordinates": [ 9.458648, 45.7413004 ] } },
{ "type": "Feature", "properties": { "osm_id": "4129788589", "name": null, "barrier": null, "highway": "stop", "ref": null, "address": null, "is_in": null, "place": null, "man_made": null, "other_tags": null }, "geometry": { "type": "Point", "coordinates": [ 9.4475671, 45.739349 ] } },
{ "type": "Feature", "properties": { "osm_id": "4129788590", "name": null, "barrier": null, "highway": "stop", "ref": null, "address": null, "is_in": null, "place": null, "man_made": null, "other_tags": "\"direction\"=>\"backward\"" }, "geometry": { "type": "Point", "coordinates": [ 9.4585276, 45.7410426 ] } },
{ "type": "Feature", "properties": { "osm_id": "4129789189", "name": null, "barrier": null, "highway": "stop", "ref": null, "address": null, "is_in": null, "place": null, "man_made": null, "other_tags": "\"direction\"=>\"backward\"" }, "geometry": { "type": "Point", "coordinates": [ 9.4466985, 45.74219 ] } },
{ "type": "Feature", "properties": { "osm_id": "4129789190", "name": null, "barrier": null, "highway": "stop", "ref": null, "address": null, "is_in": null, "place": null, "man_made": null, "other_tags": "\"direction\"=>\"backward\"" }, "geometry": { "type": "Point", "coordinates": [ 9.445887, 45.7423721 ] } },
{ "type": "Feature", "properties": { "osm_id": "4129789192", "name": null, "barrier": null, "highway": "stop", "ref": null, "address": null, "is_in": null, "place": null, "man_made": null, "other_tags": "\"direction\"=>\"backward\"" }, "geometry": { "type": "Point", "coordinates": [ 9.4286459, 45.7509254 ] } },
{ "type": "Feature", "properties": { "osm_id": "4129789193", "name": null, "barrier": null, "highway": "stop", "ref": null, "address": null, "is_in": null, "place": null, "man_made": null, "other_tags": "\"direction\"=>\"forward\"" }, "geometry": { "type": "Point", "coordinates": [ 9.4273437, 45.752269 ] } },
{ "type": "Feature", "properties": { "osm_id": "4129789589", "name": null, "barrier": null, "highway": "crossing", "ref": null, "address": null, "is_in": null, "place": null, "man_made": null, "other_tags": null }, "geometry": { "type": "Point", "coordinates": [ 9.4259316, 45.7525416 ] } },
{ "type": "Feature", "properties": { "osm_id": "4315723506", "name": null, "barrier": null, "highway": "crossing", "ref": null, "address": null, "is_in": null, "place": null, "man_made": null, "other_tags": "\"crossing\"=>\"uncontrolled\",\"tactile_paving\"=>\"no\"" }, "geometry": { "type": "Point", "coordinates": [ 9.4158625, 45.7246917 ] } },
{ "type": "Feature", "properties": { "osm_id": "4449777392", "name": "Cascina Galbusera Nera", "barrier": null, "highway": null, "ref": null, "address": null, "is_in": null, "place": null, "man_made": null, "other_tags": "\"addr:street\"=>\"Cipressi Bassi\",\"amenity\"=>\"restaurant\",\"name:en\"=>\"Cascina Galbusera Nera\",\"name:it\"=>\"Cascina Galbusera Nera\"" }, "geometry": { "type": "Point", "coordinates": [ 9.3681647, 45.7251138 ] } },
{ "type": "Feature", "properties": { "osm_id": "4657702348", "name": null, "barrier": null, "highway": null, "ref": null, "address": null, "is_in": null, "place": null, "man_made": null, "other_tags": "\"information\"=>\"board\",\"tourism\"=>\"information\"" }, "geometry": { "type": "Point", "coordinates": [ 9.4261087, 45.7121038 ] } },
{ "type": "Feature", "properties": { "osm_id": "4683871823", "name": null, "barrier": null, "highway": null, "ref": null, "address": null, "is_in": null, "place": null, "man_made": null, "other_tags": "\"addr:city\"=>\"Beverate\",\"addr:housenumber\"=>\"14\",\"addr:street\"=>\"Via Giulio Prinetti\"" }, "geometry": { "type": "Point", "coordinates": [ 9.4281971, 45.7369756 ] } },
{ "type": "Feature", "properties": { "osm_id": "4683871824", "name": null, "barrier": null, "highway": null, "ref": null, "address": null, "is_in": null, "place": null, "man_made": null, "other_tags": "\"amenity\"=>\"bar\"" }, "geometry": { "type": "Point", "coordinates": [ 9.428017, 45.7368532 ] } },
{ "type": "Feature", "properties": { "osm_id": "4687291565", "name": "Palestra di arrampicata di Madonna del Bosco", "barrier": null, "highway": null, "ref": null, "address": null, "is_in": null, "place": null, "man_made": null, "other_tags": "\"natural\"=>\"cliff\"" }, "geometry": { "type": "Point", "coordinates": [ 9.4443573, 45.7125951 ] } },
{ "type": "Feature", "properties": { "osm_id": "4706797564", "name": null, "barrier": null, "highway": null, "ref": null, "address": null, "is_in": null, "place": null, "man_made": null, "other_tags": "\"genus\"=>\"Cupressus\",\"natural\"=>\"tree\"" }, "geometry": { "type": "Point", "coordinates": [ 9.3741079, 45.7240933 ] } },
{ "type": "Feature", "properties": { "osm_id": "4706797565", "name": null, "barrier": null, "highway": null, "ref": null, "address": null, "is_in": null, "place": null, "man_made": null, "other_tags": "\"genus\"=>\"Cupressus\",\"natural\"=>\"tree\"" }, "geometry": { "type": "Point", "coordinates": [ 9.3742206, 45.7240343 ] } },
{ "type": "Feature", "properties": { "osm_id": "4706797566", "name": null, "barrier": null, "highway": null, "ref": null, "address": null, "is_in": null, "place": null, "man_made": null, "other_tags": "\"genus\"=>\"Cupressus\",\"natural\"=>\"tree\"" }, "geometry": { "type": "Point", "coordinates": [ 9.3741146, 45.724046 ] } },
{ "type": "Feature", "properties": { "osm_id": "4706797567", "name": null, "barrier": null, "highway": null, "ref": null, "address": null, "is_in": null, "place": null, "man_made": null, "other_tags": "\"genus\"=>\"Cupressus\",\"natural\"=>\"tree\"" }, "geometry": { "type": "Point", "coordinates": [ 9.3741944, 45.7240802 ] } },
{ "type": "Feature", "properties": { "osm_id": "4865553688", "name": null, "barrier": null, "highway": null, "ref": null, "address": null, "is_in": null, "place": null, "man_made": null, "other_tags": "\"addr:city\"=>\"Santa Maria Hoè\",\"addr:housenumber\"=>\"13bis\",\"addr:postcode\"=>\"23889\",\"addr:street\"=>\"Via Trento\"" }, "geometry": { "type": "Point", "coordinates": [ 9.3784028, 45.7408993 ] } },
{ "type": "Feature", "properties": { "osm_id": "4865553689", "name": null, "barrier": null, "highway": null, "ref": null, "address": null, "is_in": null, "place": null, "man_made": null, "other_tags": "\"addr:city\"=>\"Santa Maria Hoè\",\"addr:housenumber\"=>\"13\",\"addr:postcode\"=>\"23889\",\"addr:street\"=>\"Via Trento\"" }, "geometry": { "type": "Point", "coordinates": [ 9.3783224, 45.7411511 ] } },
{ "type": "Feature", "properties": { "osm_id": "4865553690", "name": null, "barrier": null, "highway": null, "ref": null, "address": null, "is_in": null, "place": null, "man_made": null, "other_tags": "\"addr:city\"=>\"Santa Maria Hoè\",\"addr:housenumber\"=>\"12\",\"addr:postcode\"=>\"23889\",\"addr:street\"=>\"Via Trento\"" }, "geometry": { "type": "Point", "coordinates": [ 9.377916, 45.7411071 ] } },
{ "type": "Feature", "properties": { "osm_id": "4869723361", "name": null, "barrier": null, "highway": null, "ref": null, "address": null, "is_in": null, "place": null, "man_made": null, "other_tags": "\"bridge:support\"=>\"pier\"" }, "geometry": { "type": "Point", "coordinates": [ 9.448422, 45.739322 ] } },
{ "type": "Feature", "properties": { "osm_id": "4869723362", "name": null, "barrier": null, "highway": null, "ref": null, "address": null, "is_in": null, "place": null, "man_made": null, "other_tags": "\"bridge:support\"=>\"pier\"" }, "geometry": { "type": "Point", "coordinates": [ 9.4489691, 45.7392798 ] } },
{ "type": "Feature", "properties": { "osm_id": "4869723536", "name": null, "barrier": null, "highway": "crossing", "ref": null, "address": null, "is_in": null, "place": null, "man_made": null, "other_tags": "\"crossing\"=>\"zebra\",\"crossing:island\"=>\"no\",\"tactile_paving\"=>\"no\"" }, "geometry": { "type": "Point", "coordinates": [ 9.4492401, 45.7419059 ] } },
{ "type": "Feature", "properties": { "osm_id": "4869723538", "name": null, "barrier": null, "highway": "crossing", "ref": null, "address": null, "is_in": null, "place": null, "man_made": null, "other_tags": "\"crossing\"=>\"zebra\",\"crossing:island\"=>\"no\",\"tactile_paving\"=>\"no\"" }, "geometry": { "type": "Point", "coordinates": [ 9.4494299, 45.7420997 ] } },
{ "type": "Feature", "properties": { "osm_id": "4869723540", "name": null, "barrier": null, "highway": "crossing", "ref": null, "address": null, "is_in": null, "place": null, "man_made": null, "other_tags": "\"crossing\"=>\"zebra\"" }, "geometry": { "type": "Point", "coordinates": [ 9.4500992, 45.743007 ] } },
{ "type": "Feature", "properties": { "osm_id": "4869723546", "name": null, "barrier": null, "highway": null, "ref": null, "address": null, "is_in": null, "place": null, "man_made": null, "other_tags": "\"leisure\"=>\"playground\"" }, "geometry": { "type": "Point", "coordinates": [ 9.4504853, 45.7432161 ] } },
{ "type": "Feature", "properties": { "osm_id": "4869723547", "name": null, "barrier": null, "highway": null, "ref": null, "address": null, "is_in": null, "place": null, "man_made": null, "other_tags": "\"covered\"=>\"no\",\"leisure\"=>\"picnic_table\"" }, "geometry": { "type": "Point", "coordinates": [ 9.450332, 45.743046 ] } },
{ "type": "Feature", "properties": { "osm_id": "4869723744", "name": null, "barrier": null, "highway": null, "ref": null, "address": null, "is_in": null, "place": null, "man_made": null, "other_tags": "\"leisure\"=>\"marina\",\"seamark:harbour:category\"=>\"marina\",\"seamark:type\"=>\"harbour\"" }, "geometry": { "type": "Point", "coordinates": [ 9.451004, 45.7435047 ] } },
{ "type": "Feature", "properties": { "osm_id": "4946954571", "name": null, "barrier": null, "highway": null, "ref": null, "address": null, "is_in": null, "place": null, "man_made": null, "other_tags": "\"amenity\"=>\"drinking_water\",\"wikimedia_commons\"=>\"File:Lavoir in Pianezzo (Olgiate Molgora).jpg\"" }, "geometry": { "type": "Point", "coordinates": [ 9.3949245, 45.710073 ] } },
{ "type": "Feature", "properties": { "osm_id": "5033801467", "name": null, "barrier": null, "highway": null, "ref": null, "address": null, "is_in": null, "place": null, "man_made": null, "other_tags": "\"natural\"=>\"peak\",\"peak\"=>\"hill\"" }, "geometry": { "type": "Point", "coordinates": [ 9.3652102, 45.7298115 ] } },
{ "type": "Feature", "properties": { "osm_id": "5033801468", "name": "Cipressi", "barrier": null, "highway": null, "ref": null, "address": null, "is_in": null, "place": null, "man_made": null, "other_tags": "\"alt_name\"=>\"Piramide dei Cipressi\",\"natural\"=>\"peak\",\"peak\"=>\"hill\"" }, "geometry": { "type": "Point", "coordinates": [ 9.3740942, 45.7240554 ] } },
{ "type": "Feature", "properties": { "osm_id": "5033801469", "name": null, "barrier": null, "highway": null, "ref": null, "address": null, "is_in": null, "place": null, "man_made": null, "other_tags": "\"natural\"=>\"peak\",\"peak\"=>\"hill\"" }, "geometry": { "type": "Point", "coordinates": [ 9.3700229, 45.7277785 ] } },
{ "type": "Feature", "properties": { "osm_id": "5033801470", "name": "Monolite", "barrier": null, "highway": null, "ref": null, "address": null, "is_in": null, "place": null, "man_made": null, "other_tags": "\"historic\"=>\"archaeological_site\",\"historic:civilization\"=>\"celtic\"" }, "geometry": { "type": "Point", "coordinates": [ 9.3700363, 45.7276628 ] } },
{ "type": "Feature", "properties": { "osm_id": "5057729690", "name": null, "barrier": null, "highway": null, "ref": null, "address": null, "is_in": null, "place": null, "man_made": null, "other_tags": "\"addr:housenumber\"=>\"12\",\"addr:street\"=>\"Piazza Frigerio\"" }, "geometry": { "type": "Point", "coordinates": [ 9.4490157, 45.7419364 ] } },
{ "type": "Feature", "properties": { "osm_id": "5057729700", "name": null, "barrier": null, "highway": null, "ref": null, "address": null, "is_in": null, "place": null, "man_made": null, "other_tags": "\"addr:housenumber\"=>\"11\",\"addr:street\"=>\"Piazza Frigerio\"" }, "geometry": { "type": "Point", "coordinates": [ 9.4491004, 45.7418838 ] } },
{ "type": "Feature", "properties": { "osm_id": "5057729701", "name": null, "barrier": null, "highway": null, "ref": null, "address": null, "is_in": null, "place": null, "man_made": null, "other_tags": "\"amenity\"=>\"ice_cream\"" }, "geometry": { "type": "Point", "coordinates": [ 9.4489798, 45.7421684 ] } },
{ "type": "Feature", "properties": { "osm_id": "5057729704", "name": null, "barrier": null, "highway": null, "ref": null, "address": null, "is_in": null, "place": null, "man_made": null, "other_tags": "\"amenity\"=>\"drinking_water\"" }, "geometry": { "type": "Point", "coordinates": [ 9.4506632, 45.7435012 ] } },
{ "type": "Feature", "properties": { "osm_id": "5057729705", "name": null, "barrier": null, "highway": null, "ref": null, "address": null, "is_in": null, "place": null, "man_made": null, "other_tags": "\"historic\"=>\"memorial\",\"material\"=>\"stone\",\"memorial\"=>\"war_memorial\"" }, "geometry": { "type": "Point", "coordinates": [ 9.4509163, 45.7433721 ] } },
{ "type": "Feature", "properties": { "osm_id": "5057729715", "name": null, "barrier": "gate", "highway": null, "ref": null, "address": null, "is_in": null, "place": null, "man_made": null, "other_tags": "\"addr:housenumber\"=>\"15;16\",\"addr:street\"=>\"Lung'Adda Monfalcone\"" }, "geometry": { "type": "Point", "coordinates": [ 9.4502592, 45.7436884 ] } },
{ "type": "Feature", "properties": { "osm_id": "5057729745", "name": null, "barrier": "height_restrictor", "highway": null, "ref": null, "address": null, "is_in": null, "place": null, "man_made": null, "other_tags": "\"maxheight\"=>\"2.20\"" }, "geometry": { "type": "Point", "coordinates": [ 9.4503387, 45.7437782 ] } },
{ "type": "Feature", "properties": { "osm_id": "5094793308", "name": null, "barrier": "swing_gate", "highway": null, "ref": null, "address": null, "is_in": null, "place": null, "man_made": null, "other_tags": "\"access\"=>\"private\"" }, "geometry": { "type": "Point", "coordinates": [ 9.3884465, 45.7452441 ] } },
{ "type": "Feature", "properties": { "osm_id": "5139731379", "name": null, "barrier": null, "highway": null, "ref": null, "address": null, "is_in": null, "place": null, "man_made": null, "other_tags": "\"leaf_type\"=>\"broadleaved\",\"natural\"=>\"tree\"" }, "geometry": { "type": "Point", "coordinates": [ 9.4317117, 45.7190066 ] } },
{ "type": "Feature", "properties": { "osm_id": "5139731380", "name": null, "barrier": null, "highway": null, "ref": null, "address": null, "is_in": null, "place": null, "man_made": null, "other_tags": "\"leaf_type\"=>\"broadleaved\",\"natural\"=>\"tree\"" }, "geometry": { "type": "Point", "coordinates": [ 9.43165, 45.7189654 ] } },
{ "type": "Feature", "properties": { "osm_id": "5139731381", "name": null, "barrier": null, "highway": null, "ref": null, "address": null, "is_in": null, "place": null, "man_made": null, "other_tags": "\"leaf_type\"=>\"broadleaved\",\"natural\"=>\"tree\"" }, "geometry": { "type": "Point", "coordinates": [ 9.4317359, 45.7188999 ] } },
{ "type": "Feature", "properties": { "osm_id": "5139731382", "name": null, "barrier": null, "highway": null, "ref": null, "address": null, "is_in": null, "place": null, "man_made": null, "other_tags": "\"leaf_type\"=>\"broadleaved\",\"natural\"=>\"tree\"" }, "geometry": { "type": "Point", "coordinates": [ 9.4318217, 45.7188306 ] } },
{ "type": "Feature", "properties": { "osm_id": "5139731383", "name": null, "barrier": null, "highway": null, "ref": null, "address": null, "is_in": null, "place": null, "man_made": null, "other_tags": "\"leaf_type\"=>\"broadleaved\",\"natural\"=>\"tree\"" }, "geometry": { "type": "Point", "coordinates": [ 9.4319531, 45.7187613 ] } },
{ "type": "Feature", "properties": { "osm_id": "5139731384", "name": null, "barrier": null, "highway": null, "ref": null, "address": null, "is_in": null, "place": null, "man_made": null, "other_tags": "\"leaf_type\"=>\"broadleaved\",\"natural\"=>\"tree\"" }, "geometry": { "type": "Point", "coordinates": [ 9.4320926, 45.7186901 ] } },
{ "type": "Feature", "properties": { "osm_id": "5139731546", "name": null, "barrier": null, "highway": "stop", "ref": null, "address": null, "is_in": null, "place": null, "man_made": null, "other_tags": "\"direction\"=>\"backward\"" }, "geometry": { "type": "Point", "coordinates": [ 9.4325444, 45.7183682 ] } },
{ "type": "Feature", "properties": { "osm_id": "5140804869", "name": null, "barrier": null, "highway": null, "ref": null, "address": null, "is_in": null, "place": null, "man_made": null, "other_tags": "\"natural\"=>\"tree\"" }, "geometry": { "type": "Point", "coordinates": [ 9.4430219, 45.7140267 ] } },
{ "type": "Feature", "properties": { "osm_id": "5140804870", "name": null, "barrier": null, "highway": null, "ref": null, "address": null, "is_in": null, "place": null, "man_made": null, "other_tags": "\"natural\"=>\"tree\"" }, "geometry": { "type": "Point", "coordinates": [ 9.4431496, 45.7139226 ] } },
{ "type": "Feature", "properties": { "osm_id": "5140804871", "name": null, "barrier": null, "highway": null, "ref": null, "address": null, "is_in": null, "place": null, "man_made": null, "other_tags": "\"natural\"=>\"tree\"" }, "geometry": { "type": "Point", "coordinates": [ 9.4432211, 45.7138809 ] } },
{ "type": "Feature", "properties": { "osm_id": "5140804872", "name": null, "barrier": null, "highway": null, "ref": null, "address": null, "is_in": null, "place": null, "man_made": null, "other_tags": "\"natural\"=>\"tree\"" }, "geometry": { "type": "Point", "coordinates": [ 9.4432747, 45.7138454 ] } },
{ "type": "Feature", "properties": { "osm_id": "5140804873", "name": null, "barrier": null, "highway": null, "ref": null, "address": null, "is_in": null, "place": null, "man_made": null, "other_tags": "\"natural\"=>\"tree\"" }, "geometry": { "type": "Point", "coordinates": [ 9.4439238, 45.714469 ] } },
{ "type": "Feature", "properties": { "osm_id": "5140804874", "name": null, "barrier": null, "highway": null, "ref": null, "address": null, "is_in": null, "place": null, "man_made": null, "other_tags": "\"natural\"=>\"tree\"" }, "geometry": { "type": "Point", "coordinates": [ 9.4440123, 45.7144147 ] } },
{ "type": "Feature", "properties": { "osm_id": "5140804875", "name": null, "barrier": null, "highway": null, "ref": null, "address": null, "is_in": null, "place": null, "man_made": null, "other_tags": "\"natural\"=>\"tree\"" }, "geometry": { "type": "Point", "coordinates": [ 9.4440687, 45.7143791 ] } },
{ "type": "Feature", "properties": { "osm_id": "5140804876", "name": null, "barrier": null, "highway": null, "ref": null, "address": null, "is_in": null, "place": null, "man_made": null, "other_tags": "\"natural\"=>\"tree\"" }, "geometry": { "type": "Point", "coordinates": [ 9.4441143, 45.7143454 ] } },
{ "type": "Feature", "properties": { "osm_id": "5140804877", "name": null, "barrier": null, "highway": null, "ref": null, "address": null, "is_in": null, "place": null, "man_made": null, "other_tags": "\"natural\"=>\"tree\"" }, "geometry": { "type": "Point", "coordinates": [ 9.4440392, 45.7143491 ] } },
{ "type": "Feature", "properties": { "osm_id": "5140804878", "name": null, "barrier": null, "highway": null, "ref": null, "address": null, "is_in": null, "place": null, "man_made": null, "other_tags": "\"natural\"=>\"tree\"" }, "geometry": { "type": "Point", "coordinates": [ 9.4439936, 45.7143716 ] } },
{ "type": "Feature", "properties": { "osm_id": "5140804879", "name": null, "barrier": null, "highway": null, "ref": null, "address": null, "is_in": null, "place": null, "man_made": null, "other_tags": "\"natural\"=>\"tree\"" }, "geometry": { "type": "Point", "coordinates": [ 9.4439131, 45.7143753 ] } },
{ "type": "Feature", "properties": { "osm_id": "5140804880", "name": null, "barrier": null, "highway": null, "ref": null, "address": null, "is_in": null, "place": null, "man_made": null, "other_tags": "\"natural\"=>\"tree\"" }, "geometry": { "type": "Point", "coordinates": [ 9.4439507, 45.714424 ] } },
{ "type": "Feature", "properties": { "osm_id": "5140804881", "name": null, "barrier": null, "highway": null, "ref": null, "address": null, "is_in": null, "place": null, "man_made": null, "other_tags": "\"natural\"=>\"tree\"" }, "geometry": { "type": "Point", "coordinates": [ 9.4438434, 45.7144128 ] } },
{ "type": "Feature", "properties": { "osm_id": "5140804882", "name": null, "barrier": null, "highway": null, "ref": null, "address": null, "is_in": null, "place": null, "man_made": null, "other_tags": "\"natural\"=>\"tree\"" }, "geometry": { "type": "Point", "coordinates": [ 9.4437495, 45.7144465 ] } },
{ "type": "Feature", "properties": { "osm_id": "5140804883", "name": null, "barrier": null, "highway": null, "ref": null, "address": null, "is_in": null, "place": null, "man_made": null, "other_tags": "\"natural\"=>\"tree\"" }, "geometry": { "type": "Point", "coordinates": [ 9.4438246, 45.7144858 ] } },
{ "type": "Feature", "properties": { "osm_id": "5140804884", "name": null, "barrier": null, "highway": null, "ref": null, "address": null, "is_in": null, "place": null, "man_made": null, "other_tags": "\"natural\"=>\"tree\"" }, "geometry": { "type": "Point", "coordinates": [ 9.4438997, 45.7145177 ] } },
{ "type": "Feature", "properties": { "osm_id": "5140804885", "name": null, "barrier": null, "highway": null, "ref": null, "address": null, "is_in": null, "place": null, "man_made": null, "other_tags": "\"natural\"=>\"tree\"" }, "geometry": { "type": "Point", "coordinates": [ 9.4438729, 45.7145757 ] } },
{ "type": "Feature", "properties": { "osm_id": "5140804886", "name": null, "barrier": null, "highway": null, "ref": null, "address": null, "is_in": null, "place": null, "man_made": null, "other_tags": "\"natural\"=>\"tree\"" }, "geometry": { "type": "Point", "coordinates": [ 9.4438085, 45.714527 ] } },
{ "type": "Feature", "properties": { "osm_id": "5140804887", "name": null, "barrier": null, "highway": null, "ref": null, "address": null, "is_in": null, "place": null, "man_made": null, "other_tags": "\"natural\"=>\"tree\"" }, "geometry": { "type": "Point", "coordinates": [ 9.4437548, 45.7144933 ] } },
{ "type": "Feature", "properties": { "osm_id": "5140804888", "name": null, "barrier": null, "highway": null, "ref": null, "address": null, "is_in": null, "place": null, "man_made": null, "other_tags": "\"natural\"=>\"tree\"" }, "geometry": { "type": "Point", "coordinates": [ 9.4437012, 45.7144727 ] } },
{ "type": "Feature", "properties": { "osm_id": "5140804889", "name": null, "barrier": null, "highway": null, "ref": null, "address": null, "is_in": null, "place": null, "man_made": null, "other_tags": "\"natural\"=>\"tree\"" }, "geometry": { "type": "Point", "coordinates": [ 9.4436771, 45.7147592 ] } },
{ "type": "Feature", "properties": { "osm_id": "5140804890", "name": null, "barrier": null, "highway": null, "ref": null, "address": null, "is_in": null, "place": null, "man_made": null, "other_tags": "\"natural\"=>\"tree\"" }, "geometry": { "type": "Point", "coordinates": [ 9.443661, 45.7147087 ] } },
{ "type": "Feature", "properties": { "osm_id": "5140804891", "name": null, "barrier": null, "highway": null, "ref": null, "address": null, "is_in": null, "place": null, "man_made": null, "other_tags": "\"natural\"=>\"tree\"" }, "geometry": { "type": "Point", "coordinates": [ 9.4435832, 45.7147068 ] } },
{ "type": "Feature", "properties": { "osm_id": "5140804892", "name": null, "barrier": null, "highway": null, "ref": null, "address": null, "is_in": null, "place": null, "man_made": null, "other_tags": "\"natural\"=>\"tree\"" }, "geometry": { "type": "Point", "coordinates": [ 9.4435966, 45.7146581 ] } },
{ "type": "Feature", "properties": { "osm_id": "5140804893", "name": null, "barrier": null, "highway": null, "ref": null, "address": null, "is_in": null, "place": null, "man_made": null, "other_tags": "\"natural\"=>\"tree\"" }, "geometry": { "type": "Point", "coordinates": [ 9.4434705, 45.71466 ] } },
{ "type": "Feature", "properties": { "osm_id": "5140804894", "name": null, "barrier": null, "highway": null, "ref": null, "address": null, "is_in": null, "place": null, "man_made": null, "other_tags": "\"natural\"=>\"tree\"" }, "geometry": { "type": "Point", "coordinates": [ 9.4435242, 45.7146282 ] } },
{ "type": "Feature", "properties": { "osm_id": "5140804895", "name": null, "barrier": null, "highway": null, "ref": null, "address": null, "is_in": null, "place": null, "man_made": null, "other_tags": "\"natural\"=>\"tree\"" }, "geometry": { "type": "Point", "coordinates": [ 9.4434437, 45.7145982 ] } },
{ "type": "Feature", "properties": { "osm_id": "5140804896", "name": null, "barrier": null, "highway": null, "ref": null, "address": null, "is_in": null, "place": null, "man_made": null, "other_tags": "\"natural\"=>\"tree\"" }, "geometry": { "type": "Point", "coordinates": [ 9.4433525, 45.7145326 ] } },
{ "type": "Feature", "properties": { "osm_id": "5140804897", "name": null, "barrier": null, "highway": null, "ref": null, "address": null, "is_in": null, "place": null, "man_made": null, "other_tags": "\"natural\"=>\"tree\"" }, "geometry": { "type": "Point", "coordinates": [ 9.4433579, 45.7145944 ] } },
{ "type": "Feature", "properties": { "osm_id": "5140804898", "name": null, "barrier": null, "highway": null, "ref": null, "address": null, "is_in": null, "place": null, "man_made": null, "other_tags": "\"natural\"=>\"tree\"" }, "geometry": { "type": "Point", "coordinates": [ 9.4431943, 45.7146001 ] } },
{ "type": "Feature", "properties": { "osm_id": "5140804899", "name": null, "barrier": null, "highway": null, "ref": null, "address": null, "is_in": null, "place": null, "man_made": null, "other_tags": "\"natural\"=>\"tree\"" }, "geometry": { "type": "Point", "coordinates": [ 9.443264, 45.714557 ] } },
{ "type": "Feature", "properties": { "osm_id": "5140804900", "name": null, "barrier": null, "highway": null, "ref": null, "address": null, "is_in": null, "place": null, "man_made": null, "other_tags": "\"natural\"=>\"tree\"" }, "geometry": { "type": "Point", "coordinates": [ 9.4432721, 45.7144858 ] } },
{ "type": "Feature", "properties": { "osm_id": "5140804901", "name": null, "barrier": null, "highway": null, "ref": null, "address": null, "is_in": null, "place": null, "man_made": null, "other_tags": "\"natural\"=>\"tree\"" }, "geometry": { "type": "Point", "coordinates": [ 9.4431862, 45.7144896 ] } },
{ "type": "Feature", "properties": { "osm_id": "5265369805", "name": null, "barrier": null, "highway": null, "ref": null, "address": null, "is_in": null, "place": null, "man_made": null, "other_tags": "\"leisure\"=>\"picnic_table\"" }, "geometry": { "type": "Point", "coordinates": [ 9.3719776, 45.7141197 ] } },
{ "type": "Feature", "properties": { "osm_id": "5265369806", "name": null, "barrier": null, "highway": null, "ref": null, "address": null, "is_in": null, "place": null, "man_made": null, "other_tags": "\"leisure\"=>\"picnic_table\"" }, "geometry": { "type": "Point", "coordinates": [ 9.371928, 45.7141 ] } },
{ "type": "Feature", "properties": { "osm_id": "5329242223", "name": "Municipio della Valletta Brianza", "barrier": null, "highway": null, "ref": null, "address": null, "is_in": null, "place": null, "man_made": null, "other_tags": "\"amenity\"=>\"townhall\",\"email\"=>\"info@unionevalletta.it\",\"phone\"=>\"+39 039 5311174\",\"website\"=>\"https://www.comune.lavallettabrianza.lc.it/\"" }, "geometry": { "type": "Point", "coordinates": [ 9.3611589, 45.7404912 ] } },
{ "type": "Feature", "properties": { "osm_id": "5406073921", "name": null, "barrier": null, "highway": null, "ref": null, "address": null, "is_in": null, "place": null, "man_made": null, "other_tags": "\"amenity\"=>\"drinking_water\"" }, "geometry": { "type": "Point", "coordinates": [ 9.4064056, 45.7421793 ] } },
{ "type": "Feature", "properties": { "osm_id": "5409570126", "name": null, "barrier": null, "highway": null, "ref": null, "address": null, "is_in": null, "place": null, "man_made": null, "other_tags": "\"shop\"=>\"bakery\"" }, "geometry": { "type": "Point", "coordinates": [ 9.3615061, 45.7595268 ] } },
{ "type": "Feature", "properties": { "osm_id": "5410309689", "name": null, "barrier": null, "highway": null, "ref": null, "address": null, "is_in": null, "place": null, "man_made": null, "other_tags": "\"amenity\"=>\"vending_machine\",\"vending\"=>\"cigarettes\"" }, "geometry": { "type": "Point", "coordinates": [ 9.3615495, 45.7595185 ] } },
{ "type": "Feature", "properties": { "osm_id": "5416291523", "name": null, "barrier": null, "highway": null, "ref": null, "address": null, "is_in": null, "place": null, "man_made": null, "other_tags": "\"amenity\"=>\"water_point\",\"drinking_water\"=>\"yes\"" }, "geometry": { "type": "Point", "coordinates": [ 9.4185179, 45.7128003 ] } },
{ "type": "Feature", "properties": { "osm_id": "5416291524", "name": null, "barrier": "gate", "highway": null, "ref": null, "address": null, "is_in": null, "place": null, "man_made": null, "other_tags": "\"locked\"=>\"no\"" }, "geometry": { "type": "Point", "coordinates": [ 9.418734, 45.712886 ] } },
{ "type": "Feature", "properties": { "osm_id": "5417056031", "name": null, "barrier": null, "highway": null, "ref": null, "address": null, "is_in": null, "place": null, "man_made": "cross", "other_tags": "\"mapillary\"=>\"321208822697060\",\"material\"=>\"wood\"" }, "geometry": { "type": "Point", "coordinates": [ 9.4163265, 45.7467647 ] } },
{ "type": "Feature", "properties": { "osm_id": "5440285201", "name": null, "barrier": null, "highway": null, "ref": null, "address": null, "is_in": null, "place": null, "man_made": null, "other_tags": "\"noexit\"=>\"yes\"" }, "geometry": { "type": "Point", "coordinates": [ 9.4245228, 45.7547783 ] } },
{ "type": "Feature", "properties": { "osm_id": "5440503519", "name": null, "barrier": null, "highway": null, "ref": null, "address": null, "is_in": null, "place": null, "man_made": null, "other_tags": "\"entrance\"=>\"yes\",\"level\"=>\"0\"" }, "geometry": { "type": "Point", "coordinates": [ 9.4120015, 45.713254 ] } },
{ "type": "Feature", "properties": { "osm_id": "5505656355", "name": null, "barrier": null, "highway": null, "ref": null, "address": null, "is_in": null, "place": null, "man_made": null, "other_tags": "\"noexit\"=>\"yes\"" }, "geometry": { "type": "Point", "coordinates": [ 9.4245579, 45.7549349 ] } },
{ "type": "Feature", "properties": { "osm_id": "5507496949", "name": null, "barrier": "gate", "highway": null, "ref": null, "address": null, "is_in": null, "place": null, "man_made": null, "other_tags": "\"noexit\"=>\"yes\"" }, "geometry": { "type": "Point", "coordinates": [ 9.4430727, 45.7367556 ] } },
{ "type": "Feature", "properties": { "osm_id": "5507496951", "name": null, "barrier": null, "highway": "traffic_signals", "ref": null, "address": null, "is_in": null, "place": null, "man_made": null, "other_tags": "\"traffic_signals\"=>\"signal\",\"traffic_signals:direction\"=>\"both\"" }, "geometry": { "type": "Point", "coordinates": [ 9.4423815, 45.7406969 ] } },
{ "type": "Feature", "properties": { "osm_id": "5507496999", "name": null, "barrier": "gate", "highway": null, "ref": null, "address": null, "is_in": null, "place": null, "man_made": null, "other_tags": "\"noexit\"=>\"yes\"" }, "geometry": { "type": "Point", "coordinates": [ 9.4449721, 45.7398494 ] } },
{ "type": "Feature", "properties": { "osm_id": "5507497000", "name": null, "barrier": null, "highway": "traffic_signals", "ref": null, "address": null, "is_in": null, "place": null, "man_made": null, "other_tags": "\"traffic_signals\"=>\"signal\",\"traffic_signals:direction\"=>\"both\"" }, "geometry": { "type": "Point", "coordinates": [ 9.4447236, 45.7406709 ] } },
{ "type": "Feature", "properties": { "osm_id": "5507497001", "name": null, "barrier": "gate", "highway": null, "ref": null, "address": null, "is_in": null, "place": null, "man_made": null, "other_tags": "\"noexit\"=>\"yes\"" }, "geometry": { "type": "Point", "coordinates": [ 9.4449511, 45.7399966 ] } },
{ "type": "Feature", "properties": { "osm_id": "5507561609", "name": null, "barrier": "cycle_barrier", "highway": null, "ref": null, "address": null, "is_in": null, "place": null, "man_made": null, "other_tags": null }, "geometry": { "type": "Point", "coordinates": [ 9.4474228, 45.739451 ] } },
{ "type": "Feature", "properties": { "osm_id": "5508335555", "name": null, "barrier": "gate", "highway": null, "ref": null, "address": null, "is_in": null, "place": null, "man_made": null, "other_tags": null }, "geometry": { "type": "Point", "coordinates": [ 9.4245117, 45.725381 ] } },
{ "type": "Feature", "properties": { "osm_id": "5514197782", "name": null, "barrier": "gate", "highway": null, "ref": null, "address": null, "is_in": null, "place": null, "man_made": null, "other_tags": "\"access\"=>\"private\",\"bicycle\"=>\"no\",\"foot\"=>\"no\",\"motor_vehicle\"=>\"private\"" }, "geometry": { "type": "Point", "coordinates": [ 9.3566915, 45.7575552 ] } },
{ "type": "Feature", "properties": { "osm_id": "5544400325", "name": "C.M.C. di Colombo & C. Srl", "barrier": null, "highway": null, "ref": null, "address": null, "is_in": null, "place": null, "man_made": null, "other_tags": "\"addr:city\"=>\"Calco\",\"addr:housenumber\"=>\"10\",\"addr:postcode\"=>\"23885\",\"addr:street\"=>\"Via Nuova Provinciale\",\"description\"=>\"Installazione impianti di sicurezza, automazioni, impianti domotici e sistemi integrati\",\"email\"=>\"info@cmc-snc.it\",\"phone\"=>\"+39 039 9920923\"" }, "geometry": { "type": "Point", "coordinates": [ 9.4422776, 45.7259577 ] } },
{ "type": "Feature", "properties": { "osm_id": "5569912921", "name": "Carmen", "barrier": null, "highway": null, "ref": null, "address": null, "is_in": null, "place": null, "man_made": null, "other_tags": "\"addr:housenumber\"=>\"7\",\"addr:street\"=>\"Piazza Frigerio\",\"amenity\"=>\"restaurant\",\"cuisine\"=>\"italian_pizza\"" }, "geometry": { "type": "Point", "coordinates": [ 9.4492878, 45.7421336 ] } },
{ "type": "Feature", "properties": { "osm_id": "5655702565", "name": null, "barrier": null, "highway": null, "ref": null, "address": null, "is_in": null, "place": null, "man_made": null, "other_tags": "\"entrance\"=>\"yes\"" }, "geometry": { "type": "Point", "coordinates": [ 9.4511149, 45.7364612 ] } },
{ "type": "Feature", "properties": { "osm_id": "5655702566", "name": null, "barrier": null, "highway": null, "ref": null, "address": null, "is_in": null, "place": null, "man_made": null, "other_tags": "\"addr:housenumber\"=>\"12\",\"addr:street\"=>\"Viale delle Industrie\"" }, "geometry": { "type": "Point", "coordinates": [ 9.4511141, 45.7364467 ] } },
{ "type": "Feature", "properties": { "osm_id": "5655743203", "name": "Biblioteca Comunale Pietro Frigerio", "barrier": null, "highway": null, "ref": null, "address": null, "is_in": null, "place": null, "man_made": null, "other_tags": "\"addr:city\"=>\"Brivio\",\"addr:housenumber\"=>\"25a\",\"addr:postcode\"=>\"23883\",\"addr:street\"=>\"Via Vittorio Emanuele II\",\"amenity\"=>\"library\",\"internet_access\"=>\"yes\",\"internet_access:fee\"=>\"no\",\"phone\"=>\"+39 039 5321377\",\"start_date\"=>\"2006-03-26\",\"website\"=>\"https://www.comune.brivio.lc.it/\",\"wikidata\"=>\"Q112941220\"" }, "geometry": { "type": "Point", "coordinates": [ 9.4470908, 45.7422468 ] } },
{ "type": "Feature", "properties": { "osm_id": "5688538872", "name": null, "barrier": null, "highway": "crossing", "ref": null, "address": null, "is_in": null, "place": null, "man_made": null, "other_tags": null }, "geometry": { "type": "Point", "coordinates": [ 9.3618053, 45.7596426 ] } },
{ "type": "Feature", "properties": { "osm_id": "5688538873", "name": null, "barrier": null, "highway": "crossing", "ref": null, "address": null, "is_in": null, "place": null, "man_made": null, "other_tags": null }, "geometry": { "type": "Point", "coordinates": [ 9.361525, 45.7595967 ] } },
{ "type": "Feature", "properties": { "osm_id": "5741238435", "name": "Ripamonti Calzature", "barrier": null, "highway": null, "ref": null, "address": null, "is_in": null, "place": null, "man_made": null, "other_tags": "\"shop\"=>\"shoes\"" }, "geometry": { "type": "Point", "coordinates": [ 9.3602661, 45.7590968 ] } },
{ "type": "Feature", "properties": { "osm_id": "5748667743", "name": null, "barrier": null, "highway": null, "ref": null, "address": null, "is_in": null, "place": null, "man_made": null, "other_tags": "\"amenity\"=>\"vending_machine\",\"payment:coins\"=>\"yes\",\"vending\"=>\"parking_tickets\"" }, "geometry": { "type": "Point", "coordinates": [ 9.4501675, 45.7443666 ] } },
{ "type": "Feature", "properties": { "osm_id": "5748770932", "name": null, "barrier": null, "highway": null, "ref": null, "address": null, "is_in": null, "place": null, "man_made": null, "other_tags": "\"amenity\"=>\"waste_basket\"" }, "geometry": { "type": "Point", "coordinates": [ 9.4506718, 45.7435121 ] } },
{ "type": "Feature", "properties": { "osm_id": "5748770933", "name": null, "barrier": "gate", "highway": null, "ref": null, "address": null, "is_in": null, "place": null, "man_made": null, "other_tags": null }, "geometry": { "type": "Point", "coordinates": [ 9.4510774, 45.7433674 ] } },
{ "type": "Feature", "properties": { "osm_id": "5749012315", "name": "Casa dell'acqua", "barrier": null, "highway": null, "ref": null, "address": null, "is_in": null, "place": null, "man_made": null, "other_tags": "\"amenity\"=>\"vending_machine\",\"payment:coins\"=>\"yes\",\"vending\"=>\"water\"" }, "geometry": { "type": "Point", "coordinates": [ 9.4485265, 45.7435139 ] } },
{ "type": "Feature", "properties": { "osm_id": "5749012316", "name": "Distributore Latte", "barrier": null, "highway": null, "ref": null, "address": null, "is_in": null, "place": null, "man_made": null, "other_tags": "\"amenity\"=>\"vending_machine\",\"payment:coins\"=>\"yes\",\"vending\"=>\"milk\"" }, "geometry": { "type": "Point", "coordinates": [ 9.4487149, 45.743132 ] } },
{ "type": "Feature", "properties": { "osm_id": "5749012579", "name": "Mercato del Lunedì", "barrier": null, "highway": null, "ref": null, "address": null, "is_in": null, "place": null, "man_made": null, "other_tags": "\"amenity\"=>\"marketplace\",\"opening_hours\"=>\"Mo 07:00-12:30\",\"operator\"=>\"Comune di Brivio\",\"wheelchair\"=>\"yes\"" }, "geometry": { "type": "Point", "coordinates": [ 9.4487438, 45.7438297 ] } },
{ "type": "Feature", "properties": { "osm_id": "5749012580", "name": null, "barrier": null, "highway": null, "ref": null, "address": null, "is_in": null, "place": null, "man_made": null, "other_tags": "\"amenity\"=>\"motorcycle_parking\",\"covered\"=>\"no\",\"fee\"=>\"no\",\"supervised\"=>\"no\",\"surface\"=>\"asphalt\"" }, "geometry": { "type": "Point", "coordinates": [ 9.4503866, 45.743913 ] } },
{ "type": "Feature", "properties": { "osm_id": "5749368666", "name": "Brivio - capolinea", "barrier": null, "highway": "bus_stop", "ref": null, "address": null, "is_in": null, "place": null, "man_made": null, "other_tags": "\"bench\"=>\"yes\",\"bus\"=>\"yes\",\"lit\"=>\"yes\",\"public_transport\"=>\"platform\",\"shelter\"=>\"yes\",\"surface\"=>\"asphalt\"" }, "geometry": { "type": "Point", "coordinates": [ 9.4459145, 45.7424813 ] } },
{ "type": "Feature", "properties": { "osm_id": "5749368669", "name": null, "barrier": null, "highway": null, "ref": null, "address": null, "is_in": null, "place": null, "man_made": null, "other_tags": "\"amenity\"=>\"place_of_worship\",\"building\"=>\"chapel\",\"denomination\"=>\"catholic\",\"religion\"=>\"christian\"" }, "geometry": { "type": "Point", "coordinates": [ 9.4457402, 45.742588 ] } },
{ "type": "Feature", "properties": { "osm_id": "5749603240", "name": "Via Como", "barrier": null, "highway": "bus_stop", "ref": null, "address": null, "is_in": null, "place": null, "man_made": null, "other_tags": "\"bench\"=>\"yes\",\"bus\"=>\"yes\",\"departures_board\"=>\"timetable\",\"lit\"=>\"yes\",\"public_transport\"=>\"platform\",\"shelter\"=>\"yes\",\"surface\"=>\"asphalt\"" }, "geometry": { "type": "Point", "coordinates": [ 9.4456863, 45.7413677 ] } },
{ "type": "Feature", "properties": { "osm_id": "5749603241", "name": "Via Como", "barrier": null, "highway": null, "ref": null, "address": null, "is_in": null, "place": null, "man_made": null, "other_tags": "\"bus\"=>\"yes\",\"public_transport\"=>\"stop_position\"" }, "geometry": { "type": "Point", "coordinates": [ 9.4457727, 45.7413759 ] } },
{ "type": "Feature", "properties": { "osm_id": "5749606394", "name": null, "barrier": "gate", "highway": null, "ref": null, "address": null, "is_in": null, "place": null, "man_made": null, "other_tags": "\"noexit\"=>\"yes\"" }, "geometry": { "type": "Point", "coordinates": [ 9.444713, 45.7397039 ] } },
{ "type": "Feature", "properties": { "osm_id": "5749608479", "name": null, "barrier": null, "highway": null, "ref": null, "address": null, "is_in": null, "place": null, "man_made": null, "other_tags": "\"denomination\"=>\"catholic\",\"historic\"=>\"wayside_shrine\",\"religion\"=>\"christian\"" }, "geometry": { "type": "Point", "coordinates": [ 9.4417084, 45.7409105 ] } },
{ "type": "Feature", "properties": { "osm_id": "5760484335", "name": null, "barrier": "gate", "highway": null, "ref": null, "address": null, "is_in": null, "place": null, "man_made": null, "other_tags": "\"access\"=>\"private\"" }, "geometry": { "type": "Point", "coordinates": [ 9.4385049, 45.7142002 ] } },
{ "type": "Feature", "properties": { "osm_id": "5760484598", "name": null, "barrier": "gate", "highway": null, "ref": null, "address": null, "is_in": null, "place": null, "man_made": null, "other_tags": "\"access\"=>\"private\"" }, "geometry": { "type": "Point", "coordinates": [ 9.4401261, 45.7125674 ] } },
{ "type": "Feature", "properties": { "osm_id": "5783696435", "name": null, "barrier": null, "highway": null, "ref": null, "address": null, "is_in": null, "place": null, "man_made": null, "other_tags": "\"amenity\"=>\"drinking_water\"" }, "geometry": { "type": "Point", "coordinates": [ 9.4213504, 45.7143857 ] } },
{ "type": "Feature", "properties": { "osm_id": "5783697258", "name": null, "barrier": null, "highway": null, "ref": null, "address": null, "is_in": null, "place": null, "man_made": null, "other_tags": "\"amenity\"=>\"drinking_water\"" }, "geometry": { "type": "Point", "coordinates": [ 9.4423655, 45.7142452 ] } },
{ "type": "Feature", "properties": { "osm_id": "5836660194", "name": null, "barrier": null, "highway": null, "ref": null, "address": null, "is_in": null, "place": null, "man_made": null, "other_tags": "\"emergency\"=>\"fire_hydrant\",\"fire_hydrant:position\"=>\"sidewalk\",\"fire_hydrant:type\"=>\"pillar\",\"survey:date\"=>\"2018-08-16\"" }, "geometry": { "type": "Point", "coordinates": [ 9.4160718, 45.724834 ] } },
{ "type": "Feature", "properties": { "osm_id": "5836665160", "name": null, "barrier": null, "highway": null, "ref": null, "address": null, "is_in": null, "place": null, "man_made": null, "other_tags": "\"couplings\"=>\"2\",\"couplings:diameters\"=>\"45mm;45mm\",\"couplings:type\"=>\"UNI\",\"emergency\"=>\"fire_hydrant\",\"fire_hydrant:position\"=>\"lane\",\"fire_hydrant:type\"=>\"pillar\",\"pillar:type\"=>\"dry_barrel\",\"survey:date\"=>\"2018-08-16\"" }, "geometry": { "type": "Point", "coordinates": [ 9.3907946, 45.7313461 ] } },
{ "type": "Feature", "properties": { "osm_id": "5851842521", "name": "Q8", "barrier": null, "highway": null, "ref": null, "address": null, "is_in": null, "place": null, "man_made": null, "other_tags": "\"addr:city\"=>\"Olgiate Molgora\",\"addr:housenumber\"=>\"10\",\"addr:postcode\"=>\"23887\",\"addr:street\"=>\"Via Nazionale\",\"amenity\"=>\"fuel\",\"brand\"=>\"Q8\",\"brand:wikidata\"=>\"Q4119207\",\"operator\"=>\"Servizi & Gestioni Italia S.R.L.\",\"ref:mise\"=>\"23790\",\"self_service\"=>\"yes\"" }, "geometry": { "type": "Point", "coordinates": [ 9.4215175, 45.7386686 ] } },
{ "type": "Feature", "properties": { "osm_id": "5858705476", "name": "Flor & Fantasy", "barrier": null, "highway": null, "ref": null, "address": null, "is_in": null, "place": null, "man_made": null, "other_tags": "\"addr:city\"=>\"Brivio\",\"addr:postcode\"=>\"23883\",\"addr:street\"=>\"Via Suor Maria Anna Sala\",\"amenity\"=>\"ice_cream\",\"contact:phone\"=>\"+39 039 5320337\",\"ref:vatin\"=>\"IT02298520137\"" }, "geometry": { "type": "Point", "coordinates": [ 9.4481439, 45.7411725 ] } },
{ "type": "Feature", "properties": { "osm_id": "5894393722", "name": null, "barrier": null, "highway": null, "ref": null, "address": null, "is_in": null, "place": null, "man_made": null, "other_tags": "\"addr:city\"=>\"Merate\",\"addr:country\"=>\"IT\",\"addr:housenumber\"=>\"15\",\"addr:postcode\"=>\"23807\",\"addr:street\"=>\"Via Don Pietro Consonni\"" }, "geometry": { "type": "Point", "coordinates": [ 9.421636, 45.7140307 ] } },
{ "type": "Feature", "properties": { "osm_id": "5894393723", "name": null, "barrier": null, "highway": null, "ref": null, "address": null, "is_in": null, "place": null, "man_made": null, "other_tags": "\"addr:city\"=>\"Merate\",\"addr:country\"=>\"IT\",\"addr:housenumber\"=>\"8\",\"addr:postcode\"=>\"23807\",\"addr:street\"=>\"Via Don Pietro Consonni\"" }, "geometry": { "type": "Point", "coordinates": [ 9.4215649, 45.7137751 ] } },
{ "type": "Feature", "properties": { "osm_id": "5894393724", "name": null, "barrier": null, "highway": null, "ref": null, "address": null, "is_in": null, "place": null, "man_made": null, "other_tags": "\"addr:city\"=>\"Merate\",\"addr:country\"=>\"IT\",\"addr:housenumber\"=>\"6\",\"addr:postcode\"=>\"23807\",\"addr:street\"=>\"Via Don Pietro Consonni\"" }, "geometry": { "type": "Point", "coordinates": [ 9.4215207, 45.7139155 ] } },
{ "type": "Feature", "properties": { "osm_id": "5913664082", "name": null, "barrier": null, "highway": "crossing", "ref": null, "address": null, "is_in": null, "place": null, "man_made": null, "other_tags": "\"crossing\"=>\"uncontrolled\",\"crossing_ref\"=>\"zebra\"" }, "geometry": { "type": "Point", "coordinates": [ 9.4078908, 45.7173921 ] } },
{ "type": "Feature", "properties": { "osm_id": "5913664089", "name": null, "barrier": null, "highway": "crossing", "ref": null, "address": null, "is_in": null, "place": null, "man_made": null, "other_tags": "\"crossing\"=>\"uncontrolled\",\"crossing_ref\"=>\"zebra\"" }, "geometry": { "type": "Point", "coordinates": [ 9.407886, 45.7173455 ] } },
{ "type": "Feature", "properties": { "osm_id": "5913664122", "name": null, "barrier": null, "highway": "crossing", "ref": null, "address": null, "is_in": null, "place": null, "man_made": null, "other_tags": "\"crossing\"=>\"uncontrolled\",\"crossing_ref\"=>\"zebra\"" }, "geometry": { "type": "Point", "coordinates": [ 9.4082573, 45.7171565 ] } },
{ "type": "Feature", "properties": { "osm_id": "5913664132", "name": null, "barrier": null, "highway": "crossing", "ref": null, "address": null, "is_in": null, "place": null, "man_made": null, "other_tags": "\"crossing\"=>\"uncontrolled\",\"crossing_ref\"=>\"zebra\"" }, "geometry": { "type": "Point", "coordinates": [ 9.4081983, 45.7171505 ] } },
{ "type": "Feature", "properties": { "osm_id": "5913676416", "name": null, "barrier": null, "highway": null, "ref": null, "address": null, "is_in": null, "place": null, "man_made": null, "other_tags": "\"entrance\"=>\"main\",\"level\"=>\"0\"" }, "geometry": { "type": "Point", "coordinates": [ 9.4077052, 45.7180171 ] } },
{ "type": "Feature", "properties": { "osm_id": "5913676429", "name": null, "barrier": null, "highway": null, "ref": null, "address": null, "is_in": null, "place": null, "man_made": null, "other_tags": "\"amenity\"=>\"parking_entrance\",\"covered\"=>\"yes\",\"layer\"=>\"-1\"" }, "geometry": { "type": "Point", "coordinates": [ 9.4075094, 45.7185585 ] } },
{ "type": "Feature", "properties": { "osm_id": "5913676430", "name": null, "barrier": null, "highway": null, "ref": null, "address": null, "is_in": null, "place": null, "man_made": null, "other_tags": "\"amenity\"=>\"parking_entrance\",\"covered\"=>\"yes\",\"layer\"=>\"-1\"" }, "geometry": { "type": "Point", "coordinates": [ 9.4067658, 45.7180777 ] } },
{ "type": "Feature", "properties": { "osm_id": "5913688048", "name": "CALCO Via Statale/Scagnello (Esselunga)", "barrier": null, "highway": "bus_stop", "ref": null, "address": null, "is_in": null, "place": null, "man_made": null, "other_tags": "\"bench\"=>\"yes\",\"bin\"=>\"yes\",\"bus\"=>\"yes\",\"public_transport\"=>\"platform\",\"shelter\"=>\"yes\",\"tactile_paving\"=>\"yes\"" }, "geometry": { "type": "Point", "coordinates": [ 9.4080479, 45.7168127 ] } },
{ "type": "Feature", "properties": { "osm_id": "5913688049", "name": null, "barrier": null, "highway": "bus_stop", "ref": null, "address": null, "is_in": null, "place": null, "man_made": null, "other_tags": "\"bench\"=>\"yes\",\"bin\"=>\"yes\",\"bus\"=>\"yes\",\"public_transport\"=>\"platform\",\"shelter\"=>\"yes\",\"tactile_paving\"=>\"yes\"" }, "geometry": { "type": "Point", "coordinates": [ 9.4082853, 45.7169204 ] } },
{ "type": "Feature", "properties": { "osm_id": "5913688050", "name": null, "barrier": null, "highway": "crossing", "ref": null, "address": null, "is_in": null, "place": null, "man_made": null, "other_tags": "\"crossing\"=>\"uncontrolled\",\"crossing_ref\"=>\"zebra\"" }, "geometry": { "type": "Point", "coordinates": [ 9.4073727, 45.7177411 ] } },
{ "type": "Feature", "properties": { "osm_id": "5915576016", "name": null, "barrier": null, "highway": null, "ref": null, "address": null, "is_in": null, "place": null, "man_made": null, "other_tags": "\"emergency\"=>\"fire_hydrant\",\"fire_hydrant:position\"=>\"green\",\"fire_hydrant:type\"=>\"pillar\"" }, "geometry": { "type": "Point", "coordinates": [ 9.3602335, 45.7367986 ] } },
{ "type": "Feature", "properties": { "osm_id": "5915576017", "name": null, "barrier": null, "highway": "traffic_mirror", "ref": null, "address": null, "is_in": null, "place": null, "man_made": null, "other_tags": null }, "geometry": { "type": "Point", "coordinates": [ 9.3620813, 45.7363488 ] } },
{ "type": "Feature", "properties": { "osm_id": "5915576018", "name": null, "barrier": null, "highway": null, "ref": null, "address": null, "is_in": null, "place": null, "man_made": null, "other_tags": "\"amenity\"=>\"post_box\"" }, "geometry": { "type": "Point", "coordinates": [ 9.3620569, 45.736319 ] } },
{ "type": "Feature", "properties": { "osm_id": "5964730903", "name": "Barba sport", "barrier": null, "highway": null, "ref": null, "address": null, "is_in": null, "place": null, "man_made": null, "other_tags": "\"addr:city\"=>\"La Valletta Brianza\",\"addr:housenumber\"=>\"2\",\"addr:postcode\"=>\"23888\",\"addr:street\"=>\"Via Dante Alighieri\",\"clothes\"=>\"sports\",\"operator\"=>\"Intersport\",\"shop\"=>\"clothes\"" }, "geometry": { "type": "Point", "coordinates": [ 9.3612695, 45.739351 ] } },
{ "type": "Feature", "properties": { "osm_id": "5967485385", "name": null, "barrier": null, "highway": null, "ref": null, "address": null, "is_in": null, "place": null, "man_made": null, "other_tags": "\"amenity\"=>\"drinking_water\"" }, "geometry": { "type": "Point", "coordinates": [ 9.3568665, 45.7338296 ] } },
{ "type": "Feature", "properties": { "osm_id": "5984191098", "name": null, "barrier": null, "highway": "crossing", "ref": null, "address": null, "is_in": null, "place": null, "man_made": null, "other_tags": "\"crossing\"=>\"zebra\",\"crossing:island\"=>\"no\",\"tactile_paving\"=>\"no\"" }, "geometry": { "type": "Point", "coordinates": [ 9.4148419, 45.7236038 ] } },
{ "type": "Feature", "properties": { "osm_id": "5984191099", "name": null, "barrier": null, "highway": "crossing", "ref": null, "address": null, "is_in": null, "place": null, "man_made": null, "other_tags": "\"crossing\"=>\"zebra\",\"crossing:island\"=>\"no\"" }, "geometry": { "type": "Point", "coordinates": [ 9.4135704, 45.7224013 ] } },
{ "type": "Feature", "properties": { "osm_id": "6127183264", "name": null, "barrier": null, "highway": null, "ref": null, "address": null, "is_in": null, "place": null, "man_made": null, "other_tags": "\"amenity\"=>\"drinking_water\"" }, "geometry": { "type": "Point", "coordinates": [ 9.3606862, 45.7353166 ] } },
{ "type": "Feature", "properties": { "osm_id": "6139509029", "name": null, "barrier": "cycle_barrier", "highway": null, "ref": null, "address": null, "is_in": null, "place": null, "man_made": null, "other_tags": null }, "geometry": { "type": "Point", "coordinates": [ 9.4460493, 45.73117 ] } },
{ "type": "Feature", "properties": { "osm_id": "6139509030", "name": null, "barrier": "lift_gate", "highway": null, "ref": null, "address": null, "is_in": null, "place": null, "man_made": null, "other_tags": null }, "geometry": { "type": "Point", "coordinates": [ 9.4444046, 45.7287915 ] } },
{ "type": "Feature", "properties": { "osm_id": "6139509506", "name": null, "barrier": "lift_gate", "highway": null, "ref": null, "address": null, "is_in": null, "place": null, "man_made": null, "other_tags": null }, "geometry": { "type": "Point", "coordinates": [ 9.4461925, 45.7308791 ] } },
{ "type": "Feature", "properties": { "osm_id": "6148218015", "name": null, "barrier": "gate", "highway": null, "ref": null, "address": null, "is_in": null, "place": null, "man_made": null, "other_tags": "\"noexit\"=>\"yes\"" }, "geometry": { "type": "Point", "coordinates": [ 9.4427652, 45.7355033 ] } },
{ "type": "Feature", "properties": { "osm_id": "6148480521", "name": null, "barrier": "lift_gate", "highway": null, "ref": null, "address": null, "is_in": null, "place": null, "man_made": null, "other_tags": null }, "geometry": { "type": "Point", "coordinates": [ 9.4480556, 45.7185359 ] } },
{ "type": "Feature", "properties": { "osm_id": "6157087574", "name": null, "barrier": null, "highway": "stop", "ref": null, "address": null, "is_in": null, "place": null, "man_made": null, "other_tags": "\"direction\"=>\"forward\"" }, "geometry": { "type": "Point", "coordinates": [ 9.3559165, 45.7404695 ] } },
{ "type": "Feature", "properties": { "osm_id": "6161545027", "name": null, "barrier": "lift_gate", "highway": null, "ref": null, "address": null, "is_in": null, "place": null, "man_made": null, "other_tags": null }, "geometry": { "type": "Point", "coordinates": [ 9.3719166, 45.7221139 ] } },
{ "type": "Feature", "properties": { "osm_id": "6193164585", "name": null, "barrier": "hampshire_gate", "highway": null, "ref": null, "address": null, "is_in": null, "place": null, "man_made": null, "other_tags": null }, "geometry": { "type": "Point", "coordinates": [ 9.4514334, 45.7267347 ] } },
{ "type": "Feature", "properties": { "osm_id": "6193164586", "name": null, "barrier": "hampshire_gate", "highway": null, "ref": null, "address": null, "is_in": null, "place": null, "man_made": null, "other_tags": null }, "geometry": { "type": "Point", "coordinates": [ 9.4514635, 45.7267552 ] } },
{ "type": "Feature", "properties": { "osm_id": "6325155065", "name": "Pianezzo", "barrier": null, "highway": null, "ref": null, "address": null, "is_in": null, "place": "hamlet", "man_made": null, "other_tags": "\"wikidata\"=>\"Q18489187\",\"wikimedia_commons\"=>\"Category:Pianezzo (Olgiate Molgora)\"" }, "geometry": { "type": "Point", "coordinates": [ 9.394973, 45.7100715 ] } },
{ "type": "Feature", "properties": { "osm_id": "6325185758", "name": "Molino Cattaneo", "barrier": null, "highway": null, "ref": null, "address": null, "is_in": null, "place": "isolated_dwelling", "man_made": null, "other_tags": null }, "geometry": { "type": "Point", "coordinates": [ 9.397125, 45.7135078 ] } },
{ "type": "Feature", "properties": { "osm_id": "6346762617", "name": null, "barrier": null, "highway": "give_way", "ref": null, "address": null, "is_in": null, "place": null, "man_made": null, "other_tags": "\"direction\"=>\"forward\"" }, "geometry": { "type": "Point", "coordinates": [ 9.3865292, 45.7335966 ] } },
{ "type": "Feature", "properties": { "osm_id": "6356981857", "name": null, "barrier": null, "highway": null, "ref": null, "address": null, "is_in": null, "place": null, "man_made": null, "other_tags": "\"ford\"=>\"yes\"" }, "geometry": { "type": "Point", "coordinates": [ 9.4572555, 45.732389 ] } },
{ "type": "Feature", "properties": { "osm_id": "6379742074", "name": null, "barrier": null, "highway": "speed_camera", "ref": null, "address": null, "is_in": null, "place": null, "man_made": null, "other_tags": "\"maxspeed\"=>\"50\"" }, "geometry": { "type": "Point", "coordinates": [ 9.4562492, 45.7215949 ] } },
{ "type": "Feature", "properties": { "osm_id": "6387649292", "name": null, "barrier": "yes", "highway": null, "ref": null, "address": null, "is_in": null, "place": null, "man_made": null, "other_tags": null }, "geometry": { "type": "Point", "coordinates": [ 9.4096193, 45.7348918 ] } },
{ "type": "Feature", "properties": { "osm_id": "6389095457", "name": null, "barrier": "gate", "highway": null, "ref": null, "address": null, "is_in": null, "place": null, "man_made": null, "other_tags": null }, "geometry": { "type": "Point", "coordinates": [ 9.4258628, 45.7430426 ] } },
{ "type": "Feature", "properties": { "osm_id": "6389095462", "name": null, "barrier": "gate", "highway": null, "ref": null, "address": null, "is_in": null, "place": null, "man_made": null, "other_tags": null }, "geometry": { "type": "Point", "coordinates": [ 9.425214, 45.7432361 ] } },
{ "type": "Feature", "properties": { "osm_id": "6408875681", "name": null, "barrier": "gate", "highway": null, "ref": null, "address": null, "is_in": null, "place": null, "man_made": null, "other_tags": null }, "geometry": { "type": "Point", "coordinates": [ 9.452519, 45.7411489 ] } },
{ "type": "Feature", "properties": { "osm_id": "6408879791", "name": null, "barrier": "gate", "highway": null, "ref": null, "address": null, "is_in": null, "place": null, "man_made": null, "other_tags": null }, "geometry": { "type": "Point", "coordinates": [ 9.4536565, 45.7398061 ] } },
{ "type": "Feature", "properties": { "osm_id": "6418041649", "name": null, "barrier": "gate", "highway": null, "ref": null, "address": null, "is_in": null, "place": null, "man_made": null, "other_tags": null }, "geometry": { "type": "Point", "coordinates": [ 9.4210457, 45.7367873 ] } },
{ "type": "Feature", "properties": { "osm_id": "6418041657", "name": null, "barrier": "gate", "highway": null, "ref": null, "address": null, "is_in": null, "place": null, "man_made": null, "other_tags": null }, "geometry": { "type": "Point", "coordinates": [ 9.420516, 45.7369665 ] } },
{ "type": "Feature", "properties": { "osm_id": "6418916383", "name": null, "barrier": "swing_gate", "highway": null, "ref": null, "address": null, "is_in": null, "place": null, "man_made": null, "other_tags": "\"access\"=>\"private\"" }, "geometry": { "type": "Point", "coordinates": [ 9.379986, 45.7541129 ] } },
{ "type": "Feature", "properties": { "osm_id": "6419604836", "name": null, "barrier": null, "highway": null, "ref": null, "address": null, "is_in": null, "place": null, "man_made": null, "other_tags": "\"check_date\"=>\"2021-07-10\",\"covered\"=>\"no\",\"leisure\"=>\"picnic_table\",\"mapillary\"=>\"307602810990578\"" }, "geometry": { "type": "Point", "coordinates": [ 9.416285, 45.746891 ] } },
{ "type": "Feature", "properties": { "osm_id": "6419604837", "name": null, "barrier": null, "highway": null, "ref": null, "address": null, "is_in": null, "place": null, "man_made": null, "other_tags": "\"check_date\"=>\"2021-07-10\",\"covered\"=>\"no\",\"leisure\"=>\"picnic_table\",\"mapillary\"=>\"307602810990578\"" }, "geometry": { "type": "Point", "coordinates": [ 9.4162689, 45.7469088 ] } },
{ "type": "Feature", "properties": { "osm_id": "6422533845", "name": null, "barrier": "gate", "highway": null, "ref": null, "address": null, "is_in": null, "place": null, "man_made": null, "other_tags": null }, "geometry": { "type": "Point", "coordinates": [ 9.4002273, 45.71496 ] } },
{ "type": "Feature", "properties": { "osm_id": "6426145972", "name": null, "barrier": "yes", "highway": null, "ref": null, "address": null, "is_in": null, "place": null, "man_made": null, "other_tags": null }, "geometry": { "type": "Point", "coordinates": [ 9.458924, 45.7505712 ] } },
{ "type": "Feature", "properties": { "osm_id": "6426228334", "name": null, "barrier": "gate", "highway": null, "ref": null, "address": null, "is_in": null, "place": null, "man_made": null, "other_tags": null }, "geometry": { "type": "Point", "coordinates": [ 9.3757635, 45.7418532 ] } },
{ "type": "Feature", "properties": { "osm_id": "6426228335", "name": null, "barrier": "gate", "highway": null, "ref": null, "address": null, "is_in": null, "place": null, "man_made": null, "other_tags": null }, "geometry": { "type": "Point", "coordinates": [ 9.3758622, 45.7425669 ] } },
{ "type": "Feature", "properties": { "osm_id": "6428025053", "name": null, "barrier": "gate", "highway": null, "ref": null, "address": null, "is_in": null, "place": null, "man_made": null, "other_tags": null }, "geometry": { "type": "Point", "coordinates": [ 9.3595118, 45.7467664 ] } },
{ "type": "Feature", "properties": { "osm_id": "6442257894", "name": null, "barrier": null, "highway": null, "ref": null, "address": null, "is_in": null, "place": null, "man_made": null, "other_tags": "\"noexit\"=>\"yes\"" }, "geometry": { "type": "Point", "coordinates": [ 9.4230013, 45.7569755 ] } },
{ "type": "Feature", "properties": { "osm_id": "6444633415", "name": null, "barrier": null, "highway": null, "ref": null, "address": null, "is_in": null, "place": null, "man_made": null, "other_tags": "\"direction\"=>\"150\",\"tourism\"=>\"viewpoint\"" }, "geometry": { "type": "Point", "coordinates": [ 9.3934838, 45.7592111 ] } },
{ "type": "Feature", "properties": { "osm_id": "6444686950", "name": null, "barrier": "gate", "highway": null, "ref": null, "address": null, "is_in": null, "place": null, "man_made": null, "other_tags": "\"noexit\"=>\"yes\"" }, "geometry": { "type": "Point", "coordinates": [ 9.4423296, 45.7416219 ] } },
{ "type": "Feature", "properties": { "osm_id": "6448299290", "name": null, "barrier": null, "highway": null, "ref": null, "address": null, "is_in": null, "place": null, "man_made": null, "other_tags": "\"amenity\"=>\"bench\",\"material\"=>\"stone\"" }, "geometry": { "type": "Point", "coordinates": [ 9.4435554, 45.7145601 ] } },
{ "type": "Feature", "properties": { "osm_id": "6448299291", "name": null, "barrier": null, "highway": null, "ref": null, "address": null, "is_in": null, "place": null, "man_made": null, "other_tags": "\"amenity\"=>\"bench\",\"material\"=>\"stone\"" }, "geometry": { "type": "Point", "coordinates": [ 9.4436092, 45.7145098 ] } },
{ "type": "Feature", "properties": { "osm_id": "6448299294", "name": null, "barrier": null, "highway": null, "ref": null, "address": null, "is_in": null, "place": null, "man_made": null, "other_tags": "\"amenity\"=>\"waste_basket\"" }, "geometry": { "type": "Point", "coordinates": [ 9.4430298, 45.7140597 ] } },
{ "type": "Feature", "properties": { "osm_id": "6448299295", "name": null, "barrier": null, "highway": null, "ref": null, "address": null, "is_in": null, "place": null, "man_made": null, "other_tags": "\"amenity\"=>\"waste_basket\"" }, "geometry": { "type": "Point", "coordinates": [ 9.4430805, 45.7140506 ] } },
{ "type": "Feature", "properties": { "osm_id": "6448299296", "name": null, "barrier": null, "highway": null, "ref": null, "address": null, "is_in": null, "place": null, "man_made": null, "other_tags": "\"amenity\"=>\"waste_basket\"" }, "geometry": { "type": "Point", "coordinates": [ 9.4431209, 45.7140139 ] } },
{ "type": "Feature", "properties": { "osm_id": "6448299297", "name": null, "barrier": null, "highway": null, "ref": null, "address": null, "is_in": null, "place": null, "man_made": null, "other_tags": "\"amenity\"=>\"waste_basket\"" }, "geometry": { "type": "Point", "coordinates": [ 9.4431735, 45.7139649 ] } },
{ "type": "Feature", "properties": { "osm_id": "6448299298", "name": null, "barrier": null, "highway": null, "ref": null, "address": null, "is_in": null, "place": null, "man_made": null, "other_tags": "\"amenity\"=>\"waste_basket\"" }, "geometry": { "type": "Point", "coordinates": [ 9.4432532, 45.7139117 ] } },
{ "type": "Feature", "properties": { "osm_id": "6448299299", "name": null, "barrier": null, "highway": null, "ref": null, "address": null, "is_in": null, "place": null, "man_made": null, "other_tags": "\"amenity\"=>\"waste_basket\"" }, "geometry": { "type": "Point", "coordinates": [ 9.4433321, 45.7138597 ] } },
{ "type": "Feature", "properties": { "osm_id": "6448299300", "name": null, "barrier": null, "highway": null, "ref": null, "address": null, "is_in": null, "place": null, "man_made": null, "other_tags": "\"covered\"=>\"no\",\"leisure\"=>\"picnic_table\"" }, "geometry": { "type": "Point", "coordinates": [ 9.4430472, 45.7140341 ] } },
{ "type": "Feature", "properties": { "osm_id": "6448299301", "name": null, "barrier": null, "highway": null, "ref": null, "address": null, "is_in": null, "place": null, "man_made": null, "other_tags": "\"covered\"=>\"no\",\"leisure\"=>\"picnic_table\"" }, "geometry": { "type": "Point", "coordinates": [ 9.4430735, 45.7140065 ] } },
{ "type": "Feature", "properties": { "osm_id": "6448299302", "name": null, "barrier": null, "highway": null, "ref": null, "address": null, "is_in": null, "place": null, "man_made": null, "other_tags": "\"covered\"=>\"no\",\"leisure\"=>\"picnic_table\"" }, "geometry": { "type": "Point", "coordinates": [ 9.443226, 45.7139007 ] } },
{ "type": "Feature", "properties": { "osm_id": "6448299303", "name": null, "barrier": null, "highway": null, "ref": null, "address": null, "is_in": null, "place": null, "man_made": null, "other_tags": "\"covered\"=>\"no\",\"leisure\"=>\"picnic_table\"" }, "geometry": { "type": "Point", "coordinates": [ 9.4431296, 45.713968 ] } },
{ "type": "Feature", "properties": { "osm_id": "6448299304", "name": null, "barrier": null, "highway": null, "ref": null, "address": null, "is_in": null, "place": null, "man_made": null, "other_tags": "\"covered\"=>\"no\",\"leisure\"=>\"picnic_table\"" }, "geometry": { "type": "Point", "coordinates": [ 9.443184, 45.7139307 ] } },
{ "type": "Feature", "properties": { "osm_id": "6448299305", "name": null, "barrier": null, "highway": null, "ref": null, "address": null, "is_in": null, "place": null, "man_made": null, "other_tags": "\"covered\"=>\"no\",\"leisure\"=>\"picnic_table\"" }, "geometry": { "type": "Point", "coordinates": [ 9.4432725, 45.7138701 ] } },
{ "type": "Feature", "properties": { "osm_id": "6448299306", "name": null, "barrier": null, "highway": null, "ref": null, "address": null, "is_in": null, "place": null, "man_made": null, "other_tags": "\"covered\"=>\"no\",\"leisure\"=>\"picnic_table\"" }, "geometry": { "type": "Point", "coordinates": [ 9.4433225, 45.7138364 ] } },
{ "type": "Feature", "properties": { "osm_id": "6448299307", "name": null, "barrier": null, "highway": null, "ref": null, "address": null, "is_in": null, "place": null, "man_made": null, "other_tags": "\"natural\"=>\"tree\"" }, "geometry": { "type": "Point", "coordinates": [ 9.4430691, 45.7139906 ] } },
{ "type": "Feature", "properties": { "osm_id": "6448299308", "name": null, "barrier": null, "highway": null, "ref": null, "address": null, "is_in": null, "place": null, "man_made": null, "other_tags": "\"natural\"=>\"tree\"" }, "geometry": { "type": "Point", "coordinates": [ 9.4433304, 45.7138138 ] } },
{ "type": "Feature", "properties": { "osm_id": "6448299309", "name": null, "barrier": null, "highway": null, "ref": null, "address": null, "is_in": null, "place": null, "man_made": null, "other_tags": "\"natural\"=>\"tree\"" }, "geometry": { "type": "Point", "coordinates": [ 9.4433847, 45.7137819 ] } },
{ "type": "Feature", "properties": { "osm_id": "6448299310", "name": "Il Baretto", "barrier": null, "highway": null, "ref": null, "address": null, "is_in": null, "place": null, "man_made": null, "other_tags": "\"amenity\"=>\"restaurant\"" }, "geometry": { "type": "Point", "coordinates": [ 9.4443347, 45.7146238 ] } },
{ "type": "Feature", "properties": { "osm_id": "6448340100", "name": null, "barrier": "lift_gate", "highway": null, "ref": null, "address": null, "is_in": null, "place": null, "man_made": null, "other_tags": "\"bicycle\"=>\"no\",\"foot\"=>\"yes\",\"motor_vehicle\"=>\"no\"" }, "geometry": { "type": "Point", "coordinates": [ 9.4290597, 45.7177039 ] } },
{ "type": "Feature", "properties": { "osm_id": "6448340107", "name": null, "barrier": null, "highway": null, "ref": null, "address": null, "is_in": null, "place": null, "man_made": null, "other_tags": "\"access\"=>\"private\",\"leisure\"=>\"slipway\"" }, "geometry": { "type": "Point", "coordinates": [ 9.4216243, 45.7143749 ] } },
{ "type": "Feature", "properties": { "osm_id": "6448340108", "name": null, "barrier": "cycle_barrier", "highway": null, "ref": null, "address": null, "is_in": null, "place": null, "man_made": null, "other_tags": "\"bicycle\"=>\"no\",\"foot\"=>\"designated\"" }, "geometry": { "type": "Point", "coordinates": [ 9.4260169, 45.7151744 ] } },
{ "type": "Feature", "properties": { "osm_id": "6448340340", "name": null, "barrier": null, "highway": null, "ref": null, "address": null, "is_in": null, "place": null, "man_made": null, "other_tags": "\"amenity\"=>\"bench\",\"material\"=>\"wood\"" }, "geometry": { "type": "Point", "coordinates": [ 9.422343, 45.714526 ] } },
{ "type": "Feature", "properties": { "osm_id": "6448340341", "name": null, "barrier": null, "highway": null, "ref": null, "address": null, "is_in": null, "place": null, "man_made": null, "other_tags": "\"amenity\"=>\"bench\",\"material\"=>\"wood\"" }, "geometry": { "type": "Point", "coordinates": [ 9.422383, 45.7145054 ] } },
{ "type": "Feature", "properties": { "osm_id": "6448340342", "name": null, "barrier": null, "highway": null, "ref": null, "address": null, "is_in": null, "place": null, "man_made": null, "other_tags": "\"leisure\"=>\"picnic_table\",\"material\"=>\"wood\"" }, "geometry": { "type": "Point", "coordinates": [ 9.4225741, 45.7142195 ] } },
{ "type": "Feature", "properties": { "osm_id": "6448340343", "name": null, "barrier": null, "highway": null, "ref": null, "address": null, "is_in": null, "place": null, "man_made": null, "other_tags": "\"leisure\"=>\"picnic_table\",\"material\"=>\"wood\"" }, "geometry": { "type": "Point", "coordinates": [ 9.4226174, 45.7142012 ] } },
{ "type": "Feature", "properties": { "osm_id": "6448993329", "name": "Bar Atlantic", "barrier": null, "highway": null, "ref": null, "address": null, "is_in": null, "place": null, "man_made": null, "other_tags": "\"amenity\"=>\"cafe\"" }, "geometry": { "type": "Point", "coordinates": [ 9.4077113, 45.7182416 ] } },
{ "type": "Feature", "properties": { "osm_id": "6455881959", "name": null, "barrier": "gate", "highway": null, "ref": null, "address": null, "is_in": null, "place": null, "man_made": null, "other_tags": null }, "geometry": { "type": "Point", "coordinates": [ 9.4310236, 45.7544279 ] } },
{ "type": "Feature", "properties": { "osm_id": "6463662708", "name": null, "barrier": null, "highway": null, "ref": null, "address": null, "is_in": null, "place": null, "man_made": null, "other_tags": null }, "geometry": { "type": "Point", "coordinates": [ 9.3949519, 45.7417366 ] } },
{ "type": "Feature", "properties": { "osm_id": "6463662709", "name": null, "barrier": "cycle_barrier", "highway": null, "ref": null, "address": null, "is_in": null, "place": null, "man_made": null, "other_tags": "\"bicycle\"=>\"yes\",\"foot\"=>\"yes\"" }, "geometry": { "type": "Point", "coordinates": [ 9.3951009, 45.7417129 ] } },
{ "type": "Feature", "properties": { "osm_id": "6463662710", "name": null, "barrier": null, "highway": null, "ref": null, "address": null, "is_in": null, "place": null, "man_made": null, "other_tags": "\"amenity\"=>\"drinking_water\"" }, "geometry": { "type": "Point", "coordinates": [ 9.3952042, 45.7416826 ] } },
{ "type": "Feature", "properties": { "osm_id": "6463662711", "name": null, "barrier": null, "highway": null, "ref": null, "address": null, "is_in": null, "place": null, "man_made": null, "other_tags": "\"amenity\"=>\"bench\"" }, "geometry": { "type": "Point", "coordinates": [ 9.3951978, 45.7416933 ] } },
{ "type": "Feature", "properties": { "osm_id": "6463662712", "name": null, "barrier": null, "highway": null, "ref": null, "address": null, "is_in": null, "place": null, "man_made": null, "other_tags": "\"amenity\"=>\"bench\"" }, "geometry": { "type": "Point", "coordinates": [ 9.3951681, 45.7416917 ] } },
{ "type": "Feature", "properties": { "osm_id": "6463662727", "name": null, "barrier": null, "highway": null, "ref": null, "address": null, "is_in": null, "place": null, "man_made": null, "other_tags": "\"amenity\"=>\"waste_basket\"" }, "geometry": { "type": "Point", "coordinates": [ 9.3953007, 45.7418483 ] } },
{ "type": "Feature", "properties": { "osm_id": "6463662728", "name": null, "barrier": null, "highway": null, "ref": null, "address": null, "is_in": null, "place": null, "man_made": null, "other_tags": "\"information\"=>\"map\",\"tourism\"=>\"information\"" }, "geometry": { "type": "Point", "coordinates": [ 9.3954985, 45.7426095 ] } },
{ "type": "Feature", "properties": { "osm_id": "6463662729", "name": null, "barrier": null, "highway": null, "ref": null, "address": null, "is_in": null, "place": null, "man_made": null, "other_tags": "\"amenity\"=>\"post_box\"" }, "geometry": { "type": "Point", "coordinates": [ 9.3967326, 45.7422885 ] } },
{ "type": "Feature", "properties": { "osm_id": "6464165616", "name": null, "barrier": "lift_gate", "highway": null, "ref": null, "address": null, "is_in": null, "place": null, "man_made": null, "other_tags": "\"access\"=>\"no\"" }, "geometry": { "type": "Point", "coordinates": [ 9.4018187, 45.7127231 ] } },
{ "type": "Feature", "properties": { "osm_id": "6464165617", "name": null, "barrier": null, "highway": null, "ref": null, "address": null, "is_in": null, "place": null, "man_made": null, "other_tags": "\"amenity\"=>\"post_box\"" }, "geometry": { "type": "Point", "coordinates": [ 9.3943539, 45.7220658 ] } },
{ "type": "Feature", "properties": { "osm_id": "6466726443", "name": null, "barrier": null, "highway": null, "ref": null, "address": null, "is_in": null, "place": null, "man_made": null, "other_tags": "\"leisure\"=>\"picnic_table\",\"material\"=>\"wood\"" }, "geometry": { "type": "Point", "coordinates": [ 9.3935061, 45.7592161 ] } },
{ "type": "Feature", "properties": { "osm_id": "6466726444", "name": null, "barrier": null, "highway": null, "ref": null, "address": null, "is_in": null, "place": null, "man_made": null, "other_tags": "\"leisure\"=>\"picnic_table\",\"material\"=>\"wood\"" }, "geometry": { "type": "Point", "coordinates": [ 9.3934868, 45.7592307 ] } },
{ "type": "Feature", "properties": { "osm_id": "6466726445", "name": null, "barrier": null, "highway": null, "ref": null, "address": null, "is_in": null, "place": null, "man_made": null, "other_tags": "\"leisure\"=>\"picnic_table\",\"material\"=>\"wood\"" }, "geometry": { "type": "Point", "coordinates": [ 9.3934643, 45.7592437 ] } },
{ "type": "Feature", "properties": { "osm_id": "6466726446", "name": null, "barrier": null, "highway": null, "ref": null, "address": null, "is_in": null, "place": null, "man_made": null, "other_tags": "\"leisure\"=>\"picnic_table\",\"material\"=>\"wood\"" }, "geometry": { "type": "Point", "coordinates": [ 9.3934434, 45.7592593 ] } },
{ "type": "Feature", "properties": { "osm_id": "6466726447", "name": null, "barrier": null, "highway": null, "ref": null, "address": null, "is_in": null, "place": null, "man_made": null, "other_tags": "\"leisure\"=>\"picnic_table\",\"material\"=>\"wood\"" }, "geometry": { "type": "Point", "coordinates": [ 9.3934249, 45.7592744 ] } },
{ "type": "Feature", "properties": { "osm_id": "6466726448", "name": null, "barrier": null, "highway": null, "ref": null, "address": null, "is_in": null, "place": null, "man_made": null, "other_tags": "\"leisure\"=>\"picnic_table\",\"material\"=>\"concrete\"" }, "geometry": { "type": "Point", "coordinates": [ 9.3935944, 45.7593349 ] } },
{ "type": "Feature", "properties": { "osm_id": "6466726449", "name": null, "barrier": null, "highway": null, "ref": null, "address": null, "is_in": null, "place": null, "man_made": null, "other_tags": "\"access\"=>\"yes\",\"amenity\"=>\"parking\",\"parking\"=>\"surface\",\"surface\"=>\"unpaved\"" }, "geometry": { "type": "Point", "coordinates": [ 9.3931315, 45.7586152 ] } },
{ "type": "Feature", "properties": { "osm_id": "6470189322", "name": null, "barrier": "gate", "highway": null, "ref": null, "address": null, "is_in": null, "place": null, "man_made": null, "other_tags": null }, "geometry": { "type": "Point", "coordinates": [ 9.4038663, 45.7202455 ] } },
{ "type": "Feature", "properties": { "osm_id": "6551209472", "name": null, "barrier": "lift_gate", "highway": null, "ref": null, "address": null, "is_in": null, "place": null, "man_made": null, "other_tags": null }, "geometry": { "type": "Point", "coordinates": [ 9.4505749, 45.7346071 ] } },
{ "type": "Feature", "properties": { "osm_id": "6583714121", "name": null, "barrier": null, "highway": null, "ref": null, "address": null, "is_in": null, "place": null, "man_made": null, "other_tags": "\"colour\"=>\"red\",\"couplings\"=>\"2\",\"emergency\"=>\"fire_hydrant\",\"fire_hydrant:position\"=>\"green\",\"fire_hydrant:type\"=>\"pillar\",\"operator\"=>\"Comune di Airuno\",\"water_source\"=>\"main\"" }, "geometry": { "type": "Point", "coordinates": [ 9.4263004, 45.7503536 ] } },
{ "type": "Feature", "properties": { "osm_id": "6620133803", "name": null, "barrier": null, "highway": null, "ref": null, "address": null, "is_in": null, "place": null, "man_made": null, "other_tags": "\"colour\"=>\"red\",\"emergency\"=>\"fire_hydrant\",\"fire_hydrant:position\"=>\"green\",\"fire_hydrant:type\"=>\"pillar\",\"water_source\"=>\"main\"" }, "geometry": { "type": "Point", "coordinates": [ 9.4191912, 45.7311897 ] } },
{ "type": "Feature", "properties": { "osm_id": "6647016663", "name": "Calco Superiore", "barrier": null, "highway": null, "ref": null, "address": null, "is_in": null, "place": "neighbourhood", "man_made": null, "other_tags": "\"wikidata\"=>\"Q18488906\",\"wikipedia\"=>\"it:Calco Superiore\"" }, "geometry": { "type": "Point", "coordinates": [ 9.4268562, 45.7247416 ] } },
{ "type": "Feature", "properties": { "osm_id": "6699382641", "name": null, "barrier": null, "highway": null, "ref": null, "address": null, "is_in": null, "place": null, "man_made": null, "other_tags": "\"amenity\"=>\"drinking_water\"" }, "geometry": { "type": "Point", "coordinates": [ 9.4572257, 45.7192483 ] } },
{ "type": "Feature", "properties": { "osm_id": "6707574147", "name": null, "barrier": null, "highway": "traffic_mirror", "ref": null, "address": null, "is_in": null, "place": null, "man_made": null, "other_tags": null }, "geometry": { "type": "Point", "coordinates": [ 9.4533247, 45.7113712 ] } },
{ "type": "Feature", "properties": { "osm_id": "6707742300", "name": null, "barrier": null, "highway": null, "ref": null, "address": null, "is_in": null, "place": null, "man_made": null, "other_tags": "\"couplings\"=>\"2\",\"couplings:diameters\"=>\"70mm;70mm\",\"couplings:type\"=>\"UNI\",\"emergency\"=>\"fire_hydrant\",\"fire_hydrant:position\"=>\"lane\",\"fire_hydrant:type\"=>\"pillar\",\"pillar:type\"=>\"dry_barrel\",\"survey:date\"=>\"2019-08-13\"" }, "geometry": { "type": "Point", "coordinates": [ 9.4481787, 45.7400223 ] } },
{ "type": "Feature", "properties": { "osm_id": "6707757286", "name": null, "barrier": null, "highway": null, "ref": null, "address": null, "is_in": null, "place": null, "man_made": null, "other_tags": "\"couplings\"=>\"2\",\"couplings:diameters\"=>\"70mm;70mm\",\"couplings:type\"=>\"UNI\",\"emergency\"=>\"fire_hydrant\",\"fire_hydrant:position\"=>\"lane\",\"fire_hydrant:type\"=>\"pillar\",\"pillar:type\"=>\"dry_barrel\",\"survey:date\"=>\"2019-08-13\"" }, "geometry": { "type": "Point", "coordinates": [ 9.4480914, 45.7373348 ] } },
{ "type": "Feature", "properties": { "osm_id": "6707903190", "name": null, "barrier": null, "highway": null, "ref": null, "address": null, "is_in": null, "place": null, "man_made": null, "other_tags": "\"couplings\"=>\"3\",\"couplings:diameters\"=>\"70mm;45mm;45mm\",\"couplings:type\"=>\"UNI\",\"emergency\"=>\"fire_hydrant\",\"fire_hydrant:position\"=>\"sidewalk\",\"fire_hydrant:type\"=>\"pillar\",\"pillar:type\"=>\"dry_barrel\",\"survey:date\"=>\"2019-08-13\"" }, "geometry": { "type": "Point", "coordinates": [ 9.4489212, 45.7411111 ] } },
{ "type": "Feature", "properties": { "osm_id": "6707981127", "name": null, "barrier": null, "highway": null, "ref": null, "address": null, "is_in": null, "place": null, "man_made": null, "other_tags": "\"couplings\"=>\"3\",\"couplings:diameters\"=>\"70mm;45mm;45mm\",\"couplings:type\"=>\"UNI\",\"emergency\"=>\"fire_hydrant\",\"fire_hydrant:position\"=>\"green\",\"fire_hydrant:type\"=>\"pillar\",\"pillar:type\"=>\"dry_barrel\",\"survey:date\"=>\"2019-08-13\"" }, "geometry": { "type": "Point", "coordinates": [ 9.4495751, 45.7422256 ] } },
{ "type": "Feature", "properties": { "osm_id": "6765736763", "name": "Polisportiva A.S.R. ASD B'Ars", "barrier": null, "highway": null, "ref": null, "address": null, "is_in": null, "place": null, "man_made": null, "other_tags": "\"amenity\"=>\"cafe\",\"internet_access\"=>\"wlan\",\"internet_access:fee\"=>\"no\",\"level\"=>\"0\",\"outdoor_seating\"=>\"yes\",\"ref:vatin\"=>\"IT01337140139\",\"smoking\"=>\"outside\",\"toilets\"=>\"yes\",\"toilets:access\"=>\"customers\",\"toilets:wheelchair\"=>\"designated\",\"wheelchair\"=>\"designated\"" }, "geometry": { "type": "Point", "coordinates": [ 9.3739549, 45.7369088 ] } },
{ "type": "Feature", "properties": { "osm_id": "6779222114", "name": "Bar Gelateria Tael", "barrier": null, "highway": null, "ref": null, "address": null, "is_in": null, "place": null, "man_made": null, "other_tags": "\"amenity\"=>\"ice_cream\",\"outdoor_seating\"=>\"yes\",\"takeaway\"=>\"yes\"" }, "geometry": { "type": "Point", "coordinates": [ 9.373986, 45.7374856 ] } },
{ "type": "Feature", "properties": { "osm_id": "6812264855", "name": "San Giorgio", "barrier": null, "highway": null, "ref": null, "address": null, "is_in": null, "place": null, "man_made": null, "other_tags": "\"access\"=>\"yes\",\"denomination\"=>\"catholic\",\"historic\"=>\"wayside_shrine\",\"religion\"=>\"christian\"" }, "geometry": { "type": "Point", "coordinates": [ 9.422687, 45.7327057 ] } },
{ "type": "Feature", "properties": { "osm_id": "6820557691", "name": "Vitali Spa", "barrier": null, "highway": null, "ref": null, "address": null, "is_in": null, "place": null, "man_made": null, "other_tags": "\"office\"=>\"company\"" }, "geometry": { "type": "Point", "coordinates": [ 9.4551585, 45.7564483 ] } },
{ "type": "Feature", "properties": { "osm_id": "6862540571", "name": null, "barrier": "gate", "highway": null, "ref": null, "address": null, "is_in": null, "place": null, "man_made": null, "other_tags": "\"bicycle\"=>\"no\",\"foot\"=>\"yes\",\"horse\"=>\"no\",\"motor_vehicle\"=>\"no\"" }, "geometry": { "type": "Point", "coordinates": [ 9.3914153, 45.7550851 ] } },
{ "type": "Feature", "properties": { "osm_id": "6916850028", "name": null, "barrier": null, "highway": "stop", "ref": null, "address": null, "is_in": null, "place": null, "man_made": null, "other_tags": "\"direction\"=>\"backward\"" }, "geometry": { "type": "Point", "coordinates": [ 9.405072, 45.7254744 ] } },
{ "type": "Feature", "properties": { "osm_id": "7057647884", "name": null, "barrier": "lift_gate", "highway": null, "ref": null, "address": null, "is_in": null, "place": null, "man_made": null, "other_tags": null }, "geometry": { "type": "Point", "coordinates": [ 9.4238405, 45.7139639 ] } },
{ "type": "Feature", "properties": { "osm_id": "7165838225", "name": null, "barrier": null, "highway": null, "ref": null, "address": null, "is_in": null, "place": null, "man_made": null, "other_tags": "\"addr:housenumber\"=>\"42\",\"addr:street\"=>\"Via del Calendone\"" }, "geometry": { "type": "Point", "coordinates": [ 9.4025435, 45.7196757 ] } },
{ "type": "Feature", "properties": { "osm_id": "7165838226", "name": null, "barrier": null, "highway": null, "ref": null, "address": null, "is_in": null, "place": null, "man_made": null, "other_tags": "\"addr:housenumber\"=>\"44\",\"addr:street\"=>\"Via del Calendone\"" }, "geometry": { "type": "Point", "coordinates": [ 9.4025462, 45.7197029 ] } },
{ "type": "Feature", "properties": { "osm_id": "7165852961", "name": null, "barrier": null, "highway": null, "ref": null, "address": null, "is_in": null, "place": null, "man_made": null, "other_tags": "\"addr:housenumber\"=>\"50\",\"addr:street\"=>\"Via del Calendone\"" }, "geometry": { "type": "Point", "coordinates": [ 9.4025772, 45.7199983 ] } },
{ "type": "Feature", "properties": { "osm_id": "7165876002", "name": "2 ESSE", "barrier": null, "highway": null, "ref": null, "address": null, "is_in": null, "place": null, "man_made": null, "other_tags": "\"craft\"=>\"electrician\",\"operator\"=>\"2 Esse s.r.l.\"" }, "geometry": { "type": "Point", "coordinates": [ 9.4027934, 45.7197054 ] } },
{ "type": "Feature", "properties": { "osm_id": "7353381690", "name": null, "barrier": null, "highway": "stop", "ref": null, "address": null, "is_in": null, "place": null, "man_made": null, "other_tags": "\"direction\"=>\"forward\"" }, "geometry": { "type": "Point", "coordinates": [ 9.443264, 45.7245981 ] } },
{ "type": "Feature", "properties": { "osm_id": "7353381691", "name": null, "barrier": null, "highway": "stop", "ref": null, "address": null, "is_in": null, "place": null, "man_made": null, "other_tags": "\"direction\"=>\"forward\"" }, "geometry": { "type": "Point", "coordinates": [ 9.3956105, 45.7208165 ] } },
{ "type": "Feature", "properties": { "osm_id": "7555692278", "name": "Bella Venezia", "barrier": null, "highway": null, "ref": null, "address": null, "is_in": null, "place": "isolated_dwelling", "man_made": null, "other_tags": null }, "geometry": { "type": "Point", "coordinates": [ 9.4519897, 45.7442014 ] } },
{ "type": "Feature", "properties": { "osm_id": "7555736699", "name": null, "barrier": "jersey_barrier", "highway": null, "ref": null, "address": null, "is_in": null, "place": null, "man_made": null, "other_tags": null }, "geometry": { "type": "Point", "coordinates": [ 9.4550596, 45.7567105 ] } },
{ "type": "Feature", "properties": { "osm_id": "7555736701", "name": null, "barrier": null, "highway": null, "ref": null, "address": null, "is_in": null, "place": null, "man_made": null, "other_tags": "\"denomination\"=>\"catholic\",\"historic\"=>\"wayside_shrine\",\"religion\"=>\"christian\"" }, "geometry": { "type": "Point", "coordinates": [ 9.4543963, 45.7562572 ] } },
{ "type": "Feature", "properties": { "osm_id": "7617746507", "name": null, "barrier": null, "highway": null, "ref": null, "address": null, "is_in": null, "place": null, "man_made": null, "other_tags": "\"natural\"=>\"tree\"" }, "geometry": { "type": "Point", "coordinates": [ 9.4503457, 45.7286231 ] } },
{ "type": "Feature", "properties": { "osm_id": "7617753972", "name": "Alberone", "barrier": null, "highway": null, "ref": null, "address": null, "is_in": null, "place": null, "man_made": null, "other_tags": "\"tourism\"=>\"picnic_site\"" }, "geometry": { "type": "Point", "coordinates": [ 9.4504984, 45.7251476 ] } },
{ "type": "Feature", "properties": { "osm_id": "7623102199", "name": "UBI Banca", "barrier": null, "highway": null, "ref": null, "address": null, "is_in": null, "place": null, "man_made": null, "other_tags": "\"addr:city\"=>\"Calco\",\"addr:postcode\"=>\"23885\",\"addr:street\"=>\"Via Italia\",\"amenity\"=>\"bank\",\"brand\"=>\"UBI Banca\",\"brand:wikidata\"=>\"Q1476162\",\"brand:wikipedia\"=>\"en:UBI Banca\"" }, "geometry": { "type": "Point", "coordinates": [ 9.4163794, 45.7246602 ] } },
{ "type": "Feature", "properties": { "osm_id": "7646373346", "name": null, "barrier": null, "highway": null, "ref": null, "address": null, "is_in": null, "place": null, "man_made": "tower", "other_tags": "\"tower:type\"=>\"lighting\"" }, "geometry": { "type": "Point", "coordinates": [ 9.4573885, 45.7129183 ] } },
{ "type": "Feature", "properties": { "osm_id": "7646373358", "name": null, "barrier": null, "highway": "speed_camera", "ref": null, "address": null, "is_in": null, "place": null, "man_made": "street_cabinet", "other_tags": "\"maxspeed\"=>\"70\"" }, "geometry": { "type": "Point", "coordinates": [ 9.4589254, 45.7110766 ] } },
{ "type": "Feature", "properties": { "osm_id": "7646406922", "name": null, "barrier": null, "highway": null, "ref": null, "address": null, "is_in": null, "place": null, "man_made": null, "other_tags": null }, "geometry": { "type": "Point", "coordinates": [ 9.4594967, 45.7106634 ] } },
{ "type": "Feature", "properties": { "osm_id": "7788578506", "name": "Olgiate-Calco-Brivio", "barrier": null, "highway": null, "ref": null, "address": null, "is_in": null, "place": null, "man_made": null, "other_tags": "\"public_transport\"=>\"stop_position\",\"railway\"=>\"stop\",\"train\"=>\"yes\"" }, "geometry": { "type": "Point", "coordinates": [ 9.4038428, 45.7291809 ] } },
{ "type": "Feature", "properties": { "osm_id": "7788578507", "name": "Olgiate-Calco-Brivio", "barrier": null, "highway": null, "ref": null, "address": null, "is_in": null, "place": null, "man_made": null, "other_tags": "\"public_transport\"=>\"stop_position\",\"railway\"=>\"stop\",\"train\"=>\"yes\"" }, "geometry": { "type": "Point", "coordinates": [ 9.4037873, 45.729183 ] } },
{ "type": "Feature", "properties": { "osm_id": "7788605985", "name": "Airuno", "barrier": null, "highway": null, "ref": null, "address": null, "is_in": null, "place": null, "man_made": null, "other_tags": "\"public_transport\"=>\"stop_position\",\"railway\"=>\"stop\",\"train\"=>\"yes\"" }, "geometry": { "type": "Point", "coordinates": [ 9.4222009, 45.7554928 ] } },
{ "type": "Feature", "properties": { "osm_id": "7788605986", "name": "Airuno", "barrier": null, "highway": null, "ref": null, "address": null, "is_in": null, "place": null, "man_made": null, "other_tags": "\"public_transport\"=>\"stop_position\",\"railway\"=>\"stop\",\"train\"=>\"yes\"" }, "geometry": { "type": "Point", "coordinates": [ 9.4221506, 45.7554969 ] } },
{ "type": "Feature", "properties": { "osm_id": "7815378851", "name": null, "barrier": null, "highway": null, "ref": null, "address": null, "is_in": null, "place": null, "man_made": null, "other_tags": "\"amenity\"=>\"drinking_water\"" }, "geometry": { "type": "Point", "coordinates": [ 9.4199012, 45.7320954 ] } },
{ "type": "Feature", "properties": { "osm_id": "7926317670", "name": null, "barrier": null, "highway": null, "ref": null, "address": null, "is_in": null, "place": null, "man_made": null, "other_tags": null }, "geometry": { "type": "Point", "coordinates": [ 9.4586627, 45.7115977 ] } },
{ "type": "Feature", "properties": { "osm_id": "7985758664", "name": null, "barrier": null, "highway": null, "ref": null, "address": null, "is_in": null, "place": null, "man_made": null, "other_tags": "\"covered\"=>\"no\",\"leisure\"=>\"picnic_table\"" }, "geometry": { "type": "Point", "coordinates": [ 9.3635433, 45.7102426 ] } },
{ "type": "Feature", "properties": { "osm_id": "7994580675", "name": "Limito", "barrier": null, "highway": null, "ref": null, "address": null, "is_in": null, "place": "locality", "man_made": null, "other_tags": null }, "geometry": { "type": "Point", "coordinates": [ 9.4168818, 45.7211994 ] } },
{ "type": "Feature", "properties": { "osm_id": "8233977185", "name": null, "barrier": null, "highway": null, "ref": null, "address": null, "is_in": null, "place": null, "man_made": null, "other_tags": "\"power\"=>\"pole\"" }, "geometry": { "type": "Point", "coordinates": [ 9.4264394, 45.7581006 ] } },
{ "type": "Feature", "properties": { "osm_id": "8233977198", "name": null, "barrier": null, "highway": null, "ref": null, "address": null, "is_in": null, "place": null, "man_made": null, "other_tags": "\"power\"=>\"pole\"" }, "geometry": { "type": "Point", "coordinates": [ 9.4270541, 45.7585668 ] } },
{ "type": "Feature", "properties": { "osm_id": "8233977199", "name": null, "barrier": "gate", "highway": null, "ref": null, "address": null, "is_in": null, "place": null, "man_made": null, "other_tags": null }, "geometry": { "type": "Point", "coordinates": [ 9.4261753, 45.7581422 ] } },
{ "type": "Feature", "properties": { "osm_id": "8233977200", "name": null, "barrier": null, "highway": null, "ref": null, "address": null, "is_in": null, "place": null, "man_made": "crane", "other_tags": "\"crane:type\"=>\"floor-mounted_crane\"" }, "geometry": { "type": "Point", "coordinates": [ 9.4259567, 45.7583136 ] } },
{ "type": "Feature", "properties": { "osm_id": "8234021357", "name": null, "barrier": "gate", "highway": null, "ref": null, "address": null, "is_in": null, "place": null, "man_made": null, "other_tags": null }, "geometry": { "type": "Point", "coordinates": [ 9.4265478, 45.7598614 ] } },
{ "type": "Feature", "properties": { "osm_id": "8409460128", "name": null, "barrier": null, "highway": "crossing", "ref": null, "address": null, "is_in": null, "place": null, "man_made": null, "other_tags": "\"crossing\"=>\"uncontrolled\",\"crossing:island\"=>\"no\",\"kerb\"=>\"raised\",\"tactile_paving\"=>\"no\"" }, "geometry": { "type": "Point", "coordinates": [ 9.3702328, 45.7378705 ] } },
{ "type": "Feature", "properties": { "osm_id": "8409460129", "name": null, "barrier": null, "highway": "stop", "ref": null, "address": null, "is_in": null, "place": null, "man_made": null, "other_tags": "\"direction\"=>\"forward\"" }, "geometry": { "type": "Point", "coordinates": [ 9.3702851, 45.7378003 ] } },
{ "type": "Feature", "properties": { "osm_id": "8418164258", "name": null, "barrier": "gate", "highway": null, "ref": null, "address": null, "is_in": null, "place": null, "man_made": null, "other_tags": null }, "geometry": { "type": "Point", "coordinates": [ 9.367725, 45.7472958 ] } },
{ "type": "Feature", "properties": { "osm_id": "8418255313", "name": null, "barrier": null, "highway": null, "ref": null, "address": null, "is_in": null, "place": null, "man_made": null, "other_tags": "\"direction\"=>\"200\",\"tourism\"=>\"viewpoint\"" }, "geometry": { "type": "Point", "coordinates": [ 9.3758299, 45.7525625 ] } },
{ "type": "Feature", "properties": { "osm_id": "8493933610", "name": null, "barrier": null, "highway": null, "ref": null, "address": null, "is_in": null, "place": null, "man_made": "cross", "other_tags": null }, "geometry": { "type": "Point", "coordinates": [ 9.4172351, 45.7557133 ] } },
{ "type": "Feature", "properties": { "osm_id": "8493935041", "name": null, "barrier": null, "highway": null, "ref": null, "address": null, "is_in": null, "place": null, "man_made": null, "other_tags": "\"historic\"=>\"wayside_shrine\",\"religion\"=>\"christian\"" }, "geometry": { "type": "Point", "coordinates": [ 9.4113407, 45.7587835 ] } },
{ "type": "Feature", "properties": { "osm_id": "8603495473", "name": "Via S. Martirio", "barrier": null, "highway": null, "ref": null, "address": null, "is_in": null, "place": null, "man_made": null, "other_tags": "\"bus\"=>\"yes\",\"network\"=>\"Bergamo Trasporti Ovest\",\"operator\"=>\"Autoservizi Locatelli S.r.l.\",\"public_transport\"=>\"stop_position\"" }, "geometry": { "type": "Point", "coordinates": [ 9.4586898, 45.7158701 ] } },
{ "type": "Feature", "properties": { "osm_id": "8666951932", "name": "Farmacia Pallavicini", "barrier": null, "highway": null, "ref": null, "address": null, "is_in": null, "place": null, "man_made": null, "other_tags": "\"addr:city\"=>\"Olgiate Molgora\",\"addr:housenumber\"=>\"21\",\"addr:postcode\"=>\"23844\",\"addr:street\"=>\"Via Fabbricone\",\"amenity\"=>\"pharmacy\",\"dispensing\"=>\"yes\",\"healthcare\"=>\"pharmacy\",\"opening_hours\"=>\"Mo-Fr 08:30-12:30,15:30-19:30; Sa 08:30-12:30\",\"payment:bancomat\"=>\"yes\",\"payment:cash\"=>\"yes\",\"payment:mastercard\"=>\"yes\",\"payment:visa\"=>\"yes\",\"phone\"=>\"+39 039 507489\",\"wheelchair\"=>\"yes\"" }, "geometry": { "type": "Point", "coordinates": [ 9.4034869, 45.7307703 ] } },
{ "type": "Feature", "properties": { "osm_id": "8691321571", "name": null, "barrier": null, "highway": null, "ref": null, "address": null, "is_in": null, "place": null, "man_made": null, "other_tags": "\"natural\"=>\"tree\"" }, "geometry": { "type": "Point", "coordinates": [ 9.3747122, 45.7261099 ] } },
{ "type": "Feature", "properties": { "osm_id": "8691321572", "name": "Latte e terra", "barrier": null, "highway": null, "ref": null, "address": null, "is_in": null, "place": null, "man_made": null, "other_tags": "\"addr:city\"=>\"La Valletta Brianza\",\"addr:postcode\"=>\"23888\",\"addr:street\"=>\"Via Malnido\",\"shop\"=>\"farm\"" }, "geometry": { "type": "Point", "coordinates": [ 9.3739235, 45.7177027 ] } },
{ "type": "Feature", "properties": { "osm_id": "8691321582", "name": null, "barrier": null, "highway": null, "ref": null, "address": null, "is_in": null, "place": null, "man_made": null, "other_tags": "\"leisure\"=>\"picnic_table\"" }, "geometry": { "type": "Point", "coordinates": [ 9.3802922, 45.7160221 ] } },
{ "type": "Feature", "properties": { "osm_id": "8723747804", "name": null, "barrier": null, "highway": null, "ref": null, "address": null, "is_in": null, "place": null, "man_made": null, "other_tags": "\"ford\"=>\"yes\"" }, "geometry": { "type": "Point", "coordinates": [ 9.3954944, 45.743734 ] } },
{ "type": "Feature", "properties": { "osm_id": "8723747805", "name": null, "barrier": null, "highway": null, "ref": null, "address": null, "is_in": null, "place": null, "man_made": null, "other_tags": "\"ford\"=>\"yes\"" }, "geometry": { "type": "Point", "coordinates": [ 9.3967456, 45.7451054 ] } },
{ "type": "Feature", "properties": { "osm_id": "8772799838", "name": null, "barrier": null, "highway": "stop", "ref": null, "address": null, "is_in": null, "place": null, "man_made": null, "other_tags": "\"direction\"=>\"backward\"" }, "geometry": { "type": "Point", "coordinates": [ 9.4551501, 45.756776 ] } },
{ "type": "Feature", "properties": { "osm_id": "8772799857", "name": null, "barrier": null, "highway": null, "ref": null, "address": null, "is_in": null, "place": null, "man_made": null, "other_tags": "\"traffic_calming\"=>\"island\"" }, "geometry": { "type": "Point", "coordinates": [ 9.4457492, 45.7410086 ] } },
{ "type": "Feature", "properties": { "osm_id": "8772799890", "name": null, "barrier": "jersey_barrier", "highway": null, "ref": null, "address": null, "is_in": null, "place": null, "man_made": null, "other_tags": null }, "geometry": { "type": "Point", "coordinates": [ 9.4413616, 45.7417736 ] } },
{ "type": "Feature", "properties": { "osm_id": "8772799891", "name": null, "barrier": "chain", "highway": null, "ref": null, "address": null, "is_in": null, "place": null, "man_made": null, "other_tags": null }, "geometry": { "type": "Point", "coordinates": [ 9.4404495, 45.7417905 ] } },
{ "type": "Feature", "properties": { "osm_id": "8772799892", "name": null, "barrier": "gate", "highway": null, "ref": null, "address": null, "is_in": null, "place": null, "man_made": null, "other_tags": null }, "geometry": { "type": "Point", "coordinates": [ 9.4432467, 45.7400073 ] } },
{ "type": "Feature", "properties": { "osm_id": "8772799893", "name": null, "barrier": "gate", "highway": null, "ref": null, "address": null, "is_in": null, "place": null, "man_made": null, "other_tags": null }, "geometry": { "type": "Point", "coordinates": [ 9.442695, 45.7400036 ] } },
{ "type": "Feature", "properties": { "osm_id": "8823966866", "name": null, "barrier": "gate", "highway": null, "ref": null, "address": null, "is_in": null, "place": null, "man_made": null, "other_tags": "\"access\"=>\"private\"" }, "geometry": { "type": "Point", "coordinates": [ 9.3553609, 45.7387605 ] } },
{ "type": "Feature", "properties": { "osm_id": "8823966881", "name": "Roncada", "barrier": null, "highway": null, "ref": null, "address": null, "is_in": null, "place": "neighbourhood", "man_made": null, "other_tags": null }, "geometry": { "type": "Point", "coordinates": [ 9.3553508, 45.7381686 ] } },
{ "type": "Feature", "properties": { "osm_id": "8823966882", "name": "Galbusera Nera", "barrier": null, "highway": null, "ref": null, "address": null, "is_in": null, "place": "farm", "man_made": null, "other_tags": "\"wikidata\"=>\"Q112173376\",\"wikimedia_commons\"=>\"Category:Galbusera Nera\"" }, "geometry": { "type": "Point", "coordinates": [ 9.3677816, 45.7252284 ] } },
{ "type": "Feature", "properties": { "osm_id": "8823966883", "name": "Galbusera Bianca", "barrier": null, "highway": null, "ref": null, "address": null, "is_in": null, "place": "hamlet", "man_made": null, "other_tags": null }, "geometry": { "type": "Point", "coordinates": [ 9.3710056, 45.7224552 ] } },
{ "type": "Feature", "properties": { "osm_id": "8846043518", "name": "Donna Burgherita Merate", "barrier": null, "highway": null, "ref": null, "address": null, "is_in": null, "place": null, "man_made": null, "other_tags": "\"amenity\"=>\"restaurant\"" }, "geometry": { "type": "Point", "coordinates": [ 9.4067618, 45.7100449 ] } },
{ "type": "Feature", "properties": { "osm_id": "8894610881", "name": null, "barrier": "cycle_barrier", "highway": null, "ref": null, "address": null, "is_in": null, "place": null, "man_made": null, "other_tags": "\"foot\"=>\"yes\"" }, "geometry": { "type": "Point", "coordinates": [ 9.4069653, 45.7252252 ] } },
{ "type": "Feature", "properties": { "osm_id": "8909772870", "name": null, "barrier": null, "highway": null, "ref": null, "address": null, "is_in": null, "place": null, "man_made": null, "other_tags": "\"addr:street\"=>\"Inizio Salita Lissolo - Perego\"" }, "geometry": { "type": "Point", "coordinates": [ 9.3600268, 45.7378474 ] } },
{ "type": "Feature", "properties": { "osm_id": "8923508617", "name": null, "barrier": "block", "highway": null, "ref": null, "address": null, "is_in": null, "place": null, "man_made": null, "other_tags": "\"access\"=>\"no\"" }, "geometry": { "type": "Point", "coordinates": [ 9.3840148, 45.7207195 ] } },
{ "type": "Feature", "properties": { "osm_id": "8987472184", "name": null, "barrier": "lift_gate", "highway": null, "ref": null, "address": null, "is_in": null, "place": null, "man_made": null, "other_tags": null }, "geometry": { "type": "Point", "coordinates": [ 9.4427837, 45.7457944 ] } },
{ "type": "Feature", "properties": { "osm_id": "9051033876", "name": null, "barrier": null, "highway": null, "ref": null, "address": null, "is_in": null, "place": null, "man_made": null, "other_tags": "\"amenity\"=>\"drinking_water\"" }, "geometry": { "type": "Point", "coordinates": [ 9.3747007, 45.7261177 ] } },
{ "type": "Feature", "properties": { "osm_id": "9179824014", "name": null, "barrier": null, "highway": null, "ref": null, "address": null, "is_in": null, "place": null, "man_made": null, "other_tags": "\"ford\"=>\"yes\"" }, "geometry": { "type": "Point", "coordinates": [ 9.4153725, 45.7521568 ] } },
{ "type": "Feature", "properties": { "osm_id": "9212682626", "name": null, "barrier": null, "highway": null, "ref": null, "address": null, "is_in": null, "place": null, "man_made": null, "other_tags": "\"ford\"=>\"yes\"" }, "geometry": { "type": "Point", "coordinates": [ 9.4122356, 45.7519799 ] } },
{ "type": "Feature", "properties": { "osm_id": "9212682627", "name": null, "barrier": null, "highway": null, "ref": null, "address": null, "is_in": null, "place": null, "man_made": null, "other_tags": "\"ford\"=>\"yes\"" }, "geometry": { "type": "Point", "coordinates": [ 9.4122932, 45.7512497 ] } },
{ "type": "Feature", "properties": { "osm_id": "9212682628", "name": null, "barrier": null, "highway": null, "ref": null, "address": null, "is_in": null, "place": null, "man_made": null, "other_tags": "\"ford\"=>\"yes\"" }, "geometry": { "type": "Point", "coordinates": [ 9.4124989, 45.7506868 ] } },
{ "type": "Feature", "properties": { "osm_id": "9212682629", "name": null, "barrier": null, "highway": null, "ref": null, "address": null, "is_in": null, "place": null, "man_made": null, "other_tags": "\"ford\"=>\"yes\"" }, "geometry": { "type": "Point", "coordinates": [ 9.4097152, 45.7521417 ] } },
{ "type": "Feature", "properties": { "osm_id": "9235910312", "name": null, "barrier": null, "highway": null, "ref": null, "address": null, "is_in": null, "place": null, "man_made": null, "other_tags": "\"ford\"=>\"yes\"" }, "geometry": { "type": "Point", "coordinates": [ 9.3608742, 45.7206135 ] } },
{ "type": "Feature", "properties": { "osm_id": "9236109041", "name": null, "barrier": null, "highway": "turning_circle", "ref": null, "address": null, "is_in": null, "place": null, "man_made": null, "other_tags": null }, "geometry": { "type": "Point", "coordinates": [ 9.4576307, 45.7402138 ] } },
{ "type": "Feature", "properties": { "osm_id": "9236109043", "name": null, "barrier": "gate", "highway": null, "ref": null, "address": null, "is_in": null, "place": null, "man_made": null, "other_tags": null }, "geometry": { "type": "Point", "coordinates": [ 9.4536208, 45.7409399 ] } },
{ "type": "Feature", "properties": { "osm_id": "9236109052", "name": null, "barrier": "gate", "highway": null, "ref": null, "address": null, "is_in": null, "place": null, "man_made": null, "other_tags": null }, "geometry": { "type": "Point", "coordinates": [ 9.4523548, 45.7412513 ] } },
{ "type": "Feature", "properties": { "osm_id": "9246960241", "name": null, "barrier": null, "highway": "crossing", "ref": null, "address": null, "is_in": null, "place": null, "man_made": null, "other_tags": null }, "geometry": { "type": "Point", "coordinates": [ 9.4555298, 45.7412242 ] } },
{ "type": "Feature", "properties": { "osm_id": "9270194105", "name": null, "barrier": null, "highway": null, "ref": null, "address": null, "is_in": null, "place": null, "man_made": null, "other_tags": "\"amenity\"=>\"drinking_water\"" }, "geometry": { "type": "Point", "coordinates": [ 9.3708704, 45.7221949 ] } },
{ "type": "Feature", "properties": { "osm_id": "9285671854", "name": null, "barrier": null, "highway": null, "ref": null, "address": null, "is_in": null, "place": null, "man_made": null, "other_tags": "\"noexit\"=>\"yes\"" }, "geometry": { "type": "Point", "coordinates": [ 9.4230318, 45.7563011 ] } },
{ "type": "Feature", "properties": { "osm_id": "9285671859", "name": null, "barrier": null, "highway": null, "ref": null, "address": null, "is_in": null, "place": null, "man_made": null, "other_tags": "\"noexit\"=>\"yes\"" }, "geometry": { "type": "Point", "coordinates": [ 9.4234038, 45.7575473 ] } },
{ "type": "Feature", "properties": { "osm_id": "9285671918", "name": null, "barrier": "bollard", "highway": null, "ref": null, "address": null, "is_in": null, "place": null, "man_made": null, "other_tags": null }, "geometry": { "type": "Point", "coordinates": [ 9.415009, 45.7564471 ] } },
{ "type": "Feature", "properties": { "osm_id": "9361028501", "name": null, "barrier": null, "highway": "give_way", "ref": null, "address": null, "is_in": null, "place": null, "man_made": null, "other_tags": "\"direction\"=>\"forward\"" }, "geometry": { "type": "Point", "coordinates": [ 9.454555, 45.7409584 ] } },
{ "type": "Feature", "properties": { "osm_id": "9396833511", "name": "Cascina Bagaggera", "barrier": null, "highway": null, "ref": null, "address": null, "is_in": null, "place": null, "man_made": null, "other_tags": "\"addr:city\"=>\"Bagaggera\",\"addr:housenumber\"=>\"25\",\"addr:postcode\"=>\"23888\",\"addr:street\"=>\"Via Bagaggera\",\"contact:facebook\"=>\"https://www.facebook.com/bagaggera/\",\"contact:instagram\"=>\"https://www.instagram.com/cascina_bagaggera/\",\"opening_hours\"=>\"Mo off; Tu-Su 09:00-19:00\",\"operator\"=>\"SOCIETA' AGRICOLA BAGAGGERA S.R.L.\",\"phone\"=>\"+393666173311\",\"ref:vatin\"=>\"IT02157140134\",\"shop\"=>\"deli\",\"website\"=>\"https://www.bagaggera.eu/\"" }, "geometry": { "type": "Point", "coordinates": [ 9.3838532, 45.7110051 ] } },
{ "type": "Feature", "properties": { "osm_id": "9428418638", "name": null, "barrier": null, "highway": null, "ref": null, "address": null, "is_in": null, "place": null, "man_made": null, "other_tags": "\"access\"=>\"yes\",\"amenity\"=>\"charging_station\",\"capacity\"=>\"2\",\"operator\"=>\"Be Charge\"" }, "geometry": { "type": "Point", "coordinates": [ 9.4182897, 45.7128517 ] } },
{ "type": "Feature", "properties": { "osm_id": "9550113491", "name": null, "barrier": "gate", "highway": null, "ref": null, "address": null, "is_in": null, "place": null, "man_made": null, "other_tags": null }, "geometry": { "type": "Point", "coordinates": [ 9.4457695, 45.7206412 ] } },
{ "type": "Feature", "properties": { "osm_id": "9550113496", "name": null, "barrier": null, "highway": null, "ref": null, "address": null, "is_in": null, "place": null, "man_made": null, "other_tags": "\"addr:city\"=>\"Arlate\",\"addr:housenumber\"=>\"39\",\"addr:street\"=>\"Via Nuova Provinciale\"" }, "geometry": { "type": "Point", "coordinates": [ 9.4457655, 45.7206074 ] } },
{ "type": "Feature", "properties": { "osm_id": "9550113497", "name": null, "barrier": null, "highway": null, "ref": null, "address": null, "is_in": null, "place": null, "man_made": null, "other_tags": "\"addr:city\"=>\"Arlate\",\"addr:housenumber\"=>\"33\",\"addr:street\"=>\"Via Nuova Provinciale\"" }, "geometry": { "type": "Point", "coordinates": [ 9.4446877, 45.7230802 ] } },
{ "type": "Feature", "properties": { "osm_id": "9550113498", "name": null, "barrier": null, "highway": null, "ref": null, "address": null, "is_in": null, "place": null, "man_made": null, "other_tags": "\"addr:city\"=>\"Arlate\",\"addr:housenumber\"=>\"31\",\"addr:street\"=>\"Via Nuova Provinciale\"" }, "geometry": { "type": "Point", "coordinates": [ 9.4442076, 45.7234697 ] } },
{ "type": "Feature", "properties": { "osm_id": "9550113499", "name": null, "barrier": null, "highway": null, "ref": null, "address": null, "is_in": null, "place": null, "man_made": null, "other_tags": "\"addr:city\"=>\"Arlate\",\"addr:housenumber\"=>\"29\",\"addr:street\"=>\"Via Nuova Provinciale\"" }, "geometry": { "type": "Point", "coordinates": [ 9.4441379, 45.7235783 ] } },
{ "type": "Feature", "properties": { "osm_id": "9550166817", "name": null, "barrier": null, "highway": null, "ref": null, "address": null, "is_in": null, "place": null, "man_made": null, "other_tags": "\"addr:city\"=>\"Arlate\",\"addr:housenumber\"=>\"33\",\"addr:street\"=>\"Via Nuova Provinciale\",\"addr:unit\"=>\"1\"" }, "geometry": { "type": "Point", "coordinates": [ 9.4448031, 45.7231814 ] } },
{ "type": "Feature", "properties": { "osm_id": "9550166818", "name": null, "barrier": null, "highway": null, "ref": null, "address": null, "is_in": null, "place": null, "man_made": null, "other_tags": "\"addr:city\"=>\"Arlate\",\"addr:housenumber\"=>\"33\",\"addr:street\"=>\"Via Nuova Provinciale\",\"addr:unit\"=>\"2\"" }, "geometry": { "type": "Point", "coordinates": [ 9.4451732, 45.7233255 ] } },
{ "type": "Feature", "properties": { "osm_id": "9550166819", "name": null, "barrier": null, "highway": null, "ref": null, "address": null, "is_in": null, "place": null, "man_made": null, "other_tags": "\"addr:city\"=>\"Arlate\",\"addr:housenumber\"=>\"33\",\"addr:street\"=>\"Via Nuova Provinciale\",\"addr:unit\"=>\"3\"" }, "geometry": { "type": "Point", "coordinates": [ 9.4454307, 45.7231888 ] } },
{ "type": "Feature", "properties": { "osm_id": "9550166820", "name": null, "barrier": null, "highway": null, "ref": null, "address": null, "is_in": null, "place": null, "man_made": null, "other_tags": "\"addr:city\"=>\"Arlate\",\"addr:housenumber\"=>\"33\",\"addr:street\"=>\"Via Nuova Provinciale\",\"addr:unit\"=>\"4\"" }, "geometry": { "type": "Point", "coordinates": [ 9.4452939, 45.7231402 ] } },
{ "type": "Feature", "properties": { "osm_id": "9550166821", "name": null, "barrier": null, "highway": null, "ref": null, "address": null, "is_in": null, "place": null, "man_made": null, "other_tags": "\"addr:city\"=>\"Arlate\",\"addr:housenumber\"=>\"33\",\"addr:street\"=>\"Via Nuova Provinciale\",\"addr:unit\"=>\"5\"" }, "geometry": { "type": "Point", "coordinates": [ 9.4449881, 45.7231364 ] } },
{ "type": "Feature", "properties": { "osm_id": "9550166822", "name": null, "barrier": "height_restrictor", "highway": null, "ref": null, "address": null, "is_in": null, "place": null, "man_made": null, "other_tags": "\"maxheight\"=>\"2.20\"" }, "geometry": { "type": "Point", "coordinates": [ 9.4444312, 45.7232828 ] } },
{ "type": "Feature", "properties": { "osm_id": "9550166823", "name": null, "barrier": null, "highway": null, "ref": null, "address": null, "is_in": null, "place": null, "man_made": null, "other_tags": "\"addr:city\"=>\"Arlate\",\"addr:housenumber\"=>\"21\",\"addr:street\"=>\"Via Nuova Provinciale\"" }, "geometry": { "type": "Point", "coordinates": [ 9.4430402, 45.725369 ] } },
{ "type": "Feature", "properties": { "osm_id": "9550166824", "name": null, "barrier": null, "highway": null, "ref": null, "address": null, "is_in": null, "place": null, "man_made": null, "other_tags": "\"addr:city\"=>\"Arlate\",\"addr:housenumber\"=>\"19\",\"addr:street\"=>\"Via Nuova Provinciale\"" }, "geometry": { "type": "Point", "coordinates": [ 9.442961, 45.7254776 ] } },
{ "type": "Feature", "properties": { "osm_id": "9550166825", "name": null, "barrier": null, "highway": null, "ref": null, "address": null, "is_in": null, "place": null, "man_made": null, "other_tags": "\"addr:city\"=>\"Arlate\",\"addr:housenumber\"=>\"7\",\"addr:street\"=>\"Via Nuova Provinciale\"" }, "geometry": { "type": "Point", "coordinates": [ 9.4420137, 45.727833 ] } },
{ "type": "Feature", "properties": { "osm_id": "9550166826", "name": null, "barrier": null, "highway": null, "ref": null, "address": null, "is_in": null, "place": null, "man_made": null, "other_tags": "\"addr:city\"=>\"Arlate\",\"addr:housenumber\"=>\"5\",\"addr:street\"=>\"Via Nuova Provinciale\"" }, "geometry": { "type": "Point", "coordinates": [ 9.4414942, 45.7286933 ] } },
{ "type": "Feature", "properties": { "osm_id": "9550166827", "name": null, "barrier": null, "highway": null, "ref": null, "address": null, "is_in": null, "place": null, "man_made": null, "other_tags": "\"addr:city\"=>\"Arlate\",\"addr:housenumber\"=>\"1\",\"addr:street\"=>\"Via Nuova Provinciale\"" }, "geometry": { "type": "Point", "coordinates": [ 9.4415391, 45.7300831 ] } },
{ "type": "Feature", "properties": { "osm_id": "9692196564", "name": "Osteria del Brau", "barrier": null, "highway": null, "ref": null, "address": null, "is_in": null, "place": null, "man_made": null, "other_tags": "\"amenity\"=>\"restaurant\"" }, "geometry": { "type": "Point", "coordinates": [ 9.4184549, 45.7305116 ] } },
{ "type": "Feature", "properties": { "osm_id": "9730022178", "name": null, "barrier": null, "highway": null, "ref": null, "address": null, "is_in": null, "place": null, "man_made": null, "other_tags": "\"emergency\"=>\"fire_hydrant\",\"fire_hydrant:position\"=>\"lane\",\"fire_hydrant:type\"=>\"pillar\",\"water_source\"=>\"main\"" }, "geometry": { "type": "Point", "coordinates": [ 9.4122531, 45.7213411 ] } },
{ "type": "Feature", "properties": { "osm_id": "9730022179", "name": null, "barrier": null, "highway": null, "ref": null, "address": null, "is_in": null, "place": null, "man_made": null, "other_tags": "\"emergency\"=>\"fire_hydrant\",\"fire_hydrant:position\"=>\"green\",\"fire_hydrant:type\"=>\"pillar\",\"water_source\"=>\"main\"" }, "geometry": { "type": "Point", "coordinates": [ 9.4106183, 45.7196537 ] } },
{ "type": "Feature", "properties": { "osm_id": "9730022180", "name": null, "barrier": null, "highway": null, "ref": null, "address": null, "is_in": null, "place": null, "man_made": null, "other_tags": "\"emergency\"=>\"fire_hydrant\",\"fire_hydrant:position\"=>\"green\",\"fire_hydrant:type\"=>\"pillar\",\"water_source\"=>\"main\"" }, "geometry": { "type": "Point", "coordinates": [ 9.4083264, 45.7176528 ] } },
{ "type": "Feature", "properties": { "osm_id": "9730022181", "name": null, "barrier": null, "highway": null, "ref": null, "address": null, "is_in": null, "place": null, "man_made": null, "other_tags": "\"emergency\"=>\"fire_hydrant\",\"fire_hydrant:position\"=>\"parking_lot\",\"fire_hydrant:type\"=>\"pillar\",\"water_source\"=>\"main\"" }, "geometry": { "type": "Point", "coordinates": [ 9.4146256, 45.7236016 ] } },
{ "type": "Feature", "properties": { "osm_id": "9733367430", "name": null, "barrier": "gate", "highway": null, "ref": null, "address": null, "is_in": null, "place": null, "man_made": null, "other_tags": "\"access\"=>\"destination\",\"horse\"=>\"no\",\"locked\"=>\"no\",\"motor_vehicle\"=>\"no\",\"wheelchair\"=>\"no\"" }, "geometry": { "type": "Point", "coordinates": [ 9.3870125, 45.7512058 ] } },
{ "type": "Feature", "properties": { "osm_id": "9755021348", "name": null, "barrier": null, "highway": null, "ref": null, "address": null, "is_in": null, "place": null, "man_made": null, "other_tags": "\"emergency\"=>\"fire_hydrant\",\"fire_hydrant:position\"=>\"green\",\"fire_hydrant:type\"=>\"pillar\",\"water_source\"=>\"main\"" }, "geometry": { "type": "Point", "coordinates": [ 9.4087291, 45.7178928 ] } },
{ "type": "Feature", "properties": { "osm_id": "9758906870", "name": null, "barrier": null, "highway": null, "ref": null, "address": null, "is_in": null, "place": null, "man_made": null, "other_tags": "\"emergency\"=>\"fire_hydrant\",\"fire_hydrant:position\"=>\"lane\",\"fire_hydrant:type\"=>\"pillar\"" }, "geometry": { "type": "Point", "coordinates": [ 9.4259637, 45.755935 ] } },
{ "type": "Feature", "properties": { "osm_id": "9795033340", "name": null, "barrier": null, "highway": null, "ref": null, "address": null, "is_in": null, "place": null, "man_made": null, "other_tags": "\"leaf_type\"=>\"broadleaved\",\"natural\"=>\"tree\"" }, "geometry": { "type": "Point", "coordinates": [ 9.3765264, 45.7538229 ] } },
{ "type": "Feature", "properties": { "osm_id": "9795033363", "name": "Trattoria Bellavista", "barrier": null, "highway": null, "ref": null, "address": null, "is_in": null, "place": null, "man_made": null, "other_tags": "\"addr:city\"=>\"Colle Brianza\",\"addr:housenumber\"=>\"11\",\"addr:street\"=>\"Via Alessandro Manzoni\",\"amenity\"=>\"restaurant\"" }, "geometry": { "type": "Point", "coordinates": [ 9.3756676, 45.7528985 ] } },
{ "type": "Feature", "properties": { "osm_id": "9795033364", "name": null, "barrier": null, "highway": null, "ref": null, "address": null, "is_in": null, "place": null, "man_made": null, "other_tags": "\"amenity\"=>\"drinking_water\"" }, "geometry": { "type": "Point", "coordinates": [ 9.3726704, 45.7540952 ] } },
{ "type": "Feature", "properties": { "osm_id": "9795033369", "name": null, "barrier": null, "highway": null, "ref": null, "address": null, "is_in": null, "place": null, "man_made": null, "other_tags": "\"historic\"=>\"memorial\",\"inscription\"=>\"In questa casa, mentre riposavano fiduciosi nella solidarietà umana e nella riconquista della libertà, i combattenti: Martinez Josè e Sance Andrea furono trucidati dal piombo fascista il 10 ottobre 1943. Nella stessa occasione il parroco Don Corti, respon\",\"material\"=>\"stone\",\"memorial\"=>\"plaque\"" }, "geometry": { "type": "Point", "coordinates": [ 9.3821899, 45.7561972 ] } },
{ "type": "Feature", "properties": { "osm_id": "9810743201", "name": null, "barrier": null, "highway": null, "ref": null, "address": null, "is_in": null, "place": null, "man_made": null, "other_tags": "\"ford\"=>\"yes\"" }, "geometry": { "type": "Point", "coordinates": [ 9.3979697, 45.7471941 ] } },
{ "type": "Feature", "properties": { "osm_id": "9810743202", "name": null, "barrier": null, "highway": null, "ref": null, "address": null, "is_in": null, "place": null, "man_made": null, "other_tags": "\"ford\"=>\"yes\"" }, "geometry": { "type": "Point", "coordinates": [ 9.4001178, 45.7489627 ] } },
{ "type": "Feature", "properties": { "osm_id": "9874689518", "name": "Madonnina", "barrier": null, "highway": null, "ref": null, "address": null, "is_in": null, "place": null, "man_made": null, "other_tags": "\"historic\"=>\"monument\"" }, "geometry": { "type": "Point", "coordinates": [ 9.3840623, 45.7207297 ] } },
{ "type": "Feature", "properties": { "osm_id": "9911340754", "name": null, "barrier": null, "highway": null, "ref": null, "address": null, "is_in": null, "place": null, "man_made": "standpipe", "other_tags": null }, "geometry": { "type": "Point", "coordinates": [ 9.4252367, 45.7538097 ] } },
{ "type": "Feature", "properties": { "osm_id": "9964953326", "name": null, "barrier": null, "highway": null, "ref": null, "address": null, "is_in": null, "place": null, "man_made": null, "other_tags": "\"entrance\"=>\"main\"" }, "geometry": { "type": "Point", "coordinates": [ 9.4268372, 45.7252198 ] } },
{ "type": "Feature", "properties": { "osm_id": "9964953335", "name": "Vescogna", "barrier": null, "highway": null, "ref": null, "address": null, "is_in": null, "place": "hamlet", "man_made": null, "other_tags": null }, "geometry": { "type": "Point", "coordinates": [ 9.4258255, 45.7241072 ] } },
{ "type": "Feature", "properties": { "osm_id": "9964953356", "name": null, "barrier": null, "highway": null, "ref": null, "address": null, "is_in": null, "place": null, "man_made": null, "other_tags": "\"entrance\"=>\"main\"" }, "geometry": { "type": "Point", "coordinates": [ 9.4255422, 45.7238424 ] } },
{ "type": "Feature", "properties": { "osm_id": "10053230254", "name": null, "barrier": null, "highway": null, "ref": null, "address": null, "is_in": null, "place": null, "man_made": null, "other_tags": "\"colour\"=>\"red\",\"couplings:type\"=>\"UNI\",\"emergency\"=>\"fire_hydrant\",\"fire_hydrant:type\"=>\"pillar\"" }, "geometry": { "type": "Point", "coordinates": [ 9.4168649, 45.757283 ] } },
{ "type": "Feature", "properties": { "osm_id": "10053230328", "name": null, "barrier": null, "highway": null, "ref": null, "address": null, "is_in": null, "place": null, "man_made": null, "other_tags": "\"colour\"=>\"red\",\"couplings:diameters\"=>\"70 mm\",\"couplings:type\"=>\"UNI\",\"emergency\"=>\"fire_hydrant\",\"fire_hydrant:type\"=>\"pillar\"" }, "geometry": { "type": "Point", "coordinates": [ 9.3966103, 45.7527084 ] } },
{ "type": "Feature", "properties": { "osm_id": "10053230348", "name": null, "barrier": null, "highway": null, "ref": null, "address": null, "is_in": null, "place": null, "man_made": null, "other_tags": "\"colour\"=>\"red\",\"couplings:diameters\"=>\"70 mm\",\"couplings:type\"=>\"UNI\",\"emergency\"=>\"fire_hydrant\",\"fire_hydrant:type\"=>\"pillar\"" }, "geometry": { "type": "Point", "coordinates": [ 9.4256001, 45.7515411 ] } },
{ "type": "Feature", "properties": { "osm_id": "10053230386", "name": null, "barrier": null, "highway": null, "ref": null, "address": null, "is_in": null, "place": null, "man_made": null, "other_tags": "\"colour\"=>\"red\",\"couplings:diameters\"=>\"70 mm\",\"couplings:type\"=>\"UNI\",\"emergency\"=>\"fire_hydrant\",\"fire_hydrant:type\"=>\"pillar\"" }, "geometry": { "type": "Point", "coordinates": [ 9.4253998, 45.7553597 ] } },
{ "type": "Feature", "properties": { "osm_id": "10053230442", "name": null, "barrier": null, "highway": null, "ref": null, "address": null, "is_in": null, "place": null, "man_made": null, "other_tags": "\"colour\"=>\"red\",\"couplings:type\"=>\"UNI\",\"emergency\"=>\"fire_hydrant\",\"fire_hydrant:type\"=>\"pillar\"" }, "geometry": { "type": "Point", "coordinates": [ 9.4282103, 45.7559586 ] } },
{ "type": "Feature", "properties": { "osm_id": "10053230572", "name": null, "barrier": null, "highway": null, "ref": null, "address": null, "is_in": null, "place": null, "man_made": null, "other_tags": "\"colour\"=>\"red\",\"couplings:diameters\"=>\"70 mm\",\"couplings:type\"=>\"UNI\",\"emergency\"=>\"fire_hydrant\",\"fire_hydrant:type\"=>\"pillar\"" }, "geometry": { "type": "Point", "coordinates": [ 9.3945799, 45.7537499 ] } },
{ "type": "Feature", "properties": { "osm_id": "10053230682", "name": null, "barrier": null, "highway": null, "ref": null, "address": null, "is_in": null, "place": null, "man_made": null, "other_tags": "\"colour\"=>\"red\",\"couplings:diameters\"=>\"70 mm\",\"couplings:type\"=>\"UNI\",\"emergency\"=>\"fire_hydrant\",\"fire_hydrant:type\"=>\"pillar\"" }, "geometry": { "type": "Point", "coordinates": [ 9.4290705, 45.7529793 ] } },
{ "type": "Feature", "properties": { "osm_id": "10053230692", "name": null, "barrier": null, "highway": null, "ref": null, "address": null, "is_in": null, "place": null, "man_made": null, "other_tags": "\"colour\"=>\"red\",\"couplings:type\"=>\"UNI\",\"emergency\"=>\"fire_hydrant\",\"fire_hydrant:type\"=>\"pillar\"" }, "geometry": { "type": "Point", "coordinates": [ 9.42173, 45.7545509 ] } },
{ "type": "Feature", "properties": { "osm_id": "10053230769", "name": null, "barrier": null, "highway": null, "ref": null, "address": null, "is_in": null, "place": null, "man_made": null, "other_tags": "\"colour\"=>\"red\",\"couplings:diameters\"=>\"70 mm\",\"couplings:type\"=>\"UNI\",\"emergency\"=>\"fire_hydrant\",\"fire_hydrant:position\"=>\"lane\",\"fire_hydrant:type\"=>\"pillar\"" }, "geometry": { "type": "Point", "coordinates": [ 9.3990402, 45.7558289 ] } },
{ "type": "Feature", "properties": { "osm_id": "10053230788", "name": null, "barrier": null, "highway": null, "ref": null, "address": null, "is_in": null, "place": null, "man_made": null, "other_tags": "\"colour\"=>\"red\",\"couplings:type\"=>\"UNI\",\"emergency\"=>\"fire_hydrant\",\"fire_hydrant:type\"=>\"pillar\"" }, "geometry": { "type": "Point", "coordinates": [ 9.4257698, 45.752861 ] } },
{ "type": "Feature", "properties": { "osm_id": "10053230830", "name": null, "barrier": null, "highway": null, "ref": null, "address": null, "is_in": null, "place": null, "man_made": null, "other_tags": "\"colour\"=>\"red\",\"couplings:type\"=>\"UNI\",\"emergency\"=>\"fire_hydrant\",\"fire_hydrant:type\"=>\"pillar\"" }, "geometry": { "type": "Point", "coordinates": [ 9.4300804, 45.7547417 ] } },
{ "type": "Feature", "properties": { "osm_id": "10053230883", "name": null, "barrier": null, "highway": null, "ref": null, "address": null, "is_in": null, "place": null, "man_made": null, "other_tags": "\"colour\"=>\"red\",\"couplings:type\"=>\"UNI\",\"emergency\"=>\"fire_hydrant\",\"fire_hydrant:type\"=>\"pillar\"" }, "geometry": { "type": "Point", "coordinates": [ 9.4238997, 45.7496185 ] } },
{ "type": "Feature", "properties": { "osm_id": "10053231118", "name": null, "barrier": null, "highway": null, "ref": null, "address": null, "is_in": null, "place": null, "man_made": null, "other_tags": "\"colour\"=>\"red\",\"couplings:diameters\"=>\"70 mm\",\"couplings:type\"=>\"UNI\",\"emergency\"=>\"fire_hydrant\",\"fire_hydrant:type\"=>\"pillar\"" }, "geometry": { "type": "Point", "coordinates": [ 9.42904, 45.7536087 ] } },
{ "type": "Feature", "properties": { "osm_id": "10053231201", "name": null, "barrier": null, "highway": null, "ref": null, "address": null, "is_in": null, "place": null, "man_made": null, "other_tags": "\"colour\"=>\"red\",\"couplings:diameters\"=>\"70 mm\",\"couplings:type\"=>\"UNI\",\"emergency\"=>\"fire_hydrant\",\"fire_hydrant:type\"=>\"pillar\"" }, "geometry": { "type": "Point", "coordinates": [ 9.3978901, 45.7546196 ] } },
{ "type": "Feature", "properties": { "osm_id": "10053231219", "name": null, "barrier": null, "highway": null, "ref": null, "address": null, "is_in": null, "place": null, "man_made": null, "other_tags": "\"colour\"=>\"red\",\"couplings:diameters\"=>\"70 mm\",\"couplings:type\"=>\"UNI\",\"emergency\"=>\"fire_hydrant\",\"fire_hydrant:type\"=>\"pillar\"" }, "geometry": { "type": "Point", "coordinates": [ 9.4261303, 45.7514801 ] } },
{ "type": "Feature", "properties": { "osm_id": "10053231257", "name": null, "barrier": null, "highway": null, "ref": null, "address": null, "is_in": null, "place": null, "man_made": null, "other_tags": "\"colour\"=>\"red\",\"couplings:diameters\"=>\"70 mm\",\"couplings:type\"=>\"UNI\",\"emergency\"=>\"fire_hydrant\",\"fire_hydrant:type\"=>\"pillar\"" }, "geometry": { "type": "Point", "coordinates": [ 9.3916101, 45.754509 ] } },
{ "type": "Feature", "properties": { "osm_id": "10053231261", "name": null, "barrier": null, "highway": null, "ref": null, "address": null, "is_in": null, "place": null, "man_made": null, "other_tags": "\"colour\"=>\"red\",\"couplings:type\"=>\"UNI\",\"emergency\"=>\"fire_hydrant\",\"fire_hydrant:type\"=>\"pillar\"" }, "geometry": { "type": "Point", "coordinates": [ 9.42729, 45.7523117 ] } },
{ "type": "Feature", "properties": { "osm_id": "10053231308", "name": null, "barrier": null, "highway": null, "ref": null, "address": null, "is_in": null, "place": null, "man_made": null, "other_tags": "\"colour\"=>\"red\",\"couplings:diameters\"=>\"45 mm\",\"couplings:type\"=>\"UNI\",\"emergency\"=>\"fire_hydrant\",\"fire_hydrant:type\"=>\"pillar\"" }, "geometry": { "type": "Point", "coordinates": [ 9.4151201, 45.7563782 ] } },
{ "type": "Feature", "properties": { "osm_id": "10053231317", "name": null, "barrier": null, "highway": null, "ref": null, "address": null, "is_in": null, "place": null, "man_made": null, "other_tags": "\"colour\"=>\"red\",\"couplings:type\"=>\"UNI\",\"emergency\"=>\"fire_hydrant\",\"fire_hydrant:type\"=>\"pillar\"" }, "geometry": { "type": "Point", "coordinates": [ 9.4254999, 45.7479515 ] } },
{ "type": "Feature", "properties": { "osm_id": "10053231359", "name": null, "barrier": null, "highway": null, "ref": null, "address": null, "is_in": null, "place": null, "man_made": null, "other_tags": "\"colour\"=>\"red\",\"couplings:type\"=>\"UNI\",\"emergency\"=>\"fire_hydrant\",\"fire_hydrant:type\"=>\"pillar\"" }, "geometry": { "type": "Point", "coordinates": [ 9.4229698, 45.7535706 ] } },
{ "type": "Feature", "properties": { "osm_id": "10053231409", "name": null, "barrier": null, "highway": null, "ref": null, "address": null, "is_in": null, "place": null, "man_made": null, "other_tags": "\"colour\"=>\"red\",\"couplings:diameters\"=>\"70 mm\",\"couplings:type\"=>\"UNI\",\"emergency\"=>\"fire_hydrant\",\"fire_hydrant:type\"=>\"pillar\"" }, "geometry": { "type": "Point", "coordinates": [ 9.42906, 45.75877 ] } },
{ "type": "Feature", "properties": { "osm_id": "10053231502", "name": null, "barrier": null, "highway": null, "ref": null, "address": null, "is_in": null, "place": null, "man_made": null, "other_tags": "\"colour\"=>\"red\",\"couplings:type\"=>\"UNI\",\"emergency\"=>\"fire_hydrant\",\"fire_hydrant:type\"=>\"pillar\"" }, "geometry": { "type": "Point", "coordinates": [ 9.4229097, 45.75457 ] } },
{ "type": "Feature", "properties": { "osm_id": "10053231550", "name": null, "barrier": null, "highway": null, "ref": null, "address": null, "is_in": null, "place": null, "man_made": null, "other_tags": "\"colour\"=>\"red\",\"couplings:diameters\"=>\"70 mm\",\"couplings:type\"=>\"UNI\",\"emergency\"=>\"fire_hydrant\",\"fire_hydrant:type\"=>\"pillar\"" }, "geometry": { "type": "Point", "coordinates": [ 9.4225101, 45.7554016 ] } },
{ "type": "Feature", "properties": { "osm_id": "10053231578", "name": null, "barrier": null, "highway": null, "ref": null, "address": null, "is_in": null, "place": null, "man_made": null, "other_tags": "\"colour\"=>\"red\",\"couplings:diameters\"=>\"70 mm\",\"couplings:type\"=>\"UNI\",\"emergency\"=>\"fire_hydrant\",\"fire_hydrant:type\"=>\"pillar\"" }, "geometry": { "type": "Point", "coordinates": [ 9.3883104, 45.7514801 ] } },
{ "type": "Feature", "properties": { "osm_id": "10053231631", "name": null, "barrier": null, "highway": null, "ref": null, "address": null, "is_in": null, "place": null, "man_made": null, "other_tags": "\"colour\"=>\"red\",\"couplings:diameters\"=>\"70 mm\",\"couplings:type\"=>\"UNI\",\"emergency\"=>\"fire_hydrant\",\"fire_hydrant:type\"=>\"pillar\"" }, "geometry": { "type": "Point", "coordinates": [ 9.3748503, 45.7529488 ] } },
{ "type": "Feature", "properties": { "osm_id": "10053231739", "name": null, "barrier": null, "highway": null, "ref": null, "address": null, "is_in": null, "place": null, "man_made": null, "other_tags": "\"colour\"=>\"red\",\"couplings:diameters\"=>\"70 mm\",\"couplings:type\"=>\"UNI\",\"emergency\"=>\"fire_hydrant\",\"fire_hydrant:type\"=>\"pillar\"" }, "geometry": { "type": "Point", "coordinates": [ 9.4310398, 45.7545395 ] } },
{ "type": "Feature", "properties": { "osm_id": "10053231748", "name": null, "barrier": null, "highway": null, "ref": null, "address": null, "is_in": null, "place": null, "man_made": null, "other_tags": "\"colour\"=>\"red\",\"couplings:type\"=>\"UNI\",\"emergency\"=>\"fire_hydrant\",\"fire_hydrant:type\"=>\"pillar\"" }, "geometry": { "type": "Point", "coordinates": [ 9.4118099, 45.7576408 ] } },
{ "type": "Feature", "properties": { "osm_id": "10053231840", "name": null, "barrier": null, "highway": null, "ref": null, "address": null, "is_in": null, "place": null, "man_made": null, "other_tags": "\"colour\"=>\"red\",\"couplings:diameters\"=>\"70 mm\",\"couplings:type\"=>\"UNI\",\"emergency\"=>\"fire_hydrant\",\"fire_hydrant:type\"=>\"pillar\"" }, "geometry": { "type": "Point", "coordinates": [ 9.42589, 45.7558708 ] } },
{ "type": "Feature", "properties": { "osm_id": "10053231880", "name": null, "barrier": null, "highway": null, "ref": null, "address": null, "is_in": null, "place": null, "man_made": null, "other_tags": "\"colour\"=>\"red\",\"couplings:type\"=>\"UNI\",\"emergency\"=>\"fire_hydrant\",\"fire_hydrant:type\"=>\"pillar\"" }, "geometry": { "type": "Point", "coordinates": [ 9.4252005, 45.7538796 ] } },
{ "type": "Feature", "properties": { "osm_id": "10053231931", "name": null, "barrier": null, "highway": null, "ref": null, "address": null, "is_in": null, "place": null, "man_made": null, "other_tags": "\"couplings:type\"=>\"UNI\",\"description\"=>\"Idrante su riga della banchina\",\"emergency\"=>\"fire_hydrant\",\"fire_hydrant:position\"=>\"street\",\"fire_hydrant:type\"=>\"underground\"" }, "geometry": { "type": "Point", "coordinates": [ 9.4220813, 45.7570708 ] } },
{ "type": "Feature", "properties": { "osm_id": "10053231939", "name": null, "barrier": null, "highway": null, "ref": null, "address": null, "is_in": null, "place": null, "man_made": null, "other_tags": "\"colour\"=>\"red\",\"couplings:type\"=>\"UNI\",\"emergency\"=>\"fire_hydrant\",\"fire_hydrant:type\"=>\"pillar\"" }, "geometry": { "type": "Point", "coordinates": [ 9.3865299, 45.7520104 ] } },
{ "type": "Feature", "properties": { "osm_id": "10053231979", "name": null, "barrier": null, "highway": null, "ref": null, "address": null, "is_in": null, "place": null, "man_made": null, "other_tags": "\"colour\"=>\"red\",\"couplings:diameters\"=>\"45 mm\",\"couplings:type\"=>\"UNI\",\"emergency\"=>\"fire_hydrant\",\"fire_hydrant:type\"=>\"pillar\"" }, "geometry": { "type": "Point", "coordinates": [ 9.4120903, 45.7574196 ] } },
{ "type": "Feature", "properties": { "osm_id": "10053231995", "name": null, "barrier": null, "highway": null, "ref": null, "address": null, "is_in": null, "place": null, "man_made": null, "other_tags": "\"colour\"=>\"red\",\"couplings:type\"=>\"UNI\",\"emergency\"=>\"fire_hydrant\",\"fire_hydrant:type\"=>\"pillar\"" }, "geometry": { "type": "Point", "coordinates": [ 9.4004097, 45.7553711 ] } },
{ "type": "Feature", "properties": { "osm_id": "10053232061", "name": null, "barrier": null, "highway": null, "ref": null, "address": null, "is_in": null, "place": null, "man_made": null, "other_tags": "\"colour\"=>\"red\",\"couplings:diameters\"=>\"70 mm\",\"couplings:type\"=>\"UNI\",\"emergency\"=>\"fire_hydrant\",\"fire_hydrant:type\"=>\"pillar\"" }, "geometry": { "type": "Point", "coordinates": [ 9.420433, 45.7590828 ] } },
{ "type": "Feature", "properties": { "osm_id": "10053232063", "name": null, "barrier": null, "highway": null, "ref": null, "address": null, "is_in": null, "place": null, "man_made": null, "other_tags": "\"colour\"=>\"red\",\"couplings:diameters\"=>\"70 mm\",\"couplings:type\"=>\"UNI\",\"emergency\"=>\"fire_hydrant\",\"fire_hydrant:type\"=>\"pillar\"" }, "geometry": { "type": "Point", "coordinates": [ 9.39048, 45.7523308 ] } },
{ "type": "Feature", "properties": { "osm_id": "10053232171", "name": null, "barrier": null, "highway": null, "ref": null, "address": null, "is_in": null, "place": null, "man_made": null, "other_tags": "\"colour\"=>\"red\",\"couplings:diameters\"=>\"70 mm\",\"couplings:type\"=>\"UNI\",\"emergency\"=>\"fire_hydrant\",\"fire_hydrant:type\"=>\"pillar\"" }, "geometry": { "type": "Point", "coordinates": [ 9.4332199, 45.7549591 ] } },
{ "type": "Feature", "properties": { "osm_id": "10053232237", "name": null, "barrier": null, "highway": null, "ref": null, "address": null, "is_in": null, "place": null, "man_made": null, "other_tags": "\"colour\"=>\"red\",\"couplings:type\"=>\"UNI\",\"emergency\"=>\"fire_hydrant\",\"fire_hydrant:type\"=>\"pillar\"" }, "geometry": { "type": "Point", "coordinates": [ 9.3776302, 45.74329 ] } },
{ "type": "Feature", "properties": { "osm_id": "10053232238", "name": null, "barrier": null, "highway": null, "ref": null, "address": null, "is_in": null, "place": null, "man_made": null, "other_tags": "\"colour\"=>\"red\",\"couplings:type\"=>\"UNI\",\"emergency\"=>\"fire_hydrant\",\"fire_hydrant:type\"=>\"pillar\"" }, "geometry": { "type": "Point", "coordinates": [ 9.3784084, 45.7418427 ] } },
{ "type": "Feature", "properties": { "osm_id": "10053232239", "name": null, "barrier": null, "highway": null, "ref": null, "address": null, "is_in": null, "place": null, "man_made": null, "other_tags": "\"colour\"=>\"red\",\"couplings:type\"=>\"UNI\",\"emergency\"=>\"fire_hydrant\",\"fire_hydrant:type\"=>\"pillar\"" }, "geometry": { "type": "Point", "coordinates": [ 9.3785, 45.7426186 ] } },
{ "type": "Feature", "properties": { "osm_id": "10053232240", "name": null, "barrier": null, "highway": null, "ref": null, "address": null, "is_in": null, "place": null, "man_made": null, "other_tags": "\"colour\"=>\"red\",\"couplings:type\"=>\"UNI\",\"emergency\"=>\"fire_hydrant\",\"fire_hydrant:type\"=>\"pillar\"" }, "geometry": { "type": "Point", "coordinates": [ 9.3801298, 45.7429504 ] } },
{ "type": "Feature", "properties": { "osm_id": "10053232241", "name": null, "barrier": null, "highway": null, "ref": null, "address": null, "is_in": null, "place": null, "man_made": null, "other_tags": "\"colour\"=>\"red\",\"couplings:type\"=>\"UNI\",\"emergency\"=>\"fire_hydrant\",\"fire_hydrant:type\"=>\"pillar\"" }, "geometry": { "type": "Point", "coordinates": [ 9.3797302, 45.7430801 ] } },
{ "type": "Feature", "properties": { "osm_id": "10053232242", "name": null, "barrier": null, "highway": null, "ref": null, "address": null, "is_in": null, "place": null, "man_made": null, "other_tags": "\"colour\"=>\"red\",\"couplings:type\"=>\"UNI\",\"emergency\"=>\"fire_hydrant\",\"fire_hydrant:type\"=>\"pillar\"" }, "geometry": { "type": "Point", "coordinates": [ 9.3756304, 45.7450294 ] } },
{ "type": "Feature", "properties": { "osm_id": "10053232243", "name": null, "barrier": null, "highway": null, "ref": null, "address": null, "is_in": null, "place": null, "man_made": null, "other_tags": "\"colour\"=>\"red\",\"couplings:type\"=>\"UNI\",\"emergency\"=>\"fire_hydrant\",\"fire_hydrant:type\"=>\"pillar\"" }, "geometry": { "type": "Point", "coordinates": [ 9.3752699, 45.7451401 ] } },
{ "type": "Feature", "properties": { "osm_id": "10053232244", "name": null, "barrier": null, "highway": null, "ref": null, "address": null, "is_in": null, "place": null, "man_made": null, "other_tags": "\"colour\"=>\"red\",\"couplings:type\"=>\"UNI\",\"emergency\"=>\"fire_hydrant\",\"fire_hydrant:type\"=>\"pillar\"" }, "geometry": { "type": "Point", "coordinates": [ 9.3747902, 45.745491 ] } },
{ "type": "Feature", "properties": { "osm_id": "10053232245", "name": null, "barrier": null, "highway": null, "ref": null, "address": null, "is_in": null, "place": null, "man_made": null, "other_tags": "\"colour\"=>\"red\",\"couplings:type\"=>\"UNI\",\"emergency\"=>\"fire_hydrant\",\"fire_hydrant:type\"=>\"pillar\"" }, "geometry": { "type": "Point", "coordinates": [ 9.3707504, 45.7473488 ] } },
{ "type": "Feature", "properties": { "osm_id": "10053232246", "name": null, "barrier": null, "highway": null, "ref": null, "address": null, "is_in": null, "place": null, "man_made": null, "other_tags": "\"colour\"=>\"red\",\"couplings:type\"=>\"UNI\",\"emergency\"=>\"fire_hydrant\",\"fire_hydrant:type\"=>\"pillar\"" }, "geometry": { "type": "Point", "coordinates": [ 9.37397, 45.7443008 ] } },
{ "type": "Feature", "properties": { "osm_id": "10053232247", "name": null, "barrier": null, "highway": null, "ref": null, "address": null, "is_in": null, "place": null, "man_made": null, "other_tags": "\"colour\"=>\"red\",\"couplings:type\"=>\"UNI\",\"emergency\"=>\"fire_hydrant\",\"fire_hydrant:type\"=>\"pillar\"" }, "geometry": { "type": "Point", "coordinates": [ 9.3827801, 45.7402992 ] } },
{ "type": "Feature", "properties": { "osm_id": "10053232248", "name": null, "barrier": null, "highway": null, "ref": null, "address": null, "is_in": null, "place": null, "man_made": null, "other_tags": "\"colour\"=>\"red\",\"couplings:type\"=>\"UNI\",\"emergency\"=>\"fire_hydrant\",\"fire_hydrant:type\"=>\"pillar\"" }, "geometry": { "type": "Point", "coordinates": [ 9.3753996, 45.7432785 ] } },
{ "type": "Feature", "properties": { "osm_id": "10053232249", "name": null, "barrier": null, "highway": null, "ref": null, "address": null, "is_in": null, "place": null, "man_made": null, "other_tags": "\"colour\"=>\"red\",\"couplings:type\"=>\"UNI\",\"emergency\"=>\"fire_hydrant\",\"fire_hydrant:position\"=>\"sidewalk\",\"fire_hydrant:type\"=>\"pillar\"" }, "geometry": { "type": "Point", "coordinates": [ 9.37397, 45.7423782 ] } },
{ "type": "Feature", "properties": { "osm_id": "10053232250", "name": null, "barrier": null, "highway": null, "ref": null, "address": null, "is_in": null, "place": null, "man_made": null, "other_tags": "\"colour\"=>\"red\",\"couplings:type\"=>\"UNI\",\"emergency\"=>\"fire_hydrant\",\"fire_hydrant:type\"=>\"pillar\"" }, "geometry": { "type": "Point", "coordinates": [ 9.3728199, 45.7430687 ] } },
{ "type": "Feature", "properties": { "osm_id": "10053232251", "name": null, "barrier": null, "highway": null, "ref": null, "address": null, "is_in": null, "place": null, "man_made": null, "other_tags": "\"colour\"=>\"red\",\"couplings:type\"=>\"UNI\",\"emergency\"=>\"fire_hydrant\",\"fire_hydrant:type\"=>\"pillar\"" }, "geometry": { "type": "Point", "coordinates": [ 9.3709602, 45.7445793 ] } },
{ "type": "Feature", "properties": { "osm_id": "10053232252", "name": null, "barrier": null, "highway": null, "ref": null, "address": null, "is_in": null, "place": null, "man_made": null, "other_tags": "\"colour\"=>\"red\",\"couplings:type\"=>\"UNI\",\"emergency\"=>\"fire_hydrant\",\"fire_hydrant:type\"=>\"pillar\"" }, "geometry": { "type": "Point", "coordinates": [ 9.3715096, 45.7438583 ] } },
{ "type": "Feature", "properties": { "osm_id": "10053232253", "name": null, "barrier": null, "highway": null, "ref": null, "address": null, "is_in": null, "place": null, "man_made": null, "other_tags": "\"colour\"=>\"red\",\"couplings:type\"=>\"UNI\",\"emergency\"=>\"fire_hydrant\",\"fire_hydrant:type\"=>\"pillar\"" }, "geometry": { "type": "Point", "coordinates": [ 9.3751802, 45.7453499 ] } },
{ "type": "Feature", "properties": { "osm_id": "10053232254", "name": null, "barrier": null, "highway": null, "ref": null, "address": null, "is_in": null, "place": null, "man_made": null, "other_tags": "\"colour\"=>\"red\",\"couplings:type\"=>\"UNI\",\"emergency\"=>\"fire_hydrant\",\"fire_hydrant:type\"=>\"pillar\"" }, "geometry": { "type": "Point", "coordinates": [ 9.3842802, 45.7376289 ] } },
{ "type": "Feature", "properties": { "osm_id": "10053232255", "name": null, "barrier": null, "highway": null, "ref": null, "address": null, "is_in": null, "place": null, "man_made": null, "other_tags": "\"colour\"=>\"red\",\"couplings:type\"=>\"UNI\",\"emergency\"=>\"fire_hydrant\",\"fire_hydrant:type\"=>\"pillar\"" }, "geometry": { "type": "Point", "coordinates": [ 9.3737202, 45.7434197 ] } },
{ "type": "Feature", "properties": { "osm_id": "10053232256", "name": null, "barrier": null, "highway": null, "ref": null, "address": null, "is_in": null, "place": null, "man_made": null, "other_tags": "\"colour\"=>\"red\",\"couplings:type\"=>\"UNI\",\"emergency\"=>\"fire_hydrant\",\"fire_hydrant:type\"=>\"pillar\"" }, "geometry": { "type": "Point", "coordinates": [ 9.3788929, 45.7437477 ] } },
{ "type": "Feature", "properties": { "osm_id": "10053232257", "name": null, "barrier": null, "highway": null, "ref": null, "address": null, "is_in": null, "place": null, "man_made": null, "other_tags": "\"colour\"=>\"red\",\"couplings:type\"=>\"UNI\",\"emergency\"=>\"fire_hydrant\",\"fire_hydrant:type\"=>\"pillar\"" }, "geometry": { "type": "Point", "coordinates": [ 9.3840303, 45.73629 ] } },
{ "type": "Feature", "properties": { "osm_id": "10053232258", "name": null, "barrier": null, "highway": null, "ref": null, "address": null, "is_in": null, "place": null, "man_made": null, "other_tags": "\"colour\"=>\"red\",\"couplings:type\"=>\"UNI\",\"emergency\"=>\"fire_hydrant\",\"fire_hydrant:type\"=>\"pillar\"" }, "geometry": { "type": "Point", "coordinates": [ 9.3904538, 45.7462286 ] } },
{ "type": "Feature", "properties": { "osm_id": "10053232259", "name": null, "barrier": null, "highway": null, "ref": null, "address": null, "is_in": null, "place": null, "man_made": null, "other_tags": "\"colour\"=>\"red\",\"couplings:type\"=>\"UNI\",\"emergency\"=>\"fire_hydrant\",\"fire_hydrant:type\"=>\"pillar\"" }, "geometry": { "type": "Point", "coordinates": [ 9.3881998, 45.7415314 ] } },
{ "type": "Feature", "properties": { "osm_id": "10053232260", "name": null, "barrier": null, "highway": null, "ref": null, "address": null, "is_in": null, "place": null, "man_made": null, "other_tags": "\"colour\"=>\"red\",\"couplings:type\"=>\"UNI\",\"emergency\"=>\"fire_hydrant\",\"fire_hydrant:type\"=>\"pillar\"" }, "geometry": { "type": "Point", "coordinates": [ 9.3883507, 45.7381441 ] } },
{ "type": "Feature", "properties": { "osm_id": "10053232261", "name": null, "barrier": null, "highway": null, "ref": null, "address": null, "is_in": null, "place": null, "man_made": null, "other_tags": "\"colour\"=>\"red\",\"couplings:type\"=>\"UNI\",\"emergency\"=>\"fire_hydrant\",\"fire_hydrant:type\"=>\"pillar\"" }, "geometry": { "type": "Point", "coordinates": [ 9.3786402, 45.7413406 ] } },
{ "type": "Feature", "properties": { "osm_id": "10053232262", "name": null, "barrier": null, "highway": null, "ref": null, "address": null, "is_in": null, "place": null, "man_made": null, "other_tags": "\"colour\"=>\"red\",\"couplings:type\"=>\"UNI\",\"emergency\"=>\"fire_hydrant\",\"fire_hydrant:type\"=>\"pillar\"" }, "geometry": { "type": "Point", "coordinates": [ 9.38484, 45.7380295 ] } },
{ "type": "Feature", "properties": { "osm_id": "10053232263", "name": null, "barrier": null, "highway": null, "ref": null, "address": null, "is_in": null, "place": null, "man_made": null, "other_tags": "\"colour\"=>\"red\",\"couplings:type\"=>\"UNI\",\"emergency\"=>\"fire_hydrant\",\"fire_hydrant:type\"=>\"pillar\"" }, "geometry": { "type": "Point", "coordinates": [ 9.3802404, 45.741169 ] } },
{ "type": "Feature", "properties": { "osm_id": "10053232264", "name": null, "barrier": null, "highway": null, "ref": null, "address": null, "is_in": null, "place": null, "man_made": null, "other_tags": "\"colour\"=>\"red\",\"couplings:type\"=>\"UNI\",\"emergency\"=>\"fire_hydrant\",\"fire_hydrant:type\"=>\"pillar\"" }, "geometry": { "type": "Point", "coordinates": [ 9.3848801, 45.7388001 ] } },
{ "type": "Feature", "properties": { "osm_id": "10053232265", "name": null, "barrier": null, "highway": null, "ref": null, "address": null, "is_in": null, "place": null, "man_made": null, "other_tags": "\"colour\"=>\"red\",\"couplings:type\"=>\"UNI\",\"emergency\"=>\"fire_hydrant\",\"fire_hydrant:type\"=>\"pillar\"" }, "geometry": { "type": "Point", "coordinates": [ 9.3850603, 45.7393112 ] } },
{ "type": "Feature", "properties": { "osm_id": "10053232266", "name": null, "barrier": null, "highway": null, "ref": null, "address": null, "is_in": null, "place": null, "man_made": null, "other_tags": "\"colour\"=>\"red\",\"couplings:type\"=>\"UNI\",\"emergency\"=>\"fire_hydrant\",\"fire_hydrant:type\"=>\"pillar\"" }, "geometry": { "type": "Point", "coordinates": [ 9.3814201, 45.7406387 ] } },
{ "type": "Feature", "properties": { "osm_id": "10053232267", "name": null, "barrier": null, "highway": null, "ref": null, "address": null, "is_in": null, "place": null, "man_made": null, "other_tags": "\"colour\"=>\"red\",\"couplings:type\"=>\"UNI\",\"emergency\"=>\"fire_hydrant\",\"fire_hydrant:type\"=>\"pillar\"" }, "geometry": { "type": "Point", "coordinates": [ 9.38237, 45.741951 ] } },
{ "type": "Feature", "properties": { "osm_id": "10053232268", "name": null, "barrier": null, "highway": null, "ref": null, "address": null, "is_in": null, "place": null, "man_made": null, "other_tags": "\"colour\"=>\"red\",\"couplings:type\"=>\"UNI\",\"emergency\"=>\"fire_hydrant\",\"fire_hydrant:type\"=>\"pillar\"" }, "geometry": { "type": "Point", "coordinates": [ 9.3829899, 45.7414513 ] } },
{ "type": "Feature", "properties": { "osm_id": "10053232269", "name": null, "barrier": null, "highway": null, "ref": null, "address": null, "is_in": null, "place": null, "man_made": null, "other_tags": "\"colour\"=>\"red\",\"couplings:type\"=>\"UNI\",\"emergency\"=>\"fire_hydrant\",\"fire_hydrant:type\"=>\"pillar\"" }, "geometry": { "type": "Point", "coordinates": [ 9.3757896, 45.7437706 ] } },
{ "type": "Feature", "properties": { "osm_id": "10053232270", "name": null, "barrier": null, "highway": null, "ref": null, "address": null, "is_in": null, "place": null, "man_made": null, "other_tags": "\"colour\"=>\"red\",\"couplings:type\"=>\"UNI\",\"emergency\"=>\"fire_hydrant\",\"fire_hydrant:type\"=>\"pillar\"" }, "geometry": { "type": "Point", "coordinates": [ 9.3867302, 45.736721 ] } },
{ "type": "Feature", "properties": { "osm_id": "10053232271", "name": null, "barrier": null, "highway": null, "ref": null, "address": null, "is_in": null, "place": null, "man_made": null, "other_tags": "\"colour\"=>\"red\",\"couplings:type\"=>\"UNI\",\"emergency\"=>\"fire_hydrant\",\"fire_hydrant:type\"=>\"pillar\"" }, "geometry": { "type": "Point", "coordinates": [ 9.3716698, 45.7479782 ] } },
{ "type": "Feature", "properties": { "osm_id": "10053232272", "name": null, "barrier": null, "highway": null, "ref": null, "address": null, "is_in": null, "place": null, "man_made": null, "other_tags": "\"colour\"=>\"red\",\"couplings:type\"=>\"UNI\",\"emergency\"=>\"fire_hydrant\",\"fire_hydrant:type\"=>\"pillar\"" }, "geometry": { "type": "Point", "coordinates": [ 9.3724699, 45.7469711 ] } },
{ "type": "Feature", "properties": { "osm_id": "10053232273", "name": null, "barrier": null, "highway": null, "ref": null, "address": null, "is_in": null, "place": null, "man_made": null, "other_tags": "\"colour\"=>\"red\",\"couplings:type\"=>\"UNI\",\"emergency\"=>\"fire_hydrant\",\"fire_hydrant:type\"=>\"pillar\"" }, "geometry": { "type": "Point", "coordinates": [ 9.3740101, 45.7439919 ] } },
{ "type": "Feature", "properties": { "osm_id": "10053232274", "name": null, "barrier": null, "highway": null, "ref": null, "address": null, "is_in": null, "place": null, "man_made": null, "other_tags": "\"colour\"=>\"red\",\"couplings:type\"=>\"UNI\",\"emergency\"=>\"fire_hydrant\",\"fire_hydrant:type\"=>\"pillar\"" }, "geometry": { "type": "Point", "coordinates": [ 9.3811197, 45.7403488 ] } },
{ "type": "Feature", "properties": { "osm_id": "10053232275", "name": null, "barrier": null, "highway": null, "ref": null, "address": null, "is_in": null, "place": null, "man_made": null, "other_tags": "\"colour\"=>\"red\",\"couplings:type\"=>\"UNI\",\"emergency\"=>\"fire_hydrant\",\"fire_hydrant:type\"=>\"pillar\"" }, "geometry": { "type": "Point", "coordinates": [ 9.3688803, 45.7484398 ] } },
{ "type": "Feature", "properties": { "osm_id": "10053232276", "name": null, "barrier": null, "highway": null, "ref": null, "address": null, "is_in": null, "place": null, "man_made": null, "other_tags": "\"colour\"=>\"red\",\"couplings:type\"=>\"UNI\",\"emergency\"=>\"fire_hydrant\",\"fire_hydrant:type\"=>\"pillar\"" }, "geometry": { "type": "Point", "coordinates": [ 9.3693895, 45.7486305 ] } },
{ "type": "Feature", "properties": { "osm_id": "10053232277", "name": null, "barrier": null, "highway": null, "ref": null, "address": null, "is_in": null, "place": null, "man_made": null, "other_tags": "\"colour\"=>\"red\",\"couplings:type\"=>\"UNI\",\"emergency\"=>\"fire_hydrant\",\"fire_hydrant:type\"=>\"pillar\"" }, "geometry": { "type": "Point", "coordinates": [ 9.3700895, 45.7468796 ] } },
{ "type": "Feature", "properties": { "osm_id": "10053232278", "name": null, "barrier": null, "highway": null, "ref": null, "address": null, "is_in": null, "place": null, "man_made": null, "other_tags": "\"colour\"=>\"red\",\"couplings:type\"=>\"UNI\",\"emergency\"=>\"fire_hydrant\",\"fire_hydrant:type\"=>\"pillar\"" }, "geometry": { "type": "Point", "coordinates": [ 9.3709297, 45.74646 ] } },
{ "type": "Feature", "properties": { "osm_id": "10053232279", "name": null, "barrier": null, "highway": null, "ref": null, "address": null, "is_in": null, "place": null, "man_made": null, "other_tags": "\"colour\"=>\"red\",\"couplings:type\"=>\"UNI\",\"emergency\"=>\"fire_hydrant\",\"fire_hydrant:type\"=>\"pillar\"" }, "geometry": { "type": "Point", "coordinates": [ 9.3717299, 45.7455711 ] } },
{ "type": "Feature", "properties": { "osm_id": "10053232280", "name": null, "barrier": null, "highway": null, "ref": null, "address": null, "is_in": null, "place": null, "man_made": null, "other_tags": "\"colour\"=>\"red\",\"couplings:type\"=>\"UNI\",\"emergency\"=>\"fire_hydrant\",\"fire_hydrant:type\"=>\"pillar\"" }, "geometry": { "type": "Point", "coordinates": [ 9.3727198, 45.7449913 ] } },
{ "type": "Feature", "properties": { "osm_id": "10053232281", "name": null, "barrier": null, "highway": null, "ref": null, "address": null, "is_in": null, "place": null, "man_made": null, "other_tags": "\"colour\"=>\"red\",\"couplings:type\"=>\"UNI\",\"emergency\"=>\"fire_hydrant\",\"fire_hydrant:type\"=>\"pillar\"" }, "geometry": { "type": "Point", "coordinates": [ 9.3735905, 45.7458496 ] } },
{ "type": "Feature", "properties": { "osm_id": "10053232282", "name": null, "barrier": null, "highway": null, "ref": null, "address": null, "is_in": null, "place": null, "man_made": null, "other_tags": "\"colour\"=>\"red\",\"couplings:type\"=>\"UNI\",\"emergency\"=>\"fire_hydrant\",\"fire_hydrant:type\"=>\"pillar\"" }, "geometry": { "type": "Point", "coordinates": [ 9.3811903, 45.726059 ] } },
{ "type": "Feature", "properties": { "osm_id": "10053232283", "name": null, "barrier": null, "highway": null, "ref": null, "address": null, "is_in": null, "place": null, "man_made": null, "other_tags": "\"colour\"=>\"red\",\"couplings:type\"=>\"UNI\",\"emergency\"=>\"fire_hydrant\",\"fire_hydrant:position\"=>\"lane\",\"fire_hydrant:type\"=>\"pillar\"" }, "geometry": { "type": "Point", "coordinates": [ 9.3687, 45.7387657 ] } },
{ "type": "Feature", "properties": { "osm_id": "10053232284", "name": null, "barrier": null, "highway": null, "ref": null, "address": null, "is_in": null, "place": null, "man_made": null, "other_tags": "\"colour\"=>\"red\",\"couplings:diameters\"=>\"70 mm\",\"couplings:type\"=>\"UNI\",\"emergency\"=>\"fire_hydrant\",\"fire_hydrant:type\"=>\"pillar\"" }, "geometry": { "type": "Point", "coordinates": [ 9.3795204, 45.7215614 ] } },
{ "type": "Feature", "properties": { "osm_id": "10053232285", "name": null, "barrier": null, "highway": null, "ref": null, "address": null, "is_in": null, "place": null, "man_made": null, "other_tags": "\"colour\"=>\"red\",\"couplings:type\"=>\"UNI\",\"emergency\"=>\"fire_hydrant\",\"fire_hydrant:type\"=>\"pillar\"" }, "geometry": { "type": "Point", "coordinates": [ 9.3803196, 45.7276917 ] } },
{ "type": "Feature", "properties": { "osm_id": "10053232286", "name": null, "barrier": null, "highway": null, "ref": null, "address": null, "is_in": null, "place": null, "man_made": null, "other_tags": "\"colour\"=>\"red\",\"couplings:type\"=>\"UNI\",\"emergency\"=>\"fire_hydrant\",\"fire_hydrant:type\"=>\"pillar\"" }, "geometry": { "type": "Point", "coordinates": [ 9.3757, 45.726059 ] } },
{ "type": "Feature", "properties": { "osm_id": "10053232287", "name": null, "barrier": null, "highway": null, "ref": null, "address": null, "is_in": null, "place": null, "man_made": null, "other_tags": "\"colour\"=>\"red\",\"couplings:type\"=>\"UNI\",\"emergency\"=>\"fire_hydrant\",\"fire_hydrant:type\"=>\"pillar\"" }, "geometry": { "type": "Point", "coordinates": [ 9.3754101, 45.7253799 ] } },
{ "type": "Feature", "properties": { "osm_id": "10053232288", "name": null, "barrier": null, "highway": null, "ref": null, "address": null, "is_in": null, "place": null, "man_made": null, "other_tags": "\"colour\"=>\"red\",\"couplings:type\"=>\"UNI\",\"emergency\"=>\"fire_hydrant\",\"fire_hydrant:position\"=>\"lane\",\"fire_hydrant:type\"=>\"pillar\"" }, "geometry": { "type": "Point", "coordinates": [ 9.3841801, 45.7206917 ] } },
{ "type": "Feature", "properties": { "osm_id": "10053232289", "name": null, "barrier": null, "highway": null, "ref": null, "address": null, "is_in": null, "place": null, "man_made": null, "other_tags": "\"colour\"=>\"red\",\"couplings:type\"=>\"UNI\",\"emergency\"=>\"fire_hydrant\",\"fire_hydrant:type\"=>\"pillar\"" }, "geometry": { "type": "Point", "coordinates": [ 9.3840199, 45.7198296 ] } },
{ "type": "Feature", "properties": { "osm_id": "10053232290", "name": null, "barrier": null, "highway": null, "ref": null, "address": null, "is_in": null, "place": null, "man_made": null, "other_tags": "\"colour\"=>\"red\",\"couplings:type\"=>\"UNI\",\"emergency\"=>\"fire_hydrant\",\"fire_hydrant:type\"=>\"pillar\"" }, "geometry": { "type": "Point", "coordinates": [ 9.3797398, 45.7268982 ] } },
{ "type": "Feature", "properties": { "osm_id": "10053232291", "name": null, "barrier": null, "highway": null, "ref": null, "address": null, "is_in": null, "place": null, "man_made": null, "other_tags": "\"colour\"=>\"red\",\"couplings:type\"=>\"UNI\",\"emergency\"=>\"fire_hydrant\",\"fire_hydrant:position\"=>\"lane\",\"fire_hydrant:type\"=>\"pillar\"" }, "geometry": { "type": "Point", "coordinates": [ 9.3765173, 45.7373009 ] } },
{ "type": "Feature", "properties": { "osm_id": "10053232292", "name": null, "barrier": null, "highway": null, "ref": null, "address": null, "is_in": null, "place": null, "man_made": null, "other_tags": "\"colour\"=>\"red\",\"couplings:type\"=>\"UNI\",\"emergency\"=>\"fire_hydrant\",\"fire_hydrant:position\"=>\"green\",\"fire_hydrant:type\"=>\"pillar\"" }, "geometry": { "type": "Point", "coordinates": [ 9.37045, 45.7377319 ] } },
{ "type": "Feature", "properties": { "osm_id": "10053232293", "name": null, "barrier": null, "highway": null, "ref": null, "address": null, "is_in": null, "place": null, "man_made": null, "other_tags": "\"colour\"=>\"red\",\"couplings:type\"=>\"UNI\",\"emergency\"=>\"fire_hydrant\",\"fire_hydrant:type\"=>\"pillar\"" }, "geometry": { "type": "Point", "coordinates": [ 9.3710603, 45.7222164 ] } },
{ "type": "Feature", "properties": { "osm_id": "10053232294", "name": null, "barrier": null, "highway": null, "ref": null, "address": null, "is_in": null, "place": null, "man_made": null, "other_tags": "\"colour\"=>\"red\",\"couplings:type\"=>\"UNI\",\"emergency\"=>\"fire_hydrant\",\"fire_hydrant:type\"=>\"pillar\"" }, "geometry": { "type": "Point", "coordinates": [ 9.3788834, 45.7360687 ] } },
{ "type": "Feature", "properties": { "osm_id": "10053232295", "name": null, "barrier": null, "highway": null, "ref": null, "address": null, "is_in": null, "place": null, "man_made": null, "other_tags": "\"colour\"=>\"red\",\"couplings:type\"=>\"UNI\",\"emergency\"=>\"fire_hydrant\",\"fire_hydrant:type\"=>\"pillar\"" }, "geometry": { "type": "Point", "coordinates": [ 9.3677673, 45.7384834 ] } },
{ "type": "Feature", "properties": { "osm_id": "10053232296", "name": null, "barrier": null, "highway": null, "ref": null, "address": null, "is_in": null, "place": null, "man_made": null, "other_tags": "\"colour\"=>\"red\",\"couplings:type\"=>\"UNI\",\"emergency\"=>\"fire_hydrant\",\"fire_hydrant:type\"=>\"pillar\"" }, "geometry": { "type": "Point", "coordinates": [ 9.3778801, 45.7302208 ] } },
{ "type": "Feature", "properties": { "osm_id": "10053232297", "name": null, "barrier": null, "highway": null, "ref": null, "address": null, "is_in": null, "place": null, "man_made": null, "other_tags": "\"colour\"=>\"red\",\"couplings:type\"=>\"UNI\",\"emergency\"=>\"fire_hydrant\",\"fire_hydrant:type\"=>\"pillar\"" }, "geometry": { "type": "Point", "coordinates": [ 9.3789196, 45.7151298 ] } },
{ "type": "Feature", "properties": { "osm_id": "10053232298", "name": null, "barrier": null, "highway": null, "ref": null, "address": null, "is_in": null, "place": null, "man_made": null, "other_tags": "\"colour\"=>\"red\",\"couplings:type\"=>\"UNI\",\"emergency\"=>\"fire_hydrant\",\"fire_hydrant:position\"=>\"lane\",\"fire_hydrant:type\"=>\"pillar\"" }, "geometry": { "type": "Point", "coordinates": [ 9.3691502, 45.7395172 ] } },
{ "type": "Feature", "properties": { "osm_id": "10053232299", "name": null, "barrier": null, "highway": null, "ref": null, "address": null, "is_in": null, "place": null, "man_made": null, "other_tags": "\"colour\"=>\"red\",\"couplings:type\"=>\"UNI\",\"emergency\"=>\"fire_hydrant\",\"fire_hydrant:position\"=>\"sidewalk\",\"fire_hydrant:type\"=>\"pillar\"" }, "geometry": { "type": "Point", "coordinates": [ 9.3701, 45.7386322 ] } },
{ "type": "Feature", "properties": { "osm_id": "10053232300", "name": null, "barrier": null, "highway": null, "ref": null, "address": null, "is_in": null, "place": null, "man_made": null, "other_tags": "\"colour\"=>\"red\",\"couplings:type\"=>\"UNI\",\"emergency\"=>\"fire_hydrant\",\"fire_hydrant:type\"=>\"pillar\"" }, "geometry": { "type": "Point", "coordinates": [ 9.3698826, 45.738884 ] } },
{ "type": "Feature", "properties": { "osm_id": "10053232301", "name": null, "barrier": null, "highway": null, "ref": null, "address": null, "is_in": null, "place": null, "man_made": null, "other_tags": "\"colour\"=>\"red\",\"couplings:type\"=>\"UNI\",\"emergency\"=>\"fire_hydrant\",\"fire_hydrant:type\"=>\"pillar\"" }, "geometry": { "type": "Point", "coordinates": [ 9.3734903, 45.7175407 ] } },
{ "type": "Feature", "properties": { "osm_id": "10053232302", "name": null, "barrier": null, "highway": null, "ref": null, "address": null, "is_in": null, "place": null, "man_made": null, "other_tags": "\"colour\"=>\"red\",\"couplings:type\"=>\"UNI\",\"emergency\"=>\"fire_hydrant\",\"fire_hydrant:type\"=>\"pillar\"" }, "geometry": { "type": "Point", "coordinates": [ 9.3843002, 45.7258911 ] } },
{ "type": "Feature", "properties": { "osm_id": "10053232303", "name": null, "barrier": null, "highway": null, "ref": null, "address": null, "is_in": null, "place": null, "man_made": null, "other_tags": "\"colour\"=>\"red\",\"couplings:type\"=>\"UNI\",\"emergency\"=>\"fire_hydrant\",\"fire_hydrant:type\"=>\"pillar\"" }, "geometry": { "type": "Point", "coordinates": [ 9.3644667, 45.7403488 ] } },
{ "type": "Feature", "properties": { "osm_id": "10053232304", "name": null, "barrier": null, "highway": null, "ref": null, "address": null, "is_in": null, "place": null, "man_made": null, "other_tags": "\"colour\"=>\"red\",\"couplings:type\"=>\"UNI\",\"emergency\"=>\"fire_hydrant\",\"fire_hydrant:position\"=>\"lane\",\"fire_hydrant:type\"=>\"pillar\"" }, "geometry": { "type": "Point", "coordinates": [ 9.373167, 45.7387009 ] } },
{ "type": "Feature", "properties": { "osm_id": "10053232305", "name": null, "barrier": null, "highway": null, "ref": null, "address": null, "is_in": null, "place": null, "man_made": null, "other_tags": "\"colour\"=>\"red\",\"couplings:type\"=>\"UNI\",\"emergency\"=>\"fire_hydrant\",\"fire_hydrant:type\"=>\"pillar\"" }, "geometry": { "type": "Point", "coordinates": [ 9.3717604, 45.7325783 ] } },
{ "type": "Feature", "properties": { "osm_id": "10053232306", "name": null, "barrier": null, "highway": null, "ref": null, "address": null, "is_in": null, "place": null, "man_made": null, "other_tags": "\"colour\"=>\"red\",\"couplings:type\"=>\"UNI\",\"emergency\"=>\"fire_hydrant\",\"fire_hydrant:type\"=>\"pillar\"" }, "geometry": { "type": "Point", "coordinates": [ 9.3721399, 45.7323799 ] } },
{ "type": "Feature", "properties": { "osm_id": "10053232307", "name": null, "barrier": null, "highway": null, "ref": null, "address": null, "is_in": null, "place": null, "man_made": null, "other_tags": "\"colour\"=>\"red\",\"couplings:type\"=>\"UNI\",\"emergency\"=>\"fire_hydrant\",\"fire_hydrant:type\"=>\"pillar\"" }, "geometry": { "type": "Point", "coordinates": [ 9.3734398, 45.7323494 ] } },
{ "type": "Feature", "properties": { "osm_id": "10053232308", "name": null, "barrier": null, "highway": null, "ref": null, "address": null, "is_in": null, "place": null, "man_made": null, "other_tags": "\"colour\"=>\"red\",\"couplings:type\"=>\"UNI\",\"emergency\"=>\"fire_hydrant\",\"fire_hydrant:type\"=>\"pillar\"" }, "geometry": { "type": "Point", "coordinates": [ 9.3737202, 45.7335396 ] } },
{ "type": "Feature", "properties": { "osm_id": "10053232309", "name": null, "barrier": null, "highway": null, "ref": null, "address": null, "is_in": null, "place": null, "man_made": null, "other_tags": "\"colour\"=>\"red\",\"couplings:type\"=>\"UNI\",\"emergency\"=>\"fire_hydrant\",\"fire_hydrant:type\"=>\"pillar\"" }, "geometry": { "type": "Point", "coordinates": [ 9.3782101, 45.7297211 ] } },
{ "type": "Feature", "properties": { "osm_id": "10053232310", "name": null, "barrier": null, "highway": null, "ref": null, "address": null, "is_in": null, "place": null, "man_made": null, "other_tags": "\"colour\"=>\"red\",\"couplings:type\"=>\"UNI\",\"emergency\"=>\"fire_hydrant\",\"fire_hydrant:type\"=>\"pillar\"" }, "geometry": { "type": "Point", "coordinates": [ 9.3726797, 45.72892 ] } },
{ "type": "Feature", "properties": { "osm_id": "10053232311", "name": null, "barrier": null, "highway": null, "ref": null, "address": null, "is_in": null, "place": null, "man_made": null, "other_tags": "\"colour\"=>\"red\",\"couplings:type\"=>\"UNI\",\"emergency\"=>\"fire_hydrant\",\"fire_hydrant:type\"=>\"pillar\"" }, "geometry": { "type": "Point", "coordinates": [ 9.3708668, 45.7350845 ] } },
{ "type": "Feature", "properties": { "osm_id": "10053232312", "name": null, "barrier": null, "highway": null, "ref": null, "address": null, "is_in": null, "place": null, "man_made": null, "other_tags": "\"colour\"=>\"red\",\"couplings:type\"=>\"UNI\",\"emergency\"=>\"fire_hydrant\",\"fire_hydrant:type\"=>\"pillar\"" }, "geometry": { "type": "Point", "coordinates": [ 9.3815603, 45.727829 ] } },
{ "type": "Feature", "properties": { "osm_id": "10053232313", "name": null, "barrier": null, "highway": null, "ref": null, "address": null, "is_in": null, "place": null, "man_made": null, "other_tags": "\"colour\"=>\"red\",\"couplings:type\"=>\"UNI\",\"emergency\"=>\"fire_hydrant\",\"fire_hydrant:type\"=>\"pillar\"" }, "geometry": { "type": "Point", "coordinates": [ 9.3770828, 45.7362518 ] } },
{ "type": "Feature", "properties": { "osm_id": "10053232314", "name": null, "barrier": null, "highway": null, "ref": null, "address": null, "is_in": null, "place": null, "man_made": null, "other_tags": "\"colour\"=>\"red\",\"couplings:type\"=>\"UNI\",\"emergency\"=>\"fire_hydrant\",\"fire_hydrant:type\"=>\"pillar\"" }, "geometry": { "type": "Point", "coordinates": [ 9.3823996, 45.7266693 ] } },
{ "type": "Feature", "properties": { "osm_id": "10053232315", "name": null, "barrier": null, "highway": null, "ref": null, "address": null, "is_in": null, "place": null, "man_made": null, "other_tags": "\"colour\"=>\"red\",\"couplings:type\"=>\"UNI\",\"emergency\"=>\"fire_hydrant\",\"fire_hydrant:type\"=>\"pillar\"" }, "geometry": { "type": "Point", "coordinates": [ 9.3854904, 45.7260208 ] } },
{ "type": "Feature", "properties": { "osm_id": "10053232316", "name": null, "barrier": null, "highway": null, "ref": null, "address": null, "is_in": null, "place": null, "man_made": null, "other_tags": "\"colour\"=>\"red\",\"couplings:type\"=>\"UNI\",\"emergency\"=>\"fire_hydrant\",\"fire_hydrant:type\"=>\"pillar\"" }, "geometry": { "type": "Point", "coordinates": [ 9.3713999, 45.7334404 ] } },
{ "type": "Feature", "properties": { "osm_id": "10053232317", "name": null, "barrier": null, "highway": null, "ref": null, "address": null, "is_in": null, "place": null, "man_made": null, "other_tags": "\"colour\"=>\"red\",\"couplings:type\"=>\"UNI\",\"emergency\"=>\"fire_hydrant\",\"fire_hydrant:type\"=>\"pillar\"" }, "geometry": { "type": "Point", "coordinates": [ 9.3703699, 45.7329903 ] } },
{ "type": "Feature", "properties": { "osm_id": "10053232318", "name": null, "barrier": null, "highway": null, "ref": null, "address": null, "is_in": null, "place": null, "man_made": null, "other_tags": "\"colour\"=>\"red\",\"couplings:type\"=>\"UNI\",\"emergency\"=>\"fire_hydrant\",\"fire_hydrant:type\"=>\"pillar\"" }, "geometry": { "type": "Point", "coordinates": [ 9.3681831, 45.737133 ] } },
{ "type": "Feature", "properties": { "osm_id": "10053232319", "name": null, "barrier": null, "highway": null, "ref": null, "address": null, "is_in": null, "place": null, "man_made": null, "other_tags": "\"colour\"=>\"red\",\"couplings:type\"=>\"UNI\",\"emergency\"=>\"fire_hydrant\",\"fire_hydrant:type\"=>\"pillar\"" }, "geometry": { "type": "Point", "coordinates": [ 9.3708668, 45.7345009 ] } },
{ "type": "Feature", "properties": { "osm_id": "10053232320", "name": null, "barrier": null, "highway": null, "ref": null, "address": null, "is_in": null, "place": null, "man_made": null, "other_tags": "\"colour\"=>\"red\",\"couplings:diameters\"=>\"45 mm\",\"couplings:type\"=>\"UNI\",\"emergency\"=>\"fire_hydrant\",\"fire_hydrant:type\"=>\"pillar\"" }, "geometry": { "type": "Point", "coordinates": [ 9.3668833, 45.7374992 ] } },
{ "type": "Feature", "properties": { "osm_id": "10053232321", "name": null, "barrier": null, "highway": null, "ref": null, "address": null, "is_in": null, "place": null, "man_made": null, "other_tags": "\"colour\"=>\"red\",\"couplings:type\"=>\"UNI\",\"emergency\"=>\"fire_hydrant\",\"fire_hydrant:type\"=>\"pillar\"" }, "geometry": { "type": "Point", "coordinates": [ 9.38762, 45.7287598 ] } },
{ "type": "Feature", "properties": { "osm_id": "10053232322", "name": null, "barrier": null, "highway": null, "ref": null, "address": null, "is_in": null, "place": null, "man_made": null, "other_tags": "\"colour\"=>\"red\",\"couplings:type\"=>\"UNI\",\"emergency\"=>\"fire_hydrant\",\"fire_hydrant:position\"=>\"sidewalk\",\"fire_hydrant:type\"=>\"pillar\"" }, "geometry": { "type": "Point", "coordinates": [ 9.3634501, 45.7401505 ] } },
{ "type": "Feature", "properties": { "osm_id": "10053232323", "name": null, "barrier": null, "highway": null, "ref": null, "address": null, "is_in": null, "place": null, "man_made": null, "other_tags": "\"colour\"=>\"red\",\"couplings:type\"=>\"UNI\",\"emergency\"=>\"fire_hydrant\",\"fire_hydrant:position\"=>\"lane\",\"fire_hydrant:type\"=>\"pillar\"" }, "geometry": { "type": "Point", "coordinates": [ 9.3617172, 45.7407684 ] } },
{ "type": "Feature", "properties": { "osm_id": "10053232324", "name": null, "barrier": null, "highway": null, "ref": null, "address": null, "is_in": null, "place": null, "man_made": null, "other_tags": "\"colour\"=>\"red\",\"couplings:type\"=>\"UNI\",\"emergency\"=>\"fire_hydrant\",\"fire_hydrant:type\"=>\"pillar\"" }, "geometry": { "type": "Point", "coordinates": [ 9.3637171, 45.7407341 ] } },
{ "type": "Feature", "properties": { "osm_id": "10053232325", "name": null, "barrier": null, "highway": null, "ref": null, "address": null, "is_in": null, "place": null, "man_made": null, "other_tags": "\"colour\"=>\"red\",\"couplings:type\"=>\"UNI\",\"emergency\"=>\"fire_hydrant\",\"fire_hydrant:type\"=>\"pillar\"" }, "geometry": { "type": "Point", "coordinates": [ 9.3616829, 45.739399 ] } },
{ "type": "Feature", "properties": { "osm_id": "10053232326", "name": null, "barrier": null, "highway": null, "ref": null, "address": null, "is_in": null, "place": null, "man_made": null, "other_tags": "\"colour\"=>\"red\",\"couplings:type\"=>\"UNI\",\"emergency\"=>\"fire_hydrant\",\"fire_hydrant:type\"=>\"pillar\"" }, "geometry": { "type": "Point", "coordinates": [ 9.3612328, 45.7395325 ] } },
{ "type": "Feature", "properties": { "osm_id": "10053232327", "name": null, "barrier": null, "highway": null, "ref": null, "address": null, "is_in": null, "place": null, "man_made": null, "other_tags": "\"colour\"=>\"red\",\"couplings:type\"=>\"UNI\",\"emergency\"=>\"fire_hydrant\",\"fire_hydrant:position\"=>\"lane\",\"fire_hydrant:type\"=>\"pillar\"" }, "geometry": { "type": "Point", "coordinates": [ 9.3707666, 45.7366676 ] } },
{ "type": "Feature", "properties": { "osm_id": "10053232360", "name": null, "barrier": null, "highway": null, "ref": null, "address": null, "is_in": null, "place": null, "man_made": null, "other_tags": "\"colour\"=>\"red\",\"couplings:type\"=>\"UNI\",\"emergency\"=>\"fire_hydrant\",\"fire_hydrant:type\"=>\"pillar\"" }, "geometry": { "type": "Point", "coordinates": [ 9.3637333, 45.7380333 ] } },
{ "type": "Feature", "properties": { "osm_id": "10053232361", "name": null, "barrier": null, "highway": null, "ref": null, "address": null, "is_in": null, "place": null, "man_made": null, "other_tags": "\"colour\"=>\"red\",\"couplings:type\"=>\"UNI\",\"emergency\"=>\"fire_hydrant\",\"fire_hydrant:type\"=>\"pillar\"" }, "geometry": { "type": "Point", "coordinates": [ 9.3569326, 45.7334824 ] } },
{ "type": "Feature", "properties": { "osm_id": "10053232362", "name": null, "barrier": null, "highway": null, "ref": null, "address": null, "is_in": null, "place": null, "man_made": null, "other_tags": "\"colour\"=>\"red\",\"couplings:type\"=>\"UNI\",\"emergency\"=>\"fire_hydrant\",\"fire_hydrant:type\"=>\"pillar\"" }, "geometry": { "type": "Point", "coordinates": [ 9.3604278, 45.728741 ] } },
{ "type": "Feature", "properties": { "osm_id": "10053232363", "name": null, "barrier": null, "highway": null, "ref": null, "address": null, "is_in": null, "place": null, "man_made": null, "other_tags": "\"colour\"=>\"red\",\"couplings:type\"=>\"UNI\",\"emergency\"=>\"fire_hydrant\",\"fire_hydrant:type\"=>\"pillar\"" }, "geometry": { "type": "Point", "coordinates": [ 9.3554335, 45.7330513 ] } },
{ "type": "Feature", "properties": { "osm_id": "10053232364", "name": null, "barrier": null, "highway": null, "ref": null, "address": null, "is_in": null, "place": null, "man_made": null, "other_tags": "\"colour\"=>\"red\",\"couplings:type\"=>\"UNI\",\"emergency\"=>\"fire_hydrant\",\"fire_hydrant:type\"=>\"pillar\"" }, "geometry": { "type": "Point", "coordinates": [ 9.3566635, 45.7293565 ] } },
{ "type": "Feature", "properties": { "osm_id": "10053232366", "name": null, "barrier": null, "highway": null, "ref": null, "address": null, "is_in": null, "place": null, "man_made": null, "other_tags": "\"colour\"=>\"red\",\"couplings:type\"=>\"UNI\",\"emergency\"=>\"fire_hydrant\",\"fire_hydrant:position\"=>\"lane\",\"fire_hydrant:type\"=>\"pillar\"" }, "geometry": { "type": "Point", "coordinates": [ 9.3613672, 45.7365189 ] } },
{ "type": "Feature", "properties": { "osm_id": "10053232367", "name": null, "barrier": null, "highway": null, "ref": null, "address": null, "is_in": null, "place": null, "man_made": null, "other_tags": "\"colour\"=>\"red\",\"couplings:type\"=>\"UNI\",\"emergency\"=>\"fire_hydrant\",\"fire_hydrant:position\"=>\"green\",\"fire_hydrant:type\"=>\"pillar\"" }, "geometry": { "type": "Point", "coordinates": [ 9.3602505, 45.7368164 ] } },
{ "type": "Feature", "properties": { "osm_id": "10053232369", "name": null, "barrier": null, "highway": null, "ref": null, "address": null, "is_in": null, "place": null, "man_made": null, "other_tags": "\"colour\"=>\"red\",\"couplings:type\"=>\"UNI\",\"emergency\"=>\"fire_hydrant\",\"fire_hydrant:type\"=>\"pillar\"" }, "geometry": { "type": "Point", "coordinates": [ 9.3586826, 45.7365341 ] } },
{ "type": "Feature", "properties": { "osm_id": "10053232371", "name": null, "barrier": null, "highway": null, "ref": null, "address": null, "is_in": null, "place": null, "man_made": null, "other_tags": "\"colour\"=>\"red\",\"couplings:type\"=>\"UNI\",\"emergency\"=>\"fire_hydrant\",\"fire_hydrant:type\"=>\"pillar\"" }, "geometry": { "type": "Point", "coordinates": [ 9.3572168, 45.7406502 ] } },
{ "type": "Feature", "properties": { "osm_id": "10053232372", "name": null, "barrier": null, "highway": null, "ref": null, "address": null, "is_in": null, "place": null, "man_made": null, "other_tags": "\"colour\"=>\"red\",\"couplings:type\"=>\"UNI\",\"emergency\"=>\"fire_hydrant\",\"fire_hydrant:type\"=>\"pillar\"" }, "geometry": { "type": "Point", "coordinates": [ 9.3600826, 45.7402496 ] } },
{ "type": "Feature", "properties": { "osm_id": "10053232373", "name": null, "barrier": null, "highway": null, "ref": null, "address": null, "is_in": null, "place": null, "man_made": null, "other_tags": "\"colour\"=>\"red\",\"couplings:type\"=>\"UNI\",\"emergency\"=>\"fire_hydrant\",\"fire_hydrant:type\"=>\"pillar\"" }, "geometry": { "type": "Point", "coordinates": [ 9.3554668, 45.7360992 ] } },
{ "type": "Feature", "properties": { "osm_id": "10053232374", "name": null, "barrier": null, "highway": null, "ref": null, "address": null, "is_in": null, "place": null, "man_made": null, "other_tags": "\"colour\"=>\"red\",\"couplings:type\"=>\"UNI\",\"emergency\"=>\"fire_hydrant\",\"fire_hydrant:type\"=>\"pillar\"" }, "geometry": { "type": "Point", "coordinates": [ 9.3631001, 45.7384682 ] } },
{ "type": "Feature", "properties": { "osm_id": "10053232376", "name": null, "barrier": null, "highway": null, "ref": null, "address": null, "is_in": null, "place": null, "man_made": null, "other_tags": "\"colour\"=>\"red\",\"couplings:type\"=>\"UNI\",\"emergency\"=>\"fire_hydrant\",\"fire_hydrant:type\"=>\"pillar\"" }, "geometry": { "type": "Point", "coordinates": [ 9.3625498, 45.7383003 ] } },
{ "type": "Feature", "properties": { "osm_id": "10053232377", "name": null, "barrier": null, "highway": null, "ref": null, "address": null, "is_in": null, "place": null, "man_made": null, "other_tags": "\"colour\"=>\"red\",\"couplings:type\"=>\"UNI\",\"emergency\"=>\"fire_hydrant\",\"fire_hydrant:position\"=>\"lane\",\"fire_hydrant:type\"=>\"pillar\"" }, "geometry": { "type": "Point", "coordinates": [ 9.3639498, 45.7384834 ] } },
{ "type": "Feature", "properties": { "osm_id": "10053232379", "name": null, "barrier": null, "highway": null, "ref": null, "address": null, "is_in": null, "place": null, "man_made": null, "other_tags": "\"colour\"=>\"red\",\"couplings:type\"=>\"UNI\",\"emergency\"=>\"fire_hydrant\",\"fire_hydrant:type\"=>\"pillar\"" }, "geometry": { "type": "Point", "coordinates": [ 9.3647003, 45.7324486 ] } },
{ "type": "Feature", "properties": { "osm_id": "10053232380", "name": null, "barrier": null, "highway": null, "ref": null, "address": null, "is_in": null, "place": null, "man_made": null, "other_tags": "\"colour\"=>\"red\",\"couplings:type\"=>\"UNI\",\"emergency\"=>\"fire_hydrant\",\"fire_hydrant:type\"=>\"pillar\"" }, "geometry": { "type": "Point", "coordinates": [ 9.3617334, 45.7309494 ] } },
{ "type": "Feature", "properties": { "osm_id": "10053232381", "name": null, "barrier": null, "highway": null, "ref": null, "address": null, "is_in": null, "place": null, "man_made": null, "other_tags": "\"colour\"=>\"red\",\"couplings:type\"=>\"UNI\",\"emergency\"=>\"fire_hydrant\",\"fire_hydrant:type\"=>\"pillar\"" }, "geometry": { "type": "Point", "coordinates": [ 9.3716831, 45.7300987 ] } },
{ "type": "Feature", "properties": { "osm_id": "10053232382", "name": null, "barrier": null, "highway": null, "ref": null, "address": null, "is_in": null, "place": null, "man_made": null, "other_tags": "\"colour\"=>\"red\",\"couplings:type\"=>\"UNI\",\"emergency\"=>\"fire_hydrant\",\"fire_hydrant:type\"=>\"pillar\"" }, "geometry": { "type": "Point", "coordinates": [ 9.3746996, 45.7260017 ] } },
{ "type": "Feature", "properties": { "osm_id": "10053232383", "name": null, "barrier": null, "highway": null, "ref": null, "address": null, "is_in": null, "place": null, "man_made": null, "other_tags": "\"colour\"=>\"red\",\"couplings:type\"=>\"UNI\",\"emergency\"=>\"fire_hydrant\",\"fire_hydrant:type\"=>\"pillar\"" }, "geometry": { "type": "Point", "coordinates": [ 9.3696671, 45.7309341 ] } },
{ "type": "Feature", "properties": { "osm_id": "10053232384", "name": null, "barrier": null, "highway": null, "ref": null, "address": null, "is_in": null, "place": null, "man_made": null, "other_tags": "\"colour\"=>\"red\",\"couplings:type\"=>\"UNI\",\"emergency\"=>\"fire_hydrant\",\"fire_hydrant:type\"=>\"pillar\"" }, "geometry": { "type": "Point", "coordinates": [ 9.3597832, 45.7320519 ] } },
{ "type": "Feature", "properties": { "osm_id": "10053232385", "name": null, "barrier": null, "highway": null, "ref": null, "address": null, "is_in": null, "place": null, "man_made": null, "other_tags": "\"colour\"=>\"red\",\"couplings:type\"=>\"UNI\",\"emergency\"=>\"fire_hydrant\",\"fire_hydrant:type\"=>\"pillar\"" }, "geometry": { "type": "Point", "coordinates": [ 9.3677502, 45.7384682 ] } },
{ "type": "Feature", "properties": { "osm_id": "10053232387", "name": null, "barrier": null, "highway": null, "ref": null, "address": null, "is_in": null, "place": null, "man_made": null, "other_tags": "\"colour\"=>\"red\",\"couplings:type\"=>\"UNI\",\"emergency\"=>\"fire_hydrant\",\"fire_hydrant:position\"=>\"green\",\"fire_hydrant:type\"=>\"pillar\"" }, "geometry": { "type": "Point", "coordinates": [ 9.3653669, 45.736351 ] } },
{ "type": "Feature", "properties": { "osm_id": "10053232390", "name": null, "barrier": null, "highway": null, "ref": null, "address": null, "is_in": null, "place": null, "man_made": null, "other_tags": "\"colour\"=>\"red\",\"couplings:type\"=>\"UNI\",\"emergency\"=>\"fire_hydrant\",\"fire_hydrant:type\"=>\"pillar\"" }, "geometry": { "type": "Point", "coordinates": [ 9.3613501, 45.7378845 ] } },
{ "type": "Feature", "properties": { "osm_id": "10053232391", "name": null, "barrier": null, "highway": null, "ref": null, "address": null, "is_in": null, "place": null, "man_made": null, "other_tags": "\"colour\"=>\"red\",\"couplings:type\"=>\"UNI\",\"emergency\"=>\"fire_hydrant\",\"fire_hydrant:type\"=>\"pillar\"" }, "geometry": { "type": "Point", "coordinates": [ 9.3620329, 45.7377167 ] } },
{ "type": "Feature", "properties": { "osm_id": "10053232392", "name": null, "barrier": null, "highway": null, "ref": null, "address": null, "is_in": null, "place": null, "man_made": null, "other_tags": "\"colour\"=>\"red\",\"couplings:type\"=>\"UNI\",\"emergency\"=>\"fire_hydrant\",\"fire_hydrant:type\"=>\"pillar\"" }, "geometry": { "type": "Point", "coordinates": [ 9.3640671, 45.7376518 ] } },
{ "type": "Feature", "properties": { "osm_id": "10053232393", "name": null, "barrier": null, "highway": null, "ref": null, "address": null, "is_in": null, "place": null, "man_made": null, "other_tags": "\"colour\"=>\"red\",\"couplings:type\"=>\"UNI\",\"emergency\"=>\"fire_hydrant\",\"fire_hydrant:position\"=>\"green\",\"fire_hydrant:type\"=>\"pillar\"" }, "geometry": { "type": "Point", "coordinates": [ 9.3661499, 45.7356491 ] } },
{ "type": "Feature", "properties": { "osm_id": "10053232394", "name": null, "barrier": null, "highway": null, "ref": null, "address": null, "is_in": null, "place": null, "man_made": null, "other_tags": "\"colour\"=>\"red\",\"couplings:type\"=>\"UNI\",\"emergency\"=>\"fire_hydrant\",\"fire_hydrant:position\"=>\"sidewalk\",\"fire_hydrant:type\"=>\"pillar\"" }, "geometry": { "type": "Point", "coordinates": [ 9.3557673, 45.7375183 ] } },
{ "type": "Feature", "properties": { "osm_id": "10053232395", "name": null, "barrier": null, "highway": null, "ref": null, "address": null, "is_in": null, "place": null, "man_made": null, "other_tags": "\"colour\"=>\"red\",\"couplings:type\"=>\"UNI\",\"emergency\"=>\"fire_hydrant\",\"fire_hydrant:type\"=>\"pillar\"" }, "geometry": { "type": "Point", "coordinates": [ 9.3611002, 45.7358513 ] } },
{ "type": "Feature", "properties": { "osm_id": "10053232396", "name": null, "barrier": null, "highway": null, "ref": null, "address": null, "is_in": null, "place": null, "man_made": null, "other_tags": "\"colour\"=>\"red\",\"couplings:type\"=>\"UNI\",\"emergency\"=>\"fire_hydrant\",\"fire_hydrant:type\"=>\"pillar\"" }, "geometry": { "type": "Point", "coordinates": [ 9.3695498, 45.737999 ] } },
{ "type": "Feature", "properties": { "osm_id": "10053232397", "name": null, "barrier": null, "highway": null, "ref": null, "address": null, "is_in": null, "place": null, "man_made": null, "other_tags": "\"colour\"=>\"red\",\"couplings:type\"=>\"UNI\",\"emergency\"=>\"fire_hydrant\",\"fire_hydrant:type\"=>\"pillar\"" }, "geometry": { "type": "Point", "coordinates": [ 9.3628168, 45.732933 ] } },
{ "type": "Feature", "properties": { "osm_id": "10053232398", "name": null, "barrier": null, "highway": null, "ref": null, "address": null, "is_in": null, "place": null, "man_made": null, "other_tags": "\"colour\"=>\"red\",\"couplings:type\"=>\"UNI\",\"emergency\"=>\"fire_hydrant\",\"fire_hydrant:type\"=>\"pillar\"" }, "geometry": { "type": "Point", "coordinates": [ 9.3595505, 45.7393188 ] } },
{ "type": "Feature", "properties": { "osm_id": "10053232399", "name": null, "barrier": null, "highway": null, "ref": null, "address": null, "is_in": null, "place": null, "man_made": null, "other_tags": "\"colour\"=>\"red\",\"couplings:type\"=>\"UNI\",\"emergency\"=>\"fire_hydrant\",\"fire_hydrant:type\"=>\"pillar\"" }, "geometry": { "type": "Point", "coordinates": [ 9.3588171, 45.7394486 ] } },
{ "type": "Feature", "properties": { "osm_id": "10053232402", "name": null, "barrier": null, "highway": null, "ref": null, "address": null, "is_in": null, "place": null, "man_made": null, "other_tags": "\"colour\"=>\"red\",\"couplings:type\"=>\"UNI\",\"emergency\"=>\"fire_hydrant\",\"fire_hydrant:type\"=>\"pillar\"" }, "geometry": { "type": "Point", "coordinates": [ 9.358367, 45.7370338 ] } },
{ "type": "Feature", "properties": { "osm_id": "10053232403", "name": null, "barrier": null, "highway": null, "ref": null, "address": null, "is_in": null, "place": null, "man_made": null, "other_tags": "\"colour\"=>\"red\",\"couplings:type\"=>\"UNI\",\"emergency\"=>\"fire_hydrant\",\"fire_hydrant:type\"=>\"pillar\"" }, "geometry": { "type": "Point", "coordinates": [ 9.3640327, 45.733799 ] } },
{ "type": "Feature", "properties": { "osm_id": "10053232404", "name": null, "barrier": null, "highway": null, "ref": null, "address": null, "is_in": null, "place": null, "man_made": null, "other_tags": "\"colour\"=>\"red\",\"couplings:type\"=>\"UNI\",\"emergency\"=>\"fire_hydrant\",\"fire_hydrant:type\"=>\"pillar\"" }, "geometry": { "type": "Point", "coordinates": [ 9.3687172, 45.7376328 ] } },
{ "type": "Feature", "properties": { "osm_id": "10053232493", "name": null, "barrier": null, "highway": null, "ref": null, "address": null, "is_in": null, "place": null, "man_made": null, "other_tags": "\"colour\"=>\"red\",\"couplings:type\"=>\"UNI\",\"emergency\"=>\"fire_hydrant\",\"fire_hydrant:type\"=>\"pillar\"" }, "geometry": { "type": "Point", "coordinates": [ 9.3992004, 45.7276917 ] } },
{ "type": "Feature", "properties": { "osm_id": "10053232494", "name": null, "barrier": null, "highway": null, "ref": null, "address": null, "is_in": null, "place": null, "man_made": null, "other_tags": "\"colour\"=>\"red\",\"couplings:type\"=>\"UNI\",\"emergency\"=>\"fire_hydrant\",\"fire_hydrant:type\"=>\"pillar\"" }, "geometry": { "type": "Point", "coordinates": [ 9.4081602, 45.7371216 ] } },
{ "type": "Feature", "properties": { "osm_id": "10053232495", "name": null, "barrier": null, "highway": null, "ref": null, "address": null, "is_in": null, "place": null, "man_made": null, "other_tags": "\"colour\"=>\"red\",\"couplings:type\"=>\"UNI\",\"emergency\"=>\"fire_hydrant\",\"fire_hydrant:type\"=>\"pillar\"" }, "geometry": { "type": "Point", "coordinates": [ 9.41045, 45.7360611 ] } },
{ "type": "Feature", "properties": { "osm_id": "10053232496", "name": null, "barrier": null, "highway": null, "ref": null, "address": null, "is_in": null, "place": null, "man_made": null, "other_tags": "\"colour\"=>\"red\",\"couplings:type\"=>\"UNI\",\"emergency\"=>\"fire_hydrant\",\"fire_hydrant:type\"=>\"pillar\"" }, "geometry": { "type": "Point", "coordinates": [ 9.4109297, 45.7353516 ] } },
{ "type": "Feature", "properties": { "osm_id": "10053232497", "name": null, "barrier": null, "highway": null, "ref": null, "address": null, "is_in": null, "place": null, "man_made": null, "other_tags": "\"colour\"=>\"red\",\"couplings:type\"=>\"UNI\",\"emergency\"=>\"fire_hydrant\",\"fire_hydrant:type\"=>\"pillar\"" }, "geometry": { "type": "Point", "coordinates": [ 9.4124603, 45.7364616 ] } },
{ "type": "Feature", "properties": { "osm_id": "10053232498", "name": null, "barrier": null, "highway": null, "ref": null, "address": null, "is_in": null, "place": null, "man_made": null, "other_tags": "\"colour\"=>\"red\",\"couplings:type\"=>\"UNI\",\"emergency\"=>\"fire_hydrant\",\"fire_hydrant:type\"=>\"pillar\"" }, "geometry": { "type": "Point", "coordinates": [ 9.40903, 45.7384415 ] } },
{ "type": "Feature", "properties": { "osm_id": "10053232499", "name": null, "barrier": null, "highway": null, "ref": null, "address": null, "is_in": null, "place": null, "man_made": null, "other_tags": "\"colour\"=>\"red\",\"couplings:type\"=>\"UNI\",\"emergency\"=>\"fire_hydrant\",\"fire_hydrant:type\"=>\"pillar\"" }, "geometry": { "type": "Point", "coordinates": [ 9.4138803, 45.7374992 ] } },
{ "type": "Feature", "properties": { "osm_id": "10053232500", "name": null, "barrier": null, "highway": null, "ref": null, "address": null, "is_in": null, "place": null, "man_made": null, "other_tags": "\"colour\"=>\"red\",\"couplings:type\"=>\"UNI\",\"emergency\"=>\"fire_hydrant\",\"fire_hydrant:type\"=>\"pillar\"" }, "geometry": { "type": "Point", "coordinates": [ 9.4126596, 45.7388802 ] } },
{ "type": "Feature", "properties": { "osm_id": "10053232501", "name": null, "barrier": null, "highway": null, "ref": null, "address": null, "is_in": null, "place": null, "man_made": null, "other_tags": "\"colour\"=>\"red\",\"couplings:type\"=>\"UNI\",\"emergency\"=>\"fire_hydrant\",\"fire_hydrant:type\"=>\"pillar\"" }, "geometry": { "type": "Point", "coordinates": [ 9.41504, 45.7378502 ] } },
{ "type": "Feature", "properties": { "osm_id": "10053232502", "name": null, "barrier": null, "highway": null, "ref": null, "address": null, "is_in": null, "place": null, "man_made": null, "other_tags": "\"colour\"=>\"red\",\"couplings:diameters\"=>\"70 mm\",\"couplings:type\"=>\"UNI\",\"emergency\"=>\"fire_hydrant\",\"fire_hydrant:type\"=>\"pillar\"" }, "geometry": { "type": "Point", "coordinates": [ 9.3992395, 45.7182999 ] } },
{ "type": "Feature", "properties": { "osm_id": "10053232503", "name": null, "barrier": null, "highway": null, "ref": null, "address": null, "is_in": null, "place": null, "man_made": null, "other_tags": "\"colour\"=>\"red\",\"couplings:type\"=>\"UNI\",\"emergency\"=>\"fire_hydrant\",\"fire_hydrant:type\"=>\"pillar\"" }, "geometry": { "type": "Point", "coordinates": [ 9.39779, 45.7266083 ] } },
{ "type": "Feature", "properties": { "osm_id": "10053232504", "name": null, "barrier": null, "highway": null, "ref": null, "address": null, "is_in": null, "place": null, "man_made": null, "other_tags": "\"colour\"=>\"red\",\"couplings:type\"=>\"UNI\",\"emergency\"=>\"fire_hydrant\",\"fire_hydrant:type\"=>\"pillar\"" }, "geometry": { "type": "Point", "coordinates": [ 9.4041996, 45.7369499 ] } },
{ "type": "Feature", "properties": { "osm_id": "10053232505", "name": null, "barrier": null, "highway": null, "ref": null, "address": null, "is_in": null, "place": null, "man_made": null, "other_tags": "\"colour\"=>\"red\",\"couplings:type\"=>\"UNI\",\"emergency\"=>\"fire_hydrant\",\"fire_hydrant:type\"=>\"pillar\"" }, "geometry": { "type": "Point", "coordinates": [ 9.3973703, 45.7241592 ] } },
{ "type": "Feature", "properties": { "osm_id": "10053232506", "name": null, "barrier": null, "highway": null, "ref": null, "address": null, "is_in": null, "place": null, "man_made": null, "other_tags": "\"colour\"=>\"red\",\"couplings:type\"=>\"UNI\",\"emergency\"=>\"fire_hydrant\",\"fire_hydrant:type\"=>\"pillar\"" }, "geometry": { "type": "Point", "coordinates": [ 9.3987904, 45.7168999 ] } },
{ "type": "Feature", "properties": { "osm_id": "10053232507", "name": null, "barrier": null, "highway": null, "ref": null, "address": null, "is_in": null, "place": null, "man_made": null, "other_tags": "\"colour\"=>\"red\",\"couplings:type\"=>\"UNI\",\"emergency\"=>\"fire_hydrant\",\"fire_hydrant:type\"=>\"pillar\"" }, "geometry": { "type": "Point", "coordinates": [ 9.3928499, 45.7154999 ] } },
{ "type": "Feature", "properties": { "osm_id": "10053232508", "name": null, "barrier": null, "highway": null, "ref": null, "address": null, "is_in": null, "place": null, "man_made": null, "other_tags": "\"colour\"=>\"red\",\"couplings:type\"=>\"UNI\",\"emergency\"=>\"fire_hydrant\",\"fire_hydrant:type\"=>\"pillar\"" }, "geometry": { "type": "Point", "coordinates": [ 9.3927603, 45.7140503 ] } },
{ "type": "Feature", "properties": { "osm_id": "10053232509", "name": null, "barrier": null, "highway": null, "ref": null, "address": null, "is_in": null, "place": null, "man_made": null, "other_tags": "\"colour\"=>\"red\",\"couplings:type\"=>\"UNI\",\"emergency\"=>\"fire_hydrant\",\"fire_hydrant:type\"=>\"pillar\"" }, "geometry": { "type": "Point", "coordinates": [ 9.3963804, 45.7134209 ] } },
{ "type": "Feature", "properties": { "osm_id": "10053232510", "name": null, "barrier": null, "highway": null, "ref": null, "address": null, "is_in": null, "place": null, "man_made": null, "other_tags": "\"colour\"=>\"red\",\"couplings:type\"=>\"UNI\",\"emergency\"=>\"fire_hydrant\",\"fire_hydrant:type\"=>\"pillar\"" }, "geometry": { "type": "Point", "coordinates": [ 9.3948853, 45.7100849 ] } },
{ "type": "Feature", "properties": { "osm_id": "10053232512", "name": null, "barrier": null, "highway": null, "ref": null, "address": null, "is_in": null, "place": null, "man_made": null, "other_tags": "\"colour\"=>\"red\",\"couplings:type\"=>\"UNI\",\"emergency\"=>\"fire_hydrant\",\"fire_hydrant:type\"=>\"pillar\"" }, "geometry": { "type": "Point", "coordinates": [ 9.39153, 45.7311897 ] } },
{ "type": "Feature", "properties": { "osm_id": "10053232513", "name": null, "barrier": null, "highway": null, "ref": null, "address": null, "is_in": null, "place": null, "man_made": null, "other_tags": "\"colour\"=>\"red\",\"couplings:type\"=>\"UNI\",\"emergency\"=>\"fire_hydrant\",\"fire_hydrant:type\"=>\"pillar\"" }, "geometry": { "type": "Point", "coordinates": [ 9.3952904, 45.7344399 ] } },
{ "type": "Feature", "properties": { "osm_id": "10053232514", "name": null, "barrier": null, "highway": null, "ref": null, "address": null, "is_in": null, "place": null, "man_made": null, "other_tags": "\"colour\"=>\"red\",\"couplings:type\"=>\"UNI\",\"emergency\"=>\"fire_hydrant\",\"fire_hydrant:type\"=>\"pillar\"" }, "geometry": { "type": "Point", "coordinates": [ 9.4003, 45.7410202 ] } },
{ "type": "Feature", "properties": { "osm_id": "10053232515", "name": null, "barrier": null, "highway": null, "ref": null, "address": null, "is_in": null, "place": null, "man_made": null, "other_tags": "\"colour\"=>\"red\",\"couplings:type\"=>\"UNI\",\"emergency\"=>\"fire_hydrant\",\"fire_hydrant:type\"=>\"pillar\"" }, "geometry": { "type": "Point", "coordinates": [ 9.4033298, 45.7395401 ] } },
{ "type": "Feature", "properties": { "osm_id": "10053232516", "name": null, "barrier": null, "highway": null, "ref": null, "address": null, "is_in": null, "place": null, "man_made": null, "other_tags": "\"colour\"=>\"red\",\"couplings:type\"=>\"UNI\",\"emergency\"=>\"fire_hydrant\",\"fire_hydrant:type\"=>\"pillar\"" }, "geometry": { "type": "Point", "coordinates": [ 9.3885899, 45.7314606 ] } },
{ "type": "Feature", "properties": { "osm_id": "10053232517", "name": null, "barrier": null, "highway": null, "ref": null, "address": null, "is_in": null, "place": null, "man_made": null, "other_tags": "\"colour\"=>\"red\",\"couplings:type\"=>\"UNI\",\"emergency\"=>\"fire_hydrant\",\"fire_hydrant:type\"=>\"pillar\"" }, "geometry": { "type": "Point", "coordinates": [ 9.38869, 45.7312203 ] } },
{ "type": "Feature", "properties": { "osm_id": "10053232518", "name": null, "barrier": null, "highway": null, "ref": null, "address": null, "is_in": null, "place": null, "man_made": null, "other_tags": "\"colour\"=>\"red\",\"couplings:type\"=>\"UNI\",\"emergency\"=>\"fire_hydrant\",\"fire_hydrant:type\"=>\"pillar\"" }, "geometry": { "type": "Point", "coordinates": [ 9.39077, 45.7315292 ] } },
{ "type": "Feature", "properties": { "osm_id": "10053232519", "name": null, "barrier": null, "highway": null, "ref": null, "address": null, "is_in": null, "place": null, "man_made": null, "other_tags": "\"colour\"=>\"red\",\"couplings:type\"=>\"UNI\",\"emergency\"=>\"fire_hydrant\",\"fire_hydrant:type\"=>\"pillar\"" }, "geometry": { "type": "Point", "coordinates": [ 9.3902798, 45.7337494 ] } },
{ "type": "Feature", "properties": { "osm_id": "10053232520", "name": null, "barrier": null, "highway": null, "ref": null, "address": null, "is_in": null, "place": null, "man_made": null, "other_tags": "\"colour\"=>\"red\",\"couplings:type\"=>\"UNI\",\"emergency\"=>\"fire_hydrant\",\"fire_hydrant:type\"=>\"pillar\"" }, "geometry": { "type": "Point", "coordinates": [ 9.3891697, 45.7341919 ] } },
{ "type": "Feature", "properties": { "osm_id": "10053232521", "name": null, "barrier": null, "highway": null, "ref": null, "address": null, "is_in": null, "place": null, "man_made": null, "other_tags": "\"colour\"=>\"red\",\"couplings:type\"=>\"UNI\",\"emergency\"=>\"fire_hydrant\",\"fire_hydrant:type\"=>\"pillar\"" }, "geometry": { "type": "Point", "coordinates": [ 9.3939896, 45.7402496 ] } },
{ "type": "Feature", "properties": { "osm_id": "10053232522", "name": null, "barrier": null, "highway": null, "ref": null, "address": null, "is_in": null, "place": null, "man_made": null, "other_tags": "\"colour\"=>\"red\",\"couplings:type\"=>\"UNI\",\"emergency\"=>\"fire_hydrant\",\"fire_hydrant:type\"=>\"pillar\"" }, "geometry": { "type": "Point", "coordinates": [ 9.4053202, 45.7360992 ] } },
{ "type": "Feature", "properties": { "osm_id": "10053232523", "name": null, "barrier": null, "highway": null, "ref": null, "address": null, "is_in": null, "place": null, "man_made": null, "other_tags": "\"colour\"=>\"red\",\"couplings:type\"=>\"UNI\",\"emergency\"=>\"fire_hydrant\",\"fire_hydrant:type\"=>\"pillar\"" }, "geometry": { "type": "Point", "coordinates": [ 9.3977299, 45.7351914 ] } },
{ "type": "Feature", "properties": { "osm_id": "10053232524", "name": null, "barrier": null, "highway": null, "ref": null, "address": null, "is_in": null, "place": null, "man_made": null, "other_tags": "\"colour\"=>\"red\",\"couplings:type\"=>\"UNI\",\"emergency\"=>\"fire_hydrant\",\"fire_hydrant:type\"=>\"pillar\"" }, "geometry": { "type": "Point", "coordinates": [ 9.4051905, 45.7381287 ] } },
{ "type": "Feature", "properties": { "osm_id": "10053232525", "name": null, "barrier": null, "highway": null, "ref": null, "address": null, "is_in": null, "place": null, "man_made": null, "other_tags": "\"colour\"=>\"red\",\"couplings:type\"=>\"UNI\",\"emergency\"=>\"fire_hydrant\",\"fire_hydrant:type\"=>\"pillar\"" }, "geometry": { "type": "Point", "coordinates": [ 9.3926601, 45.7346802 ] } },
{ "type": "Feature", "properties": { "osm_id": "10053232526", "name": null, "barrier": null, "highway": null, "ref": null, "address": null, "is_in": null, "place": null, "man_made": null, "other_tags": "\"colour\"=>\"red\",\"couplings:type\"=>\"UNI\",\"emergency\"=>\"fire_hydrant\",\"fire_hydrant:type\"=>\"pillar\"" }, "geometry": { "type": "Point", "coordinates": [ 9.3923998, 45.733181 ] } },
{ "type": "Feature", "properties": { "osm_id": "10053232527", "name": null, "barrier": null, "highway": null, "ref": null, "address": null, "is_in": null, "place": null, "man_made": null, "other_tags": "\"colour\"=>\"red\",\"couplings:type\"=>\"UNI\",\"emergency\"=>\"fire_hydrant\",\"fire_hydrant:type\"=>\"pillar\"" }, "geometry": { "type": "Point", "coordinates": [ 9.3949804, 45.7331314 ] } },
{ "type": "Feature", "properties": { "osm_id": "10053232528", "name": null, "barrier": null, "highway": null, "ref": null, "address": null, "is_in": null, "place": null, "man_made": null, "other_tags": "\"colour\"=>\"red\",\"couplings:diameters\"=>\"45 mm\",\"couplings:type\"=>\"UNI\",\"emergency\"=>\"fire_hydrant\",\"fire_hydrant:type\"=>\"pillar\"" }, "geometry": { "type": "Point", "coordinates": [ 9.3981199, 45.7308006 ] } },
{ "type": "Feature", "properties": { "osm_id": "10053232529", "name": null, "barrier": null, "highway": null, "ref": null, "address": null, "is_in": null, "place": null, "man_made": null, "other_tags": "\"colour\"=>\"red\",\"couplings:type\"=>\"UNI\",\"emergency\"=>\"fire_hydrant\",\"fire_hydrant:type\"=>\"pillar\"" }, "geometry": { "type": "Point", "coordinates": [ 9.4033203, 45.7325211 ] } },
{ "type": "Feature", "properties": { "osm_id": "10053232530", "name": null, "barrier": null, "highway": null, "ref": null, "address": null, "is_in": null, "place": null, "man_made": null, "other_tags": "\"colour\"=>\"red\",\"couplings:type\"=>\"UNI\",\"emergency\"=>\"fire_hydrant\",\"fire_hydrant:type\"=>\"pillar\"" }, "geometry": { "type": "Point", "coordinates": [ 9.4031601, 45.7358513 ] } },
{ "type": "Feature", "properties": { "osm_id": "10053232531", "name": null, "barrier": null, "highway": null, "ref": null, "address": null, "is_in": null, "place": null, "man_made": null, "other_tags": "\"colour\"=>\"red\",\"couplings:type\"=>\"UNI\",\"emergency\"=>\"fire_hydrant\",\"fire_hydrant:type\"=>\"pillar\"" }, "geometry": { "type": "Point", "coordinates": [ 9.3893805, 45.7377281 ] } },
{ "type": "Feature", "properties": { "osm_id": "10053232532", "name": null, "barrier": null, "highway": null, "ref": null, "address": null, "is_in": null, "place": null, "man_made": null, "other_tags": "\"colour\"=>\"red\",\"couplings:type\"=>\"UNI\",\"emergency\"=>\"fire_hydrant\",\"fire_hydrant:type\"=>\"pillar\"" }, "geometry": { "type": "Point", "coordinates": [ 9.39676, 45.7423515 ] } },
{ "type": "Feature", "properties": { "osm_id": "10053232533", "name": null, "barrier": null, "highway": null, "ref": null, "address": null, "is_in": null, "place": null, "man_made": null, "other_tags": "\"colour\"=>\"red\",\"couplings:type\"=>\"UNI\",\"emergency\"=>\"fire_hydrant\",\"fire_hydrant:type\"=>\"pillar\"" }, "geometry": { "type": "Point", "coordinates": [ 9.4004202, 45.7263603 ] } },
{ "type": "Feature", "properties": { "osm_id": "10053232534", "name": null, "barrier": null, "highway": null, "ref": null, "address": null, "is_in": null, "place": null, "man_made": null, "other_tags": "\"colour\"=>\"red\",\"couplings:type\"=>\"UNI\",\"emergency\"=>\"fire_hydrant\",\"fire_hydrant:type\"=>\"pillar\"" }, "geometry": { "type": "Point", "coordinates": [ 9.38941, 45.7377892 ] } },
{ "type": "Feature", "properties": { "osm_id": "10053232535", "name": null, "barrier": null, "highway": null, "ref": null, "address": null, "is_in": null, "place": null, "man_made": null, "other_tags": "\"colour\"=>\"red\",\"couplings:type\"=>\"UNI\",\"emergency\"=>\"fire_hydrant\",\"fire_hydrant:type\"=>\"pillar\"" }, "geometry": { "type": "Point", "coordinates": [ 9.4031496, 45.7281189 ] } },
{ "type": "Feature", "properties": { "osm_id": "10053232536", "name": null, "barrier": null, "highway": null, "ref": null, "address": null, "is_in": null, "place": null, "man_made": null, "other_tags": "\"colour\"=>\"red\",\"couplings:type\"=>\"UNI\",\"emergency\"=>\"fire_hydrant\",\"fire_hydrant:type\"=>\"pillar\"" }, "geometry": { "type": "Point", "coordinates": [ 9.3867397, 45.7336388 ] } },
{ "type": "Feature", "properties": { "osm_id": "10053232537", "name": null, "barrier": null, "highway": null, "ref": null, "address": null, "is_in": null, "place": null, "man_made": null, "other_tags": "\"colour\"=>\"red\",\"couplings:type\"=>\"UNI\",\"emergency\"=>\"fire_hydrant\",\"fire_hydrant:type\"=>\"pillar\"" }, "geometry": { "type": "Point", "coordinates": [ 9.4025202, 45.7266693 ] } },
{ "type": "Feature", "properties": { "osm_id": "10053232538", "name": null, "barrier": null, "highway": null, "ref": null, "address": null, "is_in": null, "place": null, "man_made": null, "other_tags": "\"colour\"=>\"red\",\"couplings:type\"=>\"UNI\",\"emergency\"=>\"fire_hydrant\",\"fire_hydrant:type\"=>\"pillar\"" }, "geometry": { "type": "Point", "coordinates": [ 9.4012899, 45.7252884 ] } },
{ "type": "Feature", "properties": { "osm_id": "10053232539", "name": null, "barrier": null, "highway": null, "ref": null, "address": null, "is_in": null, "place": null, "man_made": null, "other_tags": "\"colour\"=>\"red\",\"couplings:type\"=>\"UNI\",\"emergency\"=>\"fire_hydrant\",\"fire_hydrant:type\"=>\"pillar\"" }, "geometry": { "type": "Point", "coordinates": [ 9.3995504, 45.7257881 ] } },
{ "type": "Feature", "properties": { "osm_id": "10053232540", "name": null, "barrier": null, "highway": null, "ref": null, "address": null, "is_in": null, "place": null, "man_made": null, "other_tags": "\"colour\"=>\"red\",\"couplings:type\"=>\"UNI\",\"emergency\"=>\"fire_hydrant\",\"fire_hydrant:type\"=>\"pillar\"" }, "geometry": { "type": "Point", "coordinates": [ 9.4012299, 45.7272492 ] } },
{ "type": "Feature", "properties": { "osm_id": "10053232541", "name": null, "barrier": null, "highway": null, "ref": null, "address": null, "is_in": null, "place": null, "man_made": null, "other_tags": "\"colour\"=>\"red\",\"couplings:type\"=>\"UNI\",\"emergency\"=>\"fire_hydrant\",\"fire_hydrant:type\"=>\"pillar\"" }, "geometry": { "type": "Point", "coordinates": [ 9.39991, 45.7254486 ] } },
{ "type": "Feature", "properties": { "osm_id": "10053232542", "name": null, "barrier": null, "highway": null, "ref": null, "address": null, "is_in": null, "place": null, "man_made": null, "other_tags": "\"colour\"=>\"red\",\"couplings:type\"=>\"UNI\",\"emergency\"=>\"fire_hydrant\",\"fire_hydrant:type\"=>\"pillar\"" }, "geometry": { "type": "Point", "coordinates": [ 9.3999004, 45.7241707 ] } },
{ "type": "Feature", "properties": { "osm_id": "10053232543", "name": null, "barrier": null, "highway": null, "ref": null, "address": null, "is_in": null, "place": null, "man_made": null, "other_tags": "\"colour\"=>\"red\",\"couplings:type\"=>\"UNI\",\"emergency\"=>\"fire_hydrant\",\"fire_hydrant:type\"=>\"pillar\"" }, "geometry": { "type": "Point", "coordinates": [ 9.3986702, 45.7226601 ] } },
{ "type": "Feature", "properties": { "osm_id": "10053232544", "name": null, "barrier": null, "highway": null, "ref": null, "address": null, "is_in": null, "place": null, "man_made": null, "other_tags": "\"colour\"=>\"red\",\"couplings:type\"=>\"UNI\",\"emergency\"=>\"fire_hydrant\",\"fire_hydrant:type\"=>\"pillar\"" }, "geometry": { "type": "Point", "coordinates": [ 9.4005003, 45.7195282 ] } },
{ "type": "Feature", "properties": { "osm_id": "10053232545", "name": null, "barrier": null, "highway": null, "ref": null, "address": null, "is_in": null, "place": null, "man_made": null, "other_tags": "\"colour\"=>\"red\",\"couplings:type\"=>\"UNI\",\"emergency\"=>\"fire_hydrant\",\"fire_hydrant:type\"=>\"pillar\"" }, "geometry": { "type": "Point", "coordinates": [ 9.4016199, 45.7255783 ] } },
{ "type": "Feature", "properties": { "osm_id": "10053232546", "name": null, "barrier": null, "highway": null, "ref": null, "address": null, "is_in": null, "place": null, "man_made": null, "other_tags": "\"colour\"=>\"red\",\"couplings:type\"=>\"UNI\",\"emergency\"=>\"fire_hydrant\",\"fire_hydrant:type\"=>\"pillar\"" }, "geometry": { "type": "Point", "coordinates": [ 9.4028196, 45.7213402 ] } },
{ "type": "Feature", "properties": { "osm_id": "10053232547", "name": null, "barrier": null, "highway": null, "ref": null, "address": null, "is_in": null, "place": null, "man_made": null, "other_tags": "\"colour\"=>\"red\",\"couplings:type\"=>\"UNI\",\"emergency\"=>\"fire_hydrant\",\"fire_hydrant:type\"=>\"pillar\"" }, "geometry": { "type": "Point", "coordinates": [ 9.4173298, 45.7366905 ] } },
{ "type": "Feature", "properties": { "osm_id": "10053232548", "name": null, "barrier": null, "highway": null, "ref": null, "address": null, "is_in": null, "place": null, "man_made": null, "other_tags": "\"colour\"=>\"red\",\"couplings:type\"=>\"UNI\",\"emergency\"=>\"fire_hydrant\",\"fire_hydrant:type\"=>\"pillar\"" }, "geometry": { "type": "Point", "coordinates": [ 9.4033003, 45.7293091 ] } },
{ "type": "Feature", "properties": { "osm_id": "10053232549", "name": null, "barrier": null, "highway": null, "ref": null, "address": null, "is_in": null, "place": null, "man_made": null, "other_tags": "\"colour\"=>\"red\",\"couplings:type\"=>\"UNI\",\"emergency\"=>\"fire_hydrant\",\"fire_hydrant:type\"=>\"pillar\"" }, "geometry": { "type": "Point", "coordinates": [ 9.3997097, 45.7277718 ] } },
{ "type": "Feature", "properties": { "osm_id": "10053232550", "name": null, "barrier": null, "highway": null, "ref": null, "address": null, "is_in": null, "place": null, "man_made": null, "other_tags": "\"colour\"=>\"red\",\"couplings:type\"=>\"UNI\",\"emergency\"=>\"fire_hydrant\",\"fire_hydrant:type\"=>\"pillar\"" }, "geometry": { "type": "Point", "coordinates": [ 9.4029903, 45.7225304 ] } },
{ "type": "Feature", "properties": { "osm_id": "10053232551", "name": null, "barrier": null, "highway": null, "ref": null, "address": null, "is_in": null, "place": null, "man_made": null, "other_tags": "\"colour\"=>\"red\",\"couplings:type\"=>\"UNI\",\"emergency\"=>\"fire_hydrant\",\"fire_hydrant:type\"=>\"pillar\"" }, "geometry": { "type": "Point", "coordinates": [ 9.4196596, 45.7383614 ] } },
{ "type": "Feature", "properties": { "osm_id": "10053232552", "name": null, "barrier": null, "highway": null, "ref": null, "address": null, "is_in": null, "place": null, "man_made": null, "other_tags": "\"colour\"=>\"red\",\"couplings:type\"=>\"UNI\",\"emergency\"=>\"fire_hydrant\",\"fire_hydrant:type\"=>\"pillar\"" }, "geometry": { "type": "Point", "coordinates": [ 9.4191399, 45.73666 ] } },
{ "type": "Feature", "properties": { "osm_id": "10053232553", "name": null, "barrier": null, "highway": null, "ref": null, "address": null, "is_in": null, "place": null, "man_made": null, "other_tags": "\"colour\"=>\"red\",\"couplings:type\"=>\"UNI\",\"emergency\"=>\"fire_hydrant\",\"fire_hydrant:type\"=>\"pillar\"" }, "geometry": { "type": "Point", "coordinates": [ 9.41504, 45.7365799 ] } },
{ "type": "Feature", "properties": { "osm_id": "10053232554", "name": null, "barrier": null, "highway": null, "ref": null, "address": null, "is_in": null, "place": null, "man_made": null, "other_tags": "\"colour\"=>\"red\",\"couplings:type\"=>\"UNI\",\"emergency\"=>\"fire_hydrant\",\"fire_hydrant:type\"=>\"pillar\"" }, "geometry": { "type": "Point", "coordinates": [ 9.4015903, 45.7281799 ] } },
{ "type": "Feature", "properties": { "osm_id": "10053232555", "name": null, "barrier": null, "highway": null, "ref": null, "address": null, "is_in": null, "place": null, "man_made": null, "other_tags": "\"colour\"=>\"red\",\"couplings:type\"=>\"UNI\",\"emergency\"=>\"fire_hydrant\",\"fire_hydrant:type\"=>\"pillar\"" }, "geometry": { "type": "Point", "coordinates": [ 9.4065199, 45.7350807 ] } },
{ "type": "Feature", "properties": { "osm_id": "10053232556", "name": null, "barrier": null, "highway": null, "ref": null, "address": null, "is_in": null, "place": null, "man_made": null, "other_tags": "\"colour\"=>\"red\",\"couplings:type\"=>\"UNI\",\"emergency\"=>\"fire_hydrant\",\"fire_hydrant:type\"=>\"pillar\"" }, "geometry": { "type": "Point", "coordinates": [ 9.4044304, 45.7290688 ] } },
{ "type": "Feature", "properties": { "osm_id": "10053232557", "name": null, "barrier": null, "highway": null, "ref": null, "address": null, "is_in": null, "place": null, "man_made": null, "other_tags": "\"colour\"=>\"red\",\"couplings:type\"=>\"UNI\",\"emergency\"=>\"fire_hydrant\",\"fire_hydrant:type\"=>\"pillar\"" }, "geometry": { "type": "Point", "coordinates": [ 9.4037905, 45.7280502 ] } },
{ "type": "Feature", "properties": { "osm_id": "10053232558", "name": null, "barrier": null, "highway": null, "ref": null, "address": null, "is_in": null, "place": null, "man_made": null, "other_tags": "\"colour\"=>\"red\",\"couplings:type\"=>\"UNI\",\"emergency\"=>\"fire_hydrant\",\"fire_hydrant:type\"=>\"pillar\"" }, "geometry": { "type": "Point", "coordinates": [ 9.4047499, 45.7296791 ] } },
{ "type": "Feature", "properties": { "osm_id": "10053232559", "name": null, "barrier": null, "highway": null, "ref": null, "address": null, "is_in": null, "place": null, "man_made": null, "other_tags": "\"colour\"=>\"red\",\"couplings:type\"=>\"UNI\",\"emergency\"=>\"fire_hydrant\",\"fire_hydrant:type\"=>\"pillar\"" }, "geometry": { "type": "Point", "coordinates": [ 9.4190102, 45.7360306 ] } },
{ "type": "Feature", "properties": { "osm_id": "10053232636", "name": null, "barrier": null, "highway": null, "ref": null, "address": null, "is_in": null, "place": null, "man_made": null, "other_tags": "\"colour\"=>\"red\",\"couplings:type\"=>\"UNI\",\"emergency\"=>\"fire_hydrant\",\"fire_hydrant:type\"=>\"pillar\"" }, "geometry": { "type": "Point", "coordinates": [ 9.3612308, 45.7121737 ] } },
{ "type": "Feature", "properties": { "osm_id": "10053232651", "name": null, "barrier": null, "highway": null, "ref": null, "address": null, "is_in": null, "place": null, "man_made": null, "other_tags": "\"colour\"=>\"red\",\"couplings:type\"=>\"UNI\",\"emergency\"=>\"fire_hydrant\",\"fire_hydrant:position\"=>\"lane\",\"fire_hydrant:type\"=>\"pillar\"" }, "geometry": { "type": "Point", "coordinates": [ 9.35779, 45.7127609 ] } },
{ "type": "Feature", "properties": { "osm_id": "10053232655", "name": null, "barrier": null, "highway": null, "ref": null, "address": null, "is_in": null, "place": null, "man_made": null, "other_tags": "\"colour\"=>\"red\",\"couplings:type\"=>\"UNI\",\"emergency\"=>\"fire_hydrant\",\"fire_hydrant:type\"=>\"pillar\"" }, "geometry": { "type": "Point", "coordinates": [ 9.3551197, 45.7134094 ] } },
{ "type": "Feature", "properties": { "osm_id": "10053232788", "name": null, "barrier": null, "highway": null, "ref": null, "address": null, "is_in": null, "place": null, "man_made": null, "other_tags": "\"colour\"=>\"red\",\"couplings:type\"=>\"UNI\",\"emergency\"=>\"fire_hydrant\",\"fire_hydrant:type\"=>\"pillar\"" }, "geometry": { "type": "Point", "coordinates": [ 9.4070997, 45.7102013 ] } },
{ "type": "Feature", "properties": { "osm_id": "10053232789", "name": null, "barrier": null, "highway": null, "ref": null, "address": null, "is_in": null, "place": null, "man_made": null, "other_tags": "\"colour\"=>\"red\",\"couplings:type\"=>\"UNI\",\"emergency\"=>\"fire_hydrant\",\"fire_hydrant:type\"=>\"pillar\"" }, "geometry": { "type": "Point", "coordinates": [ 9.4087, 45.710701 ] } },
{ "type": "Feature", "properties": { "osm_id": "10053232790", "name": null, "barrier": null, "highway": null, "ref": null, "address": null, "is_in": null, "place": null, "man_made": null, "other_tags": "\"colour\"=>\"red\",\"couplings:type\"=>\"UNI\",\"emergency\"=>\"fire_hydrant\",\"fire_hydrant:type\"=>\"pillar\"" }, "geometry": { "type": "Point", "coordinates": [ 9.4139996, 45.7102013 ] } },
{ "type": "Feature", "properties": { "osm_id": "10053232791", "name": null, "barrier": null, "highway": null, "ref": null, "address": null, "is_in": null, "place": null, "man_made": null, "other_tags": "\"colour\"=>\"red\",\"couplings:type\"=>\"UNI\",\"emergency\"=>\"fire_hydrant\",\"fire_hydrant:type\"=>\"pillar\"" }, "geometry": { "type": "Point", "coordinates": [ 9.4115, 45.7103005 ] } },
{ "type": "Feature", "properties": { "osm_id": "10053232800", "name": null, "barrier": null, "highway": null, "ref": null, "address": null, "is_in": null, "place": null, "man_made": null, "other_tags": "\"colour\"=>\"red\",\"couplings:type\"=>\"UNI\",\"emergency\"=>\"fire_hydrant\",\"fire_hydrant:type\"=>\"pillar\"" }, "geometry": { "type": "Point", "coordinates": [ 9.4140997, 45.7195015 ] } },
{ "type": "Feature", "properties": { "osm_id": "10053232825", "name": null, "barrier": null, "highway": null, "ref": null, "address": null, "is_in": null, "place": null, "man_made": null, "other_tags": "\"colour\"=>\"red\",\"couplings:type\"=>\"UNI\",\"emergency\"=>\"fire_hydrant\",\"fire_hydrant:type\"=>\"pillar\"" }, "geometry": { "type": "Point", "coordinates": [ 9.4077997, 45.7160988 ] } },
{ "type": "Feature", "properties": { "osm_id": "10053232842", "name": null, "barrier": null, "highway": null, "ref": null, "address": null, "is_in": null, "place": null, "man_made": null, "other_tags": "\"colour\"=>\"red\",\"couplings:diameters\"=>\"70 mm\",\"couplings:type\"=>\"UNI\",\"emergency\"=>\"fire_hydrant\",\"fire_hydrant:type\"=>\"pillar\"" }, "geometry": { "type": "Point", "coordinates": [ 9.4329996, 45.7183991 ] } },
{ "type": "Feature", "properties": { "osm_id": "10053232843", "name": null, "barrier": null, "highway": null, "ref": null, "address": null, "is_in": null, "place": null, "man_made": null, "other_tags": "\"colour\"=>\"red\",\"couplings:type\"=>\"UNI\",\"emergency\"=>\"fire_hydrant\",\"fire_hydrant:type\"=>\"pillar\"" }, "geometry": { "type": "Point", "coordinates": [ 9.4335481, 45.7178932 ] } },
{ "type": "Feature", "properties": { "osm_id": "10053232844", "name": null, "barrier": null, "highway": null, "ref": null, "address": null, "is_in": null, "place": null, "man_made": null, "other_tags": "\"colour\"=>\"red\",\"couplings:type\"=>\"UNI\",\"emergency\"=>\"fire_hydrant\",\"fire_hydrant:type\"=>\"pillar\"" }, "geometry": { "type": "Point", "coordinates": [ 9.4354, 45.7173004 ] } },
{ "type": "Feature", "properties": { "osm_id": "10053232845", "name": null, "barrier": null, "highway": null, "ref": null, "address": null, "is_in": null, "place": null, "man_made": null, "other_tags": "\"colour\"=>\"red\",\"couplings:type\"=>\"UNI\",\"emergency\"=>\"fire_hydrant\",\"fire_hydrant:type\"=>\"pillar\"" }, "geometry": { "type": "Point", "coordinates": [ 9.4369001, 45.7179985 ] } },
{ "type": "Feature", "properties": { "osm_id": "10053232846", "name": null, "barrier": null, "highway": null, "ref": null, "address": null, "is_in": null, "place": null, "man_made": null, "other_tags": "\"colour\"=>\"red\",\"couplings:type\"=>\"UNI\",\"emergency\"=>\"fire_hydrant\",\"fire_hydrant:type\"=>\"pillar\"" }, "geometry": { "type": "Point", "coordinates": [ 9.4357996, 45.7218018 ] } },
{ "type": "Feature", "properties": { "osm_id": "10053232847", "name": null, "barrier": null, "highway": null, "ref": null, "address": null, "is_in": null, "place": null, "man_made": null, "other_tags": "\"colour\"=>\"red\",\"couplings:type\"=>\"UNI\",\"emergency\"=>\"fire_hydrant\",\"fire_hydrant:type\"=>\"pillar\"" }, "geometry": { "type": "Point", "coordinates": [ 9.4378004, 45.7142983 ] } },
{ "type": "Feature", "properties": { "osm_id": "10053232854", "name": null, "barrier": null, "highway": null, "ref": null, "address": null, "is_in": null, "place": null, "man_made": null, "other_tags": "\"colour\"=>\"red\",\"couplings:type\"=>\"UNI\",\"emergency\"=>\"fire_hydrant\",\"fire_hydrant:type\"=>\"pillar\"" }, "geometry": { "type": "Point", "coordinates": [ 9.4308952, 45.717672 ] } },
{ "type": "Feature", "properties": { "osm_id": "10053232856", "name": null, "barrier": null, "highway": null, "ref": null, "address": null, "is_in": null, "place": null, "man_made": null, "other_tags": "\"colour\"=>\"red\",\"couplings:type\"=>\"UNI\",\"emergency\"=>\"fire_hydrant\",\"fire_hydrant:type\"=>\"pillar\"" }, "geometry": { "type": "Point", "coordinates": [ 9.4314003, 45.7164002 ] } },
{ "type": "Feature", "properties": { "osm_id": "10053232860", "name": null, "barrier": null, "highway": null, "ref": null, "address": null, "is_in": null, "place": null, "man_made": null, "other_tags": "\"colour\"=>\"red\",\"couplings:type\"=>\"UNI\",\"emergency\"=>\"fire_hydrant\",\"fire_hydrant:type\"=>\"pillar\"" }, "geometry": { "type": "Point", "coordinates": [ 9.4015999, 45.7112007 ] } },
{ "type": "Feature", "properties": { "osm_id": "10053232861", "name": null, "barrier": null, "highway": null, "ref": null, "address": null, "is_in": null, "place": null, "man_made": null, "other_tags": "\"colour\"=>\"red\",\"couplings:type\"=>\"UNI\",\"emergency\"=>\"fire_hydrant\",\"fire_hydrant:type\"=>\"pillar\"" }, "geometry": { "type": "Point", "coordinates": [ 9.3999004, 45.7108994 ] } },
{ "type": "Feature", "properties": { "osm_id": "10053232870", "name": null, "barrier": null, "highway": null, "ref": null, "address": null, "is_in": null, "place": null, "man_made": null, "other_tags": "\"colour\"=>\"red\",\"couplings:type\"=>\"UNI\",\"emergency\"=>\"fire_hydrant\",\"fire_hydrant:type\"=>\"pillar\"" }, "geometry": { "type": "Point", "coordinates": [ 9.4315004, 45.7140007 ] } },
{ "type": "Feature", "properties": { "osm_id": "10053232879", "name": null, "barrier": null, "highway": null, "ref": null, "address": null, "is_in": null, "place": null, "man_made": null, "other_tags": "\"colour\"=>\"red\",\"couplings:type\"=>\"UNI\",\"emergency\"=>\"fire_hydrant\",\"fire_hydrant:type\"=>\"pillar\"" }, "geometry": { "type": "Point", "coordinates": [ 9.4162998, 45.7145004 ] } },
{ "type": "Feature", "properties": { "osm_id": "10053232880", "name": null, "barrier": null, "highway": null, "ref": null, "address": null, "is_in": null, "place": null, "man_made": null, "other_tags": "\"colour\"=>\"red\",\"couplings:type\"=>\"UNI\",\"emergency\"=>\"fire_hydrant\",\"fire_hydrant:type\"=>\"pillar\"" }, "geometry": { "type": "Point", "coordinates": [ 9.4157, 45.7112007 ] } },
{ "type": "Feature", "properties": { "osm_id": "10053232882", "name": null, "barrier": null, "highway": null, "ref": null, "address": null, "is_in": null, "place": null, "man_made": null, "other_tags": "\"colour\"=>\"red\",\"couplings:type\"=>\"UNI\",\"emergency\"=>\"fire_hydrant\",\"fire_hydrant:type\"=>\"pillar\"" }, "geometry": { "type": "Point", "coordinates": [ 9.4329996, 45.7170982 ] } },
{ "type": "Feature", "properties": { "osm_id": "10053232885", "name": null, "barrier": null, "highway": null, "ref": null, "address": null, "is_in": null, "place": null, "man_made": null, "other_tags": "\"colour\"=>\"red\",\"couplings:type\"=>\"UNI\",\"emergency\"=>\"fire_hydrant\",\"fire_hydrant:type\"=>\"pillar\"" }, "geometry": { "type": "Point", "coordinates": [ 9.4181004, 45.7132988 ] } },
{ "type": "Feature", "properties": { "osm_id": "10053232886", "name": null, "barrier": null, "highway": null, "ref": null, "address": null, "is_in": null, "place": null, "man_made": null, "other_tags": "\"colour\"=>\"red\",\"couplings:type\"=>\"UNI\",\"emergency\"=>\"fire_hydrant\",\"fire_hydrant:type\"=>\"pillar\"" }, "geometry": { "type": "Point", "coordinates": [ 9.4274998, 45.7103996 ] } },
{ "type": "Feature", "properties": { "osm_id": "10053232887", "name": null, "barrier": null, "highway": null, "ref": null, "address": null, "is_in": null, "place": null, "man_made": null, "other_tags": "\"colour\"=>\"red\",\"couplings:type\"=>\"UNI\",\"emergency\"=>\"fire_hydrant\",\"fire_hydrant:type\"=>\"pillar\"" }, "geometry": { "type": "Point", "coordinates": [ 9.4259996, 45.712101 ] } },
{ "type": "Feature", "properties": { "osm_id": "10053232888", "name": null, "barrier": null, "highway": null, "ref": null, "address": null, "is_in": null, "place": null, "man_made": null, "other_tags": "\"colour\"=>\"red\",\"couplings:type\"=>\"UNI\",\"emergency\"=>\"fire_hydrant\",\"fire_hydrant:type\"=>\"pillar\"" }, "geometry": { "type": "Point", "coordinates": [ 9.4231005, 45.7132988 ] } },
{ "type": "Feature", "properties": { "osm_id": "10053232889", "name": null, "barrier": null, "highway": null, "ref": null, "address": null, "is_in": null, "place": null, "man_made": null, "other_tags": "\"colour\"=>\"red\",\"couplings:type\"=>\"UNI\",\"emergency\"=>\"fire_hydrant\",\"fire_hydrant:type\"=>\"pillar\"" }, "geometry": { "type": "Point", "coordinates": [ 9.4215002, 45.7142983 ] } },
{ "type": "Feature", "properties": { "osm_id": "10053232890", "name": null, "barrier": null, "highway": null, "ref": null, "address": null, "is_in": null, "place": null, "man_made": null, "other_tags": "\"colour\"=>\"red\",\"couplings:type\"=>\"UNI\",\"emergency\"=>\"fire_hydrant\",\"fire_hydrant:type\"=>\"pillar\"" }, "geometry": { "type": "Point", "coordinates": [ 9.4203997, 45.7150002 ] } },
{ "type": "Feature", "properties": { "osm_id": "10053232891", "name": null, "barrier": null, "highway": null, "ref": null, "address": null, "is_in": null, "place": null, "man_made": null, "other_tags": "\"colour\"=>\"red\",\"couplings:type\"=>\"UNI\",\"emergency\"=>\"fire_hydrant\",\"fire_hydrant:type\"=>\"pillar\"" }, "geometry": { "type": "Point", "coordinates": [ 9.4190998, 45.7154007 ] } },
{ "type": "Feature", "properties": { "osm_id": "10053232892", "name": null, "barrier": null, "highway": null, "ref": null, "address": null, "is_in": null, "place": null, "man_made": null, "other_tags": "\"colour\"=>\"red\",\"couplings:type\"=>\"UNI\",\"emergency\"=>\"fire_hydrant\",\"fire_hydrant:type\"=>\"pillar\"" }, "geometry": { "type": "Point", "coordinates": [ 9.4182997, 45.7159004 ] } },
{ "type": "Feature", "properties": { "osm_id": "10053232893", "name": null, "barrier": null, "highway": null, "ref": null, "address": null, "is_in": null, "place": null, "man_made": null, "other_tags": "\"colour\"=>\"red\",\"couplings:type\"=>\"UNI\",\"emergency\"=>\"fire_hydrant\",\"fire_hydrant:type\"=>\"pillar\"" }, "geometry": { "type": "Point", "coordinates": [ 9.4218998, 45.7169991 ] } },
{ "type": "Feature", "properties": { "osm_id": "10053232894", "name": null, "barrier": null, "highway": null, "ref": null, "address": null, "is_in": null, "place": null, "man_made": null, "other_tags": "\"colour\"=>\"red\",\"couplings:type\"=>\"UNI\",\"emergency\"=>\"fire_hydrant\",\"fire_hydrant:type\"=>\"pillar\"" }, "geometry": { "type": "Point", "coordinates": [ 9.4232341, 45.7217264 ] } },
{ "type": "Feature", "properties": { "osm_id": "10053232895", "name": null, "barrier": null, "highway": null, "ref": null, "address": null, "is_in": null, "place": null, "man_made": null, "other_tags": "\"colour\"=>\"red\",\"couplings:type\"=>\"UNI\",\"emergency\"=>\"fire_hydrant\",\"fire_hydrant:type\"=>\"pillar\"" }, "geometry": { "type": "Point", "coordinates": [ 9.4239998, 45.7198982 ] } },
{ "type": "Feature", "properties": { "osm_id": "10053232896", "name": null, "barrier": null, "highway": null, "ref": null, "address": null, "is_in": null, "place": null, "man_made": null, "other_tags": "\"colour\"=>\"red\",\"couplings:type\"=>\"UNI\",\"emergency\"=>\"fire_hydrant\",\"fire_hydrant:type\"=>\"pillar\"" }, "geometry": { "type": "Point", "coordinates": [ 9.4314003, 45.7190018 ] } },
{ "type": "Feature", "properties": { "osm_id": "10053232937", "name": null, "barrier": null, "highway": null, "ref": null, "address": null, "is_in": null, "place": null, "man_made": null, "other_tags": "\"colour\"=>\"red\",\"couplings:type\"=>\"UNI\",\"emergency\"=>\"fire_hydrant\",\"fire_hydrant:type\"=>\"pillar\"" }, "geometry": { "type": "Point", "coordinates": [ 9.4365597, 45.7104988 ] } },
{ "type": "Feature", "properties": { "osm_id": "10053232942", "name": null, "barrier": null, "highway": null, "ref": null, "address": null, "is_in": null, "place": null, "man_made": null, "other_tags": "\"colour\"=>\"red\",\"couplings:type\"=>\"UNI\",\"emergency\"=>\"fire_hydrant\",\"fire_hydrant:type\"=>\"pillar\"" }, "geometry": { "type": "Point", "coordinates": [ 9.4420404, 45.7184982 ] } },
{ "type": "Feature", "properties": { "osm_id": "10053232945", "name": null, "barrier": null, "highway": null, "ref": null, "address": null, "is_in": null, "place": null, "man_made": null, "other_tags": "\"colour\"=>\"red\",\"couplings:type\"=>\"UNI\",\"emergency\"=>\"fire_hydrant\",\"fire_hydrant:type\"=>\"pillar\"" }, "geometry": { "type": "Point", "coordinates": [ 9.44205, 45.7118187 ] } },
{ "type": "Feature", "properties": { "osm_id": "10053232947", "name": null, "barrier": null, "highway": null, "ref": null, "address": null, "is_in": null, "place": null, "man_made": null, "other_tags": "\"colour\"=>\"red\",\"couplings:type\"=>\"UNI\",\"emergency\"=>\"fire_hydrant\",\"fire_hydrant:type\"=>\"pillar\"" }, "geometry": { "type": "Point", "coordinates": [ 9.4392796, 45.7104416 ] } },
{ "type": "Feature", "properties": { "osm_id": "10053232948", "name": null, "barrier": null, "highway": null, "ref": null, "address": null, "is_in": null, "place": null, "man_made": null, "other_tags": "\"colour\"=>\"red\",\"couplings:type\"=>\"UNI\",\"emergency\"=>\"fire_hydrant\",\"fire_hydrant:type\"=>\"pillar\"" }, "geometry": { "type": "Point", "coordinates": [ 9.4421301, 45.71064 ] } },
{ "type": "Feature", "properties": { "osm_id": "10053232951", "name": null, "barrier": null, "highway": null, "ref": null, "address": null, "is_in": null, "place": null, "man_made": null, "other_tags": "\"colour\"=>\"red\",\"couplings:type\"=>\"UNI\",\"emergency\"=>\"fire_hydrant\",\"fire_hydrant:type\"=>\"pillar\"" }, "geometry": { "type": "Point", "coordinates": [ 9.4406099, 45.7117119 ] } },
{ "type": "Feature", "properties": { "osm_id": "10053232952", "name": null, "barrier": null, "highway": null, "ref": null, "address": null, "is_in": null, "place": null, "man_made": null, "other_tags": "\"colour\"=>\"red\",\"couplings:type\"=>\"UNI\",\"emergency\"=>\"fire_hydrant\",\"fire_hydrant:type\"=>\"pillar\"" }, "geometry": { "type": "Point", "coordinates": [ 9.4368696, 45.7180405 ] } },
{ "type": "Feature", "properties": { "osm_id": "10053232965", "name": null, "barrier": null, "highway": null, "ref": null, "address": null, "is_in": null, "place": null, "man_made": null, "other_tags": "\"colour\"=>\"red\",\"couplings\"=>\"2\",\"couplings:diameters\"=>\"45 mm;45 mm\",\"couplings:type\"=>\"UNI\",\"emergency\"=>\"fire_hydrant\",\"fire_hydrant:position\"=>\"green\",\"fire_hydrant:type\"=>\"pillar\",\"water_source\"=>\"main\"" }, "geometry": { "type": "Point", "coordinates": [ 9.4468207, 45.712202 ] } },
{ "type": "Feature", "properties": { "osm_id": "10053233050", "name": null, "barrier": null, "highway": null, "ref": null, "address": null, "is_in": null, "place": null, "man_made": null, "other_tags": "\"colour\"=>\"red\",\"couplings:type\"=>\"UNI\",\"emergency\"=>\"fire_hydrant\",\"fire_hydrant:type\"=>\"pillar\"" }, "geometry": { "type": "Point", "coordinates": [ 9.3616199, 45.7457199 ] } },
{ "type": "Feature", "properties": { "osm_id": "10053233056", "name": null, "barrier": null, "highway": null, "ref": null, "address": null, "is_in": null, "place": null, "man_made": null, "other_tags": "\"colour\"=>\"red\",\"couplings:type\"=>\"UNI\",\"emergency\"=>\"fire_hydrant\",\"fire_hydrant:type\"=>\"pillar\"" }, "geometry": { "type": "Point", "coordinates": [ 9.35847, 45.7480202 ] } },
{ "type": "Feature", "properties": { "osm_id": "10053233057", "name": null, "barrier": null, "highway": null, "ref": null, "address": null, "is_in": null, "place": null, "man_made": null, "other_tags": "\"colour\"=>\"red\",\"couplings:type\"=>\"UNI\",\"emergency\"=>\"fire_hydrant\",\"fire_hydrant:type\"=>\"pillar\"" }, "geometry": { "type": "Point", "coordinates": [ 9.3593102, 45.7473908 ] } },
{ "type": "Feature", "properties": { "osm_id": "10053233134", "name": null, "barrier": null, "highway": null, "ref": null, "address": null, "is_in": null, "place": null, "man_made": null, "other_tags": "\"colour\"=>\"red\",\"couplings:type\"=>\"UNI\",\"emergency\"=>\"fire_hydrant\",\"fire_hydrant:type\"=>\"pillar\"" }, "geometry": { "type": "Point", "coordinates": [ 9.4380796, 45.72673 ] } },
{ "type": "Feature", "properties": { "osm_id": "10053233135", "name": null, "barrier": null, "highway": null, "ref": null, "address": null, "is_in": null, "place": null, "man_made": null, "other_tags": "\"colour\"=>\"red\",\"couplings:type\"=>\"UNI\",\"emergency\"=>\"fire_hydrant\",\"fire_hydrant:type\"=>\"pillar\"" }, "geometry": { "type": "Point", "coordinates": [ 9.4051104, 45.7187309 ] } },
{ "type": "Feature", "properties": { "osm_id": "10053233136", "name": null, "barrier": null, "highway": null, "ref": null, "address": null, "is_in": null, "place": null, "man_made": null, "other_tags": "\"colour\"=>\"red\",\"couplings:type\"=>\"UNI\",\"emergency\"=>\"fire_hydrant\",\"fire_hydrant:type\"=>\"pillar\"" }, "geometry": { "type": "Point", "coordinates": [ 9.4146795, 45.7236214 ] } },
{ "type": "Feature", "properties": { "osm_id": "10053233137", "name": null, "barrier": null, "highway": null, "ref": null, "address": null, "is_in": null, "place": null, "man_made": null, "other_tags": "\"colour\"=>\"red\",\"couplings:type\"=>\"UNI\",\"emergency\"=>\"fire_hydrant\",\"fire_hydrant:type\"=>\"pillar\"" }, "geometry": { "type": "Point", "coordinates": [ 9.4419203, 45.7200508 ] } },
{ "type": "Feature", "properties": { "osm_id": "10053233138", "name": null, "barrier": null, "highway": null, "ref": null, "address": null, "is_in": null, "place": null, "man_made": null, "other_tags": "\"colour\"=>\"red\",\"couplings:type\"=>\"UNI\",\"emergency\"=>\"fire_hydrant\",\"fire_hydrant:type\"=>\"pillar\"" }, "geometry": { "type": "Point", "coordinates": [ 9.4147997, 45.726181 ] } },
{ "type": "Feature", "properties": { "osm_id": "10053233139", "name": null, "barrier": null, "highway": null, "ref": null, "address": null, "is_in": null, "place": null, "man_made": null, "other_tags": "\"colour\"=>\"red\",\"couplings:type\"=>\"UNI\",\"emergency\"=>\"fire_hydrant\",\"fire_hydrant:type\"=>\"pillar\"" }, "geometry": { "type": "Point", "coordinates": [ 9.4158297, 45.7326889 ] } },
{ "type": "Feature", "properties": { "osm_id": "10053233140", "name": null, "barrier": null, "highway": null, "ref": null, "address": null, "is_in": null, "place": null, "man_made": null, "other_tags": "\"colour\"=>\"red\",\"couplings:type\"=>\"UNI\",\"emergency\"=>\"fire_hydrant\",\"fire_hydrant:type\"=>\"pillar\"" }, "geometry": { "type": "Point", "coordinates": [ 9.4127903, 45.7255707 ] } },
{ "type": "Feature", "properties": { "osm_id": "10053233141", "name": null, "barrier": null, "highway": null, "ref": null, "address": null, "is_in": null, "place": null, "man_made": null, "other_tags": "\"colour\"=>\"red\",\"couplings:type\"=>\"UNI\",\"emergency\"=>\"fire_hydrant\",\"fire_hydrant:type\"=>\"pillar\"" }, "geometry": { "type": "Point", "coordinates": [ 9.4126301, 45.7273712 ] } },
{ "type": "Feature", "properties": { "osm_id": "10053233142", "name": null, "barrier": null, "highway": null, "ref": null, "address": null, "is_in": null, "place": null, "man_made": null, "other_tags": "\"colour\"=>\"red\",\"couplings:type\"=>\"UNI\",\"emergency\"=>\"fire_hydrant\",\"fire_hydrant:type\"=>\"pillar\"" }, "geometry": { "type": "Point", "coordinates": [ 9.4119318, 45.7264182 ] } },
{ "type": "Feature", "properties": { "osm_id": "10053233143", "name": null, "barrier": null, "highway": null, "ref": null, "address": null, "is_in": null, "place": null, "man_made": null, "other_tags": "\"colour\"=>\"red\",\"couplings:type\"=>\"UNI\",\"emergency\"=>\"fire_hydrant\",\"fire_hydrant:type\"=>\"pillar\"" }, "geometry": { "type": "Point", "coordinates": [ 9.4400101, 45.7255402 ] } },
{ "type": "Feature", "properties": { "osm_id": "10053233144", "name": null, "barrier": null, "highway": null, "ref": null, "address": null, "is_in": null, "place": null, "man_made": null, "other_tags": "\"colour\"=>\"red\",\"couplings:type\"=>\"UNI\",\"emergency\"=>\"fire_hydrant\",\"fire_hydrant:type\"=>\"pillar\"" }, "geometry": { "type": "Point", "coordinates": [ 9.4137297, 45.722229 ] } },
{ "type": "Feature", "properties": { "osm_id": "10053233145", "name": null, "barrier": null, "highway": null, "ref": null, "address": null, "is_in": null, "place": null, "man_made": null, "other_tags": "\"colour\"=>\"red\",\"couplings:type\"=>\"UNI\",\"emergency\"=>\"fire_hydrant\",\"fire_hydrant:type\"=>\"pillar\"" }, "geometry": { "type": "Point", "coordinates": [ 9.4095898, 45.7185211 ] } },
{ "type": "Feature", "properties": { "osm_id": "10053233146", "name": null, "barrier": null, "highway": null, "ref": null, "address": null, "is_in": null, "place": null, "man_made": null, "other_tags": "\"colour\"=>\"red\",\"couplings:diameters\"=>\"70 mm\",\"couplings:type\"=>\"UNI\",\"emergency\"=>\"fire_hydrant\",\"fire_hydrant:type\"=>\"pillar\"" }, "geometry": { "type": "Point", "coordinates": [ 9.4048405, 45.7167206 ] } },
{ "type": "Feature", "properties": { "osm_id": "10053233147", "name": null, "barrier": null, "highway": null, "ref": null, "address": null, "is_in": null, "place": null, "man_made": null, "other_tags": "\"colour\"=>\"red\",\"couplings:type\"=>\"UNI\",\"emergency\"=>\"fire_hydrant\",\"fire_hydrant:type\"=>\"pillar\"" }, "geometry": { "type": "Point", "coordinates": [ 9.4051104, 45.7214317 ] } },
{ "type": "Feature", "properties": { "osm_id": "10053233148", "name": null, "barrier": null, "highway": null, "ref": null, "address": null, "is_in": null, "place": null, "man_made": null, "other_tags": "\"colour\"=>\"red\",\"couplings:type\"=>\"UNI\",\"emergency\"=>\"fire_hydrant\",\"fire_hydrant:type\"=>\"pillar\"" }, "geometry": { "type": "Point", "coordinates": [ 9.4091196, 45.7265091 ] } },
{ "type": "Feature", "properties": { "osm_id": "10053233149", "name": null, "barrier": null, "highway": null, "ref": null, "address": null, "is_in": null, "place": null, "man_made": null, "other_tags": "\"colour\"=>\"red\",\"couplings:type\"=>\"UNI\",\"emergency\"=>\"fire_hydrant\",\"fire_hydrant:type\"=>\"pillar\"" }, "geometry": { "type": "Point", "coordinates": [ 9.4060698, 45.7279587 ] } },
{ "type": "Feature", "properties": { "osm_id": "10053233150", "name": null, "barrier": null, "highway": null, "ref": null, "address": null, "is_in": null, "place": null, "man_made": null, "other_tags": "\"colour\"=>\"red\",\"couplings:type\"=>\"UNI\",\"emergency\"=>\"fire_hydrant\",\"fire_hydrant:type\"=>\"pillar\"" }, "geometry": { "type": "Point", "coordinates": [ 9.4231555, 45.725508 ] } },
{ "type": "Feature", "properties": { "osm_id": "10053233151", "name": null, "barrier": null, "highway": null, "ref": null, "address": null, "is_in": null, "place": null, "man_made": null, "other_tags": "\"colour\"=>\"red\",\"couplings:type\"=>\"UNI\",\"emergency\"=>\"fire_hydrant\",\"fire_hydrant:type\"=>\"pillar\"" }, "geometry": { "type": "Point", "coordinates": [ 9.4175701, 45.726471 ] } },
{ "type": "Feature", "properties": { "osm_id": "10053233152", "name": null, "barrier": null, "highway": null, "ref": null, "address": null, "is_in": null, "place": null, "man_made": null, "other_tags": "\"colour\"=>\"red\",\"couplings:type\"=>\"UNI\",\"emergency\"=>\"fire_hydrant\",\"fire_hydrant:type\"=>\"pillar\"" }, "geometry": { "type": "Point", "coordinates": [ 9.4060898, 45.7181206 ] } },
{ "type": "Feature", "properties": { "osm_id": "10053233153", "name": null, "barrier": null, "highway": null, "ref": null, "address": null, "is_in": null, "place": null, "man_made": null, "other_tags": "\"colour\"=>\"red\",\"couplings:type\"=>\"UNI\",\"emergency\"=>\"fire_hydrant\",\"fire_hydrant:type\"=>\"pillar\"" }, "geometry": { "type": "Point", "coordinates": [ 9.441, 45.7238083 ] } },
{ "type": "Feature", "properties": { "osm_id": "10053233154", "name": null, "barrier": null, "highway": null, "ref": null, "address": null, "is_in": null, "place": null, "man_made": null, "other_tags": "\"colour\"=>\"red\",\"couplings:type\"=>\"UNI\",\"emergency\"=>\"fire_hydrant\",\"fire_hydrant:type\"=>\"pillar\"" }, "geometry": { "type": "Point", "coordinates": [ 9.4176798, 45.7318497 ] } },
{ "type": "Feature", "properties": { "osm_id": "10053233155", "name": null, "barrier": null, "highway": null, "ref": null, "address": null, "is_in": null, "place": null, "man_made": null, "other_tags": "\"colour\"=>\"red\",\"couplings:type\"=>\"UNI\",\"emergency\"=>\"fire_hydrant\",\"fire_hydrant:type\"=>\"pillar\"" }, "geometry": { "type": "Point", "coordinates": [ 9.4393101, 45.7264404 ] } },
{ "type": "Feature", "properties": { "osm_id": "10053233156", "name": null, "barrier": null, "highway": null, "ref": null, "address": null, "is_in": null, "place": null, "man_made": null, "other_tags": "\"colour\"=>\"red\",\"couplings:type\"=>\"UNI\",\"emergency\"=>\"fire_hydrant\",\"fire_hydrant:type\"=>\"pillar\"" }, "geometry": { "type": "Point", "coordinates": [ 9.4216404, 45.7237701 ] } },
{ "type": "Feature", "properties": { "osm_id": "10053233157", "name": null, "barrier": null, "highway": null, "ref": null, "address": null, "is_in": null, "place": null, "man_made": null, "other_tags": "\"colour\"=>\"red\",\"couplings:type\"=>\"UNI\",\"emergency\"=>\"fire_hydrant\",\"fire_hydrant:type\"=>\"pillar\"" }, "geometry": { "type": "Point", "coordinates": [ 9.4249401, 45.7247505 ] } },
{ "type": "Feature", "properties": { "osm_id": "10053233158", "name": null, "barrier": null, "highway": null, "ref": null, "address": null, "is_in": null, "place": null, "man_made": null, "other_tags": "\"colour\"=>\"red\",\"couplings:type\"=>\"UNI\",\"emergency\"=>\"fire_hydrant\",\"fire_hydrant:type\"=>\"pillar\"" }, "geometry": { "type": "Point", "coordinates": [ 9.42871, 45.725769 ] } },
{ "type": "Feature", "properties": { "osm_id": "10053233159", "name": null, "barrier": null, "highway": null, "ref": null, "address": null, "is_in": null, "place": null, "man_made": null, "other_tags": "\"colour\"=>\"red\",\"couplings:type\"=>\"UNI\",\"emergency\"=>\"fire_hydrant\",\"fire_hydrant:type\"=>\"pillar\"" }, "geometry": { "type": "Point", "coordinates": [ 9.4264297, 45.7224693 ] } },
{ "type": "Feature", "properties": { "osm_id": "10053233160", "name": null, "barrier": null, "highway": null, "ref": null, "address": null, "is_in": null, "place": null, "man_made": null, "other_tags": "\"colour\"=>\"red\",\"couplings:type\"=>\"UNI\",\"emergency\"=>\"fire_hydrant\",\"fire_hydrant:type\"=>\"pillar\"" }, "geometry": { "type": "Point", "coordinates": [ 9.4133902, 45.7249603 ] } },
{ "type": "Feature", "properties": { "osm_id": "10053233161", "name": null, "barrier": null, "highway": null, "ref": null, "address": null, "is_in": null, "place": null, "man_made": null, "other_tags": "\"colour\"=>\"red\",\"couplings:type\"=>\"UNI\",\"emergency\"=>\"fire_hydrant\",\"fire_hydrant:type\"=>\"pillar\"" }, "geometry": { "type": "Point", "coordinates": [ 9.4232998, 45.7216492 ] } },
{ "type": "Feature", "properties": { "osm_id": "10053233162", "name": null, "barrier": null, "highway": null, "ref": null, "address": null, "is_in": null, "place": null, "man_made": null, "other_tags": "\"colour\"=>\"red\",\"couplings:diameters\"=>\"45 mm\",\"couplings:type\"=>\"UNI\",\"emergency\"=>\"fire_hydrant\",\"fire_hydrant:type\"=>\"pillar\"" }, "geometry": { "type": "Point", "coordinates": [ 9.4196901, 45.7326393 ] } },
{ "type": "Feature", "properties": { "osm_id": "10053233163", "name": null, "barrier": null, "highway": null, "ref": null, "address": null, "is_in": null, "place": null, "man_made": null, "other_tags": "\"colour\"=>\"red\",\"couplings:type\"=>\"UNI\",\"emergency\"=>\"fire_hydrant\",\"fire_hydrant:type\"=>\"pillar\"" }, "geometry": { "type": "Point", "coordinates": [ 9.4359303, 45.7217903 ] } },
{ "type": "Feature", "properties": { "osm_id": "10053233164", "name": null, "barrier": null, "highway": null, "ref": null, "address": null, "is_in": null, "place": null, "man_made": null, "other_tags": "\"colour\"=>\"red\",\"couplings:type\"=>\"UNI\",\"emergency\"=>\"fire_hydrant\",\"fire_hydrant:type\"=>\"pillar\"" }, "geometry": { "type": "Point", "coordinates": [ 9.4427099, 45.7220001 ] } },
{ "type": "Feature", "properties": { "osm_id": "10053233165", "name": null, "barrier": null, "highway": null, "ref": null, "address": null, "is_in": null, "place": null, "man_made": null, "other_tags": "\"colour\"=>\"red\",\"couplings:type\"=>\"UNI\",\"emergency\"=>\"fire_hydrant\",\"fire_hydrant:type\"=>\"pillar\"" }, "geometry": { "type": "Point", "coordinates": [ 9.4427099, 45.7189407 ] } },
{ "type": "Feature", "properties": { "osm_id": "10053233166", "name": null, "barrier": null, "highway": null, "ref": null, "address": null, "is_in": null, "place": null, "man_made": null, "other_tags": "\"colour\"=>\"red\",\"couplings:type\"=>\"UNI\",\"emergency\"=>\"fire_hydrant\",\"fire_hydrant:type\"=>\"pillar\"" }, "geometry": { "type": "Point", "coordinates": [ 9.4349098, 45.7292404 ] } },
{ "type": "Feature", "properties": { "osm_id": "10053233167", "name": null, "barrier": null, "highway": null, "ref": null, "address": null, "is_in": null, "place": null, "man_made": null, "other_tags": "\"colour\"=>\"red\",\"couplings:type\"=>\"UNI\",\"emergency\"=>\"fire_hydrant\",\"fire_hydrant:type\"=>\"pillar\"" }, "geometry": { "type": "Point", "coordinates": [ 9.4197197, 45.7266693 ] } },
{ "type": "Feature", "properties": { "osm_id": "10053233168", "name": null, "barrier": null, "highway": null, "ref": null, "address": null, "is_in": null, "place": null, "man_made": null, "other_tags": "\"colour\"=>\"red\",\"couplings:type\"=>\"UNI\",\"emergency\"=>\"fire_hydrant\",\"fire_hydrant:type\"=>\"pillar\"" }, "geometry": { "type": "Point", "coordinates": [ 9.4285803, 45.7236519 ] } },
{ "type": "Feature", "properties": { "osm_id": "10053233169", "name": null, "barrier": null, "highway": null, "ref": null, "address": null, "is_in": null, "place": null, "man_made": null, "other_tags": "\"colour\"=>\"red\",\"couplings:type\"=>\"UNI\",\"emergency\"=>\"fire_hydrant\",\"fire_hydrant:type\"=>\"pillar\"" }, "geometry": { "type": "Point", "coordinates": [ 9.4167995, 45.7307701 ] } },
{ "type": "Feature", "properties": { "osm_id": "10053233170", "name": null, "barrier": null, "highway": null, "ref": null, "address": null, "is_in": null, "place": null, "man_made": null, "other_tags": "\"colour\"=>\"red\",\"couplings:type\"=>\"UNI\",\"emergency\"=>\"fire_hydrant\",\"fire_hydrant:type\"=>\"pillar\"" }, "geometry": { "type": "Point", "coordinates": [ 9.41854, 45.7256088 ] } },
{ "type": "Feature", "properties": { "osm_id": "10053233171", "name": null, "barrier": null, "highway": null, "ref": null, "address": null, "is_in": null, "place": null, "man_made": null, "other_tags": "\"colour\"=>\"red\",\"couplings:type\"=>\"UNI\",\"emergency\"=>\"fire_hydrant\",\"fire_hydrant:type\"=>\"pillar\"" }, "geometry": { "type": "Point", "coordinates": [ 9.4069099, 45.724659 ] } },
{ "type": "Feature", "properties": { "osm_id": "10053233172", "name": null, "barrier": null, "highway": null, "ref": null, "address": null, "is_in": null, "place": null, "man_made": null, "other_tags": "\"colour\"=>\"red\",\"couplings:type\"=>\"UNI\",\"emergency\"=>\"fire_hydrant\",\"fire_hydrant:type\"=>\"pillar\"" }, "geometry": { "type": "Point", "coordinates": [ 9.4080601, 45.7240982 ] } },
{ "type": "Feature", "properties": { "osm_id": "10053233173", "name": null, "barrier": null, "highway": null, "ref": null, "address": null, "is_in": null, "place": null, "man_made": null, "other_tags": "\"colour\"=>\"red\",\"couplings:type\"=>\"UNI\",\"emergency\"=>\"fire_hydrant\",\"fire_hydrant:type\"=>\"pillar\"" }, "geometry": { "type": "Point", "coordinates": [ 9.43536, 45.7293282 ] } },
{ "type": "Feature", "properties": { "osm_id": "10053233174", "name": null, "barrier": null, "highway": null, "ref": null, "address": null, "is_in": null, "place": null, "man_made": null, "other_tags": "\"colour\"=>\"red\",\"couplings:type\"=>\"UNI\",\"emergency\"=>\"fire_hydrant\",\"fire_hydrant:type\"=>\"pillar\"" }, "geometry": { "type": "Point", "coordinates": [ 9.41926, 45.7312012 ] } },
{ "type": "Feature", "properties": { "osm_id": "10053233175", "name": null, "barrier": null, "highway": null, "ref": null, "address": null, "is_in": null, "place": null, "man_made": null, "other_tags": "\"colour\"=>\"red\",\"couplings:type\"=>\"UNI\",\"emergency\"=>\"fire_hydrant\",\"fire_hydrant:type\"=>\"pillar\"" }, "geometry": { "type": "Point", "coordinates": [ 9.4179201, 45.7290802 ] } },
{ "type": "Feature", "properties": { "osm_id": "10053233177", "name": null, "barrier": null, "highway": null, "ref": null, "address": null, "is_in": null, "place": null, "man_made": null, "other_tags": "\"colour\"=>\"red\",\"couplings:type\"=>\"UNI\",\"emergency\"=>\"fire_hydrant\",\"fire_hydrant:type\"=>\"pillar\"" }, "geometry": { "type": "Point", "coordinates": [ 9.41504, 45.7267418 ] } },
{ "type": "Feature", "properties": { "osm_id": "10053233219", "name": null, "barrier": null, "highway": null, "ref": null, "address": null, "is_in": null, "place": null, "man_made": null, "other_tags": "\"colour\"=>\"red\",\"couplings:type\"=>\"UNI\",\"emergency\"=>\"fire_hydrant\",\"fire_hydrant:type\"=>\"pillar\"" }, "geometry": { "type": "Point", "coordinates": [ 9.4486599, 45.7437286 ] } },
{ "type": "Feature", "properties": { "osm_id": "10053233221", "name": null, "barrier": null, "highway": null, "ref": null, "address": null, "is_in": null, "place": null, "man_made": null, "other_tags": "\"colour\"=>\"red\",\"couplings:type\"=>\"UNI\",\"emergency\"=>\"fire_hydrant\",\"fire_hydrant:type\"=>\"pillar\"" }, "geometry": { "type": "Point", "coordinates": [ 9.4399405, 45.7363701 ] } },
{ "type": "Feature", "properties": { "osm_id": "10053233222", "name": null, "barrier": null, "highway": null, "ref": null, "address": null, "is_in": null, "place": null, "man_made": null, "other_tags": "\"colour\"=>\"red\",\"couplings:type\"=>\"UNI\",\"emergency\"=>\"fire_hydrant\",\"fire_hydrant:type\"=>\"pillar\"" }, "geometry": { "type": "Point", "coordinates": [ 9.4483805, 45.743 ] } },
{ "type": "Feature", "properties": { "osm_id": "10053233223", "name": null, "barrier": null, "highway": null, "ref": null, "address": null, "is_in": null, "place": null, "man_made": null, "other_tags": "\"colour\"=>\"red\",\"couplings:type\"=>\"UNI\",\"emergency\"=>\"fire_hydrant\",\"fire_hydrant:type\"=>\"pillar\"" }, "geometry": { "type": "Point", "coordinates": [ 9.4450502, 45.7409096 ] } },
{ "type": "Feature", "properties": { "osm_id": "10053233224", "name": null, "barrier": null, "highway": null, "ref": null, "address": null, "is_in": null, "place": null, "man_made": null, "other_tags": "\"colour\"=>\"red\",\"couplings:type\"=>\"UNI\",\"emergency\"=>\"fire_hydrant\",\"fire_hydrant:position\"=>\"parking_lot\",\"fire_hydrant:type\"=>\"pillar\"" }, "geometry": { "type": "Point", "coordinates": [ 9.4481802, 45.7400017 ] } },
{ "type": "Feature", "properties": { "osm_id": "10053233225", "name": null, "barrier": null, "highway": null, "ref": null, "address": null, "is_in": null, "place": null, "man_made": null, "other_tags": "\"colour\"=>\"red\",\"couplings:type\"=>\"UNI\",\"emergency\"=>\"fire_hydrant\",\"fire_hydrant:type\"=>\"pillar\"" }, "geometry": { "type": "Point", "coordinates": [ 9.4372501, 45.7379799 ] } },
{ "type": "Feature", "properties": { "osm_id": "10053233226", "name": null, "barrier": null, "highway": null, "ref": null, "address": null, "is_in": null, "place": null, "man_made": null, "other_tags": "\"colour\"=>\"red\",\"couplings:type\"=>\"UNI\",\"emergency\"=>\"fire_hydrant\",\"fire_hydrant:type\"=>\"pillar\"" }, "geometry": { "type": "Point", "coordinates": [ 9.4460096, 45.7367592 ] } },
{ "type": "Feature", "properties": { "osm_id": "10053233227", "name": null, "barrier": null, "highway": null, "ref": null, "address": null, "is_in": null, "place": null, "man_made": null, "other_tags": "\"colour\"=>\"red\",\"couplings:type\"=>\"UNI\",\"emergency\"=>\"fire_hydrant\",\"fire_hydrant:type\"=>\"pillar\"" }, "geometry": { "type": "Point", "coordinates": [ 9.4466105, 45.7421303 ] } },
{ "type": "Feature", "properties": { "osm_id": "10053233228", "name": null, "barrier": null, "highway": null, "ref": null, "address": null, "is_in": null, "place": null, "man_made": null, "other_tags": "\"colour\"=>\"red\",\"couplings:type\"=>\"UNI\",\"emergency\"=>\"fire_hydrant\",\"fire_hydrant:type\"=>\"pillar\"" }, "geometry": { "type": "Point", "coordinates": [ 9.4477388, 45.7418088 ] } },
{ "type": "Feature", "properties": { "osm_id": "10053233229", "name": null, "barrier": null, "highway": null, "ref": null, "address": null, "is_in": null, "place": null, "man_made": null, "other_tags": "\"colour\"=>\"red\",\"couplings:type\"=>\"UNI\",\"emergency\"=>\"fire_hydrant\",\"fire_hydrant:type\"=>\"pillar\"" }, "geometry": { "type": "Point", "coordinates": [ 9.4476794, 45.7413783 ] } },
{ "type": "Feature", "properties": { "osm_id": "10053233230", "name": null, "barrier": null, "highway": null, "ref": null, "address": null, "is_in": null, "place": null, "man_made": null, "other_tags": "\"colour\"=>\"red\",\"couplings:type\"=>\"UNI\",\"emergency\"=>\"fire_hydrant\",\"fire_hydrant:type\"=>\"pillar\"" }, "geometry": { "type": "Point", "coordinates": [ 9.4483347, 45.740543 ] } },
{ "type": "Feature", "properties": { "osm_id": "10053233231", "name": null, "barrier": null, "highway": null, "ref": null, "address": null, "is_in": null, "place": null, "man_made": null, "other_tags": "\"colour\"=>\"red\",\"couplings:type\"=>\"UNI\",\"emergency\"=>\"fire_hydrant\",\"fire_hydrant:position\"=>\"lane\",\"fire_hydrant:type\"=>\"pillar\"" }, "geometry": { "type": "Point", "coordinates": [ 9.4480906, 45.7374721 ] } },
{ "type": "Feature", "properties": { "osm_id": "10053233232", "name": null, "barrier": null, "highway": null, "ref": null, "address": null, "is_in": null, "place": null, "man_made": null, "other_tags": "\"colour\"=>\"red\",\"couplings:type\"=>\"UNI\",\"emergency\"=>\"fire_hydrant\",\"fire_hydrant:type\"=>\"pillar\"" }, "geometry": { "type": "Point", "coordinates": [ 9.4489403, 45.7411919 ] } },
{ "type": "Feature", "properties": { "osm_id": "10053233233", "name": null, "barrier": null, "highway": null, "ref": null, "address": null, "is_in": null, "place": null, "man_made": null, "other_tags": "\"colour\"=>\"red\",\"couplings:type\"=>\"UNI\",\"emergency\"=>\"fire_hydrant\",\"fire_hydrant:type\"=>\"pillar\"" }, "geometry": { "type": "Point", "coordinates": [ 9.4463596, 45.7410316 ] } },
{ "type": "Feature", "properties": { "osm_id": "10053233234", "name": null, "barrier": null, "highway": null, "ref": null, "address": null, "is_in": null, "place": null, "man_made": null, "other_tags": "\"colour\"=>\"red\",\"couplings:type\"=>\"UNI\",\"emergency\"=>\"fire_hydrant\",\"fire_hydrant:type\"=>\"pillar\"" }, "geometry": { "type": "Point", "coordinates": [ 9.4378901, 45.7369194 ] } },
{ "type": "Feature", "properties": { "osm_id": "10053233235", "name": null, "barrier": null, "highway": null, "ref": null, "address": null, "is_in": null, "place": null, "man_made": null, "other_tags": "\"colour\"=>\"red\",\"couplings:type\"=>\"UNI\",\"emergency\"=>\"fire_hydrant\",\"fire_hydrant:type\"=>\"pillar\"" }, "geometry": { "type": "Point", "coordinates": [ 9.4198799, 45.7346802 ] } },
{ "type": "Feature", "properties": { "osm_id": "10053233236", "name": null, "barrier": null, "highway": null, "ref": null, "address": null, "is_in": null, "place": null, "man_made": null, "other_tags": "\"colour\"=>\"red\",\"couplings:type\"=>\"UNI\",\"emergency\"=>\"fire_hydrant\",\"fire_hydrant:type\"=>\"pillar\"" }, "geometry": { "type": "Point", "coordinates": [ 9.4473896, 45.7405891 ] } },
{ "type": "Feature", "properties": { "osm_id": "10053233237", "name": null, "barrier": null, "highway": null, "ref": null, "address": null, "is_in": null, "place": null, "man_made": null, "other_tags": "\"colour\"=>\"red\",\"couplings:type\"=>\"UNI\",\"emergency\"=>\"fire_hydrant\",\"fire_hydrant:type\"=>\"pillar\"" }, "geometry": { "type": "Point", "coordinates": [ 9.4200497, 45.7353096 ] } },
{ "type": "Feature", "properties": { "osm_id": "10053233238", "name": null, "barrier": null, "highway": null, "ref": null, "address": null, "is_in": null, "place": null, "man_made": null, "other_tags": "\"colour\"=>\"red\",\"couplings:type\"=>\"UNI\",\"emergency\"=>\"fire_hydrant\",\"fire_hydrant:type\"=>\"pillar\"" }, "geometry": { "type": "Point", "coordinates": [ 9.4252901, 45.7431297 ] } },
{ "type": "Feature", "properties": { "osm_id": "10053233239", "name": null, "barrier": null, "highway": null, "ref": null, "address": null, "is_in": null, "place": null, "man_made": null, "other_tags": "\"colour\"=>\"red\",\"couplings:type\"=>\"UNI\",\"emergency\"=>\"fire_hydrant\",\"fire_hydrant:type\"=>\"pillar\"" }, "geometry": { "type": "Point", "coordinates": [ 9.4239798, 45.7394409 ] } },
{ "type": "Feature", "properties": { "osm_id": "10053233240", "name": null, "barrier": null, "highway": null, "ref": null, "address": null, "is_in": null, "place": null, "man_made": null, "other_tags": "\"colour\"=>\"red\",\"couplings:type\"=>\"UNI\",\"emergency\"=>\"fire_hydrant\",\"fire_hydrant:type\"=>\"pillar\"" }, "geometry": { "type": "Point", "coordinates": [ 9.4247303, 45.7403412 ] } },
{ "type": "Feature", "properties": { "osm_id": "10053233241", "name": null, "barrier": null, "highway": null, "ref": null, "address": null, "is_in": null, "place": null, "man_made": null, "other_tags": "\"colour\"=>\"red\",\"couplings:type\"=>\"UNI\",\"emergency\"=>\"fire_hydrant\",\"fire_hydrant:type\"=>\"pillar\"" }, "geometry": { "type": "Point", "coordinates": [ 9.4233103, 45.7413712 ] } },
{ "type": "Feature", "properties": { "osm_id": "10053233242", "name": null, "barrier": null, "highway": null, "ref": null, "address": null, "is_in": null, "place": null, "man_made": null, "other_tags": "\"colour\"=>\"red\",\"couplings:type\"=>\"UNI\",\"emergency\"=>\"fire_hydrant\",\"fire_hydrant:type\"=>\"pillar\"" }, "geometry": { "type": "Point", "coordinates": [ 9.4268904, 45.7410698 ] } },
{ "type": "Feature", "properties": { "osm_id": "10053233243", "name": null, "barrier": null, "highway": null, "ref": null, "address": null, "is_in": null, "place": null, "man_made": null, "other_tags": "\"colour\"=>\"red\",\"couplings:type\"=>\"UNI\",\"emergency\"=>\"fire_hydrant\",\"fire_hydrant:type\"=>\"pillar\"" }, "geometry": { "type": "Point", "coordinates": [ 9.4261198, 45.7394409 ] } },
{ "type": "Feature", "properties": { "osm_id": "10053233244", "name": null, "barrier": null, "highway": null, "ref": null, "address": null, "is_in": null, "place": null, "man_made": null, "other_tags": "\"colour\"=>\"red\",\"couplings:type\"=>\"UNI\",\"emergency\"=>\"fire_hydrant\",\"fire_hydrant:type\"=>\"pillar\"" }, "geometry": { "type": "Point", "coordinates": [ 9.42836, 45.7397499 ] } },
{ "type": "Feature", "properties": { "osm_id": "10053233245", "name": null, "barrier": null, "highway": null, "ref": null, "address": null, "is_in": null, "place": null, "man_made": null, "other_tags": "\"colour\"=>\"red\",\"couplings:type\"=>\"UNI\",\"emergency\"=>\"fire_hydrant\",\"fire_hydrant:type\"=>\"pillar\"" }, "geometry": { "type": "Point", "coordinates": [ 9.4272003, 45.739109 ] } },
{ "type": "Feature", "properties": { "osm_id": "10053233246", "name": null, "barrier": null, "highway": null, "ref": null, "address": null, "is_in": null, "place": null, "man_made": null, "other_tags": "\"colour\"=>\"red\",\"couplings:type\"=>\"UNI\",\"emergency\"=>\"fire_hydrant\",\"fire_hydrant:type\"=>\"pillar\"" }, "geometry": { "type": "Point", "coordinates": [ 9.4279003, 45.7383194 ] } },
{ "type": "Feature", "properties": { "osm_id": "10053233247", "name": null, "barrier": null, "highway": null, "ref": null, "address": null, "is_in": null, "place": null, "man_made": null, "other_tags": "\"colour\"=>\"red\",\"couplings:type\"=>\"UNI\",\"emergency\"=>\"fire_hydrant\",\"fire_hydrant:type\"=>\"pillar\"" }, "geometry": { "type": "Point", "coordinates": [ 9.4396896, 45.7505188 ] } },
{ "type": "Feature", "properties": { "osm_id": "10053233248", "name": null, "barrier": null, "highway": null, "ref": null, "address": null, "is_in": null, "place": null, "man_made": null, "other_tags": "\"colour\"=>\"red\",\"couplings:type\"=>\"UNI\",\"emergency\"=>\"fire_hydrant\",\"fire_hydrant:type\"=>\"pillar\"" }, "geometry": { "type": "Point", "coordinates": [ 9.4288998, 45.7362289 ] } },
{ "type": "Feature", "properties": { "osm_id": "10053233249", "name": null, "barrier": null, "highway": null, "ref": null, "address": null, "is_in": null, "place": null, "man_made": null, "other_tags": "\"colour\"=>\"red\",\"couplings:type\"=>\"UNI\",\"emergency\"=>\"fire_hydrant\",\"fire_hydrant:type\"=>\"pillar\"" }, "geometry": { "type": "Point", "coordinates": [ 9.4373102, 45.7353592 ] } },
{ "type": "Feature", "properties": { "osm_id": "10053233250", "name": null, "barrier": null, "highway": null, "ref": null, "address": null, "is_in": null, "place": null, "man_made": null, "other_tags": "\"colour\"=>\"red\",\"couplings:type\"=>\"UNI\",\"emergency\"=>\"fire_hydrant\",\"fire_hydrant:type\"=>\"pillar\"" }, "geometry": { "type": "Point", "coordinates": [ 9.4209806, 45.7360086 ] } },
{ "type": "Feature", "properties": { "osm_id": "10053233251", "name": null, "barrier": null, "highway": null, "ref": null, "address": null, "is_in": null, "place": null, "man_made": null, "other_tags": "\"colour\"=>\"red\",\"couplings:type\"=>\"UNI\",\"emergency\"=>\"fire_hydrant\",\"fire_hydrant:type\"=>\"pillar\"" }, "geometry": { "type": "Point", "coordinates": [ 9.4226398, 45.7355804 ] } },
{ "type": "Feature", "properties": { "osm_id": "10053233252", "name": null, "barrier": null, "highway": null, "ref": null, "address": null, "is_in": null, "place": null, "man_made": null, "other_tags": "\"colour\"=>\"red\",\"couplings:type\"=>\"UNI\",\"emergency\"=>\"fire_hydrant\",\"fire_hydrant:type\"=>\"pillar\"" }, "geometry": { "type": "Point", "coordinates": [ 9.4267597, 45.7347488 ] } },
{ "type": "Feature", "properties": { "osm_id": "10053233253", "name": null, "barrier": null, "highway": null, "ref": null, "address": null, "is_in": null, "place": null, "man_made": null, "other_tags": "\"colour\"=>\"red\",\"couplings:type\"=>\"UNI\",\"emergency\"=>\"fire_hydrant\",\"fire_hydrant:type\"=>\"pillar\"" }, "geometry": { "type": "Point", "coordinates": [ 9.4333096, 45.7348099 ] } },
{ "type": "Feature", "properties": { "osm_id": "10053233254", "name": null, "barrier": null, "highway": null, "ref": null, "address": null, "is_in": null, "place": null, "man_made": null, "other_tags": "\"colour\"=>\"red\",\"couplings:type\"=>\"UNI\",\"emergency\"=>\"fire_hydrant\",\"fire_hydrant:type\"=>\"pillar\"" }, "geometry": { "type": "Point", "coordinates": [ 9.4392004, 45.752449 ] } },
{ "type": "Feature", "properties": { "osm_id": "10053233255", "name": null, "barrier": null, "highway": null, "ref": null, "address": null, "is_in": null, "place": null, "man_made": null, "other_tags": "\"colour\"=>\"red\",\"couplings:type\"=>\"UNI\",\"emergency\"=>\"fire_hydrant\",\"fire_hydrant:type\"=>\"pillar\"" }, "geometry": { "type": "Point", "coordinates": [ 9.4418001, 45.7466507 ] } },
{ "type": "Feature", "properties": { "osm_id": "10053233256", "name": null, "barrier": null, "highway": null, "ref": null, "address": null, "is_in": null, "place": null, "man_made": null, "other_tags": "\"colour\"=>\"red\",\"couplings:type\"=>\"UNI\",\"emergency\"=>\"fire_hydrant\",\"fire_hydrant:type\"=>\"pillar\"" }, "geometry": { "type": "Point", "coordinates": [ 9.4418001, 45.7480393 ] } },
{ "type": "Feature", "properties": { "osm_id": "10053233257", "name": null, "barrier": null, "highway": null, "ref": null, "address": null, "is_in": null, "place": null, "man_made": null, "other_tags": "\"colour\"=>\"red\",\"couplings:type\"=>\"UNI\",\"emergency\"=>\"fire_hydrant\",\"fire_hydrant:type\"=>\"pillar\"" }, "geometry": { "type": "Point", "coordinates": [ 9.4427204, 45.7456894 ] } },
{ "type": "Feature", "properties": { "osm_id": "10053233258", "name": null, "barrier": null, "highway": null, "ref": null, "address": null, "is_in": null, "place": null, "man_made": null, "other_tags": "\"colour\"=>\"red\",\"couplings:type\"=>\"UNI\",\"emergency\"=>\"fire_hydrant\",\"fire_hydrant:type\"=>\"pillar\"" }, "geometry": { "type": "Point", "coordinates": [ 9.4436197, 45.7436104 ] } },
{ "type": "Feature", "properties": { "osm_id": "10053233259", "name": null, "barrier": null, "highway": null, "ref": null, "address": null, "is_in": null, "place": null, "man_made": null, "other_tags": "\"colour\"=>\"red\",\"couplings:type\"=>\"UNI\",\"emergency\"=>\"fire_hydrant\",\"fire_hydrant:type\"=>\"pillar\"" }, "geometry": { "type": "Point", "coordinates": [ 9.4355497, 45.7353706 ] } },
{ "type": "Feature", "properties": { "osm_id": "10053233260", "name": null, "barrier": null, "highway": null, "ref": null, "address": null, "is_in": null, "place": null, "man_made": null, "other_tags": "\"colour\"=>\"red\",\"couplings:type\"=>\"UNI\",\"emergency\"=>\"fire_hydrant\",\"fire_hydrant:type\"=>\"pillar\"" }, "geometry": { "type": "Point", "coordinates": [ 9.4290104, 45.7380981 ] } },
{ "type": "Feature", "properties": { "osm_id": "10053233371", "name": null, "barrier": null, "highway": null, "ref": null, "address": null, "is_in": null, "place": null, "man_made": null, "other_tags": "\"colour\"=>\"red\",\"couplings:type\"=>\"UNI\",\"emergency\"=>\"fire_hydrant\",\"fire_hydrant:type\"=>\"pillar\"" }, "geometry": { "type": "Point", "coordinates": [ 9.3826199, 45.7352409 ] } },
{ "type": "Feature", "properties": { "osm_id": "10079364329", "name": null, "barrier": null, "highway": null, "ref": null, "address": null, "is_in": null, "place": null, "man_made": null, "other_tags": "\"amenity\"=>\"waste_basket\"" }, "geometry": { "type": "Point", "coordinates": [ 9.4220587, 45.7570869 ] } },
{ "type": "Feature", "properties": { "osm_id": "10106610123", "name": null, "barrier": null, "highway": null, "ref": null, "address": null, "is_in": null, "place": null, "man_made": null, "other_tags": "\"amenity\"=>\"parking\"" }, "geometry": { "type": "Point", "coordinates": [ 9.3911013, 45.7385782 ] } },
{ "type": "Feature", "properties": { "osm_id": "10106944193", "name": null, "barrier": null, "highway": null, "ref": null, "address": null, "is_in": null, "place": null, "man_made": null, "other_tags": "\"amenity\"=>\"drinking_water\",\"drinking_water\"=>\"no\"" }, "geometry": { "type": "Point", "coordinates": [ 9.407714, 45.741757 ] } },
{ "type": "Feature", "properties": { "osm_id": "10106972098", "name": null, "barrier": null, "highway": null, "ref": null, "address": null, "is_in": null, "place": null, "man_made": null, "other_tags": "\"amenity\"=>\"hunting_stand\"" }, "geometry": { "type": "Point", "coordinates": [ 9.4061311, 45.7530989 ] } },
{ "type": "Feature", "properties": { "osm_id": "10180457209", "name": null, "barrier": "cycle_barrier", "highway": null, "ref": null, "address": null, "is_in": null, "place": null, "man_made": null, "other_tags": null }, "geometry": { "type": "Point", "coordinates": [ 9.3673201, 45.7479063 ] } },
{ "type": "Feature", "properties": { "osm_id": "10180457210", "name": null, "barrier": "cycle_barrier", "highway": null, "ref": null, "address": null, "is_in": null, "place": null, "man_made": null, "other_tags": null }, "geometry": { "type": "Point", "coordinates": [ 9.3674193, 45.7474427 ] } },
{ "type": "Feature", "properties": { "osm_id": "10180457215", "name": null, "barrier": "gate", "highway": null, "ref": null, "address": null, "is_in": null, "place": null, "man_made": null, "other_tags": null }, "geometry": { "type": "Point", "coordinates": [ 9.3698551, 45.7470304 ] } },
{ "type": "Feature", "properties": { "osm_id": "10537966046", "name": "Autocogliati", "barrier": null, "highway": null, "ref": null, "address": null, "is_in": null, "place": null, "man_made": null, "other_tags": "\"addr:city\"=>\"Brivio\",\"addr:housenumber\"=>\"18\",\"addr:postcode\"=>\"23883\",\"addr:street\"=>\"Via Nazionale\",\"brand\"=>\"Volkswagen veicoli commerciali;Volkswagen;Audi\",\"email\"=>\"vic@autocogliati.it\",\"phone\"=>\"+390395320481\",\"service:vehicle:car_parts\"=>\"yes\",\"service:vehicle:car_repair\"=>\"yes\",\"service:vehicle:repairs\"=>\"yes\",\"service:vehicle:truck_repair\"=>\"yes\",\"shop\"=>\"car\",\"website\"=>\"https://www.autocogliati.it/\"" }, "geometry": { "type": "Point", "coordinates": [ 9.425506, 45.7445491 ] } },
{ "type": "Feature", "properties": { "osm_id": "10559204605", "name": null, "barrier": null, "highway": null, "ref": null, "address": null, "is_in": null, "place": null, "man_made": null, "other_tags": "\"access\"=>\"customers\",\"amenity\"=>\"parking\",\"fee\"=>\"no\",\"parking\"=>\"surface\"" }, "geometry": { "type": "Point", "coordinates": [ 9.4258253, 45.7233885 ] } },
{ "type": "Feature", "properties": { "osm_id": "10588809219", "name": null, "barrier": null, "highway": null, "ref": null, "address": null, "is_in": null, "place": null, "man_made": null, "other_tags": "\"bench\"=>\"yes\",\"covered\"=>\"no\",\"leisure\"=>\"picnic_table\",\"lit\"=>\"no\",\"material\"=>\"wood\"" }, "geometry": { "type": "Point", "coordinates": [ 9.4083224, 45.7560638 ] } },
{ "type": "Feature", "properties": { "osm_id": "10591362661", "name": null, "barrier": null, "highway": null, "ref": null, "address": null, "is_in": null, "place": null, "man_made": "water_tap", "other_tags": "\"access\"=>\"yes\",\"amenity\"=>\"drinking_water\",\"bottle\"=>\"yes\",\"fee\"=>\"no\"" }, "geometry": { "type": "Point", "coordinates": [ 9.4121503, 45.757381 ] } },
{ "type": "Feature", "properties": { "osm_id": "10591569868", "name": null, "barrier": null, "highway": null, "ref": null, "address": null, "is_in": null, "place": null, "man_made": null, "other_tags": "\"amenity\"=>\"bench\",\"backrest\"=>\"no\"" }, "geometry": { "type": "Point", "coordinates": [ 9.4120407, 45.7573189 ] } },
{ "type": "Feature", "properties": { "osm_id": "10592278285", "name": "Gibello", "barrier": null, "highway": null, "ref": null, "address": null, "is_in": null, "place": "neighbourhood", "man_made": null, "other_tags": null }, "geometry": { "type": "Point", "coordinates": [ 9.4171753, 45.7572588 ] } },
{ "type": "Feature", "properties": { "osm_id": "10652069895", "name": null, "barrier": null, "highway": null, "ref": null, "address": null, "is_in": null, "place": null, "man_made": null, "other_tags": "\"amenity\"=>\"parking\"" }, "geometry": { "type": "Point", "coordinates": [ 9.4016485, 45.7552051 ] } },
{ "type": "Feature", "properties": { "osm_id": "10652174925", "name": null, "barrier": null, "highway": null, "ref": null, "address": null, "is_in": null, "place": null, "man_made": null, "other_tags": "\"natural\"=>\"tree\"" }, "geometry": { "type": "Point", "coordinates": [ 9.3994922, 45.7558783 ] } },
{ "type": "Feature", "properties": { "osm_id": "10652174926", "name": null, "barrier": null, "highway": null, "ref": null, "address": null, "is_in": null, "place": null, "man_made": null, "other_tags": "\"natural\"=>\"tree\"" }, "geometry": { "type": "Point", "coordinates": [ 9.3996337, 45.7558478 ] } },
{ "type": "Feature", "properties": { "osm_id": "10652174927", "name": null, "barrier": null, "highway": null, "ref": null, "address": null, "is_in": null, "place": null, "man_made": null, "other_tags": "\"natural\"=>\"tree\"" }, "geometry": { "type": "Point", "coordinates": [ 9.3997778, 45.7558298 ] } },
{ "type": "Feature", "properties": { "osm_id": "10652174928", "name": null, "barrier": null, "highway": null, "ref": null, "address": null, "is_in": null, "place": null, "man_made": null, "other_tags": "\"natural\"=>\"tree\"" }, "geometry": { "type": "Point", "coordinates": [ 9.4001303, 45.755925 ] } },
{ "type": "Feature", "properties": { "osm_id": "10652174929", "name": null, "barrier": null, "highway": null, "ref": null, "address": null, "is_in": null, "place": null, "man_made": null, "other_tags": "\"natural\"=>\"tree\"" }, "geometry": { "type": "Point", "coordinates": [ 9.400138, 45.755785 ] } },
{ "type": "Feature", "properties": { "osm_id": "10652174930", "name": null, "barrier": null, "highway": null, "ref": null, "address": null, "is_in": null, "place": null, "man_made": null, "other_tags": "\"natural\"=>\"tree\"" }, "geometry": { "type": "Point", "coordinates": [ 9.4003567, 45.7557311 ] } },
{ "type": "Feature", "properties": { "osm_id": "10652189325", "name": null, "barrier": null, "highway": null, "ref": null, "address": null, "is_in": null, "place": null, "man_made": "pump", "other_tags": "\"access\"=>\"yes\",\"drinking_water\"=>\"no\",\"location\"=>\"outdoor\",\"material\"=>\"steel\",\"mechanical_driver\"=>\"manual\",\"substance\"=>\"water\"" }, "geometry": { "type": "Point", "coordinates": [ 9.4121506, 45.7569729 ] } },
{ "type": "Feature", "properties": { "osm_id": "10678132200", "name": null, "barrier": null, "highway": null, "ref": null, "address": null, "is_in": null, "place": null, "man_made": null, "other_tags": "\"amenity\"=>\"hunting_stand\"" }, "geometry": { "type": "Point", "coordinates": [ 9.4046544, 45.7552899 ] } },
{ "type": "Feature", "properties": { "osm_id": "10683532505", "name": null, "barrier": null, "highway": null, "ref": null, "address": null, "is_in": null, "place": null, "man_made": null, "other_tags": "\"amenity\"=>\"parking\"" }, "geometry": { "type": "Point", "coordinates": [ 9.3804001, 45.7428947 ] } },
{ "type": "Feature", "properties": { "osm_id": "10687775916", "name": null, "barrier": null, "highway": "give_way", "ref": null, "address": null, "is_in": null, "place": null, "man_made": null, "other_tags": "\"direction\"=>\"forward\",\"road_marking\"=>\"give_way\"" }, "geometry": { "type": "Point", "coordinates": [ 9.3963907, 45.7204613 ] } },
{ "type": "Feature", "properties": { "osm_id": "10687775917", "name": null, "barrier": null, "highway": "give_way", "ref": null, "address": null, "is_in": null, "place": null, "man_made": null, "other_tags": "\"direction\"=>\"forward\",\"road_marking\"=>\"give_way\"" }, "geometry": { "type": "Point", "coordinates": [ 9.3961373, 45.7204212 ] } },
{ "type": "Feature", "properties": { "osm_id": "10687775918", "name": null, "barrier": null, "highway": "give_way", "ref": null, "address": null, "is_in": null, "place": null, "man_made": null, "other_tags": "\"direction\"=>\"forward\",\"road_marking\"=>\"give_way\"" }, "geometry": { "type": "Point", "coordinates": [ 9.3964802, 45.7202732 ] } },
{ "type": "Feature", "properties": { "osm_id": "10712846913", "name": null, "barrier": null, "highway": null, "ref": null, "address": null, "is_in": null, "place": null, "man_made": null, "other_tags": "\"amenity\"=>\"bench\",\"material\"=>\"wood\"" }, "geometry": { "type": "Point", "coordinates": [ 9.4220196, 45.7146754 ] } },
{ "type": "Feature", "properties": { "osm_id": "10712846914", "name": null, "barrier": null, "highway": null, "ref": null, "address": null, "is_in": null, "place": null, "man_made": null, "other_tags": "\"amenity\"=>\"bench\",\"material\"=>\"wood\"" }, "geometry": { "type": "Point", "coordinates": [ 9.4219042, 45.7146305 ] } },
{ "type": "Feature", "properties": { "osm_id": "10712846915", "name": null, "barrier": null, "highway": null, "ref": null, "address": null, "is_in": null, "place": null, "man_made": null, "other_tags": "\"amenity\"=>\"bench\",\"material\"=>\"wood\"" }, "geometry": { "type": "Point", "coordinates": [ 9.4221208, 45.7147138 ] } },
{ "type": "Feature", "properties": { "osm_id": "10712846916", "name": null, "barrier": null, "highway": null, "ref": null, "address": null, "is_in": null, "place": null, "man_made": null, "other_tags": "\"amenity\"=>\"bench\",\"material\"=>\"wood\"" }, "geometry": { "type": "Point", "coordinates": [ 9.4217674, 45.714579 ] } },
{ "type": "Feature", "properties": { "osm_id": "10712846917", "name": null, "barrier": null, "highway": null, "ref": null, "address": null, "is_in": null, "place": null, "man_made": null, "other_tags": "\"amenity\"=>\"waste_basket\"" }, "geometry": { "type": "Point", "coordinates": [ 9.4216132, 45.7145219 ] } },
{ "type": "Feature", "properties": { "osm_id": "10712846918", "name": null, "barrier": null, "highway": null, "ref": null, "address": null, "is_in": null, "place": null, "man_made": null, "other_tags": "\"amenity\"=>\"bench\",\"material\"=>\"wood\"" }, "geometry": { "type": "Point", "coordinates": [ 9.4215495, 45.7144938 ] } },
{ "type": "Feature", "properties": { "osm_id": "10712846919", "name": null, "barrier": null, "highway": null, "ref": null, "address": null, "is_in": null, "place": null, "man_made": null, "other_tags": "\"amenity\"=>\"bench\",\"material\"=>\"wood\"" }, "geometry": { "type": "Point", "coordinates": [ 9.4215287, 45.7144863 ] } },
{ "type": "Feature", "properties": { "osm_id": "10712846920", "name": null, "barrier": null, "highway": null, "ref": null, "address": null, "is_in": null, "place": null, "man_made": null, "other_tags": "\"amenity\"=>\"bench\",\"material\"=>\"wood\"" }, "geometry": { "type": "Point", "coordinates": [ 9.4215086, 45.7144793 ] } },
{ "type": "Feature", "properties": { "osm_id": "10712846921", "name": null, "barrier": null, "highway": null, "ref": null, "address": null, "is_in": null, "place": null, "man_made": null, "other_tags": "\"amenity\"=>\"bench\",\"material\"=>\"wood\"" }, "geometry": { "type": "Point", "coordinates": [ 9.4238435, 45.7178362 ] } },
{ "type": "Feature", "properties": { "osm_id": "10712846922", "name": null, "barrier": null, "highway": null, "ref": null, "address": null, "is_in": null, "place": null, "man_made": null, "other_tags": "\"amenity\"=>\"bench\",\"material\"=>\"wood\"" }, "geometry": { "type": "Point", "coordinates": [ 9.4252489, 45.7189092 ] } },
{ "type": "Feature", "properties": { "osm_id": "10712846923", "name": null, "barrier": null, "highway": null, "ref": null, "address": null, "is_in": null, "place": null, "man_made": null, "other_tags": "\"amenity\"=>\"bench\",\"material\"=>\"wood\"" }, "geometry": { "type": "Point", "coordinates": [ 9.4280626, 45.7189324 ] } },
{ "type": "Feature", "properties": { "osm_id": "10712846924", "name": null, "barrier": null, "highway": null, "ref": null, "address": null, "is_in": null, "place": null, "man_made": null, "other_tags": "\"amenity\"=>\"bench\",\"material\"=>\"wood\"" }, "geometry": { "type": "Point", "coordinates": [ 9.4278514, 45.7174415 ] } },
{ "type": "Feature", "properties": { "osm_id": "10712846925", "name": null, "barrier": null, "highway": null, "ref": null, "address": null, "is_in": null, "place": null, "man_made": null, "other_tags": "\"amenity\"=>\"waste_basket\"" }, "geometry": { "type": "Point", "coordinates": [ 9.4255252, 45.7148857 ] } },
{ "type": "Feature", "properties": { "osm_id": "10712846926", "name": null, "barrier": null, "highway": null, "ref": null, "address": null, "is_in": null, "place": null, "man_made": null, "other_tags": "\"amenity\"=>\"bench\",\"material\"=>\"wood\"" }, "geometry": { "type": "Point", "coordinates": [ 9.4254917, 45.7148744 ] } },
{ "type": "Feature", "properties": { "osm_id": "10712846927", "name": null, "barrier": null, "highway": null, "ref": null, "address": null, "is_in": null, "place": null, "man_made": null, "other_tags": "\"amenity\"=>\"bench\",\"material\"=>\"wood\"" }, "geometry": { "type": "Point", "coordinates": [ 9.4248359, 45.7146441 ] } },
{ "type": "Feature", "properties": { "osm_id": "10712846928", "name": null, "barrier": null, "highway": null, "ref": null, "address": null, "is_in": null, "place": null, "man_made": null, "other_tags": "\"amenity\"=>\"waste_basket\"" }, "geometry": { "type": "Point", "coordinates": [ 9.4247796, 45.7146207 ] } },
{ "type": "Feature", "properties": { "osm_id": "10712846929", "name": null, "barrier": null, "highway": null, "ref": null, "address": null, "is_in": null, "place": null, "man_made": null, "other_tags": "\"amenity\"=>\"waste_basket\"" }, "geometry": { "type": "Point", "coordinates": [ 9.4251215, 45.7147471 ] } },
{ "type": "Feature", "properties": { "osm_id": "10712846930", "name": null, "barrier": null, "highway": null, "ref": null, "address": null, "is_in": null, "place": null, "man_made": null, "other_tags": "\"amenity\"=>\"waste_basket\"" }, "geometry": { "type": "Point", "coordinates": [ 9.4242056, 45.7142985 ] } },
{ "type": "Feature", "properties": { "osm_id": "10712846931", "name": null, "barrier": null, "highway": null, "ref": null, "address": null, "is_in": null, "place": null, "man_made": null, "other_tags": "\"amenity\"=>\"waste_basket\"" }, "geometry": { "type": "Point", "coordinates": [ 9.4236356, 45.7141412 ] } },
{ "type": "Feature", "properties": { "osm_id": "10712846932", "name": null, "barrier": null, "highway": null, "ref": null, "address": null, "is_in": null, "place": null, "man_made": null, "other_tags": "\"amenity\"=>\"waste_basket\"" }, "geometry": { "type": "Point", "coordinates": [ 9.4235431, 45.7141319 ] } },
{ "type": "Feature", "properties": { "osm_id": "10712846933", "name": null, "barrier": null, "highway": null, "ref": null, "address": null, "is_in": null, "place": null, "man_made": null, "other_tags": "\"leisure\"=>\"picnic_table\",\"material\"=>\"wood\"" }, "geometry": { "type": "Point", "coordinates": [ 9.423598, 45.7141178 ] } },
{ "type": "Feature", "properties": { "osm_id": "10712846934", "name": null, "barrier": null, "highway": null, "ref": null, "address": null, "is_in": null, "place": null, "man_made": null, "other_tags": "\"leisure\"=>\"picnic_table\",\"material\"=>\"wood\"" }, "geometry": { "type": "Point", "coordinates": [ 9.4235001, 45.7141094 ] } },
{ "type": "Feature", "properties": { "osm_id": "10712846935", "name": null, "barrier": null, "highway": null, "ref": null, "address": null, "is_in": null, "place": null, "man_made": null, "other_tags": "\"leisure\"=>\"picnic_table\",\"material\"=>\"wood\"" }, "geometry": { "type": "Point", "coordinates": [ 9.4234116, 45.7141047 ] } },
{ "type": "Feature", "properties": { "osm_id": "10712846936", "name": null, "barrier": null, "highway": null, "ref": null, "address": null, "is_in": null, "place": null, "man_made": null, "other_tags": "\"amenity\"=>\"bench\",\"material\"=>\"wood\"" }, "geometry": { "type": "Point", "coordinates": [ 9.4224293, 45.7143557 ] } },
{ "type": "Feature", "properties": { "osm_id": "10712846937", "name": null, "barrier": null, "highway": null, "ref": null, "address": null, "is_in": null, "place": null, "man_made": null, "other_tags": "\"amenity\"=>\"waste_basket\"" }, "geometry": { "type": "Point", "coordinates": [ 9.4226747, 45.714211 ] } },
{ "type": "Feature", "properties": { "osm_id": "10712846938", "name": null, "barrier": null, "highway": null, "ref": null, "address": null, "is_in": null, "place": null, "man_made": null, "other_tags": "\"amenity\"=>\"waste_basket\"" }, "geometry": { "type": "Point", "coordinates": [ 9.4225755, 45.7142573 ] } },
{ "type": "Feature", "properties": { "osm_id": "10712846939", "name": null, "barrier": null, "highway": null, "ref": null, "address": null, "is_in": null, "place": null, "man_made": null, "other_tags": "\"amenity\"=>\"bench\",\"material\"=>\"wood\"" }, "geometry": { "type": "Point", "coordinates": [ 9.4221497, 45.7144807 ] } },
{ "type": "Feature", "properties": { "osm_id": "10712846940", "name": null, "barrier": null, "highway": null, "ref": null, "address": null, "is_in": null, "place": null, "man_made": null, "other_tags": "\"amenity\"=>\"bench\",\"material\"=>\"wood\"" }, "geometry": { "type": "Point", "coordinates": [ 9.4221966, 45.7144966 ] } },
{ "type": "Feature", "properties": { "osm_id": "10712846941", "name": null, "barrier": null, "highway": null, "ref": null, "address": null, "is_in": null, "place": null, "man_made": null, "other_tags": "\"amenity\"=>\"waste_basket\"" }, "geometry": { "type": "Point", "coordinates": [ 9.4216669, 45.7143173 ] } },
{ "type": "Feature", "properties": { "osm_id": "10727926017", "name": null, "barrier": null, "highway": null, "ref": null, "address": null, "is_in": null, "place": null, "man_made": null, "other_tags": null }, "geometry": { "type": "Point", "coordinates": [ 9.3803644, 45.7171956 ] } },
{ "type": "Feature", "properties": { "osm_id": "10734527478", "name": null, "barrier": null, "highway": null, "ref": null, "address": null, "is_in": null, "place": null, "man_made": null, "other_tags": "\"addr:city\"=>\"Calco\",\"addr:housenumber\"=>\"17\",\"addr:postcode\"=>\"23885\",\"addr:street\"=>\"Via Indipendenza\"" }, "geometry": { "type": "Point", "coordinates": [ 9.4032429, 45.7234716 ] } },
{ "type": "Feature", "properties": { "osm_id": "10734527479", "name": "Club Alpino Italiano - Sezione Calco", "barrier": null, "highway": null, "ref": null, "address": null, "is_in": null, "place": null, "man_made": null, "other_tags": "\"office\"=>\"association\",\"operator\"=>\"Club Alpino Italiano\",\"operator:short\"=>\"CAI\",\"operator:wikidata\"=>\"Q795273\",\"source:ref\"=>\"9216079\"" }, "geometry": { "type": "Point", "coordinates": [ 9.4032002, 45.7234769 ] } },
{ "type": "Feature", "properties": { "osm_id": "10814594024", "name": null, "barrier": null, "highway": "give_way", "ref": null, "address": null, "is_in": null, "place": null, "man_made": null, "other_tags": "\"direction\"=>\"forward\"" }, "geometry": { "type": "Point", "coordinates": [ 9.3622894, 45.7386816 ] } },
{ "type": "Feature", "properties": { "osm_id": "10814594025", "name": null, "barrier": null, "highway": "give_way", "ref": null, "address": null, "is_in": null, "place": null, "man_made": null, "other_tags": "\"direction\"=>\"backward\"" }, "geometry": { "type": "Point", "coordinates": [ 9.3622823, 45.7386689 ] } },
{ "type": "Feature", "properties": { "osm_id": "10814609727", "name": "Laura", "barrier": null, "highway": null, "ref": null, "address": null, "is_in": null, "place": null, "man_made": null, "other_tags": "\"clothes\"=>\"suits;women\",\"kids_area\"=>\"no\",\"level\"=>\"0\",\"shop\"=>\"clothes\",\"toilets\"=>\"yes\"" }, "geometry": { "type": "Point", "coordinates": [ 9.3623388, 45.7384397 ] } },
{ "type": "Feature", "properties": { "osm_id": "10814610617", "name": null, "barrier": null, "highway": null, "ref": null, "address": null, "is_in": null, "place": null, "man_made": null, "other_tags": "\"addr:housenumber\"=>\"81\",\"addr:street\"=>\"Via Canova\"" }, "geometry": { "type": "Point", "coordinates": [ 9.3622378, 45.7384892 ] } },
{ "type": "Feature", "properties": { "osm_id": "10862580539", "name": null, "barrier": null, "highway": null, "ref": null, "address": null, "is_in": null, "place": null, "man_made": null, "other_tags": "\"access\"=>\"yes\",\"amenity\"=>\"charging_station\",\"bicycle\"=>\"yes\",\"brand\"=>\"Pradella Sistemi srl\",\"fee\"=>\"no\",\"operator\"=>\"Pradella Sistemi srl\"" }, "geometry": { "type": "Point", "coordinates": [ 9.3635208, 45.7100618 ] } },
{ "type": "Feature", "properties": { "osm_id": "10879668856", "name": "Club Alpino Italiano - Sezione Rovagnate", "barrier": null, "highway": null, "ref": null, "address": null, "is_in": null, "place": null, "man_made": null, "other_tags": "\"office\"=>\"association\",\"operator\"=>\"Club Alpino Italiano\",\"operator:short\"=>\"CAI\",\"operator:wikidata\"=>\"Q795273\",\"source:ref\"=>\"9216068\"" }, "geometry": { "type": "Point", "coordinates": [ 9.3737664, 45.7369894 ] } },
{ "type": "Feature", "properties": { "osm_id": "10879668857", "name": null, "barrier": null, "highway": null, "ref": null, "address": null, "is_in": null, "place": null, "man_made": null, "other_tags": "\"addr:city\"=>\"Rovagnate\",\"addr:postcode\"=>\"23888\",\"addr:street\"=>\"Sacro Cuore\"" }, "geometry": { "type": "Point", "coordinates": [ 9.3737914, 45.7370089 ] } },
{ "type": "Feature", "properties": { "osm_id": "10916286492", "name": null, "barrier": null, "highway": null, "ref": null, "address": null, "is_in": null, "place": null, "man_made": null, "other_tags": "\"direction\"=>\"40\",\"tourism\"=>\"viewpoint\"" }, "geometry": { "type": "Point", "coordinates": [ 9.3936033, 45.7593315 ] } },
{ "type": "Feature", "properties": { "osm_id": "10967391916", "name": null, "barrier": null, "highway": null, "ref": null, "address": null, "is_in": null, "place": null, "man_made": null, "other_tags": "\"amenity\"=>\"hunting_stand\"" }, "geometry": { "type": "Point", "coordinates": [ 9.4068804, 45.7586251 ] } },
{ "type": "Feature", "properties": { "osm_id": "11099176168", "name": null, "barrier": null, "highway": "crossing", "ref": null, "address": null, "is_in": null, "place": null, "man_made": null, "other_tags": null }, "geometry": { "type": "Point", "coordinates": [ 9.4049621, 45.7289772 ] } },
{ "type": "Feature", "properties": { "osm_id": "11099252906", "name": null, "barrier": null, "highway": "traffic_signals", "ref": null, "address": null, "is_in": null, "place": null, "man_made": null, "other_tags": null }, "geometry": { "type": "Point", "coordinates": [ 9.4008998, 45.7284181 ] } },
{ "type": "Feature", "properties": { "osm_id": "11099252924", "name": null, "barrier": null, "highway": null, "ref": null, "address": null, "is_in": null, "place": null, "man_made": null, "other_tags": "\"traffic_calming\"=>\"island\"" }, "geometry": { "type": "Point", "coordinates": [ 9.3747179, 45.7372122 ] } },
{ "type": "Feature", "properties": { "osm_id": "11099252930", "name": null, "barrier": null, "highway": "traffic_signals", "ref": null, "address": null, "is_in": null, "place": null, "man_made": null, "other_tags": "\"crossing\"=>\"traffic_signals\",\"tactile_paving\"=>\"no\",\"traffic_signals:sound\"=>\"no\"" }, "geometry": { "type": "Point", "coordinates": [ 9.3699682, 45.7371575 ] } },
{ "type": "Feature", "properties": { "osm_id": "11099252945", "name": null, "barrier": null, "highway": "crossing", "ref": null, "address": null, "is_in": null, "place": null, "man_made": null, "other_tags": "\"crossing\"=>\"uncontrolled\",\"crossing:island\"=>\"no\",\"kerb\"=>\"no\",\"tactile_paving\"=>\"no\"" }, "geometry": { "type": "Point", "coordinates": [ 9.3637486, 45.7382687 ] } },
{ "type": "Feature", "properties": { "osm_id": "11099252950", "name": null, "barrier": null, "highway": "traffic_signals", "ref": null, "address": null, "is_in": null, "place": null, "man_made": null, "other_tags": null }, "geometry": { "type": "Point", "coordinates": [ 9.3622853, 45.7386751 ] } },
{ "type": "Feature", "properties": { "osm_id": "11099252959", "name": null, "barrier": null, "highway": "crossing", "ref": null, "address": null, "is_in": null, "place": null, "man_made": null, "other_tags": "\"crossing\"=>\"uncontrolled\"" }, "geometry": { "type": "Point", "coordinates": [ 9.377898, 45.7364459 ] } },
{ "type": "Feature", "properties": { "osm_id": "11099252962", "name": null, "barrier": null, "highway": null, "ref": null, "address": null, "is_in": null, "place": null, "man_made": null, "other_tags": "\"mapillary\"=>\"177653054217054\"" }, "geometry": { "type": "Point", "coordinates": [ 9.3864842, 45.7335875 ] } },
{ "type": "Feature", "properties": { "osm_id": "11099252986", "name": null, "barrier": null, "highway": "crossing", "ref": null, "address": null, "is_in": null, "place": null, "man_made": null, "other_tags": "\"crossing\"=>\"uncontrolled\"" }, "geometry": { "type": "Point", "coordinates": [ 9.382368, 45.7348518 ] } },
{ "type": "Feature", "properties": { "osm_id": "11163223425", "name": "Galbusera Bianca", "barrier": null, "highway": null, "ref": null, "address": null, "is_in": null, "place": null, "man_made": null, "other_tags": "\"amenity\"=>\"restaurant\"" }, "geometry": { "type": "Point", "coordinates": [ 9.3705376, 45.7219666 ] } },
{ "type": "Feature", "properties": { "osm_id": "11163228808", "name": "Bagaggera - Agriristoro", "barrier": null, "highway": null, "ref": null, "address": null, "is_in": null, "place": null, "man_made": null, "other_tags": "\"addr:city\"=>\"La Valletta Brianza\",\"addr:housenumber\"=>\"25\",\"addr:postcode\"=>\"23888\",\"addr:street\"=>\"Via Bagaggera\",\"amenity\"=>\"restaurant\",\"contact:facebook\"=>\"https://www.facebook.com/bagaggera/\",\"contact:instagram\"=>\"https://www.instagram.com/cascina_bagaggera/\",\"email\"=>\"Info.bagaggera@gmail.com\",\"opening_hours\"=>\"Mo,Th off; We-Fr 12:00-14:30; Sa-Su 12:00-15:00\",\"phone\"=>\"+390395311471\",\"website\"=>\"https://www.bagaggera.eu/agri-ristoro/\",\"website:menu\"=>\"https://www.leggimenu.it/menu/cascinabagaggera\"" }, "geometry": { "type": "Point", "coordinates": [ 9.384183, 45.7108063 ] } },
{ "type": "Feature", "properties": { "osm_id": "11184847169", "name": null, "barrier": "gate", "highway": null, "ref": null, "address": null, "is_in": null, "place": null, "man_made": null, "other_tags": null }, "geometry": { "type": "Point", "coordinates": [ 9.3899992, 45.7312545 ] } },
{ "type": "Feature", "properties": { "osm_id": "11187625317", "name": null, "barrier": null, "highway": null, "ref": null, "address": null, "is_in": null, "place": null, "man_made": null, "other_tags": "\"information\"=>\"board\",\"tourism\"=>\"information\"" }, "geometry": { "type": "Point", "coordinates": [ 9.4520066, 45.7266514 ] } },
{ "type": "Feature", "properties": { "osm_id": "11187625318", "name": null, "barrier": null, "highway": null, "ref": null, "address": null, "is_in": null, "place": null, "man_made": null, "other_tags": "\"information\"=>\"board\",\"tourism\"=>\"information\"" }, "geometry": { "type": "Point", "coordinates": [ 9.4515048, 45.7267575 ] } },
{ "type": "Feature", "properties": { "osm_id": "11346406317", "name": null, "barrier": null, "highway": null, "ref": null, "address": null, "is_in": null, "place": null, "man_made": null, "other_tags": "\"entrance\"=>\"main\"" }, "geometry": { "type": "Point", "coordinates": [ 9.3756161, 45.753184 ] } },
{ "type": "Feature", "properties": { "osm_id": "11346495133", "name": "La Pecora Brianzola", "barrier": null, "highway": null, "ref": null, "address": null, "is_in": null, "place": null, "man_made": null, "other_tags": "\"board_type\"=>\"history\",\"information\"=>\"board\",\"tourism\"=>\"information\"" }, "geometry": { "type": "Point", "coordinates": [ 9.360424, 45.7286608 ] } },
{ "type": "Feature", "properties": { "osm_id": "11346495134", "name": "La viticoltura", "barrier": null, "highway": null, "ref": null, "address": null, "is_in": null, "place": null, "man_made": null, "other_tags": "\"board_type\"=>\"plants\",\"information\"=>\"board\",\"tourism\"=>\"information\"" }, "geometry": { "type": "Point", "coordinates": [ 9.3604244, 45.7286526 ] } },
{ "type": "Feature", "properties": { "osm_id": "11346721445", "name": null, "barrier": null, "highway": null, "ref": null, "address": null, "is_in": null, "place": null, "man_made": null, "other_tags": "\"hiking\"=>\"yes\",\"information\"=>\"guidepost\",\"mapillary\"=>\"1676541976842702\",\"material\"=>\"wood\",\"operator\"=>\"Parco Regionale di Montevecchia e della Valle del Curone\",\"support\"=>\"pole\",\"tourism\"=>\"information\"" }, "geometry": { "type": "Point", "coordinates": [ 9.3731832, 45.7254594 ] } },
{ "type": "Feature", "properties": { "osm_id": "11346721447", "name": "Belvedere Cereda", "barrier": null, "highway": null, "ref": null, "address": null, "is_in": null, "place": null, "man_made": null, "other_tags": "\"tourism\"=>\"viewpoint\"" }, "geometry": { "type": "Point", "coordinates": [ 9.3701121, 45.7278074 ] } },
{ "type": "Feature", "properties": { "osm_id": "11346831413", "name": null, "barrier": null, "highway": null, "ref": null, "address": null, "is_in": null, "place": null, "man_made": null, "other_tags": "\"entrance\"=>\"yes\"" }, "geometry": { "type": "Point", "coordinates": [ 9.3710973, 45.722333 ] } },
{ "type": "Feature", "properties": { "osm_id": "11346831414", "name": null, "barrier": null, "highway": null, "ref": null, "address": null, "is_in": null, "place": null, "man_made": null, "other_tags": "\"hiking\"=>\"yes\",\"information\"=>\"guidepost\",\"mapillary\"=>\"1661437528609348\",\"material\"=>\"wood\",\"operator\"=>\"Parco Regionale di Montevecchia e della Valle del Curone\",\"support\"=>\"pole\",\"tourism\"=>\"information\"" }, "geometry": { "type": "Point", "coordinates": [ 9.3729743, 45.7233669 ] } },
{ "type": "Feature", "properties": { "osm_id": "11346831416", "name": null, "barrier": null, "highway": null, "ref": null, "address": null, "is_in": null, "place": null, "man_made": null, "other_tags": "\"direction\"=>\"140\",\"hiking\"=>\"yes\",\"information\"=>\"guidepost\",\"mapillary\"=>\"3454243241408464\",\"material\"=>\"wood\",\"operator\"=>\"Parco Regionale di Montevecchia e della Valle del Curone\",\"support\"=>\"pole\",\"tourism\"=>\"information\"" }, "geometry": { "type": "Point", "coordinates": [ 9.3750246, 45.7258863 ] } },
{ "type": "Feature", "properties": { "osm_id": "11346831417", "name": null, "barrier": null, "highway": null, "ref": null, "address": null, "is_in": null, "place": null, "man_made": null, "other_tags": "\"denomination\"=>\"catholic\",\"historic\"=>\"wayside_shrine\",\"religion\"=>\"christian\"" }, "geometry": { "type": "Point", "coordinates": [ 9.3750474, 45.725905 ] } },
{ "type": "Feature", "properties": { "osm_id": "11346831422", "name": null, "barrier": null, "highway": null, "ref": null, "address": null, "is_in": null, "place": null, "man_made": "tower", "other_tags": "\"tower:type\"=>\"bell_tower\"" }, "geometry": { "type": "Point", "coordinates": [ 9.375612, 45.7263526 ] } },
{ "type": "Feature", "properties": { "osm_id": "11346831423", "name": null, "barrier": null, "highway": null, "ref": null, "address": null, "is_in": null, "place": null, "man_made": null, "other_tags": "\"historic\"=>\"memorial\",\"material\"=>\"stone\",\"memorial\"=>\"war_memorial\",\"wikidata\"=>\"Q123438219\",\"wikimedia_commons\"=>\"Category:Monumento ai caduti (Monte, La Valletta Brianza)\"" }, "geometry": { "type": "Point", "coordinates": [ 9.3754122, 45.7260998 ] } },
{ "type": "Feature", "properties": { "osm_id": "11346831425", "name": null, "barrier": null, "highway": null, "ref": null, "address": null, "is_in": null, "place": null, "man_made": null, "other_tags": "\"entrance\"=>\"main\"" }, "geometry": { "type": "Point", "coordinates": [ 9.3754091, 45.7262158 ] } },
{ "type": "Feature", "properties": { "osm_id": "11363528601", "name": null, "barrier": null, "highway": null, "ref": null, "address": null, "is_in": null, "place": null, "man_made": null, "other_tags": "\"ford\"=>\"yes\"" }, "geometry": { "type": "Point", "coordinates": [ 9.3562447, 45.723535 ] } },
{ "type": "Feature", "properties": { "osm_id": "11387549032", "name": null, "barrier": null, "highway": "crossing", "ref": null, "address": null, "is_in": null, "place": null, "man_made": null, "other_tags": "\"crossing\"=>\"uncontrolled\"" }, "geometry": { "type": "Point", "coordinates": [ 9.4420043, 45.7199038 ] } },
{ "type": "Feature", "properties": { "osm_id": "11395911406", "name": "Sosta", "barrier": null, "highway": null, "ref": null, "address": null, "is_in": null, "place": "hamlet", "man_made": null, "other_tags": null }, "geometry": { "type": "Point", "coordinates": [ 9.451241, 45.7407269 ] } },
{ "type": "Feature", "properties": { "osm_id": "11432420631", "name": "Airuno", "barrier": null, "highway": null, "ref": null, "address": null, "is_in": null, "place": null, "man_made": null, "other_tags": "\"operator\"=>\"Rete Ferroviaria Italiana\",\"operator:short\"=>\"RFI\",\"operator:wikidata\"=>\"Q1060049\",\"platforms\"=>\"2\",\"public_transport\"=>\"station\",\"railway\"=>\"station\",\"wikidata\"=>\"Q924258\",\"wikipedia\"=>\"it:Stazione di Airuno\"" }, "geometry": { "type": "Point", "coordinates": [ 9.4223324, 45.7554855 ] } },
{ "type": "Feature", "properties": { "osm_id": "11432420666", "name": "Olgiate-Calco-Brivio", "barrier": null, "highway": null, "ref": null, "address": null, "is_in": null, "place": null, "man_made": null, "other_tags": "\"operator\"=>\"Rete Ferroviaria Italiana\",\"operator:short\"=>\"RFI\",\"operator:wikidata\"=>\"Q1060049\",\"platforms\"=>\"2\",\"public_transport\"=>\"station\",\"railway\"=>\"station\",\"wikidata\"=>\"Q3970347\",\"wikipedia\"=>\"it:Stazione di Olgiate-Calco-Brivio\"" }, "geometry": { "type": "Point", "coordinates": [ 9.4036578, 45.7291861 ] } },
{ "type": "Feature", "properties": { "osm_id": "11508420395", "name": null, "barrier": null, "highway": "crossing", "ref": null, "address": null, "is_in": null, "place": null, "man_made": null, "other_tags": "\"crossing:island\"=>\"no\",\"crossing:markings\"=>\"yes\",\"crossing:signals\"=>\"no\",\"tactile_paving\"=>\"no\"" }, "geometry": { "type": "Point", "coordinates": [ 9.3721183, 45.7393426 ] } },
{ "type": "Feature", "properties": { "osm_id": "11508445273", "name": null, "barrier": null, "highway": "crossing", "ref": null, "address": null, "is_in": null, "place": null, "man_made": null, "other_tags": "\"crossing:island\"=>\"no\",\"crossing:markings\"=>\"yes\",\"crossing:signals\"=>\"no\",\"tactile_paving\"=>\"no\"" }, "geometry": { "type": "Point", "coordinates": [ 9.3710726, 45.7389743 ] } },
{ "type": "Feature", "properties": { "osm_id": "11508445276", "name": null, "barrier": null, "highway": "crossing", "ref": null, "address": null, "is_in": null, "place": null, "man_made": null, "other_tags": "\"crossing:island\"=>\"no\",\"crossing:markings\"=>\"yes\",\"crossing:signals\"=>\"no\",\"tactile_paving\"=>\"no\"" }, "geometry": { "type": "Point", "coordinates": [ 9.3704939, 45.7387029 ] } },
{ "type": "Feature", "properties": { "osm_id": "11508445279", "name": null, "barrier": null, "highway": "crossing", "ref": null, "address": null, "is_in": null, "place": null, "man_made": null, "other_tags": "\"crossing:island\"=>\"no\",\"crossing:markings\"=>\"yes\",\"crossing:signals\"=>\"no\",\"tactile_paving\"=>\"no\"" }, "geometry": { "type": "Point", "coordinates": [ 9.3698091, 45.738393 ] } },
{ "type": "Feature", "properties": { "osm_id": "11508449051", "name": null, "barrier": null, "highway": null, "ref": null, "address": null, "is_in": null, "place": null, "man_made": "charge_point", "other_tags": "\"capacity\"=>\"2\"" }, "geometry": { "type": "Point", "coordinates": [ 9.3720564, 45.7381692 ] } },
{ "type": "Feature", "properties": { "osm_id": "11574570667", "name": "Via Robasacchi", "barrier": null, "highway": "bus_stop", "ref": null, "address": null, "is_in": null, "place": null, "man_made": null, "other_tags": "\"bench\"=>\"yes\",\"bus\"=>\"yes\",\"departures_board\"=>\"timetable\",\"network\"=>\"Bergamo Trasporti Ovest\",\"operator\"=>\"Autoservizi Locatelli S.r.l.\",\"public_transport\"=>\"platform\",\"shelter\"=>\"yes\"" }, "geometry": { "type": "Point", "coordinates": [ 9.4576552, 45.7194048 ] } },
{ "type": "Feature", "properties": { "osm_id": "11574570668", "name": "Via Robasacchi", "barrier": null, "highway": null, "ref": null, "address": null, "is_in": null, "place": null, "man_made": null, "other_tags": "\"bus\"=>\"yes\",\"network\"=>\"Bergamo Trasporti Ovest\",\"operator\"=>\"Autoservizi Locatelli S.r.l.\",\"public_transport\"=>\"stop_position\"" }, "geometry": { "type": "Point", "coordinates": [ 9.4576809, 45.7194206 ] } },
{ "type": "Feature", "properties": { "osm_id": "11574583469", "name": "Via S. Martirio", "barrier": null, "highway": "bus_stop", "ref": null, "address": null, "is_in": null, "place": null, "man_made": null, "other_tags": "\"bench\"=>\"yes\",\"bus\"=>\"yes\",\"departures_board\"=>\"timetable\",\"network\"=>\"Bergamo Trasporti Ovest\",\"operator\"=>\"Autoservizi Locatelli S.r.l.\",\"public_transport\"=>\"platform\",\"shelter\"=>\"yes\"" }, "geometry": { "type": "Point", "coordinates": [ 9.4585857, 45.7158905 ] } },
{ "type": "Feature", "properties": { "osm_id": "11574583470", "name": "Via S. Martirio", "barrier": null, "highway": "bus_stop", "ref": null, "address": null, "is_in": null, "place": null, "man_made": null, "other_tags": "\"bench\"=>\"no\",\"bus\"=>\"yes\",\"departures_board\"=>\"timetable\",\"network\"=>\"Bergamo Trasporti Ovest\",\"operator\"=>\"Autoservizi Locatelli S.r.l.\",\"public_transport\"=>\"platform\",\"shelter\"=>\"no\"" }, "geometry": { "type": "Point", "coordinates": [ 9.4587463, 45.715899 ] } },
{ "type": "Feature", "properties": { "osm_id": "11574870786", "name": "Via delle Industrie", "barrier": null, "highway": "bus_stop", "ref": null, "address": null, "is_in": null, "place": null, "man_made": null, "other_tags": "\"bench\"=>\"no\",\"bus\"=>\"yes\",\"departures_board\"=>\"timetable\",\"network\"=>\"Bergamo Trasporti Ovest\",\"operator\"=>\"Autoservizi Locatelli S.r.l.\",\"public_transport\"=>\"platform\",\"shelter\"=>\"no\"" }, "geometry": { "type": "Point", "coordinates": [ 9.4563229, 45.7211592 ] } },
{ "type": "Feature", "properties": { "osm_id": "11574870787", "name": "Via delle Industrie", "barrier": null, "highway": null, "ref": null, "address": null, "is_in": null, "place": null, "man_made": null, "other_tags": "\"bus\"=>\"yes\",\"network\"=>\"Bergamo Trasporti Ovest\",\"operator\"=>\"Autoservizi Locatelli S.r.l.\",\"public_transport\"=>\"stop_position\"" }, "geometry": { "type": "Point", "coordinates": [ 9.4562122, 45.7211748 ] } },
{ "type": "Feature", "properties": { "osm_id": "11626925224", "name": null, "barrier": null, "highway": null, "ref": null, "address": null, "is_in": null, "place": null, "man_made": null, "other_tags": "\"ford\"=>\"yes\"" }, "geometry": { "type": "Point", "coordinates": [ 9.3869285, 45.7461059 ] } },
{ "type": "Feature", "properties": { "osm_id": "11860487441", "name": "Pessina", "barrier": null, "highway": null, "ref": null, "address": null, "is_in": null, "place": "locality", "man_made": null, "other_tags": null }, "geometry": { "type": "Point", "coordinates": [ 9.3822433, 45.7562495 ] } },
{ "type": "Feature", "properties": { "osm_id": "11874158599", "name": null, "barrier": null, "highway": null, "ref": null, "address": null, "is_in": null, "place": null, "man_made": null, "other_tags": "\"hiking\"=>\"yes\",\"information\"=>\"guidepost\",\"tourism\"=>\"information\"" }, "geometry": { "type": "Point", "coordinates": [ 9.3994944, 45.7521959 ] } },
{ "type": "Feature", "properties": { "osm_id": "11874201922", "name": null, "barrier": null, "highway": null, "ref": null, "address": null, "is_in": null, "place": null, "man_made": null, "other_tags": "\"hiking\"=>\"yes\",\"information\"=>\"guidepost\",\"mapillary\"=>\"994496720116177\",\"tourism\"=>\"information\"" }, "geometry": { "type": "Point", "coordinates": [ 9.3974034, 45.7419956 ] } },
{ "type": "Feature", "properties": { "osm_id": "11874221708", "name": null, "barrier": null, "highway": null, "ref": null, "address": null, "is_in": null, "place": null, "man_made": null, "other_tags": "\"hiking\"=>\"yes\",\"information\"=>\"guidepost\",\"tourism\"=>\"information\"" }, "geometry": { "type": "Point", "coordinates": [ 9.3992248, 45.7429116 ] } },
{ "type": "Feature", "properties": { "osm_id": "11874224033", "name": null, "barrier": null, "highway": null, "ref": null, "address": null, "is_in": null, "place": null, "man_made": null, "other_tags": "\"amenity\"=>\"parking\"" }, "geometry": { "type": "Point", "coordinates": [ 9.3835768, 45.711066 ] } },
{ "type": "Feature", "properties": { "osm_id": "11874235285", "name": "Stala del re", "barrier": null, "highway": null, "ref": null, "address": null, "is_in": null, "place": null, "man_made": null, "other_tags": "\"amenity\"=>\"restaurant\"" }, "geometry": { "type": "Point", "coordinates": [ 9.4009615, 45.7554163 ] } },
{ "type": "Feature", "properties": { "osm_id": "11874270144", "name": null, "barrier": null, "highway": null, "ref": null, "address": null, "is_in": null, "place": null, "man_made": null, "other_tags": "\"hiking\"=>\"yes\",\"information\"=>\"guidepost\",\"mapillary\"=>\"1286196270244972\",\"tourism\"=>\"information\"" }, "geometry": { "type": "Point", "coordinates": [ 9.3753039, 45.7231945 ] } },
{ "type": "Feature", "properties": { "osm_id": "11874270145", "name": null, "barrier": null, "highway": null, "ref": null, "address": null, "is_in": null, "place": null, "man_made": null, "other_tags": "\"hiking\"=>\"yes\",\"information\"=>\"guidepost\",\"mapillary\"=>\"1263762299279103\",\"tourism\"=>\"information\"" }, "geometry": { "type": "Point", "coordinates": [ 9.3753457, 45.7231804 ] } },
{ "type": "Feature", "properties": { "osm_id": "11874270146", "name": null, "barrier": null, "highway": null, "ref": null, "address": null, "is_in": null, "place": null, "man_made": null, "other_tags": "\"hiking\"=>\"yes\",\"information\"=>\"guidepost\",\"mapillary\"=>\"1867484767280931\",\"tourism\"=>\"information\"" }, "geometry": { "type": "Point", "coordinates": [ 9.3748067, 45.7204396 ] } },
{ "type": "Feature", "properties": { "osm_id": "11874270147", "name": null, "barrier": null, "highway": null, "ref": null, "address": null, "is_in": null, "place": null, "man_made": null, "other_tags": "\"hiking\"=>\"yes\",\"information\"=>\"guidepost\",\"mapillary\"=>\"835919799561969\",\"tourism\"=>\"information\"" }, "geometry": { "type": "Point", "coordinates": [ 9.3797064, 45.7150832 ] } },
{ "type": "Feature", "properties": { "osm_id": "11893339909", "name": null, "barrier": null, "highway": null, "ref": null, "address": null, "is_in": null, "place": null, "man_made": null, "other_tags": "\"colour\"=>\"red\",\"couplings\"=>\"3\",\"couplings:diameters\"=>\"45 mm;45 mm;45 mm\",\"couplings:type\"=>\"UNI\",\"emergency\"=>\"fire_hydrant\",\"fire_hydrant:position\"=>\"green\",\"fire_hydrant:type\"=>\"pillar\",\"water_source\"=>\"main\"" }, "geometry": { "type": "Point", "coordinates": [ 9.4456359, 45.7205008 ] } },
{ "type": "Feature", "properties": { "osm_id": "11920211769", "name": null, "barrier": null, "highway": null, "ref": null, "address": null, "is_in": null, "place": null, "man_made": null, "other_tags": "\"amenity\"=>\"drinking_water\"" }, "geometry": { "type": "Point", "coordinates": [ 9.3931135, 45.7561976 ] } },
{ "type": "Feature", "properties": { "osm_id": "11951844569", "name": null, "barrier": null, "highway": null, "ref": null, "address": null, "is_in": null, "place": null, "man_made": null, "other_tags": "\"ford\"=>\"yes\"" }, "geometry": { "type": "Point", "coordinates": [ 9.3837844, 45.7521314 ] } },
{ "type": "Feature", "properties": { "osm_id": "11951844570", "name": null, "barrier": null, "highway": null, "ref": null, "address": null, "is_in": null, "place": null, "man_made": null, "other_tags": "\"ford\"=>\"yes\"" }, "geometry": { "type": "Point", "coordinates": [ 9.3818651, 45.7513937 ] } },
{ "type": "Feature", "properties": { "osm_id": "11951844571", "name": null, "barrier": null, "highway": null, "ref": null, "address": null, "is_in": null, "place": null, "man_made": null, "other_tags": "\"ford\"=>\"yes\"" }, "geometry": { "type": "Point", "coordinates": [ 9.3832648, 45.7520206 ] } },
{ "type": "Feature", "properties": { "osm_id": "11951844572", "name": null, "barrier": null, "highway": null, "ref": null, "address": null, "is_in": null, "place": null, "man_made": null, "other_tags": "\"ford\"=>\"yes\"" }, "geometry": { "type": "Point", "coordinates": [ 9.3826572, 45.7493394 ] } },
{ "type": "Feature", "properties": { "osm_id": "11951844573", "name": null, "barrier": null, "highway": null, "ref": null, "address": null, "is_in": null, "place": null, "man_made": null, "other_tags": "\"ford\"=>\"yes\"" }, "geometry": { "type": "Point", "coordinates": [ 9.3840645, 45.7480993 ] } },
{ "type": "Feature", "properties": { "osm_id": "11951844574", "name": null, "barrier": null, "highway": null, "ref": null, "address": null, "is_in": null, "place": null, "man_made": null, "other_tags": "\"ford\"=>\"yes\"" }, "geometry": { "type": "Point", "coordinates": [ 9.3831524, 45.7494755 ] } },
{ "type": "Feature", "properties": { "osm_id": "11951844575", "name": null, "barrier": null, "highway": null, "ref": null, "address": null, "is_in": null, "place": null, "man_made": null, "other_tags": "\"ford\"=>\"yes\"" }, "geometry": { "type": "Point", "coordinates": [ 9.3810296, 45.7487799 ] } },
{ "type": "Feature", "properties": { "osm_id": "11951844576", "name": null, "barrier": null, "highway": null, "ref": null, "address": null, "is_in": null, "place": null, "man_made": null, "other_tags": "\"ford\"=>\"yes\"" }, "geometry": { "type": "Point", "coordinates": [ 9.381102, 45.7490367 ] } },
{ "type": "Feature", "properties": { "osm_id": "11988885616", "name": null, "barrier": "gate", "highway": null, "ref": null, "address": null, "is_in": null, "place": null, "man_made": null, "other_tags": null }, "geometry": { "type": "Point", "coordinates": [ 9.4218104, 45.7418814 ] } },
{ "type": "Feature", "properties": { "osm_id": "11988941479", "name": null, "barrier": "gate", "highway": null, "ref": null, "address": null, "is_in": null, "place": null, "man_made": null, "other_tags": null }, "geometry": { "type": "Point", "coordinates": [ 9.4217546, 45.7404785 ] } },
{ "type": "Feature", "properties": { "osm_id": "11988941481", "name": null, "barrier": "gate", "highway": null, "ref": null, "address": null, "is_in": null, "place": null, "man_made": null, "other_tags": null }, "geometry": { "type": "Point", "coordinates": [ 9.4205932, 45.7408274 ] } },
{ "type": "Feature", "properties": { "osm_id": "11988941526", "name": null, "barrier": "gate", "highway": null, "ref": null, "address": null, "is_in": null, "place": null, "man_made": null, "other_tags": null }, "geometry": { "type": "Point", "coordinates": [ 9.4215206, 45.7418285 ] } },
{ "type": "Feature", "properties": { "osm_id": "11988941547", "name": null, "barrier": "gate", "highway": null, "ref": null, "address": null, "is_in": null, "place": null, "man_made": null, "other_tags": null }, "geometry": { "type": "Point", "coordinates": [ 9.4207991, 45.7415851 ] } },
{ "type": "Feature", "properties": { "osm_id": "11988941583", "name": null, "barrier": "gate", "highway": null, "ref": null, "address": null, "is_in": null, "place": null, "man_made": null, "other_tags": null }, "geometry": { "type": "Point", "coordinates": [ 9.4231369, 45.7412318 ] } },
{ "type": "Feature", "properties": { "osm_id": "11988941611", "name": null, "barrier": "gate", "highway": null, "ref": null, "address": null, "is_in": null, "place": null, "man_made": null, "other_tags": null }, "geometry": { "type": "Point", "coordinates": [ 9.4227594, 45.7406311 ] } },
{ "type": "Feature", "properties": { "osm_id": "12000682097", "name": "Valfredda", "barrier": null, "highway": null, "ref": null, "address": null, "is_in": null, "place": "farm", "man_made": null, "other_tags": "\"wikidata\"=>\"Q18489311\"" }, "geometry": { "type": "Point", "coordinates": [ 9.3770737, 45.710503 ] } },
{ "type": "Feature", "properties": { "osm_id": "12037481156", "name": null, "barrier": null, "highway": "give_way", "ref": null, "address": null, "is_in": null, "place": null, "man_made": null, "other_tags": "\"direction\"=>\"forward\"" }, "geometry": { "type": "Point", "coordinates": [ 9.4180981, 45.7345785 ] } },
{ "type": "Feature", "properties": { "osm_id": "12037527712", "name": null, "barrier": null, "highway": "give_way", "ref": null, "address": null, "is_in": null, "place": null, "man_made": null, "other_tags": "\"direction\"=>\"forward\"" }, "geometry": { "type": "Point", "coordinates": [ 9.4158389, 45.724974 ] } },
{ "type": "Feature", "properties": { "osm_id": "12037527713", "name": null, "barrier": null, "highway": "give_way", "ref": null, "address": null, "is_in": null, "place": null, "man_made": null, "other_tags": "\"direction\"=>\"forward\"" }, "geometry": { "type": "Point", "coordinates": [ 9.415756, 45.7248471 ] } },
{ "type": "Feature", "properties": { "osm_id": "12037527714", "name": null, "barrier": null, "highway": "give_way", "ref": null, "address": null, "is_in": null, "place": null, "man_made": null, "other_tags": "\"direction\"=>\"forward\"" }, "geometry": { "type": "Point", "coordinates": [ 9.4159934, 45.7247802 ] } },
{ "type": "Feature", "properties": { "osm_id": "12037530676", "name": null, "barrier": null, "highway": "give_way", "ref": null, "address": null, "is_in": null, "place": null, "man_made": null, "other_tags": "\"direction\"=>\"forward\"" }, "geometry": { "type": "Point", "coordinates": [ 9.4503282, 45.7392118 ] } },
{ "type": "Feature", "properties": { "osm_id": "12037530677", "name": null, "barrier": null, "highway": "give_way", "ref": null, "address": null, "is_in": null, "place": null, "man_made": null, "other_tags": "\"direction\"=>\"forward\"" }, "geometry": { "type": "Point", "coordinates": [ 9.4549384, 45.7412419 ] } },
{ "type": "Feature", "properties": { "osm_id": "12037530679", "name": null, "barrier": null, "highway": "give_way", "ref": null, "address": null, "is_in": null, "place": null, "man_made": null, "other_tags": "\"direction\"=>\"forward\"" }, "geometry": { "type": "Point", "coordinates": [ 9.4457371, 45.7421937 ] } },
{ "type": "Feature", "properties": { "osm_id": "12037530680", "name": null, "barrier": null, "highway": "give_way", "ref": null, "address": null, "is_in": null, "place": null, "man_made": null, "other_tags": "\"direction\"=>\"forward\"" }, "geometry": { "type": "Point", "coordinates": [ 9.4506497, 45.7394306 ] } },
{ "type": "Feature", "properties": { "osm_id": "12037530681", "name": null, "barrier": null, "highway": "give_way", "ref": null, "address": null, "is_in": null, "place": null, "man_made": null, "other_tags": "\"direction\"=>\"forward\"" }, "geometry": { "type": "Point", "coordinates": [ 9.4455458, 45.7422186 ] } },
{ "type": "Feature", "properties": { "osm_id": "12037530682", "name": null, "barrier": null, "highway": "give_way", "ref": null, "address": null, "is_in": null, "place": null, "man_made": null, "other_tags": "\"direction\"=>\"forward\"" }, "geometry": { "type": "Point", "coordinates": [ 9.4454496, 45.7420132 ] } },
{ "type": "Feature", "properties": { "osm_id": "12037530683", "name": null, "barrier": null, "highway": "give_way", "ref": null, "address": null, "is_in": null, "place": null, "man_made": null, "other_tags": "\"direction\"=>\"forward\"" }, "geometry": { "type": "Point", "coordinates": [ 9.45065, 45.7391198 ] } },
{ "type": "Feature", "properties": { "osm_id": "12037530684", "name": null, "barrier": null, "highway": "give_way", "ref": null, "address": null, "is_in": null, "place": null, "man_made": null, "other_tags": "\"direction\"=>\"forward\"" }, "geometry": { "type": "Point", "coordinates": [ 9.4457243, 45.7419163 ] } },
{ "type": "Feature", "properties": { "osm_id": "12037530975", "name": null, "barrier": null, "highway": "give_way", "ref": null, "address": null, "is_in": null, "place": null, "man_made": null, "other_tags": "\"direction\"=>\"forward\"" }, "geometry": { "type": "Point", "coordinates": [ 9.4185392, 45.7348228 ] } },
{ "type": "Feature", "properties": { "osm_id": "12037530997", "name": null, "barrier": null, "highway": "give_way", "ref": null, "address": null, "is_in": null, "place": null, "man_made": null, "other_tags": "\"direction\"=>\"forward\"" }, "geometry": { "type": "Point", "coordinates": [ 9.4179595, 45.7348264 ] } },
{ "type": "Feature", "properties": { "osm_id": "12037530998", "name": null, "barrier": null, "highway": "give_way", "ref": null, "address": null, "is_in": null, "place": null, "man_made": null, "other_tags": "\"direction\"=>\"forward\"" }, "geometry": { "type": "Point", "coordinates": [ 9.4182904, 45.7349605 ] } },
{ "type": "Feature", "properties": { "osm_id": "12148378196", "name": "Trattoria Al Bosco", "barrier": null, "highway": null, "ref": null, "address": null, "is_in": null, "place": null, "man_made": null, "other_tags": "\"addr:housenumber\"=>\"30\",\"addr:street\"=>\"Via Fontana\",\"amenity\"=>\"restaurant\",\"phone\"=>\"+39 099 20134\"" }, "geometry": { "type": "Point", "coordinates": [ 9.4419137, 45.7198329 ] } },
{ "type": "Feature", "properties": { "osm_id": "12539488574", "name": null, "barrier": null, "highway": null, "ref": null, "address": null, "is_in": null, "place": null, "man_made": null, "other_tags": "\"traffic_calming\"=>\"bump\"" }, "geometry": { "type": "Point", "coordinates": [ 9.3586176, 45.7126443 ] } },
{ "type": "Feature", "properties": { "osm_id": "12600740263", "name": null, "barrier": null, "highway": null, "ref": null, "address": null, "is_in": null, "place": null, "man_made": null, "other_tags": "\"covered\"=>\"no\",\"leisure\"=>\"picnic_table\"" }, "geometry": { "type": "Point", "coordinates": [ 9.3635219, 45.7102608 ] } },
{ "type": "Feature", "properties": { "osm_id": "12794279948", "name": null, "barrier": null, "highway": null, "ref": null, "address": null, "is_in": null, "place": null, "man_made": null, "other_tags": "\"direction\"=>\"250\",\"information\"=>\"name\",\"inscription\"=>\"via ai campi\",\"material\"=>\"metal\",\"support\"=>\"pole\",\"tourism\"=>\"information\"" }, "geometry": { "type": "Point", "coordinates": [ 9.3950567, 45.7100461 ] } },
{ "type": "Feature", "properties": { "osm_id": "12794279949", "name": null, "barrier": null, "highway": "stop", "ref": null, "address": null, "is_in": null, "place": null, "man_made": null, "other_tags": "\"direction\"=>\"backward\"" }, "geometry": { "type": "Point", "coordinates": [ 9.3948535, 45.7100502 ] } },
{ "type": "Feature", "properties": { "osm_id": "12794279953", "name": null, "barrier": null, "highway": null, "ref": null, "address": null, "is_in": null, "place": null, "man_made": null, "other_tags": "\"direction\"=>\"70\",\"information\"=>\"name\",\"inscription\"=>\"via Pianezzo\",\"material\"=>\"metal\",\"support\"=>\"pole\",\"tourism\"=>\"information\",\"wikimedia_commons\"=>\"File:Street sign via Pianezzo (Olgiate Molgora).jpg\"" }, "geometry": { "type": "Point", "coordinates": [ 9.3948112, 45.7100503 ] } },
{ "type": "Feature", "properties": { "osm_id": "12794279958", "name": null, "barrier": null, "highway": null, "ref": null, "address": null, "is_in": null, "place": null, "man_made": null, "other_tags": "\"entrance\"=>\"main\"" }, "geometry": { "type": "Point", "coordinates": [ 9.3947702, 45.7100304 ] } },
{ "type": "Feature", "properties": { "osm_id": "12809640039", "name": null, "barrier": null, "highway": null, "ref": null, "address": null, "is_in": null, "place": null, "man_made": null, "other_tags": "\"entrance\"=>\"main\"" }, "geometry": { "type": "Point", "coordinates": [ 9.3997561, 45.7401806 ] } },
{ "type": "Feature", "properties": { "osm_id": "12809670338", "name": null, "barrier": null, "highway": null, "ref": null, "address": null, "is_in": null, "place": null, "man_made": "tower", "other_tags": "\"tower:type\"=>\"bell_tower\"" }, "geometry": { "type": "Point", "coordinates": [ 9.4127713, 45.7388093 ] } },
{ "type": "Feature", "properties": { "osm_id": "12809670339", "name": null, "barrier": null, "highway": null, "ref": null, "address": null, "is_in": null, "place": null, "man_made": null, "other_tags": "\"entrance\"=>\"main\"" }, "geometry": { "type": "Point", "coordinates": [ 9.412779, 45.7387781 ] } },
{ "type": "Feature", "properties": { "osm_id": "12809674367", "name": null, "barrier": null, "highway": null, "ref": null, "address": null, "is_in": null, "place": null, "man_made": null, "other_tags": "\"entrance\"=>\"main\"" }, "geometry": { "type": "Point", "coordinates": [ 9.4062582, 45.735158 ] } },
{ "type": "Feature", "properties": { "osm_id": "12809701196", "name": null, "barrier": null, "highway": null, "ref": null, "address": null, "is_in": null, "place": null, "man_made": null, "other_tags": "\"entrance\"=>\"main\"" }, "geometry": { "type": "Point", "coordinates": [ 9.4070923, 45.7353642 ] } },
{ "type": "Feature", "properties": { "osm_id": "12809741358", "name": null, "barrier": null, "highway": null, "ref": null, "address": null, "is_in": null, "place": null, "man_made": null, "other_tags": "\"entrance\"=>\"main\"" }, "geometry": { "type": "Point", "coordinates": [ 9.4032528, 45.7287576 ] } },
{ "type": "Feature", "properties": { "osm_id": "12811497645", "name": null, "barrier": null, "highway": null, "ref": null, "address": null, "is_in": null, "place": null, "man_made": null, "other_tags": "\"entrance\"=>\"main\"" }, "geometry": { "type": "Point", "coordinates": [ 9.4330588, 45.7181901 ] } },
{ "type": "Feature", "properties": { "osm_id": "12811620831", "name": null, "barrier": null, "highway": null, "ref": null, "address": null, "is_in": null, "place": null, "man_made": null, "other_tags": "\"entrance\"=>\"main\"" }, "geometry": { "type": "Point", "coordinates": [ 9.4184417, 45.7147442 ] } },
{ "type": "Feature", "properties": { "osm_id": "12811636123", "name": null, "barrier": null, "highway": null, "ref": null, "address": null, "is_in": null, "place": null, "man_made": null, "other_tags": "\"entrance\"=>\"main\"" }, "geometry": { "type": "Point", "coordinates": [ 9.4066754, 45.7109339 ] } },
{ "type": "Feature", "properties": { "osm_id": "12844726005", "name": null, "barrier": "gate", "highway": null, "ref": null, "address": null, "is_in": null, "place": null, "man_made": null, "other_tags": null }, "geometry": { "type": "Point", "coordinates": [ 9.4252708, 45.7332452 ] } },
{ "type": "Feature", "properties": { "osm_id": "12844726013", "name": null, "barrier": "gate", "highway": null, "ref": null, "address": null, "is_in": null, "place": null, "man_made": null, "other_tags": null }, "geometry": { "type": "Point", "coordinates": [ 9.4334845, 45.7376387 ] } },
{ "type": "Feature", "properties": { "osm_id": "12844726015", "name": null, "barrier": "gate", "highway": null, "ref": null, "address": null, "is_in": null, "place": null, "man_made": null, "other_tags": null }, "geometry": { "type": "Point", "coordinates": [ 9.4335444, 45.7376387 ] } },
{ "type": "Feature", "properties": { "osm_id": "12857894068", "name": "Esselunga", "barrier": null, "highway": null, "ref": null, "address": null, "is_in": null, "place": null, "man_made": null, "other_tags": "\"addr:city\"=>\"Calco\",\"addr:housenumber\"=>\"3\",\"addr:street\"=>\"Via Nazionale\",\"branch\"=>\"CALCO\",\"brand\"=>\"Esselunga\",\"brand:wikidata\"=>\"Q1059636\",\"shop\"=>\"supermarket\"" }, "geometry": { "type": "Point", "coordinates": [ 9.407649, 45.7182049 ] } },
{ "type": "Feature", "properties": { "osm_id": "12864319647", "name": null, "barrier": null, "highway": null, "ref": null, "address": null, "is_in": null, "place": null, "man_made": null, "other_tags": "\"amenity\"=>\"drinking_water\"" }, "geometry": { "type": "Point", "coordinates": [ 9.3714565, 45.7221874 ] } },
{ "type": "Feature", "properties": { "osm_id": "12880420032", "name": null, "barrier": null, "highway": null, "ref": null, "address": null, "is_in": null, "place": null, "man_made": null, "other_tags": "\"entrance\"=>\"main\"" }, "geometry": { "type": "Point", "coordinates": [ 9.4127871, 45.7557992 ] } },
{ "type": "Feature", "properties": { "osm_id": "12880420038", "name": null, "barrier": null, "highway": null, "ref": null, "address": null, "is_in": null, "place": null, "man_made": null, "other_tags": "\"historic\"=>\"memorial\",\"material\"=>\"stone\",\"memorial\"=>\"war_memorial\",\"outdoor\"=>\"yes\",\"support\"=>\"wall_mounted\",\"wikidata\"=>\"Q134697817\",\"wikimedia_commons\"=>\"Category:Lapidi ai Caduti di Aizurro (Airuno)\"" }, "geometry": { "type": "Point", "coordinates": [ 9.412879, 45.7558414 ] } },
{ "type": "Feature", "properties": { "osm_id": "12880523798", "name": null, "barrier": null, "highway": null, "ref": null, "address": null, "is_in": null, "place": null, "man_made": null, "other_tags": "\"entrance\"=>\"main\"" }, "geometry": { "type": "Point", "coordinates": [ 9.4230389, 45.75483 ] } },
{ "type": "Feature", "properties": { "osm_id": "12881364007", "name": null, "barrier": null, "highway": null, "ref": null, "address": null, "is_in": null, "place": null, "man_made": null, "other_tags": "\"information\"=>\"guidepost\",\"support\"=>\"pole\",\"tourism\"=>\"information\"" }, "geometry": { "type": "Point", "coordinates": [ 9.4080481, 45.7559067 ] } },
{ "type": "Feature", "properties": { "osm_id": "12881364008", "name": null, "barrier": null, "highway": null, "ref": null, "address": null, "is_in": null, "place": null, "man_made": null, "other_tags": "\"information\"=>\"guidepost\",\"support\"=>\"pole\",\"tourism\"=>\"information\"" }, "geometry": { "type": "Point", "coordinates": [ 9.4121885, 45.7543818 ] } },
{ "type": "Feature", "properties": { "osm_id": "12881364009", "name": null, "barrier": null, "highway": null, "ref": null, "address": null, "is_in": null, "place": null, "man_made": "cross", "other_tags": null }, "geometry": { "type": "Point", "coordinates": [ 9.4124535, 45.7558022 ] } },
{ "type": "Feature", "properties": { "osm_id": "12881364013", "name": null, "barrier": null, "highway": null, "ref": null, "address": null, "is_in": null, "place": null, "man_made": null, "other_tags": "\"direction\"=>\"220\",\"information\"=>\"guidepost\",\"support\"=>\"pole\",\"tourism\"=>\"information\"" }, "geometry": { "type": "Point", "coordinates": [ 9.4125391, 45.7559365 ] } },
{ "type": "Feature", "properties": { "osm_id": "12881364019", "name": null, "barrier": null, "highway": null, "ref": null, "address": null, "is_in": null, "place": null, "man_made": null, "other_tags": "\"amenity\"=>\"waste_basket\",\"waste\"=>\"trash\"" }, "geometry": { "type": "Point", "coordinates": [ 9.4122016, 45.756951 ] } },
{ "type": "Feature", "properties": { "osm_id": "12881364020", "name": null, "barrier": null, "highway": null, "ref": null, "address": null, "is_in": null, "place": null, "man_made": null, "other_tags": "\"amenity\"=>\"bench\",\"backrest\"=>\"yes\"" }, "geometry": { "type": "Point", "coordinates": [ 9.4121814, 45.7569609 ] } },
{ "type": "Feature", "properties": { "osm_id": "12882861862", "name": null, "barrier": null, "highway": null, "ref": null, "address": null, "is_in": null, "place": null, "man_made": null, "other_tags": "\"direction\"=>\"0\",\"historic\"=>\"memorial\",\"inscription\"=>\"A DON ANGELO BERTOLAIO\",\"material\"=>\"stone\",\"memorial\"=>\"plaque\",\"start_date\"=>\"1975\",\"support\"=>\"wall_mounted\",\"wikimedia_commons\"=>\"File:San Macario (Airuno) - plaque to Don Angelo Bertolaia.jpg\"" }, "geometry": { "type": "Point", "coordinates": [ 9.4128509, 45.7558414 ] } },
{ "type": "Feature", "properties": { "osm_id": "12921371504", "name": null, "barrier": null, "highway": null, "ref": null, "address": null, "is_in": null, "place": null, "man_made": null, "other_tags": "\"entrance\"=>\"yes\"" }, "geometry": { "type": "Point", "coordinates": [ 9.4239375, 45.7576517 ] } },
{ "type": "Feature", "properties": { "osm_id": "12921371505", "name": null, "barrier": null, "highway": null, "ref": null, "address": null, "is_in": null, "place": null, "man_made": null, "other_tags": "\"entrance\"=>\"main\"" }, "geometry": { "type": "Point", "coordinates": [ 9.4236736, 45.7576845 ] } },
{ "type": "Feature", "properties": { "osm_id": "12921376678", "name": null, "barrier": null, "highway": "stop", "ref": null, "address": null, "is_in": null, "place": null, "man_made": null, "other_tags": "\"direction\"=>\"forward\",\"wikimedia_commons\"=>\"File:Crossing Via Santi Cosma e Damiano (Airuno) with Via San Francesco.jpg\"" }, "geometry": { "type": "Point", "coordinates": [ 9.4237029, 45.7578353 ] } },
{ "type": "Feature", "properties": { "osm_id": "12921480943", "name": null, "barrier": null, "highway": null, "ref": null, "address": null, "is_in": null, "place": null, "man_made": null, "other_tags": "\"direction\"=>\"260\",\"information\"=>\"name\",\"inscription\"=>\"via S.S. Cosma e Damiano\",\"material\"=>\"metal\",\"support\"=>\"pole\",\"tourism\"=>\"information\",\"wikimedia_commons\"=>\"File:Street sign Via Santi Cosma e Damiano (Airuno).jpg\"" }, "geometry": { "type": "Point", "coordinates": [ 9.4236732, 45.7578933 ] } },
{ "type": "Feature", "properties": { "osm_id": "12921480944", "name": null, "barrier": null, "highway": null, "ref": null, "address": null, "is_in": null, "place": null, "man_made": null, "other_tags": "\"direction\"=>\"170\",\"information\"=>\"name\",\"inscription\"=>\"VIA S. FRANCESCO\",\"material\"=>\"stone\",\"support\"=>\"pole\",\"tourism\"=>\"information\",\"wikimedia_commons\"=>\"File:Street sign Via San Francesco (Airuno).jpg\"" }, "geometry": { "type": "Point", "coordinates": [ 9.4237231, 45.7578568 ] } },
{ "type": "Feature", "properties": { "osm_id": "12924662667", "name": null, "barrier": null, "highway": null, "ref": null, "address": null, "is_in": null, "place": null, "man_made": null, "other_tags": "\"direction\"=>\"0\",\"support\"=>\"pole\",\"traffic_sign\"=>\"IT:II.26;II.65[2.15]\",\"wikimedia_commons\"=>\"File:Santi Cosma e Damiano (Airuno) - side east 02.jpg\"" }, "geometry": { "type": "Point", "coordinates": [ 9.4236114, 45.7577167 ] } },
{ "type": "Feature", "properties": { "osm_id": "12924662669", "name": null, "barrier": null, "highway": null, "ref": null, "address": null, "is_in": null, "place": null, "man_made": null, "other_tags": "\"denomination\"=>\"catholic\",\"historic\"=>\"wayside_cross\",\"religion\"=>\"christian\",\"wikimedia_commons\"=>\"File:Santi Cosma e Damiano (Airuno) - cross.jpg\"" }, "geometry": { "type": "Point", "coordinates": [ 9.4237374, 45.7575583 ] } },
{ "type": "Feature", "properties": { "osm_id": "12924781313", "name": null, "barrier": null, "highway": null, "ref": null, "address": null, "is_in": null, "place": null, "man_made": null, "other_tags": "\"direction\"=>\"260\",\"historic\"=>\"memorial\",\"material\"=>\"stone\",\"memorial\"=>\"plaque\",\"support\"=>\"wall_mounted\",\"wikimedia_commons\"=>\"File:Via San Francesco (Airuno), plaque by the Lourdes grotto.jpg\"" }, "geometry": { "type": "Point", "coordinates": [ 9.4239255, 45.7574294 ] } },
{ "type": "Feature", "properties": { "osm_id": "12924784590", "name": null, "barrier": null, "highway": null, "ref": null, "address": null, "is_in": null, "place": null, "man_made": null, "other_tags": "\"entrance\"=>\"main\"" }, "geometry": { "type": "Point", "coordinates": [ 9.4246267, 45.757819 ] } },
{ "type": "Feature", "properties": { "osm_id": "12993883857", "name": "Professionista SEO", "barrier": null, "highway": null, "ref": null, "address": null, "is_in": null, "place": null, "man_made": null, "other_tags": "\"addr:city\"=>\"Brivio\",\"addr:housenumber\"=>\"3\",\"addr:postcode\"=>\"23883\",\"addr:street\"=>\"Piazza del Lavoro\",\"alt_name\"=>\"Simona Magnani\",\"consulting\"=>\"crm;seo;sem;google_ads\",\"contact:linkedin\"=>\"https://www.linkedin.com/in/simona-magnani-79308851/\",\"description\"=>\"Simona Magnani is a freelance SEO consultant based in Brivio, Lombardy. Offering search engine optimization services for small and medium businesses. Office by appointment.\",\"email\"=>\"simona@professionista-seo.it\",\"image\"=>\"https://professionista-seo.it/wp-content/uploads/2025/06/SM-profile-Pic.webp\",\"image:license:wikidata\"=>\"https://www.wikidata.org/wiki/Q135273115\",\"internet_access\"=>\"wlan\",\"level\"=>\"0\",\"office\"=>\"consulting\",\"official_name\"=>\"Professionista SEO\",\"opening_hours\"=>\"Mo-Fr 09:00-18:00\",\"phone\"=>\"+39 377 385 4076\",\"ref:vatin\"=>\"04158440133\",\"smoking\"=>\"isolated\",\"website\"=>\"https://professionista-seo.it/\",\"wheelchair\"=>\"yes\"" }, "geometry": { "type": "Point", "coordinates": [ 9.4453604, 45.7415631 ] } },
{ "type": "Feature", "properties": { "osm_id": "13014936151", "name": null, "barrier": null, "highway": null, "ref": null, "address": null, "is_in": null, "place": null, "man_made": null, "other_tags": "\"entrance\"=>\"main\"" }, "geometry": { "type": "Point", "coordinates": [ 9.441949, 45.7115737 ] } },
{ "type": "Feature", "properties": { "osm_id": "13014955927", "name": null, "barrier": null, "highway": null, "ref": null, "address": null, "is_in": null, "place": null, "man_made": null, "other_tags": "\"entrance\"=>\"main\"" }, "geometry": { "type": "Point", "coordinates": [ 9.4427733, 45.7141267 ] } },
{ "type": "Feature", "properties": { "osm_id": "13015501995", "name": null, "barrier": null, "highway": null, "ref": null, "address": null, "is_in": null, "place": null, "man_made": null, "other_tags": "\"board_type\"=>\"wildlife\",\"description\"=>\"Il nido del picchio\",\"direction\"=>\"300\",\"information\"=>\"board\",\"tourism\"=>\"information\"" }, "geometry": { "type": "Point", "coordinates": [ 9.4245368, 45.7181929 ] } },
{ "type": "Feature", "properties": { "osm_id": "13015502101", "name": null, "barrier": null, "highway": null, "ref": null, "address": null, "is_in": null, "place": null, "man_made": null, "other_tags": "\"board_type\"=>\"plants\",\"description\"=>\"Canneto\",\"direction\"=>\"280\",\"information\"=>\"board\",\"tourism\"=>\"information\"" }, "geometry": { "type": "Point", "coordinates": [ 9.4222422, 45.7152059 ] } },
{ "type": "Feature", "properties": { "osm_id": "13015502105", "name": null, "barrier": null, "highway": null, "ref": null, "address": null, "is_in": null, "place": null, "man_made": null, "other_tags": "\"board_type\"=>\"wildlife\",\"description\"=>\"Ittiofauna\",\"direction\"=>\"270\",\"information\"=>\"board\",\"tourism\"=>\"information\"" }, "geometry": { "type": "Point", "coordinates": [ 9.4222308, 45.7148416 ] } },
{ "type": "Feature", "properties": { "osm_id": "13015502106", "name": null, "barrier": null, "highway": null, "ref": null, "address": null, "is_in": null, "place": null, "man_made": null, "other_tags": "\"board_type\"=>\"notice\",\"direction\"=>\"330\",\"information\"=>\"board\",\"tourism\"=>\"information\"" }, "geometry": { "type": "Point", "coordinates": [ 9.4215193, 45.7144512 ] } },
{ "type": "Feature", "properties": { "osm_id": "13015503963", "name": null, "barrier": null, "highway": "stop", "ref": null, "address": null, "is_in": null, "place": null, "man_made": null, "other_tags": "\"direction\"=>\"forward\"" }, "geometry": { "type": "Point", "coordinates": [ 9.4330583, 45.7183454 ] } },
{ "type": "Feature", "properties": { "osm_id": "13015503965", "name": null, "barrier": null, "highway": null, "ref": null, "address": null, "is_in": null, "place": null, "man_made": null, "other_tags": "\"direction\"=>\"190\",\"information\"=>\"name\",\"inscription\"=>\"PIAZZA SILVIO PELLICO 1785 - 1854\",\"material\"=>\"stone\",\"support\"=>\"wall_mounted\",\"tourism\"=>\"information\"" }, "geometry": { "type": "Point", "coordinates": [ 9.433053, 45.7183773 ] } },
{ "type": "Feature", "properties": { "osm_id": "13015503975", "name": null, "barrier": null, "highway": null, "ref": null, "address": null, "is_in": null, "place": null, "man_made": null, "other_tags": "\"historic\"=>\"memorial\",\"inscription\"=>\"AI GLORIOSI CADUTI DELLA GRANDE GUERRA 1915-1918 I CASSINESI RICONOSCENTI\",\"memorial\"=>\"war_memorial\"" }, "geometry": { "type": "Point", "coordinates": [ 9.433134, 45.718273 ] } },
{ "type": "Feature", "properties": { "osm_id": "13015503994", "name": null, "barrier": null, "highway": null, "ref": null, "address": null, "is_in": null, "place": null, "man_made": null, "other_tags": "\"direction\"=>\"270\",\"information\"=>\"name\",\"inscription\"=>\"VIA S. MARCELLINO\",\"material\"=>\"stone\",\"support\"=>\"wall_mounted\",\"tourism\"=>\"information\"" }, "geometry": { "type": "Point", "coordinates": [ 9.4326559, 45.7183114 ] } },
{ "type": "Feature", "properties": { "osm_id": "13015560855", "name": null, "barrier": null, "highway": null, "ref": null, "address": null, "is_in": null, "place": null, "man_made": null, "other_tags": "\"denomination\"=>\"catholic\",\"direction\"=>\"340\",\"historic\"=>\"wayside_shrine\",\"religion\"=>\"christian\",\"support\"=>\"wall_mounted\"" }, "geometry": { "type": "Point", "coordinates": [ 9.4331098, 45.7178067 ] } },
{ "type": "Feature", "properties": { "osm_id": "13015560856", "name": null, "barrier": null, "highway": null, "ref": null, "address": null, "is_in": null, "place": null, "man_made": null, "other_tags": "\"direction\"=>\"170\",\"information\"=>\"name\",\"inscription\"=>\"VIA MADONNA DEL BOSCO\",\"material\"=>\"stone\",\"support\"=>\"wall_mounted\",\"tourism\"=>\"information\"" }, "geometry": { "type": "Point", "coordinates": [ 9.4330935, 45.7178606 ] } },
{ "type": "Feature", "properties": { "osm_id": "13015674097", "name": null, "barrier": null, "highway": null, "ref": null, "address": null, "is_in": null, "place": null, "man_made": null, "other_tags": "\"board_type\"=>\"history\",\"description\"=>\"San Marcellino\",\"direction\"=>\"200\",\"information\"=>\"board\",\"tourism\"=>\"information\"" }, "geometry": { "type": "Point", "coordinates": [ 9.4407146, 45.7125793 ] } },
{ "type": "Feature", "properties": { "osm_id": "13015674098", "name": "Edicola di San Marcellino", "barrier": null, "highway": null, "ref": null, "address": null, "is_in": null, "place": null, "man_made": null, "other_tags": "\"denomination\"=>\"catholic\",\"direction\"=>\"150\",\"historic\"=>\"wayside_shrine\",\"religion\"=>\"christian\",\"wikidata\"=>\"Q112143169\",\"wikimedia_commons\"=>\"Category:Edicola di San Marcellino (Imbersago)\"" }, "geometry": { "type": "Point", "coordinates": [ 9.4406207, 45.712554 ] } },
{ "type": "Feature", "properties": { "osm_id": "13015687387", "name": null, "barrier": null, "highway": null, "ref": null, "address": null, "is_in": null, "place": null, "man_made": null, "other_tags": "\"artwork_subject\"=>\"Madonna di Fatima\",\"artwork_type\"=>\"sculpture\",\"tourism\"=>\"artwork\",\"wikimedia_commons\"=>\"Category:Madonna di Fatima (Imbersago)\"" }, "geometry": { "type": "Point", "coordinates": [ 9.4445153, 45.7131982 ] } },
{ "type": "Feature", "properties": { "osm_id": "13015687388", "name": null, "barrier": null, "highway": null, "ref": null, "address": null, "is_in": null, "place": null, "man_made": null, "other_tags": "\"description\"=>\"Monumenti e itinerari turistici\",\"direction\"=>\"270\",\"information\"=>\"map\",\"map_size\"=>\"city\",\"map_type\"=>\"scheme\",\"support\"=>\"pole\",\"tourism\"=>\"information\"" }, "geometry": { "type": "Point", "coordinates": [ 9.442059, 45.7118395 ] } },
{ "type": "Feature", "properties": { "osm_id": "13015687389", "name": null, "barrier": null, "highway": null, "ref": null, "address": null, "is_in": null, "place": null, "man_made": null, "other_tags": "\"direction\"=>\"200\",\"information\"=>\"name\",\"inscription\"=>\"via Parrocchiale\",\"material\"=>\"metal\",\"support\"=>\"pole\",\"tourism\"=>\"information\"" }, "geometry": { "type": "Point", "coordinates": [ 9.4412725, 45.7119453 ] } },
{ "type": "Feature", "properties": { "osm_id": "13015687390", "name": null, "barrier": null, "highway": null, "ref": null, "address": null, "is_in": null, "place": null, "man_made": null, "other_tags": "\"direction\"=>\"160\",\"information\"=>\"name\",\"inscription\"=>\"via Brianza;via S. Marcellino\",\"material\"=>\"metal\",\"support\"=>\"pole\",\"tourism\"=>\"information\"" }, "geometry": { "type": "Point", "coordinates": [ 9.4409399, 45.7120399 ] } },
{ "type": "Feature", "properties": { "osm_id": "13015830625", "name": null, "barrier": null, "highway": null, "ref": "XIV", "address": null, "is_in": null, "place": null, "man_made": null, "other_tags": "\"denomination\"=>\"catholic\",\"historic\"=>\"wayside_cross\",\"religion\"=>\"christian\"" }, "geometry": { "type": "Point", "coordinates": [ 9.4417016, 45.7135747 ] } },
{ "type": "Feature", "properties": { "osm_id": "13015830626", "name": null, "barrier": null, "highway": null, "ref": "XIII", "address": null, "is_in": null, "place": null, "man_made": null, "other_tags": "\"denomination\"=>\"catholic\",\"historic\"=>\"wayside_cross\",\"religion\"=>\"christian\"" }, "geometry": { "type": "Point", "coordinates": [ 9.4420584, 45.713511 ] } },
{ "type": "Feature", "properties": { "osm_id": "13015830627", "name": null, "barrier": null, "highway": null, "ref": "XII", "address": null, "is_in": null, "place": null, "man_made": null, "other_tags": "\"denomination\"=>\"catholic\",\"historic\"=>\"wayside_cross\",\"religion\"=>\"christian\"" }, "geometry": { "type": "Point", "coordinates": [ 9.4422434, 45.7134792 ] } },
{ "type": "Feature", "properties": { "osm_id": "13015830628", "name": null, "barrier": null, "highway": null, "ref": "XI", "address": null, "is_in": null, "place": null, "man_made": null, "other_tags": "\"denomination\"=>\"catholic\",\"historic\"=>\"wayside_cross\",\"religion\"=>\"christian\"" }, "geometry": { "type": "Point", "coordinates": [ 9.4421817, 45.7136037 ] } },
{ "type": "Feature", "properties": { "osm_id": "13015830629", "name": null, "barrier": null, "highway": null, "ref": "X", "address": null, "is_in": null, "place": null, "man_made": null, "other_tags": "\"denomination\"=>\"catholic\",\"historic\"=>\"wayside_cross\",\"religion\"=>\"christian\"" }, "geometry": { "type": "Point", "coordinates": [ 9.4421321, 45.7136664 ] } },
{ "type": "Feature", "properties": { "osm_id": "13015830630", "name": null, "barrier": null, "highway": null, "ref": "IX", "address": null, "is_in": null, "place": null, "man_made": null, "other_tags": "\"denomination\"=>\"catholic\",\"historic\"=>\"wayside_cross\",\"religion\"=>\"christian\"" }, "geometry": { "type": "Point", "coordinates": [ 9.4424553, 45.7135962 ] } },
{ "type": "Feature", "properties": { "osm_id": "13015830633", "name": null, "barrier": null, "highway": null, "ref": "VIII", "address": null, "is_in": null, "place": null, "man_made": null, "other_tags": "\"denomination\"=>\"catholic\",\"historic\"=>\"wayside_cross\",\"religion\"=>\"christian\"" }, "geometry": { "type": "Point", "coordinates": [ 9.44258, 45.7135597 ] } },
{ "type": "Feature", "properties": { "osm_id": "13015830634", "name": null, "barrier": null, "highway": null, "ref": "VII", "address": null, "is_in": null, "place": null, "man_made": null, "other_tags": "\"denomination\"=>\"catholic\",\"historic\"=>\"wayside_cross\",\"religion\"=>\"christian\"" }, "geometry": { "type": "Point", "coordinates": [ 9.4426753, 45.713541 ] } },
{ "type": "Feature", "properties": { "osm_id": "13015830635", "name": null, "barrier": null, "highway": null, "ref": "VI", "address": null, "is_in": null, "place": null, "man_made": null, "other_tags": "\"denomination\"=>\"catholic\",\"historic\"=>\"wayside_cross\",\"religion\"=>\"christian\"" }, "geometry": { "type": "Point", "coordinates": [ 9.4429529, 45.7135007 ] } },
{ "type": "Feature", "properties": { "osm_id": "13015830636", "name": null, "barrier": null, "highway": null, "ref": "V", "address": null, "is_in": null, "place": null, "man_made": null, "other_tags": "\"denomination\"=>\"catholic\",\"historic\"=>\"wayside_cross\",\"religion\"=>\"christian\"" }, "geometry": { "type": "Point", "coordinates": [ 9.4428214, 45.7136075 ] } },
{ "type": "Feature", "properties": { "osm_id": "13015830637", "name": null, "barrier": null, "highway": null, "ref": "IV", "address": null, "is_in": null, "place": null, "man_made": null, "other_tags": "\"denomination\"=>\"catholic\",\"historic\"=>\"wayside_cross\",\"religion\"=>\"christian\"" }, "geometry": { "type": "Point", "coordinates": [ 9.4427571, 45.7137105 ] } },
{ "type": "Feature", "properties": { "osm_id": "13015830638", "name": null, "barrier": null, "highway": null, "ref": "III", "address": null, "is_in": null, "place": null, "man_made": null, "other_tags": "\"denomination\"=>\"catholic\",\"historic\"=>\"wayside_cross\",\"religion\"=>\"christian\"" }, "geometry": { "type": "Point", "coordinates": [ 9.4429314, 45.7136599 ] } },
{ "type": "Feature", "properties": { "osm_id": "13015830639", "name": null, "barrier": null, "highway": null, "ref": "II", "address": null, "is_in": null, "place": null, "man_made": null, "other_tags": "\"denomination\"=>\"catholic\",\"historic\"=>\"wayside_cross\",\"religion\"=>\"christian\"" }, "geometry": { "type": "Point", "coordinates": [ 9.4431245, 45.7136065 ] } },
{ "type": "Feature", "properties": { "osm_id": "13015830640", "name": null, "barrier": null, "highway": null, "ref": "I", "address": null, "is_in": null, "place": null, "man_made": null, "other_tags": "\"denomination\"=>\"catholic\",\"historic\"=>\"wayside_cross\",\"religion\"=>\"christian\"" }, "geometry": { "type": "Point", "coordinates": [ 9.4433244, 45.7135363 ] } },
{ "type": "Feature", "properties": { "osm_id": "13015830641", "name": null, "barrier": null, "highway": null, "ref": null, "address": null, "is_in": null, "place": null, "man_made": null, "other_tags": "\"denomination\"=>\"catholic\",\"direction\"=>\"310\",\"historic\"=>\"wayside_shrine\",\"religion\"=>\"christian\"" }, "geometry": { "type": "Point", "coordinates": [ 9.4433954, 45.7135363 ] } },
{ "type": "Feature", "properties": { "osm_id": "13015830642", "name": null, "barrier": null, "highway": null, "ref": null, "address": null, "is_in": null, "place": null, "man_made": null, "other_tags": "\"denomination\"=>\"catholic\",\"direction\"=>\"30\",\"historic\"=>\"wayside_shrine\",\"religion\"=>\"christian\",\"wikimedia_commons\"=>\"File:Madonna del Bosco - Cappella votiva.jpg\"" }, "geometry": { "type": "Point", "coordinates": [ 9.4429515, 45.7137957 ] } },
{ "type": "Feature", "properties": { "osm_id": "13015830645", "name": null, "barrier": null, "highway": null, "ref": null, "address": null, "is_in": null, "place": null, "man_made": null, "other_tags": "\"board_type\"=>\"history\",\"description\"=>\"Il Santuario della Madonna del Bosco\",\"direction\"=>\"140\",\"information\"=>\"board\",\"support\"=>\"pole\",\"tourism\"=>\"information\"" }, "geometry": { "type": "Point", "coordinates": [ 9.4427926, 45.7140237 ] } },
{ "type": "Feature", "properties": { "osm_id": "13015830646", "name": null, "barrier": null, "highway": null, "ref": null, "address": null, "is_in": null, "place": null, "man_made": null, "other_tags": "\"amenity\"=>\"fountain\",\"direction\"=>\"50\"" }, "geometry": { "type": "Point", "coordinates": [ 9.4440056, 45.7147527 ] } },
{ "type": "Feature", "properties": { "osm_id": "13015830647", "name": null, "barrier": null, "highway": null, "ref": null, "address": null, "is_in": null, "place": null, "man_made": null, "other_tags": "\"artwork_subject\"=>\"San Giovanni XXIII\",\"artwork_type\"=>\"statue\",\"direction\"=>\"60\",\"material\"=>\"metal\",\"tourism\"=>\"artwork\"" }, "geometry": { "type": "Point", "coordinates": [ 9.4429529, 45.7142245 ] } },
{ "type": "Feature", "properties": { "osm_id": "13015830648", "name": "Cappella del Miracolo", "barrier": null, "highway": null, "ref": null, "address": null, "is_in": null, "place": null, "man_made": null, "other_tags": "\"building\"=>\"chapel\",\"layer\"=>\"-1\"" }, "geometry": { "type": "Point", "coordinates": [ 9.4427939, 45.7141435 ] } },
{ "type": "Feature", "properties": { "osm_id": "13015830661", "name": null, "barrier": null, "highway": null, "ref": null, "address": null, "is_in": null, "place": null, "man_made": null, "other_tags": "\"access\"=>\"yes\",\"amenity\"=>\"toilets\",\"fee\"=>\"no\"" }, "geometry": { "type": "Point", "coordinates": [ 9.4425304, 45.7146216 ] } },
{ "type": "Feature", "properties": { "osm_id": "13015830662", "name": null, "barrier": null, "highway": null, "ref": null, "address": null, "is_in": null, "place": null, "man_made": null, "other_tags": "\"denomination\"=>\"catholic\",\"historic\"=>\"wayside_shrine\",\"religion\"=>\"christian\"" }, "geometry": { "type": "Point", "coordinates": [ 9.4421777, 45.7144277 ] } },
{ "type": "Feature", "properties": { "osm_id": "13015830663", "name": null, "barrier": null, "highway": null, "ref": null, "address": null, "is_in": null, "place": null, "man_made": null, "other_tags": "\"artwork_subject\"=>\"San Giovanni XXIII\",\"denomination\"=>\"catholic\",\"direction\"=>\"140\",\"historic\"=>\"memorial\",\"memorial\"=>\"bust\",\"religion\"=>\"christian\"" }, "geometry": { "type": "Point", "coordinates": [ 9.4421636, 45.7144799 ] } },
{ "type": "Feature", "properties": { "osm_id": "13038981957", "name": null, "barrier": null, "highway": null, "ref": null, "address": null, "is_in": null, "place": null, "man_made": null, "other_tags": "\"amenity\"=>\"bench\",\"armrest\"=>\"no\",\"backrest\"=>\"no\",\"material\"=>\"concrete\",\"seats\"=>\"4\"" }, "geometry": { "type": "Point", "coordinates": [ 9.4506761, 45.7430959 ] } },
{ "type": "Feature", "properties": { "osm_id": "13038981958", "name": null, "barrier": null, "highway": null, "ref": null, "address": null, "is_in": null, "place": null, "man_made": null, "other_tags": "\"amenity\"=>\"waste_basket\",\"material\"=>\"metal\",\"waste\"=>\"trash\"" }, "geometry": { "type": "Point", "coordinates": [ 9.4506566, 45.7430857 ] } },
{ "type": "Feature", "properties": { "osm_id": "13054687589", "name": "Il Giuggiolo", "barrier": null, "highway": null, "ref": null, "address": null, "is_in": null, "place": null, "man_made": null, "other_tags": "\"addr:housenumber\"=>\"18\",\"addr:street\"=>\"Via Panoramica\",\"tourism\"=>\"guest_house\",\"website\"=>\"http://www.giuggiolo.it\"" }, "geometry": { "type": "Point", "coordinates": [ 9.3977845, 45.7270341 ] } },
{ "type": "Feature", "properties": { "osm_id": "13090481496", "name": null, "barrier": "bollard", "highway": null, "ref": null, "address": null, "is_in": null, "place": null, "man_made": null, "other_tags": "\"bollard\"=>\"removable\"" }, "geometry": { "type": "Point", "coordinates": [ 9.4490927, 45.7412846 ] } },
{ "type": "Feature", "properties": { "osm_id": "13090481497", "name": null, "barrier": "bollard", "highway": null, "ref": null, "address": null, "is_in": null, "place": null, "man_made": null, "other_tags": "\"bollard\"=>\"removable\"" }, "geometry": { "type": "Point", "coordinates": [ 9.4493001, 45.7418738 ] } },
{ "type": "Feature", "properties": { "osm_id": "13090481498", "name": null, "barrier": "bollard", "highway": null, "ref": null, "address": null, "is_in": null, "place": null, "man_made": null, "other_tags": "\"bollard\"=>\"removable\"" }, "geometry": { "type": "Point", "coordinates": [ 9.4497623, 45.74246 ] } },
{ "type": "Feature", "properties": { "osm_id": "13090481499", "name": null, "barrier": "bollard", "highway": null, "ref": null, "address": null, "is_in": null, "place": null, "man_made": null, "other_tags": "\"bollard\"=>\"removable\"" }, "geometry": { "type": "Point", "coordinates": [ 9.4494687, 45.7420589 ] } },
{ "type": "Feature", "properties": { "osm_id": "13090483005", "name": null, "barrier": null, "highway": null, "ref": null, "address": null, "is_in": null, "place": null, "man_made": null, "other_tags": "\"amenity\"=>\"bench\",\"armrest\"=>\"no\",\"backrest\"=>\"no\",\"material\"=>\"concrete\",\"seats\"=>\"4\"" }, "geometry": { "type": "Point", "coordinates": [ 9.4505659, 45.7430125 ] } },
{ "type": "Feature", "properties": { "osm_id": "13090483006", "name": null, "barrier": null, "highway": null, "ref": null, "address": null, "is_in": null, "place": null, "man_made": null, "other_tags": "\"amenity\"=>\"bench\",\"armrest\"=>\"no\",\"backrest\"=>\"no\",\"material\"=>\"concrete\",\"seats\"=>\"4\"" }, "geometry": { "type": "Point", "coordinates": [ 9.4507832, 45.7431871 ] } },
{ "type": "Feature", "properties": { "osm_id": "13090483007", "name": null, "barrier": null, "highway": null, "ref": null, "address": null, "is_in": null, "place": null, "man_made": null, "other_tags": "\"amenity\"=>\"bench\",\"armrest\"=>\"no\",\"backrest\"=>\"no\",\"material\"=>\"concrete\",\"seats\"=>\"4\"" }, "geometry": { "type": "Point", "coordinates": [ 9.4502487, 45.7427252 ] } },
{ "type": "Feature", "properties": { "osm_id": "13090483008", "name": null, "barrier": null, "highway": null, "ref": null, "address": null, "is_in": null, "place": null, "man_made": null, "other_tags": "\"amenity\"=>\"bench\",\"armrest\"=>\"no\",\"backrest\"=>\"no\",\"material\"=>\"concrete\",\"seats\"=>\"4\"" }, "geometry": { "type": "Point", "coordinates": [ 9.450228, 45.7427037 ] } },
{ "type": "Feature", "properties": { "osm_id": "13090483009", "name": null, "barrier": null, "highway": null, "ref": null, "address": null, "is_in": null, "place": null, "man_made": null, "other_tags": "\"amenity\"=>\"bench\",\"armrest\"=>\"no\",\"backrest\"=>\"no\",\"material\"=>\"concrete\",\"seats\"=>\"4\"" }, "geometry": { "type": "Point", "coordinates": [ 9.4501046, 45.7425857 ] } },
{ "type": "Feature", "properties": { "osm_id": "13090483010", "name": null, "barrier": null, "highway": null, "ref": null, "address": null, "is_in": null, "place": null, "man_made": null, "other_tags": "\"amenity\"=>\"bench\",\"armrest\"=>\"no\",\"backrest\"=>\"no\",\"material\"=>\"concrete\",\"seats\"=>\"4\"" }, "geometry": { "type": "Point", "coordinates": [ 9.449766, 45.7422642 ] } },
{ "type": "Feature", "properties": { "osm_id": "13090483011", "name": null, "barrier": null, "highway": null, "ref": null, "address": null, "is_in": null, "place": null, "man_made": null, "other_tags": "\"amenity\"=>\"bench\",\"armrest\"=>\"no\",\"backrest\"=>\"no\",\"material\"=>\"concrete\",\"seats\"=>\"4\"" }, "geometry": { "type": "Point", "coordinates": [ 9.4496406, 45.7421393 ] } },
{ "type": "Feature", "properties": { "osm_id": "13090483012", "name": null, "barrier": null, "highway": null, "ref": null, "address": null, "is_in": null, "place": null, "man_made": null, "other_tags": "\"amenity\"=>\"bench\",\"armrest\"=>\"no\",\"backrest\"=>\"no\",\"material\"=>\"concrete\",\"seats\"=>\"4\"" }, "geometry": { "type": "Point", "coordinates": [ 9.4491256, 45.7413639 ] } },
{ "type": "Feature", "properties": { "osm_id": "13090483013", "name": null, "barrier": null, "highway": null, "ref": null, "address": null, "is_in": null, "place": null, "man_made": null, "other_tags": "\"amenity\"=>\"bench\",\"armrest\"=>\"no\",\"backrest\"=>\"no\",\"material\"=>\"concrete\",\"seats\"=>\"4\"" }, "geometry": { "type": "Point", "coordinates": [ 9.4491443, 45.7414125 ] } },
{ "type": "Feature", "properties": { "osm_id": "13090483014", "name": null, "barrier": null, "highway": null, "ref": null, "address": null, "is_in": null, "place": null, "man_made": null, "other_tags": "\"amenity\"=>\"bench\",\"armrest\"=>\"no\",\"backrest\"=>\"no\",\"material\"=>\"concrete\",\"seats\"=>\"4\"" }, "geometry": { "type": "Point", "coordinates": [ 9.4491611, 45.7414537 ] } },
{ "type": "Feature", "properties": { "osm_id": "13090483015", "name": null, "barrier": null, "highway": null, "ref": null, "address": null, "is_in": null, "place": null, "man_made": null, "other_tags": "\"amenity\"=>\"bench\",\"armrest\"=>\"no\",\"backrest\"=>\"no\",\"material\"=>\"concrete\",\"seats\"=>\"4\"" }, "geometry": { "type": "Point", "coordinates": [ 9.4491839, 45.7415029 ] } },
{ "type": "Feature", "properties": { "osm_id": "13090483016", "name": null, "barrier": null, "highway": null, "ref": null, "address": null, "is_in": null, "place": null, "man_made": null, "other_tags": "\"amenity\"=>\"bench\",\"armrest\"=>\"no\",\"backrest\"=>\"no\",\"material\"=>\"concrete\",\"seats\"=>\"4\"" }, "geometry": { "type": "Point", "coordinates": [ 9.449204, 45.7415454 ] } },
{ "type": "Feature", "properties": { "osm_id": "13090483017", "name": null, "barrier": null, "highway": null, "ref": null, "address": null, "is_in": null, "place": null, "man_made": null, "other_tags": "\"amenity\"=>\"bench\",\"armrest\"=>\"no\",\"backrest\"=>\"no\",\"material\"=>\"concrete\",\"seats\"=>\"4\"" }, "geometry": { "type": "Point", "coordinates": [ 9.4492255, 45.7415969 ] } },
{ "type": "Feature", "properties": { "osm_id": "13090483018", "name": null, "barrier": null, "highway": null, "ref": null, "address": null, "is_in": null, "place": null, "man_made": null, "other_tags": "\"amenity\"=>\"bench\",\"armrest\"=>\"no\",\"backrest\"=>\"no\",\"material\"=>\"concrete\",\"seats\"=>\"4\"" }, "geometry": { "type": "Point", "coordinates": [ 9.4492456, 45.7416437 ] } },
{ "type": "Feature", "properties": { "osm_id": "13090483019", "name": null, "barrier": null, "highway": null, "ref": null, "address": null, "is_in": null, "place": null, "man_made": null, "other_tags": "\"amenity\"=>\"bench\",\"armrest\"=>\"no\",\"backrest\"=>\"no\",\"material\"=>\"concrete\",\"seats\"=>\"4\"" }, "geometry": { "type": "Point", "coordinates": [ 9.449263, 45.7416882 ] } },
{ "type": "Feature", "properties": { "osm_id": "13090483020", "name": null, "barrier": null, "highway": null, "ref": null, "address": null, "is_in": null, "place": null, "man_made": null, "other_tags": "\"amenity\"=>\"bench\",\"armrest\"=>\"no\",\"backrest\"=>\"no\",\"material\"=>\"concrete\",\"seats\"=>\"4\"" }, "geometry": { "type": "Point", "coordinates": [ 9.4492825, 45.7417289 ] } },
{ "type": "Feature", "properties": { "osm_id": "13090483021", "name": null, "barrier": null, "highway": null, "ref": null, "address": null, "is_in": null, "place": null, "man_made": null, "other_tags": "\"amenity\"=>\"waste_basket\",\"material\"=>\"metal\",\"waste\"=>\"trash\"" }, "geometry": { "type": "Point", "coordinates": [ 9.4492805, 45.7418206 ] } },
{ "type": "Feature", "properties": { "osm_id": "13090483022", "name": null, "barrier": null, "highway": null, "ref": null, "address": null, "is_in": null, "place": null, "man_made": null, "other_tags": "\"amenity\"=>\"waste_basket\",\"material\"=>\"metal\",\"waste\"=>\"trash\"" }, "geometry": { "type": "Point", "coordinates": [ 9.4493576, 45.7419002 ] } },
{ "type": "Feature", "properties": { "osm_id": "13090483023", "name": null, "barrier": null, "highway": null, "ref": null, "address": null, "is_in": null, "place": null, "man_made": null, "other_tags": "\"amenity\"=>\"waste_basket\",\"material\"=>\"metal\",\"waste\"=>\"trash\"" }, "geometry": { "type": "Point", "coordinates": [ 9.4491209, 45.7413526 ] } },
{ "type": "Feature", "properties": { "osm_id": "13090483024", "name": null, "barrier": null, "highway": null, "ref": null, "address": null, "is_in": null, "place": null, "man_made": null, "other_tags": "\"amenity\"=>\"waste_basket\",\"material\"=>\"metal\",\"waste\"=>\"trash\"" }, "geometry": { "type": "Point", "coordinates": [ 9.4491933, 45.7415281 ] } },
{ "type": "Feature", "properties": { "osm_id": "13090483033", "name": null, "barrier": null, "highway": null, "ref": null, "address": null, "is_in": null, "place": null, "man_made": null, "other_tags": "\"natural\"=>\"tree\"" }, "geometry": { "type": "Point", "coordinates": [ 9.4509973, 45.743302 ] } },
{ "type": "Feature", "properties": { "osm_id": "13090498306", "name": null, "barrier": "bollard", "highway": null, "ref": null, "address": null, "is_in": null, "place": null, "man_made": null, "other_tags": null }, "geometry": { "type": "Point", "coordinates": [ 9.4505602, 45.7434202 ] } },
{ "type": "Feature", "properties": { "osm_id": "13090498307", "name": null, "barrier": "bollard", "highway": null, "ref": null, "address": null, "is_in": null, "place": null, "man_made": null, "other_tags": null }, "geometry": { "type": "Point", "coordinates": [ 9.4506848, 45.7435379 ] } },
{ "type": "Feature", "properties": { "osm_id": "13092306901", "name": null, "barrier": null, "highway": null, "ref": null, "address": null, "is_in": null, "place": null, "man_made": null, "other_tags": "\"emergency\"=>\"defibrillator\"" }, "geometry": { "type": "Point", "coordinates": [ 9.4471467, 45.7421761 ] } },
{ "type": "Feature", "properties": { "osm_id": "13142808631", "name": null, "barrier": null, "highway": null, "ref": null, "address": null, "is_in": null, "place": null, "man_made": null, "other_tags": "\"amenity\"=>\"drinking_water\"" }, "geometry": { "type": "Point", "coordinates": [ 9.3913458, 45.755082 ] } },
{ "type": "Feature", "properties": { "osm_id": "13142808638", "name": null, "barrier": null, "highway": null, "ref": null, "address": null, "is_in": null, "place": null, "man_made": null, "other_tags": "\"amenity\"=>\"drinking_water\"" }, "geometry": { "type": "Point", "coordinates": [ 9.3914293, 45.7547895 ] } },
{ "type": "Feature", "properties": { "osm_id": "13158565314", "name": null, "barrier": null, "highway": null, "ref": null, "address": null, "is_in": null, "place": null, "man_made": null, "other_tags": "\"ford\"=>\"yes\"" }, "geometry": { "type": "Point", "coordinates": [ 9.3581184, 45.715039 ] } },
{ "type": "Feature", "properties": { "osm_id": "13230561973", "name": null, "barrier": null, "highway": null, "ref": null, "address": null, "is_in": null, "place": null, "man_made": null, "other_tags": "\"information\"=>\"guidepost\",\"tourism\"=>\"information\"" }, "geometry": { "type": "Point", "coordinates": [ 9.3763257, 45.7467476 ] } },
{ "type": "Feature", "properties": { "osm_id": "13235151977", "name": null, "barrier": null, "highway": null, "ref": null, "address": null, "is_in": null, "place": null, "man_made": null, "other_tags": "\"amenity\"=>\"sanitary_dump_station\"" }, "geometry": { "type": "Point", "coordinates": [ 9.4184911, 45.7128527 ] } },
{ "type": "Feature", "properties": { "osm_id": "13236956843", "name": "Crosaccia", "barrier": null, "highway": null, "ref": null, "address": null, "is_in": null, "place": "locality", "man_made": null, "other_tags": null }, "geometry": { "type": "Point", "coordinates": [ 9.4161375, 45.7470716 ] } },
{ "type": "Feature", "properties": { "osm_id": "13355964217", "name": null, "barrier": null, "highway": null, "ref": null, "address": null, "is_in": null, "place": null, "man_made": null, "other_tags": "\"hiking\"=>\"yes\",\"information\"=>\"guidepost\",\"mapillary\"=>\"1199227421640371\",\"tourism\"=>\"information\"" }, "geometry": { "type": "Point", "coordinates": [ 9.3601511, 45.7509347 ] } },
{ "type": "Feature", "properties": { "osm_id": "13356060240", "name": "Tremonte", "barrier": null, "highway": null, "ref": null, "address": null, "is_in": null, "place": "hamlet", "man_made": null, "other_tags": null }, "geometry": { "type": "Point", "coordinates": [ 9.3801463, 45.7430894 ] } },
{ "type": "Feature", "properties": { "osm_id": "13356060867", "name": null, "barrier": null, "highway": null, "ref": null, "address": null, "is_in": null, "place": null, "man_made": null, "other_tags": "\"hiking\"=>\"yes\",\"information\"=>\"guidepost\",\"tourism\"=>\"information\"" }, "geometry": { "type": "Point", "coordinates": [ 9.3704551, 45.7487243 ] } },
{ "type": "Feature", "properties": { "osm_id": "13359155694", "name": null, "barrier": null, "highway": null, "ref": null, "address": null, "is_in": null, "place": null, "man_made": null, "other_tags": "\"hiking\"=>\"yes\",\"information\"=>\"guidepost\",\"tourism\"=>\"information\"" }, "geometry": { "type": "Point", "coordinates": [ 9.3955147, 45.7426397 ] } },
{ "type": "Feature", "properties": { "osm_id": "13362368451", "name": null, "barrier": null, "highway": null, "ref": null, "address": null, "is_in": null, "place": null, "man_made": null, "other_tags": "\"addr:housenumber\"=>\"4\",\"addr:street\"=>\"Via Trieste\",\"entrance\"=>\"yes\"" }, "geometry": { "type": "Point", "coordinates": [ 9.4482268, 45.7404783 ] } },
{ "type": "Feature", "properties": { "osm_id": "13362368478", "name": null, "barrier": null, "highway": null, "ref": null, "address": null, "is_in": null, "place": null, "man_made": null, "other_tags": "\"addr:housenumber\"=>\"6\",\"addr:street\"=>\"Via Leonardo da Vinci\",\"entrance\"=>\"yes\"" }, "geometry": { "type": "Point", "coordinates": [ 9.4482294, 45.7401477 ] } },
{ "type": "Feature", "properties": { "osm_id": "13362368558", "name": null, "barrier": null, "highway": null, "ref": null, "address": null, "is_in": null, "place": null, "man_made": null, "other_tags": "\"addr:housenumber\"=>\"13\",\"addr:street\"=>\"Via Leonardo da Vinci\",\"entrance\"=>\"yes\"" }, "geometry": { "type": "Point", "coordinates": [ 9.4479381, 45.7369157 ] } },
{ "type": "Feature", "properties": { "osm_id": "13375529285", "name": "La 'Buca' di Cester", "barrier": null, "highway": null, "ref": null, "address": null, "is_in": null, "place": null, "man_made": null, "other_tags": null }, "geometry": { "type": "Point", "coordinates": [ 9.3670381, 45.7275525 ] } },
{ "type": "Feature", "properties": { "osm_id": "13375536498", "name": null, "barrier": null, "highway": null, "ref": null, "address": null, "is_in": null, "place": null, "man_made": null, "other_tags": "\"ford\"=>\"yes\"" }, "geometry": { "type": "Point", "coordinates": [ 9.3560159, 45.7251368 ] } },
{ "type": "Feature", "properties": { "osm_id": "13375537650", "name": null, "barrier": null, "highway": null, "ref": null, "address": null, "is_in": null, "place": null, "man_made": null, "other_tags": "\"ford\"=>\"yes\"" }, "geometry": { "type": "Point", "coordinates": [ 9.3700607, 45.7196596 ] } },
{ "type": "Feature", "properties": { "osm_id": "13375569844", "name": null, "barrier": null, "highway": null, "ref": null, "address": null, "is_in": null, "place": null, "man_made": null, "other_tags": "\"ford\"=>\"yes\"" }, "geometry": { "type": "Point", "coordinates": [ 9.3812868, 45.7167118 ] } },
{ "type": "Feature", "properties": { "osm_id": "13389359724", "name": null, "barrier": null, "highway": null, "ref": null, "address": null, "is_in": null, "place": null, "man_made": null, "other_tags": "\"amenity\"=>\"parking_entrance\",\"parking\"=>\"underground\"" }, "geometry": { "type": "Point", "coordinates": [ 9.4341069, 45.7157968 ] } },
{ "type": "Feature", "properties": { "osm_id": "13410554583", "name": null, "barrier": null, "highway": "stop", "ref": null, "address": null, "is_in": null, "place": null, "man_made": null, "other_tags": "\"direction\"=>\"forward\"" }, "geometry": { "type": "Point", "coordinates": [ 9.4531094, 45.7585999 ] } },
{ "type": "Feature", "properties": { "osm_id": "13410555621", "name": null, "barrier": null, "highway": "give_way", "ref": null, "address": null, "is_in": null, "place": null, "man_made": null, "other_tags": "\"direction\"=>\"forward\"" }, "geometry": { "type": "Point", "coordinates": [ 9.4566557, 45.7552608 ] } },
{ "type": "Feature", "properties": { "osm_id": "13423599652", "name": "Ristorante Bar Formenti", "barrier": null, "highway": null, "ref": null, "address": null, "is_in": null, "place": null, "man_made": null, "other_tags": "\"amenity\"=>\"restaurant\"" }, "geometry": { "type": "Point", "coordinates": [ 9.4117045, 45.7575696 ] } },
{ "type": "Feature", "properties": { "osm_id": "13424154658", "name": null, "barrier": null, "highway": null, "ref": null, "address": null, "is_in": null, "place": null, "man_made": "surveillance", "other_tags": "\"surveillance:type\"=>\"camera\"" }, "geometry": { "type": "Point", "coordinates": [ 9.3740624, 45.7407512 ] } },
{ "type": "Feature", "properties": { "osm_id": "13424160364", "name": null, "barrier": null, "highway": null, "ref": null, "address": null, "is_in": null, "place": null, "man_made": "surveillance", "other_tags": "\"surveillance:type\"=>\"camera\"" }, "geometry": { "type": "Point", "coordinates": [ 9.3714806, 45.7399774 ] } },
{ "type": "Feature", "properties": { "osm_id": "13424170643", "name": null, "barrier": null, "highway": null, "ref": null, "address": null, "is_in": null, "place": null, "man_made": "surveillance", "other_tags": "\"surveillance:type\"=>\"camera\"" }, "geometry": { "type": "Point", "coordinates": [ 9.3720869, 45.7393741 ] } },
{ "type": "Feature", "properties": { "osm_id": "13430461486", "name": null, "barrier": null, "highway": null, "ref": null, "address": null, "is_in": null, "place": null, "man_made": null, "other_tags": "\"operator\"=>\"SNAM\",\"pipeline\"=>\"valve\"" }, "geometry": { "type": "Point", "coordinates": [ 9.3814761, 45.712116 ] } },
{ "type": "Feature", "properties": { "osm_id": "13448239963", "name": "Villa Maria", "barrier": null, "highway": null, "ref": null, "address": null, "is_in": null, "place": null, "man_made": null, "other_tags": "\"historic\"=>\"manor\"" }, "geometry": { "type": "Point", "coordinates": [ 9.4005042, 45.7406541 ] } },
{ "type": "Feature", "properties": { "osm_id": "13449587175", "name": null, "barrier": "gate", "highway": null, "ref": null, "address": null, "is_in": null, "place": null, "man_made": null, "other_tags": null }, "geometry": { "type": "Point", "coordinates": [ 9.4152203, 45.7363653 ] } },
{ "type": "Feature", "properties": { "osm_id": "13468546607", "name": "Spartiacque tra il Torrente Bevera e il Torrente Calendone", "barrier": null, "highway": null, "ref": null, "address": null, "is_in": null, "place": null, "man_made": null, "other_tags": "\"natural\"=>\"spring\"" }, "geometry": { "type": "Point", "coordinates": [ 9.4126694, 45.7233672 ] } },
{ "type": "Feature", "properties": { "osm_id": "13516285450", "name": null, "barrier": null, "highway": null, "ref": null, "address": null, "is_in": null, "place": null, "man_made": null, "other_tags": "\"amenity\"=>\"public_bookcase\"" }, "geometry": { "type": "Point", "coordinates": [ 9.4213354, 45.7144269 ] } },
{ "type": "Feature", "properties": { "osm_id": "13519338288", "name": "Bar Sartirana", "barrier": null, "highway": null, "ref": null, "address": null, "is_in": null, "place": null, "man_made": null, "other_tags": "\"amenity\"=>\"cafe\"" }, "geometry": { "type": "Point", "coordinates": [ 9.418696, 45.7149831 ] } },
{ "type": "Feature", "properties": { "osm_id": "13519364380", "name": "Fontana", "barrier": null, "highway": null, "ref": null, "address": null, "is_in": null, "place": null, "man_made": null, "other_tags": "\"amenity\"=>\"fountain\"" }, "geometry": { "type": "Point", "coordinates": [ 9.4185953, 45.7148725 ] } },
{ "type": "Feature", "properties": { "osm_id": "13588447658", "name": null, "barrier": null, "highway": null, "ref": null, "address": null, "is_in": null, "place": null, "man_made": null, "other_tags": "\"design\"=>\"delta\",\"line_attachment\"=>\"anchor\",\"material\"=>\"concrete\",\"power\"=>\"pole\"" }, "geometry": { "type": "Point", "coordinates": [ 9.3660795, 45.7428509 ] } },
{ "type": "Feature", "properties": { "osm_id": "13588447659", "name": null, "barrier": null, "highway": null, "ref": null, "address": null, "is_in": null, "place": null, "man_made": null, "other_tags": "\"power\"=>\"pole\"" }, "geometry": { "type": "Point", "coordinates": [ 9.3551257, 45.7425714 ] } },
{ "type": "Feature", "properties": { "osm_id": "13588447660", "name": null, "barrier": null, "highway": null, "ref": null, "address": null, "is_in": null, "place": null, "man_made": null, "other_tags": "\"line_management\"=>\"branch\",\"power\"=>\"pole\"" }, "geometry": { "type": "Point", "coordinates": [ 9.3592338, 45.7426762 ] } },
{ "type": "Feature", "properties": { "osm_id": "13588447661", "name": null, "barrier": null, "highway": null, "ref": null, "address": null, "is_in": null, "place": null, "man_made": null, "other_tags": "\"power\"=>\"pole\"" }, "geometry": { "type": "Point", "coordinates": [ 9.3596876, 45.7441284 ] } },
{ "type": "Feature", "properties": { "osm_id": "13588447662", "name": null, "barrier": null, "highway": null, "ref": null, "address": null, "is_in": null, "place": null, "man_made": null, "other_tags": "\"power\"=>\"pole\"" }, "geometry": { "type": "Point", "coordinates": [ 9.3593495, 45.7458825 ] } },
{ "type": "Feature", "properties": { "osm_id": "13588447663", "name": null, "barrier": null, "highway": null, "ref": null, "address": null, "is_in": null, "place": null, "man_made": null, "other_tags": "\"power\"=>\"pole\"" }, "geometry": { "type": "Point", "coordinates": [ 9.3591832, 45.7464106 ] } },
{ "type": "Feature", "properties": { "osm_id": "13588447669", "name": null, "barrier": null, "highway": null, "ref": null, "address": null, "is_in": null, "place": null, "man_made": null, "other_tags": "\"power\"=>\"pole\"" }, "geometry": { "type": "Point", "coordinates": [ 9.3594698, 45.7452586 ] } },
{ "type": "Feature", "properties": { "osm_id": "13588447670", "name": null, "barrier": null, "highway": null, "ref": null, "address": null, "is_in": null, "place": null, "man_made": null, "other_tags": "\"power\"=>\"pole\"" }, "geometry": { "type": "Point", "coordinates": [ 9.3595977, 45.7445947 ] } },
{ "type": "Feature", "properties": { "osm_id": "13588447671", "name": null, "barrier": null, "highway": null, "ref": null, "address": null, "is_in": null, "place": null, "man_made": null, "other_tags": "\"power\"=>\"pole\"" }, "geometry": { "type": "Point", "coordinates": [ 9.359458, 45.7433937 ] } },
{ "type": "Feature", "properties": { "osm_id": "13588447672", "name": null, "barrier": null, "highway": null, "ref": null, "address": null, "is_in": null, "place": null, "man_made": null, "other_tags": "\"power\"=>\"pole\"" }, "geometry": { "type": "Point", "coordinates": [ 9.3584382, 45.7426559 ] } },
{ "type": "Feature", "properties": { "osm_id": "13588447673", "name": null, "barrier": null, "highway": null, "ref": null, "address": null, "is_in": null, "place": null, "man_made": null, "other_tags": "\"power\"=>\"pole\"" }, "geometry": { "type": "Point", "coordinates": [ 9.3576544, 45.7426359 ] } },
{ "type": "Feature", "properties": { "osm_id": "13588447674", "name": null, "barrier": null, "highway": null, "ref": null, "address": null, "is_in": null, "place": null, "man_made": null, "other_tags": "\"power\"=>\"pole\"" }, "geometry": { "type": "Point", "coordinates": [ 9.3568783, 45.7426161 ] } },
{ "type": "Feature", "properties": { "osm_id": "13588447675", "name": null, "barrier": null, "highway": null, "ref": null, "address": null, "is_in": null, "place": null, "man_made": null, "other_tags": "\"power\"=>\"pole\"" }, "geometry": { "type": "Point", "coordinates": [ 9.3560943, 45.7425961 ] } },
{ "type": "Feature", "properties": { "osm_id": "13588447676", "name": null, "barrier": null, "highway": null, "ref": null, "address": null, "is_in": null, "place": null, "man_made": null, "other_tags": "\"power\"=>\"pole\"" }, "geometry": { "type": "Point", "coordinates": [ 9.3600118, 45.7426961 ] } },
{ "type": "Feature", "properties": { "osm_id": "13588447677", "name": null, "barrier": null, "highway": null, "ref": null, "address": null, "is_in": null, "place": null, "man_made": null, "other_tags": "\"power\"=>\"pole\"" }, "geometry": { "type": "Point", "coordinates": [ 9.3608054, 45.7427163 ] } },
{ "type": "Feature", "properties": { "osm_id": "13588447678", "name": null, "barrier": null, "highway": null, "ref": null, "address": null, "is_in": null, "place": null, "man_made": null, "other_tags": "\"power\"=>\"pole\"" }, "geometry": { "type": "Point", "coordinates": [ 9.3615571, 45.7427355 ] } },
{ "type": "Feature", "properties": { "osm_id": "13588447679", "name": null, "barrier": null, "highway": null, "ref": null, "address": null, "is_in": null, "place": null, "man_made": null, "other_tags": "\"power\"=>\"pole\"" }, "geometry": { "type": "Point", "coordinates": [ 9.362343, 45.7427555 ] } },
{ "type": "Feature", "properties": { "osm_id": "13588447680", "name": null, "barrier": null, "highway": null, "ref": null, "address": null, "is_in": null, "place": null, "man_made": null, "other_tags": "\"power\"=>\"pole\"" }, "geometry": { "type": "Point", "coordinates": [ 9.3638947, 45.7427951 ] } },
{ "type": "Feature", "properties": { "osm_id": "13588447681", "name": null, "barrier": null, "highway": null, "ref": null, "address": null, "is_in": null, "place": null, "man_made": null, "other_tags": "\"design\"=>\"two-level\",\"line_attachment\"=>\"(anchor)|(pin)\",\"line_management\"=>\"transition\",\"location:transition\"=>\"yes\",\"material\"=>\"concrete\",\"power\"=>\"pole\"" }, "geometry": { "type": "Point", "coordinates": [ 9.3644915, 45.7428103 ] } },
{ "type": "Feature", "properties": { "osm_id": "13588447682", "name": null, "barrier": null, "highway": null, "ref": null, "address": null, "is_in": null, "place": null, "man_made": null, "other_tags": "\"design\"=>\"delta\",\"line_attachment\"=>\"pin\",\"material\"=>\"concrete\",\"power\"=>\"pole\"" }, "geometry": { "type": "Point", "coordinates": [ 9.3653184, 45.7428314 ] } },
{ "type": "Feature", "properties": { "osm_id": "13588447683", "name": null, "barrier": null, "highway": null, "ref": null, "address": null, "is_in": null, "place": null, "man_made": null, "other_tags": "\"power\"=>\"pole\"" }, "geometry": { "type": "Point", "coordinates": [ 9.3630957, 45.7427747 ] } },
{ "type": "Feature", "properties": { "osm_id": "13588447684", "name": null, "barrier": null, "highway": null, "ref": null, "address": null, "is_in": null, "place": null, "man_made": null, "other_tags": "\"design\"=>\"delta\",\"line_attachment\"=>\"pin\",\"material\"=>\"concrete\",\"power\"=>\"pole\"" }, "geometry": { "type": "Point", "coordinates": [ 9.3663852, 45.7433966 ] } },
{ "type": "Feature", "properties": { "osm_id": "13588447685", "name": null, "barrier": null, "highway": null, "ref": null, "address": null, "is_in": null, "place": null, "man_made": null, "other_tags": "\"design\"=>\"two-level\",\"line_attachment\"=>\"(pin)|(anchor)\",\"line_management\"=>\"branch\",\"material\"=>\"concrete\",\"power\"=>\"pole\"" }, "geometry": { "type": "Point", "coordinates": [ 9.366861, 45.744241 ] } },
{ "type": "Feature", "properties": { "osm_id": "13588447686", "name": null, "barrier": null, "highway": null, "ref": null, "address": null, "is_in": null, "place": null, "man_made": null, "other_tags": "\"design\"=>\"delta\",\"line_attachment\"=>\"anchor\",\"line_management\"=>\"transition\",\"location:transition\"=>\"yes\",\"material\"=>\"concrete\",\"power\"=>\"pole\"" }, "geometry": { "type": "Point", "coordinates": [ 9.3670434, 45.7445705 ] } },
{ "type": "Feature", "properties": { "osm_id": "13588447687", "name": null, "barrier": null, "highway": null, "ref": null, "address": null, "is_in": null, "place": null, "man_made": null, "other_tags": "\"design\"=>\"one-level\",\"line_attachment\"=>\"anchor\",\"material\"=>\"concrete\",\"power\"=>\"pole\",\"transformer\"=>\"distribution\"" }, "geometry": { "type": "Point", "coordinates": [ 9.3669329, 45.7446084 ] } },
{ "type": "Feature", "properties": { "osm_id": "13606108237", "name": null, "barrier": null, "highway": null, "ref": null, "address": null, "is_in": null, "place": null, "man_made": null, "other_tags": "\"hiking\"=>\"yes\",\"information\"=>\"guidepost\",\"mapillary\"=>\"2153491148802030\",\"material\"=>\"wood\",\"operator\"=>\"Parco Regionale di Montevecchia e della Valle del Curone\",\"support\"=>\"pole\",\"survey:date\"=>\"2026-02-27\",\"tourism\"=>\"information\"" }, "geometry": { "type": "Point", "coordinates": [ 9.3684421, 45.7183294 ] } },
{ "type": "Feature", "properties": { "osm_id": "13606108238", "name": null, "barrier": null, "highway": null, "ref": null, "address": null, "is_in": null, "place": null, "man_made": null, "other_tags": "\"hiking\"=>\"yes\",\"information\"=>\"guidepost\",\"mapillary\"=>\"942690914757074\",\"material\"=>\"wood\",\"operator\"=>\"Parco Regionale di Montevecchia e della Valle del Curone\",\"support\"=>\"pole\",\"survey:date\"=>\"2026-02-27\",\"tourism\"=>\"information\"" }, "geometry": { "type": "Point", "coordinates": [ 9.3614016, 45.7205967 ] } },
{ "type": "Feature", "properties": { "osm_id": "13606108239", "name": null, "barrier": null, "highway": null, "ref": null, "address": null, "is_in": null, "place": null, "man_made": null, "other_tags": "\"hiking\"=>\"yes\",\"information\"=>\"guidepost\",\"mapillary\"=>\"2456143488174937\",\"material\"=>\"wood\",\"operator\"=>\"Parco Regionale di Montevecchia e della Valle del Curone\",\"support\"=>\"pole\",\"survey:date\"=>\"2026-02-27\",\"tourism\"=>\"information\"" }, "geometry": { "type": "Point", "coordinates": [ 9.3609997, 45.7206452 ] } },
{ "type": "Feature", "properties": { "osm_id": "13606108244", "name": null, "barrier": null, "highway": null, "ref": null, "address": null, "is_in": null, "place": null, "man_made": null, "other_tags": "\"hiking\"=>\"yes\",\"information\"=>\"guidepost\",\"mapillary\"=>\"1949852022406298\",\"material\"=>\"wood\",\"operator\"=>\"Parco Regionale di Montevecchia e della Valle del Curone\",\"support\"=>\"pole\",\"survey:date\"=>\"2026-02-27\",\"tourism\"=>\"information\"" }, "geometry": { "type": "Point", "coordinates": [ 9.364737, 45.7280333 ] } },
{ "type": "Feature", "properties": { "osm_id": "13606108245", "name": null, "barrier": null, "highway": null, "ref": null, "address": null, "is_in": null, "place": null, "man_made": null, "other_tags": "\"hiking\"=>\"yes\",\"information\"=>\"guidepost\",\"mapillary\"=>\"2991781204340220\",\"material\"=>\"wood\",\"operator\"=>\"Parco Regionale di Montevecchia e della Valle del Curone\",\"support\"=>\"pole\",\"survey:date\"=>\"2026-02-27\",\"tourism\"=>\"information\"" }, "geometry": { "type": "Point", "coordinates": [ 9.3682537, 45.7263982 ] } },
{ "type": "Feature", "properties": { "osm_id": "13606108247", "name": null, "barrier": null, "highway": null, "ref": null, "address": null, "is_in": null, "place": null, "man_made": null, "other_tags": "\"hiking\"=>\"yes\",\"information\"=>\"guidepost\",\"mapillary\"=>\"1591673842068036\",\"material\"=>\"wood\",\"operator\"=>\"Parco Regionale di Montevecchia e della Valle del Curone\",\"support\"=>\"pole\",\"survey:date\"=>\"2026-02-27\",\"tourism\"=>\"information\"" }, "geometry": { "type": "Point", "coordinates": [ 9.3684119, 45.7262365 ] } },
{ "type": "Feature", "properties": { "osm_id": "13606108248", "name": null, "barrier": null, "highway": null, "ref": null, "address": null, "is_in": null, "place": null, "man_made": null, "other_tags": "\"hiking\"=>\"yes\",\"information\"=>\"guidepost\",\"mapillary\"=>\"24521224067576191\",\"material\"=>\"wood\",\"operator\"=>\"Parco Regionale di Montevecchia e della Valle del Curone\",\"support\"=>\"pole\",\"survey:date\"=>\"2026-02-27\",\"tourism\"=>\"information\"" }, "geometry": { "type": "Point", "coordinates": [ 9.3709429, 45.7252385 ] } },
{ "type": "Feature", "properties": { "osm_id": "13606108256", "name": null, "barrier": null, "highway": null, "ref": null, "address": null, "is_in": null, "place": null, "man_made": null, "other_tags": "\"hiking\"=>\"yes\",\"information\"=>\"guidepost\",\"mapillary\"=>\"1698945358155872\",\"material\"=>\"wood\",\"operator\"=>\"Parco Regionale di Montevecchia e della Valle del Curone\",\"support\"=>\"pole\",\"survey:date\"=>\"2026-02-27\",\"tourism\"=>\"information\"" }, "geometry": { "type": "Point", "coordinates": [ 9.3703321, 45.7253443 ] } },
{ "type": "Feature", "properties": { "osm_id": "13606108257", "name": null, "barrier": null, "highway": null, "ref": null, "address": null, "is_in": null, "place": null, "man_made": null, "other_tags": "\"hiking\"=>\"yes\",\"information\"=>\"guidepost\",\"mapillary\"=>\"4432553073655449\",\"material\"=>\"wood\",\"operator\"=>\"Parco Regionale di Montevecchia e della Valle del Curone\",\"support\"=>\"pole\",\"survey:date\"=>\"2026-02-27\",\"tourism\"=>\"information\"" }, "geometry": { "type": "Point", "coordinates": [ 9.3701054, 45.7258615 ] } },
{ "type": "Feature", "properties": { "osm_id": "13606108258", "name": null, "barrier": null, "highway": null, "ref": null, "address": null, "is_in": null, "place": null, "man_made": null, "other_tags": "\"hiking\"=>\"yes\",\"information\"=>\"guidepost\",\"mapillary\"=>\"1239285531649113\",\"material\"=>\"wood\",\"operator\"=>\"Parco Regionale di Montevecchia e della Valle del Curone\",\"support\"=>\"pole\",\"survey:date\"=>\"2026-02-27\",\"tourism\"=>\"information\"" }, "geometry": { "type": "Point", "coordinates": [ 9.3683412, 45.7254973 ] } },
{ "type": "Feature", "properties": { "osm_id": "13606108269", "name": null, "barrier": null, "highway": null, "ref": null, "address": null, "is_in": null, "place": null, "man_made": null, "other_tags": "\"hiking\"=>\"yes\",\"information\"=>\"guidepost\",\"mapillary\"=>\"2092779968230499\",\"material\"=>\"wood\",\"operator\"=>\"Parco Regionale di Montevecchia e della Valle del Curone\",\"support\"=>\"pole\",\"survey:date\"=>\"2026-02-27\",\"tourism\"=>\"information\"" }, "geometry": { "type": "Point", "coordinates": [ 9.3678078, 45.725201 ] } },
{ "type": "Feature", "properties": { "osm_id": "13606108270", "name": null, "barrier": null, "highway": null, "ref": null, "address": null, "is_in": null, "place": null, "man_made": null, "other_tags": "\"hiking\"=>\"yes\",\"information\"=>\"guidepost\",\"mapillary\"=>\"1671103467207139\",\"material\"=>\"wood\",\"operator\"=>\"Parco Regionale di Montevecchia e della Valle del Curone\",\"support\"=>\"pole\",\"survey:date\"=>\"2026-02-27\",\"tourism\"=>\"information\"" }, "geometry": { "type": "Point", "coordinates": [ 9.3673541, 45.7253208 ] } },
{ "type": "Feature", "properties": { "osm_id": "13606108271", "name": null, "barrier": null, "highway": null, "ref": null, "address": null, "is_in": null, "place": null, "man_made": null, "other_tags": "\"hiking\"=>\"yes\",\"information\"=>\"guidepost\",\"mapillary\"=>\"1728270418138832\",\"material\"=>\"wood\",\"operator\"=>\"Parco Regionale di Montevecchia e della Valle del Curone\",\"support\"=>\"pole\",\"survey:date\"=>\"2026-02-27\",\"tourism\"=>\"information\"" }, "geometry": { "type": "Point", "coordinates": [ 9.365317, 45.7264462 ] } },
{ "type": "Feature", "properties": { "osm_id": "13606108273", "name": null, "barrier": null, "highway": null, "ref": null, "address": null, "is_in": null, "place": null, "man_made": null, "other_tags": "\"hiking\"=>\"yes\",\"information\"=>\"guidepost\",\"mapillary\"=>\"1215444054118723\",\"material\"=>\"wood\",\"operator\"=>\"Parco Regionale di Montevecchia e della Valle del Curone\",\"support\"=>\"pole\",\"survey:date\"=>\"2026-02-27\",\"tourism\"=>\"information\"" }, "geometry": { "type": "Point", "coordinates": [ 9.3651678, 45.7233334 ] } },
{ "type": "Feature", "properties": { "osm_id": "13606108278", "name": null, "barrier": null, "highway": null, "ref": null, "address": null, "is_in": null, "place": null, "man_made": null, "other_tags": "\"hiking\"=>\"yes\",\"information\"=>\"guidepost\",\"mapillary\"=>\"1467739674710442\",\"material\"=>\"wood\",\"operator\"=>\"Parco Regionale di Montevecchia e della Valle del Curone\",\"support\"=>\"pole\",\"survey:date\"=>\"2026-02-27\",\"tourism\"=>\"information\"" }, "geometry": { "type": "Point", "coordinates": [ 9.3568452, 45.7235949 ] } },
{ "type": "Feature", "properties": { "osm_id": "13606108285", "name": null, "barrier": null, "highway": null, "ref": null, "address": null, "is_in": null, "place": null, "man_made": null, "other_tags": "\"hiking\"=>\"yes\",\"information\"=>\"guidepost\",\"mapillary\"=>\"925499309995063\",\"material\"=>\"wood\",\"operator\"=>\"Parco Regionale di Montevecchia e della Valle del Curone\",\"support\"=>\"pole\",\"survey:date\"=>\"2026-02-27\",\"tourism\"=>\"information\"" }, "geometry": { "type": "Point", "coordinates": [ 9.3605544, 45.7250264 ] } },
{ "type": "Feature", "properties": { "osm_id": "13606108289", "name": null, "barrier": null, "highway": null, "ref": null, "address": null, "is_in": null, "place": null, "man_made": null, "other_tags": "\"hiking\"=>\"yes\",\"information\"=>\"guidepost\",\"mapillary\"=>\"1217465650106626\",\"material\"=>\"wood\",\"operator\"=>\"Parco Regionale di Montevecchia e della Valle del Curone\",\"support\"=>\"pole\",\"survey:date\"=>\"2026-02-27\",\"tourism\"=>\"information\"" }, "geometry": { "type": "Point", "coordinates": [ 9.3615622, 45.7309927 ] } },
{ "type": "Feature", "properties": { "osm_id": "13606108290", "name": null, "barrier": null, "highway": null, "ref": null, "address": null, "is_in": null, "place": null, "man_made": null, "other_tags": "\"hiking\"=>\"yes\",\"information\"=>\"guidepost\",\"mapillary\"=>\"1240208327670751\",\"material\"=>\"wood\",\"operator\"=>\"Parco Regionale di Montevecchia e della Valle del Curone\",\"support\"=>\"pole\",\"survey:date\"=>\"2026-02-27\",\"tourism\"=>\"information\"" }, "geometry": { "type": "Point", "coordinates": [ 9.3617131, 45.7312176 ] } },
{ "type": "Feature", "properties": { "osm_id": "13606108292", "name": null, "barrier": null, "highway": null, "ref": null, "address": null, "is_in": null, "place": null, "man_made": null, "other_tags": "\"hiking\"=>\"yes\",\"information\"=>\"guidepost\",\"mapillary\"=>\"26120361544316316\",\"material\"=>\"wood\",\"operator\"=>\"Parco Regionale di Montevecchia e della Valle del Curone\",\"support\"=>\"pole\",\"survey:date\"=>\"2026-02-27\",\"tourism\"=>\"information\"" }, "geometry": { "type": "Point", "coordinates": [ 9.363131, 45.7334404 ] } },
{ "type": "Feature", "properties": { "osm_id": "13606108293", "name": null, "barrier": null, "highway": null, "ref": null, "address": null, "is_in": null, "place": null, "man_made": null, "other_tags": "\"hiking\"=>\"yes\",\"information\"=>\"guidepost\",\"mapillary\"=>\"25928400666788852\",\"material\"=>\"wood\",\"operator\"=>\"Parco Regionale di Montevecchia e della Valle del Curone\",\"support\"=>\"pole\",\"survey:date\"=>\"2026-02-27\",\"tourism\"=>\"information\"" }, "geometry": { "type": "Point", "coordinates": [ 9.3606801, 45.7354003 ] } },
{ "type": "Feature", "properties": { "osm_id": "13606108294", "name": null, "barrier": null, "highway": null, "ref": null, "address": null, "is_in": null, "place": null, "man_made": null, "other_tags": "\"hiking\"=>\"yes\",\"information\"=>\"guidepost\",\"mapillary\"=>\"1459173949097252\",\"material\"=>\"wood\",\"operator\"=>\"Parco Regionale di Montevecchia e della Valle del Curone\",\"support\"=>\"pole\",\"survey:date\"=>\"2026-02-27\",\"tourism\"=>\"information\"" }, "geometry": { "type": "Point", "coordinates": [ 9.3597876, 45.7355594 ] } },
{ "type": "Feature", "properties": { "osm_id": "13634821500", "name": "Cisano - rotonda (via mayer)", "barrier": null, "highway": "bus_stop", "ref": null, "address": null, "is_in": null, "place": null, "man_made": null, "other_tags": "\"public_transport\"=>\"platform\"" }, "geometry": { "type": "Point", "coordinates": [ 9.4544622, 45.7559625 ] } },
{ "type": "Feature", "properties": { "osm_id": "13637611233", "name": "Calco - via statale (edicola)", "barrier": null, "highway": "bus_stop", "ref": null, "address": null, "is_in": null, "place": null, "man_made": null, "other_tags": "\"bus\"=>\"yes\",\"public_transport\"=>\"platform\"" }, "geometry": { "type": "Point", "coordinates": [ 9.4152282, 45.7240616 ] } },
{ "type": "Feature", "properties": { "osm_id": "13637611234", "name": "Calco - via nazionale, 85 (2)", "barrier": null, "highway": "bus_stop", "ref": null, "address": null, "is_in": null, "place": null, "man_made": null, "other_tags": "\"bus\"=>\"yes\",\"public_transport\"=>\"platform\"" }, "geometry": { "type": "Point", "coordinates": [ 9.4195372, 45.736545 ] } },
{ "type": "Feature", "properties": { "osm_id": "13637611235", "name": "Airuno - elettroadda", "barrier": null, "highway": "bus_stop", "ref": null, "address": null, "is_in": null, "place": null, "man_made": null, "other_tags": "\"bus\"=>\"yes\",\"public_transport\"=>\"platform\"" }, "geometry": { "type": "Point", "coordinates": [ 9.4233459, 45.7414384 ] } },
{ "type": "Feature", "properties": { "osm_id": "13637611236", "name": "Airuno - statale", "barrier": null, "highway": "bus_stop", "ref": null, "address": null, "is_in": null, "place": null, "man_made": null, "other_tags": "\"bus\"=>\"yes\",\"public_transport\"=>\"platform\"" }, "geometry": { "type": "Point", "coordinates": [ 9.4265994, 45.7554554 ] } },
{ "type": "Feature", "properties": { "osm_id": "13637768775", "name": "Airuno - statale", "barrier": null, "highway": "bus_stop", "ref": null, "address": null, "is_in": null, "place": null, "man_made": null, "other_tags": "\"bus\"=>\"yes\",\"public_transport\"=>\"platform\"" }, "geometry": { "type": "Point", "coordinates": [ 9.4267657, 45.7553131 ] } },
{ "type": "Feature", "properties": { "osm_id": "13637768776", "name": "Brivio - beverate (cariplo)", "barrier": null, "highway": "bus_stop", "ref": null, "address": null, "is_in": null, "place": null, "man_made": null, "other_tags": "\"bus\"=>\"yes\",\"public_transport\"=>\"platform\"" }, "geometry": { "type": "Point", "coordinates": [ 9.422965, 45.7406747 ] } },
{ "type": "Feature", "properties": { "osm_id": "13637768777", "name": "Brivio - beverate (paese)", "barrier": null, "highway": "bus_stop", "ref": null, "address": null, "is_in": null, "place": null, "man_made": null, "other_tags": "\"bus\"=>\"yes\",\"public_transport\"=>\"platform\"" }, "geometry": { "type": "Point", "coordinates": [ 9.4280344, 45.737395 ] } },
{ "type": "Feature", "properties": { "osm_id": "13637768778", "name": "Brivio - beverate (quattro strade)", "barrier": null, "highway": "bus_stop", "ref": null, "address": null, "is_in": null, "place": null, "man_made": null, "other_tags": "\"bus\"=>\"yes\",\"public_transport\"=>\"platform\"" }, "geometry": { "type": "Point", "coordinates": [ 9.4269884, 45.7347441 ] } },
{ "type": "Feature", "properties": { "osm_id": "13637768780", "name": "Brivio - vaccarezza", "barrier": null, "highway": "bus_stop", "ref": null, "address": null, "is_in": null, "place": null, "man_made": null, "other_tags": "\"bus\"=>\"yes\",\"public_transport\"=>\"platform\"" }, "geometry": { "type": "Point", "coordinates": [ 9.4361736, 45.7369195 ] } },
{ "type": "Feature", "properties": { "osm_id": "13637768781", "name": "Brivio - via como (pizzeria)", "barrier": null, "highway": "bus_stop", "ref": null, "address": null, "is_in": null, "place": null, "man_made": null, "other_tags": "\"bus\"=>\"yes\",\"public_transport\"=>\"platform\"" }, "geometry": { "type": "Point", "coordinates": [ 9.439057, 45.7421563 ] } },
{ "type": "Feature", "properties": { "osm_id": "13637768782", "name": "Calco- arlate - (provinciale)", "barrier": null, "highway": "bus_stop", "ref": null, "address": null, "is_in": null, "place": null, "man_made": null, "other_tags": "\"bus\"=>\"yes\",\"public_transport\"=>\"platform\"" }, "geometry": { "type": "Point", "coordinates": [ 9.4441652, 45.7235589 ] } },
{ "type": "Feature", "properties": { "osm_id": "13637768783", "name": "Imbersago - arlate (fiorista)", "barrier": null, "highway": "bus_stop", "ref": null, "address": null, "is_in": null, "place": null, "man_made": null, "other_tags": "\"bus\"=>\"yes\",\"public_transport\"=>\"platform\"" }, "geometry": { "type": "Point", "coordinates": [ 9.4446158, 45.7182107 ] } },
{ "type": "Feature", "properties": { "osm_id": "13637768784", "name": "Imbersago - madonna bosco", "barrier": null, "highway": "bus_stop", "ref": null, "address": null, "is_in": null, "place": null, "man_made": null, "other_tags": "\"bus\"=>\"yes\",\"public_transport\"=>\"platform\"" }, "geometry": { "type": "Point", "coordinates": [ 9.4441009, 45.7149035 ] } },
{ "type": "Feature", "properties": { "osm_id": "13669703863", "name": null, "barrier": null, "highway": null, "ref": null, "address": null, "is_in": null, "place": null, "man_made": null, "other_tags": "\"hiking\"=>\"yes\",\"information\"=>\"guidepost\",\"mapillary\"=>\"4509497472665426\",\"material\"=>\"wood\",\"operator\"=>\"Parco Regionale di Montevecchia e della Valle del Curone\",\"support\"=>\"pole\",\"survey:date\"=>\"2026-03-22\",\"tourism\"=>\"information\"" }, "geometry": { "type": "Point", "coordinates": [ 9.3689159, 45.7311158 ] } },
{ "type": "Feature", "properties": { "osm_id": "13669703864", "name": null, "barrier": null, "highway": null, "ref": null, "address": null, "is_in": null, "place": null, "man_made": null, "other_tags": "\"hiking\"=>\"yes\",\"information\"=>\"guidepost\",\"mapillary\"=>\"937247712128030\",\"material\"=>\"wood\",\"operator\"=>\"Parco Regionale di Montevecchia e della Valle del Curone\",\"support\"=>\"pole\",\"survey:date\"=>\"2026-03-22\",\"tourism\"=>\"information\"" }, "geometry": { "type": "Point", "coordinates": [ 9.3697239, 45.7309262 ] } },
{ "type": "Feature", "properties": { "osm_id": "13669703872", "name": null, "barrier": null, "highway": null, "ref": null, "address": null, "is_in": null, "place": null, "man_made": null, "other_tags": "\"hiking\"=>\"yes\",\"information\"=>\"guidepost\",\"mapillary\"=>\"2394756860988631\",\"material\"=>\"wood\",\"operator\"=>\"Parco Regionale di Montevecchia e della Valle del Curone\",\"support\"=>\"pole\",\"survey:date\"=>\"2026-03-22\",\"tourism\"=>\"information\"" }, "geometry": { "type": "Point", "coordinates": [ 9.3673179, 45.7289285 ] } },
{ "type": "Feature", "properties": { "osm_id": "13669703874", "name": null, "barrier": null, "highway": null, "ref": null, "address": null, "is_in": null, "place": null, "man_made": null, "other_tags": "\"hiking\"=>\"yes\",\"information\"=>\"guidepost\",\"mapillary\"=>\"1411076594039947\",\"material\"=>\"wood\",\"operator\"=>\"Parco Regionale di Montevecchia e della Valle del Curone\",\"support\"=>\"pole\",\"survey:date\"=>\"2026-03-22\",\"tourism\"=>\"information\"" }, "geometry": { "type": "Point", "coordinates": [ 9.3675053, 45.728437 ] } },
{ "type": "Feature", "properties": { "osm_id": "13669703876", "name": null, "barrier": null, "highway": null, "ref": null, "address": null, "is_in": null, "place": null, "man_made": null, "other_tags": "\"hiking\"=>\"yes\",\"information\"=>\"guidepost\",\"mapillary\"=>\"1420831063125027\",\"material\"=>\"wood\",\"operator\"=>\"Parco Regionale di Montevecchia e della Valle del Curone\",\"support\"=>\"pole\",\"survey:date\"=>\"2026-03-22\",\"tourism\"=>\"information\"" }, "geometry": { "type": "Point", "coordinates": [ 9.3719803, 45.7221769 ] } },
{ "type": "Feature", "properties": { "osm_id": "13669703877", "name": null, "barrier": null, "highway": null, "ref": null, "address": null, "is_in": null, "place": null, "man_made": null, "other_tags": "\"hiking\"=>\"yes\",\"information\"=>\"guidepost\",\"mapillary\"=>\"4367520496854558\",\"material\"=>\"wood\",\"operator\"=>\"Parco Regionale di Montevecchia e della Valle del Curone\",\"support\"=>\"pole\",\"survey:date\"=>\"2026-03-22\",\"tourism\"=>\"information\"" }, "geometry": { "type": "Point", "coordinates": [ 9.3715344, 45.7221774 ] } },
{ "type": "Feature", "properties": { "osm_id": "13669703878", "name": null, "barrier": null, "highway": null, "ref": null, "address": null, "is_in": null, "place": null, "man_made": null, "other_tags": "\"hiking\"=>\"yes\",\"information\"=>\"guidepost\",\"mapillary\"=>\"1115191100745272\",\"material\"=>\"wood\",\"operator\"=>\"Parco Regionale di Montevecchia e della Valle del Curone\",\"support\"=>\"pole\",\"survey:date\"=>\"2026-03-22\",\"tourism\"=>\"information\"" }, "geometry": { "type": "Point", "coordinates": [ 9.3706533, 45.7269087 ] } },
{ "type": "Feature", "properties": { "osm_id": "13669703879", "name": null, "barrier": null, "highway": null, "ref": null, "address": null, "is_in": null, "place": null, "man_made": null, "other_tags": "\"hiking\"=>\"yes\",\"information\"=>\"guidepost\",\"mapillary\"=>\"939465038785947\",\"material\"=>\"wood\",\"operator\"=>\"Parco Regionale di Montevecchia e della Valle del Curone\",\"support\"=>\"pole\",\"survey:date\"=>\"2026-03-22\",\"tourism\"=>\"information\"" }, "geometry": { "type": "Point", "coordinates": [ 9.3750859, 45.720995 ] } },
{ "type": "Feature", "properties": { "osm_id": "13669703880", "name": null, "barrier": null, "highway": null, "ref": null, "address": null, "is_in": null, "place": null, "man_made": null, "other_tags": "\"hiking\"=>\"yes\",\"information\"=>\"guidepost\",\"mapillary\"=>\"1493117465765382\",\"material\"=>\"wood\",\"operator\"=>\"Parco Regionale di Montevecchia e della Valle del Curone\",\"support\"=>\"pole\",\"survey:date\"=>\"2026-03-22\",\"tourism\"=>\"information\"" }, "geometry": { "type": "Point", "coordinates": [ 9.3716614, 45.7253755 ] } },
{ "type": "Feature", "properties": { "osm_id": "13669703881", "name": null, "barrier": null, "highway": null, "ref": null, "address": null, "is_in": null, "place": null, "man_made": null, "other_tags": "\"hiking\"=>\"yes\",\"information\"=>\"guidepost\",\"mapillary\"=>\"922895424054522\",\"material\"=>\"wood\",\"operator\"=>\"Parco Regionale di Montevecchia e della Valle del Curone\",\"support\"=>\"pole\",\"survey:date\"=>\"2026-03-22\",\"tourism\"=>\"information\"" }, "geometry": { "type": "Point", "coordinates": [ 9.3736352, 45.7252509 ] } },
{ "type": "Feature", "properties": { "osm_id": "13669703882", "name": null, "barrier": null, "highway": null, "ref": null, "address": null, "is_in": null, "place": null, "man_made": null, "other_tags": "\"hiking\"=>\"yes\",\"information\"=>\"guidepost\",\"mapillary\"=>\"27008181705440110\",\"material\"=>\"wood\",\"operator\"=>\"Parco Regionale di Montevecchia e della Valle del Curone\",\"support\"=>\"pole\",\"survey:date\"=>\"2026-03-22\",\"tourism\"=>\"information\"" }, "geometry": { "type": "Point", "coordinates": [ 9.3753237, 45.7232092 ] } },
{ "type": "Feature", "properties": { "osm_id": "13669703883", "name": "Brugolone", "barrier": null, "highway": null, "ref": null, "address": null, "is_in": null, "place": "locality", "man_made": null, "other_tags": null }, "geometry": { "type": "Point", "coordinates": [ 9.3749589, 45.7251392 ] } },
{ "type": "Feature", "properties": { "osm_id": "13669703884", "name": null, "barrier": null, "highway": null, "ref": null, "address": null, "is_in": null, "place": null, "man_made": null, "other_tags": "\"hiking\"=>\"yes\",\"information\"=>\"guidepost\",\"mapillary\"=>\"4432816406998702\",\"material\"=>\"wood\",\"operator\"=>\"Parco Regionale di Montevecchia e della Valle del Curone\",\"support\"=>\"pole\",\"survey:date\"=>\"2026-03-22\",\"tourism\"=>\"information\"" }, "geometry": { "type": "Point", "coordinates": [ 9.3929712, 45.7185525 ] } },
{ "type": "Feature", "properties": { "osm_id": "13669703885", "name": null, "barrier": null, "highway": null, "ref": null, "address": null, "is_in": null, "place": null, "man_made": null, "other_tags": "\"hiking\"=>\"yes\",\"information\"=>\"guidepost\",\"mapillary\"=>\"1656671602342073\",\"material\"=>\"wood\",\"operator\"=>\"Parco Regionale di Montevecchia e della Valle del Curone\",\"support\"=>\"pole\",\"survey:date\"=>\"2026-03-22\",\"tourism\"=>\"information\"" }, "geometry": { "type": "Point", "coordinates": [ 9.3925817, 45.71853 ] } },
{ "type": "Feature", "properties": { "osm_id": "13669703886", "name": null, "barrier": null, "highway": null, "ref": null, "address": null, "is_in": null, "place": null, "man_made": null, "other_tags": "\"hiking\"=>\"yes\",\"information\"=>\"guidepost\",\"mapillary\"=>\"2094376671383946\",\"material\"=>\"wood\",\"operator\"=>\"Parco Regionale di Montevecchia e della Valle del Curone\",\"support\"=>\"pole\",\"survey:date\"=>\"2026-03-22\",\"tourism\"=>\"information\"" }, "geometry": { "type": "Point", "coordinates": [ 9.3914397, 45.7204144 ] } },
{ "type": "Feature", "properties": { "osm_id": "13669703887", "name": null, "barrier": null, "highway": null, "ref": null, "address": null, "is_in": null, "place": null, "man_made": null, "other_tags": "\"hiking\"=>\"yes\",\"information\"=>\"guidepost\",\"mapillary\"=>\"1251915977073423\",\"material\"=>\"wood\",\"operator\"=>\"Parco Regionale di Montevecchia e della Valle del Curone\",\"support\"=>\"pole\",\"survey:date\"=>\"2026-03-22\",\"tourism\"=>\"information\"" }, "geometry": { "type": "Point", "coordinates": [ 9.3908543, 45.7201854 ] } },
{ "type": "Feature", "properties": { "osm_id": "13669703888", "name": null, "barrier": null, "highway": null, "ref": null, "address": null, "is_in": null, "place": null, "man_made": null, "other_tags": "\"hiking\"=>\"yes\",\"information\"=>\"guidepost\",\"mapillary\"=>\"1485949129825834\",\"material\"=>\"wood\",\"operator\"=>\"Parco Regionale di Montevecchia e della Valle del Curone\",\"support\"=>\"pole\",\"survey:date\"=>\"2026-03-22\",\"tourism\"=>\"information\"" }, "geometry": { "type": "Point", "coordinates": [ 9.3897761, 45.7214375 ] } },
{ "type": "Feature", "properties": { "osm_id": "13669703889", "name": null, "barrier": null, "highway": null, "ref": null, "address": null, "is_in": null, "place": null, "man_made": null, "other_tags": "\"hiking\"=>\"yes\",\"information\"=>\"guidepost\",\"mapillary\"=>\"26338139332540448\",\"material\"=>\"wood\",\"operator\"=>\"Parco Regionale di Montevecchia e della Valle del Curone\",\"support\"=>\"pole\",\"survey:date\"=>\"2026-03-22\",\"tourism\"=>\"information\"" }, "geometry": { "type": "Point", "coordinates": [ 9.3885235, 45.7223197 ] } },
{ "type": "Feature", "properties": { "osm_id": "13669703890", "name": null, "barrier": null, "highway": null, "ref": null, "address": null, "is_in": null, "place": null, "man_made": null, "other_tags": "\"hiking\"=>\"yes\",\"information\"=>\"guidepost\",\"mapillary\"=>\"945357061477246\",\"material\"=>\"wood\",\"operator\"=>\"Parco Regionale di Montevecchia e della Valle del Curone\",\"support\"=>\"pole\",\"survey:date\"=>\"2026-03-22\",\"tourism\"=>\"information\"" }, "geometry": { "type": "Point", "coordinates": [ 9.3878321, 45.7233023 ] } },
{ "type": "Feature", "properties": { "osm_id": "13669703891", "name": null, "barrier": null, "highway": null, "ref": null, "address": null, "is_in": null, "place": null, "man_made": null, "other_tags": "\"hiking\"=>\"yes\",\"information\"=>\"guidepost\",\"mapillary\"=>\"1454455559665293\",\"material\"=>\"wood\",\"operator\"=>\"Parco Regionale di Montevecchia e della Valle del Curone\",\"support\"=>\"pole\",\"survey:date\"=>\"2026-03-22\",\"tourism\"=>\"information\"" }, "geometry": { "type": "Point", "coordinates": [ 9.3853296, 45.7253328 ] } },
{ "type": "Feature", "properties": { "osm_id": "13669703892", "name": null, "barrier": null, "highway": null, "ref": null, "address": null, "is_in": null, "place": null, "man_made": null, "other_tags": "\"hiking\"=>\"yes\",\"information\"=>\"guidepost\",\"mapillary\"=>\"1501591115003535\",\"material\"=>\"wood\",\"operator\"=>\"Parco Regionale di Montevecchia e della Valle del Curone\",\"support\"=>\"pole\",\"survey:date\"=>\"2026-03-22\",\"tourism\"=>\"information\"" }, "geometry": { "type": "Point", "coordinates": [ 9.38182, 45.7264878 ] } },
{ "type": "Feature", "properties": { "osm_id": "13669703893", "name": null, "barrier": null, "highway": null, "ref": null, "address": null, "is_in": null, "place": null, "man_made": null, "other_tags": "\"hiking\"=>\"yes\",\"information\"=>\"guidepost\",\"mapillary\"=>\"1652491662439080\",\"material\"=>\"wood\",\"operator\"=>\"Parco Regionale di Montevecchia e della Valle del Curone\",\"support\"=>\"pole\",\"survey:date\"=>\"2026-03-22\",\"tourism\"=>\"information\"" }, "geometry": { "type": "Point", "coordinates": [ 9.3794864, 45.7271057 ] } },
{ "type": "Feature", "properties": { "osm_id": "13669703894", "name": null, "barrier": null, "highway": null, "ref": null, "address": null, "is_in": null, "place": null, "man_made": null, "other_tags": "\"hiking\"=>\"yes\",\"information\"=>\"guidepost\",\"mapillary\"=>\"1645174333329171\",\"material\"=>\"wood\",\"operator\"=>\"Parco Regionale di Montevecchia e della Valle del Curone\",\"support\"=>\"pole\",\"survey:date\"=>\"2026-03-22\",\"tourism\"=>\"information\"" }, "geometry": { "type": "Point", "coordinates": [ 9.3752781, 45.7259345 ] } },
{ "type": "Feature", "properties": { "osm_id": "13679736682", "name": "Valle del Stallo", "barrier": null, "highway": null, "ref": null, "address": null, "is_in": null, "place": "hamlet", "man_made": null, "other_tags": null }, "geometry": { "type": "Point", "coordinates": [ 9.4135227, 45.7100284 ] } },
{ "type": "Feature", "properties": { "osm_id": "13723101620", "name": "Panchina Gigante Di Santa Maria Hoé", "barrier": null, "highway": null, "ref": null, "address": null, "is_in": null, "place": null, "man_made": null, "other_tags": "\"giant_furniture\"=>\"bench\",\"not:brand\"=>\"Big Bench Community Project\",\"tourism\"=>\"giant_furniture\"" }, "geometry": { "type": "Point", "coordinates": [ 9.3870599, 45.7457903 ] } },
{ "type": "Feature", "properties": { "osm_id": "13732250974", "name": null, "barrier": null, "highway": null, "ref": null, "address": null, "is_in": null, "place": null, "man_made": null, "other_tags": "\"addr:housenumber\"=>\"10\",\"addr:street\"=>\"Via Leonardo da Vinci\",\"entrance\"=>\"yes\"" }, "geometry": { "type": "Point", "coordinates": [ 9.4479531, 45.7397246 ] } },
{ "type": "Feature", "properties": { "osm_id": "13732250986", "name": null, "barrier": null, "highway": null, "ref": null, "address": null, "is_in": null, "place": null, "man_made": null, "other_tags": "\"addr:housenumber\"=>\"2\",\"addr:street\"=>\"Via Trieste\",\"entrance\"=>\"yes\"" }, "geometry": { "type": "Point", "coordinates": [ 9.4482484, 45.740502 ] } },
{ "type": "Feature", "properties": { "osm_id": "13732250987", "name": null, "barrier": null, "highway": null, "ref": null, "address": null, "is_in": null, "place": null, "man_made": null, "other_tags": "\"addr:housenumber\"=>\"3\",\"addr:street\"=>\"Piazza Lavelli de' Capitani\",\"entrance\"=>\"yes\"" }, "geometry": { "type": "Point", "coordinates": [ 9.4486547, 45.7408029 ] } },
{ "type": "Feature", "properties": { "osm_id": "13732262117", "name": null, "barrier": null, "highway": null, "ref": null, "address": null, "is_in": null, "place": null, "man_made": null, "other_tags": "\"amenity\"=>\"waste_basket\"" }, "geometry": { "type": "Point", "coordinates": [ 9.4485384, 45.7159095 ] } },
{ "type": "Feature", "properties": { "osm_id": "13732262118", "name": null, "barrier": null, "highway": null, "ref": null, "address": null, "is_in": null, "place": null, "man_made": null, "other_tags": "\"covered\"=>\"no\",\"leisure\"=>\"picnic_table\"" }, "geometry": { "type": "Point", "coordinates": [ 9.4484634, 45.7159171 ] } },
{ "type": "Feature", "properties": { "osm_id": "13732262119", "name": null, "barrier": null, "highway": null, "ref": null, "address": null, "is_in": null, "place": null, "man_made": null, "other_tags": "\"covered\"=>\"no\",\"leisure\"=>\"picnic_table\"" }, "geometry": { "type": "Point", "coordinates": [ 9.4484461, 45.715995 ] } },
{ "type": "Feature", "properties": { "osm_id": "13732262120", "name": null, "barrier": null, "highway": null, "ref": null, "address": null, "is_in": null, "place": null, "man_made": null, "other_tags": "\"board_type\"=>\"notice;rules\",\"information\"=>\"board\",\"noname\"=>\"yes\",\"tourism\"=>\"information\"" }, "geometry": { "type": "Point", "coordinates": [ 9.4485278, 45.7160281 ] } },
{ "type": "Feature", "properties": { "osm_id": "13732262121", "name": null, "barrier": null, "highway": null, "ref": null, "address": null, "is_in": null, "place": null, "man_made": null, "other_tags": "\"amenity\"=>\"waste_basket\"" }, "geometry": { "type": "Point", "coordinates": [ 9.4485259, 45.716059 ] } },
{ "type": "Feature", "properties": { "osm_id": "13732262159", "name": null, "barrier": null, "highway": null, "ref": null, "address": null, "is_in": null, "place": null, "man_made": null, "other_tags": "\"addr:housenumber\"=>\"6\",\"addr:street\"=>\"Piazza Carozzi\",\"entrance\"=>\"yes\"" }, "geometry": { "type": "Point", "coordinates": [ 9.4479382, 45.7401234 ] } },
{ "type": "Feature", "properties": { "osm_id": "13732280233", "name": null, "barrier": null, "highway": null, "ref": null, "address": null, "is_in": null, "place": null, "man_made": null, "other_tags": "\"addr:housenumber\"=>\"7\",\"addr:street\"=>\"Via Leonardo da Vinci\",\"entrance\"=>\"yes\"" }, "geometry": { "type": "Point", "coordinates": [ 9.4481978, 45.7401031 ] } },
{ "type": "Feature", "properties": { "osm_id": "13732280234", "name": null, "barrier": null, "highway": null, "ref": null, "address": null, "is_in": null, "place": null, "man_made": null, "other_tags": "\"addr:housenumber\"=>\"5\",\"addr:street\"=>\"Via Leonardo da Vinci\",\"entrance\"=>\"yes\"" }, "geometry": { "type": "Point", "coordinates": [ 9.448338, 45.7403426 ] } },
{ "type": "Feature", "properties": { "osm_id": "13732280235", "name": null, "barrier": null, "highway": null, "ref": null, "address": null, "is_in": null, "place": null, "man_made": null, "other_tags": "\"addr:housenumber\"=>\"6\",\"addr:street\"=>\"Via Trieste\",\"entrance\"=>\"yes\"" }, "geometry": { "type": "Point", "coordinates": [ 9.4482107, 45.7404597 ] } },
{ "type": "Feature", "properties": { "osm_id": "13732280984", "name": null, "barrier": null, "highway": null, "ref": null, "address": null, "is_in": null, "place": null, "man_made": null, "other_tags": "\"addr:housenumber\"=>\"1a\",\"addr:street\"=>\"Via Leonardo da Vinci\",\"entrance\"=>\"yes\"" }, "geometry": { "type": "Point", "coordinates": [ 9.4478841, 45.7380764 ] } },
{ "type": "Feature", "properties": { "osm_id": "13732280985", "name": null, "barrier": null, "highway": null, "ref": null, "address": null, "is_in": null, "place": null, "man_made": null, "other_tags": "\"addr:housenumber\"=>\"1b\",\"addr:street\"=>\"Via Leonardo da Vinci\",\"entrance\"=>\"yes\"" }, "geometry": { "type": "Point", "coordinates": [ 9.4479043, 45.7380263 ] } },
{ "type": "Feature", "properties": { "osm_id": "13732288826", "name": null, "barrier": null, "highway": null, "ref": null, "address": null, "is_in": null, "place": null, "man_made": null, "other_tags": "\"addr:housenumber\"=>\"3\",\"addr:street\"=>\"Via Leonardo da Vinci\",\"entrance\"=>\"yes\"" }, "geometry": { "type": "Point", "coordinates": [ 9.4479758, 45.7374062 ] } },
{ "type": "Feature", "properties": { "osm_id": "13732295282", "name": null, "barrier": null, "highway": null, "ref": null, "address": null, "is_in": null, "place": null, "man_made": null, "other_tags": "\"addr:housenumber\"=>\"10\",\"addr:street\"=>\"Via Leonardo da Vinci\",\"entrance\"=>\"yes\"" }, "geometry": { "type": "Point", "coordinates": [ 9.4479547, 45.7371408 ] } },
{ "type": "Feature", "properties": { "osm_id": "13732295552", "name": null, "barrier": null, "highway": null, "ref": null, "address": null, "is_in": null, "place": null, "man_made": null, "other_tags": "\"addr:housenumber\"=>\"7\",\"addr:street\"=>\"Via Leonardo da Vinci\",\"entrance\"=>\"yes\"" }, "geometry": { "type": "Point", "coordinates": [ 9.4487546, 45.7409496 ] } },
{ "type": "Feature", "properties": { "osm_id": "13732295618", "name": null, "barrier": null, "highway": null, "ref": null, "address": null, "is_in": null, "place": null, "man_made": null, "other_tags": "\"board_type\"=>\"wildlife\",\"information\"=>\"board\",\"noname\"=>\"yes\",\"tourism\"=>\"information\"" }, "geometry": { "type": "Point", "coordinates": [ 9.4455752, 45.7272542 ] } },
{ "type": "Feature", "properties": { "osm_id": "13732295619", "name": null, "barrier": null, "highway": null, "ref": null, "address": null, "is_in": null, "place": null, "man_made": null, "other_tags": "\"addr:housenumber\"=>\"5\",\"addr:street\"=>\"Via Leonardo da Vinci\"" }, "geometry": { "type": "Point", "coordinates": [ 9.4479128, 45.7373508 ] } },
{ "type": "Feature", "properties": { "osm_id": "13732295624", "name": null, "barrier": null, "highway": null, "ref": null, "address": null, "is_in": null, "place": null, "man_made": null, "other_tags": "\"addr:housenumber\"=>\"3\",\"addr:street\"=>\"Piazza Carozzi\",\"entrance\"=>\"yes\"" }, "geometry": { "type": "Point", "coordinates": [ 9.4480078, 45.7399773 ] } },
{ "type": "Feature", "properties": { "osm_id": "13732295625", "name": null, "barrier": null, "highway": null, "ref": null, "address": null, "is_in": null, "place": null, "man_made": null, "other_tags": "\"addr:housenumber\"=>\"5\",\"addr:street\"=>\"Piazza Carozzi\",\"entrance\"=>\"yes\"" }, "geometry": { "type": "Point", "coordinates": [ 9.4479166, 45.7400658 ] } },
{ "type": "Feature", "properties": { "osm_id": "13732295626", "name": null, "barrier": null, "highway": null, "ref": null, "address": null, "is_in": null, "place": null, "man_made": null, "other_tags": "\"addr:housenumber\"=>\"5a\",\"addr:street\"=>\"Via Leonardo da Vinci\",\"entrance\"=>\"yes\"" }, "geometry": { "type": "Point", "coordinates": [ 9.4482958, 45.7402772 ] } },
{ "type": "Feature", "properties": { "osm_id": "13732302928", "name": null, "barrier": null, "highway": null, "ref": null, "address": null, "is_in": null, "place": null, "man_made": null, "other_tags": "\"addr:housenumber\"=>\"1g\",\"addr:street\"=>\"Via Leonardo da Vinci\",\"entrance\"=>\"yes\"" }, "geometry": { "type": "Point", "coordinates": [ 9.4480729, 45.7375321 ] } },
{ "type": "Feature", "properties": { "osm_id": "13732303473", "name": null, "barrier": null, "highway": null, "ref": null, "address": null, "is_in": null, "place": null, "man_made": null, "other_tags": "\"addr:housenumber\"=>\"1e\",\"addr:street\"=>\"Via Leonardo da Vinci\",\"entrance\"=>\"yes\"" }, "geometry": { "type": "Point", "coordinates": [ 9.4479777, 45.7378447 ] } },
{ "type": "Feature", "properties": { "osm_id": "13732304153", "name": null, "barrier": null, "highway": null, "ref": null, "address": null, "is_in": null, "place": null, "man_made": null, "other_tags": "\"amenity\"=>\"bench\",\"backrest\"=>\"yes\"" }, "geometry": { "type": "Point", "coordinates": [ 9.4486651, 45.7407677 ] } },
{ "type": "Feature", "properties": { "osm_id": "13732307380", "name": null, "barrier": null, "highway": null, "ref": null, "address": null, "is_in": null, "place": null, "man_made": null, "other_tags": "\"addr:housenumber\"=>\"12\",\"addr:street\"=>\"Via Leonardo da Vinci\",\"entrance\"=>\"yes\"" }, "geometry": { "type": "Point", "coordinates": [ 9.4479988, 45.7371406 ] } },
{ "type": "Feature", "properties": { "osm_id": "13732307381", "name": null, "barrier": null, "highway": null, "ref": null, "address": null, "is_in": null, "place": null, "man_made": null, "other_tags": "\"addr:housenumber\"=>\"11\",\"addr:street\"=>\"Via Leonardo da Vinci\",\"entrance\"=>\"yes\"" }, "geometry": { "type": "Point", "coordinates": [ 9.4479145, 45.7370375 ] } },
{ "type": "Feature", "properties": { "osm_id": "13732307385", "name": null, "barrier": null, "highway": null, "ref": null, "address": null, "is_in": null, "place": null, "man_made": null, "other_tags": "\"amenity\"=>\"waste_basket\"" }, "geometry": { "type": "Point", "coordinates": [ 9.4480645, 45.7379622 ] } },
{ "type": "Feature", "properties": { "osm_id": "13732307386", "name": null, "barrier": null, "highway": null, "ref": null, "address": null, "is_in": null, "place": null, "man_made": null, "other_tags": "\"addr:housenumber\"=>\"9\",\"addr:street\"=>\"Via Leonardo da Vinci\",\"entrance\"=>\"yes\"" }, "geometry": { "type": "Point", "coordinates": [ 9.448014, 45.7397469 ] } },
{ "type": "Feature", "properties": { "osm_id": "13732307398", "name": null, "barrier": null, "highway": null, "ref": null, "address": null, "is_in": null, "place": null, "man_made": null, "other_tags": "\"addr:housenumber\"=>\"10\",\"addr:street\"=>\"Piazza Carlo Frigerio\",\"entrance\"=>\"yes\"" }, "geometry": { "type": "Point", "coordinates": [ 9.448973, 45.7417207 ] } },
{ "type": "Feature", "properties": { "osm_id": "13732307399", "name": null, "barrier": null, "highway": null, "ref": null, "address": null, "is_in": null, "place": null, "man_made": null, "other_tags": "\"amenity\"=>\"waste_basket\"" }, "geometry": { "type": "Point", "coordinates": [ 9.4495131, 45.7420621 ] } },
{ "type": "Feature", "properties": { "osm_id": "13732308523", "name": null, "barrier": null, "highway": null, "ref": null, "address": null, "is_in": null, "place": null, "man_made": null, "other_tags": "\"advertising\"=>\"board\"" }, "geometry": { "type": "Point", "coordinates": [ 9.448444, 45.7406569 ] } },
{ "type": "Feature", "properties": { "osm_id": "13732308874", "name": null, "barrier": null, "highway": null, "ref": null, "address": null, "is_in": null, "place": null, "man_made": null, "other_tags": "\"amenity\"=>\"waste_basket\"" }, "geometry": { "type": "Point", "coordinates": [ 9.44818, 45.7372593 ] } },
{ "type": "Feature", "properties": { "osm_id": "13732312608", "name": null, "barrier": null, "highway": null, "ref": null, "address": null, "is_in": null, "place": null, "man_made": null, "other_tags": "\"addr:housenumber\"=>\"1d\",\"addr:street\"=>\"Via Leonardo da Vinci\",\"entrance\"=>\"yes\"" }, "geometry": { "type": "Point", "coordinates": [ 9.4479565, 45.7378971 ] } },
{ "type": "Feature", "properties": { "osm_id": "13732312622", "name": null, "barrier": null, "highway": null, "ref": null, "address": null, "is_in": null, "place": null, "man_made": null, "other_tags": "\"amenity\"=>\"waste_basket\"" }, "geometry": { "type": "Point", "coordinates": [ 9.4485628, 45.7406266 ] } },
{ "type": "Feature", "properties": { "osm_id": "13732312815", "name": null, "barrier": null, "highway": null, "ref": null, "address": null, "is_in": null, "place": null, "man_made": null, "other_tags": "\"addr:housenumber\"=>\"14\",\"addr:street\"=>\"Via Leonardo da Vinci\",\"entrance\"=>\"yes\"" }, "geometry": { "type": "Point", "coordinates": [ 9.4477128, 45.7366521 ] } },
{ "type": "Feature", "properties": { "osm_id": "13732314245", "name": null, "barrier": null, "highway": null, "ref": null, "address": null, "is_in": null, "place": null, "man_made": null, "other_tags": "\"historic\"=>\"wayside_shrine\",\"religion\"=>\"christian\"" }, "geometry": { "type": "Point", "coordinates": [ 9.4480431, 45.7371712 ] } },
{ "type": "Feature", "properties": { "osm_id": "13732314246", "name": null, "barrier": null, "highway": null, "ref": null, "address": null, "is_in": null, "place": null, "man_made": null, "other_tags": "\"addr:housenumber\"=>\"4\",\"addr:street\"=>\"Via Leonardo da Vinci\",\"entrance\"=>\"yes\"" }, "geometry": { "type": "Point", "coordinates": [ 9.4479344, 45.737389 ] } },
{ "type": "Feature", "properties": { "osm_id": "13732318878", "name": null, "barrier": null, "highway": null, "ref": null, "address": null, "is_in": null, "place": null, "man_made": null, "other_tags": "\"addr:housenumber\"=>\"9\",\"addr:street\"=>\"Via Leonardo da Vinci\",\"entrance\"=>\"yes\"" }, "geometry": { "type": "Point", "coordinates": [ 9.4479773, 45.737186 ] } },
{ "type": "Feature", "properties": { "osm_id": "13732318879", "name": null, "barrier": null, "highway": null, "ref": null, "address": null, "is_in": null, "place": null, "man_made": null, "other_tags": "\"amenity\"=>\"waste_basket\"" }, "geometry": { "type": "Point", "coordinates": [ 9.448116, 45.7378283 ] } },
{ "type": "Feature", "properties": { "osm_id": "13732318880", "name": null, "barrier": null, "highway": null, "ref": null, "address": null, "is_in": null, "place": null, "man_made": null, "other_tags": "\"addr:housenumber\"=>\"1\",\"addr:street\"=>\"Via Leonardo da Vinci\",\"entrance\"=>\"yes\"" }, "geometry": { "type": "Point", "coordinates": [ 9.447878, 45.7380916 ] } },
{ "type": "Feature", "properties": { "osm_id": "13732318881", "name": null, "barrier": null, "highway": null, "ref": null, "address": null, "is_in": null, "place": null, "man_made": null, "other_tags": "\"addr:housenumber\"=>\"3\",\"addr:street\"=>\"Via Leonardo da Vinci\",\"entrance\"=>\"yes\"" }, "geometry": { "type": "Point", "coordinates": [ 9.4487082, 45.7408238 ] } },
{ "type": "Feature", "properties": { "osm_id": "13732318882", "name": null, "barrier": null, "highway": null, "ref": null, "address": null, "is_in": null, "place": null, "man_made": null, "other_tags": "\"addr:housenumber\"=>\"14\",\"addr:street\"=>\"Via Suor Maria Anna Sala\",\"entrance\"=>\"yes\"" }, "geometry": { "type": "Point", "coordinates": [ 9.4488289, 45.7411274 ] } },
{ "type": "Feature", "properties": { "osm_id": "13732319088", "name": null, "barrier": null, "highway": null, "ref": null, "address": null, "is_in": null, "place": null, "man_made": null, "other_tags": "\"amenity\"=>\"vending_machine\",\"vending\"=>\"excrement_bags\"" }, "geometry": { "type": "Point", "coordinates": [ 9.4481797, 45.7372815 ] } },
{ "type": "Feature", "properties": { "osm_id": "13732326182", "name": null, "barrier": null, "highway": null, "ref": null, "address": null, "is_in": null, "place": null, "man_made": null, "other_tags": "\"addr:housenumber\"=>\"1h\",\"addr:street\"=>\"Via Leonardo da Vinci\",\"entrance\"=>\"yes\"" }, "geometry": { "type": "Point", "coordinates": [ 9.4480715, 45.7374973 ] } },
{ "type": "Feature", "properties": { "osm_id": "13732326568", "name": null, "barrier": null, "highway": null, "ref": null, "address": null, "is_in": null, "place": null, "man_made": null, "other_tags": "\"amenity\"=>\"waste_basket\"" }, "geometry": { "type": "Point", "coordinates": [ 9.4480172, 45.739655 ] } },
{ "type": "Feature", "properties": { "osm_id": "13732326905", "name": null, "barrier": null, "highway": null, "ref": null, "address": null, "is_in": null, "place": null, "man_made": null, "other_tags": "\"amenity\"=>\"waste_basket\"" }, "geometry": { "type": "Point", "coordinates": [ 9.4486825, 45.7407893 ] } },
{ "type": "Feature", "properties": { "osm_id": "13732327384", "name": "Il Vecchio Forno", "barrier": null, "highway": null, "ref": null, "address": null, "is_in": null, "place": null, "man_made": null, "other_tags": "\"addr:housenumber\"=>\"2\",\"addr:street\"=>\"Piazza Carozzi\",\"opening_hours\"=>\"Mo-Sa 07:30-13:00\",\"phone\"=>\"+39\",\"shop\"=>\"bakery\"" }, "geometry": { "type": "Point", "coordinates": [ 9.4480856, 45.7399602 ] } },
{ "type": "Feature", "properties": { "osm_id": "13732327458", "name": null, "barrier": null, "highway": null, "ref": null, "address": null, "is_in": null, "place": null, "man_made": null, "other_tags": "\"addr:housenumber\"=>\"16\",\"addr:street\"=>\"Via Suor Maria Anna Sala\",\"entrance\"=>\"yes\"" }, "geometry": { "type": "Point", "coordinates": [ 9.4489083, 45.7410857 ] } },
{ "type": "Feature", "properties": { "osm_id": "13732327601", "name": null, "barrier": null, "highway": null, "ref": null, "address": null, "is_in": null, "place": null, "man_made": null, "other_tags": "\"addr:housenumber\"=>\"1c\",\"addr:street\"=>\"Via Leonardo da Vinci\",\"entrance\"=>\"yes\"" }, "geometry": { "type": "Point", "coordinates": [ 9.4479274, 45.7379691 ] } },
{ "type": "Feature", "properties": { "osm_id": "13732327611", "name": null, "barrier": null, "highway": null, "ref": null, "address": null, "is_in": null, "place": null, "man_made": null, "other_tags": "\"amenity\"=>\"waste_basket\"" }, "geometry": { "type": "Point", "coordinates": [ 9.4494785, 45.7420278 ] } },
{ "type": "Feature", "properties": { "osm_id": "13732328813", "name": null, "barrier": null, "highway": null, "ref": null, "address": null, "is_in": null, "place": null, "man_made": null, "other_tags": "\"addr:housenumber\"=>\"8\",\"addr:street\"=>\"Via Leonardo da Vinci\",\"entrance\"=>\"yes\"" }, "geometry": { "type": "Point", "coordinates": [ 9.4480995, 45.7398821 ] } },
{ "type": "Feature", "properties": { "osm_id": "13732329681", "name": null, "barrier": null, "highway": null, "ref": null, "address": null, "is_in": null, "place": null, "man_made": null, "other_tags": "\"addr:housenumber\"=>\"1\",\"addr:street\"=>\"Piazza Carozzi\",\"entrance\"=>\"yes\"" }, "geometry": { "type": "Point", "coordinates": [ 9.4481042, 45.7401034 ] } },
{ "type": "Feature", "properties": { "osm_id": "13732332595", "name": null, "barrier": null, "highway": null, "ref": null, "address": null, "is_in": null, "place": null, "man_made": null, "other_tags": "\"addr:housenumber\"=>\"11\",\"addr:street\"=>\"Via Leonardo da Vinci\",\"entrance\"=>\"yes\"" }, "geometry": { "type": "Point", "coordinates": [ 9.4479314, 45.7396591 ] } },
{ "type": "Feature", "properties": { "osm_id": "13732332703", "name": null, "barrier": null, "highway": null, "ref": null, "address": null, "is_in": null, "place": null, "man_made": null, "other_tags": "\"addr:housenumber\"=>\"2\",\"addr:street\"=>\"Piazza Monsignor Gaffuri\",\"entrance\"=>\"yes\"" }, "geometry": { "type": "Point", "coordinates": [ 9.448327, 45.7404238 ] } },
{ "type": "Feature", "properties": { "osm_id": "13732332975", "name": null, "barrier": null, "highway": null, "ref": null, "address": null, "is_in": null, "place": null, "man_made": null, "other_tags": "\"addr:housenumber\"=>\"1\",\"addr:street\"=>\"Via Leonardo da Vinci\",\"entrance\"=>\"yes\"" }, "geometry": { "type": "Point", "coordinates": [ 9.4489136, 45.7410509 ] } },
{ "type": "Feature", "properties": { "osm_id": "13732334390", "name": null, "barrier": null, "highway": null, "ref": null, "address": null, "is_in": null, "place": null, "man_made": null, "other_tags": "\"amenity\"=>\"bench\",\"backrest\"=>\"yes\"" }, "geometry": { "type": "Point", "coordinates": [ 9.4485792, 45.740644 ] } },
{ "type": "Feature", "properties": { "osm_id": "13732335203", "name": "Caffè del fiume", "barrier": null, "highway": null, "ref": null, "address": null, "is_in": null, "place": null, "man_made": null, "other_tags": "\"addr:housenumber\"=>\"9\",\"addr:street\"=>\"Via Leonardo da Vinci\",\"amenity\"=>\"cafe\"" }, "geometry": { "type": "Point", "coordinates": [ 9.4487912, 45.7409439 ] } },
{ "type": "Feature", "properties": { "osm_id": "13732342053", "name": null, "barrier": null, "highway": null, "ref": null, "address": null, "is_in": null, "place": null, "man_made": null, "other_tags": "\"addr:housenumber\"=>\"5\",\"addr:street\"=>\"Via Roma\",\"entrance\"=>\"yes\"" }, "geometry": { "type": "Point", "coordinates": [ 9.4484171, 45.7407931 ] } },
{ "type": "Feature", "properties": { "osm_id": "13732343077", "name": null, "barrier": null, "highway": null, "ref": null, "address": null, "is_in": null, "place": null, "man_made": null, "other_tags": "\"addr:housenumber\"=>\"1\",\"addr:street\"=>\"Piazza Lavelli de' Capitani\",\"entrance\"=>\"yes\"" }, "geometry": { "type": "Point", "coordinates": [ 9.4485584, 45.7408306 ] } },
{ "type": "Feature", "properties": { "osm_id": "13732343939", "name": null, "barrier": null, "highway": null, "ref": null, "address": null, "is_in": null, "place": null, "man_made": null, "other_tags": "\"addr:housenumber\"=>\"2\",\"addr:street\"=>\"Via Leonardo da Vinci\",\"entrance\"=>\"yes\"" }, "geometry": { "type": "Point", "coordinates": [ 9.4488702, 45.7410007 ] } },
{ "type": "Feature", "properties": { "osm_id": "13732345395", "name": null, "barrier": null, "highway": null, "ref": null, "address": null, "is_in": null, "place": null, "man_made": null, "other_tags": "\"addr:housenumber\"=>\"4\",\"addr:street\"=>\"Piazza Lavelli de' Capitani\",\"entrance\"=>\"yes\"" }, "geometry": { "type": "Point", "coordinates": [ 9.448481, 45.7406427 ] } },
{ "type": "Feature", "properties": { "osm_id": "13732345399", "name": null, "barrier": null, "highway": null, "ref": null, "address": null, "is_in": null, "place": null, "man_made": null, "other_tags": "\"addr:housenumber\"=>\"2a\",\"addr:street\"=>\"Via Leonardo da Vinci\",\"entrance\"=>\"yes\"" }, "geometry": { "type": "Point", "coordinates": [ 9.4487409, 45.7408801 ] } },
{ "type": "Feature", "properties": { "osm_id": "13732347203", "name": null, "barrier": null, "highway": null, "ref": null, "address": null, "is_in": null, "place": null, "man_made": null, "other_tags": "\"defibrillator:location\"=>\"Esattamente opposto alla piazza, sul lungo fiume\",\"emergency\"=>\"defibrillator\",\"indoor\"=>\"no\"" }, "geometry": { "type": "Point", "coordinates": [ 9.4494151, 45.7420249 ] } },
{ "type": "Feature", "properties": { "osm_id": "13732348651", "name": null, "barrier": null, "highway": null, "ref": null, "address": null, "is_in": null, "place": null, "man_made": null, "other_tags": "\"addr:housenumber\"=>\"9\",\"addr:street\"=>\"Piazza Carlo Frigerio\",\"entrance\"=>\"yes\"" }, "geometry": { "type": "Point", "coordinates": [ 9.4489574, 45.7416474 ] } },
{ "type": "Feature", "properties": { "osm_id": "13732352466", "name": null, "barrier": null, "highway": null, "ref": null, "address": null, "is_in": null, "place": null, "man_made": null, "other_tags": "\"addr:housenumber\"=>\"1\",\"addr:street\"=>\"Piazza Carlo Frigerio\",\"entrance\"=>\"yes\"" }, "geometry": { "type": "Point", "coordinates": [ 9.4493901, 45.742208 ] } },
{ "type": "Feature", "properties": { "osm_id": "13732366107", "name": null, "barrier": null, "highway": null, "ref": null, "address": null, "is_in": null, "place": null, "man_made": null, "other_tags": "\"addr:housenumber\"=>\"2\",\"addr:street\"=>\"Piazza Carlo Frigerio\",\"entrance\"=>\"yes\"" }, "geometry": { "type": "Point", "coordinates": [ 9.449431, 45.7422919 ] } },
{ "type": "Feature", "properties": { "osm_id": "13732374801", "name": null, "barrier": null, "highway": null, "ref": null, "address": null, "is_in": null, "place": null, "man_made": null, "other_tags": "\"addr:housenumber\"=>\"3\",\"addr:street\"=>\"Piazza Carlo Frigerio\",\"entrance\"=>\"yes\"" }, "geometry": { "type": "Point", "coordinates": [ 9.4494696, 45.7423711 ] } },
{ "type": "Feature", "properties": { "osm_id": "13732754289", "name": null, "barrier": null, "highway": null, "ref": null, "address": null, "is_in": null, "place": null, "man_made": null, "other_tags": "\"hiking\"=>\"yes\",\"information\"=>\"guidepost\",\"mapillary\"=>\"1602613247702605\",\"material\"=>\"wood\",\"operator\"=>\"Parco Regionale di Montevecchia e della Valle del Curone\",\"support\"=>\"pole\",\"survey:date\"=>\"2026-04-15\",\"tourism\"=>\"information\"" }, "geometry": { "type": "Point", "coordinates": [ 9.3775083, 45.7100443 ] } },
{ "type": "Feature", "properties": { "osm_id": "13732754290", "name": null, "barrier": null, "highway": null, "ref": null, "address": null, "is_in": null, "place": null, "man_made": null, "other_tags": "\"hiking\"=>\"yes\",\"information\"=>\"guidepost\",\"mapillary\"=>\"1454849393106616\",\"material\"=>\"wood\",\"operator\"=>\"Parco Regionale di Montevecchia e della Valle del Curone\",\"support\"=>\"pole\",\"survey:date\"=>\"2026-04-15\",\"tourism\"=>\"information\"" }, "geometry": { "type": "Point", "coordinates": [ 9.3754953, 45.7117997 ] } },
{ "type": "Feature", "properties": { "osm_id": "13732754291", "name": null, "barrier": null, "highway": null, "ref": null, "address": null, "is_in": null, "place": null, "man_made": null, "other_tags": "\"hiking\"=>\"yes\",\"information\"=>\"guidepost\",\"mapillary\"=>\"1863202210921230\",\"material\"=>\"wood\",\"operator\"=>\"Parco Regionale di Montevecchia e della Valle del Curone\",\"support\"=>\"pole\",\"survey:date\"=>\"2026-04-15\",\"tourism\"=>\"information\"" }, "geometry": { "type": "Point", "coordinates": [ 9.3718038, 45.7130896 ] } },
{ "type": "Feature", "properties": { "osm_id": "13732754292", "name": null, "barrier": null, "highway": null, "ref": null, "address": null, "is_in": null, "place": null, "man_made": null, "other_tags": "\"hiking\"=>\"yes\",\"information\"=>\"guidepost\",\"mapillary\"=>\"1533445445452657\",\"material\"=>\"wood\",\"operator\"=>\"Parco Regionale di Montevecchia e della Valle del Curone\",\"support\"=>\"pole\",\"survey:date\"=>\"2026-04-15\",\"tourism\"=>\"information\"" }, "geometry": { "type": "Point", "coordinates": [ 9.3718004, 45.7130803 ] } },
{ "type": "Feature", "properties": { "osm_id": "13734717830", "name": null, "barrier": null, "highway": null, "ref": null, "address": null, "is_in": null, "place": null, "man_made": null, "other_tags": "\"amenity\"=>\"waste_basket\"" }, "geometry": { "type": "Point", "coordinates": [ 9.4457036, 45.731826 ] } },
{ "type": "Feature", "properties": { "osm_id": "13752952515", "name": null, "barrier": null, "highway": null, "ref": null, "address": null, "is_in": null, "place": null, "man_made": null, "other_tags": "\"hiking\"=>\"yes\",\"information\"=>\"guidepost\",\"mapillary\"=>\"951454017794155\",\"material\"=>\"wood\",\"operator\"=>\"Parco Regionale di Montevecchia e della Valle del Curone\",\"support\"=>\"pole\",\"survey:date\"=>\"2026-04-22\",\"tourism\"=>\"information\"" }, "geometry": { "type": "Point", "coordinates": [ 9.3801421, 45.7124796 ] } },
{ "type": "Feature", "properties": { "osm_id": "13752952516", "name": null, "barrier": null, "highway": null, "ref": null, "address": null, "is_in": null, "place": null, "man_made": null, "other_tags": "\"hiking\"=>\"yes\",\"information\"=>\"guidepost\",\"mapillary\"=>\"1639518667251759\",\"material\"=>\"wood\",\"operator\"=>\"Parco Regionale di Montevecchia e della Valle del Curone\",\"support\"=>\"pole\",\"survey:date\"=>\"2026-04-22\",\"tourism\"=>\"information\"" }, "geometry": { "type": "Point", "coordinates": [ 9.3801681, 45.7126289 ] } },
{ "type": "Feature", "properties": { "osm_id": "13752952517", "name": null, "barrier": null, "highway": null, "ref": null, "address": null, "is_in": null, "place": null, "man_made": null, "other_tags": "\"hiking\"=>\"yes\",\"information\"=>\"guidepost\",\"mapillary\"=>\"2470282503421623\",\"material\"=>\"wood\",\"operator\"=>\"Parco Regionale di Montevecchia e della Valle del Curone\",\"support\"=>\"pole\",\"survey:date\"=>\"2026-04-22\",\"tourism\"=>\"information\"" }, "geometry": { "type": "Point", "coordinates": [ 9.3804135, 45.7126029 ] } },
{ "type": "Feature", "properties": { "osm_id": "13752952519", "name": null, "barrier": null, "highway": null, "ref": null, "address": null, "is_in": null, "place": null, "man_made": null, "other_tags": "\"hiking\"=>\"yes\",\"information\"=>\"guidepost\",\"mapillary\"=>\"2090458165145425\",\"material\"=>\"wood\",\"operator\"=>\"Parco Regionale di Montevecchia e della Valle del Curone\",\"support\"=>\"pole\",\"survey:date\"=>\"2026-04-22\",\"tourism\"=>\"information\"" }, "geometry": { "type": "Point", "coordinates": [ 9.3813559, 45.7109409 ] } },
{ "type": "Feature", "properties": { "osm_id": "13761866286", "name": null, "barrier": "swing_gate", "highway": null, "ref": null, "address": null, "is_in": null, "place": null, "man_made": null, "other_tags": "\"access\"=>\"no\"" }, "geometry": { "type": "Point", "coordinates": [ 9.3965666, 45.750591 ] } },
{ "type": "Feature", "properties": { "osm_id": "13762139214", "name": null, "barrier": null, "highway": null, "ref": null, "address": null, "is_in": null, "place": null, "man_made": null, "other_tags": "\"amenity\"=>\"bench\"" }, "geometry": { "type": "Point", "coordinates": [ 9.382415, 45.7460921 ] } },
{ "type": "Feature", "properties": { "osm_id": "13762139216", "name": null, "barrier": null, "highway": null, "ref": null, "address": null, "is_in": null, "place": null, "man_made": null, "other_tags": "\"historic\"=>\"wayside_shrine\"" }, "geometry": { "type": "Point", "coordinates": [ 9.3823764, 45.7460948 ] } },
{ "type": "Feature", "properties": { "osm_id": "13776064946", "name": null, "barrier": null, "highway": null, "ref": null, "address": null, "is_in": null, "place": null, "man_made": null, "other_tags": "\"board_type\"=>\"geology\",\"information\"=>\"board\",\"language\"=>\"it\",\"mapillary\"=>\"936703369170320\",\"operator\"=>\"Parco Regionale di Montevecchia e della Valle del Curone\",\"tourism\"=>\"information\"" }, "geometry": { "type": "Point", "coordinates": [ 9.3635256, 45.710281 ] } },
{ "type": "Feature", "properties": { "osm_id": "13776064947", "name": null, "barrier": null, "highway": null, "ref": null, "address": null, "is_in": null, "place": null, "man_made": null, "other_tags": "\"check_date\"=>\"2026-04-29\",\"description\"=>\"Carta escursionistica del parco di Montevecchia e della Valle del Curone\",\"hiking\"=>\"yes\",\"information\"=>\"map\",\"map_size\"=>\"region\",\"map_type\"=>\"topo\",\"mapillary\"=>\"1007632974933959\",\"tourism\"=>\"information\"" }, "geometry": { "type": "Point", "coordinates": [ 9.3635548, 45.7102746 ] } },
{ "type": "Feature", "properties": { "osm_id": "13776064948", "name": null, "barrier": null, "highway": null, "ref": null, "address": null, "is_in": null, "place": null, "man_made": "water_tap", "other_tags": "\"amenity\"=>\"drinking_water\"" }, "geometry": { "type": "Point", "coordinates": [ 9.3635702, 45.7102281 ] } },
{ "type": "Feature", "properties": { "osm_id": "13776064978", "name": null, "barrier": null, "highway": null, "ref": null, "address": null, "is_in": null, "place": null, "man_made": null, "other_tags": "\"hiking\"=>\"yes\",\"information\"=>\"guidepost\",\"mapillary\"=>\"2807259286305583\",\"material\"=>\"wood\",\"operator\"=>\"Parco Regionale di Montevecchia e della Valle del Curone\",\"support\"=>\"pole\",\"survey:date\"=>\"2026-04-29\",\"tourism\"=>\"information\"" }, "geometry": { "type": "Point", "coordinates": [ 9.3612193, 45.7121853 ] } },
{ "type": "Feature", "properties": { "osm_id": "13776064980", "name": null, "barrier": null, "highway": null, "ref": null, "address": null, "is_in": null, "place": null, "man_made": null, "other_tags": "\"hiking\"=>\"yes\",\"information\"=>\"guidepost\",\"mapillary\"=>\"1544976713916980\",\"material\"=>\"wood\",\"operator\"=>\"Parco Regionale di Montevecchia e della Valle del Curone\",\"support\"=>\"pole\",\"survey:date\"=>\"2026-04-29\",\"tourism\"=>\"information\"" }, "geometry": { "type": "Point", "coordinates": [ 9.3552723, 45.7159177 ] } },
{ "type": "Feature", "properties": { "osm_id": "13776064981", "name": null, "barrier": null, "highway": null, "ref": null, "address": null, "is_in": null, "place": null, "man_made": null, "other_tags": "\"hiking\"=>\"yes\",\"information\"=>\"guidepost\",\"mapillary\"=>\"816678141510788\",\"material\"=>\"wood\",\"operator\"=>\"Parco Regionale di Montevecchia e della Valle del Curone\",\"support\"=>\"pole\",\"survey:date\"=>\"2026-04-29\",\"tourism\"=>\"information\"" }, "geometry": { "type": "Point", "coordinates": [ 9.3572449, 45.7170478 ] } },
{ "type": "Feature", "properties": { "osm_id": "13776064982", "name": null, "barrier": null, "highway": null, "ref": null, "address": null, "is_in": null, "place": null, "man_made": null, "other_tags": "\"hiking\"=>\"yes\",\"information\"=>\"guidepost\",\"mapillary\"=>\"1603329310739438\",\"material\"=>\"wood\",\"operator\"=>\"Parco Regionale di Montevecchia e della Valle del Curone\",\"support\"=>\"pole\",\"survey:date\"=>\"2026-04-29\",\"tourism\"=>\"information\"" }, "geometry": { "type": "Point", "coordinates": [ 9.3604863, 45.7147916 ] } },
{ "type": "Feature", "properties": { "osm_id": "13776064985", "name": null, "barrier": null, "highway": null, "ref": null, "address": null, "is_in": null, "place": null, "man_made": null, "other_tags": "\"hiking\"=>\"yes\",\"information\"=>\"guidepost\",\"mapillary\"=>\"1886273155420150\",\"material\"=>\"wood\",\"operator\"=>\"Parco Regionale di Montevecchia e della Valle del Curone\",\"support\"=>\"pole\",\"survey:date\"=>\"2026-04-29\",\"tourism\"=>\"information\"" }, "geometry": { "type": "Point", "coordinates": [ 9.3640932, 45.7119268 ] } },
{ "type": "Feature", "properties": { "osm_id": "13776064986", "name": null, "barrier": null, "highway": null, "ref": null, "address": null, "is_in": null, "place": null, "man_made": null, "other_tags": "\"hiking\"=>\"yes\",\"information\"=>\"guidepost\",\"mapillary\"=>\"956443670617175\",\"material\"=>\"wood\",\"operator\"=>\"Parco Regionale di Montevecchia e della Valle del Curone\",\"support\"=>\"pole\",\"survey:date\"=>\"2026-04-29\",\"tourism\"=>\"information\"" }, "geometry": { "type": "Point", "coordinates": [ 9.3656281, 45.710674 ] } },
{ "type": "Feature", "properties": { "osm_id": "13776064988", "name": null, "barrier": null, "highway": null, "ref": null, "address": null, "is_in": null, "place": null, "man_made": null, "other_tags": "\"hiking\"=>\"yes\",\"information\"=>\"guidepost\",\"mapillary\"=>\"1466443991261667\",\"material\"=>\"wood\",\"operator\"=>\"Parco Regionale di Montevecchia e della Valle del Curone\",\"support\"=>\"pole\",\"survey:date\"=>\"2026-04-29\",\"tourism\"=>\"information\"" }, "geometry": { "type": "Point", "coordinates": [ 9.3676641, 45.7104677 ] } },
{ "type": "Feature", "properties": { "osm_id": "13809105557", "name": null, "barrier": null, "highway": null, "ref": null, "address": null, "is_in": null, "place": null, "man_made": null, "other_tags": "\"hiking\"=>\"yes\",\"information\"=>\"guidepost\",\"mapillary\"=>\"1365679158720306\",\"material\"=>\"wood\",\"operator\"=>\"Parco Regionale di Montevecchia e della Valle del Curone\",\"support\"=>\"pole\",\"survey:date\"=>\"2026-05-08\",\"tourism\"=>\"information\"" }, "geometry": { "type": "Point", "coordinates": [ 9.3789312, 45.7154819 ] } },
{ "type": "Feature", "properties": { "osm_id": "13809105558", "name": null, "barrier": null, "highway": null, "ref": null, "address": null, "is_in": null, "place": null, "man_made": null, "other_tags": "\"hiking\"=>\"yes\",\"information\"=>\"guidepost\",\"mapillary\"=>\"1519887692802048\",\"material\"=>\"wood\",\"operator\"=>\"Parco Regionale di Montevecchia e della Valle del Curone\",\"support\"=>\"pole\",\"survey:date\"=>\"2026-05-08\",\"tourism\"=>\"information\"" }, "geometry": { "type": "Point", "coordinates": [ 9.3738645, 45.7147702 ] } },
{ "type": "Feature", "properties": { "osm_id": "13809105559", "name": null, "barrier": null, "highway": null, "ref": null, "address": null, "is_in": null, "place": null, "man_made": null, "other_tags": "\"hiking\"=>\"yes\",\"information\"=>\"guidepost\",\"mapillary\"=>\"1288310783425834\",\"material\"=>\"wood\",\"operator\"=>\"Parco Regionale di Montevecchia e della Valle del Curone\",\"support\"=>\"pole\",\"survey:date\"=>\"2026-05-08\",\"tourism\"=>\"information\"" }, "geometry": { "type": "Point", "coordinates": [ 9.3713615, 45.7139584 ] } },
{ "type": "Feature", "properties": { "osm_id": "13809105560", "name": null, "barrier": null, "highway": null, "ref": null, "address": null, "is_in": null, "place": null, "man_made": null, "other_tags": "\"hiking\"=>\"yes\",\"information\"=>\"guidepost\",\"mapillary\"=>\"2419972921838957\",\"material\"=>\"wood\",\"operator\"=>\"Parco Regionale di Montevecchia e della Valle del Curone\",\"support\"=>\"pole\",\"survey:date\"=>\"2026-05-08\",\"tourism\"=>\"information\"" }, "geometry": { "type": "Point", "coordinates": [ 9.3718916, 45.7133701 ] } },
{ "type": "Feature", "properties": { "osm_id": "13809105561", "name": null, "barrier": null, "highway": null, "ref": null, "address": null, "is_in": null, "place": null, "man_made": null, "other_tags": "\"hiking\"=>\"yes\",\"information\"=>\"guidepost\",\"mapillary\"=>\"2715871758786920\",\"material\"=>\"wood\",\"operator\"=>\"Parco Regionale di Montevecchia e della Valle del Curone\",\"support\"=>\"pole\",\"survey:date\"=>\"2026-05-08\",\"tourism\"=>\"information\"" }, "geometry": { "type": "Point", "coordinates": [ 9.37188, 45.7133662 ] } },
{ "type": "Feature", "properties": { "osm_id": "13809105562", "name": null, "barrier": null, "highway": null, "ref": null, "address": null, "is_in": null, "place": null, "man_made": null, "other_tags": "\"hiking\"=>\"yes\",\"information\"=>\"guidepost\",\"mapillary\"=>\"1342989501269107\",\"material\"=>\"wood\",\"operator\"=>\"Parco Regionale di Montevecchia e della Valle del Curone\",\"support\"=>\"pole\",\"survey:date\"=>\"2026-05-08\",\"tourism\"=>\"information\"" }, "geometry": { "type": "Point", "coordinates": [ 9.3680162, 45.7166725 ] } },
{ "type": "Feature", "properties": { "osm_id": "13809105563", "name": null, "barrier": null, "highway": null, "ref": null, "address": null, "is_in": null, "place": null, "man_made": null, "other_tags": "\"hiking\"=>\"yes\",\"information\"=>\"guidepost\",\"mapillary\"=>\"1283414756730247\",\"material\"=>\"wood\",\"operator\"=>\"Parco Regionale di Montevecchia e della Valle del Curone\",\"support\"=>\"pole\",\"survey:date\"=>\"2026-05-08\",\"tourism\"=>\"information\"" }, "geometry": { "type": "Point", "coordinates": [ 9.3681461, 45.7154572 ] } },
{ "type": "Feature", "properties": { "osm_id": "13809105564", "name": null, "barrier": null, "highway": null, "ref": null, "address": null, "is_in": null, "place": null, "man_made": null, "other_tags": "\"hiking\"=>\"yes\",\"information\"=>\"guidepost\",\"mapillary\"=>\"980681054685744\",\"material\"=>\"wood\",\"operator\"=>\"Parco Regionale di Montevecchia e della Valle del Curone\",\"support\"=>\"pole\",\"survey:date\"=>\"2026-05-08\",\"tourism\"=>\"information\"" }, "geometry": { "type": "Point", "coordinates": [ 9.3703884, 45.7155184 ] } },
{ "type": "Feature", "properties": { "osm_id": "13809105566", "name": null, "barrier": null, "highway": null, "ref": null, "address": null, "is_in": null, "place": null, "man_made": null, "other_tags": "\"hiking\"=>\"yes\",\"information\"=>\"guidepost\",\"mapillary\"=>\"2803943563315195\",\"material\"=>\"wood\",\"operator\"=>\"Parco Regionale di Montevecchia e della Valle del Curone\",\"support\"=>\"pole\",\"survey:date\"=>\"2026-05-08\",\"tourism\"=>\"information\"" }, "geometry": { "type": "Point", "coordinates": [ 9.3682054, 45.7158636 ] } },
{ "type": "Feature", "properties": { "osm_id": "13809105567", "name": null, "barrier": null, "highway": null, "ref": null, "address": null, "is_in": null, "place": null, "man_made": null, "other_tags": "\"hiking\"=>\"yes\",\"information\"=>\"guidepost\",\"mapillary\"=>\"835314675791673\",\"material\"=>\"wood\",\"operator\"=>\"Parco Regionale di Montevecchia e della Valle del Curone\",\"support\"=>\"pole\",\"survey:date\"=>\"2026-05-08\",\"tourism\"=>\"information\"" }, "geometry": { "type": "Point", "coordinates": [ 9.367994, 45.7160144 ] } },
{ "type": "Feature", "properties": { "osm_id": "13809105568", "name": null, "barrier": null, "highway": null, "ref": null, "address": null, "is_in": null, "place": null, "man_made": null, "other_tags": "\"hiking\"=>\"yes\",\"information\"=>\"guidepost\",\"mapillary\"=>\"1400515971832449\",\"material\"=>\"wood\",\"operator\"=>\"Parco Regionale di Montevecchia e della Valle del Curone\",\"support\"=>\"pole\",\"survey:date\"=>\"2026-05-08\",\"tourism\"=>\"information\"" }, "geometry": { "type": "Point", "coordinates": [ 9.3685144, 45.7141719 ] } },
{ "type": "Feature", "properties": { "osm_id": "13809105569", "name": null, "barrier": null, "highway": null, "ref": null, "address": null, "is_in": null, "place": null, "man_made": null, "other_tags": "\"hiking\"=>\"yes\",\"information\"=>\"guidepost\",\"mapillary\"=>\"1329261872421800\",\"material\"=>\"wood\",\"operator\"=>\"Parco Regionale di Montevecchia e della Valle del Curone\",\"support\"=>\"pole\",\"survey:date\"=>\"2026-05-08\",\"tourism\"=>\"information\"" }, "geometry": { "type": "Point", "coordinates": [ 9.3729814, 45.7169874 ] } },
{ "type": "Feature", "properties": { "osm_id": "13809105570", "name": null, "barrier": null, "highway": null, "ref": null, "address": null, "is_in": null, "place": null, "man_made": null, "other_tags": "\"hiking\"=>\"yes\",\"information\"=>\"guidepost\",\"mapillary\"=>\"1496879065558821\",\"material\"=>\"wood\",\"operator\"=>\"Parco Regionale di Montevecchia e della Valle del Curone\",\"support\"=>\"pole\",\"survey:date\"=>\"2026-05-08\",\"tourism\"=>\"information\"" }, "geometry": { "type": "Point", "coordinates": [ 9.3800197, 45.7139377 ] } },
{ "type": "Feature", "properties": { "osm_id": "13809105571", "name": null, "barrier": null, "highway": null, "ref": null, "address": null, "is_in": null, "place": null, "man_made": null, "other_tags": "\"hiking\"=>\"yes\",\"information\"=>\"guidepost\",\"material\"=>\"wood\",\"operator\"=>\"Parco Regionale di Montevecchia e della Valle del Curone\",\"support\"=>\"pole\",\"survey:date\"=>\"2026-05-08\",\"tourism\"=>\"information\"" }, "geometry": { "type": "Point", "coordinates": [ 9.3758663, 45.7152128 ] } },
{ "type": "Feature", "properties": { "osm_id": "13809105572", "name": null, "barrier": null, "highway": null, "ref": null, "address": null, "is_in": null, "place": null, "man_made": null, "other_tags": "\"hiking\"=>\"yes\",\"information\"=>\"guidepost\",\"mapillary\"=>\"2338671593323958\",\"material\"=>\"wood\",\"operator\"=>\"Parco Regionale di Montevecchia e della Valle del Curone\",\"support\"=>\"pole\",\"survey:date\"=>\"2026-05-08\",\"tourism\"=>\"information\"" }, "geometry": { "type": "Point", "coordinates": [ 9.3808668, 45.7134258 ] } },
{ "type": "Feature", "properties": { "osm_id": "13809105573", "name": null, "barrier": null, "highway": null, "ref": null, "address": null, "is_in": null, "place": null, "man_made": null, "other_tags": "\"hiking\"=>\"yes\",\"information\"=>\"guidepost\",\"mapillary\"=>\"844881991417229\",\"material\"=>\"wood\",\"operator\"=>\"Parco Regionale di Montevecchia e della Valle del Curone\",\"support\"=>\"pole\",\"survey:date\"=>\"2026-05-08\",\"tourism\"=>\"information\"" }, "geometry": { "type": "Point", "coordinates": [ 9.385278, 45.7135014 ] } },
{ "type": "Feature", "properties": { "osm_id": "13809105574", "name": null, "barrier": null, "highway": null, "ref": null, "address": null, "is_in": null, "place": null, "man_made": null, "other_tags": "\"hiking\"=>\"yes\",\"information\"=>\"guidepost\",\"mapillary\"=>\"2508231056261339\",\"material\"=>\"wood\",\"operator\"=>\"Parco Regionale di Montevecchia e della Valle del Curone\",\"support\"=>\"pole\",\"survey:date\"=>\"2026-05-08\",\"tourism\"=>\"information\"" }, "geometry": { "type": "Point", "coordinates": [ 9.3864139, 45.7160381 ] } },
{ "type": "Feature", "properties": { "osm_id": "13809105575", "name": null, "barrier": null, "highway": null, "ref": null, "address": null, "is_in": null, "place": null, "man_made": null, "other_tags": "\"hiking\"=>\"yes\",\"information\"=>\"guidepost\",\"mapillary\"=>\"1485968493075856\",\"material\"=>\"wood\",\"support\"=>\"pole\",\"survey:date\"=>\"2026-05-08\",\"tourism\"=>\"information\"" }, "geometry": { "type": "Point", "coordinates": [ 9.3857373, 45.7199347 ] } },
{ "type": "Feature", "properties": { "osm_id": "13809152592", "name": "Il Gambero di fiume", "barrier": null, "highway": null, "ref": null, "address": null, "is_in": null, "place": null, "man_made": null, "other_tags": "\"board_type\"=>\"wildlife\",\"check_date\"=>\"2026-05-08\",\"information\"=>\"board\",\"mapillary\"=>\"1133063889001935\",\"tourism\"=>\"information\"" }, "geometry": { "type": "Point", "coordinates": [ 9.3681529, 45.7154402 ] } },
{ "type": "Feature", "properties": { "osm_id": "13809152593", "name": null, "barrier": null, "highway": null, "ref": null, "address": null, "is_in": null, "place": null, "man_made": null, "other_tags": "\"check_date\"=>\"2026-05-08\",\"description\"=>\"Aziende agricole della Valle del Curone\",\"hiking\"=>\"yes\",\"information\"=>\"map\",\"map_size\"=>\"region\",\"map_type\"=>\"topo\",\"operator\"=>\"Parco Regionale di Montevecchia e della Valle del Curone\",\"tourism\"=>\"information\"" }, "geometry": { "type": "Point", "coordinates": [ 9.3761338, 45.715202 ] } },
{ "type": "Feature", "properties": { "osm_id": "13809152594", "name": null, "barrier": null, "highway": null, "ref": null, "address": null, "is_in": null, "place": null, "man_made": null, "other_tags": "\"check_date\"=>\"2026-05-08\",\"description\"=>\"Aziende agricole della Valle del Curone\",\"hiking\"=>\"yes\",\"information\"=>\"map\",\"map_size\"=>\"region\",\"map_type\"=>\"topo\",\"mapillary\"=>\"818725387644032\",\"operator\"=>\"Parco Regionale di Montevecchia e della Valle del Curone\",\"tourism\"=>\"information\"" }, "geometry": { "type": "Point", "coordinates": [ 9.3749488, 45.7209293 ] } },
{ "type": "Feature", "properties": { "osm_id": "13809152595", "name": null, "barrier": null, "highway": null, "ref": null, "address": null, "is_in": null, "place": null, "man_made": null, "other_tags": "\"check_date\"=>\"2026-05-08\",\"description\"=>\"Sentieri nel Parco Regionale di Montevecchia e della Valle del Curone\",\"hiking\"=>\"yes\",\"information\"=>\"map\",\"map_size\"=>\"region\",\"map_type\"=>\"topo\",\"mapillary\"=>\"1871712533499961\",\"operator\"=>\"Parco Regionale di Montevecchia e della Valle del Curone\",\"tourism\"=>\"information\"" }, "geometry": { "type": "Point", "coordinates": [ 9.3719126, 45.7133835 ] } },
{ "type": "Feature", "properties": { "osm_id": "13809152596", "name": null, "barrier": null, "highway": null, "ref": null, "address": null, "is_in": null, "place": null, "man_made": null, "other_tags": "\"check_date\"=>\"2026-05-08\",\"description\"=>\"Sentieri nel Parco Regionale di Montevecchia e della Valle del Curone\",\"hiking\"=>\"yes\",\"information\"=>\"map\",\"map_size\"=>\"region\",\"map_type\"=>\"topo\",\"mapillary\"=>\"960328406917507\",\"operator\"=>\"Parco Regionale di Montevecchia e della Valle del Curone\",\"tourism\"=>\"information\"" }, "geometry": { "type": "Point", "coordinates": [ 9.3807876, 45.7135197 ] } },
{ "type": "Feature", "properties": { "osm_id": "13809158436", "name": "Le sorgenti petrificanti", "barrier": null, "highway": null, "ref": null, "address": null, "is_in": null, "place": null, "man_made": null, "other_tags": "\"board_type\"=>\"nature\",\"information\"=>\"board\",\"tourism\"=>\"information\"" }, "geometry": { "type": "Point", "coordinates": [ 9.3684937, 45.7141672 ] } },
{ "type": "Feature", "properties": { "osm_id": "13810963393", "name": null, "barrier": null, "highway": null, "ref": null, "address": null, "is_in": null, "place": null, "man_made": null, "other_tags": "\"amenity\"=>\"hunting_stand\"" }, "geometry": { "type": "Point", "coordinates": [ 9.3845902, 45.7575937 ] } },
{ "type": "Feature", "properties": { "osm_id": "13817530042", "name": "La Vigna", "barrier": null, "highway": null, "ref": null, "address": null, "is_in": null, "place": "hamlet", "man_made": null, "other_tags": "\"website\"=>\"https://www.promontevecchia.it/index.php/conosci-montevecchia/frazioni/frazione-la-vigna/\"" }, "geometry": { "type": "Point", "coordinates": [ 9.3668541, 45.7104769 ] } },
{ "type": "Feature", "properties": { "osm_id": "13817614762", "name": "Spiazzolo", "barrier": null, "highway": null, "ref": null, "address": null, "is_in": null, "place": "hamlet", "man_made": null, "other_tags": "\"website\"=>\"https://www.promontevecchia.it/index.php/conosci-montevecchia/frazioni/frazione-spiazzolo/\"" }, "geometry": { "type": "Point", "coordinates": [ 9.3574347, 45.7130238 ] } },
{ "type": "Feature", "properties": { "osm_id": "13817620114", "name": "Cappona", "barrier": null, "highway": null, "ref": null, "address": null, "is_in": null, "place": "hamlet", "man_made": null, "other_tags": "\"website\"=>\"https://www.promontevecchia.it/index.php/conosci-montevecchia/frazioni/frazione-cappona/\"" }, "geometry": { "type": "Point", "coordinates": [ 9.3610838, 45.7126252 ] } },
{ "type": "Feature", "properties": { "osm_id": "13817625357", "name": "Il Roccolo", "barrier": null, "highway": null, "ref": null, "address": null, "is_in": null, "place": "hamlet", "man_made": null, "other_tags": "\"website\"=>\"https://www.promontevecchia.it/index.php/conosci-montevecchia/frazioni/frazione-roccolo/\"" }, "geometry": { "type": "Point", "coordinates": [ 9.355103, 45.7151311 ] } },
{ "type": "Feature", "properties": { "osm_id": "13828347171", "name": "InPost", "barrier": null, "highway": null, "ref": null, "address": null, "is_in": null, "place": null, "man_made": null, "other_tags": "\"amenity\"=>\"parcel_locker\",\"brand\"=>\"InPost\",\"indoor\"=>\"no\",\"opening_hours\"=>\"24/7\",\"website\"=>\"https://inpost.it/locker-villa-dadda-itvil036116f-viale-delle-industrie/\"" }, "geometry": { "type": "Point", "coordinates": [ 9.4565302, 45.7180632 ] } },
{ "type": "Feature", "properties": { "osm_id": "13838884593", "name": "Cornera inferiore", "barrier": null, "highway": null, "ref": null, "address": null, "is_in": null, "place": "hamlet", "man_made": null, "other_tags": null }, "geometry": { "type": "Point", "coordinates": [ 9.3878281, 45.7390536 ] } },
{ "type": "Feature", "properties": { "osm_id": "13838884594", "name": "Cornera", "barrier": null, "highway": null, "ref": null, "address": null, "is_in": null, "place": "isolated_dwelling", "man_made": null, "other_tags": null }, "geometry": { "type": "Point", "coordinates": [ 9.3741408, 45.7490903 ] } },
{ "type": "Feature", "properties": { "osm_id": "13855949542", "name": null, "barrier": null, "highway": "give_way", "ref": null, "address": null, "is_in": null, "place": null, "man_made": null, "other_tags": "\"direction\"=>\"backward\"" }, "geometry": { "type": "Point", "coordinates": [ 9.4459831, 45.7423599 ] } },
{ "type": "Feature", "properties": { "osm_id": "13858880925", "name": null, "barrier": null, "highway": "give_way", "ref": null, "address": null, "is_in": null, "place": null, "man_made": null, "other_tags": "\"direction\"=>\"forward\"" }, "geometry": { "type": "Point", "coordinates": [ 9.4057579, 45.7257206 ] } },
{ "type": "Feature", "properties": { "osm_id": "13901963965", "name": "Naboo Glamping", "barrier": null, "highway": null, "ref": null, "address": null, "is_in": null, "place": null, "man_made": null, "other_tags": "\"agritourism\"=>\"yes\",\"beds\"=>\"1\",\"guest_house\"=>\"bed_and_breakfast\",\"internet_access\"=>\"yes\",\"operator\"=>\"Naboo Glamping\",\"rooms\"=>\"2\",\"tourism\"=>\"guest_house\"" }, "geometry": { "type": "Point", "coordinates": [ 9.4036344, 45.7543961 ] } },
{ "type": "Feature", "properties": { "osm_id": "13912253728", "name": "Ca' Andreino", "barrier": null, "highway": null, "ref": null, "address": null, "is_in": null, "place": "locality", "man_made": null, "other_tags": null }, "geometry": { "type": "Point", "coordinates": [ 9.3809084, 45.7481254 ] } },
{ "type": "Feature", "properties": { "osm_id": "13912599855", "name": null, "barrier": null, "highway": null, "ref": null, "address": null, "is_in": null, "place": null, "man_made": null, "other_tags": "\"hiking\"=>\"yes\",\"information\"=>\"guidepost\",\"mapillary\"=>\"2061406604808850\",\"material\"=>\"wood\",\"operator\"=>\"Parco Regionale di Montevecchia e della Valle del Curone\",\"support\"=>\"pole\",\"survey:date\"=>\"2026-06-05\",\"tourism\"=>\"information\"" }, "geometry": { "type": "Point", "coordinates": [ 9.3893124, 45.7378045 ] } },
{ "type": "Feature", "properties": { "osm_id": "13912599856", "name": null, "barrier": null, "highway": null, "ref": null, "address": null, "is_in": null, "place": null, "man_made": null, "other_tags": "\"hiking\"=>\"yes\",\"information\"=>\"guidepost\",\"mapillary\"=>\"1014730817675048\",\"material\"=>\"wood\",\"operator\"=>\"Parco Regionale di Montevecchia e della Valle del Curone\",\"support\"=>\"pole\",\"survey:date\"=>\"2026-06-05\",\"tourism\"=>\"information\"" }, "geometry": { "type": "Point", "coordinates": [ 9.3960105, 45.7424006 ] } },
{ "type": "Feature", "properties": { "osm_id": "13912599857", "name": null, "barrier": null, "highway": null, "ref": null, "address": null, "is_in": null, "place": null, "man_made": null, "other_tags": "\"hiking\"=>\"yes\",\"information\"=>\"guidepost\",\"mapillary\"=>\"1657177975492632\",\"material\"=>\"wood\",\"operator\"=>\"Parco Regionale di Montevecchia e della Valle del Curone\",\"support\"=>\"pole\",\"survey:date\"=>\"2026-06-05\",\"tourism\"=>\"information\"" }, "geometry": { "type": "Point", "coordinates": [ 9.3906146, 45.7313645 ] } },
{ "type": "Feature", "properties": { "osm_id": "13912599858", "name": null, "barrier": null, "highway": null, "ref": null, "address": null, "is_in": null, "place": null, "man_made": null, "other_tags": "\"hiking\"=>\"yes\",\"information\"=>\"guidepost\",\"mapillary\"=>\"1516585256632404\",\"material\"=>\"wood\",\"operator\"=>\"Parco Regionale di Montevecchia e della Valle del Curone\",\"support\"=>\"pole\",\"survey:date\"=>\"2026-06-05\",\"tourism\"=>\"information\"" }, "geometry": { "type": "Point", "coordinates": [ 9.390712, 45.7329805 ] } },
{ "type": "Feature", "properties": { "osm_id": "13912599859", "name": null, "barrier": null, "highway": null, "ref": null, "address": null, "is_in": null, "place": null, "man_made": null, "other_tags": "\"hiking\"=>\"yes\",\"information\"=>\"guidepost\",\"mapillary\"=>\"1641921963764396\",\"material\"=>\"wood\",\"operator\"=>\"Parco Regionale di Montevecchia e della Valle del Curone\",\"support\"=>\"pole\",\"survey:date\"=>\"2026-06-05\",\"tourism\"=>\"information\"" }, "geometry": { "type": "Point", "coordinates": [ 9.3897204, 45.7350619 ] } },
{ "type": "Feature", "properties": { "osm_id": "13912599860", "name": null, "barrier": null, "highway": null, "ref": null, "address": null, "is_in": null, "place": null, "man_made": null, "other_tags": "\"hiking\"=>\"yes\",\"information\"=>\"guidepost\",\"mapillary\"=>\"1947834215866946\",\"material\"=>\"wood\",\"support\"=>\"pole\",\"survey:date\"=>\"2026-06-05\",\"tourism\"=>\"information\"" }, "geometry": { "type": "Point", "coordinates": [ 9.3813606, 45.7479017 ] } },
{ "type": "Feature", "properties": { "osm_id": "13912599861", "name": null, "barrier": null, "highway": null, "ref": null, "address": null, "is_in": null, "place": null, "man_made": null, "other_tags": "\"hiking\"=>\"yes\",\"information\"=>\"guidepost\",\"mapillary\"=>\"2351817845312035\",\"material\"=>\"metal\",\"operator\"=>\"Comune di Santa Maria Hoè\",\"support\"=>\"pole\",\"survey:date\"=>\"2026-06-05\",\"tourism\"=>\"information\"" }, "geometry": { "type": "Point", "coordinates": [ 9.3871388, 45.7458274 ] } },
{ "type": "Feature", "properties": { "osm_id": "13912599862", "name": null, "barrier": null, "highway": null, "ref": null, "address": null, "is_in": null, "place": null, "man_made": null, "other_tags": "\"hiking\"=>\"yes\",\"information\"=>\"guidepost\",\"mapillary\"=>\"987829087436705\",\"material\"=>\"metal\",\"operator\"=>\"Comune di Santa Maria Hoè\",\"support\"=>\"pole\",\"survey:date\"=>\"2026-06-05\",\"tourism\"=>\"information\"" }, "geometry": { "type": "Point", "coordinates": [ 9.3825375, 45.7460981 ] } },
{ "type": "Feature", "properties": { "osm_id": "13912599863", "name": null, "barrier": null, "highway": null, "ref": null, "address": null, "is_in": null, "place": null, "man_made": null, "other_tags": "\"hiking\"=>\"yes\",\"information\"=>\"guidepost\",\"mapillary\"=>\"2555565901563005\",\"material\"=>\"metal\",\"operator\"=>\"Comune di Santa Maria Hoè\",\"support\"=>\"pole\",\"survey:date\"=>\"2026-06-05\",\"tourism\"=>\"information\"" }, "geometry": { "type": "Point", "coordinates": [ 9.3823685, 45.7459659 ] } },
{ "type": "Feature", "properties": { "osm_id": "13912599864", "name": null, "barrier": null, "highway": null, "ref": null, "address": null, "is_in": null, "place": null, "man_made": null, "other_tags": "\"hiking\"=>\"yes\",\"information\"=>\"guidepost\",\"mapillary\"=>\"1327950889315390\",\"material\"=>\"metal\",\"operator\"=>\"Comune di Santa Maria Hoè\",\"support\"=>\"pole\",\"survey:date\"=>\"2026-06-05\",\"tourism\"=>\"information\"" }, "geometry": { "type": "Point", "coordinates": [ 9.3798606, 45.7430295 ] } },
{ "type": "Feature", "properties": { "osm_id": "13912599874", "name": null, "barrier": null, "highway": null, "ref": null, "address": null, "is_in": null, "place": null, "man_made": null, "other_tags": "\"hiking\"=>\"yes\",\"information\"=>\"guidepost\",\"mapillary\"=>\"1008435718322678\",\"material\"=>\"metal\",\"operator\"=>\"Comune di Santa Maria Hoè\",\"support\"=>\"pole\",\"survey:date\"=>\"2026-06-05\",\"tourism\"=>\"information\"" }, "geometry": { "type": "Point", "coordinates": [ 9.3787146, 45.7412933 ] } },
{ "type": "Feature", "properties": { "osm_id": "13912599875", "name": null, "barrier": null, "highway": null, "ref": null, "address": null, "is_in": null, "place": null, "man_made": null, "other_tags": "\"hiking\"=>\"yes\",\"information\"=>\"guidepost\",\"mapillary\"=>\"2163464217563890\",\"material\"=>\"metal\",\"operator\"=>\"Comune di Santa Maria Hoè\",\"support\"=>\"pole\",\"survey:date\"=>\"2026-06-05\",\"tourism\"=>\"information\"" }, "geometry": { "type": "Point", "coordinates": [ 9.3830041, 45.737476 ] } },
{ "type": "Feature", "properties": { "osm_id": "13912599876", "name": null, "barrier": null, "highway": null, "ref": null, "address": null, "is_in": null, "place": null, "man_made": null, "other_tags": "\"hiking\"=>\"yes\",\"information\"=>\"guidepost\",\"mapillary\"=>\"1927911377883189\",\"material\"=>\"metal\",\"operator\"=>\"Comune di Santa Maria Hoè\",\"support\"=>\"pole\",\"survey:date\"=>\"2026-06-05\",\"tourism\"=>\"information\"" }, "geometry": { "type": "Point", "coordinates": [ 9.3823544, 45.7349449 ] } },
{ "type": "Feature", "properties": { "osm_id": "13912599877", "name": null, "barrier": null, "highway": null, "ref": null, "address": null, "is_in": null, "place": null, "man_made": null, "other_tags": "\"hiking\"=>\"yes\",\"information\"=>\"guidepost\",\"mapillary\"=>\"2578715489239693\",\"material\"=>\"metal\",\"operator\"=>\"Comune di Santa Maria Hoè\",\"support\"=>\"pole\",\"survey:date\"=>\"2026-06-05\",\"tourism\"=>\"information\"" }, "geometry": { "type": "Point", "coordinates": [ 9.3736734, 45.7396283 ] } },
{ "type": "Feature", "properties": { "osm_id": "13912599878", "name": null, "barrier": null, "highway": null, "ref": null, "address": null, "is_in": null, "place": null, "man_made": null, "other_tags": "\"hiking\"=>\"yes\",\"information\"=>\"guidepost\",\"mapillary\"=>\"1630056834765183\",\"material\"=>\"metal\",\"operator\"=>\"Comune di Santa Maria Hoè\",\"support\"=>\"pole\",\"survey:date\"=>\"2026-06-05\",\"tourism\"=>\"information\"" }, "geometry": { "type": "Point", "coordinates": [ 9.3785685, 45.7414501 ] } },
{ "type": "Feature", "properties": { "osm_id": "13912599879", "name": null, "barrier": null, "highway": null, "ref": null, "address": null, "is_in": null, "place": null, "man_made": null, "other_tags": "\"hiking\"=>\"yes\",\"information\"=>\"guidepost\",\"mapillary\"=>\"1710412330095296\",\"material\"=>\"metal\",\"operator\"=>\"Comune di Santa Maria Hoè\",\"support\"=>\"pole\",\"survey:date\"=>\"2026-06-05\",\"tourism\"=>\"information\"" }, "geometry": { "type": "Point", "coordinates": [ 9.378549, 45.7421837 ] } },
{ "type": "Feature", "properties": { "osm_id": "13912638145", "name": null, "barrier": null, "highway": null, "ref": null, "address": null, "is_in": null, "place": null, "man_made": null, "other_tags": "\"check_date\"=>\"2026-06-05\",\"description\"=>\"Carta escursionistica del parco di Montevecchia e della Valle del Curone\",\"hiking\"=>\"yes\",\"information\"=>\"map\",\"map_size\"=>\"region\",\"map_type\"=>\"topo\",\"mapillary\"=>\"3971719609626901\",\"tourism\"=>\"information\"" }, "geometry": { "type": "Point", "coordinates": [ 9.3952877, 45.7418353 ] } },
{ "type": "Feature", "properties": { "osm_id": "13912638152", "name": null, "barrier": null, "highway": null, "ref": null, "address": null, "is_in": null, "place": null, "man_made": null, "other_tags": "\"emergency\"=>\"fire_hydrant\",\"fire_hydrant:type\"=>\"pillar\"" }, "geometry": { "type": "Point", "coordinates": [ 9.3871515, 45.7457708 ] } },
{ "type": "Feature", "properties": { "osm_id": "13912770354", "name": null, "barrier": null, "highway": null, "ref": null, "address": null, "is_in": null, "place": null, "man_made": null, "other_tags": "\"amenity\"=>\"vending_machine\",\"vending\"=>\"water\"" }, "geometry": { "type": "Point", "coordinates": [ 9.3787958, 45.7419883 ] } },
{ "type": "Feature", "properties": { "osm_id": "13912770355", "name": null, "barrier": null, "highway": null, "ref": null, "address": null, "is_in": null, "place": null, "man_made": null, "other_tags": "\"amenity\"=>\"charging_station\",\"fee\"=>\"yes\",\"motorcar\"=>\"yes\",\"motorcycle\"=>\"yes\"" }, "geometry": { "type": "Point", "coordinates": [ 9.3786234, 45.7421184 ] } },
{ "type": "Feature", "properties": { "osm_id": "13912809548", "name": "Alduno", "barrier": null, "highway": null, "ref": null, "address": null, "is_in": null, "place": "hamlet", "man_made": null, "other_tags": null }, "geometry": { "type": "Point", "coordinates": [ 9.3806773, 45.7355042 ] } },
{ "type": "Feature", "properties": { "osm_id": "13912842832", "name": "La Piana", "barrier": null, "highway": null, "ref": null, "address": null, "is_in": null, "place": "hamlet", "man_made": null, "other_tags": null }, "geometry": { "type": "Point", "coordinates": [ 9.3787247, 45.7409742 ] } },
{ "type": "Feature", "properties": { "osm_id": "13912864211", "name": "Roccolo", "barrier": null, "highway": null, "ref": null, "address": null, "is_in": null, "place": "locality", "man_made": null, "other_tags": null }, "geometry": { "type": "Point", "coordinates": [ 9.3751734, 45.7389038 ] } },
{ "type": "Feature", "properties": { "osm_id": "13914317804", "name": null, "barrier": null, "highway": null, "ref": null, "address": null, "is_in": null, "place": null, "man_made": null, "other_tags": "\"ford\"=>\"yes\"" }, "geometry": { "type": "Point", "coordinates": [ 9.3824117, 45.7475995 ] } },
{ "type": "Feature", "properties": { "osm_id": "13948114523", "name": null, "barrier": null, "highway": "crossing", "ref": null, "address": null, "is_in": null, "place": null, "man_made": null, "other_tags": null }, "geometry": { "type": "Point", "coordinates": [ 9.4273778, 45.7547151 ] } },
{ "type": "Feature", "properties": { "osm_id": "13954143003", "name": null, "barrier": null, "highway": null, "ref": null, "address": null, "is_in": null, "place": null, "man_made": null, "other_tags": "\"hiking\"=>\"yes\",\"information\"=>\"route_marker\",\"mapillary\"=>\"27505502742416700\",\"material\"=>\"metal\",\"operator\"=>\"Libera Università del Bosco\",\"support\"=>\"pole\",\"survey:date\"=>\"2026-06-20\",\"tourism\"=>\"information\"" }, "geometry": { "type": "Point", "coordinates": [ 9.3940582, 45.759301 ] } },
{ "type": "Feature", "properties": { "osm_id": "13954143004", "name": null, "barrier": null, "highway": null, "ref": null, "address": null, "is_in": null, "place": null, "man_made": null, "other_tags": "\"hiking\"=>\"yes\",\"information\"=>\"guidepost\",\"mapillary\"=>\"2082334892315642\",\"material\"=>\"metal\",\"operator\"=>\"C.A.I. Calco e C.A.I. Oggiono\",\"support\"=>\"pole\",\"survey:date\"=>\"2026-06-20\",\"tourism\"=>\"information\"" }, "geometry": { "type": "Point", "coordinates": [ 9.3923651, 45.7588009 ] } },
{ "type": "Feature", "properties": { "osm_id": "13954143005", "name": null, "barrier": null, "highway": null, "ref": null, "address": null, "is_in": null, "place": null, "man_made": null, "other_tags": "\"hiking\"=>\"yes\",\"information\"=>\"route_marker\",\"mapillary\"=>\"1015593747784901\",\"material\"=>\"metal\",\"operator\"=>\"Libera Università del Bosco; Ecopsiché\",\"support\"=>\"pole\",\"survey:date\"=>\"2026-06-20\",\"tourism\"=>\"information\"" }, "geometry": { "type": "Point", "coordinates": [ 9.3834269, 45.7569586 ] } },
{ "type": "Feature", "properties": { "osm_id": "13954143008", "name": null, "barrier": null, "highway": null, "ref": null, "address": null, "is_in": null, "place": null, "man_made": null, "other_tags": "\"hiking\"=>\"yes\",\"information\"=>\"guidepost\",\"mapillary\"=>\"1389577509288978\",\"material\"=>\"metal\",\"operator\"=>\"Comune di Santa Maria Hoè\",\"support\"=>\"pole\",\"survey:date\"=>\"2026-06-20\",\"tourism\"=>\"information\"" }, "geometry": { "type": "Point", "coordinates": [ 9.376699, 45.7526458 ] } },
{ "type": "Feature", "properties": { "osm_id": "13954143009", "name": null, "barrier": null, "highway": null, "ref": null, "address": null, "is_in": null, "place": null, "man_made": null, "other_tags": "\"hiking\"=>\"yes\",\"information\"=>\"guidepost\",\"mapillary\"=>\"1773401044027897\",\"material\"=>\"wood\",\"support\"=>\"tree\",\"survey:date\"=>\"2026-06-20\",\"tourism\"=>\"information\"" }, "geometry": { "type": "Point", "coordinates": [ 9.3793342, 45.7490219 ] } },
{ "type": "Feature", "properties": { "osm_id": "13954159327", "name": null, "barrier": null, "highway": null, "ref": null, "address": null, "is_in": null, "place": null, "man_made": null, "other_tags": "\"hiking\"=>\"yes\",\"information\"=>\"guidepost\",\"mapillary\"=>\"3608487512638421\",\"material\"=>\"metal\",\"operator\"=>\"C.A.I. Calco e C.A.I. Oggiono\",\"support\"=>\"pole\",\"survey:date\"=>\"2026-06-20\",\"tourism\"=>\"information\"" }, "geometry": { "type": "Point", "coordinates": [ 9.3938711, 45.7594681 ] } },
{ "type": "Feature", "properties": { "osm_id": "13954159328", "name": null, "barrier": null, "highway": null, "ref": null, "address": null, "is_in": null, "place": null, "man_made": null, "other_tags": "\"hiking\"=>\"yes\",\"information\"=>\"guidepost\",\"mapillary\"=>\"874242625735431\",\"material\"=>\"metal; wood\",\"operator\"=>\"C.A.I. Calco e C.A.I. Oggiono\",\"support\"=>\"pole\",\"survey:date\"=>\"2026-06-20\",\"tourism\"=>\"information\"" }, "geometry": { "type": "Point", "coordinates": [ 9.3941199, 45.7590774 ] } },
{ "type": "Feature", "properties": { "osm_id": "13954159330", "name": null, "barrier": null, "highway": null, "ref": null, "address": null, "is_in": null, "place": null, "man_made": null, "other_tags": "\"hiking\"=>\"yes\",\"information\"=>\"guidepost\",\"mapillary\"=>\"1513905933749110\",\"material\"=>\"wood; metal\",\"operator\"=>\"C.A.I. Calco e C.A.I. Oggiono\",\"support\"=>\"pole\",\"survey:date\"=>\"2026-06-20\",\"tourism\"=>\"information\"" }, "geometry": { "type": "Point", "coordinates": [ 9.3938752, 45.7591181 ] } },
{ "type": "Feature", "properties": { "osm_id": "13954159331", "name": "Il Sentiero di Giano", "barrier": null, "highway": null, "ref": null, "address": null, "is_in": null, "place": null, "man_made": null, "other_tags": "\"artwork_type\"=>\"land_art\",\"board_type\"=>\"welcome_board\",\"description\"=>\"Pannello informativo dell'itinerario con mappa e istruzioni uso QR Code\",\"information\"=>\"board\",\"mapillary\"=>\"1132452013291858\",\"tourism\"=>\"information\"" }, "geometry": { "type": "Point", "coordinates": [ 9.3939362, 45.7591551 ] } },
{ "type": "Feature", "properties": { "osm_id": "13954163511", "name": "Il Sentiero di Giano", "barrier": null, "highway": null, "ref": null, "address": null, "is_in": null, "place": null, "man_made": null, "other_tags": "\"board_type\"=>\"nature\",\"information\"=>\"board;audioguide\",\"mapillary\"=>\"1324738293198860\",\"qr_code\"=>\"yes\",\"tourism\"=>\"information\"" }, "geometry": { "type": "Point", "coordinates": [ 9.4008672, 45.756853 ] } },
{ "type": "Feature", "properties": { "osm_id": "13954163512", "name": null, "barrier": null, "highway": null, "ref": null, "address": null, "is_in": null, "place": null, "man_made": null, "other_tags": "\"hiking\"=>\"yes\",\"information\"=>\"guidepost\",\"mapillary\"=>\"1004750855694286\",\"material\"=>\"wood; metal\",\"operator\"=>\"C.A.I. Calco e C.A.I. Oggiono\",\"support\"=>\"pole\",\"survey:date\"=>\"2026-06-20\",\"tourism\"=>\"information\"" }, "geometry": { "type": "Point", "coordinates": [ 9.400864, 45.7568545 ] } },
{ "type": "Feature", "properties": { "osm_id": "13954163513", "name": "Il Sentiero di Giano", "barrier": null, "highway": null, "ref": null, "address": null, "is_in": null, "place": null, "man_made": null, "other_tags": "\"board_type\"=>\"nature\",\"information\"=>\"board;audioguide\",\"mapillary\"=>\"2524856011293746\",\"qr_code\"=>\"yes\",\"tourism\"=>\"information\"" }, "geometry": { "type": "Point", "coordinates": [ 9.3997351, 45.7570929 ] } },
{ "type": "Feature", "properties": { "osm_id": "13954163514", "name": "Il Sentiero di Giano", "barrier": null, "highway": null, "ref": null, "address": null, "is_in": null, "place": null, "man_made": null, "other_tags": "\"board_type\"=>\"nature\",\"information\"=>\"board;audioguide\",\"mapillary\"=>\"1694630485085301\",\"qr_code\"=>\"yes\",\"tourism\"=>\"information\"" }, "geometry": { "type": "Point", "coordinates": [ 9.3982894, 45.7578517 ] } },
{ "type": "Feature", "properties": { "osm_id": "13954163515", "name": null, "barrier": null, "highway": null, "ref": null, "address": null, "is_in": null, "place": null, "man_made": null, "other_tags": "\"hiking\"=>\"yes\",\"information\"=>\"guidepost\",\"mapillary\"=>\"1004187308870387\",\"material\"=>\"wood\",\"operator\"=>\"Parco Regionale di Montevecchia e della Valle del Curone\",\"support\"=>\"pole\",\"survey:date\"=>\"2026-06-20\",\"tourism\"=>\"information\"" }, "geometry": { "type": "Point", "coordinates": [ 9.3979843, 45.7577665 ] } },
{ "type": "Feature", "properties": { "osm_id": "13954163516", "name": null, "barrier": null, "highway": null, "ref": null, "address": null, "is_in": null, "place": null, "man_made": null, "other_tags": "\"hiking\"=>\"yes\",\"information\"=>\"guidepost\",\"mapillary\"=>\"1549748869977341\",\"material\"=>\"metal; wood\",\"operator\"=>\"C.A.I. Calco e C.A.I. Oggiono\",\"support\"=>\"pole\",\"survey:date\"=>\"2026-06-20\",\"tourism\"=>\"information\"" }, "geometry": { "type": "Point", "coordinates": [ 9.3977302, 45.7583885 ] } },
{ "type": "Feature", "properties": { "osm_id": "13954163517", "name": "Il Sentiero di Giano - San Genesio", "barrier": null, "highway": null, "ref": null, "address": null, "is_in": null, "place": null, "man_made": null, "other_tags": "\"board_type\"=>\"nature\",\"information\"=>\"board;audioguide\",\"mapillary\"=>\"27209991955308841\",\"qr_code\"=>\"yes\",\"tourism\"=>\"information\"" }, "geometry": { "type": "Point", "coordinates": [ 9.3977359, 45.7583906 ] } },
{ "type": "Feature", "properties": { "osm_id": "13954163518", "name": "Il Sentiero di Giano - Ippocastano", "barrier": null, "highway": null, "ref": null, "address": null, "is_in": null, "place": null, "man_made": null, "other_tags": "\"board_type\"=>\"nature\",\"information\"=>\"board;audioguide\",\"mapillary\"=>\"1661818704896519\",\"qr_code\"=>\"yes\",\"tourism\"=>\"information\"" }, "geometry": { "type": "Point", "coordinates": [ 9.396603, 45.7574288 ] } },
{ "type": "Feature", "properties": { "osm_id": "13954163519", "name": "Il Sentiero di Giano - Ippocastano", "barrier": null, "highway": null, "ref": null, "address": null, "is_in": null, "place": null, "man_made": null, "other_tags": "\"board_type\"=>\"nature\",\"information\"=>\"board;audioguide\",\"mapillary\"=>\"2652538541814951\",\"qr_code\"=>\"yes\",\"tourism\"=>\"information\"" }, "geometry": { "type": "Point", "coordinates": [ 9.3956414, 45.7576931 ] } },
{ "type": "Feature", "properties": { "osm_id": "13954163520", "name": "Alla riscoperta dell'Alto Molgora - La Mappa del Percorso", "barrier": null, "highway": null, "ref": "9", "address": null, "is_in": null, "place": null, "man_made": null, "other_tags": "\"board_type\"=>\"welcome_board\",\"description\"=>\"Pannello introduttivo con mappa topografica, legenda delle 9 stazioni e descrizione sentiero\",\"information\"=>\"board\",\"mapillary\"=>\"844807075062351\",\"operator\"=>\"Comune di Olgiate Molgora; Legambiente\",\"tourism\"=>\"information\"" }, "geometry": { "type": "Point", "coordinates": [ 9.4008157, 45.7490077 ] } },
{ "type": "Feature", "properties": { "osm_id": "13954163524", "name": null, "barrier": null, "highway": null, "ref": null, "address": null, "is_in": null, "place": null, "man_made": null, "other_tags": "\"hiking\"=>\"yes\",\"information\"=>\"guidepost\",\"mapillary\"=>\"1005647778840997\",\"material\"=>\"metal; wood\",\"operator\"=>\"C.A.I. Calco e C.A.I. Oggiono\",\"support\"=>\"pole\",\"survey:date\"=>\"2026-06-20\",\"tourism\"=>\"information\"" }, "geometry": { "type": "Point", "coordinates": [ 9.3998974, 45.7554848 ] } },
{ "type": "Feature", "properties": { "osm_id": "13954163525", "name": "Il Sentiero di Giano - Campsirago Residenza", "barrier": null, "highway": null, "ref": null, "address": null, "is_in": null, "place": null, "man_made": null, "other_tags": "\"board_type\"=>\"nature\",\"information\"=>\"board;audioguide\",\"mapillary\"=>\"997025246654884\",\"qr_code\"=>\"yes\",\"tourism\"=>\"information\"" }, "geometry": { "type": "Point", "coordinates": [ 9.4005666, 45.755352 ] } },
{ "type": "Feature", "properties": { "osm_id": "13954163526", "name": "Percorso geologico-naturalistico - Stazione 12: Il lago proglaciale di Rovagnate", "barrier": null, "highway": null, "ref": "12", "address": null, "is_in": null, "place": null, "man_made": null, "other_tags": "\"board_type\"=>\"geology\",\"description\"=>\"Pannello didattico storia del lago di Rovagnate\",\"information\"=>\"board\",\"mapillary\"=>\"1702103597502456\",\"operator\"=>\"Comune di Colle Brianza - Comunità Montana Lario Orientale\",\"tourism\"=>\"information\"" }, "geometry": { "type": "Point", "coordinates": [ 9.4033284, 45.7548702 ] } },
{ "type": "Feature", "properties": { "osm_id": "13954163527", "name": null, "barrier": null, "highway": null, "ref": null, "address": null, "is_in": null, "place": null, "man_made": null, "other_tags": "\"hiking\"=>\"yes\",\"information\"=>\"guidepost\",\"mapillary\"=>\"3221384144738032\",\"material\"=>\"metal\",\"operator\"=>\"C.A.I. Calco e C.A.I. Oggiono\",\"support\"=>\"pole\",\"survey:date\"=>\"2026-06-20\",\"tourism\"=>\"information\"" }, "geometry": { "type": "Point", "coordinates": [ 9.4033185, 45.7548647 ] } },
{ "type": "Feature", "properties": { "osm_id": "13954163528", "name": null, "barrier": null, "highway": null, "ref": null, "address": null, "is_in": null, "place": null, "man_made": null, "other_tags": "\"hiking\"=>\"yes\",\"information\"=>\"guidepost\",\"mapillary\"=>\"1391110916326367\",\"material\"=>\"metal\",\"support\"=>\"pole\",\"survey:date\"=>\"2026-06-20\",\"tourism\"=>\"information\"" }, "geometry": { "type": "Point", "coordinates": [ 9.4034795, 45.7549959 ] } },
{ "type": "Feature", "properties": { "osm_id": "13954163529", "name": null, "barrier": null, "highway": null, "ref": null, "address": null, "is_in": null, "place": null, "man_made": null, "other_tags": "\"hiking\"=>\"yes\",\"information\"=>\"guidepost\",\"mapillary\"=>\"1328765132028364\",\"material\"=>\"wood\",\"operator\"=>\"Parco Regionale di Montevecchia e della Valle del Curone\",\"support\"=>\"pole\",\"survey:date\"=>\"2026-06-20\",\"tourism\"=>\"information\"" }, "geometry": { "type": "Point", "coordinates": [ 9.4035593, 45.755075 ] } },
{ "type": "Feature", "properties": { "osm_id": "13954163534", "name": null, "barrier": null, "highway": null, "ref": null, "address": null, "is_in": null, "place": null, "man_made": null, "other_tags": "\"hiking\"=>\"yes\",\"information\"=>\"guidepost\",\"mapillary\"=>\"1485168052875728\",\"material\"=>\"metal\",\"operator\"=>\"C.A.I. Calco e C.A.I. Oggiono\",\"support\"=>\"pole\",\"survey:date\"=>\"2026-06-20\",\"tourism\"=>\"information\"" }, "geometry": { "type": "Point", "coordinates": [ 9.4030929, 45.7552607 ] } },
{ "type": "Feature", "properties": { "osm_id": "13955460369", "name": null, "barrier": null, "highway": null, "ref": null, "address": null, "is_in": null, "place": null, "man_made": null, "other_tags": "\"hiking\"=>\"yes\",\"information\"=>\"route_marker\",\"mapillary\"=>\"1391110916326367\",\"material\"=>\"metal\",\"operator\"=>\"Libera Università del Bosco\",\"support\"=>\"pole\",\"survey:date\"=>\"2026-06-20\",\"tourism\"=>\"information\"" }, "geometry": { "type": "Point", "coordinates": [ 9.4034818, 45.754992 ] } },
{ "type": "Feature", "properties": { "osm_id": "13955475021", "name": null, "barrier": null, "highway": null, "ref": null, "address": null, "is_in": null, "place": null, "man_made": null, "other_tags": "\"hiking\"=>\"yes\",\"information\"=>\"route_marker\",\"mapillary\"=>\"3608487512638421\",\"material\"=>\"metal\",\"operator\"=>\"Libera Università del Bosco\",\"support\"=>\"pole\",\"survey:date\"=>\"2026-06-20\",\"tourism\"=>\"information\"" }, "geometry": { "type": "Point", "coordinates": [ 9.3938762, 45.7594587 ] } },
{ "type": "Feature", "properties": { "osm_id": "13983334174", "name": "Il Sentiero di Giano - San Genesio", "barrier": null, "highway": null, "ref": null, "address": null, "is_in": null, "place": null, "man_made": null, "other_tags": "\"board_type\"=>\"nature\",\"information\"=>\"board;audioguide\",\"mapillary\"=>\"1025902739921257\",\"qr_code\"=>\"yes\",\"tourism\"=>\"information\"" }, "geometry": { "type": "Point", "coordinates": [ 9.3959955, 45.7590484 ] } },
{ "type": "Feature", "properties": { "osm_id": "14006806495", "name": "Olgiate Molgora FS - Piazza Repubblica", "barrier": null, "highway": "bus_stop", "ref": null, "address": null, "is_in": null, "place": null, "man_made": null, "other_tags": "\"bus\"=>\"yes\",\"public_transport\"=>\"platform\"" }, "geometry": { "type": "Point", "coordinates": [ 9.404368, 45.7291031 ] } },
{ "type": "Feature", "properties": { "osm_id": "14006806496", "name": "Calco - via virgilio (pensilina asf)", "barrier": null, "highway": "bus_stop", "ref": null, "address": null, "is_in": null, "place": null, "man_made": null, "other_tags": "\"bus\"=>\"yes\",\"public_transport\"=>\"platform\"" }, "geometry": { "type": "Point", "coordinates": [ 9.4128075, 45.7250774 ] } },
{ "type": "Feature", "properties": { "osm_id": "14006806497", "name": "Calco - via virgilio", "barrier": null, "highway": "bus_stop", "ref": null, "address": null, "is_in": null, "place": null, "man_made": null, "other_tags": "\"bus\"=>\"yes\",\"public_transport\"=>\"platform\"" }, "geometry": { "type": "Point", "coordinates": [ 9.4149131, 45.7249932 ] } },
{ "type": "Feature", "properties": { "osm_id": "14006806498", "name": "Calco - Via Nazionale 90", "barrier": null, "highway": "bus_stop", "ref": null, "address": null, "is_in": null, "place": null, "man_made": null, "other_tags": "\"bus\"=>\"yes\",\"public_transport\"=>\"platform\"" }, "geometry": { "type": "Point", "coordinates": [ 9.417429, 45.7292622 ] } },
{ "type": "Feature", "properties": { "osm_id": "14008103720", "name": null, "barrier": null, "highway": null, "ref": null, "address": null, "is_in": null, "place": null, "man_made": null, "other_tags": "\"description\"=>\"Cartello che indica Posto di Guardia e Passaggio a Livello\",\"historic\"=>\"memorial\",\"inscription\"=>\"P.G. P.L. \nKm 18+680\",\"material\"=>\"metal\",\"memorial\"=>\"plaque\"" }, "geometry": { "type": "Point", "coordinates": [ 9.3963567, 45.7104531 ] } },
{ "type": "Feature", "properties": { "osm_id": "14008103723", "name": null, "barrier": null, "highway": null, "ref": null, "address": null, "is_in": null, "place": null, "man_made": null, "other_tags": "\"access\"=>\"private\",\"door\"=>\"hinged\",\"entrance\"=>\"main\",\"level\"=>\"0\"" }, "geometry": { "type": "Point", "coordinates": [ 9.3963128, 45.7104883 ] } },
{ "type": "Feature", "properties": { "osm_id": "14041338104", "name": null, "barrier": null, "highway": null, "ref": null, "address": null, "is_in": null, "place": null, "man_made": null, "other_tags": "\"amenity\"=>\"bench\",\"armrest\"=>\"no\",\"backrest\"=>\"yes\",\"material\"=>\"metal\"" }, "geometry": { "type": "Point", "coordinates": [ 9.4222306, 45.7553617 ] } },
{ "type": "Feature", "properties": { "osm_id": "14041338105", "name": null, "barrier": null, "highway": null, "ref": null, "address": null, "is_in": null, "place": null, "man_made": null, "other_tags": "\"amenity\"=>\"waste_basket\",\"waste\"=>\"cigarettes\"" }, "geometry": { "type": "Point", "coordinates": [ 9.4222511, 45.7554747 ] } },
{ "type": "Feature", "properties": { "osm_id": "14041338106", "name": null, "barrier": null, "highway": null, "ref": null, "address": null, "is_in": null, "place": null, "man_made": null, "other_tags": "\"amenity\"=>\"bench\",\"armrest\"=>\"no\",\"backrest\"=>\"yes\",\"material\"=>\"metal\"" }, "geometry": { "type": "Point", "coordinates": [ 9.4222494, 45.7554618 ] } },
{ "type": "Feature", "properties": { "osm_id": "14041338107", "name": null, "barrier": null, "highway": null, "ref": null, "address": null, "is_in": null, "place": null, "man_made": null, "other_tags": "\"amenity\"=>\"waste_basket\",\"waste\"=>\"trash\"" }, "geometry": { "type": "Point", "coordinates": [ 9.4222294, 45.7553395 ] } },
{ "type": "Feature", "properties": { "osm_id": "14041338108", "name": null, "barrier": null, "highway": null, "ref": null, "address": null, "is_in": null, "place": null, "man_made": null, "other_tags": "\"amenity\"=>\"bench\",\"armrest\"=>\"no\",\"backrest\"=>\"yes\",\"material\"=>\"metal\"" }, "geometry": { "type": "Point", "coordinates": [ 9.4222608, 45.7555227 ] } },
{ "type": "Feature", "properties": { "osm_id": "14041338109", "name": null, "barrier": null, "highway": null, "ref": null, "address": null, "is_in": null, "place": null, "man_made": null, "other_tags": "\"amenity\"=>\"waste_basket\",\"waste\"=>\"trash\"" }, "geometry": { "type": "Point", "coordinates": [ 9.4222623, 45.7555768 ] } },
{ "type": "Feature", "properties": { "osm_id": "14041890116", "name": null, "barrier": null, "highway": "street_lamp", "ref": null, "address": null, "is_in": null, "place": null, "man_made": null, "other_tags": "\"lamp_mount\"=>\"pole\"" }, "geometry": { "type": "Point", "coordinates": [ 9.4225923, 45.7558633 ] } },
{ "type": "Feature", "properties": { "osm_id": "14041890117", "name": null, "barrier": null, "highway": null, "ref": null, "address": null, "is_in": null, "place": null, "man_made": null, "other_tags": "\"leaf_cycle\"=>\"evergreen\",\"leaf_type\"=>\"needleleaved\",\"natural\"=>\"tree\"" }, "geometry": { "type": "Point", "coordinates": [ 9.4223496, 45.7556236 ] } },
{ "type": "Feature", "properties": { "osm_id": "14041890118", "name": null, "barrier": null, "highway": "street_lamp", "ref": null, "address": null, "is_in": null, "place": null, "man_made": null, "other_tags": "\"lamp_mount\"=>\"pole\"" }, "geometry": { "type": "Point", "coordinates": [ 9.4227202, 45.7556817 ] } },
{ "type": "Feature", "properties": { "osm_id": "14041890119", "name": null, "barrier": null, "highway": "street_lamp", "ref": null, "address": null, "is_in": null, "place": null, "man_made": null, "other_tags": "\"lamp_mount\"=>\"pole\"" }, "geometry": { "type": "Point", "coordinates": [ 9.4225493, 45.7556611 ] } },
{ "type": "Feature", "properties": { "osm_id": "14041890120", "name": null, "barrier": null, "highway": "street_lamp", "ref": null, "address": null, "is_in": null, "place": null, "man_made": null, "other_tags": "\"lamp_mount\"=>\"pole\"" }, "geometry": { "type": "Point", "coordinates": [ 9.4225065, 45.7555782 ] } },
{ "type": "Feature", "properties": { "osm_id": "14041890121", "name": null, "barrier": null, "highway": "street_lamp", "ref": null, "address": null, "is_in": null, "place": null, "man_made": null, "other_tags": "\"lamp_type\"=>\"solar_lamp\"" }, "geometry": { "type": "Point", "coordinates": [ 9.4223917, 45.7557431 ] } },
{ "type": "Feature", "properties": { "osm_id": "14041890122", "name": null, "barrier": null, "highway": null, "ref": null, "address": null, "is_in": null, "place": null, "man_made": null, "other_tags": "\"amenity\"=>\"waste_basket\",\"waste\"=>\"trash\"" }, "geometry": { "type": "Point", "coordinates": [ 9.4224774, 45.7555922 ] } },
{ "type": "Feature", "properties": { "osm_id": "14041890123", "name": null, "barrier": null, "highway": "street_lamp", "ref": null, "address": null, "is_in": null, "place": null, "man_made": null, "other_tags": "\"lamp_mount\"=>\"pole\"" }, "geometry": { "type": "Point", "coordinates": [ 9.4226406, 45.7558141 ] } },
{ "type": "Feature", "properties": { "osm_id": "14041890124", "name": null, "barrier": null, "highway": "street_lamp", "ref": null, "address": null, "is_in": null, "place": null, "man_made": null, "other_tags": "\"lamp_mount\"=>\"pole\"" }, "geometry": { "type": "Point", "coordinates": [ 9.4224454, 45.755989 ] } },
{ "type": "Feature", "properties": { "osm_id": "14072874229", "name": null, "barrier": null, "highway": null, "ref": null, "address": null, "is_in": null, "place": null, "man_made": null, "other_tags": "\"amenity\"=>\"waste_basket\",\"waste\"=>\"dog_excrement\"" }, "geometry": { "type": "Point", "coordinates": [ 9.4493529, 45.74192 ] } },
{ "type": "Feature", "properties": { "osm_id": "14085060250", "name": null, "barrier": null, "highway": null, "ref": null, "address": null, "is_in": null, "place": null, "man_made": null, "other_tags": "\"access\"=>\"yes\",\"amenity\"=>\"drinking_water\",\"fee\"=>\"no\",\"wheelchair\"=>\"yes\"" }, "geometry": { "type": "Point", "coordinates": [ 9.3824839, 45.7205713 ] } },
{ "type": "Feature", "properties": { "osm_id": "14106522132", "name": null, "barrier": null, "highway": "stop", "ref": null, "address": null, "is_in": null, "place": null, "man_made": null, "other_tags": "\"direction\"=>\"backward\"" }, "geometry": { "type": "Point", "coordinates": [ 9.4456391, 45.7425723 ] } },
{ "type": "Feature", "properties": { "osm_id": "14106532392", "name": null, "barrier": null, "highway": "give_way", "ref": null, "address": null, "is_in": null, "place": null, "man_made": null, "other_tags": "\"direction\"=>\"backward\"" }, "geometry": { "type": "Point", "coordinates": [ 9.4054415, 45.7259013 ] } },
{ "type": "Feature", "properties": { "osm_id": "14106532393", "name": null, "barrier": null, "highway": "give_way", "ref": null, "address": null, "is_in": null, "place": null, "man_made": null, "other_tags": "\"direction\"=>\"forward\"" }, "geometry": { "type": "Point", "coordinates": [ 9.405697, 45.7259172 ] } },
{ "type": "Feature", "properties": { "osm_id": "14106532394", "name": null, "barrier": null, "highway": "give_way", "ref": null, "address": null, "is_in": null, "place": null, "man_made": null, "other_tags": "\"direction\"=>\"backward\"" }, "geometry": { "type": "Point", "coordinates": [ 9.4054046, 45.7257356 ] } },
{ "type": "Feature", "properties": { "osm_id": "14112240658", "name": null, "barrier": null, "highway": "crossing", "ref": null, "address": null, "is_in": null, "place": null, "man_made": null, "other_tags": "\"crossing\"=>\"uncontrolled\",\"crossing:markings\"=>\"zebra\"" }, "geometry": { "type": "Point", "coordinates": [ 9.423704, 45.7559441 ] } },
{ "type": "Feature", "properties": { "osm_id": "14112240659", "name": null, "barrier": null, "highway": "crossing", "ref": null, "address": null, "is_in": null, "place": null, "man_made": null, "other_tags": "\"crossing\"=>\"uncontrolled\",\"crossing:markings\"=>\"yes\"" }, "geometry": { "type": "Point", "coordinates": [ 9.4225478, 45.757161 ] } },
{ "type": "Feature", "properties": { "osm_id": "14133038649", "name": null, "barrier": null, "highway": "speed_camera", "ref": null, "address": null, "is_in": null, "place": null, "man_made": null, "other_tags": null }, "geometry": { "type": "Point", "coordinates": [ 9.4563803, 45.715536 ] } },
{ "type": "Feature", "properties": { "osm_id": "14133657607", "name": null, "barrier": null, "highway": null, "ref": null, "address": null, "is_in": null, "place": null, "man_made": null, "other_tags": "\"tourism\"=>\"picnic_site\"" }, "geometry": { "type": "Point", "coordinates": [ 9.371856, 45.7133114 ] } },
{ "type": "Feature", "properties": { "osm_id": "14134824188", "name": null, "barrier": null, "highway": null, "ref": null, "address": null, "is_in": null, "place": null, "man_made": null, "other_tags": "\"amenity\"=>\"bench\"" }, "geometry": { "type": "Point", "coordinates": [ 9.3700559, 45.7474791 ] } },
{ "type": "Feature", "properties": { "osm_id": "14134836662", "name": null, "barrier": null, "highway": null, "ref": null, "address": null, "is_in": null, "place": null, "man_made": null, "other_tags": "\"amenity\"=>\"bench\"" }, "geometry": { "type": "Point", "coordinates": [ 9.3699601, 45.7476731 ] } },
{ "type": "Feature", "properties": { "osm_id": "14134846382", "name": null, "barrier": null, "highway": null, "ref": null, "address": null, "is_in": null, "place": null, "man_made": null, "other_tags": "\"description\"=>\"Sentiero 13 per Cagliano\",\"information\"=>\"guidepost\",\"tourism\"=>\"information\"" }, "geometry": { "type": "Point", "coordinates": [ 9.369734, 45.7479239 ] } },
{ "type": "Feature", "properties": { "osm_id": "14134979011", "name": null, "barrier": null, "highway": null, "ref": null, "address": null, "is_in": null, "place": null, "man_made": null, "other_tags": "\"ford\"=>\"yes\"" }, "geometry": { "type": "Point", "coordinates": [ 9.368915, 45.7510914 ] } },
{ "type": "Feature", "properties": { "osm_id": "14134979012", "name": null, "barrier": null, "highway": null, "ref": null, "address": null, "is_in": null, "place": null, "man_made": null, "other_tags": "\"ford\"=>\"yes\"" }, "geometry": { "type": "Point", "coordinates": [ 9.3690474, 45.7506048 ] } },
{ "type": "Feature", "properties": { "osm_id": "14134979013", "name": null, "barrier": null, "highway": null, "ref": null, "address": null, "is_in": null, "place": null, "man_made": null, "other_tags": "\"ford\"=>\"yes\"" }, "geometry": { "type": "Point", "coordinates": [ 9.3690344, 45.7498486 ] } },
{ "type": "Feature", "properties": { "osm_id": "14134979014", "name": null, "barrier": null, "highway": null, "ref": null, "address": null, "is_in": null, "place": null, "man_made": null, "other_tags": "\"ford\"=>\"yes\"" }, "geometry": { "type": "Point", "coordinates": [ 9.3686738, 45.7515965 ] } },
{ "type": "Feature", "properties": { "osm_id": "14134979015", "name": null, "barrier": null, "highway": null, "ref": null, "address": null, "is_in": null, "place": null, "man_made": null, "other_tags": "\"ford\"=>\"yes\"" }, "geometry": { "type": "Point", "coordinates": [ 9.3691029, 45.7504834 ] } },
{ "type": "Feature", "properties": { "osm_id": "14134979016", "name": null, "barrier": null, "highway": null, "ref": null, "address": null, "is_in": null, "place": null, "man_made": null, "other_tags": "\"ford\"=>\"yes\"" }, "geometry": { "type": "Point", "coordinates": [ 9.3691287, 45.7502936 ] } }
]
}
