cell_id,lat,lon,PRO_COM_T,COMUNE,pop_calibrated_2025,walk_min_to_nearest_gtfs_stop,covered_5min,covered_8min,covered_10min,covered_12min,gap_5min,gap_8min,gap_10min,gap_12min,epistemic_status
WP_00001,45.75666668503607,9.44083330999103,097010,Brivio,0.7330568519889361,27.118543064582248,False,False,False,False,True,True,True,True,MODEL_OUTPUT_GATE_B_WALK_GRAPH
WP_00002,45.75666668503607,9.441666643320998,097010,Brivio,0.664991747956986,27.43095215695133,False,False,False,False,True,True,True,True,MODEL_OUTPUT_GATE_B_WALK_GRAPH
WP_00003,45.75666668503607,9.442499976650968,097010,Brivio,0.1329919079087195,27.89025068459829,False,False,False,False,True,True,True,True,MODEL_OUTPUT_GATE_B_WALK_GRAPH
WP_00004,45.75583335170609,9.43999997666106,097010,Brivio,0.2071293554351777,22.13252694128604,False,False,False,False,True,True,True,True,MODEL_OUTPUT_GATE_B_WALK_GRAPH
WP_00005,45.75583335170609,9.44083330999103,097010,Brivio,0.8012439502944833,21.884644790734217,False,False,False,False,True,True,True,True,MODEL_OUTPUT_GATE_B_WALK_GRAPH
WP_00006,45.75583335170609,9.441666643320998,097010,Brivio,0.2045984048856655,28.899342122846377,False,False,False,False,True,True,True,True,MODEL_OUTPUT_GATE_B_WALK_GRAPH
WP_00007,45.75583335170609,9.442499976650968,097010,Brivio,0.1953416334178247,28.41197678231013,False,False,False,False,True,True,True,True,MODEL_OUTPUT_GATE_B_WALK_GRAPH
WP_00008,45.75583335170609,9.443333309980936,097010,Brivio,0.7282011961921601,27.14956403265804,False,False,False,False,True,True,True,True,MODEL_OUTPUT_GATE_B_WALK_GRAPH
WP_00009,45.75500001837611,9.43999997666106,097010,Brivio,0.2659243385428531,21.26845721747692,False,False,False,False,True,True,True,True,MODEL_OUTPUT_GATE_B_WALK_GRAPH
WP_00010,45.75500001837611,9.44083330999103,097010,Brivio,0.2612077248074919,20.743497224436783,False,False,False,False,True,True,True,True,MODEL_OUTPUT_GATE_B_WALK_GRAPH
WP_00011,45.75500001837611,9.441666643320998,097010,Brivio,0.2638672810312258,20.988495780566463,False,False,False,False,True,True,True,True,MODEL_OUTPUT_GATE_B_WALK_GRAPH
WP_00012,45.75500001837611,9.442499976650968,097010,Brivio,0.2828664452748663,21.67652272058112,False,False,False,False,True,True,True,True,MODEL_OUTPUT_GATE_B_WALK_GRAPH
WP_00013,45.75500001837611,9.443333309980936,097010,Brivio,0.2544395757265426,27.110942238663004,False,False,False,False,True,True,True,True,MODEL_OUTPUT_GATE_B_WALK_GRAPH
WP_00014,45.75500001837611,9.444166643310906,097010,Brivio,0.1389043998950186,26.046901557380394,False,False,False,False,True,True,True,True,MODEL_OUTPUT_GATE_B_WALK_GRAPH
WP_00015,45.75416668504613,9.43999997666106,097010,Brivio,0.2663344986919568,20.09761894280261,False,False,False,False,True,True,True,True,MODEL_OUTPUT_GATE_B_WALK_GRAPH
WP_00016,45.75416668504613,9.44083330999103,097010,Brivio,0.2705984721293724,19.779113984539368,False,False,False,False,True,True,True,True,MODEL_OUTPUT_GATE_B_WALK_GRAPH
WP_00017,45.75416668504613,9.441666643320998,097010,Brivio,0.2666002212687909,20.606563102492284,False,False,False,False,True,True,True,True,MODEL_OUTPUT_GATE_B_WALK_GRAPH
WP_00018,45.75416668504613,9.442499976650968,097010,Brivio,0.2657241980204921,22.001528711708733,False,False,False,False,True,True,True,True,MODEL_OUTPUT_GATE_B_WALK_GRAPH
WP_00019,45.75416668504613,9.443333309980936,097010,Brivio,0.2513047585889324,24.510210988599358,False,False,False,False,True,True,True,True,MODEL_OUTPUT_GATE_B_WALK_GRAPH
WP_00020,45.75416668504613,9.444166643310906,097010,Brivio,0.2472366953907194,24.836252271308982,False,False,False,False,True,True,True,True,MODEL_OUTPUT_GATE_B_WALK_GRAPH
WP_00021,45.75416668504613,9.444999976640874,097010,Brivio,0.4864568775411435,24.268373977904048,False,False,False,False,True,True,True,True,MODEL_OUTPUT_GATE_B_WALK_GRAPH
WP_00022,45.753333351716144,9.437499976671152,097010,Brivio,0.2843106436803043,19.3505654468148,False,False,False,False,True,True,True,True,MODEL_OUTPUT_GATE_B_WALK_GRAPH
WP_00023,45.753333351716144,9.438333310001122,097010,Brivio,0.3011000549220262,18.19535539142722,False,False,False,False,True,True,True,True,MODEL_OUTPUT_GATE_B_WALK_GRAPH
WP_00024,45.753333351716144,9.439166643331092,097010,Brivio,0.2895579933003012,18.968074716903278,False,False,False,False,True,True,True,True,MODEL_OUTPUT_GATE_B_WALK_GRAPH
WP_00025,45.753333351716144,9.43999997666106,097010,Brivio,0.2812315041617485,18.192605317905148,False,False,False,False,True,True,True,True,MODEL_OUTPUT_GATE_B_WALK_GRAPH
WP_00026,45.753333351716144,9.44083330999103,097010,Brivio,0.2785430198939017,18.765065307105537,False,False,False,False,True,True,True,True,MODEL_OUTPUT_GATE_B_WALK_GRAPH
WP_00027,45.753333351716144,9.441666643320998,097010,Brivio,0.7297702006162884,20.70469303042691,False,False,False,False,True,True,True,True,MODEL_OUTPUT_GATE_B_WALK_GRAPH
WP_00028,45.753333351716144,9.442499976650968,097010,Brivio,0.6609777411914673,21.30492212854652,False,False,False,False,True,True,True,True,MODEL_OUTPUT_GATE_B_WALK_GRAPH
WP_00029,45.753333351716144,9.443333309980936,097010,Brivio,0.1629022263041212,21.92101377707448,False,False,False,False,True,True,True,True,MODEL_OUTPUT_GATE_B_WALK_GRAPH
WP_00030,45.753333351716144,9.444166643310906,097010,Brivio,0.5498202878184527,23.51122886622955,False,False,False,False,True,True,True,True,MODEL_OUTPUT_GATE_B_WALK_GRAPH
WP_00031,45.753333351716144,9.444999976640874,097010,Brivio,0.1356296794407397,24.720443076718677,False,False,False,False,True,True,True,True,MODEL_OUTPUT_GATE_B_WALK_GRAPH
WP_00032,45.753333351716144,9.445833309970844,097010,Brivio,0.2172661777861807,23.43119214215428,False,False,False,False,True,True,True,True,MODEL_OUTPUT_GATE_B_WALK_GRAPH
WP_00033,45.752500018386165,9.437499976671152,097010,Brivio,0.2961364889081563,18.611849907225142,False,False,False,False,True,True,True,True,MODEL_OUTPUT_GATE_B_WALK_GRAPH
WP_00034,45.752500018386165,9.438333310001122,097010,Brivio,0.3041264045597314,17.042391356236305,False,False,False,False,True,True,True,True,MODEL_OUTPUT_GATE_B_WALK_GRAPH
WP_00035,45.752500018386165,9.439166643331092,097010,Brivio,0.1346047983542363,16.759854701359416,False,False,False,False,True,True,True,True,MODEL_OUTPUT_GATE_B_WALK_GRAPH
WP_00036,45.752500018386165,9.43999997666106,097010,Brivio,0.5894371175759185,17.760163542138226,False,False,False,False,True,True,True,True,MODEL_OUTPUT_GATE_B_WALK_GRAPH
WP_00037,45.752500018386165,9.44083330999103,097010,Brivio,0.3764461855385634,18.21960714199551,False,False,False,False,True,True,True,True,MODEL_OUTPUT_GATE_B_WALK_GRAPH
WP_00038,45.752500018386165,9.441666643320998,097010,Brivio,0.2523428498111669,21.87484541633982,False,False,False,False,True,True,True,True,MODEL_OUTPUT_GATE_B_WALK_GRAPH
WP_00039,45.752500018386165,9.442499976650968,097010,Brivio,0.1255486993605308,23.013523083109256,False,False,False,False,True,True,True,True,MODEL_OUTPUT_GATE_B_WALK_GRAPH
WP_00040,45.752500018386165,9.443333309980936,097010,Brivio,0.1058125349317288,23.04867627000339,False,False,False,False,True,True,True,True,MODEL_OUTPUT_GATE_B_WALK_GRAPH
WP_00041,45.752500018386165,9.444166643310906,097010,Brivio,0.1109576168230961,23.759816145074385,False,False,False,False,True,True,True,True,MODEL_OUTPUT_GATE_B_WALK_GRAPH
WP_00042,45.752500018386165,9.444999976640874,097010,Brivio,0.0848737225323836,24.89743937034146,False,False,False,False,True,True,True,True,MODEL_OUTPUT_GATE_B_WALK_GRAPH
WP_00043,45.752500018386165,9.445833309970844,097010,Brivio,0.0630289772629476,23.40435259109089,False,False,False,False,True,True,True,True,MODEL_OUTPUT_GATE_B_WALK_GRAPH
WP_00044,45.752500018386165,9.446666643300814,097010,Brivio,0.0481290713894335,22.398511200687626,False,False,False,False,True,True,True,True,MODEL_OUTPUT_GATE_B_WALK_GRAPH
WP_00045,45.752500018386165,9.447499976630782,097010,Brivio,0.0779295037468652,21.230936658221797,False,False,False,False,True,True,True,True,MODEL_OUTPUT_GATE_B_WALK_GRAPH
WP_00046,45.751666685056186,9.367499976953743,097074,Santa Maria Hoè,0.0324656750095743,19.42422476406778,False,False,False,False,True,True,True,True,MODEL_OUTPUT_GATE_B_WALK_GRAPH
WP_00047,45.751666685056186,9.437499976671152,097010,Brivio,0.2980761877259349,17.406043266964556,False,False,False,False,True,True,True,True,MODEL_OUTPUT_GATE_B_WALK_GRAPH
WP_00048,45.751666685056186,9.438333310001122,097010,Brivio,0.3086631932643065,16.4781768416693,False,False,False,False,True,True,True,True,MODEL_OUTPUT_GATE_B_WALK_GRAPH
WP_00049,45.751666685056186,9.439166643331092,097010,Brivio,0.2640086535480334,15.412617981277403,False,False,False,False,True,True,True,True,MODEL_OUTPUT_GATE_B_WALK_GRAPH
WP_00050,45.751666685056186,9.43999997666106,097010,Brivio,0.5510331885261717,16.71688921040657,False,False,False,False,True,True,True,True,MODEL_OUTPUT_GATE_B_WALK_GRAPH
WP_00051,45.751666685056186,9.44083330999103,097010,Brivio,0.1905824128784373,17.924386951940797,False,False,False,False,True,True,True,True,MODEL_OUTPUT_GATE_B_WALK_GRAPH
WP_00052,45.751666685056186,9.441666643320998,097010,Brivio,0.0570041674591382,15.270930979543136,False,False,False,False,True,True,True,True,MODEL_OUTPUT_GATE_B_WALK_GRAPH
WP_00053,45.751666685056186,9.442499976650968,097010,Brivio,0.063819235953142,14.58294826791707,False,False,False,False,True,True,True,True,MODEL_OUTPUT_GATE_B_WALK_GRAPH
WP_00054,45.751666685056186,9.443333309980936,097010,Brivio,0.0598586016823221,14.963839279820505,False,False,False,False,True,True,True,True,MODEL_OUTPUT_GATE_B_WALK_GRAPH
WP_00055,45.751666685056186,9.444166643310906,097010,Brivio,0.0264932200987892,15.73335294290614,False,False,False,False,True,True,True,True,MODEL_OUTPUT_GATE_B_WALK_GRAPH
WP_00056,45.751666685056186,9.444999976640874,097010,Brivio,0.0245301818969086,15.252639444915978,False,False,False,False,True,True,True,True,MODEL_OUTPUT_GATE_B_WALK_GRAPH
WP_00057,45.751666685056186,9.445833309970844,097010,Brivio,0.0218027891564194,23.18459581616596,False,False,False,False,True,True,True,True,MODEL_OUTPUT_GATE_B_WALK_GRAPH
WP_00058,45.751666685056186,9.446666643300814,097010,Brivio,0.0412149142119283,22.069417933425648,False,False,False,False,True,True,True,True,MODEL_OUTPUT_GATE_B_WALK_GRAPH
WP_00059,45.751666685056186,9.447499976630782,097010,Brivio,0.0402148068794901,21.052440730438537,False,False,False,False,True,True,True,True,MODEL_OUTPUT_GATE_B_WALK_GRAPH
WP_00060,45.75083335172621,9.356666643664145,097074,Santa Maria Hoè,0.1976082115281495,25.769334743079494,False,False,False,False,True,True,True,True,MODEL_OUTPUT_GATE_B_WALK_GRAPH
WP_00061,45.75083335172621,9.378333310243342,097074,Santa Maria Hoè,0.0544991111679372,24.843703124114047,False,False,False,False,True,True,True,True,MODEL_OUTPUT_GATE_B_WALK_GRAPH
WP_00062,45.75083335172621,9.379166643573312,097074,Santa Maria Hoè,0.0279802088514054,24.965414298748467,False,False,False,False,True,True,True,True,MODEL_OUTPUT_GATE_B_WALK_GRAPH
WP_00063,45.75083335172621,9.438333310001122,097010,Brivio,0.2972543728965517,16.99544791569564,False,False,False,False,True,True,True,True,MODEL_OUTPUT_GATE_B_WALK_GRAPH
WP_00064,45.75083335172621,9.439166643331092,097010,Brivio,0.26237262320033,16.232997759661515,False,False,False,False,True,True,True,True,MODEL_OUTPUT_GATE_B_WALK_GRAPH
WP_00065,45.75083335172621,9.43999997666106,097010,Brivio,0.5774281289514497,13.800613725751743,False,False,False,False,True,True,True,True,MODEL_OUTPUT_GATE_B_WALK_GRAPH
WP_00066,45.75083335172621,9.44083330999103,097010,Brivio,0.2837910534518942,14.095077670490928,False,False,False,False,True,True,True,True,MODEL_OUTPUT_GATE_B_WALK_GRAPH
WP_00067,45.75083335172621,9.441666643320998,097010,Brivio,0.5363101819486844,14.142377612029293,False,False,False,False,True,True,True,True,MODEL_OUTPUT_GATE_B_WALK_GRAPH
WP_00068,45.75083335172621,9.442499976650968,097010,Brivio,0.5165069346014743,13.580212712541002,False,False,False,False,True,True,True,True,MODEL_OUTPUT_GATE_B_WALK_GRAPH
WP_00069,45.75083335172621,9.443333309980936,097010,Brivio,0.1897407638471799,13.35221352390026,False,False,False,False,True,True,True,True,MODEL_OUTPUT_GATE_B_WALK_GRAPH
WP_00070,45.75083335172621,9.444166643310906,097010,Brivio,0.0733231496822681,13.545177092831018,False,False,False,False,True,True,True,True,MODEL_OUTPUT_GATE_B_WALK_GRAPH
WP_00071,45.75083335172621,9.444999976640874,097010,Brivio,0.0198635383813557,14.003602445286296,False,False,False,False,True,True,True,True,MODEL_OUTPUT_GATE_B_WALK_GRAPH
WP_00072,45.75083335172621,9.445833309970844,097010,Brivio,0.0174407751071531,17.647479107194282,False,False,False,False,True,True,True,True,MODEL_OUTPUT_GATE_B_WALK_GRAPH
WP_00073,45.75083335172621,9.446666643300814,097010,Brivio,0.0208561493100682,17.643154134223682,False,False,False,False,True,True,True,True,MODEL_OUTPUT_GATE_B_WALK_GRAPH
WP_00074,45.75083335172621,9.447499976630782,097010,Brivio,0.0348299952215034,20.960951384944405,False,False,False,False,True,True,True,True,MODEL_OUTPUT_GATE_B_WALK_GRAPH
WP_00075,45.75083335172621,9.448333309960752,097010,Brivio,0.0859027452434162,19.8947450572328,False,False,False,False,True,True,True,True,MODEL_OUTPUT_GATE_B_WALK_GRAPH
WP_00076,45.75000001839622,9.359166643654053,097074,Santa Maria Hoè,0.0766166026553718,10.973983583065326,False,False,False,True,True,True,True,False,MODEL_OUTPUT_GATE_B_WALK_GRAPH
WP_00077,45.75000001839622,9.379166643573312,097074,Santa Maria Hoè,0.0320800137010352,22.269870680551985,False,False,False,False,True,True,True,True,MODEL_OUTPUT_GATE_B_WALK_GRAPH
WP_00078,45.75000001839622,9.37999997690328,097074,Santa Maria Hoè,0.0276869413234462,21.82632647655697,False,False,False,False,True,True,True,True,MODEL_OUTPUT_GATE_B_WALK_GRAPH
WP_00079,45.75000001839622,9.38083331023325,097074,Santa Maria Hoè,0.0344025319276005,23.093876621135752,False,False,False,False,True,True,True,True,MODEL_OUTPUT_GATE_B_WALK_GRAPH
WP_00080,45.75000001839622,9.437499976671152,097010,Brivio,0.3265921465309531,15.550415490730552,False,False,False,False,True,True,True,True,MODEL_OUTPUT_GATE_B_WALK_GRAPH
WP_00081,45.75000001839622,9.438333310001122,097010,Brivio,0.3059398281586807,14.738195909220856,False,False,False,False,True,True,True,True,MODEL_OUTPUT_GATE_B_WALK_GRAPH
WP_00082,45.75000001839622,9.439166643331092,097010,Brivio,0.2596635447995025,13.793793858832558,False,False,False,False,True,True,True,True,MODEL_OUTPUT_GATE_B_WALK_GRAPH
WP_00083,45.75000001839622,9.43999997666106,097010,Brivio,0.6149534256560993,12.719898090495455,False,False,False,False,True,True,True,True,MODEL_OUTPUT_GATE_B_WALK_GRAPH
WP_00084,45.75000001839622,9.44083330999103,097010,Brivio,0.4142404218617306,13.14835447797322,False,False,False,False,True,True,True,True,MODEL_OUTPUT_GATE_B_WALK_GRAPH
WP_00085,45.75000001839622,9.441666643320998,097010,Brivio,0.9989215359399451,12.217488069924888,False,False,False,False,True,True,True,True,MODEL_OUTPUT_GATE_B_WALK_GRAPH
WP_00086,45.75000001839622,9.442499976650968,097010,Brivio,1.5209864040045586,12.936622717653275,False,False,False,False,True,True,True,True,MODEL_OUTPUT_GATE_B_WALK_GRAPH
WP_00087,45.75000001839622,9.443333309980936,097010,Brivio,0.5426321501460917,12.043307614215822,False,False,False,False,True,True,True,True,MODEL_OUTPUT_GATE_B_WALK_GRAPH
WP_00088,45.75000001839622,9.444166643310906,097010,Brivio,0.1989413130786734,12.458805425652596,False,False,False,False,True,True,True,True,MODEL_OUTPUT_GATE_B_WALK_GRAPH
WP_00089,45.75000001839622,9.444999976640874,097010,Brivio,0.0388148934592714,15.501652721759228,False,False,False,False,True,True,True,True,MODEL_OUTPUT_GATE_B_WALK_GRAPH
WP_00090,45.75000001839622,9.445833309970844,097010,Brivio,0.0177991744487794,16.56797682713713,False,False,False,False,True,True,True,True,MODEL_OUTPUT_GATE_B_WALK_GRAPH
WP_00091,45.75000001839622,9.446666643300814,097010,Brivio,0.018341257054746,16.557349317218293,False,False,False,False,True,True,True,True,MODEL_OUTPUT_GATE_B_WALK_GRAPH
WP_00092,45.75000001839622,9.447499976630782,097010,Brivio,0.0336181647500925,17.176627316174724,False,False,False,False,True,True,True,True,MODEL_OUTPUT_GATE_B_WALK_GRAPH
WP_00093,45.75000001839622,9.448333309960752,097010,Brivio,0.03143042125284,19.64065591661556,False,False,False,False,True,True,True,True,MODEL_OUTPUT_GATE_B_WALK_GRAPH
WP_00094,45.75000001839622,9.44916664329072,097010,Brivio,0.0330902216122724,18.439334711824472,False,False,False,False,True,True,True,True,MODEL_OUTPUT_GATE_B_WALK_GRAPH
WP_00095,45.75000001839622,9.44999997662069,097010,Brivio,0.067225779123326,17.377108080834418,False,False,False,False,True,True,True,True,MODEL_OUTPUT_GATE_B_WALK_GRAPH
WP_00096,45.74916668506624,9.336666643744884,097092,La Valletta Brianza,0.2779436996558888,29.248554166301627,False,False,False,False,True,True,True,True,MODEL_OUTPUT_GATE_B_WALK_GRAPH
WP_00097,45.74916668506624,9.337499977074852,097092,La Valletta Brianza,0.2408506844325334,30.462151287530048,False,False,False,False,True,True,True,True,MODEL_OUTPUT_GATE_B_WALK_GRAPH
WP_00098,45.74916668506624,9.338333310404822,097092,La Valletta Brianza,0.2303526721196948,29.91358899545457,False,False,False,False,True,True,True,True,MODEL_OUTPUT_GATE_B_WALK_GRAPH
WP_00099,45.74916668506624,9.339166643734792,097092,La Valletta Brianza,0.1299751300725773,29.89292420548272,False,False,False,False,True,True,True,True,MODEL_OUTPUT_GATE_B_WALK_GRAPH
WP_00100,45.74916668506624,9.33999997706476,097092,La Valletta Brianza,0.0372337087073922,28.318259037176524,False,False,False,False,True,True,True,True,MODEL_OUTPUT_GATE_B_WALK_GRAPH
WP_00101,45.74916668506624,9.376666643583404,097074,Santa Maria Hoè,0.0308946920560839,18.96742770920593,False,False,False,False,True,True,True,True,MODEL_OUTPUT_GATE_B_WALK_GRAPH
WP_00102,45.74916668506624,9.377499976913374,097074,Santa Maria Hoè,0.0397576867303652,19.85323668178491,False,False,False,False,True,True,True,True,MODEL_OUTPUT_GATE_B_WALK_GRAPH
WP_00103,45.74916668506624,9.379166643573312,097074,Santa Maria Hoè,0.0331334786797317,20.54349838753975,False,False,False,False,True,True,True,True,MODEL_OUTPUT_GATE_B_WALK_GRAPH
WP_00104,45.74916668506624,9.37999997690328,097074,Santa Maria Hoè,0.037630679076645,21.053468221901145,False,False,False,False,True,True,True,True,MODEL_OUTPUT_GATE_B_WALK_GRAPH
WP_00105,45.74916668506624,9.38083331023325,097074,Santa Maria Hoè,0.0355402558157337,17.841300381720398,False,False,False,False,True,True,True,True,MODEL_OUTPUT_GATE_B_WALK_GRAPH
WP_00106,45.74916668506624,9.381666643563218,097074,Santa Maria Hoè,0.0171031736016913,18.236264806662334,False,False,False,False,True,True,True,True,MODEL_OUTPUT_GATE_B_WALK_GRAPH
WP_00107,45.74916668506624,9.382499976893188,097074,Santa Maria Hoè,0.0301319798872311,19.53716755722624,False,False,False,False,True,True,True,True,MODEL_OUTPUT_GATE_B_WALK_GRAPH
WP_00108,45.74916668506624,9.383333310223158,097074,Santa Maria Hoè,0.0442188534026701,19.17061522273383,False,False,False,False,True,True,True,True,MODEL_OUTPUT_GATE_B_WALK_GRAPH
WP_00109,45.74916668506624,9.384166643553126,097074,Santa Maria Hoè,0.0292370305904578,19.304558088565077,False,False,False,False,True,True,True,True,MODEL_OUTPUT_GATE_B_WALK_GRAPH
WP_00110,45.74916668506624,9.384999976883096,097074,Santa Maria Hoè,0.03870798631973,31.60388009486113,False,False,False,False,True,True,True,True,MODEL_OUTPUT_GATE_B_WALK_GRAPH
WP_00111,45.74916668506624,9.392499976852818,097074,Santa Maria Hoè,0.0263496202369438,27.969122279302727,False,False,False,False,True,True,True,True,MODEL_OUTPUT_GATE_B_WALK_GRAPH
WP_00112,45.74916668506624,9.393333310182786,097074,Santa Maria Hoè,0.0259730132485735,28.775478185919305,False,False,False,False,True,True,True,True,MODEL_OUTPUT_GATE_B_WALK_GRAPH
WP_00113,45.74916668506624,9.396666643502664,097058,Olgiate Molgora,0.0024728749082651,44.35337480498059,False,False,False,False,True,True,True,True,MODEL_OUTPUT_GATE_B_WALK_GRAPH
WP_00114,45.74916668506624,9.397499976832632,097058,Olgiate Molgora,0.0046349638614302,23.875347412970594,False,False,False,False,True,True,True,True,MODEL_OUTPUT_GATE_B_WALK_GRAPH
WP_00115,45.74916668506624,9.398333310162602,097058,Olgiate Molgora,0.0194490225247774,24.99119320184913,False,False,False,False,True,True,True,True,MODEL_OUTPUT_GATE_B_WALK_GRAPH
WP_00116,45.74916668506624,9.4091666434522,097058,Olgiate Molgora,0.0016049211200824,52.79898555256047,False,False,False,False,True,True,True,True,MODEL_OUTPUT_GATE_B_WALK_GRAPH
WP_00117,45.74916668506624,9.436666643341184,097010,Brivio,0.3390599308953286,16.284416880453037,False,False,False,False,True,True,True,True,MODEL_OUTPUT_GATE_B_WALK_GRAPH
WP_00118,45.74916668506624,9.437499976671152,097010,Brivio,0.3328480007221127,15.490890365996774,False,False,False,False,True,True,True,True,MODEL_OUTPUT_GATE_B_WALK_GRAPH
WP_00119,45.74916668506624,9.438333310001122,097010,Brivio,0.3192035896948254,15.234014558788587,False,False,False,False,True,True,True,True,MODEL_OUTPUT_GATE_B_WALK_GRAPH
WP_00120,45.74916668506624,9.439166643331092,097010,Brivio,0.3100160479507679,14.098296219202547,False,False,False,False,True,True,True,True,MODEL_OUTPUT_GATE_B_WALK_GRAPH
WP_00121,45.74916668506624,9.43999997666106,097010,Brivio,21.399857737974703,11.3613243316541,False,False,False,True,True,True,True,False,MODEL_OUTPUT_GATE_B_WALK_GRAPH
WP_00122,45.74916668506624,9.44083330999103,097010,Brivio,1.2531577034403698,11.457051944517968,False,False,False,True,True,True,True,False,MODEL_OUTPUT_GATE_B_WALK_GRAPH
WP_00123,45.74916668506624,9.441666643320998,097010,Brivio,0.5850208032827279,11.662011470559587,False,False,False,True,True,True,True,False,MODEL_OUTPUT_GATE_B_WALK_GRAPH
WP_00124,45.74916668506624,9.442499976650968,097010,Brivio,0.2656783995058194,10.738253777338324,False,False,False,True,True,True,True,False,MODEL_OUTPUT_GATE_B_WALK_GRAPH
WP_00125,45.74916668506624,9.443333309980936,097010,Brivio,15.931307574206064,10.751468928266968,False,False,False,True,True,True,True,False,MODEL_OUTPUT_GATE_B_WALK_GRAPH
WP_00126,45.74916668506624,9.444166643310906,097010,Brivio,5.4570065062915925,11.921487238775622,False,False,False,True,True,True,True,False,MODEL_OUTPUT_GATE_B_WALK_GRAPH
WP_00127,45.74916668506624,9.444999976640874,097010,Brivio,0.0304237468490916,13.413258773784827,False,False,False,False,True,True,True,True,MODEL_OUTPUT_GATE_B_WALK_GRAPH
WP_00128,45.74916668506624,9.445833309970844,097010,Brivio,0.0239741054762576,15.738002232803105,False,False,False,False,True,True,True,True,MODEL_OUTPUT_GATE_B_WALK_GRAPH
WP_00129,45.74916668506624,9.446666643300814,097010,Brivio,0.0225889568841582,16.484577556903584,False,False,False,False,True,True,True,True,MODEL_OUTPUT_GATE_B_WALK_GRAPH
WP_00130,45.74916668506624,9.447499976630782,097010,Brivio,0.0353608482621847,17.138489484949883,False,False,False,False,True,True,True,True,MODEL_OUTPUT_GATE_B_WALK_GRAPH
WP_00131,45.74916668506624,9.448333309960752,097010,Brivio,0.0973042892708283,17.905197691357735,False,False,False,False,True,True,True,True,MODEL_OUTPUT_GATE_B_WALK_GRAPH
WP_00132,45.74916668506624,9.44916664329072,097010,Brivio,0.095418412573653,18.23316957379207,False,False,False,False,True,True,True,True,MODEL_OUTPUT_GATE_B_WALK_GRAPH
WP_00133,45.74916668506624,9.44999997662069,097010,Brivio,0.0626558194259612,17.118501855517557,False,False,False,False,True,True,True,True,MODEL_OUTPUT_GATE_B_WALK_GRAPH
WP_00134,45.74833335173626,9.337499977074852,097092,La Valletta Brianza,0.194278892972015,31.209884467427447,False,False,False,False,True,True,True,True,MODEL_OUTPUT_GATE_B_WALK_GRAPH
WP_00135,45.74833335173626,9.338333310404822,097092,La Valletta Brianza,0.1716482850604935,27.521375546362258,False,False,False,False,True,True,True,True,MODEL_OUTPUT_GATE_B_WALK_GRAPH
WP_00136,45.74833335173626,9.339166643734792,097092,La Valletta Brianza,0.1529318979151332,28.91960866734216,False,False,False,False,True,True,True,True,MODEL_OUTPUT_GATE_B_WALK_GRAPH
WP_00137,45.74833335173626,9.33999997706476,097092,La Valletta Brianza,0.111859339461285,27.89024304817565,False,False,False,False,True,True,True,True,MODEL_OUTPUT_GATE_B_WALK_GRAPH
WP_00138,45.74833335173626,9.34083331039473,097092,La Valletta Brianza,0.1015470197907558,26.9370475219026,False,False,False,False,True,True,True,True,MODEL_OUTPUT_GATE_B_WALK_GRAPH
WP_00139,45.74833335173626,9.341666643724698,097092,La Valletta Brianza,0.108916428782278,26.075422042539437,False,False,False,False,True,True,True,True,MODEL_OUTPUT_GATE_B_WALK_GRAPH
WP_00140,45.74833335173626,9.344999977044576,097092,La Valletta Brianza,0.2306052980111332,24.918378082815675,False,False,False,False,True,True,True,True,MODEL_OUTPUT_GATE_B_WALK_GRAPH
WP_00141,45.74833335173626,9.345833310374545,097092,La Valletta Brianza,0.2450811125360029,24.814326206941494,False,False,False,False,True,True,True,True,MODEL_OUTPUT_GATE_B_WALK_GRAPH
WP_00142,45.74833335173626,9.346666643704514,097092,La Valletta Brianza,0.2639995674933776,32.323337271092726,False,False,False,False,True,True,True,True,MODEL_OUTPUT_GATE_B_WALK_GRAPH
WP_00143,45.74833335173626,9.347499977034484,097092,La Valletta Brianza,0.2823752085372841,31.735867544321916,False,False,False,False,True,True,True,True,MODEL_OUTPUT_GATE_B_WALK_GRAPH
WP_00144,45.74833335173626,9.364999976963835,097074,Santa Maria Hoè,6.760672548195344,4.205675371765413,True,True,True,True,False,False,False,False,MODEL_OUTPUT_GATE_B_WALK_GRAPH
WP_00145,45.74833335173626,9.365833310293803,097074,Santa Maria Hoè,11.46485671994684,3.2542717758873008,True,True,True,True,False,False,False,False,MODEL_OUTPUT_GATE_B_WALK_GRAPH
WP_00146,45.74833335173626,9.366666643623772,097074,Santa Maria Hoè,8.389712323239847,2.420298830124511,True,True,True,True,False,False,False,False,MODEL_OUTPUT_GATE_B_WALK_GRAPH
WP_00147,45.74833335173626,9.367499976953743,097074,Santa Maria Hoè,10.687795192403089,0.9494330995433258,True,True,True,True,False,False,False,False,MODEL_OUTPUT_GATE_B_WALK_GRAPH
WP_00148,45.74833335173626,9.368333310283711,097074,Santa Maria Hoè,13.303559334035054,0.9674125229949456,True,True,True,True,False,False,False,False,MODEL_OUTPUT_GATE_B_WALK_GRAPH
WP_00149,45.74833335173626,9.36916664361368,097074,Santa Maria Hoè,12.927688625760004,3.1604027162495365,True,True,True,True,False,False,False,False,MODEL_OUTPUT_GATE_B_WALK_GRAPH
WP_00150,45.74833335173626,9.369999976943651,097074,Santa Maria Hoè,17.125887083040855,4.231878530712659,True,True,True,True,False,False,False,False,MODEL_OUTPUT_GATE_B_WALK_GRAPH
WP_00151,45.74833335173626,9.37083331027362,097074,Santa Maria Hoè,17.47969710208769,6.1227243411064896,False,True,True,True,True,False,False,False,MODEL_OUTPUT_GATE_B_WALK_GRAPH
WP_00152,45.74833335173626,9.375833310253434,097074,Santa Maria Hoè,0.0918730754042931,15.14071737498942,False,False,False,False,True,True,True,True,MODEL_OUTPUT_GATE_B_WALK_GRAPH
WP_00153,45.74833335173626,9.376666643583404,097074,Santa Maria Hoè,0.0380038318735761,15.76932828220735,False,False,False,False,True,True,True,True,MODEL_OUTPUT_GATE_B_WALK_GRAPH
WP_00154,45.74833335173626,9.377499976913374,097074,Santa Maria Hoè,0.0398976966233699,17.07668366146292,False,False,False,False,True,True,True,True,MODEL_OUTPUT_GATE_B_WALK_GRAPH
WP_00155,45.74833335173626,9.37999997690328,097074,Santa Maria Hoè,0.0282024451875796,17.95008280411914,False,False,False,False,True,True,True,True,MODEL_OUTPUT_GATE_B_WALK_GRAPH
WP_00156,45.74833335173626,9.38083331023325,097074,Santa Maria Hoè,0.0386369567966365,16.899154158417442,False,False,False,False,True,True,True,True,MODEL_OUTPUT_GATE_B_WALK_GRAPH
WP_00157,45.74833335173626,9.381666643563218,097074,Santa Maria Hoè,0.0338117951064434,16.327271021806368,False,False,False,False,True,True,True,True,MODEL_OUTPUT_GATE_B_WALK_GRAPH
WP_00158,45.74833335173626,9.382499976893188,097074,Santa Maria Hoè,0.0386518381875811,19.795261464120664,False,False,False,False,True,True,True,True,MODEL_OUTPUT_GATE_B_WALK_GRAPH
WP_00159,45.74833335173626,9.383333310223158,097074,Santa Maria Hoè,0.0259212554438047,17.991447673788482,False,False,False,False,True,True,True,True,MODEL_OUTPUT_GATE_B_WALK_GRAPH
WP_00160,45.74833335173626,9.384166643553126,097074,Santa Maria Hoè,0.0401739017805723,17.69229264573065,False,False,False,False,True,True,True,True,MODEL_OUTPUT_GATE_B_WALK_GRAPH
WP_00161,45.74833335173626,9.384999976883096,097074,Santa Maria Hoè,0.035842152147525,30.34555927834685,False,False,False,False,True,True,True,True,MODEL_OUTPUT_GATE_B_WALK_GRAPH
WP_00162,45.74833335173626,9.385833310213064,097074,Santa Maria Hoè,0.0285838680196666,29.4089779126476,False,False,False,False,True,True,True,True,MODEL_OUTPUT_GATE_B_WALK_GRAPH
WP_00163,45.74833335173626,9.39083331019288,097074,Santa Maria Hoè,0.0261511410618907,25.44283083408355,False,False,False,False,True,True,True,True,MODEL_OUTPUT_GATE_B_WALK_GRAPH
WP_00164,45.74833335173626,9.391666643522848,097074,Santa Maria Hoè,0.0308589987445449,26.28098680374345,False,False,False,False,True,True,True,True,MODEL_OUTPUT_GATE_B_WALK_GRAPH
WP_00165,45.74833335173626,9.392499976852818,097074,Santa Maria Hoè,0.0320010178446417,27.16613607910747,False,False,False,False,True,True,True,True,MODEL_OUTPUT_GATE_B_WALK_GRAPH
WP_00166,45.74833335173626,9.393333310182786,097074,Santa Maria Hoè,0.0313494939289197,28.469942835577164,False,False,False,False,True,True,True,True,MODEL_OUTPUT_GATE_B_WALK_GRAPH
WP_00167,45.74833335173626,9.394166643512756,097074,Santa Maria Hoè,0.0143438503402962,29.203082597083583,False,False,False,False,True,True,True,True,MODEL_OUTPUT_GATE_B_WALK_GRAPH
WP_00168,45.74833335173626,9.394999976842726,097074,Santa Maria Hoè,0.0059980257186276,23.22410848845867,False,False,False,False,True,True,True,True,MODEL_OUTPUT_GATE_B_WALK_GRAPH
WP_00169,45.74833335173626,9.395833310172694,097058,Olgiate Molgora,0.0042028333239652,22.526658325105448,False,False,False,False,True,True,True,True,MODEL_OUTPUT_GATE_B_WALK_GRAPH
WP_00170,45.74833335173626,9.396666643502664,097058,Olgiate Molgora,0.0035438695461568,21.920645457830418,False,False,False,False,True,True,True,True,MODEL_OUTPUT_GATE_B_WALK_GRAPH
WP_00171,45.74833335173626,9.397499976832632,097058,Olgiate Molgora,0.0061130774635398,22.385512677152448,False,False,False,False,True,True,True,True,MODEL_OUTPUT_GATE_B_WALK_GRAPH
WP_00172,45.74833335173626,9.398333310162602,097058,Olgiate Molgora,0.0154981142283214,22.51667087857001,False,False,False,False,True,True,True,True,MODEL_OUTPUT_GATE_B_WALK_GRAPH
WP_00173,45.74833335173626,9.39916664349257,097058,Olgiate Molgora,0.0192417828556582,22.339532374292308,False,False,False,False,True,True,True,True,MODEL_OUTPUT_GATE_B_WALK_GRAPH
WP_00174,45.74833335173626,9.39999997682254,097058,Olgiate Molgora,0.0072217409254066,27.76017974688189,False,False,False,False,True,True,True,True,MODEL_OUTPUT_GATE_B_WALK_GRAPH
WP_00175,45.74833335173626,9.4091666434522,097058,Olgiate Molgora,0.0009431741606257,43.029516843685634,False,False,False,False,True,True,True,True,MODEL_OUTPUT_GATE_B_WALK_GRAPH
WP_00176,45.74833335173626,9.40999997678217,097058,Olgiate Molgora,0.001185190643159,41.805204368782974,False,False,False,False,True,True,True,True,MODEL_OUTPUT_GATE_B_WALK_GRAPH
WP_00177,45.74833335173626,9.41083331011214,097058,Olgiate Molgora,0.0050298553744274,49.63928965958005,False,False,False,False,True,True,True,True,MODEL_OUTPUT_GATE_B_WALK_GRAPH
WP_00178,45.74833335173626,9.436666643341184,097010,Brivio,0.3372686466226093,16.026380698445312,False,False,False,False,True,True,True,True,MODEL_OUTPUT_GATE_B_WALK_GRAPH
WP_00179,45.74833335173626,9.437499976671152,097010,Brivio,0.328124522275758,15.29342557644106,False,False,False,False,True,True,True,True,MODEL_OUTPUT_GATE_B_WALK_GRAPH
WP_00180,45.74833335173626,9.438333310001122,097010,Brivio,0.2944312035056326,15.232094670090424,False,False,False,False,True,True,True,True,MODEL_OUTPUT_GATE_B_WALK_GRAPH
WP_00181,45.74833335173626,9.439166643331092,097010,Brivio,0.2836845111107918,15.947447013163927,False,False,False,False,True,True,True,True,MODEL_OUTPUT_GATE_B_WALK_GRAPH
WP_00182,45.74833335173626,9.43999997666106,097010,Brivio,22.91263050261,10.310793590011729,False,False,False,True,True,True,True,False,MODEL_OUTPUT_GATE_B_WALK_GRAPH
WP_00183,45.74833335173626,9.44083330999103,097010,Brivio,20.854516585420896,9.982580561625896,False,False,True,True,True,True,False,False,MODEL_OUTPUT_GATE_B_WALK_GRAPH
WP_00184,45.74833335173626,9.441666643320998,097010,Brivio,19.66275817432051,11.116428725914586,False,False,False,True,True,True,True,False,MODEL_OUTPUT_GATE_B_WALK_GRAPH
WP_00185,45.74833335173626,9.442499976650968,097010,Brivio,1.0031153424052128,9.747524621271072,False,False,True,True,True,True,False,False,MODEL_OUTPUT_GATE_B_WALK_GRAPH
WP_00186,45.74833335173626,9.443333309980936,097010,Brivio,0.0607613745055624,9.860963978198134,False,False,True,True,True,True,False,False,MODEL_OUTPUT_GATE_B_WALK_GRAPH
WP_00187,45.74833335173626,9.444166643310906,097010,Brivio,0.0672593870765019,10.112861651225554,False,False,False,True,True,True,True,False,MODEL_OUTPUT_GATE_B_WALK_GRAPH
WP_00188,45.74833335173626,9.444999976640874,097010,Brivio,0.0501295077008826,14.019946676589004,False,False,False,False,True,True,True,True,MODEL_OUTPUT_GATE_B_WALK_GRAPH
WP_00189,45.74833335173626,9.445833309970844,097010,Brivio,0.0450194016386824,15.861890405493009,False,False,False,False,True,True,True,True,MODEL_OUTPUT_GATE_B_WALK_GRAPH
WP_00190,45.74833335173626,9.446666643300814,097010,Brivio,0.0285996145543027,17.03605815011656,False,False,False,False,True,True,True,True,MODEL_OUTPUT_GATE_B_WALK_GRAPH
WP_00191,45.74833335173626,9.447499976630782,097010,Brivio,0.028595938387576,17.897188604952508,False,False,False,False,True,True,True,True,MODEL_OUTPUT_GATE_B_WALK_GRAPH
WP_00192,45.74833335173626,9.448333309960752,097010,Brivio,0.0342293773388848,18.451448248198343,False,False,False,False,True,True,True,True,MODEL_OUTPUT_GATE_B_WALK_GRAPH
WP_00193,45.74833335173626,9.44916664329072,097010,Brivio,0.0342640745266463,18.092092414680742,False,False,False,False,True,True,True,True,MODEL_OUTPUT_GATE_B_WALK_GRAPH
WP_00194,45.74833335173626,9.44999997662069,097010,Brivio,0.0570572169831168,16.848071993919095,False,False,False,False,True,True,True,True,MODEL_OUTPUT_GATE_B_WALK_GRAPH
WP_00195,45.74833335173626,9.450833309950658,097010,Brivio,0.0601443294455294,16.25761579585893,False,False,False,False,True,True,True,True,MODEL_OUTPUT_GATE_B_WALK_GRAPH
WP_00196,45.74833335173626,9.451666643280628,097010,Brivio,0.0997034487682314,14.47226706381397,False,False,False,False,True,True,True,True,MODEL_OUTPUT_GATE_B_WALK_GRAPH
WP_00197,45.747500018406285,9.336666643744884,097092,La Valletta Brianza,0.2610467453470649,35.19421209723632,False,False,False,False,True,True,True,True,MODEL_OUTPUT_GATE_B_WALK_GRAPH
WP_00198,45.747500018406285,9.337499977074852,097092,La Valletta Brianza,0.2515044013728387,33.748643384140394,False,False,False,False,True,True,True,True,MODEL_OUTPUT_GATE_B_WALK_GRAPH
WP_00199,45.747500018406285,9.338333310404822,097092,La Valletta Brianza,0.1351856967347708,32.816366016384826,False,False,False,False,True,True,True,True,MODEL_OUTPUT_GATE_B_WALK_GRAPH
WP_00200,45.747500018406285,9.339166643734792,097092,La Valletta Brianza,0.1702028284730582,32.47278298185596,False,False,False,False,True,True,True,True,MODEL_OUTPUT_GATE_B_WALK_GRAPH
WP_00201,45.747500018406285,9.33999997706476,097092,La Valletta Brianza,0.1871039091327244,24.96125905871438,False,False,False,False,True,True,True,True,MODEL_OUTPUT_GATE_B_WALK_GRAPH
WP_00202,45.747500018406285,9.34083331039473,097092,La Valletta Brianza,0.1878649398325999,24.006158661854617,False,False,False,False,True,True,True,True,MODEL_OUTPUT_GATE_B_WALK_GRAPH
WP_00203,45.747500018406285,9.341666643724698,097092,La Valletta Brianza,0.193554272862961,23.578749449997854,False,False,False,False,True,True,True,True,MODEL_OUTPUT_GATE_B_WALK_GRAPH
WP_00204,45.747500018406285,9.342499977054668,097092,La Valletta Brianza,0.1946892935207446,23.077130542747167,False,False,False,False,True,True,True,True,MODEL_OUTPUT_GATE_B_WALK_GRAPH
WP_00205,45.747500018406285,9.343333310384637,097092,La Valletta Brianza,0.1150170808514233,23.88815057825265,False,False,False,False,True,True,True,True,MODEL_OUTPUT_GATE_B_WALK_GRAPH
WP_00206,45.747500018406285,9.344166643714606,097092,La Valletta Brianza,0.0972644502406786,23.505972200224928,False,False,False,False,True,True,True,True,MODEL_OUTPUT_GATE_B_WALK_GRAPH
WP_00207,45.747500018406285,9.344999977044576,097092,La Valletta Brianza,0.0993818645559024,23.4114875734142,False,False,False,False,True,True,True,True,MODEL_OUTPUT_GATE_B_WALK_GRAPH
WP_00208,45.747500018406285,9.345833310374545,097092,La Valletta Brianza,0.0798364990098355,23.1631908697075,False,False,False,False,True,True,True,True,MODEL_OUTPUT_GATE_B_WALK_GRAPH
WP_00209,45.747500018406285,9.346666643704514,097092,La Valletta Brianza,0.0466081163712975,23.419288646128663,False,False,False,False,True,True,True,True,MODEL_OUTPUT_GATE_B_WALK_GRAPH
WP_00210,45.747500018406285,9.347499977034484,097092,La Valletta Brianza,0.0803518747465231,32.7878190019493,False,False,False,False,True,True,True,True,MODEL_OUTPUT_GATE_B_WALK_GRAPH
WP_00211,45.747500018406285,9.348333310364453,097092,La Valletta Brianza,0.0742062577911222,32.68743373290992,False,False,False,False,True,True,True,True,MODEL_OUTPUT_GATE_B_WALK_GRAPH
WP_00212,45.747500018406285,9.367499976953743,097074,Santa Maria Hoè,8.455913187065722,2.3880818918975923,True,True,True,True,False,False,False,False,MODEL_OUTPUT_GATE_B_WALK_GRAPH
WP_00213,45.747500018406285,9.368333310283711,097074,Santa Maria Hoè,11.401977646900535,3.4984870131578285,True,True,True,True,False,False,False,False,MODEL_OUTPUT_GATE_B_WALK_GRAPH
WP_00214,45.747500018406285,9.36916664361368,097074,Santa Maria Hoè,18.353391300498863,3.140240606839616,True,True,True,True,False,False,False,False,MODEL_OUTPUT_GATE_B_WALK_GRAPH
WP_00215,45.747500018406285,9.369999976943651,097074,Santa Maria Hoè,20.83791651212594,3.4393613218267234,True,True,True,True,False,False,False,False,MODEL_OUTPUT_GATE_B_WALK_GRAPH
WP_00216,45.747500018406285,9.37083331027362,097074,Santa Maria Hoè,20.103400904654467,5.1998001314459055,False,True,True,True,True,False,False,False,MODEL_OUTPUT_GATE_B_WALK_GRAPH
WP_00217,45.747500018406285,9.37166664360359,097074,Santa Maria Hoè,20.1666328325341,6.093165112116862,False,True,True,True,True,False,False,False,MODEL_OUTPUT_GATE_B_WALK_GRAPH
WP_00218,45.747500018406285,9.372499976933558,097074,Santa Maria Hoè,20.480601867107445,6.060720035839433,False,True,True,True,True,False,False,False,MODEL_OUTPUT_GATE_B_WALK_GRAPH
WP_00219,45.747500018406285,9.373333310263527,097074,Santa Maria Hoè,12.950529354849778,7.571426134113241,False,True,True,True,True,False,False,False,MODEL_OUTPUT_GATE_B_WALK_GRAPH
WP_00220,45.747500018406285,9.374166643593496,097074,Santa Maria Hoè,0.275102058663304,9.248046993140267,False,False,True,True,True,True,False,False,MODEL_OUTPUT_GATE_B_WALK_GRAPH
WP_00221,45.747500018406285,9.374999976923466,097074,Santa Maria Hoè,0.2751517990200294,7.111577155856848,False,True,True,True,True,False,False,False,MODEL_OUTPUT_GATE_B_WALK_GRAPH
WP_00222,45.747500018406285,9.375833310253434,097074,Santa Maria Hoè,0.1758571646977494,8.51221411996807,False,False,True,True,True,True,False,False,MODEL_OUTPUT_GATE_B_WALK_GRAPH
WP_00223,45.747500018406285,9.376666643583404,097074,Santa Maria Hoè,0.0997074819530066,9.327311443941014,False,False,True,True,True,True,False,False,MODEL_OUTPUT_GATE_B_WALK_GRAPH
WP_00224,45.747500018406285,9.377499976913374,097074,Santa Maria Hoè,0.0424365039695444,9.659382815719251,False,False,True,True,True,True,False,False,MODEL_OUTPUT_GATE_B_WALK_GRAPH
WP_00225,45.747500018406285,9.379166643573312,097074,Santa Maria Hoè,0.0150787070416632,17.186283519875214,False,False,False,False,True,True,True,True,MODEL_OUTPUT_GATE_B_WALK_GRAPH
WP_00226,45.747500018406285,9.37999997690328,097074,Santa Maria Hoè,0.0166789071149168,17.172850530246407,False,False,False,False,True,True,True,True,MODEL_OUTPUT_GATE_B_WALK_GRAPH
WP_00227,45.747500018406285,9.38083331023325,097074,Santa Maria Hoè,0.0156723357052184,14.659778948220632,False,False,False,False,True,True,True,True,MODEL_OUTPUT_GATE_B_WALK_GRAPH
WP_00228,45.747500018406285,9.381666643563218,097074,Santa Maria Hoè,0.0243321154579227,15.484265619722956,False,False,False,False,True,True,True,True,MODEL_OUTPUT_GATE_B_WALK_GRAPH
WP_00229,45.747500018406285,9.382499976893188,097074,Santa Maria Hoè,0.0387050026992984,11.49729872670478,False,False,False,True,True,True,True,False,MODEL_OUTPUT_GATE_B_WALK_GRAPH
WP_00230,45.747500018406285,9.383333310223158,097074,Santa Maria Hoè,0.0317986823234939,12.168851354303891,False,False,False,False,True,True,True,True,MODEL_OUTPUT_GATE_B_WALK_GRAPH
WP_00231,45.747500018406285,9.384166643553126,097074,Santa Maria Hoè,0.0335963970681041,16.071590257418375,False,False,False,False,True,True,True,True,MODEL_OUTPUT_GATE_B_WALK_GRAPH
WP_00232,45.747500018406285,9.384999976883096,097074,Santa Maria Hoè,0.0224697022058328,16.250593937779993,False,False,False,False,True,True,True,True,MODEL_OUTPUT_GATE_B_WALK_GRAPH
WP_00233,45.747500018406285,9.387499976873002,097074,Santa Maria Hoè,0.0267268663341649,27.151272205952388,False,False,False,False,True,True,True,True,MODEL_OUTPUT_GATE_B_WALK_GRAPH
WP_00234,45.747500018406285,9.388333310202972,097074,Santa Maria Hoè,0.0137725012115242,26.486149907365245,False,False,False,False,True,True,True,True,MODEL_OUTPUT_GATE_B_WALK_GRAPH
WP_00235,45.747500018406285,9.389166643532942,097074,Santa Maria Hoè,0.0110214738500036,25.35008363946123,False,False,False,False,True,True,True,True,MODEL_OUTPUT_GATE_B_WALK_GRAPH
WP_00236,45.747500018406285,9.38999997686291,097074,Santa Maria Hoè,0.0222423680170756,23.93295170868156,False,False,False,False,True,True,True,True,MODEL_OUTPUT_GATE_B_WALK_GRAPH
WP_00237,45.747500018406285,9.39083331019288,097074,Santa Maria Hoè,0.0342985891330346,25.008770498906543,False,False,False,False,True,True,True,True,MODEL_OUTPUT_GATE_B_WALK_GRAPH
WP_00238,45.747500018406285,9.391666643522848,097074,Santa Maria Hoè,0.0364173968366424,26.546402231076836,False,False,False,False,True,True,True,True,MODEL_OUTPUT_GATE_B_WALK_GRAPH
WP_00239,45.747500018406285,9.392499976852818,097074,Santa Maria Hoè,0.0369021517222003,27.465719460303838,False,False,False,False,True,True,True,True,MODEL_OUTPUT_GATE_B_WALK_GRAPH
WP_00240,45.747500018406285,9.393333310182786,097058,Olgiate Molgora,0.0165130202603632,28.251244724360667,False,False,False,False,True,True,True,True,MODEL_OUTPUT_GATE_B_WALK_GRAPH
WP_00241,45.747500018406285,9.394166643512756,097058,Olgiate Molgora,0.0049040560465819,29.05361765290747,False,False,False,False,True,True,True,True,MODEL_OUTPUT_GATE_B_WALK_GRAPH
WP_00242,45.747500018406285,9.394999976842726,097058,Olgiate Molgora,0.0046188581017151,22.46918055393839,False,False,False,False,True,True,True,True,MODEL_OUTPUT_GATE_B_WALK_GRAPH
WP_00243,45.747500018406285,9.395833310172694,097058,Olgiate Molgora,0.0043528241584044,21.689758373126445,False,False,False,False,True,True,True,True,MODEL_OUTPUT_GATE_B_WALK_GRAPH
WP_00244,45.747500018406285,9.396666643502664,097058,Olgiate Molgora,0.0096076342965055,21.293697648787383,False,False,False,False,True,True,True,True,MODEL_OUTPUT_GATE_B_WALK_GRAPH
WP_00245,45.747500018406285,9.397499976832632,097058,Olgiate Molgora,0.0125510346285869,20.53571272124645,False,False,False,False,True,True,True,True,MODEL_OUTPUT_GATE_B_WALK_GRAPH
WP_00246,45.747500018406285,9.398333310162602,097058,Olgiate Molgora,0.0220202863547764,20.47676246577112,False,False,False,False,True,True,True,True,MODEL_OUTPUT_GATE_B_WALK_GRAPH
WP_00247,45.747500018406285,9.39916664349257,097058,Olgiate Molgora,0.0167012218798674,28.896862495038917,False,False,False,False,True,True,True,True,MODEL_OUTPUT_GATE_B_WALK_GRAPH
WP_00248,45.747500018406285,9.39999997682254,097058,Olgiate Molgora,0.0092604859240607,27.57391989145201,False,False,False,False,True,True,True,True,MODEL_OUTPUT_GATE_B_WALK_GRAPH
WP_00249,45.747500018406285,9.400833310152509,097058,Olgiate Molgora,0.004248121780701,28.22589961197303,False,False,False,False,True,True,True,True,MODEL_OUTPUT_GATE_B_WALK_GRAPH
WP_00250,45.747500018406285,9.401666643482478,097058,Olgiate Molgora,0.0013170753114602,28.6675964426595,False,False,False,False,True,True,True,True,MODEL_OUTPUT_GATE_B_WALK_GRAPH
WP_00251,45.747500018406285,9.4091666434522,097058,Olgiate Molgora,0.0018108916165392,41.6881683014479,False,False,False,False,True,True,True,True,MODEL_OUTPUT_GATE_B_WALK_GRAPH
WP_00252,45.747500018406285,9.40999997678217,097058,Olgiate Molgora,0.00225589625812,39.46723175394702,False,False,False,False,True,True,True,True,MODEL_OUTPUT_GATE_B_WALK_GRAPH
WP_00253,45.747500018406285,9.41083331011214,097058,Olgiate Molgora,0.0025343468104024,40.34107306310065,False,False,False,False,True,True,True,True,MODEL_OUTPUT_GATE_B_WALK_GRAPH
WP_00254,45.747500018406285,9.411666643442109,097058,Olgiate Molgora,0.0029475896131603,49.67212352947013,False,False,False,False,True,True,True,True,MODEL_OUTPUT_GATE_B_WALK_GRAPH
WP_00255,45.747500018406285,9.412499976772075,097058,Olgiate Molgora,0.0025380729652745,48.364087083041575,False,False,False,False,True,True,True,True,MODEL_OUTPUT_GATE_B_WALK_GRAPH
WP_00256,45.747500018406285,9.413333310102049,097058,Olgiate Molgora,0.002478499765666,46.30706814562453,False,False,False,False,True,True,True,True,MODEL_OUTPUT_GATE_B_WALK_GRAPH
WP_00257,45.747500018406285,9.414166643432017,097058,Olgiate Molgora,0.0040668700422121,44.98483854988943,False,False,False,False,True,True,True,True,MODEL_OUTPUT_GATE_B_WALK_GRAPH
WP_00258,45.747500018406285,9.414999976761983,097058,Olgiate Molgora,0.0061091821469366,44.20161698563581,False,False,False,False,True,True,True,True,MODEL_OUTPUT_GATE_B_WALK_GRAPH
WP_00259,45.747500018406285,9.436666643341184,097010,Brivio,0.3218084562099431,15.00798161438639,False,False,False,False,True,True,True,True,MODEL_OUTPUT_GATE_B_WALK_GRAPH
WP_00260,45.747500018406285,9.437499976671152,097010,Brivio,0.3307233600040991,14.217262702812048,False,False,False,False,True,True,True,True,MODEL_OUTPUT_GATE_B_WALK_GRAPH
WP_00261,45.747500018406285,9.438333310001122,097010,Brivio,0.3051929931984519,14.2182470290796,False,False,False,False,True,True,True,True,MODEL_OUTPUT_GATE_B_WALK_GRAPH
WP_00262,45.747500018406285,9.439166643331092,097010,Brivio,0.3144306650644878,11.51801711363249,False,False,False,True,True,True,True,False,MODEL_OUTPUT_GATE_B_WALK_GRAPH
WP_00263,45.747500018406285,9.43999997666106,097010,Brivio,0.3213118918940537,9.872145141991904,False,False,True,True,True,True,False,False,MODEL_OUTPUT_GATE_B_WALK_GRAPH
WP_00264,45.747500018406285,9.44083330999103,097010,Brivio,0.3188400133225375,9.078303726765425,False,False,True,True,True,True,False,False,MODEL_OUTPUT_GATE_B_WALK_GRAPH
WP_00265,45.747500018406285,9.441666643320998,097010,Brivio,19.75280859187828,8.446764386433044,False,False,True,True,True,True,False,False,MODEL_OUTPUT_GATE_B_WALK_GRAPH
WP_00266,45.747500018406285,9.442499976650968,097010,Brivio,13.300931083767438,8.848029683253413,False,False,True,True,True,True,False,False,MODEL_OUTPUT_GATE_B_WALK_GRAPH
WP_00267,45.747500018406285,9.443333309980936,097010,Brivio,2.3283125895634504,8.79699122740076,False,False,True,True,True,True,False,False,MODEL_OUTPUT_GATE_B_WALK_GRAPH
WP_00268,45.747500018406285,9.444166643310906,097010,Brivio,1.2829895589490463,9.829814876186544,False,False,True,True,True,True,False,False,MODEL_OUTPUT_GATE_B_WALK_GRAPH
WP_00269,45.747500018406285,9.444999976640874,097010,Brivio,0.0706594391684864,11.655269275474287,False,False,False,True,True,True,True,False,MODEL_OUTPUT_GATE_B_WALK_GRAPH
WP_00270,45.747500018406285,9.445833309970844,097010,Brivio,0.0527004591240023,12.270233008970733,False,False,False,False,True,True,True,True,MODEL_OUTPUT_GATE_B_WALK_GRAPH
WP_00271,45.747500018406285,9.446666643300814,097010,Brivio,0.0407521414992321,13.066260878763186,False,False,False,False,True,True,True,True,MODEL_OUTPUT_GATE_B_WALK_GRAPH
WP_00272,45.747500018406285,9.447499976630782,097010,Brivio,0.0378895760132109,13.871702813850034,False,False,False,False,True,True,True,True,MODEL_OUTPUT_GATE_B_WALK_GRAPH
WP_00273,45.747500018406285,9.448333309960752,097010,Brivio,0.0424053272916602,14.67954794468779,False,False,False,False,True,True,True,True,MODEL_OUTPUT_GATE_B_WALK_GRAPH
WP_00274,45.747500018406285,9.44916664329072,097010,Brivio,0.042464886892116,18.206700400031263,False,False,False,False,True,True,True,True,MODEL_OUTPUT_GATE_B_WALK_GRAPH
WP_00275,45.747500018406285,9.44999997662069,097010,Brivio,0.0632474701215256,16.42234043285513,False,False,False,False,True,True,True,True,MODEL_OUTPUT_GATE_B_WALK_GRAPH
WP_00276,45.747500018406285,9.450833309950658,097010,Brivio,0.1720909966034672,15.252124988312364,False,False,False,False,True,True,True,True,MODEL_OUTPUT_GATE_B_WALK_GRAPH
WP_00277,45.747500018406285,9.451666643280628,097010,Brivio,0.047850230501877,14.146345564140695,False,False,False,False,True,True,True,True,MODEL_OUTPUT_GATE_B_WALK_GRAPH
WP_00278,45.7466666850763,9.338333310404822,097092,La Valletta Brianza,0.1221192983442979,27.57907695590214,False,False,False,False,True,True,True,True,MODEL_OUTPUT_GATE_B_WALK_GRAPH
WP_00279,45.7466666850763,9.339166643734792,097092,La Valletta Brianza,0.0873917994213656,32.240308929504394,False,False,False,False,True,True,True,True,MODEL_OUTPUT_GATE_B_WALK_GRAPH
WP_00280,45.7466666850763,9.33999997706476,097092,La Valletta Brianza,0.0996836433740692,26.269188191265744,False,False,False,False,True,True,True,True,MODEL_OUTPUT_GATE_B_WALK_GRAPH
WP_00281,45.7466666850763,9.34083331039473,097092,La Valletta Brianza,0.1033737525669054,26.73639536216078,False,False,False,False,True,True,True,True,MODEL_OUTPUT_GATE_B_WALK_GRAPH
WP_00282,45.7466666850763,9.341666643724698,097092,La Valletta Brianza,0.1094827601537863,28.538664960267894,False,False,False,False,True,True,True,True,MODEL_OUTPUT_GATE_B_WALK_GRAPH
WP_00283,45.7466666850763,9.342499977054668,097092,La Valletta Brianza,0.1900701247832662,22.324188265258066,False,False,False,False,True,True,True,True,MODEL_OUTPUT_GATE_B_WALK_GRAPH
WP_00284,45.7466666850763,9.343333310384637,097092,La Valletta Brianza,0.1900994753385934,21.499684675047245,False,False,False,False,True,True,True,True,MODEL_OUTPUT_GATE_B_WALK_GRAPH
WP_00285,45.7466666850763,9.344166643714606,097092,La Valletta Brianza,0.1890598542672282,22.825890351028267,False,False,False,False,True,True,True,True,MODEL_OUTPUT_GATE_B_WALK_GRAPH
WP_00286,45.7466666850763,9.344999977044576,097092,La Valletta Brianza,0.116765968168243,21.96612079228145,False,False,False,False,True,True,True,True,MODEL_OUTPUT_GATE_B_WALK_GRAPH
WP_00287,45.7466666850763,9.345833310374545,097092,La Valletta Brianza,0.1139691385343395,21.4642096297904,False,False,False,False,True,True,True,True,MODEL_OUTPUT_GATE_B_WALK_GRAPH
WP_00288,45.7466666850763,9.346666643704514,097092,La Valletta Brianza,0.0465926357012353,21.123269143170877,False,False,False,False,True,True,True,True,MODEL_OUTPUT_GATE_B_WALK_GRAPH
WP_00289,45.7466666850763,9.347499977034484,097092,La Valletta Brianza,0.0363840471444483,20.85115107851952,False,False,False,False,True,True,True,True,MODEL_OUTPUT_GATE_B_WALK_GRAPH
WP_00290,45.7466666850763,9.348333310364453,097092,La Valletta Brianza,0.0412619936004099,20.80002697606637,False,False,False,False,True,True,True,True,MODEL_OUTPUT_GATE_B_WALK_GRAPH
WP_00291,45.7466666850763,9.34916664369442,097092,La Valletta Brianza,0.0447368505363061,20.388944332107776,False,False,False,False,True,True,True,True,MODEL_OUTPUT_GATE_B_WALK_GRAPH
WP_00292,45.7466666850763,9.34999997702439,097092,La Valletta Brianza,0.036448173515388,20.845840628299737,False,False,False,False,True,True,True,True,MODEL_OUTPUT_GATE_B_WALK_GRAPH
WP_00293,45.7466666850763,9.36916664361368,097074,Santa Maria Hoè,19.41503324141338,4.42573997054808,True,True,True,True,False,False,False,False,MODEL_OUTPUT_GATE_B_WALK_GRAPH
WP_00294,45.7466666850763,9.369999976943651,097074,Santa Maria Hoè,21.938715941468764,4.54835385776339,True,True,True,True,False,False,False,False,MODEL_OUTPUT_GATE_B_WALK_GRAPH
WP_00295,45.7466666850763,9.37083331027362,097074,Santa Maria Hoè,27.14799813720223,4.736559343353802,True,True,True,True,False,False,False,False,MODEL_OUTPUT_GATE_B_WALK_GRAPH
WP_00296,45.7466666850763,9.37166664360359,097074,Santa Maria Hoè,26.196703215301653,6.805706531033175,False,True,True,True,True,False,False,False,MODEL_OUTPUT_GATE_B_WALK_GRAPH
WP_00297,45.7466666850763,9.372499976933558,097074,Santa Maria Hoè,23.369546562446644,7.065292866840226,False,True,True,True,True,False,False,False,MODEL_OUTPUT_GATE_B_WALK_GRAPH
WP_00298,45.7466666850763,9.373333310263527,097074,Santa Maria Hoè,23.239244876393705,4.279650078267822,True,True,True,True,False,False,False,False,MODEL_OUTPUT_GATE_B_WALK_GRAPH
WP_00299,45.7466666850763,9.374166643593496,097074,Santa Maria Hoè,22.28574397100731,4.340766280273479,True,True,True,True,False,False,False,False,MODEL_OUTPUT_GATE_B_WALK_GRAPH
WP_00300,45.7466666850763,9.374999976923466,097074,Santa Maria Hoè,0.5102608220388569,5.425156844767228,False,True,True,True,True,False,False,False,MODEL_OUTPUT_GATE_B_WALK_GRAPH
WP_00301,45.7466666850763,9.375833310253434,097074,Santa Maria Hoè,0.2621357382002929,7.886563877751064,False,True,True,True,True,False,False,False,MODEL_OUTPUT_GATE_B_WALK_GRAPH
WP_00302,45.7466666850763,9.376666643583404,097074,Santa Maria Hoè,0.1519461635683264,7.161176502017485,False,True,True,True,True,False,False,False,MODEL_OUTPUT_GATE_B_WALK_GRAPH
WP_00303,45.7466666850763,9.377499976913374,097074,Santa Maria Hoè,0.1098396967443084,10.242668987686756,False,False,False,True,True,True,True,False,MODEL_OUTPUT_GATE_B_WALK_GRAPH
WP_00304,45.7466666850763,9.378333310243342,097074,Santa Maria Hoè,0.0358623933756208,10.797341538352397,False,False,False,True,True,True,True,False,MODEL_OUTPUT_GATE_B_WALK_GRAPH
WP_00305,45.7466666850763,9.379166643573312,097074,Santa Maria Hoè,0.016777933944275,11.869529734042247,False,False,False,True,True,True,True,False,MODEL_OUTPUT_GATE_B_WALK_GRAPH
WP_00306,45.7466666850763,9.37999997690328,097074,Santa Maria Hoè,0.0147026941074728,14.182536926912398,False,False,False,False,True,True,True,True,MODEL_OUTPUT_GATE_B_WALK_GRAPH
WP_00307,45.7466666850763,9.38083331023325,097074,Santa Maria Hoè,0.0160345919465464,12.764321767048868,False,False,False,False,True,True,True,True,MODEL_OUTPUT_GATE_B_WALK_GRAPH
WP_00308,45.7466666850763,9.381666643563218,097074,Santa Maria Hoè,0.0309012066277645,11.18314511282204,False,False,False,True,True,True,True,False,MODEL_OUTPUT_GATE_B_WALK_GRAPH
WP_00309,45.7466666850763,9.382499976893188,097074,Santa Maria Hoè,0.0446942202297559,9.70927994420745,False,False,True,True,True,True,False,False,MODEL_OUTPUT_GATE_B_WALK_GRAPH
WP_00310,45.7466666850763,9.383333310223158,097074,Santa Maria Hoè,0.0307546487892489,15.043004156895218,False,False,False,False,True,True,True,True,MODEL_OUTPUT_GATE_B_WALK_GRAPH
WP_00311,45.7466666850763,9.384166643553126,097074,Santa Maria Hoè,0.0260525297367202,14.246404798379244,False,False,False,False,True,True,True,True,MODEL_OUTPUT_GATE_B_WALK_GRAPH
WP_00312,45.7466666850763,9.384999976883096,097074,Santa Maria Hoè,0.0135178914255831,14.632320990096847,False,False,False,False,True,True,True,True,MODEL_OUTPUT_GATE_B_WALK_GRAPH
WP_00313,45.7466666850763,9.385833310213064,097074,Santa Maria Hoè,0.0229838444176887,13.886273013492938,False,False,False,False,True,True,True,True,MODEL_OUTPUT_GATE_B_WALK_GRAPH
WP_00314,45.7466666850763,9.386666643543034,097074,Santa Maria Hoè,0.0303594592521503,14.691321251000463,False,False,False,False,True,True,True,True,MODEL_OUTPUT_GATE_B_WALK_GRAPH
WP_00315,45.7466666850763,9.387499976873002,097074,Santa Maria Hoè,0.0271510994471091,26.0636312635492,False,False,False,False,True,True,True,True,MODEL_OUTPUT_GATE_B_WALK_GRAPH
WP_00316,45.7466666850763,9.388333310202972,097074,Santa Maria Hoè,0.0169915648382984,25.302973434854703,False,False,False,False,True,True,True,True,MODEL_OUTPUT_GATE_B_WALK_GRAPH
WP_00317,45.7466666850763,9.389166643532942,097074,Santa Maria Hoè,0.009055942136957,20.73524172426761,False,False,False,False,True,True,True,True,MODEL_OUTPUT_GATE_B_WALK_GRAPH
WP_00318,45.7466666850763,9.38999997686291,097074,Santa Maria Hoè,0.0122806167389555,21.449125183405656,False,False,False,False,True,True,True,True,MODEL_OUTPUT_GATE_B_WALK_GRAPH
WP_00319,45.7466666850763,9.39083331019288,097074,Santa Maria Hoè,0.0121579028335199,24.346153867911568,False,False,False,False,True,True,True,True,MODEL_OUTPUT_GATE_B_WALK_GRAPH
WP_00320,45.7466666850763,9.391666643522848,097074,Santa Maria Hoè,0.0232431607480522,24.8524858747993,False,False,False,False,True,True,True,True,MODEL_OUTPUT_GATE_B_WALK_GRAPH
WP_00321,45.7466666850763,9.392499976852818,097074,Santa Maria Hoè,0.0388875742381242,25.657910648673013,False,False,False,False,True,True,True,True,MODEL_OUTPUT_GATE_B_WALK_GRAPH
WP_00322,45.7466666850763,9.393333310182786,097058,Olgiate Molgora,0.0303264638402025,26.467334770919837,False,False,False,False,True,True,True,True,MODEL_OUTPUT_GATE_B_WALK_GRAPH
WP_00323,45.7466666850763,9.394166643512756,097058,Olgiate Molgora,0.0140229807226879,20.20483231416668,False,False,False,False,True,True,True,True,MODEL_OUTPUT_GATE_B_WALK_GRAPH
WP_00324,45.7466666850763,9.394999976842726,097058,Olgiate Molgora,0.0064012053999135,20.85631707462432,False,False,False,False,True,True,True,True,MODEL_OUTPUT_GATE_B_WALK_GRAPH
WP_00325,45.7466666850763,9.395833310172694,097058,Olgiate Molgora,0.0057331572234303,20.08055731336725,False,False,False,False,True,True,True,True,MODEL_OUTPUT_GATE_B_WALK_GRAPH
WP_00326,45.7466666850763,9.396666643502664,097058,Olgiate Molgora,0.0089980480465734,19.363666528698744,False,False,False,False,True,True,True,True,MODEL_OUTPUT_GATE_B_WALK_GRAPH
WP_00327,45.7466666850763,9.397499976832632,097058,Olgiate Molgora,0.0221053636732705,18.990888774332323,False,False,False,False,True,True,True,True,MODEL_OUTPUT_GATE_B_WALK_GRAPH
WP_00328,45.7466666850763,9.398333310162602,097058,Olgiate Molgora,0.0120140711646911,20.306875723865645,False,False,False,False,True,True,True,True,MODEL_OUTPUT_GATE_B_WALK_GRAPH
WP_00329,45.7466666850763,9.39916664349257,097058,Olgiate Molgora,0.0071122050270421,25.834532397541157,False,False,False,False,True,True,True,True,MODEL_OUTPUT_GATE_B_WALK_GRAPH
WP_00330,45.7466666850763,9.39999997682254,097058,Olgiate Molgora,0.0168218452264818,26.42413258333587,False,False,False,False,True,True,True,True,MODEL_OUTPUT_GATE_B_WALK_GRAPH
WP_00331,45.7466666850763,9.400833310152509,097058,Olgiate Molgora,0.0145592454750853,28.05625607615464,False,False,False,False,True,True,True,True,MODEL_OUTPUT_GATE_B_WALK_GRAPH
WP_00332,45.7466666850763,9.401666643482478,097058,Olgiate Molgora,0.0058087624043358,28.729283812956737,False,False,False,False,True,True,True,True,MODEL_OUTPUT_GATE_B_WALK_GRAPH
WP_00333,45.7466666850763,9.402499976812448,097058,Olgiate Molgora,0.0012003693460226,37.1808785667651,False,False,False,False,True,True,True,True,MODEL_OUTPUT_GATE_B_WALK_GRAPH
WP_00334,45.7466666850763,9.403333310142417,097058,Olgiate Molgora,0.0011748159266053,36.25454667229107,False,False,False,False,True,True,True,True,MODEL_OUTPUT_GATE_B_WALK_GRAPH
WP_00335,45.7466666850763,9.40999997678217,097058,Olgiate Molgora,0.002723314944001,37.30680439515335,False,False,False,False,True,True,True,True,MODEL_OUTPUT_GATE_B_WALK_GRAPH
WP_00336,45.7466666850763,9.41083331011214,097058,Olgiate Molgora,0.0028607052980216,38.74433697878367,False,False,False,False,True,True,True,True,MODEL_OUTPUT_GATE_B_WALK_GRAPH
WP_00337,45.7466666850763,9.411666643442109,097058,Olgiate Molgora,0.0025999670822218,39.43750985024185,False,False,False,False,True,True,True,True,MODEL_OUTPUT_GATE_B_WALK_GRAPH
WP_00338,45.7466666850763,9.412499976772075,097058,Olgiate Molgora,0.0025509915432964,39.48141123650823,False,False,False,False,True,True,True,True,MODEL_OUTPUT_GATE_B_WALK_GRAPH
WP_00339,45.7466666850763,9.413333310102049,097058,Olgiate Molgora,0.0026139128121141,40.05987910694181,False,False,False,False,True,True,True,True,MODEL_OUTPUT_GATE_B_WALK_GRAPH
WP_00340,45.7466666850763,9.414166643432017,097058,Olgiate Molgora,0.0018614335103532,40.09625897816757,False,False,False,False,True,True,True,True,MODEL_OUTPUT_GATE_B_WALK_GRAPH
WP_00341,45.7466666850763,9.414999976761983,097058,Olgiate Molgora,0.0016783547791997,41.29093335666067,False,False,False,False,True,True,True,True,MODEL_OUTPUT_GATE_B_WALK_GRAPH
WP_00342,45.7466666850763,9.415833310091957,097058,Olgiate Molgora,0.0024447664801731,42.44104078186384,False,False,False,False,True,True,True,True,MODEL_OUTPUT_GATE_B_WALK_GRAPH
WP_00343,45.7466666850763,9.424999976721615,097010,Brivio,2.3109055063185324,10.402447046800685,False,False,False,True,True,True,True,False,MODEL_OUTPUT_GATE_B_WALK_GRAPH
WP_00344,45.7466666850763,9.432499976691338,097010,Brivio,0.0178129513664606,15.70899409335954,False,False,False,False,True,True,True,True,MODEL_OUTPUT_GATE_B_WALK_GRAPH
WP_00345,45.7466666850763,9.433333310021307,097010,Brivio,0.0188359421243371,16.493005630288533,False,False,False,False,True,True,True,True,MODEL_OUTPUT_GATE_B_WALK_GRAPH
WP_00346,45.7466666850763,9.434166643351276,097010,Brivio,0.0718230266801661,15.77214956243311,False,False,False,False,True,True,True,True,MODEL_OUTPUT_GATE_B_WALK_GRAPH
WP_00347,45.7466666850763,9.434999976681246,097010,Brivio,0.0267737027541733,15.003805484957304,False,False,False,False,True,True,True,True,MODEL_OUTPUT_GATE_B_WALK_GRAPH
WP_00348,45.7466666850763,9.435833310011214,097010,Brivio,0.0490742103718498,14.327299324247551,False,False,False,False,True,True,True,True,MODEL_OUTPUT_GATE_B_WALK_GRAPH
WP_00349,45.7466666850763,9.436666643341184,097010,Brivio,0.3124571746435161,14.197737773804583,False,False,False,False,True,True,True,True,MODEL_OUTPUT_GATE_B_WALK_GRAPH
WP_00350,45.7466666850763,9.437499976671152,097010,Brivio,0.3062390636973024,12.971244594944164,False,False,False,False,True,True,True,True,MODEL_OUTPUT_GATE_B_WALK_GRAPH
WP_00351,45.7466666850763,9.438333310001122,097010,Brivio,0.2941844792064558,13.09068810694428,False,False,False,False,True,True,True,True,MODEL_OUTPUT_GATE_B_WALK_GRAPH
WP_00352,45.7466666850763,9.439166643331092,097010,Brivio,0.1459334839868324,11.076308668388693,False,False,False,True,True,True,True,False,MODEL_OUTPUT_GATE_B_WALK_GRAPH
WP_00353,45.7466666850763,9.43999997666106,097010,Brivio,0.2633897656550676,10.5781869206016,False,False,False,True,True,True,True,False,MODEL_OUTPUT_GATE_B_WALK_GRAPH
WP_00354,45.7466666850763,9.44083330999103,097010,Brivio,0.2679637403217774,7.642766439281218,False,True,True,True,True,False,False,False,MODEL_OUTPUT_GATE_B_WALK_GRAPH
WP_00355,45.7466666850763,9.441666643320998,097010,Brivio,8.868485986293855,6.980129221722449,False,True,True,True,True,False,False,False,MODEL_OUTPUT_GATE_B_WALK_GRAPH
WP_00356,45.7466666850763,9.442499976650968,097010,Brivio,24.1129763378598,7.591366399840275,False,True,True,True,True,False,False,False,MODEL_OUTPUT_GATE_B_WALK_GRAPH
WP_00357,45.7466666850763,9.443333309980936,097010,Brivio,12.000421870445594,7.024620079873295,False,True,True,True,True,False,False,False,MODEL_OUTPUT_GATE_B_WALK_GRAPH
WP_00358,45.7466666850763,9.444166643310906,097010,Brivio,0.7686982288190093,10.768950983694696,False,False,False,True,True,True,True,False,MODEL_OUTPUT_GATE_B_WALK_GRAPH
WP_00359,45.7466666850763,9.444999976640874,097010,Brivio,0.3888044131684481,11.484788836898032,False,False,False,True,True,True,True,False,MODEL_OUTPUT_GATE_B_WALK_GRAPH
WP_00360,45.7466666850763,9.445833309970844,097010,Brivio,0.091962245902228,12.221746505212478,False,False,False,False,True,True,True,True,MODEL_OUTPUT_GATE_B_WALK_GRAPH
WP_00361,45.7466666850763,9.446666643300814,097010,Brivio,0.0536425995449283,13.065272324477528,False,False,False,False,True,True,True,True,MODEL_OUTPUT_GATE_B_WALK_GRAPH
WP_00362,45.7466666850763,9.447499976630782,097010,Brivio,0.042143765337633,11.383696531207327,False,False,False,True,True,True,True,False,MODEL_OUTPUT_GATE_B_WALK_GRAPH
WP_00363,45.7466666850763,9.448333309960752,097010,Brivio,0.0861535351740117,12.00836411796387,False,False,False,False,True,True,True,True,MODEL_OUTPUT_GATE_B_WALK_GRAPH
WP_00364,45.7466666850763,9.44916664329072,097010,Brivio,0.2581182248948537,10.469475485153907,False,False,False,True,True,True,True,False,MODEL_OUTPUT_GATE_B_WALK_GRAPH
WP_00365,45.7466666850763,9.44999997662069,097010,Brivio,0.0512817880709766,15.562269231610818,False,False,False,False,True,True,True,True,MODEL_OUTPUT_GATE_B_WALK_GRAPH
WP_00366,45.7466666850763,9.450833309950658,097010,Brivio,0.0722721839605411,14.150011054026873,False,False,False,False,True,True,True,True,MODEL_OUTPUT_GATE_B_WALK_GRAPH
WP_00367,45.7466666850763,9.451666643280628,097010,Brivio,0.1696753909303721,13.360554526861206,False,False,False,False,True,True,True,True,MODEL_OUTPUT_GATE_B_WALK_GRAPH
WP_00368,45.7466666850763,9.452499976610598,097010,Brivio,0.0430912854375157,12.035638413073604,False,False,False,False,True,True,True,True,MODEL_OUTPUT_GATE_B_WALK_GRAPH
WP_00369,45.74583335174632,9.339166643734792,097092,La Valletta Brianza,0.0150080743707141,26.80949566662397,False,False,False,False,True,True,True,True,MODEL_OUTPUT_GATE_B_WALK_GRAPH
WP_00370,45.74583335174632,9.33999997706476,097092,La Valletta Brianza,0.0125770668162759,25.88678265464375,False,False,False,False,True,True,True,True,MODEL_OUTPUT_GATE_B_WALK_GRAPH
WP_00371,45.74583335174632,9.34083331039473,097092,La Valletta Brianza,0.008800239138918,24.846414755852035,False,False,False,False,True,True,True,True,MODEL_OUTPUT_GATE_B_WALK_GRAPH
WP_00372,45.74583335174632,9.341666643724698,097092,La Valletta Brianza,0.0378331125752698,23.66689708057591,False,False,False,False,True,True,True,True,MODEL_OUTPUT_GATE_B_WALK_GRAPH
WP_00373,45.74583335174632,9.342499977054668,097092,La Valletta Brianza,0.0948339062152699,22.76127609254408,False,False,False,False,True,True,True,True,MODEL_OUTPUT_GATE_B_WALK_GRAPH
WP_00374,45.74583335174632,9.343333310384637,097092,La Valletta Brianza,0.1093914252285797,22.35696775276327,False,False,False,False,True,True,True,True,MODEL_OUTPUT_GATE_B_WALK_GRAPH
WP_00375,45.74583335174632,9.344166643714606,097092,La Valletta Brianza,0.1920077001166779,20.319082911356706,False,False,False,False,True,True,True,True,MODEL_OUTPUT_GATE_B_WALK_GRAPH
WP_00376,45.74583335174632,9.344999977044576,097092,La Valletta Brianza,0.1909885325850363,19.676338135416064,False,False,False,False,True,True,True,True,MODEL_OUTPUT_GATE_B_WALK_GRAPH
WP_00377,45.74583335174632,9.345833310374545,097092,La Valletta Brianza,0.190681071466457,21.15614374050677,False,False,False,False,True,True,True,True,MODEL_OUTPUT_GATE_B_WALK_GRAPH
WP_00378,45.74583335174632,9.346666643704514,097092,La Valletta Brianza,0.1185041626157702,19.783666246991235,False,False,False,False,True,True,True,True,MODEL_OUTPUT_GATE_B_WALK_GRAPH
WP_00379,45.74583335174632,9.347499977034484,097092,La Valletta Brianza,0.1100608399727095,19.415806689765805,False,False,False,False,True,True,True,True,MODEL_OUTPUT_GATE_B_WALK_GRAPH
WP_00380,45.74583335174632,9.348333310364453,097092,La Valletta Brianza,0.1123260626426917,19.324970322875107,False,False,False,False,True,True,True,True,MODEL_OUTPUT_GATE_B_WALK_GRAPH
WP_00381,45.74583335174632,9.34916664369442,097092,La Valletta Brianza,0.0490002140480771,19.45536222787997,False,False,False,False,True,True,True,True,MODEL_OUTPUT_GATE_B_WALK_GRAPH
WP_00382,45.74583335174632,9.34999997702439,097092,La Valletta Brianza,0.0422190636645161,19.02572044849147,False,False,False,False,True,True,True,True,MODEL_OUTPUT_GATE_B_WALK_GRAPH
WP_00383,45.74583335174632,9.35083331035436,097092,La Valletta Brianza,0.0401421725821495,19.677069345938293,False,False,False,False,True,True,True,True,MODEL_OUTPUT_GATE_B_WALK_GRAPH
WP_00384,45.74583335174632,9.351666643684329,097092,La Valletta Brianza,0.024702342768936,19.60569979659617,False,False,False,False,True,True,True,True,MODEL_OUTPUT_GATE_B_WALK_GRAPH
WP_00385,45.74583335174632,9.367499976953743,097092,La Valletta Brianza,0.1267368631513825,6.409852909692835,False,True,True,True,True,False,False,False,MODEL_OUTPUT_GATE_B_WALK_GRAPH
WP_00386,45.74583335174632,9.36916664361368,097074,Santa Maria Hoè,11.15394120395533,6.079316722649945,False,True,True,True,True,False,False,False,MODEL_OUTPUT_GATE_B_WALK_GRAPH
WP_00387,45.74583335174632,9.369999976943651,097074,Santa Maria Hoè,22.695754452368995,4.168899832027552,True,True,True,True,False,False,False,False,MODEL_OUTPUT_GATE_B_WALK_GRAPH
WP_00388,45.74583335174632,9.37083331027362,097074,Santa Maria Hoè,27.812927012314017,3.621952012095568,True,True,True,True,False,False,False,False,MODEL_OUTPUT_GATE_B_WALK_GRAPH
WP_00389,45.74583335174632,9.37166664360359,097074,Santa Maria Hoè,24.491573670212617,2.98565239471028,True,True,True,True,False,False,False,False,MODEL_OUTPUT_GATE_B_WALK_GRAPH
WP_00390,45.74583335174632,9.372499976933558,097074,Santa Maria Hoè,24.005995866095933,3.8982358046453687,True,True,True,True,False,False,False,False,MODEL_OUTPUT_GATE_B_WALK_GRAPH
WP_00391,45.74583335174632,9.373333310263527,097074,Santa Maria Hoè,23.985608887808358,2.88791128056484,True,True,True,True,False,False,False,False,MODEL_OUTPUT_GATE_B_WALK_GRAPH
WP_00392,45.74583335174632,9.374166643593496,097074,Santa Maria Hoè,21.5676271423998,3.359296641653593,True,True,True,True,False,False,False,False,MODEL_OUTPUT_GATE_B_WALK_GRAPH
WP_00393,45.74583335174632,9.374999976923466,097074,Santa Maria Hoè,17.75998003407439,2.96853601211854,True,True,True,True,False,False,False,False,MODEL_OUTPUT_GATE_B_WALK_GRAPH
WP_00394,45.74583335174632,9.375833310253434,097074,Santa Maria Hoè,0.4507779767632918,3.2401728648434966,True,True,True,True,False,False,False,False,MODEL_OUTPUT_GATE_B_WALK_GRAPH
WP_00395,45.74583335174632,9.376666643583404,097074,Santa Maria Hoè,0.2051332493444606,4.033894292598678,True,True,True,True,False,False,False,False,MODEL_OUTPUT_GATE_B_WALK_GRAPH
WP_00396,45.74583335174632,9.377499976913374,097074,Santa Maria Hoè,0.160093236183879,5.158807120442126,False,True,True,True,True,False,False,False,MODEL_OUTPUT_GATE_B_WALK_GRAPH
WP_00397,45.74583335174632,9.378333310243342,097074,Santa Maria Hoè,0.0741728106041496,11.995837687069054,False,False,False,True,True,True,True,False,MODEL_OUTPUT_GATE_B_WALK_GRAPH
WP_00398,45.74583335174632,9.379166643573312,097074,Santa Maria Hoè,0.0820429204765513,12.548428737754415,False,False,False,False,True,True,True,True,MODEL_OUTPUT_GATE_B_WALK_GRAPH
WP_00399,45.74583335174632,9.37999997690328,097074,Santa Maria Hoè,0.0317030729743616,12.84344501331046,False,False,False,False,True,True,True,True,MODEL_OUTPUT_GATE_B_WALK_GRAPH
WP_00400,45.74583335174632,9.38083331023325,097074,Santa Maria Hoè,0.0279894216972682,12.136298350318528,False,False,False,False,True,True,True,True,MODEL_OUTPUT_GATE_B_WALK_GRAPH
WP_00401,45.74583335174632,9.381666643563218,097074,Santa Maria Hoè,0.0344603687755641,8.171280257009434,False,False,True,True,True,True,False,False,MODEL_OUTPUT_GATE_B_WALK_GRAPH
WP_00402,45.74583335174632,9.382499976893188,097074,Santa Maria Hoè,0.051306694041645,8.054605668775682,False,False,True,True,True,True,False,False,MODEL_OUTPUT_GATE_B_WALK_GRAPH
WP_00403,45.74583335174632,9.383333310223158,097074,Santa Maria Hoè,0.0324787341893828,9.501714374201995,False,False,True,True,True,True,False,False,MODEL_OUTPUT_GATE_B_WALK_GRAPH
WP_00404,45.74583335174632,9.384166643553126,097074,Santa Maria Hoè,0.0186654543289229,13.121683839893112,False,False,False,False,True,True,True,True,MODEL_OUTPUT_GATE_B_WALK_GRAPH
WP_00405,45.74583335174632,9.384999976883096,097074,Santa Maria Hoè,0.0211787473818093,12.316419911392046,False,False,False,False,True,True,True,True,MODEL_OUTPUT_GATE_B_WALK_GRAPH
WP_00406,45.74583335174632,9.385833310213064,097074,Santa Maria Hoè,0.0337394907030313,12.627764673601874,False,False,False,False,True,True,True,True,MODEL_OUTPUT_GATE_B_WALK_GRAPH
WP_00407,45.74583335174632,9.386666643543034,097074,Santa Maria Hoè,0.0446375915144503,13.696814506984753,False,False,False,False,True,True,True,True,MODEL_OUTPUT_GATE_B_WALK_GRAPH
WP_00408,45.74583335174632,9.387499976873002,097074,Santa Maria Hoè,0.0266665080933198,15.428709683093183,False,False,False,False,True,True,True,True,MODEL_OUTPUT_GATE_B_WALK_GRAPH
WP_00409,45.74583335174632,9.388333310202972,097074,Santa Maria Hoè,0.0297585701118066,18.9098868527674,False,False,False,False,True,True,True,True,MODEL_OUTPUT_GATE_B_WALK_GRAPH
WP_00410,45.74583335174632,9.389166643532942,097074,Santa Maria Hoè,0.0326412213571154,19.8973504831556,False,False,False,False,True,True,True,True,MODEL_OUTPUT_GATE_B_WALK_GRAPH
WP_00411,45.74583335174632,9.38999997686291,097074,Santa Maria Hoè,0.0364510576819143,22.72169392072205,False,False,False,False,True,True,True,True,MODEL_OUTPUT_GATE_B_WALK_GRAPH
WP_00412,45.74583335174632,9.39083331019288,097074,Santa Maria Hoè,4.75083234964994,22.651072725247484,False,False,False,False,True,True,True,True,MODEL_OUTPUT_GATE_B_WALK_GRAPH
WP_00413,45.74583335174632,9.391666643522848,097058,Olgiate Molgora,0.0128654088349738,23.74772831278716,False,False,False,False,True,True,True,True,MODEL_OUTPUT_GATE_B_WALK_GRAPH
WP_00414,45.74583335174632,9.392499976852818,097058,Olgiate Molgora,0.0254833524443837,24.57208867451705,False,False,False,False,True,True,True,True,MODEL_OUTPUT_GATE_B_WALK_GRAPH
WP_00415,45.74583335174632,9.393333310182786,097058,Olgiate Molgora,0.0395157942723734,19.357836190452616,False,False,False,False,True,True,True,True,MODEL_OUTPUT_GATE_B_WALK_GRAPH
WP_00416,45.74583335174632,9.394166643512756,097058,Olgiate Molgora,0.0393458308616901,19.054870158916422,False,False,False,False,True,True,True,True,MODEL_OUTPUT_GATE_B_WALK_GRAPH
WP_00417,45.74583335174632,9.394999976842726,097058,Olgiate Molgora,0.0228490758695222,18.844189213247247,False,False,False,False,True,True,True,True,MODEL_OUTPUT_GATE_B_WALK_GRAPH
WP_00418,45.74583335174632,9.395833310172694,097058,Olgiate Molgora,0.0222153445405366,17.122317578120104,False,False,False,False,True,True,True,True,MODEL_OUTPUT_GATE_B_WALK_GRAPH
WP_00419,45.74583335174632,9.396666643502664,097058,Olgiate Molgora,0.033754855452348,18.16258442909949,False,False,False,False,True,True,True,True,MODEL_OUTPUT_GATE_B_WALK_GRAPH
WP_00420,45.74583335174632,9.397499976832632,097058,Olgiate Molgora,0.0343515771364957,18.163120521768743,False,False,False,False,True,True,True,True,MODEL_OUTPUT_GATE_B_WALK_GRAPH
WP_00421,45.74583335174632,9.398333310162602,097058,Olgiate Molgora,0.0148817559929988,23.73346576706769,False,False,False,False,True,True,True,True,MODEL_OUTPUT_GATE_B_WALK_GRAPH
WP_00422,45.74583335174632,9.39916664349257,097058,Olgiate Molgora,0.0058162510286906,24.026017475280277,False,False,False,False,True,True,True,True,MODEL_OUTPUT_GATE_B_WALK_GRAPH
WP_00423,45.74583335174632,9.39999997682254,097058,Olgiate Molgora,0.0117148654333186,25.146663207362245,False,False,False,False,True,True,True,True,MODEL_OUTPUT_GATE_B_WALK_GRAPH
WP_00424,45.74583335174632,9.400833310152509,097058,Olgiate Molgora,0.0123915785517383,26.768294222352463,False,False,False,False,True,True,True,True,MODEL_OUTPUT_GATE_B_WALK_GRAPH
WP_00425,45.74583335174632,9.401666643482478,097058,Olgiate Molgora,0.0111678791368507,34.52756168924228,False,False,False,False,True,True,True,True,MODEL_OUTPUT_GATE_B_WALK_GRAPH
WP_00426,45.74583335174632,9.402499976812448,097058,Olgiate Molgora,0.0060817430109114,35.09568043085159,False,False,False,False,True,True,True,True,MODEL_OUTPUT_GATE_B_WALK_GRAPH
WP_00427,45.74583335174632,9.403333310142417,097058,Olgiate Molgora,0.0020579726656987,34.28766032736389,False,False,False,False,True,True,True,True,MODEL_OUTPUT_GATE_B_WALK_GRAPH
WP_00428,45.74583335174632,9.404166643472388,097058,Olgiate Molgora,0.0022951875177749,34.75624825581031,False,False,False,False,True,True,True,True,MODEL_OUTPUT_GATE_B_WALK_GRAPH
WP_00429,45.74583335174632,9.407499976792264,097058,Olgiate Molgora,0.0029960661709466,34.2198036697842,False,False,False,False,True,True,True,True,MODEL_OUTPUT_GATE_B_WALK_GRAPH
WP_00430,45.74583335174632,9.408333310122233,097058,Olgiate Molgora,0.0030543269881026,33.7545947199868,False,False,False,False,True,True,True,True,MODEL_OUTPUT_GATE_B_WALK_GRAPH
WP_00431,45.74583335174632,9.4091666434522,097058,Olgiate Molgora,0.0032206341150638,35.94041554103373,False,False,False,False,True,True,True,True,MODEL_OUTPUT_GATE_B_WALK_GRAPH
WP_00432,45.74583335174632,9.40999997678217,097058,Olgiate Molgora,0.0030668107101526,35.65366176198905,False,False,False,False,True,True,True,True,MODEL_OUTPUT_GATE_B_WALK_GRAPH
WP_00433,45.74583335174632,9.41083331011214,097058,Olgiate Molgora,0.0027281822510406,35.9215911355486,False,False,False,False,True,True,True,True,MODEL_OUTPUT_GATE_B_WALK_GRAPH
WP_00434,45.74583335174632,9.411666643442109,097058,Olgiate Molgora,0.0027240003248195,38.27128003878062,False,False,False,False,True,True,True,True,MODEL_OUTPUT_GATE_B_WALK_GRAPH
WP_00435,45.74583335174632,9.412499976772075,097058,Olgiate Molgora,0.0025600566354693,37.83192775369471,False,False,False,False,True,True,True,True,MODEL_OUTPUT_GATE_B_WALK_GRAPH
WP_00436,45.74583335174632,9.413333310102049,097058,Olgiate Molgora,0.0026577266198456,38.69499751523449,False,False,False,False,True,True,True,True,MODEL_OUTPUT_GATE_B_WALK_GRAPH
WP_00437,45.74583335174632,9.414166643432017,097058,Olgiate Molgora,0.0020727393816016,39.80463382230701,False,False,False,False,True,True,True,True,MODEL_OUTPUT_GATE_B_WALK_GRAPH
WP_00438,45.74583335174632,9.414999976761983,097058,Olgiate Molgora,0.0013998794042719,37.25126271389244,False,False,False,False,True,True,True,True,MODEL_OUTPUT_GATE_B_WALK_GRAPH
WP_00439,45.74583335174632,9.415833310091957,097058,Olgiate Molgora,0.001451639676261,44.17303955133344,False,False,False,False,True,True,True,True,MODEL_OUTPUT_GATE_B_WALK_GRAPH
WP_00440,45.74583335174632,9.424999976721615,097010,Brivio,5.04788594294126,7.808495959504528,False,True,True,True,True,False,False,False,MODEL_OUTPUT_GATE_B_WALK_GRAPH
WP_00441,45.74583335174632,9.425833310051583,097010,Brivio,5.973285866857768,7.001319220036714,False,True,True,True,True,False,False,False,MODEL_OUTPUT_GATE_B_WALK_GRAPH
WP_00442,45.74583335174632,9.426666643381552,097010,Brivio,3.8311624777851967,7.583113517945541,False,True,True,True,True,False,False,False,MODEL_OUTPUT_GATE_B_WALK_GRAPH
WP_00443,45.74583335174632,9.427499976711523,097010,Brivio,2.2987709264132303,8.716383108987412,False,False,True,True,True,True,False,False,MODEL_OUTPUT_GATE_B_WALK_GRAPH
WP_00444,45.74583335174632,9.42916664337146,097010,Brivio,6.04758929600336,11.076377439077277,False,False,False,True,True,True,True,False,MODEL_OUTPUT_GATE_B_WALK_GRAPH
WP_00445,45.74583335174632,9.42999997670143,097010,Brivio,1.7104500969703835,11.42875317388641,False,False,False,True,True,True,True,False,MODEL_OUTPUT_GATE_B_WALK_GRAPH
WP_00446,45.74583335174632,9.4308333100314,097010,Brivio,0.5128524259113065,12.23820242144394,False,False,False,False,True,True,True,True,MODEL_OUTPUT_GATE_B_WALK_GRAPH
WP_00447,45.74583335174632,9.431666643361368,097010,Brivio,0.0455755255550276,14.431918733158907,False,False,False,False,True,True,True,True,MODEL_OUTPUT_GATE_B_WALK_GRAPH
WP_00448,45.74583335174632,9.432499976691338,097010,Brivio,0.0308165204077592,14.99482123901323,False,False,False,False,True,True,True,True,MODEL_OUTPUT_GATE_B_WALK_GRAPH
WP_00449,45.74583335174632,9.433333310021307,097010,Brivio,0.0136128485553392,15.391030219061502,False,False,False,False,True,True,True,True,MODEL_OUTPUT_GATE_B_WALK_GRAPH
WP_00450,45.74583335174632,9.434166643351276,097010,Brivio,0.0125390294887803,15.929548211362002,False,False,False,False,True,True,True,True,MODEL_OUTPUT_GATE_B_WALK_GRAPH
WP_00451,45.74583335174632,9.434999976681246,097010,Brivio,0.0156063584113924,15.014114860815155,False,False,False,False,True,True,True,True,MODEL_OUTPUT_GATE_B_WALK_GRAPH
WP_00452,45.74583335174632,9.435833310011214,097010,Brivio,0.0307787138352211,14.346519642576238,False,False,False,False,True,True,True,True,MODEL_OUTPUT_GATE_B_WALK_GRAPH
WP_00453,45.74583335174632,9.436666643341184,097010,Brivio,0.0995863180537146,13.687957239403651,False,False,False,False,True,True,True,True,MODEL_OUTPUT_GATE_B_WALK_GRAPH
WP_00454,45.74583335174632,9.437499976671152,097010,Brivio,0.3023893540369646,12.603102169632896,False,False,False,False,True,True,True,True,MODEL_OUTPUT_GATE_B_WALK_GRAPH
WP_00455,45.74583335174632,9.438333310001122,097010,Brivio,0.2951594454847941,11.823369104457294,False,False,False,True,True,True,True,False,MODEL_OUTPUT_GATE_B_WALK_GRAPH
WP_00456,45.74583335174632,9.439166643331092,097010,Brivio,0.1650565170007988,10.965646617941095,False,False,False,True,True,True,True,False,MODEL_OUTPUT_GATE_B_WALK_GRAPH
WP_00457,45.74583335174632,9.43999997666106,097010,Brivio,0.1558572216556306,8.749664049263377,False,False,True,True,True,True,False,False,MODEL_OUTPUT_GATE_B_WALK_GRAPH
WP_00458,45.74583335174632,9.44083330999103,097010,Brivio,0.2295333150074577,8.19462523897549,False,False,True,True,True,True,False,False,MODEL_OUTPUT_GATE_B_WALK_GRAPH
WP_00459,45.74583335174632,9.441666643320998,097010,Brivio,18.577970502818197,7.065768812175912,False,True,True,True,True,False,False,False,MODEL_OUTPUT_GATE_B_WALK_GRAPH
WP_00460,45.74583335174632,9.442499976650968,097010,Brivio,22.70078521737745,5.533007949554379,False,True,True,True,True,False,False,False,MODEL_OUTPUT_GATE_B_WALK_GRAPH
WP_00461,45.74583335174632,9.443333309980936,097010,Brivio,16.518974660249203,6.789162277862381,False,True,True,True,True,False,False,False,MODEL_OUTPUT_GATE_B_WALK_GRAPH
WP_00462,45.74583335174632,9.444166643310906,097010,Brivio,24.875896911801803,6.864300023726541,False,True,True,True,True,False,False,False,MODEL_OUTPUT_GATE_B_WALK_GRAPH
WP_00463,45.74583335174632,9.444999976640874,097010,Brivio,0.3867739532455412,9.7204019233984,False,False,True,True,True,True,False,False,MODEL_OUTPUT_GATE_B_WALK_GRAPH
WP_00464,45.74583335174632,9.445833309970844,097010,Brivio,0.5741671632501947,9.524080332344536,False,False,True,True,True,True,False,False,MODEL_OUTPUT_GATE_B_WALK_GRAPH
WP_00465,45.74583335174632,9.446666643300814,097010,Brivio,0.0681204270164883,10.017912460728452,False,False,False,True,True,True,True,False,MODEL_OUTPUT_GATE_B_WALK_GRAPH
WP_00466,45.74583335174632,9.447499976630782,097010,Brivio,0.0809374947155941,10.753475762909416,False,False,False,True,True,True,True,False,MODEL_OUTPUT_GATE_B_WALK_GRAPH
WP_00467,45.74583335174632,9.448333309960752,097010,Brivio,0.7004409635413144,7.773922716986561,False,True,True,True,True,False,False,False,MODEL_OUTPUT_GATE_B_WALK_GRAPH
WP_00468,45.74583335174632,9.44999997662069,097010,Brivio,0.1001442721374741,9.188383080900572,False,False,True,True,True,True,False,False,MODEL_OUTPUT_GATE_B_WALK_GRAPH
WP_00469,45.74583335174632,9.450833309950658,097010,Brivio,0.0312109404838239,9.064495725104116,False,False,True,True,True,True,False,False,MODEL_OUTPUT_GATE_B_WALK_GRAPH
WP_00470,45.74583335174632,9.451666643280628,097010,Brivio,0.0257170407155287,11.564646287718675,False,False,False,True,True,True,True,False,MODEL_OUTPUT_GATE_B_WALK_GRAPH
WP_00471,45.74583335174632,9.452499976610598,097010,Brivio,0.0383863588092934,11.090312965840791,False,False,False,True,True,True,True,False,MODEL_OUTPUT_GATE_B_WALK_GRAPH
WP_00472,45.74500001841634,9.33999997706476,097092,La Valletta Brianza,0.0090985145001508,25.479436194351024,False,False,False,False,True,True,True,True,MODEL_OUTPUT_GATE_B_WALK_GRAPH
WP_00473,45.74500001841634,9.34083331039473,097092,La Valletta Brianza,0.0092118811914621,24.756136729478957,False,False,False,False,True,True,True,True,MODEL_OUTPUT_GATE_B_WALK_GRAPH
WP_00474,45.74500001841634,9.341666643724698,097092,La Valletta Brianza,0.0138127298222729,24.205869416017183,False,False,False,False,True,True,True,True,MODEL_OUTPUT_GATE_B_WALK_GRAPH
WP_00475,45.74500001841634,9.342499977054668,097092,La Valletta Brianza,0.0174059862951714,23.8147494851466,False,False,False,False,True,True,True,True,MODEL_OUTPUT_GATE_B_WALK_GRAPH
WP_00476,45.74500001841634,9.343333310384637,097092,La Valletta Brianza,0.0357751636366787,22.32656090921549,False,False,False,False,True,True,True,True,MODEL_OUTPUT_GATE_B_WALK_GRAPH
WP_00477,45.74500001841634,9.344166643714606,097092,La Valletta Brianza,0.1287860830072531,20.722065993954374,False,False,False,False,True,True,True,True,MODEL_OUTPUT_GATE_B_WALK_GRAPH
WP_00478,45.74500001841634,9.344999977044576,097092,La Valletta Brianza,0.1120361693600077,21.112844280828146,False,False,False,False,True,True,True,True,MODEL_OUTPUT_GATE_B_WALK_GRAPH
WP_00479,45.74500001841634,9.345833310374545,097092,La Valletta Brianza,0.1847594152875065,18.873650179587216,False,False,False,False,True,True,True,True,MODEL_OUTPUT_GATE_B_WALK_GRAPH
WP_00480,45.74500001841634,9.346666643704514,097092,La Valletta Brianza,0.1865709929777551,18.196665185682946,False,False,False,False,True,True,True,True,MODEL_OUTPUT_GATE_B_WALK_GRAPH
WP_00481,45.74500001841634,9.347499977034484,097092,La Valletta Brianza,0.1895762924364416,17.40467971098824,False,False,False,False,True,True,True,True,MODEL_OUTPUT_GATE_B_WALK_GRAPH
WP_00482,45.74500001841634,9.348333310364453,097092,La Valletta Brianza,0.1846098110790593,17.38011626055466,False,False,False,False,True,True,True,True,MODEL_OUTPUT_GATE_B_WALK_GRAPH
WP_00483,45.74500001841634,9.34916664369442,097092,La Valletta Brianza,0.1304568027077833,17.71611395748899,False,False,False,False,True,True,True,True,MODEL_OUTPUT_GATE_B_WALK_GRAPH
WP_00484,45.74500001841634,9.34999997702439,097092,La Valletta Brianza,0.0553725301140837,17.624904071501692,False,False,False,False,True,True,True,True,MODEL_OUTPUT_GATE_B_WALK_GRAPH
WP_00485,45.74500001841634,9.35083331035436,097092,La Valletta Brianza,0.046298818272609,17.122928195295547,False,False,False,False,True,True,True,True,MODEL_OUTPUT_GATE_B_WALK_GRAPH
WP_00486,45.74500001841634,9.351666643684329,097092,La Valletta Brianza,0.0376333786876106,16.281030676008005,False,False,False,False,True,True,True,True,MODEL_OUTPUT_GATE_B_WALK_GRAPH
WP_00487,45.74500001841634,9.365833310293803,097092,La Valletta Brianza,0.0688176822728224,10.40617191774288,False,False,False,True,True,True,True,False,MODEL_OUTPUT_GATE_B_WALK_GRAPH
WP_00488,45.74500001841634,9.366666643623772,097092,La Valletta Brianza,1.5002802991785062,10.757799965180382,False,False,False,True,True,True,True,False,MODEL_OUTPUT_GATE_B_WALK_GRAPH
WP_00489,45.74500001841634,9.367499976953743,097092,La Valletta Brianza,0.0577592265209898,10.222363241932229,False,False,False,True,True,True,True,False,MODEL_OUTPUT_GATE_B_WALK_GRAPH
WP_00490,45.74500001841634,9.368333310283711,097074,Santa Maria Hoè,0.1776614073635723,8.41347445467981,False,False,True,True,True,True,False,False,MODEL_OUTPUT_GATE_B_WALK_GRAPH
WP_00491,45.74500001841634,9.369999976943651,097074,Santa Maria Hoè,23.24025132432023,6.11149333128898,False,True,True,True,True,False,False,False,MODEL_OUTPUT_GATE_B_WALK_GRAPH
WP_00492,45.74500001841634,9.37083331027362,097074,Santa Maria Hoè,24.160982011820515,5.74246539096986,False,True,True,True,True,False,False,False,MODEL_OUTPUT_GATE_B_WALK_GRAPH
WP_00493,45.74500001841634,9.37166664360359,097074,Santa Maria Hoè,28.24830886687275,3.080318045675206,True,True,True,True,False,False,False,False,MODEL_OUTPUT_GATE_B_WALK_GRAPH
WP_00494,45.74500001841634,9.372499976933558,097074,Santa Maria Hoè,24.95486779451635,2.529614709550561,True,True,True,True,False,False,False,False,MODEL_OUTPUT_GATE_B_WALK_GRAPH
WP_00495,45.74500001841634,9.373333310263527,097074,Santa Maria Hoè,18.461050471315133,2.716052005514603,True,True,True,True,False,False,False,False,MODEL_OUTPUT_GATE_B_WALK_GRAPH
WP_00496,45.74500001841634,9.374166643593496,097074,Santa Maria Hoè,18.33126995099664,1.882889892138132,True,True,True,True,False,False,False,False,MODEL_OUTPUT_GATE_B_WALK_GRAPH
WP_00497,45.74500001841634,9.374999976923466,097074,Santa Maria Hoè,20.930009060513253,2.214589794324597,True,True,True,True,False,False,False,False,MODEL_OUTPUT_GATE_B_WALK_GRAPH
WP_00498,45.74500001841634,9.375833310253434,097074,Santa Maria Hoè,15.212340797635475,3.2763528435383966,True,True,True,True,False,False,False,False,MODEL_OUTPUT_GATE_B_WALK_GRAPH
WP_00499,45.74500001841634,9.376666643583404,097074,Santa Maria Hoè,15.157020336478794,4.518255354519976,True,True,True,True,False,False,False,False,MODEL_OUTPUT_GATE_B_WALK_GRAPH
WP_00500,45.74500001841634,9.377499976913374,097074,Santa Maria Hoè,9.213390844174985,5.013517511983127,False,True,True,True,True,False,False,False,MODEL_OUTPUT_GATE_B_WALK_GRAPH
WP_00501,45.74500001841634,9.378333310243342,097074,Santa Maria Hoè,0.2158034102321018,5.947796936194123,False,True,True,True,True,False,False,False,MODEL_OUTPUT_GATE_B_WALK_GRAPH
WP_00502,45.74500001841634,9.379166643573312,097074,Santa Maria Hoè,0.1819706763845087,6.685970094568836,False,True,True,True,True,False,False,False,MODEL_OUTPUT_GATE_B_WALK_GRAPH
WP_00503,45.74500001841634,9.37999997690328,097074,Santa Maria Hoè,0.1158736318700264,5.475983041503557,False,True,True,True,True,False,False,False,MODEL_OUTPUT_GATE_B_WALK_GRAPH
WP_00504,45.74500001841634,9.38083331023325,097074,Santa Maria Hoè,0.0881460195282473,6.089600792168915,False,True,True,True,True,False,False,False,MODEL_OUTPUT_GATE_B_WALK_GRAPH
WP_00505,45.74500001841634,9.381666643563218,097074,Santa Maria Hoè,0.0921266497671481,6.246301633209635,False,True,True,True,True,False,False,False,MODEL_OUTPUT_GATE_B_WALK_GRAPH
WP_00506,45.74500001841634,9.382499976893188,097074,Santa Maria Hoè,0.0468779266838255,7.597116852170085,False,True,True,True,True,False,False,False,MODEL_OUTPUT_GATE_B_WALK_GRAPH
WP_00507,45.74500001841634,9.383333310223158,097074,Santa Maria Hoè,0.0349592007427557,8.984712904996469,False,False,True,True,True,True,False,False,MODEL_OUTPUT_GATE_B_WALK_GRAPH
WP_00508,45.74500001841634,9.384166643553126,097074,Santa Maria Hoè,0.0253306988413314,11.410664562145463,False,False,False,True,True,True,True,False,MODEL_OUTPUT_GATE_B_WALK_GRAPH
WP_00509,45.74500001841634,9.384999976883096,097074,Santa Maria Hoè,0.093695159719811,11.32189027868256,False,False,False,True,True,True,True,False,MODEL_OUTPUT_GATE_B_WALK_GRAPH
WP_00510,45.74500001841634,9.385833310213064,097074,Santa Maria Hoè,0.1008708069063868,12.965918230113536,False,False,False,False,True,True,True,True,MODEL_OUTPUT_GATE_B_WALK_GRAPH
WP_00511,45.74500001841634,9.386666643543034,097074,Santa Maria Hoè,0.099928523506055,12.36534006422096,False,False,False,False,True,True,True,True,MODEL_OUTPUT_GATE_B_WALK_GRAPH
WP_00512,45.74500001841634,9.387499976873002,097074,Santa Maria Hoè,0.0411623278387198,14.724601836747713,False,False,False,False,True,True,True,True,MODEL_OUTPUT_GATE_B_WALK_GRAPH
WP_00513,45.74500001841634,9.388333310202972,097074,Santa Maria Hoè,0.0315324859780077,16.95681284197922,False,False,False,False,True,True,True,True,MODEL_OUTPUT_GATE_B_WALK_GRAPH
WP_00514,45.74500001841634,9.389166643532942,097074,Santa Maria Hoè,0.0318787561546071,17.725126465454853,False,False,False,False,True,True,True,True,MODEL_OUTPUT_GATE_B_WALK_GRAPH
WP_00515,45.74500001841634,9.38999997686291,097074,Santa Maria Hoè,0.0317604425887006,23.813912808457115,False,False,False,False,True,True,True,True,MODEL_OUTPUT_GATE_B_WALK_GRAPH
WP_00516,45.74500001841634,9.39083331019288,097074,Santa Maria Hoè,0.0295015982930239,23.129494656469944,False,False,False,False,True,True,True,True,MODEL_OUTPUT_GATE_B_WALK_GRAPH
WP_00517,45.74500001841634,9.391666643522848,097074,Santa Maria Hoè,0.0206548049446767,22.852552201157053,False,False,False,False,True,True,True,True,MODEL_OUTPUT_GATE_B_WALK_GRAPH
WP_00518,45.74500001841634,9.392499976852818,097058,Olgiate Molgora,0.0276424812970926,21.59867316509332,False,False,False,False,True,True,True,True,MODEL_OUTPUT_GATE_B_WALK_GRAPH
WP_00519,45.74500001841634,9.393333310182786,097058,Olgiate Molgora,0.0887343156374607,20.192192120671724,False,False,False,False,True,True,True,True,MODEL_OUTPUT_GATE_B_WALK_GRAPH
WP_00520,45.74500001841634,9.394166643512756,097058,Olgiate Molgora,0.0885447883048241,17.94560819688934,False,False,False,False,True,True,True,True,MODEL_OUTPUT_GATE_B_WALK_GRAPH
WP_00521,45.74500001841634,9.394999976842726,097058,Olgiate Molgora,0.0841078893869899,17.86001597436211,False,False,False,False,True,True,True,True,MODEL_OUTPUT_GATE_B_WALK_GRAPH
WP_00522,45.74500001841634,9.395833310172694,097058,Olgiate Molgora,0.0855186099666925,15.54660390198296,False,False,False,False,True,True,True,True,MODEL_OUTPUT_GATE_B_WALK_GRAPH
WP_00523,45.74500001841634,9.396666643502664,097058,Olgiate Molgora,0.042274755914112,16.508506541741184,False,False,False,False,True,True,True,True,MODEL_OUTPUT_GATE_B_WALK_GRAPH
WP_00524,45.74500001841634,9.397499976832632,097058,Olgiate Molgora,0.0275252062495268,17.403173916156888,False,False,False,False,True,True,True,True,MODEL_OUTPUT_GATE_B_WALK_GRAPH
WP_00525,45.74500001841634,9.398333310162602,097058,Olgiate Molgora,0.0246523472787025,22.224199926112,False,False,False,False,True,True,True,True,MODEL_OUTPUT_GATE_B_WALK_GRAPH
WP_00526,45.74500001841634,9.39916664349257,097058,Olgiate Molgora,0.0280074624418178,23.04501641675753,False,False,False,False,True,True,True,True,MODEL_OUTPUT_GATE_B_WALK_GRAPH
WP_00527,45.74500001841634,9.39999997682254,097058,Olgiate Molgora,0.020237231611186,21.702405135219603,False,False,False,False,True,True,True,True,MODEL_OUTPUT_GATE_B_WALK_GRAPH
WP_00528,45.74500001841634,9.400833310152509,097058,Olgiate Molgora,0.0121225488828786,22.241458925994767,False,False,False,False,True,True,True,True,MODEL_OUTPUT_GATE_B_WALK_GRAPH
WP_00529,45.74500001841634,9.401666643482478,097058,Olgiate Molgora,0.0074569980062517,32.7606712846629,False,False,False,False,True,True,True,True,MODEL_OUTPUT_GATE_B_WALK_GRAPH
WP_00530,45.74500001841634,9.402499976812448,097058,Olgiate Molgora,0.0027056366237361,31.997472223631743,False,False,False,False,True,True,True,True,MODEL_OUTPUT_GATE_B_WALK_GRAPH
WP_00531,45.74500001841634,9.404999976802356,097058,Olgiate Molgora,0.0035246843993842,32.99552882510982,False,False,False,False,True,True,True,True,MODEL_OUTPUT_GATE_B_WALK_GRAPH
WP_00532,45.74500001841634,9.405833310132325,097058,Olgiate Molgora,0.0045366363067918,31.68112191330076,False,False,False,False,True,True,True,True,MODEL_OUTPUT_GATE_B_WALK_GRAPH
WP_00533,45.74500001841634,9.406666643462293,097058,Olgiate Molgora,0.0050257467669457,31.664354722855222,False,False,False,False,True,True,True,True,MODEL_OUTPUT_GATE_B_WALK_GRAPH
WP_00534,45.74500001841634,9.407499976792264,097058,Olgiate Molgora,0.0067171723927094,33.440914288976195,False,False,False,False,True,True,True,True,MODEL_OUTPUT_GATE_B_WALK_GRAPH
WP_00535,45.74500001841634,9.408333310122233,097058,Olgiate Molgora,0.0065015546211108,33.71171409019011,False,False,False,False,True,True,True,True,MODEL_OUTPUT_GATE_B_WALK_GRAPH
WP_00536,45.74500001841634,9.4091666434522,097058,Olgiate Molgora,0.0063950406499766,32.333580814688425,False,False,False,False,True,True,True,True,MODEL_OUTPUT_GATE_B_WALK_GRAPH
WP_00537,45.74500001841634,9.40999997678217,097058,Olgiate Molgora,0.0048490058547286,34.07638380369432,False,False,False,False,True,True,True,True,MODEL_OUTPUT_GATE_B_WALK_GRAPH
WP_00538,45.74500001841634,9.41083331011214,097058,Olgiate Molgora,0.0043489945758435,34.638552493031874,False,False,False,False,True,True,True,True,MODEL_OUTPUT_GATE_B_WALK_GRAPH
WP_00539,45.74500001841634,9.411666643442109,097058,Olgiate Molgora,0.0032014850530627,35.50694825257484,False,False,False,False,True,True,True,True,MODEL_OUTPUT_GATE_B_WALK_GRAPH
WP_00540,45.74500001841634,9.412499976772075,097058,Olgiate Molgora,0.002909838736552,36.40225097537501,False,False,False,False,True,True,True,True,MODEL_OUTPUT_GATE_B_WALK_GRAPH
WP_00541,45.74500001841634,9.413333310102049,097058,Olgiate Molgora,0.0027351371885207,34.668146821429495,False,False,False,False,True,True,True,True,MODEL_OUTPUT_GATE_B_WALK_GRAPH
WP_00542,45.74500001841634,9.414166643432017,097058,Olgiate Molgora,0.0021792839213639,34.954853196728955,False,False,False,False,True,True,True,True,MODEL_OUTPUT_GATE_B_WALK_GRAPH
WP_00543,45.74500001841634,9.414999976761983,097058,Olgiate Molgora,0.0019320857690767,36.22893624384691,False,False,False,False,True,True,True,True,MODEL_OUTPUT_GATE_B_WALK_GRAPH
WP_00544,45.74500001841634,9.424999976721615,097010,Brivio,5.115873230027925,5.899058388679873,False,True,True,True,True,False,False,False,MODEL_OUTPUT_GATE_B_WALK_GRAPH
WP_00545,45.74500001841634,9.425833310051583,097010,Brivio,5.936462645171187,5.842623250754729,False,True,True,True,True,False,False,False,MODEL_OUTPUT_GATE_B_WALK_GRAPH
WP_00546,45.74500001841634,9.426666643381552,097010,Brivio,6.052693601258116,10.31468581960941,False,False,False,True,True,True,True,False,MODEL_OUTPUT_GATE_B_WALK_GRAPH
WP_00547,45.74500001841634,9.427499976711523,097010,Brivio,1.6792417529178396,9.851232396730484,False,False,True,True,True,True,False,False,MODEL_OUTPUT_GATE_B_WALK_GRAPH
WP_00548,45.74500001841634,9.428333310041491,097010,Brivio,6.0564973097554855,10.370312366619162,False,False,False,True,True,True,True,False,MODEL_OUTPUT_GATE_B_WALK_GRAPH
WP_00549,45.74500001841634,9.42916664337146,097010,Brivio,6.088616253921665,10.66473390078588,False,False,False,True,True,True,True,False,MODEL_OUTPUT_GATE_B_WALK_GRAPH
WP_00550,45.74500001841634,9.42999997670143,097010,Brivio,5.758485564187365,11.389206137307848,False,False,False,True,True,True,True,False,MODEL_OUTPUT_GATE_B_WALK_GRAPH
WP_00551,45.74500001841634,9.4308333100314,097010,Brivio,0.0792436652744978,12.55271099435019,False,False,False,False,True,True,True,True,MODEL_OUTPUT_GATE_B_WALK_GRAPH
WP_00552,45.74500001841634,9.431666643361368,097010,Brivio,0.0515475264797088,13.202882614143975,False,False,False,False,True,True,True,True,MODEL_OUTPUT_GATE_B_WALK_GRAPH
WP_00553,45.74500001841634,9.432499976691338,097010,Brivio,0.0112587490145648,14.438861882316216,False,False,False,False,True,True,True,True,MODEL_OUTPUT_GATE_B_WALK_GRAPH
WP_00554,45.74500001841634,9.433333310021307,097010,Brivio,0.0089893556695105,14.896825235143185,False,False,False,False,True,True,True,True,MODEL_OUTPUT_GATE_B_WALK_GRAPH
WP_00555,45.74500001841634,9.434166643351276,097010,Brivio,0.0130191713768247,15.664263064052928,False,False,False,False,True,True,True,True,MODEL_OUTPUT_GATE_B_WALK_GRAPH
WP_00556,45.74500001841634,9.434999976681246,097010,Brivio,0.0155004572621609,16.186012507146206,False,False,False,False,True,True,True,True,MODEL_OUTPUT_GATE_B_WALK_GRAPH
WP_00557,45.74500001841634,9.435833310011214,097010,Brivio,0.0458492210757186,15.448557016354002,False,False,False,False,True,True,True,True,MODEL_OUTPUT_GATE_B_WALK_GRAPH
WP_00558,45.74500001841634,9.436666643341184,097010,Brivio,0.0968179143645225,15.009616739056682,False,False,False,False,True,True,True,True,MODEL_OUTPUT_GATE_B_WALK_GRAPH
WP_00559,45.74500001841634,9.437499976671152,097010,Brivio,0.313166469007094,13.559532747228497,False,False,False,False,True,True,True,True,MODEL_OUTPUT_GATE_B_WALK_GRAPH
WP_00560,45.74500001841634,9.438333310001122,097010,Brivio,0.3159180022257264,12.994861985474632,False,False,False,False,True,True,True,True,MODEL_OUTPUT_GATE_B_WALK_GRAPH
WP_00561,45.74500001841634,9.439166643331092,097010,Brivio,0.1645504535460807,12.261797449509052,False,False,False,False,True,True,True,True,MODEL_OUTPUT_GATE_B_WALK_GRAPH
WP_00562,45.74500001841634,9.43999997666106,097010,Brivio,0.2642772132009977,13.094653063131885,False,False,False,False,True,True,True,True,MODEL_OUTPUT_GATE_B_WALK_GRAPH
WP_00563,45.74500001841634,9.44083330999103,097010,Brivio,0.2438086715012641,8.420489658435269,False,False,True,True,True,True,False,False,MODEL_OUTPUT_GATE_B_WALK_GRAPH
WP_00564,45.74500001841634,9.441666643320998,097010,Brivio,23.947605602012068,6.387940769791332,False,True,True,True,True,False,False,False,MODEL_OUTPUT_GATE_B_WALK_GRAPH
WP_00565,45.74500001841634,9.442499976650968,097010,Brivio,23.522395979927573,4.955716538449569,True,True,True,True,False,False,False,False,MODEL_OUTPUT_GATE_B_WALK_GRAPH
WP_00566,45.74500001841634,9.443333309980936,097010,Brivio,25.46007358361166,4.994466226131857,True,True,True,True,False,False,False,False,MODEL_OUTPUT_GATE_B_WALK_GRAPH
WP_00567,45.74500001841634,9.444166643310906,097010,Brivio,0.7202924918448109,6.457087530932294,False,True,True,True,True,False,False,False,MODEL_OUTPUT_GATE_B_WALK_GRAPH
WP_00568,45.74500001841634,9.444999976640874,097010,Brivio,1.005019425785143,7.800613248503692,False,True,True,True,True,False,False,False,MODEL_OUTPUT_GATE_B_WALK_GRAPH
WP_00569,45.74500001841634,9.445833309970844,097010,Brivio,0.2457797301426957,8.889088582719463,False,False,True,True,True,True,False,False,MODEL_OUTPUT_GATE_B_WALK_GRAPH
WP_00570,45.74500001841634,9.446666643300814,097010,Brivio,1.634568848199831,9.89718466311301,False,False,True,True,True,True,False,False,MODEL_OUTPUT_GATE_B_WALK_GRAPH
WP_00571,45.74500001841634,9.447499976630782,097010,Brivio,1.54921176515453,6.514678483475255,False,True,True,True,True,False,False,False,MODEL_OUTPUT_GATE_B_WALK_GRAPH
WP_00572,45.74500001841634,9.448333309960752,097010,Brivio,0.8469469669581102,6.639200652533988,False,True,True,True,True,False,False,False,MODEL_OUTPUT_GATE_B_WALK_GRAPH
WP_00573,45.74500001841634,9.44999997662069,097010,Brivio,0.4609991854802948,8.03445510092325,False,False,True,True,True,True,False,False,MODEL_OUTPUT_GATE_B_WALK_GRAPH
WP_00574,45.74500001841634,9.450833309950658,097010,Brivio,0.4559424519127933,7.94988961861289,False,True,True,True,True,False,False,False,MODEL_OUTPUT_GATE_B_WALK_GRAPH
WP_00575,45.74500001841634,9.451666643280628,097010,Brivio,0.1249703411265673,9.812509609974793,False,False,True,True,True,True,False,False,MODEL_OUTPUT_GATE_B_WALK_GRAPH
WP_00576,45.74500001841634,9.452499976610598,097010,Brivio,0.0335429727335043,9.14621336276532,False,False,True,True,True,True,False,False,MODEL_OUTPUT_GATE_B_WALK_GRAPH
WP_00577,45.74416668508636,9.34083331039473,097092,La Valletta Brianza,0.1230205427199729,24.56115549979218,False,False,False,False,True,True,True,True,MODEL_OUTPUT_GATE_B_WALK_GRAPH
WP_00578,45.74416668508636,9.341666643724698,097092,La Valletta Brianza,0.0427171731590576,23.29996605637928,False,False,False,False,True,True,True,True,MODEL_OUTPUT_GATE_B_WALK_GRAPH
WP_00579,45.74416668508636,9.342499977054668,097092,La Valletta Brianza,0.0321837304350826,23.00159272242807,False,False,False,False,True,True,True,True,MODEL_OUTPUT_GATE_B_WALK_GRAPH
WP_00580,45.74416668508636,9.343333310384637,097092,La Valletta Brianza,0.0292147456055702,22.236541504616056,False,False,False,False,True,True,True,True,MODEL_OUTPUT_GATE_B_WALK_GRAPH
WP_00581,45.74416668508636,9.344166643714606,097092,La Valletta Brianza,0.0295092998825611,20.56841746026017,False,False,False,False,True,True,True,True,MODEL_OUTPUT_GATE_B_WALK_GRAPH
WP_00582,45.74416668508636,9.344999977044576,097092,La Valletta Brianza,0.045618854601658,20.01455008152561,False,False,False,False,True,True,True,True,MODEL_OUTPUT_GATE_B_WALK_GRAPH
WP_00583,45.74416668508636,9.345833310374545,097092,La Valletta Brianza,0.0825685408228719,18.90643672780337,False,False,False,False,True,True,True,True,MODEL_OUTPUT_GATE_B_WALK_GRAPH
WP_00584,45.74416668508636,9.346666643704514,097092,La Valletta Brianza,0.0839237043544162,18.65974653222671,False,False,False,False,True,True,True,True,MODEL_OUTPUT_GATE_B_WALK_GRAPH
WP_00585,45.74416668508636,9.347499977034484,097092,La Valletta Brianza,0.1189940605350474,17.06623390044809,False,False,False,False,True,True,True,True,MODEL_OUTPUT_GATE_B_WALK_GRAPH
WP_00586,45.74416668508636,9.348333310364453,097092,La Valletta Brianza,0.1946731993815788,15.747978969237732,False,False,False,False,True,True,True,True,MODEL_OUTPUT_GATE_B_WALK_GRAPH
WP_00587,45.74416668508636,9.34916664369442,097092,La Valletta Brianza,0.221964253247809,15.443317124477211,False,False,False,False,True,True,True,True,MODEL_OUTPUT_GATE_B_WALK_GRAPH
WP_00588,45.74416668508636,9.34999997702439,097092,La Valletta Brianza,0.1796979730255229,15.881776738943724,False,False,False,False,True,True,True,True,MODEL_OUTPUT_GATE_B_WALK_GRAPH
WP_00589,45.74416668508636,9.35083331035436,097092,La Valletta Brianza,0.1254210918761355,14.87935708522034,False,False,False,False,True,True,True,True,MODEL_OUTPUT_GATE_B_WALK_GRAPH
WP_00590,45.74416668508636,9.351666643684329,097092,La Valletta Brianza,0.1749617722045189,14.916211009935877,False,False,False,False,True,True,True,True,MODEL_OUTPUT_GATE_B_WALK_GRAPH
WP_00591,45.74416668508636,9.354166643674237,097092,La Valletta Brianza,0.1122187912295972,18.147282778283607,False,False,False,False,True,True,True,True,MODEL_OUTPUT_GATE_B_WALK_GRAPH
WP_00592,45.74416668508636,9.354999977004203,097092,La Valletta Brianza,0.0358535540210784,17.407130845757447,False,False,False,False,True,True,True,True,MODEL_OUTPUT_GATE_B_WALK_GRAPH
WP_00593,45.74416668508636,9.355833310334177,097092,La Valletta Brianza,0.0261528493380708,16.705946686005355,False,False,False,False,True,True,True,True,MODEL_OUTPUT_GATE_B_WALK_GRAPH
WP_00594,45.74416668508636,9.364166643633869,097092,La Valletta Brianza,0.1049136491242842,9.241811507443746,False,False,True,True,True,True,False,False,MODEL_OUTPUT_GATE_B_WALK_GRAPH
WP_00595,45.74416668508636,9.364999976963835,097092,La Valletta Brianza,0.1092933592792415,9.053840771997343,False,False,True,True,True,True,False,False,MODEL_OUTPUT_GATE_B_WALK_GRAPH
WP_00596,45.74416668508636,9.365833310293803,097092,La Valletta Brianza,6.730182739825526,10.1783568982475,False,False,False,True,True,True,True,False,MODEL_OUTPUT_GATE_B_WALK_GRAPH
WP_00597,45.74416668508636,9.366666643623772,097092,La Valletta Brianza,6.794923841079027,11.123081529383322,False,False,False,True,True,True,True,False,MODEL_OUTPUT_GATE_B_WALK_GRAPH
WP_00598,45.74416668508636,9.367499976953743,097092,La Valletta Brianza,0.1093935912200517,11.994657792060575,False,False,False,True,True,True,True,False,MODEL_OUTPUT_GATE_B_WALK_GRAPH
WP_00599,45.74416668508636,9.368333310283711,097092,La Valletta Brianza,0.1193854058423455,8.617445257877105,False,False,True,True,True,True,False,False,MODEL_OUTPUT_GATE_B_WALK_GRAPH
WP_00600,45.74416668508636,9.37083331027362,097074,Santa Maria Hoè,24.28324920186237,4.4912076292773895,True,True,True,True,False,False,False,False,MODEL_OUTPUT_GATE_B_WALK_GRAPH
WP_00601,45.74416668508636,9.37166664360359,097074,Santa Maria Hoè,24.49076201865897,4.547058369670279,True,True,True,True,False,False,False,False,MODEL_OUTPUT_GATE_B_WALK_GRAPH
WP_00602,45.74416668508636,9.372499976933558,097074,Santa Maria Hoè,18.50334862407104,2.5228868293298388,True,True,True,True,False,False,False,False,MODEL_OUTPUT_GATE_B_WALK_GRAPH
WP_00603,45.74416668508636,9.373333310263527,097074,Santa Maria Hoè,20.84072397213151,0.5039184784898962,True,True,True,True,False,False,False,False,MODEL_OUTPUT_GATE_B_WALK_GRAPH
WP_00604,45.74416668508636,9.374166643593496,097074,Santa Maria Hoè,19.07750068068248,0.5947906357201782,True,True,True,True,False,False,False,False,MODEL_OUTPUT_GATE_B_WALK_GRAPH
WP_00605,45.74416668508636,9.374999976923466,097074,Santa Maria Hoè,19.8934497157167,0.8692357147468772,True,True,True,True,False,False,False,False,MODEL_OUTPUT_GATE_B_WALK_GRAPH
WP_00606,45.74416668508636,9.375833310253434,097074,Santa Maria Hoè,19.953551231709408,2.902163501952248,True,True,True,True,False,False,False,False,MODEL_OUTPUT_GATE_B_WALK_GRAPH
WP_00607,45.74416668508636,9.376666643583404,097074,Santa Maria Hoè,17.090775891200007,2.6991424394086696,True,True,True,True,False,False,False,False,MODEL_OUTPUT_GATE_B_WALK_GRAPH
WP_00608,45.74416668508636,9.377499976913374,097074,Santa Maria Hoè,17.040511592037536,2.581153408345933,True,True,True,True,False,False,False,False,MODEL_OUTPUT_GATE_B_WALK_GRAPH
WP_00609,45.74416668508636,9.378333310243342,097074,Santa Maria Hoè,16.35656443946864,3.69912466005154,True,True,True,True,False,False,False,False,MODEL_OUTPUT_GATE_B_WALK_GRAPH
WP_00610,45.74416668508636,9.379166643573312,097074,Santa Maria Hoè,12.30502031112164,3.9919638071797694,True,True,True,True,False,False,False,False,MODEL_OUTPUT_GATE_B_WALK_GRAPH
WP_00611,45.74416668508636,9.37999997690328,097074,Santa Maria Hoè,0.3509657410316422,4.51495867988614,True,True,True,True,False,False,False,False,MODEL_OUTPUT_GATE_B_WALK_GRAPH
WP_00612,45.74416668508636,9.38083331023325,097074,Santa Maria Hoè,0.2529461338728603,5.280001207488901,False,True,True,True,True,False,False,False,MODEL_OUTPUT_GATE_B_WALK_GRAPH
WP_00613,45.74416668508636,9.381666643563218,097074,Santa Maria Hoè,0.163785623324977,6.443950593757168,False,True,True,True,True,False,False,False,MODEL_OUTPUT_GATE_B_WALK_GRAPH
WP_00614,45.74416668508636,9.382499976893188,097074,Santa Maria Hoè,0.0950602027784778,6.696027003089543,False,True,True,True,True,False,False,False,MODEL_OUTPUT_GATE_B_WALK_GRAPH
WP_00615,45.74416668508636,9.383333310223158,097074,Santa Maria Hoè,0.0672662032134043,6.078259370176052,False,True,True,True,True,False,False,False,MODEL_OUTPUT_GATE_B_WALK_GRAPH
WP_00616,45.74416668508636,9.384166643553126,097074,Santa Maria Hoè,0.1002438461297884,9.344659573546958,False,False,True,True,True,True,False,False,MODEL_OUTPUT_GATE_B_WALK_GRAPH
WP_00617,45.74416668508636,9.384999976883096,097074,Santa Maria Hoè,0.1714769562630614,10.206369284813167,False,False,False,True,True,True,True,False,MODEL_OUTPUT_GATE_B_WALK_GRAPH
WP_00618,45.74416668508636,9.385833310213064,097074,Santa Maria Hoè,0.1923595225815237,12.644976618642495,False,False,False,False,True,True,True,True,MODEL_OUTPUT_GATE_B_WALK_GRAPH
WP_00619,45.74416668508636,9.386666643543034,097074,Santa Maria Hoè,0.1690799409724313,11.63590305689034,False,False,False,True,True,True,True,False,MODEL_OUTPUT_GATE_B_WALK_GRAPH
WP_00620,45.74416668508636,9.387499976873002,097074,Santa Maria Hoè,0.1137122091224689,13.189567838094504,False,False,False,False,True,True,True,True,MODEL_OUTPUT_GATE_B_WALK_GRAPH
WP_00621,45.74416668508636,9.388333310202972,097074,Santa Maria Hoè,0.0264635968735987,10.993296918605678,False,False,False,True,True,True,True,False,MODEL_OUTPUT_GATE_B_WALK_GRAPH
WP_00622,45.74416668508636,9.389166643532942,097074,Santa Maria Hoè,0.0262206120271078,11.355604768263142,False,False,False,True,True,True,True,False,MODEL_OUTPUT_GATE_B_WALK_GRAPH
WP_00623,45.74416668508636,9.38999997686291,097058,Olgiate Molgora,0.023864224611874,23.64169647850522,False,False,False,False,True,True,True,True,MODEL_OUTPUT_GATE_B_WALK_GRAPH
WP_00624,45.74416668508636,9.39083331019288,097058,Olgiate Molgora,0.0219950279341118,22.64846020144781,False,False,False,False,True,True,True,True,MODEL_OUTPUT_GATE_B_WALK_GRAPH
WP_00625,45.74416668508636,9.391666643522848,097058,Olgiate Molgora,0.024455865927943,21.701450500859696,False,False,False,False,True,True,True,True,MODEL_OUTPUT_GATE_B_WALK_GRAPH
WP_00626,45.74416668508636,9.392499976852818,097058,Olgiate Molgora,0.1021575932004889,20.828182123970127,False,False,False,False,True,True,True,True,MODEL_OUTPUT_GATE_B_WALK_GRAPH
WP_00627,45.74416668508636,9.393333310182786,097058,Olgiate Molgora,0.1256475235788508,19.727278405486764,False,False,False,False,True,True,True,True,MODEL_OUTPUT_GATE_B_WALK_GRAPH
WP_00628,45.74416668508636,9.394166643512756,097058,Olgiate Molgora,0.1373813461583478,18.65483321572048,False,False,False,False,True,True,True,True,MODEL_OUTPUT_GATE_B_WALK_GRAPH
WP_00629,45.74416668508636,9.394999976842726,097058,Olgiate Molgora,0.1375900328957544,15.206443002606248,False,False,False,False,True,True,True,True,MODEL_OUTPUT_GATE_B_WALK_GRAPH
WP_00630,45.74416668508636,9.395833310172694,097058,Olgiate Molgora,0.1276842896610573,14.267536483472362,False,False,False,False,True,True,True,True,MODEL_OUTPUT_GATE_B_WALK_GRAPH
WP_00631,45.74416668508636,9.396666643502664,097058,Olgiate Molgora,0.1056338888407028,15.983793448872564,False,False,False,False,True,True,True,True,MODEL_OUTPUT_GATE_B_WALK_GRAPH
WP_00632,45.74416668508636,9.397499976832632,097058,Olgiate Molgora,0.0272264997291327,22.28313972850624,False,False,False,False,True,True,True,True,MODEL_OUTPUT_GATE_B_WALK_GRAPH
WP_00633,45.74416668508636,9.398333310162602,097058,Olgiate Molgora,0.0249119038906164,21.38540926568901,False,False,False,False,True,True,True,True,MODEL_OUTPUT_GATE_B_WALK_GRAPH
WP_00634,45.74416668508636,9.39916664349257,097058,Olgiate Molgora,0.0304649981044622,19.917252531879253,False,False,False,False,True,True,True,True,MODEL_OUTPUT_GATE_B_WALK_GRAPH
WP_00635,45.74416668508636,9.39999997682254,097058,Olgiate Molgora,0.018299552013015,20.69546909986841,False,False,False,False,True,True,True,True,MODEL_OUTPUT_GATE_B_WALK_GRAPH
WP_00636,45.74416668508636,9.400833310152509,097058,Olgiate Molgora,0.0066975395189636,21.268565545622103,False,False,False,False,True,True,True,True,MODEL_OUTPUT_GATE_B_WALK_GRAPH
WP_00637,45.74416668508636,9.401666643482478,097058,Olgiate Molgora,0.0029249766429384,30.143897778556,False,False,False,False,True,True,True,True,MODEL_OUTPUT_GATE_B_WALK_GRAPH
WP_00638,45.74416668508636,9.402499976812448,097058,Olgiate Molgora,0.0035158063964086,30.10811390909904,False,False,False,False,True,True,True,True,MODEL_OUTPUT_GATE_B_WALK_GRAPH
WP_00639,45.74416668508636,9.403333310142417,097058,Olgiate Molgora,0.0048617486056794,29.68901097567973,False,False,False,False,True,True,True,True,MODEL_OUTPUT_GATE_B_WALK_GRAPH
WP_00640,45.74416668508636,9.404166643472388,097058,Olgiate Molgora,0.0047122836435784,30.70729752530852,False,False,False,False,True,True,True,True,MODEL_OUTPUT_GATE_B_WALK_GRAPH
WP_00641,45.74416668508636,9.404999976802356,097058,Olgiate Molgora,0.0053507662107526,30.157218668734775,False,False,False,False,True,True,True,True,MODEL_OUTPUT_GATE_B_WALK_GRAPH
WP_00642,45.74416668508636,9.405833310132325,097058,Olgiate Molgora,0.0068146044934012,29.460418901444104,False,False,False,False,True,True,True,True,MODEL_OUTPUT_GATE_B_WALK_GRAPH
WP_00643,45.74416668508636,9.406666643462293,097058,Olgiate Molgora,0.0074445696754751,29.65000288210894,False,False,False,False,True,True,True,True,MODEL_OUTPUT_GATE_B_WALK_GRAPH
WP_00644,45.74416668508636,9.407499976792264,097058,Olgiate Molgora,0.0133241138529849,31.40319064627465,False,False,False,False,True,True,True,True,MODEL_OUTPUT_GATE_B_WALK_GRAPH
WP_00645,45.74416668508636,9.408333310122233,097058,Olgiate Molgora,0.0135119992136004,31.910054080631177,False,False,False,False,True,True,True,True,MODEL_OUTPUT_GATE_B_WALK_GRAPH
WP_00646,45.74416668508636,9.4091666434522,097058,Olgiate Molgora,0.0135287848379905,30.99702067081701,False,False,False,False,True,True,True,True,MODEL_OUTPUT_GATE_B_WALK_GRAPH
WP_00647,45.74416668508636,9.40999997678217,097058,Olgiate Molgora,0.0076740242331337,31.880321147129337,False,False,False,False,True,True,True,True,MODEL_OUTPUT_GATE_B_WALK_GRAPH
WP_00648,45.74416668508636,9.41083331011214,097058,Olgiate Molgora,0.0061074629489078,32.98623266188256,False,False,False,False,True,True,True,True,MODEL_OUTPUT_GATE_B_WALK_GRAPH
WP_00649,45.74416668508636,9.411666643442109,097058,Olgiate Molgora,0.0041757623905124,34.10025211332505,False,False,False,False,True,True,True,True,MODEL_OUTPUT_GATE_B_WALK_GRAPH
WP_00650,45.74416668508636,9.412499976772075,097058,Olgiate Molgora,0.0025962859758543,32.43110443651347,False,False,False,False,True,True,True,True,MODEL_OUTPUT_GATE_B_WALK_GRAPH
WP_00651,45.74416668508636,9.413333310102049,097058,Olgiate Molgora,0.0023727056512464,33.869589236553665,False,False,False,False,True,True,True,True,MODEL_OUTPUT_GATE_B_WALK_GRAPH
WP_00652,45.74416668508636,9.414166643432017,097058,Olgiate Molgora,0.0023444857510897,33.87986377973381,False,False,False,False,True,True,True,True,MODEL_OUTPUT_GATE_B_WALK_GRAPH
WP_00653,45.74416668508636,9.424999976721615,097010,Brivio,2.328549688068614,4.402248169669254,True,True,True,True,False,False,False,False,MODEL_OUTPUT_GATE_B_WALK_GRAPH
WP_00654,45.74416668508636,9.425833310051583,097010,Brivio,2.79506632801512,11.666896448920069,False,False,False,True,True,True,True,False,MODEL_OUTPUT_GATE_B_WALK_GRAPH
WP_00655,45.74416668508636,9.426666643381552,097010,Brivio,0.1673307881536417,10.815258179930034,False,False,False,True,True,True,True,False,MODEL_OUTPUT_GATE_B_WALK_GRAPH
WP_00656,45.74416668508636,9.427499976711523,097010,Brivio,0.0393109638199417,11.76155369657124,False,False,False,True,True,True,True,False,MODEL_OUTPUT_GATE_B_WALK_GRAPH
WP_00657,45.74416668508636,9.428333310041491,097010,Brivio,0.2382869360898213,12.554408499002564,False,False,False,False,True,True,True,True,MODEL_OUTPUT_GATE_B_WALK_GRAPH
WP_00658,45.74416668508636,9.42916664337146,097010,Brivio,0.2446317022204173,12.370722234459617,False,False,False,False,True,True,True,True,MODEL_OUTPUT_GATE_B_WALK_GRAPH
WP_00659,45.74416668508636,9.42999997670143,097010,Brivio,3.248040590350876,12.553285002351538,False,False,False,False,True,True,True,True,MODEL_OUTPUT_GATE_B_WALK_GRAPH
WP_00660,45.74416668508636,9.4308333100314,097010,Brivio,0.164263934187971,13.017384570902983,False,False,False,False,True,True,True,True,MODEL_OUTPUT_GATE_B_WALK_GRAPH
WP_00661,45.74416668508636,9.431666643361368,097010,Brivio,0.0643505354533482,12.92609208744547,False,False,False,False,True,True,True,True,MODEL_OUTPUT_GATE_B_WALK_GRAPH
WP_00662,45.74416668508636,9.432499976691338,097010,Brivio,0.0274534769606513,13.700245079656918,False,False,False,False,True,True,True,True,MODEL_OUTPUT_GATE_B_WALK_GRAPH
WP_00663,45.74416668508636,9.433333310021307,097010,Brivio,0.029185467608802,15.867234817189246,False,False,False,False,True,True,True,True,MODEL_OUTPUT_GATE_B_WALK_GRAPH
WP_00664,45.74416668508636,9.434166643351276,097010,Brivio,0.0315485367114154,16.274450162118825,False,False,False,False,True,True,True,True,MODEL_OUTPUT_GATE_B_WALK_GRAPH
WP_00665,45.74416668508636,9.434999976681246,097010,Brivio,0.0327689702362255,16.220816397908205,False,False,False,False,True,True,True,True,MODEL_OUTPUT_GATE_B_WALK_GRAPH
WP_00666,45.74416668508636,9.435833310011214,097010,Brivio,0.015751185448354,15.50867500908512,False,False,False,False,True,True,True,True,MODEL_OUTPUT_GATE_B_WALK_GRAPH
WP_00667,45.74416668508636,9.436666643341184,097010,Brivio,0.066317091502975,15.113076812092617,False,False,False,False,True,True,True,True,MODEL_OUTPUT_GATE_B_WALK_GRAPH
WP_00668,45.74416668508636,9.437499976671152,097010,Brivio,0.0657349969410722,15.056891622946562,False,False,False,False,True,True,True,True,MODEL_OUTPUT_GATE_B_WALK_GRAPH
WP_00669,45.74416668508636,9.438333310001122,097010,Brivio,0.2643356519030717,13.789257192021587,False,False,False,False,True,True,True,True,MODEL_OUTPUT_GATE_B_WALK_GRAPH
WP_00670,45.74416668508636,9.439166643331092,097010,Brivio,0.1929876454919316,3.210464091734448,True,True,True,True,False,False,False,False,MODEL_OUTPUT_GATE_B_WALK_GRAPH
WP_00671,45.74416668508636,9.43999997666106,097010,Brivio,25.333068222975548,3.6197372951988966,True,True,True,True,False,False,False,False,MODEL_OUTPUT_GATE_B_WALK_GRAPH
WP_00672,45.74416668508636,9.44083330999103,097010,Brivio,26.867357372982006,4.962034485433199,True,True,True,True,False,False,False,False,MODEL_OUTPUT_GATE_B_WALK_GRAPH
WP_00673,45.74416668508636,9.441666643320998,097010,Brivio,23.803516179513288,5.080407913965761,False,True,True,True,True,False,False,False,MODEL_OUTPUT_GATE_B_WALK_GRAPH
WP_00674,45.74416668508636,9.442499976650968,097010,Brivio,26.75326314051768,4.314379425108015,True,True,True,True,False,False,False,False,MODEL_OUTPUT_GATE_B_WALK_GRAPH
WP_00675,45.74416668508636,9.443333309980936,097010,Brivio,24.88511821981802,3.4862354820036807,True,True,True,True,False,False,False,False,MODEL_OUTPUT_GATE_B_WALK_GRAPH
WP_00676,45.74416668508636,9.444166643310906,097010,Brivio,14.31070484120185,4.298605032202135,True,True,True,True,False,False,False,False,MODEL_OUTPUT_GATE_B_WALK_GRAPH
WP_00677,45.74416668508636,9.444999976640874,097010,Brivio,1.2407908885889838,8.961940423921554,False,False,True,True,True,True,False,False,MODEL_OUTPUT_GATE_B_WALK_GRAPH
WP_00678,45.74416668508636,9.445833309970844,097010,Brivio,1.014403967002989,2.713579091111677,True,True,True,True,False,False,False,False,MODEL_OUTPUT_GATE_B_WALK_GRAPH
WP_00679,45.74416668508636,9.446666643300814,097010,Brivio,2.14321181306508,2.8683785433328524,True,True,True,True,False,False,False,False,MODEL_OUTPUT_GATE_B_WALK_GRAPH
WP_00680,45.74416668508636,9.447499976630782,097010,Brivio,1.3168158150006997,5.748465730017407,False,True,True,True,True,False,False,False,MODEL_OUTPUT_GATE_B_WALK_GRAPH
WP_00681,45.74416668508636,9.448333309960752,097010,Brivio,1.1915493793840837,5.128586396669537,False,True,True,True,True,False,False,False,MODEL_OUTPUT_GATE_B_WALK_GRAPH
WP_00682,45.74416668508636,9.44916664329072,097010,Brivio,37.506645766170045,5.901266489806545,False,True,True,True,True,False,False,False,MODEL_OUTPUT_GATE_B_WALK_GRAPH
WP_00683,45.74416668508636,9.44999997662069,097010,Brivio,1.055100506876277,6.898211603236434,False,True,True,True,True,False,False,False,MODEL_OUTPUT_GATE_B_WALK_GRAPH
WP_00684,45.74416668508636,9.450833309950658,097010,Brivio,0.4949759585530679,7.289097917507418,False,True,True,True,True,False,False,False,MODEL_OUTPUT_GATE_B_WALK_GRAPH
WP_00685,45.74416668508636,9.451666643280628,097010,Brivio,0.7725649609361281,7.48540521387813,False,True,True,True,True,False,False,False,MODEL_OUTPUT_GATE_B_WALK_GRAPH
WP_00686,45.74416668508636,9.452499976610598,097010,Brivio,0.1454512317067782,8.144709988816375,False,False,True,True,True,True,False,False,MODEL_OUTPUT_GATE_B_WALK_GRAPH
WP_00687,45.74333335175638,9.341666643724698,097092,La Valletta Brianza,0.1589527510199816,23.75311797276338,False,False,False,False,True,True,True,True,MODEL_OUTPUT_GATE_B_WALK_GRAPH
WP_00688,45.74333335175638,9.342499977054668,097092,La Valletta Brianza,0.1345886096552398,22.71653557688649,False,False,False,False,True,True,True,True,MODEL_OUTPUT_GATE_B_WALK_GRAPH
WP_00689,45.74333335175638,9.343333310384637,097092,La Valletta Brianza,0.0835362454938417,20.923838644181032,False,False,False,False,True,True,True,True,MODEL_OUTPUT_GATE_B_WALK_GRAPH
WP_00690,45.74333335175638,9.344166643714606,097092,La Valletta Brianza,0.0429360068417703,20.007756503738875,False,False,False,False,True,True,True,True,MODEL_OUTPUT_GATE_B_WALK_GRAPH
WP_00691,45.74333335175638,9.344999977044576,097092,La Valletta Brianza,0.0393378289072359,19.73769674553226,False,False,False,False,True,True,True,True,MODEL_OUTPUT_GATE_B_WALK_GRAPH
WP_00692,45.74333335175638,9.345833310374545,097092,La Valletta Brianza,0.0331358721831495,18.425678464010293,False,False,False,False,True,True,True,True,MODEL_OUTPUT_GATE_B_WALK_GRAPH
WP_00693,45.74333335175638,9.346666643704514,097092,La Valletta Brianza,0.0208925608336672,17.614417418930774,False,False,False,False,True,True,True,True,MODEL_OUTPUT_GATE_B_WALK_GRAPH
WP_00694,45.74333335175638,9.347499977034484,097092,La Valletta Brianza,0.0409984554987706,16.84091262671387,False,False,False,False,True,True,True,True,MODEL_OUTPUT_GATE_B_WALK_GRAPH
WP_00695,45.74333335175638,9.348333310364453,097092,La Valletta Brianza,0.1454629972583671,15.514405229166329,False,False,False,False,True,True,True,True,MODEL_OUTPUT_GATE_B_WALK_GRAPH
WP_00696,45.74333335175638,9.34916664369442,097092,La Valletta Brianza,0.216246447025755,14.37439001483953,False,False,False,False,True,True,True,True,MODEL_OUTPUT_GATE_B_WALK_GRAPH
WP_00697,45.74333335175638,9.34999997702439,097092,La Valletta Brianza,0.351572439689166,14.149730309199752,False,False,False,False,True,True,True,True,MODEL_OUTPUT_GATE_B_WALK_GRAPH
WP_00698,45.74333335175638,9.35083331035436,097092,La Valletta Brianza,0.1860833707204043,13.504791588054193,False,False,False,False,True,True,True,True,MODEL_OUTPUT_GATE_B_WALK_GRAPH
WP_00699,45.74333335175638,9.351666643684329,097092,La Valletta Brianza,0.1700940216736038,13.36103983112357,False,False,False,False,True,True,True,True,MODEL_OUTPUT_GATE_B_WALK_GRAPH
WP_00700,45.74333335175638,9.3524999770143,097092,La Valletta Brianza,0.1792844331600394,12.892213287776247,False,False,False,False,True,True,True,True,MODEL_OUTPUT_GATE_B_WALK_GRAPH
WP_00701,45.74333335175638,9.353333310344269,097092,La Valletta Brianza,0.1596755478577331,12.808571860918958,False,False,False,False,True,True,True,True,MODEL_OUTPUT_GATE_B_WALK_GRAPH
WP_00702,45.74333335175638,9.354166643674237,097092,La Valletta Brianza,0.0855082573498979,17.2976795494522,False,False,False,False,True,True,True,True,MODEL_OUTPUT_GATE_B_WALK_GRAPH
WP_00703,45.74333335175638,9.354999977004203,097092,La Valletta Brianza,0.0330069888361581,16.637697837797354,False,False,False,False,True,True,True,True,MODEL_OUTPUT_GATE_B_WALK_GRAPH
WP_00704,45.74333335175638,9.355833310334177,097092,La Valletta Brianza,0.0222438499136939,16.86194658927336,False,False,False,False,True,True,True,True,MODEL_OUTPUT_GATE_B_WALK_GRAPH
WP_00705,45.74333335175638,9.356666643664145,097092,La Valletta Brianza,0.0324198920495719,16.002786587563925,False,False,False,False,True,True,True,True,MODEL_OUTPUT_GATE_B_WALK_GRAPH
WP_00706,45.74333335175638,9.357499976994111,097092,La Valletta Brianza,0.0329948256973379,14.930065455669489,False,False,False,False,True,True,True,True,MODEL_OUTPUT_GATE_B_WALK_GRAPH
WP_00707,45.74333335175638,9.358333310324085,097092,La Valletta Brianza,0.0209580940709032,14.328276635129289,False,False,False,False,True,True,True,True,MODEL_OUTPUT_GATE_B_WALK_GRAPH
WP_00708,45.74333335175638,9.35999997698402,097092,La Valletta Brianza,0.0206692837839553,12.7116265459887,False,False,False,False,True,True,True,True,MODEL_OUTPUT_GATE_B_WALK_GRAPH
WP_00709,45.74333335175638,9.36083331031399,097092,La Valletta Brianza,0.0673739255774285,12.070054825509446,False,False,False,False,True,True,True,True,MODEL_OUTPUT_GATE_B_WALK_GRAPH
WP_00710,45.74333335175638,9.36166664364396,097092,La Valletta Brianza,0.0340264819519608,10.189077568038892,False,False,False,True,True,True,True,False,MODEL_OUTPUT_GATE_B_WALK_GRAPH
WP_00711,45.74333335175638,9.362499976973927,097092,La Valletta Brianza,0.1040334066406042,9.2491715809683,False,False,True,True,True,True,False,False,MODEL_OUTPUT_GATE_B_WALK_GRAPH
WP_00712,45.74333335175638,9.363333310303895,097092,La Valletta Brianza,0.1594157248427326,8.72909259439632,False,False,True,True,True,True,False,False,MODEL_OUTPUT_GATE_B_WALK_GRAPH
WP_00713,45.74333335175638,9.364166643633869,097092,La Valletta Brianza,0.173397117542086,7.266911154884475,False,True,True,True,True,False,False,False,MODEL_OUTPUT_GATE_B_WALK_GRAPH
WP_00714,45.74333335175638,9.364999976963835,097092,La Valletta Brianza,0.1013489275327091,9.028594101289237,False,False,True,True,True,True,False,False,MODEL_OUTPUT_GATE_B_WALK_GRAPH
WP_00715,45.74333335175638,9.365833310293803,097092,La Valletta Brianza,0.0140582399861893,9.855841803329543,False,False,True,True,True,True,False,False,MODEL_OUTPUT_GATE_B_WALK_GRAPH
WP_00716,45.74333335175638,9.366666643623772,097092,La Valletta Brianza,0.0102771934235432,12.840652961554984,False,False,False,False,True,True,True,True,MODEL_OUTPUT_GATE_B_WALK_GRAPH
WP_00717,45.74333335175638,9.367499976953743,097092,La Valletta Brianza,0.0232781759584382,13.17287512927814,False,False,False,False,True,True,True,True,MODEL_OUTPUT_GATE_B_WALK_GRAPH
WP_00718,45.74333335175638,9.368333310283711,097092,La Valletta Brianza,0.0310334827201623,13.051616437094715,False,False,False,False,True,True,True,True,MODEL_OUTPUT_GATE_B_WALK_GRAPH
WP_00719,45.74333335175638,9.36916664361368,097092,La Valletta Brianza,0.0783148557286913,8.226297745326509,False,False,True,True,True,True,False,False,MODEL_OUTPUT_GATE_B_WALK_GRAPH
WP_00720,45.74333335175638,9.37166664360359,097074,Santa Maria Hoè,13.46879108547687,3.837043182801648,True,True,True,True,False,False,False,False,MODEL_OUTPUT_GATE_B_WALK_GRAPH
WP_00721,45.74333335175638,9.372499976933558,097074,Santa Maria Hoè,19.69981186863724,3.2255637896667206,True,True,True,True,False,False,False,False,MODEL_OUTPUT_GATE_B_WALK_GRAPH
WP_00722,45.74333335175638,9.373333310263527,097074,Santa Maria Hoè,20.001271216843698,1.575202277625456,True,True,True,True,False,False,False,False,MODEL_OUTPUT_GATE_B_WALK_GRAPH
WP_00723,45.74333335175638,9.374166643593496,097074,Santa Maria Hoè,19.924287348535067,0.5110377346371142,True,True,True,True,False,False,False,False,MODEL_OUTPUT_GATE_B_WALK_GRAPH
WP_00724,45.74333335175638,9.374999976923466,097074,Santa Maria Hoè,19.68988408858101,0.8824808035557459,True,True,True,True,False,False,False,False,MODEL_OUTPUT_GATE_B_WALK_GRAPH
WP_00725,45.74333335175638,9.375833310253434,097074,Santa Maria Hoè,21.91792740925464,1.3972003946242195,True,True,True,True,False,False,False,False,MODEL_OUTPUT_GATE_B_WALK_GRAPH
WP_00726,45.74333335175638,9.376666643583404,097074,Santa Maria Hoè,20.47899223392105,1.933439703731151,True,True,True,True,False,False,False,False,MODEL_OUTPUT_GATE_B_WALK_GRAPH
WP_00727,45.74333335175638,9.377499976913374,097074,Santa Maria Hoè,21.603114257065496,1.1027548211583968,True,True,True,True,False,False,False,False,MODEL_OUTPUT_GATE_B_WALK_GRAPH
WP_00728,45.74333335175638,9.378333310243342,097074,Santa Maria Hoè,19.437506591378867,0.8573024506044222,True,True,True,True,False,False,False,False,MODEL_OUTPUT_GATE_B_WALK_GRAPH
WP_00729,45.74333335175638,9.379166643573312,097074,Santa Maria Hoè,19.46690546502213,2.64953896228719,True,True,True,True,False,False,False,False,MODEL_OUTPUT_GATE_B_WALK_GRAPH
WP_00730,45.74333335175638,9.37999997690328,097074,Santa Maria Hoè,0.5743103286644032,2.2781759228179204,True,True,True,True,False,False,False,False,MODEL_OUTPUT_GATE_B_WALK_GRAPH
WP_00731,45.74333335175638,9.38083331023325,097074,Santa Maria Hoè,0.4865336840154935,3.116686495420613,True,True,True,True,False,False,False,False,MODEL_OUTPUT_GATE_B_WALK_GRAPH
WP_00732,45.74333335175638,9.381666643563218,097074,Santa Maria Hoè,0.1511385302238481,6.978535747565733,False,True,True,True,True,False,False,False,MODEL_OUTPUT_GATE_B_WALK_GRAPH
WP_00733,45.74333335175638,9.382499976893188,097074,Santa Maria Hoè,0.1360968113983407,5.088491643058863,False,True,True,True,True,False,False,False,MODEL_OUTPUT_GATE_B_WALK_GRAPH
WP_00734,45.74333335175638,9.383333310223158,097074,Santa Maria Hoè,0.1195697835791857,4.486099711361884,True,True,True,True,False,False,False,False,MODEL_OUTPUT_GATE_B_WALK_GRAPH
WP_00735,45.74333335175638,9.384166643553126,097074,Santa Maria Hoè,0.0749351690104009,9.153920288989132,False,False,True,True,True,True,False,False,MODEL_OUTPUT_GATE_B_WALK_GRAPH
WP_00736,45.74333335175638,9.384999976883096,097074,Santa Maria Hoè,0.2024762519155519,7.650216428137663,False,True,True,True,True,False,False,False,MODEL_OUTPUT_GATE_B_WALK_GRAPH
WP_00737,45.74333335175638,9.385833310213064,097074,Santa Maria Hoè,0.3844103772810821,7.693530618089719,False,True,True,True,True,False,False,False,MODEL_OUTPUT_GATE_B_WALK_GRAPH
WP_00738,45.74333335175638,9.386666643543034,097074,Santa Maria Hoè,0.2044429717369583,11.212190279454656,False,False,False,True,True,True,True,False,MODEL_OUTPUT_GATE_B_WALK_GRAPH
WP_00739,45.74333335175638,9.387499976873002,097074,Santa Maria Hoè,0.0732914544684701,10.300388543238428,False,False,False,True,True,True,True,False,MODEL_OUTPUT_GATE_B_WALK_GRAPH
WP_00740,45.74333335175638,9.388333310202972,097074,Santa Maria Hoè,0.048903848342856,8.687482409401847,False,False,True,True,True,True,False,False,MODEL_OUTPUT_GATE_B_WALK_GRAPH
WP_00741,45.74333335175638,9.389166643532942,097074,Santa Maria Hoè,0.0349853791752673,9.395604396556248,False,False,True,True,True,True,False,False,MODEL_OUTPUT_GATE_B_WALK_GRAPH
WP_00742,45.74333335175638,9.38999997686291,097058,Olgiate Molgora,0.0264786412317527,10.178983392375969,False,False,False,True,True,True,True,False,MODEL_OUTPUT_GATE_B_WALK_GRAPH
WP_00743,45.74333335175638,9.39083331019288,097058,Olgiate Molgora,0.0196274348284471,23.1074576796707,False,False,False,False,True,True,True,True,MODEL_OUTPUT_GATE_B_WALK_GRAPH
WP_00744,45.74333335175638,9.391666643522848,097058,Olgiate Molgora,0.0678323905843407,22.18297445257741,False,False,False,False,True,True,True,True,MODEL_OUTPUT_GATE_B_WALK_GRAPH
WP_00745,45.74333335175638,9.392499976852818,097058,Olgiate Molgora,0.0897122101859501,21.730786499585445,False,False,False,False,True,True,True,True,MODEL_OUTPUT_GATE_B_WALK_GRAPH
WP_00746,45.74333335175638,9.393333310182786,097058,Olgiate Molgora,0.1450630833390016,21.19812325553865,False,False,False,False,True,True,True,True,MODEL_OUTPUT_GATE_B_WALK_GRAPH
WP_00747,45.74333335175638,9.394166643512756,097058,Olgiate Molgora,0.2404016641878278,14.80186681185218,False,False,False,False,True,True,True,True,MODEL_OUTPUT_GATE_B_WALK_GRAPH
WP_00748,45.74333335175638,9.394999976842726,097058,Olgiate Molgora,0.2406594372467065,13.650615453215249,False,False,False,False,True,True,True,True,MODEL_OUTPUT_GATE_B_WALK_GRAPH
WP_00749,45.74333335175638,9.395833310172694,097058,Olgiate Molgora,0.1446507258772607,13.23475774923621,False,False,False,False,True,True,True,True,MODEL_OUTPUT_GATE_B_WALK_GRAPH
WP_00750,45.74333335175638,9.396666643502664,097058,Olgiate Molgora,0.1300525391877874,14.014486903032664,False,False,False,False,True,True,True,True,MODEL_OUTPUT_GATE_B_WALK_GRAPH
WP_00751,45.74333335175638,9.397499976832632,097058,Olgiate Molgora,0.0964011886503447,17.10484057234874,False,False,False,False,True,True,True,True,MODEL_OUTPUT_GATE_B_WALK_GRAPH
WP_00752,45.74333335175638,9.398333310162602,097058,Olgiate Molgora,0.0617945891718163,18.760519635262888,False,False,False,False,True,True,True,True,MODEL_OUTPUT_GATE_B_WALK_GRAPH
WP_00753,45.74333335175638,9.39916664349257,097058,Olgiate Molgora,0.0311074412626033,17.929929935645774,False,False,False,False,True,True,True,True,MODEL_OUTPUT_GATE_B_WALK_GRAPH
WP_00754,45.74333335175638,9.39999997682254,097058,Olgiate Molgora,0.0219167354720094,19.964210764977064,False,False,False,False,True,True,True,True,MODEL_OUTPUT_GATE_B_WALK_GRAPH
WP_00755,45.74333335175638,9.400833310152509,097058,Olgiate Molgora,0.0070916904897082,22.906881752615817,False,False,False,False,True,True,True,True,MODEL_OUTPUT_GATE_B_WALK_GRAPH
WP_00756,45.74333335175638,9.401666643482478,097058,Olgiate Molgora,0.0047926216755278,24.107091181804982,False,False,False,False,True,True,True,True,MODEL_OUTPUT_GATE_B_WALK_GRAPH
WP_00757,45.74333335175638,9.402499976812448,097058,Olgiate Molgora,0.0049014082977461,27.445353666067724,False,False,False,False,True,True,True,True,MODEL_OUTPUT_GATE_B_WALK_GRAPH
WP_00758,45.74333335175638,9.403333310142417,097058,Olgiate Molgora,0.0047586670547807,27.85275570029876,False,False,False,False,True,True,True,True,MODEL_OUTPUT_GATE_B_WALK_GRAPH
WP_00759,45.74333335175638,9.404166643472388,097058,Olgiate Molgora,0.0053279004172911,29.383579140835774,False,False,False,False,True,True,True,True,MODEL_OUTPUT_GATE_B_WALK_GRAPH
WP_00760,45.74333335175638,9.404999976802356,097058,Olgiate Molgora,0.0069473215247588,27.903535870067817,False,False,False,False,True,True,True,True,MODEL_OUTPUT_GATE_B_WALK_GRAPH
WP_00761,45.74333335175638,9.405833310132325,097058,Olgiate Molgora,0.0081227289428249,27.93888579308241,False,False,False,False,True,True,True,True,MODEL_OUTPUT_GATE_B_WALK_GRAPH
WP_00762,45.74333335175638,9.406666643462293,097058,Olgiate Molgora,0.0148062022960985,28.87329797893692,False,False,False,False,True,True,True,True,MODEL_OUTPUT_GATE_B_WALK_GRAPH
WP_00763,45.74333335175638,9.407499976792264,097058,Olgiate Molgora,0.0508166878526471,26.87775145320255,False,False,False,False,True,True,True,True,MODEL_OUTPUT_GATE_B_WALK_GRAPH
WP_00764,45.74333335175638,9.408333310122233,097058,Olgiate Molgora,0.0830868291776194,29.304413465320533,False,False,False,False,True,True,True,True,MODEL_OUTPUT_GATE_B_WALK_GRAPH
WP_00765,45.74333335175638,9.4091666434522,097058,Olgiate Molgora,0.0500283868305151,28.670381607340616,False,False,False,False,True,True,True,True,MODEL_OUTPUT_GATE_B_WALK_GRAPH
WP_00766,45.74333335175638,9.40999997678217,097058,Olgiate Molgora,0.0133926160798955,30.853930966088427,False,False,False,False,True,True,True,True,MODEL_OUTPUT_GATE_B_WALK_GRAPH
WP_00767,45.74333335175638,9.41083331011214,097058,Olgiate Molgora,0.0074246370912708,31.744762725818127,False,False,False,False,True,True,True,True,MODEL_OUTPUT_GATE_B_WALK_GRAPH
WP_00768,45.74333335175638,9.411666643442109,097058,Olgiate Molgora,0.0058937413516057,32.07499883840765,False,False,False,False,True,True,True,True,MODEL_OUTPUT_GATE_B_WALK_GRAPH
WP_00769,45.74333335175638,9.412499976772075,097058,Olgiate Molgora,0.0047807817333814,31.73169800580091,False,False,False,False,True,True,True,True,MODEL_OUTPUT_GATE_B_WALK_GRAPH
WP_00770,45.74333335175638,9.413333310102049,097058,Olgiate Molgora,0.0042650788652154,32.48460306631804,False,False,False,False,True,True,True,True,MODEL_OUTPUT_GATE_B_WALK_GRAPH
WP_00771,45.74333335175638,9.414166643432017,097058,Olgiate Molgora,0.0042417281108127,34.86904180103674,False,False,False,False,True,True,True,True,MODEL_OUTPUT_GATE_B_WALK_GRAPH
WP_00772,45.74333335175638,9.414999976761983,097010,Brivio,0.0045372327893153,35.26439085594156,False,False,False,False,True,True,True,True,MODEL_OUTPUT_GATE_B_WALK_GRAPH
WP_00773,45.74333335175638,9.423333310061675,097010,Brivio,4.336461948431047,3.497972543037165,True,True,True,True,False,False,False,False,MODEL_OUTPUT_GATE_B_WALK_GRAPH
WP_00774,45.74333335175638,9.424999976721615,097010,Brivio,3.070801149160896,4.014369781491795,True,True,True,True,False,False,False,False,MODEL_OUTPUT_GATE_B_WALK_GRAPH
WP_00775,45.74333335175638,9.425833310051583,097010,Brivio,2.6095168881915933,4.745516620989334,True,True,True,True,False,False,False,False,MODEL_OUTPUT_GATE_B_WALK_GRAPH
WP_00776,45.74333335175638,9.426666643381552,097010,Brivio,0.015745443218932,10.2623646500048,False,False,False,True,True,True,True,False,MODEL_OUTPUT_GATE_B_WALK_GRAPH
WP_00777,45.74333335175638,9.427499976711523,097010,Brivio,0.0111187934526326,11.39673980643751,False,False,False,True,True,True,True,False,MODEL_OUTPUT_GATE_B_WALK_GRAPH
WP_00778,45.74333335175638,9.428333310041491,097010,Brivio,0.0181815907797442,12.162942859745003,False,False,False,False,True,True,True,True,MODEL_OUTPUT_GATE_B_WALK_GRAPH
WP_00779,45.74333335175638,9.42916664337146,097010,Brivio,0.0554355050040077,12.683226380272448,False,False,False,False,True,True,True,True,MODEL_OUTPUT_GATE_B_WALK_GRAPH
WP_00780,45.74333335175638,9.42999997670143,097010,Brivio,0.2098876140441008,11.952285354429772,False,False,False,True,True,True,True,False,MODEL_OUTPUT_GATE_B_WALK_GRAPH
WP_00781,45.74333335175638,9.4308333100314,097010,Brivio,0.114303403501332,10.741477304607391,False,False,False,True,True,True,True,False,MODEL_OUTPUT_GATE_B_WALK_GRAPH
WP_00782,45.74333335175638,9.431666643361368,097010,Brivio,0.0047139484353248,12.64076093976822,False,False,False,False,True,True,True,True,MODEL_OUTPUT_GATE_B_WALK_GRAPH
WP_00783,45.74333335175638,9.432499976691338,097010,Brivio,0.0291445706497649,13.296602557211653,False,False,False,False,True,True,True,True,MODEL_OUTPUT_GATE_B_WALK_GRAPH
WP_00784,45.74333335175638,9.433333310021307,097010,Brivio,0.0315657364854545,14.132193396777998,False,False,False,False,True,True,True,True,MODEL_OUTPUT_GATE_B_WALK_GRAPH
WP_00785,45.74333335175638,9.434166643351276,097010,Brivio,0.0316092647059471,14.919696088512596,False,False,False,False,True,True,True,True,MODEL_OUTPUT_GATE_B_WALK_GRAPH
WP_00786,45.74333335175638,9.434999976681246,097010,Brivio,0.0095803580488498,16.89508771705539,False,False,False,False,True,True,True,True,MODEL_OUTPUT_GATE_B_WALK_GRAPH
WP_00787,45.74333335175638,9.435833310011214,097010,Brivio,0.012165927063437,16.445135283875594,False,False,False,False,True,True,True,True,MODEL_OUTPUT_GATE_B_WALK_GRAPH
WP_00788,45.74333335175638,9.436666643341184,097010,Brivio,0.041489382329244,16.270403857277444,False,False,False,False,True,True,True,True,MODEL_OUTPUT_GATE_B_WALK_GRAPH
WP_00789,45.74333335175638,9.437499976671152,097010,Brivio,0.051103840703299,3.41209666511555,True,True,True,True,False,False,False,False,MODEL_OUTPUT_GATE_B_WALK_GRAPH
WP_00790,45.74333335175638,9.438333310001122,097010,Brivio,0.2641839949852923,2.604752779077515,True,True,True,True,False,False,False,False,MODEL_OUTPUT_GATE_B_WALK_GRAPH
WP_00791,45.74333335175638,9.439166643331092,097010,Brivio,7.567361532748356,1.7423516738411795,True,True,True,True,False,False,False,False,MODEL_OUTPUT_GATE_B_WALK_GRAPH
WP_00792,45.74333335175638,9.43999997666106,097010,Brivio,7.966085022674817,1.4569549667443389,True,True,True,True,False,False,False,False,MODEL_OUTPUT_GATE_B_WALK_GRAPH
WP_00793,45.74333335175638,9.44083330999103,097010,Brivio,8.295165588944366,1.9469423951539184,True,True,True,True,False,False,False,False,MODEL_OUTPUT_GATE_B_WALK_GRAPH
WP_00794,45.74333335175638,9.441666643320998,097010,Brivio,15.379611371120689,3.207855035575114,True,True,True,True,False,False,False,False,MODEL_OUTPUT_GATE_B_WALK_GRAPH
WP_00795,45.74333335175638,9.442499976650968,097010,Brivio,17.50167622665641,3.679832315720958,True,True,True,True,False,False,False,False,MODEL_OUTPUT_GATE_B_WALK_GRAPH
WP_00796,45.74333335175638,9.443333309980936,097010,Brivio,17.048528700028417,3.18377065019062,True,True,True,True,False,False,False,False,MODEL_OUTPUT_GATE_B_WALK_GRAPH
WP_00797,45.74333335175638,9.444166643310906,097010,Brivio,17.645994236431964,1.8523092316567815,True,True,True,True,False,False,False,False,MODEL_OUTPUT_GATE_B_WALK_GRAPH
WP_00798,45.74333335175638,9.444999976640874,097010,Brivio,2.2985141710234505,1.6109420348088377,True,True,True,True,False,False,False,False,MODEL_OUTPUT_GATE_B_WALK_GRAPH
WP_00799,45.74333335175638,9.445833309970844,097010,Brivio,2.2734307703634884,1.7236231263194646,True,True,True,True,False,False,False,False,MODEL_OUTPUT_GATE_B_WALK_GRAPH
WP_00800,45.74333335175638,9.446666643300814,097010,Brivio,12.171624013630586,2.3018906912396595,True,True,True,True,False,False,False,False,MODEL_OUTPUT_GATE_B_WALK_GRAPH
WP_00801,45.74333335175638,9.447499976630782,097010,Brivio,1.3201007438628398,3.706373210883957,True,True,True,True,False,False,False,False,MODEL_OUTPUT_GATE_B_WALK_GRAPH
WP_00802,45.74333335175638,9.448333309960752,097010,Brivio,40.684641175998415,4.103046821624953,True,True,True,True,False,False,False,False,MODEL_OUTPUT_GATE_B_WALK_GRAPH
WP_00803,45.74333335175638,9.44916664329072,097010,Brivio,45.719455898614825,4.218571588345066,True,True,True,True,False,False,False,False,MODEL_OUTPUT_GATE_B_WALK_GRAPH
WP_00804,45.74333335175638,9.44999997662069,097010,Brivio,47.31954413941841,5.013170902750449,False,True,True,True,True,False,False,False,MODEL_OUTPUT_GATE_B_WALK_GRAPH
WP_00805,45.74333335175638,9.450833309950658,097010,Brivio,0.8013589532019024,6.1994400907427645,False,True,True,True,True,False,False,False,MODEL_OUTPUT_GATE_B_WALK_GRAPH
WP_00806,45.7425000184264,9.344166643714606,097092,La Valletta Brianza,0.1497738960576659,21.00604486023151,False,False,False,False,True,True,True,True,MODEL_OUTPUT_GATE_B_WALK_GRAPH
WP_00807,45.7425000184264,9.344999977044576,097092,La Valletta Brianza,0.0864325873561992,19.38044095409167,False,False,False,False,True,True,True,True,MODEL_OUTPUT_GATE_B_WALK_GRAPH
WP_00808,45.7425000184264,9.345833310374545,097092,La Valletta Brianza,0.0514544468916107,18.373592459906305,False,False,False,False,True,True,True,True,MODEL_OUTPUT_GATE_B_WALK_GRAPH
WP_00809,45.7425000184264,9.346666643704514,097092,La Valletta Brianza,0.080253287862527,18.04201770863095,False,False,False,False,True,True,True,True,MODEL_OUTPUT_GATE_B_WALK_GRAPH
WP_00810,45.7425000184264,9.347499977034484,097092,La Valletta Brianza,0.0657970426593432,17.47402645196838,False,False,False,False,True,True,True,True,MODEL_OUTPUT_GATE_B_WALK_GRAPH
WP_00811,45.7425000184264,9.348333310364453,097092,La Valletta Brianza,0.0766390363520369,18.538143825770224,False,False,False,False,True,True,True,True,MODEL_OUTPUT_GATE_B_WALK_GRAPH
WP_00812,45.7425000184264,9.34916664369442,097092,La Valletta Brianza,0.1618809384405012,16.846542643755093,False,False,False,False,True,True,True,True,MODEL_OUTPUT_GATE_B_WALK_GRAPH
WP_00813,45.7425000184264,9.34999997702439,097092,La Valletta Brianza,0.2755244516872711,15.697129616199478,False,False,False,False,True,True,True,True,MODEL_OUTPUT_GATE_B_WALK_GRAPH
WP_00814,45.7425000184264,9.35083331035436,097092,La Valletta Brianza,0.2736946001575778,14.453244016872606,False,False,False,False,True,True,True,True,MODEL_OUTPUT_GATE_B_WALK_GRAPH
WP_00815,45.7425000184264,9.351666643684329,097092,La Valletta Brianza,0.2639955919394099,11.602357224260285,False,False,False,True,True,True,True,False,MODEL_OUTPUT_GATE_B_WALK_GRAPH
WP_00816,45.7425000184264,9.3524999770143,097092,La Valletta Brianza,0.2063231901461943,11.408910601576022,False,False,False,True,True,True,True,False,MODEL_OUTPUT_GATE_B_WALK_GRAPH
WP_00817,45.7425000184264,9.353333310344269,097092,La Valletta Brianza,0.1308521509866627,11.476957225654669,False,False,False,True,True,True,True,False,MODEL_OUTPUT_GATE_B_WALK_GRAPH
WP_00818,45.7425000184264,9.354166643674237,097092,La Valletta Brianza,0.1209635362618482,15.392023552553429,False,False,False,False,True,True,True,True,MODEL_OUTPUT_GATE_B_WALK_GRAPH
WP_00819,45.7425000184264,9.354999977004203,097092,La Valletta Brianza,0.0730440731326937,15.67068188951086,False,False,False,False,True,True,True,True,MODEL_OUTPUT_GATE_B_WALK_GRAPH
WP_00820,45.7425000184264,9.355833310334177,097092,La Valletta Brianza,0.1127504119023253,16.23523934764298,False,False,False,False,True,True,True,True,MODEL_OUTPUT_GATE_B_WALK_GRAPH
WP_00821,45.7425000184264,9.356666643664145,097092,La Valletta Brianza,0.1396438829541702,18.158715877955927,False,False,False,False,True,True,True,True,MODEL_OUTPUT_GATE_B_WALK_GRAPH
WP_00822,45.7425000184264,9.357499976994111,097092,La Valletta Brianza,0.1062605873717573,15.762250437085218,False,False,False,False,True,True,True,True,MODEL_OUTPUT_GATE_B_WALK_GRAPH
WP_00823,45.7425000184264,9.358333310324085,097092,La Valletta Brianza,0.0522681845263738,15.454235380926631,False,False,False,False,True,True,True,True,MODEL_OUTPUT_GATE_B_WALK_GRAPH
WP_00824,45.7425000184264,9.359166643654053,097092,La Valletta Brianza,0.0536824809959862,14.328873712475716,False,False,False,False,True,True,True,True,MODEL_OUTPUT_GATE_B_WALK_GRAPH
WP_00825,45.7425000184264,9.35999997698402,097092,La Valletta Brianza,0.1053412268079157,14.222374870453704,False,False,False,False,True,True,True,True,MODEL_OUTPUT_GATE_B_WALK_GRAPH
WP_00826,45.7425000184264,9.36083331031399,097092,La Valletta Brianza,0.1268660549465265,11.600278276463037,False,False,False,True,True,True,True,False,MODEL_OUTPUT_GATE_B_WALK_GRAPH
WP_00827,45.7425000184264,9.36166664364396,097092,La Valletta Brianza,0.125573807983723,11.035658681949322,False,False,False,True,True,True,True,False,MODEL_OUTPUT_GATE_B_WALK_GRAPH
WP_00828,45.7425000184264,9.362499976973927,097092,La Valletta Brianza,0.0962996449823439,10.199364178804007,False,False,False,True,True,True,True,False,MODEL_OUTPUT_GATE_B_WALK_GRAPH
WP_00829,45.7425000184264,9.363333310303895,097092,La Valletta Brianza,0.0890382956603063,7.348646658796203,False,True,True,True,True,False,False,False,MODEL_OUTPUT_GATE_B_WALK_GRAPH
WP_00830,45.7425000184264,9.364166643633869,097092,La Valletta Brianza,0.1478063258550081,6.574343471668647,False,True,True,True,True,False,False,False,MODEL_OUTPUT_GATE_B_WALK_GRAPH
WP_00831,45.7425000184264,9.364999976963835,097092,La Valletta Brianza,0.1605980408839252,6.158796996477542,False,True,True,True,True,False,False,False,MODEL_OUTPUT_GATE_B_WALK_GRAPH
WP_00832,45.7425000184264,9.365833310293803,097092,La Valletta Brianza,0.2388321448862481,6.984718174259568,False,True,True,True,True,False,False,False,MODEL_OUTPUT_GATE_B_WALK_GRAPH
WP_00833,45.7425000184264,9.366666643623772,097092,La Valletta Brianza,0.2490415319810304,6.191482896582994,False,True,True,True,True,False,False,False,MODEL_OUTPUT_GATE_B_WALK_GRAPH
WP_00834,45.7425000184264,9.367499976953743,097092,La Valletta Brianza,0.030815231661738,5.941867593657055,False,True,True,True,True,False,False,False,MODEL_OUTPUT_GATE_B_WALK_GRAPH
WP_00835,45.7425000184264,9.368333310283711,097092,La Valletta Brianza,0.0162132309976118,7.235098745766368,False,True,True,True,True,False,False,False,MODEL_OUTPUT_GATE_B_WALK_GRAPH
WP_00836,45.7425000184264,9.374166643593496,097074,Santa Maria Hoè,13.440273921731883,2.671427148101431,True,True,True,True,False,False,False,False,MODEL_OUTPUT_GATE_B_WALK_GRAPH
WP_00837,45.7425000184264,9.374999976923466,097074,Santa Maria Hoè,20.093399648773385,5.570336867249033,False,True,True,True,True,False,False,False,MODEL_OUTPUT_GATE_B_WALK_GRAPH
WP_00838,45.7425000184264,9.375833310253434,097074,Santa Maria Hoè,21.46989746037987,2.3595744231780955,True,True,True,True,False,False,False,False,MODEL_OUTPUT_GATE_B_WALK_GRAPH
WP_00839,45.7425000184264,9.376666643583404,097074,Santa Maria Hoè,19.96518604313847,3.258524755292455,True,True,True,True,False,False,False,False,MODEL_OUTPUT_GATE_B_WALK_GRAPH
WP_00840,45.7425000184264,9.377499976913374,097074,Santa Maria Hoè,20.004254677080905,1.2642777845051798,True,True,True,True,False,False,False,False,MODEL_OUTPUT_GATE_B_WALK_GRAPH
WP_00841,45.7425000184264,9.378333310243342,097074,Santa Maria Hoè,11.627098176190998,0.1920313795530246,True,True,True,True,False,False,False,False,MODEL_OUTPUT_GATE_B_WALK_GRAPH
WP_00842,45.7425000184264,9.379166643573312,097074,Santa Maria Hoè,10.58010868174501,0.9583110654835112,True,True,True,True,False,False,False,False,MODEL_OUTPUT_GATE_B_WALK_GRAPH
WP_00843,45.7425000184264,9.37999997690328,097074,Santa Maria Hoè,13.111925839108082,1.9017461162444709,True,True,True,True,False,False,False,False,MODEL_OUTPUT_GATE_B_WALK_GRAPH
WP_00844,45.7425000184264,9.38083331023325,097074,Santa Maria Hoè,9.88278551157196,3.238008865221485,True,True,True,True,False,False,False,False,MODEL_OUTPUT_GATE_B_WALK_GRAPH
WP_00845,45.7425000184264,9.381666643563218,097074,Santa Maria Hoè,0.4434302340832312,3.2318162291920647,True,True,True,True,False,False,False,False,MODEL_OUTPUT_GATE_B_WALK_GRAPH
WP_00846,45.7425000184264,9.382499976893188,097074,Santa Maria Hoè,0.4117928841929403,3.217683004232891,True,True,True,True,False,False,False,False,MODEL_OUTPUT_GATE_B_WALK_GRAPH
WP_00847,45.7425000184264,9.383333310223158,097074,Santa Maria Hoè,0.1437264027503128,4.0400138917209,True,True,True,True,False,False,False,False,MODEL_OUTPUT_GATE_B_WALK_GRAPH
WP_00848,45.7425000184264,9.384166643553126,097074,Santa Maria Hoè,0.125929407240338,4.8523261142338745,True,True,True,True,False,False,False,False,MODEL_OUTPUT_GATE_B_WALK_GRAPH
WP_00849,45.7425000184264,9.384999976883096,097074,Santa Maria Hoè,0.1319382452456471,6.672598969567341,False,True,True,True,True,False,False,False,MODEL_OUTPUT_GATE_B_WALK_GRAPH
WP_00850,45.7425000184264,9.385833310213064,097074,Santa Maria Hoè,0.1766640104198319,7.170963194204373,False,True,True,True,True,False,False,False,MODEL_OUTPUT_GATE_B_WALK_GRAPH
WP_00851,45.7425000184264,9.386666643543034,097074,Santa Maria Hoè,0.1522982708278507,7.489726925592826,False,True,True,True,True,False,False,False,MODEL_OUTPUT_GATE_B_WALK_GRAPH
WP_00852,45.7425000184264,9.387499976873002,097074,Santa Maria Hoè,18.208457672858756,7.217794425244496,False,True,True,True,True,False,False,False,MODEL_OUTPUT_GATE_B_WALK_GRAPH
WP_00853,45.7425000184264,9.388333310202972,097074,Santa Maria Hoè,0.1286473719824954,8.211780967903582,False,False,True,True,True,True,False,False,MODEL_OUTPUT_GATE_B_WALK_GRAPH
WP_00854,45.7425000184264,9.389166643532942,097074,Santa Maria Hoè,0.0396952876797953,9.627086711738055,False,False,True,True,True,True,False,False,MODEL_OUTPUT_GATE_B_WALK_GRAPH
WP_00855,45.7425000184264,9.38999997686291,097058,Olgiate Molgora,0.0182977776535522,10.60533684647628,False,False,False,True,True,True,True,False,MODEL_OUTPUT_GATE_B_WALK_GRAPH
WP_00856,45.7425000184264,9.39083331019288,097058,Olgiate Molgora,0.0107943093568395,11.331372436787664,False,False,False,True,True,True,True,False,MODEL_OUTPUT_GATE_B_WALK_GRAPH
WP_00857,45.7425000184264,9.391666643522848,097058,Olgiate Molgora,0.0530257414806261,23.271833256940425,False,False,False,False,True,True,True,True,MODEL_OUTPUT_GATE_B_WALK_GRAPH
WP_00858,45.7425000184264,9.392499976852818,097058,Olgiate Molgora,0.076111158353173,22.885620224320533,False,False,False,False,True,True,True,True,MODEL_OUTPUT_GATE_B_WALK_GRAPH
WP_00859,45.7425000184264,9.393333310182786,097058,Olgiate Molgora,0.1435677524742802,11.977603417823255,False,False,False,True,True,True,True,False,MODEL_OUTPUT_GATE_B_WALK_GRAPH
WP_00860,45.7425000184264,9.394166643512756,097058,Olgiate Molgora,0.2406168820390292,12.846463452708829,False,False,False,False,True,True,True,True,MODEL_OUTPUT_GATE_B_WALK_GRAPH
WP_00861,45.7425000184264,9.394999976842726,097058,Olgiate Molgora,0.1860528977753974,12.048453786034711,False,False,False,False,True,True,True,True,MODEL_OUTPUT_GATE_B_WALK_GRAPH
WP_00862,45.7425000184264,9.395833310172694,097058,Olgiate Molgora,21.851158956078304,11.177183145709131,False,False,False,True,True,True,True,False,MODEL_OUTPUT_GATE_B_WALK_GRAPH
WP_00863,45.7425000184264,9.396666643502664,097058,Olgiate Molgora,0.1885666558103693,11.931514412504658,False,False,False,True,True,True,True,False,MODEL_OUTPUT_GATE_B_WALK_GRAPH
WP_00864,45.7425000184264,9.397499976832632,097058,Olgiate Molgora,0.1815874105249947,13.5998012662576,False,False,False,False,True,True,True,True,MODEL_OUTPUT_GATE_B_WALK_GRAPH
WP_00865,45.7425000184264,9.398333310162602,097058,Olgiate Molgora,0.1042386208174002,15.924592607990135,False,False,False,False,True,True,True,True,MODEL_OUTPUT_GATE_B_WALK_GRAPH
WP_00866,45.7425000184264,9.39916664349257,097058,Olgiate Molgora,0.0258313199641246,18.610214039244813,False,False,False,False,True,True,True,True,MODEL_OUTPUT_GATE_B_WALK_GRAPH
WP_00867,45.7425000184264,9.39999997682254,097058,Olgiate Molgora,0.0136506042683672,20.18684750876302,False,False,False,False,True,True,True,True,MODEL_OUTPUT_GATE_B_WALK_GRAPH
WP_00868,45.7425000184264,9.400833310152509,097058,Olgiate Molgora,0.0112305057516747,22.40723175759624,False,False,False,False,True,True,True,True,MODEL_OUTPUT_GATE_B_WALK_GRAPH
WP_00869,45.7425000184264,9.401666643482478,097058,Olgiate Molgora,0.0076613508936541,23.375057087462046,False,False,False,False,True,True,True,True,MODEL_OUTPUT_GATE_B_WALK_GRAPH
WP_00870,45.7425000184264,9.402499976812448,097058,Olgiate Molgora,0.0068419061855199,25.379666160315363,False,False,False,False,True,True,True,True,MODEL_OUTPUT_GATE_B_WALK_GRAPH
WP_00871,45.7425000184264,9.403333310142417,097058,Olgiate Molgora,0.0054439265180537,27.46895482424632,False,False,False,False,True,True,True,True,MODEL_OUTPUT_GATE_B_WALK_GRAPH
WP_00872,45.7425000184264,9.404166643472388,097058,Olgiate Molgora,0.0063277533536515,28.807341950133463,False,False,False,False,True,True,True,True,MODEL_OUTPUT_GATE_B_WALK_GRAPH
WP_00873,45.7425000184264,9.404999976802356,097058,Olgiate Molgora,0.0071886790005343,27.137354726483807,False,False,False,False,True,True,True,True,MODEL_OUTPUT_GATE_B_WALK_GRAPH
WP_00874,45.7425000184264,9.405833310132325,097058,Olgiate Molgora,0.0106184197694216,26.96482224834133,False,False,False,False,True,True,True,True,MODEL_OUTPUT_GATE_B_WALK_GRAPH
WP_00875,45.7425000184264,9.406666643462293,097058,Olgiate Molgora,0.0191257930695064,23.500973534851063,False,False,False,False,True,True,True,True,MODEL_OUTPUT_GATE_B_WALK_GRAPH
WP_00876,45.7425000184264,9.407499976792264,097058,Olgiate Molgora,0.0969377917262045,24.12657198144988,False,False,False,False,True,True,True,True,MODEL_OUTPUT_GATE_B_WALK_GRAPH
WP_00877,45.7425000184264,9.408333310122233,097058,Olgiate Molgora,0.1713524932711474,25.22177638008965,False,False,False,False,True,True,True,True,MODEL_OUTPUT_GATE_B_WALK_GRAPH
WP_00878,45.7425000184264,9.4091666434522,097058,Olgiate Molgora,0.1001399938779103,27.10422325650571,False,False,False,False,True,True,True,True,MODEL_OUTPUT_GATE_B_WALK_GRAPH
WP_00879,45.7425000184264,9.40999997678217,097058,Olgiate Molgora,0.0171997727597852,28.578877429894742,False,False,False,False,True,True,True,True,MODEL_OUTPUT_GATE_B_WALK_GRAPH
WP_00880,45.7425000184264,9.41083331011214,097058,Olgiate Molgora,0.0094098971037635,29.3751820915325,False,False,False,False,True,True,True,True,MODEL_OUTPUT_GATE_B_WALK_GRAPH
WP_00881,45.7425000184264,9.411666643442109,097058,Olgiate Molgora,0.0093976540234698,29.920725111134217,False,False,False,False,True,True,True,True,MODEL_OUTPUT_GATE_B_WALK_GRAPH
WP_00882,45.7425000184264,9.412499976772075,097058,Olgiate Molgora,0.0105136194801727,32.812801676500506,False,False,False,False,True,True,True,True,MODEL_OUTPUT_GATE_B_WALK_GRAPH
WP_00883,45.7425000184264,9.413333310102049,097058,Olgiate Molgora,0.0097638625101032,33.138946358399345,False,False,False,False,True,True,True,True,MODEL_OUTPUT_GATE_B_WALK_GRAPH
WP_00884,45.7425000184264,9.414166643432017,097058,Olgiate Molgora,0.0093431600427434,33.72124411839857,False,False,False,False,True,True,True,True,MODEL_OUTPUT_GATE_B_WALK_GRAPH
WP_00885,45.7425000184264,9.414999976761983,097058,Olgiate Molgora,0.0089759577309393,36.243014625688566,False,False,False,False,True,True,True,True,MODEL_OUTPUT_GATE_B_WALK_GRAPH
WP_00886,45.7425000184264,9.415833310091957,097058,Olgiate Molgora,0.0081472573938453,41.7124328279748,False,False,False,False,True,True,True,True,MODEL_OUTPUT_GATE_B_WALK_GRAPH
WP_00887,45.7425000184264,9.422499976731707,097010,Brivio,4.661464015115191,2.166144021849187,True,True,True,True,False,False,False,False,MODEL_OUTPUT_GATE_B_WALK_GRAPH
WP_00888,45.7425000184264,9.424166643391644,097010,Brivio,4.522662902523036,8.58220748244471,False,False,True,True,True,True,False,False,MODEL_OUTPUT_GATE_B_WALK_GRAPH
WP_00889,45.7425000184264,9.424999976721615,097010,Brivio,2.3748779253844257,8.427464945048868,False,False,True,True,True,True,False,False,MODEL_OUTPUT_GATE_B_WALK_GRAPH
WP_00890,45.7425000184264,9.425833310051583,097010,Brivio,2.5551139269127443,7.234978333669,False,True,True,True,True,False,False,False,MODEL_OUTPUT_GATE_B_WALK_GRAPH
WP_00891,45.7425000184264,9.426666643381552,097010,Brivio,0.2323730002344202,9.65920796469214,False,False,True,True,True,True,False,False,MODEL_OUTPUT_GATE_B_WALK_GRAPH
WP_00892,45.7425000184264,9.427499976711523,097010,Brivio,0.0565321679162598,9.12465973345056,False,False,True,True,True,True,False,False,MODEL_OUTPUT_GATE_B_WALK_GRAPH
WP_00893,45.7425000184264,9.428333310041491,097010,Brivio,0.0504145040304001,9.495735085997188,False,False,True,True,True,True,False,False,MODEL_OUTPUT_GATE_B_WALK_GRAPH
WP_00894,45.7425000184264,9.42916664337146,097010,Brivio,0.0037668197791213,10.278786312220578,False,False,False,True,True,True,True,False,MODEL_OUTPUT_GATE_B_WALK_GRAPH
WP_00895,45.7425000184264,9.42999997670143,097010,Brivio,0.0420865140279126,10.549276258194872,False,False,False,True,True,True,True,False,MODEL_OUTPUT_GATE_B_WALK_GRAPH
WP_00896,45.7425000184264,9.4308333100314,097010,Brivio,0.0040018850727783,9.638378108933823,False,False,True,True,True,True,False,False,MODEL_OUTPUT_GATE_B_WALK_GRAPH
WP_00897,45.7425000184264,9.431666643361368,097010,Brivio,0.0070576084225264,10.343267134983543,False,False,False,True,True,True,True,False,MODEL_OUTPUT_GATE_B_WALK_GRAPH
WP_00898,45.7425000184264,9.432499976691338,097010,Brivio,0.0043579290237725,10.989312260885168,False,False,False,True,True,True,True,False,MODEL_OUTPUT_GATE_B_WALK_GRAPH
WP_00899,45.7425000184264,9.433333310021307,097010,Brivio,0.0297129231241622,9.743449100897712,False,False,True,True,True,True,False,False,MODEL_OUTPUT_GATE_B_WALK_GRAPH
WP_00900,45.7425000184264,9.434166643351276,097010,Brivio,0.0318067581349544,9.482000123274162,False,False,True,True,True,True,False,False,MODEL_OUTPUT_GATE_B_WALK_GRAPH
WP_00901,45.7425000184264,9.434999976681246,097010,Brivio,0.0467480549227247,9.52378520329657,False,False,True,True,True,True,False,False,MODEL_OUTPUT_GATE_B_WALK_GRAPH
WP_00902,45.7425000184264,9.435833310011214,097010,Brivio,0.0125382236451697,9.77758799164492,False,False,True,True,True,True,False,False,MODEL_OUTPUT_GATE_B_WALK_GRAPH
WP_00903,45.7425000184264,9.436666643341184,097010,Brivio,0.0207440246417142,3.347858610502745,True,True,True,True,False,False,False,False,MODEL_OUTPUT_GATE_B_WALK_GRAPH
WP_00904,45.7425000184264,9.437499976671152,097010,Brivio,0.0580585022087697,2.60249391574801,True,True,True,True,False,False,False,False,MODEL_OUTPUT_GATE_B_WALK_GRAPH
WP_00905,45.7425000184264,9.438333310001122,097010,Brivio,0.2627935490401062,1.9643953651165145,True,True,True,True,False,False,False,False,MODEL_OUTPUT_GATE_B_WALK_GRAPH
WP_00906,45.7425000184264,9.439166643331092,097010,Brivio,7.276566092965602,0.3574696854899709,True,True,True,True,False,False,False,False,MODEL_OUTPUT_GATE_B_WALK_GRAPH
WP_00907,45.7425000184264,9.43999997666106,097010,Brivio,16.989096008067378,1.0246365307970162,True,True,True,True,False,False,False,False,MODEL_OUTPUT_GATE_B_WALK_GRAPH
WP_00908,45.7425000184264,9.44083330999103,097010,Brivio,14.676583906065993,2.468955317923,True,True,True,True,False,False,False,False,MODEL_OUTPUT_GATE_B_WALK_GRAPH
WP_00909,45.7425000184264,9.441666643320998,097010,Brivio,15.097126132619776,2.4692912057933336,True,True,True,True,False,False,False,False,MODEL_OUTPUT_GATE_B_WALK_GRAPH
WP_00910,45.7425000184264,9.442499976650968,097010,Brivio,14.576067109367452,4.349999060879395,True,True,True,True,False,False,False,False,MODEL_OUTPUT_GATE_B_WALK_GRAPH
WP_00911,45.7425000184264,9.443333309980936,097010,Brivio,14.723737732535682,3.482451584929372,True,True,True,True,False,False,False,False,MODEL_OUTPUT_GATE_B_WALK_GRAPH
WP_00912,45.7425000184264,9.444166643310906,097010,Brivio,15.198620504693451,2.740370574659992,True,True,True,True,False,False,False,False,MODEL_OUTPUT_GATE_B_WALK_GRAPH
WP_00913,45.7425000184264,9.444999976640874,097010,Brivio,15.342468370424578,1.2902245712937064,True,True,True,True,False,False,False,False,MODEL_OUTPUT_GATE_B_WALK_GRAPH
WP_00914,45.7425000184264,9.445833309970844,097010,Brivio,10.967598085343369,0.2344221121124677,True,True,True,True,False,False,False,False,MODEL_OUTPUT_GATE_B_WALK_GRAPH
WP_00915,45.7425000184264,9.446666643300814,097010,Brivio,42.1908043638436,1.819970300925028,True,True,True,True,False,False,False,False,MODEL_OUTPUT_GATE_B_WALK_GRAPH
WP_00916,45.7425000184264,9.447499976630782,097010,Brivio,45.83615537755982,2.252761712294689,True,True,True,True,False,False,False,False,MODEL_OUTPUT_GATE_B_WALK_GRAPH
WP_00917,45.7425000184264,9.448333309960752,097010,Brivio,43.9165734560271,3.908606178392075,True,True,True,True,False,False,False,False,MODEL_OUTPUT_GATE_B_WALK_GRAPH
WP_00918,45.7425000184264,9.44916664329072,097010,Brivio,43.43286656651134,5.4223315435873145,False,True,True,True,True,False,False,False,MODEL_OUTPUT_GATE_B_WALK_GRAPH
WP_00919,45.7425000184264,9.44999997662069,097010,Brivio,47.468356077784144,5.1136113935794425,False,True,True,True,True,False,False,False,MODEL_OUTPUT_GATE_B_WALK_GRAPH
WP_00920,45.74166668509642,9.343333310384637,097092,La Valletta Brianza,0.2691997565888346,20.614533376065207,False,False,False,False,True,True,True,True,MODEL_OUTPUT_GATE_B_WALK_GRAPH
WP_00921,45.74166668509642,9.344166643714606,097092,La Valletta Brianza,0.2748312521633688,19.82619530186748,False,False,False,False,True,True,True,True,MODEL_OUTPUT_GATE_B_WALK_GRAPH
WP_00922,45.74166668509642,9.344999977044576,097092,La Valletta Brianza,0.1610706245802327,19.57121420467587,False,False,False,False,True,True,True,True,MODEL_OUTPUT_GATE_B_WALK_GRAPH
WP_00923,45.74166668509642,9.345833310374545,097092,La Valletta Brianza,0.1928978951940839,18.93934026515212,False,False,False,False,True,True,True,True,MODEL_OUTPUT_GATE_B_WALK_GRAPH
WP_00924,45.74166668509642,9.346666643704514,097092,La Valletta Brianza,0.2198066652743011,18.507165831078893,False,False,False,False,True,True,True,True,MODEL_OUTPUT_GATE_B_WALK_GRAPH
WP_00925,45.74166668509642,9.347499977034484,097092,La Valletta Brianza,0.2362916562304218,19.357247478168,False,False,False,False,True,True,True,True,MODEL_OUTPUT_GATE_B_WALK_GRAPH
WP_00926,45.74166668509642,9.348333310364453,097092,La Valletta Brianza,0.187641842710977,18.67981169280847,False,False,False,False,True,True,True,True,MODEL_OUTPUT_GATE_B_WALK_GRAPH
WP_00927,45.74166668509642,9.34916664369442,097092,La Valletta Brianza,0.1086441444619097,17.372579946358638,False,False,False,False,True,True,True,True,MODEL_OUTPUT_GATE_B_WALK_GRAPH
WP_00928,45.74166668509642,9.34999997702439,097092,La Valletta Brianza,0.1216641933766417,16.604743559209457,False,False,False,False,True,True,True,True,MODEL_OUTPUT_GATE_B_WALK_GRAPH
WP_00929,45.74166668509642,9.35083331035436,097092,La Valletta Brianza,0.1622401365958879,16.195970086731325,False,False,False,False,True,True,True,True,MODEL_OUTPUT_GATE_B_WALK_GRAPH
WP_00930,45.74166668509642,9.351666643684329,097092,La Valletta Brianza,0.1509333595179476,15.637000040434508,False,False,False,False,True,True,True,True,MODEL_OUTPUT_GATE_B_WALK_GRAPH
WP_00931,45.74166668509642,9.3524999770143,097092,La Valletta Brianza,0.2421942297503272,10.965033505362785,False,False,False,True,True,True,True,False,MODEL_OUTPUT_GATE_B_WALK_GRAPH
WP_00932,45.74166668509642,9.353333310344269,097092,La Valletta Brianza,0.255382869570904,9.891602904183026,False,False,True,True,True,True,False,False,MODEL_OUTPUT_GATE_B_WALK_GRAPH
WP_00933,45.74166668509642,9.354166643674237,097092,La Valletta Brianza,0.1938896862385754,9.424099565789854,False,False,True,True,True,True,False,False,MODEL_OUTPUT_GATE_B_WALK_GRAPH
WP_00934,45.74166668509642,9.354999977004203,097092,La Valletta Brianza,0.1663177526301224,13.494721502133112,False,False,False,False,True,True,True,True,MODEL_OUTPUT_GATE_B_WALK_GRAPH
WP_00935,45.74166668509642,9.355833310334177,097092,La Valletta Brianza,0.1844977141659764,9.655501799225704,False,False,True,True,True,True,False,False,MODEL_OUTPUT_GATE_B_WALK_GRAPH
WP_00936,45.74166668509642,9.356666643664145,097092,La Valletta Brianza,0.3629052909176118,9.115065298711553,False,False,True,True,True,True,False,False,MODEL_OUTPUT_GATE_B_WALK_GRAPH
WP_00937,45.74166668509642,9.357499976994111,097092,La Valletta Brianza,6.2851817111222585,7.694670055527766,False,True,True,True,True,False,False,False,MODEL_OUTPUT_GATE_B_WALK_GRAPH
WP_00938,45.74166668509642,9.358333310324085,097092,La Valletta Brianza,0.1538840705080153,7.804876034318087,False,True,True,True,True,False,False,False,MODEL_OUTPUT_GATE_B_WALK_GRAPH
WP_00939,45.74166668509642,9.359166643654053,097092,La Valletta Brianza,0.1457249862648397,8.546110825024583,False,False,True,True,True,True,False,False,MODEL_OUTPUT_GATE_B_WALK_GRAPH
WP_00940,45.74166668509642,9.35999997698402,097092,La Valletta Brianza,0.2000555785192116,4.99377366803068,True,True,True,True,False,False,False,False,MODEL_OUTPUT_GATE_B_WALK_GRAPH
WP_00941,45.74166668509642,9.36083331031399,097092,La Valletta Brianza,0.4308433133310427,4.589707979720263,True,True,True,True,False,False,False,False,MODEL_OUTPUT_GATE_B_WALK_GRAPH
WP_00942,45.74166668509642,9.36166664364396,097092,La Valletta Brianza,0.4291487951419333,4.308200198668324,True,True,True,True,False,False,False,False,MODEL_OUTPUT_GATE_B_WALK_GRAPH
WP_00943,45.74166668509642,9.362499976973927,097092,La Valletta Brianza,0.4286273943846636,4.44183948599157,True,True,True,True,False,False,False,False,MODEL_OUTPUT_GATE_B_WALK_GRAPH
WP_00944,45.74166668509642,9.363333310303895,097092,La Valletta Brianza,0.4276011805263344,4.994123725993041,True,True,True,True,False,False,False,False,MODEL_OUTPUT_GATE_B_WALK_GRAPH
WP_00945,45.74166668509642,9.364166643633869,097092,La Valletta Brianza,0.4260689471919486,4.907959628034762,True,True,True,True,False,False,False,False,MODEL_OUTPUT_GATE_B_WALK_GRAPH
WP_00946,45.74166668509642,9.364999976963835,097092,La Valletta Brianza,0.4410303276531515,4.659865032755581,True,True,True,True,False,False,False,False,MODEL_OUTPUT_GATE_B_WALK_GRAPH
WP_00947,45.74166668509642,9.365833310293803,097092,La Valletta Brianza,15.833393712675289,4.358844502350896,True,True,True,True,False,False,False,False,MODEL_OUTPUT_GATE_B_WALK_GRAPH
WP_00948,45.74166668509642,9.366666643623772,097092,La Valletta Brianza,15.88561615091342,4.584813015740708,True,True,True,True,False,False,False,False,MODEL_OUTPUT_GATE_B_WALK_GRAPH
WP_00949,45.74166668509642,9.367499976953743,097092,La Valletta Brianza,0.0490960214714974,5.523792071153951,False,True,True,True,True,False,False,False,MODEL_OUTPUT_GATE_B_WALK_GRAPH
WP_00950,45.74166668509642,9.368333310283711,097092,La Valletta Brianza,0.0420166257147185,5.528085490869541,False,True,True,True,True,False,False,False,MODEL_OUTPUT_GATE_B_WALK_GRAPH
WP_00951,45.74166668509642,9.373333310263527,097092,La Valletta Brianza,0.5397447858051181,6.43499479466555,False,True,True,True,True,False,False,False,MODEL_OUTPUT_GATE_B_WALK_GRAPH
WP_00952,45.74166668509642,9.374166643593496,097092,La Valletta Brianza,0.3323781087040452,3.835678268829459,True,True,True,True,False,False,False,False,MODEL_OUTPUT_GATE_B_WALK_GRAPH
WP_00953,45.74166668509642,9.375833310253434,097074,Santa Maria Hoè,20.07673601519192,3.595929086768188,True,True,True,True,False,False,False,False,MODEL_OUTPUT_GATE_B_WALK_GRAPH
WP_00954,45.74166668509642,9.376666643583404,097074,Santa Maria Hoè,19.918183728851616,3.774850598997671,True,True,True,True,False,False,False,False,MODEL_OUTPUT_GATE_B_WALK_GRAPH
WP_00955,45.74166668509642,9.377499976913374,097074,Santa Maria Hoè,0.4545797099220863,3.303020368704637,True,True,True,True,False,False,False,False,MODEL_OUTPUT_GATE_B_WALK_GRAPH
WP_00956,45.74166668509642,9.378333310243342,097074,Santa Maria Hoè,7.400590167088889,1.6304196956512391,True,True,True,True,False,False,False,False,MODEL_OUTPUT_GATE_B_WALK_GRAPH
WP_00957,45.74166668509642,9.379166643573312,097074,Santa Maria Hoè,10.719717875193176,1.963523407230504,True,True,True,True,False,False,False,False,MODEL_OUTPUT_GATE_B_WALK_GRAPH
WP_00958,45.74166668509642,9.37999997690328,097074,Santa Maria Hoè,12.268292651133942,1.3149762650706822,True,True,True,True,False,False,False,False,MODEL_OUTPUT_GATE_B_WALK_GRAPH
WP_00959,45.74166668509642,9.38083331023325,097074,Santa Maria Hoè,9.529799105259563,2.344024943337069,True,True,True,True,False,False,False,False,MODEL_OUTPUT_GATE_B_WALK_GRAPH
WP_00960,45.74166668509642,9.381666643563218,097074,Santa Maria Hoè,5.210526158535694,1.5581330072693549,True,True,True,True,False,False,False,False,MODEL_OUTPUT_GATE_B_WALK_GRAPH
WP_00961,45.74166668509642,9.382499976893188,097074,Santa Maria Hoè,8.994874595421063,2.423730615755588,True,True,True,True,False,False,False,False,MODEL_OUTPUT_GATE_B_WALK_GRAPH
WP_00962,45.74166668509642,9.383333310223158,097074,Santa Maria Hoè,8.686250499921016,2.6706699444058675,True,True,True,True,False,False,False,False,MODEL_OUTPUT_GATE_B_WALK_GRAPH
WP_00963,45.74166668509642,9.384166643553126,097074,Santa Maria Hoè,0.1596004515547434,3.4804292394423544,True,True,True,True,False,False,False,False,MODEL_OUTPUT_GATE_B_WALK_GRAPH
WP_00964,45.74166668509642,9.384999976883096,097074,Santa Maria Hoè,0.086879736308296,6.393377963478905,False,True,True,True,True,False,False,False,MODEL_OUTPUT_GATE_B_WALK_GRAPH
WP_00965,45.74166668509642,9.385833310213064,097074,Santa Maria Hoè,0.1864718315803162,6.869771196281084,False,True,True,True,True,False,False,False,MODEL_OUTPUT_GATE_B_WALK_GRAPH
WP_00966,45.74166668509642,9.386666643543034,097074,Santa Maria Hoè,0.4120740787377773,7.506787962316881,False,True,True,True,True,False,False,False,MODEL_OUTPUT_GATE_B_WALK_GRAPH
WP_00967,45.74166668509642,9.387499976873002,097074,Santa Maria Hoè,18.28021450516188,6.3044341151896095,False,True,True,True,True,False,False,False,MODEL_OUTPUT_GATE_B_WALK_GRAPH
WP_00968,45.74166668509642,9.388333310202972,097074,Santa Maria Hoè,0.2641814205042626,5.771478818208776,False,True,True,True,True,False,False,False,MODEL_OUTPUT_GATE_B_WALK_GRAPH
WP_00969,45.74166668509642,9.389166643532942,097074,Santa Maria Hoè,0.1125630146488509,6.093697939486218,False,True,True,True,True,False,False,False,MODEL_OUTPUT_GATE_B_WALK_GRAPH
WP_00970,45.74166668509642,9.38999997686291,097058,Olgiate Molgora,0.0174200176563458,6.624386243875231,False,True,True,True,True,False,False,False,MODEL_OUTPUT_GATE_B_WALK_GRAPH
WP_00971,45.74166668509642,9.39083331019288,097058,Olgiate Molgora,0.0442741960925919,8.502030410296268,False,False,True,True,True,True,False,False,MODEL_OUTPUT_GATE_B_WALK_GRAPH
WP_00972,45.74166668509642,9.391666643522848,097058,Olgiate Molgora,0.0492693103361579,8.622707368261837,False,False,True,True,True,True,False,False,MODEL_OUTPUT_GATE_B_WALK_GRAPH
WP_00973,45.74166668509642,9.392499976852818,097058,Olgiate Molgora,0.0688977049735581,10.973957638341528,False,False,False,True,True,True,True,False,MODEL_OUTPUT_GATE_B_WALK_GRAPH
WP_00974,45.74166668509642,9.393333310182786,097058,Olgiate Molgora,0.1433155249782408,10.45976875386748,False,False,False,True,True,True,True,False,MODEL_OUTPUT_GATE_B_WALK_GRAPH
WP_00975,45.74166668509642,9.394166643512756,097058,Olgiate Molgora,0.2410531869180182,10.849632222644242,False,False,False,True,True,True,True,False,MODEL_OUTPUT_GATE_B_WALK_GRAPH
WP_00976,45.74166668509642,9.394999976842726,097058,Olgiate Molgora,0.1775636707484101,10.187658679471989,False,False,False,True,True,True,True,False,MODEL_OUTPUT_GATE_B_WALK_GRAPH
WP_00977,45.74166668509642,9.395833310172694,097058,Olgiate Molgora,15.77886214217166,10.44545446231717,False,False,False,True,True,True,True,False,MODEL_OUTPUT_GATE_B_WALK_GRAPH
WP_00978,45.74166668509642,9.396666643502664,097058,Olgiate Molgora,15.833524858047436,12.460980464554092,False,False,False,False,True,True,True,True,MODEL_OUTPUT_GATE_B_WALK_GRAPH
WP_00979,45.74166668509642,9.397499976832632,097058,Olgiate Molgora,15.944277485260333,12.715270097346536,False,False,False,False,True,True,True,True,MODEL_OUTPUT_GATE_B_WALK_GRAPH
WP_00980,45.74166668509642,9.398333310162602,097058,Olgiate Molgora,0.1033169835768131,13.773045026709664,False,False,False,False,True,True,True,True,MODEL_OUTPUT_GATE_B_WALK_GRAPH
WP_00981,45.74166668509642,9.39916664349257,097058,Olgiate Molgora,0.0876847112246689,14.659734301135693,False,False,False,False,True,True,True,True,MODEL_OUTPUT_GATE_B_WALK_GRAPH
WP_00982,45.74166668509642,9.39999997682254,097058,Olgiate Molgora,0.0863013654259851,19.036867811799816,False,False,False,False,True,True,True,True,MODEL_OUTPUT_GATE_B_WALK_GRAPH
WP_00983,45.74166668509642,9.400833310152509,097058,Olgiate Molgora,0.050789213781047,18.603160759879135,False,False,False,False,True,True,True,True,MODEL_OUTPUT_GATE_B_WALK_GRAPH
WP_00984,45.74166668509642,9.401666643482478,097058,Olgiate Molgora,0.0139350929291275,22.50013950673043,False,False,False,False,True,True,True,True,MODEL_OUTPUT_GATE_B_WALK_GRAPH
WP_00985,45.74166668509642,9.402499976812448,097058,Olgiate Molgora,0.00886339806663,23.67344395988646,False,False,False,False,True,True,True,True,MODEL_OUTPUT_GATE_B_WALK_GRAPH
WP_00986,45.74166668509642,9.403333310142417,097058,Olgiate Molgora,0.0088561590477644,24.206837583593185,False,False,False,False,True,True,True,True,MODEL_OUTPUT_GATE_B_WALK_GRAPH
WP_00987,45.74166668509642,9.404166643472388,097058,Olgiate Molgora,0.0121026080244591,25.31482681891049,False,False,False,False,True,True,True,True,MODEL_OUTPUT_GATE_B_WALK_GRAPH
WP_00988,45.74166668509642,9.404999976802356,097058,Olgiate Molgora,0.0140368032587108,25.151748436752538,False,False,False,False,True,True,True,True,MODEL_OUTPUT_GATE_B_WALK_GRAPH
WP_00989,45.74166668509642,9.405833310132325,097058,Olgiate Molgora,0.0108813807611755,24.302270086947477,False,False,False,False,True,True,True,True,MODEL_OUTPUT_GATE_B_WALK_GRAPH
WP_00990,45.74166668509642,9.406666643462293,097058,Olgiate Molgora,0.0137669682329135,22.51391865822236,False,False,False,False,True,True,True,True,MODEL_OUTPUT_GATE_B_WALK_GRAPH
WP_00991,45.74166668509642,9.407499976792264,097058,Olgiate Molgora,0.0412185468389465,23.529707054880294,False,False,False,False,True,True,True,True,MODEL_OUTPUT_GATE_B_WALK_GRAPH
WP_00992,45.74166668509642,9.408333310122233,097058,Olgiate Molgora,0.0648890279459059,24.46592935009394,False,False,False,False,True,True,True,True,MODEL_OUTPUT_GATE_B_WALK_GRAPH
WP_00993,45.74166668509642,9.4091666434522,097058,Olgiate Molgora,0.0472285432112663,27.81103046140915,False,False,False,False,True,True,True,True,MODEL_OUTPUT_GATE_B_WALK_GRAPH
WP_00994,45.74166668509642,9.40999997678217,097058,Olgiate Molgora,0.0408074544127605,26.820064136202404,False,False,False,False,True,True,True,True,MODEL_OUTPUT_GATE_B_WALK_GRAPH
WP_00995,45.74166668509642,9.41083331011214,097058,Olgiate Molgora,0.038035790931468,24.89496434058464,False,False,False,False,True,True,True,True,MODEL_OUTPUT_GATE_B_WALK_GRAPH
WP_00996,45.74166668509642,9.411666643442109,097058,Olgiate Molgora,0.0332187230873923,21.03013987397244,False,False,False,False,True,True,True,True,MODEL_OUTPUT_GATE_B_WALK_GRAPH
WP_00997,45.74166668509642,9.412499976772075,097058,Olgiate Molgora,0.0319091354809297,21.603894203516123,False,False,False,False,True,True,True,True,MODEL_OUTPUT_GATE_B_WALK_GRAPH
WP_00998,45.74166668509642,9.413333310102049,097058,Olgiate Molgora,0.0307863208128286,20.5201360949167,False,False,False,False,True,True,True,True,MODEL_OUTPUT_GATE_B_WALK_GRAPH
WP_00999,45.74166668509642,9.414166643432017,097058,Olgiate Molgora,0.0298609767238714,21.26053804257983,False,False,False,False,True,True,True,True,MODEL_OUTPUT_GATE_B_WALK_GRAPH
WP_01000,45.74166668509642,9.414999976761983,097058,Olgiate Molgora,0.022541455261381,15.88916356602778,False,False,False,False,True,True,True,True,MODEL_OUTPUT_GATE_B_WALK_GRAPH
WP_01001,45.74166668509642,9.415833310091957,097058,Olgiate Molgora,0.0076174442308419,17.023647188578575,False,False,False,False,True,True,True,True,MODEL_OUTPUT_GATE_B_WALK_GRAPH
WP_01002,45.74166668509642,9.416666643421925,097058,Olgiate Molgora,0.0222987596611504,17.79540672595906,False,False,False,False,True,True,True,True,MODEL_OUTPUT_GATE_B_WALK_GRAPH
WP_01003,45.74166668509642,9.42166664340174,097010,Brivio,5.112826210264129,6.180188747522486,False,True,True,True,True,False,False,False,MODEL_OUTPUT_GATE_B_WALK_GRAPH
WP_01004,45.74166668509642,9.422499976731707,097010,Brivio,6.382219183183511,0.9292021557030246,True,True,True,True,False,False,False,False,MODEL_OUTPUT_GATE_B_WALK_GRAPH
WP_01005,45.74166668509642,9.424166643391644,097010,Brivio,4.629557851658774,9.653310615213735,False,False,True,True,True,True,False,False,MODEL_OUTPUT_GATE_B_WALK_GRAPH
WP_01006,45.74166668509642,9.424999976721615,097010,Brivio,4.611633609964986,4.86370283384774,True,True,True,True,False,False,False,False,MODEL_OUTPUT_GATE_B_WALK_GRAPH
WP_01007,45.74166668509642,9.425833310051583,097010,Brivio,0.2543643678780564,4.598892204166365,True,True,True,True,False,False,False,False,MODEL_OUTPUT_GATE_B_WALK_GRAPH
WP_01008,45.74166668509642,9.426666643381552,097010,Brivio,0.2628913521734862,8.043480926901635,False,False,True,True,True,True,False,False,MODEL_OUTPUT_GATE_B_WALK_GRAPH
WP_01009,45.74166668509642,9.427499976711523,097010,Brivio,8.71138411147578,8.414096778623765,False,False,True,True,True,True,False,False,MODEL_OUTPUT_GATE_B_WALK_GRAPH
WP_01010,45.74166668509642,9.428333310041491,097010,Brivio,0.1640041644048028,8.413439532806155,False,False,True,True,True,True,False,False,MODEL_OUTPUT_GATE_B_WALK_GRAPH
WP_01011,45.74166668509642,9.42916664337146,097010,Brivio,0.0164472538443028,8.97558643945859,False,False,True,True,True,True,False,False,MODEL_OUTPUT_GATE_B_WALK_GRAPH
WP_01012,45.74166668509642,9.42999997670143,097010,Brivio,0.0192271024125937,9.945139745008264,False,False,True,True,True,True,False,False,MODEL_OUTPUT_GATE_B_WALK_GRAPH
WP_01013,45.74166668509642,9.4308333100314,097010,Brivio,0.0231079518332017,8.931614106082169,False,False,True,True,True,True,False,False,MODEL_OUTPUT_GATE_B_WALK_GRAPH
WP_01014,45.74166668509642,9.431666643361368,097010,Brivio,0.1340332541691926,9.030326857069298,False,False,True,True,True,True,False,False,MODEL_OUTPUT_GATE_B_WALK_GRAPH
WP_01015,45.74166668509642,9.432499976691338,097010,Brivio,0.0325101820307363,9.82011066985052,False,False,True,True,True,True,False,False,MODEL_OUTPUT_GATE_B_WALK_GRAPH
WP_01016,45.74166668509642,9.433333310021307,097010,Brivio,0.0057876174946497,8.841880277111446,False,False,True,True,True,True,False,False,MODEL_OUTPUT_GATE_B_WALK_GRAPH
WP_01017,45.74166668509642,9.434166643351276,097010,Brivio,0.0112140151950359,8.352548098445979,False,False,True,True,True,True,False,False,MODEL_OUTPUT_GATE_B_WALK_GRAPH
WP_01018,45.74166668509642,9.434999976681246,097010,Brivio,0.012169803503674,8.370615044255945,False,False,True,True,True,True,False,False,MODEL_OUTPUT_GATE_B_WALK_GRAPH
WP_01019,45.74166668509642,9.435833310011214,097010,Brivio,0.0290352133971896,8.91658773220785,False,False,True,True,True,True,False,False,MODEL_OUTPUT_GATE_B_WALK_GRAPH
WP_01020,45.74166668509642,9.436666643341184,097010,Brivio,0.2575469340201787,4.181064184781308,True,True,True,True,False,False,False,False,MODEL_OUTPUT_GATE_B_WALK_GRAPH
WP_01021,45.74166668509642,9.437499976671152,097010,Brivio,0.2624528719251546,3.6173966548564014,True,True,True,True,False,False,False,False,MODEL_OUTPUT_GATE_B_WALK_GRAPH
WP_01022,45.74166668509642,9.438333310001122,097010,Brivio,4.279719209937992,1.7077153082014425,True,True,True,True,False,False,False,False,MODEL_OUTPUT_GATE_B_WALK_GRAPH
WP_01023,45.74166668509642,9.439166643331092,097010,Brivio,7.309908222240472,3.5369421531258878,True,True,True,True,False,False,False,False,MODEL_OUTPUT_GATE_B_WALK_GRAPH
WP_01024,45.74166668509642,9.43999997666106,097010,Brivio,16.83988687904342,2.874062918096601,True,True,True,True,False,False,False,False,MODEL_OUTPUT_GATE_B_WALK_GRAPH
WP_01025,45.74166668509642,9.44083330999103,097010,Brivio,16.451959679682002,2.8706984377582394,True,True,True,True,False,False,False,False,MODEL_OUTPUT_GATE_B_WALK_GRAPH
WP_01026,45.74166668509642,9.441666643320998,097010,Brivio,16.459430106429316,3.5092793246681704,True,True,True,True,False,False,False,False,MODEL_OUTPUT_GATE_B_WALK_GRAPH
WP_01027,45.74166668509642,9.442499976650968,097010,Brivio,16.867438941233214,4.33414716698582,True,True,True,True,False,False,False,False,MODEL_OUTPUT_GATE_B_WALK_GRAPH
WP_01028,45.74166668509642,9.443333309980936,097010,Brivio,16.134411422584982,5.374457115922804,False,True,True,True,True,False,False,False,MODEL_OUTPUT_GATE_B_WALK_GRAPH
WP_01029,45.74166668509642,9.444166643310906,097010,Brivio,14.994983286002062,2.9186702871616226,True,True,True,True,False,False,False,False,MODEL_OUTPUT_GATE_B_WALK_GRAPH
WP_01030,45.74166668509642,9.444999976640874,097010,Brivio,15.338293815547337,1.587676399028207,True,True,True,True,False,False,False,False,MODEL_OUTPUT_GATE_B_WALK_GRAPH
WP_01031,45.74166668509642,9.445833309970844,097010,Brivio,11.210948695704792,0.8741136141122898,True,True,True,True,False,False,False,False,MODEL_OUTPUT_GATE_B_WALK_GRAPH
WP_01032,45.74166668509642,9.446666643300814,097010,Brivio,41.75240639071974,1.926969955729838,True,True,True,True,False,False,False,False,MODEL_OUTPUT_GATE_B_WALK_GRAPH
WP_01033,45.74166668509642,9.447499976630782,097010,Brivio,47.22201681036788,2.431415588840904,True,True,True,True,False,False,False,False,MODEL_OUTPUT_GATE_B_WALK_GRAPH
WP_01034,45.74166668509642,9.448333309960752,097010,Brivio,44.08308226469962,3.1879498566168816,True,True,True,True,False,False,False,False,MODEL_OUTPUT_GATE_B_WALK_GRAPH
WP_01035,45.74166668509642,9.44916664329072,097010,Brivio,16.27054406242842,3.78305621358211,True,True,True,True,False,False,False,False,MODEL_OUTPUT_GATE_B_WALK_GRAPH
WP_01036,45.74166668509642,9.451666643280628,097010,Brivio,4.918019593676172,7.02728552806243,False,True,True,True,True,False,False,False,MODEL_OUTPUT_GATE_B_WALK_GRAPH
WP_01037,45.74083335176644,9.342499977054668,097092,La Valletta Brianza,0.1300526670837546,24.220501854718087,False,False,False,False,True,True,True,True,MODEL_OUTPUT_GATE_B_WALK_GRAPH
WP_01038,45.74083335176644,9.343333310384637,097092,La Valletta Brianza,0.1536601234403717,23.43663767131634,False,False,False,False,True,True,True,True,MODEL_OUTPUT_GATE_B_WALK_GRAPH
WP_01039,45.74083335176644,9.344166643714606,097092,La Valletta Brianza,0.2729038761822054,19.783416615896986,False,False,False,False,True,True,True,True,MODEL_OUTPUT_GATE_B_WALK_GRAPH
WP_01040,45.74083335176644,9.344999977044576,097092,La Valletta Brianza,0.2640197468569655,19.07296669240537,False,False,False,False,True,True,True,True,MODEL_OUTPUT_GATE_B_WALK_GRAPH
WP_01041,45.74083335176644,9.345833310374545,097092,La Valletta Brianza,0.261886574268342,18.01582481871788,False,False,False,False,True,True,True,True,MODEL_OUTPUT_GATE_B_WALK_GRAPH
WP_01042,45.74083335176644,9.346666643704514,097092,La Valletta Brianza,0.2876217059820616,17.224024648400874,False,False,False,False,True,True,True,True,MODEL_OUTPUT_GATE_B_WALK_GRAPH
WP_01043,45.74083335176644,9.347499977034484,097092,La Valletta Brianza,7.759638237442372,17.36863715829327,False,False,False,False,True,True,True,True,MODEL_OUTPUT_GATE_B_WALK_GRAPH
WP_01044,45.74083335176644,9.348333310364453,097092,La Valletta Brianza,4.071181339670381,18.05541578145516,False,False,False,False,True,True,True,True,MODEL_OUTPUT_GATE_B_WALK_GRAPH
WP_01045,45.74083335176644,9.34916664369442,097092,La Valletta Brianza,0.1927120037740761,18.841877473006555,False,False,False,False,True,True,True,True,MODEL_OUTPUT_GATE_B_WALK_GRAPH
WP_01046,45.74083335176644,9.34999997702439,097092,La Valletta Brianza,0.1095185812659161,16.78331011637985,False,False,False,False,True,True,True,True,MODEL_OUTPUT_GATE_B_WALK_GRAPH
WP_01047,45.74083335176644,9.35083331035436,097092,La Valletta Brianza,0.1496788666090306,16.286954366345903,False,False,False,False,True,True,True,True,MODEL_OUTPUT_GATE_B_WALK_GRAPH
WP_01048,45.74083335176644,9.351666643684329,097092,La Valletta Brianza,0.1020147162974443,16.294396805245693,False,False,False,False,True,True,True,True,MODEL_OUTPUT_GATE_B_WALK_GRAPH
WP_01049,45.74083335176644,9.3524999770143,097092,La Valletta Brianza,0.1224814438931435,13.381499946742904,False,False,False,False,True,True,True,True,MODEL_OUTPUT_GATE_B_WALK_GRAPH
WP_01050,45.74083335176644,9.353333310344269,097092,La Valletta Brianza,0.1454920873463653,12.204297321192303,False,False,False,False,True,True,True,True,MODEL_OUTPUT_GATE_B_WALK_GRAPH
WP_01051,45.74083335176644,9.354166643674237,097092,La Valletta Brianza,0.2350858295855925,11.052490323349865,False,False,False,True,True,True,True,False,MODEL_OUTPUT_GATE_B_WALK_GRAPH
WP_01052,45.74083335176644,9.354999977004203,097092,La Valletta Brianza,0.2581756276891923,7.8924962960366845,False,True,True,True,True,False,False,False,MODEL_OUTPUT_GATE_B_WALK_GRAPH
WP_01053,45.74083335176644,9.355833310334177,097092,La Valletta Brianza,0.3218786432576874,7.42822327323608,False,True,True,True,True,False,False,False,MODEL_OUTPUT_GATE_B_WALK_GRAPH
WP_01054,45.74083335176644,9.356666643664145,097092,La Valletta Brianza,4.640821084937745,8.051649142029909,False,False,True,True,True,True,False,False,MODEL_OUTPUT_GATE_B_WALK_GRAPH
WP_01055,45.74083335176644,9.357499976994111,097092,La Valletta Brianza,3.368307565655034,6.871821465380897,False,True,True,True,True,False,False,False,MODEL_OUTPUT_GATE_B_WALK_GRAPH
WP_01056,45.74083335176644,9.358333310324085,097092,La Valletta Brianza,14.486519457912197,6.1005940129617,False,True,True,True,True,False,False,False,MODEL_OUTPUT_GATE_B_WALK_GRAPH
WP_01057,45.74083335176644,9.359166643654053,097092,La Valletta Brianza,6.7116282536883,5.620792226037196,False,True,True,True,True,False,False,False,MODEL_OUTPUT_GATE_B_WALK_GRAPH
WP_01058,45.74083335176644,9.35999997698402,097092,La Valletta Brianza,0.4665745779411934,5.610726412164655,False,True,True,True,True,False,False,False,MODEL_OUTPUT_GATE_B_WALK_GRAPH
WP_01059,45.74083335176644,9.36083331031399,097092,La Valletta Brianza,6.597008152463763,4.850841454524478,True,True,True,True,False,False,False,False,MODEL_OUTPUT_GATE_B_WALK_GRAPH
WP_01060,45.74083335176644,9.36166664364396,097092,La Valletta Brianza,18.927220039421798,3.166016314813481,True,True,True,True,False,False,False,False,MODEL_OUTPUT_GATE_B_WALK_GRAPH
WP_01061,45.74083335176644,9.362499976973927,097092,La Valletta Brianza,22.113204642310457,3.2234580168890465,True,True,True,True,False,False,False,False,MODEL_OUTPUT_GATE_B_WALK_GRAPH
WP_01062,45.74083335176644,9.363333310303895,097092,La Valletta Brianza,22.322513775080157,3.27879179110193,True,True,True,True,False,False,False,False,MODEL_OUTPUT_GATE_B_WALK_GRAPH
WP_01063,45.74083335176644,9.364166643633869,097092,La Valletta Brianza,19.385247724684664,2.6463203170503555,True,True,True,True,False,False,False,False,MODEL_OUTPUT_GATE_B_WALK_GRAPH
WP_01064,45.74083335176644,9.364999976963835,097092,La Valletta Brianza,13.579722028455116,2.0955879421826435,True,True,True,True,False,False,False,False,MODEL_OUTPUT_GATE_B_WALK_GRAPH
WP_01065,45.74083335176644,9.365833310293803,097092,La Valletta Brianza,19.28405611256422,2.8835675141535795,True,True,True,True,False,False,False,False,MODEL_OUTPUT_GATE_B_WALK_GRAPH
WP_01066,45.74083335176644,9.366666643623772,097092,La Valletta Brianza,19.89783339018005,3.901483752729337,True,True,True,True,False,False,False,False,MODEL_OUTPUT_GATE_B_WALK_GRAPH
WP_01067,45.74083335176644,9.367499976953743,097092,La Valletta Brianza,5.882716587453129,4.317010620597996,True,True,True,True,False,False,False,False,MODEL_OUTPUT_GATE_B_WALK_GRAPH
WP_01068,45.74083335176644,9.368333310283711,097092,La Valletta Brianza,0.0966341467223071,4.902790996114615,True,True,True,True,False,False,False,False,MODEL_OUTPUT_GATE_B_WALK_GRAPH
WP_01069,45.74083335176644,9.36916664361368,097092,La Valletta Brianza,0.0814628158851884,5.831563717822849,False,True,True,True,True,False,False,False,MODEL_OUTPUT_GATE_B_WALK_GRAPH
WP_01070,45.74083335176644,9.369999976943651,097092,La Valletta Brianza,0.0965131733568308,6.038611405824587,False,True,True,True,True,False,False,False,MODEL_OUTPUT_GATE_B_WALK_GRAPH
WP_01071,45.74083335176644,9.37083331027362,097092,La Valletta Brianza,0.0964554387170547,8.514630456547897,False,False,True,True,True,True,False,False,MODEL_OUTPUT_GATE_B_WALK_GRAPH
WP_01072,45.74083335176644,9.37166664360359,097092,La Valletta Brianza,0.0556461990239373,7.79987516594373,False,True,True,True,True,False,False,False,MODEL_OUTPUT_GATE_B_WALK_GRAPH
WP_01073,45.74083335176644,9.372499976933558,097092,La Valletta Brianza,0.0818465733679309,7.792199279707143,False,True,True,True,True,False,False,False,MODEL_OUTPUT_GATE_B_WALK_GRAPH
WP_01074,45.74083335176644,9.373333310263527,097092,La Valletta Brianza,0.1400530908367095,6.814698742986061,False,True,True,True,True,False,False,False,MODEL_OUTPUT_GATE_B_WALK_GRAPH
WP_01075,45.74083335176644,9.374166643593496,097092,La Valletta Brianza,9.287552091315831,4.992984770955621,True,True,True,True,False,False,False,False,MODEL_OUTPUT_GATE_B_WALK_GRAPH
WP_01076,45.74083335176644,9.376666643583404,097074,Santa Maria Hoè,0.1286228488919682,5.352186814334809,False,True,True,True,True,False,False,False,MODEL_OUTPUT_GATE_B_WALK_GRAPH
WP_01077,45.74083335176644,9.377499976913374,097074,Santa Maria Hoè,0.2220682789141783,4.231525554561785,True,True,True,True,False,False,False,False,MODEL_OUTPUT_GATE_B_WALK_GRAPH
WP_01078,45.74083335176644,9.378333310243342,097074,Santa Maria Hoè,6.164182132087338,2.9612581874687027,True,True,True,True,False,False,False,False,MODEL_OUTPUT_GATE_B_WALK_GRAPH
WP_01079,45.74083335176644,9.379166643573312,097074,Santa Maria Hoè,9.3284864519628,2.4221738298456064,True,True,True,True,False,False,False,False,MODEL_OUTPUT_GATE_B_WALK_GRAPH
WP_01080,45.74083335176644,9.37999997690328,097074,Santa Maria Hoè,8.863695471320124,1.415102407911088,True,True,True,True,False,False,False,False,MODEL_OUTPUT_GATE_B_WALK_GRAPH
WP_01081,45.74083335176644,9.38083331023325,097074,Santa Maria Hoè,10.64364818284497,1.5981019316601373,True,True,True,True,False,False,False,False,MODEL_OUTPUT_GATE_B_WALK_GRAPH
WP_01082,45.74083335176644,9.381666643563218,097074,Santa Maria Hoè,10.824190245698798,0.9555444028232486,True,True,True,True,False,False,False,False,MODEL_OUTPUT_GATE_B_WALK_GRAPH
WP_01083,45.74083335176644,9.382499976893188,097074,Santa Maria Hoè,10.453567078310613,5.687038731201775,False,True,True,True,True,False,False,False,MODEL_OUTPUT_GATE_B_WALK_GRAPH
WP_01084,45.74083335176644,9.383333310223158,097074,Santa Maria Hoè,11.217484122535517,3.493887796355364,True,True,True,True,False,False,False,False,MODEL_OUTPUT_GATE_B_WALK_GRAPH
WP_01085,45.74083335176644,9.384166643553126,097074,Santa Maria Hoè,6.162220071252645,3.833401306868637,True,True,True,True,False,False,False,False,MODEL_OUTPUT_GATE_B_WALK_GRAPH
WP_01086,45.74083335176644,9.384999976883096,097074,Santa Maria Hoè,0.2776652222308541,4.627357913964713,True,True,True,True,False,False,False,False,MODEL_OUTPUT_GATE_B_WALK_GRAPH
WP_01087,45.74083335176644,9.385833310213064,097074,Santa Maria Hoè,0.2203348288172535,8.22178903818373,False,False,True,True,True,True,False,False,MODEL_OUTPUT_GATE_B_WALK_GRAPH
WP_01088,45.74083335176644,9.386666643543034,097074,Santa Maria Hoè,0.1652571956500604,7.434297882263583,False,True,True,True,True,False,False,False,MODEL_OUTPUT_GATE_B_WALK_GRAPH
WP_01089,45.74083335176644,9.387499976873002,097074,Santa Maria Hoè,18.048854511348985,7.050575405194176,False,True,True,True,True,False,False,False,MODEL_OUTPUT_GATE_B_WALK_GRAPH
WP_01090,45.74083335176644,9.388333310202972,097074,Santa Maria Hoè,17.644523882122737,4.994768540356145,True,True,True,True,False,False,False,False,MODEL_OUTPUT_GATE_B_WALK_GRAPH
WP_01091,45.74083335176644,9.389166643532942,097074,Santa Maria Hoè,0.1123657219134661,5.353002795333763,False,True,True,True,True,False,False,False,MODEL_OUTPUT_GATE_B_WALK_GRAPH
WP_01092,45.74083335176644,9.38999997686291,097058,Olgiate Molgora,0.0447095190980543,7.46681626855387,False,True,True,True,True,False,False,False,MODEL_OUTPUT_GATE_B_WALK_GRAPH
WP_01093,45.74083335176644,9.39083331019288,097058,Olgiate Molgora,0.115600339072318,7.356284076981152,False,True,True,True,True,False,False,False,MODEL_OUTPUT_GATE_B_WALK_GRAPH
WP_01094,45.74083335176644,9.391666643522848,097058,Olgiate Molgora,0.1289410142265278,7.544623830467916,False,True,True,True,True,False,False,False,MODEL_OUTPUT_GATE_B_WALK_GRAPH
WP_01095,45.74083335176644,9.392499976852818,097058,Olgiate Molgora,0.1293568137617552,8.727590421164113,False,False,True,True,True,True,False,False,MODEL_OUTPUT_GATE_B_WALK_GRAPH
WP_01096,45.74083335176644,9.393333310182786,097058,Olgiate Molgora,0.1151227660857803,8.98632394364252,False,False,True,True,True,True,False,False,MODEL_OUTPUT_GATE_B_WALK_GRAPH
WP_01097,45.74083335176644,9.394166643512756,097058,Olgiate Molgora,0.1375255602116032,8.770908385569,False,False,True,True,True,True,False,False,MODEL_OUTPUT_GATE_B_WALK_GRAPH
WP_01098,45.74083335176644,9.394999976842726,097058,Olgiate Molgora,16.910797598945628,9.727835523462891,False,False,True,True,True,True,False,False,MODEL_OUTPUT_GATE_B_WALK_GRAPH
WP_01099,45.74083335176644,9.395833310172694,097058,Olgiate Molgora,16.48243184774359,10.045472079276353,False,False,False,True,True,True,True,False,MODEL_OUTPUT_GATE_B_WALK_GRAPH
WP_01100,45.74083335176644,9.396666643502664,097058,Olgiate Molgora,16.173568298040575,11.244724801835204,False,False,False,True,True,True,True,False,MODEL_OUTPUT_GATE_B_WALK_GRAPH
WP_01101,45.74083335176644,9.397499976832632,097058,Olgiate Molgora,15.771449386853291,11.770287604602824,False,False,False,True,True,True,True,False,MODEL_OUTPUT_GATE_B_WALK_GRAPH
WP_01102,45.74083335176644,9.398333310162602,097058,Olgiate Molgora,15.908475213891572,15.013991742476009,False,False,False,False,True,True,True,True,MODEL_OUTPUT_GATE_B_WALK_GRAPH
WP_01103,45.74083335176644,9.39916664349257,097058,Olgiate Molgora,15.997733298377897,15.208884264306668,False,False,False,False,True,True,True,True,MODEL_OUTPUT_GATE_B_WALK_GRAPH
WP_01104,45.74083335176644,9.39999997682254,097058,Olgiate Molgora,16.03166590603542,16.785156358545418,False,False,False,False,True,True,True,True,MODEL_OUTPUT_GATE_B_WALK_GRAPH
WP_01105,45.74083335176644,9.400833310152509,097058,Olgiate Molgora,9.409539216379272,16.406982489250193,False,False,False,False,True,True,True,True,MODEL_OUTPUT_GATE_B_WALK_GRAPH
WP_01106,45.74083335176644,9.401666643482478,097058,Olgiate Molgora,0.0190570122773537,15.875058871924963,False,False,False,False,True,True,True,True,MODEL_OUTPUT_GATE_B_WALK_GRAPH
WP_01107,45.74083335176644,9.402499976812448,097058,Olgiate Molgora,0.0117324168822852,21.13204018989849,False,False,False,False,True,True,True,True,MODEL_OUTPUT_GATE_B_WALK_GRAPH
WP_01108,45.74083335176644,9.403333310142417,097058,Olgiate Molgora,0.0143735114103989,22.243650986849477,False,False,False,False,True,True,True,True,MODEL_OUTPUT_GATE_B_WALK_GRAPH
WP_01109,45.74083335176644,9.404166643472388,097058,Olgiate Molgora,0.0403254721889254,22.899870007239805,False,False,False,False,True,True,True,True,MODEL_OUTPUT_GATE_B_WALK_GRAPH
WP_01110,45.74083335176644,9.404999976802356,097058,Olgiate Molgora,0.0398686509338881,23.94424712232395,False,False,False,False,True,True,True,True,MODEL_OUTPUT_GATE_B_WALK_GRAPH
WP_01111,45.74083335176644,9.405833310132325,097058,Olgiate Molgora,0.0385133859825793,25.29909885896388,False,False,False,False,True,True,True,True,MODEL_OUTPUT_GATE_B_WALK_GRAPH
WP_01112,45.74083335176644,9.406666643462293,097058,Olgiate Molgora,0.0455076682748838,21.443051510453483,False,False,False,False,True,True,True,True,MODEL_OUTPUT_GATE_B_WALK_GRAPH
WP_01113,45.74083335176644,9.407499976792264,097058,Olgiate Molgora,0.0622140661359823,20.01882255793752,False,False,False,False,True,True,True,True,MODEL_OUTPUT_GATE_B_WALK_GRAPH
WP_01114,45.74083335176644,9.408333310122233,097058,Olgiate Molgora,0.1023327050116862,26.00977177022848,False,False,False,False,True,True,True,True,MODEL_OUTPUT_GATE_B_WALK_GRAPH
WP_01115,45.74083335176644,9.4091666434522,097058,Olgiate Molgora,0.1170384932719023,27.776578046549822,False,False,False,False,True,True,True,True,MODEL_OUTPUT_GATE_B_WALK_GRAPH
WP_01116,45.74083335176644,9.40999997678217,097058,Olgiate Molgora,0.1150456504009382,27.693230377211812,False,False,False,False,True,True,True,True,MODEL_OUTPUT_GATE_B_WALK_GRAPH
WP_01117,45.74083335176644,9.41083331011214,097058,Olgiate Molgora,0.107531228882132,20.94761423680494,False,False,False,False,True,True,True,True,MODEL_OUTPUT_GATE_B_WALK_GRAPH
WP_01118,45.74083335176644,9.411666643442109,097058,Olgiate Molgora,0.1039942409547157,18.74650192158848,False,False,False,False,True,True,True,True,MODEL_OUTPUT_GATE_B_WALK_GRAPH
WP_01119,45.74083335176644,9.412499976772075,097058,Olgiate Molgora,0.1037463160505345,16.23888562521658,False,False,False,False,True,True,True,True,MODEL_OUTPUT_GATE_B_WALK_GRAPH
WP_01120,45.74083335176644,9.413333310102049,097058,Olgiate Molgora,0.1034950152665876,13.475586864269747,False,False,False,False,True,True,True,True,MODEL_OUTPUT_GATE_B_WALK_GRAPH
WP_01121,45.74083335176644,9.414166643432017,097058,Olgiate Molgora,0.1030125145252722,13.054580991030647,False,False,False,False,True,True,True,True,MODEL_OUTPUT_GATE_B_WALK_GRAPH
WP_01122,45.74083335176644,9.414999976761983,097058,Olgiate Molgora,0.072048702604723,13.80545630523332,False,False,False,False,True,True,True,True,MODEL_OUTPUT_GATE_B_WALK_GRAPH
WP_01123,45.74083335176644,9.415833310091957,097058,Olgiate Molgora,0.0322024251484972,14.52368343177538,False,False,False,False,True,True,True,True,MODEL_OUTPUT_GATE_B_WALK_GRAPH
WP_01124,45.74083335176644,9.416666643421925,097058,Olgiate Molgora,0.0720112369586968,15.628499106571963,False,False,False,False,True,True,True,True,MODEL_OUTPUT_GATE_B_WALK_GRAPH
WP_01125,45.74083335176644,9.417499976751891,097058,Olgiate Molgora,0.0917578462267565,15.432422122456568,False,False,False,False,True,True,True,True,MODEL_OUTPUT_GATE_B_WALK_GRAPH
WP_01126,45.74083335176644,9.41833331008186,097058,Olgiate Molgora,0.1087244295401175,15.717345403793866,False,False,False,False,True,True,True,True,MODEL_OUTPUT_GATE_B_WALK_GRAPH
WP_01127,45.74083335176644,9.419166643411833,097058,Olgiate Molgora,0.1970737992711454,16.395612673810763,False,False,False,False,True,True,True,True,MODEL_OUTPUT_GATE_B_WALK_GRAPH
WP_01128,45.74083335176644,9.4199999767418,097010,Brivio,3.908533191524085,4.406458161414722,True,True,True,True,False,False,False,False,MODEL_OUTPUT_GATE_B_WALK_GRAPH
WP_01129,45.74083335176644,9.42083331007177,097010,Brivio,6.248761095537636,3.871046443229411,True,True,True,True,False,False,False,False,MODEL_OUTPUT_GATE_B_WALK_GRAPH
WP_01130,45.74083335176644,9.42166664340174,097010,Brivio,6.779419568524664,3.3854390586226115,True,True,True,True,False,False,False,False,MODEL_OUTPUT_GATE_B_WALK_GRAPH
WP_01131,45.74083335176644,9.422499976731707,097010,Brivio,6.118939328897451,0.8527505685966988,True,True,True,True,False,False,False,False,MODEL_OUTPUT_GATE_B_WALK_GRAPH
WP_01132,45.74083335176644,9.423333310061675,097010,Brivio,6.2994754525506815,1.0089259135380133,True,True,True,True,False,False,False,False,MODEL_OUTPUT_GATE_B_WALK_GRAPH
WP_01133,45.74083335176644,9.424166643391644,097010,Brivio,6.399906731668725,1.2752491515894355,True,True,True,True,False,False,False,False,MODEL_OUTPUT_GATE_B_WALK_GRAPH
WP_01134,45.74083335176644,9.424999976721615,097010,Brivio,6.178175452012329,3.23204878630183,True,True,True,True,False,False,False,False,MODEL_OUTPUT_GATE_B_WALK_GRAPH
WP_01135,45.74083335176644,9.425833310051583,097010,Brivio,16.789349636640214,7.403843137923619,False,True,True,True,True,False,False,False,MODEL_OUTPUT_GATE_B_WALK_GRAPH
WP_01136,45.74083335176644,9.426666643381552,097010,Brivio,15.832619475721712,6.15612394420978,False,True,True,True,True,False,False,False,MODEL_OUTPUT_GATE_B_WALK_GRAPH
WP_01137,45.74083335176644,9.427499976711523,097010,Brivio,14.785932926054322,7.042607996303401,False,True,True,True,True,False,False,False,MODEL_OUTPUT_GATE_B_WALK_GRAPH
WP_01138,45.74083335176644,9.428333310041491,097010,Brivio,0.1706567152989664,8.043622558921278,False,False,True,True,True,True,False,False,MODEL_OUTPUT_GATE_B_WALK_GRAPH
WP_01139,45.74083335176644,9.42916664337146,097010,Brivio,0.0249294544497249,8.53779774178555,False,False,True,True,True,True,False,False,MODEL_OUTPUT_GATE_B_WALK_GRAPH
WP_01140,45.74083335176644,9.42999997670143,097010,Brivio,0.2161718516620805,8.623737102084453,False,False,True,True,True,True,False,False,MODEL_OUTPUT_GATE_B_WALK_GRAPH
WP_01141,45.74083335176644,9.4308333100314,097010,Brivio,0.0323219185982908,8.104754156276979,False,False,True,True,True,True,False,False,MODEL_OUTPUT_GATE_B_WALK_GRAPH
WP_01142,45.74083335176644,9.431666643361368,097010,Brivio,9.389301020998984,7.729826478830769,False,True,True,True,True,False,False,False,MODEL_OUTPUT_GATE_B_WALK_GRAPH
WP_01143,45.74083335176644,9.432499976691338,097010,Brivio,0.0410545845803983,8.506012000547697,False,False,True,True,True,True,False,False,MODEL_OUTPUT_GATE_B_WALK_GRAPH
WP_01144,45.74083335176644,9.433333310021307,097010,Brivio,0.0051574264180726,8.577273081278378,False,False,True,True,True,True,False,False,MODEL_OUTPUT_GATE_B_WALK_GRAPH
WP_01145,45.74083335176644,9.434166643351276,097010,Brivio,0.0165270418608942,7.845808319754539,False,True,True,True,True,False,False,False,MODEL_OUTPUT_GATE_B_WALK_GRAPH
WP_01146,45.74083335176644,9.434999976681246,097010,Brivio,0.0159051522400586,7.285408867322699,False,True,True,True,True,False,False,False,MODEL_OUTPUT_GATE_B_WALK_GRAPH
WP_01147,45.74083335176644,9.435833310011214,097010,Brivio,0.0772020216988099,7.451599717056367,False,True,True,True,True,False,False,False,MODEL_OUTPUT_GATE_B_WALK_GRAPH
WP_01148,45.74083335176644,9.436666643341184,097010,Brivio,0.3115144547751216,4.142834638875151,True,True,True,True,False,False,False,False,MODEL_OUTPUT_GATE_B_WALK_GRAPH
WP_01149,45.74083335176644,9.437499976671152,097010,Brivio,7.46966235794366,3.443856866096699,True,True,True,True,False,False,False,False,MODEL_OUTPUT_GATE_B_WALK_GRAPH
WP_01150,45.74083335176644,9.438333310001122,097010,Brivio,7.456297297591047,2.731523008587535,True,True,True,True,False,False,False,False,MODEL_OUTPUT_GATE_B_WALK_GRAPH
WP_01151,45.74083335176644,9.439166643331092,097010,Brivio,8.401984747617771,4.353678813579106,True,True,True,True,False,False,False,False,MODEL_OUTPUT_GATE_B_WALK_GRAPH
WP_01152,45.74083335176644,9.43999997666106,097010,Brivio,8.193351843157753,4.596019509530854,True,True,True,True,False,False,False,False,MODEL_OUTPUT_GATE_B_WALK_GRAPH
WP_01153,45.74083335176644,9.44083330999103,097010,Brivio,6.94466547302267,5.059074196152513,False,True,True,True,True,False,False,False,MODEL_OUTPUT_GATE_B_WALK_GRAPH
WP_01154,45.74083335176644,9.441666643320998,097010,Brivio,6.856114652847984,4.644064183829621,True,True,True,True,False,False,False,False,MODEL_OUTPUT_GATE_B_WALK_GRAPH
WP_01155,45.74083335176644,9.442499976650968,097010,Brivio,17.17368104465494,4.165290094658068,True,True,True,True,False,False,False,False,MODEL_OUTPUT_GATE_B_WALK_GRAPH
WP_01156,45.74083335176644,9.443333309980936,097010,Brivio,16.22700386035538,3.9692050481329018,True,True,True,True,False,False,False,False,MODEL_OUTPUT_GATE_B_WALK_GRAPH
WP_01157,45.74083335176644,9.444166643310906,097010,Brivio,16.72433195766865,2.787576462043103,True,True,True,True,False,False,False,False,MODEL_OUTPUT_GATE_B_WALK_GRAPH
WP_01158,45.74083335176644,9.444999976640874,097010,Brivio,16.55607064654087,1.3748717525550669,True,True,True,True,False,False,False,False,MODEL_OUTPUT_GATE_B_WALK_GRAPH
WP_01159,45.74083335176644,9.445833309970844,097010,Brivio,16.753623552822827,0.8588592102231696,True,True,True,True,False,False,False,False,MODEL_OUTPUT_GATE_B_WALK_GRAPH
WP_01160,45.74083335176644,9.446666643300814,097010,Brivio,11.97790278131071,1.6380056648615813,True,True,True,True,False,False,False,False,MODEL_OUTPUT_GATE_B_WALK_GRAPH
WP_01161,45.74083335176644,9.447499976630782,097010,Brivio,45.86672446756575,2.7175099859095377,True,True,True,True,False,False,False,False,MODEL_OUTPUT_GATE_B_WALK_GRAPH
WP_01162,45.74083335176644,9.448333309960752,097010,Brivio,44.18716891376309,3.8242971499721103,True,True,True,True,False,False,False,False,MODEL_OUTPUT_GATE_B_WALK_GRAPH
WP_01163,45.74000001843645,9.344166643714606,097092,La Valletta Brianza,0.1373956797678119,21.870149673312014,False,False,False,False,True,True,True,True,MODEL_OUTPUT_GATE_B_WALK_GRAPH
WP_01164,45.74000001843645,9.344999977044576,097092,La Valletta Brianza,0.1366639859144567,21.68685758810519,False,False,False,False,True,True,True,True,MODEL_OUTPUT_GATE_B_WALK_GRAPH
WP_01165,45.74000001843645,9.345833310374545,097092,La Valletta Brianza,0.1928364660308793,19.526959933434192,False,False,False,False,True,True,True,True,MODEL_OUTPUT_GATE_B_WALK_GRAPH
WP_01166,45.74000001843645,9.346666643704514,097092,La Valletta Brianza,0.2205786767284117,19.08419252743124,False,False,False,False,True,True,True,True,MODEL_OUTPUT_GATE_B_WALK_GRAPH
WP_01167,45.74000001843645,9.347499977034484,097092,La Valletta Brianza,0.2852479438343573,16.142827203398916,False,False,False,False,True,True,True,True,MODEL_OUTPUT_GATE_B_WALK_GRAPH
WP_01168,45.74000001843645,9.348333310364453,097092,La Valletta Brianza,0.2822472505347507,15.22573407226423,False,False,False,False,True,True,True,True,MODEL_OUTPUT_GATE_B_WALK_GRAPH
WP_01169,45.74000001843645,9.34916664369442,097092,La Valletta Brianza,0.2601678463264499,14.909576839174694,False,False,False,False,True,True,True,True,MODEL_OUTPUT_GATE_B_WALK_GRAPH
WP_01170,45.74000001843645,9.34999997702439,097092,La Valletta Brianza,0.2079819146407874,15.10223656849745,False,False,False,False,True,True,True,True,MODEL_OUTPUT_GATE_B_WALK_GRAPH
WP_01171,45.74000001843645,9.35083331035436,097092,La Valletta Brianza,0.2514078365378435,15.121788446974744,False,False,False,False,True,True,True,True,MODEL_OUTPUT_GATE_B_WALK_GRAPH
WP_01172,45.74000001843645,9.351666643684329,097092,La Valletta Brianza,0.47665844720105,14.659098321335254,False,False,False,False,True,True,True,True,MODEL_OUTPUT_GATE_B_WALK_GRAPH
WP_01173,45.74000001843645,9.3524999770143,097092,La Valletta Brianza,0.4728934605055528,14.347965743480849,False,False,False,False,True,True,True,True,MODEL_OUTPUT_GATE_B_WALK_GRAPH
WP_01174,45.74000001843645,9.353333310344269,097092,La Valletta Brianza,0.4586052098751187,11.834292067467716,False,False,False,True,True,True,True,False,MODEL_OUTPUT_GATE_B_WALK_GRAPH
WP_01175,45.74000001843645,9.354166643674237,097092,La Valletta Brianza,0.4307372620017521,11.644939621203898,False,False,False,True,True,True,True,False,MODEL_OUTPUT_GATE_B_WALK_GRAPH
WP_01176,45.74000001843645,9.354999977004203,097092,La Valletta Brianza,0.4522291067512377,9.730332588210562,False,False,True,True,True,True,False,False,MODEL_OUTPUT_GATE_B_WALK_GRAPH
WP_01177,45.74000001843645,9.355833310334177,097092,La Valletta Brianza,0.4751750446364332,9.332564356488714,False,False,True,True,True,True,False,False,MODEL_OUTPUT_GATE_B_WALK_GRAPH
WP_01178,45.74000001843645,9.356666643664145,097092,La Valletta Brianza,0.3569426454063735,8.57716368645372,False,False,True,True,True,True,False,False,MODEL_OUTPUT_GATE_B_WALK_GRAPH
WP_01179,45.74000001843645,9.357499976994111,097092,La Valletta Brianza,0.2440400657487321,5.283927653276821,False,True,True,True,True,False,False,False,MODEL_OUTPUT_GATE_B_WALK_GRAPH
WP_01180,45.74000001843645,9.358333310324085,097092,La Valletta Brianza,15.29183399052226,4.920409921970907,True,True,True,True,False,False,False,False,MODEL_OUTPUT_GATE_B_WALK_GRAPH
WP_01181,45.74000001843645,9.359166643654053,097092,La Valletta Brianza,17.334355833068066,4.56118484976349,True,True,True,True,False,False,False,False,MODEL_OUTPUT_GATE_B_WALK_GRAPH
WP_01182,45.74000001843645,9.35999997698402,097092,La Valletta Brianza,18.838599293452955,5.639882262708047,False,True,True,True,True,False,False,False,MODEL_OUTPUT_GATE_B_WALK_GRAPH
WP_01183,45.74000001843645,9.36083331031399,097092,La Valletta Brianza,20.2747733736378,3.6847032570016274,True,True,True,True,False,False,False,False,MODEL_OUTPUT_GATE_B_WALK_GRAPH
WP_01184,45.74000001843645,9.36166664364396,097092,La Valletta Brianza,20.09812848897142,3.362502298431353,True,True,True,True,False,False,False,False,MODEL_OUTPUT_GATE_B_WALK_GRAPH
WP_01185,45.74000001843645,9.362499976973927,097092,La Valletta Brianza,22.24573919290103,2.628461951728168,True,True,True,True,False,False,False,False,MODEL_OUTPUT_GATE_B_WALK_GRAPH
WP_01186,45.74000001843645,9.363333310303895,097092,La Valletta Brianza,21.966188327572866,1.5682903274530244,True,True,True,True,False,False,False,False,MODEL_OUTPUT_GATE_B_WALK_GRAPH
WP_01187,45.74000001843645,9.364166643633869,097092,La Valletta Brianza,19.60420961215844,0.6477638495038586,True,True,True,True,False,False,False,False,MODEL_OUTPUT_GATE_B_WALK_GRAPH
WP_01188,45.74000001843645,9.364999976963835,097092,La Valletta Brianza,19.551955588829475,1.326427331579234,True,True,True,True,False,False,False,False,MODEL_OUTPUT_GATE_B_WALK_GRAPH
WP_01189,45.74000001843645,9.365833310293803,097092,La Valletta Brianza,19.713520347350283,1.581674864234678,True,True,True,True,False,False,False,False,MODEL_OUTPUT_GATE_B_WALK_GRAPH
WP_01190,45.74000001843645,9.366666643623772,097092,La Valletta Brianza,0.5158397523796139,2.5978231679975963,True,True,True,True,False,False,False,False,MODEL_OUTPUT_GATE_B_WALK_GRAPH
WP_01191,45.74000001843645,9.367499976953743,097092,La Valletta Brianza,0.4420327156052879,3.165259617980303,True,True,True,True,False,False,False,False,MODEL_OUTPUT_GATE_B_WALK_GRAPH
WP_01192,45.74000001843645,9.368333310283711,097092,La Valletta Brianza,0.3916432270871831,3.9542437624893343,True,True,True,True,False,False,False,False,MODEL_OUTPUT_GATE_B_WALK_GRAPH
WP_01193,45.74000001843645,9.36916664361368,097092,La Valletta Brianza,0.3849228409896976,4.821162789500419,True,True,True,True,False,False,False,False,MODEL_OUTPUT_GATE_B_WALK_GRAPH
WP_01194,45.74000001843645,9.369999976943651,097092,La Valletta Brianza,0.3928706039762788,5.884975866831409,False,True,True,True,True,False,False,False,MODEL_OUTPUT_GATE_B_WALK_GRAPH
WP_01195,45.74000001843645,9.37083331027362,097092,La Valletta Brianza,15.14198028179149,5.973553366297222,False,True,True,True,True,False,False,False,MODEL_OUTPUT_GATE_B_WALK_GRAPH
WP_01196,45.74000001843645,9.37166664360359,097092,La Valletta Brianza,15.139585079069974,6.100805330645247,False,True,True,True,True,False,False,False,MODEL_OUTPUT_GATE_B_WALK_GRAPH
WP_01197,45.74000001843645,9.372499976933558,097092,La Valletta Brianza,0.1052770901553709,7.431071966163861,False,True,True,True,True,False,False,False,MODEL_OUTPUT_GATE_B_WALK_GRAPH
WP_01198,45.74000001843645,9.373333310263527,097092,La Valletta Brianza,0.2740232276738334,5.22753845356974,False,True,True,True,True,False,False,False,MODEL_OUTPUT_GATE_B_WALK_GRAPH
WP_01199,45.74000001843645,9.374166643593496,097092,La Valletta Brianza,8.76556371975213,4.862268381409653,True,True,True,True,False,False,False,False,MODEL_OUTPUT_GATE_B_WALK_GRAPH
WP_01200,45.74000001843645,9.376666643583404,097074,Santa Maria Hoè,0.0505946967453633,5.868417340663755,False,True,True,True,True,False,False,False,MODEL_OUTPUT_GATE_B_WALK_GRAPH
WP_01201,45.74000001843645,9.377499976913374,097074,Santa Maria Hoè,0.0614245480737553,5.322156920521121,False,True,True,True,True,False,False,False,MODEL_OUTPUT_GATE_B_WALK_GRAPH
WP_01202,45.74000001843645,9.378333310243342,097074,Santa Maria Hoè,0.1788124440726246,3.811193051670081,True,True,True,True,False,False,False,False,MODEL_OUTPUT_GATE_B_WALK_GRAPH
WP_01203,45.74000001843645,9.379166643573312,097074,Santa Maria Hoè,0.315303240212789,4.434879402259975,True,True,True,True,False,False,False,False,MODEL_OUTPUT_GATE_B_WALK_GRAPH
WP_01204,45.74000001843645,9.37999997690328,097074,Santa Maria Hoè,5.476902081928137,4.8113127478435365,True,True,True,True,False,False,False,False,MODEL_OUTPUT_GATE_B_WALK_GRAPH
WP_01205,45.74000001843645,9.38083331023325,097074,Santa Maria Hoè,11.3705308482319,6.168294302638815,False,True,True,True,True,False,False,False,MODEL_OUTPUT_GATE_B_WALK_GRAPH
WP_01206,45.74000001843645,9.381666643563218,097074,Santa Maria Hoè,11.1862705668923,12.000476589427567,False,False,False,False,True,True,True,True,MODEL_OUTPUT_GATE_B_WALK_GRAPH
WP_01207,45.74000001843645,9.382499976893188,097074,Santa Maria Hoè,12.572776469340315,4.901898512231999,True,True,True,True,False,False,False,False,MODEL_OUTPUT_GATE_B_WALK_GRAPH
WP_01208,45.74000001843645,9.383333310223158,097074,Santa Maria Hoè,10.556491330273904,3.3459733419192874,True,True,True,True,False,False,False,False,MODEL_OUTPUT_GATE_B_WALK_GRAPH
WP_01209,45.74000001843645,9.384166643553126,097074,Santa Maria Hoè,11.10164948464885,3.9376765796867335,True,True,True,True,False,False,False,False,MODEL_OUTPUT_GATE_B_WALK_GRAPH
WP_01210,45.74000001843645,9.384999976883096,097074,Santa Maria Hoè,10.486586772253212,3.7667589713764382,True,True,True,True,False,False,False,False,MODEL_OUTPUT_GATE_B_WALK_GRAPH
WP_01211,45.74000001843645,9.385833310213064,097074,Santa Maria Hoè,0.3209312427654249,3.55810338702272,True,True,True,True,False,False,False,False,MODEL_OUTPUT_GATE_B_WALK_GRAPH
WP_01212,45.74000001843645,9.386666643543034,097074,Santa Maria Hoè,0.1706882792542112,9.107729676049209,False,False,True,True,True,True,False,False,MODEL_OUTPUT_GATE_B_WALK_GRAPH
WP_01213,45.74000001843645,9.387499976873002,097074,Santa Maria Hoè,17.903765388358597,8.845470282514494,False,False,True,True,True,True,False,False,MODEL_OUTPUT_GATE_B_WALK_GRAPH
WP_01214,45.74000001843645,9.388333310202972,097074,Santa Maria Hoè,17.82240885410093,3.7435055171416014,True,True,True,True,False,False,False,False,MODEL_OUTPUT_GATE_B_WALK_GRAPH
WP_01215,45.74000001843645,9.389166643532942,097074,Santa Maria Hoè,0.1111715194922637,4.098620175144067,True,True,True,True,False,False,False,False,MODEL_OUTPUT_GATE_B_WALK_GRAPH
WP_01216,45.74000001843645,9.38999997686291,097058,Olgiate Molgora,0.1074199940115978,6.039845220410314,False,True,True,True,True,False,False,False,MODEL_OUTPUT_GATE_B_WALK_GRAPH
WP_01217,45.74000001843645,9.39083331019288,097058,Olgiate Molgora,17.160014545719854,6.155967390767689,False,True,True,True,True,False,False,False,MODEL_OUTPUT_GATE_B_WALK_GRAPH
WP_01218,45.74000001843645,9.391666643522848,097058,Olgiate Molgora,23.110050792229227,7.615585782946649,False,True,True,True,True,False,False,False,MODEL_OUTPUT_GATE_B_WALK_GRAPH
WP_01219,45.74000001843645,9.392499976852818,097058,Olgiate Molgora,23.12278634645159,6.789222847597685,False,True,True,True,True,False,False,False,MODEL_OUTPUT_GATE_B_WALK_GRAPH
WP_01220,45.74000001843645,9.393333310182786,097058,Olgiate Molgora,10.81459431963961,7.222362325910026,False,True,True,True,True,False,False,False,MODEL_OUTPUT_GATE_B_WALK_GRAPH
WP_01221,45.74000001843645,9.394166643512756,097058,Olgiate Molgora,16.458190236180467,8.564675010518332,False,False,True,True,True,True,False,False,MODEL_OUTPUT_GATE_B_WALK_GRAPH
WP_01222,45.74000001843645,9.394999976842726,097058,Olgiate Molgora,16.162020818140252,10.168360880873136,False,False,False,True,True,True,True,False,MODEL_OUTPUT_GATE_B_WALK_GRAPH
WP_01223,45.74000001843645,9.395833310172694,097058,Olgiate Molgora,0.1718360457571392,10.00216450295965,False,False,False,True,True,True,True,False,MODEL_OUTPUT_GATE_B_WALK_GRAPH
WP_01224,45.74000001843645,9.396666643502664,097058,Olgiate Molgora,0.0986126914459968,11.592143810562725,False,False,False,True,True,True,True,False,MODEL_OUTPUT_GATE_B_WALK_GRAPH
WP_01225,45.74000001843645,9.397499976832632,097058,Olgiate Molgora,0.0902014185576495,12.084698111305922,False,False,False,False,True,True,True,True,MODEL_OUTPUT_GATE_B_WALK_GRAPH
WP_01226,45.74000001843645,9.398333310162602,097058,Olgiate Molgora,0.0989647979120081,19.97115704465106,False,False,False,False,True,True,True,True,MODEL_OUTPUT_GATE_B_WALK_GRAPH
WP_01227,45.74000001843645,9.39916664349257,097058,Olgiate Molgora,0.1749098468000255,19.160797847854703,False,False,False,False,True,True,True,True,MODEL_OUTPUT_GATE_B_WALK_GRAPH
WP_01228,45.74000001843645,9.39999997682254,097058,Olgiate Molgora,0.1732338512064095,18.35054953761316,False,False,False,False,True,True,True,True,MODEL_OUTPUT_GATE_B_WALK_GRAPH
WP_01229,45.74000001843645,9.400833310152509,097058,Olgiate Molgora,0.0909967066947649,18.96879709510288,False,False,False,False,True,True,True,True,MODEL_OUTPUT_GATE_B_WALK_GRAPH
WP_01230,45.74000001843645,9.401666643482478,097058,Olgiate Molgora,0.0298942703267669,15.237274209957764,False,False,False,False,True,True,True,True,MODEL_OUTPUT_GATE_B_WALK_GRAPH
WP_01231,45.74000001843645,9.402499976812448,097058,Olgiate Molgora,0.0419899537525347,14.280783712154966,False,False,False,False,True,True,True,True,MODEL_OUTPUT_GATE_B_WALK_GRAPH
WP_01232,45.74000001843645,9.403333310142417,097058,Olgiate Molgora,0.0588453169050772,13.38227736500063,False,False,False,False,True,True,True,True,MODEL_OUTPUT_GATE_B_WALK_GRAPH
WP_01233,45.74000001843645,9.404166643472388,097058,Olgiate Molgora,0.1044428725755068,13.931570702478798,False,False,False,False,True,True,True,True,MODEL_OUTPUT_GATE_B_WALK_GRAPH
WP_01234,45.74000001843645,9.404999976802356,097058,Olgiate Molgora,0.1184462939730277,25.004962138373244,False,False,False,False,True,True,True,True,MODEL_OUTPUT_GATE_B_WALK_GRAPH
WP_01235,45.74000001843645,9.405833310132325,097058,Olgiate Molgora,0.1027218726065405,16.9536015806215,False,False,False,False,True,True,True,True,MODEL_OUTPUT_GATE_B_WALK_GRAPH
WP_01236,45.74000001843645,9.406666643462293,097058,Olgiate Molgora,0.117200233951479,16.196113111156183,False,False,False,False,True,True,True,True,MODEL_OUTPUT_GATE_B_WALK_GRAPH
WP_01237,45.74000001843645,9.407499976792264,097058,Olgiate Molgora,0.1160328047154951,14.289691982873002,False,False,False,False,True,True,True,True,MODEL_OUTPUT_GATE_B_WALK_GRAPH
WP_01238,45.74000001843645,9.408333310122233,097058,Olgiate Molgora,0.1264601912451298,12.699137494716068,False,False,False,False,True,True,True,True,MODEL_OUTPUT_GATE_B_WALK_GRAPH
WP_01239,45.74000001843645,9.4091666434522,097058,Olgiate Molgora,0.2591022582137398,14.55407815171935,False,False,False,False,True,True,True,True,MODEL_OUTPUT_GATE_B_WALK_GRAPH
WP_01240,45.74000001843645,9.40999997678217,097058,Olgiate Molgora,0.258362977319359,13.673769828351116,False,False,False,False,True,True,True,True,MODEL_OUTPUT_GATE_B_WALK_GRAPH
WP_01241,45.74000001843645,9.41083331011214,097058,Olgiate Molgora,0.2622640821956999,12.642606379683128,False,False,False,False,True,True,True,True,MODEL_OUTPUT_GATE_B_WALK_GRAPH
WP_01242,45.74000001843645,9.411666643442109,097058,Olgiate Molgora,0.268243581649832,13.508723416310076,False,False,False,False,True,True,True,True,MODEL_OUTPUT_GATE_B_WALK_GRAPH
WP_01243,45.74000001843645,9.412499976772075,097058,Olgiate Molgora,0.2660616012536988,11.320488544436436,False,False,False,True,True,True,True,False,MODEL_OUTPUT_GATE_B_WALK_GRAPH
WP_01244,45.74000001843645,9.413333310102049,097058,Olgiate Molgora,0.264211001334079,11.761494290309452,False,False,False,True,True,True,True,False,MODEL_OUTPUT_GATE_B_WALK_GRAPH
WP_01245,45.74000001843645,9.414166643432017,097058,Olgiate Molgora,0.2631754373449747,11.05589311432328,False,False,False,True,True,True,True,False,MODEL_OUTPUT_GATE_B_WALK_GRAPH
WP_01246,45.74000001843645,9.414999976761983,097058,Olgiate Molgora,0.1843733277208531,12.347782360139863,False,False,False,False,True,True,True,True,MODEL_OUTPUT_GATE_B_WALK_GRAPH
WP_01247,45.74000001843645,9.415833310091957,097058,Olgiate Molgora,0.1844387565365283,13.468269926284046,False,False,False,False,True,True,True,True,MODEL_OUTPUT_GATE_B_WALK_GRAPH
WP_01248,45.74000001843645,9.416666643421925,097058,Olgiate Molgora,0.1827730724536561,13.814309393938608,False,False,False,False,True,True,True,True,MODEL_OUTPUT_GATE_B_WALK_GRAPH
WP_01249,45.74000001843645,9.417499976751891,097058,Olgiate Molgora,0.2834178596471075,14.02716751946163,False,False,False,False,True,True,True,True,MODEL_OUTPUT_GATE_B_WALK_GRAPH
WP_01250,45.74000001843645,9.41833331008186,097058,Olgiate Molgora,0.2942388855251858,15.374817393068172,False,False,False,False,True,True,True,True,MODEL_OUTPUT_GATE_B_WALK_GRAPH
WP_01251,45.74000001843645,9.419166643411833,097010,Brivio,1.3829353940763898,16.075230779272566,False,False,False,False,True,True,True,True,MODEL_OUTPUT_GATE_B_WALK_GRAPH
WP_01252,45.74000001843645,9.4199999767418,097010,Brivio,2.759526680629142,5.379134062734157,False,True,True,True,True,False,False,False,MODEL_OUTPUT_GATE_B_WALK_GRAPH
WP_01253,45.74000001843645,9.42083331007177,097010,Brivio,5.875555889512231,3.4601836179687915,True,True,True,True,False,False,False,False,MODEL_OUTPUT_GATE_B_WALK_GRAPH
WP_01254,45.74000001843645,9.42166664340174,097010,Brivio,6.564854337876473,3.274239864109896,True,True,True,True,False,False,False,False,MODEL_OUTPUT_GATE_B_WALK_GRAPH
WP_01255,45.74000001843645,9.422499976731707,097010,Brivio,16.06792170639845,1.8261930630552483,True,True,True,True,False,False,False,False,MODEL_OUTPUT_GATE_B_WALK_GRAPH
WP_01256,45.74000001843645,9.423333310061675,097010,Brivio,20.31434539616943,0.8556421832733171,True,True,True,True,False,False,False,False,MODEL_OUTPUT_GATE_B_WALK_GRAPH
WP_01257,45.74000001843645,9.424166643391644,097010,Brivio,16.9767328408853,1.7533150034972556,True,True,True,True,False,False,False,False,MODEL_OUTPUT_GATE_B_WALK_GRAPH
WP_01258,45.74000001843645,9.424999976721615,097010,Brivio,15.622904429366333,2.6810908534471354,True,True,True,True,False,False,False,False,MODEL_OUTPUT_GATE_B_WALK_GRAPH
WP_01259,45.74000001843645,9.425833310051583,097010,Brivio,15.589756031861493,4.01478936875427,True,True,True,True,False,False,False,False,MODEL_OUTPUT_GATE_B_WALK_GRAPH
WP_01260,45.74000001843645,9.426666643381552,097010,Brivio,15.93954157972898,5.296329021201783,False,True,True,True,True,False,False,False,MODEL_OUTPUT_GATE_B_WALK_GRAPH
WP_01261,45.74000001843645,9.427499976711523,097010,Brivio,14.840046505567894,6.204458943726356,False,True,True,True,True,False,False,False,MODEL_OUTPUT_GATE_B_WALK_GRAPH
WP_01262,45.74000001843645,9.428333310041491,097010,Brivio,7.543834876290674,6.7648530872397306,False,True,True,True,True,False,False,False,MODEL_OUTPUT_GATE_B_WALK_GRAPH
WP_01263,45.74000001843645,9.42916664337146,097010,Brivio,0.0523779601943892,7.074529862961496,False,True,True,True,True,False,False,False,MODEL_OUTPUT_GATE_B_WALK_GRAPH
WP_01264,45.74000001843645,9.42999997670143,097010,Brivio,0.0212328598249766,8.031812048840859,False,False,True,True,True,True,False,False,MODEL_OUTPUT_GATE_B_WALK_GRAPH
WP_01265,45.74000001843645,9.4308333100314,097010,Brivio,7.7716010221725185,6.402570597211011,False,True,True,True,True,False,False,False,MODEL_OUTPUT_GATE_B_WALK_GRAPH
WP_01266,45.74000001843645,9.431666643361368,097010,Brivio,7.495264943535442,6.585552448061558,False,True,True,True,True,False,False,False,MODEL_OUTPUT_GATE_B_WALK_GRAPH
WP_01267,45.74000001843645,9.432499976691338,097010,Brivio,7.461349724882279,7.379723771721775,False,True,True,True,True,False,False,False,MODEL_OUTPUT_GATE_B_WALK_GRAPH
WP_01268,45.74000001843645,9.433333310021307,097010,Brivio,0.0472446857325858,8.190079035419052,False,False,True,True,True,True,False,False,MODEL_OUTPUT_GATE_B_WALK_GRAPH
WP_01269,45.74000001843645,9.434166643351276,097010,Brivio,0.04489444996653,7.277675294525696,False,True,True,True,True,False,False,False,MODEL_OUTPUT_GATE_B_WALK_GRAPH
WP_01270,45.74000001843645,9.434999976681246,097010,Brivio,0.0556221377509543,6.390003748998272,False,True,True,True,True,False,False,False,MODEL_OUTPUT_GATE_B_WALK_GRAPH
WP_01271,45.74000001843645,9.435833310011214,097010,Brivio,0.2609879780625885,5.509667759347336,False,True,True,True,True,False,False,False,MODEL_OUTPUT_GATE_B_WALK_GRAPH
WP_01272,45.74000001843645,9.436666643341184,097010,Brivio,7.559029445450654,4.790882263975087,True,True,True,True,False,False,False,False,MODEL_OUTPUT_GATE_B_WALK_GRAPH
WP_01273,45.74000001843645,9.437499976671152,097010,Brivio,7.385160450703308,4.180521979931762,True,True,True,True,False,False,False,False,MODEL_OUTPUT_GATE_B_WALK_GRAPH
WP_01274,45.74000001843645,9.438333310001122,097010,Brivio,15.854640050050866,5.839962589279738,False,True,True,True,True,False,False,False,MODEL_OUTPUT_GATE_B_WALK_GRAPH
WP_01275,45.74000001843645,9.439166643331092,097010,Brivio,8.386808822100932,6.302270599059193,False,True,True,True,True,False,False,False,MODEL_OUTPUT_GATE_B_WALK_GRAPH
WP_01276,45.74000001843645,9.43999997666106,097010,Brivio,7.84485594903972,5.979327478702418,False,True,True,True,True,False,False,False,MODEL_OUTPUT_GATE_B_WALK_GRAPH
WP_01277,45.74000001843645,9.44083330999103,097010,Brivio,2.770244546304017,5.799328309813339,False,True,True,True,True,False,False,False,MODEL_OUTPUT_GATE_B_WALK_GRAPH
WP_01278,45.74000001843645,9.441666643320998,097010,Brivio,5.0634862139878525,5.574980208613698,False,True,True,True,True,False,False,False,MODEL_OUTPUT_GATE_B_WALK_GRAPH
WP_01279,45.74000001843645,9.442499976650968,097010,Brivio,11.171580616729456,4.969570212193352,True,True,True,True,False,False,False,False,MODEL_OUTPUT_GATE_B_WALK_GRAPH
WP_01280,45.74000001843645,9.443333309980936,097010,Brivio,12.16152726497992,4.038031973473548,True,True,True,True,False,False,False,False,MODEL_OUTPUT_GATE_B_WALK_GRAPH
WP_01281,45.74000001843645,9.444166643310906,097010,Brivio,10.81681883732966,3.202925813057277,True,True,True,True,False,False,False,False,MODEL_OUTPUT_GATE_B_WALK_GRAPH
WP_01282,45.74000001843645,9.444999976640874,097010,Brivio,17.790424108066365,2.508174043088813,True,True,True,True,False,False,False,False,MODEL_OUTPUT_GATE_B_WALK_GRAPH
WP_01283,45.74000001843645,9.445833309970844,097010,Brivio,17.649453848124402,1.8620366509839197,True,True,True,True,False,False,False,False,MODEL_OUTPUT_GATE_B_WALK_GRAPH
WP_01284,45.74000001843645,9.446666643300814,097010,Brivio,12.257310197506984,2.323131720409417,True,True,True,True,False,False,False,False,MODEL_OUTPUT_GATE_B_WALK_GRAPH
WP_01285,45.74000001843645,9.447499976630782,097010,Brivio,45.19138362316874,3.98858171451594,True,True,True,True,False,False,False,False,MODEL_OUTPUT_GATE_B_WALK_GRAPH
WP_01286,45.74000001843645,9.448333309960752,097010,Brivio,42.04489434906244,4.32007137048855,True,True,True,True,False,False,False,False,MODEL_OUTPUT_GATE_B_WALK_GRAPH
WP_01287,45.73916668510648,9.344166643714606,097092,La Valletta Brianza,0.0344752671596891,27.80441006969682,False,False,False,False,True,True,True,True,MODEL_OUTPUT_GATE_B_WALK_GRAPH
WP_01288,45.73916668510648,9.344999977044576,097092,La Valletta Brianza,0.0340937784844695,20.78766068593804,False,False,False,False,True,True,True,True,MODEL_OUTPUT_GATE_B_WALK_GRAPH
WP_01289,45.73916668510648,9.345833310374545,097092,La Valletta Brianza,0.0310319164889871,20.83404958628797,False,False,False,False,True,True,True,True,MODEL_OUTPUT_GATE_B_WALK_GRAPH
WP_01290,45.73916668510648,9.346666643704514,097092,La Valletta Brianza,0.0798021447400317,18.19413247437599,False,False,False,False,True,True,True,True,MODEL_OUTPUT_GATE_B_WALK_GRAPH
WP_01291,45.73916668510648,9.347499977034484,097092,La Valletta Brianza,0.1633747048630476,17.93324258693221,False,False,False,False,True,True,True,True,MODEL_OUTPUT_GATE_B_WALK_GRAPH
WP_01292,45.73916668510648,9.348333310364453,097092,La Valletta Brianza,0.1776349072747992,16.461756994355127,False,False,False,False,True,True,True,True,MODEL_OUTPUT_GATE_B_WALK_GRAPH
WP_01293,45.73916668510648,9.34916664369442,097092,La Valletta Brianza,0.2573982286740152,16.052640421135266,False,False,False,False,True,True,True,True,MODEL_OUTPUT_GATE_B_WALK_GRAPH
WP_01294,45.73916668510648,9.34999997702439,097092,La Valletta Brianza,0.2626012692012835,13.293718824844827,False,False,False,False,True,True,True,True,MODEL_OUTPUT_GATE_B_WALK_GRAPH
WP_01295,45.73916668510648,9.35083331035436,097092,La Valletta Brianza,0.2975548332025078,12.909331133161912,False,False,False,False,True,True,True,True,MODEL_OUTPUT_GATE_B_WALK_GRAPH
WP_01296,45.73916668510648,9.351666643684329,097092,La Valletta Brianza,0.492019658720951,12.82658238272178,False,False,False,False,True,True,True,True,MODEL_OUTPUT_GATE_B_WALK_GRAPH
WP_01297,45.73916668510648,9.3524999770143,097092,La Valletta Brianza,0.5128363721538773,13.34346060864607,False,False,False,False,True,True,True,True,MODEL_OUTPUT_GATE_B_WALK_GRAPH
WP_01298,45.73916668510648,9.353333310344269,097092,La Valletta Brianza,13.254250827873676,10.749862087565656,False,False,False,True,True,True,True,False,MODEL_OUTPUT_GATE_B_WALK_GRAPH
WP_01299,45.73916668510648,9.354166643674237,097092,La Valletta Brianza,13.686206775381022,10.964856003034347,False,False,False,True,True,True,True,False,MODEL_OUTPUT_GATE_B_WALK_GRAPH
WP_01300,45.73916668510648,9.354999977004203,097092,La Valletta Brianza,14.168726066494123,8.938733156470388,False,False,True,True,True,True,False,False,MODEL_OUTPUT_GATE_B_WALK_GRAPH
WP_01301,45.73916668510648,9.355833310334177,097092,La Valletta Brianza,14.25111314384158,10.69875967677721,False,False,False,True,True,True,True,False,MODEL_OUTPUT_GATE_B_WALK_GRAPH
WP_01302,45.73916668510648,9.356666643664145,097092,La Valletta Brianza,14.777946317393637,8.04384008879334,False,False,True,True,True,True,False,False,MODEL_OUTPUT_GATE_B_WALK_GRAPH
WP_01303,45.73916668510648,9.357499976994111,097092,La Valletta Brianza,0.569178251995745,7.333113369128528,False,True,True,True,True,False,False,False,MODEL_OUTPUT_GATE_B_WALK_GRAPH
WP_01304,45.73916668510648,9.358333310324085,097092,La Valletta Brianza,0.5611617256343292,4.4751307364595725,True,True,True,True,False,False,False,False,MODEL_OUTPUT_GATE_B_WALK_GRAPH
WP_01305,45.73916668510648,9.359166643654053,097092,La Valletta Brianza,16.131169175414197,3.910815934084952,True,True,True,True,False,False,False,False,MODEL_OUTPUT_GATE_B_WALK_GRAPH
WP_01306,45.73916668510648,9.35999997698402,097092,La Valletta Brianza,16.376527425188172,2.7856021907717814,True,True,True,True,False,False,False,False,MODEL_OUTPUT_GATE_B_WALK_GRAPH
WP_01307,45.73916668510648,9.36083331031399,097092,La Valletta Brianza,19.56641278679473,2.237044566687143,True,True,True,True,False,False,False,False,MODEL_OUTPUT_GATE_B_WALK_GRAPH
WP_01308,45.73916668510648,9.36166664364396,097092,La Valletta Brianza,22.73344808991075,3.0870195002627665,True,True,True,True,False,False,False,False,MODEL_OUTPUT_GATE_B_WALK_GRAPH
WP_01309,45.73916668510648,9.362499976973927,097092,La Valletta Brianza,20.11405614838769,2.1038482270023637,True,True,True,True,False,False,False,False,MODEL_OUTPUT_GATE_B_WALK_GRAPH
WP_01310,45.73916668510648,9.363333310303895,097092,La Valletta Brianza,29.363669281431054,2.459355361826671,True,True,True,True,False,False,False,False,MODEL_OUTPUT_GATE_B_WALK_GRAPH
WP_01311,45.73916668510648,9.364166643633869,097092,La Valletta Brianza,30.02900220092299,1.8483550628849628,True,True,True,True,False,False,False,False,MODEL_OUTPUT_GATE_B_WALK_GRAPH
WP_01312,45.73916668510648,9.364999976963835,097092,La Valletta Brianza,30.294215189740157,0.7825976840157984,True,True,True,True,False,False,False,False,MODEL_OUTPUT_GATE_B_WALK_GRAPH
WP_01313,45.73916668510648,9.365833310293803,097092,La Valletta Brianza,20.707733025142733,1.7985336745256275,True,True,True,True,False,False,False,False,MODEL_OUTPUT_GATE_B_WALK_GRAPH
WP_01314,45.73916668510648,9.366666643623772,097092,La Valletta Brianza,21.87641648051589,2.59277729797957,True,True,True,True,False,False,False,False,MODEL_OUTPUT_GATE_B_WALK_GRAPH
WP_01315,45.73916668510648,9.367499976953743,097092,La Valletta Brianza,21.02993955564111,3.253572035697249,True,True,True,True,False,False,False,False,MODEL_OUTPUT_GATE_B_WALK_GRAPH
WP_01316,45.73916668510648,9.368333310283711,097092,La Valletta Brianza,21.12819901849588,3.759617530939652,True,True,True,True,False,False,False,False,MODEL_OUTPUT_GATE_B_WALK_GRAPH
WP_01317,45.73916668510648,9.36916664361368,097092,La Valletta Brianza,21.20404359522269,3.6982646557971903,True,True,True,True,False,False,False,False,MODEL_OUTPUT_GATE_B_WALK_GRAPH
WP_01318,45.73916668510648,9.369999976943651,097092,La Valletta Brianza,21.13436337539015,5.201465017161452,False,True,True,True,True,False,False,False,MODEL_OUTPUT_GATE_B_WALK_GRAPH
WP_01319,45.73916668510648,9.37083331027362,097092,La Valletta Brianza,21.0660992204633,3.325751463126473,True,True,True,True,False,False,False,False,MODEL_OUTPUT_GATE_B_WALK_GRAPH
WP_01320,45.73916668510648,9.37166664360359,097092,La Valletta Brianza,14.722047725527975,3.6977206797948377,True,True,True,True,False,False,False,False,MODEL_OUTPUT_GATE_B_WALK_GRAPH
WP_01321,45.73916668510648,9.372499976933558,097092,La Valletta Brianza,14.95351906369896,4.83776368746162,True,True,True,True,False,False,False,False,MODEL_OUTPUT_GATE_B_WALK_GRAPH
WP_01322,45.73916668510648,9.373333310263527,097092,La Valletta Brianza,9.552527314588112,3.1740658694730666,True,True,True,True,False,False,False,False,MODEL_OUTPUT_GATE_B_WALK_GRAPH
WP_01323,45.73916668510648,9.377499976913374,097074,Santa Maria Hoè,0.0363388448521923,5.833865490804459,False,True,True,True,True,False,False,False,MODEL_OUTPUT_GATE_B_WALK_GRAPH
WP_01324,45.73916668510648,9.378333310243342,097074,Santa Maria Hoè,0.0607601485342916,6.513221884407487,False,True,True,True,True,False,False,False,MODEL_OUTPUT_GATE_B_WALK_GRAPH
WP_01325,45.73916668510648,9.379166643573312,097074,Santa Maria Hoè,0.0754933930460495,5.879392293238466,False,True,True,True,True,False,False,False,MODEL_OUTPUT_GATE_B_WALK_GRAPH
WP_01326,45.73916668510648,9.37999997690328,097074,Santa Maria Hoè,0.2369772099435647,6.067461223344236,False,True,True,True,True,False,False,False,MODEL_OUTPUT_GATE_B_WALK_GRAPH
WP_01327,45.73916668510648,9.38083331023325,097074,Santa Maria Hoè,0.213046585001907,6.170098916829745,False,True,True,True,True,False,False,False,MODEL_OUTPUT_GATE_B_WALK_GRAPH
WP_01328,45.73916668510648,9.381666643563218,097074,Santa Maria Hoè,12.222816241767951,11.77374340576482,False,False,False,True,True,True,True,False,MODEL_OUTPUT_GATE_B_WALK_GRAPH
WP_01329,45.73916668510648,9.382499976893188,097074,Santa Maria Hoè,12.189551343619144,11.924559057614395,False,False,False,True,True,True,True,False,MODEL_OUTPUT_GATE_B_WALK_GRAPH
WP_01330,45.73916668510648,9.383333310223158,097074,Santa Maria Hoè,11.992266190768598,4.868067304835669,True,True,True,True,False,False,False,False,MODEL_OUTPUT_GATE_B_WALK_GRAPH
WP_01331,45.73916668510648,9.384166643553126,097074,Santa Maria Hoè,11.008565866996022,5.078714585718407,False,True,True,True,True,False,False,False,MODEL_OUTPUT_GATE_B_WALK_GRAPH
WP_01332,45.73916668510648,9.384999976883096,097074,Santa Maria Hoè,10.73789118066443,3.159506419247165,True,True,True,True,False,False,False,False,MODEL_OUTPUT_GATE_B_WALK_GRAPH
WP_01333,45.73916668510648,9.385833310213064,097074,Santa Maria Hoè,0.5490938100400918,3.0117275085001607,True,True,True,True,False,False,False,False,MODEL_OUTPUT_GATE_B_WALK_GRAPH
WP_01334,45.73916668510648,9.386666643543034,097074,Santa Maria Hoè,0.4868804514621648,1.6606541011563345,True,True,True,True,False,False,False,False,MODEL_OUTPUT_GATE_B_WALK_GRAPH
WP_01335,45.73916668510648,9.387499976873002,097074,Santa Maria Hoè,0.1640963069862944,3.1733197555132806,True,True,True,True,False,False,False,False,MODEL_OUTPUT_GATE_B_WALK_GRAPH
WP_01336,45.73916668510648,9.388333310202972,097074,Santa Maria Hoè,0.1403741216393521,2.556378424208265,True,True,True,True,False,False,False,False,MODEL_OUTPUT_GATE_B_WALK_GRAPH
WP_01337,45.73916668510648,9.389166643532942,097074,Santa Maria Hoè,0.1435852848461412,3.667346683670989,True,True,True,True,False,False,False,False,MODEL_OUTPUT_GATE_B_WALK_GRAPH
WP_01338,45.73916668510648,9.38999997686291,097058,Olgiate Molgora,0.2690047211818236,5.185888752680507,False,True,True,True,True,False,False,False,MODEL_OUTPUT_GATE_B_WALK_GRAPH
WP_01339,45.73916668510648,9.39083331019288,097058,Olgiate Molgora,16.95825843798809,7.619889869798888,False,True,True,True,True,False,False,False,MODEL_OUTPUT_GATE_B_WALK_GRAPH
WP_01340,45.73916668510648,9.391666643522848,097058,Olgiate Molgora,17.115935293812726,5.39023257860512,False,True,True,True,True,False,False,False,MODEL_OUTPUT_GATE_B_WALK_GRAPH
WP_01341,45.73916668510648,9.392499976852818,097058,Olgiate Molgora,16.849942210415012,6.110548466681646,False,True,True,True,True,False,False,False,MODEL_OUTPUT_GATE_B_WALK_GRAPH
WP_01342,45.73916668510648,9.393333310182786,097058,Olgiate Molgora,0.1558781959113467,8.06405569907955,False,False,True,True,True,True,False,False,MODEL_OUTPUT_GATE_B_WALK_GRAPH
WP_01343,45.73916668510648,9.394166643512756,097058,Olgiate Molgora,0.0632471956671293,8.375253916087917,False,False,True,True,True,True,False,False,MODEL_OUTPUT_GATE_B_WALK_GRAPH
WP_01344,45.73916668510648,9.394999976842726,097058,Olgiate Molgora,0.0346673873788831,9.060250590536056,False,False,True,True,True,True,False,False,MODEL_OUTPUT_GATE_B_WALK_GRAPH
WP_01345,45.73916668510648,9.395833310172694,097058,Olgiate Molgora,0.0684857667387162,11.837473853748657,False,False,False,True,True,True,True,False,MODEL_OUTPUT_GATE_B_WALK_GRAPH
WP_01346,45.73916668510648,9.396666643502664,097058,Olgiate Molgora,0.0178710175413733,11.950937702256224,False,False,False,True,True,True,True,False,MODEL_OUTPUT_GATE_B_WALK_GRAPH
WP_01347,45.73916668510648,9.397499976832632,097058,Olgiate Molgora,0.0091836230624582,12.527605714938716,False,False,False,False,True,True,True,True,MODEL_OUTPUT_GATE_B_WALK_GRAPH
WP_01348,45.73916668510648,9.398333310162602,097058,Olgiate Molgora,0.0147589243503068,19.06042662838153,False,False,False,False,True,True,True,True,MODEL_OUTPUT_GATE_B_WALK_GRAPH
WP_01349,45.73916668510648,9.39916664349257,097058,Olgiate Molgora,0.0563512588569293,18.26659299446838,False,False,False,False,True,True,True,True,MODEL_OUTPUT_GATE_B_WALK_GRAPH
WP_01350,45.73916668510648,9.39999997682254,097058,Olgiate Molgora,0.0445686073759858,17.607259768073707,False,False,False,False,True,True,True,True,MODEL_OUTPUT_GATE_B_WALK_GRAPH
WP_01351,45.73916668510648,9.400833310152509,097058,Olgiate Molgora,0.0396270879817706,15.740163954678955,False,False,False,False,True,True,True,True,MODEL_OUTPUT_GATE_B_WALK_GRAPH
WP_01352,45.73916668510648,9.401666643482478,097058,Olgiate Molgora,0.0860334132438044,14.54792163721511,False,False,False,False,True,True,True,True,MODEL_OUTPUT_GATE_B_WALK_GRAPH
WP_01353,45.73916668510648,9.402499976812448,097058,Olgiate Molgora,0.1075115105081633,13.608338698079129,False,False,False,False,True,True,True,True,MODEL_OUTPUT_GATE_B_WALK_GRAPH
WP_01354,45.73916668510648,9.403333310142417,097058,Olgiate Molgora,6.720985864454182,12.022488570922723,False,False,False,False,True,True,True,True,MODEL_OUTPUT_GATE_B_WALK_GRAPH
WP_01355,45.73916668510648,9.404166643472388,097058,Olgiate Molgora,4.561874486887654,11.432864686659803,False,False,False,True,True,True,True,False,MODEL_OUTPUT_GATE_B_WALK_GRAPH
WP_01356,45.73916668510648,9.404999976802356,097058,Olgiate Molgora,9.880308488669709,10.136982837610548,False,False,False,True,True,True,True,False,MODEL_OUTPUT_GATE_B_WALK_GRAPH
WP_01357,45.73916668510648,9.405833310132325,097058,Olgiate Molgora,0.1937722918283823,9.518596629034754,False,False,True,True,True,True,False,False,MODEL_OUTPUT_GATE_B_WALK_GRAPH
WP_01358,45.73916668510648,9.406666643462293,097058,Olgiate Molgora,10.56392099332798,10.39273677961874,False,False,False,True,True,True,True,False,MODEL_OUTPUT_GATE_B_WALK_GRAPH
WP_01359,45.73916668510648,9.407499976792264,097058,Olgiate Molgora,10.55401723590491,10.24030903004066,False,False,False,True,True,True,True,False,MODEL_OUTPUT_GATE_B_WALK_GRAPH
WP_01360,45.73916668510648,9.408333310122233,097058,Olgiate Molgora,0.2975582211434432,10.90483933834246,False,False,False,True,True,True,True,False,MODEL_OUTPUT_GATE_B_WALK_GRAPH
WP_01361,45.73916668510648,9.4091666434522,097058,Olgiate Molgora,0.1896017049594222,10.93752889542052,False,False,False,True,True,True,True,False,MODEL_OUTPUT_GATE_B_WALK_GRAPH
WP_01362,45.73916668510648,9.40999997678217,097058,Olgiate Molgora,19.53210754466004,12.04389417067084,False,False,False,False,True,True,True,True,MODEL_OUTPUT_GATE_B_WALK_GRAPH
WP_01363,45.73916668510648,9.41083331011214,097058,Olgiate Molgora,21.7615393656176,12.239196741232382,False,False,False,False,True,True,True,True,MODEL_OUTPUT_GATE_B_WALK_GRAPH
WP_01364,45.73916668510648,9.411666643442109,097058,Olgiate Molgora,9.404216417475276,9.626169343242555,False,False,True,True,True,True,False,False,MODEL_OUTPUT_GATE_B_WALK_GRAPH
WP_01365,45.73916668510648,9.412499976772075,097058,Olgiate Molgora,9.33946542550201,10.46720019813291,False,False,False,True,True,True,True,False,MODEL_OUTPUT_GATE_B_WALK_GRAPH
WP_01366,45.73916668510648,9.413333310102049,097058,Olgiate Molgora,9.26560900179909,9.244578314640592,False,False,True,True,True,True,False,False,MODEL_OUTPUT_GATE_B_WALK_GRAPH
WP_01367,45.73916668510648,9.414166643432017,097058,Olgiate Molgora,15.05424412781028,9.91575802117258,False,False,True,True,True,True,False,False,MODEL_OUTPUT_GATE_B_WALK_GRAPH
WP_01368,45.73916668510648,9.414999976761983,097058,Olgiate Molgora,8.831748171502142,11.033480025609371,False,False,False,True,True,True,True,False,MODEL_OUTPUT_GATE_B_WALK_GRAPH
WP_01369,45.73916668510648,9.415833310091957,097058,Olgiate Molgora,15.255099294871528,12.2573557534759,False,False,False,False,True,True,True,True,MODEL_OUTPUT_GATE_B_WALK_GRAPH
WP_01370,45.73916668510648,9.416666643421925,097058,Olgiate Molgora,0.332448784329751,5.496352722072854,False,True,True,True,True,False,False,False,MODEL_OUTPUT_GATE_B_WALK_GRAPH
WP_01371,45.73916668510648,9.417499976751891,097058,Olgiate Molgora,0.319177149226434,4.237688257776597,True,True,True,True,False,False,False,False,MODEL_OUTPUT_GATE_B_WALK_GRAPH
WP_01372,45.73916668510648,9.41833331008186,097058,Olgiate Molgora,14.052411282096529,4.424848682302197,True,True,True,True,False,False,False,False,MODEL_OUTPUT_GATE_B_WALK_GRAPH
WP_01373,45.73916668510648,9.419166643411833,097058,Olgiate Molgora,15.123986538211032,5.586414054787036,False,True,True,True,True,False,False,False,MODEL_OUTPUT_GATE_B_WALK_GRAPH
WP_01374,45.73916668510648,9.4199999767418,097058,Olgiate Molgora,20.470095046180088,5.658952390538445,False,True,True,True,True,False,False,False,MODEL_OUTPUT_GATE_B_WALK_GRAPH
WP_01375,45.73916668510648,9.42083331007177,097058,Olgiate Molgora,18.53292197707116,6.293606418638117,False,True,True,True,True,False,False,False,MODEL_OUTPUT_GATE_B_WALK_GRAPH
WP_01376,45.73916668510648,9.42166664340174,097010,Brivio,18.43946282495721,5.266818526550407,False,True,True,True,True,False,False,False,MODEL_OUTPUT_GATE_B_WALK_GRAPH
WP_01377,45.73916668510648,9.422499976731707,097010,Brivio,15.953556735811992,5.097896025480055,False,True,True,True,True,False,False,False,MODEL_OUTPUT_GATE_B_WALK_GRAPH
WP_01378,45.73916668510648,9.423333310061675,097010,Brivio,17.883416978867707,2.881302851828773,True,True,True,True,False,False,False,False,MODEL_OUTPUT_GATE_B_WALK_GRAPH
WP_01379,45.73916668510648,9.424166643391644,097010,Brivio,17.842890562238082,2.295693162539393,True,True,True,True,False,False,False,False,MODEL_OUTPUT_GATE_B_WALK_GRAPH
WP_01380,45.73916668510648,9.424999976721615,097010,Brivio,17.655387390202346,3.6234134917374528,True,True,True,True,False,False,False,False,MODEL_OUTPUT_GATE_B_WALK_GRAPH
WP_01381,45.73916668510648,9.425833310051583,097010,Brivio,16.247776121187265,4.665272960879177,True,True,True,True,False,False,False,False,MODEL_OUTPUT_GATE_B_WALK_GRAPH
WP_01382,45.73916668510648,9.426666643381552,097010,Brivio,16.276464635015486,4.690028813790164,True,True,True,True,False,False,False,False,MODEL_OUTPUT_GATE_B_WALK_GRAPH
WP_01383,45.73916668510648,9.427499976711523,097010,Brivio,15.264490927690424,5.063658702730624,False,True,True,True,True,False,False,False,MODEL_OUTPUT_GATE_B_WALK_GRAPH
WP_01384,45.73916668510648,9.428333310041491,097010,Brivio,0.2707604387791605,6.452587024563435,False,True,True,True,True,False,False,False,MODEL_OUTPUT_GATE_B_WALK_GRAPH
WP_01385,45.73916668510648,9.42916664337146,097010,Brivio,0.2719667280862547,7.917950596335243,False,True,True,True,True,False,False,False,MODEL_OUTPUT_GATE_B_WALK_GRAPH
WP_01386,45.73916668510648,9.42999997670143,097010,Brivio,0.1512551168724695,8.708521085487028,False,False,True,True,True,True,False,False,MODEL_OUTPUT_GATE_B_WALK_GRAPH
WP_01387,45.73916668510648,9.4308333100314,097010,Brivio,0.2694806388030508,5.105071974697678,False,True,True,True,True,False,False,False,MODEL_OUTPUT_GATE_B_WALK_GRAPH
WP_01388,45.73916668510648,9.431666643361368,097010,Brivio,3.2891796127763224,5.488242069280496,False,True,True,True,True,False,False,False,MODEL_OUTPUT_GATE_B_WALK_GRAPH
WP_01389,45.73916668510648,9.432499976691338,097010,Brivio,7.61458425963835,6.661276260088124,False,True,True,True,True,False,False,False,MODEL_OUTPUT_GATE_B_WALK_GRAPH
WP_01390,45.73916668510648,9.433333310021307,097010,Brivio,0.0725986946931196,7.1428949354145965,False,True,True,True,True,False,False,False,MODEL_OUTPUT_GATE_B_WALK_GRAPH
WP_01391,45.73916668510648,9.434166643351276,097010,Brivio,0.2631636608199083,7.751792833157295,False,True,True,True,True,False,False,False,MODEL_OUTPUT_GATE_B_WALK_GRAPH
WP_01392,45.73916668510648,9.434999976681246,097010,Brivio,0.2669858103121245,5.171322653661448,False,True,True,True,True,False,False,False,MODEL_OUTPUT_GATE_B_WALK_GRAPH
WP_01393,45.73916668510648,9.435833310011214,097010,Brivio,0.2637547352343837,4.547796171333061,True,True,True,True,False,False,False,False,MODEL_OUTPUT_GATE_B_WALK_GRAPH
WP_01394,45.73916668510648,9.436666643341184,097010,Brivio,8.517852557960037,3.4661695057287623,True,True,True,True,False,False,False,False,MODEL_OUTPUT_GATE_B_WALK_GRAPH
WP_01395,45.73916668510648,9.437499976671152,097010,Brivio,7.435101096526,3.7704948890951977,True,True,True,True,False,False,False,False,MODEL_OUTPUT_GATE_B_WALK_GRAPH
WP_01396,45.73916668510648,9.438333310001122,097010,Brivio,9.50549631098599,7.051753805396469,False,True,True,True,True,False,False,False,MODEL_OUTPUT_GATE_B_WALK_GRAPH
WP_01397,45.73916668510648,9.439166643331092,097010,Brivio,5.368701295850461,4.230359453708228,True,True,True,True,False,False,False,False,MODEL_OUTPUT_GATE_B_WALK_GRAPH
WP_01398,45.73916668510648,9.43999997666106,097010,Brivio,1.3038159268756973,4.728569187018438,True,True,True,True,False,False,False,False,MODEL_OUTPUT_GATE_B_WALK_GRAPH
WP_01399,45.73916668510648,9.44083330999103,097010,Brivio,1.100718461918073,6.247673332014195,False,True,True,True,True,False,False,False,MODEL_OUTPUT_GATE_B_WALK_GRAPH
WP_01400,45.73916668510648,9.441666643320998,097010,Brivio,2.549789545609606,6.58440822451379,False,True,True,True,True,False,False,False,MODEL_OUTPUT_GATE_B_WALK_GRAPH
WP_01401,45.73916668510648,9.442499976650968,097010,Brivio,10.324733656704934,6.194923709670225,False,True,True,True,True,False,False,False,MODEL_OUTPUT_GATE_B_WALK_GRAPH
WP_01402,45.73916668510648,9.443333309980936,097010,Brivio,17.197246609585267,6.018953324054015,False,True,True,True,True,False,False,False,MODEL_OUTPUT_GATE_B_WALK_GRAPH
WP_01403,45.73916668510648,9.444166643310906,097010,Brivio,17.239061869371167,3.9742557660879063,True,True,True,True,False,False,False,False,MODEL_OUTPUT_GATE_B_WALK_GRAPH
WP_01404,45.73916668510648,9.444999976640874,097010,Brivio,17.23634476103165,3.560793241805892,True,True,True,True,False,False,False,False,MODEL_OUTPUT_GATE_B_WALK_GRAPH
WP_01405,45.73916668510648,9.445833309970844,097010,Brivio,10.587503647880744,2.916369841071245,True,True,True,True,False,False,False,False,MODEL_OUTPUT_GATE_B_WALK_GRAPH
WP_01406,45.73916668510648,9.446666643300814,097010,Brivio,9.753991756261174,3.3354365253724123,True,True,True,True,False,False,False,False,MODEL_OUTPUT_GATE_B_WALK_GRAPH
WP_01407,45.73916668510648,9.447499976630782,097010,Brivio,12.149146264747884,3.854305516367548,True,True,True,True,False,False,False,False,MODEL_OUTPUT_GATE_B_WALK_GRAPH
WP_01408,45.7383333517765,9.343333310384637,097092,La Valletta Brianza,0.0100174775085957,28.53102792222996,False,False,False,False,True,True,True,True,MODEL_OUTPUT_GATE_B_WALK_GRAPH
WP_01409,45.7383333517765,9.344166643714606,097092,La Valletta Brianza,0.0231874562159361,28.614716853257548,False,False,False,False,True,True,True,True,MODEL_OUTPUT_GATE_B_WALK_GRAPH
WP_01410,45.7383333517765,9.344999977044576,097092,La Valletta Brianza,0.017481511538953,29.14098680842072,False,False,False,False,True,True,True,True,MODEL_OUTPUT_GATE_B_WALK_GRAPH
WP_01411,45.7383333517765,9.345833310374545,097092,La Valletta Brianza,0.0127735834183427,28.957263821269706,False,False,False,False,True,True,True,True,MODEL_OUTPUT_GATE_B_WALK_GRAPH
WP_01412,45.7383333517765,9.346666643704514,097092,La Valletta Brianza,0.0135641625944435,28.405149034772737,False,False,False,False,True,True,True,True,MODEL_OUTPUT_GATE_B_WALK_GRAPH
WP_01413,45.7383333517765,9.347499977034484,097092,La Valletta Brianza,0.0133728373461462,28.703105618830644,False,False,False,False,True,True,True,True,MODEL_OUTPUT_GATE_B_WALK_GRAPH
WP_01414,45.7383333517765,9.348333310364453,097092,La Valletta Brianza,0.0406788826493965,17.56368263121081,False,False,False,False,True,True,True,True,MODEL_OUTPUT_GATE_B_WALK_GRAPH
WP_01415,45.7383333517765,9.34916664369442,097092,La Valletta Brianza,0.1362165167521798,16.38660324299796,False,False,False,False,True,True,True,True,MODEL_OUTPUT_GATE_B_WALK_GRAPH
WP_01416,45.7383333517765,9.34999997702439,097092,La Valletta Brianza,0.1987841141074945,14.73392718837058,False,False,False,False,True,True,True,True,MODEL_OUTPUT_GATE_B_WALK_GRAPH
WP_01417,45.7383333517765,9.35083331035436,097092,La Valletta Brianza,0.2329589082128632,12.886983882466115,False,False,False,False,True,True,True,True,MODEL_OUTPUT_GATE_B_WALK_GRAPH
WP_01418,45.7383333517765,9.351666643684329,097092,La Valletta Brianza,0.3003330874032173,11.846853984480342,False,False,False,True,True,True,True,False,MODEL_OUTPUT_GATE_B_WALK_GRAPH
WP_01419,45.7383333517765,9.3524999770143,097092,La Valletta Brianza,7.450202612004213,10.987280840981033,False,False,False,True,True,True,True,False,MODEL_OUTPUT_GATE_B_WALK_GRAPH
WP_01420,45.7383333517765,9.353333310344269,097092,La Valletta Brianza,7.090498875823225,10.892609651562283,False,False,False,True,True,True,True,False,MODEL_OUTPUT_GATE_B_WALK_GRAPH
WP_01421,45.7383333517765,9.354166643674237,097092,La Valletta Brianza,7.1849641796416535,9.89197091120906,False,False,True,True,True,True,False,False,MODEL_OUTPUT_GATE_B_WALK_GRAPH
WP_01422,45.7383333517765,9.354999977004203,097092,La Valletta Brianza,7.722487151713475,10.660529748769251,False,False,False,True,True,True,True,False,MODEL_OUTPUT_GATE_B_WALK_GRAPH
WP_01423,45.7383333517765,9.355833310334177,097092,La Valletta Brianza,17.208815625369773,10.721561371303078,False,False,False,True,True,True,True,False,MODEL_OUTPUT_GATE_B_WALK_GRAPH
WP_01424,45.7383333517765,9.356666643664145,097092,La Valletta Brianza,18.885699682794307,6.64979927709872,False,True,True,True,True,False,False,False,MODEL_OUTPUT_GATE_B_WALK_GRAPH
WP_01425,45.7383333517765,9.357499976994111,097092,La Valletta Brianza,0.4927607019805337,6.076830605850802,False,True,True,True,True,False,False,False,MODEL_OUTPUT_GATE_B_WALK_GRAPH
WP_01426,45.7383333517765,9.358333310324085,097092,La Valletta Brianza,10.874514272501926,5.347738119300048,False,True,True,True,True,False,False,False,MODEL_OUTPUT_GATE_B_WALK_GRAPH
WP_01427,45.7383333517765,9.359166643654053,097092,La Valletta Brianza,12.845602922673953,4.718086167732555,True,True,True,True,False,False,False,False,MODEL_OUTPUT_GATE_B_WALK_GRAPH
WP_01428,45.7383333517765,9.35999997698402,097092,La Valletta Brianza,13.483348897414,3.6656394730890014,True,True,True,True,False,False,False,False,MODEL_OUTPUT_GATE_B_WALK_GRAPH
WP_01429,45.7383333517765,9.36083331031399,097092,La Valletta Brianza,17.594538018806414,1.81438505636848,True,True,True,True,False,False,False,False,MODEL_OUTPUT_GATE_B_WALK_GRAPH
WP_01430,45.7383333517765,9.36166664364396,097092,La Valletta Brianza,19.944544230067795,1.0864515927050906,True,True,True,True,False,False,False,False,MODEL_OUTPUT_GATE_B_WALK_GRAPH
WP_01431,45.7383333517765,9.362499976973927,097092,La Valletta Brianza,17.725921468308844,0.5393622010694765,True,True,True,True,False,False,False,False,MODEL_OUTPUT_GATE_B_WALK_GRAPH
WP_01432,45.7383333517765,9.363333310303895,097092,La Valletta Brianza,17.498675513400432,1.7363413015133742,True,True,True,True,False,False,False,False,MODEL_OUTPUT_GATE_B_WALK_GRAPH
WP_01433,45.7383333517765,9.364166643633869,097092,La Valletta Brianza,38.06517931433712,2.515284309661137,True,True,True,True,False,False,False,False,MODEL_OUTPUT_GATE_B_WALK_GRAPH
WP_01434,45.7383333517765,9.364999976963835,097092,La Valletta Brianza,34.099779953321615,3.648142557042018,True,True,True,True,False,False,False,False,MODEL_OUTPUT_GATE_B_WALK_GRAPH
WP_01435,45.7383333517765,9.365833310293803,097092,La Valletta Brianza,33.668555727085234,2.268339128830422,True,True,True,True,False,False,False,False,MODEL_OUTPUT_GATE_B_WALK_GRAPH
WP_01436,45.7383333517765,9.366666643623772,097092,La Valletta Brianza,23.628873131940612,2.7522031406205625,True,True,True,True,False,False,False,False,MODEL_OUTPUT_GATE_B_WALK_GRAPH
WP_01437,45.7383333517765,9.367499976953743,097092,La Valletta Brianza,23.566203047545773,3.3920157744027954,True,True,True,True,False,False,False,False,MODEL_OUTPUT_GATE_B_WALK_GRAPH
WP_01438,45.7383333517765,9.368333310283711,097092,La Valletta Brianza,34.508940238883746,2.429356043434632,True,True,True,True,False,False,False,False,MODEL_OUTPUT_GATE_B_WALK_GRAPH
WP_01439,45.7383333517765,9.36916664361368,097092,La Valletta Brianza,23.49411358717357,2.59538550487452,True,True,True,True,False,False,False,False,MODEL_OUTPUT_GATE_B_WALK_GRAPH
WP_01440,45.7383333517765,9.369999976943651,097092,La Valletta Brianza,18.937276381397627,1.9529236409884636,True,True,True,True,False,False,False,False,MODEL_OUTPUT_GATE_B_WALK_GRAPH
WP_01441,45.7383333517765,9.37083331027362,097092,La Valletta Brianza,18.911404682550717,2.4624883982469403,True,True,True,True,False,False,False,False,MODEL_OUTPUT_GATE_B_WALK_GRAPH
WP_01442,45.7383333517765,9.37166664360359,097092,La Valletta Brianza,19.652141742225066,3.981752372781393,True,True,True,True,False,False,False,False,MODEL_OUTPUT_GATE_B_WALK_GRAPH
WP_01443,45.7383333517765,9.372499976933558,097092,La Valletta Brianza,18.617654564165765,3.953770275013261,True,True,True,True,False,False,False,False,MODEL_OUTPUT_GATE_B_WALK_GRAPH
WP_01444,45.7383333517765,9.373333310263527,097092,La Valletta Brianza,18.48620443502713,3.2018987943053263,True,True,True,True,False,False,False,False,MODEL_OUTPUT_GATE_B_WALK_GRAPH
WP_01445,45.7383333517765,9.378333310243342,097074,Santa Maria Hoè,0.0408497385316904,7.923682780071454,False,True,True,True,True,False,False,False,MODEL_OUTPUT_GATE_B_WALK_GRAPH
WP_01446,45.7383333517765,9.379166643573312,097074,Santa Maria Hoè,0.0787893791800079,8.79484667975218,False,False,True,True,True,True,False,False,MODEL_OUTPUT_GATE_B_WALK_GRAPH
WP_01447,45.7383333517765,9.37999997690328,097074,Santa Maria Hoè,0.0902926309699039,8.866843441179487,False,False,True,True,True,True,False,False,MODEL_OUTPUT_GATE_B_WALK_GRAPH
WP_01448,45.7383333517765,9.38083331023325,097074,Santa Maria Hoè,0.1833811479010221,8.249793256979023,False,False,True,True,True,True,False,False,MODEL_OUTPUT_GATE_B_WALK_GRAPH
WP_01449,45.7383333517765,9.381666643563218,097074,Santa Maria Hoè,0.2244233366253163,9.573504551384206,False,False,True,True,True,True,False,False,MODEL_OUTPUT_GATE_B_WALK_GRAPH
WP_01450,45.7383333517765,9.382499976893188,097074,Santa Maria Hoè,2.5147459892646684,6.193557565643589,False,True,True,True,True,False,False,False,MODEL_OUTPUT_GATE_B_WALK_GRAPH
WP_01451,45.7383333517765,9.383333310223158,097074,Santa Maria Hoè,9.581713193001084,6.811003196334054,False,True,True,True,True,False,False,False,MODEL_OUTPUT_GATE_B_WALK_GRAPH
WP_01452,45.7383333517765,9.384166643553126,097074,Santa Maria Hoè,5.317758144323726,6.540147825574741,False,True,True,True,True,False,False,False,MODEL_OUTPUT_GATE_B_WALK_GRAPH
WP_01453,45.7383333517765,9.384999976883096,097074,Santa Maria Hoè,10.195880525577534,4.27623871675173,True,True,True,True,False,False,False,False,MODEL_OUTPUT_GATE_B_WALK_GRAPH
WP_01454,45.7383333517765,9.385833310213064,097074,Santa Maria Hoè,10.133676404875844,4.965244793969731,True,True,True,True,False,False,False,False,MODEL_OUTPUT_GATE_B_WALK_GRAPH
WP_01455,45.7383333517765,9.386666643543034,097074,Santa Maria Hoè,11.41799708545942,1.4562898267450015,True,True,True,True,False,False,False,False,MODEL_OUTPUT_GATE_B_WALK_GRAPH
WP_01456,45.7383333517765,9.387499976873002,097074,Santa Maria Hoè,11.689491967045226,0.3243972187659764,True,True,True,True,False,False,False,False,MODEL_OUTPUT_GATE_B_WALK_GRAPH
WP_01457,45.7383333517765,9.388333310202972,097074,Santa Maria Hoè,0.4196291930499827,1.512126420307767,True,True,True,True,False,False,False,False,MODEL_OUTPUT_GATE_B_WALK_GRAPH
WP_01458,45.7383333517765,9.389166643532942,097074,Santa Maria Hoè,0.2160118898754136,3.570185549247305,True,True,True,True,False,False,False,False,MODEL_OUTPUT_GATE_B_WALK_GRAPH
WP_01459,45.7383333517765,9.38999997686291,097058,Olgiate Molgora,0.676369558298572,5.168486172334687,False,True,True,True,True,False,False,False,MODEL_OUTPUT_GATE_B_WALK_GRAPH
WP_01460,45.7383333517765,9.39083331019288,097058,Olgiate Molgora,0.6214645439848919,5.161636378243527,False,True,True,True,True,False,False,False,MODEL_OUTPUT_GATE_B_WALK_GRAPH
WP_01461,45.7383333517765,9.391666643522848,097058,Olgiate Molgora,1.3374228898428393,5.324039332634087,False,True,True,True,True,False,False,False,MODEL_OUTPUT_GATE_B_WALK_GRAPH
WP_01462,45.7383333517765,9.392499976852818,097058,Olgiate Molgora,0.1513497069483682,6.931075853664207,False,True,True,True,True,False,False,False,MODEL_OUTPUT_GATE_B_WALK_GRAPH
WP_01463,45.7383333517765,9.393333310182786,097058,Olgiate Molgora,0.1532924779469046,9.238964472427927,False,False,True,True,True,True,False,False,MODEL_OUTPUT_GATE_B_WALK_GRAPH
WP_01464,45.7383333517765,9.394166643512756,097058,Olgiate Molgora,0.086350466457173,9.789337140998931,False,False,True,True,True,True,False,False,MODEL_OUTPUT_GATE_B_WALK_GRAPH
WP_01465,45.7383333517765,9.394999976842726,097058,Olgiate Molgora,0.0080769403557534,10.550642907322835,False,False,False,True,True,True,True,False,MODEL_OUTPUT_GATE_B_WALK_GRAPH
WP_01466,45.7383333517765,9.395833310172694,097058,Olgiate Molgora,0.0062859648899079,11.282023462383716,False,False,False,True,True,True,True,False,MODEL_OUTPUT_GATE_B_WALK_GRAPH
WP_01467,45.7383333517765,9.396666643502664,097058,Olgiate Molgora,0.0083067447288398,11.510692608627776,False,False,False,True,True,True,True,False,MODEL_OUTPUT_GATE_B_WALK_GRAPH
WP_01468,45.7383333517765,9.397499976832632,097058,Olgiate Molgora,0.00646876482598,12.285635746728008,False,False,False,False,True,True,True,True,MODEL_OUTPUT_GATE_B_WALK_GRAPH
WP_01469,45.7383333517765,9.398333310162602,097058,Olgiate Molgora,0.0102005360513432,17.255017374062128,False,False,False,False,True,True,True,True,MODEL_OUTPUT_GATE_B_WALK_GRAPH
WP_01470,45.7383333517765,9.39916664349257,097058,Olgiate Molgora,0.0187322585277876,17.47841562246635,False,False,False,False,True,True,True,True,MODEL_OUTPUT_GATE_B_WALK_GRAPH
WP_01471,45.7383333517765,9.39999997682254,097058,Olgiate Molgora,0.0208438198371759,16.307938714878418,False,False,False,False,True,True,True,True,MODEL_OUTPUT_GATE_B_WALK_GRAPH
WP_01472,45.7383333517765,9.400833310152509,097058,Olgiate Molgora,0.1089109781553138,16.3198476132225,False,False,False,False,True,True,True,True,MODEL_OUTPUT_GATE_B_WALK_GRAPH
WP_01473,45.7383333517765,9.401666643482478,097058,Olgiate Molgora,0.258580798790249,15.62565334428056,False,False,False,False,True,True,True,True,MODEL_OUTPUT_GATE_B_WALK_GRAPH
WP_01474,45.7383333517765,9.402499976812448,097058,Olgiate Molgora,0.2617987844669592,9.887791943179971,False,False,True,True,True,True,False,False,MODEL_OUTPUT_GATE_B_WALK_GRAPH
WP_01475,45.7383333517765,9.403333310142417,097058,Olgiate Molgora,0.2700976236429383,9.222766719769458,False,False,True,True,True,True,False,False,MODEL_OUTPUT_GATE_B_WALK_GRAPH
WP_01476,45.7383333517765,9.404166643472388,097058,Olgiate Molgora,0.2773569860454225,8.776787413929442,False,False,True,True,True,True,False,False,MODEL_OUTPUT_GATE_B_WALK_GRAPH
WP_01477,45.7383333517765,9.404999976802356,097058,Olgiate Molgora,0.1677367421707246,8.838325587069018,False,False,True,True,True,True,False,False,MODEL_OUTPUT_GATE_B_WALK_GRAPH
WP_01478,45.7383333517765,9.405833310132325,097058,Olgiate Molgora,12.11307011856314,8.095056402524863,False,False,True,True,True,True,False,False,MODEL_OUTPUT_GATE_B_WALK_GRAPH
WP_01479,45.7383333517765,9.406666643462293,097058,Olgiate Molgora,12.281367153806949,9.65471457541596,False,False,True,True,True,True,False,False,MODEL_OUTPUT_GATE_B_WALK_GRAPH
WP_01480,45.7383333517765,9.407499976792264,097058,Olgiate Molgora,22.84969494261947,8.73999402596071,False,False,True,True,True,True,False,False,MODEL_OUTPUT_GATE_B_WALK_GRAPH
WP_01481,45.7383333517765,9.408333310122233,097058,Olgiate Molgora,15.954917434537476,9.241411444466603,False,False,True,True,True,True,False,False,MODEL_OUTPUT_GATE_B_WALK_GRAPH
WP_01482,45.7383333517765,9.4091666434522,097058,Olgiate Molgora,15.898787983484404,10.315752828130458,False,False,False,True,True,True,True,False,MODEL_OUTPUT_GATE_B_WALK_GRAPH
WP_01483,45.7383333517765,9.40999997678217,097058,Olgiate Molgora,15.436530105762602,10.918226241141308,False,False,False,True,True,True,True,False,MODEL_OUTPUT_GATE_B_WALK_GRAPH
WP_01484,45.7383333517765,9.41083331011214,097058,Olgiate Molgora,15.604419505363424,10.551263449108124,False,False,False,True,True,True,True,False,MODEL_OUTPUT_GATE_B_WALK_GRAPH
WP_01485,45.7383333517765,9.411666643442109,097058,Olgiate Molgora,14.663657633774385,9.459617029892083,False,False,True,True,True,True,False,False,MODEL_OUTPUT_GATE_B_WALK_GRAPH
WP_01486,45.7383333517765,9.412499976772075,097058,Olgiate Molgora,10.504073867554029,8.973879448254387,False,False,True,True,True,True,False,False,MODEL_OUTPUT_GATE_B_WALK_GRAPH
WP_01487,45.7383333517765,9.413333310102049,097058,Olgiate Molgora,17.808428230388472,7.307057970894814,False,True,True,True,True,False,False,False,MODEL_OUTPUT_GATE_B_WALK_GRAPH
WP_01488,45.7383333517765,9.414166643432017,097058,Olgiate Molgora,17.644268743992043,6.727587159139903,False,True,True,True,True,False,False,False,MODEL_OUTPUT_GATE_B_WALK_GRAPH
WP_01489,45.7383333517765,9.414999976761983,097058,Olgiate Molgora,18.33005310876201,6.35734858048966,False,True,True,True,True,False,False,False,MODEL_OUTPUT_GATE_B_WALK_GRAPH
WP_01490,45.7383333517765,9.415833310091957,097058,Olgiate Molgora,18.200526647848463,5.643111676151743,False,True,True,True,True,False,False,False,MODEL_OUTPUT_GATE_B_WALK_GRAPH
WP_01491,45.7383333517765,9.416666643421925,097058,Olgiate Molgora,18.49061071531997,4.433453206414449,True,True,True,True,False,False,False,False,MODEL_OUTPUT_GATE_B_WALK_GRAPH
WP_01492,45.7383333517765,9.417499976751891,097058,Olgiate Molgora,19.168155756423907,3.551187454425904,True,True,True,True,False,False,False,False,MODEL_OUTPUT_GATE_B_WALK_GRAPH
WP_01493,45.7383333517765,9.41833331008186,097058,Olgiate Molgora,19.80019435015936,3.547053798945186,True,True,True,True,False,False,False,False,MODEL_OUTPUT_GATE_B_WALK_GRAPH
WP_01494,45.7383333517765,9.419166643411833,097058,Olgiate Molgora,19.822231151847504,3.864031484592261,True,True,True,True,False,False,False,False,MODEL_OUTPUT_GATE_B_WALK_GRAPH
WP_01495,45.7383333517765,9.4199999767418,097058,Olgiate Molgora,19.71359484085961,4.636360944028056,True,True,True,True,False,False,False,False,MODEL_OUTPUT_GATE_B_WALK_GRAPH
WP_01496,45.7383333517765,9.42083331007177,097058,Olgiate Molgora,18.40193631235478,4.607783665369968,True,True,True,True,False,False,False,False,MODEL_OUTPUT_GATE_B_WALK_GRAPH
WP_01497,45.7383333517765,9.42166664340174,097058,Olgiate Molgora,18.422310563129507,4.951049100252695,True,True,True,True,False,False,False,False,MODEL_OUTPUT_GATE_B_WALK_GRAPH
WP_01498,45.7383333517765,9.422499976731707,097010,Brivio,9.044848365663023,4.142719014193817,True,True,True,True,False,False,False,False,MODEL_OUTPUT_GATE_B_WALK_GRAPH
WP_01499,45.7383333517765,9.423333310061675,097010,Brivio,16.203725245410794,3.79132666250466,True,True,True,True,False,False,False,False,MODEL_OUTPUT_GATE_B_WALK_GRAPH
WP_01500,45.7383333517765,9.424166643391644,097010,Brivio,16.503129184765644,3.8128132502147114,True,True,True,True,False,False,False,False,MODEL_OUTPUT_GATE_B_WALK_GRAPH
WP_01501,45.7383333517765,9.424999976721615,097010,Brivio,16.57833439882404,3.826808778033899,True,True,True,True,False,False,False,False,MODEL_OUTPUT_GATE_B_WALK_GRAPH
WP_01502,45.7383333517765,9.425833310051583,097010,Brivio,15.546436311133425,3.335116303758753,True,True,True,True,False,False,False,False,MODEL_OUTPUT_GATE_B_WALK_GRAPH
WP_01503,45.7383333517765,9.426666643381552,097010,Brivio,15.80788179305304,2.762885374707133,True,True,True,True,False,False,False,False,MODEL_OUTPUT_GATE_B_WALK_GRAPH
WP_01504,45.7383333517765,9.427499976711523,097010,Brivio,16.60082835957034,3.3301065632745828,True,True,True,True,False,False,False,False,MODEL_OUTPUT_GATE_B_WALK_GRAPH
WP_01505,45.7383333517765,9.428333310041491,097010,Brivio,16.967597455746173,2.5430929970014007,True,True,True,True,False,False,False,False,MODEL_OUTPUT_GATE_B_WALK_GRAPH
WP_01506,45.7383333517765,9.42916664337146,097010,Brivio,15.41783732430534,3.600873652923836,True,True,True,True,False,False,False,False,MODEL_OUTPUT_GATE_B_WALK_GRAPH
WP_01507,45.7383333517765,9.42999997670143,097010,Brivio,16.436955599919337,2.9504893879475604,True,True,True,True,False,False,False,False,MODEL_OUTPUT_GATE_B_WALK_GRAPH
WP_01508,45.7383333517765,9.4308333100314,097010,Brivio,8.293628704274997,3.928600328272216,True,True,True,True,False,False,False,False,MODEL_OUTPUT_GATE_B_WALK_GRAPH
WP_01509,45.7383333517765,9.431666643361368,097010,Brivio,15.562357982375907,4.760951319110552,True,True,True,True,False,False,False,False,MODEL_OUTPUT_GATE_B_WALK_GRAPH
WP_01510,45.7383333517765,9.432499976691338,097010,Brivio,15.61354045695043,5.689626001807676,False,True,True,True,True,False,False,False,MODEL_OUTPUT_GATE_B_WALK_GRAPH
WP_01511,45.7383333517765,9.433333310021307,097010,Brivio,0.3174644873580716,5.45663958265797,False,True,True,True,True,False,False,False,MODEL_OUTPUT_GATE_B_WALK_GRAPH
WP_01512,45.7383333517765,9.434166643351276,097010,Brivio,0.3176865392273307,7.680446272953827,False,True,True,True,True,False,False,False,MODEL_OUTPUT_GATE_B_WALK_GRAPH
WP_01513,45.7383333517765,9.434999976681246,097010,Brivio,0.3569494690685954,2.903352588208977,True,True,True,True,False,False,False,False,MODEL_OUTPUT_GATE_B_WALK_GRAPH
WP_01514,45.7383333517765,9.435833310011214,097010,Brivio,8.094885036611553,2.96201331298796,True,True,True,True,False,False,False,False,MODEL_OUTPUT_GATE_B_WALK_GRAPH
WP_01515,45.7383333517765,9.436666643341184,097010,Brivio,8.335146476363821,2.161192595437115,True,True,True,True,False,False,False,False,MODEL_OUTPUT_GATE_B_WALK_GRAPH
WP_01516,45.7383333517765,9.437499976671152,097010,Brivio,14.058778965588708,2.0967472752182164,True,True,True,True,False,False,False,False,MODEL_OUTPUT_GATE_B_WALK_GRAPH
WP_01517,45.7383333517765,9.438333310001122,097010,Brivio,9.77670295597973,5.118116981930541,False,True,True,True,True,False,False,False,MODEL_OUTPUT_GATE_B_WALK_GRAPH
WP_01518,45.7383333517765,9.439166643331092,097010,Brivio,5.763914106714139,4.714174517332672,True,True,True,True,False,False,False,False,MODEL_OUTPUT_GATE_B_WALK_GRAPH
WP_01519,45.7383333517765,9.43999997666106,097010,Brivio,1.0126410281605345,11.641285440446753,False,False,False,True,True,True,True,False,MODEL_OUTPUT_GATE_B_WALK_GRAPH
WP_01520,45.7383333517765,9.44083330999103,097010,Brivio,0.3119196753720344,12.62967415276009,False,False,False,False,True,True,True,True,MODEL_OUTPUT_GATE_B_WALK_GRAPH
WP_01521,45.7383333517765,9.441666643320998,097010,Brivio,0.875516526237159,13.267780906249222,False,False,False,False,True,True,True,True,MODEL_OUTPUT_GATE_B_WALK_GRAPH
WP_01522,45.7383333517765,9.442499976650968,097010,Brivio,5.231606481902305,6.71810728803646,False,True,True,True,True,False,False,False,MODEL_OUTPUT_GATE_B_WALK_GRAPH
WP_01523,45.7383333517765,9.443333309980936,097010,Brivio,13.530502420661248,5.958902474445339,False,True,True,True,True,False,False,False,MODEL_OUTPUT_GATE_B_WALK_GRAPH
WP_01524,45.7383333517765,9.444166643310906,097010,Brivio,5.08813108373741,7.200241007157503,False,True,True,True,True,False,False,False,MODEL_OUTPUT_GATE_B_WALK_GRAPH
WP_01525,45.7383333517765,9.444999976640874,097010,Brivio,4.612632260762804,8.1743197478578,False,False,True,True,True,True,False,False,MODEL_OUTPUT_GATE_B_WALK_GRAPH
WP_01526,45.7383333517765,9.445833309970844,097010,Brivio,4.445071302142584,4.320560377536574,True,True,True,True,False,False,False,False,MODEL_OUTPUT_GATE_B_WALK_GRAPH
WP_01527,45.7383333517765,9.446666643300814,097010,Brivio,5.737039295126273,4.563292230394339,True,True,True,True,False,False,False,False,MODEL_OUTPUT_GATE_B_WALK_GRAPH
WP_01528,45.7383333517765,9.447499976630782,097010,Brivio,5.548887243249912,7.195920549481521,False,True,True,True,True,False,False,False,MODEL_OUTPUT_GATE_B_WALK_GRAPH
WP_01529,45.73750001844652,9.344166643714606,097092,La Valletta Brianza,0.0229971814049587,30.70260286871761,False,False,False,False,True,True,True,True,MODEL_OUTPUT_GATE_B_WALK_GRAPH
WP_01530,45.73750001844652,9.344999977044576,097092,La Valletta Brianza,0.0166697548267703,29.87401696576362,False,False,False,False,True,True,True,True,MODEL_OUTPUT_GATE_B_WALK_GRAPH
WP_01531,45.73750001844652,9.345833310374545,097092,La Valletta Brianza,0.018467258713253,28.97734050095984,False,False,False,False,True,True,True,True,MODEL_OUTPUT_GATE_B_WALK_GRAPH
WP_01532,45.73750001844652,9.346666643704514,097092,La Valletta Brianza,0.0145677800551884,27.739628539953674,False,False,False,False,True,True,True,True,MODEL_OUTPUT_GATE_B_WALK_GRAPH
WP_01533,45.73750001844652,9.347499977034484,097092,La Valletta Brianza,0.0136477366214088,26.40676931357366,False,False,False,False,True,True,True,True,MODEL_OUTPUT_GATE_B_WALK_GRAPH
WP_01534,45.73750001844652,9.348333310364453,097092,La Valletta Brianza,0.0108624660820266,26.18392211970348,False,False,False,False,True,True,True,True,MODEL_OUTPUT_GATE_B_WALK_GRAPH
WP_01535,45.73750001844652,9.34916664369442,097092,La Valletta Brianza,0.0138745179848553,25.773954189805227,False,False,False,False,True,True,True,True,MODEL_OUTPUT_GATE_B_WALK_GRAPH
WP_01536,45.73750001844652,9.34999997702439,097092,La Valletta Brianza,0.0197035737443727,24.8763085438716,False,False,False,False,True,True,True,True,MODEL_OUTPUT_GATE_B_WALK_GRAPH
WP_01537,45.73750001844652,9.35083331035436,097092,La Valletta Brianza,0.0802577637879424,24.230326729751592,False,False,False,False,True,True,True,True,MODEL_OUTPUT_GATE_B_WALK_GRAPH
WP_01538,45.73750001844652,9.351666643684329,097092,La Valletta Brianza,0.1627533669043136,12.623147434068963,False,False,False,False,True,True,True,True,MODEL_OUTPUT_GATE_B_WALK_GRAPH
WP_01539,45.73750001844652,9.3524999770143,097092,La Valletta Brianza,4.212338181376597,11.721682517465894,False,False,False,True,True,True,True,False,MODEL_OUTPUT_GATE_B_WALK_GRAPH
WP_01540,45.73750001844652,9.353333310344269,097092,La Valletta Brianza,4.772752886711586,10.685323785636406,False,False,False,True,True,True,True,False,MODEL_OUTPUT_GATE_B_WALK_GRAPH
WP_01541,45.73750001844652,9.354166643674237,097092,La Valletta Brianza,0.2690475065806778,9.59189589280603,False,False,True,True,True,True,False,False,MODEL_OUTPUT_GATE_B_WALK_GRAPH
WP_01542,45.73750001844652,9.354999977004203,097092,La Valletta Brianza,9.578763996706876,8.478782492365795,False,False,True,True,True,True,False,False,MODEL_OUTPUT_GATE_B_WALK_GRAPH
WP_01543,45.73750001844652,9.355833310334177,097092,La Valletta Brianza,14.344420766344609,7.70436548320893,False,True,True,True,True,False,False,False,MODEL_OUTPUT_GATE_B_WALK_GRAPH
WP_01544,45.73750001844652,9.356666643664145,097092,La Valletta Brianza,18.18049760503456,9.51077038869924,False,False,True,True,True,True,False,False,MODEL_OUTPUT_GATE_B_WALK_GRAPH
WP_01545,45.73750001844652,9.357499976994111,097092,La Valletta Brianza,18.602165586566628,10.141442482659285,False,False,False,True,True,True,True,False,MODEL_OUTPUT_GATE_B_WALK_GRAPH
WP_01546,45.73750001844652,9.358333310324085,097092,La Valletta Brianza,17.517612530082197,10.7715618039888,False,False,False,True,True,True,True,False,MODEL_OUTPUT_GATE_B_WALK_GRAPH
WP_01547,45.73750001844652,9.359166643654053,097092,La Valletta Brianza,17.833544155868378,10.700829992135766,False,False,False,True,True,True,True,False,MODEL_OUTPUT_GATE_B_WALK_GRAPH
WP_01548,45.73750001844652,9.35999997698402,097092,La Valletta Brianza,17.916351490396643,4.668308172634946,True,True,True,True,False,False,False,False,MODEL_OUTPUT_GATE_B_WALK_GRAPH
WP_01549,45.73750001844652,9.36083331031399,097092,La Valletta Brianza,18.20620085006369,4.71400130312918,True,True,True,True,False,False,False,False,MODEL_OUTPUT_GATE_B_WALK_GRAPH
WP_01550,45.73750001844652,9.36166664364396,097092,La Valletta Brianza,18.76449365144924,2.576692995860434,True,True,True,True,False,False,False,False,MODEL_OUTPUT_GATE_B_WALK_GRAPH
WP_01551,45.73750001844652,9.362499976973927,097092,La Valletta Brianza,18.69241822889518,4.497523752463144,True,True,True,True,False,False,False,False,MODEL_OUTPUT_GATE_B_WALK_GRAPH
WP_01552,45.73750001844652,9.363333310303895,097092,La Valletta Brianza,19.842726180312493,3.229747009650681,True,True,True,True,False,False,False,False,MODEL_OUTPUT_GATE_B_WALK_GRAPH
WP_01553,45.73750001844652,9.364166643633869,097092,La Valletta Brianza,17.23132526677022,3.896335772273308,True,True,True,True,False,False,False,False,MODEL_OUTPUT_GATE_B_WALK_GRAPH
WP_01554,45.73750001844652,9.364999976963835,097092,La Valletta Brianza,18.484521651576628,7.633741759678987,False,True,True,True,True,False,False,False,MODEL_OUTPUT_GATE_B_WALK_GRAPH
WP_01555,45.73750001844652,9.365833310293803,097092,La Valletta Brianza,18.47380553214784,4.39723251206206,True,True,True,True,False,False,False,False,MODEL_OUTPUT_GATE_B_WALK_GRAPH
WP_01556,45.73750001844652,9.366666643623772,097092,La Valletta Brianza,30.573529166887067,4.07999925061465,True,True,True,True,False,False,False,False,MODEL_OUTPUT_GATE_B_WALK_GRAPH
WP_01557,45.73750001844652,9.367499976953743,097092,La Valletta Brianza,30.904372465001053,3.473272089189683,True,True,True,True,False,False,False,False,MODEL_OUTPUT_GATE_B_WALK_GRAPH
WP_01558,45.73750001844652,9.368333310283711,097092,La Valletta Brianza,30.881427651238013,1.597673291390958,True,True,True,True,False,False,False,False,MODEL_OUTPUT_GATE_B_WALK_GRAPH
WP_01559,45.73750001844652,9.36916664361368,097092,La Valletta Brianza,31.20447294137074,0.7754668202640007,True,True,True,True,False,False,False,False,MODEL_OUTPUT_GATE_B_WALK_GRAPH
WP_01560,45.73750001844652,9.369999976943651,097092,La Valletta Brianza,30.90848554571844,0.9415870810949538,True,True,True,True,False,False,False,False,MODEL_OUTPUT_GATE_B_WALK_GRAPH
WP_01561,45.73750001844652,9.37083331027362,097092,La Valletta Brianza,18.48491997466658,2.455197823822333,True,True,True,True,False,False,False,False,MODEL_OUTPUT_GATE_B_WALK_GRAPH
WP_01562,45.73750001844652,9.37166664360359,097092,La Valletta Brianza,18.626308879054054,2.7575461595780384,True,True,True,True,False,False,False,False,MODEL_OUTPUT_GATE_B_WALK_GRAPH
WP_01563,45.73750001844652,9.372499976933558,097092,La Valletta Brianza,18.288887108410428,2.896394049195941,True,True,True,True,False,False,False,False,MODEL_OUTPUT_GATE_B_WALK_GRAPH
WP_01564,45.73750001844652,9.373333310263527,097092,La Valletta Brianza,18.91710754617337,4.653945828831562,True,True,True,True,False,False,False,False,MODEL_OUTPUT_GATE_B_WALK_GRAPH
WP_01565,45.73750001844652,9.374166643593496,097092,La Valletta Brianza,21.799773502881894,1.1140734938032295,True,True,True,True,False,False,False,False,MODEL_OUTPUT_GATE_B_WALK_GRAPH
WP_01566,45.73750001844652,9.374999976923466,097092,La Valletta Brianza,18.385648034177887,0.8891181053103759,True,True,True,True,False,False,False,False,MODEL_OUTPUT_GATE_B_WALK_GRAPH
WP_01567,45.73750001844652,9.375833310253434,097092,La Valletta Brianza,16.008171567527977,3.888404458814665,True,True,True,True,False,False,False,False,MODEL_OUTPUT_GATE_B_WALK_GRAPH
WP_01568,45.73750001844652,9.376666643583404,097092,La Valletta Brianza,10.423258957131871,3.271572478072757,True,True,True,True,False,False,False,False,MODEL_OUTPUT_GATE_B_WALK_GRAPH
WP_01569,45.73750001844652,9.379166643573312,097074,Santa Maria Hoè,0.1887191318680815,9.511276967103976,False,False,True,True,True,True,False,False,MODEL_OUTPUT_GATE_B_WALK_GRAPH
WP_01570,45.73750001844652,9.37999997690328,097074,Santa Maria Hoè,0.0716959384123034,9.751522682798626,False,False,True,True,True,True,False,False,MODEL_OUTPUT_GATE_B_WALK_GRAPH
WP_01571,45.73750001844652,9.38083331023325,097074,Santa Maria Hoè,0.0802604842714666,7.975523613185684,False,True,True,True,True,False,False,False,MODEL_OUTPUT_GATE_B_WALK_GRAPH
WP_01572,45.73750001844652,9.381666643563218,097074,Santa Maria Hoè,0.0747387907179672,7.004349860823669,False,True,True,True,True,False,False,False,MODEL_OUTPUT_GATE_B_WALK_GRAPH
WP_01573,45.73750001844652,9.382499976893188,097074,Santa Maria Hoè,0.1715669855077624,6.56187453932344,False,True,True,True,True,False,False,False,MODEL_OUTPUT_GATE_B_WALK_GRAPH
WP_01574,45.73750001844652,9.383333310223158,097074,Santa Maria Hoè,6.288556198688461,6.347532835890165,False,True,True,True,True,False,False,False,MODEL_OUTPUT_GATE_B_WALK_GRAPH
WP_01575,45.73750001844652,9.384166643553126,097074,Santa Maria Hoè,7.176165949394451,6.733685729780907,False,True,True,True,True,False,False,False,MODEL_OUTPUT_GATE_B_WALK_GRAPH
WP_01576,45.73750001844652,9.384999976883096,097074,Santa Maria Hoè,11.782172322031396,6.47318559378718,False,True,True,True,True,False,False,False,MODEL_OUTPUT_GATE_B_WALK_GRAPH
WP_01577,45.73750001844652,9.385833310213064,097074,Santa Maria Hoè,7.335154818833613,5.752476493615529,False,True,True,True,True,False,False,False,MODEL_OUTPUT_GATE_B_WALK_GRAPH
WP_01578,45.73750001844652,9.386666643543034,097074,Santa Maria Hoè,10.672477191660567,6.82194325318406,False,True,True,True,True,False,False,False,MODEL_OUTPUT_GATE_B_WALK_GRAPH
WP_01579,45.73750001844652,9.387499976873002,097074,Santa Maria Hoè,11.285242502974343,1.6877753055677502,True,True,True,True,False,False,False,False,MODEL_OUTPUT_GATE_B_WALK_GRAPH
WP_01580,45.73750001844652,9.388333310202972,097074,Santa Maria Hoè,6.662003059113292,2.011881595715953,True,True,True,True,False,False,False,False,MODEL_OUTPUT_GATE_B_WALK_GRAPH
WP_01581,45.73750001844652,9.389166643532942,097074,Santa Maria Hoè,7.721232686173353,2.7012406426267885,True,True,True,True,False,False,False,False,MODEL_OUTPUT_GATE_B_WALK_GRAPH
WP_01582,45.73750001844652,9.38999997686291,097058,Olgiate Molgora,1.3449894499491368,8.487882903260555,False,False,True,True,True,True,False,False,MODEL_OUTPUT_GATE_B_WALK_GRAPH
WP_01583,45.73750001844652,9.39083331019288,097058,Olgiate Molgora,1.368283991173134,9.507571584609195,False,False,True,True,True,True,False,False,MODEL_OUTPUT_GATE_B_WALK_GRAPH
WP_01584,45.73750001844652,9.391666643522848,097058,Olgiate Molgora,0.0591161779335484,10.361594092624529,False,False,False,True,True,True,True,False,MODEL_OUTPUT_GATE_B_WALK_GRAPH
WP_01585,45.73750001844652,9.392499976852818,097058,Olgiate Molgora,0.1764928916997899,8.034600022949515,False,False,True,True,True,True,False,False,MODEL_OUTPUT_GATE_B_WALK_GRAPH
WP_01586,45.73750001844652,9.393333310182786,097058,Olgiate Molgora,0.0599192879620161,12.210122310264357,False,False,False,False,True,True,True,True,MODEL_OUTPUT_GATE_B_WALK_GRAPH
WP_01587,45.73750001844652,9.394166643512756,097058,Olgiate Molgora,0.0270084925480813,10.900888593793264,False,False,False,True,True,True,True,False,MODEL_OUTPUT_GATE_B_WALK_GRAPH
WP_01588,45.73750001844652,9.394999976842726,097058,Olgiate Molgora,0.0103649732056891,11.685132504151614,False,False,False,True,True,True,True,False,MODEL_OUTPUT_GATE_B_WALK_GRAPH
WP_01589,45.73750001844652,9.395833310172694,097058,Olgiate Molgora,0.0079064032661557,12.353068848255829,False,False,False,False,True,True,True,True,MODEL_OUTPUT_GATE_B_WALK_GRAPH
WP_01590,45.73750001844652,9.396666643502664,097058,Olgiate Molgora,0.0299756941196104,12.42858484693832,False,False,False,False,True,True,True,True,MODEL_OUTPUT_GATE_B_WALK_GRAPH
WP_01591,45.73750001844652,9.397499976832632,097058,Olgiate Molgora,0.0459484596171778,15.828273562759206,False,False,False,False,True,True,True,True,MODEL_OUTPUT_GATE_B_WALK_GRAPH
WP_01592,45.73750001844652,9.398333310162602,097058,Olgiate Molgora,0.0732226261802125,15.64565497969414,False,False,False,False,True,True,True,True,MODEL_OUTPUT_GATE_B_WALK_GRAPH
WP_01593,45.73750001844652,9.39916664349257,097058,Olgiate Molgora,0.0218080398661573,16.269047109002422,False,False,False,False,True,True,True,True,MODEL_OUTPUT_GATE_B_WALK_GRAPH
WP_01594,45.73750001844652,9.39999997682254,097058,Olgiate Molgora,0.0458737783902932,17.198541388125633,False,False,False,False,True,True,True,True,MODEL_OUTPUT_GATE_B_WALK_GRAPH
WP_01595,45.73750001844652,9.400833310152509,097058,Olgiate Molgora,0.0941013613664458,18.485312113614626,False,False,False,False,True,True,True,True,MODEL_OUTPUT_GATE_B_WALK_GRAPH
WP_01596,45.73750001844652,9.401666643482478,097058,Olgiate Molgora,0.1143994967169981,10.090442883385984,False,False,False,True,True,True,True,False,MODEL_OUTPUT_GATE_B_WALK_GRAPH
WP_01597,45.73750001844652,9.402499976812448,097058,Olgiate Molgora,4.426409066496591,10.32012493930563,False,False,False,True,True,True,True,False,MODEL_OUTPUT_GATE_B_WALK_GRAPH
WP_01598,45.73750001844652,9.403333310142417,097058,Olgiate Molgora,9.39479749228347,8.244773209903808,False,False,True,True,True,True,False,False,MODEL_OUTPUT_GATE_B_WALK_GRAPH
WP_01599,45.73750001844652,9.404166643472388,097058,Olgiate Molgora,9.63820963218786,7.526970035302814,False,True,True,True,True,False,False,False,MODEL_OUTPUT_GATE_B_WALK_GRAPH
WP_01600,45.73750001844652,9.404999976802356,097058,Olgiate Molgora,0.2925190255591904,6.75656091467388,False,True,True,True,True,False,False,False,MODEL_OUTPUT_GATE_B_WALK_GRAPH
WP_01601,45.73750001844652,9.405833310132325,097058,Olgiate Molgora,8.294773410544654,9.584022112551942,False,False,True,True,True,True,False,False,MODEL_OUTPUT_GATE_B_WALK_GRAPH
WP_01602,45.73750001844652,9.406666643462293,097058,Olgiate Molgora,16.048106896495163,7.338233065064644,False,True,True,True,True,False,False,False,MODEL_OUTPUT_GATE_B_WALK_GRAPH
WP_01603,45.73750001844652,9.407499976792264,097058,Olgiate Molgora,16.387916863879852,7.997600943794223,False,True,True,True,True,False,False,False,MODEL_OUTPUT_GATE_B_WALK_GRAPH
WP_01604,45.73750001844652,9.408333310122233,097058,Olgiate Molgora,23.11944994756306,7.71925159896449,False,True,True,True,True,False,False,False,MODEL_OUTPUT_GATE_B_WALK_GRAPH
WP_01605,45.73750001844652,9.4091666434522,097058,Olgiate Molgora,23.13671938921409,8.30947678050119,False,False,True,True,True,True,False,False,MODEL_OUTPUT_GATE_B_WALK_GRAPH
WP_01606,45.73750001844652,9.40999997678217,097058,Olgiate Molgora,23.11040288398552,10.751077635604872,False,False,False,True,True,True,True,False,MODEL_OUTPUT_GATE_B_WALK_GRAPH
WP_01607,45.73750001844652,9.41083331011214,097058,Olgiate Molgora,24.57767843739848,9.35131932602101,False,False,True,True,True,True,False,False,MODEL_OUTPUT_GATE_B_WALK_GRAPH
WP_01608,45.73750001844652,9.411666643442109,097058,Olgiate Molgora,16.02322700094603,8.532350024407423,False,False,True,True,True,True,False,False,MODEL_OUTPUT_GATE_B_WALK_GRAPH
WP_01609,45.73750001844652,9.412499976772075,097058,Olgiate Molgora,11.417042143097314,7.612724615161252,False,True,True,True,True,False,False,False,MODEL_OUTPUT_GATE_B_WALK_GRAPH
WP_01610,45.73750001844652,9.413333310102049,097058,Olgiate Molgora,17.065885544797506,7.084954625785403,False,True,True,True,True,False,False,False,MODEL_OUTPUT_GATE_B_WALK_GRAPH
WP_01611,45.73750001844652,9.414166643432017,097058,Olgiate Molgora,17.296942464890076,6.00869837727062,False,True,True,True,True,False,False,False,MODEL_OUTPUT_GATE_B_WALK_GRAPH
WP_01612,45.73750001844652,9.414999976761983,097058,Olgiate Molgora,18.412099902196932,6.094277583889134,False,True,True,True,True,False,False,False,MODEL_OUTPUT_GATE_B_WALK_GRAPH
WP_01613,45.73750001844652,9.415833310091957,097058,Olgiate Molgora,18.4462076143108,4.971048234632712,True,True,True,True,False,False,False,False,MODEL_OUTPUT_GATE_B_WALK_GRAPH
WP_01614,45.73750001844652,9.416666643421925,097058,Olgiate Molgora,18.43563544740385,3.8340290423790586,True,True,True,True,False,False,False,False,MODEL_OUTPUT_GATE_B_WALK_GRAPH
WP_01615,45.73750001844652,9.417499976751891,097058,Olgiate Molgora,17.748056732667308,3.785387141759128,True,True,True,True,False,False,False,False,MODEL_OUTPUT_GATE_B_WALK_GRAPH
WP_01616,45.73750001844652,9.41833331008186,097058,Olgiate Molgora,22.251148371135265,3.448751552651795,True,True,True,True,False,False,False,False,MODEL_OUTPUT_GATE_B_WALK_GRAPH
WP_01617,45.73750001844652,9.419166643411833,097058,Olgiate Molgora,18.46852495969781,2.125156540532578,True,True,True,True,False,False,False,False,MODEL_OUTPUT_GATE_B_WALK_GRAPH
WP_01618,45.73750001844652,9.4199999767418,097058,Olgiate Molgora,20.34848782551776,3.5309271846670818,True,True,True,True,False,False,False,False,MODEL_OUTPUT_GATE_B_WALK_GRAPH
WP_01619,45.73750001844652,9.42083331007177,097058,Olgiate Molgora,20.346877994225608,3.7319661960581008,True,True,True,True,False,False,False,False,MODEL_OUTPUT_GATE_B_WALK_GRAPH
WP_01620,45.73750001844652,9.42166664340174,097058,Olgiate Molgora,20.34392569543485,3.173459446411733,True,True,True,True,False,False,False,False,MODEL_OUTPUT_GATE_B_WALK_GRAPH
WP_01621,45.73750001844652,9.422499976731707,097010,Brivio,7.181954467583705,5.183978250942452,False,True,True,True,True,False,False,False,MODEL_OUTPUT_GATE_B_WALK_GRAPH
WP_01622,45.73750001844652,9.423333310061675,097010,Brivio,8.129109091266313,5.206760442186263,False,True,True,True,True,False,False,False,MODEL_OUTPUT_GATE_B_WALK_GRAPH
WP_01623,45.73750001844652,9.424166643391644,097010,Brivio,7.181895294281563,6.1748113711088335,False,True,True,True,True,False,False,False,MODEL_OUTPUT_GATE_B_WALK_GRAPH
WP_01624,45.73750001844652,9.424999976721615,097010,Brivio,16.782803286118156,3.9390880394155454,True,True,True,True,False,False,False,False,MODEL_OUTPUT_GATE_B_WALK_GRAPH
WP_01625,45.73750001844652,9.425833310051583,097010,Brivio,16.980027091569013,3.00584451477572,True,True,True,True,False,False,False,False,MODEL_OUTPUT_GATE_B_WALK_GRAPH
WP_01626,45.73750001844652,9.426666643381552,097010,Brivio,15.080774846991869,1.8600995124561257,True,True,True,True,False,False,False,False,MODEL_OUTPUT_GATE_B_WALK_GRAPH
WP_01627,45.73750001844652,9.427499976711523,097010,Brivio,15.819397079768786,0.4606354631344366,True,True,True,True,False,False,False,False,MODEL_OUTPUT_GATE_B_WALK_GRAPH
WP_01628,45.73750001844652,9.428333310041491,097010,Brivio,20.851927550803826,0.338971434530407,True,True,True,True,False,False,False,False,MODEL_OUTPUT_GATE_B_WALK_GRAPH
WP_01629,45.73750001844652,9.42916664337146,097010,Brivio,15.796180069905882,2.055217626319328,True,True,True,True,False,False,False,False,MODEL_OUTPUT_GATE_B_WALK_GRAPH
WP_01630,45.73750001844652,9.42999997670143,097010,Brivio,15.737807633824342,2.6109256387646425,True,True,True,True,False,False,False,False,MODEL_OUTPUT_GATE_B_WALK_GRAPH
WP_01631,45.73750001844652,9.4308333100314,097010,Brivio,16.106663196845616,4.55823534043247,True,True,True,True,False,False,False,False,MODEL_OUTPUT_GATE_B_WALK_GRAPH
WP_01632,45.73750001844652,9.431666643361368,097010,Brivio,9.908747774416192,5.920590754930326,False,True,True,True,True,False,False,False,MODEL_OUTPUT_GATE_B_WALK_GRAPH
WP_01633,45.73750001844652,9.432499976691338,097010,Brivio,15.491889874861709,5.729417819753148,False,True,True,True,True,False,False,False,MODEL_OUTPUT_GATE_B_WALK_GRAPH
WP_01634,45.73750001844652,9.433333310021307,097010,Brivio,17.16518278575533,4.3802293179120495,True,True,True,True,False,False,False,False,MODEL_OUTPUT_GATE_B_WALK_GRAPH
WP_01635,45.73750001844652,9.434166643351276,097010,Brivio,0.3278670576169457,3.7141901524807297,True,True,True,True,False,False,False,False,MODEL_OUTPUT_GATE_B_WALK_GRAPH
WP_01636,45.73750001844652,9.434999976681246,097010,Brivio,0.3070104950943383,3.7297752865549,True,True,True,True,False,False,False,False,MODEL_OUTPUT_GATE_B_WALK_GRAPH
WP_01637,45.73750001844652,9.435833310011214,097010,Brivio,7.593186220871471,1.8369593715998995,True,True,True,True,False,False,False,False,MODEL_OUTPUT_GATE_B_WALK_GRAPH
WP_01638,45.73750001844652,9.436666643341184,097010,Brivio,15.273982973828772,0.9098184001228372,True,True,True,True,False,False,False,False,MODEL_OUTPUT_GATE_B_WALK_GRAPH
WP_01639,45.73750001844652,9.437499976671152,097010,Brivio,14.058894069820274,6.700614854350518,False,True,True,True,True,False,False,False,MODEL_OUTPUT_GATE_B_WALK_GRAPH
WP_01640,45.73750001844652,9.438333310001122,097010,Brivio,16.28071052209257,6.293193339844913,False,True,True,True,True,False,False,False,MODEL_OUTPUT_GATE_B_WALK_GRAPH
WP_01641,45.73750001844652,9.439166643331092,097010,Brivio,5.567411729193524,10.626600740413302,False,False,False,True,True,True,True,False,MODEL_OUTPUT_GATE_B_WALK_GRAPH
WP_01642,45.73750001844652,9.43999997666106,097010,Brivio,6.774246768146194,10.314685548310516,False,False,False,True,True,True,True,False,MODEL_OUTPUT_GATE_B_WALK_GRAPH
WP_01643,45.73750001844652,9.44083330999103,097010,Brivio,6.4649900686878725,11.543238090364856,False,False,False,True,True,True,True,False,MODEL_OUTPUT_GATE_B_WALK_GRAPH
WP_01644,45.73750001844652,9.441666643320998,097010,Brivio,6.722927708620833,12.225736898699797,False,False,False,False,True,True,True,True,MODEL_OUTPUT_GATE_B_WALK_GRAPH
WP_01645,45.73750001844652,9.442499976650968,097010,Brivio,3.039877627286991,11.273401245593336,False,False,False,True,True,True,True,False,MODEL_OUTPUT_GATE_B_WALK_GRAPH
WP_01646,45.73750001844652,9.443333309980936,097010,Brivio,12.008892569177084,6.966780472266519,False,True,True,True,True,False,False,False,MODEL_OUTPUT_GATE_B_WALK_GRAPH
WP_01647,45.73750001844652,9.444166643310906,097010,Brivio,6.194864754996315,6.637162796798184,False,True,True,True,True,False,False,False,MODEL_OUTPUT_GATE_B_WALK_GRAPH
WP_01648,45.73750001844652,9.444999976640874,097010,Brivio,6.510187123220929,8.969944681640932,False,False,True,True,True,True,False,False,MODEL_OUTPUT_GATE_B_WALK_GRAPH
WP_01649,45.73750001844652,9.445833309970844,097010,Brivio,5.83649137768282,5.384396772234657,False,True,True,True,True,False,False,False,MODEL_OUTPUT_GATE_B_WALK_GRAPH
WP_01650,45.73750001844652,9.446666643300814,097010,Brivio,4.918419621410525,5.189261843733086,False,True,True,True,True,False,False,False,MODEL_OUTPUT_GATE_B_WALK_GRAPH
WP_01651,45.73750001844652,9.447499976630782,097010,Brivio,3.3014663815511787,9.133235591105372,False,False,True,True,True,True,False,False,MODEL_OUTPUT_GATE_B_WALK_GRAPH
WP_01652,45.73666668511653,9.344166643714606,097092,La Valletta Brianza,0.0269699696209082,32.258830824481784,False,False,False,False,True,True,True,True,MODEL_OUTPUT_GATE_B_WALK_GRAPH
WP_01653,45.73666668511653,9.344999977044576,097092,La Valletta Brianza,0.0806860886015437,32.10700327570383,False,False,False,False,True,True,True,True,MODEL_OUTPUT_GATE_B_WALK_GRAPH
WP_01654,45.73666668511653,9.345833310374545,097092,La Valletta Brianza,0.0883965452882691,32.920007269463326,False,False,False,False,True,True,True,True,MODEL_OUTPUT_GATE_B_WALK_GRAPH
WP_01655,45.73666668511653,9.346666643704514,097092,La Valletta Brianza,0.0877634383189099,31.689179068496877,False,False,False,False,True,True,True,True,MODEL_OUTPUT_GATE_B_WALK_GRAPH
WP_01656,45.73666668511653,9.347499977034484,097092,La Valletta Brianza,0.0835268138347735,32.475327508520785,False,False,False,False,True,True,True,True,MODEL_OUTPUT_GATE_B_WALK_GRAPH
WP_01657,45.73666668511653,9.348333310364453,097092,La Valletta Brianza,0.0241801983088983,25.7882747633626,False,False,False,False,True,True,True,True,MODEL_OUTPUT_GATE_B_WALK_GRAPH
WP_01658,45.73666668511653,9.34916664369442,097092,La Valletta Brianza,0.0146194896743824,24.643350644649765,False,False,False,False,True,True,True,True,MODEL_OUTPUT_GATE_B_WALK_GRAPH
WP_01659,45.73666668511653,9.34999997702439,097092,La Valletta Brianza,0.0133101007054944,23.71912278391776,False,False,False,False,True,True,True,True,MODEL_OUTPUT_GATE_B_WALK_GRAPH
WP_01660,45.73666668511653,9.35083331035436,097092,La Valletta Brianza,0.018239502310924,23.02257535630521,False,False,False,False,True,True,True,True,MODEL_OUTPUT_GATE_B_WALK_GRAPH
WP_01661,45.73666668511653,9.351666643684329,097092,La Valletta Brianza,0.0396825162906405,23.39181900911805,False,False,False,False,True,True,True,True,MODEL_OUTPUT_GATE_B_WALK_GRAPH
WP_01662,45.73666668511653,9.3524999770143,097092,La Valletta Brianza,0.0494373090708192,23.35267975701818,False,False,False,False,True,True,True,True,MODEL_OUTPUT_GATE_B_WALK_GRAPH
WP_01663,45.73666668511653,9.353333310344269,097092,La Valletta Brianza,0.083526142103241,17.654650598065114,False,False,False,False,True,True,True,True,MODEL_OUTPUT_GATE_B_WALK_GRAPH
WP_01664,45.73666668511653,9.354166643674237,097092,La Valletta Brianza,0.1767615740297389,16.824039609437147,False,False,False,False,True,True,True,True,MODEL_OUTPUT_GATE_B_WALK_GRAPH
WP_01665,45.73666668511653,9.354999977004203,097092,La Valletta Brianza,0.2685956643090365,13.33910019813004,False,False,False,False,True,True,True,True,MODEL_OUTPUT_GATE_B_WALK_GRAPH
WP_01666,45.73666668511653,9.355833310334177,097092,La Valletta Brianza,0.5660294487476307,12.388606018978342,False,False,False,False,True,True,True,True,MODEL_OUTPUT_GATE_B_WALK_GRAPH
WP_01667,45.73666668511653,9.356666643664145,097092,La Valletta Brianza,0.7355629173117862,11.547443533830602,False,False,False,True,True,True,True,False,MODEL_OUTPUT_GATE_B_WALK_GRAPH
WP_01668,45.73666668511653,9.357499976994111,097092,La Valletta Brianza,17.928504731458347,10.719272837187065,False,False,False,True,True,True,True,False,MODEL_OUTPUT_GATE_B_WALK_GRAPH
WP_01669,45.73666668511653,9.358333310324085,097092,La Valletta Brianza,17.29097371080869,9.985093446658247,False,False,True,True,True,True,False,False,MODEL_OUTPUT_GATE_B_WALK_GRAPH
WP_01670,45.73666668511653,9.359166643654053,097092,La Valletta Brianza,13.373531923405192,9.573088008962838,False,False,True,True,True,True,False,False,MODEL_OUTPUT_GATE_B_WALK_GRAPH
WP_01671,45.73666668511653,9.35999997698402,097092,La Valletta Brianza,17.283933745007424,9.043654611149687,False,False,True,True,True,True,False,False,MODEL_OUTPUT_GATE_B_WALK_GRAPH
WP_01672,45.73666668511653,9.36083331031399,097092,La Valletta Brianza,12.972932952186124,7.934590972072398,False,True,True,True,True,False,False,False,MODEL_OUTPUT_GATE_B_WALK_GRAPH
WP_01673,45.73666668511653,9.36166664364396,097092,La Valletta Brianza,13.88623252353667,6.156463345109122,False,True,True,True,True,False,False,False,MODEL_OUTPUT_GATE_B_WALK_GRAPH
WP_01674,45.73666668511653,9.362499976973927,097092,La Valletta Brianza,17.92934349109269,5.309144435986673,False,True,True,True,True,False,False,False,MODEL_OUTPUT_GATE_B_WALK_GRAPH
WP_01675,45.73666668511653,9.363333310303895,097092,La Valletta Brianza,0.719470587708415,5.694219036911197,False,True,True,True,True,False,False,False,MODEL_OUTPUT_GATE_B_WALK_GRAPH
WP_01676,45.73666668511653,9.364166643633869,097092,La Valletta Brianza,17.423327524490606,5.45135746673551,False,True,True,True,True,False,False,False,MODEL_OUTPUT_GATE_B_WALK_GRAPH
WP_01677,45.73666668511653,9.364999976963835,097092,La Valletta Brianza,17.6657255493626,6.542937826113304,False,True,True,True,True,False,False,False,MODEL_OUTPUT_GATE_B_WALK_GRAPH
WP_01678,45.73666668511653,9.365833310293803,097092,La Valletta Brianza,17.718321744508927,7.463519584159754,False,True,True,True,True,False,False,False,MODEL_OUTPUT_GATE_B_WALK_GRAPH
WP_01679,45.73666668511653,9.366666643623772,097092,La Valletta Brianza,17.69181834384535,4.329574854704624,True,True,True,True,False,False,False,False,MODEL_OUTPUT_GATE_B_WALK_GRAPH
WP_01680,45.73666668511653,9.367499976953743,097092,La Valletta Brianza,17.733907232107835,4.432125464118638,True,True,True,True,False,False,False,False,MODEL_OUTPUT_GATE_B_WALK_GRAPH
WP_01681,45.73666668511653,9.368333310283711,097092,La Valletta Brianza,18.64699360409525,2.926930657747997,True,True,True,True,False,False,False,False,MODEL_OUTPUT_GATE_B_WALK_GRAPH
WP_01682,45.73666668511653,9.36916664361368,097092,La Valletta Brianza,18.63951144702233,1.746674651027342,True,True,True,True,False,False,False,False,MODEL_OUTPUT_GATE_B_WALK_GRAPH
WP_01683,45.73666668511653,9.369999976943651,097092,La Valletta Brianza,19.041250990965928,1.3012783627413838,True,True,True,True,False,False,False,False,MODEL_OUTPUT_GATE_B_WALK_GRAPH
WP_01684,45.73666668511653,9.37083331027362,097092,La Valletta Brianza,18.56032236012173,3.571701029697877,True,True,True,True,False,False,False,False,MODEL_OUTPUT_GATE_B_WALK_GRAPH
WP_01685,45.73666668511653,9.37166664360359,097092,La Valletta Brianza,18.257735435212567,4.314906473869703,True,True,True,True,False,False,False,False,MODEL_OUTPUT_GATE_B_WALK_GRAPH
WP_01686,45.73666668511653,9.372499976933558,097092,La Valletta Brianza,18.391740447254158,3.582162149081298,True,True,True,True,False,False,False,False,MODEL_OUTPUT_GATE_B_WALK_GRAPH
WP_01687,45.73666668511653,9.373333310263527,097092,La Valletta Brianza,18.259516483390104,4.448341610280475,True,True,True,True,False,False,False,False,MODEL_OUTPUT_GATE_B_WALK_GRAPH
WP_01688,45.73666668511653,9.374166643593496,097092,La Valletta Brianza,0.999303689950672,1.1593622617765238,True,True,True,True,False,False,False,False,MODEL_OUTPUT_GATE_B_WALK_GRAPH
WP_01689,45.73666668511653,9.374999976923466,097092,La Valletta Brianza,20.394635283895195,1.136655682081564,True,True,True,True,False,False,False,False,MODEL_OUTPUT_GATE_B_WALK_GRAPH
WP_01690,45.73666668511653,9.375833310253434,097092,La Valletta Brianza,15.512583945082646,1.5655455252907493,True,True,True,True,False,False,False,False,MODEL_OUTPUT_GATE_B_WALK_GRAPH
WP_01691,45.73666668511653,9.376666643583404,097092,La Valletta Brianza,14.248735488392748,2.037205233956364,True,True,True,True,False,False,False,False,MODEL_OUTPUT_GATE_B_WALK_GRAPH
WP_01692,45.73666668511653,9.377499976913374,097092,La Valletta Brianza,10.844803230391513,4.6113100105942895,True,True,True,True,False,False,False,False,MODEL_OUTPUT_GATE_B_WALK_GRAPH
WP_01693,45.73666668511653,9.378333310243342,097092,La Valletta Brianza,10.755026119152726,5.911114298706352,False,True,True,True,True,False,False,False,MODEL_OUTPUT_GATE_B_WALK_GRAPH
WP_01694,45.73666668511653,9.37999997690328,097074,Santa Maria Hoè,4.164004858880653,4.041985338253722,True,True,True,True,False,False,False,False,MODEL_OUTPUT_GATE_B_WALK_GRAPH
WP_01695,45.73666668511653,9.38083331023325,097074,Santa Maria Hoè,0.2549678938152486,3.395623338215765,True,True,True,True,False,False,False,False,MODEL_OUTPUT_GATE_B_WALK_GRAPH
WP_01696,45.73666668511653,9.381666643563218,097074,Santa Maria Hoè,0.1732461564070368,7.843998962023495,False,True,True,True,True,False,False,False,MODEL_OUTPUT_GATE_B_WALK_GRAPH
WP_01697,45.73666668511653,9.382499976893188,097074,Santa Maria Hoè,0.1477517539218572,5.519757216810867,False,True,True,True,True,False,False,False,MODEL_OUTPUT_GATE_B_WALK_GRAPH
WP_01698,45.73666668511653,9.383333310223158,097074,Santa Maria Hoè,0.2331983311837808,4.5193019880752265,True,True,True,True,False,False,False,False,MODEL_OUTPUT_GATE_B_WALK_GRAPH
WP_01699,45.73666668511653,9.384166643553126,097074,Santa Maria Hoè,0.3629153878265136,8.444748451495826,False,False,True,True,True,True,False,False,MODEL_OUTPUT_GATE_B_WALK_GRAPH
WP_01700,45.73666668511653,9.384999976883096,097074,Santa Maria Hoè,0.4298616895266631,8.273595811866064,False,False,True,True,True,True,False,False,MODEL_OUTPUT_GATE_B_WALK_GRAPH
WP_01701,45.73666668511653,9.385833310213064,097074,Santa Maria Hoè,7.308198589181806,7.873247441925882,False,True,True,True,True,False,False,False,MODEL_OUTPUT_GATE_B_WALK_GRAPH
WP_01702,45.73666668511653,9.386666643543034,097074,Santa Maria Hoè,11.081817846897977,7.29025592014668,False,True,True,True,True,False,False,False,MODEL_OUTPUT_GATE_B_WALK_GRAPH
WP_01703,45.73666668511653,9.387499976873002,097074,Santa Maria Hoè,3.9714003723844993,7.014328433852767,False,True,True,True,True,False,False,False,MODEL_OUTPUT_GATE_B_WALK_GRAPH
WP_01704,45.73666668511653,9.388333310202972,097074,Santa Maria Hoè,10.965484256898328,3.612096828712045,True,True,True,True,False,False,False,False,MODEL_OUTPUT_GATE_B_WALK_GRAPH
WP_01705,45.73666668511653,9.389166643532942,097074,Santa Maria Hoè,7.749289344457898,3.506912360892633,True,True,True,True,False,False,False,False,MODEL_OUTPUT_GATE_B_WALK_GRAPH
WP_01706,45.73666668511653,9.38999997686291,097058,Olgiate Molgora,0.5960083217725025,3.9047669706234047,True,True,True,True,False,False,False,False,MODEL_OUTPUT_GATE_B_WALK_GRAPH
WP_01707,45.73666668511653,9.39083331019288,097058,Olgiate Molgora,0.3278414071611821,10.534726821034235,False,False,False,True,True,True,True,False,MODEL_OUTPUT_GATE_B_WALK_GRAPH
WP_01708,45.73666668511653,9.391666643522848,097058,Olgiate Molgora,0.0784384339666696,11.132904852687348,False,False,False,True,True,True,True,False,MODEL_OUTPUT_GATE_B_WALK_GRAPH
WP_01709,45.73666668511653,9.392499976852818,097058,Olgiate Molgora,0.1908738158875718,11.144634663008558,False,False,False,True,True,True,True,False,MODEL_OUTPUT_GATE_B_WALK_GRAPH
WP_01710,45.73666668511653,9.393333310182786,097058,Olgiate Molgora,0.0856165031250375,11.161700796825713,False,False,False,True,True,True,True,False,MODEL_OUTPUT_GATE_B_WALK_GRAPH
WP_01711,45.73666668511653,9.394166643512756,097058,Olgiate Molgora,0.0457379231330152,11.789899747020506,False,False,False,True,True,True,True,False,MODEL_OUTPUT_GATE_B_WALK_GRAPH
WP_01712,45.73666668511653,9.394999976842726,097058,Olgiate Molgora,0.0282381990431401,12.230952928883962,False,False,False,False,True,True,True,True,MODEL_OUTPUT_GATE_B_WALK_GRAPH
WP_01713,45.73666668511653,9.395833310172694,097058,Olgiate Molgora,0.0149970378740799,15.874425577591984,False,False,False,False,True,True,True,True,MODEL_OUTPUT_GATE_B_WALK_GRAPH
WP_01714,45.73666668511653,9.396666643502664,097058,Olgiate Molgora,0.0775950891881848,15.660885617582396,False,False,False,False,True,True,True,True,MODEL_OUTPUT_GATE_B_WALK_GRAPH
WP_01715,45.73666668511653,9.397499976832632,097058,Olgiate Molgora,0.1522357319671141,14.716791388776652,False,False,False,False,True,True,True,True,MODEL_OUTPUT_GATE_B_WALK_GRAPH
WP_01716,45.73666668511653,9.398333310162602,097058,Olgiate Molgora,26.329043084207843,15.623492642975238,False,False,False,False,True,True,True,True,MODEL_OUTPUT_GATE_B_WALK_GRAPH
WP_01717,45.73666668511653,9.39916664349257,097058,Olgiate Molgora,0.0803542935402334,17.313068262240616,False,False,False,False,True,True,True,True,MODEL_OUTPUT_GATE_B_WALK_GRAPH
WP_01718,45.73666668511653,9.39999997682254,097058,Olgiate Molgora,0.0481858404802708,17.622065388353008,False,False,False,False,True,True,True,True,MODEL_OUTPUT_GATE_B_WALK_GRAPH
WP_01719,45.73666668511653,9.400833310152509,097058,Olgiate Molgora,0.1300482439507872,10.710874939554335,False,False,False,True,True,True,True,False,MODEL_OUTPUT_GATE_B_WALK_GRAPH
WP_01720,45.73666668511653,9.401666643482478,097058,Olgiate Molgora,0.2498750300376423,9.711265769096125,False,False,True,True,True,True,False,False,MODEL_OUTPUT_GATE_B_WALK_GRAPH
WP_01721,45.73666668511653,9.402499976812448,097058,Olgiate Molgora,9.335814591729513,8.653132671706402,False,False,True,True,True,True,False,False,MODEL_OUTPUT_GATE_B_WALK_GRAPH
WP_01722,45.73666668511653,9.403333310142417,097058,Olgiate Molgora,9.956381019309308,7.644815539792295,False,True,True,True,True,False,False,False,MODEL_OUTPUT_GATE_B_WALK_GRAPH
WP_01723,45.73666668511653,9.404166643472388,097058,Olgiate Molgora,12.882239978579404,5.872950604929612,False,True,True,True,True,False,False,False,MODEL_OUTPUT_GATE_B_WALK_GRAPH
WP_01724,45.73666668511653,9.404999976802356,097058,Olgiate Molgora,10.530443092403855,5.685836798146147,False,True,True,True,True,False,False,False,MODEL_OUTPUT_GATE_B_WALK_GRAPH
WP_01725,45.73666668511653,9.405833310132325,097058,Olgiate Molgora,15.169407316194954,5.569760744187152,False,True,True,True,True,False,False,False,MODEL_OUTPUT_GATE_B_WALK_GRAPH
WP_01726,45.73666668511653,9.406666643462293,097058,Olgiate Molgora,22.350027786502174,8.244049969662134,False,False,True,True,True,True,False,False,MODEL_OUTPUT_GATE_B_WALK_GRAPH
WP_01727,45.73666668511653,9.407499976792264,097058,Olgiate Molgora,22.514966770155866,5.947794829522668,False,True,True,True,True,False,False,False,MODEL_OUTPUT_GATE_B_WALK_GRAPH
WP_01728,45.73666668511653,9.408333310122233,097058,Olgiate Molgora,22.86109744356132,6.672968595683598,False,True,True,True,True,False,False,False,MODEL_OUTPUT_GATE_B_WALK_GRAPH
WP_01729,45.73666668511653,9.4091666434522,097058,Olgiate Molgora,22.99662264423721,10.163719753134709,False,False,False,True,True,True,True,False,MODEL_OUTPUT_GATE_B_WALK_GRAPH
WP_01730,45.73666668511653,9.40999997678217,097058,Olgiate Molgora,22.76554689570847,9.534779027618969,False,False,True,True,True,True,False,False,MODEL_OUTPUT_GATE_B_WALK_GRAPH
WP_01731,45.73666668511653,9.41083331011214,097058,Olgiate Molgora,14.877082664819742,8.755862316125402,False,False,True,True,True,True,False,False,MODEL_OUTPUT_GATE_B_WALK_GRAPH
WP_01732,45.73666668511653,9.411666643442109,097058,Olgiate Molgora,24.88762650502463,7.804377433925671,False,True,True,True,True,False,False,False,MODEL_OUTPUT_GATE_B_WALK_GRAPH
WP_01733,45.73666668511653,9.412499976772075,097058,Olgiate Molgora,17.352497648640096,6.925935329625124,False,True,True,True,True,False,False,False,MODEL_OUTPUT_GATE_B_WALK_GRAPH
WP_01734,45.73666668511653,9.413333310102049,097058,Olgiate Molgora,17.249449617506137,6.363973721734529,False,True,True,True,True,False,False,False,MODEL_OUTPUT_GATE_B_WALK_GRAPH
WP_01735,45.73666668511653,9.414166643432017,097058,Olgiate Molgora,17.31549788873121,6.167888867052576,False,True,True,True,True,False,False,False,MODEL_OUTPUT_GATE_B_WALK_GRAPH
WP_01736,45.73666668511653,9.414999976761983,097058,Olgiate Molgora,17.905914341479136,4.569799435116513,True,True,True,True,False,False,False,False,MODEL_OUTPUT_GATE_B_WALK_GRAPH
WP_01737,45.73666668511653,9.415833310091957,097058,Olgiate Molgora,17.90782919343717,3.866575197715664,True,True,True,True,False,False,False,False,MODEL_OUTPUT_GATE_B_WALK_GRAPH
WP_01738,45.73666668511653,9.416666643421925,097058,Olgiate Molgora,17.81233701373644,3.17858725675024,True,True,True,True,False,False,False,False,MODEL_OUTPUT_GATE_B_WALK_GRAPH
WP_01739,45.73666668511653,9.417499976751891,097058,Olgiate Molgora,17.788287452222203,2.51717867482417,True,True,True,True,False,False,False,False,MODEL_OUTPUT_GATE_B_WALK_GRAPH
WP_01740,45.73666668511653,9.41833331008186,097058,Olgiate Molgora,18.15255555818592,1.5816750336441343,True,True,True,True,False,False,False,False,MODEL_OUTPUT_GATE_B_WALK_GRAPH
WP_01741,45.73666668511653,9.419166643411833,097058,Olgiate Molgora,18.52409708904037,0.5660068809025735,True,True,True,True,False,False,False,False,MODEL_OUTPUT_GATE_B_WALK_GRAPH
WP_01742,45.73666668511653,9.4199999767418,097058,Olgiate Molgora,21.689230639367487,2.0990428375872705,True,True,True,True,False,False,False,False,MODEL_OUTPUT_GATE_B_WALK_GRAPH
WP_01743,45.73666668511653,9.42083331007177,097058,Olgiate Molgora,21.502315105021395,1.9794232785797607,True,True,True,True,False,False,False,False,MODEL_OUTPUT_GATE_B_WALK_GRAPH
WP_01744,45.73666668511653,9.42166664340174,097010,Brivio,8.229633993896654,2.699124722773919,True,True,True,True,False,False,False,False,MODEL_OUTPUT_GATE_B_WALK_GRAPH
WP_01745,45.73666668511653,9.422499976731707,097010,Brivio,7.183996351804244,3.5728186113813702,True,True,True,True,False,False,False,False,MODEL_OUTPUT_GATE_B_WALK_GRAPH
WP_01746,45.73666668511653,9.423333310061675,097010,Brivio,7.7429335837669795,4.804837977555087,True,True,True,True,False,False,False,False,MODEL_OUTPUT_GATE_B_WALK_GRAPH
WP_01747,45.73666668511653,9.424166643391644,097010,Brivio,7.328816118758247,4.91500551348186,True,True,True,True,False,False,False,False,MODEL_OUTPUT_GATE_B_WALK_GRAPH
WP_01748,45.73666668511653,9.424999976721615,097010,Brivio,10.1013098584886,4.655396565722937,True,True,True,True,False,False,False,False,MODEL_OUTPUT_GATE_B_WALK_GRAPH
WP_01749,45.73666668511653,9.425833310051583,097010,Brivio,11.044897872179002,3.736481926928028,True,True,True,True,False,False,False,False,MODEL_OUTPUT_GATE_B_WALK_GRAPH
WP_01750,45.73666668511653,9.426666643381552,097010,Brivio,15.376334953486936,4.236134825950563,True,True,True,True,False,False,False,False,MODEL_OUTPUT_GATE_B_WALK_GRAPH
WP_01751,45.73666668511653,9.427499976711523,097010,Brivio,16.277706463767316,3.721913178332103,True,True,True,True,False,False,False,False,MODEL_OUTPUT_GATE_B_WALK_GRAPH
WP_01752,45.73666668511653,9.428333310041491,097010,Brivio,17.685215598041715,1.2858574032007406,True,True,True,True,False,False,False,False,MODEL_OUTPUT_GATE_B_WALK_GRAPH
WP_01753,45.73666668511653,9.42916664337146,097010,Brivio,17.294315142895886,1.6406037457999223,True,True,True,True,False,False,False,False,MODEL_OUTPUT_GATE_B_WALK_GRAPH
WP_01754,45.73666668511653,9.42999997670143,097010,Brivio,6.02669139322857,5.09891688181033,False,True,True,True,True,False,False,False,MODEL_OUTPUT_GATE_B_WALK_GRAPH
WP_01755,45.73666668511653,9.4308333100314,097010,Brivio,16.093153850906955,5.17068357044244,False,True,True,True,True,False,False,False,MODEL_OUTPUT_GATE_B_WALK_GRAPH
WP_01756,45.73666668511653,9.431666643361368,097010,Brivio,0.1098376176931216,5.725859387397207,False,True,True,True,True,False,False,False,MODEL_OUTPUT_GATE_B_WALK_GRAPH
WP_01757,45.73666668511653,9.432499976691338,097010,Brivio,0.2430078561014515,5.882100319166047,False,True,True,True,True,False,False,False,MODEL_OUTPUT_GATE_B_WALK_GRAPH
WP_01758,45.73666668511653,9.433333310021307,097010,Brivio,17.424759039801756,5.275961682773207,False,True,True,True,True,False,False,False,MODEL_OUTPUT_GATE_B_WALK_GRAPH
WP_01759,45.73666668511653,9.434166643351276,097010,Brivio,15.62235971074934,4.772844449001235,True,True,True,True,False,False,False,False,MODEL_OUTPUT_GATE_B_WALK_GRAPH
WP_01760,45.73666668511653,9.434999976681246,097010,Brivio,8.317631178929368,1.6071924468198102,True,True,True,True,False,False,False,False,MODEL_OUTPUT_GATE_B_WALK_GRAPH
WP_01761,45.73666668511653,9.435833310011214,097010,Brivio,7.560856522478479,0.439727716019714,True,True,True,True,False,False,False,False,MODEL_OUTPUT_GATE_B_WALK_GRAPH
WP_01762,45.73666668511653,9.436666643341184,097010,Brivio,14.152324660938843,1.7733198872979743,True,True,True,True,False,False,False,False,MODEL_OUTPUT_GATE_B_WALK_GRAPH
WP_01763,45.73666668511653,9.437499976671152,097010,Brivio,16.478438516501416,6.289800795480241,False,True,True,True,True,False,False,False,MODEL_OUTPUT_GATE_B_WALK_GRAPH
WP_01764,45.73666668511653,9.438333310001122,097010,Brivio,14.681089182960692,7.879867313668233,False,True,True,True,True,False,False,False,MODEL_OUTPUT_GATE_B_WALK_GRAPH
WP_01765,45.73666668511653,9.439166643331092,097010,Brivio,7.234032647622181,9.02401957222962,False,False,True,True,True,True,False,False,MODEL_OUTPUT_GATE_B_WALK_GRAPH
WP_01766,45.73666668511653,9.43999997666106,097010,Brivio,6.90959434849476,8.534300281397805,False,False,True,True,True,True,False,False,MODEL_OUTPUT_GATE_B_WALK_GRAPH
WP_01767,45.73666668511653,9.44083330999103,097010,Brivio,12.017558620864968,10.648139691070805,False,False,False,True,True,True,True,False,MODEL_OUTPUT_GATE_B_WALK_GRAPH
WP_01768,45.73666668511653,9.441666643320998,097010,Brivio,4.48249274159604,10.07112374373006,False,False,False,True,True,True,True,False,MODEL_OUTPUT_GATE_B_WALK_GRAPH
WP_01769,45.73666668511653,9.442499976650968,097010,Brivio,2.288690997571052,9.724295031049174,False,False,True,True,True,True,False,False,MODEL_OUTPUT_GATE_B_WALK_GRAPH
WP_01770,45.73666668511653,9.443333309980936,097010,Brivio,4.470534871003988,10.380999203887596,False,False,False,True,True,True,True,False,MODEL_OUTPUT_GATE_B_WALK_GRAPH
WP_01771,45.73666668511653,9.444166643310906,097010,Brivio,11.32627259802325,7.961360184109408,False,True,True,True,True,False,False,False,MODEL_OUTPUT_GATE_B_WALK_GRAPH
WP_01772,45.73666668511653,9.444999976640874,097010,Brivio,4.977647233297014,7.14291676056672,False,True,True,True,True,False,False,False,MODEL_OUTPUT_GATE_B_WALK_GRAPH
WP_01773,45.73666668511653,9.445833309970844,097010,Brivio,5.588328680908044,6.234375935391207,False,True,True,True,True,False,False,False,MODEL_OUTPUT_GATE_B_WALK_GRAPH
WP_01774,45.73666668511653,9.446666643300814,097010,Brivio,3.2286957841090564,6.288485562302499,False,True,True,True,True,False,False,False,MODEL_OUTPUT_GATE_B_WALK_GRAPH
WP_01775,45.73666668511653,9.447499976630782,097010,Brivio,1.255703168674012,9.915067103867528,False,False,True,True,True,True,False,False,MODEL_OUTPUT_GATE_B_WALK_GRAPH
WP_01776,45.73583335178655,9.344999977044576,097092,La Valletta Brianza,5.465254687183677,29.905206645767795,False,False,False,False,True,True,True,True,MODEL_OUTPUT_GATE_B_WALK_GRAPH
WP_01777,45.73583335178655,9.345833310374545,097092,La Valletta Brianza,6.966624342984566,29.672759708050272,False,False,False,False,True,True,True,True,MODEL_OUTPUT_GATE_B_WALK_GRAPH
WP_01778,45.73583335178655,9.346666643704514,097092,La Valletta Brianza,0.1872646723098948,32.40602313278337,False,False,False,False,True,True,True,True,MODEL_OUTPUT_GATE_B_WALK_GRAPH
WP_01779,45.73583335178655,9.347499977034484,097092,La Valletta Brianza,0.1556012219371271,32.63370258951728,False,False,False,False,True,True,True,True,MODEL_OUTPUT_GATE_B_WALK_GRAPH
WP_01780,45.73583335178655,9.348333310364453,097092,La Valletta Brianza,0.1273665771910623,24.320907710453213,False,False,False,False,True,True,True,True,MODEL_OUTPUT_GATE_B_WALK_GRAPH
WP_01781,45.73583335178655,9.34916664369442,097092,La Valletta Brianza,0.114629450630764,23.4320031048254,False,False,False,False,True,True,True,True,MODEL_OUTPUT_GATE_B_WALK_GRAPH
WP_01782,45.73583335178655,9.34999997702439,097092,La Valletta Brianza,0.1108867201830827,22.960682967501818,False,False,False,False,True,True,True,True,MODEL_OUTPUT_GATE_B_WALK_GRAPH
WP_01783,45.73583335178655,9.35083331035436,097092,La Valletta Brianza,0.1158218837713641,20.863506641231982,False,False,False,False,True,True,True,True,MODEL_OUTPUT_GATE_B_WALK_GRAPH
WP_01784,45.73583335178655,9.351666643684329,097092,La Valletta Brianza,0.1128804125170697,20.519016909714622,False,False,False,False,True,True,True,True,MODEL_OUTPUT_GATE_B_WALK_GRAPH
WP_01785,45.73583335178655,9.3524999770143,097092,La Valletta Brianza,0.1125878254538524,20.114073067249254,False,False,False,False,True,True,True,True,MODEL_OUTPUT_GATE_B_WALK_GRAPH
WP_01786,45.73583335178655,9.353333310344269,097092,La Valletta Brianza,0.1209737767405168,17.965249374347977,False,False,False,False,True,True,True,True,MODEL_OUTPUT_GATE_B_WALK_GRAPH
WP_01787,45.73583335178655,9.354166643674237,097092,La Valletta Brianza,0.1405477868383615,15.7071047360696,False,False,False,False,True,True,True,True,MODEL_OUTPUT_GATE_B_WALK_GRAPH
WP_01788,45.73583335178655,9.354999977004203,097092,La Valletta Brianza,0.2201846582037905,14.274196355666025,False,False,False,False,True,True,True,True,MODEL_OUTPUT_GATE_B_WALK_GRAPH
WP_01789,45.73583335178655,9.355833310334177,097092,La Valletta Brianza,7.383952006617976,13.9925230584015,False,False,False,False,True,True,True,True,MODEL_OUTPUT_GATE_B_WALK_GRAPH
WP_01790,45.73583335178655,9.356666643664145,097092,La Valletta Brianza,0.2721033641187883,14.63018581408694,False,False,False,False,True,True,True,True,MODEL_OUTPUT_GATE_B_WALK_GRAPH
WP_01791,45.73583335178655,9.357499976994111,097092,La Valletta Brianza,6.427834896506697,11.408725115711706,False,False,False,True,True,True,True,False,MODEL_OUTPUT_GATE_B_WALK_GRAPH
WP_01792,45.73583335178655,9.358333310324085,097092,La Valletta Brianza,6.307350058068982,11.034449693304357,False,False,False,True,True,True,True,False,MODEL_OUTPUT_GATE_B_WALK_GRAPH
WP_01793,45.73583335178655,9.359166643654053,097092,La Valletta Brianza,5.345250644017535,11.094919141128806,False,False,False,True,True,True,True,False,MODEL_OUTPUT_GATE_B_WALK_GRAPH
WP_01794,45.73583335178655,9.35999997698402,097092,La Valletta Brianza,0.2195361356812013,11.023341374675867,False,False,False,True,True,True,True,False,MODEL_OUTPUT_GATE_B_WALK_GRAPH
WP_01795,45.73583335178655,9.36083331031399,097092,La Valletta Brianza,0.1854638286153591,9.160457265780998,False,False,True,True,True,True,False,False,MODEL_OUTPUT_GATE_B_WALK_GRAPH
WP_01796,45.73583335178655,9.36166664364396,097092,La Valletta Brianza,5.543253630314406,11.027088956501592,False,False,False,True,True,True,True,False,MODEL_OUTPUT_GATE_B_WALK_GRAPH
WP_01797,45.73583335178655,9.362499976973927,097092,La Valletta Brianza,0.3884823600890977,9.578901892388984,False,False,True,True,True,True,False,False,MODEL_OUTPUT_GATE_B_WALK_GRAPH
WP_01798,45.73583335178655,9.363333310303895,097092,La Valletta Brianza,0.3778665068731332,6.477135391094456,False,True,True,True,True,False,False,False,MODEL_OUTPUT_GATE_B_WALK_GRAPH
WP_01799,45.73583335178655,9.364166643633869,097092,La Valletta Brianza,0.3464518713435175,6.74602874943032,False,True,True,True,True,False,False,False,MODEL_OUTPUT_GATE_B_WALK_GRAPH
WP_01800,45.73583335178655,9.364999976963835,097092,La Valletta Brianza,0.3743768478531107,7.458598629602416,False,True,True,True,True,False,False,False,MODEL_OUTPUT_GATE_B_WALK_GRAPH
WP_01801,45.73583335178655,9.365833310293803,097092,La Valletta Brianza,0.3770392626364849,7.516528871116676,False,True,True,True,True,False,False,False,MODEL_OUTPUT_GATE_B_WALK_GRAPH
WP_01802,45.73583335178655,9.366666643623772,097092,La Valletta Brianza,6.4440226942405205,8.683214814156225,False,False,True,True,True,True,False,False,MODEL_OUTPUT_GATE_B_WALK_GRAPH
WP_01803,45.73583335178655,9.367499976953743,097092,La Valletta Brianza,14.133286717215658,5.722614544632728,False,True,True,True,True,False,False,False,MODEL_OUTPUT_GATE_B_WALK_GRAPH
WP_01804,45.73583335178655,9.368333310283711,097092,La Valletta Brianza,14.385631413609204,6.176147378405703,False,True,True,True,True,False,False,False,MODEL_OUTPUT_GATE_B_WALK_GRAPH
WP_01805,45.73583335178655,9.36916664361368,097092,La Valletta Brianza,17.551354180728378,4.777902456646925,True,True,True,True,False,False,False,False,MODEL_OUTPUT_GATE_B_WALK_GRAPH
WP_01806,45.73583335178655,9.369999976943651,097092,La Valletta Brianza,18.597526087668687,2.522815671049701,True,True,True,True,False,False,False,False,MODEL_OUTPUT_GATE_B_WALK_GRAPH
WP_01807,45.73583335178655,9.37083331027362,097092,La Valletta Brianza,18.418321055917545,3.540177146356237,True,True,True,True,False,False,False,False,MODEL_OUTPUT_GATE_B_WALK_GRAPH
WP_01808,45.73583335178655,9.37166664360359,097092,La Valletta Brianza,0.9619918273357974,4.365479356543114,True,True,True,True,False,False,False,False,MODEL_OUTPUT_GATE_B_WALK_GRAPH
WP_01809,45.73583335178655,9.372499976933558,097092,La Valletta Brianza,0.4728617657442654,4.912831947104535,True,True,True,True,False,False,False,False,MODEL_OUTPUT_GATE_B_WALK_GRAPH
WP_01810,45.73583335178655,9.373333310263527,097092,La Valletta Brianza,0.4746529584388243,5.566821245890353,False,True,True,True,True,False,False,False,MODEL_OUTPUT_GATE_B_WALK_GRAPH
WP_01811,45.73583335178655,9.374166643593496,097092,La Valletta Brianza,0.8311327122752876,7.548603925921404,False,True,True,True,True,False,False,False,MODEL_OUTPUT_GATE_B_WALK_GRAPH
WP_01812,45.73583335178655,9.374999976923466,097092,La Valletta Brianza,15.0536911792764,8.078174654795198,False,False,True,True,True,True,False,False,MODEL_OUTPUT_GATE_B_WALK_GRAPH
WP_01813,45.73583335178655,9.375833310253434,097092,La Valletta Brianza,14.302549464263418,4.575427296652135,True,True,True,True,False,False,False,False,MODEL_OUTPUT_GATE_B_WALK_GRAPH
WP_01814,45.73583335178655,9.376666643583404,097092,La Valletta Brianza,13.577293485915495,3.7650039818637047,True,True,True,True,False,False,False,False,MODEL_OUTPUT_GATE_B_WALK_GRAPH
WP_01815,45.73583335178655,9.377499976913374,097092,La Valletta Brianza,14.422995698701223,3.984545108915814,True,True,True,True,False,False,False,False,MODEL_OUTPUT_GATE_B_WALK_GRAPH
WP_01816,45.73583335178655,9.378333310243342,097092,La Valletta Brianza,17.006783346582584,4.5420046289118,True,True,True,True,False,False,False,False,MODEL_OUTPUT_GATE_B_WALK_GRAPH
WP_01817,45.73583335178655,9.379166643573312,097092,La Valletta Brianza,18.917758549989987,3.258198683099929,True,True,True,True,False,False,False,False,MODEL_OUTPUT_GATE_B_WALK_GRAPH
WP_01818,45.73583335178655,9.37999997690328,097074,Santa Maria Hoè,8.654632827241088,2.7452628492327986,True,True,True,True,False,False,False,False,MODEL_OUTPUT_GATE_B_WALK_GRAPH
WP_01819,45.73583335178655,9.38083331023325,097074,Santa Maria Hoè,11.3071374444116,2.133988020499828,True,True,True,True,False,False,False,False,MODEL_OUTPUT_GATE_B_WALK_GRAPH
WP_01820,45.73583335178655,9.381666643563218,097074,Santa Maria Hoè,0.745128218526088,1.785050219238527,True,True,True,True,False,False,False,False,MODEL_OUTPUT_GATE_B_WALK_GRAPH
WP_01821,45.73583335178655,9.382499976893188,097074,Santa Maria Hoè,0.7525948788383842,1.9446760532555192,True,True,True,True,False,False,False,False,MODEL_OUTPUT_GATE_B_WALK_GRAPH
WP_01822,45.73583335178655,9.383333310223158,097074,Santa Maria Hoè,7.647963618870269,2.206957784578751,True,True,True,True,False,False,False,False,MODEL_OUTPUT_GATE_B_WALK_GRAPH
WP_01823,45.73583335178655,9.384166643553126,097074,Santa Maria Hoè,0.1436405385596372,2.9761680910911914,True,True,True,True,False,False,False,False,MODEL_OUTPUT_GATE_B_WALK_GRAPH
WP_01824,45.73583335178655,9.384999976883096,097074,Santa Maria Hoè,0.0827931708571584,3.848756595177683,True,True,True,True,False,False,False,False,MODEL_OUTPUT_GATE_B_WALK_GRAPH
WP_01825,45.73583335178655,9.385833310213064,097074,Santa Maria Hoè,0.1845374710247988,7.4210302324711455,False,True,True,True,True,False,False,False,MODEL_OUTPUT_GATE_B_WALK_GRAPH
WP_01826,45.73583335178655,9.386666643543034,097074,Santa Maria Hoè,0.2542079583490794,6.727559098803993,False,True,True,True,True,False,False,False,MODEL_OUTPUT_GATE_B_WALK_GRAPH
WP_01827,45.73583335178655,9.387499976873002,097074,Santa Maria Hoè,9.240032665646009,5.607020398402889,False,True,True,True,True,False,False,False,MODEL_OUTPUT_GATE_B_WALK_GRAPH
WP_01828,45.73583335178655,9.388333310202972,097074,Santa Maria Hoè,8.872768881319876,5.031695121060923,False,True,True,True,True,False,False,False,MODEL_OUTPUT_GATE_B_WALK_GRAPH
WP_01829,45.73583335178655,9.389166643532942,097074,Santa Maria Hoè,14.08375041909567,5.259540686825566,False,True,True,True,True,False,False,False,MODEL_OUTPUT_GATE_B_WALK_GRAPH
WP_01830,45.73583335178655,9.38999997686291,097058,Olgiate Molgora,0.9771972491238656,5.091942347294665,False,True,True,True,True,False,False,False,MODEL_OUTPUT_GATE_B_WALK_GRAPH
WP_01831,45.73583335178655,9.39083331019288,097058,Olgiate Molgora,1.2741150975016602,6.495371805427487,False,True,True,True,True,False,False,False,MODEL_OUTPUT_GATE_B_WALK_GRAPH
WP_01832,45.73583335178655,9.391666643522848,097058,Olgiate Molgora,0.2074552694230531,10.827956835071229,False,False,False,True,True,True,True,False,MODEL_OUTPUT_GATE_B_WALK_GRAPH
WP_01833,45.73583335178655,9.392499976852818,097058,Olgiate Molgora,14.081637722134476,10.052715832670891,False,False,False,True,True,True,True,False,MODEL_OUTPUT_GATE_B_WALK_GRAPH
WP_01834,45.73583335178655,9.393333310182786,097058,Olgiate Molgora,8.636178146472561,10.218889451298,False,False,False,True,True,True,True,False,MODEL_OUTPUT_GATE_B_WALK_GRAPH
WP_01835,45.73583335178655,9.394166643512756,097058,Olgiate Molgora,0.1869155931849569,11.147294940162874,False,False,False,True,True,True,True,False,MODEL_OUTPUT_GATE_B_WALK_GRAPH
WP_01836,45.73583335178655,9.394999976842726,097058,Olgiate Molgora,0.0868940713577319,11.681235642546122,False,False,False,True,True,True,True,False,MODEL_OUTPUT_GATE_B_WALK_GRAPH
WP_01837,45.73583335178655,9.395833310172694,097058,Olgiate Molgora,0.0168586967418753,15.493513673745085,False,False,False,False,True,True,True,True,MODEL_OUTPUT_GATE_B_WALK_GRAPH
WP_01838,45.73583335178655,9.396666643502664,097058,Olgiate Molgora,0.0674509382353996,15.082102792901336,False,False,False,False,True,True,True,True,MODEL_OUTPUT_GATE_B_WALK_GRAPH
WP_01839,45.73583335178655,9.397499976832632,097058,Olgiate Molgora,0.1546190295330609,13.363825441184463,False,False,False,False,True,True,True,True,MODEL_OUTPUT_GATE_B_WALK_GRAPH
WP_01840,45.73583335178655,9.398333310162602,097058,Olgiate Molgora,27.41168569510045,14.251856978745897,False,False,False,False,True,True,True,True,MODEL_OUTPUT_GATE_B_WALK_GRAPH
WP_01841,45.73583335178655,9.39916664349257,097058,Olgiate Molgora,16.0231328587652,10.98635366114971,False,False,False,True,True,True,True,False,MODEL_OUTPUT_GATE_B_WALK_GRAPH
WP_01842,45.73583335178655,9.39999997682254,097058,Olgiate Molgora,0.0370395827868644,10.632699966061146,False,False,False,True,True,True,True,False,MODEL_OUTPUT_GATE_B_WALK_GRAPH
WP_01843,45.73583335178655,9.400833310152509,097058,Olgiate Molgora,0.0914794133721008,9.911493618899836,False,False,True,True,True,True,False,False,MODEL_OUTPUT_GATE_B_WALK_GRAPH
WP_01844,45.73583335178655,9.401666643482478,097058,Olgiate Molgora,0.1235602002035966,9.238326202053935,False,False,True,True,True,True,False,False,MODEL_OUTPUT_GATE_B_WALK_GRAPH
WP_01845,45.73583335178655,9.402499976812448,097058,Olgiate Molgora,6.893266526079711,8.623208366039675,False,False,True,True,True,True,False,False,MODEL_OUTPUT_GATE_B_WALK_GRAPH
WP_01846,45.73583335178655,9.403333310142417,097058,Olgiate Molgora,12.0116394500958,7.746111219860462,False,True,True,True,True,False,False,False,MODEL_OUTPUT_GATE_B_WALK_GRAPH
WP_01847,45.73583335178655,9.404166643472388,097058,Olgiate Molgora,12.011957650666996,5.409051390755772,False,True,True,True,True,False,False,False,MODEL_OUTPUT_GATE_B_WALK_GRAPH
WP_01848,45.73583335178655,9.404999976802356,097058,Olgiate Molgora,22.550942263137344,4.49969839087578,True,True,True,True,False,False,False,False,MODEL_OUTPUT_GATE_B_WALK_GRAPH
WP_01849,45.73583335178655,9.405833310132325,097058,Olgiate Molgora,22.33673114488208,6.56465680663789,False,True,True,True,True,False,False,False,MODEL_OUTPUT_GATE_B_WALK_GRAPH
WP_01850,45.73583335178655,9.406666643462293,097058,Olgiate Molgora,21.67315868625659,7.667538610091059,False,True,True,True,True,False,False,False,MODEL_OUTPUT_GATE_B_WALK_GRAPH
WP_01851,45.73583335178655,9.407499976792264,097058,Olgiate Molgora,22.01542388171726,4.5532498663795735,True,True,True,True,False,False,False,False,MODEL_OUTPUT_GATE_B_WALK_GRAPH
WP_01852,45.73583335178655,9.408333310122233,097058,Olgiate Molgora,22.64650410805189,5.46842615675,False,True,True,True,True,False,False,False,MODEL_OUTPUT_GATE_B_WALK_GRAPH
WP_01853,45.73583335178655,9.4091666434522,097058,Olgiate Molgora,22.710044431579718,6.646691844078525,False,True,True,True,True,False,False,False,MODEL_OUTPUT_GATE_B_WALK_GRAPH
WP_01854,45.73583335178655,9.40999997678217,097058,Olgiate Molgora,15.242952129279333,7.995875387012937,False,True,True,True,True,False,False,False,MODEL_OUTPUT_GATE_B_WALK_GRAPH
WP_01855,45.73583335178655,9.41083331011214,097058,Olgiate Molgora,24.016653173504945,8.38363646035582,False,False,True,True,True,True,False,False,MODEL_OUTPUT_GATE_B_WALK_GRAPH
WP_01856,45.73583335178655,9.411666643442109,097058,Olgiate Molgora,20.174375627764228,8.214480592104659,False,False,True,True,True,True,False,False,MODEL_OUTPUT_GATE_B_WALK_GRAPH
WP_01857,45.73583335178655,9.413333310102049,097058,Olgiate Molgora,9.56345885776708,8.42209214617105,False,False,True,True,True,True,False,False,MODEL_OUTPUT_GATE_B_WALK_GRAPH
WP_01858,45.73583335178655,9.414166643432017,097058,Olgiate Molgora,9.389982119734134,5.9362535656321205,False,True,True,True,True,False,False,False,MODEL_OUTPUT_GATE_B_WALK_GRAPH
WP_01859,45.73583335178655,9.414999976761983,097058,Olgiate Molgora,8.999588617168936,6.702550969227375,False,True,True,True,True,False,False,False,MODEL_OUTPUT_GATE_B_WALK_GRAPH
WP_01860,45.73583335178655,9.415833310091957,097058,Olgiate Molgora,14.30178262204731,5.918005882139979,False,True,True,True,True,False,False,False,MODEL_OUTPUT_GATE_B_WALK_GRAPH
WP_01861,45.73583335178655,9.416666643421925,097058,Olgiate Molgora,6.150686183616413,4.620375745146297,True,True,True,True,False,False,False,False,MODEL_OUTPUT_GATE_B_WALK_GRAPH
WP_01862,45.73583335178655,9.417499976751891,097058,Olgiate Molgora,17.147896564203716,4.090900003639105,True,True,True,True,False,False,False,False,MODEL_OUTPUT_GATE_B_WALK_GRAPH
WP_01863,45.73583335178655,9.41833331008186,097058,Olgiate Molgora,18.92701620876469,2.47033754225124,True,True,True,True,False,False,False,False,MODEL_OUTPUT_GATE_B_WALK_GRAPH
WP_01864,45.73583335178655,9.419166643411833,097058,Olgiate Molgora,18.306502500806165,2.2934825917759585,True,True,True,True,False,False,False,False,MODEL_OUTPUT_GATE_B_WALK_GRAPH
WP_01865,45.73583335178655,9.4199999767418,097010,Brivio,6.468617878465173,2.088201490179181,True,True,True,True,False,False,False,False,MODEL_OUTPUT_GATE_B_WALK_GRAPH
WP_01866,45.73583335178655,9.42083331007177,097010,Brivio,7.94523251311811,1.991230954075696,True,True,True,True,False,False,False,False,MODEL_OUTPUT_GATE_B_WALK_GRAPH
WP_01867,45.73583335178655,9.42166664340174,097010,Brivio,7.916139513293046,2.3579947075684453,True,True,True,True,False,False,False,False,MODEL_OUTPUT_GATE_B_WALK_GRAPH
WP_01868,45.73583335178655,9.422499976731707,097010,Brivio,6.692711631944815,3.0639709462762177,True,True,True,True,False,False,False,False,MODEL_OUTPUT_GATE_B_WALK_GRAPH
WP_01869,45.73583335178655,9.423333310061675,097010,Brivio,7.798445436516133,4.224096804302429,True,True,True,True,False,False,False,False,MODEL_OUTPUT_GATE_B_WALK_GRAPH
WP_01870,45.73583335178655,9.424166643391644,097010,Brivio,7.417343431730711,3.4822427179120807,True,True,True,True,False,False,False,False,MODEL_OUTPUT_GATE_B_WALK_GRAPH
WP_01871,45.73583335178655,9.424999976721615,097010,Brivio,16.929890282196748,3.260750585343903,True,True,True,True,False,False,False,False,MODEL_OUTPUT_GATE_B_WALK_GRAPH
WP_01872,45.73583335178655,9.425833310051583,097010,Brivio,16.505564206678507,2.8381520358438594,True,True,True,True,False,False,False,False,MODEL_OUTPUT_GATE_B_WALK_GRAPH
WP_01873,45.73583335178655,9.426666643381552,097010,Brivio,15.271207502780292,3.6166919793964936,True,True,True,True,False,False,False,False,MODEL_OUTPUT_GATE_B_WALK_GRAPH
WP_01874,45.73583335178655,9.427499976711523,097010,Brivio,16.564645101199407,2.0448925865054868,True,True,True,True,False,False,False,False,MODEL_OUTPUT_GATE_B_WALK_GRAPH
WP_01875,45.73583335178655,9.428333310041491,097010,Brivio,17.918669676267946,2.480655942359937,True,True,True,True,False,False,False,False,MODEL_OUTPUT_GATE_B_WALK_GRAPH
WP_01876,45.73583335178655,9.42916664337146,097010,Brivio,17.616968515840842,3.160263632838458,True,True,True,True,False,False,False,False,MODEL_OUTPUT_GATE_B_WALK_GRAPH
WP_01877,45.73583335178655,9.42999997670143,097010,Brivio,17.71522699993977,3.6541196351545744,True,True,True,True,False,False,False,False,MODEL_OUTPUT_GATE_B_WALK_GRAPH
WP_01878,45.73583335178655,9.4308333100314,097010,Brivio,0.2296601475090982,4.3255034571724735,True,True,True,True,False,False,False,False,MODEL_OUTPUT_GATE_B_WALK_GRAPH
WP_01879,45.73583335178655,9.431666643361368,097010,Brivio,0.2217742917570117,5.440524322882803,False,True,True,True,True,False,False,False,MODEL_OUTPUT_GATE_B_WALK_GRAPH
WP_01880,45.73583335178655,9.432499976691338,097010,Brivio,0.2209355304639581,6.17862119816971,False,True,True,True,True,False,False,False,MODEL_OUTPUT_GATE_B_WALK_GRAPH
WP_01881,45.73583335178655,9.433333310021307,097010,Brivio,0.2503215850546461,3.830750402969112,True,True,True,True,False,False,False,False,MODEL_OUTPUT_GATE_B_WALK_GRAPH
WP_01882,45.73583335178655,9.434166643351276,097010,Brivio,7.729923563227226,3.275596198926518,True,True,True,True,False,False,False,False,MODEL_OUTPUT_GATE_B_WALK_GRAPH
WP_01883,45.73583335178655,9.434999976681246,097010,Brivio,7.6849486112255025,1.867009858705206,True,True,True,True,False,False,False,False,MODEL_OUTPUT_GATE_B_WALK_GRAPH
WP_01884,45.73583335178655,9.435833310011214,097010,Brivio,14.683428554878308,1.8431987549368185,True,True,True,True,False,False,False,False,MODEL_OUTPUT_GATE_B_WALK_GRAPH
WP_01885,45.73583335178655,9.436666643341184,097010,Brivio,15.54183538424348,2.208339801005501,True,True,True,True,False,False,False,False,MODEL_OUTPUT_GATE_B_WALK_GRAPH
WP_01886,45.73583335178655,9.437499976671152,097010,Brivio,14.835122962592289,5.272774980783725,False,True,True,True,True,False,False,False,MODEL_OUTPUT_GATE_B_WALK_GRAPH
WP_01887,45.73583335178655,9.438333310001122,097010,Brivio,14.642039667105111,5.783932031031388,False,True,True,True,True,False,False,False,MODEL_OUTPUT_GATE_B_WALK_GRAPH
WP_01888,45.73583335178655,9.439166643331092,097010,Brivio,7.266458806603597,8.721665529896313,False,False,True,True,True,True,False,False,MODEL_OUTPUT_GATE_B_WALK_GRAPH
WP_01889,45.73583335178655,9.43999997666106,097010,Brivio,7.572361271482885,9.03616570532931,False,False,True,True,True,True,False,False,MODEL_OUTPUT_GATE_B_WALK_GRAPH
WP_01890,45.73583335178655,9.44083330999103,097010,Brivio,2.1681365401100483,9.24874374311469,False,False,True,True,True,True,False,False,MODEL_OUTPUT_GATE_B_WALK_GRAPH
WP_01891,45.73583335178655,9.441666643320998,097010,Brivio,1.6437589483786132,10.552278843242709,False,False,False,True,True,True,True,False,MODEL_OUTPUT_GATE_B_WALK_GRAPH
WP_01892,45.73583335178655,9.442499976650968,097010,Brivio,0.9788120363568984,9.619023199202624,False,False,True,True,True,True,False,False,MODEL_OUTPUT_GATE_B_WALK_GRAPH
WP_01893,45.73583335178655,9.443333309980936,097010,Brivio,3.806436954014225,9.147459510345955,False,False,True,True,True,True,False,False,MODEL_OUTPUT_GATE_B_WALK_GRAPH
WP_01894,45.73583335178655,9.444166643310906,097010,Brivio,5.949677340488902,8.760543563440294,False,False,True,True,True,True,False,False,MODEL_OUTPUT_GATE_B_WALK_GRAPH
WP_01895,45.73583335178655,9.444999976640874,097010,Brivio,6.0740442203239615,8.005614707525663,False,False,True,True,True,True,False,False,MODEL_OUTPUT_GATE_B_WALK_GRAPH
WP_01896,45.73583335178655,9.445833309970844,097010,Brivio,5.516079700177282,7.205743700823251,False,True,True,True,True,False,False,False,MODEL_OUTPUT_GATE_B_WALK_GRAPH
WP_01897,45.73583335178655,9.446666643300814,097010,Brivio,2.500385715120401,11.221340862760036,False,False,False,True,True,True,True,False,MODEL_OUTPUT_GATE_B_WALK_GRAPH
WP_01898,45.73583335178655,9.447499976630782,097010,Brivio,0.0320759827276368,11.06936496441944,False,False,False,True,True,True,True,False,MODEL_OUTPUT_GATE_B_WALK_GRAPH
WP_01899,45.735000018456574,9.345833310374545,097092,La Valletta Brianza,15.840631962657891,28.50163499797846,False,False,False,False,True,True,True,True,MODEL_OUTPUT_GATE_B_WALK_GRAPH
WP_01900,45.735000018456574,9.346666643704514,097092,La Valletta Brianza,0.4613763080786863,28.796744952084936,False,False,False,False,True,True,True,True,MODEL_OUTPUT_GATE_B_WALK_GRAPH
WP_01901,45.735000018456574,9.347499977034484,097092,La Valletta Brianza,0.1333521164096319,29.606723672931903,False,False,False,False,True,True,True,True,MODEL_OUTPUT_GATE_B_WALK_GRAPH
WP_01902,45.735000018456574,9.348333310364453,097092,La Valletta Brianza,0.1981457361019265,24.165693859961504,False,False,False,False,True,True,True,True,MODEL_OUTPUT_GATE_B_WALK_GRAPH
WP_01903,45.735000018456574,9.34916664369442,097092,La Valletta Brianza,0.2564363365371223,23.503319419870635,False,False,False,False,True,True,True,True,MODEL_OUTPUT_GATE_B_WALK_GRAPH
WP_01904,45.735000018456574,9.34999997702439,097092,La Valletta Brianza,0.2526944354722514,25.147876347934325,False,False,False,False,True,True,True,True,MODEL_OUTPUT_GATE_B_WALK_GRAPH
WP_01905,45.735000018456574,9.35083331035436,097092,La Valletta Brianza,0.2483469067412225,21.52735059307209,False,False,False,False,True,True,True,True,MODEL_OUTPUT_GATE_B_WALK_GRAPH
WP_01906,45.735000018456574,9.351666643684329,097092,La Valletta Brianza,0.2518576499060806,20.589276386288,False,False,False,False,True,True,True,True,MODEL_OUTPUT_GATE_B_WALK_GRAPH
WP_01907,45.735000018456574,9.3524999770143,097092,La Valletta Brianza,0.2538745992307789,19.81359140508399,False,False,False,False,True,True,True,True,MODEL_OUTPUT_GATE_B_WALK_GRAPH
WP_01908,45.735000018456574,9.353333310344269,097092,La Valletta Brianza,8.795480942316594,20.862030251003414,False,False,False,False,True,True,True,True,MODEL_OUTPUT_GATE_B_WALK_GRAPH
WP_01909,45.735000018456574,9.354166643674237,097092,La Valletta Brianza,9.23206586035827,20.381767270566076,False,False,False,False,True,True,True,True,MODEL_OUTPUT_GATE_B_WALK_GRAPH
WP_01910,45.735000018456574,9.354999977004203,097092,La Valletta Brianza,0.2660005049317506,21.159633667673152,False,False,False,False,True,True,True,True,MODEL_OUTPUT_GATE_B_WALK_GRAPH
WP_01911,45.735000018456574,9.355833310334177,097092,La Valletta Brianza,0.274962226103395,15.20857264400821,False,False,False,False,True,True,True,True,MODEL_OUTPUT_GATE_B_WALK_GRAPH
WP_01912,45.735000018456574,9.356666643664145,097092,La Valletta Brianza,0.2659296852358981,15.60150482413026,False,False,False,False,True,True,True,True,MODEL_OUTPUT_GATE_B_WALK_GRAPH
WP_01913,45.735000018456574,9.357499976994111,097092,La Valletta Brianza,0.184086340291965,16.99472793676297,False,False,False,False,True,True,True,True,MODEL_OUTPUT_GATE_B_WALK_GRAPH
WP_01914,45.735000018456574,9.358333310324085,097092,La Valletta Brianza,0.1112336489563966,17.864994074008482,False,False,False,False,True,True,True,True,MODEL_OUTPUT_GATE_B_WALK_GRAPH
WP_01915,45.735000018456574,9.359166643654053,097092,La Valletta Brianza,0.0858430469748035,11.71323512556924,False,False,False,True,True,True,True,False,MODEL_OUTPUT_GATE_B_WALK_GRAPH
WP_01916,45.735000018456574,9.35999997698402,097092,La Valletta Brianza,0.0963856814537281,11.585725210106888,False,False,False,True,True,True,True,False,MODEL_OUTPUT_GATE_B_WALK_GRAPH
WP_01917,45.735000018456574,9.36083331031399,097092,La Valletta Brianza,0.0684182007886973,11.240127308939872,False,False,False,True,True,True,True,False,MODEL_OUTPUT_GATE_B_WALK_GRAPH
WP_01918,45.735000018456574,9.36166664364396,097092,La Valletta Brianza,0.0622492514441479,10.569114447991389,False,False,False,True,True,True,True,False,MODEL_OUTPUT_GATE_B_WALK_GRAPH
WP_01919,45.735000018456574,9.362499976973927,097092,La Valletta Brianza,0.0706837319068321,11.41542345125008,False,False,False,True,True,True,True,False,MODEL_OUTPUT_GATE_B_WALK_GRAPH
WP_01920,45.735000018456574,9.363333310303895,097092,La Valletta Brianza,0.0683915782859203,10.718846916484624,False,False,False,True,True,True,True,False,MODEL_OUTPUT_GATE_B_WALK_GRAPH
WP_01921,45.735000018456574,9.364166643633869,097092,La Valletta Brianza,0.0644613936142577,12.040146515215485,False,False,False,False,True,True,True,True,MODEL_OUTPUT_GATE_B_WALK_GRAPH
WP_01922,45.735000018456574,9.364999976963835,097092,La Valletta Brianza,0.1160784166727363,12.467613508633544,False,False,False,False,True,True,True,True,MODEL_OUTPUT_GATE_B_WALK_GRAPH
WP_01923,45.735000018456574,9.365833310293803,097092,La Valletta Brianza,0.3400132286430823,8.997542506075721,False,False,True,True,True,True,False,False,MODEL_OUTPUT_GATE_B_WALK_GRAPH
WP_01924,45.735000018456574,9.366666643623772,097092,La Valletta Brianza,0.3401502892933211,8.307809634434621,False,False,True,True,True,True,False,False,MODEL_OUTPUT_GATE_B_WALK_GRAPH
WP_01925,45.735000018456574,9.367499976953743,097092,La Valletta Brianza,8.338271837324484,8.008097012234257,False,False,True,True,True,True,False,False,MODEL_OUTPUT_GATE_B_WALK_GRAPH
WP_01926,45.735000018456574,9.368333310283711,097092,La Valletta Brianza,0.5104868471765693,6.87859212177741,False,True,True,True,True,False,False,False,MODEL_OUTPUT_GATE_B_WALK_GRAPH
WP_01927,45.735000018456574,9.36916664361368,097092,La Valletta Brianza,0.7554118986561291,5.573478248937898,False,True,True,True,True,False,False,False,MODEL_OUTPUT_GATE_B_WALK_GRAPH
WP_01928,45.735000018456574,9.369999976943651,097092,La Valletta Brianza,47.70539122789633,4.636742766654617,True,True,True,True,False,False,False,False,MODEL_OUTPUT_GATE_B_WALK_GRAPH
WP_01929,45.735000018456574,9.37083331027362,097092,La Valletta Brianza,44.663389016298,4.034300519171578,True,True,True,True,False,False,False,False,MODEL_OUTPUT_GATE_B_WALK_GRAPH
WP_01930,45.735000018456574,9.37166664360359,097092,La Valletta Brianza,0.965682347792837,6.177694772988968,False,True,True,True,True,False,False,False,MODEL_OUTPUT_GATE_B_WALK_GRAPH
WP_01931,45.735000018456574,9.372499976933558,097092,La Valletta Brianza,0.841588035363797,6.764251658969723,False,True,True,True,True,False,False,False,MODEL_OUTPUT_GATE_B_WALK_GRAPH
WP_01932,45.735000018456574,9.373333310263527,097092,La Valletta Brianza,0.0691301471058783,6.535844000848255,False,True,True,True,True,False,False,False,MODEL_OUTPUT_GATE_B_WALK_GRAPH
WP_01933,45.735000018456574,9.374166643593496,097092,La Valletta Brianza,0.0552089394955138,7.21358199372056,False,True,True,True,True,False,False,False,MODEL_OUTPUT_GATE_B_WALK_GRAPH
WP_01934,45.735000018456574,9.374999976923466,097092,La Valletta Brianza,0.1574601909724322,8.074541078405689,False,False,True,True,True,True,False,False,MODEL_OUTPUT_GATE_B_WALK_GRAPH
WP_01935,45.735000018456574,9.375833310253434,097092,La Valletta Brianza,9.014019940518658,8.747577511015946,False,False,True,True,True,True,False,False,MODEL_OUTPUT_GATE_B_WALK_GRAPH
WP_01936,45.735000018456574,9.376666643583404,097092,La Valletta Brianza,7.890757600490892,5.036006112119623,False,True,True,True,True,False,False,False,MODEL_OUTPUT_GATE_B_WALK_GRAPH
WP_01937,45.735000018456574,9.377499976913374,097092,La Valletta Brianza,7.56241566609817,4.684145133590863,True,True,True,True,False,False,False,False,MODEL_OUTPUT_GATE_B_WALK_GRAPH
WP_01938,45.735000018456574,9.378333310243342,097092,La Valletta Brianza,8.202590183377838,5.309703577643972,False,True,True,True,True,False,False,False,MODEL_OUTPUT_GATE_B_WALK_GRAPH
WP_01939,45.735000018456574,9.379166643573312,097092,La Valletta Brianza,18.18739543792707,5.861733894345831,False,True,True,True,True,False,False,False,MODEL_OUTPUT_GATE_B_WALK_GRAPH
WP_01940,45.735000018456574,9.37999997690328,097092,La Valletta Brianza,12.032672873718552,3.761755298636456,True,True,True,True,False,False,False,False,MODEL_OUTPUT_GATE_B_WALK_GRAPH
WP_01941,45.735000018456574,9.38083331023325,097092,La Valletta Brianza,12.946085624977918,4.612215191846884,True,True,True,True,False,False,False,False,MODEL_OUTPUT_GATE_B_WALK_GRAPH
WP_01942,45.735000018456574,9.381666643563218,097074,Santa Maria Hoè,10.771104816609853,0.7559081538255001,True,True,True,True,False,False,False,False,MODEL_OUTPUT_GATE_B_WALK_GRAPH
WP_01943,45.735000018456574,9.382499976893188,097074,Santa Maria Hoè,11.180788928609964,0.5952379673005623,True,True,True,True,False,False,False,False,MODEL_OUTPUT_GATE_B_WALK_GRAPH
WP_01944,45.735000018456574,9.383333310223158,097074,Santa Maria Hoè,10.746181987692452,1.312786562279845,True,True,True,True,False,False,False,False,MODEL_OUTPUT_GATE_B_WALK_GRAPH
WP_01945,45.735000018456574,9.384166643553126,097074,Santa Maria Hoè,0.2873958563965488,2.254961110274064,True,True,True,True,False,False,False,False,MODEL_OUTPUT_GATE_B_WALK_GRAPH
WP_01946,45.735000018456574,9.384999976883096,097074,Santa Maria Hoè,0.1875324652577678,3.1397333771084006,True,True,True,True,False,False,False,False,MODEL_OUTPUT_GATE_B_WALK_GRAPH
WP_01947,45.735000018456574,9.387499976873002,097074,Santa Maria Hoè,0.539789559930706,6.276654015666774,False,True,True,True,True,False,False,False,MODEL_OUTPUT_GATE_B_WALK_GRAPH
WP_01948,45.735000018456574,9.388333310202972,097074,Santa Maria Hoè,14.78011669480547,5.53205420569326,False,True,True,True,True,False,False,False,MODEL_OUTPUT_GATE_B_WALK_GRAPH
WP_01949,45.735000018456574,9.389166643532942,097074,Santa Maria Hoè,13.916950898600223,5.986628460870241,False,True,True,True,True,False,False,False,MODEL_OUTPUT_GATE_B_WALK_GRAPH
WP_01950,45.735000018456574,9.38999997686291,097058,Olgiate Molgora,2.7616385158115797,5.779457417653072,False,True,True,True,True,False,False,False,MODEL_OUTPUT_GATE_B_WALK_GRAPH
WP_01951,45.735000018456574,9.39083331019288,097058,Olgiate Molgora,10.072213558599666,6.763675054018489,False,True,True,True,True,False,False,False,MODEL_OUTPUT_GATE_B_WALK_GRAPH
WP_01952,45.735000018456574,9.391666643522848,097058,Olgiate Molgora,13.526212035156574,7.639880404772415,False,True,True,True,True,False,False,False,MODEL_OUTPUT_GATE_B_WALK_GRAPH
WP_01953,45.735000018456574,9.392499976852818,097058,Olgiate Molgora,13.396129193954334,9.23033832383277,False,False,True,True,True,True,False,False,MODEL_OUTPUT_GATE_B_WALK_GRAPH
WP_01954,45.735000018456574,9.393333310182786,097058,Olgiate Molgora,0.3571530458727794,9.541785565982982,False,False,True,True,True,True,False,False,MODEL_OUTPUT_GATE_B_WALK_GRAPH
WP_01955,45.735000018456574,9.394166643512756,097058,Olgiate Molgora,0.3517692016484028,11.21033860009359,False,False,False,True,True,True,True,False,MODEL_OUTPUT_GATE_B_WALK_GRAPH
WP_01956,45.735000018456574,9.394999976842726,097058,Olgiate Molgora,0.1117580877687102,12.17142075560774,False,False,False,False,True,True,True,True,MODEL_OUTPUT_GATE_B_WALK_GRAPH
WP_01957,45.735000018456574,9.395833310172694,097058,Olgiate Molgora,0.0610696686374407,12.141932551089926,False,False,False,False,True,True,True,True,MODEL_OUTPUT_GATE_B_WALK_GRAPH
WP_01958,45.735000018456574,9.396666643502664,097058,Olgiate Molgora,0.1762569037299433,12.916984688094375,False,False,False,False,True,True,True,True,MODEL_OUTPUT_GATE_B_WALK_GRAPH
WP_01959,45.735000018456574,9.397499976832632,097058,Olgiate Molgora,0.172337205772889,12.982033593385946,False,False,False,False,True,True,True,True,MODEL_OUTPUT_GATE_B_WALK_GRAPH
WP_01960,45.735000018456574,9.398333310162602,097058,Olgiate Molgora,0.1715077249015027,12.215929101627896,False,False,False,False,True,True,True,True,MODEL_OUTPUT_GATE_B_WALK_GRAPH
WP_01961,45.735000018456574,9.39916664349257,097058,Olgiate Molgora,0.1712733844198206,11.681056894990618,False,False,False,True,True,True,True,False,MODEL_OUTPUT_GATE_B_WALK_GRAPH
WP_01962,45.735000018456574,9.39999997682254,097058,Olgiate Molgora,0.0871642814812809,12.611585170415324,False,False,False,False,True,True,True,True,MODEL_OUTPUT_GATE_B_WALK_GRAPH
WP_01963,45.735000018456574,9.400833310152509,097058,Olgiate Molgora,0.0219554753471628,12.622081675103631,False,False,False,False,True,True,True,True,MODEL_OUTPUT_GATE_B_WALK_GRAPH
WP_01964,45.735000018456574,9.401666643482478,097058,Olgiate Molgora,0.040553917752019,9.06752096205409,False,False,True,True,True,True,False,False,MODEL_OUTPUT_GATE_B_WALK_GRAPH
WP_01965,45.735000018456574,9.402499976812448,097058,Olgiate Molgora,0.1671451762419488,8.051136950185523,False,False,True,True,True,True,False,False,MODEL_OUTPUT_GATE_B_WALK_GRAPH
WP_01966,45.735000018456574,9.403333310142417,097058,Olgiate Molgora,0.381798321455633,6.758485499760445,False,True,True,True,True,False,False,False,MODEL_OUTPUT_GATE_B_WALK_GRAPH
WP_01967,45.735000018456574,9.404166643472388,097058,Olgiate Molgora,0.3738371879339416,6.289387194740388,False,True,True,True,True,False,False,False,MODEL_OUTPUT_GATE_B_WALK_GRAPH
WP_01968,45.735000018456574,9.404999976802356,097058,Olgiate Molgora,17.715809270046602,6.479410542033126,False,True,True,True,True,False,False,False,MODEL_OUTPUT_GATE_B_WALK_GRAPH
WP_01969,45.735000018456574,9.405833310132325,097058,Olgiate Molgora,17.27547616481775,2.171825211804752,True,True,True,True,False,False,False,False,MODEL_OUTPUT_GATE_B_WALK_GRAPH
WP_01970,45.735000018456574,9.406666643462293,097058,Olgiate Molgora,15.418194974624605,3.207349222990572,True,True,True,True,False,False,False,False,MODEL_OUTPUT_GATE_B_WALK_GRAPH
WP_01971,45.735000018456574,9.407499976792264,097058,Olgiate Molgora,24.3066393331084,4.120353565621198,True,True,True,True,False,False,False,False,MODEL_OUTPUT_GATE_B_WALK_GRAPH
WP_01972,45.735000018456574,9.408333310122233,097058,Olgiate Molgora,16.259843958238278,5.3235118144157605,False,True,True,True,True,False,False,False,MODEL_OUTPUT_GATE_B_WALK_GRAPH
WP_01973,45.735000018456574,9.4091666434522,097058,Olgiate Molgora,16.930542979952424,6.034059241932946,False,True,True,True,True,False,False,False,MODEL_OUTPUT_GATE_B_WALK_GRAPH
WP_01974,45.735000018456574,9.40999997678217,097058,Olgiate Molgora,16.7579445884666,9.71697198797453,False,False,True,True,True,True,False,False,MODEL_OUTPUT_GATE_B_WALK_GRAPH
WP_01975,45.735000018456574,9.41083331011214,097058,Olgiate Molgora,15.350267625470211,9.29497657350838,False,False,True,True,True,True,False,False,MODEL_OUTPUT_GATE_B_WALK_GRAPH
WP_01976,45.735000018456574,9.416666643421925,097010,Brivio,3.499423165885093,5.5280816062295965,False,True,True,True,True,False,False,False,MODEL_OUTPUT_GATE_B_WALK_GRAPH
WP_01977,45.735000018456574,9.417499976751891,097010,Brivio,6.892639981540898,3.242069136783403,True,True,True,True,False,False,False,False,MODEL_OUTPUT_GATE_B_WALK_GRAPH
WP_01978,45.735000018456574,9.41833331008186,097010,Brivio,7.242175866708932,2.347963752519165,True,True,True,True,False,False,False,False,MODEL_OUTPUT_GATE_B_WALK_GRAPH
WP_01979,45.735000018456574,9.419166643411833,097010,Brivio,8.055013579271405,3.2057828644590725,True,True,True,True,False,False,False,False,MODEL_OUTPUT_GATE_B_WALK_GRAPH
WP_01980,45.735000018456574,9.4199999767418,097010,Brivio,6.830199988881883,2.807146734249409,True,True,True,True,False,False,False,False,MODEL_OUTPUT_GATE_B_WALK_GRAPH
WP_01981,45.735000018456574,9.42083331007177,097010,Brivio,7.207998826458613,2.787803581331441,True,True,True,True,False,False,False,False,MODEL_OUTPUT_GATE_B_WALK_GRAPH
WP_01982,45.735000018456574,9.42166664340174,097010,Brivio,7.014069271691468,3.2635108457753432,True,True,True,True,False,False,False,False,MODEL_OUTPUT_GATE_B_WALK_GRAPH
WP_01983,45.735000018456574,9.422499976731707,097010,Brivio,7.0654430462564815,4.130596664388798,True,True,True,True,False,False,False,False,MODEL_OUTPUT_GATE_B_WALK_GRAPH
WP_01984,45.735000018456574,9.423333310061675,097010,Brivio,7.230999407942445,4.3095689114047415,True,True,True,True,False,False,False,False,MODEL_OUTPUT_GATE_B_WALK_GRAPH
WP_01985,45.735000018456574,9.424166643391644,097010,Brivio,7.214777817223346,2.5526773058670105,True,True,True,True,False,False,False,False,MODEL_OUTPUT_GATE_B_WALK_GRAPH
WP_01986,45.735000018456574,9.424999976721615,097010,Brivio,7.580291304563285,2.4787597209185863,True,True,True,True,False,False,False,False,MODEL_OUTPUT_GATE_B_WALK_GRAPH
WP_01987,45.735000018456574,9.425833310051583,097010,Brivio,7.4467785018777555,1.2882971161851873,True,True,True,True,False,False,False,False,MODEL_OUTPUT_GATE_B_WALK_GRAPH
WP_01988,45.735000018456574,9.426666643381552,097010,Brivio,7.467389454666809,0.5062743289595371,True,True,True,True,False,False,False,False,MODEL_OUTPUT_GATE_B_WALK_GRAPH
WP_01989,45.735000018456574,9.427499976711523,097010,Brivio,16.047754148078884,1.097230474456215,True,True,True,True,False,False,False,False,MODEL_OUTPUT_GATE_B_WALK_GRAPH
WP_01990,45.735000018456574,9.428333310041491,097010,Brivio,16.21209867296068,2.0476909197143485,True,True,True,True,False,False,False,False,MODEL_OUTPUT_GATE_B_WALK_GRAPH
WP_01991,45.735000018456574,9.42916664337146,097010,Brivio,16.07373690187211,3.4544839844446664,True,True,True,True,False,False,False,False,MODEL_OUTPUT_GATE_B_WALK_GRAPH
WP_01992,45.735000018456574,9.42999997670143,097010,Brivio,16.7777030338293,6.033410986956701,False,True,True,True,True,False,False,False,MODEL_OUTPUT_GATE_B_WALK_GRAPH
WP_01993,45.735000018456574,9.4308333100314,097010,Brivio,16.801816559749337,5.255074478403583,False,True,True,True,True,False,False,False,MODEL_OUTPUT_GATE_B_WALK_GRAPH
WP_01994,45.735000018456574,9.431666643361368,097010,Brivio,16.304501431926948,5.585977484044068,False,True,True,True,True,False,False,False,MODEL_OUTPUT_GATE_B_WALK_GRAPH
WP_01995,45.735000018456574,9.432499976691338,097010,Brivio,0.2395963733790765,4.944368168317553,True,True,True,True,False,False,False,False,MODEL_OUTPUT_GATE_B_WALK_GRAPH
WP_01996,45.735000018456574,9.433333310021307,097010,Brivio,8.055739060167546,4.065210427465484,True,True,True,True,False,False,False,False,MODEL_OUTPUT_GATE_B_WALK_GRAPH
WP_01997,45.735000018456574,9.434166643351276,097010,Brivio,7.838359044701643,3.410614435641103,True,True,True,True,False,False,False,False,MODEL_OUTPUT_GATE_B_WALK_GRAPH
WP_01998,45.735000018456574,9.434999976681246,097010,Brivio,8.381136291026964,3.016012514202784,True,True,True,True,False,False,False,False,MODEL_OUTPUT_GATE_B_WALK_GRAPH
WP_01999,45.735000018456574,9.435833310011214,097010,Brivio,13.28541714089452,2.9856817751482154,True,True,True,True,False,False,False,False,MODEL_OUTPUT_GATE_B_WALK_GRAPH
WP_02000,45.735000018456574,9.436666643341184,097010,Brivio,13.388846398888967,5.186692539596405,False,True,True,True,True,False,False,False,MODEL_OUTPUT_GATE_B_WALK_GRAPH
WP_02001,45.735000018456574,9.437499976671152,097010,Brivio,13.48664851902753,4.362148786461147,True,True,True,True,False,False,False,False,MODEL_OUTPUT_GATE_B_WALK_GRAPH
WP_02002,45.735000018456574,9.438333310001122,097010,Brivio,7.451565865199113,8.003208934249475,False,False,True,True,True,True,False,False,MODEL_OUTPUT_GATE_B_WALK_GRAPH
WP_02003,45.735000018456574,9.439166643331092,097010,Brivio,2.755862191510445,7.813410423576012,False,True,True,True,True,False,False,False,MODEL_OUTPUT_GATE_B_WALK_GRAPH
WP_02004,45.735000018456574,9.43999997666106,097010,Brivio,1.4152170648234634,8.379044997761412,False,False,True,True,True,True,False,False,MODEL_OUTPUT_GATE_B_WALK_GRAPH
WP_02005,45.735000018456574,9.44083330999103,097010,Brivio,0.955525619452953,8.655952379019192,False,False,True,True,True,True,False,False,MODEL_OUTPUT_GATE_B_WALK_GRAPH
WP_02006,45.735000018456574,9.441666643320998,097010,Brivio,0.6411611697188603,11.141933763183465,False,False,False,True,True,True,True,False,MODEL_OUTPUT_GATE_B_WALK_GRAPH
WP_02007,45.735000018456574,9.442499976650968,097010,Brivio,0.918145317603384,10.751978447826328,False,False,False,True,True,True,True,False,MODEL_OUTPUT_GATE_B_WALK_GRAPH
WP_02008,45.735000018456574,9.443333309980936,097010,Brivio,3.451136940742878,9.636395065883075,False,False,True,True,True,True,False,False,MODEL_OUTPUT_GATE_B_WALK_GRAPH
WP_02009,45.735000018456574,9.444166643310906,097010,Brivio,5.670447849495648,9.323542956315167,False,False,True,True,True,True,False,False,MODEL_OUTPUT_GATE_B_WALK_GRAPH
WP_02010,45.735000018456574,9.444999976640874,097010,Brivio,3.375158826087309,13.368597204894188,False,False,False,False,True,True,True,True,MODEL_OUTPUT_GATE_B_WALK_GRAPH
WP_02011,45.735000018456574,9.445833309970844,097010,Brivio,2.0851761784498506,12.505353035950856,False,False,False,False,True,True,True,True,MODEL_OUTPUT_GATE_B_WALK_GRAPH
WP_02012,45.7341666851266,9.345833310374545,097092,La Valletta Brianza,16.131562234322345,28.00930118163197,False,False,False,False,True,True,True,True,MODEL_OUTPUT_GATE_B_WALK_GRAPH
WP_02013,45.7341666851266,9.346666643704514,097092,La Valletta Brianza,14.228987787712937,27.17939851588558,False,False,False,False,True,True,True,True,MODEL_OUTPUT_GATE_B_WALK_GRAPH
WP_02014,45.7341666851266,9.347499977034484,097092,La Valletta Brianza,9.394148263423288,26.918825006898132,False,False,False,False,True,True,True,True,MODEL_OUTPUT_GATE_B_WALK_GRAPH
WP_02015,45.7341666851266,9.348333310364453,097092,La Valletta Brianza,0.2611693569149521,25.19838752433193,False,False,False,False,True,True,True,True,MODEL_OUTPUT_GATE_B_WALK_GRAPH
WP_02016,45.7341666851266,9.34916664369442,097092,La Valletta Brianza,0.2586352565630877,25.6650809388008,False,False,False,False,True,True,True,True,MODEL_OUTPUT_GATE_B_WALK_GRAPH
WP_02017,45.7341666851266,9.34999997702439,097092,La Valletta Brianza,0.1526647132708889,26.309828277185485,False,False,False,False,True,True,True,True,MODEL_OUTPUT_GATE_B_WALK_GRAPH
WP_02018,45.7341666851266,9.35083331035436,097092,La Valletta Brianza,0.1232036923786236,24.489850541276,False,False,False,False,True,True,True,True,MODEL_OUTPUT_GATE_B_WALK_GRAPH
WP_02019,45.7341666851266,9.351666643684329,097092,La Valletta Brianza,0.126615101529516,23.428168280521547,False,False,False,False,True,True,True,True,MODEL_OUTPUT_GATE_B_WALK_GRAPH
WP_02020,45.7341666851266,9.3524999770143,097092,La Valletta Brianza,0.1907340148782616,22.383298429033232,False,False,False,False,True,True,True,True,MODEL_OUTPUT_GATE_B_WALK_GRAPH
WP_02021,45.7341666851266,9.353333310344269,097092,La Valletta Brianza,7.296855679963656,22.019710552117157,False,False,False,False,True,True,True,True,MODEL_OUTPUT_GATE_B_WALK_GRAPH
WP_02022,45.7341666851266,9.354166643674237,097092,La Valletta Brianza,6.971877557744667,21.664044494573574,False,False,False,False,True,True,True,True,MODEL_OUTPUT_GATE_B_WALK_GRAPH
WP_02023,45.7341666851266,9.354999977004203,097092,La Valletta Brianza,0.2374290210941657,21.13903086433178,False,False,False,False,True,True,True,True,MODEL_OUTPUT_GATE_B_WALK_GRAPH
WP_02024,45.7341666851266,9.355833310334177,097092,La Valletta Brianza,0.4887880542798538,19.85650347100251,False,False,False,False,True,True,True,True,MODEL_OUTPUT_GATE_B_WALK_GRAPH
WP_02025,45.7341666851266,9.356666643664145,097092,La Valletta Brianza,0.3091276982201496,19.122426202423764,False,False,False,False,True,True,True,True,MODEL_OUTPUT_GATE_B_WALK_GRAPH
WP_02026,45.7341666851266,9.357499976994111,097092,La Valletta Brianza,0.2679607546315851,16.98897324832267,False,False,False,False,True,True,True,True,MODEL_OUTPUT_GATE_B_WALK_GRAPH
WP_02027,45.7341666851266,9.358333310324085,097092,La Valletta Brianza,0.2353221419969564,17.79840937233673,False,False,False,False,True,True,True,True,MODEL_OUTPUT_GATE_B_WALK_GRAPH
WP_02028,45.7341666851266,9.359166643654053,097092,La Valletta Brianza,0.2319080185023205,12.717399979947023,False,False,False,False,True,True,True,True,MODEL_OUTPUT_GATE_B_WALK_GRAPH
WP_02029,45.7341666851266,9.35999997698402,097092,La Valletta Brianza,0.3477503421046015,12.81002763507112,False,False,False,False,True,True,True,True,MODEL_OUTPUT_GATE_B_WALK_GRAPH
WP_02030,45.7341666851266,9.36083331031399,097092,La Valletta Brianza,0.1564872906636908,12.844591825791609,False,False,False,False,True,True,True,True,MODEL_OUTPUT_GATE_B_WALK_GRAPH
WP_02031,45.7341666851266,9.36166664364396,097092,La Valletta Brianza,0.0302776819300753,13.08518230727094,False,False,False,False,True,True,True,True,MODEL_OUTPUT_GATE_B_WALK_GRAPH
WP_02032,45.7341666851266,9.362499976973927,097092,La Valletta Brianza,0.018139921538436,13.132360244675947,False,False,False,False,True,True,True,True,MODEL_OUTPUT_GATE_B_WALK_GRAPH
WP_02033,45.7341666851266,9.363333310303895,097092,La Valletta Brianza,0.0168868217870086,14.423975842282386,False,False,False,False,True,True,True,True,MODEL_OUTPUT_GATE_B_WALK_GRAPH
WP_02034,45.7341666851266,9.364166643633869,097092,La Valletta Brianza,0.0157075268241113,14.70414964505806,False,False,False,False,True,True,True,True,MODEL_OUTPUT_GATE_B_WALK_GRAPH
WP_02035,45.7341666851266,9.364999976963835,097092,La Valletta Brianza,0.0407358050423705,11.929488645619896,False,False,False,True,True,True,True,False,MODEL_OUTPUT_GATE_B_WALK_GRAPH
WP_02036,45.7341666851266,9.365833310293803,097092,La Valletta Brianza,0.0553606308697941,10.663777690218478,False,False,False,True,True,True,True,False,MODEL_OUTPUT_GATE_B_WALK_GRAPH
WP_02037,45.7341666851266,9.366666643623772,097092,La Valletta Brianza,0.0639165302341751,9.11884279533025,False,False,True,True,True,True,False,False,MODEL_OUTPUT_GATE_B_WALK_GRAPH
WP_02038,45.7341666851266,9.367499976953743,097092,La Valletta Brianza,13.15354352047934,9.273219698279114,False,False,True,True,True,True,False,False,MODEL_OUTPUT_GATE_B_WALK_GRAPH
WP_02039,45.7341666851266,9.368333310283711,097092,La Valletta Brianza,34.70313590568976,7.410694879181197,False,True,True,True,True,False,False,False,MODEL_OUTPUT_GATE_B_WALK_GRAPH
WP_02040,45.7341666851266,9.36916664361368,097092,La Valletta Brianza,37.31008507615182,7.014277629990013,False,True,True,True,True,False,False,False,MODEL_OUTPUT_GATE_B_WALK_GRAPH
WP_02041,45.7341666851266,9.369999976943651,097092,La Valletta Brianza,43.89784713195599,5.354291326319536,False,True,True,True,True,False,False,False,MODEL_OUTPUT_GATE_B_WALK_GRAPH
WP_02042,45.7341666851266,9.37083331027362,097092,La Valletta Brianza,49.1371504142736,5.543587219272677,False,True,True,True,True,False,False,False,MODEL_OUTPUT_GATE_B_WALK_GRAPH
WP_02043,45.7341666851266,9.37166664360359,097092,La Valletta Brianza,44.28055314921806,9.430467505634953,False,False,True,True,True,True,False,False,MODEL_OUTPUT_GATE_B_WALK_GRAPH
WP_02044,45.7341666851266,9.372499976933558,097092,La Valletta Brianza,0.8576155497286876,14.643607630641766,False,False,False,False,True,True,True,True,MODEL_OUTPUT_GATE_B_WALK_GRAPH
WP_02045,45.7341666851266,9.373333310263527,097092,La Valletta Brianza,0.2923809101808513,13.85039068431186,False,False,False,False,True,True,True,True,MODEL_OUTPUT_GATE_B_WALK_GRAPH
WP_02046,45.7341666851266,9.374166643593496,097092,La Valletta Brianza,0.1496717380295023,13.765804467229804,False,False,False,False,True,True,True,True,MODEL_OUTPUT_GATE_B_WALK_GRAPH
WP_02047,45.7341666851266,9.374999976923466,097092,La Valletta Brianza,0.4054980326646816,9.01846708010365,False,False,True,True,True,True,False,False,MODEL_OUTPUT_GATE_B_WALK_GRAPH
WP_02048,45.7341666851266,9.375833310253434,097092,La Valletta Brianza,0.4276722469807091,9.222325548296698,False,False,True,True,True,True,False,False,MODEL_OUTPUT_GATE_B_WALK_GRAPH
WP_02049,45.7341666851266,9.376666643583404,097092,La Valletta Brianza,0.4663692200155506,10.02969597785274,False,False,False,True,True,True,True,False,MODEL_OUTPUT_GATE_B_WALK_GRAPH
WP_02050,45.7341666851266,9.377499976913374,097092,La Valletta Brianza,8.980521319599164,6.132177009552268,False,True,True,True,True,False,False,False,MODEL_OUTPUT_GATE_B_WALK_GRAPH
WP_02051,45.7341666851266,9.378333310243342,097092,La Valletta Brianza,11.400121769056929,5.02207111589093,False,True,True,True,True,False,False,False,MODEL_OUTPUT_GATE_B_WALK_GRAPH
WP_02052,45.7341666851266,9.379166643573312,097092,La Valletta Brianza,12.229292696246022,4.709198131604068,True,True,True,True,False,False,False,False,MODEL_OUTPUT_GATE_B_WALK_GRAPH
WP_02053,45.7341666851266,9.37999997690328,097092,La Valletta Brianza,12.06795605227012,3.4814563037705697,True,True,True,True,False,False,False,False,MODEL_OUTPUT_GATE_B_WALK_GRAPH
WP_02054,45.7341666851266,9.38083331023325,097092,La Valletta Brianza,18.20177542789251,2.547759430767358,True,True,True,True,False,False,False,False,MODEL_OUTPUT_GATE_B_WALK_GRAPH
WP_02055,45.7341666851266,9.381666643563218,097092,La Valletta Brianza,18.51721397531624,1.9395588558325656,True,True,True,True,False,False,False,False,MODEL_OUTPUT_GATE_B_WALK_GRAPH
WP_02056,45.7341666851266,9.382499976893188,097074,Santa Maria Hoè,12.098343922610336,1.5215292678635957,True,True,True,True,False,False,False,False,MODEL_OUTPUT_GATE_B_WALK_GRAPH
WP_02057,45.7341666851266,9.383333310223158,097074,Santa Maria Hoè,10.29822466027248,1.4616599707373048,True,True,True,True,False,False,False,False,MODEL_OUTPUT_GATE_B_WALK_GRAPH
WP_02058,45.7341666851266,9.384166643553126,097074,Santa Maria Hoè,0.2065140315015116,1.7886692920009355,True,True,True,True,False,False,False,False,MODEL_OUTPUT_GATE_B_WALK_GRAPH
WP_02059,45.7341666851266,9.384999976883096,097074,Santa Maria Hoè,0.2322589780057521,2.5641724045347423,True,True,True,True,False,False,False,False,MODEL_OUTPUT_GATE_B_WALK_GRAPH
WP_02060,45.7341666851266,9.389166643532942,097058,Olgiate Molgora,13.3344076973601,5.721146866924124,False,True,True,True,True,False,False,False,MODEL_OUTPUT_GATE_B_WALK_GRAPH
WP_02061,45.7341666851266,9.38999997686291,097058,Olgiate Molgora,14.749792080700848,4.335910924936766,True,True,True,True,False,False,False,False,MODEL_OUTPUT_GATE_B_WALK_GRAPH
WP_02062,45.7341666851266,9.39083331019288,097058,Olgiate Molgora,9.473504121142629,6.664173868054795,False,True,True,True,True,False,False,False,MODEL_OUTPUT_GATE_B_WALK_GRAPH
WP_02063,45.7341666851266,9.391666643522848,097058,Olgiate Molgora,12.877156300814711,6.524028902580019,False,True,True,True,True,False,False,False,MODEL_OUTPUT_GATE_B_WALK_GRAPH
WP_02064,45.7341666851266,9.392499976852818,097058,Olgiate Molgora,14.693381144527104,9.526504010847775,False,False,True,True,True,True,False,False,MODEL_OUTPUT_GATE_B_WALK_GRAPH
WP_02065,45.7341666851266,9.393333310182786,097058,Olgiate Molgora,16.324677795330675,10.120575429445523,False,False,False,True,True,True,True,False,MODEL_OUTPUT_GATE_B_WALK_GRAPH
WP_02066,45.7341666851266,9.394166643512756,097058,Olgiate Molgora,13.54705040688278,10.579773158658616,False,False,False,True,True,True,True,False,MODEL_OUTPUT_GATE_B_WALK_GRAPH
WP_02067,45.7341666851266,9.394999976842726,097058,Olgiate Molgora,7.07246051875432,11.380366533138742,False,False,False,True,True,True,True,False,MODEL_OUTPUT_GATE_B_WALK_GRAPH
WP_02068,45.7341666851266,9.395833310172694,097058,Olgiate Molgora,0.1839051468878245,11.548597841692931,False,False,False,True,True,True,True,False,MODEL_OUTPUT_GATE_B_WALK_GRAPH
WP_02069,45.7341666851266,9.396666643502664,097058,Olgiate Molgora,0.0694230404071501,13.170731653566074,False,False,False,False,True,True,True,True,MODEL_OUTPUT_GATE_B_WALK_GRAPH
WP_02070,45.7341666851266,9.397499976832632,097058,Olgiate Molgora,0.0604986668912894,13.822374189936236,False,False,False,False,True,True,True,True,MODEL_OUTPUT_GATE_B_WALK_GRAPH
WP_02071,45.7341666851266,9.398333310162602,097058,Olgiate Molgora,0.0673834647692345,14.39205341666634,False,False,False,False,True,True,True,True,MODEL_OUTPUT_GATE_B_WALK_GRAPH
WP_02072,45.7341666851266,9.39916664349257,097058,Olgiate Molgora,0.0517582457257945,13.245118671021627,False,False,False,False,True,True,True,True,MODEL_OUTPUT_GATE_B_WALK_GRAPH
WP_02073,45.7341666851266,9.39999997682254,097058,Olgiate Molgora,0.0227671078171957,13.581977051590188,False,False,False,False,True,True,True,True,MODEL_OUTPUT_GATE_B_WALK_GRAPH
WP_02074,45.7341666851266,9.400833310152509,097058,Olgiate Molgora,0.07211294728828,13.585330108690709,False,False,False,False,True,True,True,True,MODEL_OUTPUT_GATE_B_WALK_GRAPH
WP_02075,45.7341666851266,9.401666643482478,097058,Olgiate Molgora,0.0924776146831891,10.212116202174531,False,False,False,True,True,True,True,False,MODEL_OUTPUT_GATE_B_WALK_GRAPH
WP_02076,45.7341666851266,9.402499976812448,097058,Olgiate Molgora,0.2025837498886838,9.206825449615536,False,False,True,True,True,True,False,False,MODEL_OUTPUT_GATE_B_WALK_GRAPH
WP_02077,45.7341666851266,9.403333310142417,097058,Olgiate Molgora,0.3861947024614219,5.643320649241207,False,True,True,True,True,False,False,False,MODEL_OUTPUT_GATE_B_WALK_GRAPH
WP_02078,45.7341666851266,9.404166643472388,097058,Olgiate Molgora,0.3735411401946701,5.030543463199473,False,True,True,True,True,False,False,False,MODEL_OUTPUT_GATE_B_WALK_GRAPH
WP_02079,45.7341666851266,9.404999976802356,097058,Olgiate Molgora,17.53203808454015,2.429700231465372,True,True,True,True,False,False,False,False,MODEL_OUTPUT_GATE_B_WALK_GRAPH
WP_02080,45.7341666851266,9.405833310132325,097058,Olgiate Molgora,17.14786832154947,0.6374843831377189,True,True,True,True,False,False,False,False,MODEL_OUTPUT_GATE_B_WALK_GRAPH
WP_02081,45.7341666851266,9.408333310122233,097058,Olgiate Molgora,15.813935753060816,5.810360712733727,False,True,True,True,True,False,False,False,MODEL_OUTPUT_GATE_B_WALK_GRAPH
WP_02082,45.7341666851266,9.4091666434522,097058,Olgiate Molgora,16.11638822024947,6.759722240590609,False,True,True,True,True,False,False,False,MODEL_OUTPUT_GATE_B_WALK_GRAPH
WP_02083,45.7341666851266,9.416666643421925,097010,Brivio,2.495336530201889,4.343079066942254,True,True,True,True,False,False,False,False,MODEL_OUTPUT_GATE_B_WALK_GRAPH
WP_02084,45.7341666851266,9.4199999767418,097010,Brivio,7.400830838059976,3.4264276586577123,True,True,True,True,False,False,False,False,MODEL_OUTPUT_GATE_B_WALK_GRAPH
WP_02085,45.7341666851266,9.42083331007177,097010,Brivio,7.359702961290755,2.8792324170383434,True,True,True,True,False,False,False,False,MODEL_OUTPUT_GATE_B_WALK_GRAPH
WP_02086,45.7341666851266,9.42166664340174,097010,Brivio,7.399377444488151,1.629459117782865,True,True,True,True,False,False,False,False,MODEL_OUTPUT_GATE_B_WALK_GRAPH
WP_02087,45.7341666851266,9.422499976731707,097010,Brivio,7.251667912847282,1.5515740392223472,True,True,True,True,False,False,False,False,MODEL_OUTPUT_GATE_B_WALK_GRAPH
WP_02088,45.7341666851266,9.423333310061675,097010,Brivio,7.691655459197211,2.0561196015501224,True,True,True,True,False,False,False,False,MODEL_OUTPUT_GATE_B_WALK_GRAPH
WP_02089,45.7341666851266,9.424166643391644,097010,Brivio,7.629344350853824,2.5769545498478754,True,True,True,True,False,False,False,False,MODEL_OUTPUT_GATE_B_WALK_GRAPH
WP_02090,45.7341666851266,9.424999976721615,097010,Brivio,0.2423646757441211,5.010549758894096,False,True,True,True,True,False,False,False,MODEL_OUTPUT_GATE_B_WALK_GRAPH
WP_02091,45.7341666851266,9.425833310051583,097010,Brivio,7.263881120291048,4.87815597398501,True,True,True,True,False,False,False,False,MODEL_OUTPUT_GATE_B_WALK_GRAPH
WP_02092,45.7341666851266,9.426666643381552,097010,Brivio,0.2323661608544636,0.7156108401267873,True,True,True,True,False,False,False,False,MODEL_OUTPUT_GATE_B_WALK_GRAPH
WP_02093,45.7341666851266,9.427499976711523,097010,Brivio,0.2231697532474993,1.1546424985963983,True,True,True,True,False,False,False,False,MODEL_OUTPUT_GATE_B_WALK_GRAPH
WP_02094,45.7341666851266,9.428333310041491,097010,Brivio,0.2325165512203992,1.6509195370031584,True,True,True,True,False,False,False,False,MODEL_OUTPUT_GATE_B_WALK_GRAPH
WP_02095,45.7341666851266,9.42916664337146,097010,Brivio,0.2343147508661857,2.5313634773797986,True,True,True,True,False,False,False,False,MODEL_OUTPUT_GATE_B_WALK_GRAPH
WP_02096,45.7341666851266,9.42999997670143,097010,Brivio,0.2339123166833293,3.1547428059008364,True,True,True,True,False,False,False,False,MODEL_OUTPUT_GATE_B_WALK_GRAPH
WP_02097,45.7341666851266,9.4308333100314,097010,Brivio,16.14268109420782,4.374063044898483,True,True,True,True,False,False,False,False,MODEL_OUTPUT_GATE_B_WALK_GRAPH
WP_02098,45.7341666851266,9.431666643361368,097010,Brivio,15.650576459346771,5.230277271994047,False,True,True,True,True,False,False,False,MODEL_OUTPUT_GATE_B_WALK_GRAPH
WP_02099,45.7341666851266,9.432499976691338,097010,Brivio,0.2213166359137646,6.03234529532382,False,True,True,True,True,False,False,False,MODEL_OUTPUT_GATE_B_WALK_GRAPH
WP_02100,45.7341666851266,9.433333310021307,097010,Brivio,0.223171247778675,5.177953273263926,False,True,True,True,True,False,False,False,MODEL_OUTPUT_GATE_B_WALK_GRAPH
WP_02101,45.7341666851266,9.434166643351276,097010,Brivio,8.576364416068545,5.0895418838642055,False,True,True,True,True,False,False,False,MODEL_OUTPUT_GATE_B_WALK_GRAPH
WP_02102,45.7341666851266,9.434999976681246,097010,Brivio,16.166149387956537,4.293331949305163,True,True,True,True,False,False,False,False,MODEL_OUTPUT_GATE_B_WALK_GRAPH
WP_02103,45.7341666851266,9.435833310011214,097010,Brivio,13.28525340107215,4.065616851986513,True,True,True,True,False,False,False,False,MODEL_OUTPUT_GATE_B_WALK_GRAPH
WP_02104,45.7341666851266,9.436666643341184,097010,Brivio,9.356888642101628,4.834500440851357,True,True,True,True,False,False,False,False,MODEL_OUTPUT_GATE_B_WALK_GRAPH
WP_02105,45.7341666851266,9.437499976671152,097010,Brivio,8.726878600112377,8.964704034681782,False,False,True,True,True,True,False,False,MODEL_OUTPUT_GATE_B_WALK_GRAPH
WP_02106,45.7341666851266,9.438333310001122,097010,Brivio,2.78116364173584,8.858479926235159,False,False,True,True,True,True,False,False,MODEL_OUTPUT_GATE_B_WALK_GRAPH
WP_02107,45.7341666851266,9.439166643331092,097010,Brivio,1.5931200778554593,8.790104043834162,False,False,True,True,True,True,False,False,MODEL_OUTPUT_GATE_B_WALK_GRAPH
WP_02108,45.7341666851266,9.43999997666106,097010,Brivio,2.883872282393225,13.018929542189952,False,False,False,False,True,True,True,True,MODEL_OUTPUT_GATE_B_WALK_GRAPH
WP_02109,45.7341666851266,9.44083330999103,097010,Brivio,2.231545596915809,12.178171660249324,False,False,False,False,True,True,True,True,MODEL_OUTPUT_GATE_B_WALK_GRAPH
WP_02110,45.7341666851266,9.441666643320998,097010,Brivio,1.1759480950960153,11.981377833452964,False,False,False,True,True,True,True,False,MODEL_OUTPUT_GATE_B_WALK_GRAPH
WP_02111,45.7341666851266,9.442499976650968,097010,Brivio,2.7381555940855,12.661062698439622,False,False,False,False,True,True,True,True,MODEL_OUTPUT_GATE_B_WALK_GRAPH
WP_02112,45.7341666851266,9.443333309980936,097010,Brivio,5.498042786031468,11.445827379205245,False,False,False,True,True,True,True,False,MODEL_OUTPUT_GATE_B_WALK_GRAPH
WP_02113,45.7341666851266,9.444166643310906,097010,Brivio,5.40686118569094,11.458217926983256,False,False,False,True,True,True,True,False,MODEL_OUTPUT_GATE_B_WALK_GRAPH
WP_02114,45.7341666851266,9.444999976640874,097010,Brivio,2.784385546978231,14.69299263584683,False,False,False,False,True,True,True,True,MODEL_OUTPUT_GATE_B_WALK_GRAPH
WP_02115,45.73333335179661,9.344999977044576,097092,La Valletta Brianza,0.2321240692972559,37.10165958802296,False,False,False,False,True,True,True,True,MODEL_OUTPUT_GATE_B_WALK_GRAPH
WP_02116,45.73333335179661,9.345833310374545,097092,La Valletta Brianza,0.2929465355488101,29.353528152604337,False,False,False,False,True,True,True,True,MODEL_OUTPUT_GATE_B_WALK_GRAPH
WP_02117,45.73333335179661,9.346666643704514,097092,La Valletta Brianza,0.2920317742896449,27.650577226514788,False,False,False,False,True,True,True,True,MODEL_OUTPUT_GATE_B_WALK_GRAPH
WP_02118,45.73333335179661,9.347499977034484,097092,La Valletta Brianza,0.2782137631495579,30.556416109985157,False,False,False,False,True,True,True,True,MODEL_OUTPUT_GATE_B_WALK_GRAPH
WP_02119,45.73333335179661,9.348333310364453,097092,La Valletta Brianza,0.2041141941472417,32.14821747185755,False,False,False,False,True,True,True,True,MODEL_OUTPUT_GATE_B_WALK_GRAPH
WP_02120,45.73333335179661,9.34916664369442,097092,La Valletta Brianza,0.1349777752622591,32.89335362352185,False,False,False,False,True,True,True,True,MODEL_OUTPUT_GATE_B_WALK_GRAPH
WP_02121,45.73333335179661,9.34999997702439,097092,La Valletta Brianza,0.0560895898161956,33.673037232684514,False,False,False,False,True,True,True,True,MODEL_OUTPUT_GATE_B_WALK_GRAPH
WP_02122,45.73333335179661,9.35083331035436,097092,La Valletta Brianza,0.0309680814301916,25.61132003875409,False,False,False,False,True,True,True,True,MODEL_OUTPUT_GATE_B_WALK_GRAPH
WP_02123,45.73333335179661,9.351666643684329,097092,La Valletta Brianza,0.0765350139261506,24.375923782207664,False,False,False,False,True,True,True,True,MODEL_OUTPUT_GATE_B_WALK_GRAPH
WP_02124,45.73333335179661,9.3524999770143,097092,La Valletta Brianza,0.1162984841480597,23.87692158759087,False,False,False,False,True,True,True,True,MODEL_OUTPUT_GATE_B_WALK_GRAPH
WP_02125,45.73333335179661,9.353333310344269,097092,La Valletta Brianza,8.314182064018743,22.63897067823362,False,False,False,False,True,True,True,True,MODEL_OUTPUT_GATE_B_WALK_GRAPH
WP_02126,45.73333335179661,9.354166643674237,097092,La Valletta Brianza,17.12138984867079,21.06372817062297,False,False,False,False,True,True,True,True,MODEL_OUTPUT_GATE_B_WALK_GRAPH
WP_02127,45.73333335179661,9.354999977004203,097092,La Valletta Brianza,17.099241681087655,21.46994718942199,False,False,False,False,True,True,True,True,MODEL_OUTPUT_GATE_B_WALK_GRAPH
WP_02128,45.73333335179661,9.355833310334177,097092,La Valletta Brianza,8.293339413523379,19.091006582136167,False,False,False,False,True,True,True,True,MODEL_OUTPUT_GATE_B_WALK_GRAPH
WP_02129,45.73333335179661,9.356666643664145,097092,La Valletta Brianza,8.80862648164864,18.254603808569566,False,False,False,False,True,True,True,True,MODEL_OUTPUT_GATE_B_WALK_GRAPH
WP_02130,45.73333335179661,9.357499976994111,097092,La Valletta Brianza,11.546636231795723,18.32375316322784,False,False,False,False,True,True,True,True,MODEL_OUTPUT_GATE_B_WALK_GRAPH
WP_02131,45.73333335179661,9.358333310324085,097092,La Valletta Brianza,17.20105797611569,20.389466962867008,False,False,False,False,True,True,True,True,MODEL_OUTPUT_GATE_B_WALK_GRAPH
WP_02132,45.73333335179661,9.359166643654053,097092,La Valletta Brianza,16.989846718986925,22.765404431956306,False,False,False,False,True,True,True,True,MODEL_OUTPUT_GATE_B_WALK_GRAPH
WP_02133,45.73333335179661,9.35999997698402,097092,La Valletta Brianza,0.3320621207076455,22.89921879669147,False,False,False,False,True,True,True,True,MODEL_OUTPUT_GATE_B_WALK_GRAPH
WP_02134,45.73333335179661,9.36083331031399,097092,La Valletta Brianza,0.1448284028834717,23.095707975968025,False,False,False,False,True,True,True,True,MODEL_OUTPUT_GATE_B_WALK_GRAPH
WP_02135,45.73333335179661,9.36166664364396,097092,La Valletta Brianza,0.0406662842559609,16.25911720453155,False,False,False,False,True,True,True,True,MODEL_OUTPUT_GATE_B_WALK_GRAPH
WP_02136,45.73333335179661,9.362499976973927,097092,La Valletta Brianza,24.647541443674296,15.080352539033722,False,False,False,False,True,True,True,True,MODEL_OUTPUT_GATE_B_WALK_GRAPH
WP_02137,45.73333335179661,9.363333310303895,097092,La Valletta Brianza,0.0145308742337217,14.511405960159216,False,False,False,False,True,True,True,True,MODEL_OUTPUT_GATE_B_WALK_GRAPH
WP_02138,45.73333335179661,9.364166643633869,097092,La Valletta Brianza,0.0142523652582725,15.75682670023021,False,False,False,False,True,True,True,True,MODEL_OUTPUT_GATE_B_WALK_GRAPH
WP_02139,45.73333335179661,9.364999976963835,097092,La Valletta Brianza,0.015300191907299,16.351254431801273,False,False,False,False,True,True,True,True,MODEL_OUTPUT_GATE_B_WALK_GRAPH
WP_02140,45.73333335179661,9.365833310293803,097092,La Valletta Brianza,0.0193809266950771,15.51234473198095,False,False,False,False,True,True,True,True,MODEL_OUTPUT_GATE_B_WALK_GRAPH
WP_02141,45.73333335179661,9.366666643623772,097092,La Valletta Brianza,0.0688207187735254,10.452035055626403,False,False,False,True,True,True,True,False,MODEL_OUTPUT_GATE_B_WALK_GRAPH
WP_02142,45.73333335179661,9.367499976953743,097092,La Valletta Brianza,8.272539753846093,10.43578206695122,False,False,False,True,True,True,True,False,MODEL_OUTPUT_GATE_B_WALK_GRAPH
WP_02143,45.73333335179661,9.368333310283711,097092,La Valletta Brianza,0.1967969128935203,10.21684818142917,False,False,False,True,True,True,True,False,MODEL_OUTPUT_GATE_B_WALK_GRAPH
WP_02144,45.73333335179661,9.36916664361368,097092,La Valletta Brianza,18.872835777188858,7.009312480643565,False,True,True,True,True,False,False,False,MODEL_OUTPUT_GATE_B_WALK_GRAPH
WP_02145,45.73333335179661,9.369999976943651,097092,La Valletta Brianza,43.8193932757809,6.250282549635198,False,True,True,True,True,False,False,False,MODEL_OUTPUT_GATE_B_WALK_GRAPH
WP_02146,45.73333335179661,9.37083331027362,097092,La Valletta Brianza,43.69843641570795,8.249913302511574,False,False,True,True,True,True,False,False,MODEL_OUTPUT_GATE_B_WALK_GRAPH
WP_02147,45.73333335179661,9.37166664360359,097092,La Valletta Brianza,42.92334530557071,8.826513836094453,False,False,True,True,True,True,False,False,MODEL_OUTPUT_GATE_B_WALK_GRAPH
WP_02148,45.73333335179661,9.372499976933558,097092,La Valletta Brianza,6.383937761794012,13.8884244119657,False,False,False,False,True,True,True,True,MODEL_OUTPUT_GATE_B_WALK_GRAPH
WP_02149,45.73333335179661,9.373333310263527,097092,La Valletta Brianza,4.1659045883972805,13.090055111276625,False,False,False,False,True,True,True,True,MODEL_OUTPUT_GATE_B_WALK_GRAPH
WP_02150,45.73333335179661,9.374166643593496,097092,La Valletta Brianza,2.297035381843231,12.094639631371304,False,False,False,False,True,True,True,True,MODEL_OUTPUT_GATE_B_WALK_GRAPH
WP_02151,45.73333335179661,9.374999976923466,097092,La Valletta Brianza,0.0545244279279117,10.302680089037535,False,False,False,True,True,True,True,False,MODEL_OUTPUT_GATE_B_WALK_GRAPH
WP_02152,45.73333335179661,9.375833310253434,097092,La Valletta Brianza,0.0335614620897971,10.43964670260502,False,False,False,True,True,True,True,False,MODEL_OUTPUT_GATE_B_WALK_GRAPH
WP_02153,45.73333335179661,9.376666643583404,097092,La Valletta Brianza,0.0579589021462202,11.193496965466023,False,False,False,True,True,True,True,False,MODEL_OUTPUT_GATE_B_WALK_GRAPH
WP_02154,45.73333335179661,9.377499976913374,097092,La Valletta Brianza,0.2039117150710238,10.447892011338928,False,False,False,True,True,True,True,False,MODEL_OUTPUT_GATE_B_WALK_GRAPH
WP_02155,45.73333335179661,9.378333310243342,097092,La Valletta Brianza,0.271449042770929,9.359799802708052,False,False,True,True,True,True,False,False,MODEL_OUTPUT_GATE_B_WALK_GRAPH
WP_02156,45.73333335179661,9.379166643573312,097092,La Valletta Brianza,0.4454610688413668,8.13255726000445,False,False,True,True,True,True,False,False,MODEL_OUTPUT_GATE_B_WALK_GRAPH
WP_02157,45.73333335179661,9.37999997690328,097092,La Valletta Brianza,11.227096886745482,6.530531111951984,False,True,True,True,True,False,False,False,MODEL_OUTPUT_GATE_B_WALK_GRAPH
WP_02158,45.73333335179661,9.382499976893188,097074,Santa Maria Hoè,11.093380036872238,3.5779310512946023,True,True,True,True,False,False,False,False,MODEL_OUTPUT_GATE_B_WALK_GRAPH
WP_02159,45.73333335179661,9.383333310223158,097074,Santa Maria Hoè,10.969315252231558,2.5617443161258,True,True,True,True,False,False,False,False,MODEL_OUTPUT_GATE_B_WALK_GRAPH
WP_02160,45.73333335179661,9.384166643553126,097074,Santa Maria Hoè,3.323564451807556,3.243092244033448,True,True,True,True,False,False,False,False,MODEL_OUTPUT_GATE_B_WALK_GRAPH
WP_02161,45.73333335179661,9.384999976883096,097074,Santa Maria Hoè,2.237857469512342,3.746633934767829,True,True,True,True,False,False,False,False,MODEL_OUTPUT_GATE_B_WALK_GRAPH
WP_02162,45.73333335179661,9.385833310213064,097074,Santa Maria Hoè,0.1373862026584132,3.7234253747321056,True,True,True,True,False,False,False,False,MODEL_OUTPUT_GATE_B_WALK_GRAPH
WP_02163,45.73333335179661,9.386666643543034,097058,Olgiate Molgora,11.609098781938409,4.39296436884257,True,True,True,True,False,False,False,False,MODEL_OUTPUT_GATE_B_WALK_GRAPH
WP_02164,45.73333335179661,9.387499976873002,097058,Olgiate Molgora,11.916429696937548,6.068224792554977,False,True,True,True,True,False,False,False,MODEL_OUTPUT_GATE_B_WALK_GRAPH
WP_02165,45.73333335179661,9.388333310202972,097058,Olgiate Molgora,7.900205643681557,6.394991303173871,False,True,True,True,True,False,False,False,MODEL_OUTPUT_GATE_B_WALK_GRAPH
WP_02166,45.73333335179661,9.389166643532942,097058,Olgiate Molgora,8.015104292538105,4.253124871001599,True,True,True,True,False,False,False,False,MODEL_OUTPUT_GATE_B_WALK_GRAPH
WP_02167,45.73333335179661,9.38999997686291,097058,Olgiate Molgora,8.87378547950712,3.798508112939588,True,True,True,True,False,False,False,False,MODEL_OUTPUT_GATE_B_WALK_GRAPH
WP_02168,45.73333335179661,9.39083331019288,097058,Olgiate Molgora,9.29302697054334,3.352052168672371,True,True,True,True,False,False,False,False,MODEL_OUTPUT_GATE_B_WALK_GRAPH
WP_02169,45.73333335179661,9.391666643522848,097058,Olgiate Molgora,13.834525794523556,5.872732761154921,False,True,True,True,True,False,False,False,MODEL_OUTPUT_GATE_B_WALK_GRAPH
WP_02170,45.73333335179661,9.392499976852818,097058,Olgiate Molgora,13.172984924160328,6.801585557357594,False,True,True,True,True,False,False,False,MODEL_OUTPUT_GATE_B_WALK_GRAPH
WP_02171,45.73333335179661,9.393333310182786,097058,Olgiate Molgora,13.85210967105855,7.858848752659995,False,True,True,True,True,False,False,False,MODEL_OUTPUT_GATE_B_WALK_GRAPH
WP_02172,45.73333335179661,9.394166643512756,097058,Olgiate Molgora,13.458201840883053,8.512270398375819,False,False,True,True,True,True,False,False,MODEL_OUTPUT_GATE_B_WALK_GRAPH
WP_02173,45.73333335179661,9.394999976842726,097058,Olgiate Molgora,6.834533102304948,9.166443643332604,False,False,True,True,True,True,False,False,MODEL_OUTPUT_GATE_B_WALK_GRAPH
WP_02174,45.73333335179661,9.395833310172694,097058,Olgiate Molgora,7.11627711397694,9.902594251291717,False,False,True,True,True,True,False,False,MODEL_OUTPUT_GATE_B_WALK_GRAPH
WP_02175,45.73333335179661,9.396666643502664,097058,Olgiate Molgora,0.0653143373123685,10.133457465517122,False,False,False,True,True,True,True,False,MODEL_OUTPUT_GATE_B_WALK_GRAPH
WP_02176,45.73333335179661,9.397499976832632,097058,Olgiate Molgora,0.0856215044283939,10.00795708158276,False,False,False,True,True,True,True,False,MODEL_OUTPUT_GATE_B_WALK_GRAPH
WP_02177,45.73333335179661,9.398333310162602,097058,Olgiate Molgora,0.2647108668948424,8.380874365176163,False,False,True,True,True,True,False,False,MODEL_OUTPUT_GATE_B_WALK_GRAPH
WP_02178,45.73333335179661,9.39916664349257,097058,Olgiate Molgora,0.098717461396457,10.662806788262849,False,False,False,True,True,True,True,False,MODEL_OUTPUT_GATE_B_WALK_GRAPH
WP_02179,45.73333335179661,9.39999997682254,097058,Olgiate Molgora,0.038063151002771,10.476406579563845,False,False,False,True,True,True,True,False,MODEL_OUTPUT_GATE_B_WALK_GRAPH
WP_02180,45.73333335179661,9.400833310152509,097058,Olgiate Molgora,0.1185380384701874,10.765100104230005,False,False,False,True,True,True,True,False,MODEL_OUTPUT_GATE_B_WALK_GRAPH
WP_02181,45.73333335179661,9.401666643482478,097058,Olgiate Molgora,0.2838121682876179,6.586150347783898,False,True,True,True,True,False,False,False,MODEL_OUTPUT_GATE_B_WALK_GRAPH
WP_02182,45.73333335179661,9.402499976812448,097058,Olgiate Molgora,0.3271187188261722,5.962653195347668,False,True,True,True,True,False,False,False,MODEL_OUTPUT_GATE_B_WALK_GRAPH
WP_02183,45.73333335179661,9.403333310142417,097058,Olgiate Molgora,0.3822780052863815,4.664669310347286,True,True,True,True,False,False,False,False,MODEL_OUTPUT_GATE_B_WALK_GRAPH
WP_02184,45.73333335179661,9.404166643472388,097058,Olgiate Molgora,13.643522606685927,3.8472151027814503,True,True,True,True,False,False,False,False,MODEL_OUTPUT_GATE_B_WALK_GRAPH
WP_02185,45.73333335179661,9.404999976802356,097058,Olgiate Molgora,15.995232882055117,3.4390759274697853,True,True,True,True,False,False,False,False,MODEL_OUTPUT_GATE_B_WALK_GRAPH
WP_02186,45.73333335179661,9.405833310132325,097058,Olgiate Molgora,14.989410290717885,0.9193020691396776,True,True,True,True,False,False,False,False,MODEL_OUTPUT_GATE_B_WALK_GRAPH
WP_02187,45.73333335179661,9.41833331008186,097012,Calco,33.650297808703336,7.679430966324856,False,True,True,True,True,False,False,False,MODEL_OUTPUT_GATE_B_WALK_GRAPH
WP_02188,45.73333335179661,9.419166643411833,097012,Calco,31.92218328951981,7.25116271316117,False,True,True,True,True,False,False,False,MODEL_OUTPUT_GATE_B_WALK_GRAPH
WP_02189,45.73333335179661,9.4199999767418,097012,Calco,32.876921140084306,7.350583302075392,False,True,True,True,True,False,False,False,MODEL_OUTPUT_GATE_B_WALK_GRAPH
WP_02190,45.73333335179661,9.42083331007177,097012,Calco,21.94265635797228,8.31733704939468,False,False,True,True,True,True,False,False,MODEL_OUTPUT_GATE_B_WALK_GRAPH
WP_02191,45.73333335179661,9.42166664340174,097012,Calco,20.138881317420804,7.953141261121635,False,True,True,True,True,False,False,False,MODEL_OUTPUT_GATE_B_WALK_GRAPH
WP_02192,45.73333335179661,9.422499976731707,097010,Brivio,0.2812243608093493,7.807336881501383,False,True,True,True,True,False,False,False,MODEL_OUTPUT_GATE_B_WALK_GRAPH
WP_02193,45.73333335179661,9.423333310061675,097010,Brivio,0.2611218019304069,5.629750683311855,False,True,True,True,True,False,False,False,MODEL_OUTPUT_GATE_B_WALK_GRAPH
WP_02194,45.73333335179661,9.424166643391644,097010,Brivio,0.1515965792495643,4.886652384702551,True,True,True,True,False,False,False,False,MODEL_OUTPUT_GATE_B_WALK_GRAPH
WP_02195,45.73333335179661,9.424999976721615,097010,Brivio,0.1512516211893806,3.641698046991453,True,True,True,True,False,False,False,False,MODEL_OUTPUT_GATE_B_WALK_GRAPH
WP_02196,45.73333335179661,9.425833310051583,097010,Brivio,7.948878561241961,2.698931040476118,True,True,True,True,False,False,False,False,MODEL_OUTPUT_GATE_B_WALK_GRAPH
WP_02197,45.73333335179661,9.426666643381552,097010,Brivio,0.1479896169156136,2.123282682933868,True,True,True,True,False,False,False,False,MODEL_OUTPUT_GATE_B_WALK_GRAPH
WP_02198,45.73333335179661,9.427499976711523,097010,Brivio,0.1121561421673877,2.5161161840155093,True,True,True,True,False,False,False,False,MODEL_OUTPUT_GATE_B_WALK_GRAPH
WP_02199,45.73333335179661,9.428333310041491,097010,Brivio,0.0599489891546565,2.689822339714821,True,True,True,True,False,False,False,False,MODEL_OUTPUT_GATE_B_WALK_GRAPH
WP_02200,45.73333335179661,9.42916664337146,097010,Brivio,0.0605516145219476,3.661172048454663,True,True,True,True,False,False,False,False,MODEL_OUTPUT_GATE_B_WALK_GRAPH
WP_02201,45.73333335179661,9.42999997670143,097010,Brivio,0.0745752628350718,4.198173270256299,True,True,True,True,False,False,False,False,MODEL_OUTPUT_GATE_B_WALK_GRAPH
WP_02202,45.73333335179661,9.4308333100314,097010,Brivio,0.2394085944027112,7.086006562971658,False,True,True,True,True,False,False,False,MODEL_OUTPUT_GATE_B_WALK_GRAPH
WP_02203,45.73333335179661,9.431666643361368,097010,Brivio,0.2309228743663531,6.503743354433505,False,True,True,True,True,False,False,False,MODEL_OUTPUT_GATE_B_WALK_GRAPH
WP_02204,45.73333335179661,9.432499976691338,097010,Brivio,0.117785521820037,7.022120321999591,False,True,True,True,True,False,False,False,MODEL_OUTPUT_GATE_B_WALK_GRAPH
WP_02205,45.73333335179661,9.433333310021307,097010,Brivio,0.230258111965604,8.864901765046902,False,False,True,True,True,True,False,False,MODEL_OUTPUT_GATE_B_WALK_GRAPH
WP_02206,45.73333335179661,9.434166643351276,097010,Brivio,0.2283495703231836,9.5084306807309,False,False,True,True,True,True,False,False,MODEL_OUTPUT_GATE_B_WALK_GRAPH
WP_02207,45.73333335179661,9.434999976681246,097010,Brivio,0.2284676129550279,5.31662617582446,False,True,True,True,True,False,False,False,MODEL_OUTPUT_GATE_B_WALK_GRAPH
WP_02208,45.73333335179661,9.435833310011214,097010,Brivio,13.27350709530009,5.285573612445435,False,True,True,True,True,False,False,False,MODEL_OUTPUT_GATE_B_WALK_GRAPH
WP_02209,45.73333335179661,9.436666643341184,097010,Brivio,8.84765941571891,5.658589134085417,False,True,True,True,True,False,False,False,MODEL_OUTPUT_GATE_B_WALK_GRAPH
WP_02210,45.73333335179661,9.437499976671152,097010,Brivio,2.198449280022788,11.011102857831563,False,False,False,True,True,True,True,False,MODEL_OUTPUT_GATE_B_WALK_GRAPH
WP_02211,45.73333335179661,9.438333310001122,097010,Brivio,2.238922602799121,10.081583666288536,False,False,False,True,True,True,True,False,MODEL_OUTPUT_GATE_B_WALK_GRAPH
WP_02212,45.73333335179661,9.439166643331092,097010,Brivio,3.8021420260497463,10.60022794743795,False,False,False,True,True,True,True,False,MODEL_OUTPUT_GATE_B_WALK_GRAPH
WP_02213,45.73333335179661,9.43999997666106,097010,Brivio,10.550165294228243,11.721525227062047,False,False,False,True,True,True,True,False,MODEL_OUTPUT_GATE_B_WALK_GRAPH
WP_02214,45.73333335179661,9.44083330999103,097010,Brivio,2.0345355854161893,13.310339009633328,False,False,False,False,True,True,True,True,MODEL_OUTPUT_GATE_B_WALK_GRAPH
WP_02215,45.73333335179661,9.441666643320998,097010,Brivio,0.6527774766096702,13.621386844893104,False,False,False,False,True,True,True,True,MODEL_OUTPUT_GATE_B_WALK_GRAPH
WP_02216,45.73333335179661,9.442499976650968,097010,Brivio,3.2025829301104345,12.563462454322137,False,False,False,False,True,True,True,True,MODEL_OUTPUT_GATE_B_WALK_GRAPH
WP_02217,45.73333335179661,9.443333309980936,097010,Brivio,5.227983535684085,11.560168559658305,False,False,False,True,True,True,True,False,MODEL_OUTPUT_GATE_B_WALK_GRAPH
WP_02218,45.73333335179661,9.444166643310906,097010,Brivio,2.785701747654332,11.446492014727893,False,False,False,True,True,True,True,False,MODEL_OUTPUT_GATE_B_WALK_GRAPH
WP_02219,45.73333335179661,9.444999976640874,097010,Brivio,1.0984538672213169,15.294408112622753,False,False,False,False,True,True,True,True,MODEL_OUTPUT_GATE_B_WALK_GRAPH
WP_02220,45.73250001846663,9.346666643704514,097092,La Valletta Brianza,0.1973778372898515,39.42049268866128,False,False,False,False,True,True,True,True,MODEL_OUTPUT_GATE_B_WALK_GRAPH
WP_02221,45.73250001846663,9.347499977034484,097092,La Valletta Brianza,0.1671873982061574,28.74913049121443,False,False,False,False,True,True,True,True,MODEL_OUTPUT_GATE_B_WALK_GRAPH
WP_02222,45.73250001846663,9.348333310364453,097092,La Valletta Brianza,0.0933373226329291,32.46768261261257,False,False,False,False,True,True,True,True,MODEL_OUTPUT_GATE_B_WALK_GRAPH
WP_02223,45.73250001846663,9.34916664369442,097092,La Valletta Brianza,0.0462733130375851,33.09468917574089,False,False,False,False,True,True,True,True,MODEL_OUTPUT_GATE_B_WALK_GRAPH
WP_02224,45.73250001846663,9.34999997702439,097092,La Valletta Brianza,0.0363529966970798,33.90515451100835,False,False,False,False,True,True,True,True,MODEL_OUTPUT_GATE_B_WALK_GRAPH
WP_02225,45.73250001846663,9.35083331035436,097092,La Valletta Brianza,0.0358404586833968,34.71562558923406,False,False,False,False,True,True,True,True,MODEL_OUTPUT_GATE_B_WALK_GRAPH
WP_02226,45.73250001846663,9.351666643684329,097092,La Valletta Brianza,0.0257305940986736,24.58875255329628,False,False,False,False,True,True,True,True,MODEL_OUTPUT_GATE_B_WALK_GRAPH
WP_02227,45.73250001846663,9.3524999770143,097092,La Valletta Brianza,0.1045504205797026,23.848587715217626,False,False,False,False,True,True,True,True,MODEL_OUTPUT_GATE_B_WALK_GRAPH
WP_02228,45.73250001846663,9.353333310344269,097092,La Valletta Brianza,0.1743740893664426,22.874892379996307,False,False,False,False,True,True,True,True,MODEL_OUTPUT_GATE_B_WALK_GRAPH
WP_02229,45.73250001846663,9.354166643674237,097092,La Valletta Brianza,6.494380296074043,22.908586181855146,False,False,False,False,True,True,True,True,MODEL_OUTPUT_GATE_B_WALK_GRAPH
WP_02230,45.73250001846663,9.354999977004203,097092,La Valletta Brianza,10.002392008597877,21.360875947163457,False,False,False,False,True,True,True,True,MODEL_OUTPUT_GATE_B_WALK_GRAPH
WP_02231,45.73250001846663,9.355833310334177,097092,La Valletta Brianza,6.372846130729759,22.50488823015516,False,False,False,False,True,True,True,True,MODEL_OUTPUT_GATE_B_WALK_GRAPH
WP_02232,45.73250001846663,9.356666643664145,097092,La Valletta Brianza,0.1723522185801085,23.3112565784716,False,False,False,False,True,True,True,True,MODEL_OUTPUT_GATE_B_WALK_GRAPH
WP_02233,45.73250001846663,9.357499976994111,097092,La Valletta Brianza,0.2104163793849368,20.38896340777795,False,False,False,False,True,True,True,True,MODEL_OUTPUT_GATE_B_WALK_GRAPH
WP_02234,45.73250001846663,9.358333310324085,097092,La Valletta Brianza,6.50372728955158,20.61186681064459,False,False,False,False,True,True,True,True,MODEL_OUTPUT_GATE_B_WALK_GRAPH
WP_02235,45.73250001846663,9.359166643654053,097092,La Valletta Brianza,5.382714948563861,21.644685330672424,False,False,False,False,True,True,True,True,MODEL_OUTPUT_GATE_B_WALK_GRAPH
WP_02236,45.73250001846663,9.35999997698402,097092,La Valletta Brianza,4.974357012045257,21.743776865323586,False,False,False,False,True,True,True,True,MODEL_OUTPUT_GATE_B_WALK_GRAPH
WP_02237,45.73250001846663,9.36083331031399,097092,La Valletta Brianza,0.0500492187976867,22.24811401694756,False,False,False,False,True,True,True,True,MODEL_OUTPUT_GATE_B_WALK_GRAPH
WP_02238,45.73250001846663,9.36166664364396,097092,La Valletta Brianza,0.0173697984724601,16.437354154275937,False,False,False,False,True,True,True,True,MODEL_OUTPUT_GATE_B_WALK_GRAPH
WP_02239,45.73250001846663,9.362499976973927,097092,La Valletta Brianza,0.015930637654541,15.835670648414968,False,False,False,False,True,True,True,True,MODEL_OUTPUT_GATE_B_WALK_GRAPH
WP_02240,45.73250001846663,9.363333310303895,097092,La Valletta Brianza,0.0125888058388862,16.330211560358485,False,False,False,False,True,True,True,True,MODEL_OUTPUT_GATE_B_WALK_GRAPH
WP_02241,45.73250001846663,9.364166643633869,097092,La Valletta Brianza,0.0129399612086922,16.31274605352777,False,False,False,False,True,True,True,True,MODEL_OUTPUT_GATE_B_WALK_GRAPH
WP_02242,45.73250001846663,9.364999976963835,097092,La Valletta Brianza,0.0777299694871992,15.39542383824133,False,False,False,False,True,True,True,True,MODEL_OUTPUT_GATE_B_WALK_GRAPH
WP_02243,45.73250001846663,9.365833310293803,097092,La Valletta Brianza,0.1149595724069592,14.506670195205922,False,False,False,False,True,True,True,True,MODEL_OUTPUT_GATE_B_WALK_GRAPH
WP_02244,45.73250001846663,9.366666643623772,097092,La Valletta Brianza,0.0740296129612911,13.768957283722504,False,False,False,False,True,True,True,True,MODEL_OUTPUT_GATE_B_WALK_GRAPH
WP_02245,45.73250001846663,9.367499976953743,097092,La Valletta Brianza,0.1446072661212191,12.817520017970477,False,False,False,False,True,True,True,True,MODEL_OUTPUT_GATE_B_WALK_GRAPH
WP_02246,45.73250001846663,9.368333310283711,097092,La Valletta Brianza,0.1989359254338343,12.587641519916584,False,False,False,False,True,True,True,True,MODEL_OUTPUT_GATE_B_WALK_GRAPH
WP_02247,45.73250001846663,9.36916664361368,097092,La Valletta Brianza,9.161358247710018,8.565173661746302,False,False,True,True,True,True,False,False,MODEL_OUTPUT_GATE_B_WALK_GRAPH
WP_02248,45.73250001846663,9.369999976943651,097092,La Valletta Brianza,15.039305925129154,7.764089491432998,False,True,True,True,True,False,False,False,MODEL_OUTPUT_GATE_B_WALK_GRAPH
WP_02249,45.73250001846663,9.37083331027362,097092,La Valletta Brianza,14.264723685899778,7.785441764794107,False,True,True,True,True,False,False,False,MODEL_OUTPUT_GATE_B_WALK_GRAPH
WP_02250,45.73250001846663,9.37166664360359,097092,La Valletta Brianza,7.891522661579963,8.290259272938563,False,False,True,True,True,True,False,False,MODEL_OUTPUT_GATE_B_WALK_GRAPH
WP_02251,45.73250001846663,9.372499976933558,097092,La Valletta Brianza,1.844569304657904,9.021970339881976,False,False,True,True,True,True,False,False,MODEL_OUTPUT_GATE_B_WALK_GRAPH
WP_02252,45.73250001846663,9.373333310263527,097092,La Valletta Brianza,2.945966426874581,10.79024936607906,False,False,False,True,True,True,True,False,MODEL_OUTPUT_GATE_B_WALK_GRAPH
WP_02253,45.73250001846663,9.374166643593496,097092,La Valletta Brianza,0.1831622707529926,11.428791260487628,False,False,False,True,True,True,True,False,MODEL_OUTPUT_GATE_B_WALK_GRAPH
WP_02254,45.73250001846663,9.374999976923466,097092,La Valletta Brianza,0.4571934769523751,11.545767923674616,False,False,False,True,True,True,True,False,MODEL_OUTPUT_GATE_B_WALK_GRAPH
WP_02255,45.73250001846663,9.375833310253434,097092,La Valletta Brianza,0.0880021840434782,11.641938925441869,False,False,False,True,True,True,True,False,MODEL_OUTPUT_GATE_B_WALK_GRAPH
WP_02256,45.73250001846663,9.376666643583404,097092,La Valletta Brianza,0.7216520975497631,11.315072342070993,False,False,False,True,True,True,True,False,MODEL_OUTPUT_GATE_B_WALK_GRAPH
WP_02257,45.73250001846663,9.377499976913374,097092,La Valletta Brianza,0.0914896359456082,10.393553283099394,False,False,False,True,True,True,True,False,MODEL_OUTPUT_GATE_B_WALK_GRAPH
WP_02258,45.73250001846663,9.378333310243342,097092,La Valletta Brianza,0.1054070359348882,9.640122577358602,False,False,True,True,True,True,False,False,MODEL_OUTPUT_GATE_B_WALK_GRAPH
WP_02259,45.73250001846663,9.379166643573312,097092,La Valletta Brianza,0.1081138466890364,9.584649988624108,False,False,True,True,True,True,False,False,MODEL_OUTPUT_GATE_B_WALK_GRAPH
WP_02260,45.73250001846663,9.37999997690328,097092,La Valletta Brianza,0.1435992164318803,8.049408618984222,False,False,True,True,True,True,False,False,MODEL_OUTPUT_GATE_B_WALK_GRAPH
WP_02261,45.73250001846663,9.38083331023325,097092,La Valletta Brianza,0.170046644037354,8.215218220268829,False,False,True,True,True,True,False,False,MODEL_OUTPUT_GATE_B_WALK_GRAPH
WP_02262,45.73250001846663,9.384999976883096,097074,Santa Maria Hoè,1.246276543135109,8.611297484516884,False,False,True,True,True,True,False,False,MODEL_OUTPUT_GATE_B_WALK_GRAPH
WP_02263,45.73250001846663,9.385833310213064,097074,Santa Maria Hoè,3.6287240767286018,5.815034293019072,False,True,True,True,True,False,False,False,MODEL_OUTPUT_GATE_B_WALK_GRAPH
WP_02264,45.73250001846663,9.386666643543034,097058,Olgiate Molgora,11.6061973199253,5.677965322216314,False,True,True,True,True,False,False,False,MODEL_OUTPUT_GATE_B_WALK_GRAPH
WP_02265,45.73250001846663,9.387499976873002,097058,Olgiate Molgora,11.33134451588989,3.292113822395979,True,True,True,True,False,False,False,False,MODEL_OUTPUT_GATE_B_WALK_GRAPH
WP_02266,45.73250001846663,9.388333310202972,097058,Olgiate Molgora,11.374234752053166,3.2378191888870704,True,True,True,True,False,False,False,False,MODEL_OUTPUT_GATE_B_WALK_GRAPH
WP_02267,45.73250001846663,9.389166643532942,097058,Olgiate Molgora,13.610232048701649,5.166270024761669,False,True,True,True,True,False,False,False,MODEL_OUTPUT_GATE_B_WALK_GRAPH
WP_02268,45.73250001846663,9.38999997686291,097058,Olgiate Molgora,13.781150002259697,6.023013686299296,False,True,True,True,True,False,False,False,MODEL_OUTPUT_GATE_B_WALK_GRAPH
WP_02269,45.73250001846663,9.39083331019288,097058,Olgiate Molgora,13.854855798473292,2.107669655559552,True,True,True,True,False,False,False,False,MODEL_OUTPUT_GATE_B_WALK_GRAPH
WP_02270,45.73250001846663,9.391666643522848,097058,Olgiate Molgora,13.667126875684849,2.6363229651144997,True,True,True,True,False,False,False,False,MODEL_OUTPUT_GATE_B_WALK_GRAPH
WP_02271,45.73250001846663,9.392499976852818,097058,Olgiate Molgora,5.770243980275603,7.883594147695162,False,True,True,True,True,False,False,False,MODEL_OUTPUT_GATE_B_WALK_GRAPH
WP_02272,45.73250001846663,9.393333310182786,097058,Olgiate Molgora,0.1953271676224772,9.067731394201113,False,False,True,True,True,True,False,False,MODEL_OUTPUT_GATE_B_WALK_GRAPH
WP_02273,45.73250001846663,9.394166643512756,097058,Olgiate Molgora,0.1821512486395736,10.994665299999498,False,False,False,True,True,True,True,False,MODEL_OUTPUT_GATE_B_WALK_GRAPH
WP_02274,45.73250001846663,9.394999976842726,097058,Olgiate Molgora,7.052871884478604,10.21521807967636,False,False,False,True,True,True,True,False,MODEL_OUTPUT_GATE_B_WALK_GRAPH
WP_02275,45.73250001846663,9.395833310172694,097058,Olgiate Molgora,6.952228244642981,9.400165449353691,False,False,True,True,True,True,False,False,MODEL_OUTPUT_GATE_B_WALK_GRAPH
WP_02276,45.73250001846663,9.396666643502664,097058,Olgiate Molgora,0.09158723558858,7.8575274862269,False,True,True,True,True,False,False,False,MODEL_OUTPUT_GATE_B_WALK_GRAPH
WP_02277,45.73250001846663,9.397499976832632,097058,Olgiate Molgora,0.2647354321201521,7.019709687898091,False,True,True,True,True,False,False,False,MODEL_OUTPUT_GATE_B_WALK_GRAPH
WP_02278,45.73250001846663,9.398333310162602,097058,Olgiate Molgora,0.1194008662671887,7.370363321374056,False,True,True,True,True,False,False,False,MODEL_OUTPUT_GATE_B_WALK_GRAPH
WP_02279,45.73250001846663,9.39916664349257,097058,Olgiate Molgora,0.066959766116647,9.97203573012176,False,False,True,True,True,True,False,False,MODEL_OUTPUT_GATE_B_WALK_GRAPH
WP_02280,45.73250001846663,9.39999997682254,097058,Olgiate Molgora,0.0363070279100123,9.355085453141132,False,False,True,True,True,True,False,False,MODEL_OUTPUT_GATE_B_WALK_GRAPH
WP_02281,45.73250001846663,9.400833310152509,097058,Olgiate Molgora,0.1185133261477201,8.811867846699183,False,False,True,True,True,True,False,False,MODEL_OUTPUT_GATE_B_WALK_GRAPH
WP_02282,45.73250001846663,9.401666643482478,097058,Olgiate Molgora,0.2832031272165259,7.136767791681395,False,True,True,True,True,False,False,False,MODEL_OUTPUT_GATE_B_WALK_GRAPH
WP_02283,45.73250001846663,9.402499976812448,097058,Olgiate Molgora,0.3935703010377968,5.893271379900703,False,True,True,True,True,False,False,False,MODEL_OUTPUT_GATE_B_WALK_GRAPH
WP_02284,45.73250001846663,9.403333310142417,097058,Olgiate Molgora,25.640741357522543,4.685087665196354,True,True,True,True,False,False,False,False,MODEL_OUTPUT_GATE_B_WALK_GRAPH
WP_02285,45.73250001846663,9.404166643472388,097058,Olgiate Molgora,14.642839031906156,4.428434135877297,True,True,True,True,False,False,False,False,MODEL_OUTPUT_GATE_B_WALK_GRAPH
WP_02286,45.73250001846663,9.404999976802356,097058,Olgiate Molgora,15.218833843973094,4.448892381741365,True,True,True,True,False,False,False,False,MODEL_OUTPUT_GATE_B_WALK_GRAPH
WP_02287,45.73250001846663,9.41833331008186,097012,Calco,29.54853310753785,6.370839501154459,False,True,True,True,True,False,False,False,MODEL_OUTPUT_GATE_B_WALK_GRAPH
WP_02288,45.73250001846663,9.419166643411833,097012,Calco,17.95427782817399,5.778000466541847,False,True,True,True,True,False,False,False,MODEL_OUTPUT_GATE_B_WALK_GRAPH
WP_02289,45.73250001846663,9.4199999767418,097012,Calco,20.07047605321984,5.423266653033118,False,True,True,True,True,False,False,False,MODEL_OUTPUT_GATE_B_WALK_GRAPH
WP_02290,45.73250001846663,9.42083331007177,097012,Calco,23.2092386597269,5.7655545560052985,False,True,True,True,True,False,False,False,MODEL_OUTPUT_GATE_B_WALK_GRAPH
WP_02291,45.73250001846663,9.42166664340174,097012,Calco,21.402183568028303,6.546565739423954,False,True,True,True,True,False,False,False,MODEL_OUTPUT_GATE_B_WALK_GRAPH
WP_02292,45.73250001846663,9.422499976731707,097010,Brivio,0.1214733281581789,6.102875863701764,False,True,True,True,True,False,False,False,MODEL_OUTPUT_GATE_B_WALK_GRAPH
WP_02293,45.73250001846663,9.423333310061675,097010,Brivio,0.0724978771663512,6.75130367454193,False,True,True,True,True,False,False,False,MODEL_OUTPUT_GATE_B_WALK_GRAPH
WP_02294,45.73250001846663,9.424166643391644,097010,Brivio,0.0507380700299417,7.4304342006771185,False,True,True,True,True,False,False,False,MODEL_OUTPUT_GATE_B_WALK_GRAPH
WP_02295,45.73250001846663,9.424999976721615,097010,Brivio,0.050126512305772,4.72169174320508,True,True,True,True,False,False,False,False,MODEL_OUTPUT_GATE_B_WALK_GRAPH
WP_02296,45.73250001846663,9.425833310051583,097010,Brivio,0.0646750766978095,3.2666871840631098,True,True,True,True,False,False,False,False,MODEL_OUTPUT_GATE_B_WALK_GRAPH
WP_02297,45.73250001846663,9.426666643381552,097010,Brivio,0.0493347052559486,3.186732899649094,True,True,True,True,False,False,False,False,MODEL_OUTPUT_GATE_B_WALK_GRAPH
WP_02298,45.73250001846663,9.427499976711523,097010,Brivio,0.0259027821266152,3.553380322198968,True,True,True,True,False,False,False,False,MODEL_OUTPUT_GATE_B_WALK_GRAPH
WP_02299,45.73250001846663,9.428333310041491,097010,Brivio,0.0237251362139376,4.233689434049458,True,True,True,True,False,False,False,False,MODEL_OUTPUT_GATE_B_WALK_GRAPH
WP_02300,45.73250001846663,9.42916664337146,097010,Brivio,0.0241770165807769,4.8171297529910735,True,True,True,True,False,False,False,False,MODEL_OUTPUT_GATE_B_WALK_GRAPH
WP_02301,45.73250001846663,9.42999997670143,097010,Brivio,0.0389662875675432,10.8957891238686,False,False,False,True,True,True,True,False,MODEL_OUTPUT_GATE_B_WALK_GRAPH
WP_02302,45.73250001846663,9.4308333100314,097010,Brivio,0.0630352276962969,10.152500121904554,False,False,False,True,True,True,True,False,MODEL_OUTPUT_GATE_B_WALK_GRAPH
WP_02303,45.73250001846663,9.431666643361368,097010,Brivio,0.0541304753151691,8.640883126377798,False,False,True,True,True,True,False,False,MODEL_OUTPUT_GATE_B_WALK_GRAPH
WP_02304,45.73250001846663,9.432499976691338,097010,Brivio,0.0338366829397073,7.947627888637065,False,True,True,True,True,False,False,False,MODEL_OUTPUT_GATE_B_WALK_GRAPH
WP_02305,45.73250001846663,9.433333310021307,097010,Brivio,0.0440379696131814,9.795511336118611,False,False,True,True,True,True,False,False,MODEL_OUTPUT_GATE_B_WALK_GRAPH
WP_02306,45.73250001846663,9.434166643351276,097010,Brivio,0.0397955560545273,9.924380281483318,False,False,True,True,True,True,False,False,MODEL_OUTPUT_GATE_B_WALK_GRAPH
WP_02307,45.73250001846663,9.434999976681246,097010,Brivio,3.602620999526637,6.150289863592091,False,True,True,True,True,False,False,False,MODEL_OUTPUT_GATE_B_WALK_GRAPH
WP_02308,45.73250001846663,9.435833310011214,097010,Brivio,4.622149435289735,6.957501999687618,False,True,True,True,True,False,False,False,MODEL_OUTPUT_GATE_B_WALK_GRAPH
WP_02309,45.73250001846663,9.436666643341184,097010,Brivio,3.3945397037256417,6.769731747455074,False,True,True,True,True,False,False,False,MODEL_OUTPUT_GATE_B_WALK_GRAPH
WP_02310,45.73250001846663,9.437499976671152,097010,Brivio,1.6735470318555674,10.222936349504934,False,False,False,True,True,True,True,False,MODEL_OUTPUT_GATE_B_WALK_GRAPH
WP_02311,45.73250001846663,9.438333310001122,097010,Brivio,1.6777478296870132,11.258715410546502,False,False,False,True,True,True,True,False,MODEL_OUTPUT_GATE_B_WALK_GRAPH
WP_02312,45.73250001846663,9.439166643331092,097010,Brivio,2.1156127364708426,12.414840127658929,False,False,False,False,True,True,True,True,MODEL_OUTPUT_GATE_B_WALK_GRAPH
WP_02313,45.73250001846663,9.43999997666106,097010,Brivio,2.5493007579220377,11.817395170035176,False,False,False,True,True,True,True,False,MODEL_OUTPUT_GATE_B_WALK_GRAPH
WP_02314,45.73250001846663,9.44083330999103,097010,Brivio,1.7732360102689833,14.46314791313748,False,False,False,False,True,True,True,True,MODEL_OUTPUT_GATE_B_WALK_GRAPH
WP_02315,45.73250001846663,9.441666643320998,097010,Brivio,6.931501439778708,12.80617967839462,False,False,False,False,True,True,True,True,MODEL_OUTPUT_GATE_B_WALK_GRAPH
WP_02316,45.73250001846663,9.442499976650968,097010,Brivio,5.946775822200924,12.604807229681288,False,False,False,False,True,True,True,True,MODEL_OUTPUT_GATE_B_WALK_GRAPH
WP_02317,45.73250001846663,9.443333309980936,097010,Brivio,4.737261367491608,12.351118935426374,False,False,False,False,True,True,True,True,MODEL_OUTPUT_GATE_B_WALK_GRAPH
WP_02318,45.73250001846663,9.444166643310906,097010,Brivio,2.781674518087564,16.383164334690207,False,False,False,False,True,True,True,True,MODEL_OUTPUT_GATE_B_WALK_GRAPH
WP_02319,45.73166668513665,9.347499977034484,097092,La Valletta Brianza,0.1816306406061054,30.738024252808096,False,False,False,False,True,True,True,True,MODEL_OUTPUT_GATE_B_WALK_GRAPH
WP_02320,45.73166668513665,9.348333310364453,097092,La Valletta Brianza,0.0426827777628335,30.22446817833417,False,False,False,False,True,True,True,True,MODEL_OUTPUT_GATE_B_WALK_GRAPH
WP_02321,45.73166668513665,9.34916664369442,097092,La Valletta Brianza,0.0402340661412326,33.784465271686535,False,False,False,False,True,True,True,True,MODEL_OUTPUT_GATE_B_WALK_GRAPH
WP_02322,45.73166668513665,9.34999997702439,097092,La Valletta Brianza,0.0321102649395205,29.9448337114511,False,False,False,False,True,True,True,True,MODEL_OUTPUT_GATE_B_WALK_GRAPH
WP_02323,45.73166668513665,9.35083331035436,097092,La Valletta Brianza,0.0397205925014865,29.324515685503734,False,False,False,False,True,True,True,True,MODEL_OUTPUT_GATE_B_WALK_GRAPH
WP_02324,45.73166668513665,9.351666643684329,097092,La Valletta Brianza,0.0243127624705115,29.04471672300085,False,False,False,False,True,True,True,True,MODEL_OUTPUT_GATE_B_WALK_GRAPH
WP_02325,45.73166668513665,9.3524999770143,097092,La Valletta Brianza,0.0366438838682557,23.487139963688787,False,False,False,False,True,True,True,True,MODEL_OUTPUT_GATE_B_WALK_GRAPH
WP_02326,45.73166668513665,9.353333310344269,097092,La Valletta Brianza,0.0609786369784516,23.14622128737727,False,False,False,False,True,True,True,True,MODEL_OUTPUT_GATE_B_WALK_GRAPH
WP_02327,45.73166668513665,9.354166643674237,097092,La Valletta Brianza,0.060785102898661,22.61544619478299,False,False,False,False,True,True,True,True,MODEL_OUTPUT_GATE_B_WALK_GRAPH
WP_02328,45.73166668513665,9.354999977004203,097092,La Valletta Brianza,0.0821297287720799,22.94222134329449,False,False,False,False,True,True,True,True,MODEL_OUTPUT_GATE_B_WALK_GRAPH
WP_02329,45.73166668513665,9.355833310334177,097092,La Valletta Brianza,0.0548008283175173,23.917574120379555,False,False,False,False,True,True,True,True,MODEL_OUTPUT_GATE_B_WALK_GRAPH
WP_02330,45.73166668513665,9.356666643664145,097092,La Valletta Brianza,0.0347471676334674,24.821485769027017,False,False,False,False,True,True,True,True,MODEL_OUTPUT_GATE_B_WALK_GRAPH
WP_02331,45.73166668513665,9.357499976994111,097092,La Valletta Brianza,0.0703844823635172,26.098767802488894,False,False,False,False,True,True,True,True,MODEL_OUTPUT_GATE_B_WALK_GRAPH
WP_02332,45.73166668513665,9.358333310324085,097092,La Valletta Brianza,0.0726844294410864,27.50767876215873,False,False,False,False,True,True,True,True,MODEL_OUTPUT_GATE_B_WALK_GRAPH
WP_02333,45.73166668513665,9.359166643654053,097092,La Valletta Brianza,0.0636581809159039,21.662782149522844,False,False,False,False,True,True,True,True,MODEL_OUTPUT_GATE_B_WALK_GRAPH
WP_02334,45.73166668513665,9.35999997698402,097092,La Valletta Brianza,1.047186468312869,20.8512018535786,False,False,False,False,True,True,True,True,MODEL_OUTPUT_GATE_B_WALK_GRAPH
WP_02335,45.73166668513665,9.36083331031399,097092,La Valletta Brianza,0.0250124171288087,20.724857047111698,False,False,False,False,True,True,True,True,MODEL_OUTPUT_GATE_B_WALK_GRAPH
WP_02336,45.73166668513665,9.36166664364396,097092,La Valletta Brianza,0.0158165838092895,17.291325411881612,False,False,False,False,True,True,True,True,MODEL_OUTPUT_GATE_B_WALK_GRAPH
WP_02337,45.73166668513665,9.362499976973927,097092,La Valletta Brianza,0.0111986171628061,17.916611668965047,False,False,False,False,True,True,True,True,MODEL_OUTPUT_GATE_B_WALK_GRAPH
WP_02338,45.73166668513665,9.363333310303895,097092,La Valletta Brianza,0.0472381868399538,17.48667383876104,False,False,False,False,True,True,True,True,MODEL_OUTPUT_GATE_B_WALK_GRAPH
WP_02339,45.73166668513665,9.364166643633869,097092,La Valletta Brianza,0.0539486066349063,17.100124323763435,False,False,False,False,True,True,True,True,MODEL_OUTPUT_GATE_B_WALK_GRAPH
WP_02340,45.73166668513665,9.364999976963835,097092,La Valletta Brianza,0.0777705407008801,17.03182584289483,False,False,False,False,True,True,True,True,MODEL_OUTPUT_GATE_B_WALK_GRAPH
WP_02341,45.73166668513665,9.365833310293803,097092,La Valletta Brianza,0.3280347200326654,15.63959350690997,False,False,False,False,True,True,True,True,MODEL_OUTPUT_GATE_B_WALK_GRAPH
WP_02342,45.73166668513665,9.366666643623772,097092,La Valletta Brianza,0.5492433438504722,14.922442592916523,False,False,False,False,True,True,True,True,MODEL_OUTPUT_GATE_B_WALK_GRAPH
WP_02343,45.73166668513665,9.367499976953743,097092,La Valletta Brianza,1.1421140330960962,17.234116405656277,False,False,False,False,True,True,True,True,MODEL_OUTPUT_GATE_B_WALK_GRAPH
WP_02344,45.73166668513665,9.368333310283711,097092,La Valletta Brianza,2.5092198545832933,13.830178021515836,False,False,False,False,True,True,True,True,MODEL_OUTPUT_GATE_B_WALK_GRAPH
WP_02345,45.73166668513665,9.36916664361368,097092,La Valletta Brianza,0.234282411255137,13.67209236988106,False,False,False,False,True,True,True,True,MODEL_OUTPUT_GATE_B_WALK_GRAPH
WP_02346,45.73166668513665,9.369999976943651,097092,La Valletta Brianza,0.0967544689194611,10.441214321214716,False,False,False,True,True,True,True,False,MODEL_OUTPUT_GATE_B_WALK_GRAPH
WP_02347,45.73166668513665,9.37083331027362,097092,La Valletta Brianza,4.063118367871577,11.638213276664652,False,False,False,True,True,True,True,False,MODEL_OUTPUT_GATE_B_WALK_GRAPH
WP_02348,45.73166668513665,9.37166664360359,097092,La Valletta Brianza,3.8508393591999233,12.864166925975267,False,False,False,False,True,True,True,True,MODEL_OUTPUT_GATE_B_WALK_GRAPH
WP_02349,45.73166668513665,9.372499976933558,097092,La Valletta Brianza,3.579836647760308,12.963236957224266,False,False,False,False,True,True,True,True,MODEL_OUTPUT_GATE_B_WALK_GRAPH
WP_02350,45.73166668513665,9.373333310263527,097092,La Valletta Brianza,0.0989443068609313,11.163929224395227,False,False,False,True,True,True,True,False,MODEL_OUTPUT_GATE_B_WALK_GRAPH
WP_02351,45.73166668513665,9.374166643593496,097092,La Valletta Brianza,0.3142497196993172,12.33333557300242,False,False,False,False,True,True,True,True,MODEL_OUTPUT_GATE_B_WALK_GRAPH
WP_02352,45.73166668513665,9.374999976923466,097092,La Valletta Brianza,0.7185153580516198,13.33160910773594,False,False,False,False,True,True,True,True,MODEL_OUTPUT_GATE_B_WALK_GRAPH
WP_02353,45.73166668513665,9.375833310253434,097092,La Valletta Brianza,0.6770468755490072,12.33794521495494,False,False,False,False,True,True,True,True,MODEL_OUTPUT_GATE_B_WALK_GRAPH
WP_02354,45.73166668513665,9.376666643583404,097092,La Valletta Brianza,0.6440554256453401,13.730370545126831,False,False,False,False,True,True,True,True,MODEL_OUTPUT_GATE_B_WALK_GRAPH
WP_02355,45.73166668513665,9.377499976913374,097092,La Valletta Brianza,0.7078447518613551,11.015513445672177,False,False,False,True,True,True,True,False,MODEL_OUTPUT_GATE_B_WALK_GRAPH
WP_02356,45.73166668513665,9.378333310243342,097092,La Valletta Brianza,20.38367525737608,10.773222270372672,False,False,False,True,True,True,True,False,MODEL_OUTPUT_GATE_B_WALK_GRAPH
WP_02357,45.73166668513665,9.379166643573312,097092,La Valletta Brianza,0.73369303606628,15.639786368640454,False,False,False,False,True,True,True,True,MODEL_OUTPUT_GATE_B_WALK_GRAPH
WP_02358,45.73166668513665,9.37999997690328,097092,La Valletta Brianza,0.4586832404033403,16.174920746245423,False,False,False,False,True,True,True,True,MODEL_OUTPUT_GATE_B_WALK_GRAPH
WP_02359,45.73166668513665,9.38083331023325,097092,La Valletta Brianza,0.4709258080500544,15.674907843637282,False,False,False,False,True,True,True,True,MODEL_OUTPUT_GATE_B_WALK_GRAPH
WP_02360,45.73166668513665,9.387499976873002,097058,Olgiate Molgora,11.517234841886772,2.878206970752525,True,True,True,True,False,False,False,False,MODEL_OUTPUT_GATE_B_WALK_GRAPH
WP_02361,45.73166668513665,9.388333310202972,097058,Olgiate Molgora,11.599426614280173,1.8581783795785152,True,True,True,True,False,False,False,False,MODEL_OUTPUT_GATE_B_WALK_GRAPH
WP_02362,45.73166668513665,9.389166643532942,097058,Olgiate Molgora,13.255097617121834,3.332286312934849,True,True,True,True,False,False,False,False,MODEL_OUTPUT_GATE_B_WALK_GRAPH
WP_02363,45.73166668513665,9.38999997686291,097058,Olgiate Molgora,15.53677740701694,0.8955143198636193,True,True,True,True,False,False,False,False,MODEL_OUTPUT_GATE_B_WALK_GRAPH
WP_02364,45.73166668513665,9.39083331019288,097058,Olgiate Molgora,15.423511183575943,0.9321134327452664,True,True,True,True,False,False,False,False,MODEL_OUTPUT_GATE_B_WALK_GRAPH
WP_02365,45.73166668513665,9.391666643522848,097058,Olgiate Molgora,12.834347968348755,2.171033199366801,True,True,True,True,False,False,False,False,MODEL_OUTPUT_GATE_B_WALK_GRAPH
WP_02366,45.73166668513665,9.392499976852818,097058,Olgiate Molgora,5.647091886425894,9.286151540670536,False,False,True,True,True,True,False,False,MODEL_OUTPUT_GATE_B_WALK_GRAPH
WP_02367,45.73166668513665,9.393333310182786,097058,Olgiate Molgora,0.1761594959922182,10.01556231097515,False,False,False,True,True,True,True,False,MODEL_OUTPUT_GATE_B_WALK_GRAPH
WP_02368,45.73166668513665,9.394166643512756,097058,Olgiate Molgora,0.0838941645719375,11.5157203986194,False,False,False,True,True,True,True,False,MODEL_OUTPUT_GATE_B_WALK_GRAPH
WP_02369,45.73166668513665,9.394999976842726,097058,Olgiate Molgora,6.863015819114358,11.256589251220744,False,False,False,True,True,True,True,False,MODEL_OUTPUT_GATE_B_WALK_GRAPH
WP_02370,45.73166668513665,9.395833310172694,097058,Olgiate Molgora,0.090929637745783,9.39904585180897,False,False,True,True,True,True,False,False,MODEL_OUTPUT_GATE_B_WALK_GRAPH
WP_02371,45.73166668513665,9.396666643502664,097058,Olgiate Molgora,0.0937599856380773,8.334546780641293,False,False,True,True,True,True,False,False,MODEL_OUTPUT_GATE_B_WALK_GRAPH
WP_02372,45.73166668513665,9.397499976832632,097058,Olgiate Molgora,0.0757373329918506,6.08392796388026,False,True,True,True,True,False,False,False,MODEL_OUTPUT_GATE_B_WALK_GRAPH
WP_02373,45.73166668513665,9.398333310162602,097058,Olgiate Molgora,0.1787677051120486,7.284770427933362,False,True,True,True,True,False,False,False,MODEL_OUTPUT_GATE_B_WALK_GRAPH
WP_02374,45.73166668513665,9.39999997682254,097058,Olgiate Molgora,0.0523522424350987,8.963520726707465,False,False,True,True,True,True,False,False,MODEL_OUTPUT_GATE_B_WALK_GRAPH
WP_02375,45.73166668513665,9.400833310152509,097058,Olgiate Molgora,0.1127277301666615,7.9197002780483,False,True,True,True,True,False,False,False,MODEL_OUTPUT_GATE_B_WALK_GRAPH
WP_02376,45.73166668513665,9.401666643482478,097058,Olgiate Molgora,0.2837278227774826,6.641016678521524,False,True,True,True,True,False,False,False,MODEL_OUTPUT_GATE_B_WALK_GRAPH
WP_02377,45.73166668513665,9.402499976812448,097058,Olgiate Molgora,0.3914602511517022,6.538463002827029,False,True,True,True,True,False,False,False,MODEL_OUTPUT_GATE_B_WALK_GRAPH
WP_02378,45.73166668513665,9.403333310142417,097058,Olgiate Molgora,25.116299745098644,4.933501322312924,True,True,True,True,False,False,False,False,MODEL_OUTPUT_GATE_B_WALK_GRAPH
WP_02379,45.73166668513665,9.404166643472388,097058,Olgiate Molgora,24.80921171692604,4.53158818357432,True,True,True,True,False,False,False,False,MODEL_OUTPUT_GATE_B_WALK_GRAPH
WP_02380,45.73166668513665,9.41833331008186,097012,Calco,19.27428413171429,8.78072582874673,False,False,True,True,True,True,False,False,MODEL_OUTPUT_GATE_B_WALK_GRAPH
WP_02381,45.73166668513665,9.419166643411833,097012,Calco,20.754413960930076,5.65427024615695,False,True,True,True,True,False,False,False,MODEL_OUTPUT_GATE_B_WALK_GRAPH
WP_02382,45.73166668513665,9.4199999767418,097012,Calco,22.405597445106867,4.22884219472808,True,True,True,True,False,False,False,False,MODEL_OUTPUT_GATE_B_WALK_GRAPH
WP_02383,45.73166668513665,9.42083331007177,097012,Calco,0.4204560991608337,7.669286873655474,False,True,True,True,True,False,False,False,MODEL_OUTPUT_GATE_B_WALK_GRAPH
WP_02384,45.73166668513665,9.42166664340174,097012,Calco,0.2268728934278307,9.052734072323103,False,False,True,True,True,True,False,False,MODEL_OUTPUT_GATE_B_WALK_GRAPH
WP_02385,45.73166668513665,9.422499976731707,097012,Calco,0.1314522889845981,7.257206113988135,False,True,True,True,True,False,False,False,MODEL_OUTPUT_GATE_B_WALK_GRAPH
WP_02386,45.73166668513665,9.423333310061675,097012,Calco,0.0555801207978355,8.352913686291304,False,False,True,True,True,True,False,False,MODEL_OUTPUT_GATE_B_WALK_GRAPH
WP_02387,45.73166668513665,9.424166643391644,097012,Calco,0.0461686128007904,8.448886716409463,False,False,True,True,True,True,False,False,MODEL_OUTPUT_GATE_B_WALK_GRAPH
WP_02388,45.73166668513665,9.424999976721615,097010,Brivio,0.016879241431245,8.79927663959257,False,False,True,True,True,True,False,False,MODEL_OUTPUT_GATE_B_WALK_GRAPH
WP_02389,45.73166668513665,9.425833310051583,097010,Brivio,0.017649691250602,10.070297972583926,False,False,False,True,True,True,True,False,MODEL_OUTPUT_GATE_B_WALK_GRAPH
WP_02390,45.73166668513665,9.426666643381552,097010,Brivio,0.0154526085166911,10.790578524206436,False,False,False,True,True,True,True,False,MODEL_OUTPUT_GATE_B_WALK_GRAPH
WP_02391,45.73166668513665,9.427499976711523,097010,Brivio,0.0121372832018941,11.717554647759291,False,False,False,True,True,True,True,False,MODEL_OUTPUT_GATE_B_WALK_GRAPH
WP_02392,45.73166668513665,9.428333310041491,097010,Brivio,0.0135922892525344,12.578762737193845,False,False,False,False,True,True,True,True,MODEL_OUTPUT_GATE_B_WALK_GRAPH
WP_02393,45.73166668513665,9.42916664337146,097010,Brivio,0.0109350405279409,16.631070353920148,False,False,False,False,True,True,True,True,MODEL_OUTPUT_GATE_B_WALK_GRAPH
WP_02394,45.73166668513665,9.42999997670143,097010,Brivio,0.0161913201300316,16.18652775760878,False,False,False,False,True,True,True,True,MODEL_OUTPUT_GATE_B_WALK_GRAPH
WP_02395,45.73166668513665,9.4308333100314,097010,Brivio,0.015227855725625,16.454443305885302,False,False,False,False,True,True,True,True,MODEL_OUTPUT_GATE_B_WALK_GRAPH
WP_02396,45.73166668513665,9.431666643361368,097010,Brivio,0.0136080514902307,9.4524454309558,False,False,True,True,True,True,False,False,MODEL_OUTPUT_GATE_B_WALK_GRAPH
WP_02397,45.73166668513665,9.432499976691338,097010,Brivio,0.0101191784922236,9.0448694924402,False,False,True,True,True,True,False,False,MODEL_OUTPUT_GATE_B_WALK_GRAPH
WP_02398,45.73166668513665,9.433333310021307,097010,Brivio,0.0096639955914516,11.106450769389594,False,False,False,True,True,True,True,False,MODEL_OUTPUT_GATE_B_WALK_GRAPH
WP_02399,45.73166668513665,9.434166643351276,097010,Brivio,0.0129394181904089,11.491980647233204,False,False,False,True,True,True,True,False,MODEL_OUTPUT_GATE_B_WALK_GRAPH
WP_02400,45.73166668513665,9.434999976681246,097010,Brivio,0.0131841706266839,9.839246496959452,False,False,True,True,True,True,False,False,MODEL_OUTPUT_GATE_B_WALK_GRAPH
WP_02401,45.73166668513665,9.435833310011214,097010,Brivio,0.0135691699318152,8.708055971251822,False,False,True,True,True,True,False,False,MODEL_OUTPUT_GATE_B_WALK_GRAPH
WP_02402,45.73166668513665,9.436666643341184,097010,Brivio,0.6824733044503205,9.13064667830954,False,False,True,True,True,True,False,False,MODEL_OUTPUT_GATE_B_WALK_GRAPH
WP_02403,45.73166668513665,9.437499976671152,097010,Brivio,0.644879461959883,9.74132226465708,False,False,True,True,True,True,False,False,MODEL_OUTPUT_GATE_B_WALK_GRAPH
WP_02404,45.73166668513665,9.438333310001122,097010,Brivio,0.4942954149163448,13.452883083250237,False,False,False,False,True,True,True,True,MODEL_OUTPUT_GATE_B_WALK_GRAPH
WP_02405,45.73166668513665,9.439166643331092,097010,Brivio,1.1669658107437677,12.85155345411046,False,False,False,False,True,True,True,True,MODEL_OUTPUT_GATE_B_WALK_GRAPH
WP_02406,45.73166668513665,9.43999997666106,097010,Brivio,1.1259864751747906,12.295503901185178,False,False,False,False,True,True,True,True,MODEL_OUTPUT_GATE_B_WALK_GRAPH
WP_02407,45.73166668513665,9.44083330999103,097010,Brivio,2.414094626083391,15.653636975353962,False,False,False,False,True,True,True,True,MODEL_OUTPUT_GATE_B_WALK_GRAPH
WP_02408,45.73166668513665,9.441666643320998,097010,Brivio,4.404179713285347,11.473661089971262,False,False,False,True,True,True,True,False,MODEL_OUTPUT_GATE_B_WALK_GRAPH
WP_02409,45.73083335180667,9.347499977034484,097092,La Valletta Brianza,0.0860947475217839,31.76612725209556,False,False,False,False,True,True,True,True,MODEL_OUTPUT_GATE_B_WALK_GRAPH
WP_02410,45.73083335180667,9.348333310364453,097092,La Valletta Brianza,0.0371584473581412,33.08622392602229,False,False,False,False,True,True,True,True,MODEL_OUTPUT_GATE_B_WALK_GRAPH
WP_02411,45.73083335180667,9.34916664369442,097092,La Valletta Brianza,0.0297155111814263,32.37446076977877,False,False,False,False,True,True,True,True,MODEL_OUTPUT_GATE_B_WALK_GRAPH
WP_02412,45.73083335180667,9.34999997702439,097092,La Valletta Brianza,0.0454382307906574,29.814410230134143,False,False,False,False,True,True,True,True,MODEL_OUTPUT_GATE_B_WALK_GRAPH
WP_02413,45.73083335180667,9.35083331035436,097092,La Valletta Brianza,0.2749002622967257,29.210552081558387,False,False,False,False,True,True,True,True,MODEL_OUTPUT_GATE_B_WALK_GRAPH
WP_02414,45.73083335180667,9.351666643684329,097092,La Valletta Brianza,0.045838654755249,28.5036280939264,False,False,False,False,True,True,True,True,MODEL_OUTPUT_GATE_B_WALK_GRAPH
WP_02415,45.73083335180667,9.3524999770143,097092,La Valletta Brianza,0.0232237845539169,27.059798942525926,False,False,False,False,True,True,True,True,MODEL_OUTPUT_GATE_B_WALK_GRAPH
WP_02416,45.73083335180667,9.353333310344269,097092,La Valletta Brianza,0.0245658784517924,25.042321750787405,False,False,False,False,True,True,True,True,MODEL_OUTPUT_GATE_B_WALK_GRAPH
WP_02417,45.73083335180667,9.354166643674237,097092,La Valletta Brianza,0.0300709599781573,25.840191114021383,False,False,False,False,True,True,True,True,MODEL_OUTPUT_GATE_B_WALK_GRAPH
WP_02418,45.73083335180667,9.354999977004203,097092,La Valletta Brianza,0.0310570070326058,24.2451915223694,False,False,False,False,True,True,True,True,MODEL_OUTPUT_GATE_B_WALK_GRAPH
WP_02419,45.73083335180667,9.355833310334177,097092,La Valletta Brianza,0.0342699846324835,25.34306096921934,False,False,False,False,True,True,True,True,MODEL_OUTPUT_GATE_B_WALK_GRAPH
WP_02420,45.73083335180667,9.356666643664145,097092,La Valletta Brianza,0.0251081748578044,27.744214854530902,False,False,False,False,True,True,True,True,MODEL_OUTPUT_GATE_B_WALK_GRAPH
WP_02421,45.73083335180667,9.357499976994111,097092,La Valletta Brianza,0.0301373928558386,26.709747050921457,False,False,False,False,True,True,True,True,MODEL_OUTPUT_GATE_B_WALK_GRAPH
WP_02422,45.73083335180667,9.358333310324085,097092,La Valletta Brianza,0.0275694523144248,27.021362338001275,False,False,False,False,True,True,True,True,MODEL_OUTPUT_GATE_B_WALK_GRAPH
WP_02423,45.73083335180667,9.359166643654053,097092,La Valletta Brianza,0.0260266751940203,27.447942165347055,False,False,False,False,True,True,True,True,MODEL_OUTPUT_GATE_B_WALK_GRAPH
WP_02424,45.73083335180667,9.35999997698402,097092,La Valletta Brianza,0.0225100680870598,20.057547116657656,False,False,False,False,True,True,True,True,MODEL_OUTPUT_GATE_B_WALK_GRAPH
WP_02425,45.73083335180667,9.36083331031399,097092,La Valletta Brianza,0.0151079070425267,19.24909977806202,False,False,False,False,True,True,True,True,MODEL_OUTPUT_GATE_B_WALK_GRAPH
WP_02426,45.73083335180667,9.36166664364396,097092,La Valletta Brianza,0.0684483738724316,18.58789555356732,False,False,False,False,True,True,True,True,MODEL_OUTPUT_GATE_B_WALK_GRAPH
WP_02427,45.73083335180667,9.362499976973927,097092,La Valletta Brianza,0.0498064015575032,18.800795626641023,False,False,False,False,True,True,True,True,MODEL_OUTPUT_GATE_B_WALK_GRAPH
WP_02428,45.73083335180667,9.363333310303895,097092,La Valletta Brianza,0.0409041800345085,19.154246640504176,False,False,False,False,True,True,True,True,MODEL_OUTPUT_GATE_B_WALK_GRAPH
WP_02429,45.73083335180667,9.364166643633869,097092,La Valletta Brianza,0.0537066667583571,18.6604107989076,False,False,False,False,True,True,True,True,MODEL_OUTPUT_GATE_B_WALK_GRAPH
WP_02430,45.73083335180667,9.364999976963835,097092,La Valletta Brianza,0.0893532280785835,19.991092778010184,False,False,False,False,True,True,True,True,MODEL_OUTPUT_GATE_B_WALK_GRAPH
WP_02431,45.73083335180667,9.365833310293803,097092,La Valletta Brianza,0.1508807176998922,19.06117521812049,False,False,False,False,True,True,True,True,MODEL_OUTPUT_GATE_B_WALK_GRAPH
WP_02432,45.73083335180667,9.366666643623772,097092,La Valletta Brianza,0.602646220023267,18.24834671983161,False,False,False,False,True,True,True,True,MODEL_OUTPUT_GATE_B_WALK_GRAPH
WP_02433,45.73083335180667,9.367499976953743,097092,La Valletta Brianza,0.9498849768762572,17.362497335040047,False,False,False,False,True,True,True,True,MODEL_OUTPUT_GATE_B_WALK_GRAPH
WP_02434,45.73083335180667,9.368333310283711,097092,La Valletta Brianza,1.0467134596435517,16.5461108164668,False,False,False,False,True,True,True,True,MODEL_OUTPUT_GATE_B_WALK_GRAPH
WP_02435,45.73083335180667,9.36916664361368,097092,La Valletta Brianza,32.90481419292072,15.186189659898758,False,False,False,False,True,True,True,True,MODEL_OUTPUT_GATE_B_WALK_GRAPH
WP_02436,45.73083335180667,9.369999976943651,097092,La Valletta Brianza,18.36207502805272,14.76505803278426,False,False,False,False,True,True,True,True,MODEL_OUTPUT_GATE_B_WALK_GRAPH
WP_02437,45.73083335180667,9.37083331027362,097092,La Valletta Brianza,0.0343846313836285,18.844089101417502,False,False,False,False,True,True,True,True,MODEL_OUTPUT_GATE_B_WALK_GRAPH
WP_02438,45.73083335180667,9.37166664360359,097092,La Valletta Brianza,0.0250523423149699,18.48277550540293,False,False,False,False,True,True,True,True,MODEL_OUTPUT_GATE_B_WALK_GRAPH
WP_02439,45.73083335180667,9.372499976933558,097092,La Valletta Brianza,0.0650000948856903,13.713483099919774,False,False,False,False,True,True,True,True,MODEL_OUTPUT_GATE_B_WALK_GRAPH
WP_02440,45.73083335180667,9.373333310263527,097092,La Valletta Brianza,0.1294755400269029,12.721213520783204,False,False,False,False,True,True,True,True,MODEL_OUTPUT_GATE_B_WALK_GRAPH
WP_02441,45.73083335180667,9.374166643593496,097092,La Valletta Brianza,0.3449942961708842,13.06375015153131,False,False,False,False,True,True,True,True,MODEL_OUTPUT_GATE_B_WALK_GRAPH
WP_02442,45.73083335180667,9.374999976923466,097092,La Valletta Brianza,0.6819483223270004,13.00839157602452,False,False,False,False,True,True,True,True,MODEL_OUTPUT_GATE_B_WALK_GRAPH
WP_02443,45.73083335180667,9.375833310253434,097092,La Valletta Brianza,0.6734575809212696,14.179098463671782,False,False,False,False,True,True,True,True,MODEL_OUTPUT_GATE_B_WALK_GRAPH
WP_02444,45.73083335180667,9.376666643583404,097092,La Valletta Brianza,18.35284340789309,12.568432575180909,False,False,False,False,True,True,True,True,MODEL_OUTPUT_GATE_B_WALK_GRAPH
WP_02445,45.73083335180667,9.377499976913374,097092,La Valletta Brianza,18.75640786819594,12.277383537402104,False,False,False,False,True,True,True,True,MODEL_OUTPUT_GATE_B_WALK_GRAPH
WP_02446,45.73083335180667,9.378333310243342,097092,La Valletta Brianza,17.783708146715423,15.399681998155875,False,False,False,False,True,True,True,True,MODEL_OUTPUT_GATE_B_WALK_GRAPH
WP_02447,45.73083335180667,9.379166643573312,097092,La Valletta Brianza,0.6843464313155553,14.75898331106608,False,False,False,False,True,True,True,True,MODEL_OUTPUT_GATE_B_WALK_GRAPH
WP_02448,45.73083335180667,9.37999997690328,097092,La Valletta Brianza,18.93238771122756,16.137770779071367,False,False,False,False,True,True,True,True,MODEL_OUTPUT_GATE_B_WALK_GRAPH
WP_02449,45.73083335180667,9.38083331023325,097092,La Valletta Brianza,12.796133651520112,15.003375464034372,False,False,False,False,True,True,True,True,MODEL_OUTPUT_GATE_B_WALK_GRAPH
WP_02450,45.73083335180667,9.381666643563218,097092,La Valletta Brianza,0.2186203051351068,14.63781429728954,False,False,False,False,True,True,True,True,MODEL_OUTPUT_GATE_B_WALK_GRAPH
WP_02451,45.73083335180667,9.382499976893188,097092,La Valletta Brianza,0.1319131577966129,14.007677547759048,False,False,False,False,True,True,True,True,MODEL_OUTPUT_GATE_B_WALK_GRAPH
WP_02452,45.73083335180667,9.383333310223158,097092,La Valletta Brianza,0.078682834374824,7.831147539560841,False,True,True,True,True,False,False,False,MODEL_OUTPUT_GATE_B_WALK_GRAPH
WP_02453,45.73083335180667,9.386666643543034,097092,La Valletta Brianza,3.203933269436434,4.484056418372984,True,True,True,True,False,False,False,False,MODEL_OUTPUT_GATE_B_WALK_GRAPH
WP_02454,45.73083335180667,9.387499976873002,097058,Olgiate Molgora,6.955168775661134,3.623653083116246,True,True,True,True,False,False,False,False,MODEL_OUTPUT_GATE_B_WALK_GRAPH
WP_02455,45.73083335180667,9.388333310202972,097058,Olgiate Molgora,0.1849387986138808,3.4540688888877766,True,True,True,True,False,False,False,False,MODEL_OUTPUT_GATE_B_WALK_GRAPH
WP_02456,45.73083335180667,9.389166643532942,097058,Olgiate Molgora,0.3278031030613578,4.200741499911111,True,True,True,True,False,False,False,False,MODEL_OUTPUT_GATE_B_WALK_GRAPH
WP_02457,45.73083335180667,9.38999997686291,097058,Olgiate Molgora,0.3423370082929847,0.712281263328286,True,True,True,True,False,False,False,False,MODEL_OUTPUT_GATE_B_WALK_GRAPH
WP_02458,45.73083335180667,9.39083331019288,097058,Olgiate Molgora,0.3237938229353597,1.1789847976100836,True,True,True,True,False,False,False,False,MODEL_OUTPUT_GATE_B_WALK_GRAPH
WP_02459,45.73083335180667,9.391666643522848,097058,Olgiate Molgora,12.285925518202625,1.815714612700471,True,True,True,True,False,False,False,False,MODEL_OUTPUT_GATE_B_WALK_GRAPH
WP_02460,45.73083335180667,9.392499976852818,097058,Olgiate Molgora,0.2003185125013812,2.4234443516270505,True,True,True,True,False,False,False,False,MODEL_OUTPUT_GATE_B_WALK_GRAPH
WP_02461,45.73083335180667,9.393333310182786,097058,Olgiate Molgora,0.1875388291317518,3.7461982622674417,True,True,True,True,False,False,False,False,MODEL_OUTPUT_GATE_B_WALK_GRAPH
WP_02462,45.73083335180667,9.394166643512756,097058,Olgiate Molgora,0.1407665518837531,3.765727261253332,True,True,True,True,False,False,False,False,MODEL_OUTPUT_GATE_B_WALK_GRAPH
WP_02463,45.73083335180667,9.394999976842726,097058,Olgiate Molgora,0.1490813216818941,5.775210527016146,False,True,True,True,True,False,False,False,MODEL_OUTPUT_GATE_B_WALK_GRAPH
WP_02464,45.73083335180667,9.395833310172694,097058,Olgiate Molgora,0.1459708787370639,5.161118304214086,False,True,True,True,True,False,False,False,MODEL_OUTPUT_GATE_B_WALK_GRAPH
WP_02465,45.73083335180667,9.396666643502664,097058,Olgiate Molgora,0.1332556239224384,4.788543340336255,True,True,True,True,False,False,False,False,MODEL_OUTPUT_GATE_B_WALK_GRAPH
WP_02466,45.73083335180667,9.397499976832632,097058,Olgiate Molgora,0.1024255159632381,4.673974473415786,True,True,True,True,False,False,False,False,MODEL_OUTPUT_GATE_B_WALK_GRAPH
WP_02467,45.73083335180667,9.398333310162602,097058,Olgiate Molgora,0.3202554596495204,5.783087747676469,False,True,True,True,True,False,False,False,MODEL_OUTPUT_GATE_B_WALK_GRAPH
WP_02468,45.73083335180667,9.39916664349257,097058,Olgiate Molgora,0.3305931242679117,6.921228882410187,False,True,True,True,True,False,False,False,MODEL_OUTPUT_GATE_B_WALK_GRAPH
WP_02469,45.73083335180667,9.39999997682254,097058,Olgiate Molgora,0.1986978842778644,5.98882335798468,False,True,True,True,True,False,False,False,MODEL_OUTPUT_GATE_B_WALK_GRAPH
WP_02470,45.73083335180667,9.400833310152509,097058,Olgiate Molgora,0.1847325831087209,5.725890820641489,False,True,True,True,True,False,False,False,MODEL_OUTPUT_GATE_B_WALK_GRAPH
WP_02471,45.73083335180667,9.401666643482478,097058,Olgiate Molgora,0.320286614827488,7.542341430502423,False,True,True,True,True,False,False,False,MODEL_OUTPUT_GATE_B_WALK_GRAPH
WP_02472,45.73083335180667,9.402499976812448,097058,Olgiate Molgora,26.454500720066022,6.114515991346784,False,True,True,True,True,False,False,False,MODEL_OUTPUT_GATE_B_WALK_GRAPH
WP_02473,45.73083335180667,9.403333310142417,097058,Olgiate Molgora,25.59332005819603,3.913210501089372,True,True,True,True,False,False,False,False,MODEL_OUTPUT_GATE_B_WALK_GRAPH
WP_02474,45.73083335180667,9.404166643472388,097058,Olgiate Molgora,15.881836742404577,2.653473198474382,True,True,True,True,False,False,False,False,MODEL_OUTPUT_GATE_B_WALK_GRAPH
WP_02475,45.73083335180667,9.404999976802356,097058,Olgiate Molgora,15.535260776483806,4.305807892053234,True,True,True,True,False,False,False,False,MODEL_OUTPUT_GATE_B_WALK_GRAPH
WP_02476,45.73083335180667,9.415833310091957,097012,Calco,9.697793484869525,11.036635215541146,False,False,False,True,True,True,True,False,MODEL_OUTPUT_GATE_B_WALK_GRAPH
WP_02477,45.73083335180667,9.416666643421925,097012,Calco,25.3036154333912,11.682764257362445,False,False,False,True,True,True,True,False,MODEL_OUTPUT_GATE_B_WALK_GRAPH
WP_02478,45.73083335180667,9.417499976751891,097012,Calco,29.40101179483452,12.369723236466472,False,False,False,False,True,True,True,True,MODEL_OUTPUT_GATE_B_WALK_GRAPH
WP_02479,45.73083335180667,9.41833331008186,097012,Calco,17.34220746087557,2.604388712483581,True,True,True,True,False,False,False,False,MODEL_OUTPUT_GATE_B_WALK_GRAPH
WP_02480,45.73083335180667,9.419166643411833,097012,Calco,18.67552125587542,6.14807589734021,False,True,True,True,True,False,False,False,MODEL_OUTPUT_GATE_B_WALK_GRAPH
WP_02481,45.73083335180667,9.4199999767418,097012,Calco,18.95675527089728,10.695165288181274,False,False,False,True,True,True,True,False,MODEL_OUTPUT_GATE_B_WALK_GRAPH
WP_02482,45.73083335180667,9.42083331007177,097012,Calco,18.19946840049788,8.740978820655283,False,False,True,True,True,True,False,False,MODEL_OUTPUT_GATE_B_WALK_GRAPH
WP_02483,45.73083335180667,9.42166664340174,097012,Calco,0.3826066985179069,10.584076805901532,False,False,False,True,True,True,True,False,MODEL_OUTPUT_GATE_B_WALK_GRAPH
WP_02484,45.73083335180667,9.422499976731707,097012,Calco,0.156510884787117,11.0772080162925,False,False,False,True,True,True,True,False,MODEL_OUTPUT_GATE_B_WALK_GRAPH
WP_02485,45.73083335180667,9.423333310061675,097012,Calco,0.0255456744737949,12.243200564942072,False,False,False,False,True,True,True,True,MODEL_OUTPUT_GATE_B_WALK_GRAPH
WP_02486,45.73083335180667,9.424166643391644,097012,Calco,0.0199419159807596,12.586899283170249,False,False,False,False,True,True,True,True,MODEL_OUTPUT_GATE_B_WALK_GRAPH
WP_02487,45.73083335180667,9.424999976721615,097012,Calco,0.0240230887619974,10.96132321941042,False,False,False,True,True,True,True,False,MODEL_OUTPUT_GATE_B_WALK_GRAPH
WP_02488,45.73083335180667,9.425833310051583,097010,Brivio,0.0095548813585113,10.447340824446348,False,False,False,True,True,True,True,False,MODEL_OUTPUT_GATE_B_WALK_GRAPH
WP_02489,45.73083335180667,9.426666643381552,097010,Brivio,0.0094384266660412,11.262756558562504,False,False,False,True,True,True,True,False,MODEL_OUTPUT_GATE_B_WALK_GRAPH
WP_02490,45.73083335180667,9.427499976711523,097010,Brivio,0.0057375134953029,11.270175368795089,False,False,False,True,True,True,True,False,MODEL_OUTPUT_GATE_B_WALK_GRAPH
WP_02491,45.73083335180667,9.428333310041491,097010,Brivio,0.0055123641151908,12.061454067438458,False,False,False,False,True,True,True,True,MODEL_OUTPUT_GATE_B_WALK_GRAPH
WP_02492,45.73083335180667,9.42916664337146,097010,Brivio,0.0057266464804829,15.309282284246036,False,False,False,False,True,True,True,True,MODEL_OUTPUT_GATE_B_WALK_GRAPH
WP_02493,45.73083335180667,9.42999997670143,097010,Brivio,0.0046101382840279,15.131569553139736,False,False,False,False,True,True,True,True,MODEL_OUTPUT_GATE_B_WALK_GRAPH
WP_02494,45.73083335180667,9.4308333100314,097010,Brivio,0.0041437503574126,15.623767747652415,False,False,False,False,True,True,True,True,MODEL_OUTPUT_GATE_B_WALK_GRAPH
WP_02495,45.73083335180667,9.431666643361368,097010,Brivio,0.0045207248692209,11.051799401912202,False,False,False,True,True,True,True,False,MODEL_OUTPUT_GATE_B_WALK_GRAPH
WP_02496,45.73083335180667,9.432499976691338,097010,Brivio,0.0039452555608537,10.312152835238898,False,False,False,True,True,True,True,False,MODEL_OUTPUT_GATE_B_WALK_GRAPH
WP_02497,45.73083335180667,9.433333310021307,097010,Brivio,0.0359910306312178,11.597275818354772,False,False,False,True,True,True,True,False,MODEL_OUTPUT_GATE_B_WALK_GRAPH
WP_02498,45.73083335180667,9.434166643351276,097010,Brivio,0.1009761053919419,11.400219940956998,False,False,False,True,True,True,True,False,MODEL_OUTPUT_GATE_B_WALK_GRAPH
WP_02499,45.73083335180667,9.434999976681246,097010,Brivio,0.0405441863519948,10.463854059699967,False,False,False,True,True,True,True,False,MODEL_OUTPUT_GATE_B_WALK_GRAPH
WP_02500,45.73083335180667,9.435833310011214,097010,Brivio,0.0117485665671011,10.73858951114697,False,False,False,True,True,True,True,False,MODEL_OUTPUT_GATE_B_WALK_GRAPH
WP_02501,45.73083335180667,9.436666643341184,097010,Brivio,0.0172259821631489,10.42115694098487,False,False,False,True,True,True,True,False,MODEL_OUTPUT_GATE_B_WALK_GRAPH
WP_02502,45.73083335180667,9.437499976671152,097010,Brivio,0.0047535748845435,11.29883459687018,False,False,False,True,True,True,True,False,MODEL_OUTPUT_GATE_B_WALK_GRAPH
WP_02503,45.73083335180667,9.438333310001122,097010,Brivio,0.0536164452493534,14.170523003871825,False,False,False,False,True,True,True,True,MODEL_OUTPUT_GATE_B_WALK_GRAPH
WP_02504,45.73083335180667,9.439166643331092,097012,Calco,0.1033842312273532,14.18773548391822,False,False,False,False,True,True,True,True,MODEL_OUTPUT_GATE_B_WALK_GRAPH
WP_02505,45.73083335180667,9.43999997666106,097012,Calco,0.121807463306129,11.57082013790394,False,False,False,True,True,True,True,False,MODEL_OUTPUT_GATE_B_WALK_GRAPH
WP_02506,45.73083335180667,9.44083330999103,097010,Brivio,4.068937422957671,10.761014155645183,False,False,False,True,True,True,True,False,MODEL_OUTPUT_GATE_B_WALK_GRAPH
WP_02507,45.73083335180667,9.441666643320998,097012,Calco,0.2224679083297064,10.506929617164708,False,False,False,True,True,True,True,False,MODEL_OUTPUT_GATE_B_WALK_GRAPH
WP_02508,45.73083335180667,9.442499976650968,097012,Calco,0.1236617588746932,11.962449137094252,False,False,False,True,True,True,True,False,MODEL_OUTPUT_GATE_B_WALK_GRAPH
WP_02509,45.73083335180667,9.443333309980936,097012,Calco,0.0598718875024146,13.129338128006822,False,False,False,False,True,True,True,True,MODEL_OUTPUT_GATE_B_WALK_GRAPH
WP_02510,45.73083335180667,9.444166643310906,097012,Calco,0.0091976787681426,15.854524964705938,False,False,False,False,True,True,True,True,MODEL_OUTPUT_GATE_B_WALK_GRAPH
WP_02511,45.73000001847669,9.346666643704514,097092,La Valletta Brianza,0.438409669895245,36.61524459519242,False,False,False,False,True,True,True,True,MODEL_OUTPUT_GATE_B_WALK_GRAPH
WP_02512,45.73000001847669,9.347499977034484,097092,La Valletta Brianza,0.1802120258623556,37.80669044352196,False,False,False,False,True,True,True,True,MODEL_OUTPUT_GATE_B_WALK_GRAPH
WP_02513,45.73000001847669,9.34916664369442,097092,La Valletta Brianza,0.1121918945506846,40.56283212585018,False,False,False,False,True,True,True,True,MODEL_OUTPUT_GATE_B_WALK_GRAPH
WP_02514,45.73000001847669,9.34999997702439,097092,La Valletta Brianza,0.2040053325125602,31.10287639668488,False,False,False,False,True,True,True,True,MODEL_OUTPUT_GATE_B_WALK_GRAPH
WP_02515,45.73000001847669,9.35083331035436,097092,La Valletta Brianza,0.2571949544870037,31.16667472176528,False,False,False,False,True,True,True,True,MODEL_OUTPUT_GATE_B_WALK_GRAPH
WP_02516,45.73000001847669,9.351666643684329,097092,La Valletta Brianza,0.2456566904976878,31.97266280127915,False,False,False,False,True,True,True,True,MODEL_OUTPUT_GATE_B_WALK_GRAPH
WP_02517,45.73000001847669,9.3524999770143,097092,La Valletta Brianza,0.0426753852887745,27.498126974644286,False,False,False,False,True,True,True,True,MODEL_OUTPUT_GATE_B_WALK_GRAPH
WP_02518,45.73000001847669,9.353333310344269,097092,La Valletta Brianza,0.0226004862358126,26.56391456539528,False,False,False,False,True,True,True,True,MODEL_OUTPUT_GATE_B_WALK_GRAPH
WP_02519,45.73000001847669,9.354166643674237,097092,La Valletta Brianza,0.0148041507289812,26.34004753132492,False,False,False,False,True,True,True,True,MODEL_OUTPUT_GATE_B_WALK_GRAPH
WP_02520,45.73000001847669,9.354999977004203,097092,La Valletta Brianza,0.0193511905795591,28.488542180606903,False,False,False,False,True,True,True,True,MODEL_OUTPUT_GATE_B_WALK_GRAPH
WP_02521,45.73000001847669,9.355833310334177,097092,La Valletta Brianza,0.0242367814089043,26.110042509757257,False,False,False,False,True,True,True,True,MODEL_OUTPUT_GATE_B_WALK_GRAPH
WP_02522,45.73000001847669,9.356666643664145,097092,La Valletta Brianza,0.0262847451953532,26.733607535032483,False,False,False,False,True,True,True,True,MODEL_OUTPUT_GATE_B_WALK_GRAPH
WP_02523,45.73000001847669,9.357499976994111,097092,La Valletta Brianza,0.0265015756786745,27.73689762232987,False,False,False,False,True,True,True,True,MODEL_OUTPUT_GATE_B_WALK_GRAPH
WP_02524,45.73000001847669,9.358333310324085,097092,La Valletta Brianza,0.0273994922415023,26.46873953375079,False,False,False,False,True,True,True,True,MODEL_OUTPUT_GATE_B_WALK_GRAPH
WP_02525,45.73000001847669,9.359166643654053,097092,La Valletta Brianza,0.0223050734447967,26.429892699502417,False,False,False,False,True,True,True,True,MODEL_OUTPUT_GATE_B_WALK_GRAPH
WP_02526,45.73000001847669,9.35999997698402,097092,La Valletta Brianza,0.0222386902615401,21.375648089697687,False,False,False,False,True,True,True,True,MODEL_OUTPUT_GATE_B_WALK_GRAPH
WP_02527,45.73000001847669,9.36083331031399,097092,La Valletta Brianza,0.0797789288757409,20.453732244503524,False,False,False,False,True,True,True,True,MODEL_OUTPUT_GATE_B_WALK_GRAPH
WP_02528,45.73000001847669,9.36166664364396,097092,La Valletta Brianza,0.0841312419803379,22.573553020614018,False,False,False,False,True,True,True,True,MODEL_OUTPUT_GATE_B_WALK_GRAPH
WP_02529,45.73000001847669,9.362499976973927,097092,La Valletta Brianza,0.0779091641550924,25.61288121225915,False,False,False,False,True,True,True,True,MODEL_OUTPUT_GATE_B_WALK_GRAPH
WP_02530,45.73000001847669,9.363333310303895,097092,La Valletta Brianza,0.1007697578636465,25.01682098709509,False,False,False,False,True,True,True,True,MODEL_OUTPUT_GATE_B_WALK_GRAPH
WP_02531,45.73000001847669,9.364166643633869,097092,La Valletta Brianza,0.0624103779046982,24.382344972604223,False,False,False,False,True,True,True,True,MODEL_OUTPUT_GATE_B_WALK_GRAPH
WP_02532,45.73000001847669,9.364999976963835,097092,La Valletta Brianza,0.0677459483215629,23.83718016293125,False,False,False,False,True,True,True,True,MODEL_OUTPUT_GATE_B_WALK_GRAPH
WP_02533,45.73000001847669,9.365833310293803,097092,La Valletta Brianza,0.0933765024027213,19.338459308458965,False,False,False,False,True,True,True,True,MODEL_OUTPUT_GATE_B_WALK_GRAPH
WP_02534,45.73000001847669,9.366666643623772,097092,La Valletta Brianza,0.1437933331359593,18.67219754356253,False,False,False,False,True,True,True,True,MODEL_OUTPUT_GATE_B_WALK_GRAPH
WP_02535,45.73000001847669,9.367499976953743,097092,La Valletta Brianza,0.369846745233316,19.14053779737784,False,False,False,False,True,True,True,True,MODEL_OUTPUT_GATE_B_WALK_GRAPH
WP_02536,45.73000001847669,9.368333310283711,097092,La Valletta Brianza,0.3684742743332053,17.01576408775803,False,False,False,False,True,True,True,True,MODEL_OUTPUT_GATE_B_WALK_GRAPH
WP_02537,45.73000001847669,9.36916664361368,097092,La Valletta Brianza,0.2865764094646874,17.04594789067529,False,False,False,False,True,True,True,True,MODEL_OUTPUT_GATE_B_WALK_GRAPH
WP_02538,45.73000001847669,9.369999976943651,097092,La Valletta Brianza,0.1511643940386991,16.383530774622013,False,False,False,False,True,True,True,True,MODEL_OUTPUT_GATE_B_WALK_GRAPH
WP_02539,45.73000001847669,9.37083331027362,097092,La Valletta Brianza,0.1216797802899565,16.600270935000285,False,False,False,False,True,True,True,True,MODEL_OUTPUT_GATE_B_WALK_GRAPH
WP_02540,45.73000001847669,9.37166664360359,097092,La Valletta Brianza,0.1229510664871853,17.09525200291791,False,False,False,False,True,True,True,True,MODEL_OUTPUT_GATE_B_WALK_GRAPH
WP_02541,45.73000001847669,9.372499976933558,097092,La Valletta Brianza,0.0330412574259195,17.952907764824936,False,False,False,False,True,True,True,True,MODEL_OUTPUT_GATE_B_WALK_GRAPH
WP_02542,45.73000001847669,9.373333310263527,097092,La Valletta Brianza,0.0834516278839599,15.889002585900172,False,False,False,False,True,True,True,True,MODEL_OUTPUT_GATE_B_WALK_GRAPH
WP_02543,45.73000001847669,9.374166643593496,097092,La Valletta Brianza,0.2171211648603006,14.525290499253204,False,False,False,False,True,True,True,True,MODEL_OUTPUT_GATE_B_WALK_GRAPH
WP_02544,45.73000001847669,9.374999976923466,097092,La Valletta Brianza,0.281699994967884,14.114578914196343,False,False,False,False,True,True,True,True,MODEL_OUTPUT_GATE_B_WALK_GRAPH
WP_02545,45.73000001847669,9.375833310253434,097092,La Valletta Brianza,6.931835558840899,14.373025721066094,False,False,False,False,True,True,True,True,MODEL_OUTPUT_GATE_B_WALK_GRAPH
WP_02546,45.73000001847669,9.376666643583404,097092,La Valletta Brianza,0.2833911407905243,12.964198931564912,False,False,False,False,True,True,True,True,MODEL_OUTPUT_GATE_B_WALK_GRAPH
WP_02547,45.73000001847669,9.377499976913374,097092,La Valletta Brianza,13.75704160575624,13.41970772220474,False,False,False,False,True,True,True,True,MODEL_OUTPUT_GATE_B_WALK_GRAPH
WP_02548,45.73000001847669,9.378333310243342,097092,La Valletta Brianza,13.127791143086684,13.488631289082692,False,False,False,False,True,True,True,True,MODEL_OUTPUT_GATE_B_WALK_GRAPH
WP_02549,45.73000001847669,9.379166643573312,097092,La Valletta Brianza,12.825101566632313,14.19641975743314,False,False,False,False,True,True,True,True,MODEL_OUTPUT_GATE_B_WALK_GRAPH
WP_02550,45.73000001847669,9.37999997690328,097092,La Valletta Brianza,17.279880325017167,14.109386745900704,False,False,False,False,True,True,True,True,MODEL_OUTPUT_GATE_B_WALK_GRAPH
WP_02551,45.73000001847669,9.38083331023325,097092,La Valletta Brianza,11.532928302374122,13.40510540062348,False,False,False,False,True,True,True,True,MODEL_OUTPUT_GATE_B_WALK_GRAPH
WP_02552,45.73000001847669,9.381666643563218,097092,La Valletta Brianza,0.6120263888132238,14.45582525693544,False,False,False,False,True,True,True,True,MODEL_OUTPUT_GATE_B_WALK_GRAPH
WP_02553,45.73000001847669,9.382499976893188,097092,La Valletta Brianza,0.1459307965811065,10.55151537335945,False,False,False,True,True,True,True,False,MODEL_OUTPUT_GATE_B_WALK_GRAPH
WP_02554,45.73000001847669,9.383333310223158,097092,La Valletta Brianza,0.0452515579686628,9.770195657907056,False,False,True,True,True,True,False,False,MODEL_OUTPUT_GATE_B_WALK_GRAPH
WP_02555,45.73000001847669,9.384166643553126,097092,La Valletta Brianza,0.2285917210529041,9.253751935427442,False,False,True,True,True,True,False,False,MODEL_OUTPUT_GATE_B_WALK_GRAPH
WP_02556,45.73000001847669,9.384999976883096,097092,La Valletta Brianza,0.6627403647879351,10.495452466401488,False,False,False,True,True,True,True,False,MODEL_OUTPUT_GATE_B_WALK_GRAPH
WP_02557,45.73000001847669,9.385833310213064,097092,La Valletta Brianza,0.6488930990541685,9.799884024232352,False,False,True,True,True,True,False,False,MODEL_OUTPUT_GATE_B_WALK_GRAPH
WP_02558,45.73000001847669,9.386666643543034,097092,La Valletta Brianza,10.089538783661164,8.979198745224707,False,False,True,True,True,True,False,False,MODEL_OUTPUT_GATE_B_WALK_GRAPH
WP_02559,45.73000001847669,9.387499976873002,097092,La Valletta Brianza,2.219710692665427,8.421645212752424,False,False,True,True,True,True,False,False,MODEL_OUTPUT_GATE_B_WALK_GRAPH
WP_02560,45.73000001847669,9.388333310202972,097058,Olgiate Molgora,0.0275999775734205,8.182516877781758,False,False,True,True,True,True,False,False,MODEL_OUTPUT_GATE_B_WALK_GRAPH
WP_02561,45.73000001847669,9.389166643532942,097058,Olgiate Molgora,0.0608322280831634,3.73112161938701,True,True,True,True,False,False,False,False,MODEL_OUTPUT_GATE_B_WALK_GRAPH
WP_02562,45.73000001847669,9.38999997686291,097058,Olgiate Molgora,0.1852079864121849,2.957061121927292,True,True,True,True,False,False,False,False,MODEL_OUTPUT_GATE_B_WALK_GRAPH
WP_02563,45.73000001847669,9.39083331019288,097058,Olgiate Molgora,10.782236710667334,2.4727608609285125,True,True,True,True,False,False,False,False,MODEL_OUTPUT_GATE_B_WALK_GRAPH
WP_02564,45.73000001847669,9.391666643522848,097058,Olgiate Molgora,7.183494631087892,3.340373003645417,True,True,True,True,False,False,False,False,MODEL_OUTPUT_GATE_B_WALK_GRAPH
WP_02565,45.73000001847669,9.392499976852818,097058,Olgiate Molgora,0.0694051901670822,10.539530764503526,False,False,False,True,True,True,True,False,MODEL_OUTPUT_GATE_B_WALK_GRAPH
WP_02566,45.73000001847669,9.393333310182786,097058,Olgiate Molgora,0.0560545785998803,11.429134609821327,False,False,False,True,True,True,True,False,MODEL_OUTPUT_GATE_B_WALK_GRAPH
WP_02567,45.73000001847669,9.394166643512756,097058,Olgiate Molgora,0.0693138796065373,9.753957593820807,False,False,True,True,True,True,False,False,MODEL_OUTPUT_GATE_B_WALK_GRAPH
WP_02568,45.73000001847669,9.394999976842726,097058,Olgiate Molgora,0.0935444883022765,8.93956805434423,False,False,True,True,True,True,False,False,MODEL_OUTPUT_GATE_B_WALK_GRAPH
WP_02569,45.73000001847669,9.395833310172694,097058,Olgiate Molgora,0.2931747552680866,5.349965257785176,False,True,True,True,True,False,False,False,MODEL_OUTPUT_GATE_B_WALK_GRAPH
WP_02570,45.73000001847669,9.396666643502664,097058,Olgiate Molgora,0.1714125824600038,5.405785645411748,False,True,True,True,True,False,False,False,MODEL_OUTPUT_GATE_B_WALK_GRAPH
WP_02571,45.73000001847669,9.397499976832632,097058,Olgiate Molgora,0.3485993461616409,3.3937257868735906,True,True,True,True,False,False,False,False,MODEL_OUTPUT_GATE_B_WALK_GRAPH
WP_02572,45.73000001847669,9.398333310162602,097058,Olgiate Molgora,0.4034900920510392,2.978963963541397,True,True,True,True,False,False,False,False,MODEL_OUTPUT_GATE_B_WALK_GRAPH
WP_02573,45.73000001847669,9.39916664349257,097058,Olgiate Molgora,0.3878977639320259,2.925306699079326,True,True,True,True,False,False,False,False,MODEL_OUTPUT_GATE_B_WALK_GRAPH
WP_02574,45.73000001847669,9.39999997682254,097058,Olgiate Molgora,26.287456717249032,5.962850659634494,False,True,True,True,True,False,False,False,MODEL_OUTPUT_GATE_B_WALK_GRAPH
WP_02575,45.73000001847669,9.400833310152509,097058,Olgiate Molgora,26.47016974464298,5.303771447987826,False,True,True,True,True,False,False,False,MODEL_OUTPUT_GATE_B_WALK_GRAPH
WP_02576,45.73000001847669,9.401666643482478,097058,Olgiate Molgora,26.12545308679356,4.004461318379221,True,True,True,True,False,False,False,False,MODEL_OUTPUT_GATE_B_WALK_GRAPH
WP_02577,45.73000001847669,9.402499976812448,097058,Olgiate Molgora,27.35900749639652,3.670537530666194,True,True,True,True,False,False,False,False,MODEL_OUTPUT_GATE_B_WALK_GRAPH
WP_02578,45.73000001847669,9.403333310142417,097058,Olgiate Molgora,25.72053438714845,2.400969063491336,True,True,True,True,False,False,False,False,MODEL_OUTPUT_GATE_B_WALK_GRAPH
WP_02579,45.73000001847669,9.404166643472388,097058,Olgiate Molgora,26.568047487205884,1.507879268407583,True,True,True,True,False,False,False,False,MODEL_OUTPUT_GATE_B_WALK_GRAPH
WP_02580,45.73000001847669,9.41833331008186,097012,Calco,30.16572602384998,1.4690429531156215,True,True,True,True,False,False,False,False,MODEL_OUTPUT_GATE_B_WALK_GRAPH
WP_02581,45.73000001847669,9.419166643411833,097012,Calco,30.345315573231414,2.202532773013575,True,True,True,True,False,False,False,False,MODEL_OUTPUT_GATE_B_WALK_GRAPH
WP_02582,45.73000001847669,9.4199999767418,097012,Calco,16.744996872616618,10.18040853479358,False,False,False,True,True,True,True,False,MODEL_OUTPUT_GATE_B_WALK_GRAPH
WP_02583,45.73000001847669,9.42083331007177,097012,Calco,14.330727374114156,10.161522875681108,False,False,False,True,True,True,True,False,MODEL_OUTPUT_GATE_B_WALK_GRAPH
WP_02584,45.73000001847669,9.42166664340174,097012,Calco,0.3463240590602166,11.214633535314752,False,False,False,True,True,True,True,False,MODEL_OUTPUT_GATE_B_WALK_GRAPH
WP_02585,45.73000001847669,9.422499976731707,097012,Calco,0.1526083631568185,12.845211704715304,False,False,False,False,True,True,True,True,MODEL_OUTPUT_GATE_B_WALK_GRAPH
WP_02586,45.73000001847669,9.423333310061675,097012,Calco,0.0259013488246198,12.73445064679802,False,False,False,False,True,True,True,True,MODEL_OUTPUT_GATE_B_WALK_GRAPH
WP_02587,45.73000001847669,9.424166643391644,097012,Calco,0.0127440103100859,13.40933509293837,False,False,False,False,True,True,True,True,MODEL_OUTPUT_GATE_B_WALK_GRAPH
WP_02588,45.73000001847669,9.424999976721615,097012,Calco,0.0148297311493599,14.716141187313193,False,False,False,False,True,True,True,True,MODEL_OUTPUT_GATE_B_WALK_GRAPH
WP_02589,45.73000001847669,9.425833310051583,097012,Calco,0.018774904108639,15.288350436229551,False,False,False,False,True,True,True,True,MODEL_OUTPUT_GATE_B_WALK_GRAPH
WP_02590,45.73000001847669,9.426666643381552,097012,Calco,0.0196065481772925,12.678321547739372,False,False,False,False,True,True,True,True,MODEL_OUTPUT_GATE_B_WALK_GRAPH
WP_02591,45.73000001847669,9.427499976711523,097010,Brivio,0.0074489080314858,12.55607420672602,False,False,False,False,True,True,True,True,MODEL_OUTPUT_GATE_B_WALK_GRAPH
WP_02592,45.73000001847669,9.428333310041491,097010,Brivio,0.0072102263365173,13.89155567921431,False,False,False,False,True,True,True,True,MODEL_OUTPUT_GATE_B_WALK_GRAPH
WP_02593,45.73000001847669,9.42916664337146,097010,Brivio,0.0060156676742816,13.172797919395483,False,False,False,False,True,True,True,True,MODEL_OUTPUT_GATE_B_WALK_GRAPH
WP_02594,45.73000001847669,9.42999997670143,097010,Brivio,0.0045349565581735,14.173570036122213,False,False,False,False,True,True,True,True,MODEL_OUTPUT_GATE_B_WALK_GRAPH
WP_02595,45.73000001847669,9.4308333100314,097010,Brivio,0.0040334993941925,14.217183189726612,False,False,False,False,True,True,True,True,MODEL_OUTPUT_GATE_B_WALK_GRAPH
WP_02596,45.73000001847669,9.431666643361368,097010,Brivio,0.0121071574746938,12.870664992100316,False,False,False,False,True,True,True,True,MODEL_OUTPUT_GATE_B_WALK_GRAPH
WP_02597,45.73000001847669,9.432499976691338,097010,Brivio,0.0131966295388526,12.653879632382036,False,False,False,False,True,True,True,True,MODEL_OUTPUT_GATE_B_WALK_GRAPH
WP_02598,45.73000001847669,9.433333310021307,097010,Brivio,0.0414580700012851,11.351679314607384,False,False,False,True,True,True,True,False,MODEL_OUTPUT_GATE_B_WALK_GRAPH
WP_02599,45.73000001847669,9.434166643351276,097010,Brivio,0.1389044252260555,10.883610259431366,False,False,False,True,True,True,True,False,MODEL_OUTPUT_GATE_B_WALK_GRAPH
WP_02600,45.73000001847669,9.434999976681246,097012,Calco,0.4602514747211555,11.56672042107848,False,False,False,True,True,True,True,False,MODEL_OUTPUT_GATE_B_WALK_GRAPH
WP_02601,45.73000001847669,9.435833310011214,097012,Calco,0.1764150975532838,12.260658270814126,False,False,False,False,True,True,True,True,MODEL_OUTPUT_GATE_B_WALK_GRAPH
WP_02602,45.73000001847669,9.436666643341184,097012,Calco,0.0983586738238009,12.797218248324311,False,False,False,False,True,True,True,True,MODEL_OUTPUT_GATE_B_WALK_GRAPH
WP_02603,45.73000001847669,9.437499976671152,097012,Calco,0.0539280009320306,13.710461343245967,False,False,False,False,True,True,True,True,MODEL_OUTPUT_GATE_B_WALK_GRAPH
WP_02604,45.73000001847669,9.438333310001122,097012,Calco,0.0536573919669486,14.874152953417246,False,False,False,False,True,True,True,True,MODEL_OUTPUT_GATE_B_WALK_GRAPH
WP_02605,45.73000001847669,9.439166643331092,097012,Calco,0.1431812742840987,15.688905346765388,False,False,False,False,True,True,True,True,MODEL_OUTPUT_GATE_B_WALK_GRAPH
WP_02606,45.73000001847669,9.43999997666106,097012,Calco,0.4341591234084497,9.862850807343836,False,False,True,True,True,True,False,False,MODEL_OUTPUT_GATE_B_WALK_GRAPH
WP_02607,45.73000001847669,9.44083330999103,097012,Calco,0.218751922208438,9.095551884364886,False,False,True,True,True,True,False,False,MODEL_OUTPUT_GATE_B_WALK_GRAPH
WP_02608,45.73000001847669,9.441666643320998,097012,Calco,0.1133324160279381,11.488993638344375,False,False,False,True,True,True,True,False,MODEL_OUTPUT_GATE_B_WALK_GRAPH
WP_02609,45.73000001847669,9.442499976650968,097012,Calco,0.0563586109463968,12.25777171102252,False,False,False,False,True,True,True,True,MODEL_OUTPUT_GATE_B_WALK_GRAPH
WP_02610,45.73000001847669,9.443333309980936,097012,Calco,0.0135234767349624,12.73862669996203,False,False,False,False,True,True,True,True,MODEL_OUTPUT_GATE_B_WALK_GRAPH
WP_02611,45.73000001847669,9.444166643310906,097012,Calco,0.010155314384765,12.179068632081554,False,False,False,False,True,True,True,True,MODEL_OUTPUT_GATE_B_WALK_GRAPH
WP_02612,45.73000001847669,9.444999976640874,097012,Calco,0.0114023504318494,13.159974008808897,False,False,False,False,True,True,True,True,MODEL_OUTPUT_GATE_B_WALK_GRAPH
WP_02613,45.73000001847669,9.445833309970844,097012,Calco,0.0371054632611696,14.025411432243928,False,False,False,False,True,True,True,True,MODEL_OUTPUT_GATE_B_WALK_GRAPH
WP_02614,45.72916668514671,9.34999997702439,097092,La Valletta Brianza,0.1587927829536047,33.21173415797639,False,False,False,False,True,True,True,True,MODEL_OUTPUT_GATE_B_WALK_GRAPH
WP_02615,45.72916668514671,9.35083331035436,097092,La Valletta Brianza,0.1376237257686842,33.15386243261481,False,False,False,False,True,True,True,True,MODEL_OUTPUT_GATE_B_WALK_GRAPH
WP_02616,45.72916668514671,9.351666643684329,097092,La Valletta Brianza,0.2074634475681698,33.109241853745466,False,False,False,False,True,True,True,True,MODEL_OUTPUT_GATE_B_WALK_GRAPH
WP_02617,45.72916668514671,9.3524999770143,097092,La Valletta Brianza,0.2097743548367638,32.44611639782921,False,False,False,False,True,True,True,True,MODEL_OUTPUT_GATE_B_WALK_GRAPH
WP_02618,45.72916668514671,9.353333310344269,097092,La Valletta Brianza,0.1337012797184519,31.841320937476635,False,False,False,False,True,True,True,True,MODEL_OUTPUT_GATE_B_WALK_GRAPH
WP_02619,45.72916668514671,9.354166643674237,097092,La Valletta Brianza,0.0137612052719706,30.948192698580176,False,False,False,False,True,True,True,True,MODEL_OUTPUT_GATE_B_WALK_GRAPH
WP_02620,45.72916668514671,9.354999977004203,097092,La Valletta Brianza,0.0170357799679361,28.83842920330808,False,False,False,False,True,True,True,True,MODEL_OUTPUT_GATE_B_WALK_GRAPH
WP_02621,45.72916668514671,9.355833310334177,097092,La Valletta Brianza,0.0182757466824633,28.49532258884855,False,False,False,False,True,True,True,True,MODEL_OUTPUT_GATE_B_WALK_GRAPH
WP_02622,45.72916668514671,9.356666643664145,097092,La Valletta Brianza,0.0894450565208344,26.4562895834642,False,False,False,False,True,True,True,True,MODEL_OUTPUT_GATE_B_WALK_GRAPH
WP_02623,45.72916668514671,9.357499976994111,097092,La Valletta Brianza,0.0538321400396607,25.921053744745223,False,False,False,False,True,True,True,True,MODEL_OUTPUT_GATE_B_WALK_GRAPH
WP_02624,45.72916668514671,9.358333310324085,097092,La Valletta Brianza,0.0176339603248082,25.674178182060007,False,False,False,False,True,True,True,True,MODEL_OUTPUT_GATE_B_WALK_GRAPH
WP_02625,45.72916668514671,9.359166643654053,097092,La Valletta Brianza,0.013676901251044,24.67516316451184,False,False,False,False,True,True,True,True,MODEL_OUTPUT_GATE_B_WALK_GRAPH
WP_02626,45.72916668514671,9.35999997698402,097092,La Valletta Brianza,0.0132038831569215,24.261831637156945,False,False,False,False,True,True,True,True,MODEL_OUTPUT_GATE_B_WALK_GRAPH
WP_02627,45.72916668514671,9.36083331031399,097092,La Valletta Brianza,0.0533664827179815,21.407563738572,False,False,False,False,True,True,True,True,MODEL_OUTPUT_GATE_B_WALK_GRAPH
WP_02628,45.72916668514671,9.36166664364396,097092,La Valletta Brianza,0.11923523957282,23.846573832312306,False,False,False,False,True,True,True,True,MODEL_OUTPUT_GATE_B_WALK_GRAPH
WP_02629,45.72916668514671,9.362499976973927,097092,La Valletta Brianza,0.1125705043764792,24.415205838240404,False,False,False,False,True,True,True,True,MODEL_OUTPUT_GATE_B_WALK_GRAPH
WP_02630,45.72916668514671,9.363333310303895,097092,La Valletta Brianza,0.0649027280854982,24.5567344731166,False,False,False,False,True,True,True,True,MODEL_OUTPUT_GATE_B_WALK_GRAPH
WP_02631,45.72916668514671,9.364166643633869,097092,La Valletta Brianza,0.0228892828139538,23.679932317890312,False,False,False,False,True,True,True,True,MODEL_OUTPUT_GATE_B_WALK_GRAPH
WP_02632,45.72916668514671,9.364999976963835,097092,La Valletta Brianza,0.0419966485560307,22.933680991988812,False,False,False,False,True,True,True,True,MODEL_OUTPUT_GATE_B_WALK_GRAPH
WP_02633,45.72916668514671,9.365833310293803,097092,La Valletta Brianza,0.0636457538825531,22.09669454962064,False,False,False,False,True,True,True,True,MODEL_OUTPUT_GATE_B_WALK_GRAPH
WP_02634,45.72916668514671,9.366666643623772,097092,La Valletta Brianza,0.0783442611192456,21.154854571897523,False,False,False,False,True,True,True,True,MODEL_OUTPUT_GATE_B_WALK_GRAPH
WP_02635,45.72916668514671,9.367499976953743,097092,La Valletta Brianza,0.1053525434279169,19.853719137312705,False,False,False,False,True,True,True,True,MODEL_OUTPUT_GATE_B_WALK_GRAPH
WP_02636,45.72916668514671,9.368333310283711,097092,La Valletta Brianza,0.1070263750275874,21.16515736045052,False,False,False,False,True,True,True,True,MODEL_OUTPUT_GATE_B_WALK_GRAPH
WP_02637,45.72916668514671,9.36916664361368,097092,La Valletta Brianza,0.1048640232437216,22.62518725550028,False,False,False,False,True,True,True,True,MODEL_OUTPUT_GATE_B_WALK_GRAPH
WP_02638,45.72916668514671,9.369999976943651,097092,La Valletta Brianza,0.0840188914543295,27.314841609232047,False,False,False,False,True,True,True,True,MODEL_OUTPUT_GATE_B_WALK_GRAPH
WP_02639,45.72916668514671,9.37083331027362,097092,La Valletta Brianza,0.0814807401500601,27.285726620495595,False,False,False,False,True,True,True,True,MODEL_OUTPUT_GATE_B_WALK_GRAPH
WP_02640,45.72916668514671,9.37166664360359,097092,La Valletta Brianza,0.1010962399516403,27.61054480528346,False,False,False,False,True,True,True,True,MODEL_OUTPUT_GATE_B_WALK_GRAPH
WP_02641,45.72916668514671,9.372499976933558,097092,La Valletta Brianza,0.154144716051423,18.153053412558325,False,False,False,False,True,True,True,True,MODEL_OUTPUT_GATE_B_WALK_GRAPH
WP_02642,45.72916668514671,9.373333310263527,097092,La Valletta Brianza,0.089083192002528,16.869155037796038,False,False,False,False,True,True,True,True,MODEL_OUTPUT_GATE_B_WALK_GRAPH
WP_02643,45.72916668514671,9.374166643593496,097092,La Valletta Brianza,0.1650717317637987,15.26276054339062,False,False,False,False,True,True,True,True,MODEL_OUTPUT_GATE_B_WALK_GRAPH
WP_02644,45.72916668514671,9.374999976923466,097092,La Valletta Brianza,0.2976736885573358,15.526597971937957,False,False,False,False,True,True,True,True,MODEL_OUTPUT_GATE_B_WALK_GRAPH
WP_02645,45.72916668514671,9.375833310253434,097092,La Valletta Brianza,0.2369703792543588,16.44358832942171,False,False,False,False,True,True,True,True,MODEL_OUTPUT_GATE_B_WALK_GRAPH
WP_02646,45.72916668514671,9.376666643583404,097092,La Valletta Brianza,0.3239121254033686,15.372739141470635,False,False,False,False,True,True,True,True,MODEL_OUTPUT_GATE_B_WALK_GRAPH
WP_02647,45.72916668514671,9.377499976913374,097092,La Valletta Brianza,0.5121790622861389,14.428971494545204,False,False,False,False,True,True,True,True,MODEL_OUTPUT_GATE_B_WALK_GRAPH
WP_02648,45.72916668514671,9.378333310243342,097092,La Valletta Brianza,0.3448973749069126,14.812343222365003,False,False,False,False,True,True,True,True,MODEL_OUTPUT_GATE_B_WALK_GRAPH
WP_02649,45.72916668514671,9.379166643573312,097092,La Valletta Brianza,0.342584781455084,15.270471072388071,False,False,False,False,True,True,True,True,MODEL_OUTPUT_GATE_B_WALK_GRAPH
WP_02650,45.72916668514671,9.37999997690328,097092,La Valletta Brianza,14.25187206338521,14.025196172780229,False,False,False,False,True,True,True,True,MODEL_OUTPUT_GATE_B_WALK_GRAPH
WP_02651,45.72916668514671,9.38083331023325,097092,La Valletta Brianza,13.80836035945109,13.251665748839985,False,False,False,False,True,True,True,True,MODEL_OUTPUT_GATE_B_WALK_GRAPH
WP_02652,45.72916668514671,9.381666643563218,097092,La Valletta Brianza,6.613956624468487,12.279121689287583,False,False,False,False,True,True,True,True,MODEL_OUTPUT_GATE_B_WALK_GRAPH
WP_02653,45.72916668514671,9.382499976893188,097092,La Valletta Brianza,13.25534051350742,11.572457011127051,False,False,False,True,True,True,True,False,MODEL_OUTPUT_GATE_B_WALK_GRAPH
WP_02654,45.72916668514671,9.383333310223158,097092,La Valletta Brianza,0.1912950340871406,10.845733930751996,False,False,False,True,True,True,True,False,MODEL_OUTPUT_GATE_B_WALK_GRAPH
WP_02655,45.72916668514671,9.384166643553126,097092,La Valletta Brianza,0.2341966215422749,10.033875050259912,False,False,False,True,True,True,True,False,MODEL_OUTPUT_GATE_B_WALK_GRAPH
WP_02656,45.72916668514671,9.384999976883096,097092,La Valletta Brianza,0.6634366625021708,9.932260747432302,False,False,True,True,True,True,False,False,MODEL_OUTPUT_GATE_B_WALK_GRAPH
WP_02657,45.72916668514671,9.385833310213064,097092,La Valletta Brianza,0.6150184181469422,9.025311018119982,False,False,True,True,True,True,False,False,MODEL_OUTPUT_GATE_B_WALK_GRAPH
WP_02658,45.72916668514671,9.386666643543034,097092,La Valletta Brianza,6.642670104126752,8.092765617222033,False,False,True,True,True,True,False,False,MODEL_OUTPUT_GATE_B_WALK_GRAPH
WP_02659,45.72916668514671,9.387499976873002,097092,La Valletta Brianza,7.058682599672415,8.403748727712609,False,False,True,True,True,True,False,False,MODEL_OUTPUT_GATE_B_WALK_GRAPH
WP_02660,45.72916668514671,9.388333310202972,097092,La Valletta Brianza,7.550463341308713,7.060251808253682,False,True,True,True,True,False,False,False,MODEL_OUTPUT_GATE_B_WALK_GRAPH
WP_02661,45.72916668514671,9.389166643532942,097058,Olgiate Molgora,0.0371278668233929,5.541952496044928,False,True,True,True,True,False,False,False,MODEL_OUTPUT_GATE_B_WALK_GRAPH
WP_02662,45.72916668514671,9.38999997686291,097058,Olgiate Molgora,0.0919628334706509,4.948496749698759,True,True,True,True,False,False,False,False,MODEL_OUTPUT_GATE_B_WALK_GRAPH
WP_02663,45.72916668514671,9.39083331019288,097058,Olgiate Molgora,7.462519816577581,3.625706424754636,True,True,True,True,False,False,False,False,MODEL_OUTPUT_GATE_B_WALK_GRAPH
WP_02664,45.72916668514671,9.391666643522848,097058,Olgiate Molgora,6.662543810729081,4.038621316104625,True,True,True,True,False,False,False,False,MODEL_OUTPUT_GATE_B_WALK_GRAPH
WP_02665,45.72916668514671,9.392499976852818,097058,Olgiate Molgora,0.0620584888273067,9.745232561526166,False,False,True,True,True,True,False,False,MODEL_OUTPUT_GATE_B_WALK_GRAPH
WP_02666,45.72916668514671,9.393333310182786,097058,Olgiate Molgora,0.0155941374140511,9.474708572652755,False,False,True,True,True,True,False,False,MODEL_OUTPUT_GATE_B_WALK_GRAPH
WP_02667,45.72916668514671,9.394166643512756,097058,Olgiate Molgora,0.029914621218513,9.496760352149348,False,False,True,True,True,True,False,False,MODEL_OUTPUT_GATE_B_WALK_GRAPH
WP_02668,45.72916668514671,9.394999976842726,097058,Olgiate Molgora,0.0698065888905862,8.70630460293025,False,False,True,True,True,True,False,False,MODEL_OUTPUT_GATE_B_WALK_GRAPH
WP_02669,45.72916668514671,9.395833310172694,097058,Olgiate Molgora,0.1038510271621316,7.695835291501531,False,True,True,True,True,False,False,False,MODEL_OUTPUT_GATE_B_WALK_GRAPH
WP_02670,45.72916668514671,9.396666643502664,097058,Olgiate Molgora,12.824128834619913,7.71395432948268,False,True,True,True,True,False,False,False,MODEL_OUTPUT_GATE_B_WALK_GRAPH
WP_02671,45.72916668514671,9.397499976832632,097058,Olgiate Molgora,0.3561224831870316,5.432165813027828,False,True,True,True,True,False,False,False,MODEL_OUTPUT_GATE_B_WALK_GRAPH
WP_02672,45.72916668514671,9.398333310162602,097058,Olgiate Molgora,0.441844910975216,4.579572931392621,True,True,True,True,False,False,False,False,MODEL_OUTPUT_GATE_B_WALK_GRAPH
WP_02673,45.72916668514671,9.39916664349257,097058,Olgiate Molgora,32.57029122151504,2.203439260607833,True,True,True,True,False,False,False,False,MODEL_OUTPUT_GATE_B_WALK_GRAPH
WP_02674,45.72916668514671,9.39999997682254,097058,Olgiate Molgora,33.28217556449768,0.8496561612846286,True,True,True,True,False,False,False,False,MODEL_OUTPUT_GATE_B_WALK_GRAPH
WP_02675,45.72916668514671,9.400833310152509,097058,Olgiate Molgora,32.974782515659186,2.2467178543545687,True,True,True,True,False,False,False,False,MODEL_OUTPUT_GATE_B_WALK_GRAPH
WP_02676,45.72916668514671,9.401666643482478,097058,Olgiate Molgora,26.83681776493801,2.4928327881214014,True,True,True,True,False,False,False,False,MODEL_OUTPUT_GATE_B_WALK_GRAPH
WP_02677,45.72916668514671,9.402499976812448,097058,Olgiate Molgora,25.08262132132936,3.000818383072616,True,True,True,True,False,False,False,False,MODEL_OUTPUT_GATE_B_WALK_GRAPH
WP_02678,45.72916668514671,9.403333310142417,097058,Olgiate Molgora,25.48985215293558,2.763408104639407,True,True,True,True,False,False,False,False,MODEL_OUTPUT_GATE_B_WALK_GRAPH
WP_02679,45.72916668514671,9.404166643472388,097058,Olgiate Molgora,28.25969963155988,0.3284165830059218,True,True,True,True,False,False,False,False,MODEL_OUTPUT_GATE_B_WALK_GRAPH
WP_02680,45.72916668514671,9.417499976751891,097012,Calco,30.968464549496915,1.1121913824064775,True,True,True,True,False,False,False,False,MODEL_OUTPUT_GATE_B_WALK_GRAPH
WP_02681,45.72916668514671,9.41833331008186,097012,Calco,34.061421174243634,2.6033451264825143,True,True,True,True,False,False,False,False,MODEL_OUTPUT_GATE_B_WALK_GRAPH
WP_02682,45.72916668514671,9.419166643411833,097012,Calco,30.6420690895142,3.421175352525168,True,True,True,True,False,False,False,False,MODEL_OUTPUT_GATE_B_WALK_GRAPH
WP_02683,45.72916668514671,9.4199999767418,097012,Calco,16.11666460564949,9.837400957808022,False,False,True,True,True,True,False,False,MODEL_OUTPUT_GATE_B_WALK_GRAPH
WP_02684,45.72916668514671,9.42083331007177,097012,Calco,0.3232900939154913,11.122986983528628,False,False,False,True,True,True,True,False,MODEL_OUTPUT_GATE_B_WALK_GRAPH
WP_02685,45.72916668514671,9.42166664340174,097012,Calco,0.3264264108254255,10.12124528657455,False,False,False,True,True,True,True,False,MODEL_OUTPUT_GATE_B_WALK_GRAPH
WP_02686,45.72916668514671,9.422499976731707,097012,Calco,0.1469531248310098,10.092716121728298,False,False,False,True,True,True,True,False,MODEL_OUTPUT_GATE_B_WALK_GRAPH
WP_02687,45.72916668514671,9.423333310061675,097012,Calco,0.0195746960296964,10.9313355901327,False,False,False,True,True,True,True,False,MODEL_OUTPUT_GATE_B_WALK_GRAPH
WP_02688,45.72916668514671,9.424166643391644,097012,Calco,0.0128083654561549,11.517293724245508,False,False,False,True,True,True,True,False,MODEL_OUTPUT_GATE_B_WALK_GRAPH
WP_02689,45.72916668514671,9.424999976721615,097012,Calco,0.012559727239407,13.804038282051849,False,False,False,False,True,True,True,True,MODEL_OUTPUT_GATE_B_WALK_GRAPH
WP_02690,45.72916668514671,9.425833310051583,097012,Calco,0.0124930257347338,14.282372755535617,False,False,False,False,True,True,True,True,MODEL_OUTPUT_GATE_B_WALK_GRAPH
WP_02691,45.72916668514671,9.426666643381552,097012,Calco,0.0137659425785846,15.082927196694085,False,False,False,False,True,True,True,True,MODEL_OUTPUT_GATE_B_WALK_GRAPH
WP_02692,45.72916668514671,9.427499976711523,097012,Calco,0.014237748498525,17.167127134639706,False,False,False,False,True,True,True,True,MODEL_OUTPUT_GATE_B_WALK_GRAPH
WP_02693,45.72916668514671,9.428333310041491,097012,Calco,0.0141036913428543,17.368312061535917,False,False,False,False,True,True,True,True,MODEL_OUTPUT_GATE_B_WALK_GRAPH
WP_02694,45.72916668514671,9.42916664337146,097012,Calco,0.0138332866955159,14.210495207309329,False,False,False,False,True,True,True,True,MODEL_OUTPUT_GATE_B_WALK_GRAPH
WP_02695,45.72916668514671,9.42999997670143,097012,Calco,0.0104039641355792,12.753584928115384,False,False,False,False,True,True,True,True,MODEL_OUTPUT_GATE_B_WALK_GRAPH
WP_02696,45.72916668514671,9.4308333100314,097010,Brivio,0.0036901320439651,12.094102459793518,False,False,False,False,True,True,True,True,MODEL_OUTPUT_GATE_B_WALK_GRAPH
WP_02697,45.72916668514671,9.431666643361368,097010,Brivio,0.0124140192386051,11.62029568513446,False,False,False,True,True,True,True,False,MODEL_OUTPUT_GATE_B_WALK_GRAPH
WP_02698,45.72916668514671,9.432499976691338,097010,Brivio,0.0156049034599618,12.33567590207868,False,False,False,False,True,True,True,True,MODEL_OUTPUT_GATE_B_WALK_GRAPH
WP_02699,45.72916668514671,9.433333310021307,097010,Brivio,0.0268898233935946,11.75575437394344,False,False,False,True,True,True,True,False,MODEL_OUTPUT_GATE_B_WALK_GRAPH
WP_02700,45.72916668514671,9.434166643351276,097012,Calco,0.3897397868560028,10.14346235919964,False,False,False,True,True,True,True,False,MODEL_OUTPUT_GATE_B_WALK_GRAPH
WP_02701,45.72916668514671,9.434999976681246,097012,Calco,13.34753119912942,9.245258255855422,False,False,True,True,True,True,False,False,MODEL_OUTPUT_GATE_B_WALK_GRAPH
WP_02702,45.72916668514671,9.435833310011214,097012,Calco,13.004491673024896,10.39116051188763,False,False,False,True,True,True,True,False,MODEL_OUTPUT_GATE_B_WALK_GRAPH
WP_02703,45.72916668514671,9.436666643341184,097012,Calco,2.8138346488315515,9.063959621997189,False,False,True,True,True,True,False,False,MODEL_OUTPUT_GATE_B_WALK_GRAPH
WP_02704,45.72916668514671,9.437499976671152,097012,Calco,0.0216753526608014,14.81313733098547,False,False,False,False,True,True,True,True,MODEL_OUTPUT_GATE_B_WALK_GRAPH
WP_02705,45.72916668514671,9.438333310001122,097012,Calco,0.042046169483065,16.030259296200562,False,False,False,False,True,True,True,True,MODEL_OUTPUT_GATE_B_WALK_GRAPH
WP_02706,45.72916668514671,9.439166643331092,097012,Calco,0.0795487078017224,16.492592573601435,False,False,False,False,True,True,True,True,MODEL_OUTPUT_GATE_B_WALK_GRAPH
WP_02707,45.72916668514671,9.43999997666106,097012,Calco,0.4367842768692167,9.348999152113906,False,False,True,True,True,True,False,False,MODEL_OUTPUT_GATE_B_WALK_GRAPH
WP_02708,45.72916668514671,9.44083330999103,097012,Calco,10.527438047356783,8.706560433726098,False,False,True,True,True,True,False,False,MODEL_OUTPUT_GATE_B_WALK_GRAPH
WP_02709,45.72916668514671,9.441666643320998,097012,Calco,11.478915250368903,8.205836717877629,False,False,True,True,True,True,False,False,MODEL_OUTPUT_GATE_B_WALK_GRAPH
WP_02710,45.72916668514671,9.442499976650968,097012,Calco,0.1711036930355124,8.972210605003712,False,False,True,True,True,True,False,False,MODEL_OUTPUT_GATE_B_WALK_GRAPH
WP_02711,45.72916668514671,9.443333309980936,097012,Calco,0.0426879018567476,11.603453270804328,False,False,False,True,True,True,True,False,MODEL_OUTPUT_GATE_B_WALK_GRAPH
WP_02712,45.72916668514671,9.444166643310906,097012,Calco,0.0131607880241812,10.833231784340343,False,False,False,True,True,True,True,False,MODEL_OUTPUT_GATE_B_WALK_GRAPH
WP_02713,45.72916668514671,9.444999976640874,097012,Calco,0.0121176165966884,11.077159814754893,False,False,False,True,True,True,True,False,MODEL_OUTPUT_GATE_B_WALK_GRAPH
WP_02714,45.72916668514671,9.445833309970844,097012,Calco,0.0397517701992962,18.77738334144415,False,False,False,False,True,True,True,True,MODEL_OUTPUT_GATE_B_WALK_GRAPH
WP_02715,45.72833335181673,9.34999997702439,097092,La Valletta Brianza,0.0319969513698355,45.28938493257122,False,False,False,False,True,True,True,True,MODEL_OUTPUT_GATE_B_WALK_GRAPH
WP_02716,45.72833335181673,9.35083331035436,097092,La Valletta Brianza,0.0526118094772525,34.831963505447895,False,False,False,False,True,True,True,True,MODEL_OUTPUT_GATE_B_WALK_GRAPH
WP_02717,45.72833335181673,9.351666643684329,097092,La Valletta Brianza,0.1234126831380646,34.73383640472043,False,False,False,False,True,True,True,True,MODEL_OUTPUT_GATE_B_WALK_GRAPH
WP_02718,45.72833335181673,9.3524999770143,097092,La Valletta Brianza,0.1839011068946829,34.64379053649042,False,False,False,False,True,True,True,True,MODEL_OUTPUT_GATE_B_WALK_GRAPH
WP_02719,45.72833335181673,9.353333310344269,097092,La Valletta Brianza,0.1793902651484215,31.871843972878683,False,False,False,False,True,True,True,True,MODEL_OUTPUT_GATE_B_WALK_GRAPH
WP_02720,45.72833335181673,9.354166643674237,097092,La Valletta Brianza,0.0799293556125953,30.2503090910134,False,False,False,False,True,True,True,True,MODEL_OUTPUT_GATE_B_WALK_GRAPH
WP_02721,45.72833335181673,9.354999977004203,097092,La Valletta Brianza,0.0342095767753844,29.02309943151067,False,False,False,False,True,True,True,True,MODEL_OUTPUT_GATE_B_WALK_GRAPH
WP_02722,45.72833335181673,9.355833310334177,097092,La Valletta Brianza,0.0364470596748367,28.19871420489659,False,False,False,False,True,True,True,True,MODEL_OUTPUT_GATE_B_WALK_GRAPH
WP_02723,45.72833335181673,9.356666643664145,097092,La Valletta Brianza,0.0372565475794963,28.066028300144048,False,False,False,False,True,True,True,True,MODEL_OUTPUT_GATE_B_WALK_GRAPH
WP_02724,45.72833335181673,9.357499976994111,097092,La Valletta Brianza,0.0501749148471005,26.164195552097727,False,False,False,False,True,True,True,True,MODEL_OUTPUT_GATE_B_WALK_GRAPH
WP_02725,45.72833335181673,9.358333310324085,097092,La Valletta Brianza,0.08176977663232,24.429232269124302,False,False,False,False,True,True,True,True,MODEL_OUTPUT_GATE_B_WALK_GRAPH
WP_02726,45.72833335181673,9.359166643654053,097092,La Valletta Brianza,0.0637707644916277,23.44997695451253,False,False,False,False,True,True,True,True,MODEL_OUTPUT_GATE_B_WALK_GRAPH
WP_02727,45.72833335181673,9.35999997698402,097092,La Valletta Brianza,0.079701432990984,23.83991658423915,False,False,False,False,True,True,True,True,MODEL_OUTPUT_GATE_B_WALK_GRAPH
WP_02728,45.72833335181673,9.36083331031399,097092,La Valletta Brianza,0.052754381067819,23.728930124137836,False,False,False,False,True,True,True,True,MODEL_OUTPUT_GATE_B_WALK_GRAPH
WP_02729,45.72833335181673,9.36166664364396,097092,La Valletta Brianza,0.0849446403221331,25.0694412711484,False,False,False,False,True,True,True,True,MODEL_OUTPUT_GATE_B_WALK_GRAPH
WP_02730,45.72833335181673,9.362499976973927,097092,La Valletta Brianza,0.0938529862545591,26.94623290371308,False,False,False,False,True,True,True,True,MODEL_OUTPUT_GATE_B_WALK_GRAPH
WP_02731,45.72833335181673,9.363333310303895,097092,La Valletta Brianza,0.0569481895211634,27.592298701317187,False,False,False,False,True,True,True,True,MODEL_OUTPUT_GATE_B_WALK_GRAPH
WP_02732,45.72833335181673,9.364166643633869,097092,La Valletta Brianza,0.0220894921764938,27.02589589879613,False,False,False,False,True,True,True,True,MODEL_OUTPUT_GATE_B_WALK_GRAPH
WP_02733,45.72833335181673,9.364999976963835,097092,La Valletta Brianza,0.0189638002630185,26.36651909392125,False,False,False,False,True,True,True,True,MODEL_OUTPUT_GATE_B_WALK_GRAPH
WP_02734,45.72833335181673,9.365833310293803,097092,La Valletta Brianza,0.0222582201704065,24.29077856656139,False,False,False,False,True,True,True,True,MODEL_OUTPUT_GATE_B_WALK_GRAPH
WP_02735,45.72833335181673,9.366666643623772,097092,La Valletta Brianza,0.0425774084466805,22.592215562578385,False,False,False,False,True,True,True,True,MODEL_OUTPUT_GATE_B_WALK_GRAPH
WP_02736,45.72833335181673,9.367499976953743,097092,La Valletta Brianza,0.0844746338815013,21.28359527859731,False,False,False,False,True,True,True,True,MODEL_OUTPUT_GATE_B_WALK_GRAPH
WP_02737,45.72833335181673,9.368333310283711,097092,La Valletta Brianza,0.0738508021399878,21.216381457232615,False,False,False,False,True,True,True,True,MODEL_OUTPUT_GATE_B_WALK_GRAPH
WP_02738,45.72833335181673,9.36916664361368,097092,La Valletta Brianza,0.073645828060935,22.71720158971344,False,False,False,False,True,True,True,True,MODEL_OUTPUT_GATE_B_WALK_GRAPH
WP_02739,45.72833335181673,9.369999976943651,097092,La Valletta Brianza,0.0781740731374103,23.803325074901124,False,False,False,False,True,True,True,True,MODEL_OUTPUT_GATE_B_WALK_GRAPH
WP_02740,45.72833335181673,9.37083331027362,097092,La Valletta Brianza,0.101494282011053,25.533536483779613,False,False,False,False,True,True,True,True,MODEL_OUTPUT_GATE_B_WALK_GRAPH
WP_02741,45.72833335181673,9.37166664360359,097092,La Valletta Brianza,0.1602414474018277,26.772149686075405,False,False,False,False,True,True,True,True,MODEL_OUTPUT_GATE_B_WALK_GRAPH
WP_02742,45.72833335181673,9.372499976933558,097092,La Valletta Brianza,0.112839059901402,18.922240254870665,False,False,False,False,True,True,True,True,MODEL_OUTPUT_GATE_B_WALK_GRAPH
WP_02743,45.72833335181673,9.373333310263527,097092,La Valletta Brianza,0.1400064534760261,19.90840699664714,False,False,False,False,True,True,True,True,MODEL_OUTPUT_GATE_B_WALK_GRAPH
WP_02744,45.72833335181673,9.374166643593496,097092,La Valletta Brianza,0.1732895856616626,20.453993266430743,False,False,False,False,True,True,True,True,MODEL_OUTPUT_GATE_B_WALK_GRAPH
WP_02745,45.72833335181673,9.374999976923466,097092,La Valletta Brianza,0.6619932896533669,17.61392673348379,False,False,False,False,True,True,True,True,MODEL_OUTPUT_GATE_B_WALK_GRAPH
WP_02746,45.72833335181673,9.375833310253434,097092,La Valletta Brianza,0.3611893595723039,18.64075943015641,False,False,False,False,True,True,True,True,MODEL_OUTPUT_GATE_B_WALK_GRAPH
WP_02747,45.72833335181673,9.376666643583404,097092,La Valletta Brianza,0.3638783694408414,16.455420605085155,False,False,False,False,True,True,True,True,MODEL_OUTPUT_GATE_B_WALK_GRAPH
WP_02748,45.72833335181673,9.377499976913374,097092,La Valletta Brianza,0.6885834944815088,16.45687212277226,False,False,False,False,True,True,True,True,MODEL_OUTPUT_GATE_B_WALK_GRAPH
WP_02749,45.72833335181673,9.378333310243342,097092,La Valletta Brianza,0.6901450920800286,15.965001899001251,False,False,False,False,True,True,True,True,MODEL_OUTPUT_GATE_B_WALK_GRAPH
WP_02750,45.72833335181673,9.379166643573312,097092,La Valletta Brianza,0.6910448833221843,17.946895333143424,False,False,False,False,True,True,True,True,MODEL_OUTPUT_GATE_B_WALK_GRAPH
WP_02751,45.72833335181673,9.37999997690328,097092,La Valletta Brianza,0.6937771581849361,15.774255550446968,False,False,False,False,True,True,True,True,MODEL_OUTPUT_GATE_B_WALK_GRAPH
WP_02752,45.72833335181673,9.38083331023325,097092,La Valletta Brianza,0.3543570821938374,14.890816390024831,False,False,False,False,True,True,True,True,MODEL_OUTPUT_GATE_B_WALK_GRAPH
WP_02753,45.72833335181673,9.381666643563218,097092,La Valletta Brianza,0.2860128678353599,12.578496754226762,False,False,False,False,True,True,True,True,MODEL_OUTPUT_GATE_B_WALK_GRAPH
WP_02754,45.72833335181673,9.382499976893188,097092,La Valletta Brianza,0.2786967518302153,12.151532933147749,False,False,False,False,True,True,True,True,MODEL_OUTPUT_GATE_B_WALK_GRAPH
WP_02755,45.72833335181673,9.383333310223158,097092,La Valletta Brianza,0.2049976307829027,11.511555218000456,False,False,False,True,True,True,True,False,MODEL_OUTPUT_GATE_B_WALK_GRAPH
WP_02756,45.72833335181673,9.384166643553126,097092,La Valletta Brianza,0.1997768236420406,10.723999393735886,False,False,False,True,True,True,True,False,MODEL_OUTPUT_GATE_B_WALK_GRAPH
WP_02757,45.72833335181673,9.384999976883096,097092,La Valletta Brianza,0.270082274734441,9.985820194546726,False,False,True,True,True,True,False,False,MODEL_OUTPUT_GATE_B_WALK_GRAPH
WP_02758,45.72833335181673,9.385833310213064,097092,La Valletta Brianza,0.2612361462216098,8.641387790683902,False,False,True,True,True,True,False,False,MODEL_OUTPUT_GATE_B_WALK_GRAPH
WP_02759,45.72833335181673,9.386666643543034,097092,La Valletta Brianza,3.487249121460094,8.060334903227968,False,False,True,True,True,True,False,False,MODEL_OUTPUT_GATE_B_WALK_GRAPH
WP_02760,45.72833335181673,9.387499976873002,097092,La Valletta Brianza,6.664596298710421,9.736611589201786,False,False,True,True,True,True,False,False,MODEL_OUTPUT_GATE_B_WALK_GRAPH
WP_02761,45.72833335181673,9.388333310202972,097058,Olgiate Molgora,0.0489024647349609,10.029345741897766,False,False,False,True,True,True,True,False,MODEL_OUTPUT_GATE_B_WALK_GRAPH
WP_02762,45.72833335181673,9.389166643532942,097058,Olgiate Molgora,0.007590415587822,6.10411815455606,False,True,True,True,True,False,False,False,MODEL_OUTPUT_GATE_B_WALK_GRAPH
WP_02763,45.72833335181673,9.38999997686291,097058,Olgiate Molgora,0.0641338237842211,5.474330062829763,False,True,True,True,True,False,False,False,MODEL_OUTPUT_GATE_B_WALK_GRAPH
WP_02764,45.72833335181673,9.39083331019288,097058,Olgiate Molgora,0.115180442881253,5.203006021904199,False,True,True,True,True,False,False,False,MODEL_OUTPUT_GATE_B_WALK_GRAPH
WP_02765,45.72833335181673,9.391666643522848,097058,Olgiate Molgora,0.0698196658278918,5.812022037660813,False,True,True,True,True,False,False,False,MODEL_OUTPUT_GATE_B_WALK_GRAPH
WP_02766,45.72833335181673,9.392499976852818,097058,Olgiate Molgora,0.0339147610948843,8.01087632573805,False,False,True,True,True,True,False,False,MODEL_OUTPUT_GATE_B_WALK_GRAPH
WP_02767,45.72833335181673,9.393333310182786,097058,Olgiate Molgora,0.0110917352126057,8.711391983031062,False,False,True,True,True,True,False,False,MODEL_OUTPUT_GATE_B_WALK_GRAPH
WP_02768,45.72833335181673,9.394166643512756,097058,Olgiate Molgora,0.0257791059893402,9.991685814507656,False,False,True,True,True,True,False,False,MODEL_OUTPUT_GATE_B_WALK_GRAPH
WP_02769,45.72833335181673,9.394999976842726,097058,Olgiate Molgora,0.0414418292918103,13.701997508096865,False,False,False,False,True,True,True,True,MODEL_OUTPUT_GATE_B_WALK_GRAPH
WP_02770,45.72833335181673,9.395833310172694,097058,Olgiate Molgora,0.1180078267658228,12.961762817491488,False,False,False,False,True,True,True,True,MODEL_OUTPUT_GATE_B_WALK_GRAPH
WP_02771,45.72833335181673,9.396666643502664,097058,Olgiate Molgora,25.086946213116576,12.64429500903302,False,False,False,False,True,True,True,True,MODEL_OUTPUT_GATE_B_WALK_GRAPH
WP_02772,45.72833335181673,9.397499976832632,097058,Olgiate Molgora,28.94818775976322,8.690881732653422,False,False,True,True,True,True,False,False,MODEL_OUTPUT_GATE_B_WALK_GRAPH
WP_02773,45.72833335181673,9.398333310162602,097058,Olgiate Molgora,36.39270100141389,9.006933878259243,False,False,True,True,True,True,False,False,MODEL_OUTPUT_GATE_B_WALK_GRAPH
WP_02774,45.72833335181673,9.39916664349257,097058,Olgiate Molgora,30.98648082814276,3.0849561478611403,True,True,True,True,False,False,False,False,MODEL_OUTPUT_GATE_B_WALK_GRAPH
WP_02775,45.72833335181673,9.39999997682254,097058,Olgiate Molgora,36.243399033995686,2.010673246700215,True,True,True,True,False,False,False,False,MODEL_OUTPUT_GATE_B_WALK_GRAPH
WP_02776,45.72833335181673,9.400833310152509,097058,Olgiate Molgora,36.409940317567056,1.103623758783924,True,True,True,True,False,False,False,False,MODEL_OUTPUT_GATE_B_WALK_GRAPH
WP_02777,45.72833335181673,9.401666643482478,097058,Olgiate Molgora,30.568525319296644,2.161399294638346,True,True,True,True,False,False,False,False,MODEL_OUTPUT_GATE_B_WALK_GRAPH
WP_02778,45.72833335181673,9.402499976812448,097058,Olgiate Molgora,29.86987171840753,3.5875532263546366,True,True,True,True,False,False,False,False,MODEL_OUTPUT_GATE_B_WALK_GRAPH
WP_02779,45.72833335181673,9.403333310142417,097058,Olgiate Molgora,24.85029348179561,2.766233982702956,True,True,True,True,False,False,False,False,MODEL_OUTPUT_GATE_B_WALK_GRAPH
WP_02780,45.72833335181673,9.404166643472388,097058,Olgiate Molgora,26.685382535702253,1.6833737162696876,True,True,True,True,False,False,False,False,MODEL_OUTPUT_GATE_B_WALK_GRAPH
WP_02781,45.72833335181673,9.404999976802356,097058,Olgiate Molgora,25.58753031407513,2.010569981854605,True,True,True,True,False,False,False,False,MODEL_OUTPUT_GATE_B_WALK_GRAPH
WP_02782,45.72833335181673,9.407499976792264,097012,Calco,19.467147427173096,5.824914485876013,False,True,True,True,True,False,False,False,MODEL_OUTPUT_GATE_B_WALK_GRAPH
WP_02783,45.72833335181673,9.408333310122233,097012,Calco,19.889023758742518,6.033935400858508,False,True,True,True,True,False,False,False,MODEL_OUTPUT_GATE_B_WALK_GRAPH
WP_02784,45.72833335181673,9.417499976751891,097012,Calco,30.952344380433324,3.1787218563215727,True,True,True,True,False,False,False,False,MODEL_OUTPUT_GATE_B_WALK_GRAPH
WP_02785,45.72833335181673,9.41833331008186,097012,Calco,33.9447532644602,10.418929761779372,False,False,False,True,True,True,True,False,MODEL_OUTPUT_GATE_B_WALK_GRAPH
WP_02786,45.72833335181673,9.419166643411833,097012,Calco,30.633457267983893,9.50954267333277,False,False,True,True,True,True,False,False,MODEL_OUTPUT_GATE_B_WALK_GRAPH
WP_02787,45.72833335181673,9.4199999767418,097012,Calco,15.332367931359585,8.33031597831954,False,False,True,True,True,True,False,False,MODEL_OUTPUT_GATE_B_WALK_GRAPH
WP_02788,45.72833335181673,9.42083331007177,097012,Calco,12.583017755137876,8.967657081873124,False,False,True,True,True,True,False,False,MODEL_OUTPUT_GATE_B_WALK_GRAPH
WP_02789,45.72833335181673,9.42166664340174,097012,Calco,0.3186692438257852,8.770898215302418,False,False,True,True,True,True,False,False,MODEL_OUTPUT_GATE_B_WALK_GRAPH
WP_02790,45.72833335181673,9.422499976731707,097012,Calco,0.1498304327509835,9.913476964014558,False,False,True,True,True,True,False,False,MODEL_OUTPUT_GATE_B_WALK_GRAPH
WP_02791,45.72833335181673,9.423333310061675,097012,Calco,0.0368808488565344,11.299985740141828,False,False,False,True,True,True,True,False,MODEL_OUTPUT_GATE_B_WALK_GRAPH
WP_02792,45.72833335181673,9.424166643391644,097012,Calco,0.0716141732279353,11.774704699618018,False,False,False,True,True,True,True,False,MODEL_OUTPUT_GATE_B_WALK_GRAPH
WP_02793,45.72833335181673,9.424999976721615,097012,Calco,0.0362786124208725,15.446180304028209,False,False,False,False,True,True,True,True,MODEL_OUTPUT_GATE_B_WALK_GRAPH
WP_02794,45.72833335181673,9.425833310051583,097012,Calco,0.0165510504690261,14.31139432369685,False,False,False,False,True,True,True,True,MODEL_OUTPUT_GATE_B_WALK_GRAPH
WP_02795,45.72833335181673,9.426666643381552,097012,Calco,0.0474394263252885,15.097933526472634,False,False,False,False,True,True,True,True,MODEL_OUTPUT_GATE_B_WALK_GRAPH
WP_02796,45.72833335181673,9.427499976711523,097012,Calco,0.0534957206091382,16.023031133765144,False,False,False,False,True,True,True,True,MODEL_OUTPUT_GATE_B_WALK_GRAPH
WP_02797,45.72833335181673,9.428333310041491,097012,Calco,0.0539553234870686,17.299153716563254,False,False,False,False,True,True,True,True,MODEL_OUTPUT_GATE_B_WALK_GRAPH
WP_02798,45.72833335181673,9.42916664337146,097012,Calco,0.0494103082347202,19.32263011460769,False,False,False,False,True,True,True,True,MODEL_OUTPUT_GATE_B_WALK_GRAPH
WP_02799,45.72833335181673,9.42999997670143,097012,Calco,0.0171079300133282,20.171826398695053,False,False,False,False,True,True,True,True,MODEL_OUTPUT_GATE_B_WALK_GRAPH
WP_02800,45.72833335181673,9.4308333100314,097012,Calco,0.0106894924152548,12.213566046265946,False,False,False,False,True,True,True,True,MODEL_OUTPUT_GATE_B_WALK_GRAPH
WP_02801,45.72833335181673,9.431666643361368,097012,Calco,0.0185914152408022,11.928844885149449,False,False,False,True,True,True,True,False,MODEL_OUTPUT_GATE_B_WALK_GRAPH
WP_02802,45.72833335181673,9.432499976691338,097012,Calco,0.0641248008812311,10.214349924159896,False,False,False,True,True,True,True,False,MODEL_OUTPUT_GATE_B_WALK_GRAPH
WP_02803,45.72833335181673,9.433333310021307,097010,Brivio,0.1207483032207007,10.429463009907629,False,False,False,True,True,True,True,False,MODEL_OUTPUT_GATE_B_WALK_GRAPH
WP_02804,45.72833335181673,9.434166643351276,097012,Calco,0.2137582383728904,8.484090186454619,False,False,True,True,True,True,False,False,MODEL_OUTPUT_GATE_B_WALK_GRAPH
WP_02805,45.72833335181673,9.434999976681246,097012,Calco,0.3422787522816027,8.454329820962993,False,False,True,True,True,True,False,False,MODEL_OUTPUT_GATE_B_WALK_GRAPH
WP_02806,45.72833335181673,9.435833310011214,097012,Calco,5.61908658152492,7.6843723818859795,False,True,True,True,True,False,False,False,MODEL_OUTPUT_GATE_B_WALK_GRAPH
WP_02807,45.72833335181673,9.436666643341184,097012,Calco,9.220800820598496,8.495450242199816,False,False,True,True,True,True,False,False,MODEL_OUTPUT_GATE_B_WALK_GRAPH
WP_02808,45.72833335181673,9.437499976671152,097012,Calco,9.72045435263261,9.2390883294994,False,False,True,True,True,True,False,False,MODEL_OUTPUT_GATE_B_WALK_GRAPH
WP_02809,45.72833335181673,9.438333310001122,097012,Calco,0.1282921393985049,10.037586660178794,False,False,False,True,True,True,True,False,MODEL_OUTPUT_GATE_B_WALK_GRAPH
WP_02810,45.72833335181673,9.439166643331092,097012,Calco,0.0931051241819487,7.357197904153422,False,True,True,True,True,False,False,False,MODEL_OUTPUT_GATE_B_WALK_GRAPH
WP_02811,45.72833335181673,9.43999997666106,097012,Calco,0.4944159323580541,8.543724450266858,False,False,True,True,True,True,False,False,MODEL_OUTPUT_GATE_B_WALK_GRAPH
WP_02812,45.72833335181673,9.44083330999103,097012,Calco,16.877083047514454,7.785675031032891,False,True,True,True,True,False,False,False,MODEL_OUTPUT_GATE_B_WALK_GRAPH
WP_02813,45.72833335181673,9.441666643320998,097012,Calco,10.718580328324816,7.616377310059657,False,True,True,True,True,False,False,False,MODEL_OUTPUT_GATE_B_WALK_GRAPH
WP_02814,45.72833335181673,9.442499976650968,097012,Calco,0.2974459557068088,8.497266550111537,False,False,True,True,True,True,False,False,MODEL_OUTPUT_GATE_B_WALK_GRAPH
WP_02815,45.72833335181673,9.443333309980936,097012,Calco,0.1299417085879621,8.893370684700802,False,False,True,True,True,True,False,False,MODEL_OUTPUT_GATE_B_WALK_GRAPH
WP_02816,45.72833335181673,9.444166643310906,097012,Calco,0.0206820866660497,8.972663663644205,False,False,True,True,True,True,False,False,MODEL_OUTPUT_GATE_B_WALK_GRAPH
WP_02817,45.72833335181673,9.444999976640874,097012,Calco,0.0169522646085459,10.769455535176458,False,False,False,True,True,True,True,False,MODEL_OUTPUT_GATE_B_WALK_GRAPH
WP_02818,45.72833335181673,9.445833309970844,097012,Calco,0.0352558472280238,16.53365805548553,False,False,False,False,True,True,True,True,MODEL_OUTPUT_GATE_B_WALK_GRAPH
WP_02819,45.72833335181673,9.448333309960752,097012,Calco,0.0775321114448796,18.41492175776234,False,False,False,False,True,True,True,True,MODEL_OUTPUT_GATE_B_WALK_GRAPH
WP_02820,45.72750001848675,9.34999997702439,097092,La Valletta Brianza,0.0213474378924107,44.15434158334164,False,False,False,False,True,True,True,True,MODEL_OUTPUT_GATE_B_WALK_GRAPH
WP_02821,45.72750001848675,9.35083331035436,097092,La Valletta Brianza,0.0420830140387777,36.24331363093785,False,False,False,False,True,True,True,True,MODEL_OUTPUT_GATE_B_WALK_GRAPH
WP_02822,45.72750001848675,9.351666643684329,097092,La Valletta Brianza,0.0426797892429543,36.71331638782282,False,False,False,False,True,True,True,True,MODEL_OUTPUT_GATE_B_WALK_GRAPH
WP_02823,45.72750001848675,9.3524999770143,097092,La Valletta Brianza,0.1249751992266389,36.134206772374014,False,False,False,False,True,True,True,True,MODEL_OUTPUT_GATE_B_WALK_GRAPH
WP_02824,45.72750001848675,9.353333310344269,097092,La Valletta Brianza,0.1799058533716142,37.11382281604525,False,False,False,False,True,True,True,True,MODEL_OUTPUT_GATE_B_WALK_GRAPH
WP_02825,45.72750001848675,9.354166643674237,097092,La Valletta Brianza,0.1681912804182334,30.801308343132465,False,False,False,False,True,True,True,True,MODEL_OUTPUT_GATE_B_WALK_GRAPH
WP_02826,45.72750001848675,9.354999977004203,097092,La Valletta Brianza,0.0550904885504859,30.04669936454636,False,False,False,False,True,True,True,True,MODEL_OUTPUT_GATE_B_WALK_GRAPH
WP_02827,45.72750001848675,9.355833310334177,097092,La Valletta Brianza,0.0283791921184092,30.05494426693093,False,False,False,False,True,True,True,True,MODEL_OUTPUT_GATE_B_WALK_GRAPH
WP_02828,45.72750001848675,9.356666643664145,097092,La Valletta Brianza,0.0358593014383231,29.344057515231903,False,False,False,False,True,True,True,True,MODEL_OUTPUT_GATE_B_WALK_GRAPH
WP_02829,45.72750001848675,9.357499976994111,097092,La Valletta Brianza,0.0986810018090072,25.81819423051003,False,False,False,False,True,True,True,True,MODEL_OUTPUT_GATE_B_WALK_GRAPH
WP_02830,45.72750001848675,9.358333310324085,097092,La Valletta Brianza,0.1503935752507789,25.15320422432669,False,False,False,False,True,True,True,True,MODEL_OUTPUT_GATE_B_WALK_GRAPH
WP_02831,45.72750001848675,9.359166643654053,097092,La Valletta Brianza,0.107077433478459,24.566324794730527,False,False,False,False,True,True,True,True,MODEL_OUTPUT_GATE_B_WALK_GRAPH
WP_02832,45.72750001848675,9.35999997698402,097092,La Valletta Brianza,0.0432493524656622,24.55746568461961,False,False,False,False,True,True,True,True,MODEL_OUTPUT_GATE_B_WALK_GRAPH
WP_02833,45.72750001848675,9.36083331031399,097092,La Valletta Brianza,0.1230341418563038,24.54603625151272,False,False,False,False,True,True,True,True,MODEL_OUTPUT_GATE_B_WALK_GRAPH
WP_02834,45.72750001848675,9.36166664364396,097092,La Valletta Brianza,0.13883954613366,25.629558351582908,False,False,False,False,True,True,True,True,MODEL_OUTPUT_GATE_B_WALK_GRAPH
WP_02835,45.72750001848675,9.362499976973927,097092,La Valletta Brianza,0.1480238709098831,28.88921829083316,False,False,False,False,True,True,True,True,MODEL_OUTPUT_GATE_B_WALK_GRAPH
WP_02836,45.72750001848675,9.363333310303895,097092,La Valletta Brianza,0.1435723608793881,29.64867375400525,False,False,False,False,True,True,True,True,MODEL_OUTPUT_GATE_B_WALK_GRAPH
WP_02837,45.72750001848675,9.364166643633869,097092,La Valletta Brianza,0.1125988336257009,28.623848642982523,False,False,False,False,True,True,True,True,MODEL_OUTPUT_GATE_B_WALK_GRAPH
WP_02838,45.72750001848675,9.364999976963835,097092,La Valletta Brianza,0.0202258004572512,27.459177426805844,False,False,False,False,True,True,True,True,MODEL_OUTPUT_GATE_B_WALK_GRAPH
WP_02839,45.72750001848675,9.365833310293803,097092,La Valletta Brianza,0.0497215885971247,27.727755642297765,False,False,False,False,True,True,True,True,MODEL_OUTPUT_GATE_B_WALK_GRAPH
WP_02840,45.72750001848675,9.366666643623772,097092,La Valletta Brianza,0.1040154549581189,28.573590814450945,False,False,False,False,True,True,True,True,MODEL_OUTPUT_GATE_B_WALK_GRAPH
WP_02841,45.72750001848675,9.367499976953743,097092,La Valletta Brianza,0.0730818957306141,28.509082198739485,False,False,False,False,True,True,True,True,MODEL_OUTPUT_GATE_B_WALK_GRAPH
WP_02842,45.72750001848675,9.368333310283711,097092,La Valletta Brianza,0.045862083106045,22.808021965289758,False,False,False,False,True,True,True,True,MODEL_OUTPUT_GATE_B_WALK_GRAPH
WP_02843,45.72750001848675,9.36916664361368,097092,La Valletta Brianza,0.12953994400118,24.00302650305556,False,False,False,False,True,True,True,True,MODEL_OUTPUT_GATE_B_WALK_GRAPH
WP_02844,45.72750001848675,9.369999976943651,097092,La Valletta Brianza,0.1783183050018499,24.27056924566963,False,False,False,False,True,True,True,True,MODEL_OUTPUT_GATE_B_WALK_GRAPH
WP_02845,45.72750001848675,9.37083331027362,097092,La Valletta Brianza,0.2138060737858813,25.596551958768387,False,False,False,False,True,True,True,True,MODEL_OUTPUT_GATE_B_WALK_GRAPH
WP_02846,45.72750001848675,9.37166664360359,097092,La Valletta Brianza,0.57075432609423,20.72991916553534,False,False,False,False,True,True,True,True,MODEL_OUTPUT_GATE_B_WALK_GRAPH
WP_02847,45.72750001848675,9.372499976933558,097092,La Valletta Brianza,0.1876526178331102,20.2973378084436,False,False,False,False,True,True,True,True,MODEL_OUTPUT_GATE_B_WALK_GRAPH
WP_02848,45.72750001848675,9.373333310263527,097092,La Valletta Brianza,0.2118692935632632,20.995564912134363,False,False,False,False,True,True,True,True,MODEL_OUTPUT_GATE_B_WALK_GRAPH
WP_02849,45.72750001848675,9.374166643593496,097092,La Valletta Brianza,0.4264051968047769,19.28255066235524,False,False,False,False,True,True,True,True,MODEL_OUTPUT_GATE_B_WALK_GRAPH
WP_02850,45.72750001848675,9.374999976923466,097092,La Valletta Brianza,0.1860965448837249,19.208231453509885,False,False,False,False,True,True,True,True,MODEL_OUTPUT_GATE_B_WALK_GRAPH
WP_02851,45.72750001848675,9.375833310253434,097092,La Valletta Brianza,25.06364343031065,19.45980521483716,False,False,False,False,True,True,True,True,MODEL_OUTPUT_GATE_B_WALK_GRAPH
WP_02852,45.72750001848675,9.376666643583404,097092,La Valletta Brianza,0.2016316800353101,22.19665903385488,False,False,False,False,True,True,True,True,MODEL_OUTPUT_GATE_B_WALK_GRAPH
WP_02853,45.72750001848675,9.377499976913374,097092,La Valletta Brianza,0.234820317415776,23.025154976489,False,False,False,False,True,True,True,True,MODEL_OUTPUT_GATE_B_WALK_GRAPH
WP_02854,45.72750001848675,9.378333310243342,097092,La Valletta Brianza,0.4743184087180374,18.63994219470423,False,False,False,False,True,True,True,True,MODEL_OUTPUT_GATE_B_WALK_GRAPH
WP_02855,45.72750001848675,9.379166643573312,097092,La Valletta Brianza,25.36055205777892,18.30969115337,False,False,False,False,True,True,True,True,MODEL_OUTPUT_GATE_B_WALK_GRAPH
WP_02856,45.72750001848675,9.37999997690328,097092,La Valletta Brianza,26.270753658136908,16.496126829320566,False,False,False,False,True,True,True,True,MODEL_OUTPUT_GATE_B_WALK_GRAPH
WP_02857,45.72750001848675,9.38083331023325,097092,La Valletta Brianza,26.28646197664461,16.252716797679348,False,False,False,False,True,True,True,True,MODEL_OUTPUT_GATE_B_WALK_GRAPH
WP_02858,45.72750001848675,9.381666643563218,097092,La Valletta Brianza,26.379588862238982,15.283601614857938,False,False,False,False,True,True,True,True,MODEL_OUTPUT_GATE_B_WALK_GRAPH
WP_02859,45.72750001848675,9.382499976893188,097092,La Valletta Brianza,0.6954372946866282,15.80073615090203,False,False,False,False,True,True,True,True,MODEL_OUTPUT_GATE_B_WALK_GRAPH
WP_02860,45.72750001848675,9.383333310223158,097092,La Valletta Brianza,0.3517314344302611,16.549287167627135,False,False,False,False,True,True,True,True,MODEL_OUTPUT_GATE_B_WALK_GRAPH
WP_02861,45.72750001848675,9.384166643553126,097092,La Valletta Brianza,0.2192051502501786,17.373287315315398,False,False,False,False,True,True,True,True,MODEL_OUTPUT_GATE_B_WALK_GRAPH
WP_02862,45.72750001848675,9.384999976883096,097092,La Valletta Brianza,0.0707295535935118,11.385078206873764,False,False,False,True,True,True,True,False,MODEL_OUTPUT_GATE_B_WALK_GRAPH
WP_02863,45.72750001848675,9.385833310213064,097092,La Valletta Brianza,0.0924991113508527,35.48405322881515,False,False,False,False,True,True,True,True,MODEL_OUTPUT_GATE_B_WALK_GRAPH
WP_02864,45.72750001848675,9.386666643543034,097092,La Valletta Brianza,1.475361417238393,34.65237754329624,False,False,False,False,True,True,True,True,MODEL_OUTPUT_GATE_B_WALK_GRAPH
WP_02865,45.72750001848675,9.387499976873002,097092,La Valletta Brianza,1.6924175612281114,33.782453585037246,False,False,False,False,True,True,True,True,MODEL_OUTPUT_GATE_B_WALK_GRAPH
WP_02866,45.72750001848675,9.388333310202972,097092,La Valletta Brianza,0.0912612335157594,9.952320044464225,False,False,True,True,True,True,False,False,MODEL_OUTPUT_GATE_B_WALK_GRAPH
WP_02867,45.72750001848675,9.389166643532942,097058,Olgiate Molgora,0.0095719549615861,7.185250896258732,False,True,True,True,True,False,False,False,MODEL_OUTPUT_GATE_B_WALK_GRAPH
WP_02868,45.72750001848675,9.38999997686291,097058,Olgiate Molgora,0.0775967293214915,7.054389505019572,False,True,True,True,True,False,False,False,MODEL_OUTPUT_GATE_B_WALK_GRAPH
WP_02869,45.72750001848675,9.39083331019288,097058,Olgiate Molgora,0.1244232339366185,5.995086468417766,False,True,True,True,True,False,False,False,MODEL_OUTPUT_GATE_B_WALK_GRAPH
WP_02870,45.72750001848675,9.391666643522848,097058,Olgiate Molgora,0.1388074678104451,6.3339574351342005,False,True,True,True,True,False,False,False,MODEL_OUTPUT_GATE_B_WALK_GRAPH
WP_02871,45.72750001848675,9.392499976852818,097058,Olgiate Molgora,0.085622879786817,7.288660939768373,False,True,True,True,True,False,False,False,MODEL_OUTPUT_GATE_B_WALK_GRAPH
WP_02872,45.72750001848675,9.393333310182786,097058,Olgiate Molgora,0.0103186201332755,8.503118685877123,False,False,True,True,True,True,False,False,MODEL_OUTPUT_GATE_B_WALK_GRAPH
WP_02873,45.72750001848675,9.394166643512756,097058,Olgiate Molgora,0.0106474089417445,9.677051499101616,False,False,True,True,True,True,False,False,MODEL_OUTPUT_GATE_B_WALK_GRAPH
WP_02874,45.72750001848675,9.394999976842726,097058,Olgiate Molgora,0.0358347246791436,12.495902394936538,False,False,False,False,True,True,True,True,MODEL_OUTPUT_GATE_B_WALK_GRAPH
WP_02875,45.72750001848675,9.395833310172694,097058,Olgiate Molgora,0.07553846498971,11.89248735466503,False,False,False,True,True,True,True,False,MODEL_OUTPUT_GATE_B_WALK_GRAPH
WP_02876,45.72750001848675,9.396666643502664,097058,Olgiate Molgora,13.277632430946552,10.154239020318792,False,False,False,True,True,True,True,False,MODEL_OUTPUT_GATE_B_WALK_GRAPH
WP_02877,45.72750001848675,9.397499976832632,097058,Olgiate Molgora,28.798179725988803,7.36226985036784,False,True,True,True,True,False,False,False,MODEL_OUTPUT_GATE_B_WALK_GRAPH
WP_02878,45.72750001848675,9.398333310162602,097058,Olgiate Molgora,35.354877599969726,4.850658222010195,True,True,True,True,False,False,False,False,MODEL_OUTPUT_GATE_B_WALK_GRAPH
WP_02879,45.72750001848675,9.39916664349257,097058,Olgiate Molgora,29.869427367314024,3.491880075455215,True,True,True,True,False,False,False,False,MODEL_OUTPUT_GATE_B_WALK_GRAPH
WP_02880,45.72750001848675,9.39999997682254,097058,Olgiate Molgora,35.13234431292929,3.8090373860169695,True,True,True,True,False,False,False,False,MODEL_OUTPUT_GATE_B_WALK_GRAPH
WP_02881,45.72750001848675,9.400833310152509,097058,Olgiate Molgora,36.650059363986095,5.554575051090019,False,True,True,True,True,False,False,False,MODEL_OUTPUT_GATE_B_WALK_GRAPH
WP_02882,45.72750001848675,9.401666643482478,097058,Olgiate Molgora,38.10152844523809,2.751890662647466,True,True,True,True,False,False,False,False,MODEL_OUTPUT_GATE_B_WALK_GRAPH
WP_02883,45.72750001848675,9.402499976812448,097058,Olgiate Molgora,30.15292713065845,3.153573420974736,True,True,True,True,False,False,False,False,MODEL_OUTPUT_GATE_B_WALK_GRAPH
WP_02884,45.72750001848675,9.403333310142417,097058,Olgiate Molgora,27.8454100192352,3.7901900592887583,True,True,True,True,False,False,False,False,MODEL_OUTPUT_GATE_B_WALK_GRAPH
WP_02885,45.72750001848675,9.404166643472388,097012,Calco,23.014266277882346,3.458214009068796,True,True,True,True,False,False,False,False,MODEL_OUTPUT_GATE_B_WALK_GRAPH
WP_02886,45.72750001848675,9.404999976802356,097012,Calco,18.038644658142328,3.144237985596729,True,True,True,True,False,False,False,False,MODEL_OUTPUT_GATE_B_WALK_GRAPH
WP_02887,45.72750001848675,9.405833310132325,097012,Calco,17.539152260308086,3.6863771541292074,True,True,True,True,False,False,False,False,MODEL_OUTPUT_GATE_B_WALK_GRAPH
WP_02888,45.72750001848675,9.406666643462293,097012,Calco,18.437790100280655,4.195053540185048,True,True,True,True,False,False,False,False,MODEL_OUTPUT_GATE_B_WALK_GRAPH
WP_02889,45.72750001848675,9.407499976792264,097012,Calco,18.62994305544474,4.697903300652618,True,True,True,True,False,False,False,False,MODEL_OUTPUT_GATE_B_WALK_GRAPH
WP_02890,45.72750001848675,9.408333310122233,097012,Calco,17.78802614109606,4.392152601026061,True,True,True,True,False,False,False,False,MODEL_OUTPUT_GATE_B_WALK_GRAPH
WP_02891,45.72750001848675,9.4091666434522,097012,Calco,19.58340870510135,4.6802444246656565,True,True,True,True,False,False,False,False,MODEL_OUTPUT_GATE_B_WALK_GRAPH
WP_02892,45.72750001848675,9.40999997678217,097012,Calco,19.654839242814035,4.720420796120569,True,True,True,True,False,False,False,False,MODEL_OUTPUT_GATE_B_WALK_GRAPH
WP_02893,45.72750001848675,9.412499976772075,097012,Calco,10.530831145534185,5.236400270344824,False,True,True,True,True,False,False,False,MODEL_OUTPUT_GATE_B_WALK_GRAPH
WP_02894,45.72750001848675,9.417499976751891,097012,Calco,32.9530405986498,6.849986255610437,False,True,True,True,True,False,False,False,MODEL_OUTPUT_GATE_B_WALK_GRAPH
WP_02895,45.72750001848675,9.41833331008186,097012,Calco,31.20242803317217,7.326681741470212,False,True,True,True,True,False,False,False,MODEL_OUTPUT_GATE_B_WALK_GRAPH
WP_02896,45.72750001848675,9.419166643411833,097012,Calco,29.12273050075271,7.206562852999937,False,True,True,True,True,False,False,False,MODEL_OUTPUT_GATE_B_WALK_GRAPH
WP_02897,45.72750001848675,9.4199999767418,097012,Calco,13.49185513687195,6.826581113461712,False,True,True,True,True,False,False,False,MODEL_OUTPUT_GATE_B_WALK_GRAPH
WP_02898,45.72750001848675,9.42083331007177,097012,Calco,14.283245934128974,7.679355123753451,False,True,True,True,True,False,False,False,MODEL_OUTPUT_GATE_B_WALK_GRAPH
WP_02899,45.72750001848675,9.42166664340174,097012,Calco,0.3169048612462037,8.638362646049297,False,False,True,True,True,True,False,False,MODEL_OUTPUT_GATE_B_WALK_GRAPH
WP_02900,45.72750001848675,9.422499976731707,097012,Calco,0.3152967356042266,9.996313381350042,False,False,True,True,True,True,False,False,MODEL_OUTPUT_GATE_B_WALK_GRAPH
WP_02901,45.72750001848675,9.423333310061675,097012,Calco,0.1542267310495565,17.02968232014681,False,False,False,False,True,True,True,True,MODEL_OUTPUT_GATE_B_WALK_GRAPH
WP_02902,45.72750001848675,9.424166643391644,097012,Calco,0.3084679093408554,16.252927309629154,False,False,False,False,True,True,True,True,MODEL_OUTPUT_GATE_B_WALK_GRAPH
WP_02903,45.72750001848675,9.424999976721615,097012,Calco,0.1170813829875637,15.661536567458784,False,False,False,False,True,True,True,True,MODEL_OUTPUT_GATE_B_WALK_GRAPH
WP_02904,45.72750001848675,9.425833310051583,097012,Calco,0.0192434607173664,15.341925283017313,False,False,False,False,True,True,True,True,MODEL_OUTPUT_GATE_B_WALK_GRAPH
WP_02905,45.72750001848675,9.426666643381552,097012,Calco,0.081294141558307,16.396100764167123,False,False,False,False,True,True,True,True,MODEL_OUTPUT_GATE_B_WALK_GRAPH
WP_02906,45.72750001848675,9.427499976711523,097012,Calco,0.1379859354264932,18.26654622925715,False,False,False,False,True,True,True,True,MODEL_OUTPUT_GATE_B_WALK_GRAPH
WP_02907,45.72750001848675,9.428333310041491,097012,Calco,0.1987214278949242,18.318245646223144,False,False,False,False,True,True,True,True,MODEL_OUTPUT_GATE_B_WALK_GRAPH
WP_02908,45.72750001848675,9.42916664337146,097012,Calco,0.1636603185447025,20.51731741842141,False,False,False,False,True,True,True,True,MODEL_OUTPUT_GATE_B_WALK_GRAPH
WP_02909,45.72750001848675,9.42999997670143,097012,Calco,0.0647844242392704,20.561446642143785,False,False,False,False,True,True,True,True,MODEL_OUTPUT_GATE_B_WALK_GRAPH
WP_02910,45.72750001848675,9.4308333100314,097012,Calco,0.0200377871387819,22.0302203147442,False,False,False,False,True,True,True,True,MODEL_OUTPUT_GATE_B_WALK_GRAPH
WP_02911,45.72750001848675,9.431666643361368,097012,Calco,0.0119928344779438,22.555195476453736,False,False,False,False,True,True,True,True,MODEL_OUTPUT_GATE_B_WALK_GRAPH
WP_02912,45.72750001848675,9.432499976691338,097012,Calco,0.0191468760949651,12.748890645593589,False,False,False,False,True,True,True,True,MODEL_OUTPUT_GATE_B_WALK_GRAPH
WP_02913,45.72750001848675,9.433333310021307,097012,Calco,0.0375999682233367,12.272927276859532,False,False,False,False,True,True,True,True,MODEL_OUTPUT_GATE_B_WALK_GRAPH
WP_02914,45.72750001848675,9.434166643351276,097012,Calco,0.0436062936370814,13.349810203500466,False,False,False,False,True,True,True,True,MODEL_OUTPUT_GATE_B_WALK_GRAPH
WP_02915,45.72750001848675,9.434999976681246,097012,Calco,0.0629733385780343,7.788247378429212,False,True,True,True,True,False,False,False,MODEL_OUTPUT_GATE_B_WALK_GRAPH
WP_02916,45.72750001848675,9.435833310011214,097012,Calco,0.0647450304601215,7.427686749524401,False,True,True,True,True,False,False,False,MODEL_OUTPUT_GATE_B_WALK_GRAPH
WP_02917,45.72750001848675,9.436666643341184,097012,Calco,6.957039944756148,6.474305530497902,False,True,True,True,True,False,False,False,MODEL_OUTPUT_GATE_B_WALK_GRAPH
WP_02918,45.72750001848675,9.437499976671152,097012,Calco,17.075625690792815,5.88026397025309,False,True,True,True,True,False,False,False,MODEL_OUTPUT_GATE_B_WALK_GRAPH
WP_02919,45.72750001848675,9.438333310001122,097012,Calco,18.335182203979212,5.925916710814647,False,True,True,True,True,False,False,False,MODEL_OUTPUT_GATE_B_WALK_GRAPH
WP_02920,45.72750001848675,9.439166643331092,097012,Calco,0.6279307496464399,6.333347508131087,False,True,True,True,True,False,False,False,MODEL_OUTPUT_GATE_B_WALK_GRAPH
WP_02921,45.72750001848675,9.43999997666106,097012,Calco,0.6339282004201271,6.116535804149469,False,True,True,True,True,False,False,False,MODEL_OUTPUT_GATE_B_WALK_GRAPH
WP_02922,45.72750001848675,9.44083330999103,097012,Calco,0.620646228905847,6.711028928438662,False,True,True,True,True,False,False,False,MODEL_OUTPUT_GATE_B_WALK_GRAPH
WP_02923,45.72750001848675,9.441666643320998,097012,Calco,0.5833476688997192,6.145387210930431,False,True,True,True,True,False,False,False,MODEL_OUTPUT_GATE_B_WALK_GRAPH
WP_02924,45.72750001848675,9.442499976650968,097012,Calco,11.276659771417062,6.128740846691762,False,True,True,True,True,False,False,False,MODEL_OUTPUT_GATE_B_WALK_GRAPH
WP_02925,45.72750001848675,9.443333309980936,097012,Calco,0.1766235148335659,7.334768086321685,False,True,True,True,True,False,False,False,MODEL_OUTPUT_GATE_B_WALK_GRAPH
WP_02926,45.72750001848675,9.444166643310906,097012,Calco,0.0545511469819388,11.384043433236602,False,False,False,True,True,True,True,False,MODEL_OUTPUT_GATE_B_WALK_GRAPH
WP_02927,45.72750001848675,9.444999976640874,097012,Calco,0.0348780637200707,11.467926783605746,False,False,False,True,True,True,True,False,MODEL_OUTPUT_GATE_B_WALK_GRAPH
WP_02928,45.72750001848675,9.445833309970844,097012,Calco,0.0561244891757883,14.905978009397922,False,False,False,False,True,True,True,True,MODEL_OUTPUT_GATE_B_WALK_GRAPH
WP_02929,45.726666685156765,9.34916664369442,097092,La Valletta Brianza,0.118757652162036,44.47159306247372,False,False,False,False,True,True,True,True,MODEL_OUTPUT_GATE_B_WALK_GRAPH
WP_02930,45.726666685156765,9.34999997702439,097092,La Valletta Brianza,0.0191713327481376,43.42781693452101,False,False,False,False,True,True,True,True,MODEL_OUTPUT_GATE_B_WALK_GRAPH
WP_02931,45.726666685156765,9.35083331035436,097092,La Valletta Brianza,0.0337855291095001,37.711482333340925,False,False,False,False,True,True,True,True,MODEL_OUTPUT_GATE_B_WALK_GRAPH
WP_02932,45.726666685156765,9.351666643684329,097092,La Valletta Brianza,0.0518084733996377,37.28437628186772,False,False,False,False,True,True,True,True,MODEL_OUTPUT_GATE_B_WALK_GRAPH
WP_02933,45.726666685156765,9.3524999770143,097092,La Valletta Brianza,0.0228759047321323,37.60876934899928,False,False,False,False,True,True,True,True,MODEL_OUTPUT_GATE_B_WALK_GRAPH
WP_02934,45.726666685156765,9.353333310344269,097092,La Valletta Brianza,0.1149390640320085,38.172734570563456,False,False,False,False,True,True,True,True,MODEL_OUTPUT_GATE_B_WALK_GRAPH
WP_02935,45.726666685156765,9.354166643674237,097092,La Valletta Brianza,0.1774617924627152,38.68005837053367,False,False,False,False,True,True,True,True,MODEL_OUTPUT_GATE_B_WALK_GRAPH
WP_02936,45.726666685156765,9.354999977004203,097092,La Valletta Brianza,0.1374779737349436,45.63413119642762,False,False,False,False,True,True,True,True,MODEL_OUTPUT_GATE_B_WALK_GRAPH
WP_02937,45.726666685156765,9.355833310334177,097092,La Valletta Brianza,0.1154399015791003,45.90877532429742,False,False,False,False,True,True,True,True,MODEL_OUTPUT_GATE_B_WALK_GRAPH
WP_02938,45.726666685156765,9.356666643664145,097092,La Valletta Brianza,0.1164196974176547,46.23435209786514,False,False,False,False,True,True,True,True,MODEL_OUTPUT_GATE_B_WALK_GRAPH
WP_02939,45.726666685156765,9.357499976994111,097092,La Valletta Brianza,0.1687850773841359,38.88181358167249,False,False,False,False,True,True,True,True,MODEL_OUTPUT_GATE_B_WALK_GRAPH
WP_02940,45.726666685156765,9.358333310324085,097092,La Valletta Brianza,0.1455058921147981,38.14696608039903,False,False,False,False,True,True,True,True,MODEL_OUTPUT_GATE_B_WALK_GRAPH
WP_02941,45.726666685156765,9.359166643654053,097092,La Valletta Brianza,0.0495774062217609,37.48287392475128,False,False,False,False,True,True,True,True,MODEL_OUTPUT_GATE_B_WALK_GRAPH
WP_02942,45.726666685156765,9.35999997698402,097092,La Valletta Brianza,0.015586315268117,26.042534495047583,False,False,False,False,True,True,True,True,MODEL_OUTPUT_GATE_B_WALK_GRAPH
WP_02943,45.726666685156765,9.36083331031399,097092,La Valletta Brianza,0.0420880931516916,25.603656016200546,False,False,False,False,True,True,True,True,MODEL_OUTPUT_GATE_B_WALK_GRAPH
WP_02944,45.726666685156765,9.36166664364396,097092,La Valletta Brianza,0.0894989664035174,26.808176745920168,False,False,False,False,True,True,True,True,MODEL_OUTPUT_GATE_B_WALK_GRAPH
WP_02945,45.726666685156765,9.362499976973927,097092,La Valletta Brianza,0.0962227659938923,28.328755542911505,False,False,False,False,True,True,True,True,MODEL_OUTPUT_GATE_B_WALK_GRAPH
WP_02946,45.726666685156765,9.363333310303895,097092,La Valletta Brianza,0.1443226712923576,30.41683880305172,False,False,False,False,True,True,True,True,MODEL_OUTPUT_GATE_B_WALK_GRAPH
WP_02947,45.726666685156765,9.364166643633869,097092,La Valletta Brianza,0.1981815572140563,30.54715540140211,False,False,False,False,True,True,True,True,MODEL_OUTPUT_GATE_B_WALK_GRAPH
WP_02948,45.726666685156765,9.364999976963835,097092,La Valletta Brianza,0.1457960390104076,31.34693471415666,False,False,False,False,True,True,True,True,MODEL_OUTPUT_GATE_B_WALK_GRAPH
WP_02949,45.726666685156765,9.365833310293803,097092,La Valletta Brianza,0.1809234580992822,32.315555711647534,False,False,False,False,True,True,True,True,MODEL_OUTPUT_GATE_B_WALK_GRAPH
WP_02950,45.726666685156765,9.366666643623772,097092,La Valletta Brianza,0.1673219090183341,28.46566460501526,False,False,False,False,True,True,True,True,MODEL_OUTPUT_GATE_B_WALK_GRAPH
WP_02951,45.726666685156765,9.367499976953743,097092,La Valletta Brianza,0.0909614561833833,27.55008736442036,False,False,False,False,True,True,True,True,MODEL_OUTPUT_GATE_B_WALK_GRAPH
WP_02952,45.726666685156765,9.368333310283711,097092,La Valletta Brianza,0.0871314143452868,25.28656679972215,False,False,False,False,True,True,True,True,MODEL_OUTPUT_GATE_B_WALK_GRAPH
WP_02953,45.726666685156765,9.36916664361368,097092,La Valletta Brianza,0.2086785276575792,27.74810421147032,False,False,False,False,True,True,True,True,MODEL_OUTPUT_GATE_B_WALK_GRAPH
WP_02954,45.726666685156765,9.369999976943651,097092,La Valletta Brianza,0.2647551969233798,28.636431152175955,False,False,False,False,True,True,True,True,MODEL_OUTPUT_GATE_B_WALK_GRAPH
WP_02955,45.726666685156765,9.37083331027362,097092,La Valletta Brianza,0.5579150963409953,26.01541251793389,False,False,False,False,True,True,True,True,MODEL_OUTPUT_GATE_B_WALK_GRAPH
WP_02956,45.726666685156765,9.37166664360359,097092,La Valletta Brianza,0.760657930001476,25.912799658257228,False,False,False,False,True,True,True,True,MODEL_OUTPUT_GATE_B_WALK_GRAPH
WP_02957,45.726666685156765,9.372499976933558,097092,La Valletta Brianza,1.030233609489975,22.62749828636816,False,False,False,False,True,True,True,True,MODEL_OUTPUT_GATE_B_WALK_GRAPH
WP_02958,45.726666685156765,9.373333310263527,097092,La Valletta Brianza,0.4722790317854386,21.907564201598586,False,False,False,False,True,True,True,True,MODEL_OUTPUT_GATE_B_WALK_GRAPH
WP_02959,45.726666685156765,9.374166643593496,097092,La Valletta Brianza,0.4668698656393474,22.786995199376367,False,False,False,False,True,True,True,True,MODEL_OUTPUT_GATE_B_WALK_GRAPH
WP_02960,45.726666685156765,9.374999976923466,097092,La Valletta Brianza,0.1694628270827912,20.585679094647443,False,False,False,False,True,True,True,True,MODEL_OUTPUT_GATE_B_WALK_GRAPH
WP_02961,45.726666685156765,9.375833310253434,097092,La Valletta Brianza,10.507017353839668,20.61296733519943,False,False,False,False,True,True,True,True,MODEL_OUTPUT_GATE_B_WALK_GRAPH
WP_02962,45.726666685156765,9.376666643583404,097092,La Valletta Brianza,11.33972844329298,19.955239035324595,False,False,False,False,True,True,True,True,MODEL_OUTPUT_GATE_B_WALK_GRAPH
WP_02963,45.726666685156765,9.377499976913374,097092,La Valletta Brianza,9.836486054814774,19.185264869460845,False,False,False,False,True,True,True,True,MODEL_OUTPUT_GATE_B_WALK_GRAPH
WP_02964,45.726666685156765,9.378333310243342,097092,La Valletta Brianza,18.795903269555566,18.682271776106276,False,False,False,False,True,True,True,True,MODEL_OUTPUT_GATE_B_WALK_GRAPH
WP_02965,45.726666685156765,9.379166643573312,097092,La Valletta Brianza,18.85339866323557,19.05753137933508,False,False,False,False,True,True,True,True,MODEL_OUTPUT_GATE_B_WALK_GRAPH
WP_02966,45.726666685156765,9.37999997690328,097092,La Valletta Brianza,18.337078938112796,18.193190246779512,False,False,False,False,True,True,True,True,MODEL_OUTPUT_GATE_B_WALK_GRAPH
WP_02967,45.726666685156765,9.38083331023325,097092,La Valletta Brianza,17.757262652051704,18.266534341590884,False,False,False,False,True,True,True,True,MODEL_OUTPUT_GATE_B_WALK_GRAPH
WP_02968,45.726666685156765,9.381666643563218,097092,La Valletta Brianza,16.963320506868858,17.732716815283695,False,False,False,False,True,True,True,True,MODEL_OUTPUT_GATE_B_WALK_GRAPH
WP_02969,45.726666685156765,9.382499976893188,097092,La Valletta Brianza,14.596174119648667,16.64845243783555,False,False,False,False,True,True,True,True,MODEL_OUTPUT_GATE_B_WALK_GRAPH
WP_02970,45.726666685156765,9.383333310223158,097092,La Valletta Brianza,24.05300124110314,18.09849130198296,False,False,False,False,True,True,True,True,MODEL_OUTPUT_GATE_B_WALK_GRAPH
WP_02971,45.726666685156765,9.384166643553126,097092,La Valletta Brianza,7.872044311535866,18.795465449765395,False,False,False,False,True,True,True,True,MODEL_OUTPUT_GATE_B_WALK_GRAPH
WP_02972,45.726666685156765,9.384999976883096,097092,La Valletta Brianza,0.2274307907502964,24.93979724360569,False,False,False,False,True,True,True,True,MODEL_OUTPUT_GATE_B_WALK_GRAPH
WP_02973,45.726666685156765,9.385833310213064,097092,La Valletta Brianza,0.4602049179565015,24.935667826324483,False,False,False,False,True,True,True,True,MODEL_OUTPUT_GATE_B_WALK_GRAPH
WP_02974,45.726666685156765,9.386666643543034,097058,Olgiate Molgora,0.1695672927477713,31.235985222134897,False,False,False,False,True,True,True,True,MODEL_OUTPUT_GATE_B_WALK_GRAPH
WP_02975,45.726666685156765,9.387499976873002,097058,Olgiate Molgora,0.0988036676856352,30.863929132058253,False,False,False,False,True,True,True,True,MODEL_OUTPUT_GATE_B_WALK_GRAPH
WP_02976,45.726666685156765,9.388333310202972,097092,La Valletta Brianza,0.4353614344537072,31.666638184853326,False,False,False,False,True,True,True,True,MODEL_OUTPUT_GATE_B_WALK_GRAPH
WP_02977,45.726666685156765,9.389166643532942,097058,Olgiate Molgora,0.0866933793508378,8.176326060909542,False,False,True,True,True,True,False,False,MODEL_OUTPUT_GATE_B_WALK_GRAPH
WP_02978,45.726666685156765,9.38999997686291,097058,Olgiate Molgora,0.0256259263643325,8.08433102593568,False,False,True,True,True,True,False,False,MODEL_OUTPUT_GATE_B_WALK_GRAPH
WP_02979,45.726666685156765,9.39083331019288,097058,Olgiate Molgora,0.0870662118063469,8.643065894835077,False,False,True,True,True,True,False,False,MODEL_OUTPUT_GATE_B_WALK_GRAPH
WP_02980,45.726666685156765,9.391666643522848,097058,Olgiate Molgora,0.1428310457801565,7.940482821587254,False,True,True,True,True,False,False,False,MODEL_OUTPUT_GATE_B_WALK_GRAPH
WP_02981,45.726666685156765,9.392499976852818,097058,Olgiate Molgora,0.0840301044100811,8.730181277323918,False,False,True,True,True,True,False,False,MODEL_OUTPUT_GATE_B_WALK_GRAPH
WP_02982,45.726666685156765,9.393333310182786,097058,Olgiate Molgora,0.0218836091921306,9.85259882846325,False,False,True,True,True,True,False,False,MODEL_OUTPUT_GATE_B_WALK_GRAPH
WP_02983,45.726666685156765,9.394166643512756,097058,Olgiate Molgora,0.0094376414663906,12.999295108415154,False,False,False,False,True,True,True,True,MODEL_OUTPUT_GATE_B_WALK_GRAPH
WP_02984,45.726666685156765,9.394999976842726,097058,Olgiate Molgora,0.0298112082393311,12.236675861159856,False,False,False,False,True,True,True,True,MODEL_OUTPUT_GATE_B_WALK_GRAPH
WP_02985,45.726666685156765,9.395833310172694,097058,Olgiate Molgora,0.043396618128118,11.65669710011156,False,False,False,True,True,True,True,False,MODEL_OUTPUT_GATE_B_WALK_GRAPH
WP_02986,45.726666685156765,9.396666643502664,097058,Olgiate Molgora,0.1659857711559088,11.275118353334364,False,False,False,True,True,True,True,False,MODEL_OUTPUT_GATE_B_WALK_GRAPH
WP_02987,45.726666685156765,9.397499976832632,097058,Olgiate Molgora,0.3841172198860074,6.287630246625388,False,True,True,True,True,False,False,False,MODEL_OUTPUT_GATE_B_WALK_GRAPH
WP_02988,45.726666685156765,9.398333310162602,097058,Olgiate Molgora,0.4431719332722764,6.286362385757823,False,True,True,True,True,False,False,False,MODEL_OUTPUT_GATE_B_WALK_GRAPH
WP_02989,45.726666685156765,9.39916664349257,097058,Olgiate Molgora,29.94914696603889,4.476392584870556,True,True,True,True,False,False,False,False,MODEL_OUTPUT_GATE_B_WALK_GRAPH
WP_02990,45.726666685156765,9.39999997682254,097058,Olgiate Molgora,35.31082659071684,6.408006740258547,False,True,True,True,True,False,False,False,MODEL_OUTPUT_GATE_B_WALK_GRAPH
WP_02991,45.726666685156765,9.400833310152509,097058,Olgiate Molgora,37.04437953691362,5.697595151433442,False,True,True,True,True,False,False,False,MODEL_OUTPUT_GATE_B_WALK_GRAPH
WP_02992,45.726666685156765,9.401666643482478,097058,Olgiate Molgora,37.640310838614425,6.464405555536215,False,True,True,True,True,False,False,False,MODEL_OUTPUT_GATE_B_WALK_GRAPH
WP_02993,45.726666685156765,9.402499976812448,097058,Olgiate Molgora,37.616910858147904,5.940200427381369,False,True,True,True,True,False,False,False,MODEL_OUTPUT_GATE_B_WALK_GRAPH
WP_02994,45.726666685156765,9.403333310142417,097058,Olgiate Molgora,15.762923870957538,5.322376214674643,False,True,True,True,True,False,False,False,MODEL_OUTPUT_GATE_B_WALK_GRAPH
WP_02995,45.726666685156765,9.404166643472388,097012,Calco,21.76329627718962,5.1754053432142095,False,True,True,True,True,False,False,False,MODEL_OUTPUT_GATE_B_WALK_GRAPH
WP_02996,45.726666685156765,9.404999976802356,097012,Calco,22.174350464696463,4.062276985306374,True,True,True,True,False,False,False,False,MODEL_OUTPUT_GATE_B_WALK_GRAPH
WP_02997,45.726666685156765,9.405833310132325,097012,Calco,21.83545908969544,4.410618124696017,True,True,True,True,False,False,False,False,MODEL_OUTPUT_GATE_B_WALK_GRAPH
WP_02998,45.726666685156765,9.406666643462293,097012,Calco,18.96787606159208,4.921332330302867,True,True,True,True,False,False,False,False,MODEL_OUTPUT_GATE_B_WALK_GRAPH
WP_02999,45.726666685156765,9.407499976792264,097012,Calco,18.146774986236228,4.758138818620133,True,True,True,True,False,False,False,False,MODEL_OUTPUT_GATE_B_WALK_GRAPH
WP_03000,45.726666685156765,9.408333310122233,097012,Calco,18.64205258583718,3.383033420300912,True,True,True,True,False,False,False,False,MODEL_OUTPUT_GATE_B_WALK_GRAPH
WP_03001,45.726666685156765,9.4091666434522,097012,Calco,17.792173448565006,2.8993514375322,True,True,True,True,False,False,False,False,MODEL_OUTPUT_GATE_B_WALK_GRAPH
WP_03002,45.726666685156765,9.40999997678217,097012,Calco,20.388023473997045,4.82549619843198,True,True,True,True,False,False,False,False,MODEL_OUTPUT_GATE_B_WALK_GRAPH
WP_03003,45.726666685156765,9.411666643442109,097012,Calco,20.26737192184821,4.837870537187676,True,True,True,True,False,False,False,False,MODEL_OUTPUT_GATE_B_WALK_GRAPH
WP_03004,45.726666685156765,9.412499976772075,097012,Calco,19.49287996834839,4.43568172432347,True,True,True,True,False,False,False,False,MODEL_OUTPUT_GATE_B_WALK_GRAPH
WP_03005,45.726666685156765,9.414166643432017,097012,Calco,20.6737085049274,5.800993020138078,False,True,True,True,True,False,False,False,MODEL_OUTPUT_GATE_B_WALK_GRAPH
WP_03006,45.726666685156765,9.415833310091957,097012,Calco,35.068609472318144,4.957098033562772,True,True,True,True,False,False,False,False,MODEL_OUTPUT_GATE_B_WALK_GRAPH
WP_03007,45.726666685156765,9.416666643421925,097012,Calco,29.975958867205463,5.562068258200346,False,True,True,True,True,False,False,False,MODEL_OUTPUT_GATE_B_WALK_GRAPH
WP_03008,45.726666685156765,9.417499976751891,097012,Calco,29.94076243360001,6.170896616534973,False,True,True,True,True,False,False,False,MODEL_OUTPUT_GATE_B_WALK_GRAPH
WP_03009,45.726666685156765,9.41833331008186,097012,Calco,31.29637855167737,6.475160991347752,False,True,True,True,True,False,False,False,MODEL_OUTPUT_GATE_B_WALK_GRAPH
WP_03010,45.726666685156765,9.419166643411833,097012,Calco,28.74981365690761,6.31767500423982,False,True,True,True,True,False,False,False,MODEL_OUTPUT_GATE_B_WALK_GRAPH
WP_03011,45.726666685156765,9.4199999767418,097012,Calco,14.41437711471134,6.08592716009147,False,True,True,True,True,False,False,False,MODEL_OUTPUT_GATE_B_WALK_GRAPH
WP_03012,45.726666685156765,9.42083331007177,097012,Calco,14.848833724754504,7.949444356118283,False,True,True,True,True,False,False,False,MODEL_OUTPUT_GATE_B_WALK_GRAPH
WP_03013,45.726666685156765,9.42166664340174,097012,Calco,0.2025960173124013,8.783838239407006,False,False,True,True,True,True,False,False,MODEL_OUTPUT_GATE_B_WALK_GRAPH
WP_03014,45.726666685156765,9.422499976731707,097012,Calco,0.1254515954905929,9.793684948749725,False,False,True,True,True,True,False,False,MODEL_OUTPUT_GATE_B_WALK_GRAPH
WP_03015,45.726666685156765,9.423333310061675,097012,Calco,0.0412422582526605,11.08719228806726,False,False,False,True,True,True,True,False,MODEL_OUTPUT_GATE_B_WALK_GRAPH
WP_03016,45.726666685156765,9.424166643391644,097012,Calco,0.0944742573819452,13.439588964034208,False,False,False,False,True,True,True,True,MODEL_OUTPUT_GATE_B_WALK_GRAPH
WP_03017,45.726666685156765,9.424999976721615,097012,Calco,0.1109546188548501,14.001274901612714,False,False,False,False,True,True,True,True,MODEL_OUTPUT_GATE_B_WALK_GRAPH
WP_03018,45.726666685156765,9.425833310051583,097012,Calco,0.1386851371087401,13.8106919234077,False,False,False,False,True,True,True,True,MODEL_OUTPUT_GATE_B_WALK_GRAPH
WP_03019,45.726666685156765,9.426666643381552,097012,Calco,0.1705355974357199,14.610121627642844,False,False,False,False,True,True,True,True,MODEL_OUTPUT_GATE_B_WALK_GRAPH
WP_03020,45.726666685156765,9.427499976711523,097012,Calco,0.4579594250914383,13.726528168428397,False,False,False,False,True,True,True,True,MODEL_OUTPUT_GATE_B_WALK_GRAPH
WP_03021,45.726666685156765,9.428333310041491,097012,Calco,28.197130100424676,13.593465463657608,False,False,False,False,True,True,True,True,MODEL_OUTPUT_GATE_B_WALK_GRAPH
WP_03022,45.726666685156765,9.42916664337146,097012,Calco,20.418193532927965,13.03984583976889,False,False,False,False,True,True,True,True,MODEL_OUTPUT_GATE_B_WALK_GRAPH
WP_03023,45.726666685156765,9.42999997670143,097012,Calco,0.1738597416700952,14.391907524043727,False,False,False,False,True,True,True,True,MODEL_OUTPUT_GATE_B_WALK_GRAPH
WP_03024,45.726666685156765,9.4308333100314,097012,Calco,0.0643119888888617,22.099878240820225,False,False,False,False,True,True,True,True,MODEL_OUTPUT_GATE_B_WALK_GRAPH
WP_03025,45.726666685156765,9.431666643361368,097012,Calco,0.0187562617622574,20.89937572303529,False,False,False,False,True,True,True,True,MODEL_OUTPUT_GATE_B_WALK_GRAPH
WP_03026,45.726666685156765,9.432499976691338,097012,Calco,0.0112227543113457,20.286280222109152,False,False,False,False,True,True,True,True,MODEL_OUTPUT_GATE_B_WALK_GRAPH
WP_03027,45.726666685156765,9.433333310021307,097012,Calco,0.0105816192375185,14.962923484301044,False,False,False,False,True,True,True,True,MODEL_OUTPUT_GATE_B_WALK_GRAPH
WP_03028,45.726666685156765,9.434166643351276,097012,Calco,0.0117549583687963,16.186351529230713,False,False,False,False,True,True,True,True,MODEL_OUTPUT_GATE_B_WALK_GRAPH
WP_03029,45.726666685156765,9.434999976681246,097012,Calco,0.051191082370056,17.219442429282388,False,False,False,False,True,True,True,True,MODEL_OUTPUT_GATE_B_WALK_GRAPH
WP_03030,45.726666685156765,9.435833310011214,097012,Calco,0.0626051514131364,7.44819167661745,False,True,True,True,True,False,False,False,MODEL_OUTPUT_GATE_B_WALK_GRAPH
WP_03031,45.726666685156765,9.436666643341184,097012,Calco,0.2130113186111658,6.571939054440409,False,True,True,True,True,False,False,False,MODEL_OUTPUT_GATE_B_WALK_GRAPH
WP_03032,45.726666685156765,9.437499976671152,097012,Calco,0.54127656276559,6.005590963644769,False,True,True,True,True,False,False,False,MODEL_OUTPUT_GATE_B_WALK_GRAPH
WP_03033,45.726666685156765,9.438333310001122,097012,Calco,19.81022997863989,4.968754192000655,True,True,True,True,False,False,False,False,MODEL_OUTPUT_GATE_B_WALK_GRAPH
WP_03034,45.726666685156765,9.439166643331092,097012,Calco,21.814407033027408,6.129676083610766,False,True,True,True,True,False,False,False,MODEL_OUTPUT_GATE_B_WALK_GRAPH
WP_03035,45.726666685156765,9.43999997666106,097012,Calco,25.247771887703784,4.829203106578897,True,True,True,True,False,False,False,False,MODEL_OUTPUT_GATE_B_WALK_GRAPH
WP_03036,45.726666685156765,9.44083330999103,097012,Calco,24.97672054175234,5.695152722916832,False,True,True,True,True,False,False,False,MODEL_OUTPUT_GATE_B_WALK_GRAPH
WP_03037,45.726666685156765,9.441666643320998,097012,Calco,22.807062882269523,5.791599939229167,False,True,True,True,True,False,False,False,MODEL_OUTPUT_GATE_B_WALK_GRAPH
WP_03038,45.726666685156765,9.442499976650968,097012,Calco,0.3251128718243785,4.582293724301717,True,True,True,True,False,False,False,False,MODEL_OUTPUT_GATE_B_WALK_GRAPH
WP_03039,45.726666685156765,9.443333309980936,097012,Calco,0.1726755292098646,5.381674311935191,False,True,True,True,True,False,False,False,MODEL_OUTPUT_GATE_B_WALK_GRAPH
WP_03040,45.726666685156765,9.444166643310906,097012,Calco,0.0647470077286081,5.263148104502423,False,True,True,True,True,False,False,False,MODEL_OUTPUT_GATE_B_WALK_GRAPH
WP_03041,45.726666685156765,9.444999976640874,097012,Calco,0.0448387349711487,13.205622015447872,False,False,False,False,True,True,True,True,MODEL_OUTPUT_GATE_B_WALK_GRAPH
WP_03042,45.726666685156765,9.445833309970844,097012,Calco,0.045068668228013,13.36154837883256,False,False,False,False,True,True,True,True,MODEL_OUTPUT_GATE_B_WALK_GRAPH
WP_03043,45.72583335182679,9.34916664369442,097092,La Valletta Brianza,0.1111731931184737,43.740004111951336,False,False,False,False,True,True,True,True,MODEL_OUTPUT_GATE_B_WALK_GRAPH
WP_03044,45.72583335182679,9.34999997702439,097092,La Valletta Brianza,0.0347075012010343,42.85345837604248,False,False,False,False,True,True,True,True,MODEL_OUTPUT_GATE_B_WALK_GRAPH
WP_03045,45.72583335182679,9.35083331035436,097092,La Valletta Brianza,0.0334742775058447,41.53598967683013,False,False,False,False,True,True,True,True,MODEL_OUTPUT_GATE_B_WALK_GRAPH
WP_03046,45.72583335182679,9.351666643684329,097092,La Valletta Brianza,0.0555053684518326,38.88321480042344,False,False,False,False,True,True,True,True,MODEL_OUTPUT_GATE_B_WALK_GRAPH
WP_03047,45.72583335182679,9.3524999770143,097092,La Valletta Brianza,0.1114333794168541,40.5671635084544,False,False,False,False,True,True,True,True,MODEL_OUTPUT_GATE_B_WALK_GRAPH
WP_03048,45.72583335182679,9.353333310344269,097092,La Valletta Brianza,0.1661532332398927,39.29655848792374,False,False,False,False,True,True,True,True,MODEL_OUTPUT_GATE_B_WALK_GRAPH
WP_03049,45.72583335182679,9.354166643674237,097092,La Valletta Brianza,0.0956223750919261,39.30797628306336,False,False,False,False,True,True,True,True,MODEL_OUTPUT_GATE_B_WALK_GRAPH
WP_03050,45.72583335182679,9.354999977004203,097092,La Valletta Brianza,0.1653264276850616,44.99027339106451,False,False,False,False,True,True,True,True,MODEL_OUTPUT_GATE_B_WALK_GRAPH
WP_03051,45.72583335182679,9.355833310334177,097092,La Valletta Brianza,0.1656722734626395,44.38628500341616,False,False,False,False,True,True,True,True,MODEL_OUTPUT_GATE_B_WALK_GRAPH
WP_03052,45.72583335182679,9.356666643664145,097092,La Valletta Brianza,0.1339235406028609,43.32074320461304,False,False,False,False,True,True,True,True,MODEL_OUTPUT_GATE_B_WALK_GRAPH
WP_03053,45.72583335182679,9.357499976994111,097092,La Valletta Brianza,0.1750654656190424,38.56093957840997,False,False,False,False,True,True,True,True,MODEL_OUTPUT_GATE_B_WALK_GRAPH
WP_03054,45.72583335182679,9.358333310324085,097092,La Valletta Brianza,0.097789442705326,37.47491653899055,False,False,False,False,True,True,True,True,MODEL_OUTPUT_GATE_B_WALK_GRAPH
WP_03055,45.72583335182679,9.359166643654053,097092,La Valletta Brianza,0.1384754539342509,36.52677514390307,False,False,False,False,True,True,True,True,MODEL_OUTPUT_GATE_B_WALK_GRAPH
WP_03056,45.72583335182679,9.35999997698402,097092,La Valletta Brianza,0.0435029448279789,36.41451521949556,False,False,False,False,True,True,True,True,MODEL_OUTPUT_GATE_B_WALK_GRAPH
WP_03057,45.72583335182679,9.36083331031399,097092,La Valletta Brianza,0.0240549186644905,28.91083328504025,False,False,False,False,True,True,True,True,MODEL_OUTPUT_GATE_B_WALK_GRAPH
WP_03058,45.72583335182679,9.36166664364396,097092,La Valletta Brianza,0.0292981876852702,31.62080740184255,False,False,False,False,True,True,True,True,MODEL_OUTPUT_GATE_B_WALK_GRAPH
WP_03059,45.72583335182679,9.362499976973927,097092,La Valletta Brianza,0.0744565737486172,30.77634865446707,False,False,False,False,True,True,True,True,MODEL_OUTPUT_GATE_B_WALK_GRAPH
WP_03060,45.72583335182679,9.363333310303895,097092,La Valletta Brianza,0.0866289248869774,31.07560945537109,False,False,False,False,True,True,True,True,MODEL_OUTPUT_GATE_B_WALK_GRAPH
WP_03061,45.72583335182679,9.364166643633869,097092,La Valletta Brianza,0.1267171910136456,33.53800300137107,False,False,False,False,True,True,True,True,MODEL_OUTPUT_GATE_B_WALK_GRAPH
WP_03062,45.72583335182679,9.364999976963835,097092,La Valletta Brianza,0.1538308255024614,33.486632166863615,False,False,False,False,True,True,True,True,MODEL_OUTPUT_GATE_B_WALK_GRAPH
WP_03063,45.72583335182679,9.365833310293803,097092,La Valletta Brianza,0.1742780865925256,33.00327347702675,False,False,False,False,True,True,True,True,MODEL_OUTPUT_GATE_B_WALK_GRAPH
WP_03064,45.72583335182679,9.366666643623772,097092,La Valletta Brianza,0.1184547286585026,32.97748613780146,False,False,False,False,True,True,True,True,MODEL_OUTPUT_GATE_B_WALK_GRAPH
WP_03065,45.72583335182679,9.367499976953743,097092,La Valletta Brianza,0.0329709552375231,32.86132182140609,False,False,False,False,True,True,True,True,MODEL_OUTPUT_GATE_B_WALK_GRAPH
WP_03066,45.72583335182679,9.368333310283711,097092,La Valletta Brianza,0.1390645213618125,28.330840529232248,False,False,False,False,True,True,True,True,MODEL_OUTPUT_GATE_B_WALK_GRAPH
WP_03067,45.72583335182679,9.36916664361368,097092,La Valletta Brianza,0.2922417657919811,30.7345766935812,False,False,False,False,True,True,True,True,MODEL_OUTPUT_GATE_B_WALK_GRAPH
WP_03068,45.72583335182679,9.369999976943651,097092,La Valletta Brianza,0.3340191625466922,28.91818718879712,False,False,False,False,True,True,True,True,MODEL_OUTPUT_GATE_B_WALK_GRAPH
WP_03069,45.72583335182679,9.37083331027362,097092,La Valletta Brianza,0.3194610951811111,27.932541524808503,False,False,False,False,True,True,True,True,MODEL_OUTPUT_GATE_B_WALK_GRAPH
WP_03070,45.72583335182679,9.37166664360359,097092,La Valletta Brianza,0.7697257025024109,25.958037544672717,False,False,False,False,True,True,True,True,MODEL_OUTPUT_GATE_B_WALK_GRAPH
WP_03071,45.72583335182679,9.372499976933558,097092,La Valletta Brianza,0.9700091762256204,24.81452122527144,False,False,False,False,True,True,True,True,MODEL_OUTPUT_GATE_B_WALK_GRAPH
WP_03072,45.72583335182679,9.373333310263527,097092,La Valletta Brianza,0.9188632631667198,24.28938382284714,False,False,False,False,True,True,True,True,MODEL_OUTPUT_GATE_B_WALK_GRAPH
WP_03073,45.72583335182679,9.374166643593496,097092,La Valletta Brianza,1.0221003389299763,22.49225644275569,False,False,False,False,True,True,True,True,MODEL_OUTPUT_GATE_B_WALK_GRAPH
WP_03074,45.72583335182679,9.374999976923466,097092,La Valletta Brianza,10.006139228679778,21.19623911448919,False,False,False,False,True,True,True,True,MODEL_OUTPUT_GATE_B_WALK_GRAPH
WP_03075,45.72583335182679,9.375833310253434,097092,La Valletta Brianza,8.023132470900032,21.7768103963225,False,False,False,False,True,True,True,True,MODEL_OUTPUT_GATE_B_WALK_GRAPH
WP_03076,45.72583335182679,9.376666643583404,097092,La Valletta Brianza,0.1200414407910529,21.96441382063552,False,False,False,False,True,True,True,True,MODEL_OUTPUT_GATE_B_WALK_GRAPH
WP_03077,45.72583335182679,9.377499976913374,097092,La Valletta Brianza,0.1180445748682951,21.05821457181112,False,False,False,False,True,True,True,True,MODEL_OUTPUT_GATE_B_WALK_GRAPH
WP_03078,45.72583335182679,9.378333310243342,097092,La Valletta Brianza,0.1808811664303498,21.528614035662027,False,False,False,False,True,True,True,True,MODEL_OUTPUT_GATE_B_WALK_GRAPH
WP_03079,45.72583335182679,9.379166643573312,097092,La Valletta Brianza,0.1798736239668621,21.14209800778093,False,False,False,False,True,True,True,True,MODEL_OUTPUT_GATE_B_WALK_GRAPH
WP_03080,45.72583335182679,9.37999997690328,097092,La Valletta Brianza,0.2500741341433215,20.66580311187933,False,False,False,False,True,True,True,True,MODEL_OUTPUT_GATE_B_WALK_GRAPH
WP_03081,45.72583335182679,9.38083331023325,097092,La Valletta Brianza,17.826142716249805,19.831982018643025,False,False,False,False,True,True,True,True,MODEL_OUTPUT_GATE_B_WALK_GRAPH
WP_03082,45.72583335182679,9.381666643563218,097092,La Valletta Brianza,0.4217700847250072,20.31585742220875,False,False,False,False,True,True,True,True,MODEL_OUTPUT_GATE_B_WALK_GRAPH
WP_03083,45.72583335182679,9.382499976893188,097092,La Valletta Brianza,18.08217848145266,19.725400677478746,False,False,False,False,True,True,True,True,MODEL_OUTPUT_GATE_B_WALK_GRAPH
WP_03084,45.72583335182679,9.383333310223158,097092,La Valletta Brianza,0.4986115110460181,20.677032817479237,False,False,False,False,True,True,True,True,MODEL_OUTPUT_GATE_B_WALK_GRAPH
WP_03085,45.72583335182679,9.384166643553126,097092,La Valletta Brianza,18.649065936999367,18.59078107935247,False,False,False,False,True,True,True,True,MODEL_OUTPUT_GATE_B_WALK_GRAPH
WP_03086,45.72583335182679,9.384999976883096,097092,La Valletta Brianza,17.80733554938591,24.30244019004553,False,False,False,False,True,True,True,True,MODEL_OUTPUT_GATE_B_WALK_GRAPH
WP_03087,45.72583335182679,9.385833310213064,097092,La Valletta Brianza,17.019022569280445,23.478993555395693,False,False,False,False,True,True,True,True,MODEL_OUTPUT_GATE_B_WALK_GRAPH
WP_03088,45.72583335182679,9.386666643543034,097058,Olgiate Molgora,0.1717824288432147,23.847010771776688,False,False,False,False,True,True,True,True,MODEL_OUTPUT_GATE_B_WALK_GRAPH
WP_03089,45.72583335182679,9.387499976873002,097058,Olgiate Molgora,0.1708979042154758,28.865201046832595,False,False,False,False,True,True,True,True,MODEL_OUTPUT_GATE_B_WALK_GRAPH
WP_03090,45.72583335182679,9.388333310202972,097058,Olgiate Molgora,0.0975349547018249,29.19319526834501,False,False,False,False,True,True,True,True,MODEL_OUTPUT_GATE_B_WALK_GRAPH
WP_03091,45.72583335182679,9.389166643532942,097058,Olgiate Molgora,0.0297445934528232,29.22736665704986,False,False,False,False,True,True,True,True,MODEL_OUTPUT_GATE_B_WALK_GRAPH
WP_03092,45.72583335182679,9.38999997686291,097058,Olgiate Molgora,0.0178709090572196,9.190657705833935,False,False,True,True,True,True,False,False,MODEL_OUTPUT_GATE_B_WALK_GRAPH
WP_03093,45.72583335182679,9.39083331019288,097058,Olgiate Molgora,0.0861664332033707,9.511510880472215,False,False,True,True,True,True,False,False,MODEL_OUTPUT_GATE_B_WALK_GRAPH
WP_03094,45.72583335182679,9.391666643522848,097058,Olgiate Molgora,0.1395243163883005,9.311385093965542,False,False,True,True,True,True,False,False,MODEL_OUTPUT_GATE_B_WALK_GRAPH
WP_03095,45.72583335182679,9.392499976852818,097058,Olgiate Molgora,0.1399851717828834,9.409350702866076,False,False,True,True,True,True,False,False,MODEL_OUTPUT_GATE_B_WALK_GRAPH
WP_03096,45.72583335182679,9.393333310182786,097058,Olgiate Molgora,0.0961496451560879,10.458976364025547,False,False,False,True,True,True,True,False,MODEL_OUTPUT_GATE_B_WALK_GRAPH
WP_03097,45.72583335182679,9.394166643512756,097058,Olgiate Molgora,0.0146208074742316,11.216743999121489,False,False,False,True,True,True,True,False,MODEL_OUTPUT_GATE_B_WALK_GRAPH
WP_03098,45.72583335182679,9.394999976842726,097058,Olgiate Molgora,0.0398428868667444,12.00116015327474,False,False,False,False,True,True,True,True,MODEL_OUTPUT_GATE_B_WALK_GRAPH
WP_03099,45.72583335182679,9.395833310172694,097058,Olgiate Molgora,0.0748796241759318,11.216774780408208,False,False,False,True,True,True,True,False,MODEL_OUTPUT_GATE_B_WALK_GRAPH
WP_03100,45.72583335182679,9.396666643502664,097058,Olgiate Molgora,9.4705433495556,10.143416439380315,False,False,False,True,True,True,True,False,MODEL_OUTPUT_GATE_B_WALK_GRAPH
WP_03101,45.72583335182679,9.397499976832632,097058,Olgiate Molgora,21.831825917823533,6.4234484072355205,False,True,True,True,True,False,False,False,MODEL_OUTPUT_GATE_B_WALK_GRAPH
WP_03102,45.72583335182679,9.398333310162602,097058,Olgiate Molgora,25.469283969268357,5.983755604828498,False,True,True,True,True,False,False,False,MODEL_OUTPUT_GATE_B_WALK_GRAPH
WP_03103,45.72583335182679,9.39916664349257,097058,Olgiate Molgora,21.07012906412137,6.029001798818248,False,True,True,True,True,False,False,False,MODEL_OUTPUT_GATE_B_WALK_GRAPH
WP_03104,45.72583335182679,9.39999997682254,097058,Olgiate Molgora,35.40875328721378,7.011247549727346,False,True,True,True,True,False,False,False,MODEL_OUTPUT_GATE_B_WALK_GRAPH
WP_03105,45.72583335182679,9.400833310152509,097058,Olgiate Molgora,37.194540081020975,7.780078203523984,False,True,True,True,True,False,False,False,MODEL_OUTPUT_GATE_B_WALK_GRAPH
WP_03106,45.72583335182679,9.401666643482478,097058,Olgiate Molgora,43.1506221383831,7.336225759129553,False,True,True,True,True,False,False,False,MODEL_OUTPUT_GATE_B_WALK_GRAPH
WP_03107,45.72583335182679,9.402499976812448,097058,Olgiate Molgora,18.02635984763005,7.168337623265543,False,True,True,True,True,False,False,False,MODEL_OUTPUT_GATE_B_WALK_GRAPH
WP_03108,45.72583335182679,9.403333310142417,097058,Olgiate Molgora,14.047341725658958,5.087484147991893,False,True,True,True,True,False,False,False,MODEL_OUTPUT_GATE_B_WALK_GRAPH
WP_03109,45.72583335182679,9.404166643472388,097012,Calco,19.244783918619483,5.063296473943516,False,True,True,True,True,False,False,False,MODEL_OUTPUT_GATE_B_WALK_GRAPH
WP_03110,45.72583335182679,9.404999976802356,097012,Calco,19.70793253985443,5.1760485868407065,False,True,True,True,True,False,False,False,MODEL_OUTPUT_GATE_B_WALK_GRAPH
WP_03111,45.72583335182679,9.405833310132325,097012,Calco,19.396865919723368,4.5741649275033,True,True,True,True,False,False,False,False,MODEL_OUTPUT_GATE_B_WALK_GRAPH
WP_03112,45.72583335182679,9.406666643462293,097012,Calco,19.53577878543461,4.097646528261497,True,True,True,True,False,False,False,False,MODEL_OUTPUT_GATE_B_WALK_GRAPH
WP_03113,45.72583335182679,9.407499976792264,097012,Calco,19.05893291357603,4.130352897537478,True,True,True,True,False,False,False,False,MODEL_OUTPUT_GATE_B_WALK_GRAPH
WP_03114,45.72583335182679,9.408333310122233,097012,Calco,19.05452407939525,4.209687996454073,True,True,True,True,False,False,False,False,MODEL_OUTPUT_GATE_B_WALK_GRAPH
WP_03115,45.72583335182679,9.4091666434522,097012,Calco,18.41990336046036,1.9764585008886608,True,True,True,True,False,False,False,False,MODEL_OUTPUT_GATE_B_WALK_GRAPH
WP_03116,45.72583335182679,9.40999997678217,097012,Calco,17.949465736676252,2.094535624569388,True,True,True,True,False,False,False,False,MODEL_OUTPUT_GATE_B_WALK_GRAPH
WP_03117,45.72583335182679,9.41083331011214,097012,Calco,18.47521372910946,2.5611164120132863,True,True,True,True,False,False,False,False,MODEL_OUTPUT_GATE_B_WALK_GRAPH
WP_03118,45.72583335182679,9.411666643442109,097012,Calco,18.229381994524296,3.5722521016451294,True,True,True,True,False,False,False,False,MODEL_OUTPUT_GATE_B_WALK_GRAPH
WP_03119,45.72583335182679,9.412499976772075,097012,Calco,18.525420108705035,4.7749692334646685,True,True,True,True,False,False,False,False,MODEL_OUTPUT_GATE_B_WALK_GRAPH
WP_03120,45.72583335182679,9.413333310102049,097012,Calco,10.915018103390196,2.5280128235842563,True,True,True,True,False,False,False,False,MODEL_OUTPUT_GATE_B_WALK_GRAPH
WP_03121,45.72583335182679,9.414166643432017,097012,Calco,18.622453267871656,1.6999905610086896,True,True,True,True,False,False,False,False,MODEL_OUTPUT_GATE_B_WALK_GRAPH
WP_03122,45.72583335182679,9.414999976761983,097012,Calco,18.420439912036898,1.3311852904199744,True,True,True,True,False,False,False,False,MODEL_OUTPUT_GATE_B_WALK_GRAPH
WP_03123,45.72583335182679,9.415833310091957,097012,Calco,30.414274261699997,2.621841637295204,True,True,True,True,False,False,False,False,MODEL_OUTPUT_GATE_B_WALK_GRAPH
WP_03124,45.72583335182679,9.416666643421925,097012,Calco,29.946060458601025,5.930696242502522,False,True,True,True,True,False,False,False,MODEL_OUTPUT_GATE_B_WALK_GRAPH
WP_03125,45.72583335182679,9.417499976751891,097012,Calco,31.320550368927208,5.549707252379386,False,True,True,True,True,False,False,False,MODEL_OUTPUT_GATE_B_WALK_GRAPH
WP_03126,45.72583335182679,9.41833331008186,097012,Calco,31.66678473908887,4.651953399043186,True,True,True,True,False,False,False,False,MODEL_OUTPUT_GATE_B_WALK_GRAPH
WP_03127,45.72583335182679,9.419166643411833,097012,Calco,28.6470353464262,5.165790002587964,False,True,True,True,True,False,False,False,MODEL_OUTPUT_GATE_B_WALK_GRAPH
WP_03128,45.72583335182679,9.4199999767418,097012,Calco,16.006766019529774,7.853529471850748,False,True,True,True,True,False,False,False,MODEL_OUTPUT_GATE_B_WALK_GRAPH
WP_03129,45.72583335182679,9.42083331007177,097012,Calco,0.2154535483733385,7.810482525086198,False,True,True,True,True,False,False,False,MODEL_OUTPUT_GATE_B_WALK_GRAPH
WP_03130,45.72583335182679,9.42166664340174,097012,Calco,0.5559067677519628,9.326761551381942,False,False,True,True,True,True,False,False,MODEL_OUTPUT_GATE_B_WALK_GRAPH
WP_03131,45.72583335182679,9.422499976731707,097012,Calco,0.2125978849523986,10.537671104277692,False,False,False,True,True,True,True,False,MODEL_OUTPUT_GATE_B_WALK_GRAPH
WP_03132,45.72583335182679,9.423333310061675,097012,Calco,0.1535937151344525,10.985342345920184,False,False,False,True,True,True,True,False,MODEL_OUTPUT_GATE_B_WALK_GRAPH
WP_03133,45.72583335182679,9.424166643391644,097012,Calco,0.3010210153121392,11.860677645094164,False,False,False,True,True,True,True,False,MODEL_OUTPUT_GATE_B_WALK_GRAPH
WP_03134,45.72583335182679,9.424999976721615,097012,Calco,34.03001772159433,13.00725361192962,False,False,False,False,True,True,True,True,MODEL_OUTPUT_GATE_B_WALK_GRAPH
WP_03135,45.72583335182679,9.425833310051583,097012,Calco,0.4892472998068083,14.194996198747718,False,False,False,False,True,True,True,True,MODEL_OUTPUT_GATE_B_WALK_GRAPH
WP_03136,45.72583335182679,9.426666643381552,097012,Calco,0.3163597151426461,10.117103607368293,False,False,False,True,True,True,True,False,MODEL_OUTPUT_GATE_B_WALK_GRAPH
WP_03137,45.72583335182679,9.427499976711523,097012,Calco,0.456186421621255,10.6121601620165,False,False,False,True,True,True,True,False,MODEL_OUTPUT_GATE_B_WALK_GRAPH
WP_03138,45.72583335182679,9.428333310041491,097012,Calco,20.585449145125512,12.76752072128432,False,False,False,False,True,True,True,True,MODEL_OUTPUT_GATE_B_WALK_GRAPH
WP_03139,45.72583335182679,9.42916664337146,097012,Calco,18.01242280892554,12.76378101730102,False,False,False,False,True,True,True,True,MODEL_OUTPUT_GATE_B_WALK_GRAPH
WP_03140,45.72583335182679,9.42999997670143,097012,Calco,0.2584858047188251,13.486774591150663,False,False,False,False,True,True,True,True,MODEL_OUTPUT_GATE_B_WALK_GRAPH
WP_03141,45.72583335182679,9.4308333100314,097012,Calco,0.1213724115119078,14.53192238762692,False,False,False,False,True,True,True,True,MODEL_OUTPUT_GATE_B_WALK_GRAPH
WP_03142,45.72583335182679,9.431666643361368,097012,Calco,0.0265654770593611,15.22934614123867,False,False,False,False,True,True,True,True,MODEL_OUTPUT_GATE_B_WALK_GRAPH
WP_03143,45.72583335182679,9.432499976691338,097012,Calco,0.015596145130639,16.597758909719044,False,False,False,False,True,True,True,True,MODEL_OUTPUT_GATE_B_WALK_GRAPH
WP_03144,45.72583335182679,9.433333310021307,097012,Calco,0.0111367044106689,17.857853492661686,False,False,False,False,True,True,True,True,MODEL_OUTPUT_GATE_B_WALK_GRAPH
WP_03145,45.72583335182679,9.434166643351276,097012,Calco,0.0149392487553876,18.59405450757188,False,False,False,False,True,True,True,True,MODEL_OUTPUT_GATE_B_WALK_GRAPH
WP_03146,45.72583335182679,9.434999976681246,097012,Calco,0.0188088109677374,17.3974991224404,False,False,False,False,True,True,True,True,MODEL_OUTPUT_GATE_B_WALK_GRAPH
WP_03147,45.72583335182679,9.435833310011214,097012,Calco,0.059120532068385,18.536099281871635,False,False,False,False,True,True,True,True,MODEL_OUTPUT_GATE_B_WALK_GRAPH
WP_03148,45.72583335182679,9.436666643341184,097012,Calco,0.1309726431951081,7.298492112821834,False,True,True,True,True,False,False,False,MODEL_OUTPUT_GATE_B_WALK_GRAPH
WP_03149,45.72583335182679,9.437499976671152,097012,Calco,0.2006559610186764,7.020158476033957,False,True,True,True,True,False,False,False,MODEL_OUTPUT_GATE_B_WALK_GRAPH
WP_03150,45.72583335182679,9.438333310001122,097012,Calco,12.145626984114855,4.33758777444664,True,True,True,True,False,False,False,False,MODEL_OUTPUT_GATE_B_WALK_GRAPH
WP_03151,45.72583335182679,9.439166643331092,097012,Calco,23.113639679302597,3.1708885958682878,True,True,True,True,False,False,False,False,MODEL_OUTPUT_GATE_B_WALK_GRAPH
WP_03152,45.72583335182679,9.43999997666106,097012,Calco,24.54844777299221,3.952977028215163,True,True,True,True,False,False,False,False,MODEL_OUTPUT_GATE_B_WALK_GRAPH
WP_03153,45.72583335182679,9.44083330999103,097012,Calco,27.13052968249805,4.990780592261853,True,True,True,True,False,False,False,False,MODEL_OUTPUT_GATE_B_WALK_GRAPH
WP_03154,45.72583335182679,9.441666643320998,097012,Calco,23.19457291663493,4.62274523156975,True,True,True,True,False,False,False,False,MODEL_OUTPUT_GATE_B_WALK_GRAPH
WP_03155,45.72583335182679,9.442499976650968,097012,Calco,11.787405410571129,4.037979199172466,True,True,True,True,False,False,False,False,MODEL_OUTPUT_GATE_B_WALK_GRAPH
WP_03156,45.72583335182679,9.443333309980936,097012,Calco,0.1046152192690828,3.550172170595057,True,True,True,True,False,False,False,False,MODEL_OUTPUT_GATE_B_WALK_GRAPH
WP_03157,45.72583335182679,9.444166643310906,097012,Calco,12.060120403863657,4.249528148997439,True,True,True,True,False,False,False,False,MODEL_OUTPUT_GATE_B_WALK_GRAPH
WP_03158,45.72583335182679,9.444999976640874,097012,Calco,0.1233301050405335,5.846295480443663,False,True,True,True,True,False,False,False,MODEL_OUTPUT_GATE_B_WALK_GRAPH
WP_03159,45.72583335182679,9.445833309970844,097012,Calco,0.032267729886611,14.951094187340518,False,False,False,False,True,True,True,True,MODEL_OUTPUT_GATE_B_WALK_GRAPH
WP_03160,45.72583335182679,9.446666643300814,097012,Calco,0.0504172420978858,14.63762037407018,False,False,False,False,True,True,True,True,MODEL_OUTPUT_GATE_B_WALK_GRAPH
WP_03161,45.72500001849681,9.351666643684329,097092,La Valletta Brianza,0.0626054610796555,40.21236948758416,False,False,False,False,True,True,True,True,MODEL_OUTPUT_GATE_B_WALK_GRAPH
WP_03162,45.72500001849681,9.3524999770143,097092,La Valletta Brianza,0.0827580650766778,41.46676055991441,False,False,False,False,True,True,True,True,MODEL_OUTPUT_GATE_B_WALK_GRAPH
WP_03163,45.72500001849681,9.353333310344269,097092,La Valletta Brianza,0.1673906175579417,43.13208864535441,False,False,False,False,True,True,True,True,MODEL_OUTPUT_GATE_B_WALK_GRAPH
WP_03164,45.72500001849681,9.354166643674237,097092,La Valletta Brianza,0.1393036303697606,44.27257797474065,False,False,False,False,True,True,True,True,MODEL_OUTPUT_GATE_B_WALK_GRAPH
WP_03165,45.72500001849681,9.354999977004203,097092,La Valletta Brianza,0.1777274005941791,44.516725211239056,False,False,False,False,True,True,True,True,MODEL_OUTPUT_GATE_B_WALK_GRAPH
WP_03166,45.72500001849681,9.355833310334177,097092,La Valletta Brianza,0.1702668897271656,43.52444133542871,False,False,False,False,True,True,True,True,MODEL_OUTPUT_GATE_B_WALK_GRAPH
WP_03167,45.72500001849681,9.356666643664145,097092,La Valletta Brianza,0.1695280261678617,42.14397120632948,False,False,False,False,True,True,True,True,MODEL_OUTPUT_GATE_B_WALK_GRAPH
WP_03168,45.72500001849681,9.357499976994111,097092,La Valletta Brianza,0.1292503043314215,39.02551950615482,False,False,False,False,True,True,True,True,MODEL_OUTPUT_GATE_B_WALK_GRAPH
WP_03169,45.72500001849681,9.358333310324085,097092,La Valletta Brianza,0.1351155898968711,39.2005255809922,False,False,False,False,True,True,True,True,MODEL_OUTPUT_GATE_B_WALK_GRAPH
WP_03170,45.72500001849681,9.359166643654053,097092,La Valletta Brianza,0.1780134896829802,37.10227227827143,False,False,False,False,True,True,True,True,MODEL_OUTPUT_GATE_B_WALK_GRAPH
WP_03171,45.72500001849681,9.35999997698402,097092,La Valletta Brianza,0.1008723545736272,35.43258855445786,False,False,False,False,True,True,True,True,MODEL_OUTPUT_GATE_B_WALK_GRAPH
WP_03172,45.72500001849681,9.36083331031399,097092,La Valletta Brianza,0.0435661492816622,34.378374973097266,False,False,False,False,True,True,True,True,MODEL_OUTPUT_GATE_B_WALK_GRAPH
WP_03173,45.72500001849681,9.36166664364396,097092,La Valletta Brianza,0.0294461982449287,34.114246133181275,False,False,False,False,True,True,True,True,MODEL_OUTPUT_GATE_B_WALK_GRAPH
WP_03174,45.72500001849681,9.362499976973927,097092,La Valletta Brianza,0.0381822484664762,32.599202585454044,False,False,False,False,True,True,True,True,MODEL_OUTPUT_GATE_B_WALK_GRAPH
WP_03175,45.72500001849681,9.363333310303895,097092,La Valletta Brianza,0.0626226245057506,32.19865259453359,False,False,False,False,True,True,True,True,MODEL_OUTPUT_GATE_B_WALK_GRAPH
WP_03176,45.72500001849681,9.364166643633869,097092,La Valletta Brianza,0.0392956983167832,32.78852808245506,False,False,False,False,True,True,True,True,MODEL_OUTPUT_GATE_B_WALK_GRAPH
WP_03177,45.72500001849681,9.364999976963835,097092,La Valletta Brianza,0.1072520356960791,34.67720919191997,False,False,False,False,True,True,True,True,MODEL_OUTPUT_GATE_B_WALK_GRAPH
WP_03178,45.72500001849681,9.365833310293803,097092,La Valletta Brianza,0.2016653625735815,35.42555855413506,False,False,False,False,True,True,True,True,MODEL_OUTPUT_GATE_B_WALK_GRAPH
WP_03179,45.72500001849681,9.366666643623772,097092,La Valletta Brianza,0.1327708081667108,32.53273898070767,False,False,False,False,True,True,True,True,MODEL_OUTPUT_GATE_B_WALK_GRAPH
WP_03180,45.72500001849681,9.367499976953743,097092,La Valletta Brianza,0.1289446253577243,31.51996581978733,False,False,False,False,True,True,True,True,MODEL_OUTPUT_GATE_B_WALK_GRAPH
WP_03181,45.72500001849681,9.368333310283711,097092,La Valletta Brianza,0.2563025385828984,31.923369863426952,False,False,False,False,True,True,True,True,MODEL_OUTPUT_GATE_B_WALK_GRAPH
WP_03182,45.72500001849681,9.36916664361368,097092,La Valletta Brianza,0.2780634049567374,32.4466299639335,False,False,False,False,True,True,True,True,MODEL_OUTPUT_GATE_B_WALK_GRAPH
WP_03183,45.72500001849681,9.369999976943651,097092,La Valletta Brianza,0.2156925289787908,29.19356306241048,False,False,False,False,True,True,True,True,MODEL_OUTPUT_GATE_B_WALK_GRAPH
WP_03184,45.72500001849681,9.37083331027362,097092,La Valletta Brianza,0.1718010971297285,27.499897185635263,False,False,False,False,True,True,True,True,MODEL_OUTPUT_GATE_B_WALK_GRAPH
WP_03185,45.72500001849681,9.37166664360359,097092,La Valletta Brianza,0.2447662486617596,29.862389960440904,False,False,False,False,True,True,True,True,MODEL_OUTPUT_GATE_B_WALK_GRAPH
WP_03186,45.72500001849681,9.372499976933558,097092,La Valletta Brianza,0.167349491137586,27.73580626329236,False,False,False,False,True,True,True,True,MODEL_OUTPUT_GATE_B_WALK_GRAPH
WP_03187,45.72500001849681,9.373333310263527,097092,La Valletta Brianza,0.1536779174715789,28.31130622914252,False,False,False,False,True,True,True,True,MODEL_OUTPUT_GATE_B_WALK_GRAPH
WP_03188,45.72500001849681,9.374166643593496,097092,La Valletta Brianza,0.1509401453773063,23.902027815960448,False,False,False,False,True,True,True,True,MODEL_OUTPUT_GATE_B_WALK_GRAPH
WP_03189,45.72500001849681,9.374999976923466,097092,La Valletta Brianza,0.1495241901420728,23.49857756249266,False,False,False,False,True,True,True,True,MODEL_OUTPUT_GATE_B_WALK_GRAPH
WP_03190,45.72500001849681,9.375833310253434,097092,La Valletta Brianza,0.0462914189441467,22.64729785642433,False,False,False,False,True,True,True,True,MODEL_OUTPUT_GATE_B_WALK_GRAPH
WP_03191,45.72500001849681,9.376666643583404,097092,La Valletta Brianza,0.0206574359476911,22.77993275470413,False,False,False,False,True,True,True,True,MODEL_OUTPUT_GATE_B_WALK_GRAPH
WP_03192,45.72500001849681,9.377499976913374,097092,La Valletta Brianza,0.022290648352857,23.208568230657598,False,False,False,False,True,True,True,True,MODEL_OUTPUT_GATE_B_WALK_GRAPH
WP_03193,45.72500001849681,9.378333310243342,097092,La Valletta Brianza,0.0233614363964483,22.43579914028794,False,False,False,False,True,True,True,True,MODEL_OUTPUT_GATE_B_WALK_GRAPH
WP_03194,45.72500001849681,9.379166643573312,097092,La Valletta Brianza,0.043667673277512,23.59482555562732,False,False,False,False,True,True,True,True,MODEL_OUTPUT_GATE_B_WALK_GRAPH
WP_03195,45.72500001849681,9.37999997690328,097092,La Valletta Brianza,0.2534767148226441,22.88573291783624,False,False,False,False,True,True,True,True,MODEL_OUTPUT_GATE_B_WALK_GRAPH
WP_03196,45.72500001849681,9.38083331023325,097092,La Valletta Brianza,0.444161309452445,23.697442480627625,False,False,False,False,True,True,True,True,MODEL_OUTPUT_GATE_B_WALK_GRAPH
WP_03197,45.72500001849681,9.381666643563218,097092,La Valletta Brianza,0.4438659395014503,24.66537911256723,False,False,False,False,True,True,True,True,MODEL_OUTPUT_GATE_B_WALK_GRAPH
WP_03198,45.72500001849681,9.382499976893188,097092,La Valletta Brianza,0.4585936944774191,24.76031508497277,False,False,False,False,True,True,True,True,MODEL_OUTPUT_GATE_B_WALK_GRAPH
WP_03199,45.72500001849681,9.383333310223158,097092,La Valletta Brianza,0.4585626851564709,22.962906577809683,False,False,False,False,True,True,True,True,MODEL_OUTPUT_GATE_B_WALK_GRAPH
WP_03200,45.72500001849681,9.384166643553126,097092,La Valletta Brianza,0.4582887831969019,22.234100329847823,False,False,False,False,True,True,True,True,MODEL_OUTPUT_GATE_B_WALK_GRAPH
WP_03201,45.72500001849681,9.384999976883096,097092,La Valletta Brianza,0.441886470054503,22.34124024741466,False,False,False,False,True,True,True,True,MODEL_OUTPUT_GATE_B_WALK_GRAPH
WP_03202,45.72500001849681,9.385833310213064,097092,La Valletta Brianza,0.4411752023232578,23.467646686345255,False,False,False,False,True,True,True,True,MODEL_OUTPUT_GATE_B_WALK_GRAPH
WP_03203,45.72500001849681,9.386666643543034,097092,La Valletta Brianza,0.3377634489439437,24.12700216032243,False,False,False,False,True,True,True,True,MODEL_OUTPUT_GATE_B_WALK_GRAPH
WP_03204,45.72500001849681,9.387499976873002,097058,Olgiate Molgora,0.1702851710057295,28.74369642944911,False,False,False,False,True,True,True,True,MODEL_OUTPUT_GATE_B_WALK_GRAPH
WP_03205,45.72500001849681,9.388333310202972,097058,Olgiate Molgora,0.096096712243946,27.63784480996241,False,False,False,False,True,True,True,True,MODEL_OUTPUT_GATE_B_WALK_GRAPH
WP_03206,45.72500001849681,9.389166643532942,097058,Olgiate Molgora,0.0302245457358842,27.721322342305324,False,False,False,False,True,True,True,True,MODEL_OUTPUT_GATE_B_WALK_GRAPH
WP_03207,45.72500001849681,9.38999997686291,097058,Olgiate Molgora,0.0192603465169401,28.33490331640608,False,False,False,False,True,True,True,True,MODEL_OUTPUT_GATE_B_WALK_GRAPH
WP_03208,45.72500001849681,9.39083331019288,097058,Olgiate Molgora,0.0557186785632014,11.681473751401988,False,False,False,True,True,True,True,False,MODEL_OUTPUT_GATE_B_WALK_GRAPH
WP_03209,45.72500001849681,9.391666643522848,097058,Olgiate Molgora,0.101014229059479,11.006575837499875,False,False,False,True,True,True,True,False,MODEL_OUTPUT_GATE_B_WALK_GRAPH
WP_03210,45.72500001849681,9.392499976852818,097058,Olgiate Molgora,0.1624683839247352,10.480545634969069,False,False,False,True,True,True,True,False,MODEL_OUTPUT_GATE_B_WALK_GRAPH
WP_03211,45.72500001849681,9.393333310182786,097058,Olgiate Molgora,0.1251836232731067,10.955076004052016,False,False,False,True,True,True,True,False,MODEL_OUTPUT_GATE_B_WALK_GRAPH
WP_03212,45.72500001849681,9.394166643512756,097058,Olgiate Molgora,0.0332462302558529,12.285850699444165,False,False,False,False,True,True,True,True,MODEL_OUTPUT_GATE_B_WALK_GRAPH
WP_03213,45.72500001849681,9.394999976842726,097058,Olgiate Molgora,0.0721849292823238,11.869191807782364,False,False,False,True,True,True,True,False,MODEL_OUTPUT_GATE_B_WALK_GRAPH
WP_03214,45.72500001849681,9.395833310172694,097058,Olgiate Molgora,0.1184548256081652,11.042649430542593,False,False,False,True,True,True,True,False,MODEL_OUTPUT_GATE_B_WALK_GRAPH
WP_03215,45.72500001849681,9.396666643502664,097058,Olgiate Molgora,0.3281275993908982,10.36546467667496,False,False,False,True,True,True,True,False,MODEL_OUTPUT_GATE_B_WALK_GRAPH
WP_03216,45.72500001849681,9.397499976832632,097058,Olgiate Molgora,21.831825917823533,8.514890728695262,False,False,True,True,True,True,False,False,MODEL_OUTPUT_GATE_B_WALK_GRAPH
WP_03217,45.72500001849681,9.398333310162602,097058,Olgiate Molgora,25.4418998917092,7.237558663731245,False,True,True,True,True,False,False,False,MODEL_OUTPUT_GATE_B_WALK_GRAPH
WP_03218,45.72500001849681,9.39916664349257,097058,Olgiate Molgora,21.19694046453985,8.329980557228403,False,False,True,True,True,True,False,False,MODEL_OUTPUT_GATE_B_WALK_GRAPH
WP_03219,45.72500001849681,9.39999997682254,097058,Olgiate Molgora,25.3523141924336,7.863984490963419,False,True,True,True,True,False,False,False,MODEL_OUTPUT_GATE_B_WALK_GRAPH
WP_03220,45.72500001849681,9.400833310152509,097058,Olgiate Molgora,18.11439596660923,8.512910373458578,False,False,True,True,True,True,False,False,MODEL_OUTPUT_GATE_B_WALK_GRAPH
WP_03221,45.72500001849681,9.401666643482478,097058,Olgiate Molgora,17.868436339291645,8.445889607236722,False,False,True,True,True,True,False,False,MODEL_OUTPUT_GATE_B_WALK_GRAPH
WP_03222,45.72500001849681,9.402499976812448,097058,Olgiate Molgora,18.09818844875794,8.247737171650956,False,False,True,True,True,True,False,False,MODEL_OUTPUT_GATE_B_WALK_GRAPH
WP_03223,45.72500001849681,9.403333310142417,097058,Olgiate Molgora,13.852929649453555,8.292523783466065,False,False,True,True,True,True,False,False,MODEL_OUTPUT_GATE_B_WALK_GRAPH
WP_03224,45.72500001849681,9.404166643472388,097058,Olgiate Molgora,14.18929495444176,6.2986120667472765,False,True,True,True,True,False,False,False,MODEL_OUTPUT_GATE_B_WALK_GRAPH
WP_03225,45.72500001849681,9.404999976802356,097012,Calco,19.18599440106845,6.200840349601869,False,True,True,True,True,False,False,False,MODEL_OUTPUT_GATE_B_WALK_GRAPH
WP_03226,45.72500001849681,9.405833310132325,097012,Calco,19.123177372155176,6.23629145715139,False,True,True,True,True,False,False,False,MODEL_OUTPUT_GATE_B_WALK_GRAPH
WP_03227,45.72500001849681,9.406666643462293,097012,Calco,21.067748270743092,3.347046918689851,True,True,True,True,False,False,False,False,MODEL_OUTPUT_GATE_B_WALK_GRAPH
WP_03228,45.72500001849681,9.407499976792264,097012,Calco,20.20601438071388,2.5733858175812028,True,True,True,True,False,False,False,False,MODEL_OUTPUT_GATE_B_WALK_GRAPH
WP_03229,45.72500001849681,9.408333310122233,097012,Calco,19.89952194713624,1.7810494356132076,True,True,True,True,False,False,False,False,MODEL_OUTPUT_GATE_B_WALK_GRAPH
WP_03230,45.72500001849681,9.4091666434522,097012,Calco,20.22005245969745,1.0361632640858822,True,True,True,True,False,False,False,False,MODEL_OUTPUT_GATE_B_WALK_GRAPH
WP_03231,45.72500001849681,9.40999997678217,097012,Calco,24.430424986114573,0.1862580387206652,True,True,True,True,False,False,False,False,MODEL_OUTPUT_GATE_B_WALK_GRAPH
WP_03232,45.72500001849681,9.41083331011214,097012,Calco,19.79308394995827,0.6500223111394913,True,True,True,True,False,False,False,False,MODEL_OUTPUT_GATE_B_WALK_GRAPH
WP_03233,45.72500001849681,9.411666643442109,097012,Calco,11.635649052405205,1.7098741795567245,True,True,True,True,False,False,False,False,MODEL_OUTPUT_GATE_B_WALK_GRAPH
WP_03234,45.72500001849681,9.412499976772075,097012,Calco,11.975772133855507,2.211669003866718,True,True,True,True,False,False,False,False,MODEL_OUTPUT_GATE_B_WALK_GRAPH
WP_03235,45.72500001849681,9.413333310102049,097012,Calco,19.475323933273383,1.5192669753322936,True,True,True,True,False,False,False,False,MODEL_OUTPUT_GATE_B_WALK_GRAPH
WP_03236,45.72500001849681,9.414166643432017,097012,Calco,19.519776725208622,2.334217200788337,True,True,True,True,False,False,False,False,MODEL_OUTPUT_GATE_B_WALK_GRAPH
WP_03237,45.72500001849681,9.414999976761983,097012,Calco,20.38474173558081,0.225138556453795,True,True,True,True,False,False,False,False,MODEL_OUTPUT_GATE_B_WALK_GRAPH
WP_03238,45.72500001849681,9.415833310091957,097012,Calco,18.83850301542088,1.1358155883405134,True,True,True,True,False,False,False,False,MODEL_OUTPUT_GATE_B_WALK_GRAPH
WP_03239,45.72500001849681,9.416666643421925,097012,Calco,29.61281131149917,2.541984453665296,True,True,True,True,False,False,False,False,MODEL_OUTPUT_GATE_B_WALK_GRAPH
WP_03240,45.72500001849681,9.417499976751891,097012,Calco,29.964765523938997,3.1011470385116664,True,True,True,True,False,False,False,False,MODEL_OUTPUT_GATE_B_WALK_GRAPH
WP_03241,45.72500001849681,9.41833331008186,097012,Calco,29.13271575933742,3.5223320822063062,True,True,True,True,False,False,False,False,MODEL_OUTPUT_GATE_B_WALK_GRAPH
WP_03242,45.72500001849681,9.419166643411833,097012,Calco,30.66858958536321,4.329904365198388,True,True,True,True,False,False,False,False,MODEL_OUTPUT_GATE_B_WALK_GRAPH
WP_03243,45.72500001849681,9.4199999767418,097012,Calco,15.68864155271743,8.719736511981113,False,False,True,True,True,True,False,False,MODEL_OUTPUT_GATE_B_WALK_GRAPH
WP_03244,45.72500001849681,9.42083331007177,097012,Calco,0.1688727673656123,9.018309518436975,False,False,True,True,True,True,False,False,MODEL_OUTPUT_GATE_B_WALK_GRAPH
WP_03245,45.72500001849681,9.42166664340174,097012,Calco,0.132754887100019,9.901496703638772,False,False,True,True,True,True,False,False,MODEL_OUTPUT_GATE_B_WALK_GRAPH
WP_03246,45.72500001849681,9.422499976731707,097012,Calco,0.0902955574803273,12.542870929341817,False,False,False,False,True,True,True,True,MODEL_OUTPUT_GATE_B_WALK_GRAPH
WP_03247,45.72500001849681,9.425833310051583,097012,Calco,29.43214528442645,9.083359259807024,False,False,True,True,True,True,False,False,MODEL_OUTPUT_GATE_B_WALK_GRAPH
WP_03248,45.72500001849681,9.426666643381552,097012,Calco,29.43214528442645,8.800791960231956,False,False,True,True,True,True,False,False,MODEL_OUTPUT_GATE_B_WALK_GRAPH
WP_03249,45.72500001849681,9.427499976711523,097012,Calco,32.57203498669806,9.702996833449747,False,False,True,True,True,True,False,False,MODEL_OUTPUT_GATE_B_WALK_GRAPH
WP_03250,45.72500001849681,9.428333310041491,097012,Calco,0.2004314883182827,11.060557972387256,False,False,False,True,True,True,True,False,MODEL_OUTPUT_GATE_B_WALK_GRAPH
WP_03251,45.72500001849681,9.42916664337146,097012,Calco,0.3409777623445509,11.72344696831906,False,False,False,True,True,True,True,False,MODEL_OUTPUT_GATE_B_WALK_GRAPH
WP_03252,45.72500001849681,9.42999997670143,097012,Calco,0.3311599388552904,12.695937028855678,False,False,False,False,True,True,True,True,MODEL_OUTPUT_GATE_B_WALK_GRAPH
WP_03253,45.72500001849681,9.4308333100314,097012,Calco,0.1606160764372964,19.54104742361644,False,False,False,False,True,True,True,True,MODEL_OUTPUT_GATE_B_WALK_GRAPH
WP_03254,45.72500001849681,9.431666643361368,097012,Calco,0.0290265650197251,18.447492547920557,False,False,False,False,True,True,True,True,MODEL_OUTPUT_GATE_B_WALK_GRAPH
WP_03255,45.72500001849681,9.432499976691338,097012,Calco,0.015400258789391,16.999652025588507,False,False,False,False,True,True,True,True,MODEL_OUTPUT_GATE_B_WALK_GRAPH
WP_03256,45.72500001849681,9.433333310021307,097012,Calco,0.0119520376620313,17.24444564104244,False,False,False,False,True,True,True,True,MODEL_OUTPUT_GATE_B_WALK_GRAPH
WP_03257,45.72500001849681,9.434166643351276,097012,Calco,0.0140634110883339,18.42431627593491,False,False,False,False,True,True,True,True,MODEL_OUTPUT_GATE_B_WALK_GRAPH
WP_03258,45.72500001849681,9.434999976681246,097012,Calco,0.0166734433883494,18.330365737413207,False,False,False,False,True,True,True,True,MODEL_OUTPUT_GATE_B_WALK_GRAPH
WP_03259,45.72500001849681,9.435833310011214,097012,Calco,0.0184243426445758,19.184295101881187,False,False,False,False,True,True,True,True,MODEL_OUTPUT_GATE_B_WALK_GRAPH
WP_03260,45.72500001849681,9.436666643341184,097012,Calco,0.0464240297530001,9.478503437377327,False,False,True,True,True,True,False,False,MODEL_OUTPUT_GATE_B_WALK_GRAPH
WP_03261,45.72500001849681,9.437499976671152,097012,Calco,0.060571451683884,8.751299054062988,False,False,True,True,True,True,False,False,MODEL_OUTPUT_GATE_B_WALK_GRAPH
WP_03262,45.72500001849681,9.438333310001122,097012,Calco,0.2282024351218297,9.448357003064324,False,False,True,True,True,True,False,False,MODEL_OUTPUT_GATE_B_WALK_GRAPH
WP_03263,45.72500001849681,9.439166643331092,097012,Calco,0.4506050408643173,2.664027992023862,True,True,True,True,False,False,False,False,MODEL_OUTPUT_GATE_B_WALK_GRAPH
WP_03264,45.72500001849681,9.43999997666106,097012,Calco,24.825375877248916,2.3685144338623445,True,True,True,True,False,False,False,False,MODEL_OUTPUT_GATE_B_WALK_GRAPH
WP_03265,45.72500001849681,9.44083330999103,097012,Calco,32.243408956953765,3.4724184156775912,True,True,True,True,False,False,False,False,MODEL_OUTPUT_GATE_B_WALK_GRAPH
WP_03266,45.72500001849681,9.441666643320998,097012,Calco,27.378387827282648,4.888234955210205,True,True,True,True,False,False,False,False,MODEL_OUTPUT_GATE_B_WALK_GRAPH
WP_03267,45.72500001849681,9.442499976650968,097012,Calco,22.85017935707075,2.846190724478586,True,True,True,True,False,False,False,False,MODEL_OUTPUT_GATE_B_WALK_GRAPH
WP_03268,45.72500001849681,9.443333309980936,097012,Calco,0.5560693255851448,2.565162225231572,True,True,True,True,False,False,False,False,MODEL_OUTPUT_GATE_B_WALK_GRAPH
WP_03269,45.72500001849681,9.444166643310906,097012,Calco,0.1278445780856582,3.92898968078646,True,True,True,True,False,False,False,False,MODEL_OUTPUT_GATE_B_WALK_GRAPH
WP_03270,45.72500001849681,9.444999976640874,097012,Calco,0.0454578935296088,4.610575128587265,True,True,True,True,False,False,False,False,MODEL_OUTPUT_GATE_B_WALK_GRAPH
WP_03271,45.72500001849681,9.445833309970844,097012,Calco,0.0645664040250381,16.31706403155389,False,False,False,False,True,True,True,True,MODEL_OUTPUT_GATE_B_WALK_GRAPH
WP_03272,45.72500001849681,9.446666643300814,097012,Calco,0.0456353500808376,15.967352563988026,False,False,False,False,True,True,True,True,MODEL_OUTPUT_GATE_B_WALK_GRAPH
WP_03273,45.72500001849681,9.447499976630782,097012,Calco,0.0456517680001717,16.855303817113203,False,False,False,False,True,True,True,True,MODEL_OUTPUT_GATE_B_WALK_GRAPH
WP_03274,45.72416668516683,9.351666643684329,097092,La Valletta Brianza,0.1125626697934015,41.72183187071978,False,False,False,False,True,True,True,True,MODEL_OUTPUT_GATE_B_WALK_GRAPH
WP_03275,45.72416668516683,9.3524999770143,097092,La Valletta Brianza,0.1292615592617922,42.53225253762302,False,False,False,False,True,True,True,True,MODEL_OUTPUT_GATE_B_WALK_GRAPH
WP_03276,45.72416668516683,9.353333310344269,097092,La Valletta Brianza,0.1373410501727727,45.18556092378819,False,False,False,False,True,True,True,True,MODEL_OUTPUT_GATE_B_WALK_GRAPH
WP_03277,45.72416668516683,9.354166643674237,097092,La Valletta Brianza,0.1776364289523523,45.0861742847511,False,False,False,False,True,True,True,True,MODEL_OUTPUT_GATE_B_WALK_GRAPH
WP_03278,45.72416668516683,9.354999977004203,097092,La Valletta Brianza,0.1352079324193764,45.82965451711721,False,False,False,False,True,True,True,True,MODEL_OUTPUT_GATE_B_WALK_GRAPH
WP_03279,45.72416668516683,9.355833310334177,097092,La Valletta Brianza,0.1708108825980173,47.49035073370936,False,False,False,False,True,True,True,True,MODEL_OUTPUT_GATE_B_WALK_GRAPH
WP_03280,45.72416668516683,9.356666643664145,097092,La Valletta Brianza,0.1702191967883598,44.41445257425607,False,False,False,False,True,True,True,True,MODEL_OUTPUT_GATE_B_WALK_GRAPH
WP_03281,45.72416668516683,9.357499976994111,097092,La Valletta Brianza,0.1345257684849363,40.573570433850826,False,False,False,False,True,True,True,True,MODEL_OUTPUT_GATE_B_WALK_GRAPH
WP_03282,45.72416668516683,9.358333310324085,097092,La Valletta Brianza,0.171056338783507,40.71420263761802,False,False,False,False,True,True,True,True,MODEL_OUTPUT_GATE_B_WALK_GRAPH
WP_03283,45.72416668516683,9.359166643654053,097092,La Valletta Brianza,0.1704775529610343,41.25869923020253,False,False,False,False,True,True,True,True,MODEL_OUTPUT_GATE_B_WALK_GRAPH
WP_03284,45.72416668516683,9.35999997698402,097092,La Valletta Brianza,0.1702172364289895,35.74361367052022,False,False,False,False,True,True,True,True,MODEL_OUTPUT_GATE_B_WALK_GRAPH
WP_03285,45.72416668516683,9.36083331031399,097092,La Valletta Brianza,0.1331188473533744,35.52773350727469,False,False,False,False,True,True,True,True,MODEL_OUTPUT_GATE_B_WALK_GRAPH
WP_03286,45.72416668516683,9.36166664364396,097092,La Valletta Brianza,0.0662102809310774,35.79122041920559,False,False,False,False,True,True,True,True,MODEL_OUTPUT_GATE_B_WALK_GRAPH
WP_03287,45.72416668516683,9.362499976973927,097092,La Valletta Brianza,0.0422537606544895,34.3380008893039,False,False,False,False,True,True,True,True,MODEL_OUTPUT_GATE_B_WALK_GRAPH
WP_03288,45.72416668516683,9.363333310303895,097092,La Valletta Brianza,0.0678885678929531,33.530184495461114,False,False,False,False,True,True,True,True,MODEL_OUTPUT_GATE_B_WALK_GRAPH
WP_03289,45.72416668516683,9.364166643633869,097092,La Valletta Brianza,0.0537182883993093,35.57713143241653,False,False,False,False,True,True,True,True,MODEL_OUTPUT_GATE_B_WALK_GRAPH
WP_03290,45.72416668516683,9.364999976963835,097092,La Valletta Brianza,0.1270231852898989,35.99387879267044,False,False,False,False,True,True,True,True,MODEL_OUTPUT_GATE_B_WALK_GRAPH
WP_03291,45.72416668516683,9.365833310293803,097092,La Valletta Brianza,0.1973883793622693,36.561532663818106,False,False,False,False,True,True,True,True,MODEL_OUTPUT_GATE_B_WALK_GRAPH
WP_03292,45.72416668516683,9.366666643623772,097092,La Valletta Brianza,0.212290277310831,37.35511195712888,False,False,False,False,True,True,True,True,MODEL_OUTPUT_GATE_B_WALK_GRAPH
WP_03293,45.72416668516683,9.367499976953743,097092,La Valletta Brianza,0.2545224500218355,33.085515268912964,False,False,False,False,True,True,True,True,MODEL_OUTPUT_GATE_B_WALK_GRAPH
WP_03294,45.72416668516683,9.368333310283711,097092,La Valletta Brianza,0.273670390404795,34.65974239005211,False,False,False,False,True,True,True,True,MODEL_OUTPUT_GATE_B_WALK_GRAPH
WP_03295,45.72416668516683,9.36916664361368,097092,La Valletta Brianza,0.1873735750709967,33.23347846472599,False,False,False,False,True,True,True,True,MODEL_OUTPUT_GATE_B_WALK_GRAPH
WP_03296,45.72416668516683,9.369999976943651,097092,La Valletta Brianza,0.2188576182893661,32.463968671569006,False,False,False,False,True,True,True,True,MODEL_OUTPUT_GATE_B_WALK_GRAPH
WP_03297,45.72416668516683,9.37083331027362,097092,La Valletta Brianza,0.3046071917651045,31.720162184847297,False,False,False,False,True,True,True,True,MODEL_OUTPUT_GATE_B_WALK_GRAPH
WP_03298,45.72416668516683,9.37166664360359,097092,La Valletta Brianza,0.0865179589504543,31.341719733517014,False,False,False,False,True,True,True,True,MODEL_OUTPUT_GATE_B_WALK_GRAPH
WP_03299,45.72416668516683,9.372499976933558,097092,La Valletta Brianza,0.0591766211809357,29.08556656189416,False,False,False,False,True,True,True,True,MODEL_OUTPUT_GATE_B_WALK_GRAPH
WP_03300,45.72416668516683,9.373333310263527,097092,La Valletta Brianza,0.0332884957562912,29.121473126145705,False,False,False,False,True,True,True,True,MODEL_OUTPUT_GATE_B_WALK_GRAPH
WP_03301,45.72416668516683,9.374166643593496,097092,La Valletta Brianza,0.0326449221129515,24.86030631573078,False,False,False,False,True,True,True,True,MODEL_OUTPUT_GATE_B_WALK_GRAPH
WP_03302,45.72416668516683,9.374999976923466,097092,La Valletta Brianza,0.0304444701278279,23.812098536781107,False,False,False,False,True,True,True,True,MODEL_OUTPUT_GATE_B_WALK_GRAPH
WP_03303,45.72416668516683,9.375833310253434,097092,La Valletta Brianza,0.0208880711994451,24.425367752386137,False,False,False,False,True,True,True,True,MODEL_OUTPUT_GATE_B_WALK_GRAPH
WP_03304,45.72416668516683,9.376666643583404,097092,La Valletta Brianza,0.0171350300154604,26.76565871313532,False,False,False,False,True,True,True,True,MODEL_OUTPUT_GATE_B_WALK_GRAPH
WP_03305,45.72416668516683,9.377499976913374,097092,La Valletta Brianza,0.0150756159481441,27.258013310558415,False,False,False,False,True,True,True,True,MODEL_OUTPUT_GATE_B_WALK_GRAPH
WP_03306,45.72416668516683,9.378333310243342,097092,La Valletta Brianza,0.0173448587257161,28.158817778598035,False,False,False,False,True,True,True,True,MODEL_OUTPUT_GATE_B_WALK_GRAPH
WP_03307,45.72416668516683,9.379166643573312,097092,La Valletta Brianza,0.0304210075050149,27.538323719537512,False,False,False,False,True,True,True,True,MODEL_OUTPUT_GATE_B_WALK_GRAPH
WP_03308,45.72416668516683,9.37999997690328,097092,La Valletta Brianza,0.0698190900452737,26.76841787093569,False,False,False,False,True,True,True,True,MODEL_OUTPUT_GATE_B_WALK_GRAPH
WP_03309,45.72416668516683,9.38083331023325,097092,La Valletta Brianza,0.2221364769874519,25.354378182955337,False,False,False,False,True,True,True,True,MODEL_OUTPUT_GATE_B_WALK_GRAPH
WP_03310,45.72416668516683,9.381666643563218,097092,La Valletta Brianza,0.1346938110385097,25.31028144374215,False,False,False,False,True,True,True,True,MODEL_OUTPUT_GATE_B_WALK_GRAPH
WP_03311,45.72416668516683,9.382499976893188,097092,La Valletta Brianza,0.1904458009244088,24.75221598564949,False,False,False,False,True,True,True,True,MODEL_OUTPUT_GATE_B_WALK_GRAPH
WP_03312,45.72416668516683,9.383333310223158,097092,La Valletta Brianza,0.1901395735984402,24.23624157436122,False,False,False,False,True,True,True,True,MODEL_OUTPUT_GATE_B_WALK_GRAPH
WP_03313,45.72416668516683,9.384166643553126,097092,La Valletta Brianza,0.195397038088646,25.03560379408025,False,False,False,False,True,True,True,True,MODEL_OUTPUT_GATE_B_WALK_GRAPH
WP_03314,45.72416668516683,9.384999976883096,097092,La Valletta Brianza,0.2307318028801473,28.56862903846902,False,False,False,False,True,True,True,True,MODEL_OUTPUT_GATE_B_WALK_GRAPH
WP_03315,45.72416668516683,9.385833310213064,097092,La Valletta Brianza,0.4355334799788619,28.2388134572498,False,False,False,False,True,True,True,True,MODEL_OUTPUT_GATE_B_WALK_GRAPH
WP_03316,45.72416668516683,9.386666643543034,097092,La Valletta Brianza,0.3325411338343352,24.81503278841097,False,False,False,False,True,True,True,True,MODEL_OUTPUT_GATE_B_WALK_GRAPH
WP_03317,45.72416668516683,9.387499976873002,097092,La Valletta Brianza,0.4414520653850924,25.41573150519152,False,False,False,False,True,True,True,True,MODEL_OUTPUT_GATE_B_WALK_GRAPH
WP_03318,45.72416668516683,9.388333310202972,097092,La Valletta Brianza,0.3959338642700533,26.7006079179205,False,False,False,False,True,True,True,True,MODEL_OUTPUT_GATE_B_WALK_GRAPH
WP_03319,45.72416668516683,9.389166643532942,097058,Olgiate Molgora,0.091413778620405,26.980726766291998,False,False,False,False,True,True,True,True,MODEL_OUTPUT_GATE_B_WALK_GRAPH
WP_03320,45.72416668516683,9.38999997686291,097058,Olgiate Molgora,0.0221043008963072,28.08233769191178,False,False,False,False,True,True,True,True,MODEL_OUTPUT_GATE_B_WALK_GRAPH
WP_03321,45.72416668516683,9.39083331019288,097058,Olgiate Molgora,0.0463296214492328,16.407742803728794,False,False,False,False,True,True,True,True,MODEL_OUTPUT_GATE_B_WALK_GRAPH
WP_03322,45.72416668516683,9.391666643522848,097058,Olgiate Molgora,0.0876058745030836,16.2146605230416,False,False,False,False,True,True,True,True,MODEL_OUTPUT_GATE_B_WALK_GRAPH
WP_03323,45.72416668516683,9.392499976852818,097058,Olgiate Molgora,0.255672658566188,12.099756303500277,False,False,False,False,True,True,True,True,MODEL_OUTPUT_GATE_B_WALK_GRAPH
WP_03324,45.72416668516683,9.393333310182786,097058,Olgiate Molgora,0.1367892948089521,12.20747688803726,False,False,False,False,True,True,True,True,MODEL_OUTPUT_GATE_B_WALK_GRAPH
WP_03325,45.72416668516683,9.394166643512756,097058,Olgiate Molgora,0.1057867889811111,12.962122551423152,False,False,False,False,True,True,True,True,MODEL_OUTPUT_GATE_B_WALK_GRAPH
WP_03326,45.72416668516683,9.394999976842726,097058,Olgiate Molgora,0.1190855782197105,11.739583384499644,False,False,False,True,True,True,True,False,MODEL_OUTPUT_GATE_B_WALK_GRAPH
WP_03327,45.72416668516683,9.395833310172694,097058,Olgiate Molgora,0.305377788360715,10.371239233394288,False,False,False,True,True,True,True,False,MODEL_OUTPUT_GATE_B_WALK_GRAPH
WP_03328,45.72416668516683,9.396666643502664,097058,Olgiate Molgora,0.3298114793921585,9.19288818465119,False,False,True,True,True,True,False,False,MODEL_OUTPUT_GATE_B_WALK_GRAPH
WP_03329,45.72416668516683,9.397499976832632,097058,Olgiate Molgora,25.14070139836917,8.441990494170165,False,False,True,True,True,True,False,False,MODEL_OUTPUT_GATE_B_WALK_GRAPH
WP_03330,45.72416668516683,9.398333310162602,097058,Olgiate Molgora,22.70869066701941,10.948728288977518,False,False,False,True,True,True,True,False,MODEL_OUTPUT_GATE_B_WALK_GRAPH
WP_03331,45.72416668516683,9.39916664349257,097058,Olgiate Molgora,21.300523223260917,9.687820029221887,False,False,True,True,True,True,False,False,MODEL_OUTPUT_GATE_B_WALK_GRAPH
WP_03332,45.72416668516683,9.39999997682254,097058,Olgiate Molgora,15.098706538393378,9.031649482067582,False,False,True,True,True,True,False,False,MODEL_OUTPUT_GATE_B_WALK_GRAPH
WP_03333,45.72416668516683,9.400833310152509,097058,Olgiate Molgora,15.680804588043374,12.494089872839291,False,False,False,False,True,True,True,True,MODEL_OUTPUT_GATE_B_WALK_GRAPH
WP_03334,45.72416668516683,9.401666643482478,097058,Olgiate Molgora,17.91820366176438,12.745093508287823,False,False,False,False,True,True,True,True,MODEL_OUTPUT_GATE_B_WALK_GRAPH
WP_03335,45.72416668516683,9.402499976812448,097058,Olgiate Molgora,17.837450381894026,8.627778207424182,False,False,True,True,True,True,False,False,MODEL_OUTPUT_GATE_B_WALK_GRAPH
WP_03336,45.72416668516683,9.403333310142417,097012,Calco,25.093015565062764,7.702344111683215,False,True,True,True,True,False,False,False,MODEL_OUTPUT_GATE_B_WALK_GRAPH
WP_03337,45.72416668516683,9.404166643472388,097012,Calco,19.301358051830924,8.223416259469913,False,False,True,True,True,True,False,False,MODEL_OUTPUT_GATE_B_WALK_GRAPH
WP_03338,45.72416668516683,9.404999976802356,097012,Calco,18.274001826101287,6.443779158152063,False,True,True,True,True,False,False,False,MODEL_OUTPUT_GATE_B_WALK_GRAPH
WP_03339,45.72416668516683,9.407499976792264,097012,Calco,7.392318254855198,5.9918930670903015,False,True,True,True,True,False,False,False,MODEL_OUTPUT_GATE_B_WALK_GRAPH
WP_03340,45.72416668516683,9.408333310122233,097012,Calco,7.56924866812147,5.778263664061926,False,True,True,True,True,False,False,False,MODEL_OUTPUT_GATE_B_WALK_GRAPH
WP_03341,45.72416668516683,9.4091666434522,097012,Calco,18.85224413504133,3.514177487584199,True,True,True,True,False,False,False,False,MODEL_OUTPUT_GATE_B_WALK_GRAPH
WP_03342,45.72416668516683,9.40999997678217,097012,Calco,18.9730188578351,2.8366515648161736,True,True,True,True,False,False,False,False,MODEL_OUTPUT_GATE_B_WALK_GRAPH
WP_03343,45.72416668516683,9.41083331011214,097012,Calco,19.68908405664223,2.4522532440521,True,True,True,True,False,False,False,False,MODEL_OUTPUT_GATE_B_WALK_GRAPH
WP_03344,45.72416668516683,9.411666643442109,097012,Calco,18.92601828954587,3.736736870885741,True,True,True,True,False,False,False,False,MODEL_OUTPUT_GATE_B_WALK_GRAPH
WP_03345,45.72416668516683,9.412499976772075,097012,Calco,18.999551164567876,3.2503640052964724,True,True,True,True,False,False,False,False,MODEL_OUTPUT_GATE_B_WALK_GRAPH
WP_03346,45.72416668516683,9.413333310102049,097012,Calco,19.934428170455007,2.629454506948839,True,True,True,True,False,False,False,False,MODEL_OUTPUT_GATE_B_WALK_GRAPH
WP_03347,45.72416668516683,9.414166643432017,097012,Calco,19.350941829125425,2.8437175109660884,True,True,True,True,False,False,False,False,MODEL_OUTPUT_GATE_B_WALK_GRAPH
WP_03348,45.72416668516683,9.414999976761983,097012,Calco,19.35933768020983,0.511868560221261,True,True,True,True,False,False,False,False,MODEL_OUTPUT_GATE_B_WALK_GRAPH
WP_03349,45.72416668516683,9.415833310091957,097012,Calco,33.30162702194885,1.3436252375175464,True,True,True,True,False,False,False,False,MODEL_OUTPUT_GATE_B_WALK_GRAPH
WP_03350,45.72416668516683,9.416666643421925,097012,Calco,29.92605957058765,2.072601708878711,True,True,True,True,False,False,False,False,MODEL_OUTPUT_GATE_B_WALK_GRAPH
WP_03351,45.72416668516683,9.417499976751891,097012,Calco,18.8861498077787,3.285091830936656,True,True,True,True,False,False,False,False,MODEL_OUTPUT_GATE_B_WALK_GRAPH
WP_03352,45.72416668516683,9.41833331008186,097012,Calco,20.636853485788198,6.712828464978026,False,True,True,True,True,False,False,False,MODEL_OUTPUT_GATE_B_WALK_GRAPH
WP_03353,45.72416668516683,9.419166643411833,097012,Calco,19.53820676568189,6.635458280740644,False,True,True,True,True,False,False,False,MODEL_OUTPUT_GATE_B_WALK_GRAPH
WP_03354,45.72416668516683,9.4199999767418,097012,Calco,0.2577156454614875,9.984152670410287,False,False,True,True,True,True,False,False,MODEL_OUTPUT_GATE_B_WALK_GRAPH
WP_03355,45.72416668516683,9.42083331007177,097012,Calco,0.1256873386213604,9.781602842050894,False,False,True,True,True,True,False,False,MODEL_OUTPUT_GATE_B_WALK_GRAPH
WP_03356,45.72416668516683,9.42166664340174,097012,Calco,0.1663335723568546,10.441942157624842,False,False,False,True,True,True,True,False,MODEL_OUTPUT_GATE_B_WALK_GRAPH
WP_03357,45.72416668516683,9.422499976731707,097012,Calco,0.1239783854683544,10.856060134980062,False,False,False,True,True,True,True,False,MODEL_OUTPUT_GATE_B_WALK_GRAPH
WP_03358,45.72416668516683,9.424166643391644,097012,Calco,0.4917780452882331,12.838590203961324,False,False,False,False,True,True,True,True,MODEL_OUTPUT_GATE_B_WALK_GRAPH
WP_03359,45.72416668516683,9.424999976721615,097012,Calco,0.3404018235797614,9.915311050692443,False,False,True,True,True,True,False,False,MODEL_OUTPUT_GATE_B_WALK_GRAPH
WP_03360,45.72416668516683,9.425833310051583,097012,Calco,22.974009724220195,7.710020348459566,False,True,True,True,True,False,False,False,MODEL_OUTPUT_GATE_B_WALK_GRAPH
WP_03361,45.72416668516683,9.426666643381552,097012,Calco,22.501427581399053,8.843121909524323,False,False,True,True,True,True,False,False,MODEL_OUTPUT_GATE_B_WALK_GRAPH
WP_03362,45.72416668516683,9.427499976711523,097012,Calco,31.058784064880403,10.240899364414071,False,False,False,True,True,True,True,False,MODEL_OUTPUT_GATE_B_WALK_GRAPH
WP_03363,45.72416668516683,9.428333310041491,097012,Calco,21.84831608030299,12.847547896435598,False,False,False,False,True,True,True,True,MODEL_OUTPUT_GATE_B_WALK_GRAPH
WP_03364,45.72416668516683,9.42916664337146,097012,Calco,0.2709834597334033,12.191079669818691,False,False,False,False,True,True,True,True,MODEL_OUTPUT_GATE_B_WALK_GRAPH
WP_03365,45.72416668516683,9.42999997670143,097012,Calco,0.1504474987002952,11.42753962489098,False,False,False,True,True,True,True,False,MODEL_OUTPUT_GATE_B_WALK_GRAPH
WP_03366,45.72416668516683,9.4308333100314,097012,Calco,0.0475627683334854,19.81765292480862,False,False,False,False,True,True,True,True,MODEL_OUTPUT_GATE_B_WALK_GRAPH
WP_03367,45.72416668516683,9.431666643361368,097012,Calco,0.0223282121128926,19.985374201426254,False,False,False,False,True,True,True,True,MODEL_OUTPUT_GATE_B_WALK_GRAPH
WP_03368,45.72416668516683,9.432499976691338,097012,Calco,0.0124973056971455,17.985563577048605,False,False,False,False,True,True,True,True,MODEL_OUTPUT_GATE_B_WALK_GRAPH
WP_03369,45.72416668516683,9.433333310021307,097012,Calco,0.0111966453048415,18.06289480654637,False,False,False,False,True,True,True,True,MODEL_OUTPUT_GATE_B_WALK_GRAPH
WP_03370,45.72416668516683,9.434166643351276,097012,Calco,0.0115667413576908,20.415536325627876,False,False,False,False,True,True,True,True,MODEL_OUTPUT_GATE_B_WALK_GRAPH
WP_03371,45.72416668516683,9.434999976681246,097012,Calco,0.0146944909280447,19.816893913623147,False,False,False,False,True,True,True,True,MODEL_OUTPUT_GATE_B_WALK_GRAPH
WP_03372,45.72416668516683,9.435833310011214,097012,Calco,0.0142069113487521,19.903331711529304,False,False,False,False,True,True,True,True,MODEL_OUTPUT_GATE_B_WALK_GRAPH
WP_03373,45.72416668516683,9.436666643341184,097012,Calco,0.0130658297051101,20.29622123392256,False,False,False,False,True,True,True,True,MODEL_OUTPUT_GATE_B_WALK_GRAPH
WP_03374,45.72416668516683,9.437499976671152,097012,Calco,0.0577116096355423,10.241711912254829,False,False,False,True,True,True,True,False,MODEL_OUTPUT_GATE_B_WALK_GRAPH
WP_03375,45.72416668516683,9.438333310001122,097012,Calco,0.0767390158730969,10.98254563811534,False,False,False,True,True,True,True,False,MODEL_OUTPUT_GATE_B_WALK_GRAPH
WP_03376,45.72416668516683,9.439166643331092,097012,Calco,0.2426471723241553,11.769337081263489,False,False,False,True,True,True,True,False,MODEL_OUTPUT_GATE_B_WALK_GRAPH
WP_03377,45.72416668516683,9.43999997666106,097012,Calco,0.6136561893518647,1.2115479758426986,True,True,True,True,False,False,False,False,MODEL_OUTPUT_GATE_B_WALK_GRAPH
WP_03378,45.72416668516683,9.44083330999103,097012,Calco,22.733150371698084,0.7317043459720287,True,True,True,True,False,False,False,False,MODEL_OUTPUT_GATE_B_WALK_GRAPH
WP_03379,45.72416668516683,9.441666643320998,097012,Calco,26.627085700411463,1.3024906040180095,True,True,True,True,False,False,False,False,MODEL_OUTPUT_GATE_B_WALK_GRAPH
WP_03380,45.72416668516683,9.442499976650968,097012,Calco,31.86622669680212,2.1050698242602714,True,True,True,True,False,False,False,False,MODEL_OUTPUT_GATE_B_WALK_GRAPH
WP_03381,45.72416668516683,9.443333309980936,097012,Calco,27.86497092916697,1.1047667007697457,True,True,True,True,False,False,False,False,MODEL_OUTPUT_GATE_B_WALK_GRAPH
WP_03382,45.72416668516683,9.444166643310906,097012,Calco,24.11483311023424,1.122002894989312,True,True,True,True,False,False,False,False,MODEL_OUTPUT_GATE_B_WALK_GRAPH
WP_03383,45.72416668516683,9.444999976640874,097012,Calco,10.514109465033378,2.350009670634167,True,True,True,True,False,False,False,False,MODEL_OUTPUT_GATE_B_WALK_GRAPH
WP_03384,45.72416668516683,9.445833309970844,097012,Calco,12.202602687374146,3.187771697512686,True,True,True,True,False,False,False,False,MODEL_OUTPUT_GATE_B_WALK_GRAPH
WP_03385,45.72416668516683,9.446666643300814,097012,Calco,0.1374147157424918,3.22188243513416,True,True,True,True,False,False,False,False,MODEL_OUTPUT_GATE_B_WALK_GRAPH
WP_03386,45.72416668516683,9.447499976630782,097012,Calco,0.0350736715960069,17.291641301976256,False,False,False,False,True,True,True,True,MODEL_OUTPUT_GATE_B_WALK_GRAPH
WP_03387,45.72333335183684,9.351666643684329,097092,La Valletta Brianza,0.0641948738471425,42.94899536054136,False,False,False,False,True,True,True,True,MODEL_OUTPUT_GATE_B_WALK_GRAPH
WP_03388,45.72333335183684,9.3524999770143,097092,La Valletta Brianza,0.0197402036761029,43.9680625542702,False,False,False,False,True,True,True,True,MODEL_OUTPUT_GATE_B_WALK_GRAPH
WP_03389,45.72333335183684,9.353333310344269,097092,La Valletta Brianza,0.0696097222936462,46.42795781845956,False,False,False,False,True,True,True,True,MODEL_OUTPUT_GATE_B_WALK_GRAPH
WP_03390,45.72333335183684,9.354166643674237,097092,La Valletta Brianza,0.1669540057706387,47.95710085056694,False,False,False,False,True,True,True,True,MODEL_OUTPUT_GATE_B_WALK_GRAPH
WP_03391,45.72333335183684,9.354999977004203,097092,La Valletta Brianza,0.1366092740665768,47.54489616300373,False,False,False,False,True,True,True,True,MODEL_OUTPUT_GATE_B_WALK_GRAPH
WP_03392,45.72333335183684,9.355833310334177,097092,La Valletta Brianza,0.1776709888542579,46.77766733494028,False,False,False,False,True,True,True,True,MODEL_OUTPUT_GATE_B_WALK_GRAPH
WP_03393,45.72333335183684,9.356666643664145,097092,La Valletta Brianza,0.1705229154026867,45.97596673152426,False,False,False,False,True,True,True,True,MODEL_OUTPUT_GATE_B_WALK_GRAPH
WP_03394,45.72333335183684,9.357499976994111,097092,La Valletta Brianza,0.1696970831731373,46.42103747774099,False,False,False,False,True,True,True,True,MODEL_OUTPUT_GATE_B_WALK_GRAPH
WP_03395,45.72333335183684,9.358333310324085,097092,La Valletta Brianza,0.1679174332938915,47.58703517829319,False,False,False,False,True,True,True,True,MODEL_OUTPUT_GATE_B_WALK_GRAPH
WP_03396,45.72333335183684,9.359166643654053,097092,La Valletta Brianza,0.1353032771705677,48.93104157946389,False,False,False,False,True,True,True,True,MODEL_OUTPUT_GATE_B_WALK_GRAPH
WP_03397,45.72333335183684,9.35999997698402,097092,La Valletta Brianza,0.1765608496807895,49.23988546962652,False,False,False,False,True,True,True,True,MODEL_OUTPUT_GATE_B_WALK_GRAPH
WP_03398,45.72333335183684,9.36083331031399,097092,La Valletta Brianza,0.1258158232587096,37.92476044962495,False,False,False,False,True,True,True,True,MODEL_OUTPUT_GATE_B_WALK_GRAPH
WP_03399,45.72333335183684,9.36166664364396,097092,La Valletta Brianza,0.0530065134422131,37.13871830949258,False,False,False,False,True,True,True,True,MODEL_OUTPUT_GATE_B_WALK_GRAPH
WP_03400,45.72333335183684,9.362499976973927,097092,La Valletta Brianza,0.0550397968101958,36.206914905817264,False,False,False,False,True,True,True,True,MODEL_OUTPUT_GATE_B_WALK_GRAPH
WP_03401,45.72333335183684,9.363333310303895,097092,La Valletta Brianza,0.1301277228009038,34.96327983635923,False,False,False,False,True,True,True,True,MODEL_OUTPUT_GATE_B_WALK_GRAPH
WP_03402,45.72333335183684,9.364166643633869,097092,La Valletta Brianza,0.1599210314608364,37.07975015418845,False,False,False,False,True,True,True,True,MODEL_OUTPUT_GATE_B_WALK_GRAPH
WP_03403,45.72333335183684,9.364999976963835,097092,La Valletta Brianza,0.1350565597748539,36.79779145105962,False,False,False,False,True,True,True,True,MODEL_OUTPUT_GATE_B_WALK_GRAPH
WP_03404,45.72333335183684,9.365833310293803,097092,La Valletta Brianza,0.1379209601174017,37.35370252557159,False,False,False,False,True,True,True,True,MODEL_OUTPUT_GATE_B_WALK_GRAPH
WP_03405,45.72333335183684,9.366666643623772,097092,La Valletta Brianza,0.2440129497289109,38.41126126650691,False,False,False,False,True,True,True,True,MODEL_OUTPUT_GATE_B_WALK_GRAPH
WP_03406,45.72333335183684,9.367499976953743,097092,La Valletta Brianza,0.2535065451862088,35.892465991585794,False,False,False,False,True,True,True,True,MODEL_OUTPUT_GATE_B_WALK_GRAPH
WP_03407,45.72333335183684,9.368333310283711,097092,La Valletta Brianza,0.1874025143621204,35.12194188221622,False,False,False,False,True,True,True,True,MODEL_OUTPUT_GATE_B_WALK_GRAPH
WP_03408,45.72333335183684,9.36916664361368,097092,La Valletta Brianza,0.2635538119319489,34.74436655248137,False,False,False,False,True,True,True,True,MODEL_OUTPUT_GATE_B_WALK_GRAPH
WP_03409,45.72333335183684,9.369999976943651,097092,La Valletta Brianza,0.6591539215920089,33.709064911978935,False,False,False,False,True,True,True,True,MODEL_OUTPUT_GATE_B_WALK_GRAPH
WP_03410,45.72333335183684,9.37083331027362,097092,La Valletta Brianza,0.2683242573523023,32.74917200084356,False,False,False,False,True,True,True,True,MODEL_OUTPUT_GATE_B_WALK_GRAPH
WP_03411,45.72333335183684,9.37166664360359,097092,La Valletta Brianza,0.189204701519721,29.793738709443485,False,False,False,False,True,True,True,True,MODEL_OUTPUT_GATE_B_WALK_GRAPH
WP_03412,45.72333335183684,9.372499976933558,097092,La Valletta Brianza,0.0505807332271622,28.384256422605937,False,False,False,False,True,True,True,True,MODEL_OUTPUT_GATE_B_WALK_GRAPH
WP_03413,45.72333335183684,9.373333310263527,097092,La Valletta Brianza,0.0363946611881018,27.390556842171065,False,False,False,False,True,True,True,True,MODEL_OUTPUT_GATE_B_WALK_GRAPH
WP_03414,45.72333335183684,9.374166643593496,097092,La Valletta Brianza,0.0273825652923242,26.45277217395246,False,False,False,False,True,True,True,True,MODEL_OUTPUT_GATE_B_WALK_GRAPH
WP_03415,45.72333335183684,9.374999976923466,097092,La Valletta Brianza,0.0165268113848198,25.49853922084321,False,False,False,False,True,True,True,True,MODEL_OUTPUT_GATE_B_WALK_GRAPH
WP_03416,45.72333335183684,9.375833310253434,097092,La Valletta Brianza,0.0142528921905333,25.34281211572694,False,False,False,False,True,True,True,True,MODEL_OUTPUT_GATE_B_WALK_GRAPH
WP_03417,45.72333335183684,9.376666643583404,097092,La Valletta Brianza,0.0106832285741122,26.16938434935985,False,False,False,False,True,True,True,True,MODEL_OUTPUT_GATE_B_WALK_GRAPH
WP_03418,45.72333335183684,9.377499976913374,097092,La Valletta Brianza,0.0119958348285925,27.56492333491928,False,False,False,False,True,True,True,True,MODEL_OUTPUT_GATE_B_WALK_GRAPH
WP_03419,45.72333335183684,9.378333310243342,097092,La Valletta Brianza,0.0146321514710494,29.25020952854885,False,False,False,False,True,True,True,True,MODEL_OUTPUT_GATE_B_WALK_GRAPH
WP_03420,45.72333335183684,9.379166643573312,097092,La Valletta Brianza,0.0165304339370128,30.065234095419445,False,False,False,False,True,True,True,True,MODEL_OUTPUT_GATE_B_WALK_GRAPH
WP_03421,45.72333335183684,9.37999997690328,097092,La Valletta Brianza,0.0220790306433158,26.93164413887632,False,False,False,False,True,True,True,True,MODEL_OUTPUT_GATE_B_WALK_GRAPH
WP_03422,45.72333335183684,9.38083331023325,097092,La Valletta Brianza,0.0209390422566734,26.279474656339247,False,False,False,False,True,True,True,True,MODEL_OUTPUT_GATE_B_WALK_GRAPH
WP_03423,45.72333335183684,9.381666643563218,097092,La Valletta Brianza,0.0222240903823138,26.355631648198887,False,False,False,False,True,True,True,True,MODEL_OUTPUT_GATE_B_WALK_GRAPH
WP_03424,45.72333335183684,9.382499976893188,097092,La Valletta Brianza,0.0925409711923714,28.127516708651115,False,False,False,False,True,True,True,True,MODEL_OUTPUT_GATE_B_WALK_GRAPH
WP_03425,45.72333335183684,9.383333310223158,097092,La Valletta Brianza,0.0161987407888398,28.55609750727129,False,False,False,False,True,True,True,True,MODEL_OUTPUT_GATE_B_WALK_GRAPH
WP_03426,45.72333335183684,9.384166643553126,097092,La Valletta Brianza,0.0364891662748775,29.924844827462483,False,False,False,False,True,True,True,True,MODEL_OUTPUT_GATE_B_WALK_GRAPH
WP_03427,45.72333335183684,9.384999976883096,097092,La Valletta Brianza,0.2327064468271062,28.41231371902964,False,False,False,False,True,True,True,True,MODEL_OUTPUT_GATE_B_WALK_GRAPH
WP_03428,45.72333335183684,9.385833310213064,097092,La Valletta Brianza,0.4340545464852571,27.294811790067254,False,False,False,False,True,True,True,True,MODEL_OUTPUT_GATE_B_WALK_GRAPH
WP_03429,45.72333335183684,9.386666643543034,097092,La Valletta Brianza,0.439008031893807,26.723590450137216,False,False,False,False,True,True,True,True,MODEL_OUTPUT_GATE_B_WALK_GRAPH
WP_03430,45.72333335183684,9.387499976873002,097092,La Valletta Brianza,0.3986665778146222,25.990235463100568,False,False,False,False,True,True,True,True,MODEL_OUTPUT_GATE_B_WALK_GRAPH
WP_03431,45.72333335183684,9.388333310202972,097058,Olgiate Molgora,0.0904850586516822,25.86101074475485,False,False,False,False,True,True,True,True,MODEL_OUTPUT_GATE_B_WALK_GRAPH
WP_03432,45.72333335183684,9.389166643532942,097058,Olgiate Molgora,0.0236460409142335,26.55238413051593,False,False,False,False,True,True,True,True,MODEL_OUTPUT_GATE_B_WALK_GRAPH
WP_03433,45.72333335183684,9.38999997686291,097058,Olgiate Molgora,0.014975766705742,28.69262959773817,False,False,False,False,True,True,True,True,MODEL_OUTPUT_GATE_B_WALK_GRAPH
WP_03434,45.72333335183684,9.39083331019288,097058,Olgiate Molgora,0.0432281698181574,16.588955984134245,False,False,False,False,True,True,True,True,MODEL_OUTPUT_GATE_B_WALK_GRAPH
WP_03435,45.72333335183684,9.391666643522848,097058,Olgiate Molgora,0.1050577460488954,16.661693746042015,False,False,False,False,True,True,True,True,MODEL_OUTPUT_GATE_B_WALK_GRAPH
WP_03436,45.72333335183684,9.392499976852818,097058,Olgiate Molgora,0.1413836538790784,14.08961006186449,False,False,False,False,True,True,True,True,MODEL_OUTPUT_GATE_B_WALK_GRAPH
WP_03437,45.72333335183684,9.393333310182786,097058,Olgiate Molgora,14.555052389706168,13.342762864581651,False,False,False,False,True,True,True,True,MODEL_OUTPUT_GATE_B_WALK_GRAPH
WP_03438,45.72333335183684,9.394166643512756,097058,Olgiate Molgora,0.290991421578104,12.949061515723256,False,False,False,False,True,True,True,True,MODEL_OUTPUT_GATE_B_WALK_GRAPH
WP_03439,45.72333335183684,9.394999976842726,097058,Olgiate Molgora,0.2936725614686444,11.558914843237323,False,False,False,True,True,True,True,False,MODEL_OUTPUT_GATE_B_WALK_GRAPH
WP_03440,45.72333335183684,9.395833310172694,097058,Olgiate Molgora,0.3047675410929312,10.356984197399486,False,False,False,True,True,True,True,False,MODEL_OUTPUT_GATE_B_WALK_GRAPH
WP_03441,45.72333335183684,9.396666643502664,097058,Olgiate Molgora,22.978797763719296,9.50220415272929,False,False,True,True,True,True,False,False,MODEL_OUTPUT_GATE_B_WALK_GRAPH
WP_03442,45.72333335183684,9.397499976832632,097058,Olgiate Molgora,23.52637575850341,10.048559661340969,False,False,False,True,True,True,True,False,MODEL_OUTPUT_GATE_B_WALK_GRAPH
WP_03443,45.72333335183684,9.398333310162602,097058,Olgiate Molgora,22.13267796793812,10.838045087312056,False,False,False,True,True,True,True,False,MODEL_OUTPUT_GATE_B_WALK_GRAPH
WP_03444,45.72333335183684,9.39916664349257,097058,Olgiate Molgora,14.87396373436892,10.27514202030671,False,False,False,True,True,True,True,False,MODEL_OUTPUT_GATE_B_WALK_GRAPH
WP_03445,45.72333335183684,9.39999997682254,097058,Olgiate Molgora,15.288893513523234,12.223510225410491,False,False,False,False,True,True,True,True,MODEL_OUTPUT_GATE_B_WALK_GRAPH
WP_03446,45.72333335183684,9.400833310152509,097058,Olgiate Molgora,18.14069929193248,11.35675458243097,False,False,False,True,True,True,True,False,MODEL_OUTPUT_GATE_B_WALK_GRAPH
WP_03447,45.72333335183684,9.401666643482478,097058,Olgiate Molgora,17.962275382297044,10.55757066900023,False,False,False,True,True,True,True,False,MODEL_OUTPUT_GATE_B_WALK_GRAPH
WP_03448,45.72333335183684,9.402499976812448,097012,Calco,24.83131000270387,9.600241911184453,False,False,True,True,True,True,False,False,MODEL_OUTPUT_GATE_B_WALK_GRAPH
WP_03449,45.72333335183684,9.403333310142417,097012,Calco,25.47513983643351,8.989429355452426,False,False,True,True,True,True,False,False,MODEL_OUTPUT_GATE_B_WALK_GRAPH
WP_03450,45.72333335183684,9.404166643472388,097012,Calco,19.977262871315094,9.4769967975981,False,False,True,True,True,True,False,False,MODEL_OUTPUT_GATE_B_WALK_GRAPH
WP_03451,45.72333335183684,9.404999976802356,097012,Calco,12.405980200283208,6.199431765051423,False,True,True,True,True,False,False,False,MODEL_OUTPUT_GATE_B_WALK_GRAPH
WP_03452,45.72333335183684,9.405833310132325,097012,Calco,7.522745844219277,5.517540745919579,False,True,True,True,True,False,False,False,MODEL_OUTPUT_GATE_B_WALK_GRAPH
WP_03453,45.72333335183684,9.406666643462293,097012,Calco,4.252178414938242,6.055632565893788,False,True,True,True,True,False,False,False,MODEL_OUTPUT_GATE_B_WALK_GRAPH
WP_03454,45.72333335183684,9.407499976792264,097012,Calco,3.852609890070932,5.563422508136868,False,True,True,True,True,False,False,False,MODEL_OUTPUT_GATE_B_WALK_GRAPH
WP_03455,45.72333335183684,9.408333310122233,097012,Calco,7.462371980975264,4.847251784154918,True,True,True,True,False,False,False,False,MODEL_OUTPUT_GATE_B_WALK_GRAPH
WP_03456,45.72333335183684,9.4091666434522,097012,Calco,11.128913208287733,4.71429225029963,True,True,True,True,False,False,False,False,MODEL_OUTPUT_GATE_B_WALK_GRAPH
WP_03457,45.72333335183684,9.40999997678217,097012,Calco,10.677781317644254,5.530912085203756,False,True,True,True,True,False,False,False,MODEL_OUTPUT_GATE_B_WALK_GRAPH
WP_03458,45.72333335183684,9.41083331011214,097012,Calco,18.32240451501977,3.061856350846377,True,True,True,True,False,False,False,False,MODEL_OUTPUT_GATE_B_WALK_GRAPH
WP_03459,45.72333335183684,9.411666643442109,097012,Calco,18.99593028506081,6.2848514703858775,False,True,True,True,True,False,False,False,MODEL_OUTPUT_GATE_B_WALK_GRAPH
WP_03460,45.72333335183684,9.412499976772075,097012,Calco,18.140133895024768,5.868178557900022,False,True,True,True,True,False,False,False,MODEL_OUTPUT_GATE_B_WALK_GRAPH
WP_03461,45.72333335183684,9.413333310102049,097012,Calco,18.32015032349068,6.357498687587687,False,True,True,True,True,False,False,False,MODEL_OUTPUT_GATE_B_WALK_GRAPH
WP_03462,45.72333335183684,9.414166643432017,097012,Calco,18.37935322197332,1.264988929164057,True,True,True,True,False,False,False,False,MODEL_OUTPUT_GATE_B_WALK_GRAPH
WP_03463,45.72333335183684,9.414999976761983,097012,Calco,32.626084965323024,0.9141959814114732,True,True,True,True,False,False,False,False,MODEL_OUTPUT_GATE_B_WALK_GRAPH
WP_03464,45.72333335183684,9.415833310091957,097012,Calco,31.06731827203172,1.6136404371861277,True,True,True,True,False,False,False,False,MODEL_OUTPUT_GATE_B_WALK_GRAPH
WP_03465,45.72333335183684,9.416666643421925,097012,Calco,30.42523476182948,4.389111481428483,True,True,True,True,False,False,False,False,MODEL_OUTPUT_GATE_B_WALK_GRAPH
WP_03466,45.72333335183684,9.417499976751891,097012,Calco,23.41438189975812,5.30788341496849,False,True,True,True,True,False,False,False,MODEL_OUTPUT_GATE_B_WALK_GRAPH
WP_03467,45.72333335183684,9.41833331008186,097012,Calco,0.3710327442495491,5.645769969047647,False,True,True,True,True,False,False,False,MODEL_OUTPUT_GATE_B_WALK_GRAPH
WP_03468,45.72333335183684,9.419166643411833,097012,Calco,0.3106153020080897,6.9137474482537495,False,True,True,True,True,False,False,False,MODEL_OUTPUT_GATE_B_WALK_GRAPH
WP_03469,45.72333335183684,9.4199999767418,097012,Calco,0.3559583656703368,9.816528382091876,False,False,True,True,True,True,False,False,MODEL_OUTPUT_GATE_B_WALK_GRAPH
WP_03470,45.72333335183684,9.424999976721615,097012,Calco,0.852421957273159,6.685824732610396,False,True,True,True,True,False,False,False,MODEL_OUTPUT_GATE_B_WALK_GRAPH
WP_03471,45.72333335183684,9.425833310051583,097012,Calco,18.64615264977109,9.170641975048236,False,False,True,True,True,True,False,False,MODEL_OUTPUT_GATE_B_WALK_GRAPH
WP_03472,45.72333335183684,9.426666643381552,097012,Calco,0.1591334150716918,10.680800192257758,False,False,False,True,True,True,True,False,MODEL_OUTPUT_GATE_B_WALK_GRAPH
WP_03473,45.72333335183684,9.427499976711523,097012,Calco,0.3420639681967936,10.760875545427698,False,False,False,True,True,True,True,False,MODEL_OUTPUT_GATE_B_WALK_GRAPH
WP_03474,45.72333335183684,9.428333310041491,097012,Calco,23.505111421535,10.048411909378956,False,False,False,True,True,True,True,False,MODEL_OUTPUT_GATE_B_WALK_GRAPH
WP_03475,45.72333335183684,9.42916664337146,097012,Calco,23.643124972811357,9.917277192925551,False,False,True,True,True,True,False,False,MODEL_OUTPUT_GATE_B_WALK_GRAPH
WP_03476,45.72333335183684,9.42999997670143,097012,Calco,0.3220868601324192,10.980634109327797,False,False,False,True,True,True,True,False,MODEL_OUTPUT_GATE_B_WALK_GRAPH
WP_03477,45.72333335183684,9.4308333100314,097012,Calco,0.1589626186198155,21.861206349319165,False,False,False,False,True,True,True,True,MODEL_OUTPUT_GATE_B_WALK_GRAPH
WP_03478,45.72333335183684,9.431666643361368,097012,Calco,0.0314890617838859,12.698157554882274,False,False,False,False,True,True,True,True,MODEL_OUTPUT_GATE_B_WALK_GRAPH
WP_03479,45.72333335183684,9.432499976691338,097012,Calco,0.017298031196529,13.281568997865676,False,False,False,False,True,True,True,True,MODEL_OUTPUT_GATE_B_WALK_GRAPH
WP_03480,45.72333335183684,9.433333310021307,097012,Calco,0.0112730667318502,13.607601783320858,False,False,False,False,True,True,True,True,MODEL_OUTPUT_GATE_B_WALK_GRAPH
WP_03481,45.72333335183684,9.434166643351276,097012,Calco,0.0115861424808542,15.575345693461566,False,False,False,False,True,True,True,True,MODEL_OUTPUT_GATE_B_WALK_GRAPH
WP_03482,45.72333335183684,9.434999976681246,097012,Calco,0.0161448288970639,19.13721061897169,False,False,False,False,True,True,True,True,MODEL_OUTPUT_GATE_B_WALK_GRAPH
WP_03483,45.72333335183684,9.435833310011214,097012,Calco,0.0140866703566318,18.69179604101501,False,False,False,False,True,True,True,True,MODEL_OUTPUT_GATE_B_WALK_GRAPH
WP_03484,45.72333335183684,9.436666643341184,097012,Calco,0.0149776011731336,18.741812323072907,False,False,False,False,True,True,True,True,MODEL_OUTPUT_GATE_B_WALK_GRAPH
WP_03485,45.72333335183684,9.437499976671152,097012,Calco,0.0199414793339688,11.734372487140377,False,False,False,True,True,True,True,False,MODEL_OUTPUT_GATE_B_WALK_GRAPH
WP_03486,45.72333335183684,9.438333310001122,097012,Calco,0.0673812500335188,11.90185763598212,False,False,False,True,True,True,True,False,MODEL_OUTPUT_GATE_B_WALK_GRAPH
WP_03487,45.72333335183684,9.439166643331092,097012,Calco,0.1309924422435544,12.939611520083991,False,False,False,False,True,True,True,True,MODEL_OUTPUT_GATE_B_WALK_GRAPH
WP_03488,45.72333335183684,9.43999997666106,097012,Calco,0.2071061667304352,1.1542466305536847,True,True,True,True,False,False,False,False,MODEL_OUTPUT_GATE_B_WALK_GRAPH
WP_03489,45.72333335183684,9.44083330999103,097012,Calco,0.5676027063041565,1.1015954881779786,True,True,True,True,False,False,False,False,MODEL_OUTPUT_GATE_B_WALK_GRAPH
WP_03490,45.72333335183684,9.441666643320998,097012,Calco,26.53115432797276,0.9387560708894542,True,True,True,True,False,False,False,False,MODEL_OUTPUT_GATE_B_WALK_GRAPH
WP_03491,45.72333335183684,9.442499976650968,097012,Calco,30.58816084149435,3.0165129945152462,True,True,True,True,False,False,False,False,MODEL_OUTPUT_GATE_B_WALK_GRAPH
WP_03492,45.72333335183684,9.443333309980936,097012,Calco,29.0789897363813,1.5313442715921073,True,True,True,True,False,False,False,False,MODEL_OUTPUT_GATE_B_WALK_GRAPH
WP_03493,45.72333335183684,9.444166643310906,097012,Calco,23.62208472702708,0.4007789678493281,True,True,True,True,False,False,False,False,MODEL_OUTPUT_GATE_B_WALK_GRAPH
WP_03494,45.72333335183684,9.444999976640874,097012,Calco,0.2590203790268741,1.860960242141188,True,True,True,True,False,False,False,False,MODEL_OUTPUT_GATE_B_WALK_GRAPH
WP_03495,45.72333335183684,9.445833309970844,097012,Calco,11.032229313826592,2.4959496672336385,True,True,True,True,False,False,False,False,MODEL_OUTPUT_GATE_B_WALK_GRAPH
WP_03496,45.72333335183684,9.446666643300814,097012,Calco,0.1265625303807085,3.2613408030655084,True,True,True,True,False,False,False,False,MODEL_OUTPUT_GATE_B_WALK_GRAPH
WP_03497,45.72333335183684,9.447499976630782,097012,Calco,0.0227113985069854,16.537638066769112,False,False,False,False,True,True,True,True,MODEL_OUTPUT_GATE_B_WALK_GRAPH
WP_03498,45.72333335183684,9.44999997662069,097012,Calco,0.0700532977118941,17.18179696842887,False,False,False,False,True,True,True,True,MODEL_OUTPUT_GATE_B_WALK_GRAPH
WP_03499,45.722500018506864,9.3524999770143,097092,La Valletta Brianza,0.0375946718716525,44.69670923005286,False,False,False,False,True,True,True,True,MODEL_OUTPUT_GATE_B_WALK_GRAPH
WP_03500,45.722500018506864,9.353333310344269,097092,La Valletta Brianza,0.0158698031108306,45.813834606227,False,False,False,False,True,True,True,True,MODEL_OUTPUT_GATE_B_WALK_GRAPH
WP_03501,45.722500018506864,9.354166643674237,097092,La Valletta Brianza,0.0215781553970054,47.605112207336255,False,False,False,False,True,True,True,True,MODEL_OUTPUT_GATE_B_WALK_GRAPH
WP_03502,45.722500018506864,9.354999977004203,097092,La Valletta Brianza,0.0215399797973102,48.1739846732777,False,False,False,False,True,True,True,True,MODEL_OUTPUT_GATE_B_WALK_GRAPH
WP_03503,45.722500018506864,9.358333310324085,097092,La Valletta Brianza,0.1690606518181327,47.698516739948,False,False,False,False,True,True,True,True,MODEL_OUTPUT_GATE_B_WALK_GRAPH
WP_03504,45.722500018506864,9.359166643654053,097092,La Valletta Brianza,0.1324213980993687,47.84377594338272,False,False,False,False,True,True,True,True,MODEL_OUTPUT_GATE_B_WALK_GRAPH
WP_03505,45.722500018506864,9.35999997698402,097092,La Valletta Brianza,0.1363814199889994,47.77187006894502,False,False,False,False,True,True,True,True,MODEL_OUTPUT_GATE_B_WALK_GRAPH
WP_03506,45.722500018506864,9.36083331031399,097092,La Valletta Brianza,0.1311450533524361,47.25789838376706,False,False,False,False,True,True,True,True,MODEL_OUTPUT_GATE_B_WALK_GRAPH
WP_03507,45.722500018506864,9.36166664364396,097092,La Valletta Brianza,0.0570189098281668,38.91892588490664,False,False,False,False,True,True,True,True,MODEL_OUTPUT_GATE_B_WALK_GRAPH
WP_03508,45.722500018506864,9.362499976973927,097092,La Valletta Brianza,0.0586624792368589,38.14029660927312,False,False,False,False,True,True,True,True,MODEL_OUTPUT_GATE_B_WALK_GRAPH
WP_03509,45.722500018506864,9.363333310303895,097092,La Valletta Brianza,0.1020302895019523,37.45759383884114,False,False,False,False,True,True,True,True,MODEL_OUTPUT_GATE_B_WALK_GRAPH
WP_03510,45.722500018506864,9.364166643633869,097092,La Valletta Brianza,0.1599324508968884,38.11881954854905,False,False,False,False,True,True,True,True,MODEL_OUTPUT_GATE_B_WALK_GRAPH
WP_03511,45.722500018506864,9.364999976963835,097092,La Valletta Brianza,0.1241980880964043,38.12657095610951,False,False,False,False,True,True,True,True,MODEL_OUTPUT_GATE_B_WALK_GRAPH
WP_03512,45.722500018506864,9.365833310293803,097092,La Valletta Brianza,0.0504651954035762,37.983645191223154,False,False,False,False,True,True,True,True,MODEL_OUTPUT_GATE_B_WALK_GRAPH
WP_03513,45.722500018506864,9.366666643623772,097092,La Valletta Brianza,0.1659811191707041,39.899583402818045,False,False,False,False,True,True,True,True,MODEL_OUTPUT_GATE_B_WALK_GRAPH
WP_03514,45.722500018506864,9.367499976953743,097092,La Valletta Brianza,0.265440609845028,38.63789078801856,False,False,False,False,True,True,True,True,MODEL_OUTPUT_GATE_B_WALK_GRAPH
WP_03515,45.722500018506864,9.368333310283711,097092,La Valletta Brianza,0.2454351287624248,37.71587920707716,False,False,False,False,True,True,True,True,MODEL_OUTPUT_GATE_B_WALK_GRAPH
WP_03516,45.722500018506864,9.36916664361368,097092,La Valletta Brianza,0.1276546129304269,36.17725596633393,False,False,False,False,True,True,True,True,MODEL_OUTPUT_GATE_B_WALK_GRAPH
WP_03517,45.722500018506864,9.369999976943651,097092,La Valletta Brianza,0.2501755793135322,33.2946500436673,False,False,False,False,True,True,True,True,MODEL_OUTPUT_GATE_B_WALK_GRAPH
WP_03518,45.722500018506864,9.37083331027362,097092,La Valletta Brianza,0.4393632270776125,31.81809792450525,False,False,False,False,True,True,True,True,MODEL_OUTPUT_GATE_B_WALK_GRAPH
WP_03519,45.722500018506864,9.37166664360359,097092,La Valletta Brianza,0.2513764707879189,30.95293274268936,False,False,False,False,True,True,True,True,MODEL_OUTPUT_GATE_B_WALK_GRAPH
WP_03520,45.722500018506864,9.372499976933558,097092,La Valletta Brianza,0.1041587394066382,32.85595808683705,False,False,False,False,True,True,True,True,MODEL_OUTPUT_GATE_B_WALK_GRAPH
WP_03521,45.722500018506864,9.373333310263527,097092,La Valletta Brianza,0.089376786663044,33.462695667590374,False,False,False,False,True,True,True,True,MODEL_OUTPUT_GATE_B_WALK_GRAPH
WP_03522,45.722500018506864,9.374166643593496,097092,La Valletta Brianza,0.055341311733832,32.863918110822446,False,False,False,False,True,True,True,True,MODEL_OUTPUT_GATE_B_WALK_GRAPH
WP_03523,45.722500018506864,9.374999976923466,097092,La Valletta Brianza,0.0148294948855254,26.13134893711692,False,False,False,False,True,True,True,True,MODEL_OUTPUT_GATE_B_WALK_GRAPH
WP_03524,45.722500018506864,9.375833310253434,097092,La Valletta Brianza,0.0115539177330637,26.809189605545157,False,False,False,False,True,True,True,True,MODEL_OUTPUT_GATE_B_WALK_GRAPH
WP_03525,45.722500018506864,9.376666643583404,097092,La Valletta Brianza,0.0108377542441953,27.12075609722045,False,False,False,False,True,True,True,True,MODEL_OUTPUT_GATE_B_WALK_GRAPH
WP_03526,45.722500018506864,9.377499976913374,097092,La Valletta Brianza,0.0111357982693136,27.308056538289414,False,False,False,False,True,True,True,True,MODEL_OUTPUT_GATE_B_WALK_GRAPH
WP_03527,45.722500018506864,9.378333310243342,097092,La Valletta Brianza,0.0158540825366497,28.67971659969234,False,False,False,False,True,True,True,True,MODEL_OUTPUT_GATE_B_WALK_GRAPH
WP_03528,45.722500018506864,9.379166643573312,097092,La Valletta Brianza,0.0183472843770712,29.6361872050172,False,False,False,False,True,True,True,True,MODEL_OUTPUT_GATE_B_WALK_GRAPH
WP_03529,45.722500018506864,9.37999997690328,097092,La Valletta Brianza,0.0236301410046449,31.22874374992077,False,False,False,False,True,True,True,True,MODEL_OUTPUT_GATE_B_WALK_GRAPH
WP_03530,45.722500018506864,9.38083331023325,097092,La Valletta Brianza,0.0416848520273056,27.77666808168037,False,False,False,False,True,True,True,True,MODEL_OUTPUT_GATE_B_WALK_GRAPH
WP_03531,45.722500018506864,9.381666643563218,097092,La Valletta Brianza,0.1242446157866334,30.446164092508965,False,False,False,False,True,True,True,True,MODEL_OUTPUT_GATE_B_WALK_GRAPH
WP_03532,45.722500018506864,9.382499976893188,097092,La Valletta Brianza,0.1339820497902203,29.14735799234126,False,False,False,False,True,True,True,True,MODEL_OUTPUT_GATE_B_WALK_GRAPH
WP_03533,45.722500018506864,9.383333310223158,097092,La Valletta Brianza,0.0747726645610678,28.52132292166317,False,False,False,False,True,True,True,True,MODEL_OUTPUT_GATE_B_WALK_GRAPH
WP_03534,45.722500018506864,9.384166643553126,097092,La Valletta Brianza,0.0432985225283991,29.40174704531396,False,False,False,False,True,True,True,True,MODEL_OUTPUT_GATE_B_WALK_GRAPH
WP_03535,45.722500018506864,9.384999976883096,097092,La Valletta Brianza,0.129149229298994,28.653716563000778,False,False,False,False,True,True,True,True,MODEL_OUTPUT_GATE_B_WALK_GRAPH
WP_03536,45.722500018506864,9.385833310213064,097092,La Valletta Brianza,0.2314791796084648,28.2623541145082,False,False,False,False,True,True,True,True,MODEL_OUTPUT_GATE_B_WALK_GRAPH
WP_03537,45.722500018506864,9.386666643543034,097092,La Valletta Brianza,0.2346187705384195,28.372388737984675,False,False,False,False,True,True,True,True,MODEL_OUTPUT_GATE_B_WALK_GRAPH
WP_03538,45.722500018506864,9.387499976873002,097058,Olgiate Molgora,0.069450047445275,24.94291032462748,False,False,False,False,True,True,True,True,MODEL_OUTPUT_GATE_B_WALK_GRAPH
WP_03539,45.722500018506864,9.388333310202972,097058,Olgiate Molgora,0.0392616876101464,24.00103203346856,False,False,False,False,True,True,True,True,MODEL_OUTPUT_GATE_B_WALK_GRAPH
WP_03540,45.722500018506864,9.389166643532942,097058,Olgiate Molgora,0.0085470555164037,23.779577204108868,False,False,False,False,True,True,True,True,MODEL_OUTPUT_GATE_B_WALK_GRAPH
WP_03541,45.722500018506864,9.38999997686291,097058,Olgiate Molgora,0.0080492152996282,20.210586844958247,False,False,False,False,True,True,True,True,MODEL_OUTPUT_GATE_B_WALK_GRAPH
WP_03542,45.722500018506864,9.39083331019288,097058,Olgiate Molgora,0.0218434277648332,18.351175211368837,False,False,False,False,True,True,True,True,MODEL_OUTPUT_GATE_B_WALK_GRAPH
WP_03543,45.722500018506864,9.391666643522848,097058,Olgiate Molgora,0.0576196335172772,17.82378922797253,False,False,False,False,True,True,True,True,MODEL_OUTPUT_GATE_B_WALK_GRAPH
WP_03544,45.722500018506864,9.392499976852818,097058,Olgiate Molgora,0.0753623676275571,18.440279687111868,False,False,False,False,True,True,True,True,MODEL_OUTPUT_GATE_B_WALK_GRAPH
WP_03545,45.722500018506864,9.393333310182786,097058,Olgiate Molgora,0.1460914248576705,14.02021875030776,False,False,False,False,True,True,True,True,MODEL_OUTPUT_GATE_B_WALK_GRAPH
WP_03546,45.722500018506864,9.394166643512756,097058,Olgiate Molgora,12.147339755228026,13.864234543135227,False,False,False,False,True,True,True,True,MODEL_OUTPUT_GATE_B_WALK_GRAPH
WP_03547,45.722500018506864,9.394999976842726,097058,Olgiate Molgora,18.429030431996985,11.717249044991108,False,False,False,True,True,True,True,False,MODEL_OUTPUT_GATE_B_WALK_GRAPH
WP_03548,45.722500018506864,9.395833310172694,097058,Olgiate Molgora,22.48500884537288,12.138203575303036,False,False,False,False,True,True,True,True,MODEL_OUTPUT_GATE_B_WALK_GRAPH
WP_03549,45.722500018506864,9.396666643502664,097058,Olgiate Molgora,21.891758712982043,11.608302041722537,False,False,False,True,True,True,True,False,MODEL_OUTPUT_GATE_B_WALK_GRAPH
WP_03550,45.722500018506864,9.397499976832632,097058,Olgiate Molgora,22.117214173315364,12.790197618564797,False,False,False,False,True,True,True,True,MODEL_OUTPUT_GATE_B_WALK_GRAPH
WP_03551,45.722500018506864,9.398333310162602,097058,Olgiate Molgora,24.855557912547493,11.572588579478252,False,False,False,True,True,True,True,False,MODEL_OUTPUT_GATE_B_WALK_GRAPH
WP_03552,45.722500018506864,9.39916664349257,097058,Olgiate Molgora,15.125497520213315,12.628144242122705,False,False,False,False,True,True,True,True,MODEL_OUTPUT_GATE_B_WALK_GRAPH
WP_03553,45.722500018506864,9.39999997682254,097058,Olgiate Molgora,17.992385817412963,12.486850227556332,False,False,False,False,True,True,True,True,MODEL_OUTPUT_GATE_B_WALK_GRAPH
WP_03554,45.722500018506864,9.400833310152509,097058,Olgiate Molgora,17.925620182769983,11.935977865151504,False,False,False,True,True,True,True,False,MODEL_OUTPUT_GATE_B_WALK_GRAPH
WP_03555,45.722500018506864,9.401666643482478,097012,Calco,15.928647147070588,11.09659314077198,False,False,False,True,True,True,True,False,MODEL_OUTPUT_GATE_B_WALK_GRAPH
WP_03556,45.722500018506864,9.404999976802356,097012,Calco,3.288701986751657,13.295523886037133,False,False,False,False,True,True,True,True,MODEL_OUTPUT_GATE_B_WALK_GRAPH
WP_03557,45.722500018506864,9.405833310132325,097012,Calco,3.5743235341818,7.279665808515089,False,True,True,True,True,False,False,False,MODEL_OUTPUT_GATE_B_WALK_GRAPH
WP_03558,45.722500018506864,9.406666643462293,097012,Calco,2.599303232571434,6.612433629532596,False,True,True,True,True,False,False,False,MODEL_OUTPUT_GATE_B_WALK_GRAPH
WP_03559,45.722500018506864,9.407499976792264,097012,Calco,10.1896628008711,6.795498593634818,False,True,True,True,True,False,False,False,MODEL_OUTPUT_GATE_B_WALK_GRAPH
WP_03560,45.722500018506864,9.408333310122233,097012,Calco,10.336060392348102,7.53240571149628,False,True,True,True,True,False,False,False,MODEL_OUTPUT_GATE_B_WALK_GRAPH
WP_03561,45.722500018506864,9.4091666434522,097012,Calco,12.781772150689369,6.778057915728519,False,True,True,True,True,False,False,False,MODEL_OUTPUT_GATE_B_WALK_GRAPH
WP_03562,45.722500018506864,9.40999997678217,097012,Calco,21.70836385682085,6.142990584635582,False,True,True,True,True,False,False,False,MODEL_OUTPUT_GATE_B_WALK_GRAPH
WP_03563,45.722500018506864,9.41083331011214,097012,Calco,19.789645295514937,4.070634918941701,True,True,True,True,False,False,False,False,MODEL_OUTPUT_GATE_B_WALK_GRAPH
WP_03564,45.722500018506864,9.411666643442109,097012,Calco,20.067801731682707,4.580086291332072,True,True,True,True,False,False,False,False,MODEL_OUTPUT_GATE_B_WALK_GRAPH
WP_03565,45.722500018506864,9.412499976772075,097012,Calco,18.991146877137925,4.454798680525377,True,True,True,True,False,False,False,False,MODEL_OUTPUT_GATE_B_WALK_GRAPH
WP_03566,45.722500018506864,9.413333310102049,097012,Calco,18.93954175145132,2.6062904520263404,True,True,True,True,False,False,False,False,MODEL_OUTPUT_GATE_B_WALK_GRAPH
WP_03567,45.722500018506864,9.416666643421925,097012,Calco,0.8023475010310126,5.438925670843643,False,True,True,True,True,False,False,False,MODEL_OUTPUT_GATE_B_WALK_GRAPH
WP_03568,45.722500018506864,9.417499976751891,097012,Calco,20.997434705180304,7.433849595708577,False,True,True,True,True,False,False,False,MODEL_OUTPUT_GATE_B_WALK_GRAPH
WP_03569,45.722500018506864,9.41833331008186,097012,Calco,0.3246903427305727,8.297118565942482,False,False,True,True,True,True,False,False,MODEL_OUTPUT_GATE_B_WALK_GRAPH
WP_03570,45.722500018506864,9.419166643411833,097012,Calco,0.1816759894521164,9.102082888887416,False,False,True,True,True,True,False,False,MODEL_OUTPUT_GATE_B_WALK_GRAPH
WP_03571,45.722500018506864,9.4199999767418,097012,Calco,0.1041628531938136,9.07658376007679,False,False,True,True,True,True,False,False,MODEL_OUTPUT_GATE_B_WALK_GRAPH
WP_03572,45.722500018506864,9.424999976721615,097012,Calco,0.1624180666634939,6.182590285079452,False,True,True,True,True,False,False,False,MODEL_OUTPUT_GATE_B_WALK_GRAPH
WP_03573,45.722500018506864,9.425833310051583,097012,Calco,0.0967542456738938,14.283788414773422,False,False,False,False,True,True,True,True,MODEL_OUTPUT_GATE_B_WALK_GRAPH
WP_03574,45.722500018506864,9.426666643381552,097012,Calco,0.0500353096215583,7.7598769007884,False,True,True,True,True,False,False,False,MODEL_OUTPUT_GATE_B_WALK_GRAPH
WP_03575,45.722500018506864,9.427499976711523,097012,Calco,0.0775933606317008,13.51962154908853,False,False,False,False,True,True,True,True,MODEL_OUTPUT_GATE_B_WALK_GRAPH
WP_03576,45.722500018506864,9.428333310041491,097012,Calco,0.0654830459227612,8.50531658222082,False,False,True,True,True,True,False,False,MODEL_OUTPUT_GATE_B_WALK_GRAPH
WP_03577,45.722500018506864,9.42916664337146,097012,Calco,0.080949220252602,8.294619763772003,False,False,True,True,True,True,False,False,MODEL_OUTPUT_GATE_B_WALK_GRAPH
WP_03578,45.722500018506864,9.42999997670143,097012,Calco,0.0657452317240901,10.398346283533517,False,False,False,True,True,True,True,False,MODEL_OUTPUT_GATE_B_WALK_GRAPH
WP_03579,45.722500018506864,9.4308333100314,097012,Calco,0.0226388278103544,10.359845909266376,False,False,False,True,True,True,True,False,MODEL_OUTPUT_GATE_B_WALK_GRAPH
WP_03580,45.722500018506864,9.431666643361368,097012,Calco,0.0237415010136433,11.127813416348442,False,False,False,True,True,True,True,False,MODEL_OUTPUT_GATE_B_WALK_GRAPH
WP_03581,45.722500018506864,9.432499976691338,097012,Calco,0.0164804504499868,11.896647006393296,False,False,False,True,True,True,True,False,MODEL_OUTPUT_GATE_B_WALK_GRAPH
WP_03582,45.722500018506864,9.433333310021307,097012,Calco,0.0137335524491878,13.35308634381314,False,False,False,False,True,True,True,True,MODEL_OUTPUT_GATE_B_WALK_GRAPH
WP_03583,45.722500018506864,9.434166643351276,097012,Calco,0.0140602458110316,14.50977433530157,False,False,False,False,True,True,True,True,MODEL_OUTPUT_GATE_B_WALK_GRAPH
WP_03584,45.722500018506864,9.434999976681246,097012,Calco,0.0573015571058872,18.22796206825166,False,False,False,False,True,True,True,True,MODEL_OUTPUT_GATE_B_WALK_GRAPH
WP_03585,45.722500018506864,9.435833310011214,097012,Calco,0.0749601992335629,17.603299400692496,False,False,False,False,True,True,True,True,MODEL_OUTPUT_GATE_B_WALK_GRAPH
WP_03586,45.722500018506864,9.436666643341184,097012,Calco,0.030113192689245,17.18451087098021,False,False,False,False,True,True,True,True,MODEL_OUTPUT_GATE_B_WALK_GRAPH
WP_03587,45.722500018506864,9.437499976671152,097012,Calco,0.0167848031495171,18.593986153966696,False,False,False,False,True,True,True,True,MODEL_OUTPUT_GATE_B_WALK_GRAPH
WP_03588,45.722500018506864,9.438333310001122,097012,Calco,0.0454331644917359,13.224712730539045,False,False,False,False,True,True,True,True,MODEL_OUTPUT_GATE_B_WALK_GRAPH
WP_03589,45.722500018506864,9.439166643331092,097012,Calco,0.0651337812172804,13.610369600472614,False,False,False,False,True,True,True,True,MODEL_OUTPUT_GATE_B_WALK_GRAPH
WP_03590,45.722500018506864,9.43999997666106,097012,Calco,0.2136325500060894,14.410872479074891,False,False,False,False,True,True,True,True,MODEL_OUTPUT_GATE_B_WALK_GRAPH
WP_03591,45.722500018506864,9.44083330999103,097012,Calco,23.36127173002664,3.1777732935583627,True,True,True,True,False,False,False,False,MODEL_OUTPUT_GATE_B_WALK_GRAPH
WP_03592,45.722500018506864,9.441666643320998,097012,Calco,29.15917888803674,2.5071606008926284,True,True,True,True,False,False,False,False,MODEL_OUTPUT_GATE_B_WALK_GRAPH
WP_03593,45.722500018506864,9.442499976650968,097012,Calco,31.34783351041331,2.2607768062446745,True,True,True,True,False,False,False,False,MODEL_OUTPUT_GATE_B_WALK_GRAPH
WP_03594,45.722500018506864,9.443333309980936,097012,Calco,29.263485864330544,2.5753179918790434,True,True,True,True,False,False,False,False,MODEL_OUTPUT_GATE_B_WALK_GRAPH
WP_03595,45.722500018506864,9.444166643310906,097012,Calco,25.85511115242168,2.340324705860448,True,True,True,True,False,False,False,False,MODEL_OUTPUT_GATE_B_WALK_GRAPH
WP_03596,45.722500018506864,9.444999976640874,097012,Calco,0.2957624302265411,2.0152338666417107,True,True,True,True,False,False,False,False,MODEL_OUTPUT_GATE_B_WALK_GRAPH
WP_03597,45.722500018506864,9.445833309970844,097012,Calco,0.0982789239948396,3.354191848413963,True,True,True,True,False,False,False,False,MODEL_OUTPUT_GATE_B_WALK_GRAPH
WP_03598,45.722500018506864,9.446666643300814,097012,Calco,0.0711709157694945,4.1136374084089065,True,True,True,True,False,False,False,False,MODEL_OUTPUT_GATE_B_WALK_GRAPH
WP_03599,45.722500018506864,9.447499976630782,097012,Calco,0.0493880738505879,14.95715079285995,False,False,False,False,True,True,True,True,MODEL_OUTPUT_GATE_B_WALK_GRAPH
WP_03600,45.721666685176885,9.3524999770143,097092,La Valletta Brianza,0.0155613035501374,45.38911442093835,False,False,False,False,True,True,True,True,MODEL_OUTPUT_GATE_B_WALK_GRAPH
WP_03601,45.721666685176885,9.353333310344269,097092,La Valletta Brianza,0.0155052105399739,46.233398933426656,False,False,False,False,True,True,True,True,MODEL_OUTPUT_GATE_B_WALK_GRAPH
WP_03602,45.721666685176885,9.354166643674237,097092,La Valletta Brianza,0.013913973644384,47.59809172843055,False,False,False,False,True,True,True,True,MODEL_OUTPUT_GATE_B_WALK_GRAPH
WP_03603,45.721666685176885,9.359166643654053,097092,La Valletta Brianza,0.006156919438195,46.63340655442426,False,False,False,False,True,True,True,True,MODEL_OUTPUT_GATE_B_WALK_GRAPH
WP_03604,45.721666685176885,9.35999997698402,097092,La Valletta Brianza,0.1685027033819736,46.17151681032923,False,False,False,False,True,True,True,True,MODEL_OUTPUT_GATE_B_WALK_GRAPH
WP_03605,45.721666685176885,9.36083331031399,097092,La Valletta Brianza,0.1303097757550117,46.380631828513785,False,False,False,False,True,True,True,True,MODEL_OUTPUT_GATE_B_WALK_GRAPH
WP_03606,45.721666685176885,9.36166664364396,097092,La Valletta Brianza,0.0515171612554515,40.253654311768486,False,False,False,False,True,True,True,True,MODEL_OUTPUT_GATE_B_WALK_GRAPH
WP_03607,45.721666685176885,9.362499976973927,097092,La Valletta Brianza,0.0965258265854935,39.11931069926607,False,False,False,False,True,True,True,True,MODEL_OUTPUT_GATE_B_WALK_GRAPH
WP_03608,45.721666685176885,9.363333310303895,097092,La Valletta Brianza,0.1394834350795558,41.32585160963304,False,False,False,False,True,True,True,True,MODEL_OUTPUT_GATE_B_WALK_GRAPH
WP_03609,45.721666685176885,9.364166643633869,097092,La Valletta Brianza,0.1407565993833142,42.122259658362246,False,False,False,False,True,True,True,True,MODEL_OUTPUT_GATE_B_WALK_GRAPH
WP_03610,45.721666685176885,9.364999976963835,097092,La Valletta Brianza,0.111509250808007,39.903274450100525,False,False,False,False,True,True,True,True,MODEL_OUTPUT_GATE_B_WALK_GRAPH
WP_03611,45.721666685176885,9.365833310293803,097092,La Valletta Brianza,0.048775708346557,39.88385114678991,False,False,False,False,True,True,True,True,MODEL_OUTPUT_GATE_B_WALK_GRAPH
WP_03612,45.721666685176885,9.366666643623772,097092,La Valletta Brianza,0.1721804472310895,39.88418297965599,False,False,False,False,True,True,True,True,MODEL_OUTPUT_GATE_B_WALK_GRAPH
WP_03613,45.721666685176885,9.367499976953743,097092,La Valletta Brianza,0.0789166997641767,41.57326557185377,False,False,False,False,True,True,True,True,MODEL_OUTPUT_GATE_B_WALK_GRAPH
WP_03614,45.721666685176885,9.368333310283711,097092,La Valletta Brianza,0.0685902737314655,38.536977859242704,False,False,False,False,True,True,True,True,MODEL_OUTPUT_GATE_B_WALK_GRAPH
WP_03615,45.721666685176885,9.36916664361368,097092,La Valletta Brianza,0.1111107632123738,38.84618464088055,False,False,False,False,True,True,True,True,MODEL_OUTPUT_GATE_B_WALK_GRAPH
WP_03616,45.721666685176885,9.369999976943651,097092,La Valletta Brianza,0.2498372459620726,34.78162589973324,False,False,False,False,True,True,True,True,MODEL_OUTPUT_GATE_B_WALK_GRAPH
WP_03617,45.721666685176885,9.37083331027362,097092,La Valletta Brianza,0.4371620862249479,35.05932600699085,False,False,False,False,True,True,True,True,MODEL_OUTPUT_GATE_B_WALK_GRAPH
WP_03618,45.721666685176885,9.37166664360359,097092,La Valletta Brianza,0.2558661872629243,32.891668775117815,False,False,False,False,True,True,True,True,MODEL_OUTPUT_GATE_B_WALK_GRAPH
WP_03619,45.721666685176885,9.372499976933558,097092,La Valletta Brianza,0.1272508474441813,33.06594323531028,False,False,False,False,True,True,True,True,MODEL_OUTPUT_GATE_B_WALK_GRAPH
WP_03620,45.721666685176885,9.373333310263527,097092,La Valletta Brianza,0.0914564880508015,32.05128664774179,False,False,False,False,True,True,True,True,MODEL_OUTPUT_GATE_B_WALK_GRAPH
WP_03621,45.721666685176885,9.374166643593496,097092,La Valletta Brianza,0.0548821181145521,31.152726664276774,False,False,False,False,True,True,True,True,MODEL_OUTPUT_GATE_B_WALK_GRAPH
WP_03622,45.721666685176885,9.374999976923466,097092,La Valletta Brianza,0.0248812906783071,28.146663755758613,False,False,False,False,True,True,True,True,MODEL_OUTPUT_GATE_B_WALK_GRAPH
WP_03623,45.721666685176885,9.375833310253434,097092,La Valletta Brianza,0.0143885613968834,31.10805727586228,False,False,False,False,True,True,True,True,MODEL_OUTPUT_GATE_B_WALK_GRAPH
WP_03624,45.721666685176885,9.376666643583404,097092,La Valletta Brianza,0.0126318849074084,31.735286411191584,False,False,False,False,True,True,True,True,MODEL_OUTPUT_GATE_B_WALK_GRAPH
WP_03625,45.721666685176885,9.377499976913374,097092,La Valletta Brianza,0.0128227466266763,32.80029996010888,False,False,False,False,True,True,True,True,MODEL_OUTPUT_GATE_B_WALK_GRAPH
WP_03626,45.721666685176885,9.378333310243342,097092,La Valletta Brianza,0.0352888814151911,32.30352329453634,False,False,False,False,True,True,True,True,MODEL_OUTPUT_GATE_B_WALK_GRAPH
WP_03627,45.721666685176885,9.379166643573312,097092,La Valletta Brianza,0.0450600802098901,30.161479961024803,False,False,False,False,True,True,True,True,MODEL_OUTPUT_GATE_B_WALK_GRAPH
WP_03628,45.721666685176885,9.37999997690328,097092,La Valletta Brianza,0.0562287444866708,31.78589834091868,False,False,False,False,True,True,True,True,MODEL_OUTPUT_GATE_B_WALK_GRAPH
WP_03629,45.721666685176885,9.38083331023325,097092,La Valletta Brianza,0.1877322660005324,32.7552018413028,False,False,False,False,True,True,True,True,MODEL_OUTPUT_GATE_B_WALK_GRAPH
WP_03630,45.721666685176885,9.381666643563218,097092,La Valletta Brianza,0.1631978886731316,30.60409168085741,False,False,False,False,True,True,True,True,MODEL_OUTPUT_GATE_B_WALK_GRAPH
WP_03631,45.721666685176885,9.382499976893188,097092,La Valletta Brianza,0.1818966874193865,30.866296411846,False,False,False,False,True,True,True,True,MODEL_OUTPUT_GATE_B_WALK_GRAPH
WP_03632,45.721666685176885,9.383333310223158,097092,La Valletta Brianza,0.2597754180234157,29.999814848160185,False,False,False,False,True,True,True,True,MODEL_OUTPUT_GATE_B_WALK_GRAPH
WP_03633,45.721666685176885,9.384166643553126,097092,La Valletta Brianza,0.2416480434703899,29.785777383366487,False,False,False,False,True,True,True,True,MODEL_OUTPUT_GATE_B_WALK_GRAPH
WP_03634,45.721666685176885,9.384999976883096,097092,La Valletta Brianza,0.1634918329082207,30.691324482805573,False,False,False,False,True,True,True,True,MODEL_OUTPUT_GATE_B_WALK_GRAPH
WP_03635,45.721666685176885,9.385833310213064,097092,La Valletta Brianza,0.0804555270346262,31.46625529764781,False,False,False,False,True,True,True,True,MODEL_OUTPUT_GATE_B_WALK_GRAPH
WP_03636,45.721666685176885,9.386666643543034,097092,La Valletta Brianza,0.0177029910213753,25.96138406105728,False,False,False,False,True,True,True,True,MODEL_OUTPUT_GATE_B_WALK_GRAPH
WP_03637,45.721666685176885,9.387499976873002,097092,La Valletta Brianza,0.0136334888871568,25.18946283891373,False,False,False,False,True,True,True,True,MODEL_OUTPUT_GATE_B_WALK_GRAPH
WP_03638,45.721666685176885,9.388333310202972,097058,Olgiate Molgora,0.0051965831073233,25.44948266338809,False,False,False,False,True,True,True,True,MODEL_OUTPUT_GATE_B_WALK_GRAPH
WP_03639,45.721666685176885,9.389166643532942,097058,Olgiate Molgora,0.0052557501808734,23.31349944121977,False,False,False,False,True,True,True,True,MODEL_OUTPUT_GATE_B_WALK_GRAPH
WP_03640,45.721666685176885,9.38999997686291,097058,Olgiate Molgora,0.0100387898556232,19.84197640587542,False,False,False,False,True,True,True,True,MODEL_OUTPUT_GATE_B_WALK_GRAPH
WP_03641,45.721666685176885,9.39083331019288,097058,Olgiate Molgora,0.0392753860329426,19.399190308710786,False,False,False,False,True,True,True,True,MODEL_OUTPUT_GATE_B_WALK_GRAPH
WP_03642,45.721666685176885,9.391666643522848,097058,Olgiate Molgora,0.0367026126183644,19.60419346464411,False,False,False,False,True,True,True,True,MODEL_OUTPUT_GATE_B_WALK_GRAPH
WP_03643,45.721666685176885,9.392499976852818,097058,Olgiate Molgora,0.066882885787257,18.84926638337124,False,False,False,False,True,True,True,True,MODEL_OUTPUT_GATE_B_WALK_GRAPH
WP_03644,45.721666685176885,9.393333310182786,097058,Olgiate Molgora,0.2328378253789448,18.918754926367036,False,False,False,False,True,True,True,True,MODEL_OUTPUT_GATE_B_WALK_GRAPH
WP_03645,45.721666685176885,9.394166643512756,097058,Olgiate Molgora,0.2867546409882495,13.858080900067874,False,False,False,False,True,True,True,True,MODEL_OUTPUT_GATE_B_WALK_GRAPH
WP_03646,45.721666685176885,9.394999976842726,097058,Olgiate Molgora,19.96863918862707,13.314684599729931,False,False,False,False,True,True,True,True,MODEL_OUTPUT_GATE_B_WALK_GRAPH
WP_03647,45.721666685176885,9.395833310172694,097058,Olgiate Molgora,22.419775845433776,14.784324505861788,False,False,False,False,True,True,True,True,MODEL_OUTPUT_GATE_B_WALK_GRAPH
WP_03648,45.721666685176885,9.396666643502664,097058,Olgiate Molgora,22.18337353231381,15.715684026724906,False,False,False,False,True,True,True,True,MODEL_OUTPUT_GATE_B_WALK_GRAPH
WP_03649,45.721666685176885,9.397499976832632,097058,Olgiate Molgora,24.933822073156765,12.854725279966344,False,False,False,False,True,True,True,True,MODEL_OUTPUT_GATE_B_WALK_GRAPH
WP_03650,45.721666685176885,9.398333310162602,097058,Olgiate Molgora,15.146484636585226,12.90360309836946,False,False,False,False,True,True,True,True,MODEL_OUTPUT_GATE_B_WALK_GRAPH
WP_03651,45.721666685176885,9.39916664349257,097058,Olgiate Molgora,15.297889740323123,13.039024834965112,False,False,False,False,True,True,True,True,MODEL_OUTPUT_GATE_B_WALK_GRAPH
WP_03652,45.721666685176885,9.39999997682254,097058,Olgiate Molgora,17.65502731241703,12.974374941130202,False,False,False,False,True,True,True,True,MODEL_OUTPUT_GATE_B_WALK_GRAPH
WP_03653,45.721666685176885,9.400833310152509,097058,Olgiate Molgora,17.873970016680694,12.318681389408887,False,False,False,False,True,True,True,True,MODEL_OUTPUT_GATE_B_WALK_GRAPH
WP_03654,45.721666685176885,9.405833310132325,097012,Calco,1.218971680228311,13.187422040853445,False,False,False,False,True,True,True,True,MODEL_OUTPUT_GATE_B_WALK_GRAPH
WP_03655,45.721666685176885,9.406666643462293,097012,Calco,0.408204864526851,14.058902799582818,False,False,False,False,True,True,True,True,MODEL_OUTPUT_GATE_B_WALK_GRAPH
WP_03656,45.721666685176885,9.407499976792264,097012,Calco,0.9389697934730072,19.02241249003437,False,False,False,False,True,True,True,True,MODEL_OUTPUT_GATE_B_WALK_GRAPH
WP_03657,45.721666685176885,9.408333310122233,097012,Calco,5.840652011790162,18.768977242134063,False,False,False,False,True,True,True,True,MODEL_OUTPUT_GATE_B_WALK_GRAPH
WP_03658,45.721666685176885,9.4091666434522,097012,Calco,6.014509486192393,7.471353991803687,False,True,True,True,True,False,False,False,MODEL_OUTPUT_GATE_B_WALK_GRAPH
WP_03659,45.721666685176885,9.40999997678217,097012,Calco,16.084063191933073,7.18807879461791,False,True,True,True,True,False,False,False,MODEL_OUTPUT_GATE_B_WALK_GRAPH
WP_03660,45.721666685176885,9.41083331011214,097012,Calco,15.010993784244068,6.068403287859119,False,True,True,True,True,False,False,False,MODEL_OUTPUT_GATE_B_WALK_GRAPH
WP_03661,45.721666685176885,9.411666643442109,097012,Calco,19.816042620719024,4.867526062619909,True,True,True,True,False,False,False,False,MODEL_OUTPUT_GATE_B_WALK_GRAPH
WP_03662,45.721666685176885,9.412499976772075,097012,Calco,19.224659859961186,3.917596709869476,True,True,True,True,False,False,False,False,MODEL_OUTPUT_GATE_B_WALK_GRAPH
WP_03663,45.721666685176885,9.413333310102049,097012,Calco,19.116416484837007,3.467047962340648,True,True,True,True,False,False,False,False,MODEL_OUTPUT_GATE_B_WALK_GRAPH
WP_03664,45.721666685176885,9.414166643432017,097012,Calco,0.3807934905884952,3.609941567447703,True,True,True,True,False,False,False,False,MODEL_OUTPUT_GATE_B_WALK_GRAPH
WP_03665,45.721666685176885,9.414999976761983,097012,Calco,0.2317518693275732,4.398988145430213,True,True,True,True,False,False,False,False,MODEL_OUTPUT_GATE_B_WALK_GRAPH
WP_03666,45.721666685176885,9.415833310091957,097012,Calco,0.2307105342881874,10.866760739980256,False,False,False,True,True,True,True,False,MODEL_OUTPUT_GATE_B_WALK_GRAPH
WP_03667,45.721666685176885,9.416666643421925,097012,Calco,9.81015042208047,9.86370941380521,False,False,True,True,True,True,False,False,MODEL_OUTPUT_GATE_B_WALK_GRAPH
WP_03668,45.721666685176885,9.417499976751891,097012,Calco,0.3624656880777797,10.045652616960773,False,False,False,True,True,True,True,False,MODEL_OUTPUT_GATE_B_WALK_GRAPH
WP_03669,45.721666685176885,9.41833331008186,097012,Calco,0.1292190565014636,9.158239664743745,False,False,True,True,True,True,False,False,MODEL_OUTPUT_GATE_B_WALK_GRAPH
WP_03670,45.721666685176885,9.419166643411833,097012,Calco,0.0282775592397472,9.828276530840638,False,False,True,True,True,True,False,False,MODEL_OUTPUT_GATE_B_WALK_GRAPH
WP_03671,45.721666685176885,9.425833310051583,097012,Calco,0.0156643328821247,7.634811697142655,False,True,True,True,True,False,False,False,MODEL_OUTPUT_GATE_B_WALK_GRAPH
WP_03672,45.721666685176885,9.427499976711523,097012,Calco,0.0161662575442879,5.637889405400983,False,True,True,True,True,False,False,False,MODEL_OUTPUT_GATE_B_WALK_GRAPH
WP_03673,45.721666685176885,9.434999976681246,097012,Calco,0.12165632090301,15.265448781062515,False,False,False,False,True,True,True,True,MODEL_OUTPUT_GATE_B_WALK_GRAPH
WP_03674,45.721666685176885,9.439166643331092,097012,Calco,0.0651324564473944,14.21863549970159,False,False,False,False,True,True,True,True,MODEL_OUTPUT_GATE_B_WALK_GRAPH
WP_03675,45.721666685176885,9.43999997666106,097012,Calco,0.2163147937989608,4.976799659062811,True,True,True,True,False,False,False,False,MODEL_OUTPUT_GATE_B_WALK_GRAPH
WP_03676,45.721666685176885,9.44083330999103,097012,Calco,22.987312153872416,4.188879861864416,True,True,True,True,False,False,False,False,MODEL_OUTPUT_GATE_B_WALK_GRAPH
WP_03677,45.721666685176885,9.441666643320998,097012,Calco,30.27122421213446,3.2761606834548824,True,True,True,True,False,False,False,False,MODEL_OUTPUT_GATE_B_WALK_GRAPH
WP_03678,45.721666685176885,9.442499976650968,097012,Calco,30.60140252945866,3.46024173747406,True,True,True,True,False,False,False,False,MODEL_OUTPUT_GATE_B_WALK_GRAPH
WP_03679,45.721666685176885,9.443333309980936,097012,Calco,29.08381870057012,3.929597310395188,True,True,True,True,False,False,False,False,MODEL_OUTPUT_GATE_B_WALK_GRAPH
WP_03680,45.721666685176885,9.444166643310906,097012,Calco,26.77951359168261,4.561872471296971,True,True,True,True,False,False,False,False,MODEL_OUTPUT_GATE_B_WALK_GRAPH
WP_03681,45.721666685176885,9.444999976640874,097012,Calco,22.71380076956063,3.86543232769978,True,True,True,True,False,False,False,False,MODEL_OUTPUT_GATE_B_WALK_GRAPH
WP_03682,45.721666685176885,9.445833309970844,097012,Calco,19.835458026351716,3.59832477837655,True,True,True,True,False,False,False,False,MODEL_OUTPUT_GATE_B_WALK_GRAPH
WP_03683,45.721666685176885,9.446666643300814,097012,Calco,0.107119265035043,4.3757352842104815,True,True,True,True,False,False,False,False,MODEL_OUTPUT_GATE_B_WALK_GRAPH
WP_03684,45.721666685176885,9.447499976630782,097012,Calco,0.0381439806929619,14.078997930927944,False,False,False,False,True,True,True,True,MODEL_OUTPUT_GATE_B_WALK_GRAPH
WP_03685,45.721666685176885,9.448333309960752,097012,Calco,0.0527780743073584,12.805046301924602,False,False,False,False,True,True,True,True,MODEL_OUTPUT_GATE_B_WALK_GRAPH
WP_03686,45.720833351846906,9.353333310344269,097092,La Valletta Brianza,0.0365348851455063,47.12874132255515,False,False,False,False,True,True,True,True,MODEL_OUTPUT_GATE_B_WALK_GRAPH
WP_03687,45.720833351846906,9.354166643674237,097092,La Valletta Brianza,0.0152464465302975,48.43248329904264,False,False,False,False,True,True,True,True,MODEL_OUTPUT_GATE_B_WALK_GRAPH
WP_03688,45.720833351846906,9.36083331031399,097092,La Valletta Brianza,0.1455571082169477,44.498115669190895,False,False,False,False,True,True,True,True,MODEL_OUTPUT_GATE_B_WALK_GRAPH
WP_03689,45.720833351846906,9.36166664364396,097092,La Valletta Brianza,0.1627277040180116,42.79066488579653,False,False,False,False,True,True,True,True,MODEL_OUTPUT_GATE_B_WALK_GRAPH
WP_03690,45.720833351846906,9.362499976973927,097092,La Valletta Brianza,0.1214279632181185,42.25697277556507,False,False,False,False,True,True,True,True,MODEL_OUTPUT_GATE_B_WALK_GRAPH
WP_03691,45.720833351846906,9.363333310303895,097092,La Valletta Brianza,0.1644794290578358,41.48117507554306,False,False,False,False,True,True,True,True,MODEL_OUTPUT_GATE_B_WALK_GRAPH
WP_03692,45.720833351846906,9.364166643633869,097092,La Valletta Brianza,0.1214948759040372,41.98568500555477,False,False,False,False,True,True,True,True,MODEL_OUTPUT_GATE_B_WALK_GRAPH
WP_03693,45.720833351846906,9.364999976963835,097092,La Valletta Brianza,0.0505314329307608,42.94875745148318,False,False,False,False,True,True,True,True,MODEL_OUTPUT_GATE_B_WALK_GRAPH
WP_03694,45.720833351846906,9.365833310293803,097092,La Valletta Brianza,0.0412501046377254,43.495709371762274,False,False,False,False,True,True,True,True,MODEL_OUTPUT_GATE_B_WALK_GRAPH
WP_03695,45.720833351846906,9.366666643623772,097092,La Valletta Brianza,0.0220738435735485,42.45898053275466,False,False,False,False,True,True,True,True,MODEL_OUTPUT_GATE_B_WALK_GRAPH
WP_03696,45.720833351846906,9.367499976953743,097092,La Valletta Brianza,0.0605015979199389,42.1934077776794,False,False,False,False,True,True,True,True,MODEL_OUTPUT_GATE_B_WALK_GRAPH
WP_03697,45.720833351846906,9.368333310283711,097092,La Valletta Brianza,0.0865100695321494,39.883885661567135,False,False,False,False,True,True,True,True,MODEL_OUTPUT_GATE_B_WALK_GRAPH
WP_03698,45.720833351846906,9.36916664361368,097092,La Valletta Brianza,0.0903902856030798,39.7849588528042,False,False,False,False,True,True,True,True,MODEL_OUTPUT_GATE_B_WALK_GRAPH
WP_03699,45.720833351846906,9.369999976943651,097092,La Valletta Brianza,0.2015012133211351,41.15259298967624,False,False,False,False,True,True,True,True,MODEL_OUTPUT_GATE_B_WALK_GRAPH
WP_03700,45.720833351846906,9.37083331027362,097092,La Valletta Brianza,0.2657994515714383,35.48800297795166,False,False,False,False,True,True,True,True,MODEL_OUTPUT_GATE_B_WALK_GRAPH
WP_03701,45.720833351846906,9.37166664360359,097092,La Valletta Brianza,0.1996814103468154,34.82193303432847,False,False,False,False,True,True,True,True,MODEL_OUTPUT_GATE_B_WALK_GRAPH
WP_03702,45.720833351846906,9.372499976933558,097092,La Valletta Brianza,0.109687261279005,34.704364099741206,False,False,False,False,True,True,True,True,MODEL_OUTPUT_GATE_B_WALK_GRAPH
WP_03703,45.720833351846906,9.373333310263527,097092,La Valletta Brianza,0.0800863214502863,32.407822765779464,False,False,False,False,True,True,True,True,MODEL_OUTPUT_GATE_B_WALK_GRAPH
WP_03704,45.720833351846906,9.374166643593496,097092,La Valletta Brianza,0.0766599422823844,31.02313897968421,False,False,False,False,True,True,True,True,MODEL_OUTPUT_GATE_B_WALK_GRAPH
WP_03705,45.720833351846906,9.374999976923466,097092,La Valletta Brianza,0.0683916605387611,30.15822231438944,False,False,False,False,True,True,True,True,MODEL_OUTPUT_GATE_B_WALK_GRAPH
WP_03706,45.720833351846906,9.375833310253434,097092,La Valletta Brianza,0.0624368359017937,32.36435986091673,False,False,False,False,True,True,True,True,MODEL_OUTPUT_GATE_B_WALK_GRAPH
WP_03707,45.720833351846906,9.376666643583404,097092,La Valletta Brianza,0.0352715671922213,33.480788821698376,False,False,False,False,True,True,True,True,MODEL_OUTPUT_GATE_B_WALK_GRAPH
WP_03708,45.720833351846906,9.377499976913374,097092,La Valletta Brianza,0.0443326566498485,35.20590002522258,False,False,False,False,True,True,True,True,MODEL_OUTPUT_GATE_B_WALK_GRAPH
WP_03709,45.720833351846906,9.378333310243342,097092,La Valletta Brianza,0.0824558475766939,33.21095542311581,False,False,False,False,True,True,True,True,MODEL_OUTPUT_GATE_B_WALK_GRAPH
WP_03710,45.720833351846906,9.379166643573312,097092,La Valletta Brianza,3.361954794920301,35.69874817843568,False,False,False,False,True,True,True,True,MODEL_OUTPUT_GATE_B_WALK_GRAPH
WP_03711,45.720833351846906,9.37999997690328,097092,La Valletta Brianza,5.217886397323626,33.632812725193226,False,False,False,False,True,True,True,True,MODEL_OUTPUT_GATE_B_WALK_GRAPH
WP_03712,45.720833351846906,9.38083331023325,097092,La Valletta Brianza,0.1844571086802785,33.55117369798758,False,False,False,False,True,True,True,True,MODEL_OUTPUT_GATE_B_WALK_GRAPH
WP_03713,45.720833351846906,9.381666643563218,097092,La Valletta Brianza,0.2781173628202441,31.728541052680207,False,False,False,False,True,True,True,True,MODEL_OUTPUT_GATE_B_WALK_GRAPH
WP_03714,45.720833351846906,9.382499976893188,097092,La Valletta Brianza,22.684835125663945,32.88011674031822,False,False,False,False,True,True,True,True,MODEL_OUTPUT_GATE_B_WALK_GRAPH
WP_03715,45.720833351846906,9.383333310223158,097092,La Valletta Brianza,20.876383372373784,31.974317336516883,False,False,False,False,True,True,True,True,MODEL_OUTPUT_GATE_B_WALK_GRAPH
WP_03716,45.720833351846906,9.384166643553126,097092,La Valletta Brianza,0.2571201592371834,31.07823238135944,False,False,False,False,True,True,True,True,MODEL_OUTPUT_GATE_B_WALK_GRAPH
WP_03717,45.720833351846906,9.384999976883096,097092,La Valletta Brianza,0.1685848191346172,30.504815747297474,False,False,False,False,True,True,True,True,MODEL_OUTPUT_GATE_B_WALK_GRAPH
WP_03718,45.720833351846906,9.385833310213064,097058,Olgiate Molgora,0.0374182844189594,30.861484335302716,False,False,False,False,True,True,True,True,MODEL_OUTPUT_GATE_B_WALK_GRAPH
WP_03719,45.720833351846906,9.386666643543034,097058,Olgiate Molgora,0.0089221918811428,30.729045645967293,False,False,False,False,True,True,True,True,MODEL_OUTPUT_GATE_B_WALK_GRAPH
WP_03720,45.720833351846906,9.387499976873002,097058,Olgiate Molgora,0.0055491680987752,25.003495978816453,False,False,False,False,True,True,True,True,MODEL_OUTPUT_GATE_B_WALK_GRAPH
WP_03721,45.720833351846906,9.388333310202972,097058,Olgiate Molgora,0.0043647137458415,24.18027114555873,False,False,False,False,True,True,True,True,MODEL_OUTPUT_GATE_B_WALK_GRAPH
WP_03722,45.720833351846906,9.389166643532942,097058,Olgiate Molgora,0.0066495867649617,23.50853999110095,False,False,False,False,True,True,True,True,MODEL_OUTPUT_GATE_B_WALK_GRAPH
WP_03723,45.720833351846906,9.38999997686291,097058,Olgiate Molgora,0.0287339035930595,20.8448402527707,False,False,False,False,True,True,True,True,MODEL_OUTPUT_GATE_B_WALK_GRAPH
WP_03724,45.720833351846906,9.39083331019288,097058,Olgiate Molgora,0.0396431951205216,21.04717757437564,False,False,False,False,True,True,True,True,MODEL_OUTPUT_GATE_B_WALK_GRAPH
WP_03725,45.720833351846906,9.391666643522848,097058,Olgiate Molgora,0.06633522100515,18.98698570866342,False,False,False,False,True,True,True,True,MODEL_OUTPUT_GATE_B_WALK_GRAPH
WP_03726,45.720833351846906,9.392499976852818,097058,Olgiate Molgora,0.2376142760203939,18.19282049970332,False,False,False,False,True,True,True,True,MODEL_OUTPUT_GATE_B_WALK_GRAPH
WP_03727,45.720833351846906,9.393333310182786,097058,Olgiate Molgora,0.2462657953412987,17.607543265883905,False,False,False,False,True,True,True,True,MODEL_OUTPUT_GATE_B_WALK_GRAPH
WP_03728,45.720833351846906,9.394166643512756,097058,Olgiate Molgora,15.973470975534992,16.847268482148035,False,False,False,False,True,True,True,True,MODEL_OUTPUT_GATE_B_WALK_GRAPH
WP_03729,45.720833351846906,9.394999976842726,097058,Olgiate Molgora,18.401350747990037,15.296079916868594,False,False,False,False,True,True,True,True,MODEL_OUTPUT_GATE_B_WALK_GRAPH
WP_03730,45.720833351846906,9.395833310172694,097058,Olgiate Molgora,23.087833237553895,14.829303448117232,False,False,False,False,True,True,True,True,MODEL_OUTPUT_GATE_B_WALK_GRAPH
WP_03731,45.720833351846906,9.396666643502664,097058,Olgiate Molgora,12.91141934752694,15.005272530967392,False,False,False,False,True,True,True,True,MODEL_OUTPUT_GATE_B_WALK_GRAPH
WP_03732,45.720833351846906,9.397499976832632,097058,Olgiate Molgora,12.973914692847575,14.05587922739265,False,False,False,False,True,True,True,True,MODEL_OUTPUT_GATE_B_WALK_GRAPH
WP_03733,45.720833351846906,9.398333310162602,097058,Olgiate Molgora,13.499462475896202,15.166159394229943,False,False,False,False,True,True,True,True,MODEL_OUTPUT_GATE_B_WALK_GRAPH
WP_03734,45.720833351846906,9.39916664349257,097058,Olgiate Molgora,13.401530130868416,14.248884902522764,False,False,False,False,True,True,True,True,MODEL_OUTPUT_GATE_B_WALK_GRAPH
WP_03735,45.720833351846906,9.39999997682254,097058,Olgiate Molgora,13.779944982345103,13.75236901473641,False,False,False,False,True,True,True,True,MODEL_OUTPUT_GATE_B_WALK_GRAPH
WP_03736,45.720833351846906,9.400833310152509,097058,Olgiate Molgora,13.84355967819578,14.980311013367626,False,False,False,False,True,True,True,True,MODEL_OUTPUT_GATE_B_WALK_GRAPH
WP_03737,45.720833351846906,9.401666643482478,097058,Olgiate Molgora,13.811315039840498,15.861469644907553,False,False,False,False,True,True,True,True,MODEL_OUTPUT_GATE_B_WALK_GRAPH
WP_03738,45.720833351846906,9.402499976812448,097058,Olgiate Molgora,13.46211438991825,12.578129803067702,False,False,False,False,True,True,True,True,MODEL_OUTPUT_GATE_B_WALK_GRAPH
WP_03739,45.720833351846906,9.403333310142417,097058,Olgiate Molgora,17.756177437185503,12.732536592393911,False,False,False,False,True,True,True,True,MODEL_OUTPUT_GATE_B_WALK_GRAPH
WP_03740,45.720833351846906,9.405833310132325,097012,Calco,5.776921326654584,13.783988125435812,False,False,False,False,True,True,True,True,MODEL_OUTPUT_GATE_B_WALK_GRAPH
WP_03741,45.720833351846906,9.406666643462293,097012,Calco,0.5824949125467995,17.244729034113963,False,False,False,False,True,True,True,True,MODEL_OUTPUT_GATE_B_WALK_GRAPH
WP_03742,45.720833351846906,9.407499976792264,097012,Calco,0.5555111558731551,16.943791472403674,False,False,False,False,True,True,True,True,MODEL_OUTPUT_GATE_B_WALK_GRAPH
WP_03743,45.720833351846906,9.408333310122233,097012,Calco,5.071545399467727,17.677242504872037,False,False,False,False,True,True,True,True,MODEL_OUTPUT_GATE_B_WALK_GRAPH
WP_03744,45.720833351846906,9.4091666434522,097012,Calco,0.6406435841995245,7.199753590225918,False,True,True,True,True,False,False,False,MODEL_OUTPUT_GATE_B_WALK_GRAPH
WP_03745,45.720833351846906,9.40999997678217,097012,Calco,9.04580401773068,6.970308681139392,False,True,True,True,True,False,False,False,MODEL_OUTPUT_GATE_B_WALK_GRAPH
WP_03746,45.720833351846906,9.41083331011214,097012,Calco,2.380408960213748,6.357976225437422,False,True,True,True,True,False,False,False,MODEL_OUTPUT_GATE_B_WALK_GRAPH
WP_03747,45.720833351846906,9.411666643442109,097012,Calco,6.97833792089676,6.23387566494141,False,True,True,True,True,False,False,False,MODEL_OUTPUT_GATE_B_WALK_GRAPH
WP_03748,45.720833351846906,9.412499976772075,097012,Calco,13.41252564882734,4.640929152774095,True,True,True,True,False,False,False,False,MODEL_OUTPUT_GATE_B_WALK_GRAPH
WP_03749,45.720833351846906,9.413333310102049,097012,Calco,0.4684449062396887,10.382069079174958,False,False,False,True,True,True,True,False,MODEL_OUTPUT_GATE_B_WALK_GRAPH
WP_03750,45.720833351846906,9.414166643432017,097012,Calco,0.234525397015578,10.555905812493831,False,False,False,True,True,True,True,False,MODEL_OUTPUT_GATE_B_WALK_GRAPH
WP_03751,45.720833351846906,9.414999976761983,097012,Calco,0.0673996518122345,11.41387208260482,False,False,False,True,True,True,True,False,MODEL_OUTPUT_GATE_B_WALK_GRAPH
WP_03752,45.720833351846906,9.415833310091957,097012,Calco,0.1995715083444919,10.68063117833967,False,False,False,True,True,True,True,False,MODEL_OUTPUT_GATE_B_WALK_GRAPH
WP_03753,45.720833351846906,9.416666643421925,097012,Calco,0.5513777156471966,9.458517111146094,False,False,True,True,True,True,False,False,MODEL_OUTPUT_GATE_B_WALK_GRAPH
WP_03754,45.720833351846906,9.417499976751891,097012,Calco,0.0993416530792508,9.588284481121107,False,False,True,True,True,True,False,False,MODEL_OUTPUT_GATE_B_WALK_GRAPH
WP_03755,45.720833351846906,9.41833331008186,097012,Calco,0.3080922019648133,8.026816321095462,False,False,True,True,True,True,False,False,MODEL_OUTPUT_GATE_B_WALK_GRAPH
WP_03756,45.720833351846906,9.419166643411833,097012,Calco,0.0516177966821586,7.667854501113028,False,True,True,True,True,False,False,False,MODEL_OUTPUT_GATE_B_WALK_GRAPH
WP_03757,45.720833351846906,9.439166643331092,097012,Calco,0.0704404402906839,15.337199075678676,False,False,False,False,True,True,True,True,MODEL_OUTPUT_GATE_B_WALK_GRAPH
WP_03758,45.720833351846906,9.43999997666106,097012,Calco,0.213263552161112,5.218357436616193,False,True,True,True,True,False,False,False,MODEL_OUTPUT_GATE_B_WALK_GRAPH
WP_03759,45.720833351846906,9.44083330999103,097012,Calco,22.27731268751071,6.036322237998819,False,True,True,True,True,False,False,False,MODEL_OUTPUT_GATE_B_WALK_GRAPH
WP_03760,45.720833351846906,9.441666643320998,097012,Calco,24.167975338078783,5.442425934527701,False,True,True,True,True,False,False,False,MODEL_OUTPUT_GATE_B_WALK_GRAPH
WP_03761,45.720833351846906,9.442499976650968,097012,Calco,28.94515892522517,5.692286106938738,False,True,True,True,True,False,False,False,MODEL_OUTPUT_GATE_B_WALK_GRAPH
WP_03762,45.720833351846906,9.443333309980936,097012,Calco,28.971389210787503,5.391652636136779,False,True,True,True,True,False,False,False,MODEL_OUTPUT_GATE_B_WALK_GRAPH
WP_03763,45.720833351846906,9.444166643310906,097012,Calco,27.54677053524474,5.566305594776059,False,True,True,True,True,False,False,False,MODEL_OUTPUT_GATE_B_WALK_GRAPH
WP_03764,45.720833351846906,9.444999976640874,097012,Calco,22.79175597691628,3.7841298964542207,True,True,True,True,False,False,False,False,MODEL_OUTPUT_GATE_B_WALK_GRAPH
WP_03765,45.720833351846906,9.445833309970844,097012,Calco,19.526864942733862,3.645505600284509,True,True,True,True,False,False,False,False,MODEL_OUTPUT_GATE_B_WALK_GRAPH
WP_03766,45.720833351846906,9.446666643300814,097012,Calco,13.011007062687764,4.221341394337919,True,True,True,True,False,False,False,False,MODEL_OUTPUT_GATE_B_WALK_GRAPH
WP_03767,45.720833351846906,9.447499976630782,097012,Calco,4.780539143586118,12.518202954635292,False,False,False,False,True,True,True,True,MODEL_OUTPUT_GATE_B_WALK_GRAPH
WP_03768,45.720833351846906,9.448333309960752,097012,Calco,11.981434608983978,12.217571896446303,False,False,False,False,True,True,True,True,MODEL_OUTPUT_GATE_B_WALK_GRAPH
WP_03769,45.720833351846906,9.44999997662069,097012,Calco,0.0346075272548332,13.03317638755803,False,False,False,False,True,True,True,True,MODEL_OUTPUT_GATE_B_WALK_GRAPH
WP_03770,45.72000001851692,9.354166643674237,097092,La Valletta Brianza,0.0721101195440291,49.88312658305369,False,False,False,False,True,True,True,True,MODEL_OUTPUT_GATE_B_WALK_GRAPH
WP_03771,45.72000001851692,9.362499976973927,097092,La Valletta Brianza,0.1648901449091215,45.28592065482721,False,False,False,False,True,True,True,True,MODEL_OUTPUT_GATE_B_WALK_GRAPH
WP_03772,45.72000001851692,9.363333310303895,097092,La Valletta Brianza,0.1611934006538012,46.1433063600731,False,False,False,False,True,True,True,True,MODEL_OUTPUT_GATE_B_WALK_GRAPH
WP_03773,45.72000001851692,9.364166643633869,097092,La Valletta Brianza,0.1185188721654507,46.92723566629777,False,False,False,False,True,True,True,True,MODEL_OUTPUT_GATE_B_WALK_GRAPH
WP_03774,45.72000001851692,9.364999976963835,097092,La Valletta Brianza,0.0446470921238797,47.97724675323804,False,False,False,False,True,True,True,True,MODEL_OUTPUT_GATE_B_WALK_GRAPH
WP_03775,45.72000001851692,9.365833310293803,097092,La Valletta Brianza,0.0118918560995278,44.27671199424504,False,False,False,False,True,True,True,True,MODEL_OUTPUT_GATE_B_WALK_GRAPH
WP_03776,45.72000001851692,9.366666643623772,097092,La Valletta Brianza,0.0135966593209279,44.01044745950815,False,False,False,False,True,True,True,True,MODEL_OUTPUT_GATE_B_WALK_GRAPH
WP_03777,45.72000001851692,9.367499976953743,097092,La Valletta Brianza,0.0492341856806824,44.57944457744991,False,False,False,False,True,True,True,True,MODEL_OUTPUT_GATE_B_WALK_GRAPH
WP_03778,45.72000001851692,9.368333310283711,097092,La Valletta Brianza,0.0826410124299421,45.23629690501943,False,False,False,False,True,True,True,True,MODEL_OUTPUT_GATE_B_WALK_GRAPH
WP_03779,45.72000001851692,9.36916664361368,097092,La Valletta Brianza,0.0668532856589355,43.46268531743175,False,False,False,False,True,True,True,True,MODEL_OUTPUT_GATE_B_WALK_GRAPH
WP_03780,45.72000001851692,9.369999976943651,097092,La Valletta Brianza,0.1016460179389554,42.80816104128645,False,False,False,False,True,True,True,True,MODEL_OUTPUT_GATE_B_WALK_GRAPH
WP_03781,45.72000001851692,9.37083331027362,097092,La Valletta Brianza,0.1008941378676089,36.670894976522064,False,False,False,False,True,True,True,True,MODEL_OUTPUT_GATE_B_WALK_GRAPH
WP_03782,45.72000001851692,9.37166664360359,097092,La Valletta Brianza,0.0787329195004139,36.34782338103317,False,False,False,False,True,True,True,True,MODEL_OUTPUT_GATE_B_WALK_GRAPH
WP_03783,45.72000001851692,9.372499976933558,097092,La Valletta Brianza,0.082520251550971,36.761717228666896,False,False,False,False,True,True,True,True,MODEL_OUTPUT_GATE_B_WALK_GRAPH
WP_03784,45.72000001851692,9.373333310263527,097092,La Valletta Brianza,0.076964195540176,32.5431378554473,False,False,False,False,True,True,True,True,MODEL_OUTPUT_GATE_B_WALK_GRAPH
WP_03785,45.72000001851692,9.374166643593496,097092,La Valletta Brianza,0.0480379037925773,31.74232646129151,False,False,False,False,True,True,True,True,MODEL_OUTPUT_GATE_B_WALK_GRAPH
WP_03786,45.72000001851692,9.374999976923466,097092,La Valletta Brianza,0.0376919872638192,31.312428262112043,False,False,False,False,True,True,True,True,MODEL_OUTPUT_GATE_B_WALK_GRAPH
WP_03787,45.72000001851692,9.375833310253434,097092,La Valletta Brianza,0.0558297051115645,34.595978713184564,False,False,False,False,True,True,True,True,MODEL_OUTPUT_GATE_B_WALK_GRAPH
WP_03788,45.72000001851692,9.376666643583404,097092,La Valletta Brianza,0.0570046732323203,34.16673469781551,False,False,False,False,True,True,True,True,MODEL_OUTPUT_GATE_B_WALK_GRAPH
WP_03789,45.72000001851692,9.377499976913374,097092,La Valletta Brianza,0.0627310406042117,35.292662814523844,False,False,False,False,True,True,True,True,MODEL_OUTPUT_GATE_B_WALK_GRAPH
WP_03790,45.72000001851692,9.378333310243342,097092,La Valletta Brianza,0.0725065508186446,36.00804628040595,False,False,False,False,True,True,True,True,MODEL_OUTPUT_GATE_B_WALK_GRAPH
WP_03791,45.72000001851692,9.379166643573312,097092,La Valletta Brianza,0.0884992790863176,37.11057454012244,False,False,False,False,True,True,True,True,MODEL_OUTPUT_GATE_B_WALK_GRAPH
WP_03792,45.72000001851692,9.37999997690328,097092,La Valletta Brianza,0.0895246567074329,35.792315548665144,False,False,False,False,True,True,True,True,MODEL_OUTPUT_GATE_B_WALK_GRAPH
WP_03793,45.72000001851692,9.38083331023325,097092,La Valletta Brianza,0.1804984439625196,35.281438349415176,False,False,False,False,True,True,True,True,MODEL_OUTPUT_GATE_B_WALK_GRAPH
WP_03794,45.72000001851692,9.381666643563218,097092,La Valletta Brianza,0.2291727825373032,34.85352204895958,False,False,False,False,True,True,True,True,MODEL_OUTPUT_GATE_B_WALK_GRAPH
WP_03795,45.72000001851692,9.382499976893188,097092,La Valletta Brianza,0.2574550105517196,33.96061694398253,False,False,False,False,True,True,True,True,MODEL_OUTPUT_GATE_B_WALK_GRAPH
WP_03796,45.72000001851692,9.383333310223158,097092,La Valletta Brianza,0.4604215719389353,31.999158941818983,False,False,False,False,True,True,True,True,MODEL_OUTPUT_GATE_B_WALK_GRAPH
WP_03797,45.72000001851692,9.384166643553126,097092,La Valletta Brianza,6.860773052602592,30.842219272083184,False,False,False,False,True,True,True,True,MODEL_OUTPUT_GATE_B_WALK_GRAPH
WP_03798,45.72000001851692,9.384999976883096,097092,La Valletta Brianza,7.872113623262972,29.79593214030597,False,False,False,False,True,True,True,True,MODEL_OUTPUT_GATE_B_WALK_GRAPH
WP_03799,45.72000001851692,9.385833310213064,097058,Olgiate Molgora,0.0810900367479752,29.35410763181956,False,False,False,False,True,True,True,True,MODEL_OUTPUT_GATE_B_WALK_GRAPH
WP_03800,45.72000001851692,9.386666643543034,097058,Olgiate Molgora,0.0479241215401409,29.12513234780146,False,False,False,False,True,True,True,True,MODEL_OUTPUT_GATE_B_WALK_GRAPH
WP_03801,45.72000001851692,9.387499976873002,097058,Olgiate Molgora,0.0091599725975969,25.36813164724076,False,False,False,False,True,True,True,True,MODEL_OUTPUT_GATE_B_WALK_GRAPH
WP_03802,45.72000001851692,9.388333310202972,097058,Olgiate Molgora,0.0053297087929717,24.531416146782654,False,False,False,False,True,True,True,True,MODEL_OUTPUT_GATE_B_WALK_GRAPH
WP_03803,45.72000001851692,9.389166643532942,097058,Olgiate Molgora,0.0101989124664669,22.469339268958738,False,False,False,False,True,True,True,True,MODEL_OUTPUT_GATE_B_WALK_GRAPH
WP_03804,45.72000001851692,9.38999997686291,097058,Olgiate Molgora,0.0401189441023058,20.692620799866354,False,False,False,False,True,True,True,True,MODEL_OUTPUT_GATE_B_WALK_GRAPH
WP_03805,45.72000001851692,9.39083331019288,097058,Olgiate Molgora,0.0600231275229548,19.960416582424983,False,False,False,False,True,True,True,True,MODEL_OUTPUT_GATE_B_WALK_GRAPH
WP_03806,45.72000001851692,9.391666643522848,097058,Olgiate Molgora,0.046388283795661,19.70590829041083,False,False,False,False,True,True,True,True,MODEL_OUTPUT_GATE_B_WALK_GRAPH
WP_03807,45.72000001851692,9.392499976852818,097058,Olgiate Molgora,0.046735734636636,18.53797698838894,False,False,False,False,True,True,True,True,MODEL_OUTPUT_GATE_B_WALK_GRAPH
WP_03808,45.72000001851692,9.393333310182786,097058,Olgiate Molgora,0.0588009744669358,17.76223386728982,False,False,False,False,True,True,True,True,MODEL_OUTPUT_GATE_B_WALK_GRAPH
WP_03809,45.72000001851692,9.394166643512756,097058,Olgiate Molgora,0.2050242094100519,16.93424395042217,False,False,False,False,True,True,True,True,MODEL_OUTPUT_GATE_B_WALK_GRAPH
WP_03810,45.72000001851692,9.394999976842726,097058,Olgiate Molgora,19.583923400987587,16.218355564719353,False,False,False,False,True,True,True,True,MODEL_OUTPUT_GATE_B_WALK_GRAPH
WP_03811,45.72000001851692,9.395833310172694,097058,Olgiate Molgora,12.40812771744778,15.511291388909646,False,False,False,False,True,True,True,True,MODEL_OUTPUT_GATE_B_WALK_GRAPH
WP_03812,45.72000001851692,9.396666643502664,097058,Olgiate Molgora,16.143118951073674,15.322084933246083,False,False,False,False,True,True,True,True,MODEL_OUTPUT_GATE_B_WALK_GRAPH
WP_03813,45.72000001851692,9.397499976832632,097058,Olgiate Molgora,13.672918502649363,16.438234303670658,False,False,False,False,True,True,True,True,MODEL_OUTPUT_GATE_B_WALK_GRAPH
WP_03814,45.72000001851692,9.398333310162602,097058,Olgiate Molgora,13.358309455650437,15.465693272213931,False,False,False,False,True,True,True,True,MODEL_OUTPUT_GATE_B_WALK_GRAPH
WP_03815,45.72000001851692,9.39916664349257,097058,Olgiate Molgora,13.758181192981365,15.963912745582787,False,False,False,False,True,True,True,True,MODEL_OUTPUT_GATE_B_WALK_GRAPH
WP_03816,45.72000001851692,9.39999997682254,097058,Olgiate Molgora,13.576755089199333,14.93295448186814,False,False,False,False,True,True,True,True,MODEL_OUTPUT_GATE_B_WALK_GRAPH
WP_03817,45.72000001851692,9.400833310152509,097058,Olgiate Molgora,13.600188019429144,16.20826759212682,False,False,False,False,True,True,True,True,MODEL_OUTPUT_GATE_B_WALK_GRAPH
WP_03818,45.72000001851692,9.401666643482478,097058,Olgiate Molgora,13.49404365196776,18.4208525153784,False,False,False,False,True,True,True,True,MODEL_OUTPUT_GATE_B_WALK_GRAPH
WP_03819,45.72000001851692,9.402499976812448,097058,Olgiate Molgora,14.837347133136,18.177591147654077,False,False,False,False,True,True,True,True,MODEL_OUTPUT_GATE_B_WALK_GRAPH
WP_03820,45.72000001851692,9.403333310142417,097058,Olgiate Molgora,15.249391454447943,15.541512969916358,False,False,False,False,True,True,True,True,MODEL_OUTPUT_GATE_B_WALK_GRAPH
WP_03821,45.72000001851692,9.404166643472388,097058,Olgiate Molgora,13.299051659928462,14.884797308678694,False,False,False,False,True,True,True,True,MODEL_OUTPUT_GATE_B_WALK_GRAPH
WP_03822,45.72000001851692,9.404999976802356,097058,Olgiate Molgora,14.6051379127501,15.510145814962424,False,False,False,False,True,True,True,True,MODEL_OUTPUT_GATE_B_WALK_GRAPH
WP_03823,45.72000001851692,9.405833310132325,097012,Calco,9.634509082413173,16.301401107116643,False,False,False,False,True,True,True,True,MODEL_OUTPUT_GATE_B_WALK_GRAPH
WP_03824,45.72000001851692,9.406666643462293,097012,Calco,10.181667676199988,15.593204359256845,False,False,False,False,True,True,True,True,MODEL_OUTPUT_GATE_B_WALK_GRAPH
WP_03825,45.72000001851692,9.407499976792264,097012,Calco,10.481929024959555,15.738527856948894,False,False,False,False,True,True,True,True,MODEL_OUTPUT_GATE_B_WALK_GRAPH
WP_03826,45.72000001851692,9.4091666434522,097012,Calco,1.8557378672891076,8.07837061447357,False,False,True,True,True,True,False,False,MODEL_OUTPUT_GATE_B_WALK_GRAPH
WP_03827,45.72000001851692,9.40999997678217,097012,Calco,1.956930355717071,7.687693110757052,False,True,True,True,True,False,False,False,MODEL_OUTPUT_GATE_B_WALK_GRAPH
WP_03828,45.72000001851692,9.41083331011214,097012,Calco,2.5787109567354958,6.452546607252216,False,True,True,True,True,False,False,False,MODEL_OUTPUT_GATE_B_WALK_GRAPH
WP_03829,45.72000001851692,9.411666643442109,097012,Calco,9.64312934028902,6.810659319681273,False,True,True,True,True,False,False,False,MODEL_OUTPUT_GATE_B_WALK_GRAPH
WP_03830,45.72000001851692,9.413333310102049,097012,Calco,0.3108767496291836,9.28941378356799,False,False,True,True,True,True,False,False,MODEL_OUTPUT_GATE_B_WALK_GRAPH
WP_03831,45.72000001851692,9.414166643432017,097012,Calco,0.1365938329575769,11.4591376339502,False,False,False,True,True,True,True,False,MODEL_OUTPUT_GATE_B_WALK_GRAPH
WP_03832,45.72000001851692,9.414999976761983,097012,Calco,0.0589745239724363,11.265581987391466,False,False,False,True,True,True,True,False,MODEL_OUTPUT_GATE_B_WALK_GRAPH
WP_03833,45.72000001851692,9.415833310091957,097012,Calco,0.1185379048637749,9.99392731746364,False,False,True,True,True,True,False,False,MODEL_OUTPUT_GATE_B_WALK_GRAPH
WP_03834,45.72000001851692,9.41833331008186,097012,Calco,0.3045582431804252,6.657306610035552,False,True,True,True,True,False,False,False,MODEL_OUTPUT_GATE_B_WALK_GRAPH
WP_03835,45.72000001851692,9.419166643411833,097012,Calco,0.0626952555380727,6.283857269175835,False,True,True,True,True,False,False,False,MODEL_OUTPUT_GATE_B_WALK_GRAPH
WP_03836,45.72000001851692,9.4199999767418,097012,Calco,0.0116324303361265,5.534896977484245,False,True,True,True,True,False,False,False,MODEL_OUTPUT_GATE_B_WALK_GRAPH
WP_03837,45.72000001851692,9.42083331007177,097012,Calco,0.0281042516568929,4.017432052842153,True,True,True,True,False,False,False,False,MODEL_OUTPUT_GATE_B_WALK_GRAPH
WP_03838,45.72000001851692,9.42166664340174,097012,Calco,0.0856134252493252,3.85086068650986,True,True,True,True,False,False,False,False,MODEL_OUTPUT_GATE_B_WALK_GRAPH
WP_03839,45.72000001851692,9.422499976731707,097012,Calco,0.0193516304853757,1.5670075635855774,True,True,True,True,False,False,False,False,MODEL_OUTPUT_GATE_B_WALK_GRAPH
WP_03840,45.72000001851692,9.43999997666106,097012,Calco,0.2097386624481827,6.8507740117231934,False,True,True,True,True,False,False,False,MODEL_OUTPUT_GATE_B_WALK_GRAPH
WP_03841,45.72000001851692,9.44083330999103,097012,Calco,0.5331321675055255,5.366926011084491,False,True,True,True,True,False,False,False,MODEL_OUTPUT_GATE_B_WALK_GRAPH
WP_03842,45.72000001851692,9.441666643320998,097012,Calco,14.253597241352612,4.56113959308403,True,True,True,True,False,False,False,False,MODEL_OUTPUT_GATE_B_WALK_GRAPH
WP_03843,45.72000001851692,9.442499976650968,097012,Calco,29.15939485848264,5.0849209214201405,False,True,True,True,True,False,False,False,MODEL_OUTPUT_GATE_B_WALK_GRAPH
WP_03844,45.72000001851692,9.443333309980936,097012,Calco,29.493811595807653,5.739887760450532,False,True,True,True,True,False,False,False,MODEL_OUTPUT_GATE_B_WALK_GRAPH
WP_03845,45.72000001851692,9.444166643310906,097012,Calco,26.838336854615815,4.926958087304773,True,True,True,True,False,False,False,False,MODEL_OUTPUT_GATE_B_WALK_GRAPH
WP_03846,45.72000001851692,9.444999976640874,097012,Calco,13.9451290156488,4.501470618864896,True,True,True,True,False,False,False,False,MODEL_OUTPUT_GATE_B_WALK_GRAPH
WP_03847,45.72000001851692,9.445833309970844,097012,Calco,14.067862657877653,3.5541072836117378,True,True,True,True,False,False,False,False,MODEL_OUTPUT_GATE_B_WALK_GRAPH
WP_03848,45.72000001851692,9.446666643300814,097012,Calco,13.081550096849323,4.555561295316744,True,True,True,True,False,False,False,False,MODEL_OUTPUT_GATE_B_WALK_GRAPH
WP_03849,45.72000001851692,9.447499976630782,097012,Calco,4.910860013179079,11.40581756397664,False,False,False,True,True,True,True,False,MODEL_OUTPUT_GATE_B_WALK_GRAPH
WP_03850,45.72000001851692,9.448333309960752,097012,Calco,11.203346241379176,11.009684276000172,False,False,False,True,True,True,True,False,MODEL_OUTPUT_GATE_B_WALK_GRAPH
WP_03851,45.71916668518694,9.364166643633869,097092,La Valletta Brianza,0.1212715594415057,46.60164612444542,False,False,False,False,True,True,True,True,MODEL_OUTPUT_GATE_B_WALK_GRAPH
WP_03852,45.71916668518694,9.364999976963835,097092,La Valletta Brianza,0.0598330742482501,46.36865935570518,False,False,False,False,True,True,True,True,MODEL_OUTPUT_GATE_B_WALK_GRAPH
WP_03853,45.71916668518694,9.365833310293803,097092,La Valletta Brianza,0.0606064908550562,45.5804715878332,False,False,False,False,True,True,True,True,MODEL_OUTPUT_GATE_B_WALK_GRAPH
WP_03854,45.71916668518694,9.366666643623772,097092,La Valletta Brianza,0.0177004017704937,44.36806278414532,False,False,False,False,True,True,True,True,MODEL_OUTPUT_GATE_B_WALK_GRAPH
WP_03855,45.71916668518694,9.367499976953743,097092,La Valletta Brianza,0.0374084891395005,44.141623626755695,False,False,False,False,True,True,True,True,MODEL_OUTPUT_GATE_B_WALK_GRAPH
WP_03856,45.71916668518694,9.368333310283711,097092,La Valletta Brianza,0.0637489057992086,43.64062897647108,False,False,False,False,True,True,True,True,MODEL_OUTPUT_GATE_B_WALK_GRAPH
WP_03857,45.71916668518694,9.36916664361368,097092,La Valletta Brianza,0.0709154313047128,44.81983987409039,False,False,False,False,True,True,True,True,MODEL_OUTPUT_GATE_B_WALK_GRAPH
WP_03858,45.71916668518694,9.369999976943651,097092,La Valletta Brianza,0.0813013398500651,44.19546533672736,False,False,False,False,True,True,True,True,MODEL_OUTPUT_GATE_B_WALK_GRAPH
WP_03859,45.71916668518694,9.37083331027362,097092,La Valletta Brianza,0.063057166263229,37.50412354853015,False,False,False,False,True,True,True,True,MODEL_OUTPUT_GATE_B_WALK_GRAPH
WP_03860,45.71916668518694,9.37166664360359,097092,La Valletta Brianza,0.0805139813867585,37.93049567411742,False,False,False,False,True,True,True,True,MODEL_OUTPUT_GATE_B_WALK_GRAPH
WP_03861,45.71916668518694,9.372499976933558,097092,La Valletta Brianza,0.0703867854430571,38.346975288763446,False,False,False,False,True,True,True,True,MODEL_OUTPUT_GATE_B_WALK_GRAPH
WP_03862,45.71916668518694,9.373333310263527,097092,La Valletta Brianza,0.0460079619462484,35.334225990527,False,False,False,False,True,True,True,True,MODEL_OUTPUT_GATE_B_WALK_GRAPH
WP_03863,45.71916668518694,9.374166643593496,097092,La Valletta Brianza,0.0132905356678106,33.84357400969155,False,False,False,False,True,True,True,True,MODEL_OUTPUT_GATE_B_WALK_GRAPH
WP_03864,45.71916668518694,9.374999976923466,097092,La Valletta Brianza,0.0343737088918223,33.75655850739589,False,False,False,False,True,True,True,True,MODEL_OUTPUT_GATE_B_WALK_GRAPH
WP_03865,45.71916668518694,9.375833310253434,097092,La Valletta Brianza,0.0547810842085449,33.28964722610796,False,False,False,False,True,True,True,True,MODEL_OUTPUT_GATE_B_WALK_GRAPH
WP_03866,45.71916668518694,9.376666643583404,097092,La Valletta Brianza,0.0542122132805796,35.323027873169664,False,False,False,False,True,True,True,True,MODEL_OUTPUT_GATE_B_WALK_GRAPH
WP_03867,45.71916668518694,9.377499976913374,097092,La Valletta Brianza,0.037343300336035,36.84574475952043,False,False,False,False,True,True,True,True,MODEL_OUTPUT_GATE_B_WALK_GRAPH
WP_03868,45.71916668518694,9.378333310243342,097092,La Valletta Brianza,0.0684106677993688,37.81593590769653,False,False,False,False,True,True,True,True,MODEL_OUTPUT_GATE_B_WALK_GRAPH
WP_03869,45.71916668518694,9.379166643573312,097092,La Valletta Brianza,0.0751696921687784,37.63326385070638,False,False,False,False,True,True,True,True,MODEL_OUTPUT_GATE_B_WALK_GRAPH
WP_03870,45.71916668518694,9.37999997690328,097092,La Valletta Brianza,0.0852915142602199,38.75733360854725,False,False,False,False,True,True,True,True,MODEL_OUTPUT_GATE_B_WALK_GRAPH
WP_03871,45.71916668518694,9.38083331023325,097092,La Valletta Brianza,0.0856086880684065,36.11710080879629,False,False,False,False,True,True,True,True,MODEL_OUTPUT_GATE_B_WALK_GRAPH
WP_03872,45.71916668518694,9.381666643563218,097092,La Valletta Brianza,0.0577051384238187,35.411056035361725,False,False,False,False,True,True,True,True,MODEL_OUTPUT_GATE_B_WALK_GRAPH
WP_03873,45.71916668518694,9.382499976893188,097092,La Valletta Brianza,0.1641083864933866,35.49649075640224,False,False,False,False,True,True,True,True,MODEL_OUTPUT_GATE_B_WALK_GRAPH
WP_03874,45.71916668518694,9.383333310223158,097092,La Valletta Brianza,0.2344711815245697,31.96669129208512,False,False,False,False,True,True,True,True,MODEL_OUTPUT_GATE_B_WALK_GRAPH
WP_03875,45.71916668518694,9.384166643553126,097092,La Valletta Brianza,17.142162310075413,31.159719189508227,False,False,False,False,True,True,True,True,MODEL_OUTPUT_GATE_B_WALK_GRAPH
WP_03876,45.71916668518694,9.384999976883096,097092,La Valletta Brianza,14.785993496647023,32.563118257819134,False,False,False,False,True,True,True,True,MODEL_OUTPUT_GATE_B_WALK_GRAPH
WP_03877,45.71916668518694,9.385833310213064,097092,La Valletta Brianza,15.390833948284335,28.278191825954064,False,False,False,False,True,True,True,True,MODEL_OUTPUT_GATE_B_WALK_GRAPH
WP_03878,45.71916668518694,9.386666643543034,097058,Olgiate Molgora,0.0941141588191521,27.5214658155612,False,False,False,False,True,True,True,True,MODEL_OUTPUT_GATE_B_WALK_GRAPH
WP_03879,45.71916668518694,9.387499976873002,097058,Olgiate Molgora,0.0475676757079822,27.125328502410447,False,False,False,False,True,True,True,True,MODEL_OUTPUT_GATE_B_WALK_GRAPH
WP_03880,45.71916668518694,9.388333310202972,097058,Olgiate Molgora,0.0077951766698366,24.496163952713484,False,False,False,False,True,True,True,True,MODEL_OUTPUT_GATE_B_WALK_GRAPH
WP_03881,45.71916668518694,9.389166643532942,097058,Olgiate Molgora,0.0323681300964697,23.708414869353145,False,False,False,False,True,True,True,True,MODEL_OUTPUT_GATE_B_WALK_GRAPH
WP_03882,45.71916668518694,9.38999997686291,097058,Olgiate Molgora,0.0441517524186529,23.313900691759997,False,False,False,False,True,True,True,True,MODEL_OUTPUT_GATE_B_WALK_GRAPH
WP_03883,45.71916668518694,9.39083331019288,097058,Olgiate Molgora,0.1061391969962953,22.11888868314382,False,False,False,False,True,True,True,True,MODEL_OUTPUT_GATE_B_WALK_GRAPH
WP_03884,45.71916668518694,9.391666643522848,097058,Olgiate Molgora,0.2448925992464854,21.170752002706248,False,False,False,False,True,True,True,True,MODEL_OUTPUT_GATE_B_WALK_GRAPH
WP_03885,45.71916668518694,9.392499976852818,097058,Olgiate Molgora,0.2279658792628187,20.93959702535746,False,False,False,False,True,True,True,True,MODEL_OUTPUT_GATE_B_WALK_GRAPH
WP_03886,45.71916668518694,9.393333310182786,097058,Olgiate Molgora,0.0807984386977194,18.267341795718792,False,False,False,False,True,True,True,True,MODEL_OUTPUT_GATE_B_WALK_GRAPH
WP_03887,45.71916668518694,9.394166643512756,097058,Olgiate Molgora,0.0607806594971577,19.13943096360952,False,False,False,False,True,True,True,True,MODEL_OUTPUT_GATE_B_WALK_GRAPH
WP_03888,45.71916668518694,9.394999976842726,097058,Olgiate Molgora,0.0812271901376685,18.024507905074262,False,False,False,False,True,True,True,True,MODEL_OUTPUT_GATE_B_WALK_GRAPH
WP_03889,45.71916668518694,9.395833310172694,097058,Olgiate Molgora,10.175350083383606,17.811148023294237,False,False,False,False,True,True,True,True,MODEL_OUTPUT_GATE_B_WALK_GRAPH
WP_03890,45.71916668518694,9.396666643502664,097058,Olgiate Molgora,10.0630610557796,16.594562946243197,False,False,False,False,True,True,True,True,MODEL_OUTPUT_GATE_B_WALK_GRAPH
WP_03891,45.71916668518694,9.397499976832632,097058,Olgiate Molgora,12.672461074197503,16.976356699736836,False,False,False,False,True,True,True,True,MODEL_OUTPUT_GATE_B_WALK_GRAPH
WP_03892,45.71916668518694,9.398333310162602,097058,Olgiate Molgora,17.22833917487734,17.21334616353765,False,False,False,False,True,True,True,True,MODEL_OUTPUT_GATE_B_WALK_GRAPH
WP_03893,45.71916668518694,9.39916664349257,097058,Olgiate Molgora,13.203755295963852,16.486583763488603,False,False,False,False,True,True,True,True,MODEL_OUTPUT_GATE_B_WALK_GRAPH
WP_03894,45.71916668518694,9.39999997682254,097058,Olgiate Molgora,13.500191136375808,16.1633202436995,False,False,False,False,True,True,True,True,MODEL_OUTPUT_GATE_B_WALK_GRAPH
WP_03895,45.71916668518694,9.402499976812448,097058,Olgiate Molgora,3.942891295433927,17.813300067396423,False,False,False,False,True,True,True,True,MODEL_OUTPUT_GATE_B_WALK_GRAPH
WP_03896,45.71916668518694,9.403333310142417,097058,Olgiate Molgora,6.340293713623274,17.05632290019666,False,False,False,False,True,True,True,True,MODEL_OUTPUT_GATE_B_WALK_GRAPH
WP_03897,45.71916668518694,9.404166643472388,097058,Olgiate Molgora,13.265477733979893,15.917567369352414,False,False,False,False,True,True,True,True,MODEL_OUTPUT_GATE_B_WALK_GRAPH
WP_03898,45.71916668518694,9.404999976802356,097058,Olgiate Molgora,14.888886211451911,15.174085544720104,False,False,False,False,True,True,True,True,MODEL_OUTPUT_GATE_B_WALK_GRAPH
WP_03899,45.71916668518694,9.405833310132325,097012,Calco,6.232324117229212,15.326696923171411,False,False,False,False,True,True,True,True,MODEL_OUTPUT_GATE_B_WALK_GRAPH
WP_03900,45.71916668518694,9.4199999767418,097012,Calco,0.1239236019494845,4.49579786985398,True,True,True,True,False,False,False,False,MODEL_OUTPUT_GATE_B_WALK_GRAPH
WP_03901,45.71916668518694,9.42083331007177,097012,Calco,0.056720095171125,3.784476743558524,True,True,True,True,False,False,False,False,MODEL_OUTPUT_GATE_B_WALK_GRAPH
WP_03902,45.71916668518694,9.44083330999103,097012,Calco,0.5195733256759557,4.406053958927309,True,True,True,True,False,False,False,False,MODEL_OUTPUT_GATE_B_WALK_GRAPH
WP_03903,45.71916668518694,9.441666643320998,097012,Calco,23.105255639101948,3.595524381025648,True,True,True,True,False,False,False,False,MODEL_OUTPUT_GATE_B_WALK_GRAPH
WP_03904,45.71916668518694,9.442499976650968,097012,Calco,23.607629892573684,3.5175710349678933,True,True,True,True,False,False,False,False,MODEL_OUTPUT_GATE_B_WALK_GRAPH
WP_03905,45.71916668518694,9.443333309980936,097012,Calco,23.665935163890552,1.9433751652223328,True,True,True,True,False,False,False,False,MODEL_OUTPUT_GATE_B_WALK_GRAPH
WP_03906,45.71916668518694,9.444166643310906,097012,Calco,10.482095220966755,1.9885930422221263,True,True,True,True,False,False,False,False,MODEL_OUTPUT_GATE_B_WALK_GRAPH
WP_03907,45.71833335185696,9.364999976963835,097092,La Valletta Brianza,0.1667262065282885,45.23000717983501,False,False,False,False,True,True,True,True,MODEL_OUTPUT_GATE_B_WALK_GRAPH
WP_03908,45.71833335185696,9.365833310293803,097092,La Valletta Brianza,0.1642186327175535,44.73075588806167,False,False,False,False,True,True,True,True,MODEL_OUTPUT_GATE_B_WALK_GRAPH
WP_03909,45.71833335185696,9.366666643623772,097092,La Valletta Brianza,0.048549948289216,43.63441973316986,False,False,False,False,True,True,True,True,MODEL_OUTPUT_GATE_B_WALK_GRAPH
WP_03910,45.71833335185696,9.367499976953743,097092,La Valletta Brianza,0.0503231618836761,42.80571736078682,False,False,False,False,True,True,True,True,MODEL_OUTPUT_GATE_B_WALK_GRAPH
WP_03911,45.71833335185696,9.368333310283711,097092,La Valletta Brianza,0.0500966821139789,41.94689271110658,False,False,False,False,True,True,True,True,MODEL_OUTPUT_GATE_B_WALK_GRAPH
WP_03912,45.71833335185696,9.36916664361368,097092,La Valletta Brianza,0.0532858817884877,40.73537133606018,False,False,False,False,True,True,True,True,MODEL_OUTPUT_GATE_B_WALK_GRAPH
WP_03913,45.71833335185696,9.369999976943651,097092,La Valletta Brianza,0.0531442698143962,40.324943554703154,False,False,False,False,True,True,True,True,MODEL_OUTPUT_GATE_B_WALK_GRAPH
WP_03914,45.71833335185696,9.37083331027362,097092,La Valletta Brianza,0.0366070997124492,39.23872528220854,False,False,False,False,True,True,True,True,MODEL_OUTPUT_GATE_B_WALK_GRAPH
WP_03915,45.71833335185696,9.37166664360359,097092,La Valletta Brianza,0.0532402280346911,39.75598450115036,False,False,False,False,True,True,True,True,MODEL_OUTPUT_GATE_B_WALK_GRAPH
WP_03916,45.71833335185696,9.372499976933558,097092,La Valletta Brianza,0.0368356700751811,37.92444819553166,False,False,False,False,True,True,True,True,MODEL_OUTPUT_GATE_B_WALK_GRAPH
WP_03917,45.71833335185696,9.373333310263527,097092,La Valletta Brianza,0.0122429874789219,36.97925683401048,False,False,False,False,True,True,True,True,MODEL_OUTPUT_GATE_B_WALK_GRAPH
WP_03918,45.71833335185696,9.374166643593496,097092,La Valletta Brianza,0.0105702148845755,35.97283209397664,False,False,False,False,True,True,True,True,MODEL_OUTPUT_GATE_B_WALK_GRAPH
WP_03919,45.71833335185696,9.374999976923466,097092,La Valletta Brianza,0.0381084950859716,36.12208740112789,False,False,False,False,True,True,True,True,MODEL_OUTPUT_GATE_B_WALK_GRAPH
WP_03920,45.71833335185696,9.375833310253434,097092,La Valletta Brianza,0.0525330009742459,36.93167625964593,False,False,False,False,True,True,True,True,MODEL_OUTPUT_GATE_B_WALK_GRAPH
WP_03921,45.71833335185696,9.376666643583404,097092,La Valletta Brianza,0.0556459728286254,36.90258023372469,False,False,False,False,True,True,True,True,MODEL_OUTPUT_GATE_B_WALK_GRAPH
WP_03922,45.71833335185696,9.377499976913374,097092,La Valletta Brianza,0.0560441108496856,41.75780439802175,False,False,False,False,True,True,True,True,MODEL_OUTPUT_GATE_B_WALK_GRAPH
WP_03923,45.71833335185696,9.378333310243342,097092,La Valletta Brianza,0.067701641458033,40.99174513711696,False,False,False,False,True,True,True,True,MODEL_OUTPUT_GATE_B_WALK_GRAPH
WP_03924,45.71833335185696,9.379166643573312,097092,La Valletta Brianza,0.0768953567669039,39.5918987779412,False,False,False,False,True,True,True,True,MODEL_OUTPUT_GATE_B_WALK_GRAPH
WP_03925,45.71833335185696,9.37999997690328,097092,La Valletta Brianza,0.0558922001344967,39.17474663730276,False,False,False,False,True,True,True,True,MODEL_OUTPUT_GATE_B_WALK_GRAPH
WP_03926,45.71833335185696,9.38083331023325,097092,La Valletta Brianza,0.0553975418320633,37.41805738517952,False,False,False,False,True,True,True,True,MODEL_OUTPUT_GATE_B_WALK_GRAPH
WP_03927,45.71833335185696,9.381666643563218,097092,La Valletta Brianza,0.0531841007525107,36.60971743406182,False,False,False,False,True,True,True,True,MODEL_OUTPUT_GATE_B_WALK_GRAPH
WP_03928,45.71833335185696,9.382499976893188,097092,La Valletta Brianza,0.2462705434479171,37.55317829032696,False,False,False,False,True,True,True,True,MODEL_OUTPUT_GATE_B_WALK_GRAPH
WP_03929,45.71833335185696,9.383333310223158,097092,La Valletta Brianza,0.4293012096557715,32.64570008365924,False,False,False,False,True,True,True,True,MODEL_OUTPUT_GATE_B_WALK_GRAPH
WP_03930,45.71833335185696,9.384166643553126,097092,La Valletta Brianza,0.4326506001647675,32.259076764480255,False,False,False,False,True,True,True,True,MODEL_OUTPUT_GATE_B_WALK_GRAPH
WP_03931,45.71833335185696,9.384999976883096,097092,La Valletta Brianza,0.4295702586977385,32.17840269619003,False,False,False,False,True,True,True,True,MODEL_OUTPUT_GATE_B_WALK_GRAPH
WP_03932,45.71833335185696,9.385833310213064,097092,La Valletta Brianza,0.4363713348319619,29.09489041429916,False,False,False,False,True,True,True,True,MODEL_OUTPUT_GATE_B_WALK_GRAPH
WP_03933,45.71833335185696,9.386666643543034,097092,La Valletta Brianza,0.4395994024009085,29.08645673406233,False,False,False,False,True,True,True,True,MODEL_OUTPUT_GATE_B_WALK_GRAPH
WP_03934,45.71833335185696,9.387499976873002,097058,Olgiate Molgora,0.0939606040963927,25.84956253048634,False,False,False,False,True,True,True,True,MODEL_OUTPUT_GATE_B_WALK_GRAPH
WP_03935,45.71833335185696,9.388333310202972,097058,Olgiate Molgora,0.0185862517279247,24.95837978604742,False,False,False,False,True,True,True,True,MODEL_OUTPUT_GATE_B_WALK_GRAPH
WP_03936,45.71833335185696,9.389166643532942,097058,Olgiate Molgora,0.0118864542675928,25.14366965327618,False,False,False,False,True,True,True,True,MODEL_OUTPUT_GATE_B_WALK_GRAPH
WP_03937,45.71833335185696,9.38999997686291,097058,Olgiate Molgora,0.0459818286073665,22.600312674513926,False,False,False,False,True,True,True,True,MODEL_OUTPUT_GATE_B_WALK_GRAPH
WP_03938,45.71833335185696,9.39083331019288,097058,Olgiate Molgora,0.0939057295017712,22.177283645611706,False,False,False,False,True,True,True,True,MODEL_OUTPUT_GATE_B_WALK_GRAPH
WP_03939,45.71833335185696,9.391666643522848,097058,Olgiate Molgora,0.1091846965460702,20.58818550144409,False,False,False,False,True,True,True,True,MODEL_OUTPUT_GATE_B_WALK_GRAPH
WP_03940,45.71833335185696,9.392499976852818,097058,Olgiate Molgora,0.1085107929833596,19.86748506374833,False,False,False,False,True,True,True,True,MODEL_OUTPUT_GATE_B_WALK_GRAPH
WP_03941,45.71833335185696,9.393333310182786,097058,Olgiate Molgora,6.370006398025197,19.803298052979464,False,False,False,False,True,True,True,True,MODEL_OUTPUT_GATE_B_WALK_GRAPH
WP_03942,45.71833335185696,9.394166643512756,097058,Olgiate Molgora,15.299294341661074,20.492939852726785,False,False,False,False,True,True,True,True,MODEL_OUTPUT_GATE_B_WALK_GRAPH
WP_03943,45.71833335185696,9.394999976842726,097058,Olgiate Molgora,15.311615670287798,20.923644025148985,False,False,False,False,True,True,True,True,MODEL_OUTPUT_GATE_B_WALK_GRAPH
WP_03944,45.71833335185696,9.395833310172694,097058,Olgiate Molgora,8.592732471442403,18.44550229740031,False,False,False,False,True,True,True,True,MODEL_OUTPUT_GATE_B_WALK_GRAPH
WP_03945,45.71833335185696,9.396666643502664,097058,Olgiate Molgora,6.674184020677517,19.751509843482776,False,False,False,False,True,True,True,True,MODEL_OUTPUT_GATE_B_WALK_GRAPH
WP_03946,45.71833335185696,9.397499976832632,097058,Olgiate Molgora,11.062031037774384,18.135522117396263,False,False,False,False,True,True,True,True,MODEL_OUTPUT_GATE_B_WALK_GRAPH
WP_03947,45.71833335185696,9.398333310162602,097058,Olgiate Molgora,11.514630869165078,18.009722091321205,False,False,False,False,True,True,True,True,MODEL_OUTPUT_GATE_B_WALK_GRAPH
WP_03948,45.71833335185696,9.39916664349257,097058,Olgiate Molgora,12.487126187067506,17.458310268551347,False,False,False,False,True,True,True,True,MODEL_OUTPUT_GATE_B_WALK_GRAPH
WP_03949,45.71833335185696,9.39999997682254,097058,Olgiate Molgora,4.550128366985787,17.382085617045867,False,False,False,False,True,True,True,True,MODEL_OUTPUT_GATE_B_WALK_GRAPH
WP_03950,45.71833335185696,9.406666643462293,097012,Calco,14.518383757103816,13.087582142162542,False,False,False,False,True,True,True,True,MODEL_OUTPUT_GATE_B_WALK_GRAPH
WP_03951,45.71833335185696,9.407499976792264,097012,Calco,14.519124468242492,13.026038480055089,False,False,False,False,True,True,True,True,MODEL_OUTPUT_GATE_B_WALK_GRAPH
WP_03952,45.71833335185696,9.444166643310906,097012,Calco,14.28489270877897,0.408171157125425,True,True,True,True,False,False,False,False,MODEL_OUTPUT_GATE_B_WALK_GRAPH
WP_03953,45.71750001852698,9.36916664361368,097092,La Valletta Brianza,0.0491675026172773,43.20691000099921,False,False,False,False,True,True,True,True,MODEL_OUTPUT_GATE_B_WALK_GRAPH
WP_03954,45.71750001852698,9.369999976943651,097092,La Valletta Brianza,0.0494448249241392,40.64452572789838,False,False,False,False,True,True,True,True,MODEL_OUTPUT_GATE_B_WALK_GRAPH
WP_03955,45.71750001852698,9.37083331027362,097092,La Valletta Brianza,0.0505396479332268,40.63299872836888,False,False,False,False,True,True,True,True,MODEL_OUTPUT_GATE_B_WALK_GRAPH
WP_03956,45.71750001852698,9.37166664360359,097092,La Valletta Brianza,0.0519936725249029,40.513801583288775,False,False,False,False,True,True,True,True,MODEL_OUTPUT_GATE_B_WALK_GRAPH
WP_03957,45.71750001852698,9.372499976933558,097092,La Valletta Brianza,0.0349438547388186,40.53762000931143,False,False,False,False,True,True,True,True,MODEL_OUTPUT_GATE_B_WALK_GRAPH
WP_03958,45.71750001852698,9.373333310263527,097092,La Valletta Brianza,0.0175651404011455,37.88377268013268,False,False,False,False,True,True,True,True,MODEL_OUTPUT_GATE_B_WALK_GRAPH
WP_03959,45.71750001852698,9.374166643593496,097092,La Valletta Brianza,0.0138877486970039,38.31944400215869,False,False,False,False,True,True,True,True,MODEL_OUTPUT_GATE_B_WALK_GRAPH
WP_03960,45.71750001852698,9.374999976923466,097092,La Valletta Brianza,0.014243145228909,36.90144950730803,False,False,False,False,True,True,True,True,MODEL_OUTPUT_GATE_B_WALK_GRAPH
WP_03961,45.71750001852698,9.375833310253434,097092,La Valletta Brianza,0.0373913874030359,37.38831216547382,False,False,False,False,True,True,True,True,MODEL_OUTPUT_GATE_B_WALK_GRAPH
WP_03962,45.71750001852698,9.376666643583404,097092,La Valletta Brianza,0.0562688530281228,45.042509595047314,False,False,False,False,True,True,True,True,MODEL_OUTPUT_GATE_B_WALK_GRAPH
WP_03963,45.71750001852698,9.377499976913374,097092,La Valletta Brianza,0.06702607831406,44.01436153823021,False,False,False,False,True,True,True,True,MODEL_OUTPUT_GATE_B_WALK_GRAPH
WP_03964,45.71750001852698,9.378333310243342,097092,La Valletta Brianza,0.0801806517497755,42.42874347661623,False,False,False,False,True,True,True,True,MODEL_OUTPUT_GATE_B_WALK_GRAPH
WP_03965,45.71750001852698,9.379166643573312,097092,La Valletta Brianza,0.0594689820488411,41.19865293960329,False,False,False,False,True,True,True,True,MODEL_OUTPUT_GATE_B_WALK_GRAPH
WP_03966,45.71750001852698,9.37999997690328,097092,La Valletta Brianza,0.0491539343257616,46.06833455366637,False,False,False,False,True,True,True,True,MODEL_OUTPUT_GATE_B_WALK_GRAPH
WP_03967,45.71750001852698,9.38083331023325,097092,La Valletta Brianza,0.1165815024641408,46.83534608056959,False,False,False,False,True,True,True,True,MODEL_OUTPUT_GATE_B_WALK_GRAPH
WP_03968,45.71750001852698,9.381666643563218,097092,La Valletta Brianza,0.109655765295416,37.98470188160709,False,False,False,False,True,True,True,True,MODEL_OUTPUT_GATE_B_WALK_GRAPH
WP_03969,45.71750001852698,9.382499976893188,097092,La Valletta Brianza,0.1621346884540959,38.4651735761035,False,False,False,False,True,True,True,True,MODEL_OUTPUT_GATE_B_WALK_GRAPH
WP_03970,45.71750001852698,9.383333310223158,097092,La Valletta Brianza,0.2331490493629744,39.27580273961357,False,False,False,False,True,True,True,True,MODEL_OUTPUT_GATE_B_WALK_GRAPH
WP_03971,45.71750001852698,9.384166643553126,097092,La Valletta Brianza,0.2550296758728892,33.36541626593029,False,False,False,False,True,True,True,True,MODEL_OUTPUT_GATE_B_WALK_GRAPH
WP_03972,45.71750001852698,9.384999976883096,097092,La Valletta Brianza,0.2512008883906136,33.330901337263704,False,False,False,False,True,True,True,True,MODEL_OUTPUT_GATE_B_WALK_GRAPH
WP_03973,45.71750001852698,9.385833310213064,097058,Olgiate Molgora,0.0976529633964639,29.204716399580924,False,False,False,False,True,True,True,True,MODEL_OUTPUT_GATE_B_WALK_GRAPH
WP_03974,45.71750001852698,9.386666643543034,097058,Olgiate Molgora,0.095146927962263,28.10903960357424,False,False,False,False,True,True,True,True,MODEL_OUTPUT_GATE_B_WALK_GRAPH
WP_03975,45.71750001852698,9.387499976873002,097058,Olgiate Molgora,0.0544085466972559,26.07019654405296,False,False,False,False,True,True,True,True,MODEL_OUTPUT_GATE_B_WALK_GRAPH
WP_03976,45.71750001852698,9.388333310202972,097058,Olgiate Molgora,0.0309032262787861,24.998809330863004,False,False,False,False,True,True,True,True,MODEL_OUTPUT_GATE_B_WALK_GRAPH
WP_03977,45.71750001852698,9.389166643532942,097058,Olgiate Molgora,0.0199259648322522,23.904050037438,False,False,False,False,True,True,True,True,MODEL_OUTPUT_GATE_B_WALK_GRAPH
WP_03978,45.71750001852698,9.38999997686291,097058,Olgiate Molgora,0.0111124115568129,24.050923969473427,False,False,False,False,True,True,True,True,MODEL_OUTPUT_GATE_B_WALK_GRAPH
WP_03979,45.71750001852698,9.39083331019288,097058,Olgiate Molgora,0.0297132378549784,23.29372275185051,False,False,False,False,True,True,True,True,MODEL_OUTPUT_GATE_B_WALK_GRAPH
WP_03980,45.71750001852698,9.391666643522848,097058,Olgiate Molgora,0.0313159183865604,22.441196729391255,False,False,False,False,True,True,True,True,MODEL_OUTPUT_GATE_B_WALK_GRAPH
WP_03981,45.71750001852698,9.392499976852818,097058,Olgiate Molgora,0.0327292278762357,22.08545051126232,False,False,False,False,True,True,True,True,MODEL_OUTPUT_GATE_B_WALK_GRAPH
WP_03982,45.71750001852698,9.393333310182786,097058,Olgiate Molgora,0.1166524147173565,21.72647414435925,False,False,False,False,True,True,True,True,MODEL_OUTPUT_GATE_B_WALK_GRAPH
WP_03983,45.71750001852698,9.394166643512756,097058,Olgiate Molgora,0.1897500083136573,20.965879862671496,False,False,False,False,True,True,True,True,MODEL_OUTPUT_GATE_B_WALK_GRAPH
WP_03984,45.71750001852698,9.394999976842726,097058,Olgiate Molgora,15.846333843170848,20.0522495188888,False,False,False,False,True,True,True,True,MODEL_OUTPUT_GATE_B_WALK_GRAPH
WP_03985,45.71750001852698,9.395833310172694,097058,Olgiate Molgora,10.608539679931251,19.63147510638022,False,False,False,False,True,True,True,True,MODEL_OUTPUT_GATE_B_WALK_GRAPH
WP_03986,45.71750001852698,9.396666643502664,097058,Olgiate Molgora,17.781484738235598,19.81397930383076,False,False,False,False,True,True,True,True,MODEL_OUTPUT_GATE_B_WALK_GRAPH
WP_03987,45.71750001852698,9.397499976832632,097058,Olgiate Molgora,4.98912088755965,20.858182181233264,False,False,False,False,True,True,True,True,MODEL_OUTPUT_GATE_B_WALK_GRAPH
WP_03988,45.71750001852698,9.398333310162602,097058,Olgiate Molgora,11.825413977935172,21.015139122894727,False,False,False,False,True,True,True,True,MODEL_OUTPUT_GATE_B_WALK_GRAPH
WP_03989,45.71750001852698,9.39916664349257,097058,Olgiate Molgora,6.388806591536482,18.571279068461628,False,False,False,False,True,True,True,True,MODEL_OUTPUT_GATE_B_WALK_GRAPH
WP_03990,45.71750001852698,9.407499976792264,097012,Calco,16.08783086385258,11.086415732605715,False,False,False,True,True,True,True,False,MODEL_OUTPUT_GATE_B_WALK_GRAPH
WP_03991,45.71750001852698,9.408333310122233,097012,Calco,15.554937286744444,10.200399937066893,False,False,False,True,True,True,True,False,MODEL_OUTPUT_GATE_B_WALK_GRAPH
WP_03992,45.716666685197,9.372499976933558,097092,La Valletta Brianza,0.0486884997721927,39.8147512469272,False,False,False,False,True,True,True,True,MODEL_OUTPUT_GATE_B_WALK_GRAPH
WP_03993,45.716666685197,9.373333310263527,097092,La Valletta Brianza,0.0483890411695743,39.6762702986706,False,False,False,False,True,True,True,True,MODEL_OUTPUT_GATE_B_WALK_GRAPH
WP_03994,45.716666685197,9.374166643593496,097092,La Valletta Brianza,0.0364698814109324,40.138015675442574,False,False,False,False,True,True,True,True,MODEL_OUTPUT_GATE_B_WALK_GRAPH
WP_03995,45.716666685197,9.374999976923466,097092,La Valletta Brianza,0.0379604845263131,41.200036095908125,False,False,False,False,True,True,True,True,MODEL_OUTPUT_GATE_B_WALK_GRAPH
WP_03996,45.716666685197,9.375833310253434,097092,La Valletta Brianza,0.0577316032753176,44.91049034026384,False,False,False,False,True,True,True,True,MODEL_OUTPUT_GATE_B_WALK_GRAPH
WP_03997,45.716666685197,9.376666643583404,097092,La Valletta Brianza,0.0688382454830003,44.74548385035023,False,False,False,False,True,True,True,True,MODEL_OUTPUT_GATE_B_WALK_GRAPH
WP_03998,45.716666685197,9.377499976913374,097092,La Valletta Brianza,0.0557060722375719,43.94005814032233,False,False,False,False,True,True,True,True,MODEL_OUTPUT_GATE_B_WALK_GRAPH
WP_03999,45.716666685197,9.378333310243342,097092,La Valletta Brianza,0.0388241736257999,43.24311551572297,False,False,False,False,True,True,True,True,MODEL_OUTPUT_GATE_B_WALK_GRAPH
WP_04000,45.716666685197,9.379166643573312,097092,La Valletta Brianza,0.0508299627617195,44.32222690994652,False,False,False,False,True,True,True,True,MODEL_OUTPUT_GATE_B_WALK_GRAPH
WP_04001,45.716666685197,9.37999997690328,097092,La Valletta Brianza,0.1665324325443792,40.85152700688759,False,False,False,False,True,True,True,True,MODEL_OUTPUT_GATE_B_WALK_GRAPH
WP_04002,45.716666685197,9.38083331023325,097092,La Valletta Brianza,0.2351819831563841,39.82619952665389,False,False,False,False,True,True,True,True,MODEL_OUTPUT_GATE_B_WALK_GRAPH
WP_04003,45.716666685197,9.381666643563218,097092,La Valletta Brianza,0.2525091198221286,39.53199461862209,False,False,False,False,True,True,True,True,MODEL_OUTPUT_GATE_B_WALK_GRAPH
WP_04004,45.716666685197,9.382499976893188,097092,La Valletta Brianza,0.2667847583503204,39.54115680976453,False,False,False,False,True,True,True,True,MODEL_OUTPUT_GATE_B_WALK_GRAPH
WP_04005,45.716666685197,9.383333310223158,097092,La Valletta Brianza,0.1645953233103982,40.30738523190708,False,False,False,False,True,True,True,True,MODEL_OUTPUT_GATE_B_WALK_GRAPH
WP_04006,45.716666685197,9.384166643553126,097092,La Valletta Brianza,0.0337295903234129,30.333363576517364,False,False,False,False,True,True,True,True,MODEL_OUTPUT_GATE_B_WALK_GRAPH
WP_04007,45.716666685197,9.384999976883096,097092,La Valletta Brianza,0.0207643800630236,29.58180187657079,False,False,False,False,True,True,True,True,MODEL_OUTPUT_GATE_B_WALK_GRAPH
WP_04008,45.716666685197,9.385833310213064,097092,La Valletta Brianza,0.0218883736993493,28.82241185912701,False,False,False,False,True,True,True,True,MODEL_OUTPUT_GATE_B_WALK_GRAPH
WP_04009,45.716666685197,9.386666643543034,097058,Olgiate Molgora,0.012078875736804,27.730866654288437,False,False,False,False,True,True,True,True,MODEL_OUTPUT_GATE_B_WALK_GRAPH
WP_04010,45.716666685197,9.387499976873002,097058,Olgiate Molgora,0.0204688268921654,26.38657037668329,False,False,False,False,True,True,True,True,MODEL_OUTPUT_GATE_B_WALK_GRAPH
WP_04011,45.716666685197,9.388333310202972,097058,Olgiate Molgora,0.0296818712248468,26.026144473953828,False,False,False,False,True,True,True,True,MODEL_OUTPUT_GATE_B_WALK_GRAPH
WP_04012,45.716666685197,9.389166643532942,097058,Olgiate Molgora,0.0229635009096606,25.12649175064025,False,False,False,False,True,True,True,True,MODEL_OUTPUT_GATE_B_WALK_GRAPH
WP_04013,45.716666685197,9.38999997686291,097058,Olgiate Molgora,0.0111627206234071,24.86052550708701,False,False,False,False,True,True,True,True,MODEL_OUTPUT_GATE_B_WALK_GRAPH
WP_04014,45.716666685197,9.39083331019288,097058,Olgiate Molgora,0.050779332529489,29.99006885439935,False,False,False,False,True,True,True,True,MODEL_OUTPUT_GATE_B_WALK_GRAPH
WP_04015,45.716666685197,9.391666643522848,097058,Olgiate Molgora,0.0428828114342484,29.415172061652537,False,False,False,False,True,True,True,True,MODEL_OUTPUT_GATE_B_WALK_GRAPH
WP_04016,45.716666685197,9.392499976852818,097058,Olgiate Molgora,0.0932377980836568,26.75564488007044,False,False,False,False,True,True,True,True,MODEL_OUTPUT_GATE_B_WALK_GRAPH
WP_04017,45.716666685197,9.393333310182786,097058,Olgiate Molgora,0.0966743407170446,25.792515951583304,False,False,False,False,True,True,True,True,MODEL_OUTPUT_GATE_B_WALK_GRAPH
WP_04018,45.716666685197,9.394166643512756,097058,Olgiate Molgora,0.0756605041464657,24.50279532099195,False,False,False,False,True,True,True,True,MODEL_OUTPUT_GATE_B_WALK_GRAPH
WP_04019,45.716666685197,9.394999976842726,097058,Olgiate Molgora,5.967910551672215,21.959031273454737,False,False,False,False,True,True,True,True,MODEL_OUTPUT_GATE_B_WALK_GRAPH
WP_04020,45.716666685197,9.395833310172694,097058,Olgiate Molgora,3.6713257009975706,21.527660952843927,False,False,False,False,True,True,True,True,MODEL_OUTPUT_GATE_B_WALK_GRAPH
WP_04021,45.716666685197,9.396666643502664,097058,Olgiate Molgora,13.049967453629204,21.807183787122018,False,False,False,False,True,True,True,True,MODEL_OUTPUT_GATE_B_WALK_GRAPH
WP_04022,45.716666685197,9.397499976832632,097058,Olgiate Molgora,21.53807783667421,20.97264417247189,False,False,False,False,True,True,True,True,MODEL_OUTPUT_GATE_B_WALK_GRAPH
WP_04023,45.716666685197,9.398333310162602,097058,Olgiate Molgora,7.927543591572102,20.20888389732669,False,False,False,False,True,True,True,True,MODEL_OUTPUT_GATE_B_WALK_GRAPH
WP_04024,45.716666685197,9.44999997662069,097012,Calco,0.0553175197701244,12.261299917329747,False,False,False,False,True,True,True,True,MODEL_OUTPUT_GATE_B_WALK_GRAPH
WP_04025,45.71583335186702,9.373333310263527,097092,La Valletta Brianza,0.0064814034675999,41.30290959317779,False,False,False,False,True,True,True,True,MODEL_OUTPUT_GATE_B_WALK_GRAPH
WP_04026,45.71583335186702,9.374166643593496,097092,La Valletta Brianza,0.0553991012088352,40.90082126973599,False,False,False,False,True,True,True,True,MODEL_OUTPUT_GATE_B_WALK_GRAPH
WP_04027,45.71583335186702,9.374999976923466,097092,La Valletta Brianza,0.0461909882256381,41.97653926601582,False,False,False,False,True,True,True,True,MODEL_OUTPUT_GATE_B_WALK_GRAPH
WP_04028,45.71583335186702,9.375833310253434,097092,La Valletta Brianza,0.0637817726634762,43.85663741206103,False,False,False,False,True,True,True,True,MODEL_OUTPUT_GATE_B_WALK_GRAPH
WP_04029,45.71583335186702,9.376666643583404,097092,La Valletta Brianza,0.0566064529584194,43.91786342758714,False,False,False,False,True,True,True,True,MODEL_OUTPUT_GATE_B_WALK_GRAPH
WP_04030,45.71583335186702,9.377499976913374,097092,La Valletta Brianza,0.0344492684076209,44.55088579264756,False,False,False,False,True,True,True,True,MODEL_OUTPUT_GATE_B_WALK_GRAPH
WP_04031,45.71583335186702,9.378333310243342,097092,La Valletta Brianza,0.0461233558273631,44.645493714830906,False,False,False,False,True,True,True,True,MODEL_OUTPUT_GATE_B_WALK_GRAPH
WP_04032,45.71583335186702,9.379166643573312,097092,La Valletta Brianza,0.1002967560487321,44.52010515301198,False,False,False,False,True,True,True,True,MODEL_OUTPUT_GATE_B_WALK_GRAPH
WP_04033,45.71583335186702,9.37999997690328,097092,La Valletta Brianza,0.1407332807029725,41.39769245018456,False,False,False,False,True,True,True,True,MODEL_OUTPUT_GATE_B_WALK_GRAPH
WP_04034,45.71583335186702,9.38083331023325,097092,La Valletta Brianza,0.1809543303321626,42.05504822904649,False,False,False,False,True,True,True,True,MODEL_OUTPUT_GATE_B_WALK_GRAPH
WP_04035,45.71583335186702,9.381666643563218,097092,La Valletta Brianza,0.5799932393390719,40.42925981184866,False,False,False,False,True,True,True,True,MODEL_OUTPUT_GATE_B_WALK_GRAPH
WP_04036,45.71583335186702,9.382499976893188,097092,La Valletta Brianza,0.2626458502409491,41.62194525466062,False,False,False,False,True,True,True,True,MODEL_OUTPUT_GATE_B_WALK_GRAPH
WP_04037,45.71583335186702,9.383333310223158,097092,La Valletta Brianza,0.1601188495427473,42.92698044641605,False,False,False,False,True,True,True,True,MODEL_OUTPUT_GATE_B_WALK_GRAPH
WP_04038,45.71583335186702,9.384166643553126,097092,La Valletta Brianza,0.1079673406709226,30.324158090846133,False,False,False,False,True,True,True,True,MODEL_OUTPUT_GATE_B_WALK_GRAPH
WP_04039,45.71583335186702,9.384999976883096,097092,La Valletta Brianza,0.0213167318788126,29.74297078342821,False,False,False,False,True,True,True,True,MODEL_OUTPUT_GATE_B_WALK_GRAPH
WP_04040,45.71583335186702,9.385833310213064,097092,La Valletta Brianza,0.01688987542372,29.19499750849987,False,False,False,False,True,True,True,True,MODEL_OUTPUT_GATE_B_WALK_GRAPH
WP_04041,45.71583335186702,9.386666643543034,097092,La Valletta Brianza,0.0547864066527792,29.426641324444585,False,False,False,False,True,True,True,True,MODEL_OUTPUT_GATE_B_WALK_GRAPH
WP_04042,45.71583335186702,9.387499976873002,097058,Olgiate Molgora,0.0321707551304782,32.15777659564591,False,False,False,False,True,True,True,True,MODEL_OUTPUT_GATE_B_WALK_GRAPH
WP_04043,45.71583335186702,9.388333310202972,097058,Olgiate Molgora,0.0338630711537236,33.18475172613324,False,False,False,False,True,True,True,True,MODEL_OUTPUT_GATE_B_WALK_GRAPH
WP_04044,45.71583335186702,9.389166643532942,097058,Olgiate Molgora,0.0252813347243573,34.245117909189155,False,False,False,False,True,True,True,True,MODEL_OUTPUT_GATE_B_WALK_GRAPH
WP_04045,45.71583335186702,9.38999997686291,097058,Olgiate Molgora,0.05178455772985,30.70567526352125,False,False,False,False,True,True,True,True,MODEL_OUTPUT_GATE_B_WALK_GRAPH
WP_04046,45.71583335186702,9.39083331019288,097058,Olgiate Molgora,0.0852680078942439,29.94365111123931,False,False,False,False,True,True,True,True,MODEL_OUTPUT_GATE_B_WALK_GRAPH
WP_04047,45.71583335186702,9.391666643522848,097058,Olgiate Molgora,0.0973294231984476,29.32597789229337,False,False,False,False,True,True,True,True,MODEL_OUTPUT_GATE_B_WALK_GRAPH
WP_04048,45.71583335186702,9.392499976852818,097058,Olgiate Molgora,0.247034260311736,28.7024619165457,False,False,False,False,True,True,True,True,MODEL_OUTPUT_GATE_B_WALK_GRAPH
WP_04049,45.71583335186702,9.393333310182786,097058,Olgiate Molgora,0.1039089172484828,26.95959164936548,False,False,False,False,True,True,True,True,MODEL_OUTPUT_GATE_B_WALK_GRAPH
WP_04050,45.71583335186702,9.394166643512756,097058,Olgiate Molgora,0.1879966396151736,26.341324177830543,False,False,False,False,True,True,True,True,MODEL_OUTPUT_GATE_B_WALK_GRAPH
WP_04051,45.71583335186702,9.394999976842726,097058,Olgiate Molgora,0.1787846507045976,24.83163809435264,False,False,False,False,True,True,True,True,MODEL_OUTPUT_GATE_B_WALK_GRAPH
WP_04052,45.71583335186702,9.395833310172694,097058,Olgiate Molgora,0.1776249220048111,23.000648723711357,False,False,False,False,True,True,True,True,MODEL_OUTPUT_GATE_B_WALK_GRAPH
WP_04053,45.71583335186702,9.396666643502664,097058,Olgiate Molgora,0.1788240139039562,22.344742628356418,False,False,False,False,True,True,True,True,MODEL_OUTPUT_GATE_B_WALK_GRAPH
WP_04054,45.71583335186702,9.397499976832632,097058,Olgiate Molgora,0.1899423672665766,22.892886712198237,False,False,False,False,True,True,True,True,MODEL_OUTPUT_GATE_B_WALK_GRAPH
WP_04055,45.71500001853704,9.374999976923466,097092,La Valletta Brianza,0.0695380663605798,44.77665855024913,False,False,False,False,True,True,True,True,MODEL_OUTPUT_GATE_B_WALK_GRAPH
WP_04056,45.71500001853704,9.375833310253434,097092,La Valletta Brianza,0.0741695181889378,43.12780628922778,False,False,False,False,True,True,True,True,MODEL_OUTPUT_GATE_B_WALK_GRAPH
WP_04057,45.71500001853704,9.376666643583404,097092,La Valletta Brianza,0.1076144142946401,43.638754158744206,False,False,False,False,True,True,True,True,MODEL_OUTPUT_GATE_B_WALK_GRAPH
WP_04058,45.71500001853704,9.377499976913374,097092,La Valletta Brianza,0.0385604093288486,44.74524132316718,False,False,False,False,True,True,True,True,MODEL_OUTPUT_GATE_B_WALK_GRAPH
WP_04059,45.71500001853704,9.378333310243342,097092,La Valletta Brianza,0.1174299405160791,45.54874794630922,False,False,False,False,True,True,True,True,MODEL_OUTPUT_GATE_B_WALK_GRAPH
WP_04060,45.71500001853704,9.379166643573312,097092,La Valletta Brianza,1.8760028309232688,44.697294961541296,False,False,False,False,True,True,True,True,MODEL_OUTPUT_GATE_B_WALK_GRAPH
WP_04061,45.71500001853704,9.37999997690328,097092,La Valletta Brianza,2.7185717588301634,42.5176028003793,False,False,False,False,True,True,True,True,MODEL_OUTPUT_GATE_B_WALK_GRAPH
WP_04062,45.71500001853704,9.38083331023325,097092,La Valletta Brianza,6.4604522056555815,42.78111656524259,False,False,False,False,True,True,True,True,MODEL_OUTPUT_GATE_B_WALK_GRAPH
WP_04063,45.71500001853704,9.381666643563218,097092,La Valletta Brianza,5.957106056592533,42.549967785246885,False,False,False,False,True,True,True,True,MODEL_OUTPUT_GATE_B_WALK_GRAPH
WP_04064,45.71500001853704,9.382499976893188,097092,La Valletta Brianza,1.9603341460842345,42.270227722688,False,False,False,False,True,True,True,True,MODEL_OUTPUT_GATE_B_WALK_GRAPH
WP_04065,45.71500001853704,9.383333310223158,097092,La Valletta Brianza,1.066696074436437,42.99300042818607,False,False,False,False,True,True,True,True,MODEL_OUTPUT_GATE_B_WALK_GRAPH
WP_04066,45.71500001853704,9.384166643553126,097092,La Valletta Brianza,0.06389821526831,38.12200800088779,False,False,False,False,True,True,True,True,MODEL_OUTPUT_GATE_B_WALK_GRAPH
WP_04067,45.71500001853704,9.384999976883096,097092,La Valletta Brianza,0.0311531434673889,33.752428609782804,False,False,False,False,True,True,True,True,MODEL_OUTPUT_GATE_B_WALK_GRAPH
WP_04068,45.71500001853704,9.385833310213064,097092,La Valletta Brianza,0.0187640886521703,32.54065842090609,False,False,False,False,True,True,True,True,MODEL_OUTPUT_GATE_B_WALK_GRAPH
WP_04069,45.71500001853704,9.386666643543034,097058,Olgiate Molgora,0.0243279557558869,31.017620298010645,False,False,False,False,True,True,True,True,MODEL_OUTPUT_GATE_B_WALK_GRAPH
WP_04070,45.71500001853704,9.387499976873002,097058,Olgiate Molgora,0.0305895434290396,32.084696990785645,False,False,False,False,True,True,True,True,MODEL_OUTPUT_GATE_B_WALK_GRAPH
WP_04071,45.71500001853704,9.388333310202972,097058,Olgiate Molgora,0.0293925899548223,32.91878705750503,False,False,False,False,True,True,True,True,MODEL_OUTPUT_GATE_B_WALK_GRAPH
WP_04072,45.71500001853704,9.389166643532942,097058,Olgiate Molgora,0.0419169678203907,34.16195120324743,False,False,False,False,True,True,True,True,MODEL_OUTPUT_GATE_B_WALK_GRAPH
WP_04073,45.71500001853704,9.38999997686291,097058,Olgiate Molgora,0.0540956342688721,35.229839263071604,False,False,False,False,True,True,True,True,MODEL_OUTPUT_GATE_B_WALK_GRAPH
WP_04074,45.71500001853704,9.39083331019288,097058,Olgiate Molgora,0.0947580251422924,30.73641762655146,False,False,False,False,True,True,True,True,MODEL_OUTPUT_GATE_B_WALK_GRAPH
WP_04075,45.71500001853704,9.391666643522848,097058,Olgiate Molgora,0.2497281388161196,32.74709357585115,False,False,False,False,True,True,True,True,MODEL_OUTPUT_GATE_B_WALK_GRAPH
WP_04076,45.71500001853704,9.392499976852818,097058,Olgiate Molgora,0.1086983345043693,31.05023537889836,False,False,False,False,True,True,True,True,MODEL_OUTPUT_GATE_B_WALK_GRAPH
WP_04077,45.71500001853704,9.393333310182786,097058,Olgiate Molgora,46.03309755646238,30.54634670259012,False,False,False,False,True,True,True,True,MODEL_OUTPUT_GATE_B_WALK_GRAPH
WP_04078,45.71500001853704,9.394166643512756,097058,Olgiate Molgora,0.182050457667225,31.318931756062774,False,False,False,False,True,True,True,True,MODEL_OUTPUT_GATE_B_WALK_GRAPH
WP_04079,45.71500001853704,9.394999976842726,097058,Olgiate Molgora,0.1919257076611634,24.44161412555099,False,False,False,False,True,True,True,True,MODEL_OUTPUT_GATE_B_WALK_GRAPH
WP_04080,45.71500001853704,9.395833310172694,097058,Olgiate Molgora,0.1775047289173825,23.526081670817472,False,False,False,False,True,True,True,True,MODEL_OUTPUT_GATE_B_WALK_GRAPH
WP_04081,45.71500001853704,9.396666643502664,097058,Olgiate Molgora,0.1751107226783665,24.01184323910974,False,False,False,False,True,True,True,True,MODEL_OUTPUT_GATE_B_WALK_GRAPH
WP_04082,45.71500001853704,9.397499976832632,097058,Olgiate Molgora,0.2614438684452388,23.525671669893065,False,False,False,False,True,True,True,True,MODEL_OUTPUT_GATE_B_WALK_GRAPH
WP_04083,45.71500001853704,9.398333310162602,097058,Olgiate Molgora,0.2594176051000809,22.59633838896849,False,False,False,False,True,True,True,True,MODEL_OUTPUT_GATE_B_WALK_GRAPH
WP_04084,45.714166685207054,9.378333310243342,097092,La Valletta Brianza,0.0894896512693068,45.6884853670288,False,False,False,False,True,True,True,True,MODEL_OUTPUT_GATE_B_WALK_GRAPH
WP_04085,45.714166685207054,9.379166643573312,097092,La Valletta Brianza,0.092923159016737,45.69976696206818,False,False,False,False,True,True,True,True,MODEL_OUTPUT_GATE_B_WALK_GRAPH
WP_04086,45.714166685207054,9.37999997690328,097092,La Valletta Brianza,1.6671543140615532,44.24979424994464,False,False,False,False,True,True,True,True,MODEL_OUTPUT_GATE_B_WALK_GRAPH
WP_04087,45.714166685207054,9.38083331023325,097092,La Valletta Brianza,2.612168826063152,44.42221201761846,False,False,False,False,True,True,True,True,MODEL_OUTPUT_GATE_B_WALK_GRAPH
WP_04088,45.714166685207054,9.381666643563218,097092,La Valletta Brianza,3.8199377346378247,44.78607699397572,False,False,False,False,True,True,True,True,MODEL_OUTPUT_GATE_B_WALK_GRAPH
WP_04089,45.714166685207054,9.382499976893188,097092,La Valletta Brianza,2.6613536120585835,37.91896698396805,False,False,False,False,True,True,True,True,MODEL_OUTPUT_GATE_B_WALK_GRAPH
WP_04090,45.714166685207054,9.383333310223158,097092,La Valletta Brianza,0.1365344651079498,37.15682088964103,False,False,False,False,True,True,True,True,MODEL_OUTPUT_GATE_B_WALK_GRAPH
WP_04091,45.714166685207054,9.384166643553126,097092,La Valletta Brianza,0.0240844320118983,37.10847096071864,False,False,False,False,True,True,True,True,MODEL_OUTPUT_GATE_B_WALK_GRAPH
WP_04092,45.714166685207054,9.384999976883096,097092,La Valletta Brianza,0.0215237485700765,34.31209532335385,False,False,False,False,True,True,True,True,MODEL_OUTPUT_GATE_B_WALK_GRAPH
WP_04093,45.714166685207054,9.385833310213064,097058,Olgiate Molgora,0.015294803892023,32.90525781138795,False,False,False,False,True,True,True,True,MODEL_OUTPUT_GATE_B_WALK_GRAPH
WP_04094,45.714166685207054,9.386666643543034,097058,Olgiate Molgora,0.0222064764206512,32.345808733353174,False,False,False,False,True,True,True,True,MODEL_OUTPUT_GATE_B_WALK_GRAPH
WP_04095,45.714166685207054,9.387499976873002,097058,Olgiate Molgora,0.049305470494911,32.176525083899946,False,False,False,False,True,True,True,True,MODEL_OUTPUT_GATE_B_WALK_GRAPH
WP_04096,45.714166685207054,9.388333310202972,097058,Olgiate Molgora,0.0289985497666244,33.7380012296845,False,False,False,False,True,True,True,True,MODEL_OUTPUT_GATE_B_WALK_GRAPH
WP_04097,45.714166685207054,9.389166643532942,097058,Olgiate Molgora,0.0160026427689789,34.75643217334199,False,False,False,False,True,True,True,True,MODEL_OUTPUT_GATE_B_WALK_GRAPH
WP_04098,45.714166685207054,9.38999997686291,097058,Olgiate Molgora,0.0311200585212916,37.28086448066688,False,False,False,False,True,True,True,True,MODEL_OUTPUT_GATE_B_WALK_GRAPH
WP_04099,45.714166685207054,9.39083331019288,097058,Olgiate Molgora,0.0849579344410007,30.634183584168603,False,False,False,False,True,True,True,True,MODEL_OUTPUT_GATE_B_WALK_GRAPH
WP_04100,45.714166685207054,9.391666643522848,097058,Olgiate Molgora,0.0994099212655917,29.93000486876409,False,False,False,False,True,True,True,True,MODEL_OUTPUT_GATE_B_WALK_GRAPH
WP_04101,45.714166685207054,9.392499976852818,097058,Olgiate Molgora,0.0980017307569989,29.1968540280538,False,False,False,False,True,True,True,True,MODEL_OUTPUT_GATE_B_WALK_GRAPH
WP_04102,45.714166685207054,9.393333310182786,097058,Olgiate Molgora,18.60107715030316,29.510752973609453,False,False,False,False,True,True,True,True,MODEL_OUTPUT_GATE_B_WALK_GRAPH
WP_04103,45.714166685207054,9.394166643512756,097058,Olgiate Molgora,0.0573776439834029,26.81224835504695,False,False,False,False,True,True,True,True,MODEL_OUTPUT_GATE_B_WALK_GRAPH
WP_04104,45.714166685207054,9.394999976842726,097058,Olgiate Molgora,0.1295505995571027,26.053180436590104,False,False,False,False,True,True,True,True,MODEL_OUTPUT_GATE_B_WALK_GRAPH
WP_04105,45.714166685207054,9.395833310172694,097058,Olgiate Molgora,0.2527027081165272,25.230832180729447,False,False,False,False,True,True,True,True,MODEL_OUTPUT_GATE_B_WALK_GRAPH
WP_04106,45.714166685207054,9.396666643502664,097058,Olgiate Molgora,0.1015767874287874,24.671030869730675,False,False,False,False,True,True,True,True,MODEL_OUTPUT_GATE_B_WALK_GRAPH
WP_04107,45.714166685207054,9.397499976832632,097058,Olgiate Molgora,0.0487583352625711,24.44273169713214,False,False,False,False,True,True,True,True,MODEL_OUTPUT_GATE_B_WALK_GRAPH
WP_04108,45.714166685207054,9.398333310162602,097058,Olgiate Molgora,0.2259757282698376,24.898589094851417,False,False,False,False,True,True,True,True,MODEL_OUTPUT_GATE_B_WALK_GRAPH
WP_04109,45.71333335187708,9.37999997690328,097092,La Valletta Brianza,0.0589371763072214,43.94431400596937,False,False,False,False,True,True,True,True,MODEL_OUTPUT_GATE_B_WALK_GRAPH
WP_04110,45.71333335187708,9.38083331023325,097092,La Valletta Brianza,0.0761293566245687,43.6550545279783,False,False,False,False,True,True,True,True,MODEL_OUTPUT_GATE_B_WALK_GRAPH
WP_04111,45.71333335187708,9.381666643563218,097092,La Valletta Brianza,2.2560739058507635,44.1739761759421,False,False,False,False,True,True,True,True,MODEL_OUTPUT_GATE_B_WALK_GRAPH
WP_04112,45.71333335187708,9.382499976893188,097092,La Valletta Brianza,0.0816534985331676,37.8847186104716,False,False,False,False,True,True,True,True,MODEL_OUTPUT_GATE_B_WALK_GRAPH
WP_04113,45.71333335187708,9.383333310223158,097092,La Valletta Brianza,0.0248089613001073,36.89494345206902,False,False,False,False,True,True,True,True,MODEL_OUTPUT_GATE_B_WALK_GRAPH
WP_04114,45.71333335187708,9.384166643553126,097092,La Valletta Brianza,0.0183537703562814,35.75890180210892,False,False,False,False,True,True,True,True,MODEL_OUTPUT_GATE_B_WALK_GRAPH
WP_04115,45.71333335187708,9.384999976883096,097058,Olgiate Molgora,0.0168217238713268,34.24105473657936,False,False,False,False,True,True,True,True,MODEL_OUTPUT_GATE_B_WALK_GRAPH
WP_04116,45.71333335187708,9.385833310213064,097058,Olgiate Molgora,0.0637227607774665,35.64828884290609,False,False,False,False,True,True,True,True,MODEL_OUTPUT_GATE_B_WALK_GRAPH
WP_04117,45.71333335187708,9.386666643543034,097058,Olgiate Molgora,0.089266454314589,36.2054169847254,False,False,False,False,True,True,True,True,MODEL_OUTPUT_GATE_B_WALK_GRAPH
WP_04118,45.71333335187708,9.387499976873002,097058,Olgiate Molgora,0.0615321310684698,35.26296402250031,False,False,False,False,True,True,True,True,MODEL_OUTPUT_GATE_B_WALK_GRAPH
WP_04119,45.71333335187708,9.388333310202972,097058,Olgiate Molgora,0.0617110968251948,35.1141290889071,False,False,False,False,True,True,True,True,MODEL_OUTPUT_GATE_B_WALK_GRAPH
WP_04120,45.71333335187708,9.389166643532942,097058,Olgiate Molgora,0.0432383893931777,36.35959428679602,False,False,False,False,True,True,True,True,MODEL_OUTPUT_GATE_B_WALK_GRAPH
WP_04121,45.71333335187708,9.38999997686291,097058,Olgiate Molgora,0.0223306779056228,37.12603733087625,False,False,False,False,True,True,True,True,MODEL_OUTPUT_GATE_B_WALK_GRAPH
WP_04122,45.71333335187708,9.39083331019288,097058,Olgiate Molgora,0.0283225243274162,30.70547396378531,False,False,False,False,True,True,True,True,MODEL_OUTPUT_GATE_B_WALK_GRAPH
WP_04123,45.71333335187708,9.391666643522848,097058,Olgiate Molgora,0.0390943609160121,29.91173332543704,False,False,False,False,True,True,True,True,MODEL_OUTPUT_GATE_B_WALK_GRAPH
WP_04124,45.71333335187708,9.392499976852818,097058,Olgiate Molgora,0.0343642826534785,29.93800000799761,False,False,False,False,True,True,True,True,MODEL_OUTPUT_GATE_B_WALK_GRAPH
WP_04125,45.71333335187708,9.393333310182786,097058,Olgiate Molgora,0.008877021102133,28.16914665034536,False,False,False,False,True,True,True,True,MODEL_OUTPUT_GATE_B_WALK_GRAPH
WP_04126,45.71333335187708,9.394166643512756,097058,Olgiate Molgora,0.0436103429431704,32.44563391521026,False,False,False,False,True,True,True,True,MODEL_OUTPUT_GATE_B_WALK_GRAPH
WP_04127,45.71333335187708,9.394999976842726,097058,Olgiate Molgora,0.080949169155054,26.33792020638845,False,False,False,False,True,True,True,True,MODEL_OUTPUT_GATE_B_WALK_GRAPH
WP_04128,45.71333335187708,9.395833310172694,097058,Olgiate Molgora,0.091918579290804,26.01140746176525,False,False,False,False,True,True,True,True,MODEL_OUTPUT_GATE_B_WALK_GRAPH
WP_04129,45.71333335187708,9.396666643502664,097058,Olgiate Molgora,0.0889083683491237,25.71215138829544,False,False,False,False,True,True,True,True,MODEL_OUTPUT_GATE_B_WALK_GRAPH
WP_04130,45.7125000185471,9.38083331023325,097092,La Valletta Brianza,0.0638982769579406,42.277388637988416,False,False,False,False,True,True,True,True,MODEL_OUTPUT_GATE_B_WALK_GRAPH
WP_04131,45.7125000185471,9.381666643563218,097092,La Valletta Brianza,0.045314786412758,42.188790889910095,False,False,False,False,True,True,True,True,MODEL_OUTPUT_GATE_B_WALK_GRAPH
WP_04132,45.7125000185471,9.382499976893188,097092,La Valletta Brianza,0.0257389307667999,42.19781573039781,False,False,False,False,True,True,True,True,MODEL_OUTPUT_GATE_B_WALK_GRAPH
WP_04133,45.7125000185471,9.383333310223158,097092,La Valletta Brianza,0.02527521152768,37.18194452307813,False,False,False,False,True,True,True,True,MODEL_OUTPUT_GATE_B_WALK_GRAPH
WP_04134,45.7125000185471,9.384166643553126,097092,La Valletta Brianza,0.0254310343936052,36.50601772216831,False,False,False,False,True,True,True,True,MODEL_OUTPUT_GATE_B_WALK_GRAPH
WP_04135,45.7125000185471,9.384999976883096,097092,La Valletta Brianza,0.058271085948737,38.42682282324288,False,False,False,False,True,True,True,True,MODEL_OUTPUT_GATE_B_WALK_GRAPH
WP_04136,45.7125000185471,9.385833310213064,097092,La Valletta Brianza,0.113476807301858,35.78327090746117,False,False,False,False,True,True,True,True,MODEL_OUTPUT_GATE_B_WALK_GRAPH
WP_04137,45.7125000185471,9.386666643543034,097058,Olgiate Molgora,0.0711464527695001,36.74386061552823,False,False,False,False,True,True,True,True,MODEL_OUTPUT_GATE_B_WALK_GRAPH
WP_04138,45.7125000185471,9.387499976873002,097058,Olgiate Molgora,0.2104461517982322,36.065897656712615,False,False,False,False,True,True,True,True,MODEL_OUTPUT_GATE_B_WALK_GRAPH
WP_04139,45.7125000185471,9.388333310202972,097058,Olgiate Molgora,0.137978457649963,35.89161162138535,False,False,False,False,True,True,True,True,MODEL_OUTPUT_GATE_B_WALK_GRAPH
WP_04140,45.7125000185471,9.389166643532942,097058,Olgiate Molgora,0.145265974448401,36.27320224972564,False,False,False,False,True,True,True,True,MODEL_OUTPUT_GATE_B_WALK_GRAPH
WP_04141,45.7125000185471,9.38999997686291,097058,Olgiate Molgora,0.0733189821732612,36.92122754764648,False,False,False,False,True,True,True,True,MODEL_OUTPUT_GATE_B_WALK_GRAPH
WP_04142,45.7125000185471,9.39083331019288,097058,Olgiate Molgora,0.0895628992161859,31.840193823779323,False,False,False,False,True,True,True,True,MODEL_OUTPUT_GATE_B_WALK_GRAPH
WP_04143,45.7125000185471,9.391666643522848,097058,Olgiate Molgora,0.045279358776661,31.229645819554705,False,False,False,False,True,True,True,True,MODEL_OUTPUT_GATE_B_WALK_GRAPH
WP_04144,45.7125000185471,9.392499976852818,097058,Olgiate Molgora,0.0284615679155839,31.989305368976105,False,False,False,False,True,True,True,True,MODEL_OUTPUT_GATE_B_WALK_GRAPH
WP_04145,45.7125000185471,9.393333310182786,097058,Olgiate Molgora,0.0350056262603669,31.18666764173447,False,False,False,False,True,True,True,True,MODEL_OUTPUT_GATE_B_WALK_GRAPH
WP_04146,45.7125000185471,9.394166643512756,097058,Olgiate Molgora,0.0430477110252833,28.49551292996923,False,False,False,False,True,True,True,True,MODEL_OUTPUT_GATE_B_WALK_GRAPH
WP_04147,45.7125000185471,9.394999976842726,097058,Olgiate Molgora,0.0766224901373669,27.48589593219335,False,False,False,False,True,True,True,True,MODEL_OUTPUT_GATE_B_WALK_GRAPH
WP_04148,45.7125000185471,9.395833310172694,097058,Olgiate Molgora,0.0576728495914474,26.76815697515937,False,False,False,False,True,True,True,True,MODEL_OUTPUT_GATE_B_WALK_GRAPH
WP_04149,45.7125000185471,9.396666643502664,097058,Olgiate Molgora,0.0940388965584951,27.907897303375453,False,False,False,False,True,True,True,True,MODEL_OUTPUT_GATE_B_WALK_GRAPH
WP_04150,45.71166668521712,9.38083331023325,097092,La Valletta Brianza,0.0089087906118461,42.80794606274761,False,False,False,False,True,True,True,True,MODEL_OUTPUT_GATE_B_WALK_GRAPH
WP_04151,45.71166668521712,9.381666643563218,097092,La Valletta Brianza,0.0472323880146836,41.59127929385656,False,False,False,False,True,True,True,True,MODEL_OUTPUT_GATE_B_WALK_GRAPH
WP_04152,45.71166668521712,9.382499976893188,097092,La Valletta Brianza,0.1184513562920334,40.22556349635764,False,False,False,False,True,True,True,True,MODEL_OUTPUT_GATE_B_WALK_GRAPH
WP_04153,45.71166668521712,9.383333310223158,097092,La Valletta Brianza,0.1926639132798735,38.177432876672654,False,False,False,False,True,True,True,True,MODEL_OUTPUT_GATE_B_WALK_GRAPH
WP_04154,45.71166668521712,9.384166643553126,097092,La Valletta Brianza,0.0996868306716468,37.63571388231901,False,False,False,False,True,True,True,True,MODEL_OUTPUT_GATE_B_WALK_GRAPH
WP_04155,45.71166668521712,9.384999976883096,097092,La Valletta Brianza,0.0790488389527796,39.600379239951785,False,False,False,False,True,True,True,True,MODEL_OUTPUT_GATE_B_WALK_GRAPH
WP_04156,45.71166668521712,9.385833310213064,097092,La Valletta Brianza,0.1138123988919605,40.41063866885669,False,False,False,False,True,True,True,True,MODEL_OUTPUT_GATE_B_WALK_GRAPH
WP_04157,45.71166668521712,9.386666643543034,097058,Olgiate Molgora,0.0589885380525192,40.84482290107975,False,False,False,False,True,True,True,True,MODEL_OUTPUT_GATE_B_WALK_GRAPH
WP_04158,45.71166668521712,9.387499976873002,097058,Olgiate Molgora,0.0988958019902624,38.62172840614049,False,False,False,False,True,True,True,True,MODEL_OUTPUT_GATE_B_WALK_GRAPH
WP_04159,45.71166668521712,9.388333310202972,097058,Olgiate Molgora,0.1453688247809552,37.615218151063296,False,False,False,False,True,True,True,True,MODEL_OUTPUT_GATE_B_WALK_GRAPH
WP_04160,45.71166668521712,9.389166643532942,097058,Olgiate Molgora,0.1423284442122628,37.27260230602513,False,False,False,False,True,True,True,True,MODEL_OUTPUT_GATE_B_WALK_GRAPH
WP_04161,45.71166668521712,9.38999997686291,097058,Olgiate Molgora,0.1503113481132706,37.07626184789982,False,False,False,False,True,True,True,True,MODEL_OUTPUT_GATE_B_WALK_GRAPH
WP_04162,45.71166668521712,9.39083331019288,097058,Olgiate Molgora,0.1739304592153869,36.59860700059801,False,False,False,False,True,True,True,True,MODEL_OUTPUT_GATE_B_WALK_GRAPH
WP_04163,45.71166668521712,9.391666643522848,097058,Olgiate Molgora,0.0949837972145476,32.319022598302254,False,False,False,False,True,True,True,True,MODEL_OUTPUT_GATE_B_WALK_GRAPH
WP_04164,45.71166668521712,9.392499976852818,097058,Olgiate Molgora,0.0920308659060146,30.963466542467412,False,False,False,False,True,True,True,True,MODEL_OUTPUT_GATE_B_WALK_GRAPH
WP_04165,45.71166668521712,9.393333310182786,097058,Olgiate Molgora,0.0653154111216185,30.177636179214375,False,False,False,False,True,True,True,True,MODEL_OUTPUT_GATE_B_WALK_GRAPH
WP_04166,45.71166668521712,9.394166643512756,097058,Olgiate Molgora,0.0544759098405528,28.73934379764926,False,False,False,False,True,True,True,True,MODEL_OUTPUT_GATE_B_WALK_GRAPH
WP_04167,45.71166668521712,9.394999976842726,097058,Olgiate Molgora,0.0821948393691351,28.192394610344525,False,False,False,False,True,True,True,True,MODEL_OUTPUT_GATE_B_WALK_GRAPH
WP_04168,45.71166668521712,9.395833310172694,097058,Olgiate Molgora,0.2242139603236582,29.538451090766035,False,False,False,False,True,True,True,True,MODEL_OUTPUT_GATE_B_WALK_GRAPH
WP_04169,45.71166668521712,9.396666643502664,097058,Olgiate Molgora,0.2518910848400668,29.422238291774978,False,False,False,False,True,True,True,True,MODEL_OUTPUT_GATE_B_WALK_GRAPH
WP_04170,45.71083335188713,9.381666643563218,097092,La Valletta Brianza,0.1181074845826326,41.98822414805926,False,False,False,False,True,True,True,True,MODEL_OUTPUT_GATE_B_WALK_GRAPH
WP_04171,45.71083335188713,9.382499976893188,097092,La Valletta Brianza,0.2215191420002992,42.056814686259294,False,False,False,False,True,True,True,True,MODEL_OUTPUT_GATE_B_WALK_GRAPH
WP_04172,45.71083335188713,9.383333310223158,097092,La Valletta Brianza,0.434301771106822,39.0097169146712,False,False,False,False,True,True,True,True,MODEL_OUTPUT_GATE_B_WALK_GRAPH
WP_04173,45.71083335188713,9.384166643553126,097092,La Valletta Brianza,15.025387428435332,39.526712938074525,False,False,False,False,True,True,True,True,MODEL_OUTPUT_GATE_B_WALK_GRAPH
WP_04174,45.71083335188713,9.384999976883096,097092,La Valletta Brianza,0.0582572469082873,40.22158630980884,False,False,False,False,True,True,True,True,MODEL_OUTPUT_GATE_B_WALK_GRAPH
WP_04175,45.71083335188713,9.385833310213064,097092,La Valletta Brianza,0.0600799287320319,40.47607830327362,False,False,False,False,True,True,True,True,MODEL_OUTPUT_GATE_B_WALK_GRAPH
WP_04176,45.71083335188713,9.386666643543034,097092,La Valletta Brianza,0.0596079619320298,39.695276184892016,False,False,False,False,True,True,True,True,MODEL_OUTPUT_GATE_B_WALK_GRAPH
WP_04177,45.71083335188713,9.387499976873002,097058,Olgiate Molgora,0.0635827610577748,38.739294771709176,False,False,False,False,True,True,True,True,MODEL_OUTPUT_GATE_B_WALK_GRAPH
WP_04178,45.71083335188713,9.388333310202972,097058,Olgiate Molgora,0.046268417999408,37.258205358557575,False,False,False,False,True,True,True,True,MODEL_OUTPUT_GATE_B_WALK_GRAPH
WP_04179,45.71083335188713,9.389166643532942,097058,Olgiate Molgora,0.0574309005092914,36.25175708315033,False,False,False,False,True,True,True,True,MODEL_OUTPUT_GATE_B_WALK_GRAPH
WP_04180,45.71083335188713,9.38999997686291,097058,Olgiate Molgora,0.0643391861258672,35.74750021981735,False,False,False,False,True,True,True,True,MODEL_OUTPUT_GATE_B_WALK_GRAPH
WP_04181,45.71083335188713,9.39083331019288,097058,Olgiate Molgora,0.0718318446202149,35.01738444611889,False,False,False,False,True,True,True,True,MODEL_OUTPUT_GATE_B_WALK_GRAPH
WP_04182,45.71083335188713,9.391666643522848,097058,Olgiate Molgora,0.0751681993796001,35.349365938438424,False,False,False,False,True,True,True,True,MODEL_OUTPUT_GATE_B_WALK_GRAPH
WP_04183,45.71083335188713,9.392499976852818,097058,Olgiate Molgora,0.1066004569080615,34.39712720544532,False,False,False,False,True,True,True,True,MODEL_OUTPUT_GATE_B_WALK_GRAPH
WP_04184,45.71083335188713,9.393333310182786,097058,Olgiate Molgora,0.2153053445907994,30.52535759278834,False,False,False,False,True,True,True,True,MODEL_OUTPUT_GATE_B_WALK_GRAPH
WP_04185,45.71083335188713,9.394166643512756,097058,Olgiate Molgora,0.2293155692318566,29.551420985016406,False,False,False,False,True,True,True,True,MODEL_OUTPUT_GATE_B_WALK_GRAPH
WP_04186,45.71083335188713,9.394999976842726,097058,Olgiate Molgora,0.2244862371622707,29.357156290688184,False,False,False,False,True,True,True,True,MODEL_OUTPUT_GATE_B_WALK_GRAPH
WP_04187,45.71083335188713,9.395833310172694,097058,Olgiate Molgora,0.2184533267302346,30.73724505272008,False,False,False,False,True,True,True,True,MODEL_OUTPUT_GATE_B_WALK_GRAPH
WP_04188,45.71083335188713,9.396666643502664,097058,Olgiate Molgora,38.37329432716415,30.3849216297774,False,False,False,False,True,True,True,True,MODEL_OUTPUT_GATE_B_WALK_GRAPH
WP_04189,45.71000001855715,9.382499976893188,097092,La Valletta Brianza,0.1607326613665562,42.51240727664376,False,False,False,False,True,True,True,True,MODEL_OUTPUT_GATE_B_WALK_GRAPH
WP_04190,45.71000001855715,9.383333310223158,097092,La Valletta Brianza,0.197867776335549,42.799909902167954,False,False,False,False,True,True,True,True,MODEL_OUTPUT_GATE_B_WALK_GRAPH
WP_04191,45.71000001855715,9.384166643553126,097092,La Valletta Brianza,0.1536810979147531,44.20555010102648,False,False,False,False,True,True,True,True,MODEL_OUTPUT_GATE_B_WALK_GRAPH
WP_04192,45.71000001855715,9.384999976883096,097092,La Valletta Brianza,0.0341454469772431,40.699647227446654,False,False,False,False,True,True,True,True,MODEL_OUTPUT_GATE_B_WALK_GRAPH
WP_04193,45.71000001855715,9.385833310213064,097092,La Valletta Brianza,0.0547489713286504,40.66444763827936,False,False,False,False,True,True,True,True,MODEL_OUTPUT_GATE_B_WALK_GRAPH
WP_04194,45.71000001855715,9.386666643543034,097092,La Valletta Brianza,0.0765936876191914,40.32389319645534,False,False,False,False,True,True,True,True,MODEL_OUTPUT_GATE_B_WALK_GRAPH
WP_04195,45.71000001855715,9.387499976873002,097058,Olgiate Molgora,0.0213385461909976,39.11686070530197,False,False,False,False,True,True,True,True,MODEL_OUTPUT_GATE_B_WALK_GRAPH
WP_04196,45.71000001855715,9.388333310202972,097058,Olgiate Molgora,0.0097676171650495,37.910385129784,False,False,False,False,True,True,True,True,MODEL_OUTPUT_GATE_B_WALK_GRAPH
WP_04197,45.71000001855715,9.389166643532942,097058,Olgiate Molgora,0.0091083819470176,37.85990370133792,False,False,False,False,True,True,True,True,MODEL_OUTPUT_GATE_B_WALK_GRAPH
WP_04198,45.71000001855715,9.38999997686291,097058,Olgiate Molgora,0.0090580213964182,38.78756390691223,False,False,False,False,True,True,True,True,MODEL_OUTPUT_GATE_B_WALK_GRAPH
WP_04199,45.71000001855715,9.39083331019288,097058,Olgiate Molgora,0.0082498558225172,34.8881718999033,False,False,False,False,True,True,True,True,MODEL_OUTPUT_GATE_B_WALK_GRAPH
WP_04200,45.71000001855715,9.391666643522848,097058,Olgiate Molgora,0.0663889923710899,34.112096575118386,False,False,False,False,True,True,True,True,MODEL_OUTPUT_GATE_B_WALK_GRAPH
WP_04201,45.71000001855715,9.392499976852818,097058,Olgiate Molgora,0.1055799777324632,33.088357781213695,False,False,False,False,True,True,True,True,MODEL_OUTPUT_GATE_B_WALK_GRAPH
WP_04202,45.71000001855715,9.393333310182786,097058,Olgiate Molgora,16.979557164978537,32.06976041321405,False,False,False,False,True,True,True,True,MODEL_OUTPUT_GATE_B_WALK_GRAPH
WP_04203,45.71000001855715,9.394166643512756,097058,Olgiate Molgora,28.960328335402757,31.034955140250013,False,False,False,False,True,True,True,True,MODEL_OUTPUT_GATE_B_WALK_GRAPH
WP_04204,45.71000001855715,9.394999976842726,097058,Olgiate Molgora,21.444956157086715,30.5176489020542,False,False,False,False,True,True,True,True,MODEL_OUTPUT_GATE_B_WALK_GRAPH
WP_04205,45.71000001855715,9.395833310172694,097058,Olgiate Molgora,21.473170568680764,31.917622246389094,False,False,False,False,True,True,True,True,MODEL_OUTPUT_GATE_B_WALK_GRAPH
WP_04206,45.71000001855715,9.396666643502664,097058,Olgiate Molgora,23.58175960348432,32.26511695650305,False,False,False,False,True,True,True,True,MODEL_OUTPUT_GATE_B_WALK_GRAPH
WP_04207,45.71000001855715,9.397499976832632,097058,Olgiate Molgora,0.0755095751079685,31.89294963051616,False,False,False,False,True,True,True,True,MODEL_OUTPUT_GATE_B_WALK_GRAPH
WP_04208,45.70916668522717,9.384166643553126,097092,La Valletta Brianza,0.1033546561990536,44.33813579408697,False,False,False,False,True,True,True,True,MODEL_OUTPUT_GATE_B_WALK_GRAPH
WP_04209,45.70916668522717,9.384999976883096,097092,La Valletta Brianza,0.0205731781939874,42.52206145685843,False,False,False,False,True,True,True,True,MODEL_OUTPUT_GATE_B_WALK_GRAPH
WP_04210,45.70916668522717,9.385833310213064,097092,La Valletta Brianza,0.0485397866361865,42.06545200131665,False,False,False,False,True,True,True,True,MODEL_OUTPUT_GATE_B_WALK_GRAPH
WP_04211,45.70916668522717,9.386666643543034,097092,La Valletta Brianza,0.0830646214140093,42.860875705862775,False,False,False,False,True,True,True,True,MODEL_OUTPUT_GATE_B_WALK_GRAPH
WP_04212,45.70916668522717,9.387499976873002,097058,Olgiate Molgora,0.0689629646275021,42.68964559862574,False,False,False,False,True,True,True,True,MODEL_OUTPUT_GATE_B_WALK_GRAPH
WP_04213,45.70916668522717,9.388333310202972,097058,Olgiate Molgora,0.1011007074783987,39.83635380418041,False,False,False,False,True,True,True,True,MODEL_OUTPUT_GATE_B_WALK_GRAPH
WP_04214,45.70916668522717,9.389166643532942,097058,Olgiate Molgora,0.0772342230864419,38.77793694359075,False,False,False,False,True,True,True,True,MODEL_OUTPUT_GATE_B_WALK_GRAPH
WP_04215,45.70916668522717,9.38999997686291,097058,Olgiate Molgora,0.0304063688548944,39.273200142295934,False,False,False,False,True,True,True,True,MODEL_OUTPUT_GATE_B_WALK_GRAPH
WP_04216,45.70916668522717,9.39083331019288,097058,Olgiate Molgora,0.0068554561321227,40.05624359305711,False,False,False,False,True,True,True,True,MODEL_OUTPUT_GATE_B_WALK_GRAPH
WP_04217,45.70916668522717,9.391666643522848,097058,Olgiate Molgora,0.0079889054650355,34.734023842458,False,False,False,False,True,True,True,True,MODEL_OUTPUT_GATE_B_WALK_GRAPH
WP_04218,45.70916668522717,9.392499976852818,097058,Olgiate Molgora,0.0263953566598662,33.97221769642083,False,False,False,False,True,True,True,True,MODEL_OUTPUT_GATE_B_WALK_GRAPH
WP_04219,45.70916668522717,9.393333310182786,097058,Olgiate Molgora,0.087792776151458,32.95030415563691,False,False,False,False,True,True,True,True,MODEL_OUTPUT_GATE_B_WALK_GRAPH
WP_04220,45.70916668522717,9.394166643512756,097058,Olgiate Molgora,0.1785467357619872,32.96451370315692,False,False,False,False,True,True,True,True,MODEL_OUTPUT_GATE_B_WALK_GRAPH
WP_04221,45.70916668522717,9.394999976842726,097058,Olgiate Molgora,0.1781067387443439,32.22023739726596,False,False,False,False,True,True,True,True,MODEL_OUTPUT_GATE_B_WALK_GRAPH
WP_04222,45.70916668522717,9.395833310172694,097058,Olgiate Molgora,0.1816635627234548,32.264072296302814,False,False,False,False,True,True,True,True,MODEL_OUTPUT_GATE_B_WALK_GRAPH
WP_04223,45.70916668522717,9.396666643502664,097058,Olgiate Molgora,0.1867385029169906,33.962690460274565,False,False,False,False,True,True,True,True,MODEL_OUTPUT_GATE_B_WALK_GRAPH
WP_04224,45.70916668522717,9.397499976832632,097058,Olgiate Molgora,0.1780016672447107,33.78644174653976,False,False,False,False,True,True,True,True,MODEL_OUTPUT_GATE_B_WALK_GRAPH
WP_04225,45.7083333518972,9.384166643553126,097092,La Valletta Brianza,0.0768850134721844,45.47967436888109,False,False,False,False,True,True,True,True,MODEL_OUTPUT_GATE_B_WALK_GRAPH
WP_04226,45.7083333518972,9.384999976883096,097092,La Valletta Brianza,0.0523485284157404,43.3768883773717,False,False,False,False,True,True,True,True,MODEL_OUTPUT_GATE_B_WALK_GRAPH
WP_04227,45.7083333518972,9.385833310213064,097092,La Valletta Brianza,0.0554224678700006,45.32956968875871,False,False,False,False,True,True,True,True,MODEL_OUTPUT_GATE_B_WALK_GRAPH
WP_04228,45.7083333518972,9.386666643543034,097092,La Valletta Brianza,0.0610322726849988,45.058617167012144,False,False,False,False,True,True,True,True,MODEL_OUTPUT_GATE_B_WALK_GRAPH
WP_04229,45.7083333518972,9.387499976873002,097058,Olgiate Molgora,0.0972972898243823,41.91064203668195,False,False,False,False,True,True,True,True,MODEL_OUTPUT_GATE_B_WALK_GRAPH
WP_04230,45.7083333518972,9.388333310202972,097058,Olgiate Molgora,0.1709076567570209,41.01636369453298,False,False,False,False,True,True,True,True,MODEL_OUTPUT_GATE_B_WALK_GRAPH
WP_04231,45.7083333518972,9.389166643532942,097058,Olgiate Molgora,22.570663167177123,40.21388825684847,False,False,False,False,True,True,True,True,MODEL_OUTPUT_GATE_B_WALK_GRAPH
WP_04232,45.7083333518972,9.38999997686291,097058,Olgiate Molgora,0.0951434196950556,40.70100280692681,False,False,False,False,True,True,True,True,MODEL_OUTPUT_GATE_B_WALK_GRAPH
WP_04233,45.7083333518972,9.39083331019288,097058,Olgiate Molgora,0.0092147423854937,41.50039219207656,False,False,False,False,True,True,True,True,MODEL_OUTPUT_GATE_B_WALK_GRAPH
WP_04234,45.7083333518972,9.391666643522848,097058,Olgiate Molgora,0.0252582459867664,35.58889555033707,False,False,False,False,True,True,True,True,MODEL_OUTPUT_GATE_B_WALK_GRAPH
WP_04235,45.7083333518972,9.392499976852818,097058,Olgiate Molgora,0.018094127155077,34.251574567019496,False,False,False,False,True,True,True,True,MODEL_OUTPUT_GATE_B_WALK_GRAPH
WP_04236,45.7083333518972,9.393333310182786,097058,Olgiate Molgora,0.0193276361116583,34.90215551944779,False,False,False,False,True,True,True,True,MODEL_OUTPUT_GATE_B_WALK_GRAPH
WP_04237,45.7083333518972,9.394166643512756,097058,Olgiate Molgora,0.0563187687722569,33.63191134848696,False,False,False,False,True,True,True,True,MODEL_OUTPUT_GATE_B_WALK_GRAPH
WP_04238,45.7083333518972,9.394999976842726,097058,Olgiate Molgora,0.0563116750118344,34.25556329075141,False,False,False,False,True,True,True,True,MODEL_OUTPUT_GATE_B_WALK_GRAPH
WP_04239,45.7083333518972,9.395833310172694,097058,Olgiate Molgora,0.0614520476984743,34.610697128559494,False,False,False,False,True,True,True,True,MODEL_OUTPUT_GATE_B_WALK_GRAPH
WP_04240,45.7083333518972,9.396666643502664,097058,Olgiate Molgora,0.1120656826348488,36.06632854521151,False,False,False,False,True,True,True,True,MODEL_OUTPUT_GATE_B_WALK_GRAPH
WP_04241,45.7083333518972,9.397499976832632,097058,Olgiate Molgora,0.2503478297214178,34.54870274203368,False,False,False,False,True,True,True,True,MODEL_OUTPUT_GATE_B_WALK_GRAPH
WP_04242,45.7083333518972,9.398333310162602,097058,Olgiate Molgora,0.0864664231464644,35.55103500741315,False,False,False,False,True,True,True,True,MODEL_OUTPUT_GATE_B_WALK_GRAPH
WP_04243,45.70750001856721,9.387499976873002,097058,Olgiate Molgora,0.0649589579346019,43.41566691210843,False,False,False,False,True,True,True,True,MODEL_OUTPUT_GATE_B_WALK_GRAPH
WP_04244,45.70750001856721,9.388333310202972,097058,Olgiate Molgora,0.0762503343287826,42.2665348680044,False,False,False,False,True,True,True,True,MODEL_OUTPUT_GATE_B_WALK_GRAPH
WP_04245,45.70750001856721,9.389166643532942,097058,Olgiate Molgora,0.0997988976341412,42.20546463971735,False,False,False,False,True,True,True,True,MODEL_OUTPUT_GATE_B_WALK_GRAPH
WP_04246,45.70750001856721,9.38999997686291,097058,Olgiate Molgora,0.0574186767354995,41.60261214862507,False,False,False,False,True,True,True,True,MODEL_OUTPUT_GATE_B_WALK_GRAPH
WP_04247,45.70750001856721,9.39083331019288,097058,Olgiate Molgora,0.0679568347796222,37.115184936171175,False,False,False,False,True,True,True,True,MODEL_OUTPUT_GATE_B_WALK_GRAPH
WP_04248,45.70750001856721,9.391666643522848,097058,Olgiate Molgora,0.057603302055361,35.91610826157723,False,False,False,False,True,True,True,True,MODEL_OUTPUT_GATE_B_WALK_GRAPH
WP_04249,45.70750001856721,9.392499976852818,097058,Olgiate Molgora,0.0690956094893167,35.69014408478127,False,False,False,False,True,True,True,True,MODEL_OUTPUT_GATE_B_WALK_GRAPH
WP_04250,45.70750001856721,9.393333310182786,097058,Olgiate Molgora,0.0564235276904302,37.40496876957838,False,False,False,False,True,True,True,True,MODEL_OUTPUT_GATE_B_WALK_GRAPH
WP_04251,45.70750001856721,9.394166643512756,097058,Olgiate Molgora,0.0617831450129594,36.48191397480177,False,False,False,False,True,True,True,True,MODEL_OUTPUT_GATE_B_WALK_GRAPH
WP_04252,45.70750001856721,9.394999976842726,097058,Olgiate Molgora,0.053043827076146,35.93448860766884,False,False,False,False,True,True,True,True,MODEL_OUTPUT_GATE_B_WALK_GRAPH
WP_04253,45.70750001856721,9.395833310172694,097058,Olgiate Molgora,0.0472958769351317,35.41346256813803,False,False,False,False,True,True,True,True,MODEL_OUTPUT_GATE_B_WALK_GRAPH
WP_04254,45.70750001856721,9.396666643502664,097058,Olgiate Molgora,0.0845789459694485,36.985636173699646,False,False,False,False,True,True,True,True,MODEL_OUTPUT_GATE_B_WALK_GRAPH
WP_04255,45.70750001856721,9.397499976832632,097058,Olgiate Molgora,0.0950796677869764,36.08364696810956,False,False,False,False,True,True,True,True,MODEL_OUTPUT_GATE_B_WALK_GRAPH
WP_04256,45.70750001856721,9.398333310162602,097058,Olgiate Molgora,0.0538064596442868,36.35822543099008,False,False,False,False,True,True,True,True,MODEL_OUTPUT_GATE_B_WALK_GRAPH
WP_04257,45.70666668523723,9.38999997686291,097058,Olgiate Molgora,0.0325476364352486,40.28334677341231,False,False,False,False,True,True,True,True,MODEL_OUTPUT_GATE_B_WALK_GRAPH
WP_04258,45.70666668523723,9.39083331019288,097058,Olgiate Molgora,0.0672929338236245,38.09942878084481,False,False,False,False,True,True,True,True,MODEL_OUTPUT_GATE_B_WALK_GRAPH
WP_04259,45.70666668523723,9.391666643522848,097058,Olgiate Molgora,0.0998547283602867,36.97589992885296,False,False,False,False,True,True,True,True,MODEL_OUTPUT_GATE_B_WALK_GRAPH
WP_04260,45.70666668523723,9.392499976852818,097058,Olgiate Molgora,0.232132921090282,37.075038470093,False,False,False,False,True,True,True,True,MODEL_OUTPUT_GATE_B_WALK_GRAPH
WP_04261,45.70666668523723,9.393333310182786,097058,Olgiate Molgora,0.0834947075309131,38.49352889764699,False,False,False,False,True,True,True,True,MODEL_OUTPUT_GATE_B_WALK_GRAPH
WP_04262,45.70666668523723,9.394166643512756,097058,Olgiate Molgora,0.2259743749759882,39.07717692172504,False,False,False,False,True,True,True,True,MODEL_OUTPUT_GATE_B_WALK_GRAPH
WP_04263,45.70666668523723,9.394999976842726,097058,Olgiate Molgora,0.0852721266146552,37.2816695917312,False,False,False,False,True,True,True,True,MODEL_OUTPUT_GATE_B_WALK_GRAPH
WP_04264,45.70666668523723,9.395833310172694,097058,Olgiate Molgora,0.047788203766571,36.46935287317139,False,False,False,False,True,True,True,True,MODEL_OUTPUT_GATE_B_WALK_GRAPH
WP_04265,45.70666668523723,9.396666643502664,097058,Olgiate Molgora,0.0343820703772544,42.74495163216674,False,False,False,False,True,True,True,True,MODEL_OUTPUT_GATE_B_WALK_GRAPH
WP_04266,45.70666668523723,9.397499976832632,097058,Olgiate Molgora,0.0351710627560269,42.83912100051726,False,False,False,False,True,True,True,True,MODEL_OUTPUT_GATE_B_WALK_GRAPH
WP_04267,45.70666668523723,9.398333310162602,097058,Olgiate Molgora,0.0372621959476614,37.57222759436941,False,False,False,False,True,True,True,True,MODEL_OUTPUT_GATE_B_WALK_GRAPH
WP_04268,45.70666668523723,9.39916664349257,097058,Olgiate Molgora,0.0580608109896098,37.99456450209399,False,False,False,False,True,True,True,True,MODEL_OUTPUT_GATE_B_WALK_GRAPH
WP_04269,45.70583335190725,9.39083331019288,097058,Olgiate Molgora,0.0685468561882439,39.092804490016285,False,False,False,False,True,True,True,True,MODEL_OUTPUT_GATE_B_WALK_GRAPH
WP_04270,45.70583335190725,9.391666643522848,097058,Olgiate Molgora,0.0929431183479504,39.62311851282595,False,False,False,False,True,True,True,True,MODEL_OUTPUT_GATE_B_WALK_GRAPH
WP_04271,45.70583335190725,9.392499976852818,097058,Olgiate Molgora,0.1027830576692206,39.645345671477386,False,False,False,False,True,True,True,True,MODEL_OUTPUT_GATE_B_WALK_GRAPH
WP_04272,45.70583335190725,9.393333310182786,097058,Olgiate Molgora,7.58724502626892,39.28817791045309,False,False,False,False,True,True,True,True,MODEL_OUTPUT_GATE_B_WALK_GRAPH
WP_04273,45.70583335190725,9.394166643512756,097058,Olgiate Molgora,0.0613372567541565,39.231186126203376,False,False,False,False,True,True,True,True,MODEL_OUTPUT_GATE_B_WALK_GRAPH
WP_04274,45.70583335190725,9.394999976842726,097058,Olgiate Molgora,0.0905078366465278,38.25784436662889,False,False,False,False,True,True,True,True,MODEL_OUTPUT_GATE_B_WALK_GRAPH
WP_04275,45.70583335190725,9.395833310172694,097058,Olgiate Molgora,6.929788985131804,37.68961265299176,False,False,False,False,True,True,True,True,MODEL_OUTPUT_GATE_B_WALK_GRAPH
WP_04276,45.70583335190725,9.396666643502664,097058,Olgiate Molgora,0.0166552760827088,41.32983488729967,False,False,False,False,True,True,True,True,MODEL_OUTPUT_GATE_B_WALK_GRAPH
WP_04277,45.70583335190725,9.397499976832632,097058,Olgiate Molgora,0.0459406230161097,41.97871492812431,False,False,False,False,True,True,True,True,MODEL_OUTPUT_GATE_B_WALK_GRAPH
WP_04278,45.70583335190725,9.398333310162602,097058,Olgiate Molgora,0.0261341470436444,42.74419208094145,False,False,False,False,True,True,True,True,MODEL_OUTPUT_GATE_B_WALK_GRAPH
WP_04279,45.70500001857727,9.392499976852818,097058,Olgiate Molgora,0.0472491110713197,40.93522698856143,False,False,False,False,True,True,True,True,MODEL_OUTPUT_GATE_B_WALK_GRAPH
WP_04280,45.70500001857727,9.393333310182786,097058,Olgiate Molgora,5.572516687172356,40.43626866506272,False,False,False,False,True,True,True,True,MODEL_OUTPUT_GATE_B_WALK_GRAPH
WP_04281,45.70500001857727,9.394166643512756,097058,Olgiate Molgora,5.234960012885779,39.68822804534387,False,False,False,False,True,True,True,True,MODEL_OUTPUT_GATE_B_WALK_GRAPH
WP_04282,45.70500001857727,9.394999976842726,097058,Olgiate Molgora,5.286207721152031,39.00013961162794,False,False,False,False,True,True,True,True,MODEL_OUTPUT_GATE_B_WALK_GRAPH
WP_04283,45.70416668524729,9.394166643512756,097058,Olgiate Molgora,1.193397944693199,41.018680048629605,False,False,False,False,True,True,True,True,MODEL_OUTPUT_GATE_B_WALK_GRAPH
