trip_id,route_id,trip_stop_sequence,pdf_row_sequence,stop_label_pdf,published_time,service_minutes,active_on_reference_date,direction_origin,direction_terminal,source_page,source_column,source_url,source_pdf_sha256,runtime_semantics,epistemic_status,historical_gtfs_stop_id,physical_cluster_id_v1,stop_identity_status,phase2_stop_join_status
PDF20260903:D150:P01:C01,D150,1,2,LECCO Meridiane,06:00,360,True,LECCO,MERATE,1,1,https://www.leccotrasporti.it/percorsi/estivo/linea-d150.pdf,ee2707bdb4a2174008b6819e04b2f2a564e4bef5c2d6f8830e6dc9589f47349b,SCHEDULED_PUBLISHED_TIME_NOT_OBSERVED_RUNTIME,RECONSTRUCTED_FROM_OFFICIAL_PRIMARY_TIMETABLE,,,AMBIGUOUS_HISTORICAL_GTFS,NO_RESOLVED_GTFS_IDENTITY
PDF20260903:D150:P01:C01,D150,2,3,LECCO FS (Via Montello),06:05,365,True,LECCO,MERATE,1,1,https://www.leccotrasporti.it/percorsi/estivo/linea-d150.pdf,ee2707bdb4a2174008b6819e04b2f2a564e4bef5c2d6f8830e6dc9589f47349b,SCHEDULED_PUBLISHED_TIME_NOT_OBSERVED_RUNTIME,RECONSTRUCTED_FROM_OFFICIAL_PRIMARY_TIMETABLE,,,NO_HISTORICAL_GTFS_NAME_MATCH,NO_RESOLVED_GTFS_IDENTITY
PDF20260903:D150:P01:C01,D150,3,4,PESCATE Cariboni,06:15,375,True,LECCO,MERATE,1,1,https://www.leccotrasporti.it/percorsi/estivo/linea-d150.pdf,ee2707bdb4a2174008b6819e04b2f2a564e4bef5c2d6f8830e6dc9589f47349b,SCHEDULED_PUBLISHED_TIME_NOT_OBSERVED_RUNTIME,RECONSTRUCTED_FROM_OFFICIAL_PRIMARY_TIMETABLE,,,AMBIGUOUS_HISTORICAL_GTFS,NO_RESOLVED_GTFS_IDENTITY
PDF20260903:D150:P01:C01,D150,4,5,PESCATE 3° Ponte,06:16,376,True,LECCO,MERATE,1,1,https://www.leccotrasporti.it/percorsi/estivo/linea-d150.pdf,ee2707bdb4a2174008b6819e04b2f2a564e4bef5c2d6f8830e6dc9589f47349b,SCHEDULED_PUBLISHED_TIME_NOT_OBSERVED_RUNTIME,RECONSTRUCTED_FROM_OFFICIAL_PRIMARY_TIMETABLE,,,NO_HISTORICAL_GTFS_NAME_MATCH,NO_RESOLVED_GTFS_IDENTITY
PDF20260903:D150:P01:C01,D150,5,6,PESCATE (Torrette),06:18,378,True,LECCO,MERATE,1,1,https://www.leccotrasporti.it/percorsi/estivo/linea-d150.pdf,ee2707bdb4a2174008b6819e04b2f2a564e4bef5c2d6f8830e6dc9589f47349b,SCHEDULED_PUBLISHED_TIME_NOT_OBSERVED_RUNTIME,RECONSTRUCTED_FROM_OFFICIAL_PRIMARY_TIMETABLE,,,AMBIGUOUS_HISTORICAL_GTFS,NO_RESOLVED_GTFS_IDENTITY
PDF20260903:D150:P01:C01,D150,6,8,GARLATE (Municipio),06:22,382,True,LECCO,MERATE,1,1,https://www.leccotrasporti.it/percorsi/estivo/linea-d150.pdf,ee2707bdb4a2174008b6819e04b2f2a564e4bef5c2d6f8830e6dc9589f47349b,SCHEDULED_PUBLISHED_TIME_NOT_OBSERVED_RUNTIME,RECONSTRUCTED_FROM_OFFICIAL_PRIMARY_TIMETABLE,,,AMBIGUOUS_HISTORICAL_GTFS,NO_RESOLVED_GTFS_IDENTITY
PDF20260903:D150:P01:C01,D150,7,9,OLGINATE (Ponte),06:24,384,True,LECCO,MERATE,1,1,https://www.leccotrasporti.it/percorsi/estivo/linea-d150.pdf,ee2707bdb4a2174008b6819e04b2f2a564e4bef5c2d6f8830e6dc9589f47349b,SCHEDULED_PUBLISHED_TIME_NOT_OBSERVED_RUNTIME,RECONSTRUCTED_FROM_OFFICIAL_PRIMARY_TIMETABLE,,,AMBIGUOUS_HISTORICAL_GTFS,NO_RESOLVED_GTFS_IDENTITY
PDF20260903:D150:P01:C01,D150,8,10,CALOLZIO F.S.,06:28,388,True,LECCO,MERATE,1,1,https://www.leccotrasporti.it/percorsi/estivo/linea-d150.pdf,ee2707bdb4a2174008b6819e04b2f2a564e4bef5c2d6f8830e6dc9589f47349b,SCHEDULED_PUBLISHED_TIME_NOT_OBSERVED_RUNTIME,RECONSTRUCTED_FROM_OFFICIAL_PRIMARY_TIMETABLE,,,NO_HISTORICAL_GTFS_NAME_MATCH,NO_RESOLVED_GTFS_IDENTITY
PDF20260903:D150:P01:C01,D150,9,12,OLGINATE (Ponte),06:32,392,True,LECCO,MERATE,1,1,https://www.leccotrasporti.it/percorsi/estivo/linea-d150.pdf,ee2707bdb4a2174008b6819e04b2f2a564e4bef5c2d6f8830e6dc9589f47349b,SCHEDULED_PUBLISHED_TIME_NOT_OBSERVED_RUNTIME,RECONSTRUCTED_FROM_OFFICIAL_PRIMARY_TIMETABLE,,,AMBIGUOUS_HISTORICAL_GTFS,NO_RESOLVED_GTFS_IDENTITY
PDF20260903:D150:P01:C01,D150,10,13,OLGINATE (Chiesa),06:33,393,True,LECCO,MERATE,1,1,https://www.leccotrasporti.it/percorsi/estivo/linea-d150.pdf,ee2707bdb4a2174008b6819e04b2f2a564e4bef5c2d6f8830e6dc9589f47349b,SCHEDULED_PUBLISHED_TIME_NOT_OBSERVED_RUNTIME,RECONSTRUCTED_FROM_OFFICIAL_PRIMARY_TIMETABLE,,,AMBIGUOUS_HISTORICAL_GTFS,NO_RESOLVED_GTFS_IDENTITY
PDF20260903:D150:P01:C01,D150,11,14,OLGINATE (P.Villa),06:36,396,True,LECCO,MERATE,1,1,https://www.leccotrasporti.it/percorsi/estivo/linea-d150.pdf,ee2707bdb4a2174008b6819e04b2f2a564e4bef5c2d6f8830e6dc9589f47349b,SCHEDULED_PUBLISHED_TIME_NOT_OBSERVED_RUNTIME,RECONSTRUCTED_FROM_OFFICIAL_PRIMARY_TIMETABLE,,,AMBIGUOUS_HISTORICAL_GTFS,NO_RESOLVED_GTFS_IDENTITY
PDF20260903:D150:P01:C01,D150,12,15,OLGINATE (Capiate),06:40,400,True,LECCO,MERATE,1,1,https://www.leccotrasporti.it/percorsi/estivo/linea-d150.pdf,ee2707bdb4a2174008b6819e04b2f2a564e4bef5c2d6f8830e6dc9589f47349b,SCHEDULED_PUBLISHED_TIME_NOT_OBSERVED_RUNTIME,RECONSTRUCTED_FROM_OFFICIAL_PRIMARY_TIMETABLE,L00852,,RESOLVED_ROUTE_NAME_UNIQUE,GTFS_IDENTIFIED_NOT_IN_V1_STOP_UNIVERSE
PDF20260903:D150:P01:C01,D150,13,16,VILLA S.CARLO,06:42,402,True,LECCO,MERATE,1,1,https://www.leccotrasporti.it/percorsi/estivo/linea-d150.pdf,ee2707bdb4a2174008b6819e04b2f2a564e4bef5c2d6f8830e6dc9589f47349b,SCHEDULED_PUBLISHED_TIME_NOT_OBSERVED_RUNTIME,RECONSTRUCTED_FROM_OFFICIAL_PRIMARY_TIMETABLE,,,AMBIGUOUS_HISTORICAL_GTFS,NO_RESOLVED_GTFS_IDENTITY
PDF20260903:D150:P01:C01,D150,14,17,VALGREGHENTINO,06:47,407,True,LECCO,MERATE,1,1,https://www.leccotrasporti.it/percorsi/estivo/linea-d150.pdf,ee2707bdb4a2174008b6819e04b2f2a564e4bef5c2d6f8830e6dc9589f47349b,SCHEDULED_PUBLISHED_TIME_NOT_OBSERVED_RUNTIME,RECONSTRUCTED_FROM_OFFICIAL_PRIMARY_TIMETABLE,,,AMBIGUOUS_HISTORICAL_GTFS,NO_RESOLVED_GTFS_IDENTITY
PDF20260903:D150:P01:C02,D150,1,2,LECCO Meridiane,07:01,421,True,LECCO,MERATE,1,2,https://www.leccotrasporti.it/percorsi/estivo/linea-d150.pdf,ee2707bdb4a2174008b6819e04b2f2a564e4bef5c2d6f8830e6dc9589f47349b,SCHEDULED_PUBLISHED_TIME_NOT_OBSERVED_RUNTIME,RECONSTRUCTED_FROM_OFFICIAL_PRIMARY_TIMETABLE,,,AMBIGUOUS_HISTORICAL_GTFS,NO_RESOLVED_GTFS_IDENTITY
PDF20260903:D150:P01:C02,D150,2,3,LECCO FS (Via Montello),07:06,426,True,LECCO,MERATE,1,2,https://www.leccotrasporti.it/percorsi/estivo/linea-d150.pdf,ee2707bdb4a2174008b6819e04b2f2a564e4bef5c2d6f8830e6dc9589f47349b,SCHEDULED_PUBLISHED_TIME_NOT_OBSERVED_RUNTIME,RECONSTRUCTED_FROM_OFFICIAL_PRIMARY_TIMETABLE,,,NO_HISTORICAL_GTFS_NAME_MATCH,NO_RESOLVED_GTFS_IDENTITY
PDF20260903:D150:P01:C02,D150,3,4,PESCATE Cariboni,07:16,436,True,LECCO,MERATE,1,2,https://www.leccotrasporti.it/percorsi/estivo/linea-d150.pdf,ee2707bdb4a2174008b6819e04b2f2a564e4bef5c2d6f8830e6dc9589f47349b,SCHEDULED_PUBLISHED_TIME_NOT_OBSERVED_RUNTIME,RECONSTRUCTED_FROM_OFFICIAL_PRIMARY_TIMETABLE,,,AMBIGUOUS_HISTORICAL_GTFS,NO_RESOLVED_GTFS_IDENTITY
PDF20260903:D150:P01:C02,D150,4,5,PESCATE 3° Ponte,07:17,437,True,LECCO,MERATE,1,2,https://www.leccotrasporti.it/percorsi/estivo/linea-d150.pdf,ee2707bdb4a2174008b6819e04b2f2a564e4bef5c2d6f8830e6dc9589f47349b,SCHEDULED_PUBLISHED_TIME_NOT_OBSERVED_RUNTIME,RECONSTRUCTED_FROM_OFFICIAL_PRIMARY_TIMETABLE,,,NO_HISTORICAL_GTFS_NAME_MATCH,NO_RESOLVED_GTFS_IDENTITY
PDF20260903:D150:P01:C02,D150,5,6,PESCATE (Torrette),07:19,439,True,LECCO,MERATE,1,2,https://www.leccotrasporti.it/percorsi/estivo/linea-d150.pdf,ee2707bdb4a2174008b6819e04b2f2a564e4bef5c2d6f8830e6dc9589f47349b,SCHEDULED_PUBLISHED_TIME_NOT_OBSERVED_RUNTIME,RECONSTRUCTED_FROM_OFFICIAL_PRIMARY_TIMETABLE,,,AMBIGUOUS_HISTORICAL_GTFS,NO_RESOLVED_GTFS_IDENTITY
PDF20260903:D150:P01:C02,D150,6,8,GARLATE (Municipio),07:23,443,True,LECCO,MERATE,1,2,https://www.leccotrasporti.it/percorsi/estivo/linea-d150.pdf,ee2707bdb4a2174008b6819e04b2f2a564e4bef5c2d6f8830e6dc9589f47349b,SCHEDULED_PUBLISHED_TIME_NOT_OBSERVED_RUNTIME,RECONSTRUCTED_FROM_OFFICIAL_PRIMARY_TIMETABLE,,,AMBIGUOUS_HISTORICAL_GTFS,NO_RESOLVED_GTFS_IDENTITY
PDF20260903:D150:P01:C02,D150,7,13,OLGINATE (Chiesa),07:26,446,True,LECCO,MERATE,1,2,https://www.leccotrasporti.it/percorsi/estivo/linea-d150.pdf,ee2707bdb4a2174008b6819e04b2f2a564e4bef5c2d6f8830e6dc9589f47349b,SCHEDULED_PUBLISHED_TIME_NOT_OBSERVED_RUNTIME,RECONSTRUCTED_FROM_OFFICIAL_PRIMARY_TIMETABLE,,,AMBIGUOUS_HISTORICAL_GTFS,NO_RESOLVED_GTFS_IDENTITY
PDF20260903:D150:P01:C02,D150,8,14,OLGINATE (P.Villa),07:28,448,True,LECCO,MERATE,1,2,https://www.leccotrasporti.it/percorsi/estivo/linea-d150.pdf,ee2707bdb4a2174008b6819e04b2f2a564e4bef5c2d6f8830e6dc9589f47349b,SCHEDULED_PUBLISHED_TIME_NOT_OBSERVED_RUNTIME,RECONSTRUCTED_FROM_OFFICIAL_PRIMARY_TIMETABLE,,,AMBIGUOUS_HISTORICAL_GTFS,NO_RESOLVED_GTFS_IDENTITY
PDF20260903:D150:P01:C02,D150,9,15,OLGINATE (Capiate),07:30,450,True,LECCO,MERATE,1,2,https://www.leccotrasporti.it/percorsi/estivo/linea-d150.pdf,ee2707bdb4a2174008b6819e04b2f2a564e4bef5c2d6f8830e6dc9589f47349b,SCHEDULED_PUBLISHED_TIME_NOT_OBSERVED_RUNTIME,RECONSTRUCTED_FROM_OFFICIAL_PRIMARY_TIMETABLE,L00852,,RESOLVED_ROUTE_NAME_UNIQUE,GTFS_IDENTIFIED_NOT_IN_V1_STOP_UNIVERSE
PDF20260903:D150:P01:C02,D150,10,16,VILLA S.CARLO,07:32,452,True,LECCO,MERATE,1,2,https://www.leccotrasporti.it/percorsi/estivo/linea-d150.pdf,ee2707bdb4a2174008b6819e04b2f2a564e4bef5c2d6f8830e6dc9589f47349b,SCHEDULED_PUBLISHED_TIME_NOT_OBSERVED_RUNTIME,RECONSTRUCTED_FROM_OFFICIAL_PRIMARY_TIMETABLE,,,AMBIGUOUS_HISTORICAL_GTFS,NO_RESOLVED_GTFS_IDENTITY
PDF20260903:D150:P01:C02,D150,11,17,VALGREGHENTINO,07:35,455,True,LECCO,MERATE,1,2,https://www.leccotrasporti.it/percorsi/estivo/linea-d150.pdf,ee2707bdb4a2174008b6819e04b2f2a564e4bef5c2d6f8830e6dc9589f47349b,SCHEDULED_PUBLISHED_TIME_NOT_OBSERVED_RUNTIME,RECONSTRUCTED_FROM_OFFICIAL_PRIMARY_TIMETABLE,,,AMBIGUOUS_HISTORICAL_GTFS,NO_RESOLVED_GTFS_IDENTITY
PDF20260903:D150:P01:C03,D150,1,2,LECCO Meridiane,07:40,460,True,LECCO,MERATE,1,3,https://www.leccotrasporti.it/percorsi/estivo/linea-d150.pdf,ee2707bdb4a2174008b6819e04b2f2a564e4bef5c2d6f8830e6dc9589f47349b,SCHEDULED_PUBLISHED_TIME_NOT_OBSERVED_RUNTIME,RECONSTRUCTED_FROM_OFFICIAL_PRIMARY_TIMETABLE,,,AMBIGUOUS_HISTORICAL_GTFS,NO_RESOLVED_GTFS_IDENTITY
PDF20260903:D150:P01:C03,D150,2,3,LECCO FS (Via Montello),07:45,465,True,LECCO,MERATE,1,3,https://www.leccotrasporti.it/percorsi/estivo/linea-d150.pdf,ee2707bdb4a2174008b6819e04b2f2a564e4bef5c2d6f8830e6dc9589f47349b,SCHEDULED_PUBLISHED_TIME_NOT_OBSERVED_RUNTIME,RECONSTRUCTED_FROM_OFFICIAL_PRIMARY_TIMETABLE,,,NO_HISTORICAL_GTFS_NAME_MATCH,NO_RESOLVED_GTFS_IDENTITY
PDF20260903:D150:P01:C03,D150,3,4,PESCATE Cariboni,07:55,475,True,LECCO,MERATE,1,3,https://www.leccotrasporti.it/percorsi/estivo/linea-d150.pdf,ee2707bdb4a2174008b6819e04b2f2a564e4bef5c2d6f8830e6dc9589f47349b,SCHEDULED_PUBLISHED_TIME_NOT_OBSERVED_RUNTIME,RECONSTRUCTED_FROM_OFFICIAL_PRIMARY_TIMETABLE,,,AMBIGUOUS_HISTORICAL_GTFS,NO_RESOLVED_GTFS_IDENTITY
PDF20260903:D150:P01:C03,D150,4,5,PESCATE 3° Ponte,07:56,476,True,LECCO,MERATE,1,3,https://www.leccotrasporti.it/percorsi/estivo/linea-d150.pdf,ee2707bdb4a2174008b6819e04b2f2a564e4bef5c2d6f8830e6dc9589f47349b,SCHEDULED_PUBLISHED_TIME_NOT_OBSERVED_RUNTIME,RECONSTRUCTED_FROM_OFFICIAL_PRIMARY_TIMETABLE,,,NO_HISTORICAL_GTFS_NAME_MATCH,NO_RESOLVED_GTFS_IDENTITY
PDF20260903:D150:P01:C03,D150,5,6,PESCATE (Torrette),07:58,478,True,LECCO,MERATE,1,3,https://www.leccotrasporti.it/percorsi/estivo/linea-d150.pdf,ee2707bdb4a2174008b6819e04b2f2a564e4bef5c2d6f8830e6dc9589f47349b,SCHEDULED_PUBLISHED_TIME_NOT_OBSERVED_RUNTIME,RECONSTRUCTED_FROM_OFFICIAL_PRIMARY_TIMETABLE,,,AMBIGUOUS_HISTORICAL_GTFS,NO_RESOLVED_GTFS_IDENTITY
PDF20260903:D150:P01:C03,D150,6,8,GARLATE (Municipio),08:02,482,True,LECCO,MERATE,1,3,https://www.leccotrasporti.it/percorsi/estivo/linea-d150.pdf,ee2707bdb4a2174008b6819e04b2f2a564e4bef5c2d6f8830e6dc9589f47349b,SCHEDULED_PUBLISHED_TIME_NOT_OBSERVED_RUNTIME,RECONSTRUCTED_FROM_OFFICIAL_PRIMARY_TIMETABLE,,,AMBIGUOUS_HISTORICAL_GTFS,NO_RESOLVED_GTFS_IDENTITY
PDF20260903:D150:P01:C03,D150,7,9,OLGINATE (Ponte),08:04,484,True,LECCO,MERATE,1,3,https://www.leccotrasporti.it/percorsi/estivo/linea-d150.pdf,ee2707bdb4a2174008b6819e04b2f2a564e4bef5c2d6f8830e6dc9589f47349b,SCHEDULED_PUBLISHED_TIME_NOT_OBSERVED_RUNTIME,RECONSTRUCTED_FROM_OFFICIAL_PRIMARY_TIMETABLE,,,AMBIGUOUS_HISTORICAL_GTFS,NO_RESOLVED_GTFS_IDENTITY
PDF20260903:D150:P01:C03,D150,8,10,CALOLZIO F.S.,08:08,488,True,LECCO,MERATE,1,3,https://www.leccotrasporti.it/percorsi/estivo/linea-d150.pdf,ee2707bdb4a2174008b6819e04b2f2a564e4bef5c2d6f8830e6dc9589f47349b,SCHEDULED_PUBLISHED_TIME_NOT_OBSERVED_RUNTIME,RECONSTRUCTED_FROM_OFFICIAL_PRIMARY_TIMETABLE,,,NO_HISTORICAL_GTFS_NAME_MATCH,NO_RESOLVED_GTFS_IDENTITY
PDF20260903:D150:P01:C03,D150,9,12,OLGINATE (Ponte),08:12,492,True,LECCO,MERATE,1,3,https://www.leccotrasporti.it/percorsi/estivo/linea-d150.pdf,ee2707bdb4a2174008b6819e04b2f2a564e4bef5c2d6f8830e6dc9589f47349b,SCHEDULED_PUBLISHED_TIME_NOT_OBSERVED_RUNTIME,RECONSTRUCTED_FROM_OFFICIAL_PRIMARY_TIMETABLE,,,AMBIGUOUS_HISTORICAL_GTFS,NO_RESOLVED_GTFS_IDENTITY
PDF20260903:D150:P01:C03,D150,10,13,OLGINATE (Chiesa),08:13,493,True,LECCO,MERATE,1,3,https://www.leccotrasporti.it/percorsi/estivo/linea-d150.pdf,ee2707bdb4a2174008b6819e04b2f2a564e4bef5c2d6f8830e6dc9589f47349b,SCHEDULED_PUBLISHED_TIME_NOT_OBSERVED_RUNTIME,RECONSTRUCTED_FROM_OFFICIAL_PRIMARY_TIMETABLE,,,AMBIGUOUS_HISTORICAL_GTFS,NO_RESOLVED_GTFS_IDENTITY
PDF20260903:D150:P01:C03,D150,11,14,OLGINATE (P.Villa),08:16,496,True,LECCO,MERATE,1,3,https://www.leccotrasporti.it/percorsi/estivo/linea-d150.pdf,ee2707bdb4a2174008b6819e04b2f2a564e4bef5c2d6f8830e6dc9589f47349b,SCHEDULED_PUBLISHED_TIME_NOT_OBSERVED_RUNTIME,RECONSTRUCTED_FROM_OFFICIAL_PRIMARY_TIMETABLE,,,AMBIGUOUS_HISTORICAL_GTFS,NO_RESOLVED_GTFS_IDENTITY
PDF20260903:D150:P01:C03,D150,12,15,OLGINATE (Capiate),08:20,500,True,LECCO,MERATE,1,3,https://www.leccotrasporti.it/percorsi/estivo/linea-d150.pdf,ee2707bdb4a2174008b6819e04b2f2a564e4bef5c2d6f8830e6dc9589f47349b,SCHEDULED_PUBLISHED_TIME_NOT_OBSERVED_RUNTIME,RECONSTRUCTED_FROM_OFFICIAL_PRIMARY_TIMETABLE,L00852,,RESOLVED_ROUTE_NAME_UNIQUE,GTFS_IDENTIFIED_NOT_IN_V1_STOP_UNIVERSE
PDF20260903:D150:P01:C03,D150,13,16,VILLA S.CARLO,08:22,502,True,LECCO,MERATE,1,3,https://www.leccotrasporti.it/percorsi/estivo/linea-d150.pdf,ee2707bdb4a2174008b6819e04b2f2a564e4bef5c2d6f8830e6dc9589f47349b,SCHEDULED_PUBLISHED_TIME_NOT_OBSERVED_RUNTIME,RECONSTRUCTED_FROM_OFFICIAL_PRIMARY_TIMETABLE,,,AMBIGUOUS_HISTORICAL_GTFS,NO_RESOLVED_GTFS_IDENTITY
PDF20260903:D150:P01:C03,D150,14,17,VALGREGHENTINO,08:27,507,True,LECCO,MERATE,1,3,https://www.leccotrasporti.it/percorsi/estivo/linea-d150.pdf,ee2707bdb4a2174008b6819e04b2f2a564e4bef5c2d6f8830e6dc9589f47349b,SCHEDULED_PUBLISHED_TIME_NOT_OBSERVED_RUNTIME,RECONSTRUCTED_FROM_OFFICIAL_PRIMARY_TIMETABLE,,,AMBIGUOUS_HISTORICAL_GTFS,NO_RESOLVED_GTFS_IDENTITY
PDF20260903:D150:P01:C04,D150,1,2,LECCO Meridiane,08:20,500,True,LECCO,MERATE,1,4,https://www.leccotrasporti.it/percorsi/estivo/linea-d150.pdf,ee2707bdb4a2174008b6819e04b2f2a564e4bef5c2d6f8830e6dc9589f47349b,SCHEDULED_PUBLISHED_TIME_NOT_OBSERVED_RUNTIME,RECONSTRUCTED_FROM_OFFICIAL_PRIMARY_TIMETABLE,,,AMBIGUOUS_HISTORICAL_GTFS,NO_RESOLVED_GTFS_IDENTITY
PDF20260903:D150:P01:C04,D150,2,3,LECCO FS (Via Montello),08:25,505,True,LECCO,MERATE,1,4,https://www.leccotrasporti.it/percorsi/estivo/linea-d150.pdf,ee2707bdb4a2174008b6819e04b2f2a564e4bef5c2d6f8830e6dc9589f47349b,SCHEDULED_PUBLISHED_TIME_NOT_OBSERVED_RUNTIME,RECONSTRUCTED_FROM_OFFICIAL_PRIMARY_TIMETABLE,,,NO_HISTORICAL_GTFS_NAME_MATCH,NO_RESOLVED_GTFS_IDENTITY
PDF20260903:D150:P01:C04,D150,3,4,PESCATE Cariboni,08:34,514,True,LECCO,MERATE,1,4,https://www.leccotrasporti.it/percorsi/estivo/linea-d150.pdf,ee2707bdb4a2174008b6819e04b2f2a564e4bef5c2d6f8830e6dc9589f47349b,SCHEDULED_PUBLISHED_TIME_NOT_OBSERVED_RUNTIME,RECONSTRUCTED_FROM_OFFICIAL_PRIMARY_TIMETABLE,,,AMBIGUOUS_HISTORICAL_GTFS,NO_RESOLVED_GTFS_IDENTITY
PDF20260903:D150:P01:C04,D150,4,5,PESCATE 3° Ponte,08:35,515,True,LECCO,MERATE,1,4,https://www.leccotrasporti.it/percorsi/estivo/linea-d150.pdf,ee2707bdb4a2174008b6819e04b2f2a564e4bef5c2d6f8830e6dc9589f47349b,SCHEDULED_PUBLISHED_TIME_NOT_OBSERVED_RUNTIME,RECONSTRUCTED_FROM_OFFICIAL_PRIMARY_TIMETABLE,,,NO_HISTORICAL_GTFS_NAME_MATCH,NO_RESOLVED_GTFS_IDENTITY
PDF20260903:D150:P01:C04,D150,5,6,PESCATE (Torrette),08:37,517,True,LECCO,MERATE,1,4,https://www.leccotrasporti.it/percorsi/estivo/linea-d150.pdf,ee2707bdb4a2174008b6819e04b2f2a564e4bef5c2d6f8830e6dc9589f47349b,SCHEDULED_PUBLISHED_TIME_NOT_OBSERVED_RUNTIME,RECONSTRUCTED_FROM_OFFICIAL_PRIMARY_TIMETABLE,,,AMBIGUOUS_HISTORICAL_GTFS,NO_RESOLVED_GTFS_IDENTITY
PDF20260903:D150:P01:C04,D150,6,8,GARLATE (Municipio),08:40,520,True,LECCO,MERATE,1,4,https://www.leccotrasporti.it/percorsi/estivo/linea-d150.pdf,ee2707bdb4a2174008b6819e04b2f2a564e4bef5c2d6f8830e6dc9589f47349b,SCHEDULED_PUBLISHED_TIME_NOT_OBSERVED_RUNTIME,RECONSTRUCTED_FROM_OFFICIAL_PRIMARY_TIMETABLE,,,AMBIGUOUS_HISTORICAL_GTFS,NO_RESOLVED_GTFS_IDENTITY
PDF20260903:D150:P01:C04,D150,7,13,OLGINATE (Chiesa),08:43,523,True,LECCO,MERATE,1,4,https://www.leccotrasporti.it/percorsi/estivo/linea-d150.pdf,ee2707bdb4a2174008b6819e04b2f2a564e4bef5c2d6f8830e6dc9589f47349b,SCHEDULED_PUBLISHED_TIME_NOT_OBSERVED_RUNTIME,RECONSTRUCTED_FROM_OFFICIAL_PRIMARY_TIMETABLE,,,AMBIGUOUS_HISTORICAL_GTFS,NO_RESOLVED_GTFS_IDENTITY
PDF20260903:D150:P01:C04,D150,8,14,OLGINATE (P.Villa),08:46,526,True,LECCO,MERATE,1,4,https://www.leccotrasporti.it/percorsi/estivo/linea-d150.pdf,ee2707bdb4a2174008b6819e04b2f2a564e4bef5c2d6f8830e6dc9589f47349b,SCHEDULED_PUBLISHED_TIME_NOT_OBSERVED_RUNTIME,RECONSTRUCTED_FROM_OFFICIAL_PRIMARY_TIMETABLE,,,AMBIGUOUS_HISTORICAL_GTFS,NO_RESOLVED_GTFS_IDENTITY
PDF20260903:D150:P01:C04,D150,9,15,OLGINATE (Capiate),08:49,529,True,LECCO,MERATE,1,4,https://www.leccotrasporti.it/percorsi/estivo/linea-d150.pdf,ee2707bdb4a2174008b6819e04b2f2a564e4bef5c2d6f8830e6dc9589f47349b,SCHEDULED_PUBLISHED_TIME_NOT_OBSERVED_RUNTIME,RECONSTRUCTED_FROM_OFFICIAL_PRIMARY_TIMETABLE,L00852,,RESOLVED_ROUTE_NAME_UNIQUE,GTFS_IDENTIFIED_NOT_IN_V1_STOP_UNIVERSE
PDF20260903:D150:P01:C04,D150,10,16,VILLA S.CARLO,08:51,531,True,LECCO,MERATE,1,4,https://www.leccotrasporti.it/percorsi/estivo/linea-d150.pdf,ee2707bdb4a2174008b6819e04b2f2a564e4bef5c2d6f8830e6dc9589f47349b,SCHEDULED_PUBLISHED_TIME_NOT_OBSERVED_RUNTIME,RECONSTRUCTED_FROM_OFFICIAL_PRIMARY_TIMETABLE,,,AMBIGUOUS_HISTORICAL_GTFS,NO_RESOLVED_GTFS_IDENTITY
PDF20260903:D150:P01:C04,D150,11,17,VALGREGHENTINO,08:55,535,True,LECCO,MERATE,1,4,https://www.leccotrasporti.it/percorsi/estivo/linea-d150.pdf,ee2707bdb4a2174008b6819e04b2f2a564e4bef5c2d6f8830e6dc9589f47349b,SCHEDULED_PUBLISHED_TIME_NOT_OBSERVED_RUNTIME,RECONSTRUCTED_FROM_OFFICIAL_PRIMARY_TIMETABLE,,,AMBIGUOUS_HISTORICAL_GTFS,NO_RESOLVED_GTFS_IDENTITY
PDF20260903:D150:P01:C05,D150,1,1,LECCO Ospedale Manzoni,10:00,600,True,LECCO,MERATE,1,5,https://www.leccotrasporti.it/percorsi/estivo/linea-d150.pdf,ee2707bdb4a2174008b6819e04b2f2a564e4bef5c2d6f8830e6dc9589f47349b,SCHEDULED_PUBLISHED_TIME_NOT_OBSERVED_RUNTIME,RECONSTRUCTED_FROM_OFFICIAL_PRIMARY_TIMETABLE,,,NO_HISTORICAL_GTFS_NAME_MATCH,NO_RESOLVED_GTFS_IDENTITY
PDF20260903:D150:P01:C05,D150,2,5,PESCATE 3° Ponte,10:08,608,True,LECCO,MERATE,1,5,https://www.leccotrasporti.it/percorsi/estivo/linea-d150.pdf,ee2707bdb4a2174008b6819e04b2f2a564e4bef5c2d6f8830e6dc9589f47349b,SCHEDULED_PUBLISHED_TIME_NOT_OBSERVED_RUNTIME,RECONSTRUCTED_FROM_OFFICIAL_PRIMARY_TIMETABLE,,,NO_HISTORICAL_GTFS_NAME_MATCH,NO_RESOLVED_GTFS_IDENTITY
PDF20260903:D150:P01:C05,D150,3,6,PESCATE (Torrette),10:11,611,True,LECCO,MERATE,1,5,https://www.leccotrasporti.it/percorsi/estivo/linea-d150.pdf,ee2707bdb4a2174008b6819e04b2f2a564e4bef5c2d6f8830e6dc9589f47349b,SCHEDULED_PUBLISHED_TIME_NOT_OBSERVED_RUNTIME,RECONSTRUCTED_FROM_OFFICIAL_PRIMARY_TIMETABLE,,,AMBIGUOUS_HISTORICAL_GTFS,NO_RESOLVED_GTFS_IDENTITY
PDF20260903:D150:P01:C05,D150,4,7,GARLATE (Scuole),10:14,614,True,LECCO,MERATE,1,5,https://www.leccotrasporti.it/percorsi/estivo/linea-d150.pdf,ee2707bdb4a2174008b6819e04b2f2a564e4bef5c2d6f8830e6dc9589f47349b,SCHEDULED_PUBLISHED_TIME_NOT_OBSERVED_RUNTIME,RECONSTRUCTED_FROM_OFFICIAL_PRIMARY_TIMETABLE,,,NO_HISTORICAL_GTFS_NAME_MATCH,NO_RESOLVED_GTFS_IDENTITY
PDF20260903:D150:P01:C05,D150,5,8,GARLATE (Municipio),10:14,614,True,LECCO,MERATE,1,5,https://www.leccotrasporti.it/percorsi/estivo/linea-d150.pdf,ee2707bdb4a2174008b6819e04b2f2a564e4bef5c2d6f8830e6dc9589f47349b,SCHEDULED_PUBLISHED_TIME_NOT_OBSERVED_RUNTIME,RECONSTRUCTED_FROM_OFFICIAL_PRIMARY_TIMETABLE,,,AMBIGUOUS_HISTORICAL_GTFS,NO_RESOLVED_GTFS_IDENTITY
PDF20260903:D150:P01:C05,D150,6,13,OLGINATE (Chiesa),10:17,617,True,LECCO,MERATE,1,5,https://www.leccotrasporti.it/percorsi/estivo/linea-d150.pdf,ee2707bdb4a2174008b6819e04b2f2a564e4bef5c2d6f8830e6dc9589f47349b,SCHEDULED_PUBLISHED_TIME_NOT_OBSERVED_RUNTIME,RECONSTRUCTED_FROM_OFFICIAL_PRIMARY_TIMETABLE,,,AMBIGUOUS_HISTORICAL_GTFS,NO_RESOLVED_GTFS_IDENTITY
PDF20260903:D150:P01:C05,D150,7,14,OLGINATE (P.Villa),10:20,620,True,LECCO,MERATE,1,5,https://www.leccotrasporti.it/percorsi/estivo/linea-d150.pdf,ee2707bdb4a2174008b6819e04b2f2a564e4bef5c2d6f8830e6dc9589f47349b,SCHEDULED_PUBLISHED_TIME_NOT_OBSERVED_RUNTIME,RECONSTRUCTED_FROM_OFFICIAL_PRIMARY_TIMETABLE,,,AMBIGUOUS_HISTORICAL_GTFS,NO_RESOLVED_GTFS_IDENTITY
PDF20260903:D150:P01:C05,D150,8,15,OLGINATE (Capiate),10:24,624,True,LECCO,MERATE,1,5,https://www.leccotrasporti.it/percorsi/estivo/linea-d150.pdf,ee2707bdb4a2174008b6819e04b2f2a564e4bef5c2d6f8830e6dc9589f47349b,SCHEDULED_PUBLISHED_TIME_NOT_OBSERVED_RUNTIME,RECONSTRUCTED_FROM_OFFICIAL_PRIMARY_TIMETABLE,L00852,,RESOLVED_ROUTE_NAME_UNIQUE,GTFS_IDENTIFIED_NOT_IN_V1_STOP_UNIVERSE
PDF20260903:D150:P01:C05,D150,9,16,VILLA S.CARLO,10:26,626,True,LECCO,MERATE,1,5,https://www.leccotrasporti.it/percorsi/estivo/linea-d150.pdf,ee2707bdb4a2174008b6819e04b2f2a564e4bef5c2d6f8830e6dc9589f47349b,SCHEDULED_PUBLISHED_TIME_NOT_OBSERVED_RUNTIME,RECONSTRUCTED_FROM_OFFICIAL_PRIMARY_TIMETABLE,,,AMBIGUOUS_HISTORICAL_GTFS,NO_RESOLVED_GTFS_IDENTITY
PDF20260903:D150:P01:C05,D150,10,17,VALGREGHENTINO,10:31,631,True,LECCO,MERATE,1,5,https://www.leccotrasporti.it/percorsi/estivo/linea-d150.pdf,ee2707bdb4a2174008b6819e04b2f2a564e4bef5c2d6f8830e6dc9589f47349b,SCHEDULED_PUBLISHED_TIME_NOT_OBSERVED_RUNTIME,RECONSTRUCTED_FROM_OFFICIAL_PRIMARY_TIMETABLE,,,AMBIGUOUS_HISTORICAL_GTFS,NO_RESOLVED_GTFS_IDENTITY
PDF20260903:D150:P01:C06,D150,1,2,LECCO Meridiane,10:45,645,True,LECCO,MERATE,1,6,https://www.leccotrasporti.it/percorsi/estivo/linea-d150.pdf,ee2707bdb4a2174008b6819e04b2f2a564e4bef5c2d6f8830e6dc9589f47349b,SCHEDULED_PUBLISHED_TIME_NOT_OBSERVED_RUNTIME,RECONSTRUCTED_FROM_OFFICIAL_PRIMARY_TIMETABLE,,,AMBIGUOUS_HISTORICAL_GTFS,NO_RESOLVED_GTFS_IDENTITY
PDF20260903:D150:P01:C06,D150,2,3,LECCO FS (Via Montello),10:50,650,True,LECCO,MERATE,1,6,https://www.leccotrasporti.it/percorsi/estivo/linea-d150.pdf,ee2707bdb4a2174008b6819e04b2f2a564e4bef5c2d6f8830e6dc9589f47349b,SCHEDULED_PUBLISHED_TIME_NOT_OBSERVED_RUNTIME,RECONSTRUCTED_FROM_OFFICIAL_PRIMARY_TIMETABLE,,,NO_HISTORICAL_GTFS_NAME_MATCH,NO_RESOLVED_GTFS_IDENTITY
PDF20260903:D150:P01:C06,D150,3,4,PESCATE Cariboni,11:00,660,True,LECCO,MERATE,1,6,https://www.leccotrasporti.it/percorsi/estivo/linea-d150.pdf,ee2707bdb4a2174008b6819e04b2f2a564e4bef5c2d6f8830e6dc9589f47349b,SCHEDULED_PUBLISHED_TIME_NOT_OBSERVED_RUNTIME,RECONSTRUCTED_FROM_OFFICIAL_PRIMARY_TIMETABLE,,,AMBIGUOUS_HISTORICAL_GTFS,NO_RESOLVED_GTFS_IDENTITY
PDF20260903:D150:P01:C06,D150,4,5,PESCATE 3° Ponte,11:01,661,True,LECCO,MERATE,1,6,https://www.leccotrasporti.it/percorsi/estivo/linea-d150.pdf,ee2707bdb4a2174008b6819e04b2f2a564e4bef5c2d6f8830e6dc9589f47349b,SCHEDULED_PUBLISHED_TIME_NOT_OBSERVED_RUNTIME,RECONSTRUCTED_FROM_OFFICIAL_PRIMARY_TIMETABLE,,,NO_HISTORICAL_GTFS_NAME_MATCH,NO_RESOLVED_GTFS_IDENTITY
PDF20260903:D150:P01:C06,D150,5,6,PESCATE (Torrette),11:03,663,True,LECCO,MERATE,1,6,https://www.leccotrasporti.it/percorsi/estivo/linea-d150.pdf,ee2707bdb4a2174008b6819e04b2f2a564e4bef5c2d6f8830e6dc9589f47349b,SCHEDULED_PUBLISHED_TIME_NOT_OBSERVED_RUNTIME,RECONSTRUCTED_FROM_OFFICIAL_PRIMARY_TIMETABLE,,,AMBIGUOUS_HISTORICAL_GTFS,NO_RESOLVED_GTFS_IDENTITY
PDF20260903:D150:P01:C06,D150,6,8,GARLATE (Municipio),11:07,667,True,LECCO,MERATE,1,6,https://www.leccotrasporti.it/percorsi/estivo/linea-d150.pdf,ee2707bdb4a2174008b6819e04b2f2a564e4bef5c2d6f8830e6dc9589f47349b,SCHEDULED_PUBLISHED_TIME_NOT_OBSERVED_RUNTIME,RECONSTRUCTED_FROM_OFFICIAL_PRIMARY_TIMETABLE,,,AMBIGUOUS_HISTORICAL_GTFS,NO_RESOLVED_GTFS_IDENTITY
PDF20260903:D150:P01:C06,D150,7,9,OLGINATE (Ponte),11:09,669,True,LECCO,MERATE,1,6,https://www.leccotrasporti.it/percorsi/estivo/linea-d150.pdf,ee2707bdb4a2174008b6819e04b2f2a564e4bef5c2d6f8830e6dc9589f47349b,SCHEDULED_PUBLISHED_TIME_NOT_OBSERVED_RUNTIME,RECONSTRUCTED_FROM_OFFICIAL_PRIMARY_TIMETABLE,,,AMBIGUOUS_HISTORICAL_GTFS,NO_RESOLVED_GTFS_IDENTITY
PDF20260903:D150:P01:C06,D150,8,10,CALOLZIO F.S.,11:13,673,True,LECCO,MERATE,1,6,https://www.leccotrasporti.it/percorsi/estivo/linea-d150.pdf,ee2707bdb4a2174008b6819e04b2f2a564e4bef5c2d6f8830e6dc9589f47349b,SCHEDULED_PUBLISHED_TIME_NOT_OBSERVED_RUNTIME,RECONSTRUCTED_FROM_OFFICIAL_PRIMARY_TIMETABLE,,,NO_HISTORICAL_GTFS_NAME_MATCH,NO_RESOLVED_GTFS_IDENTITY
PDF20260903:D150:P01:C06,D150,9,12,OLGINATE (Ponte),11:17,677,True,LECCO,MERATE,1,6,https://www.leccotrasporti.it/percorsi/estivo/linea-d150.pdf,ee2707bdb4a2174008b6819e04b2f2a564e4bef5c2d6f8830e6dc9589f47349b,SCHEDULED_PUBLISHED_TIME_NOT_OBSERVED_RUNTIME,RECONSTRUCTED_FROM_OFFICIAL_PRIMARY_TIMETABLE,,,AMBIGUOUS_HISTORICAL_GTFS,NO_RESOLVED_GTFS_IDENTITY
PDF20260903:D150:P01:C06,D150,10,13,OLGINATE (Chiesa),11:18,678,True,LECCO,MERATE,1,6,https://www.leccotrasporti.it/percorsi/estivo/linea-d150.pdf,ee2707bdb4a2174008b6819e04b2f2a564e4bef5c2d6f8830e6dc9589f47349b,SCHEDULED_PUBLISHED_TIME_NOT_OBSERVED_RUNTIME,RECONSTRUCTED_FROM_OFFICIAL_PRIMARY_TIMETABLE,,,AMBIGUOUS_HISTORICAL_GTFS,NO_RESOLVED_GTFS_IDENTITY
PDF20260903:D150:P01:C06,D150,11,14,OLGINATE (P.Villa),11:21,681,True,LECCO,MERATE,1,6,https://www.leccotrasporti.it/percorsi/estivo/linea-d150.pdf,ee2707bdb4a2174008b6819e04b2f2a564e4bef5c2d6f8830e6dc9589f47349b,SCHEDULED_PUBLISHED_TIME_NOT_OBSERVED_RUNTIME,RECONSTRUCTED_FROM_OFFICIAL_PRIMARY_TIMETABLE,,,AMBIGUOUS_HISTORICAL_GTFS,NO_RESOLVED_GTFS_IDENTITY
PDF20260903:D150:P01:C06,D150,12,15,OLGINATE (Capiate),11:25,685,True,LECCO,MERATE,1,6,https://www.leccotrasporti.it/percorsi/estivo/linea-d150.pdf,ee2707bdb4a2174008b6819e04b2f2a564e4bef5c2d6f8830e6dc9589f47349b,SCHEDULED_PUBLISHED_TIME_NOT_OBSERVED_RUNTIME,RECONSTRUCTED_FROM_OFFICIAL_PRIMARY_TIMETABLE,L00852,,RESOLVED_ROUTE_NAME_UNIQUE,GTFS_IDENTIFIED_NOT_IN_V1_STOP_UNIVERSE
PDF20260903:D150:P01:C06,D150,13,16,VILLA S.CARLO,11:27,687,True,LECCO,MERATE,1,6,https://www.leccotrasporti.it/percorsi/estivo/linea-d150.pdf,ee2707bdb4a2174008b6819e04b2f2a564e4bef5c2d6f8830e6dc9589f47349b,SCHEDULED_PUBLISHED_TIME_NOT_OBSERVED_RUNTIME,RECONSTRUCTED_FROM_OFFICIAL_PRIMARY_TIMETABLE,,,AMBIGUOUS_HISTORICAL_GTFS,NO_RESOLVED_GTFS_IDENTITY
PDF20260903:D150:P01:C06,D150,14,17,VALGREGHENTINO,11:32,692,True,LECCO,MERATE,1,6,https://www.leccotrasporti.it/percorsi/estivo/linea-d150.pdf,ee2707bdb4a2174008b6819e04b2f2a564e4bef5c2d6f8830e6dc9589f47349b,SCHEDULED_PUBLISHED_TIME_NOT_OBSERVED_RUNTIME,RECONSTRUCTED_FROM_OFFICIAL_PRIMARY_TIMETABLE,,,AMBIGUOUS_HISTORICAL_GTFS,NO_RESOLVED_GTFS_IDENTITY
PDF20260903:D150:P01:C07,D150,1,2,LECCO Meridiane,12:15,735,True,LECCO,MERATE,1,7,https://www.leccotrasporti.it/percorsi/estivo/linea-d150.pdf,ee2707bdb4a2174008b6819e04b2f2a564e4bef5c2d6f8830e6dc9589f47349b,SCHEDULED_PUBLISHED_TIME_NOT_OBSERVED_RUNTIME,RECONSTRUCTED_FROM_OFFICIAL_PRIMARY_TIMETABLE,,,AMBIGUOUS_HISTORICAL_GTFS,NO_RESOLVED_GTFS_IDENTITY
PDF20260903:D150:P01:C07,D150,2,3,LECCO FS (Via Montello),12:20,740,True,LECCO,MERATE,1,7,https://www.leccotrasporti.it/percorsi/estivo/linea-d150.pdf,ee2707bdb4a2174008b6819e04b2f2a564e4bef5c2d6f8830e6dc9589f47349b,SCHEDULED_PUBLISHED_TIME_NOT_OBSERVED_RUNTIME,RECONSTRUCTED_FROM_OFFICIAL_PRIMARY_TIMETABLE,,,NO_HISTORICAL_GTFS_NAME_MATCH,NO_RESOLVED_GTFS_IDENTITY
PDF20260903:D150:P01:C07,D150,3,4,PESCATE Cariboni,12:25,745,True,LECCO,MERATE,1,7,https://www.leccotrasporti.it/percorsi/estivo/linea-d150.pdf,ee2707bdb4a2174008b6819e04b2f2a564e4bef5c2d6f8830e6dc9589f47349b,SCHEDULED_PUBLISHED_TIME_NOT_OBSERVED_RUNTIME,RECONSTRUCTED_FROM_OFFICIAL_PRIMARY_TIMETABLE,,,AMBIGUOUS_HISTORICAL_GTFS,NO_RESOLVED_GTFS_IDENTITY
PDF20260903:D150:P01:C07,D150,4,5,PESCATE 3° Ponte,12:26,746,True,LECCO,MERATE,1,7,https://www.leccotrasporti.it/percorsi/estivo/linea-d150.pdf,ee2707bdb4a2174008b6819e04b2f2a564e4bef5c2d6f8830e6dc9589f47349b,SCHEDULED_PUBLISHED_TIME_NOT_OBSERVED_RUNTIME,RECONSTRUCTED_FROM_OFFICIAL_PRIMARY_TIMETABLE,,,NO_HISTORICAL_GTFS_NAME_MATCH,NO_RESOLVED_GTFS_IDENTITY
PDF20260903:D150:P01:C07,D150,5,6,PESCATE (Torrette),12:28,748,True,LECCO,MERATE,1,7,https://www.leccotrasporti.it/percorsi/estivo/linea-d150.pdf,ee2707bdb4a2174008b6819e04b2f2a564e4bef5c2d6f8830e6dc9589f47349b,SCHEDULED_PUBLISHED_TIME_NOT_OBSERVED_RUNTIME,RECONSTRUCTED_FROM_OFFICIAL_PRIMARY_TIMETABLE,,,AMBIGUOUS_HISTORICAL_GTFS,NO_RESOLVED_GTFS_IDENTITY
PDF20260903:D150:P01:C07,D150,6,8,GARLATE (Municipio),12:32,752,True,LECCO,MERATE,1,7,https://www.leccotrasporti.it/percorsi/estivo/linea-d150.pdf,ee2707bdb4a2174008b6819e04b2f2a564e4bef5c2d6f8830e6dc9589f47349b,SCHEDULED_PUBLISHED_TIME_NOT_OBSERVED_RUNTIME,RECONSTRUCTED_FROM_OFFICIAL_PRIMARY_TIMETABLE,,,AMBIGUOUS_HISTORICAL_GTFS,NO_RESOLVED_GTFS_IDENTITY
PDF20260903:D150:P01:C07,D150,7,13,OLGINATE (Chiesa),12:35,755,True,LECCO,MERATE,1,7,https://www.leccotrasporti.it/percorsi/estivo/linea-d150.pdf,ee2707bdb4a2174008b6819e04b2f2a564e4bef5c2d6f8830e6dc9589f47349b,SCHEDULED_PUBLISHED_TIME_NOT_OBSERVED_RUNTIME,RECONSTRUCTED_FROM_OFFICIAL_PRIMARY_TIMETABLE,,,AMBIGUOUS_HISTORICAL_GTFS,NO_RESOLVED_GTFS_IDENTITY
PDF20260903:D150:P01:C07,D150,8,14,OLGINATE (P.Villa),12:38,758,True,LECCO,MERATE,1,7,https://www.leccotrasporti.it/percorsi/estivo/linea-d150.pdf,ee2707bdb4a2174008b6819e04b2f2a564e4bef5c2d6f8830e6dc9589f47349b,SCHEDULED_PUBLISHED_TIME_NOT_OBSERVED_RUNTIME,RECONSTRUCTED_FROM_OFFICIAL_PRIMARY_TIMETABLE,,,AMBIGUOUS_HISTORICAL_GTFS,NO_RESOLVED_GTFS_IDENTITY
PDF20260903:D150:P01:C07,D150,9,15,OLGINATE (Capiate),12:39,759,True,LECCO,MERATE,1,7,https://www.leccotrasporti.it/percorsi/estivo/linea-d150.pdf,ee2707bdb4a2174008b6819e04b2f2a564e4bef5c2d6f8830e6dc9589f47349b,SCHEDULED_PUBLISHED_TIME_NOT_OBSERVED_RUNTIME,RECONSTRUCTED_FROM_OFFICIAL_PRIMARY_TIMETABLE,L00852,,RESOLVED_ROUTE_NAME_UNIQUE,GTFS_IDENTIFIED_NOT_IN_V1_STOP_UNIVERSE
PDF20260903:D150:P01:C07,D150,10,19,AIRUNO (Provinciale),12:43,763,True,LECCO,MERATE,1,7,https://www.leccotrasporti.it/percorsi/estivo/linea-d150.pdf,ee2707bdb4a2174008b6819e04b2f2a564e4bef5c2d6f8830e6dc9589f47349b,SCHEDULED_PUBLISHED_TIME_NOT_OBSERVED_RUNTIME,RECONSTRUCTED_FROM_OFFICIAL_PRIMARY_TIMETABLE,,,NO_HISTORICAL_GTFS_NAME_MATCH,NO_RESOLVED_GTFS_IDENTITY
PDF20260903:D150:P01:C07,D150,11,20,BEVERATE,12:45,765,True,LECCO,MERATE,1,7,https://www.leccotrasporti.it/percorsi/estivo/linea-d150.pdf,ee2707bdb4a2174008b6819e04b2f2a564e4bef5c2d6f8830e6dc9589f47349b,SCHEDULED_PUBLISHED_TIME_NOT_OBSERVED_RUNTIME,RECONSTRUCTED_FROM_OFFICIAL_PRIMARY_TIMETABLE,,,AMBIGUOUS_HISTORICAL_GTFS,NO_RESOLVED_GTFS_IDENTITY
PDF20260903:D150:P01:C07,D150,12,21,BRIVIO,12:50,770,True,LECCO,MERATE,1,7,https://www.leccotrasporti.it/percorsi/estivo/linea-d150.pdf,ee2707bdb4a2174008b6819e04b2f2a564e4bef5c2d6f8830e6dc9589f47349b,SCHEDULED_PUBLISHED_TIME_NOT_OBSERVED_RUNTIME,RECONSTRUCTED_FROM_OFFICIAL_PRIMARY_TIMETABLE,,,AMBIGUOUS_HISTORICAL_GTFS,NO_RESOLVED_GTFS_IDENTITY
PDF20260903:D150:P01:C07,D150,13,22,ARLATE,12:55,775,True,LECCO,MERATE,1,7,https://www.leccotrasporti.it/percorsi/estivo/linea-d150.pdf,ee2707bdb4a2174008b6819e04b2f2a564e4bef5c2d6f8830e6dc9589f47349b,SCHEDULED_PUBLISHED_TIME_NOT_OBSERVED_RUNTIME,RECONSTRUCTED_FROM_OFFICIAL_PRIMARY_TIMETABLE,,,AMBIGUOUS_HISTORICAL_GTFS,NO_RESOLVED_GTFS_IDENTITY
PDF20260903:D150:P01:C07,D150,14,23,IMBERSAGO,13:00,780,True,LECCO,MERATE,1,7,https://www.leccotrasporti.it/percorsi/estivo/linea-d150.pdf,ee2707bdb4a2174008b6819e04b2f2a564e4bef5c2d6f8830e6dc9589f47349b,SCHEDULED_PUBLISHED_TIME_NOT_OBSERVED_RUNTIME,RECONSTRUCTED_FROM_OFFICIAL_PRIMARY_TIMETABLE,,,AMBIGUOUS_HISTORICAL_GTFS,NO_RESOLVED_GTFS_IDENTITY
PDF20260903:D150:P01:C07,D150,15,27,MERATE Scuole (Via De Gasperi),13:05,785,True,LECCO,MERATE,1,7,https://www.leccotrasporti.it/percorsi/estivo/linea-d150.pdf,ee2707bdb4a2174008b6819e04b2f2a564e4bef5c2d6f8830e6dc9589f47349b,SCHEDULED_PUBLISHED_TIME_NOT_OBSERVED_RUNTIME,RECONSTRUCTED_FROM_OFFICIAL_PRIMARY_TIMETABLE,300290,,RESOLVED_ROUTE_NAME_UNIQUE,GTFS_IDENTIFIED_NOT_IN_V1_STOP_UNIVERSE
PDF20260903:D150:P01:C08,D150,1,1,LECCO Ospedale Manzoni,12:25,745,True,LECCO,MERATE,1,8,https://www.leccotrasporti.it/percorsi/estivo/linea-d150.pdf,ee2707bdb4a2174008b6819e04b2f2a564e4bef5c2d6f8830e6dc9589f47349b,SCHEDULED_PUBLISHED_TIME_NOT_OBSERVED_RUNTIME,RECONSTRUCTED_FROM_OFFICIAL_PRIMARY_TIMETABLE,,,NO_HISTORICAL_GTFS_NAME_MATCH,NO_RESOLVED_GTFS_IDENTITY
PDF20260903:D150:P01:C08,D150,2,5,PESCATE 3° Ponte,12:33,753,True,LECCO,MERATE,1,8,https://www.leccotrasporti.it/percorsi/estivo/linea-d150.pdf,ee2707bdb4a2174008b6819e04b2f2a564e4bef5c2d6f8830e6dc9589f47349b,SCHEDULED_PUBLISHED_TIME_NOT_OBSERVED_RUNTIME,RECONSTRUCTED_FROM_OFFICIAL_PRIMARY_TIMETABLE,,,NO_HISTORICAL_GTFS_NAME_MATCH,NO_RESOLVED_GTFS_IDENTITY
PDF20260903:D150:P01:C08,D150,3,6,PESCATE (Torrette),12:36,756,True,LECCO,MERATE,1,8,https://www.leccotrasporti.it/percorsi/estivo/linea-d150.pdf,ee2707bdb4a2174008b6819e04b2f2a564e4bef5c2d6f8830e6dc9589f47349b,SCHEDULED_PUBLISHED_TIME_NOT_OBSERVED_RUNTIME,RECONSTRUCTED_FROM_OFFICIAL_PRIMARY_TIMETABLE,,,AMBIGUOUS_HISTORICAL_GTFS,NO_RESOLVED_GTFS_IDENTITY
PDF20260903:D150:P01:C08,D150,4,7,GARLATE (Scuole),12:40,760,True,LECCO,MERATE,1,8,https://www.leccotrasporti.it/percorsi/estivo/linea-d150.pdf,ee2707bdb4a2174008b6819e04b2f2a564e4bef5c2d6f8830e6dc9589f47349b,SCHEDULED_PUBLISHED_TIME_NOT_OBSERVED_RUNTIME,RECONSTRUCTED_FROM_OFFICIAL_PRIMARY_TIMETABLE,,,NO_HISTORICAL_GTFS_NAME_MATCH,NO_RESOLVED_GTFS_IDENTITY
PDF20260903:D150:P01:C08,D150,5,8,GARLATE (Municipio),12:40,760,True,LECCO,MERATE,1,8,https://www.leccotrasporti.it/percorsi/estivo/linea-d150.pdf,ee2707bdb4a2174008b6819e04b2f2a564e4bef5c2d6f8830e6dc9589f47349b,SCHEDULED_PUBLISHED_TIME_NOT_OBSERVED_RUNTIME,RECONSTRUCTED_FROM_OFFICIAL_PRIMARY_TIMETABLE,,,AMBIGUOUS_HISTORICAL_GTFS,NO_RESOLVED_GTFS_IDENTITY
PDF20260903:D150:P01:C08,D150,6,13,OLGINATE (Chiesa),12:43,763,True,LECCO,MERATE,1,8,https://www.leccotrasporti.it/percorsi/estivo/linea-d150.pdf,ee2707bdb4a2174008b6819e04b2f2a564e4bef5c2d6f8830e6dc9589f47349b,SCHEDULED_PUBLISHED_TIME_NOT_OBSERVED_RUNTIME,RECONSTRUCTED_FROM_OFFICIAL_PRIMARY_TIMETABLE,,,AMBIGUOUS_HISTORICAL_GTFS,NO_RESOLVED_GTFS_IDENTITY
PDF20260903:D150:P01:C08,D150,7,14,OLGINATE (P.Villa),12:46,766,True,LECCO,MERATE,1,8,https://www.leccotrasporti.it/percorsi/estivo/linea-d150.pdf,ee2707bdb4a2174008b6819e04b2f2a564e4bef5c2d6f8830e6dc9589f47349b,SCHEDULED_PUBLISHED_TIME_NOT_OBSERVED_RUNTIME,RECONSTRUCTED_FROM_OFFICIAL_PRIMARY_TIMETABLE,,,AMBIGUOUS_HISTORICAL_GTFS,NO_RESOLVED_GTFS_IDENTITY
PDF20260903:D150:P01:C08,D150,8,15,OLGINATE (Capiate),12:50,770,True,LECCO,MERATE,1,8,https://www.leccotrasporti.it/percorsi/estivo/linea-d150.pdf,ee2707bdb4a2174008b6819e04b2f2a564e4bef5c2d6f8830e6dc9589f47349b,SCHEDULED_PUBLISHED_TIME_NOT_OBSERVED_RUNTIME,RECONSTRUCTED_FROM_OFFICIAL_PRIMARY_TIMETABLE,L00852,,RESOLVED_ROUTE_NAME_UNIQUE,GTFS_IDENTIFIED_NOT_IN_V1_STOP_UNIVERSE
PDF20260903:D150:P01:C08,D150,9,16,VILLA S.CARLO,12:52,772,True,LECCO,MERATE,1,8,https://www.leccotrasporti.it/percorsi/estivo/linea-d150.pdf,ee2707bdb4a2174008b6819e04b2f2a564e4bef5c2d6f8830e6dc9589f47349b,SCHEDULED_PUBLISHED_TIME_NOT_OBSERVED_RUNTIME,RECONSTRUCTED_FROM_OFFICIAL_PRIMARY_TIMETABLE,,,AMBIGUOUS_HISTORICAL_GTFS,NO_RESOLVED_GTFS_IDENTITY
PDF20260903:D150:P01:C08,D150,10,17,VALGREGHENTINO,12:57,777,True,LECCO,MERATE,1,8,https://www.leccotrasporti.it/percorsi/estivo/linea-d150.pdf,ee2707bdb4a2174008b6819e04b2f2a564e4bef5c2d6f8830e6dc9589f47349b,SCHEDULED_PUBLISHED_TIME_NOT_OBSERVED_RUNTIME,RECONSTRUCTED_FROM_OFFICIAL_PRIMARY_TIMETABLE,,,AMBIGUOUS_HISTORICAL_GTFS,NO_RESOLVED_GTFS_IDENTITY
PDF20260903:D150:P01:C09,D150,1,2,LECCO Meridiane,12:22,742,True,LECCO,MERATE,1,9,https://www.leccotrasporti.it/percorsi/estivo/linea-d150.pdf,ee2707bdb4a2174008b6819e04b2f2a564e4bef5c2d6f8830e6dc9589f47349b,SCHEDULED_PUBLISHED_TIME_NOT_OBSERVED_RUNTIME,RECONSTRUCTED_FROM_OFFICIAL_PRIMARY_TIMETABLE,,,AMBIGUOUS_HISTORICAL_GTFS,NO_RESOLVED_GTFS_IDENTITY
PDF20260903:D150:P01:C09,D150,2,3,LECCO FS (Via Montello),12:27,747,True,LECCO,MERATE,1,9,https://www.leccotrasporti.it/percorsi/estivo/linea-d150.pdf,ee2707bdb4a2174008b6819e04b2f2a564e4bef5c2d6f8830e6dc9589f47349b,SCHEDULED_PUBLISHED_TIME_NOT_OBSERVED_RUNTIME,RECONSTRUCTED_FROM_OFFICIAL_PRIMARY_TIMETABLE,,,NO_HISTORICAL_GTFS_NAME_MATCH,NO_RESOLVED_GTFS_IDENTITY
PDF20260903:D150:P01:C09,D150,3,4,PESCATE Cariboni,12:37,757,True,LECCO,MERATE,1,9,https://www.leccotrasporti.it/percorsi/estivo/linea-d150.pdf,ee2707bdb4a2174008b6819e04b2f2a564e4bef5c2d6f8830e6dc9589f47349b,SCHEDULED_PUBLISHED_TIME_NOT_OBSERVED_RUNTIME,RECONSTRUCTED_FROM_OFFICIAL_PRIMARY_TIMETABLE,,,AMBIGUOUS_HISTORICAL_GTFS,NO_RESOLVED_GTFS_IDENTITY
PDF20260903:D150:P01:C09,D150,4,5,PESCATE 3° Ponte,12:38,758,True,LECCO,MERATE,1,9,https://www.leccotrasporti.it/percorsi/estivo/linea-d150.pdf,ee2707bdb4a2174008b6819e04b2f2a564e4bef5c2d6f8830e6dc9589f47349b,SCHEDULED_PUBLISHED_TIME_NOT_OBSERVED_RUNTIME,RECONSTRUCTED_FROM_OFFICIAL_PRIMARY_TIMETABLE,,,NO_HISTORICAL_GTFS_NAME_MATCH,NO_RESOLVED_GTFS_IDENTITY
PDF20260903:D150:P01:C09,D150,5,6,PESCATE (Torrette),12:40,760,True,LECCO,MERATE,1,9,https://www.leccotrasporti.it/percorsi/estivo/linea-d150.pdf,ee2707bdb4a2174008b6819e04b2f2a564e4bef5c2d6f8830e6dc9589f47349b,SCHEDULED_PUBLISHED_TIME_NOT_OBSERVED_RUNTIME,RECONSTRUCTED_FROM_OFFICIAL_PRIMARY_TIMETABLE,,,AMBIGUOUS_HISTORICAL_GTFS,NO_RESOLVED_GTFS_IDENTITY
PDF20260903:D150:P01:C09,D150,6,8,GARLATE (Municipio),12:44,764,True,LECCO,MERATE,1,9,https://www.leccotrasporti.it/percorsi/estivo/linea-d150.pdf,ee2707bdb4a2174008b6819e04b2f2a564e4bef5c2d6f8830e6dc9589f47349b,SCHEDULED_PUBLISHED_TIME_NOT_OBSERVED_RUNTIME,RECONSTRUCTED_FROM_OFFICIAL_PRIMARY_TIMETABLE,,,AMBIGUOUS_HISTORICAL_GTFS,NO_RESOLVED_GTFS_IDENTITY
PDF20260903:D150:P01:C09,D150,7,13,OLGINATE (Chiesa),12:47,767,True,LECCO,MERATE,1,9,https://www.leccotrasporti.it/percorsi/estivo/linea-d150.pdf,ee2707bdb4a2174008b6819e04b2f2a564e4bef5c2d6f8830e6dc9589f47349b,SCHEDULED_PUBLISHED_TIME_NOT_OBSERVED_RUNTIME,RECONSTRUCTED_FROM_OFFICIAL_PRIMARY_TIMETABLE,,,AMBIGUOUS_HISTORICAL_GTFS,NO_RESOLVED_GTFS_IDENTITY
PDF20260903:D150:P01:C09,D150,8,14,OLGINATE (P.Villa),12:50,770,True,LECCO,MERATE,1,9,https://www.leccotrasporti.it/percorsi/estivo/linea-d150.pdf,ee2707bdb4a2174008b6819e04b2f2a564e4bef5c2d6f8830e6dc9589f47349b,SCHEDULED_PUBLISHED_TIME_NOT_OBSERVED_RUNTIME,RECONSTRUCTED_FROM_OFFICIAL_PRIMARY_TIMETABLE,,,AMBIGUOUS_HISTORICAL_GTFS,NO_RESOLVED_GTFS_IDENTITY
PDF20260903:D150:P01:C09,D150,9,15,OLGINATE (Capiate),12:54,774,True,LECCO,MERATE,1,9,https://www.leccotrasporti.it/percorsi/estivo/linea-d150.pdf,ee2707bdb4a2174008b6819e04b2f2a564e4bef5c2d6f8830e6dc9589f47349b,SCHEDULED_PUBLISHED_TIME_NOT_OBSERVED_RUNTIME,RECONSTRUCTED_FROM_OFFICIAL_PRIMARY_TIMETABLE,L00852,,RESOLVED_ROUTE_NAME_UNIQUE,GTFS_IDENTIFIED_NOT_IN_V1_STOP_UNIVERSE
PDF20260903:D150:P01:C09,D150,10,16,VILLA S.CARLO,12:56,776,True,LECCO,MERATE,1,9,https://www.leccotrasporti.it/percorsi/estivo/linea-d150.pdf,ee2707bdb4a2174008b6819e04b2f2a564e4bef5c2d6f8830e6dc9589f47349b,SCHEDULED_PUBLISHED_TIME_NOT_OBSERVED_RUNTIME,RECONSTRUCTED_FROM_OFFICIAL_PRIMARY_TIMETABLE,,,AMBIGUOUS_HISTORICAL_GTFS,NO_RESOLVED_GTFS_IDENTITY
PDF20260903:D150:P01:C09,D150,11,17,VALGREGHENTINO,13:01,781,True,LECCO,MERATE,1,9,https://www.leccotrasporti.it/percorsi/estivo/linea-d150.pdf,ee2707bdb4a2174008b6819e04b2f2a564e4bef5c2d6f8830e6dc9589f47349b,SCHEDULED_PUBLISHED_TIME_NOT_OBSERVED_RUNTIME,RECONSTRUCTED_FROM_OFFICIAL_PRIMARY_TIMETABLE,,,AMBIGUOUS_HISTORICAL_GTFS,NO_RESOLVED_GTFS_IDENTITY
PDF20260903:D150:P01:C10,D150,1,2,LECCO Meridiane,13:15,795,True,LECCO,MERATE,1,10,https://www.leccotrasporti.it/percorsi/estivo/linea-d150.pdf,ee2707bdb4a2174008b6819e04b2f2a564e4bef5c2d6f8830e6dc9589f47349b,SCHEDULED_PUBLISHED_TIME_NOT_OBSERVED_RUNTIME,RECONSTRUCTED_FROM_OFFICIAL_PRIMARY_TIMETABLE,,,AMBIGUOUS_HISTORICAL_GTFS,NO_RESOLVED_GTFS_IDENTITY
PDF20260903:D150:P01:C10,D150,2,3,LECCO FS (Via Montello),13:20,800,True,LECCO,MERATE,1,10,https://www.leccotrasporti.it/percorsi/estivo/linea-d150.pdf,ee2707bdb4a2174008b6819e04b2f2a564e4bef5c2d6f8830e6dc9589f47349b,SCHEDULED_PUBLISHED_TIME_NOT_OBSERVED_RUNTIME,RECONSTRUCTED_FROM_OFFICIAL_PRIMARY_TIMETABLE,,,NO_HISTORICAL_GTFS_NAME_MATCH,NO_RESOLVED_GTFS_IDENTITY
PDF20260903:D150:P01:C10,D150,3,4,PESCATE Cariboni,13:30,810,True,LECCO,MERATE,1,10,https://www.leccotrasporti.it/percorsi/estivo/linea-d150.pdf,ee2707bdb4a2174008b6819e04b2f2a564e4bef5c2d6f8830e6dc9589f47349b,SCHEDULED_PUBLISHED_TIME_NOT_OBSERVED_RUNTIME,RECONSTRUCTED_FROM_OFFICIAL_PRIMARY_TIMETABLE,,,AMBIGUOUS_HISTORICAL_GTFS,NO_RESOLVED_GTFS_IDENTITY
PDF20260903:D150:P01:C10,D150,4,5,PESCATE 3° Ponte,13:31,811,True,LECCO,MERATE,1,10,https://www.leccotrasporti.it/percorsi/estivo/linea-d150.pdf,ee2707bdb4a2174008b6819e04b2f2a564e4bef5c2d6f8830e6dc9589f47349b,SCHEDULED_PUBLISHED_TIME_NOT_OBSERVED_RUNTIME,RECONSTRUCTED_FROM_OFFICIAL_PRIMARY_TIMETABLE,,,NO_HISTORICAL_GTFS_NAME_MATCH,NO_RESOLVED_GTFS_IDENTITY
PDF20260903:D150:P01:C10,D150,5,6,PESCATE (Torrette),13:33,813,True,LECCO,MERATE,1,10,https://www.leccotrasporti.it/percorsi/estivo/linea-d150.pdf,ee2707bdb4a2174008b6819e04b2f2a564e4bef5c2d6f8830e6dc9589f47349b,SCHEDULED_PUBLISHED_TIME_NOT_OBSERVED_RUNTIME,RECONSTRUCTED_FROM_OFFICIAL_PRIMARY_TIMETABLE,,,AMBIGUOUS_HISTORICAL_GTFS,NO_RESOLVED_GTFS_IDENTITY
PDF20260903:D150:P01:C10,D150,6,8,GARLATE (Municipio),13:37,817,True,LECCO,MERATE,1,10,https://www.leccotrasporti.it/percorsi/estivo/linea-d150.pdf,ee2707bdb4a2174008b6819e04b2f2a564e4bef5c2d6f8830e6dc9589f47349b,SCHEDULED_PUBLISHED_TIME_NOT_OBSERVED_RUNTIME,RECONSTRUCTED_FROM_OFFICIAL_PRIMARY_TIMETABLE,,,AMBIGUOUS_HISTORICAL_GTFS,NO_RESOLVED_GTFS_IDENTITY
PDF20260903:D150:P01:C10,D150,7,13,OLGINATE (Chiesa),13:40,820,True,LECCO,MERATE,1,10,https://www.leccotrasporti.it/percorsi/estivo/linea-d150.pdf,ee2707bdb4a2174008b6819e04b2f2a564e4bef5c2d6f8830e6dc9589f47349b,SCHEDULED_PUBLISHED_TIME_NOT_OBSERVED_RUNTIME,RECONSTRUCTED_FROM_OFFICIAL_PRIMARY_TIMETABLE,,,AMBIGUOUS_HISTORICAL_GTFS,NO_RESOLVED_GTFS_IDENTITY
PDF20260903:D150:P01:C10,D150,8,14,OLGINATE (P.Villa),13:43,823,True,LECCO,MERATE,1,10,https://www.leccotrasporti.it/percorsi/estivo/linea-d150.pdf,ee2707bdb4a2174008b6819e04b2f2a564e4bef5c2d6f8830e6dc9589f47349b,SCHEDULED_PUBLISHED_TIME_NOT_OBSERVED_RUNTIME,RECONSTRUCTED_FROM_OFFICIAL_PRIMARY_TIMETABLE,,,AMBIGUOUS_HISTORICAL_GTFS,NO_RESOLVED_GTFS_IDENTITY
PDF20260903:D150:P01:C10,D150,9,15,OLGINATE (Capiate),13:47,827,True,LECCO,MERATE,1,10,https://www.leccotrasporti.it/percorsi/estivo/linea-d150.pdf,ee2707bdb4a2174008b6819e04b2f2a564e4bef5c2d6f8830e6dc9589f47349b,SCHEDULED_PUBLISHED_TIME_NOT_OBSERVED_RUNTIME,RECONSTRUCTED_FROM_OFFICIAL_PRIMARY_TIMETABLE,L00852,,RESOLVED_ROUTE_NAME_UNIQUE,GTFS_IDENTIFIED_NOT_IN_V1_STOP_UNIVERSE
PDF20260903:D150:P01:C10,D150,10,16,VILLA S.CARLO,13:49,829,True,LECCO,MERATE,1,10,https://www.leccotrasporti.it/percorsi/estivo/linea-d150.pdf,ee2707bdb4a2174008b6819e04b2f2a564e4bef5c2d6f8830e6dc9589f47349b,SCHEDULED_PUBLISHED_TIME_NOT_OBSERVED_RUNTIME,RECONSTRUCTED_FROM_OFFICIAL_PRIMARY_TIMETABLE,,,AMBIGUOUS_HISTORICAL_GTFS,NO_RESOLVED_GTFS_IDENTITY
PDF20260903:D150:P01:C10,D150,11,17,VALGREGHENTINO,13:54,834,True,LECCO,MERATE,1,10,https://www.leccotrasporti.it/percorsi/estivo/linea-d150.pdf,ee2707bdb4a2174008b6819e04b2f2a564e4bef5c2d6f8830e6dc9589f47349b,SCHEDULED_PUBLISHED_TIME_NOT_OBSERVED_RUNTIME,RECONSTRUCTED_FROM_OFFICIAL_PRIMARY_TIMETABLE,,,AMBIGUOUS_HISTORICAL_GTFS,NO_RESOLVED_GTFS_IDENTITY
PDF20260903:D150:P01:C11,D150,1,2,LECCO Meridiane,14:35,875,False,LECCO,MERATE,1,11,https://www.leccotrasporti.it/percorsi/estivo/linea-d150.pdf,ee2707bdb4a2174008b6819e04b2f2a564e4bef5c2d6f8830e6dc9589f47349b,SCHEDULED_PUBLISHED_TIME_NOT_OBSERVED_RUNTIME,RECONSTRUCTED_FROM_OFFICIAL_PRIMARY_TIMETABLE,,,AMBIGUOUS_HISTORICAL_GTFS,NO_RESOLVED_GTFS_IDENTITY
PDF20260903:D150:P01:C11,D150,2,3,LECCO FS (Via Montello),14:40,880,False,LECCO,MERATE,1,11,https://www.leccotrasporti.it/percorsi/estivo/linea-d150.pdf,ee2707bdb4a2174008b6819e04b2f2a564e4bef5c2d6f8830e6dc9589f47349b,SCHEDULED_PUBLISHED_TIME_NOT_OBSERVED_RUNTIME,RECONSTRUCTED_FROM_OFFICIAL_PRIMARY_TIMETABLE,,,NO_HISTORICAL_GTFS_NAME_MATCH,NO_RESOLVED_GTFS_IDENTITY
PDF20260903:D150:P01:C11,D150,3,4,PESCATE Cariboni,14:50,890,False,LECCO,MERATE,1,11,https://www.leccotrasporti.it/percorsi/estivo/linea-d150.pdf,ee2707bdb4a2174008b6819e04b2f2a564e4bef5c2d6f8830e6dc9589f47349b,SCHEDULED_PUBLISHED_TIME_NOT_OBSERVED_RUNTIME,RECONSTRUCTED_FROM_OFFICIAL_PRIMARY_TIMETABLE,,,AMBIGUOUS_HISTORICAL_GTFS,NO_RESOLVED_GTFS_IDENTITY
PDF20260903:D150:P01:C11,D150,4,5,PESCATE 3° Ponte,14:51,891,False,LECCO,MERATE,1,11,https://www.leccotrasporti.it/percorsi/estivo/linea-d150.pdf,ee2707bdb4a2174008b6819e04b2f2a564e4bef5c2d6f8830e6dc9589f47349b,SCHEDULED_PUBLISHED_TIME_NOT_OBSERVED_RUNTIME,RECONSTRUCTED_FROM_OFFICIAL_PRIMARY_TIMETABLE,,,NO_HISTORICAL_GTFS_NAME_MATCH,NO_RESOLVED_GTFS_IDENTITY
PDF20260903:D150:P01:C11,D150,5,6,PESCATE (Torrette),14:53,893,False,LECCO,MERATE,1,11,https://www.leccotrasporti.it/percorsi/estivo/linea-d150.pdf,ee2707bdb4a2174008b6819e04b2f2a564e4bef5c2d6f8830e6dc9589f47349b,SCHEDULED_PUBLISHED_TIME_NOT_OBSERVED_RUNTIME,RECONSTRUCTED_FROM_OFFICIAL_PRIMARY_TIMETABLE,,,AMBIGUOUS_HISTORICAL_GTFS,NO_RESOLVED_GTFS_IDENTITY
PDF20260903:D150:P01:C11,D150,6,8,GARLATE (Municipio),14:57,897,False,LECCO,MERATE,1,11,https://www.leccotrasporti.it/percorsi/estivo/linea-d150.pdf,ee2707bdb4a2174008b6819e04b2f2a564e4bef5c2d6f8830e6dc9589f47349b,SCHEDULED_PUBLISHED_TIME_NOT_OBSERVED_RUNTIME,RECONSTRUCTED_FROM_OFFICIAL_PRIMARY_TIMETABLE,,,AMBIGUOUS_HISTORICAL_GTFS,NO_RESOLVED_GTFS_IDENTITY
PDF20260903:D150:P01:C11,D150,7,13,OLGINATE (Chiesa),15:00,900,False,LECCO,MERATE,1,11,https://www.leccotrasporti.it/percorsi/estivo/linea-d150.pdf,ee2707bdb4a2174008b6819e04b2f2a564e4bef5c2d6f8830e6dc9589f47349b,SCHEDULED_PUBLISHED_TIME_NOT_OBSERVED_RUNTIME,RECONSTRUCTED_FROM_OFFICIAL_PRIMARY_TIMETABLE,,,AMBIGUOUS_HISTORICAL_GTFS,NO_RESOLVED_GTFS_IDENTITY
PDF20260903:D150:P01:C11,D150,8,14,OLGINATE (P.Villa),15:03,903,False,LECCO,MERATE,1,11,https://www.leccotrasporti.it/percorsi/estivo/linea-d150.pdf,ee2707bdb4a2174008b6819e04b2f2a564e4bef5c2d6f8830e6dc9589f47349b,SCHEDULED_PUBLISHED_TIME_NOT_OBSERVED_RUNTIME,RECONSTRUCTED_FROM_OFFICIAL_PRIMARY_TIMETABLE,,,AMBIGUOUS_HISTORICAL_GTFS,NO_RESOLVED_GTFS_IDENTITY
PDF20260903:D150:P01:C11,D150,9,15,OLGINATE (Capiate),15:07,907,False,LECCO,MERATE,1,11,https://www.leccotrasporti.it/percorsi/estivo/linea-d150.pdf,ee2707bdb4a2174008b6819e04b2f2a564e4bef5c2d6f8830e6dc9589f47349b,SCHEDULED_PUBLISHED_TIME_NOT_OBSERVED_RUNTIME,RECONSTRUCTED_FROM_OFFICIAL_PRIMARY_TIMETABLE,L00852,,RESOLVED_ROUTE_NAME_UNIQUE,GTFS_IDENTIFIED_NOT_IN_V1_STOP_UNIVERSE
PDF20260903:D150:P01:C11,D150,10,16,VILLA S.CARLO,15:09,909,False,LECCO,MERATE,1,11,https://www.leccotrasporti.it/percorsi/estivo/linea-d150.pdf,ee2707bdb4a2174008b6819e04b2f2a564e4bef5c2d6f8830e6dc9589f47349b,SCHEDULED_PUBLISHED_TIME_NOT_OBSERVED_RUNTIME,RECONSTRUCTED_FROM_OFFICIAL_PRIMARY_TIMETABLE,,,AMBIGUOUS_HISTORICAL_GTFS,NO_RESOLVED_GTFS_IDENTITY
PDF20260903:D150:P01:C11,D150,11,17,VALGREGHENTINO,15:14,914,False,LECCO,MERATE,1,11,https://www.leccotrasporti.it/percorsi/estivo/linea-d150.pdf,ee2707bdb4a2174008b6819e04b2f2a564e4bef5c2d6f8830e6dc9589f47349b,SCHEDULED_PUBLISHED_TIME_NOT_OBSERVED_RUNTIME,RECONSTRUCTED_FROM_OFFICIAL_PRIMARY_TIMETABLE,,,AMBIGUOUS_HISTORICAL_GTFS,NO_RESOLVED_GTFS_IDENTITY
PDF20260903:D150:P01:C12,D150,1,2,LECCO Meridiane,14:35,875,True,LECCO,MERATE,1,12,https://www.leccotrasporti.it/percorsi/estivo/linea-d150.pdf,ee2707bdb4a2174008b6819e04b2f2a564e4bef5c2d6f8830e6dc9589f47349b,SCHEDULED_PUBLISHED_TIME_NOT_OBSERVED_RUNTIME,RECONSTRUCTED_FROM_OFFICIAL_PRIMARY_TIMETABLE,,,AMBIGUOUS_HISTORICAL_GTFS,NO_RESOLVED_GTFS_IDENTITY
PDF20260903:D150:P01:C12,D150,2,3,LECCO FS (Via Montello),14:40,880,True,LECCO,MERATE,1,12,https://www.leccotrasporti.it/percorsi/estivo/linea-d150.pdf,ee2707bdb4a2174008b6819e04b2f2a564e4bef5c2d6f8830e6dc9589f47349b,SCHEDULED_PUBLISHED_TIME_NOT_OBSERVED_RUNTIME,RECONSTRUCTED_FROM_OFFICIAL_PRIMARY_TIMETABLE,,,NO_HISTORICAL_GTFS_NAME_MATCH,NO_RESOLVED_GTFS_IDENTITY
PDF20260903:D150:P01:C12,D150,3,4,PESCATE Cariboni,14:50,890,True,LECCO,MERATE,1,12,https://www.leccotrasporti.it/percorsi/estivo/linea-d150.pdf,ee2707bdb4a2174008b6819e04b2f2a564e4bef5c2d6f8830e6dc9589f47349b,SCHEDULED_PUBLISHED_TIME_NOT_OBSERVED_RUNTIME,RECONSTRUCTED_FROM_OFFICIAL_PRIMARY_TIMETABLE,,,AMBIGUOUS_HISTORICAL_GTFS,NO_RESOLVED_GTFS_IDENTITY
PDF20260903:D150:P01:C12,D150,4,5,PESCATE 3° Ponte,14:51,891,True,LECCO,MERATE,1,12,https://www.leccotrasporti.it/percorsi/estivo/linea-d150.pdf,ee2707bdb4a2174008b6819e04b2f2a564e4bef5c2d6f8830e6dc9589f47349b,SCHEDULED_PUBLISHED_TIME_NOT_OBSERVED_RUNTIME,RECONSTRUCTED_FROM_OFFICIAL_PRIMARY_TIMETABLE,,,NO_HISTORICAL_GTFS_NAME_MATCH,NO_RESOLVED_GTFS_IDENTITY
PDF20260903:D150:P01:C12,D150,5,6,PESCATE (Torrette),14:53,893,True,LECCO,MERATE,1,12,https://www.leccotrasporti.it/percorsi/estivo/linea-d150.pdf,ee2707bdb4a2174008b6819e04b2f2a564e4bef5c2d6f8830e6dc9589f47349b,SCHEDULED_PUBLISHED_TIME_NOT_OBSERVED_RUNTIME,RECONSTRUCTED_FROM_OFFICIAL_PRIMARY_TIMETABLE,,,AMBIGUOUS_HISTORICAL_GTFS,NO_RESOLVED_GTFS_IDENTITY
PDF20260903:D150:P01:C12,D150,6,8,GARLATE (Municipio),14:57,897,True,LECCO,MERATE,1,12,https://www.leccotrasporti.it/percorsi/estivo/linea-d150.pdf,ee2707bdb4a2174008b6819e04b2f2a564e4bef5c2d6f8830e6dc9589f47349b,SCHEDULED_PUBLISHED_TIME_NOT_OBSERVED_RUNTIME,RECONSTRUCTED_FROM_OFFICIAL_PRIMARY_TIMETABLE,,,AMBIGUOUS_HISTORICAL_GTFS,NO_RESOLVED_GTFS_IDENTITY
PDF20260903:D150:P01:C12,D150,7,9,OLGINATE (Ponte),14:59,899,True,LECCO,MERATE,1,12,https://www.leccotrasporti.it/percorsi/estivo/linea-d150.pdf,ee2707bdb4a2174008b6819e04b2f2a564e4bef5c2d6f8830e6dc9589f47349b,SCHEDULED_PUBLISHED_TIME_NOT_OBSERVED_RUNTIME,RECONSTRUCTED_FROM_OFFICIAL_PRIMARY_TIMETABLE,,,AMBIGUOUS_HISTORICAL_GTFS,NO_RESOLVED_GTFS_IDENTITY
PDF20260903:D150:P01:C12,D150,8,10,CALOLZIO F.S.,15:03,903,True,LECCO,MERATE,1,12,https://www.leccotrasporti.it/percorsi/estivo/linea-d150.pdf,ee2707bdb4a2174008b6819e04b2f2a564e4bef5c2d6f8830e6dc9589f47349b,SCHEDULED_PUBLISHED_TIME_NOT_OBSERVED_RUNTIME,RECONSTRUCTED_FROM_OFFICIAL_PRIMARY_TIMETABLE,,,NO_HISTORICAL_GTFS_NAME_MATCH,NO_RESOLVED_GTFS_IDENTITY
PDF20260903:D150:P01:C12,D150,9,12,OLGINATE (Ponte),15:07,907,True,LECCO,MERATE,1,12,https://www.leccotrasporti.it/percorsi/estivo/linea-d150.pdf,ee2707bdb4a2174008b6819e04b2f2a564e4bef5c2d6f8830e6dc9589f47349b,SCHEDULED_PUBLISHED_TIME_NOT_OBSERVED_RUNTIME,RECONSTRUCTED_FROM_OFFICIAL_PRIMARY_TIMETABLE,,,AMBIGUOUS_HISTORICAL_GTFS,NO_RESOLVED_GTFS_IDENTITY
PDF20260903:D150:P01:C12,D150,10,13,OLGINATE (Chiesa),15:08,908,True,LECCO,MERATE,1,12,https://www.leccotrasporti.it/percorsi/estivo/linea-d150.pdf,ee2707bdb4a2174008b6819e04b2f2a564e4bef5c2d6f8830e6dc9589f47349b,SCHEDULED_PUBLISHED_TIME_NOT_OBSERVED_RUNTIME,RECONSTRUCTED_FROM_OFFICIAL_PRIMARY_TIMETABLE,,,AMBIGUOUS_HISTORICAL_GTFS,NO_RESOLVED_GTFS_IDENTITY
PDF20260903:D150:P01:C12,D150,11,14,OLGINATE (P.Villa),15:11,911,True,LECCO,MERATE,1,12,https://www.leccotrasporti.it/percorsi/estivo/linea-d150.pdf,ee2707bdb4a2174008b6819e04b2f2a564e4bef5c2d6f8830e6dc9589f47349b,SCHEDULED_PUBLISHED_TIME_NOT_OBSERVED_RUNTIME,RECONSTRUCTED_FROM_OFFICIAL_PRIMARY_TIMETABLE,,,AMBIGUOUS_HISTORICAL_GTFS,NO_RESOLVED_GTFS_IDENTITY
PDF20260903:D150:P01:C12,D150,12,15,OLGINATE (Capiate),15:15,915,True,LECCO,MERATE,1,12,https://www.leccotrasporti.it/percorsi/estivo/linea-d150.pdf,ee2707bdb4a2174008b6819e04b2f2a564e4bef5c2d6f8830e6dc9589f47349b,SCHEDULED_PUBLISHED_TIME_NOT_OBSERVED_RUNTIME,RECONSTRUCTED_FROM_OFFICIAL_PRIMARY_TIMETABLE,L00852,,RESOLVED_ROUTE_NAME_UNIQUE,GTFS_IDENTIFIED_NOT_IN_V1_STOP_UNIVERSE
PDF20260903:D150:P01:C12,D150,13,16,VILLA S.CARLO,15:17,917,True,LECCO,MERATE,1,12,https://www.leccotrasporti.it/percorsi/estivo/linea-d150.pdf,ee2707bdb4a2174008b6819e04b2f2a564e4bef5c2d6f8830e6dc9589f47349b,SCHEDULED_PUBLISHED_TIME_NOT_OBSERVED_RUNTIME,RECONSTRUCTED_FROM_OFFICIAL_PRIMARY_TIMETABLE,,,AMBIGUOUS_HISTORICAL_GTFS,NO_RESOLVED_GTFS_IDENTITY
PDF20260903:D150:P01:C12,D150,14,17,VALGREGHENTINO,15:22,922,True,LECCO,MERATE,1,12,https://www.leccotrasporti.it/percorsi/estivo/linea-d150.pdf,ee2707bdb4a2174008b6819e04b2f2a564e4bef5c2d6f8830e6dc9589f47349b,SCHEDULED_PUBLISHED_TIME_NOT_OBSERVED_RUNTIME,RECONSTRUCTED_FROM_OFFICIAL_PRIMARY_TIMETABLE,,,AMBIGUOUS_HISTORICAL_GTFS,NO_RESOLVED_GTFS_IDENTITY
PDF20260903:D150:P01:C13,D150,1,2,LECCO Meridiane,14:55,895,True,LECCO,MERATE,1,13,https://www.leccotrasporti.it/percorsi/estivo/linea-d150.pdf,ee2707bdb4a2174008b6819e04b2f2a564e4bef5c2d6f8830e6dc9589f47349b,SCHEDULED_PUBLISHED_TIME_NOT_OBSERVED_RUNTIME,RECONSTRUCTED_FROM_OFFICIAL_PRIMARY_TIMETABLE,,,AMBIGUOUS_HISTORICAL_GTFS,NO_RESOLVED_GTFS_IDENTITY
PDF20260903:D150:P01:C13,D150,2,3,LECCO FS (Via Montello),15:00,900,True,LECCO,MERATE,1,13,https://www.leccotrasporti.it/percorsi/estivo/linea-d150.pdf,ee2707bdb4a2174008b6819e04b2f2a564e4bef5c2d6f8830e6dc9589f47349b,SCHEDULED_PUBLISHED_TIME_NOT_OBSERVED_RUNTIME,RECONSTRUCTED_FROM_OFFICIAL_PRIMARY_TIMETABLE,,,NO_HISTORICAL_GTFS_NAME_MATCH,NO_RESOLVED_GTFS_IDENTITY
PDF20260903:D150:P01:C13,D150,3,4,PESCATE Cariboni,15:05,905,True,LECCO,MERATE,1,13,https://www.leccotrasporti.it/percorsi/estivo/linea-d150.pdf,ee2707bdb4a2174008b6819e04b2f2a564e4bef5c2d6f8830e6dc9589f47349b,SCHEDULED_PUBLISHED_TIME_NOT_OBSERVED_RUNTIME,RECONSTRUCTED_FROM_OFFICIAL_PRIMARY_TIMETABLE,,,AMBIGUOUS_HISTORICAL_GTFS,NO_RESOLVED_GTFS_IDENTITY
PDF20260903:D150:P01:C13,D150,4,5,PESCATE 3° Ponte,15:06,906,True,LECCO,MERATE,1,13,https://www.leccotrasporti.it/percorsi/estivo/linea-d150.pdf,ee2707bdb4a2174008b6819e04b2f2a564e4bef5c2d6f8830e6dc9589f47349b,SCHEDULED_PUBLISHED_TIME_NOT_OBSERVED_RUNTIME,RECONSTRUCTED_FROM_OFFICIAL_PRIMARY_TIMETABLE,,,NO_HISTORICAL_GTFS_NAME_MATCH,NO_RESOLVED_GTFS_IDENTITY
PDF20260903:D150:P01:C13,D150,5,6,PESCATE (Torrette),15:08,908,True,LECCO,MERATE,1,13,https://www.leccotrasporti.it/percorsi/estivo/linea-d150.pdf,ee2707bdb4a2174008b6819e04b2f2a564e4bef5c2d6f8830e6dc9589f47349b,SCHEDULED_PUBLISHED_TIME_NOT_OBSERVED_RUNTIME,RECONSTRUCTED_FROM_OFFICIAL_PRIMARY_TIMETABLE,,,AMBIGUOUS_HISTORICAL_GTFS,NO_RESOLVED_GTFS_IDENTITY
PDF20260903:D150:P01:C13,D150,6,8,GARLATE (Municipio),15:12,912,True,LECCO,MERATE,1,13,https://www.leccotrasporti.it/percorsi/estivo/linea-d150.pdf,ee2707bdb4a2174008b6819e04b2f2a564e4bef5c2d6f8830e6dc9589f47349b,SCHEDULED_PUBLISHED_TIME_NOT_OBSERVED_RUNTIME,RECONSTRUCTED_FROM_OFFICIAL_PRIMARY_TIMETABLE,,,AMBIGUOUS_HISTORICAL_GTFS,NO_RESOLVED_GTFS_IDENTITY
PDF20260903:D150:P01:C13,D150,7,13,OLGINATE (Chiesa),15:15,915,True,LECCO,MERATE,1,13,https://www.leccotrasporti.it/percorsi/estivo/linea-d150.pdf,ee2707bdb4a2174008b6819e04b2f2a564e4bef5c2d6f8830e6dc9589f47349b,SCHEDULED_PUBLISHED_TIME_NOT_OBSERVED_RUNTIME,RECONSTRUCTED_FROM_OFFICIAL_PRIMARY_TIMETABLE,,,AMBIGUOUS_HISTORICAL_GTFS,NO_RESOLVED_GTFS_IDENTITY
PDF20260903:D150:P01:C13,D150,8,14,OLGINATE (P.Villa),15:18,918,True,LECCO,MERATE,1,13,https://www.leccotrasporti.it/percorsi/estivo/linea-d150.pdf,ee2707bdb4a2174008b6819e04b2f2a564e4bef5c2d6f8830e6dc9589f47349b,SCHEDULED_PUBLISHED_TIME_NOT_OBSERVED_RUNTIME,RECONSTRUCTED_FROM_OFFICIAL_PRIMARY_TIMETABLE,,,AMBIGUOUS_HISTORICAL_GTFS,NO_RESOLVED_GTFS_IDENTITY
PDF20260903:D150:P01:C13,D150,9,15,OLGINATE (Capiate),15:19,919,True,LECCO,MERATE,1,13,https://www.leccotrasporti.it/percorsi/estivo/linea-d150.pdf,ee2707bdb4a2174008b6819e04b2f2a564e4bef5c2d6f8830e6dc9589f47349b,SCHEDULED_PUBLISHED_TIME_NOT_OBSERVED_RUNTIME,RECONSTRUCTED_FROM_OFFICIAL_PRIMARY_TIMETABLE,L00852,,RESOLVED_ROUTE_NAME_UNIQUE,GTFS_IDENTIFIED_NOT_IN_V1_STOP_UNIVERSE
PDF20260903:D150:P01:C13,D150,10,19,AIRUNO (Provinciale),15:23,923,True,LECCO,MERATE,1,13,https://www.leccotrasporti.it/percorsi/estivo/linea-d150.pdf,ee2707bdb4a2174008b6819e04b2f2a564e4bef5c2d6f8830e6dc9589f47349b,SCHEDULED_PUBLISHED_TIME_NOT_OBSERVED_RUNTIME,RECONSTRUCTED_FROM_OFFICIAL_PRIMARY_TIMETABLE,,,NO_HISTORICAL_GTFS_NAME_MATCH,NO_RESOLVED_GTFS_IDENTITY
PDF20260903:D150:P01:C13,D150,11,20,BEVERATE,15:25,925,True,LECCO,MERATE,1,13,https://www.leccotrasporti.it/percorsi/estivo/linea-d150.pdf,ee2707bdb4a2174008b6819e04b2f2a564e4bef5c2d6f8830e6dc9589f47349b,SCHEDULED_PUBLISHED_TIME_NOT_OBSERVED_RUNTIME,RECONSTRUCTED_FROM_OFFICIAL_PRIMARY_TIMETABLE,,,AMBIGUOUS_HISTORICAL_GTFS,NO_RESOLVED_GTFS_IDENTITY
PDF20260903:D150:P01:C13,D150,12,21,BRIVIO,15:30,930,True,LECCO,MERATE,1,13,https://www.leccotrasporti.it/percorsi/estivo/linea-d150.pdf,ee2707bdb4a2174008b6819e04b2f2a564e4bef5c2d6f8830e6dc9589f47349b,SCHEDULED_PUBLISHED_TIME_NOT_OBSERVED_RUNTIME,RECONSTRUCTED_FROM_OFFICIAL_PRIMARY_TIMETABLE,,,AMBIGUOUS_HISTORICAL_GTFS,NO_RESOLVED_GTFS_IDENTITY
PDF20260903:D150:P01:C13,D150,13,22,ARLATE,15:35,935,True,LECCO,MERATE,1,13,https://www.leccotrasporti.it/percorsi/estivo/linea-d150.pdf,ee2707bdb4a2174008b6819e04b2f2a564e4bef5c2d6f8830e6dc9589f47349b,SCHEDULED_PUBLISHED_TIME_NOT_OBSERVED_RUNTIME,RECONSTRUCTED_FROM_OFFICIAL_PRIMARY_TIMETABLE,,,AMBIGUOUS_HISTORICAL_GTFS,NO_RESOLVED_GTFS_IDENTITY
PDF20260903:D150:P01:C13,D150,14,23,IMBERSAGO,15:40,940,True,LECCO,MERATE,1,13,https://www.leccotrasporti.it/percorsi/estivo/linea-d150.pdf,ee2707bdb4a2174008b6819e04b2f2a564e4bef5c2d6f8830e6dc9589f47349b,SCHEDULED_PUBLISHED_TIME_NOT_OBSERVED_RUNTIME,RECONSTRUCTED_FROM_OFFICIAL_PRIMARY_TIMETABLE,,,AMBIGUOUS_HISTORICAL_GTFS,NO_RESOLVED_GTFS_IDENTITY
PDF20260903:D150:P01:C13,D150,15,27,MERATE Scuole (Via De Gasperi),15:45,945,True,LECCO,MERATE,1,13,https://www.leccotrasporti.it/percorsi/estivo/linea-d150.pdf,ee2707bdb4a2174008b6819e04b2f2a564e4bef5c2d6f8830e6dc9589f47349b,SCHEDULED_PUBLISHED_TIME_NOT_OBSERVED_RUNTIME,RECONSTRUCTED_FROM_OFFICIAL_PRIMARY_TIMETABLE,300290,,RESOLVED_ROUTE_NAME_UNIQUE,GTFS_IDENTIFIED_NOT_IN_V1_STOP_UNIVERSE
PDF20260903:D150:P01:C14,D150,1,2,LECCO Meridiane,16:35,995,True,LECCO,MERATE,1,14,https://www.leccotrasporti.it/percorsi/estivo/linea-d150.pdf,ee2707bdb4a2174008b6819e04b2f2a564e4bef5c2d6f8830e6dc9589f47349b,SCHEDULED_PUBLISHED_TIME_NOT_OBSERVED_RUNTIME,RECONSTRUCTED_FROM_OFFICIAL_PRIMARY_TIMETABLE,,,AMBIGUOUS_HISTORICAL_GTFS,NO_RESOLVED_GTFS_IDENTITY
PDF20260903:D150:P01:C14,D150,2,3,LECCO FS (Via Montello),16:40,1000,True,LECCO,MERATE,1,14,https://www.leccotrasporti.it/percorsi/estivo/linea-d150.pdf,ee2707bdb4a2174008b6819e04b2f2a564e4bef5c2d6f8830e6dc9589f47349b,SCHEDULED_PUBLISHED_TIME_NOT_OBSERVED_RUNTIME,RECONSTRUCTED_FROM_OFFICIAL_PRIMARY_TIMETABLE,,,NO_HISTORICAL_GTFS_NAME_MATCH,NO_RESOLVED_GTFS_IDENTITY
PDF20260903:D150:P01:C14,D150,3,4,PESCATE Cariboni,16:50,1010,True,LECCO,MERATE,1,14,https://www.leccotrasporti.it/percorsi/estivo/linea-d150.pdf,ee2707bdb4a2174008b6819e04b2f2a564e4bef5c2d6f8830e6dc9589f47349b,SCHEDULED_PUBLISHED_TIME_NOT_OBSERVED_RUNTIME,RECONSTRUCTED_FROM_OFFICIAL_PRIMARY_TIMETABLE,,,AMBIGUOUS_HISTORICAL_GTFS,NO_RESOLVED_GTFS_IDENTITY
PDF20260903:D150:P01:C14,D150,4,5,PESCATE 3° Ponte,16:51,1011,True,LECCO,MERATE,1,14,https://www.leccotrasporti.it/percorsi/estivo/linea-d150.pdf,ee2707bdb4a2174008b6819e04b2f2a564e4bef5c2d6f8830e6dc9589f47349b,SCHEDULED_PUBLISHED_TIME_NOT_OBSERVED_RUNTIME,RECONSTRUCTED_FROM_OFFICIAL_PRIMARY_TIMETABLE,,,NO_HISTORICAL_GTFS_NAME_MATCH,NO_RESOLVED_GTFS_IDENTITY
PDF20260903:D150:P01:C14,D150,5,6,PESCATE (Torrette),16:53,1013,True,LECCO,MERATE,1,14,https://www.leccotrasporti.it/percorsi/estivo/linea-d150.pdf,ee2707bdb4a2174008b6819e04b2f2a564e4bef5c2d6f8830e6dc9589f47349b,SCHEDULED_PUBLISHED_TIME_NOT_OBSERVED_RUNTIME,RECONSTRUCTED_FROM_OFFICIAL_PRIMARY_TIMETABLE,,,AMBIGUOUS_HISTORICAL_GTFS,NO_RESOLVED_GTFS_IDENTITY
PDF20260903:D150:P01:C14,D150,6,8,GARLATE (Municipio),16:57,1017,True,LECCO,MERATE,1,14,https://www.leccotrasporti.it/percorsi/estivo/linea-d150.pdf,ee2707bdb4a2174008b6819e04b2f2a564e4bef5c2d6f8830e6dc9589f47349b,SCHEDULED_PUBLISHED_TIME_NOT_OBSERVED_RUNTIME,RECONSTRUCTED_FROM_OFFICIAL_PRIMARY_TIMETABLE,,,AMBIGUOUS_HISTORICAL_GTFS,NO_RESOLVED_GTFS_IDENTITY
PDF20260903:D150:P01:C14,D150,7,9,OLGINATE (Ponte),16:59,1019,True,LECCO,MERATE,1,14,https://www.leccotrasporti.it/percorsi/estivo/linea-d150.pdf,ee2707bdb4a2174008b6819e04b2f2a564e4bef5c2d6f8830e6dc9589f47349b,SCHEDULED_PUBLISHED_TIME_NOT_OBSERVED_RUNTIME,RECONSTRUCTED_FROM_OFFICIAL_PRIMARY_TIMETABLE,,,AMBIGUOUS_HISTORICAL_GTFS,NO_RESOLVED_GTFS_IDENTITY
PDF20260903:D150:P01:C14,D150,8,10,CALOLZIO F.S.,17:03,1023,True,LECCO,MERATE,1,14,https://www.leccotrasporti.it/percorsi/estivo/linea-d150.pdf,ee2707bdb4a2174008b6819e04b2f2a564e4bef5c2d6f8830e6dc9589f47349b,SCHEDULED_PUBLISHED_TIME_NOT_OBSERVED_RUNTIME,RECONSTRUCTED_FROM_OFFICIAL_PRIMARY_TIMETABLE,,,NO_HISTORICAL_GTFS_NAME_MATCH,NO_RESOLVED_GTFS_IDENTITY
PDF20260903:D150:P01:C14,D150,9,12,OLGINATE (Ponte),17:07,1027,True,LECCO,MERATE,1,14,https://www.leccotrasporti.it/percorsi/estivo/linea-d150.pdf,ee2707bdb4a2174008b6819e04b2f2a564e4bef5c2d6f8830e6dc9589f47349b,SCHEDULED_PUBLISHED_TIME_NOT_OBSERVED_RUNTIME,RECONSTRUCTED_FROM_OFFICIAL_PRIMARY_TIMETABLE,,,AMBIGUOUS_HISTORICAL_GTFS,NO_RESOLVED_GTFS_IDENTITY
PDF20260903:D150:P01:C14,D150,10,13,OLGINATE (Chiesa),17:08,1028,True,LECCO,MERATE,1,14,https://www.leccotrasporti.it/percorsi/estivo/linea-d150.pdf,ee2707bdb4a2174008b6819e04b2f2a564e4bef5c2d6f8830e6dc9589f47349b,SCHEDULED_PUBLISHED_TIME_NOT_OBSERVED_RUNTIME,RECONSTRUCTED_FROM_OFFICIAL_PRIMARY_TIMETABLE,,,AMBIGUOUS_HISTORICAL_GTFS,NO_RESOLVED_GTFS_IDENTITY
PDF20260903:D150:P01:C14,D150,11,14,OLGINATE (P.Villa),17:12,1032,True,LECCO,MERATE,1,14,https://www.leccotrasporti.it/percorsi/estivo/linea-d150.pdf,ee2707bdb4a2174008b6819e04b2f2a564e4bef5c2d6f8830e6dc9589f47349b,SCHEDULED_PUBLISHED_TIME_NOT_OBSERVED_RUNTIME,RECONSTRUCTED_FROM_OFFICIAL_PRIMARY_TIMETABLE,,,AMBIGUOUS_HISTORICAL_GTFS,NO_RESOLVED_GTFS_IDENTITY
PDF20260903:D150:P01:C14,D150,12,15,OLGINATE (Capiate),17:15,1035,True,LECCO,MERATE,1,14,https://www.leccotrasporti.it/percorsi/estivo/linea-d150.pdf,ee2707bdb4a2174008b6819e04b2f2a564e4bef5c2d6f8830e6dc9589f47349b,SCHEDULED_PUBLISHED_TIME_NOT_OBSERVED_RUNTIME,RECONSTRUCTED_FROM_OFFICIAL_PRIMARY_TIMETABLE,L00852,,RESOLVED_ROUTE_NAME_UNIQUE,GTFS_IDENTIFIED_NOT_IN_V1_STOP_UNIVERSE
PDF20260903:D150:P01:C14,D150,13,16,VILLA S.CARLO,17:17,1037,True,LECCO,MERATE,1,14,https://www.leccotrasporti.it/percorsi/estivo/linea-d150.pdf,ee2707bdb4a2174008b6819e04b2f2a564e4bef5c2d6f8830e6dc9589f47349b,SCHEDULED_PUBLISHED_TIME_NOT_OBSERVED_RUNTIME,RECONSTRUCTED_FROM_OFFICIAL_PRIMARY_TIMETABLE,,,AMBIGUOUS_HISTORICAL_GTFS,NO_RESOLVED_GTFS_IDENTITY
PDF20260903:D150:P01:C14,D150,14,17,VALGREGHENTINO,17:22,1042,True,LECCO,MERATE,1,14,https://www.leccotrasporti.it/percorsi/estivo/linea-d150.pdf,ee2707bdb4a2174008b6819e04b2f2a564e4bef5c2d6f8830e6dc9589f47349b,SCHEDULED_PUBLISHED_TIME_NOT_OBSERVED_RUNTIME,RECONSTRUCTED_FROM_OFFICIAL_PRIMARY_TIMETABLE,,,AMBIGUOUS_HISTORICAL_GTFS,NO_RESOLVED_GTFS_IDENTITY
PDF20260903:D150:P01:C15,D150,1,2,LECCO Meridiane,16:35,995,False,LECCO,MERATE,1,15,https://www.leccotrasporti.it/percorsi/estivo/linea-d150.pdf,ee2707bdb4a2174008b6819e04b2f2a564e4bef5c2d6f8830e6dc9589f47349b,SCHEDULED_PUBLISHED_TIME_NOT_OBSERVED_RUNTIME,RECONSTRUCTED_FROM_OFFICIAL_PRIMARY_TIMETABLE,,,AMBIGUOUS_HISTORICAL_GTFS,NO_RESOLVED_GTFS_IDENTITY
PDF20260903:D150:P01:C15,D150,2,3,LECCO FS (Via Montello),16:40,1000,False,LECCO,MERATE,1,15,https://www.leccotrasporti.it/percorsi/estivo/linea-d150.pdf,ee2707bdb4a2174008b6819e04b2f2a564e4bef5c2d6f8830e6dc9589f47349b,SCHEDULED_PUBLISHED_TIME_NOT_OBSERVED_RUNTIME,RECONSTRUCTED_FROM_OFFICIAL_PRIMARY_TIMETABLE,,,NO_HISTORICAL_GTFS_NAME_MATCH,NO_RESOLVED_GTFS_IDENTITY
PDF20260903:D150:P01:C15,D150,3,4,PESCATE Cariboni,16:50,1010,False,LECCO,MERATE,1,15,https://www.leccotrasporti.it/percorsi/estivo/linea-d150.pdf,ee2707bdb4a2174008b6819e04b2f2a564e4bef5c2d6f8830e6dc9589f47349b,SCHEDULED_PUBLISHED_TIME_NOT_OBSERVED_RUNTIME,RECONSTRUCTED_FROM_OFFICIAL_PRIMARY_TIMETABLE,,,AMBIGUOUS_HISTORICAL_GTFS,NO_RESOLVED_GTFS_IDENTITY
PDF20260903:D150:P01:C15,D150,4,5,PESCATE 3° Ponte,16:51,1011,False,LECCO,MERATE,1,15,https://www.leccotrasporti.it/percorsi/estivo/linea-d150.pdf,ee2707bdb4a2174008b6819e04b2f2a564e4bef5c2d6f8830e6dc9589f47349b,SCHEDULED_PUBLISHED_TIME_NOT_OBSERVED_RUNTIME,RECONSTRUCTED_FROM_OFFICIAL_PRIMARY_TIMETABLE,,,NO_HISTORICAL_GTFS_NAME_MATCH,NO_RESOLVED_GTFS_IDENTITY
PDF20260903:D150:P01:C15,D150,5,6,PESCATE (Torrette),16:53,1013,False,LECCO,MERATE,1,15,https://www.leccotrasporti.it/percorsi/estivo/linea-d150.pdf,ee2707bdb4a2174008b6819e04b2f2a564e4bef5c2d6f8830e6dc9589f47349b,SCHEDULED_PUBLISHED_TIME_NOT_OBSERVED_RUNTIME,RECONSTRUCTED_FROM_OFFICIAL_PRIMARY_TIMETABLE,,,AMBIGUOUS_HISTORICAL_GTFS,NO_RESOLVED_GTFS_IDENTITY
PDF20260903:D150:P01:C15,D150,6,8,GARLATE (Municipio),16:57,1017,False,LECCO,MERATE,1,15,https://www.leccotrasporti.it/percorsi/estivo/linea-d150.pdf,ee2707bdb4a2174008b6819e04b2f2a564e4bef5c2d6f8830e6dc9589f47349b,SCHEDULED_PUBLISHED_TIME_NOT_OBSERVED_RUNTIME,RECONSTRUCTED_FROM_OFFICIAL_PRIMARY_TIMETABLE,,,AMBIGUOUS_HISTORICAL_GTFS,NO_RESOLVED_GTFS_IDENTITY
PDF20260903:D150:P01:C15,D150,7,9,OLGINATE (Ponte),16:59,1019,False,LECCO,MERATE,1,15,https://www.leccotrasporti.it/percorsi/estivo/linea-d150.pdf,ee2707bdb4a2174008b6819e04b2f2a564e4bef5c2d6f8830e6dc9589f47349b,SCHEDULED_PUBLISHED_TIME_NOT_OBSERVED_RUNTIME,RECONSTRUCTED_FROM_OFFICIAL_PRIMARY_TIMETABLE,,,AMBIGUOUS_HISTORICAL_GTFS,NO_RESOLVED_GTFS_IDENTITY
PDF20260903:D150:P01:C15,D150,8,10,CALOLZIO F.S.,17:03,1023,False,LECCO,MERATE,1,15,https://www.leccotrasporti.it/percorsi/estivo/linea-d150.pdf,ee2707bdb4a2174008b6819e04b2f2a564e4bef5c2d6f8830e6dc9589f47349b,SCHEDULED_PUBLISHED_TIME_NOT_OBSERVED_RUNTIME,RECONSTRUCTED_FROM_OFFICIAL_PRIMARY_TIMETABLE,,,NO_HISTORICAL_GTFS_NAME_MATCH,NO_RESOLVED_GTFS_IDENTITY
PDF20260903:D150:P01:C15,D150,9,12,OLGINATE (Ponte),17:07,1027,False,LECCO,MERATE,1,15,https://www.leccotrasporti.it/percorsi/estivo/linea-d150.pdf,ee2707bdb4a2174008b6819e04b2f2a564e4bef5c2d6f8830e6dc9589f47349b,SCHEDULED_PUBLISHED_TIME_NOT_OBSERVED_RUNTIME,RECONSTRUCTED_FROM_OFFICIAL_PRIMARY_TIMETABLE,,,AMBIGUOUS_HISTORICAL_GTFS,NO_RESOLVED_GTFS_IDENTITY
PDF20260903:D150:P01:C15,D150,10,13,OLGINATE (Chiesa),17:08,1028,False,LECCO,MERATE,1,15,https://www.leccotrasporti.it/percorsi/estivo/linea-d150.pdf,ee2707bdb4a2174008b6819e04b2f2a564e4bef5c2d6f8830e6dc9589f47349b,SCHEDULED_PUBLISHED_TIME_NOT_OBSERVED_RUNTIME,RECONSTRUCTED_FROM_OFFICIAL_PRIMARY_TIMETABLE,,,AMBIGUOUS_HISTORICAL_GTFS,NO_RESOLVED_GTFS_IDENTITY
PDF20260903:D150:P01:C15,D150,11,14,OLGINATE (P.Villa),17:12,1032,False,LECCO,MERATE,1,15,https://www.leccotrasporti.it/percorsi/estivo/linea-d150.pdf,ee2707bdb4a2174008b6819e04b2f2a564e4bef5c2d6f8830e6dc9589f47349b,SCHEDULED_PUBLISHED_TIME_NOT_OBSERVED_RUNTIME,RECONSTRUCTED_FROM_OFFICIAL_PRIMARY_TIMETABLE,,,AMBIGUOUS_HISTORICAL_GTFS,NO_RESOLVED_GTFS_IDENTITY
PDF20260903:D150:P01:C15,D150,12,15,OLGINATE (Capiate),17:15,1035,False,LECCO,MERATE,1,15,https://www.leccotrasporti.it/percorsi/estivo/linea-d150.pdf,ee2707bdb4a2174008b6819e04b2f2a564e4bef5c2d6f8830e6dc9589f47349b,SCHEDULED_PUBLISHED_TIME_NOT_OBSERVED_RUNTIME,RECONSTRUCTED_FROM_OFFICIAL_PRIMARY_TIMETABLE,L00852,,RESOLVED_ROUTE_NAME_UNIQUE,GTFS_IDENTIFIED_NOT_IN_V1_STOP_UNIVERSE
PDF20260903:D150:P01:C15,D150,13,16,VILLA S.CARLO,17:17,1037,False,LECCO,MERATE,1,15,https://www.leccotrasporti.it/percorsi/estivo/linea-d150.pdf,ee2707bdb4a2174008b6819e04b2f2a564e4bef5c2d6f8830e6dc9589f47349b,SCHEDULED_PUBLISHED_TIME_NOT_OBSERVED_RUNTIME,RECONSTRUCTED_FROM_OFFICIAL_PRIMARY_TIMETABLE,,,AMBIGUOUS_HISTORICAL_GTFS,NO_RESOLVED_GTFS_IDENTITY
PDF20260903:D150:P01:C15,D150,14,17,VALGREGHENTINO,17:22,1042,False,LECCO,MERATE,1,15,https://www.leccotrasporti.it/percorsi/estivo/linea-d150.pdf,ee2707bdb4a2174008b6819e04b2f2a564e4bef5c2d6f8830e6dc9589f47349b,SCHEDULED_PUBLISHED_TIME_NOT_OBSERVED_RUNTIME,RECONSTRUCTED_FROM_OFFICIAL_PRIMARY_TIMETABLE,,,AMBIGUOUS_HISTORICAL_GTFS,NO_RESOLVED_GTFS_IDENTITY
PDF20260903:D150:P01:C16,D150,1,2,LECCO Meridiane,18:45,1125,True,LECCO,MERATE,1,16,https://www.leccotrasporti.it/percorsi/estivo/linea-d150.pdf,ee2707bdb4a2174008b6819e04b2f2a564e4bef5c2d6f8830e6dc9589f47349b,SCHEDULED_PUBLISHED_TIME_NOT_OBSERVED_RUNTIME,RECONSTRUCTED_FROM_OFFICIAL_PRIMARY_TIMETABLE,,,AMBIGUOUS_HISTORICAL_GTFS,NO_RESOLVED_GTFS_IDENTITY
PDF20260903:D150:P01:C16,D150,2,3,LECCO FS (Via Montello),18:50,1130,True,LECCO,MERATE,1,16,https://www.leccotrasporti.it/percorsi/estivo/linea-d150.pdf,ee2707bdb4a2174008b6819e04b2f2a564e4bef5c2d6f8830e6dc9589f47349b,SCHEDULED_PUBLISHED_TIME_NOT_OBSERVED_RUNTIME,RECONSTRUCTED_FROM_OFFICIAL_PRIMARY_TIMETABLE,,,NO_HISTORICAL_GTFS_NAME_MATCH,NO_RESOLVED_GTFS_IDENTITY
PDF20260903:D150:P01:C16,D150,3,4,PESCATE Cariboni,19:00,1140,True,LECCO,MERATE,1,16,https://www.leccotrasporti.it/percorsi/estivo/linea-d150.pdf,ee2707bdb4a2174008b6819e04b2f2a564e4bef5c2d6f8830e6dc9589f47349b,SCHEDULED_PUBLISHED_TIME_NOT_OBSERVED_RUNTIME,RECONSTRUCTED_FROM_OFFICIAL_PRIMARY_TIMETABLE,,,AMBIGUOUS_HISTORICAL_GTFS,NO_RESOLVED_GTFS_IDENTITY
PDF20260903:D150:P01:C16,D150,4,5,PESCATE 3° Ponte,19:01,1141,True,LECCO,MERATE,1,16,https://www.leccotrasporti.it/percorsi/estivo/linea-d150.pdf,ee2707bdb4a2174008b6819e04b2f2a564e4bef5c2d6f8830e6dc9589f47349b,SCHEDULED_PUBLISHED_TIME_NOT_OBSERVED_RUNTIME,RECONSTRUCTED_FROM_OFFICIAL_PRIMARY_TIMETABLE,,,NO_HISTORICAL_GTFS_NAME_MATCH,NO_RESOLVED_GTFS_IDENTITY
PDF20260903:D150:P01:C16,D150,5,6,PESCATE (Torrette),19:03,1143,True,LECCO,MERATE,1,16,https://www.leccotrasporti.it/percorsi/estivo/linea-d150.pdf,ee2707bdb4a2174008b6819e04b2f2a564e4bef5c2d6f8830e6dc9589f47349b,SCHEDULED_PUBLISHED_TIME_NOT_OBSERVED_RUNTIME,RECONSTRUCTED_FROM_OFFICIAL_PRIMARY_TIMETABLE,,,AMBIGUOUS_HISTORICAL_GTFS,NO_RESOLVED_GTFS_IDENTITY
PDF20260903:D150:P01:C16,D150,6,8,GARLATE (Municipio),19:07,1147,True,LECCO,MERATE,1,16,https://www.leccotrasporti.it/percorsi/estivo/linea-d150.pdf,ee2707bdb4a2174008b6819e04b2f2a564e4bef5c2d6f8830e6dc9589f47349b,SCHEDULED_PUBLISHED_TIME_NOT_OBSERVED_RUNTIME,RECONSTRUCTED_FROM_OFFICIAL_PRIMARY_TIMETABLE,,,AMBIGUOUS_HISTORICAL_GTFS,NO_RESOLVED_GTFS_IDENTITY
PDF20260903:D150:P01:C16,D150,7,9,OLGINATE (Ponte),19:09,1149,True,LECCO,MERATE,1,16,https://www.leccotrasporti.it/percorsi/estivo/linea-d150.pdf,ee2707bdb4a2174008b6819e04b2f2a564e4bef5c2d6f8830e6dc9589f47349b,SCHEDULED_PUBLISHED_TIME_NOT_OBSERVED_RUNTIME,RECONSTRUCTED_FROM_OFFICIAL_PRIMARY_TIMETABLE,,,AMBIGUOUS_HISTORICAL_GTFS,NO_RESOLVED_GTFS_IDENTITY
PDF20260903:D150:P01:C16,D150,8,10,CALOLZIO F.S.,19:13,1153,True,LECCO,MERATE,1,16,https://www.leccotrasporti.it/percorsi/estivo/linea-d150.pdf,ee2707bdb4a2174008b6819e04b2f2a564e4bef5c2d6f8830e6dc9589f47349b,SCHEDULED_PUBLISHED_TIME_NOT_OBSERVED_RUNTIME,RECONSTRUCTED_FROM_OFFICIAL_PRIMARY_TIMETABLE,,,NO_HISTORICAL_GTFS_NAME_MATCH,NO_RESOLVED_GTFS_IDENTITY
PDF20260903:D150:P01:C16,D150,9,12,OLGINATE (Ponte),19:17,1157,True,LECCO,MERATE,1,16,https://www.leccotrasporti.it/percorsi/estivo/linea-d150.pdf,ee2707bdb4a2174008b6819e04b2f2a564e4bef5c2d6f8830e6dc9589f47349b,SCHEDULED_PUBLISHED_TIME_NOT_OBSERVED_RUNTIME,RECONSTRUCTED_FROM_OFFICIAL_PRIMARY_TIMETABLE,,,AMBIGUOUS_HISTORICAL_GTFS,NO_RESOLVED_GTFS_IDENTITY
PDF20260903:D150:P01:C16,D150,10,13,OLGINATE (Chiesa),19:18,1158,True,LECCO,MERATE,1,16,https://www.leccotrasporti.it/percorsi/estivo/linea-d150.pdf,ee2707bdb4a2174008b6819e04b2f2a564e4bef5c2d6f8830e6dc9589f47349b,SCHEDULED_PUBLISHED_TIME_NOT_OBSERVED_RUNTIME,RECONSTRUCTED_FROM_OFFICIAL_PRIMARY_TIMETABLE,,,AMBIGUOUS_HISTORICAL_GTFS,NO_RESOLVED_GTFS_IDENTITY
PDF20260903:D150:P01:C16,D150,11,14,OLGINATE (P.Villa),19:22,1162,True,LECCO,MERATE,1,16,https://www.leccotrasporti.it/percorsi/estivo/linea-d150.pdf,ee2707bdb4a2174008b6819e04b2f2a564e4bef5c2d6f8830e6dc9589f47349b,SCHEDULED_PUBLISHED_TIME_NOT_OBSERVED_RUNTIME,RECONSTRUCTED_FROM_OFFICIAL_PRIMARY_TIMETABLE,,,AMBIGUOUS_HISTORICAL_GTFS,NO_RESOLVED_GTFS_IDENTITY
PDF20260903:D150:P01:C16,D150,12,15,OLGINATE (Capiate),19:25,1165,True,LECCO,MERATE,1,16,https://www.leccotrasporti.it/percorsi/estivo/linea-d150.pdf,ee2707bdb4a2174008b6819e04b2f2a564e4bef5c2d6f8830e6dc9589f47349b,SCHEDULED_PUBLISHED_TIME_NOT_OBSERVED_RUNTIME,RECONSTRUCTED_FROM_OFFICIAL_PRIMARY_TIMETABLE,L00852,,RESOLVED_ROUTE_NAME_UNIQUE,GTFS_IDENTIFIED_NOT_IN_V1_STOP_UNIVERSE
PDF20260903:D150:P01:C16,D150,13,16,VILLA S.CARLO,19:27,1167,True,LECCO,MERATE,1,16,https://www.leccotrasporti.it/percorsi/estivo/linea-d150.pdf,ee2707bdb4a2174008b6819e04b2f2a564e4bef5c2d6f8830e6dc9589f47349b,SCHEDULED_PUBLISHED_TIME_NOT_OBSERVED_RUNTIME,RECONSTRUCTED_FROM_OFFICIAL_PRIMARY_TIMETABLE,,,AMBIGUOUS_HISTORICAL_GTFS,NO_RESOLVED_GTFS_IDENTITY
PDF20260903:D150:P01:C16,D150,14,17,VALGREGHENTINO,19:32,1172,True,LECCO,MERATE,1,16,https://www.leccotrasporti.it/percorsi/estivo/linea-d150.pdf,ee2707bdb4a2174008b6819e04b2f2a564e4bef5c2d6f8830e6dc9589f47349b,SCHEDULED_PUBLISHED_TIME_NOT_OBSERVED_RUNTIME,RECONSTRUCTED_FROM_OFFICIAL_PRIMARY_TIMETABLE,,,AMBIGUOUS_HISTORICAL_GTFS,NO_RESOLVED_GTFS_IDENTITY
PDF20260903:D150:P01:C17,D150,1,2,LECCO Meridiane,19:15,1155,False,LECCO,MERATE,1,17,https://www.leccotrasporti.it/percorsi/estivo/linea-d150.pdf,ee2707bdb4a2174008b6819e04b2f2a564e4bef5c2d6f8830e6dc9589f47349b,SCHEDULED_PUBLISHED_TIME_NOT_OBSERVED_RUNTIME,RECONSTRUCTED_FROM_OFFICIAL_PRIMARY_TIMETABLE,,,AMBIGUOUS_HISTORICAL_GTFS,NO_RESOLVED_GTFS_IDENTITY
PDF20260903:D150:P01:C17,D150,2,3,LECCO FS (Via Montello),19:20,1160,False,LECCO,MERATE,1,17,https://www.leccotrasporti.it/percorsi/estivo/linea-d150.pdf,ee2707bdb4a2174008b6819e04b2f2a564e4bef5c2d6f8830e6dc9589f47349b,SCHEDULED_PUBLISHED_TIME_NOT_OBSERVED_RUNTIME,RECONSTRUCTED_FROM_OFFICIAL_PRIMARY_TIMETABLE,,,NO_HISTORICAL_GTFS_NAME_MATCH,NO_RESOLVED_GTFS_IDENTITY
PDF20260903:D150:P01:C17,D150,3,4,PESCATE Cariboni,19:30,1170,False,LECCO,MERATE,1,17,https://www.leccotrasporti.it/percorsi/estivo/linea-d150.pdf,ee2707bdb4a2174008b6819e04b2f2a564e4bef5c2d6f8830e6dc9589f47349b,SCHEDULED_PUBLISHED_TIME_NOT_OBSERVED_RUNTIME,RECONSTRUCTED_FROM_OFFICIAL_PRIMARY_TIMETABLE,,,AMBIGUOUS_HISTORICAL_GTFS,NO_RESOLVED_GTFS_IDENTITY
PDF20260903:D150:P01:C17,D150,4,5,PESCATE 3° Ponte,19:31,1171,False,LECCO,MERATE,1,17,https://www.leccotrasporti.it/percorsi/estivo/linea-d150.pdf,ee2707bdb4a2174008b6819e04b2f2a564e4bef5c2d6f8830e6dc9589f47349b,SCHEDULED_PUBLISHED_TIME_NOT_OBSERVED_RUNTIME,RECONSTRUCTED_FROM_OFFICIAL_PRIMARY_TIMETABLE,,,NO_HISTORICAL_GTFS_NAME_MATCH,NO_RESOLVED_GTFS_IDENTITY
PDF20260903:D150:P01:C17,D150,5,6,PESCATE (Torrette),19:34,1174,False,LECCO,MERATE,1,17,https://www.leccotrasporti.it/percorsi/estivo/linea-d150.pdf,ee2707bdb4a2174008b6819e04b2f2a564e4bef5c2d6f8830e6dc9589f47349b,SCHEDULED_PUBLISHED_TIME_NOT_OBSERVED_RUNTIME,RECONSTRUCTED_FROM_OFFICIAL_PRIMARY_TIMETABLE,,,AMBIGUOUS_HISTORICAL_GTFS,NO_RESOLVED_GTFS_IDENTITY
PDF20260903:D150:P01:C17,D150,6,8,GARLATE (Municipio),19:37,1177,False,LECCO,MERATE,1,17,https://www.leccotrasporti.it/percorsi/estivo/linea-d150.pdf,ee2707bdb4a2174008b6819e04b2f2a564e4bef5c2d6f8830e6dc9589f47349b,SCHEDULED_PUBLISHED_TIME_NOT_OBSERVED_RUNTIME,RECONSTRUCTED_FROM_OFFICIAL_PRIMARY_TIMETABLE,,,AMBIGUOUS_HISTORICAL_GTFS,NO_RESOLVED_GTFS_IDENTITY
PDF20260903:D150:P01:C17,D150,7,13,OLGINATE (Chiesa),19:40,1180,False,LECCO,MERATE,1,17,https://www.leccotrasporti.it/percorsi/estivo/linea-d150.pdf,ee2707bdb4a2174008b6819e04b2f2a564e4bef5c2d6f8830e6dc9589f47349b,SCHEDULED_PUBLISHED_TIME_NOT_OBSERVED_RUNTIME,RECONSTRUCTED_FROM_OFFICIAL_PRIMARY_TIMETABLE,,,AMBIGUOUS_HISTORICAL_GTFS,NO_RESOLVED_GTFS_IDENTITY
PDF20260903:D150:P01:C17,D150,8,14,OLGINATE (P.Villa),19:43,1183,False,LECCO,MERATE,1,17,https://www.leccotrasporti.it/percorsi/estivo/linea-d150.pdf,ee2707bdb4a2174008b6819e04b2f2a564e4bef5c2d6f8830e6dc9589f47349b,SCHEDULED_PUBLISHED_TIME_NOT_OBSERVED_RUNTIME,RECONSTRUCTED_FROM_OFFICIAL_PRIMARY_TIMETABLE,,,AMBIGUOUS_HISTORICAL_GTFS,NO_RESOLVED_GTFS_IDENTITY
PDF20260903:D150:P01:C17,D150,9,15,OLGINATE (Capiate),19:47,1187,False,LECCO,MERATE,1,17,https://www.leccotrasporti.it/percorsi/estivo/linea-d150.pdf,ee2707bdb4a2174008b6819e04b2f2a564e4bef5c2d6f8830e6dc9589f47349b,SCHEDULED_PUBLISHED_TIME_NOT_OBSERVED_RUNTIME,RECONSTRUCTED_FROM_OFFICIAL_PRIMARY_TIMETABLE,L00852,,RESOLVED_ROUTE_NAME_UNIQUE,GTFS_IDENTIFIED_NOT_IN_V1_STOP_UNIVERSE
PDF20260903:D150:P01:C17,D150,10,16,VILLA S.CARLO,19:49,1189,False,LECCO,MERATE,1,17,https://www.leccotrasporti.it/percorsi/estivo/linea-d150.pdf,ee2707bdb4a2174008b6819e04b2f2a564e4bef5c2d6f8830e6dc9589f47349b,SCHEDULED_PUBLISHED_TIME_NOT_OBSERVED_RUNTIME,RECONSTRUCTED_FROM_OFFICIAL_PRIMARY_TIMETABLE,,,AMBIGUOUS_HISTORICAL_GTFS,NO_RESOLVED_GTFS_IDENTITY
PDF20260903:D150:P01:C17,D150,11,17,VALGREGHENTINO,19:53,1193,False,LECCO,MERATE,1,17,https://www.leccotrasporti.it/percorsi/estivo/linea-d150.pdf,ee2707bdb4a2174008b6819e04b2f2a564e4bef5c2d6f8830e6dc9589f47349b,SCHEDULED_PUBLISHED_TIME_NOT_OBSERVED_RUNTIME,RECONSTRUCTED_FROM_OFFICIAL_PRIMARY_TIMETABLE,,,AMBIGUOUS_HISTORICAL_GTFS,NO_RESOLVED_GTFS_IDENTITY
PDF20260903:D150:P01:C18,D150,1,2,LECCO Meridiane,19:15,1155,True,LECCO,MERATE,1,18,https://www.leccotrasporti.it/percorsi/estivo/linea-d150.pdf,ee2707bdb4a2174008b6819e04b2f2a564e4bef5c2d6f8830e6dc9589f47349b,SCHEDULED_PUBLISHED_TIME_NOT_OBSERVED_RUNTIME,RECONSTRUCTED_FROM_OFFICIAL_PRIMARY_TIMETABLE,,,AMBIGUOUS_HISTORICAL_GTFS,NO_RESOLVED_GTFS_IDENTITY
PDF20260903:D150:P01:C18,D150,2,3,LECCO FS (Via Montello),19:20,1160,True,LECCO,MERATE,1,18,https://www.leccotrasporti.it/percorsi/estivo/linea-d150.pdf,ee2707bdb4a2174008b6819e04b2f2a564e4bef5c2d6f8830e6dc9589f47349b,SCHEDULED_PUBLISHED_TIME_NOT_OBSERVED_RUNTIME,RECONSTRUCTED_FROM_OFFICIAL_PRIMARY_TIMETABLE,,,NO_HISTORICAL_GTFS_NAME_MATCH,NO_RESOLVED_GTFS_IDENTITY
PDF20260903:D150:P01:C18,D150,3,4,PESCATE Cariboni,19:30,1170,True,LECCO,MERATE,1,18,https://www.leccotrasporti.it/percorsi/estivo/linea-d150.pdf,ee2707bdb4a2174008b6819e04b2f2a564e4bef5c2d6f8830e6dc9589f47349b,SCHEDULED_PUBLISHED_TIME_NOT_OBSERVED_RUNTIME,RECONSTRUCTED_FROM_OFFICIAL_PRIMARY_TIMETABLE,,,AMBIGUOUS_HISTORICAL_GTFS,NO_RESOLVED_GTFS_IDENTITY
PDF20260903:D150:P01:C18,D150,4,5,PESCATE 3° Ponte,19:31,1171,True,LECCO,MERATE,1,18,https://www.leccotrasporti.it/percorsi/estivo/linea-d150.pdf,ee2707bdb4a2174008b6819e04b2f2a564e4bef5c2d6f8830e6dc9589f47349b,SCHEDULED_PUBLISHED_TIME_NOT_OBSERVED_RUNTIME,RECONSTRUCTED_FROM_OFFICIAL_PRIMARY_TIMETABLE,,,NO_HISTORICAL_GTFS_NAME_MATCH,NO_RESOLVED_GTFS_IDENTITY
PDF20260903:D150:P01:C18,D150,5,6,PESCATE (Torrette),19:34,1174,True,LECCO,MERATE,1,18,https://www.leccotrasporti.it/percorsi/estivo/linea-d150.pdf,ee2707bdb4a2174008b6819e04b2f2a564e4bef5c2d6f8830e6dc9589f47349b,SCHEDULED_PUBLISHED_TIME_NOT_OBSERVED_RUNTIME,RECONSTRUCTED_FROM_OFFICIAL_PRIMARY_TIMETABLE,,,AMBIGUOUS_HISTORICAL_GTFS,NO_RESOLVED_GTFS_IDENTITY
PDF20260903:D150:P01:C18,D150,6,8,GARLATE (Municipio),19:38,1178,True,LECCO,MERATE,1,18,https://www.leccotrasporti.it/percorsi/estivo/linea-d150.pdf,ee2707bdb4a2174008b6819e04b2f2a564e4bef5c2d6f8830e6dc9589f47349b,SCHEDULED_PUBLISHED_TIME_NOT_OBSERVED_RUNTIME,RECONSTRUCTED_FROM_OFFICIAL_PRIMARY_TIMETABLE,,,AMBIGUOUS_HISTORICAL_GTFS,NO_RESOLVED_GTFS_IDENTITY
PDF20260903:D150:P01:C18,D150,7,9,OLGINATE (Ponte),19:40,1180,True,LECCO,MERATE,1,18,https://www.leccotrasporti.it/percorsi/estivo/linea-d150.pdf,ee2707bdb4a2174008b6819e04b2f2a564e4bef5c2d6f8830e6dc9589f47349b,SCHEDULED_PUBLISHED_TIME_NOT_OBSERVED_RUNTIME,RECONSTRUCTED_FROM_OFFICIAL_PRIMARY_TIMETABLE,,,AMBIGUOUS_HISTORICAL_GTFS,NO_RESOLVED_GTFS_IDENTITY
PDF20260903:D150:P01:C18,D150,8,10,CALOLZIO F.S.,19:44,1184,True,LECCO,MERATE,1,18,https://www.leccotrasporti.it/percorsi/estivo/linea-d150.pdf,ee2707bdb4a2174008b6819e04b2f2a564e4bef5c2d6f8830e6dc9589f47349b,SCHEDULED_PUBLISHED_TIME_NOT_OBSERVED_RUNTIME,RECONSTRUCTED_FROM_OFFICIAL_PRIMARY_TIMETABLE,,,NO_HISTORICAL_GTFS_NAME_MATCH,NO_RESOLVED_GTFS_IDENTITY
PDF20260903:D150:P01:C18,D150,9,12,OLGINATE (Ponte),19:48,1188,True,LECCO,MERATE,1,18,https://www.leccotrasporti.it/percorsi/estivo/linea-d150.pdf,ee2707bdb4a2174008b6819e04b2f2a564e4bef5c2d6f8830e6dc9589f47349b,SCHEDULED_PUBLISHED_TIME_NOT_OBSERVED_RUNTIME,RECONSTRUCTED_FROM_OFFICIAL_PRIMARY_TIMETABLE,,,AMBIGUOUS_HISTORICAL_GTFS,NO_RESOLVED_GTFS_IDENTITY
PDF20260903:D150:P01:C18,D150,10,13,OLGINATE (Chiesa),19:49,1189,True,LECCO,MERATE,1,18,https://www.leccotrasporti.it/percorsi/estivo/linea-d150.pdf,ee2707bdb4a2174008b6819e04b2f2a564e4bef5c2d6f8830e6dc9589f47349b,SCHEDULED_PUBLISHED_TIME_NOT_OBSERVED_RUNTIME,RECONSTRUCTED_FROM_OFFICIAL_PRIMARY_TIMETABLE,,,AMBIGUOUS_HISTORICAL_GTFS,NO_RESOLVED_GTFS_IDENTITY
PDF20260903:D150:P01:C18,D150,11,14,OLGINATE (P.Villa),19:52,1192,True,LECCO,MERATE,1,18,https://www.leccotrasporti.it/percorsi/estivo/linea-d150.pdf,ee2707bdb4a2174008b6819e04b2f2a564e4bef5c2d6f8830e6dc9589f47349b,SCHEDULED_PUBLISHED_TIME_NOT_OBSERVED_RUNTIME,RECONSTRUCTED_FROM_OFFICIAL_PRIMARY_TIMETABLE,,,AMBIGUOUS_HISTORICAL_GTFS,NO_RESOLVED_GTFS_IDENTITY
PDF20260903:D150:P01:C18,D150,12,15,OLGINATE (Capiate),19:56,1196,True,LECCO,MERATE,1,18,https://www.leccotrasporti.it/percorsi/estivo/linea-d150.pdf,ee2707bdb4a2174008b6819e04b2f2a564e4bef5c2d6f8830e6dc9589f47349b,SCHEDULED_PUBLISHED_TIME_NOT_OBSERVED_RUNTIME,RECONSTRUCTED_FROM_OFFICIAL_PRIMARY_TIMETABLE,L00852,,RESOLVED_ROUTE_NAME_UNIQUE,GTFS_IDENTIFIED_NOT_IN_V1_STOP_UNIVERSE
PDF20260903:D150:P01:C18,D150,13,16,VILLA S.CARLO,19:58,1198,True,LECCO,MERATE,1,18,https://www.leccotrasporti.it/percorsi/estivo/linea-d150.pdf,ee2707bdb4a2174008b6819e04b2f2a564e4bef5c2d6f8830e6dc9589f47349b,SCHEDULED_PUBLISHED_TIME_NOT_OBSERVED_RUNTIME,RECONSTRUCTED_FROM_OFFICIAL_PRIMARY_TIMETABLE,,,AMBIGUOUS_HISTORICAL_GTFS,NO_RESOLVED_GTFS_IDENTITY
PDF20260903:D150:P01:C18,D150,14,17,VALGREGHENTINO,20:02,1202,True,LECCO,MERATE,1,18,https://www.leccotrasporti.it/percorsi/estivo/linea-d150.pdf,ee2707bdb4a2174008b6819e04b2f2a564e4bef5c2d6f8830e6dc9589f47349b,SCHEDULED_PUBLISHED_TIME_NOT_OBSERVED_RUNTIME,RECONSTRUCTED_FROM_OFFICIAL_PRIMARY_TIMETABLE,,,AMBIGUOUS_HISTORICAL_GTFS,NO_RESOLVED_GTFS_IDENTITY
PDF20260903:D150:P02:C01,D150,1,11,VALGREGHENTINO,05:20,320,True,MERATE,LECCO,2,1,https://www.leccotrasporti.it/percorsi/estivo/linea-d150.pdf,ee2707bdb4a2174008b6819e04b2f2a564e4bef5c2d6f8830e6dc9589f47349b,SCHEDULED_PUBLISHED_TIME_NOT_OBSERVED_RUNTIME,RECONSTRUCTED_FROM_OFFICIAL_PRIMARY_TIMETABLE,,,AMBIGUOUS_HISTORICAL_GTFS,NO_RESOLVED_GTFS_IDENTITY
PDF20260903:D150:P02:C01,D150,2,12,VILLA S.CARLO,05:25,325,True,MERATE,LECCO,2,1,https://www.leccotrasporti.it/percorsi/estivo/linea-d150.pdf,ee2707bdb4a2174008b6819e04b2f2a564e4bef5c2d6f8830e6dc9589f47349b,SCHEDULED_PUBLISHED_TIME_NOT_OBSERVED_RUNTIME,RECONSTRUCTED_FROM_OFFICIAL_PRIMARY_TIMETABLE,,,AMBIGUOUS_HISTORICAL_GTFS,NO_RESOLVED_GTFS_IDENTITY
PDF20260903:D150:P02:C01,D150,3,13,OLGINATE (Capiate),05:30,330,True,MERATE,LECCO,2,1,https://www.leccotrasporti.it/percorsi/estivo/linea-d150.pdf,ee2707bdb4a2174008b6819e04b2f2a564e4bef5c2d6f8830e6dc9589f47349b,SCHEDULED_PUBLISHED_TIME_NOT_OBSERVED_RUNTIME,RECONSTRUCTED_FROM_OFFICIAL_PRIMARY_TIMETABLE,L00852,,RESOLVED_ROUTE_NAME_UNIQUE,GTFS_IDENTIFIED_NOT_IN_V1_STOP_UNIVERSE
PDF20260903:D150:P02:C01,D150,4,14,OLGINATE (P.Villa),05:31,331,True,MERATE,LECCO,2,1,https://www.leccotrasporti.it/percorsi/estivo/linea-d150.pdf,ee2707bdb4a2174008b6819e04b2f2a564e4bef5c2d6f8830e6dc9589f47349b,SCHEDULED_PUBLISHED_TIME_NOT_OBSERVED_RUNTIME,RECONSTRUCTED_FROM_OFFICIAL_PRIMARY_TIMETABLE,,,AMBIGUOUS_HISTORICAL_GTFS,NO_RESOLVED_GTFS_IDENTITY
PDF20260903:D150:P02:C01,D150,5,15,OLGINATE (Chiesa),05:34,334,True,MERATE,LECCO,2,1,https://www.leccotrasporti.it/percorsi/estivo/linea-d150.pdf,ee2707bdb4a2174008b6819e04b2f2a564e4bef5c2d6f8830e6dc9589f47349b,SCHEDULED_PUBLISHED_TIME_NOT_OBSERVED_RUNTIME,RECONSTRUCTED_FROM_OFFICIAL_PRIMARY_TIMETABLE,,,AMBIGUOUS_HISTORICAL_GTFS,NO_RESOLVED_GTFS_IDENTITY
PDF20260903:D150:P02:C01,D150,6,20,GARLATE (Municipio),05:37,337,True,MERATE,LECCO,2,1,https://www.leccotrasporti.it/percorsi/estivo/linea-d150.pdf,ee2707bdb4a2174008b6819e04b2f2a564e4bef5c2d6f8830e6dc9589f47349b,SCHEDULED_PUBLISHED_TIME_NOT_OBSERVED_RUNTIME,RECONSTRUCTED_FROM_OFFICIAL_PRIMARY_TIMETABLE,,,AMBIGUOUS_HISTORICAL_GTFS,NO_RESOLVED_GTFS_IDENTITY
PDF20260903:D150:P02:C01,D150,7,22,PESCATE (Torrette),05:41,341,True,MERATE,LECCO,2,1,https://www.leccotrasporti.it/percorsi/estivo/linea-d150.pdf,ee2707bdb4a2174008b6819e04b2f2a564e4bef5c2d6f8830e6dc9589f47349b,SCHEDULED_PUBLISHED_TIME_NOT_OBSERVED_RUNTIME,RECONSTRUCTED_FROM_OFFICIAL_PRIMARY_TIMETABLE,,,AMBIGUOUS_HISTORICAL_GTFS,NO_RESOLVED_GTFS_IDENTITY
PDF20260903:D150:P02:C01,D150,8,23,PESCATE (Terzo Ponte),05:42,342,True,MERATE,LECCO,2,1,https://www.leccotrasporti.it/percorsi/estivo/linea-d150.pdf,ee2707bdb4a2174008b6819e04b2f2a564e4bef5c2d6f8830e6dc9589f47349b,SCHEDULED_PUBLISHED_TIME_NOT_OBSERVED_RUNTIME,RECONSTRUCTED_FROM_OFFICIAL_PRIMARY_TIMETABLE,,,AMBIGUOUS_HISTORICAL_GTFS,NO_RESOLVED_GTFS_IDENTITY
PDF20260903:D150:P02:C01,D150,9,24,PESCATE (Insirano),05:44,344,True,MERATE,LECCO,2,1,https://www.leccotrasporti.it/percorsi/estivo/linea-d150.pdf,ee2707bdb4a2174008b6819e04b2f2a564e4bef5c2d6f8830e6dc9589f47349b,SCHEDULED_PUBLISHED_TIME_NOT_OBSERVED_RUNTIME,RECONSTRUCTED_FROM_OFFICIAL_PRIMARY_TIMETABLE,,,AMBIGUOUS_HISTORICAL_GTFS,NO_RESOLVED_GTFS_IDENTITY
PDF20260903:D150:P02:C01,D150,10,25,MALGRATE (Porto),05:47,347,True,MERATE,LECCO,2,1,https://www.leccotrasporti.it/percorsi/estivo/linea-d150.pdf,ee2707bdb4a2174008b6819e04b2f2a564e4bef5c2d6f8830e6dc9589f47349b,SCHEDULED_PUBLISHED_TIME_NOT_OBSERVED_RUNTIME,RECONSTRUCTED_FROM_OFFICIAL_PRIMARY_TIMETABLE,,,NO_HISTORICAL_GTFS_NAME_MATCH,NO_RESOLVED_GTFS_IDENTITY
PDF20260903:D150:P02:C01,D150,11,26,LECCO FS (Via Sassi),05:54,354,True,MERATE,LECCO,2,1,https://www.leccotrasporti.it/percorsi/estivo/linea-d150.pdf,ee2707bdb4a2174008b6819e04b2f2a564e4bef5c2d6f8830e6dc9589f47349b,SCHEDULED_PUBLISHED_TIME_NOT_OBSERVED_RUNTIME,RECONSTRUCTED_FROM_OFFICIAL_PRIMARY_TIMETABLE,,,NO_HISTORICAL_GTFS_NAME_MATCH,NO_RESOLVED_GTFS_IDENTITY
PDF20260903:D150:P02:C01,D150,12,27,LECCO (P.zzale Meridiane),05:59,359,True,MERATE,LECCO,2,1,https://www.leccotrasporti.it/percorsi/estivo/linea-d150.pdf,ee2707bdb4a2174008b6819e04b2f2a564e4bef5c2d6f8830e6dc9589f47349b,SCHEDULED_PUBLISHED_TIME_NOT_OBSERVED_RUNTIME,RECONSTRUCTED_FROM_OFFICIAL_PRIMARY_TIMETABLE,,,NO_HISTORICAL_GTFS_NAME_MATCH,NO_RESOLVED_GTFS_IDENTITY
PDF20260903:D150:P02:C02,D150,1,11,VALGREGHENTINO,06:50,410,True,MERATE,LECCO,2,2,https://www.leccotrasporti.it/percorsi/estivo/linea-d150.pdf,ee2707bdb4a2174008b6819e04b2f2a564e4bef5c2d6f8830e6dc9589f47349b,SCHEDULED_PUBLISHED_TIME_NOT_OBSERVED_RUNTIME,RECONSTRUCTED_FROM_OFFICIAL_PRIMARY_TIMETABLE,,,AMBIGUOUS_HISTORICAL_GTFS,NO_RESOLVED_GTFS_IDENTITY
PDF20260903:D150:P02:C02,D150,2,12,VILLA S.CARLO,06:55,415,True,MERATE,LECCO,2,2,https://www.leccotrasporti.it/percorsi/estivo/linea-d150.pdf,ee2707bdb4a2174008b6819e04b2f2a564e4bef5c2d6f8830e6dc9589f47349b,SCHEDULED_PUBLISHED_TIME_NOT_OBSERVED_RUNTIME,RECONSTRUCTED_FROM_OFFICIAL_PRIMARY_TIMETABLE,,,AMBIGUOUS_HISTORICAL_GTFS,NO_RESOLVED_GTFS_IDENTITY
PDF20260903:D150:P02:C02,D150,3,13,OLGINATE (Capiate),07:00,420,True,MERATE,LECCO,2,2,https://www.leccotrasporti.it/percorsi/estivo/linea-d150.pdf,ee2707bdb4a2174008b6819e04b2f2a564e4bef5c2d6f8830e6dc9589f47349b,SCHEDULED_PUBLISHED_TIME_NOT_OBSERVED_RUNTIME,RECONSTRUCTED_FROM_OFFICIAL_PRIMARY_TIMETABLE,L00852,,RESOLVED_ROUTE_NAME_UNIQUE,GTFS_IDENTIFIED_NOT_IN_V1_STOP_UNIVERSE
PDF20260903:D150:P02:C02,D150,4,14,OLGINATE (P.Villa),07:01,421,True,MERATE,LECCO,2,2,https://www.leccotrasporti.it/percorsi/estivo/linea-d150.pdf,ee2707bdb4a2174008b6819e04b2f2a564e4bef5c2d6f8830e6dc9589f47349b,SCHEDULED_PUBLISHED_TIME_NOT_OBSERVED_RUNTIME,RECONSTRUCTED_FROM_OFFICIAL_PRIMARY_TIMETABLE,,,AMBIGUOUS_HISTORICAL_GTFS,NO_RESOLVED_GTFS_IDENTITY
PDF20260903:D150:P02:C02,D150,5,15,OLGINATE (Chiesa),07:04,424,True,MERATE,LECCO,2,2,https://www.leccotrasporti.it/percorsi/estivo/linea-d150.pdf,ee2707bdb4a2174008b6819e04b2f2a564e4bef5c2d6f8830e6dc9589f47349b,SCHEDULED_PUBLISHED_TIME_NOT_OBSERVED_RUNTIME,RECONSTRUCTED_FROM_OFFICIAL_PRIMARY_TIMETABLE,,,AMBIGUOUS_HISTORICAL_GTFS,NO_RESOLVED_GTFS_IDENTITY
PDF20260903:D150:P02:C02,D150,6,16,OLGINATE (Ponte),07:04,424,True,MERATE,LECCO,2,2,https://www.leccotrasporti.it/percorsi/estivo/linea-d150.pdf,ee2707bdb4a2174008b6819e04b2f2a564e4bef5c2d6f8830e6dc9589f47349b,SCHEDULED_PUBLISHED_TIME_NOT_OBSERVED_RUNTIME,RECONSTRUCTED_FROM_OFFICIAL_PRIMARY_TIMETABLE,,,AMBIGUOUS_HISTORICAL_GTFS,NO_RESOLVED_GTFS_IDENTITY
PDF20260903:D150:P02:C02,D150,7,17,CALOLZIO F.S.,07:09,429,True,MERATE,LECCO,2,2,https://www.leccotrasporti.it/percorsi/estivo/linea-d150.pdf,ee2707bdb4a2174008b6819e04b2f2a564e4bef5c2d6f8830e6dc9589f47349b,SCHEDULED_PUBLISHED_TIME_NOT_OBSERVED_RUNTIME,RECONSTRUCTED_FROM_OFFICIAL_PRIMARY_TIMETABLE,,,NO_HISTORICAL_GTFS_NAME_MATCH,NO_RESOLVED_GTFS_IDENTITY
PDF20260903:D150:P02:C02,D150,8,19,OLGINATE (Ponte),07:13,433,True,MERATE,LECCO,2,2,https://www.leccotrasporti.it/percorsi/estivo/linea-d150.pdf,ee2707bdb4a2174008b6819e04b2f2a564e4bef5c2d6f8830e6dc9589f47349b,SCHEDULED_PUBLISHED_TIME_NOT_OBSERVED_RUNTIME,RECONSTRUCTED_FROM_OFFICIAL_PRIMARY_TIMETABLE,,,AMBIGUOUS_HISTORICAL_GTFS,NO_RESOLVED_GTFS_IDENTITY
PDF20260903:D150:P02:C02,D150,9,20,GARLATE (Municipio),07:15,435,True,MERATE,LECCO,2,2,https://www.leccotrasporti.it/percorsi/estivo/linea-d150.pdf,ee2707bdb4a2174008b6819e04b2f2a564e4bef5c2d6f8830e6dc9589f47349b,SCHEDULED_PUBLISHED_TIME_NOT_OBSERVED_RUNTIME,RECONSTRUCTED_FROM_OFFICIAL_PRIMARY_TIMETABLE,,,AMBIGUOUS_HISTORICAL_GTFS,NO_RESOLVED_GTFS_IDENTITY
PDF20260903:D150:P02:C02,D150,10,22,PESCATE (Torrette),07:19,439,True,MERATE,LECCO,2,2,https://www.leccotrasporti.it/percorsi/estivo/linea-d150.pdf,ee2707bdb4a2174008b6819e04b2f2a564e4bef5c2d6f8830e6dc9589f47349b,SCHEDULED_PUBLISHED_TIME_NOT_OBSERVED_RUNTIME,RECONSTRUCTED_FROM_OFFICIAL_PRIMARY_TIMETABLE,,,AMBIGUOUS_HISTORICAL_GTFS,NO_RESOLVED_GTFS_IDENTITY
PDF20260903:D150:P02:C02,D150,11,23,PESCATE (Terzo Ponte),07:20,440,True,MERATE,LECCO,2,2,https://www.leccotrasporti.it/percorsi/estivo/linea-d150.pdf,ee2707bdb4a2174008b6819e04b2f2a564e4bef5c2d6f8830e6dc9589f47349b,SCHEDULED_PUBLISHED_TIME_NOT_OBSERVED_RUNTIME,RECONSTRUCTED_FROM_OFFICIAL_PRIMARY_TIMETABLE,,,AMBIGUOUS_HISTORICAL_GTFS,NO_RESOLVED_GTFS_IDENTITY
PDF20260903:D150:P02:C02,D150,12,24,PESCATE (Insirano),07:22,442,True,MERATE,LECCO,2,2,https://www.leccotrasporti.it/percorsi/estivo/linea-d150.pdf,ee2707bdb4a2174008b6819e04b2f2a564e4bef5c2d6f8830e6dc9589f47349b,SCHEDULED_PUBLISHED_TIME_NOT_OBSERVED_RUNTIME,RECONSTRUCTED_FROM_OFFICIAL_PRIMARY_TIMETABLE,,,AMBIGUOUS_HISTORICAL_GTFS,NO_RESOLVED_GTFS_IDENTITY
PDF20260903:D150:P02:C02,D150,13,25,MALGRATE (Porto),07:25,445,True,MERATE,LECCO,2,2,https://www.leccotrasporti.it/percorsi/estivo/linea-d150.pdf,ee2707bdb4a2174008b6819e04b2f2a564e4bef5c2d6f8830e6dc9589f47349b,SCHEDULED_PUBLISHED_TIME_NOT_OBSERVED_RUNTIME,RECONSTRUCTED_FROM_OFFICIAL_PRIMARY_TIMETABLE,,,NO_HISTORICAL_GTFS_NAME_MATCH,NO_RESOLVED_GTFS_IDENTITY
PDF20260903:D150:P02:C02,D150,14,26,LECCO FS (Via Sassi),07:32,452,True,MERATE,LECCO,2,2,https://www.leccotrasporti.it/percorsi/estivo/linea-d150.pdf,ee2707bdb4a2174008b6819e04b2f2a564e4bef5c2d6f8830e6dc9589f47349b,SCHEDULED_PUBLISHED_TIME_NOT_OBSERVED_RUNTIME,RECONSTRUCTED_FROM_OFFICIAL_PRIMARY_TIMETABLE,,,NO_HISTORICAL_GTFS_NAME_MATCH,NO_RESOLVED_GTFS_IDENTITY
PDF20260903:D150:P02:C02,D150,15,27,LECCO (P.zzale Meridiane),07:40,460,True,MERATE,LECCO,2,2,https://www.leccotrasporti.it/percorsi/estivo/linea-d150.pdf,ee2707bdb4a2174008b6819e04b2f2a564e4bef5c2d6f8830e6dc9589f47349b,SCHEDULED_PUBLISHED_TIME_NOT_OBSERVED_RUNTIME,RECONSTRUCTED_FROM_OFFICIAL_PRIMARY_TIMETABLE,,,NO_HISTORICAL_GTFS_NAME_MATCH,NO_RESOLVED_GTFS_IDENTITY
PDF20260903:D150:P02:C03,D150,1,11,VALGREGHENTINO,07:35,455,False,MERATE,LECCO,2,3,https://www.leccotrasporti.it/percorsi/estivo/linea-d150.pdf,ee2707bdb4a2174008b6819e04b2f2a564e4bef5c2d6f8830e6dc9589f47349b,SCHEDULED_PUBLISHED_TIME_NOT_OBSERVED_RUNTIME,RECONSTRUCTED_FROM_OFFICIAL_PRIMARY_TIMETABLE,,,AMBIGUOUS_HISTORICAL_GTFS,NO_RESOLVED_GTFS_IDENTITY
PDF20260903:D150:P02:C03,D150,2,12,VILLA S.CARLO,07:40,460,False,MERATE,LECCO,2,3,https://www.leccotrasporti.it/percorsi/estivo/linea-d150.pdf,ee2707bdb4a2174008b6819e04b2f2a564e4bef5c2d6f8830e6dc9589f47349b,SCHEDULED_PUBLISHED_TIME_NOT_OBSERVED_RUNTIME,RECONSTRUCTED_FROM_OFFICIAL_PRIMARY_TIMETABLE,,,AMBIGUOUS_HISTORICAL_GTFS,NO_RESOLVED_GTFS_IDENTITY
PDF20260903:D150:P02:C03,D150,3,13,OLGINATE (Capiate),07:45,465,False,MERATE,LECCO,2,3,https://www.leccotrasporti.it/percorsi/estivo/linea-d150.pdf,ee2707bdb4a2174008b6819e04b2f2a564e4bef5c2d6f8830e6dc9589f47349b,SCHEDULED_PUBLISHED_TIME_NOT_OBSERVED_RUNTIME,RECONSTRUCTED_FROM_OFFICIAL_PRIMARY_TIMETABLE,L00852,,RESOLVED_ROUTE_NAME_UNIQUE,GTFS_IDENTIFIED_NOT_IN_V1_STOP_UNIVERSE
PDF20260903:D150:P02:C03,D150,4,14,OLGINATE (P.Villa),07:46,466,False,MERATE,LECCO,2,3,https://www.leccotrasporti.it/percorsi/estivo/linea-d150.pdf,ee2707bdb4a2174008b6819e04b2f2a564e4bef5c2d6f8830e6dc9589f47349b,SCHEDULED_PUBLISHED_TIME_NOT_OBSERVED_RUNTIME,RECONSTRUCTED_FROM_OFFICIAL_PRIMARY_TIMETABLE,,,AMBIGUOUS_HISTORICAL_GTFS,NO_RESOLVED_GTFS_IDENTITY
PDF20260903:D150:P02:C03,D150,5,15,OLGINATE (Chiesa),07:49,469,False,MERATE,LECCO,2,3,https://www.leccotrasporti.it/percorsi/estivo/linea-d150.pdf,ee2707bdb4a2174008b6819e04b2f2a564e4bef5c2d6f8830e6dc9589f47349b,SCHEDULED_PUBLISHED_TIME_NOT_OBSERVED_RUNTIME,RECONSTRUCTED_FROM_OFFICIAL_PRIMARY_TIMETABLE,,,AMBIGUOUS_HISTORICAL_GTFS,NO_RESOLVED_GTFS_IDENTITY
PDF20260903:D150:P02:C03,D150,6,16,OLGINATE (Ponte),07:49,469,False,MERATE,LECCO,2,3,https://www.leccotrasporti.it/percorsi/estivo/linea-d150.pdf,ee2707bdb4a2174008b6819e04b2f2a564e4bef5c2d6f8830e6dc9589f47349b,SCHEDULED_PUBLISHED_TIME_NOT_OBSERVED_RUNTIME,RECONSTRUCTED_FROM_OFFICIAL_PRIMARY_TIMETABLE,,,AMBIGUOUS_HISTORICAL_GTFS,NO_RESOLVED_GTFS_IDENTITY
PDF20260903:D150:P02:C03,D150,7,17,CALOLZIO F.S.,07:54,474,False,MERATE,LECCO,2,3,https://www.leccotrasporti.it/percorsi/estivo/linea-d150.pdf,ee2707bdb4a2174008b6819e04b2f2a564e4bef5c2d6f8830e6dc9589f47349b,SCHEDULED_PUBLISHED_TIME_NOT_OBSERVED_RUNTIME,RECONSTRUCTED_FROM_OFFICIAL_PRIMARY_TIMETABLE,,,NO_HISTORICAL_GTFS_NAME_MATCH,NO_RESOLVED_GTFS_IDENTITY
PDF20260903:D150:P02:C03,D150,8,19,OLGINATE (Ponte),07:58,478,False,MERATE,LECCO,2,3,https://www.leccotrasporti.it/percorsi/estivo/linea-d150.pdf,ee2707bdb4a2174008b6819e04b2f2a564e4bef5c2d6f8830e6dc9589f47349b,SCHEDULED_PUBLISHED_TIME_NOT_OBSERVED_RUNTIME,RECONSTRUCTED_FROM_OFFICIAL_PRIMARY_TIMETABLE,,,AMBIGUOUS_HISTORICAL_GTFS,NO_RESOLVED_GTFS_IDENTITY
PDF20260903:D150:P02:C03,D150,9,20,GARLATE (Municipio),08:00,480,False,MERATE,LECCO,2,3,https://www.leccotrasporti.it/percorsi/estivo/linea-d150.pdf,ee2707bdb4a2174008b6819e04b2f2a564e4bef5c2d6f8830e6dc9589f47349b,SCHEDULED_PUBLISHED_TIME_NOT_OBSERVED_RUNTIME,RECONSTRUCTED_FROM_OFFICIAL_PRIMARY_TIMETABLE,,,AMBIGUOUS_HISTORICAL_GTFS,NO_RESOLVED_GTFS_IDENTITY
PDF20260903:D150:P02:C03,D150,10,22,PESCATE (Torrette),08:04,484,False,MERATE,LECCO,2,3,https://www.leccotrasporti.it/percorsi/estivo/linea-d150.pdf,ee2707bdb4a2174008b6819e04b2f2a564e4bef5c2d6f8830e6dc9589f47349b,SCHEDULED_PUBLISHED_TIME_NOT_OBSERVED_RUNTIME,RECONSTRUCTED_FROM_OFFICIAL_PRIMARY_TIMETABLE,,,AMBIGUOUS_HISTORICAL_GTFS,NO_RESOLVED_GTFS_IDENTITY
PDF20260903:D150:P02:C03,D150,11,23,PESCATE (Terzo Ponte),08:05,485,False,MERATE,LECCO,2,3,https://www.leccotrasporti.it/percorsi/estivo/linea-d150.pdf,ee2707bdb4a2174008b6819e04b2f2a564e4bef5c2d6f8830e6dc9589f47349b,SCHEDULED_PUBLISHED_TIME_NOT_OBSERVED_RUNTIME,RECONSTRUCTED_FROM_OFFICIAL_PRIMARY_TIMETABLE,,,AMBIGUOUS_HISTORICAL_GTFS,NO_RESOLVED_GTFS_IDENTITY
PDF20260903:D150:P02:C03,D150,12,24,PESCATE (Insirano),08:07,487,False,MERATE,LECCO,2,3,https://www.leccotrasporti.it/percorsi/estivo/linea-d150.pdf,ee2707bdb4a2174008b6819e04b2f2a564e4bef5c2d6f8830e6dc9589f47349b,SCHEDULED_PUBLISHED_TIME_NOT_OBSERVED_RUNTIME,RECONSTRUCTED_FROM_OFFICIAL_PRIMARY_TIMETABLE,,,AMBIGUOUS_HISTORICAL_GTFS,NO_RESOLVED_GTFS_IDENTITY
PDF20260903:D150:P02:C03,D150,13,25,MALGRATE (Porto),08:10,490,False,MERATE,LECCO,2,3,https://www.leccotrasporti.it/percorsi/estivo/linea-d150.pdf,ee2707bdb4a2174008b6819e04b2f2a564e4bef5c2d6f8830e6dc9589f47349b,SCHEDULED_PUBLISHED_TIME_NOT_OBSERVED_RUNTIME,RECONSTRUCTED_FROM_OFFICIAL_PRIMARY_TIMETABLE,,,NO_HISTORICAL_GTFS_NAME_MATCH,NO_RESOLVED_GTFS_IDENTITY
PDF20260903:D150:P02:C03,D150,14,26,LECCO FS (Via Sassi),08:17,497,False,MERATE,LECCO,2,3,https://www.leccotrasporti.it/percorsi/estivo/linea-d150.pdf,ee2707bdb4a2174008b6819e04b2f2a564e4bef5c2d6f8830e6dc9589f47349b,SCHEDULED_PUBLISHED_TIME_NOT_OBSERVED_RUNTIME,RECONSTRUCTED_FROM_OFFICIAL_PRIMARY_TIMETABLE,,,NO_HISTORICAL_GTFS_NAME_MATCH,NO_RESOLVED_GTFS_IDENTITY
PDF20260903:D150:P02:C03,D150,15,27,LECCO (P.zzale Meridiane),08:22,502,False,MERATE,LECCO,2,3,https://www.leccotrasporti.it/percorsi/estivo/linea-d150.pdf,ee2707bdb4a2174008b6819e04b2f2a564e4bef5c2d6f8830e6dc9589f47349b,SCHEDULED_PUBLISHED_TIME_NOT_OBSERVED_RUNTIME,RECONSTRUCTED_FROM_OFFICIAL_PRIMARY_TIMETABLE,,,NO_HISTORICAL_GTFS_NAME_MATCH,NO_RESOLVED_GTFS_IDENTITY
PDF20260903:D150:P02:C04,D150,1,11,VALGREGHENTINO,07:41,461,True,MERATE,LECCO,2,4,https://www.leccotrasporti.it/percorsi/estivo/linea-d150.pdf,ee2707bdb4a2174008b6819e04b2f2a564e4bef5c2d6f8830e6dc9589f47349b,SCHEDULED_PUBLISHED_TIME_NOT_OBSERVED_RUNTIME,RECONSTRUCTED_FROM_OFFICIAL_PRIMARY_TIMETABLE,,,AMBIGUOUS_HISTORICAL_GTFS,NO_RESOLVED_GTFS_IDENTITY
PDF20260903:D150:P02:C04,D150,2,12,VILLA S.CARLO,07:46,466,True,MERATE,LECCO,2,4,https://www.leccotrasporti.it/percorsi/estivo/linea-d150.pdf,ee2707bdb4a2174008b6819e04b2f2a564e4bef5c2d6f8830e6dc9589f47349b,SCHEDULED_PUBLISHED_TIME_NOT_OBSERVED_RUNTIME,RECONSTRUCTED_FROM_OFFICIAL_PRIMARY_TIMETABLE,,,AMBIGUOUS_HISTORICAL_GTFS,NO_RESOLVED_GTFS_IDENTITY
PDF20260903:D150:P02:C04,D150,3,13,OLGINATE (Capiate),07:51,471,True,MERATE,LECCO,2,4,https://www.leccotrasporti.it/percorsi/estivo/linea-d150.pdf,ee2707bdb4a2174008b6819e04b2f2a564e4bef5c2d6f8830e6dc9589f47349b,SCHEDULED_PUBLISHED_TIME_NOT_OBSERVED_RUNTIME,RECONSTRUCTED_FROM_OFFICIAL_PRIMARY_TIMETABLE,L00852,,RESOLVED_ROUTE_NAME_UNIQUE,GTFS_IDENTIFIED_NOT_IN_V1_STOP_UNIVERSE
PDF20260903:D150:P02:C04,D150,4,14,OLGINATE (P.Villa),07:52,472,True,MERATE,LECCO,2,4,https://www.leccotrasporti.it/percorsi/estivo/linea-d150.pdf,ee2707bdb4a2174008b6819e04b2f2a564e4bef5c2d6f8830e6dc9589f47349b,SCHEDULED_PUBLISHED_TIME_NOT_OBSERVED_RUNTIME,RECONSTRUCTED_FROM_OFFICIAL_PRIMARY_TIMETABLE,,,AMBIGUOUS_HISTORICAL_GTFS,NO_RESOLVED_GTFS_IDENTITY
PDF20260903:D150:P02:C04,D150,5,15,OLGINATE (Chiesa),07:55,475,True,MERATE,LECCO,2,4,https://www.leccotrasporti.it/percorsi/estivo/linea-d150.pdf,ee2707bdb4a2174008b6819e04b2f2a564e4bef5c2d6f8830e6dc9589f47349b,SCHEDULED_PUBLISHED_TIME_NOT_OBSERVED_RUNTIME,RECONSTRUCTED_FROM_OFFICIAL_PRIMARY_TIMETABLE,,,AMBIGUOUS_HISTORICAL_GTFS,NO_RESOLVED_GTFS_IDENTITY
PDF20260903:D150:P02:C04,D150,6,20,GARLATE (Municipio),07:58,478,True,MERATE,LECCO,2,4,https://www.leccotrasporti.it/percorsi/estivo/linea-d150.pdf,ee2707bdb4a2174008b6819e04b2f2a564e4bef5c2d6f8830e6dc9589f47349b,SCHEDULED_PUBLISHED_TIME_NOT_OBSERVED_RUNTIME,RECONSTRUCTED_FROM_OFFICIAL_PRIMARY_TIMETABLE,,,AMBIGUOUS_HISTORICAL_GTFS,NO_RESOLVED_GTFS_IDENTITY
PDF20260903:D150:P02:C04,D150,7,22,PESCATE (Torrette),08:02,482,True,MERATE,LECCO,2,4,https://www.leccotrasporti.it/percorsi/estivo/linea-d150.pdf,ee2707bdb4a2174008b6819e04b2f2a564e4bef5c2d6f8830e6dc9589f47349b,SCHEDULED_PUBLISHED_TIME_NOT_OBSERVED_RUNTIME,RECONSTRUCTED_FROM_OFFICIAL_PRIMARY_TIMETABLE,,,AMBIGUOUS_HISTORICAL_GTFS,NO_RESOLVED_GTFS_IDENTITY
PDF20260903:D150:P02:C04,D150,8,23,PESCATE (Terzo Ponte),08:03,483,True,MERATE,LECCO,2,4,https://www.leccotrasporti.it/percorsi/estivo/linea-d150.pdf,ee2707bdb4a2174008b6819e04b2f2a564e4bef5c2d6f8830e6dc9589f47349b,SCHEDULED_PUBLISHED_TIME_NOT_OBSERVED_RUNTIME,RECONSTRUCTED_FROM_OFFICIAL_PRIMARY_TIMETABLE,,,AMBIGUOUS_HISTORICAL_GTFS,NO_RESOLVED_GTFS_IDENTITY
PDF20260903:D150:P02:C04,D150,9,24,PESCATE (Insirano),08:05,485,True,MERATE,LECCO,2,4,https://www.leccotrasporti.it/percorsi/estivo/linea-d150.pdf,ee2707bdb4a2174008b6819e04b2f2a564e4bef5c2d6f8830e6dc9589f47349b,SCHEDULED_PUBLISHED_TIME_NOT_OBSERVED_RUNTIME,RECONSTRUCTED_FROM_OFFICIAL_PRIMARY_TIMETABLE,,,AMBIGUOUS_HISTORICAL_GTFS,NO_RESOLVED_GTFS_IDENTITY
PDF20260903:D150:P02:C04,D150,10,25,MALGRATE (Porto),08:08,488,True,MERATE,LECCO,2,4,https://www.leccotrasporti.it/percorsi/estivo/linea-d150.pdf,ee2707bdb4a2174008b6819e04b2f2a564e4bef5c2d6f8830e6dc9589f47349b,SCHEDULED_PUBLISHED_TIME_NOT_OBSERVED_RUNTIME,RECONSTRUCTED_FROM_OFFICIAL_PRIMARY_TIMETABLE,,,NO_HISTORICAL_GTFS_NAME_MATCH,NO_RESOLVED_GTFS_IDENTITY
PDF20260903:D150:P02:C04,D150,11,26,LECCO FS (Via Sassi),08:15,495,True,MERATE,LECCO,2,4,https://www.leccotrasporti.it/percorsi/estivo/linea-d150.pdf,ee2707bdb4a2174008b6819e04b2f2a564e4bef5c2d6f8830e6dc9589f47349b,SCHEDULED_PUBLISHED_TIME_NOT_OBSERVED_RUNTIME,RECONSTRUCTED_FROM_OFFICIAL_PRIMARY_TIMETABLE,,,NO_HISTORICAL_GTFS_NAME_MATCH,NO_RESOLVED_GTFS_IDENTITY
PDF20260903:D150:P02:C04,D150,12,27,LECCO (P.zzale Meridiane),08:20,500,True,MERATE,LECCO,2,4,https://www.leccotrasporti.it/percorsi/estivo/linea-d150.pdf,ee2707bdb4a2174008b6819e04b2f2a564e4bef5c2d6f8830e6dc9589f47349b,SCHEDULED_PUBLISHED_TIME_NOT_OBSERVED_RUNTIME,RECONSTRUCTED_FROM_OFFICIAL_PRIMARY_TIMETABLE,,,NO_HISTORICAL_GTFS_NAME_MATCH,NO_RESOLVED_GTFS_IDENTITY
PDF20260903:D150:P02:C05,D150,1,11,VALGREGHENTINO,08:32,512,True,MERATE,LECCO,2,5,https://www.leccotrasporti.it/percorsi/estivo/linea-d150.pdf,ee2707bdb4a2174008b6819e04b2f2a564e4bef5c2d6f8830e6dc9589f47349b,SCHEDULED_PUBLISHED_TIME_NOT_OBSERVED_RUNTIME,RECONSTRUCTED_FROM_OFFICIAL_PRIMARY_TIMETABLE,,,AMBIGUOUS_HISTORICAL_GTFS,NO_RESOLVED_GTFS_IDENTITY
PDF20260903:D150:P02:C05,D150,2,12,VILLA S.CARLO,08:37,517,True,MERATE,LECCO,2,5,https://www.leccotrasporti.it/percorsi/estivo/linea-d150.pdf,ee2707bdb4a2174008b6819e04b2f2a564e4bef5c2d6f8830e6dc9589f47349b,SCHEDULED_PUBLISHED_TIME_NOT_OBSERVED_RUNTIME,RECONSTRUCTED_FROM_OFFICIAL_PRIMARY_TIMETABLE,,,AMBIGUOUS_HISTORICAL_GTFS,NO_RESOLVED_GTFS_IDENTITY
PDF20260903:D150:P02:C05,D150,3,13,OLGINATE (Capiate),08:42,522,True,MERATE,LECCO,2,5,https://www.leccotrasporti.it/percorsi/estivo/linea-d150.pdf,ee2707bdb4a2174008b6819e04b2f2a564e4bef5c2d6f8830e6dc9589f47349b,SCHEDULED_PUBLISHED_TIME_NOT_OBSERVED_RUNTIME,RECONSTRUCTED_FROM_OFFICIAL_PRIMARY_TIMETABLE,L00852,,RESOLVED_ROUTE_NAME_UNIQUE,GTFS_IDENTIFIED_NOT_IN_V1_STOP_UNIVERSE
PDF20260903:D150:P02:C05,D150,4,14,OLGINATE (P.Villa),08:43,523,True,MERATE,LECCO,2,5,https://www.leccotrasporti.it/percorsi/estivo/linea-d150.pdf,ee2707bdb4a2174008b6819e04b2f2a564e4bef5c2d6f8830e6dc9589f47349b,SCHEDULED_PUBLISHED_TIME_NOT_OBSERVED_RUNTIME,RECONSTRUCTED_FROM_OFFICIAL_PRIMARY_TIMETABLE,,,AMBIGUOUS_HISTORICAL_GTFS,NO_RESOLVED_GTFS_IDENTITY
PDF20260903:D150:P02:C05,D150,5,15,OLGINATE (Chiesa),08:46,526,True,MERATE,LECCO,2,5,https://www.leccotrasporti.it/percorsi/estivo/linea-d150.pdf,ee2707bdb4a2174008b6819e04b2f2a564e4bef5c2d6f8830e6dc9589f47349b,SCHEDULED_PUBLISHED_TIME_NOT_OBSERVED_RUNTIME,RECONSTRUCTED_FROM_OFFICIAL_PRIMARY_TIMETABLE,,,AMBIGUOUS_HISTORICAL_GTFS,NO_RESOLVED_GTFS_IDENTITY
PDF20260903:D150:P02:C05,D150,6,16,OLGINATE (Ponte),08:46,526,True,MERATE,LECCO,2,5,https://www.leccotrasporti.it/percorsi/estivo/linea-d150.pdf,ee2707bdb4a2174008b6819e04b2f2a564e4bef5c2d6f8830e6dc9589f47349b,SCHEDULED_PUBLISHED_TIME_NOT_OBSERVED_RUNTIME,RECONSTRUCTED_FROM_OFFICIAL_PRIMARY_TIMETABLE,,,AMBIGUOUS_HISTORICAL_GTFS,NO_RESOLVED_GTFS_IDENTITY
PDF20260903:D150:P02:C05,D150,7,17,CALOLZIO F.S.,08:51,531,True,MERATE,LECCO,2,5,https://www.leccotrasporti.it/percorsi/estivo/linea-d150.pdf,ee2707bdb4a2174008b6819e04b2f2a564e4bef5c2d6f8830e6dc9589f47349b,SCHEDULED_PUBLISHED_TIME_NOT_OBSERVED_RUNTIME,RECONSTRUCTED_FROM_OFFICIAL_PRIMARY_TIMETABLE,,,NO_HISTORICAL_GTFS_NAME_MATCH,NO_RESOLVED_GTFS_IDENTITY
PDF20260903:D150:P02:C05,D150,8,19,OLGINATE (Ponte),08:55,535,True,MERATE,LECCO,2,5,https://www.leccotrasporti.it/percorsi/estivo/linea-d150.pdf,ee2707bdb4a2174008b6819e04b2f2a564e4bef5c2d6f8830e6dc9589f47349b,SCHEDULED_PUBLISHED_TIME_NOT_OBSERVED_RUNTIME,RECONSTRUCTED_FROM_OFFICIAL_PRIMARY_TIMETABLE,,,AMBIGUOUS_HISTORICAL_GTFS,NO_RESOLVED_GTFS_IDENTITY
PDF20260903:D150:P02:C05,D150,9,20,GARLATE (Municipio),08:57,537,True,MERATE,LECCO,2,5,https://www.leccotrasporti.it/percorsi/estivo/linea-d150.pdf,ee2707bdb4a2174008b6819e04b2f2a564e4bef5c2d6f8830e6dc9589f47349b,SCHEDULED_PUBLISHED_TIME_NOT_OBSERVED_RUNTIME,RECONSTRUCTED_FROM_OFFICIAL_PRIMARY_TIMETABLE,,,AMBIGUOUS_HISTORICAL_GTFS,NO_RESOLVED_GTFS_IDENTITY
PDF20260903:D150:P02:C05,D150,10,22,PESCATE (Torrette),09:01,541,True,MERATE,LECCO,2,5,https://www.leccotrasporti.it/percorsi/estivo/linea-d150.pdf,ee2707bdb4a2174008b6819e04b2f2a564e4bef5c2d6f8830e6dc9589f47349b,SCHEDULED_PUBLISHED_TIME_NOT_OBSERVED_RUNTIME,RECONSTRUCTED_FROM_OFFICIAL_PRIMARY_TIMETABLE,,,AMBIGUOUS_HISTORICAL_GTFS,NO_RESOLVED_GTFS_IDENTITY
PDF20260903:D150:P02:C05,D150,11,23,PESCATE (Terzo Ponte),09:02,542,True,MERATE,LECCO,2,5,https://www.leccotrasporti.it/percorsi/estivo/linea-d150.pdf,ee2707bdb4a2174008b6819e04b2f2a564e4bef5c2d6f8830e6dc9589f47349b,SCHEDULED_PUBLISHED_TIME_NOT_OBSERVED_RUNTIME,RECONSTRUCTED_FROM_OFFICIAL_PRIMARY_TIMETABLE,,,AMBIGUOUS_HISTORICAL_GTFS,NO_RESOLVED_GTFS_IDENTITY
PDF20260903:D150:P02:C05,D150,12,24,PESCATE (Insirano),09:04,544,True,MERATE,LECCO,2,5,https://www.leccotrasporti.it/percorsi/estivo/linea-d150.pdf,ee2707bdb4a2174008b6819e04b2f2a564e4bef5c2d6f8830e6dc9589f47349b,SCHEDULED_PUBLISHED_TIME_NOT_OBSERVED_RUNTIME,RECONSTRUCTED_FROM_OFFICIAL_PRIMARY_TIMETABLE,,,AMBIGUOUS_HISTORICAL_GTFS,NO_RESOLVED_GTFS_IDENTITY
PDF20260903:D150:P02:C05,D150,13,25,MALGRATE (Porto),09:07,547,True,MERATE,LECCO,2,5,https://www.leccotrasporti.it/percorsi/estivo/linea-d150.pdf,ee2707bdb4a2174008b6819e04b2f2a564e4bef5c2d6f8830e6dc9589f47349b,SCHEDULED_PUBLISHED_TIME_NOT_OBSERVED_RUNTIME,RECONSTRUCTED_FROM_OFFICIAL_PRIMARY_TIMETABLE,,,NO_HISTORICAL_GTFS_NAME_MATCH,NO_RESOLVED_GTFS_IDENTITY
PDF20260903:D150:P02:C05,D150,14,26,LECCO FS (Via Sassi),09:14,554,True,MERATE,LECCO,2,5,https://www.leccotrasporti.it/percorsi/estivo/linea-d150.pdf,ee2707bdb4a2174008b6819e04b2f2a564e4bef5c2d6f8830e6dc9589f47349b,SCHEDULED_PUBLISHED_TIME_NOT_OBSERVED_RUNTIME,RECONSTRUCTED_FROM_OFFICIAL_PRIMARY_TIMETABLE,,,NO_HISTORICAL_GTFS_NAME_MATCH,NO_RESOLVED_GTFS_IDENTITY
PDF20260903:D150:P02:C05,D150,15,27,LECCO (P.zzale Meridiane),09:19,559,True,MERATE,LECCO,2,5,https://www.leccotrasporti.it/percorsi/estivo/linea-d150.pdf,ee2707bdb4a2174008b6819e04b2f2a564e4bef5c2d6f8830e6dc9589f47349b,SCHEDULED_PUBLISHED_TIME_NOT_OBSERVED_RUNTIME,RECONSTRUCTED_FROM_OFFICIAL_PRIMARY_TIMETABLE,,,NO_HISTORICAL_GTFS_NAME_MATCH,NO_RESOLVED_GTFS_IDENTITY
PDF20260903:D150:P02:C06,D150,1,11,VALGREGHENTINO,09:00,540,True,MERATE,LECCO,2,6,https://www.leccotrasporti.it/percorsi/estivo/linea-d150.pdf,ee2707bdb4a2174008b6819e04b2f2a564e4bef5c2d6f8830e6dc9589f47349b,SCHEDULED_PUBLISHED_TIME_NOT_OBSERVED_RUNTIME,RECONSTRUCTED_FROM_OFFICIAL_PRIMARY_TIMETABLE,,,AMBIGUOUS_HISTORICAL_GTFS,NO_RESOLVED_GTFS_IDENTITY
PDF20260903:D150:P02:C06,D150,2,12,VILLA S.CARLO,09:05,545,True,MERATE,LECCO,2,6,https://www.leccotrasporti.it/percorsi/estivo/linea-d150.pdf,ee2707bdb4a2174008b6819e04b2f2a564e4bef5c2d6f8830e6dc9589f47349b,SCHEDULED_PUBLISHED_TIME_NOT_OBSERVED_RUNTIME,RECONSTRUCTED_FROM_OFFICIAL_PRIMARY_TIMETABLE,,,AMBIGUOUS_HISTORICAL_GTFS,NO_RESOLVED_GTFS_IDENTITY
PDF20260903:D150:P02:C06,D150,3,13,OLGINATE (Capiate),09:10,550,True,MERATE,LECCO,2,6,https://www.leccotrasporti.it/percorsi/estivo/linea-d150.pdf,ee2707bdb4a2174008b6819e04b2f2a564e4bef5c2d6f8830e6dc9589f47349b,SCHEDULED_PUBLISHED_TIME_NOT_OBSERVED_RUNTIME,RECONSTRUCTED_FROM_OFFICIAL_PRIMARY_TIMETABLE,L00852,,RESOLVED_ROUTE_NAME_UNIQUE,GTFS_IDENTIFIED_NOT_IN_V1_STOP_UNIVERSE
PDF20260903:D150:P02:C06,D150,4,14,OLGINATE (P.Villa),09:11,551,True,MERATE,LECCO,2,6,https://www.leccotrasporti.it/percorsi/estivo/linea-d150.pdf,ee2707bdb4a2174008b6819e04b2f2a564e4bef5c2d6f8830e6dc9589f47349b,SCHEDULED_PUBLISHED_TIME_NOT_OBSERVED_RUNTIME,RECONSTRUCTED_FROM_OFFICIAL_PRIMARY_TIMETABLE,,,AMBIGUOUS_HISTORICAL_GTFS,NO_RESOLVED_GTFS_IDENTITY
PDF20260903:D150:P02:C06,D150,5,15,OLGINATE (Chiesa),09:14,554,True,MERATE,LECCO,2,6,https://www.leccotrasporti.it/percorsi/estivo/linea-d150.pdf,ee2707bdb4a2174008b6819e04b2f2a564e4bef5c2d6f8830e6dc9589f47349b,SCHEDULED_PUBLISHED_TIME_NOT_OBSERVED_RUNTIME,RECONSTRUCTED_FROM_OFFICIAL_PRIMARY_TIMETABLE,,,AMBIGUOUS_HISTORICAL_GTFS,NO_RESOLVED_GTFS_IDENTITY
PDF20260903:D150:P02:C06,D150,6,20,GARLATE (Municipio),09:16,556,True,MERATE,LECCO,2,6,https://www.leccotrasporti.it/percorsi/estivo/linea-d150.pdf,ee2707bdb4a2174008b6819e04b2f2a564e4bef5c2d6f8830e6dc9589f47349b,SCHEDULED_PUBLISHED_TIME_NOT_OBSERVED_RUNTIME,RECONSTRUCTED_FROM_OFFICIAL_PRIMARY_TIMETABLE,,,AMBIGUOUS_HISTORICAL_GTFS,NO_RESOLVED_GTFS_IDENTITY
PDF20260903:D150:P02:C06,D150,7,21,GARLATE (Scuole),09:17,557,True,MERATE,LECCO,2,6,https://www.leccotrasporti.it/percorsi/estivo/linea-d150.pdf,ee2707bdb4a2174008b6819e04b2f2a564e4bef5c2d6f8830e6dc9589f47349b,SCHEDULED_PUBLISHED_TIME_NOT_OBSERVED_RUNTIME,RECONSTRUCTED_FROM_OFFICIAL_PRIMARY_TIMETABLE,,,NO_HISTORICAL_GTFS_NAME_MATCH,NO_RESOLVED_GTFS_IDENTITY
PDF20260903:D150:P02:C06,D150,8,22,PESCATE (Torrette),09:22,562,True,MERATE,LECCO,2,6,https://www.leccotrasporti.it/percorsi/estivo/linea-d150.pdf,ee2707bdb4a2174008b6819e04b2f2a564e4bef5c2d6f8830e6dc9589f47349b,SCHEDULED_PUBLISHED_TIME_NOT_OBSERVED_RUNTIME,RECONSTRUCTED_FROM_OFFICIAL_PRIMARY_TIMETABLE,,,AMBIGUOUS_HISTORICAL_GTFS,NO_RESOLVED_GTFS_IDENTITY
PDF20260903:D150:P02:C06,D150,9,23,PESCATE (Terzo Ponte),09:23,563,True,MERATE,LECCO,2,6,https://www.leccotrasporti.it/percorsi/estivo/linea-d150.pdf,ee2707bdb4a2174008b6819e04b2f2a564e4bef5c2d6f8830e6dc9589f47349b,SCHEDULED_PUBLISHED_TIME_NOT_OBSERVED_RUNTIME,RECONSTRUCTED_FROM_OFFICIAL_PRIMARY_TIMETABLE,,,AMBIGUOUS_HISTORICAL_GTFS,NO_RESOLVED_GTFS_IDENTITY
PDF20260903:D150:P02:C06,D150,10,28,LECCO Ospedale Manzoni,09:34,574,True,MERATE,LECCO,2,6,https://www.leccotrasporti.it/percorsi/estivo/linea-d150.pdf,ee2707bdb4a2174008b6819e04b2f2a564e4bef5c2d6f8830e6dc9589f47349b,SCHEDULED_PUBLISHED_TIME_NOT_OBSERVED_RUNTIME,RECONSTRUCTED_FROM_OFFICIAL_PRIMARY_TIMETABLE,,,NO_HISTORICAL_GTFS_NAME_MATCH,NO_RESOLVED_GTFS_IDENTITY
PDF20260903:D150:P02:C07,D150,1,11,VALGREGHENTINO,09:00,540,False,MERATE,LECCO,2,7,https://www.leccotrasporti.it/percorsi/estivo/linea-d150.pdf,ee2707bdb4a2174008b6819e04b2f2a564e4bef5c2d6f8830e6dc9589f47349b,SCHEDULED_PUBLISHED_TIME_NOT_OBSERVED_RUNTIME,RECONSTRUCTED_FROM_OFFICIAL_PRIMARY_TIMETABLE,,,AMBIGUOUS_HISTORICAL_GTFS,NO_RESOLVED_GTFS_IDENTITY
PDF20260903:D150:P02:C07,D150,2,12,VILLA S.CARLO,09:05,545,False,MERATE,LECCO,2,7,https://www.leccotrasporti.it/percorsi/estivo/linea-d150.pdf,ee2707bdb4a2174008b6819e04b2f2a564e4bef5c2d6f8830e6dc9589f47349b,SCHEDULED_PUBLISHED_TIME_NOT_OBSERVED_RUNTIME,RECONSTRUCTED_FROM_OFFICIAL_PRIMARY_TIMETABLE,,,AMBIGUOUS_HISTORICAL_GTFS,NO_RESOLVED_GTFS_IDENTITY
PDF20260903:D150:P02:C07,D150,3,13,OLGINATE (Capiate),09:10,550,False,MERATE,LECCO,2,7,https://www.leccotrasporti.it/percorsi/estivo/linea-d150.pdf,ee2707bdb4a2174008b6819e04b2f2a564e4bef5c2d6f8830e6dc9589f47349b,SCHEDULED_PUBLISHED_TIME_NOT_OBSERVED_RUNTIME,RECONSTRUCTED_FROM_OFFICIAL_PRIMARY_TIMETABLE,L00852,,RESOLVED_ROUTE_NAME_UNIQUE,GTFS_IDENTIFIED_NOT_IN_V1_STOP_UNIVERSE
PDF20260903:D150:P02:C07,D150,4,14,OLGINATE (P.Villa),09:11,551,False,MERATE,LECCO,2,7,https://www.leccotrasporti.it/percorsi/estivo/linea-d150.pdf,ee2707bdb4a2174008b6819e04b2f2a564e4bef5c2d6f8830e6dc9589f47349b,SCHEDULED_PUBLISHED_TIME_NOT_OBSERVED_RUNTIME,RECONSTRUCTED_FROM_OFFICIAL_PRIMARY_TIMETABLE,,,AMBIGUOUS_HISTORICAL_GTFS,NO_RESOLVED_GTFS_IDENTITY
PDF20260903:D150:P02:C07,D150,5,15,OLGINATE (Chiesa),09:14,554,False,MERATE,LECCO,2,7,https://www.leccotrasporti.it/percorsi/estivo/linea-d150.pdf,ee2707bdb4a2174008b6819e04b2f2a564e4bef5c2d6f8830e6dc9589f47349b,SCHEDULED_PUBLISHED_TIME_NOT_OBSERVED_RUNTIME,RECONSTRUCTED_FROM_OFFICIAL_PRIMARY_TIMETABLE,,,AMBIGUOUS_HISTORICAL_GTFS,NO_RESOLVED_GTFS_IDENTITY
PDF20260903:D150:P02:C07,D150,6,16,OLGINATE (Ponte),09:14,554,False,MERATE,LECCO,2,7,https://www.leccotrasporti.it/percorsi/estivo/linea-d150.pdf,ee2707bdb4a2174008b6819e04b2f2a564e4bef5c2d6f8830e6dc9589f47349b,SCHEDULED_PUBLISHED_TIME_NOT_OBSERVED_RUNTIME,RECONSTRUCTED_FROM_OFFICIAL_PRIMARY_TIMETABLE,,,AMBIGUOUS_HISTORICAL_GTFS,NO_RESOLVED_GTFS_IDENTITY
PDF20260903:D150:P02:C07,D150,7,17,CALOLZIO F.S.,09:19,559,False,MERATE,LECCO,2,7,https://www.leccotrasporti.it/percorsi/estivo/linea-d150.pdf,ee2707bdb4a2174008b6819e04b2f2a564e4bef5c2d6f8830e6dc9589f47349b,SCHEDULED_PUBLISHED_TIME_NOT_OBSERVED_RUNTIME,RECONSTRUCTED_FROM_OFFICIAL_PRIMARY_TIMETABLE,,,NO_HISTORICAL_GTFS_NAME_MATCH,NO_RESOLVED_GTFS_IDENTITY
PDF20260903:D150:P02:C07,D150,8,19,OLGINATE (Ponte),09:23,563,False,MERATE,LECCO,2,7,https://www.leccotrasporti.it/percorsi/estivo/linea-d150.pdf,ee2707bdb4a2174008b6819e04b2f2a564e4bef5c2d6f8830e6dc9589f47349b,SCHEDULED_PUBLISHED_TIME_NOT_OBSERVED_RUNTIME,RECONSTRUCTED_FROM_OFFICIAL_PRIMARY_TIMETABLE,,,AMBIGUOUS_HISTORICAL_GTFS,NO_RESOLVED_GTFS_IDENTITY
PDF20260903:D150:P02:C07,D150,9,20,GARLATE (Municipio),09:25,565,False,MERATE,LECCO,2,7,https://www.leccotrasporti.it/percorsi/estivo/linea-d150.pdf,ee2707bdb4a2174008b6819e04b2f2a564e4bef5c2d6f8830e6dc9589f47349b,SCHEDULED_PUBLISHED_TIME_NOT_OBSERVED_RUNTIME,RECONSTRUCTED_FROM_OFFICIAL_PRIMARY_TIMETABLE,,,AMBIGUOUS_HISTORICAL_GTFS,NO_RESOLVED_GTFS_IDENTITY
PDF20260903:D150:P02:C07,D150,10,22,PESCATE (Torrette),09:29,569,False,MERATE,LECCO,2,7,https://www.leccotrasporti.it/percorsi/estivo/linea-d150.pdf,ee2707bdb4a2174008b6819e04b2f2a564e4bef5c2d6f8830e6dc9589f47349b,SCHEDULED_PUBLISHED_TIME_NOT_OBSERVED_RUNTIME,RECONSTRUCTED_FROM_OFFICIAL_PRIMARY_TIMETABLE,,,AMBIGUOUS_HISTORICAL_GTFS,NO_RESOLVED_GTFS_IDENTITY
PDF20260903:D150:P02:C07,D150,11,23,PESCATE (Terzo Ponte),09:30,570,False,MERATE,LECCO,2,7,https://www.leccotrasporti.it/percorsi/estivo/linea-d150.pdf,ee2707bdb4a2174008b6819e04b2f2a564e4bef5c2d6f8830e6dc9589f47349b,SCHEDULED_PUBLISHED_TIME_NOT_OBSERVED_RUNTIME,RECONSTRUCTED_FROM_OFFICIAL_PRIMARY_TIMETABLE,,,AMBIGUOUS_HISTORICAL_GTFS,NO_RESOLVED_GTFS_IDENTITY
PDF20260903:D150:P02:C07,D150,12,24,PESCATE (Insirano),09:32,572,False,MERATE,LECCO,2,7,https://www.leccotrasporti.it/percorsi/estivo/linea-d150.pdf,ee2707bdb4a2174008b6819e04b2f2a564e4bef5c2d6f8830e6dc9589f47349b,SCHEDULED_PUBLISHED_TIME_NOT_OBSERVED_RUNTIME,RECONSTRUCTED_FROM_OFFICIAL_PRIMARY_TIMETABLE,,,AMBIGUOUS_HISTORICAL_GTFS,NO_RESOLVED_GTFS_IDENTITY
PDF20260903:D150:P02:C07,D150,13,25,MALGRATE (Porto),09:35,575,False,MERATE,LECCO,2,7,https://www.leccotrasporti.it/percorsi/estivo/linea-d150.pdf,ee2707bdb4a2174008b6819e04b2f2a564e4bef5c2d6f8830e6dc9589f47349b,SCHEDULED_PUBLISHED_TIME_NOT_OBSERVED_RUNTIME,RECONSTRUCTED_FROM_OFFICIAL_PRIMARY_TIMETABLE,,,NO_HISTORICAL_GTFS_NAME_MATCH,NO_RESOLVED_GTFS_IDENTITY
PDF20260903:D150:P02:C07,D150,14,26,LECCO FS (Via Sassi),09:42,582,False,MERATE,LECCO,2,7,https://www.leccotrasporti.it/percorsi/estivo/linea-d150.pdf,ee2707bdb4a2174008b6819e04b2f2a564e4bef5c2d6f8830e6dc9589f47349b,SCHEDULED_PUBLISHED_TIME_NOT_OBSERVED_RUNTIME,RECONSTRUCTED_FROM_OFFICIAL_PRIMARY_TIMETABLE,,,NO_HISTORICAL_GTFS_NAME_MATCH,NO_RESOLVED_GTFS_IDENTITY
PDF20260903:D150:P02:C07,D150,15,27,LECCO (P.zzale Meridiane),09:47,587,False,MERATE,LECCO,2,7,https://www.leccotrasporti.it/percorsi/estivo/linea-d150.pdf,ee2707bdb4a2174008b6819e04b2f2a564e4bef5c2d6f8830e6dc9589f47349b,SCHEDULED_PUBLISHED_TIME_NOT_OBSERVED_RUNTIME,RECONSTRUCTED_FROM_OFFICIAL_PRIMARY_TIMETABLE,,,NO_HISTORICAL_GTFS_NAME_MATCH,NO_RESOLVED_GTFS_IDENTITY
PDF20260903:D150:P02:C08,D150,1,1,MERATE Scuole (Via De Gasperi),10:15,615,True,MERATE,LECCO,2,8,https://www.leccotrasporti.it/percorsi/estivo/linea-d150.pdf,ee2707bdb4a2174008b6819e04b2f2a564e4bef5c2d6f8830e6dc9589f47349b,SCHEDULED_PUBLISHED_TIME_NOT_OBSERVED_RUNTIME,RECONSTRUCTED_FROM_OFFICIAL_PRIMARY_TIMETABLE,300290,,RESOLVED_ROUTE_NAME_UNIQUE,GTFS_IDENTIFIED_NOT_IN_V1_STOP_UNIVERSE
PDF20260903:D150:P02:C08,D150,2,5,IMBERSAGO,10:25,625,True,MERATE,LECCO,2,8,https://www.leccotrasporti.it/percorsi/estivo/linea-d150.pdf,ee2707bdb4a2174008b6819e04b2f2a564e4bef5c2d6f8830e6dc9589f47349b,SCHEDULED_PUBLISHED_TIME_NOT_OBSERVED_RUNTIME,RECONSTRUCTED_FROM_OFFICIAL_PRIMARY_TIMETABLE,,,AMBIGUOUS_HISTORICAL_GTFS,NO_RESOLVED_GTFS_IDENTITY
PDF20260903:D150:P02:C08,D150,3,6,ARLATE,10:27,627,True,MERATE,LECCO,2,8,https://www.leccotrasporti.it/percorsi/estivo/linea-d150.pdf,ee2707bdb4a2174008b6819e04b2f2a564e4bef5c2d6f8830e6dc9589f47349b,SCHEDULED_PUBLISHED_TIME_NOT_OBSERVED_RUNTIME,RECONSTRUCTED_FROM_OFFICIAL_PRIMARY_TIMETABLE,,,AMBIGUOUS_HISTORICAL_GTFS,NO_RESOLVED_GTFS_IDENTITY
PDF20260903:D150:P02:C08,D150,4,7,BRIVIO,10:30,630,True,MERATE,LECCO,2,8,https://www.leccotrasporti.it/percorsi/estivo/linea-d150.pdf,ee2707bdb4a2174008b6819e04b2f2a564e4bef5c2d6f8830e6dc9589f47349b,SCHEDULED_PUBLISHED_TIME_NOT_OBSERVED_RUNTIME,RECONSTRUCTED_FROM_OFFICIAL_PRIMARY_TIMETABLE,,,AMBIGUOUS_HISTORICAL_GTFS,NO_RESOLVED_GTFS_IDENTITY
PDF20260903:D150:P02:C08,D150,5,8,BEVERATE,10:35,635,True,MERATE,LECCO,2,8,https://www.leccotrasporti.it/percorsi/estivo/linea-d150.pdf,ee2707bdb4a2174008b6819e04b2f2a564e4bef5c2d6f8830e6dc9589f47349b,SCHEDULED_PUBLISHED_TIME_NOT_OBSERVED_RUNTIME,RECONSTRUCTED_FROM_OFFICIAL_PRIMARY_TIMETABLE,,,AMBIGUOUS_HISTORICAL_GTFS,NO_RESOLVED_GTFS_IDENTITY
PDF20260903:D150:P02:C08,D150,6,9,AIRUNO (Provinciale),10:37,637,True,MERATE,LECCO,2,8,https://www.leccotrasporti.it/percorsi/estivo/linea-d150.pdf,ee2707bdb4a2174008b6819e04b2f2a564e4bef5c2d6f8830e6dc9589f47349b,SCHEDULED_PUBLISHED_TIME_NOT_OBSERVED_RUNTIME,RECONSTRUCTED_FROM_OFFICIAL_PRIMARY_TIMETABLE,,,NO_HISTORICAL_GTFS_NAME_MATCH,NO_RESOLVED_GTFS_IDENTITY
PDF20260903:D150:P02:C08,D150,7,13,OLGINATE (Capiate),10:41,641,True,MERATE,LECCO,2,8,https://www.leccotrasporti.it/percorsi/estivo/linea-d150.pdf,ee2707bdb4a2174008b6819e04b2f2a564e4bef5c2d6f8830e6dc9589f47349b,SCHEDULED_PUBLISHED_TIME_NOT_OBSERVED_RUNTIME,RECONSTRUCTED_FROM_OFFICIAL_PRIMARY_TIMETABLE,L00852,,RESOLVED_ROUTE_NAME_UNIQUE,GTFS_IDENTIFIED_NOT_IN_V1_STOP_UNIVERSE
PDF20260903:D150:P02:C08,D150,8,14,OLGINATE (P.Villa),10:42,642,True,MERATE,LECCO,2,8,https://www.leccotrasporti.it/percorsi/estivo/linea-d150.pdf,ee2707bdb4a2174008b6819e04b2f2a564e4bef5c2d6f8830e6dc9589f47349b,SCHEDULED_PUBLISHED_TIME_NOT_OBSERVED_RUNTIME,RECONSTRUCTED_FROM_OFFICIAL_PRIMARY_TIMETABLE,,,AMBIGUOUS_HISTORICAL_GTFS,NO_RESOLVED_GTFS_IDENTITY
PDF20260903:D150:P02:C08,D150,9,15,OLGINATE (Chiesa),10:45,645,True,MERATE,LECCO,2,8,https://www.leccotrasporti.it/percorsi/estivo/linea-d150.pdf,ee2707bdb4a2174008b6819e04b2f2a564e4bef5c2d6f8830e6dc9589f47349b,SCHEDULED_PUBLISHED_TIME_NOT_OBSERVED_RUNTIME,RECONSTRUCTED_FROM_OFFICIAL_PRIMARY_TIMETABLE,,,AMBIGUOUS_HISTORICAL_GTFS,NO_RESOLVED_GTFS_IDENTITY
PDF20260903:D150:P02:C08,D150,10,20,GARLATE (Municipio),10:48,648,True,MERATE,LECCO,2,8,https://www.leccotrasporti.it/percorsi/estivo/linea-d150.pdf,ee2707bdb4a2174008b6819e04b2f2a564e4bef5c2d6f8830e6dc9589f47349b,SCHEDULED_PUBLISHED_TIME_NOT_OBSERVED_RUNTIME,RECONSTRUCTED_FROM_OFFICIAL_PRIMARY_TIMETABLE,,,AMBIGUOUS_HISTORICAL_GTFS,NO_RESOLVED_GTFS_IDENTITY
PDF20260903:D150:P02:C08,D150,11,22,PESCATE (Torrette),10:52,652,True,MERATE,LECCO,2,8,https://www.leccotrasporti.it/percorsi/estivo/linea-d150.pdf,ee2707bdb4a2174008b6819e04b2f2a564e4bef5c2d6f8830e6dc9589f47349b,SCHEDULED_PUBLISHED_TIME_NOT_OBSERVED_RUNTIME,RECONSTRUCTED_FROM_OFFICIAL_PRIMARY_TIMETABLE,,,AMBIGUOUS_HISTORICAL_GTFS,NO_RESOLVED_GTFS_IDENTITY
PDF20260903:D150:P02:C08,D150,12,23,PESCATE (Terzo Ponte),10:54,654,True,MERATE,LECCO,2,8,https://www.leccotrasporti.it/percorsi/estivo/linea-d150.pdf,ee2707bdb4a2174008b6819e04b2f2a564e4bef5c2d6f8830e6dc9589f47349b,SCHEDULED_PUBLISHED_TIME_NOT_OBSERVED_RUNTIME,RECONSTRUCTED_FROM_OFFICIAL_PRIMARY_TIMETABLE,,,AMBIGUOUS_HISTORICAL_GTFS,NO_RESOLVED_GTFS_IDENTITY
PDF20260903:D150:P02:C08,D150,13,24,PESCATE (Insirano),10:55,655,True,MERATE,LECCO,2,8,https://www.leccotrasporti.it/percorsi/estivo/linea-d150.pdf,ee2707bdb4a2174008b6819e04b2f2a564e4bef5c2d6f8830e6dc9589f47349b,SCHEDULED_PUBLISHED_TIME_NOT_OBSERVED_RUNTIME,RECONSTRUCTED_FROM_OFFICIAL_PRIMARY_TIMETABLE,,,AMBIGUOUS_HISTORICAL_GTFS,NO_RESOLVED_GTFS_IDENTITY
PDF20260903:D150:P02:C08,D150,14,25,MALGRATE (Porto),10:58,658,True,MERATE,LECCO,2,8,https://www.leccotrasporti.it/percorsi/estivo/linea-d150.pdf,ee2707bdb4a2174008b6819e04b2f2a564e4bef5c2d6f8830e6dc9589f47349b,SCHEDULED_PUBLISHED_TIME_NOT_OBSERVED_RUNTIME,RECONSTRUCTED_FROM_OFFICIAL_PRIMARY_TIMETABLE,,,NO_HISTORICAL_GTFS_NAME_MATCH,NO_RESOLVED_GTFS_IDENTITY
PDF20260903:D150:P02:C08,D150,15,26,LECCO FS (Via Sassi),11:00,660,True,MERATE,LECCO,2,8,https://www.leccotrasporti.it/percorsi/estivo/linea-d150.pdf,ee2707bdb4a2174008b6819e04b2f2a564e4bef5c2d6f8830e6dc9589f47349b,SCHEDULED_PUBLISHED_TIME_NOT_OBSERVED_RUNTIME,RECONSTRUCTED_FROM_OFFICIAL_PRIMARY_TIMETABLE,,,NO_HISTORICAL_GTFS_NAME_MATCH,NO_RESOLVED_GTFS_IDENTITY
PDF20260903:D150:P02:C08,D150,16,27,LECCO (P.zzale Meridiane),11:05,665,True,MERATE,LECCO,2,8,https://www.leccotrasporti.it/percorsi/estivo/linea-d150.pdf,ee2707bdb4a2174008b6819e04b2f2a564e4bef5c2d6f8830e6dc9589f47349b,SCHEDULED_PUBLISHED_TIME_NOT_OBSERVED_RUNTIME,RECONSTRUCTED_FROM_OFFICIAL_PRIMARY_TIMETABLE,,,NO_HISTORICAL_GTFS_NAME_MATCH,NO_RESOLVED_GTFS_IDENTITY
PDF20260903:D150:P02:C09,D150,1,11,VALGREGHENTINO,10:35,635,True,MERATE,LECCO,2,9,https://www.leccotrasporti.it/percorsi/estivo/linea-d150.pdf,ee2707bdb4a2174008b6819e04b2f2a564e4bef5c2d6f8830e6dc9589f47349b,SCHEDULED_PUBLISHED_TIME_NOT_OBSERVED_RUNTIME,RECONSTRUCTED_FROM_OFFICIAL_PRIMARY_TIMETABLE,,,AMBIGUOUS_HISTORICAL_GTFS,NO_RESOLVED_GTFS_IDENTITY
PDF20260903:D150:P02:C09,D150,2,12,VILLA S.CARLO,10:40,640,True,MERATE,LECCO,2,9,https://www.leccotrasporti.it/percorsi/estivo/linea-d150.pdf,ee2707bdb4a2174008b6819e04b2f2a564e4bef5c2d6f8830e6dc9589f47349b,SCHEDULED_PUBLISHED_TIME_NOT_OBSERVED_RUNTIME,RECONSTRUCTED_FROM_OFFICIAL_PRIMARY_TIMETABLE,,,AMBIGUOUS_HISTORICAL_GTFS,NO_RESOLVED_GTFS_IDENTITY
PDF20260903:D150:P02:C09,D150,3,13,OLGINATE (Capiate),10:45,645,True,MERATE,LECCO,2,9,https://www.leccotrasporti.it/percorsi/estivo/linea-d150.pdf,ee2707bdb4a2174008b6819e04b2f2a564e4bef5c2d6f8830e6dc9589f47349b,SCHEDULED_PUBLISHED_TIME_NOT_OBSERVED_RUNTIME,RECONSTRUCTED_FROM_OFFICIAL_PRIMARY_TIMETABLE,L00852,,RESOLVED_ROUTE_NAME_UNIQUE,GTFS_IDENTIFIED_NOT_IN_V1_STOP_UNIVERSE
PDF20260903:D150:P02:C09,D150,4,14,OLGINATE (P.Villa),10:46,646,True,MERATE,LECCO,2,9,https://www.leccotrasporti.it/percorsi/estivo/linea-d150.pdf,ee2707bdb4a2174008b6819e04b2f2a564e4bef5c2d6f8830e6dc9589f47349b,SCHEDULED_PUBLISHED_TIME_NOT_OBSERVED_RUNTIME,RECONSTRUCTED_FROM_OFFICIAL_PRIMARY_TIMETABLE,,,AMBIGUOUS_HISTORICAL_GTFS,NO_RESOLVED_GTFS_IDENTITY
PDF20260903:D150:P02:C09,D150,5,15,OLGINATE (Chiesa),10:49,649,True,MERATE,LECCO,2,9,https://www.leccotrasporti.it/percorsi/estivo/linea-d150.pdf,ee2707bdb4a2174008b6819e04b2f2a564e4bef5c2d6f8830e6dc9589f47349b,SCHEDULED_PUBLISHED_TIME_NOT_OBSERVED_RUNTIME,RECONSTRUCTED_FROM_OFFICIAL_PRIMARY_TIMETABLE,,,AMBIGUOUS_HISTORICAL_GTFS,NO_RESOLVED_GTFS_IDENTITY
PDF20260903:D150:P02:C09,D150,6,16,OLGINATE (Ponte),10:49,649,True,MERATE,LECCO,2,9,https://www.leccotrasporti.it/percorsi/estivo/linea-d150.pdf,ee2707bdb4a2174008b6819e04b2f2a564e4bef5c2d6f8830e6dc9589f47349b,SCHEDULED_PUBLISHED_TIME_NOT_OBSERVED_RUNTIME,RECONSTRUCTED_FROM_OFFICIAL_PRIMARY_TIMETABLE,,,AMBIGUOUS_HISTORICAL_GTFS,NO_RESOLVED_GTFS_IDENTITY
PDF20260903:D150:P02:C09,D150,7,17,CALOLZIO F.S.,10:54,654,True,MERATE,LECCO,2,9,https://www.leccotrasporti.it/percorsi/estivo/linea-d150.pdf,ee2707bdb4a2174008b6819e04b2f2a564e4bef5c2d6f8830e6dc9589f47349b,SCHEDULED_PUBLISHED_TIME_NOT_OBSERVED_RUNTIME,RECONSTRUCTED_FROM_OFFICIAL_PRIMARY_TIMETABLE,,,NO_HISTORICAL_GTFS_NAME_MATCH,NO_RESOLVED_GTFS_IDENTITY
PDF20260903:D150:P02:C09,D150,8,19,OLGINATE (Ponte),10:58,658,True,MERATE,LECCO,2,9,https://www.leccotrasporti.it/percorsi/estivo/linea-d150.pdf,ee2707bdb4a2174008b6819e04b2f2a564e4bef5c2d6f8830e6dc9589f47349b,SCHEDULED_PUBLISHED_TIME_NOT_OBSERVED_RUNTIME,RECONSTRUCTED_FROM_OFFICIAL_PRIMARY_TIMETABLE,,,AMBIGUOUS_HISTORICAL_GTFS,NO_RESOLVED_GTFS_IDENTITY
PDF20260903:D150:P02:C09,D150,9,20,GARLATE (Municipio),11:00,660,True,MERATE,LECCO,2,9,https://www.leccotrasporti.it/percorsi/estivo/linea-d150.pdf,ee2707bdb4a2174008b6819e04b2f2a564e4bef5c2d6f8830e6dc9589f47349b,SCHEDULED_PUBLISHED_TIME_NOT_OBSERVED_RUNTIME,RECONSTRUCTED_FROM_OFFICIAL_PRIMARY_TIMETABLE,,,AMBIGUOUS_HISTORICAL_GTFS,NO_RESOLVED_GTFS_IDENTITY
PDF20260903:D150:P02:C09,D150,10,22,PESCATE (Torrette),11:04,664,True,MERATE,LECCO,2,9,https://www.leccotrasporti.it/percorsi/estivo/linea-d150.pdf,ee2707bdb4a2174008b6819e04b2f2a564e4bef5c2d6f8830e6dc9589f47349b,SCHEDULED_PUBLISHED_TIME_NOT_OBSERVED_RUNTIME,RECONSTRUCTED_FROM_OFFICIAL_PRIMARY_TIMETABLE,,,AMBIGUOUS_HISTORICAL_GTFS,NO_RESOLVED_GTFS_IDENTITY
PDF20260903:D150:P02:C09,D150,11,23,PESCATE (Terzo Ponte),11:05,665,True,MERATE,LECCO,2,9,https://www.leccotrasporti.it/percorsi/estivo/linea-d150.pdf,ee2707bdb4a2174008b6819e04b2f2a564e4bef5c2d6f8830e6dc9589f47349b,SCHEDULED_PUBLISHED_TIME_NOT_OBSERVED_RUNTIME,RECONSTRUCTED_FROM_OFFICIAL_PRIMARY_TIMETABLE,,,AMBIGUOUS_HISTORICAL_GTFS,NO_RESOLVED_GTFS_IDENTITY
PDF20260903:D150:P02:C09,D150,12,24,PESCATE (Insirano),11:07,667,True,MERATE,LECCO,2,9,https://www.leccotrasporti.it/percorsi/estivo/linea-d150.pdf,ee2707bdb4a2174008b6819e04b2f2a564e4bef5c2d6f8830e6dc9589f47349b,SCHEDULED_PUBLISHED_TIME_NOT_OBSERVED_RUNTIME,RECONSTRUCTED_FROM_OFFICIAL_PRIMARY_TIMETABLE,,,AMBIGUOUS_HISTORICAL_GTFS,NO_RESOLVED_GTFS_IDENTITY
PDF20260903:D150:P02:C09,D150,13,25,MALGRATE (Porto),11:10,670,True,MERATE,LECCO,2,9,https://www.leccotrasporti.it/percorsi/estivo/linea-d150.pdf,ee2707bdb4a2174008b6819e04b2f2a564e4bef5c2d6f8830e6dc9589f47349b,SCHEDULED_PUBLISHED_TIME_NOT_OBSERVED_RUNTIME,RECONSTRUCTED_FROM_OFFICIAL_PRIMARY_TIMETABLE,,,NO_HISTORICAL_GTFS_NAME_MATCH,NO_RESOLVED_GTFS_IDENTITY
PDF20260903:D150:P02:C09,D150,14,26,LECCO FS (Via Sassi),11:17,677,True,MERATE,LECCO,2,9,https://www.leccotrasporti.it/percorsi/estivo/linea-d150.pdf,ee2707bdb4a2174008b6819e04b2f2a564e4bef5c2d6f8830e6dc9589f47349b,SCHEDULED_PUBLISHED_TIME_NOT_OBSERVED_RUNTIME,RECONSTRUCTED_FROM_OFFICIAL_PRIMARY_TIMETABLE,,,NO_HISTORICAL_GTFS_NAME_MATCH,NO_RESOLVED_GTFS_IDENTITY
PDF20260903:D150:P02:C09,D150,15,27,LECCO (P.zzale Meridiane),11:22,682,True,MERATE,LECCO,2,9,https://www.leccotrasporti.it/percorsi/estivo/linea-d150.pdf,ee2707bdb4a2174008b6819e04b2f2a564e4bef5c2d6f8830e6dc9589f47349b,SCHEDULED_PUBLISHED_TIME_NOT_OBSERVED_RUNTIME,RECONSTRUCTED_FROM_OFFICIAL_PRIMARY_TIMETABLE,,,NO_HISTORICAL_GTFS_NAME_MATCH,NO_RESOLVED_GTFS_IDENTITY
PDF20260903:D150:P02:C10,D150,1,11,VALGREGHENTINO,11:32,692,True,MERATE,LECCO,2,10,https://www.leccotrasporti.it/percorsi/estivo/linea-d150.pdf,ee2707bdb4a2174008b6819e04b2f2a564e4bef5c2d6f8830e6dc9589f47349b,SCHEDULED_PUBLISHED_TIME_NOT_OBSERVED_RUNTIME,RECONSTRUCTED_FROM_OFFICIAL_PRIMARY_TIMETABLE,,,AMBIGUOUS_HISTORICAL_GTFS,NO_RESOLVED_GTFS_IDENTITY
PDF20260903:D150:P02:C10,D150,2,12,VILLA S.CARLO,11:37,697,True,MERATE,LECCO,2,10,https://www.leccotrasporti.it/percorsi/estivo/linea-d150.pdf,ee2707bdb4a2174008b6819e04b2f2a564e4bef5c2d6f8830e6dc9589f47349b,SCHEDULED_PUBLISHED_TIME_NOT_OBSERVED_RUNTIME,RECONSTRUCTED_FROM_OFFICIAL_PRIMARY_TIMETABLE,,,AMBIGUOUS_HISTORICAL_GTFS,NO_RESOLVED_GTFS_IDENTITY
PDF20260903:D150:P02:C10,D150,3,13,OLGINATE (Capiate),11:42,702,True,MERATE,LECCO,2,10,https://www.leccotrasporti.it/percorsi/estivo/linea-d150.pdf,ee2707bdb4a2174008b6819e04b2f2a564e4bef5c2d6f8830e6dc9589f47349b,SCHEDULED_PUBLISHED_TIME_NOT_OBSERVED_RUNTIME,RECONSTRUCTED_FROM_OFFICIAL_PRIMARY_TIMETABLE,L00852,,RESOLVED_ROUTE_NAME_UNIQUE,GTFS_IDENTIFIED_NOT_IN_V1_STOP_UNIVERSE
PDF20260903:D150:P02:C10,D150,4,14,OLGINATE (P.Villa),11:43,703,True,MERATE,LECCO,2,10,https://www.leccotrasporti.it/percorsi/estivo/linea-d150.pdf,ee2707bdb4a2174008b6819e04b2f2a564e4bef5c2d6f8830e6dc9589f47349b,SCHEDULED_PUBLISHED_TIME_NOT_OBSERVED_RUNTIME,RECONSTRUCTED_FROM_OFFICIAL_PRIMARY_TIMETABLE,,,AMBIGUOUS_HISTORICAL_GTFS,NO_RESOLVED_GTFS_IDENTITY
PDF20260903:D150:P02:C10,D150,5,15,OLGINATE (Chiesa),11:46,706,True,MERATE,LECCO,2,10,https://www.leccotrasporti.it/percorsi/estivo/linea-d150.pdf,ee2707bdb4a2174008b6819e04b2f2a564e4bef5c2d6f8830e6dc9589f47349b,SCHEDULED_PUBLISHED_TIME_NOT_OBSERVED_RUNTIME,RECONSTRUCTED_FROM_OFFICIAL_PRIMARY_TIMETABLE,,,AMBIGUOUS_HISTORICAL_GTFS,NO_RESOLVED_GTFS_IDENTITY
PDF20260903:D150:P02:C10,D150,6,16,OLGINATE (Ponte),11:46,706,True,MERATE,LECCO,2,10,https://www.leccotrasporti.it/percorsi/estivo/linea-d150.pdf,ee2707bdb4a2174008b6819e04b2f2a564e4bef5c2d6f8830e6dc9589f47349b,SCHEDULED_PUBLISHED_TIME_NOT_OBSERVED_RUNTIME,RECONSTRUCTED_FROM_OFFICIAL_PRIMARY_TIMETABLE,,,AMBIGUOUS_HISTORICAL_GTFS,NO_RESOLVED_GTFS_IDENTITY
PDF20260903:D150:P02:C10,D150,7,17,CALOLZIO F.S.,11:51,711,True,MERATE,LECCO,2,10,https://www.leccotrasporti.it/percorsi/estivo/linea-d150.pdf,ee2707bdb4a2174008b6819e04b2f2a564e4bef5c2d6f8830e6dc9589f47349b,SCHEDULED_PUBLISHED_TIME_NOT_OBSERVED_RUNTIME,RECONSTRUCTED_FROM_OFFICIAL_PRIMARY_TIMETABLE,,,NO_HISTORICAL_GTFS_NAME_MATCH,NO_RESOLVED_GTFS_IDENTITY
PDF20260903:D150:P02:C10,D150,8,19,OLGINATE (Ponte),11:55,715,True,MERATE,LECCO,2,10,https://www.leccotrasporti.it/percorsi/estivo/linea-d150.pdf,ee2707bdb4a2174008b6819e04b2f2a564e4bef5c2d6f8830e6dc9589f47349b,SCHEDULED_PUBLISHED_TIME_NOT_OBSERVED_RUNTIME,RECONSTRUCTED_FROM_OFFICIAL_PRIMARY_TIMETABLE,,,AMBIGUOUS_HISTORICAL_GTFS,NO_RESOLVED_GTFS_IDENTITY
PDF20260903:D150:P02:C10,D150,9,20,GARLATE (Municipio),11:57,717,True,MERATE,LECCO,2,10,https://www.leccotrasporti.it/percorsi/estivo/linea-d150.pdf,ee2707bdb4a2174008b6819e04b2f2a564e4bef5c2d6f8830e6dc9589f47349b,SCHEDULED_PUBLISHED_TIME_NOT_OBSERVED_RUNTIME,RECONSTRUCTED_FROM_OFFICIAL_PRIMARY_TIMETABLE,,,AMBIGUOUS_HISTORICAL_GTFS,NO_RESOLVED_GTFS_IDENTITY
PDF20260903:D150:P02:C10,D150,10,22,PESCATE (Torrette),12:01,721,True,MERATE,LECCO,2,10,https://www.leccotrasporti.it/percorsi/estivo/linea-d150.pdf,ee2707bdb4a2174008b6819e04b2f2a564e4bef5c2d6f8830e6dc9589f47349b,SCHEDULED_PUBLISHED_TIME_NOT_OBSERVED_RUNTIME,RECONSTRUCTED_FROM_OFFICIAL_PRIMARY_TIMETABLE,,,AMBIGUOUS_HISTORICAL_GTFS,NO_RESOLVED_GTFS_IDENTITY
PDF20260903:D150:P02:C10,D150,11,23,PESCATE (Terzo Ponte),12:02,722,True,MERATE,LECCO,2,10,https://www.leccotrasporti.it/percorsi/estivo/linea-d150.pdf,ee2707bdb4a2174008b6819e04b2f2a564e4bef5c2d6f8830e6dc9589f47349b,SCHEDULED_PUBLISHED_TIME_NOT_OBSERVED_RUNTIME,RECONSTRUCTED_FROM_OFFICIAL_PRIMARY_TIMETABLE,,,AMBIGUOUS_HISTORICAL_GTFS,NO_RESOLVED_GTFS_IDENTITY
PDF20260903:D150:P02:C10,D150,12,24,PESCATE (Insirano),12:04,724,True,MERATE,LECCO,2,10,https://www.leccotrasporti.it/percorsi/estivo/linea-d150.pdf,ee2707bdb4a2174008b6819e04b2f2a564e4bef5c2d6f8830e6dc9589f47349b,SCHEDULED_PUBLISHED_TIME_NOT_OBSERVED_RUNTIME,RECONSTRUCTED_FROM_OFFICIAL_PRIMARY_TIMETABLE,,,AMBIGUOUS_HISTORICAL_GTFS,NO_RESOLVED_GTFS_IDENTITY
PDF20260903:D150:P02:C10,D150,13,25,MALGRATE (Porto),12:07,727,True,MERATE,LECCO,2,10,https://www.leccotrasporti.it/percorsi/estivo/linea-d150.pdf,ee2707bdb4a2174008b6819e04b2f2a564e4bef5c2d6f8830e6dc9589f47349b,SCHEDULED_PUBLISHED_TIME_NOT_OBSERVED_RUNTIME,RECONSTRUCTED_FROM_OFFICIAL_PRIMARY_TIMETABLE,,,NO_HISTORICAL_GTFS_NAME_MATCH,NO_RESOLVED_GTFS_IDENTITY
PDF20260903:D150:P02:C10,D150,14,26,LECCO FS (Via Sassi),12:14,734,True,MERATE,LECCO,2,10,https://www.leccotrasporti.it/percorsi/estivo/linea-d150.pdf,ee2707bdb4a2174008b6819e04b2f2a564e4bef5c2d6f8830e6dc9589f47349b,SCHEDULED_PUBLISHED_TIME_NOT_OBSERVED_RUNTIME,RECONSTRUCTED_FROM_OFFICIAL_PRIMARY_TIMETABLE,,,NO_HISTORICAL_GTFS_NAME_MATCH,NO_RESOLVED_GTFS_IDENTITY
PDF20260903:D150:P02:C10,D150,15,27,LECCO (P.zzale Meridiane),12:19,739,True,MERATE,LECCO,2,10,https://www.leccotrasporti.it/percorsi/estivo/linea-d150.pdf,ee2707bdb4a2174008b6819e04b2f2a564e4bef5c2d6f8830e6dc9589f47349b,SCHEDULED_PUBLISHED_TIME_NOT_OBSERVED_RUNTIME,RECONSTRUCTED_FROM_OFFICIAL_PRIMARY_TIMETABLE,,,NO_HISTORICAL_GTFS_NAME_MATCH,NO_RESOLVED_GTFS_IDENTITY
PDF20260903:D150:P02:C11,D150,1,11,VALGREGHENTINO,13:01,781,True,MERATE,LECCO,2,11,https://www.leccotrasporti.it/percorsi/estivo/linea-d150.pdf,ee2707bdb4a2174008b6819e04b2f2a564e4bef5c2d6f8830e6dc9589f47349b,SCHEDULED_PUBLISHED_TIME_NOT_OBSERVED_RUNTIME,RECONSTRUCTED_FROM_OFFICIAL_PRIMARY_TIMETABLE,,,AMBIGUOUS_HISTORICAL_GTFS,NO_RESOLVED_GTFS_IDENTITY
PDF20260903:D150:P02:C11,D150,2,12,VILLA S.CARLO,13:06,786,True,MERATE,LECCO,2,11,https://www.leccotrasporti.it/percorsi/estivo/linea-d150.pdf,ee2707bdb4a2174008b6819e04b2f2a564e4bef5c2d6f8830e6dc9589f47349b,SCHEDULED_PUBLISHED_TIME_NOT_OBSERVED_RUNTIME,RECONSTRUCTED_FROM_OFFICIAL_PRIMARY_TIMETABLE,,,AMBIGUOUS_HISTORICAL_GTFS,NO_RESOLVED_GTFS_IDENTITY
PDF20260903:D150:P02:C11,D150,3,13,OLGINATE (Capiate),13:11,791,True,MERATE,LECCO,2,11,https://www.leccotrasporti.it/percorsi/estivo/linea-d150.pdf,ee2707bdb4a2174008b6819e04b2f2a564e4bef5c2d6f8830e6dc9589f47349b,SCHEDULED_PUBLISHED_TIME_NOT_OBSERVED_RUNTIME,RECONSTRUCTED_FROM_OFFICIAL_PRIMARY_TIMETABLE,L00852,,RESOLVED_ROUTE_NAME_UNIQUE,GTFS_IDENTIFIED_NOT_IN_V1_STOP_UNIVERSE
PDF20260903:D150:P02:C11,D150,4,14,OLGINATE (P.Villa),13:12,792,True,MERATE,LECCO,2,11,https://www.leccotrasporti.it/percorsi/estivo/linea-d150.pdf,ee2707bdb4a2174008b6819e04b2f2a564e4bef5c2d6f8830e6dc9589f47349b,SCHEDULED_PUBLISHED_TIME_NOT_OBSERVED_RUNTIME,RECONSTRUCTED_FROM_OFFICIAL_PRIMARY_TIMETABLE,,,AMBIGUOUS_HISTORICAL_GTFS,NO_RESOLVED_GTFS_IDENTITY
PDF20260903:D150:P02:C11,D150,5,15,OLGINATE (Chiesa),13:15,795,True,MERATE,LECCO,2,11,https://www.leccotrasporti.it/percorsi/estivo/linea-d150.pdf,ee2707bdb4a2174008b6819e04b2f2a564e4bef5c2d6f8830e6dc9589f47349b,SCHEDULED_PUBLISHED_TIME_NOT_OBSERVED_RUNTIME,RECONSTRUCTED_FROM_OFFICIAL_PRIMARY_TIMETABLE,,,AMBIGUOUS_HISTORICAL_GTFS,NO_RESOLVED_GTFS_IDENTITY
PDF20260903:D150:P02:C11,D150,6,20,GARLATE (Municipio),13:18,798,True,MERATE,LECCO,2,11,https://www.leccotrasporti.it/percorsi/estivo/linea-d150.pdf,ee2707bdb4a2174008b6819e04b2f2a564e4bef5c2d6f8830e6dc9589f47349b,SCHEDULED_PUBLISHED_TIME_NOT_OBSERVED_RUNTIME,RECONSTRUCTED_FROM_OFFICIAL_PRIMARY_TIMETABLE,,,AMBIGUOUS_HISTORICAL_GTFS,NO_RESOLVED_GTFS_IDENTITY
PDF20260903:D150:P02:C11,D150,7,22,PESCATE (Torrette),13:22,802,True,MERATE,LECCO,2,11,https://www.leccotrasporti.it/percorsi/estivo/linea-d150.pdf,ee2707bdb4a2174008b6819e04b2f2a564e4bef5c2d6f8830e6dc9589f47349b,SCHEDULED_PUBLISHED_TIME_NOT_OBSERVED_RUNTIME,RECONSTRUCTED_FROM_OFFICIAL_PRIMARY_TIMETABLE,,,AMBIGUOUS_HISTORICAL_GTFS,NO_RESOLVED_GTFS_IDENTITY
PDF20260903:D150:P02:C11,D150,8,23,PESCATE (Terzo Ponte),13:23,803,True,MERATE,LECCO,2,11,https://www.leccotrasporti.it/percorsi/estivo/linea-d150.pdf,ee2707bdb4a2174008b6819e04b2f2a564e4bef5c2d6f8830e6dc9589f47349b,SCHEDULED_PUBLISHED_TIME_NOT_OBSERVED_RUNTIME,RECONSTRUCTED_FROM_OFFICIAL_PRIMARY_TIMETABLE,,,AMBIGUOUS_HISTORICAL_GTFS,NO_RESOLVED_GTFS_IDENTITY
PDF20260903:D150:P02:C11,D150,9,24,PESCATE (Insirano),13:25,805,True,MERATE,LECCO,2,11,https://www.leccotrasporti.it/percorsi/estivo/linea-d150.pdf,ee2707bdb4a2174008b6819e04b2f2a564e4bef5c2d6f8830e6dc9589f47349b,SCHEDULED_PUBLISHED_TIME_NOT_OBSERVED_RUNTIME,RECONSTRUCTED_FROM_OFFICIAL_PRIMARY_TIMETABLE,,,AMBIGUOUS_HISTORICAL_GTFS,NO_RESOLVED_GTFS_IDENTITY
PDF20260903:D150:P02:C11,D150,10,25,MALGRATE (Porto),13:32,812,True,MERATE,LECCO,2,11,https://www.leccotrasporti.it/percorsi/estivo/linea-d150.pdf,ee2707bdb4a2174008b6819e04b2f2a564e4bef5c2d6f8830e6dc9589f47349b,SCHEDULED_PUBLISHED_TIME_NOT_OBSERVED_RUNTIME,RECONSTRUCTED_FROM_OFFICIAL_PRIMARY_TIMETABLE,,,NO_HISTORICAL_GTFS_NAME_MATCH,NO_RESOLVED_GTFS_IDENTITY
PDF20260903:D150:P02:C11,D150,11,26,LECCO FS (Via Sassi),13:35,815,True,MERATE,LECCO,2,11,https://www.leccotrasporti.it/percorsi/estivo/linea-d150.pdf,ee2707bdb4a2174008b6819e04b2f2a564e4bef5c2d6f8830e6dc9589f47349b,SCHEDULED_PUBLISHED_TIME_NOT_OBSERVED_RUNTIME,RECONSTRUCTED_FROM_OFFICIAL_PRIMARY_TIMETABLE,,,NO_HISTORICAL_GTFS_NAME_MATCH,NO_RESOLVED_GTFS_IDENTITY
PDF20260903:D150:P02:C11,D150,12,27,LECCO (P.zzale Meridiane),13:40,820,True,MERATE,LECCO,2,11,https://www.leccotrasporti.it/percorsi/estivo/linea-d150.pdf,ee2707bdb4a2174008b6819e04b2f2a564e4bef5c2d6f8830e6dc9589f47349b,SCHEDULED_PUBLISHED_TIME_NOT_OBSERVED_RUNTIME,RECONSTRUCTED_FROM_OFFICIAL_PRIMARY_TIMETABLE,,,NO_HISTORICAL_GTFS_NAME_MATCH,NO_RESOLVED_GTFS_IDENTITY
PDF20260903:D150:P02:C12,D150,1,11,VALGREGHENTINO,13:55,835,True,MERATE,LECCO,2,12,https://www.leccotrasporti.it/percorsi/estivo/linea-d150.pdf,ee2707bdb4a2174008b6819e04b2f2a564e4bef5c2d6f8830e6dc9589f47349b,SCHEDULED_PUBLISHED_TIME_NOT_OBSERVED_RUNTIME,RECONSTRUCTED_FROM_OFFICIAL_PRIMARY_TIMETABLE,,,AMBIGUOUS_HISTORICAL_GTFS,NO_RESOLVED_GTFS_IDENTITY
PDF20260903:D150:P02:C12,D150,2,12,VILLA S.CARLO,14:00,840,True,MERATE,LECCO,2,12,https://www.leccotrasporti.it/percorsi/estivo/linea-d150.pdf,ee2707bdb4a2174008b6819e04b2f2a564e4bef5c2d6f8830e6dc9589f47349b,SCHEDULED_PUBLISHED_TIME_NOT_OBSERVED_RUNTIME,RECONSTRUCTED_FROM_OFFICIAL_PRIMARY_TIMETABLE,,,AMBIGUOUS_HISTORICAL_GTFS,NO_RESOLVED_GTFS_IDENTITY
PDF20260903:D150:P02:C12,D150,3,13,OLGINATE (Capiate),14:05,845,True,MERATE,LECCO,2,12,https://www.leccotrasporti.it/percorsi/estivo/linea-d150.pdf,ee2707bdb4a2174008b6819e04b2f2a564e4bef5c2d6f8830e6dc9589f47349b,SCHEDULED_PUBLISHED_TIME_NOT_OBSERVED_RUNTIME,RECONSTRUCTED_FROM_OFFICIAL_PRIMARY_TIMETABLE,L00852,,RESOLVED_ROUTE_NAME_UNIQUE,GTFS_IDENTIFIED_NOT_IN_V1_STOP_UNIVERSE
PDF20260903:D150:P02:C12,D150,4,14,OLGINATE (P.Villa),14:06,846,True,MERATE,LECCO,2,12,https://www.leccotrasporti.it/percorsi/estivo/linea-d150.pdf,ee2707bdb4a2174008b6819e04b2f2a564e4bef5c2d6f8830e6dc9589f47349b,SCHEDULED_PUBLISHED_TIME_NOT_OBSERVED_RUNTIME,RECONSTRUCTED_FROM_OFFICIAL_PRIMARY_TIMETABLE,,,AMBIGUOUS_HISTORICAL_GTFS,NO_RESOLVED_GTFS_IDENTITY
PDF20260903:D150:P02:C12,D150,5,15,OLGINATE (Chiesa),14:09,849,True,MERATE,LECCO,2,12,https://www.leccotrasporti.it/percorsi/estivo/linea-d150.pdf,ee2707bdb4a2174008b6819e04b2f2a564e4bef5c2d6f8830e6dc9589f47349b,SCHEDULED_PUBLISHED_TIME_NOT_OBSERVED_RUNTIME,RECONSTRUCTED_FROM_OFFICIAL_PRIMARY_TIMETABLE,,,AMBIGUOUS_HISTORICAL_GTFS,NO_RESOLVED_GTFS_IDENTITY
PDF20260903:D150:P02:C12,D150,6,20,GARLATE (Municipio),14:12,852,True,MERATE,LECCO,2,12,https://www.leccotrasporti.it/percorsi/estivo/linea-d150.pdf,ee2707bdb4a2174008b6819e04b2f2a564e4bef5c2d6f8830e6dc9589f47349b,SCHEDULED_PUBLISHED_TIME_NOT_OBSERVED_RUNTIME,RECONSTRUCTED_FROM_OFFICIAL_PRIMARY_TIMETABLE,,,AMBIGUOUS_HISTORICAL_GTFS,NO_RESOLVED_GTFS_IDENTITY
PDF20260903:D150:P02:C12,D150,7,22,PESCATE (Torrette),14:16,856,True,MERATE,LECCO,2,12,https://www.leccotrasporti.it/percorsi/estivo/linea-d150.pdf,ee2707bdb4a2174008b6819e04b2f2a564e4bef5c2d6f8830e6dc9589f47349b,SCHEDULED_PUBLISHED_TIME_NOT_OBSERVED_RUNTIME,RECONSTRUCTED_FROM_OFFICIAL_PRIMARY_TIMETABLE,,,AMBIGUOUS_HISTORICAL_GTFS,NO_RESOLVED_GTFS_IDENTITY
PDF20260903:D150:P02:C12,D150,8,23,PESCATE (Terzo Ponte),14:17,857,True,MERATE,LECCO,2,12,https://www.leccotrasporti.it/percorsi/estivo/linea-d150.pdf,ee2707bdb4a2174008b6819e04b2f2a564e4bef5c2d6f8830e6dc9589f47349b,SCHEDULED_PUBLISHED_TIME_NOT_OBSERVED_RUNTIME,RECONSTRUCTED_FROM_OFFICIAL_PRIMARY_TIMETABLE,,,AMBIGUOUS_HISTORICAL_GTFS,NO_RESOLVED_GTFS_IDENTITY
PDF20260903:D150:P02:C12,D150,9,24,PESCATE (Insirano),14:19,859,True,MERATE,LECCO,2,12,https://www.leccotrasporti.it/percorsi/estivo/linea-d150.pdf,ee2707bdb4a2174008b6819e04b2f2a564e4bef5c2d6f8830e6dc9589f47349b,SCHEDULED_PUBLISHED_TIME_NOT_OBSERVED_RUNTIME,RECONSTRUCTED_FROM_OFFICIAL_PRIMARY_TIMETABLE,,,AMBIGUOUS_HISTORICAL_GTFS,NO_RESOLVED_GTFS_IDENTITY
PDF20260903:D150:P02:C12,D150,10,25,MALGRATE (Porto),14:22,862,True,MERATE,LECCO,2,12,https://www.leccotrasporti.it/percorsi/estivo/linea-d150.pdf,ee2707bdb4a2174008b6819e04b2f2a564e4bef5c2d6f8830e6dc9589f47349b,SCHEDULED_PUBLISHED_TIME_NOT_OBSERVED_RUNTIME,RECONSTRUCTED_FROM_OFFICIAL_PRIMARY_TIMETABLE,,,NO_HISTORICAL_GTFS_NAME_MATCH,NO_RESOLVED_GTFS_IDENTITY
PDF20260903:D150:P02:C12,D150,11,26,LECCO FS (Via Sassi),14:29,869,True,MERATE,LECCO,2,12,https://www.leccotrasporti.it/percorsi/estivo/linea-d150.pdf,ee2707bdb4a2174008b6819e04b2f2a564e4bef5c2d6f8830e6dc9589f47349b,SCHEDULED_PUBLISHED_TIME_NOT_OBSERVED_RUNTIME,RECONSTRUCTED_FROM_OFFICIAL_PRIMARY_TIMETABLE,,,NO_HISTORICAL_GTFS_NAME_MATCH,NO_RESOLVED_GTFS_IDENTITY
PDF20260903:D150:P02:C12,D150,12,27,LECCO (P.zzale Meridiane),14:34,874,True,MERATE,LECCO,2,12,https://www.leccotrasporti.it/percorsi/estivo/linea-d150.pdf,ee2707bdb4a2174008b6819e04b2f2a564e4bef5c2d6f8830e6dc9589f47349b,SCHEDULED_PUBLISHED_TIME_NOT_OBSERVED_RUNTIME,RECONSTRUCTED_FROM_OFFICIAL_PRIMARY_TIMETABLE,,,NO_HISTORICAL_GTFS_NAME_MATCH,NO_RESOLVED_GTFS_IDENTITY
PDF20260903:D150:P02:C13,D150,1,1,MERATE Scuole (Via De Gasperi),13:25,805,True,MERATE,LECCO,2,13,https://www.leccotrasporti.it/percorsi/estivo/linea-d150.pdf,ee2707bdb4a2174008b6819e04b2f2a564e4bef5c2d6f8830e6dc9589f47349b,SCHEDULED_PUBLISHED_TIME_NOT_OBSERVED_RUNTIME,RECONSTRUCTED_FROM_OFFICIAL_PRIMARY_TIMETABLE,300290,,RESOLVED_ROUTE_NAME_UNIQUE,GTFS_IDENTIFIED_NOT_IN_V1_STOP_UNIVERSE
PDF20260903:D150:P02:C13,D150,2,5,IMBERSAGO,13:35,815,True,MERATE,LECCO,2,13,https://www.leccotrasporti.it/percorsi/estivo/linea-d150.pdf,ee2707bdb4a2174008b6819e04b2f2a564e4bef5c2d6f8830e6dc9589f47349b,SCHEDULED_PUBLISHED_TIME_NOT_OBSERVED_RUNTIME,RECONSTRUCTED_FROM_OFFICIAL_PRIMARY_TIMETABLE,,,AMBIGUOUS_HISTORICAL_GTFS,NO_RESOLVED_GTFS_IDENTITY
PDF20260903:D150:P02:C13,D150,3,6,ARLATE,13:37,817,True,MERATE,LECCO,2,13,https://www.leccotrasporti.it/percorsi/estivo/linea-d150.pdf,ee2707bdb4a2174008b6819e04b2f2a564e4bef5c2d6f8830e6dc9589f47349b,SCHEDULED_PUBLISHED_TIME_NOT_OBSERVED_RUNTIME,RECONSTRUCTED_FROM_OFFICIAL_PRIMARY_TIMETABLE,,,AMBIGUOUS_HISTORICAL_GTFS,NO_RESOLVED_GTFS_IDENTITY
PDF20260903:D150:P02:C13,D150,4,7,BRIVIO,13:40,820,True,MERATE,LECCO,2,13,https://www.leccotrasporti.it/percorsi/estivo/linea-d150.pdf,ee2707bdb4a2174008b6819e04b2f2a564e4bef5c2d6f8830e6dc9589f47349b,SCHEDULED_PUBLISHED_TIME_NOT_OBSERVED_RUNTIME,RECONSTRUCTED_FROM_OFFICIAL_PRIMARY_TIMETABLE,,,AMBIGUOUS_HISTORICAL_GTFS,NO_RESOLVED_GTFS_IDENTITY
PDF20260903:D150:P02:C13,D150,5,8,BEVERATE,13:45,825,True,MERATE,LECCO,2,13,https://www.leccotrasporti.it/percorsi/estivo/linea-d150.pdf,ee2707bdb4a2174008b6819e04b2f2a564e4bef5c2d6f8830e6dc9589f47349b,SCHEDULED_PUBLISHED_TIME_NOT_OBSERVED_RUNTIME,RECONSTRUCTED_FROM_OFFICIAL_PRIMARY_TIMETABLE,,,AMBIGUOUS_HISTORICAL_GTFS,NO_RESOLVED_GTFS_IDENTITY
PDF20260903:D150:P02:C13,D150,6,9,AIRUNO (Provinciale),13:47,827,True,MERATE,LECCO,2,13,https://www.leccotrasporti.it/percorsi/estivo/linea-d150.pdf,ee2707bdb4a2174008b6819e04b2f2a564e4bef5c2d6f8830e6dc9589f47349b,SCHEDULED_PUBLISHED_TIME_NOT_OBSERVED_RUNTIME,RECONSTRUCTED_FROM_OFFICIAL_PRIMARY_TIMETABLE,,,NO_HISTORICAL_GTFS_NAME_MATCH,NO_RESOLVED_GTFS_IDENTITY
PDF20260903:D150:P02:C13,D150,7,13,OLGINATE (Capiate),13:51,831,True,MERATE,LECCO,2,13,https://www.leccotrasporti.it/percorsi/estivo/linea-d150.pdf,ee2707bdb4a2174008b6819e04b2f2a564e4bef5c2d6f8830e6dc9589f47349b,SCHEDULED_PUBLISHED_TIME_NOT_OBSERVED_RUNTIME,RECONSTRUCTED_FROM_OFFICIAL_PRIMARY_TIMETABLE,L00852,,RESOLVED_ROUTE_NAME_UNIQUE,GTFS_IDENTIFIED_NOT_IN_V1_STOP_UNIVERSE
PDF20260903:D150:P02:C13,D150,8,14,OLGINATE (P.Villa),13:52,832,True,MERATE,LECCO,2,13,https://www.leccotrasporti.it/percorsi/estivo/linea-d150.pdf,ee2707bdb4a2174008b6819e04b2f2a564e4bef5c2d6f8830e6dc9589f47349b,SCHEDULED_PUBLISHED_TIME_NOT_OBSERVED_RUNTIME,RECONSTRUCTED_FROM_OFFICIAL_PRIMARY_TIMETABLE,,,AMBIGUOUS_HISTORICAL_GTFS,NO_RESOLVED_GTFS_IDENTITY
PDF20260903:D150:P02:C13,D150,9,15,OLGINATE (Chiesa),13:55,835,True,MERATE,LECCO,2,13,https://www.leccotrasporti.it/percorsi/estivo/linea-d150.pdf,ee2707bdb4a2174008b6819e04b2f2a564e4bef5c2d6f8830e6dc9589f47349b,SCHEDULED_PUBLISHED_TIME_NOT_OBSERVED_RUNTIME,RECONSTRUCTED_FROM_OFFICIAL_PRIMARY_TIMETABLE,,,AMBIGUOUS_HISTORICAL_GTFS,NO_RESOLVED_GTFS_IDENTITY
PDF20260903:D150:P02:C13,D150,10,20,GARLATE (Municipio),13:58,838,True,MERATE,LECCO,2,13,https://www.leccotrasporti.it/percorsi/estivo/linea-d150.pdf,ee2707bdb4a2174008b6819e04b2f2a564e4bef5c2d6f8830e6dc9589f47349b,SCHEDULED_PUBLISHED_TIME_NOT_OBSERVED_RUNTIME,RECONSTRUCTED_FROM_OFFICIAL_PRIMARY_TIMETABLE,,,AMBIGUOUS_HISTORICAL_GTFS,NO_RESOLVED_GTFS_IDENTITY
PDF20260903:D150:P02:C13,D150,11,22,PESCATE (Torrette),14:02,842,True,MERATE,LECCO,2,13,https://www.leccotrasporti.it/percorsi/estivo/linea-d150.pdf,ee2707bdb4a2174008b6819e04b2f2a564e4bef5c2d6f8830e6dc9589f47349b,SCHEDULED_PUBLISHED_TIME_NOT_OBSERVED_RUNTIME,RECONSTRUCTED_FROM_OFFICIAL_PRIMARY_TIMETABLE,,,AMBIGUOUS_HISTORICAL_GTFS,NO_RESOLVED_GTFS_IDENTITY
PDF20260903:D150:P02:C13,D150,12,23,PESCATE (Terzo Ponte),14:04,844,True,MERATE,LECCO,2,13,https://www.leccotrasporti.it/percorsi/estivo/linea-d150.pdf,ee2707bdb4a2174008b6819e04b2f2a564e4bef5c2d6f8830e6dc9589f47349b,SCHEDULED_PUBLISHED_TIME_NOT_OBSERVED_RUNTIME,RECONSTRUCTED_FROM_OFFICIAL_PRIMARY_TIMETABLE,,,AMBIGUOUS_HISTORICAL_GTFS,NO_RESOLVED_GTFS_IDENTITY
PDF20260903:D150:P02:C13,D150,13,24,PESCATE (Insirano),14:05,845,True,MERATE,LECCO,2,13,https://www.leccotrasporti.it/percorsi/estivo/linea-d150.pdf,ee2707bdb4a2174008b6819e04b2f2a564e4bef5c2d6f8830e6dc9589f47349b,SCHEDULED_PUBLISHED_TIME_NOT_OBSERVED_RUNTIME,RECONSTRUCTED_FROM_OFFICIAL_PRIMARY_TIMETABLE,,,AMBIGUOUS_HISTORICAL_GTFS,NO_RESOLVED_GTFS_IDENTITY
PDF20260903:D150:P02:C13,D150,14,25,MALGRATE (Porto),14:08,848,True,MERATE,LECCO,2,13,https://www.leccotrasporti.it/percorsi/estivo/linea-d150.pdf,ee2707bdb4a2174008b6819e04b2f2a564e4bef5c2d6f8830e6dc9589f47349b,SCHEDULED_PUBLISHED_TIME_NOT_OBSERVED_RUNTIME,RECONSTRUCTED_FROM_OFFICIAL_PRIMARY_TIMETABLE,,,NO_HISTORICAL_GTFS_NAME_MATCH,NO_RESOLVED_GTFS_IDENTITY
PDF20260903:D150:P02:C13,D150,15,26,LECCO FS (Via Sassi),14:10,850,True,MERATE,LECCO,2,13,https://www.leccotrasporti.it/percorsi/estivo/linea-d150.pdf,ee2707bdb4a2174008b6819e04b2f2a564e4bef5c2d6f8830e6dc9589f47349b,SCHEDULED_PUBLISHED_TIME_NOT_OBSERVED_RUNTIME,RECONSTRUCTED_FROM_OFFICIAL_PRIMARY_TIMETABLE,,,NO_HISTORICAL_GTFS_NAME_MATCH,NO_RESOLVED_GTFS_IDENTITY
PDF20260903:D150:P02:C13,D150,16,27,LECCO (P.zzale Meridiane),14:15,855,True,MERATE,LECCO,2,13,https://www.leccotrasporti.it/percorsi/estivo/linea-d150.pdf,ee2707bdb4a2174008b6819e04b2f2a564e4bef5c2d6f8830e6dc9589f47349b,SCHEDULED_PUBLISHED_TIME_NOT_OBSERVED_RUNTIME,RECONSTRUCTED_FROM_OFFICIAL_PRIMARY_TIMETABLE,,,NO_HISTORICAL_GTFS_NAME_MATCH,NO_RESOLVED_GTFS_IDENTITY
PDF20260903:D150:P02:C14,D150,1,11,VALGREGHENTINO,15:15,915,False,MERATE,LECCO,2,14,https://www.leccotrasporti.it/percorsi/estivo/linea-d150.pdf,ee2707bdb4a2174008b6819e04b2f2a564e4bef5c2d6f8830e6dc9589f47349b,SCHEDULED_PUBLISHED_TIME_NOT_OBSERVED_RUNTIME,RECONSTRUCTED_FROM_OFFICIAL_PRIMARY_TIMETABLE,,,AMBIGUOUS_HISTORICAL_GTFS,NO_RESOLVED_GTFS_IDENTITY
PDF20260903:D150:P02:C14,D150,2,12,VILLA S.CARLO,15:20,920,False,MERATE,LECCO,2,14,https://www.leccotrasporti.it/percorsi/estivo/linea-d150.pdf,ee2707bdb4a2174008b6819e04b2f2a564e4bef5c2d6f8830e6dc9589f47349b,SCHEDULED_PUBLISHED_TIME_NOT_OBSERVED_RUNTIME,RECONSTRUCTED_FROM_OFFICIAL_PRIMARY_TIMETABLE,,,AMBIGUOUS_HISTORICAL_GTFS,NO_RESOLVED_GTFS_IDENTITY
PDF20260903:D150:P02:C14,D150,3,13,OLGINATE (Capiate),15:25,925,False,MERATE,LECCO,2,14,https://www.leccotrasporti.it/percorsi/estivo/linea-d150.pdf,ee2707bdb4a2174008b6819e04b2f2a564e4bef5c2d6f8830e6dc9589f47349b,SCHEDULED_PUBLISHED_TIME_NOT_OBSERVED_RUNTIME,RECONSTRUCTED_FROM_OFFICIAL_PRIMARY_TIMETABLE,L00852,,RESOLVED_ROUTE_NAME_UNIQUE,GTFS_IDENTIFIED_NOT_IN_V1_STOP_UNIVERSE
PDF20260903:D150:P02:C14,D150,4,14,OLGINATE (P.Villa),15:26,926,False,MERATE,LECCO,2,14,https://www.leccotrasporti.it/percorsi/estivo/linea-d150.pdf,ee2707bdb4a2174008b6819e04b2f2a564e4bef5c2d6f8830e6dc9589f47349b,SCHEDULED_PUBLISHED_TIME_NOT_OBSERVED_RUNTIME,RECONSTRUCTED_FROM_OFFICIAL_PRIMARY_TIMETABLE,,,AMBIGUOUS_HISTORICAL_GTFS,NO_RESOLVED_GTFS_IDENTITY
PDF20260903:D150:P02:C14,D150,5,15,OLGINATE (Chiesa),15:29,929,False,MERATE,LECCO,2,14,https://www.leccotrasporti.it/percorsi/estivo/linea-d150.pdf,ee2707bdb4a2174008b6819e04b2f2a564e4bef5c2d6f8830e6dc9589f47349b,SCHEDULED_PUBLISHED_TIME_NOT_OBSERVED_RUNTIME,RECONSTRUCTED_FROM_OFFICIAL_PRIMARY_TIMETABLE,,,AMBIGUOUS_HISTORICAL_GTFS,NO_RESOLVED_GTFS_IDENTITY
PDF20260903:D150:P02:C14,D150,6,20,GARLATE (Municipio),15:32,932,False,MERATE,LECCO,2,14,https://www.leccotrasporti.it/percorsi/estivo/linea-d150.pdf,ee2707bdb4a2174008b6819e04b2f2a564e4bef5c2d6f8830e6dc9589f47349b,SCHEDULED_PUBLISHED_TIME_NOT_OBSERVED_RUNTIME,RECONSTRUCTED_FROM_OFFICIAL_PRIMARY_TIMETABLE,,,AMBIGUOUS_HISTORICAL_GTFS,NO_RESOLVED_GTFS_IDENTITY
PDF20260903:D150:P02:C14,D150,7,22,PESCATE (Torrette),15:36,936,False,MERATE,LECCO,2,14,https://www.leccotrasporti.it/percorsi/estivo/linea-d150.pdf,ee2707bdb4a2174008b6819e04b2f2a564e4bef5c2d6f8830e6dc9589f47349b,SCHEDULED_PUBLISHED_TIME_NOT_OBSERVED_RUNTIME,RECONSTRUCTED_FROM_OFFICIAL_PRIMARY_TIMETABLE,,,AMBIGUOUS_HISTORICAL_GTFS,NO_RESOLVED_GTFS_IDENTITY
PDF20260903:D150:P02:C14,D150,8,23,PESCATE (Terzo Ponte),15:37,937,False,MERATE,LECCO,2,14,https://www.leccotrasporti.it/percorsi/estivo/linea-d150.pdf,ee2707bdb4a2174008b6819e04b2f2a564e4bef5c2d6f8830e6dc9589f47349b,SCHEDULED_PUBLISHED_TIME_NOT_OBSERVED_RUNTIME,RECONSTRUCTED_FROM_OFFICIAL_PRIMARY_TIMETABLE,,,AMBIGUOUS_HISTORICAL_GTFS,NO_RESOLVED_GTFS_IDENTITY
PDF20260903:D150:P02:C14,D150,9,24,PESCATE (Insirano),15:39,939,False,MERATE,LECCO,2,14,https://www.leccotrasporti.it/percorsi/estivo/linea-d150.pdf,ee2707bdb4a2174008b6819e04b2f2a564e4bef5c2d6f8830e6dc9589f47349b,SCHEDULED_PUBLISHED_TIME_NOT_OBSERVED_RUNTIME,RECONSTRUCTED_FROM_OFFICIAL_PRIMARY_TIMETABLE,,,AMBIGUOUS_HISTORICAL_GTFS,NO_RESOLVED_GTFS_IDENTITY
PDF20260903:D150:P02:C14,D150,10,25,MALGRATE (Porto),15:42,942,False,MERATE,LECCO,2,14,https://www.leccotrasporti.it/percorsi/estivo/linea-d150.pdf,ee2707bdb4a2174008b6819e04b2f2a564e4bef5c2d6f8830e6dc9589f47349b,SCHEDULED_PUBLISHED_TIME_NOT_OBSERVED_RUNTIME,RECONSTRUCTED_FROM_OFFICIAL_PRIMARY_TIMETABLE,,,NO_HISTORICAL_GTFS_NAME_MATCH,NO_RESOLVED_GTFS_IDENTITY
PDF20260903:D150:P02:C14,D150,11,26,LECCO FS (Via Sassi),15:49,949,False,MERATE,LECCO,2,14,https://www.leccotrasporti.it/percorsi/estivo/linea-d150.pdf,ee2707bdb4a2174008b6819e04b2f2a564e4bef5c2d6f8830e6dc9589f47349b,SCHEDULED_PUBLISHED_TIME_NOT_OBSERVED_RUNTIME,RECONSTRUCTED_FROM_OFFICIAL_PRIMARY_TIMETABLE,,,NO_HISTORICAL_GTFS_NAME_MATCH,NO_RESOLVED_GTFS_IDENTITY
PDF20260903:D150:P02:C14,D150,12,27,LECCO (P.zzale Meridiane),15:54,954,False,MERATE,LECCO,2,14,https://www.leccotrasporti.it/percorsi/estivo/linea-d150.pdf,ee2707bdb4a2174008b6819e04b2f2a564e4bef5c2d6f8830e6dc9589f47349b,SCHEDULED_PUBLISHED_TIME_NOT_OBSERVED_RUNTIME,RECONSTRUCTED_FROM_OFFICIAL_PRIMARY_TIMETABLE,,,NO_HISTORICAL_GTFS_NAME_MATCH,NO_RESOLVED_GTFS_IDENTITY
PDF20260903:D150:P02:C15,D150,1,11,VALGREGHENTINO,15:22,922,True,MERATE,LECCO,2,15,https://www.leccotrasporti.it/percorsi/estivo/linea-d150.pdf,ee2707bdb4a2174008b6819e04b2f2a564e4bef5c2d6f8830e6dc9589f47349b,SCHEDULED_PUBLISHED_TIME_NOT_OBSERVED_RUNTIME,RECONSTRUCTED_FROM_OFFICIAL_PRIMARY_TIMETABLE,,,AMBIGUOUS_HISTORICAL_GTFS,NO_RESOLVED_GTFS_IDENTITY
PDF20260903:D150:P02:C15,D150,2,12,VILLA S.CARLO,15:27,927,True,MERATE,LECCO,2,15,https://www.leccotrasporti.it/percorsi/estivo/linea-d150.pdf,ee2707bdb4a2174008b6819e04b2f2a564e4bef5c2d6f8830e6dc9589f47349b,SCHEDULED_PUBLISHED_TIME_NOT_OBSERVED_RUNTIME,RECONSTRUCTED_FROM_OFFICIAL_PRIMARY_TIMETABLE,,,AMBIGUOUS_HISTORICAL_GTFS,NO_RESOLVED_GTFS_IDENTITY
PDF20260903:D150:P02:C15,D150,3,13,OLGINATE (Capiate),15:32,932,True,MERATE,LECCO,2,15,https://www.leccotrasporti.it/percorsi/estivo/linea-d150.pdf,ee2707bdb4a2174008b6819e04b2f2a564e4bef5c2d6f8830e6dc9589f47349b,SCHEDULED_PUBLISHED_TIME_NOT_OBSERVED_RUNTIME,RECONSTRUCTED_FROM_OFFICIAL_PRIMARY_TIMETABLE,L00852,,RESOLVED_ROUTE_NAME_UNIQUE,GTFS_IDENTIFIED_NOT_IN_V1_STOP_UNIVERSE
PDF20260903:D150:P02:C15,D150,4,14,OLGINATE (P.Villa),15:33,933,True,MERATE,LECCO,2,15,https://www.leccotrasporti.it/percorsi/estivo/linea-d150.pdf,ee2707bdb4a2174008b6819e04b2f2a564e4bef5c2d6f8830e6dc9589f47349b,SCHEDULED_PUBLISHED_TIME_NOT_OBSERVED_RUNTIME,RECONSTRUCTED_FROM_OFFICIAL_PRIMARY_TIMETABLE,,,AMBIGUOUS_HISTORICAL_GTFS,NO_RESOLVED_GTFS_IDENTITY
PDF20260903:D150:P02:C15,D150,5,15,OLGINATE (Chiesa),15:36,936,True,MERATE,LECCO,2,15,https://www.leccotrasporti.it/percorsi/estivo/linea-d150.pdf,ee2707bdb4a2174008b6819e04b2f2a564e4bef5c2d6f8830e6dc9589f47349b,SCHEDULED_PUBLISHED_TIME_NOT_OBSERVED_RUNTIME,RECONSTRUCTED_FROM_OFFICIAL_PRIMARY_TIMETABLE,,,AMBIGUOUS_HISTORICAL_GTFS,NO_RESOLVED_GTFS_IDENTITY
PDF20260903:D150:P02:C15,D150,6,16,OLGINATE (Ponte),15:36,936,True,MERATE,LECCO,2,15,https://www.leccotrasporti.it/percorsi/estivo/linea-d150.pdf,ee2707bdb4a2174008b6819e04b2f2a564e4bef5c2d6f8830e6dc9589f47349b,SCHEDULED_PUBLISHED_TIME_NOT_OBSERVED_RUNTIME,RECONSTRUCTED_FROM_OFFICIAL_PRIMARY_TIMETABLE,,,AMBIGUOUS_HISTORICAL_GTFS,NO_RESOLVED_GTFS_IDENTITY
PDF20260903:D150:P02:C15,D150,7,17,CALOLZIO F.S.,15:41,941,True,MERATE,LECCO,2,15,https://www.leccotrasporti.it/percorsi/estivo/linea-d150.pdf,ee2707bdb4a2174008b6819e04b2f2a564e4bef5c2d6f8830e6dc9589f47349b,SCHEDULED_PUBLISHED_TIME_NOT_OBSERVED_RUNTIME,RECONSTRUCTED_FROM_OFFICIAL_PRIMARY_TIMETABLE,,,NO_HISTORICAL_GTFS_NAME_MATCH,NO_RESOLVED_GTFS_IDENTITY
PDF20260903:D150:P02:C15,D150,8,19,OLGINATE (Ponte),15:45,945,True,MERATE,LECCO,2,15,https://www.leccotrasporti.it/percorsi/estivo/linea-d150.pdf,ee2707bdb4a2174008b6819e04b2f2a564e4bef5c2d6f8830e6dc9589f47349b,SCHEDULED_PUBLISHED_TIME_NOT_OBSERVED_RUNTIME,RECONSTRUCTED_FROM_OFFICIAL_PRIMARY_TIMETABLE,,,AMBIGUOUS_HISTORICAL_GTFS,NO_RESOLVED_GTFS_IDENTITY
PDF20260903:D150:P02:C15,D150,9,20,GARLATE (Municipio),15:47,947,True,MERATE,LECCO,2,15,https://www.leccotrasporti.it/percorsi/estivo/linea-d150.pdf,ee2707bdb4a2174008b6819e04b2f2a564e4bef5c2d6f8830e6dc9589f47349b,SCHEDULED_PUBLISHED_TIME_NOT_OBSERVED_RUNTIME,RECONSTRUCTED_FROM_OFFICIAL_PRIMARY_TIMETABLE,,,AMBIGUOUS_HISTORICAL_GTFS,NO_RESOLVED_GTFS_IDENTITY
PDF20260903:D150:P02:C15,D150,10,22,PESCATE (Torrette),15:51,951,True,MERATE,LECCO,2,15,https://www.leccotrasporti.it/percorsi/estivo/linea-d150.pdf,ee2707bdb4a2174008b6819e04b2f2a564e4bef5c2d6f8830e6dc9589f47349b,SCHEDULED_PUBLISHED_TIME_NOT_OBSERVED_RUNTIME,RECONSTRUCTED_FROM_OFFICIAL_PRIMARY_TIMETABLE,,,AMBIGUOUS_HISTORICAL_GTFS,NO_RESOLVED_GTFS_IDENTITY
PDF20260903:D150:P02:C15,D150,11,23,PESCATE (Terzo Ponte),15:52,952,True,MERATE,LECCO,2,15,https://www.leccotrasporti.it/percorsi/estivo/linea-d150.pdf,ee2707bdb4a2174008b6819e04b2f2a564e4bef5c2d6f8830e6dc9589f47349b,SCHEDULED_PUBLISHED_TIME_NOT_OBSERVED_RUNTIME,RECONSTRUCTED_FROM_OFFICIAL_PRIMARY_TIMETABLE,,,AMBIGUOUS_HISTORICAL_GTFS,NO_RESOLVED_GTFS_IDENTITY
PDF20260903:D150:P02:C15,D150,12,24,PESCATE (Insirano),15:54,954,True,MERATE,LECCO,2,15,https://www.leccotrasporti.it/percorsi/estivo/linea-d150.pdf,ee2707bdb4a2174008b6819e04b2f2a564e4bef5c2d6f8830e6dc9589f47349b,SCHEDULED_PUBLISHED_TIME_NOT_OBSERVED_RUNTIME,RECONSTRUCTED_FROM_OFFICIAL_PRIMARY_TIMETABLE,,,AMBIGUOUS_HISTORICAL_GTFS,NO_RESOLVED_GTFS_IDENTITY
PDF20260903:D150:P02:C15,D150,13,25,MALGRATE (Porto),15:57,957,True,MERATE,LECCO,2,15,https://www.leccotrasporti.it/percorsi/estivo/linea-d150.pdf,ee2707bdb4a2174008b6819e04b2f2a564e4bef5c2d6f8830e6dc9589f47349b,SCHEDULED_PUBLISHED_TIME_NOT_OBSERVED_RUNTIME,RECONSTRUCTED_FROM_OFFICIAL_PRIMARY_TIMETABLE,,,NO_HISTORICAL_GTFS_NAME_MATCH,NO_RESOLVED_GTFS_IDENTITY
PDF20260903:D150:P02:C15,D150,14,26,LECCO FS (Via Sassi),16:04,964,True,MERATE,LECCO,2,15,https://www.leccotrasporti.it/percorsi/estivo/linea-d150.pdf,ee2707bdb4a2174008b6819e04b2f2a564e4bef5c2d6f8830e6dc9589f47349b,SCHEDULED_PUBLISHED_TIME_NOT_OBSERVED_RUNTIME,RECONSTRUCTED_FROM_OFFICIAL_PRIMARY_TIMETABLE,,,NO_HISTORICAL_GTFS_NAME_MATCH,NO_RESOLVED_GTFS_IDENTITY
PDF20260903:D150:P02:C15,D150,15,27,LECCO (P.zzale Meridiane),16:09,969,True,MERATE,LECCO,2,15,https://www.leccotrasporti.it/percorsi/estivo/linea-d150.pdf,ee2707bdb4a2174008b6819e04b2f2a564e4bef5c2d6f8830e6dc9589f47349b,SCHEDULED_PUBLISHED_TIME_NOT_OBSERVED_RUNTIME,RECONSTRUCTED_FROM_OFFICIAL_PRIMARY_TIMETABLE,,,NO_HISTORICAL_GTFS_NAME_MATCH,NO_RESOLVED_GTFS_IDENTITY
PDF20260903:D150:P02:C16,D150,1,11,VALGREGHENTINO,17:22,1042,True,MERATE,LECCO,2,16,https://www.leccotrasporti.it/percorsi/estivo/linea-d150.pdf,ee2707bdb4a2174008b6819e04b2f2a564e4bef5c2d6f8830e6dc9589f47349b,SCHEDULED_PUBLISHED_TIME_NOT_OBSERVED_RUNTIME,RECONSTRUCTED_FROM_OFFICIAL_PRIMARY_TIMETABLE,,,AMBIGUOUS_HISTORICAL_GTFS,NO_RESOLVED_GTFS_IDENTITY
PDF20260903:D150:P02:C16,D150,2,12,VILLA S.CARLO,17:27,1047,True,MERATE,LECCO,2,16,https://www.leccotrasporti.it/percorsi/estivo/linea-d150.pdf,ee2707bdb4a2174008b6819e04b2f2a564e4bef5c2d6f8830e6dc9589f47349b,SCHEDULED_PUBLISHED_TIME_NOT_OBSERVED_RUNTIME,RECONSTRUCTED_FROM_OFFICIAL_PRIMARY_TIMETABLE,,,AMBIGUOUS_HISTORICAL_GTFS,NO_RESOLVED_GTFS_IDENTITY
PDF20260903:D150:P02:C16,D150,3,13,OLGINATE (Capiate),17:32,1052,True,MERATE,LECCO,2,16,https://www.leccotrasporti.it/percorsi/estivo/linea-d150.pdf,ee2707bdb4a2174008b6819e04b2f2a564e4bef5c2d6f8830e6dc9589f47349b,SCHEDULED_PUBLISHED_TIME_NOT_OBSERVED_RUNTIME,RECONSTRUCTED_FROM_OFFICIAL_PRIMARY_TIMETABLE,L00852,,RESOLVED_ROUTE_NAME_UNIQUE,GTFS_IDENTIFIED_NOT_IN_V1_STOP_UNIVERSE
PDF20260903:D150:P02:C16,D150,4,14,OLGINATE (P.Villa),17:33,1053,True,MERATE,LECCO,2,16,https://www.leccotrasporti.it/percorsi/estivo/linea-d150.pdf,ee2707bdb4a2174008b6819e04b2f2a564e4bef5c2d6f8830e6dc9589f47349b,SCHEDULED_PUBLISHED_TIME_NOT_OBSERVED_RUNTIME,RECONSTRUCTED_FROM_OFFICIAL_PRIMARY_TIMETABLE,,,AMBIGUOUS_HISTORICAL_GTFS,NO_RESOLVED_GTFS_IDENTITY
PDF20260903:D150:P02:C16,D150,5,15,OLGINATE (Chiesa),17:36,1056,True,MERATE,LECCO,2,16,https://www.leccotrasporti.it/percorsi/estivo/linea-d150.pdf,ee2707bdb4a2174008b6819e04b2f2a564e4bef5c2d6f8830e6dc9589f47349b,SCHEDULED_PUBLISHED_TIME_NOT_OBSERVED_RUNTIME,RECONSTRUCTED_FROM_OFFICIAL_PRIMARY_TIMETABLE,,,AMBIGUOUS_HISTORICAL_GTFS,NO_RESOLVED_GTFS_IDENTITY
PDF20260903:D150:P02:C16,D150,6,16,OLGINATE (Ponte),17:36,1056,True,MERATE,LECCO,2,16,https://www.leccotrasporti.it/percorsi/estivo/linea-d150.pdf,ee2707bdb4a2174008b6819e04b2f2a564e4bef5c2d6f8830e6dc9589f47349b,SCHEDULED_PUBLISHED_TIME_NOT_OBSERVED_RUNTIME,RECONSTRUCTED_FROM_OFFICIAL_PRIMARY_TIMETABLE,,,AMBIGUOUS_HISTORICAL_GTFS,NO_RESOLVED_GTFS_IDENTITY
PDF20260903:D150:P02:C16,D150,7,17,CALOLZIO F.S.,17:41,1061,True,MERATE,LECCO,2,16,https://www.leccotrasporti.it/percorsi/estivo/linea-d150.pdf,ee2707bdb4a2174008b6819e04b2f2a564e4bef5c2d6f8830e6dc9589f47349b,SCHEDULED_PUBLISHED_TIME_NOT_OBSERVED_RUNTIME,RECONSTRUCTED_FROM_OFFICIAL_PRIMARY_TIMETABLE,,,NO_HISTORICAL_GTFS_NAME_MATCH,NO_RESOLVED_GTFS_IDENTITY
PDF20260903:D150:P02:C16,D150,8,19,OLGINATE (Ponte),17:45,1065,True,MERATE,LECCO,2,16,https://www.leccotrasporti.it/percorsi/estivo/linea-d150.pdf,ee2707bdb4a2174008b6819e04b2f2a564e4bef5c2d6f8830e6dc9589f47349b,SCHEDULED_PUBLISHED_TIME_NOT_OBSERVED_RUNTIME,RECONSTRUCTED_FROM_OFFICIAL_PRIMARY_TIMETABLE,,,AMBIGUOUS_HISTORICAL_GTFS,NO_RESOLVED_GTFS_IDENTITY
PDF20260903:D150:P02:C16,D150,9,20,GARLATE (Municipio),17:47,1067,True,MERATE,LECCO,2,16,https://www.leccotrasporti.it/percorsi/estivo/linea-d150.pdf,ee2707bdb4a2174008b6819e04b2f2a564e4bef5c2d6f8830e6dc9589f47349b,SCHEDULED_PUBLISHED_TIME_NOT_OBSERVED_RUNTIME,RECONSTRUCTED_FROM_OFFICIAL_PRIMARY_TIMETABLE,,,AMBIGUOUS_HISTORICAL_GTFS,NO_RESOLVED_GTFS_IDENTITY
PDF20260903:D150:P02:C16,D150,10,22,PESCATE (Torrette),17:51,1071,True,MERATE,LECCO,2,16,https://www.leccotrasporti.it/percorsi/estivo/linea-d150.pdf,ee2707bdb4a2174008b6819e04b2f2a564e4bef5c2d6f8830e6dc9589f47349b,SCHEDULED_PUBLISHED_TIME_NOT_OBSERVED_RUNTIME,RECONSTRUCTED_FROM_OFFICIAL_PRIMARY_TIMETABLE,,,AMBIGUOUS_HISTORICAL_GTFS,NO_RESOLVED_GTFS_IDENTITY
PDF20260903:D150:P02:C16,D150,11,23,PESCATE (Terzo Ponte),17:52,1072,True,MERATE,LECCO,2,16,https://www.leccotrasporti.it/percorsi/estivo/linea-d150.pdf,ee2707bdb4a2174008b6819e04b2f2a564e4bef5c2d6f8830e6dc9589f47349b,SCHEDULED_PUBLISHED_TIME_NOT_OBSERVED_RUNTIME,RECONSTRUCTED_FROM_OFFICIAL_PRIMARY_TIMETABLE,,,AMBIGUOUS_HISTORICAL_GTFS,NO_RESOLVED_GTFS_IDENTITY
PDF20260903:D150:P02:C16,D150,12,24,PESCATE (Insirano),17:54,1074,True,MERATE,LECCO,2,16,https://www.leccotrasporti.it/percorsi/estivo/linea-d150.pdf,ee2707bdb4a2174008b6819e04b2f2a564e4bef5c2d6f8830e6dc9589f47349b,SCHEDULED_PUBLISHED_TIME_NOT_OBSERVED_RUNTIME,RECONSTRUCTED_FROM_OFFICIAL_PRIMARY_TIMETABLE,,,AMBIGUOUS_HISTORICAL_GTFS,NO_RESOLVED_GTFS_IDENTITY
PDF20260903:D150:P02:C16,D150,13,25,MALGRATE (Porto),17:57,1077,True,MERATE,LECCO,2,16,https://www.leccotrasporti.it/percorsi/estivo/linea-d150.pdf,ee2707bdb4a2174008b6819e04b2f2a564e4bef5c2d6f8830e6dc9589f47349b,SCHEDULED_PUBLISHED_TIME_NOT_OBSERVED_RUNTIME,RECONSTRUCTED_FROM_OFFICIAL_PRIMARY_TIMETABLE,,,NO_HISTORICAL_GTFS_NAME_MATCH,NO_RESOLVED_GTFS_IDENTITY
PDF20260903:D150:P02:C16,D150,14,26,LECCO FS (Via Sassi),18:04,1084,True,MERATE,LECCO,2,16,https://www.leccotrasporti.it/percorsi/estivo/linea-d150.pdf,ee2707bdb4a2174008b6819e04b2f2a564e4bef5c2d6f8830e6dc9589f47349b,SCHEDULED_PUBLISHED_TIME_NOT_OBSERVED_RUNTIME,RECONSTRUCTED_FROM_OFFICIAL_PRIMARY_TIMETABLE,,,NO_HISTORICAL_GTFS_NAME_MATCH,NO_RESOLVED_GTFS_IDENTITY
PDF20260903:D150:P02:C16,D150,15,27,LECCO (P.zzale Meridiane),18:09,1089,True,MERATE,LECCO,2,16,https://www.leccotrasporti.it/percorsi/estivo/linea-d150.pdf,ee2707bdb4a2174008b6819e04b2f2a564e4bef5c2d6f8830e6dc9589f47349b,SCHEDULED_PUBLISHED_TIME_NOT_OBSERVED_RUNTIME,RECONSTRUCTED_FROM_OFFICIAL_PRIMARY_TIMETABLE,,,NO_HISTORICAL_GTFS_NAME_MATCH,NO_RESOLVED_GTFS_IDENTITY
PDF20260903:D150:P02:C17,D150,1,11,VALGREGHENTINO,17:22,1042,False,MERATE,LECCO,2,17,https://www.leccotrasporti.it/percorsi/estivo/linea-d150.pdf,ee2707bdb4a2174008b6819e04b2f2a564e4bef5c2d6f8830e6dc9589f47349b,SCHEDULED_PUBLISHED_TIME_NOT_OBSERVED_RUNTIME,RECONSTRUCTED_FROM_OFFICIAL_PRIMARY_TIMETABLE,,,AMBIGUOUS_HISTORICAL_GTFS,NO_RESOLVED_GTFS_IDENTITY
PDF20260903:D150:P02:C17,D150,2,12,VILLA S.CARLO,17:27,1047,False,MERATE,LECCO,2,17,https://www.leccotrasporti.it/percorsi/estivo/linea-d150.pdf,ee2707bdb4a2174008b6819e04b2f2a564e4bef5c2d6f8830e6dc9589f47349b,SCHEDULED_PUBLISHED_TIME_NOT_OBSERVED_RUNTIME,RECONSTRUCTED_FROM_OFFICIAL_PRIMARY_TIMETABLE,,,AMBIGUOUS_HISTORICAL_GTFS,NO_RESOLVED_GTFS_IDENTITY
PDF20260903:D150:P02:C17,D150,3,13,OLGINATE (Capiate),17:32,1052,False,MERATE,LECCO,2,17,https://www.leccotrasporti.it/percorsi/estivo/linea-d150.pdf,ee2707bdb4a2174008b6819e04b2f2a564e4bef5c2d6f8830e6dc9589f47349b,SCHEDULED_PUBLISHED_TIME_NOT_OBSERVED_RUNTIME,RECONSTRUCTED_FROM_OFFICIAL_PRIMARY_TIMETABLE,L00852,,RESOLVED_ROUTE_NAME_UNIQUE,GTFS_IDENTIFIED_NOT_IN_V1_STOP_UNIVERSE
PDF20260903:D150:P02:C17,D150,4,14,OLGINATE (P.Villa),17:33,1053,False,MERATE,LECCO,2,17,https://www.leccotrasporti.it/percorsi/estivo/linea-d150.pdf,ee2707bdb4a2174008b6819e04b2f2a564e4bef5c2d6f8830e6dc9589f47349b,SCHEDULED_PUBLISHED_TIME_NOT_OBSERVED_RUNTIME,RECONSTRUCTED_FROM_OFFICIAL_PRIMARY_TIMETABLE,,,AMBIGUOUS_HISTORICAL_GTFS,NO_RESOLVED_GTFS_IDENTITY
PDF20260903:D150:P02:C17,D150,5,15,OLGINATE (Chiesa),17:36,1056,False,MERATE,LECCO,2,17,https://www.leccotrasporti.it/percorsi/estivo/linea-d150.pdf,ee2707bdb4a2174008b6819e04b2f2a564e4bef5c2d6f8830e6dc9589f47349b,SCHEDULED_PUBLISHED_TIME_NOT_OBSERVED_RUNTIME,RECONSTRUCTED_FROM_OFFICIAL_PRIMARY_TIMETABLE,,,AMBIGUOUS_HISTORICAL_GTFS,NO_RESOLVED_GTFS_IDENTITY
PDF20260903:D150:P02:C17,D150,6,16,OLGINATE (Ponte),17:36,1056,False,MERATE,LECCO,2,17,https://www.leccotrasporti.it/percorsi/estivo/linea-d150.pdf,ee2707bdb4a2174008b6819e04b2f2a564e4bef5c2d6f8830e6dc9589f47349b,SCHEDULED_PUBLISHED_TIME_NOT_OBSERVED_RUNTIME,RECONSTRUCTED_FROM_OFFICIAL_PRIMARY_TIMETABLE,,,AMBIGUOUS_HISTORICAL_GTFS,NO_RESOLVED_GTFS_IDENTITY
PDF20260903:D150:P02:C17,D150,7,17,CALOLZIO F.S.,17:41,1061,False,MERATE,LECCO,2,17,https://www.leccotrasporti.it/percorsi/estivo/linea-d150.pdf,ee2707bdb4a2174008b6819e04b2f2a564e4bef5c2d6f8830e6dc9589f47349b,SCHEDULED_PUBLISHED_TIME_NOT_OBSERVED_RUNTIME,RECONSTRUCTED_FROM_OFFICIAL_PRIMARY_TIMETABLE,,,NO_HISTORICAL_GTFS_NAME_MATCH,NO_RESOLVED_GTFS_IDENTITY
PDF20260903:D150:P02:C17,D150,8,19,OLGINATE (Ponte),17:45,1065,False,MERATE,LECCO,2,17,https://www.leccotrasporti.it/percorsi/estivo/linea-d150.pdf,ee2707bdb4a2174008b6819e04b2f2a564e4bef5c2d6f8830e6dc9589f47349b,SCHEDULED_PUBLISHED_TIME_NOT_OBSERVED_RUNTIME,RECONSTRUCTED_FROM_OFFICIAL_PRIMARY_TIMETABLE,,,AMBIGUOUS_HISTORICAL_GTFS,NO_RESOLVED_GTFS_IDENTITY
PDF20260903:D150:P02:C17,D150,9,20,GARLATE (Municipio),17:47,1067,False,MERATE,LECCO,2,17,https://www.leccotrasporti.it/percorsi/estivo/linea-d150.pdf,ee2707bdb4a2174008b6819e04b2f2a564e4bef5c2d6f8830e6dc9589f47349b,SCHEDULED_PUBLISHED_TIME_NOT_OBSERVED_RUNTIME,RECONSTRUCTED_FROM_OFFICIAL_PRIMARY_TIMETABLE,,,AMBIGUOUS_HISTORICAL_GTFS,NO_RESOLVED_GTFS_IDENTITY
PDF20260903:D150:P02:C17,D150,10,22,PESCATE (Torrette),17:51,1071,False,MERATE,LECCO,2,17,https://www.leccotrasporti.it/percorsi/estivo/linea-d150.pdf,ee2707bdb4a2174008b6819e04b2f2a564e4bef5c2d6f8830e6dc9589f47349b,SCHEDULED_PUBLISHED_TIME_NOT_OBSERVED_RUNTIME,RECONSTRUCTED_FROM_OFFICIAL_PRIMARY_TIMETABLE,,,AMBIGUOUS_HISTORICAL_GTFS,NO_RESOLVED_GTFS_IDENTITY
PDF20260903:D150:P02:C17,D150,11,23,PESCATE (Terzo Ponte),17:52,1072,False,MERATE,LECCO,2,17,https://www.leccotrasporti.it/percorsi/estivo/linea-d150.pdf,ee2707bdb4a2174008b6819e04b2f2a564e4bef5c2d6f8830e6dc9589f47349b,SCHEDULED_PUBLISHED_TIME_NOT_OBSERVED_RUNTIME,RECONSTRUCTED_FROM_OFFICIAL_PRIMARY_TIMETABLE,,,AMBIGUOUS_HISTORICAL_GTFS,NO_RESOLVED_GTFS_IDENTITY
PDF20260903:D150:P02:C17,D150,12,24,PESCATE (Insirano),17:54,1074,False,MERATE,LECCO,2,17,https://www.leccotrasporti.it/percorsi/estivo/linea-d150.pdf,ee2707bdb4a2174008b6819e04b2f2a564e4bef5c2d6f8830e6dc9589f47349b,SCHEDULED_PUBLISHED_TIME_NOT_OBSERVED_RUNTIME,RECONSTRUCTED_FROM_OFFICIAL_PRIMARY_TIMETABLE,,,AMBIGUOUS_HISTORICAL_GTFS,NO_RESOLVED_GTFS_IDENTITY
PDF20260903:D150:P02:C17,D150,13,25,MALGRATE (Porto),17:57,1077,False,MERATE,LECCO,2,17,https://www.leccotrasporti.it/percorsi/estivo/linea-d150.pdf,ee2707bdb4a2174008b6819e04b2f2a564e4bef5c2d6f8830e6dc9589f47349b,SCHEDULED_PUBLISHED_TIME_NOT_OBSERVED_RUNTIME,RECONSTRUCTED_FROM_OFFICIAL_PRIMARY_TIMETABLE,,,NO_HISTORICAL_GTFS_NAME_MATCH,NO_RESOLVED_GTFS_IDENTITY
PDF20260903:D150:P02:C17,D150,14,26,LECCO FS (Via Sassi),18:04,1084,False,MERATE,LECCO,2,17,https://www.leccotrasporti.it/percorsi/estivo/linea-d150.pdf,ee2707bdb4a2174008b6819e04b2f2a564e4bef5c2d6f8830e6dc9589f47349b,SCHEDULED_PUBLISHED_TIME_NOT_OBSERVED_RUNTIME,RECONSTRUCTED_FROM_OFFICIAL_PRIMARY_TIMETABLE,,,NO_HISTORICAL_GTFS_NAME_MATCH,NO_RESOLVED_GTFS_IDENTITY
PDF20260903:D150:P02:C17,D150,15,27,LECCO (P.zzale Meridiane),18:09,1089,False,MERATE,LECCO,2,17,https://www.leccotrasporti.it/percorsi/estivo/linea-d150.pdf,ee2707bdb4a2174008b6819e04b2f2a564e4bef5c2d6f8830e6dc9589f47349b,SCHEDULED_PUBLISHED_TIME_NOT_OBSERVED_RUNTIME,RECONSTRUCTED_FROM_OFFICIAL_PRIMARY_TIMETABLE,,,NO_HISTORICAL_GTFS_NAME_MATCH,NO_RESOLVED_GTFS_IDENTITY
PDF20260903:D150:P02:C18,D150,1,11,VALGREGHENTINO,19:32,1172,True,MERATE,LECCO,2,18,https://www.leccotrasporti.it/percorsi/estivo/linea-d150.pdf,ee2707bdb4a2174008b6819e04b2f2a564e4bef5c2d6f8830e6dc9589f47349b,SCHEDULED_PUBLISHED_TIME_NOT_OBSERVED_RUNTIME,RECONSTRUCTED_FROM_OFFICIAL_PRIMARY_TIMETABLE,,,AMBIGUOUS_HISTORICAL_GTFS,NO_RESOLVED_GTFS_IDENTITY
PDF20260903:D150:P02:C18,D150,2,12,VILLA S.CARLO,19:37,1177,True,MERATE,LECCO,2,18,https://www.leccotrasporti.it/percorsi/estivo/linea-d150.pdf,ee2707bdb4a2174008b6819e04b2f2a564e4bef5c2d6f8830e6dc9589f47349b,SCHEDULED_PUBLISHED_TIME_NOT_OBSERVED_RUNTIME,RECONSTRUCTED_FROM_OFFICIAL_PRIMARY_TIMETABLE,,,AMBIGUOUS_HISTORICAL_GTFS,NO_RESOLVED_GTFS_IDENTITY
PDF20260903:D150:P02:C18,D150,3,14,OLGINATE (P.Villa),19:39,1179,True,MERATE,LECCO,2,18,https://www.leccotrasporti.it/percorsi/estivo/linea-d150.pdf,ee2707bdb4a2174008b6819e04b2f2a564e4bef5c2d6f8830e6dc9589f47349b,SCHEDULED_PUBLISHED_TIME_NOT_OBSERVED_RUNTIME,RECONSTRUCTED_FROM_OFFICIAL_PRIMARY_TIMETABLE,,,AMBIGUOUS_HISTORICAL_GTFS,NO_RESOLVED_GTFS_IDENTITY
PDF20260903:D150:P02:C18,D150,4,15,OLGINATE (Chiesa),19:42,1182,True,MERATE,LECCO,2,18,https://www.leccotrasporti.it/percorsi/estivo/linea-d150.pdf,ee2707bdb4a2174008b6819e04b2f2a564e4bef5c2d6f8830e6dc9589f47349b,SCHEDULED_PUBLISHED_TIME_NOT_OBSERVED_RUNTIME,RECONSTRUCTED_FROM_OFFICIAL_PRIMARY_TIMETABLE,,,AMBIGUOUS_HISTORICAL_GTFS,NO_RESOLVED_GTFS_IDENTITY
PDF20260903:D150:P02:C18,D150,5,20,GARLATE (Municipio),19:45,1185,True,MERATE,LECCO,2,18,https://www.leccotrasporti.it/percorsi/estivo/linea-d150.pdf,ee2707bdb4a2174008b6819e04b2f2a564e4bef5c2d6f8830e6dc9589f47349b,SCHEDULED_PUBLISHED_TIME_NOT_OBSERVED_RUNTIME,RECONSTRUCTED_FROM_OFFICIAL_PRIMARY_TIMETABLE,,,AMBIGUOUS_HISTORICAL_GTFS,NO_RESOLVED_GTFS_IDENTITY
PDF20260903:D150:P02:C18,D150,6,22,PESCATE (Torrette),19:49,1189,True,MERATE,LECCO,2,18,https://www.leccotrasporti.it/percorsi/estivo/linea-d150.pdf,ee2707bdb4a2174008b6819e04b2f2a564e4bef5c2d6f8830e6dc9589f47349b,SCHEDULED_PUBLISHED_TIME_NOT_OBSERVED_RUNTIME,RECONSTRUCTED_FROM_OFFICIAL_PRIMARY_TIMETABLE,,,AMBIGUOUS_HISTORICAL_GTFS,NO_RESOLVED_GTFS_IDENTITY
PDF20260903:D150:P02:C18,D150,7,23,PESCATE (Terzo Ponte),19:50,1190,True,MERATE,LECCO,2,18,https://www.leccotrasporti.it/percorsi/estivo/linea-d150.pdf,ee2707bdb4a2174008b6819e04b2f2a564e4bef5c2d6f8830e6dc9589f47349b,SCHEDULED_PUBLISHED_TIME_NOT_OBSERVED_RUNTIME,RECONSTRUCTED_FROM_OFFICIAL_PRIMARY_TIMETABLE,,,AMBIGUOUS_HISTORICAL_GTFS,NO_RESOLVED_GTFS_IDENTITY
PDF20260903:D150:P02:C18,D150,8,24,PESCATE (Insirano),19:52,1192,True,MERATE,LECCO,2,18,https://www.leccotrasporti.it/percorsi/estivo/linea-d150.pdf,ee2707bdb4a2174008b6819e04b2f2a564e4bef5c2d6f8830e6dc9589f47349b,SCHEDULED_PUBLISHED_TIME_NOT_OBSERVED_RUNTIME,RECONSTRUCTED_FROM_OFFICIAL_PRIMARY_TIMETABLE,,,AMBIGUOUS_HISTORICAL_GTFS,NO_RESOLVED_GTFS_IDENTITY
PDF20260903:D150:P02:C18,D150,9,25,MALGRATE (Porto),19:55,1195,True,MERATE,LECCO,2,18,https://www.leccotrasporti.it/percorsi/estivo/linea-d150.pdf,ee2707bdb4a2174008b6819e04b2f2a564e4bef5c2d6f8830e6dc9589f47349b,SCHEDULED_PUBLISHED_TIME_NOT_OBSERVED_RUNTIME,RECONSTRUCTED_FROM_OFFICIAL_PRIMARY_TIMETABLE,,,NO_HISTORICAL_GTFS_NAME_MATCH,NO_RESOLVED_GTFS_IDENTITY
PDF20260903:D150:P02:C18,D150,10,26,LECCO FS (Via Sassi),20:02,1202,True,MERATE,LECCO,2,18,https://www.leccotrasporti.it/percorsi/estivo/linea-d150.pdf,ee2707bdb4a2174008b6819e04b2f2a564e4bef5c2d6f8830e6dc9589f47349b,SCHEDULED_PUBLISHED_TIME_NOT_OBSERVED_RUNTIME,RECONSTRUCTED_FROM_OFFICIAL_PRIMARY_TIMETABLE,,,NO_HISTORICAL_GTFS_NAME_MATCH,NO_RESOLVED_GTFS_IDENTITY
PDF20260903:D150:P02:C18,D150,11,27,LECCO (P.zzale Meridiane),20:08,1208,True,MERATE,LECCO,2,18,https://www.leccotrasporti.it/percorsi/estivo/linea-d150.pdf,ee2707bdb4a2174008b6819e04b2f2a564e4bef5c2d6f8830e6dc9589f47349b,SCHEDULED_PUBLISHED_TIME_NOT_OBSERVED_RUNTIME,RECONSTRUCTED_FROM_OFFICIAL_PRIMARY_TIMETABLE,,,NO_HISTORICAL_GTFS_NAME_MATCH,NO_RESOLVED_GTFS_IDENTITY
PDF20260903:D150:P02:C19,D150,1,11,VALGREGHENTINO,19:32,1172,False,MERATE,LECCO,2,19,https://www.leccotrasporti.it/percorsi/estivo/linea-d150.pdf,ee2707bdb4a2174008b6819e04b2f2a564e4bef5c2d6f8830e6dc9589f47349b,SCHEDULED_PUBLISHED_TIME_NOT_OBSERVED_RUNTIME,RECONSTRUCTED_FROM_OFFICIAL_PRIMARY_TIMETABLE,,,AMBIGUOUS_HISTORICAL_GTFS,NO_RESOLVED_GTFS_IDENTITY
PDF20260903:D150:P02:C19,D150,2,12,VILLA S.CARLO,19:37,1177,False,MERATE,LECCO,2,19,https://www.leccotrasporti.it/percorsi/estivo/linea-d150.pdf,ee2707bdb4a2174008b6819e04b2f2a564e4bef5c2d6f8830e6dc9589f47349b,SCHEDULED_PUBLISHED_TIME_NOT_OBSERVED_RUNTIME,RECONSTRUCTED_FROM_OFFICIAL_PRIMARY_TIMETABLE,,,AMBIGUOUS_HISTORICAL_GTFS,NO_RESOLVED_GTFS_IDENTITY
PDF20260903:D150:P02:C19,D150,3,14,OLGINATE (P.Villa),19:39,1179,False,MERATE,LECCO,2,19,https://www.leccotrasporti.it/percorsi/estivo/linea-d150.pdf,ee2707bdb4a2174008b6819e04b2f2a564e4bef5c2d6f8830e6dc9589f47349b,SCHEDULED_PUBLISHED_TIME_NOT_OBSERVED_RUNTIME,RECONSTRUCTED_FROM_OFFICIAL_PRIMARY_TIMETABLE,,,AMBIGUOUS_HISTORICAL_GTFS,NO_RESOLVED_GTFS_IDENTITY
PDF20260903:D150:P02:C19,D150,4,15,OLGINATE (Chiesa),19:42,1182,False,MERATE,LECCO,2,19,https://www.leccotrasporti.it/percorsi/estivo/linea-d150.pdf,ee2707bdb4a2174008b6819e04b2f2a564e4bef5c2d6f8830e6dc9589f47349b,SCHEDULED_PUBLISHED_TIME_NOT_OBSERVED_RUNTIME,RECONSTRUCTED_FROM_OFFICIAL_PRIMARY_TIMETABLE,,,AMBIGUOUS_HISTORICAL_GTFS,NO_RESOLVED_GTFS_IDENTITY
PDF20260903:D150:P02:C19,D150,5,20,GARLATE (Municipio),19:45,1185,False,MERATE,LECCO,2,19,https://www.leccotrasporti.it/percorsi/estivo/linea-d150.pdf,ee2707bdb4a2174008b6819e04b2f2a564e4bef5c2d6f8830e6dc9589f47349b,SCHEDULED_PUBLISHED_TIME_NOT_OBSERVED_RUNTIME,RECONSTRUCTED_FROM_OFFICIAL_PRIMARY_TIMETABLE,,,AMBIGUOUS_HISTORICAL_GTFS,NO_RESOLVED_GTFS_IDENTITY
PDF20260903:D150:P02:C19,D150,6,22,PESCATE (Torrette),19:49,1189,False,MERATE,LECCO,2,19,https://www.leccotrasporti.it/percorsi/estivo/linea-d150.pdf,ee2707bdb4a2174008b6819e04b2f2a564e4bef5c2d6f8830e6dc9589f47349b,SCHEDULED_PUBLISHED_TIME_NOT_OBSERVED_RUNTIME,RECONSTRUCTED_FROM_OFFICIAL_PRIMARY_TIMETABLE,,,AMBIGUOUS_HISTORICAL_GTFS,NO_RESOLVED_GTFS_IDENTITY
PDF20260903:D150:P02:C19,D150,7,23,PESCATE (Terzo Ponte),19:50,1190,False,MERATE,LECCO,2,19,https://www.leccotrasporti.it/percorsi/estivo/linea-d150.pdf,ee2707bdb4a2174008b6819e04b2f2a564e4bef5c2d6f8830e6dc9589f47349b,SCHEDULED_PUBLISHED_TIME_NOT_OBSERVED_RUNTIME,RECONSTRUCTED_FROM_OFFICIAL_PRIMARY_TIMETABLE,,,AMBIGUOUS_HISTORICAL_GTFS,NO_RESOLVED_GTFS_IDENTITY
PDF20260903:D150:P02:C19,D150,8,24,PESCATE (Insirano),19:52,1192,False,MERATE,LECCO,2,19,https://www.leccotrasporti.it/percorsi/estivo/linea-d150.pdf,ee2707bdb4a2174008b6819e04b2f2a564e4bef5c2d6f8830e6dc9589f47349b,SCHEDULED_PUBLISHED_TIME_NOT_OBSERVED_RUNTIME,RECONSTRUCTED_FROM_OFFICIAL_PRIMARY_TIMETABLE,,,AMBIGUOUS_HISTORICAL_GTFS,NO_RESOLVED_GTFS_IDENTITY
PDF20260903:D150:P02:C19,D150,9,25,MALGRATE (Porto),19:55,1195,False,MERATE,LECCO,2,19,https://www.leccotrasporti.it/percorsi/estivo/linea-d150.pdf,ee2707bdb4a2174008b6819e04b2f2a564e4bef5c2d6f8830e6dc9589f47349b,SCHEDULED_PUBLISHED_TIME_NOT_OBSERVED_RUNTIME,RECONSTRUCTED_FROM_OFFICIAL_PRIMARY_TIMETABLE,,,NO_HISTORICAL_GTFS_NAME_MATCH,NO_RESOLVED_GTFS_IDENTITY
PDF20260903:D150:P02:C19,D150,10,26,LECCO FS (Via Sassi),20:02,1202,False,MERATE,LECCO,2,19,https://www.leccotrasporti.it/percorsi/estivo/linea-d150.pdf,ee2707bdb4a2174008b6819e04b2f2a564e4bef5c2d6f8830e6dc9589f47349b,SCHEDULED_PUBLISHED_TIME_NOT_OBSERVED_RUNTIME,RECONSTRUCTED_FROM_OFFICIAL_PRIMARY_TIMETABLE,,,NO_HISTORICAL_GTFS_NAME_MATCH,NO_RESOLVED_GTFS_IDENTITY
PDF20260903:D150:P02:C19,D150,11,27,LECCO (P.zzale Meridiane),20:08,1208,False,MERATE,LECCO,2,19,https://www.leccotrasporti.it/percorsi/estivo/linea-d150.pdf,ee2707bdb4a2174008b6819e04b2f2a564e4bef5c2d6f8830e6dc9589f47349b,SCHEDULED_PUBLISHED_TIME_NOT_OBSERVED_RUNTIME,RECONSTRUCTED_FROM_OFFICIAL_PRIMARY_TIMETABLE,,,NO_HISTORICAL_GTFS_NAME_MATCH,NO_RESOLVED_GTFS_IDENTITY
PDF20260903:D150:P02:C20,D150,1,11,VALGREGHENTINO,19:53,1193,False,MERATE,LECCO,2,20,https://www.leccotrasporti.it/percorsi/estivo/linea-d150.pdf,ee2707bdb4a2174008b6819e04b2f2a564e4bef5c2d6f8830e6dc9589f47349b,SCHEDULED_PUBLISHED_TIME_NOT_OBSERVED_RUNTIME,RECONSTRUCTED_FROM_OFFICIAL_PRIMARY_TIMETABLE,,,AMBIGUOUS_HISTORICAL_GTFS,NO_RESOLVED_GTFS_IDENTITY
PDF20260903:D150:P02:C20,D150,2,12,VILLA S.CARLO,19:57,1197,False,MERATE,LECCO,2,20,https://www.leccotrasporti.it/percorsi/estivo/linea-d150.pdf,ee2707bdb4a2174008b6819e04b2f2a564e4bef5c2d6f8830e6dc9589f47349b,SCHEDULED_PUBLISHED_TIME_NOT_OBSERVED_RUNTIME,RECONSTRUCTED_FROM_OFFICIAL_PRIMARY_TIMETABLE,,,AMBIGUOUS_HISTORICAL_GTFS,NO_RESOLVED_GTFS_IDENTITY
PDF20260903:D150:P02:C20,D150,3,14,OLGINATE (P.Villa),19:59,1199,False,MERATE,LECCO,2,20,https://www.leccotrasporti.it/percorsi/estivo/linea-d150.pdf,ee2707bdb4a2174008b6819e04b2f2a564e4bef5c2d6f8830e6dc9589f47349b,SCHEDULED_PUBLISHED_TIME_NOT_OBSERVED_RUNTIME,RECONSTRUCTED_FROM_OFFICIAL_PRIMARY_TIMETABLE,,,AMBIGUOUS_HISTORICAL_GTFS,NO_RESOLVED_GTFS_IDENTITY
PDF20260903:D150:P02:C20,D150,4,15,OLGINATE (Chiesa),20:02,1202,False,MERATE,LECCO,2,20,https://www.leccotrasporti.it/percorsi/estivo/linea-d150.pdf,ee2707bdb4a2174008b6819e04b2f2a564e4bef5c2d6f8830e6dc9589f47349b,SCHEDULED_PUBLISHED_TIME_NOT_OBSERVED_RUNTIME,RECONSTRUCTED_FROM_OFFICIAL_PRIMARY_TIMETABLE,,,AMBIGUOUS_HISTORICAL_GTFS,NO_RESOLVED_GTFS_IDENTITY
PDF20260903:D150:P02:C20,D150,5,20,GARLATE (Municipio),20:05,1205,False,MERATE,LECCO,2,20,https://www.leccotrasporti.it/percorsi/estivo/linea-d150.pdf,ee2707bdb4a2174008b6819e04b2f2a564e4bef5c2d6f8830e6dc9589f47349b,SCHEDULED_PUBLISHED_TIME_NOT_OBSERVED_RUNTIME,RECONSTRUCTED_FROM_OFFICIAL_PRIMARY_TIMETABLE,,,AMBIGUOUS_HISTORICAL_GTFS,NO_RESOLVED_GTFS_IDENTITY
PDF20260903:D150:P02:C20,D150,6,22,PESCATE (Torrette),20:08,1208,False,MERATE,LECCO,2,20,https://www.leccotrasporti.it/percorsi/estivo/linea-d150.pdf,ee2707bdb4a2174008b6819e04b2f2a564e4bef5c2d6f8830e6dc9589f47349b,SCHEDULED_PUBLISHED_TIME_NOT_OBSERVED_RUNTIME,RECONSTRUCTED_FROM_OFFICIAL_PRIMARY_TIMETABLE,,,AMBIGUOUS_HISTORICAL_GTFS,NO_RESOLVED_GTFS_IDENTITY
PDF20260903:D150:P02:C20,D150,7,23,PESCATE (Terzo Ponte),20:09,1209,False,MERATE,LECCO,2,20,https://www.leccotrasporti.it/percorsi/estivo/linea-d150.pdf,ee2707bdb4a2174008b6819e04b2f2a564e4bef5c2d6f8830e6dc9589f47349b,SCHEDULED_PUBLISHED_TIME_NOT_OBSERVED_RUNTIME,RECONSTRUCTED_FROM_OFFICIAL_PRIMARY_TIMETABLE,,,AMBIGUOUS_HISTORICAL_GTFS,NO_RESOLVED_GTFS_IDENTITY
PDF20260903:D150:P02:C20,D150,8,24,PESCATE (Insirano),20:12,1212,False,MERATE,LECCO,2,20,https://www.leccotrasporti.it/percorsi/estivo/linea-d150.pdf,ee2707bdb4a2174008b6819e04b2f2a564e4bef5c2d6f8830e6dc9589f47349b,SCHEDULED_PUBLISHED_TIME_NOT_OBSERVED_RUNTIME,RECONSTRUCTED_FROM_OFFICIAL_PRIMARY_TIMETABLE,,,AMBIGUOUS_HISTORICAL_GTFS,NO_RESOLVED_GTFS_IDENTITY
PDF20260903:D150:P02:C20,D150,9,25,MALGRATE (Porto),20:14,1214,False,MERATE,LECCO,2,20,https://www.leccotrasporti.it/percorsi/estivo/linea-d150.pdf,ee2707bdb4a2174008b6819e04b2f2a564e4bef5c2d6f8830e6dc9589f47349b,SCHEDULED_PUBLISHED_TIME_NOT_OBSERVED_RUNTIME,RECONSTRUCTED_FROM_OFFICIAL_PRIMARY_TIMETABLE,,,NO_HISTORICAL_GTFS_NAME_MATCH,NO_RESOLVED_GTFS_IDENTITY
PDF20260903:D150:P02:C20,D150,10,26,LECCO FS (Via Sassi),20:19,1219,False,MERATE,LECCO,2,20,https://www.leccotrasporti.it/percorsi/estivo/linea-d150.pdf,ee2707bdb4a2174008b6819e04b2f2a564e4bef5c2d6f8830e6dc9589f47349b,SCHEDULED_PUBLISHED_TIME_NOT_OBSERVED_RUNTIME,RECONSTRUCTED_FROM_OFFICIAL_PRIMARY_TIMETABLE,,,NO_HISTORICAL_GTFS_NAME_MATCH,NO_RESOLVED_GTFS_IDENTITY
PDF20260903:D150:P02:C20,D150,11,27,LECCO (P.zzale Meridiane),20:24,1224,False,MERATE,LECCO,2,20,https://www.leccotrasporti.it/percorsi/estivo/linea-d150.pdf,ee2707bdb4a2174008b6819e04b2f2a564e4bef5c2d6f8830e6dc9589f47349b,SCHEDULED_PUBLISHED_TIME_NOT_OBSERVED_RUNTIME,RECONSTRUCTED_FROM_OFFICIAL_PRIMARY_TIMETABLE,,,NO_HISTORICAL_GTFS_NAME_MATCH,NO_RESOLVED_GTFS_IDENTITY
PDF20260903:D150:P02:C21,D150,1,11,VALGREGHENTINO,20:02,1202,True,MERATE,LECCO,2,21,https://www.leccotrasporti.it/percorsi/estivo/linea-d150.pdf,ee2707bdb4a2174008b6819e04b2f2a564e4bef5c2d6f8830e6dc9589f47349b,SCHEDULED_PUBLISHED_TIME_NOT_OBSERVED_RUNTIME,RECONSTRUCTED_FROM_OFFICIAL_PRIMARY_TIMETABLE,,,AMBIGUOUS_HISTORICAL_GTFS,NO_RESOLVED_GTFS_IDENTITY
PDF20260903:D150:P02:C21,D150,2,12,VILLA S.CARLO,20:06,1206,True,MERATE,LECCO,2,21,https://www.leccotrasporti.it/percorsi/estivo/linea-d150.pdf,ee2707bdb4a2174008b6819e04b2f2a564e4bef5c2d6f8830e6dc9589f47349b,SCHEDULED_PUBLISHED_TIME_NOT_OBSERVED_RUNTIME,RECONSTRUCTED_FROM_OFFICIAL_PRIMARY_TIMETABLE,,,AMBIGUOUS_HISTORICAL_GTFS,NO_RESOLVED_GTFS_IDENTITY
PDF20260903:D150:P02:C21,D150,3,14,OLGINATE (P.Villa),20:08,1208,True,MERATE,LECCO,2,21,https://www.leccotrasporti.it/percorsi/estivo/linea-d150.pdf,ee2707bdb4a2174008b6819e04b2f2a564e4bef5c2d6f8830e6dc9589f47349b,SCHEDULED_PUBLISHED_TIME_NOT_OBSERVED_RUNTIME,RECONSTRUCTED_FROM_OFFICIAL_PRIMARY_TIMETABLE,,,AMBIGUOUS_HISTORICAL_GTFS,NO_RESOLVED_GTFS_IDENTITY
PDF20260903:D150:P02:C21,D150,4,15,OLGINATE (Chiesa),20:11,1211,True,MERATE,LECCO,2,21,https://www.leccotrasporti.it/percorsi/estivo/linea-d150.pdf,ee2707bdb4a2174008b6819e04b2f2a564e4bef5c2d6f8830e6dc9589f47349b,SCHEDULED_PUBLISHED_TIME_NOT_OBSERVED_RUNTIME,RECONSTRUCTED_FROM_OFFICIAL_PRIMARY_TIMETABLE,,,AMBIGUOUS_HISTORICAL_GTFS,NO_RESOLVED_GTFS_IDENTITY
PDF20260903:D150:P02:C21,D150,5,16,OLGINATE (Ponte),20:11,1211,True,MERATE,LECCO,2,21,https://www.leccotrasporti.it/percorsi/estivo/linea-d150.pdf,ee2707bdb4a2174008b6819e04b2f2a564e4bef5c2d6f8830e6dc9589f47349b,SCHEDULED_PUBLISHED_TIME_NOT_OBSERVED_RUNTIME,RECONSTRUCTED_FROM_OFFICIAL_PRIMARY_TIMETABLE,,,AMBIGUOUS_HISTORICAL_GTFS,NO_RESOLVED_GTFS_IDENTITY
PDF20260903:D150:P02:C21,D150,6,17,CALOLZIO F.S.,20:16,1216,True,MERATE,LECCO,2,21,https://www.leccotrasporti.it/percorsi/estivo/linea-d150.pdf,ee2707bdb4a2174008b6819e04b2f2a564e4bef5c2d6f8830e6dc9589f47349b,SCHEDULED_PUBLISHED_TIME_NOT_OBSERVED_RUNTIME,RECONSTRUCTED_FROM_OFFICIAL_PRIMARY_TIMETABLE,,,NO_HISTORICAL_GTFS_NAME_MATCH,NO_RESOLVED_GTFS_IDENTITY
PDF20260903:D150:P02:C21,D150,7,19,OLGINATE (Ponte),20:20,1220,True,MERATE,LECCO,2,21,https://www.leccotrasporti.it/percorsi/estivo/linea-d150.pdf,ee2707bdb4a2174008b6819e04b2f2a564e4bef5c2d6f8830e6dc9589f47349b,SCHEDULED_PUBLISHED_TIME_NOT_OBSERVED_RUNTIME,RECONSTRUCTED_FROM_OFFICIAL_PRIMARY_TIMETABLE,,,AMBIGUOUS_HISTORICAL_GTFS,NO_RESOLVED_GTFS_IDENTITY
PDF20260903:D150:P02:C21,D150,8,20,GARLATE (Municipio),20:22,1222,True,MERATE,LECCO,2,21,https://www.leccotrasporti.it/percorsi/estivo/linea-d150.pdf,ee2707bdb4a2174008b6819e04b2f2a564e4bef5c2d6f8830e6dc9589f47349b,SCHEDULED_PUBLISHED_TIME_NOT_OBSERVED_RUNTIME,RECONSTRUCTED_FROM_OFFICIAL_PRIMARY_TIMETABLE,,,AMBIGUOUS_HISTORICAL_GTFS,NO_RESOLVED_GTFS_IDENTITY
PDF20260903:D150:P02:C21,D150,9,22,PESCATE (Torrette),20:25,1225,True,MERATE,LECCO,2,21,https://www.leccotrasporti.it/percorsi/estivo/linea-d150.pdf,ee2707bdb4a2174008b6819e04b2f2a564e4bef5c2d6f8830e6dc9589f47349b,SCHEDULED_PUBLISHED_TIME_NOT_OBSERVED_RUNTIME,RECONSTRUCTED_FROM_OFFICIAL_PRIMARY_TIMETABLE,,,AMBIGUOUS_HISTORICAL_GTFS,NO_RESOLVED_GTFS_IDENTITY
PDF20260903:D150:P02:C21,D150,10,23,PESCATE (Terzo Ponte),20:26,1226,True,MERATE,LECCO,2,21,https://www.leccotrasporti.it/percorsi/estivo/linea-d150.pdf,ee2707bdb4a2174008b6819e04b2f2a564e4bef5c2d6f8830e6dc9589f47349b,SCHEDULED_PUBLISHED_TIME_NOT_OBSERVED_RUNTIME,RECONSTRUCTED_FROM_OFFICIAL_PRIMARY_TIMETABLE,,,AMBIGUOUS_HISTORICAL_GTFS,NO_RESOLVED_GTFS_IDENTITY
PDF20260903:D150:P02:C21,D150,11,24,PESCATE (Insirano),20:29,1229,True,MERATE,LECCO,2,21,https://www.leccotrasporti.it/percorsi/estivo/linea-d150.pdf,ee2707bdb4a2174008b6819e04b2f2a564e4bef5c2d6f8830e6dc9589f47349b,SCHEDULED_PUBLISHED_TIME_NOT_OBSERVED_RUNTIME,RECONSTRUCTED_FROM_OFFICIAL_PRIMARY_TIMETABLE,,,AMBIGUOUS_HISTORICAL_GTFS,NO_RESOLVED_GTFS_IDENTITY
PDF20260903:D150:P02:C21,D150,12,25,MALGRATE (Porto),20:31,1231,True,MERATE,LECCO,2,21,https://www.leccotrasporti.it/percorsi/estivo/linea-d150.pdf,ee2707bdb4a2174008b6819e04b2f2a564e4bef5c2d6f8830e6dc9589f47349b,SCHEDULED_PUBLISHED_TIME_NOT_OBSERVED_RUNTIME,RECONSTRUCTED_FROM_OFFICIAL_PRIMARY_TIMETABLE,,,NO_HISTORICAL_GTFS_NAME_MATCH,NO_RESOLVED_GTFS_IDENTITY
PDF20260903:D150:P02:C21,D150,13,26,LECCO FS (Via Sassi),20:36,1236,True,MERATE,LECCO,2,21,https://www.leccotrasporti.it/percorsi/estivo/linea-d150.pdf,ee2707bdb4a2174008b6819e04b2f2a564e4bef5c2d6f8830e6dc9589f47349b,SCHEDULED_PUBLISHED_TIME_NOT_OBSERVED_RUNTIME,RECONSTRUCTED_FROM_OFFICIAL_PRIMARY_TIMETABLE,,,NO_HISTORICAL_GTFS_NAME_MATCH,NO_RESOLVED_GTFS_IDENTITY
PDF20260903:D150:P02:C21,D150,14,27,LECCO (P.zzale Meridiane),20:41,1241,True,MERATE,LECCO,2,21,https://www.leccotrasporti.it/percorsi/estivo/linea-d150.pdf,ee2707bdb4a2174008b6819e04b2f2a564e4bef5c2d6f8830e6dc9589f47349b,SCHEDULED_PUBLISHED_TIME_NOT_OBSERVED_RUNTIME,RECONSTRUCTED_FROM_OFFICIAL_PRIMARY_TIMETABLE,,,NO_HISTORICAL_GTFS_NAME_MATCH,NO_RESOLVED_GTFS_IDENTITY
PDF20260903:D170:P01:C01,D170,1,21,NOVATE Via dei Lodovichi (Scuole),06:22,382,True,MONTEVECCHIA,VIMERCATE,1,1,https://www.leccotrasporti.it/percorsi/estivo/linea-d170.pdf,87ab0fe1f2c68a38f8e54fd911f0ef38c9b29a22b3d875e34e4209a1a922f63b,SCHEDULED_PUBLISHED_TIME_NOT_OBSERVED_RUNTIME,RECONSTRUCTED_FROM_OFFICIAL_PRIMARY_TIMETABLE,,,NO_HISTORICAL_GTFS_NAME_MATCH,NO_RESOLVED_GTFS_IDENTITY
PDF20260903:D170:P01:C01,D170,2,22,MERATE NOVATE (Ospedale),06:23,383,True,MONTEVECCHIA,VIMERCATE,1,1,https://www.leccotrasporti.it/percorsi/estivo/linea-d170.pdf,87ab0fe1f2c68a38f8e54fd911f0ef38c9b29a22b3d875e34e4209a1a922f63b,SCHEDULED_PUBLISHED_TIME_NOT_OBSERVED_RUNTIME,RECONSTRUCTED_FROM_OFFICIAL_PRIMARY_TIMETABLE,,,AMBIGUOUS_HISTORICAL_GTFS,NO_RESOLVED_GTFS_IDENTITY
PDF20260903:D170:P01:C01,D170,3,25,ROBBIATE (Via A.Moro),06:25,385,True,MONTEVECCHIA,VIMERCATE,1,1,https://www.leccotrasporti.it/percorsi/estivo/linea-d170.pdf,87ab0fe1f2c68a38f8e54fd911f0ef38c9b29a22b3d875e34e4209a1a922f63b,SCHEDULED_PUBLISHED_TIME_NOT_OBSERVED_RUNTIME,RECONSTRUCTED_FROM_OFFICIAL_PRIMARY_TIMETABLE,,,AMBIGUOUS_HISTORICAL_GTFS,NO_RESOLVED_GTFS_IDENTITY
PDF20260903:D170:P01:C01,D170,4,26,PADERNO F.S.,06:30,390,True,MONTEVECCHIA,VIMERCATE,1,1,https://www.leccotrasporti.it/percorsi/estivo/linea-d170.pdf,87ab0fe1f2c68a38f8e54fd911f0ef38c9b29a22b3d875e34e4209a1a922f63b,SCHEDULED_PUBLISHED_TIME_NOT_OBSERVED_RUNTIME,RECONSTRUCTED_FROM_OFFICIAL_PRIMARY_TIMETABLE,,,AMBIGUOUS_HISTORICAL_GTFS,NO_RESOLVED_GTFS_IDENTITY
PDF20260903:D170:P01:C01,D170,5,27,VERDERIO SUP.,06:32,392,True,MONTEVECCHIA,VIMERCATE,1,1,https://www.leccotrasporti.it/percorsi/estivo/linea-d170.pdf,87ab0fe1f2c68a38f8e54fd911f0ef38c9b29a22b3d875e34e4209a1a922f63b,SCHEDULED_PUBLISHED_TIME_NOT_OBSERVED_RUNTIME,RECONSTRUCTED_FROM_OFFICIAL_PRIMARY_TIMETABLE,,,NO_HISTORICAL_GTFS_NAME_MATCH,NO_RESOLVED_GTFS_IDENTITY
PDF20260903:D170:P01:C01,D170,6,28,VERDERIO INF.,06:34,394,True,MONTEVECCHIA,VIMERCATE,1,1,https://www.leccotrasporti.it/percorsi/estivo/linea-d170.pdf,87ab0fe1f2c68a38f8e54fd911f0ef38c9b29a22b3d875e34e4209a1a922f63b,SCHEDULED_PUBLISHED_TIME_NOT_OBSERVED_RUNTIME,RECONSTRUCTED_FROM_OFFICIAL_PRIMARY_TIMETABLE,,,NO_HISTORICAL_GTFS_NAME_MATCH,NO_RESOLVED_GTFS_IDENTITY
PDF20260903:D170:P01:C01,D170,7,31,RONCO BRIANTINO,06:40,400,True,MONTEVECCHIA,VIMERCATE,1,1,https://www.leccotrasporti.it/percorsi/estivo/linea-d170.pdf,87ab0fe1f2c68a38f8e54fd911f0ef38c9b29a22b3d875e34e4209a1a922f63b,SCHEDULED_PUBLISHED_TIME_NOT_OBSERVED_RUNTIME,RECONSTRUCTED_FROM_OFFICIAL_PRIMARY_TIMETABLE,,,AMBIGUOUS_HISTORICAL_GTFS,NO_RESOLVED_GTFS_IDENTITY
PDF20260903:D170:P01:C01,D170,8,32,CARNATE F.S.,06:50,410,True,MONTEVECCHIA,VIMERCATE,1,1,https://www.leccotrasporti.it/percorsi/estivo/linea-d170.pdf,87ab0fe1f2c68a38f8e54fd911f0ef38c9b29a22b3d875e34e4209a1a922f63b,SCHEDULED_PUBLISHED_TIME_NOT_OBSERVED_RUNTIME,RECONSTRUCTED_FROM_OFFICIAL_PRIMARY_TIMETABLE,,,AMBIGUOUS_HISTORICAL_GTFS,NO_RESOLVED_GTFS_IDENTITY
PDF20260903:D170:P01:C02,D170,1,6,ARLATE,06:18,378,True,MONTEVECCHIA,VIMERCATE,1,2,https://www.leccotrasporti.it/percorsi/estivo/linea-d170.pdf,87ab0fe1f2c68a38f8e54fd911f0ef38c9b29a22b3d875e34e4209a1a922f63b,SCHEDULED_PUBLISHED_TIME_NOT_OBSERVED_RUNTIME,RECONSTRUCTED_FROM_OFFICIAL_PRIMARY_TIMETABLE,,,AMBIGUOUS_HISTORICAL_GTFS,NO_RESOLVED_GTFS_IDENTITY
PDF20260903:D170:P01:C02,D170,2,7,IMBERSAGO,06:20,380,True,MONTEVECCHIA,VIMERCATE,1,2,https://www.leccotrasporti.it/percorsi/estivo/linea-d170.pdf,87ab0fe1f2c68a38f8e54fd911f0ef38c9b29a22b3d875e34e4209a1a922f63b,SCHEDULED_PUBLISHED_TIME_NOT_OBSERVED_RUNTIME,RECONSTRUCTED_FROM_OFFICIAL_PRIMARY_TIMETABLE,,,AMBIGUOUS_HISTORICAL_GTFS,NO_RESOLVED_GTFS_IDENTITY
PDF20260903:D170:P01:C02,D170,3,8,MERATE SABBIONE,06:22,382,True,MONTEVECCHIA,VIMERCATE,1,2,https://www.leccotrasporti.it/percorsi/estivo/linea-d170.pdf,87ab0fe1f2c68a38f8e54fd911f0ef38c9b29a22b3d875e34e4209a1a922f63b,SCHEDULED_PUBLISHED_TIME_NOT_OBSERVED_RUNTIME,RECONSTRUCTED_FROM_OFFICIAL_PRIMARY_TIMETABLE,,,NO_HISTORICAL_GTFS_NAME_MATCH,NO_RESOLVED_GTFS_IDENTITY
PDF20260903:D170:P01:C02,D170,4,10,MERATE CASSINA,06:25,385,True,MONTEVECCHIA,VIMERCATE,1,2,https://www.leccotrasporti.it/percorsi/estivo/linea-d170.pdf,87ab0fe1f2c68a38f8e54fd911f0ef38c9b29a22b3d875e34e4209a1a922f63b,SCHEDULED_PUBLISHED_TIME_NOT_OBSERVED_RUNTIME,RECONSTRUCTED_FROM_OFFICIAL_PRIMARY_TIMETABLE,300745,,RESOLVED_BEST_SEQUENCE_UNIQUE,GTFS_IDENTIFIED_NOT_IN_V1_STOP_UNIVERSE
PDF20260903:D170:P01:C02,D170,5,11,SARTIRANA (Lago),06:29,389,True,MONTEVECCHIA,VIMERCATE,1,2,https://www.leccotrasporti.it/percorsi/estivo/linea-d170.pdf,87ab0fe1f2c68a38f8e54fd911f0ef38c9b29a22b3d875e34e4209a1a922f63b,SCHEDULED_PUBLISHED_TIME_NOT_OBSERVED_RUNTIME,RECONSTRUCTED_FROM_OFFICIAL_PRIMARY_TIMETABLE,300748,,RESOLVED_BEST_SEQUENCE_UNIQUE,GTFS_IDENTIFIED_NOT_IN_V1_STOP_UNIVERSE
PDF20260903:D170:P01:C02,D170,6,13,MERATE P.ZZA ITALIA,06:34,394,True,MONTEVECCHIA,VIMERCATE,1,2,https://www.leccotrasporti.it/percorsi/estivo/linea-d170.pdf,87ab0fe1f2c68a38f8e54fd911f0ef38c9b29a22b3d875e34e4209a1a922f63b,SCHEDULED_PUBLISHED_TIME_NOT_OBSERVED_RUNTIME,RECONSTRUCTED_FROM_OFFICIAL_PRIMARY_TIMETABLE,300291,,RESOLVED_BEST_SEQUENCE_UNIQUE,GTFS_IDENTIFIED_NOT_IN_V1_STOP_UNIVERSE
PDF20260903:D170:P01:C02,D170,7,24,MERATE BRUGAROLO,06:38,398,True,MONTEVECCHIA,VIMERCATE,1,2,https://www.leccotrasporti.it/percorsi/estivo/linea-d170.pdf,87ab0fe1f2c68a38f8e54fd911f0ef38c9b29a22b3d875e34e4209a1a922f63b,SCHEDULED_PUBLISHED_TIME_NOT_OBSERVED_RUNTIME,RECONSTRUCTED_FROM_OFFICIAL_PRIMARY_TIMETABLE,,,AMBIGUOUS_HISTORICAL_GTFS,NO_RESOLVED_GTFS_IDENTITY
PDF20260903:D170:P01:C03,D170,1,16,CERNUSCO F.S. (Via Volta),07:05,425,False,MONTEVECCHIA,VIMERCATE,1,3,https://www.leccotrasporti.it/percorsi/estivo/linea-d170.pdf,87ab0fe1f2c68a38f8e54fd911f0ef38c9b29a22b3d875e34e4209a1a922f63b,SCHEDULED_PUBLISHED_TIME_NOT_OBSERVED_RUNTIME,RECONSTRUCTED_FROM_OFFICIAL_PRIMARY_TIMETABLE,,,NO_HISTORICAL_GTFS_NAME_MATCH,NO_RESOLVED_GTFS_IDENTITY
PDF20260903:D170:P01:C03,D170,2,17,MERATE V.LE VERDI,07:11,431,False,MONTEVECCHIA,VIMERCATE,1,3,https://www.leccotrasporti.it/percorsi/estivo/linea-d170.pdf,87ab0fe1f2c68a38f8e54fd911f0ef38c9b29a22b3d875e34e4209a1a922f63b,SCHEDULED_PUBLISHED_TIME_NOT_OBSERVED_RUNTIME,RECONSTRUCTED_FROM_OFFICIAL_PRIMARY_TIMETABLE,,,AMBIGUOUS_HISTORICAL_GTFS,NO_RESOLVED_GTFS_IDENTITY
PDF20260903:D170:P01:C03,D170,3,18,MERATE GARAGE S. CARLO,07:12,432,False,MONTEVECCHIA,VIMERCATE,1,3,https://www.leccotrasporti.it/percorsi/estivo/linea-d170.pdf,87ab0fe1f2c68a38f8e54fd911f0ef38c9b29a22b3d875e34e4209a1a922f63b,SCHEDULED_PUBLISHED_TIME_NOT_OBSERVED_RUNTIME,RECONSTRUCTED_FROM_OFFICIAL_PRIMARY_TIMETABLE,300757,,RESOLVED_BEST_SEQUENCE_UNIQUE,GTFS_IDENTIFIED_NOT_IN_V1_STOP_UNIVERSE
PDF20260903:D170:P01:C03,D170,4,19,MERATE Via De Gasperi,07:13,433,False,MONTEVECCHIA,VIMERCATE,1,3,https://www.leccotrasporti.it/percorsi/estivo/linea-d170.pdf,87ab0fe1f2c68a38f8e54fd911f0ef38c9b29a22b3d875e34e4209a1a922f63b,SCHEDULED_PUBLISHED_TIME_NOT_OBSERVED_RUNTIME,RECONSTRUCTED_FROM_OFFICIAL_PRIMARY_TIMETABLE,,,AMBIGUOUS_HISTORICAL_GTFS,NO_RESOLVED_GTFS_IDENTITY
PDF20260903:D170:P01:C03,D170,5,20,NOVATE Via De Gasperi (Scuole),07:14,434,False,MONTEVECCHIA,VIMERCATE,1,3,https://www.leccotrasporti.it/percorsi/estivo/linea-d170.pdf,87ab0fe1f2c68a38f8e54fd911f0ef38c9b29a22b3d875e34e4209a1a922f63b,SCHEDULED_PUBLISHED_TIME_NOT_OBSERVED_RUNTIME,RECONSTRUCTED_FROM_OFFICIAL_PRIMARY_TIMETABLE,,,NO_HISTORICAL_GTFS_NAME_MATCH,NO_RESOLVED_GTFS_IDENTITY
PDF20260903:D170:P01:C03,D170,6,22,MERATE NOVATE (Ospedale),07:15,435,False,MONTEVECCHIA,VIMERCATE,1,3,https://www.leccotrasporti.it/percorsi/estivo/linea-d170.pdf,87ab0fe1f2c68a38f8e54fd911f0ef38c9b29a22b3d875e34e4209a1a922f63b,SCHEDULED_PUBLISHED_TIME_NOT_OBSERVED_RUNTIME,RECONSTRUCTED_FROM_OFFICIAL_PRIMARY_TIMETABLE,,,AMBIGUOUS_HISTORICAL_GTFS,NO_RESOLVED_GTFS_IDENTITY
PDF20260903:D170:P01:C03,D170,7,23,MERATE (OSSERVATORIO),07:21,441,False,MONTEVECCHIA,VIMERCATE,1,3,https://www.leccotrasporti.it/percorsi/estivo/linea-d170.pdf,87ab0fe1f2c68a38f8e54fd911f0ef38c9b29a22b3d875e34e4209a1a922f63b,SCHEDULED_PUBLISHED_TIME_NOT_OBSERVED_RUNTIME,RECONSTRUCTED_FROM_OFFICIAL_PRIMARY_TIMETABLE,,,AMBIGUOUS_HISTORICAL_GTFS,NO_RESOLVED_GTFS_IDENTITY
PDF20260903:D170:P01:C04,D170,1,9,MERATE (OSSERVATORIO),07:30,450,True,MONTEVECCHIA,VIMERCATE,1,4,https://www.leccotrasporti.it/percorsi/estivo/linea-d170.pdf,87ab0fe1f2c68a38f8e54fd911f0ef38c9b29a22b3d875e34e4209a1a922f63b,SCHEDULED_PUBLISHED_TIME_NOT_OBSERVED_RUNTIME,RECONSTRUCTED_FROM_OFFICIAL_PRIMARY_TIMETABLE,,,AMBIGUOUS_HISTORICAL_GTFS,NO_RESOLVED_GTFS_IDENTITY
PDF20260903:D170:P01:C04,D170,2,10,MERATE CASSINA,07:33,453,True,MONTEVECCHIA,VIMERCATE,1,4,https://www.leccotrasporti.it/percorsi/estivo/linea-d170.pdf,87ab0fe1f2c68a38f8e54fd911f0ef38c9b29a22b3d875e34e4209a1a922f63b,SCHEDULED_PUBLISHED_TIME_NOT_OBSERVED_RUNTIME,RECONSTRUCTED_FROM_OFFICIAL_PRIMARY_TIMETABLE,300745,,RESOLVED_BEST_SEQUENCE_UNIQUE,GTFS_IDENTIFIED_NOT_IN_V1_STOP_UNIVERSE
PDF20260903:D170:P01:C04,D170,3,11,SARTIRANA (Lago),07:37,457,True,MONTEVECCHIA,VIMERCATE,1,4,https://www.leccotrasporti.it/percorsi/estivo/linea-d170.pdf,87ab0fe1f2c68a38f8e54fd911f0ef38c9b29a22b3d875e34e4209a1a922f63b,SCHEDULED_PUBLISHED_TIME_NOT_OBSERVED_RUNTIME,RECONSTRUCTED_FROM_OFFICIAL_PRIMARY_TIMETABLE,300748,,RESOLVED_BEST_SEQUENCE_UNIQUE,GTFS_IDENTIFIED_NOT_IN_V1_STOP_UNIVERSE
PDF20260903:D170:P01:C04,D170,4,13,MERATE P.ZZA ITALIA,07:42,462,True,MONTEVECCHIA,VIMERCATE,1,4,https://www.leccotrasporti.it/percorsi/estivo/linea-d170.pdf,87ab0fe1f2c68a38f8e54fd911f0ef38c9b29a22b3d875e34e4209a1a922f63b,SCHEDULED_PUBLISHED_TIME_NOT_OBSERVED_RUNTIME,RECONSTRUCTED_FROM_OFFICIAL_PRIMARY_TIMETABLE,300291,,RESOLVED_BEST_SEQUENCE_UNIQUE,GTFS_IDENTIFIED_NOT_IN_V1_STOP_UNIVERSE
PDF20260903:D170:P01:C04,D170,5,18,MERATE GARAGE S. CARLO,07:45,465,True,MONTEVECCHIA,VIMERCATE,1,4,https://www.leccotrasporti.it/percorsi/estivo/linea-d170.pdf,87ab0fe1f2c68a38f8e54fd911f0ef38c9b29a22b3d875e34e4209a1a922f63b,SCHEDULED_PUBLISHED_TIME_NOT_OBSERVED_RUNTIME,RECONSTRUCTED_FROM_OFFICIAL_PRIMARY_TIMETABLE,300757,,RESOLVED_BEST_SEQUENCE_UNIQUE,GTFS_IDENTIFIED_NOT_IN_V1_STOP_UNIVERSE
PDF20260903:D170:P01:C04,D170,6,19,MERATE Via De Gasperi,07:46,466,True,MONTEVECCHIA,VIMERCATE,1,4,https://www.leccotrasporti.it/percorsi/estivo/linea-d170.pdf,87ab0fe1f2c68a38f8e54fd911f0ef38c9b29a22b3d875e34e4209a1a922f63b,SCHEDULED_PUBLISHED_TIME_NOT_OBSERVED_RUNTIME,RECONSTRUCTED_FROM_OFFICIAL_PRIMARY_TIMETABLE,,,AMBIGUOUS_HISTORICAL_GTFS,NO_RESOLVED_GTFS_IDENTITY
PDF20260903:D170:P01:C04,D170,7,20,NOVATE Via De Gasperi (Scuole),07:49,469,True,MONTEVECCHIA,VIMERCATE,1,4,https://www.leccotrasporti.it/percorsi/estivo/linea-d170.pdf,87ab0fe1f2c68a38f8e54fd911f0ef38c9b29a22b3d875e34e4209a1a922f63b,SCHEDULED_PUBLISHED_TIME_NOT_OBSERVED_RUNTIME,RECONSTRUCTED_FROM_OFFICIAL_PRIMARY_TIMETABLE,,,NO_HISTORICAL_GTFS_NAME_MATCH,NO_RESOLVED_GTFS_IDENTITY
PDF20260903:D170:P01:C04,D170,8,22,MERATE NOVATE (Ospedale),07:50,470,True,MONTEVECCHIA,VIMERCATE,1,4,https://www.leccotrasporti.it/percorsi/estivo/linea-d170.pdf,87ab0fe1f2c68a38f8e54fd911f0ef38c9b29a22b3d875e34e4209a1a922f63b,SCHEDULED_PUBLISHED_TIME_NOT_OBSERVED_RUNTIME,RECONSTRUCTED_FROM_OFFICIAL_PRIMARY_TIMETABLE,,,AMBIGUOUS_HISTORICAL_GTFS,NO_RESOLVED_GTFS_IDENTITY
PDF20260903:D170:P01:C04,D170,9,25,ROBBIATE (Via A.Moro),07:54,474,True,MONTEVECCHIA,VIMERCATE,1,4,https://www.leccotrasporti.it/percorsi/estivo/linea-d170.pdf,87ab0fe1f2c68a38f8e54fd911f0ef38c9b29a22b3d875e34e4209a1a922f63b,SCHEDULED_PUBLISHED_TIME_NOT_OBSERVED_RUNTIME,RECONSTRUCTED_FROM_OFFICIAL_PRIMARY_TIMETABLE,,,AMBIGUOUS_HISTORICAL_GTFS,NO_RESOLVED_GTFS_IDENTITY
PDF20260903:D170:P01:C04,D170,10,26,PADERNO F.S.,07:59,479,True,MONTEVECCHIA,VIMERCATE,1,4,https://www.leccotrasporti.it/percorsi/estivo/linea-d170.pdf,87ab0fe1f2c68a38f8e54fd911f0ef38c9b29a22b3d875e34e4209a1a922f63b,SCHEDULED_PUBLISHED_TIME_NOT_OBSERVED_RUNTIME,RECONSTRUCTED_FROM_OFFICIAL_PRIMARY_TIMETABLE,,,AMBIGUOUS_HISTORICAL_GTFS,NO_RESOLVED_GTFS_IDENTITY
PDF20260903:D170:P01:C05,D170,1,22,MERATE NOVATE (Ospedale),07:50,470,False,MONTEVECCHIA,VIMERCATE,1,5,https://www.leccotrasporti.it/percorsi/estivo/linea-d170.pdf,87ab0fe1f2c68a38f8e54fd911f0ef38c9b29a22b3d875e34e4209a1a922f63b,SCHEDULED_PUBLISHED_TIME_NOT_OBSERVED_RUNTIME,RECONSTRUCTED_FROM_OFFICIAL_PRIMARY_TIMETABLE,,,AMBIGUOUS_HISTORICAL_GTFS,NO_RESOLVED_GTFS_IDENTITY
PDF20260903:D170:P01:C05,D170,2,25,ROBBIATE (Via A.Moro),07:54,474,False,MONTEVECCHIA,VIMERCATE,1,5,https://www.leccotrasporti.it/percorsi/estivo/linea-d170.pdf,87ab0fe1f2c68a38f8e54fd911f0ef38c9b29a22b3d875e34e4209a1a922f63b,SCHEDULED_PUBLISHED_TIME_NOT_OBSERVED_RUNTIME,RECONSTRUCTED_FROM_OFFICIAL_PRIMARY_TIMETABLE,,,AMBIGUOUS_HISTORICAL_GTFS,NO_RESOLVED_GTFS_IDENTITY
PDF20260903:D170:P01:C05,D170,3,26,PADERNO F.S.,07:59,479,False,MONTEVECCHIA,VIMERCATE,1,5,https://www.leccotrasporti.it/percorsi/estivo/linea-d170.pdf,87ab0fe1f2c68a38f8e54fd911f0ef38c9b29a22b3d875e34e4209a1a922f63b,SCHEDULED_PUBLISHED_TIME_NOT_OBSERVED_RUNTIME,RECONSTRUCTED_FROM_OFFICIAL_PRIMARY_TIMETABLE,,,AMBIGUOUS_HISTORICAL_GTFS,NO_RESOLVED_GTFS_IDENTITY
PDF20260903:D170:P01:C06,D170,1,15,CERNUSCO F.S. (terminal),07:45,465,True,MONTEVECCHIA,VIMERCATE,1,6,https://www.leccotrasporti.it/percorsi/estivo/linea-d170.pdf,87ab0fe1f2c68a38f8e54fd911f0ef38c9b29a22b3d875e34e4209a1a922f63b,SCHEDULED_PUBLISHED_TIME_NOT_OBSERVED_RUNTIME,RECONSTRUCTED_FROM_OFFICIAL_PRIMARY_TIMETABLE,,,NO_HISTORICAL_GTFS_NAME_MATCH,NO_RESOLVED_GTFS_IDENTITY
PDF20260903:D170:P01:C06,D170,2,16,CERNUSCO F.S. (Via Volta),07:46,466,True,MONTEVECCHIA,VIMERCATE,1,6,https://www.leccotrasporti.it/percorsi/estivo/linea-d170.pdf,87ab0fe1f2c68a38f8e54fd911f0ef38c9b29a22b3d875e34e4209a1a922f63b,SCHEDULED_PUBLISHED_TIME_NOT_OBSERVED_RUNTIME,RECONSTRUCTED_FROM_OFFICIAL_PRIMARY_TIMETABLE,,,NO_HISTORICAL_GTFS_NAME_MATCH,NO_RESOLVED_GTFS_IDENTITY
PDF20260903:D170:P01:C06,D170,3,17,MERATE V.LE VERDI,07:53,473,True,MONTEVECCHIA,VIMERCATE,1,6,https://www.leccotrasporti.it/percorsi/estivo/linea-d170.pdf,87ab0fe1f2c68a38f8e54fd911f0ef38c9b29a22b3d875e34e4209a1a922f63b,SCHEDULED_PUBLISHED_TIME_NOT_OBSERVED_RUNTIME,RECONSTRUCTED_FROM_OFFICIAL_PRIMARY_TIMETABLE,,,AMBIGUOUS_HISTORICAL_GTFS,NO_RESOLVED_GTFS_IDENTITY
PDF20260903:D170:P01:C06,D170,4,18,MERATE GARAGE S. CARLO,07:54,474,True,MONTEVECCHIA,VIMERCATE,1,6,https://www.leccotrasporti.it/percorsi/estivo/linea-d170.pdf,87ab0fe1f2c68a38f8e54fd911f0ef38c9b29a22b3d875e34e4209a1a922f63b,SCHEDULED_PUBLISHED_TIME_NOT_OBSERVED_RUNTIME,RECONSTRUCTED_FROM_OFFICIAL_PRIMARY_TIMETABLE,300757,,RESOLVED_BEST_SEQUENCE_UNIQUE,GTFS_IDENTIFIED_NOT_IN_V1_STOP_UNIVERSE
PDF20260903:D170:P01:C06,D170,5,19,MERATE Via De Gasperi,07:55,475,True,MONTEVECCHIA,VIMERCATE,1,6,https://www.leccotrasporti.it/percorsi/estivo/linea-d170.pdf,87ab0fe1f2c68a38f8e54fd911f0ef38c9b29a22b3d875e34e4209a1a922f63b,SCHEDULED_PUBLISHED_TIME_NOT_OBSERVED_RUNTIME,RECONSTRUCTED_FROM_OFFICIAL_PRIMARY_TIMETABLE,,,AMBIGUOUS_HISTORICAL_GTFS,NO_RESOLVED_GTFS_IDENTITY
PDF20260903:D170:P01:C06,D170,6,20,NOVATE Via De Gasperi (Scuole),07:56,476,True,MONTEVECCHIA,VIMERCATE,1,6,https://www.leccotrasporti.it/percorsi/estivo/linea-d170.pdf,87ab0fe1f2c68a38f8e54fd911f0ef38c9b29a22b3d875e34e4209a1a922f63b,SCHEDULED_PUBLISHED_TIME_NOT_OBSERVED_RUNTIME,RECONSTRUCTED_FROM_OFFICIAL_PRIMARY_TIMETABLE,,,NO_HISTORICAL_GTFS_NAME_MATCH,NO_RESOLVED_GTFS_IDENTITY
PDF20260903:D170:P01:C06,D170,7,22,MERATE NOVATE (Ospedale),07:57,477,True,MONTEVECCHIA,VIMERCATE,1,6,https://www.leccotrasporti.it/percorsi/estivo/linea-d170.pdf,87ab0fe1f2c68a38f8e54fd911f0ef38c9b29a22b3d875e34e4209a1a922f63b,SCHEDULED_PUBLISHED_TIME_NOT_OBSERVED_RUNTIME,RECONSTRUCTED_FROM_OFFICIAL_PRIMARY_TIMETABLE,,,AMBIGUOUS_HISTORICAL_GTFS,NO_RESOLVED_GTFS_IDENTITY
PDF20260903:D170:P01:C07,D170,1,15,CERNUSCO F.S. (terminal),08:35,515,False,MONTEVECCHIA,VIMERCATE,1,7,https://www.leccotrasporti.it/percorsi/estivo/linea-d170.pdf,87ab0fe1f2c68a38f8e54fd911f0ef38c9b29a22b3d875e34e4209a1a922f63b,SCHEDULED_PUBLISHED_TIME_NOT_OBSERVED_RUNTIME,RECONSTRUCTED_FROM_OFFICIAL_PRIMARY_TIMETABLE,,,NO_HISTORICAL_GTFS_NAME_MATCH,NO_RESOLVED_GTFS_IDENTITY
PDF20260903:D170:P01:C07,D170,2,16,CERNUSCO F.S. (Via Volta),08:36,516,False,MONTEVECCHIA,VIMERCATE,1,7,https://www.leccotrasporti.it/percorsi/estivo/linea-d170.pdf,87ab0fe1f2c68a38f8e54fd911f0ef38c9b29a22b3d875e34e4209a1a922f63b,SCHEDULED_PUBLISHED_TIME_NOT_OBSERVED_RUNTIME,RECONSTRUCTED_FROM_OFFICIAL_PRIMARY_TIMETABLE,,,NO_HISTORICAL_GTFS_NAME_MATCH,NO_RESOLVED_GTFS_IDENTITY
PDF20260903:D170:P01:C07,D170,3,17,MERATE V.LE VERDI,08:43,523,False,MONTEVECCHIA,VIMERCATE,1,7,https://www.leccotrasporti.it/percorsi/estivo/linea-d170.pdf,87ab0fe1f2c68a38f8e54fd911f0ef38c9b29a22b3d875e34e4209a1a922f63b,SCHEDULED_PUBLISHED_TIME_NOT_OBSERVED_RUNTIME,RECONSTRUCTED_FROM_OFFICIAL_PRIMARY_TIMETABLE,,,AMBIGUOUS_HISTORICAL_GTFS,NO_RESOLVED_GTFS_IDENTITY
PDF20260903:D170:P01:C07,D170,4,18,MERATE GARAGE S. CARLO,08:44,524,False,MONTEVECCHIA,VIMERCATE,1,7,https://www.leccotrasporti.it/percorsi/estivo/linea-d170.pdf,87ab0fe1f2c68a38f8e54fd911f0ef38c9b29a22b3d875e34e4209a1a922f63b,SCHEDULED_PUBLISHED_TIME_NOT_OBSERVED_RUNTIME,RECONSTRUCTED_FROM_OFFICIAL_PRIMARY_TIMETABLE,300757,,RESOLVED_BEST_SEQUENCE_UNIQUE,GTFS_IDENTIFIED_NOT_IN_V1_STOP_UNIVERSE
PDF20260903:D170:P01:C07,D170,5,19,MERATE Via De Gasperi,08:45,525,False,MONTEVECCHIA,VIMERCATE,1,7,https://www.leccotrasporti.it/percorsi/estivo/linea-d170.pdf,87ab0fe1f2c68a38f8e54fd911f0ef38c9b29a22b3d875e34e4209a1a922f63b,SCHEDULED_PUBLISHED_TIME_NOT_OBSERVED_RUNTIME,RECONSTRUCTED_FROM_OFFICIAL_PRIMARY_TIMETABLE,,,AMBIGUOUS_HISTORICAL_GTFS,NO_RESOLVED_GTFS_IDENTITY
PDF20260903:D170:P01:C07,D170,6,20,NOVATE Via De Gasperi (Scuole),08:46,526,False,MONTEVECCHIA,VIMERCATE,1,7,https://www.leccotrasporti.it/percorsi/estivo/linea-d170.pdf,87ab0fe1f2c68a38f8e54fd911f0ef38c9b29a22b3d875e34e4209a1a922f63b,SCHEDULED_PUBLISHED_TIME_NOT_OBSERVED_RUNTIME,RECONSTRUCTED_FROM_OFFICIAL_PRIMARY_TIMETABLE,,,NO_HISTORICAL_GTFS_NAME_MATCH,NO_RESOLVED_GTFS_IDENTITY
PDF20260903:D170:P01:C07,D170,7,22,MERATE NOVATE (Ospedale),08:47,527,False,MONTEVECCHIA,VIMERCATE,1,7,https://www.leccotrasporti.it/percorsi/estivo/linea-d170.pdf,87ab0fe1f2c68a38f8e54fd911f0ef38c9b29a22b3d875e34e4209a1a922f63b,SCHEDULED_PUBLISHED_TIME_NOT_OBSERVED_RUNTIME,RECONSTRUCTED_FROM_OFFICIAL_PRIMARY_TIMETABLE,,,AMBIGUOUS_HISTORICAL_GTFS,NO_RESOLVED_GTFS_IDENTITY
PDF20260903:D170:P01:C08,D170,1,26,PADERNO F.S.,08:16,496,True,MONTEVECCHIA,VIMERCATE,1,8,https://www.leccotrasporti.it/percorsi/estivo/linea-d170.pdf,87ab0fe1f2c68a38f8e54fd911f0ef38c9b29a22b3d875e34e4209a1a922f63b,SCHEDULED_PUBLISHED_TIME_NOT_OBSERVED_RUNTIME,RECONSTRUCTED_FROM_OFFICIAL_PRIMARY_TIMETABLE,,,AMBIGUOUS_HISTORICAL_GTFS,NO_RESOLVED_GTFS_IDENTITY
PDF20260903:D170:P01:C08,D170,2,27,VERDERIO SUP.,08:18,498,True,MONTEVECCHIA,VIMERCATE,1,8,https://www.leccotrasporti.it/percorsi/estivo/linea-d170.pdf,87ab0fe1f2c68a38f8e54fd911f0ef38c9b29a22b3d875e34e4209a1a922f63b,SCHEDULED_PUBLISHED_TIME_NOT_OBSERVED_RUNTIME,RECONSTRUCTED_FROM_OFFICIAL_PRIMARY_TIMETABLE,,,NO_HISTORICAL_GTFS_NAME_MATCH,NO_RESOLVED_GTFS_IDENTITY
PDF20260903:D170:P01:C08,D170,3,28,VERDERIO INF.,08:20,500,True,MONTEVECCHIA,VIMERCATE,1,8,https://www.leccotrasporti.it/percorsi/estivo/linea-d170.pdf,87ab0fe1f2c68a38f8e54fd911f0ef38c9b29a22b3d875e34e4209a1a922f63b,SCHEDULED_PUBLISHED_TIME_NOT_OBSERVED_RUNTIME,RECONSTRUCTED_FROM_OFFICIAL_PRIMARY_TIMETABLE,,,NO_HISTORICAL_GTFS_NAME_MATCH,NO_RESOLVED_GTFS_IDENTITY
PDF20260903:D170:P01:C08,D170,4,31,RONCO BRIANTINO,08:26,506,True,MONTEVECCHIA,VIMERCATE,1,8,https://www.leccotrasporti.it/percorsi/estivo/linea-d170.pdf,87ab0fe1f2c68a38f8e54fd911f0ef38c9b29a22b3d875e34e4209a1a922f63b,SCHEDULED_PUBLISHED_TIME_NOT_OBSERVED_RUNTIME,RECONSTRUCTED_FROM_OFFICIAL_PRIMARY_TIMETABLE,,,AMBIGUOUS_HISTORICAL_GTFS,NO_RESOLVED_GTFS_IDENTITY
PDF20260903:D170:P01:C08,D170,5,32,CARNATE F.S.,08:35,515,True,MONTEVECCHIA,VIMERCATE,1,8,https://www.leccotrasporti.it/percorsi/estivo/linea-d170.pdf,87ab0fe1f2c68a38f8e54fd911f0ef38c9b29a22b3d875e34e4209a1a922f63b,SCHEDULED_PUBLISHED_TIME_NOT_OBSERVED_RUNTIME,RECONSTRUCTED_FROM_OFFICIAL_PRIMARY_TIMETABLE,,,AMBIGUOUS_HISTORICAL_GTFS,NO_RESOLVED_GTFS_IDENTITY
PDF20260903:D170:P01:C09,D170,1,1,MONTEVECCHIA Parcheggio Alta Collina,09:00,540,True,MONTEVECCHIA,VIMERCATE,1,9,https://www.leccotrasporti.it/percorsi/estivo/linea-d170.pdf,87ab0fe1f2c68a38f8e54fd911f0ef38c9b29a22b3d875e34e4209a1a922f63b,SCHEDULED_PUBLISHED_TIME_NOT_OBSERVED_RUNTIME,RECONSTRUCTED_FROM_OFFICIAL_PRIMARY_TIMETABLE,,,NO_HISTORICAL_GTFS_NAME_MATCH,NO_RESOLVED_GTFS_IDENTITY
PDF20260903:D170:P01:C09,D170,2,2,MONTEVECCHIA Chiesa,09:02,542,True,MONTEVECCHIA,VIMERCATE,1,9,https://www.leccotrasporti.it/percorsi/estivo/linea-d170.pdf,87ab0fe1f2c68a38f8e54fd911f0ef38c9b29a22b3d875e34e4209a1a922f63b,SCHEDULED_PUBLISHED_TIME_NOT_OBSERVED_RUNTIME,RECONSTRUCTED_FROM_OFFICIAL_PRIMARY_TIMETABLE,,,AMBIGUOUS_HISTORICAL_GTFS,NO_RESOLVED_GTFS_IDENTITY
PDF20260903:D170:P01:C09,D170,3,3,MONTEVECCHIA Semaforo quattro strade,09:03,543,True,MONTEVECCHIA,VIMERCATE,1,9,https://www.leccotrasporti.it/percorsi/estivo/linea-d170.pdf,87ab0fe1f2c68a38f8e54fd911f0ef38c9b29a22b3d875e34e4209a1a922f63b,SCHEDULED_PUBLISHED_TIME_NOT_OBSERVED_RUNTIME,RECONSTRUCTED_FROM_OFFICIAL_PRIMARY_TIMETABLE,,,AMBIGUOUS_HISTORICAL_GTFS,NO_RESOLVED_GTFS_IDENTITY
PDF20260903:D170:P01:C09,D170,4,4,MONTEVECCHIA intersezione Pertevano,09:06,546,True,MONTEVECCHIA,VIMERCATE,1,9,https://www.leccotrasporti.it/percorsi/estivo/linea-d170.pdf,87ab0fe1f2c68a38f8e54fd911f0ef38c9b29a22b3d875e34e4209a1a922f63b,SCHEDULED_PUBLISHED_TIME_NOT_OBSERVED_RUNTIME,RECONSTRUCTED_FROM_OFFICIAL_PRIMARY_TIMETABLE,,,NO_HISTORICAL_GTFS_NAME_MATCH,NO_RESOLVED_GTFS_IDENTITY
PDF20260903:D170:P01:C09,D170,5,5,CERNUSCO Paravino,09:08,548,True,MONTEVECCHIA,VIMERCATE,1,9,https://www.leccotrasporti.it/percorsi/estivo/linea-d170.pdf,87ab0fe1f2c68a38f8e54fd911f0ef38c9b29a22b3d875e34e4209a1a922f63b,SCHEDULED_PUBLISHED_TIME_NOT_OBSERVED_RUNTIME,RECONSTRUCTED_FROM_OFFICIAL_PRIMARY_TIMETABLE,,,AMBIGUOUS_HISTORICAL_GTFS,NO_RESOLVED_GTFS_IDENTITY
PDF20260903:D170:P01:C09,D170,6,15,CERNUSCO F.S. (terminal),09:20,560,True,MONTEVECCHIA,VIMERCATE,1,9,https://www.leccotrasporti.it/percorsi/estivo/linea-d170.pdf,87ab0fe1f2c68a38f8e54fd911f0ef38c9b29a22b3d875e34e4209a1a922f63b,SCHEDULED_PUBLISHED_TIME_NOT_OBSERVED_RUNTIME,RECONSTRUCTED_FROM_OFFICIAL_PRIMARY_TIMETABLE,,,NO_HISTORICAL_GTFS_NAME_MATCH,NO_RESOLVED_GTFS_IDENTITY
PDF20260903:D170:P01:C10,D170,1,15,CERNUSCO F.S. (terminal),09:20,560,True,MONTEVECCHIA,VIMERCATE,1,10,https://www.leccotrasporti.it/percorsi/estivo/linea-d170.pdf,87ab0fe1f2c68a38f8e54fd911f0ef38c9b29a22b3d875e34e4209a1a922f63b,SCHEDULED_PUBLISHED_TIME_NOT_OBSERVED_RUNTIME,RECONSTRUCTED_FROM_OFFICIAL_PRIMARY_TIMETABLE,,,NO_HISTORICAL_GTFS_NAME_MATCH,NO_RESOLVED_GTFS_IDENTITY
PDF20260903:D170:P01:C10,D170,2,16,CERNUSCO F.S. (Via Volta),09:21,561,True,MONTEVECCHIA,VIMERCATE,1,10,https://www.leccotrasporti.it/percorsi/estivo/linea-d170.pdf,87ab0fe1f2c68a38f8e54fd911f0ef38c9b29a22b3d875e34e4209a1a922f63b,SCHEDULED_PUBLISHED_TIME_NOT_OBSERVED_RUNTIME,RECONSTRUCTED_FROM_OFFICIAL_PRIMARY_TIMETABLE,,,NO_HISTORICAL_GTFS_NAME_MATCH,NO_RESOLVED_GTFS_IDENTITY
PDF20260903:D170:P01:C10,D170,3,17,MERATE V.LE VERDI,09:28,568,True,MONTEVECCHIA,VIMERCATE,1,10,https://www.leccotrasporti.it/percorsi/estivo/linea-d170.pdf,87ab0fe1f2c68a38f8e54fd911f0ef38c9b29a22b3d875e34e4209a1a922f63b,SCHEDULED_PUBLISHED_TIME_NOT_OBSERVED_RUNTIME,RECONSTRUCTED_FROM_OFFICIAL_PRIMARY_TIMETABLE,,,AMBIGUOUS_HISTORICAL_GTFS,NO_RESOLVED_GTFS_IDENTITY
PDF20260903:D170:P01:C10,D170,4,18,MERATE GARAGE S. CARLO,09:29,569,True,MONTEVECCHIA,VIMERCATE,1,10,https://www.leccotrasporti.it/percorsi/estivo/linea-d170.pdf,87ab0fe1f2c68a38f8e54fd911f0ef38c9b29a22b3d875e34e4209a1a922f63b,SCHEDULED_PUBLISHED_TIME_NOT_OBSERVED_RUNTIME,RECONSTRUCTED_FROM_OFFICIAL_PRIMARY_TIMETABLE,300757,,RESOLVED_BEST_SEQUENCE_UNIQUE,GTFS_IDENTIFIED_NOT_IN_V1_STOP_UNIVERSE
PDF20260903:D170:P01:C10,D170,5,19,MERATE Via De Gasperi,09:30,570,True,MONTEVECCHIA,VIMERCATE,1,10,https://www.leccotrasporti.it/percorsi/estivo/linea-d170.pdf,87ab0fe1f2c68a38f8e54fd911f0ef38c9b29a22b3d875e34e4209a1a922f63b,SCHEDULED_PUBLISHED_TIME_NOT_OBSERVED_RUNTIME,RECONSTRUCTED_FROM_OFFICIAL_PRIMARY_TIMETABLE,,,AMBIGUOUS_HISTORICAL_GTFS,NO_RESOLVED_GTFS_IDENTITY
PDF20260903:D170:P01:C10,D170,6,20,NOVATE Via De Gasperi (Scuole),09:31,571,True,MONTEVECCHIA,VIMERCATE,1,10,https://www.leccotrasporti.it/percorsi/estivo/linea-d170.pdf,87ab0fe1f2c68a38f8e54fd911f0ef38c9b29a22b3d875e34e4209a1a922f63b,SCHEDULED_PUBLISHED_TIME_NOT_OBSERVED_RUNTIME,RECONSTRUCTED_FROM_OFFICIAL_PRIMARY_TIMETABLE,,,NO_HISTORICAL_GTFS_NAME_MATCH,NO_RESOLVED_GTFS_IDENTITY
PDF20260903:D170:P01:C10,D170,7,22,MERATE NOVATE (Ospedale),09:32,572,True,MONTEVECCHIA,VIMERCATE,1,10,https://www.leccotrasporti.it/percorsi/estivo/linea-d170.pdf,87ab0fe1f2c68a38f8e54fd911f0ef38c9b29a22b3d875e34e4209a1a922f63b,SCHEDULED_PUBLISHED_TIME_NOT_OBSERVED_RUNTIME,RECONSTRUCTED_FROM_OFFICIAL_PRIMARY_TIMETABLE,,,AMBIGUOUS_HISTORICAL_GTFS,NO_RESOLVED_GTFS_IDENTITY
PDF20260903:D170:P01:C10,D170,8,24,MERATE BRUGAROLO,09:40,580,True,MONTEVECCHIA,VIMERCATE,1,10,https://www.leccotrasporti.it/percorsi/estivo/linea-d170.pdf,87ab0fe1f2c68a38f8e54fd911f0ef38c9b29a22b3d875e34e4209a1a922f63b,SCHEDULED_PUBLISHED_TIME_NOT_OBSERVED_RUNTIME,RECONSTRUCTED_FROM_OFFICIAL_PRIMARY_TIMETABLE,,,AMBIGUOUS_HISTORICAL_GTFS,NO_RESOLVED_GTFS_IDENTITY
PDF20260903:D170:P01:C11,D170,1,15,CERNUSCO F.S. (terminal),09:35,575,True,MONTEVECCHIA,VIMERCATE,1,11,https://www.leccotrasporti.it/percorsi/estivo/linea-d170.pdf,87ab0fe1f2c68a38f8e54fd911f0ef38c9b29a22b3d875e34e4209a1a922f63b,SCHEDULED_PUBLISHED_TIME_NOT_OBSERVED_RUNTIME,RECONSTRUCTED_FROM_OFFICIAL_PRIMARY_TIMETABLE,,,NO_HISTORICAL_GTFS_NAME_MATCH,NO_RESOLVED_GTFS_IDENTITY
PDF20260903:D170:P01:C11,D170,2,16,CERNUSCO F.S. (Via Volta),09:36,576,True,MONTEVECCHIA,VIMERCATE,1,11,https://www.leccotrasporti.it/percorsi/estivo/linea-d170.pdf,87ab0fe1f2c68a38f8e54fd911f0ef38c9b29a22b3d875e34e4209a1a922f63b,SCHEDULED_PUBLISHED_TIME_NOT_OBSERVED_RUNTIME,RECONSTRUCTED_FROM_OFFICIAL_PRIMARY_TIMETABLE,,,NO_HISTORICAL_GTFS_NAME_MATCH,NO_RESOLVED_GTFS_IDENTITY
PDF20260903:D170:P01:C11,D170,3,17,MERATE V.LE VERDI,09:43,583,True,MONTEVECCHIA,VIMERCATE,1,11,https://www.leccotrasporti.it/percorsi/estivo/linea-d170.pdf,87ab0fe1f2c68a38f8e54fd911f0ef38c9b29a22b3d875e34e4209a1a922f63b,SCHEDULED_PUBLISHED_TIME_NOT_OBSERVED_RUNTIME,RECONSTRUCTED_FROM_OFFICIAL_PRIMARY_TIMETABLE,,,AMBIGUOUS_HISTORICAL_GTFS,NO_RESOLVED_GTFS_IDENTITY
PDF20260903:D170:P01:C11,D170,4,18,MERATE GARAGE S. CARLO,09:44,584,True,MONTEVECCHIA,VIMERCATE,1,11,https://www.leccotrasporti.it/percorsi/estivo/linea-d170.pdf,87ab0fe1f2c68a38f8e54fd911f0ef38c9b29a22b3d875e34e4209a1a922f63b,SCHEDULED_PUBLISHED_TIME_NOT_OBSERVED_RUNTIME,RECONSTRUCTED_FROM_OFFICIAL_PRIMARY_TIMETABLE,300757,,RESOLVED_BEST_SEQUENCE_UNIQUE,GTFS_IDENTIFIED_NOT_IN_V1_STOP_UNIVERSE
PDF20260903:D170:P01:C11,D170,5,19,MERATE Via De Gasperi,09:45,585,True,MONTEVECCHIA,VIMERCATE,1,11,https://www.leccotrasporti.it/percorsi/estivo/linea-d170.pdf,87ab0fe1f2c68a38f8e54fd911f0ef38c9b29a22b3d875e34e4209a1a922f63b,SCHEDULED_PUBLISHED_TIME_NOT_OBSERVED_RUNTIME,RECONSTRUCTED_FROM_OFFICIAL_PRIMARY_TIMETABLE,,,AMBIGUOUS_HISTORICAL_GTFS,NO_RESOLVED_GTFS_IDENTITY
PDF20260903:D170:P01:C11,D170,6,20,NOVATE Via De Gasperi (Scuole),09:46,586,True,MONTEVECCHIA,VIMERCATE,1,11,https://www.leccotrasporti.it/percorsi/estivo/linea-d170.pdf,87ab0fe1f2c68a38f8e54fd911f0ef38c9b29a22b3d875e34e4209a1a922f63b,SCHEDULED_PUBLISHED_TIME_NOT_OBSERVED_RUNTIME,RECONSTRUCTED_FROM_OFFICIAL_PRIMARY_TIMETABLE,,,NO_HISTORICAL_GTFS_NAME_MATCH,NO_RESOLVED_GTFS_IDENTITY
PDF20260903:D170:P01:C11,D170,7,22,MERATE NOVATE (Ospedale),09:47,587,True,MONTEVECCHIA,VIMERCATE,1,11,https://www.leccotrasporti.it/percorsi/estivo/linea-d170.pdf,87ab0fe1f2c68a38f8e54fd911f0ef38c9b29a22b3d875e34e4209a1a922f63b,SCHEDULED_PUBLISHED_TIME_NOT_OBSERVED_RUNTIME,RECONSTRUCTED_FROM_OFFICIAL_PRIMARY_TIMETABLE,,,AMBIGUOUS_HISTORICAL_GTFS,NO_RESOLVED_GTFS_IDENTITY
PDF20260903:D170:P01:C11,D170,8,25,ROBBIATE (Via A.Moro),09:51,591,True,MONTEVECCHIA,VIMERCATE,1,11,https://www.leccotrasporti.it/percorsi/estivo/linea-d170.pdf,87ab0fe1f2c68a38f8e54fd911f0ef38c9b29a22b3d875e34e4209a1a922f63b,SCHEDULED_PUBLISHED_TIME_NOT_OBSERVED_RUNTIME,RECONSTRUCTED_FROM_OFFICIAL_PRIMARY_TIMETABLE,,,AMBIGUOUS_HISTORICAL_GTFS,NO_RESOLVED_GTFS_IDENTITY
PDF20260903:D170:P01:C11,D170,9,26,PADERNO F.S.,09:56,596,True,MONTEVECCHIA,VIMERCATE,1,11,https://www.leccotrasporti.it/percorsi/estivo/linea-d170.pdf,87ab0fe1f2c68a38f8e54fd911f0ef38c9b29a22b3d875e34e4209a1a922f63b,SCHEDULED_PUBLISHED_TIME_NOT_OBSERVED_RUNTIME,RECONSTRUCTED_FROM_OFFICIAL_PRIMARY_TIMETABLE,,,AMBIGUOUS_HISTORICAL_GTFS,NO_RESOLVED_GTFS_IDENTITY
PDF20260903:D170:P01:C12,D170,1,6,ARLATE,10:15,615,True,MONTEVECCHIA,VIMERCATE,1,12,https://www.leccotrasporti.it/percorsi/estivo/linea-d170.pdf,87ab0fe1f2c68a38f8e54fd911f0ef38c9b29a22b3d875e34e4209a1a922f63b,SCHEDULED_PUBLISHED_TIME_NOT_OBSERVED_RUNTIME,RECONSTRUCTED_FROM_OFFICIAL_PRIMARY_TIMETABLE,,,AMBIGUOUS_HISTORICAL_GTFS,NO_RESOLVED_GTFS_IDENTITY
PDF20260903:D170:P01:C12,D170,2,7,IMBERSAGO,10:17,617,True,MONTEVECCHIA,VIMERCATE,1,12,https://www.leccotrasporti.it/percorsi/estivo/linea-d170.pdf,87ab0fe1f2c68a38f8e54fd911f0ef38c9b29a22b3d875e34e4209a1a922f63b,SCHEDULED_PUBLISHED_TIME_NOT_OBSERVED_RUNTIME,RECONSTRUCTED_FROM_OFFICIAL_PRIMARY_TIMETABLE,,,AMBIGUOUS_HISTORICAL_GTFS,NO_RESOLVED_GTFS_IDENTITY
PDF20260903:D170:P01:C12,D170,3,25,ROBBIATE (Via A.Moro),10:21,621,True,MONTEVECCHIA,VIMERCATE,1,12,https://www.leccotrasporti.it/percorsi/estivo/linea-d170.pdf,87ab0fe1f2c68a38f8e54fd911f0ef38c9b29a22b3d875e34e4209a1a922f63b,SCHEDULED_PUBLISHED_TIME_NOT_OBSERVED_RUNTIME,RECONSTRUCTED_FROM_OFFICIAL_PRIMARY_TIMETABLE,,,AMBIGUOUS_HISTORICAL_GTFS,NO_RESOLVED_GTFS_IDENTITY
PDF20260903:D170:P01:C12,D170,4,26,PADERNO F.S.,10:26,626,True,MONTEVECCHIA,VIMERCATE,1,12,https://www.leccotrasporti.it/percorsi/estivo/linea-d170.pdf,87ab0fe1f2c68a38f8e54fd911f0ef38c9b29a22b3d875e34e4209a1a922f63b,SCHEDULED_PUBLISHED_TIME_NOT_OBSERVED_RUNTIME,RECONSTRUCTED_FROM_OFFICIAL_PRIMARY_TIMETABLE,,,AMBIGUOUS_HISTORICAL_GTFS,NO_RESOLVED_GTFS_IDENTITY
PDF20260903:D170:P01:C13,D170,1,15,CERNUSCO F.S. (terminal),10:00,600,True,MONTEVECCHIA,VIMERCATE,1,13,https://www.leccotrasporti.it/percorsi/estivo/linea-d170.pdf,87ab0fe1f2c68a38f8e54fd911f0ef38c9b29a22b3d875e34e4209a1a922f63b,SCHEDULED_PUBLISHED_TIME_NOT_OBSERVED_RUNTIME,RECONSTRUCTED_FROM_OFFICIAL_PRIMARY_TIMETABLE,,,NO_HISTORICAL_GTFS_NAME_MATCH,NO_RESOLVED_GTFS_IDENTITY
PDF20260903:D170:P01:C13,D170,2,16,CERNUSCO F.S. (Via Volta),10:01,601,True,MONTEVECCHIA,VIMERCATE,1,13,https://www.leccotrasporti.it/percorsi/estivo/linea-d170.pdf,87ab0fe1f2c68a38f8e54fd911f0ef38c9b29a22b3d875e34e4209a1a922f63b,SCHEDULED_PUBLISHED_TIME_NOT_OBSERVED_RUNTIME,RECONSTRUCTED_FROM_OFFICIAL_PRIMARY_TIMETABLE,,,NO_HISTORICAL_GTFS_NAME_MATCH,NO_RESOLVED_GTFS_IDENTITY
PDF20260903:D170:P01:C13,D170,3,17,MERATE V.LE VERDI,10:08,608,True,MONTEVECCHIA,VIMERCATE,1,13,https://www.leccotrasporti.it/percorsi/estivo/linea-d170.pdf,87ab0fe1f2c68a38f8e54fd911f0ef38c9b29a22b3d875e34e4209a1a922f63b,SCHEDULED_PUBLISHED_TIME_NOT_OBSERVED_RUNTIME,RECONSTRUCTED_FROM_OFFICIAL_PRIMARY_TIMETABLE,,,AMBIGUOUS_HISTORICAL_GTFS,NO_RESOLVED_GTFS_IDENTITY
PDF20260903:D170:P01:C13,D170,4,18,MERATE GARAGE S. CARLO,10:09,609,True,MONTEVECCHIA,VIMERCATE,1,13,https://www.leccotrasporti.it/percorsi/estivo/linea-d170.pdf,87ab0fe1f2c68a38f8e54fd911f0ef38c9b29a22b3d875e34e4209a1a922f63b,SCHEDULED_PUBLISHED_TIME_NOT_OBSERVED_RUNTIME,RECONSTRUCTED_FROM_OFFICIAL_PRIMARY_TIMETABLE,300757,,RESOLVED_BEST_SEQUENCE_UNIQUE,GTFS_IDENTIFIED_NOT_IN_V1_STOP_UNIVERSE
PDF20260903:D170:P01:C13,D170,5,19,MERATE Via De Gasperi,10:10,610,True,MONTEVECCHIA,VIMERCATE,1,13,https://www.leccotrasporti.it/percorsi/estivo/linea-d170.pdf,87ab0fe1f2c68a38f8e54fd911f0ef38c9b29a22b3d875e34e4209a1a922f63b,SCHEDULED_PUBLISHED_TIME_NOT_OBSERVED_RUNTIME,RECONSTRUCTED_FROM_OFFICIAL_PRIMARY_TIMETABLE,,,AMBIGUOUS_HISTORICAL_GTFS,NO_RESOLVED_GTFS_IDENTITY
PDF20260903:D170:P01:C13,D170,6,20,NOVATE Via De Gasperi (Scuole),10:11,611,True,MONTEVECCHIA,VIMERCATE,1,13,https://www.leccotrasporti.it/percorsi/estivo/linea-d170.pdf,87ab0fe1f2c68a38f8e54fd911f0ef38c9b29a22b3d875e34e4209a1a922f63b,SCHEDULED_PUBLISHED_TIME_NOT_OBSERVED_RUNTIME,RECONSTRUCTED_FROM_OFFICIAL_PRIMARY_TIMETABLE,,,NO_HISTORICAL_GTFS_NAME_MATCH,NO_RESOLVED_GTFS_IDENTITY
PDF20260903:D170:P01:C13,D170,7,22,MERATE NOVATE (Ospedale),10:12,612,True,MONTEVECCHIA,VIMERCATE,1,13,https://www.leccotrasporti.it/percorsi/estivo/linea-d170.pdf,87ab0fe1f2c68a38f8e54fd911f0ef38c9b29a22b3d875e34e4209a1a922f63b,SCHEDULED_PUBLISHED_TIME_NOT_OBSERVED_RUNTIME,RECONSTRUCTED_FROM_OFFICIAL_PRIMARY_TIMETABLE,,,AMBIGUOUS_HISTORICAL_GTFS,NO_RESOLVED_GTFS_IDENTITY
PDF20260903:D170:P01:C14,D170,1,15,CERNUSCO F.S. (terminal),10:51,651,True,MONTEVECCHIA,VIMERCATE,1,14,https://www.leccotrasporti.it/percorsi/estivo/linea-d170.pdf,87ab0fe1f2c68a38f8e54fd911f0ef38c9b29a22b3d875e34e4209a1a922f63b,SCHEDULED_PUBLISHED_TIME_NOT_OBSERVED_RUNTIME,RECONSTRUCTED_FROM_OFFICIAL_PRIMARY_TIMETABLE,,,NO_HISTORICAL_GTFS_NAME_MATCH,NO_RESOLVED_GTFS_IDENTITY
PDF20260903:D170:P01:C14,D170,2,16,CERNUSCO F.S. (Via Volta),10:52,652,True,MONTEVECCHIA,VIMERCATE,1,14,https://www.leccotrasporti.it/percorsi/estivo/linea-d170.pdf,87ab0fe1f2c68a38f8e54fd911f0ef38c9b29a22b3d875e34e4209a1a922f63b,SCHEDULED_PUBLISHED_TIME_NOT_OBSERVED_RUNTIME,RECONSTRUCTED_FROM_OFFICIAL_PRIMARY_TIMETABLE,,,NO_HISTORICAL_GTFS_NAME_MATCH,NO_RESOLVED_GTFS_IDENTITY
PDF20260903:D170:P01:C14,D170,3,17,MERATE V.LE VERDI,10:58,658,True,MONTEVECCHIA,VIMERCATE,1,14,https://www.leccotrasporti.it/percorsi/estivo/linea-d170.pdf,87ab0fe1f2c68a38f8e54fd911f0ef38c9b29a22b3d875e34e4209a1a922f63b,SCHEDULED_PUBLISHED_TIME_NOT_OBSERVED_RUNTIME,RECONSTRUCTED_FROM_OFFICIAL_PRIMARY_TIMETABLE,,,AMBIGUOUS_HISTORICAL_GTFS,NO_RESOLVED_GTFS_IDENTITY
PDF20260903:D170:P01:C14,D170,4,18,MERATE GARAGE S. CARLO,10:59,659,True,MONTEVECCHIA,VIMERCATE,1,14,https://www.leccotrasporti.it/percorsi/estivo/linea-d170.pdf,87ab0fe1f2c68a38f8e54fd911f0ef38c9b29a22b3d875e34e4209a1a922f63b,SCHEDULED_PUBLISHED_TIME_NOT_OBSERVED_RUNTIME,RECONSTRUCTED_FROM_OFFICIAL_PRIMARY_TIMETABLE,300757,,RESOLVED_BEST_SEQUENCE_UNIQUE,GTFS_IDENTIFIED_NOT_IN_V1_STOP_UNIVERSE
PDF20260903:D170:P01:C14,D170,5,19,MERATE Via De Gasperi,11:00,660,True,MONTEVECCHIA,VIMERCATE,1,14,https://www.leccotrasporti.it/percorsi/estivo/linea-d170.pdf,87ab0fe1f2c68a38f8e54fd911f0ef38c9b29a22b3d875e34e4209a1a922f63b,SCHEDULED_PUBLISHED_TIME_NOT_OBSERVED_RUNTIME,RECONSTRUCTED_FROM_OFFICIAL_PRIMARY_TIMETABLE,,,AMBIGUOUS_HISTORICAL_GTFS,NO_RESOLVED_GTFS_IDENTITY
PDF20260903:D170:P01:C14,D170,6,20,NOVATE Via De Gasperi (Scuole),11:01,661,True,MONTEVECCHIA,VIMERCATE,1,14,https://www.leccotrasporti.it/percorsi/estivo/linea-d170.pdf,87ab0fe1f2c68a38f8e54fd911f0ef38c9b29a22b3d875e34e4209a1a922f63b,SCHEDULED_PUBLISHED_TIME_NOT_OBSERVED_RUNTIME,RECONSTRUCTED_FROM_OFFICIAL_PRIMARY_TIMETABLE,,,NO_HISTORICAL_GTFS_NAME_MATCH,NO_RESOLVED_GTFS_IDENTITY
PDF20260903:D170:P01:C14,D170,7,22,MERATE NOVATE (Ospedale),11:02,662,True,MONTEVECCHIA,VIMERCATE,1,14,https://www.leccotrasporti.it/percorsi/estivo/linea-d170.pdf,87ab0fe1f2c68a38f8e54fd911f0ef38c9b29a22b3d875e34e4209a1a922f63b,SCHEDULED_PUBLISHED_TIME_NOT_OBSERVED_RUNTIME,RECONSTRUCTED_FROM_OFFICIAL_PRIMARY_TIMETABLE,,,AMBIGUOUS_HISTORICAL_GTFS,NO_RESOLVED_GTFS_IDENTITY
PDF20260903:D170:P01:C15,D170,1,22,MERATE NOVATE (Ospedale),11:02,662,True,MONTEVECCHIA,VIMERCATE,1,15,https://www.leccotrasporti.it/percorsi/estivo/linea-d170.pdf,87ab0fe1f2c68a38f8e54fd911f0ef38c9b29a22b3d875e34e4209a1a922f63b,SCHEDULED_PUBLISHED_TIME_NOT_OBSERVED_RUNTIME,RECONSTRUCTED_FROM_OFFICIAL_PRIMARY_TIMETABLE,,,AMBIGUOUS_HISTORICAL_GTFS,NO_RESOLVED_GTFS_IDENTITY
PDF20260903:D170:P01:C15,D170,2,25,ROBBIATE (Via A.Moro),11:06,666,True,MONTEVECCHIA,VIMERCATE,1,15,https://www.leccotrasporti.it/percorsi/estivo/linea-d170.pdf,87ab0fe1f2c68a38f8e54fd911f0ef38c9b29a22b3d875e34e4209a1a922f63b,SCHEDULED_PUBLISHED_TIME_NOT_OBSERVED_RUNTIME,RECONSTRUCTED_FROM_OFFICIAL_PRIMARY_TIMETABLE,,,AMBIGUOUS_HISTORICAL_GTFS,NO_RESOLVED_GTFS_IDENTITY
PDF20260903:D170:P01:C15,D170,3,26,PADERNO F.S.,11:11,671,True,MONTEVECCHIA,VIMERCATE,1,15,https://www.leccotrasporti.it/percorsi/estivo/linea-d170.pdf,87ab0fe1f2c68a38f8e54fd911f0ef38c9b29a22b3d875e34e4209a1a922f63b,SCHEDULED_PUBLISHED_TIME_NOT_OBSERVED_RUNTIME,RECONSTRUCTED_FROM_OFFICIAL_PRIMARY_TIMETABLE,,,AMBIGUOUS_HISTORICAL_GTFS,NO_RESOLVED_GTFS_IDENTITY
PDF20260903:D170:P01:C15,D170,4,27,VERDERIO SUP.,11:13,673,True,MONTEVECCHIA,VIMERCATE,1,15,https://www.leccotrasporti.it/percorsi/estivo/linea-d170.pdf,87ab0fe1f2c68a38f8e54fd911f0ef38c9b29a22b3d875e34e4209a1a922f63b,SCHEDULED_PUBLISHED_TIME_NOT_OBSERVED_RUNTIME,RECONSTRUCTED_FROM_OFFICIAL_PRIMARY_TIMETABLE,,,NO_HISTORICAL_GTFS_NAME_MATCH,NO_RESOLVED_GTFS_IDENTITY
PDF20260903:D170:P01:C15,D170,5,28,VERDERIO INF.,11:15,675,True,MONTEVECCHIA,VIMERCATE,1,15,https://www.leccotrasporti.it/percorsi/estivo/linea-d170.pdf,87ab0fe1f2c68a38f8e54fd911f0ef38c9b29a22b3d875e34e4209a1a922f63b,SCHEDULED_PUBLISHED_TIME_NOT_OBSERVED_RUNTIME,RECONSTRUCTED_FROM_OFFICIAL_PRIMARY_TIMETABLE,,,NO_HISTORICAL_GTFS_NAME_MATCH,NO_RESOLVED_GTFS_IDENTITY
PDF20260903:D170:P01:C15,D170,6,31,RONCO BRIANTINO,11:21,681,True,MONTEVECCHIA,VIMERCATE,1,15,https://www.leccotrasporti.it/percorsi/estivo/linea-d170.pdf,87ab0fe1f2c68a38f8e54fd911f0ef38c9b29a22b3d875e34e4209a1a922f63b,SCHEDULED_PUBLISHED_TIME_NOT_OBSERVED_RUNTIME,RECONSTRUCTED_FROM_OFFICIAL_PRIMARY_TIMETABLE,,,AMBIGUOUS_HISTORICAL_GTFS,NO_RESOLVED_GTFS_IDENTITY
PDF20260903:D170:P01:C15,D170,7,32,CARNATE F.S.,11:30,690,True,MONTEVECCHIA,VIMERCATE,1,15,https://www.leccotrasporti.it/percorsi/estivo/linea-d170.pdf,87ab0fe1f2c68a38f8e54fd911f0ef38c9b29a22b3d875e34e4209a1a922f63b,SCHEDULED_PUBLISHED_TIME_NOT_OBSERVED_RUNTIME,RECONSTRUCTED_FROM_OFFICIAL_PRIMARY_TIMETABLE,,,AMBIGUOUS_HISTORICAL_GTFS,NO_RESOLVED_GTFS_IDENTITY
PDF20260903:D170:P01:C16,D170,1,15,CERNUSCO F.S. (terminal),11:35,695,True,MONTEVECCHIA,VIMERCATE,1,16,https://www.leccotrasporti.it/percorsi/estivo/linea-d170.pdf,87ab0fe1f2c68a38f8e54fd911f0ef38c9b29a22b3d875e34e4209a1a922f63b,SCHEDULED_PUBLISHED_TIME_NOT_OBSERVED_RUNTIME,RECONSTRUCTED_FROM_OFFICIAL_PRIMARY_TIMETABLE,,,NO_HISTORICAL_GTFS_NAME_MATCH,NO_RESOLVED_GTFS_IDENTITY
PDF20260903:D170:P01:C16,D170,2,16,CERNUSCO F.S. (Via Volta),11:36,696,True,MONTEVECCHIA,VIMERCATE,1,16,https://www.leccotrasporti.it/percorsi/estivo/linea-d170.pdf,87ab0fe1f2c68a38f8e54fd911f0ef38c9b29a22b3d875e34e4209a1a922f63b,SCHEDULED_PUBLISHED_TIME_NOT_OBSERVED_RUNTIME,RECONSTRUCTED_FROM_OFFICIAL_PRIMARY_TIMETABLE,,,NO_HISTORICAL_GTFS_NAME_MATCH,NO_RESOLVED_GTFS_IDENTITY
PDF20260903:D170:P01:C16,D170,3,17,MERATE V.LE VERDI,11:43,703,True,MONTEVECCHIA,VIMERCATE,1,16,https://www.leccotrasporti.it/percorsi/estivo/linea-d170.pdf,87ab0fe1f2c68a38f8e54fd911f0ef38c9b29a22b3d875e34e4209a1a922f63b,SCHEDULED_PUBLISHED_TIME_NOT_OBSERVED_RUNTIME,RECONSTRUCTED_FROM_OFFICIAL_PRIMARY_TIMETABLE,,,AMBIGUOUS_HISTORICAL_GTFS,NO_RESOLVED_GTFS_IDENTITY
PDF20260903:D170:P01:C16,D170,4,18,MERATE GARAGE S. CARLO,11:44,704,True,MONTEVECCHIA,VIMERCATE,1,16,https://www.leccotrasporti.it/percorsi/estivo/linea-d170.pdf,87ab0fe1f2c68a38f8e54fd911f0ef38c9b29a22b3d875e34e4209a1a922f63b,SCHEDULED_PUBLISHED_TIME_NOT_OBSERVED_RUNTIME,RECONSTRUCTED_FROM_OFFICIAL_PRIMARY_TIMETABLE,300757,,RESOLVED_BEST_SEQUENCE_UNIQUE,GTFS_IDENTIFIED_NOT_IN_V1_STOP_UNIVERSE
PDF20260903:D170:P01:C16,D170,5,19,MERATE Via De Gasperi,11:45,705,True,MONTEVECCHIA,VIMERCATE,1,16,https://www.leccotrasporti.it/percorsi/estivo/linea-d170.pdf,87ab0fe1f2c68a38f8e54fd911f0ef38c9b29a22b3d875e34e4209a1a922f63b,SCHEDULED_PUBLISHED_TIME_NOT_OBSERVED_RUNTIME,RECONSTRUCTED_FROM_OFFICIAL_PRIMARY_TIMETABLE,,,AMBIGUOUS_HISTORICAL_GTFS,NO_RESOLVED_GTFS_IDENTITY
PDF20260903:D170:P01:C16,D170,6,20,NOVATE Via De Gasperi (Scuole),11:46,706,True,MONTEVECCHIA,VIMERCATE,1,16,https://www.leccotrasporti.it/percorsi/estivo/linea-d170.pdf,87ab0fe1f2c68a38f8e54fd911f0ef38c9b29a22b3d875e34e4209a1a922f63b,SCHEDULED_PUBLISHED_TIME_NOT_OBSERVED_RUNTIME,RECONSTRUCTED_FROM_OFFICIAL_PRIMARY_TIMETABLE,,,NO_HISTORICAL_GTFS_NAME_MATCH,NO_RESOLVED_GTFS_IDENTITY
PDF20260903:D170:P01:C16,D170,7,22,MERATE NOVATE (Ospedale),11:47,707,True,MONTEVECCHIA,VIMERCATE,1,16,https://www.leccotrasporti.it/percorsi/estivo/linea-d170.pdf,87ab0fe1f2c68a38f8e54fd911f0ef38c9b29a22b3d875e34e4209a1a922f63b,SCHEDULED_PUBLISHED_TIME_NOT_OBSERVED_RUNTIME,RECONSTRUCTED_FROM_OFFICIAL_PRIMARY_TIMETABLE,,,AMBIGUOUS_HISTORICAL_GTFS,NO_RESOLVED_GTFS_IDENTITY
PDF20260903:D170:P01:C16,D170,8,25,ROBBIATE (Via A.Moro),11:51,711,True,MONTEVECCHIA,VIMERCATE,1,16,https://www.leccotrasporti.it/percorsi/estivo/linea-d170.pdf,87ab0fe1f2c68a38f8e54fd911f0ef38c9b29a22b3d875e34e4209a1a922f63b,SCHEDULED_PUBLISHED_TIME_NOT_OBSERVED_RUNTIME,RECONSTRUCTED_FROM_OFFICIAL_PRIMARY_TIMETABLE,,,AMBIGUOUS_HISTORICAL_GTFS,NO_RESOLVED_GTFS_IDENTITY
PDF20260903:D170:P01:C16,D170,9,26,PADERNO F.S.,11:56,716,True,MONTEVECCHIA,VIMERCATE,1,16,https://www.leccotrasporti.it/percorsi/estivo/linea-d170.pdf,87ab0fe1f2c68a38f8e54fd911f0ef38c9b29a22b3d875e34e4209a1a922f63b,SCHEDULED_PUBLISHED_TIME_NOT_OBSERVED_RUNTIME,RECONSTRUCTED_FROM_OFFICIAL_PRIMARY_TIMETABLE,,,AMBIGUOUS_HISTORICAL_GTFS,NO_RESOLVED_GTFS_IDENTITY
PDF20260903:D170:P01:C17,D170,1,26,PADERNO F.S.,12:00,720,True,MONTEVECCHIA,VIMERCATE,1,17,https://www.leccotrasporti.it/percorsi/estivo/linea-d170.pdf,87ab0fe1f2c68a38f8e54fd911f0ef38c9b29a22b3d875e34e4209a1a922f63b,SCHEDULED_PUBLISHED_TIME_NOT_OBSERVED_RUNTIME,RECONSTRUCTED_FROM_OFFICIAL_PRIMARY_TIMETABLE,,,AMBIGUOUS_HISTORICAL_GTFS,NO_RESOLVED_GTFS_IDENTITY
PDF20260903:D170:P01:C17,D170,2,27,VERDERIO SUP.,12:02,722,True,MONTEVECCHIA,VIMERCATE,1,17,https://www.leccotrasporti.it/percorsi/estivo/linea-d170.pdf,87ab0fe1f2c68a38f8e54fd911f0ef38c9b29a22b3d875e34e4209a1a922f63b,SCHEDULED_PUBLISHED_TIME_NOT_OBSERVED_RUNTIME,RECONSTRUCTED_FROM_OFFICIAL_PRIMARY_TIMETABLE,,,NO_HISTORICAL_GTFS_NAME_MATCH,NO_RESOLVED_GTFS_IDENTITY
PDF20260903:D170:P01:C17,D170,3,28,VERDERIO INF.,12:04,724,True,MONTEVECCHIA,VIMERCATE,1,17,https://www.leccotrasporti.it/percorsi/estivo/linea-d170.pdf,87ab0fe1f2c68a38f8e54fd911f0ef38c9b29a22b3d875e34e4209a1a922f63b,SCHEDULED_PUBLISHED_TIME_NOT_OBSERVED_RUNTIME,RECONSTRUCTED_FROM_OFFICIAL_PRIMARY_TIMETABLE,,,NO_HISTORICAL_GTFS_NAME_MATCH,NO_RESOLVED_GTFS_IDENTITY
PDF20260903:D170:P01:C17,D170,4,31,RONCO BRIANTINO,12:10,730,True,MONTEVECCHIA,VIMERCATE,1,17,https://www.leccotrasporti.it/percorsi/estivo/linea-d170.pdf,87ab0fe1f2c68a38f8e54fd911f0ef38c9b29a22b3d875e34e4209a1a922f63b,SCHEDULED_PUBLISHED_TIME_NOT_OBSERVED_RUNTIME,RECONSTRUCTED_FROM_OFFICIAL_PRIMARY_TIMETABLE,,,AMBIGUOUS_HISTORICAL_GTFS,NO_RESOLVED_GTFS_IDENTITY
PDF20260903:D170:P01:C17,D170,5,32,CARNATE F.S.,12:19,739,True,MONTEVECCHIA,VIMERCATE,1,17,https://www.leccotrasporti.it/percorsi/estivo/linea-d170.pdf,87ab0fe1f2c68a38f8e54fd911f0ef38c9b29a22b3d875e34e4209a1a922f63b,SCHEDULED_PUBLISHED_TIME_NOT_OBSERVED_RUNTIME,RECONSTRUCTED_FROM_OFFICIAL_PRIMARY_TIMETABLE,,,AMBIGUOUS_HISTORICAL_GTFS,NO_RESOLVED_GTFS_IDENTITY
PDF20260903:D170:P01:C18,D170,1,15,CERNUSCO F.S. (terminal),12:40,760,True,MONTEVECCHIA,VIMERCATE,1,18,https://www.leccotrasporti.it/percorsi/estivo/linea-d170.pdf,87ab0fe1f2c68a38f8e54fd911f0ef38c9b29a22b3d875e34e4209a1a922f63b,SCHEDULED_PUBLISHED_TIME_NOT_OBSERVED_RUNTIME,RECONSTRUCTED_FROM_OFFICIAL_PRIMARY_TIMETABLE,,,NO_HISTORICAL_GTFS_NAME_MATCH,NO_RESOLVED_GTFS_IDENTITY
PDF20260903:D170:P01:C18,D170,2,16,CERNUSCO F.S. (Via Volta),12:41,761,True,MONTEVECCHIA,VIMERCATE,1,18,https://www.leccotrasporti.it/percorsi/estivo/linea-d170.pdf,87ab0fe1f2c68a38f8e54fd911f0ef38c9b29a22b3d875e34e4209a1a922f63b,SCHEDULED_PUBLISHED_TIME_NOT_OBSERVED_RUNTIME,RECONSTRUCTED_FROM_OFFICIAL_PRIMARY_TIMETABLE,,,NO_HISTORICAL_GTFS_NAME_MATCH,NO_RESOLVED_GTFS_IDENTITY
PDF20260903:D170:P01:C18,D170,3,17,MERATE V.LE VERDI,12:48,768,True,MONTEVECCHIA,VIMERCATE,1,18,https://www.leccotrasporti.it/percorsi/estivo/linea-d170.pdf,87ab0fe1f2c68a38f8e54fd911f0ef38c9b29a22b3d875e34e4209a1a922f63b,SCHEDULED_PUBLISHED_TIME_NOT_OBSERVED_RUNTIME,RECONSTRUCTED_FROM_OFFICIAL_PRIMARY_TIMETABLE,,,AMBIGUOUS_HISTORICAL_GTFS,NO_RESOLVED_GTFS_IDENTITY
PDF20260903:D170:P01:C18,D170,4,18,MERATE GARAGE S. CARLO,12:49,769,True,MONTEVECCHIA,VIMERCATE,1,18,https://www.leccotrasporti.it/percorsi/estivo/linea-d170.pdf,87ab0fe1f2c68a38f8e54fd911f0ef38c9b29a22b3d875e34e4209a1a922f63b,SCHEDULED_PUBLISHED_TIME_NOT_OBSERVED_RUNTIME,RECONSTRUCTED_FROM_OFFICIAL_PRIMARY_TIMETABLE,300757,,RESOLVED_BEST_SEQUENCE_UNIQUE,GTFS_IDENTIFIED_NOT_IN_V1_STOP_UNIVERSE
PDF20260903:D170:P01:C18,D170,5,19,MERATE Via De Gasperi,12:50,770,True,MONTEVECCHIA,VIMERCATE,1,18,https://www.leccotrasporti.it/percorsi/estivo/linea-d170.pdf,87ab0fe1f2c68a38f8e54fd911f0ef38c9b29a22b3d875e34e4209a1a922f63b,SCHEDULED_PUBLISHED_TIME_NOT_OBSERVED_RUNTIME,RECONSTRUCTED_FROM_OFFICIAL_PRIMARY_TIMETABLE,,,AMBIGUOUS_HISTORICAL_GTFS,NO_RESOLVED_GTFS_IDENTITY
PDF20260903:D170:P01:C18,D170,6,20,NOVATE Via De Gasperi (Scuole),12:51,771,True,MONTEVECCHIA,VIMERCATE,1,18,https://www.leccotrasporti.it/percorsi/estivo/linea-d170.pdf,87ab0fe1f2c68a38f8e54fd911f0ef38c9b29a22b3d875e34e4209a1a922f63b,SCHEDULED_PUBLISHED_TIME_NOT_OBSERVED_RUNTIME,RECONSTRUCTED_FROM_OFFICIAL_PRIMARY_TIMETABLE,,,NO_HISTORICAL_GTFS_NAME_MATCH,NO_RESOLVED_GTFS_IDENTITY
PDF20260903:D170:P01:C18,D170,7,22,MERATE NOVATE (Ospedale),12:52,772,True,MONTEVECCHIA,VIMERCATE,1,18,https://www.leccotrasporti.it/percorsi/estivo/linea-d170.pdf,87ab0fe1f2c68a38f8e54fd911f0ef38c9b29a22b3d875e34e4209a1a922f63b,SCHEDULED_PUBLISHED_TIME_NOT_OBSERVED_RUNTIME,RECONSTRUCTED_FROM_OFFICIAL_PRIMARY_TIMETABLE,,,AMBIGUOUS_HISTORICAL_GTFS,NO_RESOLVED_GTFS_IDENTITY
PDF20260903:D170:P01:C18,D170,8,25,ROBBIATE (Via A.Moro),12:56,776,True,MONTEVECCHIA,VIMERCATE,1,18,https://www.leccotrasporti.it/percorsi/estivo/linea-d170.pdf,87ab0fe1f2c68a38f8e54fd911f0ef38c9b29a22b3d875e34e4209a1a922f63b,SCHEDULED_PUBLISHED_TIME_NOT_OBSERVED_RUNTIME,RECONSTRUCTED_FROM_OFFICIAL_PRIMARY_TIMETABLE,,,AMBIGUOUS_HISTORICAL_GTFS,NO_RESOLVED_GTFS_IDENTITY
PDF20260903:D170:P01:C18,D170,9,26,PADERNO F.S.,13:01,781,True,MONTEVECCHIA,VIMERCATE,1,18,https://www.leccotrasporti.it/percorsi/estivo/linea-d170.pdf,87ab0fe1f2c68a38f8e54fd911f0ef38c9b29a22b3d875e34e4209a1a922f63b,SCHEDULED_PUBLISHED_TIME_NOT_OBSERVED_RUNTIME,RECONSTRUCTED_FROM_OFFICIAL_PRIMARY_TIMETABLE,,,AMBIGUOUS_HISTORICAL_GTFS,NO_RESOLVED_GTFS_IDENTITY
PDF20260903:D170:P01:C19,D170,1,19,MERATE Via De Gasperi,13:25,805,True,MONTEVECCHIA,VIMERCATE,1,19,https://www.leccotrasporti.it/percorsi/estivo/linea-d170.pdf,87ab0fe1f2c68a38f8e54fd911f0ef38c9b29a22b3d875e34e4209a1a922f63b,SCHEDULED_PUBLISHED_TIME_NOT_OBSERVED_RUNTIME,RECONSTRUCTED_FROM_OFFICIAL_PRIMARY_TIMETABLE,,,AMBIGUOUS_HISTORICAL_GTFS,NO_RESOLVED_GTFS_IDENTITY
PDF20260903:D170:P01:C19,D170,2,24,MERATE BRUGAROLO,13:35,815,True,MONTEVECCHIA,VIMERCATE,1,19,https://www.leccotrasporti.it/percorsi/estivo/linea-d170.pdf,87ab0fe1f2c68a38f8e54fd911f0ef38c9b29a22b3d875e34e4209a1a922f63b,SCHEDULED_PUBLISHED_TIME_NOT_OBSERVED_RUNTIME,RECONSTRUCTED_FROM_OFFICIAL_PRIMARY_TIMETABLE,,,AMBIGUOUS_HISTORICAL_GTFS,NO_RESOLVED_GTFS_IDENTITY
PDF20260903:D170:P01:C20,D170,1,6,ARLATE,12:59,779,True,MONTEVECCHIA,VIMERCATE,1,20,https://www.leccotrasporti.it/percorsi/estivo/linea-d170.pdf,87ab0fe1f2c68a38f8e54fd911f0ef38c9b29a22b3d875e34e4209a1a922f63b,SCHEDULED_PUBLISHED_TIME_NOT_OBSERVED_RUNTIME,RECONSTRUCTED_FROM_OFFICIAL_PRIMARY_TIMETABLE,,,AMBIGUOUS_HISTORICAL_GTFS,NO_RESOLVED_GTFS_IDENTITY
PDF20260903:D170:P01:C20,D170,2,7,IMBERSAGO,13:03,783,True,MONTEVECCHIA,VIMERCATE,1,20,https://www.leccotrasporti.it/percorsi/estivo/linea-d170.pdf,87ab0fe1f2c68a38f8e54fd911f0ef38c9b29a22b3d875e34e4209a1a922f63b,SCHEDULED_PUBLISHED_TIME_NOT_OBSERVED_RUNTIME,RECONSTRUCTED_FROM_OFFICIAL_PRIMARY_TIMETABLE,,,AMBIGUOUS_HISTORICAL_GTFS,NO_RESOLVED_GTFS_IDENTITY
PDF20260903:D170:P01:C20,D170,3,8,MERATE SABBIONE,13:05,785,True,MONTEVECCHIA,VIMERCATE,1,20,https://www.leccotrasporti.it/percorsi/estivo/linea-d170.pdf,87ab0fe1f2c68a38f8e54fd911f0ef38c9b29a22b3d875e34e4209a1a922f63b,SCHEDULED_PUBLISHED_TIME_NOT_OBSERVED_RUNTIME,RECONSTRUCTED_FROM_OFFICIAL_PRIMARY_TIMETABLE,,,NO_HISTORICAL_GTFS_NAME_MATCH,NO_RESOLVED_GTFS_IDENTITY
PDF20260903:D170:P01:C20,D170,4,10,MERATE CASSINA,13:08,788,True,MONTEVECCHIA,VIMERCATE,1,20,https://www.leccotrasporti.it/percorsi/estivo/linea-d170.pdf,87ab0fe1f2c68a38f8e54fd911f0ef38c9b29a22b3d875e34e4209a1a922f63b,SCHEDULED_PUBLISHED_TIME_NOT_OBSERVED_RUNTIME,RECONSTRUCTED_FROM_OFFICIAL_PRIMARY_TIMETABLE,300745,,RESOLVED_BEST_SEQUENCE_UNIQUE,GTFS_IDENTIFIED_NOT_IN_V1_STOP_UNIVERSE
PDF20260903:D170:P01:C20,D170,5,11,SARTIRANA (Lago),13:12,792,True,MONTEVECCHIA,VIMERCATE,1,20,https://www.leccotrasporti.it/percorsi/estivo/linea-d170.pdf,87ab0fe1f2c68a38f8e54fd911f0ef38c9b29a22b3d875e34e4209a1a922f63b,SCHEDULED_PUBLISHED_TIME_NOT_OBSERVED_RUNTIME,RECONSTRUCTED_FROM_OFFICIAL_PRIMARY_TIMETABLE,300748,,RESOLVED_BEST_SEQUENCE_UNIQUE,GTFS_IDENTIFIED_NOT_IN_V1_STOP_UNIVERSE
PDF20260903:D170:P01:C20,D170,6,13,MERATE P.ZZA ITALIA,13:17,797,True,MONTEVECCHIA,VIMERCATE,1,20,https://www.leccotrasporti.it/percorsi/estivo/linea-d170.pdf,87ab0fe1f2c68a38f8e54fd911f0ef38c9b29a22b3d875e34e4209a1a922f63b,SCHEDULED_PUBLISHED_TIME_NOT_OBSERVED_RUNTIME,RECONSTRUCTED_FROM_OFFICIAL_PRIMARY_TIMETABLE,300291,,RESOLVED_BEST_SEQUENCE_UNIQUE,GTFS_IDENTIFIED_NOT_IN_V1_STOP_UNIVERSE
PDF20260903:D170:P01:C20,D170,7,18,MERATE GARAGE S. CARLO,13:18,798,True,MONTEVECCHIA,VIMERCATE,1,20,https://www.leccotrasporti.it/percorsi/estivo/linea-d170.pdf,87ab0fe1f2c68a38f8e54fd911f0ef38c9b29a22b3d875e34e4209a1a922f63b,SCHEDULED_PUBLISHED_TIME_NOT_OBSERVED_RUNTIME,RECONSTRUCTED_FROM_OFFICIAL_PRIMARY_TIMETABLE,300757,,RESOLVED_BEST_SEQUENCE_UNIQUE,GTFS_IDENTIFIED_NOT_IN_V1_STOP_UNIVERSE
PDF20260903:D170:P01:C20,D170,8,19,MERATE Via De Gasperi,13:19,799,True,MONTEVECCHIA,VIMERCATE,1,20,https://www.leccotrasporti.it/percorsi/estivo/linea-d170.pdf,87ab0fe1f2c68a38f8e54fd911f0ef38c9b29a22b3d875e34e4209a1a922f63b,SCHEDULED_PUBLISHED_TIME_NOT_OBSERVED_RUNTIME,RECONSTRUCTED_FROM_OFFICIAL_PRIMARY_TIMETABLE,,,AMBIGUOUS_HISTORICAL_GTFS,NO_RESOLVED_GTFS_IDENTITY
PDF20260903:D170:P01:C20,D170,9,20,NOVATE Via De Gasperi (Scuole),13:20,800,True,MONTEVECCHIA,VIMERCATE,1,20,https://www.leccotrasporti.it/percorsi/estivo/linea-d170.pdf,87ab0fe1f2c68a38f8e54fd911f0ef38c9b29a22b3d875e34e4209a1a922f63b,SCHEDULED_PUBLISHED_TIME_NOT_OBSERVED_RUNTIME,RECONSTRUCTED_FROM_OFFICIAL_PRIMARY_TIMETABLE,,,NO_HISTORICAL_GTFS_NAME_MATCH,NO_RESOLVED_GTFS_IDENTITY
PDF20260903:D170:P01:C21,D170,1,20,NOVATE Via De Gasperi (Scuole),13:25,805,True,MONTEVECCHIA,VIMERCATE,1,21,https://www.leccotrasporti.it/percorsi/estivo/linea-d170.pdf,87ab0fe1f2c68a38f8e54fd911f0ef38c9b29a22b3d875e34e4209a1a922f63b,SCHEDULED_PUBLISHED_TIME_NOT_OBSERVED_RUNTIME,RECONSTRUCTED_FROM_OFFICIAL_PRIMARY_TIMETABLE,,,NO_HISTORICAL_GTFS_NAME_MATCH,NO_RESOLVED_GTFS_IDENTITY
PDF20260903:D170:P01:C21,D170,2,22,MERATE NOVATE (Ospedale),13:26,806,True,MONTEVECCHIA,VIMERCATE,1,21,https://www.leccotrasporti.it/percorsi/estivo/linea-d170.pdf,87ab0fe1f2c68a38f8e54fd911f0ef38c9b29a22b3d875e34e4209a1a922f63b,SCHEDULED_PUBLISHED_TIME_NOT_OBSERVED_RUNTIME,RECONSTRUCTED_FROM_OFFICIAL_PRIMARY_TIMETABLE,,,AMBIGUOUS_HISTORICAL_GTFS,NO_RESOLVED_GTFS_IDENTITY
PDF20260903:D170:P01:C21,D170,3,25,ROBBIATE (Via A.Moro),13:30,810,True,MONTEVECCHIA,VIMERCATE,1,21,https://www.leccotrasporti.it/percorsi/estivo/linea-d170.pdf,87ab0fe1f2c68a38f8e54fd911f0ef38c9b29a22b3d875e34e4209a1a922f63b,SCHEDULED_PUBLISHED_TIME_NOT_OBSERVED_RUNTIME,RECONSTRUCTED_FROM_OFFICIAL_PRIMARY_TIMETABLE,,,AMBIGUOUS_HISTORICAL_GTFS,NO_RESOLVED_GTFS_IDENTITY
PDF20260903:D170:P01:C21,D170,4,26,PADERNO F.S.,13:35,815,True,MONTEVECCHIA,VIMERCATE,1,21,https://www.leccotrasporti.it/percorsi/estivo/linea-d170.pdf,87ab0fe1f2c68a38f8e54fd911f0ef38c9b29a22b3d875e34e4209a1a922f63b,SCHEDULED_PUBLISHED_TIME_NOT_OBSERVED_RUNTIME,RECONSTRUCTED_FROM_OFFICIAL_PRIMARY_TIMETABLE,,,AMBIGUOUS_HISTORICAL_GTFS,NO_RESOLVED_GTFS_IDENTITY
PDF20260903:D170:P01:C21,D170,5,27,VERDERIO SUP.,13:37,817,True,MONTEVECCHIA,VIMERCATE,1,21,https://www.leccotrasporti.it/percorsi/estivo/linea-d170.pdf,87ab0fe1f2c68a38f8e54fd911f0ef38c9b29a22b3d875e34e4209a1a922f63b,SCHEDULED_PUBLISHED_TIME_NOT_OBSERVED_RUNTIME,RECONSTRUCTED_FROM_OFFICIAL_PRIMARY_TIMETABLE,,,NO_HISTORICAL_GTFS_NAME_MATCH,NO_RESOLVED_GTFS_IDENTITY
PDF20260903:D170:P01:C21,D170,6,28,VERDERIO INF.,13:39,819,True,MONTEVECCHIA,VIMERCATE,1,21,https://www.leccotrasporti.it/percorsi/estivo/linea-d170.pdf,87ab0fe1f2c68a38f8e54fd911f0ef38c9b29a22b3d875e34e4209a1a922f63b,SCHEDULED_PUBLISHED_TIME_NOT_OBSERVED_RUNTIME,RECONSTRUCTED_FROM_OFFICIAL_PRIMARY_TIMETABLE,,,NO_HISTORICAL_GTFS_NAME_MATCH,NO_RESOLVED_GTFS_IDENTITY
PDF20260903:D170:P01:C21,D170,7,29,FRANCOLINO,13:43,823,True,MONTEVECCHIA,VIMERCATE,1,21,https://www.leccotrasporti.it/percorsi/estivo/linea-d170.pdf,87ab0fe1f2c68a38f8e54fd911f0ef38c9b29a22b3d875e34e4209a1a922f63b,SCHEDULED_PUBLISHED_TIME_NOT_OBSERVED_RUNTIME,RECONSTRUCTED_FROM_OFFICIAL_PRIMARY_TIMETABLE,,,AMBIGUOUS_HISTORICAL_GTFS,NO_RESOLVED_GTFS_IDENTITY
PDF20260903:D170:P01:C21,D170,8,31,RONCO BRIANTINO,13:49,829,True,MONTEVECCHIA,VIMERCATE,1,21,https://www.leccotrasporti.it/percorsi/estivo/linea-d170.pdf,87ab0fe1f2c68a38f8e54fd911f0ef38c9b29a22b3d875e34e4209a1a922f63b,SCHEDULED_PUBLISHED_TIME_NOT_OBSERVED_RUNTIME,RECONSTRUCTED_FROM_OFFICIAL_PRIMARY_TIMETABLE,,,AMBIGUOUS_HISTORICAL_GTFS,NO_RESOLVED_GTFS_IDENTITY
PDF20260903:D170:P01:C21,D170,9,32,CARNATE F.S.,13:58,838,True,MONTEVECCHIA,VIMERCATE,1,21,https://www.leccotrasporti.it/percorsi/estivo/linea-d170.pdf,87ab0fe1f2c68a38f8e54fd911f0ef38c9b29a22b3d875e34e4209a1a922f63b,SCHEDULED_PUBLISHED_TIME_NOT_OBSERVED_RUNTIME,RECONSTRUCTED_FROM_OFFICIAL_PRIMARY_TIMETABLE,,,AMBIGUOUS_HISTORICAL_GTFS,NO_RESOLVED_GTFS_IDENTITY
PDF20260903:D170:P01:C22,D170,1,6,ARLATE,13:50,830,True,MONTEVECCHIA,VIMERCATE,1,22,https://www.leccotrasporti.it/percorsi/estivo/linea-d170.pdf,87ab0fe1f2c68a38f8e54fd911f0ef38c9b29a22b3d875e34e4209a1a922f63b,SCHEDULED_PUBLISHED_TIME_NOT_OBSERVED_RUNTIME,RECONSTRUCTED_FROM_OFFICIAL_PRIMARY_TIMETABLE,,,AMBIGUOUS_HISTORICAL_GTFS,NO_RESOLVED_GTFS_IDENTITY
PDF20260903:D170:P01:C22,D170,2,7,IMBERSAGO,13:54,834,True,MONTEVECCHIA,VIMERCATE,1,22,https://www.leccotrasporti.it/percorsi/estivo/linea-d170.pdf,87ab0fe1f2c68a38f8e54fd911f0ef38c9b29a22b3d875e34e4209a1a922f63b,SCHEDULED_PUBLISHED_TIME_NOT_OBSERVED_RUNTIME,RECONSTRUCTED_FROM_OFFICIAL_PRIMARY_TIMETABLE,,,AMBIGUOUS_HISTORICAL_GTFS,NO_RESOLVED_GTFS_IDENTITY
PDF20260903:D170:P01:C22,D170,3,21,NOVATE Via dei Lodovichi (Scuole),14:00,840,True,MONTEVECCHIA,VIMERCATE,1,22,https://www.leccotrasporti.it/percorsi/estivo/linea-d170.pdf,87ab0fe1f2c68a38f8e54fd911f0ef38c9b29a22b3d875e34e4209a1a922f63b,SCHEDULED_PUBLISHED_TIME_NOT_OBSERVED_RUNTIME,RECONSTRUCTED_FROM_OFFICIAL_PRIMARY_TIMETABLE,,,NO_HISTORICAL_GTFS_NAME_MATCH,NO_RESOLVED_GTFS_IDENTITY
PDF20260903:D170:P01:C23,D170,1,15,CERNUSCO F.S. (terminal),14:00,840,True,MONTEVECCHIA,VIMERCATE,1,23,https://www.leccotrasporti.it/percorsi/estivo/linea-d170.pdf,87ab0fe1f2c68a38f8e54fd911f0ef38c9b29a22b3d875e34e4209a1a922f63b,SCHEDULED_PUBLISHED_TIME_NOT_OBSERVED_RUNTIME,RECONSTRUCTED_FROM_OFFICIAL_PRIMARY_TIMETABLE,,,NO_HISTORICAL_GTFS_NAME_MATCH,NO_RESOLVED_GTFS_IDENTITY
PDF20260903:D170:P01:C23,D170,2,16,CERNUSCO F.S. (Via Volta),14:01,841,True,MONTEVECCHIA,VIMERCATE,1,23,https://www.leccotrasporti.it/percorsi/estivo/linea-d170.pdf,87ab0fe1f2c68a38f8e54fd911f0ef38c9b29a22b3d875e34e4209a1a922f63b,SCHEDULED_PUBLISHED_TIME_NOT_OBSERVED_RUNTIME,RECONSTRUCTED_FROM_OFFICIAL_PRIMARY_TIMETABLE,,,NO_HISTORICAL_GTFS_NAME_MATCH,NO_RESOLVED_GTFS_IDENTITY
PDF20260903:D170:P01:C23,D170,3,17,MERATE V.LE VERDI,14:08,848,True,MONTEVECCHIA,VIMERCATE,1,23,https://www.leccotrasporti.it/percorsi/estivo/linea-d170.pdf,87ab0fe1f2c68a38f8e54fd911f0ef38c9b29a22b3d875e34e4209a1a922f63b,SCHEDULED_PUBLISHED_TIME_NOT_OBSERVED_RUNTIME,RECONSTRUCTED_FROM_OFFICIAL_PRIMARY_TIMETABLE,,,AMBIGUOUS_HISTORICAL_GTFS,NO_RESOLVED_GTFS_IDENTITY
PDF20260903:D170:P01:C23,D170,4,18,MERATE GARAGE S. CARLO,14:09,849,True,MONTEVECCHIA,VIMERCATE,1,23,https://www.leccotrasporti.it/percorsi/estivo/linea-d170.pdf,87ab0fe1f2c68a38f8e54fd911f0ef38c9b29a22b3d875e34e4209a1a922f63b,SCHEDULED_PUBLISHED_TIME_NOT_OBSERVED_RUNTIME,RECONSTRUCTED_FROM_OFFICIAL_PRIMARY_TIMETABLE,300757,,RESOLVED_BEST_SEQUENCE_UNIQUE,GTFS_IDENTIFIED_NOT_IN_V1_STOP_UNIVERSE
PDF20260903:D170:P01:C23,D170,5,19,MERATE Via De Gasperi,14:10,850,True,MONTEVECCHIA,VIMERCATE,1,23,https://www.leccotrasporti.it/percorsi/estivo/linea-d170.pdf,87ab0fe1f2c68a38f8e54fd911f0ef38c9b29a22b3d875e34e4209a1a922f63b,SCHEDULED_PUBLISHED_TIME_NOT_OBSERVED_RUNTIME,RECONSTRUCTED_FROM_OFFICIAL_PRIMARY_TIMETABLE,,,AMBIGUOUS_HISTORICAL_GTFS,NO_RESOLVED_GTFS_IDENTITY
PDF20260903:D170:P01:C23,D170,6,20,NOVATE Via De Gasperi (Scuole),14:11,851,True,MONTEVECCHIA,VIMERCATE,1,23,https://www.leccotrasporti.it/percorsi/estivo/linea-d170.pdf,87ab0fe1f2c68a38f8e54fd911f0ef38c9b29a22b3d875e34e4209a1a922f63b,SCHEDULED_PUBLISHED_TIME_NOT_OBSERVED_RUNTIME,RECONSTRUCTED_FROM_OFFICIAL_PRIMARY_TIMETABLE,,,NO_HISTORICAL_GTFS_NAME_MATCH,NO_RESOLVED_GTFS_IDENTITY
PDF20260903:D170:P01:C23,D170,7,22,MERATE NOVATE (Ospedale),14:12,852,True,MONTEVECCHIA,VIMERCATE,1,23,https://www.leccotrasporti.it/percorsi/estivo/linea-d170.pdf,87ab0fe1f2c68a38f8e54fd911f0ef38c9b29a22b3d875e34e4209a1a922f63b,SCHEDULED_PUBLISHED_TIME_NOT_OBSERVED_RUNTIME,RECONSTRUCTED_FROM_OFFICIAL_PRIMARY_TIMETABLE,,,AMBIGUOUS_HISTORICAL_GTFS,NO_RESOLVED_GTFS_IDENTITY
PDF20260903:D170:P01:C23,D170,8,25,ROBBIATE (Via A.Moro),14:16,856,True,MONTEVECCHIA,VIMERCATE,1,23,https://www.leccotrasporti.it/percorsi/estivo/linea-d170.pdf,87ab0fe1f2c68a38f8e54fd911f0ef38c9b29a22b3d875e34e4209a1a922f63b,SCHEDULED_PUBLISHED_TIME_NOT_OBSERVED_RUNTIME,RECONSTRUCTED_FROM_OFFICIAL_PRIMARY_TIMETABLE,,,AMBIGUOUS_HISTORICAL_GTFS,NO_RESOLVED_GTFS_IDENTITY
PDF20260903:D170:P01:C23,D170,9,26,PADERNO F.S.,14:21,861,True,MONTEVECCHIA,VIMERCATE,1,23,https://www.leccotrasporti.it/percorsi/estivo/linea-d170.pdf,87ab0fe1f2c68a38f8e54fd911f0ef38c9b29a22b3d875e34e4209a1a922f63b,SCHEDULED_PUBLISHED_TIME_NOT_OBSERVED_RUNTIME,RECONSTRUCTED_FROM_OFFICIAL_PRIMARY_TIMETABLE,,,AMBIGUOUS_HISTORICAL_GTFS,NO_RESOLVED_GTFS_IDENTITY
PDF20260903:D170:P01:C23,D170,10,27,VERDERIO SUP.,14:23,863,True,MONTEVECCHIA,VIMERCATE,1,23,https://www.leccotrasporti.it/percorsi/estivo/linea-d170.pdf,87ab0fe1f2c68a38f8e54fd911f0ef38c9b29a22b3d875e34e4209a1a922f63b,SCHEDULED_PUBLISHED_TIME_NOT_OBSERVED_RUNTIME,RECONSTRUCTED_FROM_OFFICIAL_PRIMARY_TIMETABLE,,,NO_HISTORICAL_GTFS_NAME_MATCH,NO_RESOLVED_GTFS_IDENTITY
PDF20260903:D170:P01:C23,D170,11,28,VERDERIO INF.,14:25,865,True,MONTEVECCHIA,VIMERCATE,1,23,https://www.leccotrasporti.it/percorsi/estivo/linea-d170.pdf,87ab0fe1f2c68a38f8e54fd911f0ef38c9b29a22b3d875e34e4209a1a922f63b,SCHEDULED_PUBLISHED_TIME_NOT_OBSERVED_RUNTIME,RECONSTRUCTED_FROM_OFFICIAL_PRIMARY_TIMETABLE,,,NO_HISTORICAL_GTFS_NAME_MATCH,NO_RESOLVED_GTFS_IDENTITY
PDF20260903:D170:P01:C23,D170,12,29,FRANCOLINO,14:29,869,True,MONTEVECCHIA,VIMERCATE,1,23,https://www.leccotrasporti.it/percorsi/estivo/linea-d170.pdf,87ab0fe1f2c68a38f8e54fd911f0ef38c9b29a22b3d875e34e4209a1a922f63b,SCHEDULED_PUBLISHED_TIME_NOT_OBSERVED_RUNTIME,RECONSTRUCTED_FROM_OFFICIAL_PRIMARY_TIMETABLE,,,AMBIGUOUS_HISTORICAL_GTFS,NO_RESOLVED_GTFS_IDENTITY
PDF20260903:D170:P01:C23,D170,13,30,BERNAREGGIO,14:32,872,True,MONTEVECCHIA,VIMERCATE,1,23,https://www.leccotrasporti.it/percorsi/estivo/linea-d170.pdf,87ab0fe1f2c68a38f8e54fd911f0ef38c9b29a22b3d875e34e4209a1a922f63b,SCHEDULED_PUBLISHED_TIME_NOT_OBSERVED_RUNTIME,RECONSTRUCTED_FROM_OFFICIAL_PRIMARY_TIMETABLE,,,AMBIGUOUS_HISTORICAL_GTFS,NO_RESOLVED_GTFS_IDENTITY
PDF20260903:D170:P01:C23,D170,14,32,CARNATE F.S.,14:41,881,True,MONTEVECCHIA,VIMERCATE,1,23,https://www.leccotrasporti.it/percorsi/estivo/linea-d170.pdf,87ab0fe1f2c68a38f8e54fd911f0ef38c9b29a22b3d875e34e4209a1a922f63b,SCHEDULED_PUBLISHED_TIME_NOT_OBSERVED_RUNTIME,RECONSTRUCTED_FROM_OFFICIAL_PRIMARY_TIMETABLE,,,AMBIGUOUS_HISTORICAL_GTFS,NO_RESOLVED_GTFS_IDENTITY
PDF20260903:D170:P01:C24,D170,1,6,ARLATE,15:15,915,True,MONTEVECCHIA,VIMERCATE,1,24,https://www.leccotrasporti.it/percorsi/estivo/linea-d170.pdf,87ab0fe1f2c68a38f8e54fd911f0ef38c9b29a22b3d875e34e4209a1a922f63b,SCHEDULED_PUBLISHED_TIME_NOT_OBSERVED_RUNTIME,RECONSTRUCTED_FROM_OFFICIAL_PRIMARY_TIMETABLE,,,AMBIGUOUS_HISTORICAL_GTFS,NO_RESOLVED_GTFS_IDENTITY
PDF20260903:D170:P01:C24,D170,2,7,IMBERSAGO,15:19,919,True,MONTEVECCHIA,VIMERCATE,1,24,https://www.leccotrasporti.it/percorsi/estivo/linea-d170.pdf,87ab0fe1f2c68a38f8e54fd911f0ef38c9b29a22b3d875e34e4209a1a922f63b,SCHEDULED_PUBLISHED_TIME_NOT_OBSERVED_RUNTIME,RECONSTRUCTED_FROM_OFFICIAL_PRIMARY_TIMETABLE,,,AMBIGUOUS_HISTORICAL_GTFS,NO_RESOLVED_GTFS_IDENTITY
PDF20260903:D170:P01:C24,D170,3,8,MERATE SABBIONE,15:21,921,True,MONTEVECCHIA,VIMERCATE,1,24,https://www.leccotrasporti.it/percorsi/estivo/linea-d170.pdf,87ab0fe1f2c68a38f8e54fd911f0ef38c9b29a22b3d875e34e4209a1a922f63b,SCHEDULED_PUBLISHED_TIME_NOT_OBSERVED_RUNTIME,RECONSTRUCTED_FROM_OFFICIAL_PRIMARY_TIMETABLE,,,NO_HISTORICAL_GTFS_NAME_MATCH,NO_RESOLVED_GTFS_IDENTITY
PDF20260903:D170:P01:C24,D170,4,10,MERATE CASSINA,15:24,924,True,MONTEVECCHIA,VIMERCATE,1,24,https://www.leccotrasporti.it/percorsi/estivo/linea-d170.pdf,87ab0fe1f2c68a38f8e54fd911f0ef38c9b29a22b3d875e34e4209a1a922f63b,SCHEDULED_PUBLISHED_TIME_NOT_OBSERVED_RUNTIME,RECONSTRUCTED_FROM_OFFICIAL_PRIMARY_TIMETABLE,300745,,RESOLVED_BEST_SEQUENCE_UNIQUE,GTFS_IDENTIFIED_NOT_IN_V1_STOP_UNIVERSE
PDF20260903:D170:P01:C24,D170,5,11,SARTIRANA (Lago),15:28,928,True,MONTEVECCHIA,VIMERCATE,1,24,https://www.leccotrasporti.it/percorsi/estivo/linea-d170.pdf,87ab0fe1f2c68a38f8e54fd911f0ef38c9b29a22b3d875e34e4209a1a922f63b,SCHEDULED_PUBLISHED_TIME_NOT_OBSERVED_RUNTIME,RECONSTRUCTED_FROM_OFFICIAL_PRIMARY_TIMETABLE,300748,,RESOLVED_BEST_SEQUENCE_UNIQUE,GTFS_IDENTIFIED_NOT_IN_V1_STOP_UNIVERSE
PDF20260903:D170:P01:C24,D170,6,13,MERATE P.ZZA ITALIA,15:33,933,True,MONTEVECCHIA,VIMERCATE,1,24,https://www.leccotrasporti.it/percorsi/estivo/linea-d170.pdf,87ab0fe1f2c68a38f8e54fd911f0ef38c9b29a22b3d875e34e4209a1a922f63b,SCHEDULED_PUBLISHED_TIME_NOT_OBSERVED_RUNTIME,RECONSTRUCTED_FROM_OFFICIAL_PRIMARY_TIMETABLE,300291,,RESOLVED_BEST_SEQUENCE_UNIQUE,GTFS_IDENTIFIED_NOT_IN_V1_STOP_UNIVERSE
PDF20260903:D170:P01:C24,D170,7,14,MERATE V.LE VERDI,15:35,935,True,MONTEVECCHIA,VIMERCATE,1,24,https://www.leccotrasporti.it/percorsi/estivo/linea-d170.pdf,87ab0fe1f2c68a38f8e54fd911f0ef38c9b29a22b3d875e34e4209a1a922f63b,SCHEDULED_PUBLISHED_TIME_NOT_OBSERVED_RUNTIME,RECONSTRUCTED_FROM_OFFICIAL_PRIMARY_TIMETABLE,,,AMBIGUOUS_HISTORICAL_GTFS,NO_RESOLVED_GTFS_IDENTITY
PDF20260903:D170:P01:C24,D170,8,15,CERNUSCO F.S. (terminal),15:42,942,True,MONTEVECCHIA,VIMERCATE,1,24,https://www.leccotrasporti.it/percorsi/estivo/linea-d170.pdf,87ab0fe1f2c68a38f8e54fd911f0ef38c9b29a22b3d875e34e4209a1a922f63b,SCHEDULED_PUBLISHED_TIME_NOT_OBSERVED_RUNTIME,RECONSTRUCTED_FROM_OFFICIAL_PRIMARY_TIMETABLE,,,NO_HISTORICAL_GTFS_NAME_MATCH,NO_RESOLVED_GTFS_IDENTITY
PDF20260903:D170:P01:C24,D170,9,16,CERNUSCO F.S. (Via Volta),15:43,943,True,MONTEVECCHIA,VIMERCATE,1,24,https://www.leccotrasporti.it/percorsi/estivo/linea-d170.pdf,87ab0fe1f2c68a38f8e54fd911f0ef38c9b29a22b3d875e34e4209a1a922f63b,SCHEDULED_PUBLISHED_TIME_NOT_OBSERVED_RUNTIME,RECONSTRUCTED_FROM_OFFICIAL_PRIMARY_TIMETABLE,,,NO_HISTORICAL_GTFS_NAME_MATCH,NO_RESOLVED_GTFS_IDENTITY
PDF20260903:D170:P02:C01,D170,1,1,ARLATE,15:19,919,True,MONTEVECCHIA,VIMERCATE,2,1,https://www.leccotrasporti.it/percorsi/estivo/linea-d170.pdf,87ab0fe1f2c68a38f8e54fd911f0ef38c9b29a22b3d875e34e4209a1a922f63b,SCHEDULED_PUBLISHED_TIME_NOT_OBSERVED_RUNTIME,RECONSTRUCTED_FROM_OFFICIAL_PRIMARY_TIMETABLE,,,AMBIGUOUS_HISTORICAL_GTFS,NO_RESOLVED_GTFS_IDENTITY
PDF20260903:D170:P02:C01,D170,2,2,IMBERSAGO,15:23,923,True,MONTEVECCHIA,VIMERCATE,2,1,https://www.leccotrasporti.it/percorsi/estivo/linea-d170.pdf,87ab0fe1f2c68a38f8e54fd911f0ef38c9b29a22b3d875e34e4209a1a922f63b,SCHEDULED_PUBLISHED_TIME_NOT_OBSERVED_RUNTIME,RECONSTRUCTED_FROM_OFFICIAL_PRIMARY_TIMETABLE,,,AMBIGUOUS_HISTORICAL_GTFS,NO_RESOLVED_GTFS_IDENTITY
PDF20260903:D170:P02:C01,D170,3,20,ROBBIATE (Via A.Moro),15:25,925,True,MONTEVECCHIA,VIMERCATE,2,1,https://www.leccotrasporti.it/percorsi/estivo/linea-d170.pdf,87ab0fe1f2c68a38f8e54fd911f0ef38c9b29a22b3d875e34e4209a1a922f63b,SCHEDULED_PUBLISHED_TIME_NOT_OBSERVED_RUNTIME,RECONSTRUCTED_FROM_OFFICIAL_PRIMARY_TIMETABLE,,,AMBIGUOUS_HISTORICAL_GTFS,NO_RESOLVED_GTFS_IDENTITY
PDF20260903:D170:P02:C01,D170,4,21,PADERNO F.S.,15:30,930,True,MONTEVECCHIA,VIMERCATE,2,1,https://www.leccotrasporti.it/percorsi/estivo/linea-d170.pdf,87ab0fe1f2c68a38f8e54fd911f0ef38c9b29a22b3d875e34e4209a1a922f63b,SCHEDULED_PUBLISHED_TIME_NOT_OBSERVED_RUNTIME,RECONSTRUCTED_FROM_OFFICIAL_PRIMARY_TIMETABLE,,,AMBIGUOUS_HISTORICAL_GTFS,NO_RESOLVED_GTFS_IDENTITY
PDF20260903:D170:P02:C02,D170,1,10,CERNUSCO F.S. (terminal),15:45,945,True,MONTEVECCHIA,VIMERCATE,2,2,https://www.leccotrasporti.it/percorsi/estivo/linea-d170.pdf,87ab0fe1f2c68a38f8e54fd911f0ef38c9b29a22b3d875e34e4209a1a922f63b,SCHEDULED_PUBLISHED_TIME_NOT_OBSERVED_RUNTIME,RECONSTRUCTED_FROM_OFFICIAL_PRIMARY_TIMETABLE,,,NO_HISTORICAL_GTFS_NAME_MATCH,NO_RESOLVED_GTFS_IDENTITY
PDF20260903:D170:P02:C02,D170,2,11,CERNUSCO F.S. (Via Volta),15:46,946,True,MONTEVECCHIA,VIMERCATE,2,2,https://www.leccotrasporti.it/percorsi/estivo/linea-d170.pdf,87ab0fe1f2c68a38f8e54fd911f0ef38c9b29a22b3d875e34e4209a1a922f63b,SCHEDULED_PUBLISHED_TIME_NOT_OBSERVED_RUNTIME,RECONSTRUCTED_FROM_OFFICIAL_PRIMARY_TIMETABLE,,,NO_HISTORICAL_GTFS_NAME_MATCH,NO_RESOLVED_GTFS_IDENTITY
PDF20260903:D170:P02:C02,D170,3,12,MERATE V.LE VERDI,15:54,954,True,MONTEVECCHIA,VIMERCATE,2,2,https://www.leccotrasporti.it/percorsi/estivo/linea-d170.pdf,87ab0fe1f2c68a38f8e54fd911f0ef38c9b29a22b3d875e34e4209a1a922f63b,SCHEDULED_PUBLISHED_TIME_NOT_OBSERVED_RUNTIME,RECONSTRUCTED_FROM_OFFICIAL_PRIMARY_TIMETABLE,,,AMBIGUOUS_HISTORICAL_GTFS,NO_RESOLVED_GTFS_IDENTITY
PDF20260903:D170:P02:C02,D170,4,13,MERATE GARAGE S. CARLO,15:55,955,True,MONTEVECCHIA,VIMERCATE,2,2,https://www.leccotrasporti.it/percorsi/estivo/linea-d170.pdf,87ab0fe1f2c68a38f8e54fd911f0ef38c9b29a22b3d875e34e4209a1a922f63b,SCHEDULED_PUBLISHED_TIME_NOT_OBSERVED_RUNTIME,RECONSTRUCTED_FROM_OFFICIAL_PRIMARY_TIMETABLE,300757,,RESOLVED_BEST_SEQUENCE_UNIQUE,GTFS_IDENTIFIED_NOT_IN_V1_STOP_UNIVERSE
PDF20260903:D170:P02:C02,D170,5,14,MERATE Via De Gasperi,15:56,956,True,MONTEVECCHIA,VIMERCATE,2,2,https://www.leccotrasporti.it/percorsi/estivo/linea-d170.pdf,87ab0fe1f2c68a38f8e54fd911f0ef38c9b29a22b3d875e34e4209a1a922f63b,SCHEDULED_PUBLISHED_TIME_NOT_OBSERVED_RUNTIME,RECONSTRUCTED_FROM_OFFICIAL_PRIMARY_TIMETABLE,,,AMBIGUOUS_HISTORICAL_GTFS,NO_RESOLVED_GTFS_IDENTITY
PDF20260903:D170:P02:C03,D170,1,10,CERNUSCO F.S. (terminal),16:35,995,True,MONTEVECCHIA,VIMERCATE,2,3,https://www.leccotrasporti.it/percorsi/estivo/linea-d170.pdf,87ab0fe1f2c68a38f8e54fd911f0ef38c9b29a22b3d875e34e4209a1a922f63b,SCHEDULED_PUBLISHED_TIME_NOT_OBSERVED_RUNTIME,RECONSTRUCTED_FROM_OFFICIAL_PRIMARY_TIMETABLE,,,NO_HISTORICAL_GTFS_NAME_MATCH,NO_RESOLVED_GTFS_IDENTITY
PDF20260903:D170:P02:C03,D170,2,11,CERNUSCO F.S. (Via Volta),16:36,996,True,MONTEVECCHIA,VIMERCATE,2,3,https://www.leccotrasporti.it/percorsi/estivo/linea-d170.pdf,87ab0fe1f2c68a38f8e54fd911f0ef38c9b29a22b3d875e34e4209a1a922f63b,SCHEDULED_PUBLISHED_TIME_NOT_OBSERVED_RUNTIME,RECONSTRUCTED_FROM_OFFICIAL_PRIMARY_TIMETABLE,,,NO_HISTORICAL_GTFS_NAME_MATCH,NO_RESOLVED_GTFS_IDENTITY
PDF20260903:D170:P02:C03,D170,3,12,MERATE V.LE VERDI,16:43,1003,True,MONTEVECCHIA,VIMERCATE,2,3,https://www.leccotrasporti.it/percorsi/estivo/linea-d170.pdf,87ab0fe1f2c68a38f8e54fd911f0ef38c9b29a22b3d875e34e4209a1a922f63b,SCHEDULED_PUBLISHED_TIME_NOT_OBSERVED_RUNTIME,RECONSTRUCTED_FROM_OFFICIAL_PRIMARY_TIMETABLE,,,AMBIGUOUS_HISTORICAL_GTFS,NO_RESOLVED_GTFS_IDENTITY
PDF20260903:D170:P02:C03,D170,4,13,MERATE GARAGE S. CARLO,16:44,1004,True,MONTEVECCHIA,VIMERCATE,2,3,https://www.leccotrasporti.it/percorsi/estivo/linea-d170.pdf,87ab0fe1f2c68a38f8e54fd911f0ef38c9b29a22b3d875e34e4209a1a922f63b,SCHEDULED_PUBLISHED_TIME_NOT_OBSERVED_RUNTIME,RECONSTRUCTED_FROM_OFFICIAL_PRIMARY_TIMETABLE,300757,,RESOLVED_BEST_SEQUENCE_UNIQUE,GTFS_IDENTIFIED_NOT_IN_V1_STOP_UNIVERSE
PDF20260903:D170:P02:C03,D170,5,14,MERATE Via De Gasperi,16:45,1005,True,MONTEVECCHIA,VIMERCATE,2,3,https://www.leccotrasporti.it/percorsi/estivo/linea-d170.pdf,87ab0fe1f2c68a38f8e54fd911f0ef38c9b29a22b3d875e34e4209a1a922f63b,SCHEDULED_PUBLISHED_TIME_NOT_OBSERVED_RUNTIME,RECONSTRUCTED_FROM_OFFICIAL_PRIMARY_TIMETABLE,,,AMBIGUOUS_HISTORICAL_GTFS,NO_RESOLVED_GTFS_IDENTITY
PDF20260903:D170:P02:C03,D170,6,15,NOVATE Via De Gasperi (Scuole),16:46,1006,True,MONTEVECCHIA,VIMERCATE,2,3,https://www.leccotrasporti.it/percorsi/estivo/linea-d170.pdf,87ab0fe1f2c68a38f8e54fd911f0ef38c9b29a22b3d875e34e4209a1a922f63b,SCHEDULED_PUBLISHED_TIME_NOT_OBSERVED_RUNTIME,RECONSTRUCTED_FROM_OFFICIAL_PRIMARY_TIMETABLE,,,NO_HISTORICAL_GTFS_NAME_MATCH,NO_RESOLVED_GTFS_IDENTITY
PDF20260903:D170:P02:C03,D170,7,17,MERATE NOVATE (Ospedale),16:47,1007,True,MONTEVECCHIA,VIMERCATE,2,3,https://www.leccotrasporti.it/percorsi/estivo/linea-d170.pdf,87ab0fe1f2c68a38f8e54fd911f0ef38c9b29a22b3d875e34e4209a1a922f63b,SCHEDULED_PUBLISHED_TIME_NOT_OBSERVED_RUNTIME,RECONSTRUCTED_FROM_OFFICIAL_PRIMARY_TIMETABLE,,,AMBIGUOUS_HISTORICAL_GTFS,NO_RESOLVED_GTFS_IDENTITY
PDF20260903:D170:P02:C03,D170,8,20,ROBBIATE (Via A.Moro),16:51,1011,True,MONTEVECCHIA,VIMERCATE,2,3,https://www.leccotrasporti.it/percorsi/estivo/linea-d170.pdf,87ab0fe1f2c68a38f8e54fd911f0ef38c9b29a22b3d875e34e4209a1a922f63b,SCHEDULED_PUBLISHED_TIME_NOT_OBSERVED_RUNTIME,RECONSTRUCTED_FROM_OFFICIAL_PRIMARY_TIMETABLE,,,AMBIGUOUS_HISTORICAL_GTFS,NO_RESOLVED_GTFS_IDENTITY
PDF20260903:D170:P02:C03,D170,9,21,PADERNO F.S.,16:56,1016,True,MONTEVECCHIA,VIMERCATE,2,3,https://www.leccotrasporti.it/percorsi/estivo/linea-d170.pdf,87ab0fe1f2c68a38f8e54fd911f0ef38c9b29a22b3d875e34e4209a1a922f63b,SCHEDULED_PUBLISHED_TIME_NOT_OBSERVED_RUNTIME,RECONSTRUCTED_FROM_OFFICIAL_PRIMARY_TIMETABLE,,,AMBIGUOUS_HISTORICAL_GTFS,NO_RESOLVED_GTFS_IDENTITY
PDF20260903:D170:P02:C04,D170,1,10,CERNUSCO F.S. (terminal),17:20,1040,True,MONTEVECCHIA,VIMERCATE,2,4,https://www.leccotrasporti.it/percorsi/estivo/linea-d170.pdf,87ab0fe1f2c68a38f8e54fd911f0ef38c9b29a22b3d875e34e4209a1a922f63b,SCHEDULED_PUBLISHED_TIME_NOT_OBSERVED_RUNTIME,RECONSTRUCTED_FROM_OFFICIAL_PRIMARY_TIMETABLE,,,NO_HISTORICAL_GTFS_NAME_MATCH,NO_RESOLVED_GTFS_IDENTITY
PDF20260903:D170:P02:C04,D170,2,11,CERNUSCO F.S. (Via Volta),17:21,1041,True,MONTEVECCHIA,VIMERCATE,2,4,https://www.leccotrasporti.it/percorsi/estivo/linea-d170.pdf,87ab0fe1f2c68a38f8e54fd911f0ef38c9b29a22b3d875e34e4209a1a922f63b,SCHEDULED_PUBLISHED_TIME_NOT_OBSERVED_RUNTIME,RECONSTRUCTED_FROM_OFFICIAL_PRIMARY_TIMETABLE,,,NO_HISTORICAL_GTFS_NAME_MATCH,NO_RESOLVED_GTFS_IDENTITY
PDF20260903:D170:P02:C04,D170,3,12,MERATE V.LE VERDI,17:28,1048,True,MONTEVECCHIA,VIMERCATE,2,4,https://www.leccotrasporti.it/percorsi/estivo/linea-d170.pdf,87ab0fe1f2c68a38f8e54fd911f0ef38c9b29a22b3d875e34e4209a1a922f63b,SCHEDULED_PUBLISHED_TIME_NOT_OBSERVED_RUNTIME,RECONSTRUCTED_FROM_OFFICIAL_PRIMARY_TIMETABLE,,,AMBIGUOUS_HISTORICAL_GTFS,NO_RESOLVED_GTFS_IDENTITY
PDF20260903:D170:P02:C04,D170,4,13,MERATE GARAGE S. CARLO,17:29,1049,True,MONTEVECCHIA,VIMERCATE,2,4,https://www.leccotrasporti.it/percorsi/estivo/linea-d170.pdf,87ab0fe1f2c68a38f8e54fd911f0ef38c9b29a22b3d875e34e4209a1a922f63b,SCHEDULED_PUBLISHED_TIME_NOT_OBSERVED_RUNTIME,RECONSTRUCTED_FROM_OFFICIAL_PRIMARY_TIMETABLE,300757,,RESOLVED_BEST_SEQUENCE_UNIQUE,GTFS_IDENTIFIED_NOT_IN_V1_STOP_UNIVERSE
PDF20260903:D170:P02:C04,D170,5,14,MERATE Via De Gasperi,17:30,1050,True,MONTEVECCHIA,VIMERCATE,2,4,https://www.leccotrasporti.it/percorsi/estivo/linea-d170.pdf,87ab0fe1f2c68a38f8e54fd911f0ef38c9b29a22b3d875e34e4209a1a922f63b,SCHEDULED_PUBLISHED_TIME_NOT_OBSERVED_RUNTIME,RECONSTRUCTED_FROM_OFFICIAL_PRIMARY_TIMETABLE,,,AMBIGUOUS_HISTORICAL_GTFS,NO_RESOLVED_GTFS_IDENTITY
PDF20260903:D170:P02:C04,D170,6,15,NOVATE Via De Gasperi (Scuole),17:31,1051,True,MONTEVECCHIA,VIMERCATE,2,4,https://www.leccotrasporti.it/percorsi/estivo/linea-d170.pdf,87ab0fe1f2c68a38f8e54fd911f0ef38c9b29a22b3d875e34e4209a1a922f63b,SCHEDULED_PUBLISHED_TIME_NOT_OBSERVED_RUNTIME,RECONSTRUCTED_FROM_OFFICIAL_PRIMARY_TIMETABLE,,,NO_HISTORICAL_GTFS_NAME_MATCH,NO_RESOLVED_GTFS_IDENTITY
PDF20260903:D170:P02:C04,D170,7,17,MERATE NOVATE (Ospedale),17:32,1052,True,MONTEVECCHIA,VIMERCATE,2,4,https://www.leccotrasporti.it/percorsi/estivo/linea-d170.pdf,87ab0fe1f2c68a38f8e54fd911f0ef38c9b29a22b3d875e34e4209a1a922f63b,SCHEDULED_PUBLISHED_TIME_NOT_OBSERVED_RUNTIME,RECONSTRUCTED_FROM_OFFICIAL_PRIMARY_TIMETABLE,,,AMBIGUOUS_HISTORICAL_GTFS,NO_RESOLVED_GTFS_IDENTITY
PDF20260903:D170:P02:C04,D170,8,20,ROBBIATE (Via A.Moro),17:36,1056,True,MONTEVECCHIA,VIMERCATE,2,4,https://www.leccotrasporti.it/percorsi/estivo/linea-d170.pdf,87ab0fe1f2c68a38f8e54fd911f0ef38c9b29a22b3d875e34e4209a1a922f63b,SCHEDULED_PUBLISHED_TIME_NOT_OBSERVED_RUNTIME,RECONSTRUCTED_FROM_OFFICIAL_PRIMARY_TIMETABLE,,,AMBIGUOUS_HISTORICAL_GTFS,NO_RESOLVED_GTFS_IDENTITY
PDF20260903:D170:P02:C04,D170,9,21,PADERNO F.S.,17:41,1061,True,MONTEVECCHIA,VIMERCATE,2,4,https://www.leccotrasporti.it/percorsi/estivo/linea-d170.pdf,87ab0fe1f2c68a38f8e54fd911f0ef38c9b29a22b3d875e34e4209a1a922f63b,SCHEDULED_PUBLISHED_TIME_NOT_OBSERVED_RUNTIME,RECONSTRUCTED_FROM_OFFICIAL_PRIMARY_TIMETABLE,,,AMBIGUOUS_HISTORICAL_GTFS,NO_RESOLVED_GTFS_IDENTITY
PDF20260903:D170:P02:C04,D170,10,22,VERDERIO SUP.,17:43,1063,True,MONTEVECCHIA,VIMERCATE,2,4,https://www.leccotrasporti.it/percorsi/estivo/linea-d170.pdf,87ab0fe1f2c68a38f8e54fd911f0ef38c9b29a22b3d875e34e4209a1a922f63b,SCHEDULED_PUBLISHED_TIME_NOT_OBSERVED_RUNTIME,RECONSTRUCTED_FROM_OFFICIAL_PRIMARY_TIMETABLE,,,NO_HISTORICAL_GTFS_NAME_MATCH,NO_RESOLVED_GTFS_IDENTITY
PDF20260903:D170:P02:C04,D170,11,23,VERDERIO INF.,17:45,1065,True,MONTEVECCHIA,VIMERCATE,2,4,https://www.leccotrasporti.it/percorsi/estivo/linea-d170.pdf,87ab0fe1f2c68a38f8e54fd911f0ef38c9b29a22b3d875e34e4209a1a922f63b,SCHEDULED_PUBLISHED_TIME_NOT_OBSERVED_RUNTIME,RECONSTRUCTED_FROM_OFFICIAL_PRIMARY_TIMETABLE,,,NO_HISTORICAL_GTFS_NAME_MATCH,NO_RESOLVED_GTFS_IDENTITY
PDF20260903:D170:P02:C04,D170,12,26,RONCO BRIANTINO,17:50,1070,True,MONTEVECCHIA,VIMERCATE,2,4,https://www.leccotrasporti.it/percorsi/estivo/linea-d170.pdf,87ab0fe1f2c68a38f8e54fd911f0ef38c9b29a22b3d875e34e4209a1a922f63b,SCHEDULED_PUBLISHED_TIME_NOT_OBSERVED_RUNTIME,RECONSTRUCTED_FROM_OFFICIAL_PRIMARY_TIMETABLE,,,AMBIGUOUS_HISTORICAL_GTFS,NO_RESOLVED_GTFS_IDENTITY
PDF20260903:D170:P02:C04,D170,13,27,CARNATE F.S.,18:00,1080,True,MONTEVECCHIA,VIMERCATE,2,4,https://www.leccotrasporti.it/percorsi/estivo/linea-d170.pdf,87ab0fe1f2c68a38f8e54fd911f0ef38c9b29a22b3d875e34e4209a1a922f63b,SCHEDULED_PUBLISHED_TIME_NOT_OBSERVED_RUNTIME,RECONSTRUCTED_FROM_OFFICIAL_PRIMARY_TIMETABLE,,,AMBIGUOUS_HISTORICAL_GTFS,NO_RESOLVED_GTFS_IDENTITY
PDF20260903:D170:P02:C05,D170,1,21,PADERNO F.S.,18:30,1110,True,MONTEVECCHIA,VIMERCATE,2,5,https://www.leccotrasporti.it/percorsi/estivo/linea-d170.pdf,87ab0fe1f2c68a38f8e54fd911f0ef38c9b29a22b3d875e34e4209a1a922f63b,SCHEDULED_PUBLISHED_TIME_NOT_OBSERVED_RUNTIME,RECONSTRUCTED_FROM_OFFICIAL_PRIMARY_TIMETABLE,,,AMBIGUOUS_HISTORICAL_GTFS,NO_RESOLVED_GTFS_IDENTITY
PDF20260903:D170:P02:C05,D170,2,22,VERDERIO SUP.,18:32,1112,True,MONTEVECCHIA,VIMERCATE,2,5,https://www.leccotrasporti.it/percorsi/estivo/linea-d170.pdf,87ab0fe1f2c68a38f8e54fd911f0ef38c9b29a22b3d875e34e4209a1a922f63b,SCHEDULED_PUBLISHED_TIME_NOT_OBSERVED_RUNTIME,RECONSTRUCTED_FROM_OFFICIAL_PRIMARY_TIMETABLE,,,NO_HISTORICAL_GTFS_NAME_MATCH,NO_RESOLVED_GTFS_IDENTITY
PDF20260903:D170:P02:C05,D170,3,23,VERDERIO INF.,18:34,1114,True,MONTEVECCHIA,VIMERCATE,2,5,https://www.leccotrasporti.it/percorsi/estivo/linea-d170.pdf,87ab0fe1f2c68a38f8e54fd911f0ef38c9b29a22b3d875e34e4209a1a922f63b,SCHEDULED_PUBLISHED_TIME_NOT_OBSERVED_RUNTIME,RECONSTRUCTED_FROM_OFFICIAL_PRIMARY_TIMETABLE,,,NO_HISTORICAL_GTFS_NAME_MATCH,NO_RESOLVED_GTFS_IDENTITY
PDF20260903:D170:P02:C05,D170,4,26,RONCO BRIANTINO,18:40,1120,True,MONTEVECCHIA,VIMERCATE,2,5,https://www.leccotrasporti.it/percorsi/estivo/linea-d170.pdf,87ab0fe1f2c68a38f8e54fd911f0ef38c9b29a22b3d875e34e4209a1a922f63b,SCHEDULED_PUBLISHED_TIME_NOT_OBSERVED_RUNTIME,RECONSTRUCTED_FROM_OFFICIAL_PRIMARY_TIMETABLE,,,AMBIGUOUS_HISTORICAL_GTFS,NO_RESOLVED_GTFS_IDENTITY
PDF20260903:D170:P02:C05,D170,5,27,CARNATE F.S.,18:50,1130,True,MONTEVECCHIA,VIMERCATE,2,5,https://www.leccotrasporti.it/percorsi/estivo/linea-d170.pdf,87ab0fe1f2c68a38f8e54fd911f0ef38c9b29a22b3d875e34e4209a1a922f63b,SCHEDULED_PUBLISHED_TIME_NOT_OBSERVED_RUNTIME,RECONSTRUCTED_FROM_OFFICIAL_PRIMARY_TIMETABLE,,,AMBIGUOUS_HISTORICAL_GTFS,NO_RESOLVED_GTFS_IDENTITY
PDF20260903:D170:P03:C01,D170,1,10,MERATE BRUGAROLO,06:38,398,True,VIMERCATE,MONTEVECCHIA,3,1,https://www.leccotrasporti.it/percorsi/estivo/linea-d170.pdf,87ab0fe1f2c68a38f8e54fd911f0ef38c9b29a22b3d875e34e4209a1a922f63b,SCHEDULED_PUBLISHED_TIME_NOT_OBSERVED_RUNTIME,RECONSTRUCTED_FROM_OFFICIAL_PRIMARY_TIMETABLE,,,AMBIGUOUS_HISTORICAL_GTFS,NO_RESOLVED_GTFS_IDENTITY
PDF20260903:D170:P03:C01,D170,2,11,MERATE NOVATE (Ospedale),06:45,405,True,VIMERCATE,MONTEVECCHIA,3,1,https://www.leccotrasporti.it/percorsi/estivo/linea-d170.pdf,87ab0fe1f2c68a38f8e54fd911f0ef38c9b29a22b3d875e34e4209a1a922f63b,SCHEDULED_PUBLISHED_TIME_NOT_OBSERVED_RUNTIME,RECONSTRUCTED_FROM_OFFICIAL_PRIMARY_TIMETABLE,L00888,,RESOLVED_BEST_SEQUENCE_UNIQUE,GTFS_IDENTIFIED_NOT_IN_V1_STOP_UNIVERSE
PDF20260903:D170:P03:C01,D170,3,13,NOVATE Via De Gasperi (Scuole),06:46,406,True,VIMERCATE,MONTEVECCHIA,3,1,https://www.leccotrasporti.it/percorsi/estivo/linea-d170.pdf,87ab0fe1f2c68a38f8e54fd911f0ef38c9b29a22b3d875e34e4209a1a922f63b,SCHEDULED_PUBLISHED_TIME_NOT_OBSERVED_RUNTIME,RECONSTRUCTED_FROM_OFFICIAL_PRIMARY_TIMETABLE,,,NO_HISTORICAL_GTFS_NAME_MATCH,NO_RESOLVED_GTFS_IDENTITY
PDF20260903:D170:P03:C01,D170,4,14,MERATE VIA DE GASPERI,06:47,407,True,VIMERCATE,MONTEVECCHIA,3,1,https://www.leccotrasporti.it/percorsi/estivo/linea-d170.pdf,87ab0fe1f2c68a38f8e54fd911f0ef38c9b29a22b3d875e34e4209a1a922f63b,SCHEDULED_PUBLISHED_TIME_NOT_OBSERVED_RUNTIME,RECONSTRUCTED_FROM_OFFICIAL_PRIMARY_TIMETABLE,L00290,,RESOLVED_BEST_SEQUENCE_UNIQUE,GTFS_IDENTIFIED_NOT_IN_V1_STOP_UNIVERSE
PDF20260903:D170:P03:C01,D170,5,15,MERATE GARAGE S. CARLO,06:48,408,True,VIMERCATE,MONTEVECCHIA,3,1,https://www.leccotrasporti.it/percorsi/estivo/linea-d170.pdf,87ab0fe1f2c68a38f8e54fd911f0ef38c9b29a22b3d875e34e4209a1a922f63b,SCHEDULED_PUBLISHED_TIME_NOT_OBSERVED_RUNTIME,RECONSTRUCTED_FROM_OFFICIAL_PRIMARY_TIMETABLE,,,AMBIGUOUS_HISTORICAL_GTFS,NO_RESOLVED_GTFS_IDENTITY
PDF20260903:D170:P03:C01,D170,6,16,MERATE V.LE VERDI,06:49,409,True,VIMERCATE,MONTEVECCHIA,3,1,https://www.leccotrasporti.it/percorsi/estivo/linea-d170.pdf,87ab0fe1f2c68a38f8e54fd911f0ef38c9b29a22b3d875e34e4209a1a922f63b,SCHEDULED_PUBLISHED_TIME_NOT_OBSERVED_RUNTIME,RECONSTRUCTED_FROM_OFFICIAL_PRIMARY_TIMETABLE,,,AMBIGUOUS_HISTORICAL_GTFS,NO_RESOLVED_GTFS_IDENTITY
PDF20260903:D170:P03:C01,D170,7,17,CERNUSCO F.S. (terminal),06:57,417,True,VIMERCATE,MONTEVECCHIA,3,1,https://www.leccotrasporti.it/percorsi/estivo/linea-d170.pdf,87ab0fe1f2c68a38f8e54fd911f0ef38c9b29a22b3d875e34e4209a1a922f63b,SCHEDULED_PUBLISHED_TIME_NOT_OBSERVED_RUNTIME,RECONSTRUCTED_FROM_OFFICIAL_PRIMARY_TIMETABLE,,,NO_HISTORICAL_GTFS_NAME_MATCH,NO_RESOLVED_GTFS_IDENTITY
PDF20260903:D170:P03:C02,D170,1,12,NOVATE Via dei Lodovichi (Scuole),07:33,453,True,VIMERCATE,MONTEVECCHIA,3,2,https://www.leccotrasporti.it/percorsi/estivo/linea-d170.pdf,87ab0fe1f2c68a38f8e54fd911f0ef38c9b29a22b3d875e34e4209a1a922f63b,SCHEDULED_PUBLISHED_TIME_NOT_OBSERVED_RUNTIME,RECONSTRUCTED_FROM_OFFICIAL_PRIMARY_TIMETABLE,,,NO_HISTORICAL_GTFS_NAME_MATCH,NO_RESOLVED_GTFS_IDENTITY
PDF20260903:D170:P03:C02,D170,2,14,MERATE VIA DE GASPERI,07:34,454,True,VIMERCATE,MONTEVECCHIA,3,2,https://www.leccotrasporti.it/percorsi/estivo/linea-d170.pdf,87ab0fe1f2c68a38f8e54fd911f0ef38c9b29a22b3d875e34e4209a1a922f63b,SCHEDULED_PUBLISHED_TIME_NOT_OBSERVED_RUNTIME,RECONSTRUCTED_FROM_OFFICIAL_PRIMARY_TIMETABLE,L00290,,RESOLVED_BEST_SEQUENCE_UNIQUE,GTFS_IDENTIFIED_NOT_IN_V1_STOP_UNIVERSE
PDF20260903:D170:P03:C02,D170,3,15,MERATE GARAGE S. CARLO,07:35,455,True,VIMERCATE,MONTEVECCHIA,3,2,https://www.leccotrasporti.it/percorsi/estivo/linea-d170.pdf,87ab0fe1f2c68a38f8e54fd911f0ef38c9b29a22b3d875e34e4209a1a922f63b,SCHEDULED_PUBLISHED_TIME_NOT_OBSERVED_RUNTIME,RECONSTRUCTED_FROM_OFFICIAL_PRIMARY_TIMETABLE,,,AMBIGUOUS_HISTORICAL_GTFS,NO_RESOLVED_GTFS_IDENTITY
PDF20260903:D170:P03:C02,D170,4,16,MERATE V.LE VERDI,07:36,456,True,VIMERCATE,MONTEVECCHIA,3,2,https://www.leccotrasporti.it/percorsi/estivo/linea-d170.pdf,87ab0fe1f2c68a38f8e54fd911f0ef38c9b29a22b3d875e34e4209a1a922f63b,SCHEDULED_PUBLISHED_TIME_NOT_OBSERVED_RUNTIME,RECONSTRUCTED_FROM_OFFICIAL_PRIMARY_TIMETABLE,,,AMBIGUOUS_HISTORICAL_GTFS,NO_RESOLVED_GTFS_IDENTITY
PDF20260903:D170:P03:C02,D170,5,17,CERNUSCO F.S. (terminal),07:44,464,True,VIMERCATE,MONTEVECCHIA,3,2,https://www.leccotrasporti.it/percorsi/estivo/linea-d170.pdf,87ab0fe1f2c68a38f8e54fd911f0ef38c9b29a22b3d875e34e4209a1a922f63b,SCHEDULED_PUBLISHED_TIME_NOT_OBSERVED_RUNTIME,RECONSTRUCTED_FROM_OFFICIAL_PRIMARY_TIMETABLE,,,NO_HISTORICAL_GTFS_NAME_MATCH,NO_RESOLVED_GTFS_IDENTITY
PDF20260903:D170:P03:C03,D170,1,9,MERATE (OSSERVATORIO),07:27,447,False,VIMERCATE,MONTEVECCHIA,3,3,https://www.leccotrasporti.it/percorsi/estivo/linea-d170.pdf,87ab0fe1f2c68a38f8e54fd911f0ef38c9b29a22b3d875e34e4209a1a922f63b,SCHEDULED_PUBLISHED_TIME_NOT_OBSERVED_RUNTIME,RECONSTRUCTED_FROM_OFFICIAL_PRIMARY_TIMETABLE,,,AMBIGUOUS_HISTORICAL_GTFS,NO_RESOLVED_GTFS_IDENTITY
PDF20260903:D170:P03:C03,D170,2,11,MERATE NOVATE (Ospedale),07:32,452,False,VIMERCATE,MONTEVECCHIA,3,3,https://www.leccotrasporti.it/percorsi/estivo/linea-d170.pdf,87ab0fe1f2c68a38f8e54fd911f0ef38c9b29a22b3d875e34e4209a1a922f63b,SCHEDULED_PUBLISHED_TIME_NOT_OBSERVED_RUNTIME,RECONSTRUCTED_FROM_OFFICIAL_PRIMARY_TIMETABLE,L00888,,RESOLVED_BEST_SEQUENCE_UNIQUE,GTFS_IDENTIFIED_NOT_IN_V1_STOP_UNIVERSE
PDF20260903:D170:P03:C03,D170,3,13,NOVATE Via De Gasperi (Scuole),07:33,453,False,VIMERCATE,MONTEVECCHIA,3,3,https://www.leccotrasporti.it/percorsi/estivo/linea-d170.pdf,87ab0fe1f2c68a38f8e54fd911f0ef38c9b29a22b3d875e34e4209a1a922f63b,SCHEDULED_PUBLISHED_TIME_NOT_OBSERVED_RUNTIME,RECONSTRUCTED_FROM_OFFICIAL_PRIMARY_TIMETABLE,,,NO_HISTORICAL_GTFS_NAME_MATCH,NO_RESOLVED_GTFS_IDENTITY
PDF20260903:D170:P03:C03,D170,4,14,MERATE VIA DE GASPERI,07:34,454,False,VIMERCATE,MONTEVECCHIA,3,3,https://www.leccotrasporti.it/percorsi/estivo/linea-d170.pdf,87ab0fe1f2c68a38f8e54fd911f0ef38c9b29a22b3d875e34e4209a1a922f63b,SCHEDULED_PUBLISHED_TIME_NOT_OBSERVED_RUNTIME,RECONSTRUCTED_FROM_OFFICIAL_PRIMARY_TIMETABLE,L00290,,RESOLVED_BEST_SEQUENCE_UNIQUE,GTFS_IDENTIFIED_NOT_IN_V1_STOP_UNIVERSE
PDF20260903:D170:P03:C03,D170,5,15,MERATE GARAGE S. CARLO,07:35,455,False,VIMERCATE,MONTEVECCHIA,3,3,https://www.leccotrasporti.it/percorsi/estivo/linea-d170.pdf,87ab0fe1f2c68a38f8e54fd911f0ef38c9b29a22b3d875e34e4209a1a922f63b,SCHEDULED_PUBLISHED_TIME_NOT_OBSERVED_RUNTIME,RECONSTRUCTED_FROM_OFFICIAL_PRIMARY_TIMETABLE,,,AMBIGUOUS_HISTORICAL_GTFS,NO_RESOLVED_GTFS_IDENTITY
PDF20260903:D170:P03:C03,D170,6,16,MERATE V.LE VERDI,07:36,456,False,VIMERCATE,MONTEVECCHIA,3,3,https://www.leccotrasporti.it/percorsi/estivo/linea-d170.pdf,87ab0fe1f2c68a38f8e54fd911f0ef38c9b29a22b3d875e34e4209a1a922f63b,SCHEDULED_PUBLISHED_TIME_NOT_OBSERVED_RUNTIME,RECONSTRUCTED_FROM_OFFICIAL_PRIMARY_TIMETABLE,,,AMBIGUOUS_HISTORICAL_GTFS,NO_RESOLVED_GTFS_IDENTITY
PDF20260903:D170:P03:C03,D170,7,17,CERNUSCO F.S. (terminal),07:44,464,False,VIMERCATE,MONTEVECCHIA,3,3,https://www.leccotrasporti.it/percorsi/estivo/linea-d170.pdf,87ab0fe1f2c68a38f8e54fd911f0ef38c9b29a22b3d875e34e4209a1a922f63b,SCHEDULED_PUBLISHED_TIME_NOT_OBSERVED_RUNTIME,RECONSTRUCTED_FROM_OFFICIAL_PRIMARY_TIMETABLE,,,NO_HISTORICAL_GTFS_NAME_MATCH,NO_RESOLVED_GTFS_IDENTITY
PDF20260903:D170:P03:C04,D170,1,1,CARNATE F.S.,07:05,425,True,VIMERCATE,MONTEVECCHIA,3,4,https://www.leccotrasporti.it/percorsi/estivo/linea-d170.pdf,87ab0fe1f2c68a38f8e54fd911f0ef38c9b29a22b3d875e34e4209a1a922f63b,SCHEDULED_PUBLISHED_TIME_NOT_OBSERVED_RUNTIME,RECONSTRUCTED_FROM_OFFICIAL_PRIMARY_TIMETABLE,,,AMBIGUOUS_HISTORICAL_GTFS,NO_RESOLVED_GTFS_IDENTITY
PDF20260903:D170:P03:C04,D170,2,2,RONCO BRIANTINO,07:14,434,True,VIMERCATE,MONTEVECCHIA,3,4,https://www.leccotrasporti.it/percorsi/estivo/linea-d170.pdf,87ab0fe1f2c68a38f8e54fd911f0ef38c9b29a22b3d875e34e4209a1a922f63b,SCHEDULED_PUBLISHED_TIME_NOT_OBSERVED_RUNTIME,RECONSTRUCTED_FROM_OFFICIAL_PRIMARY_TIMETABLE,,,AMBIGUOUS_HISTORICAL_GTFS,NO_RESOLVED_GTFS_IDENTITY
PDF20260903:D170:P03:C04,D170,3,5,VERDERIO INFERIORE,07:21,441,True,VIMERCATE,MONTEVECCHIA,3,4,https://www.leccotrasporti.it/percorsi/estivo/linea-d170.pdf,87ab0fe1f2c68a38f8e54fd911f0ef38c9b29a22b3d875e34e4209a1a922f63b,SCHEDULED_PUBLISHED_TIME_NOT_OBSERVED_RUNTIME,RECONSTRUCTED_FROM_OFFICIAL_PRIMARY_TIMETABLE,,,AMBIGUOUS_HISTORICAL_GTFS,NO_RESOLVED_GTFS_IDENTITY
PDF20260903:D170:P03:C04,D170,4,6,VERDERIO SUPERIORE,07:23,443,True,VIMERCATE,MONTEVECCHIA,3,4,https://www.leccotrasporti.it/percorsi/estivo/linea-d170.pdf,87ab0fe1f2c68a38f8e54fd911f0ef38c9b29a22b3d875e34e4209a1a922f63b,SCHEDULED_PUBLISHED_TIME_NOT_OBSERVED_RUNTIME,RECONSTRUCTED_FROM_OFFICIAL_PRIMARY_TIMETABLE,L00765,,RESOLVED_BEST_SEQUENCE_UNIQUE,GTFS_IDENTIFIED_NOT_IN_V1_STOP_UNIVERSE
PDF20260903:D170:P03:C04,D170,5,7,PADERNO F.S.,07:25,445,True,VIMERCATE,MONTEVECCHIA,3,4,https://www.leccotrasporti.it/percorsi/estivo/linea-d170.pdf,87ab0fe1f2c68a38f8e54fd911f0ef38c9b29a22b3d875e34e4209a1a922f63b,SCHEDULED_PUBLISHED_TIME_NOT_OBSERVED_RUNTIME,RECONSTRUCTED_FROM_OFFICIAL_PRIMARY_TIMETABLE,L00763,,RESOLVED_BEST_SEQUENCE_UNIQUE,GTFS_IDENTIFIED_NOT_IN_V1_STOP_UNIVERSE
PDF20260903:D170:P03:C04,D170,6,8,ROBBIATE (Via A.Moro),07:30,450,True,VIMERCATE,MONTEVECCHIA,3,4,https://www.leccotrasporti.it/percorsi/estivo/linea-d170.pdf,87ab0fe1f2c68a38f8e54fd911f0ef38c9b29a22b3d875e34e4209a1a922f63b,SCHEDULED_PUBLISHED_TIME_NOT_OBSERVED_RUNTIME,RECONSTRUCTED_FROM_OFFICIAL_PRIMARY_TIMETABLE,L00961,,RESOLVED_BEST_SEQUENCE_UNIQUE,GTFS_IDENTIFIED_NOT_IN_V1_STOP_UNIVERSE
PDF20260903:D170:P03:C04,D170,7,11,MERATE NOVATE (Ospedale),07:32,452,True,VIMERCATE,MONTEVECCHIA,3,4,https://www.leccotrasporti.it/percorsi/estivo/linea-d170.pdf,87ab0fe1f2c68a38f8e54fd911f0ef38c9b29a22b3d875e34e4209a1a922f63b,SCHEDULED_PUBLISHED_TIME_NOT_OBSERVED_RUNTIME,RECONSTRUCTED_FROM_OFFICIAL_PRIMARY_TIMETABLE,L00888,,RESOLVED_BEST_SEQUENCE_UNIQUE,GTFS_IDENTIFIED_NOT_IN_V1_STOP_UNIVERSE
PDF20260903:D170:P03:C04,D170,8,13,NOVATE Via De Gasperi (Scuole),07:33,453,True,VIMERCATE,MONTEVECCHIA,3,4,https://www.leccotrasporti.it/percorsi/estivo/linea-d170.pdf,87ab0fe1f2c68a38f8e54fd911f0ef38c9b29a22b3d875e34e4209a1a922f63b,SCHEDULED_PUBLISHED_TIME_NOT_OBSERVED_RUNTIME,RECONSTRUCTED_FROM_OFFICIAL_PRIMARY_TIMETABLE,,,NO_HISTORICAL_GTFS_NAME_MATCH,NO_RESOLVED_GTFS_IDENTITY
PDF20260903:D170:P03:C05,D170,1,7,PADERNO F.S.,08:10,490,False,VIMERCATE,MONTEVECCHIA,3,5,https://www.leccotrasporti.it/percorsi/estivo/linea-d170.pdf,87ab0fe1f2c68a38f8e54fd911f0ef38c9b29a22b3d875e34e4209a1a922f63b,SCHEDULED_PUBLISHED_TIME_NOT_OBSERVED_RUNTIME,RECONSTRUCTED_FROM_OFFICIAL_PRIMARY_TIMETABLE,L00763,,RESOLVED_BEST_SEQUENCE_UNIQUE,GTFS_IDENTIFIED_NOT_IN_V1_STOP_UNIVERSE
PDF20260903:D170:P03:C05,D170,2,8,ROBBIATE (Via A.Moro),08:17,497,False,VIMERCATE,MONTEVECCHIA,3,5,https://www.leccotrasporti.it/percorsi/estivo/linea-d170.pdf,87ab0fe1f2c68a38f8e54fd911f0ef38c9b29a22b3d875e34e4209a1a922f63b,SCHEDULED_PUBLISHED_TIME_NOT_OBSERVED_RUNTIME,RECONSTRUCTED_FROM_OFFICIAL_PRIMARY_TIMETABLE,L00961,,RESOLVED_BEST_SEQUENCE_UNIQUE,GTFS_IDENTIFIED_NOT_IN_V1_STOP_UNIVERSE
PDF20260903:D170:P03:C05,D170,3,11,MERATE NOVATE (Ospedale),08:19,499,False,VIMERCATE,MONTEVECCHIA,3,5,https://www.leccotrasporti.it/percorsi/estivo/linea-d170.pdf,87ab0fe1f2c68a38f8e54fd911f0ef38c9b29a22b3d875e34e4209a1a922f63b,SCHEDULED_PUBLISHED_TIME_NOT_OBSERVED_RUNTIME,RECONSTRUCTED_FROM_OFFICIAL_PRIMARY_TIMETABLE,L00888,,RESOLVED_BEST_SEQUENCE_UNIQUE,GTFS_IDENTIFIED_NOT_IN_V1_STOP_UNIVERSE
PDF20260903:D170:P03:C05,D170,4,13,NOVATE Via De Gasperi (Scuole),08:20,500,False,VIMERCATE,MONTEVECCHIA,3,5,https://www.leccotrasporti.it/percorsi/estivo/linea-d170.pdf,87ab0fe1f2c68a38f8e54fd911f0ef38c9b29a22b3d875e34e4209a1a922f63b,SCHEDULED_PUBLISHED_TIME_NOT_OBSERVED_RUNTIME,RECONSTRUCTED_FROM_OFFICIAL_PRIMARY_TIMETABLE,,,NO_HISTORICAL_GTFS_NAME_MATCH,NO_RESOLVED_GTFS_IDENTITY
PDF20260903:D170:P03:C05,D170,5,14,MERATE VIA DE GASPERI,08:21,501,False,VIMERCATE,MONTEVECCHIA,3,5,https://www.leccotrasporti.it/percorsi/estivo/linea-d170.pdf,87ab0fe1f2c68a38f8e54fd911f0ef38c9b29a22b3d875e34e4209a1a922f63b,SCHEDULED_PUBLISHED_TIME_NOT_OBSERVED_RUNTIME,RECONSTRUCTED_FROM_OFFICIAL_PRIMARY_TIMETABLE,L00290,,RESOLVED_BEST_SEQUENCE_UNIQUE,GTFS_IDENTIFIED_NOT_IN_V1_STOP_UNIVERSE
PDF20260903:D170:P03:C05,D170,6,15,MERATE GARAGE S. CARLO,08:22,502,False,VIMERCATE,MONTEVECCHIA,3,5,https://www.leccotrasporti.it/percorsi/estivo/linea-d170.pdf,87ab0fe1f2c68a38f8e54fd911f0ef38c9b29a22b3d875e34e4209a1a922f63b,SCHEDULED_PUBLISHED_TIME_NOT_OBSERVED_RUNTIME,RECONSTRUCTED_FROM_OFFICIAL_PRIMARY_TIMETABLE,,,AMBIGUOUS_HISTORICAL_GTFS,NO_RESOLVED_GTFS_IDENTITY
PDF20260903:D170:P03:C05,D170,7,16,MERATE V.LE VERDI,08:23,503,False,VIMERCATE,MONTEVECCHIA,3,5,https://www.leccotrasporti.it/percorsi/estivo/linea-d170.pdf,87ab0fe1f2c68a38f8e54fd911f0ef38c9b29a22b3d875e34e4209a1a922f63b,SCHEDULED_PUBLISHED_TIME_NOT_OBSERVED_RUNTIME,RECONSTRUCTED_FROM_OFFICIAL_PRIMARY_TIMETABLE,,,AMBIGUOUS_HISTORICAL_GTFS,NO_RESOLVED_GTFS_IDENTITY
PDF20260903:D170:P03:C05,D170,8,17,CERNUSCO F.S. (terminal),08:24,504,False,VIMERCATE,MONTEVECCHIA,3,5,https://www.leccotrasporti.it/percorsi/estivo/linea-d170.pdf,87ab0fe1f2c68a38f8e54fd911f0ef38c9b29a22b3d875e34e4209a1a922f63b,SCHEDULED_PUBLISHED_TIME_NOT_OBSERVED_RUNTIME,RECONSTRUCTED_FROM_OFFICIAL_PRIMARY_TIMETABLE,,,NO_HISTORICAL_GTFS_NAME_MATCH,NO_RESOLVED_GTFS_IDENTITY
PDF20260903:D170:P03:C06,D170,1,7,PADERNO F.S.,08:22,502,True,VIMERCATE,MONTEVECCHIA,3,6,https://www.leccotrasporti.it/percorsi/estivo/linea-d170.pdf,87ab0fe1f2c68a38f8e54fd911f0ef38c9b29a22b3d875e34e4209a1a922f63b,SCHEDULED_PUBLISHED_TIME_NOT_OBSERVED_RUNTIME,RECONSTRUCTED_FROM_OFFICIAL_PRIMARY_TIMETABLE,L00763,,RESOLVED_BEST_SEQUENCE_UNIQUE,GTFS_IDENTIFIED_NOT_IN_V1_STOP_UNIVERSE
PDF20260903:D170:P03:C06,D170,2,8,ROBBIATE (Via A.Moro),08:27,507,True,VIMERCATE,MONTEVECCHIA,3,6,https://www.leccotrasporti.it/percorsi/estivo/linea-d170.pdf,87ab0fe1f2c68a38f8e54fd911f0ef38c9b29a22b3d875e34e4209a1a922f63b,SCHEDULED_PUBLISHED_TIME_NOT_OBSERVED_RUNTIME,RECONSTRUCTED_FROM_OFFICIAL_PRIMARY_TIMETABLE,L00961,,RESOLVED_BEST_SEQUENCE_UNIQUE,GTFS_IDENTIFIED_NOT_IN_V1_STOP_UNIVERSE
PDF20260903:D170:P03:C06,D170,3,11,MERATE NOVATE (Ospedale),08:29,509,True,VIMERCATE,MONTEVECCHIA,3,6,https://www.leccotrasporti.it/percorsi/estivo/linea-d170.pdf,87ab0fe1f2c68a38f8e54fd911f0ef38c9b29a22b3d875e34e4209a1a922f63b,SCHEDULED_PUBLISHED_TIME_NOT_OBSERVED_RUNTIME,RECONSTRUCTED_FROM_OFFICIAL_PRIMARY_TIMETABLE,L00888,,RESOLVED_BEST_SEQUENCE_UNIQUE,GTFS_IDENTIFIED_NOT_IN_V1_STOP_UNIVERSE
PDF20260903:D170:P03:C06,D170,4,13,NOVATE Via De Gasperi (Scuole),08:30,510,True,VIMERCATE,MONTEVECCHIA,3,6,https://www.leccotrasporti.it/percorsi/estivo/linea-d170.pdf,87ab0fe1f2c68a38f8e54fd911f0ef38c9b29a22b3d875e34e4209a1a922f63b,SCHEDULED_PUBLISHED_TIME_NOT_OBSERVED_RUNTIME,RECONSTRUCTED_FROM_OFFICIAL_PRIMARY_TIMETABLE,,,NO_HISTORICAL_GTFS_NAME_MATCH,NO_RESOLVED_GTFS_IDENTITY
PDF20260903:D170:P03:C06,D170,5,14,MERATE VIA DE GASPERI,08:31,511,True,VIMERCATE,MONTEVECCHIA,3,6,https://www.leccotrasporti.it/percorsi/estivo/linea-d170.pdf,87ab0fe1f2c68a38f8e54fd911f0ef38c9b29a22b3d875e34e4209a1a922f63b,SCHEDULED_PUBLISHED_TIME_NOT_OBSERVED_RUNTIME,RECONSTRUCTED_FROM_OFFICIAL_PRIMARY_TIMETABLE,L00290,,RESOLVED_BEST_SEQUENCE_UNIQUE,GTFS_IDENTIFIED_NOT_IN_V1_STOP_UNIVERSE
PDF20260903:D170:P03:C06,D170,6,15,MERATE GARAGE S. CARLO,08:32,512,True,VIMERCATE,MONTEVECCHIA,3,6,https://www.leccotrasporti.it/percorsi/estivo/linea-d170.pdf,87ab0fe1f2c68a38f8e54fd911f0ef38c9b29a22b3d875e34e4209a1a922f63b,SCHEDULED_PUBLISHED_TIME_NOT_OBSERVED_RUNTIME,RECONSTRUCTED_FROM_OFFICIAL_PRIMARY_TIMETABLE,,,AMBIGUOUS_HISTORICAL_GTFS,NO_RESOLVED_GTFS_IDENTITY
PDF20260903:D170:P03:C06,D170,7,16,MERATE V.LE VERDI,08:33,513,True,VIMERCATE,MONTEVECCHIA,3,6,https://www.leccotrasporti.it/percorsi/estivo/linea-d170.pdf,87ab0fe1f2c68a38f8e54fd911f0ef38c9b29a22b3d875e34e4209a1a922f63b,SCHEDULED_PUBLISHED_TIME_NOT_OBSERVED_RUNTIME,RECONSTRUCTED_FROM_OFFICIAL_PRIMARY_TIMETABLE,,,AMBIGUOUS_HISTORICAL_GTFS,NO_RESOLVED_GTFS_IDENTITY
PDF20260903:D170:P03:C06,D170,8,17,CERNUSCO F.S. (terminal),08:41,521,True,VIMERCATE,MONTEVECCHIA,3,6,https://www.leccotrasporti.it/percorsi/estivo/linea-d170.pdf,87ab0fe1f2c68a38f8e54fd911f0ef38c9b29a22b3d875e34e4209a1a922f63b,SCHEDULED_PUBLISHED_TIME_NOT_OBSERVED_RUNTIME,RECONSTRUCTED_FROM_OFFICIAL_PRIMARY_TIMETABLE,,,NO_HISTORICAL_GTFS_NAME_MATCH,NO_RESOLVED_GTFS_IDENTITY
PDF20260903:D170:P03:C06,D170,9,28,CERNUSCO Paravino,08:45,525,True,VIMERCATE,MONTEVECCHIA,3,6,https://www.leccotrasporti.it/percorsi/estivo/linea-d170.pdf,87ab0fe1f2c68a38f8e54fd911f0ef38c9b29a22b3d875e34e4209a1a922f63b,SCHEDULED_PUBLISHED_TIME_NOT_OBSERVED_RUNTIME,RECONSTRUCTED_FROM_OFFICIAL_PRIMARY_TIMETABLE,,,AMBIGUOUS_HISTORICAL_GTFS,NO_RESOLVED_GTFS_IDENTITY
PDF20260903:D170:P03:C06,D170,10,29,MONTEVECCHIA intersezione Pertevano,08:46,526,True,VIMERCATE,MONTEVECCHIA,3,6,https://www.leccotrasporti.it/percorsi/estivo/linea-d170.pdf,87ab0fe1f2c68a38f8e54fd911f0ef38c9b29a22b3d875e34e4209a1a922f63b,SCHEDULED_PUBLISHED_TIME_NOT_OBSERVED_RUNTIME,RECONSTRUCTED_FROM_OFFICIAL_PRIMARY_TIMETABLE,,,NO_HISTORICAL_GTFS_NAME_MATCH,NO_RESOLVED_GTFS_IDENTITY
PDF20260903:D170:P03:C06,D170,11,30,MONTEVECCHIA Semaforo quattro strade,08:47,527,True,VIMERCATE,MONTEVECCHIA,3,6,https://www.leccotrasporti.it/percorsi/estivo/linea-d170.pdf,87ab0fe1f2c68a38f8e54fd911f0ef38c9b29a22b3d875e34e4209a1a922f63b,SCHEDULED_PUBLISHED_TIME_NOT_OBSERVED_RUNTIME,RECONSTRUCTED_FROM_OFFICIAL_PRIMARY_TIMETABLE,,,AMBIGUOUS_HISTORICAL_GTFS,NO_RESOLVED_GTFS_IDENTITY
PDF20260903:D170:P03:C06,D170,12,31,MONTEVECCHIA (Chiesa),08:50,530,True,VIMERCATE,MONTEVECCHIA,3,6,https://www.leccotrasporti.it/percorsi/estivo/linea-d170.pdf,87ab0fe1f2c68a38f8e54fd911f0ef38c9b29a22b3d875e34e4209a1a922f63b,SCHEDULED_PUBLISHED_TIME_NOT_OBSERVED_RUNTIME,RECONSTRUCTED_FROM_OFFICIAL_PRIMARY_TIMETABLE,,,AMBIGUOUS_HISTORICAL_GTFS,NO_RESOLVED_GTFS_IDENTITY
PDF20260903:D170:P03:C06,D170,13,32,MONTEVECCHIA Parcheggio Alta Collina,08:53,533,True,VIMERCATE,MONTEVECCHIA,3,6,https://www.leccotrasporti.it/percorsi/estivo/linea-d170.pdf,87ab0fe1f2c68a38f8e54fd911f0ef38c9b29a22b3d875e34e4209a1a922f63b,SCHEDULED_PUBLISHED_TIME_NOT_OBSERVED_RUNTIME,RECONSTRUCTED_FROM_OFFICIAL_PRIMARY_TIMETABLE,,,NO_HISTORICAL_GTFS_NAME_MATCH,NO_RESOLVED_GTFS_IDENTITY
PDF20260903:D170:P03:C07,D170,1,1,CARNATE F.S.,08:35,515,True,VIMERCATE,MONTEVECCHIA,3,7,https://www.leccotrasporti.it/percorsi/estivo/linea-d170.pdf,87ab0fe1f2c68a38f8e54fd911f0ef38c9b29a22b3d875e34e4209a1a922f63b,SCHEDULED_PUBLISHED_TIME_NOT_OBSERVED_RUNTIME,RECONSTRUCTED_FROM_OFFICIAL_PRIMARY_TIMETABLE,,,AMBIGUOUS_HISTORICAL_GTFS,NO_RESOLVED_GTFS_IDENTITY
PDF20260903:D170:P03:C07,D170,2,2,RONCO BRIANTINO,08:44,524,True,VIMERCATE,MONTEVECCHIA,3,7,https://www.leccotrasporti.it/percorsi/estivo/linea-d170.pdf,87ab0fe1f2c68a38f8e54fd911f0ef38c9b29a22b3d875e34e4209a1a922f63b,SCHEDULED_PUBLISHED_TIME_NOT_OBSERVED_RUNTIME,RECONSTRUCTED_FROM_OFFICIAL_PRIMARY_TIMETABLE,,,AMBIGUOUS_HISTORICAL_GTFS,NO_RESOLVED_GTFS_IDENTITY
PDF20260903:D170:P03:C07,D170,3,5,VERDERIO INFERIORE,08:51,531,True,VIMERCATE,MONTEVECCHIA,3,7,https://www.leccotrasporti.it/percorsi/estivo/linea-d170.pdf,87ab0fe1f2c68a38f8e54fd911f0ef38c9b29a22b3d875e34e4209a1a922f63b,SCHEDULED_PUBLISHED_TIME_NOT_OBSERVED_RUNTIME,RECONSTRUCTED_FROM_OFFICIAL_PRIMARY_TIMETABLE,,,AMBIGUOUS_HISTORICAL_GTFS,NO_RESOLVED_GTFS_IDENTITY
PDF20260903:D170:P03:C07,D170,4,6,VERDERIO SUPERIORE,08:53,533,True,VIMERCATE,MONTEVECCHIA,3,7,https://www.leccotrasporti.it/percorsi/estivo/linea-d170.pdf,87ab0fe1f2c68a38f8e54fd911f0ef38c9b29a22b3d875e34e4209a1a922f63b,SCHEDULED_PUBLISHED_TIME_NOT_OBSERVED_RUNTIME,RECONSTRUCTED_FROM_OFFICIAL_PRIMARY_TIMETABLE,L00765,,RESOLVED_BEST_SEQUENCE_UNIQUE,GTFS_IDENTIFIED_NOT_IN_V1_STOP_UNIVERSE
PDF20260903:D170:P03:C07,D170,5,7,PADERNO F.S.,08:55,535,True,VIMERCATE,MONTEVECCHIA,3,7,https://www.leccotrasporti.it/percorsi/estivo/linea-d170.pdf,87ab0fe1f2c68a38f8e54fd911f0ef38c9b29a22b3d875e34e4209a1a922f63b,SCHEDULED_PUBLISHED_TIME_NOT_OBSERVED_RUNTIME,RECONSTRUCTED_FROM_OFFICIAL_PRIMARY_TIMETABLE,L00763,,RESOLVED_BEST_SEQUENCE_UNIQUE,GTFS_IDENTIFIED_NOT_IN_V1_STOP_UNIVERSE
PDF20260903:D170:P03:C07,D170,6,8,ROBBIATE (Via A.Moro),09:00,540,True,VIMERCATE,MONTEVECCHIA,3,7,https://www.leccotrasporti.it/percorsi/estivo/linea-d170.pdf,87ab0fe1f2c68a38f8e54fd911f0ef38c9b29a22b3d875e34e4209a1a922f63b,SCHEDULED_PUBLISHED_TIME_NOT_OBSERVED_RUNTIME,RECONSTRUCTED_FROM_OFFICIAL_PRIMARY_TIMETABLE,L00961,,RESOLVED_BEST_SEQUENCE_UNIQUE,GTFS_IDENTIFIED_NOT_IN_V1_STOP_UNIVERSE
PDF20260903:D170:P03:C07,D170,7,11,MERATE NOVATE (Ospedale),09:02,542,True,VIMERCATE,MONTEVECCHIA,3,7,https://www.leccotrasporti.it/percorsi/estivo/linea-d170.pdf,87ab0fe1f2c68a38f8e54fd911f0ef38c9b29a22b3d875e34e4209a1a922f63b,SCHEDULED_PUBLISHED_TIME_NOT_OBSERVED_RUNTIME,RECONSTRUCTED_FROM_OFFICIAL_PRIMARY_TIMETABLE,L00888,,RESOLVED_BEST_SEQUENCE_UNIQUE,GTFS_IDENTIFIED_NOT_IN_V1_STOP_UNIVERSE
PDF20260903:D170:P03:C07,D170,8,13,NOVATE Via De Gasperi (Scuole),09:03,543,True,VIMERCATE,MONTEVECCHIA,3,7,https://www.leccotrasporti.it/percorsi/estivo/linea-d170.pdf,87ab0fe1f2c68a38f8e54fd911f0ef38c9b29a22b3d875e34e4209a1a922f63b,SCHEDULED_PUBLISHED_TIME_NOT_OBSERVED_RUNTIME,RECONSTRUCTED_FROM_OFFICIAL_PRIMARY_TIMETABLE,,,NO_HISTORICAL_GTFS_NAME_MATCH,NO_RESOLVED_GTFS_IDENTITY
PDF20260903:D170:P03:C07,D170,9,14,MERATE VIA DE GASPERI,09:04,544,True,VIMERCATE,MONTEVECCHIA,3,7,https://www.leccotrasporti.it/percorsi/estivo/linea-d170.pdf,87ab0fe1f2c68a38f8e54fd911f0ef38c9b29a22b3d875e34e4209a1a922f63b,SCHEDULED_PUBLISHED_TIME_NOT_OBSERVED_RUNTIME,RECONSTRUCTED_FROM_OFFICIAL_PRIMARY_TIMETABLE,L00290,,RESOLVED_BEST_SEQUENCE_UNIQUE,GTFS_IDENTIFIED_NOT_IN_V1_STOP_UNIVERSE
PDF20260903:D170:P03:C07,D170,10,15,MERATE GARAGE S. CARLO,09:05,545,True,VIMERCATE,MONTEVECCHIA,3,7,https://www.leccotrasporti.it/percorsi/estivo/linea-d170.pdf,87ab0fe1f2c68a38f8e54fd911f0ef38c9b29a22b3d875e34e4209a1a922f63b,SCHEDULED_PUBLISHED_TIME_NOT_OBSERVED_RUNTIME,RECONSTRUCTED_FROM_OFFICIAL_PRIMARY_TIMETABLE,,,AMBIGUOUS_HISTORICAL_GTFS,NO_RESOLVED_GTFS_IDENTITY
PDF20260903:D170:P03:C07,D170,11,16,MERATE V.LE VERDI,09:06,546,True,VIMERCATE,MONTEVECCHIA,3,7,https://www.leccotrasporti.it/percorsi/estivo/linea-d170.pdf,87ab0fe1f2c68a38f8e54fd911f0ef38c9b29a22b3d875e34e4209a1a922f63b,SCHEDULED_PUBLISHED_TIME_NOT_OBSERVED_RUNTIME,RECONSTRUCTED_FROM_OFFICIAL_PRIMARY_TIMETABLE,,,AMBIGUOUS_HISTORICAL_GTFS,NO_RESOLVED_GTFS_IDENTITY
PDF20260903:D170:P03:C07,D170,12,17,CERNUSCO F.S. (terminal),09:14,554,True,VIMERCATE,MONTEVECCHIA,3,7,https://www.leccotrasporti.it/percorsi/estivo/linea-d170.pdf,87ab0fe1f2c68a38f8e54fd911f0ef38c9b29a22b3d875e34e4209a1a922f63b,SCHEDULED_PUBLISHED_TIME_NOT_OBSERVED_RUNTIME,RECONSTRUCTED_FROM_OFFICIAL_PRIMARY_TIMETABLE,,,NO_HISTORICAL_GTFS_NAME_MATCH,NO_RESOLVED_GTFS_IDENTITY
PDF20260903:D170:P03:C08,D170,1,10,MERATE BRUGAROLO,09:40,580,True,VIMERCATE,MONTEVECCHIA,3,8,https://www.leccotrasporti.it/percorsi/estivo/linea-d170.pdf,87ab0fe1f2c68a38f8e54fd911f0ef38c9b29a22b3d875e34e4209a1a922f63b,SCHEDULED_PUBLISHED_TIME_NOT_OBSERVED_RUNTIME,RECONSTRUCTED_FROM_OFFICIAL_PRIMARY_TIMETABLE,,,AMBIGUOUS_HISTORICAL_GTFS,NO_RESOLVED_GTFS_IDENTITY
PDF20260903:D170:P03:C08,D170,2,11,MERATE NOVATE (Ospedale),09:47,587,True,VIMERCATE,MONTEVECCHIA,3,8,https://www.leccotrasporti.it/percorsi/estivo/linea-d170.pdf,87ab0fe1f2c68a38f8e54fd911f0ef38c9b29a22b3d875e34e4209a1a922f63b,SCHEDULED_PUBLISHED_TIME_NOT_OBSERVED_RUNTIME,RECONSTRUCTED_FROM_OFFICIAL_PRIMARY_TIMETABLE,L00888,,RESOLVED_BEST_SEQUENCE_UNIQUE,GTFS_IDENTIFIED_NOT_IN_V1_STOP_UNIVERSE
PDF20260903:D170:P03:C08,D170,3,13,NOVATE Via De Gasperi (Scuole),09:48,588,True,VIMERCATE,MONTEVECCHIA,3,8,https://www.leccotrasporti.it/percorsi/estivo/linea-d170.pdf,87ab0fe1f2c68a38f8e54fd911f0ef38c9b29a22b3d875e34e4209a1a922f63b,SCHEDULED_PUBLISHED_TIME_NOT_OBSERVED_RUNTIME,RECONSTRUCTED_FROM_OFFICIAL_PRIMARY_TIMETABLE,,,NO_HISTORICAL_GTFS_NAME_MATCH,NO_RESOLVED_GTFS_IDENTITY
PDF20260903:D170:P03:C08,D170,4,14,MERATE VIA DE GASPERI,09:49,589,True,VIMERCATE,MONTEVECCHIA,3,8,https://www.leccotrasporti.it/percorsi/estivo/linea-d170.pdf,87ab0fe1f2c68a38f8e54fd911f0ef38c9b29a22b3d875e34e4209a1a922f63b,SCHEDULED_PUBLISHED_TIME_NOT_OBSERVED_RUNTIME,RECONSTRUCTED_FROM_OFFICIAL_PRIMARY_TIMETABLE,L00290,,RESOLVED_BEST_SEQUENCE_UNIQUE,GTFS_IDENTIFIED_NOT_IN_V1_STOP_UNIVERSE
PDF20260903:D170:P03:C08,D170,5,15,MERATE GARAGE S. CARLO,09:50,590,True,VIMERCATE,MONTEVECCHIA,3,8,https://www.leccotrasporti.it/percorsi/estivo/linea-d170.pdf,87ab0fe1f2c68a38f8e54fd911f0ef38c9b29a22b3d875e34e4209a1a922f63b,SCHEDULED_PUBLISHED_TIME_NOT_OBSERVED_RUNTIME,RECONSTRUCTED_FROM_OFFICIAL_PRIMARY_TIMETABLE,,,AMBIGUOUS_HISTORICAL_GTFS,NO_RESOLVED_GTFS_IDENTITY
PDF20260903:D170:P03:C08,D170,6,16,MERATE V.LE VERDI,09:51,591,True,VIMERCATE,MONTEVECCHIA,3,8,https://www.leccotrasporti.it/percorsi/estivo/linea-d170.pdf,87ab0fe1f2c68a38f8e54fd911f0ef38c9b29a22b3d875e34e4209a1a922f63b,SCHEDULED_PUBLISHED_TIME_NOT_OBSERVED_RUNTIME,RECONSTRUCTED_FROM_OFFICIAL_PRIMARY_TIMETABLE,,,AMBIGUOUS_HISTORICAL_GTFS,NO_RESOLVED_GTFS_IDENTITY
PDF20260903:D170:P03:C08,D170,7,17,CERNUSCO F.S. (terminal),09:59,599,True,VIMERCATE,MONTEVECCHIA,3,8,https://www.leccotrasporti.it/percorsi/estivo/linea-d170.pdf,87ab0fe1f2c68a38f8e54fd911f0ef38c9b29a22b3d875e34e4209a1a922f63b,SCHEDULED_PUBLISHED_TIME_NOT_OBSERVED_RUNTIME,RECONSTRUCTED_FROM_OFFICIAL_PRIMARY_TIMETABLE,,,NO_HISTORICAL_GTFS_NAME_MATCH,NO_RESOLVED_GTFS_IDENTITY
PDF20260903:D170:P03:C09,D170,1,7,PADERNO F.S.,10:00,600,True,VIMERCATE,MONTEVECCHIA,3,9,https://www.leccotrasporti.it/percorsi/estivo/linea-d170.pdf,87ab0fe1f2c68a38f8e54fd911f0ef38c9b29a22b3d875e34e4209a1a922f63b,SCHEDULED_PUBLISHED_TIME_NOT_OBSERVED_RUNTIME,RECONSTRUCTED_FROM_OFFICIAL_PRIMARY_TIMETABLE,L00763,,RESOLVED_BEST_SEQUENCE_UNIQUE,GTFS_IDENTIFIED_NOT_IN_V1_STOP_UNIVERSE
PDF20260903:D170:P03:C09,D170,2,8,ROBBIATE (Via A.Moro),10:05,605,True,VIMERCATE,MONTEVECCHIA,3,9,https://www.leccotrasporti.it/percorsi/estivo/linea-d170.pdf,87ab0fe1f2c68a38f8e54fd911f0ef38c9b29a22b3d875e34e4209a1a922f63b,SCHEDULED_PUBLISHED_TIME_NOT_OBSERVED_RUNTIME,RECONSTRUCTED_FROM_OFFICIAL_PRIMARY_TIMETABLE,L00961,,RESOLVED_BEST_SEQUENCE_UNIQUE,GTFS_IDENTIFIED_NOT_IN_V1_STOP_UNIVERSE
PDF20260903:D170:P03:C09,D170,3,26,IMBERSAGO,10:10,610,True,VIMERCATE,MONTEVECCHIA,3,9,https://www.leccotrasporti.it/percorsi/estivo/linea-d170.pdf,87ab0fe1f2c68a38f8e54fd911f0ef38c9b29a22b3d875e34e4209a1a922f63b,SCHEDULED_PUBLISHED_TIME_NOT_OBSERVED_RUNTIME,RECONSTRUCTED_FROM_OFFICIAL_PRIMARY_TIMETABLE,,,AMBIGUOUS_HISTORICAL_GTFS,NO_RESOLVED_GTFS_IDENTITY
PDF20260903:D170:P03:C09,D170,4,27,ARLATE,10:14,614,True,VIMERCATE,MONTEVECCHIA,3,9,https://www.leccotrasporti.it/percorsi/estivo/linea-d170.pdf,87ab0fe1f2c68a38f8e54fd911f0ef38c9b29a22b3d875e34e4209a1a922f63b,SCHEDULED_PUBLISHED_TIME_NOT_OBSERVED_RUNTIME,RECONSTRUCTED_FROM_OFFICIAL_PRIMARY_TIMETABLE,,,AMBIGUOUS_HISTORICAL_GTFS,NO_RESOLVED_GTFS_IDENTITY
PDF20260903:D170:P03:C10,D170,1,7,PADERNO F.S.,10:30,630,True,VIMERCATE,MONTEVECCHIA,3,10,https://www.leccotrasporti.it/percorsi/estivo/linea-d170.pdf,87ab0fe1f2c68a38f8e54fd911f0ef38c9b29a22b3d875e34e4209a1a922f63b,SCHEDULED_PUBLISHED_TIME_NOT_OBSERVED_RUNTIME,RECONSTRUCTED_FROM_OFFICIAL_PRIMARY_TIMETABLE,L00763,,RESOLVED_BEST_SEQUENCE_UNIQUE,GTFS_IDENTIFIED_NOT_IN_V1_STOP_UNIVERSE
PDF20260903:D170:P03:C10,D170,2,8,ROBBIATE (Via A.Moro),10:35,635,True,VIMERCATE,MONTEVECCHIA,3,10,https://www.leccotrasporti.it/percorsi/estivo/linea-d170.pdf,87ab0fe1f2c68a38f8e54fd911f0ef38c9b29a22b3d875e34e4209a1a922f63b,SCHEDULED_PUBLISHED_TIME_NOT_OBSERVED_RUNTIME,RECONSTRUCTED_FROM_OFFICIAL_PRIMARY_TIMETABLE,L00961,,RESOLVED_BEST_SEQUENCE_UNIQUE,GTFS_IDENTIFIED_NOT_IN_V1_STOP_UNIVERSE
PDF20260903:D170:P03:C10,D170,3,11,MERATE NOVATE (Ospedale),10:37,637,True,VIMERCATE,MONTEVECCHIA,3,10,https://www.leccotrasporti.it/percorsi/estivo/linea-d170.pdf,87ab0fe1f2c68a38f8e54fd911f0ef38c9b29a22b3d875e34e4209a1a922f63b,SCHEDULED_PUBLISHED_TIME_NOT_OBSERVED_RUNTIME,RECONSTRUCTED_FROM_OFFICIAL_PRIMARY_TIMETABLE,L00888,,RESOLVED_BEST_SEQUENCE_UNIQUE,GTFS_IDENTIFIED_NOT_IN_V1_STOP_UNIVERSE
PDF20260903:D170:P03:C10,D170,4,13,NOVATE Via De Gasperi (Scuole),10:38,638,True,VIMERCATE,MONTEVECCHIA,3,10,https://www.leccotrasporti.it/percorsi/estivo/linea-d170.pdf,87ab0fe1f2c68a38f8e54fd911f0ef38c9b29a22b3d875e34e4209a1a922f63b,SCHEDULED_PUBLISHED_TIME_NOT_OBSERVED_RUNTIME,RECONSTRUCTED_FROM_OFFICIAL_PRIMARY_TIMETABLE,,,NO_HISTORICAL_GTFS_NAME_MATCH,NO_RESOLVED_GTFS_IDENTITY
PDF20260903:D170:P03:C10,D170,5,14,MERATE VIA DE GASPERI,10:39,639,True,VIMERCATE,MONTEVECCHIA,3,10,https://www.leccotrasporti.it/percorsi/estivo/linea-d170.pdf,87ab0fe1f2c68a38f8e54fd911f0ef38c9b29a22b3d875e34e4209a1a922f63b,SCHEDULED_PUBLISHED_TIME_NOT_OBSERVED_RUNTIME,RECONSTRUCTED_FROM_OFFICIAL_PRIMARY_TIMETABLE,L00290,,RESOLVED_BEST_SEQUENCE_UNIQUE,GTFS_IDENTIFIED_NOT_IN_V1_STOP_UNIVERSE
PDF20260903:D170:P03:C10,D170,6,15,MERATE GARAGE S. CARLO,10:40,640,True,VIMERCATE,MONTEVECCHIA,3,10,https://www.leccotrasporti.it/percorsi/estivo/linea-d170.pdf,87ab0fe1f2c68a38f8e54fd911f0ef38c9b29a22b3d875e34e4209a1a922f63b,SCHEDULED_PUBLISHED_TIME_NOT_OBSERVED_RUNTIME,RECONSTRUCTED_FROM_OFFICIAL_PRIMARY_TIMETABLE,,,AMBIGUOUS_HISTORICAL_GTFS,NO_RESOLVED_GTFS_IDENTITY
PDF20260903:D170:P03:C10,D170,7,16,MERATE V.LE VERDI,10:41,641,True,VIMERCATE,MONTEVECCHIA,3,10,https://www.leccotrasporti.it/percorsi/estivo/linea-d170.pdf,87ab0fe1f2c68a38f8e54fd911f0ef38c9b29a22b3d875e34e4209a1a922f63b,SCHEDULED_PUBLISHED_TIME_NOT_OBSERVED_RUNTIME,RECONSTRUCTED_FROM_OFFICIAL_PRIMARY_TIMETABLE,,,AMBIGUOUS_HISTORICAL_GTFS,NO_RESOLVED_GTFS_IDENTITY
PDF20260903:D170:P03:C10,D170,8,17,CERNUSCO F.S. (terminal),10:49,649,True,VIMERCATE,MONTEVECCHIA,3,10,https://www.leccotrasporti.it/percorsi/estivo/linea-d170.pdf,87ab0fe1f2c68a38f8e54fd911f0ef38c9b29a22b3d875e34e4209a1a922f63b,SCHEDULED_PUBLISHED_TIME_NOT_OBSERVED_RUNTIME,RECONSTRUCTED_FROM_OFFICIAL_PRIMARY_TIMETABLE,,,NO_HISTORICAL_GTFS_NAME_MATCH,NO_RESOLVED_GTFS_IDENTITY
PDF20260903:D170:P03:C11,D170,1,1,CARNATE F.S.,11:35,695,True,VIMERCATE,MONTEVECCHIA,3,11,https://www.leccotrasporti.it/percorsi/estivo/linea-d170.pdf,87ab0fe1f2c68a38f8e54fd911f0ef38c9b29a22b3d875e34e4209a1a922f63b,SCHEDULED_PUBLISHED_TIME_NOT_OBSERVED_RUNTIME,RECONSTRUCTED_FROM_OFFICIAL_PRIMARY_TIMETABLE,,,AMBIGUOUS_HISTORICAL_GTFS,NO_RESOLVED_GTFS_IDENTITY
PDF20260903:D170:P03:C11,D170,2,2,RONCO BRIANTINO,11:44,704,True,VIMERCATE,MONTEVECCHIA,3,11,https://www.leccotrasporti.it/percorsi/estivo/linea-d170.pdf,87ab0fe1f2c68a38f8e54fd911f0ef38c9b29a22b3d875e34e4209a1a922f63b,SCHEDULED_PUBLISHED_TIME_NOT_OBSERVED_RUNTIME,RECONSTRUCTED_FROM_OFFICIAL_PRIMARY_TIMETABLE,,,AMBIGUOUS_HISTORICAL_GTFS,NO_RESOLVED_GTFS_IDENTITY
PDF20260903:D170:P03:C11,D170,3,5,VERDERIO INFERIORE,11:51,711,True,VIMERCATE,MONTEVECCHIA,3,11,https://www.leccotrasporti.it/percorsi/estivo/linea-d170.pdf,87ab0fe1f2c68a38f8e54fd911f0ef38c9b29a22b3d875e34e4209a1a922f63b,SCHEDULED_PUBLISHED_TIME_NOT_OBSERVED_RUNTIME,RECONSTRUCTED_FROM_OFFICIAL_PRIMARY_TIMETABLE,,,AMBIGUOUS_HISTORICAL_GTFS,NO_RESOLVED_GTFS_IDENTITY
PDF20260903:D170:P03:C11,D170,4,6,VERDERIO SUPERIORE,11:53,713,True,VIMERCATE,MONTEVECCHIA,3,11,https://www.leccotrasporti.it/percorsi/estivo/linea-d170.pdf,87ab0fe1f2c68a38f8e54fd911f0ef38c9b29a22b3d875e34e4209a1a922f63b,SCHEDULED_PUBLISHED_TIME_NOT_OBSERVED_RUNTIME,RECONSTRUCTED_FROM_OFFICIAL_PRIMARY_TIMETABLE,L00765,,RESOLVED_BEST_SEQUENCE_UNIQUE,GTFS_IDENTIFIED_NOT_IN_V1_STOP_UNIVERSE
PDF20260903:D170:P03:C11,D170,5,7,PADERNO F.S.,11:55,715,True,VIMERCATE,MONTEVECCHIA,3,11,https://www.leccotrasporti.it/percorsi/estivo/linea-d170.pdf,87ab0fe1f2c68a38f8e54fd911f0ef38c9b29a22b3d875e34e4209a1a922f63b,SCHEDULED_PUBLISHED_TIME_NOT_OBSERVED_RUNTIME,RECONSTRUCTED_FROM_OFFICIAL_PRIMARY_TIMETABLE,L00763,,RESOLVED_BEST_SEQUENCE_UNIQUE,GTFS_IDENTIFIED_NOT_IN_V1_STOP_UNIVERSE
PDF20260903:D170:P03:C12,D170,1,7,PADERNO F.S.,12:00,720,True,VIMERCATE,MONTEVECCHIA,3,12,https://www.leccotrasporti.it/percorsi/estivo/linea-d170.pdf,87ab0fe1f2c68a38f8e54fd911f0ef38c9b29a22b3d875e34e4209a1a922f63b,SCHEDULED_PUBLISHED_TIME_NOT_OBSERVED_RUNTIME,RECONSTRUCTED_FROM_OFFICIAL_PRIMARY_TIMETABLE,L00763,,RESOLVED_BEST_SEQUENCE_UNIQUE,GTFS_IDENTIFIED_NOT_IN_V1_STOP_UNIVERSE
PDF20260903:D170:P03:C12,D170,2,8,ROBBIATE (Via A.Moro),12:05,725,True,VIMERCATE,MONTEVECCHIA,3,12,https://www.leccotrasporti.it/percorsi/estivo/linea-d170.pdf,87ab0fe1f2c68a38f8e54fd911f0ef38c9b29a22b3d875e34e4209a1a922f63b,SCHEDULED_PUBLISHED_TIME_NOT_OBSERVED_RUNTIME,RECONSTRUCTED_FROM_OFFICIAL_PRIMARY_TIMETABLE,L00961,,RESOLVED_BEST_SEQUENCE_UNIQUE,GTFS_IDENTIFIED_NOT_IN_V1_STOP_UNIVERSE
PDF20260903:D170:P03:C12,D170,3,11,MERATE NOVATE (Ospedale),12:07,727,True,VIMERCATE,MONTEVECCHIA,3,12,https://www.leccotrasporti.it/percorsi/estivo/linea-d170.pdf,87ab0fe1f2c68a38f8e54fd911f0ef38c9b29a22b3d875e34e4209a1a922f63b,SCHEDULED_PUBLISHED_TIME_NOT_OBSERVED_RUNTIME,RECONSTRUCTED_FROM_OFFICIAL_PRIMARY_TIMETABLE,L00888,,RESOLVED_BEST_SEQUENCE_UNIQUE,GTFS_IDENTIFIED_NOT_IN_V1_STOP_UNIVERSE
PDF20260903:D170:P03:C12,D170,4,13,NOVATE Via De Gasperi (Scuole),12:08,728,True,VIMERCATE,MONTEVECCHIA,3,12,https://www.leccotrasporti.it/percorsi/estivo/linea-d170.pdf,87ab0fe1f2c68a38f8e54fd911f0ef38c9b29a22b3d875e34e4209a1a922f63b,SCHEDULED_PUBLISHED_TIME_NOT_OBSERVED_RUNTIME,RECONSTRUCTED_FROM_OFFICIAL_PRIMARY_TIMETABLE,,,NO_HISTORICAL_GTFS_NAME_MATCH,NO_RESOLVED_GTFS_IDENTITY
PDF20260903:D170:P03:C12,D170,5,14,MERATE VIA DE GASPERI,12:09,729,True,VIMERCATE,MONTEVECCHIA,3,12,https://www.leccotrasporti.it/percorsi/estivo/linea-d170.pdf,87ab0fe1f2c68a38f8e54fd911f0ef38c9b29a22b3d875e34e4209a1a922f63b,SCHEDULED_PUBLISHED_TIME_NOT_OBSERVED_RUNTIME,RECONSTRUCTED_FROM_OFFICIAL_PRIMARY_TIMETABLE,L00290,,RESOLVED_BEST_SEQUENCE_UNIQUE,GTFS_IDENTIFIED_NOT_IN_V1_STOP_UNIVERSE
PDF20260903:D170:P03:C12,D170,6,15,MERATE GARAGE S. CARLO,12:10,730,True,VIMERCATE,MONTEVECCHIA,3,12,https://www.leccotrasporti.it/percorsi/estivo/linea-d170.pdf,87ab0fe1f2c68a38f8e54fd911f0ef38c9b29a22b3d875e34e4209a1a922f63b,SCHEDULED_PUBLISHED_TIME_NOT_OBSERVED_RUNTIME,RECONSTRUCTED_FROM_OFFICIAL_PRIMARY_TIMETABLE,,,AMBIGUOUS_HISTORICAL_GTFS,NO_RESOLVED_GTFS_IDENTITY
PDF20260903:D170:P03:C12,D170,7,16,MERATE V.LE VERDI,12:11,731,True,VIMERCATE,MONTEVECCHIA,3,12,https://www.leccotrasporti.it/percorsi/estivo/linea-d170.pdf,87ab0fe1f2c68a38f8e54fd911f0ef38c9b29a22b3d875e34e4209a1a922f63b,SCHEDULED_PUBLISHED_TIME_NOT_OBSERVED_RUNTIME,RECONSTRUCTED_FROM_OFFICIAL_PRIMARY_TIMETABLE,,,AMBIGUOUS_HISTORICAL_GTFS,NO_RESOLVED_GTFS_IDENTITY
PDF20260903:D170:P03:C12,D170,8,17,CERNUSCO F.S. (terminal),12:19,739,True,VIMERCATE,MONTEVECCHIA,3,12,https://www.leccotrasporti.it/percorsi/estivo/linea-d170.pdf,87ab0fe1f2c68a38f8e54fd911f0ef38c9b29a22b3d875e34e4209a1a922f63b,SCHEDULED_PUBLISHED_TIME_NOT_OBSERVED_RUNTIME,RECONSTRUCTED_FROM_OFFICIAL_PRIMARY_TIMETABLE,,,NO_HISTORICAL_GTFS_NAME_MATCH,NO_RESOLVED_GTFS_IDENTITY
PDF20260903:D170:P03:C13,D170,1,1,CARNATE F.S.,12:30,750,True,VIMERCATE,MONTEVECCHIA,3,13,https://www.leccotrasporti.it/percorsi/estivo/linea-d170.pdf,87ab0fe1f2c68a38f8e54fd911f0ef38c9b29a22b3d875e34e4209a1a922f63b,SCHEDULED_PUBLISHED_TIME_NOT_OBSERVED_RUNTIME,RECONSTRUCTED_FROM_OFFICIAL_PRIMARY_TIMETABLE,,,AMBIGUOUS_HISTORICAL_GTFS,NO_RESOLVED_GTFS_IDENTITY
PDF20260903:D170:P03:C13,D170,2,2,RONCO BRIANTINO,12:39,759,True,VIMERCATE,MONTEVECCHIA,3,13,https://www.leccotrasporti.it/percorsi/estivo/linea-d170.pdf,87ab0fe1f2c68a38f8e54fd911f0ef38c9b29a22b3d875e34e4209a1a922f63b,SCHEDULED_PUBLISHED_TIME_NOT_OBSERVED_RUNTIME,RECONSTRUCTED_FROM_OFFICIAL_PRIMARY_TIMETABLE,,,AMBIGUOUS_HISTORICAL_GTFS,NO_RESOLVED_GTFS_IDENTITY
PDF20260903:D170:P03:C13,D170,3,5,VERDERIO INFERIORE,12:46,766,True,VIMERCATE,MONTEVECCHIA,3,13,https://www.leccotrasporti.it/percorsi/estivo/linea-d170.pdf,87ab0fe1f2c68a38f8e54fd911f0ef38c9b29a22b3d875e34e4209a1a922f63b,SCHEDULED_PUBLISHED_TIME_NOT_OBSERVED_RUNTIME,RECONSTRUCTED_FROM_OFFICIAL_PRIMARY_TIMETABLE,,,AMBIGUOUS_HISTORICAL_GTFS,NO_RESOLVED_GTFS_IDENTITY
PDF20260903:D170:P03:C13,D170,4,6,VERDERIO SUPERIORE,12:48,768,True,VIMERCATE,MONTEVECCHIA,3,13,https://www.leccotrasporti.it/percorsi/estivo/linea-d170.pdf,87ab0fe1f2c68a38f8e54fd911f0ef38c9b29a22b3d875e34e4209a1a922f63b,SCHEDULED_PUBLISHED_TIME_NOT_OBSERVED_RUNTIME,RECONSTRUCTED_FROM_OFFICIAL_PRIMARY_TIMETABLE,L00765,,RESOLVED_BEST_SEQUENCE_UNIQUE,GTFS_IDENTIFIED_NOT_IN_V1_STOP_UNIVERSE
PDF20260903:D170:P03:C13,D170,5,7,PADERNO F.S.,12:50,770,True,VIMERCATE,MONTEVECCHIA,3,13,https://www.leccotrasporti.it/percorsi/estivo/linea-d170.pdf,87ab0fe1f2c68a38f8e54fd911f0ef38c9b29a22b3d875e34e4209a1a922f63b,SCHEDULED_PUBLISHED_TIME_NOT_OBSERVED_RUNTIME,RECONSTRUCTED_FROM_OFFICIAL_PRIMARY_TIMETABLE,L00763,,RESOLVED_BEST_SEQUENCE_UNIQUE,GTFS_IDENTIFIED_NOT_IN_V1_STOP_UNIVERSE
PDF20260903:D170:P03:C13,D170,6,8,ROBBIATE (Via A.Moro),12:55,775,True,VIMERCATE,MONTEVECCHIA,3,13,https://www.leccotrasporti.it/percorsi/estivo/linea-d170.pdf,87ab0fe1f2c68a38f8e54fd911f0ef38c9b29a22b3d875e34e4209a1a922f63b,SCHEDULED_PUBLISHED_TIME_NOT_OBSERVED_RUNTIME,RECONSTRUCTED_FROM_OFFICIAL_PRIMARY_TIMETABLE,L00961,,RESOLVED_BEST_SEQUENCE_UNIQUE,GTFS_IDENTIFIED_NOT_IN_V1_STOP_UNIVERSE
PDF20260903:D170:P03:C13,D170,7,11,MERATE NOVATE (Ospedale),12:57,777,True,VIMERCATE,MONTEVECCHIA,3,13,https://www.leccotrasporti.it/percorsi/estivo/linea-d170.pdf,87ab0fe1f2c68a38f8e54fd911f0ef38c9b29a22b3d875e34e4209a1a922f63b,SCHEDULED_PUBLISHED_TIME_NOT_OBSERVED_RUNTIME,RECONSTRUCTED_FROM_OFFICIAL_PRIMARY_TIMETABLE,L00888,,RESOLVED_BEST_SEQUENCE_UNIQUE,GTFS_IDENTIFIED_NOT_IN_V1_STOP_UNIVERSE
PDF20260903:D170:P03:C13,D170,8,13,NOVATE Via De Gasperi (Scuole),12:58,778,True,VIMERCATE,MONTEVECCHIA,3,13,https://www.leccotrasporti.it/percorsi/estivo/linea-d170.pdf,87ab0fe1f2c68a38f8e54fd911f0ef38c9b29a22b3d875e34e4209a1a922f63b,SCHEDULED_PUBLISHED_TIME_NOT_OBSERVED_RUNTIME,RECONSTRUCTED_FROM_OFFICIAL_PRIMARY_TIMETABLE,,,NO_HISTORICAL_GTFS_NAME_MATCH,NO_RESOLVED_GTFS_IDENTITY
PDF20260903:D170:P03:C14,D170,1,12,NOVATE Via dei Lodovichi (Scuole),12:35,755,True,VIMERCATE,MONTEVECCHIA,3,14,https://www.leccotrasporti.it/percorsi/estivo/linea-d170.pdf,87ab0fe1f2c68a38f8e54fd911f0ef38c9b29a22b3d875e34e4209a1a922f63b,SCHEDULED_PUBLISHED_TIME_NOT_OBSERVED_RUNTIME,RECONSTRUCTED_FROM_OFFICIAL_PRIMARY_TIMETABLE,,,NO_HISTORICAL_GTFS_NAME_MATCH,NO_RESOLVED_GTFS_IDENTITY
PDF20260903:D170:P03:C14,D170,2,14,MERATE VIA DE GASPERI,12:36,756,True,VIMERCATE,MONTEVECCHIA,3,14,https://www.leccotrasporti.it/percorsi/estivo/linea-d170.pdf,87ab0fe1f2c68a38f8e54fd911f0ef38c9b29a22b3d875e34e4209a1a922f63b,SCHEDULED_PUBLISHED_TIME_NOT_OBSERVED_RUNTIME,RECONSTRUCTED_FROM_OFFICIAL_PRIMARY_TIMETABLE,L00290,,RESOLVED_BEST_SEQUENCE_UNIQUE,GTFS_IDENTIFIED_NOT_IN_V1_STOP_UNIVERSE
PDF20260903:D170:P03:C14,D170,3,15,MERATE GARAGE S. CARLO,12:37,757,True,VIMERCATE,MONTEVECCHIA,3,14,https://www.leccotrasporti.it/percorsi/estivo/linea-d170.pdf,87ab0fe1f2c68a38f8e54fd911f0ef38c9b29a22b3d875e34e4209a1a922f63b,SCHEDULED_PUBLISHED_TIME_NOT_OBSERVED_RUNTIME,RECONSTRUCTED_FROM_OFFICIAL_PRIMARY_TIMETABLE,,,AMBIGUOUS_HISTORICAL_GTFS,NO_RESOLVED_GTFS_IDENTITY
PDF20260903:D170:P03:C14,D170,4,20,MERATE P.ZZA ITALIA,12:38,758,True,VIMERCATE,MONTEVECCHIA,3,14,https://www.leccotrasporti.it/percorsi/estivo/linea-d170.pdf,87ab0fe1f2c68a38f8e54fd911f0ef38c9b29a22b3d875e34e4209a1a922f63b,SCHEDULED_PUBLISHED_TIME_NOT_OBSERVED_RUNTIME,RECONSTRUCTED_FROM_OFFICIAL_PRIMARY_TIMETABLE,,,AMBIGUOUS_HISTORICAL_GTFS,NO_RESOLVED_GTFS_IDENTITY
PDF20260903:D170:P03:C14,D170,5,21,PAGNANO,12:41,761,True,VIMERCATE,MONTEVECCHIA,3,14,https://www.leccotrasporti.it/percorsi/estivo/linea-d170.pdf,87ab0fe1f2c68a38f8e54fd911f0ef38c9b29a22b3d875e34e4209a1a922f63b,SCHEDULED_PUBLISHED_TIME_NOT_OBSERVED_RUNTIME,RECONSTRUCTED_FROM_OFFICIAL_PRIMARY_TIMETABLE,,,AMBIGUOUS_HISTORICAL_GTFS,NO_RESOLVED_GTFS_IDENTITY
PDF20260903:D170:P03:C14,D170,6,22,SARTIRANA (Lago),12:45,765,True,VIMERCATE,MONTEVECCHIA,3,14,https://www.leccotrasporti.it/percorsi/estivo/linea-d170.pdf,87ab0fe1f2c68a38f8e54fd911f0ef38c9b29a22b3d875e34e4209a1a922f63b,SCHEDULED_PUBLISHED_TIME_NOT_OBSERVED_RUNTIME,RECONSTRUCTED_FROM_OFFICIAL_PRIMARY_TIMETABLE,,,AMBIGUOUS_HISTORICAL_GTFS,NO_RESOLVED_GTFS_IDENTITY
PDF20260903:D170:P03:C14,D170,7,23,MERATE CASSINA,12:49,769,True,VIMERCATE,MONTEVECCHIA,3,14,https://www.leccotrasporti.it/percorsi/estivo/linea-d170.pdf,87ab0fe1f2c68a38f8e54fd911f0ef38c9b29a22b3d875e34e4209a1a922f63b,SCHEDULED_PUBLISHED_TIME_NOT_OBSERVED_RUNTIME,RECONSTRUCTED_FROM_OFFICIAL_PRIMARY_TIMETABLE,,,AMBIGUOUS_HISTORICAL_GTFS,NO_RESOLVED_GTFS_IDENTITY
PDF20260903:D170:P03:C14,D170,8,24,MERATE (OSSERVATORIO),12:51,771,True,VIMERCATE,MONTEVECCHIA,3,14,https://www.leccotrasporti.it/percorsi/estivo/linea-d170.pdf,87ab0fe1f2c68a38f8e54fd911f0ef38c9b29a22b3d875e34e4209a1a922f63b,SCHEDULED_PUBLISHED_TIME_NOT_OBSERVED_RUNTIME,RECONSTRUCTED_FROM_OFFICIAL_PRIMARY_TIMETABLE,,,AMBIGUOUS_HISTORICAL_GTFS,NO_RESOLVED_GTFS_IDENTITY
PDF20260903:D170:P03:C14,D170,9,25,MERATE SABBIONE,12:54,774,True,VIMERCATE,MONTEVECCHIA,3,14,https://www.leccotrasporti.it/percorsi/estivo/linea-d170.pdf,87ab0fe1f2c68a38f8e54fd911f0ef38c9b29a22b3d875e34e4209a1a922f63b,SCHEDULED_PUBLISHED_TIME_NOT_OBSERVED_RUNTIME,RECONSTRUCTED_FROM_OFFICIAL_PRIMARY_TIMETABLE,,,NO_HISTORICAL_GTFS_NAME_MATCH,NO_RESOLVED_GTFS_IDENTITY
PDF20260903:D170:P03:C14,D170,10,26,IMBERSAGO,12:56,776,True,VIMERCATE,MONTEVECCHIA,3,14,https://www.leccotrasporti.it/percorsi/estivo/linea-d170.pdf,87ab0fe1f2c68a38f8e54fd911f0ef38c9b29a22b3d875e34e4209a1a922f63b,SCHEDULED_PUBLISHED_TIME_NOT_OBSERVED_RUNTIME,RECONSTRUCTED_FROM_OFFICIAL_PRIMARY_TIMETABLE,,,AMBIGUOUS_HISTORICAL_GTFS,NO_RESOLVED_GTFS_IDENTITY
PDF20260903:D170:P03:C14,D170,11,27,ARLATE,12:59,779,True,VIMERCATE,MONTEVECCHIA,3,14,https://www.leccotrasporti.it/percorsi/estivo/linea-d170.pdf,87ab0fe1f2c68a38f8e54fd911f0ef38c9b29a22b3d875e34e4209a1a922f63b,SCHEDULED_PUBLISHED_TIME_NOT_OBSERVED_RUNTIME,RECONSTRUCTED_FROM_OFFICIAL_PRIMARY_TIMETABLE,,,AMBIGUOUS_HISTORICAL_GTFS,NO_RESOLVED_GTFS_IDENTITY
PDF20260903:D170:P03:C15,D170,1,7,PADERNO F.S.,13:17,797,True,VIMERCATE,MONTEVECCHIA,3,15,https://www.leccotrasporti.it/percorsi/estivo/linea-d170.pdf,87ab0fe1f2c68a38f8e54fd911f0ef38c9b29a22b3d875e34e4209a1a922f63b,SCHEDULED_PUBLISHED_TIME_NOT_OBSERVED_RUNTIME,RECONSTRUCTED_FROM_OFFICIAL_PRIMARY_TIMETABLE,L00763,,RESOLVED_BEST_SEQUENCE_UNIQUE,GTFS_IDENTIFIED_NOT_IN_V1_STOP_UNIVERSE
PDF20260903:D170:P03:C15,D170,2,8,ROBBIATE (Via A.Moro),13:22,802,True,VIMERCATE,MONTEVECCHIA,3,15,https://www.leccotrasporti.it/percorsi/estivo/linea-d170.pdf,87ab0fe1f2c68a38f8e54fd911f0ef38c9b29a22b3d875e34e4209a1a922f63b,SCHEDULED_PUBLISHED_TIME_NOT_OBSERVED_RUNTIME,RECONSTRUCTED_FROM_OFFICIAL_PRIMARY_TIMETABLE,L00961,,RESOLVED_BEST_SEQUENCE_UNIQUE,GTFS_IDENTIFIED_NOT_IN_V1_STOP_UNIVERSE
PDF20260903:D170:P03:C15,D170,3,11,MERATE NOVATE (Ospedale),13:24,804,True,VIMERCATE,MONTEVECCHIA,3,15,https://www.leccotrasporti.it/percorsi/estivo/linea-d170.pdf,87ab0fe1f2c68a38f8e54fd911f0ef38c9b29a22b3d875e34e4209a1a922f63b,SCHEDULED_PUBLISHED_TIME_NOT_OBSERVED_RUNTIME,RECONSTRUCTED_FROM_OFFICIAL_PRIMARY_TIMETABLE,L00888,,RESOLVED_BEST_SEQUENCE_UNIQUE,GTFS_IDENTIFIED_NOT_IN_V1_STOP_UNIVERSE
PDF20260903:D170:P03:C15,D170,4,13,NOVATE Via De Gasperi (Scuole),13:25,805,True,VIMERCATE,MONTEVECCHIA,3,15,https://www.leccotrasporti.it/percorsi/estivo/linea-d170.pdf,87ab0fe1f2c68a38f8e54fd911f0ef38c9b29a22b3d875e34e4209a1a922f63b,SCHEDULED_PUBLISHED_TIME_NOT_OBSERVED_RUNTIME,RECONSTRUCTED_FROM_OFFICIAL_PRIMARY_TIMETABLE,,,NO_HISTORICAL_GTFS_NAME_MATCH,NO_RESOLVED_GTFS_IDENTITY
PDF20260903:D170:P03:C16,D170,1,13,NOVATE Via De Gasperi (Scuole),13:25,805,True,VIMERCATE,MONTEVECCHIA,3,16,https://www.leccotrasporti.it/percorsi/estivo/linea-d170.pdf,87ab0fe1f2c68a38f8e54fd911f0ef38c9b29a22b3d875e34e4209a1a922f63b,SCHEDULED_PUBLISHED_TIME_NOT_OBSERVED_RUNTIME,RECONSTRUCTED_FROM_OFFICIAL_PRIMARY_TIMETABLE,,,NO_HISTORICAL_GTFS_NAME_MATCH,NO_RESOLVED_GTFS_IDENTITY
PDF20260903:D170:P03:C16,D170,2,14,MERATE VIA DE GASPERI,13:26,806,True,VIMERCATE,MONTEVECCHIA,3,16,https://www.leccotrasporti.it/percorsi/estivo/linea-d170.pdf,87ab0fe1f2c68a38f8e54fd911f0ef38c9b29a22b3d875e34e4209a1a922f63b,SCHEDULED_PUBLISHED_TIME_NOT_OBSERVED_RUNTIME,RECONSTRUCTED_FROM_OFFICIAL_PRIMARY_TIMETABLE,L00290,,RESOLVED_BEST_SEQUENCE_UNIQUE,GTFS_IDENTIFIED_NOT_IN_V1_STOP_UNIVERSE
PDF20260903:D170:P03:C16,D170,3,15,MERATE GARAGE S. CARLO,13:27,807,True,VIMERCATE,MONTEVECCHIA,3,16,https://www.leccotrasporti.it/percorsi/estivo/linea-d170.pdf,87ab0fe1f2c68a38f8e54fd911f0ef38c9b29a22b3d875e34e4209a1a922f63b,SCHEDULED_PUBLISHED_TIME_NOT_OBSERVED_RUNTIME,RECONSTRUCTED_FROM_OFFICIAL_PRIMARY_TIMETABLE,,,AMBIGUOUS_HISTORICAL_GTFS,NO_RESOLVED_GTFS_IDENTITY
PDF20260903:D170:P03:C16,D170,4,20,MERATE P.ZZA ITALIA,13:28,808,True,VIMERCATE,MONTEVECCHIA,3,16,https://www.leccotrasporti.it/percorsi/estivo/linea-d170.pdf,87ab0fe1f2c68a38f8e54fd911f0ef38c9b29a22b3d875e34e4209a1a922f63b,SCHEDULED_PUBLISHED_TIME_NOT_OBSERVED_RUNTIME,RECONSTRUCTED_FROM_OFFICIAL_PRIMARY_TIMETABLE,,,AMBIGUOUS_HISTORICAL_GTFS,NO_RESOLVED_GTFS_IDENTITY
PDF20260903:D170:P03:C16,D170,5,21,PAGNANO,13:31,811,True,VIMERCATE,MONTEVECCHIA,3,16,https://www.leccotrasporti.it/percorsi/estivo/linea-d170.pdf,87ab0fe1f2c68a38f8e54fd911f0ef38c9b29a22b3d875e34e4209a1a922f63b,SCHEDULED_PUBLISHED_TIME_NOT_OBSERVED_RUNTIME,RECONSTRUCTED_FROM_OFFICIAL_PRIMARY_TIMETABLE,,,AMBIGUOUS_HISTORICAL_GTFS,NO_RESOLVED_GTFS_IDENTITY
PDF20260903:D170:P03:C16,D170,6,22,SARTIRANA (Lago),13:35,815,True,VIMERCATE,MONTEVECCHIA,3,16,https://www.leccotrasporti.it/percorsi/estivo/linea-d170.pdf,87ab0fe1f2c68a38f8e54fd911f0ef38c9b29a22b3d875e34e4209a1a922f63b,SCHEDULED_PUBLISHED_TIME_NOT_OBSERVED_RUNTIME,RECONSTRUCTED_FROM_OFFICIAL_PRIMARY_TIMETABLE,,,AMBIGUOUS_HISTORICAL_GTFS,NO_RESOLVED_GTFS_IDENTITY
PDF20260903:D170:P03:C16,D170,7,23,MERATE CASSINA,13:39,819,True,VIMERCATE,MONTEVECCHIA,3,16,https://www.leccotrasporti.it/percorsi/estivo/linea-d170.pdf,87ab0fe1f2c68a38f8e54fd911f0ef38c9b29a22b3d875e34e4209a1a922f63b,SCHEDULED_PUBLISHED_TIME_NOT_OBSERVED_RUNTIME,RECONSTRUCTED_FROM_OFFICIAL_PRIMARY_TIMETABLE,,,AMBIGUOUS_HISTORICAL_GTFS,NO_RESOLVED_GTFS_IDENTITY
PDF20260903:D170:P03:C16,D170,8,24,MERATE (OSSERVATORIO),13:41,821,True,VIMERCATE,MONTEVECCHIA,3,16,https://www.leccotrasporti.it/percorsi/estivo/linea-d170.pdf,87ab0fe1f2c68a38f8e54fd911f0ef38c9b29a22b3d875e34e4209a1a922f63b,SCHEDULED_PUBLISHED_TIME_NOT_OBSERVED_RUNTIME,RECONSTRUCTED_FROM_OFFICIAL_PRIMARY_TIMETABLE,,,AMBIGUOUS_HISTORICAL_GTFS,NO_RESOLVED_GTFS_IDENTITY
PDF20260903:D170:P03:C16,D170,9,25,MERATE SABBIONE,13:44,824,True,VIMERCATE,MONTEVECCHIA,3,16,https://www.leccotrasporti.it/percorsi/estivo/linea-d170.pdf,87ab0fe1f2c68a38f8e54fd911f0ef38c9b29a22b3d875e34e4209a1a922f63b,SCHEDULED_PUBLISHED_TIME_NOT_OBSERVED_RUNTIME,RECONSTRUCTED_FROM_OFFICIAL_PRIMARY_TIMETABLE,,,NO_HISTORICAL_GTFS_NAME_MATCH,NO_RESOLVED_GTFS_IDENTITY
PDF20260903:D170:P03:C16,D170,10,26,IMBERSAGO,13:46,826,True,VIMERCATE,MONTEVECCHIA,3,16,https://www.leccotrasporti.it/percorsi/estivo/linea-d170.pdf,87ab0fe1f2c68a38f8e54fd911f0ef38c9b29a22b3d875e34e4209a1a922f63b,SCHEDULED_PUBLISHED_TIME_NOT_OBSERVED_RUNTIME,RECONSTRUCTED_FROM_OFFICIAL_PRIMARY_TIMETABLE,,,AMBIGUOUS_HISTORICAL_GTFS,NO_RESOLVED_GTFS_IDENTITY
PDF20260903:D170:P03:C16,D170,11,27,ARLATE,13:50,830,True,VIMERCATE,MONTEVECCHIA,3,16,https://www.leccotrasporti.it/percorsi/estivo/linea-d170.pdf,87ab0fe1f2c68a38f8e54fd911f0ef38c9b29a22b3d875e34e4209a1a922f63b,SCHEDULED_PUBLISHED_TIME_NOT_OBSERVED_RUNTIME,RECONSTRUCTED_FROM_OFFICIAL_PRIMARY_TIMETABLE,,,AMBIGUOUS_HISTORICAL_GTFS,NO_RESOLVED_GTFS_IDENTITY
PDF20260903:D170:P03:C17,D170,1,10,MERATE BRUGAROLO,13:35,815,True,VIMERCATE,MONTEVECCHIA,3,17,https://www.leccotrasporti.it/percorsi/estivo/linea-d170.pdf,87ab0fe1f2c68a38f8e54fd911f0ef38c9b29a22b3d875e34e4209a1a922f63b,SCHEDULED_PUBLISHED_TIME_NOT_OBSERVED_RUNTIME,RECONSTRUCTED_FROM_OFFICIAL_PRIMARY_TIMETABLE,,,AMBIGUOUS_HISTORICAL_GTFS,NO_RESOLVED_GTFS_IDENTITY
PDF20260903:D170:P03:C17,D170,2,15,MERATE GARAGE S. CARLO,13:36,816,True,VIMERCATE,MONTEVECCHIA,3,17,https://www.leccotrasporti.it/percorsi/estivo/linea-d170.pdf,87ab0fe1f2c68a38f8e54fd911f0ef38c9b29a22b3d875e34e4209a1a922f63b,SCHEDULED_PUBLISHED_TIME_NOT_OBSERVED_RUNTIME,RECONSTRUCTED_FROM_OFFICIAL_PRIMARY_TIMETABLE,,,AMBIGUOUS_HISTORICAL_GTFS,NO_RESOLVED_GTFS_IDENTITY
PDF20260903:D170:P03:C17,D170,3,16,MERATE V.LE VERDI,13:37,817,True,VIMERCATE,MONTEVECCHIA,3,17,https://www.leccotrasporti.it/percorsi/estivo/linea-d170.pdf,87ab0fe1f2c68a38f8e54fd911f0ef38c9b29a22b3d875e34e4209a1a922f63b,SCHEDULED_PUBLISHED_TIME_NOT_OBSERVED_RUNTIME,RECONSTRUCTED_FROM_OFFICIAL_PRIMARY_TIMETABLE,,,AMBIGUOUS_HISTORICAL_GTFS,NO_RESOLVED_GTFS_IDENTITY
PDF20260903:D170:P03:C17,D170,4,17,CERNUSCO F.S. (terminal),13:45,825,True,VIMERCATE,MONTEVECCHIA,3,17,https://www.leccotrasporti.it/percorsi/estivo/linea-d170.pdf,87ab0fe1f2c68a38f8e54fd911f0ef38c9b29a22b3d875e34e4209a1a922f63b,SCHEDULED_PUBLISHED_TIME_NOT_OBSERVED_RUNTIME,RECONSTRUCTED_FROM_OFFICIAL_PRIMARY_TIMETABLE,,,NO_HISTORICAL_GTFS_NAME_MATCH,NO_RESOLVED_GTFS_IDENTITY
PDF20260903:D170:P03:C18,D170,1,1,CARNATE F.S.,14:05,845,True,VIMERCATE,MONTEVECCHIA,3,18,https://www.leccotrasporti.it/percorsi/estivo/linea-d170.pdf,87ab0fe1f2c68a38f8e54fd911f0ef38c9b29a22b3d875e34e4209a1a922f63b,SCHEDULED_PUBLISHED_TIME_NOT_OBSERVED_RUNTIME,RECONSTRUCTED_FROM_OFFICIAL_PRIMARY_TIMETABLE,,,AMBIGUOUS_HISTORICAL_GTFS,NO_RESOLVED_GTFS_IDENTITY
PDF20260903:D170:P03:C18,D170,2,2,RONCO BRIANTINO,14:14,854,True,VIMERCATE,MONTEVECCHIA,3,18,https://www.leccotrasporti.it/percorsi/estivo/linea-d170.pdf,87ab0fe1f2c68a38f8e54fd911f0ef38c9b29a22b3d875e34e4209a1a922f63b,SCHEDULED_PUBLISHED_TIME_NOT_OBSERVED_RUNTIME,RECONSTRUCTED_FROM_OFFICIAL_PRIMARY_TIMETABLE,,,AMBIGUOUS_HISTORICAL_GTFS,NO_RESOLVED_GTFS_IDENTITY
PDF20260903:D170:P03:C18,D170,3,5,VERDERIO INFERIORE,14:21,861,True,VIMERCATE,MONTEVECCHIA,3,18,https://www.leccotrasporti.it/percorsi/estivo/linea-d170.pdf,87ab0fe1f2c68a38f8e54fd911f0ef38c9b29a22b3d875e34e4209a1a922f63b,SCHEDULED_PUBLISHED_TIME_NOT_OBSERVED_RUNTIME,RECONSTRUCTED_FROM_OFFICIAL_PRIMARY_TIMETABLE,,,AMBIGUOUS_HISTORICAL_GTFS,NO_RESOLVED_GTFS_IDENTITY
PDF20260903:D170:P03:C18,D170,4,6,VERDERIO SUPERIORE,14:23,863,True,VIMERCATE,MONTEVECCHIA,3,18,https://www.leccotrasporti.it/percorsi/estivo/linea-d170.pdf,87ab0fe1f2c68a38f8e54fd911f0ef38c9b29a22b3d875e34e4209a1a922f63b,SCHEDULED_PUBLISHED_TIME_NOT_OBSERVED_RUNTIME,RECONSTRUCTED_FROM_OFFICIAL_PRIMARY_TIMETABLE,L00765,,RESOLVED_BEST_SEQUENCE_UNIQUE,GTFS_IDENTIFIED_NOT_IN_V1_STOP_UNIVERSE
PDF20260903:D170:P03:C18,D170,5,7,PADERNO F.S.,14:25,865,True,VIMERCATE,MONTEVECCHIA,3,18,https://www.leccotrasporti.it/percorsi/estivo/linea-d170.pdf,87ab0fe1f2c68a38f8e54fd911f0ef38c9b29a22b3d875e34e4209a1a922f63b,SCHEDULED_PUBLISHED_TIME_NOT_OBSERVED_RUNTIME,RECONSTRUCTED_FROM_OFFICIAL_PRIMARY_TIMETABLE,L00763,,RESOLVED_BEST_SEQUENCE_UNIQUE,GTFS_IDENTIFIED_NOT_IN_V1_STOP_UNIVERSE
PDF20260903:D170:P03:C18,D170,6,8,ROBBIATE (Via A.Moro),14:30,870,True,VIMERCATE,MONTEVECCHIA,3,18,https://www.leccotrasporti.it/percorsi/estivo/linea-d170.pdf,87ab0fe1f2c68a38f8e54fd911f0ef38c9b29a22b3d875e34e4209a1a922f63b,SCHEDULED_PUBLISHED_TIME_NOT_OBSERVED_RUNTIME,RECONSTRUCTED_FROM_OFFICIAL_PRIMARY_TIMETABLE,L00961,,RESOLVED_BEST_SEQUENCE_UNIQUE,GTFS_IDENTIFIED_NOT_IN_V1_STOP_UNIVERSE
PDF20260903:D170:P03:C18,D170,7,11,MERATE NOVATE (Ospedale),14:32,872,True,VIMERCATE,MONTEVECCHIA,3,18,https://www.leccotrasporti.it/percorsi/estivo/linea-d170.pdf,87ab0fe1f2c68a38f8e54fd911f0ef38c9b29a22b3d875e34e4209a1a922f63b,SCHEDULED_PUBLISHED_TIME_NOT_OBSERVED_RUNTIME,RECONSTRUCTED_FROM_OFFICIAL_PRIMARY_TIMETABLE,L00888,,RESOLVED_BEST_SEQUENCE_UNIQUE,GTFS_IDENTIFIED_NOT_IN_V1_STOP_UNIVERSE
PDF20260903:D170:P03:C18,D170,8,13,NOVATE Via De Gasperi (Scuole),14:33,873,True,VIMERCATE,MONTEVECCHIA,3,18,https://www.leccotrasporti.it/percorsi/estivo/linea-d170.pdf,87ab0fe1f2c68a38f8e54fd911f0ef38c9b29a22b3d875e34e4209a1a922f63b,SCHEDULED_PUBLISHED_TIME_NOT_OBSERVED_RUNTIME,RECONSTRUCTED_FROM_OFFICIAL_PRIMARY_TIMETABLE,,,NO_HISTORICAL_GTFS_NAME_MATCH,NO_RESOLVED_GTFS_IDENTITY
PDF20260903:D170:P03:C18,D170,9,14,MERATE VIA DE GASPERI,14:34,874,True,VIMERCATE,MONTEVECCHIA,3,18,https://www.leccotrasporti.it/percorsi/estivo/linea-d170.pdf,87ab0fe1f2c68a38f8e54fd911f0ef38c9b29a22b3d875e34e4209a1a922f63b,SCHEDULED_PUBLISHED_TIME_NOT_OBSERVED_RUNTIME,RECONSTRUCTED_FROM_OFFICIAL_PRIMARY_TIMETABLE,L00290,,RESOLVED_BEST_SEQUENCE_UNIQUE,GTFS_IDENTIFIED_NOT_IN_V1_STOP_UNIVERSE
PDF20260903:D170:P03:C18,D170,10,15,MERATE GARAGE S. CARLO,14:35,875,True,VIMERCATE,MONTEVECCHIA,3,18,https://www.leccotrasporti.it/percorsi/estivo/linea-d170.pdf,87ab0fe1f2c68a38f8e54fd911f0ef38c9b29a22b3d875e34e4209a1a922f63b,SCHEDULED_PUBLISHED_TIME_NOT_OBSERVED_RUNTIME,RECONSTRUCTED_FROM_OFFICIAL_PRIMARY_TIMETABLE,,,AMBIGUOUS_HISTORICAL_GTFS,NO_RESOLVED_GTFS_IDENTITY
PDF20260903:D170:P03:C18,D170,11,16,MERATE V.LE VERDI,14:36,876,True,VIMERCATE,MONTEVECCHIA,3,18,https://www.leccotrasporti.it/percorsi/estivo/linea-d170.pdf,87ab0fe1f2c68a38f8e54fd911f0ef38c9b29a22b3d875e34e4209a1a922f63b,SCHEDULED_PUBLISHED_TIME_NOT_OBSERVED_RUNTIME,RECONSTRUCTED_FROM_OFFICIAL_PRIMARY_TIMETABLE,,,AMBIGUOUS_HISTORICAL_GTFS,NO_RESOLVED_GTFS_IDENTITY
PDF20260903:D170:P03:C18,D170,12,17,CERNUSCO F.S. (terminal),14:44,884,True,VIMERCATE,MONTEVECCHIA,3,18,https://www.leccotrasporti.it/percorsi/estivo/linea-d170.pdf,87ab0fe1f2c68a38f8e54fd911f0ef38c9b29a22b3d875e34e4209a1a922f63b,SCHEDULED_PUBLISHED_TIME_NOT_OBSERVED_RUNTIME,RECONSTRUCTED_FROM_OFFICIAL_PRIMARY_TIMETABLE,,,NO_HISTORICAL_GTFS_NAME_MATCH,NO_RESOLVED_GTFS_IDENTITY
PDF20260903:D170:P03:C19,D170,1,7,PADERNO F.S.,15:05,905,True,VIMERCATE,MONTEVECCHIA,3,19,https://www.leccotrasporti.it/percorsi/estivo/linea-d170.pdf,87ab0fe1f2c68a38f8e54fd911f0ef38c9b29a22b3d875e34e4209a1a922f63b,SCHEDULED_PUBLISHED_TIME_NOT_OBSERVED_RUNTIME,RECONSTRUCTED_FROM_OFFICIAL_PRIMARY_TIMETABLE,L00763,,RESOLVED_BEST_SEQUENCE_UNIQUE,GTFS_IDENTIFIED_NOT_IN_V1_STOP_UNIVERSE
PDF20260903:D170:P03:C19,D170,2,8,ROBBIATE (Via A.Moro),15:10,910,True,VIMERCATE,MONTEVECCHIA,3,19,https://www.leccotrasporti.it/percorsi/estivo/linea-d170.pdf,87ab0fe1f2c68a38f8e54fd911f0ef38c9b29a22b3d875e34e4209a1a922f63b,SCHEDULED_PUBLISHED_TIME_NOT_OBSERVED_RUNTIME,RECONSTRUCTED_FROM_OFFICIAL_PRIMARY_TIMETABLE,L00961,,RESOLVED_BEST_SEQUENCE_UNIQUE,GTFS_IDENTIFIED_NOT_IN_V1_STOP_UNIVERSE
PDF20260903:D170:P03:C19,D170,3,26,IMBERSAGO,15:15,915,True,VIMERCATE,MONTEVECCHIA,3,19,https://www.leccotrasporti.it/percorsi/estivo/linea-d170.pdf,87ab0fe1f2c68a38f8e54fd911f0ef38c9b29a22b3d875e34e4209a1a922f63b,SCHEDULED_PUBLISHED_TIME_NOT_OBSERVED_RUNTIME,RECONSTRUCTED_FROM_OFFICIAL_PRIMARY_TIMETABLE,,,AMBIGUOUS_HISTORICAL_GTFS,NO_RESOLVED_GTFS_IDENTITY
PDF20260903:D170:P03:C19,D170,4,27,ARLATE,15:19,919,True,VIMERCATE,MONTEVECCHIA,3,19,https://www.leccotrasporti.it/percorsi/estivo/linea-d170.pdf,87ab0fe1f2c68a38f8e54fd911f0ef38c9b29a22b3d875e34e4209a1a922f63b,SCHEDULED_PUBLISHED_TIME_NOT_OBSERVED_RUNTIME,RECONSTRUCTED_FROM_OFFICIAL_PRIMARY_TIMETABLE,,,AMBIGUOUS_HISTORICAL_GTFS,NO_RESOLVED_GTFS_IDENTITY
PDF20260903:D170:P03:C20,D170,1,7,PADERNO F.S.,15:05,905,False,VIMERCATE,MONTEVECCHIA,3,20,https://www.leccotrasporti.it/percorsi/estivo/linea-d170.pdf,87ab0fe1f2c68a38f8e54fd911f0ef38c9b29a22b3d875e34e4209a1a922f63b,SCHEDULED_PUBLISHED_TIME_NOT_OBSERVED_RUNTIME,RECONSTRUCTED_FROM_OFFICIAL_PRIMARY_TIMETABLE,L00763,,RESOLVED_BEST_SEQUENCE_UNIQUE,GTFS_IDENTIFIED_NOT_IN_V1_STOP_UNIVERSE
PDF20260903:D170:P03:C20,D170,2,8,ROBBIATE (Via A.Moro),15:10,910,False,VIMERCATE,MONTEVECCHIA,3,20,https://www.leccotrasporti.it/percorsi/estivo/linea-d170.pdf,87ab0fe1f2c68a38f8e54fd911f0ef38c9b29a22b3d875e34e4209a1a922f63b,SCHEDULED_PUBLISHED_TIME_NOT_OBSERVED_RUNTIME,RECONSTRUCTED_FROM_OFFICIAL_PRIMARY_TIMETABLE,L00961,,RESOLVED_BEST_SEQUENCE_UNIQUE,GTFS_IDENTIFIED_NOT_IN_V1_STOP_UNIVERSE
PDF20260903:D170:P03:C20,D170,3,11,MERATE NOVATE (Ospedale),15:12,912,False,VIMERCATE,MONTEVECCHIA,3,20,https://www.leccotrasporti.it/percorsi/estivo/linea-d170.pdf,87ab0fe1f2c68a38f8e54fd911f0ef38c9b29a22b3d875e34e4209a1a922f63b,SCHEDULED_PUBLISHED_TIME_NOT_OBSERVED_RUNTIME,RECONSTRUCTED_FROM_OFFICIAL_PRIMARY_TIMETABLE,L00888,,RESOLVED_BEST_SEQUENCE_UNIQUE,GTFS_IDENTIFIED_NOT_IN_V1_STOP_UNIVERSE
PDF20260903:D170:P03:C20,D170,4,13,NOVATE Via De Gasperi (Scuole),15:13,913,False,VIMERCATE,MONTEVECCHIA,3,20,https://www.leccotrasporti.it/percorsi/estivo/linea-d170.pdf,87ab0fe1f2c68a38f8e54fd911f0ef38c9b29a22b3d875e34e4209a1a922f63b,SCHEDULED_PUBLISHED_TIME_NOT_OBSERVED_RUNTIME,RECONSTRUCTED_FROM_OFFICIAL_PRIMARY_TIMETABLE,,,NO_HISTORICAL_GTFS_NAME_MATCH,NO_RESOLVED_GTFS_IDENTITY
PDF20260903:D170:P03:C20,D170,5,14,MERATE VIA DE GASPERI,15:14,914,False,VIMERCATE,MONTEVECCHIA,3,20,https://www.leccotrasporti.it/percorsi/estivo/linea-d170.pdf,87ab0fe1f2c68a38f8e54fd911f0ef38c9b29a22b3d875e34e4209a1a922f63b,SCHEDULED_PUBLISHED_TIME_NOT_OBSERVED_RUNTIME,RECONSTRUCTED_FROM_OFFICIAL_PRIMARY_TIMETABLE,L00290,,RESOLVED_BEST_SEQUENCE_UNIQUE,GTFS_IDENTIFIED_NOT_IN_V1_STOP_UNIVERSE
PDF20260903:D170:P03:C20,D170,6,15,MERATE GARAGE S. CARLO,15:15,915,False,VIMERCATE,MONTEVECCHIA,3,20,https://www.leccotrasporti.it/percorsi/estivo/linea-d170.pdf,87ab0fe1f2c68a38f8e54fd911f0ef38c9b29a22b3d875e34e4209a1a922f63b,SCHEDULED_PUBLISHED_TIME_NOT_OBSERVED_RUNTIME,RECONSTRUCTED_FROM_OFFICIAL_PRIMARY_TIMETABLE,,,AMBIGUOUS_HISTORICAL_GTFS,NO_RESOLVED_GTFS_IDENTITY
PDF20260903:D170:P03:C20,D170,7,16,MERATE V.LE VERDI,15:16,916,False,VIMERCATE,MONTEVECCHIA,3,20,https://www.leccotrasporti.it/percorsi/estivo/linea-d170.pdf,87ab0fe1f2c68a38f8e54fd911f0ef38c9b29a22b3d875e34e4209a1a922f63b,SCHEDULED_PUBLISHED_TIME_NOT_OBSERVED_RUNTIME,RECONSTRUCTED_FROM_OFFICIAL_PRIMARY_TIMETABLE,,,AMBIGUOUS_HISTORICAL_GTFS,NO_RESOLVED_GTFS_IDENTITY
PDF20260903:D170:P03:C20,D170,8,17,CERNUSCO F.S. (terminal),15:24,924,False,VIMERCATE,MONTEVECCHIA,3,20,https://www.leccotrasporti.it/percorsi/estivo/linea-d170.pdf,87ab0fe1f2c68a38f8e54fd911f0ef38c9b29a22b3d875e34e4209a1a922f63b,SCHEDULED_PUBLISHED_TIME_NOT_OBSERVED_RUNTIME,RECONSTRUCTED_FROM_OFFICIAL_PRIMARY_TIMETABLE,,,NO_HISTORICAL_GTFS_NAME_MATCH,NO_RESOLVED_GTFS_IDENTITY
PDF20260903:D170:P03:C21,D170,1,17,CERNUSCO F.S. (terminal),14:45,885,True,VIMERCATE,MONTEVECCHIA,3,21,https://www.leccotrasporti.it/percorsi/estivo/linea-d170.pdf,87ab0fe1f2c68a38f8e54fd911f0ef38c9b29a22b3d875e34e4209a1a922f63b,SCHEDULED_PUBLISHED_TIME_NOT_OBSERVED_RUNTIME,RECONSTRUCTED_FROM_OFFICIAL_PRIMARY_TIMETABLE,,,NO_HISTORICAL_GTFS_NAME_MATCH,NO_RESOLVED_GTFS_IDENTITY
PDF20260903:D170:P03:C21,D170,2,18,CERNUSCO F.S. (Via Volta),14:46,886,True,VIMERCATE,MONTEVECCHIA,3,21,https://www.leccotrasporti.it/percorsi/estivo/linea-d170.pdf,87ab0fe1f2c68a38f8e54fd911f0ef38c9b29a22b3d875e34e4209a1a922f63b,SCHEDULED_PUBLISHED_TIME_NOT_OBSERVED_RUNTIME,RECONSTRUCTED_FROM_OFFICIAL_PRIMARY_TIMETABLE,,,NO_HISTORICAL_GTFS_NAME_MATCH,NO_RESOLVED_GTFS_IDENTITY
PDF20260903:D170:P03:C21,D170,3,19,MERATE V.LE VERDI,14:51,891,True,VIMERCATE,MONTEVECCHIA,3,21,https://www.leccotrasporti.it/percorsi/estivo/linea-d170.pdf,87ab0fe1f2c68a38f8e54fd911f0ef38c9b29a22b3d875e34e4209a1a922f63b,SCHEDULED_PUBLISHED_TIME_NOT_OBSERVED_RUNTIME,RECONSTRUCTED_FROM_OFFICIAL_PRIMARY_TIMETABLE,,,AMBIGUOUS_HISTORICAL_GTFS,NO_RESOLVED_GTFS_IDENTITY
PDF20260903:D170:P03:C21,D170,4,20,MERATE P.ZZA ITALIA,14:53,893,True,VIMERCATE,MONTEVECCHIA,3,21,https://www.leccotrasporti.it/percorsi/estivo/linea-d170.pdf,87ab0fe1f2c68a38f8e54fd911f0ef38c9b29a22b3d875e34e4209a1a922f63b,SCHEDULED_PUBLISHED_TIME_NOT_OBSERVED_RUNTIME,RECONSTRUCTED_FROM_OFFICIAL_PRIMARY_TIMETABLE,,,AMBIGUOUS_HISTORICAL_GTFS,NO_RESOLVED_GTFS_IDENTITY
PDF20260903:D170:P03:C21,D170,5,21,PAGNANO,14:56,896,True,VIMERCATE,MONTEVECCHIA,3,21,https://www.leccotrasporti.it/percorsi/estivo/linea-d170.pdf,87ab0fe1f2c68a38f8e54fd911f0ef38c9b29a22b3d875e34e4209a1a922f63b,SCHEDULED_PUBLISHED_TIME_NOT_OBSERVED_RUNTIME,RECONSTRUCTED_FROM_OFFICIAL_PRIMARY_TIMETABLE,,,AMBIGUOUS_HISTORICAL_GTFS,NO_RESOLVED_GTFS_IDENTITY
PDF20260903:D170:P03:C21,D170,6,22,SARTIRANA (Lago),15:00,900,True,VIMERCATE,MONTEVECCHIA,3,21,https://www.leccotrasporti.it/percorsi/estivo/linea-d170.pdf,87ab0fe1f2c68a38f8e54fd911f0ef38c9b29a22b3d875e34e4209a1a922f63b,SCHEDULED_PUBLISHED_TIME_NOT_OBSERVED_RUNTIME,RECONSTRUCTED_FROM_OFFICIAL_PRIMARY_TIMETABLE,,,AMBIGUOUS_HISTORICAL_GTFS,NO_RESOLVED_GTFS_IDENTITY
PDF20260903:D170:P03:C21,D170,7,23,MERATE CASSINA,15:05,905,True,VIMERCATE,MONTEVECCHIA,3,21,https://www.leccotrasporti.it/percorsi/estivo/linea-d170.pdf,87ab0fe1f2c68a38f8e54fd911f0ef38c9b29a22b3d875e34e4209a1a922f63b,SCHEDULED_PUBLISHED_TIME_NOT_OBSERVED_RUNTIME,RECONSTRUCTED_FROM_OFFICIAL_PRIMARY_TIMETABLE,,,AMBIGUOUS_HISTORICAL_GTFS,NO_RESOLVED_GTFS_IDENTITY
PDF20260903:D170:P03:C21,D170,8,25,MERATE SABBIONE,15:08,908,True,VIMERCATE,MONTEVECCHIA,3,21,https://www.leccotrasporti.it/percorsi/estivo/linea-d170.pdf,87ab0fe1f2c68a38f8e54fd911f0ef38c9b29a22b3d875e34e4209a1a922f63b,SCHEDULED_PUBLISHED_TIME_NOT_OBSERVED_RUNTIME,RECONSTRUCTED_FROM_OFFICIAL_PRIMARY_TIMETABLE,,,NO_HISTORICAL_GTFS_NAME_MATCH,NO_RESOLVED_GTFS_IDENTITY
PDF20260903:D170:P03:C21,D170,9,26,IMBERSAGO,15:10,910,True,VIMERCATE,MONTEVECCHIA,3,21,https://www.leccotrasporti.it/percorsi/estivo/linea-d170.pdf,87ab0fe1f2c68a38f8e54fd911f0ef38c9b29a22b3d875e34e4209a1a922f63b,SCHEDULED_PUBLISHED_TIME_NOT_OBSERVED_RUNTIME,RECONSTRUCTED_FROM_OFFICIAL_PRIMARY_TIMETABLE,,,AMBIGUOUS_HISTORICAL_GTFS,NO_RESOLVED_GTFS_IDENTITY
PDF20260903:D170:P03:C21,D170,10,27,ARLATE,15:15,915,True,VIMERCATE,MONTEVECCHIA,3,21,https://www.leccotrasporti.it/percorsi/estivo/linea-d170.pdf,87ab0fe1f2c68a38f8e54fd911f0ef38c9b29a22b3d875e34e4209a1a922f63b,SCHEDULED_PUBLISHED_TIME_NOT_OBSERVED_RUNTIME,RECONSTRUCTED_FROM_OFFICIAL_PRIMARY_TIMETABLE,,,AMBIGUOUS_HISTORICAL_GTFS,NO_RESOLVED_GTFS_IDENTITY
PDF20260903:D170:P03:C22,D170,1,1,CARNATE F.S.,14:45,885,True,VIMERCATE,MONTEVECCHIA,3,22,https://www.leccotrasporti.it/percorsi/estivo/linea-d170.pdf,87ab0fe1f2c68a38f8e54fd911f0ef38c9b29a22b3d875e34e4209a1a922f63b,SCHEDULED_PUBLISHED_TIME_NOT_OBSERVED_RUNTIME,RECONSTRUCTED_FROM_OFFICIAL_PRIMARY_TIMETABLE,,,AMBIGUOUS_HISTORICAL_GTFS,NO_RESOLVED_GTFS_IDENTITY
PDF20260903:D170:P03:C22,D170,2,2,RONCO BRIANTINO,14:54,894,True,VIMERCATE,MONTEVECCHIA,3,22,https://www.leccotrasporti.it/percorsi/estivo/linea-d170.pdf,87ab0fe1f2c68a38f8e54fd911f0ef38c9b29a22b3d875e34e4209a1a922f63b,SCHEDULED_PUBLISHED_TIME_NOT_OBSERVED_RUNTIME,RECONSTRUCTED_FROM_OFFICIAL_PRIMARY_TIMETABLE,,,AMBIGUOUS_HISTORICAL_GTFS,NO_RESOLVED_GTFS_IDENTITY
PDF20260903:D170:P03:C22,D170,3,5,VERDERIO INFERIORE,15:01,901,True,VIMERCATE,MONTEVECCHIA,3,22,https://www.leccotrasporti.it/percorsi/estivo/linea-d170.pdf,87ab0fe1f2c68a38f8e54fd911f0ef38c9b29a22b3d875e34e4209a1a922f63b,SCHEDULED_PUBLISHED_TIME_NOT_OBSERVED_RUNTIME,RECONSTRUCTED_FROM_OFFICIAL_PRIMARY_TIMETABLE,,,AMBIGUOUS_HISTORICAL_GTFS,NO_RESOLVED_GTFS_IDENTITY
PDF20260903:D170:P03:C22,D170,4,6,VERDERIO SUPERIORE,15:03,903,True,VIMERCATE,MONTEVECCHIA,3,22,https://www.leccotrasporti.it/percorsi/estivo/linea-d170.pdf,87ab0fe1f2c68a38f8e54fd911f0ef38c9b29a22b3d875e34e4209a1a922f63b,SCHEDULED_PUBLISHED_TIME_NOT_OBSERVED_RUNTIME,RECONSTRUCTED_FROM_OFFICIAL_PRIMARY_TIMETABLE,L00765,,RESOLVED_BEST_SEQUENCE_UNIQUE,GTFS_IDENTIFIED_NOT_IN_V1_STOP_UNIVERSE
PDF20260903:D170:P03:C22,D170,5,7,PADERNO F.S.,15:05,905,True,VIMERCATE,MONTEVECCHIA,3,22,https://www.leccotrasporti.it/percorsi/estivo/linea-d170.pdf,87ab0fe1f2c68a38f8e54fd911f0ef38c9b29a22b3d875e34e4209a1a922f63b,SCHEDULED_PUBLISHED_TIME_NOT_OBSERVED_RUNTIME,RECONSTRUCTED_FROM_OFFICIAL_PRIMARY_TIMETABLE,L00763,,RESOLVED_BEST_SEQUENCE_UNIQUE,GTFS_IDENTIFIED_NOT_IN_V1_STOP_UNIVERSE
PDF20260903:D170:P03:C23,D170,1,7,PADERNO F.S.,15:30,930,True,VIMERCATE,MONTEVECCHIA,3,23,https://www.leccotrasporti.it/percorsi/estivo/linea-d170.pdf,87ab0fe1f2c68a38f8e54fd911f0ef38c9b29a22b3d875e34e4209a1a922f63b,SCHEDULED_PUBLISHED_TIME_NOT_OBSERVED_RUNTIME,RECONSTRUCTED_FROM_OFFICIAL_PRIMARY_TIMETABLE,L00763,,RESOLVED_BEST_SEQUENCE_UNIQUE,GTFS_IDENTIFIED_NOT_IN_V1_STOP_UNIVERSE
PDF20260903:D170:P03:C23,D170,2,8,ROBBIATE (Via A.Moro),15:34,934,True,VIMERCATE,MONTEVECCHIA,3,23,https://www.leccotrasporti.it/percorsi/estivo/linea-d170.pdf,87ab0fe1f2c68a38f8e54fd911f0ef38c9b29a22b3d875e34e4209a1a922f63b,SCHEDULED_PUBLISHED_TIME_NOT_OBSERVED_RUNTIME,RECONSTRUCTED_FROM_OFFICIAL_PRIMARY_TIMETABLE,L00961,,RESOLVED_BEST_SEQUENCE_UNIQUE,GTFS_IDENTIFIED_NOT_IN_V1_STOP_UNIVERSE
PDF20260903:D170:P03:C23,D170,3,11,MERATE NOVATE (Ospedale),15:36,936,True,VIMERCATE,MONTEVECCHIA,3,23,https://www.leccotrasporti.it/percorsi/estivo/linea-d170.pdf,87ab0fe1f2c68a38f8e54fd911f0ef38c9b29a22b3d875e34e4209a1a922f63b,SCHEDULED_PUBLISHED_TIME_NOT_OBSERVED_RUNTIME,RECONSTRUCTED_FROM_OFFICIAL_PRIMARY_TIMETABLE,L00888,,RESOLVED_BEST_SEQUENCE_UNIQUE,GTFS_IDENTIFIED_NOT_IN_V1_STOP_UNIVERSE
PDF20260903:D170:P03:C23,D170,4,12,NOVATE Via dei Lodovichi (Scuole),15:37,937,True,VIMERCATE,MONTEVECCHIA,3,23,https://www.leccotrasporti.it/percorsi/estivo/linea-d170.pdf,87ab0fe1f2c68a38f8e54fd911f0ef38c9b29a22b3d875e34e4209a1a922f63b,SCHEDULED_PUBLISHED_TIME_NOT_OBSERVED_RUNTIME,RECONSTRUCTED_FROM_OFFICIAL_PRIMARY_TIMETABLE,,,NO_HISTORICAL_GTFS_NAME_MATCH,NO_RESOLVED_GTFS_IDENTITY
PDF20260903:D170:P03:C24,D170,1,7,PADERNO F.S.,16:56,1016,True,VIMERCATE,MONTEVECCHIA,3,24,https://www.leccotrasporti.it/percorsi/estivo/linea-d170.pdf,87ab0fe1f2c68a38f8e54fd911f0ef38c9b29a22b3d875e34e4209a1a922f63b,SCHEDULED_PUBLISHED_TIME_NOT_OBSERVED_RUNTIME,RECONSTRUCTED_FROM_OFFICIAL_PRIMARY_TIMETABLE,L00763,,RESOLVED_BEST_SEQUENCE_UNIQUE,GTFS_IDENTIFIED_NOT_IN_V1_STOP_UNIVERSE
PDF20260903:D170:P03:C24,D170,2,8,ROBBIATE (Via A.Moro),17:01,1021,True,VIMERCATE,MONTEVECCHIA,3,24,https://www.leccotrasporti.it/percorsi/estivo/linea-d170.pdf,87ab0fe1f2c68a38f8e54fd911f0ef38c9b29a22b3d875e34e4209a1a922f63b,SCHEDULED_PUBLISHED_TIME_NOT_OBSERVED_RUNTIME,RECONSTRUCTED_FROM_OFFICIAL_PRIMARY_TIMETABLE,L00961,,RESOLVED_BEST_SEQUENCE_UNIQUE,GTFS_IDENTIFIED_NOT_IN_V1_STOP_UNIVERSE
PDF20260903:D170:P03:C24,D170,3,11,MERATE NOVATE (Ospedale),17:03,1023,True,VIMERCATE,MONTEVECCHIA,3,24,https://www.leccotrasporti.it/percorsi/estivo/linea-d170.pdf,87ab0fe1f2c68a38f8e54fd911f0ef38c9b29a22b3d875e34e4209a1a922f63b,SCHEDULED_PUBLISHED_TIME_NOT_OBSERVED_RUNTIME,RECONSTRUCTED_FROM_OFFICIAL_PRIMARY_TIMETABLE,L00888,,RESOLVED_BEST_SEQUENCE_UNIQUE,GTFS_IDENTIFIED_NOT_IN_V1_STOP_UNIVERSE
PDF20260903:D170:P03:C24,D170,4,13,NOVATE Via De Gasperi (Scuole),17:04,1024,True,VIMERCATE,MONTEVECCHIA,3,24,https://www.leccotrasporti.it/percorsi/estivo/linea-d170.pdf,87ab0fe1f2c68a38f8e54fd911f0ef38c9b29a22b3d875e34e4209a1a922f63b,SCHEDULED_PUBLISHED_TIME_NOT_OBSERVED_RUNTIME,RECONSTRUCTED_FROM_OFFICIAL_PRIMARY_TIMETABLE,,,NO_HISTORICAL_GTFS_NAME_MATCH,NO_RESOLVED_GTFS_IDENTITY
PDF20260903:D170:P03:C24,D170,5,14,MERATE VIA DE GASPERI,17:05,1025,True,VIMERCATE,MONTEVECCHIA,3,24,https://www.leccotrasporti.it/percorsi/estivo/linea-d170.pdf,87ab0fe1f2c68a38f8e54fd911f0ef38c9b29a22b3d875e34e4209a1a922f63b,SCHEDULED_PUBLISHED_TIME_NOT_OBSERVED_RUNTIME,RECONSTRUCTED_FROM_OFFICIAL_PRIMARY_TIMETABLE,L00290,,RESOLVED_BEST_SEQUENCE_UNIQUE,GTFS_IDENTIFIED_NOT_IN_V1_STOP_UNIVERSE
PDF20260903:D170:P03:C24,D170,6,15,MERATE GARAGE S. CARLO,17:06,1026,True,VIMERCATE,MONTEVECCHIA,3,24,https://www.leccotrasporti.it/percorsi/estivo/linea-d170.pdf,87ab0fe1f2c68a38f8e54fd911f0ef38c9b29a22b3d875e34e4209a1a922f63b,SCHEDULED_PUBLISHED_TIME_NOT_OBSERVED_RUNTIME,RECONSTRUCTED_FROM_OFFICIAL_PRIMARY_TIMETABLE,,,AMBIGUOUS_HISTORICAL_GTFS,NO_RESOLVED_GTFS_IDENTITY
PDF20260903:D170:P03:C24,D170,7,16,MERATE V.LE VERDI,17:07,1027,True,VIMERCATE,MONTEVECCHIA,3,24,https://www.leccotrasporti.it/percorsi/estivo/linea-d170.pdf,87ab0fe1f2c68a38f8e54fd911f0ef38c9b29a22b3d875e34e4209a1a922f63b,SCHEDULED_PUBLISHED_TIME_NOT_OBSERVED_RUNTIME,RECONSTRUCTED_FROM_OFFICIAL_PRIMARY_TIMETABLE,,,AMBIGUOUS_HISTORICAL_GTFS,NO_RESOLVED_GTFS_IDENTITY
PDF20260903:D170:P03:C24,D170,8,17,CERNUSCO F.S. (terminal),17:15,1035,True,VIMERCATE,MONTEVECCHIA,3,24,https://www.leccotrasporti.it/percorsi/estivo/linea-d170.pdf,87ab0fe1f2c68a38f8e54fd911f0ef38c9b29a22b3d875e34e4209a1a922f63b,SCHEDULED_PUBLISHED_TIME_NOT_OBSERVED_RUNTIME,RECONSTRUCTED_FROM_OFFICIAL_PRIMARY_TIMETABLE,,,NO_HISTORICAL_GTFS_NAME_MATCH,NO_RESOLVED_GTFS_IDENTITY
PDF20260903:D170:P04:C01,D170,1,1,CARNATE F.S.,18:00,1080,True,VIMERCATE,MONTEVECCHIA,4,1,https://www.leccotrasporti.it/percorsi/estivo/linea-d170.pdf,87ab0fe1f2c68a38f8e54fd911f0ef38c9b29a22b3d875e34e4209a1a922f63b,SCHEDULED_PUBLISHED_TIME_NOT_OBSERVED_RUNTIME,RECONSTRUCTED_FROM_OFFICIAL_PRIMARY_TIMETABLE,,,AMBIGUOUS_HISTORICAL_GTFS,NO_RESOLVED_GTFS_IDENTITY
PDF20260903:D170:P04:C01,D170,2,2,RONCO BRIANTINO,18:09,1089,True,VIMERCATE,MONTEVECCHIA,4,1,https://www.leccotrasporti.it/percorsi/estivo/linea-d170.pdf,87ab0fe1f2c68a38f8e54fd911f0ef38c9b29a22b3d875e34e4209a1a922f63b,SCHEDULED_PUBLISHED_TIME_NOT_OBSERVED_RUNTIME,RECONSTRUCTED_FROM_OFFICIAL_PRIMARY_TIMETABLE,,,AMBIGUOUS_HISTORICAL_GTFS,NO_RESOLVED_GTFS_IDENTITY
PDF20260903:D170:P04:C01,D170,3,5,VERDERIO INFERIORE,18:16,1096,True,VIMERCATE,MONTEVECCHIA,4,1,https://www.leccotrasporti.it/percorsi/estivo/linea-d170.pdf,87ab0fe1f2c68a38f8e54fd911f0ef38c9b29a22b3d875e34e4209a1a922f63b,SCHEDULED_PUBLISHED_TIME_NOT_OBSERVED_RUNTIME,RECONSTRUCTED_FROM_OFFICIAL_PRIMARY_TIMETABLE,,,AMBIGUOUS_HISTORICAL_GTFS,NO_RESOLVED_GTFS_IDENTITY
PDF20260903:D170:P04:C01,D170,4,6,VERDERIO SUPERIORE,18:18,1098,True,VIMERCATE,MONTEVECCHIA,4,1,https://www.leccotrasporti.it/percorsi/estivo/linea-d170.pdf,87ab0fe1f2c68a38f8e54fd911f0ef38c9b29a22b3d875e34e4209a1a922f63b,SCHEDULED_PUBLISHED_TIME_NOT_OBSERVED_RUNTIME,RECONSTRUCTED_FROM_OFFICIAL_PRIMARY_TIMETABLE,L00765,,RESOLVED_BEST_SEQUENCE_UNIQUE,GTFS_IDENTIFIED_NOT_IN_V1_STOP_UNIVERSE
PDF20260903:D170:P04:C01,D170,5,7,PADERNO F.S.,18:20,1100,True,VIMERCATE,MONTEVECCHIA,4,1,https://www.leccotrasporti.it/percorsi/estivo/linea-d170.pdf,87ab0fe1f2c68a38f8e54fd911f0ef38c9b29a22b3d875e34e4209a1a922f63b,SCHEDULED_PUBLISHED_TIME_NOT_OBSERVED_RUNTIME,RECONSTRUCTED_FROM_OFFICIAL_PRIMARY_TIMETABLE,L00763,,RESOLVED_BEST_SEQUENCE_UNIQUE,GTFS_IDENTIFIED_NOT_IN_V1_STOP_UNIVERSE
PDF20260903:D170:P04:C02,D170,1,1,CARNATE F.S.,18:55,1135,True,VIMERCATE,MONTEVECCHIA,4,2,https://www.leccotrasporti.it/percorsi/estivo/linea-d170.pdf,87ab0fe1f2c68a38f8e54fd911f0ef38c9b29a22b3d875e34e4209a1a922f63b,SCHEDULED_PUBLISHED_TIME_NOT_OBSERVED_RUNTIME,RECONSTRUCTED_FROM_OFFICIAL_PRIMARY_TIMETABLE,,,AMBIGUOUS_HISTORICAL_GTFS,NO_RESOLVED_GTFS_IDENTITY
PDF20260903:D170:P04:C02,D170,2,2,RONCO BRIANTINO,19:04,1144,True,VIMERCATE,MONTEVECCHIA,4,2,https://www.leccotrasporti.it/percorsi/estivo/linea-d170.pdf,87ab0fe1f2c68a38f8e54fd911f0ef38c9b29a22b3d875e34e4209a1a922f63b,SCHEDULED_PUBLISHED_TIME_NOT_OBSERVED_RUNTIME,RECONSTRUCTED_FROM_OFFICIAL_PRIMARY_TIMETABLE,,,AMBIGUOUS_HISTORICAL_GTFS,NO_RESOLVED_GTFS_IDENTITY
PDF20260903:D170:P04:C02,D170,3,5,VERDERIO INFERIORE,19:11,1151,True,VIMERCATE,MONTEVECCHIA,4,2,https://www.leccotrasporti.it/percorsi/estivo/linea-d170.pdf,87ab0fe1f2c68a38f8e54fd911f0ef38c9b29a22b3d875e34e4209a1a922f63b,SCHEDULED_PUBLISHED_TIME_NOT_OBSERVED_RUNTIME,RECONSTRUCTED_FROM_OFFICIAL_PRIMARY_TIMETABLE,,,AMBIGUOUS_HISTORICAL_GTFS,NO_RESOLVED_GTFS_IDENTITY
PDF20260903:D170:P04:C02,D170,4,6,VERDERIO SUPERIORE,19:13,1153,True,VIMERCATE,MONTEVECCHIA,4,2,https://www.leccotrasporti.it/percorsi/estivo/linea-d170.pdf,87ab0fe1f2c68a38f8e54fd911f0ef38c9b29a22b3d875e34e4209a1a922f63b,SCHEDULED_PUBLISHED_TIME_NOT_OBSERVED_RUNTIME,RECONSTRUCTED_FROM_OFFICIAL_PRIMARY_TIMETABLE,L00765,,RESOLVED_BEST_SEQUENCE_UNIQUE,GTFS_IDENTIFIED_NOT_IN_V1_STOP_UNIVERSE
PDF20260903:D170:P04:C02,D170,5,7,PADERNO F.S.,19:15,1155,True,VIMERCATE,MONTEVECCHIA,4,2,https://www.leccotrasporti.it/percorsi/estivo/linea-d170.pdf,87ab0fe1f2c68a38f8e54fd911f0ef38c9b29a22b3d875e34e4209a1a922f63b,SCHEDULED_PUBLISHED_TIME_NOT_OBSERVED_RUNTIME,RECONSTRUCTED_FROM_OFFICIAL_PRIMARY_TIMETABLE,L00763,,RESOLVED_BEST_SEQUENCE_UNIQUE,GTFS_IDENTIFIED_NOT_IN_V1_STOP_UNIVERSE
PDF20260903:D170:P04:C02,D170,6,8,ROBBIATE (Via A.Moro),19:20,1160,True,VIMERCATE,MONTEVECCHIA,4,2,https://www.leccotrasporti.it/percorsi/estivo/linea-d170.pdf,87ab0fe1f2c68a38f8e54fd911f0ef38c9b29a22b3d875e34e4209a1a922f63b,SCHEDULED_PUBLISHED_TIME_NOT_OBSERVED_RUNTIME,RECONSTRUCTED_FROM_OFFICIAL_PRIMARY_TIMETABLE,L00961,,RESOLVED_BEST_SEQUENCE_UNIQUE,GTFS_IDENTIFIED_NOT_IN_V1_STOP_UNIVERSE
PDF20260903:D170:P04:C02,D170,7,11,MERATE NOVATE (Ospedale),19:22,1162,True,VIMERCATE,MONTEVECCHIA,4,2,https://www.leccotrasporti.it/percorsi/estivo/linea-d170.pdf,87ab0fe1f2c68a38f8e54fd911f0ef38c9b29a22b3d875e34e4209a1a922f63b,SCHEDULED_PUBLISHED_TIME_NOT_OBSERVED_RUNTIME,RECONSTRUCTED_FROM_OFFICIAL_PRIMARY_TIMETABLE,L00888,,RESOLVED_BEST_SEQUENCE_UNIQUE,GTFS_IDENTIFIED_NOT_IN_V1_STOP_UNIVERSE
PDF20260903:D170:P04:C02,D170,8,12,NOVATE Via dei Lodovichi (Scuole),19:23,1163,True,VIMERCATE,MONTEVECCHIA,4,2,https://www.leccotrasporti.it/percorsi/estivo/linea-d170.pdf,87ab0fe1f2c68a38f8e54fd911f0ef38c9b29a22b3d875e34e4209a1a922f63b,SCHEDULED_PUBLISHED_TIME_NOT_OBSERVED_RUNTIME,RECONSTRUCTED_FROM_OFFICIAL_PRIMARY_TIMETABLE,,,NO_HISTORICAL_GTFS_NAME_MATCH,NO_RESOLVED_GTFS_IDENTITY
PDF20260903:D184:P01:C01,D184,1,1,OLGIATE MOLGORA FS,06:42,402,True,OLGIATE MOLGORA,RAVELLINO,1,1,https://www.leccotrasporti.it/percorsi/estivo/linea-d184.pdf,6d5246976d369a283ee5ec3f6a49481755cfce851dd81839ccca4588205dd6ea,SCHEDULED_PUBLISHED_TIME_NOT_OBSERVED_RUNTIME,RECONSTRUCTED_FROM_OFFICIAL_PRIMARY_TIMETABLE,300407,EX_011,RESOLVED_BEST_SEQUENCE_UNIQUE,JOINED_V1_PHYSICAL_CLUSTER_BY_EXACT_GTFS_STOP_ID
PDF20260903:D184:P01:C01,D184,2,7,S. MARIA HOE' Tremonte incrocio via Leopardi,06:48,408,True,OLGIATE MOLGORA,RAVELLINO,1,1,https://www.leccotrasporti.it/percorsi/estivo/linea-d184.pdf,6d5246976d369a283ee5ec3f6a49481755cfce851dd81839ccca4588205dd6ea,SCHEDULED_PUBLISHED_TIME_NOT_OBSERVED_RUNTIME,RECONSTRUCTED_FROM_OFFICIAL_PRIMARY_TIMETABLE,,,NO_HISTORICAL_GTFS_NAME_MATCH,NO_RESOLVED_GTFS_IDENTITY
PDF20260903:D184:P01:C01,D184,3,8,S. MARIA HOE centro,06:49,409,True,OLGIATE MOLGORA,RAVELLINO,1,1,https://www.leccotrasporti.it/percorsi/estivo/linea-d184.pdf,6d5246976d369a283ee5ec3f6a49481755cfce851dd81839ccca4588205dd6ea,SCHEDULED_PUBLISHED_TIME_NOT_OBSERVED_RUNTIME,RECONSTRUCTED_FROM_OFFICIAL_PRIMARY_TIMETABLE,,,NO_HISTORICAL_GTFS_NAME_MATCH,NO_RESOLVED_GTFS_IDENTITY
PDF20260903:D184:P01:C01,D184,4,9,HOE',06:51,411,True,OLGIATE MOLGORA,RAVELLINO,1,1,https://www.leccotrasporti.it/percorsi/estivo/linea-d184.pdf,6d5246976d369a283ee5ec3f6a49481755cfce851dd81839ccca4588205dd6ea,SCHEDULED_PUBLISHED_TIME_NOT_OBSERVED_RUNTIME,RECONSTRUCTED_FROM_OFFICIAL_PRIMARY_TIMETABLE,,,AMBIGUOUS_HISTORICAL_GTFS,NO_RESOLVED_GTFS_IDENTITY
PDF20260903:D184:P01:C01,D184,5,10,PIE CASTELLO,06:54,414,True,OLGIATE MOLGORA,RAVELLINO,1,1,https://www.leccotrasporti.it/percorsi/estivo/linea-d184.pdf,6d5246976d369a283ee5ec3f6a49481755cfce851dd81839ccca4588205dd6ea,SCHEDULED_PUBLISHED_TIME_NOT_OBSERVED_RUNTIME,RECONSTRUCTED_FROM_OFFICIAL_PRIMARY_TIMETABLE,,,NO_HISTORICAL_GTFS_NAME_MATCH,NO_RESOLVED_GTFS_IDENTITY
PDF20260903:D184:P01:C01,D184,6,11,NAVA,06:56,416,True,OLGIATE MOLGORA,RAVELLINO,1,1,https://www.leccotrasporti.it/percorsi/estivo/linea-d184.pdf,6d5246976d369a283ee5ec3f6a49481755cfce851dd81839ccca4588205dd6ea,SCHEDULED_PUBLISHED_TIME_NOT_OBSERVED_RUNTIME,RECONSTRUCTED_FROM_OFFICIAL_PRIMARY_TIMETABLE,300808,,RESOLVED_BEST_SEQUENCE_UNIQUE,GTFS_IDENTIFIED_NOT_IN_V1_STOP_UNIVERSE
PDF20260903:D184:P01:C01,D184,7,12,RAVELLINO,06:58,418,True,OLGIATE MOLGORA,RAVELLINO,1,1,https://www.leccotrasporti.it/percorsi/estivo/linea-d184.pdf,6d5246976d369a283ee5ec3f6a49481755cfce851dd81839ccca4588205dd6ea,SCHEDULED_PUBLISHED_TIME_NOT_OBSERVED_RUNTIME,RECONSTRUCTED_FROM_OFFICIAL_PRIMARY_TIMETABLE,300969,,RESOLVED_BEST_SEQUENCE_UNIQUE,GTFS_IDENTIFIED_NOT_IN_V1_STOP_UNIVERSE
PDF20260903:D184:P01:C02,D184,1,1,OLGIATE MOLGORA FS,13:37,817,True,OLGIATE MOLGORA,RAVELLINO,1,2,https://www.leccotrasporti.it/percorsi/estivo/linea-d184.pdf,6d5246976d369a283ee5ec3f6a49481755cfce851dd81839ccca4588205dd6ea,SCHEDULED_PUBLISHED_TIME_NOT_OBSERVED_RUNTIME,RECONSTRUCTED_FROM_OFFICIAL_PRIMARY_TIMETABLE,300407,EX_011,RESOLVED_BEST_SEQUENCE_UNIQUE,JOINED_V1_PHYSICAL_CLUSTER_BY_EXACT_GTFS_STOP_ID
PDF20260903:D184:P01:C02,D184,2,2,OLGIATE MOLGORA Scarpone,13:40,820,True,OLGIATE MOLGORA,RAVELLINO,1,2,https://www.leccotrasporti.it/percorsi/estivo/linea-d184.pdf,6d5246976d369a283ee5ec3f6a49481755cfce851dd81839ccca4588205dd6ea,SCHEDULED_PUBLISHED_TIME_NOT_OBSERVED_RUNTIME,RECONSTRUCTED_FROM_OFFICIAL_PRIMARY_TIMETABLE,300803,EX_023,RESOLVED_BEST_SEQUENCE_UNIQUE,JOINED_V1_PHYSICAL_CLUSTER_BY_EXACT_GTFS_STOP_ID
PDF20260903:D184:P01:C02,D184,3,3,S.MARIA HOE' Alduno,13:42,822,True,OLGIATE MOLGORA,RAVELLINO,1,2,https://www.leccotrasporti.it/percorsi/estivo/linea-d184.pdf,6d5246976d369a283ee5ec3f6a49481755cfce851dd81839ccca4588205dd6ea,SCHEDULED_PUBLISHED_TIME_NOT_OBSERVED_RUNTIME,RECONSTRUCTED_FROM_OFFICIAL_PRIMARY_TIMETABLE,300871,EX_026,RESOLVED_BEST_SEQUENCE_UNIQUE,JOINED_V1_PHYSICAL_CLUSTER_BY_EXACT_GTFS_STOP_ID
PDF20260903:D184:P01:C02,D184,4,4,ROVAGNATE Statale incrocio via Lombardia SR 342,13:43,823,True,OLGIATE MOLGORA,RAVELLINO,1,2,https://www.leccotrasporti.it/percorsi/estivo/linea-d184.pdf,6d5246976d369a283ee5ec3f6a49481755cfce851dd81839ccca4588205dd6ea,SCHEDULED_PUBLISHED_TIME_NOT_OBSERVED_RUNTIME,RECONSTRUCTED_FROM_OFFICIAL_PRIMARY_TIMETABLE,,,NO_HISTORICAL_GTFS_NAME_MATCH,NO_RESOLVED_GTFS_IDENTITY
PDF20260903:D184:P01:C02,D184,5,5,PEREGO statale incrocio via S.Caterina SR 342,13:46,826,True,OLGIATE MOLGORA,RAVELLINO,1,2,https://www.leccotrasporti.it/percorsi/estivo/linea-d184.pdf,6d5246976d369a283ee5ec3f6a49481755cfce851dd81839ccca4588205dd6ea,SCHEDULED_PUBLISHED_TIME_NOT_OBSERVED_RUNTIME,RECONSTRUCTED_FROM_OFFICIAL_PRIMARY_TIMETABLE,,,NO_HISTORICAL_GTFS_NAME_MATCH,NO_RESOLVED_GTFS_IDENTITY
PDF20260903:D184:P01:C02,D184,6,6,S. MARIA HOE' Alpino Via Como,13:49,829,True,OLGIATE MOLGORA,RAVELLINO,1,2,https://www.leccotrasporti.it/percorsi/estivo/linea-d184.pdf,6d5246976d369a283ee5ec3f6a49481755cfce851dd81839ccca4588205dd6ea,SCHEDULED_PUBLISHED_TIME_NOT_OBSERVED_RUNTIME,RECONSTRUCTED_FROM_OFFICIAL_PRIMARY_TIMETABLE,,,NO_HISTORICAL_GTFS_NAME_MATCH,NO_RESOLVED_GTFS_IDENTITY
PDF20260903:D184:P01:C02,D184,7,8,S. MARIA HOE centro,13:50,830,True,OLGIATE MOLGORA,RAVELLINO,1,2,https://www.leccotrasporti.it/percorsi/estivo/linea-d184.pdf,6d5246976d369a283ee5ec3f6a49481755cfce851dd81839ccca4588205dd6ea,SCHEDULED_PUBLISHED_TIME_NOT_OBSERVED_RUNTIME,RECONSTRUCTED_FROM_OFFICIAL_PRIMARY_TIMETABLE,,,NO_HISTORICAL_GTFS_NAME_MATCH,NO_RESOLVED_GTFS_IDENTITY
PDF20260903:D184:P01:C02,D184,8,9,HOE',13:52,832,True,OLGIATE MOLGORA,RAVELLINO,1,2,https://www.leccotrasporti.it/percorsi/estivo/linea-d184.pdf,6d5246976d369a283ee5ec3f6a49481755cfce851dd81839ccca4588205dd6ea,SCHEDULED_PUBLISHED_TIME_NOT_OBSERVED_RUNTIME,RECONSTRUCTED_FROM_OFFICIAL_PRIMARY_TIMETABLE,,,AMBIGUOUS_HISTORICAL_GTFS,NO_RESOLVED_GTFS_IDENTITY
PDF20260903:D184:P01:C02,D184,9,10,PIE CASTELLO,13:55,835,True,OLGIATE MOLGORA,RAVELLINO,1,2,https://www.leccotrasporti.it/percorsi/estivo/linea-d184.pdf,6d5246976d369a283ee5ec3f6a49481755cfce851dd81839ccca4588205dd6ea,SCHEDULED_PUBLISHED_TIME_NOT_OBSERVED_RUNTIME,RECONSTRUCTED_FROM_OFFICIAL_PRIMARY_TIMETABLE,,,NO_HISTORICAL_GTFS_NAME_MATCH,NO_RESOLVED_GTFS_IDENTITY
PDF20260903:D184:P01:C02,D184,10,11,NAVA,13:57,837,True,OLGIATE MOLGORA,RAVELLINO,1,2,https://www.leccotrasporti.it/percorsi/estivo/linea-d184.pdf,6d5246976d369a283ee5ec3f6a49481755cfce851dd81839ccca4588205dd6ea,SCHEDULED_PUBLISHED_TIME_NOT_OBSERVED_RUNTIME,RECONSTRUCTED_FROM_OFFICIAL_PRIMARY_TIMETABLE,300808,,RESOLVED_BEST_SEQUENCE_UNIQUE,GTFS_IDENTIFIED_NOT_IN_V1_STOP_UNIVERSE
PDF20260903:D184:P01:C02,D184,11,12,RAVELLINO,13:59,839,True,OLGIATE MOLGORA,RAVELLINO,1,2,https://www.leccotrasporti.it/percorsi/estivo/linea-d184.pdf,6d5246976d369a283ee5ec3f6a49481755cfce851dd81839ccca4588205dd6ea,SCHEDULED_PUBLISHED_TIME_NOT_OBSERVED_RUNTIME,RECONSTRUCTED_FROM_OFFICIAL_PRIMARY_TIMETABLE,300969,,RESOLVED_BEST_SEQUENCE_UNIQUE,GTFS_IDENTIFIED_NOT_IN_V1_STOP_UNIVERSE
PDF20260903:D184:P01:C03,D184,1,1,OLGIATE MOLGORA FS,14:37,877,True,OLGIATE MOLGORA,RAVELLINO,1,3,https://www.leccotrasporti.it/percorsi/estivo/linea-d184.pdf,6d5246976d369a283ee5ec3f6a49481755cfce851dd81839ccca4588205dd6ea,SCHEDULED_PUBLISHED_TIME_NOT_OBSERVED_RUNTIME,RECONSTRUCTED_FROM_OFFICIAL_PRIMARY_TIMETABLE,300407,EX_011,RESOLVED_BEST_SEQUENCE_UNIQUE,JOINED_V1_PHYSICAL_CLUSTER_BY_EXACT_GTFS_STOP_ID
PDF20260903:D184:P01:C03,D184,2,2,OLGIATE MOLGORA Scarpone,14:40,880,True,OLGIATE MOLGORA,RAVELLINO,1,3,https://www.leccotrasporti.it/percorsi/estivo/linea-d184.pdf,6d5246976d369a283ee5ec3f6a49481755cfce851dd81839ccca4588205dd6ea,SCHEDULED_PUBLISHED_TIME_NOT_OBSERVED_RUNTIME,RECONSTRUCTED_FROM_OFFICIAL_PRIMARY_TIMETABLE,300803,EX_023,RESOLVED_BEST_SEQUENCE_UNIQUE,JOINED_V1_PHYSICAL_CLUSTER_BY_EXACT_GTFS_STOP_ID
PDF20260903:D184:P01:C03,D184,3,3,S.MARIA HOE' Alduno,14:42,882,True,OLGIATE MOLGORA,RAVELLINO,1,3,https://www.leccotrasporti.it/percorsi/estivo/linea-d184.pdf,6d5246976d369a283ee5ec3f6a49481755cfce851dd81839ccca4588205dd6ea,SCHEDULED_PUBLISHED_TIME_NOT_OBSERVED_RUNTIME,RECONSTRUCTED_FROM_OFFICIAL_PRIMARY_TIMETABLE,300871,EX_026,RESOLVED_BEST_SEQUENCE_UNIQUE,JOINED_V1_PHYSICAL_CLUSTER_BY_EXACT_GTFS_STOP_ID
PDF20260903:D184:P01:C03,D184,4,4,ROVAGNATE Statale incrocio via Lombardia SR 342,14:43,883,True,OLGIATE MOLGORA,RAVELLINO,1,3,https://www.leccotrasporti.it/percorsi/estivo/linea-d184.pdf,6d5246976d369a283ee5ec3f6a49481755cfce851dd81839ccca4588205dd6ea,SCHEDULED_PUBLISHED_TIME_NOT_OBSERVED_RUNTIME,RECONSTRUCTED_FROM_OFFICIAL_PRIMARY_TIMETABLE,,,NO_HISTORICAL_GTFS_NAME_MATCH,NO_RESOLVED_GTFS_IDENTITY
PDF20260903:D184:P01:C03,D184,5,5,PEREGO statale incrocio via S.Caterina SR 342,14:46,886,True,OLGIATE MOLGORA,RAVELLINO,1,3,https://www.leccotrasporti.it/percorsi/estivo/linea-d184.pdf,6d5246976d369a283ee5ec3f6a49481755cfce851dd81839ccca4588205dd6ea,SCHEDULED_PUBLISHED_TIME_NOT_OBSERVED_RUNTIME,RECONSTRUCTED_FROM_OFFICIAL_PRIMARY_TIMETABLE,,,NO_HISTORICAL_GTFS_NAME_MATCH,NO_RESOLVED_GTFS_IDENTITY
PDF20260903:D184:P01:C03,D184,6,6,S. MARIA HOE' Alpino Via Como,14:49,889,True,OLGIATE MOLGORA,RAVELLINO,1,3,https://www.leccotrasporti.it/percorsi/estivo/linea-d184.pdf,6d5246976d369a283ee5ec3f6a49481755cfce851dd81839ccca4588205dd6ea,SCHEDULED_PUBLISHED_TIME_NOT_OBSERVED_RUNTIME,RECONSTRUCTED_FROM_OFFICIAL_PRIMARY_TIMETABLE,,,NO_HISTORICAL_GTFS_NAME_MATCH,NO_RESOLVED_GTFS_IDENTITY
PDF20260903:D184:P01:C03,D184,7,8,S. MARIA HOE centro,14:50,890,True,OLGIATE MOLGORA,RAVELLINO,1,3,https://www.leccotrasporti.it/percorsi/estivo/linea-d184.pdf,6d5246976d369a283ee5ec3f6a49481755cfce851dd81839ccca4588205dd6ea,SCHEDULED_PUBLISHED_TIME_NOT_OBSERVED_RUNTIME,RECONSTRUCTED_FROM_OFFICIAL_PRIMARY_TIMETABLE,,,NO_HISTORICAL_GTFS_NAME_MATCH,NO_RESOLVED_GTFS_IDENTITY
PDF20260903:D184:P01:C03,D184,8,9,HOE',14:52,892,True,OLGIATE MOLGORA,RAVELLINO,1,3,https://www.leccotrasporti.it/percorsi/estivo/linea-d184.pdf,6d5246976d369a283ee5ec3f6a49481755cfce851dd81839ccca4588205dd6ea,SCHEDULED_PUBLISHED_TIME_NOT_OBSERVED_RUNTIME,RECONSTRUCTED_FROM_OFFICIAL_PRIMARY_TIMETABLE,,,AMBIGUOUS_HISTORICAL_GTFS,NO_RESOLVED_GTFS_IDENTITY
PDF20260903:D184:P01:C03,D184,9,10,PIE CASTELLO,14:55,895,True,OLGIATE MOLGORA,RAVELLINO,1,3,https://www.leccotrasporti.it/percorsi/estivo/linea-d184.pdf,6d5246976d369a283ee5ec3f6a49481755cfce851dd81839ccca4588205dd6ea,SCHEDULED_PUBLISHED_TIME_NOT_OBSERVED_RUNTIME,RECONSTRUCTED_FROM_OFFICIAL_PRIMARY_TIMETABLE,,,NO_HISTORICAL_GTFS_NAME_MATCH,NO_RESOLVED_GTFS_IDENTITY
PDF20260903:D184:P01:C03,D184,10,11,NAVA,14:57,897,True,OLGIATE MOLGORA,RAVELLINO,1,3,https://www.leccotrasporti.it/percorsi/estivo/linea-d184.pdf,6d5246976d369a283ee5ec3f6a49481755cfce851dd81839ccca4588205dd6ea,SCHEDULED_PUBLISHED_TIME_NOT_OBSERVED_RUNTIME,RECONSTRUCTED_FROM_OFFICIAL_PRIMARY_TIMETABLE,300808,,RESOLVED_BEST_SEQUENCE_UNIQUE,GTFS_IDENTIFIED_NOT_IN_V1_STOP_UNIVERSE
PDF20260903:D184:P01:C03,D184,11,12,RAVELLINO,14:59,899,True,OLGIATE MOLGORA,RAVELLINO,1,3,https://www.leccotrasporti.it/percorsi/estivo/linea-d184.pdf,6d5246976d369a283ee5ec3f6a49481755cfce851dd81839ccca4588205dd6ea,SCHEDULED_PUBLISHED_TIME_NOT_OBSERVED_RUNTIME,RECONSTRUCTED_FROM_OFFICIAL_PRIMARY_TIMETABLE,300969,,RESOLVED_BEST_SEQUENCE_UNIQUE,GTFS_IDENTIFIED_NOT_IN_V1_STOP_UNIVERSE
PDF20260903:D184:P01:C04,D184,1,1,OLGIATE MOLGORA FS,17:37,1057,True,OLGIATE MOLGORA,RAVELLINO,1,4,https://www.leccotrasporti.it/percorsi/estivo/linea-d184.pdf,6d5246976d369a283ee5ec3f6a49481755cfce851dd81839ccca4588205dd6ea,SCHEDULED_PUBLISHED_TIME_NOT_OBSERVED_RUNTIME,RECONSTRUCTED_FROM_OFFICIAL_PRIMARY_TIMETABLE,300407,EX_011,RESOLVED_BEST_SEQUENCE_UNIQUE,JOINED_V1_PHYSICAL_CLUSTER_BY_EXACT_GTFS_STOP_ID
PDF20260903:D184:P01:C04,D184,2,2,OLGIATE MOLGORA Scarpone,17:40,1060,True,OLGIATE MOLGORA,RAVELLINO,1,4,https://www.leccotrasporti.it/percorsi/estivo/linea-d184.pdf,6d5246976d369a283ee5ec3f6a49481755cfce851dd81839ccca4588205dd6ea,SCHEDULED_PUBLISHED_TIME_NOT_OBSERVED_RUNTIME,RECONSTRUCTED_FROM_OFFICIAL_PRIMARY_TIMETABLE,300803,EX_023,RESOLVED_BEST_SEQUENCE_UNIQUE,JOINED_V1_PHYSICAL_CLUSTER_BY_EXACT_GTFS_STOP_ID
PDF20260903:D184:P01:C04,D184,3,3,S.MARIA HOE' Alduno,17:42,1062,True,OLGIATE MOLGORA,RAVELLINO,1,4,https://www.leccotrasporti.it/percorsi/estivo/linea-d184.pdf,6d5246976d369a283ee5ec3f6a49481755cfce851dd81839ccca4588205dd6ea,SCHEDULED_PUBLISHED_TIME_NOT_OBSERVED_RUNTIME,RECONSTRUCTED_FROM_OFFICIAL_PRIMARY_TIMETABLE,300871,EX_026,RESOLVED_BEST_SEQUENCE_UNIQUE,JOINED_V1_PHYSICAL_CLUSTER_BY_EXACT_GTFS_STOP_ID
PDF20260903:D184:P01:C04,D184,4,4,ROVAGNATE Statale incrocio via Lombardia SR 342,17:43,1063,True,OLGIATE MOLGORA,RAVELLINO,1,4,https://www.leccotrasporti.it/percorsi/estivo/linea-d184.pdf,6d5246976d369a283ee5ec3f6a49481755cfce851dd81839ccca4588205dd6ea,SCHEDULED_PUBLISHED_TIME_NOT_OBSERVED_RUNTIME,RECONSTRUCTED_FROM_OFFICIAL_PRIMARY_TIMETABLE,,,NO_HISTORICAL_GTFS_NAME_MATCH,NO_RESOLVED_GTFS_IDENTITY
PDF20260903:D184:P01:C04,D184,5,5,PEREGO statale incrocio via S.Caterina SR 342,17:46,1066,True,OLGIATE MOLGORA,RAVELLINO,1,4,https://www.leccotrasporti.it/percorsi/estivo/linea-d184.pdf,6d5246976d369a283ee5ec3f6a49481755cfce851dd81839ccca4588205dd6ea,SCHEDULED_PUBLISHED_TIME_NOT_OBSERVED_RUNTIME,RECONSTRUCTED_FROM_OFFICIAL_PRIMARY_TIMETABLE,,,NO_HISTORICAL_GTFS_NAME_MATCH,NO_RESOLVED_GTFS_IDENTITY
PDF20260903:D184:P01:C04,D184,6,6,S. MARIA HOE' Alpino Via Como,17:49,1069,True,OLGIATE MOLGORA,RAVELLINO,1,4,https://www.leccotrasporti.it/percorsi/estivo/linea-d184.pdf,6d5246976d369a283ee5ec3f6a49481755cfce851dd81839ccca4588205dd6ea,SCHEDULED_PUBLISHED_TIME_NOT_OBSERVED_RUNTIME,RECONSTRUCTED_FROM_OFFICIAL_PRIMARY_TIMETABLE,,,NO_HISTORICAL_GTFS_NAME_MATCH,NO_RESOLVED_GTFS_IDENTITY
PDF20260903:D184:P01:C04,D184,7,8,S. MARIA HOE centro,17:50,1070,True,OLGIATE MOLGORA,RAVELLINO,1,4,https://www.leccotrasporti.it/percorsi/estivo/linea-d184.pdf,6d5246976d369a283ee5ec3f6a49481755cfce851dd81839ccca4588205dd6ea,SCHEDULED_PUBLISHED_TIME_NOT_OBSERVED_RUNTIME,RECONSTRUCTED_FROM_OFFICIAL_PRIMARY_TIMETABLE,,,NO_HISTORICAL_GTFS_NAME_MATCH,NO_RESOLVED_GTFS_IDENTITY
PDF20260903:D184:P01:C04,D184,8,9,HOE',17:52,1072,True,OLGIATE MOLGORA,RAVELLINO,1,4,https://www.leccotrasporti.it/percorsi/estivo/linea-d184.pdf,6d5246976d369a283ee5ec3f6a49481755cfce851dd81839ccca4588205dd6ea,SCHEDULED_PUBLISHED_TIME_NOT_OBSERVED_RUNTIME,RECONSTRUCTED_FROM_OFFICIAL_PRIMARY_TIMETABLE,,,AMBIGUOUS_HISTORICAL_GTFS,NO_RESOLVED_GTFS_IDENTITY
PDF20260903:D184:P01:C04,D184,9,10,PIE CASTELLO,17:55,1075,True,OLGIATE MOLGORA,RAVELLINO,1,4,https://www.leccotrasporti.it/percorsi/estivo/linea-d184.pdf,6d5246976d369a283ee5ec3f6a49481755cfce851dd81839ccca4588205dd6ea,SCHEDULED_PUBLISHED_TIME_NOT_OBSERVED_RUNTIME,RECONSTRUCTED_FROM_OFFICIAL_PRIMARY_TIMETABLE,,,NO_HISTORICAL_GTFS_NAME_MATCH,NO_RESOLVED_GTFS_IDENTITY
PDF20260903:D184:P01:C04,D184,10,11,NAVA,17:57,1077,True,OLGIATE MOLGORA,RAVELLINO,1,4,https://www.leccotrasporti.it/percorsi/estivo/linea-d184.pdf,6d5246976d369a283ee5ec3f6a49481755cfce851dd81839ccca4588205dd6ea,SCHEDULED_PUBLISHED_TIME_NOT_OBSERVED_RUNTIME,RECONSTRUCTED_FROM_OFFICIAL_PRIMARY_TIMETABLE,300808,,RESOLVED_BEST_SEQUENCE_UNIQUE,GTFS_IDENTIFIED_NOT_IN_V1_STOP_UNIVERSE
PDF20260903:D184:P01:C04,D184,11,12,RAVELLINO,17:59,1079,True,OLGIATE MOLGORA,RAVELLINO,1,4,https://www.leccotrasporti.it/percorsi/estivo/linea-d184.pdf,6d5246976d369a283ee5ec3f6a49481755cfce851dd81839ccca4588205dd6ea,SCHEDULED_PUBLISHED_TIME_NOT_OBSERVED_RUNTIME,RECONSTRUCTED_FROM_OFFICIAL_PRIMARY_TIMETABLE,300969,,RESOLVED_BEST_SEQUENCE_UNIQUE,GTFS_IDENTIFIED_NOT_IN_V1_STOP_UNIVERSE
PDF20260903:D184:P01:C05,D184,1,1,OLGIATE MOLGORA FS,18:37,1117,True,OLGIATE MOLGORA,RAVELLINO,1,5,https://www.leccotrasporti.it/percorsi/estivo/linea-d184.pdf,6d5246976d369a283ee5ec3f6a49481755cfce851dd81839ccca4588205dd6ea,SCHEDULED_PUBLISHED_TIME_NOT_OBSERVED_RUNTIME,RECONSTRUCTED_FROM_OFFICIAL_PRIMARY_TIMETABLE,300407,EX_011,RESOLVED_BEST_SEQUENCE_UNIQUE,JOINED_V1_PHYSICAL_CLUSTER_BY_EXACT_GTFS_STOP_ID
PDF20260903:D184:P01:C05,D184,2,2,OLGIATE MOLGORA Scarpone,18:40,1120,True,OLGIATE MOLGORA,RAVELLINO,1,5,https://www.leccotrasporti.it/percorsi/estivo/linea-d184.pdf,6d5246976d369a283ee5ec3f6a49481755cfce851dd81839ccca4588205dd6ea,SCHEDULED_PUBLISHED_TIME_NOT_OBSERVED_RUNTIME,RECONSTRUCTED_FROM_OFFICIAL_PRIMARY_TIMETABLE,300803,EX_023,RESOLVED_BEST_SEQUENCE_UNIQUE,JOINED_V1_PHYSICAL_CLUSTER_BY_EXACT_GTFS_STOP_ID
PDF20260903:D184:P01:C05,D184,3,3,S.MARIA HOE' Alduno,18:42,1122,True,OLGIATE MOLGORA,RAVELLINO,1,5,https://www.leccotrasporti.it/percorsi/estivo/linea-d184.pdf,6d5246976d369a283ee5ec3f6a49481755cfce851dd81839ccca4588205dd6ea,SCHEDULED_PUBLISHED_TIME_NOT_OBSERVED_RUNTIME,RECONSTRUCTED_FROM_OFFICIAL_PRIMARY_TIMETABLE,300871,EX_026,RESOLVED_BEST_SEQUENCE_UNIQUE,JOINED_V1_PHYSICAL_CLUSTER_BY_EXACT_GTFS_STOP_ID
PDF20260903:D184:P01:C05,D184,4,4,ROVAGNATE Statale incrocio via Lombardia SR 342,18:43,1123,True,OLGIATE MOLGORA,RAVELLINO,1,5,https://www.leccotrasporti.it/percorsi/estivo/linea-d184.pdf,6d5246976d369a283ee5ec3f6a49481755cfce851dd81839ccca4588205dd6ea,SCHEDULED_PUBLISHED_TIME_NOT_OBSERVED_RUNTIME,RECONSTRUCTED_FROM_OFFICIAL_PRIMARY_TIMETABLE,,,NO_HISTORICAL_GTFS_NAME_MATCH,NO_RESOLVED_GTFS_IDENTITY
PDF20260903:D184:P01:C05,D184,5,5,PEREGO statale incrocio via S.Caterina SR 342,18:46,1126,True,OLGIATE MOLGORA,RAVELLINO,1,5,https://www.leccotrasporti.it/percorsi/estivo/linea-d184.pdf,6d5246976d369a283ee5ec3f6a49481755cfce851dd81839ccca4588205dd6ea,SCHEDULED_PUBLISHED_TIME_NOT_OBSERVED_RUNTIME,RECONSTRUCTED_FROM_OFFICIAL_PRIMARY_TIMETABLE,,,NO_HISTORICAL_GTFS_NAME_MATCH,NO_RESOLVED_GTFS_IDENTITY
PDF20260903:D184:P01:C05,D184,6,6,S. MARIA HOE' Alpino Via Como,18:49,1129,True,OLGIATE MOLGORA,RAVELLINO,1,5,https://www.leccotrasporti.it/percorsi/estivo/linea-d184.pdf,6d5246976d369a283ee5ec3f6a49481755cfce851dd81839ccca4588205dd6ea,SCHEDULED_PUBLISHED_TIME_NOT_OBSERVED_RUNTIME,RECONSTRUCTED_FROM_OFFICIAL_PRIMARY_TIMETABLE,,,NO_HISTORICAL_GTFS_NAME_MATCH,NO_RESOLVED_GTFS_IDENTITY
PDF20260903:D184:P01:C05,D184,7,8,S. MARIA HOE centro,18:50,1130,True,OLGIATE MOLGORA,RAVELLINO,1,5,https://www.leccotrasporti.it/percorsi/estivo/linea-d184.pdf,6d5246976d369a283ee5ec3f6a49481755cfce851dd81839ccca4588205dd6ea,SCHEDULED_PUBLISHED_TIME_NOT_OBSERVED_RUNTIME,RECONSTRUCTED_FROM_OFFICIAL_PRIMARY_TIMETABLE,,,NO_HISTORICAL_GTFS_NAME_MATCH,NO_RESOLVED_GTFS_IDENTITY
PDF20260903:D184:P01:C05,D184,8,9,HOE',18:52,1132,True,OLGIATE MOLGORA,RAVELLINO,1,5,https://www.leccotrasporti.it/percorsi/estivo/linea-d184.pdf,6d5246976d369a283ee5ec3f6a49481755cfce851dd81839ccca4588205dd6ea,SCHEDULED_PUBLISHED_TIME_NOT_OBSERVED_RUNTIME,RECONSTRUCTED_FROM_OFFICIAL_PRIMARY_TIMETABLE,,,AMBIGUOUS_HISTORICAL_GTFS,NO_RESOLVED_GTFS_IDENTITY
PDF20260903:D184:P01:C05,D184,9,10,PIE CASTELLO,18:55,1135,True,OLGIATE MOLGORA,RAVELLINO,1,5,https://www.leccotrasporti.it/percorsi/estivo/linea-d184.pdf,6d5246976d369a283ee5ec3f6a49481755cfce851dd81839ccca4588205dd6ea,SCHEDULED_PUBLISHED_TIME_NOT_OBSERVED_RUNTIME,RECONSTRUCTED_FROM_OFFICIAL_PRIMARY_TIMETABLE,,,NO_HISTORICAL_GTFS_NAME_MATCH,NO_RESOLVED_GTFS_IDENTITY
PDF20260903:D184:P01:C05,D184,10,11,NAVA,18:57,1137,True,OLGIATE MOLGORA,RAVELLINO,1,5,https://www.leccotrasporti.it/percorsi/estivo/linea-d184.pdf,6d5246976d369a283ee5ec3f6a49481755cfce851dd81839ccca4588205dd6ea,SCHEDULED_PUBLISHED_TIME_NOT_OBSERVED_RUNTIME,RECONSTRUCTED_FROM_OFFICIAL_PRIMARY_TIMETABLE,300808,,RESOLVED_BEST_SEQUENCE_UNIQUE,GTFS_IDENTIFIED_NOT_IN_V1_STOP_UNIVERSE
PDF20260903:D184:P01:C05,D184,11,12,RAVELLINO,18:59,1139,True,OLGIATE MOLGORA,RAVELLINO,1,5,https://www.leccotrasporti.it/percorsi/estivo/linea-d184.pdf,6d5246976d369a283ee5ec3f6a49481755cfce851dd81839ccca4588205dd6ea,SCHEDULED_PUBLISHED_TIME_NOT_OBSERVED_RUNTIME,RECONSTRUCTED_FROM_OFFICIAL_PRIMARY_TIMETABLE,300969,,RESOLVED_BEST_SEQUENCE_UNIQUE,GTFS_IDENTIFIED_NOT_IN_V1_STOP_UNIVERSE
PDF20260903:D184:P01:C06,D184,1,1,OLGIATE MOLGORA FS,19:37,1177,True,OLGIATE MOLGORA,RAVELLINO,1,6,https://www.leccotrasporti.it/percorsi/estivo/linea-d184.pdf,6d5246976d369a283ee5ec3f6a49481755cfce851dd81839ccca4588205dd6ea,SCHEDULED_PUBLISHED_TIME_NOT_OBSERVED_RUNTIME,RECONSTRUCTED_FROM_OFFICIAL_PRIMARY_TIMETABLE,300407,EX_011,RESOLVED_BEST_SEQUENCE_UNIQUE,JOINED_V1_PHYSICAL_CLUSTER_BY_EXACT_GTFS_STOP_ID
PDF20260903:D184:P01:C06,D184,2,2,OLGIATE MOLGORA Scarpone,19:40,1180,True,OLGIATE MOLGORA,RAVELLINO,1,6,https://www.leccotrasporti.it/percorsi/estivo/linea-d184.pdf,6d5246976d369a283ee5ec3f6a49481755cfce851dd81839ccca4588205dd6ea,SCHEDULED_PUBLISHED_TIME_NOT_OBSERVED_RUNTIME,RECONSTRUCTED_FROM_OFFICIAL_PRIMARY_TIMETABLE,300803,EX_023,RESOLVED_BEST_SEQUENCE_UNIQUE,JOINED_V1_PHYSICAL_CLUSTER_BY_EXACT_GTFS_STOP_ID
PDF20260903:D184:P01:C06,D184,3,3,S.MARIA HOE' Alduno,19:42,1182,True,OLGIATE MOLGORA,RAVELLINO,1,6,https://www.leccotrasporti.it/percorsi/estivo/linea-d184.pdf,6d5246976d369a283ee5ec3f6a49481755cfce851dd81839ccca4588205dd6ea,SCHEDULED_PUBLISHED_TIME_NOT_OBSERVED_RUNTIME,RECONSTRUCTED_FROM_OFFICIAL_PRIMARY_TIMETABLE,300871,EX_026,RESOLVED_BEST_SEQUENCE_UNIQUE,JOINED_V1_PHYSICAL_CLUSTER_BY_EXACT_GTFS_STOP_ID
PDF20260903:D184:P01:C06,D184,4,4,ROVAGNATE Statale incrocio via Lombardia SR 342,19:43,1183,True,OLGIATE MOLGORA,RAVELLINO,1,6,https://www.leccotrasporti.it/percorsi/estivo/linea-d184.pdf,6d5246976d369a283ee5ec3f6a49481755cfce851dd81839ccca4588205dd6ea,SCHEDULED_PUBLISHED_TIME_NOT_OBSERVED_RUNTIME,RECONSTRUCTED_FROM_OFFICIAL_PRIMARY_TIMETABLE,,,NO_HISTORICAL_GTFS_NAME_MATCH,NO_RESOLVED_GTFS_IDENTITY
PDF20260903:D184:P01:C06,D184,5,5,PEREGO statale incrocio via S.Caterina SR 342,19:46,1186,True,OLGIATE MOLGORA,RAVELLINO,1,6,https://www.leccotrasporti.it/percorsi/estivo/linea-d184.pdf,6d5246976d369a283ee5ec3f6a49481755cfce851dd81839ccca4588205dd6ea,SCHEDULED_PUBLISHED_TIME_NOT_OBSERVED_RUNTIME,RECONSTRUCTED_FROM_OFFICIAL_PRIMARY_TIMETABLE,,,NO_HISTORICAL_GTFS_NAME_MATCH,NO_RESOLVED_GTFS_IDENTITY
PDF20260903:D184:P01:C06,D184,6,6,S. MARIA HOE' Alpino Via Como,19:49,1189,True,OLGIATE MOLGORA,RAVELLINO,1,6,https://www.leccotrasporti.it/percorsi/estivo/linea-d184.pdf,6d5246976d369a283ee5ec3f6a49481755cfce851dd81839ccca4588205dd6ea,SCHEDULED_PUBLISHED_TIME_NOT_OBSERVED_RUNTIME,RECONSTRUCTED_FROM_OFFICIAL_PRIMARY_TIMETABLE,,,NO_HISTORICAL_GTFS_NAME_MATCH,NO_RESOLVED_GTFS_IDENTITY
PDF20260903:D184:P02:C01,D184,1,7,S. MARIA HOE Alpino Via Como,06:10,370,True,RAVELLINO,OLGIATE MOLGORA,2,1,https://www.leccotrasporti.it/percorsi/estivo/linea-d184.pdf,6d5246976d369a283ee5ec3f6a49481755cfce851dd81839ccca4588205dd6ea,SCHEDULED_PUBLISHED_TIME_NOT_OBSERVED_RUNTIME,RECONSTRUCTED_FROM_OFFICIAL_PRIMARY_TIMETABLE,,,NO_HISTORICAL_GTFS_NAME_MATCH,NO_RESOLVED_GTFS_IDENTITY
PDF20260903:D184:P02:C01,D184,2,8,PEREGO statale incrocio via S.Caterina,06:12,372,True,RAVELLINO,OLGIATE MOLGORA,2,1,https://www.leccotrasporti.it/percorsi/estivo/linea-d184.pdf,6d5246976d369a283ee5ec3f6a49481755cfce851dd81839ccca4588205dd6ea,SCHEDULED_PUBLISHED_TIME_NOT_OBSERVED_RUNTIME,RECONSTRUCTED_FROM_OFFICIAL_PRIMARY_TIMETABLE,,,NO_HISTORICAL_GTFS_NAME_MATCH,NO_RESOLVED_GTFS_IDENTITY
PDF20260903:D184:P02:C01,D184,3,9,ROVAGNATE statale incrocio via Lombardia,06:15,375,True,RAVELLINO,OLGIATE MOLGORA,2,1,https://www.leccotrasporti.it/percorsi/estivo/linea-d184.pdf,6d5246976d369a283ee5ec3f6a49481755cfce851dd81839ccca4588205dd6ea,SCHEDULED_PUBLISHED_TIME_NOT_OBSERVED_RUNTIME,RECONSTRUCTED_FROM_OFFICIAL_PRIMARY_TIMETABLE,,,NO_HISTORICAL_GTFS_NAME_MATCH,NO_RESOLVED_GTFS_IDENTITY
PDF20260903:D184:P02:C01,D184,4,10,S.MARIA HOE Alduno,06:16,376,True,RAVELLINO,OLGIATE MOLGORA,2,1,https://www.leccotrasporti.it/percorsi/estivo/linea-d184.pdf,6d5246976d369a283ee5ec3f6a49481755cfce851dd81839ccca4588205dd6ea,SCHEDULED_PUBLISHED_TIME_NOT_OBSERVED_RUNTIME,RECONSTRUCTED_FROM_OFFICIAL_PRIMARY_TIMETABLE,L00871,EX_041,RESOLVED_BEST_SEQUENCE_UNIQUE,JOINED_V1_PHYSICAL_CLUSTER_BY_EXACT_GTFS_STOP_ID
PDF20260903:D184:P02:C01,D184,5,11,OLGIATE MOLGORA Scarpone,06:18,378,True,RAVELLINO,OLGIATE MOLGORA,2,1,https://www.leccotrasporti.it/percorsi/estivo/linea-d184.pdf,6d5246976d369a283ee5ec3f6a49481755cfce851dd81839ccca4588205dd6ea,SCHEDULED_PUBLISHED_TIME_NOT_OBSERVED_RUNTIME,RECONSTRUCTED_FROM_OFFICIAL_PRIMARY_TIMETABLE,L00803,EX_023,RESOLVED_BEST_SEQUENCE_UNIQUE,JOINED_V1_PHYSICAL_CLUSTER_BY_EXACT_GTFS_STOP_ID
PDF20260903:D184:P02:C01,D184,6,12,OLGIATE MOLGORA FS,06:22,382,True,RAVELLINO,OLGIATE MOLGORA,2,1,https://www.leccotrasporti.it/percorsi/estivo/linea-d184.pdf,6d5246976d369a283ee5ec3f6a49481755cfce851dd81839ccca4588205dd6ea,SCHEDULED_PUBLISHED_TIME_NOT_OBSERVED_RUNTIME,RECONSTRUCTED_FROM_OFFICIAL_PRIMARY_TIMETABLE,300407,EX_011,RESOLVED_BEST_SEQUENCE_UNIQUE,JOINED_V1_PHYSICAL_CLUSTER_BY_EXACT_GTFS_STOP_ID
PDF20260903:D184:P02:C02,D184,1,1,RAVELLINO,06:58,418,True,RAVELLINO,OLGIATE MOLGORA,2,2,https://www.leccotrasporti.it/percorsi/estivo/linea-d184.pdf,6d5246976d369a283ee5ec3f6a49481755cfce851dd81839ccca4588205dd6ea,SCHEDULED_PUBLISHED_TIME_NOT_OBSERVED_RUNTIME,RECONSTRUCTED_FROM_OFFICIAL_PRIMARY_TIMETABLE,300194,,RESOLVED_BEST_SEQUENCE_UNIQUE,GTFS_IDENTIFIED_NOT_IN_V1_STOP_UNIVERSE
PDF20260903:D184:P02:C02,D184,2,2,NAVA,07:00,420,True,RAVELLINO,OLGIATE MOLGORA,2,2,https://www.leccotrasporti.it/percorsi/estivo/linea-d184.pdf,6d5246976d369a283ee5ec3f6a49481755cfce851dd81839ccca4588205dd6ea,SCHEDULED_PUBLISHED_TIME_NOT_OBSERVED_RUNTIME,RECONSTRUCTED_FROM_OFFICIAL_PRIMARY_TIMETABLE,L00808,,RESOLVED_BEST_SEQUENCE_UNIQUE,GTFS_IDENTIFIED_NOT_IN_V1_STOP_UNIVERSE
PDF20260903:D184:P02:C02,D184,3,3,PIE CASTELLO,07:02,422,True,RAVELLINO,OLGIATE MOLGORA,2,2,https://www.leccotrasporti.it/percorsi/estivo/linea-d184.pdf,6d5246976d369a283ee5ec3f6a49481755cfce851dd81839ccca4588205dd6ea,SCHEDULED_PUBLISHED_TIME_NOT_OBSERVED_RUNTIME,RECONSTRUCTED_FROM_OFFICIAL_PRIMARY_TIMETABLE,,,NO_HISTORICAL_GTFS_NAME_MATCH,NO_RESOLVED_GTFS_IDENTITY
PDF20260903:D184:P02:C02,D184,4,4,HOE',07:05,425,True,RAVELLINO,OLGIATE MOLGORA,2,2,https://www.leccotrasporti.it/percorsi/estivo/linea-d184.pdf,6d5246976d369a283ee5ec3f6a49481755cfce851dd81839ccca4588205dd6ea,SCHEDULED_PUBLISHED_TIME_NOT_OBSERVED_RUNTIME,RECONSTRUCTED_FROM_OFFICIAL_PRIMARY_TIMETABLE,,,AMBIGUOUS_HISTORICAL_GTFS,NO_RESOLVED_GTFS_IDENTITY
PDF20260903:D184:P02:C02,D184,5,6,S. MARIA HOE centro,07:08,428,True,RAVELLINO,OLGIATE MOLGORA,2,2,https://www.leccotrasporti.it/percorsi/estivo/linea-d184.pdf,6d5246976d369a283ee5ec3f6a49481755cfce851dd81839ccca4588205dd6ea,SCHEDULED_PUBLISHED_TIME_NOT_OBSERVED_RUNTIME,RECONSTRUCTED_FROM_OFFICIAL_PRIMARY_TIMETABLE,,,NO_HISTORICAL_GTFS_NAME_MATCH,NO_RESOLVED_GTFS_IDENTITY
PDF20260903:D184:P02:C02,D184,6,7,S. MARIA HOE Alpino Via Como,07:09,429,True,RAVELLINO,OLGIATE MOLGORA,2,2,https://www.leccotrasporti.it/percorsi/estivo/linea-d184.pdf,6d5246976d369a283ee5ec3f6a49481755cfce851dd81839ccca4588205dd6ea,SCHEDULED_PUBLISHED_TIME_NOT_OBSERVED_RUNTIME,RECONSTRUCTED_FROM_OFFICIAL_PRIMARY_TIMETABLE,,,NO_HISTORICAL_GTFS_NAME_MATCH,NO_RESOLVED_GTFS_IDENTITY
PDF20260903:D184:P02:C02,D184,7,8,PEREGO statale incrocio via S.Caterina,07:11,431,True,RAVELLINO,OLGIATE MOLGORA,2,2,https://www.leccotrasporti.it/percorsi/estivo/linea-d184.pdf,6d5246976d369a283ee5ec3f6a49481755cfce851dd81839ccca4588205dd6ea,SCHEDULED_PUBLISHED_TIME_NOT_OBSERVED_RUNTIME,RECONSTRUCTED_FROM_OFFICIAL_PRIMARY_TIMETABLE,,,NO_HISTORICAL_GTFS_NAME_MATCH,NO_RESOLVED_GTFS_IDENTITY
PDF20260903:D184:P02:C02,D184,8,9,ROVAGNATE statale incrocio via Lombardia,07:14,434,True,RAVELLINO,OLGIATE MOLGORA,2,2,https://www.leccotrasporti.it/percorsi/estivo/linea-d184.pdf,6d5246976d369a283ee5ec3f6a49481755cfce851dd81839ccca4588205dd6ea,SCHEDULED_PUBLISHED_TIME_NOT_OBSERVED_RUNTIME,RECONSTRUCTED_FROM_OFFICIAL_PRIMARY_TIMETABLE,,,NO_HISTORICAL_GTFS_NAME_MATCH,NO_RESOLVED_GTFS_IDENTITY
PDF20260903:D184:P02:C02,D184,9,10,S.MARIA HOE Alduno,07:15,435,True,RAVELLINO,OLGIATE MOLGORA,2,2,https://www.leccotrasporti.it/percorsi/estivo/linea-d184.pdf,6d5246976d369a283ee5ec3f6a49481755cfce851dd81839ccca4588205dd6ea,SCHEDULED_PUBLISHED_TIME_NOT_OBSERVED_RUNTIME,RECONSTRUCTED_FROM_OFFICIAL_PRIMARY_TIMETABLE,L00871,EX_041,RESOLVED_BEST_SEQUENCE_UNIQUE,JOINED_V1_PHYSICAL_CLUSTER_BY_EXACT_GTFS_STOP_ID
PDF20260903:D184:P02:C02,D184,10,11,OLGIATE MOLGORA Scarpone,07:17,437,True,RAVELLINO,OLGIATE MOLGORA,2,2,https://www.leccotrasporti.it/percorsi/estivo/linea-d184.pdf,6d5246976d369a283ee5ec3f6a49481755cfce851dd81839ccca4588205dd6ea,SCHEDULED_PUBLISHED_TIME_NOT_OBSERVED_RUNTIME,RECONSTRUCTED_FROM_OFFICIAL_PRIMARY_TIMETABLE,L00803,EX_023,RESOLVED_BEST_SEQUENCE_UNIQUE,JOINED_V1_PHYSICAL_CLUSTER_BY_EXACT_GTFS_STOP_ID
PDF20260903:D184:P02:C02,D184,11,12,OLGIATE MOLGORA FS,07:20,440,True,RAVELLINO,OLGIATE MOLGORA,2,2,https://www.leccotrasporti.it/percorsi/estivo/linea-d184.pdf,6d5246976d369a283ee5ec3f6a49481755cfce851dd81839ccca4588205dd6ea,SCHEDULED_PUBLISHED_TIME_NOT_OBSERVED_RUNTIME,RECONSTRUCTED_FROM_OFFICIAL_PRIMARY_TIMETABLE,300407,EX_011,RESOLVED_BEST_SEQUENCE_UNIQUE,JOINED_V1_PHYSICAL_CLUSTER_BY_EXACT_GTFS_STOP_ID
PDF20260903:D184:P02:C03,D184,1,1,RAVELLINO,14:02,842,True,RAVELLINO,OLGIATE MOLGORA,2,3,https://www.leccotrasporti.it/percorsi/estivo/linea-d184.pdf,6d5246976d369a283ee5ec3f6a49481755cfce851dd81839ccca4588205dd6ea,SCHEDULED_PUBLISHED_TIME_NOT_OBSERVED_RUNTIME,RECONSTRUCTED_FROM_OFFICIAL_PRIMARY_TIMETABLE,300194,,RESOLVED_BEST_SEQUENCE_UNIQUE,GTFS_IDENTIFIED_NOT_IN_V1_STOP_UNIVERSE
PDF20260903:D184:P02:C03,D184,2,2,NAVA,14:04,844,True,RAVELLINO,OLGIATE MOLGORA,2,3,https://www.leccotrasporti.it/percorsi/estivo/linea-d184.pdf,6d5246976d369a283ee5ec3f6a49481755cfce851dd81839ccca4588205dd6ea,SCHEDULED_PUBLISHED_TIME_NOT_OBSERVED_RUNTIME,RECONSTRUCTED_FROM_OFFICIAL_PRIMARY_TIMETABLE,L00808,,RESOLVED_BEST_SEQUENCE_UNIQUE,GTFS_IDENTIFIED_NOT_IN_V1_STOP_UNIVERSE
PDF20260903:D184:P02:C03,D184,3,3,PIE CASTELLO,14:06,846,True,RAVELLINO,OLGIATE MOLGORA,2,3,https://www.leccotrasporti.it/percorsi/estivo/linea-d184.pdf,6d5246976d369a283ee5ec3f6a49481755cfce851dd81839ccca4588205dd6ea,SCHEDULED_PUBLISHED_TIME_NOT_OBSERVED_RUNTIME,RECONSTRUCTED_FROM_OFFICIAL_PRIMARY_TIMETABLE,,,NO_HISTORICAL_GTFS_NAME_MATCH,NO_RESOLVED_GTFS_IDENTITY
PDF20260903:D184:P02:C03,D184,4,4,HOE',14:09,849,True,RAVELLINO,OLGIATE MOLGORA,2,3,https://www.leccotrasporti.it/percorsi/estivo/linea-d184.pdf,6d5246976d369a283ee5ec3f6a49481755cfce851dd81839ccca4588205dd6ea,SCHEDULED_PUBLISHED_TIME_NOT_OBSERVED_RUNTIME,RECONSTRUCTED_FROM_OFFICIAL_PRIMARY_TIMETABLE,,,AMBIGUOUS_HISTORICAL_GTFS,NO_RESOLVED_GTFS_IDENTITY
PDF20260903:D184:P02:C03,D184,5,6,S. MARIA HOE centro,14:12,852,True,RAVELLINO,OLGIATE MOLGORA,2,3,https://www.leccotrasporti.it/percorsi/estivo/linea-d184.pdf,6d5246976d369a283ee5ec3f6a49481755cfce851dd81839ccca4588205dd6ea,SCHEDULED_PUBLISHED_TIME_NOT_OBSERVED_RUNTIME,RECONSTRUCTED_FROM_OFFICIAL_PRIMARY_TIMETABLE,,,NO_HISTORICAL_GTFS_NAME_MATCH,NO_RESOLVED_GTFS_IDENTITY
PDF20260903:D184:P02:C03,D184,6,7,S. MARIA HOE Alpino Via Como,14:13,853,True,RAVELLINO,OLGIATE MOLGORA,2,3,https://www.leccotrasporti.it/percorsi/estivo/linea-d184.pdf,6d5246976d369a283ee5ec3f6a49481755cfce851dd81839ccca4588205dd6ea,SCHEDULED_PUBLISHED_TIME_NOT_OBSERVED_RUNTIME,RECONSTRUCTED_FROM_OFFICIAL_PRIMARY_TIMETABLE,,,NO_HISTORICAL_GTFS_NAME_MATCH,NO_RESOLVED_GTFS_IDENTITY
PDF20260903:D184:P02:C03,D184,7,8,PEREGO statale incrocio via S.Caterina,14:15,855,True,RAVELLINO,OLGIATE MOLGORA,2,3,https://www.leccotrasporti.it/percorsi/estivo/linea-d184.pdf,6d5246976d369a283ee5ec3f6a49481755cfce851dd81839ccca4588205dd6ea,SCHEDULED_PUBLISHED_TIME_NOT_OBSERVED_RUNTIME,RECONSTRUCTED_FROM_OFFICIAL_PRIMARY_TIMETABLE,,,NO_HISTORICAL_GTFS_NAME_MATCH,NO_RESOLVED_GTFS_IDENTITY
PDF20260903:D184:P02:C03,D184,8,9,ROVAGNATE statale incrocio via Lombardia,14:18,858,True,RAVELLINO,OLGIATE MOLGORA,2,3,https://www.leccotrasporti.it/percorsi/estivo/linea-d184.pdf,6d5246976d369a283ee5ec3f6a49481755cfce851dd81839ccca4588205dd6ea,SCHEDULED_PUBLISHED_TIME_NOT_OBSERVED_RUNTIME,RECONSTRUCTED_FROM_OFFICIAL_PRIMARY_TIMETABLE,,,NO_HISTORICAL_GTFS_NAME_MATCH,NO_RESOLVED_GTFS_IDENTITY
PDF20260903:D184:P02:C03,D184,9,10,S.MARIA HOE Alduno,14:19,859,True,RAVELLINO,OLGIATE MOLGORA,2,3,https://www.leccotrasporti.it/percorsi/estivo/linea-d184.pdf,6d5246976d369a283ee5ec3f6a49481755cfce851dd81839ccca4588205dd6ea,SCHEDULED_PUBLISHED_TIME_NOT_OBSERVED_RUNTIME,RECONSTRUCTED_FROM_OFFICIAL_PRIMARY_TIMETABLE,L00871,EX_041,RESOLVED_BEST_SEQUENCE_UNIQUE,JOINED_V1_PHYSICAL_CLUSTER_BY_EXACT_GTFS_STOP_ID
PDF20260903:D184:P02:C03,D184,10,11,OLGIATE MOLGORA Scarpone,14:21,861,True,RAVELLINO,OLGIATE MOLGORA,2,3,https://www.leccotrasporti.it/percorsi/estivo/linea-d184.pdf,6d5246976d369a283ee5ec3f6a49481755cfce851dd81839ccca4588205dd6ea,SCHEDULED_PUBLISHED_TIME_NOT_OBSERVED_RUNTIME,RECONSTRUCTED_FROM_OFFICIAL_PRIMARY_TIMETABLE,L00803,EX_023,RESOLVED_BEST_SEQUENCE_UNIQUE,JOINED_V1_PHYSICAL_CLUSTER_BY_EXACT_GTFS_STOP_ID
PDF20260903:D184:P02:C03,D184,11,12,OLGIATE MOLGORA FS,14:24,864,True,RAVELLINO,OLGIATE MOLGORA,2,3,https://www.leccotrasporti.it/percorsi/estivo/linea-d184.pdf,6d5246976d369a283ee5ec3f6a49481755cfce851dd81839ccca4588205dd6ea,SCHEDULED_PUBLISHED_TIME_NOT_OBSERVED_RUNTIME,RECONSTRUCTED_FROM_OFFICIAL_PRIMARY_TIMETABLE,300407,EX_011,RESOLVED_BEST_SEQUENCE_UNIQUE,JOINED_V1_PHYSICAL_CLUSTER_BY_EXACT_GTFS_STOP_ID
PDF20260903:D184:P02:C04,D184,1,1,RAVELLINO,15:02,902,True,RAVELLINO,OLGIATE MOLGORA,2,4,https://www.leccotrasporti.it/percorsi/estivo/linea-d184.pdf,6d5246976d369a283ee5ec3f6a49481755cfce851dd81839ccca4588205dd6ea,SCHEDULED_PUBLISHED_TIME_NOT_OBSERVED_RUNTIME,RECONSTRUCTED_FROM_OFFICIAL_PRIMARY_TIMETABLE,300194,,RESOLVED_BEST_SEQUENCE_UNIQUE,GTFS_IDENTIFIED_NOT_IN_V1_STOP_UNIVERSE
PDF20260903:D184:P02:C04,D184,2,2,NAVA,15:04,904,True,RAVELLINO,OLGIATE MOLGORA,2,4,https://www.leccotrasporti.it/percorsi/estivo/linea-d184.pdf,6d5246976d369a283ee5ec3f6a49481755cfce851dd81839ccca4588205dd6ea,SCHEDULED_PUBLISHED_TIME_NOT_OBSERVED_RUNTIME,RECONSTRUCTED_FROM_OFFICIAL_PRIMARY_TIMETABLE,L00808,,RESOLVED_BEST_SEQUENCE_UNIQUE,GTFS_IDENTIFIED_NOT_IN_V1_STOP_UNIVERSE
PDF20260903:D184:P02:C04,D184,3,3,PIE CASTELLO,15:06,906,True,RAVELLINO,OLGIATE MOLGORA,2,4,https://www.leccotrasporti.it/percorsi/estivo/linea-d184.pdf,6d5246976d369a283ee5ec3f6a49481755cfce851dd81839ccca4588205dd6ea,SCHEDULED_PUBLISHED_TIME_NOT_OBSERVED_RUNTIME,RECONSTRUCTED_FROM_OFFICIAL_PRIMARY_TIMETABLE,,,NO_HISTORICAL_GTFS_NAME_MATCH,NO_RESOLVED_GTFS_IDENTITY
PDF20260903:D184:P02:C04,D184,4,4,HOE',15:09,909,True,RAVELLINO,OLGIATE MOLGORA,2,4,https://www.leccotrasporti.it/percorsi/estivo/linea-d184.pdf,6d5246976d369a283ee5ec3f6a49481755cfce851dd81839ccca4588205dd6ea,SCHEDULED_PUBLISHED_TIME_NOT_OBSERVED_RUNTIME,RECONSTRUCTED_FROM_OFFICIAL_PRIMARY_TIMETABLE,,,AMBIGUOUS_HISTORICAL_GTFS,NO_RESOLVED_GTFS_IDENTITY
PDF20260903:D184:P02:C04,D184,5,6,S. MARIA HOE centro,15:12,912,True,RAVELLINO,OLGIATE MOLGORA,2,4,https://www.leccotrasporti.it/percorsi/estivo/linea-d184.pdf,6d5246976d369a283ee5ec3f6a49481755cfce851dd81839ccca4588205dd6ea,SCHEDULED_PUBLISHED_TIME_NOT_OBSERVED_RUNTIME,RECONSTRUCTED_FROM_OFFICIAL_PRIMARY_TIMETABLE,,,NO_HISTORICAL_GTFS_NAME_MATCH,NO_RESOLVED_GTFS_IDENTITY
PDF20260903:D184:P02:C04,D184,6,7,S. MARIA HOE Alpino Via Como,15:13,913,True,RAVELLINO,OLGIATE MOLGORA,2,4,https://www.leccotrasporti.it/percorsi/estivo/linea-d184.pdf,6d5246976d369a283ee5ec3f6a49481755cfce851dd81839ccca4588205dd6ea,SCHEDULED_PUBLISHED_TIME_NOT_OBSERVED_RUNTIME,RECONSTRUCTED_FROM_OFFICIAL_PRIMARY_TIMETABLE,,,NO_HISTORICAL_GTFS_NAME_MATCH,NO_RESOLVED_GTFS_IDENTITY
PDF20260903:D184:P02:C04,D184,7,8,PEREGO statale incrocio via S.Caterina,15:15,915,True,RAVELLINO,OLGIATE MOLGORA,2,4,https://www.leccotrasporti.it/percorsi/estivo/linea-d184.pdf,6d5246976d369a283ee5ec3f6a49481755cfce851dd81839ccca4588205dd6ea,SCHEDULED_PUBLISHED_TIME_NOT_OBSERVED_RUNTIME,RECONSTRUCTED_FROM_OFFICIAL_PRIMARY_TIMETABLE,,,NO_HISTORICAL_GTFS_NAME_MATCH,NO_RESOLVED_GTFS_IDENTITY
PDF20260903:D184:P02:C04,D184,8,9,ROVAGNATE statale incrocio via Lombardia,15:18,918,True,RAVELLINO,OLGIATE MOLGORA,2,4,https://www.leccotrasporti.it/percorsi/estivo/linea-d184.pdf,6d5246976d369a283ee5ec3f6a49481755cfce851dd81839ccca4588205dd6ea,SCHEDULED_PUBLISHED_TIME_NOT_OBSERVED_RUNTIME,RECONSTRUCTED_FROM_OFFICIAL_PRIMARY_TIMETABLE,,,NO_HISTORICAL_GTFS_NAME_MATCH,NO_RESOLVED_GTFS_IDENTITY
PDF20260903:D184:P02:C04,D184,9,10,S.MARIA HOE Alduno,15:19,919,True,RAVELLINO,OLGIATE MOLGORA,2,4,https://www.leccotrasporti.it/percorsi/estivo/linea-d184.pdf,6d5246976d369a283ee5ec3f6a49481755cfce851dd81839ccca4588205dd6ea,SCHEDULED_PUBLISHED_TIME_NOT_OBSERVED_RUNTIME,RECONSTRUCTED_FROM_OFFICIAL_PRIMARY_TIMETABLE,L00871,EX_041,RESOLVED_BEST_SEQUENCE_UNIQUE,JOINED_V1_PHYSICAL_CLUSTER_BY_EXACT_GTFS_STOP_ID
PDF20260903:D184:P02:C04,D184,10,11,OLGIATE MOLGORA Scarpone,15:21,921,True,RAVELLINO,OLGIATE MOLGORA,2,4,https://www.leccotrasporti.it/percorsi/estivo/linea-d184.pdf,6d5246976d369a283ee5ec3f6a49481755cfce851dd81839ccca4588205dd6ea,SCHEDULED_PUBLISHED_TIME_NOT_OBSERVED_RUNTIME,RECONSTRUCTED_FROM_OFFICIAL_PRIMARY_TIMETABLE,L00803,EX_023,RESOLVED_BEST_SEQUENCE_UNIQUE,JOINED_V1_PHYSICAL_CLUSTER_BY_EXACT_GTFS_STOP_ID
PDF20260903:D184:P02:C04,D184,11,12,OLGIATE MOLGORA FS,15:24,924,True,RAVELLINO,OLGIATE MOLGORA,2,4,https://www.leccotrasporti.it/percorsi/estivo/linea-d184.pdf,6d5246976d369a283ee5ec3f6a49481755cfce851dd81839ccca4588205dd6ea,SCHEDULED_PUBLISHED_TIME_NOT_OBSERVED_RUNTIME,RECONSTRUCTED_FROM_OFFICIAL_PRIMARY_TIMETABLE,300407,EX_011,RESOLVED_BEST_SEQUENCE_UNIQUE,JOINED_V1_PHYSICAL_CLUSTER_BY_EXACT_GTFS_STOP_ID
PDF20260903:D184:P02:C05,D184,1,1,RAVELLINO,18:02,1082,True,RAVELLINO,OLGIATE MOLGORA,2,5,https://www.leccotrasporti.it/percorsi/estivo/linea-d184.pdf,6d5246976d369a283ee5ec3f6a49481755cfce851dd81839ccca4588205dd6ea,SCHEDULED_PUBLISHED_TIME_NOT_OBSERVED_RUNTIME,RECONSTRUCTED_FROM_OFFICIAL_PRIMARY_TIMETABLE,300194,,RESOLVED_BEST_SEQUENCE_UNIQUE,GTFS_IDENTIFIED_NOT_IN_V1_STOP_UNIVERSE
PDF20260903:D184:P02:C05,D184,2,2,NAVA,18:04,1084,True,RAVELLINO,OLGIATE MOLGORA,2,5,https://www.leccotrasporti.it/percorsi/estivo/linea-d184.pdf,6d5246976d369a283ee5ec3f6a49481755cfce851dd81839ccca4588205dd6ea,SCHEDULED_PUBLISHED_TIME_NOT_OBSERVED_RUNTIME,RECONSTRUCTED_FROM_OFFICIAL_PRIMARY_TIMETABLE,L00808,,RESOLVED_BEST_SEQUENCE_UNIQUE,GTFS_IDENTIFIED_NOT_IN_V1_STOP_UNIVERSE
PDF20260903:D184:P02:C05,D184,3,3,PIE CASTELLO,18:06,1086,True,RAVELLINO,OLGIATE MOLGORA,2,5,https://www.leccotrasporti.it/percorsi/estivo/linea-d184.pdf,6d5246976d369a283ee5ec3f6a49481755cfce851dd81839ccca4588205dd6ea,SCHEDULED_PUBLISHED_TIME_NOT_OBSERVED_RUNTIME,RECONSTRUCTED_FROM_OFFICIAL_PRIMARY_TIMETABLE,,,NO_HISTORICAL_GTFS_NAME_MATCH,NO_RESOLVED_GTFS_IDENTITY
PDF20260903:D184:P02:C05,D184,4,4,HOE',18:09,1089,True,RAVELLINO,OLGIATE MOLGORA,2,5,https://www.leccotrasporti.it/percorsi/estivo/linea-d184.pdf,6d5246976d369a283ee5ec3f6a49481755cfce851dd81839ccca4588205dd6ea,SCHEDULED_PUBLISHED_TIME_NOT_OBSERVED_RUNTIME,RECONSTRUCTED_FROM_OFFICIAL_PRIMARY_TIMETABLE,,,AMBIGUOUS_HISTORICAL_GTFS,NO_RESOLVED_GTFS_IDENTITY
PDF20260903:D184:P02:C05,D184,5,6,S. MARIA HOE centro,18:12,1092,True,RAVELLINO,OLGIATE MOLGORA,2,5,https://www.leccotrasporti.it/percorsi/estivo/linea-d184.pdf,6d5246976d369a283ee5ec3f6a49481755cfce851dd81839ccca4588205dd6ea,SCHEDULED_PUBLISHED_TIME_NOT_OBSERVED_RUNTIME,RECONSTRUCTED_FROM_OFFICIAL_PRIMARY_TIMETABLE,,,NO_HISTORICAL_GTFS_NAME_MATCH,NO_RESOLVED_GTFS_IDENTITY
PDF20260903:D184:P02:C05,D184,6,7,S. MARIA HOE Alpino Via Como,18:13,1093,True,RAVELLINO,OLGIATE MOLGORA,2,5,https://www.leccotrasporti.it/percorsi/estivo/linea-d184.pdf,6d5246976d369a283ee5ec3f6a49481755cfce851dd81839ccca4588205dd6ea,SCHEDULED_PUBLISHED_TIME_NOT_OBSERVED_RUNTIME,RECONSTRUCTED_FROM_OFFICIAL_PRIMARY_TIMETABLE,,,NO_HISTORICAL_GTFS_NAME_MATCH,NO_RESOLVED_GTFS_IDENTITY
PDF20260903:D184:P02:C05,D184,7,8,PEREGO statale incrocio via S.Caterina,18:15,1095,True,RAVELLINO,OLGIATE MOLGORA,2,5,https://www.leccotrasporti.it/percorsi/estivo/linea-d184.pdf,6d5246976d369a283ee5ec3f6a49481755cfce851dd81839ccca4588205dd6ea,SCHEDULED_PUBLISHED_TIME_NOT_OBSERVED_RUNTIME,RECONSTRUCTED_FROM_OFFICIAL_PRIMARY_TIMETABLE,,,NO_HISTORICAL_GTFS_NAME_MATCH,NO_RESOLVED_GTFS_IDENTITY
PDF20260903:D184:P02:C05,D184,8,9,ROVAGNATE statale incrocio via Lombardia,18:18,1098,True,RAVELLINO,OLGIATE MOLGORA,2,5,https://www.leccotrasporti.it/percorsi/estivo/linea-d184.pdf,6d5246976d369a283ee5ec3f6a49481755cfce851dd81839ccca4588205dd6ea,SCHEDULED_PUBLISHED_TIME_NOT_OBSERVED_RUNTIME,RECONSTRUCTED_FROM_OFFICIAL_PRIMARY_TIMETABLE,,,NO_HISTORICAL_GTFS_NAME_MATCH,NO_RESOLVED_GTFS_IDENTITY
PDF20260903:D184:P02:C05,D184,9,10,S.MARIA HOE Alduno,18:19,1099,True,RAVELLINO,OLGIATE MOLGORA,2,5,https://www.leccotrasporti.it/percorsi/estivo/linea-d184.pdf,6d5246976d369a283ee5ec3f6a49481755cfce851dd81839ccca4588205dd6ea,SCHEDULED_PUBLISHED_TIME_NOT_OBSERVED_RUNTIME,RECONSTRUCTED_FROM_OFFICIAL_PRIMARY_TIMETABLE,L00871,EX_041,RESOLVED_BEST_SEQUENCE_UNIQUE,JOINED_V1_PHYSICAL_CLUSTER_BY_EXACT_GTFS_STOP_ID
PDF20260903:D184:P02:C05,D184,10,11,OLGIATE MOLGORA Scarpone,18:21,1101,True,RAVELLINO,OLGIATE MOLGORA,2,5,https://www.leccotrasporti.it/percorsi/estivo/linea-d184.pdf,6d5246976d369a283ee5ec3f6a49481755cfce851dd81839ccca4588205dd6ea,SCHEDULED_PUBLISHED_TIME_NOT_OBSERVED_RUNTIME,RECONSTRUCTED_FROM_OFFICIAL_PRIMARY_TIMETABLE,L00803,EX_023,RESOLVED_BEST_SEQUENCE_UNIQUE,JOINED_V1_PHYSICAL_CLUSTER_BY_EXACT_GTFS_STOP_ID
PDF20260903:D184:P02:C05,D184,11,12,OLGIATE MOLGORA FS,18:24,1104,True,RAVELLINO,OLGIATE MOLGORA,2,5,https://www.leccotrasporti.it/percorsi/estivo/linea-d184.pdf,6d5246976d369a283ee5ec3f6a49481755cfce851dd81839ccca4588205dd6ea,SCHEDULED_PUBLISHED_TIME_NOT_OBSERVED_RUNTIME,RECONSTRUCTED_FROM_OFFICIAL_PRIMARY_TIMETABLE,300407,EX_011,RESOLVED_BEST_SEQUENCE_UNIQUE,JOINED_V1_PHYSICAL_CLUSTER_BY_EXACT_GTFS_STOP_ID
PDF20260903:D184:P02:C06,D184,1,1,RAVELLINO,19:02,1142,True,RAVELLINO,OLGIATE MOLGORA,2,6,https://www.leccotrasporti.it/percorsi/estivo/linea-d184.pdf,6d5246976d369a283ee5ec3f6a49481755cfce851dd81839ccca4588205dd6ea,SCHEDULED_PUBLISHED_TIME_NOT_OBSERVED_RUNTIME,RECONSTRUCTED_FROM_OFFICIAL_PRIMARY_TIMETABLE,300194,,RESOLVED_BEST_SEQUENCE_UNIQUE,GTFS_IDENTIFIED_NOT_IN_V1_STOP_UNIVERSE
PDF20260903:D184:P02:C06,D184,2,2,NAVA,19:04,1144,True,RAVELLINO,OLGIATE MOLGORA,2,6,https://www.leccotrasporti.it/percorsi/estivo/linea-d184.pdf,6d5246976d369a283ee5ec3f6a49481755cfce851dd81839ccca4588205dd6ea,SCHEDULED_PUBLISHED_TIME_NOT_OBSERVED_RUNTIME,RECONSTRUCTED_FROM_OFFICIAL_PRIMARY_TIMETABLE,L00808,,RESOLVED_BEST_SEQUENCE_UNIQUE,GTFS_IDENTIFIED_NOT_IN_V1_STOP_UNIVERSE
PDF20260903:D184:P02:C06,D184,3,3,PIE CASTELLO,19:06,1146,True,RAVELLINO,OLGIATE MOLGORA,2,6,https://www.leccotrasporti.it/percorsi/estivo/linea-d184.pdf,6d5246976d369a283ee5ec3f6a49481755cfce851dd81839ccca4588205dd6ea,SCHEDULED_PUBLISHED_TIME_NOT_OBSERVED_RUNTIME,RECONSTRUCTED_FROM_OFFICIAL_PRIMARY_TIMETABLE,,,NO_HISTORICAL_GTFS_NAME_MATCH,NO_RESOLVED_GTFS_IDENTITY
PDF20260903:D184:P02:C06,D184,4,4,HOE',19:09,1149,True,RAVELLINO,OLGIATE MOLGORA,2,6,https://www.leccotrasporti.it/percorsi/estivo/linea-d184.pdf,6d5246976d369a283ee5ec3f6a49481755cfce851dd81839ccca4588205dd6ea,SCHEDULED_PUBLISHED_TIME_NOT_OBSERVED_RUNTIME,RECONSTRUCTED_FROM_OFFICIAL_PRIMARY_TIMETABLE,,,AMBIGUOUS_HISTORICAL_GTFS,NO_RESOLVED_GTFS_IDENTITY
PDF20260903:D184:P02:C06,D184,5,6,S. MARIA HOE centro,19:12,1152,True,RAVELLINO,OLGIATE MOLGORA,2,6,https://www.leccotrasporti.it/percorsi/estivo/linea-d184.pdf,6d5246976d369a283ee5ec3f6a49481755cfce851dd81839ccca4588205dd6ea,SCHEDULED_PUBLISHED_TIME_NOT_OBSERVED_RUNTIME,RECONSTRUCTED_FROM_OFFICIAL_PRIMARY_TIMETABLE,,,NO_HISTORICAL_GTFS_NAME_MATCH,NO_RESOLVED_GTFS_IDENTITY
PDF20260903:D184:P02:C06,D184,6,7,S. MARIA HOE Alpino Via Como,19:13,1153,True,RAVELLINO,OLGIATE MOLGORA,2,6,https://www.leccotrasporti.it/percorsi/estivo/linea-d184.pdf,6d5246976d369a283ee5ec3f6a49481755cfce851dd81839ccca4588205dd6ea,SCHEDULED_PUBLISHED_TIME_NOT_OBSERVED_RUNTIME,RECONSTRUCTED_FROM_OFFICIAL_PRIMARY_TIMETABLE,,,NO_HISTORICAL_GTFS_NAME_MATCH,NO_RESOLVED_GTFS_IDENTITY
PDF20260903:D184:P02:C06,D184,7,8,PEREGO statale incrocio via S.Caterina,19:15,1155,True,RAVELLINO,OLGIATE MOLGORA,2,6,https://www.leccotrasporti.it/percorsi/estivo/linea-d184.pdf,6d5246976d369a283ee5ec3f6a49481755cfce851dd81839ccca4588205dd6ea,SCHEDULED_PUBLISHED_TIME_NOT_OBSERVED_RUNTIME,RECONSTRUCTED_FROM_OFFICIAL_PRIMARY_TIMETABLE,,,NO_HISTORICAL_GTFS_NAME_MATCH,NO_RESOLVED_GTFS_IDENTITY
PDF20260903:D184:P02:C06,D184,8,9,ROVAGNATE statale incrocio via Lombardia,19:18,1158,True,RAVELLINO,OLGIATE MOLGORA,2,6,https://www.leccotrasporti.it/percorsi/estivo/linea-d184.pdf,6d5246976d369a283ee5ec3f6a49481755cfce851dd81839ccca4588205dd6ea,SCHEDULED_PUBLISHED_TIME_NOT_OBSERVED_RUNTIME,RECONSTRUCTED_FROM_OFFICIAL_PRIMARY_TIMETABLE,,,NO_HISTORICAL_GTFS_NAME_MATCH,NO_RESOLVED_GTFS_IDENTITY
PDF20260903:D184:P02:C06,D184,9,10,S.MARIA HOE Alduno,19:19,1159,True,RAVELLINO,OLGIATE MOLGORA,2,6,https://www.leccotrasporti.it/percorsi/estivo/linea-d184.pdf,6d5246976d369a283ee5ec3f6a49481755cfce851dd81839ccca4588205dd6ea,SCHEDULED_PUBLISHED_TIME_NOT_OBSERVED_RUNTIME,RECONSTRUCTED_FROM_OFFICIAL_PRIMARY_TIMETABLE,L00871,EX_041,RESOLVED_BEST_SEQUENCE_UNIQUE,JOINED_V1_PHYSICAL_CLUSTER_BY_EXACT_GTFS_STOP_ID
PDF20260903:D184:P02:C06,D184,10,11,OLGIATE MOLGORA Scarpone,19:21,1161,True,RAVELLINO,OLGIATE MOLGORA,2,6,https://www.leccotrasporti.it/percorsi/estivo/linea-d184.pdf,6d5246976d369a283ee5ec3f6a49481755cfce851dd81839ccca4588205dd6ea,SCHEDULED_PUBLISHED_TIME_NOT_OBSERVED_RUNTIME,RECONSTRUCTED_FROM_OFFICIAL_PRIMARY_TIMETABLE,L00803,EX_023,RESOLVED_BEST_SEQUENCE_UNIQUE,JOINED_V1_PHYSICAL_CLUSTER_BY_EXACT_GTFS_STOP_ID
PDF20260903:D184:P02:C06,D184,11,12,OLGIATE MOLGORA FS,19:24,1164,True,RAVELLINO,OLGIATE MOLGORA,2,6,https://www.leccotrasporti.it/percorsi/estivo/linea-d184.pdf,6d5246976d369a283ee5ec3f6a49481755cfce851dd81839ccca4588205dd6ea,SCHEDULED_PUBLISHED_TIME_NOT_OBSERVED_RUNTIME,RECONSTRUCTED_FROM_OFFICIAL_PRIMARY_TIMETABLE,300407,EX_011,RESOLVED_BEST_SEQUENCE_UNIQUE,JOINED_V1_PHYSICAL_CLUSTER_BY_EXACT_GTFS_STOP_ID
PDF20260903:D185:P01:C01,D185,1,1,CELANA,06:25,385,True,CELANA,OLGIATE MOLGORA,1,1,https://www.leccotrasporti.it/percorsi/estivo/linea-d185.pdf,31f2da4a8f6539bbb08da8b7ec08b8d4a475f38482f880d3d1206ef9fbd90c66,SCHEDULED_PUBLISHED_TIME_NOT_OBSERVED_RUNTIME,RECONSTRUCTED_FROM_OFFICIAL_PRIMARY_TIMETABLE,,,AMBIGUOUS_HISTORICAL_GTFS,NO_RESOLVED_GTFS_IDENTITY
PDF20260903:D185:P01:C01,D185,2,2,SANT'ANTONIO D'ADDA,06:30,390,True,CELANA,OLGIATE MOLGORA,1,1,https://www.leccotrasporti.it/percorsi/estivo/linea-d185.pdf,31f2da4a8f6539bbb08da8b7ec08b8d4a475f38482f880d3d1206ef9fbd90c66,SCHEDULED_PUBLISHED_TIME_NOT_OBSERVED_RUNTIME,RECONSTRUCTED_FROM_OFFICIAL_PRIMARY_TIMETABLE,,,AMBIGUOUS_HISTORICAL_GTFS,NO_RESOLVED_GTFS_IDENTITY
PDF20260903:D185:P01:C01,D185,3,3,CAPRINO Piazza Marconi,06:35,395,True,CELANA,OLGIATE MOLGORA,1,1,https://www.leccotrasporti.it/percorsi/estivo/linea-d185.pdf,31f2da4a8f6539bbb08da8b7ec08b8d4a475f38482f880d3d1206ef9fbd90c66,SCHEDULED_PUBLISHED_TIME_NOT_OBSERVED_RUNTIME,RECONSTRUCTED_FROM_OFFICIAL_PRIMARY_TIMETABLE,300402,,RESOLVED_BEST_SEQUENCE_UNIQUE,GTFS_IDENTIFIED_NOT_IN_V1_STOP_UNIVERSE
PDF20260903:D185:P01:C01,D185,4,4,CAPRINO Cava,06:38,398,True,CELANA,OLGIATE MOLGORA,1,1,https://www.leccotrasporti.it/percorsi/estivo/linea-d185.pdf,31f2da4a8f6539bbb08da8b7ec08b8d4a475f38482f880d3d1206ef9fbd90c66,SCHEDULED_PUBLISHED_TIME_NOT_OBSERVED_RUNTIME,RECONSTRUCTED_FROM_OFFICIAL_PRIMARY_TIMETABLE,300403,,RESOLVED_ROUTE_NAME_UNIQUE,GTFS_IDENTIFIED_NOT_IN_V1_STOP_UNIVERSE
PDF20260903:D185:P01:C01,D185,5,5,CISANO Municipio,06:39,399,True,CELANA,OLGIATE MOLGORA,1,1,https://www.leccotrasporti.it/percorsi/estivo/linea-d185.pdf,31f2da4a8f6539bbb08da8b7ec08b8d4a475f38482f880d3d1206ef9fbd90c66,SCHEDULED_PUBLISHED_TIME_NOT_OBSERVED_RUNTIME,RECONSTRUCTED_FROM_OFFICIAL_PRIMARY_TIMETABLE,300484,,RESOLVED_BEST_SEQUENCE_UNIQUE,GTFS_IDENTIFIED_NOT_IN_V1_STOP_UNIVERSE
PDF20260903:D185:P01:C01,D185,6,6,CISANO FS,06:40,400,True,CELANA,OLGIATE MOLGORA,1,1,https://www.leccotrasporti.it/percorsi/estivo/linea-d185.pdf,31f2da4a8f6539bbb08da8b7ec08b8d4a475f38482f880d3d1206ef9fbd90c66,SCHEDULED_PUBLISHED_TIME_NOT_OBSERVED_RUNTIME,RECONSTRUCTED_FROM_OFFICIAL_PRIMARY_TIMETABLE,,,AMBIGUOUS_HISTORICAL_GTFS,NO_RESOLVED_GTFS_IDENTITY
PDF20260903:D185:P01:C01,D185,7,7,CISANO Via Mazzini,06:40,400,True,CELANA,OLGIATE MOLGORA,1,1,https://www.leccotrasporti.it/percorsi/estivo/linea-d185.pdf,31f2da4a8f6539bbb08da8b7ec08b8d4a475f38482f880d3d1206ef9fbd90c66,SCHEDULED_PUBLISHED_TIME_NOT_OBSERVED_RUNTIME,RECONSTRUCTED_FROM_OFFICIAL_PRIMARY_TIMETABLE,,,NO_HISTORICAL_GTFS_NAME_MATCH,NO_RESOLVED_GTFS_IDENTITY
PDF20260903:D185:P01:C01,D185,8,9,BRIVIO Capolinea,07:00,420,True,CELANA,OLGIATE MOLGORA,1,1,https://www.leccotrasporti.it/percorsi/estivo/linea-d185.pdf,31f2da4a8f6539bbb08da8b7ec08b8d4a475f38482f880d3d1206ef9fbd90c66,SCHEDULED_PUBLISHED_TIME_NOT_OBSERVED_RUNTIME,RECONSTRUCTED_FROM_OFFICIAL_PRIMARY_TIMETABLE,L00063,EX_036,RESOLVED_BEST_SEQUENCE_UNIQUE,JOINED_V1_PHYSICAL_CLUSTER_BY_EXACT_GTFS_STOP_ID
PDF20260903:D185:P01:C01,D185,9,10,BEVERATE,07:05,425,True,CELANA,OLGIATE MOLGORA,1,1,https://www.leccotrasporti.it/percorsi/estivo/linea-d185.pdf,31f2da4a8f6539bbb08da8b7ec08b8d4a475f38482f880d3d1206ef9fbd90c66,SCHEDULED_PUBLISHED_TIME_NOT_OBSERVED_RUNTIME,RECONSTRUCTED_FROM_OFFICIAL_PRIMARY_TIMETABLE,,,AMBIGUOUS_HISTORICAL_GTFS,NO_RESOLVED_GTFS_IDENTITY
PDF20260903:D185:P01:C01,D185,10,11,OLGIATE Via Nazionale,07:07,427,True,CELANA,OLGIATE MOLGORA,1,1,https://www.leccotrasporti.it/percorsi/estivo/linea-d185.pdf,31f2da4a8f6539bbb08da8b7ec08b8d4a475f38482f880d3d1206ef9fbd90c66,SCHEDULED_PUBLISHED_TIME_NOT_OBSERVED_RUNTIME,RECONSTRUCTED_FROM_OFFICIAL_PRIMARY_TIMETABLE,,,NO_HISTORICAL_GTFS_NAME_MATCH,NO_RESOLVED_GTFS_IDENTITY
PDF20260903:D185:P01:C01,D185,11,12,CALCO Via Virgilio,07:10,430,True,CELANA,OLGIATE MOLGORA,1,1,https://www.leccotrasporti.it/percorsi/estivo/linea-d185.pdf,31f2da4a8f6539bbb08da8b7ec08b8d4a475f38482f880d3d1206ef9fbd90c66,SCHEDULED_PUBLISHED_TIME_NOT_OBSERVED_RUNTIME,RECONSTRUCTED_FROM_OFFICIAL_PRIMARY_TIMETABLE,,,AMBIGUOUS_HISTORICAL_GTFS,NO_RESOLVED_GTFS_IDENTITY
PDF20260903:D185:P01:C01,D185,12,13,OLGIATE MOLGORA FS,07:15,435,True,CELANA,OLGIATE MOLGORA,1,1,https://www.leccotrasporti.it/percorsi/estivo/linea-d185.pdf,31f2da4a8f6539bbb08da8b7ec08b8d4a475f38482f880d3d1206ef9fbd90c66,SCHEDULED_PUBLISHED_TIME_NOT_OBSERVED_RUNTIME,RECONSTRUCTED_FROM_OFFICIAL_PRIMARY_TIMETABLE,300407,EX_011,RESOLVED_BEST_SEQUENCE_UNIQUE,JOINED_V1_PHYSICAL_CLUSTER_BY_EXACT_GTFS_STOP_ID
PDF20260903:D185:P01:C02,D185,1,3,CAPRINO Piazza Marconi,08:10,490,True,CELANA,OLGIATE MOLGORA,1,2,https://www.leccotrasporti.it/percorsi/estivo/linea-d185.pdf,31f2da4a8f6539bbb08da8b7ec08b8d4a475f38482f880d3d1206ef9fbd90c66,SCHEDULED_PUBLISHED_TIME_NOT_OBSERVED_RUNTIME,RECONSTRUCTED_FROM_OFFICIAL_PRIMARY_TIMETABLE,300402,,RESOLVED_BEST_SEQUENCE_UNIQUE,GTFS_IDENTIFIED_NOT_IN_V1_STOP_UNIVERSE
PDF20260903:D185:P01:C02,D185,2,4,CAPRINO Cava,08:13,493,True,CELANA,OLGIATE MOLGORA,1,2,https://www.leccotrasporti.it/percorsi/estivo/linea-d185.pdf,31f2da4a8f6539bbb08da8b7ec08b8d4a475f38482f880d3d1206ef9fbd90c66,SCHEDULED_PUBLISHED_TIME_NOT_OBSERVED_RUNTIME,RECONSTRUCTED_FROM_OFFICIAL_PRIMARY_TIMETABLE,300403,,RESOLVED_ROUTE_NAME_UNIQUE,GTFS_IDENTIFIED_NOT_IN_V1_STOP_UNIVERSE
PDF20260903:D185:P01:C02,D185,3,5,CISANO Municipio,08:14,494,True,CELANA,OLGIATE MOLGORA,1,2,https://www.leccotrasporti.it/percorsi/estivo/linea-d185.pdf,31f2da4a8f6539bbb08da8b7ec08b8d4a475f38482f880d3d1206ef9fbd90c66,SCHEDULED_PUBLISHED_TIME_NOT_OBSERVED_RUNTIME,RECONSTRUCTED_FROM_OFFICIAL_PRIMARY_TIMETABLE,300484,,RESOLVED_BEST_SEQUENCE_UNIQUE,GTFS_IDENTIFIED_NOT_IN_V1_STOP_UNIVERSE
PDF20260903:D185:P01:C02,D185,4,7,CISANO Via Mazzini,08:15,495,True,CELANA,OLGIATE MOLGORA,1,2,https://www.leccotrasporti.it/percorsi/estivo/linea-d185.pdf,31f2da4a8f6539bbb08da8b7ec08b8d4a475f38482f880d3d1206ef9fbd90c66,SCHEDULED_PUBLISHED_TIME_NOT_OBSERVED_RUNTIME,RECONSTRUCTED_FROM_OFFICIAL_PRIMARY_TIMETABLE,,,NO_HISTORICAL_GTFS_NAME_MATCH,NO_RESOLVED_GTFS_IDENTITY
PDF20260903:D185:P01:C02,D185,5,9,BRIVIO Capolinea,08:35,515,True,CELANA,OLGIATE MOLGORA,1,2,https://www.leccotrasporti.it/percorsi/estivo/linea-d185.pdf,31f2da4a8f6539bbb08da8b7ec08b8d4a475f38482f880d3d1206ef9fbd90c66,SCHEDULED_PUBLISHED_TIME_NOT_OBSERVED_RUNTIME,RECONSTRUCTED_FROM_OFFICIAL_PRIMARY_TIMETABLE,L00063,EX_036,RESOLVED_BEST_SEQUENCE_UNIQUE,JOINED_V1_PHYSICAL_CLUSTER_BY_EXACT_GTFS_STOP_ID
PDF20260903:D185:P01:C02,D185,6,10,BEVERATE,08:40,520,True,CELANA,OLGIATE MOLGORA,1,2,https://www.leccotrasporti.it/percorsi/estivo/linea-d185.pdf,31f2da4a8f6539bbb08da8b7ec08b8d4a475f38482f880d3d1206ef9fbd90c66,SCHEDULED_PUBLISHED_TIME_NOT_OBSERVED_RUNTIME,RECONSTRUCTED_FROM_OFFICIAL_PRIMARY_TIMETABLE,,,AMBIGUOUS_HISTORICAL_GTFS,NO_RESOLVED_GTFS_IDENTITY
PDF20260903:D185:P01:C02,D185,7,11,OLGIATE Via Nazionale,08:42,522,True,CELANA,OLGIATE MOLGORA,1,2,https://www.leccotrasporti.it/percorsi/estivo/linea-d185.pdf,31f2da4a8f6539bbb08da8b7ec08b8d4a475f38482f880d3d1206ef9fbd90c66,SCHEDULED_PUBLISHED_TIME_NOT_OBSERVED_RUNTIME,RECONSTRUCTED_FROM_OFFICIAL_PRIMARY_TIMETABLE,,,NO_HISTORICAL_GTFS_NAME_MATCH,NO_RESOLVED_GTFS_IDENTITY
PDF20260903:D185:P01:C02,D185,8,12,CALCO Via Virgilio,08:45,525,True,CELANA,OLGIATE MOLGORA,1,2,https://www.leccotrasporti.it/percorsi/estivo/linea-d185.pdf,31f2da4a8f6539bbb08da8b7ec08b8d4a475f38482f880d3d1206ef9fbd90c66,SCHEDULED_PUBLISHED_TIME_NOT_OBSERVED_RUNTIME,RECONSTRUCTED_FROM_OFFICIAL_PRIMARY_TIMETABLE,,,AMBIGUOUS_HISTORICAL_GTFS,NO_RESOLVED_GTFS_IDENTITY
PDF20260903:D185:P01:C02,D185,9,13,OLGIATE MOLGORA FS,08:50,530,True,CELANA,OLGIATE MOLGORA,1,2,https://www.leccotrasporti.it/percorsi/estivo/linea-d185.pdf,31f2da4a8f6539bbb08da8b7ec08b8d4a475f38482f880d3d1206ef9fbd90c66,SCHEDULED_PUBLISHED_TIME_NOT_OBSERVED_RUNTIME,RECONSTRUCTED_FROM_OFFICIAL_PRIMARY_TIMETABLE,300407,EX_011,RESOLVED_BEST_SEQUENCE_UNIQUE,JOINED_V1_PHYSICAL_CLUSTER_BY_EXACT_GTFS_STOP_ID
PDF20260903:D185:P01:C03,D185,1,3,CAPRINO Piazza Marconi,12:45,765,True,CELANA,OLGIATE MOLGORA,1,3,https://www.leccotrasporti.it/percorsi/estivo/linea-d185.pdf,31f2da4a8f6539bbb08da8b7ec08b8d4a475f38482f880d3d1206ef9fbd90c66,SCHEDULED_PUBLISHED_TIME_NOT_OBSERVED_RUNTIME,RECONSTRUCTED_FROM_OFFICIAL_PRIMARY_TIMETABLE,300402,,RESOLVED_BEST_SEQUENCE_UNIQUE,GTFS_IDENTIFIED_NOT_IN_V1_STOP_UNIVERSE
PDF20260903:D185:P01:C03,D185,2,4,CAPRINO Cava,12:48,768,True,CELANA,OLGIATE MOLGORA,1,3,https://www.leccotrasporti.it/percorsi/estivo/linea-d185.pdf,31f2da4a8f6539bbb08da8b7ec08b8d4a475f38482f880d3d1206ef9fbd90c66,SCHEDULED_PUBLISHED_TIME_NOT_OBSERVED_RUNTIME,RECONSTRUCTED_FROM_OFFICIAL_PRIMARY_TIMETABLE,300403,,RESOLVED_ROUTE_NAME_UNIQUE,GTFS_IDENTIFIED_NOT_IN_V1_STOP_UNIVERSE
PDF20260903:D185:P01:C03,D185,3,5,CISANO Municipio,12:49,769,True,CELANA,OLGIATE MOLGORA,1,3,https://www.leccotrasporti.it/percorsi/estivo/linea-d185.pdf,31f2da4a8f6539bbb08da8b7ec08b8d4a475f38482f880d3d1206ef9fbd90c66,SCHEDULED_PUBLISHED_TIME_NOT_OBSERVED_RUNTIME,RECONSTRUCTED_FROM_OFFICIAL_PRIMARY_TIMETABLE,300484,,RESOLVED_BEST_SEQUENCE_UNIQUE,GTFS_IDENTIFIED_NOT_IN_V1_STOP_UNIVERSE
PDF20260903:D185:P01:C03,D185,4,7,CISANO Via Mazzini,12:50,770,True,CELANA,OLGIATE MOLGORA,1,3,https://www.leccotrasporti.it/percorsi/estivo/linea-d185.pdf,31f2da4a8f6539bbb08da8b7ec08b8d4a475f38482f880d3d1206ef9fbd90c66,SCHEDULED_PUBLISHED_TIME_NOT_OBSERVED_RUNTIME,RECONSTRUCTED_FROM_OFFICIAL_PRIMARY_TIMETABLE,,,NO_HISTORICAL_GTFS_NAME_MATCH,NO_RESOLVED_GTFS_IDENTITY
PDF20260903:D185:P01:C03,D185,5,9,BRIVIO Capolinea,13:10,790,True,CELANA,OLGIATE MOLGORA,1,3,https://www.leccotrasporti.it/percorsi/estivo/linea-d185.pdf,31f2da4a8f6539bbb08da8b7ec08b8d4a475f38482f880d3d1206ef9fbd90c66,SCHEDULED_PUBLISHED_TIME_NOT_OBSERVED_RUNTIME,RECONSTRUCTED_FROM_OFFICIAL_PRIMARY_TIMETABLE,L00063,EX_036,RESOLVED_BEST_SEQUENCE_UNIQUE,JOINED_V1_PHYSICAL_CLUSTER_BY_EXACT_GTFS_STOP_ID
PDF20260903:D185:P01:C03,D185,6,10,BEVERATE,13:15,795,True,CELANA,OLGIATE MOLGORA,1,3,https://www.leccotrasporti.it/percorsi/estivo/linea-d185.pdf,31f2da4a8f6539bbb08da8b7ec08b8d4a475f38482f880d3d1206ef9fbd90c66,SCHEDULED_PUBLISHED_TIME_NOT_OBSERVED_RUNTIME,RECONSTRUCTED_FROM_OFFICIAL_PRIMARY_TIMETABLE,,,AMBIGUOUS_HISTORICAL_GTFS,NO_RESOLVED_GTFS_IDENTITY
PDF20260903:D185:P01:C03,D185,7,11,OLGIATE Via Nazionale,13:17,797,True,CELANA,OLGIATE MOLGORA,1,3,https://www.leccotrasporti.it/percorsi/estivo/linea-d185.pdf,31f2da4a8f6539bbb08da8b7ec08b8d4a475f38482f880d3d1206ef9fbd90c66,SCHEDULED_PUBLISHED_TIME_NOT_OBSERVED_RUNTIME,RECONSTRUCTED_FROM_OFFICIAL_PRIMARY_TIMETABLE,,,NO_HISTORICAL_GTFS_NAME_MATCH,NO_RESOLVED_GTFS_IDENTITY
PDF20260903:D185:P01:C03,D185,8,12,CALCO Via Virgilio,13:20,800,True,CELANA,OLGIATE MOLGORA,1,3,https://www.leccotrasporti.it/percorsi/estivo/linea-d185.pdf,31f2da4a8f6539bbb08da8b7ec08b8d4a475f38482f880d3d1206ef9fbd90c66,SCHEDULED_PUBLISHED_TIME_NOT_OBSERVED_RUNTIME,RECONSTRUCTED_FROM_OFFICIAL_PRIMARY_TIMETABLE,,,AMBIGUOUS_HISTORICAL_GTFS,NO_RESOLVED_GTFS_IDENTITY
PDF20260903:D185:P01:C03,D185,9,13,OLGIATE MOLGORA FS,13:25,805,True,CELANA,OLGIATE MOLGORA,1,3,https://www.leccotrasporti.it/percorsi/estivo/linea-d185.pdf,31f2da4a8f6539bbb08da8b7ec08b8d4a475f38482f880d3d1206ef9fbd90c66,SCHEDULED_PUBLISHED_TIME_NOT_OBSERVED_RUNTIME,RECONSTRUCTED_FROM_OFFICIAL_PRIMARY_TIMETABLE,300407,EX_011,RESOLVED_BEST_SEQUENCE_UNIQUE,JOINED_V1_PHYSICAL_CLUSTER_BY_EXACT_GTFS_STOP_ID
PDF20260903:D185:P01:C04,D185,1,3,CAPRINO Piazza Marconi,15:45,945,True,CELANA,OLGIATE MOLGORA,1,4,https://www.leccotrasporti.it/percorsi/estivo/linea-d185.pdf,31f2da4a8f6539bbb08da8b7ec08b8d4a475f38482f880d3d1206ef9fbd90c66,SCHEDULED_PUBLISHED_TIME_NOT_OBSERVED_RUNTIME,RECONSTRUCTED_FROM_OFFICIAL_PRIMARY_TIMETABLE,300402,,RESOLVED_BEST_SEQUENCE_UNIQUE,GTFS_IDENTIFIED_NOT_IN_V1_STOP_UNIVERSE
PDF20260903:D185:P01:C04,D185,2,4,CAPRINO Cava,15:48,948,True,CELANA,OLGIATE MOLGORA,1,4,https://www.leccotrasporti.it/percorsi/estivo/linea-d185.pdf,31f2da4a8f6539bbb08da8b7ec08b8d4a475f38482f880d3d1206ef9fbd90c66,SCHEDULED_PUBLISHED_TIME_NOT_OBSERVED_RUNTIME,RECONSTRUCTED_FROM_OFFICIAL_PRIMARY_TIMETABLE,300403,,RESOLVED_ROUTE_NAME_UNIQUE,GTFS_IDENTIFIED_NOT_IN_V1_STOP_UNIVERSE
PDF20260903:D185:P01:C04,D185,3,5,CISANO Municipio,15:49,949,True,CELANA,OLGIATE MOLGORA,1,4,https://www.leccotrasporti.it/percorsi/estivo/linea-d185.pdf,31f2da4a8f6539bbb08da8b7ec08b8d4a475f38482f880d3d1206ef9fbd90c66,SCHEDULED_PUBLISHED_TIME_NOT_OBSERVED_RUNTIME,RECONSTRUCTED_FROM_OFFICIAL_PRIMARY_TIMETABLE,300484,,RESOLVED_BEST_SEQUENCE_UNIQUE,GTFS_IDENTIFIED_NOT_IN_V1_STOP_UNIVERSE
PDF20260903:D185:P01:C04,D185,4,7,CISANO Via Mazzini,15:50,950,True,CELANA,OLGIATE MOLGORA,1,4,https://www.leccotrasporti.it/percorsi/estivo/linea-d185.pdf,31f2da4a8f6539bbb08da8b7ec08b8d4a475f38482f880d3d1206ef9fbd90c66,SCHEDULED_PUBLISHED_TIME_NOT_OBSERVED_RUNTIME,RECONSTRUCTED_FROM_OFFICIAL_PRIMARY_TIMETABLE,,,NO_HISTORICAL_GTFS_NAME_MATCH,NO_RESOLVED_GTFS_IDENTITY
PDF20260903:D185:P01:C04,D185,5,9,BRIVIO Capolinea,16:10,970,True,CELANA,OLGIATE MOLGORA,1,4,https://www.leccotrasporti.it/percorsi/estivo/linea-d185.pdf,31f2da4a8f6539bbb08da8b7ec08b8d4a475f38482f880d3d1206ef9fbd90c66,SCHEDULED_PUBLISHED_TIME_NOT_OBSERVED_RUNTIME,RECONSTRUCTED_FROM_OFFICIAL_PRIMARY_TIMETABLE,L00063,EX_036,RESOLVED_BEST_SEQUENCE_UNIQUE,JOINED_V1_PHYSICAL_CLUSTER_BY_EXACT_GTFS_STOP_ID
PDF20260903:D185:P01:C04,D185,6,10,BEVERATE,16:15,975,True,CELANA,OLGIATE MOLGORA,1,4,https://www.leccotrasporti.it/percorsi/estivo/linea-d185.pdf,31f2da4a8f6539bbb08da8b7ec08b8d4a475f38482f880d3d1206ef9fbd90c66,SCHEDULED_PUBLISHED_TIME_NOT_OBSERVED_RUNTIME,RECONSTRUCTED_FROM_OFFICIAL_PRIMARY_TIMETABLE,,,AMBIGUOUS_HISTORICAL_GTFS,NO_RESOLVED_GTFS_IDENTITY
PDF20260903:D185:P01:C04,D185,7,11,OLGIATE Via Nazionale,16:17,977,True,CELANA,OLGIATE MOLGORA,1,4,https://www.leccotrasporti.it/percorsi/estivo/linea-d185.pdf,31f2da4a8f6539bbb08da8b7ec08b8d4a475f38482f880d3d1206ef9fbd90c66,SCHEDULED_PUBLISHED_TIME_NOT_OBSERVED_RUNTIME,RECONSTRUCTED_FROM_OFFICIAL_PRIMARY_TIMETABLE,,,NO_HISTORICAL_GTFS_NAME_MATCH,NO_RESOLVED_GTFS_IDENTITY
PDF20260903:D185:P01:C04,D185,8,12,CALCO Via Virgilio,16:20,980,True,CELANA,OLGIATE MOLGORA,1,4,https://www.leccotrasporti.it/percorsi/estivo/linea-d185.pdf,31f2da4a8f6539bbb08da8b7ec08b8d4a475f38482f880d3d1206ef9fbd90c66,SCHEDULED_PUBLISHED_TIME_NOT_OBSERVED_RUNTIME,RECONSTRUCTED_FROM_OFFICIAL_PRIMARY_TIMETABLE,,,AMBIGUOUS_HISTORICAL_GTFS,NO_RESOLVED_GTFS_IDENTITY
PDF20260903:D185:P01:C04,D185,9,13,OLGIATE MOLGORA FS,16:25,985,True,CELANA,OLGIATE MOLGORA,1,4,https://www.leccotrasporti.it/percorsi/estivo/linea-d185.pdf,31f2da4a8f6539bbb08da8b7ec08b8d4a475f38482f880d3d1206ef9fbd90c66,SCHEDULED_PUBLISHED_TIME_NOT_OBSERVED_RUNTIME,RECONSTRUCTED_FROM_OFFICIAL_PRIMARY_TIMETABLE,300407,EX_011,RESOLVED_BEST_SEQUENCE_UNIQUE,JOINED_V1_PHYSICAL_CLUSTER_BY_EXACT_GTFS_STOP_ID
PDF20260903:D185:P01:C05,D185,1,3,CAPRINO Piazza Marconi,17:15,1035,True,CELANA,OLGIATE MOLGORA,1,5,https://www.leccotrasporti.it/percorsi/estivo/linea-d185.pdf,31f2da4a8f6539bbb08da8b7ec08b8d4a475f38482f880d3d1206ef9fbd90c66,SCHEDULED_PUBLISHED_TIME_NOT_OBSERVED_RUNTIME,RECONSTRUCTED_FROM_OFFICIAL_PRIMARY_TIMETABLE,300402,,RESOLVED_BEST_SEQUENCE_UNIQUE,GTFS_IDENTIFIED_NOT_IN_V1_STOP_UNIVERSE
PDF20260903:D185:P01:C05,D185,2,4,CAPRINO Cava,17:18,1038,True,CELANA,OLGIATE MOLGORA,1,5,https://www.leccotrasporti.it/percorsi/estivo/linea-d185.pdf,31f2da4a8f6539bbb08da8b7ec08b8d4a475f38482f880d3d1206ef9fbd90c66,SCHEDULED_PUBLISHED_TIME_NOT_OBSERVED_RUNTIME,RECONSTRUCTED_FROM_OFFICIAL_PRIMARY_TIMETABLE,300403,,RESOLVED_ROUTE_NAME_UNIQUE,GTFS_IDENTIFIED_NOT_IN_V1_STOP_UNIVERSE
PDF20260903:D185:P01:C05,D185,3,5,CISANO Municipio,17:19,1039,True,CELANA,OLGIATE MOLGORA,1,5,https://www.leccotrasporti.it/percorsi/estivo/linea-d185.pdf,31f2da4a8f6539bbb08da8b7ec08b8d4a475f38482f880d3d1206ef9fbd90c66,SCHEDULED_PUBLISHED_TIME_NOT_OBSERVED_RUNTIME,RECONSTRUCTED_FROM_OFFICIAL_PRIMARY_TIMETABLE,300484,,RESOLVED_BEST_SEQUENCE_UNIQUE,GTFS_IDENTIFIED_NOT_IN_V1_STOP_UNIVERSE
PDF20260903:D185:P01:C05,D185,4,7,CISANO Via Mazzini,17:20,1040,True,CELANA,OLGIATE MOLGORA,1,5,https://www.leccotrasporti.it/percorsi/estivo/linea-d185.pdf,31f2da4a8f6539bbb08da8b7ec08b8d4a475f38482f880d3d1206ef9fbd90c66,SCHEDULED_PUBLISHED_TIME_NOT_OBSERVED_RUNTIME,RECONSTRUCTED_FROM_OFFICIAL_PRIMARY_TIMETABLE,,,NO_HISTORICAL_GTFS_NAME_MATCH,NO_RESOLVED_GTFS_IDENTITY
PDF20260903:D185:P01:C05,D185,5,9,BRIVIO Capolinea,17:40,1060,True,CELANA,OLGIATE MOLGORA,1,5,https://www.leccotrasporti.it/percorsi/estivo/linea-d185.pdf,31f2da4a8f6539bbb08da8b7ec08b8d4a475f38482f880d3d1206ef9fbd90c66,SCHEDULED_PUBLISHED_TIME_NOT_OBSERVED_RUNTIME,RECONSTRUCTED_FROM_OFFICIAL_PRIMARY_TIMETABLE,L00063,EX_036,RESOLVED_BEST_SEQUENCE_UNIQUE,JOINED_V1_PHYSICAL_CLUSTER_BY_EXACT_GTFS_STOP_ID
PDF20260903:D185:P01:C05,D185,6,10,BEVERATE,17:45,1065,True,CELANA,OLGIATE MOLGORA,1,5,https://www.leccotrasporti.it/percorsi/estivo/linea-d185.pdf,31f2da4a8f6539bbb08da8b7ec08b8d4a475f38482f880d3d1206ef9fbd90c66,SCHEDULED_PUBLISHED_TIME_NOT_OBSERVED_RUNTIME,RECONSTRUCTED_FROM_OFFICIAL_PRIMARY_TIMETABLE,,,AMBIGUOUS_HISTORICAL_GTFS,NO_RESOLVED_GTFS_IDENTITY
PDF20260903:D185:P01:C05,D185,7,11,OLGIATE Via Nazionale,17:47,1067,True,CELANA,OLGIATE MOLGORA,1,5,https://www.leccotrasporti.it/percorsi/estivo/linea-d185.pdf,31f2da4a8f6539bbb08da8b7ec08b8d4a475f38482f880d3d1206ef9fbd90c66,SCHEDULED_PUBLISHED_TIME_NOT_OBSERVED_RUNTIME,RECONSTRUCTED_FROM_OFFICIAL_PRIMARY_TIMETABLE,,,NO_HISTORICAL_GTFS_NAME_MATCH,NO_RESOLVED_GTFS_IDENTITY
PDF20260903:D185:P01:C05,D185,8,12,CALCO Via Virgilio,17:50,1070,True,CELANA,OLGIATE MOLGORA,1,5,https://www.leccotrasporti.it/percorsi/estivo/linea-d185.pdf,31f2da4a8f6539bbb08da8b7ec08b8d4a475f38482f880d3d1206ef9fbd90c66,SCHEDULED_PUBLISHED_TIME_NOT_OBSERVED_RUNTIME,RECONSTRUCTED_FROM_OFFICIAL_PRIMARY_TIMETABLE,,,AMBIGUOUS_HISTORICAL_GTFS,NO_RESOLVED_GTFS_IDENTITY
PDF20260903:D185:P01:C05,D185,9,13,OLGIATE MOLGORA FS,17:55,1075,True,CELANA,OLGIATE MOLGORA,1,5,https://www.leccotrasporti.it/percorsi/estivo/linea-d185.pdf,31f2da4a8f6539bbb08da8b7ec08b8d4a475f38482f880d3d1206ef9fbd90c66,SCHEDULED_PUBLISHED_TIME_NOT_OBSERVED_RUNTIME,RECONSTRUCTED_FROM_OFFICIAL_PRIMARY_TIMETABLE,300407,EX_011,RESOLVED_BEST_SEQUENCE_UNIQUE,JOINED_V1_PHYSICAL_CLUSTER_BY_EXACT_GTFS_STOP_ID
PDF20260903:D185:P01:C06,D185,1,3,CAPRINO Piazza Marconi,18:45,1125,True,CELANA,OLGIATE MOLGORA,1,6,https://www.leccotrasporti.it/percorsi/estivo/linea-d185.pdf,31f2da4a8f6539bbb08da8b7ec08b8d4a475f38482f880d3d1206ef9fbd90c66,SCHEDULED_PUBLISHED_TIME_NOT_OBSERVED_RUNTIME,RECONSTRUCTED_FROM_OFFICIAL_PRIMARY_TIMETABLE,300402,,RESOLVED_BEST_SEQUENCE_UNIQUE,GTFS_IDENTIFIED_NOT_IN_V1_STOP_UNIVERSE
PDF20260903:D185:P01:C06,D185,2,4,CAPRINO Cava,18:48,1128,True,CELANA,OLGIATE MOLGORA,1,6,https://www.leccotrasporti.it/percorsi/estivo/linea-d185.pdf,31f2da4a8f6539bbb08da8b7ec08b8d4a475f38482f880d3d1206ef9fbd90c66,SCHEDULED_PUBLISHED_TIME_NOT_OBSERVED_RUNTIME,RECONSTRUCTED_FROM_OFFICIAL_PRIMARY_TIMETABLE,300403,,RESOLVED_ROUTE_NAME_UNIQUE,GTFS_IDENTIFIED_NOT_IN_V1_STOP_UNIVERSE
PDF20260903:D185:P01:C06,D185,3,5,CISANO Municipio,18:49,1129,True,CELANA,OLGIATE MOLGORA,1,6,https://www.leccotrasporti.it/percorsi/estivo/linea-d185.pdf,31f2da4a8f6539bbb08da8b7ec08b8d4a475f38482f880d3d1206ef9fbd90c66,SCHEDULED_PUBLISHED_TIME_NOT_OBSERVED_RUNTIME,RECONSTRUCTED_FROM_OFFICIAL_PRIMARY_TIMETABLE,300484,,RESOLVED_BEST_SEQUENCE_UNIQUE,GTFS_IDENTIFIED_NOT_IN_V1_STOP_UNIVERSE
PDF20260903:D185:P01:C06,D185,4,7,CISANO Via Mazzini,18:50,1130,True,CELANA,OLGIATE MOLGORA,1,6,https://www.leccotrasporti.it/percorsi/estivo/linea-d185.pdf,31f2da4a8f6539bbb08da8b7ec08b8d4a475f38482f880d3d1206ef9fbd90c66,SCHEDULED_PUBLISHED_TIME_NOT_OBSERVED_RUNTIME,RECONSTRUCTED_FROM_OFFICIAL_PRIMARY_TIMETABLE,,,NO_HISTORICAL_GTFS_NAME_MATCH,NO_RESOLVED_GTFS_IDENTITY
PDF20260903:D185:P01:C06,D185,5,9,BRIVIO Capolinea,19:10,1150,True,CELANA,OLGIATE MOLGORA,1,6,https://www.leccotrasporti.it/percorsi/estivo/linea-d185.pdf,31f2da4a8f6539bbb08da8b7ec08b8d4a475f38482f880d3d1206ef9fbd90c66,SCHEDULED_PUBLISHED_TIME_NOT_OBSERVED_RUNTIME,RECONSTRUCTED_FROM_OFFICIAL_PRIMARY_TIMETABLE,L00063,EX_036,RESOLVED_BEST_SEQUENCE_UNIQUE,JOINED_V1_PHYSICAL_CLUSTER_BY_EXACT_GTFS_STOP_ID
PDF20260903:D185:P01:C06,D185,6,10,BEVERATE,19:15,1155,True,CELANA,OLGIATE MOLGORA,1,6,https://www.leccotrasporti.it/percorsi/estivo/linea-d185.pdf,31f2da4a8f6539bbb08da8b7ec08b8d4a475f38482f880d3d1206ef9fbd90c66,SCHEDULED_PUBLISHED_TIME_NOT_OBSERVED_RUNTIME,RECONSTRUCTED_FROM_OFFICIAL_PRIMARY_TIMETABLE,,,AMBIGUOUS_HISTORICAL_GTFS,NO_RESOLVED_GTFS_IDENTITY
PDF20260903:D185:P01:C06,D185,7,11,OLGIATE Via Nazionale,19:17,1157,True,CELANA,OLGIATE MOLGORA,1,6,https://www.leccotrasporti.it/percorsi/estivo/linea-d185.pdf,31f2da4a8f6539bbb08da8b7ec08b8d4a475f38482f880d3d1206ef9fbd90c66,SCHEDULED_PUBLISHED_TIME_NOT_OBSERVED_RUNTIME,RECONSTRUCTED_FROM_OFFICIAL_PRIMARY_TIMETABLE,,,NO_HISTORICAL_GTFS_NAME_MATCH,NO_RESOLVED_GTFS_IDENTITY
PDF20260903:D185:P01:C06,D185,8,12,CALCO Via Virgilio,19:20,1160,True,CELANA,OLGIATE MOLGORA,1,6,https://www.leccotrasporti.it/percorsi/estivo/linea-d185.pdf,31f2da4a8f6539bbb08da8b7ec08b8d4a475f38482f880d3d1206ef9fbd90c66,SCHEDULED_PUBLISHED_TIME_NOT_OBSERVED_RUNTIME,RECONSTRUCTED_FROM_OFFICIAL_PRIMARY_TIMETABLE,,,AMBIGUOUS_HISTORICAL_GTFS,NO_RESOLVED_GTFS_IDENTITY
PDF20260903:D185:P01:C06,D185,9,13,OLGIATE MOLGORA FS,19:25,1165,True,CELANA,OLGIATE MOLGORA,1,6,https://www.leccotrasporti.it/percorsi/estivo/linea-d185.pdf,31f2da4a8f6539bbb08da8b7ec08b8d4a475f38482f880d3d1206ef9fbd90c66,SCHEDULED_PUBLISHED_TIME_NOT_OBSERVED_RUNTIME,RECONSTRUCTED_FROM_OFFICIAL_PRIMARY_TIMETABLE,300407,EX_011,RESOLVED_BEST_SEQUENCE_UNIQUE,JOINED_V1_PHYSICAL_CLUSTER_BY_EXACT_GTFS_STOP_ID
PDF20260903:D185:P02:C01,D185,1,11,CAPRINO Piazza Marconi,06:20,380,True,OLGIATE MOLGORA,CELANA,2,1,https://www.leccotrasporti.it/percorsi/estivo/linea-d185.pdf,31f2da4a8f6539bbb08da8b7ec08b8d4a475f38482f880d3d1206ef9fbd90c66,SCHEDULED_PUBLISHED_TIME_NOT_OBSERVED_RUNTIME,RECONSTRUCTED_FROM_OFFICIAL_PRIMARY_TIMETABLE,,,AMBIGUOUS_HISTORICAL_GTFS,NO_RESOLVED_GTFS_IDENTITY
PDF20260903:D185:P02:C01,D185,2,13,CELANA,06:25,385,True,OLGIATE MOLGORA,CELANA,2,1,https://www.leccotrasporti.it/percorsi/estivo/linea-d185.pdf,31f2da4a8f6539bbb08da8b7ec08b8d4a475f38482f880d3d1206ef9fbd90c66,SCHEDULED_PUBLISHED_TIME_NOT_OBSERVED_RUNTIME,RECONSTRUCTED_FROM_OFFICIAL_PRIMARY_TIMETABLE,,,AMBIGUOUS_HISTORICAL_GTFS,NO_RESOLVED_GTFS_IDENTITY
PDF20260903:D185:P02:C01,D185,3,14,CAPRINO Piazza Marconi,06:35,395,True,OLGIATE MOLGORA,CELANA,2,1,https://www.leccotrasporti.it/percorsi/estivo/linea-d185.pdf,31f2da4a8f6539bbb08da8b7ec08b8d4a475f38482f880d3d1206ef9fbd90c66,SCHEDULED_PUBLISHED_TIME_NOT_OBSERVED_RUNTIME,RECONSTRUCTED_FROM_OFFICIAL_PRIMARY_TIMETABLE,,,AMBIGUOUS_HISTORICAL_GTFS,NO_RESOLVED_GTFS_IDENTITY
PDF20260903:D185:P02:C02,D185,1,1,OLGIATE MOLGORA FS,07:15,435,True,OLGIATE MOLGORA,CELANA,2,2,https://www.leccotrasporti.it/percorsi/estivo/linea-d185.pdf,31f2da4a8f6539bbb08da8b7ec08b8d4a475f38482f880d3d1206ef9fbd90c66,SCHEDULED_PUBLISHED_TIME_NOT_OBSERVED_RUNTIME,RECONSTRUCTED_FROM_OFFICIAL_PRIMARY_TIMETABLE,300407,EX_011,RESOLVED_BEST_SEQUENCE_UNIQUE,JOINED_V1_PHYSICAL_CLUSTER_BY_EXACT_GTFS_STOP_ID
PDF20260903:D185:P02:C02,D185,2,2,CALCO Via Virgilio,07:20,440,True,OLGIATE MOLGORA,CELANA,2,2,https://www.leccotrasporti.it/percorsi/estivo/linea-d185.pdf,31f2da4a8f6539bbb08da8b7ec08b8d4a475f38482f880d3d1206ef9fbd90c66,SCHEDULED_PUBLISHED_TIME_NOT_OBSERVED_RUNTIME,RECONSTRUCTED_FROM_OFFICIAL_PRIMARY_TIMETABLE,,,AMBIGUOUS_HISTORICAL_GTFS,NO_RESOLVED_GTFS_IDENTITY
PDF20260903:D185:P02:C02,D185,3,3,OLGIATE Via Nazionale,07:22,442,True,OLGIATE MOLGORA,CELANA,2,2,https://www.leccotrasporti.it/percorsi/estivo/linea-d185.pdf,31f2da4a8f6539bbb08da8b7ec08b8d4a475f38482f880d3d1206ef9fbd90c66,SCHEDULED_PUBLISHED_TIME_NOT_OBSERVED_RUNTIME,RECONSTRUCTED_FROM_OFFICIAL_PRIMARY_TIMETABLE,,,NO_HISTORICAL_GTFS_NAME_MATCH,NO_RESOLVED_GTFS_IDENTITY
PDF20260903:D185:P02:C02,D185,4,4,BEVERATE,07:23,443,True,OLGIATE MOLGORA,CELANA,2,2,https://www.leccotrasporti.it/percorsi/estivo/linea-d185.pdf,31f2da4a8f6539bbb08da8b7ec08b8d4a475f38482f880d3d1206ef9fbd90c66,SCHEDULED_PUBLISHED_TIME_NOT_OBSERVED_RUNTIME,RECONSTRUCTED_FROM_OFFICIAL_PRIMARY_TIMETABLE,,,AMBIGUOUS_HISTORICAL_GTFS,NO_RESOLVED_GTFS_IDENTITY
PDF20260903:D185:P02:C02,D185,5,5,BRIVIO Capolinea,07:30,450,True,OLGIATE MOLGORA,CELANA,2,2,https://www.leccotrasporti.it/percorsi/estivo/linea-d185.pdf,31f2da4a8f6539bbb08da8b7ec08b8d4a475f38482f880d3d1206ef9fbd90c66,SCHEDULED_PUBLISHED_TIME_NOT_OBSERVED_RUNTIME,RECONSTRUCTED_FROM_OFFICIAL_PRIMARY_TIMETABLE,300063,EX_002,RESOLVED_BEST_SEQUENCE_UNIQUE,JOINED_V1_PHYSICAL_CLUSTER_BY_EXACT_GTFS_STOP_ID
PDF20260903:D185:P02:C02,D185,6,8,CISANO Via Mazzini,07:54,474,True,OLGIATE MOLGORA,CELANA,2,2,https://www.leccotrasporti.it/percorsi/estivo/linea-d185.pdf,31f2da4a8f6539bbb08da8b7ec08b8d4a475f38482f880d3d1206ef9fbd90c66,SCHEDULED_PUBLISHED_TIME_NOT_OBSERVED_RUNTIME,RECONSTRUCTED_FROM_OFFICIAL_PRIMARY_TIMETABLE,,,NO_HISTORICAL_GTFS_NAME_MATCH,NO_RESOLVED_GTFS_IDENTITY
PDF20260903:D185:P02:C02,D185,7,9,CISANO Municipio,07:55,475,True,OLGIATE MOLGORA,CELANA,2,2,https://www.leccotrasporti.it/percorsi/estivo/linea-d185.pdf,31f2da4a8f6539bbb08da8b7ec08b8d4a475f38482f880d3d1206ef9fbd90c66,SCHEDULED_PUBLISHED_TIME_NOT_OBSERVED_RUNTIME,RECONSTRUCTED_FROM_OFFICIAL_PRIMARY_TIMETABLE,,,AMBIGUOUS_HISTORICAL_GTFS,NO_RESOLVED_GTFS_IDENTITY
PDF20260903:D185:P02:C02,D185,8,10,CAPRINO Bosco,07:58,478,True,OLGIATE MOLGORA,CELANA,2,2,https://www.leccotrasporti.it/percorsi/estivo/linea-d185.pdf,31f2da4a8f6539bbb08da8b7ec08b8d4a475f38482f880d3d1206ef9fbd90c66,SCHEDULED_PUBLISHED_TIME_NOT_OBSERVED_RUNTIME,RECONSTRUCTED_FROM_OFFICIAL_PRIMARY_TIMETABLE,,,AMBIGUOUS_HISTORICAL_GTFS,NO_RESOLVED_GTFS_IDENTITY
PDF20260903:D185:P02:C02,D185,9,11,CAPRINO Piazza Marconi,08:00,480,True,OLGIATE MOLGORA,CELANA,2,2,https://www.leccotrasporti.it/percorsi/estivo/linea-d185.pdf,31f2da4a8f6539bbb08da8b7ec08b8d4a475f38482f880d3d1206ef9fbd90c66,SCHEDULED_PUBLISHED_TIME_NOT_OBSERVED_RUNTIME,RECONSTRUCTED_FROM_OFFICIAL_PRIMARY_TIMETABLE,,,AMBIGUOUS_HISTORICAL_GTFS,NO_RESOLVED_GTFS_IDENTITY
PDF20260903:D185:P02:C03,D185,1,1,OLGIATE MOLGORA FS,09:05,545,True,OLGIATE MOLGORA,CELANA,2,3,https://www.leccotrasporti.it/percorsi/estivo/linea-d185.pdf,31f2da4a8f6539bbb08da8b7ec08b8d4a475f38482f880d3d1206ef9fbd90c66,SCHEDULED_PUBLISHED_TIME_NOT_OBSERVED_RUNTIME,RECONSTRUCTED_FROM_OFFICIAL_PRIMARY_TIMETABLE,300407,EX_011,RESOLVED_BEST_SEQUENCE_UNIQUE,JOINED_V1_PHYSICAL_CLUSTER_BY_EXACT_GTFS_STOP_ID
PDF20260903:D185:P02:C03,D185,2,2,CALCO Via Virgilio,09:10,550,True,OLGIATE MOLGORA,CELANA,2,3,https://www.leccotrasporti.it/percorsi/estivo/linea-d185.pdf,31f2da4a8f6539bbb08da8b7ec08b8d4a475f38482f880d3d1206ef9fbd90c66,SCHEDULED_PUBLISHED_TIME_NOT_OBSERVED_RUNTIME,RECONSTRUCTED_FROM_OFFICIAL_PRIMARY_TIMETABLE,,,AMBIGUOUS_HISTORICAL_GTFS,NO_RESOLVED_GTFS_IDENTITY
PDF20260903:D185:P02:C03,D185,3,3,OLGIATE Via Nazionale,09:12,552,True,OLGIATE MOLGORA,CELANA,2,3,https://www.leccotrasporti.it/percorsi/estivo/linea-d185.pdf,31f2da4a8f6539bbb08da8b7ec08b8d4a475f38482f880d3d1206ef9fbd90c66,SCHEDULED_PUBLISHED_TIME_NOT_OBSERVED_RUNTIME,RECONSTRUCTED_FROM_OFFICIAL_PRIMARY_TIMETABLE,,,NO_HISTORICAL_GTFS_NAME_MATCH,NO_RESOLVED_GTFS_IDENTITY
PDF20260903:D185:P02:C03,D185,4,4,BEVERATE,09:13,553,True,OLGIATE MOLGORA,CELANA,2,3,https://www.leccotrasporti.it/percorsi/estivo/linea-d185.pdf,31f2da4a8f6539bbb08da8b7ec08b8d4a475f38482f880d3d1206ef9fbd90c66,SCHEDULED_PUBLISHED_TIME_NOT_OBSERVED_RUNTIME,RECONSTRUCTED_FROM_OFFICIAL_PRIMARY_TIMETABLE,,,AMBIGUOUS_HISTORICAL_GTFS,NO_RESOLVED_GTFS_IDENTITY
PDF20260903:D185:P02:C03,D185,5,5,BRIVIO Capolinea,09:20,560,True,OLGIATE MOLGORA,CELANA,2,3,https://www.leccotrasporti.it/percorsi/estivo/linea-d185.pdf,31f2da4a8f6539bbb08da8b7ec08b8d4a475f38482f880d3d1206ef9fbd90c66,SCHEDULED_PUBLISHED_TIME_NOT_OBSERVED_RUNTIME,RECONSTRUCTED_FROM_OFFICIAL_PRIMARY_TIMETABLE,300063,EX_002,RESOLVED_BEST_SEQUENCE_UNIQUE,JOINED_V1_PHYSICAL_CLUSTER_BY_EXACT_GTFS_STOP_ID
PDF20260903:D185:P02:C03,D185,6,8,CISANO Via Mazzini,09:40,580,True,OLGIATE MOLGORA,CELANA,2,3,https://www.leccotrasporti.it/percorsi/estivo/linea-d185.pdf,31f2da4a8f6539bbb08da8b7ec08b8d4a475f38482f880d3d1206ef9fbd90c66,SCHEDULED_PUBLISHED_TIME_NOT_OBSERVED_RUNTIME,RECONSTRUCTED_FROM_OFFICIAL_PRIMARY_TIMETABLE,,,NO_HISTORICAL_GTFS_NAME_MATCH,NO_RESOLVED_GTFS_IDENTITY
PDF20260903:D185:P02:C03,D185,7,9,CISANO Municipio,09:41,581,True,OLGIATE MOLGORA,CELANA,2,3,https://www.leccotrasporti.it/percorsi/estivo/linea-d185.pdf,31f2da4a8f6539bbb08da8b7ec08b8d4a475f38482f880d3d1206ef9fbd90c66,SCHEDULED_PUBLISHED_TIME_NOT_OBSERVED_RUNTIME,RECONSTRUCTED_FROM_OFFICIAL_PRIMARY_TIMETABLE,,,AMBIGUOUS_HISTORICAL_GTFS,NO_RESOLVED_GTFS_IDENTITY
PDF20260903:D185:P02:C03,D185,8,10,CAPRINO Bosco,09:44,584,True,OLGIATE MOLGORA,CELANA,2,3,https://www.leccotrasporti.it/percorsi/estivo/linea-d185.pdf,31f2da4a8f6539bbb08da8b7ec08b8d4a475f38482f880d3d1206ef9fbd90c66,SCHEDULED_PUBLISHED_TIME_NOT_OBSERVED_RUNTIME,RECONSTRUCTED_FROM_OFFICIAL_PRIMARY_TIMETABLE,,,AMBIGUOUS_HISTORICAL_GTFS,NO_RESOLVED_GTFS_IDENTITY
PDF20260903:D185:P02:C03,D185,9,11,CAPRINO Piazza Marconi,09:46,586,True,OLGIATE MOLGORA,CELANA,2,3,https://www.leccotrasporti.it/percorsi/estivo/linea-d185.pdf,31f2da4a8f6539bbb08da8b7ec08b8d4a475f38482f880d3d1206ef9fbd90c66,SCHEDULED_PUBLISHED_TIME_NOT_OBSERVED_RUNTIME,RECONSTRUCTED_FROM_OFFICIAL_PRIMARY_TIMETABLE,,,AMBIGUOUS_HISTORICAL_GTFS,NO_RESOLVED_GTFS_IDENTITY
PDF20260903:D185:P02:C04,D185,1,1,OLGIATE MOLGORA FS,13:35,815,True,OLGIATE MOLGORA,CELANA,2,4,https://www.leccotrasporti.it/percorsi/estivo/linea-d185.pdf,31f2da4a8f6539bbb08da8b7ec08b8d4a475f38482f880d3d1206ef9fbd90c66,SCHEDULED_PUBLISHED_TIME_NOT_OBSERVED_RUNTIME,RECONSTRUCTED_FROM_OFFICIAL_PRIMARY_TIMETABLE,300407,EX_011,RESOLVED_BEST_SEQUENCE_UNIQUE,JOINED_V1_PHYSICAL_CLUSTER_BY_EXACT_GTFS_STOP_ID
PDF20260903:D185:P02:C04,D185,2,2,CALCO Via Virgilio,13:40,820,True,OLGIATE MOLGORA,CELANA,2,4,https://www.leccotrasporti.it/percorsi/estivo/linea-d185.pdf,31f2da4a8f6539bbb08da8b7ec08b8d4a475f38482f880d3d1206ef9fbd90c66,SCHEDULED_PUBLISHED_TIME_NOT_OBSERVED_RUNTIME,RECONSTRUCTED_FROM_OFFICIAL_PRIMARY_TIMETABLE,,,AMBIGUOUS_HISTORICAL_GTFS,NO_RESOLVED_GTFS_IDENTITY
PDF20260903:D185:P02:C04,D185,3,3,OLGIATE Via Nazionale,13:42,822,True,OLGIATE MOLGORA,CELANA,2,4,https://www.leccotrasporti.it/percorsi/estivo/linea-d185.pdf,31f2da4a8f6539bbb08da8b7ec08b8d4a475f38482f880d3d1206ef9fbd90c66,SCHEDULED_PUBLISHED_TIME_NOT_OBSERVED_RUNTIME,RECONSTRUCTED_FROM_OFFICIAL_PRIMARY_TIMETABLE,,,NO_HISTORICAL_GTFS_NAME_MATCH,NO_RESOLVED_GTFS_IDENTITY
PDF20260903:D185:P02:C04,D185,4,4,BEVERATE,13:43,823,True,OLGIATE MOLGORA,CELANA,2,4,https://www.leccotrasporti.it/percorsi/estivo/linea-d185.pdf,31f2da4a8f6539bbb08da8b7ec08b8d4a475f38482f880d3d1206ef9fbd90c66,SCHEDULED_PUBLISHED_TIME_NOT_OBSERVED_RUNTIME,RECONSTRUCTED_FROM_OFFICIAL_PRIMARY_TIMETABLE,,,AMBIGUOUS_HISTORICAL_GTFS,NO_RESOLVED_GTFS_IDENTITY
PDF20260903:D185:P02:C04,D185,5,5,BRIVIO Capolinea,13:50,830,True,OLGIATE MOLGORA,CELANA,2,4,https://www.leccotrasporti.it/percorsi/estivo/linea-d185.pdf,31f2da4a8f6539bbb08da8b7ec08b8d4a475f38482f880d3d1206ef9fbd90c66,SCHEDULED_PUBLISHED_TIME_NOT_OBSERVED_RUNTIME,RECONSTRUCTED_FROM_OFFICIAL_PRIMARY_TIMETABLE,300063,EX_002,RESOLVED_BEST_SEQUENCE_UNIQUE,JOINED_V1_PHYSICAL_CLUSTER_BY_EXACT_GTFS_STOP_ID
PDF20260903:D185:P02:C04,D185,6,8,CISANO Via Mazzini,14:10,850,True,OLGIATE MOLGORA,CELANA,2,4,https://www.leccotrasporti.it/percorsi/estivo/linea-d185.pdf,31f2da4a8f6539bbb08da8b7ec08b8d4a475f38482f880d3d1206ef9fbd90c66,SCHEDULED_PUBLISHED_TIME_NOT_OBSERVED_RUNTIME,RECONSTRUCTED_FROM_OFFICIAL_PRIMARY_TIMETABLE,,,NO_HISTORICAL_GTFS_NAME_MATCH,NO_RESOLVED_GTFS_IDENTITY
PDF20260903:D185:P02:C04,D185,7,9,CISANO Municipio,14:11,851,True,OLGIATE MOLGORA,CELANA,2,4,https://www.leccotrasporti.it/percorsi/estivo/linea-d185.pdf,31f2da4a8f6539bbb08da8b7ec08b8d4a475f38482f880d3d1206ef9fbd90c66,SCHEDULED_PUBLISHED_TIME_NOT_OBSERVED_RUNTIME,RECONSTRUCTED_FROM_OFFICIAL_PRIMARY_TIMETABLE,,,AMBIGUOUS_HISTORICAL_GTFS,NO_RESOLVED_GTFS_IDENTITY
PDF20260903:D185:P02:C04,D185,8,10,CAPRINO Bosco,14:14,854,True,OLGIATE MOLGORA,CELANA,2,4,https://www.leccotrasporti.it/percorsi/estivo/linea-d185.pdf,31f2da4a8f6539bbb08da8b7ec08b8d4a475f38482f880d3d1206ef9fbd90c66,SCHEDULED_PUBLISHED_TIME_NOT_OBSERVED_RUNTIME,RECONSTRUCTED_FROM_OFFICIAL_PRIMARY_TIMETABLE,,,AMBIGUOUS_HISTORICAL_GTFS,NO_RESOLVED_GTFS_IDENTITY
PDF20260903:D185:P02:C04,D185,9,11,CAPRINO Piazza Marconi,14:16,856,True,OLGIATE MOLGORA,CELANA,2,4,https://www.leccotrasporti.it/percorsi/estivo/linea-d185.pdf,31f2da4a8f6539bbb08da8b7ec08b8d4a475f38482f880d3d1206ef9fbd90c66,SCHEDULED_PUBLISHED_TIME_NOT_OBSERVED_RUNTIME,RECONSTRUCTED_FROM_OFFICIAL_PRIMARY_TIMETABLE,,,AMBIGUOUS_HISTORICAL_GTFS,NO_RESOLVED_GTFS_IDENTITY
PDF20260903:D185:P02:C05,D185,1,1,OLGIATE MOLGORA FS,16:35,995,True,OLGIATE MOLGORA,CELANA,2,5,https://www.leccotrasporti.it/percorsi/estivo/linea-d185.pdf,31f2da4a8f6539bbb08da8b7ec08b8d4a475f38482f880d3d1206ef9fbd90c66,SCHEDULED_PUBLISHED_TIME_NOT_OBSERVED_RUNTIME,RECONSTRUCTED_FROM_OFFICIAL_PRIMARY_TIMETABLE,300407,EX_011,RESOLVED_BEST_SEQUENCE_UNIQUE,JOINED_V1_PHYSICAL_CLUSTER_BY_EXACT_GTFS_STOP_ID
PDF20260903:D185:P02:C05,D185,2,2,CALCO Via Virgilio,16:40,1000,True,OLGIATE MOLGORA,CELANA,2,5,https://www.leccotrasporti.it/percorsi/estivo/linea-d185.pdf,31f2da4a8f6539bbb08da8b7ec08b8d4a475f38482f880d3d1206ef9fbd90c66,SCHEDULED_PUBLISHED_TIME_NOT_OBSERVED_RUNTIME,RECONSTRUCTED_FROM_OFFICIAL_PRIMARY_TIMETABLE,,,AMBIGUOUS_HISTORICAL_GTFS,NO_RESOLVED_GTFS_IDENTITY
PDF20260903:D185:P02:C05,D185,3,3,OLGIATE Via Nazionale,16:42,1002,True,OLGIATE MOLGORA,CELANA,2,5,https://www.leccotrasporti.it/percorsi/estivo/linea-d185.pdf,31f2da4a8f6539bbb08da8b7ec08b8d4a475f38482f880d3d1206ef9fbd90c66,SCHEDULED_PUBLISHED_TIME_NOT_OBSERVED_RUNTIME,RECONSTRUCTED_FROM_OFFICIAL_PRIMARY_TIMETABLE,,,NO_HISTORICAL_GTFS_NAME_MATCH,NO_RESOLVED_GTFS_IDENTITY
PDF20260903:D185:P02:C05,D185,4,4,BEVERATE,16:43,1003,True,OLGIATE MOLGORA,CELANA,2,5,https://www.leccotrasporti.it/percorsi/estivo/linea-d185.pdf,31f2da4a8f6539bbb08da8b7ec08b8d4a475f38482f880d3d1206ef9fbd90c66,SCHEDULED_PUBLISHED_TIME_NOT_OBSERVED_RUNTIME,RECONSTRUCTED_FROM_OFFICIAL_PRIMARY_TIMETABLE,,,AMBIGUOUS_HISTORICAL_GTFS,NO_RESOLVED_GTFS_IDENTITY
PDF20260903:D185:P02:C05,D185,5,5,BRIVIO Capolinea,16:50,1010,True,OLGIATE MOLGORA,CELANA,2,5,https://www.leccotrasporti.it/percorsi/estivo/linea-d185.pdf,31f2da4a8f6539bbb08da8b7ec08b8d4a475f38482f880d3d1206ef9fbd90c66,SCHEDULED_PUBLISHED_TIME_NOT_OBSERVED_RUNTIME,RECONSTRUCTED_FROM_OFFICIAL_PRIMARY_TIMETABLE,300063,EX_002,RESOLVED_BEST_SEQUENCE_UNIQUE,JOINED_V1_PHYSICAL_CLUSTER_BY_EXACT_GTFS_STOP_ID
PDF20260903:D185:P02:C05,D185,6,8,CISANO Via Mazzini,17:10,1030,True,OLGIATE MOLGORA,CELANA,2,5,https://www.leccotrasporti.it/percorsi/estivo/linea-d185.pdf,31f2da4a8f6539bbb08da8b7ec08b8d4a475f38482f880d3d1206ef9fbd90c66,SCHEDULED_PUBLISHED_TIME_NOT_OBSERVED_RUNTIME,RECONSTRUCTED_FROM_OFFICIAL_PRIMARY_TIMETABLE,,,NO_HISTORICAL_GTFS_NAME_MATCH,NO_RESOLVED_GTFS_IDENTITY
PDF20260903:D185:P02:C05,D185,7,9,CISANO Municipio,17:11,1031,True,OLGIATE MOLGORA,CELANA,2,5,https://www.leccotrasporti.it/percorsi/estivo/linea-d185.pdf,31f2da4a8f6539bbb08da8b7ec08b8d4a475f38482f880d3d1206ef9fbd90c66,SCHEDULED_PUBLISHED_TIME_NOT_OBSERVED_RUNTIME,RECONSTRUCTED_FROM_OFFICIAL_PRIMARY_TIMETABLE,,,AMBIGUOUS_HISTORICAL_GTFS,NO_RESOLVED_GTFS_IDENTITY
PDF20260903:D185:P02:C05,D185,8,10,CAPRINO Bosco,17:14,1034,True,OLGIATE MOLGORA,CELANA,2,5,https://www.leccotrasporti.it/percorsi/estivo/linea-d185.pdf,31f2da4a8f6539bbb08da8b7ec08b8d4a475f38482f880d3d1206ef9fbd90c66,SCHEDULED_PUBLISHED_TIME_NOT_OBSERVED_RUNTIME,RECONSTRUCTED_FROM_OFFICIAL_PRIMARY_TIMETABLE,,,AMBIGUOUS_HISTORICAL_GTFS,NO_RESOLVED_GTFS_IDENTITY
PDF20260903:D185:P02:C05,D185,9,11,CAPRINO Piazza Marconi,17:15,1035,True,OLGIATE MOLGORA,CELANA,2,5,https://www.leccotrasporti.it/percorsi/estivo/linea-d185.pdf,31f2da4a8f6539bbb08da8b7ec08b8d4a475f38482f880d3d1206ef9fbd90c66,SCHEDULED_PUBLISHED_TIME_NOT_OBSERVED_RUNTIME,RECONSTRUCTED_FROM_OFFICIAL_PRIMARY_TIMETABLE,,,AMBIGUOUS_HISTORICAL_GTFS,NO_RESOLVED_GTFS_IDENTITY
PDF20260903:D185:P02:C06,D185,1,1,OLGIATE MOLGORA FS,18:05,1085,True,OLGIATE MOLGORA,CELANA,2,6,https://www.leccotrasporti.it/percorsi/estivo/linea-d185.pdf,31f2da4a8f6539bbb08da8b7ec08b8d4a475f38482f880d3d1206ef9fbd90c66,SCHEDULED_PUBLISHED_TIME_NOT_OBSERVED_RUNTIME,RECONSTRUCTED_FROM_OFFICIAL_PRIMARY_TIMETABLE,300407,EX_011,RESOLVED_BEST_SEQUENCE_UNIQUE,JOINED_V1_PHYSICAL_CLUSTER_BY_EXACT_GTFS_STOP_ID
PDF20260903:D185:P02:C06,D185,2,2,CALCO Via Virgilio,18:10,1090,True,OLGIATE MOLGORA,CELANA,2,6,https://www.leccotrasporti.it/percorsi/estivo/linea-d185.pdf,31f2da4a8f6539bbb08da8b7ec08b8d4a475f38482f880d3d1206ef9fbd90c66,SCHEDULED_PUBLISHED_TIME_NOT_OBSERVED_RUNTIME,RECONSTRUCTED_FROM_OFFICIAL_PRIMARY_TIMETABLE,,,AMBIGUOUS_HISTORICAL_GTFS,NO_RESOLVED_GTFS_IDENTITY
PDF20260903:D185:P02:C06,D185,3,3,OLGIATE Via Nazionale,18:12,1092,True,OLGIATE MOLGORA,CELANA,2,6,https://www.leccotrasporti.it/percorsi/estivo/linea-d185.pdf,31f2da4a8f6539bbb08da8b7ec08b8d4a475f38482f880d3d1206ef9fbd90c66,SCHEDULED_PUBLISHED_TIME_NOT_OBSERVED_RUNTIME,RECONSTRUCTED_FROM_OFFICIAL_PRIMARY_TIMETABLE,,,NO_HISTORICAL_GTFS_NAME_MATCH,NO_RESOLVED_GTFS_IDENTITY
PDF20260903:D185:P02:C06,D185,4,4,BEVERATE,18:13,1093,True,OLGIATE MOLGORA,CELANA,2,6,https://www.leccotrasporti.it/percorsi/estivo/linea-d185.pdf,31f2da4a8f6539bbb08da8b7ec08b8d4a475f38482f880d3d1206ef9fbd90c66,SCHEDULED_PUBLISHED_TIME_NOT_OBSERVED_RUNTIME,RECONSTRUCTED_FROM_OFFICIAL_PRIMARY_TIMETABLE,,,AMBIGUOUS_HISTORICAL_GTFS,NO_RESOLVED_GTFS_IDENTITY
PDF20260903:D185:P02:C06,D185,5,5,BRIVIO Capolinea,18:20,1100,True,OLGIATE MOLGORA,CELANA,2,6,https://www.leccotrasporti.it/percorsi/estivo/linea-d185.pdf,31f2da4a8f6539bbb08da8b7ec08b8d4a475f38482f880d3d1206ef9fbd90c66,SCHEDULED_PUBLISHED_TIME_NOT_OBSERVED_RUNTIME,RECONSTRUCTED_FROM_OFFICIAL_PRIMARY_TIMETABLE,300063,EX_002,RESOLVED_BEST_SEQUENCE_UNIQUE,JOINED_V1_PHYSICAL_CLUSTER_BY_EXACT_GTFS_STOP_ID
PDF20260903:D185:P02:C06,D185,6,8,CISANO Via Mazzini,18:40,1120,True,OLGIATE MOLGORA,CELANA,2,6,https://www.leccotrasporti.it/percorsi/estivo/linea-d185.pdf,31f2da4a8f6539bbb08da8b7ec08b8d4a475f38482f880d3d1206ef9fbd90c66,SCHEDULED_PUBLISHED_TIME_NOT_OBSERVED_RUNTIME,RECONSTRUCTED_FROM_OFFICIAL_PRIMARY_TIMETABLE,,,NO_HISTORICAL_GTFS_NAME_MATCH,NO_RESOLVED_GTFS_IDENTITY
PDF20260903:D185:P02:C06,D185,7,9,CISANO Municipio,18:41,1121,True,OLGIATE MOLGORA,CELANA,2,6,https://www.leccotrasporti.it/percorsi/estivo/linea-d185.pdf,31f2da4a8f6539bbb08da8b7ec08b8d4a475f38482f880d3d1206ef9fbd90c66,SCHEDULED_PUBLISHED_TIME_NOT_OBSERVED_RUNTIME,RECONSTRUCTED_FROM_OFFICIAL_PRIMARY_TIMETABLE,,,AMBIGUOUS_HISTORICAL_GTFS,NO_RESOLVED_GTFS_IDENTITY
PDF20260903:D185:P02:C06,D185,8,10,CAPRINO Bosco,18:44,1124,True,OLGIATE MOLGORA,CELANA,2,6,https://www.leccotrasporti.it/percorsi/estivo/linea-d185.pdf,31f2da4a8f6539bbb08da8b7ec08b8d4a475f38482f880d3d1206ef9fbd90c66,SCHEDULED_PUBLISHED_TIME_NOT_OBSERVED_RUNTIME,RECONSTRUCTED_FROM_OFFICIAL_PRIMARY_TIMETABLE,,,AMBIGUOUS_HISTORICAL_GTFS,NO_RESOLVED_GTFS_IDENTITY
PDF20260903:D185:P02:C06,D185,9,11,CAPRINO Piazza Marconi,18:45,1125,True,OLGIATE MOLGORA,CELANA,2,6,https://www.leccotrasporti.it/percorsi/estivo/linea-d185.pdf,31f2da4a8f6539bbb08da8b7ec08b8d4a475f38482f880d3d1206ef9fbd90c66,SCHEDULED_PUBLISHED_TIME_NOT_OBSERVED_RUNTIME,RECONSTRUCTED_FROM_OFFICIAL_PRIMARY_TIMETABLE,,,AMBIGUOUS_HISTORICAL_GTFS,NO_RESOLVED_GTFS_IDENTITY
PDF20260903:D185:P02:C07,D185,1,1,OLGIATE MOLGORA FS,19:35,1175,True,OLGIATE MOLGORA,CELANA,2,7,https://www.leccotrasporti.it/percorsi/estivo/linea-d185.pdf,31f2da4a8f6539bbb08da8b7ec08b8d4a475f38482f880d3d1206ef9fbd90c66,SCHEDULED_PUBLISHED_TIME_NOT_OBSERVED_RUNTIME,RECONSTRUCTED_FROM_OFFICIAL_PRIMARY_TIMETABLE,300407,EX_011,RESOLVED_BEST_SEQUENCE_UNIQUE,JOINED_V1_PHYSICAL_CLUSTER_BY_EXACT_GTFS_STOP_ID
PDF20260903:D185:P02:C07,D185,2,2,CALCO Via Virgilio,19:45,1185,True,OLGIATE MOLGORA,CELANA,2,7,https://www.leccotrasporti.it/percorsi/estivo/linea-d185.pdf,31f2da4a8f6539bbb08da8b7ec08b8d4a475f38482f880d3d1206ef9fbd90c66,SCHEDULED_PUBLISHED_TIME_NOT_OBSERVED_RUNTIME,RECONSTRUCTED_FROM_OFFICIAL_PRIMARY_TIMETABLE,,,AMBIGUOUS_HISTORICAL_GTFS,NO_RESOLVED_GTFS_IDENTITY
PDF20260903:D185:P02:C07,D185,3,3,OLGIATE Via Nazionale,19:47,1187,True,OLGIATE MOLGORA,CELANA,2,7,https://www.leccotrasporti.it/percorsi/estivo/linea-d185.pdf,31f2da4a8f6539bbb08da8b7ec08b8d4a475f38482f880d3d1206ef9fbd90c66,SCHEDULED_PUBLISHED_TIME_NOT_OBSERVED_RUNTIME,RECONSTRUCTED_FROM_OFFICIAL_PRIMARY_TIMETABLE,,,NO_HISTORICAL_GTFS_NAME_MATCH,NO_RESOLVED_GTFS_IDENTITY
PDF20260903:D185:P02:C07,D185,4,4,BEVERATE,19:48,1188,True,OLGIATE MOLGORA,CELANA,2,7,https://www.leccotrasporti.it/percorsi/estivo/linea-d185.pdf,31f2da4a8f6539bbb08da8b7ec08b8d4a475f38482f880d3d1206ef9fbd90c66,SCHEDULED_PUBLISHED_TIME_NOT_OBSERVED_RUNTIME,RECONSTRUCTED_FROM_OFFICIAL_PRIMARY_TIMETABLE,,,AMBIGUOUS_HISTORICAL_GTFS,NO_RESOLVED_GTFS_IDENTITY
PDF20260903:D185:P02:C07,D185,5,5,BRIVIO Capolinea,19:55,1195,True,OLGIATE MOLGORA,CELANA,2,7,https://www.leccotrasporti.it/percorsi/estivo/linea-d185.pdf,31f2da4a8f6539bbb08da8b7ec08b8d4a475f38482f880d3d1206ef9fbd90c66,SCHEDULED_PUBLISHED_TIME_NOT_OBSERVED_RUNTIME,RECONSTRUCTED_FROM_OFFICIAL_PRIMARY_TIMETABLE,300063,EX_002,RESOLVED_BEST_SEQUENCE_UNIQUE,JOINED_V1_PHYSICAL_CLUSTER_BY_EXACT_GTFS_STOP_ID
PDF20260903:D185:P02:C07,D185,6,8,CISANO Via Mazzini,20:00,1200,True,OLGIATE MOLGORA,CELANA,2,7,https://www.leccotrasporti.it/percorsi/estivo/linea-d185.pdf,31f2da4a8f6539bbb08da8b7ec08b8d4a475f38482f880d3d1206ef9fbd90c66,SCHEDULED_PUBLISHED_TIME_NOT_OBSERVED_RUNTIME,RECONSTRUCTED_FROM_OFFICIAL_PRIMARY_TIMETABLE,,,NO_HISTORICAL_GTFS_NAME_MATCH,NO_RESOLVED_GTFS_IDENTITY
PDF20260903:D185:P02:C07,D185,7,9,CISANO Municipio,20:01,1201,True,OLGIATE MOLGORA,CELANA,2,7,https://www.leccotrasporti.it/percorsi/estivo/linea-d185.pdf,31f2da4a8f6539bbb08da8b7ec08b8d4a475f38482f880d3d1206ef9fbd90c66,SCHEDULED_PUBLISHED_TIME_NOT_OBSERVED_RUNTIME,RECONSTRUCTED_FROM_OFFICIAL_PRIMARY_TIMETABLE,,,AMBIGUOUS_HISTORICAL_GTFS,NO_RESOLVED_GTFS_IDENTITY
PDF20260903:D185:P02:C07,D185,8,10,CAPRINO Bosco,20:04,1204,True,OLGIATE MOLGORA,CELANA,2,7,https://www.leccotrasporti.it/percorsi/estivo/linea-d185.pdf,31f2da4a8f6539bbb08da8b7ec08b8d4a475f38482f880d3d1206ef9fbd90c66,SCHEDULED_PUBLISHED_TIME_NOT_OBSERVED_RUNTIME,RECONSTRUCTED_FROM_OFFICIAL_PRIMARY_TIMETABLE,,,AMBIGUOUS_HISTORICAL_GTFS,NO_RESOLVED_GTFS_IDENTITY
PDF20260903:D185:P02:C07,D185,9,11,CAPRINO Piazza Marconi,20:05,1205,True,OLGIATE MOLGORA,CELANA,2,7,https://www.leccotrasporti.it/percorsi/estivo/linea-d185.pdf,31f2da4a8f6539bbb08da8b7ec08b8d4a475f38482f880d3d1206ef9fbd90c66,SCHEDULED_PUBLISHED_TIME_NOT_OBSERVED_RUNTIME,RECONSTRUCTED_FROM_OFFICIAL_PRIMARY_TIMETABLE,,,AMBIGUOUS_HISTORICAL_GTFS,NO_RESOLVED_GTFS_IDENTITY
