osm_way_id,highway,road_uncertainty_flags,sample_index,x_utm32,y_utm32,lon,lat,discovery_evidence,discovery_seed_count,walk_graph_node_id,walk_graph_connector_m,walk_graph_connector_min,walk_graph_snap_ok,population_reachable_5min,population_additional_5min,existing_catchment_overlap_population_5min,existing_catchment_overlap_pct_5min,population_reachable_8min,population_additional_8min,existing_catchment_overlap_population_8min,existing_catchment_overlap_pct_8min,population_reachable_10min,population_additional_10min,existing_catchment_overlap_population_10min,existing_catchment_overlap_pct_10min,population_reachable_12min,population_additional_12min,existing_catchment_overlap_population_12min,existing_catchment_overlap_pct_12min,nearest_official_stop_walk_network_m,nearest_official_stop_cluster_id,nearby_official_routes,nearby_official_route_count,settlement_coverage_10min_count,settlement_additional_10min_count,settlement_additional_10min_names,destination_coverage_10min_count,destination_additional_10min_count,destination_additional_10min_names,pruned_near_existing_stop,pruned_no_access_gain,candidate_id,stop_type,physical_status,epistemic_status,road_eligibility_status,candidate_status,potential_interchange_with_reference_gtfs,interchange_evidence_status,discovery_sample_spacing_m_assumption,candidate_pruning_radius_m_assumption,source_gate_b_commit,source_gate_d_commit,PRO_COM_T,COMUNE,municipal_2021_resident_work_commuters_context,municipal_2021_outbound_workers_context,od_2021_context_status
1288862511,residential,missing_lanes|missing_maxheight|missing_maxweight|missing_maxwidth|missing_width,0,530674.7284694989,5061323.252022993,9.394058569528264,45.704783368317116,POP_GAP8:WP_04269|POP_GAP8:WP_04270|POP_GAP8:WP_04271|POP_GAP8:WP_04272|POP_GAP8:WP_04273|POP_GAP8:WP_04274|POP_GAP8:WP_04279|POP_GAP8:WP_04280|POP_GAP8:WP_04281|POP_GAP8:WP_04282|POP_GAP8:WP_04283,11,14875,5.884868006959855,0.07356085008699818,True,32.764526222162196,32.764526222162196,0.0,0.0,34.11702671039551,34.11702671039551,0.0,0.0,80.84238875970925,80.84238875970925,0.0,0.0,103.25476608515208,103.25476608515208,0.0,0.0,3253.027962479309,EX_018,D148,1,0,0,,0,0,,False,False,P2S_0001,PROPOSED_STOP,FIELD_CHECK_PENDING,PROPOSED_STOP/FIELD_CHECK_PENDING,DERIVED_GATE_D_BUS_ELIGIBLE,HYPOTHESIS_NOT_RECOMMENDATION,False,DERIVED_FROM_REFERENCE_PERIOD_GTFS_PROXIMITY_NOT_CURRENT_SERVICE_GUARANTEE,150.0,220.0,55d726564e13acca55ce563cc911263ac513acb0,7c220f7586d0f6e5cccd14a2d518be52eb1c4a55,097058,Olgiate Molgora,2287,1961,FACT_ISTAT_2021_WORK_COMMUTING_MUNICIPAL_ONLY_NOT_STOP_DEMAND
1384055503,service,missing_lanes|missing_maxheight|missing_maxweight|missing_maxwidth|missing_width,0,530726.9112957375,5061600.755182268,9.394746492491867,45.70727874798953,POP_GAP8:WP_04249|POP_GAP8:WP_04250|POP_GAP8:WP_04251|POP_GAP8:WP_04252|POP_GAP8:WP_04259|POP_GAP8:WP_04260|POP_GAP8:WP_04261|POP_GAP8:WP_04262|POP_GAP8:WP_04263|POP_GAP8:WP_04264,10,15103,12.937140797921396,0.16171425997401745,True,13.122806159905657,13.122806159905657,0.0,0.0,101.64937247888668,101.64937247888668,0.0,0.0,124.60941938548132,124.60941938548132,0.0,0.0,189.21674249536574,189.21674249536574,0.0,0.0,3027.392498861676,EX_018,D148,1,1,1,Pianezzo,0,0,,False,False,P2S_0002,PROPOSED_STOP,FIELD_CHECK_PENDING,PROPOSED_STOP/FIELD_CHECK_PENDING,DERIVED_GATE_D_BUS_ELIGIBLE,HYPOTHESIS_NOT_RECOMMENDATION,False,DERIVED_FROM_REFERENCE_PERIOD_GTFS_PROXIMITY_NOT_CURRENT_SERVICE_GUARANTEE,150.0,220.0,55d726564e13acca55ce563cc911263ac513acb0,7c220f7586d0f6e5cccd14a2d518be52eb1c4a55,097058,Olgiate Molgora,2287,1961,FACT_ISTAT_2021_WORK_COMMUTING_MUNICIPAL_ONLY_NOT_STOP_DEMAND
1430858467,service,missing_lanes|missing_maxheight|missing_maxweight|missing_maxwidth|missing_width,0,530279.6182281487,5061696.314673811,9.389006250278037,45.70815855009282,POP_GAP8:WP_04227|POP_GAP8:WP_04228|POP_GAP8:WP_04229|POP_GAP8:WP_04230|POP_GAP8:WP_04231|POP_GAP8:WP_04243|POP_GAP8:WP_04244|POP_GAP8:WP_04245|POP_GAP8:WP_04246|POP_GAP8:WP_04247|POP_GAP8:WP_04257|POP_GAP8:WP_04258,12,13075,15.956799455715796,0.19945999319644744,True,23.518699395425465,23.518699395425465,0.0,0.0,25.047483966019332,25.047483966019332,0.0,0.0,26.355534923762608,26.355534923762608,0.0,0.0,110.65612479820392,110.65612479820392,0.0,0.0,3292.176368454281,EX_018,D148,1,0,0,,0,0,,False,False,P2S_0003,PROPOSED_STOP,FIELD_CHECK_PENDING,PROPOSED_STOP/FIELD_CHECK_PENDING,DERIVED_GATE_D_BUS_ELIGIBLE,HYPOTHESIS_NOT_RECOMMENDATION,False,DERIVED_FROM_REFERENCE_PERIOD_GTFS_PROXIMITY_NOT_CURRENT_SERVICE_GUARANTEE,150.0,220.0,55d726564e13acca55ce563cc911263ac513acb0,7c220f7586d0f6e5cccd14a2d518be52eb1c4a55,097058,Olgiate Molgora,2287,1961,FACT_ISTAT_2021_WORK_COMMUTING_MUNICIPAL_ONLY_NOT_STOP_DEMAND
40599303,unclassified,missing_lanes|missing_maxheight|missing_maxweight|missing_maxwidth|missing_width,0,530545.1834234146,5061880.433541296,9.392429517625638,45.709804061878536,POP_GAP8:WP_04182|POP_GAP8:WP_04183|POP_GAP8:WP_04199|POP_GAP8:WP_04200|POP_GAP8:WP_04201|POP_GAP8:WP_04217|POP_GAP8:WP_04218,7,14305,9.943545538006248,0.1242943192250781,True,69.03008691023592,69.03008691023592,0.0,0.0,186.26236871548318,186.26236871548318,0.0,0.0,222.44201751695437,222.44201751695437,0.0,0.0,232.23899492568114,232.23899492568114,0.0,0.0,2696.4793918652454,EX_018,D148,1,3,3,Bagaggera|Molino Cattaneo|Pianezzo,0,0,,False,False,P2S_0004,PROPOSED_STOP,FIELD_CHECK_PENDING,PROPOSED_STOP/FIELD_CHECK_PENDING,DERIVED_GATE_D_BUS_ELIGIBLE,HYPOTHESIS_NOT_RECOMMENDATION,False,DERIVED_FROM_REFERENCE_PERIOD_GTFS_PROXIMITY_NOT_CURRENT_SERVICE_GUARANTEE,150.0,220.0,55d726564e13acca55ce563cc911263ac513acb0,7c220f7586d0f6e5cccd14a2d518be52eb1c4a55,097058,Olgiate Molgora,2287,1961,FACT_ISTAT_2021_WORK_COMMUTING_MUNICIPAL_ONLY_NOT_STOP_DEMAND
46786196,unclassified,missing_maxheight|missing_maxweight|missing_maxwidth|missing_width,0,530037.9160282983,5061929.497035635,9.385915584789046,45.71026786163276,POP_GAP8:WP_04156|POP_GAP8:WP_04157|POP_GAP8:WP_04174|POP_GAP8:WP_04175|POP_GAP8:WP_04176|POP_GAP8:WP_04191|POP_GAP8:WP_04192|POP_GAP8:WP_04193|POP_GAP8:WP_04194|POP_GAP8:WP_04195|POP_GAP8:WP_04208|POP_GAP8:WP_04209|POP_GAP8:WP_04210|POP_GAP8:WP_04211|POP_GAP8:WP_04225|POP_GAP8:WP_04226|POP_GAP8:WP_04227,17,11973,5.622196856453667,0.07027746070567084,True,17.39355543704949,17.39355543704949,0.0,0.0,22.604730155527765,22.604730155527765,0.0,0.0,73.73227925590906,73.73227925590906,0.0,0.0,136.87282155017243,136.87282155017243,0.0,0.0,3127.3801468160605,EX_018,D148,1,1,1,Bagaggera,0,0,,False,False,P2S_0005,PROPOSED_STOP,FIELD_CHECK_PENDING,PROPOSED_STOP/FIELD_CHECK_PENDING,DERIVED_GATE_D_BUS_ELIGIBLE,HYPOTHESIS_NOT_RECOMMENDATION,False,DERIVED_FROM_REFERENCE_PERIOD_GTFS_PROXIMITY_NOT_CURRENT_SERVICE_GUARANTEE,150.0,220.0,55d726564e13acca55ce563cc911263ac513acb0,7c220f7586d0f6e5cccd14a2d518be52eb1c4a55,097092,La Valletta Brianza,1796,1521,FACT_ISTAT_2021_WORK_COMMUTING_MUNICIPAL_ONLY_NOT_STOP_DEMAND
46733299,unclassified,missing_lanes|missing_maxheight|missing_maxweight|missing_maxwidth|missing_width,0,530855.3758131008,5061949.111909996,9.396418991209998,45.7104084498135,POP_GAP8:WP_04168|POP_GAP8:WP_04169|POP_GAP8:WP_04186|POP_GAP8:WP_04187|POP_GAP8:WP_04188|POP_GAP8:WP_04205|POP_GAP8:WP_04206|POP_GAP8:WP_04207|POP_GAP8:WP_04223|POP_GAP8:WP_04224,10,15599,2.2440312701622585,0.02805039087702823,True,154.18671542202074,154.18671542202074,0.0,0.0,156.91986070909223,156.91986070909223,0.0,0.0,166.5439163668612,166.5439163668612,0.0,0.0,246.23092919639217,246.23092919639217,0.0,0.0,2587.907975488346,EX_018,D148,1,2,2,Molino Cattaneo|Pianezzo,0,0,,False,False,P2S_0006,PROPOSED_STOP,FIELD_CHECK_PENDING,PROPOSED_STOP/FIELD_CHECK_PENDING,DERIVED_GATE_D_BUS_ELIGIBLE,HYPOTHESIS_NOT_RECOMMENDATION,False,DERIVED_FROM_REFERENCE_PERIOD_GTFS_PROXIMITY_NOT_CURRENT_SERVICE_GUARANTEE,150.0,220.0,55d726564e13acca55ce563cc911263ac513acb0,7c220f7586d0f6e5cccd14a2d518be52eb1c4a55,097058,Olgiate Molgora,2287,1961,FACT_ISTAT_2021_WORK_COMMUTING_MUNICIPAL_ONLY_NOT_STOP_DEMAND
42995323,unclassified,missing_maxheight|missing_maxweight|missing_maxwidth|missing_width,0,529802.0422873041,5062045.374452483,9.38289235992698,45.711321023803485,POP_GAP8:WP_04093|POP_GAP8:WP_04114|POP_GAP8:WP_04115|POP_GAP8:WP_04116|POP_GAP8:WP_04132|POP_GAP8:WP_04133|POP_GAP8:WP_04134|POP_GAP8:WP_04135|POP_GAP8:WP_04151|POP_GAP8:WP_04152|POP_GAP8:WP_04153|POP_GAP8:WP_04154|POP_GAP8:WP_04170|POP_GAP8:WP_04171|POP_GAP8:WP_04172|POP_GAP8:WP_04173|POP_GAP8:WP_04189|POP_GAP8:WP_04190|SETTLEMENT_GAP8:OSM_POINT_538492425,19,10999,18.5631624065045,0.23203953008130623,True,22.487500561079504,22.487500561079504,0.0,0.0,41.635955384581905,41.635955384581905,0.0,0.0,45.72808765057978,45.72808765057978,0.0,0.0,72.16504656033683,72.16504656033683,0.0,0.0,3053.39513926874,EX_018,D148,1,2,2,Bagaggera|Fornace Superiore,0,0,,False,False,P2S_0007,PROPOSED_STOP,FIELD_CHECK_PENDING,PROPOSED_STOP/FIELD_CHECK_PENDING,DERIVED_GATE_D_BUS_ELIGIBLE,HYPOTHESIS_NOT_RECOMMENDATION,False,DERIVED_FROM_REFERENCE_PERIOD_GTFS_PROXIMITY_NOT_CURRENT_SERVICE_GUARANTEE,150.0,220.0,55d726564e13acca55ce563cc911263ac513acb0,7c220f7586d0f6e5cccd14a2d518be52eb1c4a55,097092,La Valletta Brianza,1796,1521,FACT_ISTAT_2021_WORK_COMMUTING_MUNICIPAL_ONLY_NOT_STOP_DEMAND
132320815,residential,missing_lanes|missing_maxheight|missing_maxweight|missing_maxwidth|missing_width,2,530836.3578416611,5062240.40158852,9.396193185258703,45.71303107486187,POP_GAP8:WP_04128|POP_GAP8:WP_04147|POP_GAP8:WP_04148|POP_GAP8:WP_04149|POP_GAP8:WP_04167,5,15504,14.484933672515883,0.18106167090644854,True,25.25921409383783,25.25921409383783,0.0,0.0,275.4427258463816,275.4427258463816,0.0,0.0,415.8258633202416,415.8258633202416,0.0,0.0,562.8560841208133,562.8560841208133,0.0,0.0,2150.2330836465235,EX_018,D148,1,2,2,Molino Cattaneo|Pianezzo,0,0,,False,False,P2S_0008,PROPOSED_STOP,FIELD_CHECK_PENDING,PROPOSED_STOP/FIELD_CHECK_PENDING,DERIVED_GATE_D_BUS_ELIGIBLE,HYPOTHESIS_NOT_RECOMMENDATION,False,DERIVED_FROM_REFERENCE_PERIOD_GTFS_PROXIMITY_NOT_CURRENT_SERVICE_GUARANTEE,150.0,220.0,55d726564e13acca55ce563cc911263ac513acb0,7c220f7586d0f6e5cccd14a2d518be52eb1c4a55,097058,Olgiate Molgora,2287,1961,FACT_ISTAT_2021_WORK_COMMUTING_MUNICIPAL_ONLY_NOT_STOP_DEMAND
167040996,residential,missing_lanes|missing_maxheight|missing_maxweight|missing_maxwidth|missing_width,0,530557.2063576628,5062273.774147659,9.392608766283677,45.713343828445026,POP_GAP8:WP_04096|POP_GAP8:WP_04097|POP_GAP8:WP_04098|POP_GAP8:WP_04099|POP_GAP8:WP_04100|POP_GAP8:WP_04101|POP_GAP8:WP_04120|POP_GAP8:WP_04121|POP_GAP8:WP_04122|POP_GAP8:WP_04123|POP_GAP8:WP_04124|POP_GAP8:WP_04125|POP_GAP8:WP_04142|POP_GAP8:WP_04143|POP_GAP8:WP_04144|POP_GAP8:WP_04145|POP_GAP8:WP_04146|POP_GAP8:WP_04163|POP_GAP8:WP_04164|POP_GAP8:WP_04165,20,14386,0.9489499013559641,0.011861873766949551,True,65.51017117637603,65.51017117637603,0.0,0.0,67.18434202607524,67.18434202607524,0.0,0.0,81.62407794848116,81.62407794848116,0.0,0.0,219.9386833577687,219.9386833577687,0.0,0.0,2319.042664799272,EX_018,D148,1,1,1,Molino Cattaneo,0,0,,False,False,P2S_0009,PROPOSED_STOP,FIELD_CHECK_PENDING,PROPOSED_STOP/FIELD_CHECK_PENDING,DERIVED_GATE_D_BUS_ELIGIBLE,HYPOTHESIS_NOT_RECOMMENDATION,False,DERIVED_FROM_REFERENCE_PERIOD_GTFS_PROXIMITY_NOT_CURRENT_SERVICE_GUARANTEE,150.0,220.0,55d726564e13acca55ce563cc911263ac513acb0,7c220f7586d0f6e5cccd14a2d518be52eb1c4a55,097058,Olgiate Molgora,2287,1961,FACT_ISTAT_2021_WORK_COMMUTING_MUNICIPAL_ONLY_NOT_STOP_DEMAND
42995323,unclassified,missing_maxheight|missing_maxweight|missing_maxwidth|missing_width,2,529642.4024003535,5062276.782310661,9.380855522338042,45.71341068865642,POP_GAP8:WP_04036|POP_GAP8:WP_04037|POP_GAP8:WP_04038|POP_GAP8:WP_04063|POP_GAP8:WP_04064|POP_GAP8:WP_04065|POP_GAP8:WP_04066|POP_GAP8:WP_04067|POP_GAP8:WP_04086|POP_GAP8:WP_04087|POP_GAP8:WP_04088|POP_GAP8:WP_04089|POP_GAP8:WP_04090|POP_GAP8:WP_04091|POP_GAP8:WP_04092|POP_GAP8:WP_04109|POP_GAP8:WP_04110|POP_GAP8:WP_04111|POP_GAP8:WP_04112|POP_GAP8:WP_04113|POP_GAP8:WP_04132|SETTLEMENT_GAP8:OSM_POINT_538469464,22,10348,6.665242500515998,0.08331553125644997,True,23.167769420914453,23.167769420914453,0.0,0.0,42.12070717501094,42.12070717501094,0.0,0.0,50.09925643541976,50.09925643541976,0.0,0.0,82.30949360040043,82.30949360040043,0.0,0.0,3297.0776431541517,EX_018,D148,1,2,2,Bagaggera|Fornace Superiore,0,0,,False,False,P2S_0010,PROPOSED_STOP,FIELD_CHECK_PENDING,PROPOSED_STOP/FIELD_CHECK_PENDING,DERIVED_GATE_D_BUS_ELIGIBLE,HYPOTHESIS_NOT_RECOMMENDATION,False,DERIVED_FROM_REFERENCE_PERIOD_GTFS_PROXIMITY_NOT_CURRENT_SERVICE_GUARANTEE,150.0,220.0,55d726564e13acca55ce563cc911263ac513acb0,7c220f7586d0f6e5cccd14a2d518be52eb1c4a55,097092,La Valletta Brianza,1796,1521,FACT_ISTAT_2021_WORK_COMMUTING_MUNICIPAL_ONLY_NOT_STOP_DEMAND
40599320,unclassified,missing_maxheight|missing_maxweight|missing_maxwidth|missing_width,1,529371.404765463,5062425.568243008,9.377382744016707,45.71476140510982,POP_GAP8:WP_03964|POP_GAP8:WP_03965|POP_GAP8:WP_03966|POP_GAP8:WP_03997|POP_GAP8:WP_03998|POP_GAP8:WP_03999|POP_GAP8:WP_04000|POP_GAP8:WP_04001|POP_GAP8:WP_04029|POP_GAP8:WP_04030|POP_GAP8:WP_04031|POP_GAP8:WP_04032|POP_GAP8:WP_04056|POP_GAP8:WP_04057|POP_GAP8:WP_04058|POP_GAP8:WP_04059|POP_GAP8:WP_04060|POP_GAP8:WP_04084|SETTLEMENT_GAP8:OSM_POINT_855805785,19,9166,2.7826533366227486,0.034783166707784356,True,23.009904304776402,23.009904304776402,0.0,0.0,25.390983164818927,25.390983164818927,0.0,0.0,44.633009972735756,44.633009972735756,0.0,0.0,56.26412206884533,56.26412206884533,0.0,0.0,3118.913534966271,EX_026,D184,1,2,2,Bagaggera|Fornace Superiore,0,0,,False,False,P2S_0011,PROPOSED_STOP,FIELD_CHECK_PENDING,PROPOSED_STOP/FIELD_CHECK_PENDING,DERIVED_GATE_D_BUS_ELIGIBLE,HYPOTHESIS_NOT_RECOMMENDATION,False,DERIVED_FROM_REFERENCE_PERIOD_GTFS_PROXIMITY_NOT_CURRENT_SERVICE_GUARANTEE,150.0,220.0,55d726564e13acca55ce563cc911263ac513acb0,7c220f7586d0f6e5cccd14a2d518be52eb1c4a55,097092,La Valletta Brianza,1796,1521,FACT_ISTAT_2021_WORK_COMMUTING_MUNICIPAL_ONLY_NOT_STOP_DEMAND
685360145,service,missing_lanes|missing_maxheight|missing_maxweight|missing_maxwidth|missing_width,0,531101.979523595,5062431.915971137,9.39961816070391,45.71474292956089,POP_GAP8:WP_04082|POP_GAP8:WP_04083|POP_GAP8:WP_04108,3,16503,5.641637503903574,0.07052046879879467,True,14.801743516478503,14.801743516478503,0.0,0.0,186.89120866482784,186.89120866482784,0.0,0.0,436.8563596846246,436.8563596846246,0.0,0.0,706.2331132844208,681.3775553718733,24.855557912547493,3.519455183424319,1892.1666765872992,EX_018,D148,1,2,2,Beolco|Molino Cattaneo,0,0,,False,False,P2S_0012,PROPOSED_STOP,FIELD_CHECK_PENDING,PROPOSED_STOP/FIELD_CHECK_PENDING,DERIVED_GATE_D_BUS_ELIGIBLE,HYPOTHESIS_NOT_RECOMMENDATION,False,DERIVED_FROM_REFERENCE_PERIOD_GTFS_PROXIMITY_NOT_CURRENT_SERVICE_GUARANTEE,150.0,220.0,55d726564e13acca55ce563cc911263ac513acb0,7c220f7586d0f6e5cccd14a2d518be52eb1c4a55,097058,Olgiate Molgora,2287,1961,FACT_ISTAT_2021_WORK_COMMUTING_MUNICIPAL_ONLY_NOT_STOP_DEMAND
40599324,unclassified,missing_maxheight|missing_maxweight|missing_maxwidth|missing_width,1,529097.2333015075,5062611.633870537,9.373871255997404,45.71644768933779,POP_GAP8:WP_03908|POP_GAP8:WP_03909|POP_GAP8:WP_03910|POP_GAP8:WP_03911|POP_GAP8:WP_03912|POP_GAP8:WP_03913|POP_GAP8:WP_03914|POP_GAP8:WP_03915|POP_GAP8:WP_03916|POP_GAP8:WP_03953|POP_GAP8:WP_03954|POP_GAP8:WP_03955|POP_GAP8:WP_03956|POP_GAP8:WP_03957|POP_GAP8:WP_03958|POP_GAP8:WP_03959|POP_GAP8:WP_03960|POP_GAP8:WP_03961|POP_GAP8:WP_03962|POP_GAP8:WP_03992|POP_GAP8:WP_03993|POP_GAP8:WP_03994|POP_GAP8:WP_03995|POP_GAP8:WP_03996|POP_GAP8:WP_04025|POP_GAP8:WP_04026|POP_GAP8:WP_04027|POP_GAP8:WP_04028|POP_GAP8:WP_04055|SETTLEMENT_GAP8:OSM_POINT_534888593,30,7804,6.594928048724816,0.08243660060906019,True,1.130490039798347,1.130490039798347,0.0,0.0,8.8570336839884,8.8570336839884,0.0,0.0,26.360441677125593,26.360441677125593,0.0,0.0,29.842845132085706,29.842845132085706,0.0,0.0,2777.3646247014167,EX_026,D184,1,2,2,Fornace Superiore|Ospedaletto,0,0,,False,False,P2S_0013,PROPOSED_STOP,FIELD_CHECK_PENDING,PROPOSED_STOP/FIELD_CHECK_PENDING,DERIVED_GATE_D_BUS_ELIGIBLE,HYPOTHESIS_NOT_RECOMMENDATION,False,DERIVED_FROM_REFERENCE_PERIOD_GTFS_PROXIMITY_NOT_CURRENT_SERVICE_GUARANTEE,150.0,220.0,55d726564e13acca55ce563cc911263ac513acb0,7c220f7586d0f6e5cccd14a2d518be52eb1c4a55,097092,La Valletta Brianza,1796,1521,FACT_ISTAT_2021_WORK_COMMUTING_MUNICIPAL_ONLY_NOT_STOP_DEMAND
190278419,residential,missing_maxheight|missing_maxweight|missing_maxwidth|missing_width,0,530979.4917166374,5062637.253481255,9.39805751891609,45.71659657938885,POP_GAP8:WP_04022|POP_GAP8:WP_04023|POP_GAP8:WP_04054,3,16020,2.588504899653928,0.032356311245674105,True,232.15782413156884,232.15782413156884,0.0,0.0,521.6703641758202,521.6703641758202,0.0,0.0,832.5901308662465,832.5901308662465,0.0,0.0,1161.812053202649,917.7368988112571,244.0751543913918,21.008144451469125,1680.5137971329202,EX_018,D148,1,2,2,Beolco|Molino Cattaneo,0,0,,False,False,P2S_0014,PROPOSED_STOP,FIELD_CHECK_PENDING,PROPOSED_STOP/FIELD_CHECK_PENDING,DERIVED_GATE_D_BUS_ELIGIBLE,HYPOTHESIS_NOT_RECOMMENDATION,False,DERIVED_FROM_REFERENCE_PERIOD_GTFS_PROXIMITY_NOT_CURRENT_SERVICE_GUARANTEE,150.0,220.0,55d726564e13acca55ce563cc911263ac513acb0,7c220f7586d0f6e5cccd14a2d518be52eb1c4a55,097058,Olgiate Molgora,2287,1961,FACT_ISTAT_2021_WORK_COMMUTING_MUNICIPAL_ONLY_NOT_STOP_DEMAND
1430858463,service,missing_lanes|missing_maxheight|missing_maxweight|missing_maxwidth|missing_width,0,530740.4674616802,5062648.263848941,9.394987052755283,45.71670633798977,POP_GAP8:WP_04017|POP_GAP8:WP_04018|POP_GAP8:WP_04019|POP_GAP8:WP_04051,4,15100,8.585332219876332,0.10731665274845414,True,117.38336208705158,117.38336208705158,0.0,0.0,257.51141361222926,257.51141361222926,0.0,0.0,422.5270192632751,422.5270192632751,0.0,0.0,758.8347019049369,694.693864439986,64.14083746495108,8.452544052602688,1760.6928102749387,EX_018,D148,1,2,2,Beolco|Molino Cattaneo,0,0,,False,False,P2S_0015,PROPOSED_STOP,FIELD_CHECK_PENDING,PROPOSED_STOP/FIELD_CHECK_PENDING,DERIVED_GATE_D_BUS_ELIGIBLE,HYPOTHESIS_NOT_RECOMMENDATION,False,DERIVED_FROM_REFERENCE_PERIOD_GTFS_PROXIMITY_NOT_CURRENT_SERVICE_GUARANTEE,150.0,220.0,55d726564e13acca55ce563cc911263ac513acb0,7c220f7586d0f6e5cccd14a2d518be52eb1c4a55,097058,Olgiate Molgora,2287,1961,FACT_ISTAT_2021_WORK_COMMUTING_MUNICIPAL_ONLY_NOT_STOP_DEMAND
626398022,unclassified,missing_maxheight|missing_maxweight|missing_maxwidth|missing_width,0,531741.936606543,5062724.661774115,9.407859699213825,45.717348751602806,POP_GAP8:WP_03990,1,18703,0.1605396274884795,0.002006745343605994,True,94.56186533755994,94.56186533755994,0.0,0.0,215.01848900335176,171.9286108887188,43.08987811463298,20.040080420229017,356.74766394506565,199.75284085039203,156.99482309467362,44.007246286789616,516.8926933907939,170.841041239076,346.0516521517179,66.94845111499525,938.9976179496132,EX_005,D148|D150,2,1,1,Scagnello,1,1,Esselunga,False,False,P2S_0016,PROPOSED_STOP,FIELD_CHECK_PENDING,PROPOSED_STOP/FIELD_CHECK_PENDING,DERIVED_GATE_D_BUS_ELIGIBLE,HYPOTHESIS_NOT_RECOMMENDATION,False,DERIVED_FROM_REFERENCE_PERIOD_GTFS_PROXIMITY_NOT_CURRENT_SERVICE_GUARANTEE,150.0,220.0,55d726564e13acca55ce563cc911263ac513acb0,7c220f7586d0f6e5cccd14a2d518be52eb1c4a55,097012,Calco,2173,1894,FACT_ISTAT_2021_WORK_COMMUTING_MUNICIPAL_ONLY_NOT_STOP_DEMAND
42999797,unclassified,missing_maxheight|missing_maxweight|missing_maxwidth|missing_width,1,530308.9813435129,5062738.549446469,9.389448623767025,45.71753799358468,POP_GAP8:WP_03881|POP_GAP8:WP_03882|POP_GAP8:WP_03935|POP_GAP8:WP_03936|POP_GAP8:WP_03937|POP_GAP8:WP_03938|POP_GAP8:WP_03975|POP_GAP8:WP_03976|POP_GAP8:WP_03977|POP_GAP8:WP_03978|POP_GAP8:WP_03979|POP_GAP8:WP_04009|POP_GAP8:WP_04010|POP_GAP8:WP_04011|POP_GAP8:WP_04012|POP_GAP8:WP_04013|POP_GAP8:WP_04014|POP_GAP8:WP_04041|POP_GAP8:WP_04042|POP_GAP8:WP_04043|POP_GAP8:WP_04044|POP_GAP8:WP_04045|POP_GAP8:WP_04046|POP_GAP8:WP_04069|POP_GAP8:WP_04070|POP_GAP8:WP_04071|POP_GAP8:WP_04072,27,13333,2.528531559557304,0.031606644494466304,True,16.065994428625476,16.065994428625476,0.0,0.0,72.76859025112773,72.76859025112773,0.0,0.0,167.1322436195975,167.1322436195975,0.0,0.0,301.11550098903405,301.11550098903405,0.0,0.0,1847.2178717013915,EX_018,D148,1,2,2,Beolco|Spiazzo,0,0,,False,False,P2S_0017,PROPOSED_STOP,FIELD_CHECK_PENDING,PROPOSED_STOP/FIELD_CHECK_PENDING,DERIVED_GATE_D_BUS_ELIGIBLE,HYPOTHESIS_NOT_RECOMMENDATION,False,DERIVED_FROM_REFERENCE_PERIOD_GTFS_PROXIMITY_NOT_CURRENT_SERVICE_GUARANTEE,150.0,220.0,55d726564e13acca55ce563cc911263ac513acb0,7c220f7586d0f6e5cccd14a2d518be52eb1c4a55,097058,Olgiate Molgora,2287,1961,FACT_ISTAT_2021_WORK_COMMUTING_MUNICIPAL_ONLY_NOT_STOP_DEMAND
190278417,residential,missing_maxheight|missing_maxweight|missing_maxwidth|missing_width,1,530605.194478837,5062826.880030027,9.393260236605828,45.71831998278955,POP_GAP8:WP_03885|POP_GAP8:WP_03886|POP_GAP8:WP_03939|POP_GAP8:WP_03940|POP_GAP8:WP_03941|POP_GAP8:WP_03942|POP_GAP8:WP_03980|POP_GAP8:WP_03981|POP_GAP8:WP_03982|POP_GAP8:WP_04016|SETTLEMENT_GAP8:OSM_POINT_538561433,11,14641,10.26079423698859,0.12825992796235736,True,114.68370714348495,114.68370714348495,0.0,0.0,307.08447514373466,307.08447514373466,0.0,0.0,572.0781051788889,572.0781051788889,0.0,0.0,889.8487960890419,715.3024067278352,174.5463893612067,19.615286341719216,1607.6304723781136,EX_018,D148,1,1,1,Beolco,0,0,,False,False,P2S_0018,PROPOSED_STOP,FIELD_CHECK_PENDING,PROPOSED_STOP/FIELD_CHECK_PENDING,DERIVED_GATE_D_BUS_ELIGIBLE,HYPOTHESIS_NOT_RECOMMENDATION,False,DERIVED_FROM_REFERENCE_PERIOD_GTFS_PROXIMITY_NOT_CURRENT_SERVICE_GUARANTEE,150.0,220.0,55d726564e13acca55ce563cc911263ac513acb0,7c220f7586d0f6e5cccd14a2d518be52eb1c4a55,097058,Olgiate Molgora,2287,1961,FACT_ISTAT_2021_WORK_COMMUTING_MUNICIPAL_ONLY_NOT_STOP_DEMAND
198446596,unclassified,missing_maxheight|missing_maxweight|missing_maxwidth|missing_width,1,529137.3490992998,5062837.612330683,9.374400277276536,45.71847994298195,POP_GAP8:WP_03777|POP_GAP8:WP_03778|POP_GAP8:WP_03779|POP_GAP8:WP_03780|POP_GAP8:WP_03781|POP_GAP8:WP_03782|POP_GAP8:WP_03783|POP_GAP8:WP_03854|POP_GAP8:WP_03855|POP_GAP8:WP_03856|POP_GAP8:WP_03857|POP_GAP8:WP_03858|POP_GAP8:WP_03859|POP_GAP8:WP_03860|POP_GAP8:WP_03861|POP_GAP8:WP_03862|POP_GAP8:WP_03863|POP_GAP8:WP_03864|POP_GAP8:WP_03865|POP_GAP8:WP_03866|POP_GAP8:WP_03867|POP_GAP8:WP_03909|POP_GAP8:WP_03910|POP_GAP8:WP_03911|POP_GAP8:WP_03912|POP_GAP8:WP_03913|POP_GAP8:WP_03914|POP_GAP8:WP_03915|POP_GAP8:WP_03916|POP_GAP8:WP_03917|POP_GAP8:WP_03918|POP_GAP8:WP_03919|POP_GAP8:WP_03920|POP_GAP8:WP_03921|POP_GAP8:WP_03922|POP_GAP8:WP_03923|POP_GAP8:WP_03953|POP_GAP8:WP_03954|POP_GAP8:WP_03955|POP_GAP8:WP_03956|POP_GAP8:WP_03957|POP_GAP8:WP_03958|POP_GAP8:WP_03959|POP_GAP8:WP_03960|POP_GAP8:WP_03961|POP_GAP8:WP_03962|POP_GAP8:WP_03963|SETTLEMENT_GAP8:OSM_POINT_534888593,48,7994,4.759719168571496,0.059496489607143696,True,0.9047371200333207,0.9047371200333207,0.0,0.0,2.1342269085344396,2.1342269085344396,0.0,0.0,3.765436148580816,3.765436148580816,0.0,0.0,25.218168416238687,25.218168416238687,0.0,0.0,2456.9657191870574,EX_026,D184,1,1,1,Ospedaletto,0,0,,False,False,P2S_0019,PROPOSED_STOP,FIELD_CHECK_PENDING,PROPOSED_STOP/FIELD_CHECK_PENDING,DERIVED_GATE_D_BUS_ELIGIBLE,HYPOTHESIS_NOT_RECOMMENDATION,False,DERIVED_FROM_REFERENCE_PERIOD_GTFS_PROXIMITY_NOT_CURRENT_SERVICE_GUARANTEE,150.0,220.0,55d726564e13acca55ce563cc911263ac513acb0,7c220f7586d0f6e5cccd14a2d518be52eb1c4a55,097092,La Valletta Brianza,1796,1521,FACT_ISTAT_2021_WORK_COMMUTING_MUNICIPAL_ONLY_NOT_STOP_DEMAND
144067229,residential,missing_lanes|missing_maxheight|missing_maxweight|missing_maxwidth|missing_width,1,529973.5667649426,5062871.07721778,9.385147081336967,45.71874543072979,POP_GAP8:WP_03875|POP_GAP8:WP_03876|POP_GAP8:WP_03877|POP_GAP8:WP_03878|POP_GAP8:WP_03927|POP_GAP8:WP_03928|POP_GAP8:WP_03929|POP_GAP8:WP_03930|POP_GAP8:WP_03931|POP_GAP8:WP_03932|POP_GAP8:WP_03933|POP_GAP8:WP_03967|POP_GAP8:WP_03968|POP_GAP8:WP_03969|POP_GAP8:WP_03970|POP_GAP8:WP_03971|POP_GAP8:WP_03972|POP_GAP8:WP_03973|POP_GAP8:WP_04004|POP_GAP8:WP_04005|POP_GAP8:WP_04006|POP_GAP8:WP_04007|POP_GAP8:WP_04037|POP_GAP8:WP_04038|POP_GAP8:WP_04039,25,11762,2.4831805765684205,0.031039757207105258,True,49.20006131201412,49.20006131201412,0.0,0.0,111.09935629878038,111.09935629878038,0.0,0.0,118.35261543140778,118.35261543140778,0.0,0.0,123.12864497815347,123.12864497815347,0.0,0.0,2543.2054160142357,EX_018,D148,1,1,1,Spiazzo,0,0,,False,False,P2S_0020,PROPOSED_STOP,FIELD_CHECK_PENDING,PROPOSED_STOP/FIELD_CHECK_PENDING,DERIVED_GATE_D_BUS_ELIGIBLE,HYPOTHESIS_NOT_RECOMMENDATION,False,DERIVED_FROM_REFERENCE_PERIOD_GTFS_PROXIMITY_NOT_CURRENT_SERVICE_GUARANTEE,150.0,220.0,55d726564e13acca55ce563cc911263ac513acb0,7c220f7586d0f6e5cccd14a2d518be52eb1c4a55,097092,La Valletta Brianza,1796,1521,FACT_ISTAT_2021_WORK_COMMUTING_MUNICIPAL_ONLY_NOT_STOP_DEMAND
626398028,primary,missing_maxheight|missing_maxweight|missing_maxwidth|missing_width,2,531895.7971441053,5062888.547050283,9.409847422793886,45.718816736305435,POP_GAP8:WP_03826,1,19339,40.223544475585314,0.5027943059448164,True,39.73103229104542,39.73103229104542,0.0,0.0,283.8849346637309,63.812829304859136,220.0721053588718,77.52158656096103,476.3453424628403,82.76742501662197,393.5779174462183,82.62449159496533,876.9941145771147,106.1712306839602,770.8228838931544,87.89373509819323,722.8026903461731,EX_005,D148|D150,2,1,1,Scagnello,1,1,Esselunga,False,False,P2S_0021,PROPOSED_STOP,FIELD_CHECK_PENDING,PROPOSED_STOP/FIELD_CHECK_PENDING,DERIVED_GATE_D_BUS_ELIGIBLE,HYPOTHESIS_NOT_RECOMMENDATION,False,DERIVED_FROM_REFERENCE_PERIOD_GTFS_PROXIMITY_NOT_CURRENT_SERVICE_GUARANTEE,150.0,220.0,55d726564e13acca55ce563cc911263ac513acb0,7c220f7586d0f6e5cccd14a2d518be52eb1c4a55,097012,Calco,2173,1894,FACT_ISTAT_2021_WORK_COMMUTING_MUNICIPAL_ONLY_NOT_STOP_DEMAND
961553726,unclassified,conditional_access=destination|missing_maxheight|missing_maxweight|missing_maxwidth|missing_width,0,531455.7868403156,5062901.25203396,9.404194445110962,45.71895123018385,POP_GAP8:WP_03822|POP_GAP8:WP_03896|POP_GAP8:WP_03897|POP_GAP8:WP_03898,4,17695,3.106128295422973,0.03882660369278716,True,159.3572112374295,159.3572112374295,0.0,0.0,221.17932742084338,221.17932742084338,0.0,0.0,335.77071783844355,233.70210121677678,102.0686166216668,30.398307892583187,457.06202323402505,202.05933306617976,255.0026901678453,55.79170379624359,1284.7715546489144,EX_005,D148|D150,2,1,1,Scagnello,1,1,Esselunga,False,False,P2S_0022,PROPOSED_STOP,FIELD_CHECK_PENDING,PROPOSED_STOP/FIELD_CHECK_PENDING,DERIVED_GATE_D_BUS_ELIGIBLE,HYPOTHESIS_NOT_RECOMMENDATION,False,DERIVED_FROM_REFERENCE_PERIOD_GTFS_PROXIMITY_NOT_CURRENT_SERVICE_GUARANTEE,150.0,220.0,55d726564e13acca55ce563cc911263ac513acb0,7c220f7586d0f6e5cccd14a2d518be52eb1c4a55,097058,Olgiate Molgora,2287,1961,FACT_ISTAT_2021_WORK_COMMUTING_MUNICIPAL_ONLY_NOT_STOP_DEMAND
1447755761,service,missing_lanes|missing_maxheight|missing_maxweight|missing_maxwidth|missing_width,0,530895.9918951705,5062901.724272076,9.397001507003212,45.718980701404284,POP_GAP8:WP_03890|POP_GAP8:WP_03891|POP_GAP8:WP_03892|POP_GAP8:WP_03946,4,15810,3.1548965830196183,0.03943620728774523,True,249.45468590631316,249.45468590631316,0.0,0.0,727.9881470520842,727.9881470520842,0.0,0.0,1112.7115557620366,980.6788752486448,132.03268051339202,11.8658496741296,1508.4195403550875,881.197845012643,627.2216953424444,41.58138227212265,1373.9151123489444,EX_018,D148,1,1,1,Beolco,0,0,,False,False,P2S_0023,PROPOSED_STOP,FIELD_CHECK_PENDING,PROPOSED_STOP/FIELD_CHECK_PENDING,DERIVED_GATE_D_BUS_ELIGIBLE,HYPOTHESIS_NOT_RECOMMENDATION,False,DERIVED_FROM_REFERENCE_PERIOD_GTFS_PROXIMITY_NOT_CURRENT_SERVICE_GUARANTEE,150.0,220.0,55d726564e13acca55ce563cc911263ac513acb0,7c220f7586d0f6e5cccd14a2d518be52eb1c4a55,097058,Olgiate Molgora,2287,1961,FACT_ISTAT_2021_WORK_COMMUTING_MUNICIPAL_ONLY_NOT_STOP_DEMAND
278793641,residential,missing_lanes|missing_maxheight|missing_maxweight|missing_maxwidth|missing_width,0,532152.6361644799,5062933.770100849,9.413150608504033,45.71921188250569,POP_GAP8:WP_03830|POP_GAP8:WP_03831|POP_GAP8:WP_03832|POP_GAP8:WP_03833,4,20130,2.514370557479342,0.03142963196849177,True,13.549793611702754,13.549793611702754,0.0,0.0,112.46697048200562,19.45674748925047,93.01022299275515,82.70003414703564,266.58407967405344,33.03898850522722,233.54509116882625,87.60654104115173,520.7123907018204,29.037508225346308,491.67488247647407,94.42350350330452,791.0988443311675,EX_005,D148|D150,2,1,1,Limito,1,1,Esselunga,False,False,P2S_0024,PROPOSED_STOP,FIELD_CHECK_PENDING,PROPOSED_STOP/FIELD_CHECK_PENDING,DERIVED_GATE_D_BUS_ELIGIBLE,HYPOTHESIS_NOT_RECOMMENDATION,False,DERIVED_FROM_REFERENCE_PERIOD_GTFS_PROXIMITY_NOT_CURRENT_SERVICE_GUARANTEE,150.0,220.0,55d726564e13acca55ce563cc911263ac513acb0,7c220f7586d0f6e5cccd14a2d518be52eb1c4a55,097012,Calco,2173,1894,FACT_ISTAT_2021_WORK_COMMUTING_MUNICIPAL_ONLY_NOT_STOP_DEMAND
190278420,residential,missing_lanes|missing_maxheight|missing_maxweight|missing_maxwidth|missing_width,0,531230.016786653,5062969.293558678,9.401297845150202,45.719573868777296,POP_GAP8:WP_03817|POP_GAP8:WP_03818|POP_GAP8:WP_03894,3,16935,2.931174218665853,0.03663967773332316,True,216.42740264996092,216.42740264996092,0.0,0.0,693.324735372036,693.324735372036,0.0,0.0,1252.9988639019234,956.49952858108,296.4993353208437,23.663176708518687,1864.6176938446952,875.4338655969194,989.1838282477755,53.05022211862401,1336.694478932618,EX_018,D148,1,0,0,,1,1,OSM leisure:sports_centre 1837075017,False,False,P2S_0025,PROPOSED_STOP,FIELD_CHECK_PENDING,PROPOSED_STOP/FIELD_CHECK_PENDING,DERIVED_GATE_D_BUS_ELIGIBLE,HYPOTHESIS_NOT_RECOMMENDATION,False,DERIVED_FROM_REFERENCE_PERIOD_GTFS_PROXIMITY_NOT_CURRENT_SERVICE_GUARANTEE,150.0,220.0,55d726564e13acca55ce563cc911263ac513acb0,7c220f7586d0f6e5cccd14a2d518be52eb1c4a55,097058,Olgiate Molgora,2287,1961,FACT_ISTAT_2021_WORK_COMMUTING_MUNICIPAL_ONLY_NOT_STOP_DEMAND
1465161319,service,missing_lanes|missing_maxheight|missing_maxweight|missing_maxwidth|missing_width,0,532789.9315553994,5062982.766390416,9.421342734161879,45.719622970056456,POP_GAP8:WP_03755,1,21915,1.0432759040446975,0.013040948800558718,True,0.6925989335668277,0.37888592905462437,0.3137130045122033,45.29504584949432,2.8364062297406747,1.0773494755550357,1.7590567541856392,62.01709528562363,136.54551401751294,0.792747730710459,135.7527662868025,99.41942601599584,224.35320768069764,0.0,224.35320768069764,100.0,280.19675623066917,EX_021,D170,1,3,1,Limito,0,0,,False,False,P2S_0026,PROPOSED_STOP,FIELD_CHECK_PENDING,PROPOSED_STOP/FIELD_CHECK_PENDING,DERIVED_GATE_D_BUS_ELIGIBLE,HYPOTHESIS_NOT_RECOMMENDATION,True,DERIVED_FROM_REFERENCE_PERIOD_GTFS_PROXIMITY_NOT_CURRENT_SERVICE_GUARANTEE,150.0,220.0,55d726564e13acca55ce563cc911263ac513acb0,7c220f7586d0f6e5cccd14a2d518be52eb1c4a55,097012,Calco,2173,1894,FACT_ISTAT_2021_WORK_COMMUTING_MUNICIPAL_ONLY_NOT_STOP_DEMAND
928652391,unclassified,missing_lanes|missing_maxheight|missing_maxweight|missing_maxwidth|missing_width,0,535146.2050586841,5062986.5543414485,9.451619639023308,45.71954139477229,POP_GAP8:WP_03769|POP_GAP8:WP_04024,2,27823,229.24009087858553,2.8655011359823193,True,16.114206254558255,16.114206254558255,0.0,0.0,33.00170958938351,33.00170958938351,0.0,0.0,33.12912658151121,33.12912658151121,0.0,0.0,47.56479802759825,17.165699064261023,30.399098963337224,63.910917787770124,792.1207263643297,EX_031,D150|D170,2,0,0,,0,0,,False,False,P2S_0027,PROPOSED_STOP,FIELD_CHECK_PENDING,PROPOSED_STOP/FIELD_CHECK_PENDING,DERIVED_GATE_D_BUS_ELIGIBLE,HYPOTHESIS_NOT_RECOMMENDATION,False,DERIVED_FROM_REFERENCE_PERIOD_GTFS_PROXIMITY_NOT_CURRENT_SERVICE_GUARANTEE,150.0,220.0,55d726564e13acca55ce563cc911263ac513acb0,7c220f7586d0f6e5cccd14a2d518be52eb1c4a55,097012,Calco,2173,1894,FACT_ISTAT_2021_WORK_COMMUTING_MUNICIPAL_ONLY_NOT_STOP_DEMAND
167041024,unclassified,missing_maxheight|missing_maxweight|missing_maxwidth|missing_width,0,530696.0470374927,5063064.6254057335,9.394442671607475,45.72045580365839,POP_GAP8:WP_03724|POP_GAP8:WP_03725|POP_GAP8:WP_03726|POP_GAP8:WP_03727|POP_GAP8:WP_03728|POP_GAP8:WP_03807|POP_GAP8:WP_03808|POP_GAP8:WP_03809,8,14978,0.928550380359167,0.011606879754489588,True,345.07395753277615,345.07395753277615,0.0,0.0,880.0528497167693,880.0528497167693,0.0,0.0,1137.9208702882931,980.1667803950207,157.75408989327244,13.863362032660964,1483.5919145620958,842.2541564624835,641.3377580996125,43.22871753375071,1267.49668426835,EX_018,D148,1,1,1,Beolco,0,0,,False,False,P2S_0028,PROPOSED_STOP,FIELD_CHECK_PENDING,PROPOSED_STOP/FIELD_CHECK_PENDING,DERIVED_GATE_D_BUS_ELIGIBLE,HYPOTHESIS_NOT_RECOMMENDATION,False,DERIVED_FROM_REFERENCE_PERIOD_GTFS_PROXIMITY_NOT_CURRENT_SERVICE_GUARANTEE,150.0,220.0,55d726564e13acca55ce563cc911263ac513acb0,7c220f7586d0f6e5cccd14a2d518be52eb1c4a55,097058,Olgiate Molgora,2287,1961,FACT_ISTAT_2021_WORK_COMMUTING_MUNICIPAL_ONLY_NOT_STOP_DEMAND
1430850463,service,missing_lanes|missing_maxheight|missing_maxweight|missing_maxwidth|missing_width,0,529599.2193883877,5063081.514308701,9.380349841806389,45.72065560248174,POP_GAP8:WP_03629|POP_GAP8:WP_03630|POP_GAP8:WP_03710|POP_GAP8:WP_03711|POP_GAP8:WP_03712|POP_GAP8:WP_03713|POP_GAP8:WP_03790|POP_GAP8:WP_03791|POP_GAP8:WP_03792|POP_GAP8:WP_03793|POP_GAP8:WP_03794|POP_GAP8:WP_03868|POP_GAP8:WP_03869|POP_GAP8:WP_03870|POP_GAP8:WP_03871|POP_GAP8:WP_03872|POP_GAP8:WP_03923|POP_GAP8:WP_03924|POP_GAP8:WP_03925|POP_GAP8:WP_03926|POP_GAP8:WP_03927|POP_GAP8:WP_03966|POP_GAP8:WP_03967,23,10222,5.335513320689632,0.0666939165086204,True,32.944033156191516,32.944033156191516,0.0,0.0,64.36939770281444,64.36939770281444,0.0,0.0,122.71871703057805,122.71871703057805,0.0,0.0,137.50537549202917,137.50537549202917,0.0,0.0,2437.6339043160074,EX_026,D184,1,1,1,Spiazzo,0,0,,False,False,P2S_0029,PROPOSED_STOP,FIELD_CHECK_PENDING,PROPOSED_STOP/FIELD_CHECK_PENDING,DERIVED_GATE_D_BUS_ELIGIBLE,HYPOTHESIS_NOT_RECOMMENDATION,False,DERIVED_FROM_REFERENCE_PERIOD_GTFS_PROXIMITY_NOT_CURRENT_SERVICE_GUARANTEE,150.0,220.0,55d726564e13acca55ce563cc911263ac513acb0,7c220f7586d0f6e5cccd14a2d518be52eb1c4a55,097092,La Valletta Brianza,1796,1521,FACT_ISTAT_2021_WORK_COMMUTING_MUNICIPAL_ONLY_NOT_STOP_DEMAND
40627766,unclassified,missing_lanes|missing_maxheight|missing_maxweight|missing_maxwidth|missing_width,2,529194.6358824125,5063121.748982312,9.375153482406654,45.72103492726783,POP_GAP8:WP_03517|POP_GAP8:WP_03518|POP_GAP8:WP_03519|POP_GAP8:WP_03520|POP_GAP8:WP_03521|POP_GAP8:WP_03522|POP_GAP8:WP_03523|POP_GAP8:WP_03616|POP_GAP8:WP_03617|POP_GAP8:WP_03618|POP_GAP8:WP_03619|POP_GAP8:WP_03620|POP_GAP8:WP_03621|POP_GAP8:WP_03622|POP_GAP8:WP_03623|POP_GAP8:WP_03624|POP_GAP8:WP_03700|POP_GAP8:WP_03701|POP_GAP8:WP_03702|POP_GAP8:WP_03703|POP_GAP8:WP_03704|POP_GAP8:WP_03705|POP_GAP8:WP_03706|POP_GAP8:WP_03707|SETTLEMENT_GAP8:OSM_POINT_8823966883,25,8275,0.06353523729573275,0.0007941904661966594,True,1.348797566939843,1.348797566939843,0.0,0.0,20.36000196533168,20.36000196533168,0.0,0.0,72.81506404273422,72.81506404273422,0.0,0.0,168.5076077645783,168.5076077645783,0.0,0.0,2174.3668575765737,EX_026,D184,1,2,2,Brugolone|Galbusera Bianca,0,0,,False,False,P2S_0030,PROPOSED_STOP,FIELD_CHECK_PENDING,PROPOSED_STOP/FIELD_CHECK_PENDING,DERIVED_GATE_D_BUS_ELIGIBLE,HYPOTHESIS_NOT_RECOMMENDATION,False,DERIVED_FROM_REFERENCE_PERIOD_GTFS_PROXIMITY_NOT_CURRENT_SERVICE_GUARANTEE,150.0,220.0,55d726564e13acca55ce563cc911263ac513acb0,7c220f7586d0f6e5cccd14a2d518be52eb1c4a55,097092,La Valletta Brianza,1796,1521,FACT_ISTAT_2021_WORK_COMMUTING_MUNICIPAL_ONLY_NOT_STOP_DEMAND
1464429363,service,missing_lanes|missing_maxheight|missing_maxweight|missing_maxwidth|missing_width,0,531730.9796178938,5063130.226270653,9.407745464098534,45.720999561915,POP_GAP8:WP_03654|POP_GAP8:WP_03655|POP_GAP8:WP_03656|POP_GAP8:WP_03657|POP_GAP8:WP_03740|POP_GAP8:WP_03741|POP_GAP8:WP_03742|POP_GAP8:WP_03743|POP_GAP8:WP_03824|POP_GAP8:WP_03825,10,18892,38.779318984220055,0.4847414873027507,True,33.652769974310395,33.652769974310395,0.0,0.0,109.22193256170566,109.22193256170566,0.0,0.0,149.66516603928812,149.66516603928812,0.0,0.0,194.3697204882471,160.1482413809146,34.22147910733252,17.606383865434317,1528.2252586392415,EX_005,D148|D150,2,1,1,Scagnello,1,1,Esselunga,False,False,P2S_0031,PROPOSED_STOP,FIELD_CHECK_PENDING,PROPOSED_STOP/FIELD_CHECK_PENDING,DERIVED_GATE_D_BUS_ELIGIBLE,HYPOTHESIS_NOT_RECOMMENDATION,False,DERIVED_FROM_REFERENCE_PERIOD_GTFS_PROXIMITY_NOT_CURRENT_SERVICE_GUARANTEE,150.0,220.0,55d726564e13acca55ce563cc911263ac513acb0,7c220f7586d0f6e5cccd14a2d518be52eb1c4a55,097012,Calco,2173,1894,FACT_ISTAT_2021_WORK_COMMUTING_MUNICIPAL_ONLY_NOT_STOP_DEMAND
1465349140,service,missing_lanes|missing_maxheight|missing_maxweight|missing_maxwidth|missing_width,0,533836.2809660542,5063145.1513753235,9.434799024192122,45.72103414591915,POP_GAP8:WP_03586|POP_GAP8:WP_03587|POP_GAP8:WP_03673,3,24852,4.7949907042320525,0.05993738380290066,True,0.385740735802048,0.385740735802048,0.0,0.0,1.596271461804048,1.596271461804048,0.0,0.0,26.06726446667982,2.2777072276930985,23.78955723898672,91.26219312116716,137.17937819892268,23.77193224008234,113.40744595884031,82.67091413287288,1244.3097784076242,EX_021,D170,1,1,1,Grugana,0,0,,False,False,P2S_0032,PROPOSED_STOP,FIELD_CHECK_PENDING,PROPOSED_STOP/FIELD_CHECK_PENDING,DERIVED_GATE_D_BUS_ELIGIBLE,HYPOTHESIS_NOT_RECOMMENDATION,False,DERIVED_FROM_REFERENCE_PERIOD_GTFS_PROXIMITY_NOT_CURRENT_SERVICE_GUARANTEE,150.0,220.0,55d726564e13acca55ce563cc911263ac513acb0,7c220f7586d0f6e5cccd14a2d518be52eb1c4a55,097012,Calco,2173,1894,FACT_ISTAT_2021_WORK_COMMUTING_MUNICIPAL_ONLY_NOT_STOP_DEMAND
581580999,residential,missing_lanes|missing_maxheight|missing_maxweight|missing_maxwidth|missing_width,2,531134.6111167754,5063173.252385063,9.400085038665239,45.72141391320172,POP_GAP8:WP_03651|POP_GAP8:WP_03652|POP_GAP8:WP_03653|POP_GAP8:WP_03735|POP_GAP8:WP_03736,5,16548,18.25494537663605,0.22818681720795064,True,565.380618116681,565.380618116681,0.0,0.0,1412.850733586604,1224.7016316454535,188.1491019411504,13.316983703120776,1972.2334300317943,1045.885859705822,926.3475703259726,46.969469040540446,2651.441739996045,965.4208656946712,1686.0208743013734,63.588833534162006,1087.8028836355638,EX_018,D148,1,0,0,,2,1,OSM leisure:sports_centre 1837075017,False,False,P2S_0033,PROPOSED_STOP,FIELD_CHECK_PENDING,PROPOSED_STOP/FIELD_CHECK_PENDING,DERIVED_GATE_D_BUS_ELIGIBLE,HYPOTHESIS_NOT_RECOMMENDATION,False,DERIVED_FROM_REFERENCE_PERIOD_GTFS_PROXIMITY_NOT_CURRENT_SERVICE_GUARANTEE,150.0,220.0,55d726564e13acca55ce563cc911263ac513acb0,7c220f7586d0f6e5cccd14a2d518be52eb1c4a55,097058,Olgiate Molgora,2287,1961,FACT_ISTAT_2021_WORK_COMMUTING_MUNICIPAL_ONLY_NOT_STOP_DEMAND
42281508,unclassified,missing_lanes|missing_maxheight|missing_maxweight|missing_maxwidth|missing_width,1,531356.5209920406,5063227.926654207,9.402940084775379,45.7218959913052,POP_GAP8:WP_03738,1,17287,64.2231836951799,0.8027897961897488,True,81.78644722860003,81.78644722860003,0.0,0.0,271.8336159227691,135.89255125184374,135.9410646709254,50.00892336639768,588.1885396203776,246.73217819288874,341.4563614274889,58.05219558474703,1160.6627466139191,353.6612888490564,807.0014577648626,69.5293667449208,1037.291878255288,EX_019,D148|D185,2,0,0,,0,0,,False,False,P2S_0034,PROPOSED_STOP,FIELD_CHECK_PENDING,PROPOSED_STOP/FIELD_CHECK_PENDING,DERIVED_GATE_D_BUS_ELIGIBLE,HYPOTHESIS_NOT_RECOMMENDATION,False,DERIVED_FROM_REFERENCE_PERIOD_GTFS_PROXIMITY_NOT_CURRENT_SERVICE_GUARANTEE,150.0,220.0,55d726564e13acca55ce563cc911263ac513acb0,7c220f7586d0f6e5cccd14a2d518be52eb1c4a55,097012,Calco,2173,1894,FACT_ISTAT_2021_WORK_COMMUTING_MUNICIPAL_ONLY_NOT_STOP_DEMAND
1465348969,service,missing_lanes|missing_maxheight|missing_maxweight|missing_maxwidth|missing_width,0,533265.7875529204,5063230.711048387,9.427474216893351,45.7218318916472,POP_GAP8:WP_03575,1,23420,0.25850864390631556,0.0032313580488289445,True,47.37653456056968,47.37653456056968,0.0,0.0,161.0850914658361,160.9838739353027,0.10121753053334659,0.06283482202622917,297.8348544600425,118.21572640750375,179.6191280525387,60.308296817099496,383.89862094471823,145.44479011458594,238.45383083013238,62.11375030296604,479.22203911178025,EX_021,D170,1,2,0,,0,0,,False,False,P2S_0035,PROPOSED_STOP,FIELD_CHECK_PENDING,PROPOSED_STOP/FIELD_CHECK_PENDING,DERIVED_GATE_D_BUS_ELIGIBLE,HYPOTHESIS_NOT_RECOMMENDATION,False,DERIVED_FROM_REFERENCE_PERIOD_GTFS_PROXIMITY_NOT_CURRENT_SERVICE_GUARANTEE,150.0,220.0,55d726564e13acca55ce563cc911263ac513acb0,7c220f7586d0f6e5cccd14a2d518be52eb1c4a55,097012,Calco,2173,1894,FACT_ISTAT_2021_WORK_COMMUTING_MUNICIPAL_ONLY_NOT_STOP_DEMAND
42222954,residential,missing_lanes|missing_maxheight|missing_maxweight|missing_maxwidth|missing_width,0,532332.8538443139,5063250.40906834,9.4154874075952,45.72205340982413,POP_GAP8:WP_03666|POP_GAP8:WP_03667|POP_GAP8:WP_03668|POP_GAP8:WP_03751|POP_GAP8:WP_03752|POP_GAP8:WP_03753|POP_GAP8:WP_03754|POP_GAP8:WP_03755|POP_GAP8:WP_03833|SETTLEMENT_GAP8:OSM_POINT_7994580675,10,20537,1.5240887833698789,0.019051109792123485,True,224.7062290101102,45.21416410596943,179.4920649041408,79.8785443976566,889.5869887265732,11.038912033130591,878.5480766934426,98.75909695476408,1391.0510794600991,0.792747730710459,1390.2583317293888,99.94301088274788,1861.1629840891376,0.0,1861.1629840891376,100.0,378.2827182292669,EX_005,D148|D150,2,2,1,Limito,3,0,,False,False,P2S_0036,PROPOSED_STOP,FIELD_CHECK_PENDING,PROPOSED_STOP/FIELD_CHECK_PENDING,DERIVED_GATE_D_BUS_ELIGIBLE,HYPOTHESIS_NOT_RECOMMENDATION,False,DERIVED_FROM_REFERENCE_PERIOD_GTFS_PROXIMITY_NOT_CURRENT_SERVICE_GUARANTEE,150.0,220.0,55d726564e13acca55ce563cc911263ac513acb0,7c220f7586d0f6e5cccd14a2d518be52eb1c4a55,097012,Calco,2173,1894,FACT_ISTAT_2021_WORK_COMMUTING_MUNICIPAL_ONLY_NOT_STOP_DEMAND
523335445,unclassified,missing_lanes|missing_maxheight|missing_maxweight|missing_maxwidth|missing_width,1,529375.850924426,5063293.297235566,9.377492458106868,45.72257129276092,POP_GAP8:WP_03305|POP_GAP8:WP_03306|POP_GAP8:WP_03307|POP_GAP8:WP_03417|POP_GAP8:WP_03418|POP_GAP8:WP_03419|POP_GAP8:WP_03420|POP_GAP8:WP_03421|POP_GAP8:WP_03524|POP_GAP8:WP_03525|POP_GAP8:WP_03526|POP_GAP8:WP_03527|POP_GAP8:WP_03624|POP_GAP8:WP_03625,14,9119,17.005793838040486,0.21257242297550608,True,0.5309569685587473,0.5309569685587473,0.0,0.0,37.296959265506345,37.296959265506345,0.0,0.0,136.98156646122703,136.98156646122703,0.0,0.0,279.22409217580173,279.22409217580173,0.0,0.0,2063.9977588350125,EX_026,D184,1,1,1,Brugolone,0,0,,False,False,P2S_0037,PROPOSED_STOP,FIELD_CHECK_PENDING,PROPOSED_STOP/FIELD_CHECK_PENDING,DERIVED_GATE_D_BUS_ELIGIBLE,HYPOTHESIS_NOT_RECOMMENDATION,False,DERIVED_FROM_REFERENCE_PERIOD_GTFS_PROXIMITY_NOT_CURRENT_SERVICE_GUARANTEE,150.0,220.0,55d726564e13acca55ce563cc911263ac513acb0,7c220f7586d0f6e5cccd14a2d518be52eb1c4a55,097092,La Valletta Brianza,1796,1521,FACT_ISTAT_2021_WORK_COMMUTING_MUNICIPAL_ONLY_NOT_STOP_DEMAND
581588942,unclassified,missing_lanes|missing_maxheight|missing_maxweight|missing_maxwidth|missing_width,0,530721.5225148468,5063302.086978648,9.394785075103558,45.72259196280782,POP_GAP8:WP_03438|POP_GAP8:WP_03439|POP_GAP8:WP_03440|POP_GAP8:WP_03545|POP_GAP8:WP_03546|POP_GAP8:WP_03547|POP_GAP8:WP_03548|POP_GAP8:WP_03644,8,15049,6.495477157895586,0.08119346447369483,True,179.90993859075704,179.90993859075704,0.0,0.0,640.1628445280044,567.2770037034231,72.88584082458124,11.385515646151,1047.4913174631615,772.1450906618144,275.3462268013472,26.28625385346267,1671.6171914672698,789.3302892062306,882.2869022610392,52.78043961049526,957.1542317638155,EX_018,D148,1,1,1,Beolco,1,0,,False,False,P2S_0038,PROPOSED_STOP,FIELD_CHECK_PENDING,PROPOSED_STOP/FIELD_CHECK_PENDING,DERIVED_GATE_D_BUS_ELIGIBLE,HYPOTHESIS_NOT_RECOMMENDATION,False,DERIVED_FROM_REFERENCE_PERIOD_GTFS_PROXIMITY_NOT_CURRENT_SERVICE_GUARANTEE,150.0,220.0,55d726564e13acca55ce563cc911263ac513acb0,7c220f7586d0f6e5cccd14a2d518be52eb1c4a55,097058,Olgiate Molgora,2287,1961,FACT_ISTAT_2021_WORK_COMMUTING_MUNICIPAL_ONLY_NOT_STOP_DEMAND
1465161374,service,missing_lanes|missing_maxheight|missing_maxweight|missing_maxwidth|missing_width,0,532794.5775342078,5063364.195812121,9.421428242396313,45.723055821241495,POP_GAP8:WP_03571,1,21940,5.919762622665375,0.07399703278331718,True,0.7719576621169062,0.7719576621169062,0.0,0.0,40.99316421785608,16.984962839213853,24.008201378642223,58.56635328527425,286.6192563092864,67.04488456957776,219.57437173970868,76.60838094659258,399.2938536453148,35.635231695668324,363.65862194964654,91.07543695693289,543.832938247729,EX_021,D170,1,2,0,,0,0,,False,False,P2S_0039,PROPOSED_STOP,FIELD_CHECK_PENDING,PROPOSED_STOP/FIELD_CHECK_PENDING,DERIVED_GATE_D_BUS_ELIGIBLE,HYPOTHESIS_NOT_RECOMMENDATION,False,DERIVED_FROM_REFERENCE_PERIOD_GTFS_PROXIMITY_NOT_CURRENT_SERVICE_GUARANTEE,150.0,220.0,55d726564e13acca55ce563cc911263ac513acb0,7c220f7586d0f6e5cccd14a2d518be52eb1c4a55,097012,Calco,2173,1894,FACT_ISTAT_2021_WORK_COMMUTING_MUNICIPAL_ONLY_NOT_STOP_DEMAND
1430856337,service,missing_lanes|missing_maxheight|missing_maxweight|missing_maxwidth|missing_width,0,530242.8184545916,5063381.831897227,9.388638638041323,45.723330803085744,POP_GAP8:WP_03205|POP_GAP8:WP_03206|POP_GAP8:WP_03207|POP_GAP8:WP_03317|POP_GAP8:WP_03318|POP_GAP8:WP_03319|POP_GAP8:WP_03320|POP_GAP8:WP_03321|POP_GAP8:WP_03322|POP_GAP8:WP_03428|POP_GAP8:WP_03429|POP_GAP8:WP_03430|POP_GAP8:WP_03431|POP_GAP8:WP_03432|POP_GAP8:WP_03433|POP_GAP8:WP_03434|POP_GAP8:WP_03536|POP_GAP8:WP_03537|POP_GAP8:WP_03538|POP_GAP8:WP_03539|POP_GAP8:WP_03540|POP_GAP8:WP_03541|POP_GAP8:WP_03542|POP_GAP8:WP_03636|POP_GAP8:WP_03637|POP_GAP8:WP_03638|POP_GAP8:WP_03639|POP_GAP8:WP_03640|POP_GAP8:WP_03641|POP_GAP8:WP_03721|POP_GAP8:WP_03722|POP_GAP8:WP_03723,32,13010,4.540367241124993,0.05675459051406241,True,5.603251009357261,5.603251009357261,0.0,0.0,44.04721450151811,44.04721450151811,0.0,0.0,151.0579690418238,151.0579690418238,0.0,0.0,322.3449781767255,322.3449781767255,0.0,0.0,1958.1676183304935,EX_023,D184,1,0,0,,0,0,,False,False,P2S_0040,PROPOSED_STOP,FIELD_CHECK_PENDING,PROPOSED_STOP/FIELD_CHECK_PENDING,DERIVED_GATE_D_BUS_ELIGIBLE,HYPOTHESIS_NOT_RECOMMENDATION,False,DERIVED_FROM_REFERENCE_PERIOD_GTFS_PROXIMITY_NOT_CURRENT_SERVICE_GUARANTEE,150.0,220.0,55d726564e13acca55ce563cc911263ac513acb0,7c220f7586d0f6e5cccd14a2d518be52eb1c4a55,097058,Olgiate Molgora,2287,1961,FACT_ISTAT_2021_WORK_COMMUTING_MUNICIPAL_ONLY_NOT_STOP_DEMAND
1465349150,service,missing_lanes|missing_maxheight|missing_maxweight|missing_maxwidth|missing_width,2,533552.2312479698,5063391.9800232835,9.4311661551898,45.72326956651392,POP_GAP8:WP_03366|POP_GAP8:WP_03367|POP_GAP8:WP_03476|POP_GAP8:WP_03477|POP_GAP8:WP_03478|POP_GAP8:WP_03479|POP_GAP8:WP_03578|POP_GAP8:WP_03579|POP_GAP8:WP_03580,9,24101,2.5917539913855827,0.03239692489231978,True,0.418496240523215,0.418496240523215,0.0,0.0,0.6174803765478932,0.6174803765478932,0.0,0.0,1.0654220680674524,1.0654220680674524,0.0,0.0,35.26327207880435,1.6936414198222027,33.56963065898214,95.19715182403563,1708.560805216689,EX_021,D170,1,0,0,,0,0,,False,False,P2S_0041,PROPOSED_STOP,FIELD_CHECK_PENDING,PROPOSED_STOP/FIELD_CHECK_PENDING,DERIVED_GATE_D_BUS_ELIGIBLE,HYPOTHESIS_NOT_RECOMMENDATION,False,DERIVED_FROM_REFERENCE_PERIOD_GTFS_PROXIMITY_NOT_CURRENT_SERVICE_GUARANTEE,150.0,220.0,55d726564e13acca55ce563cc911263ac513acb0,7c220f7586d0f6e5cccd14a2d518be52eb1c4a55,097012,Calco,2173,1894,FACT_ISTAT_2021_WORK_COMMUTING_MUNICIPAL_ONLY_NOT_STOP_DEMAND
110688766,unclassified,missing_lanes|missing_maxheight|missing_maxweight|missing_maxwidth|missing_width,0,532490.4459169625,5063406.227664657,9.417522908234265,45.72344847960794,POP_GAP8:WP_03569|POP_GAP8:WP_03668|POP_GAP8:WP_03669|SETTLEMENT_GAP8:OSM_POINT_7994580675,4,21046,26.141153908618413,0.3267644238577302,True,203.09511486290066,65.07343769851686,138.02167716438376,67.95913198481178,866.0225277723247,10.808201498842402,855.2143262734822,98.75197224642129,1282.6830860602379,0.792747730710459,1281.8903383295271,99.93819613439001,1774.2708086535292,0.0,1774.2708086535292,100.0,459.9153049584225,EX_007,D185,1,2,1,Limito,4,0,,False,False,P2S_0042,PROPOSED_STOP,FIELD_CHECK_PENDING,PROPOSED_STOP/FIELD_CHECK_PENDING,DERIVED_GATE_D_BUS_ELIGIBLE,HYPOTHESIS_NOT_RECOMMENDATION,False,DERIVED_FROM_REFERENCE_PERIOD_GTFS_PROXIMITY_NOT_CURRENT_SERVICE_GUARANTEE,150.0,220.0,55d726564e13acca55ce563cc911263ac513acb0,7c220f7586d0f6e5cccd14a2d518be52eb1c4a55,097012,Calco,2173,1894,FACT_ISTAT_2021_WORK_COMMUTING_MUNICIPAL_ONLY_NOT_STOP_DEMAND
42779089,service,missing_lanes|missing_maxheight|missing_maxweight|missing_maxwidth|missing_width,0,528372.1818749594,5063420.971211142,9.364602617679505,45.723762320670225,POP_GAP8:WP_02950|POP_GAP8:WP_02951|POP_GAP8:WP_03062|POP_GAP8:WP_03063|POP_GAP8:WP_03064|POP_GAP8:WP_03065|POP_GAP8:WP_03066|POP_GAP8:WP_03176|POP_GAP8:WP_03177|POP_GAP8:WP_03178|POP_GAP8:WP_03179|POP_GAP8:WP_03180|POP_GAP8:WP_03181|POP_GAP8:WP_03182|POP_GAP8:WP_03287|POP_GAP8:WP_03288|POP_GAP8:WP_03289|POP_GAP8:WP_03290|POP_GAP8:WP_03291|POP_GAP8:WP_03292|POP_GAP8:WP_03293|POP_GAP8:WP_03294|POP_GAP8:WP_03295|POP_GAP8:WP_03398|POP_GAP8:WP_03399|POP_GAP8:WP_03400|POP_GAP8:WP_03401|POP_GAP8:WP_03402|POP_GAP8:WP_03403|POP_GAP8:WP_03404|POP_GAP8:WP_03405|POP_GAP8:WP_03406|POP_GAP8:WP_03407|POP_GAP8:WP_03408|POP_GAP8:WP_03504|POP_GAP8:WP_03505|POP_GAP8:WP_03506|POP_GAP8:WP_03507|POP_GAP8:WP_03508|POP_GAP8:WP_03509|POP_GAP8:WP_03510|POP_GAP8:WP_03511|POP_GAP8:WP_03512|POP_GAP8:WP_03513|POP_GAP8:WP_03514|POP_GAP8:WP_03515|POP_GAP8:WP_03516|POP_GAP8:WP_03603|POP_GAP8:WP_03604|POP_GAP8:WP_03605|POP_GAP8:WP_03606|POP_GAP8:WP_03607|POP_GAP8:WP_03608|POP_GAP8:WP_03609|POP_GAP8:WP_03610|POP_GAP8:WP_03611|POP_GAP8:WP_03612|POP_GAP8:WP_03613|POP_GAP8:WP_03614|POP_GAP8:WP_03615|POP_GAP8:WP_03688|POP_GAP8:WP_03689|POP_GAP8:WP_03690|POP_GAP8:WP_03691|POP_GAP8:WP_03692|POP_GAP8:WP_03693|POP_GAP8:WP_03694|POP_GAP8:WP_03695|POP_GAP8:WP_03696|POP_GAP8:WP_03697|POP_GAP8:WP_03771|POP_GAP8:WP_03772|POP_GAP8:WP_03773|POP_GAP8:WP_03774|POP_GAP8:WP_03775|POP_GAP8:WP_03776|POP_GAP8:WP_03777|POP_GAP8:WP_03778|POP_GAP8:WP_03851|POP_GAP8:WP_03852|POP_GAP8:WP_03853|POP_GAP8:WP_03854|POP_GAP8:WP_03855|POP_GAP8:WP_03907|POP_GAP8:WP_03908,85,4997,3.230175191845901,0.04037718989807376,True,2.89886127029567,2.89886127029567,0.0,0.0,4.490059642424886,4.490059642424886,0.0,0.0,7.16889866275075,7.16889866275075,0.0,0.0,8.949217096512992,8.949217096512992,0.0,0.0,2490.7427957495006,EX_027,D184,1,0,0,,0,0,,False,False,P2S_0043,PROPOSED_STOP,FIELD_CHECK_PENDING,PROPOSED_STOP/FIELD_CHECK_PENDING,DERIVED_GATE_D_BUS_ELIGIBLE,HYPOTHESIS_NOT_RECOMMENDATION,False,DERIVED_FROM_REFERENCE_PERIOD_GTFS_PROXIMITY_NOT_CURRENT_SERVICE_GUARANTEE,150.0,220.0,55d726564e13acca55ce563cc911263ac513acb0,7c220f7586d0f6e5cccd14a2d518be52eb1c4a55,097092,La Valletta Brianza,1796,1521,FACT_ISTAT_2021_WORK_COMMUTING_MUNICIPAL_ONLY_NOT_STOP_DEMAND
172859606,residential,missing_lanes|missing_maxheight|missing_maxweight|missing_maxwidth|missing_width,0,531013.4065898537,5063435.446595254,9.39854435741438,45.723779252642096,POP_GAP8:WP_03329|POP_GAP8:WP_03330|POP_GAP8:WP_03331|POP_GAP8:WP_03443|POP_GAP8:WP_03444,5,16188,5.38180682338773,0.06727258529234661,True,356.26995197083363,356.26995197083363,0.0,0.0,1321.9643878344891,774.0423297392667,547.9220580952226,41.44756569371541,1818.4343688649785,864.7503404856616,953.6840283793167,52.4453367527684,2436.818108201022,763.6442861084935,1673.1738220925283,68.66223689250845,846.8371711027743,EX_018,D148,1,0,0,,1,0,,False,False,P2S_0044,PROPOSED_STOP,FIELD_CHECK_PENDING,PROPOSED_STOP/FIELD_CHECK_PENDING,DERIVED_GATE_D_BUS_ELIGIBLE,HYPOTHESIS_NOT_RECOMMENDATION,False,DERIVED_FROM_REFERENCE_PERIOD_GTFS_PROXIMITY_NOT_CURRENT_SERVICE_GUARANTEE,150.0,220.0,55d726564e13acca55ce563cc911263ac513acb0,7c220f7586d0f6e5cccd14a2d518be52eb1c4a55,097058,Olgiate Molgora,2287,1961,FACT_ISTAT_2021_WORK_COMMUTING_MUNICIPAL_ONLY_NOT_STOP_DEMAND
1465348950,service,missing_lanes|missing_maxheight|missing_maxweight|missing_maxwidth|missing_width,0,533233.8872001674,5063474.949418474,9.427081050028287,45.72403170000968,POP_GAP8:WP_03361,1,23293,5.236792909895535,0.0654599113736942,True,236.69133648098975,236.69133648098975,0.0,0.0,383.1437110962379,359.1386950905367,24.005016005701137,6.265277312530798,385.29955470702373,204.5149742095314,180.7845804974924,46.920526714586636,387.1473118177928,147.48046985084176,239.66684196695098,61.905852023518094,835.4752314021964,EX_021,D170,1,2,0,,0,0,,False,False,P2S_0045,PROPOSED_STOP,FIELD_CHECK_PENDING,PROPOSED_STOP/FIELD_CHECK_PENDING,DERIVED_GATE_D_BUS_ELIGIBLE,HYPOTHESIS_NOT_RECOMMENDATION,False,DERIVED_FROM_REFERENCE_PERIOD_GTFS_PROXIMITY_NOT_CURRENT_SERVICE_GUARANTEE,150.0,220.0,55d726564e13acca55ce563cc911263ac513acb0,7c220f7586d0f6e5cccd14a2d518be52eb1c4a55,097012,Calco,2173,1894,FACT_ISTAT_2021_WORK_COMMUTING_MUNICIPAL_ONLY_NOT_STOP_DEMAND
1148465372,service,missing_lanes|missing_maxheight|missing_maxweight|missing_maxwidth|missing_width,0,531320.3517522969,5063488.719389398,9.402492166786814,45.72424491024555,POP_GAP8:WP_03334|POP_GAP8:WP_03335,2,17189,2.5995963927062657,0.032494954908828325,True,653.0480541923291,625.2026441730941,27.8454100192352,4.263914399633821,1623.0390588035466,607.2098263078451,1015.8292324957014,62.588095276310774,2446.6558109688035,671.9127362179412,1774.7430747508624,72.53750473582619,3193.418248251299,705.7896682368507,2487.628580014448,77.89861479549889,693.5247519838816,EX_039,D184|D185,2,1,0,,5,1,OSM leisure:sports_centre 1837075017,False,False,P2S_0046,PROPOSED_STOP,FIELD_CHECK_PENDING,PROPOSED_STOP/FIELD_CHECK_PENDING,DERIVED_GATE_D_BUS_ELIGIBLE,HYPOTHESIS_NOT_RECOMMENDATION,False,DERIVED_FROM_REFERENCE_PERIOD_GTFS_PROXIMITY_NOT_CURRENT_SERVICE_GUARANTEE,150.0,220.0,55d726564e13acca55ce563cc911263ac513acb0,7c220f7586d0f6e5cccd14a2d518be52eb1c4a55,097058,Olgiate Molgora,2287,1961,FACT_ISTAT_2021_WORK_COMMUTING_MUNICIPAL_ONLY_NOT_STOP_DEMAND
1430850440,service,missing_lanes|missing_maxheight|missing_maxweight|missing_maxwidth|missing_width,0,529785.0696332578,5063500.720052857,9.382763727919986,45.7244207231066,POP_GAP8:WP_03197|POP_GAP8:WP_03198|POP_GAP8:WP_03199|POP_GAP8:WP_03308|POP_GAP8:WP_03309|POP_GAP8:WP_03310|POP_GAP8:WP_03311|POP_GAP8:WP_03312|POP_GAP8:WP_03313|POP_GAP8:WP_03422|POP_GAP8:WP_03423|POP_GAP8:WP_03424|POP_GAP8:WP_03425|POP_GAP8:WP_03426|POP_GAP8:WP_03532|POP_GAP8:WP_03533,16,11038,0.9253600122291079,0.01156700015286385,True,38.43430180959918,38.43430180959918,0.0,0.0,194.97394976816884,194.97394976816884,0.0,0.0,337.7337579041033,337.7337579041033,0.0,0.0,385.0885080938356,385.0885080938356,0.0,0.0,1833.0914987283243,EX_026,D184,1,1,1,Monte,0,0,,False,False,P2S_0047,PROPOSED_STOP,FIELD_CHECK_PENDING,PROPOSED_STOP/FIELD_CHECK_PENDING,DERIVED_GATE_D_BUS_ELIGIBLE,HYPOTHESIS_NOT_RECOMMENDATION,False,DERIVED_FROM_REFERENCE_PERIOD_GTFS_PROXIMITY_NOT_CURRENT_SERVICE_GUARANTEE,150.0,220.0,55d726564e13acca55ce563cc911263ac513acb0,7c220f7586d0f6e5cccd14a2d518be52eb1c4a55,097092,La Valletta Brianza,1796,1521,FACT_ISTAT_2021_WORK_COMMUTING_MUNICIPAL_ONLY_NOT_STOP_DEMAND
1465349145,service,missing_lanes|missing_maxheight|missing_maxweight|missing_maxwidth|missing_width,0,533802.3000518553,5063525.4560716385,9.43438890605695,45.724458748394774,POP_GAP8:WP_03146|POP_GAP8:WP_03147|POP_GAP8:WP_03257|POP_GAP8:WP_03258|POP_GAP8:WP_03259|POP_GAP8:WP_03260|POP_GAP8:WP_03369|POP_GAP8:WP_03370|POP_GAP8:WP_03371|POP_GAP8:WP_03372|POP_GAP8:WP_03373|POP_GAP8:WP_03481|POP_GAP8:WP_03482|POP_GAP8:WP_03483|POP_GAP8:WP_03484|SETTLEMENT_GAP8:OSM_POINT_1620729044,16,24900,75.79179502534184,0.947397437816773,True,0.3002202537056606,0.3002202537056606,0.0,0.0,1.1899755956261677,1.1899755956261677,0.0,0.0,2.0632067400314207,2.0632067400314207,0.0,0.0,147.54451856066456,83.71362659181699,63.830891968847595,43.262123589228985,1417.907628480515,EX_020,D170,1,1,1,Grugana,0,0,,False,False,P2S_0048,PROPOSED_STOP,FIELD_CHECK_PENDING,PROPOSED_STOP/FIELD_CHECK_PENDING,DERIVED_GATE_D_BUS_ELIGIBLE,HYPOTHESIS_NOT_RECOMMENDATION,False,DERIVED_FROM_REFERENCE_PERIOD_GTFS_PROXIMITY_NOT_CURRENT_SERVICE_GUARANTEE,150.0,220.0,55d726564e13acca55ce563cc911263ac513acb0,7c220f7586d0f6e5cccd14a2d518be52eb1c4a55,097012,Calco,2173,1894,FACT_ISTAT_2021_WORK_COMMUTING_MUNICIPAL_ONLY_NOT_STOP_DEMAND
135167731,service,missing_lanes|missing_maxheight|missing_maxweight|missing_maxwidth|missing_width,1,530042.7682306701,5063544.803100581,9.386078033806998,45.72480635350469,POP_GAP8:WP_03089|POP_GAP8:WP_03090|POP_GAP8:WP_03201|POP_GAP8:WP_03202|POP_GAP8:WP_03203|POP_GAP8:WP_03204|POP_GAP8:WP_03205|POP_GAP8:WP_03206|POP_GAP8:WP_03314|POP_GAP8:WP_03315|POP_GAP8:WP_03316|POP_GAP8:WP_03317|POP_GAP8:WP_03318|POP_GAP8:WP_03319|POP_GAP8:WP_03427|POP_GAP8:WP_03428|POP_GAP8:WP_03429|POP_GAP8:WP_03430|POP_GAP8:WP_03431|POP_GAP8:WP_03432|POP_GAP8:WP_03537|POP_GAP8:WP_03538|POP_GAP8:WP_03539,23,11976,10.16104535887766,0.12701306698597076,True,59.75771828345709,59.75771828345709,0.0,0.0,225.03354943736107,225.03354943736107,0.0,0.0,340.3860597763049,340.3860597763049,0.0,0.0,388.0973563495055,388.0973563495055,0.0,0.0,1851.6466899382237,EX_026,D184,1,1,1,Monte,0,0,,False,False,P2S_0049,PROPOSED_STOP,FIELD_CHECK_PENDING,PROPOSED_STOP/FIELD_CHECK_PENDING,DERIVED_GATE_D_BUS_ELIGIBLE,HYPOTHESIS_NOT_RECOMMENDATION,False,DERIVED_FROM_REFERENCE_PERIOD_GTFS_PROXIMITY_NOT_CURRENT_SERVICE_GUARANTEE,150.0,220.0,55d726564e13acca55ce563cc911263ac513acb0,7c220f7586d0f6e5cccd14a2d518be52eb1c4a55,097092,La Valletta Brianza,1796,1521,FACT_ISTAT_2021_WORK_COMMUTING_MUNICIPAL_ONLY_NOT_STOP_DEMAND
523335446,unclassified,missing_lanes|missing_maxheight|missing_maxweight|missing_maxwidth|missing_width,0,529211.6850721306,5063598.501064581,9.375401299815778,45.72532525724072,POP_GAP8:WP_03188|POP_GAP8:WP_03189|POP_GAP8:WP_03190|POP_GAP8:WP_03191|POP_GAP8:WP_03192|POP_GAP8:WP_03301|SETTLEMENT_GAP8:OSM_POINT_13669703883,7,8386,9.599962273902547,0.11999952842378184,True,101.10977895086307,101.10977895086307,0.0,0.0,214.70815832548652,214.70815832548652,0.0,0.0,253.386236236903,253.386236236903,0.0,0.0,472.5975725210266,472.5975725210266,0.0,0.0,1672.3150303890159,EX_026,D184,1,3,3,Brugolone|Galbusera Bianca|Monte,0,0,,False,False,P2S_0050,PROPOSED_STOP,FIELD_CHECK_PENDING,PROPOSED_STOP/FIELD_CHECK_PENDING,DERIVED_GATE_D_BUS_ELIGIBLE,HYPOTHESIS_NOT_RECOMMENDATION,False,DERIVED_FROM_REFERENCE_PERIOD_GTFS_PROXIMITY_NOT_CURRENT_SERVICE_GUARANTEE,150.0,220.0,55d726564e13acca55ce563cc911263ac513acb0,7c220f7586d0f6e5cccd14a2d518be52eb1c4a55,097092,La Valletta Brianza,1796,1521,FACT_ISTAT_2021_WORK_COMMUTING_MUNICIPAL_ONLY_NOT_STOP_DEMAND
173639169,tertiary,missing_maxheight|missing_maxweight|missing_maxwidth|missing_width,0,530546.8092403242,5063602.3169386415,9.392558911844274,45.72530193915446,POP_GAP8:WP_03092|POP_GAP8:WP_03093|POP_GAP8:WP_03094|POP_GAP8:WP_03095|POP_GAP8:WP_03096|POP_GAP8:WP_03097|POP_GAP8:WP_03098|POP_GAP8:WP_03207|POP_GAP8:WP_03208|POP_GAP8:WP_03209|POP_GAP8:WP_03210|POP_GAP8:WP_03211|POP_GAP8:WP_03212|POP_GAP8:WP_03213|POP_GAP8:WP_03321|POP_GAP8:WP_03322|POP_GAP8:WP_03323|POP_GAP8:WP_03324|POP_GAP8:WP_03434,19,14368,1.4535677762478334,0.018169597203097916,True,29.327340986567407,29.327340986567407,0.0,0.0,134.1617363901955,115.11689026867703,19.04484612151847,14.19543800933562,349.3889784854131,231.63955232370796,117.74942616170514,33.701528500453584,781.8796307770639,352.0785012023551,429.8011295747089,54.97024256119257,763.3435662542583,EX_023,D184,1,0,0,,0,0,,False,False,P2S_0051,PROPOSED_STOP,FIELD_CHECK_PENDING,PROPOSED_STOP/FIELD_CHECK_PENDING,DERIVED_GATE_D_BUS_ELIGIBLE,HYPOTHESIS_NOT_RECOMMENDATION,False,DERIVED_FROM_REFERENCE_PERIOD_GTFS_PROXIMITY_NOT_CURRENT_SERVICE_GUARANTEE,150.0,220.0,55d726564e13acca55ce563cc911263ac513acb0,7c220f7586d0f6e5cccd14a2d518be52eb1c4a55,097058,Olgiate Molgora,2287,1961,FACT_ISTAT_2021_WORK_COMMUTING_MUNICIPAL_ONLY_NOT_STOP_DEMAND
1465349150,service,missing_lanes|missing_maxheight|missing_maxweight|missing_maxwidth|missing_width,0,533596.5437979437,5063610.603267008,9.431750739186652,45.72523514009614,POP_GAP8:WP_03026|POP_GAP8:WP_03142|POP_GAP8:WP_03143|POP_GAP8:WP_03253|POP_GAP8:WP_03254|POP_GAP8:WP_03255|POP_GAP8:WP_03367,7,24212,11.310929205823928,0.1413866150727991,True,1.0498259229368134,1.0498259229368134,0.0,0.0,125.29205289628513,125.29205289628513,0.0,0.0,328.2754551355076,167.72056730152613,160.55488783398155,48.90858738363692,349.1805361345536,111.6467693875889,237.53376674696474,68.02606164034103,1408.56080521746,EX_021,D170,1,2,0,,0,0,,False,False,P2S_0052,PROPOSED_STOP,FIELD_CHECK_PENDING,PROPOSED_STOP/FIELD_CHECK_PENDING,DERIVED_GATE_D_BUS_ELIGIBLE,HYPOTHESIS_NOT_RECOMMENDATION,False,DERIVED_FROM_REFERENCE_PERIOD_GTFS_PROXIMITY_NOT_CURRENT_SERVICE_GUARANTEE,150.0,220.0,55d726564e13acca55ce563cc911263ac513acb0,7c220f7586d0f6e5cccd14a2d518be52eb1c4a55,097012,Calco,2173,1894,FACT_ISTAT_2021_WORK_COMMUTING_MUNICIPAL_ONLY_NOT_STOP_DEMAND
42779089,service,missing_lanes|missing_maxheight|missing_maxweight|missing_maxwidth|missing_width,2,528253.1599335548,5063626.529775984,9.363085118019214,45.72561734160787,POP_GAP8:WP_02733|POP_GAP8:WP_02734|POP_GAP8:WP_02837|POP_GAP8:WP_02838|POP_GAP8:WP_02839|POP_GAP8:WP_02840|POP_GAP8:WP_02946|POP_GAP8:WP_02947|POP_GAP8:WP_02948|POP_GAP8:WP_02949|POP_GAP8:WP_02950|POP_GAP8:WP_02951|POP_GAP8:WP_03059|POP_GAP8:WP_03060|POP_GAP8:WP_03061|POP_GAP8:WP_03062|POP_GAP8:WP_03063|POP_GAP8:WP_03064|POP_GAP8:WP_03065|POP_GAP8:WP_03173|POP_GAP8:WP_03174|POP_GAP8:WP_03175|POP_GAP8:WP_03176|POP_GAP8:WP_03177|POP_GAP8:WP_03178|POP_GAP8:WP_03179|POP_GAP8:WP_03180|POP_GAP8:WP_03286|POP_GAP8:WP_03287|POP_GAP8:WP_03288|POP_GAP8:WP_03289|POP_GAP8:WP_03290|POP_GAP8:WP_03291|POP_GAP8:WP_03292|POP_GAP8:WP_03293|POP_GAP8:WP_03399|POP_GAP8:WP_03400|POP_GAP8:WP_03401|POP_GAP8:WP_03402|POP_GAP8:WP_03403|POP_GAP8:WP_03404|POP_GAP8:WP_03405|POP_GAP8:WP_03406|POP_GAP8:WP_03407|POP_GAP8:WP_03506|POP_GAP8:WP_03507|POP_GAP8:WP_03508|POP_GAP8:WP_03509|POP_GAP8:WP_03510|POP_GAP8:WP_03511|POP_GAP8:WP_03512|POP_GAP8:WP_03513|POP_GAP8:WP_03514|POP_GAP8:WP_03515|POP_GAP8:WP_03605|POP_GAP8:WP_03606|POP_GAP8:WP_03607|POP_GAP8:WP_03608|POP_GAP8:WP_03609|POP_GAP8:WP_03610|POP_GAP8:WP_03611|POP_GAP8:WP_03612|POP_GAP8:WP_03613|POP_GAP8:WP_03688|POP_GAP8:WP_03689|POP_GAP8:WP_03690|POP_GAP8:WP_03691|POP_GAP8:WP_03692|POP_GAP8:WP_03693|POP_GAP8:WP_03694|POP_GAP8:WP_03695|POP_GAP8:WP_03771|POP_GAP8:WP_03772|POP_GAP8:WP_03773|POP_GAP8:WP_03774|POP_GAP8:WP_03851,76,4645,3.3175543674675545,0.04146942959334443,True,0.9493496890977131,0.9493496890977131,0.0,0.0,3.834288307217504,3.834288307217504,0.0,0.0,7.140265236526507,7.140265236526507,0.0,0.0,9.774101266968337,9.774101266968337,0.0,0.0,2190.742795749669,EX_027,D184,1,1,1,Pianello,0,0,,False,False,P2S_0053,PROPOSED_STOP,FIELD_CHECK_PENDING,PROPOSED_STOP/FIELD_CHECK_PENDING,DERIVED_GATE_D_BUS_ELIGIBLE,HYPOTHESIS_NOT_RECOMMENDATION,False,DERIVED_FROM_REFERENCE_PERIOD_GTFS_PROXIMITY_NOT_CURRENT_SERVICE_GUARANTEE,150.0,220.0,55d726564e13acca55ce563cc911263ac513acb0,7c220f7586d0f6e5cccd14a2d518be52eb1c4a55,097092,La Valletta Brianza,1796,1521,FACT_ISTAT_2021_WORK_COMMUTING_MUNICIPAL_ONLY_NOT_STOP_DEMAND
432726032,unclassified,missing_lanes|missing_maxheight|missing_maxweight|missing_maxwidth|missing_width,10,534197.9090268183,5063632.723378543,9.439480245266065,45.725404767413785,POP_GAP8:WP_03261|POP_GAP8:WP_03262|POP_GAP8:WP_03374|POP_GAP8:WP_03375|POP_GAP8:WP_03376,5,25647,9.742766184359189,0.12178457730448985,True,396.5394818382153,66.53003030821269,330.00945153000254,83.22234396438827,954.445246211017,36.63372426517656,917.8115219458404,96.16177833033312,1403.9571339306476,15.098721148638955,1388.8584127820088,98.92455967609445,1510.9538204192922,0.8298564440549345,1510.1239639752368,99.94507731256637,224.11635784540607,EX_020,D170,1,1,0,,0,0,,False,False,P2S_0054,PROPOSED_STOP,FIELD_CHECK_PENDING,PROPOSED_STOP/FIELD_CHECK_PENDING,DERIVED_GATE_D_BUS_ELIGIBLE,HYPOTHESIS_NOT_RECOMMENDATION,True,DERIVED_FROM_REFERENCE_PERIOD_GTFS_PROXIMITY_NOT_CURRENT_SERVICE_GUARANTEE,150.0,220.0,55d726564e13acca55ce563cc911263ac513acb0,7c220f7586d0f6e5cccd14a2d518be52eb1c4a55,097012,Calco,2173,1894,FACT_ISTAT_2021_WORK_COMMUTING_MUNICIPAL_ONLY_NOT_STOP_DEMAND
1464429494,service,missing_lanes|missing_maxheight|missing_maxweight|missing_maxwidth|missing_width,0,534496.6663624925,5063633.192648601,9.443319519158253,45.72539415844684,POP_GAP8:WP_03042|POP_GAP8:WP_03159|POP_GAP8:WP_03160|POP_GAP8:WP_03271|POP_GAP8:WP_03272,5,26684,17.187352965978906,0.21484191207473632,True,374.9298114232502,60.00454350631764,314.92526791693257,83.99579289826602,981.0698276514584,23.77547887315773,957.2943487783007,97.5765762840681,1346.5227439317255,9.105072705694965,1337.4176712260307,99.32380847284401,1502.0582052039285,15.906744006014083,1486.151461197915,98.9410034876875,281.18652797699576,EX_015,D150|D170,2,1,0,,0,0,,False,False,P2S_0055,PROPOSED_STOP,FIELD_CHECK_PENDING,PROPOSED_STOP/FIELD_CHECK_PENDING,DERIVED_GATE_D_BUS_ELIGIBLE,HYPOTHESIS_NOT_RECOMMENDATION,True,DERIVED_FROM_REFERENCE_PERIOD_GTFS_PROXIMITY_NOT_CURRENT_SERVICE_GUARANTEE,150.0,220.0,55d726564e13acca55ce563cc911263ac513acb0,7c220f7586d0f6e5cccd14a2d518be52eb1c4a55,097012,Calco,2173,1894,FACT_ISTAT_2021_WORK_COMMUTING_MUNICIPAL_ONLY_NOT_STOP_DEMAND
581588943,residential,missing_lanes|missing_maxheight|missing_maxweight|missing_maxwidth|missing_width,1,530862.448482651,5063709.984241489,9.3966219713156,45.726256996614374,POP_GAP8:WP_02874|POP_GAP8:WP_02983|POP_GAP8:WP_02984|POP_GAP8:WP_02985|POP_GAP8:WP_02986|POP_GAP8:WP_03097|POP_GAP8:WP_03098|POP_GAP8:WP_03099|POP_GAP8:WP_03100|POP_GAP8:WP_03212|POP_GAP8:WP_03213|POP_GAP8:WP_03214,12,15696,0.31900467263830545,0.003987558407978818,True,161.30148202102885,161.30148202102885,0.0,0.0,449.8561502053588,296.46839551725037,153.38775468810843,34.09706738878352,713.1628141896135,323.5199759265262,389.6428382630872,54.63588825867891,1394.4964790481035,396.872281497212,997.6241975508916,71.54010157357152,854.0255991252247,EX_018,D148,1,0,0,,1,0,,False,False,P2S_0056,PROPOSED_STOP,FIELD_CHECK_PENDING,PROPOSED_STOP/FIELD_CHECK_PENDING,DERIVED_GATE_D_BUS_ELIGIBLE,HYPOTHESIS_NOT_RECOMMENDATION,False,DERIVED_FROM_REFERENCE_PERIOD_GTFS_PROXIMITY_NOT_CURRENT_SERVICE_GUARANTEE,150.0,220.0,55d726564e13acca55ce563cc911263ac513acb0,7c220f7586d0f6e5cccd14a2d518be52eb1c4a55,097058,Olgiate Molgora,2287,1961,FACT_ISTAT_2021_WORK_COMMUTING_MUNICIPAL_ONLY_NOT_STOP_DEMAND
1491885396,service,missing_lanes|missing_maxheight|missing_maxweight|missing_maxwidth|missing_width,0,529821.5872973049,5063720.055987407,9.38324649989747,45.72639330002165,POP_GAP8:WP_02970,1,11242,10.691744724398339,0.13364680905497922,True,181.78223164562894,181.78223164562894,0.0,0.0,324.3301549579094,324.3301549579094,0.0,0.0,417.20765963447957,417.20765963447957,0.0,0.0,532.5957225773781,517.6554969367644,14.940225640613718,2.8051719169492824,1461.6990891539256,EX_026,D184,1,1,1,Monte,0,0,,False,False,P2S_0057,PROPOSED_STOP,FIELD_CHECK_PENDING,PROPOSED_STOP/FIELD_CHECK_PENDING,DERIVED_GATE_D_BUS_ELIGIBLE,HYPOTHESIS_NOT_RECOMMENDATION,False,DERIVED_FROM_REFERENCE_PERIOD_GTFS_PROXIMITY_NOT_CURRENT_SERVICE_GUARANTEE,150.0,220.0,55d726564e13acca55ce563cc911263ac513acb0,7c220f7586d0f6e5cccd14a2d518be52eb1c4a55,097092,La Valletta Brianza,1796,1521,FACT_ISTAT_2021_WORK_COMMUTING_MUNICIPAL_ONLY_NOT_STOP_DEMAND
1465348947,service,missing_lanes|missing_maxheight|missing_maxweight|missing_maxwidth|missing_width,0,533248.935291657,5063757.195297838,9.42729379152222,45.72657133906019,POP_GAP8:WP_02794|POP_GAP8:WP_02795|POP_GAP8:WP_02796|POP_GAP8:WP_02797|POP_GAP8:WP_02903|POP_GAP8:WP_02904|POP_GAP8:WP_02905|POP_GAP8:WP_02906|POP_GAP8:WP_02907|POP_GAP8:WP_03018|POP_GAP8:WP_03019|POP_GAP8:WP_03020|POP_GAP8:WP_03021|POP_GAP8:WP_03136|POP_GAP8:WP_03137,15,23699,126.83218979931948,1.5854023724914934,True,151.59143406963506,151.59143406963506,0.0,0.0,347.1057456000476,323.2793139185543,23.826431681493354,6.864314977069652,383.20557811190463,202.50286351446016,180.70271459744444,47.15555433399125,385.2070507597911,146.840768662462,238.3662820973291,61.880041299132515,1151.7257807017374,EX_021,D170,1,2,0,,0,0,,False,False,P2S_0058,PROPOSED_STOP,FIELD_CHECK_PENDING,PROPOSED_STOP/FIELD_CHECK_PENDING,DERIVED_GATE_D_BUS_ELIGIBLE,HYPOTHESIS_NOT_RECOMMENDATION,False,DERIVED_FROM_REFERENCE_PERIOD_GTFS_PROXIMITY_NOT_CURRENT_SERVICE_GUARANTEE,150.0,220.0,55d726564e13acca55ce563cc911263ac513acb0,7c220f7586d0f6e5cccd14a2d518be52eb1c4a55,097012,Calco,2173,1894,FACT_ISTAT_2021_WORK_COMMUTING_MUNICIPAL_ONLY_NOT_STOP_DEMAND
220041700,unclassified,missing_lanes|missing_maxheight|missing_maxweight|missing_maxwidth,0,532672.3612899564,5063765.171340341,9.419884776206654,45.72667059882819,POP_GAP8:WP_03013|POP_GAP8:WP_03014|POP_GAP8:WP_03130,3,21573,9.474590314499533,0.11843237893124417,True,595.6930866976172,474.26023108988875,121.4328556077285,20.385137635375923,1019.2450534055059,197.9657117542527,821.2793416512532,80.57722123911135,1488.5771194877384,122.64028365921999,1365.9368358285183,91.76124084848058,1952.282181866193,36.84152807731417,1915.4406537888788,98.1128994353625,519.1013148618596,EX_007,D185,1,2,0,,3,0,,False,False,P2S_0059,PROPOSED_STOP,FIELD_CHECK_PENDING,PROPOSED_STOP/FIELD_CHECK_PENDING,DERIVED_GATE_D_BUS_ELIGIBLE,HYPOTHESIS_NOT_RECOMMENDATION,False,DERIVED_FROM_REFERENCE_PERIOD_GTFS_PROXIMITY_NOT_CURRENT_SERVICE_GUARANTEE,150.0,220.0,55d726564e13acca55ce563cc911263ac513acb0,7c220f7586d0f6e5cccd14a2d518be52eb1c4a55,097012,Calco,2173,1894,FACT_ISTAT_2021_WORK_COMMUTING_MUNICIPAL_ONLY_NOT_STOP_DEMAND
1491885416,service,missing_lanes|missing_maxheight|missing_maxweight|missing_maxwidth|missing_width,0,529487.5844222938,5063805.50403307,9.378959420765888,45.727176699403685,POP_GAP8:WP_02748|POP_GAP8:WP_02749|POP_GAP8:WP_02854|POP_GAP8:WP_02855|POP_GAP8:WP_02964|POP_GAP8:WP_02965|SETTLEMENT_GAP8:OSM_POINT_1575801240,7,9626,7.485121603020237,0.09356402003775297,True,199.2023425356954,199.2023425356954,0.0,0.0,382.44347628591527,382.44347628591527,0.0,0.0,408.4885436671905,408.4885436671905,0.0,0.0,481.46717116106686,467.3901590065973,14.077012154469505,2.923774038533621,1437.45413957262,EX_026,D184,1,2,2,Brugolone|Monte,0,0,,False,False,P2S_0060,PROPOSED_STOP,FIELD_CHECK_PENDING,PROPOSED_STOP/FIELD_CHECK_PENDING,DERIVED_GATE_D_BUS_ELIGIBLE,HYPOTHESIS_NOT_RECOMMENDATION,False,DERIVED_FROM_REFERENCE_PERIOD_GTFS_PROXIMITY_NOT_CURRENT_SERVICE_GUARANTEE,150.0,220.0,55d726564e13acca55ce563cc911263ac513acb0,7c220f7586d0f6e5cccd14a2d518be52eb1c4a55,097092,La Valletta Brianza,1796,1521,FACT_ISTAT_2021_WORK_COMMUTING_MUNICIPAL_ONLY_NOT_STOP_DEMAND
326302168,residential,missing_lanes|missing_maxheight|missing_maxweight|missing_maxwidth|missing_width,1,534340.9194246087,5063828.015555196,9.44133187068217,45.72715541258229,POP_GAP8:WP_02811,1,25971,9.522594272603712,0.1190324284075464,True,373.8079799119591,170.9336584218886,202.87432149007046,54.27233563549188,736.2346844520423,70.35010232517226,665.88458212687,90.44460906137127,1000.3270582078685,46.20466853840138,954.1223896694671,95.38104381369237,1327.8911702042526,30.09945790149388,1297.791712302759,97.73328879829333,525.1704344371383,EX_015,D150|D170,2,0,0,,0,0,,False,False,P2S_0061,PROPOSED_STOP,FIELD_CHECK_PENDING,PROPOSED_STOP/FIELD_CHECK_PENDING,DERIVED_GATE_D_BUS_ELIGIBLE,HYPOTHESIS_NOT_RECOMMENDATION,False,DERIVED_FROM_REFERENCE_PERIOD_GTFS_PROXIMITY_NOT_CURRENT_SERVICE_GUARANTEE,150.0,220.0,55d726564e13acca55ce563cc911263ac513acb0,7c220f7586d0f6e5cccd14a2d518be52eb1c4a55,097012,Calco,2173,1894,FACT_ISTAT_2021_WORK_COMMUTING_MUNICIPAL_ONLY_NOT_STOP_DEMAND
432726032,unclassified,missing_lanes|missing_maxheight|missing_maxweight|missing_maxwidth|missing_width,8,533989.8499105405,5063843.762974421,9.436821343291358,45.72731448602591,POP_GAP8:WP_02807|POP_GAP8:WP_02808|POP_GAP8:WP_02809|POP_GAP8:WP_03029|POP_GAP8:WP_03147,5,25085,27.219020817945303,0.3402377602243163,True,178.94649767208398,98.62922914232284,80.31726852976112,44.883397872888786,419.5343506087327,51.068895960641626,368.4654546480911,87.82724325516085,601.3990295145296,16.006792669587824,585.3922368449416,97.3384072996411,1000.203572449918,2.9101059358407846,997.2934665140773,99.70904863609789,578.5543994807178,EX_020,D170,1,0,0,,0,0,,False,False,P2S_0062,PROPOSED_STOP,FIELD_CHECK_PENDING,PROPOSED_STOP/FIELD_CHECK_PENDING,DERIVED_GATE_D_BUS_ELIGIBLE,HYPOTHESIS_NOT_RECOMMENDATION,False,DERIVED_FROM_REFERENCE_PERIOD_GTFS_PROXIMITY_NOT_CURRENT_SERVICE_GUARANTEE,150.0,220.0,55d726564e13acca55ce563cc911263ac513acb0,7c220f7586d0f6e5cccd14a2d518be52eb1c4a55,097012,Calco,2173,1894,FACT_ISTAT_2021_WORK_COMMUTING_MUNICIPAL_ONLY_NOT_STOP_DEMAND
170953545,unclassified,missing_lanes|missing_maxheight|missing_maxweight|missing_maxwidth|missing_width,0,528989.1408508394,5063862.505618184,9.372557226312763,45.72771081411063,POP_GAP8:WP_02738|POP_GAP8:WP_02739|POP_GAP8:WP_02740|POP_GAP8:WP_02741|POP_GAP8:WP_02742|POP_GAP8:WP_02743|POP_GAP8:WP_02744|POP_GAP8:WP_02841|POP_GAP8:WP_02842|POP_GAP8:WP_02843|POP_GAP8:WP_02844|POP_GAP8:WP_02845|POP_GAP8:WP_02846|POP_GAP8:WP_02847|POP_GAP8:WP_02848|POP_GAP8:WP_02952|POP_GAP8:WP_02953|POP_GAP8:WP_02954|POP_GAP8:WP_02955|POP_GAP8:WP_02956|POP_GAP8:WP_03067|POP_GAP8:WP_03068,22,7355,10.966660200592782,0.13708325250740977,True,14.914933423311222,14.914933423311222,0.0,0.0,134.90657539891765,134.90657539891765,0.0,0.0,229.7575540566457,229.7575540566457,0.0,0.0,302.12269761566733,299.07778688193196,3.044910733735512,1.0078391189294116,1534.8606617071614,EX_042,D184,1,3,3,Brugolone|Cereda|Monte,0,0,,False,False,P2S_0063,PROPOSED_STOP,FIELD_CHECK_PENDING,PROPOSED_STOP/FIELD_CHECK_PENDING,DERIVED_GATE_D_BUS_ELIGIBLE,HYPOTHESIS_NOT_RECOMMENDATION,False,DERIVED_FROM_REFERENCE_PERIOD_GTFS_PROXIMITY_NOT_CURRENT_SERVICE_GUARANTEE,150.0,220.0,55d726564e13acca55ce563cc911263ac513acb0,7c220f7586d0f6e5cccd14a2d518be52eb1c4a55,097092,La Valletta Brianza,1796,1521,FACT_ISTAT_2021_WORK_COMMUTING_MUNICIPAL_ONLY_NOT_STOP_DEMAND
42281871,residential,missing_lanes|missing_maxheight|missing_maxweight|missing_maxwidth|missing_width,5,531074.426649508,5063878.755707086,9.399356920019578,45.72776654464738,POP_GAP8:WP_02773,1,16424,4.563837524736108,0.057047969059201356,True,976.7795115247487,439.97352125535133,536.8059902693972,54.95672093197832,1833.2951747837565,363.4023282012504,1469.8928465825063,80.17764224770217,2421.9716780162444,331.95908707864453,2090.0125909375997,86.29384934217971,3228.3881078317672,375.9343919392682,2852.4537158924995,88.35535321706563,234.61324913236692,EX_018,D148,1,1,0,,5,0,,False,False,P2S_0064,PROPOSED_STOP,FIELD_CHECK_PENDING,PROPOSED_STOP/FIELD_CHECK_PENDING,DERIVED_GATE_D_BUS_ELIGIBLE,HYPOTHESIS_NOT_RECOMMENDATION,True,DERIVED_FROM_REFERENCE_PERIOD_GTFS_PROXIMITY_NOT_CURRENT_SERVICE_GUARANTEE,150.0,220.0,55d726564e13acca55ce563cc911263ac513acb0,7c220f7586d0f6e5cccd14a2d518be52eb1c4a55,097058,Olgiate Molgora,2287,1961,FACT_ISTAT_2021_WORK_COMMUTING_MUNICIPAL_ONLY_NOT_STOP_DEMAND
1430858456,service,missing_lanes|missing_maxheight|missing_maxweight|missing_maxwidth|missing_width,0,530113.5558119396,5063884.038083289,9.387008784311336,45.727856584776234,POP_GAP8:WP_02863|POP_GAP8:WP_02864|POP_GAP8:WP_02865|POP_GAP8:WP_02866|POP_GAP8:WP_02975|POP_GAP8:WP_02976,6,12294,1.2285090567327637,0.015356363209159545,True,4.232443343621771,4.232443343621771,0.0,0.0,5.065402355467552,5.065402355467552,0.0,0.0,6.033086124921,6.033086124921,0.0,0.0,9.073798238900562,9.073798238900562,0.0,0.0,2464.8574367067595,EX_023,D184,1,0,0,,0,0,,False,False,P2S_0065,PROPOSED_STOP,FIELD_CHECK_PENDING,PROPOSED_STOP/FIELD_CHECK_PENDING,DERIVED_GATE_D_BUS_ELIGIBLE,HYPOTHESIS_NOT_RECOMMENDATION,False,DERIVED_FROM_REFERENCE_PERIOD_GTFS_PROXIMITY_NOT_CURRENT_SERVICE_GUARANTEE,150.0,220.0,55d726564e13acca55ce563cc911263ac513acb0,7c220f7586d0f6e5cccd14a2d518be52eb1c4a55,097092,La Valletta Brianza,1796,1521,FACT_ISTAT_2021_WORK_COMMUTING_MUNICIPAL_ONLY_NOT_STOP_DEMAND
1491885420,service,missing_lanes|missing_maxheight|missing_maxweight|missing_maxwidth|missing_width,0,527952.2648585602,5063925.823988786,9.359235619616193,45.728323391821434,POP_GAP8:WP_02625|POP_GAP8:WP_02725|POP_GAP8:WP_02726|POP_GAP8:WP_02829|POP_GAP8:WP_02830|POP_GAP8:WP_02831|POP_GAP8:WP_02832|POP_GAP8:WP_02939|POP_GAP8:WP_02940|POP_GAP8:WP_02941|POP_GAP8:WP_03052,11,3704,3.5007195183284967,0.04375899397910621,True,1.9923453229115096,1.9923453229115096,0.0,0.0,3.9174878078678694,3.9174878078678694,0.0,0.0,26.6385539098533,26.6385539098533,0.0,0.0,167.6426838293263,167.6426838293263,0.0,0.0,1793.1835277362268,EX_027,D184,1,1,1,Pianello,0,0,,False,False,P2S_0066,PROPOSED_STOP,FIELD_CHECK_PENDING,PROPOSED_STOP/FIELD_CHECK_PENDING,DERIVED_GATE_D_BUS_ELIGIBLE,HYPOTHESIS_NOT_RECOMMENDATION,False,DERIVED_FROM_REFERENCE_PERIOD_GTFS_PROXIMITY_NOT_CURRENT_SERVICE_GUARANTEE,150.0,220.0,55d726564e13acca55ce563cc911263ac513acb0,7c220f7586d0f6e5cccd14a2d518be52eb1c4a55,097092,La Valletta Brianza,1796,1521,FACT_ISTAT_2021_WORK_COMMUTING_MUNICIPAL_ONLY_NOT_STOP_DEMAND
432726032,unclassified,missing_lanes|missing_maxheight|missing_maxweight|missing_maxwidth|missing_width,6,533716.9711556715,5063964.042614402,9.43332290805638,45.72841041891479,POP_GAP8:WP_02498|POP_GAP8:WP_02598|POP_GAP8:WP_02599|POP_GAP8:WP_02698|POP_GAP8:WP_02699|POP_GAP8:WP_02700|POP_GAP8:WP_02800|POP_GAP8:WP_02801|POP_GAP8:WP_02802|POP_GAP8:WP_02803|POP_GAP8:WP_02804|POP_GAP8:WP_02911|POP_GAP8:WP_02912|POP_GAP8:WP_02913|POP_GAP8:WP_02914|POP_GAP8:WP_03027|POP_GAP8:WP_03028,17,24479,19.765892186525946,0.24707365233157433,True,8.010227979902481,8.010227979902481,0.0,0.0,117.62721658283682,36.40818519298714,81.21903138984969,69.04782222118864,280.74676910009003,15.031261492518079,265.715507607572,94.64597169160683,421.05552779041125,0.940416713154902,420.11511107725636,99.77665256692153,863.6481422183499,EX_020,D170,1,0,0,,0,0,,False,False,P2S_0067,PROPOSED_STOP,FIELD_CHECK_PENDING,PROPOSED_STOP/FIELD_CHECK_PENDING,DERIVED_GATE_D_BUS_ELIGIBLE,HYPOTHESIS_NOT_RECOMMENDATION,False,DERIVED_FROM_REFERENCE_PERIOD_GTFS_PROXIMITY_NOT_CURRENT_SERVICE_GUARANTEE,150.0,220.0,55d726564e13acca55ce563cc911263ac513acb0,7c220f7586d0f6e5cccd14a2d518be52eb1c4a55,097010,Brivio,1662,1339,FACT_ISTAT_2021_WORK_COMMUTING_MUNICIPAL_ONLY_NOT_STOP_DEMAND
655257727,unclassified,missing_lanes|missing_maxheight|missing_maxweight|missing_maxwidth|missing_width,1,534574.2268082855,5063969.432424171,9.444340218666824,45.728416614603994,POP_GAP8:WP_02611|POP_GAP8:WP_02711|POP_GAP8:WP_02712|POP_GAP8:WP_02713|POP_GAP8:WP_02714|POP_GAP8:WP_02815|POP_GAP8:WP_02816|POP_GAP8:WP_02817|POP_GAP8:WP_02818|POP_GAP8:WP_02819|POP_GAP8:WP_02926|POP_GAP8:WP_02927|POP_GAP8:WP_02928|POP_GAP8:WP_03042,14,26919,5.2048340573026595,0.06506042571628325,True,36.573964478911,36.24885160708662,0.3251128718243785,0.8889188701756479,377.63452005336774,24.885196295628756,352.749323757739,93.4102432446822,701.643665422511,12.16310148842675,689.4805639340842,98.26648452942241,973.6480897506962,30.13242364301119,943.515666107685,96.90520384518737,681.7882832808884,EX_015,D150|D170,2,0,0,,0,0,,False,False,P2S_0068,PROPOSED_STOP,FIELD_CHECK_PENDING,PROPOSED_STOP/FIELD_CHECK_PENDING,DERIVED_GATE_D_BUS_ELIGIBLE,HYPOTHESIS_NOT_RECOMMENDATION,False,DERIVED_FROM_REFERENCE_PERIOD_GTFS_PROXIMITY_NOT_CURRENT_SERVICE_GUARANTEE,150.0,220.0,55d726564e13acca55ce563cc911263ac513acb0,7c220f7586d0f6e5cccd14a2d518be52eb1c4a55,097012,Calco,2173,1894,FACT_ISTAT_2021_WORK_COMMUTING_MUNICIPAL_ONLY_NOT_STOP_DEMAND
1491885385,service,missing_lanes|missing_maxheight|missing_maxweight|missing_maxwidth|missing_width,0,529707.913719564,5063973.202022794,9.381801200620966,45.72867665087143,POP_GAP8:WP_02652|POP_GAP8:WP_02753,2,10730,16.541258685561107,0.20676573356951383,True,143.77594428909984,143.77594428909984,0.0,0.0,521.7315335317072,521.6528506973324,0.078682834374824,0.015081096180291008,632.0265276854565,584.0081955752775,48.018332110179045,7.597518459553735,751.3893471469895,608.3147148119087,143.07463233508076,19.041344261577876,994.9503359194604,EX_026,D184,1,2,2,Monte|Sara,0,0,,False,False,P2S_0069,PROPOSED_STOP,FIELD_CHECK_PENDING,PROPOSED_STOP/FIELD_CHECK_PENDING,DERIVED_GATE_D_BUS_ELIGIBLE,HYPOTHESIS_NOT_RECOMMENDATION,False,DERIVED_FROM_REFERENCE_PERIOD_GTFS_PROXIMITY_NOT_CURRENT_SERVICE_GUARANTEE,150.0,220.0,55d726564e13acca55ce563cc911263ac513acb0,7c220f7586d0f6e5cccd14a2d518be52eb1c4a55,097092,La Valletta Brianza,1796,1521,FACT_ISTAT_2021_WORK_COMMUTING_MUNICIPAL_ONLY_NOT_STOP_DEMAND
573583654,residential,missing_lanes|missing_maxheight|missing_maxweight|missing_maxwidth|missing_width,1,532828.907612581,5063973.636419612,9.421910682434689,45.728539484038606,POP_GAP8:WP_02586|POP_GAP8:WP_02685|POP_GAP8:WP_02686|POP_GAP8:WP_02687|POP_GAP8:WP_02688|POP_GAP8:WP_02689|POP_GAP8:WP_02789|POP_GAP8:WP_02790|POP_GAP8:WP_02791|POP_GAP8:WP_02792|POP_GAP8:WP_02793|POP_GAP8:WP_02899|POP_GAP8:WP_02900|POP_GAP8:WP_02901|POP_GAP8:WP_02902,15,22017,6.624204299262689,0.08280255374078362,True,101.78954096326595,101.78954096326595,0.0,0.0,474.49128326980787,127.68701240722427,346.8042708625836,73.08970324442859,814.5894943454401,103.11197103052847,711.4775233149115,87.34184865551406,1075.7067820728778,36.981420376379376,1038.7253616964983,96.56212817538284,794.2003761672892,EX_007,D185,1,1,0,,2,0,,False,False,P2S_0070,PROPOSED_STOP,FIELD_CHECK_PENDING,PROPOSED_STOP/FIELD_CHECK_PENDING,DERIVED_GATE_D_BUS_ELIGIBLE,HYPOTHESIS_NOT_RECOMMENDATION,False,DERIVED_FROM_REFERENCE_PERIOD_GTFS_PROXIMITY_NOT_CURRENT_SERVICE_GUARANTEE,150.0,220.0,55d726564e13acca55ce563cc911263ac513acb0,7c220f7586d0f6e5cccd14a2d518be52eb1c4a55,097012,Calco,2173,1894,FACT_ISTAT_2021_WORK_COMMUTING_MUNICIPAL_ONLY_NOT_STOP_DEMAND
1463441197,service,missing_lanes|missing_maxheight|missing_maxweight|missing_maxwidth|missing_width,0,530453.8140594173,5064004.813416761,9.391389152720501,45.72892873512878,POP_GAP8:WP_02665|POP_GAP8:WP_02666|POP_GAP8:WP_02766|POP_GAP8:WP_02767,4,14025,3.8742871222323974,0.048428589027904964,True,81.10773329609124,18.612628780856472,62.495104515234765,77.05196776624325,274.4568143009863,41.65839320130397,232.79842109968217,84.82151251831593,457.41962504094977,23.404686156223264,434.01493888472646,94.88332269212803,719.6378990488914,131.93000420740066,587.7078948414908,81.66716839374834,346.3423227822434,EX_023,D184,1,1,0,,0,0,,False,False,P2S_0071,PROPOSED_STOP,FIELD_CHECK_PENDING,PROPOSED_STOP/FIELD_CHECK_PENDING,DERIVED_GATE_D_BUS_ELIGIBLE,HYPOTHESIS_NOT_RECOMMENDATION,False,DERIVED_FROM_REFERENCE_PERIOD_GTFS_PROXIMITY_NOT_CURRENT_SERVICE_GUARANTEE,150.0,220.0,55d726564e13acca55ce563cc911263ac513acb0,7c220f7586d0f6e5cccd14a2d518be52eb1c4a55,097058,Olgiate Molgora,2287,1961,FACT_ISTAT_2021_WORK_COMMUTING_MUNICIPAL_ONLY_NOT_STOP_DEMAND
1462825408,service,missing_lanes|missing_maxheight|missing_maxweight|missing_maxwidth|missing_width,0,527670.5329953654,5064043.803477273,9.355621680534416,45.72939660490464,POP_GAP8:WP_02518|POP_GAP8:WP_02519|POP_GAP8:WP_02617|POP_GAP8:WP_02618|POP_GAP8:WP_02619|POP_GAP8:WP_02620|POP_GAP8:WP_02621|POP_GAP8:WP_02717|POP_GAP8:WP_02718|POP_GAP8:WP_02719|POP_GAP8:WP_02720|POP_GAP8:WP_02721|POP_GAP8:WP_02722|POP_GAP8:WP_02822|POP_GAP8:WP_02823|POP_GAP8:WP_02824|POP_GAP8:WP_02825|POP_GAP8:WP_02826|POP_GAP8:WP_02827|POP_GAP8:WP_02932|POP_GAP8:WP_02933|POP_GAP8:WP_02934|POP_GAP8:WP_02935|POP_GAP8:WP_02936|POP_GAP8:WP_03045|POP_GAP8:WP_03046|POP_GAP8:WP_03047|POP_GAP8:WP_03048|POP_GAP8:WP_03049|POP_GAP8:WP_03050|POP_GAP8:WP_03161|POP_GAP8:WP_03162|POP_GAP8:WP_03163|POP_GAP8:WP_03164|POP_GAP8:WP_03274|POP_GAP8:WP_03275|POP_GAP8:WP_03276|POP_GAP8:WP_03277|POP_GAP8:WP_03387|POP_GAP8:WP_03388|POP_GAP8:WP_03389,41,2935,4.280563683668908,0.05350704604586135,True,0.42949361618620346,0.42949361618620346,0.0,0.0,1.9540854157681957,1.9540854157681957,0.0,0.0,30.7508582383937,30.7508582383937,0.0,0.0,99.78698867657808,99.78698867657808,0.0,0.0,2152.5813437389393,EX_027,D184,1,2,2,Bernaga inferiore|Pianello,0,0,,False,False,P2S_0072,PROPOSED_STOP,FIELD_CHECK_PENDING,PROPOSED_STOP/FIELD_CHECK_PENDING,DERIVED_GATE_D_BUS_ELIGIBLE,HYPOTHESIS_NOT_RECOMMENDATION,False,DERIVED_FROM_REFERENCE_PERIOD_GTFS_PROXIMITY_NOT_CURRENT_SERVICE_GUARANTEE,150.0,220.0,55d726564e13acca55ce563cc911263ac513acb0,7c220f7586d0f6e5cccd14a2d518be52eb1c4a55,097092,La Valletta Brianza,1796,1521,FACT_ISTAT_2021_WORK_COMMUTING_MUNICIPAL_ONLY_NOT_STOP_DEMAND
173639258,residential,missing_lanes|missing_maxheight|missing_maxweight|missing_maxwidth|missing_width,0,530870.948158411,5064053.6720740255,9.39675310002149,45.72935000000476,POP_GAP8:WP_02668|POP_GAP8:WP_02770|POP_GAP8:WP_02771,3,15742,4.819759024903471,0.06024698781129338,True,14.789539615512645,14.347694704537428,0.441844910975216,2.987550136528712,81.66379180172132,0.5013890257982032,81.16240277592311,99.38603264098296,414.81164328314884,0.1254597687669625,414.68618351438187,99.96975500307224,1161.4578752325717,0.0,1161.4578752325717,100.0,615.4692187573303,EX_018,D148,1,0,0,,1,0,,False,False,P2S_0073,PROPOSED_STOP,FIELD_CHECK_PENDING,PROPOSED_STOP/FIELD_CHECK_PENDING,DERIVED_GATE_D_BUS_ELIGIBLE,HYPOTHESIS_NOT_RECOMMENDATION,False,DERIVED_FROM_REFERENCE_PERIOD_GTFS_PROXIMITY_NOT_CURRENT_SERVICE_GUARANTEE,150.0,220.0,55d726564e13acca55ce563cc911263ac513acb0,7c220f7586d0f6e5cccd14a2d518be52eb1c4a55,097058,Olgiate Molgora,2287,1961,FACT_ISTAT_2021_WORK_COMMUTING_MUNICIPAL_ONLY_NOT_STOP_DEMAND
1463441186,service,missing_lanes|missing_maxheight|missing_maxweight|missing_maxwidth|missing_width,0,529934.6312435358,5064066.65414714,9.384720645250002,45.729507999326906,POP_GAP8:WP_02555|POP_GAP8:WP_02556|POP_GAP8:WP_02656,3,11698,9.081183562703176,0.1135147945337897,True,54.33292046215464,54.33292046215464,0.0,0.0,262.48399226066226,247.19151132873506,15.292480931927207,5.826062305826582,478.1415740314994,410.92194191066443,67.21963212083497,14.05852069169928,722.2782686374408,528.5998164880077,193.67845214943307,26.81493553929048,861.0149158989163,EX_023,D184,1,1,1,Sara,0,0,,False,False,P2S_0074,PROPOSED_STOP,FIELD_CHECK_PENDING,PROPOSED_STOP/FIELD_CHECK_PENDING,DERIVED_GATE_D_BUS_ELIGIBLE,HYPOTHESIS_NOT_RECOMMENDATION,False,DERIVED_FROM_REFERENCE_PERIOD_GTFS_PROXIMITY_NOT_CURRENT_SERVICE_GUARANTEE,150.0,220.0,55d726564e13acca55ce563cc911263ac513acb0,7c220f7586d0f6e5cccd14a2d518be52eb1c4a55,097092,La Valletta Brianza,1796,1521,FACT_ISTAT_2021_WORK_COMMUTING_MUNICIPAL_ONLY_NOT_STOP_DEMAND
689416882,residential,missing_lanes|missing_maxheight|missing_maxweight|missing_maxwidth|missing_width,0,529448.3318566877,5064085.391694362,9.378471990939886,45.72969752205537,POP_GAP8:WP_02548|POP_GAP8:WP_02647|POP_GAP8:WP_02648|POP_GAP8:WP_02649|POP_GAP8:WP_02748|SETTLEMENT_GAP8:OSM_POINT_2101402497,6,9517,14.69525614919651,0.18369070186495637,True,156.74298401031785,156.74298401031785,0.0,0.0,233.2387262628356,233.2387262628356,0.0,0.0,410.24767963858733,385.99988143499485,24.24779820359237,5.910526593338386,876.8594830871943,542.6098312087148,334.2496518784796,38.118952731362775,1098.2416814644034,EX_026,D184,1,1,1,Sara,0,0,,False,False,P2S_0075,PROPOSED_STOP,FIELD_CHECK_PENDING,PROPOSED_STOP/FIELD_CHECK_PENDING,DERIVED_GATE_D_BUS_ELIGIBLE,HYPOTHESIS_NOT_RECOMMENDATION,False,DERIVED_FROM_REFERENCE_PERIOD_GTFS_PROXIMITY_NOT_CURRENT_SERVICE_GUARANTEE,150.0,220.0,55d726564e13acca55ce563cc911263ac513acb0,7c220f7586d0f6e5cccd14a2d518be52eb1c4a55,097092,La Valletta Brianza,1796,1521,FACT_ISTAT_2021_WORK_COMMUTING_MUNICIPAL_ONLY_NOT_STOP_DEMAND
432726032,unclassified,missing_lanes|missing_maxheight|missing_maxweight|missing_maxwidth|missing_width,4,533446.4438149077,5064089.306096367,9.429854899027529,45.72955098842902,POP_GAP8:WP_02494|POP_GAP8:WP_02495|POP_GAP8:WP_02592|POP_GAP8:WP_02593|POP_GAP8:WP_02594|POP_GAP8:WP_02595|POP_GAP8:WP_02691|POP_GAP8:WP_02692|POP_GAP8:WP_02693|POP_GAP8:WP_02694|POP_GAP8:WP_02695|POP_GAP8:WP_02696|POP_GAP8:WP_02697|POP_GAP8:WP_02796|POP_GAP8:WP_02797|POP_GAP8:WP_02798|POP_GAP8:WP_02799|POP_GAP8:WP_02800|POP_GAP8:WP_02801,19,23916,24.42238386441041,0.30527979830513013,True,0.44735424381031913,0.44735424381031913,0.0,0.0,36.03124585794045,28.82325159694985,7.2079942609905965,20.004843266895037,113.15668980568728,15.24926387063779,97.90742593504947,86.52376284882153,271.0755714873333,1.222815730690962,269.8527557566424,99.54890227696225,1124.1163578454496,EX_020,D170,1,0,0,,0,0,,False,False,P2S_0076,PROPOSED_STOP,FIELD_CHECK_PENDING,PROPOSED_STOP/FIELD_CHECK_PENDING,DERIVED_GATE_D_BUS_ELIGIBLE,HYPOTHESIS_NOT_RECOMMENDATION,False,DERIVED_FROM_REFERENCE_PERIOD_GTFS_PROXIMITY_NOT_CURRENT_SERVICE_GUARANTEE,150.0,220.0,55d726564e13acca55ce563cc911263ac513acb0,7c220f7586d0f6e5cccd14a2d518be52eb1c4a55,097010,Brivio,1662,1339,FACT_ISTAT_2021_WORK_COMMUTING_MUNICIPAL_ONLY_NOT_STOP_DEMAND
143413508,unclassified,missing_lanes|missing_maxheight|missing_maxweight|missing_maxwidth|missing_width,0,527238.6716239806,5064135.3899638895,9.350076653516496,45.73023807928143,POP_GAP8:WP_02322|POP_GAP8:WP_02323|POP_GAP8:WP_02324|POP_GAP8:WP_02411|POP_GAP8:WP_02412|POP_GAP8:WP_02413|POP_GAP8:WP_02414|POP_GAP8:WP_02415|POP_GAP8:WP_02513|POP_GAP8:WP_02514|POP_GAP8:WP_02515|POP_GAP8:WP_02516|POP_GAP8:WP_02517|POP_GAP8:WP_02614|POP_GAP8:WP_02615|POP_GAP8:WP_02616|POP_GAP8:WP_02617|POP_GAP8:WP_02715|POP_GAP8:WP_02716|POP_GAP8:WP_02717|POP_GAP8:WP_02718|POP_GAP8:WP_02820|POP_GAP8:WP_02821|POP_GAP8:WP_02822|POP_GAP8:WP_02823|POP_GAP8:WP_02929|POP_GAP8:WP_02930|POP_GAP8:WP_02931|POP_GAP8:WP_02932|POP_GAP8:WP_03043|POP_GAP8:WP_03044|POP_GAP8:WP_03045|POP_GAP8:WP_03046|POP_GAP8:WP_03161,34,2150,1.8188270072316135,0.022735337590395168,True,1.6857936594263805,1.6857936594263805,0.0,0.0,2.8696167731521736,2.8696167731521736,0.0,0.0,27.832420369606094,27.832420369606094,0.0,0.0,62.09573086607908,62.09573086607908,0.0,0.0,2393.8676790545073,EX_027,D184,1,0,0,,0,0,,False,False,P2S_0077,PROPOSED_STOP,FIELD_CHECK_PENDING,PROPOSED_STOP/FIELD_CHECK_PENDING,DERIVED_GATE_D_BUS_ELIGIBLE,HYPOTHESIS_NOT_RECOMMENDATION,False,DERIVED_FROM_REFERENCE_PERIOD_GTFS_PROXIMITY_NOT_CURRENT_SERVICE_GUARANTEE,150.0,220.0,55d726564e13acca55ce563cc911263ac513acb0,7c220f7586d0f6e5cccd14a2d518be52eb1c4a55,097092,La Valletta Brianza,1796,1521,FACT_ISTAT_2021_WORK_COMMUTING_MUNICIPAL_ONLY_NOT_STOP_DEMAND
578724692,tertiary,missing_lanes|missing_maxheight|missing_maxweight|missing_maxwidth|missing_width,0,534318.0209749754,5064159.576584882,9.441061087335804,45.73014076620093,POP_GAP8:WP_02403|POP_GAP8:WP_02404|POP_GAP8:WP_02405|POP_GAP8:WP_02406|POP_GAP8:WP_02502|POP_GAP8:WP_02503|POP_GAP8:WP_02504|POP_GAP8:WP_02505|POP_GAP8:WP_02506|POP_GAP8:WP_02507|POP_GAP8:WP_02604|POP_GAP8:WP_02605|POP_GAP8:WP_02606|POP_GAP8:WP_02607|POP_GAP8:WP_02608|POP_GAP8:WP_02609|POP_GAP8:WP_02610|POP_GAP8:WP_02706|POP_GAP8:WP_02707|POP_GAP8:WP_02708|POP_GAP8:WP_02709|POP_GAP8:WP_02710,22,25900,6.879634930025609,0.08599543662532011,True,92.79064257329784,92.79064257329784,0.0,0.0,357.18432684025134,105.58681172908504,251.59751511116625,70.4391251813498,712.0656130722991,93.45134499733946,618.6142680749598,86.87602051247336,1032.5301917276577,45.766648863045916,986.7635428646117,95.56752439495565,780.9910839949559,EX_015,D150|D170,2,0,0,,0,0,,False,False,P2S_0078,PROPOSED_STOP,FIELD_CHECK_PENDING,PROPOSED_STOP/FIELD_CHECK_PENDING,DERIVED_GATE_D_BUS_ELIGIBLE,HYPOTHESIS_NOT_RECOMMENDATION,False,DERIVED_FROM_REFERENCE_PERIOD_GTFS_PROXIMITY_NOT_CURRENT_SERVICE_GUARANTEE,150.0,220.0,55d726564e13acca55ce563cc911263ac513acb0,7c220f7586d0f6e5cccd14a2d518be52eb1c4a55,097012,Calco,2173,1894,FACT_ISTAT_2021_WORK_COMMUTING_MUNICIPAL_ONLY_NOT_STOP_DEMAND
173605010,unclassified,missing_lanes|missing_maxheight|missing_maxweight|missing_maxwidth|missing_width,0,528844.1004041109,5064164.080108012,9.37071121783347,45.73043122367742,POP_GAP8:WP_02437|POP_GAP8:WP_02438|POP_GAP8:WP_02538|POP_GAP8:WP_02539|POP_GAP8:WP_02540|POP_GAP8:WP_02637|POP_GAP8:WP_02638|POP_GAP8:WP_02639|POP_GAP8:WP_02737|POP_GAP8:WP_02738|POP_GAP8:WP_02739,11,6675,1.4592743323416881,0.018240929154271102,True,59.594684491699695,59.594684491699695,0.0,0.0,64.15549091626102,64.15549091626102,0.0,0.0,85.46718750750144,76.30582925979144,9.161358247710018,10.719152595147614,145.2589296433181,108.33011166008737,36.92881798323075,25.422752373233852,1253.287662102139,EX_042,D184,1,1,1,Cereda,0,0,,False,False,P2S_0079,PROPOSED_STOP,FIELD_CHECK_PENDING,PROPOSED_STOP/FIELD_CHECK_PENDING,DERIVED_GATE_D_BUS_ELIGIBLE,HYPOTHESIS_NOT_RECOMMENDATION,False,DERIVED_FROM_REFERENCE_PERIOD_GTFS_PROXIMITY_NOT_CURRENT_SERVICE_GUARANTEE,150.0,220.0,55d726564e13acca55ce563cc911263ac513acb0,7c220f7586d0f6e5cccd14a2d518be52eb1c4a55,097092,La Valletta Brianza,1796,1521,FACT_ISTAT_2021_WORK_COMMUTING_MUNICIPAL_ONLY_NOT_STOP_DEMAND
28106385,unclassified,missing_lanes|missing_maxheight|missing_maxweight|missing_maxwidth|missing_width,0,526955.2644240367,5064172.081570098,9.346436358881986,45.730579428294824,POP_GAP8:WP_02511|POP_GAP8:WP_02512,2,1717,9.113323876364444,0.11391654845455554,True,0.5847035887776804,0.5847035887776804,0.0,0.0,26.57690421136031,26.57690421136031,0.0,0.0,60.933996262636505,60.933996262636505,0.0,0.0,74.80385407228606,74.80385407228606,0.0,0.0,2384.6894165163303,EX_027,D184,1,0,0,,0,0,,False,False,P2S_0080,PROPOSED_STOP,FIELD_CHECK_PENDING,PROPOSED_STOP/FIELD_CHECK_PENDING,DERIVED_GATE_D_BUS_ELIGIBLE,HYPOTHESIS_NOT_RECOMMENDATION,False,DERIVED_FROM_REFERENCE_PERIOD_GTFS_PROXIMITY_NOT_CURRENT_SERVICE_GUARANTEE,150.0,220.0,55d726564e13acca55ce563cc911263ac513acb0,7c220f7586d0f6e5cccd14a2d518be52eb1c4a55,097092,La Valletta Brianza,1796,1521,FACT_ISTAT_2021_WORK_COMMUTING_MUNICIPAL_ONLY_NOT_STOP_DEMAND
1463993526,service,missing_lanes|missing_maxheight|missing_maxweight|missing_maxwidth|missing_width,0,532318.2402741875,5064185.19481534,9.415361975074203,45.73046766978757,POP_GAP8:WP_02476,1,20520,1.7925951164034701,0.022407438955043376,True,39.098805279704045,39.098805279704045,0.0,0.0,125.94637640035,58.373089411418334,67.57328698893167,53.65242646928895,322.4960511530129,64.40242071309524,258.0936304399176,80.03001262097978,609.1387963019231,29.40101179483452,579.7377845070885,95.17334768802644,918.9250645325111,EX_016,D185,1,0,0,,0,0,,False,False,P2S_0081,PROPOSED_STOP,FIELD_CHECK_PENDING,PROPOSED_STOP/FIELD_CHECK_PENDING,DERIVED_GATE_D_BUS_ELIGIBLE,HYPOTHESIS_NOT_RECOMMENDATION,False,DERIVED_FROM_REFERENCE_PERIOD_GTFS_PROXIMITY_NOT_CURRENT_SERVICE_GUARANTEE,150.0,220.0,55d726564e13acca55ce563cc911263ac513acb0,7c220f7586d0f6e5cccd14a2d518be52eb1c4a55,097012,Calco,2173,1894,FACT_ISTAT_2021_WORK_COMMUTING_MUNICIPAL_ONLY_NOT_STOP_DEMAND
1430856285,service,missing_lanes|missing_maxheight|missing_maxweight|missing_maxwidth|missing_width,1,529739.4284890974,5064191.552196834,9.382219618671598,45.730640573084244,POP_GAP8:WP_02450|POP_GAP8:WP_02451|POP_GAP8:WP_02553,3,10863,4.909217108442978,0.061365213855537226,True,137.4973047907133,137.4973047907133,0.0,0.0,243.66809768902806,243.5894148546532,0.078682834374824,0.032290987257281384,394.1731609632382,355.83057381893747,38.342587144300694,9.727345984339264,668.3617229120007,526.795294864554,141.5664280474467,21.18110944933421,1071.524613474917,EX_026,D184,1,1,1,Sara,0,0,,False,False,P2S_0082,PROPOSED_STOP,FIELD_CHECK_PENDING,PROPOSED_STOP/FIELD_CHECK_PENDING,DERIVED_GATE_D_BUS_ELIGIBLE,HYPOTHESIS_NOT_RECOMMENDATION,False,DERIVED_FROM_REFERENCE_PERIOD_GTFS_PROXIMITY_NOT_CURRENT_SERVICE_GUARANTEE,150.0,220.0,55d726564e13acca55ce563cc911263ac513acb0,7c220f7586d0f6e5cccd14a2d518be52eb1c4a55,097092,La Valletta Brianza,1796,1521,FACT_ISTAT_2021_WORK_COMMUTING_MUNICIPAL_ONLY_NOT_STOP_DEMAND
48540240,primary,missing_maxheight|missing_maxweight|missing_maxwidth|missing_width,5,530669.5217125263,5064207.555596397,9.394174174077094,45.7307439977619,POP_GAP8:WP_02368|POP_GAP8:WP_02369|POP_GAP8:WP_02566|POP_GAP8:WP_02567|POP_GAP8:WP_02667,5,14771,34.534640823081574,0.4316830102885197,True,72.47409262455714,0.7596395381470484,71.71445308641009,98.95184677636149,305.8106058180026,0.1932656984113757,305.6173401195912,99.93680215965877,838.9368827509879,0.0856215044283939,838.8512612465595,99.98979404694336,1344.9359698433113,0.0,1344.9359698433113,100.0,314.2352086749601,EX_023,D184,1,1,0,,1,0,,False,False,P2S_0083,PROPOSED_STOP,FIELD_CHECK_PENDING,PROPOSED_STOP/FIELD_CHECK_PENDING,DERIVED_GATE_D_BUS_ELIGIBLE,HYPOTHESIS_NOT_RECOMMENDATION,False,DERIVED_FROM_REFERENCE_PERIOD_GTFS_PROXIMITY_NOT_CURRENT_SERVICE_GUARANTEE,150.0,220.0,55d726564e13acca55ce563cc911263ac513acb0,7c220f7586d0f6e5cccd14a2d518be52eb1c4a55,097058,Olgiate Molgora,2287,1961,FACT_ISTAT_2021_WORK_COMMUTING_MUNICIPAL_ONLY_NOT_STOP_DEMAND
1455816327,residential,missing_lanes|missing_maxheight|missing_maxweight|missing_maxwidth|missing_width,0,528142.1651238463,5064230.127040337,9.361693799986513,45.73105460001002,POP_GAP8:WP_02426|POP_GAP8:WP_02427|POP_GAP8:WP_02530|POP_GAP8:WP_02531,4,4240,4.110378809037412,0.05137973511296765,True,36.25561408035185,36.25561408035185,0.0,0.0,110.91002515290398,110.91002515290398,0.0,0.0,174.1096140399506,174.1096140399506,0.0,0.0,260.13565760258194,259.3210069887046,0.8146506138773983,0.3131637628555973,1377.4148167668545,EX_027,D184,1,3,3,Bernaga inferiore|Campo|Pianello,0,0,,False,False,P2S_0084,PROPOSED_STOP,FIELD_CHECK_PENDING,PROPOSED_STOP/FIELD_CHECK_PENDING,DERIVED_GATE_D_BUS_ELIGIBLE,HYPOTHESIS_NOT_RECOMMENDATION,False,DERIVED_FROM_REFERENCE_PERIOD_GTFS_PROXIMITY_NOT_CURRENT_SERVICE_GUARANTEE,150.0,220.0,55d726564e13acca55ce563cc911263ac513acb0,7c220f7586d0f6e5cccd14a2d518be52eb1c4a55,097092,La Valletta Brianza,1796,1521,FACT_ISTAT_2021_WORK_COMMUTING_MUNICIPAL_ONLY_NOT_STOP_DEMAND
83061924,residential,missing_lanes|missing_maxheight|missing_maxweight|missing_maxwidth|missing_width,1,534715.7946489357,5064247.666823777,9.446179500223103,45.73091377281934,POP_GAP8:WP_02510|POP_GAP8:WP_02612|POP_GAP8:WP_02613,3,27402,2.4802729686940257,0.03100341210867532,True,4.12721318578615,4.12721318578615,0.0,0.0,15.275610986832957,15.275610986832957,0.0,0.0,29.440704722765012,15.700300847979832,13.74040387478518,46.6714503072354,238.591495255261,26.89891124294209,211.69258401231895,88.72595554415558,1119.7772254044837,EX_015,D150|D170,2,0,0,,0,0,,False,False,P2S_0085,PROPOSED_STOP,FIELD_CHECK_PENDING,PROPOSED_STOP/FIELD_CHECK_PENDING,DERIVED_GATE_D_BUS_ELIGIBLE,HYPOTHESIS_NOT_RECOMMENDATION,False,DERIVED_FROM_REFERENCE_PERIOD_GTFS_PROXIMITY_NOT_CURRENT_SERVICE_GUARANTEE,150.0,220.0,55d726564e13acca55ce563cc911263ac513acb0,7c220f7586d0f6e5cccd14a2d518be52eb1c4a55,097012,Calco,2173,1894,FACT_ISTAT_2021_WORK_COMMUTING_MUNICIPAL_ONLY_NOT_STOP_DEMAND
240048815,residential,missing_lanes|missing_maxheight|missing_maxweight|missing_maxwidth|missing_width,0,531209.194639659,5064254.583511066,9.401113077189176,45.731143135208505,POP_GAP8:WP_02374,1,16992,45.507081649148155,0.5688385206143519,True,108.19964553699485,56.43345109267875,51.7661944443161,47.84321999152629,487.0056548919163,0.8879218660118132,486.1177330259045,99.81767729859136,1087.6777407103114,0.4062544926101778,1087.271486217701,99.96264936962442,1704.7773818808382,0.1728277564061509,1704.604554124432,99.98986215102083,627.719990382477,EX_039,D184|D185,2,1,0,,4,0,,False,False,P2S_0086,PROPOSED_STOP,FIELD_CHECK_PENDING,PROPOSED_STOP/FIELD_CHECK_PENDING,DERIVED_GATE_D_BUS_ELIGIBLE,HYPOTHESIS_NOT_RECOMMENDATION,False,DERIVED_FROM_REFERENCE_PERIOD_GTFS_PROXIMITY_NOT_CURRENT_SERVICE_GUARANTEE,150.0,220.0,55d726564e13acca55ce563cc911263ac513acb0,7c220f7586d0f6e5cccd14a2d518be52eb1c4a55,097058,Olgiate Molgora,2287,1961,FACT_ISTAT_2021_WORK_COMMUTING_MUNICIPAL_ONLY_NOT_STOP_DEMAND
1430856284,service,missing_lanes|missing_maxheight|missing_maxweight|missing_maxwidth|missing_width,0,529116.0148789013,5064261.196221461,9.374211689600056,45.73129393242201,POP_GAP8:WP_02351|POP_GAP8:WP_02352|POP_GAP8:WP_02440|POP_GAP8:WP_02441|POP_GAP8:WP_02442,5,7892,8.589672538784397,0.10737090673480496,True,72.65045443227676,72.65045443227676,0.0,0.0,513.3159599366114,340.1117690645049,173.20419087210652,33.74221812497223,887.0393549324722,347.7041015419034,539.3352533905686,60.80172772397755,1103.3920605124115,371.61610297825234,731.775957534159,66.32057486387248,944.3303957992974,EX_042,D184,1,3,3,Cereda|Crescenzaga|Sara,0,0,,False,False,P2S_0087,PROPOSED_STOP,FIELD_CHECK_PENDING,PROPOSED_STOP/FIELD_CHECK_PENDING,DERIVED_GATE_D_BUS_ELIGIBLE,HYPOTHESIS_NOT_RECOMMENDATION,False,DERIVED_FROM_REFERENCE_PERIOD_GTFS_PROXIMITY_NOT_CURRENT_SERVICE_GUARANTEE,150.0,220.0,55d726564e13acca55ce563cc911263ac513acb0,7c220f7586d0f6e5cccd14a2d518be52eb1c4a55,097092,La Valletta Brianza,1796,1521,FACT_ISTAT_2021_WORK_COMMUTING_MUNICIPAL_ONLY_NOT_STOP_DEMAND
432726032,unclassified,missing_lanes|missing_maxheight|missing_maxweight|missing_maxwidth|missing_width,2,533205.1631661003,5064266.052829132,9.426766154000537,45.73115342559458,POP_GAP8:WP_02388|POP_GAP8:WP_02389|POP_GAP8:WP_02390|POP_GAP8:WP_02391|POP_GAP8:WP_02392|POP_GAP8:WP_02486|POP_GAP8:WP_02487|POP_GAP8:WP_02488|POP_GAP8:WP_02489|POP_GAP8:WP_02490|POP_GAP8:WP_02491|POP_GAP8:WP_02588|POP_GAP8:WP_02589|POP_GAP8:WP_02590|POP_GAP8:WP_02591|POP_GAP8:WP_02689|POP_GAP8:WP_02690|POP_GAP8:WP_02691,18,23130,16.567334051241914,0.20709167564052394,True,0.5454889546119537,0.5454889546119537,0.0,0.0,88.73010839793389,22.43911793496288,66.290990462971,74.71081875125333,344.03766128609516,0.6799810572610417,343.357680228834,99.80235272652442,597.5305671643467,0.4810830123176795,597.0494841520291,99.91948813353588,844.2861065447997,EX_012,D150|D185,2,0,0,,0,0,,False,False,P2S_0088,PROPOSED_STOP,FIELD_CHECK_PENDING,PROPOSED_STOP/FIELD_CHECK_PENDING,DERIVED_GATE_D_BUS_ELIGIBLE,HYPOTHESIS_NOT_RECOMMENDATION,False,DERIVED_FROM_REFERENCE_PERIOD_GTFS_PROXIMITY_NOT_CURRENT_SERVICE_GUARANTEE,150.0,220.0,55d726564e13acca55ce563cc911263ac513acb0,7c220f7586d0f6e5cccd14a2d518be52eb1c4a55,097010,Brivio,1662,1339,FACT_ISTAT_2021_WORK_COMMUTING_MUNICIPAL_ONLY_NOT_STOP_DEMAND
704864561,primary,missing_maxheight|missing_maxweight|missing_maxwidth|missing_width,0,532645.9728827913,5064281.769495768,9.419580470317916,45.73132150263037,POP_GAP8:WP_02481,1,21512,8.564075333136158,0.10705094166420197,True,436.38731188131965,271.09857965451533,165.2887322268044,37.8766127535249,702.6609544826475,136.49428900915444,566.166665473493,80.57465864036062,1042.9680417744353,115.97436677300115,926.9936750014342,88.88035278859647,1723.8224343397019,29.743303473665307,1694.0791308660362,98.2745726658872,283.50410225375254,EX_016,D185,1,1,0,,0,0,,False,False,P2S_0089,PROPOSED_STOP,FIELD_CHECK_PENDING,PROPOSED_STOP/FIELD_CHECK_PENDING,DERIVED_GATE_D_BUS_ELIGIBLE,HYPOTHESIS_NOT_RECOMMENDATION,True,DERIVED_FROM_REFERENCE_PERIOD_GTFS_PROXIMITY_NOT_CURRENT_SERVICE_GUARANTEE,150.0,220.0,55d726564e13acca55ce563cc911263ac513acb0,7c220f7586d0f6e5cccd14a2d518be52eb1c4a55,097012,Calco,2173,1894,FACT_ISTAT_2021_WORK_COMMUTING_MUNICIPAL_ONLY_NOT_STOP_DEMAND
68633659,unclassified,missing_maxheight|missing_maxweight|missing_maxwidth|missing_width,0,527619.0188807113,5064314.4096834315,9.354975062847991,45.73183428127722,POP_GAP8:WP_02325|POP_GAP8:WP_02326|POP_GAP8:WP_02327|POP_GAP8:WP_02328|POP_GAP8:WP_02329|POP_GAP8:WP_02415|POP_GAP8:WP_02416|POP_GAP8:WP_02417,8,2823,1.2725008553172679,0.01590626069146585,True,95.716188219825,95.716188219825,0.0,0.0,155.80554786807926,155.80554786807926,0.0,0.0,176.8127658715846,176.8127658715846,0.0,0.0,199.58831822075743,199.58831822075743,0.0,0.0,1745.4390529525967,EX_027,D184,1,2,2,Bernaga inferiore|Pianello,0,0,,False,False,P2S_0090,PROPOSED_STOP,FIELD_CHECK_PENDING,PROPOSED_STOP/FIELD_CHECK_PENDING,DERIVED_GATE_D_BUS_ELIGIBLE,HYPOTHESIS_NOT_RECOMMENDATION,False,DERIVED_FROM_REFERENCE_PERIOD_GTFS_PROXIMITY_NOT_CURRENT_SERVICE_GUARANTEE,150.0,220.0,55d726564e13acca55ce563cc911263ac513acb0,7c220f7586d0f6e5cccd14a2d518be52eb1c4a55,097092,La Valletta Brianza,1796,1521,FACT_ISTAT_2021_WORK_COMMUTING_MUNICIPAL_ONLY_NOT_STOP_DEMAND
173605021,unclassified,missing_lanes|missing_maxheight|missing_maxweight|missing_maxwidth|missing_width,1,528335.4654526096,5064361.873060288,9.364185825658716,45.7322324997814,POP_GAP8:WP_02240|POP_GAP8:WP_02241|POP_GAP8:WP_02242|POP_GAP8:WP_02243|POP_GAP8:WP_02338|POP_GAP8:WP_02339|POP_GAP8:WP_02340|POP_GAP8:WP_02341|POP_GAP8:WP_02429|POP_GAP8:WP_02430|POP_GAP8:WP_02431|POP_GAP8:WP_02532|POP_GAP8:WP_02533,13,4867,16.65947426276444,0.2082434282845555,True,1.7773815052637982,1.7773815052637982,0.0,0.0,83.37086632323621,83.37086632323621,0.0,0.0,169.28119709506703,169.28119709506703,0.0,0.0,224.61114314679196,196.1821879363731,28.428955210418906,12.656965639429341,1306.148122654281,EX_042,D184,1,3,3,Campo|Cereda|Pianello,0,0,,False,False,P2S_0091,PROPOSED_STOP,FIELD_CHECK_PENDING,PROPOSED_STOP/FIELD_CHECK_PENDING,DERIVED_GATE_D_BUS_ELIGIBLE,HYPOTHESIS_NOT_RECOMMENDATION,False,DERIVED_FROM_REFERENCE_PERIOD_GTFS_PROXIMITY_NOT_CURRENT_SERVICE_GUARANTEE,150.0,220.0,55d726564e13acca55ce563cc911263ac513acb0,7c220f7586d0f6e5cccd14a2d518be52eb1c4a55,097092,La Valletta Brianza,1796,1521,FACT_ISTAT_2021_WORK_COMMUTING_MUNICIPAL_ONLY_NOT_STOP_DEMAND
173605036,unclassified,missing_lanes|missing_maxheight|missing_maxweight|missing_maxwidth|missing_width,0,528659.3075842711,5064365.409163671,9.368348178174767,45.73225098388064,POP_GAP8:WP_02141|POP_GAP8:WP_02142|POP_GAP8:WP_02244|POP_GAP8:WP_02245|POP_GAP8:WP_02246|POP_GAP8:WP_02247|POP_GAP8:WP_02342|POP_GAP8:WP_02343|POP_GAP8:WP_02344,9,5780,22.729948197091026,0.2841243524636378,True,61.00968325577253,61.00968325577253,0.0,0.0,106.160901540115,91.12159561498586,15.039305925129154,14.16652054282551,351.6772288623246,84.79225722888005,266.8849716334446,75.88918182073293,629.053834803387,138.66241932274554,490.39141548064146,77.95698688235723,979.4813630386392,EX_042,D184,1,1,1,Cereda,0,0,,False,False,P2S_0092,PROPOSED_STOP,FIELD_CHECK_PENDING,PROPOSED_STOP/FIELD_CHECK_PENDING,DERIVED_GATE_D_BUS_ELIGIBLE,HYPOTHESIS_NOT_RECOMMENDATION,False,DERIVED_FROM_REFERENCE_PERIOD_GTFS_PROXIMITY_NOT_CURRENT_SERVICE_GUARANTEE,150.0,220.0,55d726564e13acca55ce563cc911263ac513acb0,7c220f7586d0f6e5cccd14a2d518be52eb1c4a55,097092,La Valletta Brianza,1796,1521,FACT_ISTAT_2021_WORK_COMMUTING_MUNICIPAL_ONLY_NOT_STOP_DEMAND
191456223,unclassified,missing_lanes|missing_maxheight|missing_maxweight|missing_maxwidth|missing_width,0,527062.8332875724,5064373.925390911,9.347830114458706,45.73239194411677,POP_GAP8:WP_02220|POP_GAP8:WP_02221|POP_GAP8:WP_02222|POP_GAP8:WP_02223|POP_GAP8:WP_02224|POP_GAP8:WP_02319|POP_GAP8:WP_02320,7,1888,3.0826707682390677,0.038533384602988344,True,41.86647708500022,41.86647708500022,0.0,0.0,73.05186260008834,73.05186260008834,0.0,0.0,74.99510489375771,74.99510489375771,0.0,0.0,76.46865435117286,76.46865435117286,0.0,0.0,2083.503911473039,EX_027,D184,1,0,0,,0,0,,False,False,P2S_0093,PROPOSED_STOP,FIELD_CHECK_PENDING,PROPOSED_STOP/FIELD_CHECK_PENDING,DERIVED_GATE_D_BUS_ELIGIBLE,HYPOTHESIS_NOT_RECOMMENDATION,False,DERIVED_FROM_REFERENCE_PERIOD_GTFS_PROXIMITY_NOT_CURRENT_SERVICE_GUARANTEE,150.0,220.0,55d726564e13acca55ce563cc911263ac513acb0,7c220f7586d0f6e5cccd14a2d518be52eb1c4a55,097092,La Valletta Brianza,1796,1521,FACT_ISTAT_2021_WORK_COMMUTING_MUNICIPAL_ONLY_NOT_STOP_DEMAND
217453565,residential,missing_lanes|missing_maxheight|missing_maxweight|missing_maxwidth|missing_width,0,534520.3520246719,5064388.546754894,9.44367771966246,45.73219154415225,POP_GAP8:WP_02216|POP_GAP8:WP_02316|POP_GAP8:WP_02317|POP_GAP8:WP_02318|POP_GAP8:WP_02509|POP_GAP8:WP_02510,6,26775,14.28673379674473,0.17858417245930913,True,7.070515486993927,7.070515486993927,0.0,0.0,62.61513090866245,62.61513090866245,0.0,0.0,113.67741958043467,60.48113712141632,53.19628245901836,46.795821593556056,245.27041540388166,44.01692406052758,201.25349134335403,82.05371651201965,1147.325911854867,EX_015,D150|D170,2,0,0,,0,0,,False,False,P2S_0094,PROPOSED_STOP,FIELD_CHECK_PENDING,PROPOSED_STOP/FIELD_CHECK_PENDING,DERIVED_GATE_D_BUS_ELIGIBLE,HYPOTHESIS_NOT_RECOMMENDATION,False,DERIVED_FROM_REFERENCE_PERIOD_GTFS_PROXIMITY_NOT_CURRENT_SERVICE_GUARANTEE,150.0,220.0,55d726564e13acca55ce563cc911263ac513acb0,7c220f7586d0f6e5cccd14a2d518be52eb1c4a55,097010,Brivio,1662,1339,FACT_ISTAT_2021_WORK_COMMUTING_MUNICIPAL_ONLY_NOT_STOP_DEMAND
48540216,residential,missing_maxheight|missing_maxweight|missing_maxwidth|missing_width,1,530853.6158889101,5064398.415630522,9.396552309421843,45.732453656431055,POP_GAP8:WP_02175|POP_GAP8:WP_02176|POP_GAP8:WP_02177|POP_GAP8:WP_02275|POP_GAP8:WP_02370|POP_GAP8:WP_02371,6,15671,0.5524803342922793,0.006906004178653491,True,71.30519470068116,71.20276918471792,0.1024255159632381,0.1436438346367206,309.17872945021276,145.19254501832705,163.98618443188576,53.03928401655863,569.4495102360706,147.1728147900889,422.2766954459818,74.15524780606502,1118.925076440495,55.93271624103701,1062.9923601994583,95.0012098737684,672.5183760020868,EX_018,D148,1,2,1,Bruggione,1,0,,False,False,P2S_0095,PROPOSED_STOP,FIELD_CHECK_PENDING,PROPOSED_STOP/FIELD_CHECK_PENDING,DERIVED_GATE_D_BUS_ELIGIBLE,HYPOTHESIS_NOT_RECOMMENDATION,False,DERIVED_FROM_REFERENCE_PERIOD_GTFS_PROXIMITY_NOT_CURRENT_SERVICE_GUARANTEE,150.0,220.0,55d726564e13acca55ce563cc911263ac513acb0,7c220f7586d0f6e5cccd14a2d518be52eb1c4a55,097058,Olgiate Molgora,2287,1961,FACT_ISTAT_2021_WORK_COMMUTING_MUNICIPAL_ONLY_NOT_STOP_DEMAND
432726032,unclassified,missing_lanes|missing_maxheight|missing_maxweight|missing_maxwidth|missing_width,0,532949.7654009336,5064420.636715241,9.423494285291815,45.732556974940664,POP_GAP8:WP_02386|POP_GAP8:WP_02387|POP_GAP8:WP_02485|POP_GAP8:WP_02486|POP_GAP8:WP_02487,5,22421,10.306699223629085,0.12883374029536357,True,163.7992629276352,141.19194239097297,22.607320536662204,13.801845095389641,495.8230648630591,107.69395913266267,388.12910573039636,78.27976010708446,689.5728384432466,51.72550477970142,637.8473336635452,92.49890629444238,1104.2462533209646,29.872627343427055,1074.3736259775376,97.29474949508892,564.8995049915945,EX_012,D150|D185,2,0,0,,0,0,,False,False,P2S_0096,PROPOSED_STOP,FIELD_CHECK_PENDING,PROPOSED_STOP/FIELD_CHECK_PENDING,DERIVED_GATE_D_BUS_ELIGIBLE,HYPOTHESIS_NOT_RECOMMENDATION,False,DERIVED_FROM_REFERENCE_PERIOD_GTFS_PROXIMITY_NOT_CURRENT_SERVICE_GUARANTEE,150.0,220.0,55d726564e13acca55ce563cc911263ac513acb0,7c220f7586d0f6e5cccd14a2d518be52eb1c4a55,097010,Brivio,1662,1339,FACT_ISTAT_2021_WORK_COMMUTING_MUNICIPAL_ONLY_NOT_STOP_DEMAND
136288680,residential,missing_lanes|missing_maxheight|missing_maxweight|missing_maxwidth|missing_width,0,527825.3230809725,5064445.934867936,9.357634103509557,45.73300981706299,POP_GAP8:WP_02028|POP_GAP8:WP_02130|POP_GAP8:WP_02131|POP_GAP8:WP_02233|POP_GAP8:WP_02234|POP_GAP8:WP_02331,6,3507,38.27015736007648,0.478376967000956,True,83.01207030712852,83.01207030712852,0.0,0.0,174.76676732312757,174.76676732312757,0.0,0.0,193.72204388705524,193.72204388705524,0.0,0.0,239.84315252568382,221.17908487691366,18.664067648770132,7.781780489552009,1582.1184230917565,EX_027,D184,1,1,1,Bernaga inferiore,0,0,,False,False,P2S_0097,PROPOSED_STOP,FIELD_CHECK_PENDING,PROPOSED_STOP/FIELD_CHECK_PENDING,DERIVED_GATE_D_BUS_ELIGIBLE,HYPOTHESIS_NOT_RECOMMENDATION,False,DERIVED_FROM_REFERENCE_PERIOD_GTFS_PROXIMITY_NOT_CURRENT_SERVICE_GUARANTEE,150.0,220.0,55d726564e13acca55ce563cc911263ac513acb0,7c220f7586d0f6e5cccd14a2d518be52eb1c4a55,097092,La Valletta Brianza,1796,1521,FACT_ISTAT_2021_WORK_COMMUTING_MUNICIPAL_ONLY_NOT_STOP_DEMAND
1264830934,residential,missing_lanes|missing_maxheight|missing_maxweight|missing_maxwidth|missing_width,0,531436.539216837,5064471.959242998,9.404049035778927,45.7330893397545,POP_GAP8:WP_02075|POP_GAP8:WP_02076,2,17665,1.926983780052283,0.02408729725065354,True,314.69326047465586,60.09322752654554,254.60003294811034,80.90418986542447,920.9046469648335,17.87764631297116,903.0270006518625,98.05868649138723,1507.9998944303754,21.530726380418816,1486.469168049957,98.57223289869319,2281.507927141142,28.752775189369785,2252.755151951772,98.73974686446087,326.3399045044631,EX_011,D184|D185,2,2,0,,4,0,,False,False,P2S_0098,PROPOSED_STOP,FIELD_CHECK_PENDING,PROPOSED_STOP/FIELD_CHECK_PENDING,DERIVED_GATE_D_BUS_ELIGIBLE,HYPOTHESIS_NOT_RECOMMENDATION,False,DERIVED_FROM_REFERENCE_PERIOD_GTFS_PROXIMITY_NOT_CURRENT_SERVICE_GUARANTEE,150.0,220.0,55d726564e13acca55ce563cc911263ac513acb0,7c220f7586d0f6e5cccd14a2d518be52eb1c4a55,097058,Olgiate Molgora,2287,1961,FACT_ISTAT_2021_WORK_COMMUTING_MUNICIPAL_ONLY_NOT_STOP_DEMAND
1387597650,service,missing_lanes|missing_maxheight|missing_maxweight|missing_maxwidth|missing_width,0,533871.2268990595,5064509.970118476,9.435343483589149,45.73331650904722,POP_GAP8:WP_02205|POP_GAP8:WP_02206|POP_GAP8:WP_02210|POP_GAP8:WP_02305|POP_GAP8:WP_02306|POP_GAP8:WP_02310|POP_GAP8:WP_02311|POP_GAP8:WP_02398|POP_GAP8:WP_02399|POP_GAP8:WP_02400|POP_GAP8:WP_02401|POP_GAP8:WP_02402|POP_GAP8:WP_02403|POP_GAP8:WP_02499,14,24914,1.27446294314334,0.015930786789291752,True,125.3885307077402,42.54530867858458,82.84322202915561,66.06921826227422,349.92158487870944,3.4839860987511204,346.4375987799583,99.00435233226361,629.3191726599185,8.124813533520951,621.1943591263976,98.70895185042907,821.3269697773392,0.40403451693686526,820.9229352604023,99.95080710462406,432.54484674647637,EX_004,D148|D150|D185,3,1,0,,0,0,,False,False,P2S_0099,PROPOSED_STOP,FIELD_CHECK_PENDING,PROPOSED_STOP/FIELD_CHECK_PENDING,DERIVED_GATE_D_BUS_ELIGIBLE,HYPOTHESIS_NOT_RECOMMENDATION,False,DERIVED_FROM_REFERENCE_PERIOD_GTFS_PROXIMITY_NOT_CURRENT_SERVICE_GUARANTEE,150.0,220.0,55d726564e13acca55ce563cc911263ac513acb0,7c220f7586d0f6e5cccd14a2d518be52eb1c4a55,097010,Brivio,1662,1339,FACT_ISTAT_2021_WORK_COMMUTING_MUNICIPAL_ONLY_NOT_STOP_DEMAND
1386289716,service,missing_lanes|missing_maxheight|missing_maxweight|missing_maxwidth|missing_width,0,533612.9230033504,5064562.826923163,9.432027293433208,45.733804848947685,POP_GAP8:WP_02205|POP_GAP8:WP_02206|POP_GAP8:WP_02301|POP_GAP8:WP_02302|POP_GAP8:WP_02303|POP_GAP8:WP_02305|POP_GAP8:WP_02306|POP_GAP8:WP_02396|POP_GAP8:WP_02397|POP_GAP8:WP_02398,10,24260,6.13821195592677,0.07672764944908463,True,150.7225356783964,83.8241821117128,66.89835356668358,44.38510357165678,559.529208669932,1.0706994539803953,558.4585092159516,99.80864279515889,957.5566814823892,14.58964127310071,942.9670402092887,98.47636786884362,1366.1926233263089,0.3953193148376174,1365.7973040114712,99.97106415976137,503.18920895133414,EX_012,D150|D185,2,1,0,,2,0,,False,False,P2S_0100,PROPOSED_STOP,FIELD_CHECK_PENDING,PROPOSED_STOP/FIELD_CHECK_PENDING,DERIVED_GATE_D_BUS_ELIGIBLE,HYPOTHESIS_NOT_RECOMMENDATION,False,DERIVED_FROM_REFERENCE_PERIOD_GTFS_PROXIMITY_NOT_CURRENT_SERVICE_GUARANTEE,150.0,220.0,55d726564e13acca55ce563cc911263ac513acb0,7c220f7586d0f6e5cccd14a2d518be52eb1c4a55,097010,Brivio,1662,1339,FACT_ISTAT_2021_WORK_COMMUTING_MUNICIPAL_ONLY_NOT_STOP_DEMAND
1430856299,service,missing_lanes|missing_maxheight|missing_maxweight|missing_maxwidth|missing_width,0,530579.837223946,5064575.406602577,9.393044772626247,45.734058832061464,POP_GAP8:WP_02064|POP_GAP8:WP_02065,2,14489,14.05132016115771,0.17564150201447137,True,130.96303299927985,130.96303299927985,0.0,0.0,386.32116604597076,133.73516818188773,252.58599786408305,65.38238648669493,598.8107505336563,147.38361287919142,451.4271376544649,75.38728008008472,821.5829810955224,55.93271624103701,765.6502648544855,93.1920794943373,784.1932530155342,EX_037,D148,1,2,1,Bruggione,0,0,,False,False,P2S_0101,PROPOSED_STOP,FIELD_CHECK_PENDING,PROPOSED_STOP/FIELD_CHECK_PENDING,DERIVED_GATE_D_BUS_ELIGIBLE,HYPOTHESIS_NOT_RECOMMENDATION,False,DERIVED_FROM_REFERENCE_PERIOD_GTFS_PROXIMITY_NOT_CURRENT_SERVICE_GUARANTEE,150.0,220.0,55d726564e13acca55ce563cc911263ac513acb0,7c220f7586d0f6e5cccd14a2d518be52eb1c4a55,097058,Olgiate Molgora,2287,1961,FACT_ISTAT_2021_WORK_COMMUTING_MUNICIPAL_ONLY_NOT_STOP_DEMAND
72100681,residential,missing_lanes|missing_maxheight|missing_maxweight|missing_maxwidth|missing_width,0,527459.601634152,5064577.699337137,9.35294110962455,45.734210392424224,POP_GAP8:WP_02019|POP_GAP8:WP_02020|POP_GAP8:WP_02021|POP_GAP8:WP_02022|POP_GAP8:WP_02122|POP_GAP8:WP_02123|POP_GAP8:WP_02124|POP_GAP8:WP_02226,8,2554,7.124028681894244,0.08905035852367806,True,35.015434142471186,35.015434142471186,0.0,0.0,120.30826024982046,120.30826024982046,0.0,0.0,157.46576314057506,157.46576314057506,0.0,0.0,222.85983408785768,222.85983408785768,0.0,0.0,1514.849654014407,EX_027,D184,1,1,1,Bernaga inferiore,0,0,,False,False,P2S_0102,PROPOSED_STOP,FIELD_CHECK_PENDING,PROPOSED_STOP/FIELD_CHECK_PENDING,DERIVED_GATE_D_BUS_ELIGIBLE,HYPOTHESIS_NOT_RECOMMENDATION,False,DERIVED_FROM_REFERENCE_PERIOD_GTFS_PROXIMITY_NOT_CURRENT_SERVICE_GUARANTEE,150.0,220.0,55d726564e13acca55ce563cc911263ac513acb0,7c220f7586d0f6e5cccd14a2d518be52eb1c4a55,097092,La Valletta Brianza,1796,1521,FACT_ISTAT_2021_WORK_COMMUTING_MUNICIPAL_ONLY_NOT_STOP_DEMAND
173735246,residential,missing_lanes|missing_maxheight|missing_maxweight|missing_maxwidth|missing_width,2,529586.839697884,5064578.13445896,9.380282161652868,45.734126577306085,POP_GAP8:WP_02155|POP_GAP8:WP_02156|POP_GAP8:WP_02259|POP_GAP8:WP_02260|POP_GAP8:WP_02261,5,10152,5.033270160986995,0.06291587701233745,True,301.8659386203799,65.88848319719737,235.97745542318248,78.17293216375188,479.9584677523048,22.630998214959522,457.3274695373453,95.28480072016589,581.4765197182616,60.86950320339217,520.6070165148693,89.53190694047545,897.2959418895293,88.60316011957084,808.6927817699584,90.12553651663796,230.3523788440334,EX_026,D184,1,1,0,,0,0,,False,False,P2S_0103,PROPOSED_STOP,FIELD_CHECK_PENDING,PROPOSED_STOP/FIELD_CHECK_PENDING,DERIVED_GATE_D_BUS_ELIGIBLE,HYPOTHESIS_NOT_RECOMMENDATION,True,DERIVED_FROM_REFERENCE_PERIOD_GTFS_PROXIMITY_NOT_CURRENT_SERVICE_GUARANTEE,150.0,220.0,55d726564e13acca55ce563cc911263ac513acb0,7c220f7586d0f6e5cccd14a2d518be52eb1c4a55,097092,La Valletta Brianza,1796,1521,FACT_ISTAT_2021_WORK_COMMUTING_MUNICIPAL_ONLY_NOT_STOP_DEMAND
1175283692,residential,missing_lanes|missing_maxheight|missing_maxweight|missing_maxwidth|missing_width,0,528849.0031792573,5064581.2339552725,9.37079907395145,45.734185645482235,POP_GAP8:WP_02043,1,6749,21.332043021447028,0.26665053776808784,True,525.0080218400119,320.8689636460571,204.1390581939547,38.883036011240776,958.2281622172552,194.40580641145223,763.8223558058028,79.71195023514916,1400.6324351629682,32.02930921582557,1368.603125947143,97.71322522513921,1955.2466154539989,99.92427922607706,1855.3223362279216,94.88942834953455,436.6403587246709,EX_042,D184,1,1,0,,3,0,,False,False,P2S_0104,PROPOSED_STOP,FIELD_CHECK_PENDING,PROPOSED_STOP/FIELD_CHECK_PENDING,DERIVED_GATE_D_BUS_ELIGIBLE,HYPOTHESIS_NOT_RECOMMENDATION,False,DERIVED_FROM_REFERENCE_PERIOD_GTFS_PROXIMITY_NOT_CURRENT_SERVICE_GUARANTEE,150.0,220.0,55d726564e13acca55ce563cc911263ac513acb0,7c220f7586d0f6e5cccd14a2d518be52eb1c4a55,097092,La Valletta Brianza,1796,1521,FACT_ISTAT_2021_WORK_COMMUTING_MUNICIPAL_ONLY_NOT_STOP_DEMAND
1299498892,primary,missing_maxheight|missing_maxweight|missing_maxwidth|missing_width,6,533397.6472657741,5064610.112622823,9.429263691203305,45.734240873469275,POP_GAP8:WP_02301,1,23793,0.7554948859028061,0.009443686073785077,True,223.8446295760917,66.56580540311224,157.27882417297945,70.262496121005,604.003530854169,0.6872793965112702,603.3162514576576,99.88621268562132,1105.3023327734866,0.19758059191786922,1105.1047521815685,99.98212429431663,1710.9846159155795,0.0,1710.9846159155795,100.0,203.13955006898755,EX_012,D150|D185,2,1,0,,2,0,,False,False,P2S_0105,PROPOSED_STOP,FIELD_CHECK_PENDING,PROPOSED_STOP/FIELD_CHECK_PENDING,DERIVED_GATE_D_BUS_ELIGIBLE,HYPOTHESIS_NOT_RECOMMENDATION,True,DERIVED_FROM_REFERENCE_PERIOD_GTFS_PROXIMITY_NOT_CURRENT_SERVICE_GUARANTEE,150.0,220.0,55d726564e13acca55ce563cc911263ac513acb0,7c220f7586d0f6e5cccd14a2d518be52eb1c4a55,097010,Brivio,1662,1339,FACT_ISTAT_2021_WORK_COMMUTING_MUNICIPAL_ONLY_NOT_STOP_DEMAND
143947217,tertiary,missing_maxheight|missing_maxweight|missing_maxwidth|missing_width,0,527159.7110014707,5064616.982699563,9.349088859796062,45.73457580803922,POP_GAP8:WP_01658|POP_GAP8:WP_01659|POP_GAP8:WP_01780|POP_GAP8:WP_01781|POP_GAP8:WP_01782|POP_GAP8:WP_01902|POP_GAP8:WP_01903|POP_GAP8:WP_01904|POP_GAP8:WP_01905|POP_GAP8:WP_02015|POP_GAP8:WP_02016|POP_GAP8:WP_02017|POP_GAP8:WP_02018|POP_GAP8:WP_02122,14,2049,3.013420195685962,0.03766775244607452,True,58.87196256058202,58.87196256058202,0.0,0.0,81.61346433457497,81.61346433457497,0.0,0.0,107.46098780011219,107.46098780011219,0.0,0.0,116.8509405894621,116.8509405894621,0.0,0.0,1720.8865279284967,EX_027,D184,1,0,0,,0,0,,False,False,P2S_0106,PROPOSED_STOP,FIELD_CHECK_PENDING,PROPOSED_STOP/FIELD_CHECK_PENDING,DERIVED_GATE_D_BUS_ELIGIBLE,HYPOTHESIS_NOT_RECOMMENDATION,False,DERIVED_FROM_REFERENCE_PERIOD_GTFS_PROXIMITY_NOT_CURRENT_SERVICE_GUARANTEE,150.0,220.0,55d726564e13acca55ce563cc911263ac513acb0,7c220f7586d0f6e5cccd14a2d518be52eb1c4a55,097092,La Valletta Brianza,1796,1521,FACT_ISTAT_2021_WORK_COMMUTING_MUNICIPAL_ONLY_NOT_STOP_DEMAND
682102304,residential,missing_lanes|missing_maxheight|missing_maxweight|missing_maxwidth|missing_width,0,531912.6197557793,5064628.559067614,9.41017818750711,45.734477018979334,POP_GAP8:WP_01974|POP_GAP8:WP_01975,2,19336,19.486315990768183,0.2435789498846023,True,149.50747320900314,87.76721501955288,61.740258189450266,41.29576727120578,589.8887858243893,84.65479732480202,505.2339884995873,85.64902412808306,1141.359060861582,22.99662264423721,1118.362438217345,97.98515441522167,1545.489147556232,0.0,1545.489147556232,100.0,569.3364055770008,EX_011,D184|D185,2,2,0,,1,0,,False,False,P2S_0107,PROPOSED_STOP,FIELD_CHECK_PENDING,PROPOSED_STOP/FIELD_CHECK_PENDING,DERIVED_GATE_D_BUS_ELIGIBLE,HYPOTHESIS_NOT_RECOMMENDATION,False,DERIVED_FROM_REFERENCE_PERIOD_GTFS_PROXIMITY_NOT_CURRENT_SERVICE_GUARANTEE,150.0,220.0,55d726564e13acca55ce563cc911263ac513acb0,7c220f7586d0f6e5cccd14a2d518be52eb1c4a55,097058,Olgiate Molgora,2287,1961,FACT_ISTAT_2021_WORK_COMMUTING_MUNICIPAL_ONLY_NOT_STOP_DEMAND
136292117,service,missing_lanes|missing_maxheight|missing_maxweight|missing_maxwidth|missing_width,0,528111.5083976133,5064652.84043383,9.361324330180368,45.734860515646986,POP_GAP8:WP_01916|POP_GAP8:WP_01917|POP_GAP8:WP_01918|POP_GAP8:WP_01919|POP_GAP8:WP_01920|POP_GAP8:WP_02029|POP_GAP8:WP_02030|POP_GAP8:WP_02031,8,4115,5.264709740975598,0.06580887176219498,True,75.52449280712703,75.52449280712703,0.0,0.0,144.86812897320476,118.00896349748197,26.859165475722794,18.54042408505928,305.3564024490257,132.7219361111566,172.63446633786918,56.53540091293409,527.6058585686828,88.99470076794086,438.61115780074203,83.13235167453024,829.667651237659,EX_027,D184,1,2,2,Campo|Perego,1,1,OSM amenity:townhall 143996275,False,False,P2S_0108,PROPOSED_STOP,FIELD_CHECK_PENDING,PROPOSED_STOP/FIELD_CHECK_PENDING,DERIVED_GATE_D_BUS_ELIGIBLE,HYPOTHESIS_NOT_RECOMMENDATION,False,DERIVED_FROM_REFERENCE_PERIOD_GTFS_PROXIMITY_NOT_CURRENT_SERVICE_GUARANTEE,150.0,220.0,55d726564e13acca55ce563cc911263ac513acb0,7c220f7586d0f6e5cccd14a2d518be52eb1c4a55,097092,La Valletta Brianza,1796,1521,FACT_ISTAT_2021_WORK_COMMUTING_MUNICIPAL_ONLY_NOT_STOP_DEMAND
55503485,residential,missing_lanes|missing_maxheight|missing_maxweight|missing_maxwidth|missing_width,5,534644.3640730476,5064659.104656926,9.445290906351879,45.73462049842496,POP_GAP8:WP_02009|POP_GAP8:WP_02010|POP_GAP8:WP_02011|POP_GAP8:WP_02113|POP_GAP8:WP_02114,5,27147,2.490982351755519,0.03113727939694399,True,15.91301380334632,15.91301380334632,0.0,0.0,24.809670570176724,19.260783326926813,5.548887243249912,22.365823953826027,75.93500972599199,23.784058583454446,52.150951142537544,68.67840187381535,262.01927729056814,27.702357484800142,234.31691980576798,89.42735902058098,1018.5258500616395,EX_009,D185,1,0,0,,0,0,,False,False,P2S_0109,PROPOSED_STOP,FIELD_CHECK_PENDING,PROPOSED_STOP/FIELD_CHECK_PENDING,DERIVED_GATE_D_BUS_ELIGIBLE,HYPOTHESIS_NOT_RECOMMENDATION,False,DERIVED_FROM_REFERENCE_PERIOD_GTFS_PROXIMITY_NOT_CURRENT_SERVICE_GUARANTEE,150.0,220.0,55d726564e13acca55ce563cc911263ac513acb0,7c220f7586d0f6e5cccd14a2d518be52eb1c4a55,097010,Brivio,1662,1339,FACT_ISTAT_2021_WORK_COMMUTING_MUNICIPAL_ONLY_NOT_STOP_DEMAND
220010350,service,missing_lanes|missing_maxheight|missing_maxweight|missing_maxwidth|missing_width,0,528557.0927971466,5064673.890534326,9.367052662718919,45.73503172324547,POP_GAP8:WP_01802|POP_GAP8:WP_01923|POP_GAP8:WP_01924|POP_GAP8:WP_01925|POP_GAP8:WP_02036|POP_GAP8:WP_02037|POP_GAP8:WP_02038,7,5464,10.361731116643606,0.12952163895804508,True,185.23196021873562,92.8631799745413,92.36878024419433,49.866545781364316,700.7578984999762,47.35833889710681,653.3995596028694,93.2418401564248,1365.931977269257,23.21728907450363,1342.7146881947533,98.30026022811771,2269.5705300173754,30.663839708361074,2238.9066903090143,98.64891443985545,659.9285528366983,EX_042,D184,1,0,0,,0,0,,False,False,P2S_0110,PROPOSED_STOP,FIELD_CHECK_PENDING,PROPOSED_STOP/FIELD_CHECK_PENDING,DERIVED_GATE_D_BUS_ELIGIBLE,HYPOTHESIS_NOT_RECOMMENDATION,False,DERIVED_FROM_REFERENCE_PERIOD_GTFS_PROXIMITY_NOT_CURRENT_SERVICE_GUARANTEE,150.0,220.0,55d726564e13acca55ce563cc911263ac513acb0,7c220f7586d0f6e5cccd14a2d518be52eb1c4a55,097092,La Valletta Brianza,1796,1521,FACT_ISTAT_2021_WORK_COMMUTING_MUNICIPAL_ONLY_NOT_STOP_DEMAND
193940016,unclassified,missing_lanes|missing_maxheight|missing_maxweight|missing_maxwidth|missing_width,0,530907.9396474304,5064675.094687308,9.397268156010044,45.734941494431716,POP_GAP8:WP_01838|POP_GAP8:WP_01958|POP_GAP8:WP_01959|POP_GAP8:WP_01960|POP_GAP8:WP_01961|POP_GAP8:WP_01962|POP_GAP8:WP_02069|POP_GAP8:WP_02070|POP_GAP8:WP_02071|POP_GAP8:WP_02072|POP_GAP8:WP_02073,11,15855,3.510882472493701,0.04388603090617126,True,99.82410086487168,99.82410086487168,0.0,0.0,272.3895025227358,212.00274079430804,60.3867617284278,22.169269068431678,399.9771733799714,165.0969896384793,234.88018374149217,58.72339707705271,594.0284854494635,89.8305657274125,504.1979197220509,84.8777343296183,1061.8037336585776,EX_023,D184,1,2,1,Bruggione,0,0,,False,False,P2S_0111,PROPOSED_STOP,FIELD_CHECK_PENDING,PROPOSED_STOP/FIELD_CHECK_PENDING,DERIVED_GATE_D_BUS_ELIGIBLE,HYPOTHESIS_NOT_RECOMMENDATION,False,DERIVED_FROM_REFERENCE_PERIOD_GTFS_PROXIMITY_NOT_CURRENT_SERVICE_GUARANTEE,150.0,220.0,55d726564e13acca55ce563cc911263ac513acb0,7c220f7586d0f6e5cccd14a2d518be52eb1c4a55,097058,Olgiate Molgora,2287,1961,FACT_ISTAT_2021_WORK_COMMUTING_MUNICIPAL_ONLY_NOT_STOP_DEMAND
1463993545,service,missing_lanes|missing_maxheight|missing_maxweight|missing_maxwidth|missing_width,0,534043.0270697941,5064705.074844189,9.437565263115342,45.73506411463403,POP_GAP8:WP_02002|POP_GAP8:WP_02105|POP_GAP8:WP_02106|POP_GAP8:WP_02107|POP_GAP8:WP_02210|POP_GAP8:WP_02211|POP_GAP8:WP_02212|POP_GAP8:WP_02310|POP_GAP8:WP_02311,9,25293,1.6355080397707147,0.020443850497133934,True,212.73747130355557,125.76448939747408,86.97298190608151,40.88277508101973,510.904074061993,94.47678503023067,416.42728903176237,81.50792099207906,735.2291054478987,86.4721475626369,648.7569578852615,88.23874804167896,992.2230137122006,22.858334082823202,969.3646796293773,97.69625036237535,374.2541109056728,EX_004,D148|D150|D185,3,1,0,,0,0,,False,False,P2S_0112,PROPOSED_STOP,FIELD_CHECK_PENDING,PROPOSED_STOP/FIELD_CHECK_PENDING,DERIVED_GATE_D_BUS_ELIGIBLE,HYPOTHESIS_NOT_RECOMMENDATION,False,DERIVED_FROM_REFERENCE_PERIOD_GTFS_PROXIMITY_NOT_CURRENT_SERVICE_GUARANTEE,150.0,220.0,55d726564e13acca55ce563cc911263ac513acb0,7c220f7586d0f6e5cccd14a2d518be52eb1c4a55,097010,Brivio,1662,1339,FACT_ISTAT_2021_WORK_COMMUTING_MUNICIPAL_ONLY_NOT_STOP_DEMAND
374866166,residential,missing_lanes|missing_maxheight|missing_maxweight|missing_maxwidth|missing_width,0,526885.4123295393,5064708.378422034,9.345568386356128,45.73540914196086,POP_GAP8:WP_01653|POP_GAP8:WP_01776|POP_GAP8:WP_01777|POP_GAP8:WP_01899|POP_GAP8:WP_01900,5,1672,33.0389857880094,0.4129873223501175,True,69.54349213837254,69.54349213837254,0.0,0.0,71.80795171790663,71.80795171790663,0.0,0.0,73.13269898347947,73.13269898347947,0.0,0.0,74.23250821546301,74.23250821546301,0.0,0.0,2166.1043395177044,EX_027,D184,1,0,0,,0,0,,False,False,P2S_0113,PROPOSED_STOP,FIELD_CHECK_PENDING,PROPOSED_STOP/FIELD_CHECK_PENDING,DERIVED_GATE_D_BUS_ELIGIBLE,HYPOTHESIS_NOT_RECOMMENDATION,False,DERIVED_FROM_REFERENCE_PERIOD_GTFS_PROXIMITY_NOT_CURRENT_SERVICE_GUARANTEE,150.0,220.0,55d726564e13acca55ce563cc911263ac513acb0,7c220f7586d0f6e5cccd14a2d518be52eb1c4a55,097092,La Valletta Brianza,1796,1521,FACT_ISTAT_2021_WORK_COMMUTING_MUNICIPAL_ONLY_NOT_STOP_DEMAND
173735246,residential,missing_lanes|missing_maxheight|missing_maxweight|missing_maxwidth|missing_width,0,529350.0290916503,5064733.825952339,9.37724791704698,45.735537979442014,POP_GAP8:WP_01935|POP_GAP8:WP_02049,2,9123,6.7037867047747195,0.08379733380968399,True,274.77159308559817,76.64350931635009,198.12808376924812,72.10646542618629,501.41436549450674,1.2440768547054546,500.17028863980124,99.75188647547452,827.689220370722,22.16653235995005,805.5226880107721,97.32187736478899,1207.8946075961942,65.6730373993231,1142.221570196871,94.56301592984029,313.7361428086198,EX_024,D184,1,1,0,,2,0,,False,False,P2S_0114,PROPOSED_STOP,FIELD_CHECK_PENDING,PROPOSED_STOP/FIELD_CHECK_PENDING,DERIVED_GATE_D_BUS_ELIGIBLE,HYPOTHESIS_NOT_RECOMMENDATION,False,DERIVED_FROM_REFERENCE_PERIOD_GTFS_PROXIMITY_NOT_CURRENT_SERVICE_GUARANTEE,150.0,220.0,55d726564e13acca55ce563cc911263ac513acb0,7c220f7586d0f6e5cccd14a2d518be52eb1c4a55,097092,La Valletta Brianza,1796,1521,FACT_ISTAT_2021_WORK_COMMUTING_MUNICIPAL_ONLY_NOT_STOP_DEMAND
1462825435,service,missing_lanes|missing_maxheight|missing_maxweight|missing_maxwidth|missing_width,0,527719.7575761175,5064753.16196891,9.356294898947706,45.735779281349174,POP_GAP8:WP_01788|POP_GAP8:WP_01789|POP_GAP8:WP_01790|POP_GAP8:WP_01912,4,3072,4.6762871936974495,0.058453589921218116,True,28.6851811578983,28.6851811578983,0.0,0.0,125.07809214966233,125.07809214966233,0.0,0.0,272.6445499400907,179.1982592373041,93.44629070278661,34.27403581818157,392.7202874179614,176.9392668438704,215.78102057409097,54.94521864220403,1147.9231501067977,EX_027,D184,1,1,1,Bernaga inferiore,1,1,OSM amenity:townhall 143996275,False,False,P2S_0115,PROPOSED_STOP,FIELD_CHECK_PENDING,PROPOSED_STOP/FIELD_CHECK_PENDING,DERIVED_GATE_D_BUS_ELIGIBLE,HYPOTHESIS_NOT_RECOMMENDATION,False,DERIVED_FROM_REFERENCE_PERIOD_GTFS_PROXIMITY_NOT_CURRENT_SERVICE_GUARANTEE,150.0,220.0,55d726564e13acca55ce563cc911263ac513acb0,7c220f7586d0f6e5cccd14a2d518be52eb1c4a55,097092,La Valletta Brianza,1796,1521,FACT_ISTAT_2021_WORK_COMMUTING_MUNICIPAL_ONLY_NOT_STOP_DEMAND
1463441159,service,missing_lanes|missing_maxheight|missing_maxweight|missing_maxwidth|missing_width,0,532160.4335377954,5064755.9011118105,9.413371752052472,45.7356116854537,POP_GAP8:WP_01857,1,20191,0.1365867313818798,0.0017073341422734975,True,400.62794475406616,364.8142012191499,35.813743534916306,8.939402256849887,940.1171200043449,325.9145370711818,614.2025829331632,65.33256015275252,1366.6126771442161,154.4900515459639,1212.1226255982522,88.69540330411695,1891.820205064628,58.836738544527655,1832.9834665201004,96.88994026033686,703.0100445294561,EX_035,D148|D150|D185,3,1,0,,1,0,,False,False,P2S_0116,PROPOSED_STOP,FIELD_CHECK_PENDING,PROPOSED_STOP/FIELD_CHECK_PENDING,DERIVED_GATE_D_BUS_ELIGIBLE,HYPOTHESIS_NOT_RECOMMENDATION,False,DERIVED_FROM_REFERENCE_PERIOD_GTFS_PROXIMITY_NOT_CURRENT_SERVICE_GUARANTEE,150.0,220.0,55d726564e13acca55ce563cc911263ac513acb0,7c220f7586d0f6e5cccd14a2d518be52eb1c4a55,097058,Olgiate Molgora,2287,1961,FACT_ISTAT_2021_WORK_COMMUTING_MUNICIPAL_ONLY_NOT_STOP_DEMAND
193862565,residential,missing_lanes|missing_maxheight|missing_maxweight|missing_maxwidth|missing_width,0,529854.4527482222,5064757.478944515,9.383732792989157,45.73572927822118,POP_GAP8:WP_01699,1,11351,5.670853331619556,0.07088566664524446,True,119.61521768058833,6.682613728836047,112.93260395175227,94.41324117581694,297.2558797529037,1.0664508562241028,296.1894288966796,99.6412347311311,482.5464374951441,0.0,482.5464374951441,100.0,669.3866002887899,0.0,669.3866002887899,100.0,177.2209847176912,EX_026,D184,1,1,0,,0,0,,False,False,P2S_0117,PROPOSED_STOP,FIELD_CHECK_PENDING,PROPOSED_STOP/FIELD_CHECK_PENDING,DERIVED_GATE_D_BUS_ELIGIBLE,HYPOTHESIS_NOT_RECOMMENDATION,True,DERIVED_FROM_REFERENCE_PERIOD_GTFS_PROXIMITY_NOT_CURRENT_SERVICE_GUARANTEE,150.0,220.0,55d726564e13acca55ce563cc911263ac513acb0,7c220f7586d0f6e5cccd14a2d518be52eb1c4a55,097074,Santa Maria Hoè,836,724,FACT_ISTAT_2021_WORK_COMMUTING_MUNICIPAL_ONLY_NOT_STOP_DEMAND
1463993560,service,missing_lanes|missing_maxheight|missing_maxweight|missing_maxwidth|missing_width,0,534321.7671958853,5064792.038095642,9.44115405012939,45.73583305001236,POP_GAP8:WP_01890|POP_GAP8:WP_01891|POP_GAP8:WP_02004|POP_GAP8:WP_02005|POP_GAP8:WP_02006|POP_GAP8:WP_02108|POP_GAP8:WP_02109|POP_GAP8:WP_02110,8,25913,16.719731085717783,0.20899663857147227,True,116.38927597932359,116.38927597932359,0.0,0.0,254.41150080642063,133.3596459423869,121.05185486403376,47.58112525586687,454.26266430136184,93.12352826422091,361.13913603714104,79.50006998540347,695.1231818598687,26.41545504413375,668.7077268157351,96.19988863362943,741.4181846674809,EX_004,D148|D150|D185,3,0,0,,0,0,,False,False,P2S_0118,PROPOSED_STOP,FIELD_CHECK_PENDING,PROPOSED_STOP/FIELD_CHECK_PENDING,DERIVED_GATE_D_BUS_ELIGIBLE,HYPOTHESIS_NOT_RECOMMENDATION,False,DERIVED_FROM_REFERENCE_PERIOD_GTFS_PROXIMITY_NOT_CURRENT_SERVICE_GUARANTEE,150.0,220.0,55d726564e13acca55ce563cc911263ac513acb0,7c220f7586d0f6e5cccd14a2d518be52eb1c4a55,097010,Brivio,1662,1339,FACT_ISTAT_2021_WORK_COMMUTING_MUNICIPAL_ONLY_NOT_STOP_DEMAND
173640076,residential,missing_lanes|missing_maxheight|missing_maxweight|missing_maxwidth|missing_width,0,528306.1762801645,5064794.278430141,9.363834661947132,45.73612559963817,POP_GAP8:WP_01920|POP_GAP8:WP_01921|POP_GAP8:WP_01922,3,4843,0.03012134648844602,0.00037651683110557523,True,209.24390747339095,133.73806856267032,75.5058389107206,36.08508358616009,874.9143975313552,121.21266273359618,753.701734797759,86.14576888029183,1467.9506626226948,107.07797311192935,1360.8726895107652,92.70561498840702,2230.65104535034,34.37063487354248,2196.2804104767974,98.45916576933061,495.53307822649447,EX_027,D184,1,1,1,Perego,1,1,OSM amenity:townhall 143996275,False,False,P2S_0119,PROPOSED_STOP,FIELD_CHECK_PENDING,PROPOSED_STOP/FIELD_CHECK_PENDING,DERIVED_GATE_D_BUS_ELIGIBLE,HYPOTHESIS_NOT_RECOMMENDATION,False,DERIVED_FROM_REFERENCE_PERIOD_GTFS_PROXIMITY_NOT_CURRENT_SERVICE_GUARANTEE,150.0,220.0,55d726564e13acca55ce563cc911263ac513acb0,7c220f7586d0f6e5cccd14a2d518be52eb1c4a55,097092,La Valletta Brianza,1796,1521,FACT_ISTAT_2021_WORK_COMMUTING_MUNICIPAL_ONLY_NOT_STOP_DEMAND
1430856315,service,missing_lanes|missing_maxheight|missing_maxweight|missing_maxwidth|missing_width,0,530366.4439755124,5064813.279784736,9.390316994089202,45.73620922493032,POP_GAP8:WP_01707|POP_GAP8:WP_01708,2,13591,5.129601090184326,0.06412001362730407,True,82.66597598492314,59.59894289627644,23.067033088646703,27.903902196538194,384.45723872007125,70.6678265084756,313.7894122115956,81.61880714127226,673.2308343053253,61.72755337669511,611.5032809286301,90.83114583716463,1013.8223190786836,0.7395010602125789,1013.082818018471,99.92705811991942,534.5835982926177,EX_037,D148,1,3,0,,0,0,,False,False,P2S_0120,PROPOSED_STOP,FIELD_CHECK_PENDING,PROPOSED_STOP/FIELD_CHECK_PENDING,DERIVED_GATE_D_BUS_ELIGIBLE,HYPOTHESIS_NOT_RECOMMENDATION,False,DERIVED_FROM_REFERENCE_PERIOD_GTFS_PROXIMITY_NOT_CURRENT_SERVICE_GUARANTEE,150.0,220.0,55d726564e13acca55ce563cc911263ac513acb0,7c220f7586d0f6e5cccd14a2d518be52eb1c4a55,097058,Olgiate Molgora,2287,1961,FACT_ISTAT_2021_WORK_COMMUTING_MUNICIPAL_ONLY_NOT_STOP_DEMAND
1462825427,service,missing_lanes|missing_maxheight|missing_maxweight|missing_maxwidth|missing_width,0,526642.6201423542,5064826.467398377,9.342454239712938,45.73648140981109,POP_GAP8:WP_01408|POP_GAP8:WP_01409|POP_GAP8:WP_01529|POP_GAP8:WP_01652,4,1093,5.192394191236595,0.06490492739045743,True,0.0,0.0,0.0,0.0,7.074280401207018,7.074280401207018,0.0,0.0,54.51241043830922,54.51241043830922,0.0,0.0,69.43118617369741,69.43118617369741,0.0,0.0,2569.772485268042,EX_027,D184,1,0,0,,0,0,,False,False,P2S_0121,PROPOSED_STOP,FIELD_CHECK_PENDING,PROPOSED_STOP/FIELD_CHECK_PENDING,DERIVED_GATE_D_BUS_ELIGIBLE,HYPOTHESIS_NOT_RECOMMENDATION,False,DERIVED_FROM_REFERENCE_PERIOD_GTFS_PROXIMITY_NOT_CURRENT_SERVICE_GUARANTEE,150.0,220.0,55d726564e13acca55ce563cc911263ac513acb0,7c220f7586d0f6e5cccd14a2d518be52eb1c4a55,097092,La Valletta Brianza,1796,1521,FACT_ISTAT_2021_WORK_COMMUTING_MUNICIPAL_ONLY_NOT_STOP_DEMAND
1463441219,service,missing_lanes|missing_maxheight|missing_maxweight|missing_maxwidth|missing_width,0,531325.3423645797,5064835.967643312,9.402643419759773,45.73637065775666,POP_GAP8:WP_01721|POP_GAP8:WP_01843|POP_GAP8:WP_01844|POP_GAP8:WP_01845|POP_GAP8:WP_01963|POP_GAP8:WP_01964|POP_GAP8:WP_01965,7,17231,0.7779425788491078,0.009724282235613847,True,113.8841929638723,91.33325070073495,22.550942263137344,19.801643824522007,360.65530743421147,95.56997545250843,265.08533198170306,73.501020646995,684.7115856449748,47.37598228879738,637.3356033561774,93.0808849620719,1100.0157563964085,7.362301927399892,1092.6534544690085,99.33070941169801,698.3048326649242,EX_011,D184|D185,2,2,0,,1,0,,False,False,P2S_0122,PROPOSED_STOP,FIELD_CHECK_PENDING,PROPOSED_STOP/FIELD_CHECK_PENDING,DERIVED_GATE_D_BUS_ELIGIBLE,HYPOTHESIS_NOT_RECOMMENDATION,False,DERIVED_FROM_REFERENCE_PERIOD_GTFS_PROXIMITY_NOT_CURRENT_SERVICE_GUARANTEE,150.0,220.0,55d726564e13acca55ce563cc911263ac513acb0,7c220f7586d0f6e5cccd14a2d518be52eb1c4a55,097058,Olgiate Molgora,2287,1961,FACT_ISTAT_2021_WORK_COMMUTING_MUNICIPAL_ONLY_NOT_STOP_DEMAND
581532449,unclassified,missing_lanes|missing_maxheight|missing_maxweight|missing_maxwidth|missing_width,0,531769.3496243047,5064854.6565995095,9.408351592207008,45.73651861360604,POP_GAP8:WP_01729,1,18971,2.994789196823152,0.0374348649602894,True,338.85340751373286,237.28673089632753,101.56667661740536,29.973632953149256,957.5067031131379,302.7993933634864,654.7073097496516,68.37626385496877,1325.7397574145427,97.16405286708918,1228.5757045474534,92.67095579477991,1667.1529444933776,48.01463277473182,1619.1383117186458,97.11996233259075,468.9460753417462,EX_011,D184|D185,2,2,0,,1,0,,False,False,P2S_0123,PROPOSED_STOP,FIELD_CHECK_PENDING,PROPOSED_STOP/FIELD_CHECK_PENDING,DERIVED_GATE_D_BUS_ELIGIBLE,HYPOTHESIS_NOT_RECOMMENDATION,False,DERIVED_FROM_REFERENCE_PERIOD_GTFS_PROXIMITY_NOT_CURRENT_SERVICE_GUARANTEE,150.0,220.0,55d726564e13acca55ce563cc911263ac513acb0,7c220f7586d0f6e5cccd14a2d518be52eb1c4a55,097058,Olgiate Molgora,2287,1961,FACT_ISTAT_2021_WORK_COMMUTING_MUNICIPAL_ONLY_NOT_STOP_DEMAND
55503485,residential,missing_lanes|missing_maxheight|missing_maxweight|missing_maxwidth|missing_width,3,534838.1369093197,5064886.252491981,9.44779777107369,45.7366552058213,POP_GAP8:WP_01651|POP_GAP8:WP_01775|POP_GAP8:WP_01898,3,27642,4.26754399443135,0.05334429993039187,True,18.0988534958603,18.0988534958603,0.0,0.0,214.20268504645526,19.2144801848975,194.98820486155782,91.02976688610121,469.15941841127466,14.657310634672308,454.5021077766024,96.87583579067714,925.6432625211439,12.282178086987145,913.3610844341569,98.67311970126218,727.0609380505082,EX_009,D185,1,1,0,,0,0,,False,False,P2S_0124,PROPOSED_STOP,FIELD_CHECK_PENDING,PROPOSED_STOP/FIELD_CHECK_PENDING,DERIVED_GATE_D_BUS_ELIGIBLE,HYPOTHESIS_NOT_RECOMMENDATION,False,DERIVED_FROM_REFERENCE_PERIOD_GTFS_PROXIMITY_NOT_CURRENT_SERVICE_GUARANTEE,150.0,220.0,55d726564e13acca55ce563cc911263ac513acb0,7c220f7586d0f6e5cccd14a2d518be52eb1c4a55,097010,Brivio,1662,1339,FACT_ISTAT_2021_WORK_COMMUTING_MUNICIPAL_ONLY_NOT_STOP_DEMAND
353038846,unclassified,missing_lanes|missing_maxheight|missing_maxweight|missing_maxwidth|missing_width,1,534074.6078753892,5064944.133757006,9.437987989613656,45.73721420877259,POP_GAP8:WP_01641,1,25382,9.082937445224314,0.11353671806530392,True,140.0649241244089,114.14184427594105,25.923079848467825,18.507902681932237,340.33136737365487,51.905917943382626,288.4254494302723,84.74841788932306,617.2762601809588,34.24248997545496,583.0337702055039,94.45264751224734,983.8724512697407,13.201298213600703,970.6711530561399,98.65823072934263,561.6712855054793,EX_004,D148|D150|D185,3,1,0,,0,0,,False,False,P2S_0125,PROPOSED_STOP,FIELD_CHECK_PENDING,PROPOSED_STOP/FIELD_CHECK_PENDING,DERIVED_GATE_D_BUS_ELIGIBLE,HYPOTHESIS_NOT_RECOMMENDATION,False,DERIVED_FROM_REFERENCE_PERIOD_GTFS_PROXIMITY_NOT_CURRENT_SERVICE_GUARANTEE,150.0,220.0,55d726564e13acca55ce563cc911263ac513acb0,7c220f7586d0f6e5cccd14a2d518be52eb1c4a55,097010,Brivio,1662,1339,FACT_ISTAT_2021_WORK_COMMUTING_MUNICIPAL_ONLY_NOT_STOP_DEMAND
1463441226,service,missing_lanes|missing_maxheight|missing_maxweight|missing_maxwidth|missing_width,0,531106.073472188,5064980.13423587,9.399834355355807,45.73767813255093,POP_GAP8:WP_01470|POP_GAP8:WP_01593|POP_GAP8:WP_01594|POP_GAP8:WP_01595|POP_GAP8:WP_01718,5,16545,3.9666504239652434,0.04958313029956554,True,55.01489328582582,55.01489328582582,0.0,0.0,105.10165438493776,105.10165438493776,0.0,0.0,149.8760835099766,149.7846040966045,0.0914794133721008,0.061036698604425045,287.9886241345827,153.70604028881786,134.28258384576492,46.62773894256741,1395.7113590295226,EX_011,D184|D185,2,1,1,Bruggione,0,0,,False,False,P2S_0126,PROPOSED_STOP,FIELD_CHECK_PENDING,PROPOSED_STOP/FIELD_CHECK_PENDING,DERIVED_GATE_D_BUS_ELIGIBLE,HYPOTHESIS_NOT_RECOMMENDATION,False,DERIVED_FROM_REFERENCE_PERIOD_GTFS_PROXIMITY_NOT_CURRENT_SERVICE_GUARANTEE,150.0,220.0,55d726564e13acca55ce563cc911263ac513acb0,7c220f7586d0f6e5cccd14a2d518be52eb1c4a55,097058,Olgiate Molgora,2287,1961,FACT_ISTAT_2021_WORK_COMMUTING_MUNICIPAL_ONLY_NOT_STOP_DEMAND
46739947,tertiary,missing_maxheight|missing_maxweight|missing_maxwidth|missing_width,1,527882.2405676303,5064985.704405407,9.35839671641365,45.7378657674012,POP_GAP8:WP_01546,1,3556,0.9026736422288949,0.011283420527861186,True,265.3471464082271,105.51021606426812,159.83693034395895,60.2369132314148,951.8178511993548,301.5576726446081,650.2601785547465,68.3177120218301,1288.4691919053676,199.87512923503024,1088.5940626703373,84.4873955473116,1649.4875126998695,15.844437894132058,1633.6430748057373,99.03943268608332,409.32231727020184,EX_027,D184,1,3,2,Perego|Roncada,2,1,OSM amenity:townhall 143996275,False,False,P2S_0127,PROPOSED_STOP,FIELD_CHECK_PENDING,PROPOSED_STOP/FIELD_CHECK_PENDING,DERIVED_GATE_D_BUS_ELIGIBLE,HYPOTHESIS_NOT_RECOMMENDATION,False,DERIVED_FROM_REFERENCE_PERIOD_GTFS_PROXIMITY_NOT_CURRENT_SERVICE_GUARANTEE,150.0,220.0,55d726564e13acca55ce563cc911263ac513acb0,7c220f7586d0f6e5cccd14a2d518be52eb1c4a55,097092,La Valletta Brianza,1796,1521,FACT_ISTAT_2021_WORK_COMMUTING_MUNICIPAL_ONLY_NOT_STOP_DEMAND
110557342,unclassified,missing_lanes|missing_maxheight|missing_maxweight|missing_maxwidth|missing_width,0,532385.6191633673,5065004.724122255,9.416282722579243,45.73784071418503,POP_GAP8:WP_01369,1,20746,6.311340044578836,0.07889175055723545,True,479.72512445091127,142.40615131593646,337.31897313497484,70.31505250450805,1009.2282942417994,168.4904833040805,840.737810937719,83.30501787698473,1377.053382527774,127.45089738236243,1249.602485145411,90.74466545745605,1875.9029289164848,58.74248077843102,1817.1604481380537,96.86857566705966,375.77273387008444,EX_035,D148|D150|D185,3,1,0,,1,0,,False,False,P2S_0128,PROPOSED_STOP,FIELD_CHECK_PENDING,PROPOSED_STOP/FIELD_CHECK_PENDING,DERIVED_GATE_D_BUS_ELIGIBLE,HYPOTHESIS_NOT_RECOMMENDATION,False,DERIVED_FROM_REFERENCE_PERIOD_GTFS_PROXIMITY_NOT_CURRENT_SERVICE_GUARANTEE,150.0,220.0,55d726564e13acca55ce563cc911263ac513acb0,7c220f7586d0f6e5cccd14a2d518be52eb1c4a55,097058,Olgiate Molgora,2287,1961,FACT_ISTAT_2021_WORK_COMMUTING_MUNICIPAL_ONLY_NOT_STOP_DEMAND
1456641112,service,missing_lanes|missing_maxheight|missing_maxweight|missing_maxwidth|missing_width,2,529807.0045218515,5065012.139342326,9.383138608341545,45.738023410893604,POP_GAP8:WP_01448|POP_GAP8:WP_01449,2,11184,0.5173762962599175,0.006467203703248969,True,85.3239570835531,39.10077360852143,46.22318347503167,54.17374563367686,271.10469546670134,35.823061488904706,235.2816339777967,86.78626298698518,413.5631895046323,35.59863815227939,377.964551352353,91.39221307512415,638.1300276171,11.1862705668923,626.9437570502078,98.2470233208326,539.8306443472477,EX_033,D184,1,1,0,,0,0,,False,False,P2S_0129,PROPOSED_STOP,FIELD_CHECK_PENDING,PROPOSED_STOP/FIELD_CHECK_PENDING,DERIVED_GATE_D_BUS_ELIGIBLE,HYPOTHESIS_NOT_RECOMMENDATION,False,DERIVED_FROM_REFERENCE_PERIOD_GTFS_PROXIMITY_NOT_CURRENT_SERVICE_GUARANTEE,150.0,220.0,55d726564e13acca55ce563cc911263ac513acb0,7c220f7586d0f6e5cccd14a2d518be52eb1c4a55,097074,Santa Maria Hoè,836,724,FACT_ISTAT_2021_WORK_COMMUTING_MUNICIPAL_ONLY_NOT_STOP_DEMAND
1456065710,residential,missing_lanes|missing_maxheight|missing_maxweight|missing_maxwidth|missing_width,0,531554.2874482657,5065047.769494938,9.405599915678009,45.73826657916276,POP_GAP8:WP_01356|POP_GAP8:WP_01476|POP_GAP8:WP_01477|POP_GAP8:WP_01478,4,18070,3.223776077802238,0.04029720097252797,True,230.15505106246763,207.60410879933028,22.550942263137344,9.798152227828652,638.5277353073456,281.1448509790683,357.3828843282772,55.969829432116434,928.6353148896509,172.63436117582143,756.0009537138295,81.40988626990399,1159.653924479992,102.99551253199567,1056.6584119479965,91.11842676872926,645.977449157963,EX_011,D184|D185,2,2,0,,0,0,,False,False,P2S_0130,PROPOSED_STOP,FIELD_CHECK_PENDING,PROPOSED_STOP/FIELD_CHECK_PENDING,DERIVED_GATE_D_BUS_ELIGIBLE,HYPOTHESIS_NOT_RECOMMENDATION,False,DERIVED_FROM_REFERENCE_PERIOD_GTFS_PROXIMITY_NOT_CURRENT_SERVICE_GUARANTEE,150.0,220.0,55d726564e13acca55ce563cc911263ac513acb0,7c220f7586d0f6e5cccd14a2d518be52eb1c4a55,097058,Olgiate Molgora,2287,1961,FACT_ISTAT_2021_WORK_COMMUTING_MUNICIPAL_ONLY_NOT_STOP_DEMAND
143945586,tertiary,missing_maxheight|missing_maxweight|missing_maxwidth|missing_width,0,527385.941077094,5065050.546372131,9.352021101261574,45.738469216147536,POP_GAP8:WP_01296|POP_GAP8:WP_01297|POP_GAP8:WP_01416|POP_GAP8:WP_01417|POP_GAP8:WP_01418|POP_GAP8:WP_01419|POP_GAP8:WP_01420|POP_GAP8:WP_01536|POP_GAP8:WP_01537|POP_GAP8:WP_01538|POP_GAP8:WP_01539|POP_GAP8:WP_01540|POP_GAP8:WP_01660,13,2425,3.0282397291940737,0.03785299661492592,True,60.10852712625723,60.10852712625723,0.0,0.0,277.8008214472954,262.9636399789702,14.837181468325142,5.340942258927073,377.1920433605333,204.52083392473395,172.67120943579934,45.77806252152413,479.36407158477743,32.28836260470442,447.075708980073,93.2643340378099,966.8459365894746,EX_027,D184,1,2,2,Perego|Roncada,1,1,OSM amenity:townhall 143996275,False,False,P2S_0131,PROPOSED_STOP,FIELD_CHECK_PENDING,PROPOSED_STOP/FIELD_CHECK_PENDING,DERIVED_GATE_D_BUS_ELIGIBLE,HYPOTHESIS_NOT_RECOMMENDATION,False,DERIVED_FROM_REFERENCE_PERIOD_GTFS_PROXIMITY_NOT_CURRENT_SERVICE_GUARANTEE,150.0,220.0,55d726564e13acca55ce563cc911263ac513acb0,7c220f7586d0f6e5cccd14a2d518be52eb1c4a55,097092,La Valletta Brianza,1796,1521,FACT_ISTAT_2021_WORK_COMMUTING_MUNICIPAL_ONLY_NOT_STOP_DEMAND
242013830,service,conditional_access=destination|missing_lanes|missing_maxheight|missing_maxweight|missing_maxwidth|missing_width,1,529424.4793429247,5065055.596450994,9.378224387391592,45.73843093184931,POP_GAP8:WP_01446|POP_GAP8:WP_01447|POP_GAP8:WP_01569|POP_GAP8:WP_01570,4,9347,10.202914253995994,0.12753642817494992,True,0.4771531813785671,0.4771531813785671,0.0,0.0,7.060789851249616,0.33920444946039285,6.721585401789223,95.19594186193828,73.29466465382374,0.0,73.29466465382374,100.0,234.55538031232734,0.0,234.55538031232734,100.0,531.7277199689917,EX_025,D184,1,1,0,,0,0,,False,False,P2S_0132,PROPOSED_STOP,FIELD_CHECK_PENDING,PROPOSED_STOP/FIELD_CHECK_PENDING,DERIVED_GATE_D_BUS_ELIGIBLE,HYPOTHESIS_NOT_RECOMMENDATION,False,DERIVED_FROM_REFERENCE_PERIOD_GTFS_PROXIMITY_NOT_CURRENT_SERVICE_GUARANTEE,150.0,220.0,55d726564e13acca55ce563cc911263ac513acb0,7c220f7586d0f6e5cccd14a2d518be52eb1c4a55,097074,Santa Maria Hoè,836,724,FACT_ISTAT_2021_WORK_COMMUTING_MUNICIPAL_ONLY_NOT_STOP_DEMAND
223281172,unclassified,missing_lanes|missing_maxheight|missing_maxweight|missing_maxwidth|missing_width,1,534563.1252433909,5065071.441242193,9.444276188901,45.73833579466161,POP_GAP8:WP_01525,1,26903,0.2721452467928385,0.0034018155849104815,True,114.31037703446002,97.07131516508885,17.239061869371167,15.080924686456312,286.7190947540199,81.90505283087383,204.81404192314605,71.43369439655169,586.312708353416,80.3452832921975,505.9674250612185,86.29651342236177,1211.651480911155,26.41545504413375,1185.236025867021,97.81988010081334,575.1356298331644,EX_002,D150|D185,2,0,0,,0,0,,False,False,P2S_0133,PROPOSED_STOP,FIELD_CHECK_PENDING,PROPOSED_STOP/FIELD_CHECK_PENDING,DERIVED_GATE_D_BUS_ELIGIBLE,HYPOTHESIS_NOT_RECOMMENDATION,False,DERIVED_FROM_REFERENCE_PERIOD_GTFS_PROXIMITY_NOT_CURRENT_SERVICE_GUARANTEE,150.0,220.0,55d726564e13acca55ce563cc911263ac513acb0,7c220f7586d0f6e5cccd14a2d518be52eb1c4a55,097010,Brivio,1662,1339,FACT_ISTAT_2021_WORK_COMMUTING_MUNICIPAL_ONLY_NOT_STOP_DEMAND
581532427,unclassified,missing_lanes|missing_maxheight|missing_maxweight|missing_maxwidth|missing_width,0,531965.3084074777,5065088.2966434695,9.410885732609897,45.738612467388776,POP_GAP8:WP_01240|POP_GAP8:WP_01362|POP_GAP8:WP_01363|POP_GAP8:WP_01482|POP_GAP8:WP_01483|POP_GAP8:WP_01484|POP_GAP8:WP_01485,7,19502,16.3460727527935,0.20432590940991874,True,241.50009912013482,241.50009912013482,0.0,0.0,584.8064613756093,337.79683480703903,247.00962656857035,42.237841556596806,1164.4296788076263,161.04040045288264,1003.3892783547436,86.17001924772411,1593.1209955135928,68.46926217668201,1524.6517333369109,95.70219321887672,922.4974295872013,EX_035,D148|D150|D185,3,1,0,,1,0,,False,False,P2S_0134,PROPOSED_STOP,FIELD_CHECK_PENDING,PROPOSED_STOP/FIELD_CHECK_PENDING,DERIVED_GATE_D_BUS_ELIGIBLE,HYPOTHESIS_NOT_RECOMMENDATION,False,DERIVED_FROM_REFERENCE_PERIOD_GTFS_PROXIMITY_NOT_CURRENT_SERVICE_GUARANTEE,150.0,220.0,55d726564e13acca55ce563cc911263ac513acb0,7c220f7586d0f6e5cccd14a2d518be52eb1c4a55,097058,Olgiate Molgora,2287,1961,FACT_ISTAT_2021_WORK_COMMUTING_MUNICIPAL_ONLY_NOT_STOP_DEMAND
1463677823,service,missing_lanes|missing_maxheight|missing_maxweight|missing_maxwidth|missing_width,0,530497.4474573652,5065094.8609370645,9.39201855004686,45.738737845062445,POP_GAP8:WP_01463|POP_GAP8:WP_01585|POP_GAP8:WP_01586,3,14224,3.0823047963243555,0.038528809954054444,True,137.24647335571538,122.64722572055334,14.599247635162058,10.63724792208229,397.76083001198475,170.4619777057713,227.2988523062134,57.144604283776445,570.1483160301176,137.20355037058317,432.9447656595344,75.93546336751163,888.1054954830495,82.01737611518071,806.0881193678688,90.76490613645278,451.5639711451613,EX_037,D148,1,3,1,Mondonico,0,0,,False,False,P2S_0135,PROPOSED_STOP,FIELD_CHECK_PENDING,PROPOSED_STOP/FIELD_CHECK_PENDING,DERIVED_GATE_D_BUS_ELIGIBLE,HYPOTHESIS_NOT_RECOMMENDATION,False,DERIVED_FROM_REFERENCE_PERIOD_GTFS_PROXIMITY_NOT_CURRENT_SERVICE_GUARANTEE,150.0,220.0,55d726564e13acca55ce563cc911263ac513acb0,7c220f7586d0f6e5cccd14a2d518be52eb1c4a55,097058,Olgiate Molgora,2287,1961,FACT_ISTAT_2021_WORK_COMMUTING_MUNICIPAL_ONLY_NOT_STOP_DEMAND
1460724510,service,missing_lanes|missing_maxheight|missing_maxweight|missing_maxwidth|missing_width,0,533662.9743198751,5065110.3647543965,9.432708646283752,45.73873053145083,POP_GAP8:WP_01268,1,24396,2.329744635226907,0.029121807940336336,True,177.30747682451687,86.14021354688825,91.16726327762865,51.417607937570445,530.3948749899596,0.5440984459232294,529.8507765440364,99.89741634552306,1017.7029836963526,0.1678054549755435,1017.535178241377,99.98351135275578,1472.8997874986326,3.6451927493557896,1469.2545947492767,99.75251590228373,479.730443459561,EX_008,D150|D185,2,1,0,,2,0,,False,False,P2S_0136,PROPOSED_STOP,FIELD_CHECK_PENDING,PROPOSED_STOP/FIELD_CHECK_PENDING,DERIVED_GATE_D_BUS_ELIGIBLE,HYPOTHESIS_NOT_RECOMMENDATION,False,DERIVED_FROM_REFERENCE_PERIOD_GTFS_PROXIMITY_NOT_CURRENT_SERVICE_GUARANTEE,150.0,220.0,55d726564e13acca55ce563cc911263ac513acb0,7c220f7586d0f6e5cccd14a2d518be52eb1c4a55,097010,Brivio,1662,1339,FACT_ISTAT_2021_WORK_COMMUTING_MUNICIPAL_ONLY_NOT_STOP_DEMAND
1463762247,service,missing_lanes|missing_maxheight|missing_maxweight|missing_maxwidth|missing_width,0,533407.1020568718,5065126.720474131,9.429420850000636,45.73889015000014,POP_GAP8:WP_01386,1,23822,4.372677266953383,0.05465846583691729,True,87.69045838455332,38.56538926878024,49.12506911577309,56.02099706257947,517.88959666733,9.656404702958454,508.2331919643716,98.13543180533104,790.3532325420005,0.052910942229560304,790.3003215997709,99.9933054057286,1044.9833895577524,3.248040590350876,1041.7353489674017,99.68917777805777,602.3003221003835,EX_008,D150|D185,2,1,0,,2,0,,False,False,P2S_0137,PROPOSED_STOP,FIELD_CHECK_PENDING,PROPOSED_STOP/FIELD_CHECK_PENDING,DERIVED_GATE_D_BUS_ELIGIBLE,HYPOTHESIS_NOT_RECOMMENDATION,False,DERIVED_FROM_REFERENCE_PERIOD_GTFS_PROXIMITY_NOT_CURRENT_SERVICE_GUARANTEE,150.0,220.0,55d726564e13acca55ce563cc911263ac513acb0,7c220f7586d0f6e5cccd14a2d518be52eb1c4a55,097010,Brivio,1662,1339,FACT_ISTAT_2021_WORK_COMMUTING_MUNICIPAL_ONLY_NOT_STOP_DEMAND
234751701,service,missing_maxheight|missing_maxweight|missing_maxwidth|missing_width,0,528883.5174477957,5065147.243180986,9.371276439739677,45.73927861159635,POP_GAP8:WP_01071,1,6873,0.23764522888887699,0.0029705653611109624,True,457.0599488423041,31.331282145895525,425.72866669640854,93.14503880174686,1043.4139105277225,0.0964554387170547,1043.3174550890055,99.99075578370733,1772.5174980727015,0.0,1772.5174980727015,100.0,2738.8596804928684,0.0,2738.8596804928684,100.0,315.92010392996826,EX_029,D184,1,2,0,,7,0,,False,False,P2S_0138,PROPOSED_STOP,FIELD_CHECK_PENDING,PROPOSED_STOP/FIELD_CHECK_PENDING,DERIVED_GATE_D_BUS_ELIGIBLE,HYPOTHESIS_NOT_RECOMMENDATION,False,DERIVED_FROM_REFERENCE_PERIOD_GTFS_PROXIMITY_NOT_CURRENT_SERVICE_GUARANTEE,150.0,220.0,55d726564e13acca55ce563cc911263ac513acb0,7c220f7586d0f6e5cccd14a2d518be52eb1c4a55,097092,La Valletta Brianza,1796,1521,FACT_ISTAT_2021_WORK_COMMUTING_MUNICIPAL_ONLY_NOT_STOP_DEMAND
143945587,tertiary,missing_maxheight|missing_maxweight|missing_maxwidth|missing_width,1,527176.5844833436,5065172.804544694,9.349336927409833,45.73957787137525,POP_GAP8:WP_01046|POP_GAP8:WP_01169|POP_GAP8:WP_01170|POP_GAP8:WP_01171|POP_GAP8:WP_01291|POP_GAP8:WP_01292|POP_GAP8:WP_01293|POP_GAP8:WP_01294|POP_GAP8:WP_01413|POP_GAP8:WP_01414|POP_GAP8:WP_01415|POP_GAP8:WP_01416|POP_GAP8:WP_01534|POP_GAP8:WP_01535,14,2067,11.989119409687138,0.14986399262108924,True,30.739957481043913,30.739957481043913,0.0,0.0,75.0526629503935,60.70824218404889,14.344420766344609,19.112474098121794,156.9849953063232,110.98684368380407,45.998151622519174,29.300986080079472,310.7943222124479,22.630674882469886,288.16364732997806,92.71844005341889,1228.0600859986,EX_027,D184,1,1,1,Roncada,0,0,,False,False,P2S_0139,PROPOSED_STOP,FIELD_CHECK_PENDING,PROPOSED_STOP/FIELD_CHECK_PENDING,DERIVED_GATE_D_BUS_ELIGIBLE,HYPOTHESIS_NOT_RECOMMENDATION,False,DERIVED_FROM_REFERENCE_PERIOD_GTFS_PROXIMITY_NOT_CURRENT_SERVICE_GUARANTEE,150.0,220.0,55d726564e13acca55ce563cc911263ac513acb0,7c220f7586d0f6e5cccd14a2d518be52eb1c4a55,097092,La Valletta Brianza,1796,1521,FACT_ISTAT_2021_WORK_COMMUTING_MUNICIPAL_ONLY_NOT_STOP_DEMAND
67508447,unclassified,missing_lanes|missing_maxheight|missing_maxweight|missing_maxwidth|missing_width,1,530235.6496987328,5065231.535980327,9.388661977586587,45.7399794921826,POP_GAP8:WP_01212|POP_GAP8:WP_01213,2,13009,6.193325978152647,0.07741657472690808,True,104.25794973939092,56.12266861010798,48.13528112928293,46.1694108215293,191.22911187444117,18.933009746958756,172.2961021274824,90.09930571690886,365.1833415701208,0.9610695595307582,364.2222720105901,99.73682546542278,668.0983047674933,0.44716258304876744,667.6511421844448,99.93306934326017,291.24000143763556,EX_037,D148,1,3,0,,0,0,,False,False,P2S_0140,PROPOSED_STOP,FIELD_CHECK_PENDING,PROPOSED_STOP/FIELD_CHECK_PENDING,DERIVED_GATE_D_BUS_ELIGIBLE,HYPOTHESIS_NOT_RECOMMENDATION,True,DERIVED_FROM_REFERENCE_PERIOD_GTFS_PROXIMITY_NOT_CURRENT_SERVICE_GUARANTEE,150.0,220.0,55d726564e13acca55ce563cc911263ac513acb0,7c220f7586d0f6e5cccd14a2d518be52eb1c4a55,097074,Santa Maria Hoè,836,724,FACT_ISTAT_2021_WORK_COMMUTING_MUNICIPAL_ONLY_NOT_STOP_DEMAND
132322450,residential,missing_lanes|missing_maxheight|missing_maxweight|missing_maxwidth,0,527748.4005059435,5065239.982283385,9.356690949945646,45.74015980000812,POP_GAP8:WP_01177|POP_GAP8:WP_01178,2,3158,4.9754306256056555,0.0621928828200707,True,134.58092992684357,49.3194689902218,85.26146093662175,63.353300488389216,450.57364655658984,23.909421107330303,426.6642254492595,94.69355980092205,745.9472580083242,4.96307913313202,740.9841788751922,99.3346608517091,1296.8365082540483,5.591354973323982,1291.2451532807243,99.56884657875248,524.7730280377373,EX_027,D184,1,1,0,,0,0,,False,False,P2S_0141,PROPOSED_STOP,FIELD_CHECK_PENDING,PROPOSED_STOP/FIELD_CHECK_PENDING,DERIVED_GATE_D_BUS_ELIGIBLE,HYPOTHESIS_NOT_RECOMMENDATION,False,DERIVED_FROM_REFERENCE_PERIOD_GTFS_PROXIMITY_NOT_CURRENT_SERVICE_GUARANTEE,150.0,220.0,55d726564e13acca55ce563cc911263ac513acb0,7c220f7586d0f6e5cccd14a2d518be52eb1c4a55,097092,La Valletta Brianza,1796,1521,FACT_ISTAT_2021_WORK_COMMUTING_MUNICIPAL_ONLY_NOT_STOP_DEMAND
193948936,unclassified,missing_lanes|missing_maxheight|missing_maxweight|missing_maxwidth|missing_width,0,531122.9398847378,5065286.181450158,9.400070821235271,45.74043196312415,POP_GAP8:WP_01104|POP_GAP8:WP_01226|POP_GAP8:WP_01227|POP_GAP8:WP_01228|POP_GAP8:WP_01229,5,16606,5.964678887561813,0.07455848609452266,True,74.9419950632668,74.9419950632668,0.0,0.0,180.08262112549446,180.08262112549446,0.0,0.0,263.32539013641156,246.27706697725438,17.04832315915723,6.474242058589799,347.9052273546667,155.90738152272985,191.99784583193681,55.1868240933924,1351.525225849491,EX_011,D184|D185,2,3,3,Bruggione|Caglianello|Mondonico,0,0,,False,False,P2S_0142,PROPOSED_STOP,FIELD_CHECK_PENDING,PROPOSED_STOP/FIELD_CHECK_PENDING,DERIVED_GATE_D_BUS_ELIGIBLE,HYPOTHESIS_NOT_RECOMMENDATION,False,DERIVED_FROM_REFERENCE_PERIOD_GTFS_PROXIMITY_NOT_CURRENT_SERVICE_GUARANTEE,150.0,220.0,55d726564e13acca55ce563cc911263ac513acb0,7c220f7586d0f6e5cccd14a2d518be52eb1c4a55,097058,Olgiate Molgora,2287,1961,FACT_ISTAT_2021_WORK_COMMUTING_MUNICIPAL_ONLY_NOT_STOP_DEMAND
1463677834,service,missing_lanes|missing_maxheight|missing_maxweight|missing_maxwidth|missing_width,0,530827.4735094112,5065301.468577664,9.396273804838316,45.74058279152397,POP_GAP8:WP_01099|POP_GAP8:WP_01100|POP_GAP8:WP_01101|POP_GAP8:WP_01224|POP_GAP8:WP_01225|POP_GAP8:WP_01346|POP_GAP8:WP_01347,7,15552,1.1052980446586194,0.013816225558232743,True,179.42500451677756,179.42500451677756,0.0,0.0,271.35447109199526,203.2998632147279,68.0546078772673,25.079597031660946,325.93048970370086,195.34601940709877,130.5844702966021,40.06512873812902,398.2220732593241,93.02836323401027,305.1937100253138,76.63907415462884,868.3800145021079,EX_037,D148,1,2,1,Mondonico,0,0,,False,False,P2S_0143,PROPOSED_STOP,FIELD_CHECK_PENDING,PROPOSED_STOP/FIELD_CHECK_PENDING,DERIVED_GATE_D_BUS_ELIGIBLE,HYPOTHESIS_NOT_RECOMMENDATION,False,DERIVED_FROM_REFERENCE_PERIOD_GTFS_PROXIMITY_NOT_CURRENT_SERVICE_GUARANTEE,150.0,220.0,55d726564e13acca55ce563cc911263ac513acb0,7c220f7586d0f6e5cccd14a2d518be52eb1c4a55,097058,Olgiate Molgora,2287,1961,FACT_ISTAT_2021_WORK_COMMUTING_MUNICIPAL_ONLY_NOT_STOP_DEMAND
143945588,tertiary,missing_lanes|missing_maxheight|missing_maxweight|missing_maxwidth|missing_width,0,526797.8801571006,5065353.266832975,9.344479012972084,45.74121691908973,POP_GAP8:WP_00807|POP_GAP8:WP_00809|POP_GAP8:WP_00920|POP_GAP8:WP_00921|POP_GAP8:WP_00922|POP_GAP8:WP_00923|POP_GAP8:WP_01037|POP_GAP8:WP_01038|POP_GAP8:WP_01039|POP_GAP8:WP_01040|POP_GAP8:WP_01041|POP_GAP8:WP_01163|POP_GAP8:WP_01164|POP_GAP8:WP_01287|POP_GAP8:WP_01288,15,1441,5.027961879279253,0.06284952349099067,True,10.840098175979522,10.840098175979522,0.0,0.0,16.58052713708995,16.58052713708995,0.0,0.0,25.10068190675981,25.10068190675981,0.0,0.0,43.23805935455105,19.411933711232212,23.82612564331884,55.1045213383542,1630.790299506008,EX_027,D184,1,0,0,,0,0,,False,False,P2S_0144,PROPOSED_STOP,FIELD_CHECK_PENDING,PROPOSED_STOP/FIELD_CHECK_PENDING,DERIVED_GATE_D_BUS_ELIGIBLE,HYPOTHESIS_NOT_RECOMMENDATION,False,DERIVED_FROM_REFERENCE_PERIOD_GTFS_PROXIMITY_NOT_CURRENT_SERVICE_GUARANTEE,150.0,220.0,55d726564e13acca55ce563cc911263ac513acb0,7c220f7586d0f6e5cccd14a2d518be52eb1c4a55,097092,La Valletta Brianza,1796,1521,FACT_ISTAT_2021_WORK_COMMUTING_MUNICIPAL_ONLY_NOT_STOP_DEMAND
299965801,residential,missing_lanes|missing_maxheight|missing_maxweight|missing_maxwidth|missing_width,2,529835.6632213866,5065361.5530347135,9.383528509546698,45.74116709199809,POP_GAP8:WP_01087,1,11292,7.377941651710958,0.09222427064638697,True,171.81991392680612,11.144662678394363,160.67525124841177,93.51375377644416,443.45002542208186,0.0,443.45002542208186,100.0,662.9937253786541,0.1714769562630614,662.822248422391,99.974135960915,976.4249322332944,11.342059611883528,965.082872621411,98.83840946318918,245.22682411553538,EX_033,D184,1,2,0,,1,0,,False,False,P2S_0145,PROPOSED_STOP,FIELD_CHECK_PENDING,PROPOSED_STOP/FIELD_CHECK_PENDING,DERIVED_GATE_D_BUS_ELIGIBLE,HYPOTHESIS_NOT_RECOMMENDATION,True,DERIVED_FROM_REFERENCE_PERIOD_GTFS_PROXIMITY_NOT_CURRENT_SERVICE_GUARANTEE,150.0,220.0,55d726564e13acca55ce563cc911263ac513acb0,7c220f7586d0f6e5cccd14a2d518be52eb1c4a55,097074,Santa Maria Hoè,836,724,FACT_ISTAT_2021_WORK_COMMUTING_MUNICIPAL_ONLY_NOT_STOP_DEMAND
46739952,primary,missing_maxheight|missing_maxweight|missing_maxwidth|missing_width,1,527498.7510712942,5065402.959833769,9.353491157875322,45.741636666322435,POP_GAP8:WP_00591|POP_GAP8:WP_00592|POP_GAP8:WP_00593|POP_GAP8:WP_00701|POP_GAP8:WP_00702|POP_GAP8:WP_00703|POP_GAP8:WP_00704|POP_GAP8:WP_00816|POP_GAP8:WP_00817|POP_GAP8:WP_00818|POP_GAP8:WP_00819|POP_GAP8:WP_00931|POP_GAP8:WP_00932|POP_GAP8:WP_00933|POP_GAP8:WP_00934|POP_GAP8:WP_01048|POP_GAP8:WP_01049|POP_GAP8:WP_01050|POP_GAP8:WP_01051,19,2630,17.680347253165305,0.2210043406645663,True,11.094848205902801,11.094848205902801,0.0,0.0,153.68172959086576,25.408199649565507,128.27352994130027,83.4670004578894,258.2309536419217,6.512914936999847,251.7180387049219,97.47787209660737,548.0135823367131,8.572885448210746,539.4406968885024,98.43564361823732,836.0995631825558,EX_027,D184,1,1,0,,0,0,,False,False,P2S_0146,PROPOSED_STOP,FIELD_CHECK_PENDING,PROPOSED_STOP/FIELD_CHECK_PENDING,DERIVED_GATE_D_BUS_ELIGIBLE,HYPOTHESIS_NOT_RECOMMENDATION,False,DERIVED_FROM_REFERENCE_PERIOD_GTFS_PROXIMITY_NOT_CURRENT_SERVICE_GUARANTEE,150.0,220.0,55d726564e13acca55ce563cc911263ac513acb0,7c220f7586d0f6e5cccd14a2d518be52eb1c4a55,097092,La Valletta Brianza,1796,1521,FACT_ISTAT_2021_WORK_COMMUTING_MUNICIPAL_ONLY_NOT_STOP_DEMAND
1463762252,service,missing_lanes|missing_maxheight|missing_maxweight|missing_maxwidth|missing_width,0,533224.1583862645,5065414.383500284,9.427089065408524,45.74148807660702,POP_GAP8:WP_00891|POP_GAP8:WP_00892|POP_GAP8:WP_01008|POP_GAP8:WP_01009,4,23315,2.240482737663504,0.028006034220793802,True,195.14676918698078,95.91159001710977,99.235179169871,50.851561408525484,601.0442955868101,11.027598462464299,590.0166971243457,98.16526027392074,813.6355401117602,16.551596625770888,797.0839434859892,97.96572349537516,1066.1849757677187,4.429554105023022,1061.7554216626959,99.58454168782174,561.7171701811777,EX_014,D148|D150,2,1,0,,2,0,,False,False,P2S_0147,PROPOSED_STOP,FIELD_CHECK_PENDING,PROPOSED_STOP/FIELD_CHECK_PENDING,DERIVED_GATE_D_BUS_ELIGIBLE,HYPOTHESIS_NOT_RECOMMENDATION,False,DERIVED_FROM_REFERENCE_PERIOD_GTFS_PROXIMITY_NOT_CURRENT_SERVICE_GUARANTEE,150.0,220.0,55d726564e13acca55ce563cc911263ac513acb0,7c220f7586d0f6e5cccd14a2d518be52eb1c4a55,097010,Brivio,1662,1339,FACT_ISTAT_2021_WORK_COMMUTING_MUNICIPAL_ONLY_NOT_STOP_DEMAND
198180675,tertiary,missing_lanes|missing_maxheight|missing_maxweight|missing_maxwidth|missing_width,2,526496.3916113758,5065484.871795956,9.340610737126616,45.74241306088927,POP_GAP8:WP_00472|POP_GAP8:WP_00577|POP_GAP8:WP_00578|POP_GAP8:WP_00687,4,827,13.268773632495833,0.16585967040619792,True,0.1589527510199816,0.1589527510199816,0.0,0.0,0.8311090508747763,0.8311090508747763,0.0,0.0,2.036514962142273,2.036514962142273,0.0,0.0,3.453920440050312,3.453920440050312,0.0,0.0,2119.511939267238,EX_027,D184,1,0,0,,0,0,,False,False,P2S_0148,PROPOSED_STOP,FIELD_CHECK_PENDING,PROPOSED_STOP/FIELD_CHECK_PENDING,DERIVED_GATE_D_BUS_ELIGIBLE,HYPOTHESIS_NOT_RECOMMENDATION,False,DERIVED_FROM_REFERENCE_PERIOD_GTFS_PROXIMITY_NOT_CURRENT_SERVICE_GUARANTEE,150.0,220.0,55d726564e13acca55ce563cc911263ac513acb0,7c220f7586d0f6e5cccd14a2d518be52eb1c4a55,097092,La Valletta Brianza,1796,1521,FACT_ISTAT_2021_WORK_COMMUTING_MUNICIPAL_ONLY_NOT_STOP_DEMAND
573427525,unclassified,missing_lanes|missing_maxheight|missing_maxweight|missing_maxwidth|missing_width,3,533503.4812248278,5065511.516845386,9.430686317603216,45.742348846896334,POP_GAP8:WP_00660|POP_GAP8:WP_00661|POP_GAP8:WP_00662|POP_GAP8:WP_00663|POP_GAP8:WP_00779|POP_GAP8:WP_00780|POP_GAP8:WP_00781|POP_GAP8:WP_00782|POP_GAP8:WP_00783|POP_GAP8:WP_00784|POP_GAP8:WP_00785|POP_GAP8:WP_00894|POP_GAP8:WP_00895|POP_GAP8:WP_00896|POP_GAP8:WP_00897|POP_GAP8:WP_00898|POP_GAP8:WP_00899|POP_GAP8:WP_00900|POP_GAP8:WP_00901|POP_GAP8:WP_01012|POP_GAP8:WP_01013|POP_GAP8:WP_01014|POP_GAP8:WP_01015|POP_GAP8:WP_01016|POP_GAP8:WP_01017|POP_GAP8:WP_01141,26,24010,2.4068123338996457,0.03008515417374557,True,93.99912826176572,93.99912826176572,0.0,0.0,427.5850072108554,50.56803900154432,377.016968209311,88.17357060028822,755.0672591048283,40.158879834423075,714.9083792704054,94.68141687377182,1086.137244626462,5.034515506867662,1081.1027291195942,99.53647519852804,750.8014297695161,EX_008,D150|D185,2,1,0,,2,0,,False,False,P2S_0149,PROPOSED_STOP,FIELD_CHECK_PENDING,PROPOSED_STOP/FIELD_CHECK_PENDING,DERIVED_GATE_D_BUS_ELIGIBLE,HYPOTHESIS_NOT_RECOMMENDATION,False,DERIVED_FROM_REFERENCE_PERIOD_GTFS_PROXIMITY_NOT_CURRENT_SERVICE_GUARANTEE,150.0,220.0,55d726564e13acca55ce563cc911263ac513acb0,7c220f7586d0f6e5cccd14a2d518be52eb1c4a55,097010,Brivio,1662,1339,FACT_ISTAT_2021_WORK_COMMUTING_MUNICIPAL_ONLY_NOT_STOP_DEMAND
299965801,residential,missing_lanes|missing_maxheight|missing_maxweight|missing_maxwidth|missing_width,0,529607.0063238288,5065540.980548336,9.380600232525918,45.74279186775213,POP_GAP8:WP_00507,1,10252,11.450088496967185,0.14312610621208982,True,230.92998122025392,0.3688197657428867,230.56116145451102,99.840289353598,624.9432129779257,0.0857670628172091,624.8574459151085,99.98627602299919,905.750081020679,0.0,905.750081020679,100.0,1264.908066519149,0.059788104020762095,1264.8482784151283,99.99527332415666,202.99074943507202,EX_025,D184,1,3,0,,2,0,,False,False,P2S_0150,PROPOSED_STOP,FIELD_CHECK_PENDING,PROPOSED_STOP/FIELD_CHECK_PENDING,DERIVED_GATE_D_BUS_ELIGIBLE,HYPOTHESIS_NOT_RECOMMENDATION,True,DERIVED_FROM_REFERENCE_PERIOD_GTFS_PROXIMITY_NOT_CURRENT_SERVICE_GUARANTEE,150.0,220.0,55d726564e13acca55ce563cc911263ac513acb0,7c220f7586d0f6e5cccd14a2d518be52eb1c4a55,097074,Santa Maria Hoè,836,724,FACT_ISTAT_2021_WORK_COMMUTING_MUNICIPAL_ONLY_NOT_STOP_DEMAND
193695931,tertiary,missing_maxheight|missing_maxweight|missing_maxwidth|missing_width,0,528340.7008820929,5065542.832523461,9.36432223154565,45.74286160249923,POP_GAP8:WP_00714|POP_GAP8:WP_00715|POP_GAP8:WP_00828,3,4921,6.807303830309107,0.08509129787886384,True,89.54938820969072,9.71908374354197,79.83030446614875,89.14667767379542,389.976015430148,16.86684735391149,373.1091680762365,95.67490135635465,883.478646128882,16.200680722944853,867.2779654059373,98.16626233198382,1539.151142350776,0.9987213424088357,1538.152421008367,99.93511219821572,468.1529813249162,EX_030,D160|D184,2,0,0,,2,0,,False,False,P2S_0151,PROPOSED_STOP,FIELD_CHECK_PENDING,PROPOSED_STOP/FIELD_CHECK_PENDING,DERIVED_GATE_D_BUS_ELIGIBLE,HYPOTHESIS_NOT_RECOMMENDATION,False,DERIVED_FROM_REFERENCE_PERIOD_GTFS_PROXIMITY_NOT_CURRENT_SERVICE_GUARANTEE,150.0,220.0,55d726564e13acca55ce563cc911263ac513acb0,7c220f7586d0f6e5cccd14a2d518be52eb1c4a55,097092,La Valletta Brianza,1796,1521,FACT_ISTAT_2021_WORK_COMMUTING_MUNICIPAL_ONLY_NOT_STOP_DEMAND
46739952,primary,missing_maxheight|missing_maxweight|missing_maxwidth|missing_width,3,527237.9380426874,5065547.508490312,9.350146652916745,45.742948012237584,POP_GAP8:WP_00382|POP_GAP8:WP_00383|POP_GAP8:WP_00384|POP_GAP8:WP_00483|POP_GAP8:WP_00484|POP_GAP8:WP_00485|POP_GAP8:WP_00486|POP_GAP8:WP_00586|POP_GAP8:WP_00587|POP_GAP8:WP_00588|POP_GAP8:WP_00589|POP_GAP8:WP_00590|POP_GAP8:WP_00694|POP_GAP8:WP_00695|POP_GAP8:WP_00696|POP_GAP8:WP_00697|POP_GAP8:WP_00698|POP_GAP8:WP_00699|POP_GAP8:WP_00700|POP_GAP8:WP_00810|POP_GAP8:WP_00811|POP_GAP8:WP_00812|POP_GAP8:WP_00813|POP_GAP8:WP_00814|POP_GAP8:WP_00815|POP_GAP8:WP_00927|POP_GAP8:WP_00928,27,2164,2.0044305578237993,0.02505538197279749,True,3.344271273831762,3.344271273831762,0.0,0.0,24.35814694221638,20.409785105614464,3.9483618366019138,16.209614984130017,81.14314794810333,34.26371247981436,46.879435468288996,57.77374510817801,240.4330013363825,13.994501919772292,226.43849941661017,94.17945879226744,1118.1797043293464,EX_027,D184,1,1,0,,0,0,,False,False,P2S_0152,PROPOSED_STOP,FIELD_CHECK_PENDING,PROPOSED_STOP/FIELD_CHECK_PENDING,DERIVED_GATE_D_BUS_ELIGIBLE,HYPOTHESIS_NOT_RECOMMENDATION,False,DERIVED_FROM_REFERENCE_PERIOD_GTFS_PROXIMITY_NOT_CURRENT_SERVICE_GUARANTEE,150.0,220.0,55d726564e13acca55ce563cc911263ac513acb0,7c220f7586d0f6e5cccd14a2d518be52eb1c4a55,097092,La Valletta Brianza,1796,1521,FACT_ISTAT_2021_WORK_COMMUTING_MUNICIPAL_ONLY_NOT_STOP_DEMAND
196657709,unclassified,missing_lanes|missing_maxheight|missing_maxweight|missing_maxwidth|missing_width,0,530178.4055868075,5065563.527741967,9.38794684904097,45.74297010033277,POP_GAP8:WP_00738|POP_GAP8:WP_00739|POP_GAP8:WP_00740|POP_GAP8:WP_00741|POP_GAP8:WP_00742|POP_GAP8:WP_00743|POP_GAP8:WP_00744|POP_GAP8:WP_00853|POP_GAP8:WP_00854|POP_GAP8:WP_00855|POP_GAP8:WP_00856|SETTLEMENT_GAP8:OSM_POINT_2101450272,12,12785,30.47570390258528,0.380946298782316,True,38.41681518567923,38.41681518567923,0.0,0.0,110.7303546567499,19.37856399172574,91.35179066502415,82.49932093887278,111.43765710279938,1.090790340692956,110.34686676210642,99.02116540400098,123.70977651579618,0.6987192892738292,123.01105722652235,99.43519476879452,725.7779613481896,EX_037,D148,1,3,1,Mirabella,0,0,,False,False,P2S_0153,PROPOSED_STOP,FIELD_CHECK_PENDING,PROPOSED_STOP/FIELD_CHECK_PENDING,DERIVED_GATE_D_BUS_ELIGIBLE,HYPOTHESIS_NOT_RECOMMENDATION,False,DERIVED_FROM_REFERENCE_PERIOD_GTFS_PROXIMITY_NOT_CURRENT_SERVICE_GUARANTEE,150.0,220.0,55d726564e13acca55ce563cc911263ac513acb0,7c220f7586d0f6e5cccd14a2d518be52eb1c4a55,097074,Santa Maria Hoè,836,724,FACT_ISTAT_2021_WORK_COMMUTING_MUNICIPAL_ONLY_NOT_STOP_DEMAND
55503471,service,missing_lanes|missing_maxheight|missing_maxweight|missing_maxwidth|missing_width,0,534883.0212149464,5065649.948682277,9.448429703293678,45.7435265752552,POP_GAP8:WP_00570,1,27767,12.171096927401612,0.15213871159252015,True,632.1552316496742,184.45637781949006,447.69885383018413,70.82103119859782,1071.304031183238,1.1544371685632964,1070.1495940146747,99.89224000517497,1405.746216007078,0.36531290985719156,1405.3809030972204,99.97401288328592,1843.6290723224745,0.4325925395985373,1843.196479782876,99.97653581481802,351.44024541746626,EX_036,D148|D150|D185,3,3,0,,5,0,,False,False,P2S_0154,PROPOSED_STOP,FIELD_CHECK_PENDING,PROPOSED_STOP/FIELD_CHECK_PENDING,DERIVED_GATE_D_BUS_ELIGIBLE,HYPOTHESIS_NOT_RECOMMENDATION,False,DERIVED_FROM_REFERENCE_PERIOD_GTFS_PROXIMITY_NOT_CURRENT_SERVICE_GUARANTEE,150.0,220.0,55d726564e13acca55ce563cc911263ac513acb0,7c220f7586d0f6e5cccd14a2d518be52eb1c4a55,097010,Brivio,1662,1339,FACT_ISTAT_2021_WORK_COMMUTING_MUNICIPAL_ONLY_NOT_STOP_DEMAND
193695886,unclassified,missing_lanes|missing_maxheight|missing_maxweight|missing_maxwidth|missing_width,1,528789.183380638,5065676.558634097,9.3700953464023,45.74404668376491,POP_GAP8:WP_00599|POP_GAP8:WP_00719,2,6508,2.04714582592554,0.025589322824069248,True,275.5230251978717,47.75603937586765,227.76698582200402,82.66713304938096,805.5271134399886,15.810601260412916,789.7165121795758,98.0372353708997,1205.5415637446129,15.325946232199065,1190.2156175124137,98.7287085992627,1451.7777017989276,0.0645888521021437,1451.7131129468255,99.99555105082396,357.611773440667,EX_022,D184,1,1,0,,4,0,,False,False,P2S_0155,PROPOSED_STOP,FIELD_CHECK_PENDING,PROPOSED_STOP/FIELD_CHECK_PENDING,DERIVED_GATE_D_BUS_ELIGIBLE,HYPOTHESIS_NOT_RECOMMENDATION,False,DERIVED_FROM_REFERENCE_PERIOD_GTFS_PROXIMITY_NOT_CURRENT_SERVICE_GUARANTEE,150.0,220.0,55d726564e13acca55ce563cc911263ac513acb0,7c220f7586d0f6e5cccd14a2d518be52eb1c4a55,097074,Santa Maria Hoè,836,724,FACT_ISTAT_2021_WORK_COMMUTING_MUNICIPAL_ONLY_NOT_STOP_DEMAND
1463998898,service,missing_lanes|missing_maxheight|missing_maxweight|missing_maxwidth|missing_width,0,534494.8692057753,5065708.236929601,9.443444220352703,45.74407067226813,POP_GAP8:WP_00677,1,26653,4.05085354372425,0.050635669296553124,True,390.7970912165779,177.39990892632298,213.39718229025493,54.60562196763927,1144.8358845702141,104.45794511990343,1040.3779394503108,90.87572755818026,1839.8011275148995,94.71220131073457,1745.0889262041649,94.85204134869367,2051.657419133627,11.325868856125613,2040.331550277502,99.44796491117373,295.07462339719217,EX_036,D148|D150|D185,3,2,0,,5,0,,False,False,P2S_0156,PROPOSED_STOP,FIELD_CHECK_PENDING,PROPOSED_STOP/FIELD_CHECK_PENDING,DERIVED_GATE_D_BUS_ELIGIBLE,HYPOTHESIS_NOT_RECOMMENDATION,True,DERIVED_FROM_REFERENCE_PERIOD_GTFS_PROXIMITY_NOT_CURRENT_SERVICE_GUARANTEE,150.0,220.0,55d726564e13acca55ce563cc911263ac513acb0,7c220f7586d0f6e5cccd14a2d518be52eb1c4a55,097010,Brivio,1662,1339,FACT_ISTAT_2021_WORK_COMMUTING_MUNICIPAL_ONLY_NOT_STOP_DEMAND
193695913,tertiary,missing_lanes|missing_maxheight|missing_maxweight|missing_maxwidth|missing_width,0,528213.8737746896,5065744.678056024,9.36270365527849,45.74468351426154,POP_GAP8:WP_00708|POP_GAP8:WP_00709,2,4550,15.20418179026671,0.19005227237833386,True,8.786699826963142,8.34566949930999,0.4410303276531515,5.019294346437009,97.21367994132295,16.81253569523289,80.40114424609007,82.70558659503402,236.64240876447846,16.200680722944853,220.4417280415336,93.15394023939774,777.9578800678214,0.9987213424088357,776.9591587254126,99.87162269732113,711.205118138139,EX_030,D160|D184,2,1,1,Cascinette Nere,0,0,,False,False,P2S_0157,PROPOSED_STOP,FIELD_CHECK_PENDING,PROPOSED_STOP/FIELD_CHECK_PENDING,DERIVED_GATE_D_BUS_ELIGIBLE,HYPOTHESIS_NOT_RECOMMENDATION,False,DERIVED_FROM_REFERENCE_PERIOD_GTFS_PROXIMITY_NOT_CURRENT_SERVICE_GUARANTEE,150.0,220.0,55d726564e13acca55ce563cc911263ac513acb0,7c220f7586d0f6e5cccd14a2d518be52eb1c4a55,097092,La Valletta Brianza,1796,1521,FACT_ISTAT_2021_WORK_COMMUTING_MUNICIPAL_ONLY_NOT_STOP_DEMAND
1465348998,service,missing_lanes|missing_maxheight|missing_maxweight|missing_maxwidth|missing_width,0,533216.9414559469,5065748.082100249,9.427019193277033,45.744491877861435,POP_GAP8:WP_00546|POP_GAP8:WP_00547|POP_GAP8:WP_00548|POP_GAP8:WP_00654|POP_GAP8:WP_00655|POP_GAP8:WP_00656|POP_GAP8:WP_00657|POP_GAP8:WP_00777|POP_GAP8:WP_00778,9,23265,18.638195917487472,0.2329774489685934,True,53.50707620518043,53.50707620518043,0.0,0.0,76.84715907971876,45.5431380797059,31.304021000012845,40.735430398330095,80.03042593333694,42.11176552889546,37.91866040444148,47.38030563029446,155.33791757215425,4.778046979998097,150.5598705921562,96.92409486706381,849.4853159461023,EX_014,D148|D150,2,0,0,,0,0,,False,False,P2S_0158,PROPOSED_STOP,FIELD_CHECK_PENDING,PROPOSED_STOP/FIELD_CHECK_PENDING,DERIVED_GATE_D_BUS_ELIGIBLE,HYPOTHESIS_NOT_RECOMMENDATION,False,DERIVED_FROM_REFERENCE_PERIOD_GTFS_PROXIMITY_NOT_CURRENT_SERVICE_GUARANTEE,150.0,220.0,55d726564e13acca55ce563cc911263ac513acb0,7c220f7586d0f6e5cccd14a2d518be52eb1c4a55,097010,Brivio,1662,1339,FACT_ISTAT_2021_WORK_COMMUTING_MUNICIPAL_ONLY_NOT_STOP_DEMAND
46739952,primary,missing_maxheight|missing_maxweight|missing_maxwidth|missing_width,5,527027.5614990433,5065754.5029041665,9.347453847314693,45.74481933874013,POP_GAP8:WP_00210|POP_GAP8:WP_00211|POP_GAP8:WP_00287|POP_GAP8:WP_00288|POP_GAP8:WP_00289|POP_GAP8:WP_00290|POP_GAP8:WP_00291|POP_GAP8:WP_00292|POP_GAP8:WP_00376|POP_GAP8:WP_00377|POP_GAP8:WP_00378|POP_GAP8:WP_00379|POP_GAP8:WP_00380|POP_GAP8:WP_00381|POP_GAP8:WP_00382|POP_GAP8:WP_00383|POP_GAP8:WP_00384|POP_GAP8:WP_00478|POP_GAP8:WP_00479|POP_GAP8:WP_00480|POP_GAP8:WP_00481|POP_GAP8:WP_00482|POP_GAP8:WP_00483|POP_GAP8:WP_00484|POP_GAP8:WP_00485|POP_GAP8:WP_00582|POP_GAP8:WP_00583|POP_GAP8:WP_00584|POP_GAP8:WP_00585|POP_GAP8:WP_00586|POP_GAP8:WP_00587|POP_GAP8:WP_00692|POP_GAP8:WP_00693|POP_GAP8:WP_00694|POP_GAP8:WP_00695,35,1818,12.054639978635167,0.15068299973293958,True,1.663916115684392,1.663916115684392,0.0,0.0,4.714985057914337,4.714985057914337,0.0,0.0,6.7880818510109515,6.336016537083183,0.45206531392776766,6.659691557202444,25.916065563094435,8.28370922351527,17.63235633957916,68.0363934743566,1438.2801231716426,EX_027,D184,1,0,0,,0,0,,False,False,P2S_0159,PROPOSED_STOP,FIELD_CHECK_PENDING,PROPOSED_STOP/FIELD_CHECK_PENDING,DERIVED_GATE_D_BUS_ELIGIBLE,HYPOTHESIS_NOT_RECOMMENDATION,False,DERIVED_FROM_REFERENCE_PERIOD_GTFS_PROXIMITY_NOT_CURRENT_SERVICE_GUARANTEE,150.0,220.0,55d726564e13acca55ce563cc911263ac513acb0,7c220f7586d0f6e5cccd14a2d518be52eb1c4a55,097092,La Valletta Brianza,1796,1521,FACT_ISTAT_2021_WORK_COMMUTING_MUNICIPAL_ONLY_NOT_STOP_DEMAND
223276929,unclassified,missing_lanes|missing_maxheight|missing_maxweight|missing_maxwidth|missing_width,2,533477.4322841978,5065761.324459678,9.430368744558898,45.74459850109908,POP_GAP8:WP_00344|POP_GAP8:WP_00345|POP_GAP8:WP_00446|POP_GAP8:WP_00447|POP_GAP8:WP_00448|POP_GAP8:WP_00449|POP_GAP8:WP_00549|POP_GAP8:WP_00550|POP_GAP8:WP_00551|POP_GAP8:WP_00552|POP_GAP8:WP_00553|POP_GAP8:WP_00554|POP_GAP8:WP_00555|POP_GAP8:WP_00657|POP_GAP8:WP_00658|POP_GAP8:WP_00659|POP_GAP8:WP_00660|POP_GAP8:WP_00661|POP_GAP8:WP_00662|POP_GAP8:WP_00663|POP_GAP8:WP_00664|POP_GAP8:WP_00779|POP_GAP8:WP_00780|POP_GAP8:WP_00781|POP_GAP8:WP_00782|POP_GAP8:WP_00783|POP_GAP8:WP_00784|POP_GAP8:WP_00785|POP_GAP8:WP_00898|POP_GAP8:WP_00899,30,23959,3.696117036480865,0.04620146295601081,True,50.84935064242023,50.84935064242023,0.0,0.0,152.18092746711383,55.597183580537,96.58374388657687,63.46639194155821,326.6208327499477,42.14714161338053,284.4736911365672,87.09600325903057,685.9419808463911,4.778046979998097,681.163933866393,99.30343278099085,930.3160735250347,EX_014,D148|D150,2,0,0,,0,0,,False,False,P2S_0160,PROPOSED_STOP,FIELD_CHECK_PENDING,PROPOSED_STOP/FIELD_CHECK_PENDING,DERIVED_GATE_D_BUS_ELIGIBLE,HYPOTHESIS_NOT_RECOMMENDATION,False,DERIVED_FROM_REFERENCE_PERIOD_GTFS_PROXIMITY_NOT_CURRENT_SERVICE_GUARANTEE,150.0,220.0,55d726564e13acca55ce563cc911263ac513acb0,7c220f7586d0f6e5cccd14a2d518be52eb1c4a55,097010,Brivio,1662,1339,FACT_ISTAT_2021_WORK_COMMUTING_MUNICIPAL_ONLY_NOT_STOP_DEMAND
1463993515,service,missing_lanes|missing_maxheight|missing_maxweight|missing_maxwidth|missing_width,0,534097.5116338872,5065852.31052094,9.438346343406991,45.74538711574035,POP_GAP8:WP_00455|POP_GAP8:WP_00556|POP_GAP8:WP_00557|POP_GAP8:WP_00558|POP_GAP8:WP_00559|POP_GAP8:WP_00560|POP_GAP8:WP_00561|POP_GAP8:WP_00562|POP_GAP8:WP_00665|POP_GAP8:WP_00666|POP_GAP8:WP_00667|POP_GAP8:WP_00668|POP_GAP8:WP_00669|POP_GAP8:WP_00786|POP_GAP8:WP_00787|POP_GAP8:WP_00788,16,25431,7.2501888711591835,0.09062736088948979,True,6.310953618215074,6.310953618215074,0.0,0.0,268.70357844590757,109.24489962523958,159.45867882066798,59.343712407152935,513.3916088940633,92.96342309259187,420.42818580147144,81.89229791019538,551.4611862769071,13.188258269190449,538.2729280077168,97.60848839458158,937.1973128503165,EX_036,D148|D150|D185,3,0,0,,0,0,,False,False,P2S_0161,PROPOSED_STOP,FIELD_CHECK_PENDING,PROPOSED_STOP/FIELD_CHECK_PENDING,DERIVED_GATE_D_BUS_ELIGIBLE,HYPOTHESIS_NOT_RECOMMENDATION,False,DERIVED_FROM_REFERENCE_PERIOD_GTFS_PROXIMITY_NOT_CURRENT_SERVICE_GUARANTEE,150.0,220.0,55d726564e13acca55ce563cc911263ac513acb0,7c220f7586d0f6e5cccd14a2d518be52eb1c4a55,097010,Brivio,1662,1339,FACT_ISTAT_2021_WORK_COMMUTING_MUNICIPAL_ONLY_NOT_STOP_DEMAND
1441912560,unclassified,missing_lanes|missing_maxheight|missing_maxweight|missing_maxwidth|missing_width,1,530197.4948279395,5065853.140621819,9.388210304839351,45.745575939796815,POP_GAP8:WP_00314|POP_GAP8:WP_00315|POP_GAP8:WP_00406|POP_GAP8:WP_00407|POP_GAP8:WP_00408|POP_GAP8:WP_00409|POP_GAP8:WP_00410|POP_GAP8:WP_00513|POP_GAP8:WP_00514|POP_GAP8:WP_00515|SETTLEMENT_GAP8:OSM_POINT_2456277169,11,12774,0.6364509308850588,0.007955636636063235,True,4.961097507902624,4.961097507902624,0.0,0.0,5.619299255934272,5.619299255934272,0.0,0.0,6.3630750319134854,6.3630750319134854,0.0,0.0,7.811256844691363,7.251430242764941,0.5598266019264235,7.166920932921177,1260.835365115338,EX_033,D184,1,2,2,Mirabella|Paù,0,0,,False,False,P2S_0162,PROPOSED_STOP,FIELD_CHECK_PENDING,PROPOSED_STOP/FIELD_CHECK_PENDING,DERIVED_GATE_D_BUS_ELIGIBLE,HYPOTHESIS_NOT_RECOMMENDATION,False,DERIVED_FROM_REFERENCE_PERIOD_GTFS_PROXIMITY_NOT_CURRENT_SERVICE_GUARANTEE,150.0,220.0,55d726564e13acca55ce563cc911263ac513acb0,7c220f7586d0f6e5cccd14a2d518be52eb1c4a55,097074,Santa Maria Hoè,836,724,FACT_ISTAT_2021_WORK_COMMUTING_MUNICIPAL_ONLY_NOT_STOP_DEMAND
46739952,primary,missing_maxheight|missing_maxweight|missing_maxwidth|missing_width,7,526768.2135032103,5065901.963518743,9.344128005278757,45.746156660740525,POP_GAP8:WP_00140|POP_GAP8:WP_00141|POP_GAP8:WP_00142|POP_GAP8:WP_00143|POP_GAP8:WP_00204|POP_GAP8:WP_00205|POP_GAP8:WP_00206|POP_GAP8:WP_00207|POP_GAP8:WP_00208|POP_GAP8:WP_00209|POP_GAP8:WP_00282|POP_GAP8:WP_00283|POP_GAP8:WP_00284|POP_GAP8:WP_00285|POP_GAP8:WP_00286|POP_GAP8:WP_00287|POP_GAP8:WP_00288|POP_GAP8:WP_00289|POP_GAP8:WP_00371|POP_GAP8:WP_00372|POP_GAP8:WP_00373|POP_GAP8:WP_00374|POP_GAP8:WP_00375|POP_GAP8:WP_00376|POP_GAP8:WP_00377|POP_GAP8:WP_00378|POP_GAP8:WP_00474|POP_GAP8:WP_00475|POP_GAP8:WP_00476|POP_GAP8:WP_00477|POP_GAP8:WP_00478|POP_GAP8:WP_00479|POP_GAP8:WP_00580|POP_GAP8:WP_00581,34,1373,1.2913343185982344,0.016141678982477932,True,2.0872849488743066,2.0872849488743066,0.0,0.0,2.7888469408771814,2.7888469408771814,0.0,0.0,3.604480832630058,3.604480832630058,0.0,0.0,5.164577042630718,4.658387220940981,0.5061898216897371,9.801186380054379,1714.170843214583,EX_027,D184,1,0,0,,0,0,,False,False,P2S_0163,PROPOSED_STOP,FIELD_CHECK_PENDING,PROPOSED_STOP/FIELD_CHECK_PENDING,DERIVED_GATE_D_BUS_ELIGIBLE,HYPOTHESIS_NOT_RECOMMENDATION,False,DERIVED_FROM_REFERENCE_PERIOD_GTFS_PROXIMITY_NOT_CURRENT_SERVICE_GUARANTEE,150.0,220.0,55d726564e13acca55ce563cc911263ac513acb0,7c220f7586d0f6e5cccd14a2d518be52eb1c4a55,097092,La Valletta Brianza,1796,1521,FACT_ISTAT_2021_WORK_COMMUTING_MUNICIPAL_ONLY_NOT_STOP_DEMAND
194077338,residential,missing_lanes|missing_maxheight|missing_maxweight|missing_maxwidth|missing_width,1,529290.2532707565,5065911.448063167,9.376550855134111,45.74613977205124,POP_GAP8:WP_00225|POP_GAP8:WP_00226|POP_GAP8:WP_00227|POP_GAP8:WP_00303|POP_GAP8:WP_00304|POP_GAP8:WP_00305|POP_GAP8:WP_00306|POP_GAP8:WP_00307|POP_GAP8:WP_00397|POP_GAP8:WP_00398|SETTLEMENT_GAP8:OSM_POINT_13912253728,11,8747,3.0917092697731565,0.038646365872164454,True,40.51322840828822,1.167328087592828,39.34590032069539,97.11864955360107,203.35072955628664,0.668399978739567,202.68232957754708,99.67130682038957,542.2435286806979,0.3930909439240077,541.8504377367739,99.92750656796579,1006.3539428806487,0.24423476652192141,1006.1097081141268,99.97573072891008,397.0794974584001,EX_022,D184,1,1,0,,2,0,,False,False,P2S_0164,PROPOSED_STOP,FIELD_CHECK_PENDING,PROPOSED_STOP/FIELD_CHECK_PENDING,DERIVED_GATE_D_BUS_ELIGIBLE,HYPOTHESIS_NOT_RECOMMENDATION,False,DERIVED_FROM_REFERENCE_PERIOD_GTFS_PROXIMITY_NOT_CURRENT_SERVICE_GUARANTEE,150.0,220.0,55d726564e13acca55ce563cc911263ac513acb0,7c220f7586d0f6e5cccd14a2d518be52eb1c4a55,097074,Santa Maria Hoè,836,724,FACT_ISTAT_2021_WORK_COMMUTING_MUNICIPAL_ONLY_NOT_STOP_DEMAND
173605027,residential,missing_lanes|missing_maxheight|missing_maxweight|missing_maxwidth|missing_width,1,526214.9923922456,5065954.0966341,9.337018829601638,45.74664708918334,POP_GAP8:WP_00197|POP_GAP8:WP_00198|POP_GAP8:WP_00199|POP_GAP8:WP_00278|POP_GAP8:WP_00279|POP_GAP8:WP_00369,6,473,1.2990387742580212,0.016237984678225265,True,0.0,0.0,0.0,0.0,0.2610467453470649,0.2610467453470649,0.0,0.0,0.2610467453470649,0.2610467453470649,0.0,0.0,0.5389904450029537,0.5389904450029537,0.0,0.0,3221.9062841472723,EX_027,D184,1,0,0,,0,0,,False,False,P2S_0165,PROPOSED_STOP,FIELD_CHECK_PENDING,PROPOSED_STOP/FIELD_CHECK_PENDING,DERIVED_GATE_D_BUS_ELIGIBLE,HYPOTHESIS_NOT_RECOMMENDATION,False,DERIVED_FROM_REFERENCE_PERIOD_GTFS_PROXIMITY_NOT_CURRENT_SERVICE_GUARANTEE,150.0,220.0,55d726564e13acca55ce563cc911263ac513acb0,7c220f7586d0f6e5cccd14a2d518be52eb1c4a55,097092,La Valletta Brianza,1796,1521,FACT_ISTAT_2021_WORK_COMMUTING_MUNICIPAL_ONLY_NOT_STOP_DEMAND
1462627794,service,missing_lanes|missing_maxheight|missing_maxweight|missing_maxwidth|missing_width,0,528034.0185404097,5066015.610405629,9.360407263572663,45.74712937576508,SETTLEMENT_GAP8:OSM_POINT_2101450231,1,3924,8.250684097458736,0.1031335512182342,True,0.0,0.0,0.0,0.0,0.0,0.0,0.0,0.0,0.541759898149707,0.0,0.541759898149707,100.0,10.286980126141648,0.0,10.286980126141648,100.0,1273.6984091709614,EX_030,D160|D184,2,1,1,Cascinette Nere,0,0,,False,False,P2S_0166,PROPOSED_STOP,FIELD_CHECK_PENDING,PROPOSED_STOP/FIELD_CHECK_PENDING,DERIVED_GATE_D_BUS_ELIGIBLE,HYPOTHESIS_NOT_RECOMMENDATION,False,DERIVED_FROM_REFERENCE_PERIOD_GTFS_PROXIMITY_NOT_CURRENT_SERVICE_GUARANTEE,150.0,220.0,55d726564e13acca55ce563cc911263ac513acb0,7c220f7586d0f6e5cccd14a2d518be52eb1c4a55,097074,Santa Maria Hoè,836,724,FACT_ISTAT_2021_WORK_COMMUTING_MUNICIPAL_ONLY_NOT_STOP_DEMAND
1463998917,service,missing_lanes|missing_maxheight|missing_maxweight|missing_maxwidth|missing_width,0,534451.3844721558,5066016.124102941,9.442907139130345,45.74684397220089,POP_GAP8:WP_00267|POP_GAP8:WP_00270|POP_GAP8:WP_00271|POP_GAP8:WP_00358,4,26398,13.678821325321163,0.17098526656651453,True,289.6486960553861,213.91296335132918,75.73573270405691,26.147444727172143,534.659599249599,155.24019838028929,379.4194008693097,70.9646663787257,614.859510452165,100.26524736403913,514.5942630881257,83.69298259852813,972.8701221068746,16.685243952885724,956.184878153989,98.2849464102411,658.6765413127354,EX_036,D148|D150|D185,3,1,0,,1,0,,False,False,P2S_0167,PROPOSED_STOP,FIELD_CHECK_PENDING,PROPOSED_STOP/FIELD_CHECK_PENDING,DERIVED_GATE_D_BUS_ELIGIBLE,HYPOTHESIS_NOT_RECOMMENDATION,False,DERIVED_FROM_REFERENCE_PERIOD_GTFS_PROXIMITY_NOT_CURRENT_SERVICE_GUARANTEE,150.0,220.0,55d726564e13acca55ce563cc911263ac513acb0,7c220f7586d0f6e5cccd14a2d518be52eb1c4a55,097010,Brivio,1662,1339,FACT_ISTAT_2021_WORK_COMMUTING_MUNICIPAL_ONLY_NOT_STOP_DEMAND
1460724518,service,missing_lanes|missing_maxheight|missing_maxweight|missing_maxwidth|missing_width,0,533083.0710316558,5066040.2699435055,9.425318245956072,45.74712813299249,POP_GAP8:WP_00343,1,22763,2.663050591099683,0.03328813238874604,True,17.163239793902758,17.163239793902758,0.0,0.0,62.00566643475471,30.70164543474187,31.304021000012845,50.485742352196816,78.9639536958763,41.07240312834076,37.8915505675355,47.98588317078442,129.93459287693645,4.550864554614085,125.38372832232238,96.49757277577014,813.728480650179,EX_014,D148|D150,2,0,0,,0,0,,False,False,P2S_0168,PROPOSED_STOP,FIELD_CHECK_PENDING,PROPOSED_STOP/FIELD_CHECK_PENDING,DERIVED_GATE_D_BUS_ELIGIBLE,HYPOTHESIS_NOT_RECOMMENDATION,False,DERIVED_FROM_REFERENCE_PERIOD_GTFS_PROXIMITY_NOT_CURRENT_SERVICE_GUARANTEE,150.0,220.0,55d726564e13acca55ce563cc911263ac513acb0,7c220f7586d0f6e5cccd14a2d518be52eb1c4a55,097010,Brivio,1662,1339,FACT_ISTAT_2021_WORK_COMMUTING_MUNICIPAL_ONLY_NOT_STOP_DEMAND
46739952,primary,missing_maxheight|missing_maxweight|missing_maxwidth|missing_width,9,526510.9122827821,5066050.663768023,9.340828385120652,45.74750496501086,POP_GAP8:WP_00099|POP_GAP8:WP_00100|POP_GAP8:WP_00136|POP_GAP8:WP_00137|POP_GAP8:WP_00138|POP_GAP8:WP_00139|POP_GAP8:WP_00200|POP_GAP8:WP_00201|POP_GAP8:WP_00202|POP_GAP8:WP_00203|POP_GAP8:WP_00204|POP_GAP8:WP_00205|POP_GAP8:WP_00206|POP_GAP8:WP_00278|POP_GAP8:WP_00279|POP_GAP8:WP_00280|POP_GAP8:WP_00281|POP_GAP8:WP_00282|POP_GAP8:WP_00283|POP_GAP8:WP_00284|POP_GAP8:WP_00369|POP_GAP8:WP_00370|POP_GAP8:WP_00371|POP_GAP8:WP_00372|POP_GAP8:WP_00373|POP_GAP8:WP_00472|POP_GAP8:WP_00473,27,845,4.830065201760014,0.06037581502200018,True,1.698026533233097,1.698026533233097,0.0,0.0,2.3473006411542476,2.3473006411542476,0.0,0.0,2.8505441935073152,2.8505441935073152,0.0,0.0,3.327837385880135,3.327837385880135,0.0,0.0,2014.1708432137511,EX_027,D184,1,0,0,,0,0,,False,False,P2S_0169,PROPOSED_STOP,FIELD_CHECK_PENDING,PROPOSED_STOP/FIELD_CHECK_PENDING,DERIVED_GATE_D_BUS_ELIGIBLE,HYPOTHESIS_NOT_RECOMMENDATION,False,DERIVED_FROM_REFERENCE_PERIOD_GTFS_PROXIMITY_NOT_CURRENT_SERVICE_GUARANTEE,150.0,220.0,55d726564e13acca55ce563cc911263ac513acb0,7c220f7586d0f6e5cccd14a2d518be52eb1c4a55,097092,La Valletta Brianza,1796,1521,FACT_ISTAT_2021_WORK_COMMUTING_MUNICIPAL_ONLY_NOT_STOP_DEMAND
223281171,unclassified,missing_lanes|missing_maxheight|missing_maxweight|missing_maxwidth|missing_width,2,534063.3397737294,5066087.586858897,9.437923612469849,45.74750640081254,POP_GAP8:WP_00117|POP_GAP8:WP_00118|POP_GAP8:WP_00178|POP_GAP8:WP_00179|POP_GAP8:WP_00180|POP_GAP8:WP_00259|POP_GAP8:WP_00260|POP_GAP8:WP_00261|POP_GAP8:WP_00262|POP_GAP8:WP_00346|POP_GAP8:WP_00347|POP_GAP8:WP_00348|POP_GAP8:WP_00349|POP_GAP8:WP_00350,14,25372,13.367510912332019,0.16709388640415024,True,7.650677515252072,7.650677515252072,0.0,0.0,128.81741409827504,78.40220865146372,50.41520544681128,39.136948835465226,302.4057226759359,58.68786075073927,243.71786192519667,80.59300590232866,518.699093736998,14.82559035038157,503.87350338661645,97.14177438723294,1078.2663852769335,EX_036,D148|D150|D185,3,0,0,,0,0,,False,False,P2S_0170,PROPOSED_STOP,FIELD_CHECK_PENDING,PROPOSED_STOP/FIELD_CHECK_PENDING,DERIVED_GATE_D_BUS_ELIGIBLE,HYPOTHESIS_NOT_RECOMMENDATION,False,DERIVED_FROM_REFERENCE_PERIOD_GTFS_PROXIMITY_NOT_CURRENT_SERVICE_GUARANTEE,150.0,220.0,55d726564e13acca55ce563cc911263ac513acb0,7c220f7586d0f6e5cccd14a2d518be52eb1c4a55,097010,Brivio,1662,1339,FACT_ISTAT_2021_WORK_COMMUTING_MUNICIPAL_ONLY_NOT_STOP_DEMAND
194068558,unclassified,missing_lanes|missing_maxheight|missing_maxweight|missing_maxwidth|missing_width,0,530069.414831913,5066145.495418944,9.386581946502163,45.748212873452545,POP_GAP8:WP_00106|POP_GAP8:WP_00107|POP_GAP8:WP_00108|POP_GAP8:WP_00109|POP_GAP8:WP_00110|POP_GAP8:WP_00157|POP_GAP8:WP_00158|POP_GAP8:WP_00159|POP_GAP8:WP_00160|POP_GAP8:WP_00161|POP_GAP8:WP_00162|POP_GAP8:WP_00228|POP_GAP8:WP_00229|POP_GAP8:WP_00230|POP_GAP8:WP_00231|POP_GAP8:WP_00232|POP_GAP8:WP_00233|POP_GAP8:WP_00309|POP_GAP8:WP_00310|POP_GAP8:WP_00311|POP_GAP8:WP_00312|POP_GAP8:WP_00313|POP_GAP8:WP_00314,23,12106,8.661841577472751,0.10827301971840939,True,0.1298608728210865,0.1298608728210865,0.0,0.0,0.174003537106494,0.174003537106494,0.0,0.0,5.067281133239308,5.067281133239308,0.0,0.0,5.272534875483611,5.272534875483611,0.0,0.0,2017.4123111824433,EX_033,D184,1,1,1,Paù,0,0,,False,False,P2S_0171,PROPOSED_STOP,FIELD_CHECK_PENDING,PROPOSED_STOP/FIELD_CHECK_PENDING,DERIVED_GATE_D_BUS_ELIGIBLE,HYPOTHESIS_NOT_RECOMMENDATION,False,DERIVED_FROM_REFERENCE_PERIOD_GTFS_PROXIMITY_NOT_CURRENT_SERVICE_GUARANTEE,150.0,220.0,55d726564e13acca55ce563cc911263ac513acb0,7c220f7586d0f6e5cccd14a2d518be52eb1c4a55,097074,Santa Maria Hoè,836,724,FACT_ISTAT_2021_WORK_COMMUTING_MUNICIPAL_ONLY_NOT_STOP_DEMAND
173605070,residential,missing_maxheight|missing_maxweight|missing_maxwidth|missing_width,0,526105.8894460511,5066147.474740831,9.33562666198269,45.74839173477839,POP_GAP8:WP_00096|POP_GAP8:WP_00097|POP_GAP8:WP_00134|POP_GAP8:WP_00135,4,371,13.371692320212507,0.16714615400265634,True,0.2610467453470649,0.2610467453470649,0.0,0.0,0.7106387300634471,0.7106387300634471,0.0,0.0,0.8977426391961716,0.8977426391961716,0.0,0.0,1.2791618518917325,1.2791618518917325,0.0,0.0,2834.0645467540935,EX_027,D184,1,0,0,,0,0,,False,False,P2S_0172,PROPOSED_STOP,FIELD_CHECK_PENDING,PROPOSED_STOP/FIELD_CHECK_PENDING,DERIVED_GATE_D_BUS_ELIGIBLE,HYPOTHESIS_NOT_RECOMMENDATION,False,DERIVED_FROM_REFERENCE_PERIOD_GTFS_PROXIMITY_NOT_CURRENT_SERVICE_GUARANTEE,150.0,220.0,55d726564e13acca55ce563cc911263ac513acb0,7c220f7586d0f6e5cccd14a2d518be52eb1c4a55,097092,La Valletta Brianza,1796,1521,FACT_ISTAT_2021_WORK_COMMUTING_MUNICIPAL_ONLY_NOT_STOP_DEMAND
194466451,residential,missing_lanes|missing_maxheight|missing_maxweight|missing_maxwidth|missing_width,1,529039.5542280853,5066151.1385487765,9.37334235898954,45.74830769529592,SETTLEMENT_GAP8:OSM_POINT_13838884594,1,7662,11.38382985563262,0.14229787319540774,True,0.0918730754042931,0.0918730754042931,0.0,0.0,17.649471705988933,0.1697746039012391,17.47969710208769,99.03807543517786,17.72012408477538,0.2404269826876882,17.47969710208769,98.64319808632571,100.19063901971413,0.2404269826876882,99.95021203702643,99.76003049282839,736.3671843711576,EX_028,D184,1,1,1,Cornera,0,0,,False,False,P2S_0173,PROPOSED_STOP,FIELD_CHECK_PENDING,PROPOSED_STOP/FIELD_CHECK_PENDING,DERIVED_GATE_D_BUS_ELIGIBLE,HYPOTHESIS_NOT_RECOMMENDATION,False,DERIVED_FROM_REFERENCE_PERIOD_GTFS_PROXIMITY_NOT_CURRENT_SERVICE_GUARANTEE,150.0,220.0,55d726564e13acca55ce563cc911263ac513acb0,7c220f7586d0f6e5cccd14a2d518be52eb1c4a55,097074,Santa Maria Hoè,836,724,FACT_ISTAT_2021_WORK_COMMUTING_MUNICIPAL_ONLY_NOT_STOP_DEMAND
193695892,residential,missing_lanes|missing_maxheight|missing_maxweight|missing_maxwidth|missing_width,0,527087.4641375277,5066231.901272511,9.348250632084126,45.74911385573518,POP_GAP8:WP_00140|POP_GAP8:WP_00141|POP_GAP8:WP_00142|POP_GAP8:WP_00143|POP_GAP8:WP_00208|POP_GAP8:WP_00209|POP_GAP8:WP_00210|POP_GAP8:WP_00211|POP_GAP8:WP_00290|POP_GAP8:WP_00291|POP_GAP8:WP_00292,11,1938,8.579485831774038,0.10724357289717548,True,0.7009329085683069,0.7009329085683069,0.0,0.0,0.7009329085683069,0.7009329085683069,0.0,0.0,0.7009329085683069,0.7009329085683069,0.0,0.0,0.7009329085683069,0.7009329085683069,0.0,0.0,2401.513630100102,EX_030,D160|D184,2,0,0,,0,0,,False,False,P2S_0174,PROPOSED_STOP,FIELD_CHECK_PENDING,PROPOSED_STOP/FIELD_CHECK_PENDING,DERIVED_GATE_D_BUS_ELIGIBLE,HYPOTHESIS_NOT_RECOMMENDATION,False,DERIVED_FROM_REFERENCE_PERIOD_GTFS_PROXIMITY_NOT_CURRENT_SERVICE_GUARANTEE,150.0,220.0,55d726564e13acca55ce563cc911263ac513acb0,7c220f7586d0f6e5cccd14a2d518be52eb1c4a55,097092,La Valletta Brianza,1796,1521,FACT_ISTAT_2021_WORK_COMMUTING_MUNICIPAL_ONLY_NOT_STOP_DEMAND
187025973,tertiary,missing_lanes|missing_maxheight|missing_maxweight|missing_maxwidth|missing_width,3,534250.3296342466,5066258.395757819,9.44033960012328,45.74903452306957,POP_GAP8:WP_00082|POP_GAP8:WP_00083|POP_GAP8:WP_00084|POP_GAP8:WP_00119|POP_GAP8:WP_00120|POP_GAP8:WP_00121|POP_GAP8:WP_00122|POP_GAP8:WP_00181|POP_GAP8:WP_00182,9,25788,5.265208560929594,0.06581510701161992,True,102.90623421998168,102.90623421998168,0.0,0.0,367.56053963028415,154.48124029611648,213.07929933416767,57.97121191205574,548.7290628402094,109.45687573102889,439.27218710918055,80.05265564676263,609.3437276159077,24.97584325829945,584.3678843576085,95.90118973473008,901.4012849973946,EX_036,D148|D150|D185,3,0,0,,0,0,,False,False,P2S_0175,PROPOSED_STOP,FIELD_CHECK_PENDING,PROPOSED_STOP/FIELD_CHECK_PENDING,DERIVED_GATE_D_BUS_ELIGIBLE,HYPOTHESIS_NOT_RECOMMENDATION,False,DERIVED_FROM_REFERENCE_PERIOD_GTFS_PROXIMITY_NOT_CURRENT_SERVICE_GUARANTEE,150.0,220.0,55d726564e13acca55ce563cc911263ac513acb0,7c220f7586d0f6e5cccd14a2d518be52eb1c4a55,097010,Brivio,1662,1339,FACT_ISTAT_2021_WORK_COMMUTING_MUNICIPAL_ONLY_NOT_STOP_DEMAND
574484304,tertiary,missing_maxheight|missing_maxweight|missing_maxwidth|missing_width,5,528119.9780372668,5066358.467195596,9.361532264382618,45.750211788552946,POP_GAP8:WP_00076,1,4256,38.312730810235124,0.47890913512793903,True,0.0,0.0,0.0,0.0,0.0766166026553718,0.0766166026553718,0.0,0.0,0.0766166026553718,0.0766166026553718,0.0,0.0,0.0766166026553718,0.0,0.0766166026553718,100.0,936.6916171740412,EX_028,D184,1,0,0,,0,0,,False,False,P2S_0176,PROPOSED_STOP,FIELD_CHECK_PENDING,PROPOSED_STOP/FIELD_CHECK_PENDING,DERIVED_GATE_D_BUS_ELIGIBLE,HYPOTHESIS_NOT_RECOMMENDATION,False,DERIVED_FROM_REFERENCE_PERIOD_GTFS_PROXIMITY_NOT_CURRENT_SERVICE_GUARANTEE,150.0,220.0,55d726564e13acca55ce563cc911263ac513acb0,7c220f7586d0f6e5cccd14a2d518be52eb1c4a55,097074,Santa Maria Hoè,836,724,FACT_ISTAT_2021_WORK_COMMUTING_MUNICIPAL_ONLY_NOT_STOP_DEMAND
1463998933,service,missing_lanes|missing_maxheight|missing_maxweight|missing_maxwidth|missing_width,2,534498.3475803763,5066360.301947281,9.443535413129005,45.74993939340752,POP_GAP8:WP_00043|POP_GAP8:WP_00044|POP_GAP8:WP_00045|POP_GAP8:WP_00056|POP_GAP8:WP_00057|POP_GAP8:WP_00058|POP_GAP8:WP_00059|POP_GAP8:WP_00070|POP_GAP8:WP_00071|POP_GAP8:WP_00072|POP_GAP8:WP_00073|POP_GAP8:WP_00074|POP_GAP8:WP_00075|POP_GAP8:WP_00087|POP_GAP8:WP_00088|POP_GAP8:WP_00089|POP_GAP8:WP_00090|POP_GAP8:WP_00091|POP_GAP8:WP_00092|POP_GAP8:WP_00093|POP_GAP8:WP_00094|POP_GAP8:WP_00095|POP_GAP8:WP_00127|POP_GAP8:WP_00128|POP_GAP8:WP_00129|POP_GAP8:WP_00130|POP_GAP8:WP_00131|POP_GAP8:WP_00132|POP_GAP8:WP_00133,29,26688,6.611756574883811,0.08264695718604764,True,63.50437648111888,63.50437648111888,0.0,0.0,172.7039998638378,86.17539620872108,86.52860365511667,50.10225803880455,291.07026309028504,71.75879802974625,219.31146506053878,75.34657190058337,515.7712150316315,5.691379928588753,510.07983510304285,98.89653013531597,1055.3207111411728,EX_036,D148|D150|D185,3,0,0,,0,0,,False,False,P2S_0177,PROPOSED_STOP,FIELD_CHECK_PENDING,PROPOSED_STOP/FIELD_CHECK_PENDING,DERIVED_GATE_D_BUS_ELIGIBLE,HYPOTHESIS_NOT_RECOMMENDATION,False,DERIVED_FROM_REFERENCE_PERIOD_GTFS_PROXIMITY_NOT_CURRENT_SERVICE_GUARANTEE,150.0,220.0,55d726564e13acca55ce563cc911263ac513acb0,7c220f7586d0f6e5cccd14a2d518be52eb1c4a55,097010,Brivio,1662,1339,FACT_ISTAT_2021_WORK_COMMUTING_MUNICIPAL_ONLY_NOT_STOP_DEMAND
1492304571,service,missing_lanes|missing_maxheight|missing_maxweight|missing_maxwidth|missing_width,0,527622.8988132259,5066379.5646723965,9.355142757442307,45.75042172102114,POP_GAP8:WP_00060,1,2845,0.4371296393393929,0.005464120491742412,True,0.1976082115281495,0.1976082115281495,0.0,0.0,0.1976082115281495,0.1976082115281495,0.0,0.0,0.1976082115281495,0.1976082115281495,0.0,0.0,0.7439829875588112,0.7439829875588112,0.0,0.0,1734.7759615388673,EX_030,D160|D184,2,1,1,Cascinette Nere,0,0,,False,False,P2S_0178,PROPOSED_STOP,FIELD_CHECK_PENDING,PROPOSED_STOP/FIELD_CHECK_PENDING,DERIVED_GATE_D_BUS_ELIGIBLE,HYPOTHESIS_NOT_RECOMMENDATION,False,DERIVED_FROM_REFERENCE_PERIOD_GTFS_PROXIMITY_NOT_CURRENT_SERVICE_GUARANTEE,150.0,220.0,55d726564e13acca55ce563cc911263ac513acb0,7c220f7586d0f6e5cccd14a2d518be52eb1c4a55,097074,Santa Maria Hoè,836,724,FACT_ISTAT_2021_WORK_COMMUTING_MUNICIPAL_ONLY_NOT_STOP_DEMAND
223281182,unclassified,missing_lanes|missing_maxheight|missing_maxweight|missing_maxwidth|missing_width,0,534101.0805282574,5066506.744566167,9.438438335852496,45.75127715944353,POP_GAP8:WP_00047|POP_GAP8:WP_00048|POP_GAP8:WP_00049|POP_GAP8:WP_00050|POP_GAP8:WP_00063|POP_GAP8:WP_00064|POP_GAP8:WP_00065|POP_GAP8:WP_00080,8,25471,6.992033773595525,0.08740042216994406,True,30.136282263340867,30.136282263340867,0.0,0.0,91.16803035208733,82.0315806254717,9.136449726615632,10.021549979012406,228.93131449985154,64.33190669852407,164.59940780132746,71.89903581383324,401.46936617677534,20.20684479777387,381.26252137900144,94.96677791628156,1264.6871884415211,EX_036,D148|D150|D185,3,0,0,,0,0,,False,False,P2S_0179,PROPOSED_STOP,FIELD_CHECK_PENDING,PROPOSED_STOP/FIELD_CHECK_PENDING,DERIVED_GATE_D_BUS_ELIGIBLE,HYPOTHESIS_NOT_RECOMMENDATION,False,DERIVED_FROM_REFERENCE_PERIOD_GTFS_PROXIMITY_NOT_CURRENT_SERVICE_GUARANTEE,150.0,220.0,55d726564e13acca55ce563cc911263ac513acb0,7c220f7586d0f6e5cccd14a2d518be52eb1c4a55,097010,Brivio,1662,1339,FACT_ISTAT_2021_WORK_COMMUTING_MUNICIPAL_ONLY_NOT_STOP_DEMAND
656601986,unclassified,missing_lanes|missing_maxheight|missing_maxweight|missing_maxwidth|missing_width,1,534303.4152506626,5066732.010374123,9.441055650561367,45.75329464541231,POP_GAP8:WP_00001|POP_GAP8:WP_00002|POP_GAP8:WP_00003|POP_GAP8:WP_00004|POP_GAP8:WP_00005|POP_GAP8:WP_00006|POP_GAP8:WP_00007|POP_GAP8:WP_00008|POP_GAP8:WP_00009|POP_GAP8:WP_00010|POP_GAP8:WP_00011|POP_GAP8:WP_00012|POP_GAP8:WP_00013|POP_GAP8:WP_00014|POP_GAP8:WP_00015|POP_GAP8:WP_00016|POP_GAP8:WP_00017|POP_GAP8:WP_00018|POP_GAP8:WP_00019|POP_GAP8:WP_00020|POP_GAP8:WP_00021|POP_GAP8:WP_00025|POP_GAP8:WP_00026|POP_GAP8:WP_00027|POP_GAP8:WP_00028|POP_GAP8:WP_00029|POP_GAP8:WP_00030|POP_GAP8:WP_00031|POP_GAP8:WP_00032|POP_GAP8:WP_00037|POP_GAP8:WP_00038|POP_GAP8:WP_00039|POP_GAP8:WP_00040,33,25838,28.652172975018814,0.35815216218773516,True,5.25423285431112,5.25423285431112,0.0,0.0,35.12688396621377,35.12688396621377,0.0,0.0,92.8573809112294,62.49422643429805,30.363154476931342,32.69869791606353,193.7729016933907,20.28524152774635,173.48766016564437,89.53143532946422,1453.5625733664915,EX_036,D148|D150|D185,3,0,0,,0,0,,False,False,P2S_0180,PROPOSED_STOP,FIELD_CHECK_PENDING,PROPOSED_STOP/FIELD_CHECK_PENDING,DERIVED_GATE_D_BUS_ELIGIBLE,HYPOTHESIS_NOT_RECOMMENDATION,False,DERIVED_FROM_REFERENCE_PERIOD_GTFS_PROXIMITY_NOT_CURRENT_SERVICE_GUARANTEE,150.0,220.0,55d726564e13acca55ce563cc911263ac513acb0,7c220f7586d0f6e5cccd14a2d518be52eb1c4a55,097010,Brivio,1662,1339,FACT_ISTAT_2021_WORK_COMMUTING_MUNICIPAL_ONLY_NOT_STOP_DEMAND
