{
"type": "FeatureCollection",
"name": "proposed_stop_candidates",
"crs": { "type": "name", "properties": { "name": "urn:ogc:def:crs:OGC:1.3:CRS84" } },
"features": [
{ "type": "Feature", "properties": { "osm_way_id": "1288862511", "highway": "residential", "road_uncertainty_flags": "missing_lanes|missing_maxheight|missing_maxweight|missing_maxwidth|missing_width", "sample_index": 0, "x_utm32": 530674.72846949892, "y_utm32": 5061323.2520229928, "lon": 9.3940585695282639, "lat": 45.704783368317116, "discovery_evidence": "POP_GAP8:WP_04269|POP_GAP8:WP_04270|POP_GAP8:WP_04271|POP_GAP8:WP_04272|POP_GAP8:WP_04273|POP_GAP8:WP_04274|POP_GAP8:WP_04279|POP_GAP8:WP_04280|POP_GAP8:WP_04281|POP_GAP8:WP_04282|POP_GAP8:WP_04283", "discovery_seed_count": 11, "walk_graph_node_id": 14875, "walk_graph_connector_m": 5.8848680069598549, "walk_graph_connector_min": 0.073560850086998184, "walk_graph_snap_ok": true, "population_reachable_5min": 32.764526222162196, "population_additional_5min": 32.764526222162196, "existing_catchment_overlap_population_5min": 0.0, "existing_catchment_overlap_pct_5min": 0.0, "population_reachable_8min": 34.117026710395507, "population_additional_8min": 34.117026710395507, "existing_catchment_overlap_population_8min": 0.0, "existing_catchment_overlap_pct_8min": 0.0, "population_reachable_10min": 80.842388759709252, "population_additional_10min": 80.842388759709252, "existing_catchment_overlap_population_10min": 0.0, "existing_catchment_overlap_pct_10min": 0.0, "population_reachable_12min": 103.25476608515208, "population_additional_12min": 103.25476608515208, "existing_catchment_overlap_population_12min": 0.0, "existing_catchment_overlap_pct_12min": 0.0, "nearest_official_stop_walk_network_m": 3253.0279624793088, "nearest_official_stop_cluster_id": "EX_018", "nearby_official_routes": "D148", "nearby_official_route_count": 1, "settlement_coverage_10min_count": 0, "settlement_additional_10min_count": 0, "settlement_additional_10min_names": "", "destination_coverage_10min_count": 0, "destination_additional_10min_count": 0, "destination_additional_10min_names": "", "pruned_near_existing_stop": false, "pruned_no_access_gain": false, "candidate_id": "P2S_0001", "stop_type": "PROPOSED_STOP", "physical_status": "FIELD_CHECK_PENDING", "epistemic_status": "PROPOSED_STOP/FIELD_CHECK_PENDING", "road_eligibility_status": "DERIVED_GATE_D_BUS_ELIGIBLE", "candidate_status": "HYPOTHESIS_NOT_RECOMMENDATION", "potential_interchange_with_reference_gtfs": false, "interchange_evidence_status": "DERIVED_FROM_REFERENCE_PERIOD_GTFS_PROXIMITY_NOT_CURRENT_SERVICE_GUARANTEE", "discovery_sample_spacing_m_assumption": 150.0, "candidate_pruning_radius_m_assumption": 220.0, "source_gate_b_commit": "55d726564e13acca55ce563cc911263ac513acb0", "source_gate_d_commit": "7c220f7586d0f6e5cccd14a2d518be52eb1c4a55", "PRO_COM_T": "097058", "COMUNE": "Olgiate Molgora", "municipal_2021_resident_work_commuters_context": 2287, "municipal_2021_outbound_workers_context": 1961, "od_2021_context_status": "FACT_ISTAT_2021_WORK_COMMUTING_MUNICIPAL_ONLY_NOT_STOP_DEMAND" }, "geometry": { "type": "Point", "coordinates": [ 9.394058569528264, 45.704783368317116 ] } },
{ "type": "Feature", "properties": { "osm_way_id": "1384055503", "highway": "service", "road_uncertainty_flags": "missing_lanes|missing_maxheight|missing_maxweight|missing_maxwidth|missing_width", "sample_index": 0, "x_utm32": 530726.91129573749, "y_utm32": 5061600.7551822681, "lon": 9.3947464924918673, "lat": 45.707278747989527, "discovery_evidence": "POP_GAP8:WP_04249|POP_GAP8:WP_04250|POP_GAP8:WP_04251|POP_GAP8:WP_04252|POP_GAP8:WP_04259|POP_GAP8:WP_04260|POP_GAP8:WP_04261|POP_GAP8:WP_04262|POP_GAP8:WP_04263|POP_GAP8:WP_04264", "discovery_seed_count": 10, "walk_graph_node_id": 15103, "walk_graph_connector_m": 12.937140797921396, "walk_graph_connector_min": 0.16171425997401745, "walk_graph_snap_ok": true, "population_reachable_5min": 13.122806159905657, "population_additional_5min": 13.122806159905657, "existing_catchment_overlap_population_5min": 0.0, "existing_catchment_overlap_pct_5min": 0.0, "population_reachable_8min": 101.64937247888668, "population_additional_8min": 101.64937247888668, "existing_catchment_overlap_population_8min": 0.0, "existing_catchment_overlap_pct_8min": 0.0, "population_reachable_10min": 124.60941938548132, "population_additional_10min": 124.60941938548132, "existing_catchment_overlap_population_10min": 0.0, "existing_catchment_overlap_pct_10min": 0.0, "population_reachable_12min": 189.21674249536574, "population_additional_12min": 189.21674249536574, "existing_catchment_overlap_population_12min": 0.0, "existing_catchment_overlap_pct_12min": 0.0, "nearest_official_stop_walk_network_m": 3027.3924988616759, "nearest_official_stop_cluster_id": "EX_018", "nearby_official_routes": "D148", "nearby_official_route_count": 1, "settlement_coverage_10min_count": 1, "settlement_additional_10min_count": 1, "settlement_additional_10min_names": "Pianezzo", "destination_coverage_10min_count": 0, "destination_additional_10min_count": 0, "destination_additional_10min_names": "", "pruned_near_existing_stop": false, "pruned_no_access_gain": false, "candidate_id": "P2S_0002", "stop_type": "PROPOSED_STOP", "physical_status": "FIELD_CHECK_PENDING", "epistemic_status": "PROPOSED_STOP/FIELD_CHECK_PENDING", "road_eligibility_status": "DERIVED_GATE_D_BUS_ELIGIBLE", "candidate_status": "HYPOTHESIS_NOT_RECOMMENDATION", "potential_interchange_with_reference_gtfs": false, "interchange_evidence_status": "DERIVED_FROM_REFERENCE_PERIOD_GTFS_PROXIMITY_NOT_CURRENT_SERVICE_GUARANTEE", "discovery_sample_spacing_m_assumption": 150.0, "candidate_pruning_radius_m_assumption": 220.0, "source_gate_b_commit": "55d726564e13acca55ce563cc911263ac513acb0", "source_gate_d_commit": "7c220f7586d0f6e5cccd14a2d518be52eb1c4a55", "PRO_COM_T": "097058", "COMUNE": "Olgiate Molgora", "municipal_2021_resident_work_commuters_context": 2287, "municipal_2021_outbound_workers_context": 1961, "od_2021_context_status": "FACT_ISTAT_2021_WORK_COMMUTING_MUNICIPAL_ONLY_NOT_STOP_DEMAND" }, "geometry": { "type": "Point", "coordinates": [ 9.394746492491867, 45.707278747989527 ] } },
{ "type": "Feature", "properties": { "osm_way_id": "1430858467", "highway": "service", "road_uncertainty_flags": "missing_lanes|missing_maxheight|missing_maxweight|missing_maxwidth|missing_width", "sample_index": 0, "x_utm32": 530279.61822814867, "y_utm32": 5061696.3146738112, "lon": 9.3890062502780367, "lat": 45.708158550092818, "discovery_evidence": "POP_GAP8:WP_04227|POP_GAP8:WP_04228|POP_GAP8:WP_04229|POP_GAP8:WP_04230|POP_GAP8:WP_04231|POP_GAP8:WP_04243|POP_GAP8:WP_04244|POP_GAP8:WP_04245|POP_GAP8:WP_04246|POP_GAP8:WP_04247|POP_GAP8:WP_04257|POP_GAP8:WP_04258", "discovery_seed_count": 12, "walk_graph_node_id": 13075, "walk_graph_connector_m": 15.956799455715796, "walk_graph_connector_min": 0.19945999319644744, "walk_graph_snap_ok": true, "population_reachable_5min": 23.518699395425465, "population_additional_5min": 23.518699395425465, "existing_catchment_overlap_population_5min": 0.0, "existing_catchment_overlap_pct_5min": 0.0, "population_reachable_8min": 25.047483966019332, "population_additional_8min": 25.047483966019332, "existing_catchment_overlap_population_8min": 0.0, "existing_catchment_overlap_pct_8min": 0.0, "population_reachable_10min": 26.355534923762608, "population_additional_10min": 26.355534923762608, "existing_catchment_overlap_population_10min": 0.0, "existing_catchment_overlap_pct_10min": 0.0, "population_reachable_12min": 110.65612479820392, "population_additional_12min": 110.65612479820392, "existing_catchment_overlap_population_12min": 0.0, "existing_catchment_overlap_pct_12min": 0.0, "nearest_official_stop_walk_network_m": 3292.1763684542811, "nearest_official_stop_cluster_id": "EX_018", "nearby_official_routes": "D148", "nearby_official_route_count": 1, "settlement_coverage_10min_count": 0, "settlement_additional_10min_count": 0, "settlement_additional_10min_names": "", "destination_coverage_10min_count": 0, "destination_additional_10min_count": 0, "destination_additional_10min_names": "", "pruned_near_existing_stop": false, "pruned_no_access_gain": false, "candidate_id": "P2S_0003", "stop_type": "PROPOSED_STOP", "physical_status": "FIELD_CHECK_PENDING", "epistemic_status": "PROPOSED_STOP/FIELD_CHECK_PENDING", "road_eligibility_status": "DERIVED_GATE_D_BUS_ELIGIBLE", "candidate_status": "HYPOTHESIS_NOT_RECOMMENDATION", "potential_interchange_with_reference_gtfs": false, "interchange_evidence_status": "DERIVED_FROM_REFERENCE_PERIOD_GTFS_PROXIMITY_NOT_CURRENT_SERVICE_GUARANTEE", "discovery_sample_spacing_m_assumption": 150.0, "candidate_pruning_radius_m_assumption": 220.0, "source_gate_b_commit": "55d726564e13acca55ce563cc911263ac513acb0", "source_gate_d_commit": "7c220f7586d0f6e5cccd14a2d518be52eb1c4a55", "PRO_COM_T": "097058", "COMUNE": "Olgiate Molgora", "municipal_2021_resident_work_commuters_context": 2287, "municipal_2021_outbound_workers_context": 1961, "od_2021_context_status": "FACT_ISTAT_2021_WORK_COMMUTING_MUNICIPAL_ONLY_NOT_STOP_DEMAND" }, "geometry": { "type": "Point", "coordinates": [ 9.389006250278037, 45.708158550092818 ] } },
{ "type": "Feature", "properties": { "osm_way_id": "40599303", "highway": "unclassified", "road_uncertainty_flags": "missing_lanes|missing_maxheight|missing_maxweight|missing_maxwidth|missing_width", "sample_index": 0, "x_utm32": 530545.18342341459, "y_utm32": 5061880.433541296, "lon": 9.3924295176256383, "lat": 45.709804061878536, "discovery_evidence": "POP_GAP8:WP_04182|POP_GAP8:WP_04183|POP_GAP8:WP_04199|POP_GAP8:WP_04200|POP_GAP8:WP_04201|POP_GAP8:WP_04217|POP_GAP8:WP_04218", "discovery_seed_count": 7, "walk_graph_node_id": 14305, "walk_graph_connector_m": 9.9435455380062479, "walk_graph_connector_min": 0.1242943192250781, "walk_graph_snap_ok": true, "population_reachable_5min": 69.030086910235923, "population_additional_5min": 69.030086910235923, "existing_catchment_overlap_population_5min": 0.0, "existing_catchment_overlap_pct_5min": 0.0, "population_reachable_8min": 186.26236871548318, "population_additional_8min": 186.26236871548318, "existing_catchment_overlap_population_8min": 0.0, "existing_catchment_overlap_pct_8min": 0.0, "population_reachable_10min": 222.44201751695437, "population_additional_10min": 222.44201751695437, "existing_catchment_overlap_population_10min": 0.0, "existing_catchment_overlap_pct_10min": 0.0, "population_reachable_12min": 232.23899492568114, "population_additional_12min": 232.23899492568114, "existing_catchment_overlap_population_12min": 0.0, "existing_catchment_overlap_pct_12min": 0.0, "nearest_official_stop_walk_network_m": 2696.4793918652454, "nearest_official_stop_cluster_id": "EX_018", "nearby_official_routes": "D148", "nearby_official_route_count": 1, "settlement_coverage_10min_count": 3, "settlement_additional_10min_count": 3, "settlement_additional_10min_names": "Bagaggera|Molino Cattaneo|Pianezzo", "destination_coverage_10min_count": 0, "destination_additional_10min_count": 0, "destination_additional_10min_names": "", "pruned_near_existing_stop": false, "pruned_no_access_gain": false, "candidate_id": "P2S_0004", "stop_type": "PROPOSED_STOP", "physical_status": "FIELD_CHECK_PENDING", "epistemic_status": "PROPOSED_STOP/FIELD_CHECK_PENDING", "road_eligibility_status": "DERIVED_GATE_D_BUS_ELIGIBLE", "candidate_status": "HYPOTHESIS_NOT_RECOMMENDATION", "potential_interchange_with_reference_gtfs": false, "interchange_evidence_status": "DERIVED_FROM_REFERENCE_PERIOD_GTFS_PROXIMITY_NOT_CURRENT_SERVICE_GUARANTEE", "discovery_sample_spacing_m_assumption": 150.0, "candidate_pruning_radius_m_assumption": 220.0, "source_gate_b_commit": "55d726564e13acca55ce563cc911263ac513acb0", "source_gate_d_commit": "7c220f7586d0f6e5cccd14a2d518be52eb1c4a55", "PRO_COM_T": "097058", "COMUNE": "Olgiate Molgora", "municipal_2021_resident_work_commuters_context": 2287, "municipal_2021_outbound_workers_context": 1961, "od_2021_context_status": "FACT_ISTAT_2021_WORK_COMMUTING_MUNICIPAL_ONLY_NOT_STOP_DEMAND" }, "geometry": { "type": "Point", "coordinates": [ 9.392429517625638, 45.709804061878536 ] } },
{ "type": "Feature", "properties": { "osm_way_id": "46786196", "highway": "unclassified", "road_uncertainty_flags": "missing_maxheight|missing_maxweight|missing_maxwidth|missing_width", "sample_index": 0, "x_utm32": 530037.91602829832, "y_utm32": 5061929.4970356347, "lon": 9.3859155847890463, "lat": 45.710267861632758, "discovery_evidence": "POP_GAP8:WP_04156|POP_GAP8:WP_04157|POP_GAP8:WP_04174|POP_GAP8:WP_04175|POP_GAP8:WP_04176|POP_GAP8:WP_04191|POP_GAP8:WP_04192|POP_GAP8:WP_04193|POP_GAP8:WP_04194|POP_GAP8:WP_04195|POP_GAP8:WP_04208|POP_GAP8:WP_04209|POP_GAP8:WP_04210|POP_GAP8:WP_04211|POP_GAP8:WP_04225|POP_GAP8:WP_04226|POP_GAP8:WP_04227", "discovery_seed_count": 17, "walk_graph_node_id": 11973, "walk_graph_connector_m": 5.6221968564536668, "walk_graph_connector_min": 0.070277460705670841, "walk_graph_snap_ok": true, "population_reachable_5min": 17.393555437049489, "population_additional_5min": 17.393555437049489, "existing_catchment_overlap_population_5min": 0.0, "existing_catchment_overlap_pct_5min": 0.0, "population_reachable_8min": 22.604730155527765, "population_additional_8min": 22.604730155527765, "existing_catchment_overlap_population_8min": 0.0, "existing_catchment_overlap_pct_8min": 0.0, "population_reachable_10min": 73.732279255909063, "population_additional_10min": 73.732279255909063, "existing_catchment_overlap_population_10min": 0.0, "existing_catchment_overlap_pct_10min": 0.0, "population_reachable_12min": 136.87282155017243, "population_additional_12min": 136.87282155017243, "existing_catchment_overlap_population_12min": 0.0, "existing_catchment_overlap_pct_12min": 0.0, "nearest_official_stop_walk_network_m": 3127.3801468160605, "nearest_official_stop_cluster_id": "EX_018", "nearby_official_routes": "D148", "nearby_official_route_count": 1, "settlement_coverage_10min_count": 1, "settlement_additional_10min_count": 1, "settlement_additional_10min_names": "Bagaggera", "destination_coverage_10min_count": 0, "destination_additional_10min_count": 0, "destination_additional_10min_names": "", "pruned_near_existing_stop": false, "pruned_no_access_gain": false, "candidate_id": "P2S_0005", "stop_type": "PROPOSED_STOP", "physical_status": "FIELD_CHECK_PENDING", "epistemic_status": "PROPOSED_STOP/FIELD_CHECK_PENDING", "road_eligibility_status": "DERIVED_GATE_D_BUS_ELIGIBLE", "candidate_status": "HYPOTHESIS_NOT_RECOMMENDATION", "potential_interchange_with_reference_gtfs": false, "interchange_evidence_status": "DERIVED_FROM_REFERENCE_PERIOD_GTFS_PROXIMITY_NOT_CURRENT_SERVICE_GUARANTEE", "discovery_sample_spacing_m_assumption": 150.0, "candidate_pruning_radius_m_assumption": 220.0, "source_gate_b_commit": "55d726564e13acca55ce563cc911263ac513acb0", "source_gate_d_commit": "7c220f7586d0f6e5cccd14a2d518be52eb1c4a55", "PRO_COM_T": "097092", "COMUNE": "La Valletta Brianza", "municipal_2021_resident_work_commuters_context": 1796, "municipal_2021_outbound_workers_context": 1521, "od_2021_context_status": "FACT_ISTAT_2021_WORK_COMMUTING_MUNICIPAL_ONLY_NOT_STOP_DEMAND" }, "geometry": { "type": "Point", "coordinates": [ 9.385915584789046, 45.710267861632758 ] } },
{ "type": "Feature", "properties": { "osm_way_id": "46733299", "highway": "unclassified", "road_uncertainty_flags": "missing_lanes|missing_maxheight|missing_maxweight|missing_maxwidth|missing_width", "sample_index": 0, "x_utm32": 530855.37581310084, "y_utm32": 5061949.1119099958, "lon": 9.3964189912099982, "lat": 45.710408449813499, "discovery_evidence": "POP_GAP8:WP_04168|POP_GAP8:WP_04169|POP_GAP8:WP_04186|POP_GAP8:WP_04187|POP_GAP8:WP_04188|POP_GAP8:WP_04205|POP_GAP8:WP_04206|POP_GAP8:WP_04207|POP_GAP8:WP_04223|POP_GAP8:WP_04224", "discovery_seed_count": 10, "walk_graph_node_id": 15599, "walk_graph_connector_m": 2.2440312701622585, "walk_graph_connector_min": 0.028050390877028229, "walk_graph_snap_ok": true, "population_reachable_5min": 154.18671542202074, "population_additional_5min": 154.18671542202074, "existing_catchment_overlap_population_5min": 0.0, "existing_catchment_overlap_pct_5min": 0.0, "population_reachable_8min": 156.91986070909223, "population_additional_8min": 156.91986070909223, "existing_catchment_overlap_population_8min": 0.0, "existing_catchment_overlap_pct_8min": 0.0, "population_reachable_10min": 166.5439163668612, "population_additional_10min": 166.5439163668612, "existing_catchment_overlap_population_10min": 0.0, "existing_catchment_overlap_pct_10min": 0.0, "population_reachable_12min": 246.23092919639217, "population_additional_12min": 246.23092919639217, "existing_catchment_overlap_population_12min": 0.0, "existing_catchment_overlap_pct_12min": 0.0, "nearest_official_stop_walk_network_m": 2587.907975488346, "nearest_official_stop_cluster_id": "EX_018", "nearby_official_routes": "D148", "nearby_official_route_count": 1, "settlement_coverage_10min_count": 2, "settlement_additional_10min_count": 2, "settlement_additional_10min_names": "Molino Cattaneo|Pianezzo", "destination_coverage_10min_count": 0, "destination_additional_10min_count": 0, "destination_additional_10min_names": "", "pruned_near_existing_stop": false, "pruned_no_access_gain": false, "candidate_id": "P2S_0006", "stop_type": "PROPOSED_STOP", "physical_status": "FIELD_CHECK_PENDING", "epistemic_status": "PROPOSED_STOP/FIELD_CHECK_PENDING", "road_eligibility_status": "DERIVED_GATE_D_BUS_ELIGIBLE", "candidate_status": "HYPOTHESIS_NOT_RECOMMENDATION", "potential_interchange_with_reference_gtfs": false, "interchange_evidence_status": "DERIVED_FROM_REFERENCE_PERIOD_GTFS_PROXIMITY_NOT_CURRENT_SERVICE_GUARANTEE", "discovery_sample_spacing_m_assumption": 150.0, "candidate_pruning_radius_m_assumption": 220.0, "source_gate_b_commit": "55d726564e13acca55ce563cc911263ac513acb0", "source_gate_d_commit": "7c220f7586d0f6e5cccd14a2d518be52eb1c4a55", "PRO_COM_T": "097058", "COMUNE": "Olgiate Molgora", "municipal_2021_resident_work_commuters_context": 2287, "municipal_2021_outbound_workers_context": 1961, "od_2021_context_status": "FACT_ISTAT_2021_WORK_COMMUTING_MUNICIPAL_ONLY_NOT_STOP_DEMAND" }, "geometry": { "type": "Point", "coordinates": [ 9.396418991209998, 45.710408449813499 ] } },
{ "type": "Feature", "properties": { "osm_way_id": "42995323", "highway": "unclassified", "road_uncertainty_flags": "missing_maxheight|missing_maxweight|missing_maxwidth|missing_width", "sample_index": 0, "x_utm32": 529802.04228730407, "y_utm32": 5062045.3744524829, "lon": 9.3828923599269807, "lat": 45.711321023803485, "discovery_evidence": "POP_GAP8:WP_04093|POP_GAP8:WP_04114|POP_GAP8:WP_04115|POP_GAP8:WP_04116|POP_GAP8:WP_04132|POP_GAP8:WP_04133|POP_GAP8:WP_04134|POP_GAP8:WP_04135|POP_GAP8:WP_04151|POP_GAP8:WP_04152|POP_GAP8:WP_04153|POP_GAP8:WP_04154|POP_GAP8:WP_04170|POP_GAP8:WP_04171|POP_GAP8:WP_04172|POP_GAP8:WP_04173|POP_GAP8:WP_04189|POP_GAP8:WP_04190|SETTLEMENT_GAP8:OSM_POINT_538492425", "discovery_seed_count": 19, "walk_graph_node_id": 10999, "walk_graph_connector_m": 18.5631624065045, "walk_graph_connector_min": 0.23203953008130623, "walk_graph_snap_ok": true, "population_reachable_5min": 22.487500561079504, "population_additional_5min": 22.487500561079504, "existing_catchment_overlap_population_5min": 0.0, "existing_catchment_overlap_pct_5min": 0.0, "population_reachable_8min": 41.635955384581905, "population_additional_8min": 41.635955384581905, "existing_catchment_overlap_population_8min": 0.0, "existing_catchment_overlap_pct_8min": 0.0, "population_reachable_10min": 45.728087650579781, "population_additional_10min": 45.728087650579781, "existing_catchment_overlap_population_10min": 0.0, "existing_catchment_overlap_pct_10min": 0.0, "population_reachable_12min": 72.165046560336833, "population_additional_12min": 72.165046560336833, "existing_catchment_overlap_population_12min": 0.0, "existing_catchment_overlap_pct_12min": 0.0, "nearest_official_stop_walk_network_m": 3053.39513926874, "nearest_official_stop_cluster_id": "EX_018", "nearby_official_routes": "D148", "nearby_official_route_count": 1, "settlement_coverage_10min_count": 2, "settlement_additional_10min_count": 2, "settlement_additional_10min_names": "Bagaggera|Fornace Superiore", "destination_coverage_10min_count": 0, "destination_additional_10min_count": 0, "destination_additional_10min_names": "", "pruned_near_existing_stop": false, "pruned_no_access_gain": false, "candidate_id": "P2S_0007", "stop_type": "PROPOSED_STOP", "physical_status": "FIELD_CHECK_PENDING", "epistemic_status": "PROPOSED_STOP/FIELD_CHECK_PENDING", "road_eligibility_status": "DERIVED_GATE_D_BUS_ELIGIBLE", "candidate_status": "HYPOTHESIS_NOT_RECOMMENDATION", "potential_interchange_with_reference_gtfs": false, "interchange_evidence_status": "DERIVED_FROM_REFERENCE_PERIOD_GTFS_PROXIMITY_NOT_CURRENT_SERVICE_GUARANTEE", "discovery_sample_spacing_m_assumption": 150.0, "candidate_pruning_radius_m_assumption": 220.0, "source_gate_b_commit": "55d726564e13acca55ce563cc911263ac513acb0", "source_gate_d_commit": "7c220f7586d0f6e5cccd14a2d518be52eb1c4a55", "PRO_COM_T": "097092", "COMUNE": "La Valletta Brianza", "municipal_2021_resident_work_commuters_context": 1796, "municipal_2021_outbound_workers_context": 1521, "od_2021_context_status": "FACT_ISTAT_2021_WORK_COMMUTING_MUNICIPAL_ONLY_NOT_STOP_DEMAND" }, "geometry": { "type": "Point", "coordinates": [ 9.382892359926981, 45.711321023803485 ] } },
{ "type": "Feature", "properties": { "osm_way_id": "132320815", "highway": "residential", "road_uncertainty_flags": "missing_lanes|missing_maxheight|missing_maxweight|missing_maxwidth|missing_width", "sample_index": 2, "x_utm32": 530836.35784166108, "y_utm32": 5062240.40158852, "lon": 9.3961931852587028, "lat": 45.713031074861867, "discovery_evidence": "POP_GAP8:WP_04128|POP_GAP8:WP_04147|POP_GAP8:WP_04148|POP_GAP8:WP_04149|POP_GAP8:WP_04167", "discovery_seed_count": 5, "walk_graph_node_id": 15504, "walk_graph_connector_m": 14.484933672515883, "walk_graph_connector_min": 0.18106167090644854, "walk_graph_snap_ok": true, "population_reachable_5min": 25.25921409383783, "population_additional_5min": 25.25921409383783, "existing_catchment_overlap_population_5min": 0.0, "existing_catchment_overlap_pct_5min": 0.0, "population_reachable_8min": 275.44272584638162, "population_additional_8min": 275.44272584638162, "existing_catchment_overlap_population_8min": 0.0, "existing_catchment_overlap_pct_8min": 0.0, "population_reachable_10min": 415.82586332024158, "population_additional_10min": 415.82586332024158, "existing_catchment_overlap_population_10min": 0.0, "existing_catchment_overlap_pct_10min": 0.0, "population_reachable_12min": 562.85608412081331, "population_additional_12min": 562.85608412081331, "existing_catchment_overlap_population_12min": 0.0, "existing_catchment_overlap_pct_12min": 0.0, "nearest_official_stop_walk_network_m": 2150.2330836465235, "nearest_official_stop_cluster_id": "EX_018", "nearby_official_routes": "D148", "nearby_official_route_count": 1, "settlement_coverage_10min_count": 2, "settlement_additional_10min_count": 2, "settlement_additional_10min_names": "Molino Cattaneo|Pianezzo", "destination_coverage_10min_count": 0, "destination_additional_10min_count": 0, "destination_additional_10min_names": "", "pruned_near_existing_stop": false, "pruned_no_access_gain": false, "candidate_id": "P2S_0008", "stop_type": "PROPOSED_STOP", "physical_status": "FIELD_CHECK_PENDING", "epistemic_status": "PROPOSED_STOP/FIELD_CHECK_PENDING", "road_eligibility_status": "DERIVED_GATE_D_BUS_ELIGIBLE", "candidate_status": "HYPOTHESIS_NOT_RECOMMENDATION", "potential_interchange_with_reference_gtfs": false, "interchange_evidence_status": "DERIVED_FROM_REFERENCE_PERIOD_GTFS_PROXIMITY_NOT_CURRENT_SERVICE_GUARANTEE", "discovery_sample_spacing_m_assumption": 150.0, "candidate_pruning_radius_m_assumption": 220.0, "source_gate_b_commit": "55d726564e13acca55ce563cc911263ac513acb0", "source_gate_d_commit": "7c220f7586d0f6e5cccd14a2d518be52eb1c4a55", "PRO_COM_T": "097058", "COMUNE": "Olgiate Molgora", "municipal_2021_resident_work_commuters_context": 2287, "municipal_2021_outbound_workers_context": 1961, "od_2021_context_status": "FACT_ISTAT_2021_WORK_COMMUTING_MUNICIPAL_ONLY_NOT_STOP_DEMAND" }, "geometry": { "type": "Point", "coordinates": [ 9.396193185258703, 45.713031074861867 ] } },
{ "type": "Feature", "properties": { "osm_way_id": "167040996", "highway": "residential", "road_uncertainty_flags": "missing_lanes|missing_maxheight|missing_maxweight|missing_maxwidth|missing_width", "sample_index": 0, "x_utm32": 530557.2063576628, "y_utm32": 5062273.7741476586, "lon": 9.3926087662836775, "lat": 45.713343828445026, "discovery_evidence": "POP_GAP8:WP_04096|POP_GAP8:WP_04097|POP_GAP8:WP_04098|POP_GAP8:WP_04099|POP_GAP8:WP_04100|POP_GAP8:WP_04101|POP_GAP8:WP_04120|POP_GAP8:WP_04121|POP_GAP8:WP_04122|POP_GAP8:WP_04123|POP_GAP8:WP_04124|POP_GAP8:WP_04125|POP_GAP8:WP_04142|POP_GAP8:WP_04143|POP_GAP8:WP_04144|POP_GAP8:WP_04145|POP_GAP8:WP_04146|POP_GAP8:WP_04163|POP_GAP8:WP_04164|POP_GAP8:WP_04165", "discovery_seed_count": 20, "walk_graph_node_id": 14386, "walk_graph_connector_m": 0.94894990135596413, "walk_graph_connector_min": 0.011861873766949551, "walk_graph_snap_ok": true, "population_reachable_5min": 65.510171176376033, "population_additional_5min": 65.510171176376033, "existing_catchment_overlap_population_5min": 0.0, "existing_catchment_overlap_pct_5min": 0.0, "population_reachable_8min": 67.184342026075242, "population_additional_8min": 67.184342026075242, "existing_catchment_overlap_population_8min": 0.0, "existing_catchment_overlap_pct_8min": 0.0, "population_reachable_10min": 81.624077948481158, "population_additional_10min": 81.624077948481158, "existing_catchment_overlap_population_10min": 0.0, "existing_catchment_overlap_pct_10min": 0.0, "population_reachable_12min": 219.9386833577687, "population_additional_12min": 219.9386833577687, "existing_catchment_overlap_population_12min": 0.0, "existing_catchment_overlap_pct_12min": 0.0, "nearest_official_stop_walk_network_m": 2319.0426647992722, "nearest_official_stop_cluster_id": "EX_018", "nearby_official_routes": "D148", "nearby_official_route_count": 1, "settlement_coverage_10min_count": 1, "settlement_additional_10min_count": 1, "settlement_additional_10min_names": "Molino Cattaneo", "destination_coverage_10min_count": 0, "destination_additional_10min_count": 0, "destination_additional_10min_names": "", "pruned_near_existing_stop": false, "pruned_no_access_gain": false, "candidate_id": "P2S_0009", "stop_type": "PROPOSED_STOP", "physical_status": "FIELD_CHECK_PENDING", "epistemic_status": "PROPOSED_STOP/FIELD_CHECK_PENDING", "road_eligibility_status": "DERIVED_GATE_D_BUS_ELIGIBLE", "candidate_status": "HYPOTHESIS_NOT_RECOMMENDATION", "potential_interchange_with_reference_gtfs": false, "interchange_evidence_status": "DERIVED_FROM_REFERENCE_PERIOD_GTFS_PROXIMITY_NOT_CURRENT_SERVICE_GUARANTEE", "discovery_sample_spacing_m_assumption": 150.0, "candidate_pruning_radius_m_assumption": 220.0, "source_gate_b_commit": "55d726564e13acca55ce563cc911263ac513acb0", "source_gate_d_commit": "7c220f7586d0f6e5cccd14a2d518be52eb1c4a55", "PRO_COM_T": "097058", "COMUNE": "Olgiate Molgora", "municipal_2021_resident_work_commuters_context": 2287, "municipal_2021_outbound_workers_context": 1961, "od_2021_context_status": "FACT_ISTAT_2021_WORK_COMMUTING_MUNICIPAL_ONLY_NOT_STOP_DEMAND" }, "geometry": { "type": "Point", "coordinates": [ 9.392608766283677, 45.713343828445026 ] } },
{ "type": "Feature", "properties": { "osm_way_id": "42995323", "highway": "unclassified", "road_uncertainty_flags": "missing_maxheight|missing_maxweight|missing_maxwidth|missing_width", "sample_index": 2, "x_utm32": 529642.40240035346, "y_utm32": 5062276.7823106609, "lon": 9.3808555223380417, "lat": 45.713410688656417, "discovery_evidence": "POP_GAP8:WP_04036|POP_GAP8:WP_04037|POP_GAP8:WP_04038|POP_GAP8:WP_04063|POP_GAP8:WP_04064|POP_GAP8:WP_04065|POP_GAP8:WP_04066|POP_GAP8:WP_04067|POP_GAP8:WP_04086|POP_GAP8:WP_04087|POP_GAP8:WP_04088|POP_GAP8:WP_04089|POP_GAP8:WP_04090|POP_GAP8:WP_04091|POP_GAP8:WP_04092|POP_GAP8:WP_04109|POP_GAP8:WP_04110|POP_GAP8:WP_04111|POP_GAP8:WP_04112|POP_GAP8:WP_04113|POP_GAP8:WP_04132|SETTLEMENT_GAP8:OSM_POINT_538469464", "discovery_seed_count": 22, "walk_graph_node_id": 10348, "walk_graph_connector_m": 6.6652425005159976, "walk_graph_connector_min": 0.083315531256449971, "walk_graph_snap_ok": true, "population_reachable_5min": 23.167769420914453, "population_additional_5min": 23.167769420914453, "existing_catchment_overlap_population_5min": 0.0, "existing_catchment_overlap_pct_5min": 0.0, "population_reachable_8min": 42.120707175010942, "population_additional_8min": 42.120707175010942, "existing_catchment_overlap_population_8min": 0.0, "existing_catchment_overlap_pct_8min": 0.0, "population_reachable_10min": 50.099256435419761, "population_additional_10min": 50.099256435419761, "existing_catchment_overlap_population_10min": 0.0, "existing_catchment_overlap_pct_10min": 0.0, "population_reachable_12min": 82.30949360040043, "population_additional_12min": 82.30949360040043, "existing_catchment_overlap_population_12min": 0.0, "existing_catchment_overlap_pct_12min": 0.0, "nearest_official_stop_walk_network_m": 3297.0776431541517, "nearest_official_stop_cluster_id": "EX_018", "nearby_official_routes": "D148", "nearby_official_route_count": 1, "settlement_coverage_10min_count": 2, "settlement_additional_10min_count": 2, "settlement_additional_10min_names": "Bagaggera|Fornace Superiore", "destination_coverage_10min_count": 0, "destination_additional_10min_count": 0, "destination_additional_10min_names": "", "pruned_near_existing_stop": false, "pruned_no_access_gain": false, "candidate_id": "P2S_0010", "stop_type": "PROPOSED_STOP", "physical_status": "FIELD_CHECK_PENDING", "epistemic_status": "PROPOSED_STOP/FIELD_CHECK_PENDING", "road_eligibility_status": "DERIVED_GATE_D_BUS_ELIGIBLE", "candidate_status": "HYPOTHESIS_NOT_RECOMMENDATION", "potential_interchange_with_reference_gtfs": false, "interchange_evidence_status": "DERIVED_FROM_REFERENCE_PERIOD_GTFS_PROXIMITY_NOT_CURRENT_SERVICE_GUARANTEE", "discovery_sample_spacing_m_assumption": 150.0, "candidate_pruning_radius_m_assumption": 220.0, "source_gate_b_commit": "55d726564e13acca55ce563cc911263ac513acb0", "source_gate_d_commit": "7c220f7586d0f6e5cccd14a2d518be52eb1c4a55", "PRO_COM_T": "097092", "COMUNE": "La Valletta Brianza", "municipal_2021_resident_work_commuters_context": 1796, "municipal_2021_outbound_workers_context": 1521, "od_2021_context_status": "FACT_ISTAT_2021_WORK_COMMUTING_MUNICIPAL_ONLY_NOT_STOP_DEMAND" }, "geometry": { "type": "Point", "coordinates": [ 9.380855522338042, 45.713410688656417 ] } },
{ "type": "Feature", "properties": { "osm_way_id": "40599320", "highway": "unclassified", "road_uncertainty_flags": "missing_maxheight|missing_maxweight|missing_maxwidth|missing_width", "sample_index": 1, "x_utm32": 529371.40476546297, "y_utm32": 5062425.5682430081, "lon": 9.3773827440167068, "lat": 45.714761405109819, "discovery_evidence": "POP_GAP8:WP_03964|POP_GAP8:WP_03965|POP_GAP8:WP_03966|POP_GAP8:WP_03997|POP_GAP8:WP_03998|POP_GAP8:WP_03999|POP_GAP8:WP_04000|POP_GAP8:WP_04001|POP_GAP8:WP_04029|POP_GAP8:WP_04030|POP_GAP8:WP_04031|POP_GAP8:WP_04032|POP_GAP8:WP_04056|POP_GAP8:WP_04057|POP_GAP8:WP_04058|POP_GAP8:WP_04059|POP_GAP8:WP_04060|POP_GAP8:WP_04084|SETTLEMENT_GAP8:OSM_POINT_855805785", "discovery_seed_count": 19, "walk_graph_node_id": 9166, "walk_graph_connector_m": 2.7826533366227486, "walk_graph_connector_min": 0.034783166707784356, "walk_graph_snap_ok": true, "population_reachable_5min": 23.009904304776402, "population_additional_5min": 23.009904304776402, "existing_catchment_overlap_population_5min": 0.0, "existing_catchment_overlap_pct_5min": 0.0, "population_reachable_8min": 25.390983164818927, "population_additional_8min": 25.390983164818927, "existing_catchment_overlap_population_8min": 0.0, "existing_catchment_overlap_pct_8min": 0.0, "population_reachable_10min": 44.633009972735756, "population_additional_10min": 44.633009972735756, "existing_catchment_overlap_population_10min": 0.0, "existing_catchment_overlap_pct_10min": 0.0, "population_reachable_12min": 56.264122068845332, "population_additional_12min": 56.264122068845332, "existing_catchment_overlap_population_12min": 0.0, "existing_catchment_overlap_pct_12min": 0.0, "nearest_official_stop_walk_network_m": 3118.9135349662711, "nearest_official_stop_cluster_id": "EX_026", "nearby_official_routes": "D184", "nearby_official_route_count": 1, "settlement_coverage_10min_count": 2, "settlement_additional_10min_count": 2, "settlement_additional_10min_names": "Bagaggera|Fornace Superiore", "destination_coverage_10min_count": 0, "destination_additional_10min_count": 0, "destination_additional_10min_names": "", "pruned_near_existing_stop": false, "pruned_no_access_gain": false, "candidate_id": "P2S_0011", "stop_type": "PROPOSED_STOP", "physical_status": "FIELD_CHECK_PENDING", "epistemic_status": "PROPOSED_STOP/FIELD_CHECK_PENDING", "road_eligibility_status": "DERIVED_GATE_D_BUS_ELIGIBLE", "candidate_status": "HYPOTHESIS_NOT_RECOMMENDATION", "potential_interchange_with_reference_gtfs": false, "interchange_evidence_status": "DERIVED_FROM_REFERENCE_PERIOD_GTFS_PROXIMITY_NOT_CURRENT_SERVICE_GUARANTEE", "discovery_sample_spacing_m_assumption": 150.0, "candidate_pruning_radius_m_assumption": 220.0, "source_gate_b_commit": "55d726564e13acca55ce563cc911263ac513acb0", "source_gate_d_commit": "7c220f7586d0f6e5cccd14a2d518be52eb1c4a55", "PRO_COM_T": "097092", "COMUNE": "La Valletta Brianza", "municipal_2021_resident_work_commuters_context": 1796, "municipal_2021_outbound_workers_context": 1521, "od_2021_context_status": "FACT_ISTAT_2021_WORK_COMMUTING_MUNICIPAL_ONLY_NOT_STOP_DEMAND" }, "geometry": { "type": "Point", "coordinates": [ 9.377382744016707, 45.714761405109819 ] } },
{ "type": "Feature", "properties": { "osm_way_id": "685360145", "highway": "service", "road_uncertainty_flags": "missing_lanes|missing_maxheight|missing_maxweight|missing_maxwidth|missing_width", "sample_index": 0, "x_utm32": 531101.97952359496, "y_utm32": 5062431.9159711367, "lon": 9.3996181607039109, "lat": 45.714742929560892, "discovery_evidence": "POP_GAP8:WP_04082|POP_GAP8:WP_04083|POP_GAP8:WP_04108", "discovery_seed_count": 3, "walk_graph_node_id": 16503, "walk_graph_connector_m": 5.6416375039035742, "walk_graph_connector_min": 0.070520468798794672, "walk_graph_snap_ok": true, "population_reachable_5min": 14.801743516478503, "population_additional_5min": 14.801743516478503, "existing_catchment_overlap_population_5min": 0.0, "existing_catchment_overlap_pct_5min": 0.0, "population_reachable_8min": 186.89120866482784, "population_additional_8min": 186.89120866482784, "existing_catchment_overlap_population_8min": 0.0, "existing_catchment_overlap_pct_8min": 0.0, "population_reachable_10min": 436.85635968462458, "population_additional_10min": 436.85635968462458, "existing_catchment_overlap_population_10min": 0.0, "existing_catchment_overlap_pct_10min": 0.0, "population_reachable_12min": 706.23311328442082, "population_additional_12min": 681.37755537187331, "existing_catchment_overlap_population_12min": 24.855557912547493, "existing_catchment_overlap_pct_12min": 3.5194551834243191, "nearest_official_stop_walk_network_m": 1892.1666765872992, "nearest_official_stop_cluster_id": "EX_018", "nearby_official_routes": "D148", "nearby_official_route_count": 1, "settlement_coverage_10min_count": 2, "settlement_additional_10min_count": 2, "settlement_additional_10min_names": "Beolco|Molino Cattaneo", "destination_coverage_10min_count": 0, "destination_additional_10min_count": 0, "destination_additional_10min_names": "", "pruned_near_existing_stop": false, "pruned_no_access_gain": false, "candidate_id": "P2S_0012", "stop_type": "PROPOSED_STOP", "physical_status": "FIELD_CHECK_PENDING", "epistemic_status": "PROPOSED_STOP/FIELD_CHECK_PENDING", "road_eligibility_status": "DERIVED_GATE_D_BUS_ELIGIBLE", "candidate_status": "HYPOTHESIS_NOT_RECOMMENDATION", "potential_interchange_with_reference_gtfs": false, "interchange_evidence_status": "DERIVED_FROM_REFERENCE_PERIOD_GTFS_PROXIMITY_NOT_CURRENT_SERVICE_GUARANTEE", "discovery_sample_spacing_m_assumption": 150.0, "candidate_pruning_radius_m_assumption": 220.0, "source_gate_b_commit": "55d726564e13acca55ce563cc911263ac513acb0", "source_gate_d_commit": "7c220f7586d0f6e5cccd14a2d518be52eb1c4a55", "PRO_COM_T": "097058", "COMUNE": "Olgiate Molgora", "municipal_2021_resident_work_commuters_context": 2287, "municipal_2021_outbound_workers_context": 1961, "od_2021_context_status": "FACT_ISTAT_2021_WORK_COMMUTING_MUNICIPAL_ONLY_NOT_STOP_DEMAND" }, "geometry": { "type": "Point", "coordinates": [ 9.399618160703911, 45.714742929560892 ] } },
{ "type": "Feature", "properties": { "osm_way_id": "40599324", "highway": "unclassified", "road_uncertainty_flags": "missing_maxheight|missing_maxweight|missing_maxwidth|missing_width", "sample_index": 1, "x_utm32": 529097.23330150754, "y_utm32": 5062611.6338705374, "lon": 9.373871255997404, "lat": 45.716447689337791, "discovery_evidence": "POP_GAP8:WP_03908|POP_GAP8:WP_03909|POP_GAP8:WP_03910|POP_GAP8:WP_03911|POP_GAP8:WP_03912|POP_GAP8:WP_03913|POP_GAP8:WP_03914|POP_GAP8:WP_03915|POP_GAP8:WP_03916|POP_GAP8:WP_03953|POP_GAP8:WP_03954|POP_GAP8:WP_03955|POP_GAP8:WP_03956|POP_GAP8:WP_03957|POP_GAP8:WP_03958|POP_GAP8:WP_03959|POP_GAP8:WP_03960|POP_GAP8:WP_03961|POP_GAP8:WP_03962|POP_GAP8:WP_03992|POP_GAP8:WP_03993|POP_GAP8:WP_03994|POP_GAP8:WP_03995|POP_GAP8:WP_03996|POP_GAP8:WP_04025|POP_GAP8:WP_04026|POP_GAP8:WP_04027|POP_GAP8:WP_04028|POP_GAP8:WP_04055|SETTLEMENT_GAP8:OSM_POINT_534888593", "discovery_seed_count": 30, "walk_graph_node_id": 7804, "walk_graph_connector_m": 6.5949280487248156, "walk_graph_connector_min": 0.08243660060906019, "walk_graph_snap_ok": true, "population_reachable_5min": 1.1304900397983471, "population_additional_5min": 1.1304900397983471, "existing_catchment_overlap_population_5min": 0.0, "existing_catchment_overlap_pct_5min": 0.0, "population_reachable_8min": 8.8570336839883996, "population_additional_8min": 8.8570336839883996, "existing_catchment_overlap_population_8min": 0.0, "existing_catchment_overlap_pct_8min": 0.0, "population_reachable_10min": 26.360441677125593, "population_additional_10min": 26.360441677125593, "existing_catchment_overlap_population_10min": 0.0, "existing_catchment_overlap_pct_10min": 0.0, "population_reachable_12min": 29.842845132085706, "population_additional_12min": 29.842845132085706, "existing_catchment_overlap_population_12min": 0.0, "existing_catchment_overlap_pct_12min": 0.0, "nearest_official_stop_walk_network_m": 2777.3646247014167, "nearest_official_stop_cluster_id": "EX_026", "nearby_official_routes": "D184", "nearby_official_route_count": 1, "settlement_coverage_10min_count": 2, "settlement_additional_10min_count": 2, "settlement_additional_10min_names": "Fornace Superiore|Ospedaletto", "destination_coverage_10min_count": 0, "destination_additional_10min_count": 0, "destination_additional_10min_names": "", "pruned_near_existing_stop": false, "pruned_no_access_gain": false, "candidate_id": "P2S_0013", "stop_type": "PROPOSED_STOP", "physical_status": "FIELD_CHECK_PENDING", "epistemic_status": "PROPOSED_STOP/FIELD_CHECK_PENDING", "road_eligibility_status": "DERIVED_GATE_D_BUS_ELIGIBLE", "candidate_status": "HYPOTHESIS_NOT_RECOMMENDATION", "potential_interchange_with_reference_gtfs": false, "interchange_evidence_status": "DERIVED_FROM_REFERENCE_PERIOD_GTFS_PROXIMITY_NOT_CURRENT_SERVICE_GUARANTEE", "discovery_sample_spacing_m_assumption": 150.0, "candidate_pruning_radius_m_assumption": 220.0, "source_gate_b_commit": "55d726564e13acca55ce563cc911263ac513acb0", "source_gate_d_commit": "7c220f7586d0f6e5cccd14a2d518be52eb1c4a55", "PRO_COM_T": "097092", "COMUNE": "La Valletta Brianza", "municipal_2021_resident_work_commuters_context": 1796, "municipal_2021_outbound_workers_context": 1521, "od_2021_context_status": "FACT_ISTAT_2021_WORK_COMMUTING_MUNICIPAL_ONLY_NOT_STOP_DEMAND" }, "geometry": { "type": "Point", "coordinates": [ 9.373871255997404, 45.716447689337791 ] } },
{ "type": "Feature", "properties": { "osm_way_id": "190278419", "highway": "residential", "road_uncertainty_flags": "missing_maxheight|missing_maxweight|missing_maxwidth|missing_width", "sample_index": 0, "x_utm32": 530979.49171663739, "y_utm32": 5062637.2534812549, "lon": 9.3980575189160902, "lat": 45.716596579388849, "discovery_evidence": "POP_GAP8:WP_04022|POP_GAP8:WP_04023|POP_GAP8:WP_04054", "discovery_seed_count": 3, "walk_graph_node_id": 16020, "walk_graph_connector_m": 2.5885048996539282, "walk_graph_connector_min": 0.032356311245674105, "walk_graph_snap_ok": true, "population_reachable_5min": 232.15782413156884, "population_additional_5min": 232.15782413156884, "existing_catchment_overlap_population_5min": 0.0, "existing_catchment_overlap_pct_5min": 0.0, "population_reachable_8min": 521.67036417582017, "population_additional_8min": 521.67036417582017, "existing_catchment_overlap_population_8min": 0.0, "existing_catchment_overlap_pct_8min": 0.0, "population_reachable_10min": 832.59013086624645, "population_additional_10min": 832.59013086624645, "existing_catchment_overlap_population_10min": 0.0, "existing_catchment_overlap_pct_10min": 0.0, "population_reachable_12min": 1161.8120532026489, "population_additional_12min": 917.73689881125711, "existing_catchment_overlap_population_12min": 244.07515439139181, "existing_catchment_overlap_pct_12min": 21.008144451469125, "nearest_official_stop_walk_network_m": 1680.5137971329202, "nearest_official_stop_cluster_id": "EX_018", "nearby_official_routes": "D148", "nearby_official_route_count": 1, "settlement_coverage_10min_count": 2, "settlement_additional_10min_count": 2, "settlement_additional_10min_names": "Beolco|Molino Cattaneo", "destination_coverage_10min_count": 0, "destination_additional_10min_count": 0, "destination_additional_10min_names": "", "pruned_near_existing_stop": false, "pruned_no_access_gain": false, "candidate_id": "P2S_0014", "stop_type": "PROPOSED_STOP", "physical_status": "FIELD_CHECK_PENDING", "epistemic_status": "PROPOSED_STOP/FIELD_CHECK_PENDING", "road_eligibility_status": "DERIVED_GATE_D_BUS_ELIGIBLE", "candidate_status": "HYPOTHESIS_NOT_RECOMMENDATION", "potential_interchange_with_reference_gtfs": false, "interchange_evidence_status": "DERIVED_FROM_REFERENCE_PERIOD_GTFS_PROXIMITY_NOT_CURRENT_SERVICE_GUARANTEE", "discovery_sample_spacing_m_assumption": 150.0, "candidate_pruning_radius_m_assumption": 220.0, "source_gate_b_commit": "55d726564e13acca55ce563cc911263ac513acb0", "source_gate_d_commit": "7c220f7586d0f6e5cccd14a2d518be52eb1c4a55", "PRO_COM_T": "097058", "COMUNE": "Olgiate Molgora", "municipal_2021_resident_work_commuters_context": 2287, "municipal_2021_outbound_workers_context": 1961, "od_2021_context_status": "FACT_ISTAT_2021_WORK_COMMUTING_MUNICIPAL_ONLY_NOT_STOP_DEMAND" }, "geometry": { "type": "Point", "coordinates": [ 9.39805751891609, 45.716596579388849 ] } },
{ "type": "Feature", "properties": { "osm_way_id": "1430858463", "highway": "service", "road_uncertainty_flags": "missing_lanes|missing_maxheight|missing_maxweight|missing_maxwidth|missing_width", "sample_index": 0, "x_utm32": 530740.46746168018, "y_utm32": 5062648.2638489408, "lon": 9.3949870527552832, "lat": 45.71670633798977, "discovery_evidence": "POP_GAP8:WP_04017|POP_GAP8:WP_04018|POP_GAP8:WP_04019|POP_GAP8:WP_04051", "discovery_seed_count": 4, "walk_graph_node_id": 15100, "walk_graph_connector_m": 8.5853322198763315, "walk_graph_connector_min": 0.10731665274845414, "walk_graph_snap_ok": true, "population_reachable_5min": 117.38336208705158, "population_additional_5min": 117.38336208705158, "existing_catchment_overlap_population_5min": 0.0, "existing_catchment_overlap_pct_5min": 0.0, "population_reachable_8min": 257.51141361222926, "population_additional_8min": 257.51141361222926, "existing_catchment_overlap_population_8min": 0.0, "existing_catchment_overlap_pct_8min": 0.0, "population_reachable_10min": 422.52701926327512, "population_additional_10min": 422.52701926327512, "existing_catchment_overlap_population_10min": 0.0, "existing_catchment_overlap_pct_10min": 0.0, "population_reachable_12min": 758.83470190493688, "population_additional_12min": 694.69386443998599, "existing_catchment_overlap_population_12min": 64.140837464951076, "existing_catchment_overlap_pct_12min": 8.452544052602688, "nearest_official_stop_walk_network_m": 1760.6928102749387, "nearest_official_stop_cluster_id": "EX_018", "nearby_official_routes": "D148", "nearby_official_route_count": 1, "settlement_coverage_10min_count": 2, "settlement_additional_10min_count": 2, "settlement_additional_10min_names": "Beolco|Molino Cattaneo", "destination_coverage_10min_count": 0, "destination_additional_10min_count": 0, "destination_additional_10min_names": "", "pruned_near_existing_stop": false, "pruned_no_access_gain": false, "candidate_id": "P2S_0015", "stop_type": "PROPOSED_STOP", "physical_status": "FIELD_CHECK_PENDING", "epistemic_status": "PROPOSED_STOP/FIELD_CHECK_PENDING", "road_eligibility_status": "DERIVED_GATE_D_BUS_ELIGIBLE", "candidate_status": "HYPOTHESIS_NOT_RECOMMENDATION", "potential_interchange_with_reference_gtfs": false, "interchange_evidence_status": "DERIVED_FROM_REFERENCE_PERIOD_GTFS_PROXIMITY_NOT_CURRENT_SERVICE_GUARANTEE", "discovery_sample_spacing_m_assumption": 150.0, "candidate_pruning_radius_m_assumption": 220.0, "source_gate_b_commit": "55d726564e13acca55ce563cc911263ac513acb0", "source_gate_d_commit": "7c220f7586d0f6e5cccd14a2d518be52eb1c4a55", "PRO_COM_T": "097058", "COMUNE": "Olgiate Molgora", "municipal_2021_resident_work_commuters_context": 2287, "municipal_2021_outbound_workers_context": 1961, "od_2021_context_status": "FACT_ISTAT_2021_WORK_COMMUTING_MUNICIPAL_ONLY_NOT_STOP_DEMAND" }, "geometry": { "type": "Point", "coordinates": [ 9.394987052755283, 45.71670633798977 ] } },
{ "type": "Feature", "properties": { "osm_way_id": "626398022", "highway": "unclassified", "road_uncertainty_flags": "missing_maxheight|missing_maxweight|missing_maxwidth|missing_width", "sample_index": 0, "x_utm32": 531741.93660654302, "y_utm32": 5062724.6617741147, "lon": 9.4078596992138248, "lat": 45.717348751602806, "discovery_evidence": "POP_GAP8:WP_03990", "discovery_seed_count": 1, "walk_graph_node_id": 18703, "walk_graph_connector_m": 0.1605396274884795, "walk_graph_connector_min": 0.0020067453436059938, "walk_graph_snap_ok": true, "population_reachable_5min": 94.561865337559937, "population_additional_5min": 94.561865337559937, "existing_catchment_overlap_population_5min": 0.0, "existing_catchment_overlap_pct_5min": 0.0, "population_reachable_8min": 215.01848900335176, "population_additional_8min": 171.92861088871879, "existing_catchment_overlap_population_8min": 43.089878114632981, "existing_catchment_overlap_pct_8min": 20.040080420229017, "population_reachable_10min": 356.74766394506565, "population_additional_10min": 199.75284085039203, "existing_catchment_overlap_population_10min": 156.99482309467362, "existing_catchment_overlap_pct_10min": 44.007246286789616, "population_reachable_12min": 516.89269339079385, "population_additional_12min": 170.84104123907599, "existing_catchment_overlap_population_12min": 346.05165215171792, "existing_catchment_overlap_pct_12min": 66.948451114995251, "nearest_official_stop_walk_network_m": 938.99761794961319, "nearest_official_stop_cluster_id": "EX_005", "nearby_official_routes": "D148|D150", "nearby_official_route_count": 2, "settlement_coverage_10min_count": 1, "settlement_additional_10min_count": 1, "settlement_additional_10min_names": "Scagnello", "destination_coverage_10min_count": 1, "destination_additional_10min_count": 1, "destination_additional_10min_names": "Esselunga", "pruned_near_existing_stop": false, "pruned_no_access_gain": false, "candidate_id": "P2S_0016", "stop_type": "PROPOSED_STOP", "physical_status": "FIELD_CHECK_PENDING", "epistemic_status": "PROPOSED_STOP/FIELD_CHECK_PENDING", "road_eligibility_status": "DERIVED_GATE_D_BUS_ELIGIBLE", "candidate_status": "HYPOTHESIS_NOT_RECOMMENDATION", "potential_interchange_with_reference_gtfs": false, "interchange_evidence_status": "DERIVED_FROM_REFERENCE_PERIOD_GTFS_PROXIMITY_NOT_CURRENT_SERVICE_GUARANTEE", "discovery_sample_spacing_m_assumption": 150.0, "candidate_pruning_radius_m_assumption": 220.0, "source_gate_b_commit": "55d726564e13acca55ce563cc911263ac513acb0", "source_gate_d_commit": "7c220f7586d0f6e5cccd14a2d518be52eb1c4a55", "PRO_COM_T": "097012", "COMUNE": "Calco", "municipal_2021_resident_work_commuters_context": 2173, "municipal_2021_outbound_workers_context": 1894, "od_2021_context_status": "FACT_ISTAT_2021_WORK_COMMUTING_MUNICIPAL_ONLY_NOT_STOP_DEMAND" }, "geometry": { "type": "Point", "coordinates": [ 9.407859699213825, 45.717348751602806 ] } },
{ "type": "Feature", "properties": { "osm_way_id": "42999797", "highway": "unclassified", "road_uncertainty_flags": "missing_maxheight|missing_maxweight|missing_maxwidth|missing_width", "sample_index": 1, "x_utm32": 530308.98134351289, "y_utm32": 5062738.5494464692, "lon": 9.3894486237670254, "lat": 45.717537993584678, "discovery_evidence": "POP_GAP8:WP_03881|POP_GAP8:WP_03882|POP_GAP8:WP_03935|POP_GAP8:WP_03936|POP_GAP8:WP_03937|POP_GAP8:WP_03938|POP_GAP8:WP_03975|POP_GAP8:WP_03976|POP_GAP8:WP_03977|POP_GAP8:WP_03978|POP_GAP8:WP_03979|POP_GAP8:WP_04009|POP_GAP8:WP_04010|POP_GAP8:WP_04011|POP_GAP8:WP_04012|POP_GAP8:WP_04013|POP_GAP8:WP_04014|POP_GAP8:WP_04041|POP_GAP8:WP_04042|POP_GAP8:WP_04043|POP_GAP8:WP_04044|POP_GAP8:WP_04045|POP_GAP8:WP_04046|POP_GAP8:WP_04069|POP_GAP8:WP_04070|POP_GAP8:WP_04071|POP_GAP8:WP_04072", "discovery_seed_count": 27, "walk_graph_node_id": 13333, "walk_graph_connector_m": 2.5285315595573041, "walk_graph_connector_min": 0.031606644494466304, "walk_graph_snap_ok": true, "population_reachable_5min": 16.065994428625476, "population_additional_5min": 16.065994428625476, "existing_catchment_overlap_population_5min": 0.0, "existing_catchment_overlap_pct_5min": 0.0, "population_reachable_8min": 72.768590251127733, "population_additional_8min": 72.768590251127733, "existing_catchment_overlap_population_8min": 0.0, "existing_catchment_overlap_pct_8min": 0.0, "population_reachable_10min": 167.13224361959749, "population_additional_10min": 167.13224361959749, "existing_catchment_overlap_population_10min": 0.0, "existing_catchment_overlap_pct_10min": 0.0, "population_reachable_12min": 301.11550098903405, "population_additional_12min": 301.11550098903405, "existing_catchment_overlap_population_12min": 0.0, "existing_catchment_overlap_pct_12min": 0.0, "nearest_official_stop_walk_network_m": 1847.2178717013915, "nearest_official_stop_cluster_id": "EX_018", "nearby_official_routes": "D148", "nearby_official_route_count": 1, "settlement_coverage_10min_count": 2, "settlement_additional_10min_count": 2, "settlement_additional_10min_names": "Beolco|Spiazzo", "destination_coverage_10min_count": 0, "destination_additional_10min_count": 0, "destination_additional_10min_names": "", "pruned_near_existing_stop": false, "pruned_no_access_gain": false, "candidate_id": "P2S_0017", "stop_type": "PROPOSED_STOP", "physical_status": "FIELD_CHECK_PENDING", "epistemic_status": "PROPOSED_STOP/FIELD_CHECK_PENDING", "road_eligibility_status": "DERIVED_GATE_D_BUS_ELIGIBLE", "candidate_status": "HYPOTHESIS_NOT_RECOMMENDATION", "potential_interchange_with_reference_gtfs": false, "interchange_evidence_status": "DERIVED_FROM_REFERENCE_PERIOD_GTFS_PROXIMITY_NOT_CURRENT_SERVICE_GUARANTEE", "discovery_sample_spacing_m_assumption": 150.0, "candidate_pruning_radius_m_assumption": 220.0, "source_gate_b_commit": "55d726564e13acca55ce563cc911263ac513acb0", "source_gate_d_commit": "7c220f7586d0f6e5cccd14a2d518be52eb1c4a55", "PRO_COM_T": "097058", "COMUNE": "Olgiate Molgora", "municipal_2021_resident_work_commuters_context": 2287, "municipal_2021_outbound_workers_context": 1961, "od_2021_context_status": "FACT_ISTAT_2021_WORK_COMMUTING_MUNICIPAL_ONLY_NOT_STOP_DEMAND" }, "geometry": { "type": "Point", "coordinates": [ 9.389448623767025, 45.717537993584678 ] } },
{ "type": "Feature", "properties": { "osm_way_id": "190278417", "highway": "residential", "road_uncertainty_flags": "missing_maxheight|missing_maxweight|missing_maxwidth|missing_width", "sample_index": 1, "x_utm32": 530605.19447883696, "y_utm32": 5062826.8800300267, "lon": 9.393260236605828, "lat": 45.718319982789552, "discovery_evidence": "POP_GAP8:WP_03885|POP_GAP8:WP_03886|POP_GAP8:WP_03939|POP_GAP8:WP_03940|POP_GAP8:WP_03941|POP_GAP8:WP_03942|POP_GAP8:WP_03980|POP_GAP8:WP_03981|POP_GAP8:WP_03982|POP_GAP8:WP_04016|SETTLEMENT_GAP8:OSM_POINT_538561433", "discovery_seed_count": 11, "walk_graph_node_id": 14641, "walk_graph_connector_m": 10.260794236988589, "walk_graph_connector_min": 0.12825992796235736, "walk_graph_snap_ok": true, "population_reachable_5min": 114.68370714348495, "population_additional_5min": 114.68370714348495, "existing_catchment_overlap_population_5min": 0.0, "existing_catchment_overlap_pct_5min": 0.0, "population_reachable_8min": 307.08447514373466, "population_additional_8min": 307.08447514373466, "existing_catchment_overlap_population_8min": 0.0, "existing_catchment_overlap_pct_8min": 0.0, "population_reachable_10min": 572.0781051788889, "population_additional_10min": 572.0781051788889, "existing_catchment_overlap_population_10min": 0.0, "existing_catchment_overlap_pct_10min": 0.0, "population_reachable_12min": 889.84879608904191, "population_additional_12min": 715.3024067278352, "existing_catchment_overlap_population_12min": 174.54638936120671, "existing_catchment_overlap_pct_12min": 19.615286341719216, "nearest_official_stop_walk_network_m": 1607.6304723781136, "nearest_official_stop_cluster_id": "EX_018", "nearby_official_routes": "D148", "nearby_official_route_count": 1, "settlement_coverage_10min_count": 1, "settlement_additional_10min_count": 1, "settlement_additional_10min_names": "Beolco", "destination_coverage_10min_count": 0, "destination_additional_10min_count": 0, "destination_additional_10min_names": "", "pruned_near_existing_stop": false, "pruned_no_access_gain": false, "candidate_id": "P2S_0018", "stop_type": "PROPOSED_STOP", "physical_status": "FIELD_CHECK_PENDING", "epistemic_status": "PROPOSED_STOP/FIELD_CHECK_PENDING", "road_eligibility_status": "DERIVED_GATE_D_BUS_ELIGIBLE", "candidate_status": "HYPOTHESIS_NOT_RECOMMENDATION", "potential_interchange_with_reference_gtfs": false, "interchange_evidence_status": "DERIVED_FROM_REFERENCE_PERIOD_GTFS_PROXIMITY_NOT_CURRENT_SERVICE_GUARANTEE", "discovery_sample_spacing_m_assumption": 150.0, "candidate_pruning_radius_m_assumption": 220.0, "source_gate_b_commit": "55d726564e13acca55ce563cc911263ac513acb0", "source_gate_d_commit": "7c220f7586d0f6e5cccd14a2d518be52eb1c4a55", "PRO_COM_T": "097058", "COMUNE": "Olgiate Molgora", "municipal_2021_resident_work_commuters_context": 2287, "municipal_2021_outbound_workers_context": 1961, "od_2021_context_status": "FACT_ISTAT_2021_WORK_COMMUTING_MUNICIPAL_ONLY_NOT_STOP_DEMAND" }, "geometry": { "type": "Point", "coordinates": [ 9.393260236605828, 45.718319982789552 ] } },
{ "type": "Feature", "properties": { "osm_way_id": "198446596", "highway": "unclassified", "road_uncertainty_flags": "missing_maxheight|missing_maxweight|missing_maxwidth|missing_width", "sample_index": 1, "x_utm32": 529137.34909929975, "y_utm32": 5062837.6123306826, "lon": 9.3744002772765356, "lat": 45.718479942981951, "discovery_evidence": "POP_GAP8:WP_03777|POP_GAP8:WP_03778|POP_GAP8:WP_03779|POP_GAP8:WP_03780|POP_GAP8:WP_03781|POP_GAP8:WP_03782|POP_GAP8:WP_03783|POP_GAP8:WP_03854|POP_GAP8:WP_03855|POP_GAP8:WP_03856|POP_GAP8:WP_03857|POP_GAP8:WP_03858|POP_GAP8:WP_03859|POP_GAP8:WP_03860|POP_GAP8:WP_03861|POP_GAP8:WP_03862|POP_GAP8:WP_03863|POP_GAP8:WP_03864|POP_GAP8:WP_03865|POP_GAP8:WP_03866|POP_GAP8:WP_03867|POP_GAP8:WP_03909|POP_GAP8:WP_03910|POP_GAP8:WP_03911|POP_GAP8:WP_03912|POP_GAP8:WP_03913|POP_GAP8:WP_03914|POP_GAP8:WP_03915|POP_GAP8:WP_03916|POP_GAP8:WP_03917|POP_GAP8:WP_03918|POP_GAP8:WP_03919|POP_GAP8:WP_03920|POP_GAP8:WP_03921|POP_GAP8:WP_03922|POP_GAP8:WP_03923|POP_GAP8:WP_03953|POP_GAP8:WP_03954|POP_GAP8:WP_03955|POP_GAP8:WP_03956|POP_GAP8:WP_03957|POP_GAP8:WP_03958|POP_GAP8:WP_03959|POP_GAP8:WP_03960|POP_GAP8:WP_03961|POP_GAP8:WP_03962|POP_GAP8:WP_03963|SETTLEMENT_GAP8:OSM_POINT_534888593", "discovery_seed_count": 48, "walk_graph_node_id": 7994, "walk_graph_connector_m": 4.7597191685714959, "walk_graph_connector_min": 0.059496489607143696, "walk_graph_snap_ok": true, "population_reachable_5min": 0.90473712003332074, "population_additional_5min": 0.90473712003332074, "existing_catchment_overlap_population_5min": 0.0, "existing_catchment_overlap_pct_5min": 0.0, "population_reachable_8min": 2.1342269085344396, "population_additional_8min": 2.1342269085344396, "existing_catchment_overlap_population_8min": 0.0, "existing_catchment_overlap_pct_8min": 0.0, "population_reachable_10min": 3.7654361485808159, "population_additional_10min": 3.7654361485808159, "existing_catchment_overlap_population_10min": 0.0, "existing_catchment_overlap_pct_10min": 0.0, "population_reachable_12min": 25.218168416238687, "population_additional_12min": 25.218168416238687, "existing_catchment_overlap_population_12min": 0.0, "existing_catchment_overlap_pct_12min": 0.0, "nearest_official_stop_walk_network_m": 2456.9657191870574, "nearest_official_stop_cluster_id": "EX_026", "nearby_official_routes": "D184", "nearby_official_route_count": 1, "settlement_coverage_10min_count": 1, "settlement_additional_10min_count": 1, "settlement_additional_10min_names": "Ospedaletto", "destination_coverage_10min_count": 0, "destination_additional_10min_count": 0, "destination_additional_10min_names": "", "pruned_near_existing_stop": false, "pruned_no_access_gain": false, "candidate_id": "P2S_0019", "stop_type": "PROPOSED_STOP", "physical_status": "FIELD_CHECK_PENDING", "epistemic_status": "PROPOSED_STOP/FIELD_CHECK_PENDING", "road_eligibility_status": "DERIVED_GATE_D_BUS_ELIGIBLE", "candidate_status": "HYPOTHESIS_NOT_RECOMMENDATION", "potential_interchange_with_reference_gtfs": false, "interchange_evidence_status": "DERIVED_FROM_REFERENCE_PERIOD_GTFS_PROXIMITY_NOT_CURRENT_SERVICE_GUARANTEE", "discovery_sample_spacing_m_assumption": 150.0, "candidate_pruning_radius_m_assumption": 220.0, "source_gate_b_commit": "55d726564e13acca55ce563cc911263ac513acb0", "source_gate_d_commit": "7c220f7586d0f6e5cccd14a2d518be52eb1c4a55", "PRO_COM_T": "097092", "COMUNE": "La Valletta Brianza", "municipal_2021_resident_work_commuters_context": 1796, "municipal_2021_outbound_workers_context": 1521, "od_2021_context_status": "FACT_ISTAT_2021_WORK_COMMUTING_MUNICIPAL_ONLY_NOT_STOP_DEMAND" }, "geometry": { "type": "Point", "coordinates": [ 9.374400277276536, 45.718479942981951 ] } },
{ "type": "Feature", "properties": { "osm_way_id": "144067229", "highway": "residential", "road_uncertainty_flags": "missing_lanes|missing_maxheight|missing_maxweight|missing_maxwidth|missing_width", "sample_index": 1, "x_utm32": 529973.5667649426, "y_utm32": 5062871.0772177801, "lon": 9.3851470813369673, "lat": 45.71874543072979, "discovery_evidence": "POP_GAP8:WP_03875|POP_GAP8:WP_03876|POP_GAP8:WP_03877|POP_GAP8:WP_03878|POP_GAP8:WP_03927|POP_GAP8:WP_03928|POP_GAP8:WP_03929|POP_GAP8:WP_03930|POP_GAP8:WP_03931|POP_GAP8:WP_03932|POP_GAP8:WP_03933|POP_GAP8:WP_03967|POP_GAP8:WP_03968|POP_GAP8:WP_03969|POP_GAP8:WP_03970|POP_GAP8:WP_03971|POP_GAP8:WP_03972|POP_GAP8:WP_03973|POP_GAP8:WP_04004|POP_GAP8:WP_04005|POP_GAP8:WP_04006|POP_GAP8:WP_04007|POP_GAP8:WP_04037|POP_GAP8:WP_04038|POP_GAP8:WP_04039", "discovery_seed_count": 25, "walk_graph_node_id": 11762, "walk_graph_connector_m": 2.4831805765684205, "walk_graph_connector_min": 0.031039757207105258, "walk_graph_snap_ok": true, "population_reachable_5min": 49.200061312014121, "population_additional_5min": 49.200061312014121, "existing_catchment_overlap_population_5min": 0.0, "existing_catchment_overlap_pct_5min": 0.0, "population_reachable_8min": 111.09935629878038, "population_additional_8min": 111.09935629878038, "existing_catchment_overlap_population_8min": 0.0, "existing_catchment_overlap_pct_8min": 0.0, "population_reachable_10min": 118.35261543140778, "population_additional_10min": 118.35261543140778, "existing_catchment_overlap_population_10min": 0.0, "existing_catchment_overlap_pct_10min": 0.0, "population_reachable_12min": 123.12864497815347, "population_additional_12min": 123.12864497815347, "existing_catchment_overlap_population_12min": 0.0, "existing_catchment_overlap_pct_12min": 0.0, "nearest_official_stop_walk_network_m": 2543.2054160142357, "nearest_official_stop_cluster_id": "EX_018", "nearby_official_routes": "D148", "nearby_official_route_count": 1, "settlement_coverage_10min_count": 1, "settlement_additional_10min_count": 1, "settlement_additional_10min_names": "Spiazzo", "destination_coverage_10min_count": 0, "destination_additional_10min_count": 0, "destination_additional_10min_names": "", "pruned_near_existing_stop": false, "pruned_no_access_gain": false, "candidate_id": "P2S_0020", "stop_type": "PROPOSED_STOP", "physical_status": "FIELD_CHECK_PENDING", "epistemic_status": "PROPOSED_STOP/FIELD_CHECK_PENDING", "road_eligibility_status": "DERIVED_GATE_D_BUS_ELIGIBLE", "candidate_status": "HYPOTHESIS_NOT_RECOMMENDATION", "potential_interchange_with_reference_gtfs": false, "interchange_evidence_status": "DERIVED_FROM_REFERENCE_PERIOD_GTFS_PROXIMITY_NOT_CURRENT_SERVICE_GUARANTEE", "discovery_sample_spacing_m_assumption": 150.0, "candidate_pruning_radius_m_assumption": 220.0, "source_gate_b_commit": "55d726564e13acca55ce563cc911263ac513acb0", "source_gate_d_commit": "7c220f7586d0f6e5cccd14a2d518be52eb1c4a55", "PRO_COM_T": "097092", "COMUNE": "La Valletta Brianza", "municipal_2021_resident_work_commuters_context": 1796, "municipal_2021_outbound_workers_context": 1521, "od_2021_context_status": "FACT_ISTAT_2021_WORK_COMMUTING_MUNICIPAL_ONLY_NOT_STOP_DEMAND" }, "geometry": { "type": "Point", "coordinates": [ 9.385147081336967, 45.71874543072979 ] } },
{ "type": "Feature", "properties": { "osm_way_id": "626398028", "highway": "primary", "road_uncertainty_flags": "missing_maxheight|missing_maxweight|missing_maxwidth|missing_width", "sample_index": 2, "x_utm32": 531895.79714410531, "y_utm32": 5062888.5470502833, "lon": 9.4098474227938862, "lat": 45.718816736305435, "discovery_evidence": "POP_GAP8:WP_03826", "discovery_seed_count": 1, "walk_graph_node_id": 19339, "walk_graph_connector_m": 40.223544475585314, "walk_graph_connector_min": 0.50279430594481644, "walk_graph_snap_ok": true, "population_reachable_5min": 39.731032291045423, "population_additional_5min": 39.731032291045423, "existing_catchment_overlap_population_5min": 0.0, "existing_catchment_overlap_pct_5min": 0.0, "population_reachable_8min": 283.88493466373092, "population_additional_8min": 63.812829304859136, "existing_catchment_overlap_population_8min": 220.0721053588718, "existing_catchment_overlap_pct_8min": 77.521586560961026, "population_reachable_10min": 476.34534246284028, "population_additional_10min": 82.767425016621971, "existing_catchment_overlap_population_10min": 393.57791744621829, "existing_catchment_overlap_pct_10min": 82.624491594965335, "population_reachable_12min": 876.99411457711471, "population_additional_12min": 106.1712306839602, "existing_catchment_overlap_population_12min": 770.82288389315443, "existing_catchment_overlap_pct_12min": 87.893735098193233, "nearest_official_stop_walk_network_m": 722.80269034617311, "nearest_official_stop_cluster_id": "EX_005", "nearby_official_routes": "D148|D150", "nearby_official_route_count": 2, "settlement_coverage_10min_count": 1, "settlement_additional_10min_count": 1, "settlement_additional_10min_names": "Scagnello", "destination_coverage_10min_count": 1, "destination_additional_10min_count": 1, "destination_additional_10min_names": "Esselunga", "pruned_near_existing_stop": false, "pruned_no_access_gain": false, "candidate_id": "P2S_0021", "stop_type": "PROPOSED_STOP", "physical_status": "FIELD_CHECK_PENDING", "epistemic_status": "PROPOSED_STOP/FIELD_CHECK_PENDING", "road_eligibility_status": "DERIVED_GATE_D_BUS_ELIGIBLE", "candidate_status": "HYPOTHESIS_NOT_RECOMMENDATION", "potential_interchange_with_reference_gtfs": false, "interchange_evidence_status": "DERIVED_FROM_REFERENCE_PERIOD_GTFS_PROXIMITY_NOT_CURRENT_SERVICE_GUARANTEE", "discovery_sample_spacing_m_assumption": 150.0, "candidate_pruning_radius_m_assumption": 220.0, "source_gate_b_commit": "55d726564e13acca55ce563cc911263ac513acb0", "source_gate_d_commit": "7c220f7586d0f6e5cccd14a2d518be52eb1c4a55", "PRO_COM_T": "097012", "COMUNE": "Calco", "municipal_2021_resident_work_commuters_context": 2173, "municipal_2021_outbound_workers_context": 1894, "od_2021_context_status": "FACT_ISTAT_2021_WORK_COMMUTING_MUNICIPAL_ONLY_NOT_STOP_DEMAND" }, "geometry": { "type": "Point", "coordinates": [ 9.409847422793886, 45.718816736305435 ] } },
{ "type": "Feature", "properties": { "osm_way_id": "961553726", "highway": "unclassified", "road_uncertainty_flags": "conditional_access=destination|missing_maxheight|missing_maxweight|missing_maxwidth|missing_width", "sample_index": 0, "x_utm32": 531455.78684031556, "y_utm32": 5062901.2520339601, "lon": 9.4041944451109618, "lat": 45.718951230183848, "discovery_evidence": "POP_GAP8:WP_03822|POP_GAP8:WP_03896|POP_GAP8:WP_03897|POP_GAP8:WP_03898", "discovery_seed_count": 4, "walk_graph_node_id": 17695, "walk_graph_connector_m": 3.1061282954229732, "walk_graph_connector_min": 0.038826603692787162, "walk_graph_snap_ok": true, "population_reachable_5min": 159.35721123742951, "population_additional_5min": 159.35721123742951, "existing_catchment_overlap_population_5min": 0.0, "existing_catchment_overlap_pct_5min": 0.0, "population_reachable_8min": 221.17932742084338, "population_additional_8min": 221.17932742084338, "existing_catchment_overlap_population_8min": 0.0, "existing_catchment_overlap_pct_8min": 0.0, "population_reachable_10min": 335.77071783844355, "population_additional_10min": 233.70210121677678, "existing_catchment_overlap_population_10min": 102.06861662166681, "existing_catchment_overlap_pct_10min": 30.398307892583187, "population_reachable_12min": 457.06202323402505, "population_additional_12min": 202.05933306617976, "existing_catchment_overlap_population_12min": 255.00269016784529, "existing_catchment_overlap_pct_12min": 55.791703796243588, "nearest_official_stop_walk_network_m": 1284.7715546489144, "nearest_official_stop_cluster_id": "EX_005", "nearby_official_routes": "D148|D150", "nearby_official_route_count": 2, "settlement_coverage_10min_count": 1, "settlement_additional_10min_count": 1, "settlement_additional_10min_names": "Scagnello", "destination_coverage_10min_count": 1, "destination_additional_10min_count": 1, "destination_additional_10min_names": "Esselunga", "pruned_near_existing_stop": false, "pruned_no_access_gain": false, "candidate_id": "P2S_0022", "stop_type": "PROPOSED_STOP", "physical_status": "FIELD_CHECK_PENDING", "epistemic_status": "PROPOSED_STOP/FIELD_CHECK_PENDING", "road_eligibility_status": "DERIVED_GATE_D_BUS_ELIGIBLE", "candidate_status": "HYPOTHESIS_NOT_RECOMMENDATION", "potential_interchange_with_reference_gtfs": false, "interchange_evidence_status": "DERIVED_FROM_REFERENCE_PERIOD_GTFS_PROXIMITY_NOT_CURRENT_SERVICE_GUARANTEE", "discovery_sample_spacing_m_assumption": 150.0, "candidate_pruning_radius_m_assumption": 220.0, "source_gate_b_commit": "55d726564e13acca55ce563cc911263ac513acb0", "source_gate_d_commit": "7c220f7586d0f6e5cccd14a2d518be52eb1c4a55", "PRO_COM_T": "097058", "COMUNE": "Olgiate Molgora", "municipal_2021_resident_work_commuters_context": 2287, "municipal_2021_outbound_workers_context": 1961, "od_2021_context_status": "FACT_ISTAT_2021_WORK_COMMUTING_MUNICIPAL_ONLY_NOT_STOP_DEMAND" }, "geometry": { "type": "Point", "coordinates": [ 9.404194445110962, 45.718951230183848 ] } },
{ "type": "Feature", "properties": { "osm_way_id": "1447755761", "highway": "service", "road_uncertainty_flags": "missing_lanes|missing_maxheight|missing_maxweight|missing_maxwidth|missing_width", "sample_index": 0, "x_utm32": 530895.99189517053, "y_utm32": 5062901.724272076, "lon": 9.3970015070032122, "lat": 45.718980701404284, "discovery_evidence": "POP_GAP8:WP_03890|POP_GAP8:WP_03891|POP_GAP8:WP_03892|POP_GAP8:WP_03946", "discovery_seed_count": 4, "walk_graph_node_id": 15810, "walk_graph_connector_m": 3.1548965830196183, "walk_graph_connector_min": 0.039436207287745231, "walk_graph_snap_ok": true, "population_reachable_5min": 249.45468590631316, "population_additional_5min": 249.45468590631316, "existing_catchment_overlap_population_5min": 0.0, "existing_catchment_overlap_pct_5min": 0.0, "population_reachable_8min": 727.98814705208417, "population_additional_8min": 727.98814705208417, "existing_catchment_overlap_population_8min": 0.0, "existing_catchment_overlap_pct_8min": 0.0, "population_reachable_10min": 1112.7115557620366, "population_additional_10min": 980.67887524864477, "existing_catchment_overlap_population_10min": 132.03268051339202, "existing_catchment_overlap_pct_10min": 11.865849674129599, "population_reachable_12min": 1508.4195403550875, "population_additional_12min": 881.19784501264303, "existing_catchment_overlap_population_12min": 627.22169534244438, "existing_catchment_overlap_pct_12min": 41.581382272122653, "nearest_official_stop_walk_network_m": 1373.9151123489444, "nearest_official_stop_cluster_id": "EX_018", "nearby_official_routes": "D148", "nearby_official_route_count": 1, "settlement_coverage_10min_count": 1, "settlement_additional_10min_count": 1, "settlement_additional_10min_names": "Beolco", "destination_coverage_10min_count": 0, "destination_additional_10min_count": 0, "destination_additional_10min_names": "", "pruned_near_existing_stop": false, "pruned_no_access_gain": false, "candidate_id": "P2S_0023", "stop_type": "PROPOSED_STOP", "physical_status": "FIELD_CHECK_PENDING", "epistemic_status": "PROPOSED_STOP/FIELD_CHECK_PENDING", "road_eligibility_status": "DERIVED_GATE_D_BUS_ELIGIBLE", "candidate_status": "HYPOTHESIS_NOT_RECOMMENDATION", "potential_interchange_with_reference_gtfs": false, "interchange_evidence_status": "DERIVED_FROM_REFERENCE_PERIOD_GTFS_PROXIMITY_NOT_CURRENT_SERVICE_GUARANTEE", "discovery_sample_spacing_m_assumption": 150.0, "candidate_pruning_radius_m_assumption": 220.0, "source_gate_b_commit": "55d726564e13acca55ce563cc911263ac513acb0", "source_gate_d_commit": "7c220f7586d0f6e5cccd14a2d518be52eb1c4a55", "PRO_COM_T": "097058", "COMUNE": "Olgiate Molgora", "municipal_2021_resident_work_commuters_context": 2287, "municipal_2021_outbound_workers_context": 1961, "od_2021_context_status": "FACT_ISTAT_2021_WORK_COMMUTING_MUNICIPAL_ONLY_NOT_STOP_DEMAND" }, "geometry": { "type": "Point", "coordinates": [ 9.397001507003212, 45.718980701404284 ] } },
{ "type": "Feature", "properties": { "osm_way_id": "278793641", "highway": "residential", "road_uncertainty_flags": "missing_lanes|missing_maxheight|missing_maxweight|missing_maxwidth|missing_width", "sample_index": 0, "x_utm32": 532152.63616447989, "y_utm32": 5062933.7701008487, "lon": 9.4131506085040328, "lat": 45.719211882505689, "discovery_evidence": "POP_GAP8:WP_03830|POP_GAP8:WP_03831|POP_GAP8:WP_03832|POP_GAP8:WP_03833", "discovery_seed_count": 4, "walk_graph_node_id": 20130, "walk_graph_connector_m": 2.5143705574793418, "walk_graph_connector_min": 0.031429631968491772, "walk_graph_snap_ok": true, "population_reachable_5min": 13.549793611702754, "population_additional_5min": 13.549793611702754, "existing_catchment_overlap_population_5min": 0.0, "existing_catchment_overlap_pct_5min": 0.0, "population_reachable_8min": 112.46697048200562, "population_additional_8min": 19.456747489250471, "existing_catchment_overlap_population_8min": 93.010222992755146, "existing_catchment_overlap_pct_8min": 82.700034147035637, "population_reachable_10min": 266.58407967405344, "population_additional_10min": 33.038988505227223, "existing_catchment_overlap_population_10min": 233.54509116882625, "existing_catchment_overlap_pct_10min": 87.606541041151729, "population_reachable_12min": 520.71239070182037, "population_additional_12min": 29.037508225346308, "existing_catchment_overlap_population_12min": 491.67488247647407, "existing_catchment_overlap_pct_12min": 94.423503503304516, "nearest_official_stop_walk_network_m": 791.09884433116747, "nearest_official_stop_cluster_id": "EX_005", "nearby_official_routes": "D148|D150", "nearby_official_route_count": 2, "settlement_coverage_10min_count": 1, "settlement_additional_10min_count": 1, "settlement_additional_10min_names": "Limito", "destination_coverage_10min_count": 1, "destination_additional_10min_count": 1, "destination_additional_10min_names": "Esselunga", "pruned_near_existing_stop": false, "pruned_no_access_gain": false, "candidate_id": "P2S_0024", "stop_type": "PROPOSED_STOP", "physical_status": "FIELD_CHECK_PENDING", "epistemic_status": "PROPOSED_STOP/FIELD_CHECK_PENDING", "road_eligibility_status": "DERIVED_GATE_D_BUS_ELIGIBLE", "candidate_status": "HYPOTHESIS_NOT_RECOMMENDATION", "potential_interchange_with_reference_gtfs": false, "interchange_evidence_status": "DERIVED_FROM_REFERENCE_PERIOD_GTFS_PROXIMITY_NOT_CURRENT_SERVICE_GUARANTEE", "discovery_sample_spacing_m_assumption": 150.0, "candidate_pruning_radius_m_assumption": 220.0, "source_gate_b_commit": "55d726564e13acca55ce563cc911263ac513acb0", "source_gate_d_commit": "7c220f7586d0f6e5cccd14a2d518be52eb1c4a55", "PRO_COM_T": "097012", "COMUNE": "Calco", "municipal_2021_resident_work_commuters_context": 2173, "municipal_2021_outbound_workers_context": 1894, "od_2021_context_status": "FACT_ISTAT_2021_WORK_COMMUTING_MUNICIPAL_ONLY_NOT_STOP_DEMAND" }, "geometry": { "type": "Point", "coordinates": [ 9.413150608504033, 45.719211882505689 ] } },
{ "type": "Feature", "properties": { "osm_way_id": "190278420", "highway": "residential", "road_uncertainty_flags": "missing_lanes|missing_maxheight|missing_maxweight|missing_maxwidth|missing_width", "sample_index": 0, "x_utm32": 531230.01678665297, "y_utm32": 5062969.2935586777, "lon": 9.4012978451502018, "lat": 45.719573868777296, "discovery_evidence": "POP_GAP8:WP_03817|POP_GAP8:WP_03818|POP_GAP8:WP_03894", "discovery_seed_count": 3, "walk_graph_node_id": 16935, "walk_graph_connector_m": 2.9311742186658529, "walk_graph_connector_min": 0.036639677733323162, "walk_graph_snap_ok": true, "population_reachable_5min": 216.42740264996092, "population_additional_5min": 216.42740264996092, "existing_catchment_overlap_population_5min": 0.0, "existing_catchment_overlap_pct_5min": 0.0, "population_reachable_8min": 693.324735372036, "population_additional_8min": 693.324735372036, "existing_catchment_overlap_population_8min": 0.0, "existing_catchment_overlap_pct_8min": 0.0, "population_reachable_10min": 1252.9988639019234, "population_additional_10min": 956.49952858107997, "existing_catchment_overlap_population_10min": 296.49933532084373, "existing_catchment_overlap_pct_10min": 23.663176708518687, "population_reachable_12min": 1864.6176938446952, "population_additional_12min": 875.43386559691942, "existing_catchment_overlap_population_12min": 989.18382824777552, "existing_catchment_overlap_pct_12min": 53.050222118624013, "nearest_official_stop_walk_network_m": 1336.694478932618, "nearest_official_stop_cluster_id": "EX_018", "nearby_official_routes": "D148", "nearby_official_route_count": 1, "settlement_coverage_10min_count": 0, "settlement_additional_10min_count": 0, "settlement_additional_10min_names": "", "destination_coverage_10min_count": 1, "destination_additional_10min_count": 1, "destination_additional_10min_names": "OSM leisure:sports_centre 1837075017", "pruned_near_existing_stop": false, "pruned_no_access_gain": false, "candidate_id": "P2S_0025", "stop_type": "PROPOSED_STOP", "physical_status": "FIELD_CHECK_PENDING", "epistemic_status": "PROPOSED_STOP/FIELD_CHECK_PENDING", "road_eligibility_status": "DERIVED_GATE_D_BUS_ELIGIBLE", "candidate_status": "HYPOTHESIS_NOT_RECOMMENDATION", "potential_interchange_with_reference_gtfs": false, "interchange_evidence_status": "DERIVED_FROM_REFERENCE_PERIOD_GTFS_PROXIMITY_NOT_CURRENT_SERVICE_GUARANTEE", "discovery_sample_spacing_m_assumption": 150.0, "candidate_pruning_radius_m_assumption": 220.0, "source_gate_b_commit": "55d726564e13acca55ce563cc911263ac513acb0", "source_gate_d_commit": "7c220f7586d0f6e5cccd14a2d518be52eb1c4a55", "PRO_COM_T": "097058", "COMUNE": "Olgiate Molgora", "municipal_2021_resident_work_commuters_context": 2287, "municipal_2021_outbound_workers_context": 1961, "od_2021_context_status": "FACT_ISTAT_2021_WORK_COMMUTING_MUNICIPAL_ONLY_NOT_STOP_DEMAND" }, "geometry": { "type": "Point", "coordinates": [ 9.401297845150202, 45.719573868777296 ] } },
{ "type": "Feature", "properties": { "osm_way_id": "1465161319", "highway": "service", "road_uncertainty_flags": "missing_lanes|missing_maxheight|missing_maxweight|missing_maxwidth|missing_width", "sample_index": 0, "x_utm32": 532789.93155539944, "y_utm32": 5062982.7663904158, "lon": 9.421342734161879, "lat": 45.719622970056456, "discovery_evidence": "POP_GAP8:WP_03755", "discovery_seed_count": 1, "walk_graph_node_id": 21915, "walk_graph_connector_m": 1.0432759040446975, "walk_graph_connector_min": 0.013040948800558718, "walk_graph_snap_ok": true, "population_reachable_5min": 0.69259893356682767, "population_additional_5min": 0.37888592905462437, "existing_catchment_overlap_population_5min": 0.3137130045122033, "existing_catchment_overlap_pct_5min": 45.295045849494322, "population_reachable_8min": 2.8364062297406747, "population_additional_8min": 1.0773494755550357, "existing_catchment_overlap_population_8min": 1.7590567541856392, "existing_catchment_overlap_pct_8min": 62.017095285623633, "population_reachable_10min": 136.54551401751294, "population_additional_10min": 0.79274773071045901, "existing_catchment_overlap_population_10min": 135.75276628680251, "existing_catchment_overlap_pct_10min": 99.419426015995839, "population_reachable_12min": 224.35320768069764, "population_additional_12min": 0.0, "existing_catchment_overlap_population_12min": 224.35320768069764, "existing_catchment_overlap_pct_12min": 100.0, "nearest_official_stop_walk_network_m": 280.19675623066917, "nearest_official_stop_cluster_id": "EX_021", "nearby_official_routes": "D170", "nearby_official_route_count": 1, "settlement_coverage_10min_count": 3, "settlement_additional_10min_count": 1, "settlement_additional_10min_names": "Limito", "destination_coverage_10min_count": 0, "destination_additional_10min_count": 0, "destination_additional_10min_names": "", "pruned_near_existing_stop": false, "pruned_no_access_gain": false, "candidate_id": "P2S_0026", "stop_type": "PROPOSED_STOP", "physical_status": "FIELD_CHECK_PENDING", "epistemic_status": "PROPOSED_STOP/FIELD_CHECK_PENDING", "road_eligibility_status": "DERIVED_GATE_D_BUS_ELIGIBLE", "candidate_status": "HYPOTHESIS_NOT_RECOMMENDATION", "potential_interchange_with_reference_gtfs": true, "interchange_evidence_status": "DERIVED_FROM_REFERENCE_PERIOD_GTFS_PROXIMITY_NOT_CURRENT_SERVICE_GUARANTEE", "discovery_sample_spacing_m_assumption": 150.0, "candidate_pruning_radius_m_assumption": 220.0, "source_gate_b_commit": "55d726564e13acca55ce563cc911263ac513acb0", "source_gate_d_commit": "7c220f7586d0f6e5cccd14a2d518be52eb1c4a55", "PRO_COM_T": "097012", "COMUNE": "Calco", "municipal_2021_resident_work_commuters_context": 2173, "municipal_2021_outbound_workers_context": 1894, "od_2021_context_status": "FACT_ISTAT_2021_WORK_COMMUTING_MUNICIPAL_ONLY_NOT_STOP_DEMAND" }, "geometry": { "type": "Point", "coordinates": [ 9.421342734161879, 45.719622970056456 ] } },
{ "type": "Feature", "properties": { "osm_way_id": "928652391", "highway": "unclassified", "road_uncertainty_flags": "missing_lanes|missing_maxheight|missing_maxweight|missing_maxwidth|missing_width", "sample_index": 0, "x_utm32": 535146.20505868411, "y_utm32": 5062986.5543414485, "lon": 9.451619639023308, "lat": 45.719541394772293, "discovery_evidence": "POP_GAP8:WP_03769|POP_GAP8:WP_04024", "discovery_seed_count": 2, "walk_graph_node_id": 27823, "walk_graph_connector_m": 229.24009087858553, "walk_graph_connector_min": 2.8655011359823193, "walk_graph_snap_ok": true, "population_reachable_5min": 16.114206254558255, "population_additional_5min": 16.114206254558255, "existing_catchment_overlap_population_5min": 0.0, "existing_catchment_overlap_pct_5min": 0.0, "population_reachable_8min": 33.001709589383509, "population_additional_8min": 33.001709589383509, "existing_catchment_overlap_population_8min": 0.0, "existing_catchment_overlap_pct_8min": 0.0, "population_reachable_10min": 33.129126581511208, "population_additional_10min": 33.129126581511208, "existing_catchment_overlap_population_10min": 0.0, "existing_catchment_overlap_pct_10min": 0.0, "population_reachable_12min": 47.56479802759825, "population_additional_12min": 17.165699064261023, "existing_catchment_overlap_population_12min": 30.399098963337224, "existing_catchment_overlap_pct_12min": 63.910917787770124, "nearest_official_stop_walk_network_m": 792.1207263643297, "nearest_official_stop_cluster_id": "EX_031", "nearby_official_routes": "D150|D170", "nearby_official_route_count": 2, "settlement_coverage_10min_count": 0, "settlement_additional_10min_count": 0, "settlement_additional_10min_names": "", "destination_coverage_10min_count": 0, "destination_additional_10min_count": 0, "destination_additional_10min_names": "", "pruned_near_existing_stop": false, "pruned_no_access_gain": false, "candidate_id": "P2S_0027", "stop_type": "PROPOSED_STOP", "physical_status": "FIELD_CHECK_PENDING", "epistemic_status": "PROPOSED_STOP/FIELD_CHECK_PENDING", "road_eligibility_status": "DERIVED_GATE_D_BUS_ELIGIBLE", "candidate_status": "HYPOTHESIS_NOT_RECOMMENDATION", "potential_interchange_with_reference_gtfs": false, "interchange_evidence_status": "DERIVED_FROM_REFERENCE_PERIOD_GTFS_PROXIMITY_NOT_CURRENT_SERVICE_GUARANTEE", "discovery_sample_spacing_m_assumption": 150.0, "candidate_pruning_radius_m_assumption": 220.0, "source_gate_b_commit": "55d726564e13acca55ce563cc911263ac513acb0", "source_gate_d_commit": "7c220f7586d0f6e5cccd14a2d518be52eb1c4a55", "PRO_COM_T": "097012", "COMUNE": "Calco", "municipal_2021_resident_work_commuters_context": 2173, "municipal_2021_outbound_workers_context": 1894, "od_2021_context_status": "FACT_ISTAT_2021_WORK_COMMUTING_MUNICIPAL_ONLY_NOT_STOP_DEMAND" }, "geometry": { "type": "Point", "coordinates": [ 9.451619639023308, 45.719541394772293 ] } },
{ "type": "Feature", "properties": { "osm_way_id": "167041024", "highway": "unclassified", "road_uncertainty_flags": "missing_maxheight|missing_maxweight|missing_maxwidth|missing_width", "sample_index": 0, "x_utm32": 530696.04703749274, "y_utm32": 5063064.6254057335, "lon": 9.3944426716074751, "lat": 45.720455803658389, "discovery_evidence": "POP_GAP8:WP_03724|POP_GAP8:WP_03725|POP_GAP8:WP_03726|POP_GAP8:WP_03727|POP_GAP8:WP_03728|POP_GAP8:WP_03807|POP_GAP8:WP_03808|POP_GAP8:WP_03809", "discovery_seed_count": 8, "walk_graph_node_id": 14978, "walk_graph_connector_m": 0.92855038035916704, "walk_graph_connector_min": 0.011606879754489588, "walk_graph_snap_ok": true, "population_reachable_5min": 345.07395753277615, "population_additional_5min": 345.07395753277615, "existing_catchment_overlap_population_5min": 0.0, "existing_catchment_overlap_pct_5min": 0.0, "population_reachable_8min": 880.05284971676929, "population_additional_8min": 880.05284971676929, "existing_catchment_overlap_population_8min": 0.0, "existing_catchment_overlap_pct_8min": 0.0, "population_reachable_10min": 1137.9208702882931, "population_additional_10min": 980.16678039502074, "existing_catchment_overlap_population_10min": 157.75408989327244, "existing_catchment_overlap_pct_10min": 13.863362032660964, "population_reachable_12min": 1483.5919145620958, "population_additional_12min": 842.25415646248348, "existing_catchment_overlap_population_12min": 641.33775809961253, "existing_catchment_overlap_pct_12min": 43.228717533750711, "nearest_official_stop_walk_network_m": 1267.49668426835, "nearest_official_stop_cluster_id": "EX_018", "nearby_official_routes": "D148", "nearby_official_route_count": 1, "settlement_coverage_10min_count": 1, "settlement_additional_10min_count": 1, "settlement_additional_10min_names": "Beolco", "destination_coverage_10min_count": 0, "destination_additional_10min_count": 0, "destination_additional_10min_names": "", "pruned_near_existing_stop": false, "pruned_no_access_gain": false, "candidate_id": "P2S_0028", "stop_type": "PROPOSED_STOP", "physical_status": "FIELD_CHECK_PENDING", "epistemic_status": "PROPOSED_STOP/FIELD_CHECK_PENDING", "road_eligibility_status": "DERIVED_GATE_D_BUS_ELIGIBLE", "candidate_status": "HYPOTHESIS_NOT_RECOMMENDATION", "potential_interchange_with_reference_gtfs": false, "interchange_evidence_status": "DERIVED_FROM_REFERENCE_PERIOD_GTFS_PROXIMITY_NOT_CURRENT_SERVICE_GUARANTEE", "discovery_sample_spacing_m_assumption": 150.0, "candidate_pruning_radius_m_assumption": 220.0, "source_gate_b_commit": "55d726564e13acca55ce563cc911263ac513acb0", "source_gate_d_commit": "7c220f7586d0f6e5cccd14a2d518be52eb1c4a55", "PRO_COM_T": "097058", "COMUNE": "Olgiate Molgora", "municipal_2021_resident_work_commuters_context": 2287, "municipal_2021_outbound_workers_context": 1961, "od_2021_context_status": "FACT_ISTAT_2021_WORK_COMMUTING_MUNICIPAL_ONLY_NOT_STOP_DEMAND" }, "geometry": { "type": "Point", "coordinates": [ 9.394442671607475, 45.720455803658389 ] } },
{ "type": "Feature", "properties": { "osm_way_id": "1430850463", "highway": "service", "road_uncertainty_flags": "missing_lanes|missing_maxheight|missing_maxweight|missing_maxwidth|missing_width", "sample_index": 0, "x_utm32": 529599.21938838775, "y_utm32": 5063081.5143087013, "lon": 9.3803498418063889, "lat": 45.720655602481742, "discovery_evidence": "POP_GAP8:WP_03629|POP_GAP8:WP_03630|POP_GAP8:WP_03710|POP_GAP8:WP_03711|POP_GAP8:WP_03712|POP_GAP8:WP_03713|POP_GAP8:WP_03790|POP_GAP8:WP_03791|POP_GAP8:WP_03792|POP_GAP8:WP_03793|POP_GAP8:WP_03794|POP_GAP8:WP_03868|POP_GAP8:WP_03869|POP_GAP8:WP_03870|POP_GAP8:WP_03871|POP_GAP8:WP_03872|POP_GAP8:WP_03923|POP_GAP8:WP_03924|POP_GAP8:WP_03925|POP_GAP8:WP_03926|POP_GAP8:WP_03927|POP_GAP8:WP_03966|POP_GAP8:WP_03967", "discovery_seed_count": 23, "walk_graph_node_id": 10222, "walk_graph_connector_m": 5.3355133206896319, "walk_graph_connector_min": 0.066693916508620402, "walk_graph_snap_ok": true, "population_reachable_5min": 32.944033156191516, "population_additional_5min": 32.944033156191516, "existing_catchment_overlap_population_5min": 0.0, "existing_catchment_overlap_pct_5min": 0.0, "population_reachable_8min": 64.369397702814439, "population_additional_8min": 64.369397702814439, "existing_catchment_overlap_population_8min": 0.0, "existing_catchment_overlap_pct_8min": 0.0, "population_reachable_10min": 122.71871703057805, "population_additional_10min": 122.71871703057805, "existing_catchment_overlap_population_10min": 0.0, "existing_catchment_overlap_pct_10min": 0.0, "population_reachable_12min": 137.50537549202917, "population_additional_12min": 137.50537549202917, "existing_catchment_overlap_population_12min": 0.0, "existing_catchment_overlap_pct_12min": 0.0, "nearest_official_stop_walk_network_m": 2437.6339043160074, "nearest_official_stop_cluster_id": "EX_026", "nearby_official_routes": "D184", "nearby_official_route_count": 1, "settlement_coverage_10min_count": 1, "settlement_additional_10min_count": 1, "settlement_additional_10min_names": "Spiazzo", "destination_coverage_10min_count": 0, "destination_additional_10min_count": 0, "destination_additional_10min_names": "", "pruned_near_existing_stop": false, "pruned_no_access_gain": false, "candidate_id": "P2S_0029", "stop_type": "PROPOSED_STOP", "physical_status": "FIELD_CHECK_PENDING", "epistemic_status": "PROPOSED_STOP/FIELD_CHECK_PENDING", "road_eligibility_status": "DERIVED_GATE_D_BUS_ELIGIBLE", "candidate_status": "HYPOTHESIS_NOT_RECOMMENDATION", "potential_interchange_with_reference_gtfs": false, "interchange_evidence_status": "DERIVED_FROM_REFERENCE_PERIOD_GTFS_PROXIMITY_NOT_CURRENT_SERVICE_GUARANTEE", "discovery_sample_spacing_m_assumption": 150.0, "candidate_pruning_radius_m_assumption": 220.0, "source_gate_b_commit": "55d726564e13acca55ce563cc911263ac513acb0", "source_gate_d_commit": "7c220f7586d0f6e5cccd14a2d518be52eb1c4a55", "PRO_COM_T": "097092", "COMUNE": "La Valletta Brianza", "municipal_2021_resident_work_commuters_context": 1796, "municipal_2021_outbound_workers_context": 1521, "od_2021_context_status": "FACT_ISTAT_2021_WORK_COMMUTING_MUNICIPAL_ONLY_NOT_STOP_DEMAND" }, "geometry": { "type": "Point", "coordinates": [ 9.380349841806389, 45.720655602481742 ] } },
{ "type": "Feature", "properties": { "osm_way_id": "40627766", "highway": "unclassified", "road_uncertainty_flags": "missing_lanes|missing_maxheight|missing_maxweight|missing_maxwidth|missing_width", "sample_index": 2, "x_utm32": 529194.63588241255, "y_utm32": 5063121.7489823122, "lon": 9.3751534824066542, "lat": 45.72103492726783, "discovery_evidence": "POP_GAP8:WP_03517|POP_GAP8:WP_03518|POP_GAP8:WP_03519|POP_GAP8:WP_03520|POP_GAP8:WP_03521|POP_GAP8:WP_03522|POP_GAP8:WP_03523|POP_GAP8:WP_03616|POP_GAP8:WP_03617|POP_GAP8:WP_03618|POP_GAP8:WP_03619|POP_GAP8:WP_03620|POP_GAP8:WP_03621|POP_GAP8:WP_03622|POP_GAP8:WP_03623|POP_GAP8:WP_03624|POP_GAP8:WP_03700|POP_GAP8:WP_03701|POP_GAP8:WP_03702|POP_GAP8:WP_03703|POP_GAP8:WP_03704|POP_GAP8:WP_03705|POP_GAP8:WP_03706|POP_GAP8:WP_03707|SETTLEMENT_GAP8:OSM_POINT_8823966883", "discovery_seed_count": 25, "walk_graph_node_id": 8275, "walk_graph_connector_m": 0.063535237295732752, "walk_graph_connector_min": 0.00079419046619665936, "walk_graph_snap_ok": true, "population_reachable_5min": 1.3487975669398431, "population_additional_5min": 1.3487975669398431, "existing_catchment_overlap_population_5min": 0.0, "existing_catchment_overlap_pct_5min": 0.0, "population_reachable_8min": 20.36000196533168, "population_additional_8min": 20.36000196533168, "existing_catchment_overlap_population_8min": 0.0, "existing_catchment_overlap_pct_8min": 0.0, "population_reachable_10min": 72.815064042734221, "population_additional_10min": 72.815064042734221, "existing_catchment_overlap_population_10min": 0.0, "existing_catchment_overlap_pct_10min": 0.0, "population_reachable_12min": 168.5076077645783, "population_additional_12min": 168.5076077645783, "existing_catchment_overlap_population_12min": 0.0, "existing_catchment_overlap_pct_12min": 0.0, "nearest_official_stop_walk_network_m": 2174.3668575765737, "nearest_official_stop_cluster_id": "EX_026", "nearby_official_routes": "D184", "nearby_official_route_count": 1, "settlement_coverage_10min_count": 2, "settlement_additional_10min_count": 2, "settlement_additional_10min_names": "Brugolone|Galbusera Bianca", "destination_coverage_10min_count": 0, "destination_additional_10min_count": 0, "destination_additional_10min_names": "", "pruned_near_existing_stop": false, "pruned_no_access_gain": false, "candidate_id": "P2S_0030", "stop_type": "PROPOSED_STOP", "physical_status": "FIELD_CHECK_PENDING", "epistemic_status": "PROPOSED_STOP/FIELD_CHECK_PENDING", "road_eligibility_status": "DERIVED_GATE_D_BUS_ELIGIBLE", "candidate_status": "HYPOTHESIS_NOT_RECOMMENDATION", "potential_interchange_with_reference_gtfs": false, "interchange_evidence_status": "DERIVED_FROM_REFERENCE_PERIOD_GTFS_PROXIMITY_NOT_CURRENT_SERVICE_GUARANTEE", "discovery_sample_spacing_m_assumption": 150.0, "candidate_pruning_radius_m_assumption": 220.0, "source_gate_b_commit": "55d726564e13acca55ce563cc911263ac513acb0", "source_gate_d_commit": "7c220f7586d0f6e5cccd14a2d518be52eb1c4a55", "PRO_COM_T": "097092", "COMUNE": "La Valletta Brianza", "municipal_2021_resident_work_commuters_context": 1796, "municipal_2021_outbound_workers_context": 1521, "od_2021_context_status": "FACT_ISTAT_2021_WORK_COMMUTING_MUNICIPAL_ONLY_NOT_STOP_DEMAND" }, "geometry": { "type": "Point", "coordinates": [ 9.375153482406654, 45.72103492726783 ] } },
{ "type": "Feature", "properties": { "osm_way_id": "1464429363", "highway": "service", "road_uncertainty_flags": "missing_lanes|missing_maxheight|missing_maxweight|missing_maxwidth|missing_width", "sample_index": 0, "x_utm32": 531730.97961789381, "y_utm32": 5063130.2262706533, "lon": 9.4077454640985341, "lat": 45.720999561915001, "discovery_evidence": "POP_GAP8:WP_03654|POP_GAP8:WP_03655|POP_GAP8:WP_03656|POP_GAP8:WP_03657|POP_GAP8:WP_03740|POP_GAP8:WP_03741|POP_GAP8:WP_03742|POP_GAP8:WP_03743|POP_GAP8:WP_03824|POP_GAP8:WP_03825", "discovery_seed_count": 10, "walk_graph_node_id": 18892, "walk_graph_connector_m": 38.779318984220055, "walk_graph_connector_min": 0.48474148730275068, "walk_graph_snap_ok": true, "population_reachable_5min": 33.652769974310395, "population_additional_5min": 33.652769974310395, "existing_catchment_overlap_population_5min": 0.0, "existing_catchment_overlap_pct_5min": 0.0, "population_reachable_8min": 109.22193256170566, "population_additional_8min": 109.22193256170566, "existing_catchment_overlap_population_8min": 0.0, "existing_catchment_overlap_pct_8min": 0.0, "population_reachable_10min": 149.66516603928812, "population_additional_10min": 149.66516603928812, "existing_catchment_overlap_population_10min": 0.0, "existing_catchment_overlap_pct_10min": 0.0, "population_reachable_12min": 194.36972048824711, "population_additional_12min": 160.14824138091461, "existing_catchment_overlap_population_12min": 34.22147910733252, "existing_catchment_overlap_pct_12min": 17.606383865434317, "nearest_official_stop_walk_network_m": 1528.2252586392415, "nearest_official_stop_cluster_id": "EX_005", "nearby_official_routes": "D148|D150", "nearby_official_route_count": 2, "settlement_coverage_10min_count": 1, "settlement_additional_10min_count": 1, "settlement_additional_10min_names": "Scagnello", "destination_coverage_10min_count": 1, "destination_additional_10min_count": 1, "destination_additional_10min_names": "Esselunga", "pruned_near_existing_stop": false, "pruned_no_access_gain": false, "candidate_id": "P2S_0031", "stop_type": "PROPOSED_STOP", "physical_status": "FIELD_CHECK_PENDING", "epistemic_status": "PROPOSED_STOP/FIELD_CHECK_PENDING", "road_eligibility_status": "DERIVED_GATE_D_BUS_ELIGIBLE", "candidate_status": "HYPOTHESIS_NOT_RECOMMENDATION", "potential_interchange_with_reference_gtfs": false, "interchange_evidence_status": "DERIVED_FROM_REFERENCE_PERIOD_GTFS_PROXIMITY_NOT_CURRENT_SERVICE_GUARANTEE", "discovery_sample_spacing_m_assumption": 150.0, "candidate_pruning_radius_m_assumption": 220.0, "source_gate_b_commit": "55d726564e13acca55ce563cc911263ac513acb0", "source_gate_d_commit": "7c220f7586d0f6e5cccd14a2d518be52eb1c4a55", "PRO_COM_T": "097012", "COMUNE": "Calco", "municipal_2021_resident_work_commuters_context": 2173, "municipal_2021_outbound_workers_context": 1894, "od_2021_context_status": "FACT_ISTAT_2021_WORK_COMMUTING_MUNICIPAL_ONLY_NOT_STOP_DEMAND" }, "geometry": { "type": "Point", "coordinates": [ 9.407745464098534, 45.720999561915001 ] } },
{ "type": "Feature", "properties": { "osm_way_id": "1465349140", "highway": "service", "road_uncertainty_flags": "missing_lanes|missing_maxheight|missing_maxweight|missing_maxwidth|missing_width", "sample_index": 0, "x_utm32": 533836.28096605418, "y_utm32": 5063145.1513753235, "lon": 9.434799024192122, "lat": 45.721034145919148, "discovery_evidence": "POP_GAP8:WP_03586|POP_GAP8:WP_03587|POP_GAP8:WP_03673", "discovery_seed_count": 3, "walk_graph_node_id": 24852, "walk_graph_connector_m": 4.7949907042320525, "walk_graph_connector_min": 0.059937383802900659, "walk_graph_snap_ok": true, "population_reachable_5min": 0.38574073580204798, "population_additional_5min": 0.38574073580204798, "existing_catchment_overlap_population_5min": 0.0, "existing_catchment_overlap_pct_5min": 0.0, "population_reachable_8min": 1.5962714618040481, "population_additional_8min": 1.5962714618040481, "existing_catchment_overlap_population_8min": 0.0, "existing_catchment_overlap_pct_8min": 0.0, "population_reachable_10min": 26.06726446667982, "population_additional_10min": 2.2777072276930985, "existing_catchment_overlap_population_10min": 23.78955723898672, "existing_catchment_overlap_pct_10min": 91.262193121167158, "population_reachable_12min": 137.17937819892268, "population_additional_12min": 23.771932240082339, "existing_catchment_overlap_population_12min": 113.40744595884031, "existing_catchment_overlap_pct_12min": 82.67091413287288, "nearest_official_stop_walk_network_m": 1244.3097784076242, "nearest_official_stop_cluster_id": "EX_021", "nearby_official_routes": "D170", "nearby_official_route_count": 1, "settlement_coverage_10min_count": 1, "settlement_additional_10min_count": 1, "settlement_additional_10min_names": "Grugana", "destination_coverage_10min_count": 0, "destination_additional_10min_count": 0, "destination_additional_10min_names": "", "pruned_near_existing_stop": false, "pruned_no_access_gain": false, "candidate_id": "P2S_0032", "stop_type": "PROPOSED_STOP", "physical_status": "FIELD_CHECK_PENDING", "epistemic_status": "PROPOSED_STOP/FIELD_CHECK_PENDING", "road_eligibility_status": "DERIVED_GATE_D_BUS_ELIGIBLE", "candidate_status": "HYPOTHESIS_NOT_RECOMMENDATION", "potential_interchange_with_reference_gtfs": false, "interchange_evidence_status": "DERIVED_FROM_REFERENCE_PERIOD_GTFS_PROXIMITY_NOT_CURRENT_SERVICE_GUARANTEE", "discovery_sample_spacing_m_assumption": 150.0, "candidate_pruning_radius_m_assumption": 220.0, "source_gate_b_commit": "55d726564e13acca55ce563cc911263ac513acb0", "source_gate_d_commit": "7c220f7586d0f6e5cccd14a2d518be52eb1c4a55", "PRO_COM_T": "097012", "COMUNE": "Calco", "municipal_2021_resident_work_commuters_context": 2173, "municipal_2021_outbound_workers_context": 1894, "od_2021_context_status": "FACT_ISTAT_2021_WORK_COMMUTING_MUNICIPAL_ONLY_NOT_STOP_DEMAND" }, "geometry": { "type": "Point", "coordinates": [ 9.434799024192122, 45.721034145919148 ] } },
{ "type": "Feature", "properties": { "osm_way_id": "581580999", "highway": "residential", "road_uncertainty_flags": "missing_lanes|missing_maxheight|missing_maxweight|missing_maxwidth|missing_width", "sample_index": 2, "x_utm32": 531134.61111677543, "y_utm32": 5063173.2523850631, "lon": 9.4000850386652388, "lat": 45.721413913201722, "discovery_evidence": "POP_GAP8:WP_03651|POP_GAP8:WP_03652|POP_GAP8:WP_03653|POP_GAP8:WP_03735|POP_GAP8:WP_03736", "discovery_seed_count": 5, "walk_graph_node_id": 16548, "walk_graph_connector_m": 18.254945376636051, "walk_graph_connector_min": 0.22818681720795064, "walk_graph_snap_ok": true, "population_reachable_5min": 565.38061811668103, "population_additional_5min": 565.38061811668103, "existing_catchment_overlap_population_5min": 0.0, "existing_catchment_overlap_pct_5min": 0.0, "population_reachable_8min": 1412.8507335866041, "population_additional_8min": 1224.7016316454535, "existing_catchment_overlap_population_8min": 188.14910194115041, "existing_catchment_overlap_pct_8min": 13.316983703120776, "population_reachable_10min": 1972.2334300317943, "population_additional_10min": 1045.885859705822, "existing_catchment_overlap_population_10min": 926.34757032597258, "existing_catchment_overlap_pct_10min": 46.969469040540446, "population_reachable_12min": 2651.4417399960448, "population_additional_12min": 965.42086569467119, "existing_catchment_overlap_population_12min": 1686.0208743013734, "existing_catchment_overlap_pct_12min": 63.588833534162006, "nearest_official_stop_walk_network_m": 1087.8028836355638, "nearest_official_stop_cluster_id": "EX_018", "nearby_official_routes": "D148", "nearby_official_route_count": 1, "settlement_coverage_10min_count": 0, "settlement_additional_10min_count": 0, "settlement_additional_10min_names": "", "destination_coverage_10min_count": 2, "destination_additional_10min_count": 1, "destination_additional_10min_names": "OSM leisure:sports_centre 1837075017", "pruned_near_existing_stop": false, "pruned_no_access_gain": false, "candidate_id": "P2S_0033", "stop_type": "PROPOSED_STOP", "physical_status": "FIELD_CHECK_PENDING", "epistemic_status": "PROPOSED_STOP/FIELD_CHECK_PENDING", "road_eligibility_status": "DERIVED_GATE_D_BUS_ELIGIBLE", "candidate_status": "HYPOTHESIS_NOT_RECOMMENDATION", "potential_interchange_with_reference_gtfs": false, "interchange_evidence_status": "DERIVED_FROM_REFERENCE_PERIOD_GTFS_PROXIMITY_NOT_CURRENT_SERVICE_GUARANTEE", "discovery_sample_spacing_m_assumption": 150.0, "candidate_pruning_radius_m_assumption": 220.0, "source_gate_b_commit": "55d726564e13acca55ce563cc911263ac513acb0", "source_gate_d_commit": "7c220f7586d0f6e5cccd14a2d518be52eb1c4a55", "PRO_COM_T": "097058", "COMUNE": "Olgiate Molgora", "municipal_2021_resident_work_commuters_context": 2287, "municipal_2021_outbound_workers_context": 1961, "od_2021_context_status": "FACT_ISTAT_2021_WORK_COMMUTING_MUNICIPAL_ONLY_NOT_STOP_DEMAND" }, "geometry": { "type": "Point", "coordinates": [ 9.400085038665239, 45.721413913201722 ] } },
{ "type": "Feature", "properties": { "osm_way_id": "42281508", "highway": "unclassified", "road_uncertainty_flags": "missing_lanes|missing_maxheight|missing_maxweight|missing_maxwidth|missing_width", "sample_index": 1, "x_utm32": 531356.52099204063, "y_utm32": 5063227.9266542066, "lon": 9.4029400847753788, "lat": 45.721895991305203, "discovery_evidence": "POP_GAP8:WP_03738", "discovery_seed_count": 1, "walk_graph_node_id": 17287, "walk_graph_connector_m": 64.223183695179898, "walk_graph_connector_min": 0.80278979618974877, "walk_graph_snap_ok": true, "population_reachable_5min": 81.786447228600025, "population_additional_5min": 81.786447228600025, "existing_catchment_overlap_population_5min": 0.0, "existing_catchment_overlap_pct_5min": 0.0, "population_reachable_8min": 271.83361592276913, "population_additional_8min": 135.89255125184374, "existing_catchment_overlap_population_8min": 135.94106467092541, "existing_catchment_overlap_pct_8min": 50.008923366397681, "population_reachable_10min": 588.18853962037758, "population_additional_10min": 246.73217819288874, "existing_catchment_overlap_population_10min": 341.4563614274889, "existing_catchment_overlap_pct_10min": 58.052195584747032, "population_reachable_12min": 1160.6627466139191, "population_additional_12min": 353.6612888490564, "existing_catchment_overlap_population_12min": 807.00145776486261, "existing_catchment_overlap_pct_12min": 69.529366744920793, "nearest_official_stop_walk_network_m": 1037.2918782552881, "nearest_official_stop_cluster_id": "EX_019", "nearby_official_routes": "D148|D185", "nearby_official_route_count": 2, "settlement_coverage_10min_count": 0, "settlement_additional_10min_count": 0, "settlement_additional_10min_names": "", "destination_coverage_10min_count": 0, "destination_additional_10min_count": 0, "destination_additional_10min_names": "", "pruned_near_existing_stop": false, "pruned_no_access_gain": false, "candidate_id": "P2S_0034", "stop_type": "PROPOSED_STOP", "physical_status": "FIELD_CHECK_PENDING", "epistemic_status": "PROPOSED_STOP/FIELD_CHECK_PENDING", "road_eligibility_status": "DERIVED_GATE_D_BUS_ELIGIBLE", "candidate_status": "HYPOTHESIS_NOT_RECOMMENDATION", "potential_interchange_with_reference_gtfs": false, "interchange_evidence_status": "DERIVED_FROM_REFERENCE_PERIOD_GTFS_PROXIMITY_NOT_CURRENT_SERVICE_GUARANTEE", "discovery_sample_spacing_m_assumption": 150.0, "candidate_pruning_radius_m_assumption": 220.0, "source_gate_b_commit": "55d726564e13acca55ce563cc911263ac513acb0", "source_gate_d_commit": "7c220f7586d0f6e5cccd14a2d518be52eb1c4a55", "PRO_COM_T": "097012", "COMUNE": "Calco", "municipal_2021_resident_work_commuters_context": 2173, "municipal_2021_outbound_workers_context": 1894, "od_2021_context_status": "FACT_ISTAT_2021_WORK_COMMUTING_MUNICIPAL_ONLY_NOT_STOP_DEMAND" }, "geometry": { "type": "Point", "coordinates": [ 9.402940084775379, 45.721895991305203 ] } },
{ "type": "Feature", "properties": { "osm_way_id": "1465348969", "highway": "service", "road_uncertainty_flags": "missing_lanes|missing_maxheight|missing_maxweight|missing_maxwidth|missing_width", "sample_index": 0, "x_utm32": 533265.7875529204, "y_utm32": 5063230.711048387, "lon": 9.4274742168933514, "lat": 45.721831891647199, "discovery_evidence": "POP_GAP8:WP_03575", "discovery_seed_count": 1, "walk_graph_node_id": 23420, "walk_graph_connector_m": 0.25850864390631556, "walk_graph_connector_min": 0.0032313580488289445, "walk_graph_snap_ok": true, "population_reachable_5min": 47.376534560569681, "population_additional_5min": 47.376534560569681, "existing_catchment_overlap_population_5min": 0.0, "existing_catchment_overlap_pct_5min": 0.0, "population_reachable_8min": 161.08509146583609, "population_additional_8min": 160.98387393530271, "existing_catchment_overlap_population_8min": 0.10121753053334659, "existing_catchment_overlap_pct_8min": 0.06283482202622917, "population_reachable_10min": 297.83485446004249, "population_additional_10min": 118.21572640750375, "existing_catchment_overlap_population_10min": 179.61912805253871, "existing_catchment_overlap_pct_10min": 60.308296817099496, "population_reachable_12min": 383.89862094471823, "population_additional_12min": 145.44479011458594, "existing_catchment_overlap_population_12min": 238.45383083013238, "existing_catchment_overlap_pct_12min": 62.113750302966039, "nearest_official_stop_walk_network_m": 479.22203911178025, "nearest_official_stop_cluster_id": "EX_021", "nearby_official_routes": "D170", "nearby_official_route_count": 1, "settlement_coverage_10min_count": 2, "settlement_additional_10min_count": 0, "settlement_additional_10min_names": "", "destination_coverage_10min_count": 0, "destination_additional_10min_count": 0, "destination_additional_10min_names": "", "pruned_near_existing_stop": false, "pruned_no_access_gain": false, "candidate_id": "P2S_0035", "stop_type": "PROPOSED_STOP", "physical_status": "FIELD_CHECK_PENDING", "epistemic_status": "PROPOSED_STOP/FIELD_CHECK_PENDING", "road_eligibility_status": "DERIVED_GATE_D_BUS_ELIGIBLE", "candidate_status": "HYPOTHESIS_NOT_RECOMMENDATION", "potential_interchange_with_reference_gtfs": false, "interchange_evidence_status": "DERIVED_FROM_REFERENCE_PERIOD_GTFS_PROXIMITY_NOT_CURRENT_SERVICE_GUARANTEE", "discovery_sample_spacing_m_assumption": 150.0, "candidate_pruning_radius_m_assumption": 220.0, "source_gate_b_commit": "55d726564e13acca55ce563cc911263ac513acb0", "source_gate_d_commit": "7c220f7586d0f6e5cccd14a2d518be52eb1c4a55", "PRO_COM_T": "097012", "COMUNE": "Calco", "municipal_2021_resident_work_commuters_context": 2173, "municipal_2021_outbound_workers_context": 1894, "od_2021_context_status": "FACT_ISTAT_2021_WORK_COMMUTING_MUNICIPAL_ONLY_NOT_STOP_DEMAND" }, "geometry": { "type": "Point", "coordinates": [ 9.427474216893351, 45.721831891647199 ] } },
{ "type": "Feature", "properties": { "osm_way_id": "42222954", "highway": "residential", "road_uncertainty_flags": "missing_lanes|missing_maxheight|missing_maxweight|missing_maxwidth|missing_width", "sample_index": 0, "x_utm32": 532332.85384431388, "y_utm32": 5063250.4090683404, "lon": 9.4154874075952009, "lat": 45.722053409824127, "discovery_evidence": "POP_GAP8:WP_03666|POP_GAP8:WP_03667|POP_GAP8:WP_03668|POP_GAP8:WP_03751|POP_GAP8:WP_03752|POP_GAP8:WP_03753|POP_GAP8:WP_03754|POP_GAP8:WP_03755|POP_GAP8:WP_03833|SETTLEMENT_GAP8:OSM_POINT_7994580675", "discovery_seed_count": 10, "walk_graph_node_id": 20537, "walk_graph_connector_m": 1.5240887833698789, "walk_graph_connector_min": 0.019051109792123485, "walk_graph_snap_ok": true, "population_reachable_5min": 224.70622901011021, "population_additional_5min": 45.214164105969431, "existing_catchment_overlap_population_5min": 179.49206490414079, "existing_catchment_overlap_pct_5min": 79.878544397656597, "population_reachable_8min": 889.58698872657317, "population_additional_8min": 11.038912033130591, "existing_catchment_overlap_population_8min": 878.54807669344257, "existing_catchment_overlap_pct_8min": 98.759096954764075, "population_reachable_10min": 1391.0510794600991, "population_additional_10min": 0.79274773071045901, "existing_catchment_overlap_population_10min": 1390.2583317293888, "existing_catchment_overlap_pct_10min": 99.943010882747885, "population_reachable_12min": 1861.1629840891376, "population_additional_12min": 0.0, "existing_catchment_overlap_population_12min": 1861.1629840891376, "existing_catchment_overlap_pct_12min": 100.0, "nearest_official_stop_walk_network_m": 378.28271822926689, "nearest_official_stop_cluster_id": "EX_005", "nearby_official_routes": "D148|D150", "nearby_official_route_count": 2, "settlement_coverage_10min_count": 2, "settlement_additional_10min_count": 1, "settlement_additional_10min_names": "Limito", "destination_coverage_10min_count": 3, "destination_additional_10min_count": 0, "destination_additional_10min_names": "", "pruned_near_existing_stop": false, "pruned_no_access_gain": false, "candidate_id": "P2S_0036", "stop_type": "PROPOSED_STOP", "physical_status": "FIELD_CHECK_PENDING", "epistemic_status": "PROPOSED_STOP/FIELD_CHECK_PENDING", "road_eligibility_status": "DERIVED_GATE_D_BUS_ELIGIBLE", "candidate_status": "HYPOTHESIS_NOT_RECOMMENDATION", "potential_interchange_with_reference_gtfs": false, "interchange_evidence_status": "DERIVED_FROM_REFERENCE_PERIOD_GTFS_PROXIMITY_NOT_CURRENT_SERVICE_GUARANTEE", "discovery_sample_spacing_m_assumption": 150.0, "candidate_pruning_radius_m_assumption": 220.0, "source_gate_b_commit": "55d726564e13acca55ce563cc911263ac513acb0", "source_gate_d_commit": "7c220f7586d0f6e5cccd14a2d518be52eb1c4a55", "PRO_COM_T": "097012", "COMUNE": "Calco", "municipal_2021_resident_work_commuters_context": 2173, "municipal_2021_outbound_workers_context": 1894, "od_2021_context_status": "FACT_ISTAT_2021_WORK_COMMUTING_MUNICIPAL_ONLY_NOT_STOP_DEMAND" }, "geometry": { "type": "Point", "coordinates": [ 9.415487407595201, 45.722053409824127 ] } },
{ "type": "Feature", "properties": { "osm_way_id": "523335445", "highway": "unclassified", "road_uncertainty_flags": "missing_lanes|missing_maxheight|missing_maxweight|missing_maxwidth|missing_width", "sample_index": 1, "x_utm32": 529375.85092442599, "y_utm32": 5063293.2972355662, "lon": 9.3774924581068682, "lat": 45.722571292760918, "discovery_evidence": "POP_GAP8:WP_03305|POP_GAP8:WP_03306|POP_GAP8:WP_03307|POP_GAP8:WP_03417|POP_GAP8:WP_03418|POP_GAP8:WP_03419|POP_GAP8:WP_03420|POP_GAP8:WP_03421|POP_GAP8:WP_03524|POP_GAP8:WP_03525|POP_GAP8:WP_03526|POP_GAP8:WP_03527|POP_GAP8:WP_03624|POP_GAP8:WP_03625", "discovery_seed_count": 14, "walk_graph_node_id": 9119, "walk_graph_connector_m": 17.005793838040486, "walk_graph_connector_min": 0.21257242297550608, "walk_graph_snap_ok": true, "population_reachable_5min": 0.5309569685587473, "population_additional_5min": 0.5309569685587473, "existing_catchment_overlap_population_5min": 0.0, "existing_catchment_overlap_pct_5min": 0.0, "population_reachable_8min": 37.296959265506345, "population_additional_8min": 37.296959265506345, "existing_catchment_overlap_population_8min": 0.0, "existing_catchment_overlap_pct_8min": 0.0, "population_reachable_10min": 136.98156646122703, "population_additional_10min": 136.98156646122703, "existing_catchment_overlap_population_10min": 0.0, "existing_catchment_overlap_pct_10min": 0.0, "population_reachable_12min": 279.22409217580173, "population_additional_12min": 279.22409217580173, "existing_catchment_overlap_population_12min": 0.0, "existing_catchment_overlap_pct_12min": 0.0, "nearest_official_stop_walk_network_m": 2063.9977588350125, "nearest_official_stop_cluster_id": "EX_026", "nearby_official_routes": "D184", "nearby_official_route_count": 1, "settlement_coverage_10min_count": 1, "settlement_additional_10min_count": 1, "settlement_additional_10min_names": "Brugolone", "destination_coverage_10min_count": 0, "destination_additional_10min_count": 0, "destination_additional_10min_names": "", "pruned_near_existing_stop": false, "pruned_no_access_gain": false, "candidate_id": "P2S_0037", "stop_type": "PROPOSED_STOP", "physical_status": "FIELD_CHECK_PENDING", "epistemic_status": "PROPOSED_STOP/FIELD_CHECK_PENDING", "road_eligibility_status": "DERIVED_GATE_D_BUS_ELIGIBLE", "candidate_status": "HYPOTHESIS_NOT_RECOMMENDATION", "potential_interchange_with_reference_gtfs": false, "interchange_evidence_status": "DERIVED_FROM_REFERENCE_PERIOD_GTFS_PROXIMITY_NOT_CURRENT_SERVICE_GUARANTEE", "discovery_sample_spacing_m_assumption": 150.0, "candidate_pruning_radius_m_assumption": 220.0, "source_gate_b_commit": "55d726564e13acca55ce563cc911263ac513acb0", "source_gate_d_commit": "7c220f7586d0f6e5cccd14a2d518be52eb1c4a55", "PRO_COM_T": "097092", "COMUNE": "La Valletta Brianza", "municipal_2021_resident_work_commuters_context": 1796, "municipal_2021_outbound_workers_context": 1521, "od_2021_context_status": "FACT_ISTAT_2021_WORK_COMMUTING_MUNICIPAL_ONLY_NOT_STOP_DEMAND" }, "geometry": { "type": "Point", "coordinates": [ 9.377492458106868, 45.722571292760918 ] } },
{ "type": "Feature", "properties": { "osm_way_id": "581588942", "highway": "unclassified", "road_uncertainty_flags": "missing_lanes|missing_maxheight|missing_maxweight|missing_maxwidth|missing_width", "sample_index": 0, "x_utm32": 530721.52251484676, "y_utm32": 5063302.0869786479, "lon": 9.3947850751035578, "lat": 45.722591962807819, "discovery_evidence": "POP_GAP8:WP_03438|POP_GAP8:WP_03439|POP_GAP8:WP_03440|POP_GAP8:WP_03545|POP_GAP8:WP_03546|POP_GAP8:WP_03547|POP_GAP8:WP_03548|POP_GAP8:WP_03644", "discovery_seed_count": 8, "walk_graph_node_id": 15049, "walk_graph_connector_m": 6.4954771578955857, "walk_graph_connector_min": 0.081193464473694826, "walk_graph_snap_ok": true, "population_reachable_5min": 179.90993859075704, "population_additional_5min": 179.90993859075704, "existing_catchment_overlap_population_5min": 0.0, "existing_catchment_overlap_pct_5min": 0.0, "population_reachable_8min": 640.16284452800437, "population_additional_8min": 567.27700370342313, "existing_catchment_overlap_population_8min": 72.885840824581237, "existing_catchment_overlap_pct_8min": 11.385515646150999, "population_reachable_10min": 1047.4913174631615, "population_additional_10min": 772.14509066181438, "existing_catchment_overlap_population_10min": 275.3462268013472, "existing_catchment_overlap_pct_10min": 26.286253853462672, "population_reachable_12min": 1671.6171914672698, "population_additional_12min": 789.33028920623065, "existing_catchment_overlap_population_12min": 882.28690226103924, "existing_catchment_overlap_pct_12min": 52.780439610495257, "nearest_official_stop_walk_network_m": 957.15423176381546, "nearest_official_stop_cluster_id": "EX_018", "nearby_official_routes": "D148", "nearby_official_route_count": 1, "settlement_coverage_10min_count": 1, "settlement_additional_10min_count": 1, "settlement_additional_10min_names": "Beolco", "destination_coverage_10min_count": 1, "destination_additional_10min_count": 0, "destination_additional_10min_names": "", "pruned_near_existing_stop": false, "pruned_no_access_gain": false, "candidate_id": "P2S_0038", "stop_type": "PROPOSED_STOP", "physical_status": "FIELD_CHECK_PENDING", "epistemic_status": "PROPOSED_STOP/FIELD_CHECK_PENDING", "road_eligibility_status": "DERIVED_GATE_D_BUS_ELIGIBLE", "candidate_status": "HYPOTHESIS_NOT_RECOMMENDATION", "potential_interchange_with_reference_gtfs": false, "interchange_evidence_status": "DERIVED_FROM_REFERENCE_PERIOD_GTFS_PROXIMITY_NOT_CURRENT_SERVICE_GUARANTEE", "discovery_sample_spacing_m_assumption": 150.0, "candidate_pruning_radius_m_assumption": 220.0, "source_gate_b_commit": "55d726564e13acca55ce563cc911263ac513acb0", "source_gate_d_commit": "7c220f7586d0f6e5cccd14a2d518be52eb1c4a55", "PRO_COM_T": "097058", "COMUNE": "Olgiate Molgora", "municipal_2021_resident_work_commuters_context": 2287, "municipal_2021_outbound_workers_context": 1961, "od_2021_context_status": "FACT_ISTAT_2021_WORK_COMMUTING_MUNICIPAL_ONLY_NOT_STOP_DEMAND" }, "geometry": { "type": "Point", "coordinates": [ 9.394785075103558, 45.722591962807819 ] } },
{ "type": "Feature", "properties": { "osm_way_id": "1465161374", "highway": "service", "road_uncertainty_flags": "missing_lanes|missing_maxheight|missing_maxweight|missing_maxwidth|missing_width", "sample_index": 0, "x_utm32": 532794.57753420784, "y_utm32": 5063364.195812121, "lon": 9.4214282423963134, "lat": 45.723055821241495, "discovery_evidence": "POP_GAP8:WP_03571", "discovery_seed_count": 1, "walk_graph_node_id": 21940, "walk_graph_connector_m": 5.9197626226653748, "walk_graph_connector_min": 0.073997032783317179, "walk_graph_snap_ok": true, "population_reachable_5min": 0.7719576621169062, "population_additional_5min": 0.7719576621169062, "existing_catchment_overlap_population_5min": 0.0, "existing_catchment_overlap_pct_5min": 0.0, "population_reachable_8min": 40.993164217856076, "population_additional_8min": 16.984962839213853, "existing_catchment_overlap_population_8min": 24.008201378642223, "existing_catchment_overlap_pct_8min": 58.566353285274253, "population_reachable_10min": 286.61925630928641, "population_additional_10min": 67.044884569577761, "existing_catchment_overlap_population_10min": 219.57437173970868, "existing_catchment_overlap_pct_10min": 76.608380946592575, "population_reachable_12min": 399.29385364531481, "population_additional_12min": 35.635231695668324, "existing_catchment_overlap_population_12min": 363.65862194964654, "existing_catchment_overlap_pct_12min": 91.07543695693289, "nearest_official_stop_walk_network_m": 543.83293824772898, "nearest_official_stop_cluster_id": "EX_021", "nearby_official_routes": "D170", "nearby_official_route_count": 1, "settlement_coverage_10min_count": 2, "settlement_additional_10min_count": 0, "settlement_additional_10min_names": "", "destination_coverage_10min_count": 0, "destination_additional_10min_count": 0, "destination_additional_10min_names": "", "pruned_near_existing_stop": false, "pruned_no_access_gain": false, "candidate_id": "P2S_0039", "stop_type": "PROPOSED_STOP", "physical_status": "FIELD_CHECK_PENDING", "epistemic_status": "PROPOSED_STOP/FIELD_CHECK_PENDING", "road_eligibility_status": "DERIVED_GATE_D_BUS_ELIGIBLE", "candidate_status": "HYPOTHESIS_NOT_RECOMMENDATION", "potential_interchange_with_reference_gtfs": false, "interchange_evidence_status": "DERIVED_FROM_REFERENCE_PERIOD_GTFS_PROXIMITY_NOT_CURRENT_SERVICE_GUARANTEE", "discovery_sample_spacing_m_assumption": 150.0, "candidate_pruning_radius_m_assumption": 220.0, "source_gate_b_commit": "55d726564e13acca55ce563cc911263ac513acb0", "source_gate_d_commit": "7c220f7586d0f6e5cccd14a2d518be52eb1c4a55", "PRO_COM_T": "097012", "COMUNE": "Calco", "municipal_2021_resident_work_commuters_context": 2173, "municipal_2021_outbound_workers_context": 1894, "od_2021_context_status": "FACT_ISTAT_2021_WORK_COMMUTING_MUNICIPAL_ONLY_NOT_STOP_DEMAND" }, "geometry": { "type": "Point", "coordinates": [ 9.421428242396313, 45.723055821241495 ] } },
{ "type": "Feature", "properties": { "osm_way_id": "1430856337", "highway": "service", "road_uncertainty_flags": "missing_lanes|missing_maxheight|missing_maxweight|missing_maxwidth|missing_width", "sample_index": 0, "x_utm32": 530242.81845459156, "y_utm32": 5063381.8318972271, "lon": 9.3886386380413231, "lat": 45.723330803085744, "discovery_evidence": "POP_GAP8:WP_03205|POP_GAP8:WP_03206|POP_GAP8:WP_03207|POP_GAP8:WP_03317|POP_GAP8:WP_03318|POP_GAP8:WP_03319|POP_GAP8:WP_03320|POP_GAP8:WP_03321|POP_GAP8:WP_03322|POP_GAP8:WP_03428|POP_GAP8:WP_03429|POP_GAP8:WP_03430|POP_GAP8:WP_03431|POP_GAP8:WP_03432|POP_GAP8:WP_03433|POP_GAP8:WP_03434|POP_GAP8:WP_03536|POP_GAP8:WP_03537|POP_GAP8:WP_03538|POP_GAP8:WP_03539|POP_GAP8:WP_03540|POP_GAP8:WP_03541|POP_GAP8:WP_03542|POP_GAP8:WP_03636|POP_GAP8:WP_03637|POP_GAP8:WP_03638|POP_GAP8:WP_03639|POP_GAP8:WP_03640|POP_GAP8:WP_03641|POP_GAP8:WP_03721|POP_GAP8:WP_03722|POP_GAP8:WP_03723", "discovery_seed_count": 32, "walk_graph_node_id": 13010, "walk_graph_connector_m": 4.5403672411249927, "walk_graph_connector_min": 0.056754590514062411, "walk_graph_snap_ok": true, "population_reachable_5min": 5.6032510093572609, "population_additional_5min": 5.6032510093572609, "existing_catchment_overlap_population_5min": 0.0, "existing_catchment_overlap_pct_5min": 0.0, "population_reachable_8min": 44.047214501518113, "population_additional_8min": 44.047214501518113, "existing_catchment_overlap_population_8min": 0.0, "existing_catchment_overlap_pct_8min": 0.0, "population_reachable_10min": 151.05796904182381, "population_additional_10min": 151.05796904182381, "existing_catchment_overlap_population_10min": 0.0, "existing_catchment_overlap_pct_10min": 0.0, "population_reachable_12min": 322.34497817672548, "population_additional_12min": 322.34497817672548, "existing_catchment_overlap_population_12min": 0.0, "existing_catchment_overlap_pct_12min": 0.0, "nearest_official_stop_walk_network_m": 1958.1676183304935, "nearest_official_stop_cluster_id": "EX_023", "nearby_official_routes": "D184", "nearby_official_route_count": 1, "settlement_coverage_10min_count": 0, "settlement_additional_10min_count": 0, "settlement_additional_10min_names": "", "destination_coverage_10min_count": 0, "destination_additional_10min_count": 0, "destination_additional_10min_names": "", "pruned_near_existing_stop": false, "pruned_no_access_gain": false, "candidate_id": "P2S_0040", "stop_type": "PROPOSED_STOP", "physical_status": "FIELD_CHECK_PENDING", "epistemic_status": "PROPOSED_STOP/FIELD_CHECK_PENDING", "road_eligibility_status": "DERIVED_GATE_D_BUS_ELIGIBLE", "candidate_status": "HYPOTHESIS_NOT_RECOMMENDATION", "potential_interchange_with_reference_gtfs": false, "interchange_evidence_status": "DERIVED_FROM_REFERENCE_PERIOD_GTFS_PROXIMITY_NOT_CURRENT_SERVICE_GUARANTEE", "discovery_sample_spacing_m_assumption": 150.0, "candidate_pruning_radius_m_assumption": 220.0, "source_gate_b_commit": "55d726564e13acca55ce563cc911263ac513acb0", "source_gate_d_commit": "7c220f7586d0f6e5cccd14a2d518be52eb1c4a55", "PRO_COM_T": "097058", "COMUNE": "Olgiate Molgora", "municipal_2021_resident_work_commuters_context": 2287, "municipal_2021_outbound_workers_context": 1961, "od_2021_context_status": "FACT_ISTAT_2021_WORK_COMMUTING_MUNICIPAL_ONLY_NOT_STOP_DEMAND" }, "geometry": { "type": "Point", "coordinates": [ 9.388638638041323, 45.723330803085744 ] } },
{ "type": "Feature", "properties": { "osm_way_id": "1465349150", "highway": "service", "road_uncertainty_flags": "missing_lanes|missing_maxheight|missing_maxweight|missing_maxwidth|missing_width", "sample_index": 2, "x_utm32": 533552.23124796979, "y_utm32": 5063391.9800232835, "lon": 9.4311661551897998, "lat": 45.72326956651392, "discovery_evidence": "POP_GAP8:WP_03366|POP_GAP8:WP_03367|POP_GAP8:WP_03476|POP_GAP8:WP_03477|POP_GAP8:WP_03478|POP_GAP8:WP_03479|POP_GAP8:WP_03578|POP_GAP8:WP_03579|POP_GAP8:WP_03580", "discovery_seed_count": 9, "walk_graph_node_id": 24101, "walk_graph_connector_m": 2.5917539913855827, "walk_graph_connector_min": 0.032396924892319781, "walk_graph_snap_ok": true, "population_reachable_5min": 0.41849624052321499, "population_additional_5min": 0.41849624052321499, "existing_catchment_overlap_population_5min": 0.0, "existing_catchment_overlap_pct_5min": 0.0, "population_reachable_8min": 0.61748037654789323, "population_additional_8min": 0.61748037654789323, "existing_catchment_overlap_population_8min": 0.0, "existing_catchment_overlap_pct_8min": 0.0, "population_reachable_10min": 1.0654220680674524, "population_additional_10min": 1.0654220680674524, "existing_catchment_overlap_population_10min": 0.0, "existing_catchment_overlap_pct_10min": 0.0, "population_reachable_12min": 35.263272078804349, "population_additional_12min": 1.6936414198222027, "existing_catchment_overlap_population_12min": 33.569630658982142, "existing_catchment_overlap_pct_12min": 95.197151824035629, "nearest_official_stop_walk_network_m": 1708.560805216689, "nearest_official_stop_cluster_id": "EX_021", "nearby_official_routes": "D170", "nearby_official_route_count": 1, "settlement_coverage_10min_count": 0, "settlement_additional_10min_count": 0, "settlement_additional_10min_names": "", "destination_coverage_10min_count": 0, "destination_additional_10min_count": 0, "destination_additional_10min_names": "", "pruned_near_existing_stop": false, "pruned_no_access_gain": false, "candidate_id": "P2S_0041", "stop_type": "PROPOSED_STOP", "physical_status": "FIELD_CHECK_PENDING", "epistemic_status": "PROPOSED_STOP/FIELD_CHECK_PENDING", "road_eligibility_status": "DERIVED_GATE_D_BUS_ELIGIBLE", "candidate_status": "HYPOTHESIS_NOT_RECOMMENDATION", "potential_interchange_with_reference_gtfs": false, "interchange_evidence_status": "DERIVED_FROM_REFERENCE_PERIOD_GTFS_PROXIMITY_NOT_CURRENT_SERVICE_GUARANTEE", "discovery_sample_spacing_m_assumption": 150.0, "candidate_pruning_radius_m_assumption": 220.0, "source_gate_b_commit": "55d726564e13acca55ce563cc911263ac513acb0", "source_gate_d_commit": "7c220f7586d0f6e5cccd14a2d518be52eb1c4a55", "PRO_COM_T": "097012", "COMUNE": "Calco", "municipal_2021_resident_work_commuters_context": 2173, "municipal_2021_outbound_workers_context": 1894, "od_2021_context_status": "FACT_ISTAT_2021_WORK_COMMUTING_MUNICIPAL_ONLY_NOT_STOP_DEMAND" }, "geometry": { "type": "Point", "coordinates": [ 9.4311661551898, 45.72326956651392 ] } },
{ "type": "Feature", "properties": { "osm_way_id": "110688766", "highway": "unclassified", "road_uncertainty_flags": "missing_lanes|missing_maxheight|missing_maxweight|missing_maxwidth|missing_width", "sample_index": 0, "x_utm32": 532490.44591696246, "y_utm32": 5063406.2276646569, "lon": 9.4175229082342646, "lat": 45.723448479607939, "discovery_evidence": "POP_GAP8:WP_03569|POP_GAP8:WP_03668|POP_GAP8:WP_03669|SETTLEMENT_GAP8:OSM_POINT_7994580675", "discovery_seed_count": 4, "walk_graph_node_id": 21046, "walk_graph_connector_m": 26.141153908618413, "walk_graph_connector_min": 0.32676442385773019, "walk_graph_snap_ok": true, "population_reachable_5min": 203.09511486290066, "population_additional_5min": 65.073437698516855, "existing_catchment_overlap_population_5min": 138.02167716438376, "existing_catchment_overlap_pct_5min": 67.959131984811776, "population_reachable_8min": 866.02252777232468, "population_additional_8min": 10.808201498842402, "existing_catchment_overlap_population_8min": 855.21432627348224, "existing_catchment_overlap_pct_8min": 98.751972246421289, "population_reachable_10min": 1282.6830860602379, "population_additional_10min": 0.79274773071045901, "existing_catchment_overlap_population_10min": 1281.8903383295271, "existing_catchment_overlap_pct_10min": 99.938196134390012, "population_reachable_12min": 1774.2708086535292, "population_additional_12min": 0.0, "existing_catchment_overlap_population_12min": 1774.2708086535292, "existing_catchment_overlap_pct_12min": 100.0, "nearest_official_stop_walk_network_m": 459.9153049584225, "nearest_official_stop_cluster_id": "EX_007", "nearby_official_routes": "D185", "nearby_official_route_count": 1, "settlement_coverage_10min_count": 2, "settlement_additional_10min_count": 1, "settlement_additional_10min_names": "Limito", "destination_coverage_10min_count": 4, "destination_additional_10min_count": 0, "destination_additional_10min_names": "", "pruned_near_existing_stop": false, "pruned_no_access_gain": false, "candidate_id": "P2S_0042", "stop_type": "PROPOSED_STOP", "physical_status": "FIELD_CHECK_PENDING", "epistemic_status": "PROPOSED_STOP/FIELD_CHECK_PENDING", "road_eligibility_status": "DERIVED_GATE_D_BUS_ELIGIBLE", "candidate_status": "HYPOTHESIS_NOT_RECOMMENDATION", "potential_interchange_with_reference_gtfs": false, "interchange_evidence_status": "DERIVED_FROM_REFERENCE_PERIOD_GTFS_PROXIMITY_NOT_CURRENT_SERVICE_GUARANTEE", "discovery_sample_spacing_m_assumption": 150.0, "candidate_pruning_radius_m_assumption": 220.0, "source_gate_b_commit": "55d726564e13acca55ce563cc911263ac513acb0", "source_gate_d_commit": "7c220f7586d0f6e5cccd14a2d518be52eb1c4a55", "PRO_COM_T": "097012", "COMUNE": "Calco", "municipal_2021_resident_work_commuters_context": 2173, "municipal_2021_outbound_workers_context": 1894, "od_2021_context_status": "FACT_ISTAT_2021_WORK_COMMUTING_MUNICIPAL_ONLY_NOT_STOP_DEMAND" }, "geometry": { "type": "Point", "coordinates": [ 9.417522908234265, 45.723448479607939 ] } },
{ "type": "Feature", "properties": { "osm_way_id": "42779089", "highway": "service", "road_uncertainty_flags": "missing_lanes|missing_maxheight|missing_maxweight|missing_maxwidth|missing_width", "sample_index": 0, "x_utm32": 528372.18187495938, "y_utm32": 5063420.9712111419, "lon": 9.3646026176795054, "lat": 45.723762320670225, "discovery_evidence": "POP_GAP8:WP_02950|POP_GAP8:WP_02951|POP_GAP8:WP_03062|POP_GAP8:WP_03063|POP_GAP8:WP_03064|POP_GAP8:WP_03065|POP_GAP8:WP_03066|POP_GAP8:WP_03176|POP_GAP8:WP_03177|POP_GAP8:WP_03178|POP_GAP8:WP_03179|POP_GAP8:WP_03180|POP_GAP8:WP_03181|POP_GAP8:WP_03182|POP_GAP8:WP_03287|POP_GAP8:WP_03288|POP_GAP8:WP_03289|POP_GAP8:WP_03290|POP_GAP8:WP_03291|POP_GAP8:WP_03292|POP_GAP8:WP_03293|POP_GAP8:WP_03294|POP_GAP8:WP_03295|POP_GAP8:WP_03398|POP_GAP8:WP_03399|POP_GAP8:WP_03400|POP_GAP8:WP_03401|POP_GAP8:WP_03402|POP_GAP8:WP_03403|POP_GAP8:WP_03404|POP_GAP8:WP_03405|POP_GAP8:WP_03406|POP_GAP8:WP_03407|POP_GAP8:WP_03408|POP_GAP8:WP_03504|POP_GAP8:WP_03505|POP_GAP8:WP_03506|POP_GAP8:WP_03507|POP_GAP8:WP_03508|POP_GAP8:WP_03509|POP_GAP8:WP_03510|POP_GAP8:WP_03511|POP_GAP8:WP_03512|POP_GAP8:WP_03513|POP_GAP8:WP_03514|POP_GAP8:WP_03515|POP_GAP8:WP_03516|POP_GAP8:WP_03603|POP_GAP8:WP_03604|POP_GAP8:WP_03605|POP_GAP8:WP_03606|POP_GAP8:WP_03607|POP_GAP8:WP_03608|POP_GAP8:WP_03609|POP_GAP8:WP_03610|POP_GAP8:WP_03611|POP_GAP8:WP_03612|POP_GAP8:WP_03613|POP_GAP8:WP_03614|POP_GAP8:WP_03615|POP_GAP8:WP_03688|POP_GAP8:WP_03689|POP_GAP8:WP_03690|POP_GAP8:WP_03691|POP_GAP8:WP_03692|POP_GAP8:WP_03693|POP_GAP8:WP_03694|POP_GAP8:WP_03695|POP_GAP8:WP_03696|POP_GAP8:WP_03697|POP_GAP8:WP_03771|POP_GAP8:WP_03772|POP_GAP8:WP_03773|POP_GAP8:WP_03774|POP_GAP8:WP_03775|POP_GAP8:WP_03776|POP_GAP8:WP_03777|POP_GAP8:WP_03778|POP_GAP8:WP_03851|POP_GAP8:WP_03852|POP_GAP8:WP_03853|POP_GAP8:WP_03854|POP_GAP8:WP_03855|POP_GAP8:WP_03907|POP_GAP8:WP_03908", "discovery_seed_count": 85, "walk_graph_node_id": 4997, "walk_graph_connector_m": 3.230175191845901, "walk_graph_connector_min": 0.040377189898073762, "walk_graph_snap_ok": true, "population_reachable_5min": 2.89886127029567, "population_additional_5min": 2.89886127029567, "existing_catchment_overlap_population_5min": 0.0, "existing_catchment_overlap_pct_5min": 0.0, "population_reachable_8min": 4.4900596424248862, "population_additional_8min": 4.4900596424248862, "existing_catchment_overlap_population_8min": 0.0, "existing_catchment_overlap_pct_8min": 0.0, "population_reachable_10min": 7.1688986627507498, "population_additional_10min": 7.1688986627507498, "existing_catchment_overlap_population_10min": 0.0, "existing_catchment_overlap_pct_10min": 0.0, "population_reachable_12min": 8.9492170965129922, "population_additional_12min": 8.9492170965129922, "existing_catchment_overlap_population_12min": 0.0, "existing_catchment_overlap_pct_12min": 0.0, "nearest_official_stop_walk_network_m": 2490.7427957495006, "nearest_official_stop_cluster_id": "EX_027", "nearby_official_routes": "D184", "nearby_official_route_count": 1, "settlement_coverage_10min_count": 0, "settlement_additional_10min_count": 0, "settlement_additional_10min_names": "", "destination_coverage_10min_count": 0, "destination_additional_10min_count": 0, "destination_additional_10min_names": "", "pruned_near_existing_stop": false, "pruned_no_access_gain": false, "candidate_id": "P2S_0043", "stop_type": "PROPOSED_STOP", "physical_status": "FIELD_CHECK_PENDING", "epistemic_status": "PROPOSED_STOP/FIELD_CHECK_PENDING", "road_eligibility_status": "DERIVED_GATE_D_BUS_ELIGIBLE", "candidate_status": "HYPOTHESIS_NOT_RECOMMENDATION", "potential_interchange_with_reference_gtfs": false, "interchange_evidence_status": "DERIVED_FROM_REFERENCE_PERIOD_GTFS_PROXIMITY_NOT_CURRENT_SERVICE_GUARANTEE", "discovery_sample_spacing_m_assumption": 150.0, "candidate_pruning_radius_m_assumption": 220.0, "source_gate_b_commit": "55d726564e13acca55ce563cc911263ac513acb0", "source_gate_d_commit": "7c220f7586d0f6e5cccd14a2d518be52eb1c4a55", "PRO_COM_T": "097092", "COMUNE": "La Valletta Brianza", "municipal_2021_resident_work_commuters_context": 1796, "municipal_2021_outbound_workers_context": 1521, "od_2021_context_status": "FACT_ISTAT_2021_WORK_COMMUTING_MUNICIPAL_ONLY_NOT_STOP_DEMAND" }, "geometry": { "type": "Point", "coordinates": [ 9.364602617679505, 45.723762320670225 ] } },
{ "type": "Feature", "properties": { "osm_way_id": "172859606", "highway": "residential", "road_uncertainty_flags": "missing_lanes|missing_maxheight|missing_maxweight|missing_maxwidth|missing_width", "sample_index": 0, "x_utm32": 531013.40658985369, "y_utm32": 5063435.4465952544, "lon": 9.3985443574143801, "lat": 45.723779252642096, "discovery_evidence": "POP_GAP8:WP_03329|POP_GAP8:WP_03330|POP_GAP8:WP_03331|POP_GAP8:WP_03443|POP_GAP8:WP_03444", "discovery_seed_count": 5, "walk_graph_node_id": 16188, "walk_graph_connector_m": 5.3818068233877296, "walk_graph_connector_min": 0.067272585292346615, "walk_graph_snap_ok": true, "population_reachable_5min": 356.26995197083363, "population_additional_5min": 356.26995197083363, "existing_catchment_overlap_population_5min": 0.0, "existing_catchment_overlap_pct_5min": 0.0, "population_reachable_8min": 1321.9643878344891, "population_additional_8min": 774.04232973926673, "existing_catchment_overlap_population_8min": 547.92205809522261, "existing_catchment_overlap_pct_8min": 41.447565693715411, "population_reachable_10min": 1818.4343688649785, "population_additional_10min": 864.75034048566158, "existing_catchment_overlap_population_10min": 953.68402837931671, "existing_catchment_overlap_pct_10min": 52.445336752768398, "population_reachable_12min": 2436.8181082010219, "population_additional_12min": 763.64428610849347, "existing_catchment_overlap_population_12min": 1673.1738220925283, "existing_catchment_overlap_pct_12min": 68.662236892508446, "nearest_official_stop_walk_network_m": 846.83717110277428, "nearest_official_stop_cluster_id": "EX_018", "nearby_official_routes": "D148", "nearby_official_route_count": 1, "settlement_coverage_10min_count": 0, "settlement_additional_10min_count": 0, "settlement_additional_10min_names": "", "destination_coverage_10min_count": 1, "destination_additional_10min_count": 0, "destination_additional_10min_names": "", "pruned_near_existing_stop": false, "pruned_no_access_gain": false, "candidate_id": "P2S_0044", "stop_type": "PROPOSED_STOP", "physical_status": "FIELD_CHECK_PENDING", "epistemic_status": "PROPOSED_STOP/FIELD_CHECK_PENDING", "road_eligibility_status": "DERIVED_GATE_D_BUS_ELIGIBLE", "candidate_status": "HYPOTHESIS_NOT_RECOMMENDATION", "potential_interchange_with_reference_gtfs": false, "interchange_evidence_status": "DERIVED_FROM_REFERENCE_PERIOD_GTFS_PROXIMITY_NOT_CURRENT_SERVICE_GUARANTEE", "discovery_sample_spacing_m_assumption": 150.0, "candidate_pruning_radius_m_assumption": 220.0, "source_gate_b_commit": "55d726564e13acca55ce563cc911263ac513acb0", "source_gate_d_commit": "7c220f7586d0f6e5cccd14a2d518be52eb1c4a55", "PRO_COM_T": "097058", "COMUNE": "Olgiate Molgora", "municipal_2021_resident_work_commuters_context": 2287, "municipal_2021_outbound_workers_context": 1961, "od_2021_context_status": "FACT_ISTAT_2021_WORK_COMMUTING_MUNICIPAL_ONLY_NOT_STOP_DEMAND" }, "geometry": { "type": "Point", "coordinates": [ 9.39854435741438, 45.723779252642096 ] } },
{ "type": "Feature", "properties": { "osm_way_id": "1465348950", "highway": "service", "road_uncertainty_flags": "missing_lanes|missing_maxheight|missing_maxweight|missing_maxwidth|missing_width", "sample_index": 0, "x_utm32": 533233.8872001674, "y_utm32": 5063474.949418474, "lon": 9.4270810500282867, "lat": 45.724031700009682, "discovery_evidence": "POP_GAP8:WP_03361", "discovery_seed_count": 1, "walk_graph_node_id": 23293, "walk_graph_connector_m": 5.2367929098955353, "walk_graph_connector_min": 0.065459911373694196, "walk_graph_snap_ok": true, "population_reachable_5min": 236.69133648098975, "population_additional_5min": 236.69133648098975, "existing_catchment_overlap_population_5min": 0.0, "existing_catchment_overlap_pct_5min": 0.0, "population_reachable_8min": 383.14371109623789, "population_additional_8min": 359.13869509053671, "existing_catchment_overlap_population_8min": 24.005016005701137, "existing_catchment_overlap_pct_8min": 6.2652773125307979, "population_reachable_10min": 385.29955470702373, "population_additional_10min": 204.5149742095314, "existing_catchment_overlap_population_10min": 180.78458049749241, "existing_catchment_overlap_pct_10min": 46.920526714586636, "population_reachable_12min": 387.1473118177928, "population_additional_12min": 147.48046985084176, "existing_catchment_overlap_population_12min": 239.66684196695098, "existing_catchment_overlap_pct_12min": 61.905852023518094, "nearest_official_stop_walk_network_m": 835.47523140219641, "nearest_official_stop_cluster_id": "EX_021", "nearby_official_routes": "D170", "nearby_official_route_count": 1, "settlement_coverage_10min_count": 2, "settlement_additional_10min_count": 0, "settlement_additional_10min_names": "", "destination_coverage_10min_count": 0, "destination_additional_10min_count": 0, "destination_additional_10min_names": "", "pruned_near_existing_stop": false, "pruned_no_access_gain": false, "candidate_id": "P2S_0045", "stop_type": "PROPOSED_STOP", "physical_status": "FIELD_CHECK_PENDING", "epistemic_status": "PROPOSED_STOP/FIELD_CHECK_PENDING", "road_eligibility_status": "DERIVED_GATE_D_BUS_ELIGIBLE", "candidate_status": "HYPOTHESIS_NOT_RECOMMENDATION", "potential_interchange_with_reference_gtfs": false, "interchange_evidence_status": "DERIVED_FROM_REFERENCE_PERIOD_GTFS_PROXIMITY_NOT_CURRENT_SERVICE_GUARANTEE", "discovery_sample_spacing_m_assumption": 150.0, "candidate_pruning_radius_m_assumption": 220.0, "source_gate_b_commit": "55d726564e13acca55ce563cc911263ac513acb0", "source_gate_d_commit": "7c220f7586d0f6e5cccd14a2d518be52eb1c4a55", "PRO_COM_T": "097012", "COMUNE": "Calco", "municipal_2021_resident_work_commuters_context": 2173, "municipal_2021_outbound_workers_context": 1894, "od_2021_context_status": "FACT_ISTAT_2021_WORK_COMMUTING_MUNICIPAL_ONLY_NOT_STOP_DEMAND" }, "geometry": { "type": "Point", "coordinates": [ 9.427081050028287, 45.724031700009682 ] } },
{ "type": "Feature", "properties": { "osm_way_id": "1148465372", "highway": "service", "road_uncertainty_flags": "missing_lanes|missing_maxheight|missing_maxweight|missing_maxwidth|missing_width", "sample_index": 0, "x_utm32": 531320.35175229691, "y_utm32": 5063488.7193893977, "lon": 9.4024921667868142, "lat": 45.724244910245552, "discovery_evidence": "POP_GAP8:WP_03334|POP_GAP8:WP_03335", "discovery_seed_count": 2, "walk_graph_node_id": 17189, "walk_graph_connector_m": 2.5995963927062657, "walk_graph_connector_min": 0.032494954908828325, "walk_graph_snap_ok": true, "population_reachable_5min": 653.04805419232912, "population_additional_5min": 625.20264417309409, "existing_catchment_overlap_population_5min": 27.845410019235199, "existing_catchment_overlap_pct_5min": 4.2639143996338209, "population_reachable_8min": 1623.0390588035466, "population_additional_8min": 607.20982630784511, "existing_catchment_overlap_population_8min": 1015.8292324957014, "existing_catchment_overlap_pct_8min": 62.588095276310774, "population_reachable_10min": 2446.6558109688035, "population_additional_10min": 671.91273621794119, "existing_catchment_overlap_population_10min": 1774.7430747508624, "existing_catchment_overlap_pct_10min": 72.53750473582619, "population_reachable_12min": 3193.4182482512988, "population_additional_12min": 705.78966823685073, "existing_catchment_overlap_population_12min": 2487.6285800144478, "existing_catchment_overlap_pct_12min": 77.898614795498887, "nearest_official_stop_walk_network_m": 693.52475198388163, "nearest_official_stop_cluster_id": "EX_039", "nearby_official_routes": "D184|D185", "nearby_official_route_count": 2, "settlement_coverage_10min_count": 1, "settlement_additional_10min_count": 0, "settlement_additional_10min_names": "", "destination_coverage_10min_count": 5, "destination_additional_10min_count": 1, "destination_additional_10min_names": "OSM leisure:sports_centre 1837075017", "pruned_near_existing_stop": false, "pruned_no_access_gain": false, "candidate_id": "P2S_0046", "stop_type": "PROPOSED_STOP", "physical_status": "FIELD_CHECK_PENDING", "epistemic_status": "PROPOSED_STOP/FIELD_CHECK_PENDING", "road_eligibility_status": "DERIVED_GATE_D_BUS_ELIGIBLE", "candidate_status": "HYPOTHESIS_NOT_RECOMMENDATION", "potential_interchange_with_reference_gtfs": false, "interchange_evidence_status": "DERIVED_FROM_REFERENCE_PERIOD_GTFS_PROXIMITY_NOT_CURRENT_SERVICE_GUARANTEE", "discovery_sample_spacing_m_assumption": 150.0, "candidate_pruning_radius_m_assumption": 220.0, "source_gate_b_commit": "55d726564e13acca55ce563cc911263ac513acb0", "source_gate_d_commit": "7c220f7586d0f6e5cccd14a2d518be52eb1c4a55", "PRO_COM_T": "097058", "COMUNE": "Olgiate Molgora", "municipal_2021_resident_work_commuters_context": 2287, "municipal_2021_outbound_workers_context": 1961, "od_2021_context_status": "FACT_ISTAT_2021_WORK_COMMUTING_MUNICIPAL_ONLY_NOT_STOP_DEMAND" }, "geometry": { "type": "Point", "coordinates": [ 9.402492166786814, 45.724244910245552 ] } },
{ "type": "Feature", "properties": { "osm_way_id": "1430850440", "highway": "service", "road_uncertainty_flags": "missing_lanes|missing_maxheight|missing_maxweight|missing_maxwidth|missing_width", "sample_index": 0, "x_utm32": 529785.06963325781, "y_utm32": 5063500.720052857, "lon": 9.3827637279199863, "lat": 45.724420723106597, "discovery_evidence": "POP_GAP8:WP_03197|POP_GAP8:WP_03198|POP_GAP8:WP_03199|POP_GAP8:WP_03308|POP_GAP8:WP_03309|POP_GAP8:WP_03310|POP_GAP8:WP_03311|POP_GAP8:WP_03312|POP_GAP8:WP_03313|POP_GAP8:WP_03422|POP_GAP8:WP_03423|POP_GAP8:WP_03424|POP_GAP8:WP_03425|POP_GAP8:WP_03426|POP_GAP8:WP_03532|POP_GAP8:WP_03533", "discovery_seed_count": 16, "walk_graph_node_id": 11038, "walk_graph_connector_m": 0.92536001222910791, "walk_graph_connector_min": 0.011567000152863849, "walk_graph_snap_ok": true, "population_reachable_5min": 38.434301809599177, "population_additional_5min": 38.434301809599177, "existing_catchment_overlap_population_5min": 0.0, "existing_catchment_overlap_pct_5min": 0.0, "population_reachable_8min": 194.97394976816884, "population_additional_8min": 194.97394976816884, "existing_catchment_overlap_population_8min": 0.0, "existing_catchment_overlap_pct_8min": 0.0, "population_reachable_10min": 337.7337579041033, "population_additional_10min": 337.7337579041033, "existing_catchment_overlap_population_10min": 0.0, "existing_catchment_overlap_pct_10min": 0.0, "population_reachable_12min": 385.08850809383563, "population_additional_12min": 385.08850809383563, "existing_catchment_overlap_population_12min": 0.0, "existing_catchment_overlap_pct_12min": 0.0, "nearest_official_stop_walk_network_m": 1833.0914987283243, "nearest_official_stop_cluster_id": "EX_026", "nearby_official_routes": "D184", "nearby_official_route_count": 1, "settlement_coverage_10min_count": 1, "settlement_additional_10min_count": 1, "settlement_additional_10min_names": "Monte", "destination_coverage_10min_count": 0, "destination_additional_10min_count": 0, "destination_additional_10min_names": "", "pruned_near_existing_stop": false, "pruned_no_access_gain": false, "candidate_id": "P2S_0047", "stop_type": "PROPOSED_STOP", "physical_status": "FIELD_CHECK_PENDING", "epistemic_status": "PROPOSED_STOP/FIELD_CHECK_PENDING", "road_eligibility_status": "DERIVED_GATE_D_BUS_ELIGIBLE", "candidate_status": "HYPOTHESIS_NOT_RECOMMENDATION", "potential_interchange_with_reference_gtfs": false, "interchange_evidence_status": "DERIVED_FROM_REFERENCE_PERIOD_GTFS_PROXIMITY_NOT_CURRENT_SERVICE_GUARANTEE", "discovery_sample_spacing_m_assumption": 150.0, "candidate_pruning_radius_m_assumption": 220.0, "source_gate_b_commit": "55d726564e13acca55ce563cc911263ac513acb0", "source_gate_d_commit": "7c220f7586d0f6e5cccd14a2d518be52eb1c4a55", "PRO_COM_T": "097092", "COMUNE": "La Valletta Brianza", "municipal_2021_resident_work_commuters_context": 1796, "municipal_2021_outbound_workers_context": 1521, "od_2021_context_status": "FACT_ISTAT_2021_WORK_COMMUTING_MUNICIPAL_ONLY_NOT_STOP_DEMAND" }, "geometry": { "type": "Point", "coordinates": [ 9.382763727919986, 45.724420723106597 ] } },
{ "type": "Feature", "properties": { "osm_way_id": "1465349145", "highway": "service", "road_uncertainty_flags": "missing_lanes|missing_maxheight|missing_maxweight|missing_maxwidth|missing_width", "sample_index": 0, "x_utm32": 533802.30005185527, "y_utm32": 5063525.4560716385, "lon": 9.4343889060569506, "lat": 45.724458748394774, "discovery_evidence": "POP_GAP8:WP_03146|POP_GAP8:WP_03147|POP_GAP8:WP_03257|POP_GAP8:WP_03258|POP_GAP8:WP_03259|POP_GAP8:WP_03260|POP_GAP8:WP_03369|POP_GAP8:WP_03370|POP_GAP8:WP_03371|POP_GAP8:WP_03372|POP_GAP8:WP_03373|POP_GAP8:WP_03481|POP_GAP8:WP_03482|POP_GAP8:WP_03483|POP_GAP8:WP_03484|SETTLEMENT_GAP8:OSM_POINT_1620729044", "discovery_seed_count": 16, "walk_graph_node_id": 24900, "walk_graph_connector_m": 75.791795025341841, "walk_graph_connector_min": 0.94739743781677299, "walk_graph_snap_ok": true, "population_reachable_5min": 0.30022025370566058, "population_additional_5min": 0.30022025370566058, "existing_catchment_overlap_population_5min": 0.0, "existing_catchment_overlap_pct_5min": 0.0, "population_reachable_8min": 1.1899755956261677, "population_additional_8min": 1.1899755956261677, "existing_catchment_overlap_population_8min": 0.0, "existing_catchment_overlap_pct_8min": 0.0, "population_reachable_10min": 2.0632067400314207, "population_additional_10min": 2.0632067400314207, "existing_catchment_overlap_population_10min": 0.0, "existing_catchment_overlap_pct_10min": 0.0, "population_reachable_12min": 147.54451856066456, "population_additional_12min": 83.71362659181699, "existing_catchment_overlap_population_12min": 63.830891968847595, "existing_catchment_overlap_pct_12min": 43.262123589228985, "nearest_official_stop_walk_network_m": 1417.9076284805151, "nearest_official_stop_cluster_id": "EX_020", "nearby_official_routes": "D170", "nearby_official_route_count": 1, "settlement_coverage_10min_count": 1, "settlement_additional_10min_count": 1, "settlement_additional_10min_names": "Grugana", "destination_coverage_10min_count": 0, "destination_additional_10min_count": 0, "destination_additional_10min_names": "", "pruned_near_existing_stop": false, "pruned_no_access_gain": false, "candidate_id": "P2S_0048", "stop_type": "PROPOSED_STOP", "physical_status": "FIELD_CHECK_PENDING", "epistemic_status": "PROPOSED_STOP/FIELD_CHECK_PENDING", "road_eligibility_status": "DERIVED_GATE_D_BUS_ELIGIBLE", "candidate_status": "HYPOTHESIS_NOT_RECOMMENDATION", "potential_interchange_with_reference_gtfs": false, "interchange_evidence_status": "DERIVED_FROM_REFERENCE_PERIOD_GTFS_PROXIMITY_NOT_CURRENT_SERVICE_GUARANTEE", "discovery_sample_spacing_m_assumption": 150.0, "candidate_pruning_radius_m_assumption": 220.0, "source_gate_b_commit": "55d726564e13acca55ce563cc911263ac513acb0", "source_gate_d_commit": "7c220f7586d0f6e5cccd14a2d518be52eb1c4a55", "PRO_COM_T": "097012", "COMUNE": "Calco", "municipal_2021_resident_work_commuters_context": 2173, "municipal_2021_outbound_workers_context": 1894, "od_2021_context_status": "FACT_ISTAT_2021_WORK_COMMUTING_MUNICIPAL_ONLY_NOT_STOP_DEMAND" }, "geometry": { "type": "Point", "coordinates": [ 9.434388906056951, 45.724458748394774 ] } },
{ "type": "Feature", "properties": { "osm_way_id": "135167731", "highway": "service", "road_uncertainty_flags": "missing_lanes|missing_maxheight|missing_maxweight|missing_maxwidth|missing_width", "sample_index": 1, "x_utm32": 530042.76823067013, "y_utm32": 5063544.8031005813, "lon": 9.3860780338069976, "lat": 45.72480635350469, "discovery_evidence": "POP_GAP8:WP_03089|POP_GAP8:WP_03090|POP_GAP8:WP_03201|POP_GAP8:WP_03202|POP_GAP8:WP_03203|POP_GAP8:WP_03204|POP_GAP8:WP_03205|POP_GAP8:WP_03206|POP_GAP8:WP_03314|POP_GAP8:WP_03315|POP_GAP8:WP_03316|POP_GAP8:WP_03317|POP_GAP8:WP_03318|POP_GAP8:WP_03319|POP_GAP8:WP_03427|POP_GAP8:WP_03428|POP_GAP8:WP_03429|POP_GAP8:WP_03430|POP_GAP8:WP_03431|POP_GAP8:WP_03432|POP_GAP8:WP_03537|POP_GAP8:WP_03538|POP_GAP8:WP_03539", "discovery_seed_count": 23, "walk_graph_node_id": 11976, "walk_graph_connector_m": 10.16104535887766, "walk_graph_connector_min": 0.12701306698597076, "walk_graph_snap_ok": true, "population_reachable_5min": 59.757718283457088, "population_additional_5min": 59.757718283457088, "existing_catchment_overlap_population_5min": 0.0, "existing_catchment_overlap_pct_5min": 0.0, "population_reachable_8min": 225.03354943736107, "population_additional_8min": 225.03354943736107, "existing_catchment_overlap_population_8min": 0.0, "existing_catchment_overlap_pct_8min": 0.0, "population_reachable_10min": 340.38605977630488, "population_additional_10min": 340.38605977630488, "existing_catchment_overlap_population_10min": 0.0, "existing_catchment_overlap_pct_10min": 0.0, "population_reachable_12min": 388.0973563495055, "population_additional_12min": 388.0973563495055, "existing_catchment_overlap_population_12min": 0.0, "existing_catchment_overlap_pct_12min": 0.0, "nearest_official_stop_walk_network_m": 1851.6466899382237, "nearest_official_stop_cluster_id": "EX_026", "nearby_official_routes": "D184", "nearby_official_route_count": 1, "settlement_coverage_10min_count": 1, "settlement_additional_10min_count": 1, "settlement_additional_10min_names": "Monte", "destination_coverage_10min_count": 0, "destination_additional_10min_count": 0, "destination_additional_10min_names": "", "pruned_near_existing_stop": false, "pruned_no_access_gain": false, "candidate_id": "P2S_0049", "stop_type": "PROPOSED_STOP", "physical_status": "FIELD_CHECK_PENDING", "epistemic_status": "PROPOSED_STOP/FIELD_CHECK_PENDING", "road_eligibility_status": "DERIVED_GATE_D_BUS_ELIGIBLE", "candidate_status": "HYPOTHESIS_NOT_RECOMMENDATION", "potential_interchange_with_reference_gtfs": false, "interchange_evidence_status": "DERIVED_FROM_REFERENCE_PERIOD_GTFS_PROXIMITY_NOT_CURRENT_SERVICE_GUARANTEE", "discovery_sample_spacing_m_assumption": 150.0, "candidate_pruning_radius_m_assumption": 220.0, "source_gate_b_commit": "55d726564e13acca55ce563cc911263ac513acb0", "source_gate_d_commit": "7c220f7586d0f6e5cccd14a2d518be52eb1c4a55", "PRO_COM_T": "097092", "COMUNE": "La Valletta Brianza", "municipal_2021_resident_work_commuters_context": 1796, "municipal_2021_outbound_workers_context": 1521, "od_2021_context_status": "FACT_ISTAT_2021_WORK_COMMUTING_MUNICIPAL_ONLY_NOT_STOP_DEMAND" }, "geometry": { "type": "Point", "coordinates": [ 9.386078033806998, 45.72480635350469 ] } },
{ "type": "Feature", "properties": { "osm_way_id": "523335446", "highway": "unclassified", "road_uncertainty_flags": "missing_lanes|missing_maxheight|missing_maxweight|missing_maxwidth|missing_width", "sample_index": 0, "x_utm32": 529211.68507213064, "y_utm32": 5063598.5010645809, "lon": 9.3754012998157776, "lat": 45.725325257240719, "discovery_evidence": "POP_GAP8:WP_03188|POP_GAP8:WP_03189|POP_GAP8:WP_03190|POP_GAP8:WP_03191|POP_GAP8:WP_03192|POP_GAP8:WP_03301|SETTLEMENT_GAP8:OSM_POINT_13669703883", "discovery_seed_count": 7, "walk_graph_node_id": 8386, "walk_graph_connector_m": 9.5999622739025465, "walk_graph_connector_min": 0.11999952842378184, "walk_graph_snap_ok": true, "population_reachable_5min": 101.10977895086307, "population_additional_5min": 101.10977895086307, "existing_catchment_overlap_population_5min": 0.0, "existing_catchment_overlap_pct_5min": 0.0, "population_reachable_8min": 214.70815832548652, "population_additional_8min": 214.70815832548652, "existing_catchment_overlap_population_8min": 0.0, "existing_catchment_overlap_pct_8min": 0.0, "population_reachable_10min": 253.38623623690299, "population_additional_10min": 253.38623623690299, "existing_catchment_overlap_population_10min": 0.0, "existing_catchment_overlap_pct_10min": 0.0, "population_reachable_12min": 472.59757252102662, "population_additional_12min": 472.59757252102662, "existing_catchment_overlap_population_12min": 0.0, "existing_catchment_overlap_pct_12min": 0.0, "nearest_official_stop_walk_network_m": 1672.3150303890159, "nearest_official_stop_cluster_id": "EX_026", "nearby_official_routes": "D184", "nearby_official_route_count": 1, "settlement_coverage_10min_count": 3, "settlement_additional_10min_count": 3, "settlement_additional_10min_names": "Brugolone|Galbusera Bianca|Monte", "destination_coverage_10min_count": 0, "destination_additional_10min_count": 0, "destination_additional_10min_names": "", "pruned_near_existing_stop": false, "pruned_no_access_gain": false, "candidate_id": "P2S_0050", "stop_type": "PROPOSED_STOP", "physical_status": "FIELD_CHECK_PENDING", "epistemic_status": "PROPOSED_STOP/FIELD_CHECK_PENDING", "road_eligibility_status": "DERIVED_GATE_D_BUS_ELIGIBLE", "candidate_status": "HYPOTHESIS_NOT_RECOMMENDATION", "potential_interchange_with_reference_gtfs": false, "interchange_evidence_status": "DERIVED_FROM_REFERENCE_PERIOD_GTFS_PROXIMITY_NOT_CURRENT_SERVICE_GUARANTEE", "discovery_sample_spacing_m_assumption": 150.0, "candidate_pruning_radius_m_assumption": 220.0, "source_gate_b_commit": "55d726564e13acca55ce563cc911263ac513acb0", "source_gate_d_commit": "7c220f7586d0f6e5cccd14a2d518be52eb1c4a55", "PRO_COM_T": "097092", "COMUNE": "La Valletta Brianza", "municipal_2021_resident_work_commuters_context": 1796, "municipal_2021_outbound_workers_context": 1521, "od_2021_context_status": "FACT_ISTAT_2021_WORK_COMMUTING_MUNICIPAL_ONLY_NOT_STOP_DEMAND" }, "geometry": { "type": "Point", "coordinates": [ 9.375401299815778, 45.725325257240719 ] } },
{ "type": "Feature", "properties": { "osm_way_id": "173639169", "highway": "tertiary", "road_uncertainty_flags": "missing_maxheight|missing_maxweight|missing_maxwidth|missing_width", "sample_index": 0, "x_utm32": 530546.80924032419, "y_utm32": 5063602.3169386415, "lon": 9.392558911844274, "lat": 45.725301939154463, "discovery_evidence": "POP_GAP8:WP_03092|POP_GAP8:WP_03093|POP_GAP8:WP_03094|POP_GAP8:WP_03095|POP_GAP8:WP_03096|POP_GAP8:WP_03097|POP_GAP8:WP_03098|POP_GAP8:WP_03207|POP_GAP8:WP_03208|POP_GAP8:WP_03209|POP_GAP8:WP_03210|POP_GAP8:WP_03211|POP_GAP8:WP_03212|POP_GAP8:WP_03213|POP_GAP8:WP_03321|POP_GAP8:WP_03322|POP_GAP8:WP_03323|POP_GAP8:WP_03324|POP_GAP8:WP_03434", "discovery_seed_count": 19, "walk_graph_node_id": 14368, "walk_graph_connector_m": 1.4535677762478334, "walk_graph_connector_min": 0.018169597203097916, "walk_graph_snap_ok": true, "population_reachable_5min": 29.327340986567407, "population_additional_5min": 29.327340986567407, "existing_catchment_overlap_population_5min": 0.0, "existing_catchment_overlap_pct_5min": 0.0, "population_reachable_8min": 134.1617363901955, "population_additional_8min": 115.11689026867703, "existing_catchment_overlap_population_8min": 19.044846121518471, "existing_catchment_overlap_pct_8min": 14.19543800933562, "population_reachable_10min": 349.38897848541308, "population_additional_10min": 231.63955232370796, "existing_catchment_overlap_population_10min": 117.74942616170514, "existing_catchment_overlap_pct_10min": 33.701528500453584, "population_reachable_12min": 781.87963077706388, "population_additional_12min": 352.07850120235508, "existing_catchment_overlap_population_12min": 429.80112957470891, "existing_catchment_overlap_pct_12min": 54.97024256119257, "nearest_official_stop_walk_network_m": 763.34356625425835, "nearest_official_stop_cluster_id": "EX_023", "nearby_official_routes": "D184", "nearby_official_route_count": 1, "settlement_coverage_10min_count": 0, "settlement_additional_10min_count": 0, "settlement_additional_10min_names": "", "destination_coverage_10min_count": 0, "destination_additional_10min_count": 0, "destination_additional_10min_names": "", "pruned_near_existing_stop": false, "pruned_no_access_gain": false, "candidate_id": "P2S_0051", "stop_type": "PROPOSED_STOP", "physical_status": "FIELD_CHECK_PENDING", "epistemic_status": "PROPOSED_STOP/FIELD_CHECK_PENDING", "road_eligibility_status": "DERIVED_GATE_D_BUS_ELIGIBLE", "candidate_status": "HYPOTHESIS_NOT_RECOMMENDATION", "potential_interchange_with_reference_gtfs": false, "interchange_evidence_status": "DERIVED_FROM_REFERENCE_PERIOD_GTFS_PROXIMITY_NOT_CURRENT_SERVICE_GUARANTEE", "discovery_sample_spacing_m_assumption": 150.0, "candidate_pruning_radius_m_assumption": 220.0, "source_gate_b_commit": "55d726564e13acca55ce563cc911263ac513acb0", "source_gate_d_commit": "7c220f7586d0f6e5cccd14a2d518be52eb1c4a55", "PRO_COM_T": "097058", "COMUNE": "Olgiate Molgora", "municipal_2021_resident_work_commuters_context": 2287, "municipal_2021_outbound_workers_context": 1961, "od_2021_context_status": "FACT_ISTAT_2021_WORK_COMMUTING_MUNICIPAL_ONLY_NOT_STOP_DEMAND" }, "geometry": { "type": "Point", "coordinates": [ 9.392558911844274, 45.725301939154463 ] } },
{ "type": "Feature", "properties": { "osm_way_id": "1465349150", "highway": "service", "road_uncertainty_flags": "missing_lanes|missing_maxheight|missing_maxweight|missing_maxwidth|missing_width", "sample_index": 0, "x_utm32": 533596.54379794374, "y_utm32": 5063610.6032670084, "lon": 9.4317507391866524, "lat": 45.725235140096139, "discovery_evidence": "POP_GAP8:WP_03026|POP_GAP8:WP_03142|POP_GAP8:WP_03143|POP_GAP8:WP_03253|POP_GAP8:WP_03254|POP_GAP8:WP_03255|POP_GAP8:WP_03367", "discovery_seed_count": 7, "walk_graph_node_id": 24212, "walk_graph_connector_m": 11.310929205823928, "walk_graph_connector_min": 0.14138661507279909, "walk_graph_snap_ok": true, "population_reachable_5min": 1.0498259229368134, "population_additional_5min": 1.0498259229368134, "existing_catchment_overlap_population_5min": 0.0, "existing_catchment_overlap_pct_5min": 0.0, "population_reachable_8min": 125.29205289628513, "population_additional_8min": 125.29205289628513, "existing_catchment_overlap_population_8min": 0.0, "existing_catchment_overlap_pct_8min": 0.0, "population_reachable_10min": 328.27545513550763, "population_additional_10min": 167.72056730152613, "existing_catchment_overlap_population_10min": 160.55488783398155, "existing_catchment_overlap_pct_10min": 48.90858738363692, "population_reachable_12min": 349.18053613455362, "population_additional_12min": 111.6467693875889, "existing_catchment_overlap_population_12min": 237.53376674696474, "existing_catchment_overlap_pct_12min": 68.026061640341027, "nearest_official_stop_walk_network_m": 1408.56080521746, "nearest_official_stop_cluster_id": "EX_021", "nearby_official_routes": "D170", "nearby_official_route_count": 1, "settlement_coverage_10min_count": 2, "settlement_additional_10min_count": 0, "settlement_additional_10min_names": "", "destination_coverage_10min_count": 0, "destination_additional_10min_count": 0, "destination_additional_10min_names": "", "pruned_near_existing_stop": false, "pruned_no_access_gain": false, "candidate_id": "P2S_0052", "stop_type": "PROPOSED_STOP", "physical_status": "FIELD_CHECK_PENDING", "epistemic_status": "PROPOSED_STOP/FIELD_CHECK_PENDING", "road_eligibility_status": "DERIVED_GATE_D_BUS_ELIGIBLE", "candidate_status": "HYPOTHESIS_NOT_RECOMMENDATION", "potential_interchange_with_reference_gtfs": false, "interchange_evidence_status": "DERIVED_FROM_REFERENCE_PERIOD_GTFS_PROXIMITY_NOT_CURRENT_SERVICE_GUARANTEE", "discovery_sample_spacing_m_assumption": 150.0, "candidate_pruning_radius_m_assumption": 220.0, "source_gate_b_commit": "55d726564e13acca55ce563cc911263ac513acb0", "source_gate_d_commit": "7c220f7586d0f6e5cccd14a2d518be52eb1c4a55", "PRO_COM_T": "097012", "COMUNE": "Calco", "municipal_2021_resident_work_commuters_context": 2173, "municipal_2021_outbound_workers_context": 1894, "od_2021_context_status": "FACT_ISTAT_2021_WORK_COMMUTING_MUNICIPAL_ONLY_NOT_STOP_DEMAND" }, "geometry": { "type": "Point", "coordinates": [ 9.431750739186652, 45.725235140096139 ] } },
{ "type": "Feature", "properties": { "osm_way_id": "42779089", "highway": "service", "road_uncertainty_flags": "missing_lanes|missing_maxheight|missing_maxweight|missing_maxwidth|missing_width", "sample_index": 2, "x_utm32": 528253.15993355482, "y_utm32": 5063626.5297759837, "lon": 9.3630851180192138, "lat": 45.725617341607872, "discovery_evidence": "POP_GAP8:WP_02733|POP_GAP8:WP_02734|POP_GAP8:WP_02837|POP_GAP8:WP_02838|POP_GAP8:WP_02839|POP_GAP8:WP_02840|POP_GAP8:WP_02946|POP_GAP8:WP_02947|POP_GAP8:WP_02948|POP_GAP8:WP_02949|POP_GAP8:WP_02950|POP_GAP8:WP_02951|POP_GAP8:WP_03059|POP_GAP8:WP_03060|POP_GAP8:WP_03061|POP_GAP8:WP_03062|POP_GAP8:WP_03063|POP_GAP8:WP_03064|POP_GAP8:WP_03065|POP_GAP8:WP_03173|POP_GAP8:WP_03174|POP_GAP8:WP_03175|POP_GAP8:WP_03176|POP_GAP8:WP_03177|POP_GAP8:WP_03178|POP_GAP8:WP_03179|POP_GAP8:WP_03180|POP_GAP8:WP_03286|POP_GAP8:WP_03287|POP_GAP8:WP_03288|POP_GAP8:WP_03289|POP_GAP8:WP_03290|POP_GAP8:WP_03291|POP_GAP8:WP_03292|POP_GAP8:WP_03293|POP_GAP8:WP_03399|POP_GAP8:WP_03400|POP_GAP8:WP_03401|POP_GAP8:WP_03402|POP_GAP8:WP_03403|POP_GAP8:WP_03404|POP_GAP8:WP_03405|POP_GAP8:WP_03406|POP_GAP8:WP_03407|POP_GAP8:WP_03506|POP_GAP8:WP_03507|POP_GAP8:WP_03508|POP_GAP8:WP_03509|POP_GAP8:WP_03510|POP_GAP8:WP_03511|POP_GAP8:WP_03512|POP_GAP8:WP_03513|POP_GAP8:WP_03514|POP_GAP8:WP_03515|POP_GAP8:WP_03605|POP_GAP8:WP_03606|POP_GAP8:WP_03607|POP_GAP8:WP_03608|POP_GAP8:WP_03609|POP_GAP8:WP_03610|POP_GAP8:WP_03611|POP_GAP8:WP_03612|POP_GAP8:WP_03613|POP_GAP8:WP_03688|POP_GAP8:WP_03689|POP_GAP8:WP_03690|POP_GAP8:WP_03691|POP_GAP8:WP_03692|POP_GAP8:WP_03693|POP_GAP8:WP_03694|POP_GAP8:WP_03695|POP_GAP8:WP_03771|POP_GAP8:WP_03772|POP_GAP8:WP_03773|POP_GAP8:WP_03774|POP_GAP8:WP_03851", "discovery_seed_count": 76, "walk_graph_node_id": 4645, "walk_graph_connector_m": 3.3175543674675545, "walk_graph_connector_min": 0.041469429593344431, "walk_graph_snap_ok": true, "population_reachable_5min": 0.94934968909771311, "population_additional_5min": 0.94934968909771311, "existing_catchment_overlap_population_5min": 0.0, "existing_catchment_overlap_pct_5min": 0.0, "population_reachable_8min": 3.8342883072175038, "population_additional_8min": 3.8342883072175038, "existing_catchment_overlap_population_8min": 0.0, "existing_catchment_overlap_pct_8min": 0.0, "population_reachable_10min": 7.1402652365265071, "population_additional_10min": 7.1402652365265071, "existing_catchment_overlap_population_10min": 0.0, "existing_catchment_overlap_pct_10min": 0.0, "population_reachable_12min": 9.7741012669683371, "population_additional_12min": 9.7741012669683371, "existing_catchment_overlap_population_12min": 0.0, "existing_catchment_overlap_pct_12min": 0.0, "nearest_official_stop_walk_network_m": 2190.7427957496689, "nearest_official_stop_cluster_id": "EX_027", "nearby_official_routes": "D184", "nearby_official_route_count": 1, "settlement_coverage_10min_count": 1, "settlement_additional_10min_count": 1, "settlement_additional_10min_names": "Pianello", "destination_coverage_10min_count": 0, "destination_additional_10min_count": 0, "destination_additional_10min_names": "", "pruned_near_existing_stop": false, "pruned_no_access_gain": false, "candidate_id": "P2S_0053", "stop_type": "PROPOSED_STOP", "physical_status": "FIELD_CHECK_PENDING", "epistemic_status": "PROPOSED_STOP/FIELD_CHECK_PENDING", "road_eligibility_status": "DERIVED_GATE_D_BUS_ELIGIBLE", "candidate_status": "HYPOTHESIS_NOT_RECOMMENDATION", "potential_interchange_with_reference_gtfs": false, "interchange_evidence_status": "DERIVED_FROM_REFERENCE_PERIOD_GTFS_PROXIMITY_NOT_CURRENT_SERVICE_GUARANTEE", "discovery_sample_spacing_m_assumption": 150.0, "candidate_pruning_radius_m_assumption": 220.0, "source_gate_b_commit": "55d726564e13acca55ce563cc911263ac513acb0", "source_gate_d_commit": "7c220f7586d0f6e5cccd14a2d518be52eb1c4a55", "PRO_COM_T": "097092", "COMUNE": "La Valletta Brianza", "municipal_2021_resident_work_commuters_context": 1796, "municipal_2021_outbound_workers_context": 1521, "od_2021_context_status": "FACT_ISTAT_2021_WORK_COMMUTING_MUNICIPAL_ONLY_NOT_STOP_DEMAND" }, "geometry": { "type": "Point", "coordinates": [ 9.363085118019214, 45.725617341607872 ] } },
{ "type": "Feature", "properties": { "osm_way_id": "432726032", "highway": "unclassified", "road_uncertainty_flags": "missing_lanes|missing_maxheight|missing_maxweight|missing_maxwidth|missing_width", "sample_index": 10, "x_utm32": 534197.90902681835, "y_utm32": 5063632.7233785428, "lon": 9.4394802452660649, "lat": 45.725404767413785, "discovery_evidence": "POP_GAP8:WP_03261|POP_GAP8:WP_03262|POP_GAP8:WP_03374|POP_GAP8:WP_03375|POP_GAP8:WP_03376", "discovery_seed_count": 5, "walk_graph_node_id": 25647, "walk_graph_connector_m": 9.7427661843591888, "walk_graph_connector_min": 0.12178457730448985, "walk_graph_snap_ok": true, "population_reachable_5min": 396.53948183821529, "population_additional_5min": 66.530030308212687, "existing_catchment_overlap_population_5min": 330.00945153000254, "existing_catchment_overlap_pct_5min": 83.222343964388273, "population_reachable_8min": 954.44524621101698, "population_additional_8min": 36.633724265176561, "existing_catchment_overlap_population_8min": 917.81152194584035, "existing_catchment_overlap_pct_8min": 96.161778330333121, "population_reachable_10min": 1403.9571339306476, "population_additional_10min": 15.098721148638955, "existing_catchment_overlap_population_10min": 1388.8584127820088, "existing_catchment_overlap_pct_10min": 98.924559676094447, "population_reachable_12min": 1510.9538204192922, "population_additional_12min": 0.82985644405493453, "existing_catchment_overlap_population_12min": 1510.1239639752368, "existing_catchment_overlap_pct_12min": 99.945077312566369, "nearest_official_stop_walk_network_m": 224.11635784540607, "nearest_official_stop_cluster_id": "EX_020", "nearby_official_routes": "D170", "nearby_official_route_count": 1, "settlement_coverage_10min_count": 1, "settlement_additional_10min_count": 0, "settlement_additional_10min_names": "", "destination_coverage_10min_count": 0, "destination_additional_10min_count": 0, "destination_additional_10min_names": "", "pruned_near_existing_stop": false, "pruned_no_access_gain": false, "candidate_id": "P2S_0054", "stop_type": "PROPOSED_STOP", "physical_status": "FIELD_CHECK_PENDING", "epistemic_status": "PROPOSED_STOP/FIELD_CHECK_PENDING", "road_eligibility_status": "DERIVED_GATE_D_BUS_ELIGIBLE", "candidate_status": "HYPOTHESIS_NOT_RECOMMENDATION", "potential_interchange_with_reference_gtfs": true, "interchange_evidence_status": "DERIVED_FROM_REFERENCE_PERIOD_GTFS_PROXIMITY_NOT_CURRENT_SERVICE_GUARANTEE", "discovery_sample_spacing_m_assumption": 150.0, "candidate_pruning_radius_m_assumption": 220.0, "source_gate_b_commit": "55d726564e13acca55ce563cc911263ac513acb0", "source_gate_d_commit": "7c220f7586d0f6e5cccd14a2d518be52eb1c4a55", "PRO_COM_T": "097012", "COMUNE": "Calco", "municipal_2021_resident_work_commuters_context": 2173, "municipal_2021_outbound_workers_context": 1894, "od_2021_context_status": "FACT_ISTAT_2021_WORK_COMMUTING_MUNICIPAL_ONLY_NOT_STOP_DEMAND" }, "geometry": { "type": "Point", "coordinates": [ 9.439480245266065, 45.725404767413785 ] } },
{ "type": "Feature", "properties": { "osm_way_id": "1464429494", "highway": "service", "road_uncertainty_flags": "missing_lanes|missing_maxheight|missing_maxweight|missing_maxwidth|missing_width", "sample_index": 0, "x_utm32": 534496.66636249248, "y_utm32": 5063633.1926486008, "lon": 9.4433195191582531, "lat": 45.725394158446839, "discovery_evidence": "POP_GAP8:WP_03042|POP_GAP8:WP_03159|POP_GAP8:WP_03160|POP_GAP8:WP_03271|POP_GAP8:WP_03272", "discovery_seed_count": 5, "walk_graph_node_id": 26684, "walk_graph_connector_m": 17.187352965978906, "walk_graph_connector_min": 0.21484191207473632, "walk_graph_snap_ok": true, "population_reachable_5min": 374.92981142325021, "population_additional_5min": 60.004543506317638, "existing_catchment_overlap_population_5min": 314.92526791693257, "existing_catchment_overlap_pct_5min": 83.995792898266018, "population_reachable_8min": 981.06982765145835, "population_additional_8min": 23.775478873157731, "existing_catchment_overlap_population_8min": 957.29434877830067, "existing_catchment_overlap_pct_8min": 97.576576284068096, "population_reachable_10min": 1346.5227439317255, "population_additional_10min": 9.1050727056949654, "existing_catchment_overlap_population_10min": 1337.4176712260307, "existing_catchment_overlap_pct_10min": 99.323808472844007, "population_reachable_12min": 1502.0582052039285, "population_additional_12min": 15.906744006014083, "existing_catchment_overlap_population_12min": 1486.1514611979151, "existing_catchment_overlap_pct_12min": 98.941003487687496, "nearest_official_stop_walk_network_m": 281.18652797699576, "nearest_official_stop_cluster_id": "EX_015", "nearby_official_routes": "D150|D170", "nearby_official_route_count": 2, "settlement_coverage_10min_count": 1, "settlement_additional_10min_count": 0, "settlement_additional_10min_names": "", "destination_coverage_10min_count": 0, "destination_additional_10min_count": 0, "destination_additional_10min_names": "", "pruned_near_existing_stop": false, "pruned_no_access_gain": false, "candidate_id": "P2S_0055", "stop_type": "PROPOSED_STOP", "physical_status": "FIELD_CHECK_PENDING", "epistemic_status": "PROPOSED_STOP/FIELD_CHECK_PENDING", "road_eligibility_status": "DERIVED_GATE_D_BUS_ELIGIBLE", "candidate_status": "HYPOTHESIS_NOT_RECOMMENDATION", "potential_interchange_with_reference_gtfs": true, "interchange_evidence_status": "DERIVED_FROM_REFERENCE_PERIOD_GTFS_PROXIMITY_NOT_CURRENT_SERVICE_GUARANTEE", "discovery_sample_spacing_m_assumption": 150.0, "candidate_pruning_radius_m_assumption": 220.0, "source_gate_b_commit": "55d726564e13acca55ce563cc911263ac513acb0", "source_gate_d_commit": "7c220f7586d0f6e5cccd14a2d518be52eb1c4a55", "PRO_COM_T": "097012", "COMUNE": "Calco", "municipal_2021_resident_work_commuters_context": 2173, "municipal_2021_outbound_workers_context": 1894, "od_2021_context_status": "FACT_ISTAT_2021_WORK_COMMUTING_MUNICIPAL_ONLY_NOT_STOP_DEMAND" }, "geometry": { "type": "Point", "coordinates": [ 9.443319519158253, 45.725394158446839 ] } },
{ "type": "Feature", "properties": { "osm_way_id": "581588943", "highway": "residential", "road_uncertainty_flags": "missing_lanes|missing_maxheight|missing_maxweight|missing_maxwidth|missing_width", "sample_index": 1, "x_utm32": 530862.44848265103, "y_utm32": 5063709.9842414893, "lon": 9.3966219713156001, "lat": 45.726256996614374, "discovery_evidence": "POP_GAP8:WP_02874|POP_GAP8:WP_02983|POP_GAP8:WP_02984|POP_GAP8:WP_02985|POP_GAP8:WP_02986|POP_GAP8:WP_03097|POP_GAP8:WP_03098|POP_GAP8:WP_03099|POP_GAP8:WP_03100|POP_GAP8:WP_03212|POP_GAP8:WP_03213|POP_GAP8:WP_03214", "discovery_seed_count": 12, "walk_graph_node_id": 15696, "walk_graph_connector_m": 0.31900467263830545, "walk_graph_connector_min": 0.0039875584079788178, "walk_graph_snap_ok": true, "population_reachable_5min": 161.30148202102885, "population_additional_5min": 161.30148202102885, "existing_catchment_overlap_population_5min": 0.0, "existing_catchment_overlap_pct_5min": 0.0, "population_reachable_8min": 449.8561502053588, "population_additional_8min": 296.46839551725037, "existing_catchment_overlap_population_8min": 153.38775468810843, "existing_catchment_overlap_pct_8min": 34.097067388783522, "population_reachable_10min": 713.16281418961353, "population_additional_10min": 323.51997592652617, "existing_catchment_overlap_population_10min": 389.64283826308719, "existing_catchment_overlap_pct_10min": 54.635888258678911, "population_reachable_12min": 1394.4964790481035, "population_additional_12min": 396.87228149721199, "existing_catchment_overlap_population_12min": 997.62419755089161, "existing_catchment_overlap_pct_12min": 71.540101573571519, "nearest_official_stop_walk_network_m": 854.02559912522474, "nearest_official_stop_cluster_id": "EX_018", "nearby_official_routes": "D148", "nearby_official_route_count": 1, "settlement_coverage_10min_count": 0, "settlement_additional_10min_count": 0, "settlement_additional_10min_names": "", "destination_coverage_10min_count": 1, "destination_additional_10min_count": 0, "destination_additional_10min_names": "", "pruned_near_existing_stop": false, "pruned_no_access_gain": false, "candidate_id": "P2S_0056", "stop_type": "PROPOSED_STOP", "physical_status": "FIELD_CHECK_PENDING", "epistemic_status": "PROPOSED_STOP/FIELD_CHECK_PENDING", "road_eligibility_status": "DERIVED_GATE_D_BUS_ELIGIBLE", "candidate_status": "HYPOTHESIS_NOT_RECOMMENDATION", "potential_interchange_with_reference_gtfs": false, "interchange_evidence_status": "DERIVED_FROM_REFERENCE_PERIOD_GTFS_PROXIMITY_NOT_CURRENT_SERVICE_GUARANTEE", "discovery_sample_spacing_m_assumption": 150.0, "candidate_pruning_radius_m_assumption": 220.0, "source_gate_b_commit": "55d726564e13acca55ce563cc911263ac513acb0", "source_gate_d_commit": "7c220f7586d0f6e5cccd14a2d518be52eb1c4a55", "PRO_COM_T": "097058", "COMUNE": "Olgiate Molgora", "municipal_2021_resident_work_commuters_context": 2287, "municipal_2021_outbound_workers_context": 1961, "od_2021_context_status": "FACT_ISTAT_2021_WORK_COMMUTING_MUNICIPAL_ONLY_NOT_STOP_DEMAND" }, "geometry": { "type": "Point", "coordinates": [ 9.3966219713156, 45.726256996614374 ] } },
{ "type": "Feature", "properties": { "osm_way_id": "1491885396", "highway": "service", "road_uncertainty_flags": "missing_lanes|missing_maxheight|missing_maxweight|missing_maxwidth|missing_width", "sample_index": 0, "x_utm32": 529821.58729730488, "y_utm32": 5063720.0559874075, "lon": 9.3832464998974707, "lat": 45.726393300021648, "discovery_evidence": "POP_GAP8:WP_02970", "discovery_seed_count": 1, "walk_graph_node_id": 11242, "walk_graph_connector_m": 10.691744724398339, "walk_graph_connector_min": 0.13364680905497922, "walk_graph_snap_ok": true, "population_reachable_5min": 181.78223164562894, "population_additional_5min": 181.78223164562894, "existing_catchment_overlap_population_5min": 0.0, "existing_catchment_overlap_pct_5min": 0.0, "population_reachable_8min": 324.33015495790937, "population_additional_8min": 324.33015495790937, "existing_catchment_overlap_population_8min": 0.0, "existing_catchment_overlap_pct_8min": 0.0, "population_reachable_10min": 417.20765963447957, "population_additional_10min": 417.20765963447957, "existing_catchment_overlap_population_10min": 0.0, "existing_catchment_overlap_pct_10min": 0.0, "population_reachable_12min": 532.59572257737807, "population_additional_12min": 517.65549693676439, "existing_catchment_overlap_population_12min": 14.940225640613718, "existing_catchment_overlap_pct_12min": 2.8051719169492824, "nearest_official_stop_walk_network_m": 1461.6990891539256, "nearest_official_stop_cluster_id": "EX_026", "nearby_official_routes": "D184", "nearby_official_route_count": 1, "settlement_coverage_10min_count": 1, "settlement_additional_10min_count": 1, "settlement_additional_10min_names": "Monte", "destination_coverage_10min_count": 0, "destination_additional_10min_count": 0, "destination_additional_10min_names": "", "pruned_near_existing_stop": false, "pruned_no_access_gain": false, "candidate_id": "P2S_0057", "stop_type": "PROPOSED_STOP", "physical_status": "FIELD_CHECK_PENDING", "epistemic_status": "PROPOSED_STOP/FIELD_CHECK_PENDING", "road_eligibility_status": "DERIVED_GATE_D_BUS_ELIGIBLE", "candidate_status": "HYPOTHESIS_NOT_RECOMMENDATION", "potential_interchange_with_reference_gtfs": false, "interchange_evidence_status": "DERIVED_FROM_REFERENCE_PERIOD_GTFS_PROXIMITY_NOT_CURRENT_SERVICE_GUARANTEE", "discovery_sample_spacing_m_assumption": 150.0, "candidate_pruning_radius_m_assumption": 220.0, "source_gate_b_commit": "55d726564e13acca55ce563cc911263ac513acb0", "source_gate_d_commit": "7c220f7586d0f6e5cccd14a2d518be52eb1c4a55", "PRO_COM_T": "097092", "COMUNE": "La Valletta Brianza", "municipal_2021_resident_work_commuters_context": 1796, "municipal_2021_outbound_workers_context": 1521, "od_2021_context_status": "FACT_ISTAT_2021_WORK_COMMUTING_MUNICIPAL_ONLY_NOT_STOP_DEMAND" }, "geometry": { "type": "Point", "coordinates": [ 9.383246499897471, 45.726393300021648 ] } },
{ "type": "Feature", "properties": { "osm_way_id": "1465348947", "highway": "service", "road_uncertainty_flags": "missing_lanes|missing_maxheight|missing_maxweight|missing_maxwidth|missing_width", "sample_index": 0, "x_utm32": 533248.93529165699, "y_utm32": 5063757.1952978382, "lon": 9.4272937915222208, "lat": 45.726571339060193, "discovery_evidence": "POP_GAP8:WP_02794|POP_GAP8:WP_02795|POP_GAP8:WP_02796|POP_GAP8:WP_02797|POP_GAP8:WP_02903|POP_GAP8:WP_02904|POP_GAP8:WP_02905|POP_GAP8:WP_02906|POP_GAP8:WP_02907|POP_GAP8:WP_03018|POP_GAP8:WP_03019|POP_GAP8:WP_03020|POP_GAP8:WP_03021|POP_GAP8:WP_03136|POP_GAP8:WP_03137", "discovery_seed_count": 15, "walk_graph_node_id": 23699, "walk_graph_connector_m": 126.83218979931948, "walk_graph_connector_min": 1.5854023724914934, "walk_graph_snap_ok": true, "population_reachable_5min": 151.59143406963506, "population_additional_5min": 151.59143406963506, "existing_catchment_overlap_population_5min": 0.0, "existing_catchment_overlap_pct_5min": 0.0, "population_reachable_8min": 347.10574560004761, "population_additional_8min": 323.27931391855429, "existing_catchment_overlap_population_8min": 23.826431681493354, "existing_catchment_overlap_pct_8min": 6.8643149770696521, "population_reachable_10min": 383.20557811190463, "population_additional_10min": 202.50286351446016, "existing_catchment_overlap_population_10min": 180.70271459744444, "existing_catchment_overlap_pct_10min": 47.155554333991248, "population_reachable_12min": 385.20705075979112, "population_additional_12min": 146.84076866246201, "existing_catchment_overlap_population_12min": 238.3662820973291, "existing_catchment_overlap_pct_12min": 61.880041299132515, "nearest_official_stop_walk_network_m": 1151.7257807017374, "nearest_official_stop_cluster_id": "EX_021", "nearby_official_routes": "D170", "nearby_official_route_count": 1, "settlement_coverage_10min_count": 2, "settlement_additional_10min_count": 0, "settlement_additional_10min_names": "", "destination_coverage_10min_count": 0, "destination_additional_10min_count": 0, "destination_additional_10min_names": "", "pruned_near_existing_stop": false, "pruned_no_access_gain": false, "candidate_id": "P2S_0058", "stop_type": "PROPOSED_STOP", "physical_status": "FIELD_CHECK_PENDING", "epistemic_status": "PROPOSED_STOP/FIELD_CHECK_PENDING", "road_eligibility_status": "DERIVED_GATE_D_BUS_ELIGIBLE", "candidate_status": "HYPOTHESIS_NOT_RECOMMENDATION", "potential_interchange_with_reference_gtfs": false, "interchange_evidence_status": "DERIVED_FROM_REFERENCE_PERIOD_GTFS_PROXIMITY_NOT_CURRENT_SERVICE_GUARANTEE", "discovery_sample_spacing_m_assumption": 150.0, "candidate_pruning_radius_m_assumption": 220.0, "source_gate_b_commit": "55d726564e13acca55ce563cc911263ac513acb0", "source_gate_d_commit": "7c220f7586d0f6e5cccd14a2d518be52eb1c4a55", "PRO_COM_T": "097012", "COMUNE": "Calco", "municipal_2021_resident_work_commuters_context": 2173, "municipal_2021_outbound_workers_context": 1894, "od_2021_context_status": "FACT_ISTAT_2021_WORK_COMMUTING_MUNICIPAL_ONLY_NOT_STOP_DEMAND" }, "geometry": { "type": "Point", "coordinates": [ 9.427293791522221, 45.726571339060193 ] } },
{ "type": "Feature", "properties": { "osm_way_id": "220041700", "highway": "unclassified", "road_uncertainty_flags": "missing_lanes|missing_maxheight|missing_maxweight|missing_maxwidth", "sample_index": 0, "x_utm32": 532672.36128995637, "y_utm32": 5063765.1713403407, "lon": 9.4198847762066542, "lat": 45.726670598828193, "discovery_evidence": "POP_GAP8:WP_03013|POP_GAP8:WP_03014|POP_GAP8:WP_03130", "discovery_seed_count": 3, "walk_graph_node_id": 21573, "walk_graph_connector_m": 9.4745903144995332, "walk_graph_connector_min": 0.11843237893124417, "walk_graph_snap_ok": true, "population_reachable_5min": 595.69308669761722, "population_additional_5min": 474.26023108988875, "existing_catchment_overlap_population_5min": 121.4328556077285, "existing_catchment_overlap_pct_5min": 20.385137635375923, "population_reachable_8min": 1019.2450534055059, "population_additional_8min": 197.96571175425271, "existing_catchment_overlap_population_8min": 821.27934165125316, "existing_catchment_overlap_pct_8min": 80.577221239111353, "population_reachable_10min": 1488.5771194877384, "population_additional_10min": 122.64028365921999, "existing_catchment_overlap_population_10min": 1365.9368358285183, "existing_catchment_overlap_pct_10min": 91.761240848480583, "population_reachable_12min": 1952.282181866193, "population_additional_12min": 36.841528077314173, "existing_catchment_overlap_population_12min": 1915.4406537888788, "existing_catchment_overlap_pct_12min": 98.112899435362493, "nearest_official_stop_walk_network_m": 519.10131486185958, "nearest_official_stop_cluster_id": "EX_007", "nearby_official_routes": "D185", "nearby_official_route_count": 1, "settlement_coverage_10min_count": 2, "settlement_additional_10min_count": 0, "settlement_additional_10min_names": "", "destination_coverage_10min_count": 3, "destination_additional_10min_count": 0, "destination_additional_10min_names": "", "pruned_near_existing_stop": false, "pruned_no_access_gain": false, "candidate_id": "P2S_0059", "stop_type": "PROPOSED_STOP", "physical_status": "FIELD_CHECK_PENDING", "epistemic_status": "PROPOSED_STOP/FIELD_CHECK_PENDING", "road_eligibility_status": "DERIVED_GATE_D_BUS_ELIGIBLE", "candidate_status": "HYPOTHESIS_NOT_RECOMMENDATION", "potential_interchange_with_reference_gtfs": false, "interchange_evidence_status": "DERIVED_FROM_REFERENCE_PERIOD_GTFS_PROXIMITY_NOT_CURRENT_SERVICE_GUARANTEE", "discovery_sample_spacing_m_assumption": 150.0, "candidate_pruning_radius_m_assumption": 220.0, "source_gate_b_commit": "55d726564e13acca55ce563cc911263ac513acb0", "source_gate_d_commit": "7c220f7586d0f6e5cccd14a2d518be52eb1c4a55", "PRO_COM_T": "097012", "COMUNE": "Calco", "municipal_2021_resident_work_commuters_context": 2173, "municipal_2021_outbound_workers_context": 1894, "od_2021_context_status": "FACT_ISTAT_2021_WORK_COMMUTING_MUNICIPAL_ONLY_NOT_STOP_DEMAND" }, "geometry": { "type": "Point", "coordinates": [ 9.419884776206654, 45.726670598828193 ] } },
{ "type": "Feature", "properties": { "osm_way_id": "1491885416", "highway": "service", "road_uncertainty_flags": "missing_lanes|missing_maxheight|missing_maxweight|missing_maxwidth|missing_width", "sample_index": 0, "x_utm32": 529487.58442229382, "y_utm32": 5063805.5040330701, "lon": 9.378959420765888, "lat": 45.727176699403685, "discovery_evidence": "POP_GAP8:WP_02748|POP_GAP8:WP_02749|POP_GAP8:WP_02854|POP_GAP8:WP_02855|POP_GAP8:WP_02964|POP_GAP8:WP_02965|SETTLEMENT_GAP8:OSM_POINT_1575801240", "discovery_seed_count": 7, "walk_graph_node_id": 9626, "walk_graph_connector_m": 7.4851216030202368, "walk_graph_connector_min": 0.093564020037752965, "walk_graph_snap_ok": true, "population_reachable_5min": 199.20234253569541, "population_additional_5min": 199.20234253569541, "existing_catchment_overlap_population_5min": 0.0, "existing_catchment_overlap_pct_5min": 0.0, "population_reachable_8min": 382.44347628591527, "population_additional_8min": 382.44347628591527, "existing_catchment_overlap_population_8min": 0.0, "existing_catchment_overlap_pct_8min": 0.0, "population_reachable_10min": 408.48854366719053, "population_additional_10min": 408.48854366719053, "existing_catchment_overlap_population_10min": 0.0, "existing_catchment_overlap_pct_10min": 0.0, "population_reachable_12min": 481.46717116106686, "population_additional_12min": 467.39015900659729, "existing_catchment_overlap_population_12min": 14.077012154469505, "existing_catchment_overlap_pct_12min": 2.9237740385336211, "nearest_official_stop_walk_network_m": 1437.4541395726201, "nearest_official_stop_cluster_id": "EX_026", "nearby_official_routes": "D184", "nearby_official_route_count": 1, "settlement_coverage_10min_count": 2, "settlement_additional_10min_count": 2, "settlement_additional_10min_names": "Brugolone|Monte", "destination_coverage_10min_count": 0, "destination_additional_10min_count": 0, "destination_additional_10min_names": "", "pruned_near_existing_stop": false, "pruned_no_access_gain": false, "candidate_id": "P2S_0060", "stop_type": "PROPOSED_STOP", "physical_status": "FIELD_CHECK_PENDING", "epistemic_status": "PROPOSED_STOP/FIELD_CHECK_PENDING", "road_eligibility_status": "DERIVED_GATE_D_BUS_ELIGIBLE", "candidate_status": "HYPOTHESIS_NOT_RECOMMENDATION", "potential_interchange_with_reference_gtfs": false, "interchange_evidence_status": "DERIVED_FROM_REFERENCE_PERIOD_GTFS_PROXIMITY_NOT_CURRENT_SERVICE_GUARANTEE", "discovery_sample_spacing_m_assumption": 150.0, "candidate_pruning_radius_m_assumption": 220.0, "source_gate_b_commit": "55d726564e13acca55ce563cc911263ac513acb0", "source_gate_d_commit": "7c220f7586d0f6e5cccd14a2d518be52eb1c4a55", "PRO_COM_T": "097092", "COMUNE": "La Valletta Brianza", "municipal_2021_resident_work_commuters_context": 1796, "municipal_2021_outbound_workers_context": 1521, "od_2021_context_status": "FACT_ISTAT_2021_WORK_COMMUTING_MUNICIPAL_ONLY_NOT_STOP_DEMAND" }, "geometry": { "type": "Point", "coordinates": [ 9.378959420765888, 45.727176699403685 ] } },
{ "type": "Feature", "properties": { "osm_way_id": "326302168", "highway": "residential", "road_uncertainty_flags": "missing_lanes|missing_maxheight|missing_maxweight|missing_maxwidth|missing_width", "sample_index": 1, "x_utm32": 534340.9194246087, "y_utm32": 5063828.0155551964, "lon": 9.4413318706821698, "lat": 45.727155412582292, "discovery_evidence": "POP_GAP8:WP_02811", "discovery_seed_count": 1, "walk_graph_node_id": 25971, "walk_graph_connector_m": 9.5225942726037118, "walk_graph_connector_min": 0.1190324284075464, "walk_graph_snap_ok": true, "population_reachable_5min": 373.80797991195908, "population_additional_5min": 170.93365842188859, "existing_catchment_overlap_population_5min": 202.87432149007046, "existing_catchment_overlap_pct_5min": 54.272335635491878, "population_reachable_8min": 736.2346844520423, "population_additional_8min": 70.350102325172259, "existing_catchment_overlap_population_8min": 665.88458212686999, "existing_catchment_overlap_pct_8min": 90.444609061371267, "population_reachable_10min": 1000.3270582078685, "population_additional_10min": 46.204668538401378, "existing_catchment_overlap_population_10min": 954.12238966946711, "existing_catchment_overlap_pct_10min": 95.381043813692372, "population_reachable_12min": 1327.8911702042526, "population_additional_12min": 30.099457901493881, "existing_catchment_overlap_population_12min": 1297.7917123027589, "existing_catchment_overlap_pct_12min": 97.73328879829333, "nearest_official_stop_walk_network_m": 525.17043443713828, "nearest_official_stop_cluster_id": "EX_015", "nearby_official_routes": "D150|D170", "nearby_official_route_count": 2, "settlement_coverage_10min_count": 0, "settlement_additional_10min_count": 0, "settlement_additional_10min_names": "", "destination_coverage_10min_count": 0, "destination_additional_10min_count": 0, "destination_additional_10min_names": "", "pruned_near_existing_stop": false, "pruned_no_access_gain": false, "candidate_id": "P2S_0061", "stop_type": "PROPOSED_STOP", "physical_status": "FIELD_CHECK_PENDING", "epistemic_status": "PROPOSED_STOP/FIELD_CHECK_PENDING", "road_eligibility_status": "DERIVED_GATE_D_BUS_ELIGIBLE", "candidate_status": "HYPOTHESIS_NOT_RECOMMENDATION", "potential_interchange_with_reference_gtfs": false, "interchange_evidence_status": "DERIVED_FROM_REFERENCE_PERIOD_GTFS_PROXIMITY_NOT_CURRENT_SERVICE_GUARANTEE", "discovery_sample_spacing_m_assumption": 150.0, "candidate_pruning_radius_m_assumption": 220.0, "source_gate_b_commit": "55d726564e13acca55ce563cc911263ac513acb0", "source_gate_d_commit": "7c220f7586d0f6e5cccd14a2d518be52eb1c4a55", "PRO_COM_T": "097012", "COMUNE": "Calco", "municipal_2021_resident_work_commuters_context": 2173, "municipal_2021_outbound_workers_context": 1894, "od_2021_context_status": "FACT_ISTAT_2021_WORK_COMMUTING_MUNICIPAL_ONLY_NOT_STOP_DEMAND" }, "geometry": { "type": "Point", "coordinates": [ 9.44133187068217, 45.727155412582292 ] } },
{ "type": "Feature", "properties": { "osm_way_id": "432726032", "highway": "unclassified", "road_uncertainty_flags": "missing_lanes|missing_maxheight|missing_maxweight|missing_maxwidth|missing_width", "sample_index": 8, "x_utm32": 533989.84991054051, "y_utm32": 5063843.7629744206, "lon": 9.4368213432913581, "lat": 45.727314486025911, "discovery_evidence": "POP_GAP8:WP_02807|POP_GAP8:WP_02808|POP_GAP8:WP_02809|POP_GAP8:WP_03029|POP_GAP8:WP_03147", "discovery_seed_count": 5, "walk_graph_node_id": 25085, "walk_graph_connector_m": 27.219020817945303, "walk_graph_connector_min": 0.34023776022431629, "walk_graph_snap_ok": true, "population_reachable_5min": 178.94649767208398, "population_additional_5min": 98.629229142322842, "existing_catchment_overlap_population_5min": 80.317268529761122, "existing_catchment_overlap_pct_5min": 44.883397872888786, "population_reachable_8min": 419.53435060873272, "population_additional_8min": 51.068895960641626, "existing_catchment_overlap_population_8min": 368.46545464809111, "existing_catchment_overlap_pct_8min": 87.827243255160852, "population_reachable_10min": 601.39902951452962, "population_additional_10min": 16.006792669587824, "existing_catchment_overlap_population_10min": 585.39223684494164, "existing_catchment_overlap_pct_10min": 97.338407299641105, "population_reachable_12min": 1000.2035724499181, "population_additional_12min": 2.9101059358407846, "existing_catchment_overlap_population_12min": 997.29346651407729, "existing_catchment_overlap_pct_12min": 99.70904863609789, "nearest_official_stop_walk_network_m": 578.55439948071785, "nearest_official_stop_cluster_id": "EX_020", "nearby_official_routes": "D170", "nearby_official_route_count": 1, "settlement_coverage_10min_count": 0, "settlement_additional_10min_count": 0, "settlement_additional_10min_names": "", "destination_coverage_10min_count": 0, "destination_additional_10min_count": 0, "destination_additional_10min_names": "", "pruned_near_existing_stop": false, "pruned_no_access_gain": false, "candidate_id": "P2S_0062", "stop_type": "PROPOSED_STOP", "physical_status": "FIELD_CHECK_PENDING", "epistemic_status": "PROPOSED_STOP/FIELD_CHECK_PENDING", "road_eligibility_status": "DERIVED_GATE_D_BUS_ELIGIBLE", "candidate_status": "HYPOTHESIS_NOT_RECOMMENDATION", "potential_interchange_with_reference_gtfs": false, "interchange_evidence_status": "DERIVED_FROM_REFERENCE_PERIOD_GTFS_PROXIMITY_NOT_CURRENT_SERVICE_GUARANTEE", "discovery_sample_spacing_m_assumption": 150.0, "candidate_pruning_radius_m_assumption": 220.0, "source_gate_b_commit": "55d726564e13acca55ce563cc911263ac513acb0", "source_gate_d_commit": "7c220f7586d0f6e5cccd14a2d518be52eb1c4a55", "PRO_COM_T": "097012", "COMUNE": "Calco", "municipal_2021_resident_work_commuters_context": 2173, "municipal_2021_outbound_workers_context": 1894, "od_2021_context_status": "FACT_ISTAT_2021_WORK_COMMUTING_MUNICIPAL_ONLY_NOT_STOP_DEMAND" }, "geometry": { "type": "Point", "coordinates": [ 9.436821343291358, 45.727314486025911 ] } },
{ "type": "Feature", "properties": { "osm_way_id": "170953545", "highway": "unclassified", "road_uncertainty_flags": "missing_lanes|missing_maxheight|missing_maxweight|missing_maxwidth|missing_width", "sample_index": 0, "x_utm32": 528989.14085083944, "y_utm32": 5063862.5056181839, "lon": 9.3725572263127628, "lat": 45.72771081411063, "discovery_evidence": "POP_GAP8:WP_02738|POP_GAP8:WP_02739|POP_GAP8:WP_02740|POP_GAP8:WP_02741|POP_GAP8:WP_02742|POP_GAP8:WP_02743|POP_GAP8:WP_02744|POP_GAP8:WP_02841|POP_GAP8:WP_02842|POP_GAP8:WP_02843|POP_GAP8:WP_02844|POP_GAP8:WP_02845|POP_GAP8:WP_02846|POP_GAP8:WP_02847|POP_GAP8:WP_02848|POP_GAP8:WP_02952|POP_GAP8:WP_02953|POP_GAP8:WP_02954|POP_GAP8:WP_02955|POP_GAP8:WP_02956|POP_GAP8:WP_03067|POP_GAP8:WP_03068", "discovery_seed_count": 22, "walk_graph_node_id": 7355, "walk_graph_connector_m": 10.966660200592782, "walk_graph_connector_min": 0.13708325250740977, "walk_graph_snap_ok": true, "population_reachable_5min": 14.914933423311222, "population_additional_5min": 14.914933423311222, "existing_catchment_overlap_population_5min": 0.0, "existing_catchment_overlap_pct_5min": 0.0, "population_reachable_8min": 134.90657539891765, "population_additional_8min": 134.90657539891765, "existing_catchment_overlap_population_8min": 0.0, "existing_catchment_overlap_pct_8min": 0.0, "population_reachable_10min": 229.75755405664569, "population_additional_10min": 229.75755405664569, "existing_catchment_overlap_population_10min": 0.0, "existing_catchment_overlap_pct_10min": 0.0, "population_reachable_12min": 302.12269761566733, "population_additional_12min": 299.07778688193196, "existing_catchment_overlap_population_12min": 3.0449107337355121, "existing_catchment_overlap_pct_12min": 1.0078391189294116, "nearest_official_stop_walk_network_m": 1534.8606617071614, "nearest_official_stop_cluster_id": "EX_042", "nearby_official_routes": "D184", "nearby_official_route_count": 1, "settlement_coverage_10min_count": 3, "settlement_additional_10min_count": 3, "settlement_additional_10min_names": "Brugolone|Cereda|Monte", "destination_coverage_10min_count": 0, "destination_additional_10min_count": 0, "destination_additional_10min_names": "", "pruned_near_existing_stop": false, "pruned_no_access_gain": false, "candidate_id": "P2S_0063", "stop_type": "PROPOSED_STOP", "physical_status": "FIELD_CHECK_PENDING", "epistemic_status": "PROPOSED_STOP/FIELD_CHECK_PENDING", "road_eligibility_status": "DERIVED_GATE_D_BUS_ELIGIBLE", "candidate_status": "HYPOTHESIS_NOT_RECOMMENDATION", "potential_interchange_with_reference_gtfs": false, "interchange_evidence_status": "DERIVED_FROM_REFERENCE_PERIOD_GTFS_PROXIMITY_NOT_CURRENT_SERVICE_GUARANTEE", "discovery_sample_spacing_m_assumption": 150.0, "candidate_pruning_radius_m_assumption": 220.0, "source_gate_b_commit": "55d726564e13acca55ce563cc911263ac513acb0", "source_gate_d_commit": "7c220f7586d0f6e5cccd14a2d518be52eb1c4a55", "PRO_COM_T": "097092", "COMUNE": "La Valletta Brianza", "municipal_2021_resident_work_commuters_context": 1796, "municipal_2021_outbound_workers_context": 1521, "od_2021_context_status": "FACT_ISTAT_2021_WORK_COMMUTING_MUNICIPAL_ONLY_NOT_STOP_DEMAND" }, "geometry": { "type": "Point", "coordinates": [ 9.372557226312763, 45.72771081411063 ] } },
{ "type": "Feature", "properties": { "osm_way_id": "42281871", "highway": "residential", "road_uncertainty_flags": "missing_lanes|missing_maxheight|missing_maxweight|missing_maxwidth|missing_width", "sample_index": 5, "x_utm32": 531074.42664950795, "y_utm32": 5063878.7557070861, "lon": 9.3993569200195779, "lat": 45.72776654464738, "discovery_evidence": "POP_GAP8:WP_02773", "discovery_seed_count": 1, "walk_graph_node_id": 16424, "walk_graph_connector_m": 4.5638375247361083, "walk_graph_connector_min": 0.057047969059201356, "walk_graph_snap_ok": true, "population_reachable_5min": 976.77951152474873, "population_additional_5min": 439.97352125535133, "existing_catchment_overlap_population_5min": 536.80599026939717, "existing_catchment_overlap_pct_5min": 54.956720931978317, "population_reachable_8min": 1833.2951747837565, "population_additional_8min": 363.40232820125038, "existing_catchment_overlap_population_8min": 1469.8928465825063, "existing_catchment_overlap_pct_8min": 80.177642247702167, "population_reachable_10min": 2421.9716780162444, "population_additional_10min": 331.95908707864453, "existing_catchment_overlap_population_10min": 2090.0125909375997, "existing_catchment_overlap_pct_10min": 86.293849342179712, "population_reachable_12min": 3228.3881078317672, "population_additional_12min": 375.93439193926821, "existing_catchment_overlap_population_12min": 2852.4537158924995, "existing_catchment_overlap_pct_12min": 88.355353217065627, "nearest_official_stop_walk_network_m": 234.61324913236692, "nearest_official_stop_cluster_id": "EX_018", "nearby_official_routes": "D148", "nearby_official_route_count": 1, "settlement_coverage_10min_count": 1, "settlement_additional_10min_count": 0, "settlement_additional_10min_names": "", "destination_coverage_10min_count": 5, "destination_additional_10min_count": 0, "destination_additional_10min_names": "", "pruned_near_existing_stop": false, "pruned_no_access_gain": false, "candidate_id": "P2S_0064", "stop_type": "PROPOSED_STOP", "physical_status": "FIELD_CHECK_PENDING", "epistemic_status": "PROPOSED_STOP/FIELD_CHECK_PENDING", "road_eligibility_status": "DERIVED_GATE_D_BUS_ELIGIBLE", "candidate_status": "HYPOTHESIS_NOT_RECOMMENDATION", "potential_interchange_with_reference_gtfs": true, "interchange_evidence_status": "DERIVED_FROM_REFERENCE_PERIOD_GTFS_PROXIMITY_NOT_CURRENT_SERVICE_GUARANTEE", "discovery_sample_spacing_m_assumption": 150.0, "candidate_pruning_radius_m_assumption": 220.0, "source_gate_b_commit": "55d726564e13acca55ce563cc911263ac513acb0", "source_gate_d_commit": "7c220f7586d0f6e5cccd14a2d518be52eb1c4a55", "PRO_COM_T": "097058", "COMUNE": "Olgiate Molgora", "municipal_2021_resident_work_commuters_context": 2287, "municipal_2021_outbound_workers_context": 1961, "od_2021_context_status": "FACT_ISTAT_2021_WORK_COMMUTING_MUNICIPAL_ONLY_NOT_STOP_DEMAND" }, "geometry": { "type": "Point", "coordinates": [ 9.399356920019578, 45.72776654464738 ] } },
{ "type": "Feature", "properties": { "osm_way_id": "1430858456", "highway": "service", "road_uncertainty_flags": "missing_lanes|missing_maxheight|missing_maxweight|missing_maxwidth|missing_width", "sample_index": 0, "x_utm32": 530113.55581193964, "y_utm32": 5063884.0380832888, "lon": 9.3870087843113357, "lat": 45.727856584776234, "discovery_evidence": "POP_GAP8:WP_02863|POP_GAP8:WP_02864|POP_GAP8:WP_02865|POP_GAP8:WP_02866|POP_GAP8:WP_02975|POP_GAP8:WP_02976", "discovery_seed_count": 6, "walk_graph_node_id": 12294, "walk_graph_connector_m": 1.2285090567327637, "walk_graph_connector_min": 0.015356363209159545, "walk_graph_snap_ok": true, "population_reachable_5min": 4.232443343621771, "population_additional_5min": 4.232443343621771, "existing_catchment_overlap_population_5min": 0.0, "existing_catchment_overlap_pct_5min": 0.0, "population_reachable_8min": 5.065402355467552, "population_additional_8min": 5.065402355467552, "existing_catchment_overlap_population_8min": 0.0, "existing_catchment_overlap_pct_8min": 0.0, "population_reachable_10min": 6.0330861249209997, "population_additional_10min": 6.0330861249209997, "existing_catchment_overlap_population_10min": 0.0, "existing_catchment_overlap_pct_10min": 0.0, "population_reachable_12min": 9.0737982389005616, "population_additional_12min": 9.0737982389005616, "existing_catchment_overlap_population_12min": 0.0, "existing_catchment_overlap_pct_12min": 0.0, "nearest_official_stop_walk_network_m": 2464.8574367067595, "nearest_official_stop_cluster_id": "EX_023", "nearby_official_routes": "D184", "nearby_official_route_count": 1, "settlement_coverage_10min_count": 0, "settlement_additional_10min_count": 0, "settlement_additional_10min_names": "", "destination_coverage_10min_count": 0, "destination_additional_10min_count": 0, "destination_additional_10min_names": "", "pruned_near_existing_stop": false, "pruned_no_access_gain": false, "candidate_id": "P2S_0065", "stop_type": "PROPOSED_STOP", "physical_status": "FIELD_CHECK_PENDING", "epistemic_status": "PROPOSED_STOP/FIELD_CHECK_PENDING", "road_eligibility_status": "DERIVED_GATE_D_BUS_ELIGIBLE", "candidate_status": "HYPOTHESIS_NOT_RECOMMENDATION", "potential_interchange_with_reference_gtfs": false, "interchange_evidence_status": "DERIVED_FROM_REFERENCE_PERIOD_GTFS_PROXIMITY_NOT_CURRENT_SERVICE_GUARANTEE", "discovery_sample_spacing_m_assumption": 150.0, "candidate_pruning_radius_m_assumption": 220.0, "source_gate_b_commit": "55d726564e13acca55ce563cc911263ac513acb0", "source_gate_d_commit": "7c220f7586d0f6e5cccd14a2d518be52eb1c4a55", "PRO_COM_T": "097092", "COMUNE": "La Valletta Brianza", "municipal_2021_resident_work_commuters_context": 1796, "municipal_2021_outbound_workers_context": 1521, "od_2021_context_status": "FACT_ISTAT_2021_WORK_COMMUTING_MUNICIPAL_ONLY_NOT_STOP_DEMAND" }, "geometry": { "type": "Point", "coordinates": [ 9.387008784311336, 45.727856584776234 ] } },
{ "type": "Feature", "properties": { "osm_way_id": "1491885420", "highway": "service", "road_uncertainty_flags": "missing_lanes|missing_maxheight|missing_maxweight|missing_maxwidth|missing_width", "sample_index": 0, "x_utm32": 527952.26485856017, "y_utm32": 5063925.823988786, "lon": 9.359235619616193, "lat": 45.728323391821434, "discovery_evidence": "POP_GAP8:WP_02625|POP_GAP8:WP_02725|POP_GAP8:WP_02726|POP_GAP8:WP_02829|POP_GAP8:WP_02830|POP_GAP8:WP_02831|POP_GAP8:WP_02832|POP_GAP8:WP_02939|POP_GAP8:WP_02940|POP_GAP8:WP_02941|POP_GAP8:WP_03052", "discovery_seed_count": 11, "walk_graph_node_id": 3704, "walk_graph_connector_m": 3.5007195183284967, "walk_graph_connector_min": 0.043758993979106209, "walk_graph_snap_ok": true, "population_reachable_5min": 1.9923453229115096, "population_additional_5min": 1.9923453229115096, "existing_catchment_overlap_population_5min": 0.0, "existing_catchment_overlap_pct_5min": 0.0, "population_reachable_8min": 3.9174878078678694, "population_additional_8min": 3.9174878078678694, "existing_catchment_overlap_population_8min": 0.0, "existing_catchment_overlap_pct_8min": 0.0, "population_reachable_10min": 26.6385539098533, "population_additional_10min": 26.6385539098533, "existing_catchment_overlap_population_10min": 0.0, "existing_catchment_overlap_pct_10min": 0.0, "population_reachable_12min": 167.6426838293263, "population_additional_12min": 167.6426838293263, "existing_catchment_overlap_population_12min": 0.0, "existing_catchment_overlap_pct_12min": 0.0, "nearest_official_stop_walk_network_m": 1793.1835277362268, "nearest_official_stop_cluster_id": "EX_027", "nearby_official_routes": "D184", "nearby_official_route_count": 1, "settlement_coverage_10min_count": 1, "settlement_additional_10min_count": 1, "settlement_additional_10min_names": "Pianello", "destination_coverage_10min_count": 0, "destination_additional_10min_count": 0, "destination_additional_10min_names": "", "pruned_near_existing_stop": false, "pruned_no_access_gain": false, "candidate_id": "P2S_0066", "stop_type": "PROPOSED_STOP", "physical_status": "FIELD_CHECK_PENDING", "epistemic_status": "PROPOSED_STOP/FIELD_CHECK_PENDING", "road_eligibility_status": "DERIVED_GATE_D_BUS_ELIGIBLE", "candidate_status": "HYPOTHESIS_NOT_RECOMMENDATION", "potential_interchange_with_reference_gtfs": false, "interchange_evidence_status": "DERIVED_FROM_REFERENCE_PERIOD_GTFS_PROXIMITY_NOT_CURRENT_SERVICE_GUARANTEE", "discovery_sample_spacing_m_assumption": 150.0, "candidate_pruning_radius_m_assumption": 220.0, "source_gate_b_commit": "55d726564e13acca55ce563cc911263ac513acb0", "source_gate_d_commit": "7c220f7586d0f6e5cccd14a2d518be52eb1c4a55", "PRO_COM_T": "097092", "COMUNE": "La Valletta Brianza", "municipal_2021_resident_work_commuters_context": 1796, "municipal_2021_outbound_workers_context": 1521, "od_2021_context_status": "FACT_ISTAT_2021_WORK_COMMUTING_MUNICIPAL_ONLY_NOT_STOP_DEMAND" }, "geometry": { "type": "Point", "coordinates": [ 9.359235619616193, 45.728323391821434 ] } },
{ "type": "Feature", "properties": { "osm_way_id": "432726032", "highway": "unclassified", "road_uncertainty_flags": "missing_lanes|missing_maxheight|missing_maxweight|missing_maxwidth|missing_width", "sample_index": 6, "x_utm32": 533716.97115567152, "y_utm32": 5063964.0426144022, "lon": 9.4333229080563807, "lat": 45.728410418914791, "discovery_evidence": "POP_GAP8:WP_02498|POP_GAP8:WP_02598|POP_GAP8:WP_02599|POP_GAP8:WP_02698|POP_GAP8:WP_02699|POP_GAP8:WP_02700|POP_GAP8:WP_02800|POP_GAP8:WP_02801|POP_GAP8:WP_02802|POP_GAP8:WP_02803|POP_GAP8:WP_02804|POP_GAP8:WP_02911|POP_GAP8:WP_02912|POP_GAP8:WP_02913|POP_GAP8:WP_02914|POP_GAP8:WP_03027|POP_GAP8:WP_03028", "discovery_seed_count": 17, "walk_graph_node_id": 24479, "walk_graph_connector_m": 19.765892186525946, "walk_graph_connector_min": 0.24707365233157433, "walk_graph_snap_ok": true, "population_reachable_5min": 8.0102279799024814, "population_additional_5min": 8.0102279799024814, "existing_catchment_overlap_population_5min": 0.0, "existing_catchment_overlap_pct_5min": 0.0, "population_reachable_8min": 117.62721658283682, "population_additional_8min": 36.408185192987141, "existing_catchment_overlap_population_8min": 81.21903138984969, "existing_catchment_overlap_pct_8min": 69.047822221188639, "population_reachable_10min": 280.74676910009003, "population_additional_10min": 15.031261492518079, "existing_catchment_overlap_population_10min": 265.71550760757202, "existing_catchment_overlap_pct_10min": 94.645971691606832, "population_reachable_12min": 421.05552779041125, "population_additional_12min": 0.94041671315490205, "existing_catchment_overlap_population_12min": 420.11511107725636, "existing_catchment_overlap_pct_12min": 99.776652566921527, "nearest_official_stop_walk_network_m": 863.6481422183499, "nearest_official_stop_cluster_id": "EX_020", "nearby_official_routes": "D170", "nearby_official_route_count": 1, "settlement_coverage_10min_count": 0, "settlement_additional_10min_count": 0, "settlement_additional_10min_names": "", "destination_coverage_10min_count": 0, "destination_additional_10min_count": 0, "destination_additional_10min_names": "", "pruned_near_existing_stop": false, "pruned_no_access_gain": false, "candidate_id": "P2S_0067", "stop_type": "PROPOSED_STOP", "physical_status": "FIELD_CHECK_PENDING", "epistemic_status": "PROPOSED_STOP/FIELD_CHECK_PENDING", "road_eligibility_status": "DERIVED_GATE_D_BUS_ELIGIBLE", "candidate_status": "HYPOTHESIS_NOT_RECOMMENDATION", "potential_interchange_with_reference_gtfs": false, "interchange_evidence_status": "DERIVED_FROM_REFERENCE_PERIOD_GTFS_PROXIMITY_NOT_CURRENT_SERVICE_GUARANTEE", "discovery_sample_spacing_m_assumption": 150.0, "candidate_pruning_radius_m_assumption": 220.0, "source_gate_b_commit": "55d726564e13acca55ce563cc911263ac513acb0", "source_gate_d_commit": "7c220f7586d0f6e5cccd14a2d518be52eb1c4a55", "PRO_COM_T": "097010", "COMUNE": "Brivio", "municipal_2021_resident_work_commuters_context": 1662, "municipal_2021_outbound_workers_context": 1339, "od_2021_context_status": "FACT_ISTAT_2021_WORK_COMMUTING_MUNICIPAL_ONLY_NOT_STOP_DEMAND" }, "geometry": { "type": "Point", "coordinates": [ 9.433322908056381, 45.728410418914791 ] } },
{ "type": "Feature", "properties": { "osm_way_id": "655257727", "highway": "unclassified", "road_uncertainty_flags": "missing_lanes|missing_maxheight|missing_maxweight|missing_maxwidth|missing_width", "sample_index": 1, "x_utm32": 534574.22680828546, "y_utm32": 5063969.4324241709, "lon": 9.4443402186668237, "lat": 45.728416614603994, "discovery_evidence": "POP_GAP8:WP_02611|POP_GAP8:WP_02711|POP_GAP8:WP_02712|POP_GAP8:WP_02713|POP_GAP8:WP_02714|POP_GAP8:WP_02815|POP_GAP8:WP_02816|POP_GAP8:WP_02817|POP_GAP8:WP_02818|POP_GAP8:WP_02819|POP_GAP8:WP_02926|POP_GAP8:WP_02927|POP_GAP8:WP_02928|POP_GAP8:WP_03042", "discovery_seed_count": 14, "walk_graph_node_id": 26919, "walk_graph_connector_m": 5.2048340573026595, "walk_graph_connector_min": 0.065060425716283246, "walk_graph_snap_ok": true, "population_reachable_5min": 36.573964478911002, "population_additional_5min": 36.248851607086621, "existing_catchment_overlap_population_5min": 0.32511287182437848, "existing_catchment_overlap_pct_5min": 0.88891887017564786, "population_reachable_8min": 377.63452005336774, "population_additional_8min": 24.885196295628756, "existing_catchment_overlap_population_8min": 352.74932375773898, "existing_catchment_overlap_pct_8min": 93.410243244682206, "population_reachable_10min": 701.64366542251105, "population_additional_10min": 12.163101488426751, "existing_catchment_overlap_population_10min": 689.48056393408422, "existing_catchment_overlap_pct_10min": 98.266484529422414, "population_reachable_12min": 973.64808975069616, "population_additional_12min": 30.13242364301119, "existing_catchment_overlap_population_12min": 943.51566610768498, "existing_catchment_overlap_pct_12min": 96.905203845187373, "nearest_official_stop_walk_network_m": 681.78828328088844, "nearest_official_stop_cluster_id": "EX_015", "nearby_official_routes": "D150|D170", "nearby_official_route_count": 2, "settlement_coverage_10min_count": 0, "settlement_additional_10min_count": 0, "settlement_additional_10min_names": "", "destination_coverage_10min_count": 0, "destination_additional_10min_count": 0, "destination_additional_10min_names": "", "pruned_near_existing_stop": false, "pruned_no_access_gain": false, "candidate_id": "P2S_0068", "stop_type": "PROPOSED_STOP", "physical_status": "FIELD_CHECK_PENDING", "epistemic_status": "PROPOSED_STOP/FIELD_CHECK_PENDING", "road_eligibility_status": "DERIVED_GATE_D_BUS_ELIGIBLE", "candidate_status": "HYPOTHESIS_NOT_RECOMMENDATION", "potential_interchange_with_reference_gtfs": false, "interchange_evidence_status": "DERIVED_FROM_REFERENCE_PERIOD_GTFS_PROXIMITY_NOT_CURRENT_SERVICE_GUARANTEE", "discovery_sample_spacing_m_assumption": 150.0, "candidate_pruning_radius_m_assumption": 220.0, "source_gate_b_commit": "55d726564e13acca55ce563cc911263ac513acb0", "source_gate_d_commit": "7c220f7586d0f6e5cccd14a2d518be52eb1c4a55", "PRO_COM_T": "097012", "COMUNE": "Calco", "municipal_2021_resident_work_commuters_context": 2173, "municipal_2021_outbound_workers_context": 1894, "od_2021_context_status": "FACT_ISTAT_2021_WORK_COMMUTING_MUNICIPAL_ONLY_NOT_STOP_DEMAND" }, "geometry": { "type": "Point", "coordinates": [ 9.444340218666824, 45.728416614603994 ] } },
{ "type": "Feature", "properties": { "osm_way_id": "1491885385", "highway": "service", "road_uncertainty_flags": "missing_lanes|missing_maxheight|missing_maxweight|missing_maxwidth|missing_width", "sample_index": 0, "x_utm32": 529707.91371956398, "y_utm32": 5063973.2020227937, "lon": 9.3818012006209663, "lat": 45.728676650871428, "discovery_evidence": "POP_GAP8:WP_02652|POP_GAP8:WP_02753", "discovery_seed_count": 2, "walk_graph_node_id": 10730, "walk_graph_connector_m": 16.541258685561107, "walk_graph_connector_min": 0.20676573356951383, "walk_graph_snap_ok": true, "population_reachable_5min": 143.77594428909984, "population_additional_5min": 143.77594428909984, "existing_catchment_overlap_population_5min": 0.0, "existing_catchment_overlap_pct_5min": 0.0, "population_reachable_8min": 521.73153353170721, "population_additional_8min": 521.65285069733238, "existing_catchment_overlap_population_8min": 0.078682834374823998, "existing_catchment_overlap_pct_8min": 0.015081096180291008, "population_reachable_10min": 632.02652768545647, "population_additional_10min": 584.00819557527745, "existing_catchment_overlap_population_10min": 48.018332110179045, "existing_catchment_overlap_pct_10min": 7.5975184595537346, "population_reachable_12min": 751.38934714698951, "population_additional_12min": 608.31471481190874, "existing_catchment_overlap_population_12min": 143.07463233508076, "existing_catchment_overlap_pct_12min": 19.041344261577876, "nearest_official_stop_walk_network_m": 994.95033591946037, "nearest_official_stop_cluster_id": "EX_026", "nearby_official_routes": "D184", "nearby_official_route_count": 1, "settlement_coverage_10min_count": 2, "settlement_additional_10min_count": 2, "settlement_additional_10min_names": "Monte|Sara", "destination_coverage_10min_count": 0, "destination_additional_10min_count": 0, "destination_additional_10min_names": "", "pruned_near_existing_stop": false, "pruned_no_access_gain": false, "candidate_id": "P2S_0069", "stop_type": "PROPOSED_STOP", "physical_status": "FIELD_CHECK_PENDING", "epistemic_status": "PROPOSED_STOP/FIELD_CHECK_PENDING", "road_eligibility_status": "DERIVED_GATE_D_BUS_ELIGIBLE", "candidate_status": "HYPOTHESIS_NOT_RECOMMENDATION", "potential_interchange_with_reference_gtfs": false, "interchange_evidence_status": "DERIVED_FROM_REFERENCE_PERIOD_GTFS_PROXIMITY_NOT_CURRENT_SERVICE_GUARANTEE", "discovery_sample_spacing_m_assumption": 150.0, "candidate_pruning_radius_m_assumption": 220.0, "source_gate_b_commit": "55d726564e13acca55ce563cc911263ac513acb0", "source_gate_d_commit": "7c220f7586d0f6e5cccd14a2d518be52eb1c4a55", "PRO_COM_T": "097092", "COMUNE": "La Valletta Brianza", "municipal_2021_resident_work_commuters_context": 1796, "municipal_2021_outbound_workers_context": 1521, "od_2021_context_status": "FACT_ISTAT_2021_WORK_COMMUTING_MUNICIPAL_ONLY_NOT_STOP_DEMAND" }, "geometry": { "type": "Point", "coordinates": [ 9.381801200620966, 45.728676650871428 ] } },
{ "type": "Feature", "properties": { "osm_way_id": "573583654", "highway": "residential", "road_uncertainty_flags": "missing_lanes|missing_maxheight|missing_maxweight|missing_maxwidth|missing_width", "sample_index": 1, "x_utm32": 532828.90761258104, "y_utm32": 5063973.636419612, "lon": 9.4219106824346888, "lat": 45.728539484038606, "discovery_evidence": "POP_GAP8:WP_02586|POP_GAP8:WP_02685|POP_GAP8:WP_02686|POP_GAP8:WP_02687|POP_GAP8:WP_02688|POP_GAP8:WP_02689|POP_GAP8:WP_02789|POP_GAP8:WP_02790|POP_GAP8:WP_02791|POP_GAP8:WP_02792|POP_GAP8:WP_02793|POP_GAP8:WP_02899|POP_GAP8:WP_02900|POP_GAP8:WP_02901|POP_GAP8:WP_02902", "discovery_seed_count": 15, "walk_graph_node_id": 22017, "walk_graph_connector_m": 6.6242042992626891, "walk_graph_connector_min": 0.082802553740783616, "walk_graph_snap_ok": true, "population_reachable_5min": 101.78954096326595, "population_additional_5min": 101.78954096326595, "existing_catchment_overlap_population_5min": 0.0, "existing_catchment_overlap_pct_5min": 0.0, "population_reachable_8min": 474.49128326980787, "population_additional_8min": 127.68701240722427, "existing_catchment_overlap_population_8min": 346.80427086258362, "existing_catchment_overlap_pct_8min": 73.089703244428591, "population_reachable_10min": 814.58949434544013, "population_additional_10min": 103.11197103052847, "existing_catchment_overlap_population_10min": 711.47752331491154, "existing_catchment_overlap_pct_10min": 87.341848655514056, "population_reachable_12min": 1075.7067820728778, "population_additional_12min": 36.981420376379376, "existing_catchment_overlap_population_12min": 1038.7253616964983, "existing_catchment_overlap_pct_12min": 96.562128175382838, "nearest_official_stop_walk_network_m": 794.20037616728916, "nearest_official_stop_cluster_id": "EX_007", "nearby_official_routes": "D185", "nearby_official_route_count": 1, "settlement_coverage_10min_count": 1, "settlement_additional_10min_count": 0, "settlement_additional_10min_names": "", "destination_coverage_10min_count": 2, "destination_additional_10min_count": 0, "destination_additional_10min_names": "", "pruned_near_existing_stop": false, "pruned_no_access_gain": false, "candidate_id": "P2S_0070", "stop_type": "PROPOSED_STOP", "physical_status": "FIELD_CHECK_PENDING", "epistemic_status": "PROPOSED_STOP/FIELD_CHECK_PENDING", "road_eligibility_status": "DERIVED_GATE_D_BUS_ELIGIBLE", "candidate_status": "HYPOTHESIS_NOT_RECOMMENDATION", "potential_interchange_with_reference_gtfs": false, "interchange_evidence_status": "DERIVED_FROM_REFERENCE_PERIOD_GTFS_PROXIMITY_NOT_CURRENT_SERVICE_GUARANTEE", "discovery_sample_spacing_m_assumption": 150.0, "candidate_pruning_radius_m_assumption": 220.0, "source_gate_b_commit": "55d726564e13acca55ce563cc911263ac513acb0", "source_gate_d_commit": "7c220f7586d0f6e5cccd14a2d518be52eb1c4a55", "PRO_COM_T": "097012", "COMUNE": "Calco", "municipal_2021_resident_work_commuters_context": 2173, "municipal_2021_outbound_workers_context": 1894, "od_2021_context_status": "FACT_ISTAT_2021_WORK_COMMUTING_MUNICIPAL_ONLY_NOT_STOP_DEMAND" }, "geometry": { "type": "Point", "coordinates": [ 9.421910682434689, 45.728539484038606 ] } },
{ "type": "Feature", "properties": { "osm_way_id": "1463441197", "highway": "service", "road_uncertainty_flags": "missing_lanes|missing_maxheight|missing_maxweight|missing_maxwidth|missing_width", "sample_index": 0, "x_utm32": 530453.81405941735, "y_utm32": 5064004.8134167613, "lon": 9.3913891527205013, "lat": 45.728928735128783, "discovery_evidence": "POP_GAP8:WP_02665|POP_GAP8:WP_02666|POP_GAP8:WP_02766|POP_GAP8:WP_02767", "discovery_seed_count": 4, "walk_graph_node_id": 14025, "walk_graph_connector_m": 3.8742871222323974, "walk_graph_connector_min": 0.048428589027904964, "walk_graph_snap_ok": true, "population_reachable_5min": 81.10773329609124, "population_additional_5min": 18.612628780856472, "existing_catchment_overlap_population_5min": 62.495104515234765, "existing_catchment_overlap_pct_5min": 77.051967766243251, "population_reachable_8min": 274.45681430098631, "population_additional_8min": 41.658393201303973, "existing_catchment_overlap_population_8min": 232.79842109968217, "existing_catchment_overlap_pct_8min": 84.821512518315927, "population_reachable_10min": 457.41962504094977, "population_additional_10min": 23.404686156223264, "existing_catchment_overlap_population_10min": 434.01493888472646, "existing_catchment_overlap_pct_10min": 94.883322692128033, "population_reachable_12min": 719.63789904889143, "population_additional_12min": 131.93000420740066, "existing_catchment_overlap_population_12min": 587.70789484149077, "existing_catchment_overlap_pct_12min": 81.667168393748341, "nearest_official_stop_walk_network_m": 346.3423227822434, "nearest_official_stop_cluster_id": "EX_023", "nearby_official_routes": "D184", "nearby_official_route_count": 1, "settlement_coverage_10min_count": 1, "settlement_additional_10min_count": 0, "settlement_additional_10min_names": "", "destination_coverage_10min_count": 0, "destination_additional_10min_count": 0, "destination_additional_10min_names": "", "pruned_near_existing_stop": false, "pruned_no_access_gain": false, "candidate_id": "P2S_0071", "stop_type": "PROPOSED_STOP", "physical_status": "FIELD_CHECK_PENDING", "epistemic_status": "PROPOSED_STOP/FIELD_CHECK_PENDING", "road_eligibility_status": "DERIVED_GATE_D_BUS_ELIGIBLE", "candidate_status": "HYPOTHESIS_NOT_RECOMMENDATION", "potential_interchange_with_reference_gtfs": false, "interchange_evidence_status": "DERIVED_FROM_REFERENCE_PERIOD_GTFS_PROXIMITY_NOT_CURRENT_SERVICE_GUARANTEE", "discovery_sample_spacing_m_assumption": 150.0, "candidate_pruning_radius_m_assumption": 220.0, "source_gate_b_commit": "55d726564e13acca55ce563cc911263ac513acb0", "source_gate_d_commit": "7c220f7586d0f6e5cccd14a2d518be52eb1c4a55", "PRO_COM_T": "097058", "COMUNE": "Olgiate Molgora", "municipal_2021_resident_work_commuters_context": 2287, "municipal_2021_outbound_workers_context": 1961, "od_2021_context_status": "FACT_ISTAT_2021_WORK_COMMUTING_MUNICIPAL_ONLY_NOT_STOP_DEMAND" }, "geometry": { "type": "Point", "coordinates": [ 9.391389152720501, 45.728928735128783 ] } },
{ "type": "Feature", "properties": { "osm_way_id": "1462825408", "highway": "service", "road_uncertainty_flags": "missing_lanes|missing_maxheight|missing_maxweight|missing_maxwidth|missing_width", "sample_index": 0, "x_utm32": 527670.53299536544, "y_utm32": 5064043.8034772733, "lon": 9.3556216805344157, "lat": 45.729396604904643, "discovery_evidence": "POP_GAP8:WP_02518|POP_GAP8:WP_02519|POP_GAP8:WP_02617|POP_GAP8:WP_02618|POP_GAP8:WP_02619|POP_GAP8:WP_02620|POP_GAP8:WP_02621|POP_GAP8:WP_02717|POP_GAP8:WP_02718|POP_GAP8:WP_02719|POP_GAP8:WP_02720|POP_GAP8:WP_02721|POP_GAP8:WP_02722|POP_GAP8:WP_02822|POP_GAP8:WP_02823|POP_GAP8:WP_02824|POP_GAP8:WP_02825|POP_GAP8:WP_02826|POP_GAP8:WP_02827|POP_GAP8:WP_02932|POP_GAP8:WP_02933|POP_GAP8:WP_02934|POP_GAP8:WP_02935|POP_GAP8:WP_02936|POP_GAP8:WP_03045|POP_GAP8:WP_03046|POP_GAP8:WP_03047|POP_GAP8:WP_03048|POP_GAP8:WP_03049|POP_GAP8:WP_03050|POP_GAP8:WP_03161|POP_GAP8:WP_03162|POP_GAP8:WP_03163|POP_GAP8:WP_03164|POP_GAP8:WP_03274|POP_GAP8:WP_03275|POP_GAP8:WP_03276|POP_GAP8:WP_03277|POP_GAP8:WP_03387|POP_GAP8:WP_03388|POP_GAP8:WP_03389", "discovery_seed_count": 41, "walk_graph_node_id": 2935, "walk_graph_connector_m": 4.280563683668908, "walk_graph_connector_min": 0.053507046045861352, "walk_graph_snap_ok": true, "population_reachable_5min": 0.42949361618620346, "population_additional_5min": 0.42949361618620346, "existing_catchment_overlap_population_5min": 0.0, "existing_catchment_overlap_pct_5min": 0.0, "population_reachable_8min": 1.9540854157681957, "population_additional_8min": 1.9540854157681957, "existing_catchment_overlap_population_8min": 0.0, "existing_catchment_overlap_pct_8min": 0.0, "population_reachable_10min": 30.7508582383937, "population_additional_10min": 30.7508582383937, "existing_catchment_overlap_population_10min": 0.0, "existing_catchment_overlap_pct_10min": 0.0, "population_reachable_12min": 99.786988676578076, "population_additional_12min": 99.786988676578076, "existing_catchment_overlap_population_12min": 0.0, "existing_catchment_overlap_pct_12min": 0.0, "nearest_official_stop_walk_network_m": 2152.5813437389393, "nearest_official_stop_cluster_id": "EX_027", "nearby_official_routes": "D184", "nearby_official_route_count": 1, "settlement_coverage_10min_count": 2, "settlement_additional_10min_count": 2, "settlement_additional_10min_names": "Bernaga inferiore|Pianello", "destination_coverage_10min_count": 0, "destination_additional_10min_count": 0, "destination_additional_10min_names": "", "pruned_near_existing_stop": false, "pruned_no_access_gain": false, "candidate_id": "P2S_0072", "stop_type": "PROPOSED_STOP", "physical_status": "FIELD_CHECK_PENDING", "epistemic_status": "PROPOSED_STOP/FIELD_CHECK_PENDING", "road_eligibility_status": "DERIVED_GATE_D_BUS_ELIGIBLE", "candidate_status": "HYPOTHESIS_NOT_RECOMMENDATION", "potential_interchange_with_reference_gtfs": false, "interchange_evidence_status": "DERIVED_FROM_REFERENCE_PERIOD_GTFS_PROXIMITY_NOT_CURRENT_SERVICE_GUARANTEE", "discovery_sample_spacing_m_assumption": 150.0, "candidate_pruning_radius_m_assumption": 220.0, "source_gate_b_commit": "55d726564e13acca55ce563cc911263ac513acb0", "source_gate_d_commit": "7c220f7586d0f6e5cccd14a2d518be52eb1c4a55", "PRO_COM_T": "097092", "COMUNE": "La Valletta Brianza", "municipal_2021_resident_work_commuters_context": 1796, "municipal_2021_outbound_workers_context": 1521, "od_2021_context_status": "FACT_ISTAT_2021_WORK_COMMUTING_MUNICIPAL_ONLY_NOT_STOP_DEMAND" }, "geometry": { "type": "Point", "coordinates": [ 9.355621680534416, 45.729396604904643 ] } },
{ "type": "Feature", "properties": { "osm_way_id": "173639258", "highway": "residential", "road_uncertainty_flags": "missing_lanes|missing_maxheight|missing_maxweight|missing_maxwidth|missing_width", "sample_index": 0, "x_utm32": 530870.94815841096, "y_utm32": 5064053.6720740255, "lon": 9.3967531000214901, "lat": 45.729350000004757, "discovery_evidence": "POP_GAP8:WP_02668|POP_GAP8:WP_02770|POP_GAP8:WP_02771", "discovery_seed_count": 3, "walk_graph_node_id": 15742, "walk_graph_connector_m": 4.8197590249034707, "walk_graph_connector_min": 0.060246987811293382, "walk_graph_snap_ok": true, "population_reachable_5min": 14.789539615512645, "population_additional_5min": 14.347694704537428, "existing_catchment_overlap_population_5min": 0.441844910975216, "existing_catchment_overlap_pct_5min": 2.987550136528712, "population_reachable_8min": 81.663791801721317, "population_additional_8min": 0.50138902579820321, "existing_catchment_overlap_population_8min": 81.162402775923113, "existing_catchment_overlap_pct_8min": 99.386032640982961, "population_reachable_10min": 414.81164328314884, "population_additional_10min": 0.12545976876696249, "existing_catchment_overlap_population_10min": 414.68618351438187, "existing_catchment_overlap_pct_10min": 99.969755003072237, "population_reachable_12min": 1161.4578752325717, "population_additional_12min": 0.0, "existing_catchment_overlap_population_12min": 1161.4578752325717, "existing_catchment_overlap_pct_12min": 100.0, "nearest_official_stop_walk_network_m": 615.46921875733028, "nearest_official_stop_cluster_id": "EX_018", "nearby_official_routes": "D148", "nearby_official_route_count": 1, "settlement_coverage_10min_count": 0, "settlement_additional_10min_count": 0, "settlement_additional_10min_names": "", "destination_coverage_10min_count": 1, "destination_additional_10min_count": 0, "destination_additional_10min_names": "", "pruned_near_existing_stop": false, "pruned_no_access_gain": false, "candidate_id": "P2S_0073", "stop_type": "PROPOSED_STOP", "physical_status": "FIELD_CHECK_PENDING", "epistemic_status": "PROPOSED_STOP/FIELD_CHECK_PENDING", "road_eligibility_status": "DERIVED_GATE_D_BUS_ELIGIBLE", "candidate_status": "HYPOTHESIS_NOT_RECOMMENDATION", "potential_interchange_with_reference_gtfs": false, "interchange_evidence_status": "DERIVED_FROM_REFERENCE_PERIOD_GTFS_PROXIMITY_NOT_CURRENT_SERVICE_GUARANTEE", "discovery_sample_spacing_m_assumption": 150.0, "candidate_pruning_radius_m_assumption": 220.0, "source_gate_b_commit": "55d726564e13acca55ce563cc911263ac513acb0", "source_gate_d_commit": "7c220f7586d0f6e5cccd14a2d518be52eb1c4a55", "PRO_COM_T": "097058", "COMUNE": "Olgiate Molgora", "municipal_2021_resident_work_commuters_context": 2287, "municipal_2021_outbound_workers_context": 1961, "od_2021_context_status": "FACT_ISTAT_2021_WORK_COMMUTING_MUNICIPAL_ONLY_NOT_STOP_DEMAND" }, "geometry": { "type": "Point", "coordinates": [ 9.39675310002149, 45.729350000004757 ] } },
{ "type": "Feature", "properties": { "osm_way_id": "1463441186", "highway": "service", "road_uncertainty_flags": "missing_lanes|missing_maxheight|missing_maxweight|missing_maxwidth|missing_width", "sample_index": 0, "x_utm32": 529934.63124353578, "y_utm32": 5064066.6541471398, "lon": 9.3847206452500025, "lat": 45.729507999326906, "discovery_evidence": "POP_GAP8:WP_02555|POP_GAP8:WP_02556|POP_GAP8:WP_02656", "discovery_seed_count": 3, "walk_graph_node_id": 11698, "walk_graph_connector_m": 9.0811835627031758, "walk_graph_connector_min": 0.1135147945337897, "walk_graph_snap_ok": true, "population_reachable_5min": 54.33292046215464, "population_additional_5min": 54.33292046215464, "existing_catchment_overlap_population_5min": 0.0, "existing_catchment_overlap_pct_5min": 0.0, "population_reachable_8min": 262.48399226066226, "population_additional_8min": 247.19151132873506, "existing_catchment_overlap_population_8min": 15.292480931927207, "existing_catchment_overlap_pct_8min": 5.8260623058265821, "population_reachable_10min": 478.14157403149937, "population_additional_10min": 410.92194191066443, "existing_catchment_overlap_population_10min": 67.219632120834973, "existing_catchment_overlap_pct_10min": 14.058520691699281, "population_reachable_12min": 722.27826863744076, "population_additional_12min": 528.59981648800772, "existing_catchment_overlap_population_12min": 193.67845214943307, "existing_catchment_overlap_pct_12min": 26.814935539290481, "nearest_official_stop_walk_network_m": 861.01491589891634, "nearest_official_stop_cluster_id": "EX_023", "nearby_official_routes": "D184", "nearby_official_route_count": 1, "settlement_coverage_10min_count": 1, "settlement_additional_10min_count": 1, "settlement_additional_10min_names": "Sara", "destination_coverage_10min_count": 0, "destination_additional_10min_count": 0, "destination_additional_10min_names": "", "pruned_near_existing_stop": false, "pruned_no_access_gain": false, "candidate_id": "P2S_0074", "stop_type": "PROPOSED_STOP", "physical_status": "FIELD_CHECK_PENDING", "epistemic_status": "PROPOSED_STOP/FIELD_CHECK_PENDING", "road_eligibility_status": "DERIVED_GATE_D_BUS_ELIGIBLE", "candidate_status": "HYPOTHESIS_NOT_RECOMMENDATION", "potential_interchange_with_reference_gtfs": false, "interchange_evidence_status": "DERIVED_FROM_REFERENCE_PERIOD_GTFS_PROXIMITY_NOT_CURRENT_SERVICE_GUARANTEE", "discovery_sample_spacing_m_assumption": 150.0, "candidate_pruning_radius_m_assumption": 220.0, "source_gate_b_commit": "55d726564e13acca55ce563cc911263ac513acb0", "source_gate_d_commit": "7c220f7586d0f6e5cccd14a2d518be52eb1c4a55", "PRO_COM_T": "097092", "COMUNE": "La Valletta Brianza", "municipal_2021_resident_work_commuters_context": 1796, "municipal_2021_outbound_workers_context": 1521, "od_2021_context_status": "FACT_ISTAT_2021_WORK_COMMUTING_MUNICIPAL_ONLY_NOT_STOP_DEMAND" }, "geometry": { "type": "Point", "coordinates": [ 9.384720645250002, 45.729507999326906 ] } },
{ "type": "Feature", "properties": { "osm_way_id": "689416882", "highway": "residential", "road_uncertainty_flags": "missing_lanes|missing_maxheight|missing_maxweight|missing_maxwidth|missing_width", "sample_index": 0, "x_utm32": 529448.33185668767, "y_utm32": 5064085.3916943623, "lon": 9.3784719909398859, "lat": 45.729697522055368, "discovery_evidence": "POP_GAP8:WP_02548|POP_GAP8:WP_02647|POP_GAP8:WP_02648|POP_GAP8:WP_02649|POP_GAP8:WP_02748|SETTLEMENT_GAP8:OSM_POINT_2101402497", "discovery_seed_count": 6, "walk_graph_node_id": 9517, "walk_graph_connector_m": 14.69525614919651, "walk_graph_connector_min": 0.18369070186495637, "walk_graph_snap_ok": true, "population_reachable_5min": 156.74298401031785, "population_additional_5min": 156.74298401031785, "existing_catchment_overlap_population_5min": 0.0, "existing_catchment_overlap_pct_5min": 0.0, "population_reachable_8min": 233.2387262628356, "population_additional_8min": 233.2387262628356, "existing_catchment_overlap_population_8min": 0.0, "existing_catchment_overlap_pct_8min": 0.0, "population_reachable_10min": 410.24767963858733, "population_additional_10min": 385.99988143499485, "existing_catchment_overlap_population_10min": 24.247798203592371, "existing_catchment_overlap_pct_10min": 5.9105265933383864, "population_reachable_12min": 876.85948308719435, "population_additional_12min": 542.60983120871481, "existing_catchment_overlap_population_12min": 334.2496518784796, "existing_catchment_overlap_pct_12min": 38.118952731362775, "nearest_official_stop_walk_network_m": 1098.2416814644034, "nearest_official_stop_cluster_id": "EX_026", "nearby_official_routes": "D184", "nearby_official_route_count": 1, "settlement_coverage_10min_count": 1, "settlement_additional_10min_count": 1, "settlement_additional_10min_names": "Sara", "destination_coverage_10min_count": 0, "destination_additional_10min_count": 0, "destination_additional_10min_names": "", "pruned_near_existing_stop": false, "pruned_no_access_gain": false, "candidate_id": "P2S_0075", "stop_type": "PROPOSED_STOP", "physical_status": "FIELD_CHECK_PENDING", "epistemic_status": "PROPOSED_STOP/FIELD_CHECK_PENDING", "road_eligibility_status": "DERIVED_GATE_D_BUS_ELIGIBLE", "candidate_status": "HYPOTHESIS_NOT_RECOMMENDATION", "potential_interchange_with_reference_gtfs": false, "interchange_evidence_status": "DERIVED_FROM_REFERENCE_PERIOD_GTFS_PROXIMITY_NOT_CURRENT_SERVICE_GUARANTEE", "discovery_sample_spacing_m_assumption": 150.0, "candidate_pruning_radius_m_assumption": 220.0, "source_gate_b_commit": "55d726564e13acca55ce563cc911263ac513acb0", "source_gate_d_commit": "7c220f7586d0f6e5cccd14a2d518be52eb1c4a55", "PRO_COM_T": "097092", "COMUNE": "La Valletta Brianza", "municipal_2021_resident_work_commuters_context": 1796, "municipal_2021_outbound_workers_context": 1521, "od_2021_context_status": "FACT_ISTAT_2021_WORK_COMMUTING_MUNICIPAL_ONLY_NOT_STOP_DEMAND" }, "geometry": { "type": "Point", "coordinates": [ 9.378471990939886, 45.729697522055368 ] } },
{ "type": "Feature", "properties": { "osm_way_id": "432726032", "highway": "unclassified", "road_uncertainty_flags": "missing_lanes|missing_maxheight|missing_maxweight|missing_maxwidth|missing_width", "sample_index": 4, "x_utm32": 533446.44381490769, "y_utm32": 5064089.3060963666, "lon": 9.4298548990275286, "lat": 45.729550988429018, "discovery_evidence": "POP_GAP8:WP_02494|POP_GAP8:WP_02495|POP_GAP8:WP_02592|POP_GAP8:WP_02593|POP_GAP8:WP_02594|POP_GAP8:WP_02595|POP_GAP8:WP_02691|POP_GAP8:WP_02692|POP_GAP8:WP_02693|POP_GAP8:WP_02694|POP_GAP8:WP_02695|POP_GAP8:WP_02696|POP_GAP8:WP_02697|POP_GAP8:WP_02796|POP_GAP8:WP_02797|POP_GAP8:WP_02798|POP_GAP8:WP_02799|POP_GAP8:WP_02800|POP_GAP8:WP_02801", "discovery_seed_count": 19, "walk_graph_node_id": 23916, "walk_graph_connector_m": 24.42238386441041, "walk_graph_connector_min": 0.30527979830513013, "walk_graph_snap_ok": true, "population_reachable_5min": 0.44735424381031913, "population_additional_5min": 0.44735424381031913, "existing_catchment_overlap_population_5min": 0.0, "existing_catchment_overlap_pct_5min": 0.0, "population_reachable_8min": 36.031245857940448, "population_additional_8min": 28.823251596949849, "existing_catchment_overlap_population_8min": 7.2079942609905965, "existing_catchment_overlap_pct_8min": 20.004843266895037, "population_reachable_10min": 113.15668980568728, "population_additional_10min": 15.24926387063779, "existing_catchment_overlap_population_10min": 97.907425935049474, "existing_catchment_overlap_pct_10min": 86.523762848821534, "population_reachable_12min": 271.07557148733332, "population_additional_12min": 1.2228157306909619, "existing_catchment_overlap_population_12min": 269.85275575664241, "existing_catchment_overlap_pct_12min": 99.548902276962252, "nearest_official_stop_walk_network_m": 1124.1163578454496, "nearest_official_stop_cluster_id": "EX_020", "nearby_official_routes": "D170", "nearby_official_route_count": 1, "settlement_coverage_10min_count": 0, "settlement_additional_10min_count": 0, "settlement_additional_10min_names": "", "destination_coverage_10min_count": 0, "destination_additional_10min_count": 0, "destination_additional_10min_names": "", "pruned_near_existing_stop": false, "pruned_no_access_gain": false, "candidate_id": "P2S_0076", "stop_type": "PROPOSED_STOP", "physical_status": "FIELD_CHECK_PENDING", "epistemic_status": "PROPOSED_STOP/FIELD_CHECK_PENDING", "road_eligibility_status": "DERIVED_GATE_D_BUS_ELIGIBLE", "candidate_status": "HYPOTHESIS_NOT_RECOMMENDATION", "potential_interchange_with_reference_gtfs": false, "interchange_evidence_status": "DERIVED_FROM_REFERENCE_PERIOD_GTFS_PROXIMITY_NOT_CURRENT_SERVICE_GUARANTEE", "discovery_sample_spacing_m_assumption": 150.0, "candidate_pruning_radius_m_assumption": 220.0, "source_gate_b_commit": "55d726564e13acca55ce563cc911263ac513acb0", "source_gate_d_commit": "7c220f7586d0f6e5cccd14a2d518be52eb1c4a55", "PRO_COM_T": "097010", "COMUNE": "Brivio", "municipal_2021_resident_work_commuters_context": 1662, "municipal_2021_outbound_workers_context": 1339, "od_2021_context_status": "FACT_ISTAT_2021_WORK_COMMUTING_MUNICIPAL_ONLY_NOT_STOP_DEMAND" }, "geometry": { "type": "Point", "coordinates": [ 9.429854899027529, 45.729550988429018 ] } },
{ "type": "Feature", "properties": { "osm_way_id": "143413508", "highway": "unclassified", "road_uncertainty_flags": "missing_lanes|missing_maxheight|missing_maxweight|missing_maxwidth|missing_width", "sample_index": 0, "x_utm32": 527238.67162398063, "y_utm32": 5064135.3899638895, "lon": 9.3500766535164956, "lat": 45.730238079281428, "discovery_evidence": "POP_GAP8:WP_02322|POP_GAP8:WP_02323|POP_GAP8:WP_02324|POP_GAP8:WP_02411|POP_GAP8:WP_02412|POP_GAP8:WP_02413|POP_GAP8:WP_02414|POP_GAP8:WP_02415|POP_GAP8:WP_02513|POP_GAP8:WP_02514|POP_GAP8:WP_02515|POP_GAP8:WP_02516|POP_GAP8:WP_02517|POP_GAP8:WP_02614|POP_GAP8:WP_02615|POP_GAP8:WP_02616|POP_GAP8:WP_02617|POP_GAP8:WP_02715|POP_GAP8:WP_02716|POP_GAP8:WP_02717|POP_GAP8:WP_02718|POP_GAP8:WP_02820|POP_GAP8:WP_02821|POP_GAP8:WP_02822|POP_GAP8:WP_02823|POP_GAP8:WP_02929|POP_GAP8:WP_02930|POP_GAP8:WP_02931|POP_GAP8:WP_02932|POP_GAP8:WP_03043|POP_GAP8:WP_03044|POP_GAP8:WP_03045|POP_GAP8:WP_03046|POP_GAP8:WP_03161", "discovery_seed_count": 34, "walk_graph_node_id": 2150, "walk_graph_connector_m": 1.8188270072316135, "walk_graph_connector_min": 0.022735337590395168, "walk_graph_snap_ok": true, "population_reachable_5min": 1.6857936594263805, "population_additional_5min": 1.6857936594263805, "existing_catchment_overlap_population_5min": 0.0, "existing_catchment_overlap_pct_5min": 0.0, "population_reachable_8min": 2.8696167731521736, "population_additional_8min": 2.8696167731521736, "existing_catchment_overlap_population_8min": 0.0, "existing_catchment_overlap_pct_8min": 0.0, "population_reachable_10min": 27.832420369606094, "population_additional_10min": 27.832420369606094, "existing_catchment_overlap_population_10min": 0.0, "existing_catchment_overlap_pct_10min": 0.0, "population_reachable_12min": 62.09573086607908, "population_additional_12min": 62.09573086607908, "existing_catchment_overlap_population_12min": 0.0, "existing_catchment_overlap_pct_12min": 0.0, "nearest_official_stop_walk_network_m": 2393.8676790545073, "nearest_official_stop_cluster_id": "EX_027", "nearby_official_routes": "D184", "nearby_official_route_count": 1, "settlement_coverage_10min_count": 0, "settlement_additional_10min_count": 0, "settlement_additional_10min_names": "", "destination_coverage_10min_count": 0, "destination_additional_10min_count": 0, "destination_additional_10min_names": "", "pruned_near_existing_stop": false, "pruned_no_access_gain": false, "candidate_id": "P2S_0077", "stop_type": "PROPOSED_STOP", "physical_status": "FIELD_CHECK_PENDING", "epistemic_status": "PROPOSED_STOP/FIELD_CHECK_PENDING", "road_eligibility_status": "DERIVED_GATE_D_BUS_ELIGIBLE", "candidate_status": "HYPOTHESIS_NOT_RECOMMENDATION", "potential_interchange_with_reference_gtfs": false, "interchange_evidence_status": "DERIVED_FROM_REFERENCE_PERIOD_GTFS_PROXIMITY_NOT_CURRENT_SERVICE_GUARANTEE", "discovery_sample_spacing_m_assumption": 150.0, "candidate_pruning_radius_m_assumption": 220.0, "source_gate_b_commit": "55d726564e13acca55ce563cc911263ac513acb0", "source_gate_d_commit": "7c220f7586d0f6e5cccd14a2d518be52eb1c4a55", "PRO_COM_T": "097092", "COMUNE": "La Valletta Brianza", "municipal_2021_resident_work_commuters_context": 1796, "municipal_2021_outbound_workers_context": 1521, "od_2021_context_status": "FACT_ISTAT_2021_WORK_COMMUTING_MUNICIPAL_ONLY_NOT_STOP_DEMAND" }, "geometry": { "type": "Point", "coordinates": [ 9.350076653516496, 45.730238079281428 ] } },
{ "type": "Feature", "properties": { "osm_way_id": "578724692", "highway": "tertiary", "road_uncertainty_flags": "missing_lanes|missing_maxheight|missing_maxweight|missing_maxwidth|missing_width", "sample_index": 0, "x_utm32": 534318.02097497543, "y_utm32": 5064159.5765848821, "lon": 9.4410610873358038, "lat": 45.730140766200932, "discovery_evidence": "POP_GAP8:WP_02403|POP_GAP8:WP_02404|POP_GAP8:WP_02405|POP_GAP8:WP_02406|POP_GAP8:WP_02502|POP_GAP8:WP_02503|POP_GAP8:WP_02504|POP_GAP8:WP_02505|POP_GAP8:WP_02506|POP_GAP8:WP_02507|POP_GAP8:WP_02604|POP_GAP8:WP_02605|POP_GAP8:WP_02606|POP_GAP8:WP_02607|POP_GAP8:WP_02608|POP_GAP8:WP_02609|POP_GAP8:WP_02610|POP_GAP8:WP_02706|POP_GAP8:WP_02707|POP_GAP8:WP_02708|POP_GAP8:WP_02709|POP_GAP8:WP_02710", "discovery_seed_count": 22, "walk_graph_node_id": 25900, "walk_graph_connector_m": 6.8796349300256088, "walk_graph_connector_min": 0.08599543662532011, "walk_graph_snap_ok": true, "population_reachable_5min": 92.790642573297845, "population_additional_5min": 92.790642573297845, "existing_catchment_overlap_population_5min": 0.0, "existing_catchment_overlap_pct_5min": 0.0, "population_reachable_8min": 357.18432684025134, "population_additional_8min": 105.58681172908504, "existing_catchment_overlap_population_8min": 251.59751511116625, "existing_catchment_overlap_pct_8min": 70.439125181349795, "population_reachable_10min": 712.06561307229913, "population_additional_10min": 93.451344997339461, "existing_catchment_overlap_population_10min": 618.6142680749598, "existing_catchment_overlap_pct_10min": 86.87602051247336, "population_reachable_12min": 1032.5301917276577, "population_additional_12min": 45.766648863045916, "existing_catchment_overlap_population_12min": 986.76354286461174, "existing_catchment_overlap_pct_12min": 95.567524394955655, "nearest_official_stop_walk_network_m": 780.99108399495594, "nearest_official_stop_cluster_id": "EX_015", "nearby_official_routes": "D150|D170", "nearby_official_route_count": 2, "settlement_coverage_10min_count": 0, "settlement_additional_10min_count": 0, "settlement_additional_10min_names": "", "destination_coverage_10min_count": 0, "destination_additional_10min_count": 0, "destination_additional_10min_names": "", "pruned_near_existing_stop": false, "pruned_no_access_gain": false, "candidate_id": "P2S_0078", "stop_type": "PROPOSED_STOP", "physical_status": "FIELD_CHECK_PENDING", "epistemic_status": "PROPOSED_STOP/FIELD_CHECK_PENDING", "road_eligibility_status": "DERIVED_GATE_D_BUS_ELIGIBLE", "candidate_status": "HYPOTHESIS_NOT_RECOMMENDATION", "potential_interchange_with_reference_gtfs": false, "interchange_evidence_status": "DERIVED_FROM_REFERENCE_PERIOD_GTFS_PROXIMITY_NOT_CURRENT_SERVICE_GUARANTEE", "discovery_sample_spacing_m_assumption": 150.0, "candidate_pruning_radius_m_assumption": 220.0, "source_gate_b_commit": "55d726564e13acca55ce563cc911263ac513acb0", "source_gate_d_commit": "7c220f7586d0f6e5cccd14a2d518be52eb1c4a55", "PRO_COM_T": "097012", "COMUNE": "Calco", "municipal_2021_resident_work_commuters_context": 2173, "municipal_2021_outbound_workers_context": 1894, "od_2021_context_status": "FACT_ISTAT_2021_WORK_COMMUTING_MUNICIPAL_ONLY_NOT_STOP_DEMAND" }, "geometry": { "type": "Point", "coordinates": [ 9.441061087335804, 45.730140766200932 ] } },
{ "type": "Feature", "properties": { "osm_way_id": "173605010", "highway": "unclassified", "road_uncertainty_flags": "missing_lanes|missing_maxheight|missing_maxweight|missing_maxwidth|missing_width", "sample_index": 0, "x_utm32": 528844.10040411085, "y_utm32": 5064164.0801080121, "lon": 9.3707112178334704, "lat": 45.730431223677421, "discovery_evidence": "POP_GAP8:WP_02437|POP_GAP8:WP_02438|POP_GAP8:WP_02538|POP_GAP8:WP_02539|POP_GAP8:WP_02540|POP_GAP8:WP_02637|POP_GAP8:WP_02638|POP_GAP8:WP_02639|POP_GAP8:WP_02737|POP_GAP8:WP_02738|POP_GAP8:WP_02739", "discovery_seed_count": 11, "walk_graph_node_id": 6675, "walk_graph_connector_m": 1.4592743323416881, "walk_graph_connector_min": 0.018240929154271102, "walk_graph_snap_ok": true, "population_reachable_5min": 59.594684491699695, "population_additional_5min": 59.594684491699695, "existing_catchment_overlap_population_5min": 0.0, "existing_catchment_overlap_pct_5min": 0.0, "population_reachable_8min": 64.155490916261016, "population_additional_8min": 64.155490916261016, "existing_catchment_overlap_population_8min": 0.0, "existing_catchment_overlap_pct_8min": 0.0, "population_reachable_10min": 85.467187507501436, "population_additional_10min": 76.305829259791437, "existing_catchment_overlap_population_10min": 9.1613582477100177, "existing_catchment_overlap_pct_10min": 10.719152595147614, "population_reachable_12min": 145.25892964331811, "population_additional_12min": 108.33011166008737, "existing_catchment_overlap_population_12min": 36.928817983230751, "existing_catchment_overlap_pct_12min": 25.422752373233852, "nearest_official_stop_walk_network_m": 1253.2876621021389, "nearest_official_stop_cluster_id": "EX_042", "nearby_official_routes": "D184", "nearby_official_route_count": 1, "settlement_coverage_10min_count": 1, "settlement_additional_10min_count": 1, "settlement_additional_10min_names": "Cereda", "destination_coverage_10min_count": 0, "destination_additional_10min_count": 0, "destination_additional_10min_names": "", "pruned_near_existing_stop": false, "pruned_no_access_gain": false, "candidate_id": "P2S_0079", "stop_type": "PROPOSED_STOP", "physical_status": "FIELD_CHECK_PENDING", "epistemic_status": "PROPOSED_STOP/FIELD_CHECK_PENDING", "road_eligibility_status": "DERIVED_GATE_D_BUS_ELIGIBLE", "candidate_status": "HYPOTHESIS_NOT_RECOMMENDATION", "potential_interchange_with_reference_gtfs": false, "interchange_evidence_status": "DERIVED_FROM_REFERENCE_PERIOD_GTFS_PROXIMITY_NOT_CURRENT_SERVICE_GUARANTEE", "discovery_sample_spacing_m_assumption": 150.0, "candidate_pruning_radius_m_assumption": 220.0, "source_gate_b_commit": "55d726564e13acca55ce563cc911263ac513acb0", "source_gate_d_commit": "7c220f7586d0f6e5cccd14a2d518be52eb1c4a55", "PRO_COM_T": "097092", "COMUNE": "La Valletta Brianza", "municipal_2021_resident_work_commuters_context": 1796, "municipal_2021_outbound_workers_context": 1521, "od_2021_context_status": "FACT_ISTAT_2021_WORK_COMMUTING_MUNICIPAL_ONLY_NOT_STOP_DEMAND" }, "geometry": { "type": "Point", "coordinates": [ 9.37071121783347, 45.730431223677421 ] } },
{ "type": "Feature", "properties": { "osm_way_id": "28106385", "highway": "unclassified", "road_uncertainty_flags": "missing_lanes|missing_maxheight|missing_maxweight|missing_maxwidth|missing_width", "sample_index": 0, "x_utm32": 526955.26442403672, "y_utm32": 5064172.0815700982, "lon": 9.3464363588819861, "lat": 45.730579428294824, "discovery_evidence": "POP_GAP8:WP_02511|POP_GAP8:WP_02512", "discovery_seed_count": 2, "walk_graph_node_id": 1717, "walk_graph_connector_m": 9.1133238763644435, "walk_graph_connector_min": 0.11391654845455554, "walk_graph_snap_ok": true, "population_reachable_5min": 0.58470358877768036, "population_additional_5min": 0.58470358877768036, "existing_catchment_overlap_population_5min": 0.0, "existing_catchment_overlap_pct_5min": 0.0, "population_reachable_8min": 26.576904211360311, "population_additional_8min": 26.576904211360311, "existing_catchment_overlap_population_8min": 0.0, "existing_catchment_overlap_pct_8min": 0.0, "population_reachable_10min": 60.933996262636505, "population_additional_10min": 60.933996262636505, "existing_catchment_overlap_population_10min": 0.0, "existing_catchment_overlap_pct_10min": 0.0, "population_reachable_12min": 74.803854072286057, "population_additional_12min": 74.803854072286057, "existing_catchment_overlap_population_12min": 0.0, "existing_catchment_overlap_pct_12min": 0.0, "nearest_official_stop_walk_network_m": 2384.6894165163303, "nearest_official_stop_cluster_id": "EX_027", "nearby_official_routes": "D184", "nearby_official_route_count": 1, "settlement_coverage_10min_count": 0, "settlement_additional_10min_count": 0, "settlement_additional_10min_names": "", "destination_coverage_10min_count": 0, "destination_additional_10min_count": 0, "destination_additional_10min_names": "", "pruned_near_existing_stop": false, "pruned_no_access_gain": false, "candidate_id": "P2S_0080", "stop_type": "PROPOSED_STOP", "physical_status": "FIELD_CHECK_PENDING", "epistemic_status": "PROPOSED_STOP/FIELD_CHECK_PENDING", "road_eligibility_status": "DERIVED_GATE_D_BUS_ELIGIBLE", "candidate_status": "HYPOTHESIS_NOT_RECOMMENDATION", "potential_interchange_with_reference_gtfs": false, "interchange_evidence_status": "DERIVED_FROM_REFERENCE_PERIOD_GTFS_PROXIMITY_NOT_CURRENT_SERVICE_GUARANTEE", "discovery_sample_spacing_m_assumption": 150.0, "candidate_pruning_radius_m_assumption": 220.0, "source_gate_b_commit": "55d726564e13acca55ce563cc911263ac513acb0", "source_gate_d_commit": "7c220f7586d0f6e5cccd14a2d518be52eb1c4a55", "PRO_COM_T": "097092", "COMUNE": "La Valletta Brianza", "municipal_2021_resident_work_commuters_context": 1796, "municipal_2021_outbound_workers_context": 1521, "od_2021_context_status": "FACT_ISTAT_2021_WORK_COMMUTING_MUNICIPAL_ONLY_NOT_STOP_DEMAND" }, "geometry": { "type": "Point", "coordinates": [ 9.346436358881986, 45.730579428294824 ] } },
{ "type": "Feature", "properties": { "osm_way_id": "1463993526", "highway": "service", "road_uncertainty_flags": "missing_lanes|missing_maxheight|missing_maxweight|missing_maxwidth|missing_width", "sample_index": 0, "x_utm32": 532318.24027418753, "y_utm32": 5064185.1948153405, "lon": 9.4153619750742035, "lat": 45.730467669787572, "discovery_evidence": "POP_GAP8:WP_02476", "discovery_seed_count": 1, "walk_graph_node_id": 20520, "walk_graph_connector_m": 1.7925951164034701, "walk_graph_connector_min": 0.022407438955043376, "walk_graph_snap_ok": true, "population_reachable_5min": 39.098805279704045, "population_additional_5min": 39.098805279704045, "existing_catchment_overlap_population_5min": 0.0, "existing_catchment_overlap_pct_5min": 0.0, "population_reachable_8min": 125.94637640035, "population_additional_8min": 58.373089411418334, "existing_catchment_overlap_population_8min": 67.57328698893167, "existing_catchment_overlap_pct_8min": 53.652426469288947, "population_reachable_10min": 322.4960511530129, "population_additional_10min": 64.402420713095239, "existing_catchment_overlap_population_10min": 258.0936304399176, "existing_catchment_overlap_pct_10min": 80.030012620979775, "population_reachable_12min": 609.13879630192309, "population_additional_12min": 29.40101179483452, "existing_catchment_overlap_population_12min": 579.73778450708846, "existing_catchment_overlap_pct_12min": 95.173347688026439, "nearest_official_stop_walk_network_m": 918.9250645325111, "nearest_official_stop_cluster_id": "EX_016", "nearby_official_routes": "D185", "nearby_official_route_count": 1, "settlement_coverage_10min_count": 0, "settlement_additional_10min_count": 0, "settlement_additional_10min_names": "", "destination_coverage_10min_count": 0, "destination_additional_10min_count": 0, "destination_additional_10min_names": "", "pruned_near_existing_stop": false, "pruned_no_access_gain": false, "candidate_id": "P2S_0081", "stop_type": "PROPOSED_STOP", "physical_status": "FIELD_CHECK_PENDING", "epistemic_status": "PROPOSED_STOP/FIELD_CHECK_PENDING", "road_eligibility_status": "DERIVED_GATE_D_BUS_ELIGIBLE", "candidate_status": "HYPOTHESIS_NOT_RECOMMENDATION", "potential_interchange_with_reference_gtfs": false, "interchange_evidence_status": "DERIVED_FROM_REFERENCE_PERIOD_GTFS_PROXIMITY_NOT_CURRENT_SERVICE_GUARANTEE", "discovery_sample_spacing_m_assumption": 150.0, "candidate_pruning_radius_m_assumption": 220.0, "source_gate_b_commit": "55d726564e13acca55ce563cc911263ac513acb0", "source_gate_d_commit": "7c220f7586d0f6e5cccd14a2d518be52eb1c4a55", "PRO_COM_T": "097012", "COMUNE": "Calco", "municipal_2021_resident_work_commuters_context": 2173, "municipal_2021_outbound_workers_context": 1894, "od_2021_context_status": "FACT_ISTAT_2021_WORK_COMMUTING_MUNICIPAL_ONLY_NOT_STOP_DEMAND" }, "geometry": { "type": "Point", "coordinates": [ 9.415361975074203, 45.730467669787572 ] } },
{ "type": "Feature", "properties": { "osm_way_id": "1430856285", "highway": "service", "road_uncertainty_flags": "missing_lanes|missing_maxheight|missing_maxweight|missing_maxwidth|missing_width", "sample_index": 1, "x_utm32": 529739.42848909739, "y_utm32": 5064191.5521968342, "lon": 9.3822196186715985, "lat": 45.730640573084244, "discovery_evidence": "POP_GAP8:WP_02450|POP_GAP8:WP_02451|POP_GAP8:WP_02553", "discovery_seed_count": 3, "walk_graph_node_id": 10863, "walk_graph_connector_m": 4.9092171084429781, "walk_graph_connector_min": 0.061365213855537226, "walk_graph_snap_ok": true, "population_reachable_5min": 137.49730479071329, "population_additional_5min": 137.49730479071329, "existing_catchment_overlap_population_5min": 0.0, "existing_catchment_overlap_pct_5min": 0.0, "population_reachable_8min": 243.66809768902806, "population_additional_8min": 243.5894148546532, "existing_catchment_overlap_population_8min": 0.078682834374823998, "existing_catchment_overlap_pct_8min": 0.032290987257281384, "population_reachable_10min": 394.17316096323822, "population_additional_10min": 355.83057381893747, "existing_catchment_overlap_population_10min": 38.342587144300694, "existing_catchment_overlap_pct_10min": 9.727345984339264, "population_reachable_12min": 668.36172291200069, "population_additional_12min": 526.79529486455397, "existing_catchment_overlap_population_12min": 141.56642804744669, "existing_catchment_overlap_pct_12min": 21.181109449334208, "nearest_official_stop_walk_network_m": 1071.524613474917, "nearest_official_stop_cluster_id": "EX_026", "nearby_official_routes": "D184", "nearby_official_route_count": 1, "settlement_coverage_10min_count": 1, "settlement_additional_10min_count": 1, "settlement_additional_10min_names": "Sara", "destination_coverage_10min_count": 0, "destination_additional_10min_count": 0, "destination_additional_10min_names": "", "pruned_near_existing_stop": false, "pruned_no_access_gain": false, "candidate_id": "P2S_0082", "stop_type": "PROPOSED_STOP", "physical_status": "FIELD_CHECK_PENDING", "epistemic_status": "PROPOSED_STOP/FIELD_CHECK_PENDING", "road_eligibility_status": "DERIVED_GATE_D_BUS_ELIGIBLE", "candidate_status": "HYPOTHESIS_NOT_RECOMMENDATION", "potential_interchange_with_reference_gtfs": false, "interchange_evidence_status": "DERIVED_FROM_REFERENCE_PERIOD_GTFS_PROXIMITY_NOT_CURRENT_SERVICE_GUARANTEE", "discovery_sample_spacing_m_assumption": 150.0, "candidate_pruning_radius_m_assumption": 220.0, "source_gate_b_commit": "55d726564e13acca55ce563cc911263ac513acb0", "source_gate_d_commit": "7c220f7586d0f6e5cccd14a2d518be52eb1c4a55", "PRO_COM_T": "097092", "COMUNE": "La Valletta Brianza", "municipal_2021_resident_work_commuters_context": 1796, "municipal_2021_outbound_workers_context": 1521, "od_2021_context_status": "FACT_ISTAT_2021_WORK_COMMUTING_MUNICIPAL_ONLY_NOT_STOP_DEMAND" }, "geometry": { "type": "Point", "coordinates": [ 9.382219618671598, 45.730640573084244 ] } },
{ "type": "Feature", "properties": { "osm_way_id": "48540240", "highway": "primary", "road_uncertainty_flags": "missing_maxheight|missing_maxweight|missing_maxwidth|missing_width", "sample_index": 5, "x_utm32": 530669.52171252633, "y_utm32": 5064207.5555963973, "lon": 9.3941741740770937, "lat": 45.730743997761898, "discovery_evidence": "POP_GAP8:WP_02368|POP_GAP8:WP_02369|POP_GAP8:WP_02566|POP_GAP8:WP_02567|POP_GAP8:WP_02667", "discovery_seed_count": 5, "walk_graph_node_id": 14771, "walk_graph_connector_m": 34.534640823081574, "walk_graph_connector_min": 0.43168301028851969, "walk_graph_snap_ok": true, "population_reachable_5min": 72.474092624557144, "population_additional_5min": 0.75963953814704843, "existing_catchment_overlap_population_5min": 71.714453086410089, "existing_catchment_overlap_pct_5min": 98.951846776361492, "population_reachable_8min": 305.81060581800261, "population_additional_8min": 0.1932656984113757, "existing_catchment_overlap_population_8min": 305.61734011959118, "existing_catchment_overlap_pct_8min": 99.936802159658768, "population_reachable_10min": 838.93688275098793, "population_additional_10min": 0.085621504428393905, "existing_catchment_overlap_population_10min": 838.85126124655949, "existing_catchment_overlap_pct_10min": 99.989794046943359, "population_reachable_12min": 1344.9359698433113, "population_additional_12min": 0.0, "existing_catchment_overlap_population_12min": 1344.9359698433113, "existing_catchment_overlap_pct_12min": 100.0, "nearest_official_stop_walk_network_m": 314.23520867496012, "nearest_official_stop_cluster_id": "EX_023", "nearby_official_routes": "D184", "nearby_official_route_count": 1, "settlement_coverage_10min_count": 1, "settlement_additional_10min_count": 0, "settlement_additional_10min_names": "", "destination_coverage_10min_count": 1, "destination_additional_10min_count": 0, "destination_additional_10min_names": "", "pruned_near_existing_stop": false, "pruned_no_access_gain": false, "candidate_id": "P2S_0083", "stop_type": "PROPOSED_STOP", "physical_status": "FIELD_CHECK_PENDING", "epistemic_status": "PROPOSED_STOP/FIELD_CHECK_PENDING", "road_eligibility_status": "DERIVED_GATE_D_BUS_ELIGIBLE", "candidate_status": "HYPOTHESIS_NOT_RECOMMENDATION", "potential_interchange_with_reference_gtfs": false, "interchange_evidence_status": "DERIVED_FROM_REFERENCE_PERIOD_GTFS_PROXIMITY_NOT_CURRENT_SERVICE_GUARANTEE", "discovery_sample_spacing_m_assumption": 150.0, "candidate_pruning_radius_m_assumption": 220.0, "source_gate_b_commit": "55d726564e13acca55ce563cc911263ac513acb0", "source_gate_d_commit": "7c220f7586d0f6e5cccd14a2d518be52eb1c4a55", "PRO_COM_T": "097058", "COMUNE": "Olgiate Molgora", "municipal_2021_resident_work_commuters_context": 2287, "municipal_2021_outbound_workers_context": 1961, "od_2021_context_status": "FACT_ISTAT_2021_WORK_COMMUTING_MUNICIPAL_ONLY_NOT_STOP_DEMAND" }, "geometry": { "type": "Point", "coordinates": [ 9.394174174077094, 45.730743997761898 ] } },
{ "type": "Feature", "properties": { "osm_way_id": "1455816327", "highway": "residential", "road_uncertainty_flags": "missing_lanes|missing_maxheight|missing_maxweight|missing_maxwidth|missing_width", "sample_index": 0, "x_utm32": 528142.16512384627, "y_utm32": 5064230.1270403368, "lon": 9.3616937999865133, "lat": 45.731054600010019, "discovery_evidence": "POP_GAP8:WP_02426|POP_GAP8:WP_02427|POP_GAP8:WP_02530|POP_GAP8:WP_02531", "discovery_seed_count": 4, "walk_graph_node_id": 4240, "walk_graph_connector_m": 4.110378809037412, "walk_graph_connector_min": 0.051379735112967652, "walk_graph_snap_ok": true, "population_reachable_5min": 36.255614080351847, "population_additional_5min": 36.255614080351847, "existing_catchment_overlap_population_5min": 0.0, "existing_catchment_overlap_pct_5min": 0.0, "population_reachable_8min": 110.91002515290398, "population_additional_8min": 110.91002515290398, "existing_catchment_overlap_population_8min": 0.0, "existing_catchment_overlap_pct_8min": 0.0, "population_reachable_10min": 174.1096140399506, "population_additional_10min": 174.1096140399506, "existing_catchment_overlap_population_10min": 0.0, "existing_catchment_overlap_pct_10min": 0.0, "population_reachable_12min": 260.13565760258194, "population_additional_12min": 259.3210069887046, "existing_catchment_overlap_population_12min": 0.81465061387739834, "existing_catchment_overlap_pct_12min": 0.31316376285559733, "nearest_official_stop_walk_network_m": 1377.4148167668545, "nearest_official_stop_cluster_id": "EX_027", "nearby_official_routes": "D184", "nearby_official_route_count": 1, "settlement_coverage_10min_count": 3, "settlement_additional_10min_count": 3, "settlement_additional_10min_names": "Bernaga inferiore|Campo|Pianello", "destination_coverage_10min_count": 0, "destination_additional_10min_count": 0, "destination_additional_10min_names": "", "pruned_near_existing_stop": false, "pruned_no_access_gain": false, "candidate_id": "P2S_0084", "stop_type": "PROPOSED_STOP", "physical_status": "FIELD_CHECK_PENDING", "epistemic_status": "PROPOSED_STOP/FIELD_CHECK_PENDING", "road_eligibility_status": "DERIVED_GATE_D_BUS_ELIGIBLE", "candidate_status": "HYPOTHESIS_NOT_RECOMMENDATION", "potential_interchange_with_reference_gtfs": false, "interchange_evidence_status": "DERIVED_FROM_REFERENCE_PERIOD_GTFS_PROXIMITY_NOT_CURRENT_SERVICE_GUARANTEE", "discovery_sample_spacing_m_assumption": 150.0, "candidate_pruning_radius_m_assumption": 220.0, "source_gate_b_commit": "55d726564e13acca55ce563cc911263ac513acb0", "source_gate_d_commit": "7c220f7586d0f6e5cccd14a2d518be52eb1c4a55", "PRO_COM_T": "097092", "COMUNE": "La Valletta Brianza", "municipal_2021_resident_work_commuters_context": 1796, "municipal_2021_outbound_workers_context": 1521, "od_2021_context_status": "FACT_ISTAT_2021_WORK_COMMUTING_MUNICIPAL_ONLY_NOT_STOP_DEMAND" }, "geometry": { "type": "Point", "coordinates": [ 9.361693799986513, 45.731054600010019 ] } },
{ "type": "Feature", "properties": { "osm_way_id": "83061924", "highway": "residential", "road_uncertainty_flags": "missing_lanes|missing_maxheight|missing_maxweight|missing_maxwidth|missing_width", "sample_index": 1, "x_utm32": 534715.79464893567, "y_utm32": 5064247.6668237774, "lon": 9.4461795002231028, "lat": 45.730913772819342, "discovery_evidence": "POP_GAP8:WP_02510|POP_GAP8:WP_02612|POP_GAP8:WP_02613", "discovery_seed_count": 3, "walk_graph_node_id": 27402, "walk_graph_connector_m": 2.4802729686940257, "walk_graph_connector_min": 0.03100341210867532, "walk_graph_snap_ok": true, "population_reachable_5min": 4.1272131857861503, "population_additional_5min": 4.1272131857861503, "existing_catchment_overlap_population_5min": 0.0, "existing_catchment_overlap_pct_5min": 0.0, "population_reachable_8min": 15.275610986832957, "population_additional_8min": 15.275610986832957, "existing_catchment_overlap_population_8min": 0.0, "existing_catchment_overlap_pct_8min": 0.0, "population_reachable_10min": 29.440704722765012, "population_additional_10min": 15.700300847979832, "existing_catchment_overlap_population_10min": 13.74040387478518, "existing_catchment_overlap_pct_10min": 46.671450307235403, "population_reachable_12min": 238.59149525526101, "population_additional_12min": 26.898911242942091, "existing_catchment_overlap_population_12min": 211.69258401231895, "existing_catchment_overlap_pct_12min": 88.725955544155582, "nearest_official_stop_walk_network_m": 1119.7772254044837, "nearest_official_stop_cluster_id": "EX_015", "nearby_official_routes": "D150|D170", "nearby_official_route_count": 2, "settlement_coverage_10min_count": 0, "settlement_additional_10min_count": 0, "settlement_additional_10min_names": "", "destination_coverage_10min_count": 0, "destination_additional_10min_count": 0, "destination_additional_10min_names": "", "pruned_near_existing_stop": false, "pruned_no_access_gain": false, "candidate_id": "P2S_0085", "stop_type": "PROPOSED_STOP", "physical_status": "FIELD_CHECK_PENDING", "epistemic_status": "PROPOSED_STOP/FIELD_CHECK_PENDING", "road_eligibility_status": "DERIVED_GATE_D_BUS_ELIGIBLE", "candidate_status": "HYPOTHESIS_NOT_RECOMMENDATION", "potential_interchange_with_reference_gtfs": false, "interchange_evidence_status": "DERIVED_FROM_REFERENCE_PERIOD_GTFS_PROXIMITY_NOT_CURRENT_SERVICE_GUARANTEE", "discovery_sample_spacing_m_assumption": 150.0, "candidate_pruning_radius_m_assumption": 220.0, "source_gate_b_commit": "55d726564e13acca55ce563cc911263ac513acb0", "source_gate_d_commit": "7c220f7586d0f6e5cccd14a2d518be52eb1c4a55", "PRO_COM_T": "097012", "COMUNE": "Calco", "municipal_2021_resident_work_commuters_context": 2173, "municipal_2021_outbound_workers_context": 1894, "od_2021_context_status": "FACT_ISTAT_2021_WORK_COMMUTING_MUNICIPAL_ONLY_NOT_STOP_DEMAND" }, "geometry": { "type": "Point", "coordinates": [ 9.446179500223103, 45.730913772819342 ] } },
{ "type": "Feature", "properties": { "osm_way_id": "240048815", "highway": "residential", "road_uncertainty_flags": "missing_lanes|missing_maxheight|missing_maxweight|missing_maxwidth|missing_width", "sample_index": 0, "x_utm32": 531209.19463965902, "y_utm32": 5064254.5835110657, "lon": 9.4011130771891764, "lat": 45.731143135208505, "discovery_evidence": "POP_GAP8:WP_02374", "discovery_seed_count": 1, "walk_graph_node_id": 16992, "walk_graph_connector_m": 45.507081649148155, "walk_graph_connector_min": 0.56883852061435192, "walk_graph_snap_ok": true, "population_reachable_5min": 108.19964553699485, "population_additional_5min": 56.433451092678752, "existing_catchment_overlap_population_5min": 51.766194444316099, "existing_catchment_overlap_pct_5min": 47.84321999152629, "population_reachable_8min": 487.00565489191632, "population_additional_8min": 0.88792186601181322, "existing_catchment_overlap_population_8min": 486.1177330259045, "existing_catchment_overlap_pct_8min": 99.817677298591363, "population_reachable_10min": 1087.6777407103114, "population_additional_10min": 0.40625449261017782, "existing_catchment_overlap_population_10min": 1087.2714862177011, "existing_catchment_overlap_pct_10min": 99.962649369624415, "population_reachable_12min": 1704.7773818808382, "population_additional_12min": 0.17282775640615089, "existing_catchment_overlap_population_12min": 1704.6045541244321, "existing_catchment_overlap_pct_12min": 99.98986215102083, "nearest_official_stop_walk_network_m": 627.71999038247702, "nearest_official_stop_cluster_id": "EX_039", "nearby_official_routes": "D184|D185", "nearby_official_route_count": 2, "settlement_coverage_10min_count": 1, "settlement_additional_10min_count": 0, "settlement_additional_10min_names": "", "destination_coverage_10min_count": 4, "destination_additional_10min_count": 0, "destination_additional_10min_names": "", "pruned_near_existing_stop": false, "pruned_no_access_gain": false, "candidate_id": "P2S_0086", "stop_type": "PROPOSED_STOP", "physical_status": "FIELD_CHECK_PENDING", "epistemic_status": "PROPOSED_STOP/FIELD_CHECK_PENDING", "road_eligibility_status": "DERIVED_GATE_D_BUS_ELIGIBLE", "candidate_status": "HYPOTHESIS_NOT_RECOMMENDATION", "potential_interchange_with_reference_gtfs": false, "interchange_evidence_status": "DERIVED_FROM_REFERENCE_PERIOD_GTFS_PROXIMITY_NOT_CURRENT_SERVICE_GUARANTEE", "discovery_sample_spacing_m_assumption": 150.0, "candidate_pruning_radius_m_assumption": 220.0, "source_gate_b_commit": "55d726564e13acca55ce563cc911263ac513acb0", "source_gate_d_commit": "7c220f7586d0f6e5cccd14a2d518be52eb1c4a55", "PRO_COM_T": "097058", "COMUNE": "Olgiate Molgora", "municipal_2021_resident_work_commuters_context": 2287, "municipal_2021_outbound_workers_context": 1961, "od_2021_context_status": "FACT_ISTAT_2021_WORK_COMMUTING_MUNICIPAL_ONLY_NOT_STOP_DEMAND" }, "geometry": { "type": "Point", "coordinates": [ 9.401113077189176, 45.731143135208505 ] } },
{ "type": "Feature", "properties": { "osm_way_id": "1430856284", "highway": "service", "road_uncertainty_flags": "missing_lanes|missing_maxheight|missing_maxweight|missing_maxwidth|missing_width", "sample_index": 0, "x_utm32": 529116.0148789013, "y_utm32": 5064261.1962214606, "lon": 9.374211689600056, "lat": 45.731293932422012, "discovery_evidence": "POP_GAP8:WP_02351|POP_GAP8:WP_02352|POP_GAP8:WP_02440|POP_GAP8:WP_02441|POP_GAP8:WP_02442", "discovery_seed_count": 5, "walk_graph_node_id": 7892, "walk_graph_connector_m": 8.5896725387843968, "walk_graph_connector_min": 0.10737090673480496, "walk_graph_snap_ok": true, "population_reachable_5min": 72.65045443227676, "population_additional_5min": 72.65045443227676, "existing_catchment_overlap_population_5min": 0.0, "existing_catchment_overlap_pct_5min": 0.0, "population_reachable_8min": 513.31595993661142, "population_additional_8min": 340.11176906450493, "existing_catchment_overlap_population_8min": 173.20419087210652, "existing_catchment_overlap_pct_8min": 33.742218124972233, "population_reachable_10min": 887.03935493247218, "population_additional_10min": 347.70410154190341, "existing_catchment_overlap_population_10min": 539.3352533905686, "existing_catchment_overlap_pct_10min": 60.80172772397755, "population_reachable_12min": 1103.3920605124115, "population_additional_12min": 371.61610297825234, "existing_catchment_overlap_population_12min": 731.77595753415903, "existing_catchment_overlap_pct_12min": 66.32057486387248, "nearest_official_stop_walk_network_m": 944.33039579929743, "nearest_official_stop_cluster_id": "EX_042", "nearby_official_routes": "D184", "nearby_official_route_count": 1, "settlement_coverage_10min_count": 3, "settlement_additional_10min_count": 3, "settlement_additional_10min_names": "Cereda|Crescenzaga|Sara", "destination_coverage_10min_count": 0, "destination_additional_10min_count": 0, "destination_additional_10min_names": "", "pruned_near_existing_stop": false, "pruned_no_access_gain": false, "candidate_id": "P2S_0087", "stop_type": "PROPOSED_STOP", "physical_status": "FIELD_CHECK_PENDING", "epistemic_status": "PROPOSED_STOP/FIELD_CHECK_PENDING", "road_eligibility_status": "DERIVED_GATE_D_BUS_ELIGIBLE", "candidate_status": "HYPOTHESIS_NOT_RECOMMENDATION", "potential_interchange_with_reference_gtfs": false, "interchange_evidence_status": "DERIVED_FROM_REFERENCE_PERIOD_GTFS_PROXIMITY_NOT_CURRENT_SERVICE_GUARANTEE", "discovery_sample_spacing_m_assumption": 150.0, "candidate_pruning_radius_m_assumption": 220.0, "source_gate_b_commit": "55d726564e13acca55ce563cc911263ac513acb0", "source_gate_d_commit": "7c220f7586d0f6e5cccd14a2d518be52eb1c4a55", "PRO_COM_T": "097092", "COMUNE": "La Valletta Brianza", "municipal_2021_resident_work_commuters_context": 1796, "municipal_2021_outbound_workers_context": 1521, "od_2021_context_status": "FACT_ISTAT_2021_WORK_COMMUTING_MUNICIPAL_ONLY_NOT_STOP_DEMAND" }, "geometry": { "type": "Point", "coordinates": [ 9.374211689600056, 45.731293932422012 ] } },
{ "type": "Feature", "properties": { "osm_way_id": "432726032", "highway": "unclassified", "road_uncertainty_flags": "missing_lanes|missing_maxheight|missing_maxweight|missing_maxwidth|missing_width", "sample_index": 2, "x_utm32": 533205.16316610028, "y_utm32": 5064266.0528291324, "lon": 9.4267661540005374, "lat": 45.731153425594577, "discovery_evidence": "POP_GAP8:WP_02388|POP_GAP8:WP_02389|POP_GAP8:WP_02390|POP_GAP8:WP_02391|POP_GAP8:WP_02392|POP_GAP8:WP_02486|POP_GAP8:WP_02487|POP_GAP8:WP_02488|POP_GAP8:WP_02489|POP_GAP8:WP_02490|POP_GAP8:WP_02491|POP_GAP8:WP_02588|POP_GAP8:WP_02589|POP_GAP8:WP_02590|POP_GAP8:WP_02591|POP_GAP8:WP_02689|POP_GAP8:WP_02690|POP_GAP8:WP_02691", "discovery_seed_count": 18, "walk_graph_node_id": 23130, "walk_graph_connector_m": 16.567334051241914, "walk_graph_connector_min": 0.20709167564052394, "walk_graph_snap_ok": true, "population_reachable_5min": 0.54548895461195368, "population_additional_5min": 0.54548895461195368, "existing_catchment_overlap_population_5min": 0.0, "existing_catchment_overlap_pct_5min": 0.0, "population_reachable_8min": 88.73010839793389, "population_additional_8min": 22.43911793496288, "existing_catchment_overlap_population_8min": 66.290990462970996, "existing_catchment_overlap_pct_8min": 74.710818751253328, "population_reachable_10min": 344.03766128609516, "population_additional_10min": 0.67998105726104174, "existing_catchment_overlap_population_10min": 343.357680228834, "existing_catchment_overlap_pct_10min": 99.802352726524418, "population_reachable_12min": 597.53056716434673, "population_additional_12min": 0.48108301231767953, "existing_catchment_overlap_population_12min": 597.04948415202909, "existing_catchment_overlap_pct_12min": 99.919488133535879, "nearest_official_stop_walk_network_m": 844.28610654479974, "nearest_official_stop_cluster_id": "EX_012", "nearby_official_routes": "D150|D185", "nearby_official_route_count": 2, "settlement_coverage_10min_count": 0, "settlement_additional_10min_count": 0, "settlement_additional_10min_names": "", "destination_coverage_10min_count": 0, "destination_additional_10min_count": 0, "destination_additional_10min_names": "", "pruned_near_existing_stop": false, "pruned_no_access_gain": false, "candidate_id": "P2S_0088", "stop_type": "PROPOSED_STOP", "physical_status": "FIELD_CHECK_PENDING", "epistemic_status": "PROPOSED_STOP/FIELD_CHECK_PENDING", "road_eligibility_status": "DERIVED_GATE_D_BUS_ELIGIBLE", "candidate_status": "HYPOTHESIS_NOT_RECOMMENDATION", "potential_interchange_with_reference_gtfs": false, "interchange_evidence_status": "DERIVED_FROM_REFERENCE_PERIOD_GTFS_PROXIMITY_NOT_CURRENT_SERVICE_GUARANTEE", "discovery_sample_spacing_m_assumption": 150.0, "candidate_pruning_radius_m_assumption": 220.0, "source_gate_b_commit": "55d726564e13acca55ce563cc911263ac513acb0", "source_gate_d_commit": "7c220f7586d0f6e5cccd14a2d518be52eb1c4a55", "PRO_COM_T": "097010", "COMUNE": "Brivio", "municipal_2021_resident_work_commuters_context": 1662, "municipal_2021_outbound_workers_context": 1339, "od_2021_context_status": "FACT_ISTAT_2021_WORK_COMMUTING_MUNICIPAL_ONLY_NOT_STOP_DEMAND" }, "geometry": { "type": "Point", "coordinates": [ 9.426766154000537, 45.731153425594577 ] } },
{ "type": "Feature", "properties": { "osm_way_id": "704864561", "highway": "primary", "road_uncertainty_flags": "missing_maxheight|missing_maxweight|missing_maxwidth|missing_width", "sample_index": 0, "x_utm32": 532645.97288279131, "y_utm32": 5064281.7694957675, "lon": 9.419580470317916, "lat": 45.731321502630372, "discovery_evidence": "POP_GAP8:WP_02481", "discovery_seed_count": 1, "walk_graph_node_id": 21512, "walk_graph_connector_m": 8.5640753331361577, "walk_graph_connector_min": 0.10705094166420197, "walk_graph_snap_ok": true, "population_reachable_5min": 436.38731188131965, "population_additional_5min": 271.09857965451533, "existing_catchment_overlap_population_5min": 165.2887322268044, "existing_catchment_overlap_pct_5min": 37.876612753524903, "population_reachable_8min": 702.66095448264753, "population_additional_8min": 136.49428900915444, "existing_catchment_overlap_population_8min": 566.16666547349303, "existing_catchment_overlap_pct_8min": 80.574658640360624, "population_reachable_10min": 1042.9680417744353, "population_additional_10min": 115.97436677300115, "existing_catchment_overlap_population_10min": 926.99367500143421, "existing_catchment_overlap_pct_10min": 88.880352788596468, "population_reachable_12min": 1723.8224343397019, "population_additional_12min": 29.743303473665307, "existing_catchment_overlap_population_12min": 1694.0791308660362, "existing_catchment_overlap_pct_12min": 98.274572665887206, "nearest_official_stop_walk_network_m": 283.50410225375254, "nearest_official_stop_cluster_id": "EX_016", "nearby_official_routes": "D185", "nearby_official_route_count": 1, "settlement_coverage_10min_count": 1, "settlement_additional_10min_count": 0, "settlement_additional_10min_names": "", "destination_coverage_10min_count": 0, "destination_additional_10min_count": 0, "destination_additional_10min_names": "", "pruned_near_existing_stop": false, "pruned_no_access_gain": false, "candidate_id": "P2S_0089", "stop_type": "PROPOSED_STOP", "physical_status": "FIELD_CHECK_PENDING", "epistemic_status": "PROPOSED_STOP/FIELD_CHECK_PENDING", "road_eligibility_status": "DERIVED_GATE_D_BUS_ELIGIBLE", "candidate_status": "HYPOTHESIS_NOT_RECOMMENDATION", "potential_interchange_with_reference_gtfs": true, "interchange_evidence_status": "DERIVED_FROM_REFERENCE_PERIOD_GTFS_PROXIMITY_NOT_CURRENT_SERVICE_GUARANTEE", "discovery_sample_spacing_m_assumption": 150.0, "candidate_pruning_radius_m_assumption": 220.0, "source_gate_b_commit": "55d726564e13acca55ce563cc911263ac513acb0", "source_gate_d_commit": "7c220f7586d0f6e5cccd14a2d518be52eb1c4a55", "PRO_COM_T": "097012", "COMUNE": "Calco", "municipal_2021_resident_work_commuters_context": 2173, "municipal_2021_outbound_workers_context": 1894, "od_2021_context_status": "FACT_ISTAT_2021_WORK_COMMUTING_MUNICIPAL_ONLY_NOT_STOP_DEMAND" }, "geometry": { "type": "Point", "coordinates": [ 9.419580470317916, 45.731321502630372 ] } },
{ "type": "Feature", "properties": { "osm_way_id": "68633659", "highway": "unclassified", "road_uncertainty_flags": "missing_maxheight|missing_maxweight|missing_maxwidth|missing_width", "sample_index": 0, "x_utm32": 527619.01888071129, "y_utm32": 5064314.4096834315, "lon": 9.3549750628479913, "lat": 45.731834281277223, "discovery_evidence": "POP_GAP8:WP_02325|POP_GAP8:WP_02326|POP_GAP8:WP_02327|POP_GAP8:WP_02328|POP_GAP8:WP_02329|POP_GAP8:WP_02415|POP_GAP8:WP_02416|POP_GAP8:WP_02417", "discovery_seed_count": 8, "walk_graph_node_id": 2823, "walk_graph_connector_m": 1.2725008553172679, "walk_graph_connector_min": 0.015906260691465848, "walk_graph_snap_ok": true, "population_reachable_5min": 95.716188219825, "population_additional_5min": 95.716188219825, "existing_catchment_overlap_population_5min": 0.0, "existing_catchment_overlap_pct_5min": 0.0, "population_reachable_8min": 155.80554786807926, "population_additional_8min": 155.80554786807926, "existing_catchment_overlap_population_8min": 0.0, "existing_catchment_overlap_pct_8min": 0.0, "population_reachable_10min": 176.81276587158459, "population_additional_10min": 176.81276587158459, "existing_catchment_overlap_population_10min": 0.0, "existing_catchment_overlap_pct_10min": 0.0, "population_reachable_12min": 199.58831822075743, "population_additional_12min": 199.58831822075743, "existing_catchment_overlap_population_12min": 0.0, "existing_catchment_overlap_pct_12min": 0.0, "nearest_official_stop_walk_network_m": 1745.4390529525967, "nearest_official_stop_cluster_id": "EX_027", "nearby_official_routes": "D184", "nearby_official_route_count": 1, "settlement_coverage_10min_count": 2, "settlement_additional_10min_count": 2, "settlement_additional_10min_names": "Bernaga inferiore|Pianello", "destination_coverage_10min_count": 0, "destination_additional_10min_count": 0, "destination_additional_10min_names": "", "pruned_near_existing_stop": false, "pruned_no_access_gain": false, "candidate_id": "P2S_0090", "stop_type": "PROPOSED_STOP", "physical_status": "FIELD_CHECK_PENDING", "epistemic_status": "PROPOSED_STOP/FIELD_CHECK_PENDING", "road_eligibility_status": "DERIVED_GATE_D_BUS_ELIGIBLE", "candidate_status": "HYPOTHESIS_NOT_RECOMMENDATION", "potential_interchange_with_reference_gtfs": false, "interchange_evidence_status": "DERIVED_FROM_REFERENCE_PERIOD_GTFS_PROXIMITY_NOT_CURRENT_SERVICE_GUARANTEE", "discovery_sample_spacing_m_assumption": 150.0, "candidate_pruning_radius_m_assumption": 220.0, "source_gate_b_commit": "55d726564e13acca55ce563cc911263ac513acb0", "source_gate_d_commit": "7c220f7586d0f6e5cccd14a2d518be52eb1c4a55", "PRO_COM_T": "097092", "COMUNE": "La Valletta Brianza", "municipal_2021_resident_work_commuters_context": 1796, "municipal_2021_outbound_workers_context": 1521, "od_2021_context_status": "FACT_ISTAT_2021_WORK_COMMUTING_MUNICIPAL_ONLY_NOT_STOP_DEMAND" }, "geometry": { "type": "Point", "coordinates": [ 9.354975062847991, 45.731834281277223 ] } },
{ "type": "Feature", "properties": { "osm_way_id": "173605021", "highway": "unclassified", "road_uncertainty_flags": "missing_lanes|missing_maxheight|missing_maxweight|missing_maxwidth|missing_width", "sample_index": 1, "x_utm32": 528335.46545260958, "y_utm32": 5064361.8730602879, "lon": 9.3641858256587156, "lat": 45.732232499781396, "discovery_evidence": "POP_GAP8:WP_02240|POP_GAP8:WP_02241|POP_GAP8:WP_02242|POP_GAP8:WP_02243|POP_GAP8:WP_02338|POP_GAP8:WP_02339|POP_GAP8:WP_02340|POP_GAP8:WP_02341|POP_GAP8:WP_02429|POP_GAP8:WP_02430|POP_GAP8:WP_02431|POP_GAP8:WP_02532|POP_GAP8:WP_02533", "discovery_seed_count": 13, "walk_graph_node_id": 4867, "walk_graph_connector_m": 16.659474262764441, "walk_graph_connector_min": 0.2082434282845555, "walk_graph_snap_ok": true, "population_reachable_5min": 1.7773815052637982, "population_additional_5min": 1.7773815052637982, "existing_catchment_overlap_population_5min": 0.0, "existing_catchment_overlap_pct_5min": 0.0, "population_reachable_8min": 83.370866323236214, "population_additional_8min": 83.370866323236214, "existing_catchment_overlap_population_8min": 0.0, "existing_catchment_overlap_pct_8min": 0.0, "population_reachable_10min": 169.28119709506703, "population_additional_10min": 169.28119709506703, "existing_catchment_overlap_population_10min": 0.0, "existing_catchment_overlap_pct_10min": 0.0, "population_reachable_12min": 224.61114314679196, "population_additional_12min": 196.18218793637311, "existing_catchment_overlap_population_12min": 28.428955210418906, "existing_catchment_overlap_pct_12min": 12.656965639429341, "nearest_official_stop_walk_network_m": 1306.148122654281, "nearest_official_stop_cluster_id": "EX_042", "nearby_official_routes": "D184", "nearby_official_route_count": 1, "settlement_coverage_10min_count": 3, "settlement_additional_10min_count": 3, "settlement_additional_10min_names": "Campo|Cereda|Pianello", "destination_coverage_10min_count": 0, "destination_additional_10min_count": 0, "destination_additional_10min_names": "", "pruned_near_existing_stop": false, "pruned_no_access_gain": false, "candidate_id": "P2S_0091", "stop_type": "PROPOSED_STOP", "physical_status": "FIELD_CHECK_PENDING", "epistemic_status": "PROPOSED_STOP/FIELD_CHECK_PENDING", "road_eligibility_status": "DERIVED_GATE_D_BUS_ELIGIBLE", "candidate_status": "HYPOTHESIS_NOT_RECOMMENDATION", "potential_interchange_with_reference_gtfs": false, "interchange_evidence_status": "DERIVED_FROM_REFERENCE_PERIOD_GTFS_PROXIMITY_NOT_CURRENT_SERVICE_GUARANTEE", "discovery_sample_spacing_m_assumption": 150.0, "candidate_pruning_radius_m_assumption": 220.0, "source_gate_b_commit": "55d726564e13acca55ce563cc911263ac513acb0", "source_gate_d_commit": "7c220f7586d0f6e5cccd14a2d518be52eb1c4a55", "PRO_COM_T": "097092", "COMUNE": "La Valletta Brianza", "municipal_2021_resident_work_commuters_context": 1796, "municipal_2021_outbound_workers_context": 1521, "od_2021_context_status": "FACT_ISTAT_2021_WORK_COMMUTING_MUNICIPAL_ONLY_NOT_STOP_DEMAND" }, "geometry": { "type": "Point", "coordinates": [ 9.364185825658716, 45.732232499781396 ] } },
{ "type": "Feature", "properties": { "osm_way_id": "173605036", "highway": "unclassified", "road_uncertainty_flags": "missing_lanes|missing_maxheight|missing_maxweight|missing_maxwidth|missing_width", "sample_index": 0, "x_utm32": 528659.30758427107, "y_utm32": 5064365.4091636706, "lon": 9.3683481781747666, "lat": 45.73225098388064, "discovery_evidence": "POP_GAP8:WP_02141|POP_GAP8:WP_02142|POP_GAP8:WP_02244|POP_GAP8:WP_02245|POP_GAP8:WP_02246|POP_GAP8:WP_02247|POP_GAP8:WP_02342|POP_GAP8:WP_02343|POP_GAP8:WP_02344", "discovery_seed_count": 9, "walk_graph_node_id": 5780, "walk_graph_connector_m": 22.729948197091026, "walk_graph_connector_min": 0.28412435246363782, "walk_graph_snap_ok": true, "population_reachable_5min": 61.009683255772529, "population_additional_5min": 61.009683255772529, "existing_catchment_overlap_population_5min": 0.0, "existing_catchment_overlap_pct_5min": 0.0, "population_reachable_8min": 106.16090154011501, "population_additional_8min": 91.121595614985864, "existing_catchment_overlap_population_8min": 15.039305925129154, "existing_catchment_overlap_pct_8min": 14.166520542825509, "population_reachable_10min": 351.67722886232463, "population_additional_10min": 84.792257228880047, "existing_catchment_overlap_population_10min": 266.88497163344459, "existing_catchment_overlap_pct_10min": 75.889181820732929, "population_reachable_12min": 629.05383480338696, "population_additional_12min": 138.66241932274554, "existing_catchment_overlap_population_12min": 490.39141548064146, "existing_catchment_overlap_pct_12min": 77.956986882357228, "nearest_official_stop_walk_network_m": 979.48136303863919, "nearest_official_stop_cluster_id": "EX_042", "nearby_official_routes": "D184", "nearby_official_route_count": 1, "settlement_coverage_10min_count": 1, "settlement_additional_10min_count": 1, "settlement_additional_10min_names": "Cereda", "destination_coverage_10min_count": 0, "destination_additional_10min_count": 0, "destination_additional_10min_names": "", "pruned_near_existing_stop": false, "pruned_no_access_gain": false, "candidate_id": "P2S_0092", "stop_type": "PROPOSED_STOP", "physical_status": "FIELD_CHECK_PENDING", "epistemic_status": "PROPOSED_STOP/FIELD_CHECK_PENDING", "road_eligibility_status": "DERIVED_GATE_D_BUS_ELIGIBLE", "candidate_status": "HYPOTHESIS_NOT_RECOMMENDATION", "potential_interchange_with_reference_gtfs": false, "interchange_evidence_status": "DERIVED_FROM_REFERENCE_PERIOD_GTFS_PROXIMITY_NOT_CURRENT_SERVICE_GUARANTEE", "discovery_sample_spacing_m_assumption": 150.0, "candidate_pruning_radius_m_assumption": 220.0, "source_gate_b_commit": "55d726564e13acca55ce563cc911263ac513acb0", "source_gate_d_commit": "7c220f7586d0f6e5cccd14a2d518be52eb1c4a55", "PRO_COM_T": "097092", "COMUNE": "La Valletta Brianza", "municipal_2021_resident_work_commuters_context": 1796, "municipal_2021_outbound_workers_context": 1521, "od_2021_context_status": "FACT_ISTAT_2021_WORK_COMMUTING_MUNICIPAL_ONLY_NOT_STOP_DEMAND" }, "geometry": { "type": "Point", "coordinates": [ 9.368348178174767, 45.73225098388064 ] } },
{ "type": "Feature", "properties": { "osm_way_id": "191456223", "highway": "unclassified", "road_uncertainty_flags": "missing_lanes|missing_maxheight|missing_maxweight|missing_maxwidth|missing_width", "sample_index": 0, "x_utm32": 527062.83328757237, "y_utm32": 5064373.9253909113, "lon": 9.3478301144587057, "lat": 45.73239194411677, "discovery_evidence": "POP_GAP8:WP_02220|POP_GAP8:WP_02221|POP_GAP8:WP_02222|POP_GAP8:WP_02223|POP_GAP8:WP_02224|POP_GAP8:WP_02319|POP_GAP8:WP_02320", "discovery_seed_count": 7, "walk_graph_node_id": 1888, "walk_graph_connector_m": 3.0826707682390677, "walk_graph_connector_min": 0.038533384602988344, "walk_graph_snap_ok": true, "population_reachable_5min": 41.86647708500022, "population_additional_5min": 41.86647708500022, "existing_catchment_overlap_population_5min": 0.0, "existing_catchment_overlap_pct_5min": 0.0, "population_reachable_8min": 73.051862600088342, "population_additional_8min": 73.051862600088342, "existing_catchment_overlap_population_8min": 0.0, "existing_catchment_overlap_pct_8min": 0.0, "population_reachable_10min": 74.995104893757713, "population_additional_10min": 74.995104893757713, "existing_catchment_overlap_population_10min": 0.0, "existing_catchment_overlap_pct_10min": 0.0, "population_reachable_12min": 76.468654351172859, "population_additional_12min": 76.468654351172859, "existing_catchment_overlap_population_12min": 0.0, "existing_catchment_overlap_pct_12min": 0.0, "nearest_official_stop_walk_network_m": 2083.5039114730389, "nearest_official_stop_cluster_id": "EX_027", "nearby_official_routes": "D184", "nearby_official_route_count": 1, "settlement_coverage_10min_count": 0, "settlement_additional_10min_count": 0, "settlement_additional_10min_names": "", "destination_coverage_10min_count": 0, "destination_additional_10min_count": 0, "destination_additional_10min_names": "", "pruned_near_existing_stop": false, "pruned_no_access_gain": false, "candidate_id": "P2S_0093", "stop_type": "PROPOSED_STOP", "physical_status": "FIELD_CHECK_PENDING", "epistemic_status": "PROPOSED_STOP/FIELD_CHECK_PENDING", "road_eligibility_status": "DERIVED_GATE_D_BUS_ELIGIBLE", "candidate_status": "HYPOTHESIS_NOT_RECOMMENDATION", "potential_interchange_with_reference_gtfs": false, "interchange_evidence_status": "DERIVED_FROM_REFERENCE_PERIOD_GTFS_PROXIMITY_NOT_CURRENT_SERVICE_GUARANTEE", "discovery_sample_spacing_m_assumption": 150.0, "candidate_pruning_radius_m_assumption": 220.0, "source_gate_b_commit": "55d726564e13acca55ce563cc911263ac513acb0", "source_gate_d_commit": "7c220f7586d0f6e5cccd14a2d518be52eb1c4a55", "PRO_COM_T": "097092", "COMUNE": "La Valletta Brianza", "municipal_2021_resident_work_commuters_context": 1796, "municipal_2021_outbound_workers_context": 1521, "od_2021_context_status": "FACT_ISTAT_2021_WORK_COMMUTING_MUNICIPAL_ONLY_NOT_STOP_DEMAND" }, "geometry": { "type": "Point", "coordinates": [ 9.347830114458706, 45.73239194411677 ] } },
{ "type": "Feature", "properties": { "osm_way_id": "217453565", "highway": "residential", "road_uncertainty_flags": "missing_lanes|missing_maxheight|missing_maxweight|missing_maxwidth|missing_width", "sample_index": 0, "x_utm32": 534520.35202467185, "y_utm32": 5064388.5467548938, "lon": 9.4436777196624604, "lat": 45.732191544152251, "discovery_evidence": "POP_GAP8:WP_02216|POP_GAP8:WP_02316|POP_GAP8:WP_02317|POP_GAP8:WP_02318|POP_GAP8:WP_02509|POP_GAP8:WP_02510", "discovery_seed_count": 6, "walk_graph_node_id": 26775, "walk_graph_connector_m": 14.286733796744731, "walk_graph_connector_min": 0.17858417245930913, "walk_graph_snap_ok": true, "population_reachable_5min": 7.0705154869939273, "population_additional_5min": 7.0705154869939273, "existing_catchment_overlap_population_5min": 0.0, "existing_catchment_overlap_pct_5min": 0.0, "population_reachable_8min": 62.615130908662451, "population_additional_8min": 62.615130908662451, "existing_catchment_overlap_population_8min": 0.0, "existing_catchment_overlap_pct_8min": 0.0, "population_reachable_10min": 113.67741958043467, "population_additional_10min": 60.481137121416317, "existing_catchment_overlap_population_10min": 53.196282459018363, "existing_catchment_overlap_pct_10min": 46.795821593556056, "population_reachable_12min": 245.27041540388166, "population_additional_12min": 44.016924060527579, "existing_catchment_overlap_population_12min": 201.25349134335403, "existing_catchment_overlap_pct_12min": 82.053716512019648, "nearest_official_stop_walk_network_m": 1147.3259118548669, "nearest_official_stop_cluster_id": "EX_015", "nearby_official_routes": "D150|D170", "nearby_official_route_count": 2, "settlement_coverage_10min_count": 0, "settlement_additional_10min_count": 0, "settlement_additional_10min_names": "", "destination_coverage_10min_count": 0, "destination_additional_10min_count": 0, "destination_additional_10min_names": "", "pruned_near_existing_stop": false, "pruned_no_access_gain": false, "candidate_id": "P2S_0094", "stop_type": "PROPOSED_STOP", "physical_status": "FIELD_CHECK_PENDING", "epistemic_status": "PROPOSED_STOP/FIELD_CHECK_PENDING", "road_eligibility_status": "DERIVED_GATE_D_BUS_ELIGIBLE", "candidate_status": "HYPOTHESIS_NOT_RECOMMENDATION", "potential_interchange_with_reference_gtfs": false, "interchange_evidence_status": "DERIVED_FROM_REFERENCE_PERIOD_GTFS_PROXIMITY_NOT_CURRENT_SERVICE_GUARANTEE", "discovery_sample_spacing_m_assumption": 150.0, "candidate_pruning_radius_m_assumption": 220.0, "source_gate_b_commit": "55d726564e13acca55ce563cc911263ac513acb0", "source_gate_d_commit": "7c220f7586d0f6e5cccd14a2d518be52eb1c4a55", "PRO_COM_T": "097010", "COMUNE": "Brivio", "municipal_2021_resident_work_commuters_context": 1662, "municipal_2021_outbound_workers_context": 1339, "od_2021_context_status": "FACT_ISTAT_2021_WORK_COMMUTING_MUNICIPAL_ONLY_NOT_STOP_DEMAND" }, "geometry": { "type": "Point", "coordinates": [ 9.44367771966246, 45.732191544152251 ] } },
{ "type": "Feature", "properties": { "osm_way_id": "48540216", "highway": "residential", "road_uncertainty_flags": "missing_maxheight|missing_maxweight|missing_maxwidth|missing_width", "sample_index": 1, "x_utm32": 530853.61588891014, "y_utm32": 5064398.4156305222, "lon": 9.3965523094218426, "lat": 45.732453656431055, "discovery_evidence": "POP_GAP8:WP_02175|POP_GAP8:WP_02176|POP_GAP8:WP_02177|POP_GAP8:WP_02275|POP_GAP8:WP_02370|POP_GAP8:WP_02371", "discovery_seed_count": 6, "walk_graph_node_id": 15671, "walk_graph_connector_m": 0.55248033429227927, "walk_graph_connector_min": 0.0069060041786534907, "walk_graph_snap_ok": true, "population_reachable_5min": 71.305194700681156, "population_additional_5min": 71.202769184717923, "existing_catchment_overlap_population_5min": 0.1024255159632381, "existing_catchment_overlap_pct_5min": 0.14364383463672059, "population_reachable_8min": 309.17872945021276, "population_additional_8min": 145.19254501832705, "existing_catchment_overlap_population_8min": 163.98618443188576, "existing_catchment_overlap_pct_8min": 53.039284016558632, "population_reachable_10min": 569.44951023607064, "population_additional_10min": 147.17281479008889, "existing_catchment_overlap_population_10min": 422.27669544598177, "existing_catchment_overlap_pct_10min": 74.15524780606502, "population_reachable_12min": 1118.9250764404951, "population_additional_12min": 55.932716241037006, "existing_catchment_overlap_population_12min": 1062.9923601994583, "existing_catchment_overlap_pct_12min": 95.001209873768403, "nearest_official_stop_walk_network_m": 672.51837600208682, "nearest_official_stop_cluster_id": "EX_018", "nearby_official_routes": "D148", "nearby_official_route_count": 1, "settlement_coverage_10min_count": 2, "settlement_additional_10min_count": 1, "settlement_additional_10min_names": "Bruggione", "destination_coverage_10min_count": 1, "destination_additional_10min_count": 0, "destination_additional_10min_names": "", "pruned_near_existing_stop": false, "pruned_no_access_gain": false, "candidate_id": "P2S_0095", "stop_type": "PROPOSED_STOP", "physical_status": "FIELD_CHECK_PENDING", "epistemic_status": "PROPOSED_STOP/FIELD_CHECK_PENDING", "road_eligibility_status": "DERIVED_GATE_D_BUS_ELIGIBLE", "candidate_status": "HYPOTHESIS_NOT_RECOMMENDATION", "potential_interchange_with_reference_gtfs": false, "interchange_evidence_status": "DERIVED_FROM_REFERENCE_PERIOD_GTFS_PROXIMITY_NOT_CURRENT_SERVICE_GUARANTEE", "discovery_sample_spacing_m_assumption": 150.0, "candidate_pruning_radius_m_assumption": 220.0, "source_gate_b_commit": "55d726564e13acca55ce563cc911263ac513acb0", "source_gate_d_commit": "7c220f7586d0f6e5cccd14a2d518be52eb1c4a55", "PRO_COM_T": "097058", "COMUNE": "Olgiate Molgora", "municipal_2021_resident_work_commuters_context": 2287, "municipal_2021_outbound_workers_context": 1961, "od_2021_context_status": "FACT_ISTAT_2021_WORK_COMMUTING_MUNICIPAL_ONLY_NOT_STOP_DEMAND" }, "geometry": { "type": "Point", "coordinates": [ 9.396552309421843, 45.732453656431055 ] } },
{ "type": "Feature", "properties": { "osm_way_id": "432726032", "highway": "unclassified", "road_uncertainty_flags": "missing_lanes|missing_maxheight|missing_maxweight|missing_maxwidth|missing_width", "sample_index": 0, "x_utm32": 532949.76540093357, "y_utm32": 5064420.6367152408, "lon": 9.4234942852918149, "lat": 45.732556974940664, "discovery_evidence": "POP_GAP8:WP_02386|POP_GAP8:WP_02387|POP_GAP8:WP_02485|POP_GAP8:WP_02486|POP_GAP8:WP_02487", "discovery_seed_count": 5, "walk_graph_node_id": 22421, "walk_graph_connector_m": 10.306699223629085, "walk_graph_connector_min": 0.12883374029536357, "walk_graph_snap_ok": true, "population_reachable_5min": 163.7992629276352, "population_additional_5min": 141.19194239097297, "existing_catchment_overlap_population_5min": 22.607320536662204, "existing_catchment_overlap_pct_5min": 13.801845095389641, "population_reachable_8min": 495.82306486305907, "population_additional_8min": 107.69395913266267, "existing_catchment_overlap_population_8min": 388.12910573039636, "existing_catchment_overlap_pct_8min": 78.279760107084456, "population_reachable_10min": 689.57283844324661, "population_additional_10min": 51.725504779701417, "existing_catchment_overlap_population_10min": 637.84733366354521, "existing_catchment_overlap_pct_10min": 92.498906294442378, "population_reachable_12min": 1104.2462533209646, "population_additional_12min": 29.872627343427055, "existing_catchment_overlap_population_12min": 1074.3736259775376, "existing_catchment_overlap_pct_12min": 97.294749495088922, "nearest_official_stop_walk_network_m": 564.89950499159454, "nearest_official_stop_cluster_id": "EX_012", "nearby_official_routes": "D150|D185", "nearby_official_route_count": 2, "settlement_coverage_10min_count": 0, "settlement_additional_10min_count": 0, "settlement_additional_10min_names": "", "destination_coverage_10min_count": 0, "destination_additional_10min_count": 0, "destination_additional_10min_names": "", "pruned_near_existing_stop": false, "pruned_no_access_gain": false, "candidate_id": "P2S_0096", "stop_type": "PROPOSED_STOP", "physical_status": "FIELD_CHECK_PENDING", "epistemic_status": "PROPOSED_STOP/FIELD_CHECK_PENDING", "road_eligibility_status": "DERIVED_GATE_D_BUS_ELIGIBLE", "candidate_status": "HYPOTHESIS_NOT_RECOMMENDATION", "potential_interchange_with_reference_gtfs": false, "interchange_evidence_status": "DERIVED_FROM_REFERENCE_PERIOD_GTFS_PROXIMITY_NOT_CURRENT_SERVICE_GUARANTEE", "discovery_sample_spacing_m_assumption": 150.0, "candidate_pruning_radius_m_assumption": 220.0, "source_gate_b_commit": "55d726564e13acca55ce563cc911263ac513acb0", "source_gate_d_commit": "7c220f7586d0f6e5cccd14a2d518be52eb1c4a55", "PRO_COM_T": "097010", "COMUNE": "Brivio", "municipal_2021_resident_work_commuters_context": 1662, "municipal_2021_outbound_workers_context": 1339, "od_2021_context_status": "FACT_ISTAT_2021_WORK_COMMUTING_MUNICIPAL_ONLY_NOT_STOP_DEMAND" }, "geometry": { "type": "Point", "coordinates": [ 9.423494285291815, 45.732556974940664 ] } },
{ "type": "Feature", "properties": { "osm_way_id": "136288680", "highway": "residential", "road_uncertainty_flags": "missing_lanes|missing_maxheight|missing_maxweight|missing_maxwidth|missing_width", "sample_index": 0, "x_utm32": 527825.32308097254, "y_utm32": 5064445.9348679362, "lon": 9.3576341035095574, "lat": 45.733009817062992, "discovery_evidence": "POP_GAP8:WP_02028|POP_GAP8:WP_02130|POP_GAP8:WP_02131|POP_GAP8:WP_02233|POP_GAP8:WP_02234|POP_GAP8:WP_02331", "discovery_seed_count": 6, "walk_graph_node_id": 3507, "walk_graph_connector_m": 38.270157360076482, "walk_graph_connector_min": 0.478376967000956, "walk_graph_snap_ok": true, "population_reachable_5min": 83.012070307128525, "population_additional_5min": 83.012070307128525, "existing_catchment_overlap_population_5min": 0.0, "existing_catchment_overlap_pct_5min": 0.0, "population_reachable_8min": 174.76676732312757, "population_additional_8min": 174.76676732312757, "existing_catchment_overlap_population_8min": 0.0, "existing_catchment_overlap_pct_8min": 0.0, "population_reachable_10min": 193.72204388705524, "population_additional_10min": 193.72204388705524, "existing_catchment_overlap_population_10min": 0.0, "existing_catchment_overlap_pct_10min": 0.0, "population_reachable_12min": 239.84315252568382, "population_additional_12min": 221.17908487691366, "existing_catchment_overlap_population_12min": 18.664067648770132, "existing_catchment_overlap_pct_12min": 7.7817804895520091, "nearest_official_stop_walk_network_m": 1582.1184230917565, "nearest_official_stop_cluster_id": "EX_027", "nearby_official_routes": "D184", "nearby_official_route_count": 1, "settlement_coverage_10min_count": 1, "settlement_additional_10min_count": 1, "settlement_additional_10min_names": "Bernaga inferiore", "destination_coverage_10min_count": 0, "destination_additional_10min_count": 0, "destination_additional_10min_names": "", "pruned_near_existing_stop": false, "pruned_no_access_gain": false, "candidate_id": "P2S_0097", "stop_type": "PROPOSED_STOP", "physical_status": "FIELD_CHECK_PENDING", "epistemic_status": "PROPOSED_STOP/FIELD_CHECK_PENDING", "road_eligibility_status": "DERIVED_GATE_D_BUS_ELIGIBLE", "candidate_status": "HYPOTHESIS_NOT_RECOMMENDATION", "potential_interchange_with_reference_gtfs": false, "interchange_evidence_status": "DERIVED_FROM_REFERENCE_PERIOD_GTFS_PROXIMITY_NOT_CURRENT_SERVICE_GUARANTEE", "discovery_sample_spacing_m_assumption": 150.0, "candidate_pruning_radius_m_assumption": 220.0, "source_gate_b_commit": "55d726564e13acca55ce563cc911263ac513acb0", "source_gate_d_commit": "7c220f7586d0f6e5cccd14a2d518be52eb1c4a55", "PRO_COM_T": "097092", "COMUNE": "La Valletta Brianza", "municipal_2021_resident_work_commuters_context": 1796, "municipal_2021_outbound_workers_context": 1521, "od_2021_context_status": "FACT_ISTAT_2021_WORK_COMMUTING_MUNICIPAL_ONLY_NOT_STOP_DEMAND" }, "geometry": { "type": "Point", "coordinates": [ 9.357634103509557, 45.733009817062992 ] } },
{ "type": "Feature", "properties": { "osm_way_id": "1264830934", "highway": "residential", "road_uncertainty_flags": "missing_lanes|missing_maxheight|missing_maxweight|missing_maxwidth|missing_width", "sample_index": 0, "x_utm32": 531436.53921683703, "y_utm32": 5064471.9592429977, "lon": 9.404049035778927, "lat": 45.7330893397545, "discovery_evidence": "POP_GAP8:WP_02075|POP_GAP8:WP_02076", "discovery_seed_count": 2, "walk_graph_node_id": 17665, "walk_graph_connector_m": 1.9269837800522831, "walk_graph_connector_min": 0.02408729725065354, "walk_graph_snap_ok": true, "population_reachable_5min": 314.69326047465586, "population_additional_5min": 60.09322752654554, "existing_catchment_overlap_population_5min": 254.60003294811034, "existing_catchment_overlap_pct_5min": 80.90418986542447, "population_reachable_8min": 920.90464696483355, "population_additional_8min": 17.877646312971159, "existing_catchment_overlap_population_8min": 903.02700065186252, "existing_catchment_overlap_pct_8min": 98.058686491387235, "population_reachable_10min": 1507.9998944303754, "population_additional_10min": 21.530726380418816, "existing_catchment_overlap_population_10min": 1486.469168049957, "existing_catchment_overlap_pct_10min": 98.572232898693187, "population_reachable_12min": 2281.5079271411419, "population_additional_12min": 28.752775189369785, "existing_catchment_overlap_population_12min": 2252.7551519517719, "existing_catchment_overlap_pct_12min": 98.739746864460869, "nearest_official_stop_walk_network_m": 326.33990450446311, "nearest_official_stop_cluster_id": "EX_011", "nearby_official_routes": "D184|D185", "nearby_official_route_count": 2, "settlement_coverage_10min_count": 2, "settlement_additional_10min_count": 0, "settlement_additional_10min_names": "", "destination_coverage_10min_count": 4, "destination_additional_10min_count": 0, "destination_additional_10min_names": "", "pruned_near_existing_stop": false, "pruned_no_access_gain": false, "candidate_id": "P2S_0098", "stop_type": "PROPOSED_STOP", "physical_status": "FIELD_CHECK_PENDING", "epistemic_status": "PROPOSED_STOP/FIELD_CHECK_PENDING", "road_eligibility_status": "DERIVED_GATE_D_BUS_ELIGIBLE", "candidate_status": "HYPOTHESIS_NOT_RECOMMENDATION", "potential_interchange_with_reference_gtfs": false, "interchange_evidence_status": "DERIVED_FROM_REFERENCE_PERIOD_GTFS_PROXIMITY_NOT_CURRENT_SERVICE_GUARANTEE", "discovery_sample_spacing_m_assumption": 150.0, "candidate_pruning_radius_m_assumption": 220.0, "source_gate_b_commit": "55d726564e13acca55ce563cc911263ac513acb0", "source_gate_d_commit": "7c220f7586d0f6e5cccd14a2d518be52eb1c4a55", "PRO_COM_T": "097058", "COMUNE": "Olgiate Molgora", "municipal_2021_resident_work_commuters_context": 2287, "municipal_2021_outbound_workers_context": 1961, "od_2021_context_status": "FACT_ISTAT_2021_WORK_COMMUTING_MUNICIPAL_ONLY_NOT_STOP_DEMAND" }, "geometry": { "type": "Point", "coordinates": [ 9.404049035778927, 45.7330893397545 ] } },
{ "type": "Feature", "properties": { "osm_way_id": "1387597650", "highway": "service", "road_uncertainty_flags": "missing_lanes|missing_maxheight|missing_maxweight|missing_maxwidth|missing_width", "sample_index": 0, "x_utm32": 533871.22689905949, "y_utm32": 5064509.9701184761, "lon": 9.4353434835891488, "lat": 45.733316509047221, "discovery_evidence": "POP_GAP8:WP_02205|POP_GAP8:WP_02206|POP_GAP8:WP_02210|POP_GAP8:WP_02305|POP_GAP8:WP_02306|POP_GAP8:WP_02310|POP_GAP8:WP_02311|POP_GAP8:WP_02398|POP_GAP8:WP_02399|POP_GAP8:WP_02400|POP_GAP8:WP_02401|POP_GAP8:WP_02402|POP_GAP8:WP_02403|POP_GAP8:WP_02499", "discovery_seed_count": 14, "walk_graph_node_id": 24914, "walk_graph_connector_m": 1.2744629431433401, "walk_graph_connector_min": 0.015930786789291752, "walk_graph_snap_ok": true, "population_reachable_5min": 125.3885307077402, "population_additional_5min": 42.545308678584583, "existing_catchment_overlap_population_5min": 82.843222029155612, "existing_catchment_overlap_pct_5min": 66.069218262274219, "population_reachable_8min": 349.92158487870944, "population_additional_8min": 3.4839860987511204, "existing_catchment_overlap_population_8min": 346.43759877995831, "existing_catchment_overlap_pct_8min": 99.004352332263608, "population_reachable_10min": 629.31917265991854, "population_additional_10min": 8.1248135335209515, "existing_catchment_overlap_population_10min": 621.19435912639756, "existing_catchment_overlap_pct_10min": 98.708951850429074, "population_reachable_12min": 821.32696977733917, "population_additional_12min": 0.40403451693686526, "existing_catchment_overlap_population_12min": 820.92293526040226, "existing_catchment_overlap_pct_12min": 99.950807104624062, "nearest_official_stop_walk_network_m": 432.54484674647637, "nearest_official_stop_cluster_id": "EX_004", "nearby_official_routes": "D148|D150|D185", "nearby_official_route_count": 3, "settlement_coverage_10min_count": 1, "settlement_additional_10min_count": 0, "settlement_additional_10min_names": "", "destination_coverage_10min_count": 0, "destination_additional_10min_count": 0, "destination_additional_10min_names": "", "pruned_near_existing_stop": false, "pruned_no_access_gain": false, "candidate_id": "P2S_0099", "stop_type": "PROPOSED_STOP", "physical_status": "FIELD_CHECK_PENDING", "epistemic_status": "PROPOSED_STOP/FIELD_CHECK_PENDING", "road_eligibility_status": "DERIVED_GATE_D_BUS_ELIGIBLE", "candidate_status": "HYPOTHESIS_NOT_RECOMMENDATION", "potential_interchange_with_reference_gtfs": false, "interchange_evidence_status": "DERIVED_FROM_REFERENCE_PERIOD_GTFS_PROXIMITY_NOT_CURRENT_SERVICE_GUARANTEE", "discovery_sample_spacing_m_assumption": 150.0, "candidate_pruning_radius_m_assumption": 220.0, "source_gate_b_commit": "55d726564e13acca55ce563cc911263ac513acb0", "source_gate_d_commit": "7c220f7586d0f6e5cccd14a2d518be52eb1c4a55", "PRO_COM_T": "097010", "COMUNE": "Brivio", "municipal_2021_resident_work_commuters_context": 1662, "municipal_2021_outbound_workers_context": 1339, "od_2021_context_status": "FACT_ISTAT_2021_WORK_COMMUTING_MUNICIPAL_ONLY_NOT_STOP_DEMAND" }, "geometry": { "type": "Point", "coordinates": [ 9.435343483589149, 45.733316509047221 ] } },
{ "type": "Feature", "properties": { "osm_way_id": "1386289716", "highway": "service", "road_uncertainty_flags": "missing_lanes|missing_maxheight|missing_maxweight|missing_maxwidth|missing_width", "sample_index": 0, "x_utm32": 533612.92300335038, "y_utm32": 5064562.8269231627, "lon": 9.4320272934332081, "lat": 45.733804848947685, "discovery_evidence": "POP_GAP8:WP_02205|POP_GAP8:WP_02206|POP_GAP8:WP_02301|POP_GAP8:WP_02302|POP_GAP8:WP_02303|POP_GAP8:WP_02305|POP_GAP8:WP_02306|POP_GAP8:WP_02396|POP_GAP8:WP_02397|POP_GAP8:WP_02398", "discovery_seed_count": 10, "walk_graph_node_id": 24260, "walk_graph_connector_m": 6.1382119559267698, "walk_graph_connector_min": 0.076727649449084626, "walk_graph_snap_ok": true, "population_reachable_5min": 150.72253567839641, "population_additional_5min": 83.824182111712801, "existing_catchment_overlap_population_5min": 66.898353566683582, "existing_catchment_overlap_pct_5min": 44.385103571656778, "population_reachable_8min": 559.52920866993202, "population_additional_8min": 1.0706994539803953, "existing_catchment_overlap_population_8min": 558.45850921595161, "existing_catchment_overlap_pct_8min": 99.808642795158889, "population_reachable_10min": 957.55668148238919, "population_additional_10min": 14.58964127310071, "existing_catchment_overlap_population_10min": 942.96704020928871, "existing_catchment_overlap_pct_10min": 98.476367868843624, "population_reachable_12min": 1366.1926233263089, "population_additional_12min": 0.3953193148376174, "existing_catchment_overlap_population_12min": 1365.7973040114712, "existing_catchment_overlap_pct_12min": 99.971064159761369, "nearest_official_stop_walk_network_m": 503.18920895133414, "nearest_official_stop_cluster_id": "EX_012", "nearby_official_routes": "D150|D185", "nearby_official_route_count": 2, "settlement_coverage_10min_count": 1, "settlement_additional_10min_count": 0, "settlement_additional_10min_names": "", "destination_coverage_10min_count": 2, "destination_additional_10min_count": 0, "destination_additional_10min_names": "", "pruned_near_existing_stop": false, "pruned_no_access_gain": false, "candidate_id": "P2S_0100", "stop_type": "PROPOSED_STOP", "physical_status": "FIELD_CHECK_PENDING", "epistemic_status": "PROPOSED_STOP/FIELD_CHECK_PENDING", "road_eligibility_status": "DERIVED_GATE_D_BUS_ELIGIBLE", "candidate_status": "HYPOTHESIS_NOT_RECOMMENDATION", "potential_interchange_with_reference_gtfs": false, "interchange_evidence_status": "DERIVED_FROM_REFERENCE_PERIOD_GTFS_PROXIMITY_NOT_CURRENT_SERVICE_GUARANTEE", "discovery_sample_spacing_m_assumption": 150.0, "candidate_pruning_radius_m_assumption": 220.0, "source_gate_b_commit": "55d726564e13acca55ce563cc911263ac513acb0", "source_gate_d_commit": "7c220f7586d0f6e5cccd14a2d518be52eb1c4a55", "PRO_COM_T": "097010", "COMUNE": "Brivio", "municipal_2021_resident_work_commuters_context": 1662, "municipal_2021_outbound_workers_context": 1339, "od_2021_context_status": "FACT_ISTAT_2021_WORK_COMMUTING_MUNICIPAL_ONLY_NOT_STOP_DEMAND" }, "geometry": { "type": "Point", "coordinates": [ 9.432027293433208, 45.733804848947685 ] } },
{ "type": "Feature", "properties": { "osm_way_id": "1430856299", "highway": "service", "road_uncertainty_flags": "missing_lanes|missing_maxheight|missing_maxweight|missing_maxwidth|missing_width", "sample_index": 0, "x_utm32": 530579.837223946, "y_utm32": 5064575.4066025773, "lon": 9.3930447726262472, "lat": 45.734058832061464, "discovery_evidence": "POP_GAP8:WP_02064|POP_GAP8:WP_02065", "discovery_seed_count": 2, "walk_graph_node_id": 14489, "walk_graph_connector_m": 14.05132016115771, "walk_graph_connector_min": 0.17564150201447137, "walk_graph_snap_ok": true, "population_reachable_5min": 130.96303299927985, "population_additional_5min": 130.96303299927985, "existing_catchment_overlap_population_5min": 0.0, "existing_catchment_overlap_pct_5min": 0.0, "population_reachable_8min": 386.32116604597076, "population_additional_8min": 133.73516818188773, "existing_catchment_overlap_population_8min": 252.58599786408305, "existing_catchment_overlap_pct_8min": 65.382386486694926, "population_reachable_10min": 598.81075053365635, "population_additional_10min": 147.38361287919142, "existing_catchment_overlap_population_10min": 451.4271376544649, "existing_catchment_overlap_pct_10min": 75.387280080084722, "population_reachable_12min": 821.58298109552243, "population_additional_12min": 55.932716241037006, "existing_catchment_overlap_population_12min": 765.6502648544855, "existing_catchment_overlap_pct_12min": 93.192079494337307, "nearest_official_stop_walk_network_m": 784.1932530155342, "nearest_official_stop_cluster_id": "EX_037", "nearby_official_routes": "D148", "nearby_official_route_count": 1, "settlement_coverage_10min_count": 2, "settlement_additional_10min_count": 1, "settlement_additional_10min_names": "Bruggione", "destination_coverage_10min_count": 0, "destination_additional_10min_count": 0, "destination_additional_10min_names": "", "pruned_near_existing_stop": false, "pruned_no_access_gain": false, "candidate_id": "P2S_0101", "stop_type": "PROPOSED_STOP", "physical_status": "FIELD_CHECK_PENDING", "epistemic_status": "PROPOSED_STOP/FIELD_CHECK_PENDING", "road_eligibility_status": "DERIVED_GATE_D_BUS_ELIGIBLE", "candidate_status": "HYPOTHESIS_NOT_RECOMMENDATION", "potential_interchange_with_reference_gtfs": false, "interchange_evidence_status": "DERIVED_FROM_REFERENCE_PERIOD_GTFS_PROXIMITY_NOT_CURRENT_SERVICE_GUARANTEE", "discovery_sample_spacing_m_assumption": 150.0, "candidate_pruning_radius_m_assumption": 220.0, "source_gate_b_commit": "55d726564e13acca55ce563cc911263ac513acb0", "source_gate_d_commit": "7c220f7586d0f6e5cccd14a2d518be52eb1c4a55", "PRO_COM_T": "097058", "COMUNE": "Olgiate Molgora", "municipal_2021_resident_work_commuters_context": 2287, "municipal_2021_outbound_workers_context": 1961, "od_2021_context_status": "FACT_ISTAT_2021_WORK_COMMUTING_MUNICIPAL_ONLY_NOT_STOP_DEMAND" }, "geometry": { "type": "Point", "coordinates": [ 9.393044772626247, 45.734058832061464 ] } },
{ "type": "Feature", "properties": { "osm_way_id": "72100681", "highway": "residential", "road_uncertainty_flags": "missing_lanes|missing_maxheight|missing_maxweight|missing_maxwidth|missing_width", "sample_index": 0, "x_utm32": 527459.601634152, "y_utm32": 5064577.6993371369, "lon": 9.3529411096245507, "lat": 45.734210392424224, "discovery_evidence": "POP_GAP8:WP_02019|POP_GAP8:WP_02020|POP_GAP8:WP_02021|POP_GAP8:WP_02022|POP_GAP8:WP_02122|POP_GAP8:WP_02123|POP_GAP8:WP_02124|POP_GAP8:WP_02226", "discovery_seed_count": 8, "walk_graph_node_id": 2554, "walk_graph_connector_m": 7.1240286818942442, "walk_graph_connector_min": 0.089050358523678055, "walk_graph_snap_ok": true, "population_reachable_5min": 35.015434142471186, "population_additional_5min": 35.015434142471186, "existing_catchment_overlap_population_5min": 0.0, "existing_catchment_overlap_pct_5min": 0.0, "population_reachable_8min": 120.30826024982046, "population_additional_8min": 120.30826024982046, "existing_catchment_overlap_population_8min": 0.0, "existing_catchment_overlap_pct_8min": 0.0, "population_reachable_10min": 157.46576314057506, "population_additional_10min": 157.46576314057506, "existing_catchment_overlap_population_10min": 0.0, "existing_catchment_overlap_pct_10min": 0.0, "population_reachable_12min": 222.85983408785768, "population_additional_12min": 222.85983408785768, "existing_catchment_overlap_population_12min": 0.0, "existing_catchment_overlap_pct_12min": 0.0, "nearest_official_stop_walk_network_m": 1514.849654014407, "nearest_official_stop_cluster_id": "EX_027", "nearby_official_routes": "D184", "nearby_official_route_count": 1, "settlement_coverage_10min_count": 1, "settlement_additional_10min_count": 1, "settlement_additional_10min_names": "Bernaga inferiore", "destination_coverage_10min_count": 0, "destination_additional_10min_count": 0, "destination_additional_10min_names": "", "pruned_near_existing_stop": false, "pruned_no_access_gain": false, "candidate_id": "P2S_0102", "stop_type": "PROPOSED_STOP", "physical_status": "FIELD_CHECK_PENDING", "epistemic_status": "PROPOSED_STOP/FIELD_CHECK_PENDING", "road_eligibility_status": "DERIVED_GATE_D_BUS_ELIGIBLE", "candidate_status": "HYPOTHESIS_NOT_RECOMMENDATION", "potential_interchange_with_reference_gtfs": false, "interchange_evidence_status": "DERIVED_FROM_REFERENCE_PERIOD_GTFS_PROXIMITY_NOT_CURRENT_SERVICE_GUARANTEE", "discovery_sample_spacing_m_assumption": 150.0, "candidate_pruning_radius_m_assumption": 220.0, "source_gate_b_commit": "55d726564e13acca55ce563cc911263ac513acb0", "source_gate_d_commit": "7c220f7586d0f6e5cccd14a2d518be52eb1c4a55", "PRO_COM_T": "097092", "COMUNE": "La Valletta Brianza", "municipal_2021_resident_work_commuters_context": 1796, "municipal_2021_outbound_workers_context": 1521, "od_2021_context_status": "FACT_ISTAT_2021_WORK_COMMUTING_MUNICIPAL_ONLY_NOT_STOP_DEMAND" }, "geometry": { "type": "Point", "coordinates": [ 9.352941109624551, 45.734210392424224 ] } },
{ "type": "Feature", "properties": { "osm_way_id": "173735246", "highway": "residential", "road_uncertainty_flags": "missing_lanes|missing_maxheight|missing_maxweight|missing_maxwidth|missing_width", "sample_index": 2, "x_utm32": 529586.83969788405, "y_utm32": 5064578.13445896, "lon": 9.3802821616528682, "lat": 45.734126577306085, "discovery_evidence": "POP_GAP8:WP_02155|POP_GAP8:WP_02156|POP_GAP8:WP_02259|POP_GAP8:WP_02260|POP_GAP8:WP_02261", "discovery_seed_count": 5, "walk_graph_node_id": 10152, "walk_graph_connector_m": 5.0332701609869952, "walk_graph_connector_min": 0.062915877012337446, "walk_graph_snap_ok": true, "population_reachable_5min": 301.86593862037989, "population_additional_5min": 65.888483197197374, "existing_catchment_overlap_population_5min": 235.97745542318248, "existing_catchment_overlap_pct_5min": 78.172932163751881, "population_reachable_8min": 479.95846775230478, "population_additional_8min": 22.630998214959522, "existing_catchment_overlap_population_8min": 457.32746953734528, "existing_catchment_overlap_pct_8min": 95.28480072016589, "population_reachable_10min": 581.47651971826156, "population_additional_10min": 60.869503203392171, "existing_catchment_overlap_population_10min": 520.60701651486931, "existing_catchment_overlap_pct_10min": 89.531906940475452, "population_reachable_12min": 897.29594188952933, "population_additional_12min": 88.603160119570845, "existing_catchment_overlap_population_12min": 808.6927817699584, "existing_catchment_overlap_pct_12min": 90.125536516637965, "nearest_official_stop_walk_network_m": 230.35237884403341, "nearest_official_stop_cluster_id": "EX_026", "nearby_official_routes": "D184", "nearby_official_route_count": 1, "settlement_coverage_10min_count": 1, "settlement_additional_10min_count": 0, "settlement_additional_10min_names": "", "destination_coverage_10min_count": 0, "destination_additional_10min_count": 0, "destination_additional_10min_names": "", "pruned_near_existing_stop": false, "pruned_no_access_gain": false, "candidate_id": "P2S_0103", "stop_type": "PROPOSED_STOP", "physical_status": "FIELD_CHECK_PENDING", "epistemic_status": "PROPOSED_STOP/FIELD_CHECK_PENDING", "road_eligibility_status": "DERIVED_GATE_D_BUS_ELIGIBLE", "candidate_status": "HYPOTHESIS_NOT_RECOMMENDATION", "potential_interchange_with_reference_gtfs": true, "interchange_evidence_status": "DERIVED_FROM_REFERENCE_PERIOD_GTFS_PROXIMITY_NOT_CURRENT_SERVICE_GUARANTEE", "discovery_sample_spacing_m_assumption": 150.0, "candidate_pruning_radius_m_assumption": 220.0, "source_gate_b_commit": "55d726564e13acca55ce563cc911263ac513acb0", "source_gate_d_commit": "7c220f7586d0f6e5cccd14a2d518be52eb1c4a55", "PRO_COM_T": "097092", "COMUNE": "La Valletta Brianza", "municipal_2021_resident_work_commuters_context": 1796, "municipal_2021_outbound_workers_context": 1521, "od_2021_context_status": "FACT_ISTAT_2021_WORK_COMMUTING_MUNICIPAL_ONLY_NOT_STOP_DEMAND" }, "geometry": { "type": "Point", "coordinates": [ 9.380282161652868, 45.734126577306085 ] } },
{ "type": "Feature", "properties": { "osm_way_id": "1175283692", "highway": "residential", "road_uncertainty_flags": "missing_lanes|missing_maxheight|missing_maxweight|missing_maxwidth|missing_width", "sample_index": 0, "x_utm32": 528849.00317925727, "y_utm32": 5064581.2339552725, "lon": 9.3707990739514493, "lat": 45.734185645482235, "discovery_evidence": "POP_GAP8:WP_02043", "discovery_seed_count": 1, "walk_graph_node_id": 6749, "walk_graph_connector_m": 21.332043021447028, "walk_graph_connector_min": 0.26665053776808784, "walk_graph_snap_ok": true, "population_reachable_5min": 525.00802184001191, "population_additional_5min": 320.86896364605713, "existing_catchment_overlap_population_5min": 204.1390581939547, "existing_catchment_overlap_pct_5min": 38.883036011240776, "population_reachable_8min": 958.2281622172552, "population_additional_8min": 194.40580641145223, "existing_catchment_overlap_population_8min": 763.82235580580277, "existing_catchment_overlap_pct_8min": 79.71195023514916, "population_reachable_10min": 1400.6324351629682, "population_additional_10min": 32.02930921582557, "existing_catchment_overlap_population_10min": 1368.6031259471431, "existing_catchment_overlap_pct_10min": 97.713225225139212, "population_reachable_12min": 1955.2466154539989, "population_additional_12min": 99.924279226077061, "existing_catchment_overlap_population_12min": 1855.3223362279216, "existing_catchment_overlap_pct_12min": 94.889428349534555, "nearest_official_stop_walk_network_m": 436.64035872467088, "nearest_official_stop_cluster_id": "EX_042", "nearby_official_routes": "D184", "nearby_official_route_count": 1, "settlement_coverage_10min_count": 1, "settlement_additional_10min_count": 0, "settlement_additional_10min_names": "", "destination_coverage_10min_count": 3, "destination_additional_10min_count": 0, "destination_additional_10min_names": "", "pruned_near_existing_stop": false, "pruned_no_access_gain": false, "candidate_id": "P2S_0104", "stop_type": "PROPOSED_STOP", "physical_status": "FIELD_CHECK_PENDING", "epistemic_status": "PROPOSED_STOP/FIELD_CHECK_PENDING", "road_eligibility_status": "DERIVED_GATE_D_BUS_ELIGIBLE", "candidate_status": "HYPOTHESIS_NOT_RECOMMENDATION", "potential_interchange_with_reference_gtfs": false, "interchange_evidence_status": "DERIVED_FROM_REFERENCE_PERIOD_GTFS_PROXIMITY_NOT_CURRENT_SERVICE_GUARANTEE", "discovery_sample_spacing_m_assumption": 150.0, "candidate_pruning_radius_m_assumption": 220.0, "source_gate_b_commit": "55d726564e13acca55ce563cc911263ac513acb0", "source_gate_d_commit": "7c220f7586d0f6e5cccd14a2d518be52eb1c4a55", "PRO_COM_T": "097092", "COMUNE": "La Valletta Brianza", "municipal_2021_resident_work_commuters_context": 1796, "municipal_2021_outbound_workers_context": 1521, "od_2021_context_status": "FACT_ISTAT_2021_WORK_COMMUTING_MUNICIPAL_ONLY_NOT_STOP_DEMAND" }, "geometry": { "type": "Point", "coordinates": [ 9.370799073951449, 45.734185645482235 ] } },
{ "type": "Feature", "properties": { "osm_way_id": "1299498892", "highway": "primary", "road_uncertainty_flags": "missing_maxheight|missing_maxweight|missing_maxwidth|missing_width", "sample_index": 6, "x_utm32": 533397.64726577408, "y_utm32": 5064610.1126228226, "lon": 9.429263691203305, "lat": 45.734240873469275, "discovery_evidence": "POP_GAP8:WP_02301", "discovery_seed_count": 1, "walk_graph_node_id": 23793, "walk_graph_connector_m": 0.75549488590280611, "walk_graph_connector_min": 0.0094436860737850768, "walk_graph_snap_ok": true, "population_reachable_5min": 223.84462957609171, "population_additional_5min": 66.565805403112236, "existing_catchment_overlap_population_5min": 157.27882417297945, "existing_catchment_overlap_pct_5min": 70.262496121005, "population_reachable_8min": 604.00353085416896, "population_additional_8min": 0.68727939651127024, "existing_catchment_overlap_population_8min": 603.31625145765759, "existing_catchment_overlap_pct_8min": 99.886212685621317, "population_reachable_10min": 1105.3023327734866, "population_additional_10min": 0.19758059191786922, "existing_catchment_overlap_population_10min": 1105.1047521815685, "existing_catchment_overlap_pct_10min": 99.982124294316634, "population_reachable_12min": 1710.9846159155795, "population_additional_12min": 0.0, "existing_catchment_overlap_population_12min": 1710.9846159155795, "existing_catchment_overlap_pct_12min": 100.0, "nearest_official_stop_walk_network_m": 203.13955006898755, "nearest_official_stop_cluster_id": "EX_012", "nearby_official_routes": "D150|D185", "nearby_official_route_count": 2, "settlement_coverage_10min_count": 1, "settlement_additional_10min_count": 0, "settlement_additional_10min_names": "", "destination_coverage_10min_count": 2, "destination_additional_10min_count": 0, "destination_additional_10min_names": "", "pruned_near_existing_stop": false, "pruned_no_access_gain": false, "candidate_id": "P2S_0105", "stop_type": "PROPOSED_STOP", "physical_status": "FIELD_CHECK_PENDING", "epistemic_status": "PROPOSED_STOP/FIELD_CHECK_PENDING", "road_eligibility_status": "DERIVED_GATE_D_BUS_ELIGIBLE", "candidate_status": "HYPOTHESIS_NOT_RECOMMENDATION", "potential_interchange_with_reference_gtfs": true, "interchange_evidence_status": "DERIVED_FROM_REFERENCE_PERIOD_GTFS_PROXIMITY_NOT_CURRENT_SERVICE_GUARANTEE", "discovery_sample_spacing_m_assumption": 150.0, "candidate_pruning_radius_m_assumption": 220.0, "source_gate_b_commit": "55d726564e13acca55ce563cc911263ac513acb0", "source_gate_d_commit": "7c220f7586d0f6e5cccd14a2d518be52eb1c4a55", "PRO_COM_T": "097010", "COMUNE": "Brivio", "municipal_2021_resident_work_commuters_context": 1662, "municipal_2021_outbound_workers_context": 1339, "od_2021_context_status": "FACT_ISTAT_2021_WORK_COMMUTING_MUNICIPAL_ONLY_NOT_STOP_DEMAND" }, "geometry": { "type": "Point", "coordinates": [ 9.429263691203305, 45.734240873469275 ] } },
{ "type": "Feature", "properties": { "osm_way_id": "143947217", "highway": "tertiary", "road_uncertainty_flags": "missing_maxheight|missing_maxweight|missing_maxwidth|missing_width", "sample_index": 0, "x_utm32": 527159.71100147069, "y_utm32": 5064616.9826995628, "lon": 9.349088859796062, "lat": 45.734575808039217, "discovery_evidence": "POP_GAP8:WP_01658|POP_GAP8:WP_01659|POP_GAP8:WP_01780|POP_GAP8:WP_01781|POP_GAP8:WP_01782|POP_GAP8:WP_01902|POP_GAP8:WP_01903|POP_GAP8:WP_01904|POP_GAP8:WP_01905|POP_GAP8:WP_02015|POP_GAP8:WP_02016|POP_GAP8:WP_02017|POP_GAP8:WP_02018|POP_GAP8:WP_02122", "discovery_seed_count": 14, "walk_graph_node_id": 2049, "walk_graph_connector_m": 3.0134201956859621, "walk_graph_connector_min": 0.037667752446074523, "walk_graph_snap_ok": true, "population_reachable_5min": 58.87196256058202, "population_additional_5min": 58.87196256058202, "existing_catchment_overlap_population_5min": 0.0, "existing_catchment_overlap_pct_5min": 0.0, "population_reachable_8min": 81.613464334574971, "population_additional_8min": 81.613464334574971, "existing_catchment_overlap_population_8min": 0.0, "existing_catchment_overlap_pct_8min": 0.0, "population_reachable_10min": 107.46098780011219, "population_additional_10min": 107.46098780011219, "existing_catchment_overlap_population_10min": 0.0, "existing_catchment_overlap_pct_10min": 0.0, "population_reachable_12min": 116.8509405894621, "population_additional_12min": 116.8509405894621, "existing_catchment_overlap_population_12min": 0.0, "existing_catchment_overlap_pct_12min": 0.0, "nearest_official_stop_walk_network_m": 1720.8865279284967, "nearest_official_stop_cluster_id": "EX_027", "nearby_official_routes": "D184", "nearby_official_route_count": 1, "settlement_coverage_10min_count": 0, "settlement_additional_10min_count": 0, "settlement_additional_10min_names": "", "destination_coverage_10min_count": 0, "destination_additional_10min_count": 0, "destination_additional_10min_names": "", "pruned_near_existing_stop": false, "pruned_no_access_gain": false, "candidate_id": "P2S_0106", "stop_type": "PROPOSED_STOP", "physical_status": "FIELD_CHECK_PENDING", "epistemic_status": "PROPOSED_STOP/FIELD_CHECK_PENDING", "road_eligibility_status": "DERIVED_GATE_D_BUS_ELIGIBLE", "candidate_status": "HYPOTHESIS_NOT_RECOMMENDATION", "potential_interchange_with_reference_gtfs": false, "interchange_evidence_status": "DERIVED_FROM_REFERENCE_PERIOD_GTFS_PROXIMITY_NOT_CURRENT_SERVICE_GUARANTEE", "discovery_sample_spacing_m_assumption": 150.0, "candidate_pruning_radius_m_assumption": 220.0, "source_gate_b_commit": "55d726564e13acca55ce563cc911263ac513acb0", "source_gate_d_commit": "7c220f7586d0f6e5cccd14a2d518be52eb1c4a55", "PRO_COM_T": "097092", "COMUNE": "La Valletta Brianza", "municipal_2021_resident_work_commuters_context": 1796, "municipal_2021_outbound_workers_context": 1521, "od_2021_context_status": "FACT_ISTAT_2021_WORK_COMMUTING_MUNICIPAL_ONLY_NOT_STOP_DEMAND" }, "geometry": { "type": "Point", "coordinates": [ 9.349088859796062, 45.734575808039217 ] } },
{ "type": "Feature", "properties": { "osm_way_id": "682102304", "highway": "residential", "road_uncertainty_flags": "missing_lanes|missing_maxheight|missing_maxweight|missing_maxwidth|missing_width", "sample_index": 0, "x_utm32": 531912.61975577928, "y_utm32": 5064628.5590676144, "lon": 9.4101781875071104, "lat": 45.734477018979334, "discovery_evidence": "POP_GAP8:WP_01974|POP_GAP8:WP_01975", "discovery_seed_count": 2, "walk_graph_node_id": 19336, "walk_graph_connector_m": 19.486315990768183, "walk_graph_connector_min": 0.2435789498846023, "walk_graph_snap_ok": true, "population_reachable_5min": 149.50747320900314, "population_additional_5min": 87.767215019552879, "existing_catchment_overlap_population_5min": 61.740258189450266, "existing_catchment_overlap_pct_5min": 41.295767271205783, "population_reachable_8min": 589.88878582438929, "population_additional_8min": 84.654797324802018, "existing_catchment_overlap_population_8min": 505.23398849958733, "existing_catchment_overlap_pct_8min": 85.649024128083056, "population_reachable_10min": 1141.3590608615821, "population_additional_10min": 22.99662264423721, "existing_catchment_overlap_population_10min": 1118.362438217345, "existing_catchment_overlap_pct_10min": 97.985154415221672, "population_reachable_12min": 1545.489147556232, "population_additional_12min": 0.0, "existing_catchment_overlap_population_12min": 1545.489147556232, "existing_catchment_overlap_pct_12min": 100.0, "nearest_official_stop_walk_network_m": 569.33640557700085, "nearest_official_stop_cluster_id": "EX_011", "nearby_official_routes": "D184|D185", "nearby_official_route_count": 2, "settlement_coverage_10min_count": 2, "settlement_additional_10min_count": 0, "settlement_additional_10min_names": "", "destination_coverage_10min_count": 1, "destination_additional_10min_count": 0, "destination_additional_10min_names": "", "pruned_near_existing_stop": false, "pruned_no_access_gain": false, "candidate_id": "P2S_0107", "stop_type": "PROPOSED_STOP", "physical_status": "FIELD_CHECK_PENDING", "epistemic_status": "PROPOSED_STOP/FIELD_CHECK_PENDING", "road_eligibility_status": "DERIVED_GATE_D_BUS_ELIGIBLE", "candidate_status": "HYPOTHESIS_NOT_RECOMMENDATION", "potential_interchange_with_reference_gtfs": false, "interchange_evidence_status": "DERIVED_FROM_REFERENCE_PERIOD_GTFS_PROXIMITY_NOT_CURRENT_SERVICE_GUARANTEE", "discovery_sample_spacing_m_assumption": 150.0, "candidate_pruning_radius_m_assumption": 220.0, "source_gate_b_commit": "55d726564e13acca55ce563cc911263ac513acb0", "source_gate_d_commit": "7c220f7586d0f6e5cccd14a2d518be52eb1c4a55", "PRO_COM_T": "097058", "COMUNE": "Olgiate Molgora", "municipal_2021_resident_work_commuters_context": 2287, "municipal_2021_outbound_workers_context": 1961, "od_2021_context_status": "FACT_ISTAT_2021_WORK_COMMUTING_MUNICIPAL_ONLY_NOT_STOP_DEMAND" }, "geometry": { "type": "Point", "coordinates": [ 9.41017818750711, 45.734477018979334 ] } },
{ "type": "Feature", "properties": { "osm_way_id": "136292117", "highway": "service", "road_uncertainty_flags": "missing_lanes|missing_maxheight|missing_maxweight|missing_maxwidth|missing_width", "sample_index": 0, "x_utm32": 528111.5083976133, "y_utm32": 5064652.8404338304, "lon": 9.3613243301803681, "lat": 45.734860515646986, "discovery_evidence": "POP_GAP8:WP_01916|POP_GAP8:WP_01917|POP_GAP8:WP_01918|POP_GAP8:WP_01919|POP_GAP8:WP_01920|POP_GAP8:WP_02029|POP_GAP8:WP_02030|POP_GAP8:WP_02031", "discovery_seed_count": 8, "walk_graph_node_id": 4115, "walk_graph_connector_m": 5.2647097409755981, "walk_graph_connector_min": 0.065808871762194979, "walk_graph_snap_ok": true, "population_reachable_5min": 75.524492807127032, "population_additional_5min": 75.524492807127032, "existing_catchment_overlap_population_5min": 0.0, "existing_catchment_overlap_pct_5min": 0.0, "population_reachable_8min": 144.86812897320476, "population_additional_8min": 118.00896349748197, "existing_catchment_overlap_population_8min": 26.859165475722794, "existing_catchment_overlap_pct_8min": 18.540424085059279, "population_reachable_10min": 305.35640244902572, "population_additional_10min": 132.72193611115659, "existing_catchment_overlap_population_10min": 172.63446633786918, "existing_catchment_overlap_pct_10min": 56.535400912934087, "population_reachable_12min": 527.60585856868283, "population_additional_12min": 88.994700767940856, "existing_catchment_overlap_population_12min": 438.61115780074203, "existing_catchment_overlap_pct_12min": 83.132351674530241, "nearest_official_stop_walk_network_m": 829.66765123765902, "nearest_official_stop_cluster_id": "EX_027", "nearby_official_routes": "D184", "nearby_official_route_count": 1, "settlement_coverage_10min_count": 2, "settlement_additional_10min_count": 2, "settlement_additional_10min_names": "Campo|Perego", "destination_coverage_10min_count": 1, "destination_additional_10min_count": 1, "destination_additional_10min_names": "OSM amenity:townhall 143996275", "pruned_near_existing_stop": false, "pruned_no_access_gain": false, "candidate_id": "P2S_0108", "stop_type": "PROPOSED_STOP", "physical_status": "FIELD_CHECK_PENDING", "epistemic_status": "PROPOSED_STOP/FIELD_CHECK_PENDING", "road_eligibility_status": "DERIVED_GATE_D_BUS_ELIGIBLE", "candidate_status": "HYPOTHESIS_NOT_RECOMMENDATION", "potential_interchange_with_reference_gtfs": false, "interchange_evidence_status": "DERIVED_FROM_REFERENCE_PERIOD_GTFS_PROXIMITY_NOT_CURRENT_SERVICE_GUARANTEE", "discovery_sample_spacing_m_assumption": 150.0, "candidate_pruning_radius_m_assumption": 220.0, "source_gate_b_commit": "55d726564e13acca55ce563cc911263ac513acb0", "source_gate_d_commit": "7c220f7586d0f6e5cccd14a2d518be52eb1c4a55", "PRO_COM_T": "097092", "COMUNE": "La Valletta Brianza", "municipal_2021_resident_work_commuters_context": 1796, "municipal_2021_outbound_workers_context": 1521, "od_2021_context_status": "FACT_ISTAT_2021_WORK_COMMUTING_MUNICIPAL_ONLY_NOT_STOP_DEMAND" }, "geometry": { "type": "Point", "coordinates": [ 9.361324330180368, 45.734860515646986 ] } },
{ "type": "Feature", "properties": { "osm_way_id": "55503485", "highway": "residential", "road_uncertainty_flags": "missing_lanes|missing_maxheight|missing_maxweight|missing_maxwidth|missing_width", "sample_index": 5, "x_utm32": 534644.36407304765, "y_utm32": 5064659.1046569264, "lon": 9.4452909063518788, "lat": 45.73462049842496, "discovery_evidence": "POP_GAP8:WP_02009|POP_GAP8:WP_02010|POP_GAP8:WP_02011|POP_GAP8:WP_02113|POP_GAP8:WP_02114", "discovery_seed_count": 5, "walk_graph_node_id": 27147, "walk_graph_connector_m": 2.4909823517555192, "walk_graph_connector_min": 0.031137279396943988, "walk_graph_snap_ok": true, "population_reachable_5min": 15.91301380334632, "population_additional_5min": 15.91301380334632, "existing_catchment_overlap_population_5min": 0.0, "existing_catchment_overlap_pct_5min": 0.0, "population_reachable_8min": 24.809670570176724, "population_additional_8min": 19.260783326926813, "existing_catchment_overlap_population_8min": 5.5488872432499123, "existing_catchment_overlap_pct_8min": 22.365823953826027, "population_reachable_10min": 75.935009725991989, "population_additional_10min": 23.784058583454446, "existing_catchment_overlap_population_10min": 52.150951142537544, "existing_catchment_overlap_pct_10min": 68.678401873815346, "population_reachable_12min": 262.01927729056814, "population_additional_12min": 27.702357484800142, "existing_catchment_overlap_population_12min": 234.31691980576798, "existing_catchment_overlap_pct_12min": 89.42735902058098, "nearest_official_stop_walk_network_m": 1018.5258500616395, "nearest_official_stop_cluster_id": "EX_009", "nearby_official_routes": "D185", "nearby_official_route_count": 1, "settlement_coverage_10min_count": 0, "settlement_additional_10min_count": 0, "settlement_additional_10min_names": "", "destination_coverage_10min_count": 0, "destination_additional_10min_count": 0, "destination_additional_10min_names": "", "pruned_near_existing_stop": false, "pruned_no_access_gain": false, "candidate_id": "P2S_0109", "stop_type": "PROPOSED_STOP", "physical_status": "FIELD_CHECK_PENDING", "epistemic_status": "PROPOSED_STOP/FIELD_CHECK_PENDING", "road_eligibility_status": "DERIVED_GATE_D_BUS_ELIGIBLE", "candidate_status": "HYPOTHESIS_NOT_RECOMMENDATION", "potential_interchange_with_reference_gtfs": false, "interchange_evidence_status": "DERIVED_FROM_REFERENCE_PERIOD_GTFS_PROXIMITY_NOT_CURRENT_SERVICE_GUARANTEE", "discovery_sample_spacing_m_assumption": 150.0, "candidate_pruning_radius_m_assumption": 220.0, "source_gate_b_commit": "55d726564e13acca55ce563cc911263ac513acb0", "source_gate_d_commit": "7c220f7586d0f6e5cccd14a2d518be52eb1c4a55", "PRO_COM_T": "097010", "COMUNE": "Brivio", "municipal_2021_resident_work_commuters_context": 1662, "municipal_2021_outbound_workers_context": 1339, "od_2021_context_status": "FACT_ISTAT_2021_WORK_COMMUTING_MUNICIPAL_ONLY_NOT_STOP_DEMAND" }, "geometry": { "type": "Point", "coordinates": [ 9.445290906351879, 45.73462049842496 ] } },
{ "type": "Feature", "properties": { "osm_way_id": "220010350", "highway": "service", "road_uncertainty_flags": "missing_lanes|missing_maxheight|missing_maxweight|missing_maxwidth|missing_width", "sample_index": 0, "x_utm32": 528557.09279714664, "y_utm32": 5064673.8905343264, "lon": 9.367052662718919, "lat": 45.73503172324547, "discovery_evidence": "POP_GAP8:WP_01802|POP_GAP8:WP_01923|POP_GAP8:WP_01924|POP_GAP8:WP_01925|POP_GAP8:WP_02036|POP_GAP8:WP_02037|POP_GAP8:WP_02038", "discovery_seed_count": 7, "walk_graph_node_id": 5464, "walk_graph_connector_m": 10.361731116643606, "walk_graph_connector_min": 0.12952163895804508, "walk_graph_snap_ok": true, "population_reachable_5min": 185.23196021873562, "population_additional_5min": 92.863179974541296, "existing_catchment_overlap_population_5min": 92.368780244194326, "existing_catchment_overlap_pct_5min": 49.866545781364316, "population_reachable_8min": 700.75789849997625, "population_additional_8min": 47.358338897106812, "existing_catchment_overlap_population_8min": 653.39955960286943, "existing_catchment_overlap_pct_8min": 93.2418401564248, "population_reachable_10min": 1365.931977269257, "population_additional_10min": 23.217289074503629, "existing_catchment_overlap_population_10min": 1342.7146881947533, "existing_catchment_overlap_pct_10min": 98.300260228117708, "population_reachable_12min": 2269.5705300173754, "population_additional_12min": 30.663839708361074, "existing_catchment_overlap_population_12min": 2238.9066903090143, "existing_catchment_overlap_pct_12min": 98.648914439855446, "nearest_official_stop_walk_network_m": 659.92855283669826, "nearest_official_stop_cluster_id": "EX_042", "nearby_official_routes": "D184", "nearby_official_route_count": 1, "settlement_coverage_10min_count": 0, "settlement_additional_10min_count": 0, "settlement_additional_10min_names": "", "destination_coverage_10min_count": 0, "destination_additional_10min_count": 0, "destination_additional_10min_names": "", "pruned_near_existing_stop": false, "pruned_no_access_gain": false, "candidate_id": "P2S_0110", "stop_type": "PROPOSED_STOP", "physical_status": "FIELD_CHECK_PENDING", "epistemic_status": "PROPOSED_STOP/FIELD_CHECK_PENDING", "road_eligibility_status": "DERIVED_GATE_D_BUS_ELIGIBLE", "candidate_status": "HYPOTHESIS_NOT_RECOMMENDATION", "potential_interchange_with_reference_gtfs": false, "interchange_evidence_status": "DERIVED_FROM_REFERENCE_PERIOD_GTFS_PROXIMITY_NOT_CURRENT_SERVICE_GUARANTEE", "discovery_sample_spacing_m_assumption": 150.0, "candidate_pruning_radius_m_assumption": 220.0, "source_gate_b_commit": "55d726564e13acca55ce563cc911263ac513acb0", "source_gate_d_commit": "7c220f7586d0f6e5cccd14a2d518be52eb1c4a55", "PRO_COM_T": "097092", "COMUNE": "La Valletta Brianza", "municipal_2021_resident_work_commuters_context": 1796, "municipal_2021_outbound_workers_context": 1521, "od_2021_context_status": "FACT_ISTAT_2021_WORK_COMMUTING_MUNICIPAL_ONLY_NOT_STOP_DEMAND" }, "geometry": { "type": "Point", "coordinates": [ 9.367052662718919, 45.73503172324547 ] } },
{ "type": "Feature", "properties": { "osm_way_id": "193940016", "highway": "unclassified", "road_uncertainty_flags": "missing_lanes|missing_maxheight|missing_maxweight|missing_maxwidth|missing_width", "sample_index": 0, "x_utm32": 530907.93964743044, "y_utm32": 5064675.0946873082, "lon": 9.3972681560100444, "lat": 45.734941494431716, "discovery_evidence": "POP_GAP8:WP_01838|POP_GAP8:WP_01958|POP_GAP8:WP_01959|POP_GAP8:WP_01960|POP_GAP8:WP_01961|POP_GAP8:WP_01962|POP_GAP8:WP_02069|POP_GAP8:WP_02070|POP_GAP8:WP_02071|POP_GAP8:WP_02072|POP_GAP8:WP_02073", "discovery_seed_count": 11, "walk_graph_node_id": 15855, "walk_graph_connector_m": 3.5108824724937011, "walk_graph_connector_min": 0.043886030906171263, "walk_graph_snap_ok": true, "population_reachable_5min": 99.824100864871681, "population_additional_5min": 99.824100864871681, "existing_catchment_overlap_population_5min": 0.0, "existing_catchment_overlap_pct_5min": 0.0, "population_reachable_8min": 272.38950252273582, "population_additional_8min": 212.00274079430804, "existing_catchment_overlap_population_8min": 60.3867617284278, "existing_catchment_overlap_pct_8min": 22.169269068431678, "population_reachable_10min": 399.97717337997142, "population_additional_10min": 165.0969896384793, "existing_catchment_overlap_population_10min": 234.88018374149217, "existing_catchment_overlap_pct_10min": 58.723397077052709, "population_reachable_12min": 594.02848544946346, "population_additional_12min": 89.830565727412505, "existing_catchment_overlap_population_12min": 504.19791972205093, "existing_catchment_overlap_pct_12min": 84.877734329618306, "nearest_official_stop_walk_network_m": 1061.8037336585776, "nearest_official_stop_cluster_id": "EX_023", "nearby_official_routes": "D184", "nearby_official_route_count": 1, "settlement_coverage_10min_count": 2, "settlement_additional_10min_count": 1, "settlement_additional_10min_names": "Bruggione", "destination_coverage_10min_count": 0, "destination_additional_10min_count": 0, "destination_additional_10min_names": "", "pruned_near_existing_stop": false, "pruned_no_access_gain": false, "candidate_id": "P2S_0111", "stop_type": "PROPOSED_STOP", "physical_status": "FIELD_CHECK_PENDING", "epistemic_status": "PROPOSED_STOP/FIELD_CHECK_PENDING", "road_eligibility_status": "DERIVED_GATE_D_BUS_ELIGIBLE", "candidate_status": "HYPOTHESIS_NOT_RECOMMENDATION", "potential_interchange_with_reference_gtfs": false, "interchange_evidence_status": "DERIVED_FROM_REFERENCE_PERIOD_GTFS_PROXIMITY_NOT_CURRENT_SERVICE_GUARANTEE", "discovery_sample_spacing_m_assumption": 150.0, "candidate_pruning_radius_m_assumption": 220.0, "source_gate_b_commit": "55d726564e13acca55ce563cc911263ac513acb0", "source_gate_d_commit": "7c220f7586d0f6e5cccd14a2d518be52eb1c4a55", "PRO_COM_T": "097058", "COMUNE": "Olgiate Molgora", "municipal_2021_resident_work_commuters_context": 2287, "municipal_2021_outbound_workers_context": 1961, "od_2021_context_status": "FACT_ISTAT_2021_WORK_COMMUTING_MUNICIPAL_ONLY_NOT_STOP_DEMAND" }, "geometry": { "type": "Point", "coordinates": [ 9.397268156010044, 45.734941494431716 ] } },
{ "type": "Feature", "properties": { "osm_way_id": "1463993545", "highway": "service", "road_uncertainty_flags": "missing_lanes|missing_maxheight|missing_maxweight|missing_maxwidth|missing_width", "sample_index": 0, "x_utm32": 534043.02706979413, "y_utm32": 5064705.074844189, "lon": 9.4375652631153422, "lat": 45.735064114634028, "discovery_evidence": "POP_GAP8:WP_02002|POP_GAP8:WP_02105|POP_GAP8:WP_02106|POP_GAP8:WP_02107|POP_GAP8:WP_02210|POP_GAP8:WP_02211|POP_GAP8:WP_02212|POP_GAP8:WP_02310|POP_GAP8:WP_02311", "discovery_seed_count": 9, "walk_graph_node_id": 25293, "walk_graph_connector_m": 1.6355080397707147, "walk_graph_connector_min": 0.020443850497133934, "walk_graph_snap_ok": true, "population_reachable_5min": 212.73747130355557, "population_additional_5min": 125.76448939747408, "existing_catchment_overlap_population_5min": 86.972981906081515, "existing_catchment_overlap_pct_5min": 40.88277508101973, "population_reachable_8min": 510.90407406199301, "population_additional_8min": 94.476785030230673, "existing_catchment_overlap_population_8min": 416.42728903176237, "existing_catchment_overlap_pct_8min": 81.507920992079065, "population_reachable_10min": 735.22910544789875, "population_additional_10min": 86.472147562636906, "existing_catchment_overlap_population_10min": 648.7569578852615, "existing_catchment_overlap_pct_10min": 88.23874804167896, "population_reachable_12min": 992.22301371220055, "population_additional_12min": 22.858334082823202, "existing_catchment_overlap_population_12min": 969.36467962937729, "existing_catchment_overlap_pct_12min": 97.696250362375352, "nearest_official_stop_walk_network_m": 374.2541109056728, "nearest_official_stop_cluster_id": "EX_004", "nearby_official_routes": "D148|D150|D185", "nearby_official_route_count": 3, "settlement_coverage_10min_count": 1, "settlement_additional_10min_count": 0, "settlement_additional_10min_names": "", "destination_coverage_10min_count": 0, "destination_additional_10min_count": 0, "destination_additional_10min_names": "", "pruned_near_existing_stop": false, "pruned_no_access_gain": false, "candidate_id": "P2S_0112", "stop_type": "PROPOSED_STOP", "physical_status": "FIELD_CHECK_PENDING", "epistemic_status": "PROPOSED_STOP/FIELD_CHECK_PENDING", "road_eligibility_status": "DERIVED_GATE_D_BUS_ELIGIBLE", "candidate_status": "HYPOTHESIS_NOT_RECOMMENDATION", "potential_interchange_with_reference_gtfs": false, "interchange_evidence_status": "DERIVED_FROM_REFERENCE_PERIOD_GTFS_PROXIMITY_NOT_CURRENT_SERVICE_GUARANTEE", "discovery_sample_spacing_m_assumption": 150.0, "candidate_pruning_radius_m_assumption": 220.0, "source_gate_b_commit": "55d726564e13acca55ce563cc911263ac513acb0", "source_gate_d_commit": "7c220f7586d0f6e5cccd14a2d518be52eb1c4a55", "PRO_COM_T": "097010", "COMUNE": "Brivio", "municipal_2021_resident_work_commuters_context": 1662, "municipal_2021_outbound_workers_context": 1339, "od_2021_context_status": "FACT_ISTAT_2021_WORK_COMMUTING_MUNICIPAL_ONLY_NOT_STOP_DEMAND" }, "geometry": { "type": "Point", "coordinates": [ 9.437565263115342, 45.735064114634028 ] } },
{ "type": "Feature", "properties": { "osm_way_id": "374866166", "highway": "residential", "road_uncertainty_flags": "missing_lanes|missing_maxheight|missing_maxweight|missing_maxwidth|missing_width", "sample_index": 0, "x_utm32": 526885.41232953931, "y_utm32": 5064708.378422034, "lon": 9.3455683863561276, "lat": 45.735409141960858, "discovery_evidence": "POP_GAP8:WP_01653|POP_GAP8:WP_01776|POP_GAP8:WP_01777|POP_GAP8:WP_01899|POP_GAP8:WP_01900", "discovery_seed_count": 5, "walk_graph_node_id": 1672, "walk_graph_connector_m": 33.038985788009398, "walk_graph_connector_min": 0.41298732235011748, "walk_graph_snap_ok": true, "population_reachable_5min": 69.543492138372542, "population_additional_5min": 69.543492138372542, "existing_catchment_overlap_population_5min": 0.0, "existing_catchment_overlap_pct_5min": 0.0, "population_reachable_8min": 71.807951717906633, "population_additional_8min": 71.807951717906633, "existing_catchment_overlap_population_8min": 0.0, "existing_catchment_overlap_pct_8min": 0.0, "population_reachable_10min": 73.132698983479472, "population_additional_10min": 73.132698983479472, "existing_catchment_overlap_population_10min": 0.0, "existing_catchment_overlap_pct_10min": 0.0, "population_reachable_12min": 74.232508215463014, "population_additional_12min": 74.232508215463014, "existing_catchment_overlap_population_12min": 0.0, "existing_catchment_overlap_pct_12min": 0.0, "nearest_official_stop_walk_network_m": 2166.1043395177044, "nearest_official_stop_cluster_id": "EX_027", "nearby_official_routes": "D184", "nearby_official_route_count": 1, "settlement_coverage_10min_count": 0, "settlement_additional_10min_count": 0, "settlement_additional_10min_names": "", "destination_coverage_10min_count": 0, "destination_additional_10min_count": 0, "destination_additional_10min_names": "", "pruned_near_existing_stop": false, "pruned_no_access_gain": false, "candidate_id": "P2S_0113", "stop_type": "PROPOSED_STOP", "physical_status": "FIELD_CHECK_PENDING", "epistemic_status": "PROPOSED_STOP/FIELD_CHECK_PENDING", "road_eligibility_status": "DERIVED_GATE_D_BUS_ELIGIBLE", "candidate_status": "HYPOTHESIS_NOT_RECOMMENDATION", "potential_interchange_with_reference_gtfs": false, "interchange_evidence_status": "DERIVED_FROM_REFERENCE_PERIOD_GTFS_PROXIMITY_NOT_CURRENT_SERVICE_GUARANTEE", "discovery_sample_spacing_m_assumption": 150.0, "candidate_pruning_radius_m_assumption": 220.0, "source_gate_b_commit": "55d726564e13acca55ce563cc911263ac513acb0", "source_gate_d_commit": "7c220f7586d0f6e5cccd14a2d518be52eb1c4a55", "PRO_COM_T": "097092", "COMUNE": "La Valletta Brianza", "municipal_2021_resident_work_commuters_context": 1796, "municipal_2021_outbound_workers_context": 1521, "od_2021_context_status": "FACT_ISTAT_2021_WORK_COMMUTING_MUNICIPAL_ONLY_NOT_STOP_DEMAND" }, "geometry": { "type": "Point", "coordinates": [ 9.345568386356128, 45.735409141960858 ] } },
{ "type": "Feature", "properties": { "osm_way_id": "173735246", "highway": "residential", "road_uncertainty_flags": "missing_lanes|missing_maxheight|missing_maxweight|missing_maxwidth|missing_width", "sample_index": 0, "x_utm32": 529350.02909165027, "y_utm32": 5064733.825952339, "lon": 9.3772479170469794, "lat": 45.735537979442014, "discovery_evidence": "POP_GAP8:WP_01935|POP_GAP8:WP_02049", "discovery_seed_count": 2, "walk_graph_node_id": 9123, "walk_graph_connector_m": 6.7037867047747195, "walk_graph_connector_min": 0.083797333809683988, "walk_graph_snap_ok": true, "population_reachable_5min": 274.77159308559817, "population_additional_5min": 76.643509316350091, "existing_catchment_overlap_population_5min": 198.12808376924812, "existing_catchment_overlap_pct_5min": 72.10646542618629, "population_reachable_8min": 501.41436549450674, "population_additional_8min": 1.2440768547054546, "existing_catchment_overlap_population_8min": 500.17028863980124, "existing_catchment_overlap_pct_8min": 99.751886475474521, "population_reachable_10min": 827.68922037072196, "population_additional_10min": 22.16653235995005, "existing_catchment_overlap_population_10min": 805.52268801077207, "existing_catchment_overlap_pct_10min": 97.321877364788989, "population_reachable_12min": 1207.8946075961942, "population_additional_12min": 65.673037399323107, "existing_catchment_overlap_population_12min": 1142.221570196871, "existing_catchment_overlap_pct_12min": 94.56301592984029, "nearest_official_stop_walk_network_m": 313.73614280861977, "nearest_official_stop_cluster_id": "EX_024", "nearby_official_routes": "D184", "nearby_official_route_count": 1, "settlement_coverage_10min_count": 1, "settlement_additional_10min_count": 0, "settlement_additional_10min_names": "", "destination_coverage_10min_count": 2, "destination_additional_10min_count": 0, "destination_additional_10min_names": "", "pruned_near_existing_stop": false, "pruned_no_access_gain": false, "candidate_id": "P2S_0114", "stop_type": "PROPOSED_STOP", "physical_status": "FIELD_CHECK_PENDING", "epistemic_status": "PROPOSED_STOP/FIELD_CHECK_PENDING", "road_eligibility_status": "DERIVED_GATE_D_BUS_ELIGIBLE", "candidate_status": "HYPOTHESIS_NOT_RECOMMENDATION", "potential_interchange_with_reference_gtfs": false, "interchange_evidence_status": "DERIVED_FROM_REFERENCE_PERIOD_GTFS_PROXIMITY_NOT_CURRENT_SERVICE_GUARANTEE", "discovery_sample_spacing_m_assumption": 150.0, "candidate_pruning_radius_m_assumption": 220.0, "source_gate_b_commit": "55d726564e13acca55ce563cc911263ac513acb0", "source_gate_d_commit": "7c220f7586d0f6e5cccd14a2d518be52eb1c4a55", "PRO_COM_T": "097092", "COMUNE": "La Valletta Brianza", "municipal_2021_resident_work_commuters_context": 1796, "municipal_2021_outbound_workers_context": 1521, "od_2021_context_status": "FACT_ISTAT_2021_WORK_COMMUTING_MUNICIPAL_ONLY_NOT_STOP_DEMAND" }, "geometry": { "type": "Point", "coordinates": [ 9.377247917046979, 45.735537979442014 ] } },
{ "type": "Feature", "properties": { "osm_way_id": "1462825435", "highway": "service", "road_uncertainty_flags": "missing_lanes|missing_maxheight|missing_maxweight|missing_maxwidth|missing_width", "sample_index": 0, "x_utm32": 527719.75757611752, "y_utm32": 5064753.1619689101, "lon": 9.3562948989477057, "lat": 45.735779281349174, "discovery_evidence": "POP_GAP8:WP_01788|POP_GAP8:WP_01789|POP_GAP8:WP_01790|POP_GAP8:WP_01912", "discovery_seed_count": 4, "walk_graph_node_id": 3072, "walk_graph_connector_m": 4.6762871936974495, "walk_graph_connector_min": 0.058453589921218116, "walk_graph_snap_ok": true, "population_reachable_5min": 28.685181157898299, "population_additional_5min": 28.685181157898299, "existing_catchment_overlap_population_5min": 0.0, "existing_catchment_overlap_pct_5min": 0.0, "population_reachable_8min": 125.07809214966233, "population_additional_8min": 125.07809214966233, "existing_catchment_overlap_population_8min": 0.0, "existing_catchment_overlap_pct_8min": 0.0, "population_reachable_10min": 272.64454994009071, "population_additional_10min": 179.19825923730409, "existing_catchment_overlap_population_10min": 93.446290702786612, "existing_catchment_overlap_pct_10min": 34.274035818181567, "population_reachable_12min": 392.7202874179614, "population_additional_12min": 176.9392668438704, "existing_catchment_overlap_population_12min": 215.78102057409097, "existing_catchment_overlap_pct_12min": 54.945218642204033, "nearest_official_stop_walk_network_m": 1147.9231501067977, "nearest_official_stop_cluster_id": "EX_027", "nearby_official_routes": "D184", "nearby_official_route_count": 1, "settlement_coverage_10min_count": 1, "settlement_additional_10min_count": 1, "settlement_additional_10min_names": "Bernaga inferiore", "destination_coverage_10min_count": 1, "destination_additional_10min_count": 1, "destination_additional_10min_names": "OSM amenity:townhall 143996275", "pruned_near_existing_stop": false, "pruned_no_access_gain": false, "candidate_id": "P2S_0115", "stop_type": "PROPOSED_STOP", "physical_status": "FIELD_CHECK_PENDING", "epistemic_status": "PROPOSED_STOP/FIELD_CHECK_PENDING", "road_eligibility_status": "DERIVED_GATE_D_BUS_ELIGIBLE", "candidate_status": "HYPOTHESIS_NOT_RECOMMENDATION", "potential_interchange_with_reference_gtfs": false, "interchange_evidence_status": "DERIVED_FROM_REFERENCE_PERIOD_GTFS_PROXIMITY_NOT_CURRENT_SERVICE_GUARANTEE", "discovery_sample_spacing_m_assumption": 150.0, "candidate_pruning_radius_m_assumption": 220.0, "source_gate_b_commit": "55d726564e13acca55ce563cc911263ac513acb0", "source_gate_d_commit": "7c220f7586d0f6e5cccd14a2d518be52eb1c4a55", "PRO_COM_T": "097092", "COMUNE": "La Valletta Brianza", "municipal_2021_resident_work_commuters_context": 1796, "municipal_2021_outbound_workers_context": 1521, "od_2021_context_status": "FACT_ISTAT_2021_WORK_COMMUTING_MUNICIPAL_ONLY_NOT_STOP_DEMAND" }, "geometry": { "type": "Point", "coordinates": [ 9.356294898947706, 45.735779281349174 ] } },
{ "type": "Feature", "properties": { "osm_way_id": "1463441159", "highway": "service", "road_uncertainty_flags": "missing_lanes|missing_maxheight|missing_maxweight|missing_maxwidth|missing_width", "sample_index": 0, "x_utm32": 532160.43353779544, "y_utm32": 5064755.9011118105, "lon": 9.4133717520524716, "lat": 45.735611685453698, "discovery_evidence": "POP_GAP8:WP_01857", "discovery_seed_count": 1, "walk_graph_node_id": 20191, "walk_graph_connector_m": 0.13658673138187979, "walk_graph_connector_min": 0.0017073341422734975, "walk_graph_snap_ok": true, "population_reachable_5min": 400.62794475406616, "population_additional_5min": 364.81420121914988, "existing_catchment_overlap_population_5min": 35.813743534916306, "existing_catchment_overlap_pct_5min": 8.9394022568498865, "population_reachable_8min": 940.11712000434488, "population_additional_8min": 325.91453707118183, "existing_catchment_overlap_population_8min": 614.20258293316317, "existing_catchment_overlap_pct_8min": 65.332560152752521, "population_reachable_10min": 1366.6126771442161, "population_additional_10min": 154.49005154596389, "existing_catchment_overlap_population_10min": 1212.1226255982522, "existing_catchment_overlap_pct_10min": 88.695403304116951, "population_reachable_12min": 1891.820205064628, "population_additional_12min": 58.836738544527655, "existing_catchment_overlap_population_12min": 1832.9834665201004, "existing_catchment_overlap_pct_12min": 96.889940260336857, "nearest_official_stop_walk_network_m": 703.01004452945608, "nearest_official_stop_cluster_id": "EX_035", "nearby_official_routes": "D148|D150|D185", "nearby_official_route_count": 3, "settlement_coverage_10min_count": 1, "settlement_additional_10min_count": 0, "settlement_additional_10min_names": "", "destination_coverage_10min_count": 1, "destination_additional_10min_count": 0, "destination_additional_10min_names": "", "pruned_near_existing_stop": false, "pruned_no_access_gain": false, "candidate_id": "P2S_0116", "stop_type": "PROPOSED_STOP", "physical_status": "FIELD_CHECK_PENDING", "epistemic_status": "PROPOSED_STOP/FIELD_CHECK_PENDING", "road_eligibility_status": "DERIVED_GATE_D_BUS_ELIGIBLE", "candidate_status": "HYPOTHESIS_NOT_RECOMMENDATION", "potential_interchange_with_reference_gtfs": false, "interchange_evidence_status": "DERIVED_FROM_REFERENCE_PERIOD_GTFS_PROXIMITY_NOT_CURRENT_SERVICE_GUARANTEE", "discovery_sample_spacing_m_assumption": 150.0, "candidate_pruning_radius_m_assumption": 220.0, "source_gate_b_commit": "55d726564e13acca55ce563cc911263ac513acb0", "source_gate_d_commit": "7c220f7586d0f6e5cccd14a2d518be52eb1c4a55", "PRO_COM_T": "097058", "COMUNE": "Olgiate Molgora", "municipal_2021_resident_work_commuters_context": 2287, "municipal_2021_outbound_workers_context": 1961, "od_2021_context_status": "FACT_ISTAT_2021_WORK_COMMUTING_MUNICIPAL_ONLY_NOT_STOP_DEMAND" }, "geometry": { "type": "Point", "coordinates": [ 9.413371752052472, 45.735611685453698 ] } },
{ "type": "Feature", "properties": { "osm_way_id": "193862565", "highway": "residential", "road_uncertainty_flags": "missing_lanes|missing_maxheight|missing_maxweight|missing_maxwidth|missing_width", "sample_index": 0, "x_utm32": 529854.45274822216, "y_utm32": 5064757.4789445149, "lon": 9.3837327929891572, "lat": 45.735729278221179, "discovery_evidence": "POP_GAP8:WP_01699", "discovery_seed_count": 1, "walk_graph_node_id": 11351, "walk_graph_connector_m": 5.670853331619556, "walk_graph_connector_min": 0.070885666645244455, "walk_graph_snap_ok": true, "population_reachable_5min": 119.61521768058833, "population_additional_5min": 6.6826137288360474, "existing_catchment_overlap_population_5min": 112.93260395175227, "existing_catchment_overlap_pct_5min": 94.413241175816935, "population_reachable_8min": 297.2558797529037, "population_additional_8min": 1.0664508562241028, "existing_catchment_overlap_population_8min": 296.1894288966796, "existing_catchment_overlap_pct_8min": 99.641234731131107, "population_reachable_10min": 482.54643749514412, "population_additional_10min": 0.0, "existing_catchment_overlap_population_10min": 482.54643749514412, "existing_catchment_overlap_pct_10min": 100.0, "population_reachable_12min": 669.38660028878985, "population_additional_12min": 0.0, "existing_catchment_overlap_population_12min": 669.38660028878985, "existing_catchment_overlap_pct_12min": 100.0, "nearest_official_stop_walk_network_m": 177.22098471769121, "nearest_official_stop_cluster_id": "EX_026", "nearby_official_routes": "D184", "nearby_official_route_count": 1, "settlement_coverage_10min_count": 1, "settlement_additional_10min_count": 0, "settlement_additional_10min_names": "", "destination_coverage_10min_count": 0, "destination_additional_10min_count": 0, "destination_additional_10min_names": "", "pruned_near_existing_stop": false, "pruned_no_access_gain": false, "candidate_id": "P2S_0117", "stop_type": "PROPOSED_STOP", "physical_status": "FIELD_CHECK_PENDING", "epistemic_status": "PROPOSED_STOP/FIELD_CHECK_PENDING", "road_eligibility_status": "DERIVED_GATE_D_BUS_ELIGIBLE", "candidate_status": "HYPOTHESIS_NOT_RECOMMENDATION", "potential_interchange_with_reference_gtfs": true, "interchange_evidence_status": "DERIVED_FROM_REFERENCE_PERIOD_GTFS_PROXIMITY_NOT_CURRENT_SERVICE_GUARANTEE", "discovery_sample_spacing_m_assumption": 150.0, "candidate_pruning_radius_m_assumption": 220.0, "source_gate_b_commit": "55d726564e13acca55ce563cc911263ac513acb0", "source_gate_d_commit": "7c220f7586d0f6e5cccd14a2d518be52eb1c4a55", "PRO_COM_T": "097074", "COMUNE": "Santa Maria Hoè", "municipal_2021_resident_work_commuters_context": 836, "municipal_2021_outbound_workers_context": 724, "od_2021_context_status": "FACT_ISTAT_2021_WORK_COMMUTING_MUNICIPAL_ONLY_NOT_STOP_DEMAND" }, "geometry": { "type": "Point", "coordinates": [ 9.383732792989157, 45.735729278221179 ] } },
{ "type": "Feature", "properties": { "osm_way_id": "1463993560", "highway": "service", "road_uncertainty_flags": "missing_lanes|missing_maxheight|missing_maxweight|missing_maxwidth|missing_width", "sample_index": 0, "x_utm32": 534321.7671958853, "y_utm32": 5064792.0380956419, "lon": 9.4411540501293896, "lat": 45.73583305001236, "discovery_evidence": "POP_GAP8:WP_01890|POP_GAP8:WP_01891|POP_GAP8:WP_02004|POP_GAP8:WP_02005|POP_GAP8:WP_02006|POP_GAP8:WP_02108|POP_GAP8:WP_02109|POP_GAP8:WP_02110", "discovery_seed_count": 8, "walk_graph_node_id": 25913, "walk_graph_connector_m": 16.719731085717783, "walk_graph_connector_min": 0.20899663857147227, "walk_graph_snap_ok": true, "population_reachable_5min": 116.38927597932359, "population_additional_5min": 116.38927597932359, "existing_catchment_overlap_population_5min": 0.0, "existing_catchment_overlap_pct_5min": 0.0, "population_reachable_8min": 254.41150080642063, "population_additional_8min": 133.35964594238689, "existing_catchment_overlap_population_8min": 121.05185486403376, "existing_catchment_overlap_pct_8min": 47.581125255866873, "population_reachable_10min": 454.26266430136184, "population_additional_10min": 93.123528264220909, "existing_catchment_overlap_population_10min": 361.13913603714104, "existing_catchment_overlap_pct_10min": 79.500069985403471, "population_reachable_12min": 695.12318185986874, "population_additional_12min": 26.415455044133751, "existing_catchment_overlap_population_12min": 668.7077268157351, "existing_catchment_overlap_pct_12min": 96.199888633629428, "nearest_official_stop_walk_network_m": 741.41818466748089, "nearest_official_stop_cluster_id": "EX_004", "nearby_official_routes": "D148|D150|D185", "nearby_official_route_count": 3, "settlement_coverage_10min_count": 0, "settlement_additional_10min_count": 0, "settlement_additional_10min_names": "", "destination_coverage_10min_count": 0, "destination_additional_10min_count": 0, "destination_additional_10min_names": "", "pruned_near_existing_stop": false, "pruned_no_access_gain": false, "candidate_id": "P2S_0118", "stop_type": "PROPOSED_STOP", "physical_status": "FIELD_CHECK_PENDING", "epistemic_status": "PROPOSED_STOP/FIELD_CHECK_PENDING", "road_eligibility_status": "DERIVED_GATE_D_BUS_ELIGIBLE", "candidate_status": "HYPOTHESIS_NOT_RECOMMENDATION", "potential_interchange_with_reference_gtfs": false, "interchange_evidence_status": "DERIVED_FROM_REFERENCE_PERIOD_GTFS_PROXIMITY_NOT_CURRENT_SERVICE_GUARANTEE", "discovery_sample_spacing_m_assumption": 150.0, "candidate_pruning_radius_m_assumption": 220.0, "source_gate_b_commit": "55d726564e13acca55ce563cc911263ac513acb0", "source_gate_d_commit": "7c220f7586d0f6e5cccd14a2d518be52eb1c4a55", "PRO_COM_T": "097010", "COMUNE": "Brivio", "municipal_2021_resident_work_commuters_context": 1662, "municipal_2021_outbound_workers_context": 1339, "od_2021_context_status": "FACT_ISTAT_2021_WORK_COMMUTING_MUNICIPAL_ONLY_NOT_STOP_DEMAND" }, "geometry": { "type": "Point", "coordinates": [ 9.44115405012939, 45.73583305001236 ] } },
{ "type": "Feature", "properties": { "osm_way_id": "173640076", "highway": "residential", "road_uncertainty_flags": "missing_lanes|missing_maxheight|missing_maxweight|missing_maxwidth|missing_width", "sample_index": 0, "x_utm32": 528306.17628016451, "y_utm32": 5064794.2784301406, "lon": 9.3638346619471324, "lat": 45.736125599638171, "discovery_evidence": "POP_GAP8:WP_01920|POP_GAP8:WP_01921|POP_GAP8:WP_01922", "discovery_seed_count": 3, "walk_graph_node_id": 4843, "walk_graph_connector_m": 0.03012134648844602, "walk_graph_connector_min": 0.00037651683110557523, "walk_graph_snap_ok": true, "population_reachable_5min": 209.24390747339095, "population_additional_5min": 133.73806856267032, "existing_catchment_overlap_population_5min": 75.505838910720598, "existing_catchment_overlap_pct_5min": 36.085083586160088, "population_reachable_8min": 874.91439753135523, "population_additional_8min": 121.21266273359618, "existing_catchment_overlap_population_8min": 753.70173479775895, "existing_catchment_overlap_pct_8min": 86.145768880291826, "population_reachable_10min": 1467.9506626226948, "population_additional_10min": 107.07797311192935, "existing_catchment_overlap_population_10min": 1360.8726895107652, "existing_catchment_overlap_pct_10min": 92.705614988407021, "population_reachable_12min": 2230.6510453503402, "population_additional_12min": 34.370634873542478, "existing_catchment_overlap_population_12min": 2196.2804104767974, "existing_catchment_overlap_pct_12min": 98.45916576933061, "nearest_official_stop_walk_network_m": 495.53307822649447, "nearest_official_stop_cluster_id": "EX_027", "nearby_official_routes": "D184", "nearby_official_route_count": 1, "settlement_coverage_10min_count": 1, "settlement_additional_10min_count": 1, "settlement_additional_10min_names": "Perego", "destination_coverage_10min_count": 1, "destination_additional_10min_count": 1, "destination_additional_10min_names": "OSM amenity:townhall 143996275", "pruned_near_existing_stop": false, "pruned_no_access_gain": false, "candidate_id": "P2S_0119", "stop_type": "PROPOSED_STOP", "physical_status": "FIELD_CHECK_PENDING", "epistemic_status": "PROPOSED_STOP/FIELD_CHECK_PENDING", "road_eligibility_status": "DERIVED_GATE_D_BUS_ELIGIBLE", "candidate_status": "HYPOTHESIS_NOT_RECOMMENDATION", "potential_interchange_with_reference_gtfs": false, "interchange_evidence_status": "DERIVED_FROM_REFERENCE_PERIOD_GTFS_PROXIMITY_NOT_CURRENT_SERVICE_GUARANTEE", "discovery_sample_spacing_m_assumption": 150.0, "candidate_pruning_radius_m_assumption": 220.0, "source_gate_b_commit": "55d726564e13acca55ce563cc911263ac513acb0", "source_gate_d_commit": "7c220f7586d0f6e5cccd14a2d518be52eb1c4a55", "PRO_COM_T": "097092", "COMUNE": "La Valletta Brianza", "municipal_2021_resident_work_commuters_context": 1796, "municipal_2021_outbound_workers_context": 1521, "od_2021_context_status": "FACT_ISTAT_2021_WORK_COMMUTING_MUNICIPAL_ONLY_NOT_STOP_DEMAND" }, "geometry": { "type": "Point", "coordinates": [ 9.363834661947132, 45.736125599638171 ] } },
{ "type": "Feature", "properties": { "osm_way_id": "1430856315", "highway": "service", "road_uncertainty_flags": "missing_lanes|missing_maxheight|missing_maxweight|missing_maxwidth|missing_width", "sample_index": 0, "x_utm32": 530366.4439755124, "y_utm32": 5064813.2797847362, "lon": 9.3903169940892024, "lat": 45.73620922493032, "discovery_evidence": "POP_GAP8:WP_01707|POP_GAP8:WP_01708", "discovery_seed_count": 2, "walk_graph_node_id": 13591, "walk_graph_connector_m": 5.1296010901843259, "walk_graph_connector_min": 0.064120013627304073, "walk_graph_snap_ok": true, "population_reachable_5min": 82.665975984923136, "population_additional_5min": 59.598942896276441, "existing_catchment_overlap_population_5min": 23.067033088646703, "existing_catchment_overlap_pct_5min": 27.903902196538194, "population_reachable_8min": 384.45723872007125, "population_additional_8min": 70.667826508475599, "existing_catchment_overlap_population_8min": 313.78941221159562, "existing_catchment_overlap_pct_8min": 81.618807141272256, "population_reachable_10min": 673.23083430532529, "population_additional_10min": 61.727553376695113, "existing_catchment_overlap_population_10min": 611.50328092863015, "existing_catchment_overlap_pct_10min": 90.831145837164627, "population_reachable_12min": 1013.8223190786836, "population_additional_12min": 0.73950106021257889, "existing_catchment_overlap_population_12min": 1013.082818018471, "existing_catchment_overlap_pct_12min": 99.927058119919423, "nearest_official_stop_walk_network_m": 534.58359829261769, "nearest_official_stop_cluster_id": "EX_037", "nearby_official_routes": "D148", "nearby_official_route_count": 1, "settlement_coverage_10min_count": 3, "settlement_additional_10min_count": 0, "settlement_additional_10min_names": "", "destination_coverage_10min_count": 0, "destination_additional_10min_count": 0, "destination_additional_10min_names": "", "pruned_near_existing_stop": false, "pruned_no_access_gain": false, "candidate_id": "P2S_0120", "stop_type": "PROPOSED_STOP", "physical_status": "FIELD_CHECK_PENDING", "epistemic_status": "PROPOSED_STOP/FIELD_CHECK_PENDING", "road_eligibility_status": "DERIVED_GATE_D_BUS_ELIGIBLE", "candidate_status": "HYPOTHESIS_NOT_RECOMMENDATION", "potential_interchange_with_reference_gtfs": false, "interchange_evidence_status": "DERIVED_FROM_REFERENCE_PERIOD_GTFS_PROXIMITY_NOT_CURRENT_SERVICE_GUARANTEE", "discovery_sample_spacing_m_assumption": 150.0, "candidate_pruning_radius_m_assumption": 220.0, "source_gate_b_commit": "55d726564e13acca55ce563cc911263ac513acb0", "source_gate_d_commit": "7c220f7586d0f6e5cccd14a2d518be52eb1c4a55", "PRO_COM_T": "097058", "COMUNE": "Olgiate Molgora", "municipal_2021_resident_work_commuters_context": 2287, "municipal_2021_outbound_workers_context": 1961, "od_2021_context_status": "FACT_ISTAT_2021_WORK_COMMUTING_MUNICIPAL_ONLY_NOT_STOP_DEMAND" }, "geometry": { "type": "Point", "coordinates": [ 9.390316994089202, 45.73620922493032 ] } },
{ "type": "Feature", "properties": { "osm_way_id": "1462825427", "highway": "service", "road_uncertainty_flags": "missing_lanes|missing_maxheight|missing_maxweight|missing_maxwidth|missing_width", "sample_index": 0, "x_utm32": 526642.62014235416, "y_utm32": 5064826.4673983771, "lon": 9.3424542397129375, "lat": 45.736481409811091, "discovery_evidence": "POP_GAP8:WP_01408|POP_GAP8:WP_01409|POP_GAP8:WP_01529|POP_GAP8:WP_01652", "discovery_seed_count": 4, "walk_graph_node_id": 1093, "walk_graph_connector_m": 5.1923941912365947, "walk_graph_connector_min": 0.064904927390457431, "walk_graph_snap_ok": true, "population_reachable_5min": 0.0, "population_additional_5min": 0.0, "existing_catchment_overlap_population_5min": 0.0, "existing_catchment_overlap_pct_5min": 0.0, "population_reachable_8min": 7.0742804012070177, "population_additional_8min": 7.0742804012070177, "existing_catchment_overlap_population_8min": 0.0, "existing_catchment_overlap_pct_8min": 0.0, "population_reachable_10min": 54.512410438309217, "population_additional_10min": 54.512410438309217, "existing_catchment_overlap_population_10min": 0.0, "existing_catchment_overlap_pct_10min": 0.0, "population_reachable_12min": 69.431186173697412, "population_additional_12min": 69.431186173697412, "existing_catchment_overlap_population_12min": 0.0, "existing_catchment_overlap_pct_12min": 0.0, "nearest_official_stop_walk_network_m": 2569.7724852680421, "nearest_official_stop_cluster_id": "EX_027", "nearby_official_routes": "D184", "nearby_official_route_count": 1, "settlement_coverage_10min_count": 0, "settlement_additional_10min_count": 0, "settlement_additional_10min_names": "", "destination_coverage_10min_count": 0, "destination_additional_10min_count": 0, "destination_additional_10min_names": "", "pruned_near_existing_stop": false, "pruned_no_access_gain": false, "candidate_id": "P2S_0121", "stop_type": "PROPOSED_STOP", "physical_status": "FIELD_CHECK_PENDING", "epistemic_status": "PROPOSED_STOP/FIELD_CHECK_PENDING", "road_eligibility_status": "DERIVED_GATE_D_BUS_ELIGIBLE", "candidate_status": "HYPOTHESIS_NOT_RECOMMENDATION", "potential_interchange_with_reference_gtfs": false, "interchange_evidence_status": "DERIVED_FROM_REFERENCE_PERIOD_GTFS_PROXIMITY_NOT_CURRENT_SERVICE_GUARANTEE", "discovery_sample_spacing_m_assumption": 150.0, "candidate_pruning_radius_m_assumption": 220.0, "source_gate_b_commit": "55d726564e13acca55ce563cc911263ac513acb0", "source_gate_d_commit": "7c220f7586d0f6e5cccd14a2d518be52eb1c4a55", "PRO_COM_T": "097092", "COMUNE": "La Valletta Brianza", "municipal_2021_resident_work_commuters_context": 1796, "municipal_2021_outbound_workers_context": 1521, "od_2021_context_status": "FACT_ISTAT_2021_WORK_COMMUTING_MUNICIPAL_ONLY_NOT_STOP_DEMAND" }, "geometry": { "type": "Point", "coordinates": [ 9.342454239712938, 45.736481409811091 ] } },
{ "type": "Feature", "properties": { "osm_way_id": "1463441219", "highway": "service", "road_uncertainty_flags": "missing_lanes|missing_maxheight|missing_maxweight|missing_maxwidth|missing_width", "sample_index": 0, "x_utm32": 531325.34236457967, "y_utm32": 5064835.9676433122, "lon": 9.402643419759773, "lat": 45.736370657756659, "discovery_evidence": "POP_GAP8:WP_01721|POP_GAP8:WP_01843|POP_GAP8:WP_01844|POP_GAP8:WP_01845|POP_GAP8:WP_01963|POP_GAP8:WP_01964|POP_GAP8:WP_01965", "discovery_seed_count": 7, "walk_graph_node_id": 17231, "walk_graph_connector_m": 0.77794257884910778, "walk_graph_connector_min": 0.0097242822356138469, "walk_graph_snap_ok": true, "population_reachable_5min": 113.88419296387229, "population_additional_5min": 91.333250700734951, "existing_catchment_overlap_population_5min": 22.550942263137344, "existing_catchment_overlap_pct_5min": 19.801643824522007, "population_reachable_8min": 360.65530743421147, "population_additional_8min": 95.56997545250843, "existing_catchment_overlap_population_8min": 265.08533198170306, "existing_catchment_overlap_pct_8min": 73.501020646995002, "population_reachable_10min": 684.71158564497478, "population_additional_10min": 47.375982288797381, "existing_catchment_overlap_population_10min": 637.33560335617744, "existing_catchment_overlap_pct_10min": 93.080884962071906, "population_reachable_12min": 1100.0157563964085, "population_additional_12min": 7.3623019273998924, "existing_catchment_overlap_population_12min": 1092.6534544690085, "existing_catchment_overlap_pct_12min": 99.33070941169801, "nearest_official_stop_walk_network_m": 698.30483266492422, "nearest_official_stop_cluster_id": "EX_011", "nearby_official_routes": "D184|D185", "nearby_official_route_count": 2, "settlement_coverage_10min_count": 2, "settlement_additional_10min_count": 0, "settlement_additional_10min_names": "", "destination_coverage_10min_count": 1, "destination_additional_10min_count": 0, "destination_additional_10min_names": "", "pruned_near_existing_stop": false, "pruned_no_access_gain": false, "candidate_id": "P2S_0122", "stop_type": "PROPOSED_STOP", "physical_status": "FIELD_CHECK_PENDING", "epistemic_status": "PROPOSED_STOP/FIELD_CHECK_PENDING", "road_eligibility_status": "DERIVED_GATE_D_BUS_ELIGIBLE", "candidate_status": "HYPOTHESIS_NOT_RECOMMENDATION", "potential_interchange_with_reference_gtfs": false, "interchange_evidence_status": "DERIVED_FROM_REFERENCE_PERIOD_GTFS_PROXIMITY_NOT_CURRENT_SERVICE_GUARANTEE", "discovery_sample_spacing_m_assumption": 150.0, "candidate_pruning_radius_m_assumption": 220.0, "source_gate_b_commit": "55d726564e13acca55ce563cc911263ac513acb0", "source_gate_d_commit": "7c220f7586d0f6e5cccd14a2d518be52eb1c4a55", "PRO_COM_T": "097058", "COMUNE": "Olgiate Molgora", "municipal_2021_resident_work_commuters_context": 2287, "municipal_2021_outbound_workers_context": 1961, "od_2021_context_status": "FACT_ISTAT_2021_WORK_COMMUTING_MUNICIPAL_ONLY_NOT_STOP_DEMAND" }, "geometry": { "type": "Point", "coordinates": [ 9.402643419759773, 45.736370657756659 ] } },
{ "type": "Feature", "properties": { "osm_way_id": "581532449", "highway": "unclassified", "road_uncertainty_flags": "missing_lanes|missing_maxheight|missing_maxweight|missing_maxwidth|missing_width", "sample_index": 0, "x_utm32": 531769.34962430468, "y_utm32": 5064854.6565995095, "lon": 9.4083515922070085, "lat": 45.736518613606037, "discovery_evidence": "POP_GAP8:WP_01729", "discovery_seed_count": 1, "walk_graph_node_id": 18971, "walk_graph_connector_m": 2.9947891968231519, "walk_graph_connector_min": 0.037434864960289402, "walk_graph_snap_ok": true, "population_reachable_5min": 338.85340751373286, "population_additional_5min": 237.28673089632753, "existing_catchment_overlap_population_5min": 101.56667661740536, "existing_catchment_overlap_pct_5min": 29.973632953149256, "population_reachable_8min": 957.50670311313786, "population_additional_8min": 302.79939336348639, "existing_catchment_overlap_population_8min": 654.70730974965159, "existing_catchment_overlap_pct_8min": 68.376263854968769, "population_reachable_10min": 1325.7397574145427, "population_additional_10min": 97.164052867089183, "existing_catchment_overlap_population_10min": 1228.5757045474534, "existing_catchment_overlap_pct_10min": 92.670955794779914, "population_reachable_12min": 1667.1529444933776, "population_additional_12min": 48.014632774731822, "existing_catchment_overlap_population_12min": 1619.1383117186458, "existing_catchment_overlap_pct_12min": 97.119962332590745, "nearest_official_stop_walk_network_m": 468.94607534174622, "nearest_official_stop_cluster_id": "EX_011", "nearby_official_routes": "D184|D185", "nearby_official_route_count": 2, "settlement_coverage_10min_count": 2, "settlement_additional_10min_count": 0, "settlement_additional_10min_names": "", "destination_coverage_10min_count": 1, "destination_additional_10min_count": 0, "destination_additional_10min_names": "", "pruned_near_existing_stop": false, "pruned_no_access_gain": false, "candidate_id": "P2S_0123", "stop_type": "PROPOSED_STOP", "physical_status": "FIELD_CHECK_PENDING", "epistemic_status": "PROPOSED_STOP/FIELD_CHECK_PENDING", "road_eligibility_status": "DERIVED_GATE_D_BUS_ELIGIBLE", "candidate_status": "HYPOTHESIS_NOT_RECOMMENDATION", "potential_interchange_with_reference_gtfs": false, "interchange_evidence_status": "DERIVED_FROM_REFERENCE_PERIOD_GTFS_PROXIMITY_NOT_CURRENT_SERVICE_GUARANTEE", "discovery_sample_spacing_m_assumption": 150.0, "candidate_pruning_radius_m_assumption": 220.0, "source_gate_b_commit": "55d726564e13acca55ce563cc911263ac513acb0", "source_gate_d_commit": "7c220f7586d0f6e5cccd14a2d518be52eb1c4a55", "PRO_COM_T": "097058", "COMUNE": "Olgiate Molgora", "municipal_2021_resident_work_commuters_context": 2287, "municipal_2021_outbound_workers_context": 1961, "od_2021_context_status": "FACT_ISTAT_2021_WORK_COMMUTING_MUNICIPAL_ONLY_NOT_STOP_DEMAND" }, "geometry": { "type": "Point", "coordinates": [ 9.408351592207008, 45.736518613606037 ] } },
{ "type": "Feature", "properties": { "osm_way_id": "55503485", "highway": "residential", "road_uncertainty_flags": "missing_lanes|missing_maxheight|missing_maxweight|missing_maxwidth|missing_width", "sample_index": 3, "x_utm32": 534838.13690931967, "y_utm32": 5064886.2524919808, "lon": 9.4477977710736898, "lat": 45.7366552058213, "discovery_evidence": "POP_GAP8:WP_01651|POP_GAP8:WP_01775|POP_GAP8:WP_01898", "discovery_seed_count": 3, "walk_graph_node_id": 27642, "walk_graph_connector_m": 4.2675439944313496, "walk_graph_connector_min": 0.053344299930391872, "walk_graph_snap_ok": true, "population_reachable_5min": 18.0988534958603, "population_additional_5min": 18.0988534958603, "existing_catchment_overlap_population_5min": 0.0, "existing_catchment_overlap_pct_5min": 0.0, "population_reachable_8min": 214.20268504645526, "population_additional_8min": 19.2144801848975, "existing_catchment_overlap_population_8min": 194.98820486155782, "existing_catchment_overlap_pct_8min": 91.029766886101214, "population_reachable_10min": 469.15941841127466, "population_additional_10min": 14.657310634672308, "existing_catchment_overlap_population_10min": 454.50210777660237, "existing_catchment_overlap_pct_10min": 96.875835790677144, "population_reachable_12min": 925.64326252114392, "population_additional_12min": 12.282178086987145, "existing_catchment_overlap_population_12min": 913.36108443415685, "existing_catchment_overlap_pct_12min": 98.673119701262181, "nearest_official_stop_walk_network_m": 727.06093805050818, "nearest_official_stop_cluster_id": "EX_009", "nearby_official_routes": "D185", "nearby_official_route_count": 1, "settlement_coverage_10min_count": 1, "settlement_additional_10min_count": 0, "settlement_additional_10min_names": "", "destination_coverage_10min_count": 0, "destination_additional_10min_count": 0, "destination_additional_10min_names": "", "pruned_near_existing_stop": false, "pruned_no_access_gain": false, "candidate_id": "P2S_0124", "stop_type": "PROPOSED_STOP", "physical_status": "FIELD_CHECK_PENDING", "epistemic_status": "PROPOSED_STOP/FIELD_CHECK_PENDING", "road_eligibility_status": "DERIVED_GATE_D_BUS_ELIGIBLE", "candidate_status": "HYPOTHESIS_NOT_RECOMMENDATION", "potential_interchange_with_reference_gtfs": false, "interchange_evidence_status": "DERIVED_FROM_REFERENCE_PERIOD_GTFS_PROXIMITY_NOT_CURRENT_SERVICE_GUARANTEE", "discovery_sample_spacing_m_assumption": 150.0, "candidate_pruning_radius_m_assumption": 220.0, "source_gate_b_commit": "55d726564e13acca55ce563cc911263ac513acb0", "source_gate_d_commit": "7c220f7586d0f6e5cccd14a2d518be52eb1c4a55", "PRO_COM_T": "097010", "COMUNE": "Brivio", "municipal_2021_resident_work_commuters_context": 1662, "municipal_2021_outbound_workers_context": 1339, "od_2021_context_status": "FACT_ISTAT_2021_WORK_COMMUTING_MUNICIPAL_ONLY_NOT_STOP_DEMAND" }, "geometry": { "type": "Point", "coordinates": [ 9.44779777107369, 45.7366552058213 ] } },
{ "type": "Feature", "properties": { "osm_way_id": "353038846", "highway": "unclassified", "road_uncertainty_flags": "missing_lanes|missing_maxheight|missing_maxweight|missing_maxwidth|missing_width", "sample_index": 1, "x_utm32": 534074.60787538916, "y_utm32": 5064944.1337570064, "lon": 9.4379879896136565, "lat": 45.737214208772592, "discovery_evidence": "POP_GAP8:WP_01641", "discovery_seed_count": 1, "walk_graph_node_id": 25382, "walk_graph_connector_m": 9.0829374452243137, "walk_graph_connector_min": 0.11353671806530392, "walk_graph_snap_ok": true, "population_reachable_5min": 140.06492412440889, "population_additional_5min": 114.14184427594105, "existing_catchment_overlap_population_5min": 25.923079848467825, "existing_catchment_overlap_pct_5min": 18.507902681932237, "population_reachable_8min": 340.33136737365487, "population_additional_8min": 51.905917943382626, "existing_catchment_overlap_population_8min": 288.42544943027229, "existing_catchment_overlap_pct_8min": 84.748417889323065, "population_reachable_10min": 617.27626018095884, "population_additional_10min": 34.242489975454959, "existing_catchment_overlap_population_10min": 583.03377020550386, "existing_catchment_overlap_pct_10min": 94.452647512247339, "population_reachable_12min": 983.87245126974074, "population_additional_12min": 13.201298213600703, "existing_catchment_overlap_population_12min": 970.67115305613993, "existing_catchment_overlap_pct_12min": 98.658230729342634, "nearest_official_stop_walk_network_m": 561.67128550547932, "nearest_official_stop_cluster_id": "EX_004", "nearby_official_routes": "D148|D150|D185", "nearby_official_route_count": 3, "settlement_coverage_10min_count": 1, "settlement_additional_10min_count": 0, "settlement_additional_10min_names": "", "destination_coverage_10min_count": 0, "destination_additional_10min_count": 0, "destination_additional_10min_names": "", "pruned_near_existing_stop": false, "pruned_no_access_gain": false, "candidate_id": "P2S_0125", "stop_type": "PROPOSED_STOP", "physical_status": "FIELD_CHECK_PENDING", "epistemic_status": "PROPOSED_STOP/FIELD_CHECK_PENDING", "road_eligibility_status": "DERIVED_GATE_D_BUS_ELIGIBLE", "candidate_status": "HYPOTHESIS_NOT_RECOMMENDATION", "potential_interchange_with_reference_gtfs": false, "interchange_evidence_status": "DERIVED_FROM_REFERENCE_PERIOD_GTFS_PROXIMITY_NOT_CURRENT_SERVICE_GUARANTEE", "discovery_sample_spacing_m_assumption": 150.0, "candidate_pruning_radius_m_assumption": 220.0, "source_gate_b_commit": "55d726564e13acca55ce563cc911263ac513acb0", "source_gate_d_commit": "7c220f7586d0f6e5cccd14a2d518be52eb1c4a55", "PRO_COM_T": "097010", "COMUNE": "Brivio", "municipal_2021_resident_work_commuters_context": 1662, "municipal_2021_outbound_workers_context": 1339, "od_2021_context_status": "FACT_ISTAT_2021_WORK_COMMUTING_MUNICIPAL_ONLY_NOT_STOP_DEMAND" }, "geometry": { "type": "Point", "coordinates": [ 9.437987989613656, 45.737214208772592 ] } },
{ "type": "Feature", "properties": { "osm_way_id": "1463441226", "highway": "service", "road_uncertainty_flags": "missing_lanes|missing_maxheight|missing_maxweight|missing_maxwidth|missing_width", "sample_index": 0, "x_utm32": 531106.07347218797, "y_utm32": 5064980.1342358701, "lon": 9.3998343553558072, "lat": 45.737678132550933, "discovery_evidence": "POP_GAP8:WP_01470|POP_GAP8:WP_01593|POP_GAP8:WP_01594|POP_GAP8:WP_01595|POP_GAP8:WP_01718", "discovery_seed_count": 5, "walk_graph_node_id": 16545, "walk_graph_connector_m": 3.9666504239652434, "walk_graph_connector_min": 0.049583130299565542, "walk_graph_snap_ok": true, "population_reachable_5min": 55.014893285825821, "population_additional_5min": 55.014893285825821, "existing_catchment_overlap_population_5min": 0.0, "existing_catchment_overlap_pct_5min": 0.0, "population_reachable_8min": 105.10165438493776, "population_additional_8min": 105.10165438493776, "existing_catchment_overlap_population_8min": 0.0, "existing_catchment_overlap_pct_8min": 0.0, "population_reachable_10min": 149.87608350997661, "population_additional_10min": 149.78460409660451, "existing_catchment_overlap_population_10min": 0.091479413372100804, "existing_catchment_overlap_pct_10min": 0.061036698604425045, "population_reachable_12min": 287.98862413458272, "population_additional_12min": 153.70604028881786, "existing_catchment_overlap_population_12min": 134.28258384576492, "existing_catchment_overlap_pct_12min": 46.627738942567412, "nearest_official_stop_walk_network_m": 1395.7113590295226, "nearest_official_stop_cluster_id": "EX_011", "nearby_official_routes": "D184|D185", "nearby_official_route_count": 2, "settlement_coverage_10min_count": 1, "settlement_additional_10min_count": 1, "settlement_additional_10min_names": "Bruggione", "destination_coverage_10min_count": 0, "destination_additional_10min_count": 0, "destination_additional_10min_names": "", "pruned_near_existing_stop": false, "pruned_no_access_gain": false, "candidate_id": "P2S_0126", "stop_type": "PROPOSED_STOP", "physical_status": "FIELD_CHECK_PENDING", "epistemic_status": "PROPOSED_STOP/FIELD_CHECK_PENDING", "road_eligibility_status": "DERIVED_GATE_D_BUS_ELIGIBLE", "candidate_status": "HYPOTHESIS_NOT_RECOMMENDATION", "potential_interchange_with_reference_gtfs": false, "interchange_evidence_status": "DERIVED_FROM_REFERENCE_PERIOD_GTFS_PROXIMITY_NOT_CURRENT_SERVICE_GUARANTEE", "discovery_sample_spacing_m_assumption": 150.0, "candidate_pruning_radius_m_assumption": 220.0, "source_gate_b_commit": "55d726564e13acca55ce563cc911263ac513acb0", "source_gate_d_commit": "7c220f7586d0f6e5cccd14a2d518be52eb1c4a55", "PRO_COM_T": "097058", "COMUNE": "Olgiate Molgora", "municipal_2021_resident_work_commuters_context": 2287, "municipal_2021_outbound_workers_context": 1961, "od_2021_context_status": "FACT_ISTAT_2021_WORK_COMMUTING_MUNICIPAL_ONLY_NOT_STOP_DEMAND" }, "geometry": { "type": "Point", "coordinates": [ 9.399834355355807, 45.737678132550933 ] } },
{ "type": "Feature", "properties": { "osm_way_id": "46739947", "highway": "tertiary", "road_uncertainty_flags": "missing_maxheight|missing_maxweight|missing_maxwidth|missing_width", "sample_index": 1, "x_utm32": 527882.24056763027, "y_utm32": 5064985.7044054074, "lon": 9.3583967164136492, "lat": 45.737865767401203, "discovery_evidence": "POP_GAP8:WP_01546", "discovery_seed_count": 1, "walk_graph_node_id": 3556, "walk_graph_connector_m": 0.9026736422288949, "walk_graph_connector_min": 0.011283420527861186, "walk_graph_snap_ok": true, "population_reachable_5min": 265.3471464082271, "population_additional_5min": 105.51021606426812, "existing_catchment_overlap_population_5min": 159.83693034395895, "existing_catchment_overlap_pct_5min": 60.236913231414803, "population_reachable_8min": 951.81785119935478, "population_additional_8min": 301.55767264460809, "existing_catchment_overlap_population_8min": 650.26017855474652, "existing_catchment_overlap_pct_8min": 68.317712021830104, "population_reachable_10min": 1288.4691919053676, "population_additional_10min": 199.87512923503024, "existing_catchment_overlap_population_10min": 1088.5940626703373, "existing_catchment_overlap_pct_10min": 84.487395547311607, "population_reachable_12min": 1649.4875126998695, "population_additional_12min": 15.844437894132058, "existing_catchment_overlap_population_12min": 1633.6430748057373, "existing_catchment_overlap_pct_12min": 99.039432686083316, "nearest_official_stop_walk_network_m": 409.32231727020184, "nearest_official_stop_cluster_id": "EX_027", "nearby_official_routes": "D184", "nearby_official_route_count": 1, "settlement_coverage_10min_count": 3, "settlement_additional_10min_count": 2, "settlement_additional_10min_names": "Perego|Roncada", "destination_coverage_10min_count": 2, "destination_additional_10min_count": 1, "destination_additional_10min_names": "OSM amenity:townhall 143996275", "pruned_near_existing_stop": false, "pruned_no_access_gain": false, "candidate_id": "P2S_0127", "stop_type": "PROPOSED_STOP", "physical_status": "FIELD_CHECK_PENDING", "epistemic_status": "PROPOSED_STOP/FIELD_CHECK_PENDING", "road_eligibility_status": "DERIVED_GATE_D_BUS_ELIGIBLE", "candidate_status": "HYPOTHESIS_NOT_RECOMMENDATION", "potential_interchange_with_reference_gtfs": false, "interchange_evidence_status": "DERIVED_FROM_REFERENCE_PERIOD_GTFS_PROXIMITY_NOT_CURRENT_SERVICE_GUARANTEE", "discovery_sample_spacing_m_assumption": 150.0, "candidate_pruning_radius_m_assumption": 220.0, "source_gate_b_commit": "55d726564e13acca55ce563cc911263ac513acb0", "source_gate_d_commit": "7c220f7586d0f6e5cccd14a2d518be52eb1c4a55", "PRO_COM_T": "097092", "COMUNE": "La Valletta Brianza", "municipal_2021_resident_work_commuters_context": 1796, "municipal_2021_outbound_workers_context": 1521, "od_2021_context_status": "FACT_ISTAT_2021_WORK_COMMUTING_MUNICIPAL_ONLY_NOT_STOP_DEMAND" }, "geometry": { "type": "Point", "coordinates": [ 9.358396716413649, 45.737865767401203 ] } },
{ "type": "Feature", "properties": { "osm_way_id": "110557342", "highway": "unclassified", "road_uncertainty_flags": "missing_lanes|missing_maxheight|missing_maxweight|missing_maxwidth|missing_width", "sample_index": 0, "x_utm32": 532385.61916336732, "y_utm32": 5065004.7241222551, "lon": 9.4162827225792434, "lat": 45.737840714185033, "discovery_evidence": "POP_GAP8:WP_01369", "discovery_seed_count": 1, "walk_graph_node_id": 20746, "walk_graph_connector_m": 6.3113400445788361, "walk_graph_connector_min": 0.078891750557235449, "walk_graph_snap_ok": true, "population_reachable_5min": 479.72512445091127, "population_additional_5min": 142.40615131593646, "existing_catchment_overlap_population_5min": 337.31897313497484, "existing_catchment_overlap_pct_5min": 70.315052504508046, "population_reachable_8min": 1009.2282942417994, "population_additional_8min": 168.4904833040805, "existing_catchment_overlap_population_8min": 840.73781093771902, "existing_catchment_overlap_pct_8min": 83.305017876984735, "population_reachable_10min": 1377.0533825277739, "population_additional_10min": 127.45089738236243, "existing_catchment_overlap_population_10min": 1249.602485145411, "existing_catchment_overlap_pct_10min": 90.744665457456051, "population_reachable_12min": 1875.9029289164848, "population_additional_12min": 58.742480778431023, "existing_catchment_overlap_population_12min": 1817.1604481380537, "existing_catchment_overlap_pct_12min": 96.868575667059659, "nearest_official_stop_walk_network_m": 375.77273387008444, "nearest_official_stop_cluster_id": "EX_035", "nearby_official_routes": "D148|D150|D185", "nearby_official_route_count": 3, "settlement_coverage_10min_count": 1, "settlement_additional_10min_count": 0, "settlement_additional_10min_names": "", "destination_coverage_10min_count": 1, "destination_additional_10min_count": 0, "destination_additional_10min_names": "", "pruned_near_existing_stop": false, "pruned_no_access_gain": false, "candidate_id": "P2S_0128", "stop_type": "PROPOSED_STOP", "physical_status": "FIELD_CHECK_PENDING", "epistemic_status": "PROPOSED_STOP/FIELD_CHECK_PENDING", "road_eligibility_status": "DERIVED_GATE_D_BUS_ELIGIBLE", "candidate_status": "HYPOTHESIS_NOT_RECOMMENDATION", "potential_interchange_with_reference_gtfs": false, "interchange_evidence_status": "DERIVED_FROM_REFERENCE_PERIOD_GTFS_PROXIMITY_NOT_CURRENT_SERVICE_GUARANTEE", "discovery_sample_spacing_m_assumption": 150.0, "candidate_pruning_radius_m_assumption": 220.0, "source_gate_b_commit": "55d726564e13acca55ce563cc911263ac513acb0", "source_gate_d_commit": "7c220f7586d0f6e5cccd14a2d518be52eb1c4a55", "PRO_COM_T": "097058", "COMUNE": "Olgiate Molgora", "municipal_2021_resident_work_commuters_context": 2287, "municipal_2021_outbound_workers_context": 1961, "od_2021_context_status": "FACT_ISTAT_2021_WORK_COMMUTING_MUNICIPAL_ONLY_NOT_STOP_DEMAND" }, "geometry": { "type": "Point", "coordinates": [ 9.416282722579243, 45.737840714185033 ] } },
{ "type": "Feature", "properties": { "osm_way_id": "1456641112", "highway": "service", "road_uncertainty_flags": "missing_lanes|missing_maxheight|missing_maxweight|missing_maxwidth|missing_width", "sample_index": 2, "x_utm32": 529807.00452185154, "y_utm32": 5065012.1393423257, "lon": 9.3831386083415449, "lat": 45.738023410893604, "discovery_evidence": "POP_GAP8:WP_01448|POP_GAP8:WP_01449", "discovery_seed_count": 2, "walk_graph_node_id": 11184, "walk_graph_connector_m": 0.51737629625991755, "walk_graph_connector_min": 0.006467203703248969, "walk_graph_snap_ok": true, "population_reachable_5min": 85.323957083553097, "population_additional_5min": 39.100773608521429, "existing_catchment_overlap_population_5min": 46.223183475031668, "existing_catchment_overlap_pct_5min": 54.173745633676859, "population_reachable_8min": 271.10469546670134, "population_additional_8min": 35.823061488904706, "existing_catchment_overlap_population_8min": 235.2816339777967, "existing_catchment_overlap_pct_8min": 86.786262986985179, "population_reachable_10min": 413.56318950463231, "population_additional_10min": 35.598638152279392, "existing_catchment_overlap_population_10min": 377.964551352353, "existing_catchment_overlap_pct_10min": 91.392213075124147, "population_reachable_12min": 638.13002761710004, "population_additional_12min": 11.186270566892301, "existing_catchment_overlap_population_12min": 626.94375705020775, "existing_catchment_overlap_pct_12min": 98.247023320832596, "nearest_official_stop_walk_network_m": 539.8306443472477, "nearest_official_stop_cluster_id": "EX_033", "nearby_official_routes": "D184", "nearby_official_route_count": 1, "settlement_coverage_10min_count": 1, "settlement_additional_10min_count": 0, "settlement_additional_10min_names": "", "destination_coverage_10min_count": 0, "destination_additional_10min_count": 0, "destination_additional_10min_names": "", "pruned_near_existing_stop": false, "pruned_no_access_gain": false, "candidate_id": "P2S_0129", "stop_type": "PROPOSED_STOP", "physical_status": "FIELD_CHECK_PENDING", "epistemic_status": "PROPOSED_STOP/FIELD_CHECK_PENDING", "road_eligibility_status": "DERIVED_GATE_D_BUS_ELIGIBLE", "candidate_status": "HYPOTHESIS_NOT_RECOMMENDATION", "potential_interchange_with_reference_gtfs": false, "interchange_evidence_status": "DERIVED_FROM_REFERENCE_PERIOD_GTFS_PROXIMITY_NOT_CURRENT_SERVICE_GUARANTEE", "discovery_sample_spacing_m_assumption": 150.0, "candidate_pruning_radius_m_assumption": 220.0, "source_gate_b_commit": "55d726564e13acca55ce563cc911263ac513acb0", "source_gate_d_commit": "7c220f7586d0f6e5cccd14a2d518be52eb1c4a55", "PRO_COM_T": "097074", "COMUNE": "Santa Maria Hoè", "municipal_2021_resident_work_commuters_context": 836, "municipal_2021_outbound_workers_context": 724, "od_2021_context_status": "FACT_ISTAT_2021_WORK_COMMUTING_MUNICIPAL_ONLY_NOT_STOP_DEMAND" }, "geometry": { "type": "Point", "coordinates": [ 9.383138608341545, 45.738023410893604 ] } },
{ "type": "Feature", "properties": { "osm_way_id": "1456065710", "highway": "residential", "road_uncertainty_flags": "missing_lanes|missing_maxheight|missing_maxweight|missing_maxwidth|missing_width", "sample_index": 0, "x_utm32": 531554.28744826571, "y_utm32": 5065047.7694949377, "lon": 9.4055999156780086, "lat": 45.738266579162762, "discovery_evidence": "POP_GAP8:WP_01356|POP_GAP8:WP_01476|POP_GAP8:WP_01477|POP_GAP8:WP_01478", "discovery_seed_count": 4, "walk_graph_node_id": 18070, "walk_graph_connector_m": 3.223776077802238, "walk_graph_connector_min": 0.040297200972527973, "walk_graph_snap_ok": true, "population_reachable_5min": 230.15505106246763, "population_additional_5min": 207.60410879933028, "existing_catchment_overlap_population_5min": 22.550942263137344, "existing_catchment_overlap_pct_5min": 9.7981522278286519, "population_reachable_8min": 638.52773530734555, "population_additional_8min": 281.14485097906828, "existing_catchment_overlap_population_8min": 357.38288432827721, "existing_catchment_overlap_pct_8min": 55.969829432116434, "population_reachable_10min": 928.63531488965089, "population_additional_10min": 172.63436117582143, "existing_catchment_overlap_population_10min": 756.00095371382952, "existing_catchment_overlap_pct_10min": 81.409886269903993, "population_reachable_12min": 1159.6539244799919, "population_additional_12min": 102.99551253199567, "existing_catchment_overlap_population_12min": 1056.6584119479965, "existing_catchment_overlap_pct_12min": 91.118426768729265, "nearest_official_stop_walk_network_m": 645.97744915796295, "nearest_official_stop_cluster_id": "EX_011", "nearby_official_routes": "D184|D185", "nearby_official_route_count": 2, "settlement_coverage_10min_count": 2, "settlement_additional_10min_count": 0, "settlement_additional_10min_names": "", "destination_coverage_10min_count": 0, "destination_additional_10min_count": 0, "destination_additional_10min_names": "", "pruned_near_existing_stop": false, "pruned_no_access_gain": false, "candidate_id": "P2S_0130", "stop_type": "PROPOSED_STOP", "physical_status": "FIELD_CHECK_PENDING", "epistemic_status": "PROPOSED_STOP/FIELD_CHECK_PENDING", "road_eligibility_status": "DERIVED_GATE_D_BUS_ELIGIBLE", "candidate_status": "HYPOTHESIS_NOT_RECOMMENDATION", "potential_interchange_with_reference_gtfs": false, "interchange_evidence_status": "DERIVED_FROM_REFERENCE_PERIOD_GTFS_PROXIMITY_NOT_CURRENT_SERVICE_GUARANTEE", "discovery_sample_spacing_m_assumption": 150.0, "candidate_pruning_radius_m_assumption": 220.0, "source_gate_b_commit": "55d726564e13acca55ce563cc911263ac513acb0", "source_gate_d_commit": "7c220f7586d0f6e5cccd14a2d518be52eb1c4a55", "PRO_COM_T": "097058", "COMUNE": "Olgiate Molgora", "municipal_2021_resident_work_commuters_context": 2287, "municipal_2021_outbound_workers_context": 1961, "od_2021_context_status": "FACT_ISTAT_2021_WORK_COMMUTING_MUNICIPAL_ONLY_NOT_STOP_DEMAND" }, "geometry": { "type": "Point", "coordinates": [ 9.405599915678009, 45.738266579162762 ] } },
{ "type": "Feature", "properties": { "osm_way_id": "143945586", "highway": "tertiary", "road_uncertainty_flags": "missing_maxheight|missing_maxweight|missing_maxwidth|missing_width", "sample_index": 0, "x_utm32": 527385.94107709394, "y_utm32": 5065050.5463721314, "lon": 9.3520211012615739, "lat": 45.738469216147536, "discovery_evidence": "POP_GAP8:WP_01296|POP_GAP8:WP_01297|POP_GAP8:WP_01416|POP_GAP8:WP_01417|POP_GAP8:WP_01418|POP_GAP8:WP_01419|POP_GAP8:WP_01420|POP_GAP8:WP_01536|POP_GAP8:WP_01537|POP_GAP8:WP_01538|POP_GAP8:WP_01539|POP_GAP8:WP_01540|POP_GAP8:WP_01660", "discovery_seed_count": 13, "walk_graph_node_id": 2425, "walk_graph_connector_m": 3.0282397291940737, "walk_graph_connector_min": 0.037852996614925923, "walk_graph_snap_ok": true, "population_reachable_5min": 60.108527126257229, "population_additional_5min": 60.108527126257229, "existing_catchment_overlap_population_5min": 0.0, "existing_catchment_overlap_pct_5min": 0.0, "population_reachable_8min": 277.80082144729539, "population_additional_8min": 262.96363997897021, "existing_catchment_overlap_population_8min": 14.837181468325142, "existing_catchment_overlap_pct_8min": 5.3409422589270727, "population_reachable_10min": 377.19204336053332, "population_additional_10min": 204.52083392473395, "existing_catchment_overlap_population_10min": 172.67120943579934, "existing_catchment_overlap_pct_10min": 45.778062521524127, "population_reachable_12min": 479.36407158477743, "population_additional_12min": 32.288362604704417, "existing_catchment_overlap_population_12min": 447.07570898007299, "existing_catchment_overlap_pct_12min": 93.264334037809903, "nearest_official_stop_walk_network_m": 966.8459365894746, "nearest_official_stop_cluster_id": "EX_027", "nearby_official_routes": "D184", "nearby_official_route_count": 1, "settlement_coverage_10min_count": 2, "settlement_additional_10min_count": 2, "settlement_additional_10min_names": "Perego|Roncada", "destination_coverage_10min_count": 1, "destination_additional_10min_count": 1, "destination_additional_10min_names": "OSM amenity:townhall 143996275", "pruned_near_existing_stop": false, "pruned_no_access_gain": false, "candidate_id": "P2S_0131", "stop_type": "PROPOSED_STOP", "physical_status": "FIELD_CHECK_PENDING", "epistemic_status": "PROPOSED_STOP/FIELD_CHECK_PENDING", "road_eligibility_status": "DERIVED_GATE_D_BUS_ELIGIBLE", "candidate_status": "HYPOTHESIS_NOT_RECOMMENDATION", "potential_interchange_with_reference_gtfs": false, "interchange_evidence_status": "DERIVED_FROM_REFERENCE_PERIOD_GTFS_PROXIMITY_NOT_CURRENT_SERVICE_GUARANTEE", "discovery_sample_spacing_m_assumption": 150.0, "candidate_pruning_radius_m_assumption": 220.0, "source_gate_b_commit": "55d726564e13acca55ce563cc911263ac513acb0", "source_gate_d_commit": "7c220f7586d0f6e5cccd14a2d518be52eb1c4a55", "PRO_COM_T": "097092", "COMUNE": "La Valletta Brianza", "municipal_2021_resident_work_commuters_context": 1796, "municipal_2021_outbound_workers_context": 1521, "od_2021_context_status": "FACT_ISTAT_2021_WORK_COMMUTING_MUNICIPAL_ONLY_NOT_STOP_DEMAND" }, "geometry": { "type": "Point", "coordinates": [ 9.352021101261574, 45.738469216147536 ] } },
{ "type": "Feature", "properties": { "osm_way_id": "242013830", "highway": "service", "road_uncertainty_flags": "conditional_access=destination|missing_lanes|missing_maxheight|missing_maxweight|missing_maxwidth|missing_width", "sample_index": 1, "x_utm32": 529424.47934292466, "y_utm32": 5065055.5964509938, "lon": 9.378224387391592, "lat": 45.738430931849308, "discovery_evidence": "POP_GAP8:WP_01446|POP_GAP8:WP_01447|POP_GAP8:WP_01569|POP_GAP8:WP_01570", "discovery_seed_count": 4, "walk_graph_node_id": 9347, "walk_graph_connector_m": 10.202914253995994, "walk_graph_connector_min": 0.12753642817494992, "walk_graph_snap_ok": true, "population_reachable_5min": 0.4771531813785671, "population_additional_5min": 0.4771531813785671, "existing_catchment_overlap_population_5min": 0.0, "existing_catchment_overlap_pct_5min": 0.0, "population_reachable_8min": 7.0607898512496163, "population_additional_8min": 0.33920444946039285, "existing_catchment_overlap_population_8min": 6.7215854017892234, "existing_catchment_overlap_pct_8min": 95.19594186193828, "population_reachable_10min": 73.294664653823745, "population_additional_10min": 0.0, "existing_catchment_overlap_population_10min": 73.294664653823745, "existing_catchment_overlap_pct_10min": 100.0, "population_reachable_12min": 234.55538031232734, "population_additional_12min": 0.0, "existing_catchment_overlap_population_12min": 234.55538031232734, "existing_catchment_overlap_pct_12min": 100.0, "nearest_official_stop_walk_network_m": 531.72771996899166, "nearest_official_stop_cluster_id": "EX_025", "nearby_official_routes": "D184", "nearby_official_route_count": 1, "settlement_coverage_10min_count": 1, "settlement_additional_10min_count": 0, "settlement_additional_10min_names": "", "destination_coverage_10min_count": 0, "destination_additional_10min_count": 0, "destination_additional_10min_names": "", "pruned_near_existing_stop": false, "pruned_no_access_gain": false, "candidate_id": "P2S_0132", "stop_type": "PROPOSED_STOP", "physical_status": "FIELD_CHECK_PENDING", "epistemic_status": "PROPOSED_STOP/FIELD_CHECK_PENDING", "road_eligibility_status": "DERIVED_GATE_D_BUS_ELIGIBLE", "candidate_status": "HYPOTHESIS_NOT_RECOMMENDATION", "potential_interchange_with_reference_gtfs": false, "interchange_evidence_status": "DERIVED_FROM_REFERENCE_PERIOD_GTFS_PROXIMITY_NOT_CURRENT_SERVICE_GUARANTEE", "discovery_sample_spacing_m_assumption": 150.0, "candidate_pruning_radius_m_assumption": 220.0, "source_gate_b_commit": "55d726564e13acca55ce563cc911263ac513acb0", "source_gate_d_commit": "7c220f7586d0f6e5cccd14a2d518be52eb1c4a55", "PRO_COM_T": "097074", "COMUNE": "Santa Maria Hoè", "municipal_2021_resident_work_commuters_context": 836, "municipal_2021_outbound_workers_context": 724, "od_2021_context_status": "FACT_ISTAT_2021_WORK_COMMUTING_MUNICIPAL_ONLY_NOT_STOP_DEMAND" }, "geometry": { "type": "Point", "coordinates": [ 9.378224387391592, 45.738430931849308 ] } },
{ "type": "Feature", "properties": { "osm_way_id": "223281172", "highway": "unclassified", "road_uncertainty_flags": "missing_lanes|missing_maxheight|missing_maxweight|missing_maxwidth|missing_width", "sample_index": 1, "x_utm32": 534563.12524339091, "y_utm32": 5065071.4412421929, "lon": 9.4442761889010001, "lat": 45.738335794661609, "discovery_evidence": "POP_GAP8:WP_01525", "discovery_seed_count": 1, "walk_graph_node_id": 26903, "walk_graph_connector_m": 0.27214524679283852, "walk_graph_connector_min": 0.0034018155849104815, "walk_graph_snap_ok": true, "population_reachable_5min": 114.31037703446002, "population_additional_5min": 97.071315165088848, "existing_catchment_overlap_population_5min": 17.239061869371167, "existing_catchment_overlap_pct_5min": 15.080924686456312, "population_reachable_8min": 286.71909475401992, "population_additional_8min": 81.905052830873828, "existing_catchment_overlap_population_8min": 204.81404192314605, "existing_catchment_overlap_pct_8min": 71.433694396551687, "population_reachable_10min": 586.31270835341604, "population_additional_10min": 80.345283292197493, "existing_catchment_overlap_population_10min": 505.96742506121848, "existing_catchment_overlap_pct_10min": 86.29651342236177, "population_reachable_12min": 1211.651480911155, "population_additional_12min": 26.415455044133751, "existing_catchment_overlap_population_12min": 1185.236025867021, "existing_catchment_overlap_pct_12min": 97.819880100813336, "nearest_official_stop_walk_network_m": 575.13562983316444, "nearest_official_stop_cluster_id": "EX_002", "nearby_official_routes": "D150|D185", "nearby_official_route_count": 2, "settlement_coverage_10min_count": 0, "settlement_additional_10min_count": 0, "settlement_additional_10min_names": "", "destination_coverage_10min_count": 0, "destination_additional_10min_count": 0, "destination_additional_10min_names": "", "pruned_near_existing_stop": false, "pruned_no_access_gain": false, "candidate_id": "P2S_0133", "stop_type": "PROPOSED_STOP", "physical_status": "FIELD_CHECK_PENDING", "epistemic_status": "PROPOSED_STOP/FIELD_CHECK_PENDING", "road_eligibility_status": "DERIVED_GATE_D_BUS_ELIGIBLE", "candidate_status": "HYPOTHESIS_NOT_RECOMMENDATION", "potential_interchange_with_reference_gtfs": false, "interchange_evidence_status": "DERIVED_FROM_REFERENCE_PERIOD_GTFS_PROXIMITY_NOT_CURRENT_SERVICE_GUARANTEE", "discovery_sample_spacing_m_assumption": 150.0, "candidate_pruning_radius_m_assumption": 220.0, "source_gate_b_commit": "55d726564e13acca55ce563cc911263ac513acb0", "source_gate_d_commit": "7c220f7586d0f6e5cccd14a2d518be52eb1c4a55", "PRO_COM_T": "097010", "COMUNE": "Brivio", "municipal_2021_resident_work_commuters_context": 1662, "municipal_2021_outbound_workers_context": 1339, "od_2021_context_status": "FACT_ISTAT_2021_WORK_COMMUTING_MUNICIPAL_ONLY_NOT_STOP_DEMAND" }, "geometry": { "type": "Point", "coordinates": [ 9.444276188901, 45.738335794661609 ] } },
{ "type": "Feature", "properties": { "osm_way_id": "581532427", "highway": "unclassified", "road_uncertainty_flags": "missing_lanes|missing_maxheight|missing_maxweight|missing_maxwidth|missing_width", "sample_index": 0, "x_utm32": 531965.30840747769, "y_utm32": 5065088.2966434695, "lon": 9.4108857326098967, "lat": 45.738612467388776, "discovery_evidence": "POP_GAP8:WP_01240|POP_GAP8:WP_01362|POP_GAP8:WP_01363|POP_GAP8:WP_01482|POP_GAP8:WP_01483|POP_GAP8:WP_01484|POP_GAP8:WP_01485", "discovery_seed_count": 7, "walk_graph_node_id": 19502, "walk_graph_connector_m": 16.3460727527935, "walk_graph_connector_min": 0.20432590940991874, "walk_graph_snap_ok": true, "population_reachable_5min": 241.50009912013482, "population_additional_5min": 241.50009912013482, "existing_catchment_overlap_population_5min": 0.0, "existing_catchment_overlap_pct_5min": 0.0, "population_reachable_8min": 584.80646137560927, "population_additional_8min": 337.79683480703903, "existing_catchment_overlap_population_8min": 247.00962656857035, "existing_catchment_overlap_pct_8min": 42.237841556596806, "population_reachable_10min": 1164.4296788076263, "population_additional_10min": 161.04040045288264, "existing_catchment_overlap_population_10min": 1003.3892783547436, "existing_catchment_overlap_pct_10min": 86.170019247724113, "population_reachable_12min": 1593.1209955135928, "population_additional_12min": 68.469262176682008, "existing_catchment_overlap_population_12min": 1524.6517333369109, "existing_catchment_overlap_pct_12min": 95.702193218876715, "nearest_official_stop_walk_network_m": 922.49742958720128, "nearest_official_stop_cluster_id": "EX_035", "nearby_official_routes": "D148|D150|D185", "nearby_official_route_count": 3, "settlement_coverage_10min_count": 1, "settlement_additional_10min_count": 0, "settlement_additional_10min_names": "", "destination_coverage_10min_count": 1, "destination_additional_10min_count": 0, "destination_additional_10min_names": "", "pruned_near_existing_stop": false, "pruned_no_access_gain": false, "candidate_id": "P2S_0134", "stop_type": "PROPOSED_STOP", "physical_status": "FIELD_CHECK_PENDING", "epistemic_status": "PROPOSED_STOP/FIELD_CHECK_PENDING", "road_eligibility_status": "DERIVED_GATE_D_BUS_ELIGIBLE", "candidate_status": "HYPOTHESIS_NOT_RECOMMENDATION", "potential_interchange_with_reference_gtfs": false, "interchange_evidence_status": "DERIVED_FROM_REFERENCE_PERIOD_GTFS_PROXIMITY_NOT_CURRENT_SERVICE_GUARANTEE", "discovery_sample_spacing_m_assumption": 150.0, "candidate_pruning_radius_m_assumption": 220.0, "source_gate_b_commit": "55d726564e13acca55ce563cc911263ac513acb0", "source_gate_d_commit": "7c220f7586d0f6e5cccd14a2d518be52eb1c4a55", "PRO_COM_T": "097058", "COMUNE": "Olgiate Molgora", "municipal_2021_resident_work_commuters_context": 2287, "municipal_2021_outbound_workers_context": 1961, "od_2021_context_status": "FACT_ISTAT_2021_WORK_COMMUTING_MUNICIPAL_ONLY_NOT_STOP_DEMAND" }, "geometry": { "type": "Point", "coordinates": [ 9.410885732609897, 45.738612467388776 ] } },
{ "type": "Feature", "properties": { "osm_way_id": "1463677823", "highway": "service", "road_uncertainty_flags": "missing_lanes|missing_maxheight|missing_maxweight|missing_maxwidth|missing_width", "sample_index": 0, "x_utm32": 530497.44745736523, "y_utm32": 5065094.8609370645, "lon": 9.3920185500468598, "lat": 45.738737845062445, "discovery_evidence": "POP_GAP8:WP_01463|POP_GAP8:WP_01585|POP_GAP8:WP_01586", "discovery_seed_count": 3, "walk_graph_node_id": 14224, "walk_graph_connector_m": 3.0823047963243555, "walk_graph_connector_min": 0.038528809954054444, "walk_graph_snap_ok": true, "population_reachable_5min": 137.24647335571538, "population_additional_5min": 122.64722572055334, "existing_catchment_overlap_population_5min": 14.599247635162058, "existing_catchment_overlap_pct_5min": 10.63724792208229, "population_reachable_8min": 397.76083001198475, "population_additional_8min": 170.46197770577129, "existing_catchment_overlap_population_8min": 227.2988523062134, "existing_catchment_overlap_pct_8min": 57.144604283776445, "population_reachable_10min": 570.1483160301176, "population_additional_10min": 137.20355037058317, "existing_catchment_overlap_population_10min": 432.94476565953443, "existing_catchment_overlap_pct_10min": 75.93546336751163, "population_reachable_12min": 888.10549548304948, "population_additional_12min": 82.01737611518071, "existing_catchment_overlap_population_12min": 806.08811936786879, "existing_catchment_overlap_pct_12min": 90.76490613645278, "nearest_official_stop_walk_network_m": 451.5639711451613, "nearest_official_stop_cluster_id": "EX_037", "nearby_official_routes": "D148", "nearby_official_route_count": 1, "settlement_coverage_10min_count": 3, "settlement_additional_10min_count": 1, "settlement_additional_10min_names": "Mondonico", "destination_coverage_10min_count": 0, "destination_additional_10min_count": 0, "destination_additional_10min_names": "", "pruned_near_existing_stop": false, "pruned_no_access_gain": false, "candidate_id": "P2S_0135", "stop_type": "PROPOSED_STOP", "physical_status": "FIELD_CHECK_PENDING", "epistemic_status": "PROPOSED_STOP/FIELD_CHECK_PENDING", "road_eligibility_status": "DERIVED_GATE_D_BUS_ELIGIBLE", "candidate_status": "HYPOTHESIS_NOT_RECOMMENDATION", "potential_interchange_with_reference_gtfs": false, "interchange_evidence_status": "DERIVED_FROM_REFERENCE_PERIOD_GTFS_PROXIMITY_NOT_CURRENT_SERVICE_GUARANTEE", "discovery_sample_spacing_m_assumption": 150.0, "candidate_pruning_radius_m_assumption": 220.0, "source_gate_b_commit": "55d726564e13acca55ce563cc911263ac513acb0", "source_gate_d_commit": "7c220f7586d0f6e5cccd14a2d518be52eb1c4a55", "PRO_COM_T": "097058", "COMUNE": "Olgiate Molgora", "municipal_2021_resident_work_commuters_context": 2287, "municipal_2021_outbound_workers_context": 1961, "od_2021_context_status": "FACT_ISTAT_2021_WORK_COMMUTING_MUNICIPAL_ONLY_NOT_STOP_DEMAND" }, "geometry": { "type": "Point", "coordinates": [ 9.39201855004686, 45.738737845062445 ] } },
{ "type": "Feature", "properties": { "osm_way_id": "1460724510", "highway": "service", "road_uncertainty_flags": "missing_lanes|missing_maxheight|missing_maxweight|missing_maxwidth|missing_width", "sample_index": 0, "x_utm32": 533662.97431987512, "y_utm32": 5065110.3647543965, "lon": 9.4327086462837517, "lat": 45.738730531450827, "discovery_evidence": "POP_GAP8:WP_01268", "discovery_seed_count": 1, "walk_graph_node_id": 24396, "walk_graph_connector_m": 2.3297446352269069, "walk_graph_connector_min": 0.029121807940336336, "walk_graph_snap_ok": true, "population_reachable_5min": 177.30747682451687, "population_additional_5min": 86.140213546888248, "existing_catchment_overlap_population_5min": 91.167263277628649, "existing_catchment_overlap_pct_5min": 51.417607937570445, "population_reachable_8min": 530.39487498995959, "population_additional_8min": 0.54409844592322942, "existing_catchment_overlap_population_8min": 529.85077654403642, "existing_catchment_overlap_pct_8min": 99.897416345523055, "population_reachable_10min": 1017.7029836963526, "population_additional_10min": 0.1678054549755435, "existing_catchment_overlap_population_10min": 1017.535178241377, "existing_catchment_overlap_pct_10min": 99.983511352755784, "population_reachable_12min": 1472.8997874986326, "population_additional_12min": 3.6451927493557896, "existing_catchment_overlap_population_12min": 1469.2545947492767, "existing_catchment_overlap_pct_12min": 99.752515902283733, "nearest_official_stop_walk_network_m": 479.730443459561, "nearest_official_stop_cluster_id": "EX_008", "nearby_official_routes": "D150|D185", "nearby_official_route_count": 2, "settlement_coverage_10min_count": 1, "settlement_additional_10min_count": 0, "settlement_additional_10min_names": "", "destination_coverage_10min_count": 2, "destination_additional_10min_count": 0, "destination_additional_10min_names": "", "pruned_near_existing_stop": false, "pruned_no_access_gain": false, "candidate_id": "P2S_0136", "stop_type": "PROPOSED_STOP", "physical_status": "FIELD_CHECK_PENDING", "epistemic_status": "PROPOSED_STOP/FIELD_CHECK_PENDING", "road_eligibility_status": "DERIVED_GATE_D_BUS_ELIGIBLE", "candidate_status": "HYPOTHESIS_NOT_RECOMMENDATION", "potential_interchange_with_reference_gtfs": false, "interchange_evidence_status": "DERIVED_FROM_REFERENCE_PERIOD_GTFS_PROXIMITY_NOT_CURRENT_SERVICE_GUARANTEE", "discovery_sample_spacing_m_assumption": 150.0, "candidate_pruning_radius_m_assumption": 220.0, "source_gate_b_commit": "55d726564e13acca55ce563cc911263ac513acb0", "source_gate_d_commit": "7c220f7586d0f6e5cccd14a2d518be52eb1c4a55", "PRO_COM_T": "097010", "COMUNE": "Brivio", "municipal_2021_resident_work_commuters_context": 1662, "municipal_2021_outbound_workers_context": 1339, "od_2021_context_status": "FACT_ISTAT_2021_WORK_COMMUTING_MUNICIPAL_ONLY_NOT_STOP_DEMAND" }, "geometry": { "type": "Point", "coordinates": [ 9.432708646283752, 45.738730531450827 ] } },
{ "type": "Feature", "properties": { "osm_way_id": "1463762247", "highway": "service", "road_uncertainty_flags": "missing_lanes|missing_maxheight|missing_maxweight|missing_maxwidth|missing_width", "sample_index": 0, "x_utm32": 533407.10205687175, "y_utm32": 5065126.7204741314, "lon": 9.4294208500006356, "lat": 45.738890150000138, "discovery_evidence": "POP_GAP8:WP_01386", "discovery_seed_count": 1, "walk_graph_node_id": 23822, "walk_graph_connector_m": 4.3726772669533833, "walk_graph_connector_min": 0.054658465836917289, "walk_graph_snap_ok": true, "population_reachable_5min": 87.690458384553324, "population_additional_5min": 38.565389268780237, "existing_catchment_overlap_population_5min": 49.125069115773087, "existing_catchment_overlap_pct_5min": 56.020997062579468, "population_reachable_8min": 517.88959666733001, "population_additional_8min": 9.6564047029584543, "existing_catchment_overlap_population_8min": 508.2331919643716, "existing_catchment_overlap_pct_8min": 98.135431805331038, "population_reachable_10min": 790.35323254200046, "population_additional_10min": 0.052910942229560304, "existing_catchment_overlap_population_10min": 790.30032159977088, "existing_catchment_overlap_pct_10min": 99.993305405728606, "population_reachable_12min": 1044.9833895577524, "population_additional_12min": 3.2480405903508758, "existing_catchment_overlap_population_12min": 1041.7353489674017, "existing_catchment_overlap_pct_12min": 99.689177778057768, "nearest_official_stop_walk_network_m": 602.30032210038348, "nearest_official_stop_cluster_id": "EX_008", "nearby_official_routes": "D150|D185", "nearby_official_route_count": 2, "settlement_coverage_10min_count": 1, "settlement_additional_10min_count": 0, "settlement_additional_10min_names": "", "destination_coverage_10min_count": 2, "destination_additional_10min_count": 0, "destination_additional_10min_names": "", "pruned_near_existing_stop": false, "pruned_no_access_gain": false, "candidate_id": "P2S_0137", "stop_type": "PROPOSED_STOP", "physical_status": "FIELD_CHECK_PENDING", "epistemic_status": "PROPOSED_STOP/FIELD_CHECK_PENDING", "road_eligibility_status": "DERIVED_GATE_D_BUS_ELIGIBLE", "candidate_status": "HYPOTHESIS_NOT_RECOMMENDATION", "potential_interchange_with_reference_gtfs": false, "interchange_evidence_status": "DERIVED_FROM_REFERENCE_PERIOD_GTFS_PROXIMITY_NOT_CURRENT_SERVICE_GUARANTEE", "discovery_sample_spacing_m_assumption": 150.0, "candidate_pruning_radius_m_assumption": 220.0, "source_gate_b_commit": "55d726564e13acca55ce563cc911263ac513acb0", "source_gate_d_commit": "7c220f7586d0f6e5cccd14a2d518be52eb1c4a55", "PRO_COM_T": "097010", "COMUNE": "Brivio", "municipal_2021_resident_work_commuters_context": 1662, "municipal_2021_outbound_workers_context": 1339, "od_2021_context_status": "FACT_ISTAT_2021_WORK_COMMUTING_MUNICIPAL_ONLY_NOT_STOP_DEMAND" }, "geometry": { "type": "Point", "coordinates": [ 9.429420850000636, 45.738890150000138 ] } },
{ "type": "Feature", "properties": { "osm_way_id": "234751701", "highway": "service", "road_uncertainty_flags": "missing_maxheight|missing_maxweight|missing_maxwidth|missing_width", "sample_index": 0, "x_utm32": 528883.51744779572, "y_utm32": 5065147.2431809856, "lon": 9.3712764397396775, "lat": 45.739278611596347, "discovery_evidence": "POP_GAP8:WP_01071", "discovery_seed_count": 1, "walk_graph_node_id": 6873, "walk_graph_connector_m": 0.23764522888887699, "walk_graph_connector_min": 0.0029705653611109624, "walk_graph_snap_ok": true, "population_reachable_5min": 457.0599488423041, "population_additional_5min": 31.331282145895525, "existing_catchment_overlap_population_5min": 425.72866669640854, "existing_catchment_overlap_pct_5min": 93.145038801746864, "population_reachable_8min": 1043.4139105277225, "population_additional_8min": 0.096455438717054698, "existing_catchment_overlap_population_8min": 1043.3174550890055, "existing_catchment_overlap_pct_8min": 99.990755783707328, "population_reachable_10min": 1772.5174980727015, "population_additional_10min": 0.0, "existing_catchment_overlap_population_10min": 1772.5174980727015, "existing_catchment_overlap_pct_10min": 100.0, "population_reachable_12min": 2738.8596804928684, "population_additional_12min": 0.0, "existing_catchment_overlap_population_12min": 2738.8596804928684, "existing_catchment_overlap_pct_12min": 100.0, "nearest_official_stop_walk_network_m": 315.92010392996826, "nearest_official_stop_cluster_id": "EX_029", "nearby_official_routes": "D184", "nearby_official_route_count": 1, "settlement_coverage_10min_count": 2, "settlement_additional_10min_count": 0, "settlement_additional_10min_names": "", "destination_coverage_10min_count": 7, "destination_additional_10min_count": 0, "destination_additional_10min_names": "", "pruned_near_existing_stop": false, "pruned_no_access_gain": false, "candidate_id": "P2S_0138", "stop_type": "PROPOSED_STOP", "physical_status": "FIELD_CHECK_PENDING", "epistemic_status": "PROPOSED_STOP/FIELD_CHECK_PENDING", "road_eligibility_status": "DERIVED_GATE_D_BUS_ELIGIBLE", "candidate_status": "HYPOTHESIS_NOT_RECOMMENDATION", "potential_interchange_with_reference_gtfs": false, "interchange_evidence_status": "DERIVED_FROM_REFERENCE_PERIOD_GTFS_PROXIMITY_NOT_CURRENT_SERVICE_GUARANTEE", "discovery_sample_spacing_m_assumption": 150.0, "candidate_pruning_radius_m_assumption": 220.0, "source_gate_b_commit": "55d726564e13acca55ce563cc911263ac513acb0", "source_gate_d_commit": "7c220f7586d0f6e5cccd14a2d518be52eb1c4a55", "PRO_COM_T": "097092", "COMUNE": "La Valletta Brianza", "municipal_2021_resident_work_commuters_context": 1796, "municipal_2021_outbound_workers_context": 1521, "od_2021_context_status": "FACT_ISTAT_2021_WORK_COMMUTING_MUNICIPAL_ONLY_NOT_STOP_DEMAND" }, "geometry": { "type": "Point", "coordinates": [ 9.371276439739677, 45.739278611596347 ] } },
{ "type": "Feature", "properties": { "osm_way_id": "143945587", "highway": "tertiary", "road_uncertainty_flags": "missing_maxheight|missing_maxweight|missing_maxwidth|missing_width", "sample_index": 1, "x_utm32": 527176.58448334364, "y_utm32": 5065172.8045446938, "lon": 9.3493369274098335, "lat": 45.739577871375253, "discovery_evidence": "POP_GAP8:WP_01046|POP_GAP8:WP_01169|POP_GAP8:WP_01170|POP_GAP8:WP_01171|POP_GAP8:WP_01291|POP_GAP8:WP_01292|POP_GAP8:WP_01293|POP_GAP8:WP_01294|POP_GAP8:WP_01413|POP_GAP8:WP_01414|POP_GAP8:WP_01415|POP_GAP8:WP_01416|POP_GAP8:WP_01534|POP_GAP8:WP_01535", "discovery_seed_count": 14, "walk_graph_node_id": 2067, "walk_graph_connector_m": 11.989119409687138, "walk_graph_connector_min": 0.14986399262108924, "walk_graph_snap_ok": true, "population_reachable_5min": 30.739957481043913, "population_additional_5min": 30.739957481043913, "existing_catchment_overlap_population_5min": 0.0, "existing_catchment_overlap_pct_5min": 0.0, "population_reachable_8min": 75.052662950393497, "population_additional_8min": 60.708242184048892, "existing_catchment_overlap_population_8min": 14.344420766344609, "existing_catchment_overlap_pct_8min": 19.112474098121794, "population_reachable_10min": 156.98499530632321, "population_additional_10min": 110.98684368380407, "existing_catchment_overlap_population_10min": 45.998151622519174, "existing_catchment_overlap_pct_10min": 29.300986080079472, "population_reachable_12min": 310.79432221244792, "population_additional_12min": 22.630674882469886, "existing_catchment_overlap_population_12min": 288.16364732997806, "existing_catchment_overlap_pct_12min": 92.718440053418888, "nearest_official_stop_walk_network_m": 1228.0600859986, "nearest_official_stop_cluster_id": "EX_027", "nearby_official_routes": "D184", "nearby_official_route_count": 1, "settlement_coverage_10min_count": 1, "settlement_additional_10min_count": 1, "settlement_additional_10min_names": "Roncada", "destination_coverage_10min_count": 0, "destination_additional_10min_count": 0, "destination_additional_10min_names": "", "pruned_near_existing_stop": false, "pruned_no_access_gain": false, "candidate_id": "P2S_0139", "stop_type": "PROPOSED_STOP", "physical_status": "FIELD_CHECK_PENDING", "epistemic_status": "PROPOSED_STOP/FIELD_CHECK_PENDING", "road_eligibility_status": "DERIVED_GATE_D_BUS_ELIGIBLE", "candidate_status": "HYPOTHESIS_NOT_RECOMMENDATION", "potential_interchange_with_reference_gtfs": false, "interchange_evidence_status": "DERIVED_FROM_REFERENCE_PERIOD_GTFS_PROXIMITY_NOT_CURRENT_SERVICE_GUARANTEE", "discovery_sample_spacing_m_assumption": 150.0, "candidate_pruning_radius_m_assumption": 220.0, "source_gate_b_commit": "55d726564e13acca55ce563cc911263ac513acb0", "source_gate_d_commit": "7c220f7586d0f6e5cccd14a2d518be52eb1c4a55", "PRO_COM_T": "097092", "COMUNE": "La Valletta Brianza", "municipal_2021_resident_work_commuters_context": 1796, "municipal_2021_outbound_workers_context": 1521, "od_2021_context_status": "FACT_ISTAT_2021_WORK_COMMUTING_MUNICIPAL_ONLY_NOT_STOP_DEMAND" }, "geometry": { "type": "Point", "coordinates": [ 9.349336927409833, 45.739577871375253 ] } },
{ "type": "Feature", "properties": { "osm_way_id": "67508447", "highway": "unclassified", "road_uncertainty_flags": "missing_lanes|missing_maxheight|missing_maxweight|missing_maxwidth|missing_width", "sample_index": 1, "x_utm32": 530235.64969873277, "y_utm32": 5065231.5359803271, "lon": 9.3886619775865867, "lat": 45.739979492182599, "discovery_evidence": "POP_GAP8:WP_01212|POP_GAP8:WP_01213", "discovery_seed_count": 2, "walk_graph_node_id": 13009, "walk_graph_connector_m": 6.1933259781526466, "walk_graph_connector_min": 0.077416574726908077, "walk_graph_snap_ok": true, "population_reachable_5min": 104.25794973939092, "population_additional_5min": 56.122668610107979, "existing_catchment_overlap_population_5min": 48.13528112928293, "existing_catchment_overlap_pct_5min": 46.169410821529297, "population_reachable_8min": 191.22911187444117, "population_additional_8min": 18.933009746958756, "existing_catchment_overlap_population_8min": 172.29610212748241, "existing_catchment_overlap_pct_8min": 90.099305716908859, "population_reachable_10min": 365.18334157012077, "population_additional_10min": 0.96106955953075823, "existing_catchment_overlap_population_10min": 364.22227201059007, "existing_catchment_overlap_pct_10min": 99.736825465422783, "population_reachable_12min": 668.09830476749335, "population_additional_12min": 0.44716258304876744, "existing_catchment_overlap_population_12min": 667.65114218444478, "existing_catchment_overlap_pct_12min": 99.933069343260172, "nearest_official_stop_walk_network_m": 291.24000143763556, "nearest_official_stop_cluster_id": "EX_037", "nearby_official_routes": "D148", "nearby_official_route_count": 1, "settlement_coverage_10min_count": 3, "settlement_additional_10min_count": 0, "settlement_additional_10min_names": "", "destination_coverage_10min_count": 0, "destination_additional_10min_count": 0, "destination_additional_10min_names": "", "pruned_near_existing_stop": false, "pruned_no_access_gain": false, "candidate_id": "P2S_0140", "stop_type": "PROPOSED_STOP", "physical_status": "FIELD_CHECK_PENDING", "epistemic_status": "PROPOSED_STOP/FIELD_CHECK_PENDING", "road_eligibility_status": "DERIVED_GATE_D_BUS_ELIGIBLE", "candidate_status": "HYPOTHESIS_NOT_RECOMMENDATION", "potential_interchange_with_reference_gtfs": true, "interchange_evidence_status": "DERIVED_FROM_REFERENCE_PERIOD_GTFS_PROXIMITY_NOT_CURRENT_SERVICE_GUARANTEE", "discovery_sample_spacing_m_assumption": 150.0, "candidate_pruning_radius_m_assumption": 220.0, "source_gate_b_commit": "55d726564e13acca55ce563cc911263ac513acb0", "source_gate_d_commit": "7c220f7586d0f6e5cccd14a2d518be52eb1c4a55", "PRO_COM_T": "097074", "COMUNE": "Santa Maria Hoè", "municipal_2021_resident_work_commuters_context": 836, "municipal_2021_outbound_workers_context": 724, "od_2021_context_status": "FACT_ISTAT_2021_WORK_COMMUTING_MUNICIPAL_ONLY_NOT_STOP_DEMAND" }, "geometry": { "type": "Point", "coordinates": [ 9.388661977586587, 45.739979492182599 ] } },
{ "type": "Feature", "properties": { "osm_way_id": "132322450", "highway": "residential", "road_uncertainty_flags": "missing_lanes|missing_maxheight|missing_maxweight|missing_maxwidth", "sample_index": 0, "x_utm32": 527748.40050594346, "y_utm32": 5065239.9822833845, "lon": 9.3566909499456461, "lat": 45.740159800008122, "discovery_evidence": "POP_GAP8:WP_01177|POP_GAP8:WP_01178", "discovery_seed_count": 2, "walk_graph_node_id": 3158, "walk_graph_connector_m": 4.9754306256056555, "walk_graph_connector_min": 0.062192882820070697, "walk_graph_snap_ok": true, "population_reachable_5min": 134.58092992684357, "population_additional_5min": 49.3194689902218, "existing_catchment_overlap_population_5min": 85.261460936621745, "existing_catchment_overlap_pct_5min": 63.353300488389216, "population_reachable_8min": 450.57364655658984, "population_additional_8min": 23.909421107330303, "existing_catchment_overlap_population_8min": 426.6642254492595, "existing_catchment_overlap_pct_8min": 94.693559800922046, "population_reachable_10min": 745.94725800832418, "population_additional_10min": 4.9630791331320196, "existing_catchment_overlap_population_10min": 740.98417887519224, "existing_catchment_overlap_pct_10min": 99.334660851709103, "population_reachable_12min": 1296.8365082540483, "population_additional_12min": 5.5913549733239822, "existing_catchment_overlap_population_12min": 1291.2451532807243, "existing_catchment_overlap_pct_12min": 99.568846578752485, "nearest_official_stop_walk_network_m": 524.77302803773728, "nearest_official_stop_cluster_id": "EX_027", "nearby_official_routes": "D184", "nearby_official_route_count": 1, "settlement_coverage_10min_count": 1, "settlement_additional_10min_count": 0, "settlement_additional_10min_names": "", "destination_coverage_10min_count": 0, "destination_additional_10min_count": 0, "destination_additional_10min_names": "", "pruned_near_existing_stop": false, "pruned_no_access_gain": false, "candidate_id": "P2S_0141", "stop_type": "PROPOSED_STOP", "physical_status": "FIELD_CHECK_PENDING", "epistemic_status": "PROPOSED_STOP/FIELD_CHECK_PENDING", "road_eligibility_status": "DERIVED_GATE_D_BUS_ELIGIBLE", "candidate_status": "HYPOTHESIS_NOT_RECOMMENDATION", "potential_interchange_with_reference_gtfs": false, "interchange_evidence_status": "DERIVED_FROM_REFERENCE_PERIOD_GTFS_PROXIMITY_NOT_CURRENT_SERVICE_GUARANTEE", "discovery_sample_spacing_m_assumption": 150.0, "candidate_pruning_radius_m_assumption": 220.0, "source_gate_b_commit": "55d726564e13acca55ce563cc911263ac513acb0", "source_gate_d_commit": "7c220f7586d0f6e5cccd14a2d518be52eb1c4a55", "PRO_COM_T": "097092", "COMUNE": "La Valletta Brianza", "municipal_2021_resident_work_commuters_context": 1796, "municipal_2021_outbound_workers_context": 1521, "od_2021_context_status": "FACT_ISTAT_2021_WORK_COMMUTING_MUNICIPAL_ONLY_NOT_STOP_DEMAND" }, "geometry": { "type": "Point", "coordinates": [ 9.356690949945646, 45.740159800008122 ] } },
{ "type": "Feature", "properties": { "osm_way_id": "193948936", "highway": "unclassified", "road_uncertainty_flags": "missing_lanes|missing_maxheight|missing_maxweight|missing_maxwidth|missing_width", "sample_index": 0, "x_utm32": 531122.93988473783, "y_utm32": 5065286.1814501584, "lon": 9.4000708212352713, "lat": 45.740431963124152, "discovery_evidence": "POP_GAP8:WP_01104|POP_GAP8:WP_01226|POP_GAP8:WP_01227|POP_GAP8:WP_01228|POP_GAP8:WP_01229", "discovery_seed_count": 5, "walk_graph_node_id": 16606, "walk_graph_connector_m": 5.9646788875618126, "walk_graph_connector_min": 0.074558486094522661, "walk_graph_snap_ok": true, "population_reachable_5min": 74.941995063266802, "population_additional_5min": 74.941995063266802, "existing_catchment_overlap_population_5min": 0.0, "existing_catchment_overlap_pct_5min": 0.0, "population_reachable_8min": 180.08262112549446, "population_additional_8min": 180.08262112549446, "existing_catchment_overlap_population_8min": 0.0, "existing_catchment_overlap_pct_8min": 0.0, "population_reachable_10min": 263.32539013641156, "population_additional_10min": 246.27706697725438, "existing_catchment_overlap_population_10min": 17.048323159157231, "existing_catchment_overlap_pct_10min": 6.4742420585897991, "population_reachable_12min": 347.90522735466669, "population_additional_12min": 155.90738152272985, "existing_catchment_overlap_population_12min": 191.99784583193681, "existing_catchment_overlap_pct_12min": 55.186824093392403, "nearest_official_stop_walk_network_m": 1351.5252258494911, "nearest_official_stop_cluster_id": "EX_011", "nearby_official_routes": "D184|D185", "nearby_official_route_count": 2, "settlement_coverage_10min_count": 3, "settlement_additional_10min_count": 3, "settlement_additional_10min_names": "Bruggione|Caglianello|Mondonico", "destination_coverage_10min_count": 0, "destination_additional_10min_count": 0, "destination_additional_10min_names": "", "pruned_near_existing_stop": false, "pruned_no_access_gain": false, "candidate_id": "P2S_0142", "stop_type": "PROPOSED_STOP", "physical_status": "FIELD_CHECK_PENDING", "epistemic_status": "PROPOSED_STOP/FIELD_CHECK_PENDING", "road_eligibility_status": "DERIVED_GATE_D_BUS_ELIGIBLE", "candidate_status": "HYPOTHESIS_NOT_RECOMMENDATION", "potential_interchange_with_reference_gtfs": false, "interchange_evidence_status": "DERIVED_FROM_REFERENCE_PERIOD_GTFS_PROXIMITY_NOT_CURRENT_SERVICE_GUARANTEE", "discovery_sample_spacing_m_assumption": 150.0, "candidate_pruning_radius_m_assumption": 220.0, "source_gate_b_commit": "55d726564e13acca55ce563cc911263ac513acb0", "source_gate_d_commit": "7c220f7586d0f6e5cccd14a2d518be52eb1c4a55", "PRO_COM_T": "097058", "COMUNE": "Olgiate Molgora", "municipal_2021_resident_work_commuters_context": 2287, "municipal_2021_outbound_workers_context": 1961, "od_2021_context_status": "FACT_ISTAT_2021_WORK_COMMUTING_MUNICIPAL_ONLY_NOT_STOP_DEMAND" }, "geometry": { "type": "Point", "coordinates": [ 9.400070821235271, 45.740431963124152 ] } },
{ "type": "Feature", "properties": { "osm_way_id": "1463677834", "highway": "service", "road_uncertainty_flags": "missing_lanes|missing_maxheight|missing_maxweight|missing_maxwidth|missing_width", "sample_index": 0, "x_utm32": 530827.47350941121, "y_utm32": 5065301.4685776643, "lon": 9.3962738048383159, "lat": 45.74058279152397, "discovery_evidence": "POP_GAP8:WP_01099|POP_GAP8:WP_01100|POP_GAP8:WP_01101|POP_GAP8:WP_01224|POP_GAP8:WP_01225|POP_GAP8:WP_01346|POP_GAP8:WP_01347", "discovery_seed_count": 7, "walk_graph_node_id": 15552, "walk_graph_connector_m": 1.1052980446586194, "walk_graph_connector_min": 0.013816225558232743, "walk_graph_snap_ok": true, "population_reachable_5min": 179.42500451677756, "population_additional_5min": 179.42500451677756, "existing_catchment_overlap_population_5min": 0.0, "existing_catchment_overlap_pct_5min": 0.0, "population_reachable_8min": 271.35447109199526, "population_additional_8min": 203.29986321472791, "existing_catchment_overlap_population_8min": 68.054607877267301, "existing_catchment_overlap_pct_8min": 25.079597031660946, "population_reachable_10min": 325.93048970370086, "population_additional_10min": 195.34601940709877, "existing_catchment_overlap_population_10min": 130.58447029660209, "existing_catchment_overlap_pct_10min": 40.065128738129019, "population_reachable_12min": 398.22207325932408, "population_additional_12min": 93.028363234010271, "existing_catchment_overlap_population_12min": 305.19371002531381, "existing_catchment_overlap_pct_12min": 76.639074154628844, "nearest_official_stop_walk_network_m": 868.38001450210788, "nearest_official_stop_cluster_id": "EX_037", "nearby_official_routes": "D148", "nearby_official_route_count": 1, "settlement_coverage_10min_count": 2, "settlement_additional_10min_count": 1, "settlement_additional_10min_names": "Mondonico", "destination_coverage_10min_count": 0, "destination_additional_10min_count": 0, "destination_additional_10min_names": "", "pruned_near_existing_stop": false, "pruned_no_access_gain": false, "candidate_id": "P2S_0143", "stop_type": "PROPOSED_STOP", "physical_status": "FIELD_CHECK_PENDING", "epistemic_status": "PROPOSED_STOP/FIELD_CHECK_PENDING", "road_eligibility_status": "DERIVED_GATE_D_BUS_ELIGIBLE", "candidate_status": "HYPOTHESIS_NOT_RECOMMENDATION", "potential_interchange_with_reference_gtfs": false, "interchange_evidence_status": "DERIVED_FROM_REFERENCE_PERIOD_GTFS_PROXIMITY_NOT_CURRENT_SERVICE_GUARANTEE", "discovery_sample_spacing_m_assumption": 150.0, "candidate_pruning_radius_m_assumption": 220.0, "source_gate_b_commit": "55d726564e13acca55ce563cc911263ac513acb0", "source_gate_d_commit": "7c220f7586d0f6e5cccd14a2d518be52eb1c4a55", "PRO_COM_T": "097058", "COMUNE": "Olgiate Molgora", "municipal_2021_resident_work_commuters_context": 2287, "municipal_2021_outbound_workers_context": 1961, "od_2021_context_status": "FACT_ISTAT_2021_WORK_COMMUTING_MUNICIPAL_ONLY_NOT_STOP_DEMAND" }, "geometry": { "type": "Point", "coordinates": [ 9.396273804838316, 45.74058279152397 ] } },
{ "type": "Feature", "properties": { "osm_way_id": "143945588", "highway": "tertiary", "road_uncertainty_flags": "missing_lanes|missing_maxheight|missing_maxweight|missing_maxwidth|missing_width", "sample_index": 0, "x_utm32": 526797.88015710062, "y_utm32": 5065353.2668329747, "lon": 9.3444790129720836, "lat": 45.74121691908973, "discovery_evidence": "POP_GAP8:WP_00807|POP_GAP8:WP_00809|POP_GAP8:WP_00920|POP_GAP8:WP_00921|POP_GAP8:WP_00922|POP_GAP8:WP_00923|POP_GAP8:WP_01037|POP_GAP8:WP_01038|POP_GAP8:WP_01039|POP_GAP8:WP_01040|POP_GAP8:WP_01041|POP_GAP8:WP_01163|POP_GAP8:WP_01164|POP_GAP8:WP_01287|POP_GAP8:WP_01288", "discovery_seed_count": 15, "walk_graph_node_id": 1441, "walk_graph_connector_m": 5.0279618792792533, "walk_graph_connector_min": 0.062849523490990669, "walk_graph_snap_ok": true, "population_reachable_5min": 10.840098175979522, "population_additional_5min": 10.840098175979522, "existing_catchment_overlap_population_5min": 0.0, "existing_catchment_overlap_pct_5min": 0.0, "population_reachable_8min": 16.580527137089948, "population_additional_8min": 16.580527137089948, "existing_catchment_overlap_population_8min": 0.0, "existing_catchment_overlap_pct_8min": 0.0, "population_reachable_10min": 25.10068190675981, "population_additional_10min": 25.10068190675981, "existing_catchment_overlap_population_10min": 0.0, "existing_catchment_overlap_pct_10min": 0.0, "population_reachable_12min": 43.238059354551048, "population_additional_12min": 19.411933711232212, "existing_catchment_overlap_population_12min": 23.826125643318839, "existing_catchment_overlap_pct_12min": 55.104521338354203, "nearest_official_stop_walk_network_m": 1630.7902995060081, "nearest_official_stop_cluster_id": "EX_027", "nearby_official_routes": "D184", "nearby_official_route_count": 1, "settlement_coverage_10min_count": 0, "settlement_additional_10min_count": 0, "settlement_additional_10min_names": "", "destination_coverage_10min_count": 0, "destination_additional_10min_count": 0, "destination_additional_10min_names": "", "pruned_near_existing_stop": false, "pruned_no_access_gain": false, "candidate_id": "P2S_0144", "stop_type": "PROPOSED_STOP", "physical_status": "FIELD_CHECK_PENDING", "epistemic_status": "PROPOSED_STOP/FIELD_CHECK_PENDING", "road_eligibility_status": "DERIVED_GATE_D_BUS_ELIGIBLE", "candidate_status": "HYPOTHESIS_NOT_RECOMMENDATION", "potential_interchange_with_reference_gtfs": false, "interchange_evidence_status": "DERIVED_FROM_REFERENCE_PERIOD_GTFS_PROXIMITY_NOT_CURRENT_SERVICE_GUARANTEE", "discovery_sample_spacing_m_assumption": 150.0, "candidate_pruning_radius_m_assumption": 220.0, "source_gate_b_commit": "55d726564e13acca55ce563cc911263ac513acb0", "source_gate_d_commit": "7c220f7586d0f6e5cccd14a2d518be52eb1c4a55", "PRO_COM_T": "097092", "COMUNE": "La Valletta Brianza", "municipal_2021_resident_work_commuters_context": 1796, "municipal_2021_outbound_workers_context": 1521, "od_2021_context_status": "FACT_ISTAT_2021_WORK_COMMUTING_MUNICIPAL_ONLY_NOT_STOP_DEMAND" }, "geometry": { "type": "Point", "coordinates": [ 9.344479012972084, 45.74121691908973 ] } },
{ "type": "Feature", "properties": { "osm_way_id": "299965801", "highway": "residential", "road_uncertainty_flags": "missing_lanes|missing_maxheight|missing_maxweight|missing_maxwidth|missing_width", "sample_index": 2, "x_utm32": 529835.66322138661, "y_utm32": 5065361.5530347135, "lon": 9.3835285095466983, "lat": 45.741167091998093, "discovery_evidence": "POP_GAP8:WP_01087", "discovery_seed_count": 1, "walk_graph_node_id": 11292, "walk_graph_connector_m": 7.3779416517109579, "walk_graph_connector_min": 0.092224270646386969, "walk_graph_snap_ok": true, "population_reachable_5min": 171.81991392680612, "population_additional_5min": 11.144662678394363, "existing_catchment_overlap_population_5min": 160.67525124841177, "existing_catchment_overlap_pct_5min": 93.513753776444162, "population_reachable_8min": 443.45002542208186, "population_additional_8min": 0.0, "existing_catchment_overlap_population_8min": 443.45002542208186, "existing_catchment_overlap_pct_8min": 100.0, "population_reachable_10min": 662.99372537865406, "population_additional_10min": 0.17147695626306139, "existing_catchment_overlap_population_10min": 662.822248422391, "existing_catchment_overlap_pct_10min": 99.974135960915007, "population_reachable_12min": 976.42493223329438, "population_additional_12min": 11.342059611883528, "existing_catchment_overlap_population_12min": 965.08287262141096, "existing_catchment_overlap_pct_12min": 98.83840946318918, "nearest_official_stop_walk_network_m": 245.22682411553538, "nearest_official_stop_cluster_id": "EX_033", "nearby_official_routes": "D184", "nearby_official_route_count": 1, "settlement_coverage_10min_count": 2, "settlement_additional_10min_count": 0, "settlement_additional_10min_names": "", "destination_coverage_10min_count": 1, "destination_additional_10min_count": 0, "destination_additional_10min_names": "", "pruned_near_existing_stop": false, "pruned_no_access_gain": false, "candidate_id": "P2S_0145", "stop_type": "PROPOSED_STOP", "physical_status": "FIELD_CHECK_PENDING", "epistemic_status": "PROPOSED_STOP/FIELD_CHECK_PENDING", "road_eligibility_status": "DERIVED_GATE_D_BUS_ELIGIBLE", "candidate_status": "HYPOTHESIS_NOT_RECOMMENDATION", "potential_interchange_with_reference_gtfs": true, "interchange_evidence_status": "DERIVED_FROM_REFERENCE_PERIOD_GTFS_PROXIMITY_NOT_CURRENT_SERVICE_GUARANTEE", "discovery_sample_spacing_m_assumption": 150.0, "candidate_pruning_radius_m_assumption": 220.0, "source_gate_b_commit": "55d726564e13acca55ce563cc911263ac513acb0", "source_gate_d_commit": "7c220f7586d0f6e5cccd14a2d518be52eb1c4a55", "PRO_COM_T": "097074", "COMUNE": "Santa Maria Hoè", "municipal_2021_resident_work_commuters_context": 836, "municipal_2021_outbound_workers_context": 724, "od_2021_context_status": "FACT_ISTAT_2021_WORK_COMMUTING_MUNICIPAL_ONLY_NOT_STOP_DEMAND" }, "geometry": { "type": "Point", "coordinates": [ 9.383528509546698, 45.741167091998093 ] } },
{ "type": "Feature", "properties": { "osm_way_id": "46739952", "highway": "primary", "road_uncertainty_flags": "missing_maxheight|missing_maxweight|missing_maxwidth|missing_width", "sample_index": 1, "x_utm32": 527498.75107129419, "y_utm32": 5065402.9598337691, "lon": 9.3534911578753217, "lat": 45.741636666322435, "discovery_evidence": "POP_GAP8:WP_00591|POP_GAP8:WP_00592|POP_GAP8:WP_00593|POP_GAP8:WP_00701|POP_GAP8:WP_00702|POP_GAP8:WP_00703|POP_GAP8:WP_00704|POP_GAP8:WP_00816|POP_GAP8:WP_00817|POP_GAP8:WP_00818|POP_GAP8:WP_00819|POP_GAP8:WP_00931|POP_GAP8:WP_00932|POP_GAP8:WP_00933|POP_GAP8:WP_00934|POP_GAP8:WP_01048|POP_GAP8:WP_01049|POP_GAP8:WP_01050|POP_GAP8:WP_01051", "discovery_seed_count": 19, "walk_graph_node_id": 2630, "walk_graph_connector_m": 17.680347253165305, "walk_graph_connector_min": 0.22100434066456631, "walk_graph_snap_ok": true, "population_reachable_5min": 11.094848205902801, "population_additional_5min": 11.094848205902801, "existing_catchment_overlap_population_5min": 0.0, "existing_catchment_overlap_pct_5min": 0.0, "population_reachable_8min": 153.68172959086576, "population_additional_8min": 25.408199649565507, "existing_catchment_overlap_population_8min": 128.27352994130027, "existing_catchment_overlap_pct_8min": 83.467000457889398, "population_reachable_10min": 258.2309536419217, "population_additional_10min": 6.5129149369998469, "existing_catchment_overlap_population_10min": 251.7180387049219, "existing_catchment_overlap_pct_10min": 97.477872096607371, "population_reachable_12min": 548.01358233671306, "population_additional_12min": 8.5728854482107462, "existing_catchment_overlap_population_12min": 539.44069688850243, "existing_catchment_overlap_pct_12min": 98.435643618237322, "nearest_official_stop_walk_network_m": 836.09956318255581, "nearest_official_stop_cluster_id": "EX_027", "nearby_official_routes": "D184", "nearby_official_route_count": 1, "settlement_coverage_10min_count": 1, "settlement_additional_10min_count": 0, "settlement_additional_10min_names": "", "destination_coverage_10min_count": 0, "destination_additional_10min_count": 0, "destination_additional_10min_names": "", "pruned_near_existing_stop": false, "pruned_no_access_gain": false, "candidate_id": "P2S_0146", "stop_type": "PROPOSED_STOP", "physical_status": "FIELD_CHECK_PENDING", "epistemic_status": "PROPOSED_STOP/FIELD_CHECK_PENDING", "road_eligibility_status": "DERIVED_GATE_D_BUS_ELIGIBLE", "candidate_status": "HYPOTHESIS_NOT_RECOMMENDATION", "potential_interchange_with_reference_gtfs": false, "interchange_evidence_status": "DERIVED_FROM_REFERENCE_PERIOD_GTFS_PROXIMITY_NOT_CURRENT_SERVICE_GUARANTEE", "discovery_sample_spacing_m_assumption": 150.0, "candidate_pruning_radius_m_assumption": 220.0, "source_gate_b_commit": "55d726564e13acca55ce563cc911263ac513acb0", "source_gate_d_commit": "7c220f7586d0f6e5cccd14a2d518be52eb1c4a55", "PRO_COM_T": "097092", "COMUNE": "La Valletta Brianza", "municipal_2021_resident_work_commuters_context": 1796, "municipal_2021_outbound_workers_context": 1521, "od_2021_context_status": "FACT_ISTAT_2021_WORK_COMMUTING_MUNICIPAL_ONLY_NOT_STOP_DEMAND" }, "geometry": { "type": "Point", "coordinates": [ 9.353491157875322, 45.741636666322435 ] } },
{ "type": "Feature", "properties": { "osm_way_id": "1463762252", "highway": "service", "road_uncertainty_flags": "missing_lanes|missing_maxheight|missing_maxweight|missing_maxwidth|missing_width", "sample_index": 0, "x_utm32": 533224.15838626446, "y_utm32": 5065414.3835002836, "lon": 9.4270890654085235, "lat": 45.74148807660702, "discovery_evidence": "POP_GAP8:WP_00891|POP_GAP8:WP_00892|POP_GAP8:WP_01008|POP_GAP8:WP_01009", "discovery_seed_count": 4, "walk_graph_node_id": 23315, "walk_graph_connector_m": 2.2404827376635041, "walk_graph_connector_min": 0.028006034220793802, "walk_graph_snap_ok": true, "population_reachable_5min": 195.14676918698078, "population_additional_5min": 95.911590017109773, "existing_catchment_overlap_population_5min": 99.235179169871003, "existing_catchment_overlap_pct_5min": 50.851561408525484, "population_reachable_8min": 601.04429558681011, "population_additional_8min": 11.027598462464299, "existing_catchment_overlap_population_8min": 590.01669712434568, "existing_catchment_overlap_pct_8min": 98.165260273920737, "population_reachable_10min": 813.63554011176018, "population_additional_10min": 16.551596625770888, "existing_catchment_overlap_population_10min": 797.08394348598915, "existing_catchment_overlap_pct_10min": 97.965723495375158, "population_reachable_12min": 1066.1849757677187, "population_additional_12min": 4.4295541050230218, "existing_catchment_overlap_population_12min": 1061.7554216626959, "existing_catchment_overlap_pct_12min": 99.584541687821741, "nearest_official_stop_walk_network_m": 561.71717018117772, "nearest_official_stop_cluster_id": "EX_014", "nearby_official_routes": "D148|D150", "nearby_official_route_count": 2, "settlement_coverage_10min_count": 1, "settlement_additional_10min_count": 0, "settlement_additional_10min_names": "", "destination_coverage_10min_count": 2, "destination_additional_10min_count": 0, "destination_additional_10min_names": "", "pruned_near_existing_stop": false, "pruned_no_access_gain": false, "candidate_id": "P2S_0147", "stop_type": "PROPOSED_STOP", "physical_status": "FIELD_CHECK_PENDING", "epistemic_status": "PROPOSED_STOP/FIELD_CHECK_PENDING", "road_eligibility_status": "DERIVED_GATE_D_BUS_ELIGIBLE", "candidate_status": "HYPOTHESIS_NOT_RECOMMENDATION", "potential_interchange_with_reference_gtfs": false, "interchange_evidence_status": "DERIVED_FROM_REFERENCE_PERIOD_GTFS_PROXIMITY_NOT_CURRENT_SERVICE_GUARANTEE", "discovery_sample_spacing_m_assumption": 150.0, "candidate_pruning_radius_m_assumption": 220.0, "source_gate_b_commit": "55d726564e13acca55ce563cc911263ac513acb0", "source_gate_d_commit": "7c220f7586d0f6e5cccd14a2d518be52eb1c4a55", "PRO_COM_T": "097010", "COMUNE": "Brivio", "municipal_2021_resident_work_commuters_context": 1662, "municipal_2021_outbound_workers_context": 1339, "od_2021_context_status": "FACT_ISTAT_2021_WORK_COMMUTING_MUNICIPAL_ONLY_NOT_STOP_DEMAND" }, "geometry": { "type": "Point", "coordinates": [ 9.427089065408524, 45.74148807660702 ] } },
{ "type": "Feature", "properties": { "osm_way_id": "198180675", "highway": "tertiary", "road_uncertainty_flags": "missing_lanes|missing_maxheight|missing_maxweight|missing_maxwidth|missing_width", "sample_index": 2, "x_utm32": 526496.39161137585, "y_utm32": 5065484.871795956, "lon": 9.3406107371266156, "lat": 45.74241306088927, "discovery_evidence": "POP_GAP8:WP_00472|POP_GAP8:WP_00577|POP_GAP8:WP_00578|POP_GAP8:WP_00687", "discovery_seed_count": 4, "walk_graph_node_id": 827, "walk_graph_connector_m": 13.268773632495833, "walk_graph_connector_min": 0.16585967040619792, "walk_graph_snap_ok": true, "population_reachable_5min": 0.1589527510199816, "population_additional_5min": 0.1589527510199816, "existing_catchment_overlap_population_5min": 0.0, "existing_catchment_overlap_pct_5min": 0.0, "population_reachable_8min": 0.83110905087477627, "population_additional_8min": 0.83110905087477627, "existing_catchment_overlap_population_8min": 0.0, "existing_catchment_overlap_pct_8min": 0.0, "population_reachable_10min": 2.0365149621422729, "population_additional_10min": 2.0365149621422729, "existing_catchment_overlap_population_10min": 0.0, "existing_catchment_overlap_pct_10min": 0.0, "population_reachable_12min": 3.4539204400503118, "population_additional_12min": 3.4539204400503118, "existing_catchment_overlap_population_12min": 0.0, "existing_catchment_overlap_pct_12min": 0.0, "nearest_official_stop_walk_network_m": 2119.5119392672382, "nearest_official_stop_cluster_id": "EX_027", "nearby_official_routes": "D184", "nearby_official_route_count": 1, "settlement_coverage_10min_count": 0, "settlement_additional_10min_count": 0, "settlement_additional_10min_names": "", "destination_coverage_10min_count": 0, "destination_additional_10min_count": 0, "destination_additional_10min_names": "", "pruned_near_existing_stop": false, "pruned_no_access_gain": false, "candidate_id": "P2S_0148", "stop_type": "PROPOSED_STOP", "physical_status": "FIELD_CHECK_PENDING", "epistemic_status": "PROPOSED_STOP/FIELD_CHECK_PENDING", "road_eligibility_status": "DERIVED_GATE_D_BUS_ELIGIBLE", "candidate_status": "HYPOTHESIS_NOT_RECOMMENDATION", "potential_interchange_with_reference_gtfs": false, "interchange_evidence_status": "DERIVED_FROM_REFERENCE_PERIOD_GTFS_PROXIMITY_NOT_CURRENT_SERVICE_GUARANTEE", "discovery_sample_spacing_m_assumption": 150.0, "candidate_pruning_radius_m_assumption": 220.0, "source_gate_b_commit": "55d726564e13acca55ce563cc911263ac513acb0", "source_gate_d_commit": "7c220f7586d0f6e5cccd14a2d518be52eb1c4a55", "PRO_COM_T": "097092", "COMUNE": "La Valletta Brianza", "municipal_2021_resident_work_commuters_context": 1796, "municipal_2021_outbound_workers_context": 1521, "od_2021_context_status": "FACT_ISTAT_2021_WORK_COMMUTING_MUNICIPAL_ONLY_NOT_STOP_DEMAND" }, "geometry": { "type": "Point", "coordinates": [ 9.340610737126616, 45.74241306088927 ] } },
{ "type": "Feature", "properties": { "osm_way_id": "573427525", "highway": "unclassified", "road_uncertainty_flags": "missing_lanes|missing_maxheight|missing_maxweight|missing_maxwidth|missing_width", "sample_index": 3, "x_utm32": 533503.48122482782, "y_utm32": 5065511.5168453855, "lon": 9.4306863176032163, "lat": 45.742348846896334, "discovery_evidence": "POP_GAP8:WP_00660|POP_GAP8:WP_00661|POP_GAP8:WP_00662|POP_GAP8:WP_00663|POP_GAP8:WP_00779|POP_GAP8:WP_00780|POP_GAP8:WP_00781|POP_GAP8:WP_00782|POP_GAP8:WP_00783|POP_GAP8:WP_00784|POP_GAP8:WP_00785|POP_GAP8:WP_00894|POP_GAP8:WP_00895|POP_GAP8:WP_00896|POP_GAP8:WP_00897|POP_GAP8:WP_00898|POP_GAP8:WP_00899|POP_GAP8:WP_00900|POP_GAP8:WP_00901|POP_GAP8:WP_01012|POP_GAP8:WP_01013|POP_GAP8:WP_01014|POP_GAP8:WP_01015|POP_GAP8:WP_01016|POP_GAP8:WP_01017|POP_GAP8:WP_01141", "discovery_seed_count": 26, "walk_graph_node_id": 24010, "walk_graph_connector_m": 2.4068123338996457, "walk_graph_connector_min": 0.030085154173745569, "walk_graph_snap_ok": true, "population_reachable_5min": 93.999128261765719, "population_additional_5min": 93.999128261765719, "existing_catchment_overlap_population_5min": 0.0, "existing_catchment_overlap_pct_5min": 0.0, "population_reachable_8min": 427.58500721085539, "population_additional_8min": 50.568039001544321, "existing_catchment_overlap_population_8min": 377.01696820931102, "existing_catchment_overlap_pct_8min": 88.173570600288215, "population_reachable_10min": 755.06725910482828, "population_additional_10min": 40.158879834423075, "existing_catchment_overlap_population_10min": 714.90837927040536, "existing_catchment_overlap_pct_10min": 94.681416873771823, "population_reachable_12min": 1086.137244626462, "population_additional_12min": 5.0345155068676624, "existing_catchment_overlap_population_12min": 1081.1027291195942, "existing_catchment_overlap_pct_12min": 99.536475198528038, "nearest_official_stop_walk_network_m": 750.80142976951606, "nearest_official_stop_cluster_id": "EX_008", "nearby_official_routes": "D150|D185", "nearby_official_route_count": 2, "settlement_coverage_10min_count": 1, "settlement_additional_10min_count": 0, "settlement_additional_10min_names": "", "destination_coverage_10min_count": 2, "destination_additional_10min_count": 0, "destination_additional_10min_names": "", "pruned_near_existing_stop": false, "pruned_no_access_gain": false, "candidate_id": "P2S_0149", "stop_type": "PROPOSED_STOP", "physical_status": "FIELD_CHECK_PENDING", "epistemic_status": "PROPOSED_STOP/FIELD_CHECK_PENDING", "road_eligibility_status": "DERIVED_GATE_D_BUS_ELIGIBLE", "candidate_status": "HYPOTHESIS_NOT_RECOMMENDATION", "potential_interchange_with_reference_gtfs": false, "interchange_evidence_status": "DERIVED_FROM_REFERENCE_PERIOD_GTFS_PROXIMITY_NOT_CURRENT_SERVICE_GUARANTEE", "discovery_sample_spacing_m_assumption": 150.0, "candidate_pruning_radius_m_assumption": 220.0, "source_gate_b_commit": "55d726564e13acca55ce563cc911263ac513acb0", "source_gate_d_commit": "7c220f7586d0f6e5cccd14a2d518be52eb1c4a55", "PRO_COM_T": "097010", "COMUNE": "Brivio", "municipal_2021_resident_work_commuters_context": 1662, "municipal_2021_outbound_workers_context": 1339, "od_2021_context_status": "FACT_ISTAT_2021_WORK_COMMUTING_MUNICIPAL_ONLY_NOT_STOP_DEMAND" }, "geometry": { "type": "Point", "coordinates": [ 9.430686317603216, 45.742348846896334 ] } },
{ "type": "Feature", "properties": { "osm_way_id": "299965801", "highway": "residential", "road_uncertainty_flags": "missing_lanes|missing_maxheight|missing_maxweight|missing_maxwidth|missing_width", "sample_index": 0, "x_utm32": 529607.00632382883, "y_utm32": 5065540.9805483362, "lon": 9.3806002325259179, "lat": 45.742791867752132, "discovery_evidence": "POP_GAP8:WP_00507", "discovery_seed_count": 1, "walk_graph_node_id": 10252, "walk_graph_connector_m": 11.450088496967185, "walk_graph_connector_min": 0.14312610621208982, "walk_graph_snap_ok": true, "population_reachable_5min": 230.92998122025392, "population_additional_5min": 0.36881976574288672, "existing_catchment_overlap_population_5min": 230.56116145451102, "existing_catchment_overlap_pct_5min": 99.840289353597996, "population_reachable_8min": 624.94321297792567, "population_additional_8min": 0.085767062817209097, "existing_catchment_overlap_population_8min": 624.85744591510854, "existing_catchment_overlap_pct_8min": 99.986276022999192, "population_reachable_10min": 905.75008102067898, "population_additional_10min": 0.0, "existing_catchment_overlap_population_10min": 905.75008102067898, "existing_catchment_overlap_pct_10min": 100.0, "population_reachable_12min": 1264.9080665191491, "population_additional_12min": 0.059788104020762095, "existing_catchment_overlap_population_12min": 1264.8482784151283, "existing_catchment_overlap_pct_12min": 99.995273324156656, "nearest_official_stop_walk_network_m": 202.99074943507202, "nearest_official_stop_cluster_id": "EX_025", "nearby_official_routes": "D184", "nearby_official_route_count": 1, "settlement_coverage_10min_count": 3, "settlement_additional_10min_count": 0, "settlement_additional_10min_names": "", "destination_coverage_10min_count": 2, "destination_additional_10min_count": 0, "destination_additional_10min_names": "", "pruned_near_existing_stop": false, "pruned_no_access_gain": false, "candidate_id": "P2S_0150", "stop_type": "PROPOSED_STOP", "physical_status": "FIELD_CHECK_PENDING", "epistemic_status": "PROPOSED_STOP/FIELD_CHECK_PENDING", "road_eligibility_status": "DERIVED_GATE_D_BUS_ELIGIBLE", "candidate_status": "HYPOTHESIS_NOT_RECOMMENDATION", "potential_interchange_with_reference_gtfs": true, "interchange_evidence_status": "DERIVED_FROM_REFERENCE_PERIOD_GTFS_PROXIMITY_NOT_CURRENT_SERVICE_GUARANTEE", "discovery_sample_spacing_m_assumption": 150.0, "candidate_pruning_radius_m_assumption": 220.0, "source_gate_b_commit": "55d726564e13acca55ce563cc911263ac513acb0", "source_gate_d_commit": "7c220f7586d0f6e5cccd14a2d518be52eb1c4a55", "PRO_COM_T": "097074", "COMUNE": "Santa Maria Hoè", "municipal_2021_resident_work_commuters_context": 836, "municipal_2021_outbound_workers_context": 724, "od_2021_context_status": "FACT_ISTAT_2021_WORK_COMMUTING_MUNICIPAL_ONLY_NOT_STOP_DEMAND" }, "geometry": { "type": "Point", "coordinates": [ 9.380600232525918, 45.742791867752132 ] } },
{ "type": "Feature", "properties": { "osm_way_id": "193695931", "highway": "tertiary", "road_uncertainty_flags": "missing_maxheight|missing_maxweight|missing_maxwidth|missing_width", "sample_index": 0, "x_utm32": 528340.70088209293, "y_utm32": 5065542.8325234614, "lon": 9.3643222315456498, "lat": 45.742861602499232, "discovery_evidence": "POP_GAP8:WP_00714|POP_GAP8:WP_00715|POP_GAP8:WP_00828", "discovery_seed_count": 3, "walk_graph_node_id": 4921, "walk_graph_connector_m": 6.8073038303091069, "walk_graph_connector_min": 0.085091297878863839, "walk_graph_snap_ok": true, "population_reachable_5min": 89.549388209690719, "population_additional_5min": 9.7190837435419706, "existing_catchment_overlap_population_5min": 79.830304466148746, "existing_catchment_overlap_pct_5min": 89.146677673795423, "population_reachable_8min": 389.97601543014798, "population_additional_8min": 16.866847353911488, "existing_catchment_overlap_population_8min": 373.10916807623647, "existing_catchment_overlap_pct_8min": 95.674901356354653, "population_reachable_10min": 883.47864612888202, "population_additional_10min": 16.200680722944853, "existing_catchment_overlap_population_10min": 867.27796540593727, "existing_catchment_overlap_pct_10min": 98.166262331983816, "population_reachable_12min": 1539.1511423507759, "population_additional_12min": 0.9987213424088357, "existing_catchment_overlap_population_12min": 1538.1524210083669, "existing_catchment_overlap_pct_12min": 99.93511219821572, "nearest_official_stop_walk_network_m": 468.1529813249162, "nearest_official_stop_cluster_id": "EX_030", "nearby_official_routes": "D160|D184", "nearby_official_route_count": 2, "settlement_coverage_10min_count": 0, "settlement_additional_10min_count": 0, "settlement_additional_10min_names": "", "destination_coverage_10min_count": 2, "destination_additional_10min_count": 0, "destination_additional_10min_names": "", "pruned_near_existing_stop": false, "pruned_no_access_gain": false, "candidate_id": "P2S_0151", "stop_type": "PROPOSED_STOP", "physical_status": "FIELD_CHECK_PENDING", "epistemic_status": "PROPOSED_STOP/FIELD_CHECK_PENDING", "road_eligibility_status": "DERIVED_GATE_D_BUS_ELIGIBLE", "candidate_status": "HYPOTHESIS_NOT_RECOMMENDATION", "potential_interchange_with_reference_gtfs": false, "interchange_evidence_status": "DERIVED_FROM_REFERENCE_PERIOD_GTFS_PROXIMITY_NOT_CURRENT_SERVICE_GUARANTEE", "discovery_sample_spacing_m_assumption": 150.0, "candidate_pruning_radius_m_assumption": 220.0, "source_gate_b_commit": "55d726564e13acca55ce563cc911263ac513acb0", "source_gate_d_commit": "7c220f7586d0f6e5cccd14a2d518be52eb1c4a55", "PRO_COM_T": "097092", "COMUNE": "La Valletta Brianza", "municipal_2021_resident_work_commuters_context": 1796, "municipal_2021_outbound_workers_context": 1521, "od_2021_context_status": "FACT_ISTAT_2021_WORK_COMMUTING_MUNICIPAL_ONLY_NOT_STOP_DEMAND" }, "geometry": { "type": "Point", "coordinates": [ 9.36432223154565, 45.742861602499232 ] } },
{ "type": "Feature", "properties": { "osm_way_id": "46739952", "highway": "primary", "road_uncertainty_flags": "missing_maxheight|missing_maxweight|missing_maxwidth|missing_width", "sample_index": 3, "x_utm32": 527237.93804268737, "y_utm32": 5065547.5084903119, "lon": 9.3501466529167452, "lat": 45.742948012237584, "discovery_evidence": "POP_GAP8:WP_00382|POP_GAP8:WP_00383|POP_GAP8:WP_00384|POP_GAP8:WP_00483|POP_GAP8:WP_00484|POP_GAP8:WP_00485|POP_GAP8:WP_00486|POP_GAP8:WP_00586|POP_GAP8:WP_00587|POP_GAP8:WP_00588|POP_GAP8:WP_00589|POP_GAP8:WP_00590|POP_GAP8:WP_00694|POP_GAP8:WP_00695|POP_GAP8:WP_00696|POP_GAP8:WP_00697|POP_GAP8:WP_00698|POP_GAP8:WP_00699|POP_GAP8:WP_00700|POP_GAP8:WP_00810|POP_GAP8:WP_00811|POP_GAP8:WP_00812|POP_GAP8:WP_00813|POP_GAP8:WP_00814|POP_GAP8:WP_00815|POP_GAP8:WP_00927|POP_GAP8:WP_00928", "discovery_seed_count": 27, "walk_graph_node_id": 2164, "walk_graph_connector_m": 2.0044305578237993, "walk_graph_connector_min": 0.02505538197279749, "walk_graph_snap_ok": true, "population_reachable_5min": 3.3442712738317621, "population_additional_5min": 3.3442712738317621, "existing_catchment_overlap_population_5min": 0.0, "existing_catchment_overlap_pct_5min": 0.0, "population_reachable_8min": 24.358146942216379, "population_additional_8min": 20.409785105614464, "existing_catchment_overlap_population_8min": 3.9483618366019138, "existing_catchment_overlap_pct_8min": 16.209614984130017, "population_reachable_10min": 81.143147948103334, "population_additional_10min": 34.263712479814359, "existing_catchment_overlap_population_10min": 46.879435468288996, "existing_catchment_overlap_pct_10min": 57.773745108178012, "population_reachable_12min": 240.43300133638249, "population_additional_12min": 13.994501919772292, "existing_catchment_overlap_population_12min": 226.43849941661017, "existing_catchment_overlap_pct_12min": 94.17945879226744, "nearest_official_stop_walk_network_m": 1118.1797043293464, "nearest_official_stop_cluster_id": "EX_027", "nearby_official_routes": "D184", "nearby_official_route_count": 1, "settlement_coverage_10min_count": 1, "settlement_additional_10min_count": 0, "settlement_additional_10min_names": "", "destination_coverage_10min_count": 0, "destination_additional_10min_count": 0, "destination_additional_10min_names": "", "pruned_near_existing_stop": false, "pruned_no_access_gain": false, "candidate_id": "P2S_0152", "stop_type": "PROPOSED_STOP", "physical_status": "FIELD_CHECK_PENDING", "epistemic_status": "PROPOSED_STOP/FIELD_CHECK_PENDING", "road_eligibility_status": "DERIVED_GATE_D_BUS_ELIGIBLE", "candidate_status": "HYPOTHESIS_NOT_RECOMMENDATION", "potential_interchange_with_reference_gtfs": false, "interchange_evidence_status": "DERIVED_FROM_REFERENCE_PERIOD_GTFS_PROXIMITY_NOT_CURRENT_SERVICE_GUARANTEE", "discovery_sample_spacing_m_assumption": 150.0, "candidate_pruning_radius_m_assumption": 220.0, "source_gate_b_commit": "55d726564e13acca55ce563cc911263ac513acb0", "source_gate_d_commit": "7c220f7586d0f6e5cccd14a2d518be52eb1c4a55", "PRO_COM_T": "097092", "COMUNE": "La Valletta Brianza", "municipal_2021_resident_work_commuters_context": 1796, "municipal_2021_outbound_workers_context": 1521, "od_2021_context_status": "FACT_ISTAT_2021_WORK_COMMUTING_MUNICIPAL_ONLY_NOT_STOP_DEMAND" }, "geometry": { "type": "Point", "coordinates": [ 9.350146652916745, 45.742948012237584 ] } },
{ "type": "Feature", "properties": { "osm_way_id": "196657709", "highway": "unclassified", "road_uncertainty_flags": "missing_lanes|missing_maxheight|missing_maxweight|missing_maxwidth|missing_width", "sample_index": 0, "x_utm32": 530178.40558680752, "y_utm32": 5065563.5277419668, "lon": 9.3879468490409703, "lat": 45.742970100332769, "discovery_evidence": "POP_GAP8:WP_00738|POP_GAP8:WP_00739|POP_GAP8:WP_00740|POP_GAP8:WP_00741|POP_GAP8:WP_00742|POP_GAP8:WP_00743|POP_GAP8:WP_00744|POP_GAP8:WP_00853|POP_GAP8:WP_00854|POP_GAP8:WP_00855|POP_GAP8:WP_00856|SETTLEMENT_GAP8:OSM_POINT_2101450272", "discovery_seed_count": 12, "walk_graph_node_id": 12785, "walk_graph_connector_m": 30.475703902585281, "walk_graph_connector_min": 0.38094629878231601, "walk_graph_snap_ok": true, "population_reachable_5min": 38.416815185679233, "population_additional_5min": 38.416815185679233, "existing_catchment_overlap_population_5min": 0.0, "existing_catchment_overlap_pct_5min": 0.0, "population_reachable_8min": 110.7303546567499, "population_additional_8min": 19.378563991725741, "existing_catchment_overlap_population_8min": 91.351790665024154, "existing_catchment_overlap_pct_8min": 82.499320938872785, "population_reachable_10min": 111.43765710279938, "population_additional_10min": 1.090790340692956, "existing_catchment_overlap_population_10min": 110.34686676210642, "existing_catchment_overlap_pct_10min": 99.021165404000982, "population_reachable_12min": 123.70977651579618, "population_additional_12min": 0.6987192892738292, "existing_catchment_overlap_population_12min": 123.01105722652235, "existing_catchment_overlap_pct_12min": 99.435194768794517, "nearest_official_stop_walk_network_m": 725.77796134818959, "nearest_official_stop_cluster_id": "EX_037", "nearby_official_routes": "D148", "nearby_official_route_count": 1, "settlement_coverage_10min_count": 3, "settlement_additional_10min_count": 1, "settlement_additional_10min_names": "Mirabella", "destination_coverage_10min_count": 0, "destination_additional_10min_count": 0, "destination_additional_10min_names": "", "pruned_near_existing_stop": false, "pruned_no_access_gain": false, "candidate_id": "P2S_0153", "stop_type": "PROPOSED_STOP", "physical_status": "FIELD_CHECK_PENDING", "epistemic_status": "PROPOSED_STOP/FIELD_CHECK_PENDING", "road_eligibility_status": "DERIVED_GATE_D_BUS_ELIGIBLE", "candidate_status": "HYPOTHESIS_NOT_RECOMMENDATION", "potential_interchange_with_reference_gtfs": false, "interchange_evidence_status": "DERIVED_FROM_REFERENCE_PERIOD_GTFS_PROXIMITY_NOT_CURRENT_SERVICE_GUARANTEE", "discovery_sample_spacing_m_assumption": 150.0, "candidate_pruning_radius_m_assumption": 220.0, "source_gate_b_commit": "55d726564e13acca55ce563cc911263ac513acb0", "source_gate_d_commit": "7c220f7586d0f6e5cccd14a2d518be52eb1c4a55", "PRO_COM_T": "097074", "COMUNE": "Santa Maria Hoè", "municipal_2021_resident_work_commuters_context": 836, "municipal_2021_outbound_workers_context": 724, "od_2021_context_status": "FACT_ISTAT_2021_WORK_COMMUTING_MUNICIPAL_ONLY_NOT_STOP_DEMAND" }, "geometry": { "type": "Point", "coordinates": [ 9.38794684904097, 45.742970100332769 ] } },
{ "type": "Feature", "properties": { "osm_way_id": "55503471", "highway": "service", "road_uncertainty_flags": "missing_lanes|missing_maxheight|missing_maxweight|missing_maxwidth|missing_width", "sample_index": 0, "x_utm32": 534883.02121494641, "y_utm32": 5065649.9486822775, "lon": 9.4484297032936784, "lat": 45.743526575255203, "discovery_evidence": "POP_GAP8:WP_00570", "discovery_seed_count": 1, "walk_graph_node_id": 27767, "walk_graph_connector_m": 12.171096927401612, "walk_graph_connector_min": 0.15213871159252015, "walk_graph_snap_ok": true, "population_reachable_5min": 632.15523164967419, "population_additional_5min": 184.45637781949006, "existing_catchment_overlap_population_5min": 447.69885383018413, "existing_catchment_overlap_pct_5min": 70.821031198597822, "population_reachable_8min": 1071.3040311832381, "population_additional_8min": 1.1544371685632964, "existing_catchment_overlap_population_8min": 1070.1495940146747, "existing_catchment_overlap_pct_8min": 99.892240005174969, "population_reachable_10min": 1405.7462160070779, "population_additional_10min": 0.36531290985719156, "existing_catchment_overlap_population_10min": 1405.3809030972204, "existing_catchment_overlap_pct_10min": 99.974012883285923, "population_reachable_12min": 1843.6290723224745, "population_additional_12min": 0.43259253959853727, "existing_catchment_overlap_population_12min": 1843.1964797828759, "existing_catchment_overlap_pct_12min": 99.976535814818021, "nearest_official_stop_walk_network_m": 351.44024541746626, "nearest_official_stop_cluster_id": "EX_036", "nearby_official_routes": "D148|D150|D185", "nearby_official_route_count": 3, "settlement_coverage_10min_count": 3, "settlement_additional_10min_count": 0, "settlement_additional_10min_names": "", "destination_coverage_10min_count": 5, "destination_additional_10min_count": 0, "destination_additional_10min_names": "", "pruned_near_existing_stop": false, "pruned_no_access_gain": false, "candidate_id": "P2S_0154", "stop_type": "PROPOSED_STOP", "physical_status": "FIELD_CHECK_PENDING", "epistemic_status": "PROPOSED_STOP/FIELD_CHECK_PENDING", "road_eligibility_status": "DERIVED_GATE_D_BUS_ELIGIBLE", "candidate_status": "HYPOTHESIS_NOT_RECOMMENDATION", "potential_interchange_with_reference_gtfs": false, "interchange_evidence_status": "DERIVED_FROM_REFERENCE_PERIOD_GTFS_PROXIMITY_NOT_CURRENT_SERVICE_GUARANTEE", "discovery_sample_spacing_m_assumption": 150.0, "candidate_pruning_radius_m_assumption": 220.0, "source_gate_b_commit": "55d726564e13acca55ce563cc911263ac513acb0", "source_gate_d_commit": "7c220f7586d0f6e5cccd14a2d518be52eb1c4a55", "PRO_COM_T": "097010", "COMUNE": "Brivio", "municipal_2021_resident_work_commuters_context": 1662, "municipal_2021_outbound_workers_context": 1339, "od_2021_context_status": "FACT_ISTAT_2021_WORK_COMMUTING_MUNICIPAL_ONLY_NOT_STOP_DEMAND" }, "geometry": { "type": "Point", "coordinates": [ 9.448429703293678, 45.743526575255203 ] } },
{ "type": "Feature", "properties": { "osm_way_id": "193695886", "highway": "unclassified", "road_uncertainty_flags": "missing_lanes|missing_maxheight|missing_maxweight|missing_maxwidth|missing_width", "sample_index": 1, "x_utm32": 528789.18338063802, "y_utm32": 5065676.5586340968, "lon": 9.3700953464022998, "lat": 45.744046683764907, "discovery_evidence": "POP_GAP8:WP_00599|POP_GAP8:WP_00719", "discovery_seed_count": 2, "walk_graph_node_id": 6508, "walk_graph_connector_m": 2.04714582592554, "walk_graph_connector_min": 0.025589322824069248, "walk_graph_snap_ok": true, "population_reachable_5min": 275.52302519787168, "population_additional_5min": 47.756039375867651, "existing_catchment_overlap_population_5min": 227.76698582200402, "existing_catchment_overlap_pct_5min": 82.667133049380965, "population_reachable_8min": 805.52711343998863, "population_additional_8min": 15.810601260412916, "existing_catchment_overlap_population_8min": 789.71651217957583, "existing_catchment_overlap_pct_8min": 98.037235370899694, "population_reachable_10min": 1205.5415637446129, "population_additional_10min": 15.325946232199065, "existing_catchment_overlap_population_10min": 1190.2156175124137, "existing_catchment_overlap_pct_10min": 98.728708599262703, "population_reachable_12min": 1451.7777017989276, "population_additional_12min": 0.064588852102143698, "existing_catchment_overlap_population_12min": 1451.7131129468255, "existing_catchment_overlap_pct_12min": 99.995551050823963, "nearest_official_stop_walk_network_m": 357.61177344066698, "nearest_official_stop_cluster_id": "EX_022", "nearby_official_routes": "D184", "nearby_official_route_count": 1, "settlement_coverage_10min_count": 1, "settlement_additional_10min_count": 0, "settlement_additional_10min_names": "", "destination_coverage_10min_count": 4, "destination_additional_10min_count": 0, "destination_additional_10min_names": "", "pruned_near_existing_stop": false, "pruned_no_access_gain": false, "candidate_id": "P2S_0155", "stop_type": "PROPOSED_STOP", "physical_status": "FIELD_CHECK_PENDING", "epistemic_status": "PROPOSED_STOP/FIELD_CHECK_PENDING", "road_eligibility_status": "DERIVED_GATE_D_BUS_ELIGIBLE", "candidate_status": "HYPOTHESIS_NOT_RECOMMENDATION", "potential_interchange_with_reference_gtfs": false, "interchange_evidence_status": "DERIVED_FROM_REFERENCE_PERIOD_GTFS_PROXIMITY_NOT_CURRENT_SERVICE_GUARANTEE", "discovery_sample_spacing_m_assumption": 150.0, "candidate_pruning_radius_m_assumption": 220.0, "source_gate_b_commit": "55d726564e13acca55ce563cc911263ac513acb0", "source_gate_d_commit": "7c220f7586d0f6e5cccd14a2d518be52eb1c4a55", "PRO_COM_T": "097074", "COMUNE": "Santa Maria Hoè", "municipal_2021_resident_work_commuters_context": 836, "municipal_2021_outbound_workers_context": 724, "od_2021_context_status": "FACT_ISTAT_2021_WORK_COMMUTING_MUNICIPAL_ONLY_NOT_STOP_DEMAND" }, "geometry": { "type": "Point", "coordinates": [ 9.3700953464023, 45.744046683764907 ] } },
{ "type": "Feature", "properties": { "osm_way_id": "1463998898", "highway": "service", "road_uncertainty_flags": "missing_lanes|missing_maxheight|missing_maxweight|missing_maxwidth|missing_width", "sample_index": 0, "x_utm32": 534494.86920577532, "y_utm32": 5065708.2369296011, "lon": 9.4434442203527027, "lat": 45.74407067226813, "discovery_evidence": "POP_GAP8:WP_00677", "discovery_seed_count": 1, "walk_graph_node_id": 26653, "walk_graph_connector_m": 4.0508535437242497, "walk_graph_connector_min": 0.050635669296553124, "walk_graph_snap_ok": true, "population_reachable_5min": 390.79709121657788, "population_additional_5min": 177.39990892632298, "existing_catchment_overlap_population_5min": 213.39718229025493, "existing_catchment_overlap_pct_5min": 54.605621967639273, "population_reachable_8min": 1144.8358845702141, "population_additional_8min": 104.45794511990343, "existing_catchment_overlap_population_8min": 1040.3779394503108, "existing_catchment_overlap_pct_8min": 90.875727558180259, "population_reachable_10min": 1839.8011275148995, "population_additional_10min": 94.712201310734571, "existing_catchment_overlap_population_10min": 1745.0889262041649, "existing_catchment_overlap_pct_10min": 94.852041348693675, "population_reachable_12min": 2051.6574191336272, "population_additional_12min": 11.325868856125613, "existing_catchment_overlap_population_12min": 2040.3315502775019, "existing_catchment_overlap_pct_12min": 99.447964911173727, "nearest_official_stop_walk_network_m": 295.07462339719217, "nearest_official_stop_cluster_id": "EX_036", "nearby_official_routes": "D148|D150|D185", "nearby_official_route_count": 3, "settlement_coverage_10min_count": 2, "settlement_additional_10min_count": 0, "settlement_additional_10min_names": "", "destination_coverage_10min_count": 5, "destination_additional_10min_count": 0, "destination_additional_10min_names": "", "pruned_near_existing_stop": false, "pruned_no_access_gain": false, "candidate_id": "P2S_0156", "stop_type": "PROPOSED_STOP", "physical_status": "FIELD_CHECK_PENDING", "epistemic_status": "PROPOSED_STOP/FIELD_CHECK_PENDING", "road_eligibility_status": "DERIVED_GATE_D_BUS_ELIGIBLE", "candidate_status": "HYPOTHESIS_NOT_RECOMMENDATION", "potential_interchange_with_reference_gtfs": true, "interchange_evidence_status": "DERIVED_FROM_REFERENCE_PERIOD_GTFS_PROXIMITY_NOT_CURRENT_SERVICE_GUARANTEE", "discovery_sample_spacing_m_assumption": 150.0, "candidate_pruning_radius_m_assumption": 220.0, "source_gate_b_commit": "55d726564e13acca55ce563cc911263ac513acb0", "source_gate_d_commit": "7c220f7586d0f6e5cccd14a2d518be52eb1c4a55", "PRO_COM_T": "097010", "COMUNE": "Brivio", "municipal_2021_resident_work_commuters_context": 1662, "municipal_2021_outbound_workers_context": 1339, "od_2021_context_status": "FACT_ISTAT_2021_WORK_COMMUTING_MUNICIPAL_ONLY_NOT_STOP_DEMAND" }, "geometry": { "type": "Point", "coordinates": [ 9.443444220352703, 45.74407067226813 ] } },
{ "type": "Feature", "properties": { "osm_way_id": "193695913", "highway": "tertiary", "road_uncertainty_flags": "missing_lanes|missing_maxheight|missing_maxweight|missing_maxwidth|missing_width", "sample_index": 0, "x_utm32": 528213.87377468962, "y_utm32": 5065744.678056024, "lon": 9.3627036552784908, "lat": 45.744683514261538, "discovery_evidence": "POP_GAP8:WP_00708|POP_GAP8:WP_00709", "discovery_seed_count": 2, "walk_graph_node_id": 4550, "walk_graph_connector_m": 15.204181790266709, "walk_graph_connector_min": 0.19005227237833386, "walk_graph_snap_ok": true, "population_reachable_5min": 8.786699826963142, "population_additional_5min": 8.3456694993099898, "existing_catchment_overlap_population_5min": 0.44103032765315148, "existing_catchment_overlap_pct_5min": 5.0192943464370092, "population_reachable_8min": 97.213679941322951, "population_additional_8min": 16.812535695232889, "existing_catchment_overlap_population_8min": 80.40114424609007, "existing_catchment_overlap_pct_8min": 82.705586595034021, "population_reachable_10min": 236.64240876447846, "population_additional_10min": 16.200680722944853, "existing_catchment_overlap_population_10min": 220.44172804153359, "existing_catchment_overlap_pct_10min": 93.153940239397741, "population_reachable_12min": 777.95788006782141, "population_additional_12min": 0.9987213424088357, "existing_catchment_overlap_population_12min": 776.95915872541264, "existing_catchment_overlap_pct_12min": 99.871622697321129, "nearest_official_stop_walk_network_m": 711.20511813813903, "nearest_official_stop_cluster_id": "EX_030", "nearby_official_routes": "D160|D184", "nearby_official_route_count": 2, "settlement_coverage_10min_count": 1, "settlement_additional_10min_count": 1, "settlement_additional_10min_names": "Cascinette Nere", "destination_coverage_10min_count": 0, "destination_additional_10min_count": 0, "destination_additional_10min_names": "", "pruned_near_existing_stop": false, "pruned_no_access_gain": false, "candidate_id": "P2S_0157", "stop_type": "PROPOSED_STOP", "physical_status": "FIELD_CHECK_PENDING", "epistemic_status": "PROPOSED_STOP/FIELD_CHECK_PENDING", "road_eligibility_status": "DERIVED_GATE_D_BUS_ELIGIBLE", "candidate_status": "HYPOTHESIS_NOT_RECOMMENDATION", "potential_interchange_with_reference_gtfs": false, "interchange_evidence_status": "DERIVED_FROM_REFERENCE_PERIOD_GTFS_PROXIMITY_NOT_CURRENT_SERVICE_GUARANTEE", "discovery_sample_spacing_m_assumption": 150.0, "candidate_pruning_radius_m_assumption": 220.0, "source_gate_b_commit": "55d726564e13acca55ce563cc911263ac513acb0", "source_gate_d_commit": "7c220f7586d0f6e5cccd14a2d518be52eb1c4a55", "PRO_COM_T": "097092", "COMUNE": "La Valletta Brianza", "municipal_2021_resident_work_commuters_context": 1796, "municipal_2021_outbound_workers_context": 1521, "od_2021_context_status": "FACT_ISTAT_2021_WORK_COMMUTING_MUNICIPAL_ONLY_NOT_STOP_DEMAND" }, "geometry": { "type": "Point", "coordinates": [ 9.362703655278491, 45.744683514261538 ] } },
{ "type": "Feature", "properties": { "osm_way_id": "1465348998", "highway": "service", "road_uncertainty_flags": "missing_lanes|missing_maxheight|missing_maxweight|missing_maxwidth|missing_width", "sample_index": 0, "x_utm32": 533216.94145594689, "y_utm32": 5065748.0821002489, "lon": 9.4270191932770331, "lat": 45.744491877861435, "discovery_evidence": "POP_GAP8:WP_00546|POP_GAP8:WP_00547|POP_GAP8:WP_00548|POP_GAP8:WP_00654|POP_GAP8:WP_00655|POP_GAP8:WP_00656|POP_GAP8:WP_00657|POP_GAP8:WP_00777|POP_GAP8:WP_00778", "discovery_seed_count": 9, "walk_graph_node_id": 23265, "walk_graph_connector_m": 18.638195917487472, "walk_graph_connector_min": 0.2329774489685934, "walk_graph_snap_ok": true, "population_reachable_5min": 53.507076205180432, "population_additional_5min": 53.507076205180432, "existing_catchment_overlap_population_5min": 0.0, "existing_catchment_overlap_pct_5min": 0.0, "population_reachable_8min": 76.847159079718764, "population_additional_8min": 45.543138079705898, "existing_catchment_overlap_population_8min": 31.304021000012845, "existing_catchment_overlap_pct_8min": 40.735430398330095, "population_reachable_10min": 80.030425933336943, "population_additional_10min": 42.111765528895461, "existing_catchment_overlap_population_10min": 37.918660404441482, "existing_catchment_overlap_pct_10min": 47.380305630294458, "population_reachable_12min": 155.33791757215425, "population_additional_12min": 4.7780469799980967, "existing_catchment_overlap_population_12min": 150.55987059215619, "existing_catchment_overlap_pct_12min": 96.924094867063815, "nearest_official_stop_walk_network_m": 849.48531594610233, "nearest_official_stop_cluster_id": "EX_014", "nearby_official_routes": "D148|D150", "nearby_official_route_count": 2, "settlement_coverage_10min_count": 0, "settlement_additional_10min_count": 0, "settlement_additional_10min_names": "", "destination_coverage_10min_count": 0, "destination_additional_10min_count": 0, "destination_additional_10min_names": "", "pruned_near_existing_stop": false, "pruned_no_access_gain": false, "candidate_id": "P2S_0158", "stop_type": "PROPOSED_STOP", "physical_status": "FIELD_CHECK_PENDING", "epistemic_status": "PROPOSED_STOP/FIELD_CHECK_PENDING", "road_eligibility_status": "DERIVED_GATE_D_BUS_ELIGIBLE", "candidate_status": "HYPOTHESIS_NOT_RECOMMENDATION", "potential_interchange_with_reference_gtfs": false, "interchange_evidence_status": "DERIVED_FROM_REFERENCE_PERIOD_GTFS_PROXIMITY_NOT_CURRENT_SERVICE_GUARANTEE", "discovery_sample_spacing_m_assumption": 150.0, "candidate_pruning_radius_m_assumption": 220.0, "source_gate_b_commit": "55d726564e13acca55ce563cc911263ac513acb0", "source_gate_d_commit": "7c220f7586d0f6e5cccd14a2d518be52eb1c4a55", "PRO_COM_T": "097010", "COMUNE": "Brivio", "municipal_2021_resident_work_commuters_context": 1662, "municipal_2021_outbound_workers_context": 1339, "od_2021_context_status": "FACT_ISTAT_2021_WORK_COMMUTING_MUNICIPAL_ONLY_NOT_STOP_DEMAND" }, "geometry": { "type": "Point", "coordinates": [ 9.427019193277033, 45.744491877861435 ] } },
{ "type": "Feature", "properties": { "osm_way_id": "46739952", "highway": "primary", "road_uncertainty_flags": "missing_maxheight|missing_maxweight|missing_maxwidth|missing_width", "sample_index": 5, "x_utm32": 527027.56149904325, "y_utm32": 5065754.5029041665, "lon": 9.3474538473146929, "lat": 45.744819338740129, "discovery_evidence": "POP_GAP8:WP_00210|POP_GAP8:WP_00211|POP_GAP8:WP_00287|POP_GAP8:WP_00288|POP_GAP8:WP_00289|POP_GAP8:WP_00290|POP_GAP8:WP_00291|POP_GAP8:WP_00292|POP_GAP8:WP_00376|POP_GAP8:WP_00377|POP_GAP8:WP_00378|POP_GAP8:WP_00379|POP_GAP8:WP_00380|POP_GAP8:WP_00381|POP_GAP8:WP_00382|POP_GAP8:WP_00383|POP_GAP8:WP_00384|POP_GAP8:WP_00478|POP_GAP8:WP_00479|POP_GAP8:WP_00480|POP_GAP8:WP_00481|POP_GAP8:WP_00482|POP_GAP8:WP_00483|POP_GAP8:WP_00484|POP_GAP8:WP_00485|POP_GAP8:WP_00582|POP_GAP8:WP_00583|POP_GAP8:WP_00584|POP_GAP8:WP_00585|POP_GAP8:WP_00586|POP_GAP8:WP_00587|POP_GAP8:WP_00692|POP_GAP8:WP_00693|POP_GAP8:WP_00694|POP_GAP8:WP_00695", "discovery_seed_count": 35, "walk_graph_node_id": 1818, "walk_graph_connector_m": 12.054639978635167, "walk_graph_connector_min": 0.15068299973293958, "walk_graph_snap_ok": true, "population_reachable_5min": 1.663916115684392, "population_additional_5min": 1.663916115684392, "existing_catchment_overlap_population_5min": 0.0, "existing_catchment_overlap_pct_5min": 0.0, "population_reachable_8min": 4.7149850579143369, "population_additional_8min": 4.7149850579143369, "existing_catchment_overlap_population_8min": 0.0, "existing_catchment_overlap_pct_8min": 0.0, "population_reachable_10min": 6.7880818510109515, "population_additional_10min": 6.3360165370831831, "existing_catchment_overlap_population_10min": 0.45206531392776766, "existing_catchment_overlap_pct_10min": 6.6596915572024438, "population_reachable_12min": 25.916065563094435, "population_additional_12min": 8.2837092235152703, "existing_catchment_overlap_population_12min": 17.632356339579161, "existing_catchment_overlap_pct_12min": 68.036393474356601, "nearest_official_stop_walk_network_m": 1438.2801231716426, "nearest_official_stop_cluster_id": "EX_027", "nearby_official_routes": "D184", "nearby_official_route_count": 1, "settlement_coverage_10min_count": 0, "settlement_additional_10min_count": 0, "settlement_additional_10min_names": "", "destination_coverage_10min_count": 0, "destination_additional_10min_count": 0, "destination_additional_10min_names": "", "pruned_near_existing_stop": false, "pruned_no_access_gain": false, "candidate_id": "P2S_0159", "stop_type": "PROPOSED_STOP", "physical_status": "FIELD_CHECK_PENDING", "epistemic_status": "PROPOSED_STOP/FIELD_CHECK_PENDING", "road_eligibility_status": "DERIVED_GATE_D_BUS_ELIGIBLE", "candidate_status": "HYPOTHESIS_NOT_RECOMMENDATION", "potential_interchange_with_reference_gtfs": false, "interchange_evidence_status": "DERIVED_FROM_REFERENCE_PERIOD_GTFS_PROXIMITY_NOT_CURRENT_SERVICE_GUARANTEE", "discovery_sample_spacing_m_assumption": 150.0, "candidate_pruning_radius_m_assumption": 220.0, "source_gate_b_commit": "55d726564e13acca55ce563cc911263ac513acb0", "source_gate_d_commit": "7c220f7586d0f6e5cccd14a2d518be52eb1c4a55", "PRO_COM_T": "097092", "COMUNE": "La Valletta Brianza", "municipal_2021_resident_work_commuters_context": 1796, "municipal_2021_outbound_workers_context": 1521, "od_2021_context_status": "FACT_ISTAT_2021_WORK_COMMUTING_MUNICIPAL_ONLY_NOT_STOP_DEMAND" }, "geometry": { "type": "Point", "coordinates": [ 9.347453847314693, 45.744819338740129 ] } },
{ "type": "Feature", "properties": { "osm_way_id": "223276929", "highway": "unclassified", "road_uncertainty_flags": "missing_lanes|missing_maxheight|missing_maxweight|missing_maxwidth|missing_width", "sample_index": 2, "x_utm32": 533477.43228419777, "y_utm32": 5065761.3244596776, "lon": 9.4303687445588977, "lat": 45.744598501099077, "discovery_evidence": "POP_GAP8:WP_00344|POP_GAP8:WP_00345|POP_GAP8:WP_00446|POP_GAP8:WP_00447|POP_GAP8:WP_00448|POP_GAP8:WP_00449|POP_GAP8:WP_00549|POP_GAP8:WP_00550|POP_GAP8:WP_00551|POP_GAP8:WP_00552|POP_GAP8:WP_00553|POP_GAP8:WP_00554|POP_GAP8:WP_00555|POP_GAP8:WP_00657|POP_GAP8:WP_00658|POP_GAP8:WP_00659|POP_GAP8:WP_00660|POP_GAP8:WP_00661|POP_GAP8:WP_00662|POP_GAP8:WP_00663|POP_GAP8:WP_00664|POP_GAP8:WP_00779|POP_GAP8:WP_00780|POP_GAP8:WP_00781|POP_GAP8:WP_00782|POP_GAP8:WP_00783|POP_GAP8:WP_00784|POP_GAP8:WP_00785|POP_GAP8:WP_00898|POP_GAP8:WP_00899", "discovery_seed_count": 30, "walk_graph_node_id": 23959, "walk_graph_connector_m": 3.6961170364808651, "walk_graph_connector_min": 0.046201462956010811, "walk_graph_snap_ok": true, "population_reachable_5min": 50.849350642420227, "population_additional_5min": 50.849350642420227, "existing_catchment_overlap_population_5min": 0.0, "existing_catchment_overlap_pct_5min": 0.0, "population_reachable_8min": 152.18092746711383, "population_additional_8min": 55.597183580536999, "existing_catchment_overlap_population_8min": 96.583743886576869, "existing_catchment_overlap_pct_8min": 63.466391941558207, "population_reachable_10min": 326.62083274994768, "population_additional_10min": 42.147141613380533, "existing_catchment_overlap_population_10min": 284.4736911365672, "existing_catchment_overlap_pct_10min": 87.096003259030567, "population_reachable_12min": 685.94198084639106, "population_additional_12min": 4.7780469799980967, "existing_catchment_overlap_population_12min": 681.16393386639299, "existing_catchment_overlap_pct_12min": 99.303432780990846, "nearest_official_stop_walk_network_m": 930.31607352503465, "nearest_official_stop_cluster_id": "EX_014", "nearby_official_routes": "D148|D150", "nearby_official_route_count": 2, "settlement_coverage_10min_count": 0, "settlement_additional_10min_count": 0, "settlement_additional_10min_names": "", "destination_coverage_10min_count": 0, "destination_additional_10min_count": 0, "destination_additional_10min_names": "", "pruned_near_existing_stop": false, "pruned_no_access_gain": false, "candidate_id": "P2S_0160", "stop_type": "PROPOSED_STOP", "physical_status": "FIELD_CHECK_PENDING", "epistemic_status": "PROPOSED_STOP/FIELD_CHECK_PENDING", "road_eligibility_status": "DERIVED_GATE_D_BUS_ELIGIBLE", "candidate_status": "HYPOTHESIS_NOT_RECOMMENDATION", "potential_interchange_with_reference_gtfs": false, "interchange_evidence_status": "DERIVED_FROM_REFERENCE_PERIOD_GTFS_PROXIMITY_NOT_CURRENT_SERVICE_GUARANTEE", "discovery_sample_spacing_m_assumption": 150.0, "candidate_pruning_radius_m_assumption": 220.0, "source_gate_b_commit": "55d726564e13acca55ce563cc911263ac513acb0", "source_gate_d_commit": "7c220f7586d0f6e5cccd14a2d518be52eb1c4a55", "PRO_COM_T": "097010", "COMUNE": "Brivio", "municipal_2021_resident_work_commuters_context": 1662, "municipal_2021_outbound_workers_context": 1339, "od_2021_context_status": "FACT_ISTAT_2021_WORK_COMMUTING_MUNICIPAL_ONLY_NOT_STOP_DEMAND" }, "geometry": { "type": "Point", "coordinates": [ 9.430368744558898, 45.744598501099077 ] } },
{ "type": "Feature", "properties": { "osm_way_id": "1463993515", "highway": "service", "road_uncertainty_flags": "missing_lanes|missing_maxheight|missing_maxweight|missing_maxwidth|missing_width", "sample_index": 0, "x_utm32": 534097.51163388719, "y_utm32": 5065852.3105209405, "lon": 9.438346343406991, "lat": 45.74538711574035, "discovery_evidence": "POP_GAP8:WP_00455|POP_GAP8:WP_00556|POP_GAP8:WP_00557|POP_GAP8:WP_00558|POP_GAP8:WP_00559|POP_GAP8:WP_00560|POP_GAP8:WP_00561|POP_GAP8:WP_00562|POP_GAP8:WP_00665|POP_GAP8:WP_00666|POP_GAP8:WP_00667|POP_GAP8:WP_00668|POP_GAP8:WP_00669|POP_GAP8:WP_00786|POP_GAP8:WP_00787|POP_GAP8:WP_00788", "discovery_seed_count": 16, "walk_graph_node_id": 25431, "walk_graph_connector_m": 7.2501888711591835, "walk_graph_connector_min": 0.090627360889489791, "walk_graph_snap_ok": true, "population_reachable_5min": 6.3109536182150743, "population_additional_5min": 6.3109536182150743, "existing_catchment_overlap_population_5min": 0.0, "existing_catchment_overlap_pct_5min": 0.0, "population_reachable_8min": 268.70357844590757, "population_additional_8min": 109.24489962523958, "existing_catchment_overlap_population_8min": 159.45867882066798, "existing_catchment_overlap_pct_8min": 59.343712407152935, "population_reachable_10min": 513.39160889406332, "population_additional_10min": 92.963423092591867, "existing_catchment_overlap_population_10min": 420.42818580147144, "existing_catchment_overlap_pct_10min": 81.892297910195381, "population_reachable_12min": 551.46118627690714, "population_additional_12min": 13.188258269190449, "existing_catchment_overlap_population_12min": 538.27292800771681, "existing_catchment_overlap_pct_12min": 97.608488394581585, "nearest_official_stop_walk_network_m": 937.19731285031651, "nearest_official_stop_cluster_id": "EX_036", "nearby_official_routes": "D148|D150|D185", "nearby_official_route_count": 3, "settlement_coverage_10min_count": 0, "settlement_additional_10min_count": 0, "settlement_additional_10min_names": "", "destination_coverage_10min_count": 0, "destination_additional_10min_count": 0, "destination_additional_10min_names": "", "pruned_near_existing_stop": false, "pruned_no_access_gain": false, "candidate_id": "P2S_0161", "stop_type": "PROPOSED_STOP", "physical_status": "FIELD_CHECK_PENDING", "epistemic_status": "PROPOSED_STOP/FIELD_CHECK_PENDING", "road_eligibility_status": "DERIVED_GATE_D_BUS_ELIGIBLE", "candidate_status": "HYPOTHESIS_NOT_RECOMMENDATION", "potential_interchange_with_reference_gtfs": false, "interchange_evidence_status": "DERIVED_FROM_REFERENCE_PERIOD_GTFS_PROXIMITY_NOT_CURRENT_SERVICE_GUARANTEE", "discovery_sample_spacing_m_assumption": 150.0, "candidate_pruning_radius_m_assumption": 220.0, "source_gate_b_commit": "55d726564e13acca55ce563cc911263ac513acb0", "source_gate_d_commit": "7c220f7586d0f6e5cccd14a2d518be52eb1c4a55", "PRO_COM_T": "097010", "COMUNE": "Brivio", "municipal_2021_resident_work_commuters_context": 1662, "municipal_2021_outbound_workers_context": 1339, "od_2021_context_status": "FACT_ISTAT_2021_WORK_COMMUTING_MUNICIPAL_ONLY_NOT_STOP_DEMAND" }, "geometry": { "type": "Point", "coordinates": [ 9.438346343406991, 45.74538711574035 ] } },
{ "type": "Feature", "properties": { "osm_way_id": "1441912560", "highway": "unclassified", "road_uncertainty_flags": "missing_lanes|missing_maxheight|missing_maxweight|missing_maxwidth|missing_width", "sample_index": 1, "x_utm32": 530197.49482793955, "y_utm32": 5065853.1406218186, "lon": 9.388210304839351, "lat": 45.745575939796815, "discovery_evidence": "POP_GAP8:WP_00314|POP_GAP8:WP_00315|POP_GAP8:WP_00406|POP_GAP8:WP_00407|POP_GAP8:WP_00408|POP_GAP8:WP_00409|POP_GAP8:WP_00410|POP_GAP8:WP_00513|POP_GAP8:WP_00514|POP_GAP8:WP_00515|SETTLEMENT_GAP8:OSM_POINT_2456277169", "discovery_seed_count": 11, "walk_graph_node_id": 12774, "walk_graph_connector_m": 0.63645093088505877, "walk_graph_connector_min": 0.0079556366360632354, "walk_graph_snap_ok": true, "population_reachable_5min": 4.9610975079026236, "population_additional_5min": 4.9610975079026236, "existing_catchment_overlap_population_5min": 0.0, "existing_catchment_overlap_pct_5min": 0.0, "population_reachable_8min": 5.6192992559342718, "population_additional_8min": 5.6192992559342718, "existing_catchment_overlap_population_8min": 0.0, "existing_catchment_overlap_pct_8min": 0.0, "population_reachable_10min": 6.3630750319134854, "population_additional_10min": 6.3630750319134854, "existing_catchment_overlap_population_10min": 0.0, "existing_catchment_overlap_pct_10min": 0.0, "population_reachable_12min": 7.8112568446913633, "population_additional_12min": 7.2514302427649406, "existing_catchment_overlap_population_12min": 0.55982660192642353, "existing_catchment_overlap_pct_12min": 7.1669209329211769, "nearest_official_stop_walk_network_m": 1260.8353651153379, "nearest_official_stop_cluster_id": "EX_033", "nearby_official_routes": "D184", "nearby_official_route_count": 1, "settlement_coverage_10min_count": 2, "settlement_additional_10min_count": 2, "settlement_additional_10min_names": "Mirabella|Paù", "destination_coverage_10min_count": 0, "destination_additional_10min_count": 0, "destination_additional_10min_names": "", "pruned_near_existing_stop": false, "pruned_no_access_gain": false, "candidate_id": "P2S_0162", "stop_type": "PROPOSED_STOP", "physical_status": "FIELD_CHECK_PENDING", "epistemic_status": "PROPOSED_STOP/FIELD_CHECK_PENDING", "road_eligibility_status": "DERIVED_GATE_D_BUS_ELIGIBLE", "candidate_status": "HYPOTHESIS_NOT_RECOMMENDATION", "potential_interchange_with_reference_gtfs": false, "interchange_evidence_status": "DERIVED_FROM_REFERENCE_PERIOD_GTFS_PROXIMITY_NOT_CURRENT_SERVICE_GUARANTEE", "discovery_sample_spacing_m_assumption": 150.0, "candidate_pruning_radius_m_assumption": 220.0, "source_gate_b_commit": "55d726564e13acca55ce563cc911263ac513acb0", "source_gate_d_commit": "7c220f7586d0f6e5cccd14a2d518be52eb1c4a55", "PRO_COM_T": "097074", "COMUNE": "Santa Maria Hoè", "municipal_2021_resident_work_commuters_context": 836, "municipal_2021_outbound_workers_context": 724, "od_2021_context_status": "FACT_ISTAT_2021_WORK_COMMUTING_MUNICIPAL_ONLY_NOT_STOP_DEMAND" }, "geometry": { "type": "Point", "coordinates": [ 9.388210304839351, 45.745575939796815 ] } },
{ "type": "Feature", "properties": { "osm_way_id": "46739952", "highway": "primary", "road_uncertainty_flags": "missing_maxheight|missing_maxweight|missing_maxwidth|missing_width", "sample_index": 7, "x_utm32": 526768.21350321034, "y_utm32": 5065901.9635187434, "lon": 9.3441280052787565, "lat": 45.746156660740525, "discovery_evidence": "POP_GAP8:WP_00140|POP_GAP8:WP_00141|POP_GAP8:WP_00142|POP_GAP8:WP_00143|POP_GAP8:WP_00204|POP_GAP8:WP_00205|POP_GAP8:WP_00206|POP_GAP8:WP_00207|POP_GAP8:WP_00208|POP_GAP8:WP_00209|POP_GAP8:WP_00282|POP_GAP8:WP_00283|POP_GAP8:WP_00284|POP_GAP8:WP_00285|POP_GAP8:WP_00286|POP_GAP8:WP_00287|POP_GAP8:WP_00288|POP_GAP8:WP_00289|POP_GAP8:WP_00371|POP_GAP8:WP_00372|POP_GAP8:WP_00373|POP_GAP8:WP_00374|POP_GAP8:WP_00375|POP_GAP8:WP_00376|POP_GAP8:WP_00377|POP_GAP8:WP_00378|POP_GAP8:WP_00474|POP_GAP8:WP_00475|POP_GAP8:WP_00476|POP_GAP8:WP_00477|POP_GAP8:WP_00478|POP_GAP8:WP_00479|POP_GAP8:WP_00580|POP_GAP8:WP_00581", "discovery_seed_count": 34, "walk_graph_node_id": 1373, "walk_graph_connector_m": 1.2913343185982344, "walk_graph_connector_min": 0.016141678982477932, "walk_graph_snap_ok": true, "population_reachable_5min": 2.0872849488743066, "population_additional_5min": 2.0872849488743066, "existing_catchment_overlap_population_5min": 0.0, "existing_catchment_overlap_pct_5min": 0.0, "population_reachable_8min": 2.7888469408771814, "population_additional_8min": 2.7888469408771814, "existing_catchment_overlap_population_8min": 0.0, "existing_catchment_overlap_pct_8min": 0.0, "population_reachable_10min": 3.6044808326300579, "population_additional_10min": 3.6044808326300579, "existing_catchment_overlap_population_10min": 0.0, "existing_catchment_overlap_pct_10min": 0.0, "population_reachable_12min": 5.164577042630718, "population_additional_12min": 4.6583872209409813, "existing_catchment_overlap_population_12min": 0.50618982168973714, "existing_catchment_overlap_pct_12min": 9.8011863800543786, "nearest_official_stop_walk_network_m": 1714.1708432145831, "nearest_official_stop_cluster_id": "EX_027", "nearby_official_routes": "D184", "nearby_official_route_count": 1, "settlement_coverage_10min_count": 0, "settlement_additional_10min_count": 0, "settlement_additional_10min_names": "", "destination_coverage_10min_count": 0, "destination_additional_10min_count": 0, "destination_additional_10min_names": "", "pruned_near_existing_stop": false, "pruned_no_access_gain": false, "candidate_id": "P2S_0163", "stop_type": "PROPOSED_STOP", "physical_status": "FIELD_CHECK_PENDING", "epistemic_status": "PROPOSED_STOP/FIELD_CHECK_PENDING", "road_eligibility_status": "DERIVED_GATE_D_BUS_ELIGIBLE", "candidate_status": "HYPOTHESIS_NOT_RECOMMENDATION", "potential_interchange_with_reference_gtfs": false, "interchange_evidence_status": "DERIVED_FROM_REFERENCE_PERIOD_GTFS_PROXIMITY_NOT_CURRENT_SERVICE_GUARANTEE", "discovery_sample_spacing_m_assumption": 150.0, "candidate_pruning_radius_m_assumption": 220.0, "source_gate_b_commit": "55d726564e13acca55ce563cc911263ac513acb0", "source_gate_d_commit": "7c220f7586d0f6e5cccd14a2d518be52eb1c4a55", "PRO_COM_T": "097092", "COMUNE": "La Valletta Brianza", "municipal_2021_resident_work_commuters_context": 1796, "municipal_2021_outbound_workers_context": 1521, "od_2021_context_status": "FACT_ISTAT_2021_WORK_COMMUTING_MUNICIPAL_ONLY_NOT_STOP_DEMAND" }, "geometry": { "type": "Point", "coordinates": [ 9.344128005278757, 45.746156660740525 ] } },
{ "type": "Feature", "properties": { "osm_way_id": "194077338", "highway": "residential", "road_uncertainty_flags": "missing_lanes|missing_maxheight|missing_maxweight|missing_maxwidth|missing_width", "sample_index": 1, "x_utm32": 529290.25327075645, "y_utm32": 5065911.4480631668, "lon": 9.376550855134111, "lat": 45.746139772051237, "discovery_evidence": "POP_GAP8:WP_00225|POP_GAP8:WP_00226|POP_GAP8:WP_00227|POP_GAP8:WP_00303|POP_GAP8:WP_00304|POP_GAP8:WP_00305|POP_GAP8:WP_00306|POP_GAP8:WP_00307|POP_GAP8:WP_00397|POP_GAP8:WP_00398|SETTLEMENT_GAP8:OSM_POINT_13912253728", "discovery_seed_count": 11, "walk_graph_node_id": 8747, "walk_graph_connector_m": 3.0917092697731565, "walk_graph_connector_min": 0.038646365872164454, "walk_graph_snap_ok": true, "population_reachable_5min": 40.513228408288221, "population_additional_5min": 1.167328087592828, "existing_catchment_overlap_population_5min": 39.345900320695392, "existing_catchment_overlap_pct_5min": 97.118649553601074, "population_reachable_8min": 203.35072955628664, "population_additional_8min": 0.66839997873956702, "existing_catchment_overlap_population_8min": 202.68232957754708, "existing_catchment_overlap_pct_8min": 99.671306820389574, "population_reachable_10min": 542.24352868069786, "population_additional_10min": 0.39309094392400767, "existing_catchment_overlap_population_10min": 541.85043773677387, "existing_catchment_overlap_pct_10min": 99.927506567965793, "population_reachable_12min": 1006.3539428806487, "population_additional_12min": 0.24423476652192141, "existing_catchment_overlap_population_12min": 1006.1097081141268, "existing_catchment_overlap_pct_12min": 99.975730728910079, "nearest_official_stop_walk_network_m": 397.07949745840011, "nearest_official_stop_cluster_id": "EX_022", "nearby_official_routes": "D184", "nearby_official_route_count": 1, "settlement_coverage_10min_count": 1, "settlement_additional_10min_count": 0, "settlement_additional_10min_names": "", "destination_coverage_10min_count": 2, "destination_additional_10min_count": 0, "destination_additional_10min_names": "", "pruned_near_existing_stop": false, "pruned_no_access_gain": false, "candidate_id": "P2S_0164", "stop_type": "PROPOSED_STOP", "physical_status": "FIELD_CHECK_PENDING", "epistemic_status": "PROPOSED_STOP/FIELD_CHECK_PENDING", "road_eligibility_status": "DERIVED_GATE_D_BUS_ELIGIBLE", "candidate_status": "HYPOTHESIS_NOT_RECOMMENDATION", "potential_interchange_with_reference_gtfs": false, "interchange_evidence_status": "DERIVED_FROM_REFERENCE_PERIOD_GTFS_PROXIMITY_NOT_CURRENT_SERVICE_GUARANTEE", "discovery_sample_spacing_m_assumption": 150.0, "candidate_pruning_radius_m_assumption": 220.0, "source_gate_b_commit": "55d726564e13acca55ce563cc911263ac513acb0", "source_gate_d_commit": "7c220f7586d0f6e5cccd14a2d518be52eb1c4a55", "PRO_COM_T": "097074", "COMUNE": "Santa Maria Hoè", "municipal_2021_resident_work_commuters_context": 836, "municipal_2021_outbound_workers_context": 724, "od_2021_context_status": "FACT_ISTAT_2021_WORK_COMMUTING_MUNICIPAL_ONLY_NOT_STOP_DEMAND" }, "geometry": { "type": "Point", "coordinates": [ 9.376550855134111, 45.746139772051237 ] } },
{ "type": "Feature", "properties": { "osm_way_id": "173605027", "highway": "residential", "road_uncertainty_flags": "missing_lanes|missing_maxheight|missing_maxweight|missing_maxwidth|missing_width", "sample_index": 1, "x_utm32": 526214.99239224556, "y_utm32": 5065954.0966341002, "lon": 9.3370188296016376, "lat": 45.746647089183341, "discovery_evidence": "POP_GAP8:WP_00197|POP_GAP8:WP_00198|POP_GAP8:WP_00199|POP_GAP8:WP_00278|POP_GAP8:WP_00279|POP_GAP8:WP_00369", "discovery_seed_count": 6, "walk_graph_node_id": 473, "walk_graph_connector_m": 1.2990387742580212, "walk_graph_connector_min": 0.016237984678225265, "walk_graph_snap_ok": true, "population_reachable_5min": 0.0, "population_additional_5min": 0.0, "existing_catchment_overlap_population_5min": 0.0, "existing_catchment_overlap_pct_5min": 0.0, "population_reachable_8min": 0.2610467453470649, "population_additional_8min": 0.2610467453470649, "existing_catchment_overlap_population_8min": 0.0, "existing_catchment_overlap_pct_8min": 0.0, "population_reachable_10min": 0.2610467453470649, "population_additional_10min": 0.2610467453470649, "existing_catchment_overlap_population_10min": 0.0, "existing_catchment_overlap_pct_10min": 0.0, "population_reachable_12min": 0.53899044500295368, "population_additional_12min": 0.53899044500295368, "existing_catchment_overlap_population_12min": 0.0, "existing_catchment_overlap_pct_12min": 0.0, "nearest_official_stop_walk_network_m": 3221.9062841472723, "nearest_official_stop_cluster_id": "EX_027", "nearby_official_routes": "D184", "nearby_official_route_count": 1, "settlement_coverage_10min_count": 0, "settlement_additional_10min_count": 0, "settlement_additional_10min_names": "", "destination_coverage_10min_count": 0, "destination_additional_10min_count": 0, "destination_additional_10min_names": "", "pruned_near_existing_stop": false, "pruned_no_access_gain": false, "candidate_id": "P2S_0165", "stop_type": "PROPOSED_STOP", "physical_status": "FIELD_CHECK_PENDING", "epistemic_status": "PROPOSED_STOP/FIELD_CHECK_PENDING", "road_eligibility_status": "DERIVED_GATE_D_BUS_ELIGIBLE", "candidate_status": "HYPOTHESIS_NOT_RECOMMENDATION", "potential_interchange_with_reference_gtfs": false, "interchange_evidence_status": "DERIVED_FROM_REFERENCE_PERIOD_GTFS_PROXIMITY_NOT_CURRENT_SERVICE_GUARANTEE", "discovery_sample_spacing_m_assumption": 150.0, "candidate_pruning_radius_m_assumption": 220.0, "source_gate_b_commit": "55d726564e13acca55ce563cc911263ac513acb0", "source_gate_d_commit": "7c220f7586d0f6e5cccd14a2d518be52eb1c4a55", "PRO_COM_T": "097092", "COMUNE": "La Valletta Brianza", "municipal_2021_resident_work_commuters_context": 1796, "municipal_2021_outbound_workers_context": 1521, "od_2021_context_status": "FACT_ISTAT_2021_WORK_COMMUTING_MUNICIPAL_ONLY_NOT_STOP_DEMAND" }, "geometry": { "type": "Point", "coordinates": [ 9.337018829601638, 45.746647089183341 ] } },
{ "type": "Feature", "properties": { "osm_way_id": "1462627794", "highway": "service", "road_uncertainty_flags": "missing_lanes|missing_maxheight|missing_maxweight|missing_maxwidth|missing_width", "sample_index": 0, "x_utm32": 528034.01854040974, "y_utm32": 5066015.6104056286, "lon": 9.3604072635726627, "lat": 45.747129375765077, "discovery_evidence": "SETTLEMENT_GAP8:OSM_POINT_2101450231", "discovery_seed_count": 1, "walk_graph_node_id": 3924, "walk_graph_connector_m": 8.2506840974587359, "walk_graph_connector_min": 0.1031335512182342, "walk_graph_snap_ok": true, "population_reachable_5min": 0.0, "population_additional_5min": 0.0, "existing_catchment_overlap_population_5min": 0.0, "existing_catchment_overlap_pct_5min": 0.0, "population_reachable_8min": 0.0, "population_additional_8min": 0.0, "existing_catchment_overlap_population_8min": 0.0, "existing_catchment_overlap_pct_8min": 0.0, "population_reachable_10min": 0.54175989814970704, "population_additional_10min": 0.0, "existing_catchment_overlap_population_10min": 0.54175989814970704, "existing_catchment_overlap_pct_10min": 100.0, "population_reachable_12min": 10.286980126141648, "population_additional_12min": 0.0, "existing_catchment_overlap_population_12min": 10.286980126141648, "existing_catchment_overlap_pct_12min": 100.0, "nearest_official_stop_walk_network_m": 1273.6984091709614, "nearest_official_stop_cluster_id": "EX_030", "nearby_official_routes": "D160|D184", "nearby_official_route_count": 2, "settlement_coverage_10min_count": 1, "settlement_additional_10min_count": 1, "settlement_additional_10min_names": "Cascinette Nere", "destination_coverage_10min_count": 0, "destination_additional_10min_count": 0, "destination_additional_10min_names": "", "pruned_near_existing_stop": false, "pruned_no_access_gain": false, "candidate_id": "P2S_0166", "stop_type": "PROPOSED_STOP", "physical_status": "FIELD_CHECK_PENDING", "epistemic_status": "PROPOSED_STOP/FIELD_CHECK_PENDING", "road_eligibility_status": "DERIVED_GATE_D_BUS_ELIGIBLE", "candidate_status": "HYPOTHESIS_NOT_RECOMMENDATION", "potential_interchange_with_reference_gtfs": false, "interchange_evidence_status": "DERIVED_FROM_REFERENCE_PERIOD_GTFS_PROXIMITY_NOT_CURRENT_SERVICE_GUARANTEE", "discovery_sample_spacing_m_assumption": 150.0, "candidate_pruning_radius_m_assumption": 220.0, "source_gate_b_commit": "55d726564e13acca55ce563cc911263ac513acb0", "source_gate_d_commit": "7c220f7586d0f6e5cccd14a2d518be52eb1c4a55", "PRO_COM_T": "097074", "COMUNE": "Santa Maria Hoè", "municipal_2021_resident_work_commuters_context": 836, "municipal_2021_outbound_workers_context": 724, "od_2021_context_status": "FACT_ISTAT_2021_WORK_COMMUTING_MUNICIPAL_ONLY_NOT_STOP_DEMAND" }, "geometry": { "type": "Point", "coordinates": [ 9.360407263572663, 45.747129375765077 ] } },
{ "type": "Feature", "properties": { "osm_way_id": "1463998917", "highway": "service", "road_uncertainty_flags": "missing_lanes|missing_maxheight|missing_maxweight|missing_maxwidth|missing_width", "sample_index": 0, "x_utm32": 534451.38447215583, "y_utm32": 5066016.1241029408, "lon": 9.4429071391303445, "lat": 45.746843972200892, "discovery_evidence": "POP_GAP8:WP_00267|POP_GAP8:WP_00270|POP_GAP8:WP_00271|POP_GAP8:WP_00358", "discovery_seed_count": 4, "walk_graph_node_id": 26398, "walk_graph_connector_m": 13.678821325321163, "walk_graph_connector_min": 0.17098526656651453, "walk_graph_snap_ok": true, "population_reachable_5min": 289.6486960553861, "population_additional_5min": 213.91296335132918, "existing_catchment_overlap_population_5min": 75.735732704056915, "existing_catchment_overlap_pct_5min": 26.147444727172143, "population_reachable_8min": 534.65959924959895, "population_additional_8min": 155.24019838028929, "existing_catchment_overlap_population_8min": 379.4194008693097, "existing_catchment_overlap_pct_8min": 70.964666378725695, "population_reachable_10min": 614.85951045216495, "population_additional_10min": 100.26524736403913, "existing_catchment_overlap_population_10min": 514.59426308812567, "existing_catchment_overlap_pct_10min": 83.692982598528133, "population_reachable_12min": 972.87012210687465, "population_additional_12min": 16.685243952885724, "existing_catchment_overlap_population_12min": 956.18487815398896, "existing_catchment_overlap_pct_12min": 98.284946410241105, "nearest_official_stop_walk_network_m": 658.67654131273537, "nearest_official_stop_cluster_id": "EX_036", "nearby_official_routes": "D148|D150|D185", "nearby_official_route_count": 3, "settlement_coverage_10min_count": 1, "settlement_additional_10min_count": 0, "settlement_additional_10min_names": "", "destination_coverage_10min_count": 1, "destination_additional_10min_count": 0, "destination_additional_10min_names": "", "pruned_near_existing_stop": false, "pruned_no_access_gain": false, "candidate_id": "P2S_0167", "stop_type": "PROPOSED_STOP", "physical_status": "FIELD_CHECK_PENDING", "epistemic_status": "PROPOSED_STOP/FIELD_CHECK_PENDING", "road_eligibility_status": "DERIVED_GATE_D_BUS_ELIGIBLE", "candidate_status": "HYPOTHESIS_NOT_RECOMMENDATION", "potential_interchange_with_reference_gtfs": false, "interchange_evidence_status": "DERIVED_FROM_REFERENCE_PERIOD_GTFS_PROXIMITY_NOT_CURRENT_SERVICE_GUARANTEE", "discovery_sample_spacing_m_assumption": 150.0, "candidate_pruning_radius_m_assumption": 220.0, "source_gate_b_commit": "55d726564e13acca55ce563cc911263ac513acb0", "source_gate_d_commit": "7c220f7586d0f6e5cccd14a2d518be52eb1c4a55", "PRO_COM_T": "097010", "COMUNE": "Brivio", "municipal_2021_resident_work_commuters_context": 1662, "municipal_2021_outbound_workers_context": 1339, "od_2021_context_status": "FACT_ISTAT_2021_WORK_COMMUTING_MUNICIPAL_ONLY_NOT_STOP_DEMAND" }, "geometry": { "type": "Point", "coordinates": [ 9.442907139130345, 45.746843972200892 ] } },
{ "type": "Feature", "properties": { "osm_way_id": "1460724518", "highway": "service", "road_uncertainty_flags": "missing_lanes|missing_maxheight|missing_maxweight|missing_maxwidth|missing_width", "sample_index": 0, "x_utm32": 533083.07103165577, "y_utm32": 5066040.2699435055, "lon": 9.4253182459560723, "lat": 45.747128132992493, "discovery_evidence": "POP_GAP8:WP_00343", "discovery_seed_count": 1, "walk_graph_node_id": 22763, "walk_graph_connector_m": 2.6630505910996831, "walk_graph_connector_min": 0.03328813238874604, "walk_graph_snap_ok": true, "population_reachable_5min": 17.163239793902758, "population_additional_5min": 17.163239793902758, "existing_catchment_overlap_population_5min": 0.0, "existing_catchment_overlap_pct_5min": 0.0, "population_reachable_8min": 62.005666434754708, "population_additional_8min": 30.70164543474187, "existing_catchment_overlap_population_8min": 31.304021000012845, "existing_catchment_overlap_pct_8min": 50.485742352196816, "population_reachable_10min": 78.963953695876299, "population_additional_10min": 41.07240312834076, "existing_catchment_overlap_population_10min": 37.891550567535504, "existing_catchment_overlap_pct_10min": 47.985883170784419, "population_reachable_12min": 129.93459287693645, "population_additional_12min": 4.5508645546140851, "existing_catchment_overlap_population_12min": 125.38372832232238, "existing_catchment_overlap_pct_12min": 96.497572775770138, "nearest_official_stop_walk_network_m": 813.72848065017899, "nearest_official_stop_cluster_id": "EX_014", "nearby_official_routes": "D148|D150", "nearby_official_route_count": 2, "settlement_coverage_10min_count": 0, "settlement_additional_10min_count": 0, "settlement_additional_10min_names": "", "destination_coverage_10min_count": 0, "destination_additional_10min_count": 0, "destination_additional_10min_names": "", "pruned_near_existing_stop": false, "pruned_no_access_gain": false, "candidate_id": "P2S_0168", "stop_type": "PROPOSED_STOP", "physical_status": "FIELD_CHECK_PENDING", "epistemic_status": "PROPOSED_STOP/FIELD_CHECK_PENDING", "road_eligibility_status": "DERIVED_GATE_D_BUS_ELIGIBLE", "candidate_status": "HYPOTHESIS_NOT_RECOMMENDATION", "potential_interchange_with_reference_gtfs": false, "interchange_evidence_status": "DERIVED_FROM_REFERENCE_PERIOD_GTFS_PROXIMITY_NOT_CURRENT_SERVICE_GUARANTEE", "discovery_sample_spacing_m_assumption": 150.0, "candidate_pruning_radius_m_assumption": 220.0, "source_gate_b_commit": "55d726564e13acca55ce563cc911263ac513acb0", "source_gate_d_commit": "7c220f7586d0f6e5cccd14a2d518be52eb1c4a55", "PRO_COM_T": "097010", "COMUNE": "Brivio", "municipal_2021_resident_work_commuters_context": 1662, "municipal_2021_outbound_workers_context": 1339, "od_2021_context_status": "FACT_ISTAT_2021_WORK_COMMUTING_MUNICIPAL_ONLY_NOT_STOP_DEMAND" }, "geometry": { "type": "Point", "coordinates": [ 9.425318245956072, 45.747128132992493 ] } },
{ "type": "Feature", "properties": { "osm_way_id": "46739952", "highway": "primary", "road_uncertainty_flags": "missing_maxheight|missing_maxweight|missing_maxwidth|missing_width", "sample_index": 9, "x_utm32": 526510.91228278214, "y_utm32": 5066050.6637680233, "lon": 9.3408283851206519, "lat": 45.747504965010862, "discovery_evidence": "POP_GAP8:WP_00099|POP_GAP8:WP_00100|POP_GAP8:WP_00136|POP_GAP8:WP_00137|POP_GAP8:WP_00138|POP_GAP8:WP_00139|POP_GAP8:WP_00200|POP_GAP8:WP_00201|POP_GAP8:WP_00202|POP_GAP8:WP_00203|POP_GAP8:WP_00204|POP_GAP8:WP_00205|POP_GAP8:WP_00206|POP_GAP8:WP_00278|POP_GAP8:WP_00279|POP_GAP8:WP_00280|POP_GAP8:WP_00281|POP_GAP8:WP_00282|POP_GAP8:WP_00283|POP_GAP8:WP_00284|POP_GAP8:WP_00369|POP_GAP8:WP_00370|POP_GAP8:WP_00371|POP_GAP8:WP_00372|POP_GAP8:WP_00373|POP_GAP8:WP_00472|POP_GAP8:WP_00473", "discovery_seed_count": 27, "walk_graph_node_id": 845, "walk_graph_connector_m": 4.8300652017600143, "walk_graph_connector_min": 0.060375815022000179, "walk_graph_snap_ok": true, "population_reachable_5min": 1.698026533233097, "population_additional_5min": 1.698026533233097, "existing_catchment_overlap_population_5min": 0.0, "existing_catchment_overlap_pct_5min": 0.0, "population_reachable_8min": 2.3473006411542476, "population_additional_8min": 2.3473006411542476, "existing_catchment_overlap_population_8min": 0.0, "existing_catchment_overlap_pct_8min": 0.0, "population_reachable_10min": 2.8505441935073152, "population_additional_10min": 2.8505441935073152, "existing_catchment_overlap_population_10min": 0.0, "existing_catchment_overlap_pct_10min": 0.0, "population_reachable_12min": 3.3278373858801351, "population_additional_12min": 3.3278373858801351, "existing_catchment_overlap_population_12min": 0.0, "existing_catchment_overlap_pct_12min": 0.0, "nearest_official_stop_walk_network_m": 2014.1708432137511, "nearest_official_stop_cluster_id": "EX_027", "nearby_official_routes": "D184", "nearby_official_route_count": 1, "settlement_coverage_10min_count": 0, "settlement_additional_10min_count": 0, "settlement_additional_10min_names": "", "destination_coverage_10min_count": 0, "destination_additional_10min_count": 0, "destination_additional_10min_names": "", "pruned_near_existing_stop": false, "pruned_no_access_gain": false, "candidate_id": "P2S_0169", "stop_type": "PROPOSED_STOP", "physical_status": "FIELD_CHECK_PENDING", "epistemic_status": "PROPOSED_STOP/FIELD_CHECK_PENDING", "road_eligibility_status": "DERIVED_GATE_D_BUS_ELIGIBLE", "candidate_status": "HYPOTHESIS_NOT_RECOMMENDATION", "potential_interchange_with_reference_gtfs": false, "interchange_evidence_status": "DERIVED_FROM_REFERENCE_PERIOD_GTFS_PROXIMITY_NOT_CURRENT_SERVICE_GUARANTEE", "discovery_sample_spacing_m_assumption": 150.0, "candidate_pruning_radius_m_assumption": 220.0, "source_gate_b_commit": "55d726564e13acca55ce563cc911263ac513acb0", "source_gate_d_commit": "7c220f7586d0f6e5cccd14a2d518be52eb1c4a55", "PRO_COM_T": "097092", "COMUNE": "La Valletta Brianza", "municipal_2021_resident_work_commuters_context": 1796, "municipal_2021_outbound_workers_context": 1521, "od_2021_context_status": "FACT_ISTAT_2021_WORK_COMMUTING_MUNICIPAL_ONLY_NOT_STOP_DEMAND" }, "geometry": { "type": "Point", "coordinates": [ 9.340828385120652, 45.747504965010862 ] } },
{ "type": "Feature", "properties": { "osm_way_id": "223281171", "highway": "unclassified", "road_uncertainty_flags": "missing_lanes|missing_maxheight|missing_maxweight|missing_maxwidth|missing_width", "sample_index": 2, "x_utm32": 534063.33977372944, "y_utm32": 5066087.5868588965, "lon": 9.4379236124698487, "lat": 45.74750640081254, "discovery_evidence": "POP_GAP8:WP_00117|POP_GAP8:WP_00118|POP_GAP8:WP_00178|POP_GAP8:WP_00179|POP_GAP8:WP_00180|POP_GAP8:WP_00259|POP_GAP8:WP_00260|POP_GAP8:WP_00261|POP_GAP8:WP_00262|POP_GAP8:WP_00346|POP_GAP8:WP_00347|POP_GAP8:WP_00348|POP_GAP8:WP_00349|POP_GAP8:WP_00350", "discovery_seed_count": 14, "walk_graph_node_id": 25372, "walk_graph_connector_m": 13.367510912332019, "walk_graph_connector_min": 0.16709388640415024, "walk_graph_snap_ok": true, "population_reachable_5min": 7.6506775152520721, "population_additional_5min": 7.6506775152520721, "existing_catchment_overlap_population_5min": 0.0, "existing_catchment_overlap_pct_5min": 0.0, "population_reachable_8min": 128.81741409827504, "population_additional_8min": 78.402208651463724, "existing_catchment_overlap_population_8min": 50.415205446811278, "existing_catchment_overlap_pct_8min": 39.136948835465226, "population_reachable_10min": 302.40572267593592, "population_additional_10min": 58.687860750739269, "existing_catchment_overlap_population_10min": 243.71786192519667, "existing_catchment_overlap_pct_10min": 80.593005902328656, "population_reachable_12min": 518.69909373699795, "population_additional_12min": 14.825590350381569, "existing_catchment_overlap_population_12min": 503.87350338661645, "existing_catchment_overlap_pct_12min": 97.141774387232942, "nearest_official_stop_walk_network_m": 1078.2663852769335, "nearest_official_stop_cluster_id": "EX_036", "nearby_official_routes": "D148|D150|D185", "nearby_official_route_count": 3, "settlement_coverage_10min_count": 0, "settlement_additional_10min_count": 0, "settlement_additional_10min_names": "", "destination_coverage_10min_count": 0, "destination_additional_10min_count": 0, "destination_additional_10min_names": "", "pruned_near_existing_stop": false, "pruned_no_access_gain": false, "candidate_id": "P2S_0170", "stop_type": "PROPOSED_STOP", "physical_status": "FIELD_CHECK_PENDING", "epistemic_status": "PROPOSED_STOP/FIELD_CHECK_PENDING", "road_eligibility_status": "DERIVED_GATE_D_BUS_ELIGIBLE", "candidate_status": "HYPOTHESIS_NOT_RECOMMENDATION", "potential_interchange_with_reference_gtfs": false, "interchange_evidence_status": "DERIVED_FROM_REFERENCE_PERIOD_GTFS_PROXIMITY_NOT_CURRENT_SERVICE_GUARANTEE", "discovery_sample_spacing_m_assumption": 150.0, "candidate_pruning_radius_m_assumption": 220.0, "source_gate_b_commit": "55d726564e13acca55ce563cc911263ac513acb0", "source_gate_d_commit": "7c220f7586d0f6e5cccd14a2d518be52eb1c4a55", "PRO_COM_T": "097010", "COMUNE": "Brivio", "municipal_2021_resident_work_commuters_context": 1662, "municipal_2021_outbound_workers_context": 1339, "od_2021_context_status": "FACT_ISTAT_2021_WORK_COMMUTING_MUNICIPAL_ONLY_NOT_STOP_DEMAND" }, "geometry": { "type": "Point", "coordinates": [ 9.437923612469849, 45.74750640081254 ] } },
{ "type": "Feature", "properties": { "osm_way_id": "194068558", "highway": "unclassified", "road_uncertainty_flags": "missing_lanes|missing_maxheight|missing_maxweight|missing_maxwidth|missing_width", "sample_index": 0, "x_utm32": 530069.41483191296, "y_utm32": 5066145.4954189444, "lon": 9.3865819465021634, "lat": 45.748212873452545, "discovery_evidence": "POP_GAP8:WP_00106|POP_GAP8:WP_00107|POP_GAP8:WP_00108|POP_GAP8:WP_00109|POP_GAP8:WP_00110|POP_GAP8:WP_00157|POP_GAP8:WP_00158|POP_GAP8:WP_00159|POP_GAP8:WP_00160|POP_GAP8:WP_00161|POP_GAP8:WP_00162|POP_GAP8:WP_00228|POP_GAP8:WP_00229|POP_GAP8:WP_00230|POP_GAP8:WP_00231|POP_GAP8:WP_00232|POP_GAP8:WP_00233|POP_GAP8:WP_00309|POP_GAP8:WP_00310|POP_GAP8:WP_00311|POP_GAP8:WP_00312|POP_GAP8:WP_00313|POP_GAP8:WP_00314", "discovery_seed_count": 23, "walk_graph_node_id": 12106, "walk_graph_connector_m": 8.6618415774727513, "walk_graph_connector_min": 0.10827301971840939, "walk_graph_snap_ok": true, "population_reachable_5min": 0.12986087282108649, "population_additional_5min": 0.12986087282108649, "existing_catchment_overlap_population_5min": 0.0, "existing_catchment_overlap_pct_5min": 0.0, "population_reachable_8min": 0.17400353710649399, "population_additional_8min": 0.17400353710649399, "existing_catchment_overlap_population_8min": 0.0, "existing_catchment_overlap_pct_8min": 0.0, "population_reachable_10min": 5.067281133239308, "population_additional_10min": 5.067281133239308, "existing_catchment_overlap_population_10min": 0.0, "existing_catchment_overlap_pct_10min": 0.0, "population_reachable_12min": 5.2725348754836112, "population_additional_12min": 5.2725348754836112, "existing_catchment_overlap_population_12min": 0.0, "existing_catchment_overlap_pct_12min": 0.0, "nearest_official_stop_walk_network_m": 2017.4123111824433, "nearest_official_stop_cluster_id": "EX_033", "nearby_official_routes": "D184", "nearby_official_route_count": 1, "settlement_coverage_10min_count": 1, "settlement_additional_10min_count": 1, "settlement_additional_10min_names": "Paù", "destination_coverage_10min_count": 0, "destination_additional_10min_count": 0, "destination_additional_10min_names": "", "pruned_near_existing_stop": false, "pruned_no_access_gain": false, "candidate_id": "P2S_0171", "stop_type": "PROPOSED_STOP", "physical_status": "FIELD_CHECK_PENDING", "epistemic_status": "PROPOSED_STOP/FIELD_CHECK_PENDING", "road_eligibility_status": "DERIVED_GATE_D_BUS_ELIGIBLE", "candidate_status": "HYPOTHESIS_NOT_RECOMMENDATION", "potential_interchange_with_reference_gtfs": false, "interchange_evidence_status": "DERIVED_FROM_REFERENCE_PERIOD_GTFS_PROXIMITY_NOT_CURRENT_SERVICE_GUARANTEE", "discovery_sample_spacing_m_assumption": 150.0, "candidate_pruning_radius_m_assumption": 220.0, "source_gate_b_commit": "55d726564e13acca55ce563cc911263ac513acb0", "source_gate_d_commit": "7c220f7586d0f6e5cccd14a2d518be52eb1c4a55", "PRO_COM_T": "097074", "COMUNE": "Santa Maria Hoè", "municipal_2021_resident_work_commuters_context": 836, "municipal_2021_outbound_workers_context": 724, "od_2021_context_status": "FACT_ISTAT_2021_WORK_COMMUTING_MUNICIPAL_ONLY_NOT_STOP_DEMAND" }, "geometry": { "type": "Point", "coordinates": [ 9.386581946502163, 45.748212873452545 ] } },
{ "type": "Feature", "properties": { "osm_way_id": "173605070", "highway": "residential", "road_uncertainty_flags": "missing_maxheight|missing_maxweight|missing_maxwidth|missing_width", "sample_index": 0, "x_utm32": 526105.88944605109, "y_utm32": 5066147.4747408312, "lon": 9.3356266619826904, "lat": 45.748391734778387, "discovery_evidence": "POP_GAP8:WP_00096|POP_GAP8:WP_00097|POP_GAP8:WP_00134|POP_GAP8:WP_00135", "discovery_seed_count": 4, "walk_graph_node_id": 371, "walk_graph_connector_m": 13.371692320212507, "walk_graph_connector_min": 0.16714615400265634, "walk_graph_snap_ok": true, "population_reachable_5min": 0.2610467453470649, "population_additional_5min": 0.2610467453470649, "existing_catchment_overlap_population_5min": 0.0, "existing_catchment_overlap_pct_5min": 0.0, "population_reachable_8min": 0.71063873006344713, "population_additional_8min": 0.71063873006344713, "existing_catchment_overlap_population_8min": 0.0, "existing_catchment_overlap_pct_8min": 0.0, "population_reachable_10min": 0.89774263919617159, "population_additional_10min": 0.89774263919617159, "existing_catchment_overlap_population_10min": 0.0, "existing_catchment_overlap_pct_10min": 0.0, "population_reachable_12min": 1.2791618518917325, "population_additional_12min": 1.2791618518917325, "existing_catchment_overlap_population_12min": 0.0, "existing_catchment_overlap_pct_12min": 0.0, "nearest_official_stop_walk_network_m": 2834.0645467540935, "nearest_official_stop_cluster_id": "EX_027", "nearby_official_routes": "D184", "nearby_official_route_count": 1, "settlement_coverage_10min_count": 0, "settlement_additional_10min_count": 0, "settlement_additional_10min_names": "", "destination_coverage_10min_count": 0, "destination_additional_10min_count": 0, "destination_additional_10min_names": "", "pruned_near_existing_stop": false, "pruned_no_access_gain": false, "candidate_id": "P2S_0172", "stop_type": "PROPOSED_STOP", "physical_status": "FIELD_CHECK_PENDING", "epistemic_status": "PROPOSED_STOP/FIELD_CHECK_PENDING", "road_eligibility_status": "DERIVED_GATE_D_BUS_ELIGIBLE", "candidate_status": "HYPOTHESIS_NOT_RECOMMENDATION", "potential_interchange_with_reference_gtfs": false, "interchange_evidence_status": "DERIVED_FROM_REFERENCE_PERIOD_GTFS_PROXIMITY_NOT_CURRENT_SERVICE_GUARANTEE", "discovery_sample_spacing_m_assumption": 150.0, "candidate_pruning_radius_m_assumption": 220.0, "source_gate_b_commit": "55d726564e13acca55ce563cc911263ac513acb0", "source_gate_d_commit": "7c220f7586d0f6e5cccd14a2d518be52eb1c4a55", "PRO_COM_T": "097092", "COMUNE": "La Valletta Brianza", "municipal_2021_resident_work_commuters_context": 1796, "municipal_2021_outbound_workers_context": 1521, "od_2021_context_status": "FACT_ISTAT_2021_WORK_COMMUTING_MUNICIPAL_ONLY_NOT_STOP_DEMAND" }, "geometry": { "type": "Point", "coordinates": [ 9.33562666198269, 45.748391734778387 ] } },
{ "type": "Feature", "properties": { "osm_way_id": "194466451", "highway": "residential", "road_uncertainty_flags": "missing_lanes|missing_maxheight|missing_maxweight|missing_maxwidth|missing_width", "sample_index": 1, "x_utm32": 529039.55422808533, "y_utm32": 5066151.1385487765, "lon": 9.3733423589895395, "lat": 45.748307695295921, "discovery_evidence": "SETTLEMENT_GAP8:OSM_POINT_13838884594", "discovery_seed_count": 1, "walk_graph_node_id": 7662, "walk_graph_connector_m": 11.383829855632619, "walk_graph_connector_min": 0.14229787319540774, "walk_graph_snap_ok": true, "population_reachable_5min": 0.091873075404293097, "population_additional_5min": 0.091873075404293097, "existing_catchment_overlap_population_5min": 0.0, "existing_catchment_overlap_pct_5min": 0.0, "population_reachable_8min": 17.649471705988933, "population_additional_8min": 0.16977460390123911, "existing_catchment_overlap_population_8min": 17.479697102087691, "existing_catchment_overlap_pct_8min": 99.038075435177859, "population_reachable_10min": 17.720124084775382, "population_additional_10min": 0.2404269826876882, "existing_catchment_overlap_population_10min": 17.479697102087691, "existing_catchment_overlap_pct_10min": 98.643198086325711, "population_reachable_12min": 100.19063901971413, "population_additional_12min": 0.2404269826876882, "existing_catchment_overlap_population_12min": 99.950212037026432, "existing_catchment_overlap_pct_12min": 99.760030492828392, "nearest_official_stop_walk_network_m": 736.36718437115758, "nearest_official_stop_cluster_id": "EX_028", "nearby_official_routes": "D184", "nearby_official_route_count": 1, "settlement_coverage_10min_count": 1, "settlement_additional_10min_count": 1, "settlement_additional_10min_names": "Cornera", "destination_coverage_10min_count": 0, "destination_additional_10min_count": 0, "destination_additional_10min_names": "", "pruned_near_existing_stop": false, "pruned_no_access_gain": false, "candidate_id": "P2S_0173", "stop_type": "PROPOSED_STOP", "physical_status": "FIELD_CHECK_PENDING", "epistemic_status": "PROPOSED_STOP/FIELD_CHECK_PENDING", "road_eligibility_status": "DERIVED_GATE_D_BUS_ELIGIBLE", "candidate_status": "HYPOTHESIS_NOT_RECOMMENDATION", "potential_interchange_with_reference_gtfs": false, "interchange_evidence_status": "DERIVED_FROM_REFERENCE_PERIOD_GTFS_PROXIMITY_NOT_CURRENT_SERVICE_GUARANTEE", "discovery_sample_spacing_m_assumption": 150.0, "candidate_pruning_radius_m_assumption": 220.0, "source_gate_b_commit": "55d726564e13acca55ce563cc911263ac513acb0", "source_gate_d_commit": "7c220f7586d0f6e5cccd14a2d518be52eb1c4a55", "PRO_COM_T": "097074", "COMUNE": "Santa Maria Hoè", "municipal_2021_resident_work_commuters_context": 836, "municipal_2021_outbound_workers_context": 724, "od_2021_context_status": "FACT_ISTAT_2021_WORK_COMMUTING_MUNICIPAL_ONLY_NOT_STOP_DEMAND" }, "geometry": { "type": "Point", "coordinates": [ 9.373342358989539, 45.748307695295921 ] } },
{ "type": "Feature", "properties": { "osm_way_id": "193695892", "highway": "residential", "road_uncertainty_flags": "missing_lanes|missing_maxheight|missing_maxweight|missing_maxwidth|missing_width", "sample_index": 0, "x_utm32": 527087.46413752774, "y_utm32": 5066231.9012725111, "lon": 9.3482506320841257, "lat": 45.749113855735182, "discovery_evidence": "POP_GAP8:WP_00140|POP_GAP8:WP_00141|POP_GAP8:WP_00142|POP_GAP8:WP_00143|POP_GAP8:WP_00208|POP_GAP8:WP_00209|POP_GAP8:WP_00210|POP_GAP8:WP_00211|POP_GAP8:WP_00290|POP_GAP8:WP_00291|POP_GAP8:WP_00292", "discovery_seed_count": 11, "walk_graph_node_id": 1938, "walk_graph_connector_m": 8.5794858317740381, "walk_graph_connector_min": 0.10724357289717548, "walk_graph_snap_ok": true, "population_reachable_5min": 0.70093290856830692, "population_additional_5min": 0.70093290856830692, "existing_catchment_overlap_population_5min": 0.0, "existing_catchment_overlap_pct_5min": 0.0, "population_reachable_8min": 0.70093290856830692, "population_additional_8min": 0.70093290856830692, "existing_catchment_overlap_population_8min": 0.0, "existing_catchment_overlap_pct_8min": 0.0, "population_reachable_10min": 0.70093290856830692, "population_additional_10min": 0.70093290856830692, "existing_catchment_overlap_population_10min": 0.0, "existing_catchment_overlap_pct_10min": 0.0, "population_reachable_12min": 0.70093290856830692, "population_additional_12min": 0.70093290856830692, "existing_catchment_overlap_population_12min": 0.0, "existing_catchment_overlap_pct_12min": 0.0, "nearest_official_stop_walk_network_m": 2401.5136301001021, "nearest_official_stop_cluster_id": "EX_030", "nearby_official_routes": "D160|D184", "nearby_official_route_count": 2, "settlement_coverage_10min_count": 0, "settlement_additional_10min_count": 0, "settlement_additional_10min_names": "", "destination_coverage_10min_count": 0, "destination_additional_10min_count": 0, "destination_additional_10min_names": "", "pruned_near_existing_stop": false, "pruned_no_access_gain": false, "candidate_id": "P2S_0174", "stop_type": "PROPOSED_STOP", "physical_status": "FIELD_CHECK_PENDING", "epistemic_status": "PROPOSED_STOP/FIELD_CHECK_PENDING", "road_eligibility_status": "DERIVED_GATE_D_BUS_ELIGIBLE", "candidate_status": "HYPOTHESIS_NOT_RECOMMENDATION", "potential_interchange_with_reference_gtfs": false, "interchange_evidence_status": "DERIVED_FROM_REFERENCE_PERIOD_GTFS_PROXIMITY_NOT_CURRENT_SERVICE_GUARANTEE", "discovery_sample_spacing_m_assumption": 150.0, "candidate_pruning_radius_m_assumption": 220.0, "source_gate_b_commit": "55d726564e13acca55ce563cc911263ac513acb0", "source_gate_d_commit": "7c220f7586d0f6e5cccd14a2d518be52eb1c4a55", "PRO_COM_T": "097092", "COMUNE": "La Valletta Brianza", "municipal_2021_resident_work_commuters_context": 1796, "municipal_2021_outbound_workers_context": 1521, "od_2021_context_status": "FACT_ISTAT_2021_WORK_COMMUTING_MUNICIPAL_ONLY_NOT_STOP_DEMAND" }, "geometry": { "type": "Point", "coordinates": [ 9.348250632084126, 45.749113855735182 ] } },
{ "type": "Feature", "properties": { "osm_way_id": "187025973", "highway": "tertiary", "road_uncertainty_flags": "missing_lanes|missing_maxheight|missing_maxweight|missing_maxwidth|missing_width", "sample_index": 3, "x_utm32": 534250.32963424665, "y_utm32": 5066258.3957578186, "lon": 9.4403396001232807, "lat": 45.749034523069568, "discovery_evidence": "POP_GAP8:WP_00082|POP_GAP8:WP_00083|POP_GAP8:WP_00084|POP_GAP8:WP_00119|POP_GAP8:WP_00120|POP_GAP8:WP_00121|POP_GAP8:WP_00122|POP_GAP8:WP_00181|POP_GAP8:WP_00182", "discovery_seed_count": 9, "walk_graph_node_id": 25788, "walk_graph_connector_m": 5.2652085609295938, "walk_graph_connector_min": 0.065815107011619925, "walk_graph_snap_ok": true, "population_reachable_5min": 102.90623421998168, "population_additional_5min": 102.90623421998168, "existing_catchment_overlap_population_5min": 0.0, "existing_catchment_overlap_pct_5min": 0.0, "population_reachable_8min": 367.56053963028415, "population_additional_8min": 154.48124029611648, "existing_catchment_overlap_population_8min": 213.07929933416767, "existing_catchment_overlap_pct_8min": 57.971211912055743, "population_reachable_10min": 548.72906284020939, "population_additional_10min": 109.45687573102889, "existing_catchment_overlap_population_10min": 439.27218710918055, "existing_catchment_overlap_pct_10min": 80.052655646762631, "population_reachable_12min": 609.34372761590771, "population_additional_12min": 24.975843258299449, "existing_catchment_overlap_population_12min": 584.36788435760855, "existing_catchment_overlap_pct_12min": 95.901189734730082, "nearest_official_stop_walk_network_m": 901.40128499739455, "nearest_official_stop_cluster_id": "EX_036", "nearby_official_routes": "D148|D150|D185", "nearby_official_route_count": 3, "settlement_coverage_10min_count": 0, "settlement_additional_10min_count": 0, "settlement_additional_10min_names": "", "destination_coverage_10min_count": 0, "destination_additional_10min_count": 0, "destination_additional_10min_names": "", "pruned_near_existing_stop": false, "pruned_no_access_gain": false, "candidate_id": "P2S_0175", "stop_type": "PROPOSED_STOP", "physical_status": "FIELD_CHECK_PENDING", "epistemic_status": "PROPOSED_STOP/FIELD_CHECK_PENDING", "road_eligibility_status": "DERIVED_GATE_D_BUS_ELIGIBLE", "candidate_status": "HYPOTHESIS_NOT_RECOMMENDATION", "potential_interchange_with_reference_gtfs": false, "interchange_evidence_status": "DERIVED_FROM_REFERENCE_PERIOD_GTFS_PROXIMITY_NOT_CURRENT_SERVICE_GUARANTEE", "discovery_sample_spacing_m_assumption": 150.0, "candidate_pruning_radius_m_assumption": 220.0, "source_gate_b_commit": "55d726564e13acca55ce563cc911263ac513acb0", "source_gate_d_commit": "7c220f7586d0f6e5cccd14a2d518be52eb1c4a55", "PRO_COM_T": "097010", "COMUNE": "Brivio", "municipal_2021_resident_work_commuters_context": 1662, "municipal_2021_outbound_workers_context": 1339, "od_2021_context_status": "FACT_ISTAT_2021_WORK_COMMUTING_MUNICIPAL_ONLY_NOT_STOP_DEMAND" }, "geometry": { "type": "Point", "coordinates": [ 9.440339600123281, 45.749034523069568 ] } },
{ "type": "Feature", "properties": { "osm_way_id": "574484304", "highway": "tertiary", "road_uncertainty_flags": "missing_maxheight|missing_maxweight|missing_maxwidth|missing_width", "sample_index": 5, "x_utm32": 528119.97803726676, "y_utm32": 5066358.4671955956, "lon": 9.3615322643826175, "lat": 45.750211788552946, "discovery_evidence": "POP_GAP8:WP_00076", "discovery_seed_count": 1, "walk_graph_node_id": 4256, "walk_graph_connector_m": 38.312730810235124, "walk_graph_connector_min": 0.47890913512793903, "walk_graph_snap_ok": true, "population_reachable_5min": 0.0, "population_additional_5min": 0.0, "existing_catchment_overlap_population_5min": 0.0, "existing_catchment_overlap_pct_5min": 0.0, "population_reachable_8min": 0.076616602655371804, "population_additional_8min": 0.076616602655371804, "existing_catchment_overlap_population_8min": 0.0, "existing_catchment_overlap_pct_8min": 0.0, "population_reachable_10min": 0.076616602655371804, "population_additional_10min": 0.076616602655371804, "existing_catchment_overlap_population_10min": 0.0, "existing_catchment_overlap_pct_10min": 0.0, "population_reachable_12min": 0.076616602655371804, "population_additional_12min": 0.0, "existing_catchment_overlap_population_12min": 0.076616602655371804, "existing_catchment_overlap_pct_12min": 100.0, "nearest_official_stop_walk_network_m": 936.6916171740412, "nearest_official_stop_cluster_id": "EX_028", "nearby_official_routes": "D184", "nearby_official_route_count": 1, "settlement_coverage_10min_count": 0, "settlement_additional_10min_count": 0, "settlement_additional_10min_names": "", "destination_coverage_10min_count": 0, "destination_additional_10min_count": 0, "destination_additional_10min_names": "", "pruned_near_existing_stop": false, "pruned_no_access_gain": false, "candidate_id": "P2S_0176", "stop_type": "PROPOSED_STOP", "physical_status": "FIELD_CHECK_PENDING", "epistemic_status": "PROPOSED_STOP/FIELD_CHECK_PENDING", "road_eligibility_status": "DERIVED_GATE_D_BUS_ELIGIBLE", "candidate_status": "HYPOTHESIS_NOT_RECOMMENDATION", "potential_interchange_with_reference_gtfs": false, "interchange_evidence_status": "DERIVED_FROM_REFERENCE_PERIOD_GTFS_PROXIMITY_NOT_CURRENT_SERVICE_GUARANTEE", "discovery_sample_spacing_m_assumption": 150.0, "candidate_pruning_radius_m_assumption": 220.0, "source_gate_b_commit": "55d726564e13acca55ce563cc911263ac513acb0", "source_gate_d_commit": "7c220f7586d0f6e5cccd14a2d518be52eb1c4a55", "PRO_COM_T": "097074", "COMUNE": "Santa Maria Hoè", "municipal_2021_resident_work_commuters_context": 836, "municipal_2021_outbound_workers_context": 724, "od_2021_context_status": "FACT_ISTAT_2021_WORK_COMMUTING_MUNICIPAL_ONLY_NOT_STOP_DEMAND" }, "geometry": { "type": "Point", "coordinates": [ 9.361532264382618, 45.750211788552946 ] } },
{ "type": "Feature", "properties": { "osm_way_id": "1463998933", "highway": "service", "road_uncertainty_flags": "missing_lanes|missing_maxheight|missing_maxweight|missing_maxwidth|missing_width", "sample_index": 2, "x_utm32": 534498.34758037631, "y_utm32": 5066360.3019472808, "lon": 9.4435354131290055, "lat": 45.749939393407523, "discovery_evidence": "POP_GAP8:WP_00043|POP_GAP8:WP_00044|POP_GAP8:WP_00045|POP_GAP8:WP_00056|POP_GAP8:WP_00057|POP_GAP8:WP_00058|POP_GAP8:WP_00059|POP_GAP8:WP_00070|POP_GAP8:WP_00071|POP_GAP8:WP_00072|POP_GAP8:WP_00073|POP_GAP8:WP_00074|POP_GAP8:WP_00075|POP_GAP8:WP_00087|POP_GAP8:WP_00088|POP_GAP8:WP_00089|POP_GAP8:WP_00090|POP_GAP8:WP_00091|POP_GAP8:WP_00092|POP_GAP8:WP_00093|POP_GAP8:WP_00094|POP_GAP8:WP_00095|POP_GAP8:WP_00127|POP_GAP8:WP_00128|POP_GAP8:WP_00129|POP_GAP8:WP_00130|POP_GAP8:WP_00131|POP_GAP8:WP_00132|POP_GAP8:WP_00133", "discovery_seed_count": 29, "walk_graph_node_id": 26688, "walk_graph_connector_m": 6.6117565748838114, "walk_graph_connector_min": 0.082646957186047643, "walk_graph_snap_ok": true, "population_reachable_5min": 63.504376481118882, "population_additional_5min": 63.504376481118882, "existing_catchment_overlap_population_5min": 0.0, "existing_catchment_overlap_pct_5min": 0.0, "population_reachable_8min": 172.70399986383779, "population_additional_8min": 86.175396208721082, "existing_catchment_overlap_population_8min": 86.528603655116669, "existing_catchment_overlap_pct_8min": 50.10225803880455, "population_reachable_10min": 291.07026309028504, "population_additional_10min": 71.758798029746245, "existing_catchment_overlap_population_10min": 219.31146506053878, "existing_catchment_overlap_pct_10min": 75.346571900583371, "population_reachable_12min": 515.77121503163153, "population_additional_12min": 5.691379928588753, "existing_catchment_overlap_population_12min": 510.07983510304285, "existing_catchment_overlap_pct_12min": 98.89653013531597, "nearest_official_stop_walk_network_m": 1055.3207111411728, "nearest_official_stop_cluster_id": "EX_036", "nearby_official_routes": "D148|D150|D185", "nearby_official_route_count": 3, "settlement_coverage_10min_count": 0, "settlement_additional_10min_count": 0, "settlement_additional_10min_names": "", "destination_coverage_10min_count": 0, "destination_additional_10min_count": 0, "destination_additional_10min_names": "", "pruned_near_existing_stop": false, "pruned_no_access_gain": false, "candidate_id": "P2S_0177", "stop_type": "PROPOSED_STOP", "physical_status": "FIELD_CHECK_PENDING", "epistemic_status": "PROPOSED_STOP/FIELD_CHECK_PENDING", "road_eligibility_status": "DERIVED_GATE_D_BUS_ELIGIBLE", "candidate_status": "HYPOTHESIS_NOT_RECOMMENDATION", "potential_interchange_with_reference_gtfs": false, "interchange_evidence_status": "DERIVED_FROM_REFERENCE_PERIOD_GTFS_PROXIMITY_NOT_CURRENT_SERVICE_GUARANTEE", "discovery_sample_spacing_m_assumption": 150.0, "candidate_pruning_radius_m_assumption": 220.0, "source_gate_b_commit": "55d726564e13acca55ce563cc911263ac513acb0", "source_gate_d_commit": "7c220f7586d0f6e5cccd14a2d518be52eb1c4a55", "PRO_COM_T": "097010", "COMUNE": "Brivio", "municipal_2021_resident_work_commuters_context": 1662, "municipal_2021_outbound_workers_context": 1339, "od_2021_context_status": "FACT_ISTAT_2021_WORK_COMMUTING_MUNICIPAL_ONLY_NOT_STOP_DEMAND" }, "geometry": { "type": "Point", "coordinates": [ 9.443535413129005, 45.749939393407523 ] } },
{ "type": "Feature", "properties": { "osm_way_id": "1492304571", "highway": "service", "road_uncertainty_flags": "missing_lanes|missing_maxheight|missing_maxweight|missing_maxwidth|missing_width", "sample_index": 0, "x_utm32": 527622.89881322591, "y_utm32": 5066379.5646723965, "lon": 9.3551427574423069, "lat": 45.750421721021141, "discovery_evidence": "POP_GAP8:WP_00060", "discovery_seed_count": 1, "walk_graph_node_id": 2845, "walk_graph_connector_m": 0.43712963933939292, "walk_graph_connector_min": 0.0054641204917424118, "walk_graph_snap_ok": true, "population_reachable_5min": 0.1976082115281495, "population_additional_5min": 0.1976082115281495, "existing_catchment_overlap_population_5min": 0.0, "existing_catchment_overlap_pct_5min": 0.0, "population_reachable_8min": 0.1976082115281495, "population_additional_8min": 0.1976082115281495, "existing_catchment_overlap_population_8min": 0.0, "existing_catchment_overlap_pct_8min": 0.0, "population_reachable_10min": 0.1976082115281495, "population_additional_10min": 0.1976082115281495, "existing_catchment_overlap_population_10min": 0.0, "existing_catchment_overlap_pct_10min": 0.0, "population_reachable_12min": 0.7439829875588112, "population_additional_12min": 0.7439829875588112, "existing_catchment_overlap_population_12min": 0.0, "existing_catchment_overlap_pct_12min": 0.0, "nearest_official_stop_walk_network_m": 1734.7759615388673, "nearest_official_stop_cluster_id": "EX_030", "nearby_official_routes": "D160|D184", "nearby_official_route_count": 2, "settlement_coverage_10min_count": 1, "settlement_additional_10min_count": 1, "settlement_additional_10min_names": "Cascinette Nere", "destination_coverage_10min_count": 0, "destination_additional_10min_count": 0, "destination_additional_10min_names": "", "pruned_near_existing_stop": false, "pruned_no_access_gain": false, "candidate_id": "P2S_0178", "stop_type": "PROPOSED_STOP", "physical_status": "FIELD_CHECK_PENDING", "epistemic_status": "PROPOSED_STOP/FIELD_CHECK_PENDING", "road_eligibility_status": "DERIVED_GATE_D_BUS_ELIGIBLE", "candidate_status": "HYPOTHESIS_NOT_RECOMMENDATION", "potential_interchange_with_reference_gtfs": false, "interchange_evidence_status": "DERIVED_FROM_REFERENCE_PERIOD_GTFS_PROXIMITY_NOT_CURRENT_SERVICE_GUARANTEE", "discovery_sample_spacing_m_assumption": 150.0, "candidate_pruning_radius_m_assumption": 220.0, "source_gate_b_commit": "55d726564e13acca55ce563cc911263ac513acb0", "source_gate_d_commit": "7c220f7586d0f6e5cccd14a2d518be52eb1c4a55", "PRO_COM_T": "097074", "COMUNE": "Santa Maria Hoè", "municipal_2021_resident_work_commuters_context": 836, "municipal_2021_outbound_workers_context": 724, "od_2021_context_status": "FACT_ISTAT_2021_WORK_COMMUTING_MUNICIPAL_ONLY_NOT_STOP_DEMAND" }, "geometry": { "type": "Point", "coordinates": [ 9.355142757442307, 45.750421721021141 ] } },
{ "type": "Feature", "properties": { "osm_way_id": "223281182", "highway": "unclassified", "road_uncertainty_flags": "missing_lanes|missing_maxheight|missing_maxweight|missing_maxwidth|missing_width", "sample_index": 0, "x_utm32": 534101.08052825741, "y_utm32": 5066506.7445661668, "lon": 9.4384383358524957, "lat": 45.751277159443532, "discovery_evidence": "POP_GAP8:WP_00047|POP_GAP8:WP_00048|POP_GAP8:WP_00049|POP_GAP8:WP_00050|POP_GAP8:WP_00063|POP_GAP8:WP_00064|POP_GAP8:WP_00065|POP_GAP8:WP_00080", "discovery_seed_count": 8, "walk_graph_node_id": 25471, "walk_graph_connector_m": 6.9920337735955247, "walk_graph_connector_min": 0.087400422169944064, "walk_graph_snap_ok": true, "population_reachable_5min": 30.136282263340867, "population_additional_5min": 30.136282263340867, "existing_catchment_overlap_population_5min": 0.0, "existing_catchment_overlap_pct_5min": 0.0, "population_reachable_8min": 91.168030352087328, "population_additional_8min": 82.031580625471705, "existing_catchment_overlap_population_8min": 9.1364497266156324, "existing_catchment_overlap_pct_8min": 10.021549979012406, "population_reachable_10min": 228.93131449985154, "population_additional_10min": 64.331906698524065, "existing_catchment_overlap_population_10min": 164.59940780132746, "existing_catchment_overlap_pct_10min": 71.899035813833237, "population_reachable_12min": 401.46936617677534, "population_additional_12min": 20.206844797773869, "existing_catchment_overlap_population_12min": 381.26252137900144, "existing_catchment_overlap_pct_12min": 94.966777916281558, "nearest_official_stop_walk_network_m": 1264.6871884415211, "nearest_official_stop_cluster_id": "EX_036", "nearby_official_routes": "D148|D150|D185", "nearby_official_route_count": 3, "settlement_coverage_10min_count": 0, "settlement_additional_10min_count": 0, "settlement_additional_10min_names": "", "destination_coverage_10min_count": 0, "destination_additional_10min_count": 0, "destination_additional_10min_names": "", "pruned_near_existing_stop": false, "pruned_no_access_gain": false, "candidate_id": "P2S_0179", "stop_type": "PROPOSED_STOP", "physical_status": "FIELD_CHECK_PENDING", "epistemic_status": "PROPOSED_STOP/FIELD_CHECK_PENDING", "road_eligibility_status": "DERIVED_GATE_D_BUS_ELIGIBLE", "candidate_status": "HYPOTHESIS_NOT_RECOMMENDATION", "potential_interchange_with_reference_gtfs": false, "interchange_evidence_status": "DERIVED_FROM_REFERENCE_PERIOD_GTFS_PROXIMITY_NOT_CURRENT_SERVICE_GUARANTEE", "discovery_sample_spacing_m_assumption": 150.0, "candidate_pruning_radius_m_assumption": 220.0, "source_gate_b_commit": "55d726564e13acca55ce563cc911263ac513acb0", "source_gate_d_commit": "7c220f7586d0f6e5cccd14a2d518be52eb1c4a55", "PRO_COM_T": "097010", "COMUNE": "Brivio", "municipal_2021_resident_work_commuters_context": 1662, "municipal_2021_outbound_workers_context": 1339, "od_2021_context_status": "FACT_ISTAT_2021_WORK_COMMUTING_MUNICIPAL_ONLY_NOT_STOP_DEMAND" }, "geometry": { "type": "Point", "coordinates": [ 9.438438335852496, 45.751277159443532 ] } },
{ "type": "Feature", "properties": { "osm_way_id": "656601986", "highway": "unclassified", "road_uncertainty_flags": "missing_lanes|missing_maxheight|missing_maxweight|missing_maxwidth|missing_width", "sample_index": 1, "x_utm32": 534303.4152506626, "y_utm32": 5066732.0103741232, "lon": 9.441055650561367, "lat": 45.753294645412311, "discovery_evidence": "POP_GAP8:WP_00001|POP_GAP8:WP_00002|POP_GAP8:WP_00003|POP_GAP8:WP_00004|POP_GAP8:WP_00005|POP_GAP8:WP_00006|POP_GAP8:WP_00007|POP_GAP8:WP_00008|POP_GAP8:WP_00009|POP_GAP8:WP_00010|POP_GAP8:WP_00011|POP_GAP8:WP_00012|POP_GAP8:WP_00013|POP_GAP8:WP_00014|POP_GAP8:WP_00015|POP_GAP8:WP_00016|POP_GAP8:WP_00017|POP_GAP8:WP_00018|POP_GAP8:WP_00019|POP_GAP8:WP_00020|POP_GAP8:WP_00021|POP_GAP8:WP_00025|POP_GAP8:WP_00026|POP_GAP8:WP_00027|POP_GAP8:WP_00028|POP_GAP8:WP_00029|POP_GAP8:WP_00030|POP_GAP8:WP_00031|POP_GAP8:WP_00032|POP_GAP8:WP_00037|POP_GAP8:WP_00038|POP_GAP8:WP_00039|POP_GAP8:WP_00040", "discovery_seed_count": 33, "walk_graph_node_id": 25838, "walk_graph_connector_m": 28.652172975018814, "walk_graph_connector_min": 0.35815216218773516, "walk_graph_snap_ok": true, "population_reachable_5min": 5.2542328543111196, "population_additional_5min": 5.2542328543111196, "existing_catchment_overlap_population_5min": 0.0, "existing_catchment_overlap_pct_5min": 0.0, "population_reachable_8min": 35.126883966213768, "population_additional_8min": 35.126883966213768, "existing_catchment_overlap_population_8min": 0.0, "existing_catchment_overlap_pct_8min": 0.0, "population_reachable_10min": 92.857380911229399, "population_additional_10min": 62.494226434298049, "existing_catchment_overlap_population_10min": 30.363154476931342, "existing_catchment_overlap_pct_10min": 32.69869791606353, "population_reachable_12min": 193.77290169339071, "population_additional_12min": 20.285241527746351, "existing_catchment_overlap_population_12min": 173.48766016564437, "existing_catchment_overlap_pct_12min": 89.531435329464216, "nearest_official_stop_walk_network_m": 1453.5625733664915, "nearest_official_stop_cluster_id": "EX_036", "nearby_official_routes": "D148|D150|D185", "nearby_official_route_count": 3, "settlement_coverage_10min_count": 0, "settlement_additional_10min_count": 0, "settlement_additional_10min_names": "", "destination_coverage_10min_count": 0, "destination_additional_10min_count": 0, "destination_additional_10min_names": "", "pruned_near_existing_stop": false, "pruned_no_access_gain": false, "candidate_id": "P2S_0180", "stop_type": "PROPOSED_STOP", "physical_status": "FIELD_CHECK_PENDING", "epistemic_status": "PROPOSED_STOP/FIELD_CHECK_PENDING", "road_eligibility_status": "DERIVED_GATE_D_BUS_ELIGIBLE", "candidate_status": "HYPOTHESIS_NOT_RECOMMENDATION", "potential_interchange_with_reference_gtfs": false, "interchange_evidence_status": "DERIVED_FROM_REFERENCE_PERIOD_GTFS_PROXIMITY_NOT_CURRENT_SERVICE_GUARANTEE", "discovery_sample_spacing_m_assumption": 150.0, "candidate_pruning_radius_m_assumption": 220.0, "source_gate_b_commit": "55d726564e13acca55ce563cc911263ac513acb0", "source_gate_d_commit": "7c220f7586d0f6e5cccd14a2d518be52eb1c4a55", "PRO_COM_T": "097010", "COMUNE": "Brivio", "municipal_2021_resident_work_commuters_context": 1662, "municipal_2021_outbound_workers_context": 1339, "od_2021_context_status": "FACT_ISTAT_2021_WORK_COMMUTING_MUNICIPAL_ONLY_NOT_STOP_DEMAND" }, "geometry": { "type": "Point", "coordinates": [ 9.441055650561367, 45.753294645412311 ] } }
]
}
