<?xml version="1.0" encoding="UTF-8" standalone="yes"?>
<kml xmlns="http://www.opengis.net/kml/2.2" xmlns:gx="http://www.google.com/kml/ext/2.2" xmlns:atom="http://www.w3.org/2005/Atom" xmlns:xal="urn:oasis:names:tc:ciq:xsdschema:xAL:2.0">
    <Document>
        <open>true</open>
        <Style id="trackStyle">
            <LineStyle>
                <color>FFFF00FF</color>
                <width>3.0</width>
            </LineStyle>
        </Style>
        <Style id="speedColor_0">
            <LineStyle>
                <color>FF00FFFF</color>
                <width>5.0</width>
            </LineStyle>
        </Style>
        <Style id="speedColor_1">
            <LineStyle>
                <color>FF008080</color>
                <width>5.0</width>
            </LineStyle>
        </Style>
        <Style id="speedColor_2">
            <LineStyle>
                <color>FF00FF00</color>
                <width>5.0</width>
            </LineStyle>
        </Style>
        <Style id="speedColor_3">
            <LineStyle>
                <color>FF008000</color>
                <width>5.0</width>
            </LineStyle>
        </Style>
        <Style id="speedColor_4">
            <LineStyle>
                <color>FFFFFF00</color>
                <width>5.0</width>
            </LineStyle>
        </Style>
        <Style id="speedColor_5">
            <LineStyle>
                <color>FF808000</color>
                <width>5.0</width>
            </LineStyle>
        </Style>
        <Style id="speedColor_6">
            <LineStyle>
                <color>FFFF0000</color>
                <width>5.0</width>
            </LineStyle>
        </Style>
        <Style id="speedColor_7">
            <LineStyle>
                <color>FF800000</color>
                <width>5.0</width>
            </LineStyle>
        </Style>
        <Style id="speedColor_8">
            <LineStyle>
                <color>FFFF00FF</color>
                <width>5.0</width>
            </LineStyle>
        </Style>
        <Style id="speedColor_9">
            <LineStyle>
                <color>FF800080</color>
                <width>5.0</width>
            </LineStyle>
        </Style>
        <Style id="speedColor_10">
            <LineStyle>
                <color>FF0000FF</color>
                <width>5.0</width>
            </LineStyle>
        </Style>
        <Style id="speedColor_11">
            <LineStyle>
                <color>FF000080</color>
                <width>5.0</width>
            </LineStyle>
        </Style>
        <Style id="speedColor_12">
            <LineStyle>
                <color>FF194C80</color>
                <width>5.0</width>
            </LineStyle>
        </Style>
        <Style id="speedColor_13">
            <LineStyle>
                <color>FF000000</color>
                <width>5.0</width>
            </LineStyle>
        </Style>
        <Folder>
            <name>Waypoints: 0018.gpx</name>
            <Placemark>
                <name>300062-Cisano - bivio brivio</name>
                <styleUrl>#waypointStyle</styleUrl>
                <Point>
                    <coordinates>9.4705,45.74085,0.0</coordinates>
                </Point>
            </Placemark>
            <Placemark>
                <name>300063-Brivio - capolinea</name>
                <styleUrl>#waypointStyle</styleUrl>
                <Point>
                    <coordinates>9.4457,45.741333,0.0</coordinates>
                </Point>
            </Placemark>
            <Placemark>
                <name>300086-Brivio - beverate (cariplo)</name>
                <styleUrl>#waypointStyle</styleUrl>
                <Point>
                    <coordinates>9.423083,45.7404,0.0</coordinates>
                </Point>
            </Placemark>
            <Placemark>
                <name>300087-Brivio - vaccarezza</name>
                <styleUrl>#waypointStyle</styleUrl>
                <Point>
                    <coordinates>9.436083,45.73685,0.0</coordinates>
                </Point>
            </Placemark>
            <Placemark>
                <name>300397-Calco - via virgilio</name>
                <styleUrl>#waypointStyle</styleUrl>
                <Point>
                    <coordinates>9.41495,45.72495,0.0</coordinates>
                </Point>
            </Placemark>
            <Placemark>
                <name>300398-Brivio - beverate (paese)</name>
                <styleUrl>#waypointStyle</styleUrl>
                <Point>
                    <coordinates>9.427967,45.73735,0.0</coordinates>
                </Point>
            </Placemark>
            <Placemark>
                <name>300399-Sant'Antonio d'Adda</name>
                <styleUrl>#waypointStyle</styleUrl>
                <Point>
                    <coordinates>9.48388,45.75515,0.0</coordinates>
                </Point>
            </Placemark>
            <Placemark>
                <name>300401-Celana</name>
                <styleUrl>#waypointStyle</styleUrl>
                <Point>
                    <coordinates>9.492217,45.750067,0.0</coordinates>
                </Point>
            </Placemark>
            <Placemark>
                <name>300402-Caprino - piazza marconi</name>
                <styleUrl>#waypointStyle</styleUrl>
                <Point>
                    <coordinates>9.482017,45.74485,0.0</coordinates>
                </Point>
            </Placemark>
            <Placemark>
                <name>300403-Caprino - cava</name>
                <styleUrl>#waypointStyle</styleUrl>
                <Point>
                    <coordinates>9.484067,45.738867,0.0</coordinates>
                </Point>
            </Placemark>
            <Placemark>
                <name>300404-Cisano - corso mazzini</name>
                <styleUrl>#waypointStyle</styleUrl>
                <Point>
                    <coordinates>9.474517,45.740283,0.0</coordinates>
                </Point>
            </Placemark>
            <Placemark>
                <name>300405-Cisano - sosta</name>
                <styleUrl>#waypointStyle</styleUrl>
                <Point>
                    <coordinates>9.451267,45.739883,0.0</coordinates>
                </Point>
            </Placemark>
            <Placemark>
                <name>300406-Brivio - via como (pizzeria)</name>
                <styleUrl>#waypointStyle</styleUrl>
                <Point>
                    <coordinates>9.439367,45.742417,0.0</coordinates>
                </Point>
            </Placemark>
            <Placemark>
                <name>300407-Olgiate Molgora - stazione f.s.</name>
                <styleUrl>#waypointStyle</styleUrl>
                <Point>
                    <coordinates>9.40462,45.72814,0.0</coordinates>
                </Point>
            </Placemark>
            <Placemark>
                <name>300482-Caprino - roccolino</name>
                <styleUrl>#waypointStyle</styleUrl>
                <Point>
                    <coordinates>9.4859,45.74795,0.0</coordinates>
                </Point>
            </Placemark>
            <Placemark>
                <name>300483-Caprino - bosco</name>
                <styleUrl>#waypointStyle</styleUrl>
                <Point>
                    <coordinates>9.483367,45.741283,0.0</coordinates>
                </Point>
            </Placemark>
            <Placemark>
                <name>300484-Cisano - municipio</name>
                <styleUrl>#waypointStyle</styleUrl>
                <Point>
                    <coordinates>9.478567,45.739683,0.0</coordinates>
                </Point>
            </Placemark>
            <Placemark>
                <name>300485-Cisano - stazione f.s.</name>
                <styleUrl>#waypointStyle</styleUrl>
                <Point>
                    <coordinates>9.474483,45.7399,0.0</coordinates>
                </Point>
            </Placemark>
            <Placemark>
                <name>300487-Brivio - beverate (tre strade)</name>
                <styleUrl>#waypointStyle</styleUrl>
                <Point>
                    <coordinates>9.42685,45.73465,0.0</coordinates>
                </Point>
            </Placemark>
            <Placemark>
                <name>300634-Calco - mercedes</name>
                <styleUrl>#waypointStyle</styleUrl>
                <Point>
                    <coordinates>9.417783,45.7296,0.0</coordinates>
                </Point>
            </Placemark>
            <Placemark>
                <name>300729-Calco - via virgilio (pensilina asf)</name>
                <styleUrl>#waypointStyle</styleUrl>
                <Point>
                    <coordinates>9.40995,45.725017,0.0</coordinates>
                </Point>
            </Placemark>
            <Placemark>
                <name>300956-Calco - via nazionale (peugeot)</name>
                <styleUrl>#waypointStyle</styleUrl>
                <Point>
                    <coordinates>9.41967,45.7366,0.0</coordinates>
                </Point>
            </Placemark>
            <Placemark>
                <name>L00062-Cisano - bivio brivio</name>
                <styleUrl>#waypointStyle</styleUrl>
                <Point>
                    <coordinates>9.471733,45.740633,0.0</coordinates>
                </Point>
            </Placemark>
            <Placemark>
                <name>L00063-Brivio - capolinea</name>
                <styleUrl>#waypointStyle</styleUrl>
                <Point>
                    <coordinates>9.44585,45.74245,0.0</coordinates>
                </Point>
            </Placemark>
            <Placemark>
                <name>L00086-Brivio - beverate (cariplo)</name>
                <styleUrl>#waypointStyle</styleUrl>
                <Point>
                    <coordinates>9.423083,45.740517,0.0</coordinates>
                </Point>
            </Placemark>
            <Placemark>
                <name>L00087-Brivio - vaccarezza</name>
                <styleUrl>#waypointStyle</styleUrl>
                <Point>
                    <coordinates>9.4362,45.737017,0.0</coordinates>
                </Point>
            </Placemark>
            <Placemark>
                <name>L00397-Calco - via virgilio</name>
                <styleUrl>#waypointStyle</styleUrl>
                <Point>
                    <coordinates>9.414367,45.72495,0.0</coordinates>
                </Point>
            </Placemark>
            <Placemark>
                <name>L00398-Brivio - beverate (paese)</name>
                <styleUrl>#waypointStyle</styleUrl>
                <Point>
                    <coordinates>9.42815,45.737317,0.0</coordinates>
                </Point>
            </Placemark>
            <Placemark>
                <name>L00399-Sant'Antonio d'Adda</name>
                <styleUrl>#waypointStyle</styleUrl>
                <Point>
                    <coordinates>9.483683,45.75475,0.0</coordinates>
                </Point>
            </Placemark>
            <Placemark>
                <name>L00401-Celana</name>
                <styleUrl>#waypointStyle</styleUrl>
                <Point>
                    <coordinates>9.49207,45.75022,0.0</coordinates>
                </Point>
            </Placemark>
            <Placemark>
                <name>L00402-Caprino - piazza marconi</name>
                <styleUrl>#waypointStyle</styleUrl>
                <Point>
                    <coordinates>9.482233,45.744783,0.0</coordinates>
                </Point>
            </Placemark>
            <Placemark>
                <name>L00404-Cisano - corso mazzini</name>
                <styleUrl>#waypointStyle</styleUrl>
                <Point>
                    <coordinates>9.4751,45.740117,0.0</coordinates>
                </Point>
            </Placemark>
            <Placemark>
                <name>L00405-Cisano - sosta</name>
                <styleUrl>#waypointStyle</styleUrl>
                <Point>
                    <coordinates>9.451383,45.739967,0.0</coordinates>
                </Point>
            </Placemark>
            <Placemark>
                <name>L00406-Brivio - via como (pizzeria)</name>
                <styleUrl>#waypointStyle</styleUrl>
                <Point>
                    <coordinates>9.439133,45.742267,0.0</coordinates>
                </Point>
            </Placemark>
            <Placemark>
                <name>L00407-Olgiate Molgora (stazione f.s.)</name>
                <styleUrl>#waypointStyle</styleUrl>
                <Point>
                    <coordinates>9.40475,45.72813,0.0</coordinates>
                </Point>
            </Placemark>
            <Placemark>
                <name>L00482-Caprino - roccolino</name>
                <styleUrl>#waypointStyle</styleUrl>
                <Point>
                    <coordinates>9.485933,45.747517,0.0</coordinates>
                </Point>
            </Placemark>
            <Placemark>
                <name>L00483-Caprino - bosco</name>
                <styleUrl>#waypointStyle</styleUrl>
                <Point>
                    <coordinates>9.483483,45.74125,0.0</coordinates>
                </Point>
            </Placemark>
            <Placemark>
                <name>L00484-Cisano - municipio</name>
                <styleUrl>#waypointStyle</styleUrl>
                <Point>
                    <coordinates>9.47825,45.739667,0.0</coordinates>
                </Point>
            </Placemark>
            <Placemark>
                <name>L00485-Cisano - stazione f.s</name>
                <styleUrl>#waypointStyle</styleUrl>
                <Point>
                    <coordinates>9.47464,45.73974,0.0</coordinates>
                </Point>
            </Placemark>
            <Placemark>
                <name>L00486-Cisano - via torchio</name>
                <styleUrl>#waypointStyle</styleUrl>
                <Point>
                    <coordinates>9.46165,45.741183,0.0</coordinates>
                </Point>
            </Placemark>
            <Placemark>
                <name>L00487-Brivio - beverate (quattro strade)</name>
                <styleUrl>#waypointStyle</styleUrl>
                <Point>
                    <coordinates>9.426933,45.734767,0.0</coordinates>
                </Point>
            </Placemark>
            <Placemark>
                <name>L00729-Calco - via virgilio (pensilina asf)</name>
                <styleUrl>#waypointStyle</styleUrl>
                <Point>
                    <coordinates>9.410183,45.72495,0.0</coordinates>
                </Point>
            </Placemark>
            <Placemark>
                <name>L00941-Caprino - via agricoltura/via foppa</name>
                <styleUrl>#waypointStyle</styleUrl>
                <Point>
                    <coordinates>9.50128,45.75276,0.0</coordinates>
                </Point>
            </Placemark>
        </Folder>
        <Folder>
            <name>Track: ZZZE03ZZ011</name>
            <Placemark>
                <styleUrl>#trackStyle</styleUrl>
                <LineString>
                    <coordinates>9.482017,45.74485,0.0 9.48202,45.74481,0.0 9.48189,45.7448,0.0 9.48175,45.74461,0.0 9.48174,45.74424,0.0 9.48172,45.74401,0.0 9.48171,45.74386,0.0 9.48163,45.74377,0.0 9.4813,45.74379,0.0 9.48124,45.7438,0.0 9.4812,45.74377,0.0 9.48106,45.74371,0.0 9.4812,45.74365,0.0 9.48143,45.7435,0.0 9.48167,45.74335,0.0 9.48192,45.7432,0.0 9.48197,45.74313,0.0 9.48211,45.74295,0.0 9.48227,45.74276,0.0 9.48244,45.74257,0.0 9.48261,45.74238,0.0 9.48278,45.74218,0.0 9.48288,45.74208,0.0 9.48302,45.74188,0.0 9.48318,45.74168,0.0 9.48333,45.74148,0.0 9.48345,45.74132,0.0 9.48353,45.74123,0.0 9.48365,45.74102,0.0 9.48375,45.74087,0.0 9.48371,45.74058,0.0 9.48366,45.74036,0.0 9.48362,45.74014,0.0 9.48367,45.73989,0.0 9.48373,45.73967,0.0 9.48379,45.73951,0.0 9.48394,45.73932,0.0 9.4841,45.73912,0.0 9.48418,45.73903,0.0 9.48402,45.73885,0.0 9.48397,45.73879,0.0 9.48365,45.73885,0.0 9.48335,45.73891,0.0 9.48304,45.73898,0.0 9.48273,45.73905,0.0 9.48271,45.73906,0.0 9.48254,45.73918,0.0 9.48236,45.73936,0.0 9.48219,45.73954,0.0 9.48189,45.73964,0.0 9.4816,45.73973,0.0 9.48131,45.73983,0.0 9.4812,45.73988,0.0 9.48111,45.73991,0.0 9.48103,45.73993,0.0 9.4808,45.73988,0.0 9.48072,45.73981,0.0 9.48068,45.73972,0.0 9.48082,45.73952,0.0 9.48097,45.73933,0.0 9.48103,45.73927,0.0 9.48118,45.73907,0.0 9.4812,45.73906,0.0 9.48132,45.73891,0.0 9.4812,45.73881,0.0 9.48115,45.73876,0.0 9.48089,45.73889,0.0 9.48063,45.73902,0.0 9.48039,45.73917,0.0 9.48015,45.73932,0.0 9.47994,45.73942,0.0 9.47986,45.73945,0.0 9.4796,45.73948,0.0 9.47938,45.73951,0.0 9.47898,45.73957,0.0 9.47867,45.73962,0.0 9.47864,45.73963,0.0 9.47854,45.73964,0.0 9.47834,45.73966,0.0 9.47802,45.73971,0.0 9.47771,45.73976,0.0 9.47739,45.7398,0.0 9.47735,45.73981,0.0 9.47726,45.73984,0.0 9.47695,45.73988,0.0 9.47664,45.73991,0.0 9.47632,45.73996,0.0 9.47622,45.73999,0.0 9.47591,45.74005,0.0 9.47575,45.74008,0.0 9.47558,45.74011,0.0 9.47525,45.74014,0.0 9.47492,45.74018,0.0 9.47462,45.74023,0.0 9.47448,45.74025,0.0 9.47427,45.74026,0.0 9.47398,45.74036,0.0 9.47384,45.74041,0.0 9.47376,45.74045,0.0 9.47352,45.74059,0.0 9.47328,45.74074,0.0 9.47315,45.74078,0.0 9.47283,45.74072,0.0 9.4725,45.74063,0.0 9.47218,45.74065,0.0 9.47186,45.74068,0.0 9.47154,45.7407,0.0 9.47142,45.74072,0.0 9.47121,45.74084,0.0 9.47094,45.7409,0.0 9.4709,45.74081,0.0 9.4705,45.7408,0.0 9.47047,45.74081,0.0 9.47021,45.74078,0.0 9.46988,45.74075,0.0 9.46936,45.7407,0.0 9.46905,45.74067,0.0 9.46873,45.74063,0.0 9.46842,45.74059,0.0 9.46822,45.74057,0.0 9.46808,45.74054,0.0 9.46769,45.74048,0.0 9.46753,45.74045,0.0 9.46709,45.7404,0.0 9.46696,45.74038,0.0 9.46683,45.74036,0.0 9.46651,45.74031,0.0 9.4662,45.74028,0.0 9.4661,45.74026,0.0 9.46534,45.74041,0.0 9.46514,45.74054,0.0 9.46502,45.74069,0.0 9.46481,45.74086,0.0 9.4646,45.74103,0.0 9.46459,45.74105,0.0 9.46427,45.74109,0.0 9.46415,45.74111,0.0 9.46384,45.74106,0.0 9.46363,45.74102,0.0 9.46332,45.74096,0.0 9.46297,45.74099,0.0 9.46265,45.74101,0.0 9.4626,45.74102,0.0 9.46229,45.74108,0.0 9.46203,45.74114,0.0 9.46182,45.74123,0.0 9.46156,45.74129,0.0 9.46125,45.74137,0.0 9.46108,45.74141,0.0 9.46076,45.74144,0.0 9.46041,45.74143,0.0 9.46009,45.74141,0.0 9.45978,45.7414,0.0 9.45945,45.74139,0.0 9.45923,45.74138,0.0 9.45868,45.74136,0.0 9.45835,45.74134,0.0 9.45804,45.74133,0.0 9.45788,45.74132,0.0 9.45755,45.74129,0.0 9.45721,45.74127,0.0 9.45701,45.74126,0.0 9.45652,45.74124,0.0 9.45637,45.74123,0.0 9.45604,45.74121,0.0 9.45573,45.74118,0.0 9.45563,45.74117,0.0 9.45531,45.74112,0.0 9.4552,45.74111,0.0 9.45494,45.7412,0.0 9.45463,45.74112,0.0 9.45455,45.74111,0.0 9.45327,45.74108,0.0 9.45296,45.74105,0.0 9.45263,45.74093,0.0 9.45247,45.74087,0.0 9.45227,45.74069,0.0 9.45207,45.74052,0.0 9.45187,45.74034,0.0 9.45183,45.7403,0.0 9.45162,45.74012,0.0 9.45141,45.73995,0.0 9.45129,45.73985,0.0 9.45118,45.73975,0.0 9.45096,45.73958,0.0 9.45087,45.73951,0.0 9.45079,45.73945,0.0 9.45066,45.73939,0.0 9.45036,45.73927,0.0 9.44986,45.73928,0.0 9.44953,45.73929,0.0 9.44924,45.7393,0.0 9.44891,45.73932,0.0 9.44859,45.73934,0.0 9.44827,45.73935,0.0 9.44824,45.73936,0.0 9.4481,45.73939,0.0 9.44778,45.73942,0.0 9.44742,45.73945,0.0 9.4471,45.73949,0.0 9.44698,45.73951,0.0 9.44673,45.73966,0.0 9.44668,45.73969,0.0 9.44651,45.73988,0.0 9.44638,45.74006,0.0 9.44625,45.74026,0.0 9.44612,45.74047,0.0 9.44603,45.74063,0.0 9.44593,45.74084,0.0 9.4459,45.7409,0.0 9.44582,45.74111,0.0 9.44577,45.74145,0.0 9.4457,45.74171,0.0 9.44564,45.74193,0.0 9.44577,45.74202,0.0 9.44594,45.7423,0.0 9.44599,45.74235,0.0 9.44584,45.74243,0.0 9.44564,45.74256,0.0 9.44524,45.74272,0.0 9.44503,45.74289,0.0 9.44499,45.74292,0.0 9.44472,45.74304,0.0 9.44446,45.74317,0.0 9.44419,45.7433,0.0 9.44393,45.74342,0.0 9.44367,45.74355,0.0 9.44361,45.74358,0.0 9.44286,45.74353,0.0 9.44254,45.74348,0.0 9.44244,45.74347,0.0 9.44212,45.74341,0.0 9.44181,45.74335,0.0 9.44143,45.74328,0.0 9.44114,45.74323,0.0 9.44083,45.74316,0.0 9.44071,45.74313,0.0 9.44039,45.74306,0.0 9.44015,45.74301,0.0 9.4399,45.74287,0.0 9.43971,45.74277,0.0 9.43953,45.74258,0.0 9.43946,45.7425,0.0 9.43928,45.74231,0.0 9.4392,45.74222,0.0 9.43911,45.74211,0.0 9.43898,45.74193,0.0 9.4388,45.74175,0.0 9.43862,45.74155,0.0 9.43845,45.74136,0.0 9.43828,45.74117,0.0 9.4382,45.74108,0.0 9.43811,45.74096,0.0 9.43796,45.74076,0.0 9.4378,45.74057,0.0 9.43765,45.74036,0.0 9.4376,45.7403,0.0 9.4375,45.74008,0.0 9.43741,45.73986,0.0 9.43734,45.73969,0.0 9.43725,45.73951,0.0 9.43716,45.73929,0.0 9.43712,45.73918,0.0 9.43701,45.73896,0.0 9.43691,45.73875,0.0 9.43682,45.73854,0.0 9.43673,45.73832,0.0 9.43664,45.73812,0.0 9.43653,45.73791,0.0 9.43647,45.73779,0.0 9.43638,45.73757,0.0 9.43629,45.73736,0.0 9.43621,45.73716,0.0 9.43612,45.73694,0.0 9.43622,45.73698,0.0 9.43612,45.73694,0.0 9.43604,45.73686,0.0 9.436,45.73676,0.0 9.4358,45.73658,0.0 9.4356,45.7364,0.0 9.4354,45.73623,0.0 9.43521,45.73605,0.0 9.43513,45.73598,0.0 9.43486,45.73585,0.0 9.43459,45.73573,0.0 9.43433,45.7356,0.0 9.43431,45.73559,0.0 9.43402,45.73549,0.0 9.43387,45.73544,0.0 9.43359,45.73532,0.0 9.43332,45.73522,0.0 9.43306,45.73514,0.0 9.43297,45.7351,0.0 9.43271,45.73501,0.0 9.43242,45.73491,0.0 9.43213,45.73481,0.0 9.4321,45.7348,0.0 9.43182,45.7347,0.0 9.43153,45.7346,0.0 9.43141,45.73456,0.0 9.43128,45.73453,0.0 9.43097,45.73446,0.0 9.43066,45.73441,0.0 9.43035,45.73435,0.0 9.43004,45.73429,0.0 9.42973,45.73424,0.0 9.42964,45.73423,0.0 9.42932,45.73426,0.0 9.429,45.73429,0.0 9.42869,45.73432,0.0 9.42836,45.73435,0.0 9.42805,45.73438,0.0 9.42773,45.73442,0.0 9.42742,45.73445,0.0 9.42726,45.73447,0.0 9.42708,45.7345,0.0 9.42699,45.73459,0.0 9.42687,45.73474,0.0 9.4269,45.73477,0.0 9.42707,45.73495,0.0 9.42724,45.73514,0.0 9.42735,45.73526,0.0 9.42753,45.73543,0.0 9.42773,45.73561,0.0 9.42792,45.73579,0.0 9.42804,45.73589,0.0 9.42815,45.73609,0.0 9.42816,45.7361,0.0 9.42825,45.73622,0.0 9.42833,45.73644,0.0 9.42842,45.73665,0.0 9.42851,45.73686,0.0 9.42856,45.73691,0.0 9.42825,45.73728,0.0 9.42816,45.7373,0.0 9.42786,45.73736,0.0 9.42755,45.73743,0.0 9.42725,45.7375,0.0 9.42694,45.73757,0.0 9.42691,45.73758,0.0 9.42661,45.73765,0.0 9.4263,45.73772,0.0 9.42597,45.73782,0.0 9.42567,45.73791,0.0 9.42548,45.73797,0.0 9.42527,45.73812,0.0 9.42507,45.7383,0.0 9.42487,45.73848,0.0 9.42467,45.73865,0.0 9.42448,45.73883,0.0 9.42428,45.739,0.0 9.42408,45.73918,0.0 9.42405,45.73921,0.0 9.42388,45.7394,0.0 9.42371,45.73959,0.0 9.42354,45.73977,0.0 9.42341,45.73993,0.0 9.42325,45.74013,0.0 9.4231,45.74033,0.0 9.42306,45.74038,0.0 9.423,45.74049,0.0 9.42289,45.74069,0.0 9.42273,45.74049,0.0 9.42258,45.7403,0.0 9.42242,45.7401,0.0 9.42226,45.73991,0.0 9.42224,45.73988,0.0 9.42208,45.73967,0.0 9.42192,45.73948,0.0 9.42181,45.73933,0.0 9.42165,45.73913,0.0 9.42151,45.73894,0.0 9.42135,45.73874,0.0 9.42129,45.73866,0.0 9.42112,45.73847,0.0 9.42111,45.73846,0.0 9.42097,45.73825,0.0 9.42094,45.73821,0.0 9.42077,45.73803,0.0 9.42062,45.73783,0.0 9.42047,45.73763,0.0 9.42033,45.73743,0.0 9.42019,45.73723,0.0 9.42004,45.73703,0.0 9.41999,45.73694,0.0 9.41991,45.73686,0.0 9.41982,45.73679,0.0 9.41969,45.73659,0.0 9.41956,45.73643,0.0 9.4194,45.73623,0.0 9.41926,45.73604,0.0 9.41911,45.73584,0.0 9.41908,45.7358,0.0 9.41892,45.7356,0.0 9.41878,45.73544,0.0 9.41859,45.73526,0.0 9.41839,45.73508,0.0 9.41831,45.73492,0.0 9.41805,45.73486,0.0 9.41796,45.73462,0.0 9.41774,45.73445,0.0 9.41753,45.73428,0.0 9.41744,45.7342,0.0 9.41723,45.73403,0.0 9.41722,45.73402,0.0 9.41716,45.73379,0.0 9.4171,45.73357,0.0 9.41709,45.73354,0.0 9.41717,45.73332,0.0 9.41722,45.73317,0.0 9.41731,45.73305,0.0 9.41756,45.73291,0.0 9.41781,45.73278,0.0 9.41815,45.73273,0.0 9.41846,45.73269,0.0 9.41878,45.73265,0.0 9.419,45.73263,0.0 9.4193,45.73254,0.0 9.41958,45.73239,0.0 9.41977,45.73227,0.0 9.41986,45.73214,0.0 9.41989,45.73192,0.0 9.41991,45.73184,0.0 9.41976,45.73163,0.0 9.41963,45.73143,0.0 9.4196,45.73139,0.0 9.41943,45.73119,0.0 9.41926,45.73101,0.0 9.41906,45.73082,0.0 9.41904,45.73079,0.0 9.41884,45.7306,0.0 9.41865,45.73042,0.0 9.41852,45.7303,0.0 9.41836,45.7301,0.0 9.41835,45.73009,0.0 9.41822,45.72997,0.0 9.41804,45.72978,0.0 9.41787,45.72959,0.0 9.41786,45.72957,0.0 9.4177,45.7294,0.0 9.41752,45.72925,0.0 9.41744,45.72919,0.0 9.4172,45.72903,0.0 9.41696,45.72889,0.0 9.41675,45.72876,0.0 9.41654,45.72859,0.0 9.4164,45.72846,0.0 9.41621,45.72828,0.0 9.41606,45.72813,0.0 9.41593,45.72792,0.0 9.41581,45.72772,0.0 9.41575,45.72762,0.0 9.41568,45.7274,0.0 9.41562,45.72718,0.0 9.41556,45.72696,0.0 9.41554,45.72689,0.0 9.41549,45.72667,0.0 9.41556,45.72591,0.0 9.41565,45.72569,0.0 9.41573,45.72548,0.0 9.41581,45.72526,0.0 9.41584,45.72517,0.0 9.41592,45.72496,0.0 9.4158,45.72487,0.0 9.41548,45.72491,0.0 9.4154,45.72493,0.0 9.41528,45.72496,0.0 9.41497,45.72495,0.0 9.4148,45.72496,0.0 9.41448,45.72497,0.0 9.41415,45.72498,0.0 9.41384,45.72499,0.0 9.41351,45.725,0.0 9.41333,45.72502,0.0 9.41301,45.72503,0.0 9.41272,45.72505,0.0 9.41136,45.72503,0.0 9.41104,45.72502,0.0 9.41007,45.725,0.0 9.40963,45.72499,0.0 9.40887,45.725,0.0 9.40791,45.72501,0.0 9.40775,45.72502,0.0 9.40743,45.72507,0.0 9.40736,45.72508,0.0 9.40706,45.72516,0.0 9.40693,45.7252,0.0 9.40663,45.72529,0.0 9.40636,45.72542,0.0 9.4061,45.72556,0.0 9.40585,45.72569,0.0 9.40559,45.72583,0.0 9.40582,45.72598,0.0 9.40607,45.72613,0.0 9.40628,45.72626,0.0 9.4066,45.72628,0.0 9.40658,45.7265,0.0 9.40654,45.72672,0.0 9.4065,45.72695,0.0 9.40635,45.72733,0.0 9.40619,45.72752,0.0 9.40615,45.72758,0.0 9.40609,45.7278,0.0 9.40607,45.72789,0.0 9.40574,45.72785,0.0 9.40543,45.72783,0.0 9.40529,45.72789,0.0 9.40507,45.72805,0.0 9.4049,45.72819,0.0 9.40463,45.72814,0.0</coordinates>
                </LineString>
            </Placemark>
            <Folder>
                <name>Marks [Km]</name>
                <visibility>false</visibility>
                <open>false</open>
                <Placemark>
                    <name>1. Km</name>
                    <visibility>false</visibility>
                    <Point>
                        <coordinates>9.4819704,45.739613,0</coordinates>
                    </Point>
                </Placemark>
                <Placemark>
                    <name>2. Km</name>
                    <visibility>false</visibility>
                    <Point>
                        <coordinates>9.4721882,45.7406494,0</coordinates>
                    </Point>
                </Placemark>
                <Placemark>
                    <name>3. Km</name>
                    <visibility>false</visibility>
                    <Point>
                        <coordinates>9.4602144,45.7414178,0</coordinates>
                    </Point>
                </Placemark>
                <Placemark>
                    <name>4. Km</name>
                    <visibility>false</visibility>
                    <Point>
                        <coordinates>9.4485379,45.7393416,0</coordinates>
                    </Point>
                </Placemark>
                <Placemark>
                    <name>5. Km</name>
                    <visibility>false</visibility>
                    <Point>
                        <coordinates>9.4399687,45.7429088,0</coordinates>
                    </Point>
                </Placemark>
                <Placemark>
                    <name>6. Km</name>
                    <visibility>false</visibility>
                    <Point>
                        <coordinates>9.4338948,45.7354484,0</coordinates>
                    </Point>
                </Placemark>
                <Placemark>
                    <name>7. Km</name>
                    <visibility>false</visibility>
                    <Point>
                        <coordinates>9.4272528,45.7374991,0</coordinates>
                    </Point>
                </Placemark>
                <Placemark>
                    <name>8. Km</name>
                    <visibility>false</visibility>
                    <Point>
                        <coordinates>9.4198967,45.7368497,0</coordinates>
                    </Point>
                </Placemark>
                <Placemark>
                    <name>9. Km</name>
                    <visibility>false</visibility>
                    <Point>
                        <coordinates>9.4182959,45.7300402,0</coordinates>
                    </Point>
                </Placemark>
                <Placemark>
                    <name>10. Km</name>
                    <visibility>false</visibility>
                    <Point>
                        <coordinates>9.4113629,45.7250301,0</coordinates>
                    </Point>
                </Placemark>
            </Folder>
        </Folder>
        <Folder>
            <name>Track: ZZZE03ZZ012</name>
            <Placemark>
                <styleUrl>#trackStyle</styleUrl>
                <LineString>
                    <coordinates>9.40475,45.72813,0.0 9.4049,45.72819,0.0 9.40511,45.72802,0.0 9.40529,45.72789,0.0 9.40538,45.72783,0.0 9.40569,45.72785,0.0 9.406,45.72788,0.0 9.40607,45.72789,0.0 9.40612,45.72766,0.0 9.40615,45.72758,0.0 9.40629,45.72738,0.0 9.40645,45.72719,0.0 9.4065,45.72713,0.0 9.40649,45.72695,0.0 9.40654,45.72672,0.0 9.40658,45.7265,0.0 9.40663,45.72628,0.0 9.4063,45.72626,0.0 9.40604,45.72611,0.0 9.4058,45.72596,0.0 9.40559,45.72583,0.0 9.40584,45.72569,0.0 9.4061,45.72556,0.0 9.40636,45.72542,0.0 9.40662,45.72529,0.0 9.40691,45.7252,0.0 9.40723,45.72511,0.0 9.40736,45.72508,0.0 9.40767,45.72502,0.0 9.40806,45.72501,0.0 9.40839,45.725,0.0 9.40935,45.72499,0.0 9.41016,45.725,0.0 9.41039,45.72502,0.0 9.41122,45.72503,0.0 9.41154,45.72504,0.0 9.41169,45.72505,0.0 9.41304,45.72503,0.0 9.41333,45.72502,0.0 9.41365,45.725,0.0 9.41397,45.72499,0.0 9.41429,45.72497,0.0 9.41468,45.72496,0.0 9.4154,45.72493,0.0 9.41571,45.72488,0.0 9.4158,45.72487,0.0 9.41592,45.72481,0.0 9.41601,45.72484,0.0 9.41597,45.72496,0.0 9.41584,45.72517,0.0 9.41576,45.72538,0.0 9.41568,45.7256,0.0 9.4156,45.72581,0.0 9.41552,45.72603,0.0 9.41549,45.72613,0.0 9.41553,45.72684,0.0 9.41554,45.72689,0.0 9.4156,45.72711,0.0 9.41566,45.72733,0.0 9.41573,45.72755,0.0 9.41575,45.72762,0.0 9.41587,45.72782,0.0 9.416,45.72802,0.0 9.41606,45.72813,0.0 9.41624,45.72831,0.0 9.4164,45.72846,0.0 9.4166,45.72863,0.0 9.41675,45.72876,0.0 9.41699,45.72891,0.0 9.41723,45.72905,0.0 9.41744,45.72919,0.0 9.41752,45.72925,0.0 9.4177,45.7294,0.0 9.41787,45.72959,0.0 9.41804,45.72978,0.0 9.41821,45.72996,0.0 9.41822,45.72997,0.0 9.41835,45.73009,0.0 9.41851,45.73028,0.0 9.41852,45.7303,0.0 9.41871,45.73048,0.0 9.4189,45.73066,0.0 9.41904,45.73079,0.0 9.41922,45.73096,0.0 9.41926,45.731,0.0 9.41942,45.73119,0.0 9.41959,45.73138,0.0 9.4196,45.73139,0.0 9.41974,45.73159,0.0 9.41987,45.73179,0.0 9.41991,45.73184,0.0 9.41987,45.73206,0.0 9.41986,45.73214,0.0 9.41977,45.73227,0.0 9.41953,45.73241,0.0 9.41934,45.73254,0.0 9.41904,45.73261,0.0 9.419,45.73263,0.0 9.41868,45.73266,0.0 9.41836,45.7327,0.0 9.41805,45.73274,0.0 9.41783,45.73278,0.0 9.41757,45.73291,0.0 9.41732,45.73305,0.0 9.41722,45.73317,0.0 9.41714,45.73338,0.0 9.41709,45.73354,0.0 9.41715,45.73376,0.0 9.4172,45.73397,0.0 9.41722,45.73402,0.0 9.41743,45.73419,0.0 9.41744,45.7342,0.0 9.41765,45.73437,0.0 9.41786,45.73454,0.0 9.41796,45.73462,0.0 9.41805,45.73468,0.0 9.41831,45.73462,0.0 9.41848,45.73474,0.0 9.41835,45.73492,0.0 9.41839,45.73507,0.0 9.41858,45.73525,0.0 9.41878,45.73542,0.0 9.41894,45.73563,0.0 9.41908,45.7358,0.0 9.41922,45.73599,0.0 9.41926,45.73604,0.0 9.4194,45.73623,0.0 9.41956,45.73643,0.0 9.41969,45.73658,0.0 9.41981,45.73678,0.0 9.41982,45.73679,0.0 9.41991,45.73686,0.0 9.41999,45.73694,0.0 9.42013,45.73714,0.0 9.42028,45.73734,0.0 9.42042,45.73754,0.0 9.42056,45.73774,0.0 9.42071,45.73794,0.0 9.42077,45.73803,0.0 9.42094,45.73821,0.0 9.42108,45.73841,0.0 9.42111,45.73846,0.0 9.42128,45.73864,0.0 9.42129,45.73866,0.0 9.42145,45.73886,0.0 9.42151,45.73894,0.0 9.42165,45.73913,0.0 9.42181,45.73933,0.0 9.42196,45.73952,0.0 9.42211,45.73972,0.0 9.42224,45.73988,0.0 9.42239,45.74007,0.0 9.42254,45.74026,0.0 9.42271,45.74046,0.0 9.42286,45.74065,0.0 9.42289,45.74069,0.0 9.423,45.74048,0.0 9.42305,45.74041,0.0 9.42306,45.74038,0.0 9.42321,45.74018,0.0 9.42336,45.73998,0.0 9.42341,45.73993,0.0 9.42357,45.73974,0.0 9.42374,45.73955,0.0 9.42391,45.73936,0.0 9.42405,45.73921,0.0 9.42424,45.73903,0.0 9.42444,45.73885,0.0 9.42464,45.73868,0.0 9.42484,45.7385,0.0 9.42503,45.73832,0.0 9.42523,45.73815,0.0 9.42527,45.73812,0.0 9.42548,45.73797,0.0 9.42577,45.73788,0.0 9.42607,45.73778,0.0 9.42627,45.73773,0.0 9.4266,45.73765,0.0 9.4269,45.73758,0.0 9.42721,45.73751,0.0 9.42752,45.73744,0.0 9.42782,45.73737,0.0 9.42795,45.73735,0.0 9.42825,45.73728,0.0 9.42856,45.73721,0.0 9.42851,45.73686,0.0 9.42842,45.73664,0.0 9.42833,45.73642,0.0 9.42825,45.73622,0.0 9.42816,45.7361,0.0 9.42804,45.7359,0.0 9.42784,45.73571,0.0 9.42764,45.73553,0.0 9.42745,45.73535,0.0 9.42735,45.73526,0.0 9.42717,45.73507,0.0 9.42699,45.73488,0.0 9.42687,45.73474,0.0 9.42692,45.73467,0.0 9.42699,45.73459,0.0 9.42682,45.73453,0.0 9.42691,45.73441,0.0 9.42708,45.7345,0.0 9.42726,45.73447,0.0 9.42757,45.73443,0.0 9.42789,45.7344,0.0 9.4282,45.73437,0.0 9.42852,45.73434,0.0 9.42884,45.73431,0.0 9.42915,45.73427,0.0 9.42947,45.73424,0.0 9.42964,45.73423,0.0 9.42994,45.73428,0.0 9.43025,45.73434,0.0 9.43057,45.7344,0.0 9.43087,45.73445,0.0 9.43119,45.73451,0.0 9.43128,45.73453,0.0 9.43141,45.73456,0.0 9.43169,45.73466,0.0 9.43198,45.73476,0.0 9.4321,45.7348,0.0 9.43238,45.7349,0.0 9.43267,45.735,0.0 9.43271,45.73501,0.0 9.43297,45.7351,0.0 9.43306,45.73514,0.0 9.43332,45.73522,0.0 9.4336,45.73533,0.0 9.43387,45.73544,0.0 9.43415,45.73553,0.0 9.43431,45.73559,0.0 9.43457,45.73571,0.0 9.43484,45.73583,0.0 9.4351,45.73596,0.0 9.43513,45.73598,0.0 9.43532,45.73615,0.0 9.43552,45.73633,0.0 9.43572,45.7365,0.0 9.43591,45.73669,0.0 9.436,45.73676,0.0 9.43604,45.73686,0.0 9.43612,45.73694,0.0 9.43621,45.73716,0.0 9.43629,45.73737,0.0 9.43638,45.73758,0.0 9.43647,45.73779,0.0 9.43658,45.738,0.0 9.43664,45.73812,0.0 9.43673,45.73831,0.0 9.43681,45.73852,0.0 9.43682,45.73854,0.0 9.43691,45.73875,0.0 9.43701,45.73896,0.0 9.43712,45.73918,0.0 9.4372,45.73939,0.0 9.43725,45.73951,0.0 9.43734,45.73969,0.0 9.43743,45.73991,0.0 9.43752,45.74012,0.0 9.4376,45.7403,0.0 9.43774,45.74049,0.0 9.43789,45.74068,0.0 9.43805,45.74089,0.0 9.43811,45.74096,0.0 9.4382,45.74108,0.0 9.43837,45.74127,0.0 9.43854,45.74146,0.0 9.43871,45.74164,0.0 9.4388,45.74175,0.0 9.43898,45.74193,0.0 9.43911,45.74211,0.0 9.43927,45.7423,0.0 9.43937,45.7424,0.0 9.43946,45.7425,0.0 9.43963,45.74268,0.0 9.43971,45.74277,0.0 9.43995,45.74291,0.0 9.44015,45.74301,0.0 9.44046,45.74308,0.0 9.44071,45.74313,0.0 9.44102,45.7432,0.0 9.44114,45.74323,0.0 9.44145,45.74328,0.0 9.44174,45.74335,0.0 9.44205,45.7434,0.0 9.44236,45.74345,0.0 9.44244,45.74347,0.0 9.44274,45.74352,0.0 9.44306,45.74357,0.0 9.44317,45.74358,0.0 9.44387,45.74345,0.0 9.44413,45.74333,0.0 9.4444,45.7432,0.0 9.44466,45.74308,0.0 9.44492,45.74294,0.0 9.44499,45.74292,0.0 9.44521,45.74275,0.0 9.44542,45.74259,0.0 9.44547,45.74256,0.0 9.44548,45.74234,0.0 9.44551,45.74213,0.0 9.44564,45.74196,0.0 9.4457,45.74174,0.0 9.44576,45.74152,0.0 9.44577,45.7415,0.0 9.44579,45.74133,0.0 9.44582,45.74123,0.0 9.4459,45.74093,0.0 9.446,45.74068,0.0 9.44603,45.74063,0.0 9.44615,45.74042,0.0 9.44628,45.74021,0.0 9.44638,45.74006,0.0 9.44654,45.73986,0.0 9.44668,45.73969,0.0 9.44691,45.73954,0.0 9.44698,45.73951,0.0 9.44728,45.73946,0.0 9.44742,45.73945,0.0 9.44772,45.73942,0.0 9.44803,45.73939,0.0 9.44824,45.73936,0.0 9.44855,45.73934,0.0 9.44888,45.73932,0.0 9.44919,45.7393,0.0 9.44955,45.73929,0.0 9.44987,45.73928,0.0 9.45018,45.73927,0.0 9.45058,45.73915,0.0 9.45075,45.73921,0.0 9.45066,45.73939,0.0 9.45079,45.73945,0.0 9.45087,45.73951,0.0 9.45108,45.73967,0.0 9.45118,45.73975,0.0 9.45138,45.73992,0.0 9.45141,45.73995,0.0 9.45161,45.74012,0.0 9.45182,45.74029,0.0 9.45183,45.7403,0.0 9.45202,45.74047,0.0 9.45222,45.74064,0.0 9.45242,45.74082,0.0 9.45247,45.74087,0.0 9.45274,45.74098,0.0 9.4529,45.74105,0.0 9.45322,45.74107,0.0 9.45353,45.74111,0.0 9.45464,45.74096,0.0 9.4552,45.74111,0.0 9.4555,45.74116,0.0 9.45563,45.74117,0.0 9.45594,45.74119,0.0 9.45626,45.74122,0.0 9.45637,45.74123,0.0 9.45668,45.74125,0.0 9.45684,45.74126,0.0 9.45733,45.74128,0.0 9.45754,45.74129,0.0 9.45785,45.74132,0.0 9.45819,45.74134,0.0 9.45852,45.74136,0.0 9.45883,45.74137,0.0 9.459,45.74138,0.0 9.45954,45.74139,0.0 9.45987,45.74141,0.0 9.46018,45.74142,0.0 9.4605,45.74143,0.0 9.46074,45.74144,0.0 9.46105,45.74141,0.0 9.46138,45.74133,0.0 9.46156,45.74129,0.0 9.46168,45.74126,0.0 9.46182,45.74123,0.0 9.46203,45.74114,0.0 9.46233,45.74107,0.0 9.4626,45.74102,0.0 9.46291,45.74099,0.0 9.46323,45.74096,0.0 9.4636,45.74101,0.0 9.46363,45.74102,0.0 9.46394,45.74107,0.0 9.46415,45.74111,0.0 9.46446,45.74106,0.0 9.46459,45.74105,0.0 9.46478,45.74087,0.0 9.46499,45.7407,0.0 9.46502,45.74069,0.0 9.46514,45.74054,0.0 9.46538,45.74039,0.0 9.46558,45.74026,0.0 9.46641,45.7403,0.0 9.46673,45.74034,0.0 9.46683,45.74036,0.0 9.46696,45.74038,0.0 9.46727,45.74043,0.0 9.4674,45.74045,0.0 9.46783,45.7405,0.0 9.468,45.74054,0.0 9.46822,45.74057,0.0 9.46853,45.7406,0.0 9.46885,45.74064,0.0 9.46916,45.74068,0.0 9.46948,45.74072,0.0 9.46969,45.74075,0.0 9.47,45.74077,0.0 9.47021,45.74078,0.0 9.47047,45.74081,0.0 9.47094,45.74072,0.0 9.47173,45.74069,0.0 9.47204,45.74066,0.0 9.47236,45.74063,0.0 9.47276,45.74072,0.0 9.47307,45.74077,0.0 9.47315,45.74078,0.0 9.47328,45.74075,0.0 9.47352,45.7406,0.0 9.47375,45.74045,0.0 9.47384,45.74041,0.0 9.47412,45.74031,0.0 9.47427,45.74026,0.0 9.47459,45.74023,0.0 9.47492,45.74018,0.0 9.4751,45.74015,0.0 9.47523,45.74014,0.0 9.47554,45.74011,0.0 9.47575,45.74008,0.0 9.47605,45.74002,0.0 9.47622,45.73999,0.0 9.4763,45.73996,0.0 9.47661,45.73992,0.0 9.47693,45.73988,0.0 9.47726,45.73984,0.0 9.47735,45.73981,0.0 9.47765,45.73976,0.0 9.47797,45.73971,0.0 9.47826,45.73967,0.0 9.47834,45.73966,0.0 9.47859,45.73963,0.0 9.47889,45.73959,0.0 9.47914,45.73955,0.0 9.47938,45.73951,0.0 9.47963,45.73947,0.0 9.47986,45.73945,0.0 9.48007,45.73935,0.0 9.48015,45.73933,0.0 9.48034,45.7392,0.0 9.48053,45.73908,0.0 9.48063,45.73903,0.0 9.48083,45.73892,0.0 9.48104,45.73881,0.0 9.48115,45.73876,0.0 9.4812,45.73881,0.0 9.48132,45.73891,0.0 9.4812,45.73906,0.0 9.48107,45.73921,0.0 9.48103,45.73927,0.0 9.4809,45.73943,0.0 9.48077,45.73959,0.0 9.48068,45.73972,0.0 9.48072,45.73981,0.0 9.4808,45.73988,0.0 9.48103,45.73993,0.0 9.48111,45.73991,0.0 9.4812,45.73988,0.0 9.48142,45.73979,0.0 9.48166,45.73972,0.0 9.48189,45.73964,0.0 9.48211,45.73956,0.0 9.48219,45.73954,0.0 9.48232,45.73939,0.0 9.48246,45.73924,0.0 9.48254,45.73918,0.0 9.48271,45.73906,0.0 9.48295,45.739,0.0 9.48319,45.73895,0.0 9.48344,45.7389,0.0 9.48369,45.73885,0.0 9.48393,45.7388,0.0 9.484,45.73879,0.0 9.48414,45.73893,0.0 9.48402,45.73912,0.0 9.4839,45.73929,0.0 9.48379,45.73944,0.0 9.48367,45.73961,0.0 9.48366,45.73963,0.0 9.48361,45.7398,0.0 9.48357,45.73993,0.0 9.48361,45.74026,0.0 9.48365,45.74043,0.0 9.4837,45.74061,0.0 9.48374,45.74079,0.0 9.48375,45.74081,0.0 9.48363,45.74106,0.0 9.4835,45.74121,0.0 9.48349,45.74123,0.0 9.48346,45.74125,0.0 9.4835,45.74126,0.0 9.48335,45.74146,0.0 9.48319,45.74165,0.0 9.48304,45.74185,0.0 9.4829,45.74205,0.0 9.48288,45.74208,0.0 9.48271,45.74227,0.0 9.48254,45.74245,0.0 9.48237,45.74264,0.0 9.4822,45.74284,0.0 9.48211,45.74295,0.0 9.48197,45.74313,0.0 9.48193,45.7432,0.0 9.48169,45.74334,0.0 9.48145,45.74349,0.0 9.48121,45.74363,0.0 9.4812,45.74365,0.0 9.48106,45.74371,0.0 9.4812,45.74377,0.0 9.48124,45.7438,0.0 9.48156,45.74377,0.0 9.48171,45.74386,0.0 9.48172,45.74408,0.0 9.48174,45.74431,0.0 9.48175,45.74446,0.0 9.48189,45.7448,0.0 9.4822,45.74483,0.0 9.48221,45.74484,0.0</coordinates>
                </LineString>
            </Placemark>
            <Folder>
                <name>Marks [Km]</name>
                <visibility>false</visibility>
                <open>false</open>
                <Placemark>
                    <name>1. Km</name>
                    <visibility>false</visibility>
                    <Point>
                        <coordinates>9.4128578,45.7250328,0</coordinates>
                    </Point>
                </Placemark>
                <Placemark>
                    <name>2. Km</name>
                    <visibility>false</visibility>
                    <Point>
                        <coordinates>9.4189972,45.73075,0</coordinates>
                    </Point>
                </Placemark>
                <Placemark>
                    <name>3. Km</name>
                    <visibility>false</visibility>
                    <Point>
                        <coordinates>9.4203429,45.7374295,0</coordinates>
                    </Point>
                </Placemark>
                <Placemark>
                    <name>4. Km</name>
                    <visibility>false</visibility>
                    <Point>
                        <coordinates>9.4281512,45.7373032,0</coordinates>
                    </Point>
                </Placemark>
                <Placemark>
                    <name>5. Km</name>
                    <visibility>false</visibility>
                    <Point>
                        <coordinates>9.4342333,45.7355611,0</coordinates>
                    </Point>
                </Placemark>
                <Placemark>
                    <name>6. Km</name>
                    <visibility>false</visibility>
                    <Point>
                        <coordinates>9.4405039,45.7430888,0</coordinates>
                    </Point>
                </Placemark>
                <Placemark>
                    <name>7. Km</name>
                    <visibility>false</visibility>
                    <Point>
                        <coordinates>9.4495386,45.7392903,0</coordinates>
                    </Point>
                </Placemark>
                <Placemark>
                    <name>8. Km</name>
                    <visibility>false</visibility>
                    <Point>
                        <coordinates>9.4608237,45.7414319,0</coordinates>
                    </Point>
                </Placemark>
                <Placemark>
                    <name>9. Km</name>
                    <visibility>false</visibility>
                    <Point>
                        <coordinates>9.4728827,45.7407397,0</coordinates>
                    </Point>
                </Placemark>
                <Placemark>
                    <name>10. Km</name>
                    <visibility>false</visibility>
                    <Point>
                        <coordinates>9.4824433,45.7392583,0</coordinates>
                    </Point>
                </Placemark>
            </Folder>
        </Folder>
        <Folder>
            <name>Track: ZZZE03ZZ031</name>
            <Placemark>
                <styleUrl>#trackStyle</styleUrl>
                <LineString>
                    <coordinates>9.492217,45.750067,0.0 9.49217,45.75013,0.0 9.4919,45.75,0.0 9.49175,45.74992,0.0 9.49154,45.75009,0.0 9.49133,45.75026,0.0 9.49127,45.75032,0.0 9.49103,45.75017,0.0 9.49097,45.75014,0.0 9.49065,45.75016,0.0 9.49045,45.75017,0.0 9.49015,45.75026,0.0 9.48986,45.75034,0.0 9.48957,45.75044,0.0 9.48927,45.75053,0.0 9.48899,45.75062,0.0 9.4889,45.75065,0.0 9.48865,45.7508,0.0 9.48846,45.75092,0.0 9.48823,45.75108,0.0 9.488,45.75123,0.0 9.4879,45.75132,0.0 9.48782,45.75128,0.0 9.48793,45.75107,0.0 9.48805,45.75086,0.0 9.48817,45.75066,0.0 9.48829,45.75045,0.0 9.48841,45.75024,0.0 9.48853,45.75004,0.0 9.48854,45.75002,0.0 9.48865,45.7498,0.0 9.48877,45.7496,0.0 9.48889,45.74939,0.0 9.4889,45.74938,0.0 9.48873,45.74936,0.0 9.48872,45.74938,0.0 9.48857,45.74958,0.0 9.48843,45.74978,0.0 9.48828,45.74998,0.0 9.48813,45.75017,0.0 9.48799,45.75037,0.0 9.48784,45.75058,0.0 9.48773,45.75074,0.0 9.4876,45.75071,0.0 9.4877,45.75049,0.0 9.48781,45.75028,0.0 9.48791,45.75007,0.0 9.48802,45.74986,0.0 9.48808,45.74977,0.0 9.48812,45.74955,0.0 9.48818,45.74933,0.0 9.48823,45.74911,0.0 9.48828,45.74889,0.0 9.48829,45.74887,0.0 9.48842,45.74875,0.0 9.48837,45.74863,0.0 9.48818,45.74881,0.0 9.488,45.74899,0.0 9.48782,45.74918,0.0 9.48764,45.74936,0.0 9.48747,45.74953,0.0 9.48718,45.74963,0.0 9.48703,45.74968,0.0 9.48686,45.74972,0.0 9.48658,45.7496,0.0 9.48631,45.74948,0.0 9.48622,45.74944,0.0 9.48613,45.74932,0.0 9.48583,45.74923,0.0 9.48574,45.7492,0.0 9.48597,45.74905,0.0 9.48617,45.74893,0.0 9.48625,45.74871,0.0 9.4863,45.7486,0.0 9.48617,45.74839,0.0 9.48605,45.74818,0.0 9.48604,45.74815,0.0 9.48595,45.74796,0.0 9.48591,45.74774,0.0 9.48582,45.74747,0.0 9.48578,45.74736,0.0 9.48552,45.74722,0.0 9.48548,45.74721,0.0 9.48517,45.74715,0.0 9.485,45.74709,0.0 9.48483,45.74703,0.0 9.48457,45.74689,0.0 9.48435,45.74679,0.0 9.48409,45.7467,0.0 9.48397,45.7466,0.0 9.48375,45.74643,0.0 9.48362,45.74633,0.0 9.48357,45.74611,0.0 9.48354,45.74589,0.0 9.48353,45.74582,0.0 9.4834,45.74519,0.0 9.48327,45.74498,0.0 9.48306,45.74485,0.0 9.48202,45.74481,0.0 9.48189,45.7448,0.0 9.48175,45.74461,0.0 9.48174,45.74424,0.0 9.48172,45.74401,0.0 9.48171,45.74386,0.0 9.48163,45.74377,0.0 9.4813,45.74379,0.0 9.48124,45.7438,0.0 9.4812,45.74377,0.0 9.48106,45.74371,0.0 9.4812,45.74365,0.0 9.48143,45.7435,0.0 9.48167,45.74335,0.0 9.48192,45.7432,0.0 9.48197,45.74313,0.0 9.48211,45.74295,0.0 9.48227,45.74276,0.0 9.48244,45.74257,0.0 9.48261,45.74238,0.0 9.48278,45.74218,0.0 9.48288,45.74208,0.0 9.48302,45.74188,0.0 9.48318,45.74168,0.0 9.48333,45.74148,0.0 9.48345,45.74132,0.0 9.48353,45.74123,0.0 9.48365,45.74102,0.0 9.48375,45.74087,0.0 9.48371,45.74058,0.0 9.48366,45.74036,0.0 9.48362,45.74014,0.0 9.48367,45.73989,0.0 9.48373,45.73967,0.0 9.48379,45.73951,0.0 9.48394,45.73932,0.0 9.4841,45.73912,0.0 9.48418,45.73903,0.0 9.48402,45.73885,0.0 9.48397,45.73879,0.0 9.48365,45.73885,0.0 9.48335,45.73891,0.0 9.48304,45.73898,0.0 9.48273,45.73905,0.0 9.48271,45.73906,0.0 9.48254,45.73918,0.0 9.48236,45.73936,0.0 9.48219,45.73954,0.0 9.48189,45.73964,0.0 9.4816,45.73973,0.0 9.48131,45.73983,0.0 9.4812,45.73988,0.0 9.48111,45.73991,0.0 9.48103,45.73993,0.0 9.4808,45.73988,0.0 9.48072,45.73981,0.0 9.48068,45.73972,0.0 9.48082,45.73952,0.0 9.48097,45.73933,0.0 9.48103,45.73927,0.0 9.48118,45.73907,0.0 9.4812,45.73906,0.0 9.48132,45.73891,0.0 9.4812,45.73881,0.0 9.48115,45.73876,0.0 9.48089,45.73889,0.0 9.48063,45.73902,0.0 9.48039,45.73917,0.0 9.48015,45.73932,0.0 9.47994,45.73942,0.0 9.47986,45.73945,0.0 9.4796,45.73948,0.0 9.47938,45.73951,0.0 9.47898,45.73957,0.0 9.47867,45.73962,0.0 9.47864,45.73963,0.0 9.47854,45.73964,0.0 9.47834,45.73966,0.0 9.47802,45.73971,0.0 9.47771,45.73976,0.0 9.47739,45.7398,0.0 9.47735,45.73981,0.0 9.47726,45.73984,0.0 9.47695,45.73988,0.0 9.47664,45.73991,0.0 9.47632,45.73996,0.0 9.47622,45.73999,0.0 9.47591,45.74005,0.0 9.47575,45.74008,0.0 9.47558,45.74011,0.0 9.47525,45.74014,0.0 9.47492,45.74018,0.0 9.47476,45.73998,0.0 9.47464,45.73984,0.0</coordinates>
                </LineString>
            </Placemark>
            <Folder>
                <name>Marks [Km]</name>
                <visibility>false</visibility>
                <open>false</open>
                <Placemark>
                    <name>1. Km</name>
                    <visibility>false</visibility>
                    <Point>
                        <coordinates>9.4881582,45.7494102,0</coordinates>
                    </Point>
                </Placemark>
                <Placemark>
                    <name>2. Km</name>
                    <visibility>false</visibility>
                    <Point>
                        <coordinates>9.4828311,45.7448412,0</coordinates>
                    </Point>
                </Placemark>
                <Placemark>
                    <name>3. Km</name>
                    <visibility>false</visibility>
                    <Point>
                        <coordinates>9.4824772,45.7392426,0</coordinates>
                    </Point>
                </Placemark>
            </Folder>
        </Folder>
        <Folder>
            <name>Track: ZZZE03ZZ051</name>
            <Placemark>
                <styleUrl>#trackStyle</styleUrl>
                <LineString>
                    <coordinates>9.474517,45.740283,0.0 9.47448,45.74025,0.0 9.47427,45.74026,0.0 9.47398,45.74036,0.0 9.47384,45.74041,0.0 9.47376,45.74045,0.0 9.47352,45.74059,0.0 9.47328,45.74074,0.0 9.47315,45.74078,0.0 9.47283,45.74072,0.0 9.4725,45.74063,0.0 9.47218,45.74065,0.0 9.47186,45.74068,0.0 9.47154,45.7407,0.0 9.47142,45.74072,0.0 9.47121,45.74084,0.0 9.47094,45.7409,0.0 9.4709,45.74081,0.0 9.4705,45.7408,0.0 9.47047,45.74081,0.0 9.47021,45.74078,0.0 9.46988,45.74075,0.0 9.46936,45.7407,0.0 9.46905,45.74067,0.0 9.46873,45.74063,0.0 9.46842,45.74059,0.0 9.46822,45.74057,0.0 9.46808,45.74054,0.0 9.46769,45.74048,0.0 9.46753,45.74045,0.0 9.46709,45.7404,0.0 9.46696,45.74038,0.0 9.46683,45.74036,0.0 9.46651,45.74031,0.0 9.4662,45.74028,0.0 9.4661,45.74026,0.0 9.46534,45.74041,0.0 9.46514,45.74054,0.0 9.46502,45.74069,0.0 9.46481,45.74086,0.0 9.4646,45.74103,0.0 9.46459,45.74105,0.0 9.46427,45.74109,0.0 9.46415,45.74111,0.0 9.46384,45.74106,0.0 9.46363,45.74102,0.0 9.46332,45.74096,0.0 9.46297,45.74099,0.0 9.46265,45.74101,0.0 9.4626,45.74102,0.0 9.46229,45.74108,0.0 9.46203,45.74114,0.0 9.46182,45.74123,0.0 9.46156,45.74129,0.0 9.46125,45.74137,0.0 9.46108,45.74141,0.0 9.46076,45.74144,0.0 9.46041,45.74143,0.0 9.46009,45.74141,0.0 9.45978,45.7414,0.0 9.45945,45.74139,0.0 9.45923,45.74138,0.0 9.45868,45.74136,0.0 9.45835,45.74134,0.0 9.45804,45.74133,0.0 9.45788,45.74132,0.0 9.45755,45.74129,0.0 9.45721,45.74127,0.0 9.45701,45.74126,0.0 9.45652,45.74124,0.0 9.45637,45.74123,0.0 9.45604,45.74121,0.0 9.45573,45.74118,0.0 9.45563,45.74117,0.0 9.45531,45.74112,0.0 9.4552,45.74111,0.0 9.45494,45.7412,0.0 9.45463,45.74112,0.0 9.45455,45.74111,0.0 9.45327,45.74108,0.0 9.45296,45.74105,0.0 9.45263,45.74093,0.0 9.45247,45.74087,0.0 9.45227,45.74069,0.0 9.45207,45.74052,0.0 9.45187,45.74034,0.0 9.45183,45.7403,0.0 9.45162,45.74012,0.0 9.45141,45.73995,0.0 9.45129,45.73985,0.0 9.45118,45.73975,0.0 9.45096,45.73958,0.0 9.45087,45.73951,0.0 9.45079,45.73945,0.0 9.45066,45.73939,0.0 9.45036,45.73927,0.0 9.44986,45.73928,0.0 9.44953,45.73929,0.0 9.44924,45.7393,0.0 9.44891,45.73932,0.0 9.44859,45.73934,0.0 9.44827,45.73935,0.0 9.44824,45.73936,0.0 9.4481,45.73939,0.0 9.44778,45.73942,0.0 9.44742,45.73945,0.0 9.4471,45.73949,0.0 9.44698,45.73951,0.0 9.44673,45.73966,0.0 9.44668,45.73969,0.0 9.44651,45.73988,0.0 9.44638,45.74006,0.0 9.44625,45.74026,0.0 9.44612,45.74047,0.0 9.44603,45.74063,0.0 9.44593,45.74084,0.0 9.4459,45.7409,0.0 9.44582,45.74111,0.0 9.44577,45.74145,0.0 9.4457,45.74171,0.0 9.44564,45.74193,0.0 9.44577,45.74202,0.0 9.44594,45.7423,0.0 9.44599,45.74235,0.0 9.44584,45.74243,0.0 9.44564,45.74256,0.0 9.44524,45.74272,0.0 9.44503,45.74289,0.0 9.44499,45.74292,0.0 9.44472,45.74304,0.0 9.44446,45.74317,0.0 9.44419,45.7433,0.0 9.44393,45.74342,0.0 9.44367,45.74355,0.0 9.44361,45.74358,0.0 9.44286,45.74353,0.0 9.44254,45.74348,0.0 9.44244,45.74347,0.0 9.44212,45.74341,0.0 9.44181,45.74335,0.0 9.44143,45.74328,0.0 9.44114,45.74323,0.0 9.44083,45.74316,0.0 9.44071,45.74313,0.0 9.44039,45.74306,0.0 9.44015,45.74301,0.0 9.4399,45.74287,0.0 9.43971,45.74277,0.0 9.43953,45.74258,0.0 9.43946,45.7425,0.0 9.43928,45.74231,0.0 9.4392,45.74222,0.0 9.43911,45.74211,0.0 9.43898,45.74193,0.0 9.4388,45.74175,0.0 9.43862,45.74155,0.0 9.43845,45.74136,0.0 9.43828,45.74117,0.0 9.4382,45.74108,0.0 9.43811,45.74096,0.0 9.43796,45.74076,0.0 9.4378,45.74057,0.0 9.43765,45.74036,0.0 9.4376,45.7403,0.0 9.4375,45.74008,0.0 9.43741,45.73986,0.0 9.43734,45.73969,0.0 9.43725,45.73951,0.0 9.43716,45.73929,0.0 9.43712,45.73918,0.0 9.43701,45.73896,0.0 9.43691,45.73875,0.0 9.43682,45.73854,0.0 9.43673,45.73832,0.0 9.43664,45.73812,0.0 9.43653,45.73791,0.0 9.43647,45.73779,0.0 9.43638,45.73757,0.0 9.43629,45.73736,0.0 9.43621,45.73716,0.0 9.43612,45.73694,0.0 9.43622,45.73698,0.0 9.43612,45.73694,0.0 9.43604,45.73686,0.0 9.436,45.73676,0.0 9.4358,45.73658,0.0 9.4356,45.7364,0.0 9.4354,45.73623,0.0 9.43521,45.73605,0.0 9.43513,45.73598,0.0 9.43486,45.73585,0.0 9.43459,45.73573,0.0 9.43433,45.7356,0.0 9.43431,45.73559,0.0 9.43402,45.73549,0.0 9.43387,45.73544,0.0 9.43359,45.73532,0.0 9.43332,45.73522,0.0 9.43306,45.73514,0.0 9.43297,45.7351,0.0 9.43271,45.73501,0.0 9.43242,45.73491,0.0 9.43213,45.73481,0.0 9.4321,45.7348,0.0 9.43182,45.7347,0.0 9.43153,45.7346,0.0 9.43141,45.73456,0.0 9.43128,45.73453,0.0 9.43097,45.73446,0.0 9.43066,45.73441,0.0 9.43035,45.73435,0.0 9.43004,45.73429,0.0 9.42973,45.73424,0.0 9.42964,45.73423,0.0 9.42932,45.73426,0.0 9.429,45.73429,0.0 9.42869,45.73432,0.0 9.42836,45.73435,0.0 9.42805,45.73438,0.0 9.42773,45.73442,0.0 9.42742,45.73445,0.0 9.42726,45.73447,0.0 9.42708,45.7345,0.0 9.42699,45.73459,0.0 9.42687,45.73474,0.0 9.4269,45.73477,0.0 9.42707,45.73495,0.0 9.42724,45.73514,0.0 9.42735,45.73526,0.0 9.42753,45.73543,0.0 9.42773,45.73561,0.0 9.42792,45.73579,0.0 9.42804,45.73589,0.0 9.42815,45.73609,0.0 9.42816,45.7361,0.0 9.42825,45.73622,0.0 9.42833,45.73644,0.0 9.42842,45.73665,0.0 9.42851,45.73686,0.0 9.42856,45.73691,0.0 9.42825,45.73728,0.0 9.42816,45.7373,0.0 9.42786,45.73736,0.0 9.42755,45.73743,0.0 9.42725,45.7375,0.0 9.42694,45.73757,0.0 9.42691,45.73758,0.0 9.42661,45.73765,0.0 9.4263,45.73772,0.0 9.42597,45.73782,0.0 9.42567,45.73791,0.0 9.42548,45.73797,0.0 9.42527,45.73812,0.0 9.42507,45.7383,0.0 9.42487,45.73848,0.0 9.42467,45.73865,0.0 9.42448,45.73883,0.0 9.42428,45.739,0.0 9.42408,45.73918,0.0 9.42405,45.73921,0.0 9.42388,45.7394,0.0 9.42371,45.73959,0.0 9.42354,45.73977,0.0 9.42341,45.73993,0.0 9.42325,45.74013,0.0 9.4231,45.74033,0.0 9.42306,45.74038,0.0 9.423,45.74049,0.0 9.42289,45.74069,0.0 9.42273,45.74049,0.0 9.42258,45.7403,0.0 9.42242,45.7401,0.0 9.42226,45.73991,0.0 9.42224,45.73988,0.0 9.42208,45.73967,0.0 9.42192,45.73948,0.0 9.42181,45.73933,0.0 9.42165,45.73913,0.0 9.42151,45.73894,0.0 9.42135,45.73874,0.0 9.42129,45.73866,0.0 9.42112,45.73847,0.0 9.42111,45.73846,0.0 9.42097,45.73825,0.0 9.42094,45.73821,0.0 9.42077,45.73803,0.0 9.42062,45.73783,0.0 9.42047,45.73763,0.0 9.42033,45.73743,0.0 9.42019,45.73723,0.0 9.42004,45.73703,0.0 9.41999,45.73694,0.0 9.41991,45.73686,0.0 9.41982,45.73679,0.0 9.41969,45.73659,0.0 9.41956,45.73643,0.0 9.4194,45.73623,0.0 9.41926,45.73604,0.0 9.41911,45.73584,0.0 9.41908,45.7358,0.0 9.41892,45.7356,0.0 9.41878,45.73544,0.0 9.41859,45.73526,0.0 9.41839,45.73508,0.0 9.41831,45.73492,0.0 9.41805,45.73486,0.0 9.41796,45.73462,0.0 9.41774,45.73445,0.0 9.41753,45.73428,0.0 9.41744,45.7342,0.0 9.41723,45.73403,0.0 9.41722,45.73402,0.0 9.41716,45.73379,0.0 9.4171,45.73357,0.0 9.41709,45.73354,0.0 9.41717,45.73332,0.0 9.41722,45.73317,0.0 9.41731,45.73305,0.0 9.41756,45.73291,0.0 9.41781,45.73278,0.0 9.41815,45.73273,0.0 9.41846,45.73269,0.0 9.41878,45.73265,0.0 9.419,45.73263,0.0 9.4193,45.73254,0.0 9.41958,45.73239,0.0 9.41977,45.73227,0.0 9.41986,45.73214,0.0 9.41989,45.73192,0.0 9.41991,45.73184,0.0 9.41976,45.73163,0.0 9.41963,45.73143,0.0 9.4196,45.73139,0.0 9.41943,45.73119,0.0 9.41926,45.73101,0.0 9.41906,45.73082,0.0 9.41904,45.73079,0.0 9.41884,45.7306,0.0 9.41865,45.73042,0.0 9.41852,45.7303,0.0 9.41836,45.7301,0.0 9.41835,45.73009,0.0 9.41822,45.72997,0.0 9.41804,45.72978,0.0 9.41787,45.72959,0.0 9.41786,45.72957,0.0 9.4177,45.7294,0.0 9.41752,45.72925,0.0 9.41744,45.72919,0.0 9.4172,45.72903,0.0 9.41696,45.72889,0.0 9.41675,45.72876,0.0 9.41654,45.72859,0.0 9.4164,45.72846,0.0 9.41621,45.72828,0.0 9.41606,45.72813,0.0 9.41593,45.72792,0.0 9.41581,45.72772,0.0 9.41575,45.72762,0.0 9.41568,45.7274,0.0 9.41562,45.72718,0.0 9.41556,45.72696,0.0 9.41554,45.72689,0.0 9.41549,45.72667,0.0 9.41556,45.72591,0.0 9.41565,45.72569,0.0 9.41573,45.72548,0.0 9.41581,45.72526,0.0 9.41584,45.72517,0.0 9.41592,45.72496,0.0 9.4158,45.72487,0.0 9.41548,45.72491,0.0 9.4154,45.72493,0.0 9.41528,45.72496,0.0 9.41497,45.72495,0.0 9.4148,45.72496,0.0 9.41448,45.72497,0.0 9.41415,45.72498,0.0 9.41384,45.72499,0.0 9.41351,45.725,0.0 9.41333,45.72502,0.0 9.41301,45.72503,0.0 9.41272,45.72505,0.0 9.41136,45.72503,0.0 9.41104,45.72502,0.0 9.41007,45.725,0.0 9.40963,45.72499,0.0 9.40887,45.725,0.0 9.40791,45.72501,0.0 9.40775,45.72502,0.0 9.40743,45.72507,0.0 9.40736,45.72508,0.0 9.40706,45.72516,0.0 9.40693,45.7252,0.0 9.40663,45.72529,0.0 9.40636,45.72542,0.0 9.4061,45.72556,0.0 9.40585,45.72569,0.0 9.40559,45.72583,0.0 9.40582,45.72598,0.0 9.40607,45.72613,0.0 9.40628,45.72626,0.0 9.4066,45.72628,0.0 9.40658,45.7265,0.0 9.40654,45.72672,0.0 9.4065,45.72695,0.0 9.40635,45.72733,0.0 9.40619,45.72752,0.0 9.40615,45.72758,0.0 9.40609,45.7278,0.0 9.40607,45.72789,0.0 9.40574,45.72785,0.0 9.40543,45.72783,0.0 9.40529,45.72789,0.0 9.40507,45.72805,0.0 9.4049,45.72819,0.0 9.40463,45.72814,0.0</coordinates>
                </LineString>
            </Placemark>
            <Folder>
                <name>Marks [Km]</name>
                <visibility>false</visibility>
                <open>false</open>
                <Placemark>
                    <name>1. Km</name>
                    <visibility>false</visibility>
                    <Point>
                        <coordinates>9.4627261,45.7410052,0</coordinates>
                    </Point>
                </Placemark>
                <Placemark>
                    <name>2. Km</name>
                    <visibility>false</visibility>
                    <Point>
                        <coordinates>9.4509896,45.7396034,0</coordinates>
                    </Point>
                </Placemark>
                <Placemark>
                    <name>3. Km</name>
                    <visibility>false</visibility>
                    <Point>
                        <coordinates>9.4424479,45.7434708,0</coordinates>
                    </Point>
                </Placemark>
                <Placemark>
                    <name>4. Km</name>
                    <visibility>false</visibility>
                    <Point>
                        <coordinates>9.4358499,45.7366254,0</coordinates>
                    </Point>
                </Placemark>
                <Placemark>
                    <name>5. Km</name>
                    <visibility>false</visibility>
                    <Point>
                        <coordinates>9.4282678,45.7362689,0</coordinates>
                    </Point>
                </Placemark>
                <Placemark>
                    <name>6. Km</name>
                    <visibility>false</visibility>
                    <Point>
                        <coordinates>9.42112,45.7384707,0</coordinates>
                    </Point>
                </Placemark>
                <Placemark>
                    <name>7. Km</name>
                    <visibility>false</visibility>
                    <Point>
                        <coordinates>9.4197242,45.731575,0</coordinates>
                    </Point>
                </Placemark>
                <Placemark>
                    <name>8. Km</name>
                    <visibility>false</visibility>
                    <Point>
                        <coordinates>9.4139825,45.7249854,0</coordinates>
                    </Point>
                </Placemark>
                <Placemark>
                    <name>9. Km</name>
                    <visibility>false</visibility>
                    <Point>
                        <coordinates>9.4055818,45.7278398,0</coordinates>
                    </Point>
                </Placemark>
            </Folder>
        </Folder>
        <Folder>
            <name>Track: ZZZE03ZZ062</name>
            <Placemark>
                <styleUrl>#trackStyle</styleUrl>
                <LineString>
                    <coordinates>9.47825,45.739667,0.0 9.47826,45.73967,0.0 9.47834,45.73966,0.0 9.47859,45.73963,0.0 9.47889,45.73959,0.0 9.47914,45.73955,0.0 9.47938,45.73951,0.0 9.47963,45.73947,0.0 9.47986,45.73945,0.0 9.48007,45.73935,0.0 9.48015,45.73933,0.0 9.48034,45.7392,0.0 9.48053,45.73908,0.0 9.48063,45.73903,0.0 9.48083,45.73892,0.0 9.48104,45.73881,0.0 9.48115,45.73876,0.0 9.4812,45.73881,0.0 9.48132,45.73891,0.0 9.4812,45.73906,0.0 9.48107,45.73921,0.0 9.48103,45.73927,0.0 9.4809,45.73943,0.0 9.48077,45.73959,0.0 9.48068,45.73972,0.0 9.48072,45.73981,0.0 9.4808,45.73988,0.0 9.48103,45.73993,0.0 9.48111,45.73991,0.0 9.4812,45.73988,0.0 9.48142,45.73979,0.0 9.48166,45.73972,0.0 9.48189,45.73964,0.0 9.48211,45.73956,0.0 9.48219,45.73954,0.0 9.48232,45.73939,0.0 9.48246,45.73924,0.0 9.48254,45.73918,0.0 9.48271,45.73906,0.0 9.48295,45.739,0.0 9.48319,45.73895,0.0 9.48344,45.7389,0.0 9.48369,45.73885,0.0 9.48393,45.7388,0.0 9.484,45.73879,0.0 9.48414,45.73893,0.0 9.48402,45.73912,0.0 9.4839,45.73929,0.0 9.48379,45.73944,0.0 9.48367,45.73961,0.0 9.48366,45.73963,0.0 9.48361,45.7398,0.0 9.48357,45.73993,0.0 9.48361,45.74026,0.0 9.48365,45.74043,0.0 9.4837,45.74061,0.0 9.48374,45.74079,0.0 9.48375,45.74081,0.0 9.48363,45.74106,0.0 9.4835,45.74121,0.0 9.48349,45.74123,0.0 9.48346,45.74125,0.0 9.4835,45.74126,0.0 9.48335,45.74146,0.0 9.48319,45.74165,0.0 9.48304,45.74185,0.0 9.4829,45.74205,0.0 9.48288,45.74208,0.0 9.48271,45.74227,0.0 9.48254,45.74245,0.0 9.48237,45.74264,0.0 9.4822,45.74284,0.0 9.48211,45.74295,0.0 9.48197,45.74313,0.0 9.48193,45.7432,0.0 9.48169,45.74334,0.0 9.48145,45.74349,0.0 9.48121,45.74363,0.0 9.4812,45.74365,0.0 9.48106,45.74371,0.0 9.4812,45.74377,0.0 9.48124,45.7438,0.0 9.48156,45.74377,0.0 9.48171,45.74386,0.0 9.48172,45.74408,0.0 9.48174,45.74431,0.0 9.48175,45.74446,0.0 9.48189,45.7448,0.0 9.4822,45.74483,0.0 9.48221,45.74484,0.0</coordinates>
                </LineString>
            </Placemark>
            <Folder>
                <name>Marks [Km]</name>
                <visibility>false</visibility>
                <open>false</open>
                <Placemark>
                    <name>1. Km</name>
                    <visibility>false</visibility>
                    <Point>
                        <coordinates>9.4834206,45.7413655,0</coordinates>
                    </Point>
                </Placemark>
            </Folder>
        </Folder>
        <Folder>
            <name>Track: ZZZE03ZZ102</name>
            <Placemark>
                <styleUrl>#trackStyle</styleUrl>
                <LineString>
                    <coordinates>9.474483,45.7399,0.0 9.47464,45.73984,0.0 9.47479,45.74003,0.0 9.47492,45.74018,0.0 9.47523,45.74014,0.0 9.47554,45.74011,0.0 9.47575,45.74008,0.0 9.47605,45.74002,0.0 9.47622,45.73999,0.0 9.4763,45.73996,0.0 9.47661,45.73992,0.0 9.47693,45.73988,0.0 9.47726,45.73984,0.0 9.47735,45.73981,0.0 9.47765,45.73976,0.0 9.47797,45.73971,0.0 9.47826,45.73967,0.0 9.47834,45.73966,0.0 9.47859,45.73963,0.0 9.47889,45.73959,0.0 9.47914,45.73955,0.0 9.47938,45.73951,0.0 9.47963,45.73947,0.0 9.47986,45.73945,0.0 9.48007,45.73935,0.0 9.48015,45.73933,0.0 9.48034,45.7392,0.0 9.48053,45.73908,0.0 9.48063,45.73903,0.0 9.48083,45.73892,0.0 9.48104,45.73881,0.0 9.48115,45.73876,0.0 9.4812,45.73881,0.0 9.48132,45.73891,0.0 9.4812,45.73906,0.0 9.48107,45.73921,0.0 9.48103,45.73927,0.0 9.4809,45.73943,0.0 9.48077,45.73959,0.0 9.48068,45.73972,0.0 9.48072,45.73981,0.0 9.4808,45.73988,0.0 9.48103,45.73993,0.0 9.48111,45.73991,0.0 9.4812,45.73988,0.0 9.48142,45.73979,0.0 9.48166,45.73972,0.0 9.48189,45.73964,0.0 9.48211,45.73956,0.0 9.48219,45.73954,0.0 9.48232,45.73939,0.0 9.48246,45.73924,0.0 9.48254,45.73918,0.0 9.48271,45.73906,0.0 9.48295,45.739,0.0 9.48319,45.73895,0.0 9.48344,45.7389,0.0 9.48369,45.73885,0.0 9.48393,45.7388,0.0 9.484,45.73879,0.0 9.48414,45.73893,0.0 9.48402,45.73912,0.0 9.4839,45.73929,0.0 9.48379,45.73944,0.0 9.48367,45.73961,0.0 9.48366,45.73963,0.0 9.48361,45.7398,0.0 9.48357,45.73993,0.0 9.48361,45.74026,0.0 9.48365,45.74043,0.0 9.4837,45.74061,0.0 9.48374,45.74079,0.0 9.48375,45.74081,0.0 9.48363,45.74106,0.0 9.4835,45.74121,0.0 9.48349,45.74123,0.0 9.48346,45.74125,0.0 9.4835,45.74126,0.0 9.48335,45.74146,0.0 9.48319,45.74165,0.0 9.48304,45.74185,0.0 9.4829,45.74205,0.0 9.48288,45.74208,0.0 9.48271,45.74227,0.0 9.48254,45.74245,0.0 9.48237,45.74264,0.0 9.4822,45.74284,0.0 9.48211,45.74295,0.0 9.48197,45.74313,0.0 9.48193,45.7432,0.0 9.48169,45.74334,0.0 9.48145,45.74349,0.0 9.48121,45.74363,0.0 9.4812,45.74365,0.0 9.48106,45.74371,0.0 9.4812,45.74377,0.0 9.48124,45.7438,0.0 9.48156,45.74377,0.0 9.48171,45.74386,0.0 9.48172,45.74408,0.0 9.48174,45.74431,0.0 9.48175,45.74446,0.0 9.48189,45.7448,0.0 9.4822,45.74483,0.0 9.48221,45.74484,0.0 9.48232,45.74485,0.0 9.48327,45.74498,0.0 9.48339,45.74518,0.0 9.48352,45.74539,0.0 9.48353,45.7454,0.0 9.48356,45.74604,0.0 9.4836,45.74626,0.0 9.48362,45.74633,0.0 9.48382,45.7465,0.0 9.48397,45.7466,0.0 9.48409,45.7467,0.0 9.48435,45.74679,0.0 9.48461,45.74692,0.0 9.48483,45.74703,0.0 9.485,45.74709,0.0 9.48517,45.74715,0.0 9.48548,45.74721,0.0 9.48573,45.74734,0.0 9.48578,45.74736,0.0 9.48584,45.74752,0.0 9.48591,45.74769,0.0 9.48595,45.74791,0.0 9.48604,45.74815,0.0 9.48615,45.74835,0.0 9.48627,45.74856,0.0 9.4863,45.7486,0.0 9.48621,45.74881,0.0 9.48617,45.74893,0.0 9.48593,45.74908,0.0 9.48574,45.7492,0.0 9.48545,45.7493,0.0 9.48517,45.74941,0.0 9.48488,45.74951,0.0 9.48461,45.74962,0.0 9.48432,45.74973,0.0 9.48405,45.74983,0.0 9.48377,45.74994,0.0 9.48375,45.74995,0.0 9.48387,45.75016,0.0 9.48388,45.75017,0.0 9.48729,45.75,0.0 9.48752,45.74984,0.0 9.48774,45.74968,0.0 9.48794,45.74953,0.0 9.488,45.74931,0.0 9.48808,45.74909,0.0 9.48811,45.74899,0.0 9.48829,45.74887,0.0 9.48842,45.74875,0.0 9.48844,45.74897,0.0 9.48845,45.74919,0.0 9.48846,45.7492,0.0 9.48866,45.74903,0.0 9.48881,45.7489,0.0 9.48888,45.74911,0.0 9.4889,45.74917,0.0 9.48878,45.74959,0.0 9.48866,45.7498,0.0 9.48854,45.75,0.0 9.48842,45.75022,0.0 9.4883,45.75043,0.0 9.48818,45.75064,0.0 9.48806,45.75085,0.0 9.48794,45.75105,0.0 9.48782,45.75126,0.0 9.4879,45.75132,0.0 9.48812,45.75115,0.0 9.48835,45.751,0.0 9.48846,45.75092,0.0 9.4887,45.75077,0.0 9.4889,45.75065,0.0 9.48918,45.75056,0.0 9.48948,45.75047,0.0 9.48977,45.75037,0.0 9.49006,45.75029,0.0 9.49035,45.75019,0.0 9.49045,45.75017,0.0 9.49077,45.75014,0.0 9.49122,45.74999,0.0 9.49146,45.74984,0.0 9.4917,45.7497,0.0 9.49194,45.74955,0.0 9.49218,45.74941,0.0 9.49239,45.74929,0.0 9.49244,45.74923,0.0 9.49274,45.74917,0.0 9.49292,45.74914,0.0 9.49278,45.74958,0.0 9.49265,45.74978,0.0 9.49251,45.74999,0.0 9.49238,45.75019,0.0 9.49236,45.75022,0.0 9.49218,45.75014,0.0 9.49217,45.75013,0.0</coordinates>
                </LineString>
            </Placemark>
            <Folder>
                <name>Marks [Km]</name>
                <visibility>false</visibility>
                <open>false</open>
                <Placemark>
                    <name>1. Km</name>
                    <visibility>false</visibility>
                    <Point>
                        <coordinates>9.4838248,45.738822,0</coordinates>
                    </Point>
                </Placemark>
                <Placemark>
                    <name>2. Km</name>
                    <visibility>false</visibility>
                    <Point>
                        <coordinates>9.483542,45.7456553,0</coordinates>
                    </Point>
                </Placemark>
                <Placemark>
                    <name>3. Km</name>
                    <visibility>false</visibility>
                    <Point>
                        <coordinates>9.4874911,45.7498605,0</coordinates>
                    </Point>
                </Placemark>
                <Placemark>
                    <name>4. Km</name>
                    <visibility>false</visibility>
                    <Point>
                        <coordinates>9.4929177,45.7491471,0</coordinates>
                    </Point>
                </Placemark>
            </Folder>
        </Folder>
        <Folder>
            <name>Track: ZZZE03ZZ112</name>
            <Placemark>
                <styleUrl>#trackStyle</styleUrl>
                <LineString>
                    <coordinates>9.474483,45.7399,0.0 9.47464,45.73984,0.0 9.47479,45.74003,0.0 9.47492,45.74018,0.0 9.47523,45.74014,0.0 9.47554,45.74011,0.0 9.47575,45.74008,0.0 9.47605,45.74002,0.0 9.47622,45.73999,0.0 9.4763,45.73996,0.0 9.47661,45.73992,0.0 9.47693,45.73988,0.0 9.47726,45.73984,0.0 9.47735,45.73981,0.0 9.47765,45.73976,0.0 9.47797,45.73971,0.0 9.47826,45.73967,0.0 9.47834,45.73966,0.0 9.47859,45.73963,0.0 9.47889,45.73959,0.0 9.47914,45.73955,0.0 9.47938,45.73951,0.0 9.47963,45.73947,0.0 9.47986,45.73945,0.0 9.48007,45.73935,0.0 9.48015,45.73933,0.0 9.48034,45.7392,0.0 9.48053,45.73908,0.0 9.48063,45.73903,0.0 9.48083,45.73892,0.0 9.48104,45.73881,0.0 9.48115,45.73876,0.0 9.4812,45.73881,0.0 9.48132,45.73891,0.0 9.4812,45.73906,0.0 9.48107,45.73921,0.0 9.48103,45.73927,0.0 9.4809,45.73943,0.0 9.48077,45.73959,0.0 9.48068,45.73972,0.0 9.48072,45.73981,0.0 9.4808,45.73988,0.0 9.48103,45.73993,0.0 9.48111,45.73991,0.0 9.4812,45.73988,0.0 9.48142,45.73979,0.0 9.48166,45.73972,0.0 9.48189,45.73964,0.0 9.48211,45.73956,0.0 9.48219,45.73954,0.0 9.48232,45.73939,0.0 9.48246,45.73924,0.0 9.48254,45.73918,0.0 9.48271,45.73906,0.0 9.48295,45.739,0.0 9.48319,45.73895,0.0 9.48344,45.7389,0.0 9.48369,45.73885,0.0 9.48393,45.7388,0.0 9.484,45.73879,0.0 9.48414,45.73893,0.0 9.48402,45.73912,0.0 9.4839,45.73929,0.0 9.48379,45.73944,0.0 9.48367,45.73961,0.0 9.48366,45.73963,0.0 9.48361,45.7398,0.0 9.48357,45.73993,0.0 9.48361,45.74026,0.0 9.48365,45.74043,0.0 9.4837,45.74061,0.0 9.48374,45.74079,0.0 9.48375,45.74081,0.0 9.48363,45.74106,0.0 9.4835,45.74121,0.0 9.48349,45.74123,0.0 9.48346,45.74125,0.0 9.4835,45.74126,0.0 9.48335,45.74146,0.0 9.48319,45.74165,0.0 9.48304,45.74185,0.0 9.4829,45.74205,0.0 9.48288,45.74208,0.0 9.48271,45.74227,0.0 9.48254,45.74245,0.0 9.48237,45.74264,0.0 9.4822,45.74284,0.0 9.48211,45.74295,0.0 9.48197,45.74313,0.0 9.48193,45.7432,0.0 9.48169,45.74334,0.0 9.48145,45.74349,0.0 9.48121,45.74363,0.0 9.4812,45.74365,0.0 9.48106,45.74371,0.0 9.4812,45.74377,0.0 9.48124,45.7438,0.0 9.48156,45.74377,0.0 9.48171,45.74386,0.0 9.48172,45.74408,0.0 9.48174,45.74431,0.0 9.48175,45.74446,0.0 9.48189,45.7448,0.0 9.4822,45.74483,0.0 9.48221,45.74484,0.0 9.48232,45.74485,0.0 9.48327,45.74498,0.0 9.48339,45.74518,0.0 9.48352,45.74539,0.0 9.48353,45.7454,0.0 9.48356,45.74604,0.0 9.4836,45.74626,0.0 9.48362,45.74633,0.0 9.48382,45.7465,0.0 9.48397,45.7466,0.0 9.48409,45.7467,0.0 9.48435,45.74679,0.0 9.48461,45.74692,0.0 9.48483,45.74703,0.0 9.485,45.74709,0.0 9.48517,45.74715,0.0 9.48548,45.74721,0.0 9.48573,45.74734,0.0 9.48578,45.74736,0.0 9.48584,45.74752,0.0 9.48591,45.74769,0.0 9.48595,45.74791,0.0 9.48604,45.74815,0.0 9.48615,45.74835,0.0 9.48627,45.74856,0.0 9.4863,45.7486,0.0 9.48621,45.74881,0.0 9.48617,45.74893,0.0 9.48593,45.74908,0.0 9.48574,45.7492,0.0 9.48545,45.7493,0.0 9.48517,45.74941,0.0 9.48488,45.74951,0.0 9.48461,45.74962,0.0 9.48432,45.74973,0.0 9.48405,45.74983,0.0 9.48377,45.74994,0.0 9.48375,45.74995,0.0 9.48387,45.75016,0.0 9.48388,45.75017,0.0 9.48729,45.75,0.0 9.48752,45.74984,0.0 9.48774,45.74968,0.0 9.48794,45.74953,0.0 9.488,45.74931,0.0 9.48808,45.74909,0.0 9.48811,45.74899,0.0 9.48829,45.74887,0.0 9.48842,45.74875,0.0 9.48844,45.74897,0.0 9.48845,45.74919,0.0 9.48846,45.7492,0.0 9.48866,45.74903,0.0 9.48881,45.7489,0.0 9.48888,45.74911,0.0 9.4889,45.74917,0.0 9.48878,45.74959,0.0 9.48866,45.7498,0.0 9.48854,45.75,0.0 9.48842,45.75022,0.0 9.4883,45.75043,0.0 9.48818,45.75064,0.0 9.48806,45.75085,0.0 9.48794,45.75105,0.0 9.48782,45.75126,0.0 9.4879,45.75132,0.0 9.48812,45.75115,0.0 9.48835,45.751,0.0 9.48846,45.75092,0.0 9.4887,45.75077,0.0 9.4889,45.75065,0.0 9.48918,45.75056,0.0 9.48948,45.75047,0.0 9.48977,45.75037,0.0 9.49006,45.75029,0.0 9.49035,45.75019,0.0 9.49045,45.75017,0.0 9.49077,45.75014,0.0 9.49122,45.74999,0.0 9.49146,45.74984,0.0 9.4917,45.7497,0.0 9.49194,45.74955,0.0 9.49218,45.74941,0.0 9.49239,45.74929,0.0 9.49244,45.74923,0.0 9.49274,45.74917,0.0 9.49292,45.74914,0.0 9.49278,45.74958,0.0 9.49265,45.74978,0.0 9.49251,45.74999,0.0 9.49238,45.75019,0.0 9.49236,45.75022,0.0 9.49218,45.75014,0.0 9.49217,45.75013,0.0 9.49218,45.75014,0.0 9.49236,45.75022,0.0 9.49222,45.75042,0.0 9.49218,45.7505,0.0 9.49204,45.7507,0.0 9.49193,45.75089,0.0 9.49218,45.75101,0.0 9.49244,45.75113,0.0 9.49262,45.75122,0.0 9.49292,45.75128,0.0 9.49322,45.75134,0.0 9.49326,45.75156,0.0 9.49327,45.75159,0.0 9.49353,45.75162,0.0 9.49384,45.7516,0.0 9.49417,45.75159,0.0 9.49448,45.75157,0.0 9.4948,45.75155,0.0 9.49513,45.7516,0.0 9.49521,45.75162,0.0 9.49549,45.75172,0.0 9.49551,45.75174,0.0 9.49583,45.75171,0.0 9.49622,45.75159,0.0 9.49649,45.75147,0.0 9.49676,45.75136,0.0 9.49704,45.75124,0.0 9.49732,45.75113,0.0 9.49759,45.75101,0.0 9.49787,45.7509,0.0 9.49814,45.75078,0.0 9.49819,45.75077,0.0 9.49847,45.75066,0.0 9.49876,45.75056,0.0 9.49904,45.75046,0.0 9.49933,45.75035,0.0 9.49961,45.75025,0.0 9.49975,45.7502,0.0 9.50004,45.75029,0.0 9.50033,45.75039,0.0 9.50061,45.75049,0.0 9.5009,45.75058,0.0 9.50119,45.75068,0.0 9.50126,45.75071,0.0 9.50122,45.75093,0.0 9.50126,45.75117,0.0 9.5013,45.75139,0.0 9.50133,45.75162,0.0 9.50137,45.75184,0.0 9.5014,45.75195,0.0 9.50135,45.75217,0.0 9.50131,45.75241,0.0 9.50128,45.75263,0.0 9.50126,45.75276,0.0 9.50104,45.75282,0.0 9.50074,45.7529,0.0 9.50044,45.75298,0.0 9.50015,45.75306,0.0 9.49984,45.75314,0.0 9.49954,45.75322,0.0 9.49936,45.75327,0.0 9.49904,45.75331,0.0 9.49872,45.75334,0.0 9.49854,45.75337,0.0 9.49824,45.75346,0.0 9.49815,45.75349,0.0 9.49788,45.75361,0.0 9.49762,45.75374,0.0 9.49759,45.75376,0.0 9.49743,45.75395,0.0 9.49727,45.75414,0.0 9.49711,45.75433,0.0 9.49694,45.75453,0.0 9.49678,45.75472,0.0 9.49668,45.75484,0.0 9.4964,45.75495,0.0 9.49612,45.75506,0.0 9.4959,45.75514,0.0 9.49572,45.75533,0.0 9.49555,45.75552,0.0 9.49538,45.75571,0.0 9.49521,45.7559,0.0 9.49504,45.75608,0.0 9.49499,45.75614,0.0 9.4948,45.75632,0.0 9.49465,45.75647,0.0 9.49444,45.75664,0.0 9.49443,45.75666,0.0 9.49434,45.75687,0.0 9.49425,45.75708,0.0 9.49421,45.75717,0.0 9.49417,45.75738,0.0 9.49389,45.75748,0.0 9.49361,45.75759,0.0 9.49333,45.7577,0.0 9.49305,45.7578,0.0 9.49292,45.75786,0.0 9.49279,45.75807,0.0 9.49267,45.75827,0.0 9.49265,45.75831,0.0 9.49269,45.75853,0.0 9.49274,45.75875,0.0 9.49262,45.75886,0.0 9.4923,45.7588,0.0 9.49218,45.75877,0.0 9.49188,45.75868,0.0 9.49158,45.75859,0.0 9.49136,45.75853,0.0 9.4911,45.75866,0.0 9.49102,45.75871,0.0 9.49074,45.75882,0.0 9.49067,45.75886,0.0 9.49041,45.75889,0.0 9.49018,45.75905,0.0 9.48997,45.75921,0.0 9.48974,45.75937,0.0 9.48971,45.7594,0.0 9.48943,45.75952,0.0 9.48924,45.75961,0.0 9.48891,45.75963,0.0 9.48859,45.75965,0.0 9.48827,45.75967,0.0 9.48795,45.75969,0.0 9.48773,45.75971,0.0 9.48741,45.75964,0.0 9.48711,45.75957,0.0 9.48699,45.75955,0.0 9.48686,45.75946,0.0 9.48674,45.75925,0.0 9.48661,45.75905,0.0 9.48648,45.75884,0.0 9.48637,45.75863,0.0 9.48624,45.75843,0.0 9.48612,45.75822,0.0 9.486,45.75801,0.0 9.48587,45.7578,0.0 9.48575,45.7576,0.0 9.48563,45.75739,0.0 9.4855,45.75718,0.0 9.48539,45.75699,0.0 9.48529,45.75677,0.0 9.4852,45.75656,0.0 9.48513,45.75639,0.0 9.48494,45.7562,0.0 9.48475,45.75602,0.0 9.48457,45.75583,0.0 9.48438,45.75565,0.0 9.48426,45.75554,0.0 9.48407,45.75535,0.0 9.48389,45.75517,0.0 9.48372,45.75499,0.0 9.48357,45.75484,0.0 9.48368,45.75477,0.0 9.48392,45.75464,0.0 9.48382,45.75442,0.0 9.48373,45.7542,0.0 9.48364,45.75399,0.0 9.48357,45.75382,0.0 9.48345,45.75361,0.0 9.48335,45.7534,0.0 9.48324,45.75319,0.0 9.48312,45.75298,0.0 9.48301,45.75277,0.0 9.48297,45.75267,0.0 9.4828,45.75248,0.0 9.48271,45.75237,0.0 9.4825,45.75219,0.0 9.48226,45.75203,0.0 9.48215,45.75195,0.0 9.48223,45.75177,0.0 9.48238,45.75157,0.0 9.48254,45.75137,0.0 9.48269,45.75118,0.0 9.48284,45.75098,0.0 9.483,45.75078,0.0 9.48316,45.75059,0.0 9.48331,45.75039,0.0 9.4834,45.75029,0.0 9.48327,45.7501,0.0 9.48356,45.75001,0.0 9.48375,45.74995,0.0 9.48399,45.7498,0.0 9.48426,45.74967,0.0 9.48452,45.74954,0.0 9.48474,45.74944,0.0 9.48503,45.74935,0.0 9.48532,45.74926,0.0 9.48562,45.74918,0.0 9.48565,45.74917,0.0 9.48587,45.74901,0.0 9.4861,45.74885,0.0 9.48617,45.74881,0.0 9.48622,45.7486,0.0 9.48613,45.74838,0.0 9.48608,45.74827,0.0 9.48595,45.74805,0.0 9.48591,45.74796,0.0 9.48591,45.74774,0.0 9.48582,45.74747,0.0 9.48578,45.74736,0.0 9.48552,45.74722,0.0 9.48548,45.74721,0.0 9.48517,45.74715,0.0 9.485,45.74709,0.0 9.48483,45.74703,0.0 9.48457,45.74689,0.0 9.48435,45.74679,0.0 9.48409,45.7467,0.0 9.48397,45.7466,0.0 9.48375,45.74643,0.0 9.48362,45.74633,0.0 9.48357,45.74611,0.0 9.48354,45.74589,0.0 9.48353,45.74582,0.0 9.4834,45.74519,0.0 9.48327,45.74498,0.0 9.48306,45.74485,0.0 9.48202,45.74481,0.0</coordinates>
                </LineString>
            </Placemark>
            <Folder>
                <name>Marks [Km]</name>
                <visibility>false</visibility>
                <open>false</open>
                <Placemark>
                    <name>1. Km</name>
                    <visibility>false</visibility>
                    <Point>
                        <coordinates>9.4838248,45.738822,0</coordinates>
                    </Point>
                </Placemark>
                <Placemark>
                    <name>2. Km</name>
                    <visibility>false</visibility>
                    <Point>
                        <coordinates>9.483542,45.7456553,0</coordinates>
                    </Point>
                </Placemark>
                <Placemark>
                    <name>3. Km</name>
                    <visibility>false</visibility>
                    <Point>
                        <coordinates>9.4874911,45.7498605,0</coordinates>
                    </Point>
                </Placemark>
                <Placemark>
                    <name>4. Km</name>
                    <visibility>false</visibility>
                    <Point>
                        <coordinates>9.4929177,45.7491471,0</coordinates>
                    </Point>
                </Placemark>
                <Placemark>
                    <name>5. Km</name>
                    <visibility>false</visibility>
                    <Point>
                        <coordinates>9.5004433,45.7504303,0</coordinates>
                    </Point>
                </Placemark>
                <Placemark>
                    <name>6. Km</name>
                    <visibility>false</visibility>
                    <Point>
                        <coordinates>9.4946107,45.7565017,0</coordinates>
                    </Point>
                </Placemark>
                <Placemark>
                    <name>7. Km</name>
                    <visibility>false</visibility>
                    <Point>
                        <coordinates>9.4860723,45.7581368,0</coordinates>
                    </Point>
                </Placemark>
                <Placemark>
                    <name>8. Km</name>
                    <visibility>false</visibility>
                    <Point>
                        <coordinates>9.4833832,45.7502655,0</coordinates>
                    </Point>
                </Placemark>
            </Folder>
        </Folder>
        <Folder>
            <name>Track: ZZZE03ZZZ22</name>
            <Placemark>
                <styleUrl>#trackStyle</styleUrl>
                <LineString>
                    <coordinates>9.47464,45.73974,0.0 9.47458,45.73975,0.0 9.47473,45.73994,0.0 9.47488,45.74014,0.0 9.47492,45.74018,0.0 9.4751,45.74015,0.0 9.47523,45.74014,0.0 9.47554,45.74011,0.0 9.47575,45.74008,0.0 9.47605,45.74002,0.0 9.47622,45.73999,0.0 9.4763,45.73996,0.0 9.47661,45.73992,0.0 9.47693,45.73988,0.0 9.47726,45.73984,0.0 9.47735,45.73981,0.0 9.47765,45.73976,0.0 9.47797,45.73971,0.0 9.47826,45.73967,0.0 9.47834,45.73966,0.0 9.47859,45.73963,0.0 9.47889,45.73959,0.0 9.47914,45.73955,0.0 9.47938,45.73951,0.0 9.47963,45.73947,0.0 9.47986,45.73945,0.0 9.48007,45.73935,0.0 9.48015,45.73933,0.0 9.48034,45.7392,0.0 9.48053,45.73908,0.0 9.48063,45.73903,0.0 9.48083,45.73892,0.0 9.48104,45.73881,0.0 9.48115,45.73876,0.0 9.4812,45.73881,0.0 9.48132,45.73891,0.0 9.4812,45.73906,0.0 9.48107,45.73921,0.0 9.48103,45.73927,0.0 9.4809,45.73943,0.0 9.48077,45.73959,0.0 9.48068,45.73972,0.0 9.48072,45.73981,0.0 9.4808,45.73988,0.0 9.48103,45.73993,0.0 9.48111,45.73991,0.0 9.4812,45.73988,0.0 9.48142,45.73979,0.0 9.48166,45.73972,0.0 9.48189,45.73964,0.0 9.48211,45.73956,0.0 9.48219,45.73954,0.0 9.48232,45.73939,0.0 9.48246,45.73924,0.0 9.48254,45.73918,0.0 9.48271,45.73906,0.0 9.48295,45.739,0.0 9.48319,45.73895,0.0 9.48344,45.7389,0.0 9.48369,45.73885,0.0 9.48393,45.7388,0.0 9.484,45.73879,0.0 9.48414,45.73893,0.0 9.48402,45.73912,0.0 9.4839,45.73929,0.0 9.48379,45.73944,0.0 9.48367,45.73961,0.0 9.48366,45.73963,0.0 9.48361,45.7398,0.0 9.48357,45.73993,0.0 9.48361,45.74026,0.0 9.48365,45.74043,0.0 9.4837,45.74061,0.0 9.48374,45.74079,0.0 9.48375,45.74081,0.0 9.48363,45.74106,0.0 9.4835,45.74121,0.0 9.48349,45.74123,0.0 9.48346,45.74125,0.0 9.4835,45.74126,0.0 9.48335,45.74146,0.0 9.48319,45.74165,0.0 9.48304,45.74185,0.0 9.4829,45.74205,0.0 9.48288,45.74208,0.0 9.48271,45.74227,0.0 9.48254,45.74245,0.0 9.48237,45.74264,0.0 9.4822,45.74284,0.0 9.48211,45.74295,0.0 9.48197,45.74313,0.0 9.48193,45.7432,0.0 9.48169,45.74334,0.0 9.48145,45.74349,0.0 9.48121,45.74363,0.0 9.4812,45.74365,0.0 9.48106,45.74371,0.0 9.4812,45.74377,0.0 9.48124,45.7438,0.0 9.48156,45.74377,0.0 9.48171,45.74386,0.0 9.48172,45.74408,0.0 9.48174,45.74431,0.0 9.48175,45.74446,0.0 9.48189,45.7448,0.0 9.4822,45.74483,0.0 9.48221,45.74484,0.0 9.48232,45.74485,0.0 9.48327,45.74498,0.0 9.48339,45.74518,0.0 9.48352,45.74539,0.0 9.48353,45.7454,0.0 9.48356,45.74604,0.0 9.4836,45.74626,0.0 9.48362,45.74633,0.0 9.48382,45.7465,0.0 9.48397,45.7466,0.0 9.48409,45.7467,0.0 9.48435,45.74679,0.0 9.48461,45.74692,0.0 9.48483,45.74703,0.0 9.485,45.74709,0.0 9.48517,45.74715,0.0 9.48548,45.74721,0.0 9.48573,45.74734,0.0 9.48578,45.74736,0.0 9.48584,45.74752,0.0 9.48586,45.74772,0.0 9.4859,45.74794,0.0 9.48591,45.74796,0.0 9.48603,45.74817,0.0 9.48608,45.74827,0.0 9.48616,45.74848,0.0 9.48622,45.7486,0.0 9.48617,45.74881,0.0 9.48594,45.74896,0.0 9.48571,45.74912,0.0 9.48565,45.74917,0.0 9.48535,45.74925,0.0 9.48506,45.74934,0.0 9.48476,45.74943,0.0 9.48474,45.74944,0.0 9.48447,45.74957,0.0 9.48421,45.7497,0.0 9.484,45.7498,0.0 9.48375,45.74995,0.0 9.48345,45.75004,0.0 9.48327,45.7501,0.0 9.4834,45.75029,0.0 9.48324,45.75048,0.0 9.48309,45.75068,0.0 9.48293,45.75087,0.0 9.48278,45.75106,0.0 9.48262,45.75127,0.0 9.48246,45.75146,0.0 9.48231,45.75165,0.0 9.48223,45.75177,0.0 9.48215,45.75195,0.0 9.48238,45.75211,0.0 9.48249,45.75219,0.0 9.48269,45.75236,0.0 9.48271,45.75237,0.0 9.48287,45.75256,0.0 9.48297,45.75267,0.0 9.48308,45.75288,0.0 9.48318,45.75309,0.0 9.48329,45.7533,0.0 9.48341,45.75351,0.0 9.48352,45.75372,0.0 9.48357,45.75382,0.0 9.48366,45.75403,0.0 9.48375,45.75425,0.0 9.48384,45.75446,0.0 9.48392,45.75464,0.0 9.48367,45.75478,0.0 9.48357,45.75484,0.0 9.48375,45.75502,0.0 9.48387,45.75514,0.0 9.48405,45.75533,0.0 9.48423,45.75551,0.0 9.48426,45.75554,0.0 9.48444,45.75572,0.0 9.48463,45.7559,0.0 9.48481,45.75608,0.0 9.485,45.75627,0.0 9.48513,45.75639,0.0 9.48522,45.7566,0.0 9.48531,45.75681,0.0 9.48539,45.75699,0.0 9.4855,45.75719,0.0 9.48563,45.7574,0.0 9.48576,45.7576,0.0 9.48587,45.75781,0.0 9.486,45.75802,0.0 9.48613,45.75822,0.0 9.48624,45.75843,0.0 9.48637,45.75864,0.0 9.48649,45.75885,0.0 9.48661,45.75905,0.0 9.48674,45.75926,0.0 9.48686,45.75946,0.0 9.48699,45.75955,0.0 9.48729,45.75962,0.0 9.4876,45.75968,0.0 9.48773,45.75971,0.0 9.48804,45.75968,0.0 9.48836,45.75966,0.0 9.48868,45.75964,0.0 9.489,45.75962,0.0 9.48924,45.75961,0.0 9.48951,45.75949,0.0 9.48971,45.7594,0.0 9.48993,45.75924,0.0 9.49015,45.75908,0.0 9.49037,45.75891,0.0 9.49041,45.75889,0.0 9.49067,45.75886,0.0 9.49094,45.75874,0.0 9.49102,45.75871,0.0 9.49127,45.75857,0.0 9.49136,45.75853,0.0 9.49165,45.75861,0.0 9.49194,45.7587,0.0 9.49218,45.75877,0.0 9.49248,45.75883,0.0 9.49262,45.75886,0.0 9.49274,45.7588,0.0 9.4927,45.75857,0.0 9.49265,45.75835,0.0 9.49277,45.7581,0.0 9.49289,45.75789,0.0 9.49292,45.75786,0.0 9.49319,45.75775,0.0 9.49347,45.75764,0.0 9.49375,45.75753,0.0 9.49403,45.75743,0.0 9.49417,45.75738,0.0 9.49421,45.75717,0.0 9.4943,45.75695,0.0 9.49439,45.75674,0.0 9.49443,45.75666,0.0 9.49463,45.75648,0.0 9.49465,45.75647,0.0 9.49483,45.75629,0.0 9.49499,45.75614,0.0 9.49516,45.75595,0.0 9.49533,45.75576,0.0 9.49551,45.75557,0.0 9.49568,45.75538,0.0 9.49585,45.75519,0.0 9.4959,45.75514,0.0 9.49618,45.75503,0.0 9.49646,45.75492,0.0 9.49668,45.75484,0.0 9.49684,45.75465,0.0 9.497,45.75445,0.0 9.49716,45.75426,0.0 9.49732,45.75406,0.0 9.49748,45.75388,0.0 9.49759,45.75376,0.0 9.49785,45.75363,0.0 9.49811,45.7535,0.0 9.49815,45.75349,0.0 9.49844,45.75339,0.0 9.49854,45.75337,0.0 9.49885,45.75333,0.0 9.49917,45.75329,0.0 9.49936,45.75327,0.0 9.49966,45.75319,0.0 9.49996,45.75311,0.0 9.50025,45.75303,0.0 9.50056,45.75295,0.0 9.50086,45.75287,0.0 9.50104,45.75282,0.0 9.50126,45.75276,0.0 9.50129,45.75253,0.0 9.50132,45.75231,0.0 9.50135,45.75219,0.0 9.50139,45.75196,0.0 9.5014,45.75195,0.0 9.50135,45.75172,0.0 9.50131,45.7515,0.0 9.50128,45.75128,0.0 9.50124,45.75106,0.0 9.50122,45.75095,0.0 9.50125,45.75073,0.0 9.50126,45.75071,0.0 9.50096,45.75061,0.0 9.50068,45.75051,0.0 9.50039,45.75041,0.0 9.5001,45.75032,0.0 9.49981,45.75022,0.0 9.49975,45.7502,0.0 9.49946,45.7503,0.0 9.49917,45.75041,0.0 9.4989,45.75051,0.0 9.49861,45.75061,0.0 9.49833,45.75071,0.0 9.49819,45.75077,0.0 9.49792,45.75088,0.0 9.49764,45.751,0.0 9.49737,45.75111,0.0 9.49709,45.75123,0.0 9.49681,45.75134,0.0 9.49654,45.75145,0.0 9.49626,45.75157,0.0 9.49599,45.75169,0.0 9.49595,45.75171,0.0 9.49562,45.75172,0.0 9.49551,45.75174,0.0 9.49523,45.75162,0.0 9.49489,45.75156,0.0 9.49482,45.75155,0.0 9.4945,45.75157,0.0 9.49417,45.75158,0.0 9.49386,45.7516,0.0 9.49354,45.75161,0.0 9.49353,45.75162,0.0 9.49327,45.75159,0.0 9.49322,45.75136,0.0 9.49291,45.75128,0.0 9.49262,45.75122,0.0 9.49235,45.75109,0.0 9.49218,45.75101,0.0 9.49193,45.75089,0.0 9.49205,45.75068,0.0 9.49218,45.7505,0.0 9.4923,45.75029,0.0 9.49236,45.75022,0.0 9.49218,45.75014,0.0 9.49215,45.75012,0.0</coordinates>
                </LineString>
            </Placemark>
            <Folder>
                <name>Marks [Km]</name>
                <visibility>false</visibility>
                <open>false</open>
                <Placemark>
                    <name>1. Km</name>
                    <visibility>false</visibility>
                    <Point>
                        <coordinates>9.4838006,45.738827,0</coordinates>
                    </Point>
                </Placemark>
                <Placemark>
                    <name>2. Km</name>
                    <visibility>false</visibility>
                    <Point>
                        <coordinates>9.4835412,45.7456377,0</coordinates>
                    </Point>
                </Placemark>
                <Placemark>
                    <name>3. Km</name>
                    <visibility>false</visibility>
                    <Point>
                        <coordinates>9.4825607,45.7522499,0</coordinates>
                    </Point>
                </Placemark>
                <Placemark>
                    <name>4. Km</name>
                    <visibility>false</visibility>
                    <Point>
                        <coordinates>9.4880409,45.7596799,0</coordinates>
                    </Point>
                </Placemark>
                <Placemark>
                    <name>5. Km</name>
                    <visibility>false</visibility>
                    <Point>
                        <coordinates>9.4967198,45.7547929,0</coordinates>
                    </Point>
                </Placemark>
                <Placemark>
                    <name>6. Km</name>
                    <visibility>false</visibility>
                    <Point>
                        <coordinates>9.4975267,45.751046,0</coordinates>
                    </Point>
                </Placemark>
            </Folder>
        </Folder>
        <Folder>
            <name>Track: ZZZE03ZZZ81</name>
            <Placemark>
                <styleUrl>#trackStyle</styleUrl>
                <LineString>
                    <coordinates>9.492217,45.750067,0.0 9.49217,45.75013,0.0 9.4919,45.75,0.0 9.49175,45.74992,0.0 9.49154,45.75009,0.0 9.49133,45.75026,0.0 9.49127,45.75032,0.0 9.49103,45.75017,0.0 9.49097,45.75014,0.0 9.49065,45.75016,0.0 9.49045,45.75017,0.0 9.49015,45.75026,0.0 9.48986,45.75034,0.0 9.48957,45.75044,0.0 9.48927,45.75053,0.0 9.48899,45.75062,0.0 9.4889,45.75065,0.0 9.48865,45.7508,0.0 9.48846,45.75092,0.0 9.48823,45.75108,0.0 9.488,45.75123,0.0 9.4879,45.75132,0.0 9.48782,45.75128,0.0 9.48793,45.75107,0.0 9.48805,45.75086,0.0 9.48817,45.75066,0.0 9.48829,45.75045,0.0 9.48841,45.75024,0.0 9.48853,45.75004,0.0 9.48854,45.75002,0.0 9.48865,45.7498,0.0 9.48877,45.7496,0.0 9.48889,45.74939,0.0 9.4889,45.74938,0.0 9.48873,45.74936,0.0 9.48872,45.74938,0.0 9.48857,45.74958,0.0 9.48843,45.74978,0.0 9.48828,45.74998,0.0 9.48813,45.75017,0.0 9.48799,45.75037,0.0 9.48784,45.75058,0.0 9.48773,45.75074,0.0 9.4876,45.75071,0.0 9.4877,45.75049,0.0 9.48781,45.75028,0.0 9.48791,45.75007,0.0 9.48802,45.74986,0.0 9.48808,45.74977,0.0 9.48812,45.74955,0.0 9.48818,45.74933,0.0 9.48823,45.74911,0.0 9.48828,45.74889,0.0 9.48829,45.74887,0.0 9.48842,45.74875,0.0 9.48837,45.74863,0.0 9.48818,45.74881,0.0 9.488,45.74899,0.0 9.48782,45.74918,0.0 9.48764,45.74936,0.0 9.48747,45.74953,0.0 9.48718,45.74963,0.0 9.48703,45.74968,0.0 9.48686,45.74972,0.0 9.48658,45.7496,0.0 9.48631,45.74948,0.0 9.48622,45.74944,0.0 9.48613,45.74932,0.0 9.48583,45.74923,0.0 9.48574,45.7492,0.0 9.48597,45.74905,0.0 9.48617,45.74893,0.0 9.48625,45.74871,0.0 9.4863,45.7486,0.0 9.48617,45.74839,0.0 9.48605,45.74818,0.0 9.48604,45.74815,0.0 9.48595,45.74796,0.0 9.48591,45.74774,0.0 9.48582,45.74747,0.0 9.48578,45.74736,0.0 9.48552,45.74722,0.0 9.48548,45.74721,0.0 9.48517,45.74715,0.0 9.485,45.74709,0.0 9.48483,45.74703,0.0 9.48457,45.74689,0.0 9.48435,45.74679,0.0 9.48409,45.7467,0.0 9.48397,45.7466,0.0 9.48375,45.74643,0.0 9.48362,45.74633,0.0 9.48357,45.74611,0.0 9.48354,45.74589,0.0 9.48353,45.74582,0.0 9.4834,45.74519,0.0 9.48327,45.74498,0.0 9.48306,45.74485,0.0 9.48202,45.74481,0.0</coordinates>
                </LineString>
            </Placemark>
            <Folder>
                <name>Marks [Km]</name>
                <visibility>false</visibility>
                <open>false</open>
                <Placemark>
                    <name>1. Km</name>
                    <visibility>false</visibility>
                    <Point>
                        <coordinates>9.4881582,45.7494102,0</coordinates>
                    </Point>
                </Placemark>
                <Placemark>
                    <name>2. Km</name>
                    <visibility>false</visibility>
                    <Point>
                        <coordinates>9.4828311,45.7448412,0</coordinates>
                    </Point>
                </Placemark>
            </Folder>
        </Folder>
        <Folder>
            <name>Track: ZZZE03ZZZ91</name>
            <Placemark>
                <styleUrl>#trackStyle</styleUrl>
                <LineString>
                    <coordinates>9.482233,45.744783,0.0 9.48221,45.74484,0.0 9.48232,45.74485,0.0 9.48327,45.74498,0.0 9.48339,45.74518,0.0 9.48352,45.74539,0.0 9.48353,45.7454,0.0 9.48356,45.74604,0.0 9.4836,45.74626,0.0 9.48362,45.74633,0.0 9.48382,45.7465,0.0 9.48397,45.7466,0.0 9.48409,45.7467,0.0 9.48435,45.74679,0.0 9.48461,45.74692,0.0 9.48483,45.74703,0.0 9.485,45.74709,0.0 9.48517,45.74715,0.0 9.48548,45.74721,0.0 9.48573,45.74734,0.0 9.48578,45.74736,0.0 9.48584,45.74752,0.0 9.48591,45.74769,0.0 9.48595,45.74791,0.0 9.48604,45.74815,0.0 9.48615,45.74835,0.0 9.48627,45.74856,0.0 9.4863,45.7486,0.0 9.48621,45.74881,0.0 9.48617,45.74893,0.0 9.48593,45.74908,0.0 9.48574,45.7492,0.0 9.48545,45.7493,0.0 9.48517,45.74941,0.0 9.48488,45.74951,0.0 9.48461,45.74962,0.0 9.48432,45.74973,0.0 9.48405,45.74983,0.0 9.48377,45.74994,0.0 9.48375,45.74995,0.0 9.48387,45.75016,0.0 9.48388,45.75017,0.0 9.48729,45.75,0.0 9.48752,45.74984,0.0 9.48774,45.74968,0.0 9.48794,45.74953,0.0 9.488,45.74931,0.0 9.48808,45.74909,0.0 9.48811,45.74899,0.0 9.48829,45.74887,0.0 9.48842,45.74875,0.0 9.48844,45.74897,0.0 9.48845,45.74919,0.0 9.48846,45.7492,0.0 9.48866,45.74903,0.0 9.48881,45.7489,0.0 9.48888,45.74911,0.0 9.4889,45.74917,0.0 9.48878,45.74959,0.0 9.48866,45.7498,0.0 9.48854,45.75,0.0 9.48842,45.75022,0.0 9.4883,45.75043,0.0 9.48818,45.75064,0.0 9.48806,45.75085,0.0 9.48794,45.75105,0.0 9.48782,45.75126,0.0 9.4879,45.75132,0.0 9.48812,45.75115,0.0 9.48835,45.751,0.0 9.48846,45.75092,0.0 9.4887,45.75077,0.0 9.4889,45.75065,0.0 9.48918,45.75056,0.0 9.48948,45.75047,0.0 9.48977,45.75037,0.0 9.49006,45.75029,0.0 9.49035,45.75019,0.0 9.49045,45.75017,0.0 9.49077,45.75014,0.0 9.49122,45.74999,0.0 9.49146,45.74984,0.0 9.4917,45.7497,0.0 9.49194,45.74955,0.0 9.49218,45.74941,0.0 9.49239,45.74929,0.0 9.49244,45.74923,0.0 9.49274,45.74917,0.0 9.49292,45.74914,0.0 9.49278,45.74958,0.0 9.49265,45.74978,0.0 9.49251,45.74999,0.0 9.49238,45.75019,0.0 9.49236,45.75022,0.0 9.49218,45.75014,0.0 9.49215,45.75012,0.0 9.49218,45.75014,0.0 9.49236,45.75022,0.0 9.49222,45.75042,0.0 9.49218,45.7505,0.0 9.49204,45.7507,0.0 9.49193,45.75089,0.0 9.49218,45.75101,0.0 9.49244,45.75113,0.0 9.49262,45.75122,0.0 9.49292,45.75128,0.0 9.49322,45.75134,0.0 9.49326,45.75156,0.0 9.49327,45.75159,0.0 9.49353,45.75162,0.0 9.49384,45.7516,0.0 9.49417,45.75159,0.0 9.49448,45.75157,0.0 9.4948,45.75155,0.0 9.49513,45.7516,0.0 9.49521,45.75162,0.0 9.49549,45.75172,0.0 9.49551,45.75174,0.0 9.49583,45.75171,0.0 9.49622,45.75159,0.0 9.49649,45.75147,0.0 9.49676,45.75136,0.0 9.49704,45.75124,0.0 9.49732,45.75113,0.0 9.49759,45.75101,0.0 9.49787,45.7509,0.0 9.49814,45.75078,0.0 9.49819,45.75077,0.0 9.49847,45.75066,0.0 9.49876,45.75056,0.0 9.49904,45.75046,0.0 9.49933,45.75035,0.0 9.49961,45.75025,0.0 9.49975,45.7502,0.0 9.50004,45.75029,0.0 9.50033,45.75039,0.0 9.50061,45.75049,0.0 9.5009,45.75058,0.0 9.50119,45.75068,0.0 9.50126,45.75071,0.0 9.50122,45.75093,0.0 9.50126,45.75117,0.0 9.5013,45.75139,0.0 9.50133,45.75162,0.0 9.50137,45.75184,0.0 9.5014,45.75195,0.0 9.50135,45.75217,0.0 9.50131,45.75241,0.0 9.50128,45.75263,0.0 9.50126,45.75276,0.0 9.50104,45.75282,0.0 9.50074,45.7529,0.0 9.50044,45.75298,0.0 9.50015,45.75306,0.0 9.49984,45.75314,0.0 9.49954,45.75322,0.0 9.49936,45.75327,0.0 9.49904,45.75331,0.0 9.49872,45.75334,0.0 9.49854,45.75337,0.0 9.49824,45.75346,0.0 9.49815,45.75349,0.0 9.49788,45.75361,0.0 9.49762,45.75374,0.0 9.49759,45.75376,0.0 9.49743,45.75395,0.0 9.49727,45.75414,0.0 9.49711,45.75433,0.0 9.49694,45.75453,0.0 9.49678,45.75472,0.0 9.49668,45.75484,0.0 9.4964,45.75495,0.0 9.49612,45.75506,0.0 9.4959,45.75514,0.0 9.49572,45.75533,0.0 9.49555,45.75552,0.0 9.49538,45.75571,0.0 9.49521,45.7559,0.0 9.49504,45.75608,0.0 9.49499,45.75614,0.0 9.4948,45.75632,0.0 9.49465,45.75647,0.0 9.49444,45.75664,0.0 9.49443,45.75666,0.0 9.49434,45.75687,0.0 9.49425,45.75708,0.0 9.49421,45.75717,0.0 9.49417,45.75738,0.0 9.49389,45.75748,0.0 9.49361,45.75759,0.0 9.49333,45.7577,0.0 9.49305,45.7578,0.0 9.49292,45.75786,0.0 9.49279,45.75807,0.0 9.49267,45.75827,0.0 9.49265,45.75831,0.0 9.49269,45.75853,0.0 9.49274,45.75875,0.0 9.49262,45.75886,0.0 9.4923,45.7588,0.0 9.49218,45.75877,0.0 9.49188,45.75868,0.0 9.49158,45.75859,0.0 9.49136,45.75853,0.0 9.4911,45.75866,0.0 9.49102,45.75871,0.0 9.49074,45.75882,0.0 9.49067,45.75886,0.0 9.49041,45.75889,0.0 9.49018,45.75905,0.0 9.48997,45.75921,0.0 9.48974,45.75937,0.0 9.48971,45.7594,0.0 9.48943,45.75952,0.0 9.48924,45.75961,0.0 9.48891,45.75963,0.0 9.48859,45.75965,0.0 9.48827,45.75967,0.0 9.48795,45.75969,0.0 9.48773,45.75971,0.0 9.48741,45.75964,0.0 9.48711,45.75957,0.0 9.48699,45.75955,0.0 9.48686,45.75946,0.0 9.48674,45.75925,0.0 9.48661,45.75905,0.0 9.48648,45.75884,0.0 9.48637,45.75863,0.0 9.48624,45.75843,0.0 9.48612,45.75822,0.0 9.486,45.75801,0.0 9.48587,45.7578,0.0 9.48575,45.7576,0.0 9.48563,45.75739,0.0 9.4855,45.75718,0.0 9.48539,45.75699,0.0 9.48529,45.75677,0.0 9.4852,45.75656,0.0 9.48513,45.75639,0.0 9.48494,45.7562,0.0 9.48475,45.75602,0.0 9.48457,45.75583,0.0 9.48438,45.75565,0.0 9.48426,45.75554,0.0 9.48407,45.75535,0.0 9.48389,45.75517,0.0 9.48372,45.75499,0.0 9.48357,45.75484,0.0 9.48368,45.75477,0.0 9.48392,45.75464,0.0 9.48382,45.75442,0.0 9.48373,45.7542,0.0 9.48364,45.75399,0.0 9.48357,45.75382,0.0 9.48345,45.75361,0.0 9.48335,45.7534,0.0 9.48324,45.75319,0.0 9.48312,45.75298,0.0 9.48301,45.75277,0.0 9.48297,45.75267,0.0 9.4828,45.75248,0.0 9.48271,45.75237,0.0 9.4825,45.75219,0.0 9.48226,45.75203,0.0 9.48215,45.75195,0.0 9.48223,45.75177,0.0 9.48238,45.75157,0.0 9.48254,45.75137,0.0 9.48269,45.75118,0.0 9.48284,45.75098,0.0 9.483,45.75078,0.0 9.48316,45.75059,0.0 9.48331,45.75039,0.0 9.4834,45.75029,0.0 9.48336,45.7501,0.0 9.48363,45.74999,0.0 9.48375,45.74995,0.0 9.48402,45.74984,0.0 9.48405,45.74983,0.0 9.48433,45.74973,0.0 9.48461,45.74962,0.0 9.48489,45.74951,0.0 9.48517,45.74941,0.0 9.48546,45.7493,0.0 9.48574,45.7492,0.0 9.48597,45.74905,0.0 9.48617,45.74893,0.0 9.48625,45.74871,0.0 9.4863,45.7486,0.0 9.48617,45.74839,0.0 9.48605,45.74818,0.0 9.48604,45.74815,0.0 9.48595,45.74796,0.0 9.48591,45.74774,0.0 9.48582,45.74747,0.0 9.48578,45.74736,0.0 9.48552,45.74722,0.0 9.48548,45.74721,0.0 9.48517,45.74715,0.0 9.485,45.74709,0.0 9.48483,45.74703,0.0 9.48457,45.74689,0.0 9.48435,45.74679,0.0 9.48409,45.7467,0.0 9.48397,45.7466,0.0 9.48375,45.74643,0.0 9.48362,45.74633,0.0 9.48357,45.74611,0.0 9.48354,45.74589,0.0 9.48353,45.74582,0.0 9.4834,45.74519,0.0 9.48327,45.74498,0.0 9.48306,45.74485,0.0 9.48202,45.74481,0.0 9.48189,45.7448,0.0 9.48175,45.74461,0.0 9.48174,45.74424,0.0 9.48172,45.74401,0.0 9.48171,45.74386,0.0 9.48163,45.74377,0.0 9.4813,45.74379,0.0 9.48124,45.7438,0.0 9.4812,45.74377,0.0 9.48106,45.74371,0.0 9.4812,45.74365,0.0 9.48143,45.7435,0.0 9.48167,45.74335,0.0 9.48192,45.7432,0.0 9.48197,45.74313,0.0 9.48211,45.74295,0.0 9.48227,45.74276,0.0 9.48244,45.74257,0.0 9.48261,45.74238,0.0 9.48278,45.74218,0.0 9.48288,45.74208,0.0 9.48302,45.74188,0.0 9.48318,45.74168,0.0 9.48333,45.74148,0.0 9.48345,45.74132,0.0 9.48353,45.74123,0.0 9.48365,45.74102,0.0 9.48375,45.74087,0.0 9.48371,45.74058,0.0 9.48366,45.74036,0.0 9.48362,45.74014,0.0 9.48367,45.73989,0.0 9.48373,45.73967,0.0 9.48379,45.73951,0.0 9.48394,45.73932,0.0 9.4841,45.73912,0.0 9.48418,45.73903,0.0 9.48402,45.73885,0.0 9.48397,45.73879,0.0 9.48365,45.73885,0.0 9.48335,45.73891,0.0 9.48304,45.73898,0.0 9.48273,45.73905,0.0 9.48271,45.73906,0.0 9.48254,45.73918,0.0 9.48236,45.73936,0.0 9.48219,45.73954,0.0 9.48189,45.73964,0.0 9.4816,45.73973,0.0 9.48131,45.73983,0.0 9.4812,45.73988,0.0 9.48111,45.73991,0.0 9.48103,45.73993,0.0 9.4808,45.73988,0.0 9.48072,45.73981,0.0 9.48068,45.73972,0.0 9.48082,45.73952,0.0 9.48097,45.73933,0.0 9.48103,45.73927,0.0 9.48118,45.73907,0.0 9.4812,45.73906,0.0 9.48132,45.73891,0.0 9.4812,45.73881,0.0 9.48115,45.73876,0.0 9.48089,45.73889,0.0 9.48063,45.73902,0.0 9.48039,45.73917,0.0 9.48015,45.73932,0.0 9.47994,45.73942,0.0 9.47986,45.73945,0.0 9.4796,45.73948,0.0 9.47938,45.73951,0.0 9.47898,45.73957,0.0 9.47867,45.73962,0.0 9.47864,45.73963,0.0 9.47854,45.73964,0.0 9.47834,45.73966,0.0 9.47802,45.73971,0.0 9.47771,45.73976,0.0 9.47739,45.7398,0.0 9.47735,45.73981,0.0 9.47726,45.73984,0.0 9.47695,45.73988,0.0 9.47664,45.73991,0.0 9.47632,45.73996,0.0 9.47622,45.73999,0.0 9.47591,45.74005,0.0 9.47575,45.74008,0.0 9.47558,45.74011,0.0 9.47525,45.74014,0.0 9.47492,45.74018,0.0 9.47476,45.73998,0.0 9.47464,45.73984,0.0</coordinates>
                </LineString>
            </Placemark>
            <Folder>
                <name>Marks [Km]</name>
                <visibility>false</visibility>
                <open>false</open>
                <Placemark>
                    <name>1. Km</name>
                    <visibility>false</visibility>
                    <Point>
                        <coordinates>9.4853972,45.7500946,0</coordinates>
                    </Point>
                </Placemark>
                <Placemark>
                    <name>2. Km</name>
                    <visibility>false</visibility>
                    <Point>
                        <coordinates>9.491187,45.7500015,0</coordinates>
                    </Point>
                </Placemark>
                <Placemark>
                    <name>3. Km</name>
                    <visibility>false</visibility>
                    <Point>
                        <coordinates>9.4984488,45.7506687,0</coordinates>
                    </Point>
                </Placemark>
                <Placemark>
                    <name>4. Km</name>
                    <visibility>false</visibility>
                    <Point>
                        <coordinates>9.4958425,45.7552005,0</coordinates>
                    </Point>
                </Placemark>
                <Placemark>
                    <name>5. Km</name>
                    <visibility>false</visibility>
                    <Point>
                        <coordinates>9.4869899,45.75955,0</coordinates>
                    </Point>
                </Placemark>
                <Placemark>
                    <name>6. Km</name>
                    <visibility>false</visibility>
                    <Point>
                        <coordinates>9.4823345,45.7516311,0</coordinates>
                    </Point>
                </Placemark>
                <Placemark>
                    <name>7. Km</name>
                    <visibility>false</visibility>
                    <Point>
                        <coordinates>9.4831754,45.7449217,0</coordinates>
                    </Point>
                </Placemark>
                <Placemark>
                    <name>8. Km</name>
                    <visibility>false</visibility>
                    <Point>
                        <coordinates>9.4827369,45.7390482,0</coordinates>
                    </Point>
                </Placemark>
            </Folder>
        </Folder>
        <Folder>
            <name>Track: ZZZE03ZZZ92</name>
            <Placemark>
                <styleUrl>#trackStyle</styleUrl>
                <LineString>
                    <coordinates>9.40462,45.72814,0.0 9.40475,45.72816,0.0 9.4049,45.72819,0.0 9.40511,45.72802,0.0 9.40529,45.72789,0.0 9.40538,45.72783,0.0 9.40569,45.72785,0.0 9.406,45.72788,0.0 9.40607,45.72789,0.0 9.40612,45.72766,0.0 9.40615,45.72758,0.0 9.40629,45.72738,0.0 9.40645,45.72719,0.0 9.4065,45.72713,0.0 9.40649,45.72695,0.0 9.40654,45.72672,0.0 9.40658,45.7265,0.0 9.40663,45.72628,0.0 9.4063,45.72626,0.0 9.40604,45.72611,0.0 9.4058,45.72596,0.0 9.40559,45.72583,0.0 9.40584,45.72569,0.0 9.4061,45.72556,0.0 9.40636,45.72542,0.0 9.40662,45.72529,0.0 9.40691,45.7252,0.0 9.40723,45.72511,0.0 9.40736,45.72508,0.0 9.40767,45.72502,0.0 9.40806,45.72501,0.0 9.40839,45.725,0.0 9.40935,45.72499,0.0 9.41016,45.725,0.0 9.41039,45.72502,0.0 9.41122,45.72503,0.0 9.41154,45.72504,0.0 9.41169,45.72505,0.0 9.41304,45.72503,0.0 9.41333,45.72502,0.0 9.41365,45.725,0.0 9.41397,45.72499,0.0 9.41429,45.72497,0.0 9.41468,45.72496,0.0 9.4154,45.72493,0.0 9.41571,45.72488,0.0 9.4158,45.72487,0.0 9.41592,45.72481,0.0 9.41601,45.72484,0.0 9.41597,45.72496,0.0 9.41584,45.72517,0.0 9.41576,45.72538,0.0 9.41568,45.7256,0.0 9.4156,45.72581,0.0 9.41552,45.72603,0.0 9.41549,45.72613,0.0 9.41553,45.72684,0.0 9.41554,45.72689,0.0 9.4156,45.72711,0.0 9.41566,45.72733,0.0 9.41573,45.72755,0.0 9.41575,45.72762,0.0 9.41587,45.72782,0.0 9.416,45.72802,0.0 9.41606,45.72813,0.0 9.41624,45.72831,0.0 9.4164,45.72846,0.0 9.4166,45.72863,0.0 9.41675,45.72876,0.0 9.41699,45.72891,0.0 9.41723,45.72905,0.0 9.41744,45.72919,0.0 9.41752,45.72925,0.0 9.4177,45.7294,0.0 9.41787,45.72959,0.0 9.41804,45.72978,0.0 9.41821,45.72996,0.0 9.41822,45.72997,0.0 9.41835,45.73009,0.0 9.41851,45.73028,0.0 9.41852,45.7303,0.0 9.41871,45.73048,0.0 9.4189,45.73066,0.0 9.41904,45.73079,0.0 9.41922,45.73096,0.0 9.41926,45.731,0.0 9.41942,45.73119,0.0 9.41959,45.73138,0.0 9.4196,45.73139,0.0 9.41974,45.73159,0.0 9.41987,45.73179,0.0 9.41991,45.73184,0.0 9.41987,45.73206,0.0 9.41986,45.73214,0.0 9.41977,45.73227,0.0 9.41953,45.73241,0.0 9.41934,45.73254,0.0 9.41904,45.73261,0.0 9.419,45.73263,0.0 9.41868,45.73266,0.0 9.41836,45.7327,0.0 9.41805,45.73274,0.0 9.41783,45.73278,0.0 9.41757,45.73291,0.0 9.41732,45.73305,0.0 9.41722,45.73317,0.0 9.41714,45.73338,0.0 9.41709,45.73354,0.0 9.41715,45.73376,0.0 9.4172,45.73397,0.0 9.41722,45.73402,0.0 9.41743,45.73419,0.0 9.41744,45.7342,0.0 9.41765,45.73437,0.0 9.41786,45.73454,0.0 9.41796,45.73462,0.0 9.41805,45.73468,0.0 9.41831,45.73462,0.0 9.41848,45.73474,0.0 9.41835,45.73492,0.0 9.41839,45.73507,0.0 9.41858,45.73525,0.0 9.41878,45.73542,0.0 9.41894,45.73563,0.0 9.41908,45.7358,0.0 9.41922,45.73599,0.0 9.41926,45.73604,0.0 9.4194,45.73623,0.0 9.41956,45.73643,0.0 9.41969,45.73658,0.0 9.41981,45.73678,0.0 9.41982,45.73679,0.0 9.41991,45.73686,0.0 9.41999,45.73694,0.0 9.42013,45.73714,0.0 9.42028,45.73734,0.0 9.42042,45.73754,0.0 9.42056,45.73774,0.0 9.42071,45.73794,0.0 9.42077,45.73803,0.0 9.42094,45.73821,0.0 9.42108,45.73841,0.0 9.42111,45.73846,0.0 9.42128,45.73864,0.0 9.42129,45.73866,0.0 9.42145,45.73886,0.0 9.42151,45.73894,0.0 9.42165,45.73913,0.0 9.42181,45.73933,0.0 9.42196,45.73952,0.0 9.42211,45.73972,0.0 9.42224,45.73988,0.0 9.42239,45.74007,0.0 9.42254,45.74026,0.0 9.42271,45.74046,0.0 9.42286,45.74065,0.0 9.42289,45.74069,0.0 9.423,45.74048,0.0 9.42305,45.74041,0.0 9.42306,45.74038,0.0 9.42321,45.74018,0.0 9.42336,45.73998,0.0 9.42341,45.73993,0.0 9.42357,45.73974,0.0 9.42374,45.73955,0.0 9.42391,45.73936,0.0 9.42405,45.73921,0.0 9.42424,45.73903,0.0 9.42444,45.73885,0.0 9.42464,45.73868,0.0 9.42484,45.7385,0.0 9.42503,45.73832,0.0 9.42523,45.73815,0.0 9.42527,45.73812,0.0 9.42548,45.73797,0.0 9.42577,45.73788,0.0 9.42607,45.73778,0.0 9.42627,45.73773,0.0 9.4266,45.73765,0.0 9.4269,45.73758,0.0 9.42721,45.73751,0.0 9.42752,45.73744,0.0 9.42782,45.73737,0.0 9.42795,45.73735,0.0 9.42825,45.73728,0.0 9.42856,45.73721,0.0 9.42851,45.73686,0.0 9.42842,45.73664,0.0 9.42833,45.73642,0.0 9.42825,45.73622,0.0 9.42816,45.7361,0.0 9.42804,45.7359,0.0 9.42784,45.73571,0.0 9.42764,45.73553,0.0 9.42745,45.73535,0.0 9.42735,45.73526,0.0 9.42717,45.73507,0.0 9.42699,45.73488,0.0 9.42687,45.73474,0.0 9.42692,45.73467,0.0 9.42699,45.73459,0.0 9.42682,45.73453,0.0 9.42691,45.73441,0.0 9.42708,45.7345,0.0 9.42726,45.73447,0.0 9.42757,45.73443,0.0 9.42789,45.7344,0.0 9.4282,45.73437,0.0 9.42852,45.73434,0.0 9.42884,45.73431,0.0 9.42915,45.73427,0.0 9.42947,45.73424,0.0 9.42964,45.73423,0.0 9.42994,45.73428,0.0 9.43025,45.73434,0.0 9.43057,45.7344,0.0 9.43087,45.73445,0.0 9.43119,45.73451,0.0 9.43128,45.73453,0.0 9.43141,45.73456,0.0 9.43169,45.73466,0.0 9.43198,45.73476,0.0 9.4321,45.7348,0.0 9.43238,45.7349,0.0 9.43267,45.735,0.0 9.43271,45.73501,0.0 9.43297,45.7351,0.0 9.43306,45.73514,0.0 9.43332,45.73522,0.0 9.4336,45.73533,0.0 9.43387,45.73544,0.0 9.43415,45.73553,0.0 9.43431,45.73559,0.0 9.43457,45.73571,0.0 9.43484,45.73583,0.0 9.4351,45.73596,0.0 9.43513,45.73598,0.0 9.43532,45.73615,0.0 9.43552,45.73633,0.0 9.43572,45.7365,0.0 9.43591,45.73669,0.0 9.436,45.73676,0.0 9.43604,45.73686,0.0 9.43612,45.73694,0.0 9.43621,45.73716,0.0 9.43629,45.73737,0.0 9.43638,45.73758,0.0 9.43647,45.73779,0.0 9.43658,45.738,0.0 9.43664,45.73812,0.0 9.43673,45.73831,0.0 9.43681,45.73852,0.0 9.43682,45.73854,0.0 9.43691,45.73875,0.0 9.43701,45.73896,0.0 9.43712,45.73918,0.0 9.4372,45.73939,0.0 9.43725,45.73951,0.0 9.43734,45.73969,0.0 9.43743,45.73991,0.0 9.43752,45.74012,0.0 9.4376,45.7403,0.0 9.43774,45.74049,0.0 9.43789,45.74068,0.0 9.43805,45.74089,0.0 9.43811,45.74096,0.0 9.4382,45.74108,0.0 9.43837,45.74127,0.0 9.43854,45.74146,0.0 9.43871,45.74164,0.0 9.4388,45.74175,0.0 9.43898,45.74193,0.0 9.43911,45.74211,0.0 9.43927,45.7423,0.0 9.43937,45.7424,0.0 9.43946,45.7425,0.0 9.43963,45.74268,0.0 9.43971,45.74277,0.0 9.43995,45.74291,0.0 9.44015,45.74301,0.0 9.44046,45.74308,0.0 9.44071,45.74313,0.0 9.44102,45.7432,0.0 9.44114,45.74323,0.0 9.44145,45.74328,0.0 9.44174,45.74335,0.0 9.44205,45.7434,0.0 9.44236,45.74345,0.0 9.44244,45.74347,0.0 9.44274,45.74352,0.0 9.44306,45.74357,0.0 9.44317,45.74358,0.0 9.44387,45.74345,0.0 9.44413,45.74333,0.0 9.4444,45.7432,0.0 9.44466,45.74308,0.0 9.44492,45.74294,0.0 9.44499,45.74292,0.0 9.44521,45.74275,0.0 9.44542,45.74259,0.0 9.44547,45.74256,0.0 9.44548,45.74234,0.0 9.44551,45.74213,0.0 9.44564,45.74196,0.0 9.4457,45.74174,0.0 9.44576,45.74152,0.0 9.44577,45.7415,0.0 9.44579,45.74133,0.0 9.44582,45.74123,0.0 9.4459,45.74093,0.0 9.446,45.74068,0.0 9.44603,45.74063,0.0 9.44615,45.74042,0.0 9.44628,45.74021,0.0 9.44638,45.74006,0.0 9.44654,45.73986,0.0 9.44668,45.73969,0.0 9.44691,45.73954,0.0 9.44698,45.73951,0.0 9.44728,45.73946,0.0 9.44742,45.73945,0.0 9.44772,45.73942,0.0 9.44803,45.73939,0.0 9.44824,45.73936,0.0 9.44855,45.73934,0.0 9.44888,45.73932,0.0 9.44919,45.7393,0.0 9.44955,45.73929,0.0 9.44987,45.73928,0.0 9.45018,45.73927,0.0 9.45058,45.73915,0.0 9.45075,45.73921,0.0 9.45066,45.73939,0.0 9.45079,45.73945,0.0 9.45087,45.73951,0.0 9.45108,45.73967,0.0 9.45118,45.73975,0.0 9.45138,45.73992,0.0 9.45141,45.73995,0.0 9.45161,45.74012,0.0 9.45182,45.74029,0.0 9.45183,45.7403,0.0 9.45202,45.74047,0.0 9.45222,45.74064,0.0 9.45242,45.74082,0.0 9.45247,45.74087,0.0 9.45274,45.74098,0.0 9.4529,45.74105,0.0 9.45322,45.74107,0.0 9.45353,45.74111,0.0 9.45464,45.74096,0.0 9.4552,45.74111,0.0 9.4555,45.74116,0.0 9.45563,45.74117,0.0 9.45594,45.74119,0.0 9.45626,45.74122,0.0 9.45637,45.74123,0.0 9.45668,45.74125,0.0 9.45684,45.74126,0.0 9.45733,45.74128,0.0 9.45754,45.74129,0.0 9.45785,45.74132,0.0 9.45819,45.74134,0.0 9.45852,45.74136,0.0 9.45883,45.74137,0.0 9.459,45.74138,0.0 9.45954,45.74139,0.0 9.45987,45.74141,0.0 9.46018,45.74142,0.0 9.4605,45.74143,0.0 9.46074,45.74144,0.0 9.46105,45.74141,0.0 9.46138,45.74133,0.0 9.46156,45.74129,0.0 9.46168,45.74126,0.0 9.46182,45.74123,0.0 9.46203,45.74114,0.0 9.46233,45.74107,0.0 9.4626,45.74102,0.0 9.46291,45.74099,0.0 9.46323,45.74096,0.0 9.4636,45.74101,0.0 9.46363,45.74102,0.0 9.46394,45.74107,0.0 9.46415,45.74111,0.0 9.46446,45.74106,0.0 9.46459,45.74105,0.0 9.46478,45.74087,0.0 9.46499,45.7407,0.0 9.46502,45.74069,0.0 9.46514,45.74054,0.0 9.46538,45.74039,0.0 9.46558,45.74026,0.0 9.46641,45.7403,0.0 9.46673,45.74034,0.0 9.46683,45.74036,0.0 9.46696,45.74038,0.0 9.46727,45.74043,0.0 9.4674,45.74045,0.0 9.46783,45.7405,0.0 9.468,45.74054,0.0 9.46822,45.74057,0.0 9.46853,45.7406,0.0 9.46885,45.74064,0.0 9.46916,45.74068,0.0 9.46948,45.74072,0.0 9.46969,45.74075,0.0 9.47,45.74077,0.0 9.47021,45.74078,0.0 9.47047,45.74081,0.0 9.47094,45.74072,0.0 9.47173,45.74069,0.0 9.47204,45.74066,0.0 9.47236,45.74063,0.0 9.47276,45.74072,0.0 9.47307,45.74077,0.0 9.47315,45.74078,0.0 9.47328,45.74075,0.0 9.47352,45.7406,0.0 9.47375,45.74045,0.0 9.47384,45.74041,0.0 9.47412,45.74031,0.0 9.47427,45.74026,0.0 9.47459,45.74023,0.0 9.47492,45.74018,0.0 9.4751,45.74015,0.0 9.47492,45.74018,0.0 9.47478,45.74002,0.0 9.47466,45.73986,0.0 9.47464,45.73984,0.0</coordinates>
                </LineString>
            </Placemark>
            <Folder>
                <name>Marks [Km]</name>
                <visibility>false</visibility>
                <open>false</open>
                <Placemark>
                    <name>1. Km</name>
                    <visibility>false</visibility>
                    <Point>
                        <coordinates>9.4127413,45.7250345,0</coordinates>
                    </Point>
                </Placemark>
                <Placemark>
                    <name>2. Km</name>
                    <visibility>false</visibility>
                    <Point>
                        <coordinates>9.4189271,45.730685,0</coordinates>
                    </Point>
                </Placemark>
                <Placemark>
                    <name>3. Km</name>
                    <visibility>false</visibility>
                    <Point>
                        <coordinates>9.4202916,45.7373565,0</coordinates>
                    </Point>
                </Placemark>
                <Placemark>
                    <name>4. Km</name>
                    <visibility>false</visibility>
                    <Point>
                        <coordinates>9.4280406,45.7373289,0</coordinates>
                    </Point>
                </Placemark>
                <Placemark>
                    <name>5. Km</name>
                    <visibility>false</visibility>
                    <Point>
                        <coordinates>9.4341304,45.7355234,0</coordinates>
                    </Point>
                </Placemark>
                <Placemark>
                    <name>6. Km</name>
                    <visibility>false</visibility>
                    <Point>
                        <coordinates>9.4403931,45.7430647,0</coordinates>
                    </Point>
                </Placemark>
                <Placemark>
                    <name>7. Km</name>
                    <visibility>false</visibility>
                    <Point>
                        <coordinates>9.4494221,45.7392936,0</coordinates>
                    </Point>
                </Placemark>
                <Placemark>
                    <name>8. Km</name>
                    <visibility>false</visibility>
                    <Point>
                        <coordinates>9.4607084,45.7414387,0</coordinates>
                    </Point>
                </Placemark>
                <Placemark>
                    <name>9. Km</name>
                    <visibility>false</visibility>
                    <Point>
                        <coordinates>9.4727691,45.7407215,0</coordinates>
                    </Point>
                </Placemark>
            </Folder>
        </Folder>
    </Document>
</kml>
