{
"type": "FeatureCollection",
"name": "proposed_stop_candidates",
"crs": { "type": "name", "properties": { "name": "urn:ogc:def:crs:OGC:1.3:CRS84" } },
"features": [
{ "type": "Feature", "properties": { "osm_way_id": "1288862511", "highway": "residential", "road_uncertainty_flags": "missing_lanes|missing_maxheight|missing_maxweight|missing_maxwidth|missing_width", "sample_index": 0, "x_utm32": 530674.72846949892, "y_utm32": 5061323.2520229928, "lon": 9.3940585695282639, "lat": 45.704783368317116, "discovery_evidence": "BUILDING_GAP8:20230101_000000::RLB-689fe906-ee51-480c-be10-49a955fed281::SEC=970580000016|BUILDING_GAP8:20230101_000000::RLB-7647cb7a-7a45-4d02-80ab-6d5c548c0f21::SEC=970580000016|BUILDING_GAP8:20230101_000000::RLB-d056f163-4efe-46ed-a1a1-3d393e759ebf::SEC=970580000016|BUILDING_GAP8:20230101_000000::RLB-f966c7bd-91ac-4f57-aa69-a84a48b9b5a5::SEC=970580000016", "discovery_seed_count": 4, "walk_graph_node_id": 14875, "walk_graph_connector_m": 5.8848680069598549, "walk_graph_connector_min": 0.073560850086998184, "walk_graph_snap_ok": true, "population_reachable_5min": 35.205686296595537, "population_additional_5min": 35.205686296595537, "existing_catchment_overlap_population_5min": 0.0, "existing_catchment_overlap_pct_5min": 0.0, "population_reachable_8min": 48.672079141192043, "population_additional_8min": 48.672079141192043, "existing_catchment_overlap_population_8min": 0.0, "existing_catchment_overlap_pct_8min": 0.0, "population_reachable_10min": 63.393940452489126, "population_additional_10min": 63.393940452489126, "existing_catchment_overlap_population_10min": 0.0, "existing_catchment_overlap_pct_10min": 0.0, "population_reachable_12min": 178.73427386182524, "population_additional_12min": 178.73427386182524, "existing_catchment_overlap_population_12min": 0.0, "existing_catchment_overlap_pct_12min": 0.0, "nearest_official_stop_walk_network_m": 3253.0279624793088, "nearest_official_stop_cluster_id": "EX_018", "nearby_official_routes": "D148", "nearby_official_route_count": 1, "settlement_coverage_10min_count": 0, "settlement_additional_10min_count": 0, "settlement_additional_10min_names": "", "destination_coverage_10min_count": 0, "destination_additional_10min_count": 0, "destination_additional_10min_names": "", "pruned_near_existing_stop": false, "pruned_no_access_gain": false, "candidate_id": "P2V2S_0001", "stop_type": "PROPOSED_STOP", "physical_status": "FIELD_CHECK_PENDING", "epistemic_status": "PROPOSED_STOP/FIELD_CHECK_PENDING", "road_eligibility_status": "DERIVED_GATE_D_BUS_ELIGIBLE", "candidate_status": "HYPOTHESIS_NOT_RECOMMENDATION", "population_spatial_model": "DASYMETRIC_BUILDING_SECTION_INTERSECTION_V2", "discovery_area_contract": "ANALYSIS_ENVELOPE_PLUS_INHERITED_150M_SITING_BUFFER", "potential_interchange_with_reference_gtfs": false, "interchange_evidence_status": "DERIVED_FROM_REFERENCE_PERIOD_GTFS_PROXIMITY_NOT_CURRENT_SERVICE_GUARANTEE", "discovery_sample_spacing_m_assumption": 150.0, "candidate_pruning_radius_m_assumption": 220.0, "source_gate_b_commit": "55d726564e13acca55ce563cc911263ac513acb0", "source_gate_d_commit": "7c220f7586d0f6e5cccd14a2d518be52eb1c4a55", "source_building_population_head": "29203ad64c3e32e6164ef6997933eb5c5ff2d5b1", "source_analysis_envelope_commit": "8a4608a60ecb367535814d965822e7502ae31eb9", "PRO_COM_T": "097058", "COMUNE": "Olgiate Molgora", "analysis_role": "UNSPECIFIED", "municipal_2021_resident_work_commuters_context": 2287.0, "municipal_2021_outbound_workers_context": 1961.0, "od_2021_context_status": "FACT_ISTAT_2021_WORK_COMMUTING_MUNICIPAL_ONLY_NOT_STOP_DEMAND" }, "geometry": { "type": "Point", "coordinates": [ 9.394058569528264, 45.704783368317116 ] } },
{ "type": "Feature", "properties": { "osm_way_id": "1384055503", "highway": "service", "road_uncertainty_flags": "missing_lanes|missing_maxheight|missing_maxweight|missing_maxwidth|missing_width", "sample_index": 0, "x_utm32": 530726.91129573749, "y_utm32": 5061600.7551822681, "lon": 9.3947464924918673, "lat": 45.707278747989527, "discovery_evidence": "BUILDING_GAP8:20230101_000000::RLB-4ed3cdeb-5518-4604-accf-dacc64444b17::SEC=970580000059|BUILDING_GAP8:20230101_000000::RLB-51cbd96b-c3b7-4da0-99ad-ad1fbaac192c::SEC=970580000059|BUILDING_GAP8:20230101_000000::RLB-a33333d3-5013-4e17-8fed-16a260ce05e0::SEC=970580000059|BUILDING_GAP8:20230101_000000::RLB-a714d7f2-8d84-465a-b64c-04df02aa8354::SEC=970580000059|BUILDING_GAP8:20230101_000000::RLB-be221cc0-5936-45d3-a4c0-8572f8b1283e::SEC=970580000059", "discovery_seed_count": 5, "walk_graph_node_id": 15103, "walk_graph_connector_m": 12.937140797921396, "walk_graph_connector_min": 0.16171425997401745, "walk_graph_snap_ok": true, "population_reachable_5min": 26.092518081172464, "population_additional_5min": 26.092518081172464, "existing_catchment_overlap_population_5min": 0.0, "existing_catchment_overlap_pct_5min": 0.0, "population_reachable_8min": 143.91002004423012, "population_additional_8min": 143.91002004423012, "existing_catchment_overlap_population_8min": 0.0, "existing_catchment_overlap_pct_8min": 0.0, "population_reachable_10min": 184.36800281812359, "population_additional_10min": 184.36800281812359, "existing_catchment_overlap_population_10min": 0.0, "existing_catchment_overlap_pct_10min": 0.0, "population_reachable_12min": 196.01227035393788, "population_additional_12min": 196.01227035393788, "existing_catchment_overlap_population_12min": 0.0, "existing_catchment_overlap_pct_12min": 0.0, "nearest_official_stop_walk_network_m": 3027.3924988616759, "nearest_official_stop_cluster_id": "EX_018", "nearby_official_routes": "D148", "nearby_official_route_count": 1, "settlement_coverage_10min_count": 1, "settlement_additional_10min_count": 1, "settlement_additional_10min_names": "Pianezzo", "destination_coverage_10min_count": 0, "destination_additional_10min_count": 0, "destination_additional_10min_names": "", "pruned_near_existing_stop": false, "pruned_no_access_gain": false, "candidate_id": "P2V2S_0002", "stop_type": "PROPOSED_STOP", "physical_status": "FIELD_CHECK_PENDING", "epistemic_status": "PROPOSED_STOP/FIELD_CHECK_PENDING", "road_eligibility_status": "DERIVED_GATE_D_BUS_ELIGIBLE", "candidate_status": "HYPOTHESIS_NOT_RECOMMENDATION", "population_spatial_model": "DASYMETRIC_BUILDING_SECTION_INTERSECTION_V2", "discovery_area_contract": "ANALYSIS_ENVELOPE_PLUS_INHERITED_150M_SITING_BUFFER", "potential_interchange_with_reference_gtfs": false, "interchange_evidence_status": "DERIVED_FROM_REFERENCE_PERIOD_GTFS_PROXIMITY_NOT_CURRENT_SERVICE_GUARANTEE", "discovery_sample_spacing_m_assumption": 150.0, "candidate_pruning_radius_m_assumption": 220.0, "source_gate_b_commit": "55d726564e13acca55ce563cc911263ac513acb0", "source_gate_d_commit": "7c220f7586d0f6e5cccd14a2d518be52eb1c4a55", "source_building_population_head": "29203ad64c3e32e6164ef6997933eb5c5ff2d5b1", "source_analysis_envelope_commit": "8a4608a60ecb367535814d965822e7502ae31eb9", "PRO_COM_T": "097058", "COMUNE": "Olgiate Molgora", "analysis_role": "UNSPECIFIED", "municipal_2021_resident_work_commuters_context": 2287.0, "municipal_2021_outbound_workers_context": 1961.0, "od_2021_context_status": "FACT_ISTAT_2021_WORK_COMMUTING_MUNICIPAL_ONLY_NOT_STOP_DEMAND" }, "geometry": { "type": "Point", "coordinates": [ 9.394746492491867, 45.707278747989527 ] } },
{ "type": "Feature", "properties": { "osm_way_id": "1430858467", "highway": "service", "road_uncertainty_flags": "missing_lanes|missing_maxheight|missing_maxweight|missing_maxwidth|missing_width", "sample_index": 0, "x_utm32": 530279.61822814867, "y_utm32": 5061696.3146738112, "lon": 9.3890062502780367, "lat": 45.708158550092818, "discovery_evidence": "BUILDING_GAP8:20230101_000000::RLB-2d4ad6bd-7bba-4b67-93fb-960e667a1fa1::SEC=970580000015|BUILDING_GAP8:20230101_000000::RLB-8674957a-8b41-4c31-ad7f-a7b2b766e44a::SEC=970580000015|BUILDING_GAP8:20230101_000000::RLB-a4fb97c7-61a6-43aa-b0d6-1253ea9b1095::SEC=970580000015", "discovery_seed_count": 3, "walk_graph_node_id": 13075, "walk_graph_connector_m": 15.956799455715796, "walk_graph_connector_min": 0.19945999319644744, "walk_graph_snap_ok": true, "population_reachable_5min": 21.189272340070929, "population_additional_5min": 21.189272340070929, "existing_catchment_overlap_population_5min": 0.0, "existing_catchment_overlap_pct_5min": 0.0, "population_reachable_8min": 27.234301023931906, "population_additional_8min": 27.234301023931906, "existing_catchment_overlap_population_8min": 0.0, "existing_catchment_overlap_pct_8min": 0.0, "population_reachable_10min": 31.623242582313004, "population_additional_10min": 31.623242582313004, "existing_catchment_overlap_population_10min": 0.0, "existing_catchment_overlap_pct_10min": 0.0, "population_reachable_12min": 133.30418000914455, "population_additional_12min": 133.30418000914455, "existing_catchment_overlap_population_12min": 0.0, "existing_catchment_overlap_pct_12min": 0.0, "nearest_official_stop_walk_network_m": 3292.1763684542811, "nearest_official_stop_cluster_id": "EX_018", "nearby_official_routes": "D148", "nearby_official_route_count": 1, "settlement_coverage_10min_count": 0, "settlement_additional_10min_count": 0, "settlement_additional_10min_names": "", "destination_coverage_10min_count": 0, "destination_additional_10min_count": 0, "destination_additional_10min_names": "", "pruned_near_existing_stop": false, "pruned_no_access_gain": false, "candidate_id": "P2V2S_0003", "stop_type": "PROPOSED_STOP", "physical_status": "FIELD_CHECK_PENDING", "epistemic_status": "PROPOSED_STOP/FIELD_CHECK_PENDING", "road_eligibility_status": "DERIVED_GATE_D_BUS_ELIGIBLE", "candidate_status": "HYPOTHESIS_NOT_RECOMMENDATION", "population_spatial_model": "DASYMETRIC_BUILDING_SECTION_INTERSECTION_V2", "discovery_area_contract": "ANALYSIS_ENVELOPE_PLUS_INHERITED_150M_SITING_BUFFER", "potential_interchange_with_reference_gtfs": false, "interchange_evidence_status": "DERIVED_FROM_REFERENCE_PERIOD_GTFS_PROXIMITY_NOT_CURRENT_SERVICE_GUARANTEE", "discovery_sample_spacing_m_assumption": 150.0, "candidate_pruning_radius_m_assumption": 220.0, "source_gate_b_commit": "55d726564e13acca55ce563cc911263ac513acb0", "source_gate_d_commit": "7c220f7586d0f6e5cccd14a2d518be52eb1c4a55", "source_building_population_head": "29203ad64c3e32e6164ef6997933eb5c5ff2d5b1", "source_analysis_envelope_commit": "8a4608a60ecb367535814d965822e7502ae31eb9", "PRO_COM_T": "097058", "COMUNE": "Olgiate Molgora", "analysis_role": "UNSPECIFIED", "municipal_2021_resident_work_commuters_context": 2287.0, "municipal_2021_outbound_workers_context": 1961.0, "od_2021_context_status": "FACT_ISTAT_2021_WORK_COMMUTING_MUNICIPAL_ONLY_NOT_STOP_DEMAND" }, "geometry": { "type": "Point", "coordinates": [ 9.389006250278037, 45.708158550092818 ] } },
{ "type": "Feature", "properties": { "osm_way_id": "142456482", "highway": "unclassified", "road_uncertainty_flags": "missing_maxheight|missing_maxweight|missing_maxwidth|missing_width", "sample_index": 0, "x_utm32": 528594.84892884351, "y_utm32": 5061773.2206915477, "lon": 9.3673667935984817, "lat": 45.708922397097503, "discovery_evidence": "SETTLEMENT_GAP8:OSM_POINT_13817530042", "discovery_seed_count": 1, "walk_graph_node_id": 5366, "walk_graph_connector_m": 190.91529704178942, "walk_graph_connector_min": 2.3864412130223678, "walk_graph_snap_ok": true, "population_reachable_5min": 0.0, "population_additional_5min": 0.0, "existing_catchment_overlap_population_5min": 0.0, "existing_catchment_overlap_pct_5min": 0.0, "population_reachable_8min": 0.0, "population_additional_8min": 0.0, "existing_catchment_overlap_population_8min": 0.0, "existing_catchment_overlap_pct_8min": 0.0, "population_reachable_10min": 0.0, "population_additional_10min": 0.0, "existing_catchment_overlap_population_10min": 0.0, "existing_catchment_overlap_pct_10min": 0.0, "population_reachable_12min": 0.0, "population_additional_12min": 0.0, "existing_catchment_overlap_population_12min": 0.0, "existing_catchment_overlap_pct_12min": 0.0, "nearest_official_stop_walk_network_m": 4155.4823632845009, "nearest_official_stop_cluster_id": "EX_026", "nearby_official_routes": "D184", "nearby_official_route_count": 1, "settlement_coverage_10min_count": 1, "settlement_additional_10min_count": 1, "settlement_additional_10min_names": "La Vigna", "destination_coverage_10min_count": 0, "destination_additional_10min_count": 0, "destination_additional_10min_names": "", "pruned_near_existing_stop": false, "pruned_no_access_gain": false, "candidate_id": "P2V2S_0004", "stop_type": "PROPOSED_STOP", "physical_status": "FIELD_CHECK_PENDING", "epistemic_status": "PROPOSED_STOP/FIELD_CHECK_PENDING", "road_eligibility_status": "DERIVED_GATE_D_BUS_ELIGIBLE", "candidate_status": "HYPOTHESIS_NOT_RECOMMENDATION", "population_spatial_model": "DASYMETRIC_BUILDING_SECTION_INTERSECTION_V2", "discovery_area_contract": "ANALYSIS_ENVELOPE_PLUS_INHERITED_150M_SITING_BUFFER", "potential_interchange_with_reference_gtfs": false, "interchange_evidence_status": "DERIVED_FROM_REFERENCE_PERIOD_GTFS_PROXIMITY_NOT_CURRENT_SERVICE_GUARANTEE", "discovery_sample_spacing_m_assumption": 150.0, "candidate_pruning_radius_m_assumption": 220.0, "source_gate_b_commit": "55d726564e13acca55ce563cc911263ac513acb0", "source_gate_d_commit": "7c220f7586d0f6e5cccd14a2d518be52eb1c4a55", "source_building_population_head": "29203ad64c3e32e6164ef6997933eb5c5ff2d5b1", "source_analysis_envelope_commit": "8a4608a60ecb367535814d965822e7502ae31eb9", "PRO_COM_T": "097053", "COMUNE": "Montevecchia", "analysis_role": "UNSPECIFIED", "municipal_2021_resident_work_commuters_context": null, "municipal_2021_outbound_workers_context": null, "od_2021_context_status": "FACT_ISTAT_2021_WORK_COMMUTING_MUNICIPAL_ONLY_NOT_STOP_DEMAND" }, "geometry": { "type": "Point", "coordinates": [ 9.367366793598482, 45.708922397097503 ] } },
{ "type": "Feature", "properties": { "osm_way_id": "40599303", "highway": "unclassified", "road_uncertainty_flags": "missing_lanes|missing_maxheight|missing_maxweight|missing_maxwidth|missing_width", "sample_index": 0, "x_utm32": 530545.18342341459, "y_utm32": 5061880.433541296, "lon": 9.3924295176256383, "lat": 45.709804061878536, "discovery_evidence": "BUILDING_GAP8:20230101_000000::RLB-c7ea7a1a-89a2-4482-bff7-d699cb5d720c::SEC=970580000014|BUILDING_GAP8:20230101_000000::RLB-f766f2c4-344b-4f7b-9330-96737ba85abb::SEC=970580000059", "discovery_seed_count": 2, "walk_graph_node_id": 14305, "walk_graph_connector_m": 9.9435455380062479, "walk_graph_connector_min": 0.1242943192250781, "walk_graph_snap_ok": true, "population_reachable_5min": 107.56477114700404, "population_additional_5min": 107.56477114700404, "existing_catchment_overlap_population_5min": 0.0, "existing_catchment_overlap_pct_5min": 0.0, "population_reachable_8min": 203.89217160067309, "population_additional_8min": 203.89217160067309, "existing_catchment_overlap_population_8min": 0.0, "existing_catchment_overlap_pct_8min": 0.0, "population_reachable_10min": 233.09188972286623, "population_additional_10min": 233.09188972286623, "existing_catchment_overlap_population_10min": 0.0, "existing_catchment_overlap_pct_10min": 0.0, "population_reachable_12min": 256.87851432312868, "population_additional_12min": 256.87851432312868, "existing_catchment_overlap_population_12min": 0.0, "existing_catchment_overlap_pct_12min": 0.0, "nearest_official_stop_walk_network_m": 2696.4793918652454, "nearest_official_stop_cluster_id": "EX_018", "nearby_official_routes": "D148", "nearby_official_route_count": 1, "settlement_coverage_10min_count": 3, "settlement_additional_10min_count": 3, "settlement_additional_10min_names": "Bagaggera|Molino Cattaneo|Pianezzo", "destination_coverage_10min_count": 0, "destination_additional_10min_count": 0, "destination_additional_10min_names": "", "pruned_near_existing_stop": false, "pruned_no_access_gain": false, "candidate_id": "P2V2S_0005", "stop_type": "PROPOSED_STOP", "physical_status": "FIELD_CHECK_PENDING", "epistemic_status": "PROPOSED_STOP/FIELD_CHECK_PENDING", "road_eligibility_status": "DERIVED_GATE_D_BUS_ELIGIBLE", "candidate_status": "HYPOTHESIS_NOT_RECOMMENDATION", "population_spatial_model": "DASYMETRIC_BUILDING_SECTION_INTERSECTION_V2", "discovery_area_contract": "ANALYSIS_ENVELOPE_PLUS_INHERITED_150M_SITING_BUFFER", "potential_interchange_with_reference_gtfs": false, "interchange_evidence_status": "DERIVED_FROM_REFERENCE_PERIOD_GTFS_PROXIMITY_NOT_CURRENT_SERVICE_GUARANTEE", "discovery_sample_spacing_m_assumption": 150.0, "candidate_pruning_radius_m_assumption": 220.0, "source_gate_b_commit": "55d726564e13acca55ce563cc911263ac513acb0", "source_gate_d_commit": "7c220f7586d0f6e5cccd14a2d518be52eb1c4a55", "source_building_population_head": "29203ad64c3e32e6164ef6997933eb5c5ff2d5b1", "source_analysis_envelope_commit": "8a4608a60ecb367535814d965822e7502ae31eb9", "PRO_COM_T": "097058", "COMUNE": "Olgiate Molgora", "analysis_role": "UNSPECIFIED", "municipal_2021_resident_work_commuters_context": 2287.0, "municipal_2021_outbound_workers_context": 1961.0, "od_2021_context_status": "FACT_ISTAT_2021_WORK_COMMUTING_MUNICIPAL_ONLY_NOT_STOP_DEMAND" }, "geometry": { "type": "Point", "coordinates": [ 9.392429517625638, 45.709804061878536 ] } },
{ "type": "Feature", "properties": { "osm_way_id": "353197644", "highway": "residential", "road_uncertainty_flags": "missing_lanes|missing_maxheight|missing_maxweight|missing_maxwidth|missing_width", "sample_index": 0, "x_utm32": 531759.47918673547, "y_utm32": 5061900.1102696275, "lon": 9.4080310903275777, "lat": 45.70992651404439, "discovery_evidence": "SETTLEMENT_GAP8:OSM_POINT_538606783", "discovery_seed_count": 1, "walk_graph_node_id": 18335, "walk_graph_connector_m": 151.04218094497918, "walk_graph_connector_min": 1.8880272618122398, "walk_graph_snap_ok": true, "population_reachable_5min": 0.0, "population_additional_5min": 0.0, "existing_catchment_overlap_population_5min": 0.0, "existing_catchment_overlap_pct_5min": 0.0, "population_reachable_8min": 0.0, "population_additional_8min": 0.0, "existing_catchment_overlap_population_8min": 0.0, "existing_catchment_overlap_pct_8min": 0.0, "population_reachable_10min": 0.60210260134703331, "population_additional_10min": 0.60210260134703331, "existing_catchment_overlap_population_10min": 0.0, "existing_catchment_overlap_pct_10min": 0.0, "population_reachable_12min": 9.0826288314636923, "population_additional_12min": 6.1335725961653207, "existing_catchment_overlap_population_12min": 2.9490562352983725, "existing_catchment_overlap_pct_12min": 32.469192455408567, "nearest_official_stop_walk_network_m": 1802.6333081434984, "nearest_official_stop_cluster_id": "EX_005", "nearby_official_routes": "D148|D150", "nearby_official_route_count": 2, "settlement_coverage_10min_count": 1, "settlement_additional_10min_count": 1, "settlement_additional_10min_names": "Cicognola", "destination_coverage_10min_count": 0, "destination_additional_10min_count": 0, "destination_additional_10min_names": "", "pruned_near_existing_stop": false, "pruned_no_access_gain": false, "candidate_id": "P2V2S_0006", "stop_type": "PROPOSED_STOP", "physical_status": "FIELD_CHECK_PENDING", "epistemic_status": "PROPOSED_STOP/FIELD_CHECK_PENDING", "road_eligibility_status": "DERIVED_GATE_D_BUS_ELIGIBLE", "candidate_status": "HYPOTHESIS_NOT_RECOMMENDATION", "population_spatial_model": "DASYMETRIC_BUILDING_SECTION_INTERSECTION_V2", "discovery_area_contract": "ANALYSIS_ENVELOPE_PLUS_INHERITED_150M_SITING_BUFFER", "potential_interchange_with_reference_gtfs": false, "interchange_evidence_status": "DERIVED_FROM_REFERENCE_PERIOD_GTFS_PROXIMITY_NOT_CURRENT_SERVICE_GUARANTEE", "discovery_sample_spacing_m_assumption": 150.0, "candidate_pruning_radius_m_assumption": 220.0, "source_gate_b_commit": "55d726564e13acca55ce563cc911263ac513acb0", "source_gate_d_commit": "7c220f7586d0f6e5cccd14a2d518be52eb1c4a55", "source_building_population_head": "29203ad64c3e32e6164ef6997933eb5c5ff2d5b1", "source_analysis_envelope_commit": "8a4608a60ecb367535814d965822e7502ae31eb9", "PRO_COM_T": "097048", "COMUNE": "Merate", "analysis_role": "UNSPECIFIED", "municipal_2021_resident_work_commuters_context": null, "municipal_2021_outbound_workers_context": null, "od_2021_context_status": "FACT_ISTAT_2021_WORK_COMMUTING_MUNICIPAL_ONLY_NOT_STOP_DEMAND" }, "geometry": { "type": "Point", "coordinates": [ 9.408031090327578, 45.70992651404439 ] } },
{ "type": "Feature", "properties": { "osm_way_id": "46733299", "highway": "unclassified", "road_uncertainty_flags": "missing_lanes|missing_maxheight|missing_maxweight|missing_maxwidth|missing_width", "sample_index": 0, "x_utm32": 530855.37581310084, "y_utm32": 5061949.1119099958, "lon": 9.3964189912099982, "lat": 45.710408449813499, "discovery_evidence": "BUILDING_GAP8:20230101_000000::RLB-24015b35-efdf-4021-a13c-fb8899d39c24::SEC=970580000014|BUILDING_GAP8:20230101_000000::RLB-26cf7949-2239-491d-b27f-491d64312b7e::SEC=970580000014|BUILDING_GAP8:20230101_000000::RLB-64aaf9af-b194-4327-a6db-c2a9e539323d::SEC=970580000014|BUILDING_GAP8:20230101_000000::RLB-7b8bc5df-8530-46c3-acb7-0ce4e9cb7052::SEC=970580000014|BUILDING_GAP8:20230101_000000::RLB-8d2d0bf3-2a06-438d-9b61-d4502ea5064d::SEC=970580000014|BUILDING_GAP8:20230101_000000::RLB-915c8664-1fe2-4fe7-a588-82575209d7f9::SEC=970580000014|BUILDING_GAP8:20230101_000000::RLB-9dfb60b7-fc8e-42ec-a6b6-0529faa7d47b::SEC=970580000014|BUILDING_GAP8:20230101_000000::RLB-c6ec6e34-1923-47dc-b0ae-dfc3e1898568::SEC=970580000014|BUILDING_GAP8:20230101_000000::RLB-c6ec6e34-1923-47dc-b0ae-dfc3e1898568::SEC=970580000059|BUILDING_GAP8:20230101_000000::RLB-cbf75009-d4ae-43ce-821c-ab49d00e1dca::SEC=970580000014|BUILDING_GAP8:20230101_000000::RLB-ce4242b3-54eb-4aee-8262-52c36e60ade1::SEC=970580000014|BUILDING_GAP8:20230101_000000::RLB-ce555c14-cf79-4fb0-a8eb-f1afd06c55bb::SEC=970580000014|BUILDING_GAP8:20230101_000000::RLB-d5b45e32-ab80-4373-9273-df887df9095a::SEC=970580000014|BUILDING_GAP8:20230101_000000::RLB-d803d509-d85e-4e3b-8925-913eeb326730::SEC=970580000014|BUILDING_GAP8:20230101_000000::RLB-e245dda6-603f-4c42-8c15-29ab71b76913::SEC=970580000014|BUILDING_GAP8:20230101_000000::RLB-f8abbece-c2cb-4af3-b19a-113ab421755d::SEC=970580000014|BUILDING_GAP8:20230101_000000::RLB-fcd501a1-aac2-475d-a9be-bf7c2c43656e::SEC=970580000014", "discovery_seed_count": 17, "walk_graph_node_id": 15599, "walk_graph_connector_m": 2.2440312701622585, "walk_graph_connector_min": 0.028050390877028229, "walk_graph_snap_ok": true, "population_reachable_5min": 145.69241453965134, "population_additional_5min": 145.69241453965134, "existing_catchment_overlap_population_5min": 0.0, "existing_catchment_overlap_pct_5min": 0.0, "population_reachable_8min": 173.2557987803693, "population_additional_8min": 173.2557987803693, "existing_catchment_overlap_population_8min": 0.0, "existing_catchment_overlap_pct_8min": 0.0, "population_reachable_10min": 206.76405876374739, "population_additional_10min": 206.76405876374739, "existing_catchment_overlap_population_10min": 0.0, "existing_catchment_overlap_pct_10min": 0.0, "population_reachable_12min": 286.39109751683827, "population_additional_12min": 286.39109751683827, "existing_catchment_overlap_population_12min": 0.0, "existing_catchment_overlap_pct_12min": 0.0, "nearest_official_stop_walk_network_m": 2587.907975488346, "nearest_official_stop_cluster_id": "EX_018", "nearby_official_routes": "D148", "nearby_official_route_count": 1, "settlement_coverage_10min_count": 3, "settlement_additional_10min_count": 3, "settlement_additional_10min_names": "Molino Cattaneo|Pianezzo|Roncaglia", "destination_coverage_10min_count": 0, "destination_additional_10min_count": 0, "destination_additional_10min_names": "", "pruned_near_existing_stop": false, "pruned_no_access_gain": false, "candidate_id": "P2V2S_0007", "stop_type": "PROPOSED_STOP", "physical_status": "FIELD_CHECK_PENDING", "epistemic_status": "PROPOSED_STOP/FIELD_CHECK_PENDING", "road_eligibility_status": "DERIVED_GATE_D_BUS_ELIGIBLE", "candidate_status": "HYPOTHESIS_NOT_RECOMMENDATION", "population_spatial_model": "DASYMETRIC_BUILDING_SECTION_INTERSECTION_V2", "discovery_area_contract": "ANALYSIS_ENVELOPE_PLUS_INHERITED_150M_SITING_BUFFER", "potential_interchange_with_reference_gtfs": false, "interchange_evidence_status": "DERIVED_FROM_REFERENCE_PERIOD_GTFS_PROXIMITY_NOT_CURRENT_SERVICE_GUARANTEE", "discovery_sample_spacing_m_assumption": 150.0, "candidate_pruning_radius_m_assumption": 220.0, "source_gate_b_commit": "55d726564e13acca55ce563cc911263ac513acb0", "source_gate_d_commit": "7c220f7586d0f6e5cccd14a2d518be52eb1c4a55", "source_building_population_head": "29203ad64c3e32e6164ef6997933eb5c5ff2d5b1", "source_analysis_envelope_commit": "8a4608a60ecb367535814d965822e7502ae31eb9", "PRO_COM_T": "097058", "COMUNE": "Olgiate Molgora", "analysis_role": "UNSPECIFIED", "municipal_2021_resident_work_commuters_context": 2287.0, "municipal_2021_outbound_workers_context": 1961.0, "od_2021_context_status": "FACT_ISTAT_2021_WORK_COMMUTING_MUNICIPAL_ONLY_NOT_STOP_DEMAND" }, "geometry": { "type": "Point", "coordinates": [ 9.396418991209998, 45.710408449813499 ] } },
{ "type": "Feature", "properties": { "osm_way_id": "46786196", "highway": "unclassified", "road_uncertainty_flags": "missing_maxheight|missing_maxweight|missing_maxwidth|missing_width", "sample_index": 1, "x_utm32": 529911.75210599008, "y_utm32": 5061972.2967905961, "lon": 9.3842973561804559, "lat": 45.710658548618618, "discovery_evidence": "BUILDING_GAP8:20230101_000000::RLB-13d0380b-4271-45f7-83ea-6ffed189310c::SEC=970920000008|BUILDING_GAP8:20230101_000000::RLB-42dc0eaf-8ac9-48e2-b45b-3f12b164f871::SEC=970920000008|BUILDING_GAP8:20230101_000000::RLB-4efcfe22-4ac2-4d57-ac87-4cda23c12ff2::SEC=970920000008|BUILDING_GAP8:20230101_000000::RLB-754f405a-4169-4736-bbd8-890aee38df91::SEC=970920000008|BUILDING_GAP8:20230101_000000::RLB-8475a60d-daa1-43e5-9e00-bb8eae2b321d::SEC=970920000008|BUILDING_GAP8:20230101_000000::RLB-877162d8-8414-4d1f-baa8-f4a3373fce9d::SEC=970920000017|BUILDING_GAP8:20230101_000000::RLB-8d78d3d4-5bd9-4731-926f-7ebd27f7682a::SEC=970920000008|BUILDING_GAP8:20230101_000000::RLB-bbac3202-255f-457e-a5e1-7b07d9dd2efd::SEC=970920000008|BUILDING_GAP8:20230101_000000::RLB-bd0954c6-2b6c-4d27-9811-14f758c5274b::SEC=970920000008|BUILDING_GAP8:20230101_000000::RLB-cfaae7ae-9503-4971-bacc-744cecd3b92d::SEC=970920000008|BUILDING_GAP8:20230101_000000::RLB-da01d6f2-89ce-41a3-b538-da61cd2ffe27::SEC=970920000008|SETTLEMENT_GAP8:OSM_POINT_538492425", "discovery_seed_count": 12, "walk_graph_node_id": 11553, "walk_graph_connector_m": 1.9269536662777842, "walk_graph_connector_min": 0.024086920828472302, "walk_graph_snap_ok": true, "population_reachable_5min": 17.615618498030116, "population_additional_5min": 17.615618498030116, "existing_catchment_overlap_population_5min": 0.0, "existing_catchment_overlap_pct_5min": 0.0, "population_reachable_8min": 23.660647181891097, "population_additional_8min": 23.660647181891097, "existing_catchment_overlap_population_8min": 0.0, "existing_catchment_overlap_pct_8min": 0.0, "population_reachable_10min": 33.67329078726025, "population_additional_10min": 33.67329078726025, "existing_catchment_overlap_population_10min": 0.0, "existing_catchment_overlap_pct_10min": 0.0, "population_reachable_12min": 64.38319242371675, "population_additional_12min": 64.38319242371675, "existing_catchment_overlap_population_12min": 0.0, "existing_catchment_overlap_pct_12min": 0.0, "nearest_official_stop_walk_network_m": 2969.9896604357496, "nearest_official_stop_cluster_id": "EX_018", "nearby_official_routes": "D148", "nearby_official_route_count": 1, "settlement_coverage_10min_count": 2, "settlement_additional_10min_count": 2, "settlement_additional_10min_names": "Bagaggera|Fornace Superiore", "destination_coverage_10min_count": 0, "destination_additional_10min_count": 0, "destination_additional_10min_names": "", "pruned_near_existing_stop": false, "pruned_no_access_gain": false, "candidate_id": "P2V2S_0008", "stop_type": "PROPOSED_STOP", "physical_status": "FIELD_CHECK_PENDING", "epistemic_status": "PROPOSED_STOP/FIELD_CHECK_PENDING", "road_eligibility_status": "DERIVED_GATE_D_BUS_ELIGIBLE", "candidate_status": "HYPOTHESIS_NOT_RECOMMENDATION", "population_spatial_model": "DASYMETRIC_BUILDING_SECTION_INTERSECTION_V2", "discovery_area_contract": "ANALYSIS_ENVELOPE_PLUS_INHERITED_150M_SITING_BUFFER", "potential_interchange_with_reference_gtfs": false, "interchange_evidence_status": "DERIVED_FROM_REFERENCE_PERIOD_GTFS_PROXIMITY_NOT_CURRENT_SERVICE_GUARANTEE", "discovery_sample_spacing_m_assumption": 150.0, "candidate_pruning_radius_m_assumption": 220.0, "source_gate_b_commit": "55d726564e13acca55ce563cc911263ac513acb0", "source_gate_d_commit": "7c220f7586d0f6e5cccd14a2d518be52eb1c4a55", "source_building_population_head": "29203ad64c3e32e6164ef6997933eb5c5ff2d5b1", "source_analysis_envelope_commit": "8a4608a60ecb367535814d965822e7502ae31eb9", "PRO_COM_T": "097092", "COMUNE": "La Valletta Brianza", "analysis_role": "UNSPECIFIED", "municipal_2021_resident_work_commuters_context": 1796.0, "municipal_2021_outbound_workers_context": 1521.0, "od_2021_context_status": "FACT_ISTAT_2021_WORK_COMMUTING_MUNICIPAL_ONLY_NOT_STOP_DEMAND" }, "geometry": { "type": "Point", "coordinates": [ 9.384297356180456, 45.710658548618618 ] } },
{ "type": "Feature", "properties": { "osm_way_id": "250588219", "highway": "residential", "road_uncertainty_flags": "missing_lanes|missing_maxheight|missing_maxweight|missing_maxwidth|missing_width", "sample_index": 0, "x_utm32": 531189.41392858734, "y_utm32": 5061980.2423956096, "lon": 9.4007124920541454, "lat": 45.710673671208184, "discovery_evidence": "SETTLEMENT_GAP8:OSM_POINT_1620729065", "discovery_seed_count": 1, "walk_graph_node_id": 16822, "walk_graph_connector_m": 7.2552885777618643, "walk_graph_connector_min": 0.090691107222023309, "walk_graph_snap_ok": true, "population_reachable_5min": 0.0, "population_additional_5min": 0.0, "existing_catchment_overlap_population_5min": 0.0, "existing_catchment_overlap_pct_5min": 0.0, "population_reachable_8min": 0.0, "population_additional_8min": 0.0, "existing_catchment_overlap_population_8min": 0.0, "existing_catchment_overlap_pct_8min": 0.0, "population_reachable_10min": 0.0, "population_additional_10min": 0.0, "existing_catchment_overlap_population_10min": 0.0, "existing_catchment_overlap_pct_10min": 0.0, "population_reachable_12min": 23.892874872485198, "population_additional_12min": 23.892874872485198, "existing_catchment_overlap_population_12min": 0.0, "existing_catchment_overlap_pct_12min": 0.0, "nearest_official_stop_walk_network_m": 2473.8613061887249, "nearest_official_stop_cluster_id": "EX_018", "nearby_official_routes": "D148", "nearby_official_route_count": 1, "settlement_coverage_10min_count": 1, "settlement_additional_10min_count": 1, "settlement_additional_10min_names": "Roncaglia", "destination_coverage_10min_count": 0, "destination_additional_10min_count": 0, "destination_additional_10min_names": "", "pruned_near_existing_stop": false, "pruned_no_access_gain": false, "candidate_id": "P2V2S_0009", "stop_type": "PROPOSED_STOP", "physical_status": "FIELD_CHECK_PENDING", "epistemic_status": "PROPOSED_STOP/FIELD_CHECK_PENDING", "road_eligibility_status": "DERIVED_GATE_D_BUS_ELIGIBLE", "candidate_status": "HYPOTHESIS_NOT_RECOMMENDATION", "population_spatial_model": "DASYMETRIC_BUILDING_SECTION_INTERSECTION_V2", "discovery_area_contract": "ANALYSIS_ENVELOPE_PLUS_INHERITED_150M_SITING_BUFFER", "potential_interchange_with_reference_gtfs": false, "interchange_evidence_status": "DERIVED_FROM_REFERENCE_PERIOD_GTFS_PROXIMITY_NOT_CURRENT_SERVICE_GUARANTEE", "discovery_sample_spacing_m_assumption": 150.0, "candidate_pruning_radius_m_assumption": 220.0, "source_gate_b_commit": "55d726564e13acca55ce563cc911263ac513acb0", "source_gate_d_commit": "7c220f7586d0f6e5cccd14a2d518be52eb1c4a55", "source_building_population_head": "29203ad64c3e32e6164ef6997933eb5c5ff2d5b1", "source_analysis_envelope_commit": "8a4608a60ecb367535814d965822e7502ae31eb9", "PRO_COM_T": "097048", "COMUNE": "Merate", "analysis_role": "UNSPECIFIED", "municipal_2021_resident_work_commuters_context": null, "municipal_2021_outbound_workers_context": null, "od_2021_context_status": "FACT_ISTAT_2021_WORK_COMMUTING_MUNICIPAL_ONLY_NOT_STOP_DEMAND" }, "geometry": { "type": "Point", "coordinates": [ 9.400712492054145, 45.710673671208184 ] } },
{ "type": "Feature", "properties": { "osm_way_id": "40599304", "highway": "service", "road_uncertainty_flags": "conditional_motor_vehicle=destination|missing_lanes|missing_maxheight|missing_maxweight|missing_maxwidth|missing_width", "sample_index": 0, "x_utm32": 529611.68259012874, "y_utm32": 5062219.5871157646, "lon": 9.3804573396117981, "lat": 45.712897212635077, "discovery_evidence": "SETTLEMENT_GAP8:OSM_POINT_538469464", "discovery_seed_count": 1, "walk_graph_node_id": 10241, "walk_graph_connector_m": 1.4790282356570965, "walk_graph_connector_min": 0.018487852945713708, "walk_graph_snap_ok": true, "population_reachable_5min": 15.569777374998782, "population_additional_5min": 15.569777374998782, "existing_catchment_overlap_population_5min": 0.0, "existing_catchment_overlap_pct_5min": 0.0, "population_reachable_8min": 23.493696389777465, "population_additional_8min": 23.493696389777465, "existing_catchment_overlap_population_8min": 0.0, "existing_catchment_overlap_pct_8min": 0.0, "population_reachable_10min": 23.493696389777465, "population_additional_10min": 23.493696389777465, "existing_catchment_overlap_population_10min": 0.0, "existing_catchment_overlap_pct_10min": 0.0, "population_reachable_12min": 49.981932684272806, "population_additional_12min": 49.981932684272806, "existing_catchment_overlap_population_12min": 0.0, "existing_catchment_overlap_pct_12min": 0.0, "nearest_official_stop_walk_network_m": 3262.9262181253071, "nearest_official_stop_cluster_id": "EX_018", "nearby_official_routes": "D148", "nearby_official_route_count": 1, "settlement_coverage_10min_count": 2, "settlement_additional_10min_count": 2, "settlement_additional_10min_names": "Bagaggera|Fornace Superiore", "destination_coverage_10min_count": 0, "destination_additional_10min_count": 0, "destination_additional_10min_names": "", "pruned_near_existing_stop": false, "pruned_no_access_gain": false, "candidate_id": "P2V2S_0010", "stop_type": "PROPOSED_STOP", "physical_status": "FIELD_CHECK_PENDING", "epistemic_status": "PROPOSED_STOP/FIELD_CHECK_PENDING", "road_eligibility_status": "DERIVED_GATE_D_BUS_ELIGIBLE", "candidate_status": "HYPOTHESIS_NOT_RECOMMENDATION", "population_spatial_model": "DASYMETRIC_BUILDING_SECTION_INTERSECTION_V2", "discovery_area_contract": "ANALYSIS_ENVELOPE_PLUS_INHERITED_150M_SITING_BUFFER", "potential_interchange_with_reference_gtfs": false, "interchange_evidence_status": "DERIVED_FROM_REFERENCE_PERIOD_GTFS_PROXIMITY_NOT_CURRENT_SERVICE_GUARANTEE", "discovery_sample_spacing_m_assumption": 150.0, "candidate_pruning_radius_m_assumption": 220.0, "source_gate_b_commit": "55d726564e13acca55ce563cc911263ac513acb0", "source_gate_d_commit": "7c220f7586d0f6e5cccd14a2d518be52eb1c4a55", "source_building_population_head": "29203ad64c3e32e6164ef6997933eb5c5ff2d5b1", "source_analysis_envelope_commit": "8a4608a60ecb367535814d965822e7502ae31eb9", "PRO_COM_T": "097092", "COMUNE": "La Valletta Brianza", "analysis_role": "UNSPECIFIED", "municipal_2021_resident_work_commuters_context": 1796.0, "municipal_2021_outbound_workers_context": 1521.0, "od_2021_context_status": "FACT_ISTAT_2021_WORK_COMMUTING_MUNICIPAL_ONLY_NOT_STOP_DEMAND" }, "geometry": { "type": "Point", "coordinates": [ 9.380457339611798, 45.712897212635077 ] } },
{ "type": "Feature", "properties": { "osm_way_id": "132320815", "highway": "residential", "road_uncertainty_flags": "missing_lanes|missing_maxheight|missing_maxweight|missing_maxwidth|missing_width", "sample_index": 2, "x_utm32": 530836.35784166108, "y_utm32": 5062240.40158852, "lon": 9.3961931852587028, "lat": 45.713031074861867, "discovery_evidence": "BUILDING_GAP8:20230101_000000::RLB-51866996-c91d-4340-ba99-1892ff64b888::SEC=970580000059", "discovery_seed_count": 1, "walk_graph_node_id": 15504, "walk_graph_connector_m": 14.484933672515883, "walk_graph_connector_min": 0.18106167090644854, "walk_graph_snap_ok": true, "population_reachable_5min": 71.735728266782615, "population_additional_5min": 71.735728266782615, "existing_catchment_overlap_population_5min": 0.0, "existing_catchment_overlap_pct_5min": 0.0, "population_reachable_8min": 249.57446368869691, "population_additional_8min": 249.57446368869691, "existing_catchment_overlap_population_8min": 0.0, "existing_catchment_overlap_pct_8min": 0.0, "population_reachable_10min": 398.91793447677844, "population_additional_10min": 398.91793447677844, "existing_catchment_overlap_population_10min": 0.0, "existing_catchment_overlap_pct_10min": 0.0, "population_reachable_12min": 563.88227405802718, "population_additional_12min": 563.88227405802718, "existing_catchment_overlap_population_12min": 0.0, "existing_catchment_overlap_pct_12min": 0.0, "nearest_official_stop_walk_network_m": 2150.2330836465235, "nearest_official_stop_cluster_id": "EX_018", "nearby_official_routes": "D148", "nearby_official_route_count": 1, "settlement_coverage_10min_count": 2, "settlement_additional_10min_count": 2, "settlement_additional_10min_names": "Molino Cattaneo|Pianezzo", "destination_coverage_10min_count": 0, "destination_additional_10min_count": 0, "destination_additional_10min_names": "", "pruned_near_existing_stop": false, "pruned_no_access_gain": false, "candidate_id": "P2V2S_0011", "stop_type": "PROPOSED_STOP", "physical_status": "FIELD_CHECK_PENDING", "epistemic_status": "PROPOSED_STOP/FIELD_CHECK_PENDING", "road_eligibility_status": "DERIVED_GATE_D_BUS_ELIGIBLE", "candidate_status": "HYPOTHESIS_NOT_RECOMMENDATION", "population_spatial_model": "DASYMETRIC_BUILDING_SECTION_INTERSECTION_V2", "discovery_area_contract": "ANALYSIS_ENVELOPE_PLUS_INHERITED_150M_SITING_BUFFER", "potential_interchange_with_reference_gtfs": false, "interchange_evidence_status": "DERIVED_FROM_REFERENCE_PERIOD_GTFS_PROXIMITY_NOT_CURRENT_SERVICE_GUARANTEE", "discovery_sample_spacing_m_assumption": 150.0, "candidate_pruning_radius_m_assumption": 220.0, "source_gate_b_commit": "55d726564e13acca55ce563cc911263ac513acb0", "source_gate_d_commit": "7c220f7586d0f6e5cccd14a2d518be52eb1c4a55", "source_building_population_head": "29203ad64c3e32e6164ef6997933eb5c5ff2d5b1", "source_analysis_envelope_commit": "8a4608a60ecb367535814d965822e7502ae31eb9", "PRO_COM_T": "097058", "COMUNE": "Olgiate Molgora", "analysis_role": "UNSPECIFIED", "municipal_2021_resident_work_commuters_context": 2287.0, "municipal_2021_outbound_workers_context": 1961.0, "od_2021_context_status": "FACT_ISTAT_2021_WORK_COMMUTING_MUNICIPAL_ONLY_NOT_STOP_DEMAND" }, "geometry": { "type": "Point", "coordinates": [ 9.396193185258703, 45.713031074861867 ] } },
{ "type": "Feature", "properties": { "osm_way_id": "167040996", "highway": "residential", "road_uncertainty_flags": "missing_lanes|missing_maxheight|missing_maxweight|missing_maxwidth|missing_width", "sample_index": 0, "x_utm32": 530557.2063576628, "y_utm32": 5062273.7741476586, "lon": 9.3926087662836775, "lat": 45.713343828445026, "discovery_evidence": "BUILDING_GAP8:20230101_000000::RLB-33635789-2243-42c4-b499-3d6fb0b7413a::SEC=970580000012|BUILDING_GAP8:20230101_000000::RLB-4b0b1589-2c61-4e02-8ec2-a95ef5511692::SEC=970580000012|BUILDING_GAP8:20230101_000000::RLB-4b558716-1101-471d-b7f6-f76f2322bb3e::SEC=970580000012|BUILDING_GAP8:20230101_000000::RLB-66493438-7c27-408f-984f-fa7c58fa19b9::SEC=970580000012|BUILDING_GAP8:20230101_000000::RLB-7c413fe6-cd85-44c0-a958-b7f5354ef27d::SEC=970580000012|BUILDING_GAP8:20230101_000000::RLB-8b37393c-7e6b-4b18-8773-86707937bf43::SEC=970580000012|BUILDING_GAP8:20230101_000000::RLB-b6442947-3b47-425d-933a-d100b1ecf5ed::SEC=970580000012|BUILDING_GAP8:20230101_000000::RLB-c35c1f95-eac7-4c1b-960c-c56e81a45a76::SEC=970580000012|BUILDING_GAP8:20230101_000000::RLB-c35c1f95-eac7-4c1b-960c-c56e81a45a76::SEC=970580000059|BUILDING_GAP8:20230101_000000::RLB-d9ed01aa-d3d8-4e4b-ac32-aa913af8b2f7::SEC=970580000012|BUILDING_GAP8:20230101_000000::RLB-e3d0484f-930b-490b-b500-d80830adeda7::SEC=970580000012", "discovery_seed_count": 11, "walk_graph_node_id": 14386, "walk_graph_connector_m": 0.94894990135596413, "walk_graph_connector_min": 0.011861873766949551, "walk_graph_snap_ok": true, "population_reachable_5min": 52.238132657897296, "population_additional_5min": 52.238132657897296, "existing_catchment_overlap_population_5min": 0.0, "existing_catchment_overlap_pct_5min": 0.0, "population_reachable_8min": 68.360347807483535, "population_additional_8min": 68.360347807483535, "existing_catchment_overlap_population_8min": 0.0, "existing_catchment_overlap_pct_8min": 0.0, "population_reachable_10min": 80.066520323959296, "population_additional_10min": 80.066520323959296, "existing_catchment_overlap_population_10min": 0.0, "existing_catchment_overlap_pct_10min": 0.0, "population_reachable_12min": 184.51678754958249, "population_additional_12min": 184.51678754958249, "existing_catchment_overlap_population_12min": 0.0, "existing_catchment_overlap_pct_12min": 0.0, "nearest_official_stop_walk_network_m": 2319.0426647992722, "nearest_official_stop_cluster_id": "EX_018", "nearby_official_routes": "D148", "nearby_official_route_count": 1, "settlement_coverage_10min_count": 1, "settlement_additional_10min_count": 1, "settlement_additional_10min_names": "Molino Cattaneo", "destination_coverage_10min_count": 0, "destination_additional_10min_count": 0, "destination_additional_10min_names": "", "pruned_near_existing_stop": false, "pruned_no_access_gain": false, "candidate_id": "P2V2S_0012", "stop_type": "PROPOSED_STOP", "physical_status": "FIELD_CHECK_PENDING", "epistemic_status": "PROPOSED_STOP/FIELD_CHECK_PENDING", "road_eligibility_status": "DERIVED_GATE_D_BUS_ELIGIBLE", "candidate_status": "HYPOTHESIS_NOT_RECOMMENDATION", "population_spatial_model": "DASYMETRIC_BUILDING_SECTION_INTERSECTION_V2", "discovery_area_contract": "ANALYSIS_ENVELOPE_PLUS_INHERITED_150M_SITING_BUFFER", "potential_interchange_with_reference_gtfs": false, "interchange_evidence_status": "DERIVED_FROM_REFERENCE_PERIOD_GTFS_PROXIMITY_NOT_CURRENT_SERVICE_GUARANTEE", "discovery_sample_spacing_m_assumption": 150.0, "candidate_pruning_radius_m_assumption": 220.0, "source_gate_b_commit": "55d726564e13acca55ce563cc911263ac513acb0", "source_gate_d_commit": "7c220f7586d0f6e5cccd14a2d518be52eb1c4a55", "source_building_population_head": "29203ad64c3e32e6164ef6997933eb5c5ff2d5b1", "source_analysis_envelope_commit": "8a4608a60ecb367535814d965822e7502ae31eb9", "PRO_COM_T": "097058", "COMUNE": "Olgiate Molgora", "analysis_role": "UNSPECIFIED", "municipal_2021_resident_work_commuters_context": 2287.0, "municipal_2021_outbound_workers_context": 1961.0, "od_2021_context_status": "FACT_ISTAT_2021_WORK_COMMUTING_MUNICIPAL_ONLY_NOT_STOP_DEMAND" }, "geometry": { "type": "Point", "coordinates": [ 9.392608766283677, 45.713343828445026 ] } },
{ "type": "Feature", "properties": { "osm_way_id": "40599320", "highway": "unclassified", "road_uncertainty_flags": "missing_maxheight|missing_maxweight|missing_maxwidth|missing_width", "sample_index": 1, "x_utm32": 529371.40476546297, "y_utm32": 5062425.5682430081, "lon": 9.3773827440167068, "lat": 45.714761405109819, "discovery_evidence": "BUILDING_GAP8:20230101_000000::RLB-20a4540d-d011-411d-998c-7d73d80dce83::SEC=970920000007|BUILDING_GAP8:20230101_000000::RLB-4081a6bf-8269-4781-b2ba-3e0ee13978e7::SEC=970920000007|BUILDING_GAP8:20230101_000000::RLB-6bee02b6-d5c2-45d4-b1e3-b48ce8328b3c::SEC=970920000007|BUILDING_GAP8:20230101_000000::RLB-941e26f4-9d9c-4e8c-b072-96d883541949::SEC=970920000007|BUILDING_GAP8:20230101_000000::RLB-b179e5de-8ce3-4ce7-893f-9f6f5cb587a9::SEC=970920000007|SETTLEMENT_GAP8:OSM_POINT_855805785", "discovery_seed_count": 6, "walk_graph_node_id": 9166, "walk_graph_connector_m": 2.7826533366227486, "walk_graph_connector_min": 0.034783166707784356, "walk_graph_snap_ok": true, "population_reachable_5min": 5.8780778917473473, "population_additional_5min": 5.8780778917473473, "existing_catchment_overlap_population_5min": 0.0, "existing_catchment_overlap_pct_5min": 0.0, "population_reachable_8min": 31.226304222692875, "population_additional_8min": 31.226304222692875, "existing_catchment_overlap_population_8min": 0.0, "existing_catchment_overlap_pct_8min": 0.0, "population_reachable_10min": 48.270231871271683, "population_additional_10min": 48.270231871271683, "existing_catchment_overlap_population_10min": 0.0, "existing_catchment_overlap_pct_10min": 0.0, "population_reachable_12min": 51.077840315720437, "population_additional_12min": 51.077840315720437, "existing_catchment_overlap_population_12min": 0.0, "existing_catchment_overlap_pct_12min": 0.0, "nearest_official_stop_walk_network_m": 3118.9135349662711, "nearest_official_stop_cluster_id": "EX_026", "nearby_official_routes": "D184", "nearby_official_route_count": 1, "settlement_coverage_10min_count": 2, "settlement_additional_10min_count": 2, "settlement_additional_10min_names": "Bagaggera|Fornace Superiore", "destination_coverage_10min_count": 0, "destination_additional_10min_count": 0, "destination_additional_10min_names": "", "pruned_near_existing_stop": false, "pruned_no_access_gain": false, "candidate_id": "P2V2S_0013", "stop_type": "PROPOSED_STOP", "physical_status": "FIELD_CHECK_PENDING", "epistemic_status": "PROPOSED_STOP/FIELD_CHECK_PENDING", "road_eligibility_status": "DERIVED_GATE_D_BUS_ELIGIBLE", "candidate_status": "HYPOTHESIS_NOT_RECOMMENDATION", "population_spatial_model": "DASYMETRIC_BUILDING_SECTION_INTERSECTION_V2", "discovery_area_contract": "ANALYSIS_ENVELOPE_PLUS_INHERITED_150M_SITING_BUFFER", "potential_interchange_with_reference_gtfs": false, "interchange_evidence_status": "DERIVED_FROM_REFERENCE_PERIOD_GTFS_PROXIMITY_NOT_CURRENT_SERVICE_GUARANTEE", "discovery_sample_spacing_m_assumption": 150.0, "candidate_pruning_radius_m_assumption": 220.0, "source_gate_b_commit": "55d726564e13acca55ce563cc911263ac513acb0", "source_gate_d_commit": "7c220f7586d0f6e5cccd14a2d518be52eb1c4a55", "source_building_population_head": "29203ad64c3e32e6164ef6997933eb5c5ff2d5b1", "source_analysis_envelope_commit": "8a4608a60ecb367535814d965822e7502ae31eb9", "PRO_COM_T": "097092", "COMUNE": "La Valletta Brianza", "analysis_role": "UNSPECIFIED", "municipal_2021_resident_work_commuters_context": 1796.0, "municipal_2021_outbound_workers_context": 1521.0, "od_2021_context_status": "FACT_ISTAT_2021_WORK_COMMUTING_MUNICIPAL_ONLY_NOT_STOP_DEMAND" }, "geometry": { "type": "Point", "coordinates": [ 9.377382744016707, 45.714761405109819 ] } },
{ "type": "Feature", "properties": { "osm_way_id": "685360145", "highway": "service", "road_uncertainty_flags": "missing_lanes|missing_maxheight|missing_maxweight|missing_maxwidth|missing_width", "sample_index": 0, "x_utm32": 531101.97952359496, "y_utm32": 5062431.9159711367, "lon": 9.3996181607039109, "lat": 45.714742929560892, "discovery_evidence": "BUILDING_GAP8:20230101_000000::RLB-916f8aba-a5af-4dd7-b138-6abc299a0baa::SEC=970580000059", "discovery_seed_count": 1, "walk_graph_node_id": 16503, "walk_graph_connector_m": 5.6416375039035742, "walk_graph_connector_min": 0.070520468798794672, "walk_graph_snap_ok": true, "population_reachable_5min": 1.656494315836704, "population_additional_5min": 1.656494315836704, "existing_catchment_overlap_population_5min": 0.0, "existing_catchment_overlap_pct_5min": 0.0, "population_reachable_8min": 175.19799111553206, "population_additional_8min": 175.19799111553206, "existing_catchment_overlap_population_8min": 0.0, "existing_catchment_overlap_pct_8min": 0.0, "population_reachable_10min": 380.80737764746124, "population_additional_10min": 380.80737764746124, "existing_catchment_overlap_population_10min": 0.0, "existing_catchment_overlap_pct_10min": 0.0, "population_reachable_12min": 613.01778031317633, "population_additional_12min": 613.01778031317633, "existing_catchment_overlap_population_12min": 0.0, "existing_catchment_overlap_pct_12min": 0.0, "nearest_official_stop_walk_network_m": 1892.1666765872992, "nearest_official_stop_cluster_id": "EX_018", "nearby_official_routes": "D148", "nearby_official_route_count": 1, "settlement_coverage_10min_count": 3, "settlement_additional_10min_count": 3, "settlement_additional_10min_names": "Beolco|Molino Cattaneo|Roncaglia", "destination_coverage_10min_count": 0, "destination_additional_10min_count": 0, "destination_additional_10min_names": "", "pruned_near_existing_stop": false, "pruned_no_access_gain": false, "candidate_id": "P2V2S_0014", "stop_type": "PROPOSED_STOP", "physical_status": "FIELD_CHECK_PENDING", "epistemic_status": "PROPOSED_STOP/FIELD_CHECK_PENDING", "road_eligibility_status": "DERIVED_GATE_D_BUS_ELIGIBLE", "candidate_status": "HYPOTHESIS_NOT_RECOMMENDATION", "population_spatial_model": "DASYMETRIC_BUILDING_SECTION_INTERSECTION_V2", "discovery_area_contract": "ANALYSIS_ENVELOPE_PLUS_INHERITED_150M_SITING_BUFFER", "potential_interchange_with_reference_gtfs": false, "interchange_evidence_status": "DERIVED_FROM_REFERENCE_PERIOD_GTFS_PROXIMITY_NOT_CURRENT_SERVICE_GUARANTEE", "discovery_sample_spacing_m_assumption": 150.0, "candidate_pruning_radius_m_assumption": 220.0, "source_gate_b_commit": "55d726564e13acca55ce563cc911263ac513acb0", "source_gate_d_commit": "7c220f7586d0f6e5cccd14a2d518be52eb1c4a55", "source_building_population_head": "29203ad64c3e32e6164ef6997933eb5c5ff2d5b1", "source_analysis_envelope_commit": "8a4608a60ecb367535814d965822e7502ae31eb9", "PRO_COM_T": "097048", "COMUNE": "Merate", "analysis_role": "UNSPECIFIED", "municipal_2021_resident_work_commuters_context": null, "municipal_2021_outbound_workers_context": null, "od_2021_context_status": "FACT_ISTAT_2021_WORK_COMMUTING_MUNICIPAL_ONLY_NOT_STOP_DEMAND" }, "geometry": { "type": "Point", "coordinates": [ 9.399618160703911, 45.714742929560892 ] } },
{ "type": "Feature", "properties": { "osm_way_id": "40627754", "highway": "primary", "road_uncertainty_flags": "missing_maxheight|missing_maxweight|missing_maxwidth|missing_width", "sample_index": 0, "x_utm32": 531743.75205827423, "y_utm32": 5062577.1500561647, "lon": 9.4078733663283369, "lat": 45.716020979619699, "discovery_evidence": "BUILDING_GAP8:20230101_000000::RLB-b81a260f-d014-4f94-9942-1df9736b61c1::SEC=970120000022|BUILDING_GAP8:20230101_000000::RLB-cc06bd07-be5d-4b43-8e85-39e79855bf62::SEC=970120000022|BUILDING_GAP8:20230101_000000::RLB-d8242fff-4e99-4f08-bfcb-7d2f6346011f::SEC=970120000022", "discovery_seed_count": 3, "walk_graph_node_id": 18705, "walk_graph_connector_m": 2.9271256658087332, "walk_graph_connector_min": 0.036589070822609163, "walk_graph_snap_ok": true, "population_reachable_5min": 34.450310457381626, "population_additional_5min": 34.450310457381626, "existing_catchment_overlap_population_5min": 0.0, "existing_catchment_overlap_pct_5min": 0.0, "population_reachable_8min": 123.65112686964102, "population_additional_8min": 85.031963803436028, "existing_catchment_overlap_population_8min": 38.619163066205004, "existing_catchment_overlap_pct_8min": 31.232358364933617, "population_reachable_10min": 164.73945306796071, "population_additional_10min": 73.759279726243435, "existing_catchment_overlap_population_10min": 90.980173341717318, "existing_catchment_overlap_pct_10min": 55.226705957427733, "population_reachable_12min": 296.04725938348264, "population_additional_12min": 58.200520131860038, "existing_catchment_overlap_population_12min": 237.84673925162264, "existing_catchment_overlap_pct_12min": 80.340800906901706, "nearest_official_stop_walk_network_m": 1062.3066751801503, "nearest_official_stop_cluster_id": "EX_005", "nearby_official_routes": "D148|D150", "nearby_official_route_count": 2, "settlement_coverage_10min_count": 2, "settlement_additional_10min_count": 2, "settlement_additional_10min_names": "Cicognola|Scagnello", "destination_coverage_10min_count": 1, "destination_additional_10min_count": 1, "destination_additional_10min_names": "Esselunga", "pruned_near_existing_stop": false, "pruned_no_access_gain": false, "candidate_id": "P2V2S_0015", "stop_type": "PROPOSED_STOP", "physical_status": "FIELD_CHECK_PENDING", "epistemic_status": "PROPOSED_STOP/FIELD_CHECK_PENDING", "road_eligibility_status": "DERIVED_GATE_D_BUS_ELIGIBLE", "candidate_status": "HYPOTHESIS_NOT_RECOMMENDATION", "population_spatial_model": "DASYMETRIC_BUILDING_SECTION_INTERSECTION_V2", "discovery_area_contract": "ANALYSIS_ENVELOPE_PLUS_INHERITED_150M_SITING_BUFFER", "potential_interchange_with_reference_gtfs": false, "interchange_evidence_status": "DERIVED_FROM_REFERENCE_PERIOD_GTFS_PROXIMITY_NOT_CURRENT_SERVICE_GUARANTEE", "discovery_sample_spacing_m_assumption": 150.0, "candidate_pruning_radius_m_assumption": 220.0, "source_gate_b_commit": "55d726564e13acca55ce563cc911263ac513acb0", "source_gate_d_commit": "7c220f7586d0f6e5cccd14a2d518be52eb1c4a55", "source_building_population_head": "29203ad64c3e32e6164ef6997933eb5c5ff2d5b1", "source_analysis_envelope_commit": "8a4608a60ecb367535814d965822e7502ae31eb9", "PRO_COM_T": "097012", "COMUNE": "Calco", "analysis_role": "UNSPECIFIED", "municipal_2021_resident_work_commuters_context": 2173.0, "municipal_2021_outbound_workers_context": 1894.0, "od_2021_context_status": "FACT_ISTAT_2021_WORK_COMMUTING_MUNICIPAL_ONLY_NOT_STOP_DEMAND" }, "geometry": { "type": "Point", "coordinates": [ 9.407873366328337, 45.716020979619699 ] } },
{ "type": "Feature", "properties": { "osm_way_id": "40599324", "highway": "unclassified", "road_uncertainty_flags": "missing_maxheight|missing_maxweight|missing_maxwidth|missing_width", "sample_index": 1, "x_utm32": 529097.23330150754, "y_utm32": 5062611.6338705374, "lon": 9.373871255997404, "lat": 45.716447689337791, "discovery_evidence": "BUILDING_GAP8:20230101_000000::RLB-2e483b96-6b6c-4e31-b35d-ed326a9d6702::SEC=970920000017|BUILDING_GAP8:20230101_000000::RLB-d143efcf-5c5d-4486-a326-6c8c32a53031::SEC=970920000017|SETTLEMENT_GAP8:OSM_POINT_534888593", "discovery_seed_count": 3, "walk_graph_node_id": 7804, "walk_graph_connector_m": 6.5949280487248156, "walk_graph_connector_min": 0.08243660060906019, "walk_graph_snap_ok": true, "population_reachable_5min": 25.348226330945522, "population_additional_5min": 25.348226330945522, "existing_catchment_overlap_population_5min": 0.0, "existing_catchment_overlap_pct_5min": 0.0, "population_reachable_8min": 32.322211854140505, "population_additional_8min": 32.322211854140505, "existing_catchment_overlap_population_8min": 0.0, "existing_catchment_overlap_pct_8min": 0.0, "population_reachable_10min": 42.142768608316189, "population_additional_10min": 42.142768608316189, "existing_catchment_overlap_population_10min": 0.0, "existing_catchment_overlap_pct_10min": 0.0, "population_reachable_12min": 55.6960797392532, "population_additional_12min": 55.6960797392532, "existing_catchment_overlap_population_12min": 0.0, "existing_catchment_overlap_pct_12min": 0.0, "nearest_official_stop_walk_network_m": 2777.3646247014167, "nearest_official_stop_cluster_id": "EX_026", "nearby_official_routes": "D184", "nearby_official_route_count": 1, "settlement_coverage_10min_count": 2, "settlement_additional_10min_count": 2, "settlement_additional_10min_names": "Fornace Superiore|Ospedaletto", "destination_coverage_10min_count": 0, "destination_additional_10min_count": 0, "destination_additional_10min_names": "", "pruned_near_existing_stop": false, "pruned_no_access_gain": false, "candidate_id": "P2V2S_0016", "stop_type": "PROPOSED_STOP", "physical_status": "FIELD_CHECK_PENDING", "epistemic_status": "PROPOSED_STOP/FIELD_CHECK_PENDING", "road_eligibility_status": "DERIVED_GATE_D_BUS_ELIGIBLE", "candidate_status": "HYPOTHESIS_NOT_RECOMMENDATION", "population_spatial_model": "DASYMETRIC_BUILDING_SECTION_INTERSECTION_V2", "discovery_area_contract": "ANALYSIS_ENVELOPE_PLUS_INHERITED_150M_SITING_BUFFER", "potential_interchange_with_reference_gtfs": false, "interchange_evidence_status": "DERIVED_FROM_REFERENCE_PERIOD_GTFS_PROXIMITY_NOT_CURRENT_SERVICE_GUARANTEE", "discovery_sample_spacing_m_assumption": 150.0, "candidate_pruning_radius_m_assumption": 220.0, "source_gate_b_commit": "55d726564e13acca55ce563cc911263ac513acb0", "source_gate_d_commit": "7c220f7586d0f6e5cccd14a2d518be52eb1c4a55", "source_building_population_head": "29203ad64c3e32e6164ef6997933eb5c5ff2d5b1", "source_analysis_envelope_commit": "8a4608a60ecb367535814d965822e7502ae31eb9", "PRO_COM_T": "097092", "COMUNE": "La Valletta Brianza", "analysis_role": "UNSPECIFIED", "municipal_2021_resident_work_commuters_context": 1796.0, "municipal_2021_outbound_workers_context": 1521.0, "od_2021_context_status": "FACT_ISTAT_2021_WORK_COMMUTING_MUNICIPAL_ONLY_NOT_STOP_DEMAND" }, "geometry": { "type": "Point", "coordinates": [ 9.373871255997404, 45.716447689337791 ] } },
{ "type": "Feature", "properties": { "osm_way_id": "190278419", "highway": "residential", "road_uncertainty_flags": "missing_maxheight|missing_maxweight|missing_maxwidth|missing_width", "sample_index": 0, "x_utm32": 530979.49171663739, "y_utm32": 5062637.2534812549, "lon": 9.3980575189160902, "lat": 45.716596579388849, "discovery_evidence": "BUILDING_GAP8:20230101_000000::RLB-140427a8-eea8-495b-a0cb-c9f7d1692a55::SEC=970580000011|BUILDING_GAP8:20230101_000000::RLB-3e2e5c79-690e-4c31-8a7a-871f0a45ad94::SEC=970580000011|BUILDING_GAP8:20230101_000000::RLB-759da2a8-41f2-4afc-830c-2e5c7eef8d57::SEC=970580000011|BUILDING_GAP8:20230101_000000::RLB-8d95314d-93ad-4c6b-bc74-c9ff08c62e09::SEC=970580000011", "discovery_seed_count": 4, "walk_graph_node_id": 16020, "walk_graph_connector_m": 2.5885048996539282, "walk_graph_connector_min": 0.032356311245674105, "walk_graph_snap_ok": true, "population_reachable_5min": 196.22985179517812, "population_additional_5min": 196.22985179517812, "existing_catchment_overlap_population_5min": 0.0, "existing_catchment_overlap_pct_5min": 0.0, "population_reachable_8min": 449.44148682204371, "population_additional_8min": 449.44148682204371, "existing_catchment_overlap_population_8min": 0.0, "existing_catchment_overlap_pct_8min": 0.0, "population_reachable_10min": 725.10966726921743, "population_additional_10min": 725.10966726921743, "existing_catchment_overlap_population_10min": 0.0, "existing_catchment_overlap_pct_10min": 0.0, "population_reachable_12min": 1088.2903167358181, "population_additional_12min": 823.90626205705507, "existing_catchment_overlap_population_12min": 264.38405467876282, "existing_catchment_overlap_pct_12min": 24.293522657791129, "nearest_official_stop_walk_network_m": 1680.5137971329202, "nearest_official_stop_cluster_id": "EX_018", "nearby_official_routes": "D148", "nearby_official_route_count": 1, "settlement_coverage_10min_count": 2, "settlement_additional_10min_count": 2, "settlement_additional_10min_names": "Beolco|Molino Cattaneo", "destination_coverage_10min_count": 0, "destination_additional_10min_count": 0, "destination_additional_10min_names": "", "pruned_near_existing_stop": false, "pruned_no_access_gain": false, "candidate_id": "P2V2S_0017", "stop_type": "PROPOSED_STOP", "physical_status": "FIELD_CHECK_PENDING", "epistemic_status": "PROPOSED_STOP/FIELD_CHECK_PENDING", "road_eligibility_status": "DERIVED_GATE_D_BUS_ELIGIBLE", "candidate_status": "HYPOTHESIS_NOT_RECOMMENDATION", "population_spatial_model": "DASYMETRIC_BUILDING_SECTION_INTERSECTION_V2", "discovery_area_contract": "ANALYSIS_ENVELOPE_PLUS_INHERITED_150M_SITING_BUFFER", "potential_interchange_with_reference_gtfs": false, "interchange_evidence_status": "DERIVED_FROM_REFERENCE_PERIOD_GTFS_PROXIMITY_NOT_CURRENT_SERVICE_GUARANTEE", "discovery_sample_spacing_m_assumption": 150.0, "candidate_pruning_radius_m_assumption": 220.0, "source_gate_b_commit": "55d726564e13acca55ce563cc911263ac513acb0", "source_gate_d_commit": "7c220f7586d0f6e5cccd14a2d518be52eb1c4a55", "source_building_population_head": "29203ad64c3e32e6164ef6997933eb5c5ff2d5b1", "source_analysis_envelope_commit": "8a4608a60ecb367535814d965822e7502ae31eb9", "PRO_COM_T": "097058", "COMUNE": "Olgiate Molgora", "analysis_role": "UNSPECIFIED", "municipal_2021_resident_work_commuters_context": 2287.0, "municipal_2021_outbound_workers_context": 1961.0, "od_2021_context_status": "FACT_ISTAT_2021_WORK_COMMUTING_MUNICIPAL_ONLY_NOT_STOP_DEMAND" }, "geometry": { "type": "Point", "coordinates": [ 9.39805751891609, 45.716596579388849 ] } },
{ "type": "Feature", "properties": { "osm_way_id": "1430858463", "highway": "service", "road_uncertainty_flags": "missing_lanes|missing_maxheight|missing_maxweight|missing_maxwidth|missing_width", "sample_index": 0, "x_utm32": 530740.46746168018, "y_utm32": 5062648.2638489408, "lon": 9.3949870527552832, "lat": 45.71670633798977, "discovery_evidence": "BUILDING_GAP8:20230101_000000::RLB-0d0bc3c7-0076-4e38-9498-dc641b46921d::SEC=970580000011|BUILDING_GAP8:20230101_000000::RLB-3529000d-24d3-419b-8668-5f3424e94622::SEC=970580000059|BUILDING_GAP8:20230101_000000::RLB-51238e69-ff2b-42ad-b673-18b47259bad0::SEC=970580000011|BUILDING_GAP8:20230101_000000::RLB-ffd5ee2e-e150-4948-b8f8-ab56cddaa31f::SEC=970580000011", "discovery_seed_count": 4, "walk_graph_node_id": 15100, "walk_graph_connector_m": 8.5853322198763315, "walk_graph_connector_min": 0.10731665274845414, "walk_graph_snap_ok": true, "population_reachable_5min": 69.629491987690557, "population_additional_5min": 69.629491987690557, "existing_catchment_overlap_population_5min": 0.0, "existing_catchment_overlap_pct_5min": 0.0, "population_reachable_8min": 184.20244306458196, "population_additional_8min": 184.20244306458196, "existing_catchment_overlap_population_8min": 0.0, "existing_catchment_overlap_pct_8min": 0.0, "population_reachable_10min": 402.12314517156034, "population_additional_10min": 402.12314517156034, "existing_catchment_overlap_population_10min": 0.0, "existing_catchment_overlap_pct_10min": 0.0, "population_reachable_12min": 695.83589132766315, "population_additional_12min": 639.35264246753445, "existing_catchment_overlap_population_12min": 56.483248860128796, "existing_catchment_overlap_pct_12min": 8.1173232890240943, "nearest_official_stop_walk_network_m": 1760.6928102749387, "nearest_official_stop_cluster_id": "EX_018", "nearby_official_routes": "D148", "nearby_official_route_count": 1, "settlement_coverage_10min_count": 2, "settlement_additional_10min_count": 2, "settlement_additional_10min_names": "Beolco|Molino Cattaneo", "destination_coverage_10min_count": 0, "destination_additional_10min_count": 0, "destination_additional_10min_names": "", "pruned_near_existing_stop": false, "pruned_no_access_gain": false, "candidate_id": "P2V2S_0018", "stop_type": "PROPOSED_STOP", "physical_status": "FIELD_CHECK_PENDING", "epistemic_status": "PROPOSED_STOP/FIELD_CHECK_PENDING", "road_eligibility_status": "DERIVED_GATE_D_BUS_ELIGIBLE", "candidate_status": "HYPOTHESIS_NOT_RECOMMENDATION", "population_spatial_model": "DASYMETRIC_BUILDING_SECTION_INTERSECTION_V2", "discovery_area_contract": "ANALYSIS_ENVELOPE_PLUS_INHERITED_150M_SITING_BUFFER", "potential_interchange_with_reference_gtfs": false, "interchange_evidence_status": "DERIVED_FROM_REFERENCE_PERIOD_GTFS_PROXIMITY_NOT_CURRENT_SERVICE_GUARANTEE", "discovery_sample_spacing_m_assumption": 150.0, "candidate_pruning_radius_m_assumption": 220.0, "source_gate_b_commit": "55d726564e13acca55ce563cc911263ac513acb0", "source_gate_d_commit": "7c220f7586d0f6e5cccd14a2d518be52eb1c4a55", "source_building_population_head": "29203ad64c3e32e6164ef6997933eb5c5ff2d5b1", "source_analysis_envelope_commit": "8a4608a60ecb367535814d965822e7502ae31eb9", "PRO_COM_T": "097058", "COMUNE": "Olgiate Molgora", "analysis_role": "UNSPECIFIED", "municipal_2021_resident_work_commuters_context": 2287.0, "municipal_2021_outbound_workers_context": 1961.0, "od_2021_context_status": "FACT_ISTAT_2021_WORK_COMMUTING_MUNICIPAL_ONLY_NOT_STOP_DEMAND" }, "geometry": { "type": "Point", "coordinates": [ 9.394987052755283, 45.71670633798977 ] } },
{ "type": "Feature", "properties": { "osm_way_id": "42999797", "highway": "unclassified", "road_uncertainty_flags": "missing_maxheight|missing_maxweight|missing_maxwidth|missing_width", "sample_index": 1, "x_utm32": 530308.98134351289, "y_utm32": 5062738.5494464692, "lon": 9.3894486237670254, "lat": 45.717537993584678, "discovery_evidence": "BUILDING_GAP8:20230101_000000::RLB-b6aca69c-5ed7-43ab-bcf3-1a87b2ff2d15::SEC=970580000059|BUILDING_GAP8:20230101_000000::RLB-f1f24e3b-c59a-4304-a611-e640ad16d274::SEC=970580000059", "discovery_seed_count": 2, "walk_graph_node_id": 13333, "walk_graph_connector_m": 2.5285315595573041, "walk_graph_connector_min": 0.031606644494466304, "walk_graph_snap_ok": true, "population_reachable_5min": 4.5279637280122005, "population_additional_5min": 4.5279637280122005, "existing_catchment_overlap_population_5min": 0.0, "existing_catchment_overlap_pct_5min": 0.0, "population_reachable_8min": 119.62771190415657, "population_additional_8min": 119.62771190415657, "existing_catchment_overlap_population_8min": 0.0, "existing_catchment_overlap_pct_8min": 0.0, "population_reachable_10min": 171.22048775226281, "population_additional_10min": 171.22048775226281, "existing_catchment_overlap_population_10min": 0.0, "existing_catchment_overlap_pct_10min": 0.0, "population_reachable_12min": 218.39998748026966, "population_additional_12min": 218.39998748026966, "existing_catchment_overlap_population_12min": 0.0, "existing_catchment_overlap_pct_12min": 0.0, "nearest_official_stop_walk_network_m": 1847.2178717013915, "nearest_official_stop_cluster_id": "EX_018", "nearby_official_routes": "D148", "nearby_official_route_count": 1, "settlement_coverage_10min_count": 2, "settlement_additional_10min_count": 2, "settlement_additional_10min_names": "Beolco|Spiazzo", "destination_coverage_10min_count": 0, "destination_additional_10min_count": 0, "destination_additional_10min_names": "", "pruned_near_existing_stop": false, "pruned_no_access_gain": false, "candidate_id": "P2V2S_0019", "stop_type": "PROPOSED_STOP", "physical_status": "FIELD_CHECK_PENDING", "epistemic_status": "PROPOSED_STOP/FIELD_CHECK_PENDING", "road_eligibility_status": "DERIVED_GATE_D_BUS_ELIGIBLE", "candidate_status": "HYPOTHESIS_NOT_RECOMMENDATION", "population_spatial_model": "DASYMETRIC_BUILDING_SECTION_INTERSECTION_V2", "discovery_area_contract": "ANALYSIS_ENVELOPE_PLUS_INHERITED_150M_SITING_BUFFER", "potential_interchange_with_reference_gtfs": false, "interchange_evidence_status": "DERIVED_FROM_REFERENCE_PERIOD_GTFS_PROXIMITY_NOT_CURRENT_SERVICE_GUARANTEE", "discovery_sample_spacing_m_assumption": 150.0, "candidate_pruning_radius_m_assumption": 220.0, "source_gate_b_commit": "55d726564e13acca55ce563cc911263ac513acb0", "source_gate_d_commit": "7c220f7586d0f6e5cccd14a2d518be52eb1c4a55", "source_building_population_head": "29203ad64c3e32e6164ef6997933eb5c5ff2d5b1", "source_analysis_envelope_commit": "8a4608a60ecb367535814d965822e7502ae31eb9", "PRO_COM_T": "097058", "COMUNE": "Olgiate Molgora", "analysis_role": "UNSPECIFIED", "municipal_2021_resident_work_commuters_context": 2287.0, "municipal_2021_outbound_workers_context": 1961.0, "od_2021_context_status": "FACT_ISTAT_2021_WORK_COMMUTING_MUNICIPAL_ONLY_NOT_STOP_DEMAND" }, "geometry": { "type": "Point", "coordinates": [ 9.389448623767025, 45.717537993584678 ] } },
{ "type": "Feature", "properties": { "osm_way_id": "573583651", "highway": "unclassified", "road_uncertainty_flags": "missing_lanes|missing_maxheight|missing_maxweight|missing_maxwidth|missing_width", "sample_index": 0, "x_utm32": 531568.40516655345, "y_utm32": 5062750.1295298198, "lon": 9.405631667546686, "lat": 45.717585913781647, "discovery_evidence": "BUILDING_GAP8:20230101_000000::RLB-04edfa05-e68b-4af7-8917-ee471500f604::SEC=970120000022|BUILDING_GAP8:20230101_000000::RLB-113ed0b4-2281-4131-83ba-795f34887967::SEC=970120000022|BUILDING_GAP8:20230101_000000::RLB-175a3685-7779-49e6-8d4c-b06181d77aed::SEC=970120000022|BUILDING_GAP8:20230101_000000::RLB-1a09107f-4869-41e3-a6aa-76a7b1c701cd::SEC=970120000022|BUILDING_GAP8:20230101_000000::RLB-3d69ed21-ed79-4774-acfe-0dade56e4693::SEC=970120000022|BUILDING_GAP8:20230101_000000::RLB-68e0addf-8d8c-46ba-9b94-2bd8fd5b7163::SEC=970120000022|BUILDING_GAP8:20230101_000000::RLB-6fca5771-d5fb-4e2e-9f17-28a0f90f15eb::SEC=970120000022|BUILDING_GAP8:20230101_000000::RLB-83963398-df63-4927-a0ca-77dbdd642c07::SEC=970120000022|BUILDING_GAP8:20230101_000000::RLB-8832ca00-a040-451a-adc3-c6d54fa4ba9e::SEC=970120000022|BUILDING_GAP8:20230101_000000::RLB-99b8cb67-6f23-442c-b5bf-88f33f81dc0f::SEC=970120000022|BUILDING_GAP8:20230101_000000::RLB-9fb4cf81-f890-4a34-97e7-7d72375190ec::SEC=970120000022|BUILDING_GAP8:20230101_000000::RLB-ad936bdd-e435-4f13-9718-f6d6b6ca8e70::SEC=970120000022|BUILDING_GAP8:20230101_000000::RLB-b238a9d1-1165-4623-9363-d6907ee7abf1::SEC=970120000022|BUILDING_GAP8:20230101_000000::RLB-bbe79082-5848-40a3-aac9-65022a41601e::SEC=970120000022|BUILDING_GAP8:20230101_000000::RLB-d4015d8b-e1f9-4c8a-aaf9-1c58058f4da8::SEC=970120000022|BUILDING_GAP8:20230101_000000::RLB-d8242fff-4e99-4f08-bfcb-7d2f6346011f::SEC=970120000022|SETTLEMENT_GAP8:OSM_POINT_1620729074", "discovery_seed_count": 17, "walk_graph_node_id": 18096, "walk_graph_connector_m": 2.4123087537834262, "walk_graph_connector_min": 0.030153859422292827, "walk_graph_snap_ok": true, "population_reachable_5min": 63.570504527813704, "population_additional_5min": 63.570504527813704, "existing_catchment_overlap_population_5min": 0.0, "existing_catchment_overlap_pct_5min": 0.0, "population_reachable_8min": 96.440710710994665, "population_additional_8min": 63.570504527813704, "existing_catchment_overlap_population_8min": 32.870206183180962, "existing_catchment_overlap_pct_8min": 34.083330515557485, "population_reachable_10min": 133.07543894231731, "population_additional_10min": 63.570504527813704, "existing_catchment_overlap_population_10min": 69.504934414503595, "existing_catchment_overlap_pct_10min": 52.229723957274423, "population_reachable_12min": 200.27625315849238, "population_additional_12min": 58.200520131860038, "existing_catchment_overlap_population_12min": 142.07573302663232, "existing_catchment_overlap_pct_12min": 70.939879684187034, "nearest_official_stop_walk_network_m": 1170.5688264732585, "nearest_official_stop_cluster_id": "EX_005", "nearby_official_routes": "D148|D150", "nearby_official_route_count": 2, "settlement_coverage_10min_count": 1, "settlement_additional_10min_count": 1, "settlement_additional_10min_names": "Scagnello", "destination_coverage_10min_count": 1, "destination_additional_10min_count": 1, "destination_additional_10min_names": "Esselunga", "pruned_near_existing_stop": false, "pruned_no_access_gain": false, "candidate_id": "P2V2S_0020", "stop_type": "PROPOSED_STOP", "physical_status": "FIELD_CHECK_PENDING", "epistemic_status": "PROPOSED_STOP/FIELD_CHECK_PENDING", "road_eligibility_status": "DERIVED_GATE_D_BUS_ELIGIBLE", "candidate_status": "HYPOTHESIS_NOT_RECOMMENDATION", "population_spatial_model": "DASYMETRIC_BUILDING_SECTION_INTERSECTION_V2", "discovery_area_contract": "ANALYSIS_ENVELOPE_PLUS_INHERITED_150M_SITING_BUFFER", "potential_interchange_with_reference_gtfs": false, "interchange_evidence_status": "DERIVED_FROM_REFERENCE_PERIOD_GTFS_PROXIMITY_NOT_CURRENT_SERVICE_GUARANTEE", "discovery_sample_spacing_m_assumption": 150.0, "candidate_pruning_radius_m_assumption": 220.0, "source_gate_b_commit": "55d726564e13acca55ce563cc911263ac513acb0", "source_gate_d_commit": "7c220f7586d0f6e5cccd14a2d518be52eb1c4a55", "source_building_population_head": "29203ad64c3e32e6164ef6997933eb5c5ff2d5b1", "source_analysis_envelope_commit": "8a4608a60ecb367535814d965822e7502ae31eb9", "PRO_COM_T": "097012", "COMUNE": "Calco", "analysis_role": "UNSPECIFIED", "municipal_2021_resident_work_commuters_context": 2173.0, "municipal_2021_outbound_workers_context": 1894.0, "od_2021_context_status": "FACT_ISTAT_2021_WORK_COMMUTING_MUNICIPAL_ONLY_NOT_STOP_DEMAND" }, "geometry": { "type": "Point", "coordinates": [ 9.405631667546686, 45.717585913781647 ] } },
{ "type": "Feature", "properties": { "osm_way_id": "149038101", "highway": "unclassified", "road_uncertainty_flags": "missing_lanes|missing_maxheight|missing_maxweight|missing_maxwidth|missing_width", "sample_index": 5, "x_utm32": 533772.48709701537, "y_utm32": 5062780.3607005803, "lon": 9.4339538737196751, "lat": 45.717753953238486, "discovery_evidence": "SETTLEMENT_GAP8:OSM_POINT_1620729043", "discovery_seed_count": 1, "walk_graph_node_id": 24701, "walk_graph_connector_m": 3.4968181582626414, "walk_graph_connector_min": 0.043710226978283015, "walk_graph_snap_ok": true, "population_reachable_5min": 0.0, "population_additional_5min": 0.0, "existing_catchment_overlap_population_5min": 0.0, "existing_catchment_overlap_pct_5min": 0.0, "population_reachable_8min": 8.7657411463540296, "population_additional_8min": 8.7657411463540296, "existing_catchment_overlap_population_8min": 0.0, "existing_catchment_overlap_pct_8min": 0.0, "population_reachable_10min": 12.488191313667992, "population_additional_10min": 12.488191313667992, "existing_catchment_overlap_population_10min": 0.0, "existing_catchment_overlap_pct_10min": 0.0, "population_reachable_12min": 12.488191313667992, "population_additional_12min": 12.488191313667992, "existing_catchment_overlap_population_12min": 0.0, "existing_catchment_overlap_pct_12min": 0.0, "nearest_official_stop_walk_network_m": 1516.7092403920667, "nearest_official_stop_cluster_id": "EX_031", "nearby_official_routes": "D150|D170", "nearby_official_route_count": 2, "settlement_coverage_10min_count": 1, "settlement_additional_10min_count": 1, "settlement_additional_10min_names": "Cassina Fra Martino", "destination_coverage_10min_count": 0, "destination_additional_10min_count": 0, "destination_additional_10min_names": "", "pruned_near_existing_stop": false, "pruned_no_access_gain": false, "candidate_id": "P2V2S_0021", "stop_type": "PROPOSED_STOP", "physical_status": "FIELD_CHECK_PENDING", "epistemic_status": "PROPOSED_STOP/FIELD_CHECK_PENDING", "road_eligibility_status": "DERIVED_GATE_D_BUS_ELIGIBLE", "candidate_status": "HYPOTHESIS_NOT_RECOMMENDATION", "population_spatial_model": "DASYMETRIC_BUILDING_SECTION_INTERSECTION_V2", "discovery_area_contract": "ANALYSIS_ENVELOPE_PLUS_INHERITED_150M_SITING_BUFFER", "potential_interchange_with_reference_gtfs": false, "interchange_evidence_status": "DERIVED_FROM_REFERENCE_PERIOD_GTFS_PROXIMITY_NOT_CURRENT_SERVICE_GUARANTEE", "discovery_sample_spacing_m_assumption": 150.0, "candidate_pruning_radius_m_assumption": 220.0, "source_gate_b_commit": "55d726564e13acca55ce563cc911263ac513acb0", "source_gate_d_commit": "7c220f7586d0f6e5cccd14a2d518be52eb1c4a55", "source_building_population_head": "29203ad64c3e32e6164ef6997933eb5c5ff2d5b1", "source_analysis_envelope_commit": "8a4608a60ecb367535814d965822e7502ae31eb9", "PRO_COM_T": "097048", "COMUNE": "Merate", "analysis_role": "UNSPECIFIED", "municipal_2021_resident_work_commuters_context": null, "municipal_2021_outbound_workers_context": null, "od_2021_context_status": "FACT_ISTAT_2021_WORK_COMMUTING_MUNICIPAL_ONLY_NOT_STOP_DEMAND" }, "geometry": { "type": "Point", "coordinates": [ 9.433953873719675, 45.717753953238486 ] } },
{ "type": "Feature", "properties": { "osm_way_id": "190278417", "highway": "residential", "road_uncertainty_flags": "missing_maxheight|missing_maxweight|missing_maxwidth|missing_width", "sample_index": 1, "x_utm32": 530605.19447883696, "y_utm32": 5062826.8800300267, "lon": 9.393260236605828, "lat": 45.718319982789552, "discovery_evidence": "BUILDING_GAP8:20230101_000000::RLB-0ab39a31-2556-41c1-b144-6097b18e70ba::SEC=970580000011|BUILDING_GAP8:20230101_000000::RLB-1766ed92-503c-4d71-b9d8-3c11136e9f59::SEC=970580000011|BUILDING_GAP8:20230101_000000::RLB-1ec99404-0336-4ca9-ab76-6a5fc3c59980::SEC=970580000011|BUILDING_GAP8:20230101_000000::RLB-3b8c7c6f-b606-47aa-9446-cf7d43816f38::SEC=970580000011|BUILDING_GAP8:20230101_000000::RLB-40a6e4cd-8f36-4390-b7c1-69a63745aa05::SEC=970580000011|BUILDING_GAP8:20230101_000000::RLB-45eae43d-777e-4907-92e5-cbfb00b7f99b::SEC=970580000059|BUILDING_GAP8:20230101_000000::RLB-5f537a26-4577-4a90-86bf-b0f7c4b6981c::SEC=970580000011|BUILDING_GAP8:20230101_000000::RLB-88d31c78-c3a1-4119-ad9f-ac4d442e00c1::SEC=970580000011|BUILDING_GAP8:20230101_000000::RLB-a2a72cee-0318-414c-920d-6faafa45854c::SEC=970580000011|BUILDING_GAP8:20230101_000000::RLB-cf780bcc-d831-4b1c-bbc2-85a5b9709f58::SEC=970580000011|BUILDING_GAP8:20230101_000000::RLB-f73fe1cd-d24c-47c1-a06a-abdc5598b2d1::SEC=970580000011|BUILDING_GAP8:20230101_000000::RLB-ff598f28-49b0-4625-9432-01c747a11568::SEC=970580000011|SETTLEMENT_GAP8:OSM_POINT_538561433", "discovery_seed_count": 13, "walk_graph_node_id": 14641, "walk_graph_connector_m": 10.260794236988589, "walk_graph_connector_min": 0.12825992796235736, "walk_graph_snap_ok": true, "population_reachable_5min": 102.11467593308485, "population_additional_5min": 102.11467593308485, "existing_catchment_overlap_population_5min": 0.0, "existing_catchment_overlap_pct_5min": 0.0, "population_reachable_8min": 262.43145250677026, "population_additional_8min": 262.43145250677026, "existing_catchment_overlap_population_8min": 0.0, "existing_catchment_overlap_pct_8min": 0.0, "population_reachable_10min": 514.29120714999431, "population_additional_10min": 514.29120714999431, "existing_catchment_overlap_population_10min": 0.0, "existing_catchment_overlap_pct_10min": 0.0, "population_reachable_12min": 849.71557297159438, "population_additional_12min": 656.61001469678445, "existing_catchment_overlap_population_12min": 193.10555827480991, "existing_catchment_overlap_pct_12min": 22.725905516770535, "nearest_official_stop_walk_network_m": 1607.6304723781136, "nearest_official_stop_cluster_id": "EX_018", "nearby_official_routes": "D148", "nearby_official_route_count": 1, "settlement_coverage_10min_count": 1, "settlement_additional_10min_count": 1, "settlement_additional_10min_names": "Beolco", "destination_coverage_10min_count": 0, "destination_additional_10min_count": 0, "destination_additional_10min_names": "", "pruned_near_existing_stop": false, "pruned_no_access_gain": false, "candidate_id": "P2V2S_0022", "stop_type": "PROPOSED_STOP", "physical_status": "FIELD_CHECK_PENDING", "epistemic_status": "PROPOSED_STOP/FIELD_CHECK_PENDING", "road_eligibility_status": "DERIVED_GATE_D_BUS_ELIGIBLE", "candidate_status": "HYPOTHESIS_NOT_RECOMMENDATION", "population_spatial_model": "DASYMETRIC_BUILDING_SECTION_INTERSECTION_V2", "discovery_area_contract": "ANALYSIS_ENVELOPE_PLUS_INHERITED_150M_SITING_BUFFER", "potential_interchange_with_reference_gtfs": false, "interchange_evidence_status": "DERIVED_FROM_REFERENCE_PERIOD_GTFS_PROXIMITY_NOT_CURRENT_SERVICE_GUARANTEE", "discovery_sample_spacing_m_assumption": 150.0, "candidate_pruning_radius_m_assumption": 220.0, "source_gate_b_commit": "55d726564e13acca55ce563cc911263ac513acb0", "source_gate_d_commit": "7c220f7586d0f6e5cccd14a2d518be52eb1c4a55", "source_building_population_head": "29203ad64c3e32e6164ef6997933eb5c5ff2d5b1", "source_analysis_envelope_commit": "8a4608a60ecb367535814d965822e7502ae31eb9", "PRO_COM_T": "097058", "COMUNE": "Olgiate Molgora", "analysis_role": "UNSPECIFIED", "municipal_2021_resident_work_commuters_context": 2287.0, "municipal_2021_outbound_workers_context": 1961.0, "od_2021_context_status": "FACT_ISTAT_2021_WORK_COMMUTING_MUNICIPAL_ONLY_NOT_STOP_DEMAND" }, "geometry": { "type": "Point", "coordinates": [ 9.393260236605828, 45.718319982789552 ] } },
{ "type": "Feature", "properties": { "osm_way_id": "198446596", "highway": "unclassified", "road_uncertainty_flags": "missing_maxheight|missing_maxweight|missing_maxwidth|missing_width", "sample_index": 1, "x_utm32": 529137.34909929975, "y_utm32": 5062837.6123306826, "lon": 9.3744002772765356, "lat": 45.718479942981951, "discovery_evidence": "BUILDING_GAP8:20230101_000000::RLB-2e483b96-6b6c-4e31-b35d-ed326a9d6702::SEC=970920000017|BUILDING_GAP8:20230101_000000::RLB-d143efcf-5c5d-4486-a326-6c8c32a53031::SEC=970920000017|SETTLEMENT_GAP8:OSM_POINT_534888593", "discovery_seed_count": 3, "walk_graph_node_id": 7994, "walk_graph_connector_m": 4.7597191685714959, "walk_graph_connector_min": 0.059496489607143696, "walk_graph_snap_ok": true, "population_reachable_5min": 26.44413396239316, "population_additional_5min": 26.44413396239316, "existing_catchment_overlap_population_5min": 0.0, "existing_catchment_overlap_pct_5min": 0.0, "population_reachable_8min": 37.522952458204472, "population_additional_8min": 37.522952458204472, "existing_catchment_overlap_population_8min": 0.0, "existing_catchment_overlap_pct_8min": 0.0, "population_reachable_10min": 44.716327026873273, "population_additional_10min": 44.716327026873273, "existing_catchment_overlap_population_10min": 0.0, "existing_catchment_overlap_pct_10min": 0.0, "population_reachable_12min": 75.611950215178283, "population_additional_12min": 75.611950215178283, "existing_catchment_overlap_population_12min": 0.0, "existing_catchment_overlap_pct_12min": 0.0, "nearest_official_stop_walk_network_m": 2456.9657191870574, "nearest_official_stop_cluster_id": "EX_026", "nearby_official_routes": "D184", "nearby_official_route_count": 1, "settlement_coverage_10min_count": 1, "settlement_additional_10min_count": 1, "settlement_additional_10min_names": "Ospedaletto", "destination_coverage_10min_count": 0, "destination_additional_10min_count": 0, "destination_additional_10min_names": "", "pruned_near_existing_stop": false, "pruned_no_access_gain": false, "candidate_id": "P2V2S_0023", "stop_type": "PROPOSED_STOP", "physical_status": "FIELD_CHECK_PENDING", "epistemic_status": "PROPOSED_STOP/FIELD_CHECK_PENDING", "road_eligibility_status": "DERIVED_GATE_D_BUS_ELIGIBLE", "candidate_status": "HYPOTHESIS_NOT_RECOMMENDATION", "population_spatial_model": "DASYMETRIC_BUILDING_SECTION_INTERSECTION_V2", "discovery_area_contract": "ANALYSIS_ENVELOPE_PLUS_INHERITED_150M_SITING_BUFFER", "potential_interchange_with_reference_gtfs": false, "interchange_evidence_status": "DERIVED_FROM_REFERENCE_PERIOD_GTFS_PROXIMITY_NOT_CURRENT_SERVICE_GUARANTEE", "discovery_sample_spacing_m_assumption": 150.0, "candidate_pruning_radius_m_assumption": 220.0, "source_gate_b_commit": "55d726564e13acca55ce563cc911263ac513acb0", "source_gate_d_commit": "7c220f7586d0f6e5cccd14a2d518be52eb1c4a55", "source_building_population_head": "29203ad64c3e32e6164ef6997933eb5c5ff2d5b1", "source_analysis_envelope_commit": "8a4608a60ecb367535814d965822e7502ae31eb9", "PRO_COM_T": "097092", "COMUNE": "La Valletta Brianza", "analysis_role": "UNSPECIFIED", "municipal_2021_resident_work_commuters_context": 1796.0, "municipal_2021_outbound_workers_context": 1521.0, "od_2021_context_status": "FACT_ISTAT_2021_WORK_COMMUTING_MUNICIPAL_ONLY_NOT_STOP_DEMAND" }, "geometry": { "type": "Point", "coordinates": [ 9.374400277276536, 45.718479942981951 ] } },
{ "type": "Feature", "properties": { "osm_way_id": "144067229", "highway": "residential", "road_uncertainty_flags": "missing_lanes|missing_maxheight|missing_maxweight|missing_maxwidth|missing_width", "sample_index": 1, "x_utm32": 529973.5667649426, "y_utm32": 5062871.0772177801, "lon": 9.3851470813369673, "lat": 45.71874543072979, "discovery_evidence": "BUILDING_GAP8:20230101_000000::RLB-02c87d94-9f63-4d8d-b164-1b0211e6e835::SEC=970920000006|BUILDING_GAP8:20230101_000000::RLB-32dcb734-657e-4b26-8ae1-e980e71f6250::SEC=970920000006|BUILDING_GAP8:20230101_000000::RLB-5692e197-8d59-4e89-a1c9-a1c125041296::SEC=970920000006|BUILDING_GAP8:20230101_000000::RLB-67b53f8b-49c7-456c-a62f-e7eddbd9cced::SEC=970920000006|BUILDING_GAP8:20230101_000000::RLB-6a05c46c-ef12-4008-a1e3-e978f4007c8f::SEC=970920000006|BUILDING_GAP8:20230101_000000::RLB-91d0293d-303b-4f0e-9dfa-a8a5834e2f64::SEC=970920000006|BUILDING_GAP8:20230101_000000::RLB-98fcacbd-67d8-4f76-b4a9-5c903e9ab1b0::SEC=970920000017|BUILDING_GAP8:20230101_000000::RLB-9fbc5664-9ecb-4660-844f-196bd649afde::SEC=970920000006|BUILDING_GAP8:20230101_000000::RLB-ad0476df-e931-4be1-89a7-a924634d2072::SEC=970920000006|BUILDING_GAP8:20230101_000000::RLB-e1933b82-e96d-4d9f-830a-d3ba98076a0a::SEC=970920000006|BUILDING_GAP8:20230101_000000::RLB-e866e49e-094d-4a0d-bc3f-858be1285fa2::SEC=970920000006", "discovery_seed_count": 11, "walk_graph_node_id": 11762, "walk_graph_connector_m": 2.4831805765684205, "walk_graph_connector_min": 0.031039757207105258, "walk_graph_snap_ok": true, "population_reachable_5min": 48.931881989181974, "population_additional_5min": 48.931881989181974, "existing_catchment_overlap_population_5min": 0.0, "existing_catchment_overlap_pct_5min": 0.0, "population_reachable_8min": 82.183798785491575, "population_additional_8min": 82.183798785491575, "existing_catchment_overlap_population_8min": 0.0, "existing_catchment_overlap_pct_8min": 0.0, "population_reachable_10min": 92.393916675254445, "population_additional_10min": 92.393916675254445, "existing_catchment_overlap_population_10min": 0.0, "existing_catchment_overlap_pct_10min": 0.0, "population_reachable_12min": 98.684345156784019, "population_additional_12min": 98.684345156784019, "existing_catchment_overlap_population_12min": 0.0, "existing_catchment_overlap_pct_12min": 0.0, "nearest_official_stop_walk_network_m": 2543.2054160142357, "nearest_official_stop_cluster_id": "EX_018", "nearby_official_routes": "D148", "nearby_official_route_count": 1, "settlement_coverage_10min_count": 1, "settlement_additional_10min_count": 1, "settlement_additional_10min_names": "Spiazzo", "destination_coverage_10min_count": 0, "destination_additional_10min_count": 0, "destination_additional_10min_names": "", "pruned_near_existing_stop": false, "pruned_no_access_gain": false, "candidate_id": "P2V2S_0024", "stop_type": "PROPOSED_STOP", "physical_status": "FIELD_CHECK_PENDING", "epistemic_status": "PROPOSED_STOP/FIELD_CHECK_PENDING", "road_eligibility_status": "DERIVED_GATE_D_BUS_ELIGIBLE", "candidate_status": "HYPOTHESIS_NOT_RECOMMENDATION", "population_spatial_model": "DASYMETRIC_BUILDING_SECTION_INTERSECTION_V2", "discovery_area_contract": "ANALYSIS_ENVELOPE_PLUS_INHERITED_150M_SITING_BUFFER", "potential_interchange_with_reference_gtfs": false, "interchange_evidence_status": "DERIVED_FROM_REFERENCE_PERIOD_GTFS_PROXIMITY_NOT_CURRENT_SERVICE_GUARANTEE", "discovery_sample_spacing_m_assumption": 150.0, "candidate_pruning_radius_m_assumption": 220.0, "source_gate_b_commit": "55d726564e13acca55ce563cc911263ac513acb0", "source_gate_d_commit": "7c220f7586d0f6e5cccd14a2d518be52eb1c4a55", "source_building_population_head": "29203ad64c3e32e6164ef6997933eb5c5ff2d5b1", "source_analysis_envelope_commit": "8a4608a60ecb367535814d965822e7502ae31eb9", "PRO_COM_T": "097092", "COMUNE": "La Valletta Brianza", "analysis_role": "UNSPECIFIED", "municipal_2021_resident_work_commuters_context": 1796.0, "municipal_2021_outbound_workers_context": 1521.0, "od_2021_context_status": "FACT_ISTAT_2021_WORK_COMMUTING_MUNICIPAL_ONLY_NOT_STOP_DEMAND" }, "geometry": { "type": "Point", "coordinates": [ 9.385147081336967, 45.71874543072979 ] } },
{ "type": "Feature", "properties": { "osm_way_id": "1447755760", "highway": "service", "road_uncertainty_flags": "missing_lanes|missing_maxheight|missing_maxweight|missing_maxwidth|missing_width", "sample_index": 0, "x_utm32": 530880.31067983271, "y_utm32": 5062942.2095905449, "lon": 9.3968025936640185, "lat": 45.719345792430431, "discovery_evidence": "BUILDING_GAP8:20230101_000000::RLB-f32cc230-b605-40a2-a137-095adf6901af::SEC=970580000006", "discovery_seed_count": 1, "walk_graph_node_id": 15681, "walk_graph_connector_m": 19.718372987184377, "walk_graph_connector_min": 0.24647966233980473, "walk_graph_snap_ok": true, "population_reachable_5min": 197.20520996170296, "population_additional_5min": 197.20520996170296, "existing_catchment_overlap_population_5min": 0.0, "existing_catchment_overlap_pct_5min": 0.0, "population_reachable_8min": 707.36138421225974, "population_additional_8min": 707.36138421225974, "existing_catchment_overlap_population_8min": 0.0, "existing_catchment_overlap_pct_8min": 0.0, "population_reachable_10min": 1146.9860722845483, "population_additional_10min": 1026.9028990541933, "existing_catchment_overlap_population_10min": 120.08317323035496, "existing_catchment_overlap_pct_10min": 10.469453477423247, "population_reachable_12min": 1630.0160791994108, "population_additional_12min": 854.67622855347372, "existing_catchment_overlap_population_12min": 775.33985064593708, "existing_catchment_overlap_pct_12min": 47.566392782256997, "nearest_official_stop_walk_network_m": 1341.9379056980429, "nearest_official_stop_cluster_id": "EX_018", "nearby_official_routes": "D148", "nearby_official_route_count": 1, "settlement_coverage_10min_count": 1, "settlement_additional_10min_count": 1, "settlement_additional_10min_names": "Beolco", "destination_coverage_10min_count": 0, "destination_additional_10min_count": 0, "destination_additional_10min_names": "", "pruned_near_existing_stop": false, "pruned_no_access_gain": false, "candidate_id": "P2V2S_0025", "stop_type": "PROPOSED_STOP", "physical_status": "FIELD_CHECK_PENDING", "epistemic_status": "PROPOSED_STOP/FIELD_CHECK_PENDING", "road_eligibility_status": "DERIVED_GATE_D_BUS_ELIGIBLE", "candidate_status": "HYPOTHESIS_NOT_RECOMMENDATION", "population_spatial_model": "DASYMETRIC_BUILDING_SECTION_INTERSECTION_V2", "discovery_area_contract": "ANALYSIS_ENVELOPE_PLUS_INHERITED_150M_SITING_BUFFER", "potential_interchange_with_reference_gtfs": false, "interchange_evidence_status": "DERIVED_FROM_REFERENCE_PERIOD_GTFS_PROXIMITY_NOT_CURRENT_SERVICE_GUARANTEE", "discovery_sample_spacing_m_assumption": 150.0, "candidate_pruning_radius_m_assumption": 220.0, "source_gate_b_commit": "55d726564e13acca55ce563cc911263ac513acb0", "source_gate_d_commit": "7c220f7586d0f6e5cccd14a2d518be52eb1c4a55", "source_building_population_head": "29203ad64c3e32e6164ef6997933eb5c5ff2d5b1", "source_analysis_envelope_commit": "8a4608a60ecb367535814d965822e7502ae31eb9", "PRO_COM_T": "097058", "COMUNE": "Olgiate Molgora", "analysis_role": "UNSPECIFIED", "municipal_2021_resident_work_commuters_context": 2287.0, "municipal_2021_outbound_workers_context": 1961.0, "od_2021_context_status": "FACT_ISTAT_2021_WORK_COMMUTING_MUNICIPAL_ONLY_NOT_STOP_DEMAND" }, "geometry": { "type": "Point", "coordinates": [ 9.396802593664018, 45.719345792430431 ] } },
{ "type": "Feature", "properties": { "osm_way_id": "278793604", "highway": "residential", "road_uncertainty_flags": "missing_lanes|missing_maxheight|missing_maxweight|missing_maxwidth|missing_width", "sample_index": 0, "x_utm32": 532024.47279184649, "y_utm32": 5062943.218620358, "lon": 9.4115044193121093, "lat": 45.719302867752212, "discovery_evidence": "BUILDING_GAP8:20230101_000000::RLB-4e675bc1-1c0d-4287-a7b5-d370dbead3a2::SEC=970120000083|BUILDING_GAP8:20230101_000000::RLB-bf6b43b6-707f-40ee-afc4-23adc122518e::SEC=970120000083", "discovery_seed_count": 2, "walk_graph_node_id": 19691, "walk_graph_connector_m": 3.4233034836743599, "walk_graph_connector_min": 0.042791293545929497, "walk_graph_snap_ok": true, "population_reachable_5min": 102.25153863717409, "population_additional_5min": 81.733505821474779, "existing_catchment_overlap_population_5min": 20.518032815699325, "existing_catchment_overlap_pct_5min": 20.066233808475804, "population_reachable_8min": 305.89910055807775, "population_additional_8min": 69.041721446169348, "existing_catchment_overlap_population_8min": 236.85737911190839, "existing_catchment_overlap_pct_8min": 77.429903742701214, "population_reachable_10min": 670.03631744730217, "population_additional_10min": 91.916863729025835, "existing_catchment_overlap_population_10min": 578.1194537182763, "existing_catchment_overlap_pct_10min": 86.281808711621807, "population_reachable_12min": 1017.5877316991205, "population_additional_12min": 58.200520131860038, "existing_catchment_overlap_population_12min": 959.38721156726058, "existing_catchment_overlap_pct_12min": 94.280540309317658, "nearest_official_stop_walk_network_m": 650.29520765843995, "nearest_official_stop_cluster_id": "EX_005", "nearby_official_routes": "D148|D150", "nearby_official_route_count": 2, "settlement_coverage_10min_count": 3, "settlement_additional_10min_count": 2, "settlement_additional_10min_names": "Limito|Scagnello", "destination_coverage_10min_count": 3, "destination_additional_10min_count": 1, "destination_additional_10min_names": "Esselunga", "pruned_near_existing_stop": false, "pruned_no_access_gain": false, "candidate_id": "P2V2S_0026", "stop_type": "PROPOSED_STOP", "physical_status": "FIELD_CHECK_PENDING", "epistemic_status": "PROPOSED_STOP/FIELD_CHECK_PENDING", "road_eligibility_status": "DERIVED_GATE_D_BUS_ELIGIBLE", "candidate_status": "HYPOTHESIS_NOT_RECOMMENDATION", "population_spatial_model": "DASYMETRIC_BUILDING_SECTION_INTERSECTION_V2", "discovery_area_contract": "ANALYSIS_ENVELOPE_PLUS_INHERITED_150M_SITING_BUFFER", "potential_interchange_with_reference_gtfs": false, "interchange_evidence_status": "DERIVED_FROM_REFERENCE_PERIOD_GTFS_PROXIMITY_NOT_CURRENT_SERVICE_GUARANTEE", "discovery_sample_spacing_m_assumption": 150.0, "candidate_pruning_radius_m_assumption": 220.0, "source_gate_b_commit": "55d726564e13acca55ce563cc911263ac513acb0", "source_gate_d_commit": "7c220f7586d0f6e5cccd14a2d518be52eb1c4a55", "source_building_population_head": "29203ad64c3e32e6164ef6997933eb5c5ff2d5b1", "source_analysis_envelope_commit": "8a4608a60ecb367535814d965822e7502ae31eb9", "PRO_COM_T": "097048", "COMUNE": "Merate", "analysis_role": "UNSPECIFIED", "municipal_2021_resident_work_commuters_context": null, "municipal_2021_outbound_workers_context": null, "od_2021_context_status": "FACT_ISTAT_2021_WORK_COMMUTING_MUNICIPAL_ONLY_NOT_STOP_DEMAND" }, "geometry": { "type": "Point", "coordinates": [ 9.411504419312109, 45.719302867752212 ] } },
{ "type": "Feature", "properties": { "osm_way_id": "190278420", "highway": "residential", "road_uncertainty_flags": "missing_lanes|missing_maxheight|missing_maxweight|missing_maxwidth|missing_width", "sample_index": 0, "x_utm32": 531230.01678665297, "y_utm32": 5062969.2935586777, "lon": 9.4012978451502018, "lat": 45.719573868777296, "discovery_evidence": "BUILDING_GAP8:20230101_000000::RLB-44f2966f-6af7-409d-ac68-f2cb4c8c6169::SEC=970580000006|BUILDING_GAP8:20230101_000000::RLB-7c4c4b84-ec81-4ee6-8a10-d1b7447f0572::SEC=970580000006|BUILDING_GAP8:20230101_000000::RLB-98a63ec2-6d11-4b5a-98d8-a2b41408ed41::SEC=970580000006|BUILDING_GAP8:20230101_000000::RLB-a7682d77-1f4d-440c-b233-edec0d02e3b9::SEC=970580000006|BUILDING_GAP8:20230101_000000::RLB-ce9ee2c7-65b3-4ae2-8776-94ab91ace043::SEC=970580000006|BUILDING_GAP8:20230101_000000::RLB-d7e3a4d5-c51f-41d3-94c4-50a2fb55dfc0::SEC=970580000006", "discovery_seed_count": 6, "walk_graph_node_id": 16935, "walk_graph_connector_m": 2.9311742186658529, "walk_graph_connector_min": 0.036639677733323162, "walk_graph_snap_ok": true, "population_reachable_5min": 207.87119326102564, "population_additional_5min": 207.87119326102564, "existing_catchment_overlap_population_5min": 0.0, "existing_catchment_overlap_pct_5min": 0.0, "population_reachable_8min": 693.68299198169154, "population_additional_8min": 693.68299198169154, "existing_catchment_overlap_population_8min": 0.0, "existing_catchment_overlap_pct_8min": 0.0, "population_reachable_10min": 1169.6883594538058, "population_additional_10min": 967.87920966898628, "existing_catchment_overlap_population_10min": 201.80914978481934, "existing_catchment_overlap_pct_10min": 17.253240844343836, "population_reachable_12min": 1819.6346819011001, "population_additional_12min": 806.23167119433151, "existing_catchment_overlap_population_12min": 1013.4030107067686, "existing_catchment_overlap_pct_12min": 55.692662971668319, "nearest_official_stop_walk_network_m": 1336.694478932618, "nearest_official_stop_cluster_id": "EX_018", "nearby_official_routes": "D148", "nearby_official_route_count": 1, "settlement_coverage_10min_count": 0, "settlement_additional_10min_count": 0, "settlement_additional_10min_names": "", "destination_coverage_10min_count": 1, "destination_additional_10min_count": 1, "destination_additional_10min_names": "OSM leisure:sports_centre 1837075017", "pruned_near_existing_stop": false, "pruned_no_access_gain": false, "candidate_id": "P2V2S_0027", "stop_type": "PROPOSED_STOP", "physical_status": "FIELD_CHECK_PENDING", "epistemic_status": "PROPOSED_STOP/FIELD_CHECK_PENDING", "road_eligibility_status": "DERIVED_GATE_D_BUS_ELIGIBLE", "candidate_status": "HYPOTHESIS_NOT_RECOMMENDATION", "population_spatial_model": "DASYMETRIC_BUILDING_SECTION_INTERSECTION_V2", "discovery_area_contract": "ANALYSIS_ENVELOPE_PLUS_INHERITED_150M_SITING_BUFFER", "potential_interchange_with_reference_gtfs": false, "interchange_evidence_status": "DERIVED_FROM_REFERENCE_PERIOD_GTFS_PROXIMITY_NOT_CURRENT_SERVICE_GUARANTEE", "discovery_sample_spacing_m_assumption": 150.0, "candidate_pruning_radius_m_assumption": 220.0, "source_gate_b_commit": "55d726564e13acca55ce563cc911263ac513acb0", "source_gate_d_commit": "7c220f7586d0f6e5cccd14a2d518be52eb1c4a55", "source_building_population_head": "29203ad64c3e32e6164ef6997933eb5c5ff2d5b1", "source_analysis_envelope_commit": "8a4608a60ecb367535814d965822e7502ae31eb9", "PRO_COM_T": "097058", "COMUNE": "Olgiate Molgora", "analysis_role": "UNSPECIFIED", "municipal_2021_resident_work_commuters_context": 2287.0, "municipal_2021_outbound_workers_context": 1961.0, "od_2021_context_status": "FACT_ISTAT_2021_WORK_COMMUTING_MUNICIPAL_ONLY_NOT_STOP_DEMAND" }, "geometry": { "type": "Point", "coordinates": [ 9.401297845150202, 45.719573868777296 ] } },
{ "type": "Feature", "properties": { "osm_way_id": "1430850463", "highway": "service", "road_uncertainty_flags": "missing_lanes|missing_maxheight|missing_maxweight|missing_maxwidth|missing_width", "sample_index": 0, "x_utm32": 529599.21938838775, "y_utm32": 5063081.5143087013, "lon": 9.3803498418063889, "lat": 45.720655602481742, "discovery_evidence": "BUILDING_GAP8:20230101_000000::RLB-23359285-ff53-46ec-acb6-5f8d11c44750::SEC=970920000006|BUILDING_GAP8:20230101_000000::RLB-6e217e4b-8858-4877-ab10-8fdcff2e424c::SEC=970920000006|BUILDING_GAP8:20230101_000000::RLB-6e217e4b-8858-4877-ab10-8fdcff2e424c::SEC=970920000017|BUILDING_GAP8:20230101_000000::RLB-fe502069-f977-44b2-9f97-1b507749f711::SEC=970920000006", "discovery_seed_count": 4, "walk_graph_node_id": 10222, "walk_graph_connector_m": 5.3355133206896319, "walk_graph_connector_min": 0.066693916508620402, "walk_graph_snap_ok": true, "population_reachable_5min": 25.884677540272833, "population_additional_5min": 25.884677540272833, "existing_catchment_overlap_population_5min": 0.0, "existing_catchment_overlap_pct_5min": 0.0, "population_reachable_8min": 67.131184389622618, "population_additional_8min": 67.131184389622618, "existing_catchment_overlap_population_8min": 0.0, "existing_catchment_overlap_pct_8min": 0.0, "population_reachable_10min": 114.42371306975566, "population_additional_10min": 114.42371306975566, "existing_catchment_overlap_population_10min": 0.0, "existing_catchment_overlap_pct_10min": 0.0, "population_reachable_12min": 156.6446522109799, "population_additional_12min": 156.6446522109799, "existing_catchment_overlap_population_12min": 0.0, "existing_catchment_overlap_pct_12min": 0.0, "nearest_official_stop_walk_network_m": 2437.6339043160074, "nearest_official_stop_cluster_id": "EX_026", "nearby_official_routes": "D184", "nearby_official_route_count": 1, "settlement_coverage_10min_count": 1, "settlement_additional_10min_count": 1, "settlement_additional_10min_names": "Spiazzo", "destination_coverage_10min_count": 0, "destination_additional_10min_count": 0, "destination_additional_10min_names": "", "pruned_near_existing_stop": false, "pruned_no_access_gain": false, "candidate_id": "P2V2S_0028", "stop_type": "PROPOSED_STOP", "physical_status": "FIELD_CHECK_PENDING", "epistemic_status": "PROPOSED_STOP/FIELD_CHECK_PENDING", "road_eligibility_status": "DERIVED_GATE_D_BUS_ELIGIBLE", "candidate_status": "HYPOTHESIS_NOT_RECOMMENDATION", "population_spatial_model": "DASYMETRIC_BUILDING_SECTION_INTERSECTION_V2", "discovery_area_contract": "ANALYSIS_ENVELOPE_PLUS_INHERITED_150M_SITING_BUFFER", "potential_interchange_with_reference_gtfs": false, "interchange_evidence_status": "DERIVED_FROM_REFERENCE_PERIOD_GTFS_PROXIMITY_NOT_CURRENT_SERVICE_GUARANTEE", "discovery_sample_spacing_m_assumption": 150.0, "candidate_pruning_radius_m_assumption": 220.0, "source_gate_b_commit": "55d726564e13acca55ce563cc911263ac513acb0", "source_gate_d_commit": "7c220f7586d0f6e5cccd14a2d518be52eb1c4a55", "source_building_population_head": "29203ad64c3e32e6164ef6997933eb5c5ff2d5b1", "source_analysis_envelope_commit": "8a4608a60ecb367535814d965822e7502ae31eb9", "PRO_COM_T": "097092", "COMUNE": "La Valletta Brianza", "analysis_role": "UNSPECIFIED", "municipal_2021_resident_work_commuters_context": 1796.0, "municipal_2021_outbound_workers_context": 1521.0, "od_2021_context_status": "FACT_ISTAT_2021_WORK_COMMUTING_MUNICIPAL_ONLY_NOT_STOP_DEMAND" }, "geometry": { "type": "Point", "coordinates": [ 9.380349841806389, 45.720655602481742 ] } },
{ "type": "Feature", "properties": { "osm_way_id": "1153496540", "highway": "unclassified", "road_uncertainty_flags": "missing_maxheight|missing_maxweight|missing_maxwidth|missing_width", "sample_index": 0, "x_utm32": 529173.70161723904, "y_utm32": 5063082.8917229148, "lon": 9.3748821421972313, "lat": 45.72068607185733, "discovery_evidence": "BUILDING_GAP8:20230101_000000::RLB-14a5c4eb-87c5-4b02-9c27-e2462a8e6d83::SEC=970920000017|BUILDING_GAP8:20230101_000000::RLB-274bd59b-edc1-4ec8-9fce-93184a9962e4::SEC=970920000017|BUILDING_GAP8:20230101_000000::RLB-9dcb3c7e-d481-4146-b672-87706e1f14ab::SEC=970920000017|SETTLEMENT_GAP8:OSM_POINT_8823966883", "discovery_seed_count": 4, "walk_graph_node_id": 8154, "walk_graph_connector_m": 0.30739613260145066, "walk_graph_connector_min": 0.003842451657518133, "walk_graph_snap_ok": true, "population_reachable_5min": 12.174726127258948, "population_additional_5min": 12.174726127258948, "existing_catchment_overlap_population_5min": 0.0, "existing_catchment_overlap_pct_5min": 0.0, "population_reachable_8min": 73.850988203998455, "population_additional_8min": 73.850988203998455, "existing_catchment_overlap_population_8min": 0.0, "existing_catchment_overlap_pct_8min": 0.0, "population_reachable_10min": 126.42751410550005, "population_additional_10min": 126.42751410550005, "existing_catchment_overlap_population_10min": 0.0, "existing_catchment_overlap_pct_10min": 0.0, "population_reachable_12min": 207.38608291166241, "population_additional_12min": 207.38608291166241, "existing_catchment_overlap_population_12min": 0.0, "existing_catchment_overlap_pct_12min": 0.0, "nearest_official_stop_walk_network_m": 2204.0815380678664, "nearest_official_stop_cluster_id": "EX_026", "nearby_official_routes": "D184", "nearby_official_route_count": 1, "settlement_coverage_10min_count": 2, "settlement_additional_10min_count": 2, "settlement_additional_10min_names": "Brugolone|Galbusera Bianca", "destination_coverage_10min_count": 0, "destination_additional_10min_count": 0, "destination_additional_10min_names": "", "pruned_near_existing_stop": false, "pruned_no_access_gain": false, "candidate_id": "P2V2S_0029", "stop_type": "PROPOSED_STOP", "physical_status": "FIELD_CHECK_PENDING", "epistemic_status": "PROPOSED_STOP/FIELD_CHECK_PENDING", "road_eligibility_status": "DERIVED_GATE_D_BUS_ELIGIBLE", "candidate_status": "HYPOTHESIS_NOT_RECOMMENDATION", "population_spatial_model": "DASYMETRIC_BUILDING_SECTION_INTERSECTION_V2", "discovery_area_contract": "ANALYSIS_ENVELOPE_PLUS_INHERITED_150M_SITING_BUFFER", "potential_interchange_with_reference_gtfs": false, "interchange_evidence_status": "DERIVED_FROM_REFERENCE_PERIOD_GTFS_PROXIMITY_NOT_CURRENT_SERVICE_GUARANTEE", "discovery_sample_spacing_m_assumption": 150.0, "candidate_pruning_radius_m_assumption": 220.0, "source_gate_b_commit": "55d726564e13acca55ce563cc911263ac513acb0", "source_gate_d_commit": "7c220f7586d0f6e5cccd14a2d518be52eb1c4a55", "source_building_population_head": "29203ad64c3e32e6164ef6997933eb5c5ff2d5b1", "source_analysis_envelope_commit": "8a4608a60ecb367535814d965822e7502ae31eb9", "PRO_COM_T": "097092", "COMUNE": "La Valletta Brianza", "analysis_role": "UNSPECIFIED", "municipal_2021_resident_work_commuters_context": 1796.0, "municipal_2021_outbound_workers_context": 1521.0, "od_2021_context_status": "FACT_ISTAT_2021_WORK_COMMUTING_MUNICIPAL_ONLY_NOT_STOP_DEMAND" }, "geometry": { "type": "Point", "coordinates": [ 9.374882142197231, 45.72068607185733 ] } },
{ "type": "Feature", "properties": { "osm_way_id": "1465349140", "highway": "service", "road_uncertainty_flags": "missing_lanes|missing_maxheight|missing_maxweight|missing_maxwidth|missing_width", "sample_index": 0, "x_utm32": 533836.28096605418, "y_utm32": 5063145.1513753235, "lon": 9.434799024192122, "lat": 45.721034145919148, "discovery_evidence": "BUILDING_GAP8:20230101_000000::RLB-53ca451b-f22a-40da-a852-69982b6a953d::SEC=970120000006", "discovery_seed_count": 1, "walk_graph_node_id": 24852, "walk_graph_connector_m": 4.7949907042320525, "walk_graph_connector_min": 0.059937383802900659, "walk_graph_snap_ok": true, "population_reachable_5min": 12.488191313667992, "population_additional_5min": 12.488191313667992, "existing_catchment_overlap_population_5min": 0.0, "existing_catchment_overlap_pct_5min": 0.0, "population_reachable_8min": 12.488191313667992, "population_additional_8min": 12.488191313667992, "existing_catchment_overlap_population_8min": 0.0, "existing_catchment_overlap_pct_8min": 0.0, "population_reachable_10min": 46.540087520045859, "population_additional_10min": 33.853523413888176, "existing_catchment_overlap_population_10min": 12.686564106157682, "existing_catchment_overlap_pct_10min": 27.259433280380691, "population_reachable_12min": 120.93760957011014, "population_additional_12min": 35.05785948556175, "existing_catchment_overlap_population_12min": 85.879750084548405, "existing_catchment_overlap_pct_12min": 71.011615319518995, "nearest_official_stop_walk_network_m": 1244.3097784076242, "nearest_official_stop_cluster_id": "EX_021", "nearby_official_routes": "D170", "nearby_official_route_count": 1, "settlement_coverage_10min_count": 2, "settlement_additional_10min_count": 2, "settlement_additional_10min_names": "Cassina Fra Martino|Grugana", "destination_coverage_10min_count": 0, "destination_additional_10min_count": 0, "destination_additional_10min_names": "", "pruned_near_existing_stop": false, "pruned_no_access_gain": false, "candidate_id": "P2V2S_0030", "stop_type": "PROPOSED_STOP", "physical_status": "FIELD_CHECK_PENDING", "epistemic_status": "PROPOSED_STOP/FIELD_CHECK_PENDING", "road_eligibility_status": "DERIVED_GATE_D_BUS_ELIGIBLE", "candidate_status": "HYPOTHESIS_NOT_RECOMMENDATION", "population_spatial_model": "DASYMETRIC_BUILDING_SECTION_INTERSECTION_V2", "discovery_area_contract": "ANALYSIS_ENVELOPE_PLUS_INHERITED_150M_SITING_BUFFER", "potential_interchange_with_reference_gtfs": false, "interchange_evidence_status": "DERIVED_FROM_REFERENCE_PERIOD_GTFS_PROXIMITY_NOT_CURRENT_SERVICE_GUARANTEE", "discovery_sample_spacing_m_assumption": 150.0, "candidate_pruning_radius_m_assumption": 220.0, "source_gate_b_commit": "55d726564e13acca55ce563cc911263ac513acb0", "source_gate_d_commit": "7c220f7586d0f6e5cccd14a2d518be52eb1c4a55", "source_building_population_head": "29203ad64c3e32e6164ef6997933eb5c5ff2d5b1", "source_analysis_envelope_commit": "8a4608a60ecb367535814d965822e7502ae31eb9", "PRO_COM_T": "097048", "COMUNE": "Merate", "analysis_role": "UNSPECIFIED", "municipal_2021_resident_work_commuters_context": null, "municipal_2021_outbound_workers_context": null, "od_2021_context_status": "FACT_ISTAT_2021_WORK_COMMUTING_MUNICIPAL_ONLY_NOT_STOP_DEMAND" }, "geometry": { "type": "Point", "coordinates": [ 9.434799024192122, 45.721034145919148 ] } },
{ "type": "Feature", "properties": { "osm_way_id": "40627763", "highway": "residential", "road_uncertainty_flags": "missing_lanes|missing_maxheight|missing_maxweight|missing_maxwidth|missing_width", "sample_index": 3, "x_utm32": 530915.2185843417, "y_utm32": 5063160.6141433185, "lon": 9.397265069842808, "lat": 45.721309999245378, "discovery_evidence": "BUILDING_GAP8:20230101_000000::RLB-0b5f1586-4d32-45f4-abc2-161ba96585a2::SEC=970580000006|BUILDING_GAP8:20230101_000000::RLB-0c19a19a-207b-4580-b9c9-5779be88357c::SEC=970580000005|BUILDING_GAP8:20230101_000000::RLB-0c576e27-d8f2-4f82-9655-7f150a13417d::SEC=970580000006|BUILDING_GAP8:20230101_000000::RLB-0d695a42-f5ee-4edb-861c-0b520dac3230::SEC=970580000005|BUILDING_GAP8:20230101_000000::RLB-25ba36b4-1765-413b-a8b7-6ec68de2b432::SEC=970580000006|BUILDING_GAP8:20230101_000000::RLB-2bcd9c56-7a8e-4a64-9b8d-f46991a152b9::SEC=970580000005|BUILDING_GAP8:20230101_000000::RLB-36e1938a-9206-47be-a578-b0468da5baa2::SEC=970580000005|BUILDING_GAP8:20230101_000000::RLB-83590ac5-e283-44ae-b9d5-e6cd6aca41a7::SEC=970580000005|BUILDING_GAP8:20230101_000000::RLB-99347890-5df5-4dd9-891b-f961d97df7f0::SEC=970580000005|BUILDING_GAP8:20230101_000000::RLB-e5664fb0-f671-4934-865e-acc89191f00a::SEC=970580000006|BUILDING_GAP8:20230101_000000::RLB-ea82f61d-4414-41b5-b2c1-4b33ba46131e::SEC=970580000006|BUILDING_GAP8:20230101_000000::RLB-ef867a43-ad0f-45a8-89fb-f1dffe964469::SEC=970580000005|BUILDING_GAP8:20230101_000000::RLB-f38cd467-7dc3-4969-8bd1-5770132055d6::SEC=970580000006|BUILDING_GAP8:20230101_000000::RLB-f6c631e0-5f8d-4fcf-bcf6-6ef59aeb3469::SEC=970580000005|BUILDING_GAP8:20230101_000000::RLB-fd9f5eb8-2112-4647-bb14-f9b40de290af::SEC=970580000006", "discovery_seed_count": 15, "walk_graph_node_id": 15830, "walk_graph_connector_m": 19.515669301953267, "walk_graph_connector_min": 0.24394586627441583, "walk_graph_snap_ok": true, "population_reachable_5min": 431.9154733569124, "population_additional_5min": 431.9154733569124, "existing_catchment_overlap_population_5min": 0.0, "existing_catchment_overlap_pct_5min": 0.0, "population_reachable_8min": 1036.9197370110321, "population_additional_8min": 948.18233943404971, "existing_catchment_overlap_population_8min": 88.737397576982303, "existing_catchment_overlap_pct_8min": 8.5577884584174129, "population_reachable_10min": 1668.0406434334261, "population_additional_10min": 1105.622849681871, "existing_catchment_overlap_population_10min": 562.41779375155511, "existing_catchment_overlap_pct_10min": 33.71727157642259, "population_reachable_12min": 2030.7881979076983, "population_additional_12min": 864.47110597742562, "existing_catchment_overlap_population_12min": 1166.3170919302725, "existing_catchment_overlap_pct_12min": 57.431744636487338, "nearest_official_stop_walk_network_m": 1090.8314794249081, "nearest_official_stop_cluster_id": "EX_018", "nearby_official_routes": "D148", "nearby_official_route_count": 1, "settlement_coverage_10min_count": 1, "settlement_additional_10min_count": 1, "settlement_additional_10min_names": "Beolco", "destination_coverage_10min_count": 1, "destination_additional_10min_count": 0, "destination_additional_10min_names": "", "pruned_near_existing_stop": false, "pruned_no_access_gain": false, "candidate_id": "P2V2S_0031", "stop_type": "PROPOSED_STOP", "physical_status": "FIELD_CHECK_PENDING", "epistemic_status": "PROPOSED_STOP/FIELD_CHECK_PENDING", "road_eligibility_status": "DERIVED_GATE_D_BUS_ELIGIBLE", "candidate_status": "HYPOTHESIS_NOT_RECOMMENDATION", "population_spatial_model": "DASYMETRIC_BUILDING_SECTION_INTERSECTION_V2", "discovery_area_contract": "ANALYSIS_ENVELOPE_PLUS_INHERITED_150M_SITING_BUFFER", "potential_interchange_with_reference_gtfs": false, "interchange_evidence_status": "DERIVED_FROM_REFERENCE_PERIOD_GTFS_PROXIMITY_NOT_CURRENT_SERVICE_GUARANTEE", "discovery_sample_spacing_m_assumption": 150.0, "candidate_pruning_radius_m_assumption": 220.0, "source_gate_b_commit": "55d726564e13acca55ce563cc911263ac513acb0", "source_gate_d_commit": "7c220f7586d0f6e5cccd14a2d518be52eb1c4a55", "source_building_population_head": "29203ad64c3e32e6164ef6997933eb5c5ff2d5b1", "source_analysis_envelope_commit": "8a4608a60ecb367535814d965822e7502ae31eb9", "PRO_COM_T": "097058", "COMUNE": "Olgiate Molgora", "analysis_role": "UNSPECIFIED", "municipal_2021_resident_work_commuters_context": 2287.0, "municipal_2021_outbound_workers_context": 1961.0, "od_2021_context_status": "FACT_ISTAT_2021_WORK_COMMUTING_MUNICIPAL_ONLY_NOT_STOP_DEMAND" }, "geometry": { "type": "Point", "coordinates": [ 9.397265069842808, 45.721309999245378 ] } },
{ "type": "Feature", "properties": { "osm_way_id": "42222954", "highway": "residential", "road_uncertainty_flags": "missing_lanes|missing_maxheight|missing_maxweight|missing_maxwidth|missing_width", "sample_index": 0, "x_utm32": 532332.85384431388, "y_utm32": 5063250.4090683404, "lon": 9.4154874075952009, "lat": 45.722053409824127, "discovery_evidence": "BUILDING_GAP8:20230101_000000::RLB-2c8f416d-575c-4623-b9df-f0198d411305::SEC=970120000003|BUILDING_GAP8:20230101_000000::RLB-b9569cbc-4665-4de3-b556-321ffe5c298c::SEC=970120000003|SETTLEMENT_GAP8:OSM_POINT_7994580675", "discovery_seed_count": 3, "walk_graph_node_id": 20537, "walk_graph_connector_m": 1.5240887833698789, "walk_graph_connector_min": 0.019051109792123485, "walk_graph_snap_ok": true, "population_reachable_5min": 279.03537616110691, "population_additional_5min": 97.909283018991786, "existing_catchment_overlap_population_5min": 181.12609314211514, "existing_catchment_overlap_pct_5min": 64.911516107383534, "population_reachable_8min": 920.11279391653557, "population_additional_8min": 20.413708856241318, "existing_catchment_overlap_population_8min": 899.69908506029435, "existing_catchment_overlap_pct_8min": 97.78139060871564, "population_reachable_10min": 1310.4023577958512, "population_additional_10min": 20.413708856241318, "existing_catchment_overlap_population_10min": 1289.9886489396099, "existing_catchment_overlap_pct_10min": 98.442180088062571, "population_reachable_12min": 1663.2844898569292, "population_additional_12min": 0.0, "existing_catchment_overlap_population_12min": 1663.2844898569292, "existing_catchment_overlap_pct_12min": 100.0, "nearest_official_stop_walk_network_m": 378.28271822926689, "nearest_official_stop_cluster_id": "EX_005", "nearby_official_routes": "D148|D150", "nearby_official_route_count": 2, "settlement_coverage_10min_count": 2, "settlement_additional_10min_count": 1, "settlement_additional_10min_names": "Limito", "destination_coverage_10min_count": 3, "destination_additional_10min_count": 0, "destination_additional_10min_names": "", "pruned_near_existing_stop": false, "pruned_no_access_gain": false, "candidate_id": "P2V2S_0032", "stop_type": "PROPOSED_STOP", "physical_status": "FIELD_CHECK_PENDING", "epistemic_status": "PROPOSED_STOP/FIELD_CHECK_PENDING", "road_eligibility_status": "DERIVED_GATE_D_BUS_ELIGIBLE", "candidate_status": "HYPOTHESIS_NOT_RECOMMENDATION", "population_spatial_model": "DASYMETRIC_BUILDING_SECTION_INTERSECTION_V2", "discovery_area_contract": "ANALYSIS_ENVELOPE_PLUS_INHERITED_150M_SITING_BUFFER", "potential_interchange_with_reference_gtfs": false, "interchange_evidence_status": "DERIVED_FROM_REFERENCE_PERIOD_GTFS_PROXIMITY_NOT_CURRENT_SERVICE_GUARANTEE", "discovery_sample_spacing_m_assumption": 150.0, "candidate_pruning_radius_m_assumption": 220.0, "source_gate_b_commit": "55d726564e13acca55ce563cc911263ac513acb0", "source_gate_d_commit": "7c220f7586d0f6e5cccd14a2d518be52eb1c4a55", "source_building_population_head": "29203ad64c3e32e6164ef6997933eb5c5ff2d5b1", "source_analysis_envelope_commit": "8a4608a60ecb367535814d965822e7502ae31eb9", "PRO_COM_T": "097012", "COMUNE": "Calco", "analysis_role": "UNSPECIFIED", "municipal_2021_resident_work_commuters_context": 2173.0, "municipal_2021_outbound_workers_context": 1894.0, "od_2021_context_status": "FACT_ISTAT_2021_WORK_COMMUTING_MUNICIPAL_ONLY_NOT_STOP_DEMAND" }, "geometry": { "type": "Point", "coordinates": [ 9.415487407595201, 45.722053409824127 ] } },
{ "type": "Feature", "properties": { "osm_way_id": "581580999", "highway": "residential", "road_uncertainty_flags": "missing_lanes|missing_maxheight|missing_maxweight|missing_maxwidth|missing_width", "sample_index": 1, "x_utm32": 531234.49490888673, "y_utm32": 5063283.8674353724, "lon": 9.4013756597394931, "lat": 45.722405009201708, "discovery_evidence": "BUILDING_GAP8:20230101_000000::RLB-086fdf85-14d8-406c-b047-37081d979b2b::SEC=970580000006|BUILDING_GAP8:20230101_000000::RLB-79026a73-ad75-403d-b1b7-b2b835d594e9::SEC=970580000006|BUILDING_GAP8:20230101_000000::RLB-84686700-ab4e-448d-8803-67e90e28a6a3::SEC=970580000006|BUILDING_GAP8:20230101_000000::RLB-dda42c95-3049-4070-b9c1-5a5c4fb969fd::SEC=970580000006", "discovery_seed_count": 4, "walk_graph_node_id": 16976, "walk_graph_connector_m": 5.6641102625151643, "walk_graph_connector_min": 0.07080137828143955, "walk_graph_snap_ok": true, "population_reachable_5min": 456.41558930584438, "population_additional_5min": 456.41558930584438, "existing_catchment_overlap_population_5min": 0.0, "existing_catchment_overlap_pct_5min": 0.0, "population_reachable_8min": 1578.3597858498511, "population_additional_8min": 1093.9034118964487, "existing_catchment_overlap_population_8min": 484.45637395340265, "existing_catchment_overlap_pct_8min": 30.693659221211867, "population_reachable_10min": 2464.7547883701163, "population_additional_10min": 1019.0386308486733, "existing_catchment_overlap_population_10min": 1445.7161575214434, "existing_catchment_overlap_pct_10min": 58.655577599159912, "population_reachable_12min": 3260.1863008271466, "population_additional_12min": 741.64064132095359, "existing_catchment_overlap_population_12min": 2518.5456595061933, "existing_catchment_overlap_pct_12min": 77.25158709081164, "nearest_official_stop_walk_network_m": 938.17482632595841, "nearest_official_stop_cluster_id": "EX_039", "nearby_official_routes": "D184|D185", "nearby_official_route_count": 2, "settlement_coverage_10min_count": 0, "settlement_additional_10min_count": 0, "settlement_additional_10min_names": "", "destination_coverage_10min_count": 3, "destination_additional_10min_count": 1, "destination_additional_10min_names": "OSM leisure:sports_centre 1837075017", "pruned_near_existing_stop": false, "pruned_no_access_gain": false, "candidate_id": "P2V2S_0033", "stop_type": "PROPOSED_STOP", "physical_status": "FIELD_CHECK_PENDING", "epistemic_status": "PROPOSED_STOP/FIELD_CHECK_PENDING", "road_eligibility_status": "DERIVED_GATE_D_BUS_ELIGIBLE", "candidate_status": "HYPOTHESIS_NOT_RECOMMENDATION", "population_spatial_model": "DASYMETRIC_BUILDING_SECTION_INTERSECTION_V2", "discovery_area_contract": "ANALYSIS_ENVELOPE_PLUS_INHERITED_150M_SITING_BUFFER", "potential_interchange_with_reference_gtfs": false, "interchange_evidence_status": "DERIVED_FROM_REFERENCE_PERIOD_GTFS_PROXIMITY_NOT_CURRENT_SERVICE_GUARANTEE", "discovery_sample_spacing_m_assumption": 150.0, "candidate_pruning_radius_m_assumption": 220.0, "source_gate_b_commit": "55d726564e13acca55ce563cc911263ac513acb0", "source_gate_d_commit": "7c220f7586d0f6e5cccd14a2d518be52eb1c4a55", "source_building_population_head": "29203ad64c3e32e6164ef6997933eb5c5ff2d5b1", "source_analysis_envelope_commit": "8a4608a60ecb367535814d965822e7502ae31eb9", "PRO_COM_T": "097058", "COMUNE": "Olgiate Molgora", "analysis_role": "UNSPECIFIED", "municipal_2021_resident_work_commuters_context": 2287.0, "municipal_2021_outbound_workers_context": 1961.0, "od_2021_context_status": "FACT_ISTAT_2021_WORK_COMMUTING_MUNICIPAL_ONLY_NOT_STOP_DEMAND" }, "geometry": { "type": "Point", "coordinates": [ 9.401375659739493, 45.722405009201708 ] } },
{ "type": "Feature", "properties": { "osm_way_id": "1465348967", "highway": "service", "road_uncertainty_flags": "missing_lanes|missing_maxheight|missing_maxweight|missing_maxwidth|missing_width", "sample_index": 0, "x_utm32": 533169.20711659617, "y_utm32": 5063348.68790094, "lon": 9.4262412420801667, "lat": 45.722898383067843, "discovery_evidence": "BUILDING_GAP8:20230101_000000::RLB-8bcda17c-8a8e-4fe3-ba47-d641c8289565::SEC=970120000005", "discovery_seed_count": 1, "walk_graph_node_id": 23005, "walk_graph_connector_m": 0.87005109774676226, "walk_graph_connector_min": 0.010875638721834528, "walk_graph_snap_ok": true, "population_reachable_5min": 37.208371043310237, "population_additional_5min": 37.208371043310237, "existing_catchment_overlap_population_5min": 0.0, "existing_catchment_overlap_pct_5min": 0.0, "population_reachable_8min": 141.64081671956356, "population_additional_8min": 141.64081671956356, "existing_catchment_overlap_population_8min": 0.0, "existing_catchment_overlap_pct_8min": 0.0, "population_reachable_10min": 430.08169345618461, "population_additional_10min": 294.6612093420336, "existing_catchment_overlap_population_10min": 135.42048411415098, "existing_catchment_overlap_pct_10min": 31.487153760462768, "population_reachable_12min": 475.06870700214205, "population_additional_12min": 191.09694500264519, "existing_catchment_overlap_population_12min": 283.97176199949695, "existing_catchment_overlap_pct_12min": 59.774882625181313, "nearest_official_stop_walk_network_m": 934.79099710816683, "nearest_official_stop_cluster_id": "EX_021", "nearby_official_routes": "D170", "nearby_official_route_count": 1, "settlement_coverage_10min_count": 2, "settlement_additional_10min_count": 0, "settlement_additional_10min_names": "", "destination_coverage_10min_count": 0, "destination_additional_10min_count": 0, "destination_additional_10min_names": "", "pruned_near_existing_stop": false, "pruned_no_access_gain": false, "candidate_id": "P2V2S_0034", "stop_type": "PROPOSED_STOP", "physical_status": "FIELD_CHECK_PENDING", "epistemic_status": "PROPOSED_STOP/FIELD_CHECK_PENDING", "road_eligibility_status": "DERIVED_GATE_D_BUS_ELIGIBLE", "candidate_status": "HYPOTHESIS_NOT_RECOMMENDATION", "population_spatial_model": "DASYMETRIC_BUILDING_SECTION_INTERSECTION_V2", "discovery_area_contract": "ANALYSIS_ENVELOPE_PLUS_INHERITED_150M_SITING_BUFFER", "potential_interchange_with_reference_gtfs": false, "interchange_evidence_status": "DERIVED_FROM_REFERENCE_PERIOD_GTFS_PROXIMITY_NOT_CURRENT_SERVICE_GUARANTEE", "discovery_sample_spacing_m_assumption": 150.0, "candidate_pruning_radius_m_assumption": 220.0, "source_gate_b_commit": "55d726564e13acca55ce563cc911263ac513acb0", "source_gate_d_commit": "7c220f7586d0f6e5cccd14a2d518be52eb1c4a55", "source_building_population_head": "29203ad64c3e32e6164ef6997933eb5c5ff2d5b1", "source_analysis_envelope_commit": "8a4608a60ecb367535814d965822e7502ae31eb9", "PRO_COM_T": "097012", "COMUNE": "Calco", "analysis_role": "UNSPECIFIED", "municipal_2021_resident_work_commuters_context": 2173.0, "municipal_2021_outbound_workers_context": 1894.0, "od_2021_context_status": "FACT_ISTAT_2021_WORK_COMMUTING_MUNICIPAL_ONLY_NOT_STOP_DEMAND" }, "geometry": { "type": "Point", "coordinates": [ 9.426241242080167, 45.722898383067843 ] } },
{ "type": "Feature", "properties": { "osm_way_id": "42281871", "highway": "residential", "road_uncertainty_flags": "missing_lanes|missing_maxheight|missing_maxweight|missing_maxwidth|missing_width", "sample_index": 1, "x_utm32": 530822.4992002818, "y_utm32": 5063362.3091480797, "lon": 9.3960864689806058, "lat": 45.723129505516106, "discovery_evidence": "BUILDING_GAP8:20230101_000000::RLB-0b8d787b-d4a7-4c0c-9f23-22c8f8375693::SEC=970580000005|BUILDING_GAP8:20230101_000000::RLB-124291d9-76b9-448e-a92b-a935ce1252df::SEC=970580000005|BUILDING_GAP8:20230101_000000::RLB-2b913517-6cfb-4297-bb6b-ffb7ef6d57f2::SEC=970580000005|BUILDING_GAP8:20230101_000000::RLB-37f1803d-eb26-46e8-822c-550829fb8835::SEC=970580000059|BUILDING_GAP8:20230101_000000::RLB-5d418fa6-49a5-4c69-9800-8b5a2c2d7256::SEC=970580000005|BUILDING_GAP8:20230101_000000::RLB-74c3355c-7a96-43ad-8b08-320ec9321afd::SEC=970580000005|BUILDING_GAP8:20230101_000000::RLB-8cb6c634-f02e-431e-9ee7-5aaecb42477d::SEC=970580000005|BUILDING_GAP8:20230101_000000::RLB-a1638c2e-adce-4474-be0a-35fd852e3136::SEC=970580000005|BUILDING_GAP8:20230101_000000::RLB-c86bdbc7-edb2-47d5-ab23-54c76d0debbb::SEC=970580000005|BUILDING_GAP8:20230101_000000::RLB-d4ab0078-d482-4287-9853-0104840cfe66::SEC=970580000005|BUILDING_GAP8:20230101_000000::RLB-e585ce96-dda8-47c4-a03f-7e08edff6e8b::SEC=970580000005|BUILDING_GAP8:20230101_000000::RLB-e93ef70d-c1f8-46ff-9569-b73b78059d11::SEC=970580000005|BUILDING_GAP8:20230101_000000::RLB-eb9005ce-d87b-4394-a58c-1594de045176::SEC=970580000005|BUILDING_GAP8:20230101_000000::RLB-ef2f0843-5e3a-48cc-9361-358d868a06a7::SEC=970580000059|BUILDING_GAP8:20230101_000000::RLB-f4428f8e-276d-470b-a60e-f259fd3af5a1::SEC=970580000005|BUILDING_GAP8:20230101_000000::RLB-fbda81a8-da2e-46a5-935f-e9c2e273c02f::SEC=970580000005", "discovery_seed_count": 16, "walk_graph_node_id": 15535, "walk_graph_connector_m": 10.896650513583614, "walk_graph_connector_min": 0.13620813141979518, "walk_graph_snap_ok": true, "population_reachable_5min": 192.51803417638581, "population_additional_5min": 192.51803417638581, "existing_catchment_overlap_population_5min": 0.0, "existing_catchment_overlap_pct_5min": 0.0, "population_reachable_8min": 588.76362203181463, "population_additional_8min": 463.68181971154672, "existing_catchment_overlap_population_8min": 125.08180232026803, "existing_catchment_overlap_pct_8min": 21.244825196334745, "population_reachable_10min": 1244.5003913298006, "population_additional_10min": 662.47776306466687, "existing_catchment_overlap_population_10min": 582.02262826513345, "existing_catchment_overlap_pct_10min": 46.767572940914711, "population_reachable_12min": 2226.452036503159, "population_additional_12min": 711.68076960810436, "existing_catchment_overlap_population_12min": 1514.7712668950544, "existing_catchment_overlap_pct_12min": 68.03520767840736, "nearest_official_stop_walk_network_m": 825.48557408167608, "nearest_official_stop_cluster_id": "EX_018", "nearby_official_routes": "D148", "nearby_official_route_count": 1, "settlement_coverage_10min_count": 0, "settlement_additional_10min_count": 0, "settlement_additional_10min_names": "", "destination_coverage_10min_count": 1, "destination_additional_10min_count": 0, "destination_additional_10min_names": "", "pruned_near_existing_stop": false, "pruned_no_access_gain": false, "candidate_id": "P2V2S_0035", "stop_type": "PROPOSED_STOP", "physical_status": "FIELD_CHECK_PENDING", "epistemic_status": "PROPOSED_STOP/FIELD_CHECK_PENDING", "road_eligibility_status": "DERIVED_GATE_D_BUS_ELIGIBLE", "candidate_status": "HYPOTHESIS_NOT_RECOMMENDATION", "population_spatial_model": "DASYMETRIC_BUILDING_SECTION_INTERSECTION_V2", "discovery_area_contract": "ANALYSIS_ENVELOPE_PLUS_INHERITED_150M_SITING_BUFFER", "potential_interchange_with_reference_gtfs": false, "interchange_evidence_status": "DERIVED_FROM_REFERENCE_PERIOD_GTFS_PROXIMITY_NOT_CURRENT_SERVICE_GUARANTEE", "discovery_sample_spacing_m_assumption": 150.0, "candidate_pruning_radius_m_assumption": 220.0, "source_gate_b_commit": "55d726564e13acca55ce563cc911263ac513acb0", "source_gate_d_commit": "7c220f7586d0f6e5cccd14a2d518be52eb1c4a55", "source_building_population_head": "29203ad64c3e32e6164ef6997933eb5c5ff2d5b1", "source_analysis_envelope_commit": "8a4608a60ecb367535814d965822e7502ae31eb9", "PRO_COM_T": "097058", "COMUNE": "Olgiate Molgora", "analysis_role": "UNSPECIFIED", "municipal_2021_resident_work_commuters_context": 2287.0, "municipal_2021_outbound_workers_context": 1961.0, "od_2021_context_status": "FACT_ISTAT_2021_WORK_COMMUTING_MUNICIPAL_ONLY_NOT_STOP_DEMAND" }, "geometry": { "type": "Point", "coordinates": [ 9.396086468980606, 45.723129505516106 ] } },
{ "type": "Feature", "properties": { "osm_way_id": "1465161374", "highway": "service", "road_uncertainty_flags": "missing_lanes|missing_maxheight|missing_maxweight|missing_maxwidth|missing_width", "sample_index": 0, "x_utm32": 532794.57753420784, "y_utm32": 5063364.195812121, "lon": 9.4214282423963134, "lat": 45.723055821241495, "discovery_evidence": "BUILDING_GAP8:20230101_000000::RLB-7c3fde30-ee12-4002-ba61-744dbb91dc32::SEC=970120000006|BUILDING_GAP8:20230101_000000::RLB-e25edf8f-c283-41d8-afcb-9bd7d23e10cf::SEC=970120000006", "discovery_seed_count": 2, "walk_graph_node_id": 21940, "walk_graph_connector_m": 5.9197626226653748, "walk_graph_connector_min": 0.073997032783317179, "walk_graph_snap_ok": true, "population_reachable_5min": 8.8565061025124798, "population_additional_5min": 8.8565061025124798, "existing_catchment_overlap_population_5min": 0.0, "existing_catchment_overlap_pct_5min": 0.0, "population_reachable_8min": 125.74231330191762, "population_additional_8min": 125.74231330191762, "existing_catchment_overlap_population_8min": 0.0, "existing_catchment_overlap_pct_8min": 0.0, "population_reachable_10min": 311.76526685159166, "population_additional_10min": 154.83280381477707, "existing_catchment_overlap_population_10min": 156.93246303681457, "existing_catchment_overlap_pct_10min": 50.336737193857608, "population_reachable_12min": 616.64212004798037, "population_additional_12min": 106.60377423796558, "existing_catchment_overlap_population_12min": 510.03834581001479, "existing_catchment_overlap_pct_12min": 82.712213328912583, "nearest_official_stop_walk_network_m": 543.83293824772898, "nearest_official_stop_cluster_id": "EX_021", "nearby_official_routes": "D170", "nearby_official_route_count": 1, "settlement_coverage_10min_count": 2, "settlement_additional_10min_count": 0, "settlement_additional_10min_names": "", "destination_coverage_10min_count": 0, "destination_additional_10min_count": 0, "destination_additional_10min_names": "", "pruned_near_existing_stop": false, "pruned_no_access_gain": false, "candidate_id": "P2V2S_0036", "stop_type": "PROPOSED_STOP", "physical_status": "FIELD_CHECK_PENDING", "epistemic_status": "PROPOSED_STOP/FIELD_CHECK_PENDING", "road_eligibility_status": "DERIVED_GATE_D_BUS_ELIGIBLE", "candidate_status": "HYPOTHESIS_NOT_RECOMMENDATION", "population_spatial_model": "DASYMETRIC_BUILDING_SECTION_INTERSECTION_V2", "discovery_area_contract": "ANALYSIS_ENVELOPE_PLUS_INHERITED_150M_SITING_BUFFER", "potential_interchange_with_reference_gtfs": false, "interchange_evidence_status": "DERIVED_FROM_REFERENCE_PERIOD_GTFS_PROXIMITY_NOT_CURRENT_SERVICE_GUARANTEE", "discovery_sample_spacing_m_assumption": 150.0, "candidate_pruning_radius_m_assumption": 220.0, "source_gate_b_commit": "55d726564e13acca55ce563cc911263ac513acb0", "source_gate_d_commit": "7c220f7586d0f6e5cccd14a2d518be52eb1c4a55", "source_building_population_head": "29203ad64c3e32e6164ef6997933eb5c5ff2d5b1", "source_analysis_envelope_commit": "8a4608a60ecb367535814d965822e7502ae31eb9", "PRO_COM_T": "097048", "COMUNE": "Merate", "analysis_role": "UNSPECIFIED", "municipal_2021_resident_work_commuters_context": null, "municipal_2021_outbound_workers_context": null, "od_2021_context_status": "FACT_ISTAT_2021_WORK_COMMUTING_MUNICIPAL_ONLY_NOT_STOP_DEMAND" }, "geometry": { "type": "Point", "coordinates": [ 9.421428242396313, 45.723055821241495 ] } },
{ "type": "Feature", "properties": { "osm_way_id": "1430856337", "highway": "service", "road_uncertainty_flags": "missing_lanes|missing_maxheight|missing_maxweight|missing_maxwidth|missing_width", "sample_index": 0, "x_utm32": 530242.81845459156, "y_utm32": 5063381.8318972271, "lon": 9.3886386380413231, "lat": 45.723330803085744, "discovery_evidence": "BUILDING_GAP8:20230101_000000::RLB-58f2dfc1-91a9-4866-ac50-9fe5c20e5578::SEC=970580000059|BUILDING_GAP8:20230101_000000::RLB-6546a344-e7b2-4b69-8843-18ff9432db4c::SEC=970580000059|BUILDING_GAP8:20230101_000000::RLB-7762e046-5bef-4ef0-9707-8a82dbf6e294::SEC=970920000017|BUILDING_GAP8:20230101_000000::RLB-93925062-998c-44b4-9a89-304ad6250c6d::SEC=970580000059|BUILDING_GAP8:20230101_000000::RLB-b229924e-136b-4587-b39b-fb54faab27d7::SEC=970580000059|BUILDING_GAP8:20230101_000000::RLB-ba410426-dc6a-4e2e-a449-177508ac4057::SEC=970580000059|BUILDING_GAP8:20230101_000000::RLB-e48e894a-a127-4a3a-9bff-f514a35c8fbf::SEC=970920000017", "discovery_seed_count": 7, "walk_graph_node_id": 13010, "walk_graph_connector_m": 4.5403672411249927, "walk_graph_connector_min": 0.056754590514062411, "walk_graph_snap_ok": true, "population_reachable_5min": 10.523923004518076, "population_additional_5min": 10.523923004518076, "existing_catchment_overlap_population_5min": 0.0, "existing_catchment_overlap_pct_5min": 0.0, "population_reachable_8min": 50.70780161616063, "population_additional_8min": 50.70780161616063, "existing_catchment_overlap_population_8min": 0.0, "existing_catchment_overlap_pct_8min": 0.0, "population_reachable_10min": 169.21501196596807, "population_additional_10min": 169.21501196596807, "existing_catchment_overlap_population_10min": 0.0, "existing_catchment_overlap_pct_10min": 0.0, "population_reachable_12min": 355.77004157795307, "population_additional_12min": 355.77004157795307, "existing_catchment_overlap_population_12min": 0.0, "existing_catchment_overlap_pct_12min": 0.0, "nearest_official_stop_walk_network_m": 1958.1676183304935, "nearest_official_stop_cluster_id": "EX_023", "nearby_official_routes": "D184", "nearby_official_route_count": 1, "settlement_coverage_10min_count": 0, "settlement_additional_10min_count": 0, "settlement_additional_10min_names": "", "destination_coverage_10min_count": 0, "destination_additional_10min_count": 0, "destination_additional_10min_names": "", "pruned_near_existing_stop": false, "pruned_no_access_gain": false, "candidate_id": "P2V2S_0037", "stop_type": "PROPOSED_STOP", "physical_status": "FIELD_CHECK_PENDING", "epistemic_status": "PROPOSED_STOP/FIELD_CHECK_PENDING", "road_eligibility_status": "DERIVED_GATE_D_BUS_ELIGIBLE", "candidate_status": "HYPOTHESIS_NOT_RECOMMENDATION", "population_spatial_model": "DASYMETRIC_BUILDING_SECTION_INTERSECTION_V2", "discovery_area_contract": "ANALYSIS_ENVELOPE_PLUS_INHERITED_150M_SITING_BUFFER", "potential_interchange_with_reference_gtfs": false, "interchange_evidence_status": "DERIVED_FROM_REFERENCE_PERIOD_GTFS_PROXIMITY_NOT_CURRENT_SERVICE_GUARANTEE", "discovery_sample_spacing_m_assumption": 150.0, "candidate_pruning_radius_m_assumption": 220.0, "source_gate_b_commit": "55d726564e13acca55ce563cc911263ac513acb0", "source_gate_d_commit": "7c220f7586d0f6e5cccd14a2d518be52eb1c4a55", "source_building_population_head": "29203ad64c3e32e6164ef6997933eb5c5ff2d5b1", "source_analysis_envelope_commit": "8a4608a60ecb367535814d965822e7502ae31eb9", "PRO_COM_T": "097058", "COMUNE": "Olgiate Molgora", "analysis_role": "UNSPECIFIED", "municipal_2021_resident_work_commuters_context": 2287.0, "municipal_2021_outbound_workers_context": 1961.0, "od_2021_context_status": "FACT_ISTAT_2021_WORK_COMMUTING_MUNICIPAL_ONLY_NOT_STOP_DEMAND" }, "geometry": { "type": "Point", "coordinates": [ 9.388638638041323, 45.723330803085744 ] } },
{ "type": "Feature", "properties": { "osm_way_id": "110688766", "highway": "unclassified", "road_uncertainty_flags": "missing_lanes|missing_maxheight|missing_maxweight|missing_maxwidth|missing_width", "sample_index": 0, "x_utm32": 532490.44591696246, "y_utm32": 5063406.2276646569, "lon": 9.4175229082342646, "lat": 45.723448479607939, "discovery_evidence": "SETTLEMENT_GAP8:OSM_POINT_7994580675", "discovery_seed_count": 1, "walk_graph_node_id": 21046, "walk_graph_connector_m": 26.141153908618413, "walk_graph_connector_min": 0.32676442385773019, "walk_graph_snap_ok": true, "population_reachable_5min": 233.9507559197568, "population_additional_5min": 122.06746176917252, "existing_catchment_overlap_population_5min": 111.88329415058426, "existing_catchment_overlap_pct_5min": 47.823437761816557, "population_reachable_8min": 871.99889858032566, "population_additional_8min": 0.0, "existing_catchment_overlap_population_8min": 871.99889858032566, "existing_catchment_overlap_pct_8min": 100.0, "population_reachable_10min": 1295.4250063517275, "population_additional_10min": 20.413708856241318, "existing_catchment_overlap_population_10min": 1275.0112974954861, "existing_catchment_overlap_pct_10min": 98.424168998116528, "population_reachable_12min": 1722.5548220037581, "population_additional_12min": 0.0, "existing_catchment_overlap_population_12min": 1722.5548220037581, "existing_catchment_overlap_pct_12min": 100.0, "nearest_official_stop_walk_network_m": 459.9153049584225, "nearest_official_stop_cluster_id": "EX_007", "nearby_official_routes": "D185", "nearby_official_route_count": 1, "settlement_coverage_10min_count": 2, "settlement_additional_10min_count": 1, "settlement_additional_10min_names": "Limito", "destination_coverage_10min_count": 4, "destination_additional_10min_count": 0, "destination_additional_10min_names": "", "pruned_near_existing_stop": false, "pruned_no_access_gain": false, "candidate_id": "P2V2S_0038", "stop_type": "PROPOSED_STOP", "physical_status": "FIELD_CHECK_PENDING", "epistemic_status": "PROPOSED_STOP/FIELD_CHECK_PENDING", "road_eligibility_status": "DERIVED_GATE_D_BUS_ELIGIBLE", "candidate_status": "HYPOTHESIS_NOT_RECOMMENDATION", "population_spatial_model": "DASYMETRIC_BUILDING_SECTION_INTERSECTION_V2", "discovery_area_contract": "ANALYSIS_ENVELOPE_PLUS_INHERITED_150M_SITING_BUFFER", "potential_interchange_with_reference_gtfs": false, "interchange_evidence_status": "DERIVED_FROM_REFERENCE_PERIOD_GTFS_PROXIMITY_NOT_CURRENT_SERVICE_GUARANTEE", "discovery_sample_spacing_m_assumption": 150.0, "candidate_pruning_radius_m_assumption": 220.0, "source_gate_b_commit": "55d726564e13acca55ce563cc911263ac513acb0", "source_gate_d_commit": "7c220f7586d0f6e5cccd14a2d518be52eb1c4a55", "source_building_population_head": "29203ad64c3e32e6164ef6997933eb5c5ff2d5b1", "source_analysis_envelope_commit": "8a4608a60ecb367535814d965822e7502ae31eb9", "PRO_COM_T": "097012", "COMUNE": "Calco", "analysis_role": "UNSPECIFIED", "municipal_2021_resident_work_commuters_context": 2173.0, "municipal_2021_outbound_workers_context": 1894.0, "od_2021_context_status": "FACT_ISTAT_2021_WORK_COMMUTING_MUNICIPAL_ONLY_NOT_STOP_DEMAND" }, "geometry": { "type": "Point", "coordinates": [ 9.417522908234265, 45.723448479607939 ] } },
{ "type": "Feature", "properties": { "osm_way_id": "173639165", "highway": "tertiary", "road_uncertainty_flags": "missing_maxheight|missing_maxweight|missing_maxwidth|missing_width", "sample_index": 0, "x_utm32": 530575.59403385886, "y_utm32": 5063418.1012226958, "lon": 9.3929171944072252, "lat": 45.723642621421973, "discovery_evidence": "BUILDING_GAP8:20230101_000000::RLB-6e167df4-b07e-4727-83ab-f3377034a883::SEC=970580000005|BUILDING_GAP8:20230101_000000::RLB-800a14f1-c017-4289-bd26-297c58811b75::SEC=970580000005|BUILDING_GAP8:20230101_000000::RLB-9ac145a3-f6b5-4f7a-99cc-d0e36a014a07::SEC=970580000005|BUILDING_GAP8:20230101_000000::RLB-9ac145a3-f6b5-4f7a-99cc-d0e36a014a07::SEC=970580000059", "discovery_seed_count": 4, "walk_graph_node_id": 14502, "walk_graph_connector_m": 1.725220679264732, "walk_graph_connector_min": 0.021565258490809151, "walk_graph_snap_ok": true, "population_reachable_5min": 78.96328654696029, "population_additional_5min": 78.96328654696029, "existing_catchment_overlap_population_5min": 0.0, "existing_catchment_overlap_pct_5min": 0.0, "population_reachable_8min": 286.49102621437089, "population_additional_8min": 280.59276115295444, "existing_catchment_overlap_population_8min": 5.898265061416458, "existing_catchment_overlap_pct_8min": 2.058795746364146, "population_reachable_10min": 494.55442990351764, "population_additional_10min": 392.98861203632646, "existing_catchment_overlap_population_10min": 101.56581786719111, "existing_catchment_overlap_pct_10min": 20.536833101870211, "population_reachable_12min": 920.20013065869057, "population_additional_12min": 565.34404528808568, "existing_catchment_overlap_population_12min": 354.85608537060483, "existing_catchment_overlap_pct_12min": 38.562924905976104, "nearest_official_stop_walk_network_m": 950.79701193540825, "nearest_official_stop_cluster_id": "EX_023", "nearby_official_routes": "D184", "nearby_official_route_count": 1, "settlement_coverage_10min_count": 0, "settlement_additional_10min_count": 0, "settlement_additional_10min_names": "", "destination_coverage_10min_count": 0, "destination_additional_10min_count": 0, "destination_additional_10min_names": "", "pruned_near_existing_stop": false, "pruned_no_access_gain": false, "candidate_id": "P2V2S_0039", "stop_type": "PROPOSED_STOP", "physical_status": "FIELD_CHECK_PENDING", "epistemic_status": "PROPOSED_STOP/FIELD_CHECK_PENDING", "road_eligibility_status": "DERIVED_GATE_D_BUS_ELIGIBLE", "candidate_status": "HYPOTHESIS_NOT_RECOMMENDATION", "population_spatial_model": "DASYMETRIC_BUILDING_SECTION_INTERSECTION_V2", "discovery_area_contract": "ANALYSIS_ENVELOPE_PLUS_INHERITED_150M_SITING_BUFFER", "potential_interchange_with_reference_gtfs": false, "interchange_evidence_status": "DERIVED_FROM_REFERENCE_PERIOD_GTFS_PROXIMITY_NOT_CURRENT_SERVICE_GUARANTEE", "discovery_sample_spacing_m_assumption": 150.0, "candidate_pruning_radius_m_assumption": 220.0, "source_gate_b_commit": "55d726564e13acca55ce563cc911263ac513acb0", "source_gate_d_commit": "7c220f7586d0f6e5cccd14a2d518be52eb1c4a55", "source_building_population_head": "29203ad64c3e32e6164ef6997933eb5c5ff2d5b1", "source_analysis_envelope_commit": "8a4608a60ecb367535814d965822e7502ae31eb9", "PRO_COM_T": "097058", "COMUNE": "Olgiate Molgora", "analysis_role": "UNSPECIFIED", "municipal_2021_resident_work_commuters_context": 2287.0, "municipal_2021_outbound_workers_context": 1961.0, "od_2021_context_status": "FACT_ISTAT_2021_WORK_COMMUTING_MUNICIPAL_ONLY_NOT_STOP_DEMAND" }, "geometry": { "type": "Point", "coordinates": [ 9.392917194407225, 45.723642621421973 ] } },
{ "type": "Feature", "properties": { "osm_way_id": "42779089", "highway": "service", "road_uncertainty_flags": "missing_lanes|missing_maxheight|missing_maxweight|missing_maxwidth|missing_width", "sample_index": 0, "x_utm32": 528372.18187495938, "y_utm32": 5063420.9712111419, "lon": 9.3646026176795054, "lat": 45.723762320670225, "discovery_evidence": "BUILDING_GAP8:20230101_000000::RLB-0354b496-ad7b-46d3-b021-4478c06c7369::SEC=970920000031|BUILDING_GAP8:20230101_000000::RLB-3349a6a0-b78b-4693-8fd3-57422d17b26f::SEC=970920000031|BUILDING_GAP8:20230101_000000::RLB-581f7eac-2014-4640-9b99-ce070cc19994::SEC=970920000031|BUILDING_GAP8:20230101_000000::RLB-8566f5fd-8a57-43be-bf6d-6bb4b565ff62::SEC=970920000031|BUILDING_GAP8:20230101_000000::RLB-9094fb82-ac65-4b0d-9417-ba37114549a2::SEC=970920000031|BUILDING_GAP8:20230101_000000::RLB-d010ac37-ca75-4807-97a1-ae6847bef041::SEC=970920000031|BUILDING_GAP8:20230101_000000::RLB-fda68b70-cfe6-485e-8239-678087519eda::SEC=970920000031", "discovery_seed_count": 7, "walk_graph_node_id": 4997, "walk_graph_connector_m": 3.230175191845901, "walk_graph_connector_min": 0.040377189898073762, "walk_graph_snap_ok": true, "population_reachable_5min": 9.9291970073547784, "population_additional_5min": 9.9291970073547784, "existing_catchment_overlap_population_5min": 0.0, "existing_catchment_overlap_pct_5min": 0.0, "population_reachable_8min": 11.088857023648909, "population_additional_8min": 11.088857023648909, "existing_catchment_overlap_population_8min": 0.0, "existing_catchment_overlap_pct_8min": 0.0, "population_reachable_10min": 14.470038521836594, "population_additional_10min": 14.470038521836594, "existing_catchment_overlap_population_10min": 0.0, "existing_catchment_overlap_pct_10min": 0.0, "population_reachable_12min": 25.969788136525846, "population_additional_12min": 25.969788136525846, "existing_catchment_overlap_population_12min": 0.0, "existing_catchment_overlap_pct_12min": 0.0, "nearest_official_stop_walk_network_m": 2490.7427957495006, "nearest_official_stop_cluster_id": "EX_027", "nearby_official_routes": "D184", "nearby_official_route_count": 1, "settlement_coverage_10min_count": 0, "settlement_additional_10min_count": 0, "settlement_additional_10min_names": "", "destination_coverage_10min_count": 0, "destination_additional_10min_count": 0, "destination_additional_10min_names": "", "pruned_near_existing_stop": false, "pruned_no_access_gain": false, "candidate_id": "P2V2S_0040", "stop_type": "PROPOSED_STOP", "physical_status": "FIELD_CHECK_PENDING", "epistemic_status": "PROPOSED_STOP/FIELD_CHECK_PENDING", "road_eligibility_status": "DERIVED_GATE_D_BUS_ELIGIBLE", "candidate_status": "HYPOTHESIS_NOT_RECOMMENDATION", "population_spatial_model": "DASYMETRIC_BUILDING_SECTION_INTERSECTION_V2", "discovery_area_contract": "ANALYSIS_ENVELOPE_PLUS_INHERITED_150M_SITING_BUFFER", "potential_interchange_with_reference_gtfs": false, "interchange_evidence_status": "DERIVED_FROM_REFERENCE_PERIOD_GTFS_PROXIMITY_NOT_CURRENT_SERVICE_GUARANTEE", "discovery_sample_spacing_m_assumption": 150.0, "candidate_pruning_radius_m_assumption": 220.0, "source_gate_b_commit": "55d726564e13acca55ce563cc911263ac513acb0", "source_gate_d_commit": "7c220f7586d0f6e5cccd14a2d518be52eb1c4a55", "source_building_population_head": "29203ad64c3e32e6164ef6997933eb5c5ff2d5b1", "source_analysis_envelope_commit": "8a4608a60ecb367535814d965822e7502ae31eb9", "PRO_COM_T": "097092", "COMUNE": "La Valletta Brianza", "analysis_role": "UNSPECIFIED", "municipal_2021_resident_work_commuters_context": 1796.0, "municipal_2021_outbound_workers_context": 1521.0, "od_2021_context_status": "FACT_ISTAT_2021_WORK_COMMUTING_MUNICIPAL_ONLY_NOT_STOP_DEMAND" }, "geometry": { "type": "Point", "coordinates": [ 9.364602617679505, 45.723762320670225 ] } },
{ "type": "Feature", "properties": { "osm_way_id": "523335446", "highway": "unclassified", "road_uncertainty_flags": "missing_lanes|missing_maxheight|missing_maxweight|missing_maxwidth|missing_width", "sample_index": 1, "x_utm32": 529199.95026599872, "y_utm32": 5063450.3572543301, "lon": 9.3752415710799291, "lat": 45.723992371412926, "discovery_evidence": "BUILDING_GAP8:20230101_000000::RLB-8a5bfc4a-f58d-4320-a25e-138d896f47f5::SEC=970920000017|BUILDING_GAP8:20230101_000000::RLB-d57d79f7-3326-4535-b8a8-acf6779684cf::SEC=970920000017", "discovery_seed_count": 2, "walk_graph_node_id": 8310, "walk_graph_connector_m": 1.2455893001654283, "walk_graph_connector_min": 0.015569866252067854, "walk_graph_snap_ok": true, "population_reachable_5min": 75.924385251173007, "population_additional_5min": 75.924385251173007, "existing_catchment_overlap_population_5min": 0.0, "existing_catchment_overlap_pct_5min": 0.0, "population_reachable_8min": 206.79595903260383, "population_additional_8min": 206.79595903260383, "existing_catchment_overlap_population_8min": 0.0, "existing_catchment_overlap_pct_8min": 0.0, "population_reachable_10min": 364.54943242490896, "population_additional_10min": 364.54943242490896, "existing_catchment_overlap_population_10min": 0.0, "existing_catchment_overlap_pct_10min": 0.0, "population_reachable_12min": 404.15434111191348, "population_additional_12min": 404.15434111191348, "existing_catchment_overlap_population_12min": 0.0, "existing_catchment_overlap_pct_12min": 0.0, "nearest_official_stop_walk_network_m": 1822.3150303885907, "nearest_official_stop_cluster_id": "EX_026", "nearby_official_routes": "D184", "nearby_official_route_count": 1, "settlement_coverage_10min_count": 3, "settlement_additional_10min_count": 3, "settlement_additional_10min_names": "Brugolone|Galbusera Bianca|Monte", "destination_coverage_10min_count": 0, "destination_additional_10min_count": 0, "destination_additional_10min_names": "", "pruned_near_existing_stop": false, "pruned_no_access_gain": false, "candidate_id": "P2V2S_0041", "stop_type": "PROPOSED_STOP", "physical_status": "FIELD_CHECK_PENDING", "epistemic_status": "PROPOSED_STOP/FIELD_CHECK_PENDING", "road_eligibility_status": "DERIVED_GATE_D_BUS_ELIGIBLE", "candidate_status": "HYPOTHESIS_NOT_RECOMMENDATION", "population_spatial_model": "DASYMETRIC_BUILDING_SECTION_INTERSECTION_V2", "discovery_area_contract": "ANALYSIS_ENVELOPE_PLUS_INHERITED_150M_SITING_BUFFER", "potential_interchange_with_reference_gtfs": false, "interchange_evidence_status": "DERIVED_FROM_REFERENCE_PERIOD_GTFS_PROXIMITY_NOT_CURRENT_SERVICE_GUARANTEE", "discovery_sample_spacing_m_assumption": 150.0, "candidate_pruning_radius_m_assumption": 220.0, "source_gate_b_commit": "55d726564e13acca55ce563cc911263ac513acb0", "source_gate_d_commit": "7c220f7586d0f6e5cccd14a2d518be52eb1c4a55", "source_building_population_head": "29203ad64c3e32e6164ef6997933eb5c5ff2d5b1", "source_analysis_envelope_commit": "8a4608a60ecb367535814d965822e7502ae31eb9", "PRO_COM_T": "097092", "COMUNE": "La Valletta Brianza", "analysis_role": "UNSPECIFIED", "municipal_2021_resident_work_commuters_context": 1796.0, "municipal_2021_outbound_workers_context": 1521.0, "od_2021_context_status": "FACT_ISTAT_2021_WORK_COMMUTING_MUNICIPAL_ONLY_NOT_STOP_DEMAND" }, "geometry": { "type": "Point", "coordinates": [ 9.375241571079929, 45.723992371412926 ] } },
{ "type": "Feature", "properties": { "osm_way_id": "1148465372", "highway": "service", "road_uncertainty_flags": "missing_lanes|missing_maxheight|missing_maxweight|missing_maxwidth|missing_width", "sample_index": 0, "x_utm32": 531320.35175229691, "y_utm32": 5063488.7193893977, "lon": 9.4024921667868142, "lat": 45.724244910245552, "discovery_evidence": "BUILDING_GAP8:20230101_000000::RLB-3b31129a-8eaf-4680-988f-dbf432472406::SEC=970580000006|BUILDING_GAP8:20230101_000000::RLB-7660f306-3ac0-4ee2-b4ed-0ff151cc70a8::SEC=970580000006|BUILDING_GAP8:20230101_000000::RLB-92079790-0fe8-4dea-a9c6-e019581e8d59::SEC=970580000006|BUILDING_GAP8:20230101_000000::RLB-d4f07002-60c3-47d0-b978-98978ad01f90::SEC=970120000062|BUILDING_GAP8:20230101_000000::RLB-d4f07002-60c3-47d0-b978-98978ad01f90::SEC=970580000006|BUILDING_GAP8:20230101_000000::RLB-db19c7f9-2822-4d0e-94c2-b751969fb4f0::SEC=970580000006", "discovery_seed_count": 6, "walk_graph_node_id": 17189, "walk_graph_connector_m": 2.5995963927062657, "walk_graph_connector_min": 0.032494954908828325, "walk_graph_snap_ok": true, "population_reachable_5min": 692.07138784240237, "population_additional_5min": 686.98276279329161, "existing_catchment_overlap_population_5min": 5.0886250491105489, "existing_catchment_overlap_pct_5min": 0.73527458850376926, "population_reachable_8min": 1619.5504081074866, "population_additional_8min": 678.70634233408339, "existing_catchment_overlap_population_8min": 940.84406577340314, "existing_catchment_overlap_pct_8min": 58.092916470122056, "population_reachable_10min": 2583.5864272857139, "population_additional_10min": 818.48657053297302, "existing_catchment_overlap_population_10min": 1765.0998567527406, "existing_catchment_overlap_pct_10min": 68.319752655115707, "population_reachable_12min": 3260.5333041840695, "population_additional_12min": 641.02715627262171, "existing_catchment_overlap_population_12min": 2619.5061479114474, "existing_catchment_overlap_pct_12min": 80.339806514166696, "nearest_official_stop_walk_network_m": 693.52475198388163, "nearest_official_stop_cluster_id": "EX_039", "nearby_official_routes": "D184|D185", "nearby_official_route_count": 2, "settlement_coverage_10min_count": 1, "settlement_additional_10min_count": 0, "settlement_additional_10min_names": "", "destination_coverage_10min_count": 5, "destination_additional_10min_count": 1, "destination_additional_10min_names": "OSM leisure:sports_centre 1837075017", "pruned_near_existing_stop": false, "pruned_no_access_gain": false, "candidate_id": "P2V2S_0042", "stop_type": "PROPOSED_STOP", "physical_status": "FIELD_CHECK_PENDING", "epistemic_status": "PROPOSED_STOP/FIELD_CHECK_PENDING", "road_eligibility_status": "DERIVED_GATE_D_BUS_ELIGIBLE", "candidate_status": "HYPOTHESIS_NOT_RECOMMENDATION", "population_spatial_model": "DASYMETRIC_BUILDING_SECTION_INTERSECTION_V2", "discovery_area_contract": "ANALYSIS_ENVELOPE_PLUS_INHERITED_150M_SITING_BUFFER", "potential_interchange_with_reference_gtfs": false, "interchange_evidence_status": "DERIVED_FROM_REFERENCE_PERIOD_GTFS_PROXIMITY_NOT_CURRENT_SERVICE_GUARANTEE", "discovery_sample_spacing_m_assumption": 150.0, "candidate_pruning_radius_m_assumption": 220.0, "source_gate_b_commit": "55d726564e13acca55ce563cc911263ac513acb0", "source_gate_d_commit": "7c220f7586d0f6e5cccd14a2d518be52eb1c4a55", "source_building_population_head": "29203ad64c3e32e6164ef6997933eb5c5ff2d5b1", "source_analysis_envelope_commit": "8a4608a60ecb367535814d965822e7502ae31eb9", "PRO_COM_T": "097058", "COMUNE": "Olgiate Molgora", "analysis_role": "UNSPECIFIED", "municipal_2021_resident_work_commuters_context": 2287.0, "municipal_2021_outbound_workers_context": 1961.0, "od_2021_context_status": "FACT_ISTAT_2021_WORK_COMMUTING_MUNICIPAL_ONLY_NOT_STOP_DEMAND" }, "geometry": { "type": "Point", "coordinates": [ 9.402492166786814, 45.724244910245552 ] } },
{ "type": "Feature", "properties": { "osm_way_id": "1430850440", "highway": "service", "road_uncertainty_flags": "missing_lanes|missing_maxheight|missing_maxweight|missing_maxwidth|missing_width", "sample_index": 0, "x_utm32": 529785.06963325781, "y_utm32": 5063500.720052857, "lon": 9.3827637279199863, "lat": 45.724420723106597, "discovery_evidence": "BUILDING_GAP8:20230101_000000::RLB-070b611b-eb5b-4930-bbd4-de72bb48641a::SEC=970920000017|BUILDING_GAP8:20230101_000000::RLB-500bdc32-8c87-468b-9668-2d9bd91777ef::SEC=970920000017|BUILDING_GAP8:20230101_000000::RLB-7efe3299-e18f-4313-baa8-d8603fbde5fe::SEC=970920000017", "discovery_seed_count": 3, "walk_graph_node_id": 11038, "walk_graph_connector_m": 0.92536001222910791, "walk_graph_connector_min": 0.011567000152863849, "walk_graph_snap_ok": true, "population_reachable_5min": 15.761619608151445, "population_additional_5min": 15.761619608151445, "existing_catchment_overlap_population_5min": 0.0, "existing_catchment_overlap_pct_5min": 0.0, "population_reachable_8min": 259.62288108570215, "population_additional_8min": 259.62288108570215, "existing_catchment_overlap_population_8min": 0.0, "existing_catchment_overlap_pct_8min": 0.0, "population_reachable_10min": 402.1768420298385, "population_additional_10min": 402.1768420298385, "existing_catchment_overlap_population_10min": 0.0, "existing_catchment_overlap_pct_10min": 0.0, "population_reachable_12min": 463.30287768045594, "population_additional_12min": 463.30287768045594, "existing_catchment_overlap_population_12min": 0.0, "existing_catchment_overlap_pct_12min": 0.0, "nearest_official_stop_walk_network_m": 1833.0914987283243, "nearest_official_stop_cluster_id": "EX_026", "nearby_official_routes": "D184", "nearby_official_route_count": 1, "settlement_coverage_10min_count": 1, "settlement_additional_10min_count": 1, "settlement_additional_10min_names": "Monte", "destination_coverage_10min_count": 0, "destination_additional_10min_count": 0, "destination_additional_10min_names": "", "pruned_near_existing_stop": false, "pruned_no_access_gain": false, "candidate_id": "P2V2S_0043", "stop_type": "PROPOSED_STOP", "physical_status": "FIELD_CHECK_PENDING", "epistemic_status": "PROPOSED_STOP/FIELD_CHECK_PENDING", "road_eligibility_status": "DERIVED_GATE_D_BUS_ELIGIBLE", "candidate_status": "HYPOTHESIS_NOT_RECOMMENDATION", "population_spatial_model": "DASYMETRIC_BUILDING_SECTION_INTERSECTION_V2", "discovery_area_contract": "ANALYSIS_ENVELOPE_PLUS_INHERITED_150M_SITING_BUFFER", "potential_interchange_with_reference_gtfs": false, "interchange_evidence_status": "DERIVED_FROM_REFERENCE_PERIOD_GTFS_PROXIMITY_NOT_CURRENT_SERVICE_GUARANTEE", "discovery_sample_spacing_m_assumption": 150.0, "candidate_pruning_radius_m_assumption": 220.0, "source_gate_b_commit": "55d726564e13acca55ce563cc911263ac513acb0", "source_gate_d_commit": "7c220f7586d0f6e5cccd14a2d518be52eb1c4a55", "source_building_population_head": "29203ad64c3e32e6164ef6997933eb5c5ff2d5b1", "source_analysis_envelope_commit": "8a4608a60ecb367535814d965822e7502ae31eb9", "PRO_COM_T": "097092", "COMUNE": "La Valletta Brianza", "analysis_role": "UNSPECIFIED", "municipal_2021_resident_work_commuters_context": 1796.0, "municipal_2021_outbound_workers_context": 1521.0, "od_2021_context_status": "FACT_ISTAT_2021_WORK_COMMUTING_MUNICIPAL_ONLY_NOT_STOP_DEMAND" }, "geometry": { "type": "Point", "coordinates": [ 9.382763727919986, 45.724420723106597 ] } },
{ "type": "Feature", "properties": { "osm_way_id": "1465348958", "highway": "service", "road_uncertainty_flags": "missing_lanes|missing_maxheight|missing_maxweight|missing_maxwidth|missing_width", "sample_index": 0, "x_utm32": 533394.31730527838, "y_utm32": 5063514.9907067157, "lon": 9.4291454016549281, "lat": 45.724384367702157, "discovery_evidence": "BUILDING_GAP8:20230101_000000::RLB-0a020d48-806b-49db-828d-6c6dc833c751::SEC=970120000005|BUILDING_GAP8:20230101_000000::RLB-6b72fc4e-cf62-49dc-a814-bf04f569c009::SEC=970120000005", "discovery_seed_count": 2, "walk_graph_node_id": 23781, "walk_graph_connector_m": 1.2938517419067956, "walk_graph_connector_min": 0.016173146773834947, "walk_graph_snap_ok": true, "population_reachable_5min": 225.81842346266137, "population_additional_5min": 225.81842346266137, "existing_catchment_overlap_population_5min": 0.0, "existing_catchment_overlap_pct_5min": 0.0, "population_reachable_8min": 378.21886512756589, "population_additional_8min": 378.21886512756589, "existing_catchment_overlap_population_8min": 0.0, "existing_catchment_overlap_pct_8min": 0.0, "population_reachable_10min": 507.30088860429709, "population_additional_10min": 361.64184912767632, "existing_catchment_overlap_population_10min": 145.65903947662082, "existing_catchment_overlap_pct_10min": 28.712553584789248, "population_reachable_12min": 543.76418292156143, "population_additional_12min": 237.80092495573294, "existing_catchment_overlap_population_12min": 305.9632579658284, "existing_catchment_overlap_pct_12min": 56.267637254431655, "nearest_official_stop_walk_network_m": 908.68678772674014, "nearest_official_stop_cluster_id": "EX_021", "nearby_official_routes": "D170", "nearby_official_route_count": 1, "settlement_coverage_10min_count": 2, "settlement_additional_10min_count": 0, "settlement_additional_10min_names": "", "destination_coverage_10min_count": 0, "destination_additional_10min_count": 0, "destination_additional_10min_names": "", "pruned_near_existing_stop": false, "pruned_no_access_gain": false, "candidate_id": "P2V2S_0044", "stop_type": "PROPOSED_STOP", "physical_status": "FIELD_CHECK_PENDING", "epistemic_status": "PROPOSED_STOP/FIELD_CHECK_PENDING", "road_eligibility_status": "DERIVED_GATE_D_BUS_ELIGIBLE", "candidate_status": "HYPOTHESIS_NOT_RECOMMENDATION", "population_spatial_model": "DASYMETRIC_BUILDING_SECTION_INTERSECTION_V2", "discovery_area_contract": "ANALYSIS_ENVELOPE_PLUS_INHERITED_150M_SITING_BUFFER", "potential_interchange_with_reference_gtfs": false, "interchange_evidence_status": "DERIVED_FROM_REFERENCE_PERIOD_GTFS_PROXIMITY_NOT_CURRENT_SERVICE_GUARANTEE", "discovery_sample_spacing_m_assumption": 150.0, "candidate_pruning_radius_m_assumption": 220.0, "source_gate_b_commit": "55d726564e13acca55ce563cc911263ac513acb0", "source_gate_d_commit": "7c220f7586d0f6e5cccd14a2d518be52eb1c4a55", "source_building_population_head": "29203ad64c3e32e6164ef6997933eb5c5ff2d5b1", "source_analysis_envelope_commit": "8a4608a60ecb367535814d965822e7502ae31eb9", "PRO_COM_T": "097012", "COMUNE": "Calco", "analysis_role": "UNSPECIFIED", "municipal_2021_resident_work_commuters_context": 2173.0, "municipal_2021_outbound_workers_context": 1894.0, "od_2021_context_status": "FACT_ISTAT_2021_WORK_COMMUTING_MUNICIPAL_ONLY_NOT_STOP_DEMAND" }, "geometry": { "type": "Point", "coordinates": [ 9.429145401654928, 45.724384367702157 ] } },
{ "type": "Feature", "properties": { "osm_way_id": "1465349145", "highway": "service", "road_uncertainty_flags": "missing_lanes|missing_maxheight|missing_maxweight|missing_maxwidth|missing_width", "sample_index": 0, "x_utm32": 533802.30005185527, "y_utm32": 5063525.4560716385, "lon": 9.4343889060569506, "lat": 45.724458748394774, "discovery_evidence": "BUILDING_GAP8:20230101_000000::RLB-8232b8c0-1589-4ce6-b9b9-abb21d5f7dae::SEC=970120000006|BUILDING_GAP8:20230101_000000::RLB-8a7b69da-503c-4589-b1e0-50c66261348d::SEC=970120000006|BUILDING_GAP8:20230101_000000::RLB-9b850f0b-69a5-4130-bfb5-f64c94594cab::SEC=970120000006|SETTLEMENT_GAP8:OSM_POINT_1620729044", "discovery_seed_count": 4, "walk_graph_node_id": 24900, "walk_graph_connector_m": 75.791795025341841, "walk_graph_connector_min": 0.94739743781677299, "walk_graph_snap_ok": true, "population_reachable_5min": 9.0884572648649122, "population_additional_5min": 9.0884572648649122, "existing_catchment_overlap_population_5min": 0.0, "existing_catchment_overlap_pct_5min": 0.0, "population_reachable_8min": 18.992099069084002, "population_additional_8min": 18.992099069084002, "existing_catchment_overlap_population_8min": 0.0, "existing_catchment_overlap_pct_8min": 0.0, "population_reachable_10min": 49.303516332887838, "population_additional_10min": 49.303516332887838, "existing_catchment_overlap_population_10min": 0.0, "existing_catchment_overlap_pct_10min": 0.0, "population_reachable_12min": 170.8570902494518, "population_additional_12min": 123.00914786212844, "existing_catchment_overlap_population_12min": 47.847942387323322, "existing_catchment_overlap_pct_12min": 28.004657177214714, "nearest_official_stop_walk_network_m": 1417.9076284805151, "nearest_official_stop_cluster_id": "EX_020", "nearby_official_routes": "D170", "nearby_official_route_count": 1, "settlement_coverage_10min_count": 1, "settlement_additional_10min_count": 1, "settlement_additional_10min_names": "Grugana", "destination_coverage_10min_count": 0, "destination_additional_10min_count": 0, "destination_additional_10min_names": "", "pruned_near_existing_stop": false, "pruned_no_access_gain": false, "candidate_id": "P2V2S_0045", "stop_type": "PROPOSED_STOP", "physical_status": "FIELD_CHECK_PENDING", "epistemic_status": "PROPOSED_STOP/FIELD_CHECK_PENDING", "road_eligibility_status": "DERIVED_GATE_D_BUS_ELIGIBLE", "candidate_status": "HYPOTHESIS_NOT_RECOMMENDATION", "population_spatial_model": "DASYMETRIC_BUILDING_SECTION_INTERSECTION_V2", "discovery_area_contract": "ANALYSIS_ENVELOPE_PLUS_INHERITED_150M_SITING_BUFFER", "potential_interchange_with_reference_gtfs": false, "interchange_evidence_status": "DERIVED_FROM_REFERENCE_PERIOD_GTFS_PROXIMITY_NOT_CURRENT_SERVICE_GUARANTEE", "discovery_sample_spacing_m_assumption": 150.0, "candidate_pruning_radius_m_assumption": 220.0, "source_gate_b_commit": "55d726564e13acca55ce563cc911263ac513acb0", "source_gate_d_commit": "7c220f7586d0f6e5cccd14a2d518be52eb1c4a55", "source_building_population_head": "29203ad64c3e32e6164ef6997933eb5c5ff2d5b1", "source_analysis_envelope_commit": "8a4608a60ecb367535814d965822e7502ae31eb9", "PRO_COM_T": "097012", "COMUNE": "Calco", "analysis_role": "UNSPECIFIED", "municipal_2021_resident_work_commuters_context": 2173.0, "municipal_2021_outbound_workers_context": 1894.0, "od_2021_context_status": "FACT_ISTAT_2021_WORK_COMMUTING_MUNICIPAL_ONLY_NOT_STOP_DEMAND" }, "geometry": { "type": "Point", "coordinates": [ 9.434388906056951, 45.724458748394774 ] } },
{ "type": "Feature", "properties": { "osm_way_id": "1465348932", "highway": "service", "road_uncertainty_flags": "missing_lanes|missing_maxheight|missing_maxweight|missing_maxwidth|missing_width", "sample_index": 0, "x_utm32": 533059.81911223137, "y_utm32": 5063545.9908056352, "lon": 9.4248490500601392, "lat": 45.72467945000848, "discovery_evidence": "BUILDING_GAP8:20230101_000000::RLB-b599c46d-64be-4b28-8d3a-5201a1003160::SEC=970120000058|BUILDING_GAP8:20230101_000000::RLB-cd346ebc-f35b-49b5-8602-6a8c5dcdc9bc::SEC=970120000058|BUILDING_GAP8:20230101_000000::RLB-cd346ebc-f35b-49b5-8602-6a8c5dcdc9bc::SEC=970120000086|BUILDING_GAP8:20230101_000000::RLB-d423d935-d0fe-4d79-b1b4-d69ba17e2a60::SEC=970120000058|BUILDING_GAP8:20230101_000000::RLB-d423d935-d0fe-4d79-b1b4-d69ba17e2a60::SEC=970120000086", "discovery_seed_count": 5, "walk_graph_node_id": 22652, "walk_graph_connector_m": 9.3508102090817342, "walk_graph_connector_min": 0.11688512761352168, "walk_graph_snap_ok": true, "population_reachable_5min": 274.51500603393896, "population_additional_5min": 274.51500603393896, "existing_catchment_overlap_population_5min": 0.0, "existing_catchment_overlap_pct_5min": 0.0, "population_reachable_8min": 487.52647289143101, "population_additional_8min": 487.52647289143101, "existing_catchment_overlap_population_8min": 0.0, "existing_catchment_overlap_pct_8min": 0.0, "population_reachable_10min": 555.2087829611994, "population_additional_10min": 362.14435799518196, "existing_catchment_overlap_population_10min": 193.06442496601747, "existing_catchment_overlap_pct_10min": 34.773301664341595, "population_reachable_12min": 669.00456447865315, "population_additional_12min": 227.0135139482297, "existing_catchment_overlap_population_12min": 441.99105053042342, "existing_catchment_overlap_pct_12min": 66.066970839707423, "nearest_official_stop_walk_network_m": 980.61777143980578, "nearest_official_stop_cluster_id": "EX_021", "nearby_official_routes": "D170", "nearby_official_route_count": 1, "settlement_coverage_10min_count": 2, "settlement_additional_10min_count": 0, "settlement_additional_10min_names": "", "destination_coverage_10min_count": 0, "destination_additional_10min_count": 0, "destination_additional_10min_names": "", "pruned_near_existing_stop": false, "pruned_no_access_gain": false, "candidate_id": "P2V2S_0046", "stop_type": "PROPOSED_STOP", "physical_status": "FIELD_CHECK_PENDING", "epistemic_status": "PROPOSED_STOP/FIELD_CHECK_PENDING", "road_eligibility_status": "DERIVED_GATE_D_BUS_ELIGIBLE", "candidate_status": "HYPOTHESIS_NOT_RECOMMENDATION", "population_spatial_model": "DASYMETRIC_BUILDING_SECTION_INTERSECTION_V2", "discovery_area_contract": "ANALYSIS_ENVELOPE_PLUS_INHERITED_150M_SITING_BUFFER", "potential_interchange_with_reference_gtfs": false, "interchange_evidence_status": "DERIVED_FROM_REFERENCE_PERIOD_GTFS_PROXIMITY_NOT_CURRENT_SERVICE_GUARANTEE", "discovery_sample_spacing_m_assumption": 150.0, "candidate_pruning_radius_m_assumption": 220.0, "source_gate_b_commit": "55d726564e13acca55ce563cc911263ac513acb0", "source_gate_d_commit": "7c220f7586d0f6e5cccd14a2d518be52eb1c4a55", "source_building_population_head": "29203ad64c3e32e6164ef6997933eb5c5ff2d5b1", "source_analysis_envelope_commit": "8a4608a60ecb367535814d965822e7502ae31eb9", "PRO_COM_T": "097012", "COMUNE": "Calco", "analysis_role": "UNSPECIFIED", "municipal_2021_resident_work_commuters_context": 2173.0, "municipal_2021_outbound_workers_context": 1894.0, "od_2021_context_status": "FACT_ISTAT_2021_WORK_COMMUTING_MUNICIPAL_ONLY_NOT_STOP_DEMAND" }, "geometry": { "type": "Point", "coordinates": [ 9.424849050060139, 45.72467945000848 ] } },
{ "type": "Feature", "properties": { "osm_way_id": "42281871", "highway": "residential", "road_uncertainty_flags": "missing_lanes|missing_maxheight|missing_maxweight|missing_maxwidth|missing_width", "sample_index": 3, "x_utm32": 530969.43197670067, "y_utm32": 5063610.5208955668, "lon": 9.3979904554318914, "lat": 45.725356989701062, "discovery_evidence": "BUILDING_GAP8:20230101_000000::RLB-096b813f-fbf1-41dd-b59b-a91b8f4e5da5::SEC=970580000005|BUILDING_GAP8:20230101_000000::RLB-0a2036d1-1910-4e33-88e9-ed53e25211dd::SEC=970580000005|BUILDING_GAP8:20230101_000000::RLB-15051582-f18e-4ea6-8093-d4f8a4d83f8e::SEC=970580000005|BUILDING_GAP8:20230101_000000::RLB-21d5fa13-f054-4347-bc03-b6fe85de1bdb::SEC=970580000005|BUILDING_GAP8:20230101_000000::RLB-a1e1feba-bb69-4348-af70-c84c0bb5e599::SEC=970580000005|BUILDING_GAP8:20230101_000000::RLB-bfbe651e-b535-4917-8001-dc20d4fcad9a::SEC=970580000059|BUILDING_GAP8:20230101_000000::RLB-c26cf946-273a-4dc6-af87-1ef58a929c26::SEC=970580000005|BUILDING_GAP8:20230101_000000::RLB-dfabbca0-4c34-4169-a746-baf1e12e5bb5::SEC=970580000005|BUILDING_GAP8:20230101_000000::RLB-eae7760c-4db8-4ed8-8a31-cde599e63175::SEC=970580000005", "discovery_seed_count": 9, "walk_graph_node_id": 16010, "walk_graph_connector_m": 0.59882643939782942, "walk_graph_connector_min": 0.0074853304924728681, "walk_graph_snap_ok": true, "population_reachable_5min": 348.66997228581045, "population_additional_5min": 287.67415455110233, "existing_catchment_overlap_population_5min": 60.995817734708162, "existing_catchment_overlap_pct_5min": 17.493854528060389, "population_reachable_8min": 1618.2582441316158, "population_additional_8min": 695.69456534358608, "existing_catchment_overlap_population_8min": 922.56367878802973, "existing_catchment_overlap_pct_8min": 57.009669632988192, "population_reachable_10min": 2112.9877868507683, "population_additional_10min": 678.06730456263494, "existing_catchment_overlap_population_10min": 1434.9204822881338, "existing_catchment_overlap_pct_10min": 67.909549275093667, "population_reachable_12min": 2762.6014078466769, "population_additional_12min": 707.46951815320278, "existing_catchment_overlap_population_12min": 2055.1318896934745, "existing_catchment_overlap_pct_12min": 74.391183753698186, "nearest_official_stop_walk_network_m": 526.68322696120572, "nearest_official_stop_cluster_id": "EX_018", "nearby_official_routes": "D148", "nearby_official_route_count": 1, "settlement_coverage_10min_count": 0, "settlement_additional_10min_count": 0, "settlement_additional_10min_names": "", "destination_coverage_10min_count": 3, "destination_additional_10min_count": 0, "destination_additional_10min_names": "", "pruned_near_existing_stop": false, "pruned_no_access_gain": false, "candidate_id": "P2V2S_0047", "stop_type": "PROPOSED_STOP", "physical_status": "FIELD_CHECK_PENDING", "epistemic_status": "PROPOSED_STOP/FIELD_CHECK_PENDING", "road_eligibility_status": "DERIVED_GATE_D_BUS_ELIGIBLE", "candidate_status": "HYPOTHESIS_NOT_RECOMMENDATION", "population_spatial_model": "DASYMETRIC_BUILDING_SECTION_INTERSECTION_V2", "discovery_area_contract": "ANALYSIS_ENVELOPE_PLUS_INHERITED_150M_SITING_BUFFER", "potential_interchange_with_reference_gtfs": false, "interchange_evidence_status": "DERIVED_FROM_REFERENCE_PERIOD_GTFS_PROXIMITY_NOT_CURRENT_SERVICE_GUARANTEE", "discovery_sample_spacing_m_assumption": 150.0, "candidate_pruning_radius_m_assumption": 220.0, "source_gate_b_commit": "55d726564e13acca55ce563cc911263ac513acb0", "source_gate_d_commit": "7c220f7586d0f6e5cccd14a2d518be52eb1c4a55", "source_building_population_head": "29203ad64c3e32e6164ef6997933eb5c5ff2d5b1", "source_analysis_envelope_commit": "8a4608a60ecb367535814d965822e7502ae31eb9", "PRO_COM_T": "097058", "COMUNE": "Olgiate Molgora", "analysis_role": "UNSPECIFIED", "municipal_2021_resident_work_commuters_context": 2287.0, "municipal_2021_outbound_workers_context": 1961.0, "od_2021_context_status": "FACT_ISTAT_2021_WORK_COMMUTING_MUNICIPAL_ONLY_NOT_STOP_DEMAND" }, "geometry": { "type": "Point", "coordinates": [ 9.397990455431891, 45.725356989701062 ] } },
{ "type": "Feature", "properties": { "osm_way_id": "1465349150", "highway": "service", "road_uncertainty_flags": "missing_lanes|missing_maxheight|missing_maxweight|missing_maxwidth|missing_width", "sample_index": 0, "x_utm32": 533596.54379794374, "y_utm32": 5063610.6032670084, "lon": 9.4317507391866524, "lat": 45.725235140096139, "discovery_evidence": "BUILDING_GAP8:20230101_000000::RLB-180daa9d-3254-4740-9695-f38f49b55c6a::SEC=970120000006|BUILDING_GAP8:20230101_000000::RLB-7ac3849a-bb2d-4984-bec3-5db5cffbec7a::SEC=970120000006|BUILDING_GAP8:20230101_000000::RLB-7b8d23f9-1e16-48e7-bd05-7a7b30c9c958::SEC=970120000006", "discovery_seed_count": 3, "walk_graph_node_id": 24212, "walk_graph_connector_m": 11.310929205823928, "walk_graph_connector_min": 0.14138661507279909, "walk_graph_snap_ok": true, "population_reachable_5min": 30.734918641839965, "population_additional_5min": 30.734918641839965, "existing_catchment_overlap_population_5min": 0.0, "existing_catchment_overlap_pct_5min": 0.0, "population_reachable_8min": 89.081819484727603, "population_additional_8min": 89.081819484727603, "existing_catchment_overlap_population_8min": 0.0, "existing_catchment_overlap_pct_8min": 0.0, "population_reachable_10min": 219.16464510395861, "population_additional_10min": 132.19733404557951, "existing_catchment_overlap_population_10min": 86.967311058379082, "existing_catchment_overlap_pct_10min": 39.681268398526136, "population_reachable_12min": 367.40652129204909, "population_additional_12min": 144.97905224528097, "existing_catchment_overlap_population_12min": 222.42746904676812, "existing_catchment_overlap_pct_12min": 60.539880529219559, "nearest_official_stop_walk_network_m": 1408.56080521746, "nearest_official_stop_cluster_id": "EX_021", "nearby_official_routes": "D170", "nearby_official_route_count": 1, "settlement_coverage_10min_count": 2, "settlement_additional_10min_count": 0, "settlement_additional_10min_names": "", "destination_coverage_10min_count": 0, "destination_additional_10min_count": 0, "destination_additional_10min_names": "", "pruned_near_existing_stop": false, "pruned_no_access_gain": false, "candidate_id": "P2V2S_0048", "stop_type": "PROPOSED_STOP", "physical_status": "FIELD_CHECK_PENDING", "epistemic_status": "PROPOSED_STOP/FIELD_CHECK_PENDING", "road_eligibility_status": "DERIVED_GATE_D_BUS_ELIGIBLE", "candidate_status": "HYPOTHESIS_NOT_RECOMMENDATION", "population_spatial_model": "DASYMETRIC_BUILDING_SECTION_INTERSECTION_V2", "discovery_area_contract": "ANALYSIS_ENVELOPE_PLUS_INHERITED_150M_SITING_BUFFER", "potential_interchange_with_reference_gtfs": false, "interchange_evidence_status": "DERIVED_FROM_REFERENCE_PERIOD_GTFS_PROXIMITY_NOT_CURRENT_SERVICE_GUARANTEE", "discovery_sample_spacing_m_assumption": 150.0, "candidate_pruning_radius_m_assumption": 220.0, "source_gate_b_commit": "55d726564e13acca55ce563cc911263ac513acb0", "source_gate_d_commit": "7c220f7586d0f6e5cccd14a2d518be52eb1c4a55", "source_building_population_head": "29203ad64c3e32e6164ef6997933eb5c5ff2d5b1", "source_analysis_envelope_commit": "8a4608a60ecb367535814d965822e7502ae31eb9", "PRO_COM_T": "097012", "COMUNE": "Calco", "analysis_role": "UNSPECIFIED", "municipal_2021_resident_work_commuters_context": 2173.0, "municipal_2021_outbound_workers_context": 1894.0, "od_2021_context_status": "FACT_ISTAT_2021_WORK_COMMUTING_MUNICIPAL_ONLY_NOT_STOP_DEMAND" }, "geometry": { "type": "Point", "coordinates": [ 9.431750739186652, 45.725235140096139 ] } },
{ "type": "Feature", "properties": { "osm_way_id": "42779089", "highway": "service", "road_uncertainty_flags": "missing_lanes|missing_maxheight|missing_maxweight|missing_maxwidth|missing_width", "sample_index": 2, "x_utm32": 528253.15993355482, "y_utm32": 5063626.5297759837, "lon": 9.3630851180192138, "lat": 45.725617341607872, "discovery_evidence": "BUILDING_GAP8:20230101_000000::RLB-0354b496-ad7b-46d3-b021-4478c06c7369::SEC=970920000031|BUILDING_GAP8:20230101_000000::RLB-3349a6a0-b78b-4693-8fd3-57422d17b26f::SEC=970920000031|BUILDING_GAP8:20230101_000000::RLB-581f7eac-2014-4640-9b99-ce070cc19994::SEC=970920000031|BUILDING_GAP8:20230101_000000::RLB-5829850a-12a3-4af4-9b75-64a213327545::SEC=970920000031|BUILDING_GAP8:20230101_000000::RLB-6496eca7-1f63-4eb2-a3b5-6a90f498e24b::SEC=970920000031|BUILDING_GAP8:20230101_000000::RLB-9094fb82-ac65-4b0d-9417-ba37114549a2::SEC=970920000031|BUILDING_GAP8:20230101_000000::RLB-fda68b70-cfe6-485e-8239-678087519eda::SEC=970920000031", "discovery_seed_count": 7, "walk_graph_node_id": 4645, "walk_graph_connector_m": 3.3175543674675545, "walk_graph_connector_min": 0.041469429593344431, "walk_graph_snap_ok": true, "population_reachable_5min": 9.8316451917297272, "population_additional_5min": 9.8316451917297272, "existing_catchment_overlap_population_5min": 0.0, "existing_catchment_overlap_pct_5min": 0.0, "population_reachable_8min": 14.270815013478892, "population_additional_8min": 14.270815013478892, "existing_catchment_overlap_population_8min": 0.0, "existing_catchment_overlap_pct_8min": 0.0, "population_reachable_10min": 32.533063639407438, "population_additional_10min": 32.533063639407438, "existing_catchment_overlap_population_10min": 0.0, "existing_catchment_overlap_pct_10min": 0.0, "population_reachable_12min": 32.533063639407438, "population_additional_12min": 32.533063639407438, "existing_catchment_overlap_population_12min": 0.0, "existing_catchment_overlap_pct_12min": 0.0, "nearest_official_stop_walk_network_m": 2190.7427957496689, "nearest_official_stop_cluster_id": "EX_027", "nearby_official_routes": "D184", "nearby_official_route_count": 1, "settlement_coverage_10min_count": 1, "settlement_additional_10min_count": 1, "settlement_additional_10min_names": "Pianello", "destination_coverage_10min_count": 0, "destination_additional_10min_count": 0, "destination_additional_10min_names": "", "pruned_near_existing_stop": false, "pruned_no_access_gain": false, "candidate_id": "P2V2S_0049", "stop_type": "PROPOSED_STOP", "physical_status": "FIELD_CHECK_PENDING", "epistemic_status": "PROPOSED_STOP/FIELD_CHECK_PENDING", "road_eligibility_status": "DERIVED_GATE_D_BUS_ELIGIBLE", "candidate_status": "HYPOTHESIS_NOT_RECOMMENDATION", "population_spatial_model": "DASYMETRIC_BUILDING_SECTION_INTERSECTION_V2", "discovery_area_contract": "ANALYSIS_ENVELOPE_PLUS_INHERITED_150M_SITING_BUFFER", "potential_interchange_with_reference_gtfs": false, "interchange_evidence_status": "DERIVED_FROM_REFERENCE_PERIOD_GTFS_PROXIMITY_NOT_CURRENT_SERVICE_GUARANTEE", "discovery_sample_spacing_m_assumption": 150.0, "candidate_pruning_radius_m_assumption": 220.0, "source_gate_b_commit": "55d726564e13acca55ce563cc911263ac513acb0", "source_gate_d_commit": "7c220f7586d0f6e5cccd14a2d518be52eb1c4a55", "source_building_population_head": "29203ad64c3e32e6164ef6997933eb5c5ff2d5b1", "source_analysis_envelope_commit": "8a4608a60ecb367535814d965822e7502ae31eb9", "PRO_COM_T": "097092", "COMUNE": "La Valletta Brianza", "analysis_role": "UNSPECIFIED", "municipal_2021_resident_work_commuters_context": 1796.0, "municipal_2021_outbound_workers_context": 1521.0, "od_2021_context_status": "FACT_ISTAT_2021_WORK_COMMUTING_MUNICIPAL_ONLY_NOT_STOP_DEMAND" }, "geometry": { "type": "Point", "coordinates": [ 9.363085118019214, 45.725617341607872 ] } },
{ "type": "Feature", "properties": { "osm_way_id": "144080061", "highway": "unclassified", "road_uncertainty_flags": "missing_lanes|missing_maxheight|missing_maxweight|missing_maxwidth|missing_width", "sample_index": 0, "x_utm32": 529085.25979654933, "y_utm32": 5063695.7195712551, "lon": 9.373782470974815, "lat": 45.726205607511979, "discovery_evidence": "BUILDING_GAP8:20230101_000000::RLB-1a38876e-26ab-40ae-8428-0f2cdc30e5d2::SEC=970920000031|BUILDING_GAP8:20230101_000000::RLB-7a9545d7-776e-46dc-8b11-b028e463e0e9::SEC=970920000031", "discovery_seed_count": 2, "walk_graph_node_id": 7724, "walk_graph_connector_m": 10.301614045087945, "walk_graph_connector_min": 0.12877017556359932, "walk_graph_snap_ok": true, "population_reachable_5min": 104.06499390250229, "population_additional_5min": 104.06499390250229, "existing_catchment_overlap_population_5min": 0.0, "existing_catchment_overlap_pct_5min": 0.0, "population_reachable_8min": 256.26427919269236, "population_additional_8min": 256.26427919269236, "existing_catchment_overlap_population_8min": 0.0, "existing_catchment_overlap_pct_8min": 0.0, "population_reachable_10min": 360.5476015943342, "population_additional_10min": 360.5476015943342, "existing_catchment_overlap_population_10min": 0.0, "existing_catchment_overlap_pct_10min": 0.0, "population_reachable_12min": 462.20209455779082, "population_additional_12min": 462.20209455779082, "existing_catchment_overlap_population_12min": 0.0, "existing_catchment_overlap_pct_12min": 0.0, "nearest_official_stop_walk_network_m": 1724.2169675039092, "nearest_official_stop_cluster_id": "EX_026", "nearby_official_routes": "D184", "nearby_official_route_count": 1, "settlement_coverage_10min_count": 3, "settlement_additional_10min_count": 3, "settlement_additional_10min_names": "Brugolone|Cereda|Monte", "destination_coverage_10min_count": 0, "destination_additional_10min_count": 0, "destination_additional_10min_names": "", "pruned_near_existing_stop": false, "pruned_no_access_gain": false, "candidate_id": "P2V2S_0050", "stop_type": "PROPOSED_STOP", "physical_status": "FIELD_CHECK_PENDING", "epistemic_status": "PROPOSED_STOP/FIELD_CHECK_PENDING", "road_eligibility_status": "DERIVED_GATE_D_BUS_ELIGIBLE", "candidate_status": "HYPOTHESIS_NOT_RECOMMENDATION", "population_spatial_model": "DASYMETRIC_BUILDING_SECTION_INTERSECTION_V2", "discovery_area_contract": "ANALYSIS_ENVELOPE_PLUS_INHERITED_150M_SITING_BUFFER", "potential_interchange_with_reference_gtfs": false, "interchange_evidence_status": "DERIVED_FROM_REFERENCE_PERIOD_GTFS_PROXIMITY_NOT_CURRENT_SERVICE_GUARANTEE", "discovery_sample_spacing_m_assumption": 150.0, "candidate_pruning_radius_m_assumption": 220.0, "source_gate_b_commit": "55d726564e13acca55ce563cc911263ac513acb0", "source_gate_d_commit": "7c220f7586d0f6e5cccd14a2d518be52eb1c4a55", "source_building_population_head": "29203ad64c3e32e6164ef6997933eb5c5ff2d5b1", "source_analysis_envelope_commit": "8a4608a60ecb367535814d965822e7502ae31eb9", "PRO_COM_T": "097092", "COMUNE": "La Valletta Brianza", "analysis_role": "UNSPECIFIED", "municipal_2021_resident_work_commuters_context": 1796.0, "municipal_2021_outbound_workers_context": 1521.0, "od_2021_context_status": "FACT_ISTAT_2021_WORK_COMMUTING_MUNICIPAL_ONLY_NOT_STOP_DEMAND" }, "geometry": { "type": "Point", "coordinates": [ 9.373782470974815, 45.726205607511979 ] } },
{ "type": "Feature", "properties": { "osm_way_id": "1491885396", "highway": "service", "road_uncertainty_flags": "missing_lanes|missing_maxheight|missing_maxweight|missing_maxwidth|missing_width", "sample_index": 0, "x_utm32": 529821.58729730488, "y_utm32": 5063720.0559874075, "lon": 9.3832464998974707, "lat": 45.726393300021648, "discovery_evidence": "BUILDING_GAP8:20230101_000000::RLB-10feb000-874f-47e6-b46d-a0b1689579b4::SEC=970920000004|BUILDING_GAP8:20230101_000000::RLB-649da778-3a3f-44b6-9af2-55cbe14d4550::SEC=970920000004", "discovery_seed_count": 2, "walk_graph_node_id": 11242, "walk_graph_connector_m": 10.691744724398339, "walk_graph_connector_min": 0.13364680905497922, "walk_graph_snap_ok": true, "population_reachable_5min": 233.49886522853436, "population_additional_5min": 233.49886522853436, "existing_catchment_overlap_population_5min": 0.0, "existing_catchment_overlap_pct_5min": 0.0, "population_reachable_8min": 390.80892131322884, "population_additional_8min": 390.80892131322884, "existing_catchment_overlap_population_8min": 0.0, "existing_catchment_overlap_pct_8min": 0.0, "population_reachable_10min": 506.60318327519542, "population_additional_10min": 506.60318327519542, "existing_catchment_overlap_population_10min": 0.0, "existing_catchment_overlap_pct_10min": 0.0, "population_reachable_12min": 669.89078538889009, "population_additional_12min": 622.90716557927317, "existing_catchment_overlap_population_12min": 46.983619809616911, "existing_catchment_overlap_pct_12min": 7.0136238375545989, "nearest_official_stop_walk_network_m": 1461.6990891539256, "nearest_official_stop_cluster_id": "EX_026", "nearby_official_routes": "D184", "nearby_official_route_count": 1, "settlement_coverage_10min_count": 1, "settlement_additional_10min_count": 1, "settlement_additional_10min_names": "Monte", "destination_coverage_10min_count": 0, "destination_additional_10min_count": 0, "destination_additional_10min_names": "", "pruned_near_existing_stop": false, "pruned_no_access_gain": false, "candidate_id": "P2V2S_0051", "stop_type": "PROPOSED_STOP", "physical_status": "FIELD_CHECK_PENDING", "epistemic_status": "PROPOSED_STOP/FIELD_CHECK_PENDING", "road_eligibility_status": "DERIVED_GATE_D_BUS_ELIGIBLE", "candidate_status": "HYPOTHESIS_NOT_RECOMMENDATION", "population_spatial_model": "DASYMETRIC_BUILDING_SECTION_INTERSECTION_V2", "discovery_area_contract": "ANALYSIS_ENVELOPE_PLUS_INHERITED_150M_SITING_BUFFER", "potential_interchange_with_reference_gtfs": false, "interchange_evidence_status": "DERIVED_FROM_REFERENCE_PERIOD_GTFS_PROXIMITY_NOT_CURRENT_SERVICE_GUARANTEE", "discovery_sample_spacing_m_assumption": 150.0, "candidate_pruning_radius_m_assumption": 220.0, "source_gate_b_commit": "55d726564e13acca55ce563cc911263ac513acb0", "source_gate_d_commit": "7c220f7586d0f6e5cccd14a2d518be52eb1c4a55", "source_building_population_head": "29203ad64c3e32e6164ef6997933eb5c5ff2d5b1", "source_analysis_envelope_commit": "8a4608a60ecb367535814d965822e7502ae31eb9", "PRO_COM_T": "097092", "COMUNE": "La Valletta Brianza", "analysis_role": "UNSPECIFIED", "municipal_2021_resident_work_commuters_context": 1796.0, "municipal_2021_outbound_workers_context": 1521.0, "od_2021_context_status": "FACT_ISTAT_2021_WORK_COMMUTING_MUNICIPAL_ONLY_NOT_STOP_DEMAND" }, "geometry": { "type": "Point", "coordinates": [ 9.383246499897471, 45.726393300021648 ] } },
{ "type": "Feature", "properties": { "osm_way_id": "1491885417", "highway": "service", "road_uncertainty_flags": "missing_lanes|missing_maxheight|missing_maxweight|missing_maxwidth|missing_width", "sample_index": 0, "x_utm32": 529355.41330578877, "y_utm32": 5063725.2569177942, "lon": 9.3772560000934284, "lat": 45.726460050016378, "discovery_evidence": "BUILDING_GAP8:20230101_000000::RLB-1040c809-b8b9-4c31-9bb8-08a905314ad4::SEC=970920000004|BUILDING_GAP8:20230101_000000::RLB-18a22c8c-b87f-4703-ad7c-fd58366697b2::SEC=970920000004|BUILDING_GAP8:20230101_000000::RLB-2d96c425-debf-4b34-a003-579dadc3caeb::SEC=970920000017|BUILDING_GAP8:20230101_000000::RLB-51fed38e-0935-4110-babc-174c6fccc80f::SEC=970920000004|BUILDING_GAP8:20230101_000000::RLB-80559198-ecfd-4d91-a8a2-9c50ca621145::SEC=970920000004|BUILDING_GAP8:20230101_000000::RLB-866febd8-01a7-447b-af35-3900dbc8f8be::SEC=970920000004|BUILDING_GAP8:20230101_000000::RLB-8dffee6c-cbe2-4b6e-a23e-46fa86beaff9::SEC=970920000004|BUILDING_GAP8:20230101_000000::RLB-9cd699f5-e9db-46b2-b245-e10427121926::SEC=970920000004|BUILDING_GAP8:20230101_000000::RLB-a4b5e522-0ac1-4398-b945-a4a864c36002::SEC=970920000004|BUILDING_GAP8:20230101_000000::RLB-a963e8f7-06d2-4511-a1ba-adc4dc558daf::SEC=970920000004|BUILDING_GAP8:20230101_000000::RLB-c05590c7-ce60-4314-bb23-956637095f4d::SEC=970920000017|BUILDING_GAP8:20230101_000000::RLB-c2a3a756-b5c9-453c-8099-601a33fb75b1::SEC=970920000004|BUILDING_GAP8:20230101_000000::RLB-e4a98dc0-aa05-4a9c-b43f-58a630d04bac::SEC=970920000004|BUILDING_GAP8:20230101_000000::RLB-f6047ee2-bd35-4aea-aa8d-b5e2e3a370cd::SEC=970920000004|BUILDING_GAP8:20230101_000000::RLB-fd41c74b-33d8-4be3-b5c3-665c2b329c8d::SEC=970920000004", "discovery_seed_count": 15, "walk_graph_node_id": 9083, "walk_graph_connector_m": 10.736441123950621, "walk_graph_connector_min": 0.13420551404938277, "walk_graph_snap_ok": true, "population_reachable_5min": 268.40887508349391, "population_additional_5min": 268.40887508349391, "existing_catchment_overlap_population_5min": 0.0, "existing_catchment_overlap_pct_5min": 0.0, "population_reachable_8min": 389.44593369295973, "population_additional_8min": 389.44593369295973, "existing_catchment_overlap_population_8min": 0.0, "existing_catchment_overlap_pct_8min": 0.0, "population_reachable_10min": 455.24666399089585, "population_additional_10min": 455.24666399089585, "existing_catchment_overlap_population_10min": 0.0, "existing_catchment_overlap_pct_10min": 0.0, "population_reachable_12min": 485.67306372139444, "population_additional_12min": 485.67306372139444, "existing_catchment_overlap_population_12min": 0.0, "existing_catchment_overlap_pct_12min": 0.0, "nearest_official_stop_walk_network_m": 1566.4295577835712, "nearest_official_stop_cluster_id": "EX_026", "nearby_official_routes": "D184", "nearby_official_route_count": 1, "settlement_coverage_10min_count": 2, "settlement_additional_10min_count": 2, "settlement_additional_10min_names": "Brugolone|Monte", "destination_coverage_10min_count": 0, "destination_additional_10min_count": 0, "destination_additional_10min_names": "", "pruned_near_existing_stop": false, "pruned_no_access_gain": false, "candidate_id": "P2V2S_0052", "stop_type": "PROPOSED_STOP", "physical_status": "FIELD_CHECK_PENDING", "epistemic_status": "PROPOSED_STOP/FIELD_CHECK_PENDING", "road_eligibility_status": "DERIVED_GATE_D_BUS_ELIGIBLE", "candidate_status": "HYPOTHESIS_NOT_RECOMMENDATION", "population_spatial_model": "DASYMETRIC_BUILDING_SECTION_INTERSECTION_V2", "discovery_area_contract": "ANALYSIS_ENVELOPE_PLUS_INHERITED_150M_SITING_BUFFER", "potential_interchange_with_reference_gtfs": false, "interchange_evidence_status": "DERIVED_FROM_REFERENCE_PERIOD_GTFS_PROXIMITY_NOT_CURRENT_SERVICE_GUARANTEE", "discovery_sample_spacing_m_assumption": 150.0, "candidate_pruning_radius_m_assumption": 220.0, "source_gate_b_commit": "55d726564e13acca55ce563cc911263ac513acb0", "source_gate_d_commit": "7c220f7586d0f6e5cccd14a2d518be52eb1c4a55", "source_building_population_head": "29203ad64c3e32e6164ef6997933eb5c5ff2d5b1", "source_analysis_envelope_commit": "8a4608a60ecb367535814d965822e7502ae31eb9", "PRO_COM_T": "097092", "COMUNE": "La Valletta Brianza", "analysis_role": "UNSPECIFIED", "municipal_2021_resident_work_commuters_context": 1796.0, "municipal_2021_outbound_workers_context": 1521.0, "od_2021_context_status": "FACT_ISTAT_2021_WORK_COMMUTING_MUNICIPAL_ONLY_NOT_STOP_DEMAND" }, "geometry": { "type": "Point", "coordinates": [ 9.377256000093428, 45.726460050016378 ] } },
{ "type": "Feature", "properties": { "osm_way_id": "220041700", "highway": "unclassified", "road_uncertainty_flags": "missing_lanes|missing_maxheight|missing_maxweight|missing_maxwidth", "sample_index": 0, "x_utm32": 532672.36128995637, "y_utm32": 5063765.1713403407, "lon": 9.4198847762066542, "lat": 45.726670598828193, "discovery_evidence": "BUILDING_GAP8:20230101_000000::RLB-066aaadc-71c2-4ba7-9476-1af1371bcbf9::SEC=970120000003|BUILDING_GAP8:20230101_000000::RLB-2857513a-0e00-4126-a641-a9c764714a69::SEC=970120000003|BUILDING_GAP8:20230101_000000::RLB-591f3270-202e-4ac0-a4f0-61b67f38ad0b::SEC=970120000006", "discovery_seed_count": 3, "walk_graph_node_id": 21573, "walk_graph_connector_m": 9.4745903144995332, "walk_graph_connector_min": 0.11843237893124417, "walk_graph_snap_ok": true, "population_reachable_5min": 535.44461660235936, "population_additional_5min": 428.25324634068335, "existing_catchment_overlap_population_5min": 107.19137026167618, "existing_catchment_overlap_pct_5min": 20.019133060269496, "population_reachable_8min": 1099.5581411235657, "population_additional_8min": 313.1982898084367, "existing_catchment_overlap_population_8min": 786.35985131512905, "existing_catchment_overlap_pct_8min": 71.515986459033428, "population_reachable_10min": 1506.6933794734109, "population_additional_10min": 286.02846116848741, "existing_catchment_overlap_population_10min": 1220.6649183049237, "existing_catchment_overlap_pct_10min": 81.01614667820111, "population_reachable_12min": 1988.1599202870036, "population_additional_12min": 121.07828108330371, "existing_catchment_overlap_population_12min": 1867.0816392037002, "existing_catchment_overlap_pct_12min": 93.910033099056491, "nearest_official_stop_walk_network_m": 519.10131486185958, "nearest_official_stop_cluster_id": "EX_007", "nearby_official_routes": "D185", "nearby_official_route_count": 1, "settlement_coverage_10min_count": 2, "settlement_additional_10min_count": 0, "settlement_additional_10min_names": "", "destination_coverage_10min_count": 3, "destination_additional_10min_count": 0, "destination_additional_10min_names": "", "pruned_near_existing_stop": false, "pruned_no_access_gain": false, "candidate_id": "P2V2S_0053", "stop_type": "PROPOSED_STOP", "physical_status": "FIELD_CHECK_PENDING", "epistemic_status": "PROPOSED_STOP/FIELD_CHECK_PENDING", "road_eligibility_status": "DERIVED_GATE_D_BUS_ELIGIBLE", "candidate_status": "HYPOTHESIS_NOT_RECOMMENDATION", "population_spatial_model": "DASYMETRIC_BUILDING_SECTION_INTERSECTION_V2", "discovery_area_contract": "ANALYSIS_ENVELOPE_PLUS_INHERITED_150M_SITING_BUFFER", "potential_interchange_with_reference_gtfs": false, "interchange_evidence_status": "DERIVED_FROM_REFERENCE_PERIOD_GTFS_PROXIMITY_NOT_CURRENT_SERVICE_GUARANTEE", "discovery_sample_spacing_m_assumption": 150.0, "candidate_pruning_radius_m_assumption": 220.0, "source_gate_b_commit": "55d726564e13acca55ce563cc911263ac513acb0", "source_gate_d_commit": "7c220f7586d0f6e5cccd14a2d518be52eb1c4a55", "source_building_population_head": "29203ad64c3e32e6164ef6997933eb5c5ff2d5b1", "source_analysis_envelope_commit": "8a4608a60ecb367535814d965822e7502ae31eb9", "PRO_COM_T": "097012", "COMUNE": "Calco", "analysis_role": "UNSPECIFIED", "municipal_2021_resident_work_commuters_context": 2173.0, "municipal_2021_outbound_workers_context": 1894.0, "od_2021_context_status": "FACT_ISTAT_2021_WORK_COMMUTING_MUNICIPAL_ONLY_NOT_STOP_DEMAND" }, "geometry": { "type": "Point", "coordinates": [ 9.419884776206654, 45.726670598828193 ] } },
{ "type": "Feature", "properties": { "osm_way_id": "1463998878", "highway": "service", "road_uncertainty_flags": "missing_lanes|missing_maxheight|missing_maxweight|missing_maxwidth|missing_width", "sample_index": 0, "x_utm32": 531879.85560068197, "y_utm32": 5063781.8232127698, "lon": 9.4097013499764, "lat": 45.726857450002058, "discovery_evidence": "BUILDING_GAP8:20230101_000000::RLB-21fee35c-f331-4c85-82c6-252284eb1556::SEC=970120000052", "discovery_seed_count": 1, "walk_graph_node_id": 19275, "walk_graph_connector_m": 7.8011730737354057, "walk_graph_connector_min": 0.097514663421692571, "walk_graph_snap_ok": true, "population_reachable_5min": 777.15841269485668, "population_additional_5min": 182.16369215550367, "existing_catchment_overlap_population_5min": 594.99472053935301, "existing_catchment_overlap_pct_5min": 76.560288201238535, "population_reachable_8min": 1518.8082727972501, "population_additional_8min": 0.0, "existing_catchment_overlap_population_8min": 1518.8082727972501, "existing_catchment_overlap_pct_8min": 100.0, "population_reachable_10min": 2203.6442625437635, "population_additional_10min": 11.854139605620375, "existing_catchment_overlap_population_10min": 2191.7901229381432, "existing_catchment_overlap_pct_10min": 99.46206655007299, "population_reachable_12min": 3077.5901090776488, "population_additional_12min": 6.0014036681744329, "existing_catchment_overlap_population_12min": 3071.5887054094746, "existing_catchment_overlap_pct_12min": 99.804996654672351, "nearest_official_stop_walk_network_m": 317.02228145546331, "nearest_official_stop_cluster_id": "EX_019", "nearby_official_routes": "D148|D185", "nearby_official_route_count": 2, "settlement_coverage_10min_count": 1, "settlement_additional_10min_count": 0, "settlement_additional_10min_names": "", "destination_coverage_10min_count": 4, "destination_additional_10min_count": 0, "destination_additional_10min_names": "", "pruned_near_existing_stop": false, "pruned_no_access_gain": false, "candidate_id": "P2V2S_0054", "stop_type": "PROPOSED_STOP", "physical_status": "FIELD_CHECK_PENDING", "epistemic_status": "PROPOSED_STOP/FIELD_CHECK_PENDING", "road_eligibility_status": "DERIVED_GATE_D_BUS_ELIGIBLE", "candidate_status": "HYPOTHESIS_NOT_RECOMMENDATION", "population_spatial_model": "DASYMETRIC_BUILDING_SECTION_INTERSECTION_V2", "discovery_area_contract": "ANALYSIS_ENVELOPE_PLUS_INHERITED_150M_SITING_BUFFER", "potential_interchange_with_reference_gtfs": false, "interchange_evidence_status": "DERIVED_FROM_REFERENCE_PERIOD_GTFS_PROXIMITY_NOT_CURRENT_SERVICE_GUARANTEE", "discovery_sample_spacing_m_assumption": 150.0, "candidate_pruning_radius_m_assumption": 220.0, "source_gate_b_commit": "55d726564e13acca55ce563cc911263ac513acb0", "source_gate_d_commit": "7c220f7586d0f6e5cccd14a2d518be52eb1c4a55", "source_building_population_head": "29203ad64c3e32e6164ef6997933eb5c5ff2d5b1", "source_analysis_envelope_commit": "8a4608a60ecb367535814d965822e7502ae31eb9", "PRO_COM_T": "097012", "COMUNE": "Calco", "analysis_role": "UNSPECIFIED", "municipal_2021_resident_work_commuters_context": 2173.0, "municipal_2021_outbound_workers_context": 1894.0, "od_2021_context_status": "FACT_ISTAT_2021_WORK_COMMUTING_MUNICIPAL_ONLY_NOT_STOP_DEMAND" }, "geometry": { "type": "Point", "coordinates": [ 9.4097013499764, 45.726857450002058 ] } },
{ "type": "Feature", "properties": { "osm_way_id": "223263774", "highway": "unclassified", "road_uncertainty_flags": "missing_lanes|missing_maxheight|missing_maxweight|missing_maxwidth|missing_width", "sample_index": 1, "x_utm32": 534180.18555857602, "y_utm32": 5063797.3234839374, "lon": 9.4392640977298186, "lat": 45.726887128656792, "discovery_evidence": "BUILDING_GAP8:20230101_000000::RLB-b54a72fc-81ee-4df4-be2b-3c464862cc12::SEC=970120000006", "discovery_seed_count": 1, "walk_graph_node_id": 25696, "walk_graph_connector_m": 44.300708192800002, "walk_graph_connector_min": 0.55375885241, "walk_graph_snap_ok": true, "population_reachable_5min": 253.54907730689411, "population_additional_5min": 125.50699149756053, "existing_catchment_overlap_population_5min": 128.04208580933357, "existing_catchment_overlap_pct_5min": 50.499921817641756, "population_reachable_8min": 646.10698394771612, "population_additional_8min": 177.96729126145732, "existing_catchment_overlap_population_8min": 468.13969268625874, "existing_catchment_overlap_pct_8min": 72.455445354563949, "population_reachable_10min": 997.45795325474182, "population_additional_10min": 121.37190789659573, "existing_catchment_overlap_population_10min": 876.08604535814595, "existing_catchment_overlap_pct_10min": 87.831877273567784, "population_reachable_12min": 1215.6222026028611, "population_additional_12min": 11.105801612801315, "existing_catchment_overlap_population_12min": 1204.5164009900598, "existing_catchment_overlap_pct_12min": 99.086410104305273, "nearest_official_stop_walk_network_m": 505.41840047225429, "nearest_official_stop_cluster_id": "EX_020", "nearby_official_routes": "D170", "nearby_official_route_count": 1, "settlement_coverage_10min_count": 0, "settlement_additional_10min_count": 0, "settlement_additional_10min_names": "", "destination_coverage_10min_count": 0, "destination_additional_10min_count": 0, "destination_additional_10min_names": "", "pruned_near_existing_stop": false, "pruned_no_access_gain": false, "candidate_id": "P2V2S_0055", "stop_type": "PROPOSED_STOP", "physical_status": "FIELD_CHECK_PENDING", "epistemic_status": "PROPOSED_STOP/FIELD_CHECK_PENDING", "road_eligibility_status": "DERIVED_GATE_D_BUS_ELIGIBLE", "candidate_status": "HYPOTHESIS_NOT_RECOMMENDATION", "population_spatial_model": "DASYMETRIC_BUILDING_SECTION_INTERSECTION_V2", "discovery_area_contract": "ANALYSIS_ENVELOPE_PLUS_INHERITED_150M_SITING_BUFFER", "potential_interchange_with_reference_gtfs": false, "interchange_evidence_status": "DERIVED_FROM_REFERENCE_PERIOD_GTFS_PROXIMITY_NOT_CURRENT_SERVICE_GUARANTEE", "discovery_sample_spacing_m_assumption": 150.0, "candidate_pruning_radius_m_assumption": 220.0, "source_gate_b_commit": "55d726564e13acca55ce563cc911263ac513acb0", "source_gate_d_commit": "7c220f7586d0f6e5cccd14a2d518be52eb1c4a55", "source_building_population_head": "29203ad64c3e32e6164ef6997933eb5c5ff2d5b1", "source_analysis_envelope_commit": "8a4608a60ecb367535814d965822e7502ae31eb9", "PRO_COM_T": "097012", "COMUNE": "Calco", "analysis_role": "UNSPECIFIED", "municipal_2021_resident_work_commuters_context": 2173.0, "municipal_2021_outbound_workers_context": 1894.0, "od_2021_context_status": "FACT_ISTAT_2021_WORK_COMMUTING_MUNICIPAL_ONLY_NOT_STOP_DEMAND" }, "geometry": { "type": "Point", "coordinates": [ 9.439264097729819, 45.726887128656792 ] } },
{ "type": "Feature", "properties": { "osm_way_id": "190241836", "highway": "residential", "road_uncertainty_flags": "missing_lanes|missing_maxheight|missing_maxweight|missing_maxwidth|missing_width", "sample_index": 2, "x_utm32": 530931.97946315818, "y_utm32": 5063857.2826247895, "lon": 9.3975249156413536, "lat": 45.727579659083823, "discovery_evidence": "BUILDING_GAP8:20230101_000000::RLB-00067beb-5c37-4a4f-b127-81aef41a3734::SEC=970580000004|BUILDING_GAP8:20230101_000000::RLB-06dc2732-2f02-4275-86bd-3f04633ef3cf::SEC=970580000004|BUILDING_GAP8:20230101_000000::RLB-22ea9662-f1a1-43fd-9856-7676838e1391::SEC=970580000004|BUILDING_GAP8:20230101_000000::RLB-22ea9662-f1a1-43fd-9856-7676838e1391::SEC=970580000059|BUILDING_GAP8:20230101_000000::RLB-2c3cb11f-1ace-4e5b-b12e-353951ed6d86::SEC=970580000004|BUILDING_GAP8:20230101_000000::RLB-53826773-0935-4e93-8210-c72bad86f75d::SEC=970580000004|BUILDING_GAP8:20230101_000000::RLB-55d4dd3b-ccfa-45c8-89bd-ed90d1cfb270::SEC=970580000004|BUILDING_GAP8:20230101_000000::RLB-6535b6ae-2fa5-4774-abe9-8e87c506147b::SEC=970580000004|BUILDING_GAP8:20230101_000000::RLB-9b714c6a-4599-457e-b8c4-865378e0420e::SEC=970580000004|BUILDING_GAP8:20230101_000000::RLB-a36aba53-03af-4974-a5da-b53d03901863::SEC=970580000004|BUILDING_GAP8:20230101_000000::RLB-e1827d8e-84ee-4c45-8637-ccb792fa913e::SEC=970580000004", "discovery_seed_count": 11, "walk_graph_node_id": 15910, "walk_graph_connector_m": 1.8442181209958002, "walk_graph_connector_min": 0.023052726512447504, "walk_graph_snap_ok": true, "population_reachable_5min": 93.444926204331878, "population_additional_5min": 78.993078765072184, "existing_catchment_overlap_population_5min": 14.451847439259687, "existing_catchment_overlap_pct_5min": 15.465630961769367, "population_reachable_8min": 328.12716423933796, "population_additional_8min": 60.344234343148187, "existing_catchment_overlap_population_8min": 267.78292989618978, "existing_catchment_overlap_pct_8min": 81.609497499837374, "population_reachable_10min": 1056.8601883165541, "population_additional_10min": 28.93701736779666, "existing_catchment_overlap_population_10min": 1027.9231709487574, "existing_catchment_overlap_pct_10min": 97.26198245636543, "population_reachable_12min": 1461.2609383326062, "population_additional_12min": 9.2495953751725146, "existing_catchment_overlap_population_12min": 1452.0113429574337, "existing_catchment_overlap_pct_12min": 99.367012753675127, "nearest_official_stop_walk_network_m": 608.73784784970042, "nearest_official_stop_cluster_id": "EX_018", "nearby_official_routes": "D148", "nearby_official_route_count": 1, "settlement_coverage_10min_count": 0, "settlement_additional_10min_count": 0, "settlement_additional_10min_names": "", "destination_coverage_10min_count": 2, "destination_additional_10min_count": 0, "destination_additional_10min_names": "", "pruned_near_existing_stop": false, "pruned_no_access_gain": false, "candidate_id": "P2V2S_0056", "stop_type": "PROPOSED_STOP", "physical_status": "FIELD_CHECK_PENDING", "epistemic_status": "PROPOSED_STOP/FIELD_CHECK_PENDING", "road_eligibility_status": "DERIVED_GATE_D_BUS_ELIGIBLE", "candidate_status": "HYPOTHESIS_NOT_RECOMMENDATION", "population_spatial_model": "DASYMETRIC_BUILDING_SECTION_INTERSECTION_V2", "discovery_area_contract": "ANALYSIS_ENVELOPE_PLUS_INHERITED_150M_SITING_BUFFER", "potential_interchange_with_reference_gtfs": false, "interchange_evidence_status": "DERIVED_FROM_REFERENCE_PERIOD_GTFS_PROXIMITY_NOT_CURRENT_SERVICE_GUARANTEE", "discovery_sample_spacing_m_assumption": 150.0, "candidate_pruning_radius_m_assumption": 220.0, "source_gate_b_commit": "55d726564e13acca55ce563cc911263ac513acb0", "source_gate_d_commit": "7c220f7586d0f6e5cccd14a2d518be52eb1c4a55", "source_building_population_head": "29203ad64c3e32e6164ef6997933eb5c5ff2d5b1", "source_analysis_envelope_commit": "8a4608a60ecb367535814d965822e7502ae31eb9", "PRO_COM_T": "097058", "COMUNE": "Olgiate Molgora", "analysis_role": "UNSPECIFIED", "municipal_2021_resident_work_commuters_context": 2287.0, "municipal_2021_outbound_workers_context": 1961.0, "od_2021_context_status": "FACT_ISTAT_2021_WORK_COMMUTING_MUNICIPAL_ONLY_NOT_STOP_DEMAND" }, "geometry": { "type": "Point", "coordinates": [ 9.397524915641354, 45.727579659083823 ] } },
{ "type": "Feature", "properties": { "osm_way_id": "1430858456", "highway": "service", "road_uncertainty_flags": "missing_lanes|missing_maxheight|missing_maxweight|missing_maxwidth|missing_width", "sample_index": 0, "x_utm32": 530113.55581193964, "y_utm32": 5063884.0380832888, "lon": 9.3870087843113357, "lat": 45.727856584776234, "discovery_evidence": "BUILDING_GAP8:20230101_000000::RLB-226484b8-cc80-4b3d-b7fb-41adf3582fbe::SEC=970920000017|BUILDING_GAP8:20230101_000000::RLB-82ca3282-1157-4b66-8b7a-43b089b8abd0::SEC=970920000009|BUILDING_GAP8:20230101_000000::RLB-8fc2d2dd-46ca-4e55-ac7c-542b131fccf7::SEC=970920000009|BUILDING_GAP8:20230101_000000::RLB-ab77047e-af49-460a-9165-18985d1dfd3c::SEC=970920000009|BUILDING_GAP8:20230101_000000::RLB-ed4f04d9-6c39-4fca-ae4f-9ec1a3b33f3d::SEC=970920000009", "discovery_seed_count": 5, "walk_graph_node_id": 12294, "walk_graph_connector_m": 1.2285090567327637, "walk_graph_connector_min": 0.015356363209159545, "walk_graph_snap_ok": true, "population_reachable_5min": 15.552017941392354, "population_additional_5min": 15.552017941392354, "existing_catchment_overlap_population_5min": 0.0, "existing_catchment_overlap_pct_5min": 0.0, "population_reachable_8min": 15.552017941392354, "population_additional_8min": 15.552017941392354, "existing_catchment_overlap_population_8min": 0.0, "existing_catchment_overlap_pct_8min": 0.0, "population_reachable_10min": 24.632744442892555, "population_additional_10min": 24.632744442892555, "existing_catchment_overlap_population_10min": 0.0, "existing_catchment_overlap_pct_10min": 0.0, "population_reachable_12min": 26.075940945910432, "population_additional_12min": 26.075940945910432, "existing_catchment_overlap_population_12min": 0.0, "existing_catchment_overlap_pct_12min": 0.0, "nearest_official_stop_walk_network_m": 2464.8574367067595, "nearest_official_stop_cluster_id": "EX_023", "nearby_official_routes": "D184", "nearby_official_route_count": 1, "settlement_coverage_10min_count": 0, "settlement_additional_10min_count": 0, "settlement_additional_10min_names": "", "destination_coverage_10min_count": 0, "destination_additional_10min_count": 0, "destination_additional_10min_names": "", "pruned_near_existing_stop": false, "pruned_no_access_gain": false, "candidate_id": "P2V2S_0057", "stop_type": "PROPOSED_STOP", "physical_status": "FIELD_CHECK_PENDING", "epistemic_status": "PROPOSED_STOP/FIELD_CHECK_PENDING", "road_eligibility_status": "DERIVED_GATE_D_BUS_ELIGIBLE", "candidate_status": "HYPOTHESIS_NOT_RECOMMENDATION", "population_spatial_model": "DASYMETRIC_BUILDING_SECTION_INTERSECTION_V2", "discovery_area_contract": "ANALYSIS_ENVELOPE_PLUS_INHERITED_150M_SITING_BUFFER", "potential_interchange_with_reference_gtfs": false, "interchange_evidence_status": "DERIVED_FROM_REFERENCE_PERIOD_GTFS_PROXIMITY_NOT_CURRENT_SERVICE_GUARANTEE", "discovery_sample_spacing_m_assumption": 150.0, "candidate_pruning_radius_m_assumption": 220.0, "source_gate_b_commit": "55d726564e13acca55ce563cc911263ac513acb0", "source_gate_d_commit": "7c220f7586d0f6e5cccd14a2d518be52eb1c4a55", "source_building_population_head": "29203ad64c3e32e6164ef6997933eb5c5ff2d5b1", "source_analysis_envelope_commit": "8a4608a60ecb367535814d965822e7502ae31eb9", "PRO_COM_T": "097092", "COMUNE": "La Valletta Brianza", "analysis_role": "UNSPECIFIED", "municipal_2021_resident_work_commuters_context": 1796.0, "municipal_2021_outbound_workers_context": 1521.0, "od_2021_context_status": "FACT_ISTAT_2021_WORK_COMMUTING_MUNICIPAL_ONLY_NOT_STOP_DEMAND" }, "geometry": { "type": "Point", "coordinates": [ 9.387008784311336, 45.727856584776234 ] } },
{ "type": "Feature", "properties": { "osm_way_id": "432726032", "highway": "unclassified", "road_uncertainty_flags": "missing_lanes|missing_maxheight|missing_maxweight|missing_maxwidth|missing_width", "sample_index": 7, "x_utm32": 533858.68768606102, "y_utm32": 5063915.1023509474, "lon": 9.4351407436996055, "lat": 45.727963009328015, "discovery_evidence": "BUILDING_GAP8:20230101_000000::RLB-02adcfbb-494c-42d2-b5ad-2c88d6b7ba58::SEC=970120000007|BUILDING_GAP8:20230101_000000::RLB-0a8e5061-4b66-403c-8ba7-d717f2ff070f::SEC=970120000007|BUILDING_GAP8:20230101_000000::RLB-0adb0692-d8cc-4016-b77d-0c9578a34315::SEC=970120000007|BUILDING_GAP8:20230101_000000::RLB-70b22f08-2f49-430d-a48e-3105909777a7::SEC=970120000007|BUILDING_GAP8:20230101_000000::RLB-d30a1121-3583-41b4-b9bb-7cbe34d14289::SEC=970120000007", "discovery_seed_count": 5, "walk_graph_node_id": 24831, "walk_graph_connector_m": 45.19430313947867, "walk_graph_connector_min": 0.56492878924348333, "walk_graph_snap_ok": true, "population_reachable_5min": 11.632689155182483, "population_additional_5min": 11.632689155182483, "existing_catchment_overlap_population_5min": 0.0, "existing_catchment_overlap_pct_5min": 0.0, "population_reachable_8min": 233.74562203056718, "population_additional_8min": 153.22621012073907, "existing_catchment_overlap_population_8min": 80.519411909828108, "existing_catchment_overlap_pct_8min": 34.447452410166854, "population_reachable_10min": 395.54381915376905, "population_additional_10min": 96.124340523661317, "existing_catchment_overlap_population_10min": 299.41947863010773, "existing_catchment_overlap_pct_10min": 75.698181625158284, "population_reachable_12min": 650.42444075476897, "population_additional_12min": 10.832597701268835, "existing_catchment_overlap_population_12min": 639.59184305350016, "existing_catchment_overlap_pct_12min": 98.334534033084864, "nearest_official_stop_walk_network_m": 764.50496412459415, "nearest_official_stop_cluster_id": "EX_020", "nearby_official_routes": "D170", "nearby_official_route_count": 1, "settlement_coverage_10min_count": 0, "settlement_additional_10min_count": 0, "settlement_additional_10min_names": "", "destination_coverage_10min_count": 0, "destination_additional_10min_count": 0, "destination_additional_10min_names": "", "pruned_near_existing_stop": false, "pruned_no_access_gain": false, "candidate_id": "P2V2S_0058", "stop_type": "PROPOSED_STOP", "physical_status": "FIELD_CHECK_PENDING", "epistemic_status": "PROPOSED_STOP/FIELD_CHECK_PENDING", "road_eligibility_status": "DERIVED_GATE_D_BUS_ELIGIBLE", "candidate_status": "HYPOTHESIS_NOT_RECOMMENDATION", "population_spatial_model": "DASYMETRIC_BUILDING_SECTION_INTERSECTION_V2", "discovery_area_contract": "ANALYSIS_ENVELOPE_PLUS_INHERITED_150M_SITING_BUFFER", "potential_interchange_with_reference_gtfs": false, "interchange_evidence_status": "DERIVED_FROM_REFERENCE_PERIOD_GTFS_PROXIMITY_NOT_CURRENT_SERVICE_GUARANTEE", "discovery_sample_spacing_m_assumption": 150.0, "candidate_pruning_radius_m_assumption": 220.0, "source_gate_b_commit": "55d726564e13acca55ce563cc911263ac513acb0", "source_gate_d_commit": "7c220f7586d0f6e5cccd14a2d518be52eb1c4a55", "source_building_population_head": "29203ad64c3e32e6164ef6997933eb5c5ff2d5b1", "source_analysis_envelope_commit": "8a4608a60ecb367535814d965822e7502ae31eb9", "PRO_COM_T": "097012", "COMUNE": "Calco", "analysis_role": "UNSPECIFIED", "municipal_2021_resident_work_commuters_context": 2173.0, "municipal_2021_outbound_workers_context": 1894.0, "od_2021_context_status": "FACT_ISTAT_2021_WORK_COMMUTING_MUNICIPAL_ONLY_NOT_STOP_DEMAND" }, "geometry": { "type": "Point", "coordinates": [ 9.435140743699606, 45.727963009328015 ] } },
{ "type": "Feature", "properties": { "osm_way_id": "1491885420", "highway": "service", "road_uncertainty_flags": "missing_lanes|missing_maxheight|missing_maxweight|missing_maxwidth|missing_width", "sample_index": 0, "x_utm32": 527952.26485856017, "y_utm32": 5063925.823988786, "lon": 9.359235619616193, "lat": 45.728323391821434, "discovery_evidence": "BUILDING_GAP8:20230101_000000::RLB-5aca6bea-c456-4756-ae1f-eeaf3e70291b::SEC=970920000031|BUILDING_GAP8:20230101_000000::RLB-8d76dd20-0704-49e8-89cc-98ef2bd09660::SEC=970920000031|BUILDING_GAP8:20230101_000000::RLB-946975e3-bf4d-4fa2-889e-340978ce5427::SEC=970920000031", "discovery_seed_count": 3, "walk_graph_node_id": 3704, "walk_graph_connector_m": 3.5007195183284967, "walk_graph_connector_min": 0.043758993979106209, "walk_graph_snap_ok": true, "population_reachable_5min": 18.262248625928546, "population_additional_5min": 18.262248625928546, "existing_catchment_overlap_population_5min": 0.0, "existing_catchment_overlap_pct_5min": 0.0, "population_reachable_8min": 22.843710239353989, "population_additional_8min": 22.843710239353989, "existing_catchment_overlap_population_8min": 0.0, "existing_catchment_overlap_pct_8min": 0.0, "population_reachable_10min": 96.262723709858079, "population_additional_10min": 96.262723709858079, "existing_catchment_overlap_population_10min": 0.0, "existing_catchment_overlap_pct_10min": 0.0, "population_reachable_12min": 169.23453347835155, "population_additional_12min": 169.23453347835155, "existing_catchment_overlap_population_12min": 0.0, "existing_catchment_overlap_pct_12min": 0.0, "nearest_official_stop_walk_network_m": 1793.1835277362268, "nearest_official_stop_cluster_id": "EX_027", "nearby_official_routes": "D184", "nearby_official_route_count": 1, "settlement_coverage_10min_count": 1, "settlement_additional_10min_count": 1, "settlement_additional_10min_names": "Pianello", "destination_coverage_10min_count": 0, "destination_additional_10min_count": 0, "destination_additional_10min_names": "", "pruned_near_existing_stop": false, "pruned_no_access_gain": false, "candidate_id": "P2V2S_0059", "stop_type": "PROPOSED_STOP", "physical_status": "FIELD_CHECK_PENDING", "epistemic_status": "PROPOSED_STOP/FIELD_CHECK_PENDING", "road_eligibility_status": "DERIVED_GATE_D_BUS_ELIGIBLE", "candidate_status": "HYPOTHESIS_NOT_RECOMMENDATION", "population_spatial_model": "DASYMETRIC_BUILDING_SECTION_INTERSECTION_V2", "discovery_area_contract": "ANALYSIS_ENVELOPE_PLUS_INHERITED_150M_SITING_BUFFER", "potential_interchange_with_reference_gtfs": false, "interchange_evidence_status": "DERIVED_FROM_REFERENCE_PERIOD_GTFS_PROXIMITY_NOT_CURRENT_SERVICE_GUARANTEE", "discovery_sample_spacing_m_assumption": 150.0, "candidate_pruning_radius_m_assumption": 220.0, "source_gate_b_commit": "55d726564e13acca55ce563cc911263ac513acb0", "source_gate_d_commit": "7c220f7586d0f6e5cccd14a2d518be52eb1c4a55", "source_building_population_head": "29203ad64c3e32e6164ef6997933eb5c5ff2d5b1", "source_analysis_envelope_commit": "8a4608a60ecb367535814d965822e7502ae31eb9", "PRO_COM_T": "097092", "COMUNE": "La Valletta Brianza", "analysis_role": "UNSPECIFIED", "municipal_2021_resident_work_commuters_context": 1796.0, "municipal_2021_outbound_workers_context": 1521.0, "od_2021_context_status": "FACT_ISTAT_2021_WORK_COMMUTING_MUNICIPAL_ONLY_NOT_STOP_DEMAND" }, "geometry": { "type": "Point", "coordinates": [ 9.359235619616193, 45.728323391821434 ] } },
{ "type": "Feature", "properties": { "osm_way_id": "655257727", "highway": "unclassified", "road_uncertainty_flags": "missing_lanes|missing_maxheight|missing_maxweight|missing_maxwidth|missing_width", "sample_index": 1, "x_utm32": 534574.22680828546, "y_utm32": 5063969.4324241709, "lon": 9.4443402186668237, "lat": 45.728416614603994, "discovery_evidence": "BUILDING_GAP8:20230101_000000::RLB-4b47b8c3-94f7-4c38-bd15-7987033471ab::SEC=970120000007|BUILDING_GAP8:20230101_000000::RLB-8bdc276e-fac2-4eb4-af9f-eb4452d9c97d::SEC=970120000007", "discovery_seed_count": 2, "walk_graph_node_id": 26919, "walk_graph_connector_m": 5.2048340573026595, "walk_graph_connector_min": 0.065060425716283246, "walk_graph_snap_ok": true, "population_reachable_5min": 73.810610870064664, "population_additional_5min": 73.810610870064664, "existing_catchment_overlap_population_5min": 0.0, "existing_catchment_overlap_pct_5min": 0.0, "population_reachable_8min": 450.28146062443381, "population_additional_8min": 81.9132122475622, "existing_catchment_overlap_population_8min": 368.36824837687158, "existing_catchment_overlap_pct_8min": 81.80844218325845, "population_reachable_10min": 637.71211265935415, "population_additional_10min": 34.389336979440017, "existing_catchment_overlap_population_10min": 603.32277567991423, "existing_catchment_overlap_pct_10min": 94.607388459969613, "population_reachable_12min": 994.74798110326287, "population_additional_12min": 35.832704548621571, "existing_catchment_overlap_population_12min": 958.9152765546412, "existing_catchment_overlap_pct_12min": 96.397810779280988, "nearest_official_stop_walk_network_m": 681.78828328088844, "nearest_official_stop_cluster_id": "EX_015", "nearby_official_routes": "D150|D170", "nearby_official_route_count": 2, "settlement_coverage_10min_count": 0, "settlement_additional_10min_count": 0, "settlement_additional_10min_names": "", "destination_coverage_10min_count": 0, "destination_additional_10min_count": 0, "destination_additional_10min_names": "", "pruned_near_existing_stop": false, "pruned_no_access_gain": false, "candidate_id": "P2V2S_0060", "stop_type": "PROPOSED_STOP", "physical_status": "FIELD_CHECK_PENDING", "epistemic_status": "PROPOSED_STOP/FIELD_CHECK_PENDING", "road_eligibility_status": "DERIVED_GATE_D_BUS_ELIGIBLE", "candidate_status": "HYPOTHESIS_NOT_RECOMMENDATION", "population_spatial_model": "DASYMETRIC_BUILDING_SECTION_INTERSECTION_V2", "discovery_area_contract": "ANALYSIS_ENVELOPE_PLUS_INHERITED_150M_SITING_BUFFER", "potential_interchange_with_reference_gtfs": false, "interchange_evidence_status": "DERIVED_FROM_REFERENCE_PERIOD_GTFS_PROXIMITY_NOT_CURRENT_SERVICE_GUARANTEE", "discovery_sample_spacing_m_assumption": 150.0, "candidate_pruning_radius_m_assumption": 220.0, "source_gate_b_commit": "55d726564e13acca55ce563cc911263ac513acb0", "source_gate_d_commit": "7c220f7586d0f6e5cccd14a2d518be52eb1c4a55", "source_building_population_head": "29203ad64c3e32e6164ef6997933eb5c5ff2d5b1", "source_analysis_envelope_commit": "8a4608a60ecb367535814d965822e7502ae31eb9", "PRO_COM_T": "097012", "COMUNE": "Calco", "analysis_role": "UNSPECIFIED", "municipal_2021_resident_work_commuters_context": 2173.0, "municipal_2021_outbound_workers_context": 1894.0, "od_2021_context_status": "FACT_ISTAT_2021_WORK_COMMUTING_MUNICIPAL_ONLY_NOT_STOP_DEMAND" }, "geometry": { "type": "Point", "coordinates": [ 9.444340218666824, 45.728416614603994 ] } },
{ "type": "Feature", "properties": { "osm_way_id": "1491885385", "highway": "service", "road_uncertainty_flags": "missing_lanes|missing_maxheight|missing_maxweight|missing_maxwidth|missing_width", "sample_index": 0, "x_utm32": 529707.91371956398, "y_utm32": 5063973.2020227937, "lon": 9.3818012006209663, "lat": 45.728676650871428, "discovery_evidence": "BUILDING_GAP8:20230101_000000::RLB-0fe873b2-19c8-4c84-8455-b9a2398ebe85::SEC=970920000005|BUILDING_GAP8:20230101_000000::RLB-8329a9e4-7f24-4786-9db3-02eb5aedc256::SEC=970920000005", "discovery_seed_count": 2, "walk_graph_node_id": 10730, "walk_graph_connector_m": 16.541258685561107, "walk_graph_connector_min": 0.20676573356951383, "walk_graph_snap_ok": true, "population_reachable_5min": 207.76367621402812, "population_additional_5min": 207.76367621402812, "existing_catchment_overlap_population_5min": 0.0, "existing_catchment_overlap_pct_5min": 0.0, "population_reachable_8min": 653.74929510652078, "population_additional_8min": 625.44890195404116, "existing_catchment_overlap_population_8min": 28.300393152479717, "existing_catchment_overlap_pct_8min": 4.3289366985655411, "population_reachable_10min": 749.09128643529584, "population_additional_10min": 705.26227778590453, "existing_catchment_overlap_population_10min": 43.829008649391234, "existing_catchment_overlap_pct_10min": 5.8509569451756063, "population_reachable_12min": 788.47998067722415, "population_additional_12min": 688.05060977360699, "existing_catchment_overlap_population_12min": 100.42937090361717, "existing_catchment_overlap_pct_12min": 12.737085704745294, "nearest_official_stop_walk_network_m": 994.95033591946037, "nearest_official_stop_cluster_id": "EX_026", "nearby_official_routes": "D184", "nearby_official_route_count": 1, "settlement_coverage_10min_count": 2, "settlement_additional_10min_count": 2, "settlement_additional_10min_names": "Monte|Sara", "destination_coverage_10min_count": 0, "destination_additional_10min_count": 0, "destination_additional_10min_names": "", "pruned_near_existing_stop": false, "pruned_no_access_gain": false, "candidate_id": "P2V2S_0061", "stop_type": "PROPOSED_STOP", "physical_status": "FIELD_CHECK_PENDING", "epistemic_status": "PROPOSED_STOP/FIELD_CHECK_PENDING", "road_eligibility_status": "DERIVED_GATE_D_BUS_ELIGIBLE", "candidate_status": "HYPOTHESIS_NOT_RECOMMENDATION", "population_spatial_model": "DASYMETRIC_BUILDING_SECTION_INTERSECTION_V2", "discovery_area_contract": "ANALYSIS_ENVELOPE_PLUS_INHERITED_150M_SITING_BUFFER", "potential_interchange_with_reference_gtfs": false, "interchange_evidence_status": "DERIVED_FROM_REFERENCE_PERIOD_GTFS_PROXIMITY_NOT_CURRENT_SERVICE_GUARANTEE", "discovery_sample_spacing_m_assumption": 150.0, "candidate_pruning_radius_m_assumption": 220.0, "source_gate_b_commit": "55d726564e13acca55ce563cc911263ac513acb0", "source_gate_d_commit": "7c220f7586d0f6e5cccd14a2d518be52eb1c4a55", "source_building_population_head": "29203ad64c3e32e6164ef6997933eb5c5ff2d5b1", "source_analysis_envelope_commit": "8a4608a60ecb367535814d965822e7502ae31eb9", "PRO_COM_T": "097092", "COMUNE": "La Valletta Brianza", "analysis_role": "UNSPECIFIED", "municipal_2021_resident_work_commuters_context": 1796.0, "municipal_2021_outbound_workers_context": 1521.0, "od_2021_context_status": "FACT_ISTAT_2021_WORK_COMMUTING_MUNICIPAL_ONLY_NOT_STOP_DEMAND" }, "geometry": { "type": "Point", "coordinates": [ 9.381801200620966, 45.728676650871428 ] } },
{ "type": "Feature", "properties": { "osm_way_id": "573583654", "highway": "residential", "road_uncertainty_flags": "missing_lanes|missing_maxheight|missing_maxweight|missing_maxwidth|missing_width", "sample_index": 1, "x_utm32": 532828.90761258104, "y_utm32": 5063973.636419612, "lon": 9.4219106824346888, "lat": 45.728539484038606, "discovery_evidence": "BUILDING_GAP8:20230101_000000::RLB-2de4666c-1069-488b-8518-5375eb604546::SEC=970120000006|BUILDING_GAP8:20230101_000000::RLB-42393633-117c-4079-a822-cfeae7139763::SEC=970120000003|BUILDING_GAP8:20230101_000000::RLB-8d04725a-e30c-49b5-9f81-2d20c8a8200e::SEC=970120000003|BUILDING_GAP8:20230101_000000::RLB-941cc14d-5cb0-47ec-803d-af23cc568bd7::SEC=970120000006|BUILDING_GAP8:20230101_000000::RLB-b83bd735-3b39-47a6-99bf-fd53e587cf13::SEC=970120000006|BUILDING_GAP8:20230101_000000::RLB-d937f8e3-d4cb-4fec-9c1c-9ff6ce395192::SEC=970120000006|BUILDING_GAP8:20230101_000000::RLB-e35a02b1-bfe0-429d-94c5-2df9afdfa53c::SEC=970120000006|BUILDING_GAP8:20230101_000000::RLB-e3feb2c5-c5a8-4ba9-9419-e2a98d7b7518::SEC=970120000006", "discovery_seed_count": 8, "walk_graph_node_id": 22017, "walk_graph_connector_m": 6.6242042992626891, "walk_graph_connector_min": 0.082802553740783616, "walk_graph_snap_ok": true, "population_reachable_5min": 118.71280359241986, "population_additional_5min": 118.71280359241986, "existing_catchment_overlap_population_5min": 0.0, "existing_catchment_overlap_pct_5min": 0.0, "population_reachable_8min": 508.70316637898839, "population_additional_8min": 152.01081027183179, "existing_catchment_overlap_population_8min": 356.69235610715657, "existing_catchment_overlap_pct_8min": 70.117974426252658, "population_reachable_10min": 789.80232283592977, "population_additional_10min": 177.84006049081836, "existing_catchment_overlap_population_10min": 611.96226234511141, "existing_catchment_overlap_pct_10min": 77.482965629646287, "population_reachable_12min": 1132.5563488232115, "population_additional_12min": 70.785653295096139, "existing_catchment_overlap_population_12min": 1061.7706955281153, "existing_catchment_overlap_pct_12min": 93.749922167789151, "nearest_official_stop_walk_network_m": 794.20037616728916, "nearest_official_stop_cluster_id": "EX_007", "nearby_official_routes": "D185", "nearby_official_route_count": 1, "settlement_coverage_10min_count": 1, "settlement_additional_10min_count": 0, "settlement_additional_10min_names": "", "destination_coverage_10min_count": 2, "destination_additional_10min_count": 0, "destination_additional_10min_names": "", "pruned_near_existing_stop": false, "pruned_no_access_gain": false, "candidate_id": "P2V2S_0062", "stop_type": "PROPOSED_STOP", "physical_status": "FIELD_CHECK_PENDING", "epistemic_status": "PROPOSED_STOP/FIELD_CHECK_PENDING", "road_eligibility_status": "DERIVED_GATE_D_BUS_ELIGIBLE", "candidate_status": "HYPOTHESIS_NOT_RECOMMENDATION", "population_spatial_model": "DASYMETRIC_BUILDING_SECTION_INTERSECTION_V2", "discovery_area_contract": "ANALYSIS_ENVELOPE_PLUS_INHERITED_150M_SITING_BUFFER", "potential_interchange_with_reference_gtfs": false, "interchange_evidence_status": "DERIVED_FROM_REFERENCE_PERIOD_GTFS_PROXIMITY_NOT_CURRENT_SERVICE_GUARANTEE", "discovery_sample_spacing_m_assumption": 150.0, "candidate_pruning_radius_m_assumption": 220.0, "source_gate_b_commit": "55d726564e13acca55ce563cc911263ac513acb0", "source_gate_d_commit": "7c220f7586d0f6e5cccd14a2d518be52eb1c4a55", "source_building_population_head": "29203ad64c3e32e6164ef6997933eb5c5ff2d5b1", "source_analysis_envelope_commit": "8a4608a60ecb367535814d965822e7502ae31eb9", "PRO_COM_T": "097012", "COMUNE": "Calco", "analysis_role": "UNSPECIFIED", "municipal_2021_resident_work_commuters_context": 2173.0, "municipal_2021_outbound_workers_context": 1894.0, "od_2021_context_status": "FACT_ISTAT_2021_WORK_COMMUTING_MUNICIPAL_ONLY_NOT_STOP_DEMAND" }, "geometry": { "type": "Point", "coordinates": [ 9.421910682434689, 45.728539484038606 ] } },
{ "type": "Feature", "properties": { "osm_way_id": "578724692", "highway": "tertiary", "road_uncertainty_flags": "missing_lanes|missing_maxheight|missing_maxweight|missing_maxwidth|missing_width", "sample_index": 1, "x_utm32": 534333.49188317708, "y_utm32": 5064013.1756459586, "lon": 9.4412495403336472, "lat": 45.728822316051897, "discovery_evidence": "BUILDING_GAP8:20230101_000000::RLB-12d320a3-17e2-4ba8-a065-9a8bac809539::SEC=970120000006|BUILDING_GAP8:20230101_000000::RLB-12d320a3-17e2-4ba8-a065-9a8bac809539::SEC=970120000007|BUILDING_GAP8:20230101_000000::RLB-2bfc19ff-b54b-4d65-a4bc-d475e49bb24f::SEC=970120000007|BUILDING_GAP8:20230101_000000::RLB-3b9d8c0b-bac6-4663-97a3-919970f7b3f9::SEC=970120000007|BUILDING_GAP8:20230101_000000::RLB-3f177071-685e-481f-b216-61a57c77d373::SEC=970120000007|BUILDING_GAP8:20230101_000000::RLB-4f08402d-4906-4749-9eb2-36ae3c38103f::SEC=970120000007|BUILDING_GAP8:20230101_000000::RLB-88f19347-38ef-4963-be83-b9b07ff797ae::SEC=970120000007|BUILDING_GAP8:20230101_000000::RLB-8d909fb5-fb6c-43e2-8bbe-5fdee29419b4::SEC=970120000007|BUILDING_GAP8:20230101_000000::RLB-8ed8ead2-8ef4-46b4-b734-49a074397f65::SEC=970120000007|BUILDING_GAP8:20230101_000000::RLB-a4dc1e74-5e3a-4650-b757-eef89e3bb4df::SEC=970120000007|BUILDING_GAP8:20230101_000000::RLB-a696692c-8c66-419a-b0c3-ac6167c4884c::SEC=970120000007|BUILDING_GAP8:20230101_000000::RLB-b54a72fc-81ee-4df4-be2b-3c464862cc12::SEC=970120000006|BUILDING_GAP8:20230101_000000::RLB-dc0cc4ae-7265-4163-a72c-0420c31e4eca::SEC=970120000007|BUILDING_GAP8:20230101_000000::RLB-e68aab5d-6451-4dad-a614-9498236d5d83::SEC=970120000007|BUILDING_GAP8:20230101_000000::RLB-f64b1e85-c9ca-4299-8fbc-870fbbfdf5e7::SEC=970120000007", "discovery_seed_count": 15, "walk_graph_node_id": 25930, "walk_graph_connector_m": 17.375973910086486, "walk_graph_connector_min": 0.21719967387608108, "walk_graph_snap_ok": true, "population_reachable_5min": 242.22410230974847, "population_additional_5min": 203.55213895855388, "existing_catchment_overlap_population_5min": 38.671963351194606, "existing_catchment_overlap_pct_5min": 15.965365536474208, "population_reachable_8min": 514.31790200375622, "population_additional_8min": 126.34000301590089, "existing_catchment_overlap_population_8min": 387.97789898785538, "existing_catchment_overlap_pct_8min": 75.435425731111707, "population_reachable_10min": 709.72948606566956, "population_additional_10min": 66.22053607459199, "existing_catchment_overlap_population_10min": 643.50894999107754, "existing_catchment_overlap_pct_10min": 90.669609002483412, "population_reachable_12min": 1134.6338207604217, "population_additional_12min": 40.385594402799128, "existing_catchment_overlap_population_12min": 1094.2482263576223, "existing_catchment_overlap_pct_12min": 96.440649514948063, "nearest_official_stop_walk_network_m": 665.74303181644245, "nearest_official_stop_cluster_id": "EX_015", "nearby_official_routes": "D150|D170", "nearby_official_route_count": 2, "settlement_coverage_10min_count": 0, "settlement_additional_10min_count": 0, "settlement_additional_10min_names": "", "destination_coverage_10min_count": 0, "destination_additional_10min_count": 0, "destination_additional_10min_names": "", "pruned_near_existing_stop": false, "pruned_no_access_gain": false, "candidate_id": "P2V2S_0063", "stop_type": "PROPOSED_STOP", "physical_status": "FIELD_CHECK_PENDING", "epistemic_status": "PROPOSED_STOP/FIELD_CHECK_PENDING", "road_eligibility_status": "DERIVED_GATE_D_BUS_ELIGIBLE", "candidate_status": "HYPOTHESIS_NOT_RECOMMENDATION", "population_spatial_model": "DASYMETRIC_BUILDING_SECTION_INTERSECTION_V2", "discovery_area_contract": "ANALYSIS_ENVELOPE_PLUS_INHERITED_150M_SITING_BUFFER", "potential_interchange_with_reference_gtfs": false, "interchange_evidence_status": "DERIVED_FROM_REFERENCE_PERIOD_GTFS_PROXIMITY_NOT_CURRENT_SERVICE_GUARANTEE", "discovery_sample_spacing_m_assumption": 150.0, "candidate_pruning_radius_m_assumption": 220.0, "source_gate_b_commit": "55d726564e13acca55ce563cc911263ac513acb0", "source_gate_d_commit": "7c220f7586d0f6e5cccd14a2d518be52eb1c4a55", "source_building_population_head": "29203ad64c3e32e6164ef6997933eb5c5ff2d5b1", "source_analysis_envelope_commit": "8a4608a60ecb367535814d965822e7502ae31eb9", "PRO_COM_T": "097012", "COMUNE": "Calco", "analysis_role": "UNSPECIFIED", "municipal_2021_resident_work_commuters_context": 2173.0, "municipal_2021_outbound_workers_context": 1894.0, "od_2021_context_status": "FACT_ISTAT_2021_WORK_COMMUTING_MUNICIPAL_ONLY_NOT_STOP_DEMAND" }, "geometry": { "type": "Point", "coordinates": [ 9.441249540333647, 45.728822316051897 ] } },
{ "type": "Feature", "properties": { "osm_way_id": "1463441184", "highway": "service", "road_uncertainty_flags": "missing_lanes|missing_maxheight|missing_maxweight|missing_maxwidth|missing_width", "sample_index": 0, "x_utm32": 529931.56918268243, "y_utm32": 5064033.5971484706, "lon": 9.3846792500110396, "lat": 45.729210600018149, "discovery_evidence": "BUILDING_GAP8:20230101_000000::RLB-0fcd24d3-ca84-46dc-b2a3-c5bdb4def9a6::SEC=970920000018|BUILDING_GAP8:20230101_000000::RLB-92e681fc-a0a9-4c73-96b7-5c6fc1302c55::SEC=970920000018", "discovery_seed_count": 2, "walk_graph_node_id": 11682, "walk_graph_connector_m": 5.1247259811289609, "walk_graph_connector_min": 0.064059074764112017, "walk_graph_snap_ok": true, "population_reachable_5min": 149.8596488696995, "population_additional_5min": 149.8596488696995, "existing_catchment_overlap_population_5min": 0.0, "existing_catchment_overlap_pct_5min": 0.0, "population_reachable_8min": 376.31934838020157, "population_additional_8min": 344.93304742992257, "existing_catchment_overlap_population_8min": 31.386300950278933, "existing_catchment_overlap_pct_8min": 8.3403367606198238, "population_reachable_10min": 617.27979416475273, "population_additional_10min": 567.4049548342665, "existing_catchment_overlap_population_10min": 49.874839330486083, "existing_catchment_overlap_pct_10min": 8.0797783763475053, "population_reachable_12min": 778.8971991608413, "population_additional_12min": 629.03218674183654, "existing_catchment_overlap_population_12min": 149.8650124190047, "existing_catchment_overlap_pct_12min": 19.240666493661092, "nearest_official_stop_walk_network_m": 824.54725330464453, "nearest_official_stop_cluster_id": "EX_023", "nearby_official_routes": "D184", "nearby_official_route_count": 1, "settlement_coverage_10min_count": 1, "settlement_additional_10min_count": 1, "settlement_additional_10min_names": "Sara", "destination_coverage_10min_count": 0, "destination_additional_10min_count": 0, "destination_additional_10min_names": "", "pruned_near_existing_stop": false, "pruned_no_access_gain": false, "candidate_id": "P2V2S_0064", "stop_type": "PROPOSED_STOP", "physical_status": "FIELD_CHECK_PENDING", "epistemic_status": "PROPOSED_STOP/FIELD_CHECK_PENDING", "road_eligibility_status": "DERIVED_GATE_D_BUS_ELIGIBLE", "candidate_status": "HYPOTHESIS_NOT_RECOMMENDATION", "population_spatial_model": "DASYMETRIC_BUILDING_SECTION_INTERSECTION_V2", "discovery_area_contract": "ANALYSIS_ENVELOPE_PLUS_INHERITED_150M_SITING_BUFFER", "potential_interchange_with_reference_gtfs": false, "interchange_evidence_status": "DERIVED_FROM_REFERENCE_PERIOD_GTFS_PROXIMITY_NOT_CURRENT_SERVICE_GUARANTEE", "discovery_sample_spacing_m_assumption": 150.0, "candidate_pruning_radius_m_assumption": 220.0, "source_gate_b_commit": "55d726564e13acca55ce563cc911263ac513acb0", "source_gate_d_commit": "7c220f7586d0f6e5cccd14a2d518be52eb1c4a55", "source_building_population_head": "29203ad64c3e32e6164ef6997933eb5c5ff2d5b1", "source_analysis_envelope_commit": "8a4608a60ecb367535814d965822e7502ae31eb9", "PRO_COM_T": "097092", "COMUNE": "La Valletta Brianza", "analysis_role": "UNSPECIFIED", "municipal_2021_resident_work_commuters_context": 1796.0, "municipal_2021_outbound_workers_context": 1521.0, "od_2021_context_status": "FACT_ISTAT_2021_WORK_COMMUTING_MUNICIPAL_ONLY_NOT_STOP_DEMAND" }, "geometry": { "type": "Point", "coordinates": [ 9.38467925001104, 45.729210600018149 ] } },
{ "type": "Feature", "properties": { "osm_way_id": "1462825408", "highway": "service", "road_uncertainty_flags": "missing_lanes|missing_maxheight|missing_maxweight|missing_maxwidth|missing_width", "sample_index": 0, "x_utm32": 527670.53299536544, "y_utm32": 5064043.8034772733, "lon": 9.3556216805344157, "lat": 45.729396604904643, "discovery_evidence": "BUILDING_GAP8:20230101_000000::RLB-06f5c57a-1e80-431d-9b41-468f8a5d6db0::SEC=970920000030|BUILDING_GAP8:20230101_000000::RLB-09b3ba4d-0391-4df4-87e8-25df60401c95::SEC=970920000030|BUILDING_GAP8:20230101_000000::RLB-fcfef620-64c7-4f16-9b7b-f2c9c6512d62::SEC=970920000030", "discovery_seed_count": 3, "walk_graph_node_id": 2935, "walk_graph_connector_m": 4.280563683668908, "walk_graph_connector_min": 0.053507046045861352, "walk_graph_snap_ok": true, "population_reachable_5min": 6.140831718408795, "population_additional_5min": 6.140831718408795, "existing_catchment_overlap_population_5min": 0.0, "existing_catchment_overlap_pct_5min": 0.0, "population_reachable_8min": 22.784536667618678, "population_additional_8min": 22.784536667618678, "existing_catchment_overlap_population_8min": 0.0, "existing_catchment_overlap_pct_8min": 0.0, "population_reachable_10min": 78.00419651531422, "population_additional_10min": 78.00419651531422, "existing_catchment_overlap_population_10min": 0.0, "existing_catchment_overlap_pct_10min": 0.0, "population_reachable_12min": 125.17033734310628, "population_additional_12min": 125.17033734310628, "existing_catchment_overlap_population_12min": 0.0, "existing_catchment_overlap_pct_12min": 0.0, "nearest_official_stop_walk_network_m": 2152.5813437389393, "nearest_official_stop_cluster_id": "EX_027", "nearby_official_routes": "D184", "nearby_official_route_count": 1, "settlement_coverage_10min_count": 2, "settlement_additional_10min_count": 2, "settlement_additional_10min_names": "Bernaga inferiore|Pianello", "destination_coverage_10min_count": 0, "destination_additional_10min_count": 0, "destination_additional_10min_names": "", "pruned_near_existing_stop": false, "pruned_no_access_gain": false, "candidate_id": "P2V2S_0065", "stop_type": "PROPOSED_STOP", "physical_status": "FIELD_CHECK_PENDING", "epistemic_status": "PROPOSED_STOP/FIELD_CHECK_PENDING", "road_eligibility_status": "DERIVED_GATE_D_BUS_ELIGIBLE", "candidate_status": "HYPOTHESIS_NOT_RECOMMENDATION", "population_spatial_model": "DASYMETRIC_BUILDING_SECTION_INTERSECTION_V2", "discovery_area_contract": "ANALYSIS_ENVELOPE_PLUS_INHERITED_150M_SITING_BUFFER", "potential_interchange_with_reference_gtfs": false, "interchange_evidence_status": "DERIVED_FROM_REFERENCE_PERIOD_GTFS_PROXIMITY_NOT_CURRENT_SERVICE_GUARANTEE", "discovery_sample_spacing_m_assumption": 150.0, "candidate_pruning_radius_m_assumption": 220.0, "source_gate_b_commit": "55d726564e13acca55ce563cc911263ac513acb0", "source_gate_d_commit": "7c220f7586d0f6e5cccd14a2d518be52eb1c4a55", "source_building_population_head": "29203ad64c3e32e6164ef6997933eb5c5ff2d5b1", "source_analysis_envelope_commit": "8a4608a60ecb367535814d965822e7502ae31eb9", "PRO_COM_T": "097092", "COMUNE": "La Valletta Brianza", "analysis_role": "UNSPECIFIED", "municipal_2021_resident_work_commuters_context": 1796.0, "municipal_2021_outbound_workers_context": 1521.0, "od_2021_context_status": "FACT_ISTAT_2021_WORK_COMMUTING_MUNICIPAL_ONLY_NOT_STOP_DEMAND" }, "geometry": { "type": "Point", "coordinates": [ 9.355621680534416, 45.729396604904643 ] } },
{ "type": "Feature", "properties": { "osm_way_id": "689416882", "highway": "residential", "road_uncertainty_flags": "missing_lanes|missing_maxheight|missing_maxweight|missing_maxwidth|missing_width", "sample_index": 0, "x_utm32": 529448.33185668767, "y_utm32": 5064085.3916943623, "lon": 9.3784719909398859, "lat": 45.729697522055368, "discovery_evidence": "BUILDING_GAP8:20230101_000000::RLB-6462c481-d09c-4f63-a112-5b63b98f196c::SEC=970920000005|BUILDING_GAP8:20230101_000000::RLB-ca7a8898-3271-4d07-b9b5-7e8a01915369::SEC=970920000005|BUILDING_GAP8:20230101_000000::RLB-dfe5f996-fcba-4035-8901-21d71ab9b05a::SEC=970920000005|BUILDING_GAP8:20230101_000000::RLB-ec3ce5d1-5f92-4d33-955b-fe441d30cffe::SEC=970920000005|SETTLEMENT_GAP8:OSM_POINT_2101402497", "discovery_seed_count": 5, "walk_graph_node_id": 9517, "walk_graph_connector_m": 14.69525614919651, "walk_graph_connector_min": 0.18369070186495637, "walk_graph_snap_ok": true, "population_reachable_5min": 218.46503562953063, "population_additional_5min": 218.46503562953063, "existing_catchment_overlap_population_5min": 0.0, "existing_catchment_overlap_pct_5min": 0.0, "population_reachable_8min": 325.22602036087608, "population_additional_8min": 325.22602036087608, "existing_catchment_overlap_population_8min": 0.0, "existing_catchment_overlap_pct_8min": 0.0, "population_reachable_10min": 574.56961735841833, "population_additional_10min": 458.057391078992, "existing_catchment_overlap_population_10min": 116.51222627942633, "existing_catchment_overlap_pct_10min": 20.278173916520483, "population_reachable_12min": 1175.2532244657232, "population_additional_12min": 661.73128918368241, "existing_catchment_overlap_population_12min": 513.52193528204077, "existing_catchment_overlap_pct_12min": 43.694577865590695, "nearest_official_stop_walk_network_m": 1098.2416814644034, "nearest_official_stop_cluster_id": "EX_026", "nearby_official_routes": "D184", "nearby_official_route_count": 1, "settlement_coverage_10min_count": 1, "settlement_additional_10min_count": 1, "settlement_additional_10min_names": "Sara", "destination_coverage_10min_count": 0, "destination_additional_10min_count": 0, "destination_additional_10min_names": "", "pruned_near_existing_stop": false, "pruned_no_access_gain": false, "candidate_id": "P2V2S_0066", "stop_type": "PROPOSED_STOP", "physical_status": "FIELD_CHECK_PENDING", "epistemic_status": "PROPOSED_STOP/FIELD_CHECK_PENDING", "road_eligibility_status": "DERIVED_GATE_D_BUS_ELIGIBLE", "candidate_status": "HYPOTHESIS_NOT_RECOMMENDATION", "population_spatial_model": "DASYMETRIC_BUILDING_SECTION_INTERSECTION_V2", "discovery_area_contract": "ANALYSIS_ENVELOPE_PLUS_INHERITED_150M_SITING_BUFFER", "potential_interchange_with_reference_gtfs": false, "interchange_evidence_status": "DERIVED_FROM_REFERENCE_PERIOD_GTFS_PROXIMITY_NOT_CURRENT_SERVICE_GUARANTEE", "discovery_sample_spacing_m_assumption": 150.0, "candidate_pruning_radius_m_assumption": 220.0, "source_gate_b_commit": "55d726564e13acca55ce563cc911263ac513acb0", "source_gate_d_commit": "7c220f7586d0f6e5cccd14a2d518be52eb1c4a55", "source_building_population_head": "29203ad64c3e32e6164ef6997933eb5c5ff2d5b1", "source_analysis_envelope_commit": "8a4608a60ecb367535814d965822e7502ae31eb9", "PRO_COM_T": "097092", "COMUNE": "La Valletta Brianza", "analysis_role": "UNSPECIFIED", "municipal_2021_resident_work_commuters_context": 1796.0, "municipal_2021_outbound_workers_context": 1521.0, "od_2021_context_status": "FACT_ISTAT_2021_WORK_COMMUTING_MUNICIPAL_ONLY_NOT_STOP_DEMAND" }, "geometry": { "type": "Point", "coordinates": [ 9.378471990939886, 45.729697522055368 ] } },
{ "type": "Feature", "properties": { "osm_way_id": "432726032", "highway": "unclassified", "road_uncertainty_flags": "missing_lanes|missing_maxheight|missing_maxweight|missing_maxwidth|missing_width", "sample_index": 4, "x_utm32": 533446.44381490769, "y_utm32": 5064089.3060963666, "lon": 9.4298548990275286, "lat": 45.729550988429018, "discovery_evidence": "BUILDING_GAP8:20230101_000000::RLB-7ff68a81-8cda-450d-b546-f2fe37892e6a::SEC=970100000027|BUILDING_GAP8:20230101_000000::RLB-c530e3e2-a8c6-430b-b71a-05a6cd477b75::SEC=970100000027", "discovery_seed_count": 2, "walk_graph_node_id": 23916, "walk_graph_connector_m": 24.42238386441041, "walk_graph_connector_min": 0.30527979830513013, "walk_graph_snap_ok": true, "population_reachable_5min": 7.6717462825925571, "population_additional_5min": 7.6717462825925571, "existing_catchment_overlap_population_5min": 0.0, "existing_catchment_overlap_pct_5min": 0.0, "population_reachable_8min": 101.43864060316761, "population_additional_8min": 101.43864060316761, "existing_catchment_overlap_population_8min": 0.0, "existing_catchment_overlap_pct_8min": 0.0, "population_reachable_10min": 210.76099244584725, "population_additional_10min": 96.124340523661317, "existing_catchment_overlap_population_10min": 114.63665192218589, "existing_catchment_overlap_pct_10min": 54.391778379787489, "population_reachable_12min": 267.34414244795454, "population_additional_12min": 10.832597701268835, "existing_catchment_overlap_population_12min": 256.51154474668573, "existing_catchment_overlap_pct_12min": 95.9480699288642, "nearest_official_stop_walk_network_m": 1124.1163578454496, "nearest_official_stop_cluster_id": "EX_020", "nearby_official_routes": "D170", "nearby_official_route_count": 1, "settlement_coverage_10min_count": 0, "settlement_additional_10min_count": 0, "settlement_additional_10min_names": "", "destination_coverage_10min_count": 0, "destination_additional_10min_count": 0, "destination_additional_10min_names": "", "pruned_near_existing_stop": false, "pruned_no_access_gain": false, "candidate_id": "P2V2S_0067", "stop_type": "PROPOSED_STOP", "physical_status": "FIELD_CHECK_PENDING", "epistemic_status": "PROPOSED_STOP/FIELD_CHECK_PENDING", "road_eligibility_status": "DERIVED_GATE_D_BUS_ELIGIBLE", "candidate_status": "HYPOTHESIS_NOT_RECOMMENDATION", "population_spatial_model": "DASYMETRIC_BUILDING_SECTION_INTERSECTION_V2", "discovery_area_contract": "ANALYSIS_ENVELOPE_PLUS_INHERITED_150M_SITING_BUFFER", "potential_interchange_with_reference_gtfs": false, "interchange_evidence_status": "DERIVED_FROM_REFERENCE_PERIOD_GTFS_PROXIMITY_NOT_CURRENT_SERVICE_GUARANTEE", "discovery_sample_spacing_m_assumption": 150.0, "candidate_pruning_radius_m_assumption": 220.0, "source_gate_b_commit": "55d726564e13acca55ce563cc911263ac513acb0", "source_gate_d_commit": "7c220f7586d0f6e5cccd14a2d518be52eb1c4a55", "source_building_population_head": "29203ad64c3e32e6164ef6997933eb5c5ff2d5b1", "source_analysis_envelope_commit": "8a4608a60ecb367535814d965822e7502ae31eb9", "PRO_COM_T": "097010", "COMUNE": "Brivio", "analysis_role": "UNSPECIFIED", "municipal_2021_resident_work_commuters_context": 1662.0, "municipal_2021_outbound_workers_context": 1339.0, "od_2021_context_status": "FACT_ISTAT_2021_WORK_COMMUTING_MUNICIPAL_ONLY_NOT_STOP_DEMAND" }, "geometry": { "type": "Point", "coordinates": [ 9.429854899027529, 45.729550988429018 ] } },
{ "type": "Feature", "properties": { "osm_way_id": "170953547", "highway": "unclassified", "road_uncertainty_flags": "missing_lanes|missing_maxheight|missing_maxweight|missing_maxwidth|missing_width", "sample_index": 0, "x_utm32": 528987.68966510473, "y_utm32": 5064106.8981288252, "lon": 9.372553200010687, "lat": 45.729910550001826, "discovery_evidence": "BUILDING_GAP8:20230101_000000::RLB-dc370a60-364e-4a16-8c18-cd2030b3c9be::SEC=970920000031", "discovery_seed_count": 1, "walk_graph_node_id": 7382, "walk_graph_connector_m": 3.6599756938283416, "walk_graph_connector_min": 0.045749696172854272, "walk_graph_snap_ok": true, "population_reachable_5min": 24.836826512789361, "population_additional_5min": 24.836826512789361, "existing_catchment_overlap_population_5min": 0.0, "existing_catchment_overlap_pct_5min": 0.0, "population_reachable_8min": 39.296088013898263, "population_additional_8min": 39.296088013898263, "existing_catchment_overlap_population_8min": 0.0, "existing_catchment_overlap_pct_8min": 0.0, "population_reachable_10min": 119.27826572518646, "population_additional_10min": 119.27826572518646, "existing_catchment_overlap_population_10min": 0.0, "existing_catchment_overlap_pct_10min": 0.0, "population_reachable_12min": 300.59068883730106, "population_additional_12min": 224.22542774323813, "existing_catchment_overlap_population_12min": 76.365261094062944, "existing_catchment_overlap_pct_12min": 25.405065402873046, "nearest_official_stop_walk_network_m": 1416.3316881808951, "nearest_official_stop_cluster_id": "EX_042", "nearby_official_routes": "D184", "nearby_official_route_count": 1, "settlement_coverage_10min_count": 2, "settlement_additional_10min_count": 2, "settlement_additional_10min_names": "Brugolone|Cereda", "destination_coverage_10min_count": 0, "destination_additional_10min_count": 0, "destination_additional_10min_names": "", "pruned_near_existing_stop": false, "pruned_no_access_gain": false, "candidate_id": "P2V2S_0068", "stop_type": "PROPOSED_STOP", "physical_status": "FIELD_CHECK_PENDING", "epistemic_status": "PROPOSED_STOP/FIELD_CHECK_PENDING", "road_eligibility_status": "DERIVED_GATE_D_BUS_ELIGIBLE", "candidate_status": "HYPOTHESIS_NOT_RECOMMENDATION", "population_spatial_model": "DASYMETRIC_BUILDING_SECTION_INTERSECTION_V2", "discovery_area_contract": "ANALYSIS_ENVELOPE_PLUS_INHERITED_150M_SITING_BUFFER", "potential_interchange_with_reference_gtfs": false, "interchange_evidence_status": "DERIVED_FROM_REFERENCE_PERIOD_GTFS_PROXIMITY_NOT_CURRENT_SERVICE_GUARANTEE", "discovery_sample_spacing_m_assumption": 150.0, "candidate_pruning_radius_m_assumption": 220.0, "source_gate_b_commit": "55d726564e13acca55ce563cc911263ac513acb0", "source_gate_d_commit": "7c220f7586d0f6e5cccd14a2d518be52eb1c4a55", "source_building_population_head": "29203ad64c3e32e6164ef6997933eb5c5ff2d5b1", "source_analysis_envelope_commit": "8a4608a60ecb367535814d965822e7502ae31eb9", "PRO_COM_T": "097092", "COMUNE": "La Valletta Brianza", "analysis_role": "UNSPECIFIED", "municipal_2021_resident_work_commuters_context": 1796.0, "municipal_2021_outbound_workers_context": 1521.0, "od_2021_context_status": "FACT_ISTAT_2021_WORK_COMMUTING_MUNICIPAL_ONLY_NOT_STOP_DEMAND" }, "geometry": { "type": "Point", "coordinates": [ 9.372553200010687, 45.729910550001826 ] } },
{ "type": "Feature", "properties": { "osm_way_id": "143413508", "highway": "unclassified", "road_uncertainty_flags": "missing_lanes|missing_maxheight|missing_maxweight|missing_maxwidth|missing_width", "sample_index": 0, "x_utm32": 527238.67162398063, "y_utm32": 5064135.3899638895, "lon": 9.3500766535164956, "lat": 45.730238079281428, "discovery_evidence": "BUILDING_GAP8:20230101_000000::RLB-4c16d9f0-fdcb-4044-966e-0ce44f2a3432::SEC=970920000030", "discovery_seed_count": 1, "walk_graph_node_id": 2150, "walk_graph_connector_m": 1.8188270072316135, "walk_graph_connector_min": 0.022735337590395168, "walk_graph_snap_ok": true, "population_reachable_5min": 3.6229628001020053, "population_additional_5min": 3.6229628001020053, "existing_catchment_overlap_population_5min": 0.0, "existing_catchment_overlap_pct_5min": 0.0, "population_reachable_8min": 9.6858330793924292, "population_additional_8min": 9.6858330793924292, "existing_catchment_overlap_population_8min": 0.0, "existing_catchment_overlap_pct_8min": 0.0, "population_reachable_10min": 36.901039796903973, "population_additional_10min": 36.901039796903973, "existing_catchment_overlap_population_10min": 0.0, "existing_catchment_overlap_pct_10min": 0.0, "population_reachable_12min": 83.796618916193836, "population_additional_12min": 83.796618916193836, "existing_catchment_overlap_population_12min": 0.0, "existing_catchment_overlap_pct_12min": 0.0, "nearest_official_stop_walk_network_m": 2393.8676790545073, "nearest_official_stop_cluster_id": "EX_027", "nearby_official_routes": "D184", "nearby_official_route_count": 1, "settlement_coverage_10min_count": 0, "settlement_additional_10min_count": 0, "settlement_additional_10min_names": "", "destination_coverage_10min_count": 0, "destination_additional_10min_count": 0, "destination_additional_10min_names": "", "pruned_near_existing_stop": false, "pruned_no_access_gain": false, "candidate_id": "P2V2S_0069", "stop_type": "PROPOSED_STOP", "physical_status": "FIELD_CHECK_PENDING", "epistemic_status": "PROPOSED_STOP/FIELD_CHECK_PENDING", "road_eligibility_status": "DERIVED_GATE_D_BUS_ELIGIBLE", "candidate_status": "HYPOTHESIS_NOT_RECOMMENDATION", "population_spatial_model": "DASYMETRIC_BUILDING_SECTION_INTERSECTION_V2", "discovery_area_contract": "ANALYSIS_ENVELOPE_PLUS_INHERITED_150M_SITING_BUFFER", "potential_interchange_with_reference_gtfs": false, "interchange_evidence_status": "DERIVED_FROM_REFERENCE_PERIOD_GTFS_PROXIMITY_NOT_CURRENT_SERVICE_GUARANTEE", "discovery_sample_spacing_m_assumption": 150.0, "candidate_pruning_radius_m_assumption": 220.0, "source_gate_b_commit": "55d726564e13acca55ce563cc911263ac513acb0", "source_gate_d_commit": "7c220f7586d0f6e5cccd14a2d518be52eb1c4a55", "source_building_population_head": "29203ad64c3e32e6164ef6997933eb5c5ff2d5b1", "source_analysis_envelope_commit": "8a4608a60ecb367535814d965822e7502ae31eb9", "PRO_COM_T": "097092", "COMUNE": "La Valletta Brianza", "analysis_role": "UNSPECIFIED", "municipal_2021_resident_work_commuters_context": 1796.0, "municipal_2021_outbound_workers_context": 1521.0, "od_2021_context_status": "FACT_ISTAT_2021_WORK_COMMUTING_MUNICIPAL_ONLY_NOT_STOP_DEMAND" }, "geometry": { "type": "Point", "coordinates": [ 9.350076653516496, 45.730238079281428 ] } },
{ "type": "Feature", "properties": { "osm_way_id": "1463993525", "highway": "service", "road_uncertainty_flags": "missing_lanes|missing_maxheight|missing_maxweight|missing_maxwidth|missing_width", "sample_index": 0, "x_utm32": 532323.59751996631, "y_utm32": 5064173.7892986275, "lon": 9.4154300648314919, "lat": 45.730364763717802, "discovery_evidence": "BUILDING_GAP8:20230101_000000::RLB-0c070516-fae0-42c7-bd85-e059db28f00a::SEC=970120000053|BUILDING_GAP8:20230101_000000::RLB-292e69cd-1443-43a3-9d0a-5ba25b2ad1a0::SEC=970120000053|BUILDING_GAP8:20230101_000000::RLB-5197fd8a-d799-49bc-a88b-38895f5967a1::SEC=970120000053|BUILDING_GAP8:20230101_000000::RLB-74a3dadd-af7b-4d49-ad3f-022a2657e82f::SEC=970120000053|BUILDING_GAP8:20230101_000000::RLB-a2b2d1a7-7928-4bf2-9389-60fd755b2264::SEC=970120000067|BUILDING_GAP8:20230101_000000::RLB-eab04043-875f-4e0e-b66b-23697055606c::SEC=970120000053", "discovery_seed_count": 6, "walk_graph_node_id": 20538, "walk_graph_connector_m": 5.1935864900025335, "walk_graph_connector_min": 0.064919831125031663, "walk_graph_snap_ok": true, "population_reachable_5min": 275.95139020661139, "population_additional_5min": 275.95139020661139, "existing_catchment_overlap_population_5min": 0.0, "existing_catchment_overlap_pct_5min": 0.0, "population_reachable_8min": 318.05694967483214, "population_additional_8min": 296.68329305496502, "existing_catchment_overlap_population_8min": 21.373656619867049, "existing_catchment_overlap_pct_8min": 6.7200721888701267, "population_reachable_10min": 418.32146299786115, "population_additional_10min": 298.29494269147921, "existing_catchment_overlap_population_10min": 120.02652030638194, "existing_catchment_overlap_pct_10min": 28.692412635541874, "population_reachable_12min": 616.54702990132171, "population_additional_12min": 98.634700350127886, "existing_catchment_overlap_population_12min": 517.91232955119381, "existing_catchment_overlap_pct_12min": 84.002080041499127, "nearest_official_stop_walk_network_m": 940.44606838727168, "nearest_official_stop_cluster_id": "EX_016", "nearby_official_routes": "D185", "nearby_official_route_count": 1, "settlement_coverage_10min_count": 0, "settlement_additional_10min_count": 0, "settlement_additional_10min_names": "", "destination_coverage_10min_count": 0, "destination_additional_10min_count": 0, "destination_additional_10min_names": "", "pruned_near_existing_stop": false, "pruned_no_access_gain": false, "candidate_id": "P2V2S_0070", "stop_type": "PROPOSED_STOP", "physical_status": "FIELD_CHECK_PENDING", "epistemic_status": "PROPOSED_STOP/FIELD_CHECK_PENDING", "road_eligibility_status": "DERIVED_GATE_D_BUS_ELIGIBLE", "candidate_status": "HYPOTHESIS_NOT_RECOMMENDATION", "population_spatial_model": "DASYMETRIC_BUILDING_SECTION_INTERSECTION_V2", "discovery_area_contract": "ANALYSIS_ENVELOPE_PLUS_INHERITED_150M_SITING_BUFFER", "potential_interchange_with_reference_gtfs": false, "interchange_evidence_status": "DERIVED_FROM_REFERENCE_PERIOD_GTFS_PROXIMITY_NOT_CURRENT_SERVICE_GUARANTEE", "discovery_sample_spacing_m_assumption": 150.0, "candidate_pruning_radius_m_assumption": 220.0, "source_gate_b_commit": "55d726564e13acca55ce563cc911263ac513acb0", "source_gate_d_commit": "7c220f7586d0f6e5cccd14a2d518be52eb1c4a55", "source_building_population_head": "29203ad64c3e32e6164ef6997933eb5c5ff2d5b1", "source_analysis_envelope_commit": "8a4608a60ecb367535814d965822e7502ae31eb9", "PRO_COM_T": "097012", "COMUNE": "Calco", "analysis_role": "UNSPECIFIED", "municipal_2021_resident_work_commuters_context": 2173.0, "municipal_2021_outbound_workers_context": 1894.0, "od_2021_context_status": "FACT_ISTAT_2021_WORK_COMMUTING_MUNICIPAL_ONLY_NOT_STOP_DEMAND" }, "geometry": { "type": "Point", "coordinates": [ 9.415430064831492, 45.730364763717802 ] } },
{ "type": "Feature", "properties": { "osm_way_id": "170953544", "highway": "residential", "road_uncertainty_flags": "missing_lanes|missing_maxheight|missing_maxweight|missing_maxwidth|missing_width", "sample_index": 0, "x_utm32": 528683.57436109998, "y_utm32": 5064177.8266260028, "lon": 9.3686489562733275, "lat": 45.730561625763421, "discovery_evidence": "BUILDING_GAP8:20230101_000000::RLB-09a956f6-9f82-4089-bb28-70f600880492::SEC=970920000026|BUILDING_GAP8:20230101_000000::RLB-3f02f74c-d891-4da2-ae28-3b24c580c4ca::SEC=970920000026|BUILDING_GAP8:20230101_000000::RLB-65583c8a-e387-474a-ac47-945a725d1035::SEC=970920000026|BUILDING_GAP8:20230101_000000::RLB-6695d3f5-2adf-4484-a2f5-27609fc6e649::SEC=970920000026|BUILDING_GAP8:20230101_000000::RLB-a4dea2ac-8837-4c1d-8d36-fda57ca75086::SEC=970920000026|SETTLEMENT_GAP8:OSM_POINT_2101402495", "discovery_seed_count": 6, "walk_graph_node_id": 5993, "walk_graph_connector_m": 0.2507435367460028, "walk_graph_connector_min": 0.0031342942093250349, "walk_graph_snap_ok": true, "population_reachable_5min": 28.072351421188628, "population_additional_5min": 28.072351421188628, "existing_catchment_overlap_population_5min": 0.0, "existing_catchment_overlap_pct_5min": 0.0, "population_reachable_8min": 29.675444290958165, "population_additional_8min": 29.675444290958165, "existing_catchment_overlap_population_8min": 0.0, "existing_catchment_overlap_pct_8min": 0.0, "population_reachable_10min": 29.675444290958165, "population_additional_10min": 29.675444290958165, "existing_catchment_overlap_population_10min": 0.0, "existing_catchment_overlap_pct_10min": 0.0, "population_reachable_12min": 59.025516271938024, "population_additional_12min": 52.983861365281925, "existing_catchment_overlap_population_12min": 6.0416549066560989, "existing_catchment_overlap_pct_12min": 10.23566634948423, "nearest_official_stop_walk_network_m": 1303.4594992984328, "nearest_official_stop_cluster_id": "EX_042", "nearby_official_routes": "D184", "nearby_official_route_count": 1, "settlement_coverage_10min_count": 1, "settlement_additional_10min_count": 1, "settlement_additional_10min_names": "Cereda", "destination_coverage_10min_count": 0, "destination_additional_10min_count": 0, "destination_additional_10min_names": "", "pruned_near_existing_stop": false, "pruned_no_access_gain": false, "candidate_id": "P2V2S_0071", "stop_type": "PROPOSED_STOP", "physical_status": "FIELD_CHECK_PENDING", "epistemic_status": "PROPOSED_STOP/FIELD_CHECK_PENDING", "road_eligibility_status": "DERIVED_GATE_D_BUS_ELIGIBLE", "candidate_status": "HYPOTHESIS_NOT_RECOMMENDATION", "population_spatial_model": "DASYMETRIC_BUILDING_SECTION_INTERSECTION_V2", "discovery_area_contract": "ANALYSIS_ENVELOPE_PLUS_INHERITED_150M_SITING_BUFFER", "potential_interchange_with_reference_gtfs": false, "interchange_evidence_status": "DERIVED_FROM_REFERENCE_PERIOD_GTFS_PROXIMITY_NOT_CURRENT_SERVICE_GUARANTEE", "discovery_sample_spacing_m_assumption": 150.0, "candidate_pruning_radius_m_assumption": 220.0, "source_gate_b_commit": "55d726564e13acca55ce563cc911263ac513acb0", "source_gate_d_commit": "7c220f7586d0f6e5cccd14a2d518be52eb1c4a55", "source_building_population_head": "29203ad64c3e32e6164ef6997933eb5c5ff2d5b1", "source_analysis_envelope_commit": "8a4608a60ecb367535814d965822e7502ae31eb9", "PRO_COM_T": "097092", "COMUNE": "La Valletta Brianza", "analysis_role": "UNSPECIFIED", "municipal_2021_resident_work_commuters_context": 1796.0, "municipal_2021_outbound_workers_context": 1521.0, "od_2021_context_status": "FACT_ISTAT_2021_WORK_COMMUTING_MUNICIPAL_ONLY_NOT_STOP_DEMAND" }, "geometry": { "type": "Point", "coordinates": [ 9.368648956273327, 45.730561625763421 ] } },
{ "type": "Feature", "properties": { "osm_way_id": "1430856285", "highway": "service", "road_uncertainty_flags": "missing_lanes|missing_maxheight|missing_maxweight|missing_maxwidth|missing_width", "sample_index": 1, "x_utm32": 529739.42848909739, "y_utm32": 5064191.5521968342, "lon": 9.3822196186715985, "lat": 45.730640573084244, "discovery_evidence": "BUILDING_GAP8:20230101_000000::RLB-76474044-70ec-4d14-9987-ed9ad335d1f1::SEC=970920000017", "discovery_seed_count": 1, "walk_graph_node_id": 10863, "walk_graph_connector_m": 4.9092171084429781, "walk_graph_connector_min": 0.061365213855537226, "walk_graph_snap_ok": true, "population_reachable_5min": 197.72502937466299, "population_additional_5min": 197.72502937466299, "existing_catchment_overlap_population_5min": 0.0, "existing_catchment_overlap_pct_5min": 0.0, "population_reachable_8min": 309.08226049533909, "population_additional_8min": 291.08725546337865, "existing_catchment_overlap_population_8min": 17.995005031960407, "existing_catchment_overlap_pct_8min": 5.8220762987566443, "population_reachable_10min": 481.01792054333055, "population_additional_10min": 438.39114992864842, "existing_catchment_overlap_population_10min": 42.626770614682101, "existing_catchment_overlap_pct_10min": 8.8617843107660779, "population_reachable_12min": 770.43206874327859, "population_additional_12min": 618.27624852422582, "existing_catchment_overlap_population_12min": 152.1558202190528, "existing_catchment_overlap_pct_12min": 19.749414178364606, "nearest_official_stop_walk_network_m": 1071.524613474917, "nearest_official_stop_cluster_id": "EX_026", "nearby_official_routes": "D184", "nearby_official_route_count": 1, "settlement_coverage_10min_count": 1, "settlement_additional_10min_count": 1, "settlement_additional_10min_names": "Sara", "destination_coverage_10min_count": 0, "destination_additional_10min_count": 0, "destination_additional_10min_names": "", "pruned_near_existing_stop": false, "pruned_no_access_gain": false, "candidate_id": "P2V2S_0072", "stop_type": "PROPOSED_STOP", "physical_status": "FIELD_CHECK_PENDING", "epistemic_status": "PROPOSED_STOP/FIELD_CHECK_PENDING", "road_eligibility_status": "DERIVED_GATE_D_BUS_ELIGIBLE", "candidate_status": "HYPOTHESIS_NOT_RECOMMENDATION", "population_spatial_model": "DASYMETRIC_BUILDING_SECTION_INTERSECTION_V2", "discovery_area_contract": "ANALYSIS_ENVELOPE_PLUS_INHERITED_150M_SITING_BUFFER", "potential_interchange_with_reference_gtfs": false, "interchange_evidence_status": "DERIVED_FROM_REFERENCE_PERIOD_GTFS_PROXIMITY_NOT_CURRENT_SERVICE_GUARANTEE", "discovery_sample_spacing_m_assumption": 150.0, "candidate_pruning_radius_m_assumption": 220.0, "source_gate_b_commit": "55d726564e13acca55ce563cc911263ac513acb0", "source_gate_d_commit": "7c220f7586d0f6e5cccd14a2d518be52eb1c4a55", "source_building_population_head": "29203ad64c3e32e6164ef6997933eb5c5ff2d5b1", "source_analysis_envelope_commit": "8a4608a60ecb367535814d965822e7502ae31eb9", "PRO_COM_T": "097092", "COMUNE": "La Valletta Brianza", "analysis_role": "UNSPECIFIED", "municipal_2021_resident_work_commuters_context": 1796.0, "municipal_2021_outbound_workers_context": 1521.0, "od_2021_context_status": "FACT_ISTAT_2021_WORK_COMMUTING_MUNICIPAL_ONLY_NOT_STOP_DEMAND" }, "geometry": { "type": "Point", "coordinates": [ 9.382219618671598, 45.730640573084244 ] } },
{ "type": "Feature", "properties": { "osm_way_id": "240048815", "highway": "residential", "road_uncertainty_flags": "missing_lanes|missing_maxheight|missing_maxweight|missing_maxwidth|missing_width", "sample_index": 0, "x_utm32": 531209.19463965902, "y_utm32": 5064254.5835110657, "lon": 9.4011130771891764, "lat": 45.731143135208505, "discovery_evidence": "BUILDING_GAP8:20230101_000000::RLB-81cb27c2-3532-494f-b488-b62b965105c2::SEC=970580000025", "discovery_seed_count": 1, "walk_graph_node_id": 16992, "walk_graph_connector_m": 45.507081649148155, "walk_graph_connector_min": 0.56883852061435192, "walk_graph_snap_ok": true, "population_reachable_5min": 90.556816895528911, "population_additional_5min": 61.579211415323108, "existing_catchment_overlap_population_5min": 28.977605480205792, "existing_catchment_overlap_pct_5min": 31.999364016555347, "population_reachable_8min": 522.82505562301424, "population_additional_8min": 5.3043795655771353, "existing_catchment_overlap_population_8min": 517.52067605743719, "existing_catchment_overlap_pct_8min": 98.985438913355793, "population_reachable_10min": 1172.3203981420886, "population_additional_10min": 8.4297027480504809, "existing_catchment_overlap_population_10min": 1163.8906953940382, "existing_catchment_overlap_pct_10min": 99.280938661358277, "population_reachable_12min": 1888.8415579977818, "population_additional_12min": 0.0, "existing_catchment_overlap_population_12min": 1888.8415579977818, "existing_catchment_overlap_pct_12min": 100.0, "nearest_official_stop_walk_network_m": 627.71999038247702, "nearest_official_stop_cluster_id": "EX_039", "nearby_official_routes": "D184|D185", "nearby_official_route_count": 2, "settlement_coverage_10min_count": 1, "settlement_additional_10min_count": 0, "settlement_additional_10min_names": "", "destination_coverage_10min_count": 4, "destination_additional_10min_count": 0, "destination_additional_10min_names": "", "pruned_near_existing_stop": false, "pruned_no_access_gain": false, "candidate_id": "P2V2S_0073", "stop_type": "PROPOSED_STOP", "physical_status": "FIELD_CHECK_PENDING", "epistemic_status": "PROPOSED_STOP/FIELD_CHECK_PENDING", "road_eligibility_status": "DERIVED_GATE_D_BUS_ELIGIBLE", "candidate_status": "HYPOTHESIS_NOT_RECOMMENDATION", "population_spatial_model": "DASYMETRIC_BUILDING_SECTION_INTERSECTION_V2", "discovery_area_contract": "ANALYSIS_ENVELOPE_PLUS_INHERITED_150M_SITING_BUFFER", "potential_interchange_with_reference_gtfs": false, "interchange_evidence_status": "DERIVED_FROM_REFERENCE_PERIOD_GTFS_PROXIMITY_NOT_CURRENT_SERVICE_GUARANTEE", "discovery_sample_spacing_m_assumption": 150.0, "candidate_pruning_radius_m_assumption": 220.0, "source_gate_b_commit": "55d726564e13acca55ce563cc911263ac513acb0", "source_gate_d_commit": "7c220f7586d0f6e5cccd14a2d518be52eb1c4a55", "source_building_population_head": "29203ad64c3e32e6164ef6997933eb5c5ff2d5b1", "source_analysis_envelope_commit": "8a4608a60ecb367535814d965822e7502ae31eb9", "PRO_COM_T": "097058", "COMUNE": "Olgiate Molgora", "analysis_role": "UNSPECIFIED", "municipal_2021_resident_work_commuters_context": 2287.0, "municipal_2021_outbound_workers_context": 1961.0, "od_2021_context_status": "FACT_ISTAT_2021_WORK_COMMUTING_MUNICIPAL_ONLY_NOT_STOP_DEMAND" }, "geometry": { "type": "Point", "coordinates": [ 9.401113077189176, 45.731143135208505 ] } },
{ "type": "Feature", "properties": { "osm_way_id": "173720410", "highway": "unclassified", "road_uncertainty_flags": "missing_maxheight|missing_maxweight|missing_maxwidth|missing_width", "sample_index": 0, "x_utm32": 529161.14539310499, "y_utm32": 5064269.3353988864, "lon": 9.3747922040748985, "lat": 45.731365288477136, "discovery_evidence": "BUILDING_GAP8:20230101_000000::RLB-c8b4bae1-d491-4e6c-a0f1-9cf02489bc15::SEC=970920000017", "discovery_seed_count": 1, "walk_graph_node_id": 7979, "walk_graph_connector_m": 38.450928946326627, "walk_graph_connector_min": 0.48063661182908285, "walk_graph_snap_ok": true, "population_reachable_5min": 174.25932722694168, "population_additional_5min": 174.25932722694168, "existing_catchment_overlap_population_5min": 0.0, "existing_catchment_overlap_pct_5min": 0.0, "population_reachable_8min": 515.17565472495903, "population_additional_8min": 438.26592659203453, "existing_catchment_overlap_population_8min": 76.909728132924542, "existing_catchment_overlap_pct_8min": 14.928835908207844, "population_reachable_10min": 758.89617184682822, "population_additional_10min": 394.58067210310236, "existing_catchment_overlap_population_10min": 364.31549974372587, "existing_catchment_overlap_pct_10min": 48.005974105408647, "population_reachable_12min": 902.83996018141261, "population_additional_12min": 446.8364414186596, "existing_catchment_overlap_population_12min": 456.00351876275312, "existing_catchment_overlap_pct_12min": 50.507680084422248, "nearest_official_stop_walk_network_m": 999.76885722233385, "nearest_official_stop_cluster_id": "EX_042", "nearby_official_routes": "D184", "nearby_official_route_count": 1, "settlement_coverage_10min_count": 2, "settlement_additional_10min_count": 2, "settlement_additional_10min_names": "Crescenzaga|Sara", "destination_coverage_10min_count": 0, "destination_additional_10min_count": 0, "destination_additional_10min_names": "", "pruned_near_existing_stop": false, "pruned_no_access_gain": false, "candidate_id": "P2V2S_0074", "stop_type": "PROPOSED_STOP", "physical_status": "FIELD_CHECK_PENDING", "epistemic_status": "PROPOSED_STOP/FIELD_CHECK_PENDING", "road_eligibility_status": "DERIVED_GATE_D_BUS_ELIGIBLE", "candidate_status": "HYPOTHESIS_NOT_RECOMMENDATION", "population_spatial_model": "DASYMETRIC_BUILDING_SECTION_INTERSECTION_V2", "discovery_area_contract": "ANALYSIS_ENVELOPE_PLUS_INHERITED_150M_SITING_BUFFER", "potential_interchange_with_reference_gtfs": false, "interchange_evidence_status": "DERIVED_FROM_REFERENCE_PERIOD_GTFS_PROXIMITY_NOT_CURRENT_SERVICE_GUARANTEE", "discovery_sample_spacing_m_assumption": 150.0, "candidate_pruning_radius_m_assumption": 220.0, "source_gate_b_commit": "55d726564e13acca55ce563cc911263ac513acb0", "source_gate_d_commit": "7c220f7586d0f6e5cccd14a2d518be52eb1c4a55", "source_building_population_head": "29203ad64c3e32e6164ef6997933eb5c5ff2d5b1", "source_analysis_envelope_commit": "8a4608a60ecb367535814d965822e7502ae31eb9", "PRO_COM_T": "097092", "COMUNE": "La Valletta Brianza", "analysis_role": "UNSPECIFIED", "municipal_2021_resident_work_commuters_context": 1796.0, "municipal_2021_outbound_workers_context": 1521.0, "od_2021_context_status": "FACT_ISTAT_2021_WORK_COMMUTING_MUNICIPAL_ONLY_NOT_STOP_DEMAND" }, "geometry": { "type": "Point", "coordinates": [ 9.374792204074899, 45.731365288477136 ] } },
{ "type": "Feature", "properties": { "osm_way_id": "704864561", "highway": "primary", "road_uncertainty_flags": "missing_maxheight|missing_maxweight|missing_maxwidth|missing_width", "sample_index": 0, "x_utm32": 532645.97288279131, "y_utm32": 5064281.7694957675, "lon": 9.419580470317916, "lat": 45.731321502630372, "discovery_evidence": "BUILDING_GAP8:20230101_000000::RLB-8e7d13f4-16db-480a-b237-7663ab64a374::SEC=970120000004|BUILDING_GAP8:20230101_000000::RLB-c141efc2-5ffc-44dc-952f-bd02e2cd5361::SEC=970120000067|BUILDING_GAP8:20230101_000000::RLB-e14a277d-b081-40b9-a331-d42c5b99599d::SEC=970120000004", "discovery_seed_count": 3, "walk_graph_node_id": 21512, "walk_graph_connector_m": 8.5640753331361577, "walk_graph_connector_min": 0.10705094166420197, "walk_graph_snap_ok": true, "population_reachable_5min": 232.17344358363556, "population_additional_5min": 149.11927853097686, "existing_catchment_overlap_population_5min": 83.054165052658689, "existing_catchment_overlap_pct_5min": 35.772465520045657, "population_reachable_8min": 467.52729907435946, "population_additional_8min": 176.86346495204691, "existing_catchment_overlap_population_8min": 290.66383412231261, "existing_catchment_overlap_pct_8min": 62.170451799881533, "population_reachable_10min": 960.69583033095159, "population_additional_10min": 356.38700544539466, "existing_catchment_overlap_population_10min": 604.3088248855571, "existing_catchment_overlap_pct_10min": 62.903242192419825, "population_reachable_12min": 1641.390060301826, "population_additional_12min": 98.634700350127886, "existing_catchment_overlap_population_12min": 1542.7553599516982, "existing_catchment_overlap_pct_12min": 93.99078240232609, "nearest_official_stop_walk_network_m": 283.50410225375254, "nearest_official_stop_cluster_id": "EX_016", "nearby_official_routes": "D185", "nearby_official_route_count": 1, "settlement_coverage_10min_count": 1, "settlement_additional_10min_count": 0, "settlement_additional_10min_names": "", "destination_coverage_10min_count": 0, "destination_additional_10min_count": 0, "destination_additional_10min_names": "", "pruned_near_existing_stop": false, "pruned_no_access_gain": false, "candidate_id": "P2V2S_0075", "stop_type": "PROPOSED_STOP", "physical_status": "FIELD_CHECK_PENDING", "epistemic_status": "PROPOSED_STOP/FIELD_CHECK_PENDING", "road_eligibility_status": "DERIVED_GATE_D_BUS_ELIGIBLE", "candidate_status": "HYPOTHESIS_NOT_RECOMMENDATION", "population_spatial_model": "DASYMETRIC_BUILDING_SECTION_INTERSECTION_V2", "discovery_area_contract": "ANALYSIS_ENVELOPE_PLUS_INHERITED_150M_SITING_BUFFER", "potential_interchange_with_reference_gtfs": true, "interchange_evidence_status": "DERIVED_FROM_REFERENCE_PERIOD_GTFS_PROXIMITY_NOT_CURRENT_SERVICE_GUARANTEE", "discovery_sample_spacing_m_assumption": 150.0, "candidate_pruning_radius_m_assumption": 220.0, "source_gate_b_commit": "55d726564e13acca55ce563cc911263ac513acb0", "source_gate_d_commit": "7c220f7586d0f6e5cccd14a2d518be52eb1c4a55", "source_building_population_head": "29203ad64c3e32e6164ef6997933eb5c5ff2d5b1", "source_analysis_envelope_commit": "8a4608a60ecb367535814d965822e7502ae31eb9", "PRO_COM_T": "097012", "COMUNE": "Calco", "analysis_role": "UNSPECIFIED", "municipal_2021_resident_work_commuters_context": 2173.0, "municipal_2021_outbound_workers_context": 1894.0, "od_2021_context_status": "FACT_ISTAT_2021_WORK_COMMUTING_MUNICIPAL_ONLY_NOT_STOP_DEMAND" }, "geometry": { "type": "Point", "coordinates": [ 9.419580470317916, 45.731321502630372 ] } },
{ "type": "Feature", "properties": { "osm_way_id": "173605021", "highway": "unclassified", "road_uncertainty_flags": "missing_lanes|missing_maxheight|missing_maxweight|missing_maxwidth|missing_width", "sample_index": 0, "x_utm32": 528202.63707740768, "y_utm32": 5064292.4898583433, "lon": 9.3624746237716607, "lat": 45.731613439073698, "discovery_evidence": "BUILDING_GAP8:20230101_000000::RLB-d0ddda70-1744-4533-a613-17a0b8493371::SEC=970920000030", "discovery_seed_count": 1, "walk_graph_node_id": 4503, "walk_graph_connector_m": 11.163363716723008, "walk_graph_connector_min": 0.13954204645903762, "walk_graph_snap_ok": true, "population_reachable_5min": 29.318848176209844, "population_additional_5min": 29.318848176209844, "existing_catchment_overlap_population_5min": 0.0, "existing_catchment_overlap_pct_5min": 0.0, "population_reachable_8min": 81.050917662625181, "population_additional_8min": 81.050917662625181, "existing_catchment_overlap_population_8min": 0.0, "existing_catchment_overlap_pct_8min": 0.0, "population_reachable_10min": 113.68670992233362, "population_additional_10min": 113.68670992233362, "existing_catchment_overlap_population_10min": 0.0, "existing_catchment_overlap_pct_10min": 0.0, "population_reachable_12min": 207.03997090076899, "population_additional_12min": 207.03997090076899, "existing_catchment_overlap_population_12min": 0.0, "existing_catchment_overlap_pct_12min": 0.0, "nearest_official_stop_walk_network_m": 1422.8291741281957, "nearest_official_stop_cluster_id": "EX_042", "nearby_official_routes": "D184", "nearby_official_route_count": 1, "settlement_coverage_10min_count": 3, "settlement_additional_10min_count": 3, "settlement_additional_10min_names": "Bernaga inferiore|Campo|Pianello", "destination_coverage_10min_count": 0, "destination_additional_10min_count": 0, "destination_additional_10min_names": "", "pruned_near_existing_stop": false, "pruned_no_access_gain": false, "candidate_id": "P2V2S_0076", "stop_type": "PROPOSED_STOP", "physical_status": "FIELD_CHECK_PENDING", "epistemic_status": "PROPOSED_STOP/FIELD_CHECK_PENDING", "road_eligibility_status": "DERIVED_GATE_D_BUS_ELIGIBLE", "candidate_status": "HYPOTHESIS_NOT_RECOMMENDATION", "population_spatial_model": "DASYMETRIC_BUILDING_SECTION_INTERSECTION_V2", "discovery_area_contract": "ANALYSIS_ENVELOPE_PLUS_INHERITED_150M_SITING_BUFFER", "potential_interchange_with_reference_gtfs": false, "interchange_evidence_status": "DERIVED_FROM_REFERENCE_PERIOD_GTFS_PROXIMITY_NOT_CURRENT_SERVICE_GUARANTEE", "discovery_sample_spacing_m_assumption": 150.0, "candidate_pruning_radius_m_assumption": 220.0, "source_gate_b_commit": "55d726564e13acca55ce563cc911263ac513acb0", "source_gate_d_commit": "7c220f7586d0f6e5cccd14a2d518be52eb1c4a55", "source_building_population_head": "29203ad64c3e32e6164ef6997933eb5c5ff2d5b1", "source_analysis_envelope_commit": "8a4608a60ecb367535814d965822e7502ae31eb9", "PRO_COM_T": "097092", "COMUNE": "La Valletta Brianza", "analysis_role": "UNSPECIFIED", "municipal_2021_resident_work_commuters_context": 1796.0, "municipal_2021_outbound_workers_context": 1521.0, "od_2021_context_status": "FACT_ISTAT_2021_WORK_COMMUTING_MUNICIPAL_ONLY_NOT_STOP_DEMAND" }, "geometry": { "type": "Point", "coordinates": [ 9.362474623771661, 45.731613439073698 ] } },
{ "type": "Feature", "properties": { "osm_way_id": "1036605484", "highway": "service", "road_uncertainty_flags": "missing_lanes|missing_maxheight|missing_maxweight|missing_maxwidth|missing_width", "sample_index": 0, "x_utm32": 534386.69205330161, "y_utm32": 5064295.6210981356, "lon": 9.4419532907375974, "lat": 45.731361824728616, "discovery_evidence": "BUILDING_GAP8:20230101_000000::RLB-170f4961-8bc5-46ad-8c3b-b1b70961159c::SEC=970100000003|BUILDING_GAP8:20230101_000000::RLB-2191ef49-6381-4aad-a281-86266780539a::SEC=970100000003|BUILDING_GAP8:20230101_000000::RLB-6fc274c2-d130-4308-961d-fb74495e12a1::SEC=970100000003|BUILDING_GAP8:20230101_000000::RLB-8e2ad0c3-5da5-4a2e-a100-965d2383acf0::SEC=970100000003|BUILDING_GAP8:20230101_000000::RLB-ba169259-e570-4953-9926-2efd5f79682f::SEC=970100000003", "discovery_seed_count": 5, "walk_graph_node_id": 26137, "walk_graph_connector_m": 6.2495608416882558, "walk_graph_connector_min": 0.078119510521103191, "walk_graph_snap_ok": true, "population_reachable_5min": 99.263880175711293, "population_additional_5min": 99.263880175711293, "existing_catchment_overlap_population_5min": 0.0, "existing_catchment_overlap_pct_5min": 0.0, "population_reachable_8min": 196.31118131943623, "population_additional_8min": 137.34835573261893, "existing_catchment_overlap_population_8min": 58.962825586817289, "existing_catchment_overlap_pct_8min": 30.035388300615125, "population_reachable_10min": 481.38687667544593, "population_additional_10min": 84.778922751400671, "existing_catchment_overlap_population_10min": 396.60795392404526, "existing_catchment_overlap_pct_10min": 82.388609482480931, "population_reachable_12min": 731.30793240743708, "population_additional_12min": 40.385594402799128, "existing_catchment_overlap_population_12min": 690.92233800463782, "existing_catchment_overlap_pct_12min": 94.477621175275445, "nearest_official_stop_walk_network_m": 951.30895276989668, "nearest_official_stop_cluster_id": "EX_015", "nearby_official_routes": "D150|D170", "nearby_official_route_count": 2, "settlement_coverage_10min_count": 0, "settlement_additional_10min_count": 0, "settlement_additional_10min_names": "", "destination_coverage_10min_count": 0, "destination_additional_10min_count": 0, "destination_additional_10min_names": "", "pruned_near_existing_stop": false, "pruned_no_access_gain": false, "candidate_id": "P2V2S_0077", "stop_type": "PROPOSED_STOP", "physical_status": "FIELD_CHECK_PENDING", "epistemic_status": "PROPOSED_STOP/FIELD_CHECK_PENDING", "road_eligibility_status": "DERIVED_GATE_D_BUS_ELIGIBLE", "candidate_status": "HYPOTHESIS_NOT_RECOMMENDATION", "population_spatial_model": "DASYMETRIC_BUILDING_SECTION_INTERSECTION_V2", "discovery_area_contract": "ANALYSIS_ENVELOPE_PLUS_INHERITED_150M_SITING_BUFFER", "potential_interchange_with_reference_gtfs": false, "interchange_evidence_status": "DERIVED_FROM_REFERENCE_PERIOD_GTFS_PROXIMITY_NOT_CURRENT_SERVICE_GUARANTEE", "discovery_sample_spacing_m_assumption": 150.0, "candidate_pruning_radius_m_assumption": 220.0, "source_gate_b_commit": "55d726564e13acca55ce563cc911263ac513acb0", "source_gate_d_commit": "7c220f7586d0f6e5cccd14a2d518be52eb1c4a55", "source_building_population_head": "29203ad64c3e32e6164ef6997933eb5c5ff2d5b1", "source_analysis_envelope_commit": "8a4608a60ecb367535814d965822e7502ae31eb9", "PRO_COM_T": "097010", "COMUNE": "Brivio", "analysis_role": "UNSPECIFIED", "municipal_2021_resident_work_commuters_context": 1662.0, "municipal_2021_outbound_workers_context": 1339.0, "od_2021_context_status": "FACT_ISTAT_2021_WORK_COMMUTING_MUNICIPAL_ONLY_NOT_STOP_DEMAND" }, "geometry": { "type": "Point", "coordinates": [ 9.441953290737597, 45.731361824728616 ] } },
{ "type": "Feature", "properties": { "osm_way_id": "68633659", "highway": "unclassified", "road_uncertainty_flags": "missing_maxheight|missing_maxweight|missing_maxwidth|missing_width", "sample_index": 0, "x_utm32": 527619.01888071129, "y_utm32": 5064314.4096834315, "lon": 9.3549750628479913, "lat": 45.731834281277223, "discovery_evidence": "BUILDING_GAP8:20230101_000000::RLB-5a49687a-c699-476d-8d83-e581d8c1dfca::SEC=970920000024|BUILDING_GAP8:20230101_000000::RLB-6f0423e8-dcb4-46fb-b629-b12064ed44d4::SEC=970920000030|BUILDING_GAP8:20230101_000000::RLB-79470905-2b1f-4bfa-a0ce-c0835ef475e1::SEC=970920000024|BUILDING_GAP8:20230101_000000::RLB-90c902f7-a537-4b76-817e-67b86eaba72c::SEC=970920000024|BUILDING_GAP8:20230101_000000::RLB-cc1cfb6b-fe1d-4ea5-a8ee-6c6a91fd153b::SEC=970920000030|BUILDING_GAP8:20230101_000000::RLB-e50ae811-6779-4871-b09d-933fa4acb451::SEC=970920000030", "discovery_seed_count": 6, "walk_graph_node_id": 2823, "walk_graph_connector_m": 1.2725008553172679, "walk_graph_connector_min": 0.015906260691465848, "walk_graph_snap_ok": true, "population_reachable_5min": 100.25692484360854, "population_additional_5min": 100.25692484360854, "existing_catchment_overlap_population_5min": 0.0, "existing_catchment_overlap_pct_5min": 0.0, "population_reachable_8min": 138.57565928204957, "population_additional_8min": 138.57565928204957, "existing_catchment_overlap_population_8min": 0.0, "existing_catchment_overlap_pct_8min": 0.0, "population_reachable_10min": 165.36669043925318, "population_additional_10min": 165.36669043925318, "existing_catchment_overlap_population_10min": 0.0, "existing_catchment_overlap_pct_10min": 0.0, "population_reachable_12min": 198.31394208298335, "population_additional_12min": 198.31394208298335, "existing_catchment_overlap_population_12min": 0.0, "existing_catchment_overlap_pct_12min": 0.0, "nearest_official_stop_walk_network_m": 1745.4390529525967, "nearest_official_stop_cluster_id": "EX_027", "nearby_official_routes": "D184", "nearby_official_route_count": 1, "settlement_coverage_10min_count": 2, "settlement_additional_10min_count": 2, "settlement_additional_10min_names": "Bernaga inferiore|Pianello", "destination_coverage_10min_count": 0, "destination_additional_10min_count": 0, "destination_additional_10min_names": "", "pruned_near_existing_stop": false, "pruned_no_access_gain": false, "candidate_id": "P2V2S_0078", "stop_type": "PROPOSED_STOP", "physical_status": "FIELD_CHECK_PENDING", "epistemic_status": "PROPOSED_STOP/FIELD_CHECK_PENDING", "road_eligibility_status": "DERIVED_GATE_D_BUS_ELIGIBLE", "candidate_status": "HYPOTHESIS_NOT_RECOMMENDATION", "population_spatial_model": "DASYMETRIC_BUILDING_SECTION_INTERSECTION_V2", "discovery_area_contract": "ANALYSIS_ENVELOPE_PLUS_INHERITED_150M_SITING_BUFFER", "potential_interchange_with_reference_gtfs": false, "interchange_evidence_status": "DERIVED_FROM_REFERENCE_PERIOD_GTFS_PROXIMITY_NOT_CURRENT_SERVICE_GUARANTEE", "discovery_sample_spacing_m_assumption": 150.0, "candidate_pruning_radius_m_assumption": 220.0, "source_gate_b_commit": "55d726564e13acca55ce563cc911263ac513acb0", "source_gate_d_commit": "7c220f7586d0f6e5cccd14a2d518be52eb1c4a55", "source_building_population_head": "29203ad64c3e32e6164ef6997933eb5c5ff2d5b1", "source_analysis_envelope_commit": "8a4608a60ecb367535814d965822e7502ae31eb9", "PRO_COM_T": "097092", "COMUNE": "La Valletta Brianza", "analysis_role": "UNSPECIFIED", "municipal_2021_resident_work_commuters_context": 1796.0, "municipal_2021_outbound_workers_context": 1521.0, "od_2021_context_status": "FACT_ISTAT_2021_WORK_COMMUTING_MUNICIPAL_ONLY_NOT_STOP_DEMAND" }, "geometry": { "type": "Point", "coordinates": [ 9.354975062847991, 45.731834281277223 ] } },
{ "type": "Feature", "properties": { "osm_way_id": "432726032", "highway": "unclassified", "road_uncertainty_flags": "missing_lanes|missing_maxheight|missing_maxweight|missing_maxwidth|missing_width", "sample_index": 1, "x_utm32": 533077.43878886674, "y_utm32": 5064344.5152101247, "lon": 9.4251299924531118, "lat": 45.731865747720427, "discovery_evidence": "BUILDING_GAP8:20230101_000000::RLB-3883966e-db30-4d52-8887-9ea78f0b2619::SEC=970120000006|BUILDING_GAP8:20230101_000000::RLB-4a5aa92c-cf0a-4cc4-a2f5-153c2d8fe853::SEC=970120000006", "discovery_seed_count": 2, "walk_graph_node_id": 22721, "walk_graph_connector_m": 4.5667927262156089, "walk_graph_connector_min": 0.05708490907769511, "walk_graph_snap_ok": true, "population_reachable_5min": 40.863746283300976, "population_additional_5min": 40.863746283300976, "existing_catchment_overlap_population_5min": 0.0, "existing_catchment_overlap_pct_5min": 0.0, "population_reachable_8min": 171.3086872456835, "population_additional_8min": 35.009614402063349, "existing_catchment_overlap_population_8min": 136.29907284362014, "existing_catchment_overlap_pct_8min": 79.563433142270185, "population_reachable_10min": 319.41700140088403, "population_additional_10min": 59.770338024721994, "existing_catchment_overlap_population_10min": 259.64666337616205, "existing_catchment_overlap_pct_10min": 81.287677937434751, "population_reachable_12min": 546.12219877766347, "population_additional_12min": 7.6717462825925571, "existing_catchment_overlap_population_12min": 538.45045249507086, "existing_catchment_overlap_pct_12min": 98.595232660425893, "nearest_official_stop_walk_network_m": 703.41969199715743, "nearest_official_stop_cluster_id": "EX_012", "nearby_official_routes": "D150|D185", "nearby_official_route_count": 2, "settlement_coverage_10min_count": 0, "settlement_additional_10min_count": 0, "settlement_additional_10min_names": "", "destination_coverage_10min_count": 0, "destination_additional_10min_count": 0, "destination_additional_10min_names": "", "pruned_near_existing_stop": false, "pruned_no_access_gain": false, "candidate_id": "P2V2S_0079", "stop_type": "PROPOSED_STOP", "physical_status": "FIELD_CHECK_PENDING", "epistemic_status": "PROPOSED_STOP/FIELD_CHECK_PENDING", "road_eligibility_status": "DERIVED_GATE_D_BUS_ELIGIBLE", "candidate_status": "HYPOTHESIS_NOT_RECOMMENDATION", "population_spatial_model": "DASYMETRIC_BUILDING_SECTION_INTERSECTION_V2", "discovery_area_contract": "ANALYSIS_ENVELOPE_PLUS_INHERITED_150M_SITING_BUFFER", "potential_interchange_with_reference_gtfs": false, "interchange_evidence_status": "DERIVED_FROM_REFERENCE_PERIOD_GTFS_PROXIMITY_NOT_CURRENT_SERVICE_GUARANTEE", "discovery_sample_spacing_m_assumption": 150.0, "candidate_pruning_radius_m_assumption": 220.0, "source_gate_b_commit": "55d726564e13acca55ce563cc911263ac513acb0", "source_gate_d_commit": "7c220f7586d0f6e5cccd14a2d518be52eb1c4a55", "source_building_population_head": "29203ad64c3e32e6164ef6997933eb5c5ff2d5b1", "source_analysis_envelope_commit": "8a4608a60ecb367535814d965822e7502ae31eb9", "PRO_COM_T": "097010", "COMUNE": "Brivio", "analysis_role": "UNSPECIFIED", "municipal_2021_resident_work_commuters_context": 1662.0, "municipal_2021_outbound_workers_context": 1339.0, "od_2021_context_status": "FACT_ISTAT_2021_WORK_COMMUTING_MUNICIPAL_ONLY_NOT_STOP_DEMAND" }, "geometry": { "type": "Point", "coordinates": [ 9.425129992453112, 45.731865747720427 ] } },
{ "type": "Feature", "properties": { "osm_way_id": "191456223", "highway": "unclassified", "road_uncertainty_flags": "missing_lanes|missing_maxheight|missing_maxweight|missing_maxwidth|missing_width", "sample_index": 0, "x_utm32": 527062.83328757237, "y_utm32": 5064373.9253909113, "lon": 9.3478301144587057, "lat": 45.73239194411677, "discovery_evidence": "BUILDING_GAP8:20230101_000000::RLB-497df652-bd37-4bb5-9881-8ab6893ad14d::SEC=970920000030|BUILDING_GAP8:20230101_000000::RLB-d2ce3648-cf97-41aa-9962-2dcc98d70749::SEC=970920000030", "discovery_seed_count": 2, "walk_graph_node_id": 1888, "walk_graph_connector_m": 3.0826707682390677, "walk_graph_connector_min": 0.038533384602988344, "walk_graph_snap_ok": true, "population_reachable_5min": 43.874969239888387, "population_additional_5min": 43.874969239888387, "existing_catchment_overlap_population_5min": 0.0, "existing_catchment_overlap_pct_5min": 0.0, "population_reachable_8min": 73.25475574171989, "population_additional_8min": 73.25475574171989, "existing_catchment_overlap_population_8min": 0.0, "existing_catchment_overlap_pct_8min": 0.0, "population_reachable_10min": 77.769776545304126, "population_additional_10min": 77.769776545304126, "existing_catchment_overlap_population_10min": 0.0, "existing_catchment_overlap_pct_10min": 0.0, "population_reachable_12min": 79.656200633734585, "population_additional_12min": 79.656200633734585, "existing_catchment_overlap_population_12min": 0.0, "existing_catchment_overlap_pct_12min": 0.0, "nearest_official_stop_walk_network_m": 2083.5039114730389, "nearest_official_stop_cluster_id": "EX_027", "nearby_official_routes": "D184", "nearby_official_route_count": 1, "settlement_coverage_10min_count": 0, "settlement_additional_10min_count": 0, "settlement_additional_10min_names": "", "destination_coverage_10min_count": 0, "destination_additional_10min_count": 0, "destination_additional_10min_names": "", "pruned_near_existing_stop": false, "pruned_no_access_gain": false, "candidate_id": "P2V2S_0080", "stop_type": "PROPOSED_STOP", "physical_status": "FIELD_CHECK_PENDING", "epistemic_status": "PROPOSED_STOP/FIELD_CHECK_PENDING", "road_eligibility_status": "DERIVED_GATE_D_BUS_ELIGIBLE", "candidate_status": "HYPOTHESIS_NOT_RECOMMENDATION", "population_spatial_model": "DASYMETRIC_BUILDING_SECTION_INTERSECTION_V2", "discovery_area_contract": "ANALYSIS_ENVELOPE_PLUS_INHERITED_150M_SITING_BUFFER", "potential_interchange_with_reference_gtfs": false, "interchange_evidence_status": "DERIVED_FROM_REFERENCE_PERIOD_GTFS_PROXIMITY_NOT_CURRENT_SERVICE_GUARANTEE", "discovery_sample_spacing_m_assumption": 150.0, "candidate_pruning_radius_m_assumption": 220.0, "source_gate_b_commit": "55d726564e13acca55ce563cc911263ac513acb0", "source_gate_d_commit": "7c220f7586d0f6e5cccd14a2d518be52eb1c4a55", "source_building_population_head": "29203ad64c3e32e6164ef6997933eb5c5ff2d5b1", "source_analysis_envelope_commit": "8a4608a60ecb367535814d965822e7502ae31eb9", "PRO_COM_T": "097092", "COMUNE": "La Valletta Brianza", "analysis_role": "UNSPECIFIED", "municipal_2021_resident_work_commuters_context": 1796.0, "municipal_2021_outbound_workers_context": 1521.0, "od_2021_context_status": "FACT_ISTAT_2021_WORK_COMMUTING_MUNICIPAL_ONLY_NOT_STOP_DEMAND" }, "geometry": { "type": "Point", "coordinates": [ 9.347830114458706, 45.73239194411677 ] } },
{ "type": "Feature", "properties": { "osm_way_id": "173605021", "highway": "unclassified", "road_uncertainty_flags": "missing_lanes|missing_maxheight|missing_maxweight|missing_maxwidth|missing_width", "sample_index": 2, "x_utm32": 528474.61944073078, "y_utm32": 5064396.9643038549, "lon": 9.365976349378494, "lat": 45.732542626646051, "discovery_evidence": "BUILDING_GAP8:20230101_000000::RLB-620e812a-7a37-45da-9261-4c2785966a79::SEC=970920000030", "discovery_seed_count": 1, "walk_graph_node_id": 5238, "walk_graph_connector_m": 6.0835371283996169, "walk_graph_connector_min": 0.076044214104995206, "walk_graph_snap_ok": true, "population_reachable_5min": 3.7287443836929062, "population_additional_5min": 3.7287443836929062, "existing_catchment_overlap_population_5min": 0.0, "existing_catchment_overlap_pct_5min": 0.0, "population_reachable_8min": 41.750352587927502, "population_additional_8min": 41.750352587927502, "existing_catchment_overlap_population_8min": 0.0, "existing_catchment_overlap_pct_8min": 0.0, "population_reachable_10min": 120.71695721739852, "population_additional_10min": 111.66857406937632, "existing_catchment_overlap_population_10min": 9.0483831480221983, "existing_catchment_overlap_pct_10min": 7.4955361339393383, "population_reachable_12min": 269.92131860913696, "population_additional_12min": 145.37172900405108, "existing_catchment_overlap_population_12min": 124.54958960508584, "existing_catchment_overlap_pct_12min": 46.142924259139932, "nearest_official_stop_walk_network_m": 1134.9962483848224, "nearest_official_stop_cluster_id": "EX_042", "nearby_official_routes": "D184", "nearby_official_route_count": 1, "settlement_coverage_10min_count": 3, "settlement_additional_10min_count": 3, "settlement_additional_10min_names": "Campo|Cereda|Pianello", "destination_coverage_10min_count": 0, "destination_additional_10min_count": 0, "destination_additional_10min_names": "", "pruned_near_existing_stop": false, "pruned_no_access_gain": false, "candidate_id": "P2V2S_0081", "stop_type": "PROPOSED_STOP", "physical_status": "FIELD_CHECK_PENDING", "epistemic_status": "PROPOSED_STOP/FIELD_CHECK_PENDING", "road_eligibility_status": "DERIVED_GATE_D_BUS_ELIGIBLE", "candidate_status": "HYPOTHESIS_NOT_RECOMMENDATION", "population_spatial_model": "DASYMETRIC_BUILDING_SECTION_INTERSECTION_V2", "discovery_area_contract": "ANALYSIS_ENVELOPE_PLUS_INHERITED_150M_SITING_BUFFER", "potential_interchange_with_reference_gtfs": false, "interchange_evidence_status": "DERIVED_FROM_REFERENCE_PERIOD_GTFS_PROXIMITY_NOT_CURRENT_SERVICE_GUARANTEE", "discovery_sample_spacing_m_assumption": 150.0, "candidate_pruning_radius_m_assumption": 220.0, "source_gate_b_commit": "55d726564e13acca55ce563cc911263ac513acb0", "source_gate_d_commit": "7c220f7586d0f6e5cccd14a2d518be52eb1c4a55", "source_building_population_head": "29203ad64c3e32e6164ef6997933eb5c5ff2d5b1", "source_analysis_envelope_commit": "8a4608a60ecb367535814d965822e7502ae31eb9", "PRO_COM_T": "097092", "COMUNE": "La Valletta Brianza", "analysis_role": "UNSPECIFIED", "municipal_2021_resident_work_commuters_context": 1796.0, "municipal_2021_outbound_workers_context": 1521.0, "od_2021_context_status": "FACT_ISTAT_2021_WORK_COMMUTING_MUNICIPAL_ONLY_NOT_STOP_DEMAND" }, "geometry": { "type": "Point", "coordinates": [ 9.365976349378494, 45.732542626646051 ] } },
{ "type": "Feature", "properties": { "osm_way_id": "48540216", "highway": "residential", "road_uncertainty_flags": "missing_maxheight|missing_maxweight|missing_maxwidth|missing_width", "sample_index": 1, "x_utm32": 530853.61588891014, "y_utm32": 5064398.4156305222, "lon": 9.3965523094218426, "lat": 45.732453656431055, "discovery_evidence": "BUILDING_GAP8:20230101_000000::RLB-1bf34645-b30c-428e-ab56-7a6f53a873da::SEC=970580000010|BUILDING_GAP8:20230101_000000::RLB-28632bb1-325b-4247-a5c0-f8c43955a4c2::SEC=970580000010|BUILDING_GAP8:20230101_000000::RLB-75d50662-2ebb-46b7-b2fe-bb5ad9f04333::SEC=970580000010|BUILDING_GAP8:20230101_000000::RLB-7ecbf770-5a16-4949-b88d-385e1947180b::SEC=970580000010|BUILDING_GAP8:20230101_000000::RLB-e058226d-9733-44ff-9685-549e2ebb87ad::SEC=970580000025|BUILDING_GAP8:20230101_000000::RLB-e1e82acd-95fb-4748-93bd-477a92e8ee73::SEC=970580000010|BUILDING_GAP8:20230101_000000::RLB-e1e82acd-95fb-4748-93bd-477a92e8ee73::SEC=970580000025", "discovery_seed_count": 7, "walk_graph_node_id": 15671, "walk_graph_connector_m": 0.55248033429227927, "walk_graph_connector_min": 0.0069060041786534907, "walk_graph_snap_ok": true, "population_reachable_5min": 134.10076888426266, "population_additional_5min": 134.10076888426266, "existing_catchment_overlap_population_5min": 0.0, "existing_catchment_overlap_pct_5min": 0.0, "population_reachable_8min": 377.58276184171297, "population_additional_8min": 232.35321622350298, "existing_catchment_overlap_population_8min": 145.22954561821001, "existing_catchment_overlap_pct_8min": 38.46297031936323, "population_reachable_10min": 525.91997407665974, "population_additional_10min": 117.57217599836429, "existing_catchment_overlap_population_10min": 408.34779807829563, "existing_catchment_overlap_pct_10min": 77.644474103730005, "population_reachable_12min": 1169.6019927360092, "population_additional_12min": 35.54859625037016, "existing_catchment_overlap_population_12min": 1134.053396485639, "existing_catchment_overlap_pct_12min": 96.96062451405264, "nearest_official_stop_walk_network_m": 672.51837600208682, "nearest_official_stop_cluster_id": "EX_018", "nearby_official_routes": "D148", "nearby_official_route_count": 1, "settlement_coverage_10min_count": 2, "settlement_additional_10min_count": 1, "settlement_additional_10min_names": "Bruggione", "destination_coverage_10min_count": 1, "destination_additional_10min_count": 0, "destination_additional_10min_names": "", "pruned_near_existing_stop": false, "pruned_no_access_gain": false, "candidate_id": "P2V2S_0082", "stop_type": "PROPOSED_STOP", "physical_status": "FIELD_CHECK_PENDING", "epistemic_status": "PROPOSED_STOP/FIELD_CHECK_PENDING", "road_eligibility_status": "DERIVED_GATE_D_BUS_ELIGIBLE", "candidate_status": "HYPOTHESIS_NOT_RECOMMENDATION", "population_spatial_model": "DASYMETRIC_BUILDING_SECTION_INTERSECTION_V2", "discovery_area_contract": "ANALYSIS_ENVELOPE_PLUS_INHERITED_150M_SITING_BUFFER", "potential_interchange_with_reference_gtfs": false, "interchange_evidence_status": "DERIVED_FROM_REFERENCE_PERIOD_GTFS_PROXIMITY_NOT_CURRENT_SERVICE_GUARANTEE", "discovery_sample_spacing_m_assumption": 150.0, "candidate_pruning_radius_m_assumption": 220.0, "source_gate_b_commit": "55d726564e13acca55ce563cc911263ac513acb0", "source_gate_d_commit": "7c220f7586d0f6e5cccd14a2d518be52eb1c4a55", "source_building_population_head": "29203ad64c3e32e6164ef6997933eb5c5ff2d5b1", "source_analysis_envelope_commit": "8a4608a60ecb367535814d965822e7502ae31eb9", "PRO_COM_T": "097058", "COMUNE": "Olgiate Molgora", "analysis_role": "UNSPECIFIED", "municipal_2021_resident_work_commuters_context": 2287.0, "municipal_2021_outbound_workers_context": 1961.0, "od_2021_context_status": "FACT_ISTAT_2021_WORK_COMMUTING_MUNICIPAL_ONLY_NOT_STOP_DEMAND" }, "geometry": { "type": "Point", "coordinates": [ 9.396552309421843, 45.732453656431055 ] } },
{ "type": "Feature", "properties": { "osm_way_id": "689065455", "highway": "service", "road_uncertainty_flags": "missing_lanes|missing_maxheight|missing_maxweight|missing_maxwidth|missing_width", "sample_index": 0, "x_utm32": 530598.36411767302, "y_utm32": 5064400.3125012629, "lon": 9.3932718328241247, "lat": 45.732482068697927, "discovery_evidence": "BUILDING_GAP8:20230101_000000::RLB-131b59a0-e0c7-453f-89d0-ef3c6d60773c::SEC=970580000010|BUILDING_GAP8:20230101_000000::RLB-34d367bd-75bd-4a3c-9e63-656b3a1107e0::SEC=970580000010|BUILDING_GAP8:20230101_000000::RLB-615e5973-f05c-4598-a9bf-6e76a11e80c6::SEC=970580000010|BUILDING_GAP8:20230101_000000::RLB-7971eb67-fd4b-4ec5-8ad7-24d3babcc52b::SEC=970580000010|BUILDING_GAP8:20230101_000000::RLB-b9d695cc-5722-437a-875c-7483d1c42ca0::SEC=970580000010|BUILDING_GAP8:20230101_000000::RLB-be6bee49-7912-4a3c-bce0-51e628da2d02::SEC=970580000010|BUILDING_GAP8:20230101_000000::RLB-ec1e0d0d-8a5f-4540-a3af-3ebd2e671eb8::SEC=970580000010", "discovery_seed_count": 7, "walk_graph_node_id": 14606, "walk_graph_connector_m": 17.207554655860228, "walk_graph_connector_min": 0.21509443319825286, "walk_graph_snap_ok": true, "population_reachable_5min": 206.10257921778498, "population_additional_5min": 116.93690761220435, "existing_catchment_overlap_population_5min": 89.165671605580656, "existing_catchment_overlap_pct_5min": 43.262763592764578, "population_reachable_8min": 389.44628000796808, "population_additional_8min": 166.82277062661936, "existing_catchment_overlap_population_8min": 222.62350938134867, "existing_catchment_overlap_pct_8min": 57.164112435942073, "population_reachable_10min": 586.72319093991609, "population_additional_10min": 106.71141664146499, "existing_catchment_overlap_population_10min": 480.01177429845097, "existing_catchment_overlap_pct_10min": 81.812306332988811, "population_reachable_12min": 660.21270395226111, "population_additional_12min": 23.032283518147704, "existing_catchment_overlap_population_12min": 637.18042043411333, "existing_catchment_overlap_pct_12min": 96.511384379569094, "nearest_official_stop_walk_network_m": 715.66897948004816, "nearest_official_stop_cluster_id": "EX_023", "nearby_official_routes": "D184", "nearby_official_route_count": 1, "settlement_coverage_10min_count": 2, "settlement_additional_10min_count": 1, "settlement_additional_10min_names": "Bruggione", "destination_coverage_10min_count": 0, "destination_additional_10min_count": 0, "destination_additional_10min_names": "", "pruned_near_existing_stop": false, "pruned_no_access_gain": false, "candidate_id": "P2V2S_0083", "stop_type": "PROPOSED_STOP", "physical_status": "FIELD_CHECK_PENDING", "epistemic_status": "PROPOSED_STOP/FIELD_CHECK_PENDING", "road_eligibility_status": "DERIVED_GATE_D_BUS_ELIGIBLE", "candidate_status": "HYPOTHESIS_NOT_RECOMMENDATION", "population_spatial_model": "DASYMETRIC_BUILDING_SECTION_INTERSECTION_V2", "discovery_area_contract": "ANALYSIS_ENVELOPE_PLUS_INHERITED_150M_SITING_BUFFER", "potential_interchange_with_reference_gtfs": false, "interchange_evidence_status": "DERIVED_FROM_REFERENCE_PERIOD_GTFS_PROXIMITY_NOT_CURRENT_SERVICE_GUARANTEE", "discovery_sample_spacing_m_assumption": 150.0, "candidate_pruning_radius_m_assumption": 220.0, "source_gate_b_commit": "55d726564e13acca55ce563cc911263ac513acb0", "source_gate_d_commit": "7c220f7586d0f6e5cccd14a2d518be52eb1c4a55", "source_building_population_head": "29203ad64c3e32e6164ef6997933eb5c5ff2d5b1", "source_analysis_envelope_commit": "8a4608a60ecb367535814d965822e7502ae31eb9", "PRO_COM_T": "097058", "COMUNE": "Olgiate Molgora", "analysis_role": "UNSPECIFIED", "municipal_2021_resident_work_commuters_context": 2287.0, "municipal_2021_outbound_workers_context": 1961.0, "od_2021_context_status": "FACT_ISTAT_2021_WORK_COMMUTING_MUNICIPAL_ONLY_NOT_STOP_DEMAND" }, "geometry": { "type": "Point", "coordinates": [ 9.393271832824125, 45.732482068697927 ] } },
{ "type": "Feature", "properties": { "osm_way_id": "173641453", "highway": "unclassified", "road_uncertainty_flags": "missing_maxheight|missing_maxweight|missing_maxwidth|missing_width", "sample_index": 2, "x_utm32": 528852.72507780115, "y_utm32": 5064427.6808403181, "lon": 9.370837763441676, "lat": 45.732803423534008, "discovery_evidence": "BUILDING_GAP8:20230101_000000::RLB-1a9506df-c358-42ae-877c-fdd9618b61d2::SEC=970920000003|BUILDING_GAP8:20230101_000000::RLB-26d7a077-5567-4fc6-9fd3-01c7de8f2882::SEC=970920000003|BUILDING_GAP8:20230101_000000::RLB-3b5fcd29-e998-4fff-b281-c1c7926670b2::SEC=970920000003|BUILDING_GAP8:20230101_000000::RLB-92076492-4c47-4899-96f3-0c6188669eaf::SEC=970920000003|BUILDING_GAP8:20230101_000000::RLB-b141ab60-566f-4f46-bbec-4a515aba5d39::SEC=970920000003|BUILDING_GAP8:20230101_000000::RLB-b240dc60-9bd3-4d79-8ecf-9a20e7fa4ce6::SEC=970920000003|BUILDING_GAP8:20230101_000000::RLB-c04d0b9a-7d15-4f62-9ad2-20347b60ec82::SEC=970920000003|BUILDING_GAP8:20230101_000000::RLB-c184ae05-402b-4c6d-a7e3-441411b19785::SEC=970920000003|BUILDING_GAP8:20230101_000000::RLB-d89c7ceb-6107-4034-8562-0a3added490b::SEC=970920000003|BUILDING_GAP8:20230101_000000::RLB-eb2aff71-c7c1-46da-93b3-a1fd9b0a0282::SEC=970920000003|BUILDING_GAP8:20230101_000000::RLB-f4907cf3-4f10-4ec6-89f3-53b0b1b5e298::SEC=970920000003", "discovery_seed_count": 11, "walk_graph_node_id": 6693, "walk_graph_connector_m": 6.3249960408865737, "walk_graph_connector_min": 0.079062450511082169, "walk_graph_snap_ok": true, "population_reachable_5min": 434.3793056385021, "population_additional_5min": 412.91760758488147, "existing_catchment_overlap_population_5min": 21.461698053620644, "existing_catchment_overlap_pct_5min": 4.9407735992564605, "population_reachable_8min": 601.925712193496, "population_additional_8min": 320.85387991347341, "existing_catchment_overlap_population_8min": 281.07183228002242, "existing_catchment_overlap_pct_8min": 46.695435431020208, "population_reachable_10min": 916.20537962904723, "population_additional_10min": 240.89990856697261, "existing_catchment_overlap_population_10min": 675.30547106207484, "existing_catchment_overlap_pct_10min": 73.706778641213845, "population_reachable_12min": 1564.8885459424641, "population_additional_12min": 308.9591263247143, "existing_catchment_overlap_population_12min": 1255.9294196177498, "existing_catchment_overlap_pct_12min": 80.256796745953451, "nearest_official_stop_walk_network_m": 598.60669526321533, "nearest_official_stop_cluster_id": "EX_042", "nearby_official_routes": "D184", "nearby_official_route_count": 1, "settlement_coverage_10min_count": 3, "settlement_additional_10min_count": 2, "settlement_additional_10min_names": "Cereda|Crescenzaga", "destination_coverage_10min_count": 1, "destination_additional_10min_count": 0, "destination_additional_10min_names": "", "pruned_near_existing_stop": false, "pruned_no_access_gain": false, "candidate_id": "P2V2S_0084", "stop_type": "PROPOSED_STOP", "physical_status": "FIELD_CHECK_PENDING", "epistemic_status": "PROPOSED_STOP/FIELD_CHECK_PENDING", "road_eligibility_status": "DERIVED_GATE_D_BUS_ELIGIBLE", "candidate_status": "HYPOTHESIS_NOT_RECOMMENDATION", "population_spatial_model": "DASYMETRIC_BUILDING_SECTION_INTERSECTION_V2", "discovery_area_contract": "ANALYSIS_ENVELOPE_PLUS_INHERITED_150M_SITING_BUFFER", "potential_interchange_with_reference_gtfs": false, "interchange_evidence_status": "DERIVED_FROM_REFERENCE_PERIOD_GTFS_PROXIMITY_NOT_CURRENT_SERVICE_GUARANTEE", "discovery_sample_spacing_m_assumption": 150.0, "candidate_pruning_radius_m_assumption": 220.0, "source_gate_b_commit": "55d726564e13acca55ce563cc911263ac513acb0", "source_gate_d_commit": "7c220f7586d0f6e5cccd14a2d518be52eb1c4a55", "source_building_population_head": "29203ad64c3e32e6164ef6997933eb5c5ff2d5b1", "source_analysis_envelope_commit": "8a4608a60ecb367535814d965822e7502ae31eb9", "PRO_COM_T": "097092", "COMUNE": "La Valletta Brianza", "analysis_role": "UNSPECIFIED", "municipal_2021_resident_work_commuters_context": 1796.0, "municipal_2021_outbound_workers_context": 1521.0, "od_2021_context_status": "FACT_ISTAT_2021_WORK_COMMUTING_MUNICIPAL_ONLY_NOT_STOP_DEMAND" }, "geometry": { "type": "Point", "coordinates": [ 9.370837763441676, 45.732803423534008 ] } },
{ "type": "Feature", "properties": { "osm_way_id": "1463993537", "highway": "service", "road_uncertainty_flags": "missing_lanes|missing_maxheight|missing_maxweight|missing_maxwidth|missing_width", "sample_index": 0, "x_utm32": 532252.72241627832, "y_utm32": 5064435.4385704277, "lon": 9.4145366081672073, "lat": 45.732723055117191, "discovery_evidence": "BUILDING_GAP8:20230101_000000::RLB-2e80da95-f4a8-4c49-b554-8e6ad0f8d485::SEC=970120000052", "discovery_seed_count": 1, "walk_graph_node_id": 20354, "walk_graph_connector_m": 2.8001070430028934, "walk_graph_connector_min": 0.035001338037536169, "walk_graph_snap_ok": true, "population_reachable_5min": 18.870751845794931, "population_additional_5min": 18.870751845794931, "existing_catchment_overlap_population_5min": 0.0, "existing_catchment_overlap_pct_5min": 0.0, "population_reachable_8min": 123.31953988908037, "population_additional_8min": 3.4681216171226401, "existing_catchment_overlap_population_8min": 119.85141827195775, "existing_catchment_overlap_pct_8min": 97.187694974987721, "population_reachable_10min": 357.56888514333457, "population_additional_10min": 0.0, "existing_catchment_overlap_population_10min": 357.56888514333457, "existing_catchment_overlap_pct_10min": 100.0, "population_reachable_12min": 1340.396579169425, "population_additional_12min": 84.637212769046968, "existing_catchment_overlap_population_12min": 1255.759366400378, "existing_catchment_overlap_pct_12min": 93.685658850196987, "nearest_official_stop_walk_network_m": 653.93356881864372, "nearest_official_stop_cluster_id": "EX_035", "nearby_official_routes": "D148|D150|D185", "nearby_official_route_count": 3, "settlement_coverage_10min_count": 0, "settlement_additional_10min_count": 0, "settlement_additional_10min_names": "", "destination_coverage_10min_count": 0, "destination_additional_10min_count": 0, "destination_additional_10min_names": "", "pruned_near_existing_stop": false, "pruned_no_access_gain": false, "candidate_id": "P2V2S_0085", "stop_type": "PROPOSED_STOP", "physical_status": "FIELD_CHECK_PENDING", "epistemic_status": "PROPOSED_STOP/FIELD_CHECK_PENDING", "road_eligibility_status": "DERIVED_GATE_D_BUS_ELIGIBLE", "candidate_status": "HYPOTHESIS_NOT_RECOMMENDATION", "population_spatial_model": "DASYMETRIC_BUILDING_SECTION_INTERSECTION_V2", "discovery_area_contract": "ANALYSIS_ENVELOPE_PLUS_INHERITED_150M_SITING_BUFFER", "potential_interchange_with_reference_gtfs": false, "interchange_evidence_status": "DERIVED_FROM_REFERENCE_PERIOD_GTFS_PROXIMITY_NOT_CURRENT_SERVICE_GUARANTEE", "discovery_sample_spacing_m_assumption": 150.0, "candidate_pruning_radius_m_assumption": 220.0, "source_gate_b_commit": "55d726564e13acca55ce563cc911263ac513acb0", "source_gate_d_commit": "7c220f7586d0f6e5cccd14a2d518be52eb1c4a55", "source_building_population_head": "29203ad64c3e32e6164ef6997933eb5c5ff2d5b1", "source_analysis_envelope_commit": "8a4608a60ecb367535814d965822e7502ae31eb9", "PRO_COM_T": "097012", "COMUNE": "Calco", "analysis_role": "UNSPECIFIED", "municipal_2021_resident_work_commuters_context": 2173.0, "municipal_2021_outbound_workers_context": 1894.0, "od_2021_context_status": "FACT_ISTAT_2021_WORK_COMMUTING_MUNICIPAL_ONLY_NOT_STOP_DEMAND" }, "geometry": { "type": "Point", "coordinates": [ 9.414536608167207, 45.732723055117191 ] } },
{ "type": "Feature", "properties": { "osm_way_id": "136288680", "highway": "residential", "road_uncertainty_flags": "missing_lanes|missing_maxheight|missing_maxweight|missing_maxwidth|missing_width", "sample_index": 0, "x_utm32": 527825.32308097254, "y_utm32": 5064445.9348679362, "lon": 9.3576341035095574, "lat": 45.733009817062992, "discovery_evidence": "BUILDING_GAP8:20230101_000000::RLB-109296b3-2106-4c6f-88ad-20ccf1d4ea2f::SEC=970920000024|BUILDING_GAP8:20230101_000000::RLB-173543bf-3409-438a-9397-bd24129f49a6::SEC=970920000024|BUILDING_GAP8:20230101_000000::RLB-40062f6b-75ad-4e48-b763-0d769e76e227::SEC=970920000024|BUILDING_GAP8:20230101_000000::RLB-67bf76af-2a1d-40f1-b2f5-df7fb267f1c4::SEC=970920000024|BUILDING_GAP8:20230101_000000::RLB-7781cbb8-f9fa-4c5b-95fa-edb1dd30dfe9::SEC=970920000024|BUILDING_GAP8:20230101_000000::RLB-90657591-aff8-4380-9ab7-2775a916805c::SEC=970920000024|BUILDING_GAP8:20230101_000000::RLB-9fc41555-dd58-4a31-93bd-3bd00ce67020::SEC=970920000024|BUILDING_GAP8:20230101_000000::RLB-b30e029b-c458-4f72-a51d-49cd10cd3160::SEC=970920000024|BUILDING_GAP8:20230101_000000::RLB-b5a35833-97ad-44cf-8970-15742bc483f2::SEC=970920000024|BUILDING_GAP8:20230101_000000::RLB-be342d0f-f072-43c8-8a35-f04ff9609e64::SEC=970920000024", "discovery_seed_count": 10, "walk_graph_node_id": 3507, "walk_graph_connector_m": 38.270157360076482, "walk_graph_connector_min": 0.478376967000956, "walk_graph_snap_ok": true, "population_reachable_5min": 80.720893456818132, "population_additional_5min": 80.720893456818132, "existing_catchment_overlap_population_5min": 0.0, "existing_catchment_overlap_pct_5min": 0.0, "population_reachable_8min": 144.54654864467537, "population_additional_8min": 144.54654864467537, "existing_catchment_overlap_population_8min": 0.0, "existing_catchment_overlap_pct_8min": 0.0, "population_reachable_10min": 175.65238956870496, "population_additional_10min": 175.65238956870496, "existing_catchment_overlap_population_10min": 0.0, "existing_catchment_overlap_pct_10min": 0.0, "population_reachable_12min": 200.22578839385409, "population_additional_12min": 200.22578839385409, "existing_catchment_overlap_population_12min": 0.0, "existing_catchment_overlap_pct_12min": 0.0, "nearest_official_stop_walk_network_m": 1582.1184230917565, "nearest_official_stop_cluster_id": "EX_027", "nearby_official_routes": "D184", "nearby_official_route_count": 1, "settlement_coverage_10min_count": 1, "settlement_additional_10min_count": 1, "settlement_additional_10min_names": "Bernaga inferiore", "destination_coverage_10min_count": 0, "destination_additional_10min_count": 0, "destination_additional_10min_names": "", "pruned_near_existing_stop": false, "pruned_no_access_gain": false, "candidate_id": "P2V2S_0086", "stop_type": "PROPOSED_STOP", "physical_status": "FIELD_CHECK_PENDING", "epistemic_status": "PROPOSED_STOP/FIELD_CHECK_PENDING", "road_eligibility_status": "DERIVED_GATE_D_BUS_ELIGIBLE", "candidate_status": "HYPOTHESIS_NOT_RECOMMENDATION", "population_spatial_model": "DASYMETRIC_BUILDING_SECTION_INTERSECTION_V2", "discovery_area_contract": "ANALYSIS_ENVELOPE_PLUS_INHERITED_150M_SITING_BUFFER", "potential_interchange_with_reference_gtfs": false, "interchange_evidence_status": "DERIVED_FROM_REFERENCE_PERIOD_GTFS_PROXIMITY_NOT_CURRENT_SERVICE_GUARANTEE", "discovery_sample_spacing_m_assumption": 150.0, "candidate_pruning_radius_m_assumption": 220.0, "source_gate_b_commit": "55d726564e13acca55ce563cc911263ac513acb0", "source_gate_d_commit": "7c220f7586d0f6e5cccd14a2d518be52eb1c4a55", "source_building_population_head": "29203ad64c3e32e6164ef6997933eb5c5ff2d5b1", "source_analysis_envelope_commit": "8a4608a60ecb367535814d965822e7502ae31eb9", "PRO_COM_T": "097092", "COMUNE": "La Valletta Brianza", "analysis_role": "UNSPECIFIED", "municipal_2021_resident_work_commuters_context": 1796.0, "municipal_2021_outbound_workers_context": 1521.0, "od_2021_context_status": "FACT_ISTAT_2021_WORK_COMMUTING_MUNICIPAL_ONLY_NOT_STOP_DEMAND" }, "geometry": { "type": "Point", "coordinates": [ 9.357634103509557, 45.733009817062992 ] } },
{ "type": "Feature", "properties": { "osm_way_id": "1387597650", "highway": "service", "road_uncertainty_flags": "missing_lanes|missing_maxheight|missing_maxweight|missing_maxwidth|missing_width", "sample_index": 0, "x_utm32": 533871.22689905949, "y_utm32": 5064509.9701184761, "lon": 9.4353434835891488, "lat": 45.733316509047221, "discovery_evidence": "BUILDING_GAP8:20230101_000000::RLB-a60e3a3b-1fe9-455a-b255-7169d2fa821b::SEC=970100000003|BUILDING_GAP8:20230101_000000::RLB-e3675bba-6658-4097-a74c-467ebf0ef6ac::SEC=970100000003|BUILDING_GAP8:20230101_000000::RLB-ff778c40-ab50-4deb-96ce-f86ced80cf68::SEC=970100000004", "discovery_seed_count": 3, "walk_graph_node_id": 24914, "walk_graph_connector_m": 1.2744629431433401, "walk_graph_connector_min": 0.015930786789291752, "walk_graph_snap_ok": true, "population_reachable_5min": 71.021799711064546, "population_additional_5min": 8.5732167108773467, "existing_catchment_overlap_population_5min": 62.448583000187199, "existing_catchment_overlap_pct_5min": 87.928753219778358, "population_reachable_8min": 347.2809139545331, "population_additional_8min": 9.0441680615248004, "existing_catchment_overlap_population_8min": 338.23674589300833, "existing_catchment_overlap_pct_8min": 97.39571980546306, "population_reachable_10min": 454.28004073930703, "population_additional_10min": 5.5170631030059205, "existing_catchment_overlap_population_10min": 448.76297763630112, "existing_catchment_overlap_pct_10min": 98.785536979782933, "population_reachable_12min": 574.99193221706184, "population_additional_12min": 3.1608514186762773, "existing_catchment_overlap_population_12min": 571.83108079838553, "existing_catchment_overlap_pct_12min": 99.450278996700234, "nearest_official_stop_walk_network_m": 432.54484674647637, "nearest_official_stop_cluster_id": "EX_004", "nearby_official_routes": "D148|D150|D185", "nearby_official_route_count": 3, "settlement_coverage_10min_count": 1, "settlement_additional_10min_count": 0, "settlement_additional_10min_names": "", "destination_coverage_10min_count": 0, "destination_additional_10min_count": 0, "destination_additional_10min_names": "", "pruned_near_existing_stop": false, "pruned_no_access_gain": false, "candidate_id": "P2V2S_0087", "stop_type": "PROPOSED_STOP", "physical_status": "FIELD_CHECK_PENDING", "epistemic_status": "PROPOSED_STOP/FIELD_CHECK_PENDING", "road_eligibility_status": "DERIVED_GATE_D_BUS_ELIGIBLE", "candidate_status": "HYPOTHESIS_NOT_RECOMMENDATION", "population_spatial_model": "DASYMETRIC_BUILDING_SECTION_INTERSECTION_V2", "discovery_area_contract": "ANALYSIS_ENVELOPE_PLUS_INHERITED_150M_SITING_BUFFER", "potential_interchange_with_reference_gtfs": false, "interchange_evidence_status": "DERIVED_FROM_REFERENCE_PERIOD_GTFS_PROXIMITY_NOT_CURRENT_SERVICE_GUARANTEE", "discovery_sample_spacing_m_assumption": 150.0, "candidate_pruning_radius_m_assumption": 220.0, "source_gate_b_commit": "55d726564e13acca55ce563cc911263ac513acb0", "source_gate_d_commit": "7c220f7586d0f6e5cccd14a2d518be52eb1c4a55", "source_building_population_head": "29203ad64c3e32e6164ef6997933eb5c5ff2d5b1", "source_analysis_envelope_commit": "8a4608a60ecb367535814d965822e7502ae31eb9", "PRO_COM_T": "097010", "COMUNE": "Brivio", "analysis_role": "UNSPECIFIED", "municipal_2021_resident_work_commuters_context": 1662.0, "municipal_2021_outbound_workers_context": 1339.0, "od_2021_context_status": "FACT_ISTAT_2021_WORK_COMMUTING_MUNICIPAL_ONLY_NOT_STOP_DEMAND" }, "geometry": { "type": "Point", "coordinates": [ 9.435343483589149, 45.733316509047221 ] } },
{ "type": "Feature", "properties": { "osm_way_id": "55503485", "highway": "residential", "road_uncertainty_flags": "missing_lanes|missing_maxheight|missing_maxweight|missing_maxwidth|missing_width", "sample_index": 6, "x_utm32": 534616.86030286725, "y_utm32": 5064512.6012338893, "lon": 9.4449269344412397, "lat": 45.733303272507506, "discovery_evidence": "BUILDING_GAP8:20230101_000000::RLB-22fd8cfe-ff30-4026-8621-887009443c36::SEC=970100000003", "discovery_seed_count": 1, "walk_graph_node_id": 27068, "walk_graph_connector_m": 5.4948430435850151, "walk_graph_connector_min": 0.068685538044812686, "walk_graph_snap_ok": true, "population_reachable_5min": 27.887754354496533, "population_additional_5min": 27.887754354496533, "existing_catchment_overlap_population_5min": 0.0, "existing_catchment_overlap_pct_5min": 0.0, "population_reachable_8min": 127.04364261373712, "population_additional_8min": 84.289858834439258, "existing_catchment_overlap_population_8min": 42.753783779297862, "existing_catchment_overlap_pct_8min": 33.652832128945057, "population_reachable_10min": 186.92866546511505, "population_additional_10min": 65.532650125248892, "existing_catchment_overlap_population_10min": 121.3960153398662, "existing_catchment_overlap_pct_10min": 64.94242872692061, "population_reachable_12min": 282.49133682531215, "population_additional_12min": 35.832704548621571, "existing_catchment_overlap_population_12min": 246.65863227669053, "existing_catchment_overlap_pct_12min": 87.315467811751006, "nearest_official_stop_walk_network_m": 1168.5258500615732, "nearest_official_stop_cluster_id": "EX_009", "nearby_official_routes": "D185", "nearby_official_route_count": 1, "settlement_coverage_10min_count": 0, "settlement_additional_10min_count": 0, "settlement_additional_10min_names": "", "destination_coverage_10min_count": 0, "destination_additional_10min_count": 0, "destination_additional_10min_names": "", "pruned_near_existing_stop": false, "pruned_no_access_gain": false, "candidate_id": "P2V2S_0088", "stop_type": "PROPOSED_STOP", "physical_status": "FIELD_CHECK_PENDING", "epistemic_status": "PROPOSED_STOP/FIELD_CHECK_PENDING", "road_eligibility_status": "DERIVED_GATE_D_BUS_ELIGIBLE", "candidate_status": "HYPOTHESIS_NOT_RECOMMENDATION", "population_spatial_model": "DASYMETRIC_BUILDING_SECTION_INTERSECTION_V2", "discovery_area_contract": "ANALYSIS_ENVELOPE_PLUS_INHERITED_150M_SITING_BUFFER", "potential_interchange_with_reference_gtfs": false, "interchange_evidence_status": "DERIVED_FROM_REFERENCE_PERIOD_GTFS_PROXIMITY_NOT_CURRENT_SERVICE_GUARANTEE", "discovery_sample_spacing_m_assumption": 150.0, "candidate_pruning_radius_m_assumption": 220.0, "source_gate_b_commit": "55d726564e13acca55ce563cc911263ac513acb0", "source_gate_d_commit": "7c220f7586d0f6e5cccd14a2d518be52eb1c4a55", "source_building_population_head": "29203ad64c3e32e6164ef6997933eb5c5ff2d5b1", "source_analysis_envelope_commit": "8a4608a60ecb367535814d965822e7502ae31eb9", "PRO_COM_T": "097010", "COMUNE": "Brivio", "analysis_role": "UNSPECIFIED", "municipal_2021_resident_work_commuters_context": 1662.0, "municipal_2021_outbound_workers_context": 1339.0, "od_2021_context_status": "FACT_ISTAT_2021_WORK_COMMUTING_MUNICIPAL_ONLY_NOT_STOP_DEMAND" }, "geometry": { "type": "Point", "coordinates": [ 9.44492693444124, 45.733303272507506 ] } },
{ "type": "Feature", "properties": { "osm_way_id": "72100681", "highway": "residential", "road_uncertainty_flags": "missing_lanes|missing_maxheight|missing_maxweight|missing_maxwidth|missing_width", "sample_index": 0, "x_utm32": 527459.601634152, "y_utm32": 5064577.6993371369, "lon": 9.3529411096245507, "lat": 45.734210392424224, "discovery_evidence": "BUILDING_GAP8:20230101_000000::RLB-076cb26e-0fa3-4103-a18e-487098ee7155::SEC=970920000024|BUILDING_GAP8:20230101_000000::RLB-8d951b65-5575-435f-a577-42deaa6dd817::SEC=970920000024", "discovery_seed_count": 2, "walk_graph_node_id": 2554, "walk_graph_connector_m": 7.1240286818942442, "walk_graph_connector_min": 0.089050358523678055, "walk_graph_snap_ok": true, "population_reachable_5min": 16.196822453560131, "population_additional_5min": 16.196822453560131, "existing_catchment_overlap_population_5min": 0.0, "existing_catchment_overlap_pct_5min": 0.0, "population_reachable_8min": 81.667296634219056, "population_additional_8min": 81.667296634219056, "existing_catchment_overlap_population_8min": 0.0, "existing_catchment_overlap_pct_8min": 0.0, "population_reachable_10min": 136.60907910979682, "population_additional_10min": 136.60907910979682, "existing_catchment_overlap_population_10min": 0.0, "existing_catchment_overlap_pct_10min": 0.0, "population_reachable_12min": 178.14684775522488, "population_additional_12min": 178.14684775522488, "existing_catchment_overlap_population_12min": 0.0, "existing_catchment_overlap_pct_12min": 0.0, "nearest_official_stop_walk_network_m": 1514.849654014407, "nearest_official_stop_cluster_id": "EX_027", "nearby_official_routes": "D184", "nearby_official_route_count": 1, "settlement_coverage_10min_count": 1, "settlement_additional_10min_count": 1, "settlement_additional_10min_names": "Bernaga inferiore", "destination_coverage_10min_count": 0, "destination_additional_10min_count": 0, "destination_additional_10min_names": "", "pruned_near_existing_stop": false, "pruned_no_access_gain": false, "candidate_id": "P2V2S_0089", "stop_type": "PROPOSED_STOP", "physical_status": "FIELD_CHECK_PENDING", "epistemic_status": "PROPOSED_STOP/FIELD_CHECK_PENDING", "road_eligibility_status": "DERIVED_GATE_D_BUS_ELIGIBLE", "candidate_status": "HYPOTHESIS_NOT_RECOMMENDATION", "population_spatial_model": "DASYMETRIC_BUILDING_SECTION_INTERSECTION_V2", "discovery_area_contract": "ANALYSIS_ENVELOPE_PLUS_INHERITED_150M_SITING_BUFFER", "potential_interchange_with_reference_gtfs": false, "interchange_evidence_status": "DERIVED_FROM_REFERENCE_PERIOD_GTFS_PROXIMITY_NOT_CURRENT_SERVICE_GUARANTEE", "discovery_sample_spacing_m_assumption": 150.0, "candidate_pruning_radius_m_assumption": 220.0, "source_gate_b_commit": "55d726564e13acca55ce563cc911263ac513acb0", "source_gate_d_commit": "7c220f7586d0f6e5cccd14a2d518be52eb1c4a55", "source_building_population_head": "29203ad64c3e32e6164ef6997933eb5c5ff2d5b1", "source_analysis_envelope_commit": "8a4608a60ecb367535814d965822e7502ae31eb9", "PRO_COM_T": "097092", "COMUNE": "La Valletta Brianza", "analysis_role": "UNSPECIFIED", "municipal_2021_resident_work_commuters_context": 1796.0, "municipal_2021_outbound_workers_context": 1521.0, "od_2021_context_status": "FACT_ISTAT_2021_WORK_COMMUTING_MUNICIPAL_ONLY_NOT_STOP_DEMAND" }, "geometry": { "type": "Point", "coordinates": [ 9.352941109624551, 45.734210392424224 ] } },
{ "type": "Feature", "properties": { "osm_way_id": "173605059", "highway": "service", "road_uncertainty_flags": "missing_lanes|missing_maxheight|missing_maxweight|missing_maxwidth|missing_width", "sample_index": 0, "x_utm32": 528186.65832820372, "y_utm32": 5064583.9247482615, "lon": 9.3622862209060482, "lat": 45.734237175460137, "discovery_evidence": "BUILDING_GAP8:20230101_000000::RLB-027662e9-1612-4d51-8a4d-241af31c6563::SEC=970920000030|BUILDING_GAP8:20230101_000000::RLB-323f952b-18c6-44c7-9dd1-99c7354ff6f3::SEC=970920000030", "discovery_seed_count": 2, "walk_graph_node_id": 4432, "walk_graph_connector_m": 2.0384188941601353, "walk_graph_connector_min": 0.025480236177001691, "walk_graph_snap_ok": true, "population_reachable_5min": 33.737510196148293, "population_additional_5min": 33.737510196148293, "existing_catchment_overlap_population_5min": 0.0, "existing_catchment_overlap_pct_5min": 0.0, "population_reachable_8min": 152.67316488715247, "population_additional_8min": 112.16603813988256, "existing_catchment_overlap_population_8min": 40.507126747269915, "existing_catchment_overlap_pct_8min": 26.53192312952347, "population_reachable_10min": 212.15889980848925, "population_additional_10min": 105.3399560205302, "existing_catchment_overlap_population_10min": 106.81894378795906, "existing_catchment_overlap_pct_10min": 50.348556616942275, "population_reachable_12min": 379.5933904128064, "population_additional_12min": 104.98369312991935, "existing_catchment_overlap_population_12min": 274.609697282887, "existing_catchment_overlap_pct_12min": 72.343118773551339, "nearest_official_stop_walk_network_m": 932.26638746358378, "nearest_official_stop_cluster_id": "EX_027", "nearby_official_routes": "D184", "nearby_official_route_count": 1, "settlement_coverage_10min_count": 2, "settlement_additional_10min_count": 2, "settlement_additional_10min_names": "Campo|Pianello", "destination_coverage_10min_count": 1, "destination_additional_10min_count": 1, "destination_additional_10min_names": "OSM amenity:townhall 143996275", "pruned_near_existing_stop": false, "pruned_no_access_gain": false, "candidate_id": "P2V2S_0090", "stop_type": "PROPOSED_STOP", "physical_status": "FIELD_CHECK_PENDING", "epistemic_status": "PROPOSED_STOP/FIELD_CHECK_PENDING", "road_eligibility_status": "DERIVED_GATE_D_BUS_ELIGIBLE", "candidate_status": "HYPOTHESIS_NOT_RECOMMENDATION", "population_spatial_model": "DASYMETRIC_BUILDING_SECTION_INTERSECTION_V2", "discovery_area_contract": "ANALYSIS_ENVELOPE_PLUS_INHERITED_150M_SITING_BUFFER", "potential_interchange_with_reference_gtfs": false, "interchange_evidence_status": "DERIVED_FROM_REFERENCE_PERIOD_GTFS_PROXIMITY_NOT_CURRENT_SERVICE_GUARANTEE", "discovery_sample_spacing_m_assumption": 150.0, "candidate_pruning_radius_m_assumption": 220.0, "source_gate_b_commit": "55d726564e13acca55ce563cc911263ac513acb0", "source_gate_d_commit": "7c220f7586d0f6e5cccd14a2d518be52eb1c4a55", "source_building_population_head": "29203ad64c3e32e6164ef6997933eb5c5ff2d5b1", "source_analysis_envelope_commit": "8a4608a60ecb367535814d965822e7502ae31eb9", "PRO_COM_T": "097092", "COMUNE": "La Valletta Brianza", "analysis_role": "UNSPECIFIED", "municipal_2021_resident_work_commuters_context": 1796.0, "municipal_2021_outbound_workers_context": 1521.0, "od_2021_context_status": "FACT_ISTAT_2021_WORK_COMMUTING_MUNICIPAL_ONLY_NOT_STOP_DEMAND" }, "geometry": { "type": "Point", "coordinates": [ 9.362286220906048, 45.734237175460137 ] } },
{ "type": "Feature", "properties": { "osm_way_id": "682102304", "highway": "residential", "road_uncertainty_flags": "missing_lanes|missing_maxheight|missing_maxweight|missing_maxwidth|missing_width", "sample_index": 0, "x_utm32": 531912.61975577928, "y_utm32": 5064628.5590676144, "lon": 9.4101781875071104, "lat": 45.734477018979334, "discovery_evidence": "BUILDING_GAP8:20230101_000000::RLB-264dd9f5-6655-407d-a588-8ebd433b23cf::SEC=970580000001|BUILDING_GAP8:20230101_000000::RLB-d16fd08a-7d0c-48aa-b36c-1dedc43e1529::SEC=970580000001|BUILDING_GAP8:20230101_000000::RLB-e78fa6c2-9521-49dd-8c5a-7096219cf9a3::SEC=970580000001|BUILDING_GAP8:20230101_000000::RLB-e85ac15d-c73f-42f1-bda4-841855b270bb::SEC=970580000001", "discovery_seed_count": 4, "walk_graph_node_id": 19336, "walk_graph_connector_m": 19.486315990768183, "walk_graph_connector_min": 0.2435789498846023, "walk_graph_snap_ok": true, "population_reachable_5min": 144.30720309834808, "population_additional_5min": 107.21071708697012, "existing_catchment_overlap_population_5min": 37.096486011377969, "existing_catchment_overlap_pct_5min": 25.706607303653449, "population_reachable_8min": 583.77095826398784, "population_additional_8min": 106.66187713856273, "existing_catchment_overlap_population_8min": 477.10908112542512, "existing_catchment_overlap_pct_8min": 81.728814078769403, "population_reachable_10min": 1240.3789867812047, "population_additional_10min": 5.1085320751522296, "existing_catchment_overlap_population_10min": 1235.2704547060528, "existing_catchment_overlap_pct_10min": 99.588147483181032, "population_reachable_12min": 1920.5801478594335, "population_additional_12min": 0.0, "existing_catchment_overlap_population_12min": 1920.5801478594335, "existing_catchment_overlap_pct_12min": 100.0, "nearest_official_stop_walk_network_m": 569.33640557700085, "nearest_official_stop_cluster_id": "EX_011", "nearby_official_routes": "D184|D185", "nearby_official_route_count": 2, "settlement_coverage_10min_count": 2, "settlement_additional_10min_count": 0, "settlement_additional_10min_names": "", "destination_coverage_10min_count": 1, "destination_additional_10min_count": 0, "destination_additional_10min_names": "", "pruned_near_existing_stop": false, "pruned_no_access_gain": false, "candidate_id": "P2V2S_0091", "stop_type": "PROPOSED_STOP", "physical_status": "FIELD_CHECK_PENDING", "epistemic_status": "PROPOSED_STOP/FIELD_CHECK_PENDING", "road_eligibility_status": "DERIVED_GATE_D_BUS_ELIGIBLE", "candidate_status": "HYPOTHESIS_NOT_RECOMMENDATION", "population_spatial_model": "DASYMETRIC_BUILDING_SECTION_INTERSECTION_V2", "discovery_area_contract": "ANALYSIS_ENVELOPE_PLUS_INHERITED_150M_SITING_BUFFER", "potential_interchange_with_reference_gtfs": false, "interchange_evidence_status": "DERIVED_FROM_REFERENCE_PERIOD_GTFS_PROXIMITY_NOT_CURRENT_SERVICE_GUARANTEE", "discovery_sample_spacing_m_assumption": 150.0, "candidate_pruning_radius_m_assumption": 220.0, "source_gate_b_commit": "55d726564e13acca55ce563cc911263ac513acb0", "source_gate_d_commit": "7c220f7586d0f6e5cccd14a2d518be52eb1c4a55", "source_building_population_head": "29203ad64c3e32e6164ef6997933eb5c5ff2d5b1", "source_analysis_envelope_commit": "8a4608a60ecb367535814d965822e7502ae31eb9", "PRO_COM_T": "097058", "COMUNE": "Olgiate Molgora", "analysis_role": "UNSPECIFIED", "municipal_2021_resident_work_commuters_context": 2287.0, "municipal_2021_outbound_workers_context": 1961.0, "od_2021_context_status": "FACT_ISTAT_2021_WORK_COMMUTING_MUNICIPAL_ONLY_NOT_STOP_DEMAND" }, "geometry": { "type": "Point", "coordinates": [ 9.41017818750711, 45.734477018979334 ] } },
{ "type": "Feature", "properties": { "osm_way_id": "193940021", "highway": "unclassified", "road_uncertainty_flags": "missing_lanes|missing_maxheight|missing_maxweight|missing_maxwidth|missing_width", "sample_index": 0, "x_utm32": 530816.32413817255, "y_utm32": 5064654.6254148828, "lon": 9.3960893229299423, "lat": 45.734761348088931, "discovery_evidence": "BUILDING_GAP8:20230101_000000::RLB-97896cc2-1659-4599-8370-5e26b4807c64::SEC=970580000025", "discovery_seed_count": 1, "walk_graph_node_id": 15522, "walk_graph_connector_m": 5.4439624679758341, "walk_graph_connector_min": 0.06804953084969792, "walk_graph_snap_ok": true, "population_reachable_5min": 145.71849547086154, "population_additional_5min": 145.71849547086154, "existing_catchment_overlap_population_5min": 0.0, "existing_catchment_overlap_pct_5min": 0.0, "population_reachable_8min": 368.16207784263844, "population_additional_8min": 274.55187912105083, "existing_catchment_overlap_population_8min": 93.610198721587622, "existing_catchment_overlap_pct_8min": 25.426355498134416, "population_reachable_10min": 547.02003576531115, "population_additional_10min": 151.38688842791115, "existing_catchment_overlap_population_10min": 395.63314733739998, "existing_catchment_overlap_pct_10min": 72.325165710591833, "population_reachable_12min": 712.80146666492078, "population_additional_12min": 118.42999731679622, "existing_catchment_overlap_population_12min": 594.37146934812449, "existing_catchment_overlap_pct_12min": 83.385275864973934, "nearest_official_stop_walk_network_m": 975.66973009767946, "nearest_official_stop_cluster_id": "EX_023", "nearby_official_routes": "D184", "nearby_official_route_count": 1, "settlement_coverage_10min_count": 2, "settlement_additional_10min_count": 1, "settlement_additional_10min_names": "Bruggione", "destination_coverage_10min_count": 0, "destination_additional_10min_count": 0, "destination_additional_10min_names": "", "pruned_near_existing_stop": false, "pruned_no_access_gain": false, "candidate_id": "P2V2S_0092", "stop_type": "PROPOSED_STOP", "physical_status": "FIELD_CHECK_PENDING", "epistemic_status": "PROPOSED_STOP/FIELD_CHECK_PENDING", "road_eligibility_status": "DERIVED_GATE_D_BUS_ELIGIBLE", "candidate_status": "HYPOTHESIS_NOT_RECOMMENDATION", "population_spatial_model": "DASYMETRIC_BUILDING_SECTION_INTERSECTION_V2", "discovery_area_contract": "ANALYSIS_ENVELOPE_PLUS_INHERITED_150M_SITING_BUFFER", "potential_interchange_with_reference_gtfs": false, "interchange_evidence_status": "DERIVED_FROM_REFERENCE_PERIOD_GTFS_PROXIMITY_NOT_CURRENT_SERVICE_GUARANTEE", "discovery_sample_spacing_m_assumption": 150.0, "candidate_pruning_radius_m_assumption": 220.0, "source_gate_b_commit": "55d726564e13acca55ce563cc911263ac513acb0", "source_gate_d_commit": "7c220f7586d0f6e5cccd14a2d518be52eb1c4a55", "source_building_population_head": "29203ad64c3e32e6164ef6997933eb5c5ff2d5b1", "source_analysis_envelope_commit": "8a4608a60ecb367535814d965822e7502ae31eb9", "PRO_COM_T": "097058", "COMUNE": "Olgiate Molgora", "analysis_role": "UNSPECIFIED", "municipal_2021_resident_work_commuters_context": 2287.0, "municipal_2021_outbound_workers_context": 1961.0, "od_2021_context_status": "FACT_ISTAT_2021_WORK_COMMUTING_MUNICIPAL_ONLY_NOT_STOP_DEMAND" }, "geometry": { "type": "Point", "coordinates": [ 9.396089322929942, 45.734761348088931 ] } },
{ "type": "Feature", "properties": { "osm_way_id": "194241936", "highway": "residential", "road_uncertainty_flags": "missing_maxheight|missing_maxweight|missing_maxwidth|missing_width", "sample_index": 0, "x_utm32": 530473.93015056406, "y_utm32": 5064668.7945575835, "lon": 9.3916894500017616, "lat": 45.734904050006747, "discovery_evidence": "BUILDING_GAP8:20230101_000000::RLB-0c33c8c2-add4-41f2-a3dd-7117a7b1b1b4::SEC=970580000010|SETTLEMENT_GAP8:OSM_POINT_2101450267", "discovery_seed_count": 2, "walk_graph_node_id": 14147, "walk_graph_connector_m": 3.065842353178331, "walk_graph_connector_min": 0.038323029414729134, "walk_graph_snap_ok": true, "population_reachable_5min": 298.73825730342611, "population_additional_5min": 152.48697523528281, "existing_catchment_overlap_population_5min": 146.25128206814327, "existing_catchment_overlap_pct_5min": 48.956328321751236, "population_reachable_8min": 572.39569168825187, "population_additional_8min": 227.88526213135717, "existing_catchment_overlap_population_8min": 344.51042955689468, "existing_catchment_overlap_pct_8min": 60.187460276086071, "population_reachable_10min": 721.09817486255895, "population_additional_10min": 117.57217599836429, "existing_catchment_overlap_population_10min": 603.52599886419466, "existing_catchment_overlap_pct_10min": 83.695399586779772, "population_reachable_12min": 863.63265977758635, "population_additional_12min": 37.920552357524379, "existing_catchment_overlap_population_12min": 825.71210742006201, "existing_catchment_overlap_pct_12min": 95.609180369893593, "nearest_official_stop_walk_network_m": 616.46328293492707, "nearest_official_stop_cluster_id": "EX_037", "nearby_official_routes": "D148", "nearby_official_route_count": 1, "settlement_coverage_10min_count": 5, "settlement_additional_10min_count": 1, "settlement_additional_10min_names": "Bruggione", "destination_coverage_10min_count": 0, "destination_additional_10min_count": 0, "destination_additional_10min_names": "", "pruned_near_existing_stop": false, "pruned_no_access_gain": false, "candidate_id": "P2V2S_0093", "stop_type": "PROPOSED_STOP", "physical_status": "FIELD_CHECK_PENDING", "epistemic_status": "PROPOSED_STOP/FIELD_CHECK_PENDING", "road_eligibility_status": "DERIVED_GATE_D_BUS_ELIGIBLE", "candidate_status": "HYPOTHESIS_NOT_RECOMMENDATION", "population_spatial_model": "DASYMETRIC_BUILDING_SECTION_INTERSECTION_V2", "discovery_area_contract": "ANALYSIS_ENVELOPE_PLUS_INHERITED_150M_SITING_BUFFER", "potential_interchange_with_reference_gtfs": false, "interchange_evidence_status": "DERIVED_FROM_REFERENCE_PERIOD_GTFS_PROXIMITY_NOT_CURRENT_SERVICE_GUARANTEE", "discovery_sample_spacing_m_assumption": 150.0, "candidate_pruning_radius_m_assumption": 220.0, "source_gate_b_commit": "55d726564e13acca55ce563cc911263ac513acb0", "source_gate_d_commit": "7c220f7586d0f6e5cccd14a2d518be52eb1c4a55", "source_building_population_head": "29203ad64c3e32e6164ef6997933eb5c5ff2d5b1", "source_analysis_envelope_commit": "8a4608a60ecb367535814d965822e7502ae31eb9", "PRO_COM_T": "097058", "COMUNE": "Olgiate Molgora", "analysis_role": "UNSPECIFIED", "municipal_2021_resident_work_commuters_context": 2287.0, "municipal_2021_outbound_workers_context": 1961.0, "od_2021_context_status": "FACT_ISTAT_2021_WORK_COMMUTING_MUNICIPAL_ONLY_NOT_STOP_DEMAND" }, "geometry": { "type": "Point", "coordinates": [ 9.391689450001762, 45.734904050006747 ] } },
{ "type": "Feature", "properties": { "osm_way_id": "220010350", "highway": "service", "road_uncertainty_flags": "missing_lanes|missing_maxheight|missing_maxweight|missing_maxwidth|missing_width", "sample_index": 0, "x_utm32": 528557.09279714664, "y_utm32": 5064673.8905343264, "lon": 9.367052662718919, "lat": 45.73503172324547, "discovery_evidence": "BUILDING_GAP8:20230101_000000::RLB-620e812a-7a37-45da-9261-4c2785966a79::SEC=970920000030", "discovery_seed_count": 1, "walk_graph_node_id": 5464, "walk_graph_connector_m": 10.361731116643606, "walk_graph_connector_min": 0.12952163895804508, "walk_graph_snap_ok": true, "population_reachable_5min": 46.047570809748478, "population_additional_5min": 41.692580278708178, "existing_catchment_overlap_population_5min": 4.3549905310403014, "existing_catchment_overlap_pct_5min": 9.4575901713328392, "population_reachable_8min": 460.44684006561738, "population_additional_8min": 6.7699157962654191, "existing_catchment_overlap_population_8min": 453.6769242693519, "existing_catchment_overlap_pct_8min": 98.529707404376865, "population_reachable_10min": 1276.3232127242122, "population_additional_10min": 14.194026429909119, "existing_catchment_overlap_population_10min": 1262.1291862943033, "existing_catchment_overlap_pct_10min": 98.887897180870596, "population_reachable_12min": 2189.1448986644414, "population_additional_12min": 23.059367074462358, "existing_catchment_overlap_population_12min": 2166.0855315899789, "existing_catchment_overlap_pct_12min": 98.946649575890092, "nearest_official_stop_walk_network_m": 659.92855283669826, "nearest_official_stop_cluster_id": "EX_042", "nearby_official_routes": "D184", "nearby_official_route_count": 1, "settlement_coverage_10min_count": 0, "settlement_additional_10min_count": 0, "settlement_additional_10min_names": "", "destination_coverage_10min_count": 0, "destination_additional_10min_count": 0, "destination_additional_10min_names": "", "pruned_near_existing_stop": false, "pruned_no_access_gain": false, "candidate_id": "P2V2S_0094", "stop_type": "PROPOSED_STOP", "physical_status": "FIELD_CHECK_PENDING", "epistemic_status": "PROPOSED_STOP/FIELD_CHECK_PENDING", "road_eligibility_status": "DERIVED_GATE_D_BUS_ELIGIBLE", "candidate_status": "HYPOTHESIS_NOT_RECOMMENDATION", "population_spatial_model": "DASYMETRIC_BUILDING_SECTION_INTERSECTION_V2", "discovery_area_contract": "ANALYSIS_ENVELOPE_PLUS_INHERITED_150M_SITING_BUFFER", "potential_interchange_with_reference_gtfs": false, "interchange_evidence_status": "DERIVED_FROM_REFERENCE_PERIOD_GTFS_PROXIMITY_NOT_CURRENT_SERVICE_GUARANTEE", "discovery_sample_spacing_m_assumption": 150.0, "candidate_pruning_radius_m_assumption": 220.0, "source_gate_b_commit": "55d726564e13acca55ce563cc911263ac513acb0", "source_gate_d_commit": "7c220f7586d0f6e5cccd14a2d518be52eb1c4a55", "source_building_population_head": "29203ad64c3e32e6164ef6997933eb5c5ff2d5b1", "source_analysis_envelope_commit": "8a4608a60ecb367535814d965822e7502ae31eb9", "PRO_COM_T": "097092", "COMUNE": "La Valletta Brianza", "analysis_role": "UNSPECIFIED", "municipal_2021_resident_work_commuters_context": 1796.0, "municipal_2021_outbound_workers_context": 1521.0, "od_2021_context_status": "FACT_ISTAT_2021_WORK_COMMUTING_MUNICIPAL_ONLY_NOT_STOP_DEMAND" }, "geometry": { "type": "Point", "coordinates": [ 9.367052662718919, 45.73503172324547 ] } },
{ "type": "Feature", "properties": { "osm_way_id": "142811857", "highway": "tertiary", "road_uncertainty_flags": "missing_lanes|missing_maxheight|missing_maxweight|missing_maxwidth|missing_width", "sample_index": 0, "x_utm32": 527707.15973971155, "y_utm32": 5064684.1763987383, "lon": 9.3561290294365058, "lat": 45.735158875430024, "discovery_evidence": "BUILDING_GAP8:20230101_000000::RLB-f06282ab-997c-4016-aaa4-871b3670a55f::SEC=970920000020", "discovery_seed_count": 1, "walk_graph_node_id": 3010, "walk_graph_connector_m": 11.460280990109711, "walk_graph_connector_min": 0.14325351237637138, "walk_graph_snap_ok": true, "population_reachable_5min": 37.161041048258539, "population_additional_5min": 37.161041048258539, "existing_catchment_overlap_population_5min": 0.0, "existing_catchment_overlap_pct_5min": 0.0, "population_reachable_8min": 136.90899036758177, "population_additional_8min": 136.90899036758177, "existing_catchment_overlap_population_8min": 0.0, "existing_catchment_overlap_pct_8min": 0.0, "population_reachable_10min": 198.14450757780526, "population_additional_10min": 187.42866094257565, "existing_catchment_overlap_population_10min": 10.715846635229607, "existing_catchment_overlap_pct_10min": 5.408096730120981, "population_reachable_12min": 345.13131286710177, "population_additional_12min": 168.20218180142757, "existing_catchment_overlap_population_12min": 176.92913106567423, "existing_catchment_overlap_pct_12min": 51.264294043874123, "nearest_official_stop_walk_network_m": 1179.3838421453224, "nearest_official_stop_cluster_id": "EX_027", "nearby_official_routes": "D184", "nearby_official_route_count": 1, "settlement_coverage_10min_count": 1, "settlement_additional_10min_count": 1, "settlement_additional_10min_names": "Bernaga inferiore", "destination_coverage_10min_count": 1, "destination_additional_10min_count": 1, "destination_additional_10min_names": "OSM amenity:townhall 143996275", "pruned_near_existing_stop": false, "pruned_no_access_gain": false, "candidate_id": "P2V2S_0095", "stop_type": "PROPOSED_STOP", "physical_status": "FIELD_CHECK_PENDING", "epistemic_status": "PROPOSED_STOP/FIELD_CHECK_PENDING", "road_eligibility_status": "DERIVED_GATE_D_BUS_ELIGIBLE", "candidate_status": "HYPOTHESIS_NOT_RECOMMENDATION", "population_spatial_model": "DASYMETRIC_BUILDING_SECTION_INTERSECTION_V2", "discovery_area_contract": "ANALYSIS_ENVELOPE_PLUS_INHERITED_150M_SITING_BUFFER", "potential_interchange_with_reference_gtfs": false, "interchange_evidence_status": "DERIVED_FROM_REFERENCE_PERIOD_GTFS_PROXIMITY_NOT_CURRENT_SERVICE_GUARANTEE", "discovery_sample_spacing_m_assumption": 150.0, "candidate_pruning_radius_m_assumption": 220.0, "source_gate_b_commit": "55d726564e13acca55ce563cc911263ac513acb0", "source_gate_d_commit": "7c220f7586d0f6e5cccd14a2d518be52eb1c4a55", "source_building_population_head": "29203ad64c3e32e6164ef6997933eb5c5ff2d5b1", "source_analysis_envelope_commit": "8a4608a60ecb367535814d965822e7502ae31eb9", "PRO_COM_T": "097092", "COMUNE": "La Valletta Brianza", "analysis_role": "UNSPECIFIED", "municipal_2021_resident_work_commuters_context": 1796.0, "municipal_2021_outbound_workers_context": 1521.0, "od_2021_context_status": "FACT_ISTAT_2021_WORK_COMMUTING_MUNICIPAL_ONLY_NOT_STOP_DEMAND" }, "geometry": { "type": "Point", "coordinates": [ 9.356129029436506, 45.735158875430024 ] } },
{ "type": "Feature", "properties": { "osm_way_id": "1463993545", "highway": "service", "road_uncertainty_flags": "missing_lanes|missing_maxheight|missing_maxweight|missing_maxwidth|missing_width", "sample_index": 0, "x_utm32": 534043.02706979413, "y_utm32": 5064705.074844189, "lon": 9.4375652631153422, "lat": 45.735064114634028, "discovery_evidence": "BUILDING_GAP8:20230101_000000::RLB-a60e3a3b-1fe9-455a-b255-7169d2fa821b::SEC=970100000003", "discovery_seed_count": 1, "walk_graph_node_id": 25293, "walk_graph_connector_m": 1.6355080397707147, "walk_graph_connector_min": 0.020443850497133934, "walk_graph_snap_ok": true, "population_reachable_5min": 233.60809862145734, "population_additional_5min": 158.25680264910633, "existing_catchment_overlap_population_5min": 75.351295972350968, "existing_catchment_overlap_pct_5min": 32.255429677740551, "population_reachable_8min": 426.35755291397618, "population_additional_8min": 23.25020647523851, "existing_catchment_overlap_population_8min": 403.10734643873764, "existing_catchment_overlap_pct_8min": 94.546782080830255, "population_reachable_10min": 538.00884447758597, "population_additional_10min": 28.660719063354946, "existing_catchment_overlap_population_10min": 509.34812541423088, "existing_catchment_overlap_pct_10min": 94.672816375131333, "population_reachable_12min": 682.04664364441942, "population_additional_12min": 2.9567691320503844, "existing_catchment_overlap_population_12min": 679.08987451236908, "existing_catchment_overlap_pct_12min": 99.566485788090503, "nearest_official_stop_walk_network_m": 374.2541109056728, "nearest_official_stop_cluster_id": "EX_004", "nearby_official_routes": "D148|D150|D185", "nearby_official_route_count": 3, "settlement_coverage_10min_count": 1, "settlement_additional_10min_count": 0, "settlement_additional_10min_names": "", "destination_coverage_10min_count": 0, "destination_additional_10min_count": 0, "destination_additional_10min_names": "", "pruned_near_existing_stop": false, "pruned_no_access_gain": false, "candidate_id": "P2V2S_0096", "stop_type": "PROPOSED_STOP", "physical_status": "FIELD_CHECK_PENDING", "epistemic_status": "PROPOSED_STOP/FIELD_CHECK_PENDING", "road_eligibility_status": "DERIVED_GATE_D_BUS_ELIGIBLE", "candidate_status": "HYPOTHESIS_NOT_RECOMMENDATION", "population_spatial_model": "DASYMETRIC_BUILDING_SECTION_INTERSECTION_V2", "discovery_area_contract": "ANALYSIS_ENVELOPE_PLUS_INHERITED_150M_SITING_BUFFER", "potential_interchange_with_reference_gtfs": false, "interchange_evidence_status": "DERIVED_FROM_REFERENCE_PERIOD_GTFS_PROXIMITY_NOT_CURRENT_SERVICE_GUARANTEE", "discovery_sample_spacing_m_assumption": 150.0, "candidate_pruning_radius_m_assumption": 220.0, "source_gate_b_commit": "55d726564e13acca55ce563cc911263ac513acb0", "source_gate_d_commit": "7c220f7586d0f6e5cccd14a2d518be52eb1c4a55", "source_building_population_head": "29203ad64c3e32e6164ef6997933eb5c5ff2d5b1", "source_analysis_envelope_commit": "8a4608a60ecb367535814d965822e7502ae31eb9", "PRO_COM_T": "097010", "COMUNE": "Brivio", "analysis_role": "UNSPECIFIED", "municipal_2021_resident_work_commuters_context": 1662.0, "municipal_2021_outbound_workers_context": 1339.0, "od_2021_context_status": "FACT_ISTAT_2021_WORK_COMMUTING_MUNICIPAL_ONLY_NOT_STOP_DEMAND" }, "geometry": { "type": "Point", "coordinates": [ 9.437565263115342, 45.735064114634028 ] } },
{ "type": "Feature", "properties": { "osm_way_id": "295266570", "highway": "tertiary", "road_uncertainty_flags": "missing_lanes|missing_maxheight|missing_maxweight|missing_maxwidth|missing_width", "sample_index": 2, "x_utm32": 534569.87852179958, "y_utm32": 5064750.9501965279, "lon": 9.444340113901827, "lat": 45.735450880736366, "discovery_evidence": "BUILDING_GAP8:20230101_000000::RLB-03ae1fd3-4190-4814-ad5c-2bf7a9bd7365::SEC=970100000003", "discovery_seed_count": 1, "walk_graph_node_id": 26933, "walk_graph_connector_m": 6.8854153774651117, "walk_graph_connector_min": 0.086067692218313896, "walk_graph_snap_ok": true, "population_reachable_5min": 54.867923313903944, "population_additional_5min": 51.72821886017789, "existing_catchment_overlap_population_5min": 3.1397044537260541, "existing_catchment_overlap_pct_5min": 5.722295038876438, "population_reachable_8min": 174.15440022592193, "population_additional_8min": 71.739043466537723, "existing_catchment_overlap_population_8min": 102.41535675938421, "existing_catchment_overlap_pct_8min": 58.807217403939148, "population_reachable_10min": 353.04577544979963, "population_additional_10min": 62.789523946983266, "existing_catchment_overlap_population_10min": 290.25625150281633, "existing_catchment_overlap_pct_10min": 82.214905739351778, "population_reachable_12min": 908.69398817813317, "population_additional_12min": 9.3369886296263083, "existing_catchment_overlap_population_12min": 899.35699954850668, "existing_catchment_overlap_pct_12min": 98.972482623292521, "nearest_official_stop_walk_network_m": 743.77603232147294, "nearest_official_stop_cluster_id": "EX_002", "nearby_official_routes": "D150|D185", "nearby_official_route_count": 2, "settlement_coverage_10min_count": 0, "settlement_additional_10min_count": 0, "settlement_additional_10min_names": "", "destination_coverage_10min_count": 0, "destination_additional_10min_count": 0, "destination_additional_10min_names": "", "pruned_near_existing_stop": false, "pruned_no_access_gain": false, "candidate_id": "P2V2S_0097", "stop_type": "PROPOSED_STOP", "physical_status": "FIELD_CHECK_PENDING", "epistemic_status": "PROPOSED_STOP/FIELD_CHECK_PENDING", "road_eligibility_status": "DERIVED_GATE_D_BUS_ELIGIBLE", "candidate_status": "HYPOTHESIS_NOT_RECOMMENDATION", "population_spatial_model": "DASYMETRIC_BUILDING_SECTION_INTERSECTION_V2", "discovery_area_contract": "ANALYSIS_ENVELOPE_PLUS_INHERITED_150M_SITING_BUFFER", "potential_interchange_with_reference_gtfs": false, "interchange_evidence_status": "DERIVED_FROM_REFERENCE_PERIOD_GTFS_PROXIMITY_NOT_CURRENT_SERVICE_GUARANTEE", "discovery_sample_spacing_m_assumption": 150.0, "candidate_pruning_radius_m_assumption": 220.0, "source_gate_b_commit": "55d726564e13acca55ce563cc911263ac513acb0", "source_gate_d_commit": "7c220f7586d0f6e5cccd14a2d518be52eb1c4a55", "source_building_population_head": "29203ad64c3e32e6164ef6997933eb5c5ff2d5b1", "source_analysis_envelope_commit": "8a4608a60ecb367535814d965822e7502ae31eb9", "PRO_COM_T": "097010", "COMUNE": "Brivio", "analysis_role": "UNSPECIFIED", "municipal_2021_resident_work_commuters_context": 1662.0, "municipal_2021_outbound_workers_context": 1339.0, "od_2021_context_status": "FACT_ISTAT_2021_WORK_COMMUTING_MUNICIPAL_ONLY_NOT_STOP_DEMAND" }, "geometry": { "type": "Point", "coordinates": [ 9.444340113901827, 45.735450880736366 ] } },
{ "type": "Feature", "properties": { "osm_way_id": "1463441159", "highway": "service", "road_uncertainty_flags": "missing_lanes|missing_maxheight|missing_maxweight|missing_maxwidth|missing_width", "sample_index": 0, "x_utm32": 532160.43353779544, "y_utm32": 5064755.9011118105, "lon": 9.4133717520524716, "lat": 45.735611685453698, "discovery_evidence": "BUILDING_GAP8:20230101_000000::RLB-742ed1ca-ea72-4be5-b2d6-a4e85c6157d6::SEC=970580000002", "discovery_seed_count": 1, "walk_graph_node_id": 20191, "walk_graph_connector_m": 0.13658673138187979, "walk_graph_connector_min": 0.0017073341422734975, "walk_graph_snap_ok": true, "population_reachable_5min": 333.54454449888846, "population_additional_5min": 328.94347197251835, "existing_catchment_overlap_population_5min": 4.6010725263700643, "existing_catchment_overlap_pct_5min": 1.3794476936454276, "population_reachable_8min": 1137.2120445814544, "population_additional_8min": 422.91646526186531, "existing_catchment_overlap_population_8min": 714.29557931958936, "existing_catchment_overlap_pct_8min": 62.811116248991418, "population_reachable_10min": 1585.3632991371665, "population_additional_10min": 130.7172573499914, "existing_catchment_overlap_population_10min": 1454.6460417871751, "existing_catchment_overlap_pct_10min": 91.754744327616635, "population_reachable_12min": 1914.9746737239113, "population_additional_12min": 29.695653295100918, "existing_catchment_overlap_population_12min": 1885.2790204288106, "existing_catchment_overlap_pct_12min": 98.449292635429288, "nearest_official_stop_walk_network_m": 703.01004452945608, "nearest_official_stop_cluster_id": "EX_035", "nearby_official_routes": "D148|D150|D185", "nearby_official_route_count": 3, "settlement_coverage_10min_count": 1, "settlement_additional_10min_count": 0, "settlement_additional_10min_names": "", "destination_coverage_10min_count": 1, "destination_additional_10min_count": 0, "destination_additional_10min_names": "", "pruned_near_existing_stop": false, "pruned_no_access_gain": false, "candidate_id": "P2V2S_0098", "stop_type": "PROPOSED_STOP", "physical_status": "FIELD_CHECK_PENDING", "epistemic_status": "PROPOSED_STOP/FIELD_CHECK_PENDING", "road_eligibility_status": "DERIVED_GATE_D_BUS_ELIGIBLE", "candidate_status": "HYPOTHESIS_NOT_RECOMMENDATION", "population_spatial_model": "DASYMETRIC_BUILDING_SECTION_INTERSECTION_V2", "discovery_area_contract": "ANALYSIS_ENVELOPE_PLUS_INHERITED_150M_SITING_BUFFER", "potential_interchange_with_reference_gtfs": false, "interchange_evidence_status": "DERIVED_FROM_REFERENCE_PERIOD_GTFS_PROXIMITY_NOT_CURRENT_SERVICE_GUARANTEE", "discovery_sample_spacing_m_assumption": 150.0, "candidate_pruning_radius_m_assumption": 220.0, "source_gate_b_commit": "55d726564e13acca55ce563cc911263ac513acb0", "source_gate_d_commit": "7c220f7586d0f6e5cccd14a2d518be52eb1c4a55", "source_building_population_head": "29203ad64c3e32e6164ef6997933eb5c5ff2d5b1", "source_analysis_envelope_commit": "8a4608a60ecb367535814d965822e7502ae31eb9", "PRO_COM_T": "097058", "COMUNE": "Olgiate Molgora", "analysis_role": "UNSPECIFIED", "municipal_2021_resident_work_commuters_context": 2287.0, "municipal_2021_outbound_workers_context": 1961.0, "od_2021_context_status": "FACT_ISTAT_2021_WORK_COMMUTING_MUNICIPAL_ONLY_NOT_STOP_DEMAND" }, "geometry": { "type": "Point", "coordinates": [ 9.413371752052472, 45.735611685453698 ] } },
{ "type": "Feature", "properties": { "osm_way_id": "198162664", "highway": "residential", "road_uncertainty_flags": "missing_lanes|missing_maxheight|missing_maxweight|missing_maxwidth|missing_width", "sample_index": 1, "x_utm32": 531398.30870857683, "y_utm32": 5064761.9657427194, "lon": 9.4035764784943936, "lat": 45.735701291797355, "discovery_evidence": "BUILDING_GAP8:20230101_000000::RLB-350cc1bf-d592-4e9c-b85c-ac3d7e526803::SEC=970580000037|BUILDING_GAP8:20230101_000000::RLB-bf2d1e1e-206b-470d-8709-29abac0d9d50::SEC=970580000037", "discovery_seed_count": 2, "walk_graph_node_id": 17535, "walk_graph_connector_m": 5.3341888596821718, "walk_graph_connector_min": 0.066677360746027148, "walk_graph_snap_ok": true, "population_reachable_5min": 137.25338871325965, "population_additional_5min": 112.2687660289432, "existing_catchment_overlap_population_5min": 24.984622684316463, "existing_catchment_overlap_pct_5min": 18.203282934246978, "population_reachable_8min": 442.81125818923573, "population_additional_8min": 76.920613671602553, "existing_catchment_overlap_population_8min": 365.89064451763318, "existing_catchment_overlap_pct_8min": 82.629029355272067, "population_reachable_10min": 844.57043542969359, "population_additional_10min": 41.188962971231021, "existing_catchment_overlap_population_10min": 803.38147245846244, "existing_catchment_overlap_pct_10min": 95.123087282794188, "population_reachable_12min": 1383.0518477220826, "population_additional_12min": 9.532337920041936, "existing_catchment_overlap_population_12min": 1373.5195098020406, "existing_catchment_overlap_pct_12min": 99.310775085132065, "nearest_official_stop_walk_network_m": 615.57547541504812, "nearest_official_stop_cluster_id": "EX_011", "nearby_official_routes": "D184|D185", "nearby_official_route_count": 2, "settlement_coverage_10min_count": 2, "settlement_additional_10min_count": 0, "settlement_additional_10min_names": "", "destination_coverage_10min_count": 1, "destination_additional_10min_count": 0, "destination_additional_10min_names": "", "pruned_near_existing_stop": false, "pruned_no_access_gain": false, "candidate_id": "P2V2S_0099", "stop_type": "PROPOSED_STOP", "physical_status": "FIELD_CHECK_PENDING", "epistemic_status": "PROPOSED_STOP/FIELD_CHECK_PENDING", "road_eligibility_status": "DERIVED_GATE_D_BUS_ELIGIBLE", "candidate_status": "HYPOTHESIS_NOT_RECOMMENDATION", "population_spatial_model": "DASYMETRIC_BUILDING_SECTION_INTERSECTION_V2", "discovery_area_contract": "ANALYSIS_ENVELOPE_PLUS_INHERITED_150M_SITING_BUFFER", "potential_interchange_with_reference_gtfs": false, "interchange_evidence_status": "DERIVED_FROM_REFERENCE_PERIOD_GTFS_PROXIMITY_NOT_CURRENT_SERVICE_GUARANTEE", "discovery_sample_spacing_m_assumption": 150.0, "candidate_pruning_radius_m_assumption": 220.0, "source_gate_b_commit": "55d726564e13acca55ce563cc911263ac513acb0", "source_gate_d_commit": "7c220f7586d0f6e5cccd14a2d518be52eb1c4a55", "source_building_population_head": "29203ad64c3e32e6164ef6997933eb5c5ff2d5b1", "source_analysis_envelope_commit": "8a4608a60ecb367535814d965822e7502ae31eb9", "PRO_COM_T": "097058", "COMUNE": "Olgiate Molgora", "analysis_role": "UNSPECIFIED", "municipal_2021_resident_work_commuters_context": 2287.0, "municipal_2021_outbound_workers_context": 1961.0, "od_2021_context_status": "FACT_ISTAT_2021_WORK_COMMUTING_MUNICIPAL_ONLY_NOT_STOP_DEMAND" }, "geometry": { "type": "Point", "coordinates": [ 9.403576478494394, 45.735701291797355 ] } },
{ "type": "Feature", "properties": { "osm_way_id": "1463993560", "highway": "service", "road_uncertainty_flags": "missing_lanes|missing_maxheight|missing_maxweight|missing_maxwidth|missing_width", "sample_index": 0, "x_utm32": 534321.7671958853, "y_utm32": 5064792.0380956419, "lon": 9.4411540501293896, "lat": 45.73583305001236, "discovery_evidence": "BUILDING_GAP8:20230101_000000::RLB-18d6a83e-6832-4ec8-8a39-0be395b02c55::SEC=970100000003|BUILDING_GAP8:20230101_000000::RLB-8d853de3-4bc1-4558-90c2-e01f13e4486a::SEC=970100000003|BUILDING_GAP8:20230101_000000::RLB-9e943027-2776-4cfb-be73-bcb54c1eee31::SEC=970100000003", "discovery_seed_count": 3, "walk_graph_node_id": 25913, "walk_graph_connector_m": 16.719731085717783, "walk_graph_connector_min": 0.20899663857147227, "walk_graph_snap_ok": true, "population_reachable_5min": 148.06166832597251, "population_additional_5min": 148.06166832597251, "existing_catchment_overlap_population_5min": 0.0, "existing_catchment_overlap_pct_5min": 0.0, "population_reachable_8min": 297.14868052700069, "population_additional_8min": 85.894951559491489, "existing_catchment_overlap_population_8min": 211.25372896750915, "existing_catchment_overlap_pct_8min": 71.093611653548422, "population_reachable_10min": 405.99379938537737, "population_additional_10min": 27.218883908202567, "existing_catchment_overlap_population_10min": 378.77491547717483, "existing_catchment_overlap_pct_10min": 93.295739011431095, "population_reachable_12min": 573.59407378769447, "population_additional_12min": 2.9567691320503844, "existing_catchment_overlap_population_12min": 570.63730465564424, "existing_catchment_overlap_pct_12min": 99.484518884143043, "nearest_official_stop_walk_network_m": 741.41818466748089, "nearest_official_stop_cluster_id": "EX_004", "nearby_official_routes": "D148|D150|D185", "nearby_official_route_count": 3, "settlement_coverage_10min_count": 0, "settlement_additional_10min_count": 0, "settlement_additional_10min_names": "", "destination_coverage_10min_count": 0, "destination_additional_10min_count": 0, "destination_additional_10min_names": "", "pruned_near_existing_stop": false, "pruned_no_access_gain": false, "candidate_id": "P2V2S_0100", "stop_type": "PROPOSED_STOP", "physical_status": "FIELD_CHECK_PENDING", "epistemic_status": "PROPOSED_STOP/FIELD_CHECK_PENDING", "road_eligibility_status": "DERIVED_GATE_D_BUS_ELIGIBLE", "candidate_status": "HYPOTHESIS_NOT_RECOMMENDATION", "population_spatial_model": "DASYMETRIC_BUILDING_SECTION_INTERSECTION_V2", "discovery_area_contract": "ANALYSIS_ENVELOPE_PLUS_INHERITED_150M_SITING_BUFFER", "potential_interchange_with_reference_gtfs": false, "interchange_evidence_status": "DERIVED_FROM_REFERENCE_PERIOD_GTFS_PROXIMITY_NOT_CURRENT_SERVICE_GUARANTEE", "discovery_sample_spacing_m_assumption": 150.0, "candidate_pruning_radius_m_assumption": 220.0, "source_gate_b_commit": "55d726564e13acca55ce563cc911263ac513acb0", "source_gate_d_commit": "7c220f7586d0f6e5cccd14a2d518be52eb1c4a55", "source_building_population_head": "29203ad64c3e32e6164ef6997933eb5c5ff2d5b1", "source_analysis_envelope_commit": "8a4608a60ecb367535814d965822e7502ae31eb9", "PRO_COM_T": "097010", "COMUNE": "Brivio", "analysis_role": "UNSPECIFIED", "municipal_2021_resident_work_commuters_context": 1662.0, "municipal_2021_outbound_workers_context": 1339.0, "od_2021_context_status": "FACT_ISTAT_2021_WORK_COMMUTING_MUNICIPAL_ONLY_NOT_STOP_DEMAND" }, "geometry": { "type": "Point", "coordinates": [ 9.44115405012939, 45.73583305001236 ] } },
{ "type": "Feature", "properties": { "osm_way_id": "173640076", "highway": "residential", "road_uncertainty_flags": "missing_lanes|missing_maxheight|missing_maxweight|missing_maxwidth|missing_width", "sample_index": 0, "x_utm32": 528306.17628016451, "y_utm32": 5064794.2784301406, "lon": 9.3638346619471324, "lat": 45.736125599638171, "discovery_evidence": "BUILDING_GAP8:20230101_000000::RLB-a840b686-b00e-4494-b70f-5d9e6d3c1166::SEC=970920000030", "discovery_seed_count": 1, "walk_graph_node_id": 4843, "walk_graph_connector_m": 0.03012134648844602, "walk_graph_connector_min": 0.00037651683110557523, "walk_graph_snap_ok": true, "population_reachable_5min": 318.21564299876354, "population_additional_5min": 206.05354433703926, "existing_catchment_overlap_population_5min": 112.16209866172419, "existing_catchment_overlap_pct_5min": 35.247198285019572, "population_reachable_8min": 876.89463980095707, "population_additional_8min": 89.584838049299861, "existing_catchment_overlap_population_8min": 787.30980175165723, "existing_catchment_overlap_pct_8min": 89.783853842505607, "population_reachable_10min": 1383.780891231957, "population_additional_10min": 49.892995646636699, "existing_catchment_overlap_population_10min": 1333.8878955853202, "existing_catchment_overlap_pct_10min": 96.39444394970522, "population_reachable_12min": 1976.3217909528291, "population_additional_12min": 34.604620007338944, "existing_catchment_overlap_population_12min": 1941.7171709454901, "existing_catchment_overlap_pct_12min": 98.249039191605775, "nearest_official_stop_walk_network_m": 495.53307822649447, "nearest_official_stop_cluster_id": "EX_027", "nearby_official_routes": "D184", "nearby_official_route_count": 1, "settlement_coverage_10min_count": 1, "settlement_additional_10min_count": 1, "settlement_additional_10min_names": "Perego", "destination_coverage_10min_count": 1, "destination_additional_10min_count": 1, "destination_additional_10min_names": "OSM amenity:townhall 143996275", "pruned_near_existing_stop": false, "pruned_no_access_gain": false, "candidate_id": "P2V2S_0101", "stop_type": "PROPOSED_STOP", "physical_status": "FIELD_CHECK_PENDING", "epistemic_status": "PROPOSED_STOP/FIELD_CHECK_PENDING", "road_eligibility_status": "DERIVED_GATE_D_BUS_ELIGIBLE", "candidate_status": "HYPOTHESIS_NOT_RECOMMENDATION", "population_spatial_model": "DASYMETRIC_BUILDING_SECTION_INTERSECTION_V2", "discovery_area_contract": "ANALYSIS_ENVELOPE_PLUS_INHERITED_150M_SITING_BUFFER", "potential_interchange_with_reference_gtfs": false, "interchange_evidence_status": "DERIVED_FROM_REFERENCE_PERIOD_GTFS_PROXIMITY_NOT_CURRENT_SERVICE_GUARANTEE", "discovery_sample_spacing_m_assumption": 150.0, "candidate_pruning_radius_m_assumption": 220.0, "source_gate_b_commit": "55d726564e13acca55ce563cc911263ac513acb0", "source_gate_d_commit": "7c220f7586d0f6e5cccd14a2d518be52eb1c4a55", "source_building_population_head": "29203ad64c3e32e6164ef6997933eb5c5ff2d5b1", "source_analysis_envelope_commit": "8a4608a60ecb367535814d965822e7502ae31eb9", "PRO_COM_T": "097092", "COMUNE": "La Valletta Brianza", "analysis_role": "UNSPECIFIED", "municipal_2021_resident_work_commuters_context": 1796.0, "municipal_2021_outbound_workers_context": 1521.0, "od_2021_context_status": "FACT_ISTAT_2021_WORK_COMMUTING_MUNICIPAL_ONLY_NOT_STOP_DEMAND" }, "geometry": { "type": "Point", "coordinates": [ 9.363834661947132, 45.736125599638171 ] } },
{ "type": "Feature", "properties": { "osm_way_id": "185233152", "highway": "residential", "road_uncertainty_flags": "missing_maxheight|missing_maxweight|missing_maxwidth|missing_width", "sample_index": 2, "x_utm32": 528065.80257012649, "y_utm32": 5064855.0237286612, "lon": 9.3607485907053523, "lat": 45.736682139674976, "discovery_evidence": "BUILDING_GAP8:20230101_000000::RLB-996c08db-0158-4ece-80b7-5528b06d2bdc::SEC=970920000020|BUILDING_GAP8:20230101_000000::RLB-bb616a62-06c9-406e-b08c-106f77f9a9ec::SEC=970920000020|BUILDING_GAP8:20230101_000000::RLB-d40959c9-e2d0-49af-b044-cfe903fe4f86::SEC=970920000020|BUILDING_GAP8:20230101_000000::RLB-f7e024ad-f409-423c-84ce-ab6edb5da527::SEC=970920000020", "discovery_seed_count": 4, "walk_graph_node_id": 4002, "walk_graph_connector_m": 3.3730036946787672, "walk_graph_connector_min": 0.042162546183484591, "walk_graph_snap_ok": true, "population_reachable_5min": 173.77375081510533, "population_additional_5min": 173.77375081510533, "existing_catchment_overlap_population_5min": 0.0, "existing_catchment_overlap_pct_5min": 0.0, "population_reachable_8min": 534.55634984177595, "population_additional_8min": 204.27679396035498, "existing_catchment_overlap_population_8min": 330.279555881421, "existing_catchment_overlap_pct_8min": 61.785732407664952, "population_reachable_10min": 844.6458244346054, "population_additional_10min": 145.19503162978526, "existing_catchment_overlap_population_10min": 699.45079280482025, "existing_catchment_overlap_pct_10min": 82.809950936893955, "population_reachable_12min": 1393.0392735929106, "population_additional_12min": 57.955351757294046, "existing_catchment_overlap_population_12min": 1335.0839218356164, "existing_catchment_overlap_pct_12min": 95.839646960719463, "nearest_official_stop_walk_network_m": 608.5458563731712, "nearest_official_stop_cluster_id": "EX_027", "nearby_official_routes": "D184", "nearby_official_route_count": 1, "settlement_coverage_10min_count": 2, "settlement_additional_10min_count": 2, "settlement_additional_10min_names": "Campo|Perego", "destination_coverage_10min_count": 1, "destination_additional_10min_count": 1, "destination_additional_10min_names": "OSM amenity:townhall 143996275", "pruned_near_existing_stop": false, "pruned_no_access_gain": false, "candidate_id": "P2V2S_0102", "stop_type": "PROPOSED_STOP", "physical_status": "FIELD_CHECK_PENDING", "epistemic_status": "PROPOSED_STOP/FIELD_CHECK_PENDING", "road_eligibility_status": "DERIVED_GATE_D_BUS_ELIGIBLE", "candidate_status": "HYPOTHESIS_NOT_RECOMMENDATION", "population_spatial_model": "DASYMETRIC_BUILDING_SECTION_INTERSECTION_V2", "discovery_area_contract": "ANALYSIS_ENVELOPE_PLUS_INHERITED_150M_SITING_BUFFER", "potential_interchange_with_reference_gtfs": false, "interchange_evidence_status": "DERIVED_FROM_REFERENCE_PERIOD_GTFS_PROXIMITY_NOT_CURRENT_SERVICE_GUARANTEE", "discovery_sample_spacing_m_assumption": 150.0, "candidate_pruning_radius_m_assumption": 220.0, "source_gate_b_commit": "55d726564e13acca55ce563cc911263ac513acb0", "source_gate_d_commit": "7c220f7586d0f6e5cccd14a2d518be52eb1c4a55", "source_building_population_head": "29203ad64c3e32e6164ef6997933eb5c5ff2d5b1", "source_analysis_envelope_commit": "8a4608a60ecb367535814d965822e7502ae31eb9", "PRO_COM_T": "097092", "COMUNE": "La Valletta Brianza", "analysis_role": "UNSPECIFIED", "municipal_2021_resident_work_commuters_context": 1796.0, "municipal_2021_outbound_workers_context": 1521.0, "od_2021_context_status": "FACT_ISTAT_2021_WORK_COMMUTING_MUNICIPAL_ONLY_NOT_STOP_DEMAND" }, "geometry": { "type": "Point", "coordinates": [ 9.360748590705352, 45.736682139674976 ] } },
{ "type": "Feature", "properties": { "osm_way_id": "193940014", "highway": "unclassified", "road_uncertainty_flags": "missing_lanes|missing_maxheight|missing_maxweight|missing_maxwidth|missing_width", "sample_index": 1, "x_utm32": 530957.58695232566, "y_utm32": 5064885.1054459158, "lon": 9.3979196958645659, "lat": 45.736829485131921, "discovery_evidence": "BUILDING_GAP8:20230101_000000::RLB-0f3f81dd-0940-4acc-9c36-be863d5da3a8::SEC=970580000009|BUILDING_GAP8:20230101_000000::RLB-1990d08a-ab92-449c-8e01-9a485960b560::SEC=970580000009|BUILDING_GAP8:20230101_000000::RLB-251ee0d3-47b2-43fa-a9e4-bb13dfc850da::SEC=970580000025|BUILDING_GAP8:20230101_000000::RLB-2b7f276f-0f34-47e2-8857-fbaf4ad697ae::SEC=970580000025|BUILDING_GAP8:20230101_000000::RLB-95665882-b30b-45df-84b9-86aa47267c7c::SEC=970580000009", "discovery_seed_count": 5, "walk_graph_node_id": 15993, "walk_graph_connector_m": 2.0985951223912194, "walk_graph_connector_min": 0.026232439029890243, "walk_graph_snap_ok": true, "population_reachable_5min": 52.430487750609728, "population_additional_5min": 52.430487750609728, "existing_catchment_overlap_population_5min": 0.0, "existing_catchment_overlap_pct_5min": 0.0, "population_reachable_8min": 164.4509247958525, "population_additional_8min": 164.4509247958525, "existing_catchment_overlap_population_8min": 0.0, "existing_catchment_overlap_pct_8min": 0.0, "population_reachable_10min": 391.4444894326333, "population_additional_10min": 264.26028778280568, "existing_catchment_overlap_population_10min": 127.18420164982761, "existing_catchment_overlap_pct_10min": 32.490992997288245, "population_reachable_12min": 550.11392355560656, "population_additional_12min": 187.79233694662781, "existing_catchment_overlap_population_12min": 362.32158660897875, "existing_catchment_overlap_pct_12min": 65.863009659371869, "nearest_official_stop_walk_network_m": 1202.2205408300822, "nearest_official_stop_cluster_id": "EX_011", "nearby_official_routes": "D184|D185", "nearby_official_route_count": 2, "settlement_coverage_10min_count": 2, "settlement_additional_10min_count": 1, "settlement_additional_10min_names": "Bruggione", "destination_coverage_10min_count": 0, "destination_additional_10min_count": 0, "destination_additional_10min_names": "", "pruned_near_existing_stop": false, "pruned_no_access_gain": false, "candidate_id": "P2V2S_0103", "stop_type": "PROPOSED_STOP", "physical_status": "FIELD_CHECK_PENDING", "epistemic_status": "PROPOSED_STOP/FIELD_CHECK_PENDING", "road_eligibility_status": "DERIVED_GATE_D_BUS_ELIGIBLE", "candidate_status": "HYPOTHESIS_NOT_RECOMMENDATION", "population_spatial_model": "DASYMETRIC_BUILDING_SECTION_INTERSECTION_V2", "discovery_area_contract": "ANALYSIS_ENVELOPE_PLUS_INHERITED_150M_SITING_BUFFER", "potential_interchange_with_reference_gtfs": false, "interchange_evidence_status": "DERIVED_FROM_REFERENCE_PERIOD_GTFS_PROXIMITY_NOT_CURRENT_SERVICE_GUARANTEE", "discovery_sample_spacing_m_assumption": 150.0, "candidate_pruning_radius_m_assumption": 220.0, "source_gate_b_commit": "55d726564e13acca55ce563cc911263ac513acb0", "source_gate_d_commit": "7c220f7586d0f6e5cccd14a2d518be52eb1c4a55", "source_building_population_head": "29203ad64c3e32e6164ef6997933eb5c5ff2d5b1", "source_analysis_envelope_commit": "8a4608a60ecb367535814d965822e7502ae31eb9", "PRO_COM_T": "097058", "COMUNE": "Olgiate Molgora", "analysis_role": "UNSPECIFIED", "municipal_2021_resident_work_commuters_context": 2287.0, "municipal_2021_outbound_workers_context": 1961.0, "od_2021_context_status": "FACT_ISTAT_2021_WORK_COMMUTING_MUNICIPAL_ONLY_NOT_STOP_DEMAND" }, "geometry": { "type": "Point", "coordinates": [ 9.397919695864566, 45.736829485131921 ] } },
{ "type": "Feature", "properties": { "osm_way_id": "55503485", "highway": "residential", "road_uncertainty_flags": "missing_lanes|missing_maxheight|missing_maxweight|missing_maxwidth|missing_width", "sample_index": 3, "x_utm32": 534838.13690931967, "y_utm32": 5064886.2524919808, "lon": 9.4477977710736898, "lat": 45.7366552058213, "discovery_evidence": "BUILDING_GAP8:20230101_000000::RLB-01135144-361f-494e-8304-f8437d3c6dea::SEC=970100000003|BUILDING_GAP8:20230101_000000::RLB-9060a90f-b38e-492f-9f1d-d9364df58155::SEC=970100000003|BUILDING_GAP8:20230101_000000::RLB-d54eba54-574a-4a97-8655-ce873c817c21::SEC=970100000003|BUILDING_GAP8:20230101_000000::RLB-d6544bc9-9b5a-4d80-8344-f04b23265bbe::SEC=970100000003|BUILDING_GAP8:20230101_000000::RLB-d6544bc9-9b5a-4d80-8344-f04b23265bbe::SEC=970100000042|BUILDING_GAP8:20230101_000000::RLB-fafb5211-3f95-4ed2-8936-6050e7967089::SEC=970100000003", "discovery_seed_count": 6, "walk_graph_node_id": 27642, "walk_graph_connector_m": 4.2675439944313496, "walk_graph_connector_min": 0.053344299930391872, "walk_graph_snap_ok": true, "population_reachable_5min": 78.671853665453682, "population_additional_5min": 78.671853665453682, "existing_catchment_overlap_population_5min": 0.0, "existing_catchment_overlap_pct_5min": 0.0, "population_reachable_8min": 300.47714636154717, "population_additional_8min": 59.133021557286717, "existing_catchment_overlap_population_8min": 241.34412480426045, "existing_catchment_overlap_pct_8min": 80.320293149304831, "population_reachable_10min": 702.34985104790724, "population_additional_10min": 27.887754354496533, "existing_catchment_overlap_population_10min": 674.46209669341079, "existing_catchment_overlap_pct_10min": 96.029364238792411, "population_reachable_12min": 1057.927020083011, "population_additional_12min": 27.887754354496533, "existing_catchment_overlap_population_12min": 1030.0392657285145, "existing_catchment_overlap_pct_12min": 97.36392455953073, "nearest_official_stop_walk_network_m": 727.06093805050818, "nearest_official_stop_cluster_id": "EX_009", "nearby_official_routes": "D185", "nearby_official_route_count": 1, "settlement_coverage_10min_count": 1, "settlement_additional_10min_count": 0, "settlement_additional_10min_names": "", "destination_coverage_10min_count": 0, "destination_additional_10min_count": 0, "destination_additional_10min_names": "", "pruned_near_existing_stop": false, "pruned_no_access_gain": false, "candidate_id": "P2V2S_0104", "stop_type": "PROPOSED_STOP", "physical_status": "FIELD_CHECK_PENDING", "epistemic_status": "PROPOSED_STOP/FIELD_CHECK_PENDING", "road_eligibility_status": "DERIVED_GATE_D_BUS_ELIGIBLE", "candidate_status": "HYPOTHESIS_NOT_RECOMMENDATION", "population_spatial_model": "DASYMETRIC_BUILDING_SECTION_INTERSECTION_V2", "discovery_area_contract": "ANALYSIS_ENVELOPE_PLUS_INHERITED_150M_SITING_BUFFER", "potential_interchange_with_reference_gtfs": false, "interchange_evidence_status": "DERIVED_FROM_REFERENCE_PERIOD_GTFS_PROXIMITY_NOT_CURRENT_SERVICE_GUARANTEE", "discovery_sample_spacing_m_assumption": 150.0, "candidate_pruning_radius_m_assumption": 220.0, "source_gate_b_commit": "55d726564e13acca55ce563cc911263ac513acb0", "source_gate_d_commit": "7c220f7586d0f6e5cccd14a2d518be52eb1c4a55", "source_building_population_head": "29203ad64c3e32e6164ef6997933eb5c5ff2d5b1", "source_analysis_envelope_commit": "8a4608a60ecb367535814d965822e7502ae31eb9", "PRO_COM_T": "097010", "COMUNE": "Brivio", "analysis_role": "UNSPECIFIED", "municipal_2021_resident_work_commuters_context": 1662.0, "municipal_2021_outbound_workers_context": 1339.0, "od_2021_context_status": "FACT_ISTAT_2021_WORK_COMMUTING_MUNICIPAL_ONLY_NOT_STOP_DEMAND" }, "geometry": { "type": "Point", "coordinates": [ 9.44779777107369, 45.7366552058213 ] } },
{ "type": "Feature", "properties": { "osm_way_id": "581532451", "highway": "unclassified", "road_uncertainty_flags": "missing_lanes|missing_maxheight|missing_maxweight|missing_maxwidth|missing_width", "sample_index": 1, "x_utm32": 531780.01342361909, "y_utm32": 5064928.3794314768, "lon": 9.4084934954848602, "lat": 45.737181668326166, "discovery_evidence": "BUILDING_GAP8:20230101_000000::RLB-26c1bd72-03c4-405f-a884-c73fc602e990::SEC=970580000001|BUILDING_GAP8:20230101_000000::RLB-42d0d443-043a-4792-8cd2-5e79938857a2::SEC=970580000001|BUILDING_GAP8:20230101_000000::RLB-5fa4390c-361d-4a1c-aa46-aa655a0c5f3f::SEC=970580000001|BUILDING_GAP8:20230101_000000::RLB-997b618b-1b53-4a99-8042-d418fd0fa79e::SEC=970580000001|BUILDING_GAP8:20230101_000000::RLB-ac7f1c9f-0a1a-48fb-b2e8-2290dc77713f::SEC=970580000001|BUILDING_GAP8:20230101_000000::RLB-dfcda1ee-521c-4c58-811d-29cdf83d3ac3::SEC=970580000001|BUILDING_GAP8:20230101_000000::RLB-e977d6c0-1357-417f-996f-e935e395a6ab::SEC=970580000001", "discovery_seed_count": 7, "walk_graph_node_id": 18962, "walk_graph_connector_m": 11.012839908182697, "walk_graph_connector_min": 0.13766049885228371, "walk_graph_snap_ok": true, "population_reachable_5min": 284.46961850971894, "population_additional_5min": 232.29841568065984, "existing_catchment_overlap_population_5min": 52.171202829059077, "existing_catchment_overlap_pct_5min": 18.339815373737931, "population_reachable_8min": 770.99631069755185, "population_additional_8min": 269.40678516797658, "existing_catchment_overlap_population_8min": 501.58952552957527, "existing_catchment_overlap_pct_8min": 65.057318507239899, "population_reachable_10min": 1197.2254106713931, "population_additional_10min": 114.62152830945637, "existing_catchment_overlap_population_10min": 1082.6038823619369, "existing_catchment_overlap_pct_10min": 90.426069536464524, "population_reachable_12min": 1578.1163703319635, "population_additional_12min": 31.583678103805049, "existing_catchment_overlap_population_12min": 1546.5326922281588, "existing_catchment_overlap_pct_12min": 97.998647077137861, "nearest_official_stop_walk_network_m": 543.06854143909243, "nearest_official_stop_cluster_id": "EX_011", "nearby_official_routes": "D184|D185", "nearby_official_route_count": 2, "settlement_coverage_10min_count": 2, "settlement_additional_10min_count": 0, "settlement_additional_10min_names": "", "destination_coverage_10min_count": 0, "destination_additional_10min_count": 0, "destination_additional_10min_names": "", "pruned_near_existing_stop": false, "pruned_no_access_gain": false, "candidate_id": "P2V2S_0105", "stop_type": "PROPOSED_STOP", "physical_status": "FIELD_CHECK_PENDING", "epistemic_status": "PROPOSED_STOP/FIELD_CHECK_PENDING", "road_eligibility_status": "DERIVED_GATE_D_BUS_ELIGIBLE", "candidate_status": "HYPOTHESIS_NOT_RECOMMENDATION", "population_spatial_model": "DASYMETRIC_BUILDING_SECTION_INTERSECTION_V2", "discovery_area_contract": "ANALYSIS_ENVELOPE_PLUS_INHERITED_150M_SITING_BUFFER", "potential_interchange_with_reference_gtfs": false, "interchange_evidence_status": "DERIVED_FROM_REFERENCE_PERIOD_GTFS_PROXIMITY_NOT_CURRENT_SERVICE_GUARANTEE", "discovery_sample_spacing_m_assumption": 150.0, "candidate_pruning_radius_m_assumption": 220.0, "source_gate_b_commit": "55d726564e13acca55ce563cc911263ac513acb0", "source_gate_d_commit": "7c220f7586d0f6e5cccd14a2d518be52eb1c4a55", "source_building_population_head": "29203ad64c3e32e6164ef6997933eb5c5ff2d5b1", "source_analysis_envelope_commit": "8a4608a60ecb367535814d965822e7502ae31eb9", "PRO_COM_T": "097058", "COMUNE": "Olgiate Molgora", "analysis_role": "UNSPECIFIED", "municipal_2021_resident_work_commuters_context": 2287.0, "municipal_2021_outbound_workers_context": 1961.0, "od_2021_context_status": "FACT_ISTAT_2021_WORK_COMMUTING_MUNICIPAL_ONLY_NOT_STOP_DEMAND" }, "geometry": { "type": "Point", "coordinates": [ 9.40849349548486, 45.737181668326166 ] } },
{ "type": "Feature", "properties": { "osm_way_id": "173604739", "highway": "tertiary", "road_uncertainty_flags": "missing_maxheight|missing_maxweight|missing_maxwidth|missing_width", "sample_index": 0, "x_utm32": 527677.38835396117, "y_utm32": 5064937.6488191169, "lon": 9.3557608625398974, "lat": 45.73744146834489, "discovery_evidence": "BUILDING_GAP8:20230101_000000::RLB-09341811-27b3-4154-8d90-41490a4ee1e6::SEC=970920000023|BUILDING_GAP8:20230101_000000::RLB-29cced30-e446-4a36-8800-607554dfefde::SEC=970920000023|BUILDING_GAP8:20230101_000000::RLB-7495cb52-c7ea-474f-b541-90ada4d84e8e::SEC=970920000023|BUILDING_GAP8:20230101_000000::RLB-9a67877f-3469-4a31-8d6f-ade2880b0427::SEC=970920000020|BUILDING_GAP8:20230101_000000::RLB-a274c0d4-cba4-4f54-8088-8249536c62f6::SEC=970920000023|BUILDING_GAP8:20230101_000000::RLB-b23f58ea-5a03-4d8c-b822-83bfa4646bfe::SEC=970920000023|BUILDING_GAP8:20230101_000000::RLB-e231a7c9-593d-43df-82f6-743a669d8842::SEC=970920000023|BUILDING_GAP8:20230101_000000::RLB-e3e773fe-c9dd-4649-839e-ad2977b2eaf3::SEC=970920000023|BUILDING_GAP8:20230101_000000::RLB-e6b04e5c-30ed-4b73-bfda-19d1d2daa301::SEC=970920000023|BUILDING_GAP8:20230101_000000::RLB-ed3d7a13-0013-4a5e-a9d9-1e3af172a370::SEC=970920000023|BUILDING_GAP8:20230101_000000::RLB-f325a5ae-11e7-4654-bd00-373476419835::SEC=970920000023", "discovery_seed_count": 11, "walk_graph_node_id": 2961, "walk_graph_connector_m": 5.1199180293539817, "walk_graph_connector_min": 0.063998975366924768, "walk_graph_snap_ok": true, "population_reachable_5min": 263.49877048230456, "population_additional_5min": 256.29395949624399, "existing_catchment_overlap_population_5min": 7.2048109860605702, "existing_catchment_overlap_pct_5min": 2.734286377455569, "population_reachable_8min": 484.62372854115182, "population_additional_8min": 316.45071327617848, "existing_catchment_overlap_population_8min": 168.17301526497334, "existing_catchment_overlap_pct_8min": 34.701770747218568, "population_reachable_10min": 606.67423659821645, "population_additional_10min": 175.82290656926335, "existing_catchment_overlap_population_10min": 430.85133002895316, "existing_catchment_overlap_pct_10min": 71.018563841585063, "population_reachable_12min": 921.54178427679369, "population_additional_12min": 65.438814533657805, "existing_catchment_overlap_population_12min": 856.10296974313587, "existing_catchment_overlap_pct_12min": 92.898985629282905, "nearest_official_stop_walk_network_m": 646.71490176166549, "nearest_official_stop_cluster_id": "EX_027", "nearby_official_routes": "D184", "nearby_official_route_count": 1, "settlement_coverage_10min_count": 3, "settlement_additional_10min_count": 2, "settlement_additional_10min_names": "Perego|Roncada", "destination_coverage_10min_count": 1, "destination_additional_10min_count": 1, "destination_additional_10min_names": "OSM amenity:townhall 143996275", "pruned_near_existing_stop": false, "pruned_no_access_gain": false, "candidate_id": "P2V2S_0106", "stop_type": "PROPOSED_STOP", "physical_status": "FIELD_CHECK_PENDING", "epistemic_status": "PROPOSED_STOP/FIELD_CHECK_PENDING", "road_eligibility_status": "DERIVED_GATE_D_BUS_ELIGIBLE", "candidate_status": "HYPOTHESIS_NOT_RECOMMENDATION", "population_spatial_model": "DASYMETRIC_BUILDING_SECTION_INTERSECTION_V2", "discovery_area_contract": "ANALYSIS_ENVELOPE_PLUS_INHERITED_150M_SITING_BUFFER", "potential_interchange_with_reference_gtfs": false, "interchange_evidence_status": "DERIVED_FROM_REFERENCE_PERIOD_GTFS_PROXIMITY_NOT_CURRENT_SERVICE_GUARANTEE", "discovery_sample_spacing_m_assumption": 150.0, "candidate_pruning_radius_m_assumption": 220.0, "source_gate_b_commit": "55d726564e13acca55ce563cc911263ac513acb0", "source_gate_d_commit": "7c220f7586d0f6e5cccd14a2d518be52eb1c4a55", "source_building_population_head": "29203ad64c3e32e6164ef6997933eb5c5ff2d5b1", "source_analysis_envelope_commit": "8a4608a60ecb367535814d965822e7502ae31eb9", "PRO_COM_T": "097092", "COMUNE": "La Valletta Brianza", "analysis_role": "UNSPECIFIED", "municipal_2021_resident_work_commuters_context": 1796.0, "municipal_2021_outbound_workers_context": 1521.0, "od_2021_context_status": "FACT_ISTAT_2021_WORK_COMMUTING_MUNICIPAL_ONLY_NOT_STOP_DEMAND" }, "geometry": { "type": "Point", "coordinates": [ 9.355760862539897, 45.73744146834489 ] } },
{ "type": "Feature", "properties": { "osm_way_id": "1430856314", "highway": "service", "road_uncertainty_flags": "missing_lanes|missing_maxheight|missing_maxweight|missing_maxwidth|missing_width", "sample_index": 1, "x_utm32": 530399.57876276132, "y_utm32": 5064950.2107424494, "lon": 9.3907514802055907, "lat": 45.737440223285894, "discovery_evidence": "BUILDING_GAP8:20230101_000000::RLB-bf14ab5c-2d05-43f4-8551-5a86877c976c::SEC=970580000010|BUILDING_GAP8:20230101_000000::RLB-d84acb4e-b32b-4f6e-b2ee-7a95927682d9::SEC=970580000008|BUILDING_GAP8:20230101_000000::RLB-d84acb4e-b32b-4f6e-b2ee-7a95927682d9::SEC=970580000025|BUILDING_GAP8:20230101_000000::RLB-fcb9298b-d129-4fcd-9429-33f94d67a1fa::SEC=970580000008", "discovery_seed_count": 4, "walk_graph_node_id": 13781, "walk_graph_connector_m": 6.3354283441750656, "walk_graph_connector_min": 0.079192854302188323, "walk_graph_snap_ok": true, "population_reachable_5min": 20.694408529950991, "population_additional_5min": 20.694408529950991, "existing_catchment_overlap_population_5min": 0.0, "existing_catchment_overlap_pct_5min": 0.0, "population_reachable_8min": 212.98761192962243, "population_additional_8min": 6.4448507357637661, "existing_catchment_overlap_population_8min": 206.54276119385869, "existing_catchment_overlap_pct_8min": 96.97407249305499, "population_reachable_10min": 336.52059742489257, "population_additional_10min": 0.0, "existing_catchment_overlap_population_10min": 336.52059742489257, "existing_catchment_overlap_pct_10min": 100.0, "population_reachable_12min": 535.6012518708776, "population_additional_12min": 0.0, "existing_catchment_overlap_population_12min": 535.6012518708776, "existing_catchment_overlap_pct_12min": 100.0, "nearest_official_stop_walk_network_m": 745.64311021024832, "nearest_official_stop_cluster_id": "EX_037", "nearby_official_routes": "D148", "nearby_official_route_count": 1, "settlement_coverage_10min_count": 2, "settlement_additional_10min_count": 0, "settlement_additional_10min_names": "", "destination_coverage_10min_count": 0, "destination_additional_10min_count": 0, "destination_additional_10min_names": "", "pruned_near_existing_stop": false, "pruned_no_access_gain": false, "candidate_id": "P2V2S_0107", "stop_type": "PROPOSED_STOP", "physical_status": "FIELD_CHECK_PENDING", "epistemic_status": "PROPOSED_STOP/FIELD_CHECK_PENDING", "road_eligibility_status": "DERIVED_GATE_D_BUS_ELIGIBLE", "candidate_status": "HYPOTHESIS_NOT_RECOMMENDATION", "population_spatial_model": "DASYMETRIC_BUILDING_SECTION_INTERSECTION_V2", "discovery_area_contract": "ANALYSIS_ENVELOPE_PLUS_INHERITED_150M_SITING_BUFFER", "potential_interchange_with_reference_gtfs": false, "interchange_evidence_status": "DERIVED_FROM_REFERENCE_PERIOD_GTFS_PROXIMITY_NOT_CURRENT_SERVICE_GUARANTEE", "discovery_sample_spacing_m_assumption": 150.0, "candidate_pruning_radius_m_assumption": 220.0, "source_gate_b_commit": "55d726564e13acca55ce563cc911263ac513acb0", "source_gate_d_commit": "7c220f7586d0f6e5cccd14a2d518be52eb1c4a55", "source_building_population_head": "29203ad64c3e32e6164ef6997933eb5c5ff2d5b1", "source_analysis_envelope_commit": "8a4608a60ecb367535814d965822e7502ae31eb9", "PRO_COM_T": "097058", "COMUNE": "Olgiate Molgora", "analysis_role": "UNSPECIFIED", "municipal_2021_resident_work_commuters_context": 2287.0, "municipal_2021_outbound_workers_context": 1961.0, "od_2021_context_status": "FACT_ISTAT_2021_WORK_COMMUTING_MUNICIPAL_ONLY_NOT_STOP_DEMAND" }, "geometry": { "type": "Point", "coordinates": [ 9.390751480205591, 45.737440223285894 ] } },
{ "type": "Feature", "properties": { "osm_way_id": "223574565", "highway": "unclassified", "road_uncertainty_flags": "missing_lanes|missing_maxheight|missing_maxweight|missing_maxwidth|missing_width", "sample_index": 0, "x_utm32": 532291.79244220338, "y_utm32": 5064987.8396897353, "lon": 9.4150755857990358, "lat": 45.737693133240427, "discovery_evidence": "BUILDING_GAP8:20230101_000000::RLB-16827d7e-2a69-4572-b813-0fb512b9a5af::SEC=970580000002", "discovery_seed_count": 1, "walk_graph_node_id": 20472, "walk_graph_connector_m": 1.8929955140428123, "walk_graph_connector_min": 0.023662443925535154, "walk_graph_snap_ok": true, "population_reachable_5min": 586.4070978806335, "population_additional_5min": 394.88250685102855, "existing_catchment_overlap_population_5min": 191.52459102960484, "existing_catchment_overlap_pct_5min": 32.660687723904516, "population_reachable_8min": 1178.7441982215828, "population_additional_8min": 494.25132923784076, "existing_catchment_overlap_population_8min": 684.49286898374214, "existing_catchment_overlap_pct_8min": 58.069670248766712, "population_reachable_10min": 1456.5192597717187, "population_additional_10min": 131.2491450302123, "existing_catchment_overlap_population_10min": 1325.2701147415064, "existing_catchment_overlap_pct_10min": 90.988849330369774, "population_reachable_12min": 1749.9517966062695, "population_additional_12min": 30.263559129389915, "existing_catchment_overlap_population_12min": 1719.6882374768797, "existing_catchment_overlap_pct_12min": 98.270606128232757, "nearest_official_stop_walk_network_m": 540.1505686514123, "nearest_official_stop_cluster_id": "EX_035", "nearby_official_routes": "D148|D150|D185", "nearby_official_route_count": 3, "settlement_coverage_10min_count": 1, "settlement_additional_10min_count": 0, "settlement_additional_10min_names": "", "destination_coverage_10min_count": 1, "destination_additional_10min_count": 0, "destination_additional_10min_names": "", "pruned_near_existing_stop": false, "pruned_no_access_gain": false, "candidate_id": "P2V2S_0108", "stop_type": "PROPOSED_STOP", "physical_status": "FIELD_CHECK_PENDING", "epistemic_status": "PROPOSED_STOP/FIELD_CHECK_PENDING", "road_eligibility_status": "DERIVED_GATE_D_BUS_ELIGIBLE", "candidate_status": "HYPOTHESIS_NOT_RECOMMENDATION", "population_spatial_model": "DASYMETRIC_BUILDING_SECTION_INTERSECTION_V2", "discovery_area_contract": "ANALYSIS_ENVELOPE_PLUS_INHERITED_150M_SITING_BUFFER", "potential_interchange_with_reference_gtfs": false, "interchange_evidence_status": "DERIVED_FROM_REFERENCE_PERIOD_GTFS_PROXIMITY_NOT_CURRENT_SERVICE_GUARANTEE", "discovery_sample_spacing_m_assumption": 150.0, "candidate_pruning_radius_m_assumption": 220.0, "source_gate_b_commit": "55d726564e13acca55ce563cc911263ac513acb0", "source_gate_d_commit": "7c220f7586d0f6e5cccd14a2d518be52eb1c4a55", "source_building_population_head": "29203ad64c3e32e6164ef6997933eb5c5ff2d5b1", "source_analysis_envelope_commit": "8a4608a60ecb367535814d965822e7502ae31eb9", "PRO_COM_T": "097058", "COMUNE": "Olgiate Molgora", "analysis_role": "UNSPECIFIED", "municipal_2021_resident_work_commuters_context": 2287.0, "municipal_2021_outbound_workers_context": 1961.0, "od_2021_context_status": "FACT_ISTAT_2021_WORK_COMMUTING_MUNICIPAL_ONLY_NOT_STOP_DEMAND" }, "geometry": { "type": "Point", "coordinates": [ 9.415075585799036, 45.737693133240427 ] } },
{ "type": "Feature", "properties": { "osm_way_id": "143945586", "highway": "tertiary", "road_uncertainty_flags": "missing_maxheight|missing_maxweight|missing_maxwidth|missing_width", "sample_index": 0, "x_utm32": 527385.94107709394, "y_utm32": 5065050.5463721314, "lon": 9.3520211012615739, "lat": 45.738469216147536, "discovery_evidence": "BUILDING_GAP8:20230101_000000::RLB-0724a9e2-fc6f-4316-b412-ab54e0d1b5e3::SEC=970920000023|BUILDING_GAP8:20230101_000000::RLB-9f645d39-088a-4a82-a610-13f41eeb12c1::SEC=970920000023", "discovery_seed_count": 2, "walk_graph_node_id": 2425, "walk_graph_connector_m": 3.0282397291940737, "walk_graph_connector_min": 0.037852996614925923, "walk_graph_snap_ok": true, "population_reachable_5min": 135.1303937083139, "population_additional_5min": 135.1303937083139, "existing_catchment_overlap_population_5min": 0.0, "existing_catchment_overlap_pct_5min": 0.0, "population_reachable_8min": 252.92413555607303, "population_additional_8min": 222.19519957455827, "existing_catchment_overlap_population_8min": 30.728935981514763, "existing_catchment_overlap_pct_8min": 12.149467631451957, "population_reachable_10min": 371.47972451858004, "population_additional_10min": 157.74551440041577, "existing_catchment_overlap_population_10min": 213.73421011816436, "existing_catchment_overlap_pct_10min": 57.535901964812119, "population_reachable_12min": 523.65805731199168, "population_additional_12min": 61.696589948384378, "existing_catchment_overlap_population_12min": 461.96146736360726, "existing_catchment_overlap_pct_12min": 88.218153222910118, "nearest_official_stop_walk_network_m": 966.8459365894746, "nearest_official_stop_cluster_id": "EX_027", "nearby_official_routes": "D184", "nearby_official_route_count": 1, "settlement_coverage_10min_count": 2, "settlement_additional_10min_count": 2, "settlement_additional_10min_names": "Perego|Roncada", "destination_coverage_10min_count": 1, "destination_additional_10min_count": 1, "destination_additional_10min_names": "OSM amenity:townhall 143996275", "pruned_near_existing_stop": false, "pruned_no_access_gain": false, "candidate_id": "P2V2S_0109", "stop_type": "PROPOSED_STOP", "physical_status": "FIELD_CHECK_PENDING", "epistemic_status": "PROPOSED_STOP/FIELD_CHECK_PENDING", "road_eligibility_status": "DERIVED_GATE_D_BUS_ELIGIBLE", "candidate_status": "HYPOTHESIS_NOT_RECOMMENDATION", "population_spatial_model": "DASYMETRIC_BUILDING_SECTION_INTERSECTION_V2", "discovery_area_contract": "ANALYSIS_ENVELOPE_PLUS_INHERITED_150M_SITING_BUFFER", "potential_interchange_with_reference_gtfs": false, "interchange_evidence_status": "DERIVED_FROM_REFERENCE_PERIOD_GTFS_PROXIMITY_NOT_CURRENT_SERVICE_GUARANTEE", "discovery_sample_spacing_m_assumption": 150.0, "candidate_pruning_radius_m_assumption": 220.0, "source_gate_b_commit": "55d726564e13acca55ce563cc911263ac513acb0", "source_gate_d_commit": "7c220f7586d0f6e5cccd14a2d518be52eb1c4a55", "source_building_population_head": "29203ad64c3e32e6164ef6997933eb5c5ff2d5b1", "source_analysis_envelope_commit": "8a4608a60ecb367535814d965822e7502ae31eb9", "PRO_COM_T": "097092", "COMUNE": "La Valletta Brianza", "analysis_role": "UNSPECIFIED", "municipal_2021_resident_work_commuters_context": 1796.0, "municipal_2021_outbound_workers_context": 1521.0, "od_2021_context_status": "FACT_ISTAT_2021_WORK_COMMUTING_MUNICIPAL_ONLY_NOT_STOP_DEMAND" }, "geometry": { "type": "Point", "coordinates": [ 9.352021101261574, 45.738469216147536 ] } },
{ "type": "Feature", "properties": { "osm_way_id": "242013830", "highway": "service", "road_uncertainty_flags": "conditional_access=destination|missing_lanes|missing_maxheight|missing_maxweight|missing_maxwidth|missing_width", "sample_index": 1, "x_utm32": 529424.47934292466, "y_utm32": 5065055.5964509938, "lon": 9.378224387391592, "lat": 45.738430931849308, "discovery_evidence": "BUILDING_GAP8:20230101_000000::RLB-4e74212b-0f64-46ee-9a82-4f16e914fcbc::SEC=970740000013", "discovery_seed_count": 1, "walk_graph_node_id": 9347, "walk_graph_connector_m": 10.202914253995994, "walk_graph_connector_min": 0.12753642817494992, "walk_graph_snap_ok": true, "population_reachable_5min": 2.4667334613192109, "population_additional_5min": 2.4667334613192109, "existing_catchment_overlap_population_5min": 0.0, "existing_catchment_overlap_pct_5min": 0.0, "population_reachable_8min": 20.98154211407693, "population_additional_8min": 2.4667334613192109, "existing_catchment_overlap_population_8min": 18.514808652757718, "existing_catchment_overlap_pct_8min": 88.243316683265945, "population_reachable_10min": 154.36111685105286, "population_additional_10min": 0.0, "existing_catchment_overlap_population_10min": 154.36111685105286, "existing_catchment_overlap_pct_10min": 100.0, "population_reachable_12min": 478.9850533997905, "population_additional_12min": 0.0, "existing_catchment_overlap_population_12min": 478.9850533997905, "existing_catchment_overlap_pct_12min": 100.0, "nearest_official_stop_walk_network_m": 531.72771996899166, "nearest_official_stop_cluster_id": "EX_025", "nearby_official_routes": "D184", "nearby_official_route_count": 1, "settlement_coverage_10min_count": 1, "settlement_additional_10min_count": 0, "settlement_additional_10min_names": "", "destination_coverage_10min_count": 0, "destination_additional_10min_count": 0, "destination_additional_10min_names": "", "pruned_near_existing_stop": false, "pruned_no_access_gain": false, "candidate_id": "P2V2S_0110", "stop_type": "PROPOSED_STOP", "physical_status": "FIELD_CHECK_PENDING", "epistemic_status": "PROPOSED_STOP/FIELD_CHECK_PENDING", "road_eligibility_status": "DERIVED_GATE_D_BUS_ELIGIBLE", "candidate_status": "HYPOTHESIS_NOT_RECOMMENDATION", "population_spatial_model": "DASYMETRIC_BUILDING_SECTION_INTERSECTION_V2", "discovery_area_contract": "ANALYSIS_ENVELOPE_PLUS_INHERITED_150M_SITING_BUFFER", "potential_interchange_with_reference_gtfs": false, "interchange_evidence_status": "DERIVED_FROM_REFERENCE_PERIOD_GTFS_PROXIMITY_NOT_CURRENT_SERVICE_GUARANTEE", "discovery_sample_spacing_m_assumption": 150.0, "candidate_pruning_radius_m_assumption": 220.0, "source_gate_b_commit": "55d726564e13acca55ce563cc911263ac513acb0", "source_gate_d_commit": "7c220f7586d0f6e5cccd14a2d518be52eb1c4a55", "source_building_population_head": "29203ad64c3e32e6164ef6997933eb5c5ff2d5b1", "source_analysis_envelope_commit": "8a4608a60ecb367535814d965822e7502ae31eb9", "PRO_COM_T": "097074", "COMUNE": "Santa Maria HoÃ¨", "analysis_role": "UNSPECIFIED", "municipal_2021_resident_work_commuters_context": 836.0, "municipal_2021_outbound_workers_context": 724.0, "od_2021_context_status": "FACT_ISTAT_2021_WORK_COMMUTING_MUNICIPAL_ONLY_NOT_STOP_DEMAND" }, "geometry": { "type": "Point", "coordinates": [ 9.378224387391592, 45.738430931849308 ] } },
{ "type": "Feature", "properties": { "osm_way_id": "1463998897", "highway": "service", "road_uncertainty_flags": "missing_lanes|missing_maxheight|missing_maxweight|missing_maxwidth|missing_width", "sample_index": 0, "x_utm32": 531496.42610611755, "y_utm32": 5065066.4495692039, "lon": 9.404857397801603, "lat": 45.7384373476471, "discovery_evidence": "BUILDING_GAP8:20230101_000000::RLB-2d146d82-b0fa-46e0-bd9e-e40e9c0da5c2::SEC=970580000025|BUILDING_GAP8:20230101_000000::RLB-2d146d82-b0fa-46e0-bd9e-e40e9c0da5c2::SEC=970580000037|BUILDING_GAP8:20230101_000000::RLB-ccaa0601-9c43-4761-ab8a-7162245a83e3::SEC=970580000037|BUILDING_GAP8:20230101_000000::RLB-d2c457a4-1a04-473c-a9f6-ffe31854b303::SEC=970580000025|BUILDING_GAP8:20230101_000000::RLB-d2c457a4-1a04-473c-a9f6-ffe31854b303::SEC=970580000037", "discovery_seed_count": 5, "walk_graph_node_id": 17908, "walk_graph_connector_m": 7.0355137052577241, "walk_graph_connector_min": 0.087943921315721554, "walk_graph_snap_ok": true, "population_reachable_5min": 70.446688735974135, "population_additional_5min": 70.446688735974135, "existing_catchment_overlap_population_5min": 0.0, "existing_catchment_overlap_pct_5min": 0.0, "population_reachable_8min": 388.23436757293206, "population_additional_8min": 179.85038669217147, "existing_catchment_overlap_population_8min": 208.38398088076056, "existing_catchment_overlap_pct_8min": 53.674789839829018, "population_reachable_10min": 663.44751601676353, "population_additional_10min": 109.34779618636456, "existing_catchment_overlap_population_10min": 554.09971983039895, "existing_catchment_overlap_pct_10min": 83.518244692078753, "population_reachable_12min": 1115.7714961582362, "population_additional_12min": 70.356339445428688, "existing_catchment_overlap_population_12min": 1045.4151567128074, "existing_catchment_overlap_pct_12min": 93.694377416193547, "nearest_official_stop_walk_network_m": 705.67179281945982, "nearest_official_stop_cluster_id": "EX_011", "nearby_official_routes": "D184|D185", "nearby_official_route_count": 2, "settlement_coverage_10min_count": 1, "settlement_additional_10min_count": 0, "settlement_additional_10min_names": "", "destination_coverage_10min_count": 0, "destination_additional_10min_count": 0, "destination_additional_10min_names": "", "pruned_near_existing_stop": false, "pruned_no_access_gain": false, "candidate_id": "P2V2S_0111", "stop_type": "PROPOSED_STOP", "physical_status": "FIELD_CHECK_PENDING", "epistemic_status": "PROPOSED_STOP/FIELD_CHECK_PENDING", "road_eligibility_status": "DERIVED_GATE_D_BUS_ELIGIBLE", "candidate_status": "HYPOTHESIS_NOT_RECOMMENDATION", "population_spatial_model": "DASYMETRIC_BUILDING_SECTION_INTERSECTION_V2", "discovery_area_contract": "ANALYSIS_ENVELOPE_PLUS_INHERITED_150M_SITING_BUFFER", "potential_interchange_with_reference_gtfs": false, "interchange_evidence_status": "DERIVED_FROM_REFERENCE_PERIOD_GTFS_PROXIMITY_NOT_CURRENT_SERVICE_GUARANTEE", "discovery_sample_spacing_m_assumption": 150.0, "candidate_pruning_radius_m_assumption": 220.0, "source_gate_b_commit": "55d726564e13acca55ce563cc911263ac513acb0", "source_gate_d_commit": "7c220f7586d0f6e5cccd14a2d518be52eb1c4a55", "source_building_population_head": "29203ad64c3e32e6164ef6997933eb5c5ff2d5b1", "source_analysis_envelope_commit": "8a4608a60ecb367535814d965822e7502ae31eb9", "PRO_COM_T": "097058", "COMUNE": "Olgiate Molgora", "analysis_role": "UNSPECIFIED", "municipal_2021_resident_work_commuters_context": 2287.0, "municipal_2021_outbound_workers_context": 1961.0, "od_2021_context_status": "FACT_ISTAT_2021_WORK_COMMUTING_MUNICIPAL_ONLY_NOT_STOP_DEMAND" }, "geometry": { "type": "Point", "coordinates": [ 9.404857397801603, 45.7384373476471 ] } },
{ "type": "Feature", "properties": { "osm_way_id": "223281172", "highway": "unclassified", "road_uncertainty_flags": "missing_lanes|missing_maxheight|missing_maxweight|missing_maxwidth|missing_width", "sample_index": 1, "x_utm32": 534563.12524339091, "y_utm32": 5065071.4412421929, "lon": 9.4442761889010001, "lat": 45.738335794661609, "discovery_evidence": "BUILDING_GAP8:20230101_000000::RLB-1ef84e56-5434-4011-afad-df3792c0c9a6::SEC=970100000003|BUILDING_GAP8:20230101_000000::RLB-8862a5e6-043a-42a0-b0c9-49b25090f584::SEC=970100000003|BUILDING_GAP8:20230101_000000::RLB-90c8f1fa-61d3-49c4-93df-fbe677326f7d::SEC=970100000003|BUILDING_GAP8:20230101_000000::RLB-c26c60ea-dc25-4d92-b965-7858befca495::SEC=970100000003|BUILDING_GAP8:20230101_000000::RLB-d656e46b-4c15-4731-a722-573ca3ae7304::SEC=970100000003|BUILDING_GAP8:20230101_000000::RLB-ea173bac-5bf2-4c8a-b67f-1a118614ee7c::SEC=970100000003", "discovery_seed_count": 6, "walk_graph_node_id": 26903, "walk_graph_connector_m": 0.27214524679283852, "walk_graph_connector_min": 0.0034018155849104815, "walk_graph_snap_ok": true, "population_reachable_5min": 101.51488411123782, "population_additional_5min": 84.148584739651881, "existing_catchment_overlap_population_5min": 17.366299371585949, "existing_catchment_overlap_pct_5min": 17.107145935916485, "population_reachable_8min": 231.56930900820709, "population_additional_8min": 89.179487612199566, "existing_catchment_overlap_population_8min": 142.38982139600756, "existing_catchment_overlap_pct_8min": 61.489072971652348, "population_reachable_10min": 614.16213426845241, "population_additional_10min": 22.970963699301183, "existing_catchment_overlap_population_10min": 591.19117056915115, "existing_catchment_overlap_pct_10min": 96.259788349429471, "population_reachable_12min": 1141.7717030287276, "population_additional_12min": 2.9567691320503844, "existing_catchment_overlap_population_12min": 1138.8149338966775, "existing_catchment_overlap_pct_12min": 99.741036748046312, "nearest_official_stop_walk_network_m": 575.13562983316444, "nearest_official_stop_cluster_id": "EX_002", "nearby_official_routes": "D150|D185", "nearby_official_route_count": 2, "settlement_coverage_10min_count": 0, "settlement_additional_10min_count": 0, "settlement_additional_10min_names": "", "destination_coverage_10min_count": 0, "destination_additional_10min_count": 0, "destination_additional_10min_names": "", "pruned_near_existing_stop": false, "pruned_no_access_gain": false, "candidate_id": "P2V2S_0112", "stop_type": "PROPOSED_STOP", "physical_status": "FIELD_CHECK_PENDING", "epistemic_status": "PROPOSED_STOP/FIELD_CHECK_PENDING", "road_eligibility_status": "DERIVED_GATE_D_BUS_ELIGIBLE", "candidate_status": "HYPOTHESIS_NOT_RECOMMENDATION", "population_spatial_model": "DASYMETRIC_BUILDING_SECTION_INTERSECTION_V2", "discovery_area_contract": "ANALYSIS_ENVELOPE_PLUS_INHERITED_150M_SITING_BUFFER", "potential_interchange_with_reference_gtfs": false, "interchange_evidence_status": "DERIVED_FROM_REFERENCE_PERIOD_GTFS_PROXIMITY_NOT_CURRENT_SERVICE_GUARANTEE", "discovery_sample_spacing_m_assumption": 150.0, "candidate_pruning_radius_m_assumption": 220.0, "source_gate_b_commit": "55d726564e13acca55ce563cc911263ac513acb0", "source_gate_d_commit": "7c220f7586d0f6e5cccd14a2d518be52eb1c4a55", "source_building_population_head": "29203ad64c3e32e6164ef6997933eb5c5ff2d5b1", "source_analysis_envelope_commit": "8a4608a60ecb367535814d965822e7502ae31eb9", "PRO_COM_T": "097010", "COMUNE": "Brivio", "analysis_role": "UNSPECIFIED", "municipal_2021_resident_work_commuters_context": 1662.0, "municipal_2021_outbound_workers_context": 1339.0, "od_2021_context_status": "FACT_ISTAT_2021_WORK_COMMUTING_MUNICIPAL_ONLY_NOT_STOP_DEMAND" }, "geometry": { "type": "Point", "coordinates": [ 9.444276188901, 45.738335794661609 ] } },
{ "type": "Feature", "properties": { "osm_way_id": "581532427", "highway": "unclassified", "road_uncertainty_flags": "missing_lanes|missing_maxheight|missing_maxweight|missing_maxwidth|missing_width", "sample_index": 0, "x_utm32": 531965.30840747769, "y_utm32": 5065088.2966434695, "lon": 9.4108857326098967, "lat": 45.738612467388776, "discovery_evidence": "BUILDING_GAP8:20230101_000000::RLB-04475073-7221-416f-8bf5-94ab7a4c4888::SEC=970580000001|BUILDING_GAP8:20230101_000000::RLB-1b56f718-84eb-476f-9bd6-dea2cf360a10::SEC=970580000001|BUILDING_GAP8:20230101_000000::RLB-33d5607f-bc30-4aa7-aceb-07d248422a21::SEC=970580000001|BUILDING_GAP8:20230101_000000::RLB-376b49ef-801a-44f0-bdc6-fa969c48e0b6::SEC=970580000001|BUILDING_GAP8:20230101_000000::RLB-47ac58e0-64e5-4048-9f39-cb90639019e8::SEC=970580000001|BUILDING_GAP8:20230101_000000::RLB-5bcb54cd-1d60-47eb-91f2-26be9b7d3428::SEC=970580000001|BUILDING_GAP8:20230101_000000::RLB-6125adee-9276-4c17-adde-5d704f986613::SEC=970580000001|BUILDING_GAP8:20230101_000000::RLB-748f78f9-d93a-4836-8eb6-b153ca513453::SEC=970580000001|BUILDING_GAP8:20230101_000000::RLB-7c81d38e-ffd7-4d36-9e74-4d594f36df02::SEC=970580000001|BUILDING_GAP8:20230101_000000::RLB-85788d4d-2368-4c37-8c9b-a02088dc172a::SEC=970580000001|BUILDING_GAP8:20230101_000000::RLB-8c7a0872-50e8-46e1-953e-1747780b3ac6::SEC=970580000001|BUILDING_GAP8:20230101_000000::RLB-965d32e0-c9b9-472d-8a8a-f50e70267ee8::SEC=970580000025|BUILDING_GAP8:20230101_000000::RLB-ae88323c-33f3-479f-8c19-cd08d4b211a3::SEC=970580000025|BUILDING_GAP8:20230101_000000::RLB-c22f0b33-e4b6-455e-a258-ae399f04be09::SEC=970580000001|BUILDING_GAP8:20230101_000000::RLB-c34fc7fb-8d91-4b71-b55e-ca4ca252369f::SEC=970580000001|BUILDING_GAP8:20230101_000000::RLB-c797f4e1-1264-4c36-8a8b-63abb4634024::SEC=970580000001|BUILDING_GAP8:20230101_000000::RLB-d537cff7-5c51-4bd0-bad6-1ee54d47398f::SEC=970580000001|BUILDING_GAP8:20230101_000000::RLB-d6110bad-755e-4d8c-9999-c1499ff8da7f::SEC=970580000001|BUILDING_GAP8:20230101_000000::RLB-d7cdee7e-c091-483f-b9cf-0ed48664017d::SEC=970580000001|BUILDING_GAP8:20230101_000000::RLB-da64ff1c-2e4b-4175-a927-a3c781257769::SEC=970580000001|BUILDING_GAP8:20230101_000000::RLB-e63451b3-ccf3-4b92-aace-a38760c7bf40::SEC=970580000001|BUILDING_GAP8:20230101_000000::RLB-eb3232d8-8c29-4dce-a110-65c2a9b3811f::SEC=970580000001|BUILDING_GAP8:20230101_000000::RLB-f9829d5b-7aaf-4a33-989e-5a5c14875ad5::SEC=970580000001", "discovery_seed_count": 23, "walk_graph_node_id": 19502, "walk_graph_connector_m": 16.3460727527935, "walk_graph_connector_min": 0.20432590940991874, "walk_graph_snap_ok": true, "population_reachable_5min": 407.05227055150698, "population_additional_5min": 407.05227055150698, "existing_catchment_overlap_population_5min": 0.0, "existing_catchment_overlap_pct_5min": 0.0, "population_reachable_8min": 758.5469409814491, "population_additional_8min": 469.79899893270317, "existing_catchment_overlap_population_8min": 288.74794204874593, "existing_catchment_overlap_pct_8min": 38.065929271977318, "population_reachable_10min": 1257.640606292254, "population_additional_10min": 154.11908724687822, "existing_catchment_overlap_population_10min": 1103.521519045376, "existing_catchment_overlap_pct_10min": 87.745379206445293, "population_reachable_12min": 1754.9109566285806, "population_additional_12min": 35.559902451425415, "existing_catchment_overlap_population_12min": 1719.3510541771552, "existing_catchment_overlap_pct_12min": 97.973691923393034, "nearest_official_stop_walk_network_m": 922.49742958720128, "nearest_official_stop_cluster_id": "EX_035", "nearby_official_routes": "D148|D150|D185", "nearby_official_route_count": 3, "settlement_coverage_10min_count": 1, "settlement_additional_10min_count": 0, "settlement_additional_10min_names": "", "destination_coverage_10min_count": 1, "destination_additional_10min_count": 0, "destination_additional_10min_names": "", "pruned_near_existing_stop": false, "pruned_no_access_gain": false, "candidate_id": "P2V2S_0113", "stop_type": "PROPOSED_STOP", "physical_status": "FIELD_CHECK_PENDING", "epistemic_status": "PROPOSED_STOP/FIELD_CHECK_PENDING", "road_eligibility_status": "DERIVED_GATE_D_BUS_ELIGIBLE", "candidate_status": "HYPOTHESIS_NOT_RECOMMENDATION", "population_spatial_model": "DASYMETRIC_BUILDING_SECTION_INTERSECTION_V2", "discovery_area_contract": "ANALYSIS_ENVELOPE_PLUS_INHERITED_150M_SITING_BUFFER", "potential_interchange_with_reference_gtfs": false, "interchange_evidence_status": "DERIVED_FROM_REFERENCE_PERIOD_GTFS_PROXIMITY_NOT_CURRENT_SERVICE_GUARANTEE", "discovery_sample_spacing_m_assumption": 150.0, "candidate_pruning_radius_m_assumption": 220.0, "source_gate_b_commit": "55d726564e13acca55ce563cc911263ac513acb0", "source_gate_d_commit": "7c220f7586d0f6e5cccd14a2d518be52eb1c4a55", "source_building_population_head": "29203ad64c3e32e6164ef6997933eb5c5ff2d5b1", "source_analysis_envelope_commit": "8a4608a60ecb367535814d965822e7502ae31eb9", "PRO_COM_T": "097058", "COMUNE": "Olgiate Molgora", "analysis_role": "UNSPECIFIED", "municipal_2021_resident_work_commuters_context": 2287.0, "municipal_2021_outbound_workers_context": 1961.0, "od_2021_context_status": "FACT_ISTAT_2021_WORK_COMMUTING_MUNICIPAL_ONLY_NOT_STOP_DEMAND" }, "geometry": { "type": "Point", "coordinates": [ 9.410885732609897, 45.738612467388776 ] } },
{ "type": "Feature", "properties": { "osm_way_id": "606327563", "highway": "tertiary", "road_uncertainty_flags": "missing_maxheight|missing_maxweight|missing_maxwidth|missing_width", "sample_index": 0, "x_utm32": 534789.32952371507, "y_utm32": 5065105.371382881, "lon": 9.4471861790249765, "lat": 45.738629839162925, "discovery_evidence": "BUILDING_GAP8:20230101_000000::RLB-d6544bc9-9b5a-4d80-8344-f04b23265bbe::SEC=970100000042", "discovery_seed_count": 1, "walk_graph_node_id": 27560, "walk_graph_connector_m": 7.0503787108061546, "walk_graph_connector_min": 0.08812973388507693, "walk_graph_snap_ok": true, "population_reachable_5min": 181.28637405140333, "population_additional_5min": 50.495046720306149, "existing_catchment_overlap_population_5min": 130.79132733109719, "existing_catchment_overlap_pct_5min": 72.146253691417328, "population_reachable_8min": 896.9435962512124, "population_additional_8min": 60.724386550958947, "existing_catchment_overlap_population_8min": 836.21920970025337, "existing_catchment_overlap_pct_8min": 93.229854496452475, "population_reachable_10min": 1377.4733238336573, "population_additional_10min": 24.572209144681679, "existing_catchment_overlap_population_10min": 1352.9011146889757, "existing_catchment_overlap_pct_10min": 98.216139019208399, "population_reachable_12min": 1659.3238653437063, "population_additional_12min": 7.7722579330771948, "existing_catchment_overlap_population_12min": 1651.551607410629, "existing_catchment_overlap_pct_12min": 99.531600907128066, "nearest_official_stop_walk_network_m": 373.158001924757, "nearest_official_stop_cluster_id": "EX_002", "nearby_official_routes": "D150|D185", "nearby_official_route_count": 2, "settlement_coverage_10min_count": 2, "settlement_additional_10min_count": 0, "settlement_additional_10min_names": "", "destination_coverage_10min_count": 5, "destination_additional_10min_count": 0, "destination_additional_10min_names": "", "pruned_near_existing_stop": false, "pruned_no_access_gain": false, "candidate_id": "P2V2S_0114", "stop_type": "PROPOSED_STOP", "physical_status": "FIELD_CHECK_PENDING", "epistemic_status": "PROPOSED_STOP/FIELD_CHECK_PENDING", "road_eligibility_status": "DERIVED_GATE_D_BUS_ELIGIBLE", "candidate_status": "HYPOTHESIS_NOT_RECOMMENDATION", "population_spatial_model": "DASYMETRIC_BUILDING_SECTION_INTERSECTION_V2", "discovery_area_contract": "ANALYSIS_ENVELOPE_PLUS_INHERITED_150M_SITING_BUFFER", "potential_interchange_with_reference_gtfs": false, "interchange_evidence_status": "DERIVED_FROM_REFERENCE_PERIOD_GTFS_PROXIMITY_NOT_CURRENT_SERVICE_GUARANTEE", "discovery_sample_spacing_m_assumption": 150.0, "candidate_pruning_radius_m_assumption": 220.0, "source_gate_b_commit": "55d726564e13acca55ce563cc911263ac513acb0", "source_gate_d_commit": "7c220f7586d0f6e5cccd14a2d518be52eb1c4a55", "source_building_population_head": "29203ad64c3e32e6164ef6997933eb5c5ff2d5b1", "source_analysis_envelope_commit": "8a4608a60ecb367535814d965822e7502ae31eb9", "PRO_COM_T": "097010", "COMUNE": "Brivio", "analysis_role": "UNSPECIFIED", "municipal_2021_resident_work_commuters_context": 1662.0, "municipal_2021_outbound_workers_context": 1339.0, "od_2021_context_status": "FACT_ISTAT_2021_WORK_COMMUTING_MUNICIPAL_ONLY_NOT_STOP_DEMAND" }, "geometry": { "type": "Point", "coordinates": [ 9.447186179024976, 45.738629839162925 ] } },
{ "type": "Feature", "properties": { "osm_way_id": "1460724510", "highway": "service", "road_uncertainty_flags": "missing_lanes|missing_maxheight|missing_maxweight|missing_maxwidth|missing_width", "sample_index": 0, "x_utm32": 533662.97431987512, "y_utm32": 5065110.3647543965, "lon": 9.4327086462837517, "lat": 45.738730531450827, "discovery_evidence": "BUILDING_GAP8:20230101_000000::RLB-2f1514ee-b7f0-4da2-aeb0-7f212ee463bd::SEC=970100000026", "discovery_seed_count": 1, "walk_graph_node_id": 24396, "walk_graph_connector_m": 2.3297446352269069, "walk_graph_connector_min": 0.029121807940336336, "walk_graph_snap_ok": true, "population_reachable_5min": 149.58359830900906, "population_additional_5min": 38.27447530376584, "existing_catchment_overlap_population_5min": 111.30912300524324, "existing_catchment_overlap_pct_5min": 74.412652365335802, "population_reachable_8min": 573.39876114459037, "population_additional_8min": 19.654258322097071, "existing_catchment_overlap_population_8min": 553.74450282249336, "existing_catchment_overlap_pct_8min": 96.572322848611648, "population_reachable_10min": 1077.9270563109803, "population_additional_10min": 6.2214192883103756, "existing_catchment_overlap_population_10min": 1071.7056370226699, "existing_catchment_overlap_pct_10min": 99.422834852146465, "population_reachable_12min": 1533.0792977809742, "population_additional_12min": 2.5627548449164523, "existing_catchment_overlap_population_12min": 1530.5165429360579, "existing_catchment_overlap_pct_12min": 99.832836119525865, "nearest_official_stop_walk_network_m": 479.730443459561, "nearest_official_stop_cluster_id": "EX_008", "nearby_official_routes": "D150|D185", "nearby_official_route_count": 2, "settlement_coverage_10min_count": 1, "settlement_additional_10min_count": 0, "settlement_additional_10min_names": "", "destination_coverage_10min_count": 2, "destination_additional_10min_count": 0, "destination_additional_10min_names": "", "pruned_near_existing_stop": false, "pruned_no_access_gain": false, "candidate_id": "P2V2S_0115", "stop_type": "PROPOSED_STOP", "physical_status": "FIELD_CHECK_PENDING", "epistemic_status": "PROPOSED_STOP/FIELD_CHECK_PENDING", "road_eligibility_status": "DERIVED_GATE_D_BUS_ELIGIBLE", "candidate_status": "HYPOTHESIS_NOT_RECOMMENDATION", "population_spatial_model": "DASYMETRIC_BUILDING_SECTION_INTERSECTION_V2", "discovery_area_contract": "ANALYSIS_ENVELOPE_PLUS_INHERITED_150M_SITING_BUFFER", "potential_interchange_with_reference_gtfs": false, "interchange_evidence_status": "DERIVED_FROM_REFERENCE_PERIOD_GTFS_PROXIMITY_NOT_CURRENT_SERVICE_GUARANTEE", "discovery_sample_spacing_m_assumption": 150.0, "candidate_pruning_radius_m_assumption": 220.0, "source_gate_b_commit": "55d726564e13acca55ce563cc911263ac513acb0", "source_gate_d_commit": "7c220f7586d0f6e5cccd14a2d518be52eb1c4a55", "source_building_population_head": "29203ad64c3e32e6164ef6997933eb5c5ff2d5b1", "source_analysis_envelope_commit": "8a4608a60ecb367535814d965822e7502ae31eb9", "PRO_COM_T": "097010", "COMUNE": "Brivio", "analysis_role": "UNSPECIFIED", "municipal_2021_resident_work_commuters_context": 1662.0, "municipal_2021_outbound_workers_context": 1339.0, "od_2021_context_status": "FACT_ISTAT_2021_WORK_COMMUTING_MUNICIPAL_ONLY_NOT_STOP_DEMAND" }, "geometry": { "type": "Point", "coordinates": [ 9.432708646283752, 45.738730531450827 ] } },
{ "type": "Feature", "properties": { "osm_way_id": "215759431", "highway": "unclassified", "road_uncertainty_flags": "missing_lanes|missing_maxheight|missing_maxweight|missing_maxwidth|missing_width", "sample_index": 0, "x_utm32": 531268.08318262838, "y_utm32": 5065117.2483585207, "lon": 9.4019256144982783, "lat": 45.738904926765557, "discovery_evidence": "BUILDING_GAP8:20230101_000000::RLB-2d146d82-b0fa-46e0-bd9e-e40e9c0da5c2::SEC=970580000025|BUILDING_GAP8:20230101_000000::RLB-2d146d82-b0fa-46e0-bd9e-e40e9c0da5c2::SEC=970580000037|BUILDING_GAP8:20230101_000000::RLB-ccaa0601-9c43-4761-ab8a-7162245a83e3::SEC=970580000037", "discovery_seed_count": 3, "walk_graph_node_id": 17117, "walk_graph_connector_m": 12.833988697985633, "walk_graph_connector_min": 0.16042485872482043, "walk_graph_snap_ok": true, "population_reachable_5min": 26.238753302783781, "population_additional_5min": 26.238753302783781, "existing_catchment_overlap_population_5min": 0.0, "existing_catchment_overlap_pct_5min": 0.0, "population_reachable_8min": 134.40210539112311, "population_additional_8min": 134.40210539112311, "existing_catchment_overlap_population_8min": 0.0, "existing_catchment_overlap_pct_8min": 0.0, "population_reachable_10min": 243.2703971304615, "population_additional_10min": 214.60214652115812, "existing_catchment_overlap_population_10min": 28.668250609303428, "existing_catchment_overlap_pct_10min": 11.784520824343936, "population_reachable_12min": 401.35141879943285, "population_additional_12min": 191.39607992626097, "existing_catchment_overlap_population_12min": 209.95533887317191, "existing_catchment_overlap_pct_12min": 52.312095843890063, "nearest_official_stop_walk_network_m": 1081.0820489965581, "nearest_official_stop_cluster_id": "EX_011", "nearby_official_routes": "D184|D185", "nearby_official_route_count": 2, "settlement_coverage_10min_count": 1, "settlement_additional_10min_count": 1, "settlement_additional_10min_names": "Bruggione", "destination_coverage_10min_count": 0, "destination_additional_10min_count": 0, "destination_additional_10min_names": "", "pruned_near_existing_stop": false, "pruned_no_access_gain": false, "candidate_id": "P2V2S_0116", "stop_type": "PROPOSED_STOP", "physical_status": "FIELD_CHECK_PENDING", "epistemic_status": "PROPOSED_STOP/FIELD_CHECK_PENDING", "road_eligibility_status": "DERIVED_GATE_D_BUS_ELIGIBLE", "candidate_status": "HYPOTHESIS_NOT_RECOMMENDATION", "population_spatial_model": "DASYMETRIC_BUILDING_SECTION_INTERSECTION_V2", "discovery_area_contract": "ANALYSIS_ENVELOPE_PLUS_INHERITED_150M_SITING_BUFFER", "potential_interchange_with_reference_gtfs": false, "interchange_evidence_status": "DERIVED_FROM_REFERENCE_PERIOD_GTFS_PROXIMITY_NOT_CURRENT_SERVICE_GUARANTEE", "discovery_sample_spacing_m_assumption": 150.0, "candidate_pruning_radius_m_assumption": 220.0, "source_gate_b_commit": "55d726564e13acca55ce563cc911263ac513acb0", "source_gate_d_commit": "7c220f7586d0f6e5cccd14a2d518be52eb1c4a55", "source_building_population_head": "29203ad64c3e32e6164ef6997933eb5c5ff2d5b1", "source_analysis_envelope_commit": "8a4608a60ecb367535814d965822e7502ae31eb9", "PRO_COM_T": "097058", "COMUNE": "Olgiate Molgora", "analysis_role": "UNSPECIFIED", "municipal_2021_resident_work_commuters_context": 2287.0, "municipal_2021_outbound_workers_context": 1961.0, "od_2021_context_status": "FACT_ISTAT_2021_WORK_COMMUTING_MUNICIPAL_ONLY_NOT_STOP_DEMAND" }, "geometry": { "type": "Point", "coordinates": [ 9.401925614498278, 45.738904926765557 ] } },
{ "type": "Feature", "properties": { "osm_way_id": "1463762247", "highway": "service", "road_uncertainty_flags": "missing_lanes|missing_maxheight|missing_maxweight|missing_maxwidth|missing_width", "sample_index": 0, "x_utm32": 533407.10205687175, "y_utm32": 5065126.7204741314, "lon": 9.4294208500006356, "lat": 45.738890150000138, "discovery_evidence": "BUILDING_GAP8:20230101_000000::RLB-e73277bf-e5cc-452b-a164-22ad3c0f6e26::SEC=970100000010", "discovery_seed_count": 1, "walk_graph_node_id": 23822, "walk_graph_connector_m": 4.3726772669533833, "walk_graph_connector_min": 0.054658465836917289, "walk_graph_snap_ok": true, "population_reachable_5min": 269.40653127095413, "population_additional_5min": 171.81831221225454, "existing_catchment_overlap_population_5min": 97.588219058699565, "existing_catchment_overlap_pct_5min": 36.223405051955012, "population_reachable_8min": 834.02542551494219, "population_additional_8min": 8.8709808638394403, "existing_catchment_overlap_population_8min": 825.15444465110284, "existing_catchment_overlap_pct_8min": 98.936365655955598, "population_reachable_10min": 1129.593494807408, "population_additional_10min": 6.2214192883103756, "existing_catchment_overlap_population_10min": 1123.3720755190975, "existing_catchment_overlap_pct_10min": 99.449233789242811, "population_reachable_12min": 1217.4344777203291, "population_additional_12min": 0.0, "existing_catchment_overlap_population_12min": 1217.4344777203291, "existing_catchment_overlap_pct_12min": 100.0, "nearest_official_stop_walk_network_m": 602.30032210038348, "nearest_official_stop_cluster_id": "EX_008", "nearby_official_routes": "D150|D185", "nearby_official_route_count": 2, "settlement_coverage_10min_count": 1, "settlement_additional_10min_count": 0, "settlement_additional_10min_names": "", "destination_coverage_10min_count": 2, "destination_additional_10min_count": 0, "destination_additional_10min_names": "", "pruned_near_existing_stop": false, "pruned_no_access_gain": false, "candidate_id": "P2V2S_0117", "stop_type": "PROPOSED_STOP", "physical_status": "FIELD_CHECK_PENDING", "epistemic_status": "PROPOSED_STOP/FIELD_CHECK_PENDING", "road_eligibility_status": "DERIVED_GATE_D_BUS_ELIGIBLE", "candidate_status": "HYPOTHESIS_NOT_RECOMMENDATION", "population_spatial_model": "DASYMETRIC_BUILDING_SECTION_INTERSECTION_V2", "discovery_area_contract": "ANALYSIS_ENVELOPE_PLUS_INHERITED_150M_SITING_BUFFER", "potential_interchange_with_reference_gtfs": false, "interchange_evidence_status": "DERIVED_FROM_REFERENCE_PERIOD_GTFS_PROXIMITY_NOT_CURRENT_SERVICE_GUARANTEE", "discovery_sample_spacing_m_assumption": 150.0, "candidate_pruning_radius_m_assumption": 220.0, "source_gate_b_commit": "55d726564e13acca55ce563cc911263ac513acb0", "source_gate_d_commit": "7c220f7586d0f6e5cccd14a2d518be52eb1c4a55", "source_building_population_head": "29203ad64c3e32e6164ef6997933eb5c5ff2d5b1", "source_analysis_envelope_commit": "8a4608a60ecb367535814d965822e7502ae31eb9", "PRO_COM_T": "097010", "COMUNE": "Brivio", "analysis_role": "UNSPECIFIED", "municipal_2021_resident_work_commuters_context": 1662.0, "municipal_2021_outbound_workers_context": 1339.0, "od_2021_context_status": "FACT_ISTAT_2021_WORK_COMMUTING_MUNICIPAL_ONLY_NOT_STOP_DEMAND" }, "geometry": { "type": "Point", "coordinates": [ 9.429420850000636, 45.738890150000138 ] } },
{ "type": "Feature", "properties": { "osm_way_id": "143945587", "highway": "tertiary", "road_uncertainty_flags": "missing_maxheight|missing_maxweight|missing_maxwidth|missing_width", "sample_index": 1, "x_utm32": 527176.58448334364, "y_utm32": 5065172.8045446938, "lon": 9.3493369274098335, "lat": 45.739577871375253, "discovery_evidence": "BUILDING_GAP8:20230101_000000::RLB-9d2ec9a8-223a-4a98-82ba-a0e86e04411d::SEC=970920000030|BUILDING_GAP8:20230101_000000::RLB-aa119855-7c23-45e2-932d-bd5e465d2b40::SEC=970920000030", "discovery_seed_count": 2, "walk_graph_node_id": 2067, "walk_graph_connector_m": 11.989119409687138, "walk_graph_connector_min": 0.14986399262108924, "walk_graph_snap_ok": true, "population_reachable_5min": 11.785105760259658, "population_additional_5min": 11.785105760259658, "existing_catchment_overlap_population_5min": 0.0, "existing_catchment_overlap_pct_5min": 0.0, "population_reachable_8min": 128.39255908484606, "population_additional_8min": 128.39255908484606, "existing_catchment_overlap_population_8min": 0.0, "existing_catchment_overlap_pct_8min": 0.0, "population_reachable_10min": 225.84233880215768, "population_additional_10min": 126.68884653966256, "existing_catchment_overlap_population_10min": 99.153492262495092, "existing_catchment_overlap_pct_10min": 43.903854692788805, "population_reachable_12min": 293.9594213149619, "population_additional_12min": 34.361847487859919, "existing_catchment_overlap_population_12min": 259.597573827102, "existing_catchment_overlap_pct_12min": 88.310683381349094, "nearest_official_stop_walk_network_m": 1228.0600859986, "nearest_official_stop_cluster_id": "EX_027", "nearby_official_routes": "D184", "nearby_official_route_count": 1, "settlement_coverage_10min_count": 1, "settlement_additional_10min_count": 1, "settlement_additional_10min_names": "Roncada", "destination_coverage_10min_count": 0, "destination_additional_10min_count": 0, "destination_additional_10min_names": "", "pruned_near_existing_stop": false, "pruned_no_access_gain": false, "candidate_id": "P2V2S_0118", "stop_type": "PROPOSED_STOP", "physical_status": "FIELD_CHECK_PENDING", "epistemic_status": "PROPOSED_STOP/FIELD_CHECK_PENDING", "road_eligibility_status": "DERIVED_GATE_D_BUS_ELIGIBLE", "candidate_status": "HYPOTHESIS_NOT_RECOMMENDATION", "population_spatial_model": "DASYMETRIC_BUILDING_SECTION_INTERSECTION_V2", "discovery_area_contract": "ANALYSIS_ENVELOPE_PLUS_INHERITED_150M_SITING_BUFFER", "potential_interchange_with_reference_gtfs": false, "interchange_evidence_status": "DERIVED_FROM_REFERENCE_PERIOD_GTFS_PROXIMITY_NOT_CURRENT_SERVICE_GUARANTEE", "discovery_sample_spacing_m_assumption": 150.0, "candidate_pruning_radius_m_assumption": 220.0, "source_gate_b_commit": "55d726564e13acca55ce563cc911263ac513acb0", "source_gate_d_commit": "7c220f7586d0f6e5cccd14a2d518be52eb1c4a55", "source_building_population_head": "29203ad64c3e32e6164ef6997933eb5c5ff2d5b1", "source_analysis_envelope_commit": "8a4608a60ecb367535814d965822e7502ae31eb9", "PRO_COM_T": "097092", "COMUNE": "La Valletta Brianza", "analysis_role": "UNSPECIFIED", "municipal_2021_resident_work_commuters_context": 1796.0, "municipal_2021_outbound_workers_context": 1521.0, "od_2021_context_status": "FACT_ISTAT_2021_WORK_COMMUTING_MUNICIPAL_ONLY_NOT_STOP_DEMAND" }, "geometry": { "type": "Point", "coordinates": [ 9.349336927409833, 45.739577871375253 ] } },
{ "type": "Feature", "properties": { "osm_way_id": "581580993", "highway": "residential", "road_uncertainty_flags": "missing_lanes|missing_maxheight|missing_maxweight|missing_maxwidth|missing_width", "sample_index": 0, "x_utm32": 530670.21991201374, "y_utm32": 5065199.0597439054, "lon": 9.3942459392440938, "lat": 45.739668049534615, "discovery_evidence": "BUILDING_GAP8:20230101_000000::RLB-0bc41ecb-8231-4606-acb5-ff1721de5350::SEC=970580000025|BUILDING_GAP8:20230101_000000::RLB-25331540-de03-473a-bffd-7c32a0661d55::SEC=970580000007|BUILDING_GAP8:20230101_000000::RLB-2805a83a-16e8-4d88-b120-eb44bccbd49d::SEC=970580000025|BUILDING_GAP8:20230101_000000::RLB-2b7f276f-0f34-47e2-8857-fbaf4ad697ae::SEC=970580000025|BUILDING_GAP8:20230101_000000::RLB-35ff46bd-1280-4791-9d06-b84ddccafe1d::SEC=970580000025|BUILDING_GAP8:20230101_000000::RLB-3cf8f7f3-f1d6-4d11-b39b-8836dee50770::SEC=970580000007|BUILDING_GAP8:20230101_000000::RLB-4f72a326-daa7-47e6-b602-c81bf61a77e5::SEC=970580000007|BUILDING_GAP8:20230101_000000::RLB-765841c0-9209-4486-8b3a-d918e514f900::SEC=970580000025|BUILDING_GAP8:20230101_000000::RLB-92ba8ec1-ef5c-40e1-9ba3-4453a04f1dee::SEC=970580000025|BUILDING_GAP8:20230101_000000::RLB-cf3bdfee-54ca-4e88-b11a-b4eb39861481::SEC=970580000007|BUILDING_GAP8:20230101_000000::RLB-e3b269e2-ec2b-47b1-a774-1014c4d399ce::SEC=970580000025|BUILDING_GAP8:20230101_000000::RLB-f6827667-4a7b-42ca-9ab7-748afdb370ea::SEC=970580000007|BUILDING_GAP8:20230101_000000::RLB-f8c0aade-8107-484c-951d-34cc7ea09f16::SEC=970580000007", "discovery_seed_count": 13, "walk_graph_node_id": 14924, "walk_graph_connector_m": 3.5676213454581314, "walk_graph_connector_min": 0.044595266818226641, "walk_graph_snap_ok": true, "population_reachable_5min": 150.15605502757791, "population_additional_5min": 150.15605502757791, "existing_catchment_overlap_population_5min": 0.0, "existing_catchment_overlap_pct_5min": 0.0, "population_reachable_8min": 282.58366221090932, "population_additional_8min": 184.66129599007087, "existing_catchment_overlap_population_8min": 97.922366220838484, "existing_catchment_overlap_pct_8min": 34.65252217863646, "population_reachable_10min": 346.02664866214423, "population_additional_10min": 179.21216776767221, "existing_catchment_overlap_population_10min": 166.81448089447193, "existing_catchment_overlap_pct_10min": 48.20856472743732, "population_reachable_12min": 483.05619017904917, "population_additional_12min": 149.91321469813545, "existing_catchment_overlap_population_12min": 333.14297548091378, "existing_catchment_overlap_pct_12min": 68.965677752195091, "nearest_official_stop_walk_network_m": 682.91045691706711, "nearest_official_stop_cluster_id": "EX_037", "nearby_official_routes": "D148", "nearby_official_route_count": 1, "settlement_coverage_10min_count": 3, "settlement_additional_10min_count": 1, "settlement_additional_10min_names": "Mondonico", "destination_coverage_10min_count": 0, "destination_additional_10min_count": 0, "destination_additional_10min_names": "", "pruned_near_existing_stop": false, "pruned_no_access_gain": false, "candidate_id": "P2V2S_0119", "stop_type": "PROPOSED_STOP", "physical_status": "FIELD_CHECK_PENDING", "epistemic_status": "PROPOSED_STOP/FIELD_CHECK_PENDING", "road_eligibility_status": "DERIVED_GATE_D_BUS_ELIGIBLE", "candidate_status": "HYPOTHESIS_NOT_RECOMMENDATION", "population_spatial_model": "DASYMETRIC_BUILDING_SECTION_INTERSECTION_V2", "discovery_area_contract": "ANALYSIS_ENVELOPE_PLUS_INHERITED_150M_SITING_BUFFER", "potential_interchange_with_reference_gtfs": false, "interchange_evidence_status": "DERIVED_FROM_REFERENCE_PERIOD_GTFS_PROXIMITY_NOT_CURRENT_SERVICE_GUARANTEE", "discovery_sample_spacing_m_assumption": 150.0, "candidate_pruning_radius_m_assumption": 220.0, "source_gate_b_commit": "55d726564e13acca55ce563cc911263ac513acb0", "source_gate_d_commit": "7c220f7586d0f6e5cccd14a2d518be52eb1c4a55", "source_building_population_head": "29203ad64c3e32e6164ef6997933eb5c5ff2d5b1", "source_analysis_envelope_commit": "8a4608a60ecb367535814d965822e7502ae31eb9", "PRO_COM_T": "097058", "COMUNE": "Olgiate Molgora", "analysis_role": "UNSPECIFIED", "municipal_2021_resident_work_commuters_context": 2287.0, "municipal_2021_outbound_workers_context": 1961.0, "od_2021_context_status": "FACT_ISTAT_2021_WORK_COMMUTING_MUNICIPAL_ONLY_NOT_STOP_DEMAND" }, "geometry": { "type": "Point", "coordinates": [ 9.394245939244094, 45.739668049534615 ] } },
{ "type": "Feature", "properties": { "osm_way_id": "1196041894", "highway": "primary", "road_uncertainty_flags": "missing_maxheight|missing_maxweight|missing_maxwidth|missing_width", "sample_index": 2, "x_utm32": 527832.77043366106, "y_utm32": 5065207.0436387574, "lon": 9.3577735657388637, "lat": 45.739859942186953, "discovery_evidence": "BUILDING_GAP8:20230101_000000::RLB-1d254878-37a9-4c43-ae61-ab3a600307da::SEC=970920000030|BUILDING_GAP8:20230101_000000::RLB-6aeb562f-9425-4229-b88a-e11e29530c7b::SEC=970920000030", "discovery_seed_count": 2, "walk_graph_node_id": 3409, "walk_graph_connector_m": 16.018528610718004, "walk_graph_connector_min": 0.20023160763397505, "walk_graph_snap_ok": true, "population_reachable_5min": 31.655135882544165, "population_additional_5min": 17.010273380086165, "existing_catchment_overlap_population_5min": 14.644862502458006, "existing_catchment_overlap_pct_5min": 46.263780249743725, "population_reachable_8min": 338.669538841823, "population_additional_8min": 3.0792317661953503, "existing_catchment_overlap_population_8min": 335.59030707562766, "existing_catchment_overlap_pct_8min": 99.090785732686314, "population_reachable_10min": 769.55930853597317, "population_additional_10min": 0.69583936715003192, "existing_catchment_overlap_population_10min": 768.86346916882314, "existing_catchment_overlap_pct_10min": 99.90957950096481, "population_reachable_12min": 1535.8602653976809, "population_additional_12min": 21.289764785258019, "existing_catchment_overlap_population_12min": 1514.5705006124231, "existing_catchment_overlap_pct_12min": 98.613821500242722, "nearest_official_stop_walk_network_m": 456.20348664765015, "nearest_official_stop_cluster_id": "EX_027", "nearby_official_routes": "D184", "nearby_official_route_count": 1, "settlement_coverage_10min_count": 1, "settlement_additional_10min_count": 0, "settlement_additional_10min_names": "", "destination_coverage_10min_count": 1, "destination_additional_10min_count": 0, "destination_additional_10min_names": "", "pruned_near_existing_stop": false, "pruned_no_access_gain": false, "candidate_id": "P2V2S_0120", "stop_type": "PROPOSED_STOP", "physical_status": "FIELD_CHECK_PENDING", "epistemic_status": "PROPOSED_STOP/FIELD_CHECK_PENDING", "road_eligibility_status": "DERIVED_GATE_D_BUS_ELIGIBLE", "candidate_status": "HYPOTHESIS_NOT_RECOMMENDATION", "population_spatial_model": "DASYMETRIC_BUILDING_SECTION_INTERSECTION_V2", "discovery_area_contract": "ANALYSIS_ENVELOPE_PLUS_INHERITED_150M_SITING_BUFFER", "potential_interchange_with_reference_gtfs": false, "interchange_evidence_status": "DERIVED_FROM_REFERENCE_PERIOD_GTFS_PROXIMITY_NOT_CURRENT_SERVICE_GUARANTEE", "discovery_sample_spacing_m_assumption": 150.0, "candidate_pruning_radius_m_assumption": 220.0, "source_gate_b_commit": "55d726564e13acca55ce563cc911263ac513acb0", "source_gate_d_commit": "7c220f7586d0f6e5cccd14a2d518be52eb1c4a55", "source_building_population_head": "29203ad64c3e32e6164ef6997933eb5c5ff2d5b1", "source_analysis_envelope_commit": "8a4608a60ecb367535814d965822e7502ae31eb9", "PRO_COM_T": "097092", "COMUNE": "La Valletta Brianza", "analysis_role": "UNSPECIFIED", "municipal_2021_resident_work_commuters_context": 1796.0, "municipal_2021_outbound_workers_context": 1521.0, "od_2021_context_status": "FACT_ISTAT_2021_WORK_COMMUTING_MUNICIPAL_ONLY_NOT_STOP_DEMAND" }, "geometry": { "type": "Point", "coordinates": [ 9.357773565738864, 45.739859942186953 ] } },
{ "type": "Feature", "properties": { "osm_way_id": "1463677815", "highway": "service", "road_uncertainty_flags": "missing_lanes|missing_maxheight|missing_maxweight|missing_maxwidth|missing_width", "sample_index": 0, "x_utm32": 530394.21407872438, "y_utm32": 5065229.5813538488, "lon": 9.3907000615439422, "lat": 45.739954947791574, "discovery_evidence": "BUILDING_GAP8:20230101_000000::RLB-95df60e4-1c17-4e10-9c20-a05f66fdf321::SEC=970580000025", "discovery_seed_count": 1, "walk_graph_node_id": 13706, "walk_graph_connector_m": 2.7245456050427674, "walk_graph_connector_min": 0.034056820063034593, "walk_graph_snap_ok": true, "population_reachable_5min": 65.684312302899528, "population_additional_5min": 46.550804690316411, "existing_catchment_overlap_population_5min": 19.133507612583124, "existing_catchment_overlap_pct_5min": 29.129493697597113, "population_reachable_8min": 153.01642958372892, "population_additional_8min": 27.545523972540622, "existing_catchment_overlap_population_8min": 125.47090561118831, "existing_catchment_overlap_pct_8min": 81.998322632754935, "population_reachable_10min": 308.94203860063936, "population_additional_10min": 62.475396261380062, "existing_catchment_overlap_population_10min": 246.46664233925921, "existing_catchment_overlap_pct_10min": 79.777631900027586, "population_reachable_12min": 554.95004640081538, "population_additional_12min": 47.647671719799042, "existing_catchment_overlap_population_12min": 507.30237468101632, "existing_catchment_overlap_pct_12min": 91.414061134182646, "nearest_official_stop_walk_network_m": 471.45167810278326, "nearest_official_stop_cluster_id": "EX_037", "nearby_official_routes": "D148", "nearby_official_route_count": 1, "settlement_coverage_10min_count": 3, "settlement_additional_10min_count": 1, "settlement_additional_10min_names": "Mondonico", "destination_coverage_10min_count": 0, "destination_additional_10min_count": 0, "destination_additional_10min_names": "", "pruned_near_existing_stop": false, "pruned_no_access_gain": false, "candidate_id": "P2V2S_0121", "stop_type": "PROPOSED_STOP", "physical_status": "FIELD_CHECK_PENDING", "epistemic_status": "PROPOSED_STOP/FIELD_CHECK_PENDING", "road_eligibility_status": "DERIVED_GATE_D_BUS_ELIGIBLE", "candidate_status": "HYPOTHESIS_NOT_RECOMMENDATION", "population_spatial_model": "DASYMETRIC_BUILDING_SECTION_INTERSECTION_V2", "discovery_area_contract": "ANALYSIS_ENVELOPE_PLUS_INHERITED_150M_SITING_BUFFER", "potential_interchange_with_reference_gtfs": false, "interchange_evidence_status": "DERIVED_FROM_REFERENCE_PERIOD_GTFS_PROXIMITY_NOT_CURRENT_SERVICE_GUARANTEE", "discovery_sample_spacing_m_assumption": 150.0, "candidate_pruning_radius_m_assumption": 220.0, "source_gate_b_commit": "55d726564e13acca55ce563cc911263ac513acb0", "source_gate_d_commit": "7c220f7586d0f6e5cccd14a2d518be52eb1c4a55", "source_building_population_head": "29203ad64c3e32e6164ef6997933eb5c5ff2d5b1", "source_analysis_envelope_commit": "8a4608a60ecb367535814d965822e7502ae31eb9", "PRO_COM_T": "097058", "COMUNE": "Olgiate Molgora", "analysis_role": "UNSPECIFIED", "municipal_2021_resident_work_commuters_context": 2287.0, "municipal_2021_outbound_workers_context": 1961.0, "od_2021_context_status": "FACT_ISTAT_2021_WORK_COMMUTING_MUNICIPAL_ONLY_NOT_STOP_DEMAND" }, "geometry": { "type": "Point", "coordinates": [ 9.390700061543942, 45.739954947791574 ] } },
{ "type": "Feature", "properties": { "osm_way_id": "46739952", "highway": "primary", "road_uncertainty_flags": "missing_maxheight|missing_maxweight|missing_maxwidth|missing_width", "sample_index": 0, "x_utm32": 527619.62786355347, "y_utm32": 5065314.2086322252, "lon": 9.3550399125681967, "lat": 45.740833036003046, "discovery_evidence": "BUILDING_GAP8:20230101_000000::RLB-2caf0173-1396-42a2-bcae-abde4a36bd22::SEC=970920000016", "discovery_seed_count": 1, "walk_graph_node_id": 2814, "walk_graph_connector_m": 9.2127202521726748, "walk_graph_connector_min": 0.11515900315215843, "walk_graph_snap_ok": true, "population_reachable_5min": 17.010273380086165, "population_additional_5min": 17.010273380086165, "existing_catchment_overlap_population_5min": 0.0, "existing_catchment_overlap_pct_5min": 0.0, "population_reachable_8min": 75.781885301302552, "population_additional_8min": 11.400812352873857, "existing_catchment_overlap_population_8min": 64.381072948428695, "existing_catchment_overlap_pct_8min": 84.955755181406261, "population_reachable_10min": 315.62391270974558, "population_additional_10min": 21.289764785258019, "existing_catchment_overlap_population_10min": 294.33414792448758, "existing_catchment_overlap_pct_10min": 93.254704752096359, "population_reachable_12min": 778.36427652584894, "population_additional_12min": 33.625766257081743, "existing_catchment_overlap_population_12min": 744.73851026876719, "existing_catchment_overlap_pct_12min": 95.679944818746435, "nearest_official_stop_walk_network_m": 682.59628371805013, "nearest_official_stop_cluster_id": "EX_027", "nearby_official_routes": "D184", "nearby_official_route_count": 1, "settlement_coverage_10min_count": 1, "settlement_additional_10min_count": 0, "settlement_additional_10min_names": "", "destination_coverage_10min_count": 0, "destination_additional_10min_count": 0, "destination_additional_10min_names": "", "pruned_near_existing_stop": false, "pruned_no_access_gain": false, "candidate_id": "P2V2S_0122", "stop_type": "PROPOSED_STOP", "physical_status": "FIELD_CHECK_PENDING", "epistemic_status": "PROPOSED_STOP/FIELD_CHECK_PENDING", "road_eligibility_status": "DERIVED_GATE_D_BUS_ELIGIBLE", "candidate_status": "HYPOTHESIS_NOT_RECOMMENDATION", "population_spatial_model": "DASYMETRIC_BUILDING_SECTION_INTERSECTION_V2", "discovery_area_contract": "ANALYSIS_ENVELOPE_PLUS_INHERITED_150M_SITING_BUFFER", "potential_interchange_with_reference_gtfs": false, "interchange_evidence_status": "DERIVED_FROM_REFERENCE_PERIOD_GTFS_PROXIMITY_NOT_CURRENT_SERVICE_GUARANTEE", "discovery_sample_spacing_m_assumption": 150.0, "candidate_pruning_radius_m_assumption": 220.0, "source_gate_b_commit": "55d726564e13acca55ce563cc911263ac513acb0", "source_gate_d_commit": "7c220f7586d0f6e5cccd14a2d518be52eb1c4a55", "source_building_population_head": "29203ad64c3e32e6164ef6997933eb5c5ff2d5b1", "source_analysis_envelope_commit": "8a4608a60ecb367535814d965822e7502ae31eb9", "PRO_COM_T": "097092", "COMUNE": "La Valletta Brianza", "analysis_role": "UNSPECIFIED", "municipal_2021_resident_work_commuters_context": 1796.0, "municipal_2021_outbound_workers_context": 1521.0, "od_2021_context_status": "FACT_ISTAT_2021_WORK_COMMUTING_MUNICIPAL_ONLY_NOT_STOP_DEMAND" }, "geometry": { "type": "Point", "coordinates": [ 9.355039912568197, 45.740833036003046 ] } },
{ "type": "Feature", "properties": { "osm_way_id": "194080869", "highway": "residential", "road_uncertainty_flags": "missing_lanes|missing_maxheight|missing_maxweight|missing_maxwidth|missing_width", "sample_index": 0, "x_utm32": 530137.82100169745, "y_utm32": 5065353.7145147584, "lon": 9.3874120801122345, "lat": 45.741083436873801, "discovery_evidence": "BUILDING_GAP8:20230101_000000::RLB-54cc1d8b-d861-4f8a-b071-44b11604ff12::SEC=970740000006|BUILDING_GAP8:20230101_000000::RLB-7d6b3d33-81a3-494b-8b6e-2f3d54ab4abf::SEC=970740000006|BUILDING_GAP8:20230101_000000::RLB-847549a2-d761-4299-a7e1-1c9d3dcb8671::SEC=970740000006", "discovery_seed_count": 3, "walk_graph_node_id": 12503, "walk_graph_connector_m": 7.6560323334357632, "walk_graph_connector_min": 0.095700404167947034, "walk_graph_snap_ok": true, "population_reachable_5min": 96.938164067161978, "population_additional_5min": 76.244357858575597, "existing_catchment_overlap_population_5min": 20.693806208586366, "existing_catchment_overlap_pct_5min": 21.347429474988829, "population_reachable_8min": 100.96495161371269, "population_additional_8min": 27.976834751983972, "existing_catchment_overlap_population_8min": 72.988116861728685, "existing_catchment_overlap_pct_8min": 72.290548051741652, "population_reachable_10min": 137.69481351036941, "population_additional_10min": 4.0121167893253915, "existing_catchment_overlap_population_10min": 133.68269672104404, "existing_catchment_overlap_pct_10min": 97.086225191028547, "population_reachable_12min": 202.72568624270241, "population_additional_12min": 4.5921455603268173, "existing_catchment_overlap_population_12min": 198.13354068237558, "existing_catchment_overlap_pct_12min": 97.734798364510596, "nearest_official_stop_walk_network_m": 532.917835686074, "nearest_official_stop_cluster_id": "EX_037", "nearby_official_routes": "D148", "nearby_official_route_count": 1, "settlement_coverage_10min_count": 2, "settlement_additional_10min_count": 0, "settlement_additional_10min_names": "", "destination_coverage_10min_count": 0, "destination_additional_10min_count": 0, "destination_additional_10min_names": "", "pruned_near_existing_stop": false, "pruned_no_access_gain": false, "candidate_id": "P2V2S_0123", "stop_type": "PROPOSED_STOP", "physical_status": "FIELD_CHECK_PENDING", "epistemic_status": "PROPOSED_STOP/FIELD_CHECK_PENDING", "road_eligibility_status": "DERIVED_GATE_D_BUS_ELIGIBLE", "candidate_status": "HYPOTHESIS_NOT_RECOMMENDATION", "population_spatial_model": "DASYMETRIC_BUILDING_SECTION_INTERSECTION_V2", "discovery_area_contract": "ANALYSIS_ENVELOPE_PLUS_INHERITED_150M_SITING_BUFFER", "potential_interchange_with_reference_gtfs": false, "interchange_evidence_status": "DERIVED_FROM_REFERENCE_PERIOD_GTFS_PROXIMITY_NOT_CURRENT_SERVICE_GUARANTEE", "discovery_sample_spacing_m_assumption": 150.0, "candidate_pruning_radius_m_assumption": 220.0, "source_gate_b_commit": "55d726564e13acca55ce563cc911263ac513acb0", "source_gate_d_commit": "7c220f7586d0f6e5cccd14a2d518be52eb1c4a55", "source_building_population_head": "29203ad64c3e32e6164ef6997933eb5c5ff2d5b1", "source_analysis_envelope_commit": "8a4608a60ecb367535814d965822e7502ae31eb9", "PRO_COM_T": "097074", "COMUNE": "Santa Maria HoÃ¨", "analysis_role": "UNSPECIFIED", "municipal_2021_resident_work_commuters_context": 836.0, "municipal_2021_outbound_workers_context": 724.0, "od_2021_context_status": "FACT_ISTAT_2021_WORK_COMMUTING_MUNICIPAL_ONLY_NOT_STOP_DEMAND" }, "geometry": { "type": "Point", "coordinates": [ 9.387412080112234, 45.741083436873801 ] } },
{ "type": "Feature", "properties": { "osm_way_id": "194087474", "highway": "unclassified", "road_uncertainty_flags": "missing_lanes|missing_maxheight|missing_maxweight|missing_maxwidth|missing_width", "sample_index": 0, "x_utm32": 531068.85924910917, "y_utm32": 5065387.200830264, "lon": 9.3993821396951684, "lat": 45.74134362372574, "discovery_evidence": "BUILDING_GAP8:20230101_000000::RLB-132c6b5a-c4bd-49b9-bc7f-c8629d419070::SEC=970580000025|BUILDING_GAP8:20230101_000000::RLB-4574c8df-79a2-4f53-bd85-86e59289a673::SEC=970580000007|BUILDING_GAP8:20230101_000000::RLB-5187a84a-ee61-4ea7-8621-26ae02ecc62b::SEC=970580000025|BUILDING_GAP8:20230101_000000::RLB-58b96ef6-4758-4248-af72-09f5ecd2ded7::SEC=970580000007|BUILDING_GAP8:20230101_000000::RLB-715fef5a-8126-4a19-95a6-a28f20ecc6a1::SEC=970580000007|BUILDING_GAP8:20230101_000000::RLB-71ae52aa-ac6b-4fb0-b99f-e2706afc836a::SEC=970580000007|BUILDING_GAP8:20230101_000000::RLB-781cf88f-5169-4861-ba02-8e041032d8a7::SEC=970580000025|BUILDING_GAP8:20230101_000000::RLB-8154c6b5-6f50-4fc5-a44c-0b9be4d65c0d::SEC=970580000025|BUILDING_GAP8:20230101_000000::RLB-8fea5685-d042-4b06-b24a-7d16a29339f0::SEC=970580000025|BUILDING_GAP8:20230101_000000::RLB-af3ada3c-6063-4399-a991-e9c078dfd4cf::SEC=970580000007|BUILDING_GAP8:20230101_000000::RLB-b705b70d-bc9e-4d7a-b9ff-a3caffd9cc03::SEC=970580000007|BUILDING_GAP8:20230101_000000::RLB-cb0f2722-de99-4e24-a1cf-a8c21929ed45::SEC=970580000007|BUILDING_GAP8:20230101_000000::RLB-ceb49c1a-eaa0-4d6a-8e25-c2e584454fd7::SEC=970580000025|BUILDING_GAP8:20230101_000000::RLB-db2ea7ce-03e9-46fd-9ba0-3d73245515ca::SEC=970580000007|BUILDING_GAP8:20230101_000000::RLB-edae9838-42d7-4a12-8083-971188161692::SEC=970580000007|BUILDING_GAP8:20230101_000000::RLB-f704f8bb-2717-4100-803c-ac88dbc3a12d::SEC=970580000007|SETTLEMENT_GAP8:OSM_POINT_1144810107", "discovery_seed_count": 17, "walk_graph_node_id": 16266, "walk_graph_connector_m": 38.325562750708343, "walk_graph_connector_min": 0.4790695343838543, "walk_graph_snap_ok": true, "population_reachable_5min": 202.78334041219739, "population_additional_5min": 202.78334041219739, "existing_catchment_overlap_population_5min": 0.0, "existing_catchment_overlap_pct_5min": 0.0, "population_reachable_8min": 235.48545362831558, "population_additional_8min": 235.48545362831558, "existing_catchment_overlap_population_8min": 0.0, "existing_catchment_overlap_pct_8min": 0.0, "population_reachable_10min": 306.76634011977887, "population_additional_10min": 255.25376234313921, "existing_catchment_overlap_population_10min": 51.512577776639674, "existing_catchment_overlap_pct_10min": 16.792121898551926, "population_reachable_12min": 357.93520325994245, "population_additional_12min": 197.58592989909366, "existing_catchment_overlap_population_12min": 160.34927336084883, "existing_catchment_overlap_pct_12min": 44.798408175682773, "nearest_official_stop_walk_network_m": 1201.4347253751673, "nearest_official_stop_cluster_id": "EX_037", "nearby_official_routes": "D148", "nearby_official_route_count": 1, "settlement_coverage_10min_count": 2, "settlement_additional_10min_count": 2, "settlement_additional_10min_names": "Caglianello|Mondonico", "destination_coverage_10min_count": 0, "destination_additional_10min_count": 0, "destination_additional_10min_names": "", "pruned_near_existing_stop": false, "pruned_no_access_gain": false, "candidate_id": "P2V2S_0124", "stop_type": "PROPOSED_STOP", "physical_status": "FIELD_CHECK_PENDING", "epistemic_status": "PROPOSED_STOP/FIELD_CHECK_PENDING", "road_eligibility_status": "DERIVED_GATE_D_BUS_ELIGIBLE", "candidate_status": "HYPOTHESIS_NOT_RECOMMENDATION", "population_spatial_model": "DASYMETRIC_BUILDING_SECTION_INTERSECTION_V2", "discovery_area_contract": "ANALYSIS_ENVELOPE_PLUS_INHERITED_150M_SITING_BUFFER", "potential_interchange_with_reference_gtfs": false, "interchange_evidence_status": "DERIVED_FROM_REFERENCE_PERIOD_GTFS_PROXIMITY_NOT_CURRENT_SERVICE_GUARANTEE", "discovery_sample_spacing_m_assumption": 150.0, "candidate_pruning_radius_m_assumption": 220.0, "source_gate_b_commit": "55d726564e13acca55ce563cc911263ac513acb0", "source_gate_d_commit": "7c220f7586d0f6e5cccd14a2d518be52eb1c4a55", "source_building_population_head": "29203ad64c3e32e6164ef6997933eb5c5ff2d5b1", "source_analysis_envelope_commit": "8a4608a60ecb367535814d965822e7502ae31eb9", "PRO_COM_T": "097058", "COMUNE": "Olgiate Molgora", "analysis_role": "UNSPECIFIED", "municipal_2021_resident_work_commuters_context": 2287.0, "municipal_2021_outbound_workers_context": 1961.0, "od_2021_context_status": "FACT_ISTAT_2021_WORK_COMMUTING_MUNICIPAL_ONLY_NOT_STOP_DEMAND" }, "geometry": { "type": "Point", "coordinates": [ 9.399382139695168, 45.74134362372574 ] } },
{ "type": "Feature", "properties": { "osm_way_id": "689063165", "highway": "service", "road_uncertainty_flags": "missing_lanes|missing_maxheight|missing_maxweight|missing_maxwidth|missing_width", "sample_index": 0, "x_utm32": 530750.41027379222, "y_utm32": 5065435.8579696203, "lon": 9.3952917500102267, "lat": 45.741795800006877, "discovery_evidence": "BUILDING_GAP8:20230101_000000::RLB-188e4c96-a35b-4878-8d58-03c156e728e6::SEC=970580000007|BUILDING_GAP8:20230101_000000::RLB-27c121dc-187d-4a0e-9d8f-7013cbee8683::SEC=970580000007|BUILDING_GAP8:20230101_000000::RLB-49686a91-8032-4a56-b8ca-6a5d26143355::SEC=970580000007|BUILDING_GAP8:20230101_000000::RLB-553fd8cc-b6a7-4cc5-80ca-093b94e74e36::SEC=970580000007|BUILDING_GAP8:20230101_000000::RLB-5615286b-15a0-466a-a4a8-6e2994896766::SEC=970580000007|BUILDING_GAP8:20230101_000000::RLB-5d58c601-bf2d-44a9-9979-943ca175641c::SEC=970580000007|BUILDING_GAP8:20230101_000000::RLB-6607701d-cec0-4730-8d63-89c00968a20f::SEC=970580000007|BUILDING_GAP8:20230101_000000::RLB-6fd7c461-ec1f-44f2-a756-6ac904721772::SEC=970580000007|BUILDING_GAP8:20230101_000000::RLB-7f361166-4346-4210-bb16-81ec6b85fd66::SEC=970580000007|BUILDING_GAP8:20230101_000000::RLB-96145639-920a-48e2-87d8-42522a26d9f7::SEC=970580000007|BUILDING_GAP8:20230101_000000::RLB-97249f95-40a8-4a53-b59b-fa8513e2bcd3::SEC=970580000007|BUILDING_GAP8:20230101_000000::RLB-99ae574b-a527-4432-86c2-9a2cb91a171c::SEC=970580000007|BUILDING_GAP8:20230101_000000::RLB-af2b3ca5-8d59-4279-814b-e07ab7b31228::SEC=970580000007|BUILDING_GAP8:20230101_000000::RLB-b09574e9-7bb2-4905-ab56-0143bab89bcc::SEC=970580000025|BUILDING_GAP8:20230101_000000::RLB-b661d9b0-5ab7-40c9-87b4-162811b852ed::SEC=970580000007|BUILDING_GAP8:20230101_000000::RLB-d54150a6-7824-4c35-b814-3d1685b1ebe1::SEC=970580000007|BUILDING_GAP8:20230101_000000::RLB-f98d9286-8391-4e87-ac96-19f4ef57497a::SEC=970580000007", "discovery_seed_count": 17, "walk_graph_node_id": 15239, "walk_graph_connector_m": 3.4747125833186736, "walk_graph_connector_min": 0.043433907291483421, "walk_graph_snap_ok": true, "population_reachable_5min": 191.26660415684341, "population_additional_5min": 191.26660415684341, "existing_catchment_overlap_population_5min": 0.0, "existing_catchment_overlap_pct_5min": 0.0, "population_reachable_8min": 300.75301792777412, "population_additional_8min": 264.94858897978821, "existing_catchment_overlap_population_8min": 35.804428947985926, "existing_catchment_overlap_pct_8min": 11.90492756969919, "population_reachable_10min": 367.59555787891651, "population_additional_10min": 236.10359023873013, "existing_catchment_overlap_population_10min": 131.49196764018637, "existing_catchment_overlap_pct_10min": 35.77082606735388, "population_reachable_12min": 410.48237006480917, "population_additional_12min": 158.094426729312, "existing_catchment_overlap_population_12min": 252.3879433354972, "existing_catchment_overlap_pct_12min": 61.485696278660839, "nearest_official_stop_walk_network_m": 829.53347480401317, "nearest_official_stop_cluster_id": "EX_037", "nearby_official_routes": "D148", "nearby_official_route_count": 1, "settlement_coverage_10min_count": 2, "settlement_additional_10min_count": 1, "settlement_additional_10min_names": "Mondonico", "destination_coverage_10min_count": 0, "destination_additional_10min_count": 0, "destination_additional_10min_names": "", "pruned_near_existing_stop": false, "pruned_no_access_gain": false, "candidate_id": "P2V2S_0125", "stop_type": "PROPOSED_STOP", "physical_status": "FIELD_CHECK_PENDING", "epistemic_status": "PROPOSED_STOP/FIELD_CHECK_PENDING", "road_eligibility_status": "DERIVED_GATE_D_BUS_ELIGIBLE", "candidate_status": "HYPOTHESIS_NOT_RECOMMENDATION", "population_spatial_model": "DASYMETRIC_BUILDING_SECTION_INTERSECTION_V2", "discovery_area_contract": "ANALYSIS_ENVELOPE_PLUS_INHERITED_150M_SITING_BUFFER", "potential_interchange_with_reference_gtfs": false, "interchange_evidence_status": "DERIVED_FROM_REFERENCE_PERIOD_GTFS_PROXIMITY_NOT_CURRENT_SERVICE_GUARANTEE", "discovery_sample_spacing_m_assumption": 150.0, "candidate_pruning_radius_m_assumption": 220.0, "source_gate_b_commit": "55d726564e13acca55ce563cc911263ac513acb0", "source_gate_d_commit": "7c220f7586d0f6e5cccd14a2d518be52eb1c4a55", "source_building_population_head": "29203ad64c3e32e6164ef6997933eb5c5ff2d5b1", "source_analysis_envelope_commit": "8a4608a60ecb367535814d965822e7502ae31eb9", "PRO_COM_T": "097058", "COMUNE": "Olgiate Molgora", "analysis_role": "UNSPECIFIED", "municipal_2021_resident_work_commuters_context": 2287.0, "municipal_2021_outbound_workers_context": 1961.0, "od_2021_context_status": "FACT_ISTAT_2021_WORK_COMMUTING_MUNICIPAL_ONLY_NOT_STOP_DEMAND" }, "geometry": { "type": "Point", "coordinates": [ 9.395291750010227, 45.741795800006877 ] } },
{ "type": "Feature", "properties": { "osm_way_id": "173039689", "highway": "residential", "road_uncertainty_flags": "missing_lanes|missing_maxheight|missing_maxweight|missing_maxwidth|missing_width", "sample_index": 0, "x_utm32": 526783.59751155216, "y_utm32": 5065437.5677164095, "lon": 9.3443000808394299, "lat": 45.741976230229085, "discovery_evidence": "BUILDING_GAP8:20230101_000000::RLB-40152a7d-8ada-4b73-b417-3868739e2d3a::SEC=970920000030|BUILDING_GAP8:20230101_000000::RLB-4cc6a8d2-c1c7-4a0d-b898-f57317949771::SEC=970920000030|BUILDING_GAP8:20230101_000000::RLB-52294ff4-a0b3-4b75-8289-354ccd47a8bb::SEC=970920000030|BUILDING_GAP8:20230101_000000::RLB-a29edcc4-8a17-4f29-a984-7a0bf31c1ff2::SEC=970920000030|BUILDING_GAP8:20230101_000000::RLB-d821f9df-344a-4acd-a321-1b3fef4e4103::SEC=970920000030|BUILDING_GAP8:20230101_000000::RLB-fd45cbdc-ed68-4848-8a3e-52f222bd55c8::SEC=970920000030", "discovery_seed_count": 6, "walk_graph_node_id": 1395, "walk_graph_connector_m": 8.7473280766301187, "walk_graph_connector_min": 0.10934160095787648, "walk_graph_snap_ok": true, "population_reachable_5min": 14.163737734113312, "population_additional_5min": 14.163737734113312, "existing_catchment_overlap_population_5min": 0.0, "existing_catchment_overlap_pct_5min": 0.0, "population_reachable_8min": 21.560291305043322, "population_additional_8min": 21.560291305043322, "existing_catchment_overlap_population_8min": 0.0, "existing_catchment_overlap_pct_8min": 0.0, "population_reachable_10min": 25.179097520130227, "population_additional_10min": 25.179097520130227, "existing_catchment_overlap_population_10min": 0.0, "existing_catchment_overlap_pct_10min": 0.0, "population_reachable_12min": 93.098504556934884, "population_additional_12min": 33.334177190940721, "existing_catchment_overlap_population_12min": 59.764327365994163, "existing_catchment_overlap_pct_12min": 64.194723266951044, "nearest_official_stop_walk_network_m": 1710.9197781202392, "nearest_official_stop_cluster_id": "EX_027", "nearby_official_routes": "D184", "nearby_official_route_count": 1, "settlement_coverage_10min_count": 0, "settlement_additional_10min_count": 0, "settlement_additional_10min_names": "", "destination_coverage_10min_count": 0, "destination_additional_10min_count": 0, "destination_additional_10min_names": "", "pruned_near_existing_stop": false, "pruned_no_access_gain": false, "candidate_id": "P2V2S_0126", "stop_type": "PROPOSED_STOP", "physical_status": "FIELD_CHECK_PENDING", "epistemic_status": "PROPOSED_STOP/FIELD_CHECK_PENDING", "road_eligibility_status": "DERIVED_GATE_D_BUS_ELIGIBLE", "candidate_status": "HYPOTHESIS_NOT_RECOMMENDATION", "population_spatial_model": "DASYMETRIC_BUILDING_SECTION_INTERSECTION_V2", "discovery_area_contract": "ANALYSIS_ENVELOPE_PLUS_INHERITED_150M_SITING_BUFFER", "potential_interchange_with_reference_gtfs": false, "interchange_evidence_status": "DERIVED_FROM_REFERENCE_PERIOD_GTFS_PROXIMITY_NOT_CURRENT_SERVICE_GUARANTEE", "discovery_sample_spacing_m_assumption": 150.0, "candidate_pruning_radius_m_assumption": 220.0, "source_gate_b_commit": "55d726564e13acca55ce563cc911263ac513acb0", "source_gate_d_commit": "7c220f7586d0f6e5cccd14a2d518be52eb1c4a55", "source_building_population_head": "29203ad64c3e32e6164ef6997933eb5c5ff2d5b1", "source_analysis_envelope_commit": "8a4608a60ecb367535814d965822e7502ae31eb9", "PRO_COM_T": "097092", "COMUNE": "La Valletta Brianza", "analysis_role": "UNSPECIFIED", "municipal_2021_resident_work_commuters_context": 1796.0, "municipal_2021_outbound_workers_context": 1521.0, "od_2021_context_status": "FACT_ISTAT_2021_WORK_COMMUTING_MUNICIPAL_ONLY_NOT_STOP_DEMAND" }, "geometry": { "type": "Point", "coordinates": [ 9.34430008083943, 45.741976230229085 ] } },
{ "type": "Feature", "properties": { "osm_way_id": "46739952", "highway": "primary", "road_uncertainty_flags": "missing_maxheight|missing_maxweight|missing_maxwidth|missing_width", "sample_index": 2, "x_utm32": 527375.65551386715, "y_utm32": 5065488.5459300764, "lon": 9.3519136580371622, "lat": 45.74241187572904, "discovery_evidence": "BUILDING_GAP8:20230101_000000::RLB-26f3af76-e318-4026-af28-576de20a761f::SEC=970920000050|BUILDING_GAP8:20230101_000000::RLB-27bdcb81-7695-4b78-b159-0f73c15071e2::SEC=970920000027|BUILDING_GAP8:20230101_000000::RLB-37befd98-067b-4ac9-8200-8a5834396096::SEC=970920000027|BUILDING_GAP8:20230101_000000::RLB-3dea622e-2ce6-459c-85e1-347772fe760c::SEC=970920000027|BUILDING_GAP8:20230101_000000::RLB-afbc066a-7239-4c7c-a520-35e5862b4718::SEC=970920000027", "discovery_seed_count": 5, "walk_graph_node_id": 2404, "walk_graph_connector_m": 14.640833782100325, "walk_graph_connector_min": 0.18301042227625405, "walk_graph_snap_ok": true, "population_reachable_5min": 8.3215805866785075, "population_additional_5min": 8.3215805866785075, "existing_catchment_overlap_population_5min": 0.0, "existing_catchment_overlap_pct_5min": 0.0, "population_reachable_8min": 34.915370409716154, "population_additional_8min": 20.669836171669548, "existing_catchment_overlap_population_8min": 14.245534238046606, "existing_catchment_overlap_pct_8min": 40.800180753867636, "population_reachable_10min": 61.778128548308231, "population_additional_10min": 31.299088789500562, "existing_catchment_overlap_population_10min": 30.479039758807669, "existing_catchment_overlap_pct_10min": 49.336295020614259, "population_reachable_12min": 207.53768190517425, "population_additional_12min": 39.163732141266678, "existing_catchment_overlap_population_12min": 168.3739497639076, "existing_catchment_overlap_pct_12min": 81.129339124467577, "nearest_official_stop_walk_network_m": 993.45251077876355, "nearest_official_stop_cluster_id": "EX_027", "nearby_official_routes": "D184", "nearby_official_route_count": 1, "settlement_coverage_10min_count": 1, "settlement_additional_10min_count": 0, "settlement_additional_10min_names": "", "destination_coverage_10min_count": 0, "destination_additional_10min_count": 0, "destination_additional_10min_names": "", "pruned_near_existing_stop": false, "pruned_no_access_gain": false, "candidate_id": "P2V2S_0127", "stop_type": "PROPOSED_STOP", "physical_status": "FIELD_CHECK_PENDING", "epistemic_status": "PROPOSED_STOP/FIELD_CHECK_PENDING", "road_eligibility_status": "DERIVED_GATE_D_BUS_ELIGIBLE", "candidate_status": "HYPOTHESIS_NOT_RECOMMENDATION", "population_spatial_model": "DASYMETRIC_BUILDING_SECTION_INTERSECTION_V2", "discovery_area_contract": "ANALYSIS_ENVELOPE_PLUS_INHERITED_150M_SITING_BUFFER", "potential_interchange_with_reference_gtfs": false, "interchange_evidence_status": "DERIVED_FROM_REFERENCE_PERIOD_GTFS_PROXIMITY_NOT_CURRENT_SERVICE_GUARANTEE", "discovery_sample_spacing_m_assumption": 150.0, "candidate_pruning_radius_m_assumption": 220.0, "source_gate_b_commit": "55d726564e13acca55ce563cc911263ac513acb0", "source_gate_d_commit": "7c220f7586d0f6e5cccd14a2d518be52eb1c4a55", "source_building_population_head": "29203ad64c3e32e6164ef6997933eb5c5ff2d5b1", "source_analysis_envelope_commit": "8a4608a60ecb367535814d965822e7502ae31eb9", "PRO_COM_T": "097092", "COMUNE": "La Valletta Brianza", "analysis_role": "UNSPECIFIED", "municipal_2021_resident_work_commuters_context": 1796.0, "municipal_2021_outbound_workers_context": 1521.0, "od_2021_context_status": "FACT_ISTAT_2021_WORK_COMMUTING_MUNICIPAL_ONLY_NOT_STOP_DEMAND" }, "geometry": { "type": "Point", "coordinates": [ 9.351913658037162, 45.74241187572904 ] } },
{ "type": "Feature", "properties": { "osm_way_id": "573427525", "highway": "unclassified", "road_uncertainty_flags": "missing_lanes|missing_maxheight|missing_maxweight|missing_maxwidth|missing_width", "sample_index": 3, "x_utm32": 533503.48122482782, "y_utm32": 5065511.5168453855, "lon": 9.4306863176032163, "lat": 45.742348846896334, "discovery_evidence": "BUILDING_GAP8:20230101_000000::RLB-d5b70c81-ce1c-4d35-a36a-ee9d91b534fc::SEC=970100000009", "discovery_seed_count": 1, "walk_graph_node_id": 24010, "walk_graph_connector_m": 2.4068123338996457, "walk_graph_connector_min": 0.030085154173745569, "walk_graph_snap_ok": true, "population_reachable_5min": 48.90314235684292, "population_additional_5min": 42.617300710550182, "existing_catchment_overlap_population_5min": 6.2858416462927353, "existing_catchment_overlap_pct_5min": 12.853655907069067, "population_reachable_8min": 524.81572726051559, "population_additional_8min": 17.781402238269916, "existing_catchment_overlap_population_8min": 507.03432502224564, "existing_catchment_overlap_pct_8min": 96.611877023753252, "population_reachable_10min": 966.03155250173756, "population_additional_10min": 21.263457789039514, "existing_catchment_overlap_population_10min": 944.76809471269814, "existing_catchment_overlap_pct_10min": 97.798885788567318, "population_reachable_12min": 1287.4936639254511, "population_additional_12min": 2.5627548449164523, "existing_catchment_overlap_population_12min": 1284.9309090805348, "existing_catchment_overlap_pct_12min": 99.800950100437575, "nearest_official_stop_walk_network_m": 750.80142976951606, "nearest_official_stop_cluster_id": "EX_008", "nearby_official_routes": "D150|D185", "nearby_official_route_count": 2, "settlement_coverage_10min_count": 1, "settlement_additional_10min_count": 0, "settlement_additional_10min_names": "", "destination_coverage_10min_count": 2, "destination_additional_10min_count": 0, "destination_additional_10min_names": "", "pruned_near_existing_stop": false, "pruned_no_access_gain": false, "candidate_id": "P2V2S_0128", "stop_type": "PROPOSED_STOP", "physical_status": "FIELD_CHECK_PENDING", "epistemic_status": "PROPOSED_STOP/FIELD_CHECK_PENDING", "road_eligibility_status": "DERIVED_GATE_D_BUS_ELIGIBLE", "candidate_status": "HYPOTHESIS_NOT_RECOMMENDATION", "population_spatial_model": "DASYMETRIC_BUILDING_SECTION_INTERSECTION_V2", "discovery_area_contract": "ANALYSIS_ENVELOPE_PLUS_INHERITED_150M_SITING_BUFFER", "potential_interchange_with_reference_gtfs": false, "interchange_evidence_status": "DERIVED_FROM_REFERENCE_PERIOD_GTFS_PROXIMITY_NOT_CURRENT_SERVICE_GUARANTEE", "discovery_sample_spacing_m_assumption": 150.0, "candidate_pruning_radius_m_assumption": 220.0, "source_gate_b_commit": "55d726564e13acca55ce563cc911263ac513acb0", "source_gate_d_commit": "7c220f7586d0f6e5cccd14a2d518be52eb1c4a55", "source_building_population_head": "29203ad64c3e32e6164ef6997933eb5c5ff2d5b1", "source_analysis_envelope_commit": "8a4608a60ecb367535814d965822e7502ae31eb9", "PRO_COM_T": "097010", "COMUNE": "Brivio", "analysis_role": "UNSPECIFIED", "municipal_2021_resident_work_commuters_context": 1662.0, "municipal_2021_outbound_workers_context": 1339.0, "od_2021_context_status": "FACT_ISTAT_2021_WORK_COMMUTING_MUNICIPAL_ONLY_NOT_STOP_DEMAND" }, "geometry": { "type": "Point", "coordinates": [ 9.430686317603216, 45.742348846896334 ] } },
{ "type": "Feature", "properties": { "osm_way_id": "245610250", "highway": "primary", "road_uncertainty_flags": "missing_maxheight|missing_maxweight|missing_maxwidth|missing_width", "sample_index": 4, "x_utm32": 533039.20979173738, "y_utm32": 5065645.5645743841, "lon": 9.4247274366775819, "lat": 45.743577685092021, "discovery_evidence": "BUILDING_GAP8:20230101_000000::RLB-a956fe54-7196-4c0f-bfcb-e0050d99d73c::SEC=970100000009", "discovery_seed_count": 1, "walk_graph_node_id": 22612, "walk_graph_connector_m": 28.599243711580801, "walk_graph_connector_min": 0.35749054639476002, "walk_graph_snap_ok": true, "population_reachable_5min": 102.00710513468543, "population_additional_5min": 20.789562271467751, "existing_catchment_overlap_population_5min": 81.217542863217687, "existing_catchment_overlap_pct_5min": 79.619495873333364, "population_reachable_8min": 359.59548583434309, "population_additional_8min": 7.8955483146837189, "existing_catchment_overlap_population_8min": 351.69993751965933, "existing_catchment_overlap_pct_8min": 97.804324963545, "population_reachable_10min": 714.16064535986675, "population_additional_10min": 19.539965052160259, "existing_catchment_overlap_population_10min": 694.62068030770638, "existing_catchment_overlap_pct_10min": 97.263925815694577, "population_reachable_12min": 1132.7978074598668, "population_additional_12min": 2.5627548449164523, "existing_catchment_overlap_population_12min": 1130.2350526149503, "existing_catchment_overlap_pct_12min": 99.773767672567885, "nearest_official_stop_walk_network_m": 281.23623861563914, "nearest_official_stop_cluster_id": "EX_014", "nearby_official_routes": "D148|D150", "nearby_official_route_count": 2, "settlement_coverage_10min_count": 1, "settlement_additional_10min_count": 0, "settlement_additional_10min_names": "", "destination_coverage_10min_count": 0, "destination_additional_10min_count": 0, "destination_additional_10min_names": "", "pruned_near_existing_stop": false, "pruned_no_access_gain": false, "candidate_id": "P2V2S_0129", "stop_type": "PROPOSED_STOP", "physical_status": "FIELD_CHECK_PENDING", "epistemic_status": "PROPOSED_STOP/FIELD_CHECK_PENDING", "road_eligibility_status": "DERIVED_GATE_D_BUS_ELIGIBLE", "candidate_status": "HYPOTHESIS_NOT_RECOMMENDATION", "population_spatial_model": "DASYMETRIC_BUILDING_SECTION_INTERSECTION_V2", "discovery_area_contract": "ANALYSIS_ENVELOPE_PLUS_INHERITED_150M_SITING_BUFFER", "potential_interchange_with_reference_gtfs": true, "interchange_evidence_status": "DERIVED_FROM_REFERENCE_PERIOD_GTFS_PROXIMITY_NOT_CURRENT_SERVICE_GUARANTEE", "discovery_sample_spacing_m_assumption": 150.0, "candidate_pruning_radius_m_assumption": 220.0, "source_gate_b_commit": "55d726564e13acca55ce563cc911263ac513acb0", "source_gate_d_commit": "7c220f7586d0f6e5cccd14a2d518be52eb1c4a55", "source_building_population_head": "29203ad64c3e32e6164ef6997933eb5c5ff2d5b1", "source_analysis_envelope_commit": "8a4608a60ecb367535814d965822e7502ae31eb9", "PRO_COM_T": "097010", "COMUNE": "Brivio", "analysis_role": "UNSPECIFIED", "municipal_2021_resident_work_commuters_context": 1662.0, "municipal_2021_outbound_workers_context": 1339.0, "od_2021_context_status": "FACT_ISTAT_2021_WORK_COMMUTING_MUNICIPAL_ONLY_NOT_STOP_DEMAND" }, "geometry": { "type": "Point", "coordinates": [ 9.424727436677582, 45.743577685092021 ] } },
{ "type": "Feature", "properties": { "osm_way_id": "46739952", "highway": "primary", "road_uncertainty_flags": "missing_maxheight|missing_maxweight|missing_maxwidth|missing_width", "sample_index": 4, "x_utm32": 527130.85632779158, "y_utm32": 5065649.1229573861, "lon": 9.3487758267185939, "lat": 45.743866811982791, "discovery_evidence": "BUILDING_GAP8:20230101_000000::RLB-0c4ddd35-da7c-4dbb-9512-9437a46655e2::SEC=970920000050|BUILDING_GAP8:20230101_000000::RLB-1eb0c681-f100-499a-8e65-b2c0351301e8::SEC=970920000016|BUILDING_GAP8:20230101_000000::RLB-40a67bd4-5f50-4142-96d2-bf43154f11fe::SEC=970920000016|BUILDING_GAP8:20230101_000000::RLB-6e9cb6b8-c4af-4089-9ea4-1894818e402b::SEC=970920000030|BUILDING_GAP8:20230101_000000::RLB-7412a19b-c6d4-4b1d-bd29-493cb77ebac6::SEC=970920000016|BUILDING_GAP8:20230101_000000::RLB-a28c1b33-b437-4c66-954e-092fdead8a87::SEC=970920000030", "discovery_seed_count": 6, "walk_graph_node_id": 2040, "walk_graph_connector_m": 25.917625250202821, "walk_graph_connector_min": 0.32397031562753525, "walk_graph_snap_ok": true, "population_reachable_5min": 17.043927648578812, "population_additional_5min": 17.043927648578812, "existing_catchment_overlap_population_5min": 0.0, "existing_catchment_overlap_pct_5min": 0.0, "population_reachable_8min": 17.905097029629996, "population_additional_8min": 17.905097029629996, "existing_catchment_overlap_population_8min": 0.0, "existing_catchment_overlap_pct_8min": 0.0, "population_reachable_10min": 42.934754351088316, "population_additional_10min": 31.299088789500562, "existing_catchment_overlap_population_10min": 11.635665561587746, "existing_catchment_overlap_pct_10min": 27.100808511538172, "population_reachable_12min": 129.47630698305699, "population_additional_12min": 34.917895004587471, "existing_catchment_overlap_population_12min": 94.558411978469508, "existing_catchment_overlap_pct_12min": 73.031440409281387, "nearest_official_stop_walk_network_m": 1264.1708432140142, "nearest_official_stop_cluster_id": "EX_027", "nearby_official_routes": "D184", "nearby_official_route_count": 1, "settlement_coverage_10min_count": 0, "settlement_additional_10min_count": 0, "settlement_additional_10min_names": "", "destination_coverage_10min_count": 0, "destination_additional_10min_count": 0, "destination_additional_10min_names": "", "pruned_near_existing_stop": false, "pruned_no_access_gain": false, "candidate_id": "P2V2S_0130", "stop_type": "PROPOSED_STOP", "physical_status": "FIELD_CHECK_PENDING", "epistemic_status": "PROPOSED_STOP/FIELD_CHECK_PENDING", "road_eligibility_status": "DERIVED_GATE_D_BUS_ELIGIBLE", "candidate_status": "HYPOTHESIS_NOT_RECOMMENDATION", "population_spatial_model": "DASYMETRIC_BUILDING_SECTION_INTERSECTION_V2", "discovery_area_contract": "ANALYSIS_ENVELOPE_PLUS_INHERITED_150M_SITING_BUFFER", "potential_interchange_with_reference_gtfs": false, "interchange_evidence_status": "DERIVED_FROM_REFERENCE_PERIOD_GTFS_PROXIMITY_NOT_CURRENT_SERVICE_GUARANTEE", "discovery_sample_spacing_m_assumption": 150.0, "candidate_pruning_radius_m_assumption": 220.0, "source_gate_b_commit": "55d726564e13acca55ce563cc911263ac513acb0", "source_gate_d_commit": "7c220f7586d0f6e5cccd14a2d518be52eb1c4a55", "source_building_population_head": "29203ad64c3e32e6164ef6997933eb5c5ff2d5b1", "source_analysis_envelope_commit": "8a4608a60ecb367535814d965822e7502ae31eb9", "PRO_COM_T": "097092", "COMUNE": "La Valletta Brianza", "analysis_role": "UNSPECIFIED", "municipal_2021_resident_work_commuters_context": 1796.0, "municipal_2021_outbound_workers_context": 1521.0, "od_2021_context_status": "FACT_ISTAT_2021_WORK_COMMUTING_MUNICIPAL_ONLY_NOT_STOP_DEMAND" }, "geometry": { "type": "Point", "coordinates": [ 9.348775826718594, 45.743866811982791 ] } },
{ "type": "Feature", "properties": { "osm_way_id": "132322446", "highway": "unclassified", "road_uncertainty_flags": "missing_lanes|missing_maxheight|missing_maxweight|missing_maxwidth|missing_width", "sample_index": 0, "x_utm32": 528356.761542639, "y_utm32": 5065653.9145350438, "lon": 9.3645351955324685, "lat": 45.743860745189224, "discovery_evidence": "BUILDING_GAP8:20230101_000000::RLB-380940ad-5a3d-4dcc-a72c-f7d07fc9b642::SEC=970920000013|BUILDING_GAP8:20230101_000000::RLB-eb7d15c7-b76a-4760-8f07-1b603c28e083::SEC=970920000013", "discovery_seed_count": 2, "walk_graph_node_id": 4962, "walk_graph_connector_m": 9.1863941863121497, "walk_graph_connector_min": 0.11482992732890188, "walk_graph_snap_ok": true, "population_reachable_5min": 12.351682193736881, "population_additional_5min": 12.351682193736881, "existing_catchment_overlap_population_5min": 0.0, "existing_catchment_overlap_pct_5min": 0.0, "population_reachable_8min": 191.68462622407253, "population_additional_8min": 9.0232558139534884, "existing_catchment_overlap_population_8min": 182.66137041011905, "existing_catchment_overlap_pct_8min": 95.292655445718623, "population_reachable_10min": 787.60866799675136, "population_additional_10min": 4.9181142075896851, "existing_catchment_overlap_population_10min": 782.69055378916187, "existing_catchment_overlap_pct_10min": 99.375563727593487, "population_reachable_12min": 1484.7255463323424, "population_additional_12min": 4.2458371366792074, "existing_catchment_overlap_population_12min": 1480.4797091956632, "existing_catchment_overlap_pct_12min": 99.714032189506838, "nearest_official_stop_walk_network_m": 618.15298132449652, "nearest_official_stop_cluster_id": "EX_030", "nearby_official_routes": "D160|D184", "nearby_official_route_count": 2, "settlement_coverage_10min_count": 1, "settlement_additional_10min_count": 1, "settlement_additional_10min_names": "Prestabbio", "destination_coverage_10min_count": 2, "destination_additional_10min_count": 0, "destination_additional_10min_names": "", "pruned_near_existing_stop": false, "pruned_no_access_gain": false, "candidate_id": "P2V2S_0131", "stop_type": "PROPOSED_STOP", "physical_status": "FIELD_CHECK_PENDING", "epistemic_status": "PROPOSED_STOP/FIELD_CHECK_PENDING", "road_eligibility_status": "DERIVED_GATE_D_BUS_ELIGIBLE", "candidate_status": "HYPOTHESIS_NOT_RECOMMENDATION", "population_spatial_model": "DASYMETRIC_BUILDING_SECTION_INTERSECTION_V2", "discovery_area_contract": "ANALYSIS_ENVELOPE_PLUS_INHERITED_150M_SITING_BUFFER", "potential_interchange_with_reference_gtfs": false, "interchange_evidence_status": "DERIVED_FROM_REFERENCE_PERIOD_GTFS_PROXIMITY_NOT_CURRENT_SERVICE_GUARANTEE", "discovery_sample_spacing_m_assumption": 150.0, "candidate_pruning_radius_m_assumption": 220.0, "source_gate_b_commit": "55d726564e13acca55ce563cc911263ac513acb0", "source_gate_d_commit": "7c220f7586d0f6e5cccd14a2d518be52eb1c4a55", "source_building_population_head": "29203ad64c3e32e6164ef6997933eb5c5ff2d5b1", "source_analysis_envelope_commit": "8a4608a60ecb367535814d965822e7502ae31eb9", "PRO_COM_T": "097092", "COMUNE": "La Valletta Brianza", "analysis_role": "UNSPECIFIED", "municipal_2021_resident_work_commuters_context": 1796.0, "municipal_2021_outbound_workers_context": 1521.0, "od_2021_context_status": "FACT_ISTAT_2021_WORK_COMMUTING_MUNICIPAL_ONLY_NOT_STOP_DEMAND" }, "geometry": { "type": "Point", "coordinates": [ 9.364535195532468, 45.743860745189224 ] } },
{ "type": "Feature", "properties": { "osm_way_id": "194070237", "highway": "unclassified", "road_uncertainty_flags": "missing_lanes|missing_maxheight|missing_maxweight|missing_maxwidth|missing_width", "sample_index": 0, "x_utm32": 528579.38870123494, "y_utm32": 5065725.2534990422, "lon": 9.3674012912359945, "lat": 45.74449366918644, "discovery_evidence": "BUILDING_GAP8:20230101_000000::RLB-36c7f7e2-f690-4d24-a5fd-105fa745dab6::SEC=970920000013|BUILDING_GAP8:20230101_000000::RLB-380940ad-5a3d-4dcc-a72c-f7d07fc9b642::SEC=970920000013|BUILDING_GAP8:20230101_000000::RLB-59d9b624-aaf4-4886-a0d8-867efce4fe54::SEC=970920000013|BUILDING_GAP8:20230101_000000::RLB-8f6ddea3-bfd7-4df3-b104-c1736d9d514a::SEC=970920000013|BUILDING_GAP8:20230101_000000::RLB-eb7d15c7-b76a-4760-8f07-1b603c28e083::SEC=970920000013", "discovery_seed_count": 5, "walk_graph_node_id": 5615, "walk_graph_connector_m": 4.1775657048562911, "walk_graph_connector_min": 0.052219571310703636, "walk_graph_snap_ok": true, "population_reachable_5min": 55.905772283237972, "population_additional_5min": 14.071729388972399, "existing_catchment_overlap_population_5min": 41.834042894265579, "existing_catchment_overlap_pct_5min": 74.82955907007215, "population_reachable_8min": 363.73226794528978, "population_additional_8min": 9.0232558139534884, "existing_catchment_overlap_population_8min": 354.70901213133635, "existing_catchment_overlap_pct_8min": 97.519258914001369, "population_reachable_10min": 666.70502200647479, "population_additional_10min": 4.9181142075896851, "existing_catchment_overlap_population_10min": 661.7869077988853, "existing_catchment_overlap_pct_10min": 99.262325309506707, "population_reachable_12min": 1097.1926333341974, "population_additional_12min": 0.0, "existing_catchment_overlap_population_12min": 1097.1926333341974, "existing_catchment_overlap_pct_12min": 100.0, "nearest_official_stop_walk_network_m": 586.78933914543404, "nearest_official_stop_cluster_id": "EX_022", "nearby_official_routes": "D184", "nearby_official_route_count": 1, "settlement_coverage_10min_count": 2, "settlement_additional_10min_count": 1, "settlement_additional_10min_names": "Prestabbio", "destination_coverage_10min_count": 3, "destination_additional_10min_count": 0, "destination_additional_10min_names": "", "pruned_near_existing_stop": false, "pruned_no_access_gain": false, "candidate_id": "P2V2S_0132", "stop_type": "PROPOSED_STOP", "physical_status": "FIELD_CHECK_PENDING", "epistemic_status": "PROPOSED_STOP/FIELD_CHECK_PENDING", "road_eligibility_status": "DERIVED_GATE_D_BUS_ELIGIBLE", "candidate_status": "HYPOTHESIS_NOT_RECOMMENDATION", "population_spatial_model": "DASYMETRIC_BUILDING_SECTION_INTERSECTION_V2", "discovery_area_contract": "ANALYSIS_ENVELOPE_PLUS_INHERITED_150M_SITING_BUFFER", "potential_interchange_with_reference_gtfs": false, "interchange_evidence_status": "DERIVED_FROM_REFERENCE_PERIOD_GTFS_PROXIMITY_NOT_CURRENT_SERVICE_GUARANTEE", "discovery_sample_spacing_m_assumption": 150.0, "candidate_pruning_radius_m_assumption": 220.0, "source_gate_b_commit": "55d726564e13acca55ce563cc911263ac513acb0", "source_gate_d_commit": "7c220f7586d0f6e5cccd14a2d518be52eb1c4a55", "source_building_population_head": "29203ad64c3e32e6164ef6997933eb5c5ff2d5b1", "source_analysis_envelope_commit": "8a4608a60ecb367535814d965822e7502ae31eb9", "PRO_COM_T": "097092", "COMUNE": "La Valletta Brianza", "analysis_role": "UNSPECIFIED", "municipal_2021_resident_work_commuters_context": 1796.0, "municipal_2021_outbound_workers_context": 1521.0, "od_2021_context_status": "FACT_ISTAT_2021_WORK_COMMUTING_MUNICIPAL_ONLY_NOT_STOP_DEMAND" }, "geometry": { "type": "Point", "coordinates": [ 9.367401291235995, 45.74449366918644 ] } },
{ "type": "Feature", "properties": { "osm_way_id": "194080872", "highway": "unclassified", "road_uncertainty_flags": "missing_lanes|missing_maxheight|missing_maxweight|missing_maxwidth|missing_width", "sample_index": 1, "x_utm32": 530132.27811569732, "y_utm32": 5065726.6896924581, "lon": 9.3873640451802345, "lat": 45.744440658500686, "discovery_evidence": "BUILDING_GAP8:20230101_000000::RLB-e25cf589-93a3-4e4e-81a9-143a9e79b8aa::SEC=970740000011", "discovery_seed_count": 1, "walk_graph_node_id": 12410, "walk_graph_connector_m": 9.8615218369191844, "walk_graph_connector_min": 0.12326902296148981, "walk_graph_snap_ok": true, "population_reachable_5min": 4.6068163175521288, "population_additional_5min": 4.6068163175521288, "existing_catchment_overlap_population_5min": 0.0, "existing_catchment_overlap_pct_5min": 0.0, "population_reachable_8min": 25.71232347064948, "population_additional_8min": 16.677263206284454, "existing_catchment_overlap_population_8min": 9.0350602643650273, "existing_catchment_overlap_pct_8min": 35.139026913217371, "population_reachable_10min": 36.495018163824135, "population_additional_10min": 9.9204150595117913, "existing_catchment_overlap_population_10min": 26.574603104312335, "existing_catchment_overlap_pct_10min": 72.817070497185128, "population_reachable_12min": 81.894814824790771, "population_additional_12min": 13.902685415568437, "existing_catchment_overlap_population_12min": 67.992129409222343, "existing_catchment_overlap_pct_12min": 83.02372934683055, "nearest_official_stop_walk_network_m": 1042.0772196254256, "nearest_official_stop_cluster_id": "EX_037", "nearby_official_routes": "D148", "nearby_official_route_count": 1, "settlement_coverage_10min_count": 2, "settlement_additional_10min_count": 1, "settlement_additional_10min_names": "Mirabella", "destination_coverage_10min_count": 0, "destination_additional_10min_count": 0, "destination_additional_10min_names": "", "pruned_near_existing_stop": false, "pruned_no_access_gain": false, "candidate_id": "P2V2S_0133", "stop_type": "PROPOSED_STOP", "physical_status": "FIELD_CHECK_PENDING", "epistemic_status": "PROPOSED_STOP/FIELD_CHECK_PENDING", "road_eligibility_status": "DERIVED_GATE_D_BUS_ELIGIBLE", "candidate_status": "HYPOTHESIS_NOT_RECOMMENDATION", "population_spatial_model": "DASYMETRIC_BUILDING_SECTION_INTERSECTION_V2", "discovery_area_contract": "ANALYSIS_ENVELOPE_PLUS_INHERITED_150M_SITING_BUFFER", "potential_interchange_with_reference_gtfs": false, "interchange_evidence_status": "DERIVED_FROM_REFERENCE_PERIOD_GTFS_PROXIMITY_NOT_CURRENT_SERVICE_GUARANTEE", "discovery_sample_spacing_m_assumption": 150.0, "candidate_pruning_radius_m_assumption": 220.0, "source_gate_b_commit": "55d726564e13acca55ce563cc911263ac513acb0", "source_gate_d_commit": "7c220f7586d0f6e5cccd14a2d518be52eb1c4a55", "source_building_population_head": "29203ad64c3e32e6164ef6997933eb5c5ff2d5b1", "source_analysis_envelope_commit": "8a4608a60ecb367535814d965822e7502ae31eb9", "PRO_COM_T": "097074", "COMUNE": "Santa Maria HoÃ¨", "analysis_role": "UNSPECIFIED", "municipal_2021_resident_work_commuters_context": 836.0, "municipal_2021_outbound_workers_context": 724.0, "od_2021_context_status": "FACT_ISTAT_2021_WORK_COMMUTING_MUNICIPAL_ONLY_NOT_STOP_DEMAND" }, "geometry": { "type": "Point", "coordinates": [ 9.387364045180234, 45.744440658500686 ] } },
{ "type": "Feature", "properties": { "osm_way_id": "223276929", "highway": "unclassified", "road_uncertainty_flags": "missing_lanes|missing_maxheight|missing_maxweight|missing_maxwidth|missing_width", "sample_index": 2, "x_utm32": 533477.43228419777, "y_utm32": 5065761.3244596776, "lon": 9.4303687445588977, "lat": 45.744598501099077, "discovery_evidence": "BUILDING_GAP8:20230101_000000::RLB-0fc0bfa1-4e9e-4754-bbe9-95a9e5d89352::SEC=970100000009|BUILDING_GAP8:20230101_000000::RLB-a50cd4d9-641c-443d-874a-f6c0c5c117b3::SEC=970100000009", "discovery_seed_count": 2, "walk_graph_node_id": 23959, "walk_graph_connector_m": 3.6961170364808651, "walk_graph_connector_min": 0.046201462956010811, "walk_graph_snap_ok": true, "population_reachable_5min": 15.423096690726275, "population_additional_5min": 15.423096690726275, "existing_catchment_overlap_population_5min": 0.0, "existing_catchment_overlap_pct_5min": 0.0, "population_reachable_8min": 124.62363291444339, "population_additional_8min": 27.956133447759676, "existing_catchment_overlap_population_8min": 96.667499466683708, "existing_catchment_overlap_pct_8min": 77.567550556841709, "population_reachable_10min": 351.11328110622105, "population_additional_10min": 25.761384340470634, "existing_catchment_overlap_population_10min": 325.35189676575044, "existing_catchment_overlap_pct_10min": 92.662942210757009, "population_reachable_12min": 845.55596920724292, "population_additional_12min": 2.5627548449164523, "existing_catchment_overlap_population_12min": 842.99321436232651, "existing_catchment_overlap_pct_12min": 99.696914818386389, "nearest_official_stop_walk_network_m": 930.31607352503465, "nearest_official_stop_cluster_id": "EX_014", "nearby_official_routes": "D148|D150", "nearby_official_route_count": 2, "settlement_coverage_10min_count": 0, "settlement_additional_10min_count": 0, "settlement_additional_10min_names": "", "destination_coverage_10min_count": 0, "destination_additional_10min_count": 0, "destination_additional_10min_names": "", "pruned_near_existing_stop": false, "pruned_no_access_gain": false, "candidate_id": "P2V2S_0134", "stop_type": "PROPOSED_STOP", "physical_status": "FIELD_CHECK_PENDING", "epistemic_status": "PROPOSED_STOP/FIELD_CHECK_PENDING", "road_eligibility_status": "DERIVED_GATE_D_BUS_ELIGIBLE", "candidate_status": "HYPOTHESIS_NOT_RECOMMENDATION", "population_spatial_model": "DASYMETRIC_BUILDING_SECTION_INTERSECTION_V2", "discovery_area_contract": "ANALYSIS_ENVELOPE_PLUS_INHERITED_150M_SITING_BUFFER", "potential_interchange_with_reference_gtfs": false, "interchange_evidence_status": "DERIVED_FROM_REFERENCE_PERIOD_GTFS_PROXIMITY_NOT_CURRENT_SERVICE_GUARANTEE", "discovery_sample_spacing_m_assumption": 150.0, "candidate_pruning_radius_m_assumption": 220.0, "source_gate_b_commit": "55d726564e13acca55ce563cc911263ac513acb0", "source_gate_d_commit": "7c220f7586d0f6e5cccd14a2d518be52eb1c4a55", "source_building_population_head": "29203ad64c3e32e6164ef6997933eb5c5ff2d5b1", "source_analysis_envelope_commit": "8a4608a60ecb367535814d965822e7502ae31eb9", "PRO_COM_T": "097010", "COMUNE": "Brivio", "analysis_role": "UNSPECIFIED", "municipal_2021_resident_work_commuters_context": 1662.0, "municipal_2021_outbound_workers_context": 1339.0, "od_2021_context_status": "FACT_ISTAT_2021_WORK_COMMUTING_MUNICIPAL_ONLY_NOT_STOP_DEMAND" }, "geometry": { "type": "Point", "coordinates": [ 9.430368744558898, 45.744598501099077 ] } },
{ "type": "Feature", "properties": { "osm_way_id": "46739952", "highway": "primary", "road_uncertainty_flags": "missing_maxheight|missing_maxweight|missing_maxwidth|missing_width", "sample_index": 6, "x_utm32": 526890.83796866052, "y_utm32": 5065816.1131353574, "lon": 9.345699647905052, "lat": 45.745379198312357, "discovery_evidence": "BUILDING_GAP8:20230101_000000::RLB-0c4ddd35-da7c-4dbb-9512-9437a46655e2::SEC=970920000050|BUILDING_GAP8:20230101_000000::RLB-1eb0c681-f100-499a-8e65-b2c0351301e8::SEC=970920000016|BUILDING_GAP8:20230101_000000::RLB-40a67bd4-5f50-4142-96d2-bf43154f11fe::SEC=970920000016|BUILDING_GAP8:20230101_000000::RLB-7412a19b-c6d4-4b1d-bd29-493cb77ebac6::SEC=970920000016", "discovery_seed_count": 4, "walk_graph_node_id": 1631, "walk_graph_connector_m": 7.8263738536380254, "walk_graph_connector_min": 0.09782967317047532, "walk_graph_snap_ok": true, "population_reachable_5min": 8.7223470619003027, "population_additional_5min": 8.7223470619003027, "existing_catchment_overlap_population_5min": 0.0, "existing_catchment_overlap_pct_5min": 0.0, "population_reachable_8min": 9.4181864290503352, "population_additional_8min": 9.4181864290503352, "existing_catchment_overlap_population_8min": 0.0, "existing_catchment_overlap_pct_8min": 0.0, "population_reachable_10min": 17.043927648578812, "population_additional_10min": 17.043927648578812, "existing_catchment_overlap_population_10min": 0.0, "existing_catchment_overlap_pct_10min": 0.0, "population_reachable_12min": 17.905097029629996, "population_additional_12min": 17.905097029629996, "existing_catchment_overlap_population_12min": 0.0, "existing_catchment_overlap_pct_12min": 0.0, "nearest_official_stop_walk_network_m": 1579.8235909215132, "nearest_official_stop_cluster_id": "EX_027", "nearby_official_routes": "D184", "nearby_official_route_count": 1, "settlement_coverage_10min_count": 0, "settlement_additional_10min_count": 0, "settlement_additional_10min_names": "", "destination_coverage_10min_count": 0, "destination_additional_10min_count": 0, "destination_additional_10min_names": "", "pruned_near_existing_stop": false, "pruned_no_access_gain": false, "candidate_id": "P2V2S_0135", "stop_type": "PROPOSED_STOP", "physical_status": "FIELD_CHECK_PENDING", "epistemic_status": "PROPOSED_STOP/FIELD_CHECK_PENDING", "road_eligibility_status": "DERIVED_GATE_D_BUS_ELIGIBLE", "candidate_status": "HYPOTHESIS_NOT_RECOMMENDATION", "population_spatial_model": "DASYMETRIC_BUILDING_SECTION_INTERSECTION_V2", "discovery_area_contract": "ANALYSIS_ENVELOPE_PLUS_INHERITED_150M_SITING_BUFFER", "potential_interchange_with_reference_gtfs": false, "interchange_evidence_status": "DERIVED_FROM_REFERENCE_PERIOD_GTFS_PROXIMITY_NOT_CURRENT_SERVICE_GUARANTEE", "discovery_sample_spacing_m_assumption": 150.0, "candidate_pruning_radius_m_assumption": 220.0, "source_gate_b_commit": "55d726564e13acca55ce563cc911263ac513acb0", "source_gate_d_commit": "7c220f7586d0f6e5cccd14a2d518be52eb1c4a55", "source_building_population_head": "29203ad64c3e32e6164ef6997933eb5c5ff2d5b1", "source_analysis_envelope_commit": "8a4608a60ecb367535814d965822e7502ae31eb9", "PRO_COM_T": "097092", "COMUNE": "La Valletta Brianza", "analysis_role": "UNSPECIFIED", "municipal_2021_resident_work_commuters_context": 1796.0, "municipal_2021_outbound_workers_context": 1521.0, "od_2021_context_status": "FACT_ISTAT_2021_WORK_COMMUTING_MUNICIPAL_ONLY_NOT_STOP_DEMAND" }, "geometry": { "type": "Point", "coordinates": [ 9.345699647905052, 45.745379198312357 ] } },
{ "type": "Feature", "properties": { "osm_way_id": "574075759", "highway": "service", "road_uncertainty_flags": "missing_lanes|missing_maxheight|missing_maxweight|missing_maxwidth|missing_width", "sample_index": 0, "x_utm32": 528178.59012068179, "y_utm32": 5065865.7678655339, "lon": 9.362257124522813, "lat": 45.745774830265191, "discovery_evidence": "SETTLEMENT_GAP8:OSM_POINT_2101450270", "discovery_seed_count": 1, "walk_graph_node_id": 4472, "walk_graph_connector_m": 20.829228792642553, "walk_graph_connector_min": 0.26036535990803189, "walk_graph_snap_ok": true, "population_reachable_5min": 0.0, "population_additional_5min": 0.0, "existing_catchment_overlap_population_5min": 0.0, "existing_catchment_overlap_pct_5min": 0.0, "population_reachable_8min": 7.4335679861471959, "population_additional_8min": 4.1051416063638024, "existing_catchment_overlap_population_8min": 3.3284263797833931, "existing_catchment_overlap_pct_8min": 44.775623038439583, "population_reachable_10min": 55.609331123834892, "population_additional_10min": 4.9181142075896851, "existing_catchment_overlap_population_10min": 50.69121691624521, "existing_catchment_overlap_pct_10min": 91.155955110055771, "population_reachable_12min": 244.1635450231675, "population_additional_12min": 0.0, "existing_catchment_overlap_population_12min": 244.1635450231675, "existing_catchment_overlap_pct_12min": 100.0, "nearest_official_stop_walk_network_m": 893.90901960368171, "nearest_official_stop_cluster_id": "EX_030", "nearby_official_routes": "D160|D184", "nearby_official_route_count": 2, "settlement_coverage_10min_count": 2, "settlement_additional_10min_count": 2, "settlement_additional_10min_names": "Cascinette Nere|Prestabbio", "destination_coverage_10min_count": 0, "destination_additional_10min_count": 0, "destination_additional_10min_names": "", "pruned_near_existing_stop": false, "pruned_no_access_gain": false, "candidate_id": "P2V2S_0136", "stop_type": "PROPOSED_STOP", "physical_status": "FIELD_CHECK_PENDING", "epistemic_status": "PROPOSED_STOP/FIELD_CHECK_PENDING", "road_eligibility_status": "DERIVED_GATE_D_BUS_ELIGIBLE", "candidate_status": "HYPOTHESIS_NOT_RECOMMENDATION", "population_spatial_model": "DASYMETRIC_BUILDING_SECTION_INTERSECTION_V2", "discovery_area_contract": "ANALYSIS_ENVELOPE_PLUS_INHERITED_150M_SITING_BUFFER", "potential_interchange_with_reference_gtfs": false, "interchange_evidence_status": "DERIVED_FROM_REFERENCE_PERIOD_GTFS_PROXIMITY_NOT_CURRENT_SERVICE_GUARANTEE", "discovery_sample_spacing_m_assumption": 150.0, "candidate_pruning_radius_m_assumption": 220.0, "source_gate_b_commit": "55d726564e13acca55ce563cc911263ac513acb0", "source_gate_d_commit": "7c220f7586d0f6e5cccd14a2d518be52eb1c4a55", "source_building_population_head": "29203ad64c3e32e6164ef6997933eb5c5ff2d5b1", "source_analysis_envelope_commit": "8a4608a60ecb367535814d965822e7502ae31eb9", "PRO_COM_T": "097019", "COMUNE": "Castello di Brianza", "analysis_role": "UNSPECIFIED", "municipal_2021_resident_work_commuters_context": null, "municipal_2021_outbound_workers_context": null, "od_2021_context_status": "FACT_ISTAT_2021_WORK_COMMUTING_MUNICIPAL_ONLY_NOT_STOP_DEMAND" }, "geometry": { "type": "Point", "coordinates": [ 9.362257124522813, 45.745774830265191 ] } },
{ "type": "Feature", "properties": { "osm_way_id": "194077338", "highway": "residential", "road_uncertainty_flags": "missing_lanes|missing_maxheight|missing_maxweight|missing_maxwidth|missing_width", "sample_index": 1, "x_utm32": 529290.25327075645, "y_utm32": 5065911.4480631668, "lon": 9.376550855134111, "lat": 45.746139772051237, "discovery_evidence": "BUILDING_GAP8:20230101_000000::RLB-298eb3e8-4309-4b23-80c9-ecf9d75a0f9e::SEC=970740000011|BUILDING_GAP8:20230101_000000::RLB-5a1f1cde-e375-4567-a2ea-ab06fd110c47::SEC=970740000011|SETTLEMENT_GAP8:OSM_POINT_13912253728", "discovery_seed_count": 3, "walk_graph_node_id": 8747, "walk_graph_connector_m": 3.0917092697731565, "walk_graph_connector_min": 0.038646365872164454, "walk_graph_snap_ok": true, "population_reachable_5min": 25.578219928819003, "population_additional_5min": 6.2863616118429748, "existing_catchment_overlap_population_5min": 19.291858316976025, "existing_catchment_overlap_pct_5min": 75.422990226305274, "population_reachable_8min": 136.78741675275359, "population_additional_8min": 3.5464749393670805, "existing_catchment_overlap_population_8min": 133.24094181338651, "existing_catchment_overlap_pct_8min": 97.407309075967561, "population_reachable_10min": 503.11095503620442, "population_additional_10min": 1.379048076184973, "existing_catchment_overlap_population_10min": 501.73190696001944, "existing_catchment_overlap_pct_10min": 99.725895836220516, "population_reachable_12min": 983.70573310246175, "population_additional_12min": 1.379048076184973, "existing_catchment_overlap_population_12min": 982.32668502627678, "existing_catchment_overlap_pct_12min": 99.859810913998075, "nearest_official_stop_walk_network_m": 397.07949745840011, "nearest_official_stop_cluster_id": "EX_022", "nearby_official_routes": "D184", "nearby_official_route_count": 1, "settlement_coverage_10min_count": 1, "settlement_additional_10min_count": 0, "settlement_additional_10min_names": "", "destination_coverage_10min_count": 2, "destination_additional_10min_count": 0, "destination_additional_10min_names": "", "pruned_near_existing_stop": false, "pruned_no_access_gain": false, "candidate_id": "P2V2S_0137", "stop_type": "PROPOSED_STOP", "physical_status": "FIELD_CHECK_PENDING", "epistemic_status": "PROPOSED_STOP/FIELD_CHECK_PENDING", "road_eligibility_status": "DERIVED_GATE_D_BUS_ELIGIBLE", "candidate_status": "HYPOTHESIS_NOT_RECOMMENDATION", "population_spatial_model": "DASYMETRIC_BUILDING_SECTION_INTERSECTION_V2", "discovery_area_contract": "ANALYSIS_ENVELOPE_PLUS_INHERITED_150M_SITING_BUFFER", "potential_interchange_with_reference_gtfs": false, "interchange_evidence_status": "DERIVED_FROM_REFERENCE_PERIOD_GTFS_PROXIMITY_NOT_CURRENT_SERVICE_GUARANTEE", "discovery_sample_spacing_m_assumption": 150.0, "candidate_pruning_radius_m_assumption": 220.0, "source_gate_b_commit": "55d726564e13acca55ce563cc911263ac513acb0", "source_gate_d_commit": "7c220f7586d0f6e5cccd14a2d518be52eb1c4a55", "source_building_population_head": "29203ad64c3e32e6164ef6997933eb5c5ff2d5b1", "source_analysis_envelope_commit": "8a4608a60ecb367535814d965822e7502ae31eb9", "PRO_COM_T": "097074", "COMUNE": "Santa Maria HoÃ¨", "analysis_role": "UNSPECIFIED", "municipal_2021_resident_work_commuters_context": 836.0, "municipal_2021_outbound_workers_context": 724.0, "od_2021_context_status": "FACT_ISTAT_2021_WORK_COMMUTING_MUNICIPAL_ONLY_NOT_STOP_DEMAND" }, "geometry": { "type": "Point", "coordinates": [ 9.376550855134111, 45.746139772051237 ] } },
{ "type": "Feature", "properties": { "osm_way_id": "237749924", "highway": "residential", "road_uncertainty_flags": "missing_lanes|missing_maxheight|missing_maxweight|missing_maxwidth|missing_width", "sample_index": 0, "x_utm32": 530381.95066940575, "y_utm32": 5065914.8147998173, "lon": 9.3905854318809663, "lat": 45.746122958880868, "discovery_evidence": "BUILDING_GAP8:20230101_000000::RLB-0b5f633e-6311-4e83-be29-11c13c43b79b::SEC=970580000030|BUILDING_GAP8:20230101_000000::RLB-0c80c209-74ef-45d8-9504-d5918d9f1ea2::SEC=970740000007|BUILDING_GAP8:20230101_000000::RLB-2d4e28b7-c9cb-48a0-9e1a-853be47ee3ff::SEC=970580000025|BUILDING_GAP8:20230101_000000::RLB-36668514-a6ac-45fa-b8d0-b97545ce58fc::SEC=970580000030|BUILDING_GAP8:20230101_000000::RLB-36668514-a6ac-45fa-b8d0-b97545ce58fc::SEC=970740000007|BUILDING_GAP8:20230101_000000::RLB-4eb82b65-137e-4547-8e83-0e15b310aff4::SEC=970740000007|BUILDING_GAP8:20230101_000000::RLB-6ac373d8-5ad0-425e-ae64-4f83cca06372::SEC=970580000030|BUILDING_GAP8:20230101_000000::RLB-6ac373d8-5ad0-425e-ae64-4f83cca06372::SEC=970740000007|BUILDING_GAP8:20230101_000000::RLB-ae876e5f-1c8e-4f49-baa2-05289d08032f::SEC=970580000030|BUILDING_GAP8:20230101_000000::RLB-ae876e5f-1c8e-4f49-baa2-05289d08032f::SEC=970740000007|BUILDING_GAP8:20230101_000000::RLB-c71d3e58-e5b9-49ac-a0ff-f00594f8de79::SEC=970740000011|SETTLEMENT_GAP8:OSM_POINT_1144810197", "discovery_seed_count": 12, "walk_graph_node_id": 13669, "walk_graph_connector_m": 1.3595844630383382, "walk_graph_connector_min": 0.016994805787979229, "walk_graph_snap_ok": true, "population_reachable_5min": 11.483625776301498, "population_additional_5min": 11.483625776301498, "existing_catchment_overlap_population_5min": 0.0, "existing_catchment_overlap_pct_5min": 0.0, "population_reachable_8min": 13.025820887310237, "population_additional_8min": 13.025820887310237, "existing_catchment_overlap_population_8min": 0.0, "existing_catchment_overlap_pct_8min": 0.0, "population_reachable_10min": 17.758766021972118, "population_additional_10min": 17.758766021972118, "existing_catchment_overlap_population_10min": 0.0, "existing_catchment_overlap_pct_10min": 0.0, "population_reachable_12min": 17.866653313214968, "population_additional_12min": 17.866653313214968, "existing_catchment_overlap_population_12min": 0.0, "existing_catchment_overlap_pct_12min": 0.0, "nearest_official_stop_walk_network_m": 1526.7466104834718, "nearest_official_stop_cluster_id": "EX_033", "nearby_official_routes": "D184", "nearby_official_route_count": 1, "settlement_coverage_10min_count": 2, "settlement_additional_10min_count": 2, "settlement_additional_10min_names": "Mirabella|Paù", "destination_coverage_10min_count": 0, "destination_additional_10min_count": 0, "destination_additional_10min_names": "", "pruned_near_existing_stop": false, "pruned_no_access_gain": false, "candidate_id": "P2V2S_0138", "stop_type": "PROPOSED_STOP", "physical_status": "FIELD_CHECK_PENDING", "epistemic_status": "PROPOSED_STOP/FIELD_CHECK_PENDING", "road_eligibility_status": "DERIVED_GATE_D_BUS_ELIGIBLE", "candidate_status": "HYPOTHESIS_NOT_RECOMMENDATION", "population_spatial_model": "DASYMETRIC_BUILDING_SECTION_INTERSECTION_V2", "discovery_area_contract": "ANALYSIS_ENVELOPE_PLUS_INHERITED_150M_SITING_BUFFER", "potential_interchange_with_reference_gtfs": false, "interchange_evidence_status": "DERIVED_FROM_REFERENCE_PERIOD_GTFS_PROXIMITY_NOT_CURRENT_SERVICE_GUARANTEE", "discovery_sample_spacing_m_assumption": 150.0, "candidate_pruning_radius_m_assumption": 220.0, "source_gate_b_commit": "55d726564e13acca55ce563cc911263ac513acb0", "source_gate_d_commit": "7c220f7586d0f6e5cccd14a2d518be52eb1c4a55", "source_building_population_head": "29203ad64c3e32e6164ef6997933eb5c5ff2d5b1", "source_analysis_envelope_commit": "8a4608a60ecb367535814d965822e7502ae31eb9", "PRO_COM_T": "097074", "COMUNE": "Santa Maria HoÃ¨", "analysis_role": "UNSPECIFIED", "municipal_2021_resident_work_commuters_context": 836.0, "municipal_2021_outbound_workers_context": 724.0, "od_2021_context_status": "FACT_ISTAT_2021_WORK_COMMUTING_MUNICIPAL_ONLY_NOT_STOP_DEMAND" }, "geometry": { "type": "Point", "coordinates": [ 9.390585431880966, 45.746122958880868 ] } },
{ "type": "Feature", "properties": { "osm_way_id": "1463998936", "highway": "service", "road_uncertainty_flags": "missing_lanes|missing_maxheight|missing_maxweight|missing_maxwidth|missing_width", "sample_index": 0, "x_utm32": 534122.68753571715, "y_utm32": 5065919.8765603052, "lon": 9.4386747501551458, "lat": 45.745994000548066, "discovery_evidence": "BUILDING_GAP8:20230101_000000::RLB-0593e272-a48b-4614-8511-cb1c6dbba808::SEC=970100000019", "discovery_seed_count": 1, "walk_graph_node_id": 25443, "walk_graph_connector_m": 27.668196091331961, "walk_graph_connector_min": 0.34585245114164953, "walk_graph_snap_ok": true, "population_reachable_5min": 31.878642718926685, "population_additional_5min": 31.878642718926685, "existing_catchment_overlap_population_5min": 0.0, "existing_catchment_overlap_pct_5min": 0.0, "population_reachable_8min": 244.88373106554457, "population_additional_8min": 83.012799147477438, "existing_catchment_overlap_population_8min": 161.87093191806713, "existing_catchment_overlap_pct_8min": 66.101137553617818, "population_reachable_10min": 456.46351745873545, "population_additional_10min": 63.545442833485495, "existing_catchment_overlap_population_10min": 392.91807462524986, "existing_catchment_overlap_pct_10min": 86.078746624207454, "population_reachable_12min": 520.49547557180915, "population_additional_12min": 4.9218180559461988, "existing_catchment_overlap_population_12min": 515.57365751586303, "existing_catchment_overlap_pct_12min": 99.054397533323595, "nearest_official_stop_walk_network_m": 906.58927718318444, "nearest_official_stop_cluster_id": "EX_036", "nearby_official_routes": "D148|D150|D185", "nearby_official_route_count": 3, "settlement_coverage_10min_count": 0, "settlement_additional_10min_count": 0, "settlement_additional_10min_names": "", "destination_coverage_10min_count": 0, "destination_additional_10min_count": 0, "destination_additional_10min_names": "", "pruned_near_existing_stop": false, "pruned_no_access_gain": false, "candidate_id": "P2V2S_0139", "stop_type": "PROPOSED_STOP", "physical_status": "FIELD_CHECK_PENDING", "epistemic_status": "PROPOSED_STOP/FIELD_CHECK_PENDING", "road_eligibility_status": "DERIVED_GATE_D_BUS_ELIGIBLE", "candidate_status": "HYPOTHESIS_NOT_RECOMMENDATION", "population_spatial_model": "DASYMETRIC_BUILDING_SECTION_INTERSECTION_V2", "discovery_area_contract": "ANALYSIS_ENVELOPE_PLUS_INHERITED_150M_SITING_BUFFER", "potential_interchange_with_reference_gtfs": false, "interchange_evidence_status": "DERIVED_FROM_REFERENCE_PERIOD_GTFS_PROXIMITY_NOT_CURRENT_SERVICE_GUARANTEE", "discovery_sample_spacing_m_assumption": 150.0, "candidate_pruning_radius_m_assumption": 220.0, "source_gate_b_commit": "55d726564e13acca55ce563cc911263ac513acb0", "source_gate_d_commit": "7c220f7586d0f6e5cccd14a2d518be52eb1c4a55", "source_building_population_head": "29203ad64c3e32e6164ef6997933eb5c5ff2d5b1", "source_analysis_envelope_commit": "8a4608a60ecb367535814d965822e7502ae31eb9", "PRO_COM_T": "097010", "COMUNE": "Brivio", "analysis_role": "UNSPECIFIED", "municipal_2021_resident_work_commuters_context": 1662.0, "municipal_2021_outbound_workers_context": 1339.0, "od_2021_context_status": "FACT_ISTAT_2021_WORK_COMMUTING_MUNICIPAL_ONLY_NOT_STOP_DEMAND" }, "geometry": { "type": "Point", "coordinates": [ 9.438674750155146, 45.745994000548066 ] } },
{ "type": "Feature", "properties": { "osm_way_id": "245610250", "highway": "primary", "road_uncertainty_flags": "missing_maxheight|missing_maxweight|missing_maxwidth|missing_width", "sample_index": 2, "x_utm32": 533140.51995816408, "y_utm32": 5065927.013141267, "lon": 9.4260490378166715, "lat": 45.746106013887903, "discovery_evidence": "BUILDING_GAP8:20230101_000000::RLB-9d441314-2a03-4ea0-93ab-34cdc47730eb::SEC=970100000034|BUILDING_GAP8:20230101_000000::RLB-a6257b81-a947-4dd8-b1d7-a4e8af4fe9a7::SEC=970100000034|BUILDING_GAP8:20230101_000000::RLB-d429e9b2-0107-4c5c-a7b6-c2ddd1773b05::SEC=970100000034", "discovery_seed_count": 3, "walk_graph_node_id": 22963, "walk_graph_connector_m": 23.06183056407351, "walk_graph_connector_min": 0.28827288205091889, "walk_graph_snap_ok": true, "population_reachable_5min": 33.370648478922597, "population_additional_5min": 28.68511058615147, "existing_catchment_overlap_population_5min": 4.6855378927711264, "existing_catchment_overlap_pct_5min": 14.04089553647896, "population_reachable_8min": 92.252050394937626, "population_additional_8min": 22.93758681541286, "existing_catchment_overlap_population_8min": 69.314463579524755, "existing_catchment_overlap_pct_8min": 75.135959886836744, "population_reachable_10min": 195.37750168456452, "population_additional_10min": 25.761384340470634, "existing_catchment_overlap_population_10min": 169.61611734409385, "existing_catchment_overlap_pct_10min": 86.814559446019416, "population_reachable_12min": 412.04161015713868, "population_additional_12min": 2.5627548449164523, "existing_catchment_overlap_population_12min": 409.47885531222221, "existing_catchment_overlap_pct_12min": 99.378034940709242, "nearest_official_stop_walk_network_m": 627.35989974507436, "nearest_official_stop_cluster_id": "EX_014", "nearby_official_routes": "D148|D150", "nearby_official_route_count": 2, "settlement_coverage_10min_count": 0, "settlement_additional_10min_count": 0, "settlement_additional_10min_names": "", "destination_coverage_10min_count": 1, "destination_additional_10min_count": 1, "destination_additional_10min_names": "Oratorio di Airuno", "pruned_near_existing_stop": false, "pruned_no_access_gain": false, "candidate_id": "P2V2S_0140", "stop_type": "PROPOSED_STOP", "physical_status": "FIELD_CHECK_PENDING", "epistemic_status": "PROPOSED_STOP/FIELD_CHECK_PENDING", "road_eligibility_status": "DERIVED_GATE_D_BUS_ELIGIBLE", "candidate_status": "HYPOTHESIS_NOT_RECOMMENDATION", "population_spatial_model": "DASYMETRIC_BUILDING_SECTION_INTERSECTION_V2", "discovery_area_contract": "ANALYSIS_ENVELOPE_PLUS_INHERITED_150M_SITING_BUFFER", "potential_interchange_with_reference_gtfs": false, "interchange_evidence_status": "DERIVED_FROM_REFERENCE_PERIOD_GTFS_PROXIMITY_NOT_CURRENT_SERVICE_GUARANTEE", "discovery_sample_spacing_m_assumption": 150.0, "candidate_pruning_radius_m_assumption": 220.0, "source_gate_b_commit": "55d726564e13acca55ce563cc911263ac513acb0", "source_gate_d_commit": "7c220f7586d0f6e5cccd14a2d518be52eb1c4a55", "source_building_population_head": "29203ad64c3e32e6164ef6997933eb5c5ff2d5b1", "source_analysis_envelope_commit": "8a4608a60ecb367535814d965822e7502ae31eb9", "PRO_COM_T": "097010", "COMUNE": "Brivio", "analysis_role": "UNSPECIFIED", "municipal_2021_resident_work_commuters_context": 1662.0, "municipal_2021_outbound_workers_context": 1339.0, "od_2021_context_status": "FACT_ISTAT_2021_WORK_COMMUTING_MUNICIPAL_ONLY_NOT_STOP_DEMAND" }, "geometry": { "type": "Point", "coordinates": [ 9.426049037816671, 45.746106013887903 ] } },
{ "type": "Feature", "properties": { "osm_way_id": "298335711", "highway": "service", "road_uncertainty_flags": "missing_lanes|missing_maxheight|missing_maxweight|missing_maxwidth|missing_width", "sample_index": 0, "x_utm32": 534384.07090519159, "y_utm32": 5066036.7926192163, "lon": 9.4420432500106468, "lat": 45.747033350012288, "discovery_evidence": "BUILDING_GAP8:20230101_000000::RLB-4933eafe-d960-4cc9-ab4c-c25fda184490::SEC=970100000006", "discovery_seed_count": 1, "walk_graph_node_id": 26179, "walk_graph_connector_m": 4.308460721266349, "walk_graph_connector_min": 0.053855759015829362, "walk_graph_snap_ok": true, "population_reachable_5min": 288.50189250965246, "population_additional_5min": 273.52836083427013, "existing_catchment_overlap_population_5min": 14.973531675382379, "existing_catchment_overlap_pct_5min": 5.1900982503542528, "population_reachable_8min": 494.86176485215469, "population_additional_8min": 133.1723982792499, "existing_catchment_overlap_population_8min": 361.68936657290487, "existing_catchment_overlap_pct_8min": 73.08896994314432, "population_reachable_10min": 525.78585164585127, "population_additional_10min": 76.280347111859541, "existing_catchment_overlap_population_10min": 449.50550453399188, "existing_catchment_overlap_pct_10min": 85.492126333738085, "population_reachable_12min": 877.2953368674373, "population_additional_12min": 4.9218180559461988, "existing_catchment_overlap_population_12min": 872.37351881149118, "existing_catchment_overlap_pct_12min": 99.438978203905606, "nearest_official_stop_walk_network_m": 671.75532185159523, "nearest_official_stop_cluster_id": "EX_036", "nearby_official_routes": "D148|D150|D185", "nearby_official_route_count": 3, "settlement_coverage_10min_count": 1, "settlement_additional_10min_count": 0, "settlement_additional_10min_names": "", "destination_coverage_10min_count": 1, "destination_additional_10min_count": 0, "destination_additional_10min_names": "", "pruned_near_existing_stop": false, "pruned_no_access_gain": false, "candidate_id": "P2V2S_0141", "stop_type": "PROPOSED_STOP", "physical_status": "FIELD_CHECK_PENDING", "epistemic_status": "PROPOSED_STOP/FIELD_CHECK_PENDING", "road_eligibility_status": "DERIVED_GATE_D_BUS_ELIGIBLE", "candidate_status": "HYPOTHESIS_NOT_RECOMMENDATION", "population_spatial_model": "DASYMETRIC_BUILDING_SECTION_INTERSECTION_V2", "discovery_area_contract": "ANALYSIS_ENVELOPE_PLUS_INHERITED_150M_SITING_BUFFER", "potential_interchange_with_reference_gtfs": false, "interchange_evidence_status": "DERIVED_FROM_REFERENCE_PERIOD_GTFS_PROXIMITY_NOT_CURRENT_SERVICE_GUARANTEE", "discovery_sample_spacing_m_assumption": 150.0, "candidate_pruning_radius_m_assumption": 220.0, "source_gate_b_commit": "55d726564e13acca55ce563cc911263ac513acb0", "source_gate_d_commit": "7c220f7586d0f6e5cccd14a2d518be52eb1c4a55", "source_building_population_head": "29203ad64c3e32e6164ef6997933eb5c5ff2d5b1", "source_analysis_envelope_commit": "8a4608a60ecb367535814d965822e7502ae31eb9", "PRO_COM_T": "097010", "COMUNE": "Brivio", "analysis_role": "UNSPECIFIED", "municipal_2021_resident_work_commuters_context": 1662.0, "municipal_2021_outbound_workers_context": 1339.0, "od_2021_context_status": "FACT_ISTAT_2021_WORK_COMMUTING_MUNICIPAL_ONLY_NOT_STOP_DEMAND" }, "geometry": { "type": "Point", "coordinates": [ 9.442043250010647, 45.747033350012288 ] } },
{ "type": "Feature", "properties": { "osm_way_id": "194080866", "highway": "unclassified", "road_uncertainty_flags": "missing_lanes|missing_maxheight|missing_maxweight|missing_maxwidth|missing_width", "sample_index": 1, "x_utm32": 530183.4689195609, "y_utm32": 5066039.9186050398, "lon": 9.388041643770908, "lat": 45.747257654824431, "discovery_evidence": "BUILDING_GAP8:20230101_000000::RLB-24ab72a7-4fed-40be-990f-d8412e9935dd::SEC=970740000011|BUILDING_GAP8:20230101_000000::RLB-b3128d6c-3271-48c4-8818-89a264a56e56::SEC=970740000011|BUILDING_GAP8:20230101_000000::RLB-b48a3b9e-7aca-4a7e-93f7-72892ff0bc08::SEC=970740000011|BUILDING_GAP8:20230101_000000::RLB-c1902764-6daa-42ea-9621-7a4d6b0308b7::SEC=970740000011|BUILDING_GAP8:20230101_000000::RLB-f7928f92-e3f9-48b2-9619-d2a2a646c545::SEC=970740000011", "discovery_seed_count": 5, "walk_graph_node_id": 12698, "walk_graph_connector_m": 9.1639717752506833, "walk_graph_connector_min": 0.11454964719063354, "walk_graph_snap_ok": true, "population_reachable_5min": 2.3056190998235979, "population_additional_5min": 2.3056190998235979, "existing_catchment_overlap_population_5min": 0.0, "existing_catchment_overlap_pct_5min": 0.0, "population_reachable_8min": 11.483625776301498, "population_additional_8min": 11.483625776301498, "existing_catchment_overlap_population_8min": 0.0, "existing_catchment_overlap_pct_8min": 0.0, "population_reachable_10min": 11.483625776301498, "population_additional_10min": 11.483625776301498, "existing_catchment_overlap_population_10min": 0.0, "existing_catchment_overlap_pct_10min": 0.0, "population_reachable_12min": 13.025820887310237, "population_additional_12min": 13.025820887310237, "existing_catchment_overlap_population_12min": 0.0, "existing_catchment_overlap_pct_12min": 0.0, "nearest_official_stop_walk_network_m": 1826.107068975773, "nearest_official_stop_cluster_id": "EX_033", "nearby_official_routes": "D184", "nearby_official_route_count": 1, "settlement_coverage_10min_count": 1, "settlement_additional_10min_count": 1, "settlement_additional_10min_names": "Paù", "destination_coverage_10min_count": 0, "destination_additional_10min_count": 0, "destination_additional_10min_names": "", "pruned_near_existing_stop": false, "pruned_no_access_gain": false, "candidate_id": "P2V2S_0142", "stop_type": "PROPOSED_STOP", "physical_status": "FIELD_CHECK_PENDING", "epistemic_status": "PROPOSED_STOP/FIELD_CHECK_PENDING", "road_eligibility_status": "DERIVED_GATE_D_BUS_ELIGIBLE", "candidate_status": "HYPOTHESIS_NOT_RECOMMENDATION", "population_spatial_model": "DASYMETRIC_BUILDING_SECTION_INTERSECTION_V2", "discovery_area_contract": "ANALYSIS_ENVELOPE_PLUS_INHERITED_150M_SITING_BUFFER", "potential_interchange_with_reference_gtfs": false, "interchange_evidence_status": "DERIVED_FROM_REFERENCE_PERIOD_GTFS_PROXIMITY_NOT_CURRENT_SERVICE_GUARANTEE", "discovery_sample_spacing_m_assumption": 150.0, "candidate_pruning_radius_m_assumption": 220.0, "source_gate_b_commit": "55d726564e13acca55ce563cc911263ac513acb0", "source_gate_d_commit": "7c220f7586d0f6e5cccd14a2d518be52eb1c4a55", "source_building_population_head": "29203ad64c3e32e6164ef6997933eb5c5ff2d5b1", "source_analysis_envelope_commit": "8a4608a60ecb367535814d965822e7502ae31eb9", "PRO_COM_T": "097074", "COMUNE": "Santa Maria HoÃ¨", "analysis_role": "UNSPECIFIED", "municipal_2021_resident_work_commuters_context": 836.0, "municipal_2021_outbound_workers_context": 724.0, "od_2021_context_status": "FACT_ISTAT_2021_WORK_COMMUTING_MUNICIPAL_ONLY_NOT_STOP_DEMAND" }, "geometry": { "type": "Point", "coordinates": [ 9.388041643770908, 45.747257654824431 ] } },
{ "type": "Feature", "properties": { "osm_way_id": "1462627793", "highway": "service", "road_uncertainty_flags": "missing_lanes|missing_maxheight|missing_maxweight|missing_maxwidth|missing_width", "sample_index": 0, "x_utm32": 527906.10963818326, "y_utm32": 5066053.4096953981, "lon": 9.3587650700646119, "lat": 45.747474766065615, "discovery_evidence": "SETTLEMENT_GAP8:OSM_POINT_2101450231", "discovery_seed_count": 1, "walk_graph_node_id": 3623, "walk_graph_connector_m": 5.3049732440410642, "walk_graph_connector_min": 0.066312165550513308, "walk_graph_snap_ok": true, "population_reachable_5min": 0.0, "population_additional_5min": 0.0, "existing_catchment_overlap_population_5min": 0.0, "existing_catchment_overlap_pct_5min": 0.0, "population_reachable_8min": 0.0, "population_additional_8min": 0.0, "existing_catchment_overlap_population_8min": 0.0, "existing_catchment_overlap_pct_8min": 0.0, "population_reachable_10min": 3.3284263797833931, "population_additional_10min": 0.0, "existing_catchment_overlap_population_10min": 3.3284263797833931, "existing_catchment_overlap_pct_10min": 100.0, "population_reachable_12min": 7.4335679861471959, "population_additional_12min": 0.0, "existing_catchment_overlap_population_12min": 7.4335679861471959, "existing_catchment_overlap_pct_12min": 100.0, "nearest_official_stop_walk_network_m": 1269.2834058781127, "nearest_official_stop_cluster_id": "EX_030", "nearby_official_routes": "D160|D184", "nearby_official_route_count": 2, "settlement_coverage_10min_count": 2, "settlement_additional_10min_count": 2, "settlement_additional_10min_names": "Cascinette Nere|Prestabbio", "destination_coverage_10min_count": 0, "destination_additional_10min_count": 0, "destination_additional_10min_names": "", "pruned_near_existing_stop": false, "pruned_no_access_gain": false, "candidate_id": "P2V2S_0143", "stop_type": "PROPOSED_STOP", "physical_status": "FIELD_CHECK_PENDING", "epistemic_status": "PROPOSED_STOP/FIELD_CHECK_PENDING", "road_eligibility_status": "DERIVED_GATE_D_BUS_ELIGIBLE", "candidate_status": "HYPOTHESIS_NOT_RECOMMENDATION", "population_spatial_model": "DASYMETRIC_BUILDING_SECTION_INTERSECTION_V2", "discovery_area_contract": "ANALYSIS_ENVELOPE_PLUS_INHERITED_150M_SITING_BUFFER", "potential_interchange_with_reference_gtfs": false, "interchange_evidence_status": "DERIVED_FROM_REFERENCE_PERIOD_GTFS_PROXIMITY_NOT_CURRENT_SERVICE_GUARANTEE", "discovery_sample_spacing_m_assumption": 150.0, "candidate_pruning_radius_m_assumption": 220.0, "source_gate_b_commit": "55d726564e13acca55ce563cc911263ac513acb0", "source_gate_d_commit": "7c220f7586d0f6e5cccd14a2d518be52eb1c4a55", "source_building_population_head": "29203ad64c3e32e6164ef6997933eb5c5ff2d5b1", "source_analysis_envelope_commit": "8a4608a60ecb367535814d965822e7502ae31eb9", "PRO_COM_T": "097019", "COMUNE": "Castello di Brianza", "analysis_role": "UNSPECIFIED", "municipal_2021_resident_work_commuters_context": null, "municipal_2021_outbound_workers_context": null, "od_2021_context_status": "FACT_ISTAT_2021_WORK_COMMUTING_MUNICIPAL_ONLY_NOT_STOP_DEMAND" }, "geometry": { "type": "Point", "coordinates": [ 9.358765070064612, 45.747474766065615 ] } },
{ "type": "Feature", "properties": { "osm_way_id": "194064670", "highway": "residential", "road_uncertainty_flags": "missing_lanes|missing_maxheight|missing_maxweight|missing_maxwidth|missing_width", "sample_index": 0, "x_utm32": 528339.72750713036, "y_utm32": 5066150.556473162, "lon": 9.3643453011638194, "lat": 45.74833150116573, "discovery_evidence": "BUILDING_GAP8:20230101_000000::RLB-606c459c-c4f4-4d37-89b8-a5a3f6e0cd84::SEC=970740000012", "discovery_seed_count": 1, "walk_graph_node_id": 4929, "walk_graph_connector_m": 1.6995980460622695, "walk_graph_connector_min": 0.021244975575778369, "walk_graph_snap_ok": true, "population_reachable_5min": 85.473194799266892, "population_additional_5min": 14.909720731696019, "existing_catchment_overlap_population_5min": 70.563474067570866, "existing_catchment_overlap_pct_5min": 82.556261332326017, "population_reachable_8min": 197.47015406024246, "population_additional_8min": 13.581067460064704, "existing_catchment_overlap_population_8min": 183.88908660017776, "existing_catchment_overlap_pct_8min": 93.122470823655959, "population_reachable_10min": 276.85521221485436, "population_additional_10min": 0.0, "existing_catchment_overlap_population_10min": 276.85521221485436, "existing_catchment_overlap_pct_10min": 100.0, "population_reachable_12min": 416.34964685227055, "population_additional_12min": 0.0, "existing_catchment_overlap_population_12min": 416.34964685227055, "existing_catchment_overlap_pct_12min": 100.0, "nearest_official_stop_walk_network_m": 323.59473450819496, "nearest_official_stop_cluster_id": "EX_028", "nearby_official_routes": "D184", "nearby_official_route_count": 1, "settlement_coverage_10min_count": 0, "settlement_additional_10min_count": 0, "settlement_additional_10min_names": "", "destination_coverage_10min_count": 0, "destination_additional_10min_count": 0, "destination_additional_10min_names": "", "pruned_near_existing_stop": false, "pruned_no_access_gain": false, "candidate_id": "P2V2S_0144", "stop_type": "PROPOSED_STOP", "physical_status": "FIELD_CHECK_PENDING", "epistemic_status": "PROPOSED_STOP/FIELD_CHECK_PENDING", "road_eligibility_status": "DERIVED_GATE_D_BUS_ELIGIBLE", "candidate_status": "HYPOTHESIS_NOT_RECOMMENDATION", "population_spatial_model": "DASYMETRIC_BUILDING_SECTION_INTERSECTION_V2", "discovery_area_contract": "ANALYSIS_ENVELOPE_PLUS_INHERITED_150M_SITING_BUFFER", "potential_interchange_with_reference_gtfs": false, "interchange_evidence_status": "DERIVED_FROM_REFERENCE_PERIOD_GTFS_PROXIMITY_NOT_CURRENT_SERVICE_GUARANTEE", "discovery_sample_spacing_m_assumption": 150.0, "candidate_pruning_radius_m_assumption": 220.0, "source_gate_b_commit": "55d726564e13acca55ce563cc911263ac513acb0", "source_gate_d_commit": "7c220f7586d0f6e5cccd14a2d518be52eb1c4a55", "source_building_population_head": "29203ad64c3e32e6164ef6997933eb5c5ff2d5b1", "source_analysis_envelope_commit": "8a4608a60ecb367535814d965822e7502ae31eb9", "PRO_COM_T": "097074", "COMUNE": "Santa Maria HoÃ¨", "analysis_role": "UNSPECIFIED", "municipal_2021_resident_work_commuters_context": 836.0, "municipal_2021_outbound_workers_context": 724.0, "od_2021_context_status": "FACT_ISTAT_2021_WORK_COMMUTING_MUNICIPAL_ONLY_NOT_STOP_DEMAND" }, "geometry": { "type": "Point", "coordinates": [ 9.364345301163819, 45.74833150116573 ] } },
{ "type": "Feature", "properties": { "osm_way_id": "194466451", "highway": "residential", "road_uncertainty_flags": "missing_lanes|missing_maxheight|missing_maxweight|missing_maxwidth|missing_width", "sample_index": 1, "x_utm32": 529039.55422808533, "y_utm32": 5066151.1385487765, "lon": 9.3733423589895395, "lat": 45.748307695295921, "discovery_evidence": "SETTLEMENT_GAP8:OSM_POINT_13838884594", "discovery_seed_count": 1, "walk_graph_node_id": 7662, "walk_graph_connector_m": 11.383829855632619, "walk_graph_connector_min": 0.14229787319540774, "walk_graph_snap_ok": true, "population_reachable_5min": 0.0, "population_additional_5min": 0.0, "existing_catchment_overlap_population_5min": 0.0, "existing_catchment_overlap_pct_5min": 0.0, "population_reachable_8min": 8.7812611051478573, "population_additional_8min": 1.1946171693733432, "existing_catchment_overlap_population_8min": 7.5866439357745143, "existing_catchment_overlap_pct_8min": 86.395835916175869, "population_reachable_10min": 28.670516926160325, "population_additional_10min": 1.1946171693733432, "existing_catchment_overlap_population_10min": 27.47589975678698, "existing_catchment_overlap_pct_10min": 95.833290441012878, "population_reachable_12min": 69.040926365636224, "population_additional_12min": 1.1946171693733432, "existing_catchment_overlap_population_12min": 67.846309196262879, "existing_catchment_overlap_pct_12min": 98.269697073520234, "nearest_official_stop_walk_network_m": 736.36718437115758, "nearest_official_stop_cluster_id": "EX_028", "nearby_official_routes": "D184", "nearby_official_route_count": 1, "settlement_coverage_10min_count": 1, "settlement_additional_10min_count": 1, "settlement_additional_10min_names": "Cornera", "destination_coverage_10min_count": 0, "destination_additional_10min_count": 0, "destination_additional_10min_names": "", "pruned_near_existing_stop": false, "pruned_no_access_gain": false, "candidate_id": "P2V2S_0145", "stop_type": "PROPOSED_STOP", "physical_status": "FIELD_CHECK_PENDING", "epistemic_status": "PROPOSED_STOP/FIELD_CHECK_PENDING", "road_eligibility_status": "DERIVED_GATE_D_BUS_ELIGIBLE", "candidate_status": "HYPOTHESIS_NOT_RECOMMENDATION", "population_spatial_model": "DASYMETRIC_BUILDING_SECTION_INTERSECTION_V2", "discovery_area_contract": "ANALYSIS_ENVELOPE_PLUS_INHERITED_150M_SITING_BUFFER", "potential_interchange_with_reference_gtfs": false, "interchange_evidence_status": "DERIVED_FROM_REFERENCE_PERIOD_GTFS_PROXIMITY_NOT_CURRENT_SERVICE_GUARANTEE", "discovery_sample_spacing_m_assumption": 150.0, "candidate_pruning_radius_m_assumption": 220.0, "source_gate_b_commit": "55d726564e13acca55ce563cc911263ac513acb0", "source_gate_d_commit": "7c220f7586d0f6e5cccd14a2d518be52eb1c4a55", "source_building_population_head": "29203ad64c3e32e6164ef6997933eb5c5ff2d5b1", "source_analysis_envelope_commit": "8a4608a60ecb367535814d965822e7502ae31eb9", "PRO_COM_T": "097024", "COMUNE": "Colle Brianza", "analysis_role": "UNSPECIFIED", "municipal_2021_resident_work_commuters_context": null, "municipal_2021_outbound_workers_context": null, "od_2021_context_status": "FACT_ISTAT_2021_WORK_COMMUTING_MUNICIPAL_ONLY_NOT_STOP_DEMAND" }, "geometry": { "type": "Point", "coordinates": [ 9.373342358989539, 45.748307695295921 ] } },
{ "type": "Feature", "properties": { "osm_way_id": "564723789", "highway": "residential", "road_uncertainty_flags": "missing_lanes|missing_maxheight|missing_maxweight|missing_maxwidth|missing_width", "sample_index": 0, "x_utm32": 533041.6840972635, "y_utm32": 5066166.8477710634, "lon": 9.4247948291111587, "lat": 45.748269375607791, "discovery_evidence": "SETTLEMENT_GAP8:OSM_POINT_13236956843", "discovery_seed_count": 1, "walk_graph_node_id": 22633, "walk_graph_connector_m": 7.4456812099106031, "walk_graph_connector_min": 0.093071015123882536, "walk_graph_snap_ok": true, "population_reachable_5min": 7.8955483146837189, "population_additional_5min": 7.8955483146837189, "existing_catchment_overlap_population_5min": 0.0, "existing_catchment_overlap_pct_5min": 0.0, "population_reachable_8min": 33.370648478922597, "population_additional_8min": 7.8955483146837189, "existing_catchment_overlap_population_8min": 25.475100164238878, "existing_catchment_overlap_pct_8min": 76.3398415236951, "population_reachable_10min": 47.835944771592523, "population_additional_10min": 16.977210207243807, "existing_catchment_overlap_population_10min": 30.858734564348726, "existing_catchment_overlap_pct_10min": 64.509512066069306, "population_reachable_12min": 92.252050394937626, "population_additional_12min": 2.5627548449164523, "existing_catchment_overlap_population_12min": 89.689295550021185, "existing_catchment_overlap_pct_12min": 97.222007712625242, "nearest_official_stop_walk_network_m": 905.27428709638491, "nearest_official_stop_cluster_id": "EX_014", "nearby_official_routes": "D148|D150", "nearby_official_route_count": 2, "settlement_coverage_10min_count": 1, "settlement_additional_10min_count": 1, "settlement_additional_10min_names": "Airuno", "destination_coverage_10min_count": 1, "destination_additional_10min_count": 1, "destination_additional_10min_names": "Oratorio di Airuno", "pruned_near_existing_stop": false, "pruned_no_access_gain": false, "candidate_id": "P2V2S_0146", "stop_type": "PROPOSED_STOP", "physical_status": "FIELD_CHECK_PENDING", "epistemic_status": "PROPOSED_STOP/FIELD_CHECK_PENDING", "road_eligibility_status": "DERIVED_GATE_D_BUS_ELIGIBLE", "candidate_status": "HYPOTHESIS_NOT_RECOMMENDATION", "population_spatial_model": "DASYMETRIC_BUILDING_SECTION_INTERSECTION_V2", "discovery_area_contract": "ANALYSIS_ENVELOPE_PLUS_INHERITED_150M_SITING_BUFFER", "potential_interchange_with_reference_gtfs": false, "interchange_evidence_status": "DERIVED_FROM_REFERENCE_PERIOD_GTFS_PROXIMITY_NOT_CURRENT_SERVICE_GUARANTEE", "discovery_sample_spacing_m_assumption": 150.0, "candidate_pruning_radius_m_assumption": 220.0, "source_gate_b_commit": "55d726564e13acca55ce563cc911263ac513acb0", "source_gate_d_commit": "7c220f7586d0f6e5cccd14a2d518be52eb1c4a55", "source_building_population_head": "29203ad64c3e32e6164ef6997933eb5c5ff2d5b1", "source_analysis_envelope_commit": "8a4608a60ecb367535814d965822e7502ae31eb9", "PRO_COM_T": "097002", "COMUNE": "Airuno", "analysis_role": "UNSPECIFIED", "municipal_2021_resident_work_commuters_context": null, "municipal_2021_outbound_workers_context": null, "od_2021_context_status": "FACT_ISTAT_2021_WORK_COMMUTING_MUNICIPAL_ONLY_NOT_STOP_DEMAND" }, "geometry": { "type": "Point", "coordinates": [ 9.424794829111159, 45.748269375607791 ] } },
{ "type": "Feature", "properties": { "osm_way_id": "1463998933", "highway": "service", "road_uncertainty_flags": "missing_lanes|missing_maxheight|missing_maxweight|missing_maxwidth|missing_width", "sample_index": 2, "x_utm32": 534498.34758037631, "y_utm32": 5066360.3019472808, "lon": 9.4435354131290055, "lat": 45.749939393407523, "discovery_evidence": "BUILDING_GAP8:20230101_000000::RLB-069e7aa9-b5a8-4c2a-ae4f-62569232d983::SEC=970100000007", "discovery_seed_count": 1, "walk_graph_node_id": 26688, "walk_graph_connector_m": 6.6117565748838114, "walk_graph_connector_min": 0.082646957186047643, "walk_graph_snap_ok": true, "population_reachable_5min": 40.28931616189395, "population_additional_5min": 40.28931616189395, "existing_catchment_overlap_population_5min": 0.0, "existing_catchment_overlap_pct_5min": 0.0, "population_reachable_8min": 134.90106989777206, "population_additional_8min": 86.949137483204794, "existing_catchment_overlap_population_8min": 47.951932414567239, "existing_catchment_overlap_pct_8min": 35.545998598013476, "population_reachable_10min": 266.17826763374211, "population_additional_10min": 50.664907908834294, "existing_catchment_overlap_population_10min": 215.51335972490779, "existing_catchment_overlap_pct_10min": 80.965798463100455, "population_reachable_12min": 463.24606896042087, "population_additional_12min": 4.9218180559461988, "existing_catchment_overlap_population_12min": 458.3242509044747, "existing_catchment_overlap_pct_12min": 98.937537005550567, "nearest_official_stop_walk_network_m": 1055.3207111411728, "nearest_official_stop_cluster_id": "EX_036", "nearby_official_routes": "D148|D150|D185", "nearby_official_route_count": 3, "settlement_coverage_10min_count": 0, "settlement_additional_10min_count": 0, "settlement_additional_10min_names": "", "destination_coverage_10min_count": 0, "destination_additional_10min_count": 0, "destination_additional_10min_names": "", "pruned_near_existing_stop": false, "pruned_no_access_gain": false, "candidate_id": "P2V2S_0147", "stop_type": "PROPOSED_STOP", "physical_status": "FIELD_CHECK_PENDING", "epistemic_status": "PROPOSED_STOP/FIELD_CHECK_PENDING", "road_eligibility_status": "DERIVED_GATE_D_BUS_ELIGIBLE", "candidate_status": "HYPOTHESIS_NOT_RECOMMENDATION", "population_spatial_model": "DASYMETRIC_BUILDING_SECTION_INTERSECTION_V2", "discovery_area_contract": "ANALYSIS_ENVELOPE_PLUS_INHERITED_150M_SITING_BUFFER", "potential_interchange_with_reference_gtfs": false, "interchange_evidence_status": "DERIVED_FROM_REFERENCE_PERIOD_GTFS_PROXIMITY_NOT_CURRENT_SERVICE_GUARANTEE", "discovery_sample_spacing_m_assumption": 150.0, "candidate_pruning_radius_m_assumption": 220.0, "source_gate_b_commit": "55d726564e13acca55ce563cc911263ac513acb0", "source_gate_d_commit": "7c220f7586d0f6e5cccd14a2d518be52eb1c4a55", "source_building_population_head": "29203ad64c3e32e6164ef6997933eb5c5ff2d5b1", "source_analysis_envelope_commit": "8a4608a60ecb367535814d965822e7502ae31eb9", "PRO_COM_T": "097010", "COMUNE": "Brivio", "analysis_role": "UNSPECIFIED", "municipal_2021_resident_work_commuters_context": 1662.0, "municipal_2021_outbound_workers_context": 1339.0, "od_2021_context_status": "FACT_ISTAT_2021_WORK_COMMUTING_MUNICIPAL_ONLY_NOT_STOP_DEMAND" }, "geometry": { "type": "Point", "coordinates": [ 9.443535413129005, 45.749939393407523 ] } },
{ "type": "Feature", "properties": { "osm_way_id": "223574581", "highway": "unclassified", "road_uncertainty_flags": "missing_maxheight|missing_maxweight|missing_maxwidth|missing_width", "sample_index": 0, "x_utm32": 533073.09606898436, "y_utm32": 5066396.0207352452, "lon": 9.4252143227873049, "lat": 45.750330543087536, "discovery_evidence": "DESTINATION_GAP8:OSM_way_701042641", "discovery_seed_count": 1, "walk_graph_node_id": 22768, "walk_graph_connector_m": 9.0740678686417784, "walk_graph_connector_min": 0.11342584835802223, "walk_graph_snap_ok": true, "population_reachable_5min": 0.0, "population_additional_5min": 0.0, "existing_catchment_overlap_population_5min": 0.0, "existing_catchment_overlap_pct_5min": 0.0, "population_reachable_8min": 7.8955483146837189, "population_additional_8min": 7.8955483146837189, "existing_catchment_overlap_population_8min": 0.0, "existing_catchment_overlap_pct_8min": 0.0, "population_reachable_10min": 25.856401926590188, "population_additional_10min": 4.4979265514311191, "existing_catchment_overlap_population_10min": 21.358475375159067, "existing_catchment_overlap_pct_10min": 82.604205472202423, "population_reachable_12min": 33.370648478922597, "population_additional_12min": 0.0, "existing_catchment_overlap_population_12min": 33.370648478922597, "existing_catchment_overlap_pct_12min": 100.0, "nearest_official_stop_walk_network_m": 1199.1572053606453, "nearest_official_stop_cluster_id": "EX_014", "nearby_official_routes": "D148|D150", "nearby_official_route_count": 2, "settlement_coverage_10min_count": 0, "settlement_additional_10min_count": 0, "settlement_additional_10min_names": "", "destination_coverage_10min_count": 1, "destination_additional_10min_count": 1, "destination_additional_10min_names": "Oratorio di Airuno", "pruned_near_existing_stop": false, "pruned_no_access_gain": false, "candidate_id": "P2V2S_0148", "stop_type": "PROPOSED_STOP", "physical_status": "FIELD_CHECK_PENDING", "epistemic_status": "PROPOSED_STOP/FIELD_CHECK_PENDING", "road_eligibility_status": "DERIVED_GATE_D_BUS_ELIGIBLE", "candidate_status": "HYPOTHESIS_NOT_RECOMMENDATION", "population_spatial_model": "DASYMETRIC_BUILDING_SECTION_INTERSECTION_V2", "discovery_area_contract": "ANALYSIS_ENVELOPE_PLUS_INHERITED_150M_SITING_BUFFER", "potential_interchange_with_reference_gtfs": false, "interchange_evidence_status": "DERIVED_FROM_REFERENCE_PERIOD_GTFS_PROXIMITY_NOT_CURRENT_SERVICE_GUARANTEE", "discovery_sample_spacing_m_assumption": 150.0, "candidate_pruning_radius_m_assumption": 220.0, "source_gate_b_commit": "55d726564e13acca55ce563cc911263ac513acb0", "source_gate_d_commit": "7c220f7586d0f6e5cccd14a2d518be52eb1c4a55", "source_building_population_head": "29203ad64c3e32e6164ef6997933eb5c5ff2d5b1", "source_analysis_envelope_commit": "8a4608a60ecb367535814d965822e7502ae31eb9", "PRO_COM_T": "097002", "COMUNE": "Airuno", "analysis_role": "UNSPECIFIED", "municipal_2021_resident_work_commuters_context": null, "municipal_2021_outbound_workers_context": null, "od_2021_context_status": "FACT_ISTAT_2021_WORK_COMMUTING_MUNICIPAL_ONLY_NOT_STOP_DEMAND" }, "geometry": { "type": "Point", "coordinates": [ 9.425214322787305, 45.750330543087536 ] } },
{ "type": "Feature", "properties": { "osm_way_id": "574497584", "highway": "unclassified", "road_uncertainty_flags": "missing_lanes|missing_maxheight|missing_maxweight|missing_maxwidth|missing_width", "sample_index": 0, "x_utm32": 530147.50257777947, "y_utm32": 5066483.3515440617, "lon": 9.3876068920593223, "lat": 45.751250357930573, "discovery_evidence": "SETTLEMENT_GAP8:OSM_POINT_1144810224", "discovery_seed_count": 1, "walk_graph_node_id": 12541, "walk_graph_connector_m": 2.1015844163366899, "walk_graph_connector_min": 0.026269805204208622, "walk_graph_snap_ok": true, "population_reachable_5min": 0.0, "population_additional_5min": 0.0, "existing_catchment_overlap_population_5min": 0.0, "existing_catchment_overlap_pct_5min": 0.0, "population_reachable_8min": 0.0, "population_additional_8min": 0.0, "existing_catchment_overlap_population_8min": 0.0, "existing_catchment_overlap_pct_8min": 0.0, "population_reachable_10min": 0.0, "population_additional_10min": 0.0, "existing_catchment_overlap_population_10min": 0.0, "existing_catchment_overlap_pct_10min": 0.0, "population_reachable_12min": 0.0, "population_additional_12min": 0.0, "existing_catchment_overlap_population_12min": 0.0, "existing_catchment_overlap_pct_12min": 0.0, "nearest_official_stop_walk_network_m": 2166.8855161710044, "nearest_official_stop_cluster_id": "EX_025", "nearby_official_routes": "D184", "nearby_official_route_count": 1, "settlement_coverage_10min_count": 1, "settlement_additional_10min_count": 1, "settlement_additional_10min_names": "Cagliano", "destination_coverage_10min_count": 0, "destination_additional_10min_count": 0, "destination_additional_10min_names": "", "pruned_near_existing_stop": false, "pruned_no_access_gain": false, "candidate_id": "P2V2S_0149", "stop_type": "PROPOSED_STOP", "physical_status": "FIELD_CHECK_PENDING", "epistemic_status": "PROPOSED_STOP/FIELD_CHECK_PENDING", "road_eligibility_status": "DERIVED_GATE_D_BUS_ELIGIBLE", "candidate_status": "HYPOTHESIS_NOT_RECOMMENDATION", "population_spatial_model": "DASYMETRIC_BUILDING_SECTION_INTERSECTION_V2", "discovery_area_contract": "ANALYSIS_ENVELOPE_PLUS_INHERITED_150M_SITING_BUFFER", "potential_interchange_with_reference_gtfs": false, "interchange_evidence_status": "DERIVED_FROM_REFERENCE_PERIOD_GTFS_PROXIMITY_NOT_CURRENT_SERVICE_GUARANTEE", "discovery_sample_spacing_m_assumption": 150.0, "candidate_pruning_radius_m_assumption": 220.0, "source_gate_b_commit": "55d726564e13acca55ce563cc911263ac513acb0", "source_gate_d_commit": "7c220f7586d0f6e5cccd14a2d518be52eb1c4a55", "source_building_population_head": "29203ad64c3e32e6164ef6997933eb5c5ff2d5b1", "source_analysis_envelope_commit": "8a4608a60ecb367535814d965822e7502ae31eb9", "PRO_COM_T": "097024", "COMUNE": "Colle Brianza", "analysis_role": "UNSPECIFIED", "municipal_2021_resident_work_commuters_context": null, "municipal_2021_outbound_workers_context": null, "od_2021_context_status": "FACT_ISTAT_2021_WORK_COMMUTING_MUNICIPAL_ONLY_NOT_STOP_DEMAND" }, "geometry": { "type": "Point", "coordinates": [ 9.387606892059322, 45.751250357930573 ] } },
{ "type": "Feature", "properties": { "osm_way_id": "656601986", "highway": "unclassified", "road_uncertainty_flags": "missing_lanes|missing_maxheight|missing_maxweight|missing_maxwidth|missing_width", "sample_index": 0, "x_utm32": 534217.28971192497, "y_utm32": 5066615.3030379228, "lon": 9.4399400722523286, "lat": 45.752248493793282, "discovery_evidence": "BUILDING_GAP8:20230101_000000::RLB-e40f8ded-c283-43d3-8fdf-e5a73f2601cb::SEC=970100000019", "discovery_seed_count": 1, "walk_graph_node_id": 25712, "walk_graph_connector_m": 6.9936280718288364, "walk_graph_connector_min": 0.08742035089786046, "walk_graph_snap_ok": true, "population_reachable_5min": 2.6682682510628162, "population_additional_5min": 2.6682682510628162, "existing_catchment_overlap_population_5min": 0.0, "existing_catchment_overlap_pct_5min": 0.0, "population_reachable_8min": 45.960194883587363, "population_additional_8min": 45.960194883587363, "existing_catchment_overlap_population_8min": 0.0, "existing_catchment_overlap_pct_8min": 0.0, "population_reachable_10min": 82.318352181569352, "population_additional_10min": 52.346302795432052, "existing_catchment_overlap_population_10min": 29.972049386137293, "existing_catchment_overlap_pct_10min": 36.409923901328867, "population_reachable_12min": 264.98343514962625, "population_additional_12min": 11.658914480947683, "existing_catchment_overlap_population_12min": 253.32452066867856, "existing_catchment_overlap_pct_12min": 95.600134599219629, "nearest_official_stop_walk_network_m": 1303.5625733669265, "nearest_official_stop_cluster_id": "EX_036", "nearby_official_routes": "D148|D150|D185", "nearby_official_route_count": 3, "settlement_coverage_10min_count": 0, "settlement_additional_10min_count": 0, "settlement_additional_10min_names": "", "destination_coverage_10min_count": 0, "destination_additional_10min_count": 0, "destination_additional_10min_names": "", "pruned_near_existing_stop": false, "pruned_no_access_gain": false, "candidate_id": "P2V2S_0150", "stop_type": "PROPOSED_STOP", "physical_status": "FIELD_CHECK_PENDING", "epistemic_status": "PROPOSED_STOP/FIELD_CHECK_PENDING", "road_eligibility_status": "DERIVED_GATE_D_BUS_ELIGIBLE", "candidate_status": "HYPOTHESIS_NOT_RECOMMENDATION", "population_spatial_model": "DASYMETRIC_BUILDING_SECTION_INTERSECTION_V2", "discovery_area_contract": "ANALYSIS_ENVELOPE_PLUS_INHERITED_150M_SITING_BUFFER", "potential_interchange_with_reference_gtfs": false, "interchange_evidence_status": "DERIVED_FROM_REFERENCE_PERIOD_GTFS_PROXIMITY_NOT_CURRENT_SERVICE_GUARANTEE", "discovery_sample_spacing_m_assumption": 150.0, "candidate_pruning_radius_m_assumption": 220.0, "source_gate_b_commit": "55d726564e13acca55ce563cc911263ac513acb0", "source_gate_d_commit": "7c220f7586d0f6e5cccd14a2d518be52eb1c4a55", "source_building_population_head": "29203ad64c3e32e6164ef6997933eb5c5ff2d5b1", "source_analysis_envelope_commit": "8a4608a60ecb367535814d965822e7502ae31eb9", "PRO_COM_T": "097010", "COMUNE": "Brivio", "analysis_role": "UNSPECIFIED", "municipal_2021_resident_work_commuters_context": 1662.0, "municipal_2021_outbound_workers_context": 1339.0, "od_2021_context_status": "FACT_ISTAT_2021_WORK_COMMUTING_MUNICIPAL_ONLY_NOT_STOP_DEMAND" }, "geometry": { "type": "Point", "coordinates": [ 9.439940072252329, 45.752248493793282 ] } },
{ "type": "Feature", "properties": { "osm_way_id": "1184317880", "highway": "residential", "road_uncertainty_flags": "missing_lanes|missing_maxheight|missing_maxweight|missing_maxwidth|missing_width", "sample_index": 0, "x_utm32": 529200.40790742938, "y_utm32": 5066673.0825513536, "lon": 9.3754418000063282, "lat": 45.752998700002323, "discovery_evidence": "SETTLEMENT_GAP8:OSM_POINT_1144810316", "discovery_seed_count": 1, "walk_graph_node_id": 8397, "walk_graph_connector_m": 2.4753868117386193, "walk_graph_connector_min": 0.030942335146732742, "walk_graph_snap_ok": true, "population_reachable_5min": 0.0, "population_additional_5min": 0.0, "existing_catchment_overlap_population_5min": 0.0, "existing_catchment_overlap_pct_5min": 0.0, "population_reachable_8min": 0.0, "population_additional_8min": 0.0, "existing_catchment_overlap_population_8min": 0.0, "existing_catchment_overlap_pct_8min": 0.0, "population_reachable_10min": 0.0, "population_additional_10min": 0.0, "existing_catchment_overlap_population_10min": 0.0, "existing_catchment_overlap_pct_10min": 0.0, "population_reachable_12min": 0.0, "population_additional_12min": 0.0, "existing_catchment_overlap_population_12min": 0.0, "existing_catchment_overlap_pct_12min": 0.0, "nearest_official_stop_walk_network_m": 1803.3872199805614, "nearest_official_stop_cluster_id": "EX_028", "nearby_official_routes": "D184", "nearby_official_route_count": 1, "settlement_coverage_10min_count": 1, "settlement_additional_10min_count": 1, "settlement_additional_10min_names": "Giovenzana", "destination_coverage_10min_count": 0, "destination_additional_10min_count": 0, "destination_additional_10min_names": "", "pruned_near_existing_stop": false, "pruned_no_access_gain": false, "candidate_id": "P2V2S_0151", "stop_type": "PROPOSED_STOP", "physical_status": "FIELD_CHECK_PENDING", "epistemic_status": "PROPOSED_STOP/FIELD_CHECK_PENDING", "road_eligibility_status": "DERIVED_GATE_D_BUS_ELIGIBLE", "candidate_status": "HYPOTHESIS_NOT_RECOMMENDATION", "population_spatial_model": "DASYMETRIC_BUILDING_SECTION_INTERSECTION_V2", "discovery_area_contract": "ANALYSIS_ENVELOPE_PLUS_INHERITED_150M_SITING_BUFFER", "potential_interchange_with_reference_gtfs": false, "interchange_evidence_status": "DERIVED_FROM_REFERENCE_PERIOD_GTFS_PROXIMITY_NOT_CURRENT_SERVICE_GUARANTEE", "discovery_sample_spacing_m_assumption": 150.0, "candidate_pruning_radius_m_assumption": 220.0, "source_gate_b_commit": "55d726564e13acca55ce563cc911263ac513acb0", "source_gate_d_commit": "7c220f7586d0f6e5cccd14a2d518be52eb1c4a55", "source_building_population_head": "29203ad64c3e32e6164ef6997933eb5c5ff2d5b1", "source_analysis_envelope_commit": "8a4608a60ecb367535814d965822e7502ae31eb9", "PRO_COM_T": "097024", "COMUNE": "Colle Brianza", "analysis_role": "UNSPECIFIED", "municipal_2021_resident_work_commuters_context": null, "municipal_2021_outbound_workers_context": null, "od_2021_context_status": "FACT_ISTAT_2021_WORK_COMMUTING_MUNICIPAL_ONLY_NOT_STOP_DEMAND" }, "geometry": { "type": "Point", "coordinates": [ 9.375441800006328, 45.752998700002323 ] } },
{ "type": "Feature", "properties": { "osm_way_id": "564728187", "highway": "unclassified", "road_uncertainty_flags": "missing_lanes|missing_maxheight|missing_maxweight|missing_maxwidth|missing_width", "sample_index": 0, "x_utm32": 533000.89558438666, "y_utm32": 5066766.7811262673, "lon": 9.4243113679001489, "lat": 45.753671018996648, "discovery_evidence": "SETTLEMENT_GAP8:OSM_POINT_62512404", "discovery_seed_count": 1, "walk_graph_node_id": 22195, "walk_graph_connector_m": 125.46484908603192, "walk_graph_connector_min": 1.568310613575399, "walk_graph_snap_ok": true, "population_reachable_5min": 0.0, "population_additional_5min": 0.0, "existing_catchment_overlap_population_5min": 0.0, "existing_catchment_overlap_pct_5min": 0.0, "population_reachable_8min": 0.0, "population_additional_8min": 0.0, "existing_catchment_overlap_population_8min": 0.0, "existing_catchment_overlap_pct_8min": 0.0, "population_reachable_10min": 0.0, "population_additional_10min": 0.0, "existing_catchment_overlap_population_10min": 0.0, "existing_catchment_overlap_pct_10min": 0.0, "population_reachable_12min": 0.0, "population_additional_12min": 0.0, "existing_catchment_overlap_population_12min": 0.0, "existing_catchment_overlap_pct_12min": 0.0, "nearest_official_stop_walk_network_m": 1594.9639133194273, "nearest_official_stop_cluster_id": "EX_014", "nearby_official_routes": "D148|D150", "nearby_official_route_count": 2, "settlement_coverage_10min_count": 1, "settlement_additional_10min_count": 1, "settlement_additional_10min_names": "Airuno", "destination_coverage_10min_count": 0, "destination_additional_10min_count": 0, "destination_additional_10min_names": "", "pruned_near_existing_stop": false, "pruned_no_access_gain": false, "candidate_id": "P2V2S_0152", "stop_type": "PROPOSED_STOP", "physical_status": "FIELD_CHECK_PENDING", "epistemic_status": "PROPOSED_STOP/FIELD_CHECK_PENDING", "road_eligibility_status": "DERIVED_GATE_D_BUS_ELIGIBLE", "candidate_status": "HYPOTHESIS_NOT_RECOMMENDATION", "population_spatial_model": "DASYMETRIC_BUILDING_SECTION_INTERSECTION_V2", "discovery_area_contract": "ANALYSIS_ENVELOPE_PLUS_INHERITED_150M_SITING_BUFFER", "potential_interchange_with_reference_gtfs": false, "interchange_evidence_status": "DERIVED_FROM_REFERENCE_PERIOD_GTFS_PROXIMITY_NOT_CURRENT_SERVICE_GUARANTEE", "discovery_sample_spacing_m_assumption": 150.0, "candidate_pruning_radius_m_assumption": 220.0, "source_gate_b_commit": "55d726564e13acca55ce563cc911263ac513acb0", "source_gate_d_commit": "7c220f7586d0f6e5cccd14a2d518be52eb1c4a55", "source_building_population_head": "29203ad64c3e32e6164ef6997933eb5c5ff2d5b1", "source_analysis_envelope_commit": "8a4608a60ecb367535814d965822e7502ae31eb9", "PRO_COM_T": "097002", "COMUNE": "Airuno", "analysis_role": "UNSPECIFIED", "municipal_2021_resident_work_commuters_context": null, "municipal_2021_outbound_workers_context": null, "od_2021_context_status": "FACT_ISTAT_2021_WORK_COMMUTING_MUNICIPAL_ONLY_NOT_STOP_DEMAND" }, "geometry": { "type": "Point", "coordinates": [ 9.424311367900149, 45.753671018996648 ] } },
{ "type": "Feature", "properties": { "osm_way_id": "1144410626", "highway": "service", "road_uncertainty_flags": "missing_maxheight|missing_maxweight|missing_maxwidth|missing_width", "sample_index": 0, "x_utm32": 531240.21996053692, "y_utm32": 5066931.4533233223, "lon": 9.401684566432996, "lat": 45.755234980011558, "discovery_evidence": "SETTLEMENT_GAP8:OSM_POINT_1144810212", "discovery_seed_count": 1, "walk_graph_node_id": 16788, "walk_graph_connector_m": 111.84591118736414, "walk_graph_connector_min": 1.3980738898420517, "walk_graph_snap_ok": true, "population_reachable_5min": 0.0, "population_additional_5min": 0.0, "existing_catchment_overlap_population_5min": 0.0, "existing_catchment_overlap_pct_5min": 0.0, "population_reachable_8min": 0.0, "population_additional_8min": 0.0, "existing_catchment_overlap_population_8min": 0.0, "existing_catchment_overlap_pct_8min": 0.0, "population_reachable_10min": 0.0, "population_additional_10min": 0.0, "existing_catchment_overlap_population_10min": 0.0, "existing_catchment_overlap_pct_10min": 0.0, "population_reachable_12min": 0.0, "population_additional_12min": 0.0, "existing_catchment_overlap_population_12min": 0.0, "existing_catchment_overlap_pct_12min": 0.0, "nearest_official_stop_walk_network_m": 2837.0987086110827, "nearest_official_stop_cluster_id": "EX_037", "nearby_official_routes": "D148", "nearby_official_route_count": 1, "settlement_coverage_10min_count": 1, "settlement_additional_10min_count": 1, "settlement_additional_10min_names": "Campsirago", "destination_coverage_10min_count": 0, "destination_additional_10min_count": 0, "destination_additional_10min_names": "", "pruned_near_existing_stop": false, "pruned_no_access_gain": false, "candidate_id": "P2V2S_0153", "stop_type": "PROPOSED_STOP", "physical_status": "FIELD_CHECK_PENDING", "epistemic_status": "PROPOSED_STOP/FIELD_CHECK_PENDING", "road_eligibility_status": "DERIVED_GATE_D_BUS_ELIGIBLE", "candidate_status": "HYPOTHESIS_NOT_RECOMMENDATION", "population_spatial_model": "DASYMETRIC_BUILDING_SECTION_INTERSECTION_V2", "discovery_area_contract": "ANALYSIS_ENVELOPE_PLUS_INHERITED_150M_SITING_BUFFER", "potential_interchange_with_reference_gtfs": false, "interchange_evidence_status": "DERIVED_FROM_REFERENCE_PERIOD_GTFS_PROXIMITY_NOT_CURRENT_SERVICE_GUARANTEE", "discovery_sample_spacing_m_assumption": 150.0, "candidate_pruning_radius_m_assumption": 220.0, "source_gate_b_commit": "55d726564e13acca55ce563cc911263ac513acb0", "source_gate_d_commit": "7c220f7586d0f6e5cccd14a2d518be52eb1c4a55", "source_building_population_head": "29203ad64c3e32e6164ef6997933eb5c5ff2d5b1", "source_analysis_envelope_commit": "8a4608a60ecb367535814d965822e7502ae31eb9", "PRO_COM_T": "097024", "COMUNE": "Colle Brianza", "analysis_role": "UNSPECIFIED", "municipal_2021_resident_work_commuters_context": null, "municipal_2021_outbound_workers_context": null, "od_2021_context_status": "FACT_ISTAT_2021_WORK_COMMUTING_MUNICIPAL_ONLY_NOT_STOP_DEMAND" }, "geometry": { "type": "Point", "coordinates": [ 9.401684566432996, 45.755234980011558 ] } },
{ "type": "Feature", "properties": { "osm_way_id": "1492304565", "highway": "service", "road_uncertainty_flags": "missing_lanes|missing_maxheight|missing_maxweight|missing_maxwidth|missing_width", "sample_index": 0, "x_utm32": 528056.99309171422, "y_utm32": 5067393.9985778751, "lon": 9.3607825520203765, "lat": 45.759534703763784, "discovery_evidence": "SETTLEMENT_GAP8:OSM_POINT_2799583459", "discovery_seed_count": 1, "walk_graph_node_id": 4319, "walk_graph_connector_m": 90.418763518727843, "walk_graph_connector_min": 1.130234543984098, "walk_graph_snap_ok": true, "population_reachable_5min": 0.0, "population_additional_5min": 0.0, "existing_catchment_overlap_population_5min": 0.0, "existing_catchment_overlap_pct_5min": 0.0, "population_reachable_8min": 0.0, "population_additional_8min": 0.0, "existing_catchment_overlap_population_8min": 0.0, "existing_catchment_overlap_pct_8min": 0.0, "population_reachable_10min": 0.0, "population_additional_10min": 0.0, "existing_catchment_overlap_population_10min": 0.0, "existing_catchment_overlap_pct_10min": 0.0, "population_reachable_12min": 0.0, "population_additional_12min": 0.0, "existing_catchment_overlap_population_12min": 0.0, "existing_catchment_overlap_pct_12min": 0.0, "nearest_official_stop_walk_network_m": 2130.739303358539, "nearest_official_stop_cluster_id": "EX_028", "nearby_official_routes": "D184", "nearby_official_route_count": 1, "settlement_coverage_10min_count": 1, "settlement_additional_10min_count": 1, "settlement_additional_10min_names": "Piecastello", "destination_coverage_10min_count": 0, "destination_additional_10min_count": 0, "destination_additional_10min_names": "", "pruned_near_existing_stop": false, "pruned_no_access_gain": false, "candidate_id": "P2V2S_0154", "stop_type": "PROPOSED_STOP", "physical_status": "FIELD_CHECK_PENDING", "epistemic_status": "PROPOSED_STOP/FIELD_CHECK_PENDING", "road_eligibility_status": "DERIVED_GATE_D_BUS_ELIGIBLE", "candidate_status": "HYPOTHESIS_NOT_RECOMMENDATION", "population_spatial_model": "DASYMETRIC_BUILDING_SECTION_INTERSECTION_V2", "discovery_area_contract": "ANALYSIS_ENVELOPE_PLUS_INHERITED_150M_SITING_BUFFER", "potential_interchange_with_reference_gtfs": false, "interchange_evidence_status": "DERIVED_FROM_REFERENCE_PERIOD_GTFS_PROXIMITY_NOT_CURRENT_SERVICE_GUARANTEE", "discovery_sample_spacing_m_assumption": 150.0, "candidate_pruning_radius_m_assumption": 220.0, "source_gate_b_commit": "55d726564e13acca55ce563cc911263ac513acb0", "source_gate_d_commit": "7c220f7586d0f6e5cccd14a2d518be52eb1c4a55", "source_building_population_head": "29203ad64c3e32e6164ef6997933eb5c5ff2d5b1", "source_analysis_envelope_commit": "8a4608a60ecb367535814d965822e7502ae31eb9", "PRO_COM_T": "097024", "COMUNE": "Colle Brianza", "analysis_role": "UNSPECIFIED", "municipal_2021_resident_work_commuters_context": null, "municipal_2021_outbound_workers_context": null, "od_2021_context_status": "FACT_ISTAT_2021_WORK_COMMUTING_MUNICIPAL_ONLY_NOT_STOP_DEMAND" }, "geometry": { "type": "Point", "coordinates": [ 9.360782552020376, 45.759534703763784 ] } },
{ "type": "Feature", "properties": { "osm_way_id": "1395609264", "highway": "unclassified", "road_uncertainty_flags": "missing_maxheight|missing_maxweight|missing_maxwidth|missing_width", "sample_index": 1, "x_utm32": 532946.62176715839, "y_utm32": 5067434.363796195, "lon": 9.4236590250096555, "lat": 45.759682174869909, "discovery_evidence": "SETTLEMENT_GAP8:OSM_POINT_1144810029", "discovery_seed_count": 1, "walk_graph_node_id": 23190, "walk_graph_connector_m": 241.25303491755679, "walk_graph_connector_min": 3.01566293646946, "walk_graph_snap_ok": true, "population_reachable_5min": 0.0, "population_additional_5min": 0.0, "existing_catchment_overlap_population_5min": 0.0, "existing_catchment_overlap_pct_5min": 0.0, "population_reachable_8min": 0.0, "population_additional_8min": 0.0, "existing_catchment_overlap_population_8min": 0.0, "existing_catchment_overlap_pct_8min": 0.0, "population_reachable_10min": 0.0, "population_additional_10min": 0.0, "existing_catchment_overlap_population_10min": 0.0, "existing_catchment_overlap_pct_10min": 0.0, "population_reachable_12min": 0.0, "population_additional_12min": 0.0, "existing_catchment_overlap_population_12min": 0.0, "existing_catchment_overlap_pct_12min": 0.0, "nearest_official_stop_walk_network_m": 1308.9393647698435, "nearest_official_stop_cluster_id": "EX_017", "nearby_official_routes": "D150", "nearby_official_route_count": 1, "settlement_coverage_10min_count": 0, "settlement_additional_10min_count": 0, "settlement_additional_10min_names": "", "destination_coverage_10min_count": 1, "destination_additional_10min_count": 1, "destination_additional_10min_names": "OSM amenity:post_office 3016740543", "pruned_near_existing_stop": false, "pruned_no_access_gain": false, "candidate_id": "P2V2S_0155", "stop_type": "PROPOSED_STOP", "physical_status": "FIELD_CHECK_PENDING", "epistemic_status": "PROPOSED_STOP/FIELD_CHECK_PENDING", "road_eligibility_status": "DERIVED_GATE_D_BUS_ELIGIBLE", "candidate_status": "HYPOTHESIS_NOT_RECOMMENDATION", "population_spatial_model": "DASYMETRIC_BUILDING_SECTION_INTERSECTION_V2", "discovery_area_contract": "ANALYSIS_ENVELOPE_PLUS_INHERITED_150M_SITING_BUFFER", "potential_interchange_with_reference_gtfs": false, "interchange_evidence_status": "DERIVED_FROM_REFERENCE_PERIOD_GTFS_PROXIMITY_NOT_CURRENT_SERVICE_GUARANTEE", "discovery_sample_spacing_m_assumption": 150.0, "candidate_pruning_radius_m_assumption": 220.0, "source_gate_b_commit": "55d726564e13acca55ce563cc911263ac513acb0", "source_gate_d_commit": "7c220f7586d0f6e5cccd14a2d518be52eb1c4a55", "source_building_population_head": "29203ad64c3e32e6164ef6997933eb5c5ff2d5b1", "source_analysis_envelope_commit": "8a4608a60ecb367535814d965822e7502ae31eb9", "PRO_COM_T": "097002", "COMUNE": "Airuno", "analysis_role": "UNSPECIFIED", "municipal_2021_resident_work_commuters_context": null, "municipal_2021_outbound_workers_context": null, "od_2021_context_status": "FACT_ISTAT_2021_WORK_COMMUTING_MUNICIPAL_ONLY_NOT_STOP_DEMAND" }, "geometry": { "type": "Point", "coordinates": [ 9.423659025009655, 45.759682174869909 ] } }
]
}
