osm_way_id,highway,road_uncertainty_flags,sample_index,x_utm32,y_utm32,lon,lat,discovery_evidence,discovery_seed_count,walk_graph_node_id,walk_graph_connector_m,walk_graph_connector_min,walk_graph_snap_ok,population_reachable_5min,population_additional_5min,existing_catchment_overlap_population_5min,existing_catchment_overlap_pct_5min,population_reachable_8min,population_additional_8min,existing_catchment_overlap_population_8min,existing_catchment_overlap_pct_8min,population_reachable_10min,population_additional_10min,existing_catchment_overlap_population_10min,existing_catchment_overlap_pct_10min,population_reachable_12min,population_additional_12min,existing_catchment_overlap_population_12min,existing_catchment_overlap_pct_12min,nearest_official_stop_walk_network_m,nearest_official_stop_cluster_id,nearby_official_routes,nearby_official_route_count,settlement_coverage_10min_count,settlement_additional_10min_count,settlement_additional_10min_names,destination_coverage_10min_count,destination_additional_10min_count,destination_additional_10min_names,pruned_near_existing_stop,pruned_no_access_gain,candidate_id,stop_type,physical_status,epistemic_status,road_eligibility_status,candidate_status,population_spatial_model,discovery_area_contract,potential_interchange_with_reference_gtfs,interchange_evidence_status,discovery_sample_spacing_m_assumption,candidate_pruning_radius_m_assumption,source_gate_b_commit,source_gate_d_commit,source_building_population_head,source_analysis_envelope_commit,PRO_COM_T,COMUNE,analysis_role,municipal_2021_resident_work_commuters_context,municipal_2021_outbound_workers_context,od_2021_context_status
1288862511,residential,missing_lanes|missing_maxheight|missing_maxweight|missing_maxwidth|missing_width,0,530674.7284694989,5061323.252022993,9.394058569528264,45.704783368317116,BUILDING_GAP8:20230101_000000::RLB-689fe906-ee51-480c-be10-49a955fed281::SEC=970580000016|BUILDING_GAP8:20230101_000000::RLB-7647cb7a-7a45-4d02-80ab-6d5c548c0f21::SEC=970580000016|BUILDING_GAP8:20230101_000000::RLB-d056f163-4efe-46ed-a1a1-3d393e759ebf::SEC=970580000016|BUILDING_GAP8:20230101_000000::RLB-f966c7bd-91ac-4f57-aa69-a84a48b9b5a5::SEC=970580000016,4,14875,5.884868006959855,0.07356085008699818,True,35.20568629659554,35.20568629659554,0.0,0.0,48.67207914119204,48.67207914119204,0.0,0.0,63.393940452489126,63.393940452489126,0.0,0.0,178.73427386182524,178.73427386182524,0.0,0.0,3253.027962479309,EX_018,D148,1,0,0,,0,0,,False,False,P2V2S_0001,PROPOSED_STOP,FIELD_CHECK_PENDING,PROPOSED_STOP/FIELD_CHECK_PENDING,DERIVED_GATE_D_BUS_ELIGIBLE,HYPOTHESIS_NOT_RECOMMENDATION,DASYMETRIC_BUILDING_SECTION_INTERSECTION_V2,ANALYSIS_ENVELOPE_PLUS_INHERITED_150M_SITING_BUFFER,False,DERIVED_FROM_REFERENCE_PERIOD_GTFS_PROXIMITY_NOT_CURRENT_SERVICE_GUARANTEE,150.0,220.0,55d726564e13acca55ce563cc911263ac513acb0,7c220f7586d0f6e5cccd14a2d518be52eb1c4a55,29203ad64c3e32e6164ef6997933eb5c5ff2d5b1,8a4608a60ecb367535814d965822e7502ae31eb9,097058,Olgiate Molgora,UNSPECIFIED,2287.0,1961.0,FACT_ISTAT_2021_WORK_COMMUTING_MUNICIPAL_ONLY_NOT_STOP_DEMAND
1384055503,service,missing_lanes|missing_maxheight|missing_maxweight|missing_maxwidth|missing_width,0,530726.9112957375,5061600.755182268,9.394746492491867,45.70727874798953,BUILDING_GAP8:20230101_000000::RLB-4ed3cdeb-5518-4604-accf-dacc64444b17::SEC=970580000059|BUILDING_GAP8:20230101_000000::RLB-51cbd96b-c3b7-4da0-99ad-ad1fbaac192c::SEC=970580000059|BUILDING_GAP8:20230101_000000::RLB-a33333d3-5013-4e17-8fed-16a260ce05e0::SEC=970580000059|BUILDING_GAP8:20230101_000000::RLB-a714d7f2-8d84-465a-b64c-04df02aa8354::SEC=970580000059|BUILDING_GAP8:20230101_000000::RLB-be221cc0-5936-45d3-a4c0-8572f8b1283e::SEC=970580000059,5,15103,12.937140797921396,0.16171425997401745,True,26.092518081172464,26.092518081172464,0.0,0.0,143.91002004423012,143.91002004423012,0.0,0.0,184.36800281812359,184.36800281812359,0.0,0.0,196.01227035393788,196.01227035393788,0.0,0.0,3027.392498861676,EX_018,D148,1,1,1,Pianezzo,0,0,,False,False,P2V2S_0002,PROPOSED_STOP,FIELD_CHECK_PENDING,PROPOSED_STOP/FIELD_CHECK_PENDING,DERIVED_GATE_D_BUS_ELIGIBLE,HYPOTHESIS_NOT_RECOMMENDATION,DASYMETRIC_BUILDING_SECTION_INTERSECTION_V2,ANALYSIS_ENVELOPE_PLUS_INHERITED_150M_SITING_BUFFER,False,DERIVED_FROM_REFERENCE_PERIOD_GTFS_PROXIMITY_NOT_CURRENT_SERVICE_GUARANTEE,150.0,220.0,55d726564e13acca55ce563cc911263ac513acb0,7c220f7586d0f6e5cccd14a2d518be52eb1c4a55,29203ad64c3e32e6164ef6997933eb5c5ff2d5b1,8a4608a60ecb367535814d965822e7502ae31eb9,097058,Olgiate Molgora,UNSPECIFIED,2287.0,1961.0,FACT_ISTAT_2021_WORK_COMMUTING_MUNICIPAL_ONLY_NOT_STOP_DEMAND
1430858467,service,missing_lanes|missing_maxheight|missing_maxweight|missing_maxwidth|missing_width,0,530279.6182281487,5061696.314673811,9.389006250278037,45.70815855009282,BUILDING_GAP8:20230101_000000::RLB-2d4ad6bd-7bba-4b67-93fb-960e667a1fa1::SEC=970580000015|BUILDING_GAP8:20230101_000000::RLB-8674957a-8b41-4c31-ad7f-a7b2b766e44a::SEC=970580000015|BUILDING_GAP8:20230101_000000::RLB-a4fb97c7-61a6-43aa-b0d6-1253ea9b1095::SEC=970580000015,3,13075,15.956799455715796,0.19945999319644744,True,21.18927234007093,21.18927234007093,0.0,0.0,27.234301023931906,27.234301023931906,0.0,0.0,31.623242582313004,31.623242582313004,0.0,0.0,133.30418000914455,133.30418000914455,0.0,0.0,3292.176368454281,EX_018,D148,1,0,0,,0,0,,False,False,P2V2S_0003,PROPOSED_STOP,FIELD_CHECK_PENDING,PROPOSED_STOP/FIELD_CHECK_PENDING,DERIVED_GATE_D_BUS_ELIGIBLE,HYPOTHESIS_NOT_RECOMMENDATION,DASYMETRIC_BUILDING_SECTION_INTERSECTION_V2,ANALYSIS_ENVELOPE_PLUS_INHERITED_150M_SITING_BUFFER,False,DERIVED_FROM_REFERENCE_PERIOD_GTFS_PROXIMITY_NOT_CURRENT_SERVICE_GUARANTEE,150.0,220.0,55d726564e13acca55ce563cc911263ac513acb0,7c220f7586d0f6e5cccd14a2d518be52eb1c4a55,29203ad64c3e32e6164ef6997933eb5c5ff2d5b1,8a4608a60ecb367535814d965822e7502ae31eb9,097058,Olgiate Molgora,UNSPECIFIED,2287.0,1961.0,FACT_ISTAT_2021_WORK_COMMUTING_MUNICIPAL_ONLY_NOT_STOP_DEMAND
142456482,unclassified,missing_maxheight|missing_maxweight|missing_maxwidth|missing_width,0,528594.8489288435,5061773.220691548,9.367366793598482,45.7089223970975,SETTLEMENT_GAP8:OSM_POINT_13817530042,1,5366,190.91529704178942,2.386441213022368,True,0.0,0.0,0.0,0.0,0.0,0.0,0.0,0.0,0.0,0.0,0.0,0.0,0.0,0.0,0.0,0.0,4155.482363284501,EX_026,D184,1,1,1,La Vigna,0,0,,False,False,P2V2S_0004,PROPOSED_STOP,FIELD_CHECK_PENDING,PROPOSED_STOP/FIELD_CHECK_PENDING,DERIVED_GATE_D_BUS_ELIGIBLE,HYPOTHESIS_NOT_RECOMMENDATION,DASYMETRIC_BUILDING_SECTION_INTERSECTION_V2,ANALYSIS_ENVELOPE_PLUS_INHERITED_150M_SITING_BUFFER,False,DERIVED_FROM_REFERENCE_PERIOD_GTFS_PROXIMITY_NOT_CURRENT_SERVICE_GUARANTEE,150.0,220.0,55d726564e13acca55ce563cc911263ac513acb0,7c220f7586d0f6e5cccd14a2d518be52eb1c4a55,29203ad64c3e32e6164ef6997933eb5c5ff2d5b1,8a4608a60ecb367535814d965822e7502ae31eb9,097053,Montevecchia,UNSPECIFIED,,,FACT_ISTAT_2021_WORK_COMMUTING_MUNICIPAL_ONLY_NOT_STOP_DEMAND
40599303,unclassified,missing_lanes|missing_maxheight|missing_maxweight|missing_maxwidth|missing_width,0,530545.1834234146,5061880.433541296,9.392429517625638,45.709804061878536,BUILDING_GAP8:20230101_000000::RLB-c7ea7a1a-89a2-4482-bff7-d699cb5d720c::SEC=970580000014|BUILDING_GAP8:20230101_000000::RLB-f766f2c4-344b-4f7b-9330-96737ba85abb::SEC=970580000059,2,14305,9.943545538006248,0.1242943192250781,True,107.56477114700404,107.56477114700404,0.0,0.0,203.8921716006731,203.8921716006731,0.0,0.0,233.09188972286623,233.09188972286623,0.0,0.0,256.8785143231287,256.8785143231287,0.0,0.0,2696.4793918652454,EX_018,D148,1,3,3,Bagaggera|Molino Cattaneo|Pianezzo,0,0,,False,False,P2V2S_0005,PROPOSED_STOP,FIELD_CHECK_PENDING,PROPOSED_STOP/FIELD_CHECK_PENDING,DERIVED_GATE_D_BUS_ELIGIBLE,HYPOTHESIS_NOT_RECOMMENDATION,DASYMETRIC_BUILDING_SECTION_INTERSECTION_V2,ANALYSIS_ENVELOPE_PLUS_INHERITED_150M_SITING_BUFFER,False,DERIVED_FROM_REFERENCE_PERIOD_GTFS_PROXIMITY_NOT_CURRENT_SERVICE_GUARANTEE,150.0,220.0,55d726564e13acca55ce563cc911263ac513acb0,7c220f7586d0f6e5cccd14a2d518be52eb1c4a55,29203ad64c3e32e6164ef6997933eb5c5ff2d5b1,8a4608a60ecb367535814d965822e7502ae31eb9,097058,Olgiate Molgora,UNSPECIFIED,2287.0,1961.0,FACT_ISTAT_2021_WORK_COMMUTING_MUNICIPAL_ONLY_NOT_STOP_DEMAND
353197644,residential,missing_lanes|missing_maxheight|missing_maxweight|missing_maxwidth|missing_width,0,531759.4791867355,5061900.1102696275,9.408031090327578,45.70992651404439,SETTLEMENT_GAP8:OSM_POINT_538606783,1,18335,151.04218094497918,1.8880272618122398,True,0.0,0.0,0.0,0.0,0.0,0.0,0.0,0.0,0.6021026013470333,0.6021026013470333,0.0,0.0,9.082628831463692,6.133572596165321,2.9490562352983725,32.46919245540857,1802.6333081434984,EX_005,D148|D150,2,1,1,Cicognola,0,0,,False,False,P2V2S_0006,PROPOSED_STOP,FIELD_CHECK_PENDING,PROPOSED_STOP/FIELD_CHECK_PENDING,DERIVED_GATE_D_BUS_ELIGIBLE,HYPOTHESIS_NOT_RECOMMENDATION,DASYMETRIC_BUILDING_SECTION_INTERSECTION_V2,ANALYSIS_ENVELOPE_PLUS_INHERITED_150M_SITING_BUFFER,False,DERIVED_FROM_REFERENCE_PERIOD_GTFS_PROXIMITY_NOT_CURRENT_SERVICE_GUARANTEE,150.0,220.0,55d726564e13acca55ce563cc911263ac513acb0,7c220f7586d0f6e5cccd14a2d518be52eb1c4a55,29203ad64c3e32e6164ef6997933eb5c5ff2d5b1,8a4608a60ecb367535814d965822e7502ae31eb9,097048,Merate,UNSPECIFIED,,,FACT_ISTAT_2021_WORK_COMMUTING_MUNICIPAL_ONLY_NOT_STOP_DEMAND
46733299,unclassified,missing_lanes|missing_maxheight|missing_maxweight|missing_maxwidth|missing_width,0,530855.3758131008,5061949.111909996,9.396418991209998,45.7104084498135,BUILDING_GAP8:20230101_000000::RLB-24015b35-efdf-4021-a13c-fb8899d39c24::SEC=970580000014|BUILDING_GAP8:20230101_000000::RLB-26cf7949-2239-491d-b27f-491d64312b7e::SEC=970580000014|BUILDING_GAP8:20230101_000000::RLB-64aaf9af-b194-4327-a6db-c2a9e539323d::SEC=970580000014|BUILDING_GAP8:20230101_000000::RLB-7b8bc5df-8530-46c3-acb7-0ce4e9cb7052::SEC=970580000014|BUILDING_GAP8:20230101_000000::RLB-8d2d0bf3-2a06-438d-9b61-d4502ea5064d::SEC=970580000014|BUILDING_GAP8:20230101_000000::RLB-915c8664-1fe2-4fe7-a588-82575209d7f9::SEC=970580000014|BUILDING_GAP8:20230101_000000::RLB-9dfb60b7-fc8e-42ec-a6b6-0529faa7d47b::SEC=970580000014|BUILDING_GAP8:20230101_000000::RLB-c6ec6e34-1923-47dc-b0ae-dfc3e1898568::SEC=970580000014|BUILDING_GAP8:20230101_000000::RLB-c6ec6e34-1923-47dc-b0ae-dfc3e1898568::SEC=970580000059|BUILDING_GAP8:20230101_000000::RLB-cbf75009-d4ae-43ce-821c-ab49d00e1dca::SEC=970580000014|BUILDING_GAP8:20230101_000000::RLB-ce4242b3-54eb-4aee-8262-52c36e60ade1::SEC=970580000014|BUILDING_GAP8:20230101_000000::RLB-ce555c14-cf79-4fb0-a8eb-f1afd06c55bb::SEC=970580000014|BUILDING_GAP8:20230101_000000::RLB-d5b45e32-ab80-4373-9273-df887df9095a::SEC=970580000014|BUILDING_GAP8:20230101_000000::RLB-d803d509-d85e-4e3b-8925-913eeb326730::SEC=970580000014|BUILDING_GAP8:20230101_000000::RLB-e245dda6-603f-4c42-8c15-29ab71b76913::SEC=970580000014|BUILDING_GAP8:20230101_000000::RLB-f8abbece-c2cb-4af3-b19a-113ab421755d::SEC=970580000014|BUILDING_GAP8:20230101_000000::RLB-fcd501a1-aac2-475d-a9be-bf7c2c43656e::SEC=970580000014,17,15599,2.2440312701622585,0.02805039087702823,True,145.69241453965134,145.69241453965134,0.0,0.0,173.2557987803693,173.2557987803693,0.0,0.0,206.76405876374739,206.76405876374739,0.0,0.0,286.3910975168383,286.3910975168383,0.0,0.0,2587.907975488346,EX_018,D148,1,3,3,Molino Cattaneo|Pianezzo|Roncaglia,0,0,,False,False,P2V2S_0007,PROPOSED_STOP,FIELD_CHECK_PENDING,PROPOSED_STOP/FIELD_CHECK_PENDING,DERIVED_GATE_D_BUS_ELIGIBLE,HYPOTHESIS_NOT_RECOMMENDATION,DASYMETRIC_BUILDING_SECTION_INTERSECTION_V2,ANALYSIS_ENVELOPE_PLUS_INHERITED_150M_SITING_BUFFER,False,DERIVED_FROM_REFERENCE_PERIOD_GTFS_PROXIMITY_NOT_CURRENT_SERVICE_GUARANTEE,150.0,220.0,55d726564e13acca55ce563cc911263ac513acb0,7c220f7586d0f6e5cccd14a2d518be52eb1c4a55,29203ad64c3e32e6164ef6997933eb5c5ff2d5b1,8a4608a60ecb367535814d965822e7502ae31eb9,097058,Olgiate Molgora,UNSPECIFIED,2287.0,1961.0,FACT_ISTAT_2021_WORK_COMMUTING_MUNICIPAL_ONLY_NOT_STOP_DEMAND
46786196,unclassified,missing_maxheight|missing_maxweight|missing_maxwidth|missing_width,1,529911.7521059901,5061972.296790596,9.384297356180456,45.71065854861862,BUILDING_GAP8:20230101_000000::RLB-13d0380b-4271-45f7-83ea-6ffed189310c::SEC=970920000008|BUILDING_GAP8:20230101_000000::RLB-42dc0eaf-8ac9-48e2-b45b-3f12b164f871::SEC=970920000008|BUILDING_GAP8:20230101_000000::RLB-4efcfe22-4ac2-4d57-ac87-4cda23c12ff2::SEC=970920000008|BUILDING_GAP8:20230101_000000::RLB-754f405a-4169-4736-bbd8-890aee38df91::SEC=970920000008|BUILDING_GAP8:20230101_000000::RLB-8475a60d-daa1-43e5-9e00-bb8eae2b321d::SEC=970920000008|BUILDING_GAP8:20230101_000000::RLB-877162d8-8414-4d1f-baa8-f4a3373fce9d::SEC=970920000017|BUILDING_GAP8:20230101_000000::RLB-8d78d3d4-5bd9-4731-926f-7ebd27f7682a::SEC=970920000008|BUILDING_GAP8:20230101_000000::RLB-bbac3202-255f-457e-a5e1-7b07d9dd2efd::SEC=970920000008|BUILDING_GAP8:20230101_000000::RLB-bd0954c6-2b6c-4d27-9811-14f758c5274b::SEC=970920000008|BUILDING_GAP8:20230101_000000::RLB-cfaae7ae-9503-4971-bacc-744cecd3b92d::SEC=970920000008|BUILDING_GAP8:20230101_000000::RLB-da01d6f2-89ce-41a3-b538-da61cd2ffe27::SEC=970920000008|SETTLEMENT_GAP8:OSM_POINT_538492425,12,11553,1.9269536662777842,0.024086920828472302,True,17.615618498030116,17.615618498030116,0.0,0.0,23.660647181891097,23.660647181891097,0.0,0.0,33.67329078726025,33.67329078726025,0.0,0.0,64.38319242371675,64.38319242371675,0.0,0.0,2969.9896604357496,EX_018,D148,1,2,2,Bagaggera|Fornace Superiore,0,0,,False,False,P2V2S_0008,PROPOSED_STOP,FIELD_CHECK_PENDING,PROPOSED_STOP/FIELD_CHECK_PENDING,DERIVED_GATE_D_BUS_ELIGIBLE,HYPOTHESIS_NOT_RECOMMENDATION,DASYMETRIC_BUILDING_SECTION_INTERSECTION_V2,ANALYSIS_ENVELOPE_PLUS_INHERITED_150M_SITING_BUFFER,False,DERIVED_FROM_REFERENCE_PERIOD_GTFS_PROXIMITY_NOT_CURRENT_SERVICE_GUARANTEE,150.0,220.0,55d726564e13acca55ce563cc911263ac513acb0,7c220f7586d0f6e5cccd14a2d518be52eb1c4a55,29203ad64c3e32e6164ef6997933eb5c5ff2d5b1,8a4608a60ecb367535814d965822e7502ae31eb9,097092,La Valletta Brianza,UNSPECIFIED,1796.0,1521.0,FACT_ISTAT_2021_WORK_COMMUTING_MUNICIPAL_ONLY_NOT_STOP_DEMAND
250588219,residential,missing_lanes|missing_maxheight|missing_maxweight|missing_maxwidth|missing_width,0,531189.4139285873,5061980.24239561,9.400712492054145,45.710673671208184,SETTLEMENT_GAP8:OSM_POINT_1620729065,1,16822,7.255288577761864,0.09069110722202331,True,0.0,0.0,0.0,0.0,0.0,0.0,0.0,0.0,0.0,0.0,0.0,0.0,23.892874872485198,23.892874872485198,0.0,0.0,2473.861306188725,EX_018,D148,1,1,1,Roncaglia,0,0,,False,False,P2V2S_0009,PROPOSED_STOP,FIELD_CHECK_PENDING,PROPOSED_STOP/FIELD_CHECK_PENDING,DERIVED_GATE_D_BUS_ELIGIBLE,HYPOTHESIS_NOT_RECOMMENDATION,DASYMETRIC_BUILDING_SECTION_INTERSECTION_V2,ANALYSIS_ENVELOPE_PLUS_INHERITED_150M_SITING_BUFFER,False,DERIVED_FROM_REFERENCE_PERIOD_GTFS_PROXIMITY_NOT_CURRENT_SERVICE_GUARANTEE,150.0,220.0,55d726564e13acca55ce563cc911263ac513acb0,7c220f7586d0f6e5cccd14a2d518be52eb1c4a55,29203ad64c3e32e6164ef6997933eb5c5ff2d5b1,8a4608a60ecb367535814d965822e7502ae31eb9,097048,Merate,UNSPECIFIED,,,FACT_ISTAT_2021_WORK_COMMUTING_MUNICIPAL_ONLY_NOT_STOP_DEMAND
40599304,service,conditional_motor_vehicle=destination|missing_lanes|missing_maxheight|missing_maxweight|missing_maxwidth|missing_width,0,529611.6825901287,5062219.587115765,9.380457339611798,45.71289721263508,SETTLEMENT_GAP8:OSM_POINT_538469464,1,10241,1.4790282356570965,0.018487852945713708,True,15.569777374998782,15.569777374998782,0.0,0.0,23.493696389777465,23.493696389777465,0.0,0.0,23.493696389777465,23.493696389777465,0.0,0.0,49.981932684272806,49.981932684272806,0.0,0.0,3262.926218125307,EX_018,D148,1,2,2,Bagaggera|Fornace Superiore,0,0,,False,False,P2V2S_0010,PROPOSED_STOP,FIELD_CHECK_PENDING,PROPOSED_STOP/FIELD_CHECK_PENDING,DERIVED_GATE_D_BUS_ELIGIBLE,HYPOTHESIS_NOT_RECOMMENDATION,DASYMETRIC_BUILDING_SECTION_INTERSECTION_V2,ANALYSIS_ENVELOPE_PLUS_INHERITED_150M_SITING_BUFFER,False,DERIVED_FROM_REFERENCE_PERIOD_GTFS_PROXIMITY_NOT_CURRENT_SERVICE_GUARANTEE,150.0,220.0,55d726564e13acca55ce563cc911263ac513acb0,7c220f7586d0f6e5cccd14a2d518be52eb1c4a55,29203ad64c3e32e6164ef6997933eb5c5ff2d5b1,8a4608a60ecb367535814d965822e7502ae31eb9,097092,La Valletta Brianza,UNSPECIFIED,1796.0,1521.0,FACT_ISTAT_2021_WORK_COMMUTING_MUNICIPAL_ONLY_NOT_STOP_DEMAND
132320815,residential,missing_lanes|missing_maxheight|missing_maxweight|missing_maxwidth|missing_width,2,530836.3578416611,5062240.40158852,9.396193185258703,45.71303107486187,BUILDING_GAP8:20230101_000000::RLB-51866996-c91d-4340-ba99-1892ff64b888::SEC=970580000059,1,15504,14.484933672515883,0.18106167090644854,True,71.73572826678262,71.73572826678262,0.0,0.0,249.5744636886969,249.5744636886969,0.0,0.0,398.91793447677844,398.91793447677844,0.0,0.0,563.8822740580272,563.8822740580272,0.0,0.0,2150.2330836465235,EX_018,D148,1,2,2,Molino Cattaneo|Pianezzo,0,0,,False,False,P2V2S_0011,PROPOSED_STOP,FIELD_CHECK_PENDING,PROPOSED_STOP/FIELD_CHECK_PENDING,DERIVED_GATE_D_BUS_ELIGIBLE,HYPOTHESIS_NOT_RECOMMENDATION,DASYMETRIC_BUILDING_SECTION_INTERSECTION_V2,ANALYSIS_ENVELOPE_PLUS_INHERITED_150M_SITING_BUFFER,False,DERIVED_FROM_REFERENCE_PERIOD_GTFS_PROXIMITY_NOT_CURRENT_SERVICE_GUARANTEE,150.0,220.0,55d726564e13acca55ce563cc911263ac513acb0,7c220f7586d0f6e5cccd14a2d518be52eb1c4a55,29203ad64c3e32e6164ef6997933eb5c5ff2d5b1,8a4608a60ecb367535814d965822e7502ae31eb9,097058,Olgiate Molgora,UNSPECIFIED,2287.0,1961.0,FACT_ISTAT_2021_WORK_COMMUTING_MUNICIPAL_ONLY_NOT_STOP_DEMAND
167040996,residential,missing_lanes|missing_maxheight|missing_maxweight|missing_maxwidth|missing_width,0,530557.2063576628,5062273.774147659,9.392608766283677,45.713343828445026,BUILDING_GAP8:20230101_000000::RLB-33635789-2243-42c4-b499-3d6fb0b7413a::SEC=970580000012|BUILDING_GAP8:20230101_000000::RLB-4b0b1589-2c61-4e02-8ec2-a95ef5511692::SEC=970580000012|BUILDING_GAP8:20230101_000000::RLB-4b558716-1101-471d-b7f6-f76f2322bb3e::SEC=970580000012|BUILDING_GAP8:20230101_000000::RLB-66493438-7c27-408f-984f-fa7c58fa19b9::SEC=970580000012|BUILDING_GAP8:20230101_000000::RLB-7c413fe6-cd85-44c0-a958-b7f5354ef27d::SEC=970580000012|BUILDING_GAP8:20230101_000000::RLB-8b37393c-7e6b-4b18-8773-86707937bf43::SEC=970580000012|BUILDING_GAP8:20230101_000000::RLB-b6442947-3b47-425d-933a-d100b1ecf5ed::SEC=970580000012|BUILDING_GAP8:20230101_000000::RLB-c35c1f95-eac7-4c1b-960c-c56e81a45a76::SEC=970580000012|BUILDING_GAP8:20230101_000000::RLB-c35c1f95-eac7-4c1b-960c-c56e81a45a76::SEC=970580000059|BUILDING_GAP8:20230101_000000::RLB-d9ed01aa-d3d8-4e4b-ac32-aa913af8b2f7::SEC=970580000012|BUILDING_GAP8:20230101_000000::RLB-e3d0484f-930b-490b-b500-d80830adeda7::SEC=970580000012,11,14386,0.9489499013559641,0.011861873766949551,True,52.238132657897296,52.238132657897296,0.0,0.0,68.36034780748354,68.36034780748354,0.0,0.0,80.0665203239593,80.0665203239593,0.0,0.0,184.5167875495825,184.5167875495825,0.0,0.0,2319.042664799272,EX_018,D148,1,1,1,Molino Cattaneo,0,0,,False,False,P2V2S_0012,PROPOSED_STOP,FIELD_CHECK_PENDING,PROPOSED_STOP/FIELD_CHECK_PENDING,DERIVED_GATE_D_BUS_ELIGIBLE,HYPOTHESIS_NOT_RECOMMENDATION,DASYMETRIC_BUILDING_SECTION_INTERSECTION_V2,ANALYSIS_ENVELOPE_PLUS_INHERITED_150M_SITING_BUFFER,False,DERIVED_FROM_REFERENCE_PERIOD_GTFS_PROXIMITY_NOT_CURRENT_SERVICE_GUARANTEE,150.0,220.0,55d726564e13acca55ce563cc911263ac513acb0,7c220f7586d0f6e5cccd14a2d518be52eb1c4a55,29203ad64c3e32e6164ef6997933eb5c5ff2d5b1,8a4608a60ecb367535814d965822e7502ae31eb9,097058,Olgiate Molgora,UNSPECIFIED,2287.0,1961.0,FACT_ISTAT_2021_WORK_COMMUTING_MUNICIPAL_ONLY_NOT_STOP_DEMAND
40599320,unclassified,missing_maxheight|missing_maxweight|missing_maxwidth|missing_width,1,529371.404765463,5062425.568243008,9.377382744016707,45.71476140510982,BUILDING_GAP8:20230101_000000::RLB-20a4540d-d011-411d-998c-7d73d80dce83::SEC=970920000007|BUILDING_GAP8:20230101_000000::RLB-4081a6bf-8269-4781-b2ba-3e0ee13978e7::SEC=970920000007|BUILDING_GAP8:20230101_000000::RLB-6bee02b6-d5c2-45d4-b1e3-b48ce8328b3c::SEC=970920000007|BUILDING_GAP8:20230101_000000::RLB-941e26f4-9d9c-4e8c-b072-96d883541949::SEC=970920000007|BUILDING_GAP8:20230101_000000::RLB-b179e5de-8ce3-4ce7-893f-9f6f5cb587a9::SEC=970920000007|SETTLEMENT_GAP8:OSM_POINT_855805785,6,9166,2.7826533366227486,0.034783166707784356,True,5.878077891747347,5.878077891747347,0.0,0.0,31.226304222692875,31.226304222692875,0.0,0.0,48.27023187127168,48.27023187127168,0.0,0.0,51.07784031572044,51.07784031572044,0.0,0.0,3118.913534966271,EX_026,D184,1,2,2,Bagaggera|Fornace Superiore,0,0,,False,False,P2V2S_0013,PROPOSED_STOP,FIELD_CHECK_PENDING,PROPOSED_STOP/FIELD_CHECK_PENDING,DERIVED_GATE_D_BUS_ELIGIBLE,HYPOTHESIS_NOT_RECOMMENDATION,DASYMETRIC_BUILDING_SECTION_INTERSECTION_V2,ANALYSIS_ENVELOPE_PLUS_INHERITED_150M_SITING_BUFFER,False,DERIVED_FROM_REFERENCE_PERIOD_GTFS_PROXIMITY_NOT_CURRENT_SERVICE_GUARANTEE,150.0,220.0,55d726564e13acca55ce563cc911263ac513acb0,7c220f7586d0f6e5cccd14a2d518be52eb1c4a55,29203ad64c3e32e6164ef6997933eb5c5ff2d5b1,8a4608a60ecb367535814d965822e7502ae31eb9,097092,La Valletta Brianza,UNSPECIFIED,1796.0,1521.0,FACT_ISTAT_2021_WORK_COMMUTING_MUNICIPAL_ONLY_NOT_STOP_DEMAND
685360145,service,missing_lanes|missing_maxheight|missing_maxweight|missing_maxwidth|missing_width,0,531101.979523595,5062431.915971137,9.39961816070391,45.71474292956089,BUILDING_GAP8:20230101_000000::RLB-916f8aba-a5af-4dd7-b138-6abc299a0baa::SEC=970580000059,1,16503,5.641637503903574,0.07052046879879467,True,1.656494315836704,1.656494315836704,0.0,0.0,175.19799111553206,175.19799111553206,0.0,0.0,380.80737764746124,380.80737764746124,0.0,0.0,613.0177803131763,613.0177803131763,0.0,0.0,1892.1666765872992,EX_018,D148,1,3,3,Beolco|Molino Cattaneo|Roncaglia,0,0,,False,False,P2V2S_0014,PROPOSED_STOP,FIELD_CHECK_PENDING,PROPOSED_STOP/FIELD_CHECK_PENDING,DERIVED_GATE_D_BUS_ELIGIBLE,HYPOTHESIS_NOT_RECOMMENDATION,DASYMETRIC_BUILDING_SECTION_INTERSECTION_V2,ANALYSIS_ENVELOPE_PLUS_INHERITED_150M_SITING_BUFFER,False,DERIVED_FROM_REFERENCE_PERIOD_GTFS_PROXIMITY_NOT_CURRENT_SERVICE_GUARANTEE,150.0,220.0,55d726564e13acca55ce563cc911263ac513acb0,7c220f7586d0f6e5cccd14a2d518be52eb1c4a55,29203ad64c3e32e6164ef6997933eb5c5ff2d5b1,8a4608a60ecb367535814d965822e7502ae31eb9,097048,Merate,UNSPECIFIED,,,FACT_ISTAT_2021_WORK_COMMUTING_MUNICIPAL_ONLY_NOT_STOP_DEMAND
40627754,primary,missing_maxheight|missing_maxweight|missing_maxwidth|missing_width,0,531743.7520582742,5062577.150056165,9.407873366328337,45.7160209796197,BUILDING_GAP8:20230101_000000::RLB-b81a260f-d014-4f94-9942-1df9736b61c1::SEC=970120000022|BUILDING_GAP8:20230101_000000::RLB-cc06bd07-be5d-4b43-8e85-39e79855bf62::SEC=970120000022|BUILDING_GAP8:20230101_000000::RLB-d8242fff-4e99-4f08-bfcb-7d2f6346011f::SEC=970120000022,3,18705,2.9271256658087332,0.03658907082260916,True,34.450310457381626,34.450310457381626,0.0,0.0,123.65112686964102,85.03196380343603,38.619163066205004,31.232358364933617,164.7394530679607,73.75927972624343,90.98017334171732,55.22670595742773,296.04725938348264,58.20052013186004,237.84673925162264,80.3408009069017,1062.3066751801503,EX_005,D148|D150,2,2,2,Cicognola|Scagnello,1,1,Esselunga,False,False,P2V2S_0015,PROPOSED_STOP,FIELD_CHECK_PENDING,PROPOSED_STOP/FIELD_CHECK_PENDING,DERIVED_GATE_D_BUS_ELIGIBLE,HYPOTHESIS_NOT_RECOMMENDATION,DASYMETRIC_BUILDING_SECTION_INTERSECTION_V2,ANALYSIS_ENVELOPE_PLUS_INHERITED_150M_SITING_BUFFER,False,DERIVED_FROM_REFERENCE_PERIOD_GTFS_PROXIMITY_NOT_CURRENT_SERVICE_GUARANTEE,150.0,220.0,55d726564e13acca55ce563cc911263ac513acb0,7c220f7586d0f6e5cccd14a2d518be52eb1c4a55,29203ad64c3e32e6164ef6997933eb5c5ff2d5b1,8a4608a60ecb367535814d965822e7502ae31eb9,097012,Calco,UNSPECIFIED,2173.0,1894.0,FACT_ISTAT_2021_WORK_COMMUTING_MUNICIPAL_ONLY_NOT_STOP_DEMAND
40599324,unclassified,missing_maxheight|missing_maxweight|missing_maxwidth|missing_width,1,529097.2333015075,5062611.633870537,9.373871255997404,45.71644768933779,BUILDING_GAP8:20230101_000000::RLB-2e483b96-6b6c-4e31-b35d-ed326a9d6702::SEC=970920000017|BUILDING_GAP8:20230101_000000::RLB-d143efcf-5c5d-4486-a326-6c8c32a53031::SEC=970920000017|SETTLEMENT_GAP8:OSM_POINT_534888593,3,7804,6.594928048724816,0.08243660060906019,True,25.348226330945522,25.348226330945522,0.0,0.0,32.322211854140505,32.322211854140505,0.0,0.0,42.14276860831619,42.14276860831619,0.0,0.0,55.6960797392532,55.6960797392532,0.0,0.0,2777.3646247014167,EX_026,D184,1,2,2,Fornace Superiore|Ospedaletto,0,0,,False,False,P2V2S_0016,PROPOSED_STOP,FIELD_CHECK_PENDING,PROPOSED_STOP/FIELD_CHECK_PENDING,DERIVED_GATE_D_BUS_ELIGIBLE,HYPOTHESIS_NOT_RECOMMENDATION,DASYMETRIC_BUILDING_SECTION_INTERSECTION_V2,ANALYSIS_ENVELOPE_PLUS_INHERITED_150M_SITING_BUFFER,False,DERIVED_FROM_REFERENCE_PERIOD_GTFS_PROXIMITY_NOT_CURRENT_SERVICE_GUARANTEE,150.0,220.0,55d726564e13acca55ce563cc911263ac513acb0,7c220f7586d0f6e5cccd14a2d518be52eb1c4a55,29203ad64c3e32e6164ef6997933eb5c5ff2d5b1,8a4608a60ecb367535814d965822e7502ae31eb9,097092,La Valletta Brianza,UNSPECIFIED,1796.0,1521.0,FACT_ISTAT_2021_WORK_COMMUTING_MUNICIPAL_ONLY_NOT_STOP_DEMAND
190278419,residential,missing_maxheight|missing_maxweight|missing_maxwidth|missing_width,0,530979.4917166374,5062637.253481255,9.39805751891609,45.71659657938885,BUILDING_GAP8:20230101_000000::RLB-140427a8-eea8-495b-a0cb-c9f7d1692a55::SEC=970580000011|BUILDING_GAP8:20230101_000000::RLB-3e2e5c79-690e-4c31-8a7a-871f0a45ad94::SEC=970580000011|BUILDING_GAP8:20230101_000000::RLB-759da2a8-41f2-4afc-830c-2e5c7eef8d57::SEC=970580000011|BUILDING_GAP8:20230101_000000::RLB-8d95314d-93ad-4c6b-bc74-c9ff08c62e09::SEC=970580000011,4,16020,2.588504899653928,0.032356311245674105,True,196.22985179517812,196.22985179517812,0.0,0.0,449.4414868220437,449.4414868220437,0.0,0.0,725.1096672692174,725.1096672692174,0.0,0.0,1088.2903167358181,823.9062620570551,264.3840546787628,24.29352265779113,1680.5137971329202,EX_018,D148,1,2,2,Beolco|Molino Cattaneo,0,0,,False,False,P2V2S_0017,PROPOSED_STOP,FIELD_CHECK_PENDING,PROPOSED_STOP/FIELD_CHECK_PENDING,DERIVED_GATE_D_BUS_ELIGIBLE,HYPOTHESIS_NOT_RECOMMENDATION,DASYMETRIC_BUILDING_SECTION_INTERSECTION_V2,ANALYSIS_ENVELOPE_PLUS_INHERITED_150M_SITING_BUFFER,False,DERIVED_FROM_REFERENCE_PERIOD_GTFS_PROXIMITY_NOT_CURRENT_SERVICE_GUARANTEE,150.0,220.0,55d726564e13acca55ce563cc911263ac513acb0,7c220f7586d0f6e5cccd14a2d518be52eb1c4a55,29203ad64c3e32e6164ef6997933eb5c5ff2d5b1,8a4608a60ecb367535814d965822e7502ae31eb9,097058,Olgiate Molgora,UNSPECIFIED,2287.0,1961.0,FACT_ISTAT_2021_WORK_COMMUTING_MUNICIPAL_ONLY_NOT_STOP_DEMAND
1430858463,service,missing_lanes|missing_maxheight|missing_maxweight|missing_maxwidth|missing_width,0,530740.4674616802,5062648.263848941,9.394987052755283,45.71670633798977,BUILDING_GAP8:20230101_000000::RLB-0d0bc3c7-0076-4e38-9498-dc641b46921d::SEC=970580000011|BUILDING_GAP8:20230101_000000::RLB-3529000d-24d3-419b-8668-5f3424e94622::SEC=970580000059|BUILDING_GAP8:20230101_000000::RLB-51238e69-ff2b-42ad-b673-18b47259bad0::SEC=970580000011|BUILDING_GAP8:20230101_000000::RLB-ffd5ee2e-e150-4948-b8f8-ab56cddaa31f::SEC=970580000011,4,15100,8.585332219876332,0.10731665274845414,True,69.62949198769056,69.62949198769056,0.0,0.0,184.20244306458196,184.20244306458196,0.0,0.0,402.12314517156034,402.12314517156034,0.0,0.0,695.8358913276631,639.3526424675345,56.483248860128796,8.117323289024094,1760.6928102749387,EX_018,D148,1,2,2,Beolco|Molino Cattaneo,0,0,,False,False,P2V2S_0018,PROPOSED_STOP,FIELD_CHECK_PENDING,PROPOSED_STOP/FIELD_CHECK_PENDING,DERIVED_GATE_D_BUS_ELIGIBLE,HYPOTHESIS_NOT_RECOMMENDATION,DASYMETRIC_BUILDING_SECTION_INTERSECTION_V2,ANALYSIS_ENVELOPE_PLUS_INHERITED_150M_SITING_BUFFER,False,DERIVED_FROM_REFERENCE_PERIOD_GTFS_PROXIMITY_NOT_CURRENT_SERVICE_GUARANTEE,150.0,220.0,55d726564e13acca55ce563cc911263ac513acb0,7c220f7586d0f6e5cccd14a2d518be52eb1c4a55,29203ad64c3e32e6164ef6997933eb5c5ff2d5b1,8a4608a60ecb367535814d965822e7502ae31eb9,097058,Olgiate Molgora,UNSPECIFIED,2287.0,1961.0,FACT_ISTAT_2021_WORK_COMMUTING_MUNICIPAL_ONLY_NOT_STOP_DEMAND
42999797,unclassified,missing_maxheight|missing_maxweight|missing_maxwidth|missing_width,1,530308.9813435129,5062738.549446469,9.389448623767025,45.71753799358468,BUILDING_GAP8:20230101_000000::RLB-b6aca69c-5ed7-43ab-bcf3-1a87b2ff2d15::SEC=970580000059|BUILDING_GAP8:20230101_000000::RLB-f1f24e3b-c59a-4304-a611-e640ad16d274::SEC=970580000059,2,13333,2.528531559557304,0.031606644494466304,True,4.5279637280122005,4.5279637280122005,0.0,0.0,119.62771190415657,119.62771190415657,0.0,0.0,171.2204877522628,171.2204877522628,0.0,0.0,218.39998748026966,218.39998748026966,0.0,0.0,1847.2178717013915,EX_018,D148,1,2,2,Beolco|Spiazzo,0,0,,False,False,P2V2S_0019,PROPOSED_STOP,FIELD_CHECK_PENDING,PROPOSED_STOP/FIELD_CHECK_PENDING,DERIVED_GATE_D_BUS_ELIGIBLE,HYPOTHESIS_NOT_RECOMMENDATION,DASYMETRIC_BUILDING_SECTION_INTERSECTION_V2,ANALYSIS_ENVELOPE_PLUS_INHERITED_150M_SITING_BUFFER,False,DERIVED_FROM_REFERENCE_PERIOD_GTFS_PROXIMITY_NOT_CURRENT_SERVICE_GUARANTEE,150.0,220.0,55d726564e13acca55ce563cc911263ac513acb0,7c220f7586d0f6e5cccd14a2d518be52eb1c4a55,29203ad64c3e32e6164ef6997933eb5c5ff2d5b1,8a4608a60ecb367535814d965822e7502ae31eb9,097058,Olgiate Molgora,UNSPECIFIED,2287.0,1961.0,FACT_ISTAT_2021_WORK_COMMUTING_MUNICIPAL_ONLY_NOT_STOP_DEMAND
573583651,unclassified,missing_lanes|missing_maxheight|missing_maxweight|missing_maxwidth|missing_width,0,531568.4051665534,5062750.12952982,9.405631667546686,45.71758591378165,BUILDING_GAP8:20230101_000000::RLB-04edfa05-e68b-4af7-8917-ee471500f604::SEC=970120000022|BUILDING_GAP8:20230101_000000::RLB-113ed0b4-2281-4131-83ba-795f34887967::SEC=970120000022|BUILDING_GAP8:20230101_000000::RLB-175a3685-7779-49e6-8d4c-b06181d77aed::SEC=970120000022|BUILDING_GAP8:20230101_000000::RLB-1a09107f-4869-41e3-a6aa-76a7b1c701cd::SEC=970120000022|BUILDING_GAP8:20230101_000000::RLB-3d69ed21-ed79-4774-acfe-0dade56e4693::SEC=970120000022|BUILDING_GAP8:20230101_000000::RLB-68e0addf-8d8c-46ba-9b94-2bd8fd5b7163::SEC=970120000022|BUILDING_GAP8:20230101_000000::RLB-6fca5771-d5fb-4e2e-9f17-28a0f90f15eb::SEC=970120000022|BUILDING_GAP8:20230101_000000::RLB-83963398-df63-4927-a0ca-77dbdd642c07::SEC=970120000022|BUILDING_GAP8:20230101_000000::RLB-8832ca00-a040-451a-adc3-c6d54fa4ba9e::SEC=970120000022|BUILDING_GAP8:20230101_000000::RLB-99b8cb67-6f23-442c-b5bf-88f33f81dc0f::SEC=970120000022|BUILDING_GAP8:20230101_000000::RLB-9fb4cf81-f890-4a34-97e7-7d72375190ec::SEC=970120000022|BUILDING_GAP8:20230101_000000::RLB-ad936bdd-e435-4f13-9718-f6d6b6ca8e70::SEC=970120000022|BUILDING_GAP8:20230101_000000::RLB-b238a9d1-1165-4623-9363-d6907ee7abf1::SEC=970120000022|BUILDING_GAP8:20230101_000000::RLB-bbe79082-5848-40a3-aac9-65022a41601e::SEC=970120000022|BUILDING_GAP8:20230101_000000::RLB-d4015d8b-e1f9-4c8a-aaf9-1c58058f4da8::SEC=970120000022|BUILDING_GAP8:20230101_000000::RLB-d8242fff-4e99-4f08-bfcb-7d2f6346011f::SEC=970120000022|SETTLEMENT_GAP8:OSM_POINT_1620729074,17,18096,2.4123087537834262,0.030153859422292827,True,63.5705045278137,63.5705045278137,0.0,0.0,96.44071071099467,63.5705045278137,32.87020618318096,34.083330515557485,133.0754389423173,63.5705045278137,69.5049344145036,52.22972395727442,200.27625315849238,58.20052013186004,142.07573302663232,70.93987968418703,1170.5688264732585,EX_005,D148|D150,2,1,1,Scagnello,1,1,Esselunga,False,False,P2V2S_0020,PROPOSED_STOP,FIELD_CHECK_PENDING,PROPOSED_STOP/FIELD_CHECK_PENDING,DERIVED_GATE_D_BUS_ELIGIBLE,HYPOTHESIS_NOT_RECOMMENDATION,DASYMETRIC_BUILDING_SECTION_INTERSECTION_V2,ANALYSIS_ENVELOPE_PLUS_INHERITED_150M_SITING_BUFFER,False,DERIVED_FROM_REFERENCE_PERIOD_GTFS_PROXIMITY_NOT_CURRENT_SERVICE_GUARANTEE,150.0,220.0,55d726564e13acca55ce563cc911263ac513acb0,7c220f7586d0f6e5cccd14a2d518be52eb1c4a55,29203ad64c3e32e6164ef6997933eb5c5ff2d5b1,8a4608a60ecb367535814d965822e7502ae31eb9,097012,Calco,UNSPECIFIED,2173.0,1894.0,FACT_ISTAT_2021_WORK_COMMUTING_MUNICIPAL_ONLY_NOT_STOP_DEMAND
149038101,unclassified,missing_lanes|missing_maxheight|missing_maxweight|missing_maxwidth|missing_width,5,533772.4870970154,5062780.36070058,9.433953873719675,45.717753953238486,SETTLEMENT_GAP8:OSM_POINT_1620729043,1,24701,3.4968181582626414,0.043710226978283015,True,0.0,0.0,0.0,0.0,8.76574114635403,8.76574114635403,0.0,0.0,12.488191313667992,12.488191313667992,0.0,0.0,12.488191313667992,12.488191313667992,0.0,0.0,1516.7092403920667,EX_031,D150|D170,2,1,1,Cassina Fra Martino,0,0,,False,False,P2V2S_0021,PROPOSED_STOP,FIELD_CHECK_PENDING,PROPOSED_STOP/FIELD_CHECK_PENDING,DERIVED_GATE_D_BUS_ELIGIBLE,HYPOTHESIS_NOT_RECOMMENDATION,DASYMETRIC_BUILDING_SECTION_INTERSECTION_V2,ANALYSIS_ENVELOPE_PLUS_INHERITED_150M_SITING_BUFFER,False,DERIVED_FROM_REFERENCE_PERIOD_GTFS_PROXIMITY_NOT_CURRENT_SERVICE_GUARANTEE,150.0,220.0,55d726564e13acca55ce563cc911263ac513acb0,7c220f7586d0f6e5cccd14a2d518be52eb1c4a55,29203ad64c3e32e6164ef6997933eb5c5ff2d5b1,8a4608a60ecb367535814d965822e7502ae31eb9,097048,Merate,UNSPECIFIED,,,FACT_ISTAT_2021_WORK_COMMUTING_MUNICIPAL_ONLY_NOT_STOP_DEMAND
190278417,residential,missing_maxheight|missing_maxweight|missing_maxwidth|missing_width,1,530605.194478837,5062826.880030027,9.393260236605828,45.71831998278955,BUILDING_GAP8:20230101_000000::RLB-0ab39a31-2556-41c1-b144-6097b18e70ba::SEC=970580000011|BUILDING_GAP8:20230101_000000::RLB-1766ed92-503c-4d71-b9d8-3c11136e9f59::SEC=970580000011|BUILDING_GAP8:20230101_000000::RLB-1ec99404-0336-4ca9-ab76-6a5fc3c59980::SEC=970580000011|BUILDING_GAP8:20230101_000000::RLB-3b8c7c6f-b606-47aa-9446-cf7d43816f38::SEC=970580000011|BUILDING_GAP8:20230101_000000::RLB-40a6e4cd-8f36-4390-b7c1-69a63745aa05::SEC=970580000011|BUILDING_GAP8:20230101_000000::RLB-45eae43d-777e-4907-92e5-cbfb00b7f99b::SEC=970580000059|BUILDING_GAP8:20230101_000000::RLB-5f537a26-4577-4a90-86bf-b0f7c4b6981c::SEC=970580000011|BUILDING_GAP8:20230101_000000::RLB-88d31c78-c3a1-4119-ad9f-ac4d442e00c1::SEC=970580000011|BUILDING_GAP8:20230101_000000::RLB-a2a72cee-0318-414c-920d-6faafa45854c::SEC=970580000011|BUILDING_GAP8:20230101_000000::RLB-cf780bcc-d831-4b1c-bbc2-85a5b9709f58::SEC=970580000011|BUILDING_GAP8:20230101_000000::RLB-f73fe1cd-d24c-47c1-a06a-abdc5598b2d1::SEC=970580000011|BUILDING_GAP8:20230101_000000::RLB-ff598f28-49b0-4625-9432-01c747a11568::SEC=970580000011|SETTLEMENT_GAP8:OSM_POINT_538561433,13,14641,10.26079423698859,0.12825992796235736,True,102.11467593308485,102.11467593308485,0.0,0.0,262.43145250677026,262.43145250677026,0.0,0.0,514.2912071499943,514.2912071499943,0.0,0.0,849.7155729715944,656.6100146967844,193.1055582748099,22.725905516770535,1607.6304723781136,EX_018,D148,1,1,1,Beolco,0,0,,False,False,P2V2S_0022,PROPOSED_STOP,FIELD_CHECK_PENDING,PROPOSED_STOP/FIELD_CHECK_PENDING,DERIVED_GATE_D_BUS_ELIGIBLE,HYPOTHESIS_NOT_RECOMMENDATION,DASYMETRIC_BUILDING_SECTION_INTERSECTION_V2,ANALYSIS_ENVELOPE_PLUS_INHERITED_150M_SITING_BUFFER,False,DERIVED_FROM_REFERENCE_PERIOD_GTFS_PROXIMITY_NOT_CURRENT_SERVICE_GUARANTEE,150.0,220.0,55d726564e13acca55ce563cc911263ac513acb0,7c220f7586d0f6e5cccd14a2d518be52eb1c4a55,29203ad64c3e32e6164ef6997933eb5c5ff2d5b1,8a4608a60ecb367535814d965822e7502ae31eb9,097058,Olgiate Molgora,UNSPECIFIED,2287.0,1961.0,FACT_ISTAT_2021_WORK_COMMUTING_MUNICIPAL_ONLY_NOT_STOP_DEMAND
198446596,unclassified,missing_maxheight|missing_maxweight|missing_maxwidth|missing_width,1,529137.3490992998,5062837.612330683,9.374400277276536,45.71847994298195,BUILDING_GAP8:20230101_000000::RLB-2e483b96-6b6c-4e31-b35d-ed326a9d6702::SEC=970920000017|BUILDING_GAP8:20230101_000000::RLB-d143efcf-5c5d-4486-a326-6c8c32a53031::SEC=970920000017|SETTLEMENT_GAP8:OSM_POINT_534888593,3,7994,4.759719168571496,0.059496489607143696,True,26.44413396239316,26.44413396239316,0.0,0.0,37.52295245820447,37.52295245820447,0.0,0.0,44.71632702687327,44.71632702687327,0.0,0.0,75.61195021517828,75.61195021517828,0.0,0.0,2456.9657191870574,EX_026,D184,1,1,1,Ospedaletto,0,0,,False,False,P2V2S_0023,PROPOSED_STOP,FIELD_CHECK_PENDING,PROPOSED_STOP/FIELD_CHECK_PENDING,DERIVED_GATE_D_BUS_ELIGIBLE,HYPOTHESIS_NOT_RECOMMENDATION,DASYMETRIC_BUILDING_SECTION_INTERSECTION_V2,ANALYSIS_ENVELOPE_PLUS_INHERITED_150M_SITING_BUFFER,False,DERIVED_FROM_REFERENCE_PERIOD_GTFS_PROXIMITY_NOT_CURRENT_SERVICE_GUARANTEE,150.0,220.0,55d726564e13acca55ce563cc911263ac513acb0,7c220f7586d0f6e5cccd14a2d518be52eb1c4a55,29203ad64c3e32e6164ef6997933eb5c5ff2d5b1,8a4608a60ecb367535814d965822e7502ae31eb9,097092,La Valletta Brianza,UNSPECIFIED,1796.0,1521.0,FACT_ISTAT_2021_WORK_COMMUTING_MUNICIPAL_ONLY_NOT_STOP_DEMAND
144067229,residential,missing_lanes|missing_maxheight|missing_maxweight|missing_maxwidth|missing_width,1,529973.5667649426,5062871.07721778,9.385147081336967,45.71874543072979,BUILDING_GAP8:20230101_000000::RLB-02c87d94-9f63-4d8d-b164-1b0211e6e835::SEC=970920000006|BUILDING_GAP8:20230101_000000::RLB-32dcb734-657e-4b26-8ae1-e980e71f6250::SEC=970920000006|BUILDING_GAP8:20230101_000000::RLB-5692e197-8d59-4e89-a1c9-a1c125041296::SEC=970920000006|BUILDING_GAP8:20230101_000000::RLB-67b53f8b-49c7-456c-a62f-e7eddbd9cced::SEC=970920000006|BUILDING_GAP8:20230101_000000::RLB-6a05c46c-ef12-4008-a1e3-e978f4007c8f::SEC=970920000006|BUILDING_GAP8:20230101_000000::RLB-91d0293d-303b-4f0e-9dfa-a8a5834e2f64::SEC=970920000006|BUILDING_GAP8:20230101_000000::RLB-98fcacbd-67d8-4f76-b4a9-5c903e9ab1b0::SEC=970920000017|BUILDING_GAP8:20230101_000000::RLB-9fbc5664-9ecb-4660-844f-196bd649afde::SEC=970920000006|BUILDING_GAP8:20230101_000000::RLB-ad0476df-e931-4be1-89a7-a924634d2072::SEC=970920000006|BUILDING_GAP8:20230101_000000::RLB-e1933b82-e96d-4d9f-830a-d3ba98076a0a::SEC=970920000006|BUILDING_GAP8:20230101_000000::RLB-e866e49e-094d-4a0d-bc3f-858be1285fa2::SEC=970920000006,11,11762,2.4831805765684205,0.031039757207105258,True,48.931881989181974,48.931881989181974,0.0,0.0,82.18379878549158,82.18379878549158,0.0,0.0,92.39391667525445,92.39391667525445,0.0,0.0,98.68434515678402,98.68434515678402,0.0,0.0,2543.2054160142357,EX_018,D148,1,1,1,Spiazzo,0,0,,False,False,P2V2S_0024,PROPOSED_STOP,FIELD_CHECK_PENDING,PROPOSED_STOP/FIELD_CHECK_PENDING,DERIVED_GATE_D_BUS_ELIGIBLE,HYPOTHESIS_NOT_RECOMMENDATION,DASYMETRIC_BUILDING_SECTION_INTERSECTION_V2,ANALYSIS_ENVELOPE_PLUS_INHERITED_150M_SITING_BUFFER,False,DERIVED_FROM_REFERENCE_PERIOD_GTFS_PROXIMITY_NOT_CURRENT_SERVICE_GUARANTEE,150.0,220.0,55d726564e13acca55ce563cc911263ac513acb0,7c220f7586d0f6e5cccd14a2d518be52eb1c4a55,29203ad64c3e32e6164ef6997933eb5c5ff2d5b1,8a4608a60ecb367535814d965822e7502ae31eb9,097092,La Valletta Brianza,UNSPECIFIED,1796.0,1521.0,FACT_ISTAT_2021_WORK_COMMUTING_MUNICIPAL_ONLY_NOT_STOP_DEMAND
1447755760,service,missing_lanes|missing_maxheight|missing_maxweight|missing_maxwidth|missing_width,0,530880.3106798327,5062942.209590545,9.396802593664018,45.71934579243043,BUILDING_GAP8:20230101_000000::RLB-f32cc230-b605-40a2-a137-095adf6901af::SEC=970580000006,1,15681,19.718372987184377,0.24647966233980473,True,197.20520996170296,197.20520996170296,0.0,0.0,707.3613842122597,707.3613842122597,0.0,0.0,1146.9860722845483,1026.9028990541933,120.08317323035496,10.469453477423247,1630.0160791994108,854.6762285534737,775.3398506459371,47.566392782257,1341.9379056980429,EX_018,D148,1,1,1,Beolco,0,0,,False,False,P2V2S_0025,PROPOSED_STOP,FIELD_CHECK_PENDING,PROPOSED_STOP/FIELD_CHECK_PENDING,DERIVED_GATE_D_BUS_ELIGIBLE,HYPOTHESIS_NOT_RECOMMENDATION,DASYMETRIC_BUILDING_SECTION_INTERSECTION_V2,ANALYSIS_ENVELOPE_PLUS_INHERITED_150M_SITING_BUFFER,False,DERIVED_FROM_REFERENCE_PERIOD_GTFS_PROXIMITY_NOT_CURRENT_SERVICE_GUARANTEE,150.0,220.0,55d726564e13acca55ce563cc911263ac513acb0,7c220f7586d0f6e5cccd14a2d518be52eb1c4a55,29203ad64c3e32e6164ef6997933eb5c5ff2d5b1,8a4608a60ecb367535814d965822e7502ae31eb9,097058,Olgiate Molgora,UNSPECIFIED,2287.0,1961.0,FACT_ISTAT_2021_WORK_COMMUTING_MUNICIPAL_ONLY_NOT_STOP_DEMAND
278793604,residential,missing_lanes|missing_maxheight|missing_maxweight|missing_maxwidth|missing_width,0,532024.4727918465,5062943.218620358,9.41150441931211,45.71930286775221,BUILDING_GAP8:20230101_000000::RLB-4e675bc1-1c0d-4287-a7b5-d370dbead3a2::SEC=970120000083|BUILDING_GAP8:20230101_000000::RLB-bf6b43b6-707f-40ee-afc4-23adc122518e::SEC=970120000083,2,19691,3.42330348367436,0.0427912935459295,True,102.2515386371741,81.73350582147478,20.518032815699325,20.066233808475804,305.89910055807775,69.04172144616935,236.8573791119084,77.42990374270121,670.0363174473022,91.91686372902583,578.1194537182763,86.2818087116218,1017.5877316991205,58.20052013186004,959.3872115672606,94.28054030931766,650.29520765844,EX_005,D148|D150,2,3,2,Limito|Scagnello,3,1,Esselunga,False,False,P2V2S_0026,PROPOSED_STOP,FIELD_CHECK_PENDING,PROPOSED_STOP/FIELD_CHECK_PENDING,DERIVED_GATE_D_BUS_ELIGIBLE,HYPOTHESIS_NOT_RECOMMENDATION,DASYMETRIC_BUILDING_SECTION_INTERSECTION_V2,ANALYSIS_ENVELOPE_PLUS_INHERITED_150M_SITING_BUFFER,False,DERIVED_FROM_REFERENCE_PERIOD_GTFS_PROXIMITY_NOT_CURRENT_SERVICE_GUARANTEE,150.0,220.0,55d726564e13acca55ce563cc911263ac513acb0,7c220f7586d0f6e5cccd14a2d518be52eb1c4a55,29203ad64c3e32e6164ef6997933eb5c5ff2d5b1,8a4608a60ecb367535814d965822e7502ae31eb9,097048,Merate,UNSPECIFIED,,,FACT_ISTAT_2021_WORK_COMMUTING_MUNICIPAL_ONLY_NOT_STOP_DEMAND
190278420,residential,missing_lanes|missing_maxheight|missing_maxweight|missing_maxwidth|missing_width,0,531230.016786653,5062969.293558678,9.401297845150202,45.719573868777296,BUILDING_GAP8:20230101_000000::RLB-44f2966f-6af7-409d-ac68-f2cb4c8c6169::SEC=970580000006|BUILDING_GAP8:20230101_000000::RLB-7c4c4b84-ec81-4ee6-8a10-d1b7447f0572::SEC=970580000006|BUILDING_GAP8:20230101_000000::RLB-98a63ec2-6d11-4b5a-98d8-a2b41408ed41::SEC=970580000006|BUILDING_GAP8:20230101_000000::RLB-a7682d77-1f4d-440c-b233-edec0d02e3b9::SEC=970580000006|BUILDING_GAP8:20230101_000000::RLB-ce9ee2c7-65b3-4ae2-8776-94ab91ace043::SEC=970580000006|BUILDING_GAP8:20230101_000000::RLB-d7e3a4d5-c51f-41d3-94c4-50a2fb55dfc0::SEC=970580000006,6,16935,2.931174218665853,0.03663967773332316,True,207.87119326102564,207.87119326102564,0.0,0.0,693.6829919816915,693.6829919816915,0.0,0.0,1169.6883594538058,967.8792096689863,201.80914978481934,17.253240844343836,1819.6346819011,806.2316711943315,1013.4030107067686,55.69266297166832,1336.694478932618,EX_018,D148,1,0,0,,1,1,OSM leisure:sports_centre 1837075017,False,False,P2V2S_0027,PROPOSED_STOP,FIELD_CHECK_PENDING,PROPOSED_STOP/FIELD_CHECK_PENDING,DERIVED_GATE_D_BUS_ELIGIBLE,HYPOTHESIS_NOT_RECOMMENDATION,DASYMETRIC_BUILDING_SECTION_INTERSECTION_V2,ANALYSIS_ENVELOPE_PLUS_INHERITED_150M_SITING_BUFFER,False,DERIVED_FROM_REFERENCE_PERIOD_GTFS_PROXIMITY_NOT_CURRENT_SERVICE_GUARANTEE,150.0,220.0,55d726564e13acca55ce563cc911263ac513acb0,7c220f7586d0f6e5cccd14a2d518be52eb1c4a55,29203ad64c3e32e6164ef6997933eb5c5ff2d5b1,8a4608a60ecb367535814d965822e7502ae31eb9,097058,Olgiate Molgora,UNSPECIFIED,2287.0,1961.0,FACT_ISTAT_2021_WORK_COMMUTING_MUNICIPAL_ONLY_NOT_STOP_DEMAND
1430850463,service,missing_lanes|missing_maxheight|missing_maxweight|missing_maxwidth|missing_width,0,529599.2193883877,5063081.514308701,9.380349841806389,45.72065560248174,BUILDING_GAP8:20230101_000000::RLB-23359285-ff53-46ec-acb6-5f8d11c44750::SEC=970920000006|BUILDING_GAP8:20230101_000000::RLB-6e217e4b-8858-4877-ab10-8fdcff2e424c::SEC=970920000006|BUILDING_GAP8:20230101_000000::RLB-6e217e4b-8858-4877-ab10-8fdcff2e424c::SEC=970920000017|BUILDING_GAP8:20230101_000000::RLB-fe502069-f977-44b2-9f97-1b507749f711::SEC=970920000006,4,10222,5.335513320689632,0.0666939165086204,True,25.884677540272833,25.884677540272833,0.0,0.0,67.13118438962262,67.13118438962262,0.0,0.0,114.42371306975566,114.42371306975566,0.0,0.0,156.6446522109799,156.6446522109799,0.0,0.0,2437.6339043160074,EX_026,D184,1,1,1,Spiazzo,0,0,,False,False,P2V2S_0028,PROPOSED_STOP,FIELD_CHECK_PENDING,PROPOSED_STOP/FIELD_CHECK_PENDING,DERIVED_GATE_D_BUS_ELIGIBLE,HYPOTHESIS_NOT_RECOMMENDATION,DASYMETRIC_BUILDING_SECTION_INTERSECTION_V2,ANALYSIS_ENVELOPE_PLUS_INHERITED_150M_SITING_BUFFER,False,DERIVED_FROM_REFERENCE_PERIOD_GTFS_PROXIMITY_NOT_CURRENT_SERVICE_GUARANTEE,150.0,220.0,55d726564e13acca55ce563cc911263ac513acb0,7c220f7586d0f6e5cccd14a2d518be52eb1c4a55,29203ad64c3e32e6164ef6997933eb5c5ff2d5b1,8a4608a60ecb367535814d965822e7502ae31eb9,097092,La Valletta Brianza,UNSPECIFIED,1796.0,1521.0,FACT_ISTAT_2021_WORK_COMMUTING_MUNICIPAL_ONLY_NOT_STOP_DEMAND
1153496540,unclassified,missing_maxheight|missing_maxweight|missing_maxwidth|missing_width,0,529173.701617239,5063082.891722915,9.374882142197231,45.72068607185733,BUILDING_GAP8:20230101_000000::RLB-14a5c4eb-87c5-4b02-9c27-e2462a8e6d83::SEC=970920000017|BUILDING_GAP8:20230101_000000::RLB-274bd59b-edc1-4ec8-9fce-93184a9962e4::SEC=970920000017|BUILDING_GAP8:20230101_000000::RLB-9dcb3c7e-d481-4146-b672-87706e1f14ab::SEC=970920000017|SETTLEMENT_GAP8:OSM_POINT_8823966883,4,8154,0.30739613260145066,0.003842451657518133,True,12.174726127258948,12.174726127258948,0.0,0.0,73.85098820399845,73.85098820399845,0.0,0.0,126.42751410550005,126.42751410550005,0.0,0.0,207.3860829116624,207.3860829116624,0.0,0.0,2204.0815380678664,EX_026,D184,1,2,2,Brugolone|Galbusera Bianca,0,0,,False,False,P2V2S_0029,PROPOSED_STOP,FIELD_CHECK_PENDING,PROPOSED_STOP/FIELD_CHECK_PENDING,DERIVED_GATE_D_BUS_ELIGIBLE,HYPOTHESIS_NOT_RECOMMENDATION,DASYMETRIC_BUILDING_SECTION_INTERSECTION_V2,ANALYSIS_ENVELOPE_PLUS_INHERITED_150M_SITING_BUFFER,False,DERIVED_FROM_REFERENCE_PERIOD_GTFS_PROXIMITY_NOT_CURRENT_SERVICE_GUARANTEE,150.0,220.0,55d726564e13acca55ce563cc911263ac513acb0,7c220f7586d0f6e5cccd14a2d518be52eb1c4a55,29203ad64c3e32e6164ef6997933eb5c5ff2d5b1,8a4608a60ecb367535814d965822e7502ae31eb9,097092,La Valletta Brianza,UNSPECIFIED,1796.0,1521.0,FACT_ISTAT_2021_WORK_COMMUTING_MUNICIPAL_ONLY_NOT_STOP_DEMAND
1465349140,service,missing_lanes|missing_maxheight|missing_maxweight|missing_maxwidth|missing_width,0,533836.2809660542,5063145.1513753235,9.434799024192122,45.72103414591915,BUILDING_GAP8:20230101_000000::RLB-53ca451b-f22a-40da-a852-69982b6a953d::SEC=970120000006,1,24852,4.7949907042320525,0.05993738380290066,True,12.488191313667992,12.488191313667992,0.0,0.0,12.488191313667992,12.488191313667992,0.0,0.0,46.54008752004586,33.853523413888176,12.686564106157682,27.25943328038069,120.93760957011014,35.05785948556175,85.8797500845484,71.011615319519,1244.3097784076242,EX_021,D170,1,2,2,Cassina Fra Martino|Grugana,0,0,,False,False,P2V2S_0030,PROPOSED_STOP,FIELD_CHECK_PENDING,PROPOSED_STOP/FIELD_CHECK_PENDING,DERIVED_GATE_D_BUS_ELIGIBLE,HYPOTHESIS_NOT_RECOMMENDATION,DASYMETRIC_BUILDING_SECTION_INTERSECTION_V2,ANALYSIS_ENVELOPE_PLUS_INHERITED_150M_SITING_BUFFER,False,DERIVED_FROM_REFERENCE_PERIOD_GTFS_PROXIMITY_NOT_CURRENT_SERVICE_GUARANTEE,150.0,220.0,55d726564e13acca55ce563cc911263ac513acb0,7c220f7586d0f6e5cccd14a2d518be52eb1c4a55,29203ad64c3e32e6164ef6997933eb5c5ff2d5b1,8a4608a60ecb367535814d965822e7502ae31eb9,097048,Merate,UNSPECIFIED,,,FACT_ISTAT_2021_WORK_COMMUTING_MUNICIPAL_ONLY_NOT_STOP_DEMAND
40627763,residential,missing_lanes|missing_maxheight|missing_maxweight|missing_maxwidth|missing_width,3,530915.2185843417,5063160.6141433185,9.397265069842808,45.72130999924538,BUILDING_GAP8:20230101_000000::RLB-0b5f1586-4d32-45f4-abc2-161ba96585a2::SEC=970580000006|BUILDING_GAP8:20230101_000000::RLB-0c19a19a-207b-4580-b9c9-5779be88357c::SEC=970580000005|BUILDING_GAP8:20230101_000000::RLB-0c576e27-d8f2-4f82-9655-7f150a13417d::SEC=970580000006|BUILDING_GAP8:20230101_000000::RLB-0d695a42-f5ee-4edb-861c-0b520dac3230::SEC=970580000005|BUILDING_GAP8:20230101_000000::RLB-25ba36b4-1765-413b-a8b7-6ec68de2b432::SEC=970580000006|BUILDING_GAP8:20230101_000000::RLB-2bcd9c56-7a8e-4a64-9b8d-f46991a152b9::SEC=970580000005|BUILDING_GAP8:20230101_000000::RLB-36e1938a-9206-47be-a578-b0468da5baa2::SEC=970580000005|BUILDING_GAP8:20230101_000000::RLB-83590ac5-e283-44ae-b9d5-e6cd6aca41a7::SEC=970580000005|BUILDING_GAP8:20230101_000000::RLB-99347890-5df5-4dd9-891b-f961d97df7f0::SEC=970580000005|BUILDING_GAP8:20230101_000000::RLB-e5664fb0-f671-4934-865e-acc89191f00a::SEC=970580000006|BUILDING_GAP8:20230101_000000::RLB-ea82f61d-4414-41b5-b2c1-4b33ba46131e::SEC=970580000006|BUILDING_GAP8:20230101_000000::RLB-ef867a43-ad0f-45a8-89fb-f1dffe964469::SEC=970580000005|BUILDING_GAP8:20230101_000000::RLB-f38cd467-7dc3-4969-8bd1-5770132055d6::SEC=970580000006|BUILDING_GAP8:20230101_000000::RLB-f6c631e0-5f8d-4fcf-bcf6-6ef59aeb3469::SEC=970580000005|BUILDING_GAP8:20230101_000000::RLB-fd9f5eb8-2112-4647-bb14-f9b40de290af::SEC=970580000006,15,15830,19.515669301953267,0.24394586627441583,True,431.9154733569124,431.9154733569124,0.0,0.0,1036.919737011032,948.1823394340497,88.7373975769823,8.557788458417413,1668.040643433426,1105.622849681871,562.4177937515551,33.71727157642259,2030.7881979076983,864.4711059774256,1166.3170919302725,57.43174463648734,1090.8314794249081,EX_018,D148,1,1,1,Beolco,1,0,,False,False,P2V2S_0031,PROPOSED_STOP,FIELD_CHECK_PENDING,PROPOSED_STOP/FIELD_CHECK_PENDING,DERIVED_GATE_D_BUS_ELIGIBLE,HYPOTHESIS_NOT_RECOMMENDATION,DASYMETRIC_BUILDING_SECTION_INTERSECTION_V2,ANALYSIS_ENVELOPE_PLUS_INHERITED_150M_SITING_BUFFER,False,DERIVED_FROM_REFERENCE_PERIOD_GTFS_PROXIMITY_NOT_CURRENT_SERVICE_GUARANTEE,150.0,220.0,55d726564e13acca55ce563cc911263ac513acb0,7c220f7586d0f6e5cccd14a2d518be52eb1c4a55,29203ad64c3e32e6164ef6997933eb5c5ff2d5b1,8a4608a60ecb367535814d965822e7502ae31eb9,097058,Olgiate Molgora,UNSPECIFIED,2287.0,1961.0,FACT_ISTAT_2021_WORK_COMMUTING_MUNICIPAL_ONLY_NOT_STOP_DEMAND
42222954,residential,missing_lanes|missing_maxheight|missing_maxweight|missing_maxwidth|missing_width,0,532332.8538443139,5063250.40906834,9.4154874075952,45.72205340982413,BUILDING_GAP8:20230101_000000::RLB-2c8f416d-575c-4623-b9df-f0198d411305::SEC=970120000003|BUILDING_GAP8:20230101_000000::RLB-b9569cbc-4665-4de3-b556-321ffe5c298c::SEC=970120000003|SETTLEMENT_GAP8:OSM_POINT_7994580675,3,20537,1.5240887833698789,0.019051109792123485,True,279.0353761611069,97.90928301899179,181.12609314211514,64.91151610738353,920.1127939165356,20.413708856241318,899.6990850602944,97.78139060871564,1310.4023577958512,20.413708856241318,1289.98864893961,98.44218008806257,1663.2844898569292,0.0,1663.2844898569292,100.0,378.2827182292669,EX_005,D148|D150,2,2,1,Limito,3,0,,False,False,P2V2S_0032,PROPOSED_STOP,FIELD_CHECK_PENDING,PROPOSED_STOP/FIELD_CHECK_PENDING,DERIVED_GATE_D_BUS_ELIGIBLE,HYPOTHESIS_NOT_RECOMMENDATION,DASYMETRIC_BUILDING_SECTION_INTERSECTION_V2,ANALYSIS_ENVELOPE_PLUS_INHERITED_150M_SITING_BUFFER,False,DERIVED_FROM_REFERENCE_PERIOD_GTFS_PROXIMITY_NOT_CURRENT_SERVICE_GUARANTEE,150.0,220.0,55d726564e13acca55ce563cc911263ac513acb0,7c220f7586d0f6e5cccd14a2d518be52eb1c4a55,29203ad64c3e32e6164ef6997933eb5c5ff2d5b1,8a4608a60ecb367535814d965822e7502ae31eb9,097012,Calco,UNSPECIFIED,2173.0,1894.0,FACT_ISTAT_2021_WORK_COMMUTING_MUNICIPAL_ONLY_NOT_STOP_DEMAND
581580999,residential,missing_lanes|missing_maxheight|missing_maxweight|missing_maxwidth|missing_width,1,531234.4949088867,5063283.867435372,9.401375659739493,45.72240500920171,BUILDING_GAP8:20230101_000000::RLB-086fdf85-14d8-406c-b047-37081d979b2b::SEC=970580000006|BUILDING_GAP8:20230101_000000::RLB-79026a73-ad75-403d-b1b7-b2b835d594e9::SEC=970580000006|BUILDING_GAP8:20230101_000000::RLB-84686700-ab4e-448d-8803-67e90e28a6a3::SEC=970580000006|BUILDING_GAP8:20230101_000000::RLB-dda42c95-3049-4070-b9c1-5a5c4fb969fd::SEC=970580000006,4,16976,5.664110262515164,0.07080137828143955,True,456.4155893058444,456.4155893058444,0.0,0.0,1578.359785849851,1093.9034118964487,484.45637395340265,30.693659221211867,2464.7547883701163,1019.0386308486733,1445.7161575214434,58.65557759915991,3260.1863008271466,741.6406413209536,2518.5456595061933,77.25158709081164,938.1748263259584,EX_039,D184|D185,2,0,0,,3,1,OSM leisure:sports_centre 1837075017,False,False,P2V2S_0033,PROPOSED_STOP,FIELD_CHECK_PENDING,PROPOSED_STOP/FIELD_CHECK_PENDING,DERIVED_GATE_D_BUS_ELIGIBLE,HYPOTHESIS_NOT_RECOMMENDATION,DASYMETRIC_BUILDING_SECTION_INTERSECTION_V2,ANALYSIS_ENVELOPE_PLUS_INHERITED_150M_SITING_BUFFER,False,DERIVED_FROM_REFERENCE_PERIOD_GTFS_PROXIMITY_NOT_CURRENT_SERVICE_GUARANTEE,150.0,220.0,55d726564e13acca55ce563cc911263ac513acb0,7c220f7586d0f6e5cccd14a2d518be52eb1c4a55,29203ad64c3e32e6164ef6997933eb5c5ff2d5b1,8a4608a60ecb367535814d965822e7502ae31eb9,097058,Olgiate Molgora,UNSPECIFIED,2287.0,1961.0,FACT_ISTAT_2021_WORK_COMMUTING_MUNICIPAL_ONLY_NOT_STOP_DEMAND
1465348967,service,missing_lanes|missing_maxheight|missing_maxweight|missing_maxwidth|missing_width,0,533169.2071165962,5063348.68790094,9.426241242080167,45.72289838306784,BUILDING_GAP8:20230101_000000::RLB-8bcda17c-8a8e-4fe3-ba47-d641c8289565::SEC=970120000005,1,23005,0.8700510977467623,0.010875638721834528,True,37.20837104331024,37.20837104331024,0.0,0.0,141.64081671956356,141.64081671956356,0.0,0.0,430.0816934561846,294.6612093420336,135.42048411415098,31.487153760462768,475.06870700214205,191.09694500264519,283.97176199949695,59.77488262518131,934.7909971081668,EX_021,D170,1,2,0,,0,0,,False,False,P2V2S_0034,PROPOSED_STOP,FIELD_CHECK_PENDING,PROPOSED_STOP/FIELD_CHECK_PENDING,DERIVED_GATE_D_BUS_ELIGIBLE,HYPOTHESIS_NOT_RECOMMENDATION,DASYMETRIC_BUILDING_SECTION_INTERSECTION_V2,ANALYSIS_ENVELOPE_PLUS_INHERITED_150M_SITING_BUFFER,False,DERIVED_FROM_REFERENCE_PERIOD_GTFS_PROXIMITY_NOT_CURRENT_SERVICE_GUARANTEE,150.0,220.0,55d726564e13acca55ce563cc911263ac513acb0,7c220f7586d0f6e5cccd14a2d518be52eb1c4a55,29203ad64c3e32e6164ef6997933eb5c5ff2d5b1,8a4608a60ecb367535814d965822e7502ae31eb9,097012,Calco,UNSPECIFIED,2173.0,1894.0,FACT_ISTAT_2021_WORK_COMMUTING_MUNICIPAL_ONLY_NOT_STOP_DEMAND
42281871,residential,missing_lanes|missing_maxheight|missing_maxweight|missing_maxwidth|missing_width,1,530822.4992002818,5063362.30914808,9.396086468980606,45.723129505516106,BUILDING_GAP8:20230101_000000::RLB-0b8d787b-d4a7-4c0c-9f23-22c8f8375693::SEC=970580000005|BUILDING_GAP8:20230101_000000::RLB-124291d9-76b9-448e-a92b-a935ce1252df::SEC=970580000005|BUILDING_GAP8:20230101_000000::RLB-2b913517-6cfb-4297-bb6b-ffb7ef6d57f2::SEC=970580000005|BUILDING_GAP8:20230101_000000::RLB-37f1803d-eb26-46e8-822c-550829fb8835::SEC=970580000059|BUILDING_GAP8:20230101_000000::RLB-5d418fa6-49a5-4c69-9800-8b5a2c2d7256::SEC=970580000005|BUILDING_GAP8:20230101_000000::RLB-74c3355c-7a96-43ad-8b08-320ec9321afd::SEC=970580000005|BUILDING_GAP8:20230101_000000::RLB-8cb6c634-f02e-431e-9ee7-5aaecb42477d::SEC=970580000005|BUILDING_GAP8:20230101_000000::RLB-a1638c2e-adce-4474-be0a-35fd852e3136::SEC=970580000005|BUILDING_GAP8:20230101_000000::RLB-c86bdbc7-edb2-47d5-ab23-54c76d0debbb::SEC=970580000005|BUILDING_GAP8:20230101_000000::RLB-d4ab0078-d482-4287-9853-0104840cfe66::SEC=970580000005|BUILDING_GAP8:20230101_000000::RLB-e585ce96-dda8-47c4-a03f-7e08edff6e8b::SEC=970580000005|BUILDING_GAP8:20230101_000000::RLB-e93ef70d-c1f8-46ff-9569-b73b78059d11::SEC=970580000005|BUILDING_GAP8:20230101_000000::RLB-eb9005ce-d87b-4394-a58c-1594de045176::SEC=970580000005|BUILDING_GAP8:20230101_000000::RLB-ef2f0843-5e3a-48cc-9361-358d868a06a7::SEC=970580000059|BUILDING_GAP8:20230101_000000::RLB-f4428f8e-276d-470b-a60e-f259fd3af5a1::SEC=970580000005|BUILDING_GAP8:20230101_000000::RLB-fbda81a8-da2e-46a5-935f-e9c2e273c02f::SEC=970580000005,16,15535,10.896650513583614,0.13620813141979518,True,192.5180341763858,192.5180341763858,0.0,0.0,588.7636220318146,463.6818197115467,125.08180232026803,21.244825196334745,1244.5003913298006,662.4777630646669,582.0226282651334,46.76757294091471,2226.452036503159,711.6807696081044,1514.7712668950544,68.03520767840736,825.4855740816761,EX_018,D148,1,0,0,,1,0,,False,False,P2V2S_0035,PROPOSED_STOP,FIELD_CHECK_PENDING,PROPOSED_STOP/FIELD_CHECK_PENDING,DERIVED_GATE_D_BUS_ELIGIBLE,HYPOTHESIS_NOT_RECOMMENDATION,DASYMETRIC_BUILDING_SECTION_INTERSECTION_V2,ANALYSIS_ENVELOPE_PLUS_INHERITED_150M_SITING_BUFFER,False,DERIVED_FROM_REFERENCE_PERIOD_GTFS_PROXIMITY_NOT_CURRENT_SERVICE_GUARANTEE,150.0,220.0,55d726564e13acca55ce563cc911263ac513acb0,7c220f7586d0f6e5cccd14a2d518be52eb1c4a55,29203ad64c3e32e6164ef6997933eb5c5ff2d5b1,8a4608a60ecb367535814d965822e7502ae31eb9,097058,Olgiate Molgora,UNSPECIFIED,2287.0,1961.0,FACT_ISTAT_2021_WORK_COMMUTING_MUNICIPAL_ONLY_NOT_STOP_DEMAND
1465161374,service,missing_lanes|missing_maxheight|missing_maxweight|missing_maxwidth|missing_width,0,532794.5775342078,5063364.195812121,9.421428242396313,45.723055821241495,BUILDING_GAP8:20230101_000000::RLB-7c3fde30-ee12-4002-ba61-744dbb91dc32::SEC=970120000006|BUILDING_GAP8:20230101_000000::RLB-e25edf8f-c283-41d8-afcb-9bd7d23e10cf::SEC=970120000006,2,21940,5.919762622665375,0.07399703278331718,True,8.85650610251248,8.85650610251248,0.0,0.0,125.74231330191762,125.74231330191762,0.0,0.0,311.76526685159166,154.83280381477707,156.93246303681457,50.33673719385761,616.6421200479804,106.60377423796558,510.0383458100148,82.71221332891258,543.832938247729,EX_021,D170,1,2,0,,0,0,,False,False,P2V2S_0036,PROPOSED_STOP,FIELD_CHECK_PENDING,PROPOSED_STOP/FIELD_CHECK_PENDING,DERIVED_GATE_D_BUS_ELIGIBLE,HYPOTHESIS_NOT_RECOMMENDATION,DASYMETRIC_BUILDING_SECTION_INTERSECTION_V2,ANALYSIS_ENVELOPE_PLUS_INHERITED_150M_SITING_BUFFER,False,DERIVED_FROM_REFERENCE_PERIOD_GTFS_PROXIMITY_NOT_CURRENT_SERVICE_GUARANTEE,150.0,220.0,55d726564e13acca55ce563cc911263ac513acb0,7c220f7586d0f6e5cccd14a2d518be52eb1c4a55,29203ad64c3e32e6164ef6997933eb5c5ff2d5b1,8a4608a60ecb367535814d965822e7502ae31eb9,097048,Merate,UNSPECIFIED,,,FACT_ISTAT_2021_WORK_COMMUTING_MUNICIPAL_ONLY_NOT_STOP_DEMAND
1430856337,service,missing_lanes|missing_maxheight|missing_maxweight|missing_maxwidth|missing_width,0,530242.8184545916,5063381.831897227,9.388638638041323,45.723330803085744,BUILDING_GAP8:20230101_000000::RLB-58f2dfc1-91a9-4866-ac50-9fe5c20e5578::SEC=970580000059|BUILDING_GAP8:20230101_000000::RLB-6546a344-e7b2-4b69-8843-18ff9432db4c::SEC=970580000059|BUILDING_GAP8:20230101_000000::RLB-7762e046-5bef-4ef0-9707-8a82dbf6e294::SEC=970920000017|BUILDING_GAP8:20230101_000000::RLB-93925062-998c-44b4-9a89-304ad6250c6d::SEC=970580000059|BUILDING_GAP8:20230101_000000::RLB-b229924e-136b-4587-b39b-fb54faab27d7::SEC=970580000059|BUILDING_GAP8:20230101_000000::RLB-ba410426-dc6a-4e2e-a449-177508ac4057::SEC=970580000059|BUILDING_GAP8:20230101_000000::RLB-e48e894a-a127-4a3a-9bff-f514a35c8fbf::SEC=970920000017,7,13010,4.540367241124993,0.05675459051406241,True,10.523923004518076,10.523923004518076,0.0,0.0,50.70780161616063,50.70780161616063,0.0,0.0,169.21501196596807,169.21501196596807,0.0,0.0,355.77004157795307,355.77004157795307,0.0,0.0,1958.1676183304935,EX_023,D184,1,0,0,,0,0,,False,False,P2V2S_0037,PROPOSED_STOP,FIELD_CHECK_PENDING,PROPOSED_STOP/FIELD_CHECK_PENDING,DERIVED_GATE_D_BUS_ELIGIBLE,HYPOTHESIS_NOT_RECOMMENDATION,DASYMETRIC_BUILDING_SECTION_INTERSECTION_V2,ANALYSIS_ENVELOPE_PLUS_INHERITED_150M_SITING_BUFFER,False,DERIVED_FROM_REFERENCE_PERIOD_GTFS_PROXIMITY_NOT_CURRENT_SERVICE_GUARANTEE,150.0,220.0,55d726564e13acca55ce563cc911263ac513acb0,7c220f7586d0f6e5cccd14a2d518be52eb1c4a55,29203ad64c3e32e6164ef6997933eb5c5ff2d5b1,8a4608a60ecb367535814d965822e7502ae31eb9,097058,Olgiate Molgora,UNSPECIFIED,2287.0,1961.0,FACT_ISTAT_2021_WORK_COMMUTING_MUNICIPAL_ONLY_NOT_STOP_DEMAND
110688766,unclassified,missing_lanes|missing_maxheight|missing_maxweight|missing_maxwidth|missing_width,0,532490.4459169625,5063406.227664657,9.417522908234265,45.72344847960794,SETTLEMENT_GAP8:OSM_POINT_7994580675,1,21046,26.141153908618413,0.3267644238577302,True,233.9507559197568,122.06746176917252,111.88329415058426,47.82343776181656,871.9988985803257,0.0,871.9988985803257,100.0,1295.4250063517275,20.413708856241318,1275.0112974954861,98.42416899811653,1722.554822003758,0.0,1722.554822003758,100.0,459.9153049584225,EX_007,D185,1,2,1,Limito,4,0,,False,False,P2V2S_0038,PROPOSED_STOP,FIELD_CHECK_PENDING,PROPOSED_STOP/FIELD_CHECK_PENDING,DERIVED_GATE_D_BUS_ELIGIBLE,HYPOTHESIS_NOT_RECOMMENDATION,DASYMETRIC_BUILDING_SECTION_INTERSECTION_V2,ANALYSIS_ENVELOPE_PLUS_INHERITED_150M_SITING_BUFFER,False,DERIVED_FROM_REFERENCE_PERIOD_GTFS_PROXIMITY_NOT_CURRENT_SERVICE_GUARANTEE,150.0,220.0,55d726564e13acca55ce563cc911263ac513acb0,7c220f7586d0f6e5cccd14a2d518be52eb1c4a55,29203ad64c3e32e6164ef6997933eb5c5ff2d5b1,8a4608a60ecb367535814d965822e7502ae31eb9,097012,Calco,UNSPECIFIED,2173.0,1894.0,FACT_ISTAT_2021_WORK_COMMUTING_MUNICIPAL_ONLY_NOT_STOP_DEMAND
173639165,tertiary,missing_maxheight|missing_maxweight|missing_maxwidth|missing_width,0,530575.5940338589,5063418.101222696,9.392917194407225,45.72364262142197,BUILDING_GAP8:20230101_000000::RLB-6e167df4-b07e-4727-83ab-f3377034a883::SEC=970580000005|BUILDING_GAP8:20230101_000000::RLB-800a14f1-c017-4289-bd26-297c58811b75::SEC=970580000005|BUILDING_GAP8:20230101_000000::RLB-9ac145a3-f6b5-4f7a-99cc-d0e36a014a07::SEC=970580000005|BUILDING_GAP8:20230101_000000::RLB-9ac145a3-f6b5-4f7a-99cc-d0e36a014a07::SEC=970580000059,4,14502,1.725220679264732,0.02156525849080915,True,78.96328654696029,78.96328654696029,0.0,0.0,286.4910262143709,280.59276115295444,5.898265061416458,2.058795746364146,494.55442990351764,392.98861203632646,101.56581786719111,20.53683310187021,920.2001306586906,565.3440452880857,354.85608537060483,38.562924905976104,950.7970119354082,EX_023,D184,1,0,0,,0,0,,False,False,P2V2S_0039,PROPOSED_STOP,FIELD_CHECK_PENDING,PROPOSED_STOP/FIELD_CHECK_PENDING,DERIVED_GATE_D_BUS_ELIGIBLE,HYPOTHESIS_NOT_RECOMMENDATION,DASYMETRIC_BUILDING_SECTION_INTERSECTION_V2,ANALYSIS_ENVELOPE_PLUS_INHERITED_150M_SITING_BUFFER,False,DERIVED_FROM_REFERENCE_PERIOD_GTFS_PROXIMITY_NOT_CURRENT_SERVICE_GUARANTEE,150.0,220.0,55d726564e13acca55ce563cc911263ac513acb0,7c220f7586d0f6e5cccd14a2d518be52eb1c4a55,29203ad64c3e32e6164ef6997933eb5c5ff2d5b1,8a4608a60ecb367535814d965822e7502ae31eb9,097058,Olgiate Molgora,UNSPECIFIED,2287.0,1961.0,FACT_ISTAT_2021_WORK_COMMUTING_MUNICIPAL_ONLY_NOT_STOP_DEMAND
42779089,service,missing_lanes|missing_maxheight|missing_maxweight|missing_maxwidth|missing_width,0,528372.1818749594,5063420.971211142,9.364602617679505,45.723762320670225,BUILDING_GAP8:20230101_000000::RLB-0354b496-ad7b-46d3-b021-4478c06c7369::SEC=970920000031|BUILDING_GAP8:20230101_000000::RLB-3349a6a0-b78b-4693-8fd3-57422d17b26f::SEC=970920000031|BUILDING_GAP8:20230101_000000::RLB-581f7eac-2014-4640-9b99-ce070cc19994::SEC=970920000031|BUILDING_GAP8:20230101_000000::RLB-8566f5fd-8a57-43be-bf6d-6bb4b565ff62::SEC=970920000031|BUILDING_GAP8:20230101_000000::RLB-9094fb82-ac65-4b0d-9417-ba37114549a2::SEC=970920000031|BUILDING_GAP8:20230101_000000::RLB-d010ac37-ca75-4807-97a1-ae6847bef041::SEC=970920000031|BUILDING_GAP8:20230101_000000::RLB-fda68b70-cfe6-485e-8239-678087519eda::SEC=970920000031,7,4997,3.230175191845901,0.04037718989807376,True,9.929197007354778,9.929197007354778,0.0,0.0,11.08885702364891,11.08885702364891,0.0,0.0,14.470038521836594,14.470038521836594,0.0,0.0,25.969788136525846,25.969788136525846,0.0,0.0,2490.7427957495006,EX_027,D184,1,0,0,,0,0,,False,False,P2V2S_0040,PROPOSED_STOP,FIELD_CHECK_PENDING,PROPOSED_STOP/FIELD_CHECK_PENDING,DERIVED_GATE_D_BUS_ELIGIBLE,HYPOTHESIS_NOT_RECOMMENDATION,DASYMETRIC_BUILDING_SECTION_INTERSECTION_V2,ANALYSIS_ENVELOPE_PLUS_INHERITED_150M_SITING_BUFFER,False,DERIVED_FROM_REFERENCE_PERIOD_GTFS_PROXIMITY_NOT_CURRENT_SERVICE_GUARANTEE,150.0,220.0,55d726564e13acca55ce563cc911263ac513acb0,7c220f7586d0f6e5cccd14a2d518be52eb1c4a55,29203ad64c3e32e6164ef6997933eb5c5ff2d5b1,8a4608a60ecb367535814d965822e7502ae31eb9,097092,La Valletta Brianza,UNSPECIFIED,1796.0,1521.0,FACT_ISTAT_2021_WORK_COMMUTING_MUNICIPAL_ONLY_NOT_STOP_DEMAND
523335446,unclassified,missing_lanes|missing_maxheight|missing_maxweight|missing_maxwidth|missing_width,1,529199.9502659987,5063450.35725433,9.375241571079929,45.723992371412926,BUILDING_GAP8:20230101_000000::RLB-8a5bfc4a-f58d-4320-a25e-138d896f47f5::SEC=970920000017|BUILDING_GAP8:20230101_000000::RLB-d57d79f7-3326-4535-b8a8-acf6779684cf::SEC=970920000017,2,8310,1.2455893001654283,0.015569866252067854,True,75.924385251173,75.924385251173,0.0,0.0,206.79595903260383,206.79595903260383,0.0,0.0,364.54943242490896,364.54943242490896,0.0,0.0,404.1543411119135,404.1543411119135,0.0,0.0,1822.3150303885907,EX_026,D184,1,3,3,Brugolone|Galbusera Bianca|Monte,0,0,,False,False,P2V2S_0041,PROPOSED_STOP,FIELD_CHECK_PENDING,PROPOSED_STOP/FIELD_CHECK_PENDING,DERIVED_GATE_D_BUS_ELIGIBLE,HYPOTHESIS_NOT_RECOMMENDATION,DASYMETRIC_BUILDING_SECTION_INTERSECTION_V2,ANALYSIS_ENVELOPE_PLUS_INHERITED_150M_SITING_BUFFER,False,DERIVED_FROM_REFERENCE_PERIOD_GTFS_PROXIMITY_NOT_CURRENT_SERVICE_GUARANTEE,150.0,220.0,55d726564e13acca55ce563cc911263ac513acb0,7c220f7586d0f6e5cccd14a2d518be52eb1c4a55,29203ad64c3e32e6164ef6997933eb5c5ff2d5b1,8a4608a60ecb367535814d965822e7502ae31eb9,097092,La Valletta Brianza,UNSPECIFIED,1796.0,1521.0,FACT_ISTAT_2021_WORK_COMMUTING_MUNICIPAL_ONLY_NOT_STOP_DEMAND
1148465372,service,missing_lanes|missing_maxheight|missing_maxweight|missing_maxwidth|missing_width,0,531320.3517522969,5063488.719389398,9.402492166786814,45.72424491024555,BUILDING_GAP8:20230101_000000::RLB-3b31129a-8eaf-4680-988f-dbf432472406::SEC=970580000006|BUILDING_GAP8:20230101_000000::RLB-7660f306-3ac0-4ee2-b4ed-0ff151cc70a8::SEC=970580000006|BUILDING_GAP8:20230101_000000::RLB-92079790-0fe8-4dea-a9c6-e019581e8d59::SEC=970580000006|BUILDING_GAP8:20230101_000000::RLB-d4f07002-60c3-47d0-b978-98978ad01f90::SEC=970120000062|BUILDING_GAP8:20230101_000000::RLB-d4f07002-60c3-47d0-b978-98978ad01f90::SEC=970580000006|BUILDING_GAP8:20230101_000000::RLB-db19c7f9-2822-4d0e-94c2-b751969fb4f0::SEC=970580000006,6,17189,2.5995963927062657,0.032494954908828325,True,692.0713878424024,686.9827627932916,5.088625049110549,0.7352745885037693,1619.5504081074866,678.7063423340834,940.8440657734031,58.092916470122056,2583.586427285714,818.486570532973,1765.0998567527406,68.3197526551157,3260.5333041840695,641.0271562726217,2619.5061479114474,80.3398065141667,693.5247519838816,EX_039,D184|D185,2,1,0,,5,1,OSM leisure:sports_centre 1837075017,False,False,P2V2S_0042,PROPOSED_STOP,FIELD_CHECK_PENDING,PROPOSED_STOP/FIELD_CHECK_PENDING,DERIVED_GATE_D_BUS_ELIGIBLE,HYPOTHESIS_NOT_RECOMMENDATION,DASYMETRIC_BUILDING_SECTION_INTERSECTION_V2,ANALYSIS_ENVELOPE_PLUS_INHERITED_150M_SITING_BUFFER,False,DERIVED_FROM_REFERENCE_PERIOD_GTFS_PROXIMITY_NOT_CURRENT_SERVICE_GUARANTEE,150.0,220.0,55d726564e13acca55ce563cc911263ac513acb0,7c220f7586d0f6e5cccd14a2d518be52eb1c4a55,29203ad64c3e32e6164ef6997933eb5c5ff2d5b1,8a4608a60ecb367535814d965822e7502ae31eb9,097058,Olgiate Molgora,UNSPECIFIED,2287.0,1961.0,FACT_ISTAT_2021_WORK_COMMUTING_MUNICIPAL_ONLY_NOT_STOP_DEMAND
1430850440,service,missing_lanes|missing_maxheight|missing_maxweight|missing_maxwidth|missing_width,0,529785.0696332578,5063500.720052857,9.382763727919986,45.7244207231066,BUILDING_GAP8:20230101_000000::RLB-070b611b-eb5b-4930-bbd4-de72bb48641a::SEC=970920000017|BUILDING_GAP8:20230101_000000::RLB-500bdc32-8c87-468b-9668-2d9bd91777ef::SEC=970920000017|BUILDING_GAP8:20230101_000000::RLB-7efe3299-e18f-4313-baa8-d8603fbde5fe::SEC=970920000017,3,11038,0.9253600122291079,0.01156700015286385,True,15.761619608151445,15.761619608151445,0.0,0.0,259.62288108570215,259.62288108570215,0.0,0.0,402.1768420298385,402.1768420298385,0.0,0.0,463.30287768045594,463.30287768045594,0.0,0.0,1833.0914987283243,EX_026,D184,1,1,1,Monte,0,0,,False,False,P2V2S_0043,PROPOSED_STOP,FIELD_CHECK_PENDING,PROPOSED_STOP/FIELD_CHECK_PENDING,DERIVED_GATE_D_BUS_ELIGIBLE,HYPOTHESIS_NOT_RECOMMENDATION,DASYMETRIC_BUILDING_SECTION_INTERSECTION_V2,ANALYSIS_ENVELOPE_PLUS_INHERITED_150M_SITING_BUFFER,False,DERIVED_FROM_REFERENCE_PERIOD_GTFS_PROXIMITY_NOT_CURRENT_SERVICE_GUARANTEE,150.0,220.0,55d726564e13acca55ce563cc911263ac513acb0,7c220f7586d0f6e5cccd14a2d518be52eb1c4a55,29203ad64c3e32e6164ef6997933eb5c5ff2d5b1,8a4608a60ecb367535814d965822e7502ae31eb9,097092,La Valletta Brianza,UNSPECIFIED,1796.0,1521.0,FACT_ISTAT_2021_WORK_COMMUTING_MUNICIPAL_ONLY_NOT_STOP_DEMAND
1465348958,service,missing_lanes|missing_maxheight|missing_maxweight|missing_maxwidth|missing_width,0,533394.3173052784,5063514.990706716,9.429145401654928,45.72438436770216,BUILDING_GAP8:20230101_000000::RLB-0a020d48-806b-49db-828d-6c6dc833c751::SEC=970120000005|BUILDING_GAP8:20230101_000000::RLB-6b72fc4e-cf62-49dc-a814-bf04f569c009::SEC=970120000005,2,23781,1.2938517419067956,0.016173146773834947,True,225.81842346266137,225.81842346266137,0.0,0.0,378.2188651275659,378.2188651275659,0.0,0.0,507.3008886042971,361.6418491276763,145.65903947662082,28.712553584789248,543.7641829215614,237.80092495573294,305.9632579658284,56.267637254431655,908.6867877267401,EX_021,D170,1,2,0,,0,0,,False,False,P2V2S_0044,PROPOSED_STOP,FIELD_CHECK_PENDING,PROPOSED_STOP/FIELD_CHECK_PENDING,DERIVED_GATE_D_BUS_ELIGIBLE,HYPOTHESIS_NOT_RECOMMENDATION,DASYMETRIC_BUILDING_SECTION_INTERSECTION_V2,ANALYSIS_ENVELOPE_PLUS_INHERITED_150M_SITING_BUFFER,False,DERIVED_FROM_REFERENCE_PERIOD_GTFS_PROXIMITY_NOT_CURRENT_SERVICE_GUARANTEE,150.0,220.0,55d726564e13acca55ce563cc911263ac513acb0,7c220f7586d0f6e5cccd14a2d518be52eb1c4a55,29203ad64c3e32e6164ef6997933eb5c5ff2d5b1,8a4608a60ecb367535814d965822e7502ae31eb9,097012,Calco,UNSPECIFIED,2173.0,1894.0,FACT_ISTAT_2021_WORK_COMMUTING_MUNICIPAL_ONLY_NOT_STOP_DEMAND
1465349145,service,missing_lanes|missing_maxheight|missing_maxweight|missing_maxwidth|missing_width,0,533802.3000518553,5063525.4560716385,9.43438890605695,45.724458748394774,BUILDING_GAP8:20230101_000000::RLB-8232b8c0-1589-4ce6-b9b9-abb21d5f7dae::SEC=970120000006|BUILDING_GAP8:20230101_000000::RLB-8a7b69da-503c-4589-b1e0-50c66261348d::SEC=970120000006|BUILDING_GAP8:20230101_000000::RLB-9b850f0b-69a5-4130-bfb5-f64c94594cab::SEC=970120000006|SETTLEMENT_GAP8:OSM_POINT_1620729044,4,24900,75.79179502534184,0.947397437816773,True,9.088457264864912,9.088457264864912,0.0,0.0,18.992099069084002,18.992099069084002,0.0,0.0,49.30351633288784,49.30351633288784,0.0,0.0,170.8570902494518,123.00914786212844,47.84794238732332,28.004657177214714,1417.907628480515,EX_020,D170,1,1,1,Grugana,0,0,,False,False,P2V2S_0045,PROPOSED_STOP,FIELD_CHECK_PENDING,PROPOSED_STOP/FIELD_CHECK_PENDING,DERIVED_GATE_D_BUS_ELIGIBLE,HYPOTHESIS_NOT_RECOMMENDATION,DASYMETRIC_BUILDING_SECTION_INTERSECTION_V2,ANALYSIS_ENVELOPE_PLUS_INHERITED_150M_SITING_BUFFER,False,DERIVED_FROM_REFERENCE_PERIOD_GTFS_PROXIMITY_NOT_CURRENT_SERVICE_GUARANTEE,150.0,220.0,55d726564e13acca55ce563cc911263ac513acb0,7c220f7586d0f6e5cccd14a2d518be52eb1c4a55,29203ad64c3e32e6164ef6997933eb5c5ff2d5b1,8a4608a60ecb367535814d965822e7502ae31eb9,097012,Calco,UNSPECIFIED,2173.0,1894.0,FACT_ISTAT_2021_WORK_COMMUTING_MUNICIPAL_ONLY_NOT_STOP_DEMAND
1465348932,service,missing_lanes|missing_maxheight|missing_maxweight|missing_maxwidth|missing_width,0,533059.8191122314,5063545.990805635,9.42484905006014,45.72467945000848,BUILDING_GAP8:20230101_000000::RLB-b599c46d-64be-4b28-8d3a-5201a1003160::SEC=970120000058|BUILDING_GAP8:20230101_000000::RLB-cd346ebc-f35b-49b5-8602-6a8c5dcdc9bc::SEC=970120000058|BUILDING_GAP8:20230101_000000::RLB-cd346ebc-f35b-49b5-8602-6a8c5dcdc9bc::SEC=970120000086|BUILDING_GAP8:20230101_000000::RLB-d423d935-d0fe-4d79-b1b4-d69ba17e2a60::SEC=970120000058|BUILDING_GAP8:20230101_000000::RLB-d423d935-d0fe-4d79-b1b4-d69ba17e2a60::SEC=970120000086,5,22652,9.350810209081734,0.11688512761352168,True,274.51500603393896,274.51500603393896,0.0,0.0,487.526472891431,487.526472891431,0.0,0.0,555.2087829611994,362.14435799518196,193.06442496601747,34.773301664341595,669.0045644786532,227.0135139482297,441.9910505304234,66.06697083970742,980.6177714398058,EX_021,D170,1,2,0,,0,0,,False,False,P2V2S_0046,PROPOSED_STOP,FIELD_CHECK_PENDING,PROPOSED_STOP/FIELD_CHECK_PENDING,DERIVED_GATE_D_BUS_ELIGIBLE,HYPOTHESIS_NOT_RECOMMENDATION,DASYMETRIC_BUILDING_SECTION_INTERSECTION_V2,ANALYSIS_ENVELOPE_PLUS_INHERITED_150M_SITING_BUFFER,False,DERIVED_FROM_REFERENCE_PERIOD_GTFS_PROXIMITY_NOT_CURRENT_SERVICE_GUARANTEE,150.0,220.0,55d726564e13acca55ce563cc911263ac513acb0,7c220f7586d0f6e5cccd14a2d518be52eb1c4a55,29203ad64c3e32e6164ef6997933eb5c5ff2d5b1,8a4608a60ecb367535814d965822e7502ae31eb9,097012,Calco,UNSPECIFIED,2173.0,1894.0,FACT_ISTAT_2021_WORK_COMMUTING_MUNICIPAL_ONLY_NOT_STOP_DEMAND
42281871,residential,missing_lanes|missing_maxheight|missing_maxweight|missing_maxwidth|missing_width,3,530969.4319767007,5063610.520895567,9.397990455431891,45.72535698970106,BUILDING_GAP8:20230101_000000::RLB-096b813f-fbf1-41dd-b59b-a91b8f4e5da5::SEC=970580000005|BUILDING_GAP8:20230101_000000::RLB-0a2036d1-1910-4e33-88e9-ed53e25211dd::SEC=970580000005|BUILDING_GAP8:20230101_000000::RLB-15051582-f18e-4ea6-8093-d4f8a4d83f8e::SEC=970580000005|BUILDING_GAP8:20230101_000000::RLB-21d5fa13-f054-4347-bc03-b6fe85de1bdb::SEC=970580000005|BUILDING_GAP8:20230101_000000::RLB-a1e1feba-bb69-4348-af70-c84c0bb5e599::SEC=970580000005|BUILDING_GAP8:20230101_000000::RLB-bfbe651e-b535-4917-8001-dc20d4fcad9a::SEC=970580000059|BUILDING_GAP8:20230101_000000::RLB-c26cf946-273a-4dc6-af87-1ef58a929c26::SEC=970580000005|BUILDING_GAP8:20230101_000000::RLB-dfabbca0-4c34-4169-a746-baf1e12e5bb5::SEC=970580000005|BUILDING_GAP8:20230101_000000::RLB-eae7760c-4db8-4ed8-8a31-cde599e63175::SEC=970580000005,9,16010,0.5988264393978294,0.007485330492472868,True,348.66997228581045,287.67415455110233,60.99581773470816,17.49385452806039,1618.2582441316158,695.6945653435861,922.5636787880297,57.00966963298819,2112.9877868507683,678.067304562635,1434.9204822881338,67.90954927509367,2762.601407846677,707.4695181532028,2055.1318896934745,74.39118375369819,526.6832269612057,EX_018,D148,1,0,0,,3,0,,False,False,P2V2S_0047,PROPOSED_STOP,FIELD_CHECK_PENDING,PROPOSED_STOP/FIELD_CHECK_PENDING,DERIVED_GATE_D_BUS_ELIGIBLE,HYPOTHESIS_NOT_RECOMMENDATION,DASYMETRIC_BUILDING_SECTION_INTERSECTION_V2,ANALYSIS_ENVELOPE_PLUS_INHERITED_150M_SITING_BUFFER,False,DERIVED_FROM_REFERENCE_PERIOD_GTFS_PROXIMITY_NOT_CURRENT_SERVICE_GUARANTEE,150.0,220.0,55d726564e13acca55ce563cc911263ac513acb0,7c220f7586d0f6e5cccd14a2d518be52eb1c4a55,29203ad64c3e32e6164ef6997933eb5c5ff2d5b1,8a4608a60ecb367535814d965822e7502ae31eb9,097058,Olgiate Molgora,UNSPECIFIED,2287.0,1961.0,FACT_ISTAT_2021_WORK_COMMUTING_MUNICIPAL_ONLY_NOT_STOP_DEMAND
1465349150,service,missing_lanes|missing_maxheight|missing_maxweight|missing_maxwidth|missing_width,0,533596.5437979437,5063610.603267008,9.431750739186652,45.72523514009614,BUILDING_GAP8:20230101_000000::RLB-180daa9d-3254-4740-9695-f38f49b55c6a::SEC=970120000006|BUILDING_GAP8:20230101_000000::RLB-7ac3849a-bb2d-4984-bec3-5db5cffbec7a::SEC=970120000006|BUILDING_GAP8:20230101_000000::RLB-7b8d23f9-1e16-48e7-bd05-7a7b30c9c958::SEC=970120000006,3,24212,11.310929205823928,0.1413866150727991,True,30.734918641839965,30.734918641839965,0.0,0.0,89.0818194847276,89.0818194847276,0.0,0.0,219.1646451039586,132.1973340455795,86.96731105837908,39.681268398526136,367.4065212920491,144.97905224528097,222.42746904676812,60.53988052921956,1408.56080521746,EX_021,D170,1,2,0,,0,0,,False,False,P2V2S_0048,PROPOSED_STOP,FIELD_CHECK_PENDING,PROPOSED_STOP/FIELD_CHECK_PENDING,DERIVED_GATE_D_BUS_ELIGIBLE,HYPOTHESIS_NOT_RECOMMENDATION,DASYMETRIC_BUILDING_SECTION_INTERSECTION_V2,ANALYSIS_ENVELOPE_PLUS_INHERITED_150M_SITING_BUFFER,False,DERIVED_FROM_REFERENCE_PERIOD_GTFS_PROXIMITY_NOT_CURRENT_SERVICE_GUARANTEE,150.0,220.0,55d726564e13acca55ce563cc911263ac513acb0,7c220f7586d0f6e5cccd14a2d518be52eb1c4a55,29203ad64c3e32e6164ef6997933eb5c5ff2d5b1,8a4608a60ecb367535814d965822e7502ae31eb9,097012,Calco,UNSPECIFIED,2173.0,1894.0,FACT_ISTAT_2021_WORK_COMMUTING_MUNICIPAL_ONLY_NOT_STOP_DEMAND
42779089,service,missing_lanes|missing_maxheight|missing_maxweight|missing_maxwidth|missing_width,2,528253.1599335548,5063626.529775984,9.363085118019214,45.72561734160787,BUILDING_GAP8:20230101_000000::RLB-0354b496-ad7b-46d3-b021-4478c06c7369::SEC=970920000031|BUILDING_GAP8:20230101_000000::RLB-3349a6a0-b78b-4693-8fd3-57422d17b26f::SEC=970920000031|BUILDING_GAP8:20230101_000000::RLB-581f7eac-2014-4640-9b99-ce070cc19994::SEC=970920000031|BUILDING_GAP8:20230101_000000::RLB-5829850a-12a3-4af4-9b75-64a213327545::SEC=970920000031|BUILDING_GAP8:20230101_000000::RLB-6496eca7-1f63-4eb2-a3b5-6a90f498e24b::SEC=970920000031|BUILDING_GAP8:20230101_000000::RLB-9094fb82-ac65-4b0d-9417-ba37114549a2::SEC=970920000031|BUILDING_GAP8:20230101_000000::RLB-fda68b70-cfe6-485e-8239-678087519eda::SEC=970920000031,7,4645,3.3175543674675545,0.04146942959334443,True,9.831645191729727,9.831645191729727,0.0,0.0,14.270815013478892,14.270815013478892,0.0,0.0,32.53306363940744,32.53306363940744,0.0,0.0,32.53306363940744,32.53306363940744,0.0,0.0,2190.742795749669,EX_027,D184,1,1,1,Pianello,0,0,,False,False,P2V2S_0049,PROPOSED_STOP,FIELD_CHECK_PENDING,PROPOSED_STOP/FIELD_CHECK_PENDING,DERIVED_GATE_D_BUS_ELIGIBLE,HYPOTHESIS_NOT_RECOMMENDATION,DASYMETRIC_BUILDING_SECTION_INTERSECTION_V2,ANALYSIS_ENVELOPE_PLUS_INHERITED_150M_SITING_BUFFER,False,DERIVED_FROM_REFERENCE_PERIOD_GTFS_PROXIMITY_NOT_CURRENT_SERVICE_GUARANTEE,150.0,220.0,55d726564e13acca55ce563cc911263ac513acb0,7c220f7586d0f6e5cccd14a2d518be52eb1c4a55,29203ad64c3e32e6164ef6997933eb5c5ff2d5b1,8a4608a60ecb367535814d965822e7502ae31eb9,097092,La Valletta Brianza,UNSPECIFIED,1796.0,1521.0,FACT_ISTAT_2021_WORK_COMMUTING_MUNICIPAL_ONLY_NOT_STOP_DEMAND
144080061,unclassified,missing_lanes|missing_maxheight|missing_maxweight|missing_maxwidth|missing_width,0,529085.2597965493,5063695.719571255,9.373782470974815,45.72620560751198,BUILDING_GAP8:20230101_000000::RLB-1a38876e-26ab-40ae-8428-0f2cdc30e5d2::SEC=970920000031|BUILDING_GAP8:20230101_000000::RLB-7a9545d7-776e-46dc-8b11-b028e463e0e9::SEC=970920000031,2,7724,10.301614045087945,0.12877017556359932,True,104.0649939025023,104.0649939025023,0.0,0.0,256.26427919269236,256.26427919269236,0.0,0.0,360.5476015943342,360.5476015943342,0.0,0.0,462.2020945577908,462.2020945577908,0.0,0.0,1724.2169675039092,EX_026,D184,1,3,3,Brugolone|Cereda|Monte,0,0,,False,False,P2V2S_0050,PROPOSED_STOP,FIELD_CHECK_PENDING,PROPOSED_STOP/FIELD_CHECK_PENDING,DERIVED_GATE_D_BUS_ELIGIBLE,HYPOTHESIS_NOT_RECOMMENDATION,DASYMETRIC_BUILDING_SECTION_INTERSECTION_V2,ANALYSIS_ENVELOPE_PLUS_INHERITED_150M_SITING_BUFFER,False,DERIVED_FROM_REFERENCE_PERIOD_GTFS_PROXIMITY_NOT_CURRENT_SERVICE_GUARANTEE,150.0,220.0,55d726564e13acca55ce563cc911263ac513acb0,7c220f7586d0f6e5cccd14a2d518be52eb1c4a55,29203ad64c3e32e6164ef6997933eb5c5ff2d5b1,8a4608a60ecb367535814d965822e7502ae31eb9,097092,La Valletta Brianza,UNSPECIFIED,1796.0,1521.0,FACT_ISTAT_2021_WORK_COMMUTING_MUNICIPAL_ONLY_NOT_STOP_DEMAND
1491885396,service,missing_lanes|missing_maxheight|missing_maxweight|missing_maxwidth|missing_width,0,529821.5872973049,5063720.055987407,9.38324649989747,45.72639330002165,BUILDING_GAP8:20230101_000000::RLB-10feb000-874f-47e6-b46d-a0b1689579b4::SEC=970920000004|BUILDING_GAP8:20230101_000000::RLB-649da778-3a3f-44b6-9af2-55cbe14d4550::SEC=970920000004,2,11242,10.691744724398339,0.13364680905497922,True,233.49886522853436,233.49886522853436,0.0,0.0,390.80892131322884,390.80892131322884,0.0,0.0,506.6031832751954,506.6031832751954,0.0,0.0,669.8907853888901,622.9071655792732,46.98361980961691,7.013623837554599,1461.6990891539256,EX_026,D184,1,1,1,Monte,0,0,,False,False,P2V2S_0051,PROPOSED_STOP,FIELD_CHECK_PENDING,PROPOSED_STOP/FIELD_CHECK_PENDING,DERIVED_GATE_D_BUS_ELIGIBLE,HYPOTHESIS_NOT_RECOMMENDATION,DASYMETRIC_BUILDING_SECTION_INTERSECTION_V2,ANALYSIS_ENVELOPE_PLUS_INHERITED_150M_SITING_BUFFER,False,DERIVED_FROM_REFERENCE_PERIOD_GTFS_PROXIMITY_NOT_CURRENT_SERVICE_GUARANTEE,150.0,220.0,55d726564e13acca55ce563cc911263ac513acb0,7c220f7586d0f6e5cccd14a2d518be52eb1c4a55,29203ad64c3e32e6164ef6997933eb5c5ff2d5b1,8a4608a60ecb367535814d965822e7502ae31eb9,097092,La Valletta Brianza,UNSPECIFIED,1796.0,1521.0,FACT_ISTAT_2021_WORK_COMMUTING_MUNICIPAL_ONLY_NOT_STOP_DEMAND
1491885417,service,missing_lanes|missing_maxheight|missing_maxweight|missing_maxwidth|missing_width,0,529355.4133057888,5063725.256917794,9.377256000093428,45.72646005001638,BUILDING_GAP8:20230101_000000::RLB-1040c809-b8b9-4c31-9bb8-08a905314ad4::SEC=970920000004|BUILDING_GAP8:20230101_000000::RLB-18a22c8c-b87f-4703-ad7c-fd58366697b2::SEC=970920000004|BUILDING_GAP8:20230101_000000::RLB-2d96c425-debf-4b34-a003-579dadc3caeb::SEC=970920000017|BUILDING_GAP8:20230101_000000::RLB-51fed38e-0935-4110-babc-174c6fccc80f::SEC=970920000004|BUILDING_GAP8:20230101_000000::RLB-80559198-ecfd-4d91-a8a2-9c50ca621145::SEC=970920000004|BUILDING_GAP8:20230101_000000::RLB-866febd8-01a7-447b-af35-3900dbc8f8be::SEC=970920000004|BUILDING_GAP8:20230101_000000::RLB-8dffee6c-cbe2-4b6e-a23e-46fa86beaff9::SEC=970920000004|BUILDING_GAP8:20230101_000000::RLB-9cd699f5-e9db-46b2-b245-e10427121926::SEC=970920000004|BUILDING_GAP8:20230101_000000::RLB-a4b5e522-0ac1-4398-b945-a4a864c36002::SEC=970920000004|BUILDING_GAP8:20230101_000000::RLB-a963e8f7-06d2-4511-a1ba-adc4dc558daf::SEC=970920000004|BUILDING_GAP8:20230101_000000::RLB-c05590c7-ce60-4314-bb23-956637095f4d::SEC=970920000017|BUILDING_GAP8:20230101_000000::RLB-c2a3a756-b5c9-453c-8099-601a33fb75b1::SEC=970920000004|BUILDING_GAP8:20230101_000000::RLB-e4a98dc0-aa05-4a9c-b43f-58a630d04bac::SEC=970920000004|BUILDING_GAP8:20230101_000000::RLB-f6047ee2-bd35-4aea-aa8d-b5e2e3a370cd::SEC=970920000004|BUILDING_GAP8:20230101_000000::RLB-fd41c74b-33d8-4be3-b5c3-665c2b329c8d::SEC=970920000004,15,9083,10.736441123950621,0.13420551404938277,True,268.4088750834939,268.4088750834939,0.0,0.0,389.4459336929597,389.4459336929597,0.0,0.0,455.24666399089585,455.24666399089585,0.0,0.0,485.67306372139444,485.67306372139444,0.0,0.0,1566.4295577835712,EX_026,D184,1,2,2,Brugolone|Monte,0,0,,False,False,P2V2S_0052,PROPOSED_STOP,FIELD_CHECK_PENDING,PROPOSED_STOP/FIELD_CHECK_PENDING,DERIVED_GATE_D_BUS_ELIGIBLE,HYPOTHESIS_NOT_RECOMMENDATION,DASYMETRIC_BUILDING_SECTION_INTERSECTION_V2,ANALYSIS_ENVELOPE_PLUS_INHERITED_150M_SITING_BUFFER,False,DERIVED_FROM_REFERENCE_PERIOD_GTFS_PROXIMITY_NOT_CURRENT_SERVICE_GUARANTEE,150.0,220.0,55d726564e13acca55ce563cc911263ac513acb0,7c220f7586d0f6e5cccd14a2d518be52eb1c4a55,29203ad64c3e32e6164ef6997933eb5c5ff2d5b1,8a4608a60ecb367535814d965822e7502ae31eb9,097092,La Valletta Brianza,UNSPECIFIED,1796.0,1521.0,FACT_ISTAT_2021_WORK_COMMUTING_MUNICIPAL_ONLY_NOT_STOP_DEMAND
220041700,unclassified,missing_lanes|missing_maxheight|missing_maxweight|missing_maxwidth,0,532672.3612899564,5063765.171340341,9.419884776206654,45.72667059882819,BUILDING_GAP8:20230101_000000::RLB-066aaadc-71c2-4ba7-9476-1af1371bcbf9::SEC=970120000003|BUILDING_GAP8:20230101_000000::RLB-2857513a-0e00-4126-a641-a9c764714a69::SEC=970120000003|BUILDING_GAP8:20230101_000000::RLB-591f3270-202e-4ac0-a4f0-61b67f38ad0b::SEC=970120000006,3,21573,9.474590314499533,0.11843237893124417,True,535.4446166023594,428.25324634068335,107.19137026167618,20.019133060269496,1099.5581411235657,313.1982898084367,786.359851315129,71.51598645903343,1506.693379473411,286.0284611684874,1220.6649183049237,81.01614667820111,1988.1599202870036,121.07828108330371,1867.0816392037002,93.91003309905649,519.1013148618596,EX_007,D185,1,2,0,,3,0,,False,False,P2V2S_0053,PROPOSED_STOP,FIELD_CHECK_PENDING,PROPOSED_STOP/FIELD_CHECK_PENDING,DERIVED_GATE_D_BUS_ELIGIBLE,HYPOTHESIS_NOT_RECOMMENDATION,DASYMETRIC_BUILDING_SECTION_INTERSECTION_V2,ANALYSIS_ENVELOPE_PLUS_INHERITED_150M_SITING_BUFFER,False,DERIVED_FROM_REFERENCE_PERIOD_GTFS_PROXIMITY_NOT_CURRENT_SERVICE_GUARANTEE,150.0,220.0,55d726564e13acca55ce563cc911263ac513acb0,7c220f7586d0f6e5cccd14a2d518be52eb1c4a55,29203ad64c3e32e6164ef6997933eb5c5ff2d5b1,8a4608a60ecb367535814d965822e7502ae31eb9,097012,Calco,UNSPECIFIED,2173.0,1894.0,FACT_ISTAT_2021_WORK_COMMUTING_MUNICIPAL_ONLY_NOT_STOP_DEMAND
1463998878,service,missing_lanes|missing_maxheight|missing_maxweight|missing_maxwidth|missing_width,0,531879.855600682,5063781.82321277,9.4097013499764,45.72685745000206,BUILDING_GAP8:20230101_000000::RLB-21fee35c-f331-4c85-82c6-252284eb1556::SEC=970120000052,1,19275,7.801173073735406,0.09751466342169257,True,777.1584126948567,182.16369215550367,594.994720539353,76.56028820123854,1518.80827279725,0.0,1518.80827279725,100.0,2203.6442625437635,11.854139605620375,2191.790122938143,99.46206655007299,3077.590109077649,6.001403668174433,3071.5887054094746,99.80499665467235,317.0222814554633,EX_019,D148|D185,2,1,0,,4,0,,False,False,P2V2S_0054,PROPOSED_STOP,FIELD_CHECK_PENDING,PROPOSED_STOP/FIELD_CHECK_PENDING,DERIVED_GATE_D_BUS_ELIGIBLE,HYPOTHESIS_NOT_RECOMMENDATION,DASYMETRIC_BUILDING_SECTION_INTERSECTION_V2,ANALYSIS_ENVELOPE_PLUS_INHERITED_150M_SITING_BUFFER,False,DERIVED_FROM_REFERENCE_PERIOD_GTFS_PROXIMITY_NOT_CURRENT_SERVICE_GUARANTEE,150.0,220.0,55d726564e13acca55ce563cc911263ac513acb0,7c220f7586d0f6e5cccd14a2d518be52eb1c4a55,29203ad64c3e32e6164ef6997933eb5c5ff2d5b1,8a4608a60ecb367535814d965822e7502ae31eb9,097012,Calco,UNSPECIFIED,2173.0,1894.0,FACT_ISTAT_2021_WORK_COMMUTING_MUNICIPAL_ONLY_NOT_STOP_DEMAND
223263774,unclassified,missing_lanes|missing_maxheight|missing_maxweight|missing_maxwidth|missing_width,1,534180.185558576,5063797.323483937,9.439264097729819,45.72688712865679,BUILDING_GAP8:20230101_000000::RLB-b54a72fc-81ee-4df4-be2b-3c464862cc12::SEC=970120000006,1,25696,44.3007081928,0.55375885241,True,253.5490773068941,125.50699149756053,128.04208580933357,50.499921817641756,646.1069839477161,177.96729126145732,468.13969268625874,72.45544535456395,997.4579532547418,121.37190789659573,876.086045358146,87.83187727356778,1215.622202602861,11.105801612801315,1204.5164009900598,99.08641010430527,505.4184004722543,EX_020,D170,1,0,0,,0,0,,False,False,P2V2S_0055,PROPOSED_STOP,FIELD_CHECK_PENDING,PROPOSED_STOP/FIELD_CHECK_PENDING,DERIVED_GATE_D_BUS_ELIGIBLE,HYPOTHESIS_NOT_RECOMMENDATION,DASYMETRIC_BUILDING_SECTION_INTERSECTION_V2,ANALYSIS_ENVELOPE_PLUS_INHERITED_150M_SITING_BUFFER,False,DERIVED_FROM_REFERENCE_PERIOD_GTFS_PROXIMITY_NOT_CURRENT_SERVICE_GUARANTEE,150.0,220.0,55d726564e13acca55ce563cc911263ac513acb0,7c220f7586d0f6e5cccd14a2d518be52eb1c4a55,29203ad64c3e32e6164ef6997933eb5c5ff2d5b1,8a4608a60ecb367535814d965822e7502ae31eb9,097012,Calco,UNSPECIFIED,2173.0,1894.0,FACT_ISTAT_2021_WORK_COMMUTING_MUNICIPAL_ONLY_NOT_STOP_DEMAND
190241836,residential,missing_lanes|missing_maxheight|missing_maxweight|missing_maxwidth|missing_width,2,530931.9794631582,5063857.2826247895,9.397524915641354,45.72757965908382,BUILDING_GAP8:20230101_000000::RLB-00067beb-5c37-4a4f-b127-81aef41a3734::SEC=970580000004|BUILDING_GAP8:20230101_000000::RLB-06dc2732-2f02-4275-86bd-3f04633ef3cf::SEC=970580000004|BUILDING_GAP8:20230101_000000::RLB-22ea9662-f1a1-43fd-9856-7676838e1391::SEC=970580000004|BUILDING_GAP8:20230101_000000::RLB-22ea9662-f1a1-43fd-9856-7676838e1391::SEC=970580000059|BUILDING_GAP8:20230101_000000::RLB-2c3cb11f-1ace-4e5b-b12e-353951ed6d86::SEC=970580000004|BUILDING_GAP8:20230101_000000::RLB-53826773-0935-4e93-8210-c72bad86f75d::SEC=970580000004|BUILDING_GAP8:20230101_000000::RLB-55d4dd3b-ccfa-45c8-89bd-ed90d1cfb270::SEC=970580000004|BUILDING_GAP8:20230101_000000::RLB-6535b6ae-2fa5-4774-abe9-8e87c506147b::SEC=970580000004|BUILDING_GAP8:20230101_000000::RLB-9b714c6a-4599-457e-b8c4-865378e0420e::SEC=970580000004|BUILDING_GAP8:20230101_000000::RLB-a36aba53-03af-4974-a5da-b53d03901863::SEC=970580000004|BUILDING_GAP8:20230101_000000::RLB-e1827d8e-84ee-4c45-8637-ccb792fa913e::SEC=970580000004,11,15910,1.8442181209958002,0.023052726512447504,True,93.44492620433188,78.99307876507218,14.451847439259687,15.465630961769367,328.12716423933796,60.34423434314819,267.7829298961898,81.60949749983737,1056.860188316554,28.93701736779666,1027.9231709487574,97.26198245636543,1461.2609383326062,9.249595375172515,1452.0113429574337,99.36701275367513,608.7378478497004,EX_018,D148,1,0,0,,2,0,,False,False,P2V2S_0056,PROPOSED_STOP,FIELD_CHECK_PENDING,PROPOSED_STOP/FIELD_CHECK_PENDING,DERIVED_GATE_D_BUS_ELIGIBLE,HYPOTHESIS_NOT_RECOMMENDATION,DASYMETRIC_BUILDING_SECTION_INTERSECTION_V2,ANALYSIS_ENVELOPE_PLUS_INHERITED_150M_SITING_BUFFER,False,DERIVED_FROM_REFERENCE_PERIOD_GTFS_PROXIMITY_NOT_CURRENT_SERVICE_GUARANTEE,150.0,220.0,55d726564e13acca55ce563cc911263ac513acb0,7c220f7586d0f6e5cccd14a2d518be52eb1c4a55,29203ad64c3e32e6164ef6997933eb5c5ff2d5b1,8a4608a60ecb367535814d965822e7502ae31eb9,097058,Olgiate Molgora,UNSPECIFIED,2287.0,1961.0,FACT_ISTAT_2021_WORK_COMMUTING_MUNICIPAL_ONLY_NOT_STOP_DEMAND
1430858456,service,missing_lanes|missing_maxheight|missing_maxweight|missing_maxwidth|missing_width,0,530113.5558119396,5063884.038083289,9.387008784311336,45.727856584776234,BUILDING_GAP8:20230101_000000::RLB-226484b8-cc80-4b3d-b7fb-41adf3582fbe::SEC=970920000017|BUILDING_GAP8:20230101_000000::RLB-82ca3282-1157-4b66-8b7a-43b089b8abd0::SEC=970920000009|BUILDING_GAP8:20230101_000000::RLB-8fc2d2dd-46ca-4e55-ac7c-542b131fccf7::SEC=970920000009|BUILDING_GAP8:20230101_000000::RLB-ab77047e-af49-460a-9165-18985d1dfd3c::SEC=970920000009|BUILDING_GAP8:20230101_000000::RLB-ed4f04d9-6c39-4fca-ae4f-9ec1a3b33f3d::SEC=970920000009,5,12294,1.2285090567327637,0.015356363209159545,True,15.552017941392354,15.552017941392354,0.0,0.0,15.552017941392354,15.552017941392354,0.0,0.0,24.632744442892555,24.632744442892555,0.0,0.0,26.075940945910432,26.075940945910432,0.0,0.0,2464.8574367067595,EX_023,D184,1,0,0,,0,0,,False,False,P2V2S_0057,PROPOSED_STOP,FIELD_CHECK_PENDING,PROPOSED_STOP/FIELD_CHECK_PENDING,DERIVED_GATE_D_BUS_ELIGIBLE,HYPOTHESIS_NOT_RECOMMENDATION,DASYMETRIC_BUILDING_SECTION_INTERSECTION_V2,ANALYSIS_ENVELOPE_PLUS_INHERITED_150M_SITING_BUFFER,False,DERIVED_FROM_REFERENCE_PERIOD_GTFS_PROXIMITY_NOT_CURRENT_SERVICE_GUARANTEE,150.0,220.0,55d726564e13acca55ce563cc911263ac513acb0,7c220f7586d0f6e5cccd14a2d518be52eb1c4a55,29203ad64c3e32e6164ef6997933eb5c5ff2d5b1,8a4608a60ecb367535814d965822e7502ae31eb9,097092,La Valletta Brianza,UNSPECIFIED,1796.0,1521.0,FACT_ISTAT_2021_WORK_COMMUTING_MUNICIPAL_ONLY_NOT_STOP_DEMAND
432726032,unclassified,missing_lanes|missing_maxheight|missing_maxweight|missing_maxwidth|missing_width,7,533858.687686061,5063915.102350947,9.435140743699606,45.727963009328015,BUILDING_GAP8:20230101_000000::RLB-02adcfbb-494c-42d2-b5ad-2c88d6b7ba58::SEC=970120000007|BUILDING_GAP8:20230101_000000::RLB-0a8e5061-4b66-403c-8ba7-d717f2ff070f::SEC=970120000007|BUILDING_GAP8:20230101_000000::RLB-0adb0692-d8cc-4016-b77d-0c9578a34315::SEC=970120000007|BUILDING_GAP8:20230101_000000::RLB-70b22f08-2f49-430d-a48e-3105909777a7::SEC=970120000007|BUILDING_GAP8:20230101_000000::RLB-d30a1121-3583-41b4-b9bb-7cbe34d14289::SEC=970120000007,5,24831,45.19430313947867,0.5649287892434833,True,11.632689155182483,11.632689155182483,0.0,0.0,233.74562203056718,153.22621012073907,80.51941190982811,34.447452410166854,395.54381915376905,96.12434052366132,299.41947863010773,75.69818162515828,650.424440754769,10.832597701268835,639.5918430535002,98.33453403308486,764.5049641245942,EX_020,D170,1,0,0,,0,0,,False,False,P2V2S_0058,PROPOSED_STOP,FIELD_CHECK_PENDING,PROPOSED_STOP/FIELD_CHECK_PENDING,DERIVED_GATE_D_BUS_ELIGIBLE,HYPOTHESIS_NOT_RECOMMENDATION,DASYMETRIC_BUILDING_SECTION_INTERSECTION_V2,ANALYSIS_ENVELOPE_PLUS_INHERITED_150M_SITING_BUFFER,False,DERIVED_FROM_REFERENCE_PERIOD_GTFS_PROXIMITY_NOT_CURRENT_SERVICE_GUARANTEE,150.0,220.0,55d726564e13acca55ce563cc911263ac513acb0,7c220f7586d0f6e5cccd14a2d518be52eb1c4a55,29203ad64c3e32e6164ef6997933eb5c5ff2d5b1,8a4608a60ecb367535814d965822e7502ae31eb9,097012,Calco,UNSPECIFIED,2173.0,1894.0,FACT_ISTAT_2021_WORK_COMMUTING_MUNICIPAL_ONLY_NOT_STOP_DEMAND
1491885420,service,missing_lanes|missing_maxheight|missing_maxweight|missing_maxwidth|missing_width,0,527952.2648585602,5063925.823988786,9.359235619616193,45.728323391821434,BUILDING_GAP8:20230101_000000::RLB-5aca6bea-c456-4756-ae1f-eeaf3e70291b::SEC=970920000031|BUILDING_GAP8:20230101_000000::RLB-8d76dd20-0704-49e8-89cc-98ef2bd09660::SEC=970920000031|BUILDING_GAP8:20230101_000000::RLB-946975e3-bf4d-4fa2-889e-340978ce5427::SEC=970920000031,3,3704,3.5007195183284967,0.04375899397910621,True,18.262248625928546,18.262248625928546,0.0,0.0,22.84371023935399,22.84371023935399,0.0,0.0,96.26272370985808,96.26272370985808,0.0,0.0,169.23453347835155,169.23453347835155,0.0,0.0,1793.1835277362268,EX_027,D184,1,1,1,Pianello,0,0,,False,False,P2V2S_0059,PROPOSED_STOP,FIELD_CHECK_PENDING,PROPOSED_STOP/FIELD_CHECK_PENDING,DERIVED_GATE_D_BUS_ELIGIBLE,HYPOTHESIS_NOT_RECOMMENDATION,DASYMETRIC_BUILDING_SECTION_INTERSECTION_V2,ANALYSIS_ENVELOPE_PLUS_INHERITED_150M_SITING_BUFFER,False,DERIVED_FROM_REFERENCE_PERIOD_GTFS_PROXIMITY_NOT_CURRENT_SERVICE_GUARANTEE,150.0,220.0,55d726564e13acca55ce563cc911263ac513acb0,7c220f7586d0f6e5cccd14a2d518be52eb1c4a55,29203ad64c3e32e6164ef6997933eb5c5ff2d5b1,8a4608a60ecb367535814d965822e7502ae31eb9,097092,La Valletta Brianza,UNSPECIFIED,1796.0,1521.0,FACT_ISTAT_2021_WORK_COMMUTING_MUNICIPAL_ONLY_NOT_STOP_DEMAND
655257727,unclassified,missing_lanes|missing_maxheight|missing_maxweight|missing_maxwidth|missing_width,1,534574.2268082855,5063969.432424171,9.444340218666824,45.728416614603994,BUILDING_GAP8:20230101_000000::RLB-4b47b8c3-94f7-4c38-bd15-7987033471ab::SEC=970120000007|BUILDING_GAP8:20230101_000000::RLB-8bdc276e-fac2-4eb4-af9f-eb4452d9c97d::SEC=970120000007,2,26919,5.2048340573026595,0.06506042571628325,True,73.81061087006466,73.81061087006466,0.0,0.0,450.2814606244338,81.9132122475622,368.3682483768716,81.80844218325845,637.7121126593541,34.38933697944002,603.3227756799142,94.60738845996961,994.7479811032629,35.83270454862157,958.9152765546412,96.39781077928099,681.7882832808884,EX_015,D150|D170,2,0,0,,0,0,,False,False,P2V2S_0060,PROPOSED_STOP,FIELD_CHECK_PENDING,PROPOSED_STOP/FIELD_CHECK_PENDING,DERIVED_GATE_D_BUS_ELIGIBLE,HYPOTHESIS_NOT_RECOMMENDATION,DASYMETRIC_BUILDING_SECTION_INTERSECTION_V2,ANALYSIS_ENVELOPE_PLUS_INHERITED_150M_SITING_BUFFER,False,DERIVED_FROM_REFERENCE_PERIOD_GTFS_PROXIMITY_NOT_CURRENT_SERVICE_GUARANTEE,150.0,220.0,55d726564e13acca55ce563cc911263ac513acb0,7c220f7586d0f6e5cccd14a2d518be52eb1c4a55,29203ad64c3e32e6164ef6997933eb5c5ff2d5b1,8a4608a60ecb367535814d965822e7502ae31eb9,097012,Calco,UNSPECIFIED,2173.0,1894.0,FACT_ISTAT_2021_WORK_COMMUTING_MUNICIPAL_ONLY_NOT_STOP_DEMAND
1491885385,service,missing_lanes|missing_maxheight|missing_maxweight|missing_maxwidth|missing_width,0,529707.913719564,5063973.202022794,9.381801200620966,45.72867665087143,BUILDING_GAP8:20230101_000000::RLB-0fe873b2-19c8-4c84-8455-b9a2398ebe85::SEC=970920000005|BUILDING_GAP8:20230101_000000::RLB-8329a9e4-7f24-4786-9db3-02eb5aedc256::SEC=970920000005,2,10730,16.541258685561107,0.20676573356951383,True,207.76367621402812,207.76367621402812,0.0,0.0,653.7492951065208,625.4489019540412,28.300393152479717,4.328936698565541,749.0912864352958,705.2622777859045,43.829008649391234,5.850956945175606,788.4799806772241,688.050609773607,100.42937090361717,12.737085704745294,994.9503359194604,EX_026,D184,1,2,2,Monte|Sara,0,0,,False,False,P2V2S_0061,PROPOSED_STOP,FIELD_CHECK_PENDING,PROPOSED_STOP/FIELD_CHECK_PENDING,DERIVED_GATE_D_BUS_ELIGIBLE,HYPOTHESIS_NOT_RECOMMENDATION,DASYMETRIC_BUILDING_SECTION_INTERSECTION_V2,ANALYSIS_ENVELOPE_PLUS_INHERITED_150M_SITING_BUFFER,False,DERIVED_FROM_REFERENCE_PERIOD_GTFS_PROXIMITY_NOT_CURRENT_SERVICE_GUARANTEE,150.0,220.0,55d726564e13acca55ce563cc911263ac513acb0,7c220f7586d0f6e5cccd14a2d518be52eb1c4a55,29203ad64c3e32e6164ef6997933eb5c5ff2d5b1,8a4608a60ecb367535814d965822e7502ae31eb9,097092,La Valletta Brianza,UNSPECIFIED,1796.0,1521.0,FACT_ISTAT_2021_WORK_COMMUTING_MUNICIPAL_ONLY_NOT_STOP_DEMAND
573583654,residential,missing_lanes|missing_maxheight|missing_maxweight|missing_maxwidth|missing_width,1,532828.907612581,5063973.636419612,9.421910682434689,45.728539484038606,BUILDING_GAP8:20230101_000000::RLB-2de4666c-1069-488b-8518-5375eb604546::SEC=970120000006|BUILDING_GAP8:20230101_000000::RLB-42393633-117c-4079-a822-cfeae7139763::SEC=970120000003|BUILDING_GAP8:20230101_000000::RLB-8d04725a-e30c-49b5-9f81-2d20c8a8200e::SEC=970120000003|BUILDING_GAP8:20230101_000000::RLB-941cc14d-5cb0-47ec-803d-af23cc568bd7::SEC=970120000006|BUILDING_GAP8:20230101_000000::RLB-b83bd735-3b39-47a6-99bf-fd53e587cf13::SEC=970120000006|BUILDING_GAP8:20230101_000000::RLB-d937f8e3-d4cb-4fec-9c1c-9ff6ce395192::SEC=970120000006|BUILDING_GAP8:20230101_000000::RLB-e35a02b1-bfe0-429d-94c5-2df9afdfa53c::SEC=970120000006|BUILDING_GAP8:20230101_000000::RLB-e3feb2c5-c5a8-4ba9-9419-e2a98d7b7518::SEC=970120000006,8,22017,6.624204299262689,0.08280255374078362,True,118.71280359241986,118.71280359241986,0.0,0.0,508.7031663789884,152.0108102718318,356.69235610715657,70.11797442625266,789.8023228359298,177.84006049081836,611.9622623451114,77.48296562964629,1132.5563488232115,70.78565329509614,1061.7706955281153,93.74992216778915,794.2003761672892,EX_007,D185,1,1,0,,2,0,,False,False,P2V2S_0062,PROPOSED_STOP,FIELD_CHECK_PENDING,PROPOSED_STOP/FIELD_CHECK_PENDING,DERIVED_GATE_D_BUS_ELIGIBLE,HYPOTHESIS_NOT_RECOMMENDATION,DASYMETRIC_BUILDING_SECTION_INTERSECTION_V2,ANALYSIS_ENVELOPE_PLUS_INHERITED_150M_SITING_BUFFER,False,DERIVED_FROM_REFERENCE_PERIOD_GTFS_PROXIMITY_NOT_CURRENT_SERVICE_GUARANTEE,150.0,220.0,55d726564e13acca55ce563cc911263ac513acb0,7c220f7586d0f6e5cccd14a2d518be52eb1c4a55,29203ad64c3e32e6164ef6997933eb5c5ff2d5b1,8a4608a60ecb367535814d965822e7502ae31eb9,097012,Calco,UNSPECIFIED,2173.0,1894.0,FACT_ISTAT_2021_WORK_COMMUTING_MUNICIPAL_ONLY_NOT_STOP_DEMAND
578724692,tertiary,missing_lanes|missing_maxheight|missing_maxweight|missing_maxwidth|missing_width,1,534333.4918831771,5064013.175645959,9.441249540333647,45.7288223160519,BUILDING_GAP8:20230101_000000::RLB-12d320a3-17e2-4ba8-a065-9a8bac809539::SEC=970120000006|BUILDING_GAP8:20230101_000000::RLB-12d320a3-17e2-4ba8-a065-9a8bac809539::SEC=970120000007|BUILDING_GAP8:20230101_000000::RLB-2bfc19ff-b54b-4d65-a4bc-d475e49bb24f::SEC=970120000007|BUILDING_GAP8:20230101_000000::RLB-3b9d8c0b-bac6-4663-97a3-919970f7b3f9::SEC=970120000007|BUILDING_GAP8:20230101_000000::RLB-3f177071-685e-481f-b216-61a57c77d373::SEC=970120000007|BUILDING_GAP8:20230101_000000::RLB-4f08402d-4906-4749-9eb2-36ae3c38103f::SEC=970120000007|BUILDING_GAP8:20230101_000000::RLB-88f19347-38ef-4963-be83-b9b07ff797ae::SEC=970120000007|BUILDING_GAP8:20230101_000000::RLB-8d909fb5-fb6c-43e2-8bbe-5fdee29419b4::SEC=970120000007|BUILDING_GAP8:20230101_000000::RLB-8ed8ead2-8ef4-46b4-b734-49a074397f65::SEC=970120000007|BUILDING_GAP8:20230101_000000::RLB-a4dc1e74-5e3a-4650-b757-eef89e3bb4df::SEC=970120000007|BUILDING_GAP8:20230101_000000::RLB-a696692c-8c66-419a-b0c3-ac6167c4884c::SEC=970120000007|BUILDING_GAP8:20230101_000000::RLB-b54a72fc-81ee-4df4-be2b-3c464862cc12::SEC=970120000006|BUILDING_GAP8:20230101_000000::RLB-dc0cc4ae-7265-4163-a72c-0420c31e4eca::SEC=970120000007|BUILDING_GAP8:20230101_000000::RLB-e68aab5d-6451-4dad-a614-9498236d5d83::SEC=970120000007|BUILDING_GAP8:20230101_000000::RLB-f64b1e85-c9ca-4299-8fbc-870fbbfdf5e7::SEC=970120000007,15,25930,17.375973910086486,0.21719967387608108,True,242.22410230974847,203.55213895855388,38.671963351194606,15.965365536474208,514.3179020037562,126.34000301590089,387.9778989878554,75.4354257311117,709.7294860656696,66.22053607459199,643.5089499910775,90.66960900248341,1134.6338207604217,40.38559440279913,1094.2482263576223,96.44064951494806,665.7430318164425,EX_015,D150|D170,2,0,0,,0,0,,False,False,P2V2S_0063,PROPOSED_STOP,FIELD_CHECK_PENDING,PROPOSED_STOP/FIELD_CHECK_PENDING,DERIVED_GATE_D_BUS_ELIGIBLE,HYPOTHESIS_NOT_RECOMMENDATION,DASYMETRIC_BUILDING_SECTION_INTERSECTION_V2,ANALYSIS_ENVELOPE_PLUS_INHERITED_150M_SITING_BUFFER,False,DERIVED_FROM_REFERENCE_PERIOD_GTFS_PROXIMITY_NOT_CURRENT_SERVICE_GUARANTEE,150.0,220.0,55d726564e13acca55ce563cc911263ac513acb0,7c220f7586d0f6e5cccd14a2d518be52eb1c4a55,29203ad64c3e32e6164ef6997933eb5c5ff2d5b1,8a4608a60ecb367535814d965822e7502ae31eb9,097012,Calco,UNSPECIFIED,2173.0,1894.0,FACT_ISTAT_2021_WORK_COMMUTING_MUNICIPAL_ONLY_NOT_STOP_DEMAND
1463441184,service,missing_lanes|missing_maxheight|missing_maxweight|missing_maxwidth|missing_width,0,529931.5691826824,5064033.597148471,9.38467925001104,45.72921060001815,BUILDING_GAP8:20230101_000000::RLB-0fcd24d3-ca84-46dc-b2a3-c5bdb4def9a6::SEC=970920000018|BUILDING_GAP8:20230101_000000::RLB-92e681fc-a0a9-4c73-96b7-5c6fc1302c55::SEC=970920000018,2,11682,5.124725981128961,0.06405907476411202,True,149.8596488696995,149.8596488696995,0.0,0.0,376.3193483802016,344.93304742992257,31.386300950278933,8.340336760619824,617.2797941647527,567.4049548342665,49.87483933048608,8.079778376347505,778.8971991608413,629.0321867418365,149.8650124190047,19.24066649366109,824.5472533046445,EX_023,D184,1,1,1,Sara,0,0,,False,False,P2V2S_0064,PROPOSED_STOP,FIELD_CHECK_PENDING,PROPOSED_STOP/FIELD_CHECK_PENDING,DERIVED_GATE_D_BUS_ELIGIBLE,HYPOTHESIS_NOT_RECOMMENDATION,DASYMETRIC_BUILDING_SECTION_INTERSECTION_V2,ANALYSIS_ENVELOPE_PLUS_INHERITED_150M_SITING_BUFFER,False,DERIVED_FROM_REFERENCE_PERIOD_GTFS_PROXIMITY_NOT_CURRENT_SERVICE_GUARANTEE,150.0,220.0,55d726564e13acca55ce563cc911263ac513acb0,7c220f7586d0f6e5cccd14a2d518be52eb1c4a55,29203ad64c3e32e6164ef6997933eb5c5ff2d5b1,8a4608a60ecb367535814d965822e7502ae31eb9,097092,La Valletta Brianza,UNSPECIFIED,1796.0,1521.0,FACT_ISTAT_2021_WORK_COMMUTING_MUNICIPAL_ONLY_NOT_STOP_DEMAND
1462825408,service,missing_lanes|missing_maxheight|missing_maxweight|missing_maxwidth|missing_width,0,527670.5329953654,5064043.803477273,9.355621680534416,45.72939660490464,BUILDING_GAP8:20230101_000000::RLB-06f5c57a-1e80-431d-9b41-468f8a5d6db0::SEC=970920000030|BUILDING_GAP8:20230101_000000::RLB-09b3ba4d-0391-4df4-87e8-25df60401c95::SEC=970920000030|BUILDING_GAP8:20230101_000000::RLB-fcfef620-64c7-4f16-9b7b-f2c9c6512d62::SEC=970920000030,3,2935,4.280563683668908,0.05350704604586135,True,6.140831718408795,6.140831718408795,0.0,0.0,22.784536667618678,22.784536667618678,0.0,0.0,78.00419651531422,78.00419651531422,0.0,0.0,125.17033734310628,125.17033734310628,0.0,0.0,2152.5813437389393,EX_027,D184,1,2,2,Bernaga inferiore|Pianello,0,0,,False,False,P2V2S_0065,PROPOSED_STOP,FIELD_CHECK_PENDING,PROPOSED_STOP/FIELD_CHECK_PENDING,DERIVED_GATE_D_BUS_ELIGIBLE,HYPOTHESIS_NOT_RECOMMENDATION,DASYMETRIC_BUILDING_SECTION_INTERSECTION_V2,ANALYSIS_ENVELOPE_PLUS_INHERITED_150M_SITING_BUFFER,False,DERIVED_FROM_REFERENCE_PERIOD_GTFS_PROXIMITY_NOT_CURRENT_SERVICE_GUARANTEE,150.0,220.0,55d726564e13acca55ce563cc911263ac513acb0,7c220f7586d0f6e5cccd14a2d518be52eb1c4a55,29203ad64c3e32e6164ef6997933eb5c5ff2d5b1,8a4608a60ecb367535814d965822e7502ae31eb9,097092,La Valletta Brianza,UNSPECIFIED,1796.0,1521.0,FACT_ISTAT_2021_WORK_COMMUTING_MUNICIPAL_ONLY_NOT_STOP_DEMAND
689416882,residential,missing_lanes|missing_maxheight|missing_maxweight|missing_maxwidth|missing_width,0,529448.3318566877,5064085.391694362,9.378471990939886,45.72969752205537,BUILDING_GAP8:20230101_000000::RLB-6462c481-d09c-4f63-a112-5b63b98f196c::SEC=970920000005|BUILDING_GAP8:20230101_000000::RLB-ca7a8898-3271-4d07-b9b5-7e8a01915369::SEC=970920000005|BUILDING_GAP8:20230101_000000::RLB-dfe5f996-fcba-4035-8901-21d71ab9b05a::SEC=970920000005|BUILDING_GAP8:20230101_000000::RLB-ec3ce5d1-5f92-4d33-955b-fe441d30cffe::SEC=970920000005|SETTLEMENT_GAP8:OSM_POINT_2101402497,5,9517,14.69525614919651,0.18369070186495637,True,218.46503562953063,218.46503562953063,0.0,0.0,325.2260203608761,325.2260203608761,0.0,0.0,574.5696173584183,458.057391078992,116.51222627942633,20.278173916520483,1175.2532244657232,661.7312891836824,513.5219352820408,43.694577865590695,1098.2416814644034,EX_026,D184,1,1,1,Sara,0,0,,False,False,P2V2S_0066,PROPOSED_STOP,FIELD_CHECK_PENDING,PROPOSED_STOP/FIELD_CHECK_PENDING,DERIVED_GATE_D_BUS_ELIGIBLE,HYPOTHESIS_NOT_RECOMMENDATION,DASYMETRIC_BUILDING_SECTION_INTERSECTION_V2,ANALYSIS_ENVELOPE_PLUS_INHERITED_150M_SITING_BUFFER,False,DERIVED_FROM_REFERENCE_PERIOD_GTFS_PROXIMITY_NOT_CURRENT_SERVICE_GUARANTEE,150.0,220.0,55d726564e13acca55ce563cc911263ac513acb0,7c220f7586d0f6e5cccd14a2d518be52eb1c4a55,29203ad64c3e32e6164ef6997933eb5c5ff2d5b1,8a4608a60ecb367535814d965822e7502ae31eb9,097092,La Valletta Brianza,UNSPECIFIED,1796.0,1521.0,FACT_ISTAT_2021_WORK_COMMUTING_MUNICIPAL_ONLY_NOT_STOP_DEMAND
432726032,unclassified,missing_lanes|missing_maxheight|missing_maxweight|missing_maxwidth|missing_width,4,533446.4438149077,5064089.306096367,9.429854899027529,45.72955098842902,BUILDING_GAP8:20230101_000000::RLB-7ff68a81-8cda-450d-b546-f2fe37892e6a::SEC=970100000027|BUILDING_GAP8:20230101_000000::RLB-c530e3e2-a8c6-430b-b71a-05a6cd477b75::SEC=970100000027,2,23916,24.42238386441041,0.30527979830513013,True,7.671746282592557,7.671746282592557,0.0,0.0,101.43864060316761,101.43864060316761,0.0,0.0,210.76099244584725,96.12434052366132,114.63665192218589,54.39177837978749,267.34414244795454,10.832597701268835,256.51154474668573,95.9480699288642,1124.1163578454496,EX_020,D170,1,0,0,,0,0,,False,False,P2V2S_0067,PROPOSED_STOP,FIELD_CHECK_PENDING,PROPOSED_STOP/FIELD_CHECK_PENDING,DERIVED_GATE_D_BUS_ELIGIBLE,HYPOTHESIS_NOT_RECOMMENDATION,DASYMETRIC_BUILDING_SECTION_INTERSECTION_V2,ANALYSIS_ENVELOPE_PLUS_INHERITED_150M_SITING_BUFFER,False,DERIVED_FROM_REFERENCE_PERIOD_GTFS_PROXIMITY_NOT_CURRENT_SERVICE_GUARANTEE,150.0,220.0,55d726564e13acca55ce563cc911263ac513acb0,7c220f7586d0f6e5cccd14a2d518be52eb1c4a55,29203ad64c3e32e6164ef6997933eb5c5ff2d5b1,8a4608a60ecb367535814d965822e7502ae31eb9,097010,Brivio,UNSPECIFIED,1662.0,1339.0,FACT_ISTAT_2021_WORK_COMMUTING_MUNICIPAL_ONLY_NOT_STOP_DEMAND
170953547,unclassified,missing_lanes|missing_maxheight|missing_maxweight|missing_maxwidth|missing_width,0,528987.6896651047,5064106.898128825,9.372553200010687,45.729910550001826,BUILDING_GAP8:20230101_000000::RLB-dc370a60-364e-4a16-8c18-cd2030b3c9be::SEC=970920000031,1,7382,3.6599756938283416,0.04574969617285427,True,24.83682651278936,24.83682651278936,0.0,0.0,39.29608801389826,39.29608801389826,0.0,0.0,119.27826572518646,119.27826572518646,0.0,0.0,300.59068883730106,224.22542774323813,76.36526109406294,25.405065402873046,1416.331688180895,EX_042,D184,1,2,2,Brugolone|Cereda,0,0,,False,False,P2V2S_0068,PROPOSED_STOP,FIELD_CHECK_PENDING,PROPOSED_STOP/FIELD_CHECK_PENDING,DERIVED_GATE_D_BUS_ELIGIBLE,HYPOTHESIS_NOT_RECOMMENDATION,DASYMETRIC_BUILDING_SECTION_INTERSECTION_V2,ANALYSIS_ENVELOPE_PLUS_INHERITED_150M_SITING_BUFFER,False,DERIVED_FROM_REFERENCE_PERIOD_GTFS_PROXIMITY_NOT_CURRENT_SERVICE_GUARANTEE,150.0,220.0,55d726564e13acca55ce563cc911263ac513acb0,7c220f7586d0f6e5cccd14a2d518be52eb1c4a55,29203ad64c3e32e6164ef6997933eb5c5ff2d5b1,8a4608a60ecb367535814d965822e7502ae31eb9,097092,La Valletta Brianza,UNSPECIFIED,1796.0,1521.0,FACT_ISTAT_2021_WORK_COMMUTING_MUNICIPAL_ONLY_NOT_STOP_DEMAND
143413508,unclassified,missing_lanes|missing_maxheight|missing_maxweight|missing_maxwidth|missing_width,0,527238.6716239806,5064135.3899638895,9.350076653516496,45.73023807928143,BUILDING_GAP8:20230101_000000::RLB-4c16d9f0-fdcb-4044-966e-0ce44f2a3432::SEC=970920000030,1,2150,1.8188270072316135,0.022735337590395168,True,3.6229628001020053,3.6229628001020053,0.0,0.0,9.68583307939243,9.68583307939243,0.0,0.0,36.90103979690397,36.90103979690397,0.0,0.0,83.79661891619384,83.79661891619384,0.0,0.0,2393.8676790545073,EX_027,D184,1,0,0,,0,0,,False,False,P2V2S_0069,PROPOSED_STOP,FIELD_CHECK_PENDING,PROPOSED_STOP/FIELD_CHECK_PENDING,DERIVED_GATE_D_BUS_ELIGIBLE,HYPOTHESIS_NOT_RECOMMENDATION,DASYMETRIC_BUILDING_SECTION_INTERSECTION_V2,ANALYSIS_ENVELOPE_PLUS_INHERITED_150M_SITING_BUFFER,False,DERIVED_FROM_REFERENCE_PERIOD_GTFS_PROXIMITY_NOT_CURRENT_SERVICE_GUARANTEE,150.0,220.0,55d726564e13acca55ce563cc911263ac513acb0,7c220f7586d0f6e5cccd14a2d518be52eb1c4a55,29203ad64c3e32e6164ef6997933eb5c5ff2d5b1,8a4608a60ecb367535814d965822e7502ae31eb9,097092,La Valletta Brianza,UNSPECIFIED,1796.0,1521.0,FACT_ISTAT_2021_WORK_COMMUTING_MUNICIPAL_ONLY_NOT_STOP_DEMAND
1463993525,service,missing_lanes|missing_maxheight|missing_maxweight|missing_maxwidth|missing_width,0,532323.5975199663,5064173.7892986275,9.415430064831492,45.7303647637178,BUILDING_GAP8:20230101_000000::RLB-0c070516-fae0-42c7-bd85-e059db28f00a::SEC=970120000053|BUILDING_GAP8:20230101_000000::RLB-292e69cd-1443-43a3-9d0a-5ba25b2ad1a0::SEC=970120000053|BUILDING_GAP8:20230101_000000::RLB-5197fd8a-d799-49bc-a88b-38895f5967a1::SEC=970120000053|BUILDING_GAP8:20230101_000000::RLB-74a3dadd-af7b-4d49-ad3f-022a2657e82f::SEC=970120000053|BUILDING_GAP8:20230101_000000::RLB-a2b2d1a7-7928-4bf2-9389-60fd755b2264::SEC=970120000067|BUILDING_GAP8:20230101_000000::RLB-eab04043-875f-4e0e-b66b-23697055606c::SEC=970120000053,6,20538,5.1935864900025335,0.06491983112503166,True,275.9513902066114,275.9513902066114,0.0,0.0,318.05694967483214,296.683293054965,21.37365661986705,6.720072188870127,418.32146299786115,298.2949426914792,120.02652030638194,28.692412635541874,616.5470299013217,98.63470035012789,517.9123295511938,84.00208004149913,940.4460683872717,EX_016,D185,1,0,0,,0,0,,False,False,P2V2S_0070,PROPOSED_STOP,FIELD_CHECK_PENDING,PROPOSED_STOP/FIELD_CHECK_PENDING,DERIVED_GATE_D_BUS_ELIGIBLE,HYPOTHESIS_NOT_RECOMMENDATION,DASYMETRIC_BUILDING_SECTION_INTERSECTION_V2,ANALYSIS_ENVELOPE_PLUS_INHERITED_150M_SITING_BUFFER,False,DERIVED_FROM_REFERENCE_PERIOD_GTFS_PROXIMITY_NOT_CURRENT_SERVICE_GUARANTEE,150.0,220.0,55d726564e13acca55ce563cc911263ac513acb0,7c220f7586d0f6e5cccd14a2d518be52eb1c4a55,29203ad64c3e32e6164ef6997933eb5c5ff2d5b1,8a4608a60ecb367535814d965822e7502ae31eb9,097012,Calco,UNSPECIFIED,2173.0,1894.0,FACT_ISTAT_2021_WORK_COMMUTING_MUNICIPAL_ONLY_NOT_STOP_DEMAND
170953544,residential,missing_lanes|missing_maxheight|missing_maxweight|missing_maxwidth|missing_width,0,528683.5743611,5064177.826626003,9.368648956273327,45.73056162576342,BUILDING_GAP8:20230101_000000::RLB-09a956f6-9f82-4089-bb28-70f600880492::SEC=970920000026|BUILDING_GAP8:20230101_000000::RLB-3f02f74c-d891-4da2-ae28-3b24c580c4ca::SEC=970920000026|BUILDING_GAP8:20230101_000000::RLB-65583c8a-e387-474a-ac47-945a725d1035::SEC=970920000026|BUILDING_GAP8:20230101_000000::RLB-6695d3f5-2adf-4484-a2f5-27609fc6e649::SEC=970920000026|BUILDING_GAP8:20230101_000000::RLB-a4dea2ac-8837-4c1d-8d36-fda57ca75086::SEC=970920000026|SETTLEMENT_GAP8:OSM_POINT_2101402495,6,5993,0.2507435367460028,0.003134294209325035,True,28.07235142118863,28.07235142118863,0.0,0.0,29.675444290958165,29.675444290958165,0.0,0.0,29.675444290958165,29.675444290958165,0.0,0.0,59.025516271938024,52.983861365281925,6.041654906656099,10.23566634948423,1303.4594992984328,EX_042,D184,1,1,1,Cereda,0,0,,False,False,P2V2S_0071,PROPOSED_STOP,FIELD_CHECK_PENDING,PROPOSED_STOP/FIELD_CHECK_PENDING,DERIVED_GATE_D_BUS_ELIGIBLE,HYPOTHESIS_NOT_RECOMMENDATION,DASYMETRIC_BUILDING_SECTION_INTERSECTION_V2,ANALYSIS_ENVELOPE_PLUS_INHERITED_150M_SITING_BUFFER,False,DERIVED_FROM_REFERENCE_PERIOD_GTFS_PROXIMITY_NOT_CURRENT_SERVICE_GUARANTEE,150.0,220.0,55d726564e13acca55ce563cc911263ac513acb0,7c220f7586d0f6e5cccd14a2d518be52eb1c4a55,29203ad64c3e32e6164ef6997933eb5c5ff2d5b1,8a4608a60ecb367535814d965822e7502ae31eb9,097092,La Valletta Brianza,UNSPECIFIED,1796.0,1521.0,FACT_ISTAT_2021_WORK_COMMUTING_MUNICIPAL_ONLY_NOT_STOP_DEMAND
1430856285,service,missing_lanes|missing_maxheight|missing_maxweight|missing_maxwidth|missing_width,1,529739.4284890974,5064191.552196834,9.382219618671598,45.730640573084244,BUILDING_GAP8:20230101_000000::RLB-76474044-70ec-4d14-9987-ed9ad335d1f1::SEC=970920000017,1,10863,4.909217108442978,0.061365213855537226,True,197.725029374663,197.725029374663,0.0,0.0,309.0822604953391,291.08725546337865,17.995005031960407,5.822076298756644,481.01792054333055,438.3911499286484,42.6267706146821,8.861784310766078,770.4320687432786,618.2762485242258,152.1558202190528,19.749414178364606,1071.524613474917,EX_026,D184,1,1,1,Sara,0,0,,False,False,P2V2S_0072,PROPOSED_STOP,FIELD_CHECK_PENDING,PROPOSED_STOP/FIELD_CHECK_PENDING,DERIVED_GATE_D_BUS_ELIGIBLE,HYPOTHESIS_NOT_RECOMMENDATION,DASYMETRIC_BUILDING_SECTION_INTERSECTION_V2,ANALYSIS_ENVELOPE_PLUS_INHERITED_150M_SITING_BUFFER,False,DERIVED_FROM_REFERENCE_PERIOD_GTFS_PROXIMITY_NOT_CURRENT_SERVICE_GUARANTEE,150.0,220.0,55d726564e13acca55ce563cc911263ac513acb0,7c220f7586d0f6e5cccd14a2d518be52eb1c4a55,29203ad64c3e32e6164ef6997933eb5c5ff2d5b1,8a4608a60ecb367535814d965822e7502ae31eb9,097092,La Valletta Brianza,UNSPECIFIED,1796.0,1521.0,FACT_ISTAT_2021_WORK_COMMUTING_MUNICIPAL_ONLY_NOT_STOP_DEMAND
240048815,residential,missing_lanes|missing_maxheight|missing_maxweight|missing_maxwidth|missing_width,0,531209.194639659,5064254.583511066,9.401113077189176,45.731143135208505,BUILDING_GAP8:20230101_000000::RLB-81cb27c2-3532-494f-b488-b62b965105c2::SEC=970580000025,1,16992,45.507081649148155,0.5688385206143519,True,90.55681689552891,61.57921141532311,28.977605480205792,31.999364016555347,522.8250556230142,5.304379565577135,517.5206760574372,98.9854389133558,1172.3203981420886,8.429702748050481,1163.8906953940382,99.28093866135828,1888.8415579977818,0.0,1888.8415579977818,100.0,627.719990382477,EX_039,D184|D185,2,1,0,,4,0,,False,False,P2V2S_0073,PROPOSED_STOP,FIELD_CHECK_PENDING,PROPOSED_STOP/FIELD_CHECK_PENDING,DERIVED_GATE_D_BUS_ELIGIBLE,HYPOTHESIS_NOT_RECOMMENDATION,DASYMETRIC_BUILDING_SECTION_INTERSECTION_V2,ANALYSIS_ENVELOPE_PLUS_INHERITED_150M_SITING_BUFFER,False,DERIVED_FROM_REFERENCE_PERIOD_GTFS_PROXIMITY_NOT_CURRENT_SERVICE_GUARANTEE,150.0,220.0,55d726564e13acca55ce563cc911263ac513acb0,7c220f7586d0f6e5cccd14a2d518be52eb1c4a55,29203ad64c3e32e6164ef6997933eb5c5ff2d5b1,8a4608a60ecb367535814d965822e7502ae31eb9,097058,Olgiate Molgora,UNSPECIFIED,2287.0,1961.0,FACT_ISTAT_2021_WORK_COMMUTING_MUNICIPAL_ONLY_NOT_STOP_DEMAND
173720410,unclassified,missing_maxheight|missing_maxweight|missing_maxwidth|missing_width,0,529161.145393105,5064269.335398886,9.374792204074899,45.731365288477136,BUILDING_GAP8:20230101_000000::RLB-c8b4bae1-d491-4e6c-a0f1-9cf02489bc15::SEC=970920000017,1,7979,38.45092894632663,0.48063661182908285,True,174.25932722694168,174.25932722694168,0.0,0.0,515.175654724959,438.26592659203453,76.90972813292454,14.928835908207844,758.8961718468282,394.58067210310236,364.31549974372587,48.00597410540865,902.8399601814126,446.8364414186596,456.0035187627531,50.50768008442225,999.7688572223338,EX_042,D184,1,2,2,Crescenzaga|Sara,0,0,,False,False,P2V2S_0074,PROPOSED_STOP,FIELD_CHECK_PENDING,PROPOSED_STOP/FIELD_CHECK_PENDING,DERIVED_GATE_D_BUS_ELIGIBLE,HYPOTHESIS_NOT_RECOMMENDATION,DASYMETRIC_BUILDING_SECTION_INTERSECTION_V2,ANALYSIS_ENVELOPE_PLUS_INHERITED_150M_SITING_BUFFER,False,DERIVED_FROM_REFERENCE_PERIOD_GTFS_PROXIMITY_NOT_CURRENT_SERVICE_GUARANTEE,150.0,220.0,55d726564e13acca55ce563cc911263ac513acb0,7c220f7586d0f6e5cccd14a2d518be52eb1c4a55,29203ad64c3e32e6164ef6997933eb5c5ff2d5b1,8a4608a60ecb367535814d965822e7502ae31eb9,097092,La Valletta Brianza,UNSPECIFIED,1796.0,1521.0,FACT_ISTAT_2021_WORK_COMMUTING_MUNICIPAL_ONLY_NOT_STOP_DEMAND
704864561,primary,missing_maxheight|missing_maxweight|missing_maxwidth|missing_width,0,532645.9728827913,5064281.769495768,9.419580470317916,45.73132150263037,BUILDING_GAP8:20230101_000000::RLB-8e7d13f4-16db-480a-b237-7663ab64a374::SEC=970120000004|BUILDING_GAP8:20230101_000000::RLB-c141efc2-5ffc-44dc-952f-bd02e2cd5361::SEC=970120000067|BUILDING_GAP8:20230101_000000::RLB-e14a277d-b081-40b9-a331-d42c5b99599d::SEC=970120000004,3,21512,8.564075333136158,0.10705094166420197,True,232.17344358363556,149.11927853097686,83.05416505265869,35.77246552004566,467.52729907435946,176.8634649520469,290.6638341223126,62.17045179988153,960.6958303309516,356.38700544539466,604.3088248855571,62.903242192419825,1641.390060301826,98.63470035012789,1542.7553599516982,93.99078240232609,283.50410225375254,EX_016,D185,1,1,0,,0,0,,False,False,P2V2S_0075,PROPOSED_STOP,FIELD_CHECK_PENDING,PROPOSED_STOP/FIELD_CHECK_PENDING,DERIVED_GATE_D_BUS_ELIGIBLE,HYPOTHESIS_NOT_RECOMMENDATION,DASYMETRIC_BUILDING_SECTION_INTERSECTION_V2,ANALYSIS_ENVELOPE_PLUS_INHERITED_150M_SITING_BUFFER,True,DERIVED_FROM_REFERENCE_PERIOD_GTFS_PROXIMITY_NOT_CURRENT_SERVICE_GUARANTEE,150.0,220.0,55d726564e13acca55ce563cc911263ac513acb0,7c220f7586d0f6e5cccd14a2d518be52eb1c4a55,29203ad64c3e32e6164ef6997933eb5c5ff2d5b1,8a4608a60ecb367535814d965822e7502ae31eb9,097012,Calco,UNSPECIFIED,2173.0,1894.0,FACT_ISTAT_2021_WORK_COMMUTING_MUNICIPAL_ONLY_NOT_STOP_DEMAND
173605021,unclassified,missing_lanes|missing_maxheight|missing_maxweight|missing_maxwidth|missing_width,0,528202.6370774077,5064292.489858343,9.36247462377166,45.7316134390737,BUILDING_GAP8:20230101_000000::RLB-d0ddda70-1744-4533-a613-17a0b8493371::SEC=970920000030,1,4503,11.163363716723008,0.13954204645903762,True,29.318848176209844,29.318848176209844,0.0,0.0,81.05091766262518,81.05091766262518,0.0,0.0,113.68670992233362,113.68670992233362,0.0,0.0,207.039970900769,207.039970900769,0.0,0.0,1422.8291741281957,EX_042,D184,1,3,3,Bernaga inferiore|Campo|Pianello,0,0,,False,False,P2V2S_0076,PROPOSED_STOP,FIELD_CHECK_PENDING,PROPOSED_STOP/FIELD_CHECK_PENDING,DERIVED_GATE_D_BUS_ELIGIBLE,HYPOTHESIS_NOT_RECOMMENDATION,DASYMETRIC_BUILDING_SECTION_INTERSECTION_V2,ANALYSIS_ENVELOPE_PLUS_INHERITED_150M_SITING_BUFFER,False,DERIVED_FROM_REFERENCE_PERIOD_GTFS_PROXIMITY_NOT_CURRENT_SERVICE_GUARANTEE,150.0,220.0,55d726564e13acca55ce563cc911263ac513acb0,7c220f7586d0f6e5cccd14a2d518be52eb1c4a55,29203ad64c3e32e6164ef6997933eb5c5ff2d5b1,8a4608a60ecb367535814d965822e7502ae31eb9,097092,La Valletta Brianza,UNSPECIFIED,1796.0,1521.0,FACT_ISTAT_2021_WORK_COMMUTING_MUNICIPAL_ONLY_NOT_STOP_DEMAND
1036605484,service,missing_lanes|missing_maxheight|missing_maxweight|missing_maxwidth|missing_width,0,534386.6920533016,5064295.621098136,9.441953290737597,45.731361824728616,BUILDING_GAP8:20230101_000000::RLB-170f4961-8bc5-46ad-8c3b-b1b70961159c::SEC=970100000003|BUILDING_GAP8:20230101_000000::RLB-2191ef49-6381-4aad-a281-86266780539a::SEC=970100000003|BUILDING_GAP8:20230101_000000::RLB-6fc274c2-d130-4308-961d-fb74495e12a1::SEC=970100000003|BUILDING_GAP8:20230101_000000::RLB-8e2ad0c3-5da5-4a2e-a100-965d2383acf0::SEC=970100000003|BUILDING_GAP8:20230101_000000::RLB-ba169259-e570-4953-9926-2efd5f79682f::SEC=970100000003,5,26137,6.249560841688256,0.07811951052110319,True,99.2638801757113,99.2638801757113,0.0,0.0,196.31118131943623,137.34835573261893,58.96282558681729,30.035388300615125,481.38687667544593,84.77892275140067,396.60795392404526,82.38860948248093,731.3079324074371,40.38559440279913,690.9223380046378,94.47762117527544,951.3089527698967,EX_015,D150|D170,2,0,0,,0,0,,False,False,P2V2S_0077,PROPOSED_STOP,FIELD_CHECK_PENDING,PROPOSED_STOP/FIELD_CHECK_PENDING,DERIVED_GATE_D_BUS_ELIGIBLE,HYPOTHESIS_NOT_RECOMMENDATION,DASYMETRIC_BUILDING_SECTION_INTERSECTION_V2,ANALYSIS_ENVELOPE_PLUS_INHERITED_150M_SITING_BUFFER,False,DERIVED_FROM_REFERENCE_PERIOD_GTFS_PROXIMITY_NOT_CURRENT_SERVICE_GUARANTEE,150.0,220.0,55d726564e13acca55ce563cc911263ac513acb0,7c220f7586d0f6e5cccd14a2d518be52eb1c4a55,29203ad64c3e32e6164ef6997933eb5c5ff2d5b1,8a4608a60ecb367535814d965822e7502ae31eb9,097010,Brivio,UNSPECIFIED,1662.0,1339.0,FACT_ISTAT_2021_WORK_COMMUTING_MUNICIPAL_ONLY_NOT_STOP_DEMAND
68633659,unclassified,missing_maxheight|missing_maxweight|missing_maxwidth|missing_width,0,527619.0188807113,5064314.4096834315,9.354975062847991,45.73183428127722,BUILDING_GAP8:20230101_000000::RLB-5a49687a-c699-476d-8d83-e581d8c1dfca::SEC=970920000024|BUILDING_GAP8:20230101_000000::RLB-6f0423e8-dcb4-46fb-b629-b12064ed44d4::SEC=970920000030|BUILDING_GAP8:20230101_000000::RLB-79470905-2b1f-4bfa-a0ce-c0835ef475e1::SEC=970920000024|BUILDING_GAP8:20230101_000000::RLB-90c902f7-a537-4b76-817e-67b86eaba72c::SEC=970920000024|BUILDING_GAP8:20230101_000000::RLB-cc1cfb6b-fe1d-4ea5-a8ee-6c6a91fd153b::SEC=970920000030|BUILDING_GAP8:20230101_000000::RLB-e50ae811-6779-4871-b09d-933fa4acb451::SEC=970920000030,6,2823,1.2725008553172679,0.01590626069146585,True,100.25692484360854,100.25692484360854,0.0,0.0,138.57565928204957,138.57565928204957,0.0,0.0,165.36669043925318,165.36669043925318,0.0,0.0,198.31394208298335,198.31394208298335,0.0,0.0,1745.4390529525967,EX_027,D184,1,2,2,Bernaga inferiore|Pianello,0,0,,False,False,P2V2S_0078,PROPOSED_STOP,FIELD_CHECK_PENDING,PROPOSED_STOP/FIELD_CHECK_PENDING,DERIVED_GATE_D_BUS_ELIGIBLE,HYPOTHESIS_NOT_RECOMMENDATION,DASYMETRIC_BUILDING_SECTION_INTERSECTION_V2,ANALYSIS_ENVELOPE_PLUS_INHERITED_150M_SITING_BUFFER,False,DERIVED_FROM_REFERENCE_PERIOD_GTFS_PROXIMITY_NOT_CURRENT_SERVICE_GUARANTEE,150.0,220.0,55d726564e13acca55ce563cc911263ac513acb0,7c220f7586d0f6e5cccd14a2d518be52eb1c4a55,29203ad64c3e32e6164ef6997933eb5c5ff2d5b1,8a4608a60ecb367535814d965822e7502ae31eb9,097092,La Valletta Brianza,UNSPECIFIED,1796.0,1521.0,FACT_ISTAT_2021_WORK_COMMUTING_MUNICIPAL_ONLY_NOT_STOP_DEMAND
432726032,unclassified,missing_lanes|missing_maxheight|missing_maxweight|missing_maxwidth|missing_width,1,533077.4387888667,5064344.515210125,9.425129992453112,45.73186574772043,BUILDING_GAP8:20230101_000000::RLB-3883966e-db30-4d52-8887-9ea78f0b2619::SEC=970120000006|BUILDING_GAP8:20230101_000000::RLB-4a5aa92c-cf0a-4cc4-a2f5-153c2d8fe853::SEC=970120000006,2,22721,4.566792726215609,0.05708490907769511,True,40.863746283300976,40.863746283300976,0.0,0.0,171.3086872456835,35.00961440206335,136.29907284362014,79.56343314227018,319.41700140088403,59.770338024721994,259.64666337616205,81.28767793743475,546.1221987776635,7.671746282592557,538.4504524950709,98.59523266042589,703.4196919971574,EX_012,D150|D185,2,0,0,,0,0,,False,False,P2V2S_0079,PROPOSED_STOP,FIELD_CHECK_PENDING,PROPOSED_STOP/FIELD_CHECK_PENDING,DERIVED_GATE_D_BUS_ELIGIBLE,HYPOTHESIS_NOT_RECOMMENDATION,DASYMETRIC_BUILDING_SECTION_INTERSECTION_V2,ANALYSIS_ENVELOPE_PLUS_INHERITED_150M_SITING_BUFFER,False,DERIVED_FROM_REFERENCE_PERIOD_GTFS_PROXIMITY_NOT_CURRENT_SERVICE_GUARANTEE,150.0,220.0,55d726564e13acca55ce563cc911263ac513acb0,7c220f7586d0f6e5cccd14a2d518be52eb1c4a55,29203ad64c3e32e6164ef6997933eb5c5ff2d5b1,8a4608a60ecb367535814d965822e7502ae31eb9,097010,Brivio,UNSPECIFIED,1662.0,1339.0,FACT_ISTAT_2021_WORK_COMMUTING_MUNICIPAL_ONLY_NOT_STOP_DEMAND
191456223,unclassified,missing_lanes|missing_maxheight|missing_maxweight|missing_maxwidth|missing_width,0,527062.8332875724,5064373.925390911,9.347830114458706,45.73239194411677,BUILDING_GAP8:20230101_000000::RLB-497df652-bd37-4bb5-9881-8ab6893ad14d::SEC=970920000030|BUILDING_GAP8:20230101_000000::RLB-d2ce3648-cf97-41aa-9962-2dcc98d70749::SEC=970920000030,2,1888,3.0826707682390677,0.038533384602988344,True,43.87496923988839,43.87496923988839,0.0,0.0,73.25475574171989,73.25475574171989,0.0,0.0,77.76977654530413,77.76977654530413,0.0,0.0,79.65620063373458,79.65620063373458,0.0,0.0,2083.503911473039,EX_027,D184,1,0,0,,0,0,,False,False,P2V2S_0080,PROPOSED_STOP,FIELD_CHECK_PENDING,PROPOSED_STOP/FIELD_CHECK_PENDING,DERIVED_GATE_D_BUS_ELIGIBLE,HYPOTHESIS_NOT_RECOMMENDATION,DASYMETRIC_BUILDING_SECTION_INTERSECTION_V2,ANALYSIS_ENVELOPE_PLUS_INHERITED_150M_SITING_BUFFER,False,DERIVED_FROM_REFERENCE_PERIOD_GTFS_PROXIMITY_NOT_CURRENT_SERVICE_GUARANTEE,150.0,220.0,55d726564e13acca55ce563cc911263ac513acb0,7c220f7586d0f6e5cccd14a2d518be52eb1c4a55,29203ad64c3e32e6164ef6997933eb5c5ff2d5b1,8a4608a60ecb367535814d965822e7502ae31eb9,097092,La Valletta Brianza,UNSPECIFIED,1796.0,1521.0,FACT_ISTAT_2021_WORK_COMMUTING_MUNICIPAL_ONLY_NOT_STOP_DEMAND
173605021,unclassified,missing_lanes|missing_maxheight|missing_maxweight|missing_maxwidth|missing_width,2,528474.6194407308,5064396.964303855,9.365976349378494,45.73254262664605,BUILDING_GAP8:20230101_000000::RLB-620e812a-7a37-45da-9261-4c2785966a79::SEC=970920000030,1,5238,6.083537128399617,0.0760442141049952,True,3.728744383692906,3.728744383692906,0.0,0.0,41.7503525879275,41.7503525879275,0.0,0.0,120.71695721739852,111.66857406937632,9.048383148022198,7.495536133939338,269.92131860913696,145.37172900405108,124.54958960508584,46.14292425913993,1134.9962483848224,EX_042,D184,1,3,3,Campo|Cereda|Pianello,0,0,,False,False,P2V2S_0081,PROPOSED_STOP,FIELD_CHECK_PENDING,PROPOSED_STOP/FIELD_CHECK_PENDING,DERIVED_GATE_D_BUS_ELIGIBLE,HYPOTHESIS_NOT_RECOMMENDATION,DASYMETRIC_BUILDING_SECTION_INTERSECTION_V2,ANALYSIS_ENVELOPE_PLUS_INHERITED_150M_SITING_BUFFER,False,DERIVED_FROM_REFERENCE_PERIOD_GTFS_PROXIMITY_NOT_CURRENT_SERVICE_GUARANTEE,150.0,220.0,55d726564e13acca55ce563cc911263ac513acb0,7c220f7586d0f6e5cccd14a2d518be52eb1c4a55,29203ad64c3e32e6164ef6997933eb5c5ff2d5b1,8a4608a60ecb367535814d965822e7502ae31eb9,097092,La Valletta Brianza,UNSPECIFIED,1796.0,1521.0,FACT_ISTAT_2021_WORK_COMMUTING_MUNICIPAL_ONLY_NOT_STOP_DEMAND
48540216,residential,missing_maxheight|missing_maxweight|missing_maxwidth|missing_width,1,530853.6158889101,5064398.415630522,9.396552309421843,45.732453656431055,BUILDING_GAP8:20230101_000000::RLB-1bf34645-b30c-428e-ab56-7a6f53a873da::SEC=970580000010|BUILDING_GAP8:20230101_000000::RLB-28632bb1-325b-4247-a5c0-f8c43955a4c2::SEC=970580000010|BUILDING_GAP8:20230101_000000::RLB-75d50662-2ebb-46b7-b2fe-bb5ad9f04333::SEC=970580000010|BUILDING_GAP8:20230101_000000::RLB-7ecbf770-5a16-4949-b88d-385e1947180b::SEC=970580000010|BUILDING_GAP8:20230101_000000::RLB-e058226d-9733-44ff-9685-549e2ebb87ad::SEC=970580000025|BUILDING_GAP8:20230101_000000::RLB-e1e82acd-95fb-4748-93bd-477a92e8ee73::SEC=970580000010|BUILDING_GAP8:20230101_000000::RLB-e1e82acd-95fb-4748-93bd-477a92e8ee73::SEC=970580000025,7,15671,0.5524803342922793,0.006906004178653491,True,134.10076888426266,134.10076888426266,0.0,0.0,377.58276184171297,232.35321622350298,145.22954561821,38.46297031936323,525.9199740766597,117.57217599836429,408.3477980782956,77.64447410373,1169.6019927360092,35.54859625037016,1134.053396485639,96.96062451405264,672.5183760020868,EX_018,D148,1,2,1,Bruggione,1,0,,False,False,P2V2S_0082,PROPOSED_STOP,FIELD_CHECK_PENDING,PROPOSED_STOP/FIELD_CHECK_PENDING,DERIVED_GATE_D_BUS_ELIGIBLE,HYPOTHESIS_NOT_RECOMMENDATION,DASYMETRIC_BUILDING_SECTION_INTERSECTION_V2,ANALYSIS_ENVELOPE_PLUS_INHERITED_150M_SITING_BUFFER,False,DERIVED_FROM_REFERENCE_PERIOD_GTFS_PROXIMITY_NOT_CURRENT_SERVICE_GUARANTEE,150.0,220.0,55d726564e13acca55ce563cc911263ac513acb0,7c220f7586d0f6e5cccd14a2d518be52eb1c4a55,29203ad64c3e32e6164ef6997933eb5c5ff2d5b1,8a4608a60ecb367535814d965822e7502ae31eb9,097058,Olgiate Molgora,UNSPECIFIED,2287.0,1961.0,FACT_ISTAT_2021_WORK_COMMUTING_MUNICIPAL_ONLY_NOT_STOP_DEMAND
689065455,service,missing_lanes|missing_maxheight|missing_maxweight|missing_maxwidth|missing_width,0,530598.364117673,5064400.312501263,9.393271832824125,45.73248206869793,BUILDING_GAP8:20230101_000000::RLB-131b59a0-e0c7-453f-89d0-ef3c6d60773c::SEC=970580000010|BUILDING_GAP8:20230101_000000::RLB-34d367bd-75bd-4a3c-9e63-656b3a1107e0::SEC=970580000010|BUILDING_GAP8:20230101_000000::RLB-615e5973-f05c-4598-a9bf-6e76a11e80c6::SEC=970580000010|BUILDING_GAP8:20230101_000000::RLB-7971eb67-fd4b-4ec5-8ad7-24d3babcc52b::SEC=970580000010|BUILDING_GAP8:20230101_000000::RLB-b9d695cc-5722-437a-875c-7483d1c42ca0::SEC=970580000010|BUILDING_GAP8:20230101_000000::RLB-be6bee49-7912-4a3c-bce0-51e628da2d02::SEC=970580000010|BUILDING_GAP8:20230101_000000::RLB-ec1e0d0d-8a5f-4540-a3af-3ebd2e671eb8::SEC=970580000010,7,14606,17.20755465586023,0.21509443319825286,True,206.10257921778498,116.93690761220435,89.16567160558066,43.26276359276458,389.4462800079681,166.82277062661936,222.62350938134867,57.16411243594207,586.7231909399161,106.711416641465,480.011774298451,81.81230633298881,660.2127039522611,23.032283518147704,637.1804204341133,96.5113843795691,715.6689794800482,EX_023,D184,1,2,1,Bruggione,0,0,,False,False,P2V2S_0083,PROPOSED_STOP,FIELD_CHECK_PENDING,PROPOSED_STOP/FIELD_CHECK_PENDING,DERIVED_GATE_D_BUS_ELIGIBLE,HYPOTHESIS_NOT_RECOMMENDATION,DASYMETRIC_BUILDING_SECTION_INTERSECTION_V2,ANALYSIS_ENVELOPE_PLUS_INHERITED_150M_SITING_BUFFER,False,DERIVED_FROM_REFERENCE_PERIOD_GTFS_PROXIMITY_NOT_CURRENT_SERVICE_GUARANTEE,150.0,220.0,55d726564e13acca55ce563cc911263ac513acb0,7c220f7586d0f6e5cccd14a2d518be52eb1c4a55,29203ad64c3e32e6164ef6997933eb5c5ff2d5b1,8a4608a60ecb367535814d965822e7502ae31eb9,097058,Olgiate Molgora,UNSPECIFIED,2287.0,1961.0,FACT_ISTAT_2021_WORK_COMMUTING_MUNICIPAL_ONLY_NOT_STOP_DEMAND
173641453,unclassified,missing_maxheight|missing_maxweight|missing_maxwidth|missing_width,2,528852.7250778012,5064427.680840318,9.370837763441676,45.73280342353401,BUILDING_GAP8:20230101_000000::RLB-1a9506df-c358-42ae-877c-fdd9618b61d2::SEC=970920000003|BUILDING_GAP8:20230101_000000::RLB-26d7a077-5567-4fc6-9fd3-01c7de8f2882::SEC=970920000003|BUILDING_GAP8:20230101_000000::RLB-3b5fcd29-e998-4fff-b281-c1c7926670b2::SEC=970920000003|BUILDING_GAP8:20230101_000000::RLB-92076492-4c47-4899-96f3-0c6188669eaf::SEC=970920000003|BUILDING_GAP8:20230101_000000::RLB-b141ab60-566f-4f46-bbec-4a515aba5d39::SEC=970920000003|BUILDING_GAP8:20230101_000000::RLB-b240dc60-9bd3-4d79-8ecf-9a20e7fa4ce6::SEC=970920000003|BUILDING_GAP8:20230101_000000::RLB-c04d0b9a-7d15-4f62-9ad2-20347b60ec82::SEC=970920000003|BUILDING_GAP8:20230101_000000::RLB-c184ae05-402b-4c6d-a7e3-441411b19785::SEC=970920000003|BUILDING_GAP8:20230101_000000::RLB-d89c7ceb-6107-4034-8562-0a3added490b::SEC=970920000003|BUILDING_GAP8:20230101_000000::RLB-eb2aff71-c7c1-46da-93b3-a1fd9b0a0282::SEC=970920000003|BUILDING_GAP8:20230101_000000::RLB-f4907cf3-4f10-4ec6-89f3-53b0b1b5e298::SEC=970920000003,11,6693,6.324996040886574,0.07906245051108217,True,434.3793056385021,412.91760758488147,21.461698053620644,4.9407735992564605,601.925712193496,320.8538799134734,281.0718322800224,46.69543543102021,916.2053796290472,240.8999085669726,675.3054710620748,73.70677864121384,1564.8885459424641,308.9591263247143,1255.9294196177498,80.25679674595345,598.6066952632153,EX_042,D184,1,3,2,Cereda|Crescenzaga,1,0,,False,False,P2V2S_0084,PROPOSED_STOP,FIELD_CHECK_PENDING,PROPOSED_STOP/FIELD_CHECK_PENDING,DERIVED_GATE_D_BUS_ELIGIBLE,HYPOTHESIS_NOT_RECOMMENDATION,DASYMETRIC_BUILDING_SECTION_INTERSECTION_V2,ANALYSIS_ENVELOPE_PLUS_INHERITED_150M_SITING_BUFFER,False,DERIVED_FROM_REFERENCE_PERIOD_GTFS_PROXIMITY_NOT_CURRENT_SERVICE_GUARANTEE,150.0,220.0,55d726564e13acca55ce563cc911263ac513acb0,7c220f7586d0f6e5cccd14a2d518be52eb1c4a55,29203ad64c3e32e6164ef6997933eb5c5ff2d5b1,8a4608a60ecb367535814d965822e7502ae31eb9,097092,La Valletta Brianza,UNSPECIFIED,1796.0,1521.0,FACT_ISTAT_2021_WORK_COMMUTING_MUNICIPAL_ONLY_NOT_STOP_DEMAND
1463993537,service,missing_lanes|missing_maxheight|missing_maxweight|missing_maxwidth|missing_width,0,532252.7224162783,5064435.438570428,9.414536608167207,45.73272305511719,BUILDING_GAP8:20230101_000000::RLB-2e80da95-f4a8-4c49-b554-8e6ad0f8d485::SEC=970120000052,1,20354,2.8001070430028934,0.03500133803753617,True,18.87075184579493,18.87075184579493,0.0,0.0,123.31953988908037,3.46812161712264,119.85141827195775,97.18769497498772,357.56888514333457,0.0,357.56888514333457,100.0,1340.396579169425,84.63721276904697,1255.759366400378,93.68565885019699,653.9335688186437,EX_035,D148|D150|D185,3,0,0,,0,0,,False,False,P2V2S_0085,PROPOSED_STOP,FIELD_CHECK_PENDING,PROPOSED_STOP/FIELD_CHECK_PENDING,DERIVED_GATE_D_BUS_ELIGIBLE,HYPOTHESIS_NOT_RECOMMENDATION,DASYMETRIC_BUILDING_SECTION_INTERSECTION_V2,ANALYSIS_ENVELOPE_PLUS_INHERITED_150M_SITING_BUFFER,False,DERIVED_FROM_REFERENCE_PERIOD_GTFS_PROXIMITY_NOT_CURRENT_SERVICE_GUARANTEE,150.0,220.0,55d726564e13acca55ce563cc911263ac513acb0,7c220f7586d0f6e5cccd14a2d518be52eb1c4a55,29203ad64c3e32e6164ef6997933eb5c5ff2d5b1,8a4608a60ecb367535814d965822e7502ae31eb9,097012,Calco,UNSPECIFIED,2173.0,1894.0,FACT_ISTAT_2021_WORK_COMMUTING_MUNICIPAL_ONLY_NOT_STOP_DEMAND
136288680,residential,missing_lanes|missing_maxheight|missing_maxweight|missing_maxwidth|missing_width,0,527825.3230809725,5064445.934867936,9.357634103509557,45.73300981706299,BUILDING_GAP8:20230101_000000::RLB-109296b3-2106-4c6f-88ad-20ccf1d4ea2f::SEC=970920000024|BUILDING_GAP8:20230101_000000::RLB-173543bf-3409-438a-9397-bd24129f49a6::SEC=970920000024|BUILDING_GAP8:20230101_000000::RLB-40062f6b-75ad-4e48-b763-0d769e76e227::SEC=970920000024|BUILDING_GAP8:20230101_000000::RLB-67bf76af-2a1d-40f1-b2f5-df7fb267f1c4::SEC=970920000024|BUILDING_GAP8:20230101_000000::RLB-7781cbb8-f9fa-4c5b-95fa-edb1dd30dfe9::SEC=970920000024|BUILDING_GAP8:20230101_000000::RLB-90657591-aff8-4380-9ab7-2775a916805c::SEC=970920000024|BUILDING_GAP8:20230101_000000::RLB-9fc41555-dd58-4a31-93bd-3bd00ce67020::SEC=970920000024|BUILDING_GAP8:20230101_000000::RLB-b30e029b-c458-4f72-a51d-49cd10cd3160::SEC=970920000024|BUILDING_GAP8:20230101_000000::RLB-b5a35833-97ad-44cf-8970-15742bc483f2::SEC=970920000024|BUILDING_GAP8:20230101_000000::RLB-be342d0f-f072-43c8-8a35-f04ff9609e64::SEC=970920000024,10,3507,38.27015736007648,0.478376967000956,True,80.72089345681813,80.72089345681813,0.0,0.0,144.54654864467537,144.54654864467537,0.0,0.0,175.65238956870496,175.65238956870496,0.0,0.0,200.2257883938541,200.2257883938541,0.0,0.0,1582.1184230917565,EX_027,D184,1,1,1,Bernaga inferiore,0,0,,False,False,P2V2S_0086,PROPOSED_STOP,FIELD_CHECK_PENDING,PROPOSED_STOP/FIELD_CHECK_PENDING,DERIVED_GATE_D_BUS_ELIGIBLE,HYPOTHESIS_NOT_RECOMMENDATION,DASYMETRIC_BUILDING_SECTION_INTERSECTION_V2,ANALYSIS_ENVELOPE_PLUS_INHERITED_150M_SITING_BUFFER,False,DERIVED_FROM_REFERENCE_PERIOD_GTFS_PROXIMITY_NOT_CURRENT_SERVICE_GUARANTEE,150.0,220.0,55d726564e13acca55ce563cc911263ac513acb0,7c220f7586d0f6e5cccd14a2d518be52eb1c4a55,29203ad64c3e32e6164ef6997933eb5c5ff2d5b1,8a4608a60ecb367535814d965822e7502ae31eb9,097092,La Valletta Brianza,UNSPECIFIED,1796.0,1521.0,FACT_ISTAT_2021_WORK_COMMUTING_MUNICIPAL_ONLY_NOT_STOP_DEMAND
1387597650,service,missing_lanes|missing_maxheight|missing_maxweight|missing_maxwidth|missing_width,0,533871.2268990595,5064509.970118476,9.435343483589149,45.73331650904722,BUILDING_GAP8:20230101_000000::RLB-a60e3a3b-1fe9-455a-b255-7169d2fa821b::SEC=970100000003|BUILDING_GAP8:20230101_000000::RLB-e3675bba-6658-4097-a74c-467ebf0ef6ac::SEC=970100000003|BUILDING_GAP8:20230101_000000::RLB-ff778c40-ab50-4deb-96ce-f86ced80cf68::SEC=970100000004,3,24914,1.27446294314334,0.015930786789291752,True,71.02179971106455,8.573216710877347,62.4485830001872,87.92875321977836,347.2809139545331,9.0441680615248,338.23674589300833,97.39571980546306,454.280040739307,5.5170631030059205,448.7629776363011,98.78553697978293,574.9919322170618,3.1608514186762773,571.8310807983855,99.45027899670023,432.54484674647637,EX_004,D148|D150|D185,3,1,0,,0,0,,False,False,P2V2S_0087,PROPOSED_STOP,FIELD_CHECK_PENDING,PROPOSED_STOP/FIELD_CHECK_PENDING,DERIVED_GATE_D_BUS_ELIGIBLE,HYPOTHESIS_NOT_RECOMMENDATION,DASYMETRIC_BUILDING_SECTION_INTERSECTION_V2,ANALYSIS_ENVELOPE_PLUS_INHERITED_150M_SITING_BUFFER,False,DERIVED_FROM_REFERENCE_PERIOD_GTFS_PROXIMITY_NOT_CURRENT_SERVICE_GUARANTEE,150.0,220.0,55d726564e13acca55ce563cc911263ac513acb0,7c220f7586d0f6e5cccd14a2d518be52eb1c4a55,29203ad64c3e32e6164ef6997933eb5c5ff2d5b1,8a4608a60ecb367535814d965822e7502ae31eb9,097010,Brivio,UNSPECIFIED,1662.0,1339.0,FACT_ISTAT_2021_WORK_COMMUTING_MUNICIPAL_ONLY_NOT_STOP_DEMAND
55503485,residential,missing_lanes|missing_maxheight|missing_maxweight|missing_maxwidth|missing_width,6,534616.8603028673,5064512.601233889,9.44492693444124,45.733303272507506,BUILDING_GAP8:20230101_000000::RLB-22fd8cfe-ff30-4026-8621-887009443c36::SEC=970100000003,1,27068,5.494843043585015,0.06868553804481269,True,27.887754354496533,27.887754354496533,0.0,0.0,127.04364261373712,84.28985883443926,42.75378377929786,33.65283212894506,186.92866546511505,65.53265012524889,121.3960153398662,64.94242872692061,282.49133682531215,35.83270454862157,246.65863227669053,87.315467811751,1168.5258500615732,EX_009,D185,1,0,0,,0,0,,False,False,P2V2S_0088,PROPOSED_STOP,FIELD_CHECK_PENDING,PROPOSED_STOP/FIELD_CHECK_PENDING,DERIVED_GATE_D_BUS_ELIGIBLE,HYPOTHESIS_NOT_RECOMMENDATION,DASYMETRIC_BUILDING_SECTION_INTERSECTION_V2,ANALYSIS_ENVELOPE_PLUS_INHERITED_150M_SITING_BUFFER,False,DERIVED_FROM_REFERENCE_PERIOD_GTFS_PROXIMITY_NOT_CURRENT_SERVICE_GUARANTEE,150.0,220.0,55d726564e13acca55ce563cc911263ac513acb0,7c220f7586d0f6e5cccd14a2d518be52eb1c4a55,29203ad64c3e32e6164ef6997933eb5c5ff2d5b1,8a4608a60ecb367535814d965822e7502ae31eb9,097010,Brivio,UNSPECIFIED,1662.0,1339.0,FACT_ISTAT_2021_WORK_COMMUTING_MUNICIPAL_ONLY_NOT_STOP_DEMAND
72100681,residential,missing_lanes|missing_maxheight|missing_maxweight|missing_maxwidth|missing_width,0,527459.601634152,5064577.699337137,9.35294110962455,45.734210392424224,BUILDING_GAP8:20230101_000000::RLB-076cb26e-0fa3-4103-a18e-487098ee7155::SEC=970920000024|BUILDING_GAP8:20230101_000000::RLB-8d951b65-5575-435f-a577-42deaa6dd817::SEC=970920000024,2,2554,7.124028681894244,0.08905035852367806,True,16.19682245356013,16.19682245356013,0.0,0.0,81.66729663421906,81.66729663421906,0.0,0.0,136.60907910979682,136.60907910979682,0.0,0.0,178.14684775522488,178.14684775522488,0.0,0.0,1514.849654014407,EX_027,D184,1,1,1,Bernaga inferiore,0,0,,False,False,P2V2S_0089,PROPOSED_STOP,FIELD_CHECK_PENDING,PROPOSED_STOP/FIELD_CHECK_PENDING,DERIVED_GATE_D_BUS_ELIGIBLE,HYPOTHESIS_NOT_RECOMMENDATION,DASYMETRIC_BUILDING_SECTION_INTERSECTION_V2,ANALYSIS_ENVELOPE_PLUS_INHERITED_150M_SITING_BUFFER,False,DERIVED_FROM_REFERENCE_PERIOD_GTFS_PROXIMITY_NOT_CURRENT_SERVICE_GUARANTEE,150.0,220.0,55d726564e13acca55ce563cc911263ac513acb0,7c220f7586d0f6e5cccd14a2d518be52eb1c4a55,29203ad64c3e32e6164ef6997933eb5c5ff2d5b1,8a4608a60ecb367535814d965822e7502ae31eb9,097092,La Valletta Brianza,UNSPECIFIED,1796.0,1521.0,FACT_ISTAT_2021_WORK_COMMUTING_MUNICIPAL_ONLY_NOT_STOP_DEMAND
173605059,service,missing_lanes|missing_maxheight|missing_maxweight|missing_maxwidth|missing_width,0,528186.6583282037,5064583.924748261,9.362286220906048,45.73423717546014,BUILDING_GAP8:20230101_000000::RLB-027662e9-1612-4d51-8a4d-241af31c6563::SEC=970920000030|BUILDING_GAP8:20230101_000000::RLB-323f952b-18c6-44c7-9dd1-99c7354ff6f3::SEC=970920000030,2,4432,2.0384188941601353,0.02548023617700169,True,33.73751019614829,33.73751019614829,0.0,0.0,152.67316488715247,112.16603813988256,40.507126747269915,26.53192312952347,212.15889980848925,105.3399560205302,106.81894378795906,50.348556616942275,379.5933904128064,104.98369312991935,274.609697282887,72.34311877355134,932.2663874635838,EX_027,D184,1,2,2,Campo|Pianello,1,1,OSM amenity:townhall 143996275,False,False,P2V2S_0090,PROPOSED_STOP,FIELD_CHECK_PENDING,PROPOSED_STOP/FIELD_CHECK_PENDING,DERIVED_GATE_D_BUS_ELIGIBLE,HYPOTHESIS_NOT_RECOMMENDATION,DASYMETRIC_BUILDING_SECTION_INTERSECTION_V2,ANALYSIS_ENVELOPE_PLUS_INHERITED_150M_SITING_BUFFER,False,DERIVED_FROM_REFERENCE_PERIOD_GTFS_PROXIMITY_NOT_CURRENT_SERVICE_GUARANTEE,150.0,220.0,55d726564e13acca55ce563cc911263ac513acb0,7c220f7586d0f6e5cccd14a2d518be52eb1c4a55,29203ad64c3e32e6164ef6997933eb5c5ff2d5b1,8a4608a60ecb367535814d965822e7502ae31eb9,097092,La Valletta Brianza,UNSPECIFIED,1796.0,1521.0,FACT_ISTAT_2021_WORK_COMMUTING_MUNICIPAL_ONLY_NOT_STOP_DEMAND
682102304,residential,missing_lanes|missing_maxheight|missing_maxweight|missing_maxwidth|missing_width,0,531912.6197557793,5064628.559067614,9.41017818750711,45.734477018979334,BUILDING_GAP8:20230101_000000::RLB-264dd9f5-6655-407d-a588-8ebd433b23cf::SEC=970580000001|BUILDING_GAP8:20230101_000000::RLB-d16fd08a-7d0c-48aa-b36c-1dedc43e1529::SEC=970580000001|BUILDING_GAP8:20230101_000000::RLB-e78fa6c2-9521-49dd-8c5a-7096219cf9a3::SEC=970580000001|BUILDING_GAP8:20230101_000000::RLB-e85ac15d-c73f-42f1-bda4-841855b270bb::SEC=970580000001,4,19336,19.486315990768183,0.2435789498846023,True,144.30720309834808,107.21071708697012,37.09648601137797,25.70660730365345,583.7709582639878,106.66187713856273,477.1090811254251,81.7288140787694,1240.3789867812047,5.10853207515223,1235.2704547060528,99.58814748318103,1920.5801478594335,0.0,1920.5801478594335,100.0,569.3364055770008,EX_011,D184|D185,2,2,0,,1,0,,False,False,P2V2S_0091,PROPOSED_STOP,FIELD_CHECK_PENDING,PROPOSED_STOP/FIELD_CHECK_PENDING,DERIVED_GATE_D_BUS_ELIGIBLE,HYPOTHESIS_NOT_RECOMMENDATION,DASYMETRIC_BUILDING_SECTION_INTERSECTION_V2,ANALYSIS_ENVELOPE_PLUS_INHERITED_150M_SITING_BUFFER,False,DERIVED_FROM_REFERENCE_PERIOD_GTFS_PROXIMITY_NOT_CURRENT_SERVICE_GUARANTEE,150.0,220.0,55d726564e13acca55ce563cc911263ac513acb0,7c220f7586d0f6e5cccd14a2d518be52eb1c4a55,29203ad64c3e32e6164ef6997933eb5c5ff2d5b1,8a4608a60ecb367535814d965822e7502ae31eb9,097058,Olgiate Molgora,UNSPECIFIED,2287.0,1961.0,FACT_ISTAT_2021_WORK_COMMUTING_MUNICIPAL_ONLY_NOT_STOP_DEMAND
193940021,unclassified,missing_lanes|missing_maxheight|missing_maxweight|missing_maxwidth|missing_width,0,530816.3241381726,5064654.625414883,9.396089322929942,45.73476134808893,BUILDING_GAP8:20230101_000000::RLB-97896cc2-1659-4599-8370-5e26b4807c64::SEC=970580000025,1,15522,5.443962467975834,0.06804953084969792,True,145.71849547086154,145.71849547086154,0.0,0.0,368.16207784263844,274.55187912105083,93.61019872158762,25.426355498134416,547.0200357653111,151.38688842791115,395.6331473374,72.32516571059183,712.8014666649208,118.42999731679622,594.3714693481245,83.38527586497393,975.6697300976795,EX_023,D184,1,2,1,Bruggione,0,0,,False,False,P2V2S_0092,PROPOSED_STOP,FIELD_CHECK_PENDING,PROPOSED_STOP/FIELD_CHECK_PENDING,DERIVED_GATE_D_BUS_ELIGIBLE,HYPOTHESIS_NOT_RECOMMENDATION,DASYMETRIC_BUILDING_SECTION_INTERSECTION_V2,ANALYSIS_ENVELOPE_PLUS_INHERITED_150M_SITING_BUFFER,False,DERIVED_FROM_REFERENCE_PERIOD_GTFS_PROXIMITY_NOT_CURRENT_SERVICE_GUARANTEE,150.0,220.0,55d726564e13acca55ce563cc911263ac513acb0,7c220f7586d0f6e5cccd14a2d518be52eb1c4a55,29203ad64c3e32e6164ef6997933eb5c5ff2d5b1,8a4608a60ecb367535814d965822e7502ae31eb9,097058,Olgiate Molgora,UNSPECIFIED,2287.0,1961.0,FACT_ISTAT_2021_WORK_COMMUTING_MUNICIPAL_ONLY_NOT_STOP_DEMAND
194241936,residential,missing_maxheight|missing_maxweight|missing_maxwidth|missing_width,0,530473.9301505641,5064668.7945575835,9.391689450001762,45.73490405000675,BUILDING_GAP8:20230101_000000::RLB-0c33c8c2-add4-41f2-a3dd-7117a7b1b1b4::SEC=970580000010|SETTLEMENT_GAP8:OSM_POINT_2101450267,2,14147,3.065842353178331,0.038323029414729134,True,298.7382573034261,152.4869752352828,146.25128206814327,48.956328321751236,572.3956916882519,227.88526213135717,344.5104295568947,60.18746027608607,721.098174862559,117.57217599836429,603.5259988641947,83.69539958677977,863.6326597775864,37.92055235752438,825.712107420062,95.6091803698936,616.4632829349271,EX_037,D148,1,5,1,Bruggione,0,0,,False,False,P2V2S_0093,PROPOSED_STOP,FIELD_CHECK_PENDING,PROPOSED_STOP/FIELD_CHECK_PENDING,DERIVED_GATE_D_BUS_ELIGIBLE,HYPOTHESIS_NOT_RECOMMENDATION,DASYMETRIC_BUILDING_SECTION_INTERSECTION_V2,ANALYSIS_ENVELOPE_PLUS_INHERITED_150M_SITING_BUFFER,False,DERIVED_FROM_REFERENCE_PERIOD_GTFS_PROXIMITY_NOT_CURRENT_SERVICE_GUARANTEE,150.0,220.0,55d726564e13acca55ce563cc911263ac513acb0,7c220f7586d0f6e5cccd14a2d518be52eb1c4a55,29203ad64c3e32e6164ef6997933eb5c5ff2d5b1,8a4608a60ecb367535814d965822e7502ae31eb9,097058,Olgiate Molgora,UNSPECIFIED,2287.0,1961.0,FACT_ISTAT_2021_WORK_COMMUTING_MUNICIPAL_ONLY_NOT_STOP_DEMAND
220010350,service,missing_lanes|missing_maxheight|missing_maxweight|missing_maxwidth|missing_width,0,528557.0927971466,5064673.890534326,9.367052662718919,45.73503172324547,BUILDING_GAP8:20230101_000000::RLB-620e812a-7a37-45da-9261-4c2785966a79::SEC=970920000030,1,5464,10.361731116643606,0.12952163895804508,True,46.04757080974848,41.69258027870818,4.354990531040301,9.45759017133284,460.4468400656174,6.769915796265419,453.6769242693519,98.52970740437686,1276.3232127242122,14.194026429909119,1262.1291862943033,98.8878971808706,2189.1448986644414,23.059367074462358,2166.085531589979,98.94664957589009,659.9285528366983,EX_042,D184,1,0,0,,0,0,,False,False,P2V2S_0094,PROPOSED_STOP,FIELD_CHECK_PENDING,PROPOSED_STOP/FIELD_CHECK_PENDING,DERIVED_GATE_D_BUS_ELIGIBLE,HYPOTHESIS_NOT_RECOMMENDATION,DASYMETRIC_BUILDING_SECTION_INTERSECTION_V2,ANALYSIS_ENVELOPE_PLUS_INHERITED_150M_SITING_BUFFER,False,DERIVED_FROM_REFERENCE_PERIOD_GTFS_PROXIMITY_NOT_CURRENT_SERVICE_GUARANTEE,150.0,220.0,55d726564e13acca55ce563cc911263ac513acb0,7c220f7586d0f6e5cccd14a2d518be52eb1c4a55,29203ad64c3e32e6164ef6997933eb5c5ff2d5b1,8a4608a60ecb367535814d965822e7502ae31eb9,097092,La Valletta Brianza,UNSPECIFIED,1796.0,1521.0,FACT_ISTAT_2021_WORK_COMMUTING_MUNICIPAL_ONLY_NOT_STOP_DEMAND
142811857,tertiary,missing_lanes|missing_maxheight|missing_maxweight|missing_maxwidth|missing_width,0,527707.1597397116,5064684.176398738,9.356129029436506,45.735158875430024,BUILDING_GAP8:20230101_000000::RLB-f06282ab-997c-4016-aaa4-871b3670a55f::SEC=970920000020,1,3010,11.46028099010971,0.14325351237637138,True,37.16104104825854,37.16104104825854,0.0,0.0,136.90899036758177,136.90899036758177,0.0,0.0,198.14450757780526,187.42866094257565,10.715846635229607,5.408096730120981,345.13131286710177,168.20218180142757,176.92913106567423,51.26429404387412,1179.3838421453224,EX_027,D184,1,1,1,Bernaga inferiore,1,1,OSM amenity:townhall 143996275,False,False,P2V2S_0095,PROPOSED_STOP,FIELD_CHECK_PENDING,PROPOSED_STOP/FIELD_CHECK_PENDING,DERIVED_GATE_D_BUS_ELIGIBLE,HYPOTHESIS_NOT_RECOMMENDATION,DASYMETRIC_BUILDING_SECTION_INTERSECTION_V2,ANALYSIS_ENVELOPE_PLUS_INHERITED_150M_SITING_BUFFER,False,DERIVED_FROM_REFERENCE_PERIOD_GTFS_PROXIMITY_NOT_CURRENT_SERVICE_GUARANTEE,150.0,220.0,55d726564e13acca55ce563cc911263ac513acb0,7c220f7586d0f6e5cccd14a2d518be52eb1c4a55,29203ad64c3e32e6164ef6997933eb5c5ff2d5b1,8a4608a60ecb367535814d965822e7502ae31eb9,097092,La Valletta Brianza,UNSPECIFIED,1796.0,1521.0,FACT_ISTAT_2021_WORK_COMMUTING_MUNICIPAL_ONLY_NOT_STOP_DEMAND
1463993545,service,missing_lanes|missing_maxheight|missing_maxweight|missing_maxwidth|missing_width,0,534043.0270697941,5064705.074844189,9.437565263115342,45.73506411463403,BUILDING_GAP8:20230101_000000::RLB-a60e3a3b-1fe9-455a-b255-7169d2fa821b::SEC=970100000003,1,25293,1.6355080397707147,0.020443850497133934,True,233.60809862145734,158.25680264910633,75.35129597235097,32.25542967774055,426.3575529139762,23.25020647523851,403.10734643873764,94.54678208083025,538.008844477586,28.660719063354946,509.3481254142309,94.67281637513133,682.0466436444194,2.9567691320503844,679.0898745123691,99.5664857880905,374.2541109056728,EX_004,D148|D150|D185,3,1,0,,0,0,,False,False,P2V2S_0096,PROPOSED_STOP,FIELD_CHECK_PENDING,PROPOSED_STOP/FIELD_CHECK_PENDING,DERIVED_GATE_D_BUS_ELIGIBLE,HYPOTHESIS_NOT_RECOMMENDATION,DASYMETRIC_BUILDING_SECTION_INTERSECTION_V2,ANALYSIS_ENVELOPE_PLUS_INHERITED_150M_SITING_BUFFER,False,DERIVED_FROM_REFERENCE_PERIOD_GTFS_PROXIMITY_NOT_CURRENT_SERVICE_GUARANTEE,150.0,220.0,55d726564e13acca55ce563cc911263ac513acb0,7c220f7586d0f6e5cccd14a2d518be52eb1c4a55,29203ad64c3e32e6164ef6997933eb5c5ff2d5b1,8a4608a60ecb367535814d965822e7502ae31eb9,097010,Brivio,UNSPECIFIED,1662.0,1339.0,FACT_ISTAT_2021_WORK_COMMUTING_MUNICIPAL_ONLY_NOT_STOP_DEMAND
295266570,tertiary,missing_lanes|missing_maxheight|missing_maxweight|missing_maxwidth|missing_width,2,534569.8785217996,5064750.950196528,9.444340113901827,45.735450880736366,BUILDING_GAP8:20230101_000000::RLB-03ae1fd3-4190-4814-ad5c-2bf7a9bd7365::SEC=970100000003,1,26933,6.885415377465112,0.0860676922183139,True,54.867923313903944,51.72821886017789,3.139704453726054,5.722295038876438,174.15440022592193,71.73904346653772,102.41535675938421,58.80721740393915,353.04577544979963,62.789523946983266,290.2562515028163,82.21490573935178,908.6939881781332,9.336988629626308,899.3569995485067,98.97248262329252,743.7760323214729,EX_002,D150|D185,2,0,0,,0,0,,False,False,P2V2S_0097,PROPOSED_STOP,FIELD_CHECK_PENDING,PROPOSED_STOP/FIELD_CHECK_PENDING,DERIVED_GATE_D_BUS_ELIGIBLE,HYPOTHESIS_NOT_RECOMMENDATION,DASYMETRIC_BUILDING_SECTION_INTERSECTION_V2,ANALYSIS_ENVELOPE_PLUS_INHERITED_150M_SITING_BUFFER,False,DERIVED_FROM_REFERENCE_PERIOD_GTFS_PROXIMITY_NOT_CURRENT_SERVICE_GUARANTEE,150.0,220.0,55d726564e13acca55ce563cc911263ac513acb0,7c220f7586d0f6e5cccd14a2d518be52eb1c4a55,29203ad64c3e32e6164ef6997933eb5c5ff2d5b1,8a4608a60ecb367535814d965822e7502ae31eb9,097010,Brivio,UNSPECIFIED,1662.0,1339.0,FACT_ISTAT_2021_WORK_COMMUTING_MUNICIPAL_ONLY_NOT_STOP_DEMAND
1463441159,service,missing_lanes|missing_maxheight|missing_maxweight|missing_maxwidth|missing_width,0,532160.4335377954,5064755.9011118105,9.413371752052472,45.7356116854537,BUILDING_GAP8:20230101_000000::RLB-742ed1ca-ea72-4be5-b2d6-a4e85c6157d6::SEC=970580000002,1,20191,0.1365867313818798,0.0017073341422734975,True,333.54454449888846,328.94347197251835,4.601072526370064,1.3794476936454276,1137.2120445814544,422.9164652618653,714.2955793195894,62.81111624899142,1585.3632991371665,130.7172573499914,1454.6460417871751,91.75474432761663,1914.9746737239113,29.695653295100918,1885.2790204288106,98.44929263542929,703.0100445294561,EX_035,D148|D150|D185,3,1,0,,1,0,,False,False,P2V2S_0098,PROPOSED_STOP,FIELD_CHECK_PENDING,PROPOSED_STOP/FIELD_CHECK_PENDING,DERIVED_GATE_D_BUS_ELIGIBLE,HYPOTHESIS_NOT_RECOMMENDATION,DASYMETRIC_BUILDING_SECTION_INTERSECTION_V2,ANALYSIS_ENVELOPE_PLUS_INHERITED_150M_SITING_BUFFER,False,DERIVED_FROM_REFERENCE_PERIOD_GTFS_PROXIMITY_NOT_CURRENT_SERVICE_GUARANTEE,150.0,220.0,55d726564e13acca55ce563cc911263ac513acb0,7c220f7586d0f6e5cccd14a2d518be52eb1c4a55,29203ad64c3e32e6164ef6997933eb5c5ff2d5b1,8a4608a60ecb367535814d965822e7502ae31eb9,097058,Olgiate Molgora,UNSPECIFIED,2287.0,1961.0,FACT_ISTAT_2021_WORK_COMMUTING_MUNICIPAL_ONLY_NOT_STOP_DEMAND
198162664,residential,missing_lanes|missing_maxheight|missing_maxweight|missing_maxwidth|missing_width,1,531398.3087085768,5064761.965742719,9.403576478494394,45.735701291797355,BUILDING_GAP8:20230101_000000::RLB-350cc1bf-d592-4e9c-b85c-ac3d7e526803::SEC=970580000037|BUILDING_GAP8:20230101_000000::RLB-bf2d1e1e-206b-470d-8709-29abac0d9d50::SEC=970580000037,2,17535,5.334188859682172,0.06667736074602715,True,137.25338871325965,112.2687660289432,24.984622684316463,18.203282934246978,442.81125818923573,76.92061367160255,365.8906445176332,82.62902935527207,844.5704354296936,41.18896297123102,803.3814724584624,95.12308728279419,1383.0518477220826,9.532337920041936,1373.5195098020406,99.31077508513206,615.5754754150481,EX_011,D184|D185,2,2,0,,1,0,,False,False,P2V2S_0099,PROPOSED_STOP,FIELD_CHECK_PENDING,PROPOSED_STOP/FIELD_CHECK_PENDING,DERIVED_GATE_D_BUS_ELIGIBLE,HYPOTHESIS_NOT_RECOMMENDATION,DASYMETRIC_BUILDING_SECTION_INTERSECTION_V2,ANALYSIS_ENVELOPE_PLUS_INHERITED_150M_SITING_BUFFER,False,DERIVED_FROM_REFERENCE_PERIOD_GTFS_PROXIMITY_NOT_CURRENT_SERVICE_GUARANTEE,150.0,220.0,55d726564e13acca55ce563cc911263ac513acb0,7c220f7586d0f6e5cccd14a2d518be52eb1c4a55,29203ad64c3e32e6164ef6997933eb5c5ff2d5b1,8a4608a60ecb367535814d965822e7502ae31eb9,097058,Olgiate Molgora,UNSPECIFIED,2287.0,1961.0,FACT_ISTAT_2021_WORK_COMMUTING_MUNICIPAL_ONLY_NOT_STOP_DEMAND
1463993560,service,missing_lanes|missing_maxheight|missing_maxweight|missing_maxwidth|missing_width,0,534321.7671958853,5064792.038095642,9.44115405012939,45.73583305001236,BUILDING_GAP8:20230101_000000::RLB-18d6a83e-6832-4ec8-8a39-0be395b02c55::SEC=970100000003|BUILDING_GAP8:20230101_000000::RLB-8d853de3-4bc1-4558-90c2-e01f13e4486a::SEC=970100000003|BUILDING_GAP8:20230101_000000::RLB-9e943027-2776-4cfb-be73-bcb54c1eee31::SEC=970100000003,3,25913,16.719731085717783,0.20899663857147227,True,148.0616683259725,148.0616683259725,0.0,0.0,297.1486805270007,85.89495155949149,211.25372896750915,71.09361165354842,405.9937993853774,27.218883908202567,378.77491547717483,93.2957390114311,573.5940737876945,2.9567691320503844,570.6373046556442,99.48451888414304,741.4181846674809,EX_004,D148|D150|D185,3,0,0,,0,0,,False,False,P2V2S_0100,PROPOSED_STOP,FIELD_CHECK_PENDING,PROPOSED_STOP/FIELD_CHECK_PENDING,DERIVED_GATE_D_BUS_ELIGIBLE,HYPOTHESIS_NOT_RECOMMENDATION,DASYMETRIC_BUILDING_SECTION_INTERSECTION_V2,ANALYSIS_ENVELOPE_PLUS_INHERITED_150M_SITING_BUFFER,False,DERIVED_FROM_REFERENCE_PERIOD_GTFS_PROXIMITY_NOT_CURRENT_SERVICE_GUARANTEE,150.0,220.0,55d726564e13acca55ce563cc911263ac513acb0,7c220f7586d0f6e5cccd14a2d518be52eb1c4a55,29203ad64c3e32e6164ef6997933eb5c5ff2d5b1,8a4608a60ecb367535814d965822e7502ae31eb9,097010,Brivio,UNSPECIFIED,1662.0,1339.0,FACT_ISTAT_2021_WORK_COMMUTING_MUNICIPAL_ONLY_NOT_STOP_DEMAND
173640076,residential,missing_lanes|missing_maxheight|missing_maxweight|missing_maxwidth|missing_width,0,528306.1762801645,5064794.278430141,9.363834661947132,45.73612559963817,BUILDING_GAP8:20230101_000000::RLB-a840b686-b00e-4494-b70f-5d9e6d3c1166::SEC=970920000030,1,4843,0.03012134648844602,0.00037651683110557523,True,318.21564299876354,206.05354433703926,112.16209866172419,35.24719828501957,876.8946398009571,89.58483804929986,787.3098017516572,89.78385384250561,1383.780891231957,49.8929956466367,1333.8878955853202,96.39444394970522,1976.3217909528291,34.604620007338944,1941.7171709454901,98.24903919160577,495.53307822649447,EX_027,D184,1,1,1,Perego,1,1,OSM amenity:townhall 143996275,False,False,P2V2S_0101,PROPOSED_STOP,FIELD_CHECK_PENDING,PROPOSED_STOP/FIELD_CHECK_PENDING,DERIVED_GATE_D_BUS_ELIGIBLE,HYPOTHESIS_NOT_RECOMMENDATION,DASYMETRIC_BUILDING_SECTION_INTERSECTION_V2,ANALYSIS_ENVELOPE_PLUS_INHERITED_150M_SITING_BUFFER,False,DERIVED_FROM_REFERENCE_PERIOD_GTFS_PROXIMITY_NOT_CURRENT_SERVICE_GUARANTEE,150.0,220.0,55d726564e13acca55ce563cc911263ac513acb0,7c220f7586d0f6e5cccd14a2d518be52eb1c4a55,29203ad64c3e32e6164ef6997933eb5c5ff2d5b1,8a4608a60ecb367535814d965822e7502ae31eb9,097092,La Valletta Brianza,UNSPECIFIED,1796.0,1521.0,FACT_ISTAT_2021_WORK_COMMUTING_MUNICIPAL_ONLY_NOT_STOP_DEMAND
185233152,residential,missing_maxheight|missing_maxweight|missing_maxwidth|missing_width,2,528065.8025701265,5064855.023728661,9.360748590705352,45.736682139674976,BUILDING_GAP8:20230101_000000::RLB-996c08db-0158-4ece-80b7-5528b06d2bdc::SEC=970920000020|BUILDING_GAP8:20230101_000000::RLB-bb616a62-06c9-406e-b08c-106f77f9a9ec::SEC=970920000020|BUILDING_GAP8:20230101_000000::RLB-d40959c9-e2d0-49af-b044-cfe903fe4f86::SEC=970920000020|BUILDING_GAP8:20230101_000000::RLB-f7e024ad-f409-423c-84ce-ab6edb5da527::SEC=970920000020,4,4002,3.373003694678767,0.04216254618348459,True,173.77375081510533,173.77375081510533,0.0,0.0,534.556349841776,204.27679396035498,330.279555881421,61.78573240766495,844.6458244346054,145.19503162978526,699.4507928048203,82.80995093689396,1393.0392735929106,57.955351757294046,1335.0839218356164,95.83964696071946,608.5458563731712,EX_027,D184,1,2,2,Campo|Perego,1,1,OSM amenity:townhall 143996275,False,False,P2V2S_0102,PROPOSED_STOP,FIELD_CHECK_PENDING,PROPOSED_STOP/FIELD_CHECK_PENDING,DERIVED_GATE_D_BUS_ELIGIBLE,HYPOTHESIS_NOT_RECOMMENDATION,DASYMETRIC_BUILDING_SECTION_INTERSECTION_V2,ANALYSIS_ENVELOPE_PLUS_INHERITED_150M_SITING_BUFFER,False,DERIVED_FROM_REFERENCE_PERIOD_GTFS_PROXIMITY_NOT_CURRENT_SERVICE_GUARANTEE,150.0,220.0,55d726564e13acca55ce563cc911263ac513acb0,7c220f7586d0f6e5cccd14a2d518be52eb1c4a55,29203ad64c3e32e6164ef6997933eb5c5ff2d5b1,8a4608a60ecb367535814d965822e7502ae31eb9,097092,La Valletta Brianza,UNSPECIFIED,1796.0,1521.0,FACT_ISTAT_2021_WORK_COMMUTING_MUNICIPAL_ONLY_NOT_STOP_DEMAND
193940014,unclassified,missing_lanes|missing_maxheight|missing_maxweight|missing_maxwidth|missing_width,1,530957.5869523257,5064885.105445916,9.397919695864566,45.73682948513192,BUILDING_GAP8:20230101_000000::RLB-0f3f81dd-0940-4acc-9c36-be863d5da3a8::SEC=970580000009|BUILDING_GAP8:20230101_000000::RLB-1990d08a-ab92-449c-8e01-9a485960b560::SEC=970580000009|BUILDING_GAP8:20230101_000000::RLB-251ee0d3-47b2-43fa-a9e4-bb13dfc850da::SEC=970580000025|BUILDING_GAP8:20230101_000000::RLB-2b7f276f-0f34-47e2-8857-fbaf4ad697ae::SEC=970580000025|BUILDING_GAP8:20230101_000000::RLB-95665882-b30b-45df-84b9-86aa47267c7c::SEC=970580000009,5,15993,2.0985951223912194,0.026232439029890243,True,52.43048775060973,52.43048775060973,0.0,0.0,164.4509247958525,164.4509247958525,0.0,0.0,391.4444894326333,264.2602877828057,127.18420164982761,32.490992997288245,550.1139235556066,187.7923369466278,362.32158660897875,65.86300965937187,1202.2205408300822,EX_011,D184|D185,2,2,1,Bruggione,0,0,,False,False,P2V2S_0103,PROPOSED_STOP,FIELD_CHECK_PENDING,PROPOSED_STOP/FIELD_CHECK_PENDING,DERIVED_GATE_D_BUS_ELIGIBLE,HYPOTHESIS_NOT_RECOMMENDATION,DASYMETRIC_BUILDING_SECTION_INTERSECTION_V2,ANALYSIS_ENVELOPE_PLUS_INHERITED_150M_SITING_BUFFER,False,DERIVED_FROM_REFERENCE_PERIOD_GTFS_PROXIMITY_NOT_CURRENT_SERVICE_GUARANTEE,150.0,220.0,55d726564e13acca55ce563cc911263ac513acb0,7c220f7586d0f6e5cccd14a2d518be52eb1c4a55,29203ad64c3e32e6164ef6997933eb5c5ff2d5b1,8a4608a60ecb367535814d965822e7502ae31eb9,097058,Olgiate Molgora,UNSPECIFIED,2287.0,1961.0,FACT_ISTAT_2021_WORK_COMMUTING_MUNICIPAL_ONLY_NOT_STOP_DEMAND
55503485,residential,missing_lanes|missing_maxheight|missing_maxweight|missing_maxwidth|missing_width,3,534838.1369093197,5064886.252491981,9.44779777107369,45.7366552058213,BUILDING_GAP8:20230101_000000::RLB-01135144-361f-494e-8304-f8437d3c6dea::SEC=970100000003|BUILDING_GAP8:20230101_000000::RLB-9060a90f-b38e-492f-9f1d-d9364df58155::SEC=970100000003|BUILDING_GAP8:20230101_000000::RLB-d54eba54-574a-4a97-8655-ce873c817c21::SEC=970100000003|BUILDING_GAP8:20230101_000000::RLB-d6544bc9-9b5a-4d80-8344-f04b23265bbe::SEC=970100000003|BUILDING_GAP8:20230101_000000::RLB-d6544bc9-9b5a-4d80-8344-f04b23265bbe::SEC=970100000042|BUILDING_GAP8:20230101_000000::RLB-fafb5211-3f95-4ed2-8936-6050e7967089::SEC=970100000003,6,27642,4.26754399443135,0.05334429993039187,True,78.67185366545368,78.67185366545368,0.0,0.0,300.47714636154717,59.13302155728672,241.34412480426045,80.32029314930483,702.3498510479072,27.887754354496533,674.4620966934108,96.02936423879241,1057.927020083011,27.887754354496533,1030.0392657285145,97.36392455953073,727.0609380505082,EX_009,D185,1,1,0,,0,0,,False,False,P2V2S_0104,PROPOSED_STOP,FIELD_CHECK_PENDING,PROPOSED_STOP/FIELD_CHECK_PENDING,DERIVED_GATE_D_BUS_ELIGIBLE,HYPOTHESIS_NOT_RECOMMENDATION,DASYMETRIC_BUILDING_SECTION_INTERSECTION_V2,ANALYSIS_ENVELOPE_PLUS_INHERITED_150M_SITING_BUFFER,False,DERIVED_FROM_REFERENCE_PERIOD_GTFS_PROXIMITY_NOT_CURRENT_SERVICE_GUARANTEE,150.0,220.0,55d726564e13acca55ce563cc911263ac513acb0,7c220f7586d0f6e5cccd14a2d518be52eb1c4a55,29203ad64c3e32e6164ef6997933eb5c5ff2d5b1,8a4608a60ecb367535814d965822e7502ae31eb9,097010,Brivio,UNSPECIFIED,1662.0,1339.0,FACT_ISTAT_2021_WORK_COMMUTING_MUNICIPAL_ONLY_NOT_STOP_DEMAND
581532451,unclassified,missing_lanes|missing_maxheight|missing_maxweight|missing_maxwidth|missing_width,1,531780.0134236191,5064928.379431477,9.40849349548486,45.737181668326166,BUILDING_GAP8:20230101_000000::RLB-26c1bd72-03c4-405f-a884-c73fc602e990::SEC=970580000001|BUILDING_GAP8:20230101_000000::RLB-42d0d443-043a-4792-8cd2-5e79938857a2::SEC=970580000001|BUILDING_GAP8:20230101_000000::RLB-5fa4390c-361d-4a1c-aa46-aa655a0c5f3f::SEC=970580000001|BUILDING_GAP8:20230101_000000::RLB-997b618b-1b53-4a99-8042-d418fd0fa79e::SEC=970580000001|BUILDING_GAP8:20230101_000000::RLB-ac7f1c9f-0a1a-48fb-b2e8-2290dc77713f::SEC=970580000001|BUILDING_GAP8:20230101_000000::RLB-dfcda1ee-521c-4c58-811d-29cdf83d3ac3::SEC=970580000001|BUILDING_GAP8:20230101_000000::RLB-e977d6c0-1357-417f-996f-e935e395a6ab::SEC=970580000001,7,18962,11.012839908182697,0.1376604988522837,True,284.46961850971894,232.29841568065984,52.17120282905908,18.33981537373793,770.9963106975518,269.4067851679766,501.58952552957527,65.0573185072399,1197.225410671393,114.62152830945637,1082.603882361937,90.42606953646452,1578.1163703319635,31.58367810380505,1546.5326922281588,97.99864707713786,543.0685414390924,EX_011,D184|D185,2,2,0,,0,0,,False,False,P2V2S_0105,PROPOSED_STOP,FIELD_CHECK_PENDING,PROPOSED_STOP/FIELD_CHECK_PENDING,DERIVED_GATE_D_BUS_ELIGIBLE,HYPOTHESIS_NOT_RECOMMENDATION,DASYMETRIC_BUILDING_SECTION_INTERSECTION_V2,ANALYSIS_ENVELOPE_PLUS_INHERITED_150M_SITING_BUFFER,False,DERIVED_FROM_REFERENCE_PERIOD_GTFS_PROXIMITY_NOT_CURRENT_SERVICE_GUARANTEE,150.0,220.0,55d726564e13acca55ce563cc911263ac513acb0,7c220f7586d0f6e5cccd14a2d518be52eb1c4a55,29203ad64c3e32e6164ef6997933eb5c5ff2d5b1,8a4608a60ecb367535814d965822e7502ae31eb9,097058,Olgiate Molgora,UNSPECIFIED,2287.0,1961.0,FACT_ISTAT_2021_WORK_COMMUTING_MUNICIPAL_ONLY_NOT_STOP_DEMAND
173604739,tertiary,missing_maxheight|missing_maxweight|missing_maxwidth|missing_width,0,527677.3883539612,5064937.648819117,9.355760862539897,45.73744146834489,BUILDING_GAP8:20230101_000000::RLB-09341811-27b3-4154-8d90-41490a4ee1e6::SEC=970920000023|BUILDING_GAP8:20230101_000000::RLB-29cced30-e446-4a36-8800-607554dfefde::SEC=970920000023|BUILDING_GAP8:20230101_000000::RLB-7495cb52-c7ea-474f-b541-90ada4d84e8e::SEC=970920000023|BUILDING_GAP8:20230101_000000::RLB-9a67877f-3469-4a31-8d6f-ade2880b0427::SEC=970920000020|BUILDING_GAP8:20230101_000000::RLB-a274c0d4-cba4-4f54-8088-8249536c62f6::SEC=970920000023|BUILDING_GAP8:20230101_000000::RLB-b23f58ea-5a03-4d8c-b822-83bfa4646bfe::SEC=970920000023|BUILDING_GAP8:20230101_000000::RLB-e231a7c9-593d-43df-82f6-743a669d8842::SEC=970920000023|BUILDING_GAP8:20230101_000000::RLB-e3e773fe-c9dd-4649-839e-ad2977b2eaf3::SEC=970920000023|BUILDING_GAP8:20230101_000000::RLB-e6b04e5c-30ed-4b73-bfda-19d1d2daa301::SEC=970920000023|BUILDING_GAP8:20230101_000000::RLB-ed3d7a13-0013-4a5e-a9d9-1e3af172a370::SEC=970920000023|BUILDING_GAP8:20230101_000000::RLB-f325a5ae-11e7-4654-bd00-373476419835::SEC=970920000023,11,2961,5.119918029353982,0.06399897536692477,True,263.49877048230456,256.293959496244,7.20481098606057,2.734286377455569,484.6237285411518,316.4507132761785,168.17301526497334,34.70177074721857,606.6742365982165,175.82290656926335,430.85133002895316,71.01856384158506,921.5417842767937,65.4388145336578,856.1029697431359,92.8989856292829,646.7149017616655,EX_027,D184,1,3,2,Perego|Roncada,1,1,OSM amenity:townhall 143996275,False,False,P2V2S_0106,PROPOSED_STOP,FIELD_CHECK_PENDING,PROPOSED_STOP/FIELD_CHECK_PENDING,DERIVED_GATE_D_BUS_ELIGIBLE,HYPOTHESIS_NOT_RECOMMENDATION,DASYMETRIC_BUILDING_SECTION_INTERSECTION_V2,ANALYSIS_ENVELOPE_PLUS_INHERITED_150M_SITING_BUFFER,False,DERIVED_FROM_REFERENCE_PERIOD_GTFS_PROXIMITY_NOT_CURRENT_SERVICE_GUARANTEE,150.0,220.0,55d726564e13acca55ce563cc911263ac513acb0,7c220f7586d0f6e5cccd14a2d518be52eb1c4a55,29203ad64c3e32e6164ef6997933eb5c5ff2d5b1,8a4608a60ecb367535814d965822e7502ae31eb9,097092,La Valletta Brianza,UNSPECIFIED,1796.0,1521.0,FACT_ISTAT_2021_WORK_COMMUTING_MUNICIPAL_ONLY_NOT_STOP_DEMAND
1430856314,service,missing_lanes|missing_maxheight|missing_maxweight|missing_maxwidth|missing_width,1,530399.5787627613,5064950.210742449,9.39075148020559,45.737440223285894,BUILDING_GAP8:20230101_000000::RLB-bf14ab5c-2d05-43f4-8551-5a86877c976c::SEC=970580000010|BUILDING_GAP8:20230101_000000::RLB-d84acb4e-b32b-4f6e-b2ee-7a95927682d9::SEC=970580000008|BUILDING_GAP8:20230101_000000::RLB-d84acb4e-b32b-4f6e-b2ee-7a95927682d9::SEC=970580000025|BUILDING_GAP8:20230101_000000::RLB-fcb9298b-d129-4fcd-9429-33f94d67a1fa::SEC=970580000008,4,13781,6.335428344175066,0.07919285430218832,True,20.69440852995099,20.69440852995099,0.0,0.0,212.98761192962243,6.444850735763766,206.5427611938587,96.97407249305499,336.52059742489257,0.0,336.52059742489257,100.0,535.6012518708776,0.0,535.6012518708776,100.0,745.6431102102483,EX_037,D148,1,2,0,,0,0,,False,False,P2V2S_0107,PROPOSED_STOP,FIELD_CHECK_PENDING,PROPOSED_STOP/FIELD_CHECK_PENDING,DERIVED_GATE_D_BUS_ELIGIBLE,HYPOTHESIS_NOT_RECOMMENDATION,DASYMETRIC_BUILDING_SECTION_INTERSECTION_V2,ANALYSIS_ENVELOPE_PLUS_INHERITED_150M_SITING_BUFFER,False,DERIVED_FROM_REFERENCE_PERIOD_GTFS_PROXIMITY_NOT_CURRENT_SERVICE_GUARANTEE,150.0,220.0,55d726564e13acca55ce563cc911263ac513acb0,7c220f7586d0f6e5cccd14a2d518be52eb1c4a55,29203ad64c3e32e6164ef6997933eb5c5ff2d5b1,8a4608a60ecb367535814d965822e7502ae31eb9,097058,Olgiate Molgora,UNSPECIFIED,2287.0,1961.0,FACT_ISTAT_2021_WORK_COMMUTING_MUNICIPAL_ONLY_NOT_STOP_DEMAND
223574565,unclassified,missing_lanes|missing_maxheight|missing_maxweight|missing_maxwidth|missing_width,0,532291.7924422034,5064987.839689735,9.415075585799036,45.73769313324043,BUILDING_GAP8:20230101_000000::RLB-16827d7e-2a69-4572-b813-0fb512b9a5af::SEC=970580000002,1,20472,1.8929955140428123,0.023662443925535154,True,586.4070978806335,394.88250685102855,191.52459102960484,32.660687723904516,1178.7441982215828,494.25132923784076,684.4928689837421,58.06967024876671,1456.5192597717187,131.2491450302123,1325.2701147415064,90.98884933036977,1749.9517966062695,30.263559129389915,1719.6882374768797,98.27060612823276,540.1505686514123,EX_035,D148|D150|D185,3,1,0,,1,0,,False,False,P2V2S_0108,PROPOSED_STOP,FIELD_CHECK_PENDING,PROPOSED_STOP/FIELD_CHECK_PENDING,DERIVED_GATE_D_BUS_ELIGIBLE,HYPOTHESIS_NOT_RECOMMENDATION,DASYMETRIC_BUILDING_SECTION_INTERSECTION_V2,ANALYSIS_ENVELOPE_PLUS_INHERITED_150M_SITING_BUFFER,False,DERIVED_FROM_REFERENCE_PERIOD_GTFS_PROXIMITY_NOT_CURRENT_SERVICE_GUARANTEE,150.0,220.0,55d726564e13acca55ce563cc911263ac513acb0,7c220f7586d0f6e5cccd14a2d518be52eb1c4a55,29203ad64c3e32e6164ef6997933eb5c5ff2d5b1,8a4608a60ecb367535814d965822e7502ae31eb9,097058,Olgiate Molgora,UNSPECIFIED,2287.0,1961.0,FACT_ISTAT_2021_WORK_COMMUTING_MUNICIPAL_ONLY_NOT_STOP_DEMAND
143945586,tertiary,missing_maxheight|missing_maxweight|missing_maxwidth|missing_width,0,527385.941077094,5065050.546372131,9.352021101261574,45.738469216147536,BUILDING_GAP8:20230101_000000::RLB-0724a9e2-fc6f-4316-b412-ab54e0d1b5e3::SEC=970920000023|BUILDING_GAP8:20230101_000000::RLB-9f645d39-088a-4a82-a610-13f41eeb12c1::SEC=970920000023,2,2425,3.0282397291940737,0.03785299661492592,True,135.1303937083139,135.1303937083139,0.0,0.0,252.92413555607303,222.19519957455827,30.728935981514763,12.149467631451957,371.47972451858004,157.74551440041577,213.73421011816436,57.53590196481212,523.6580573119917,61.69658994838438,461.96146736360726,88.21815322291012,966.8459365894746,EX_027,D184,1,2,2,Perego|Roncada,1,1,OSM amenity:townhall 143996275,False,False,P2V2S_0109,PROPOSED_STOP,FIELD_CHECK_PENDING,PROPOSED_STOP/FIELD_CHECK_PENDING,DERIVED_GATE_D_BUS_ELIGIBLE,HYPOTHESIS_NOT_RECOMMENDATION,DASYMETRIC_BUILDING_SECTION_INTERSECTION_V2,ANALYSIS_ENVELOPE_PLUS_INHERITED_150M_SITING_BUFFER,False,DERIVED_FROM_REFERENCE_PERIOD_GTFS_PROXIMITY_NOT_CURRENT_SERVICE_GUARANTEE,150.0,220.0,55d726564e13acca55ce563cc911263ac513acb0,7c220f7586d0f6e5cccd14a2d518be52eb1c4a55,29203ad64c3e32e6164ef6997933eb5c5ff2d5b1,8a4608a60ecb367535814d965822e7502ae31eb9,097092,La Valletta Brianza,UNSPECIFIED,1796.0,1521.0,FACT_ISTAT_2021_WORK_COMMUTING_MUNICIPAL_ONLY_NOT_STOP_DEMAND
242013830,service,conditional_access=destination|missing_lanes|missing_maxheight|missing_maxweight|missing_maxwidth|missing_width,1,529424.4793429247,5065055.596450994,9.378224387391592,45.73843093184931,BUILDING_GAP8:20230101_000000::RLB-4e74212b-0f64-46ee-9a82-4f16e914fcbc::SEC=970740000013,1,9347,10.202914253995994,0.12753642817494992,True,2.466733461319211,2.466733461319211,0.0,0.0,20.98154211407693,2.466733461319211,18.51480865275772,88.24331668326595,154.36111685105286,0.0,154.36111685105286,100.0,478.9850533997905,0.0,478.9850533997905,100.0,531.7277199689917,EX_025,D184,1,1,0,,0,0,,False,False,P2V2S_0110,PROPOSED_STOP,FIELD_CHECK_PENDING,PROPOSED_STOP/FIELD_CHECK_PENDING,DERIVED_GATE_D_BUS_ELIGIBLE,HYPOTHESIS_NOT_RECOMMENDATION,DASYMETRIC_BUILDING_SECTION_INTERSECTION_V2,ANALYSIS_ENVELOPE_PLUS_INHERITED_150M_SITING_BUFFER,False,DERIVED_FROM_REFERENCE_PERIOD_GTFS_PROXIMITY_NOT_CURRENT_SERVICE_GUARANTEE,150.0,220.0,55d726564e13acca55ce563cc911263ac513acb0,7c220f7586d0f6e5cccd14a2d518be52eb1c4a55,29203ad64c3e32e6164ef6997933eb5c5ff2d5b1,8a4608a60ecb367535814d965822e7502ae31eb9,097074,Santa Maria HoÃ¨,UNSPECIFIED,836.0,724.0,FACT_ISTAT_2021_WORK_COMMUTING_MUNICIPAL_ONLY_NOT_STOP_DEMAND
1463998897,service,missing_lanes|missing_maxheight|missing_maxweight|missing_maxwidth|missing_width,0,531496.4261061175,5065066.449569204,9.404857397801603,45.7384373476471,BUILDING_GAP8:20230101_000000::RLB-2d146d82-b0fa-46e0-bd9e-e40e9c0da5c2::SEC=970580000025|BUILDING_GAP8:20230101_000000::RLB-2d146d82-b0fa-46e0-bd9e-e40e9c0da5c2::SEC=970580000037|BUILDING_GAP8:20230101_000000::RLB-ccaa0601-9c43-4761-ab8a-7162245a83e3::SEC=970580000037|BUILDING_GAP8:20230101_000000::RLB-d2c457a4-1a04-473c-a9f6-ffe31854b303::SEC=970580000025|BUILDING_GAP8:20230101_000000::RLB-d2c457a4-1a04-473c-a9f6-ffe31854b303::SEC=970580000037,5,17908,7.035513705257724,0.08794392131572155,True,70.44668873597413,70.44668873597413,0.0,0.0,388.23436757293206,179.85038669217147,208.38398088076056,53.67478983982902,663.4475160167635,109.34779618636456,554.099719830399,83.51824469207875,1115.7714961582362,70.35633944542869,1045.4151567128074,93.69437741619355,705.6717928194598,EX_011,D184|D185,2,1,0,,0,0,,False,False,P2V2S_0111,PROPOSED_STOP,FIELD_CHECK_PENDING,PROPOSED_STOP/FIELD_CHECK_PENDING,DERIVED_GATE_D_BUS_ELIGIBLE,HYPOTHESIS_NOT_RECOMMENDATION,DASYMETRIC_BUILDING_SECTION_INTERSECTION_V2,ANALYSIS_ENVELOPE_PLUS_INHERITED_150M_SITING_BUFFER,False,DERIVED_FROM_REFERENCE_PERIOD_GTFS_PROXIMITY_NOT_CURRENT_SERVICE_GUARANTEE,150.0,220.0,55d726564e13acca55ce563cc911263ac513acb0,7c220f7586d0f6e5cccd14a2d518be52eb1c4a55,29203ad64c3e32e6164ef6997933eb5c5ff2d5b1,8a4608a60ecb367535814d965822e7502ae31eb9,097058,Olgiate Molgora,UNSPECIFIED,2287.0,1961.0,FACT_ISTAT_2021_WORK_COMMUTING_MUNICIPAL_ONLY_NOT_STOP_DEMAND
223281172,unclassified,missing_lanes|missing_maxheight|missing_maxweight|missing_maxwidth|missing_width,1,534563.1252433909,5065071.441242193,9.444276188901,45.73833579466161,BUILDING_GAP8:20230101_000000::RLB-1ef84e56-5434-4011-afad-df3792c0c9a6::SEC=970100000003|BUILDING_GAP8:20230101_000000::RLB-8862a5e6-043a-42a0-b0c9-49b25090f584::SEC=970100000003|BUILDING_GAP8:20230101_000000::RLB-90c8f1fa-61d3-49c4-93df-fbe677326f7d::SEC=970100000003|BUILDING_GAP8:20230101_000000::RLB-c26c60ea-dc25-4d92-b965-7858befca495::SEC=970100000003|BUILDING_GAP8:20230101_000000::RLB-d656e46b-4c15-4731-a722-573ca3ae7304::SEC=970100000003|BUILDING_GAP8:20230101_000000::RLB-ea173bac-5bf2-4c8a-b67f-1a118614ee7c::SEC=970100000003,6,26903,0.2721452467928385,0.0034018155849104815,True,101.51488411123782,84.14858473965188,17.36629937158595,17.107145935916485,231.56930900820709,89.17948761219957,142.38982139600756,61.48907297165235,614.1621342684524,22.970963699301183,591.1911705691512,96.25978834942947,1141.7717030287276,2.9567691320503844,1138.8149338966775,99.74103674804631,575.1356298331644,EX_002,D150|D185,2,0,0,,0,0,,False,False,P2V2S_0112,PROPOSED_STOP,FIELD_CHECK_PENDING,PROPOSED_STOP/FIELD_CHECK_PENDING,DERIVED_GATE_D_BUS_ELIGIBLE,HYPOTHESIS_NOT_RECOMMENDATION,DASYMETRIC_BUILDING_SECTION_INTERSECTION_V2,ANALYSIS_ENVELOPE_PLUS_INHERITED_150M_SITING_BUFFER,False,DERIVED_FROM_REFERENCE_PERIOD_GTFS_PROXIMITY_NOT_CURRENT_SERVICE_GUARANTEE,150.0,220.0,55d726564e13acca55ce563cc911263ac513acb0,7c220f7586d0f6e5cccd14a2d518be52eb1c4a55,29203ad64c3e32e6164ef6997933eb5c5ff2d5b1,8a4608a60ecb367535814d965822e7502ae31eb9,097010,Brivio,UNSPECIFIED,1662.0,1339.0,FACT_ISTAT_2021_WORK_COMMUTING_MUNICIPAL_ONLY_NOT_STOP_DEMAND
581532427,unclassified,missing_lanes|missing_maxheight|missing_maxweight|missing_maxwidth|missing_width,0,531965.3084074777,5065088.2966434695,9.410885732609897,45.738612467388776,BUILDING_GAP8:20230101_000000::RLB-04475073-7221-416f-8bf5-94ab7a4c4888::SEC=970580000001|BUILDING_GAP8:20230101_000000::RLB-1b56f718-84eb-476f-9bd6-dea2cf360a10::SEC=970580000001|BUILDING_GAP8:20230101_000000::RLB-33d5607f-bc30-4aa7-aceb-07d248422a21::SEC=970580000001|BUILDING_GAP8:20230101_000000::RLB-376b49ef-801a-44f0-bdc6-fa969c48e0b6::SEC=970580000001|BUILDING_GAP8:20230101_000000::RLB-47ac58e0-64e5-4048-9f39-cb90639019e8::SEC=970580000001|BUILDING_GAP8:20230101_000000::RLB-5bcb54cd-1d60-47eb-91f2-26be9b7d3428::SEC=970580000001|BUILDING_GAP8:20230101_000000::RLB-6125adee-9276-4c17-adde-5d704f986613::SEC=970580000001|BUILDING_GAP8:20230101_000000::RLB-748f78f9-d93a-4836-8eb6-b153ca513453::SEC=970580000001|BUILDING_GAP8:20230101_000000::RLB-7c81d38e-ffd7-4d36-9e74-4d594f36df02::SEC=970580000001|BUILDING_GAP8:20230101_000000::RLB-85788d4d-2368-4c37-8c9b-a02088dc172a::SEC=970580000001|BUILDING_GAP8:20230101_000000::RLB-8c7a0872-50e8-46e1-953e-1747780b3ac6::SEC=970580000001|BUILDING_GAP8:20230101_000000::RLB-965d32e0-c9b9-472d-8a8a-f50e70267ee8::SEC=970580000025|BUILDING_GAP8:20230101_000000::RLB-ae88323c-33f3-479f-8c19-cd08d4b211a3::SEC=970580000025|BUILDING_GAP8:20230101_000000::RLB-c22f0b33-e4b6-455e-a258-ae399f04be09::SEC=970580000001|BUILDING_GAP8:20230101_000000::RLB-c34fc7fb-8d91-4b71-b55e-ca4ca252369f::SEC=970580000001|BUILDING_GAP8:20230101_000000::RLB-c797f4e1-1264-4c36-8a8b-63abb4634024::SEC=970580000001|BUILDING_GAP8:20230101_000000::RLB-d537cff7-5c51-4bd0-bad6-1ee54d47398f::SEC=970580000001|BUILDING_GAP8:20230101_000000::RLB-d6110bad-755e-4d8c-9999-c1499ff8da7f::SEC=970580000001|BUILDING_GAP8:20230101_000000::RLB-d7cdee7e-c091-483f-b9cf-0ed48664017d::SEC=970580000001|BUILDING_GAP8:20230101_000000::RLB-da64ff1c-2e4b-4175-a927-a3c781257769::SEC=970580000001|BUILDING_GAP8:20230101_000000::RLB-e63451b3-ccf3-4b92-aace-a38760c7bf40::SEC=970580000001|BUILDING_GAP8:20230101_000000::RLB-eb3232d8-8c29-4dce-a110-65c2a9b3811f::SEC=970580000001|BUILDING_GAP8:20230101_000000::RLB-f9829d5b-7aaf-4a33-989e-5a5c14875ad5::SEC=970580000001,23,19502,16.3460727527935,0.20432590940991874,True,407.052270551507,407.052270551507,0.0,0.0,758.5469409814491,469.79899893270317,288.7479420487459,38.06592927197732,1257.640606292254,154.11908724687822,1103.521519045376,87.74537920644529,1754.9109566285806,35.559902451425415,1719.3510541771552,97.97369192339303,922.4974295872013,EX_035,D148|D150|D185,3,1,0,,1,0,,False,False,P2V2S_0113,PROPOSED_STOP,FIELD_CHECK_PENDING,PROPOSED_STOP/FIELD_CHECK_PENDING,DERIVED_GATE_D_BUS_ELIGIBLE,HYPOTHESIS_NOT_RECOMMENDATION,DASYMETRIC_BUILDING_SECTION_INTERSECTION_V2,ANALYSIS_ENVELOPE_PLUS_INHERITED_150M_SITING_BUFFER,False,DERIVED_FROM_REFERENCE_PERIOD_GTFS_PROXIMITY_NOT_CURRENT_SERVICE_GUARANTEE,150.0,220.0,55d726564e13acca55ce563cc911263ac513acb0,7c220f7586d0f6e5cccd14a2d518be52eb1c4a55,29203ad64c3e32e6164ef6997933eb5c5ff2d5b1,8a4608a60ecb367535814d965822e7502ae31eb9,097058,Olgiate Molgora,UNSPECIFIED,2287.0,1961.0,FACT_ISTAT_2021_WORK_COMMUTING_MUNICIPAL_ONLY_NOT_STOP_DEMAND
606327563,tertiary,missing_maxheight|missing_maxweight|missing_maxwidth|missing_width,0,534789.3295237151,5065105.371382881,9.447186179024976,45.738629839162925,BUILDING_GAP8:20230101_000000::RLB-d6544bc9-9b5a-4d80-8344-f04b23265bbe::SEC=970100000042,1,27560,7.050378710806155,0.08812973388507693,True,181.28637405140333,50.49504672030615,130.7913273310972,72.14625369141733,896.9435962512124,60.72438655095895,836.2192097002534,93.22985449645248,1377.4733238336573,24.57220914468168,1352.9011146889757,98.2161390192084,1659.3238653437063,7.772257933077195,1651.551607410629,99.53160090712807,373.158001924757,EX_002,D150|D185,2,2,0,,5,0,,False,False,P2V2S_0114,PROPOSED_STOP,FIELD_CHECK_PENDING,PROPOSED_STOP/FIELD_CHECK_PENDING,DERIVED_GATE_D_BUS_ELIGIBLE,HYPOTHESIS_NOT_RECOMMENDATION,DASYMETRIC_BUILDING_SECTION_INTERSECTION_V2,ANALYSIS_ENVELOPE_PLUS_INHERITED_150M_SITING_BUFFER,False,DERIVED_FROM_REFERENCE_PERIOD_GTFS_PROXIMITY_NOT_CURRENT_SERVICE_GUARANTEE,150.0,220.0,55d726564e13acca55ce563cc911263ac513acb0,7c220f7586d0f6e5cccd14a2d518be52eb1c4a55,29203ad64c3e32e6164ef6997933eb5c5ff2d5b1,8a4608a60ecb367535814d965822e7502ae31eb9,097010,Brivio,UNSPECIFIED,1662.0,1339.0,FACT_ISTAT_2021_WORK_COMMUTING_MUNICIPAL_ONLY_NOT_STOP_DEMAND
1460724510,service,missing_lanes|missing_maxheight|missing_maxweight|missing_maxwidth|missing_width,0,533662.9743198751,5065110.3647543965,9.432708646283752,45.73873053145083,BUILDING_GAP8:20230101_000000::RLB-2f1514ee-b7f0-4da2-aeb0-7f212ee463bd::SEC=970100000026,1,24396,2.329744635226907,0.029121807940336336,True,149.58359830900906,38.27447530376584,111.30912300524324,74.4126523653358,573.3987611445904,19.65425832209707,553.7445028224934,96.57232284861165,1077.9270563109803,6.221419288310376,1071.7056370226699,99.42283485214647,1533.0792977809742,2.5627548449164523,1530.516542936058,99.83283611952587,479.730443459561,EX_008,D150|D185,2,1,0,,2,0,,False,False,P2V2S_0115,PROPOSED_STOP,FIELD_CHECK_PENDING,PROPOSED_STOP/FIELD_CHECK_PENDING,DERIVED_GATE_D_BUS_ELIGIBLE,HYPOTHESIS_NOT_RECOMMENDATION,DASYMETRIC_BUILDING_SECTION_INTERSECTION_V2,ANALYSIS_ENVELOPE_PLUS_INHERITED_150M_SITING_BUFFER,False,DERIVED_FROM_REFERENCE_PERIOD_GTFS_PROXIMITY_NOT_CURRENT_SERVICE_GUARANTEE,150.0,220.0,55d726564e13acca55ce563cc911263ac513acb0,7c220f7586d0f6e5cccd14a2d518be52eb1c4a55,29203ad64c3e32e6164ef6997933eb5c5ff2d5b1,8a4608a60ecb367535814d965822e7502ae31eb9,097010,Brivio,UNSPECIFIED,1662.0,1339.0,FACT_ISTAT_2021_WORK_COMMUTING_MUNICIPAL_ONLY_NOT_STOP_DEMAND
215759431,unclassified,missing_lanes|missing_maxheight|missing_maxweight|missing_maxwidth|missing_width,0,531268.0831826284,5065117.248358521,9.401925614498278,45.73890492676556,BUILDING_GAP8:20230101_000000::RLB-2d146d82-b0fa-46e0-bd9e-e40e9c0da5c2::SEC=970580000025|BUILDING_GAP8:20230101_000000::RLB-2d146d82-b0fa-46e0-bd9e-e40e9c0da5c2::SEC=970580000037|BUILDING_GAP8:20230101_000000::RLB-ccaa0601-9c43-4761-ab8a-7162245a83e3::SEC=970580000037,3,17117,12.833988697985633,0.16042485872482043,True,26.23875330278378,26.23875330278378,0.0,0.0,134.40210539112311,134.40210539112311,0.0,0.0,243.2703971304615,214.60214652115812,28.668250609303428,11.784520824343936,401.35141879943285,191.39607992626097,209.9553388731719,52.31209584389006,1081.0820489965581,EX_011,D184|D185,2,1,1,Bruggione,0,0,,False,False,P2V2S_0116,PROPOSED_STOP,FIELD_CHECK_PENDING,PROPOSED_STOP/FIELD_CHECK_PENDING,DERIVED_GATE_D_BUS_ELIGIBLE,HYPOTHESIS_NOT_RECOMMENDATION,DASYMETRIC_BUILDING_SECTION_INTERSECTION_V2,ANALYSIS_ENVELOPE_PLUS_INHERITED_150M_SITING_BUFFER,False,DERIVED_FROM_REFERENCE_PERIOD_GTFS_PROXIMITY_NOT_CURRENT_SERVICE_GUARANTEE,150.0,220.0,55d726564e13acca55ce563cc911263ac513acb0,7c220f7586d0f6e5cccd14a2d518be52eb1c4a55,29203ad64c3e32e6164ef6997933eb5c5ff2d5b1,8a4608a60ecb367535814d965822e7502ae31eb9,097058,Olgiate Molgora,UNSPECIFIED,2287.0,1961.0,FACT_ISTAT_2021_WORK_COMMUTING_MUNICIPAL_ONLY_NOT_STOP_DEMAND
1463762247,service,missing_lanes|missing_maxheight|missing_maxweight|missing_maxwidth|missing_width,0,533407.1020568718,5065126.720474131,9.429420850000636,45.73889015000014,BUILDING_GAP8:20230101_000000::RLB-e73277bf-e5cc-452b-a164-22ad3c0f6e26::SEC=970100000010,1,23822,4.372677266953383,0.05465846583691729,True,269.40653127095413,171.81831221225454,97.58821905869956,36.22340505195501,834.0254255149422,8.87098086383944,825.1544446511028,98.9363656559556,1129.593494807408,6.221419288310376,1123.3720755190975,99.44923378924281,1217.4344777203291,0.0,1217.4344777203291,100.0,602.3003221003835,EX_008,D150|D185,2,1,0,,2,0,,False,False,P2V2S_0117,PROPOSED_STOP,FIELD_CHECK_PENDING,PROPOSED_STOP/FIELD_CHECK_PENDING,DERIVED_GATE_D_BUS_ELIGIBLE,HYPOTHESIS_NOT_RECOMMENDATION,DASYMETRIC_BUILDING_SECTION_INTERSECTION_V2,ANALYSIS_ENVELOPE_PLUS_INHERITED_150M_SITING_BUFFER,False,DERIVED_FROM_REFERENCE_PERIOD_GTFS_PROXIMITY_NOT_CURRENT_SERVICE_GUARANTEE,150.0,220.0,55d726564e13acca55ce563cc911263ac513acb0,7c220f7586d0f6e5cccd14a2d518be52eb1c4a55,29203ad64c3e32e6164ef6997933eb5c5ff2d5b1,8a4608a60ecb367535814d965822e7502ae31eb9,097010,Brivio,UNSPECIFIED,1662.0,1339.0,FACT_ISTAT_2021_WORK_COMMUTING_MUNICIPAL_ONLY_NOT_STOP_DEMAND
143945587,tertiary,missing_maxheight|missing_maxweight|missing_maxwidth|missing_width,1,527176.5844833436,5065172.804544694,9.349336927409833,45.73957787137525,BUILDING_GAP8:20230101_000000::RLB-9d2ec9a8-223a-4a98-82ba-a0e86e04411d::SEC=970920000030|BUILDING_GAP8:20230101_000000::RLB-aa119855-7c23-45e2-932d-bd5e465d2b40::SEC=970920000030,2,2067,11.989119409687138,0.14986399262108924,True,11.785105760259658,11.785105760259658,0.0,0.0,128.39255908484606,128.39255908484606,0.0,0.0,225.84233880215768,126.68884653966256,99.15349226249509,43.903854692788805,293.9594213149619,34.36184748785992,259.597573827102,88.3106833813491,1228.0600859986,EX_027,D184,1,1,1,Roncada,0,0,,False,False,P2V2S_0118,PROPOSED_STOP,FIELD_CHECK_PENDING,PROPOSED_STOP/FIELD_CHECK_PENDING,DERIVED_GATE_D_BUS_ELIGIBLE,HYPOTHESIS_NOT_RECOMMENDATION,DASYMETRIC_BUILDING_SECTION_INTERSECTION_V2,ANALYSIS_ENVELOPE_PLUS_INHERITED_150M_SITING_BUFFER,False,DERIVED_FROM_REFERENCE_PERIOD_GTFS_PROXIMITY_NOT_CURRENT_SERVICE_GUARANTEE,150.0,220.0,55d726564e13acca55ce563cc911263ac513acb0,7c220f7586d0f6e5cccd14a2d518be52eb1c4a55,29203ad64c3e32e6164ef6997933eb5c5ff2d5b1,8a4608a60ecb367535814d965822e7502ae31eb9,097092,La Valletta Brianza,UNSPECIFIED,1796.0,1521.0,FACT_ISTAT_2021_WORK_COMMUTING_MUNICIPAL_ONLY_NOT_STOP_DEMAND
581580993,residential,missing_lanes|missing_maxheight|missing_maxweight|missing_maxwidth|missing_width,0,530670.2199120137,5065199.059743905,9.394245939244094,45.739668049534615,BUILDING_GAP8:20230101_000000::RLB-0bc41ecb-8231-4606-acb5-ff1721de5350::SEC=970580000025|BUILDING_GAP8:20230101_000000::RLB-25331540-de03-473a-bffd-7c32a0661d55::SEC=970580000007|BUILDING_GAP8:20230101_000000::RLB-2805a83a-16e8-4d88-b120-eb44bccbd49d::SEC=970580000025|BUILDING_GAP8:20230101_000000::RLB-2b7f276f-0f34-47e2-8857-fbaf4ad697ae::SEC=970580000025|BUILDING_GAP8:20230101_000000::RLB-35ff46bd-1280-4791-9d06-b84ddccafe1d::SEC=970580000025|BUILDING_GAP8:20230101_000000::RLB-3cf8f7f3-f1d6-4d11-b39b-8836dee50770::SEC=970580000007|BUILDING_GAP8:20230101_000000::RLB-4f72a326-daa7-47e6-b602-c81bf61a77e5::SEC=970580000007|BUILDING_GAP8:20230101_000000::RLB-765841c0-9209-4486-8b3a-d918e514f900::SEC=970580000025|BUILDING_GAP8:20230101_000000::RLB-92ba8ec1-ef5c-40e1-9ba3-4453a04f1dee::SEC=970580000025|BUILDING_GAP8:20230101_000000::RLB-cf3bdfee-54ca-4e88-b11a-b4eb39861481::SEC=970580000007|BUILDING_GAP8:20230101_000000::RLB-e3b269e2-ec2b-47b1-a774-1014c4d399ce::SEC=970580000025|BUILDING_GAP8:20230101_000000::RLB-f6827667-4a7b-42ca-9ab7-748afdb370ea::SEC=970580000007|BUILDING_GAP8:20230101_000000::RLB-f8c0aade-8107-484c-951d-34cc7ea09f16::SEC=970580000007,13,14924,3.5676213454581314,0.04459526681822664,True,150.1560550275779,150.1560550275779,0.0,0.0,282.5836622109093,184.66129599007087,97.92236622083848,34.65252217863646,346.0266486621442,179.2121677676722,166.81448089447193,48.20856472743732,483.05619017904917,149.91321469813545,333.1429754809138,68.96567775219509,682.9104569170671,EX_037,D148,1,3,1,Mondonico,0,0,,False,False,P2V2S_0119,PROPOSED_STOP,FIELD_CHECK_PENDING,PROPOSED_STOP/FIELD_CHECK_PENDING,DERIVED_GATE_D_BUS_ELIGIBLE,HYPOTHESIS_NOT_RECOMMENDATION,DASYMETRIC_BUILDING_SECTION_INTERSECTION_V2,ANALYSIS_ENVELOPE_PLUS_INHERITED_150M_SITING_BUFFER,False,DERIVED_FROM_REFERENCE_PERIOD_GTFS_PROXIMITY_NOT_CURRENT_SERVICE_GUARANTEE,150.0,220.0,55d726564e13acca55ce563cc911263ac513acb0,7c220f7586d0f6e5cccd14a2d518be52eb1c4a55,29203ad64c3e32e6164ef6997933eb5c5ff2d5b1,8a4608a60ecb367535814d965822e7502ae31eb9,097058,Olgiate Molgora,UNSPECIFIED,2287.0,1961.0,FACT_ISTAT_2021_WORK_COMMUTING_MUNICIPAL_ONLY_NOT_STOP_DEMAND
1196041894,primary,missing_maxheight|missing_maxweight|missing_maxwidth|missing_width,2,527832.7704336611,5065207.043638757,9.357773565738864,45.73985994218695,BUILDING_GAP8:20230101_000000::RLB-1d254878-37a9-4c43-ae61-ab3a600307da::SEC=970920000030|BUILDING_GAP8:20230101_000000::RLB-6aeb562f-9425-4229-b88a-e11e29530c7b::SEC=970920000030,2,3409,16.018528610718004,0.20023160763397505,True,31.655135882544165,17.010273380086165,14.644862502458006,46.263780249743725,338.669538841823,3.0792317661953503,335.59030707562766,99.09078573268631,769.5593085359732,0.6958393671500319,768.8634691688231,99.90957950096481,1535.860265397681,21.28976478525802,1514.570500612423,98.61382150024272,456.20348664765015,EX_027,D184,1,1,0,,1,0,,False,False,P2V2S_0120,PROPOSED_STOP,FIELD_CHECK_PENDING,PROPOSED_STOP/FIELD_CHECK_PENDING,DERIVED_GATE_D_BUS_ELIGIBLE,HYPOTHESIS_NOT_RECOMMENDATION,DASYMETRIC_BUILDING_SECTION_INTERSECTION_V2,ANALYSIS_ENVELOPE_PLUS_INHERITED_150M_SITING_BUFFER,False,DERIVED_FROM_REFERENCE_PERIOD_GTFS_PROXIMITY_NOT_CURRENT_SERVICE_GUARANTEE,150.0,220.0,55d726564e13acca55ce563cc911263ac513acb0,7c220f7586d0f6e5cccd14a2d518be52eb1c4a55,29203ad64c3e32e6164ef6997933eb5c5ff2d5b1,8a4608a60ecb367535814d965822e7502ae31eb9,097092,La Valletta Brianza,UNSPECIFIED,1796.0,1521.0,FACT_ISTAT_2021_WORK_COMMUTING_MUNICIPAL_ONLY_NOT_STOP_DEMAND
1463677815,service,missing_lanes|missing_maxheight|missing_maxweight|missing_maxwidth|missing_width,0,530394.2140787244,5065229.581353849,9.390700061543942,45.739954947791574,BUILDING_GAP8:20230101_000000::RLB-95df60e4-1c17-4e10-9c20-a05f66fdf321::SEC=970580000025,1,13706,2.7245456050427674,0.03405682006303459,True,65.68431230289953,46.55080469031641,19.133507612583124,29.129493697597113,153.01642958372892,27.54552397254062,125.47090561118831,81.99832263275493,308.94203860063936,62.47539626138006,246.4666423392592,79.77763190002759,554.9500464008154,47.64767171979904,507.3023746810163,91.41406113418265,471.45167810278326,EX_037,D148,1,3,1,Mondonico,0,0,,False,False,P2V2S_0121,PROPOSED_STOP,FIELD_CHECK_PENDING,PROPOSED_STOP/FIELD_CHECK_PENDING,DERIVED_GATE_D_BUS_ELIGIBLE,HYPOTHESIS_NOT_RECOMMENDATION,DASYMETRIC_BUILDING_SECTION_INTERSECTION_V2,ANALYSIS_ENVELOPE_PLUS_INHERITED_150M_SITING_BUFFER,False,DERIVED_FROM_REFERENCE_PERIOD_GTFS_PROXIMITY_NOT_CURRENT_SERVICE_GUARANTEE,150.0,220.0,55d726564e13acca55ce563cc911263ac513acb0,7c220f7586d0f6e5cccd14a2d518be52eb1c4a55,29203ad64c3e32e6164ef6997933eb5c5ff2d5b1,8a4608a60ecb367535814d965822e7502ae31eb9,097058,Olgiate Molgora,UNSPECIFIED,2287.0,1961.0,FACT_ISTAT_2021_WORK_COMMUTING_MUNICIPAL_ONLY_NOT_STOP_DEMAND
46739952,primary,missing_maxheight|missing_maxweight|missing_maxwidth|missing_width,0,527619.6278635535,5065314.208632225,9.355039912568197,45.740833036003046,BUILDING_GAP8:20230101_000000::RLB-2caf0173-1396-42a2-bcae-abde4a36bd22::SEC=970920000016,1,2814,9.212720252172675,0.11515900315215843,True,17.010273380086165,17.010273380086165,0.0,0.0,75.78188530130255,11.400812352873857,64.3810729484287,84.95575518140626,315.6239127097456,21.28976478525802,294.3341479244876,93.25470475209636,778.3642765258489,33.62576625708174,744.7385102687672,95.67994481874643,682.5962837180501,EX_027,D184,1,1,0,,0,0,,False,False,P2V2S_0122,PROPOSED_STOP,FIELD_CHECK_PENDING,PROPOSED_STOP/FIELD_CHECK_PENDING,DERIVED_GATE_D_BUS_ELIGIBLE,HYPOTHESIS_NOT_RECOMMENDATION,DASYMETRIC_BUILDING_SECTION_INTERSECTION_V2,ANALYSIS_ENVELOPE_PLUS_INHERITED_150M_SITING_BUFFER,False,DERIVED_FROM_REFERENCE_PERIOD_GTFS_PROXIMITY_NOT_CURRENT_SERVICE_GUARANTEE,150.0,220.0,55d726564e13acca55ce563cc911263ac513acb0,7c220f7586d0f6e5cccd14a2d518be52eb1c4a55,29203ad64c3e32e6164ef6997933eb5c5ff2d5b1,8a4608a60ecb367535814d965822e7502ae31eb9,097092,La Valletta Brianza,UNSPECIFIED,1796.0,1521.0,FACT_ISTAT_2021_WORK_COMMUTING_MUNICIPAL_ONLY_NOT_STOP_DEMAND
194080869,residential,missing_lanes|missing_maxheight|missing_maxweight|missing_maxwidth|missing_width,0,530137.8210016974,5065353.714514758,9.387412080112234,45.7410834368738,BUILDING_GAP8:20230101_000000::RLB-54cc1d8b-d861-4f8a-b071-44b11604ff12::SEC=970740000006|BUILDING_GAP8:20230101_000000::RLB-7d6b3d33-81a3-494b-8b6e-2f3d54ab4abf::SEC=970740000006|BUILDING_GAP8:20230101_000000::RLB-847549a2-d761-4299-a7e1-1c9d3dcb8671::SEC=970740000006,3,12503,7.656032333435763,0.09570040416794703,True,96.93816406716198,76.2443578585756,20.693806208586366,21.34742947498883,100.96495161371269,27.976834751983972,72.98811686172868,72.29054805174165,137.6948135103694,4.0121167893253915,133.68269672104404,97.08622519102855,202.7256862427024,4.592145560326817,198.13354068237558,97.7347983645106,532.917835686074,EX_037,D148,1,2,0,,0,0,,False,False,P2V2S_0123,PROPOSED_STOP,FIELD_CHECK_PENDING,PROPOSED_STOP/FIELD_CHECK_PENDING,DERIVED_GATE_D_BUS_ELIGIBLE,HYPOTHESIS_NOT_RECOMMENDATION,DASYMETRIC_BUILDING_SECTION_INTERSECTION_V2,ANALYSIS_ENVELOPE_PLUS_INHERITED_150M_SITING_BUFFER,False,DERIVED_FROM_REFERENCE_PERIOD_GTFS_PROXIMITY_NOT_CURRENT_SERVICE_GUARANTEE,150.0,220.0,55d726564e13acca55ce563cc911263ac513acb0,7c220f7586d0f6e5cccd14a2d518be52eb1c4a55,29203ad64c3e32e6164ef6997933eb5c5ff2d5b1,8a4608a60ecb367535814d965822e7502ae31eb9,097074,Santa Maria HoÃ¨,UNSPECIFIED,836.0,724.0,FACT_ISTAT_2021_WORK_COMMUTING_MUNICIPAL_ONLY_NOT_STOP_DEMAND
194087474,unclassified,missing_lanes|missing_maxheight|missing_maxweight|missing_maxwidth|missing_width,0,531068.8592491092,5065387.200830264,9.399382139695168,45.74134362372574,BUILDING_GAP8:20230101_000000::RLB-132c6b5a-c4bd-49b9-bc7f-c8629d419070::SEC=970580000025|BUILDING_GAP8:20230101_000000::RLB-4574c8df-79a2-4f53-bd85-86e59289a673::SEC=970580000007|BUILDING_GAP8:20230101_000000::RLB-5187a84a-ee61-4ea7-8621-26ae02ecc62b::SEC=970580000025|BUILDING_GAP8:20230101_000000::RLB-58b96ef6-4758-4248-af72-09f5ecd2ded7::SEC=970580000007|BUILDING_GAP8:20230101_000000::RLB-715fef5a-8126-4a19-95a6-a28f20ecc6a1::SEC=970580000007|BUILDING_GAP8:20230101_000000::RLB-71ae52aa-ac6b-4fb0-b99f-e2706afc836a::SEC=970580000007|BUILDING_GAP8:20230101_000000::RLB-781cf88f-5169-4861-ba02-8e041032d8a7::SEC=970580000025|BUILDING_GAP8:20230101_000000::RLB-8154c6b5-6f50-4fc5-a44c-0b9be4d65c0d::SEC=970580000025|BUILDING_GAP8:20230101_000000::RLB-8fea5685-d042-4b06-b24a-7d16a29339f0::SEC=970580000025|BUILDING_GAP8:20230101_000000::RLB-af3ada3c-6063-4399-a991-e9c078dfd4cf::SEC=970580000007|BUILDING_GAP8:20230101_000000::RLB-b705b70d-bc9e-4d7a-b9ff-a3caffd9cc03::SEC=970580000007|BUILDING_GAP8:20230101_000000::RLB-cb0f2722-de99-4e24-a1cf-a8c21929ed45::SEC=970580000007|BUILDING_GAP8:20230101_000000::RLB-ceb49c1a-eaa0-4d6a-8e25-c2e584454fd7::SEC=970580000025|BUILDING_GAP8:20230101_000000::RLB-db2ea7ce-03e9-46fd-9ba0-3d73245515ca::SEC=970580000007|BUILDING_GAP8:20230101_000000::RLB-edae9838-42d7-4a12-8083-971188161692::SEC=970580000007|BUILDING_GAP8:20230101_000000::RLB-f704f8bb-2717-4100-803c-ac88dbc3a12d::SEC=970580000007|SETTLEMENT_GAP8:OSM_POINT_1144810107,17,16266,38.32556275070834,0.4790695343838543,True,202.7833404121974,202.7833404121974,0.0,0.0,235.48545362831558,235.48545362831558,0.0,0.0,306.7663401197789,255.25376234313921,51.512577776639674,16.792121898551926,357.93520325994245,197.58592989909366,160.34927336084883,44.79840817568277,1201.4347253751673,EX_037,D148,1,2,2,Caglianello|Mondonico,0,0,,False,False,P2V2S_0124,PROPOSED_STOP,FIELD_CHECK_PENDING,PROPOSED_STOP/FIELD_CHECK_PENDING,DERIVED_GATE_D_BUS_ELIGIBLE,HYPOTHESIS_NOT_RECOMMENDATION,DASYMETRIC_BUILDING_SECTION_INTERSECTION_V2,ANALYSIS_ENVELOPE_PLUS_INHERITED_150M_SITING_BUFFER,False,DERIVED_FROM_REFERENCE_PERIOD_GTFS_PROXIMITY_NOT_CURRENT_SERVICE_GUARANTEE,150.0,220.0,55d726564e13acca55ce563cc911263ac513acb0,7c220f7586d0f6e5cccd14a2d518be52eb1c4a55,29203ad64c3e32e6164ef6997933eb5c5ff2d5b1,8a4608a60ecb367535814d965822e7502ae31eb9,097058,Olgiate Molgora,UNSPECIFIED,2287.0,1961.0,FACT_ISTAT_2021_WORK_COMMUTING_MUNICIPAL_ONLY_NOT_STOP_DEMAND
689063165,service,missing_lanes|missing_maxheight|missing_maxweight|missing_maxwidth|missing_width,0,530750.4102737922,5065435.85796962,9.395291750010227,45.74179580000688,BUILDING_GAP8:20230101_000000::RLB-188e4c96-a35b-4878-8d58-03c156e728e6::SEC=970580000007|BUILDING_GAP8:20230101_000000::RLB-27c121dc-187d-4a0e-9d8f-7013cbee8683::SEC=970580000007|BUILDING_GAP8:20230101_000000::RLB-49686a91-8032-4a56-b8ca-6a5d26143355::SEC=970580000007|BUILDING_GAP8:20230101_000000::RLB-553fd8cc-b6a7-4cc5-80ca-093b94e74e36::SEC=970580000007|BUILDING_GAP8:20230101_000000::RLB-5615286b-15a0-466a-a4a8-6e2994896766::SEC=970580000007|BUILDING_GAP8:20230101_000000::RLB-5d58c601-bf2d-44a9-9979-943ca175641c::SEC=970580000007|BUILDING_GAP8:20230101_000000::RLB-6607701d-cec0-4730-8d63-89c00968a20f::SEC=970580000007|BUILDING_GAP8:20230101_000000::RLB-6fd7c461-ec1f-44f2-a756-6ac904721772::SEC=970580000007|BUILDING_GAP8:20230101_000000::RLB-7f361166-4346-4210-bb16-81ec6b85fd66::SEC=970580000007|BUILDING_GAP8:20230101_000000::RLB-96145639-920a-48e2-87d8-42522a26d9f7::SEC=970580000007|BUILDING_GAP8:20230101_000000::RLB-97249f95-40a8-4a53-b59b-fa8513e2bcd3::SEC=970580000007|BUILDING_GAP8:20230101_000000::RLB-99ae574b-a527-4432-86c2-9a2cb91a171c::SEC=970580000007|BUILDING_GAP8:20230101_000000::RLB-af2b3ca5-8d59-4279-814b-e07ab7b31228::SEC=970580000007|BUILDING_GAP8:20230101_000000::RLB-b09574e9-7bb2-4905-ab56-0143bab89bcc::SEC=970580000025|BUILDING_GAP8:20230101_000000::RLB-b661d9b0-5ab7-40c9-87b4-162811b852ed::SEC=970580000007|BUILDING_GAP8:20230101_000000::RLB-d54150a6-7824-4c35-b814-3d1685b1ebe1::SEC=970580000007|BUILDING_GAP8:20230101_000000::RLB-f98d9286-8391-4e87-ac96-19f4ef57497a::SEC=970580000007,17,15239,3.4747125833186736,0.04343390729148342,True,191.2666041568434,191.2666041568434,0.0,0.0,300.7530179277741,264.9485889797882,35.804428947985926,11.90492756969919,367.5955578789165,236.10359023873013,131.49196764018637,35.77082606735388,410.4823700648092,158.094426729312,252.3879433354972,61.48569627866084,829.5334748040132,EX_037,D148,1,2,1,Mondonico,0,0,,False,False,P2V2S_0125,PROPOSED_STOP,FIELD_CHECK_PENDING,PROPOSED_STOP/FIELD_CHECK_PENDING,DERIVED_GATE_D_BUS_ELIGIBLE,HYPOTHESIS_NOT_RECOMMENDATION,DASYMETRIC_BUILDING_SECTION_INTERSECTION_V2,ANALYSIS_ENVELOPE_PLUS_INHERITED_150M_SITING_BUFFER,False,DERIVED_FROM_REFERENCE_PERIOD_GTFS_PROXIMITY_NOT_CURRENT_SERVICE_GUARANTEE,150.0,220.0,55d726564e13acca55ce563cc911263ac513acb0,7c220f7586d0f6e5cccd14a2d518be52eb1c4a55,29203ad64c3e32e6164ef6997933eb5c5ff2d5b1,8a4608a60ecb367535814d965822e7502ae31eb9,097058,Olgiate Molgora,UNSPECIFIED,2287.0,1961.0,FACT_ISTAT_2021_WORK_COMMUTING_MUNICIPAL_ONLY_NOT_STOP_DEMAND
173039689,residential,missing_lanes|missing_maxheight|missing_maxweight|missing_maxwidth|missing_width,0,526783.5975115522,5065437.567716409,9.34430008083943,45.741976230229085,BUILDING_GAP8:20230101_000000::RLB-40152a7d-8ada-4b73-b417-3868739e2d3a::SEC=970920000030|BUILDING_GAP8:20230101_000000::RLB-4cc6a8d2-c1c7-4a0d-b898-f57317949771::SEC=970920000030|BUILDING_GAP8:20230101_000000::RLB-52294ff4-a0b3-4b75-8289-354ccd47a8bb::SEC=970920000030|BUILDING_GAP8:20230101_000000::RLB-a29edcc4-8a17-4f29-a984-7a0bf31c1ff2::SEC=970920000030|BUILDING_GAP8:20230101_000000::RLB-d821f9df-344a-4acd-a321-1b3fef4e4103::SEC=970920000030|BUILDING_GAP8:20230101_000000::RLB-fd45cbdc-ed68-4848-8a3e-52f222bd55c8::SEC=970920000030,6,1395,8.747328076630119,0.10934160095787648,True,14.163737734113312,14.163737734113312,0.0,0.0,21.56029130504332,21.56029130504332,0.0,0.0,25.179097520130227,25.179097520130227,0.0,0.0,93.09850455693488,33.33417719094072,59.76432736599416,64.19472326695104,1710.9197781202392,EX_027,D184,1,0,0,,0,0,,False,False,P2V2S_0126,PROPOSED_STOP,FIELD_CHECK_PENDING,PROPOSED_STOP/FIELD_CHECK_PENDING,DERIVED_GATE_D_BUS_ELIGIBLE,HYPOTHESIS_NOT_RECOMMENDATION,DASYMETRIC_BUILDING_SECTION_INTERSECTION_V2,ANALYSIS_ENVELOPE_PLUS_INHERITED_150M_SITING_BUFFER,False,DERIVED_FROM_REFERENCE_PERIOD_GTFS_PROXIMITY_NOT_CURRENT_SERVICE_GUARANTEE,150.0,220.0,55d726564e13acca55ce563cc911263ac513acb0,7c220f7586d0f6e5cccd14a2d518be52eb1c4a55,29203ad64c3e32e6164ef6997933eb5c5ff2d5b1,8a4608a60ecb367535814d965822e7502ae31eb9,097092,La Valletta Brianza,UNSPECIFIED,1796.0,1521.0,FACT_ISTAT_2021_WORK_COMMUTING_MUNICIPAL_ONLY_NOT_STOP_DEMAND
46739952,primary,missing_maxheight|missing_maxweight|missing_maxwidth|missing_width,2,527375.6555138672,5065488.545930076,9.351913658037162,45.74241187572904,BUILDING_GAP8:20230101_000000::RLB-26f3af76-e318-4026-af28-576de20a761f::SEC=970920000050|BUILDING_GAP8:20230101_000000::RLB-27bdcb81-7695-4b78-b159-0f73c15071e2::SEC=970920000027|BUILDING_GAP8:20230101_000000::RLB-37befd98-067b-4ac9-8200-8a5834396096::SEC=970920000027|BUILDING_GAP8:20230101_000000::RLB-3dea622e-2ce6-459c-85e1-347772fe760c::SEC=970920000027|BUILDING_GAP8:20230101_000000::RLB-afbc066a-7239-4c7c-a520-35e5862b4718::SEC=970920000027,5,2404,14.640833782100325,0.18301042227625405,True,8.321580586678508,8.321580586678508,0.0,0.0,34.915370409716154,20.669836171669548,14.245534238046606,40.800180753867636,61.77812854830823,31.299088789500562,30.47903975880767,49.33629502061426,207.53768190517425,39.16373214126668,168.3739497639076,81.12933912446758,993.4525107787636,EX_027,D184,1,1,0,,0,0,,False,False,P2V2S_0127,PROPOSED_STOP,FIELD_CHECK_PENDING,PROPOSED_STOP/FIELD_CHECK_PENDING,DERIVED_GATE_D_BUS_ELIGIBLE,HYPOTHESIS_NOT_RECOMMENDATION,DASYMETRIC_BUILDING_SECTION_INTERSECTION_V2,ANALYSIS_ENVELOPE_PLUS_INHERITED_150M_SITING_BUFFER,False,DERIVED_FROM_REFERENCE_PERIOD_GTFS_PROXIMITY_NOT_CURRENT_SERVICE_GUARANTEE,150.0,220.0,55d726564e13acca55ce563cc911263ac513acb0,7c220f7586d0f6e5cccd14a2d518be52eb1c4a55,29203ad64c3e32e6164ef6997933eb5c5ff2d5b1,8a4608a60ecb367535814d965822e7502ae31eb9,097092,La Valletta Brianza,UNSPECIFIED,1796.0,1521.0,FACT_ISTAT_2021_WORK_COMMUTING_MUNICIPAL_ONLY_NOT_STOP_DEMAND
573427525,unclassified,missing_lanes|missing_maxheight|missing_maxweight|missing_maxwidth|missing_width,3,533503.4812248278,5065511.516845386,9.430686317603216,45.742348846896334,BUILDING_GAP8:20230101_000000::RLB-d5b70c81-ce1c-4d35-a36a-ee9d91b534fc::SEC=970100000009,1,24010,2.4068123338996457,0.03008515417374557,True,48.90314235684292,42.61730071055018,6.285841646292735,12.853655907069067,524.8157272605156,17.781402238269916,507.03432502224564,96.61187702375325,966.0315525017376,21.263457789039514,944.7680947126981,97.79888578856732,1287.493663925451,2.5627548449164523,1284.9309090805348,99.80095010043757,750.8014297695161,EX_008,D150|D185,2,1,0,,2,0,,False,False,P2V2S_0128,PROPOSED_STOP,FIELD_CHECK_PENDING,PROPOSED_STOP/FIELD_CHECK_PENDING,DERIVED_GATE_D_BUS_ELIGIBLE,HYPOTHESIS_NOT_RECOMMENDATION,DASYMETRIC_BUILDING_SECTION_INTERSECTION_V2,ANALYSIS_ENVELOPE_PLUS_INHERITED_150M_SITING_BUFFER,False,DERIVED_FROM_REFERENCE_PERIOD_GTFS_PROXIMITY_NOT_CURRENT_SERVICE_GUARANTEE,150.0,220.0,55d726564e13acca55ce563cc911263ac513acb0,7c220f7586d0f6e5cccd14a2d518be52eb1c4a55,29203ad64c3e32e6164ef6997933eb5c5ff2d5b1,8a4608a60ecb367535814d965822e7502ae31eb9,097010,Brivio,UNSPECIFIED,1662.0,1339.0,FACT_ISTAT_2021_WORK_COMMUTING_MUNICIPAL_ONLY_NOT_STOP_DEMAND
245610250,primary,missing_maxheight|missing_maxweight|missing_maxwidth|missing_width,4,533039.2097917374,5065645.564574384,9.424727436677582,45.74357768509202,BUILDING_GAP8:20230101_000000::RLB-a956fe54-7196-4c0f-bfcb-e0050d99d73c::SEC=970100000009,1,22612,28.5992437115808,0.35749054639476,True,102.00710513468543,20.78956227146775,81.21754286321769,79.61949587333336,359.5954858343431,7.895548314683719,351.69993751965933,97.804324963545,714.1606453598667,19.53996505216026,694.6206803077064,97.26392581569458,1132.7978074598668,2.5627548449164523,1130.2350526149503,99.77376767256789,281.23623861563914,EX_014,D148|D150,2,1,0,,0,0,,False,False,P2V2S_0129,PROPOSED_STOP,FIELD_CHECK_PENDING,PROPOSED_STOP/FIELD_CHECK_PENDING,DERIVED_GATE_D_BUS_ELIGIBLE,HYPOTHESIS_NOT_RECOMMENDATION,DASYMETRIC_BUILDING_SECTION_INTERSECTION_V2,ANALYSIS_ENVELOPE_PLUS_INHERITED_150M_SITING_BUFFER,True,DERIVED_FROM_REFERENCE_PERIOD_GTFS_PROXIMITY_NOT_CURRENT_SERVICE_GUARANTEE,150.0,220.0,55d726564e13acca55ce563cc911263ac513acb0,7c220f7586d0f6e5cccd14a2d518be52eb1c4a55,29203ad64c3e32e6164ef6997933eb5c5ff2d5b1,8a4608a60ecb367535814d965822e7502ae31eb9,097010,Brivio,UNSPECIFIED,1662.0,1339.0,FACT_ISTAT_2021_WORK_COMMUTING_MUNICIPAL_ONLY_NOT_STOP_DEMAND
46739952,primary,missing_maxheight|missing_maxweight|missing_maxwidth|missing_width,4,527130.8563277916,5065649.122957386,9.348775826718594,45.74386681198279,BUILDING_GAP8:20230101_000000::RLB-0c4ddd35-da7c-4dbb-9512-9437a46655e2::SEC=970920000050|BUILDING_GAP8:20230101_000000::RLB-1eb0c681-f100-499a-8e65-b2c0351301e8::SEC=970920000016|BUILDING_GAP8:20230101_000000::RLB-40a67bd4-5f50-4142-96d2-bf43154f11fe::SEC=970920000016|BUILDING_GAP8:20230101_000000::RLB-6e9cb6b8-c4af-4089-9ea4-1894818e402b::SEC=970920000030|BUILDING_GAP8:20230101_000000::RLB-7412a19b-c6d4-4b1d-bd29-493cb77ebac6::SEC=970920000016|BUILDING_GAP8:20230101_000000::RLB-a28c1b33-b437-4c66-954e-092fdead8a87::SEC=970920000030,6,2040,25.91762525020282,0.32397031562753525,True,17.043927648578812,17.043927648578812,0.0,0.0,17.905097029629996,17.905097029629996,0.0,0.0,42.934754351088316,31.299088789500562,11.635665561587746,27.100808511538172,129.476306983057,34.91789500458747,94.55841197846951,73.03144040928139,1264.1708432140142,EX_027,D184,1,0,0,,0,0,,False,False,P2V2S_0130,PROPOSED_STOP,FIELD_CHECK_PENDING,PROPOSED_STOP/FIELD_CHECK_PENDING,DERIVED_GATE_D_BUS_ELIGIBLE,HYPOTHESIS_NOT_RECOMMENDATION,DASYMETRIC_BUILDING_SECTION_INTERSECTION_V2,ANALYSIS_ENVELOPE_PLUS_INHERITED_150M_SITING_BUFFER,False,DERIVED_FROM_REFERENCE_PERIOD_GTFS_PROXIMITY_NOT_CURRENT_SERVICE_GUARANTEE,150.0,220.0,55d726564e13acca55ce563cc911263ac513acb0,7c220f7586d0f6e5cccd14a2d518be52eb1c4a55,29203ad64c3e32e6164ef6997933eb5c5ff2d5b1,8a4608a60ecb367535814d965822e7502ae31eb9,097092,La Valletta Brianza,UNSPECIFIED,1796.0,1521.0,FACT_ISTAT_2021_WORK_COMMUTING_MUNICIPAL_ONLY_NOT_STOP_DEMAND
132322446,unclassified,missing_lanes|missing_maxheight|missing_maxweight|missing_maxwidth|missing_width,0,528356.761542639,5065653.914535044,9.364535195532468,45.743860745189224,BUILDING_GAP8:20230101_000000::RLB-380940ad-5a3d-4dcc-a72c-f7d07fc9b642::SEC=970920000013|BUILDING_GAP8:20230101_000000::RLB-eb7d15c7-b76a-4760-8f07-1b603c28e083::SEC=970920000013,2,4962,9.18639418631215,0.11482992732890188,True,12.351682193736881,12.351682193736881,0.0,0.0,191.68462622407253,9.023255813953488,182.66137041011905,95.29265544571862,787.6086679967514,4.918114207589685,782.6905537891619,99.37556372759349,1484.7255463323424,4.245837136679207,1480.4797091956632,99.71403218950684,618.1529813244965,EX_030,D160|D184,2,1,1,Prestabbio,2,0,,False,False,P2V2S_0131,PROPOSED_STOP,FIELD_CHECK_PENDING,PROPOSED_STOP/FIELD_CHECK_PENDING,DERIVED_GATE_D_BUS_ELIGIBLE,HYPOTHESIS_NOT_RECOMMENDATION,DASYMETRIC_BUILDING_SECTION_INTERSECTION_V2,ANALYSIS_ENVELOPE_PLUS_INHERITED_150M_SITING_BUFFER,False,DERIVED_FROM_REFERENCE_PERIOD_GTFS_PROXIMITY_NOT_CURRENT_SERVICE_GUARANTEE,150.0,220.0,55d726564e13acca55ce563cc911263ac513acb0,7c220f7586d0f6e5cccd14a2d518be52eb1c4a55,29203ad64c3e32e6164ef6997933eb5c5ff2d5b1,8a4608a60ecb367535814d965822e7502ae31eb9,097092,La Valletta Brianza,UNSPECIFIED,1796.0,1521.0,FACT_ISTAT_2021_WORK_COMMUTING_MUNICIPAL_ONLY_NOT_STOP_DEMAND
194070237,unclassified,missing_lanes|missing_maxheight|missing_maxweight|missing_maxwidth|missing_width,0,528579.388701235,5065725.253499042,9.367401291235995,45.74449366918644,BUILDING_GAP8:20230101_000000::RLB-36c7f7e2-f690-4d24-a5fd-105fa745dab6::SEC=970920000013|BUILDING_GAP8:20230101_000000::RLB-380940ad-5a3d-4dcc-a72c-f7d07fc9b642::SEC=970920000013|BUILDING_GAP8:20230101_000000::RLB-59d9b624-aaf4-4886-a0d8-867efce4fe54::SEC=970920000013|BUILDING_GAP8:20230101_000000::RLB-8f6ddea3-bfd7-4df3-b104-c1736d9d514a::SEC=970920000013|BUILDING_GAP8:20230101_000000::RLB-eb7d15c7-b76a-4760-8f07-1b603c28e083::SEC=970920000013,5,5615,4.177565704856291,0.052219571310703636,True,55.90577228323797,14.071729388972399,41.83404289426558,74.82955907007215,363.7322679452898,9.023255813953488,354.70901213133635,97.51925891400137,666.7050220064748,4.918114207589685,661.7869077988853,99.2623253095067,1097.1926333341974,0.0,1097.1926333341974,100.0,586.789339145434,EX_022,D184,1,2,1,Prestabbio,3,0,,False,False,P2V2S_0132,PROPOSED_STOP,FIELD_CHECK_PENDING,PROPOSED_STOP/FIELD_CHECK_PENDING,DERIVED_GATE_D_BUS_ELIGIBLE,HYPOTHESIS_NOT_RECOMMENDATION,DASYMETRIC_BUILDING_SECTION_INTERSECTION_V2,ANALYSIS_ENVELOPE_PLUS_INHERITED_150M_SITING_BUFFER,False,DERIVED_FROM_REFERENCE_PERIOD_GTFS_PROXIMITY_NOT_CURRENT_SERVICE_GUARANTEE,150.0,220.0,55d726564e13acca55ce563cc911263ac513acb0,7c220f7586d0f6e5cccd14a2d518be52eb1c4a55,29203ad64c3e32e6164ef6997933eb5c5ff2d5b1,8a4608a60ecb367535814d965822e7502ae31eb9,097092,La Valletta Brianza,UNSPECIFIED,1796.0,1521.0,FACT_ISTAT_2021_WORK_COMMUTING_MUNICIPAL_ONLY_NOT_STOP_DEMAND
194080872,unclassified,missing_lanes|missing_maxheight|missing_maxweight|missing_maxwidth|missing_width,1,530132.2781156973,5065726.689692458,9.387364045180234,45.744440658500686,BUILDING_GAP8:20230101_000000::RLB-e25cf589-93a3-4e4e-81a9-143a9e79b8aa::SEC=970740000011,1,12410,9.861521836919184,0.12326902296148981,True,4.606816317552129,4.606816317552129,0.0,0.0,25.71232347064948,16.677263206284454,9.035060264365027,35.13902691321737,36.495018163824135,9.920415059511791,26.574603104312335,72.81707049718513,81.89481482479077,13.902685415568437,67.99212940922234,83.02372934683055,1042.0772196254256,EX_037,D148,1,2,1,Mirabella,0,0,,False,False,P2V2S_0133,PROPOSED_STOP,FIELD_CHECK_PENDING,PROPOSED_STOP/FIELD_CHECK_PENDING,DERIVED_GATE_D_BUS_ELIGIBLE,HYPOTHESIS_NOT_RECOMMENDATION,DASYMETRIC_BUILDING_SECTION_INTERSECTION_V2,ANALYSIS_ENVELOPE_PLUS_INHERITED_150M_SITING_BUFFER,False,DERIVED_FROM_REFERENCE_PERIOD_GTFS_PROXIMITY_NOT_CURRENT_SERVICE_GUARANTEE,150.0,220.0,55d726564e13acca55ce563cc911263ac513acb0,7c220f7586d0f6e5cccd14a2d518be52eb1c4a55,29203ad64c3e32e6164ef6997933eb5c5ff2d5b1,8a4608a60ecb367535814d965822e7502ae31eb9,097074,Santa Maria HoÃ¨,UNSPECIFIED,836.0,724.0,FACT_ISTAT_2021_WORK_COMMUTING_MUNICIPAL_ONLY_NOT_STOP_DEMAND
223276929,unclassified,missing_lanes|missing_maxheight|missing_maxweight|missing_maxwidth|missing_width,2,533477.4322841978,5065761.324459678,9.430368744558898,45.74459850109908,BUILDING_GAP8:20230101_000000::RLB-0fc0bfa1-4e9e-4754-bbe9-95a9e5d89352::SEC=970100000009|BUILDING_GAP8:20230101_000000::RLB-a50cd4d9-641c-443d-874a-f6c0c5c117b3::SEC=970100000009,2,23959,3.696117036480865,0.04620146295601081,True,15.423096690726275,15.423096690726275,0.0,0.0,124.62363291444339,27.956133447759676,96.66749946668371,77.56755055684171,351.11328110622105,25.761384340470634,325.35189676575044,92.66294221075701,845.5559692072429,2.5627548449164523,842.9932143623265,99.69691481838639,930.3160735250347,EX_014,D148|D150,2,0,0,,0,0,,False,False,P2V2S_0134,PROPOSED_STOP,FIELD_CHECK_PENDING,PROPOSED_STOP/FIELD_CHECK_PENDING,DERIVED_GATE_D_BUS_ELIGIBLE,HYPOTHESIS_NOT_RECOMMENDATION,DASYMETRIC_BUILDING_SECTION_INTERSECTION_V2,ANALYSIS_ENVELOPE_PLUS_INHERITED_150M_SITING_BUFFER,False,DERIVED_FROM_REFERENCE_PERIOD_GTFS_PROXIMITY_NOT_CURRENT_SERVICE_GUARANTEE,150.0,220.0,55d726564e13acca55ce563cc911263ac513acb0,7c220f7586d0f6e5cccd14a2d518be52eb1c4a55,29203ad64c3e32e6164ef6997933eb5c5ff2d5b1,8a4608a60ecb367535814d965822e7502ae31eb9,097010,Brivio,UNSPECIFIED,1662.0,1339.0,FACT_ISTAT_2021_WORK_COMMUTING_MUNICIPAL_ONLY_NOT_STOP_DEMAND
46739952,primary,missing_maxheight|missing_maxweight|missing_maxwidth|missing_width,6,526890.8379686605,5065816.113135357,9.345699647905052,45.74537919831236,BUILDING_GAP8:20230101_000000::RLB-0c4ddd35-da7c-4dbb-9512-9437a46655e2::SEC=970920000050|BUILDING_GAP8:20230101_000000::RLB-1eb0c681-f100-499a-8e65-b2c0351301e8::SEC=970920000016|BUILDING_GAP8:20230101_000000::RLB-40a67bd4-5f50-4142-96d2-bf43154f11fe::SEC=970920000016|BUILDING_GAP8:20230101_000000::RLB-7412a19b-c6d4-4b1d-bd29-493cb77ebac6::SEC=970920000016,4,1631,7.826373853638025,0.09782967317047532,True,8.722347061900303,8.722347061900303,0.0,0.0,9.418186429050335,9.418186429050335,0.0,0.0,17.043927648578812,17.043927648578812,0.0,0.0,17.905097029629996,17.905097029629996,0.0,0.0,1579.8235909215132,EX_027,D184,1,0,0,,0,0,,False,False,P2V2S_0135,PROPOSED_STOP,FIELD_CHECK_PENDING,PROPOSED_STOP/FIELD_CHECK_PENDING,DERIVED_GATE_D_BUS_ELIGIBLE,HYPOTHESIS_NOT_RECOMMENDATION,DASYMETRIC_BUILDING_SECTION_INTERSECTION_V2,ANALYSIS_ENVELOPE_PLUS_INHERITED_150M_SITING_BUFFER,False,DERIVED_FROM_REFERENCE_PERIOD_GTFS_PROXIMITY_NOT_CURRENT_SERVICE_GUARANTEE,150.0,220.0,55d726564e13acca55ce563cc911263ac513acb0,7c220f7586d0f6e5cccd14a2d518be52eb1c4a55,29203ad64c3e32e6164ef6997933eb5c5ff2d5b1,8a4608a60ecb367535814d965822e7502ae31eb9,097092,La Valletta Brianza,UNSPECIFIED,1796.0,1521.0,FACT_ISTAT_2021_WORK_COMMUTING_MUNICIPAL_ONLY_NOT_STOP_DEMAND
574075759,service,missing_lanes|missing_maxheight|missing_maxweight|missing_maxwidth|missing_width,0,528178.5901206818,5065865.767865534,9.362257124522813,45.74577483026519,SETTLEMENT_GAP8:OSM_POINT_2101450270,1,4472,20.829228792642553,0.2603653599080319,True,0.0,0.0,0.0,0.0,7.433567986147196,4.105141606363802,3.328426379783393,44.77562303843958,55.60933112383489,4.918114207589685,50.69121691624521,91.15595511005577,244.1635450231675,0.0,244.1635450231675,100.0,893.9090196036817,EX_030,D160|D184,2,2,2,Cascinette Nere|Prestabbio,0,0,,False,False,P2V2S_0136,PROPOSED_STOP,FIELD_CHECK_PENDING,PROPOSED_STOP/FIELD_CHECK_PENDING,DERIVED_GATE_D_BUS_ELIGIBLE,HYPOTHESIS_NOT_RECOMMENDATION,DASYMETRIC_BUILDING_SECTION_INTERSECTION_V2,ANALYSIS_ENVELOPE_PLUS_INHERITED_150M_SITING_BUFFER,False,DERIVED_FROM_REFERENCE_PERIOD_GTFS_PROXIMITY_NOT_CURRENT_SERVICE_GUARANTEE,150.0,220.0,55d726564e13acca55ce563cc911263ac513acb0,7c220f7586d0f6e5cccd14a2d518be52eb1c4a55,29203ad64c3e32e6164ef6997933eb5c5ff2d5b1,8a4608a60ecb367535814d965822e7502ae31eb9,097019,Castello di Brianza,UNSPECIFIED,,,FACT_ISTAT_2021_WORK_COMMUTING_MUNICIPAL_ONLY_NOT_STOP_DEMAND
194077338,residential,missing_lanes|missing_maxheight|missing_maxweight|missing_maxwidth|missing_width,1,529290.2532707565,5065911.448063167,9.376550855134111,45.74613977205124,BUILDING_GAP8:20230101_000000::RLB-298eb3e8-4309-4b23-80c9-ecf9d75a0f9e::SEC=970740000011|BUILDING_GAP8:20230101_000000::RLB-5a1f1cde-e375-4567-a2ea-ab06fd110c47::SEC=970740000011|SETTLEMENT_GAP8:OSM_POINT_13912253728,3,8747,3.0917092697731565,0.038646365872164454,True,25.578219928819003,6.286361611842975,19.291858316976025,75.42299022630527,136.7874167527536,3.5464749393670805,133.2409418133865,97.40730907596756,503.1109550362044,1.379048076184973,501.73190696001944,99.72589583622052,983.7057331024617,1.379048076184973,982.3266850262768,99.85981091399807,397.0794974584001,EX_022,D184,1,1,0,,2,0,,False,False,P2V2S_0137,PROPOSED_STOP,FIELD_CHECK_PENDING,PROPOSED_STOP/FIELD_CHECK_PENDING,DERIVED_GATE_D_BUS_ELIGIBLE,HYPOTHESIS_NOT_RECOMMENDATION,DASYMETRIC_BUILDING_SECTION_INTERSECTION_V2,ANALYSIS_ENVELOPE_PLUS_INHERITED_150M_SITING_BUFFER,False,DERIVED_FROM_REFERENCE_PERIOD_GTFS_PROXIMITY_NOT_CURRENT_SERVICE_GUARANTEE,150.0,220.0,55d726564e13acca55ce563cc911263ac513acb0,7c220f7586d0f6e5cccd14a2d518be52eb1c4a55,29203ad64c3e32e6164ef6997933eb5c5ff2d5b1,8a4608a60ecb367535814d965822e7502ae31eb9,097074,Santa Maria HoÃ¨,UNSPECIFIED,836.0,724.0,FACT_ISTAT_2021_WORK_COMMUTING_MUNICIPAL_ONLY_NOT_STOP_DEMAND
237749924,residential,missing_lanes|missing_maxheight|missing_maxweight|missing_maxwidth|missing_width,0,530381.9506694057,5065914.814799817,9.390585431880966,45.74612295888087,BUILDING_GAP8:20230101_000000::RLB-0b5f633e-6311-4e83-be29-11c13c43b79b::SEC=970580000030|BUILDING_GAP8:20230101_000000::RLB-0c80c209-74ef-45d8-9504-d5918d9f1ea2::SEC=970740000007|BUILDING_GAP8:20230101_000000::RLB-2d4e28b7-c9cb-48a0-9e1a-853be47ee3ff::SEC=970580000025|BUILDING_GAP8:20230101_000000::RLB-36668514-a6ac-45fa-b8d0-b97545ce58fc::SEC=970580000030|BUILDING_GAP8:20230101_000000::RLB-36668514-a6ac-45fa-b8d0-b97545ce58fc::SEC=970740000007|BUILDING_GAP8:20230101_000000::RLB-4eb82b65-137e-4547-8e83-0e15b310aff4::SEC=970740000007|BUILDING_GAP8:20230101_000000::RLB-6ac373d8-5ad0-425e-ae64-4f83cca06372::SEC=970580000030|BUILDING_GAP8:20230101_000000::RLB-6ac373d8-5ad0-425e-ae64-4f83cca06372::SEC=970740000007|BUILDING_GAP8:20230101_000000::RLB-ae876e5f-1c8e-4f49-baa2-05289d08032f::SEC=970580000030|BUILDING_GAP8:20230101_000000::RLB-ae876e5f-1c8e-4f49-baa2-05289d08032f::SEC=970740000007|BUILDING_GAP8:20230101_000000::RLB-c71d3e58-e5b9-49ac-a0ff-f00594f8de79::SEC=970740000011|SETTLEMENT_GAP8:OSM_POINT_1144810197,12,13669,1.3595844630383382,0.01699480578797923,True,11.483625776301498,11.483625776301498,0.0,0.0,13.025820887310237,13.025820887310237,0.0,0.0,17.758766021972118,17.758766021972118,0.0,0.0,17.866653313214968,17.866653313214968,0.0,0.0,1526.7466104834718,EX_033,D184,1,2,2,Mirabella|Paù,0,0,,False,False,P2V2S_0138,PROPOSED_STOP,FIELD_CHECK_PENDING,PROPOSED_STOP/FIELD_CHECK_PENDING,DERIVED_GATE_D_BUS_ELIGIBLE,HYPOTHESIS_NOT_RECOMMENDATION,DASYMETRIC_BUILDING_SECTION_INTERSECTION_V2,ANALYSIS_ENVELOPE_PLUS_INHERITED_150M_SITING_BUFFER,False,DERIVED_FROM_REFERENCE_PERIOD_GTFS_PROXIMITY_NOT_CURRENT_SERVICE_GUARANTEE,150.0,220.0,55d726564e13acca55ce563cc911263ac513acb0,7c220f7586d0f6e5cccd14a2d518be52eb1c4a55,29203ad64c3e32e6164ef6997933eb5c5ff2d5b1,8a4608a60ecb367535814d965822e7502ae31eb9,097074,Santa Maria HoÃ¨,UNSPECIFIED,836.0,724.0,FACT_ISTAT_2021_WORK_COMMUTING_MUNICIPAL_ONLY_NOT_STOP_DEMAND
1463998936,service,missing_lanes|missing_maxheight|missing_maxweight|missing_maxwidth|missing_width,0,534122.6875357172,5065919.876560305,9.438674750155146,45.745994000548066,BUILDING_GAP8:20230101_000000::RLB-0593e272-a48b-4614-8511-cb1c6dbba808::SEC=970100000019,1,25443,27.66819609133196,0.34585245114164953,True,31.878642718926685,31.878642718926685,0.0,0.0,244.88373106554457,83.01279914747744,161.87093191806713,66.10113755361782,456.46351745873545,63.545442833485495,392.91807462524986,86.07874662420745,520.4954755718092,4.921818055946199,515.573657515863,99.0543975333236,906.5892771831844,EX_036,D148|D150|D185,3,0,0,,0,0,,False,False,P2V2S_0139,PROPOSED_STOP,FIELD_CHECK_PENDING,PROPOSED_STOP/FIELD_CHECK_PENDING,DERIVED_GATE_D_BUS_ELIGIBLE,HYPOTHESIS_NOT_RECOMMENDATION,DASYMETRIC_BUILDING_SECTION_INTERSECTION_V2,ANALYSIS_ENVELOPE_PLUS_INHERITED_150M_SITING_BUFFER,False,DERIVED_FROM_REFERENCE_PERIOD_GTFS_PROXIMITY_NOT_CURRENT_SERVICE_GUARANTEE,150.0,220.0,55d726564e13acca55ce563cc911263ac513acb0,7c220f7586d0f6e5cccd14a2d518be52eb1c4a55,29203ad64c3e32e6164ef6997933eb5c5ff2d5b1,8a4608a60ecb367535814d965822e7502ae31eb9,097010,Brivio,UNSPECIFIED,1662.0,1339.0,FACT_ISTAT_2021_WORK_COMMUTING_MUNICIPAL_ONLY_NOT_STOP_DEMAND
245610250,primary,missing_maxheight|missing_maxweight|missing_maxwidth|missing_width,2,533140.5199581641,5065927.013141267,9.426049037816671,45.7461060138879,BUILDING_GAP8:20230101_000000::RLB-9d441314-2a03-4ea0-93ab-34cdc47730eb::SEC=970100000034|BUILDING_GAP8:20230101_000000::RLB-a6257b81-a947-4dd8-b1d7-a4e8af4fe9a7::SEC=970100000034|BUILDING_GAP8:20230101_000000::RLB-d429e9b2-0107-4c5c-a7b6-c2ddd1773b05::SEC=970100000034,3,22963,23.06183056407351,0.2882728820509189,True,33.3706484789226,28.68511058615147,4.685537892771126,14.04089553647896,92.25205039493763,22.93758681541286,69.31446357952476,75.13595988683674,195.37750168456452,25.761384340470634,169.61611734409385,86.81455944601942,412.0416101571387,2.5627548449164523,409.4788553122222,99.37803494070924,627.3598997450744,EX_014,D148|D150,2,0,0,,1,1,Oratorio di Airuno,False,False,P2V2S_0140,PROPOSED_STOP,FIELD_CHECK_PENDING,PROPOSED_STOP/FIELD_CHECK_PENDING,DERIVED_GATE_D_BUS_ELIGIBLE,HYPOTHESIS_NOT_RECOMMENDATION,DASYMETRIC_BUILDING_SECTION_INTERSECTION_V2,ANALYSIS_ENVELOPE_PLUS_INHERITED_150M_SITING_BUFFER,False,DERIVED_FROM_REFERENCE_PERIOD_GTFS_PROXIMITY_NOT_CURRENT_SERVICE_GUARANTEE,150.0,220.0,55d726564e13acca55ce563cc911263ac513acb0,7c220f7586d0f6e5cccd14a2d518be52eb1c4a55,29203ad64c3e32e6164ef6997933eb5c5ff2d5b1,8a4608a60ecb367535814d965822e7502ae31eb9,097010,Brivio,UNSPECIFIED,1662.0,1339.0,FACT_ISTAT_2021_WORK_COMMUTING_MUNICIPAL_ONLY_NOT_STOP_DEMAND
298335711,service,missing_lanes|missing_maxheight|missing_maxweight|missing_maxwidth|missing_width,0,534384.0709051916,5066036.792619216,9.442043250010647,45.74703335001229,BUILDING_GAP8:20230101_000000::RLB-4933eafe-d960-4cc9-ab4c-c25fda184490::SEC=970100000006,1,26179,4.308460721266349,0.05385575901582936,True,288.50189250965246,273.52836083427013,14.973531675382379,5.190098250354253,494.8617648521547,133.1723982792499,361.6893665729049,73.08896994314432,525.7858516458513,76.28034711185954,449.5055045339919,85.49212633373809,877.2953368674373,4.921818055946199,872.3735188114912,99.4389782039056,671.7553218515952,EX_036,D148|D150|D185,3,1,0,,1,0,,False,False,P2V2S_0141,PROPOSED_STOP,FIELD_CHECK_PENDING,PROPOSED_STOP/FIELD_CHECK_PENDING,DERIVED_GATE_D_BUS_ELIGIBLE,HYPOTHESIS_NOT_RECOMMENDATION,DASYMETRIC_BUILDING_SECTION_INTERSECTION_V2,ANALYSIS_ENVELOPE_PLUS_INHERITED_150M_SITING_BUFFER,False,DERIVED_FROM_REFERENCE_PERIOD_GTFS_PROXIMITY_NOT_CURRENT_SERVICE_GUARANTEE,150.0,220.0,55d726564e13acca55ce563cc911263ac513acb0,7c220f7586d0f6e5cccd14a2d518be52eb1c4a55,29203ad64c3e32e6164ef6997933eb5c5ff2d5b1,8a4608a60ecb367535814d965822e7502ae31eb9,097010,Brivio,UNSPECIFIED,1662.0,1339.0,FACT_ISTAT_2021_WORK_COMMUTING_MUNICIPAL_ONLY_NOT_STOP_DEMAND
194080866,unclassified,missing_lanes|missing_maxheight|missing_maxweight|missing_maxwidth|missing_width,1,530183.4689195609,5066039.91860504,9.388041643770908,45.74725765482443,BUILDING_GAP8:20230101_000000::RLB-24ab72a7-4fed-40be-990f-d8412e9935dd::SEC=970740000011|BUILDING_GAP8:20230101_000000::RLB-b3128d6c-3271-48c4-8818-89a264a56e56::SEC=970740000011|BUILDING_GAP8:20230101_000000::RLB-b48a3b9e-7aca-4a7e-93f7-72892ff0bc08::SEC=970740000011|BUILDING_GAP8:20230101_000000::RLB-c1902764-6daa-42ea-9621-7a4d6b0308b7::SEC=970740000011|BUILDING_GAP8:20230101_000000::RLB-f7928f92-e3f9-48b2-9619-d2a2a646c545::SEC=970740000011,5,12698,9.163971775250683,0.11454964719063354,True,2.305619099823598,2.305619099823598,0.0,0.0,11.483625776301498,11.483625776301498,0.0,0.0,11.483625776301498,11.483625776301498,0.0,0.0,13.025820887310237,13.025820887310237,0.0,0.0,1826.107068975773,EX_033,D184,1,1,1,Paù,0,0,,False,False,P2V2S_0142,PROPOSED_STOP,FIELD_CHECK_PENDING,PROPOSED_STOP/FIELD_CHECK_PENDING,DERIVED_GATE_D_BUS_ELIGIBLE,HYPOTHESIS_NOT_RECOMMENDATION,DASYMETRIC_BUILDING_SECTION_INTERSECTION_V2,ANALYSIS_ENVELOPE_PLUS_INHERITED_150M_SITING_BUFFER,False,DERIVED_FROM_REFERENCE_PERIOD_GTFS_PROXIMITY_NOT_CURRENT_SERVICE_GUARANTEE,150.0,220.0,55d726564e13acca55ce563cc911263ac513acb0,7c220f7586d0f6e5cccd14a2d518be52eb1c4a55,29203ad64c3e32e6164ef6997933eb5c5ff2d5b1,8a4608a60ecb367535814d965822e7502ae31eb9,097074,Santa Maria HoÃ¨,UNSPECIFIED,836.0,724.0,FACT_ISTAT_2021_WORK_COMMUTING_MUNICIPAL_ONLY_NOT_STOP_DEMAND
1462627793,service,missing_lanes|missing_maxheight|missing_maxweight|missing_maxwidth|missing_width,0,527906.1096381833,5066053.409695398,9.358765070064612,45.747474766065615,SETTLEMENT_GAP8:OSM_POINT_2101450231,1,3623,5.304973244041064,0.06631216555051331,True,0.0,0.0,0.0,0.0,0.0,0.0,0.0,0.0,3.328426379783393,0.0,3.328426379783393,100.0,7.433567986147196,0.0,7.433567986147196,100.0,1269.2834058781127,EX_030,D160|D184,2,2,2,Cascinette Nere|Prestabbio,0,0,,False,False,P2V2S_0143,PROPOSED_STOP,FIELD_CHECK_PENDING,PROPOSED_STOP/FIELD_CHECK_PENDING,DERIVED_GATE_D_BUS_ELIGIBLE,HYPOTHESIS_NOT_RECOMMENDATION,DASYMETRIC_BUILDING_SECTION_INTERSECTION_V2,ANALYSIS_ENVELOPE_PLUS_INHERITED_150M_SITING_BUFFER,False,DERIVED_FROM_REFERENCE_PERIOD_GTFS_PROXIMITY_NOT_CURRENT_SERVICE_GUARANTEE,150.0,220.0,55d726564e13acca55ce563cc911263ac513acb0,7c220f7586d0f6e5cccd14a2d518be52eb1c4a55,29203ad64c3e32e6164ef6997933eb5c5ff2d5b1,8a4608a60ecb367535814d965822e7502ae31eb9,097019,Castello di Brianza,UNSPECIFIED,,,FACT_ISTAT_2021_WORK_COMMUTING_MUNICIPAL_ONLY_NOT_STOP_DEMAND
194064670,residential,missing_lanes|missing_maxheight|missing_maxweight|missing_maxwidth|missing_width,0,528339.7275071304,5066150.556473162,9.36434530116382,45.74833150116573,BUILDING_GAP8:20230101_000000::RLB-606c459c-c4f4-4d37-89b8-a5a3f6e0cd84::SEC=970740000012,1,4929,1.6995980460622695,0.02124497557577837,True,85.47319479926689,14.90972073169602,70.56347406757087,82.55626133232602,197.47015406024246,13.581067460064704,183.88908660017776,93.12247082365596,276.85521221485436,0.0,276.85521221485436,100.0,416.34964685227055,0.0,416.34964685227055,100.0,323.59473450819496,EX_028,D184,1,0,0,,0,0,,False,False,P2V2S_0144,PROPOSED_STOP,FIELD_CHECK_PENDING,PROPOSED_STOP/FIELD_CHECK_PENDING,DERIVED_GATE_D_BUS_ELIGIBLE,HYPOTHESIS_NOT_RECOMMENDATION,DASYMETRIC_BUILDING_SECTION_INTERSECTION_V2,ANALYSIS_ENVELOPE_PLUS_INHERITED_150M_SITING_BUFFER,False,DERIVED_FROM_REFERENCE_PERIOD_GTFS_PROXIMITY_NOT_CURRENT_SERVICE_GUARANTEE,150.0,220.0,55d726564e13acca55ce563cc911263ac513acb0,7c220f7586d0f6e5cccd14a2d518be52eb1c4a55,29203ad64c3e32e6164ef6997933eb5c5ff2d5b1,8a4608a60ecb367535814d965822e7502ae31eb9,097074,Santa Maria HoÃ¨,UNSPECIFIED,836.0,724.0,FACT_ISTAT_2021_WORK_COMMUTING_MUNICIPAL_ONLY_NOT_STOP_DEMAND
194466451,residential,missing_lanes|missing_maxheight|missing_maxweight|missing_maxwidth|missing_width,1,529039.5542280853,5066151.1385487765,9.37334235898954,45.74830769529592,SETTLEMENT_GAP8:OSM_POINT_13838884594,1,7662,11.38382985563262,0.14229787319540774,True,0.0,0.0,0.0,0.0,8.781261105147857,1.1946171693733432,7.586643935774514,86.39583591617587,28.670516926160325,1.1946171693733432,27.47589975678698,95.83329044101288,69.04092636563622,1.1946171693733432,67.84630919626288,98.26969707352023,736.3671843711576,EX_028,D184,1,1,1,Cornera,0,0,,False,False,P2V2S_0145,PROPOSED_STOP,FIELD_CHECK_PENDING,PROPOSED_STOP/FIELD_CHECK_PENDING,DERIVED_GATE_D_BUS_ELIGIBLE,HYPOTHESIS_NOT_RECOMMENDATION,DASYMETRIC_BUILDING_SECTION_INTERSECTION_V2,ANALYSIS_ENVELOPE_PLUS_INHERITED_150M_SITING_BUFFER,False,DERIVED_FROM_REFERENCE_PERIOD_GTFS_PROXIMITY_NOT_CURRENT_SERVICE_GUARANTEE,150.0,220.0,55d726564e13acca55ce563cc911263ac513acb0,7c220f7586d0f6e5cccd14a2d518be52eb1c4a55,29203ad64c3e32e6164ef6997933eb5c5ff2d5b1,8a4608a60ecb367535814d965822e7502ae31eb9,097024,Colle Brianza,UNSPECIFIED,,,FACT_ISTAT_2021_WORK_COMMUTING_MUNICIPAL_ONLY_NOT_STOP_DEMAND
564723789,residential,missing_lanes|missing_maxheight|missing_maxweight|missing_maxwidth|missing_width,0,533041.6840972635,5066166.847771063,9.424794829111159,45.74826937560779,SETTLEMENT_GAP8:OSM_POINT_13236956843,1,22633,7.445681209910603,0.09307101512388254,True,7.895548314683719,7.895548314683719,0.0,0.0,33.3706484789226,7.895548314683719,25.475100164238878,76.3398415236951,47.83594477159252,16.977210207243807,30.858734564348726,64.5095120660693,92.25205039493763,2.5627548449164523,89.68929555002119,97.22200771262524,905.2742870963849,EX_014,D148|D150,2,1,1,Airuno,1,1,Oratorio di Airuno,False,False,P2V2S_0146,PROPOSED_STOP,FIELD_CHECK_PENDING,PROPOSED_STOP/FIELD_CHECK_PENDING,DERIVED_GATE_D_BUS_ELIGIBLE,HYPOTHESIS_NOT_RECOMMENDATION,DASYMETRIC_BUILDING_SECTION_INTERSECTION_V2,ANALYSIS_ENVELOPE_PLUS_INHERITED_150M_SITING_BUFFER,False,DERIVED_FROM_REFERENCE_PERIOD_GTFS_PROXIMITY_NOT_CURRENT_SERVICE_GUARANTEE,150.0,220.0,55d726564e13acca55ce563cc911263ac513acb0,7c220f7586d0f6e5cccd14a2d518be52eb1c4a55,29203ad64c3e32e6164ef6997933eb5c5ff2d5b1,8a4608a60ecb367535814d965822e7502ae31eb9,097002,Airuno,UNSPECIFIED,,,FACT_ISTAT_2021_WORK_COMMUTING_MUNICIPAL_ONLY_NOT_STOP_DEMAND
1463998933,service,missing_lanes|missing_maxheight|missing_maxweight|missing_maxwidth|missing_width,2,534498.3475803763,5066360.301947281,9.443535413129005,45.74993939340752,BUILDING_GAP8:20230101_000000::RLB-069e7aa9-b5a8-4c2a-ae4f-62569232d983::SEC=970100000007,1,26688,6.611756574883811,0.08264695718604764,True,40.28931616189395,40.28931616189395,0.0,0.0,134.90106989777206,86.9491374832048,47.95193241456724,35.545998598013476,266.1782676337421,50.664907908834294,215.5133597249078,80.96579846310046,463.24606896042087,4.921818055946199,458.3242509044747,98.93753700555057,1055.3207111411728,EX_036,D148|D150|D185,3,0,0,,0,0,,False,False,P2V2S_0147,PROPOSED_STOP,FIELD_CHECK_PENDING,PROPOSED_STOP/FIELD_CHECK_PENDING,DERIVED_GATE_D_BUS_ELIGIBLE,HYPOTHESIS_NOT_RECOMMENDATION,DASYMETRIC_BUILDING_SECTION_INTERSECTION_V2,ANALYSIS_ENVELOPE_PLUS_INHERITED_150M_SITING_BUFFER,False,DERIVED_FROM_REFERENCE_PERIOD_GTFS_PROXIMITY_NOT_CURRENT_SERVICE_GUARANTEE,150.0,220.0,55d726564e13acca55ce563cc911263ac513acb0,7c220f7586d0f6e5cccd14a2d518be52eb1c4a55,29203ad64c3e32e6164ef6997933eb5c5ff2d5b1,8a4608a60ecb367535814d965822e7502ae31eb9,097010,Brivio,UNSPECIFIED,1662.0,1339.0,FACT_ISTAT_2021_WORK_COMMUTING_MUNICIPAL_ONLY_NOT_STOP_DEMAND
223574581,unclassified,missing_maxheight|missing_maxweight|missing_maxwidth|missing_width,0,533073.0960689844,5066396.020735245,9.425214322787305,45.750330543087536,DESTINATION_GAP8:OSM_way_701042641,1,22768,9.074067868641778,0.11342584835802223,True,0.0,0.0,0.0,0.0,7.895548314683719,7.895548314683719,0.0,0.0,25.856401926590188,4.497926551431119,21.358475375159067,82.60420547220242,33.3706484789226,0.0,33.3706484789226,100.0,1199.1572053606453,EX_014,D148|D150,2,0,0,,1,1,Oratorio di Airuno,False,False,P2V2S_0148,PROPOSED_STOP,FIELD_CHECK_PENDING,PROPOSED_STOP/FIELD_CHECK_PENDING,DERIVED_GATE_D_BUS_ELIGIBLE,HYPOTHESIS_NOT_RECOMMENDATION,DASYMETRIC_BUILDING_SECTION_INTERSECTION_V2,ANALYSIS_ENVELOPE_PLUS_INHERITED_150M_SITING_BUFFER,False,DERIVED_FROM_REFERENCE_PERIOD_GTFS_PROXIMITY_NOT_CURRENT_SERVICE_GUARANTEE,150.0,220.0,55d726564e13acca55ce563cc911263ac513acb0,7c220f7586d0f6e5cccd14a2d518be52eb1c4a55,29203ad64c3e32e6164ef6997933eb5c5ff2d5b1,8a4608a60ecb367535814d965822e7502ae31eb9,097002,Airuno,UNSPECIFIED,,,FACT_ISTAT_2021_WORK_COMMUTING_MUNICIPAL_ONLY_NOT_STOP_DEMAND
574497584,unclassified,missing_lanes|missing_maxheight|missing_maxweight|missing_maxwidth|missing_width,0,530147.5025777795,5066483.351544062,9.387606892059322,45.75125035793057,SETTLEMENT_GAP8:OSM_POINT_1144810224,1,12541,2.10158441633669,0.026269805204208622,True,0.0,0.0,0.0,0.0,0.0,0.0,0.0,0.0,0.0,0.0,0.0,0.0,0.0,0.0,0.0,0.0,2166.8855161710044,EX_025,D184,1,1,1,Cagliano,0,0,,False,False,P2V2S_0149,PROPOSED_STOP,FIELD_CHECK_PENDING,PROPOSED_STOP/FIELD_CHECK_PENDING,DERIVED_GATE_D_BUS_ELIGIBLE,HYPOTHESIS_NOT_RECOMMENDATION,DASYMETRIC_BUILDING_SECTION_INTERSECTION_V2,ANALYSIS_ENVELOPE_PLUS_INHERITED_150M_SITING_BUFFER,False,DERIVED_FROM_REFERENCE_PERIOD_GTFS_PROXIMITY_NOT_CURRENT_SERVICE_GUARANTEE,150.0,220.0,55d726564e13acca55ce563cc911263ac513acb0,7c220f7586d0f6e5cccd14a2d518be52eb1c4a55,29203ad64c3e32e6164ef6997933eb5c5ff2d5b1,8a4608a60ecb367535814d965822e7502ae31eb9,097024,Colle Brianza,UNSPECIFIED,,,FACT_ISTAT_2021_WORK_COMMUTING_MUNICIPAL_ONLY_NOT_STOP_DEMAND
656601986,unclassified,missing_lanes|missing_maxheight|missing_maxweight|missing_maxwidth|missing_width,0,534217.289711925,5066615.303037923,9.439940072252329,45.75224849379328,BUILDING_GAP8:20230101_000000::RLB-e40f8ded-c283-43d3-8fdf-e5a73f2601cb::SEC=970100000019,1,25712,6.993628071828836,0.08742035089786046,True,2.668268251062816,2.668268251062816,0.0,0.0,45.96019488358736,45.96019488358736,0.0,0.0,82.31835218156935,52.34630279543205,29.972049386137293,36.40992390132887,264.98343514962625,11.658914480947683,253.32452066867856,95.60013459921963,1303.5625733669265,EX_036,D148|D150|D185,3,0,0,,0,0,,False,False,P2V2S_0150,PROPOSED_STOP,FIELD_CHECK_PENDING,PROPOSED_STOP/FIELD_CHECK_PENDING,DERIVED_GATE_D_BUS_ELIGIBLE,HYPOTHESIS_NOT_RECOMMENDATION,DASYMETRIC_BUILDING_SECTION_INTERSECTION_V2,ANALYSIS_ENVELOPE_PLUS_INHERITED_150M_SITING_BUFFER,False,DERIVED_FROM_REFERENCE_PERIOD_GTFS_PROXIMITY_NOT_CURRENT_SERVICE_GUARANTEE,150.0,220.0,55d726564e13acca55ce563cc911263ac513acb0,7c220f7586d0f6e5cccd14a2d518be52eb1c4a55,29203ad64c3e32e6164ef6997933eb5c5ff2d5b1,8a4608a60ecb367535814d965822e7502ae31eb9,097010,Brivio,UNSPECIFIED,1662.0,1339.0,FACT_ISTAT_2021_WORK_COMMUTING_MUNICIPAL_ONLY_NOT_STOP_DEMAND
1184317880,residential,missing_lanes|missing_maxheight|missing_maxweight|missing_maxwidth|missing_width,0,529200.4079074294,5066673.082551354,9.375441800006328,45.75299870000232,SETTLEMENT_GAP8:OSM_POINT_1144810316,1,8397,2.4753868117386193,0.030942335146732742,True,0.0,0.0,0.0,0.0,0.0,0.0,0.0,0.0,0.0,0.0,0.0,0.0,0.0,0.0,0.0,0.0,1803.3872199805614,EX_028,D184,1,1,1,Giovenzana,0,0,,False,False,P2V2S_0151,PROPOSED_STOP,FIELD_CHECK_PENDING,PROPOSED_STOP/FIELD_CHECK_PENDING,DERIVED_GATE_D_BUS_ELIGIBLE,HYPOTHESIS_NOT_RECOMMENDATION,DASYMETRIC_BUILDING_SECTION_INTERSECTION_V2,ANALYSIS_ENVELOPE_PLUS_INHERITED_150M_SITING_BUFFER,False,DERIVED_FROM_REFERENCE_PERIOD_GTFS_PROXIMITY_NOT_CURRENT_SERVICE_GUARANTEE,150.0,220.0,55d726564e13acca55ce563cc911263ac513acb0,7c220f7586d0f6e5cccd14a2d518be52eb1c4a55,29203ad64c3e32e6164ef6997933eb5c5ff2d5b1,8a4608a60ecb367535814d965822e7502ae31eb9,097024,Colle Brianza,UNSPECIFIED,,,FACT_ISTAT_2021_WORK_COMMUTING_MUNICIPAL_ONLY_NOT_STOP_DEMAND
564728187,unclassified,missing_lanes|missing_maxheight|missing_maxweight|missing_maxwidth|missing_width,0,533000.8955843867,5066766.781126267,9.424311367900149,45.75367101899665,SETTLEMENT_GAP8:OSM_POINT_62512404,1,22195,125.46484908603192,1.568310613575399,True,0.0,0.0,0.0,0.0,0.0,0.0,0.0,0.0,0.0,0.0,0.0,0.0,0.0,0.0,0.0,0.0,1594.9639133194273,EX_014,D148|D150,2,1,1,Airuno,0,0,,False,False,P2V2S_0152,PROPOSED_STOP,FIELD_CHECK_PENDING,PROPOSED_STOP/FIELD_CHECK_PENDING,DERIVED_GATE_D_BUS_ELIGIBLE,HYPOTHESIS_NOT_RECOMMENDATION,DASYMETRIC_BUILDING_SECTION_INTERSECTION_V2,ANALYSIS_ENVELOPE_PLUS_INHERITED_150M_SITING_BUFFER,False,DERIVED_FROM_REFERENCE_PERIOD_GTFS_PROXIMITY_NOT_CURRENT_SERVICE_GUARANTEE,150.0,220.0,55d726564e13acca55ce563cc911263ac513acb0,7c220f7586d0f6e5cccd14a2d518be52eb1c4a55,29203ad64c3e32e6164ef6997933eb5c5ff2d5b1,8a4608a60ecb367535814d965822e7502ae31eb9,097002,Airuno,UNSPECIFIED,,,FACT_ISTAT_2021_WORK_COMMUTING_MUNICIPAL_ONLY_NOT_STOP_DEMAND
1144410626,service,missing_maxheight|missing_maxweight|missing_maxwidth|missing_width,0,531240.2199605369,5066931.453323322,9.401684566432996,45.75523498001156,SETTLEMENT_GAP8:OSM_POINT_1144810212,1,16788,111.84591118736414,1.3980738898420517,True,0.0,0.0,0.0,0.0,0.0,0.0,0.0,0.0,0.0,0.0,0.0,0.0,0.0,0.0,0.0,0.0,2837.0987086110827,EX_037,D148,1,1,1,Campsirago,0,0,,False,False,P2V2S_0153,PROPOSED_STOP,FIELD_CHECK_PENDING,PROPOSED_STOP/FIELD_CHECK_PENDING,DERIVED_GATE_D_BUS_ELIGIBLE,HYPOTHESIS_NOT_RECOMMENDATION,DASYMETRIC_BUILDING_SECTION_INTERSECTION_V2,ANALYSIS_ENVELOPE_PLUS_INHERITED_150M_SITING_BUFFER,False,DERIVED_FROM_REFERENCE_PERIOD_GTFS_PROXIMITY_NOT_CURRENT_SERVICE_GUARANTEE,150.0,220.0,55d726564e13acca55ce563cc911263ac513acb0,7c220f7586d0f6e5cccd14a2d518be52eb1c4a55,29203ad64c3e32e6164ef6997933eb5c5ff2d5b1,8a4608a60ecb367535814d965822e7502ae31eb9,097024,Colle Brianza,UNSPECIFIED,,,FACT_ISTAT_2021_WORK_COMMUTING_MUNICIPAL_ONLY_NOT_STOP_DEMAND
1492304565,service,missing_lanes|missing_maxheight|missing_maxweight|missing_maxwidth|missing_width,0,528056.9930917142,5067393.998577875,9.360782552020376,45.759534703763784,SETTLEMENT_GAP8:OSM_POINT_2799583459,1,4319,90.41876351872784,1.130234543984098,True,0.0,0.0,0.0,0.0,0.0,0.0,0.0,0.0,0.0,0.0,0.0,0.0,0.0,0.0,0.0,0.0,2130.739303358539,EX_028,D184,1,1,1,Piecastello,0,0,,False,False,P2V2S_0154,PROPOSED_STOP,FIELD_CHECK_PENDING,PROPOSED_STOP/FIELD_CHECK_PENDING,DERIVED_GATE_D_BUS_ELIGIBLE,HYPOTHESIS_NOT_RECOMMENDATION,DASYMETRIC_BUILDING_SECTION_INTERSECTION_V2,ANALYSIS_ENVELOPE_PLUS_INHERITED_150M_SITING_BUFFER,False,DERIVED_FROM_REFERENCE_PERIOD_GTFS_PROXIMITY_NOT_CURRENT_SERVICE_GUARANTEE,150.0,220.0,55d726564e13acca55ce563cc911263ac513acb0,7c220f7586d0f6e5cccd14a2d518be52eb1c4a55,29203ad64c3e32e6164ef6997933eb5c5ff2d5b1,8a4608a60ecb367535814d965822e7502ae31eb9,097024,Colle Brianza,UNSPECIFIED,,,FACT_ISTAT_2021_WORK_COMMUTING_MUNICIPAL_ONLY_NOT_STOP_DEMAND
1395609264,unclassified,missing_maxheight|missing_maxweight|missing_maxwidth|missing_width,1,532946.6217671584,5067434.363796195,9.423659025009655,45.75968217486991,SETTLEMENT_GAP8:OSM_POINT_1144810029,1,23190,241.2530349175568,3.01566293646946,True,0.0,0.0,0.0,0.0,0.0,0.0,0.0,0.0,0.0,0.0,0.0,0.0,0.0,0.0,0.0,0.0,1308.9393647698435,EX_017,D150,1,0,0,,1,1,OSM amenity:post_office 3016740543,False,False,P2V2S_0155,PROPOSED_STOP,FIELD_CHECK_PENDING,PROPOSED_STOP/FIELD_CHECK_PENDING,DERIVED_GATE_D_BUS_ELIGIBLE,HYPOTHESIS_NOT_RECOMMENDATION,DASYMETRIC_BUILDING_SECTION_INTERSECTION_V2,ANALYSIS_ENVELOPE_PLUS_INHERITED_150M_SITING_BUFFER,False,DERIVED_FROM_REFERENCE_PERIOD_GTFS_PROXIMITY_NOT_CURRENT_SERVICE_GUARANTEE,150.0,220.0,55d726564e13acca55ce563cc911263ac513acb0,7c220f7586d0f6e5cccd14a2d518be52eb1c4a55,29203ad64c3e32e6164ef6997933eb5c5ff2d5b1,8a4608a60ecb367535814d965822e7502ae31eb9,097002,Airuno,UNSPECIFIED,,,FACT_ISTAT_2021_WORK_COMMUTING_MUNICIPAL_ONLY_NOT_STOP_DEMAND
