pair_id,source_routing_terminal_id,target_routing_terminal_id,reverse_pair_id,scope
DIR_PAIR_4D4107040014DAA3,STOP_PROBE::ASF::ARLATE_BIVIO_PER_IL_PAESE,STOP_PROBE::ASF::ARLATE_B_VIO_BRIVIO_MADONNINA,DIR_PAIR_A363912D6CC02428,COMPLETE_DIRECTED_PAIR_TEST_UNIVERSE_NOT_NETWORK_SELECTION
DIR_PAIR_AF5C2D4F804DA120,STOP_PROBE::ASF::ARLATE_BIVIO_PER_IL_PAESE,STOP_PROBE::ASF::ARLATE_CANTINA_PIROVANO,DIR_PAIR_1FC24014F3B6C16A,COMPLETE_DIRECTED_PAIR_TEST_UNIVERSE_NOT_NETWORK_SELECTION
DIR_PAIR_BB36E47536BE4E0A,STOP_PROBE::ASF::ARLATE_BIVIO_PER_IL_PAESE,STOP_PROBE::ASF::BEVERATE_CARTELLO_PAESE,DIR_PAIR_77DA71E3415DEB2D,COMPLETE_DIRECTED_PAIR_TEST_UNIVERSE_NOT_NETWORK_SELECTION
DIR_PAIR_A083C67B90FF7DEE,STOP_PROBE::ASF::ARLATE_BIVIO_PER_IL_PAESE,STOP_PROBE::ASF::BRIVIO_BAR_CRISTALLO,DIR_PAIR_8E55AB9CB23A50E1,COMPLETE_DIRECTED_PAIR_TEST_UNIVERSE_NOT_NETWORK_SELECTION
DIR_PAIR_AA6799C509F9E59A,STOP_PROBE::ASF::ARLATE_BIVIO_PER_IL_PAESE,STOP_PROBE::ASF::BRIVIO_VIA_COMO_PENSILINA,DIR_PAIR_1D31665628B9CA90,COMPLETE_DIRECTED_PAIR_TEST_UNIVERSE_NOT_NETWORK_SELECTION
DIR_PAIR_0147810B9B4BDAA3,STOP_PROBE::ASF::ARLATE_BIVIO_PER_IL_PAESE,STOP_PROBE::ASF::CALCO_LARGO_POMEA,DIR_PAIR_2B5179BC262912E9,COMPLETE_DIRECTED_PAIR_TEST_UNIVERSE_NOT_NETWORK_SELECTION
DIR_PAIR_52CC8B6F10E61A7C,STOP_PROBE::ASF::ARLATE_BIVIO_PER_IL_PAESE,STOP_PROBE::ASF::CALCO_VIA_GARIBALDI,DIR_PAIR_F46F6CBA28E28D4C,COMPLETE_DIRECTED_PAIR_TEST_UNIVERSE_NOT_NETWORK_SELECTION
DIR_PAIR_A5E706F0D21EAD56,STOP_PROBE::ASF::ARLATE_BIVIO_PER_IL_PAESE,STOP_PROBE::ASF::IMBERSAGO_LOCALITA_CAZZULINO,DIR_PAIR_A4D427FFCE835FD4,COMPLETE_DIRECTED_PAIR_TEST_UNIVERSE_NOT_NETWORK_SELECTION
DIR_PAIR_1EF8BF98DC8E1284,STOP_PROBE::ASF::ARLATE_BIVIO_PER_IL_PAESE,STOP_PROBE::ASF::OLGIATE_MOLGORA_SCARPONE,DIR_PAIR_DFC7D6CB6668FB97,COMPLETE_DIRECTED_PAIR_TEST_UNIVERSE_NOT_NETWORK_SELECTION
DIR_PAIR_D9FA3A6BC243333D,STOP_PROBE::ASF::ARLATE_BIVIO_PER_IL_PAESE,STOP_PROBE::ASF::OLGIATE_MOLGORA_VIA_DELLA_SALUTE,DIR_PAIR_7D88DE511B3FCCC3,COMPLETE_DIRECTED_PAIR_TEST_UNIVERSE_NOT_NETWORK_SELECTION
DIR_PAIR_13E15509A8ABC8E3,STOP_PROBE::ASF::ARLATE_BIVIO_PER_IL_PAESE,STOP_PROBE::ASF::OLGIATE_MOLGORA_VIA_STATALE,DIR_PAIR_FCB98CA0C91A551C,COMPLETE_DIRECTED_PAIR_TEST_UNIVERSE_NOT_NETWORK_SELECTION
DIR_PAIR_65B7F9E1FA38F5B0,STOP_PROBE::ASF::ARLATE_BIVIO_PER_IL_PAESE,STOP_PROBE::ASF::PEREGO_VIA_STATALE_79,DIR_PAIR_E91AF72E6AD2298B,COMPLETE_DIRECTED_PAIR_TEST_UNIVERSE_NOT_NETWORK_SELECTION
DIR_PAIR_DFECD3D443B569CC,STOP_PROBE::ASF::ARLATE_BIVIO_PER_IL_PAESE,STOP_PROBE::ASF::ROVAGNATE_FRAZIONE_ALDUNO,DIR_PAIR_81461161CA27362F,COMPLETE_DIRECTED_PAIR_TEST_UNIVERSE_NOT_NETWORK_SELECTION
DIR_PAIR_197A2E0B7FCE29C4,STOP_PROBE::ASF::ARLATE_BIVIO_PER_IL_PAESE,STOP_PROBE::ASF::ROVAGNATE_SS_ANG_V_LOMBARDIA,DIR_PAIR_F8F2F73CD4DC2F35,COMPLETE_DIRECTED_PAIR_TEST_UNIVERSE_NOT_NETWORK_SELECTION
DIR_PAIR_09D538872371A36C,STOP_PROBE::ASF::ARLATE_BIVIO_PER_IL_PAESE,STOP_PROBE::ASF::ROVAGNATE_STRADA_STATALE_AGIP,DIR_PAIR_66F1DD9BE51EAC53,COMPLETE_DIRECTED_PAIR_TEST_UNIVERSE_NOT_NETWORK_SELECTION
DIR_PAIR_F20A46D0EAC2A735,STOP_PROBE::ASF::ARLATE_BIVIO_PER_IL_PAESE,STOP_PROBE::ASF::SANTA_MARIA_HOE_VIA_COMO,DIR_PAIR_172F2A807CA86BF7,COMPLETE_DIRECTED_PAIR_TEST_UNIVERSE_NOT_NETWORK_SELECTION
DIR_PAIR_601FD2EC208617AC,STOP_PROBE::ASF::ARLATE_BIVIO_PER_IL_PAESE,STOP_PROBE::ASF::SANTA_MARIA_HOE_VIA_GIOVANNI_XXIII,DIR_PAIR_881FE62BCC8BBA41,COMPLETE_DIRECTED_PAIR_TEST_UNIVERSE_NOT_NETWORK_SELECTION
DIR_PAIR_28BAD107C96DB3CC,STOP_PROBE::ASF::ARLATE_BIVIO_PER_IL_PAESE,STOP_PROBE::ASF::S_MARIA_HOE_S_P_58_ANG_VIA_CENISIO,DIR_PAIR_6D34D563992DE4C6,COMPLETE_DIRECTED_PAIR_TEST_UNIVERSE_NOT_NETWORK_SELECTION
DIR_PAIR_485B8780D43AA312,STOP_PROBE::ASF::ARLATE_BIVIO_PER_IL_PAESE,STOP_PROBE::ASF::VACCAREZZA_CARTELLO_PAESE,DIR_PAIR_33ABB3DB4F691D57,COMPLETE_DIRECTED_PAIR_TEST_UNIVERSE_NOT_NETWORK_SELECTION
DIR_PAIR_6A74029B425E8B88,STOP_PROBE::ASF::ARLATE_BIVIO_PER_IL_PAESE,STOP_PROBE::FROZEN::100005,DIR_PAIR_58BCBC5DDD9FB6F5,COMPLETE_DIRECTED_PAIR_TEST_UNIVERSE_NOT_NETWORK_SELECTION
DIR_PAIR_1DA2616AFE64CD9E,STOP_PROBE::ASF::ARLATE_BIVIO_PER_IL_PAESE,STOP_PROBE::FROZEN::300063,DIR_PAIR_C03BA2D17E904097,COMPLETE_DIRECTED_PAIR_TEST_UNIVERSE_NOT_NETWORK_SELECTION
DIR_PAIR_C0651F7ECD04E239,STOP_PROBE::ASF::ARLATE_BIVIO_PER_IL_PAESE,STOP_PROBE::FROZEN::300086,DIR_PAIR_E14F3492DF48A386,COMPLETE_DIRECTED_PAIR_TEST_UNIVERSE_NOT_NETWORK_SELECTION
DIR_PAIR_EFBE2B90D20C8904,STOP_PROBE::ASF::ARLATE_BIVIO_PER_IL_PAESE,STOP_PROBE::FROZEN::300398,DIR_PAIR_6BD795533148ED6F,COMPLETE_DIRECTED_PAIR_TEST_UNIVERSE_NOT_NETWORK_SELECTION
DIR_PAIR_73FC758A92DF7442,STOP_PROBE::ASF::ARLATE_BIVIO_PER_IL_PAESE,STOP_PROBE::FROZEN::300487,DIR_PAIR_1DDBCFA097601B42,COMPLETE_DIRECTED_PAIR_TEST_UNIVERSE_NOT_NETWORK_SELECTION
DIR_PAIR_CAC95EA85541A634,STOP_PROBE::ASF::ARLATE_BIVIO_PER_IL_PAESE,STOP_PROBE::FROZEN::300527,DIR_PAIR_B80D1470F720827F,COMPLETE_DIRECTED_PAIR_TEST_UNIVERSE_NOT_NETWORK_SELECTION
DIR_PAIR_3CB275D1F72E7FE0,STOP_PROBE::ASF::ARLATE_BIVIO_PER_IL_PAESE,STOP_PROBE::FROZEN::300634,DIR_PAIR_9493E6D50B71B9F2,COMPLETE_DIRECTED_PAIR_TEST_UNIVERSE_NOT_NETWORK_SELECTION
DIR_PAIR_6C0019E69BAF2571,STOP_PROBE::ASF::ARLATE_BIVIO_PER_IL_PAESE,STOP_PROBE::FROZEN::300743,DIR_PAIR_198C18FE68902C29,COMPLETE_DIRECTED_PAIR_TEST_UNIVERSE_NOT_NETWORK_SELECTION
DIR_PAIR_1D172B16598848DD,STOP_PROBE::ASF::ARLATE_BIVIO_PER_IL_PAESE,STOP_PROBE::FROZEN::300782,DIR_PAIR_DC4E03E363A07356,COMPLETE_DIRECTED_PAIR_TEST_UNIVERSE_NOT_NETWORK_SELECTION
DIR_PAIR_FBF485E96ACFC909,STOP_PROBE::ASF::ARLATE_BIVIO_PER_IL_PAESE,STOP_PROBE::FROZEN::300805,DIR_PAIR_D579052F1E3F8674,COMPLETE_DIRECTED_PAIR_TEST_UNIVERSE_NOT_NETWORK_SELECTION
DIR_PAIR_ECEA61F52A5846ED,STOP_PROBE::ASF::ARLATE_BIVIO_PER_IL_PAESE,STOP_PROBE::FROZEN::300873,DIR_PAIR_5D509A76AFE1FCCF,COMPLETE_DIRECTED_PAIR_TEST_UNIVERSE_NOT_NETWORK_SELECTION
DIR_PAIR_4D38DF1D09A980A1,STOP_PROBE::ASF::ARLATE_BIVIO_PER_IL_PAESE,STOP_PROBE::FROZEN::300879,DIR_PAIR_4E793D43C878F430,COMPLETE_DIRECTED_PAIR_TEST_UNIVERSE_NOT_NETWORK_SELECTION
DIR_PAIR_D1C72438A5D9E815,STOP_PROBE::ASF::ARLATE_BIVIO_PER_IL_PAESE,STOP_PROBE::FROZEN::300956,DIR_PAIR_3CEEF17D988E6330,COMPLETE_DIRECTED_PAIR_TEST_UNIVERSE_NOT_NETWORK_SELECTION
DIR_PAIR_DC987A2B20D9E172,STOP_PROBE::ASF::ARLATE_BIVIO_PER_IL_PAESE,STOP_PROBE::FROZEN::L00407,DIR_PAIR_BE087F28559FCCCA,COMPLETE_DIRECTED_PAIR_TEST_UNIVERSE_NOT_NETWORK_SELECTION
DIR_PAIR_A5D432F44F4E18B5,STOP_PROBE::ASF::ARLATE_BIVIO_PER_IL_PAESE,STOP_PROBE::MANUAL::CALCO_SCAGNELLO,DIR_PAIR_27A1A74A30587A56,COMPLETE_DIRECTED_PAIR_TEST_UNIVERSE_NOT_NETWORK_SELECTION
DIR_PAIR_FB9853930CDA93B0,STOP_PROBE::ASF::ARLATE_BIVIO_PER_IL_PAESE,STOP_PROBE::SPECIAL::CASA_DI_COMUNITA_OLGIATE,DIR_PAIR_B502DF5AA878A488,COMPLETE_DIRECTED_PAIR_TEST_UNIVERSE_NOT_NETWORK_SELECTION
DIR_PAIR_A363912D6CC02428,STOP_PROBE::ASF::ARLATE_B_VIO_BRIVIO_MADONNINA,STOP_PROBE::ASF::ARLATE_BIVIO_PER_IL_PAESE,DIR_PAIR_4D4107040014DAA3,COMPLETE_DIRECTED_PAIR_TEST_UNIVERSE_NOT_NETWORK_SELECTION
DIR_PAIR_7ED6258B32A7E908,STOP_PROBE::ASF::ARLATE_B_VIO_BRIVIO_MADONNINA,STOP_PROBE::ASF::ARLATE_CANTINA_PIROVANO,DIR_PAIR_091E2A7AD336D632,COMPLETE_DIRECTED_PAIR_TEST_UNIVERSE_NOT_NETWORK_SELECTION
DIR_PAIR_4D7095BE67E7F492,STOP_PROBE::ASF::ARLATE_B_VIO_BRIVIO_MADONNINA,STOP_PROBE::ASF::BEVERATE_CARTELLO_PAESE,DIR_PAIR_6022D775D3193988,COMPLETE_DIRECTED_PAIR_TEST_UNIVERSE_NOT_NETWORK_SELECTION
DIR_PAIR_C44EA8309BD0CD61,STOP_PROBE::ASF::ARLATE_B_VIO_BRIVIO_MADONNINA,STOP_PROBE::ASF::BRIVIO_BAR_CRISTALLO,DIR_PAIR_4A6C741F1BED757F,COMPLETE_DIRECTED_PAIR_TEST_UNIVERSE_NOT_NETWORK_SELECTION
DIR_PAIR_759364A6D6F79E6A,STOP_PROBE::ASF::ARLATE_B_VIO_BRIVIO_MADONNINA,STOP_PROBE::ASF::BRIVIO_VIA_COMO_PENSILINA,DIR_PAIR_BEBDDEF39F92BE65,COMPLETE_DIRECTED_PAIR_TEST_UNIVERSE_NOT_NETWORK_SELECTION
DIR_PAIR_2C41DBC7DD026AE8,STOP_PROBE::ASF::ARLATE_B_VIO_BRIVIO_MADONNINA,STOP_PROBE::ASF::CALCO_LARGO_POMEA,DIR_PAIR_13DCD1ED2C6A7547,COMPLETE_DIRECTED_PAIR_TEST_UNIVERSE_NOT_NETWORK_SELECTION
DIR_PAIR_8279662303E0D3CB,STOP_PROBE::ASF::ARLATE_B_VIO_BRIVIO_MADONNINA,STOP_PROBE::ASF::CALCO_VIA_GARIBALDI,DIR_PAIR_01F833DE53C0A7D8,COMPLETE_DIRECTED_PAIR_TEST_UNIVERSE_NOT_NETWORK_SELECTION
DIR_PAIR_8F7293F594E8838B,STOP_PROBE::ASF::ARLATE_B_VIO_BRIVIO_MADONNINA,STOP_PROBE::ASF::IMBERSAGO_LOCALITA_CAZZULINO,DIR_PAIR_31950F29FC34884E,COMPLETE_DIRECTED_PAIR_TEST_UNIVERSE_NOT_NETWORK_SELECTION
DIR_PAIR_0A4C75C35B3EA993,STOP_PROBE::ASF::ARLATE_B_VIO_BRIVIO_MADONNINA,STOP_PROBE::ASF::OLGIATE_MOLGORA_SCARPONE,DIR_PAIR_3459A9E48A909903,COMPLETE_DIRECTED_PAIR_TEST_UNIVERSE_NOT_NETWORK_SELECTION
DIR_PAIR_566DA4D9B62F0BD7,STOP_PROBE::ASF::ARLATE_B_VIO_BRIVIO_MADONNINA,STOP_PROBE::ASF::OLGIATE_MOLGORA_VIA_DELLA_SALUTE,DIR_PAIR_DD4AFD5D16A2C003,COMPLETE_DIRECTED_PAIR_TEST_UNIVERSE_NOT_NETWORK_SELECTION
DIR_PAIR_A060738160D95A2A,STOP_PROBE::ASF::ARLATE_B_VIO_BRIVIO_MADONNINA,STOP_PROBE::ASF::OLGIATE_MOLGORA_VIA_STATALE,DIR_PAIR_AB032445FC12E391,COMPLETE_DIRECTED_PAIR_TEST_UNIVERSE_NOT_NETWORK_SELECTION
DIR_PAIR_CEB2BCF86AAFF963,STOP_PROBE::ASF::ARLATE_B_VIO_BRIVIO_MADONNINA,STOP_PROBE::ASF::PEREGO_VIA_STATALE_79,DIR_PAIR_DA4AC8D3B36243BA,COMPLETE_DIRECTED_PAIR_TEST_UNIVERSE_NOT_NETWORK_SELECTION
DIR_PAIR_FAFDF36CC626EA31,STOP_PROBE::ASF::ARLATE_B_VIO_BRIVIO_MADONNINA,STOP_PROBE::ASF::ROVAGNATE_FRAZIONE_ALDUNO,DIR_PAIR_67EDE7D0E4F271BB,COMPLETE_DIRECTED_PAIR_TEST_UNIVERSE_NOT_NETWORK_SELECTION
DIR_PAIR_163C24B8A1D15D27,STOP_PROBE::ASF::ARLATE_B_VIO_BRIVIO_MADONNINA,STOP_PROBE::ASF::ROVAGNATE_SS_ANG_V_LOMBARDIA,DIR_PAIR_6CAC19AD0203A0A9,COMPLETE_DIRECTED_PAIR_TEST_UNIVERSE_NOT_NETWORK_SELECTION
DIR_PAIR_869346E830DA161D,STOP_PROBE::ASF::ARLATE_B_VIO_BRIVIO_MADONNINA,STOP_PROBE::ASF::ROVAGNATE_STRADA_STATALE_AGIP,DIR_PAIR_B719E91390793D34,COMPLETE_DIRECTED_PAIR_TEST_UNIVERSE_NOT_NETWORK_SELECTION
DIR_PAIR_75016654A1A8E006,STOP_PROBE::ASF::ARLATE_B_VIO_BRIVIO_MADONNINA,STOP_PROBE::ASF::SANTA_MARIA_HOE_VIA_COMO,DIR_PAIR_9516DDD81423216B,COMPLETE_DIRECTED_PAIR_TEST_UNIVERSE_NOT_NETWORK_SELECTION
DIR_PAIR_A3C2129ECBFBF77A,STOP_PROBE::ASF::ARLATE_B_VIO_BRIVIO_MADONNINA,STOP_PROBE::ASF::SANTA_MARIA_HOE_VIA_GIOVANNI_XXIII,DIR_PAIR_892F5ACAAA388210,COMPLETE_DIRECTED_PAIR_TEST_UNIVERSE_NOT_NETWORK_SELECTION
DIR_PAIR_F0AD74950DF5FF56,STOP_PROBE::ASF::ARLATE_B_VIO_BRIVIO_MADONNINA,STOP_PROBE::ASF::S_MARIA_HOE_S_P_58_ANG_VIA_CENISIO,DIR_PAIR_B6B4696FE96A99FF,COMPLETE_DIRECTED_PAIR_TEST_UNIVERSE_NOT_NETWORK_SELECTION
DIR_PAIR_816EE8A0D64C6A40,STOP_PROBE::ASF::ARLATE_B_VIO_BRIVIO_MADONNINA,STOP_PROBE::ASF::VACCAREZZA_CARTELLO_PAESE,DIR_PAIR_137D65AF436FBBBC,COMPLETE_DIRECTED_PAIR_TEST_UNIVERSE_NOT_NETWORK_SELECTION
DIR_PAIR_103C730A68C6AF56,STOP_PROBE::ASF::ARLATE_B_VIO_BRIVIO_MADONNINA,STOP_PROBE::FROZEN::100005,DIR_PAIR_E950BDF6316CA9FA,COMPLETE_DIRECTED_PAIR_TEST_UNIVERSE_NOT_NETWORK_SELECTION
DIR_PAIR_34A477E90CDD75F3,STOP_PROBE::ASF::ARLATE_B_VIO_BRIVIO_MADONNINA,STOP_PROBE::FROZEN::300063,DIR_PAIR_EAEDCD567340EADA,COMPLETE_DIRECTED_PAIR_TEST_UNIVERSE_NOT_NETWORK_SELECTION
DIR_PAIR_95D002D5DB5B2ACB,STOP_PROBE::ASF::ARLATE_B_VIO_BRIVIO_MADONNINA,STOP_PROBE::FROZEN::300086,DIR_PAIR_F8655B95F9879406,COMPLETE_DIRECTED_PAIR_TEST_UNIVERSE_NOT_NETWORK_SELECTION
DIR_PAIR_3ADAA43A727DF80C,STOP_PROBE::ASF::ARLATE_B_VIO_BRIVIO_MADONNINA,STOP_PROBE::FROZEN::300398,DIR_PAIR_CDDDDC4967AA144B,COMPLETE_DIRECTED_PAIR_TEST_UNIVERSE_NOT_NETWORK_SELECTION
DIR_PAIR_8EB8C99EC3017F00,STOP_PROBE::ASF::ARLATE_B_VIO_BRIVIO_MADONNINA,STOP_PROBE::FROZEN::300487,DIR_PAIR_6C1ACBB2648CDEE8,COMPLETE_DIRECTED_PAIR_TEST_UNIVERSE_NOT_NETWORK_SELECTION
DIR_PAIR_0DB0B4310D09DDA2,STOP_PROBE::ASF::ARLATE_B_VIO_BRIVIO_MADONNINA,STOP_PROBE::FROZEN::300527,DIR_PAIR_D4EFE8211480E128,COMPLETE_DIRECTED_PAIR_TEST_UNIVERSE_NOT_NETWORK_SELECTION
DIR_PAIR_22F84EFE7D46FB65,STOP_PROBE::ASF::ARLATE_B_VIO_BRIVIO_MADONNINA,STOP_PROBE::FROZEN::300634,DIR_PAIR_0C8406DE6E93D877,COMPLETE_DIRECTED_PAIR_TEST_UNIVERSE_NOT_NETWORK_SELECTION
DIR_PAIR_F6AC1BDA0726ADDD,STOP_PROBE::ASF::ARLATE_B_VIO_BRIVIO_MADONNINA,STOP_PROBE::FROZEN::300743,DIR_PAIR_5D4FD54341CA13CE,COMPLETE_DIRECTED_PAIR_TEST_UNIVERSE_NOT_NETWORK_SELECTION
DIR_PAIR_F4FA0022FBE11F0A,STOP_PROBE::ASF::ARLATE_B_VIO_BRIVIO_MADONNINA,STOP_PROBE::FROZEN::300782,DIR_PAIR_B7287526FD512A05,COMPLETE_DIRECTED_PAIR_TEST_UNIVERSE_NOT_NETWORK_SELECTION
DIR_PAIR_EA058FCCEF6C3629,STOP_PROBE::ASF::ARLATE_B_VIO_BRIVIO_MADONNINA,STOP_PROBE::FROZEN::300805,DIR_PAIR_065FADAB41202FC3,COMPLETE_DIRECTED_PAIR_TEST_UNIVERSE_NOT_NETWORK_SELECTION
DIR_PAIR_35ADD00C59D629D3,STOP_PROBE::ASF::ARLATE_B_VIO_BRIVIO_MADONNINA,STOP_PROBE::FROZEN::300873,DIR_PAIR_D8D58DF76C18695D,COMPLETE_DIRECTED_PAIR_TEST_UNIVERSE_NOT_NETWORK_SELECTION
DIR_PAIR_91BAD6B5EFB588AB,STOP_PROBE::ASF::ARLATE_B_VIO_BRIVIO_MADONNINA,STOP_PROBE::FROZEN::300879,DIR_PAIR_1D7B9067B6458A63,COMPLETE_DIRECTED_PAIR_TEST_UNIVERSE_NOT_NETWORK_SELECTION
DIR_PAIR_B3370F9E07760D46,STOP_PROBE::ASF::ARLATE_B_VIO_BRIVIO_MADONNINA,STOP_PROBE::FROZEN::300956,DIR_PAIR_1269844A4D9E73CB,COMPLETE_DIRECTED_PAIR_TEST_UNIVERSE_NOT_NETWORK_SELECTION
DIR_PAIR_D61B849C917ABA02,STOP_PROBE::ASF::ARLATE_B_VIO_BRIVIO_MADONNINA,STOP_PROBE::FROZEN::L00407,DIR_PAIR_4480DC0A959FE345,COMPLETE_DIRECTED_PAIR_TEST_UNIVERSE_NOT_NETWORK_SELECTION
DIR_PAIR_FE1BBCA5483632CB,STOP_PROBE::ASF::ARLATE_B_VIO_BRIVIO_MADONNINA,STOP_PROBE::MANUAL::CALCO_SCAGNELLO,DIR_PAIR_B8317AEFBCC982CA,COMPLETE_DIRECTED_PAIR_TEST_UNIVERSE_NOT_NETWORK_SELECTION
DIR_PAIR_7BB804EAAAC1DA0F,STOP_PROBE::ASF::ARLATE_B_VIO_BRIVIO_MADONNINA,STOP_PROBE::SPECIAL::CASA_DI_COMUNITA_OLGIATE,DIR_PAIR_BBC237723D31D934,COMPLETE_DIRECTED_PAIR_TEST_UNIVERSE_NOT_NETWORK_SELECTION
DIR_PAIR_1FC24014F3B6C16A,STOP_PROBE::ASF::ARLATE_CANTINA_PIROVANO,STOP_PROBE::ASF::ARLATE_BIVIO_PER_IL_PAESE,DIR_PAIR_AF5C2D4F804DA120,COMPLETE_DIRECTED_PAIR_TEST_UNIVERSE_NOT_NETWORK_SELECTION
DIR_PAIR_091E2A7AD336D632,STOP_PROBE::ASF::ARLATE_CANTINA_PIROVANO,STOP_PROBE::ASF::ARLATE_B_VIO_BRIVIO_MADONNINA,DIR_PAIR_7ED6258B32A7E908,COMPLETE_DIRECTED_PAIR_TEST_UNIVERSE_NOT_NETWORK_SELECTION
DIR_PAIR_D06657EA04508232,STOP_PROBE::ASF::ARLATE_CANTINA_PIROVANO,STOP_PROBE::ASF::BEVERATE_CARTELLO_PAESE,DIR_PAIR_E580979794235AB0,COMPLETE_DIRECTED_PAIR_TEST_UNIVERSE_NOT_NETWORK_SELECTION
DIR_PAIR_B5768F3C0EC7C31D,STOP_PROBE::ASF::ARLATE_CANTINA_PIROVANO,STOP_PROBE::ASF::BRIVIO_BAR_CRISTALLO,DIR_PAIR_3F325EE025F8986D,COMPLETE_DIRECTED_PAIR_TEST_UNIVERSE_NOT_NETWORK_SELECTION
DIR_PAIR_96470ABFD64AF98C,STOP_PROBE::ASF::ARLATE_CANTINA_PIROVANO,STOP_PROBE::ASF::BRIVIO_VIA_COMO_PENSILINA,DIR_PAIR_7FC0CA5B1FD1EE25,COMPLETE_DIRECTED_PAIR_TEST_UNIVERSE_NOT_NETWORK_SELECTION
DIR_PAIR_BC65501014B07915,STOP_PROBE::ASF::ARLATE_CANTINA_PIROVANO,STOP_PROBE::ASF::CALCO_LARGO_POMEA,DIR_PAIR_E71C25BD54C821CC,COMPLETE_DIRECTED_PAIR_TEST_UNIVERSE_NOT_NETWORK_SELECTION
DIR_PAIR_9BEC7F1458A0D8B9,STOP_PROBE::ASF::ARLATE_CANTINA_PIROVANO,STOP_PROBE::ASF::CALCO_VIA_GARIBALDI,DIR_PAIR_BD272357ED20BAC2,COMPLETE_DIRECTED_PAIR_TEST_UNIVERSE_NOT_NETWORK_SELECTION
DIR_PAIR_C7FB562A739824D7,STOP_PROBE::ASF::ARLATE_CANTINA_PIROVANO,STOP_PROBE::ASF::IMBERSAGO_LOCALITA_CAZZULINO,DIR_PAIR_ADC7B95F3EE6AF34,COMPLETE_DIRECTED_PAIR_TEST_UNIVERSE_NOT_NETWORK_SELECTION
DIR_PAIR_FA1CD103C60E5C3F,STOP_PROBE::ASF::ARLATE_CANTINA_PIROVANO,STOP_PROBE::ASF::OLGIATE_MOLGORA_SCARPONE,DIR_PAIR_95339D85669542CF,COMPLETE_DIRECTED_PAIR_TEST_UNIVERSE_NOT_NETWORK_SELECTION
DIR_PAIR_BD47D2AF6E614E6E,STOP_PROBE::ASF::ARLATE_CANTINA_PIROVANO,STOP_PROBE::ASF::OLGIATE_MOLGORA_VIA_DELLA_SALUTE,DIR_PAIR_88414311F160791D,COMPLETE_DIRECTED_PAIR_TEST_UNIVERSE_NOT_NETWORK_SELECTION
DIR_PAIR_A12D2CB7F3569E27,STOP_PROBE::ASF::ARLATE_CANTINA_PIROVANO,STOP_PROBE::ASF::OLGIATE_MOLGORA_VIA_STATALE,DIR_PAIR_7846BFF9FD233FD8,COMPLETE_DIRECTED_PAIR_TEST_UNIVERSE_NOT_NETWORK_SELECTION
DIR_PAIR_A2599B8F09FCF67D,STOP_PROBE::ASF::ARLATE_CANTINA_PIROVANO,STOP_PROBE::ASF::PEREGO_VIA_STATALE_79,DIR_PAIR_45257777BCCF880F,COMPLETE_DIRECTED_PAIR_TEST_UNIVERSE_NOT_NETWORK_SELECTION
DIR_PAIR_1B04FDA901940F04,STOP_PROBE::ASF::ARLATE_CANTINA_PIROVANO,STOP_PROBE::ASF::ROVAGNATE_FRAZIONE_ALDUNO,DIR_PAIR_B9FCF8BF9F419D7F,COMPLETE_DIRECTED_PAIR_TEST_UNIVERSE_NOT_NETWORK_SELECTION
DIR_PAIR_6C25C82A819B8E27,STOP_PROBE::ASF::ARLATE_CANTINA_PIROVANO,STOP_PROBE::ASF::ROVAGNATE_SS_ANG_V_LOMBARDIA,DIR_PAIR_66922DDA9E229313,COMPLETE_DIRECTED_PAIR_TEST_UNIVERSE_NOT_NETWORK_SELECTION
DIR_PAIR_7D16EC9B7BD31905,STOP_PROBE::ASF::ARLATE_CANTINA_PIROVANO,STOP_PROBE::ASF::ROVAGNATE_STRADA_STATALE_AGIP,DIR_PAIR_E34AF7D4F6FE224F,COMPLETE_DIRECTED_PAIR_TEST_UNIVERSE_NOT_NETWORK_SELECTION
DIR_PAIR_C7164F4CB5E01E09,STOP_PROBE::ASF::ARLATE_CANTINA_PIROVANO,STOP_PROBE::ASF::SANTA_MARIA_HOE_VIA_COMO,DIR_PAIR_6DB5DA4CC20190BA,COMPLETE_DIRECTED_PAIR_TEST_UNIVERSE_NOT_NETWORK_SELECTION
DIR_PAIR_E42213CFD7A320DC,STOP_PROBE::ASF::ARLATE_CANTINA_PIROVANO,STOP_PROBE::ASF::SANTA_MARIA_HOE_VIA_GIOVANNI_XXIII,DIR_PAIR_5F072EA60A530CEF,COMPLETE_DIRECTED_PAIR_TEST_UNIVERSE_NOT_NETWORK_SELECTION
DIR_PAIR_4C7386D986D2B64F,STOP_PROBE::ASF::ARLATE_CANTINA_PIROVANO,STOP_PROBE::ASF::S_MARIA_HOE_S_P_58_ANG_VIA_CENISIO,DIR_PAIR_B2F4B62FD1FDDF01,COMPLETE_DIRECTED_PAIR_TEST_UNIVERSE_NOT_NETWORK_SELECTION
DIR_PAIR_538567A6BB68CAB4,STOP_PROBE::ASF::ARLATE_CANTINA_PIROVANO,STOP_PROBE::ASF::VACCAREZZA_CARTELLO_PAESE,DIR_PAIR_6382F0B8545D4A3C,COMPLETE_DIRECTED_PAIR_TEST_UNIVERSE_NOT_NETWORK_SELECTION
DIR_PAIR_B5A5D51C99D86F2B,STOP_PROBE::ASF::ARLATE_CANTINA_PIROVANO,STOP_PROBE::FROZEN::100005,DIR_PAIR_8ED67FE67B0F3A5E,COMPLETE_DIRECTED_PAIR_TEST_UNIVERSE_NOT_NETWORK_SELECTION
DIR_PAIR_4BBDE32654409C4A,STOP_PROBE::ASF::ARLATE_CANTINA_PIROVANO,STOP_PROBE::FROZEN::300063,DIR_PAIR_B0E3CF0F4DD79EFA,COMPLETE_DIRECTED_PAIR_TEST_UNIVERSE_NOT_NETWORK_SELECTION
DIR_PAIR_318710E19B3A0F62,STOP_PROBE::ASF::ARLATE_CANTINA_PIROVANO,STOP_PROBE::FROZEN::300086,DIR_PAIR_D0F5AFCDF62166AD,COMPLETE_DIRECTED_PAIR_TEST_UNIVERSE_NOT_NETWORK_SELECTION
DIR_PAIR_8D6DBCBA95E69C28,STOP_PROBE::ASF::ARLATE_CANTINA_PIROVANO,STOP_PROBE::FROZEN::300398,DIR_PAIR_C1861A1CCED004E8,COMPLETE_DIRECTED_PAIR_TEST_UNIVERSE_NOT_NETWORK_SELECTION
DIR_PAIR_AE0C76B5DCA98B1D,STOP_PROBE::ASF::ARLATE_CANTINA_PIROVANO,STOP_PROBE::FROZEN::300487,DIR_PAIR_1EE7F90CC6DF784D,COMPLETE_DIRECTED_PAIR_TEST_UNIVERSE_NOT_NETWORK_SELECTION
DIR_PAIR_B2E947E6AE859182,STOP_PROBE::ASF::ARLATE_CANTINA_PIROVANO,STOP_PROBE::FROZEN::300527,DIR_PAIR_56EB5460E91EE0CA,COMPLETE_DIRECTED_PAIR_TEST_UNIVERSE_NOT_NETWORK_SELECTION
DIR_PAIR_850E403FCC0EDBAE,STOP_PROBE::ASF::ARLATE_CANTINA_PIROVANO,STOP_PROBE::FROZEN::300634,DIR_PAIR_E3E3DA3790A62BD6,COMPLETE_DIRECTED_PAIR_TEST_UNIVERSE_NOT_NETWORK_SELECTION
DIR_PAIR_7C1D0500D74014F1,STOP_PROBE::ASF::ARLATE_CANTINA_PIROVANO,STOP_PROBE::FROZEN::300743,DIR_PAIR_5C97FC2AFF9F29AA,COMPLETE_DIRECTED_PAIR_TEST_UNIVERSE_NOT_NETWORK_SELECTION
DIR_PAIR_5883C1CA45735E73,STOP_PROBE::ASF::ARLATE_CANTINA_PIROVANO,STOP_PROBE::FROZEN::300782,DIR_PAIR_DF79C5BD5C614BE8,COMPLETE_DIRECTED_PAIR_TEST_UNIVERSE_NOT_NETWORK_SELECTION
DIR_PAIR_6BBF86690EDF0469,STOP_PROBE::ASF::ARLATE_CANTINA_PIROVANO,STOP_PROBE::FROZEN::300805,DIR_PAIR_429D10EF854A0810,COMPLETE_DIRECTED_PAIR_TEST_UNIVERSE_NOT_NETWORK_SELECTION
DIR_PAIR_380B1690A72460AA,STOP_PROBE::ASF::ARLATE_CANTINA_PIROVANO,STOP_PROBE::FROZEN::300873,DIR_PAIR_D1F575ABAF1A94FB,COMPLETE_DIRECTED_PAIR_TEST_UNIVERSE_NOT_NETWORK_SELECTION
DIR_PAIR_60021BB0062BEA64,STOP_PROBE::ASF::ARLATE_CANTINA_PIROVANO,STOP_PROBE::FROZEN::300879,DIR_PAIR_6A17E2FB34F21FC2,COMPLETE_DIRECTED_PAIR_TEST_UNIVERSE_NOT_NETWORK_SELECTION
DIR_PAIR_9022BCCC28AB9FF0,STOP_PROBE::ASF::ARLATE_CANTINA_PIROVANO,STOP_PROBE::FROZEN::300956,DIR_PAIR_3EB8E2CFB7BE96CE,COMPLETE_DIRECTED_PAIR_TEST_UNIVERSE_NOT_NETWORK_SELECTION
DIR_PAIR_B070175FA86ECEDC,STOP_PROBE::ASF::ARLATE_CANTINA_PIROVANO,STOP_PROBE::FROZEN::L00407,DIR_PAIR_27FFE153F64C21D5,COMPLETE_DIRECTED_PAIR_TEST_UNIVERSE_NOT_NETWORK_SELECTION
DIR_PAIR_ADC7CBE7C763448A,STOP_PROBE::ASF::ARLATE_CANTINA_PIROVANO,STOP_PROBE::MANUAL::CALCO_SCAGNELLO,DIR_PAIR_7D2E1422F09E58B0,COMPLETE_DIRECTED_PAIR_TEST_UNIVERSE_NOT_NETWORK_SELECTION
DIR_PAIR_D6C2E3499A44A89F,STOP_PROBE::ASF::ARLATE_CANTINA_PIROVANO,STOP_PROBE::SPECIAL::CASA_DI_COMUNITA_OLGIATE,DIR_PAIR_7FBC7567F6FD36E7,COMPLETE_DIRECTED_PAIR_TEST_UNIVERSE_NOT_NETWORK_SELECTION
DIR_PAIR_77DA71E3415DEB2D,STOP_PROBE::ASF::BEVERATE_CARTELLO_PAESE,STOP_PROBE::ASF::ARLATE_BIVIO_PER_IL_PAESE,DIR_PAIR_BB36E47536BE4E0A,COMPLETE_DIRECTED_PAIR_TEST_UNIVERSE_NOT_NETWORK_SELECTION
DIR_PAIR_6022D775D3193988,STOP_PROBE::ASF::BEVERATE_CARTELLO_PAESE,STOP_PROBE::ASF::ARLATE_B_VIO_BRIVIO_MADONNINA,DIR_PAIR_4D7095BE67E7F492,COMPLETE_DIRECTED_PAIR_TEST_UNIVERSE_NOT_NETWORK_SELECTION
DIR_PAIR_E580979794235AB0,STOP_PROBE::ASF::BEVERATE_CARTELLO_PAESE,STOP_PROBE::ASF::ARLATE_CANTINA_PIROVANO,DIR_PAIR_D06657EA04508232,COMPLETE_DIRECTED_PAIR_TEST_UNIVERSE_NOT_NETWORK_SELECTION
DIR_PAIR_07AA25A4E8138012,STOP_PROBE::ASF::BEVERATE_CARTELLO_PAESE,STOP_PROBE::ASF::BRIVIO_BAR_CRISTALLO,DIR_PAIR_0F8941C1C49279FA,COMPLETE_DIRECTED_PAIR_TEST_UNIVERSE_NOT_NETWORK_SELECTION
DIR_PAIR_33A193625D26EC07,STOP_PROBE::ASF::BEVERATE_CARTELLO_PAESE,STOP_PROBE::ASF::BRIVIO_VIA_COMO_PENSILINA,DIR_PAIR_0B9E53E667150207,COMPLETE_DIRECTED_PAIR_TEST_UNIVERSE_NOT_NETWORK_SELECTION
DIR_PAIR_893FD9D4F8251252,STOP_PROBE::ASF::BEVERATE_CARTELLO_PAESE,STOP_PROBE::ASF::CALCO_LARGO_POMEA,DIR_PAIR_7F59D81F17CAAEC8,COMPLETE_DIRECTED_PAIR_TEST_UNIVERSE_NOT_NETWORK_SELECTION
DIR_PAIR_DAB0B4C8F41CF846,STOP_PROBE::ASF::BEVERATE_CARTELLO_PAESE,STOP_PROBE::ASF::CALCO_VIA_GARIBALDI,DIR_PAIR_7CCBFFB45ED52124,COMPLETE_DIRECTED_PAIR_TEST_UNIVERSE_NOT_NETWORK_SELECTION
DIR_PAIR_EBF1A6257EBAB442,STOP_PROBE::ASF::BEVERATE_CARTELLO_PAESE,STOP_PROBE::ASF::IMBERSAGO_LOCALITA_CAZZULINO,DIR_PAIR_F8D4874F3767A166,COMPLETE_DIRECTED_PAIR_TEST_UNIVERSE_NOT_NETWORK_SELECTION
DIR_PAIR_B03920D7960B0F1C,STOP_PROBE::ASF::BEVERATE_CARTELLO_PAESE,STOP_PROBE::ASF::OLGIATE_MOLGORA_SCARPONE,DIR_PAIR_490D24CF0D5E451A,COMPLETE_DIRECTED_PAIR_TEST_UNIVERSE_NOT_NETWORK_SELECTION
DIR_PAIR_4C3F81DE8185A39B,STOP_PROBE::ASF::BEVERATE_CARTELLO_PAESE,STOP_PROBE::ASF::OLGIATE_MOLGORA_VIA_DELLA_SALUTE,DIR_PAIR_41B756BE4319145D,COMPLETE_DIRECTED_PAIR_TEST_UNIVERSE_NOT_NETWORK_SELECTION
DIR_PAIR_3A888A38561A5648,STOP_PROBE::ASF::BEVERATE_CARTELLO_PAESE,STOP_PROBE::ASF::OLGIATE_MOLGORA_VIA_STATALE,DIR_PAIR_FED6D226BB4304F8,COMPLETE_DIRECTED_PAIR_TEST_UNIVERSE_NOT_NETWORK_SELECTION
DIR_PAIR_E9E89F267AEA5570,STOP_PROBE::ASF::BEVERATE_CARTELLO_PAESE,STOP_PROBE::ASF::PEREGO_VIA_STATALE_79,DIR_PAIR_7DCEFCA86B5EA7B1,COMPLETE_DIRECTED_PAIR_TEST_UNIVERSE_NOT_NETWORK_SELECTION
DIR_PAIR_AACD08BFF132D250,STOP_PROBE::ASF::BEVERATE_CARTELLO_PAESE,STOP_PROBE::ASF::ROVAGNATE_FRAZIONE_ALDUNO,DIR_PAIR_843AC3CF3C2E6454,COMPLETE_DIRECTED_PAIR_TEST_UNIVERSE_NOT_NETWORK_SELECTION
DIR_PAIR_76AAB15ACACA6831,STOP_PROBE::ASF::BEVERATE_CARTELLO_PAESE,STOP_PROBE::ASF::ROVAGNATE_SS_ANG_V_LOMBARDIA,DIR_PAIR_4025428B98174549,COMPLETE_DIRECTED_PAIR_TEST_UNIVERSE_NOT_NETWORK_SELECTION
DIR_PAIR_3DE0F92E6390D62F,STOP_PROBE::ASF::BEVERATE_CARTELLO_PAESE,STOP_PROBE::ASF::ROVAGNATE_STRADA_STATALE_AGIP,DIR_PAIR_2BF1A03BB34140B1,COMPLETE_DIRECTED_PAIR_TEST_UNIVERSE_NOT_NETWORK_SELECTION
DIR_PAIR_594039DF40F81950,STOP_PROBE::ASF::BEVERATE_CARTELLO_PAESE,STOP_PROBE::ASF::SANTA_MARIA_HOE_VIA_COMO,DIR_PAIR_3B8CBA6BF5296F2C,COMPLETE_DIRECTED_PAIR_TEST_UNIVERSE_NOT_NETWORK_SELECTION
DIR_PAIR_3CDAE73AF4F81134,STOP_PROBE::ASF::BEVERATE_CARTELLO_PAESE,STOP_PROBE::ASF::SANTA_MARIA_HOE_VIA_GIOVANNI_XXIII,DIR_PAIR_5BEB56AB77F27FC6,COMPLETE_DIRECTED_PAIR_TEST_UNIVERSE_NOT_NETWORK_SELECTION
DIR_PAIR_47808DE6F157E031,STOP_PROBE::ASF::BEVERATE_CARTELLO_PAESE,STOP_PROBE::ASF::S_MARIA_HOE_S_P_58_ANG_VIA_CENISIO,DIR_PAIR_0A36E830CD86FBCD,COMPLETE_DIRECTED_PAIR_TEST_UNIVERSE_NOT_NETWORK_SELECTION
DIR_PAIR_867FDE6BFBF4F81C,STOP_PROBE::ASF::BEVERATE_CARTELLO_PAESE,STOP_PROBE::ASF::VACCAREZZA_CARTELLO_PAESE,DIR_PAIR_FA077B75AE3E60C6,COMPLETE_DIRECTED_PAIR_TEST_UNIVERSE_NOT_NETWORK_SELECTION
DIR_PAIR_0AF149B7C215A672,STOP_PROBE::ASF::BEVERATE_CARTELLO_PAESE,STOP_PROBE::FROZEN::100005,DIR_PAIR_D66E4BBE61393F49,COMPLETE_DIRECTED_PAIR_TEST_UNIVERSE_NOT_NETWORK_SELECTION
DIR_PAIR_97AA1F40DC64E76C,STOP_PROBE::ASF::BEVERATE_CARTELLO_PAESE,STOP_PROBE::FROZEN::300063,DIR_PAIR_BB042B18FB494F9E,COMPLETE_DIRECTED_PAIR_TEST_UNIVERSE_NOT_NETWORK_SELECTION
DIR_PAIR_61E8467F4634D2CD,STOP_PROBE::ASF::BEVERATE_CARTELLO_PAESE,STOP_PROBE::FROZEN::300086,DIR_PAIR_22B867D250E8C2DC,COMPLETE_DIRECTED_PAIR_TEST_UNIVERSE_NOT_NETWORK_SELECTION
DIR_PAIR_1D6A3C4019A52C3E,STOP_PROBE::ASF::BEVERATE_CARTELLO_PAESE,STOP_PROBE::FROZEN::300398,DIR_PAIR_931A42AD181C5B2E,COMPLETE_DIRECTED_PAIR_TEST_UNIVERSE_NOT_NETWORK_SELECTION
DIR_PAIR_7501A2C7A7D6CDB4,STOP_PROBE::ASF::BEVERATE_CARTELLO_PAESE,STOP_PROBE::FROZEN::300487,DIR_PAIR_428AA9CBECB68B1D,COMPLETE_DIRECTED_PAIR_TEST_UNIVERSE_NOT_NETWORK_SELECTION
DIR_PAIR_81785DAFB1707021,STOP_PROBE::ASF::BEVERATE_CARTELLO_PAESE,STOP_PROBE::FROZEN::300527,DIR_PAIR_6655094B839EF1DD,COMPLETE_DIRECTED_PAIR_TEST_UNIVERSE_NOT_NETWORK_SELECTION
DIR_PAIR_D9A98202B2D91028,STOP_PROBE::ASF::BEVERATE_CARTELLO_PAESE,STOP_PROBE::FROZEN::300634,DIR_PAIR_5FCE9C7AF035EB49,COMPLETE_DIRECTED_PAIR_TEST_UNIVERSE_NOT_NETWORK_SELECTION
DIR_PAIR_F80A2A4A5FE8AAC0,STOP_PROBE::ASF::BEVERATE_CARTELLO_PAESE,STOP_PROBE::FROZEN::300743,DIR_PAIR_B6BCE033EB7041F6,COMPLETE_DIRECTED_PAIR_TEST_UNIVERSE_NOT_NETWORK_SELECTION
DIR_PAIR_13775B2BFAE7E561,STOP_PROBE::ASF::BEVERATE_CARTELLO_PAESE,STOP_PROBE::FROZEN::300782,DIR_PAIR_96C165F425B3249D,COMPLETE_DIRECTED_PAIR_TEST_UNIVERSE_NOT_NETWORK_SELECTION
DIR_PAIR_87E41C8449AA21CE,STOP_PROBE::ASF::BEVERATE_CARTELLO_PAESE,STOP_PROBE::FROZEN::300805,DIR_PAIR_82D07ECF379B9F0B,COMPLETE_DIRECTED_PAIR_TEST_UNIVERSE_NOT_NETWORK_SELECTION
DIR_PAIR_7852ACC821142340,STOP_PROBE::ASF::BEVERATE_CARTELLO_PAESE,STOP_PROBE::FROZEN::300873,DIR_PAIR_EE8B17A5A66FE0A4,COMPLETE_DIRECTED_PAIR_TEST_UNIVERSE_NOT_NETWORK_SELECTION
DIR_PAIR_E8C20B0B97BD2FF4,STOP_PROBE::ASF::BEVERATE_CARTELLO_PAESE,STOP_PROBE::FROZEN::300879,DIR_PAIR_CCA9DA5CFE0530E8,COMPLETE_DIRECTED_PAIR_TEST_UNIVERSE_NOT_NETWORK_SELECTION
DIR_PAIR_39D9C1C90EFAFD33,STOP_PROBE::ASF::BEVERATE_CARTELLO_PAESE,STOP_PROBE::FROZEN::300956,DIR_PAIR_A55A31C38668CAFF,COMPLETE_DIRECTED_PAIR_TEST_UNIVERSE_NOT_NETWORK_SELECTION
DIR_PAIR_5FC182B44144C2BA,STOP_PROBE::ASF::BEVERATE_CARTELLO_PAESE,STOP_PROBE::FROZEN::L00407,DIR_PAIR_BBFB5EB014B2B5FF,COMPLETE_DIRECTED_PAIR_TEST_UNIVERSE_NOT_NETWORK_SELECTION
DIR_PAIR_ABA243D75828C979,STOP_PROBE::ASF::BEVERATE_CARTELLO_PAESE,STOP_PROBE::MANUAL::CALCO_SCAGNELLO,DIR_PAIR_CDFEFFE03E6485D6,COMPLETE_DIRECTED_PAIR_TEST_UNIVERSE_NOT_NETWORK_SELECTION
DIR_PAIR_2BEB5EFCC9B2148F,STOP_PROBE::ASF::BEVERATE_CARTELLO_PAESE,STOP_PROBE::SPECIAL::CASA_DI_COMUNITA_OLGIATE,DIR_PAIR_65BAFDC6A48DBA9C,COMPLETE_DIRECTED_PAIR_TEST_UNIVERSE_NOT_NETWORK_SELECTION
DIR_PAIR_8E55AB9CB23A50E1,STOP_PROBE::ASF::BRIVIO_BAR_CRISTALLO,STOP_PROBE::ASF::ARLATE_BIVIO_PER_IL_PAESE,DIR_PAIR_A083C67B90FF7DEE,COMPLETE_DIRECTED_PAIR_TEST_UNIVERSE_NOT_NETWORK_SELECTION
DIR_PAIR_4A6C741F1BED757F,STOP_PROBE::ASF::BRIVIO_BAR_CRISTALLO,STOP_PROBE::ASF::ARLATE_B_VIO_BRIVIO_MADONNINA,DIR_PAIR_C44EA8309BD0CD61,COMPLETE_DIRECTED_PAIR_TEST_UNIVERSE_NOT_NETWORK_SELECTION
DIR_PAIR_3F325EE025F8986D,STOP_PROBE::ASF::BRIVIO_BAR_CRISTALLO,STOP_PROBE::ASF::ARLATE_CANTINA_PIROVANO,DIR_PAIR_B5768F3C0EC7C31D,COMPLETE_DIRECTED_PAIR_TEST_UNIVERSE_NOT_NETWORK_SELECTION
DIR_PAIR_0F8941C1C49279FA,STOP_PROBE::ASF::BRIVIO_BAR_CRISTALLO,STOP_PROBE::ASF::BEVERATE_CARTELLO_PAESE,DIR_PAIR_07AA25A4E8138012,COMPLETE_DIRECTED_PAIR_TEST_UNIVERSE_NOT_NETWORK_SELECTION
DIR_PAIR_819485EA0EDF83A1,STOP_PROBE::ASF::BRIVIO_BAR_CRISTALLO,STOP_PROBE::ASF::BRIVIO_VIA_COMO_PENSILINA,DIR_PAIR_9CE854D4848D0B59,COMPLETE_DIRECTED_PAIR_TEST_UNIVERSE_NOT_NETWORK_SELECTION
DIR_PAIR_C3CFA0B8D1257580,STOP_PROBE::ASF::BRIVIO_BAR_CRISTALLO,STOP_PROBE::ASF::CALCO_LARGO_POMEA,DIR_PAIR_658597F247D25977,COMPLETE_DIRECTED_PAIR_TEST_UNIVERSE_NOT_NETWORK_SELECTION
DIR_PAIR_9BCE2A3FDE3648AF,STOP_PROBE::ASF::BRIVIO_BAR_CRISTALLO,STOP_PROBE::ASF::CALCO_VIA_GARIBALDI,DIR_PAIR_6E8B8A2AE0FF2F9D,COMPLETE_DIRECTED_PAIR_TEST_UNIVERSE_NOT_NETWORK_SELECTION
DIR_PAIR_43D3CBBB1564D9EC,STOP_PROBE::ASF::BRIVIO_BAR_CRISTALLO,STOP_PROBE::ASF::IMBERSAGO_LOCALITA_CAZZULINO,DIR_PAIR_ECEFA6FC6CD72C22,COMPLETE_DIRECTED_PAIR_TEST_UNIVERSE_NOT_NETWORK_SELECTION
DIR_PAIR_0C92B9C6A7D68FD9,STOP_PROBE::ASF::BRIVIO_BAR_CRISTALLO,STOP_PROBE::ASF::OLGIATE_MOLGORA_SCARPONE,DIR_PAIR_B52A2EF60A9020DE,COMPLETE_DIRECTED_PAIR_TEST_UNIVERSE_NOT_NETWORK_SELECTION
DIR_PAIR_E0F79226681796F5,STOP_PROBE::ASF::BRIVIO_BAR_CRISTALLO,STOP_PROBE::ASF::OLGIATE_MOLGORA_VIA_DELLA_SALUTE,DIR_PAIR_E3480221822A713A,COMPLETE_DIRECTED_PAIR_TEST_UNIVERSE_NOT_NETWORK_SELECTION
DIR_PAIR_9B5D79C123810411,STOP_PROBE::ASF::BRIVIO_BAR_CRISTALLO,STOP_PROBE::ASF::OLGIATE_MOLGORA_VIA_STATALE,DIR_PAIR_83F81781BE43FDA8,COMPLETE_DIRECTED_PAIR_TEST_UNIVERSE_NOT_NETWORK_SELECTION
DIR_PAIR_6E27661619F7F285,STOP_PROBE::ASF::BRIVIO_BAR_CRISTALLO,STOP_PROBE::ASF::PEREGO_VIA_STATALE_79,DIR_PAIR_83C8E557317103F8,COMPLETE_DIRECTED_PAIR_TEST_UNIVERSE_NOT_NETWORK_SELECTION
DIR_PAIR_A048FB28AEFFF620,STOP_PROBE::ASF::BRIVIO_BAR_CRISTALLO,STOP_PROBE::ASF::ROVAGNATE_FRAZIONE_ALDUNO,DIR_PAIR_2959E572AA2E0692,COMPLETE_DIRECTED_PAIR_TEST_UNIVERSE_NOT_NETWORK_SELECTION
DIR_PAIR_3C49E8D5E058D30D,STOP_PROBE::ASF::BRIVIO_BAR_CRISTALLO,STOP_PROBE::ASF::ROVAGNATE_SS_ANG_V_LOMBARDIA,DIR_PAIR_08323EA38266180F,COMPLETE_DIRECTED_PAIR_TEST_UNIVERSE_NOT_NETWORK_SELECTION
DIR_PAIR_A1F610467218DC2A,STOP_PROBE::ASF::BRIVIO_BAR_CRISTALLO,STOP_PROBE::ASF::ROVAGNATE_STRADA_STATALE_AGIP,DIR_PAIR_916C2779A674D451,COMPLETE_DIRECTED_PAIR_TEST_UNIVERSE_NOT_NETWORK_SELECTION
DIR_PAIR_6A8CA5A3F586A7E9,STOP_PROBE::ASF::BRIVIO_BAR_CRISTALLO,STOP_PROBE::ASF::SANTA_MARIA_HOE_VIA_COMO,DIR_PAIR_4102EFB0F5C5A8E7,COMPLETE_DIRECTED_PAIR_TEST_UNIVERSE_NOT_NETWORK_SELECTION
DIR_PAIR_0578888018944AEF,STOP_PROBE::ASF::BRIVIO_BAR_CRISTALLO,STOP_PROBE::ASF::SANTA_MARIA_HOE_VIA_GIOVANNI_XXIII,DIR_PAIR_E4321D631825A119,COMPLETE_DIRECTED_PAIR_TEST_UNIVERSE_NOT_NETWORK_SELECTION
DIR_PAIR_CE308D6775BAC084,STOP_PROBE::ASF::BRIVIO_BAR_CRISTALLO,STOP_PROBE::ASF::S_MARIA_HOE_S_P_58_ANG_VIA_CENISIO,DIR_PAIR_2B9939CD44FEAA42,COMPLETE_DIRECTED_PAIR_TEST_UNIVERSE_NOT_NETWORK_SELECTION
DIR_PAIR_D3A71CBC43712A42,STOP_PROBE::ASF::BRIVIO_BAR_CRISTALLO,STOP_PROBE::ASF::VACCAREZZA_CARTELLO_PAESE,DIR_PAIR_561789619A362EE5,COMPLETE_DIRECTED_PAIR_TEST_UNIVERSE_NOT_NETWORK_SELECTION
DIR_PAIR_0468DFF9C637CDA3,STOP_PROBE::ASF::BRIVIO_BAR_CRISTALLO,STOP_PROBE::FROZEN::100005,DIR_PAIR_ABFE04709507527F,COMPLETE_DIRECTED_PAIR_TEST_UNIVERSE_NOT_NETWORK_SELECTION
DIR_PAIR_1C83D2EAB84D55EA,STOP_PROBE::ASF::BRIVIO_BAR_CRISTALLO,STOP_PROBE::FROZEN::300063,DIR_PAIR_071931815311D99B,COMPLETE_DIRECTED_PAIR_TEST_UNIVERSE_NOT_NETWORK_SELECTION
DIR_PAIR_86AFED3E80296528,STOP_PROBE::ASF::BRIVIO_BAR_CRISTALLO,STOP_PROBE::FROZEN::300086,DIR_PAIR_CDE07D5BD52D79E7,COMPLETE_DIRECTED_PAIR_TEST_UNIVERSE_NOT_NETWORK_SELECTION
DIR_PAIR_476813884967F26A,STOP_PROBE::ASF::BRIVIO_BAR_CRISTALLO,STOP_PROBE::FROZEN::300398,DIR_PAIR_70E855EA6DACDF0B,COMPLETE_DIRECTED_PAIR_TEST_UNIVERSE_NOT_NETWORK_SELECTION
DIR_PAIR_24D398E0A5FDCA0F,STOP_PROBE::ASF::BRIVIO_BAR_CRISTALLO,STOP_PROBE::FROZEN::300487,DIR_PAIR_1D1EB6F16494E10D,COMPLETE_DIRECTED_PAIR_TEST_UNIVERSE_NOT_NETWORK_SELECTION
DIR_PAIR_688C091979B25418,STOP_PROBE::ASF::BRIVIO_BAR_CRISTALLO,STOP_PROBE::FROZEN::300527,DIR_PAIR_FB3D0A8C447F3D7D,COMPLETE_DIRECTED_PAIR_TEST_UNIVERSE_NOT_NETWORK_SELECTION
DIR_PAIR_9349877A07E18D08,STOP_PROBE::ASF::BRIVIO_BAR_CRISTALLO,STOP_PROBE::FROZEN::300634,DIR_PAIR_8146B8B6769902E2,COMPLETE_DIRECTED_PAIR_TEST_UNIVERSE_NOT_NETWORK_SELECTION
DIR_PAIR_09EAEA4B0F3912A0,STOP_PROBE::ASF::BRIVIO_BAR_CRISTALLO,STOP_PROBE::FROZEN::300743,DIR_PAIR_EBB24090458737BC,COMPLETE_DIRECTED_PAIR_TEST_UNIVERSE_NOT_NETWORK_SELECTION
DIR_PAIR_1995668BD1ED2B5C,STOP_PROBE::ASF::BRIVIO_BAR_CRISTALLO,STOP_PROBE::FROZEN::300782,DIR_PAIR_77831B6613ACCDAB,COMPLETE_DIRECTED_PAIR_TEST_UNIVERSE_NOT_NETWORK_SELECTION
DIR_PAIR_3329C7E133415C00,STOP_PROBE::ASF::BRIVIO_BAR_CRISTALLO,STOP_PROBE::FROZEN::300805,DIR_PAIR_2CC581FCF053D2D0,COMPLETE_DIRECTED_PAIR_TEST_UNIVERSE_NOT_NETWORK_SELECTION
DIR_PAIR_7AE36EE503B0A9EB,STOP_PROBE::ASF::BRIVIO_BAR_CRISTALLO,STOP_PROBE::FROZEN::300873,DIR_PAIR_0745589CD3095C95,COMPLETE_DIRECTED_PAIR_TEST_UNIVERSE_NOT_NETWORK_SELECTION
DIR_PAIR_359EB3BB05EE6929,STOP_PROBE::ASF::BRIVIO_BAR_CRISTALLO,STOP_PROBE::FROZEN::300879,DIR_PAIR_9257D83AB9D34538,COMPLETE_DIRECTED_PAIR_TEST_UNIVERSE_NOT_NETWORK_SELECTION
DIR_PAIR_C9676579324E007E,STOP_PROBE::ASF::BRIVIO_BAR_CRISTALLO,STOP_PROBE::FROZEN::300956,DIR_PAIR_73AC15653576302F,COMPLETE_DIRECTED_PAIR_TEST_UNIVERSE_NOT_NETWORK_SELECTION
DIR_PAIR_3096A9A8C9C3D5C7,STOP_PROBE::ASF::BRIVIO_BAR_CRISTALLO,STOP_PROBE::FROZEN::L00407,DIR_PAIR_5BAD3DA0540EAF32,COMPLETE_DIRECTED_PAIR_TEST_UNIVERSE_NOT_NETWORK_SELECTION
DIR_PAIR_42C3199B40133DA0,STOP_PROBE::ASF::BRIVIO_BAR_CRISTALLO,STOP_PROBE::MANUAL::CALCO_SCAGNELLO,DIR_PAIR_A9654264EA799488,COMPLETE_DIRECTED_PAIR_TEST_UNIVERSE_NOT_NETWORK_SELECTION
DIR_PAIR_E0BAF4A19AA3148F,STOP_PROBE::ASF::BRIVIO_BAR_CRISTALLO,STOP_PROBE::SPECIAL::CASA_DI_COMUNITA_OLGIATE,DIR_PAIR_FCF464CCF69C8E6C,COMPLETE_DIRECTED_PAIR_TEST_UNIVERSE_NOT_NETWORK_SELECTION
DIR_PAIR_1D31665628B9CA90,STOP_PROBE::ASF::BRIVIO_VIA_COMO_PENSILINA,STOP_PROBE::ASF::ARLATE_BIVIO_PER_IL_PAESE,DIR_PAIR_AA6799C509F9E59A,COMPLETE_DIRECTED_PAIR_TEST_UNIVERSE_NOT_NETWORK_SELECTION
DIR_PAIR_BEBDDEF39F92BE65,STOP_PROBE::ASF::BRIVIO_VIA_COMO_PENSILINA,STOP_PROBE::ASF::ARLATE_B_VIO_BRIVIO_MADONNINA,DIR_PAIR_759364A6D6F79E6A,COMPLETE_DIRECTED_PAIR_TEST_UNIVERSE_NOT_NETWORK_SELECTION
DIR_PAIR_7FC0CA5B1FD1EE25,STOP_PROBE::ASF::BRIVIO_VIA_COMO_PENSILINA,STOP_PROBE::ASF::ARLATE_CANTINA_PIROVANO,DIR_PAIR_96470ABFD64AF98C,COMPLETE_DIRECTED_PAIR_TEST_UNIVERSE_NOT_NETWORK_SELECTION
DIR_PAIR_0B9E53E667150207,STOP_PROBE::ASF::BRIVIO_VIA_COMO_PENSILINA,STOP_PROBE::ASF::BEVERATE_CARTELLO_PAESE,DIR_PAIR_33A193625D26EC07,COMPLETE_DIRECTED_PAIR_TEST_UNIVERSE_NOT_NETWORK_SELECTION
DIR_PAIR_9CE854D4848D0B59,STOP_PROBE::ASF::BRIVIO_VIA_COMO_PENSILINA,STOP_PROBE::ASF::BRIVIO_BAR_CRISTALLO,DIR_PAIR_819485EA0EDF83A1,COMPLETE_DIRECTED_PAIR_TEST_UNIVERSE_NOT_NETWORK_SELECTION
DIR_PAIR_4B9B302AAD83125A,STOP_PROBE::ASF::BRIVIO_VIA_COMO_PENSILINA,STOP_PROBE::ASF::CALCO_LARGO_POMEA,DIR_PAIR_8A5AF2BF2BC3BFA3,COMPLETE_DIRECTED_PAIR_TEST_UNIVERSE_NOT_NETWORK_SELECTION
DIR_PAIR_AE8AD0C2A02BA431,STOP_PROBE::ASF::BRIVIO_VIA_COMO_PENSILINA,STOP_PROBE::ASF::CALCO_VIA_GARIBALDI,DIR_PAIR_09B796BAD6627806,COMPLETE_DIRECTED_PAIR_TEST_UNIVERSE_NOT_NETWORK_SELECTION
DIR_PAIR_150E7F621C62F892,STOP_PROBE::ASF::BRIVIO_VIA_COMO_PENSILINA,STOP_PROBE::ASF::IMBERSAGO_LOCALITA_CAZZULINO,DIR_PAIR_7E24794E931E9B81,COMPLETE_DIRECTED_PAIR_TEST_UNIVERSE_NOT_NETWORK_SELECTION
DIR_PAIR_69E24342BD25AA85,STOP_PROBE::ASF::BRIVIO_VIA_COMO_PENSILINA,STOP_PROBE::ASF::OLGIATE_MOLGORA_SCARPONE,DIR_PAIR_77204421C5FCE808,COMPLETE_DIRECTED_PAIR_TEST_UNIVERSE_NOT_NETWORK_SELECTION
DIR_PAIR_F96B2DFFF83DC24C,STOP_PROBE::ASF::BRIVIO_VIA_COMO_PENSILINA,STOP_PROBE::ASF::OLGIATE_MOLGORA_VIA_DELLA_SALUTE,DIR_PAIR_0C5084CDF39A6E52,COMPLETE_DIRECTED_PAIR_TEST_UNIVERSE_NOT_NETWORK_SELECTION
DIR_PAIR_35E50A45613DD78F,STOP_PROBE::ASF::BRIVIO_VIA_COMO_PENSILINA,STOP_PROBE::ASF::OLGIATE_MOLGORA_VIA_STATALE,DIR_PAIR_EFA213EA13B67608,COMPLETE_DIRECTED_PAIR_TEST_UNIVERSE_NOT_NETWORK_SELECTION
DIR_PAIR_8E0A62790369B823,STOP_PROBE::ASF::BRIVIO_VIA_COMO_PENSILINA,STOP_PROBE::ASF::PEREGO_VIA_STATALE_79,DIR_PAIR_0671BBE3B10FCF85,COMPLETE_DIRECTED_PAIR_TEST_UNIVERSE_NOT_NETWORK_SELECTION
DIR_PAIR_DD5A648935D142EA,STOP_PROBE::ASF::BRIVIO_VIA_COMO_PENSILINA,STOP_PROBE::ASF::ROVAGNATE_FRAZIONE_ALDUNO,DIR_PAIR_AA5EB19B19EE0D8E,COMPLETE_DIRECTED_PAIR_TEST_UNIVERSE_NOT_NETWORK_SELECTION
DIR_PAIR_C3EBE2BB5E6C1518,STOP_PROBE::ASF::BRIVIO_VIA_COMO_PENSILINA,STOP_PROBE::ASF::ROVAGNATE_SS_ANG_V_LOMBARDIA,DIR_PAIR_FAC69316F336A10B,COMPLETE_DIRECTED_PAIR_TEST_UNIVERSE_NOT_NETWORK_SELECTION
DIR_PAIR_9E9341BB700EFFDB,STOP_PROBE::ASF::BRIVIO_VIA_COMO_PENSILINA,STOP_PROBE::ASF::ROVAGNATE_STRADA_STATALE_AGIP,DIR_PAIR_8D08540A3B3DDFBA,COMPLETE_DIRECTED_PAIR_TEST_UNIVERSE_NOT_NETWORK_SELECTION
DIR_PAIR_D2623348F7CDB99B,STOP_PROBE::ASF::BRIVIO_VIA_COMO_PENSILINA,STOP_PROBE::ASF::SANTA_MARIA_HOE_VIA_COMO,DIR_PAIR_AD397AE5E650E2D2,COMPLETE_DIRECTED_PAIR_TEST_UNIVERSE_NOT_NETWORK_SELECTION
DIR_PAIR_82E68B07567C951E,STOP_PROBE::ASF::BRIVIO_VIA_COMO_PENSILINA,STOP_PROBE::ASF::SANTA_MARIA_HOE_VIA_GIOVANNI_XXIII,DIR_PAIR_3EBA8AF1468E913F,COMPLETE_DIRECTED_PAIR_TEST_UNIVERSE_NOT_NETWORK_SELECTION
DIR_PAIR_45528D7838A1477A,STOP_PROBE::ASF::BRIVIO_VIA_COMO_PENSILINA,STOP_PROBE::ASF::S_MARIA_HOE_S_P_58_ANG_VIA_CENISIO,DIR_PAIR_9445230CE7A96C2E,COMPLETE_DIRECTED_PAIR_TEST_UNIVERSE_NOT_NETWORK_SELECTION
DIR_PAIR_E463A3D30261C85A,STOP_PROBE::ASF::BRIVIO_VIA_COMO_PENSILINA,STOP_PROBE::ASF::VACCAREZZA_CARTELLO_PAESE,DIR_PAIR_7BB5AA46DEC3B76F,COMPLETE_DIRECTED_PAIR_TEST_UNIVERSE_NOT_NETWORK_SELECTION
DIR_PAIR_DF48A8DF514B777D,STOP_PROBE::ASF::BRIVIO_VIA_COMO_PENSILINA,STOP_PROBE::FROZEN::100005,DIR_PAIR_0A9597E2ABC4DEC1,COMPLETE_DIRECTED_PAIR_TEST_UNIVERSE_NOT_NETWORK_SELECTION
DIR_PAIR_702820ABE642E999,STOP_PROBE::ASF::BRIVIO_VIA_COMO_PENSILINA,STOP_PROBE::FROZEN::300063,DIR_PAIR_BF0F7C1CA0422AEC,COMPLETE_DIRECTED_PAIR_TEST_UNIVERSE_NOT_NETWORK_SELECTION
DIR_PAIR_98091CDD2F72A779,STOP_PROBE::ASF::BRIVIO_VIA_COMO_PENSILINA,STOP_PROBE::FROZEN::300086,DIR_PAIR_99303275528D7B07,COMPLETE_DIRECTED_PAIR_TEST_UNIVERSE_NOT_NETWORK_SELECTION
DIR_PAIR_A762AE6F29C92169,STOP_PROBE::ASF::BRIVIO_VIA_COMO_PENSILINA,STOP_PROBE::FROZEN::300398,DIR_PAIR_E0B78405ECD5BC84,COMPLETE_DIRECTED_PAIR_TEST_UNIVERSE_NOT_NETWORK_SELECTION
DIR_PAIR_360067A49BCD8F04,STOP_PROBE::ASF::BRIVIO_VIA_COMO_PENSILINA,STOP_PROBE::FROZEN::300487,DIR_PAIR_55DD8D60E54F0750,COMPLETE_DIRECTED_PAIR_TEST_UNIVERSE_NOT_NETWORK_SELECTION
DIR_PAIR_B853886950929780,STOP_PROBE::ASF::BRIVIO_VIA_COMO_PENSILINA,STOP_PROBE::FROZEN::300527,DIR_PAIR_323FE080BE34197C,COMPLETE_DIRECTED_PAIR_TEST_UNIVERSE_NOT_NETWORK_SELECTION
DIR_PAIR_12B6CD0762010073,STOP_PROBE::ASF::BRIVIO_VIA_COMO_PENSILINA,STOP_PROBE::FROZEN::300634,DIR_PAIR_2F4EB6648E914FC6,COMPLETE_DIRECTED_PAIR_TEST_UNIVERSE_NOT_NETWORK_SELECTION
DIR_PAIR_CBB727659D9BB900,STOP_PROBE::ASF::BRIVIO_VIA_COMO_PENSILINA,STOP_PROBE::FROZEN::300743,DIR_PAIR_340A9EDE44875D31,COMPLETE_DIRECTED_PAIR_TEST_UNIVERSE_NOT_NETWORK_SELECTION
DIR_PAIR_8309F5695CEEA86F,STOP_PROBE::ASF::BRIVIO_VIA_COMO_PENSILINA,STOP_PROBE::FROZEN::300782,DIR_PAIR_D8BE127E248548BA,COMPLETE_DIRECTED_PAIR_TEST_UNIVERSE_NOT_NETWORK_SELECTION
DIR_PAIR_A4C64DA39145BECD,STOP_PROBE::ASF::BRIVIO_VIA_COMO_PENSILINA,STOP_PROBE::FROZEN::300805,DIR_PAIR_2B8E493153491117,COMPLETE_DIRECTED_PAIR_TEST_UNIVERSE_NOT_NETWORK_SELECTION
DIR_PAIR_24690062F6D1EC3E,STOP_PROBE::ASF::BRIVIO_VIA_COMO_PENSILINA,STOP_PROBE::FROZEN::300873,DIR_PAIR_C0DCCFA7B625CD1D,COMPLETE_DIRECTED_PAIR_TEST_UNIVERSE_NOT_NETWORK_SELECTION
DIR_PAIR_E1C7C80BCCF21157,STOP_PROBE::ASF::BRIVIO_VIA_COMO_PENSILINA,STOP_PROBE::FROZEN::300879,DIR_PAIR_643EA2A2B6E56AC6,COMPLETE_DIRECTED_PAIR_TEST_UNIVERSE_NOT_NETWORK_SELECTION
DIR_PAIR_B71E19EAC12880FE,STOP_PROBE::ASF::BRIVIO_VIA_COMO_PENSILINA,STOP_PROBE::FROZEN::300956,DIR_PAIR_C88C513581E2FBF0,COMPLETE_DIRECTED_PAIR_TEST_UNIVERSE_NOT_NETWORK_SELECTION
DIR_PAIR_55902395E931CC5A,STOP_PROBE::ASF::BRIVIO_VIA_COMO_PENSILINA,STOP_PROBE::FROZEN::L00407,DIR_PAIR_E381339524E59560,COMPLETE_DIRECTED_PAIR_TEST_UNIVERSE_NOT_NETWORK_SELECTION
DIR_PAIR_2402554588B60BA6,STOP_PROBE::ASF::BRIVIO_VIA_COMO_PENSILINA,STOP_PROBE::MANUAL::CALCO_SCAGNELLO,DIR_PAIR_7EDD25A80A23D607,COMPLETE_DIRECTED_PAIR_TEST_UNIVERSE_NOT_NETWORK_SELECTION
DIR_PAIR_83641E37252126DE,STOP_PROBE::ASF::BRIVIO_VIA_COMO_PENSILINA,STOP_PROBE::SPECIAL::CASA_DI_COMUNITA_OLGIATE,DIR_PAIR_904AB9CED22202DD,COMPLETE_DIRECTED_PAIR_TEST_UNIVERSE_NOT_NETWORK_SELECTION
DIR_PAIR_2B5179BC262912E9,STOP_PROBE::ASF::CALCO_LARGO_POMEA,STOP_PROBE::ASF::ARLATE_BIVIO_PER_IL_PAESE,DIR_PAIR_0147810B9B4BDAA3,COMPLETE_DIRECTED_PAIR_TEST_UNIVERSE_NOT_NETWORK_SELECTION
DIR_PAIR_13DCD1ED2C6A7547,STOP_PROBE::ASF::CALCO_LARGO_POMEA,STOP_PROBE::ASF::ARLATE_B_VIO_BRIVIO_MADONNINA,DIR_PAIR_2C41DBC7DD026AE8,COMPLETE_DIRECTED_PAIR_TEST_UNIVERSE_NOT_NETWORK_SELECTION
DIR_PAIR_E71C25BD54C821CC,STOP_PROBE::ASF::CALCO_LARGO_POMEA,STOP_PROBE::ASF::ARLATE_CANTINA_PIROVANO,DIR_PAIR_BC65501014B07915,COMPLETE_DIRECTED_PAIR_TEST_UNIVERSE_NOT_NETWORK_SELECTION
DIR_PAIR_7F59D81F17CAAEC8,STOP_PROBE::ASF::CALCO_LARGO_POMEA,STOP_PROBE::ASF::BEVERATE_CARTELLO_PAESE,DIR_PAIR_893FD9D4F8251252,COMPLETE_DIRECTED_PAIR_TEST_UNIVERSE_NOT_NETWORK_SELECTION
DIR_PAIR_658597F247D25977,STOP_PROBE::ASF::CALCO_LARGO_POMEA,STOP_PROBE::ASF::BRIVIO_BAR_CRISTALLO,DIR_PAIR_C3CFA0B8D1257580,COMPLETE_DIRECTED_PAIR_TEST_UNIVERSE_NOT_NETWORK_SELECTION
DIR_PAIR_8A5AF2BF2BC3BFA3,STOP_PROBE::ASF::CALCO_LARGO_POMEA,STOP_PROBE::ASF::BRIVIO_VIA_COMO_PENSILINA,DIR_PAIR_4B9B302AAD83125A,COMPLETE_DIRECTED_PAIR_TEST_UNIVERSE_NOT_NETWORK_SELECTION
DIR_PAIR_3E64A5CD0E7C59FD,STOP_PROBE::ASF::CALCO_LARGO_POMEA,STOP_PROBE::ASF::CALCO_VIA_GARIBALDI,DIR_PAIR_7B38317C1933129D,COMPLETE_DIRECTED_PAIR_TEST_UNIVERSE_NOT_NETWORK_SELECTION
DIR_PAIR_281CED145D0B8CC5,STOP_PROBE::ASF::CALCO_LARGO_POMEA,STOP_PROBE::ASF::IMBERSAGO_LOCALITA_CAZZULINO,DIR_PAIR_888689B176D4F2BC,COMPLETE_DIRECTED_PAIR_TEST_UNIVERSE_NOT_NETWORK_SELECTION
DIR_PAIR_5BE20318BFBA3C8C,STOP_PROBE::ASF::CALCO_LARGO_POMEA,STOP_PROBE::ASF::OLGIATE_MOLGORA_SCARPONE,DIR_PAIR_1883DD2F680080B3,COMPLETE_DIRECTED_PAIR_TEST_UNIVERSE_NOT_NETWORK_SELECTION
DIR_PAIR_1A5A225F1DA2B0DC,STOP_PROBE::ASF::CALCO_LARGO_POMEA,STOP_PROBE::ASF::OLGIATE_MOLGORA_VIA_DELLA_SALUTE,DIR_PAIR_0FC221B76C8AB2C5,COMPLETE_DIRECTED_PAIR_TEST_UNIVERSE_NOT_NETWORK_SELECTION
DIR_PAIR_20BB01413D8C585A,STOP_PROBE::ASF::CALCO_LARGO_POMEA,STOP_PROBE::ASF::OLGIATE_MOLGORA_VIA_STATALE,DIR_PAIR_21C9F72EB341C9D3,COMPLETE_DIRECTED_PAIR_TEST_UNIVERSE_NOT_NETWORK_SELECTION
DIR_PAIR_024046E71C98757C,STOP_PROBE::ASF::CALCO_LARGO_POMEA,STOP_PROBE::ASF::PEREGO_VIA_STATALE_79,DIR_PAIR_605F4BD3F7B59014,COMPLETE_DIRECTED_PAIR_TEST_UNIVERSE_NOT_NETWORK_SELECTION
DIR_PAIR_5A161084DACF2CA2,STOP_PROBE::ASF::CALCO_LARGO_POMEA,STOP_PROBE::ASF::ROVAGNATE_FRAZIONE_ALDUNO,DIR_PAIR_9AD9475A5E245EFC,COMPLETE_DIRECTED_PAIR_TEST_UNIVERSE_NOT_NETWORK_SELECTION
DIR_PAIR_65B33CF35A4D9F47,STOP_PROBE::ASF::CALCO_LARGO_POMEA,STOP_PROBE::ASF::ROVAGNATE_SS_ANG_V_LOMBARDIA,DIR_PAIR_156F370F65F5B065,COMPLETE_DIRECTED_PAIR_TEST_UNIVERSE_NOT_NETWORK_SELECTION
DIR_PAIR_C77FDB2F98E9C560,STOP_PROBE::ASF::CALCO_LARGO_POMEA,STOP_PROBE::ASF::ROVAGNATE_STRADA_STATALE_AGIP,DIR_PAIR_A07750BFF2FE9BC6,COMPLETE_DIRECTED_PAIR_TEST_UNIVERSE_NOT_NETWORK_SELECTION
DIR_PAIR_53620D7C91CDCBBF,STOP_PROBE::ASF::CALCO_LARGO_POMEA,STOP_PROBE::ASF::SANTA_MARIA_HOE_VIA_COMO,DIR_PAIR_1CE18C22EA6195EE,COMPLETE_DIRECTED_PAIR_TEST_UNIVERSE_NOT_NETWORK_SELECTION
DIR_PAIR_8184960F9CFDFF24,STOP_PROBE::ASF::CALCO_LARGO_POMEA,STOP_PROBE::ASF::SANTA_MARIA_HOE_VIA_GIOVANNI_XXIII,DIR_PAIR_C22F6370F8947868,COMPLETE_DIRECTED_PAIR_TEST_UNIVERSE_NOT_NETWORK_SELECTION
DIR_PAIR_95843B33768F283F,STOP_PROBE::ASF::CALCO_LARGO_POMEA,STOP_PROBE::ASF::S_MARIA_HOE_S_P_58_ANG_VIA_CENISIO,DIR_PAIR_150A27F3F04A5D92,COMPLETE_DIRECTED_PAIR_TEST_UNIVERSE_NOT_NETWORK_SELECTION
DIR_PAIR_61A3B10BFF5A0208,STOP_PROBE::ASF::CALCO_LARGO_POMEA,STOP_PROBE::ASF::VACCAREZZA_CARTELLO_PAESE,DIR_PAIR_58D29626E2AF7366,COMPLETE_DIRECTED_PAIR_TEST_UNIVERSE_NOT_NETWORK_SELECTION
DIR_PAIR_717D089AF2307C1B,STOP_PROBE::ASF::CALCO_LARGO_POMEA,STOP_PROBE::FROZEN::100005,DIR_PAIR_A1246B6E324B6A27,COMPLETE_DIRECTED_PAIR_TEST_UNIVERSE_NOT_NETWORK_SELECTION
DIR_PAIR_D864D2141FDCA9AB,STOP_PROBE::ASF::CALCO_LARGO_POMEA,STOP_PROBE::FROZEN::300063,DIR_PAIR_9933F44A159E48FB,COMPLETE_DIRECTED_PAIR_TEST_UNIVERSE_NOT_NETWORK_SELECTION
DIR_PAIR_670FE45B82F8E6DA,STOP_PROBE::ASF::CALCO_LARGO_POMEA,STOP_PROBE::FROZEN::300086,DIR_PAIR_1369B36CFDD3AF16,COMPLETE_DIRECTED_PAIR_TEST_UNIVERSE_NOT_NETWORK_SELECTION
DIR_PAIR_EA7E429C715E6140,STOP_PROBE::ASF::CALCO_LARGO_POMEA,STOP_PROBE::FROZEN::300398,DIR_PAIR_533CB7C82B304B88,COMPLETE_DIRECTED_PAIR_TEST_UNIVERSE_NOT_NETWORK_SELECTION
DIR_PAIR_1C6578DA01A9EE5E,STOP_PROBE::ASF::CALCO_LARGO_POMEA,STOP_PROBE::FROZEN::300487,DIR_PAIR_F4E58111ECA64EC2,COMPLETE_DIRECTED_PAIR_TEST_UNIVERSE_NOT_NETWORK_SELECTION
DIR_PAIR_1A5C705451A7C1CE,STOP_PROBE::ASF::CALCO_LARGO_POMEA,STOP_PROBE::FROZEN::300527,DIR_PAIR_F25B844A167D6131,COMPLETE_DIRECTED_PAIR_TEST_UNIVERSE_NOT_NETWORK_SELECTION
DIR_PAIR_CD8C11C96599C92B,STOP_PROBE::ASF::CALCO_LARGO_POMEA,STOP_PROBE::FROZEN::300634,DIR_PAIR_AFEBA2590F2B7962,COMPLETE_DIRECTED_PAIR_TEST_UNIVERSE_NOT_NETWORK_SELECTION
DIR_PAIR_E915A2CC39768A84,STOP_PROBE::ASF::CALCO_LARGO_POMEA,STOP_PROBE::FROZEN::300743,DIR_PAIR_350DDE57C23F05DE,COMPLETE_DIRECTED_PAIR_TEST_UNIVERSE_NOT_NETWORK_SELECTION
DIR_PAIR_0080B7AFE71EB99D,STOP_PROBE::ASF::CALCO_LARGO_POMEA,STOP_PROBE::FROZEN::300782,DIR_PAIR_F706C06AC97EEDBC,COMPLETE_DIRECTED_PAIR_TEST_UNIVERSE_NOT_NETWORK_SELECTION
DIR_PAIR_541D5FCFA6866943,STOP_PROBE::ASF::CALCO_LARGO_POMEA,STOP_PROBE::FROZEN::300805,DIR_PAIR_DD38F254DD67484F,COMPLETE_DIRECTED_PAIR_TEST_UNIVERSE_NOT_NETWORK_SELECTION
DIR_PAIR_891EF4B41BD026D5,STOP_PROBE::ASF::CALCO_LARGO_POMEA,STOP_PROBE::FROZEN::300873,DIR_PAIR_69413F0DEF73E954,COMPLETE_DIRECTED_PAIR_TEST_UNIVERSE_NOT_NETWORK_SELECTION
DIR_PAIR_7B3DC5B0A13EF302,STOP_PROBE::ASF::CALCO_LARGO_POMEA,STOP_PROBE::FROZEN::300879,DIR_PAIR_19D667C4ED6837DF,COMPLETE_DIRECTED_PAIR_TEST_UNIVERSE_NOT_NETWORK_SELECTION
DIR_PAIR_C96E1762DEC72E2C,STOP_PROBE::ASF::CALCO_LARGO_POMEA,STOP_PROBE::FROZEN::300956,DIR_PAIR_41AF66B407C695D0,COMPLETE_DIRECTED_PAIR_TEST_UNIVERSE_NOT_NETWORK_SELECTION
DIR_PAIR_A554947E73FA244E,STOP_PROBE::ASF::CALCO_LARGO_POMEA,STOP_PROBE::FROZEN::L00407,DIR_PAIR_08B53E3D7C96A403,COMPLETE_DIRECTED_PAIR_TEST_UNIVERSE_NOT_NETWORK_SELECTION
DIR_PAIR_D3A45642E4649BD3,STOP_PROBE::ASF::CALCO_LARGO_POMEA,STOP_PROBE::MANUAL::CALCO_SCAGNELLO,DIR_PAIR_4E1DEE9C6597553A,COMPLETE_DIRECTED_PAIR_TEST_UNIVERSE_NOT_NETWORK_SELECTION
DIR_PAIR_7661012A05964674,STOP_PROBE::ASF::CALCO_LARGO_POMEA,STOP_PROBE::SPECIAL::CASA_DI_COMUNITA_OLGIATE,DIR_PAIR_3DF1E4615D961F51,COMPLETE_DIRECTED_PAIR_TEST_UNIVERSE_NOT_NETWORK_SELECTION
DIR_PAIR_F46F6CBA28E28D4C,STOP_PROBE::ASF::CALCO_VIA_GARIBALDI,STOP_PROBE::ASF::ARLATE_BIVIO_PER_IL_PAESE,DIR_PAIR_52CC8B6F10E61A7C,COMPLETE_DIRECTED_PAIR_TEST_UNIVERSE_NOT_NETWORK_SELECTION
DIR_PAIR_01F833DE53C0A7D8,STOP_PROBE::ASF::CALCO_VIA_GARIBALDI,STOP_PROBE::ASF::ARLATE_B_VIO_BRIVIO_MADONNINA,DIR_PAIR_8279662303E0D3CB,COMPLETE_DIRECTED_PAIR_TEST_UNIVERSE_NOT_NETWORK_SELECTION
DIR_PAIR_BD272357ED20BAC2,STOP_PROBE::ASF::CALCO_VIA_GARIBALDI,STOP_PROBE::ASF::ARLATE_CANTINA_PIROVANO,DIR_PAIR_9BEC7F1458A0D8B9,COMPLETE_DIRECTED_PAIR_TEST_UNIVERSE_NOT_NETWORK_SELECTION
DIR_PAIR_7CCBFFB45ED52124,STOP_PROBE::ASF::CALCO_VIA_GARIBALDI,STOP_PROBE::ASF::BEVERATE_CARTELLO_PAESE,DIR_PAIR_DAB0B4C8F41CF846,COMPLETE_DIRECTED_PAIR_TEST_UNIVERSE_NOT_NETWORK_SELECTION
DIR_PAIR_6E8B8A2AE0FF2F9D,STOP_PROBE::ASF::CALCO_VIA_GARIBALDI,STOP_PROBE::ASF::BRIVIO_BAR_CRISTALLO,DIR_PAIR_9BCE2A3FDE3648AF,COMPLETE_DIRECTED_PAIR_TEST_UNIVERSE_NOT_NETWORK_SELECTION
DIR_PAIR_09B796BAD6627806,STOP_PROBE::ASF::CALCO_VIA_GARIBALDI,STOP_PROBE::ASF::BRIVIO_VIA_COMO_PENSILINA,DIR_PAIR_AE8AD0C2A02BA431,COMPLETE_DIRECTED_PAIR_TEST_UNIVERSE_NOT_NETWORK_SELECTION
DIR_PAIR_7B38317C1933129D,STOP_PROBE::ASF::CALCO_VIA_GARIBALDI,STOP_PROBE::ASF::CALCO_LARGO_POMEA,DIR_PAIR_3E64A5CD0E7C59FD,COMPLETE_DIRECTED_PAIR_TEST_UNIVERSE_NOT_NETWORK_SELECTION
DIR_PAIR_FA3B0DD28EA89A76,STOP_PROBE::ASF::CALCO_VIA_GARIBALDI,STOP_PROBE::ASF::IMBERSAGO_LOCALITA_CAZZULINO,DIR_PAIR_FF93F96D7D539E1E,COMPLETE_DIRECTED_PAIR_TEST_UNIVERSE_NOT_NETWORK_SELECTION
DIR_PAIR_66264602A2E453DA,STOP_PROBE::ASF::CALCO_VIA_GARIBALDI,STOP_PROBE::ASF::OLGIATE_MOLGORA_SCARPONE,DIR_PAIR_85915DD7D86F21FB,COMPLETE_DIRECTED_PAIR_TEST_UNIVERSE_NOT_NETWORK_SELECTION
DIR_PAIR_B0383936A141D38B,STOP_PROBE::ASF::CALCO_VIA_GARIBALDI,STOP_PROBE::ASF::OLGIATE_MOLGORA_VIA_DELLA_SALUTE,DIR_PAIR_28DDB1F2FD416EB6,COMPLETE_DIRECTED_PAIR_TEST_UNIVERSE_NOT_NETWORK_SELECTION
DIR_PAIR_4C5E396A503E1E89,STOP_PROBE::ASF::CALCO_VIA_GARIBALDI,STOP_PROBE::ASF::OLGIATE_MOLGORA_VIA_STATALE,DIR_PAIR_CB5524FF53732FBB,COMPLETE_DIRECTED_PAIR_TEST_UNIVERSE_NOT_NETWORK_SELECTION
DIR_PAIR_67CFF1B80991BB50,STOP_PROBE::ASF::CALCO_VIA_GARIBALDI,STOP_PROBE::ASF::PEREGO_VIA_STATALE_79,DIR_PAIR_CB694640D05E53CE,COMPLETE_DIRECTED_PAIR_TEST_UNIVERSE_NOT_NETWORK_SELECTION
DIR_PAIR_41DD3500AE8E42CF,STOP_PROBE::ASF::CALCO_VIA_GARIBALDI,STOP_PROBE::ASF::ROVAGNATE_FRAZIONE_ALDUNO,DIR_PAIR_35D63A2AD731CD29,COMPLETE_DIRECTED_PAIR_TEST_UNIVERSE_NOT_NETWORK_SELECTION
DIR_PAIR_55F5711763FE9F0F,STOP_PROBE::ASF::CALCO_VIA_GARIBALDI,STOP_PROBE::ASF::ROVAGNATE_SS_ANG_V_LOMBARDIA,DIR_PAIR_43BB921322C64017,COMPLETE_DIRECTED_PAIR_TEST_UNIVERSE_NOT_NETWORK_SELECTION
DIR_PAIR_518BA5AB9D253A65,STOP_PROBE::ASF::CALCO_VIA_GARIBALDI,STOP_PROBE::ASF::ROVAGNATE_STRADA_STATALE_AGIP,DIR_PAIR_3C13B9A4B64F7E3A,COMPLETE_DIRECTED_PAIR_TEST_UNIVERSE_NOT_NETWORK_SELECTION
DIR_PAIR_9894F5EFDB23C52A,STOP_PROBE::ASF::CALCO_VIA_GARIBALDI,STOP_PROBE::ASF::SANTA_MARIA_HOE_VIA_COMO,DIR_PAIR_A53D8C04049E2F5F,COMPLETE_DIRECTED_PAIR_TEST_UNIVERSE_NOT_NETWORK_SELECTION
DIR_PAIR_34DC40B21D2C3884,STOP_PROBE::ASF::CALCO_VIA_GARIBALDI,STOP_PROBE::ASF::SANTA_MARIA_HOE_VIA_GIOVANNI_XXIII,DIR_PAIR_5FA09F66C6933F9B,COMPLETE_DIRECTED_PAIR_TEST_UNIVERSE_NOT_NETWORK_SELECTION
DIR_PAIR_D07A0BA25B2BEAD8,STOP_PROBE::ASF::CALCO_VIA_GARIBALDI,STOP_PROBE::ASF::S_MARIA_HOE_S_P_58_ANG_VIA_CENISIO,DIR_PAIR_3937495B787697D2,COMPLETE_DIRECTED_PAIR_TEST_UNIVERSE_NOT_NETWORK_SELECTION
DIR_PAIR_8564598A8FAD2A97,STOP_PROBE::ASF::CALCO_VIA_GARIBALDI,STOP_PROBE::ASF::VACCAREZZA_CARTELLO_PAESE,DIR_PAIR_619BFFB1F37BAF66,COMPLETE_DIRECTED_PAIR_TEST_UNIVERSE_NOT_NETWORK_SELECTION
DIR_PAIR_6A971167D5D874EB,STOP_PROBE::ASF::CALCO_VIA_GARIBALDI,STOP_PROBE::FROZEN::100005,DIR_PAIR_102F8D2FF930074B,COMPLETE_DIRECTED_PAIR_TEST_UNIVERSE_NOT_NETWORK_SELECTION
DIR_PAIR_B00F42E1DAE293EB,STOP_PROBE::ASF::CALCO_VIA_GARIBALDI,STOP_PROBE::FROZEN::300063,DIR_PAIR_1476ED49F59C60EA,COMPLETE_DIRECTED_PAIR_TEST_UNIVERSE_NOT_NETWORK_SELECTION
DIR_PAIR_0B857BF3BB7D013E,STOP_PROBE::ASF::CALCO_VIA_GARIBALDI,STOP_PROBE::FROZEN::300086,DIR_PAIR_B1D096CCF7D2BD18,COMPLETE_DIRECTED_PAIR_TEST_UNIVERSE_NOT_NETWORK_SELECTION
DIR_PAIR_6F327253E0620923,STOP_PROBE::ASF::CALCO_VIA_GARIBALDI,STOP_PROBE::FROZEN::300398,DIR_PAIR_567F0EF939315492,COMPLETE_DIRECTED_PAIR_TEST_UNIVERSE_NOT_NETWORK_SELECTION
DIR_PAIR_81825B3E503BC00C,STOP_PROBE::ASF::CALCO_VIA_GARIBALDI,STOP_PROBE::FROZEN::300487,DIR_PAIR_F1C15F0A277F1290,COMPLETE_DIRECTED_PAIR_TEST_UNIVERSE_NOT_NETWORK_SELECTION
DIR_PAIR_107C5898DD5769FE,STOP_PROBE::ASF::CALCO_VIA_GARIBALDI,STOP_PROBE::FROZEN::300527,DIR_PAIR_CEC562A2B1D04185,COMPLETE_DIRECTED_PAIR_TEST_UNIVERSE_NOT_NETWORK_SELECTION
DIR_PAIR_EF235AA8ED3AD65A,STOP_PROBE::ASF::CALCO_VIA_GARIBALDI,STOP_PROBE::FROZEN::300634,DIR_PAIR_D479522FD3153DB0,COMPLETE_DIRECTED_PAIR_TEST_UNIVERSE_NOT_NETWORK_SELECTION
DIR_PAIR_B8D6255737708176,STOP_PROBE::ASF::CALCO_VIA_GARIBALDI,STOP_PROBE::FROZEN::300743,DIR_PAIR_83626D0F81B332D5,COMPLETE_DIRECTED_PAIR_TEST_UNIVERSE_NOT_NETWORK_SELECTION
DIR_PAIR_E7F63CB99DBAFF5C,STOP_PROBE::ASF::CALCO_VIA_GARIBALDI,STOP_PROBE::FROZEN::300782,DIR_PAIR_AF5A720397F2371A,COMPLETE_DIRECTED_PAIR_TEST_UNIVERSE_NOT_NETWORK_SELECTION
DIR_PAIR_0F05A3044BC38592,STOP_PROBE::ASF::CALCO_VIA_GARIBALDI,STOP_PROBE::FROZEN::300805,DIR_PAIR_CF6E872338B531E3,COMPLETE_DIRECTED_PAIR_TEST_UNIVERSE_NOT_NETWORK_SELECTION
DIR_PAIR_033308F54CA13932,STOP_PROBE::ASF::CALCO_VIA_GARIBALDI,STOP_PROBE::FROZEN::300873,DIR_PAIR_CE59B036399EC24E,COMPLETE_DIRECTED_PAIR_TEST_UNIVERSE_NOT_NETWORK_SELECTION
DIR_PAIR_0EFFEBC3219FC533,STOP_PROBE::ASF::CALCO_VIA_GARIBALDI,STOP_PROBE::FROZEN::300879,DIR_PAIR_D926D35FECA1E57E,COMPLETE_DIRECTED_PAIR_TEST_UNIVERSE_NOT_NETWORK_SELECTION
DIR_PAIR_733D58C2A829912A,STOP_PROBE::ASF::CALCO_VIA_GARIBALDI,STOP_PROBE::FROZEN::300956,DIR_PAIR_799055F1CB52E1D5,COMPLETE_DIRECTED_PAIR_TEST_UNIVERSE_NOT_NETWORK_SELECTION
DIR_PAIR_ED4FE1605F09C93F,STOP_PROBE::ASF::CALCO_VIA_GARIBALDI,STOP_PROBE::FROZEN::L00407,DIR_PAIR_CBA498E45B9009A7,COMPLETE_DIRECTED_PAIR_TEST_UNIVERSE_NOT_NETWORK_SELECTION
DIR_PAIR_C7A4950E05A033A8,STOP_PROBE::ASF::CALCO_VIA_GARIBALDI,STOP_PROBE::MANUAL::CALCO_SCAGNELLO,DIR_PAIR_77DD93E4AA8AD4E6,COMPLETE_DIRECTED_PAIR_TEST_UNIVERSE_NOT_NETWORK_SELECTION
DIR_PAIR_13F2145173314CFB,STOP_PROBE::ASF::CALCO_VIA_GARIBALDI,STOP_PROBE::SPECIAL::CASA_DI_COMUNITA_OLGIATE,DIR_PAIR_19E7600B5A85BA9B,COMPLETE_DIRECTED_PAIR_TEST_UNIVERSE_NOT_NETWORK_SELECTION
DIR_PAIR_A4D427FFCE835FD4,STOP_PROBE::ASF::IMBERSAGO_LOCALITA_CAZZULINO,STOP_PROBE::ASF::ARLATE_BIVIO_PER_IL_PAESE,DIR_PAIR_A5E706F0D21EAD56,COMPLETE_DIRECTED_PAIR_TEST_UNIVERSE_NOT_NETWORK_SELECTION
DIR_PAIR_31950F29FC34884E,STOP_PROBE::ASF::IMBERSAGO_LOCALITA_CAZZULINO,STOP_PROBE::ASF::ARLATE_B_VIO_BRIVIO_MADONNINA,DIR_PAIR_8F7293F594E8838B,COMPLETE_DIRECTED_PAIR_TEST_UNIVERSE_NOT_NETWORK_SELECTION
DIR_PAIR_ADC7B95F3EE6AF34,STOP_PROBE::ASF::IMBERSAGO_LOCALITA_CAZZULINO,STOP_PROBE::ASF::ARLATE_CANTINA_PIROVANO,DIR_PAIR_C7FB562A739824D7,COMPLETE_DIRECTED_PAIR_TEST_UNIVERSE_NOT_NETWORK_SELECTION
DIR_PAIR_F8D4874F3767A166,STOP_PROBE::ASF::IMBERSAGO_LOCALITA_CAZZULINO,STOP_PROBE::ASF::BEVERATE_CARTELLO_PAESE,DIR_PAIR_EBF1A6257EBAB442,COMPLETE_DIRECTED_PAIR_TEST_UNIVERSE_NOT_NETWORK_SELECTION
DIR_PAIR_ECEFA6FC6CD72C22,STOP_PROBE::ASF::IMBERSAGO_LOCALITA_CAZZULINO,STOP_PROBE::ASF::BRIVIO_BAR_CRISTALLO,DIR_PAIR_43D3CBBB1564D9EC,COMPLETE_DIRECTED_PAIR_TEST_UNIVERSE_NOT_NETWORK_SELECTION
DIR_PAIR_7E24794E931E9B81,STOP_PROBE::ASF::IMBERSAGO_LOCALITA_CAZZULINO,STOP_PROBE::ASF::BRIVIO_VIA_COMO_PENSILINA,DIR_PAIR_150E7F621C62F892,COMPLETE_DIRECTED_PAIR_TEST_UNIVERSE_NOT_NETWORK_SELECTION
DIR_PAIR_888689B176D4F2BC,STOP_PROBE::ASF::IMBERSAGO_LOCALITA_CAZZULINO,STOP_PROBE::ASF::CALCO_LARGO_POMEA,DIR_PAIR_281CED145D0B8CC5,COMPLETE_DIRECTED_PAIR_TEST_UNIVERSE_NOT_NETWORK_SELECTION
DIR_PAIR_FF93F96D7D539E1E,STOP_PROBE::ASF::IMBERSAGO_LOCALITA_CAZZULINO,STOP_PROBE::ASF::CALCO_VIA_GARIBALDI,DIR_PAIR_FA3B0DD28EA89A76,COMPLETE_DIRECTED_PAIR_TEST_UNIVERSE_NOT_NETWORK_SELECTION
DIR_PAIR_A1EACDD6B6520F53,STOP_PROBE::ASF::IMBERSAGO_LOCALITA_CAZZULINO,STOP_PROBE::ASF::OLGIATE_MOLGORA_SCARPONE,DIR_PAIR_2888777B4A3470DE,COMPLETE_DIRECTED_PAIR_TEST_UNIVERSE_NOT_NETWORK_SELECTION
DIR_PAIR_8B96E20773206232,STOP_PROBE::ASF::IMBERSAGO_LOCALITA_CAZZULINO,STOP_PROBE::ASF::OLGIATE_MOLGORA_VIA_DELLA_SALUTE,DIR_PAIR_DB86ADF68009D5B5,COMPLETE_DIRECTED_PAIR_TEST_UNIVERSE_NOT_NETWORK_SELECTION
DIR_PAIR_B89CC037BC28D87C,STOP_PROBE::ASF::IMBERSAGO_LOCALITA_CAZZULINO,STOP_PROBE::ASF::OLGIATE_MOLGORA_VIA_STATALE,DIR_PAIR_9A886B3AE52305A5,COMPLETE_DIRECTED_PAIR_TEST_UNIVERSE_NOT_NETWORK_SELECTION
DIR_PAIR_D049ABBC2B6D8648,STOP_PROBE::ASF::IMBERSAGO_LOCALITA_CAZZULINO,STOP_PROBE::ASF::PEREGO_VIA_STATALE_79,DIR_PAIR_9F0117D4EA4C10A2,COMPLETE_DIRECTED_PAIR_TEST_UNIVERSE_NOT_NETWORK_SELECTION
DIR_PAIR_E5217290E30DDF14,STOP_PROBE::ASF::IMBERSAGO_LOCALITA_CAZZULINO,STOP_PROBE::ASF::ROVAGNATE_FRAZIONE_ALDUNO,DIR_PAIR_BFD4461E01E4A4BF,COMPLETE_DIRECTED_PAIR_TEST_UNIVERSE_NOT_NETWORK_SELECTION
DIR_PAIR_1D103ABED734D7CB,STOP_PROBE::ASF::IMBERSAGO_LOCALITA_CAZZULINO,STOP_PROBE::ASF::ROVAGNATE_SS_ANG_V_LOMBARDIA,DIR_PAIR_91E6B32C6F3D614C,COMPLETE_DIRECTED_PAIR_TEST_UNIVERSE_NOT_NETWORK_SELECTION
DIR_PAIR_55769F4326CE21FA,STOP_PROBE::ASF::IMBERSAGO_LOCALITA_CAZZULINO,STOP_PROBE::ASF::ROVAGNATE_STRADA_STATALE_AGIP,DIR_PAIR_BCBFA8809DB9DA01,COMPLETE_DIRECTED_PAIR_TEST_UNIVERSE_NOT_NETWORK_SELECTION
DIR_PAIR_EB387DF606D0DAD0,STOP_PROBE::ASF::IMBERSAGO_LOCALITA_CAZZULINO,STOP_PROBE::ASF::SANTA_MARIA_HOE_VIA_COMO,DIR_PAIR_DF4089255FADB441,COMPLETE_DIRECTED_PAIR_TEST_UNIVERSE_NOT_NETWORK_SELECTION
DIR_PAIR_1450DE6B67B19C03,STOP_PROBE::ASF::IMBERSAGO_LOCALITA_CAZZULINO,STOP_PROBE::ASF::SANTA_MARIA_HOE_VIA_GIOVANNI_XXIII,DIR_PAIR_9FFDB6FDE43173C1,COMPLETE_DIRECTED_PAIR_TEST_UNIVERSE_NOT_NETWORK_SELECTION
DIR_PAIR_3EE08C1BD19A8DC8,STOP_PROBE::ASF::IMBERSAGO_LOCALITA_CAZZULINO,STOP_PROBE::ASF::S_MARIA_HOE_S_P_58_ANG_VIA_CENISIO,DIR_PAIR_72A01A5846C3552E,COMPLETE_DIRECTED_PAIR_TEST_UNIVERSE_NOT_NETWORK_SELECTION
DIR_PAIR_497F640003DC6F10,STOP_PROBE::ASF::IMBERSAGO_LOCALITA_CAZZULINO,STOP_PROBE::ASF::VACCAREZZA_CARTELLO_PAESE,DIR_PAIR_3CD8F3325AE6FE32,COMPLETE_DIRECTED_PAIR_TEST_UNIVERSE_NOT_NETWORK_SELECTION
DIR_PAIR_A7108903E034C0EB,STOP_PROBE::ASF::IMBERSAGO_LOCALITA_CAZZULINO,STOP_PROBE::FROZEN::100005,DIR_PAIR_BA80BD3CE124B0A2,COMPLETE_DIRECTED_PAIR_TEST_UNIVERSE_NOT_NETWORK_SELECTION
DIR_PAIR_59790040729FB0D3,STOP_PROBE::ASF::IMBERSAGO_LOCALITA_CAZZULINO,STOP_PROBE::FROZEN::300063,DIR_PAIR_928BB7047264F73A,COMPLETE_DIRECTED_PAIR_TEST_UNIVERSE_NOT_NETWORK_SELECTION
DIR_PAIR_DD947BD2D000ED02,STOP_PROBE::ASF::IMBERSAGO_LOCALITA_CAZZULINO,STOP_PROBE::FROZEN::300086,DIR_PAIR_1A2967B6FA0676FA,COMPLETE_DIRECTED_PAIR_TEST_UNIVERSE_NOT_NETWORK_SELECTION
DIR_PAIR_C7EBD22E1B433694,STOP_PROBE::ASF::IMBERSAGO_LOCALITA_CAZZULINO,STOP_PROBE::FROZEN::300398,DIR_PAIR_39A257DB88D1EE46,COMPLETE_DIRECTED_PAIR_TEST_UNIVERSE_NOT_NETWORK_SELECTION
DIR_PAIR_843688CC7FD40C2A,STOP_PROBE::ASF::IMBERSAGO_LOCALITA_CAZZULINO,STOP_PROBE::FROZEN::300487,DIR_PAIR_8CCC9AFA8A2093C4,COMPLETE_DIRECTED_PAIR_TEST_UNIVERSE_NOT_NETWORK_SELECTION
DIR_PAIR_CC9A93EB5294F221,STOP_PROBE::ASF::IMBERSAGO_LOCALITA_CAZZULINO,STOP_PROBE::FROZEN::300527,DIR_PAIR_937864193DE37E1B,COMPLETE_DIRECTED_PAIR_TEST_UNIVERSE_NOT_NETWORK_SELECTION
DIR_PAIR_C5B82F62D041959A,STOP_PROBE::ASF::IMBERSAGO_LOCALITA_CAZZULINO,STOP_PROBE::FROZEN::300634,DIR_PAIR_C04104649ED1C80A,COMPLETE_DIRECTED_PAIR_TEST_UNIVERSE_NOT_NETWORK_SELECTION
DIR_PAIR_A2E98D01F548EC11,STOP_PROBE::ASF::IMBERSAGO_LOCALITA_CAZZULINO,STOP_PROBE::FROZEN::300743,DIR_PAIR_706B7297CD0DAD8E,COMPLETE_DIRECTED_PAIR_TEST_UNIVERSE_NOT_NETWORK_SELECTION
DIR_PAIR_E22D16393BE861DA,STOP_PROBE::ASF::IMBERSAGO_LOCALITA_CAZZULINO,STOP_PROBE::FROZEN::300782,DIR_PAIR_9A6705292993FC66,COMPLETE_DIRECTED_PAIR_TEST_UNIVERSE_NOT_NETWORK_SELECTION
DIR_PAIR_29437BA6089DB7C4,STOP_PROBE::ASF::IMBERSAGO_LOCALITA_CAZZULINO,STOP_PROBE::FROZEN::300805,DIR_PAIR_9D1B3E55C25C9498,COMPLETE_DIRECTED_PAIR_TEST_UNIVERSE_NOT_NETWORK_SELECTION
DIR_PAIR_BCB9962B848CA2EB,STOP_PROBE::ASF::IMBERSAGO_LOCALITA_CAZZULINO,STOP_PROBE::FROZEN::300873,DIR_PAIR_7950C94BD7FAE357,COMPLETE_DIRECTED_PAIR_TEST_UNIVERSE_NOT_NETWORK_SELECTION
DIR_PAIR_0E5E5301E211A351,STOP_PROBE::ASF::IMBERSAGO_LOCALITA_CAZZULINO,STOP_PROBE::FROZEN::300879,DIR_PAIR_822F6F0B60FA5DA6,COMPLETE_DIRECTED_PAIR_TEST_UNIVERSE_NOT_NETWORK_SELECTION
DIR_PAIR_47672524CFF6D170,STOP_PROBE::ASF::IMBERSAGO_LOCALITA_CAZZULINO,STOP_PROBE::FROZEN::300956,DIR_PAIR_75B41FF0BB228EB6,COMPLETE_DIRECTED_PAIR_TEST_UNIVERSE_NOT_NETWORK_SELECTION
DIR_PAIR_1695E582B009E469,STOP_PROBE::ASF::IMBERSAGO_LOCALITA_CAZZULINO,STOP_PROBE::FROZEN::L00407,DIR_PAIR_541F2A39603BEED9,COMPLETE_DIRECTED_PAIR_TEST_UNIVERSE_NOT_NETWORK_SELECTION
DIR_PAIR_2272A6E0777E4180,STOP_PROBE::ASF::IMBERSAGO_LOCALITA_CAZZULINO,STOP_PROBE::MANUAL::CALCO_SCAGNELLO,DIR_PAIR_4EC54D7070223DC0,COMPLETE_DIRECTED_PAIR_TEST_UNIVERSE_NOT_NETWORK_SELECTION
DIR_PAIR_E5FE81112366E2CE,STOP_PROBE::ASF::IMBERSAGO_LOCALITA_CAZZULINO,STOP_PROBE::SPECIAL::CASA_DI_COMUNITA_OLGIATE,DIR_PAIR_E63933A615C80589,COMPLETE_DIRECTED_PAIR_TEST_UNIVERSE_NOT_NETWORK_SELECTION
DIR_PAIR_DFC7D6CB6668FB97,STOP_PROBE::ASF::OLGIATE_MOLGORA_SCARPONE,STOP_PROBE::ASF::ARLATE_BIVIO_PER_IL_PAESE,DIR_PAIR_1EF8BF98DC8E1284,COMPLETE_DIRECTED_PAIR_TEST_UNIVERSE_NOT_NETWORK_SELECTION
DIR_PAIR_3459A9E48A909903,STOP_PROBE::ASF::OLGIATE_MOLGORA_SCARPONE,STOP_PROBE::ASF::ARLATE_B_VIO_BRIVIO_MADONNINA,DIR_PAIR_0A4C75C35B3EA993,COMPLETE_DIRECTED_PAIR_TEST_UNIVERSE_NOT_NETWORK_SELECTION
DIR_PAIR_95339D85669542CF,STOP_PROBE::ASF::OLGIATE_MOLGORA_SCARPONE,STOP_PROBE::ASF::ARLATE_CANTINA_PIROVANO,DIR_PAIR_FA1CD103C60E5C3F,COMPLETE_DIRECTED_PAIR_TEST_UNIVERSE_NOT_NETWORK_SELECTION
DIR_PAIR_490D24CF0D5E451A,STOP_PROBE::ASF::OLGIATE_MOLGORA_SCARPONE,STOP_PROBE::ASF::BEVERATE_CARTELLO_PAESE,DIR_PAIR_B03920D7960B0F1C,COMPLETE_DIRECTED_PAIR_TEST_UNIVERSE_NOT_NETWORK_SELECTION
DIR_PAIR_B52A2EF60A9020DE,STOP_PROBE::ASF::OLGIATE_MOLGORA_SCARPONE,STOP_PROBE::ASF::BRIVIO_BAR_CRISTALLO,DIR_PAIR_0C92B9C6A7D68FD9,COMPLETE_DIRECTED_PAIR_TEST_UNIVERSE_NOT_NETWORK_SELECTION
DIR_PAIR_77204421C5FCE808,STOP_PROBE::ASF::OLGIATE_MOLGORA_SCARPONE,STOP_PROBE::ASF::BRIVIO_VIA_COMO_PENSILINA,DIR_PAIR_69E24342BD25AA85,COMPLETE_DIRECTED_PAIR_TEST_UNIVERSE_NOT_NETWORK_SELECTION
DIR_PAIR_1883DD2F680080B3,STOP_PROBE::ASF::OLGIATE_MOLGORA_SCARPONE,STOP_PROBE::ASF::CALCO_LARGO_POMEA,DIR_PAIR_5BE20318BFBA3C8C,COMPLETE_DIRECTED_PAIR_TEST_UNIVERSE_NOT_NETWORK_SELECTION
DIR_PAIR_85915DD7D86F21FB,STOP_PROBE::ASF::OLGIATE_MOLGORA_SCARPONE,STOP_PROBE::ASF::CALCO_VIA_GARIBALDI,DIR_PAIR_66264602A2E453DA,COMPLETE_DIRECTED_PAIR_TEST_UNIVERSE_NOT_NETWORK_SELECTION
DIR_PAIR_2888777B4A3470DE,STOP_PROBE::ASF::OLGIATE_MOLGORA_SCARPONE,STOP_PROBE::ASF::IMBERSAGO_LOCALITA_CAZZULINO,DIR_PAIR_A1EACDD6B6520F53,COMPLETE_DIRECTED_PAIR_TEST_UNIVERSE_NOT_NETWORK_SELECTION
DIR_PAIR_42D48C7C3B1496DF,STOP_PROBE::ASF::OLGIATE_MOLGORA_SCARPONE,STOP_PROBE::ASF::OLGIATE_MOLGORA_VIA_DELLA_SALUTE,DIR_PAIR_7891A8945F74ACD1,COMPLETE_DIRECTED_PAIR_TEST_UNIVERSE_NOT_NETWORK_SELECTION
DIR_PAIR_567D6BA0CACC2C2B,STOP_PROBE::ASF::OLGIATE_MOLGORA_SCARPONE,STOP_PROBE::ASF::OLGIATE_MOLGORA_VIA_STATALE,DIR_PAIR_A05DD1471F1232F2,COMPLETE_DIRECTED_PAIR_TEST_UNIVERSE_NOT_NETWORK_SELECTION
DIR_PAIR_41AFE9D5998191D0,STOP_PROBE::ASF::OLGIATE_MOLGORA_SCARPONE,STOP_PROBE::ASF::PEREGO_VIA_STATALE_79,DIR_PAIR_28789976DB2F4D2F,COMPLETE_DIRECTED_PAIR_TEST_UNIVERSE_NOT_NETWORK_SELECTION
DIR_PAIR_BAC1E95B751A7674,STOP_PROBE::ASF::OLGIATE_MOLGORA_SCARPONE,STOP_PROBE::ASF::ROVAGNATE_FRAZIONE_ALDUNO,DIR_PAIR_4BB6E857AFD2ED24,COMPLETE_DIRECTED_PAIR_TEST_UNIVERSE_NOT_NETWORK_SELECTION
DIR_PAIR_ACB59C777CB3DBC6,STOP_PROBE::ASF::OLGIATE_MOLGORA_SCARPONE,STOP_PROBE::ASF::ROVAGNATE_SS_ANG_V_LOMBARDIA,DIR_PAIR_9C25567A7545F4C8,COMPLETE_DIRECTED_PAIR_TEST_UNIVERSE_NOT_NETWORK_SELECTION
DIR_PAIR_4F6C729AAD7F4612,STOP_PROBE::ASF::OLGIATE_MOLGORA_SCARPONE,STOP_PROBE::ASF::ROVAGNATE_STRADA_STATALE_AGIP,DIR_PAIR_8B9509CD9742AA3A,COMPLETE_DIRECTED_PAIR_TEST_UNIVERSE_NOT_NETWORK_SELECTION
DIR_PAIR_9B658C65D250DF81,STOP_PROBE::ASF::OLGIATE_MOLGORA_SCARPONE,STOP_PROBE::ASF::SANTA_MARIA_HOE_VIA_COMO,DIR_PAIR_5D8CB1316C0B024B,COMPLETE_DIRECTED_PAIR_TEST_UNIVERSE_NOT_NETWORK_SELECTION
DIR_PAIR_38813F285714D570,STOP_PROBE::ASF::OLGIATE_MOLGORA_SCARPONE,STOP_PROBE::ASF::SANTA_MARIA_HOE_VIA_GIOVANNI_XXIII,DIR_PAIR_8E2C05081DF6EA87,COMPLETE_DIRECTED_PAIR_TEST_UNIVERSE_NOT_NETWORK_SELECTION
DIR_PAIR_089509E3B230D309,STOP_PROBE::ASF::OLGIATE_MOLGORA_SCARPONE,STOP_PROBE::ASF::S_MARIA_HOE_S_P_58_ANG_VIA_CENISIO,DIR_PAIR_8D13665CBA8057A2,COMPLETE_DIRECTED_PAIR_TEST_UNIVERSE_NOT_NETWORK_SELECTION
DIR_PAIR_973A32D2E1B65D97,STOP_PROBE::ASF::OLGIATE_MOLGORA_SCARPONE,STOP_PROBE::ASF::VACCAREZZA_CARTELLO_PAESE,DIR_PAIR_7DCEC2BE9A102E5F,COMPLETE_DIRECTED_PAIR_TEST_UNIVERSE_NOT_NETWORK_SELECTION
DIR_PAIR_C87D4C77C49D9C16,STOP_PROBE::ASF::OLGIATE_MOLGORA_SCARPONE,STOP_PROBE::FROZEN::100005,DIR_PAIR_D835E48AFE5F1DF9,COMPLETE_DIRECTED_PAIR_TEST_UNIVERSE_NOT_NETWORK_SELECTION
DIR_PAIR_2C4E74966294AE3B,STOP_PROBE::ASF::OLGIATE_MOLGORA_SCARPONE,STOP_PROBE::FROZEN::300063,DIR_PAIR_53C913FEBC45FF5F,COMPLETE_DIRECTED_PAIR_TEST_UNIVERSE_NOT_NETWORK_SELECTION
DIR_PAIR_13C6A294D77BA71B,STOP_PROBE::ASF::OLGIATE_MOLGORA_SCARPONE,STOP_PROBE::FROZEN::300086,DIR_PAIR_90775149CA6847D2,COMPLETE_DIRECTED_PAIR_TEST_UNIVERSE_NOT_NETWORK_SELECTION
DIR_PAIR_58D1C920C5DB5F18,STOP_PROBE::ASF::OLGIATE_MOLGORA_SCARPONE,STOP_PROBE::FROZEN::300398,DIR_PAIR_57D6DA0A12DB5181,COMPLETE_DIRECTED_PAIR_TEST_UNIVERSE_NOT_NETWORK_SELECTION
DIR_PAIR_ECDFE57714FEAFAE,STOP_PROBE::ASF::OLGIATE_MOLGORA_SCARPONE,STOP_PROBE::FROZEN::300487,DIR_PAIR_04F48696952866FC,COMPLETE_DIRECTED_PAIR_TEST_UNIVERSE_NOT_NETWORK_SELECTION
DIR_PAIR_0CCAB8E3661886C5,STOP_PROBE::ASF::OLGIATE_MOLGORA_SCARPONE,STOP_PROBE::FROZEN::300527,DIR_PAIR_44D7EF5C1624387E,COMPLETE_DIRECTED_PAIR_TEST_UNIVERSE_NOT_NETWORK_SELECTION
DIR_PAIR_4DCC7AB63C09D64C,STOP_PROBE::ASF::OLGIATE_MOLGORA_SCARPONE,STOP_PROBE::FROZEN::300634,DIR_PAIR_B1C9DF84C963BA94,COMPLETE_DIRECTED_PAIR_TEST_UNIVERSE_NOT_NETWORK_SELECTION
DIR_PAIR_F12996900F26602C,STOP_PROBE::ASF::OLGIATE_MOLGORA_SCARPONE,STOP_PROBE::FROZEN::300743,DIR_PAIR_1FED8C3696A9AF91,COMPLETE_DIRECTED_PAIR_TEST_UNIVERSE_NOT_NETWORK_SELECTION
DIR_PAIR_B2DBD9FA20A4174C,STOP_PROBE::ASF::OLGIATE_MOLGORA_SCARPONE,STOP_PROBE::FROZEN::300782,DIR_PAIR_DD17B861542EB191,COMPLETE_DIRECTED_PAIR_TEST_UNIVERSE_NOT_NETWORK_SELECTION
DIR_PAIR_E23D8869D69A8AB8,STOP_PROBE::ASF::OLGIATE_MOLGORA_SCARPONE,STOP_PROBE::FROZEN::300805,DIR_PAIR_26F8D8EC027932FD,COMPLETE_DIRECTED_PAIR_TEST_UNIVERSE_NOT_NETWORK_SELECTION
DIR_PAIR_01B8350A36BECA2B,STOP_PROBE::ASF::OLGIATE_MOLGORA_SCARPONE,STOP_PROBE::FROZEN::300873,DIR_PAIR_2ADDCB15CE0F3870,COMPLETE_DIRECTED_PAIR_TEST_UNIVERSE_NOT_NETWORK_SELECTION
DIR_PAIR_2F3979D6CE674178,STOP_PROBE::ASF::OLGIATE_MOLGORA_SCARPONE,STOP_PROBE::FROZEN::300879,DIR_PAIR_1C981A6BE08152FA,COMPLETE_DIRECTED_PAIR_TEST_UNIVERSE_NOT_NETWORK_SELECTION
DIR_PAIR_3BBD5BE4B4FE662D,STOP_PROBE::ASF::OLGIATE_MOLGORA_SCARPONE,STOP_PROBE::FROZEN::300956,DIR_PAIR_E393A3A9A2B15353,COMPLETE_DIRECTED_PAIR_TEST_UNIVERSE_NOT_NETWORK_SELECTION
DIR_PAIR_E67E52C097CF10BC,STOP_PROBE::ASF::OLGIATE_MOLGORA_SCARPONE,STOP_PROBE::FROZEN::L00407,DIR_PAIR_3BCE0C1E9AD69C36,COMPLETE_DIRECTED_PAIR_TEST_UNIVERSE_NOT_NETWORK_SELECTION
DIR_PAIR_C248F04B4F0BD510,STOP_PROBE::ASF::OLGIATE_MOLGORA_SCARPONE,STOP_PROBE::MANUAL::CALCO_SCAGNELLO,DIR_PAIR_6F821972AA7E3A65,COMPLETE_DIRECTED_PAIR_TEST_UNIVERSE_NOT_NETWORK_SELECTION
DIR_PAIR_2198E6FCE3D83C9F,STOP_PROBE::ASF::OLGIATE_MOLGORA_SCARPONE,STOP_PROBE::SPECIAL::CASA_DI_COMUNITA_OLGIATE,DIR_PAIR_4486DAC612E62CF3,COMPLETE_DIRECTED_PAIR_TEST_UNIVERSE_NOT_NETWORK_SELECTION
DIR_PAIR_7D88DE511B3FCCC3,STOP_PROBE::ASF::OLGIATE_MOLGORA_VIA_DELLA_SALUTE,STOP_PROBE::ASF::ARLATE_BIVIO_PER_IL_PAESE,DIR_PAIR_D9FA3A6BC243333D,COMPLETE_DIRECTED_PAIR_TEST_UNIVERSE_NOT_NETWORK_SELECTION
DIR_PAIR_DD4AFD5D16A2C003,STOP_PROBE::ASF::OLGIATE_MOLGORA_VIA_DELLA_SALUTE,STOP_PROBE::ASF::ARLATE_B_VIO_BRIVIO_MADONNINA,DIR_PAIR_566DA4D9B62F0BD7,COMPLETE_DIRECTED_PAIR_TEST_UNIVERSE_NOT_NETWORK_SELECTION
DIR_PAIR_88414311F160791D,STOP_PROBE::ASF::OLGIATE_MOLGORA_VIA_DELLA_SALUTE,STOP_PROBE::ASF::ARLATE_CANTINA_PIROVANO,DIR_PAIR_BD47D2AF6E614E6E,COMPLETE_DIRECTED_PAIR_TEST_UNIVERSE_NOT_NETWORK_SELECTION
DIR_PAIR_41B756BE4319145D,STOP_PROBE::ASF::OLGIATE_MOLGORA_VIA_DELLA_SALUTE,STOP_PROBE::ASF::BEVERATE_CARTELLO_PAESE,DIR_PAIR_4C3F81DE8185A39B,COMPLETE_DIRECTED_PAIR_TEST_UNIVERSE_NOT_NETWORK_SELECTION
DIR_PAIR_E3480221822A713A,STOP_PROBE::ASF::OLGIATE_MOLGORA_VIA_DELLA_SALUTE,STOP_PROBE::ASF::BRIVIO_BAR_CRISTALLO,DIR_PAIR_E0F79226681796F5,COMPLETE_DIRECTED_PAIR_TEST_UNIVERSE_NOT_NETWORK_SELECTION
DIR_PAIR_0C5084CDF39A6E52,STOP_PROBE::ASF::OLGIATE_MOLGORA_VIA_DELLA_SALUTE,STOP_PROBE::ASF::BRIVIO_VIA_COMO_PENSILINA,DIR_PAIR_F96B2DFFF83DC24C,COMPLETE_DIRECTED_PAIR_TEST_UNIVERSE_NOT_NETWORK_SELECTION
DIR_PAIR_0FC221B76C8AB2C5,STOP_PROBE::ASF::OLGIATE_MOLGORA_VIA_DELLA_SALUTE,STOP_PROBE::ASF::CALCO_LARGO_POMEA,DIR_PAIR_1A5A225F1DA2B0DC,COMPLETE_DIRECTED_PAIR_TEST_UNIVERSE_NOT_NETWORK_SELECTION
DIR_PAIR_28DDB1F2FD416EB6,STOP_PROBE::ASF::OLGIATE_MOLGORA_VIA_DELLA_SALUTE,STOP_PROBE::ASF::CALCO_VIA_GARIBALDI,DIR_PAIR_B0383936A141D38B,COMPLETE_DIRECTED_PAIR_TEST_UNIVERSE_NOT_NETWORK_SELECTION
DIR_PAIR_DB86ADF68009D5B5,STOP_PROBE::ASF::OLGIATE_MOLGORA_VIA_DELLA_SALUTE,STOP_PROBE::ASF::IMBERSAGO_LOCALITA_CAZZULINO,DIR_PAIR_8B96E20773206232,COMPLETE_DIRECTED_PAIR_TEST_UNIVERSE_NOT_NETWORK_SELECTION
DIR_PAIR_7891A8945F74ACD1,STOP_PROBE::ASF::OLGIATE_MOLGORA_VIA_DELLA_SALUTE,STOP_PROBE::ASF::OLGIATE_MOLGORA_SCARPONE,DIR_PAIR_42D48C7C3B1496DF,COMPLETE_DIRECTED_PAIR_TEST_UNIVERSE_NOT_NETWORK_SELECTION
DIR_PAIR_51102C9F19A51820,STOP_PROBE::ASF::OLGIATE_MOLGORA_VIA_DELLA_SALUTE,STOP_PROBE::ASF::OLGIATE_MOLGORA_VIA_STATALE,DIR_PAIR_E9389AC7FC44566A,COMPLETE_DIRECTED_PAIR_TEST_UNIVERSE_NOT_NETWORK_SELECTION
DIR_PAIR_EC379A5DD5C58D90,STOP_PROBE::ASF::OLGIATE_MOLGORA_VIA_DELLA_SALUTE,STOP_PROBE::ASF::PEREGO_VIA_STATALE_79,DIR_PAIR_A3C6B838A218B75D,COMPLETE_DIRECTED_PAIR_TEST_UNIVERSE_NOT_NETWORK_SELECTION
DIR_PAIR_EE5CA3BF514AE530,STOP_PROBE::ASF::OLGIATE_MOLGORA_VIA_DELLA_SALUTE,STOP_PROBE::ASF::ROVAGNATE_FRAZIONE_ALDUNO,DIR_PAIR_6A34A19C9D4AA3CA,COMPLETE_DIRECTED_PAIR_TEST_UNIVERSE_NOT_NETWORK_SELECTION
DIR_PAIR_9568D708CD262A3F,STOP_PROBE::ASF::OLGIATE_MOLGORA_VIA_DELLA_SALUTE,STOP_PROBE::ASF::ROVAGNATE_SS_ANG_V_LOMBARDIA,DIR_PAIR_6CE2309A391DBBCC,COMPLETE_DIRECTED_PAIR_TEST_UNIVERSE_NOT_NETWORK_SELECTION
DIR_PAIR_554356B1825343FA,STOP_PROBE::ASF::OLGIATE_MOLGORA_VIA_DELLA_SALUTE,STOP_PROBE::ASF::ROVAGNATE_STRADA_STATALE_AGIP,DIR_PAIR_381612510D2C3587,COMPLETE_DIRECTED_PAIR_TEST_UNIVERSE_NOT_NETWORK_SELECTION
DIR_PAIR_59638A42EB12DC6E,STOP_PROBE::ASF::OLGIATE_MOLGORA_VIA_DELLA_SALUTE,STOP_PROBE::ASF::SANTA_MARIA_HOE_VIA_COMO,DIR_PAIR_08CE79C8DBC820C1,COMPLETE_DIRECTED_PAIR_TEST_UNIVERSE_NOT_NETWORK_SELECTION
DIR_PAIR_162EB2AFE007A221,STOP_PROBE::ASF::OLGIATE_MOLGORA_VIA_DELLA_SALUTE,STOP_PROBE::ASF::SANTA_MARIA_HOE_VIA_GIOVANNI_XXIII,DIR_PAIR_FBA394749A239ABE,COMPLETE_DIRECTED_PAIR_TEST_UNIVERSE_NOT_NETWORK_SELECTION
DIR_PAIR_64709B23B0E704F9,STOP_PROBE::ASF::OLGIATE_MOLGORA_VIA_DELLA_SALUTE,STOP_PROBE::ASF::S_MARIA_HOE_S_P_58_ANG_VIA_CENISIO,DIR_PAIR_935CA5BB5FECA0E1,COMPLETE_DIRECTED_PAIR_TEST_UNIVERSE_NOT_NETWORK_SELECTION
DIR_PAIR_AEF86D973D68A402,STOP_PROBE::ASF::OLGIATE_MOLGORA_VIA_DELLA_SALUTE,STOP_PROBE::ASF::VACCAREZZA_CARTELLO_PAESE,DIR_PAIR_F3A60712193869F8,COMPLETE_DIRECTED_PAIR_TEST_UNIVERSE_NOT_NETWORK_SELECTION
DIR_PAIR_34B648C741F505FA,STOP_PROBE::ASF::OLGIATE_MOLGORA_VIA_DELLA_SALUTE,STOP_PROBE::FROZEN::100005,DIR_PAIR_48DEABDF7F991533,COMPLETE_DIRECTED_PAIR_TEST_UNIVERSE_NOT_NETWORK_SELECTION
DIR_PAIR_F42FBAE11DF0DF49,STOP_PROBE::ASF::OLGIATE_MOLGORA_VIA_DELLA_SALUTE,STOP_PROBE::FROZEN::300063,DIR_PAIR_5D225A04251EE0D3,COMPLETE_DIRECTED_PAIR_TEST_UNIVERSE_NOT_NETWORK_SELECTION
DIR_PAIR_FD9658C57FD9F862,STOP_PROBE::ASF::OLGIATE_MOLGORA_VIA_DELLA_SALUTE,STOP_PROBE::FROZEN::300086,DIR_PAIR_395DB6E0AD6555AF,COMPLETE_DIRECTED_PAIR_TEST_UNIVERSE_NOT_NETWORK_SELECTION
DIR_PAIR_F760D42A247E1309,STOP_PROBE::ASF::OLGIATE_MOLGORA_VIA_DELLA_SALUTE,STOP_PROBE::FROZEN::300398,DIR_PAIR_533E9BC3605C51A1,COMPLETE_DIRECTED_PAIR_TEST_UNIVERSE_NOT_NETWORK_SELECTION
DIR_PAIR_641F2D39E4FFD981,STOP_PROBE::ASF::OLGIATE_MOLGORA_VIA_DELLA_SALUTE,STOP_PROBE::FROZEN::300487,DIR_PAIR_2FF1C109FABC3A35,COMPLETE_DIRECTED_PAIR_TEST_UNIVERSE_NOT_NETWORK_SELECTION
DIR_PAIR_AB74F9F37F23E7D4,STOP_PROBE::ASF::OLGIATE_MOLGORA_VIA_DELLA_SALUTE,STOP_PROBE::FROZEN::300527,DIR_PAIR_C86AFE0B7230A412,COMPLETE_DIRECTED_PAIR_TEST_UNIVERSE_NOT_NETWORK_SELECTION
DIR_PAIR_D562BFA45C0065C2,STOP_PROBE::ASF::OLGIATE_MOLGORA_VIA_DELLA_SALUTE,STOP_PROBE::FROZEN::300634,DIR_PAIR_2C7416BEFE2592DD,COMPLETE_DIRECTED_PAIR_TEST_UNIVERSE_NOT_NETWORK_SELECTION
DIR_PAIR_C4B17A16CB944CCF,STOP_PROBE::ASF::OLGIATE_MOLGORA_VIA_DELLA_SALUTE,STOP_PROBE::FROZEN::300743,DIR_PAIR_751D07849DA013C2,COMPLETE_DIRECTED_PAIR_TEST_UNIVERSE_NOT_NETWORK_SELECTION
DIR_PAIR_1FE20DCF179D6D46,STOP_PROBE::ASF::OLGIATE_MOLGORA_VIA_DELLA_SALUTE,STOP_PROBE::FROZEN::300782,DIR_PAIR_56D7E423F1F4855B,COMPLETE_DIRECTED_PAIR_TEST_UNIVERSE_NOT_NETWORK_SELECTION
DIR_PAIR_0F1C9F145C8D2D96,STOP_PROBE::ASF::OLGIATE_MOLGORA_VIA_DELLA_SALUTE,STOP_PROBE::FROZEN::300805,DIR_PAIR_2638D3ADF2C5B55B,COMPLETE_DIRECTED_PAIR_TEST_UNIVERSE_NOT_NETWORK_SELECTION
DIR_PAIR_2AC4787B57DEDE5E,STOP_PROBE::ASF::OLGIATE_MOLGORA_VIA_DELLA_SALUTE,STOP_PROBE::FROZEN::300873,DIR_PAIR_E91B2DA42406FBCE,COMPLETE_DIRECTED_PAIR_TEST_UNIVERSE_NOT_NETWORK_SELECTION
DIR_PAIR_C2925924423B04BE,STOP_PROBE::ASF::OLGIATE_MOLGORA_VIA_DELLA_SALUTE,STOP_PROBE::FROZEN::300879,DIR_PAIR_DFB4195380C19366,COMPLETE_DIRECTED_PAIR_TEST_UNIVERSE_NOT_NETWORK_SELECTION
DIR_PAIR_118D2C7E8FF17705,STOP_PROBE::ASF::OLGIATE_MOLGORA_VIA_DELLA_SALUTE,STOP_PROBE::FROZEN::300956,DIR_PAIR_5DC984F1AB086888,COMPLETE_DIRECTED_PAIR_TEST_UNIVERSE_NOT_NETWORK_SELECTION
DIR_PAIR_711FBA005975F636,STOP_PROBE::ASF::OLGIATE_MOLGORA_VIA_DELLA_SALUTE,STOP_PROBE::FROZEN::L00407,DIR_PAIR_5DF09C6E77DE62D4,COMPLETE_DIRECTED_PAIR_TEST_UNIVERSE_NOT_NETWORK_SELECTION
DIR_PAIR_A0C14769920AACAA,STOP_PROBE::ASF::OLGIATE_MOLGORA_VIA_DELLA_SALUTE,STOP_PROBE::MANUAL::CALCO_SCAGNELLO,DIR_PAIR_D6A9740BEB0A0089,COMPLETE_DIRECTED_PAIR_TEST_UNIVERSE_NOT_NETWORK_SELECTION
DIR_PAIR_7D3006288B83EC63,STOP_PROBE::ASF::OLGIATE_MOLGORA_VIA_DELLA_SALUTE,STOP_PROBE::SPECIAL::CASA_DI_COMUNITA_OLGIATE,DIR_PAIR_B9A23D0ACBF9093A,COMPLETE_DIRECTED_PAIR_TEST_UNIVERSE_NOT_NETWORK_SELECTION
DIR_PAIR_FCB98CA0C91A551C,STOP_PROBE::ASF::OLGIATE_MOLGORA_VIA_STATALE,STOP_PROBE::ASF::ARLATE_BIVIO_PER_IL_PAESE,DIR_PAIR_13E15509A8ABC8E3,COMPLETE_DIRECTED_PAIR_TEST_UNIVERSE_NOT_NETWORK_SELECTION
DIR_PAIR_AB032445FC12E391,STOP_PROBE::ASF::OLGIATE_MOLGORA_VIA_STATALE,STOP_PROBE::ASF::ARLATE_B_VIO_BRIVIO_MADONNINA,DIR_PAIR_A060738160D95A2A,COMPLETE_DIRECTED_PAIR_TEST_UNIVERSE_NOT_NETWORK_SELECTION
DIR_PAIR_7846BFF9FD233FD8,STOP_PROBE::ASF::OLGIATE_MOLGORA_VIA_STATALE,STOP_PROBE::ASF::ARLATE_CANTINA_PIROVANO,DIR_PAIR_A12D2CB7F3569E27,COMPLETE_DIRECTED_PAIR_TEST_UNIVERSE_NOT_NETWORK_SELECTION
DIR_PAIR_FED6D226BB4304F8,STOP_PROBE::ASF::OLGIATE_MOLGORA_VIA_STATALE,STOP_PROBE::ASF::BEVERATE_CARTELLO_PAESE,DIR_PAIR_3A888A38561A5648,COMPLETE_DIRECTED_PAIR_TEST_UNIVERSE_NOT_NETWORK_SELECTION
DIR_PAIR_83F81781BE43FDA8,STOP_PROBE::ASF::OLGIATE_MOLGORA_VIA_STATALE,STOP_PROBE::ASF::BRIVIO_BAR_CRISTALLO,DIR_PAIR_9B5D79C123810411,COMPLETE_DIRECTED_PAIR_TEST_UNIVERSE_NOT_NETWORK_SELECTION
DIR_PAIR_EFA213EA13B67608,STOP_PROBE::ASF::OLGIATE_MOLGORA_VIA_STATALE,STOP_PROBE::ASF::BRIVIO_VIA_COMO_PENSILINA,DIR_PAIR_35E50A45613DD78F,COMPLETE_DIRECTED_PAIR_TEST_UNIVERSE_NOT_NETWORK_SELECTION
DIR_PAIR_21C9F72EB341C9D3,STOP_PROBE::ASF::OLGIATE_MOLGORA_VIA_STATALE,STOP_PROBE::ASF::CALCO_LARGO_POMEA,DIR_PAIR_20BB01413D8C585A,COMPLETE_DIRECTED_PAIR_TEST_UNIVERSE_NOT_NETWORK_SELECTION
DIR_PAIR_CB5524FF53732FBB,STOP_PROBE::ASF::OLGIATE_MOLGORA_VIA_STATALE,STOP_PROBE::ASF::CALCO_VIA_GARIBALDI,DIR_PAIR_4C5E396A503E1E89,COMPLETE_DIRECTED_PAIR_TEST_UNIVERSE_NOT_NETWORK_SELECTION
DIR_PAIR_9A886B3AE52305A5,STOP_PROBE::ASF::OLGIATE_MOLGORA_VIA_STATALE,STOP_PROBE::ASF::IMBERSAGO_LOCALITA_CAZZULINO,DIR_PAIR_B89CC037BC28D87C,COMPLETE_DIRECTED_PAIR_TEST_UNIVERSE_NOT_NETWORK_SELECTION
DIR_PAIR_A05DD1471F1232F2,STOP_PROBE::ASF::OLGIATE_MOLGORA_VIA_STATALE,STOP_PROBE::ASF::OLGIATE_MOLGORA_SCARPONE,DIR_PAIR_567D6BA0CACC2C2B,COMPLETE_DIRECTED_PAIR_TEST_UNIVERSE_NOT_NETWORK_SELECTION
DIR_PAIR_E9389AC7FC44566A,STOP_PROBE::ASF::OLGIATE_MOLGORA_VIA_STATALE,STOP_PROBE::ASF::OLGIATE_MOLGORA_VIA_DELLA_SALUTE,DIR_PAIR_51102C9F19A51820,COMPLETE_DIRECTED_PAIR_TEST_UNIVERSE_NOT_NETWORK_SELECTION
DIR_PAIR_840EE37F9C8B2E23,STOP_PROBE::ASF::OLGIATE_MOLGORA_VIA_STATALE,STOP_PROBE::ASF::PEREGO_VIA_STATALE_79,DIR_PAIR_48FD0B2696F2A0C6,COMPLETE_DIRECTED_PAIR_TEST_UNIVERSE_NOT_NETWORK_SELECTION
DIR_PAIR_668631F6573FDDC7,STOP_PROBE::ASF::OLGIATE_MOLGORA_VIA_STATALE,STOP_PROBE::ASF::ROVAGNATE_FRAZIONE_ALDUNO,DIR_PAIR_460BC9A05C57EDFA,COMPLETE_DIRECTED_PAIR_TEST_UNIVERSE_NOT_NETWORK_SELECTION
DIR_PAIR_CA3685349D06A8A3,STOP_PROBE::ASF::OLGIATE_MOLGORA_VIA_STATALE,STOP_PROBE::ASF::ROVAGNATE_SS_ANG_V_LOMBARDIA,DIR_PAIR_AB66232198F04556,COMPLETE_DIRECTED_PAIR_TEST_UNIVERSE_NOT_NETWORK_SELECTION
DIR_PAIR_B00704D5B31ACB6C,STOP_PROBE::ASF::OLGIATE_MOLGORA_VIA_STATALE,STOP_PROBE::ASF::ROVAGNATE_STRADA_STATALE_AGIP,DIR_PAIR_80EE59E547C6C53D,COMPLETE_DIRECTED_PAIR_TEST_UNIVERSE_NOT_NETWORK_SELECTION
DIR_PAIR_C78CF7F569C0D5BE,STOP_PROBE::ASF::OLGIATE_MOLGORA_VIA_STATALE,STOP_PROBE::ASF::SANTA_MARIA_HOE_VIA_COMO,DIR_PAIR_5EAC725FE5C85C8C,COMPLETE_DIRECTED_PAIR_TEST_UNIVERSE_NOT_NETWORK_SELECTION
DIR_PAIR_8F282B85C6015C2D,STOP_PROBE::ASF::OLGIATE_MOLGORA_VIA_STATALE,STOP_PROBE::ASF::SANTA_MARIA_HOE_VIA_GIOVANNI_XXIII,DIR_PAIR_4AED5A67CD2C19AA,COMPLETE_DIRECTED_PAIR_TEST_UNIVERSE_NOT_NETWORK_SELECTION
DIR_PAIR_B94F3F8936D7BF04,STOP_PROBE::ASF::OLGIATE_MOLGORA_VIA_STATALE,STOP_PROBE::ASF::S_MARIA_HOE_S_P_58_ANG_VIA_CENISIO,DIR_PAIR_D167B3341C0A41E8,COMPLETE_DIRECTED_PAIR_TEST_UNIVERSE_NOT_NETWORK_SELECTION
DIR_PAIR_C65EC964DA074F63,STOP_PROBE::ASF::OLGIATE_MOLGORA_VIA_STATALE,STOP_PROBE::ASF::VACCAREZZA_CARTELLO_PAESE,DIR_PAIR_1B85EA2C3009E8F2,COMPLETE_DIRECTED_PAIR_TEST_UNIVERSE_NOT_NETWORK_SELECTION
DIR_PAIR_DD692F6349952925,STOP_PROBE::ASF::OLGIATE_MOLGORA_VIA_STATALE,STOP_PROBE::FROZEN::100005,DIR_PAIR_57373E796CA23189,COMPLETE_DIRECTED_PAIR_TEST_UNIVERSE_NOT_NETWORK_SELECTION
DIR_PAIR_A1A33FF575C37E0B,STOP_PROBE::ASF::OLGIATE_MOLGORA_VIA_STATALE,STOP_PROBE::FROZEN::300063,DIR_PAIR_C324126BE5622F5B,COMPLETE_DIRECTED_PAIR_TEST_UNIVERSE_NOT_NETWORK_SELECTION
DIR_PAIR_B0A95B2658C9BB96,STOP_PROBE::ASF::OLGIATE_MOLGORA_VIA_STATALE,STOP_PROBE::FROZEN::300086,DIR_PAIR_3682D6462599AA93,COMPLETE_DIRECTED_PAIR_TEST_UNIVERSE_NOT_NETWORK_SELECTION
DIR_PAIR_D01EAD3D70F580FA,STOP_PROBE::ASF::OLGIATE_MOLGORA_VIA_STATALE,STOP_PROBE::FROZEN::300398,DIR_PAIR_07345FFDE7A64375,COMPLETE_DIRECTED_PAIR_TEST_UNIVERSE_NOT_NETWORK_SELECTION
DIR_PAIR_5AB35828578FCDBC,STOP_PROBE::ASF::OLGIATE_MOLGORA_VIA_STATALE,STOP_PROBE::FROZEN::300487,DIR_PAIR_868313D2F75521B7,COMPLETE_DIRECTED_PAIR_TEST_UNIVERSE_NOT_NETWORK_SELECTION
DIR_PAIR_86A3D8E9F93B12AE,STOP_PROBE::ASF::OLGIATE_MOLGORA_VIA_STATALE,STOP_PROBE::FROZEN::300527,DIR_PAIR_CABA33FA75B618A1,COMPLETE_DIRECTED_PAIR_TEST_UNIVERSE_NOT_NETWORK_SELECTION
DIR_PAIR_560FAF83022CE61C,STOP_PROBE::ASF::OLGIATE_MOLGORA_VIA_STATALE,STOP_PROBE::FROZEN::300634,DIR_PAIR_F9978EB4E52A6315,COMPLETE_DIRECTED_PAIR_TEST_UNIVERSE_NOT_NETWORK_SELECTION
DIR_PAIR_7407B73FA5A990E3,STOP_PROBE::ASF::OLGIATE_MOLGORA_VIA_STATALE,STOP_PROBE::FROZEN::300743,DIR_PAIR_59502E96A70334EB,COMPLETE_DIRECTED_PAIR_TEST_UNIVERSE_NOT_NETWORK_SELECTION
DIR_PAIR_A002671894BFE974,STOP_PROBE::ASF::OLGIATE_MOLGORA_VIA_STATALE,STOP_PROBE::FROZEN::300782,DIR_PAIR_38A95B38BD5BB36E,COMPLETE_DIRECTED_PAIR_TEST_UNIVERSE_NOT_NETWORK_SELECTION
DIR_PAIR_A26FD882AAFAF543,STOP_PROBE::ASF::OLGIATE_MOLGORA_VIA_STATALE,STOP_PROBE::FROZEN::300805,DIR_PAIR_8EF4353B72D6260D,COMPLETE_DIRECTED_PAIR_TEST_UNIVERSE_NOT_NETWORK_SELECTION
DIR_PAIR_FDD3E51CDB056E52,STOP_PROBE::ASF::OLGIATE_MOLGORA_VIA_STATALE,STOP_PROBE::FROZEN::300873,DIR_PAIR_C318765115253BCC,COMPLETE_DIRECTED_PAIR_TEST_UNIVERSE_NOT_NETWORK_SELECTION
DIR_PAIR_C1E150E55E6181EF,STOP_PROBE::ASF::OLGIATE_MOLGORA_VIA_STATALE,STOP_PROBE::FROZEN::300879,DIR_PAIR_73A7DCDE3A4DCE2C,COMPLETE_DIRECTED_PAIR_TEST_UNIVERSE_NOT_NETWORK_SELECTION
DIR_PAIR_FF88E358F7DCD119,STOP_PROBE::ASF::OLGIATE_MOLGORA_VIA_STATALE,STOP_PROBE::FROZEN::300956,DIR_PAIR_7F69ADD20F16DEA9,COMPLETE_DIRECTED_PAIR_TEST_UNIVERSE_NOT_NETWORK_SELECTION
DIR_PAIR_9C95D36446047E34,STOP_PROBE::ASF::OLGIATE_MOLGORA_VIA_STATALE,STOP_PROBE::FROZEN::L00407,DIR_PAIR_8B90340C1663A690,COMPLETE_DIRECTED_PAIR_TEST_UNIVERSE_NOT_NETWORK_SELECTION
DIR_PAIR_2B006D708B530B39,STOP_PROBE::ASF::OLGIATE_MOLGORA_VIA_STATALE,STOP_PROBE::MANUAL::CALCO_SCAGNELLO,DIR_PAIR_5087C8C258AFBADD,COMPLETE_DIRECTED_PAIR_TEST_UNIVERSE_NOT_NETWORK_SELECTION
DIR_PAIR_E92E7A3E5929DEFE,STOP_PROBE::ASF::OLGIATE_MOLGORA_VIA_STATALE,STOP_PROBE::SPECIAL::CASA_DI_COMUNITA_OLGIATE,DIR_PAIR_EB361D3A015DB22A,COMPLETE_DIRECTED_PAIR_TEST_UNIVERSE_NOT_NETWORK_SELECTION
DIR_PAIR_E91AF72E6AD2298B,STOP_PROBE::ASF::PEREGO_VIA_STATALE_79,STOP_PROBE::ASF::ARLATE_BIVIO_PER_IL_PAESE,DIR_PAIR_65B7F9E1FA38F5B0,COMPLETE_DIRECTED_PAIR_TEST_UNIVERSE_NOT_NETWORK_SELECTION
DIR_PAIR_DA4AC8D3B36243BA,STOP_PROBE::ASF::PEREGO_VIA_STATALE_79,STOP_PROBE::ASF::ARLATE_B_VIO_BRIVIO_MADONNINA,DIR_PAIR_CEB2BCF86AAFF963,COMPLETE_DIRECTED_PAIR_TEST_UNIVERSE_NOT_NETWORK_SELECTION
DIR_PAIR_45257777BCCF880F,STOP_PROBE::ASF::PEREGO_VIA_STATALE_79,STOP_PROBE::ASF::ARLATE_CANTINA_PIROVANO,DIR_PAIR_A2599B8F09FCF67D,COMPLETE_DIRECTED_PAIR_TEST_UNIVERSE_NOT_NETWORK_SELECTION
DIR_PAIR_7DCEFCA86B5EA7B1,STOP_PROBE::ASF::PEREGO_VIA_STATALE_79,STOP_PROBE::ASF::BEVERATE_CARTELLO_PAESE,DIR_PAIR_E9E89F267AEA5570,COMPLETE_DIRECTED_PAIR_TEST_UNIVERSE_NOT_NETWORK_SELECTION
DIR_PAIR_83C8E557317103F8,STOP_PROBE::ASF::PEREGO_VIA_STATALE_79,STOP_PROBE::ASF::BRIVIO_BAR_CRISTALLO,DIR_PAIR_6E27661619F7F285,COMPLETE_DIRECTED_PAIR_TEST_UNIVERSE_NOT_NETWORK_SELECTION
DIR_PAIR_0671BBE3B10FCF85,STOP_PROBE::ASF::PEREGO_VIA_STATALE_79,STOP_PROBE::ASF::BRIVIO_VIA_COMO_PENSILINA,DIR_PAIR_8E0A62790369B823,COMPLETE_DIRECTED_PAIR_TEST_UNIVERSE_NOT_NETWORK_SELECTION
DIR_PAIR_605F4BD3F7B59014,STOP_PROBE::ASF::PEREGO_VIA_STATALE_79,STOP_PROBE::ASF::CALCO_LARGO_POMEA,DIR_PAIR_024046E71C98757C,COMPLETE_DIRECTED_PAIR_TEST_UNIVERSE_NOT_NETWORK_SELECTION
DIR_PAIR_CB694640D05E53CE,STOP_PROBE::ASF::PEREGO_VIA_STATALE_79,STOP_PROBE::ASF::CALCO_VIA_GARIBALDI,DIR_PAIR_67CFF1B80991BB50,COMPLETE_DIRECTED_PAIR_TEST_UNIVERSE_NOT_NETWORK_SELECTION
DIR_PAIR_9F0117D4EA4C10A2,STOP_PROBE::ASF::PEREGO_VIA_STATALE_79,STOP_PROBE::ASF::IMBERSAGO_LOCALITA_CAZZULINO,DIR_PAIR_D049ABBC2B6D8648,COMPLETE_DIRECTED_PAIR_TEST_UNIVERSE_NOT_NETWORK_SELECTION
DIR_PAIR_28789976DB2F4D2F,STOP_PROBE::ASF::PEREGO_VIA_STATALE_79,STOP_PROBE::ASF::OLGIATE_MOLGORA_SCARPONE,DIR_PAIR_41AFE9D5998191D0,COMPLETE_DIRECTED_PAIR_TEST_UNIVERSE_NOT_NETWORK_SELECTION
DIR_PAIR_A3C6B838A218B75D,STOP_PROBE::ASF::PEREGO_VIA_STATALE_79,STOP_PROBE::ASF::OLGIATE_MOLGORA_VIA_DELLA_SALUTE,DIR_PAIR_EC379A5DD5C58D90,COMPLETE_DIRECTED_PAIR_TEST_UNIVERSE_NOT_NETWORK_SELECTION
DIR_PAIR_48FD0B2696F2A0C6,STOP_PROBE::ASF::PEREGO_VIA_STATALE_79,STOP_PROBE::ASF::OLGIATE_MOLGORA_VIA_STATALE,DIR_PAIR_840EE37F9C8B2E23,COMPLETE_DIRECTED_PAIR_TEST_UNIVERSE_NOT_NETWORK_SELECTION
DIR_PAIR_BFFECB56D5B0B809,STOP_PROBE::ASF::PEREGO_VIA_STATALE_79,STOP_PROBE::ASF::ROVAGNATE_FRAZIONE_ALDUNO,DIR_PAIR_EE67DF23ADFB9AD9,COMPLETE_DIRECTED_PAIR_TEST_UNIVERSE_NOT_NETWORK_SELECTION
DIR_PAIR_4F600077C1D3212D,STOP_PROBE::ASF::PEREGO_VIA_STATALE_79,STOP_PROBE::ASF::ROVAGNATE_SS_ANG_V_LOMBARDIA,DIR_PAIR_A5328CF8CE176920,COMPLETE_DIRECTED_PAIR_TEST_UNIVERSE_NOT_NETWORK_SELECTION
DIR_PAIR_995C05916869A466,STOP_PROBE::ASF::PEREGO_VIA_STATALE_79,STOP_PROBE::ASF::ROVAGNATE_STRADA_STATALE_AGIP,DIR_PAIR_566972D158B5F431,COMPLETE_DIRECTED_PAIR_TEST_UNIVERSE_NOT_NETWORK_SELECTION
DIR_PAIR_394B6FA6A6C80A1A,STOP_PROBE::ASF::PEREGO_VIA_STATALE_79,STOP_PROBE::ASF::SANTA_MARIA_HOE_VIA_COMO,DIR_PAIR_0AF71B3DE45993D7,COMPLETE_DIRECTED_PAIR_TEST_UNIVERSE_NOT_NETWORK_SELECTION
DIR_PAIR_E071143A7B5754F3,STOP_PROBE::ASF::PEREGO_VIA_STATALE_79,STOP_PROBE::ASF::SANTA_MARIA_HOE_VIA_GIOVANNI_XXIII,DIR_PAIR_BE3C8E3038C83FDF,COMPLETE_DIRECTED_PAIR_TEST_UNIVERSE_NOT_NETWORK_SELECTION
DIR_PAIR_EFA92DB0804FAC14,STOP_PROBE::ASF::PEREGO_VIA_STATALE_79,STOP_PROBE::ASF::S_MARIA_HOE_S_P_58_ANG_VIA_CENISIO,DIR_PAIR_12064AD277663006,COMPLETE_DIRECTED_PAIR_TEST_UNIVERSE_NOT_NETWORK_SELECTION
DIR_PAIR_7AD6741AC042CCF5,STOP_PROBE::ASF::PEREGO_VIA_STATALE_79,STOP_PROBE::ASF::VACCAREZZA_CARTELLO_PAESE,DIR_PAIR_A2B5B4D42E9D2312,COMPLETE_DIRECTED_PAIR_TEST_UNIVERSE_NOT_NETWORK_SELECTION
DIR_PAIR_9A2CCF4A179292CD,STOP_PROBE::ASF::PEREGO_VIA_STATALE_79,STOP_PROBE::FROZEN::100005,DIR_PAIR_45D2191041CB8AD5,COMPLETE_DIRECTED_PAIR_TEST_UNIVERSE_NOT_NETWORK_SELECTION
DIR_PAIR_A01701239A613305,STOP_PROBE::ASF::PEREGO_VIA_STATALE_79,STOP_PROBE::FROZEN::300063,DIR_PAIR_BDDEC9914F4EF5A3,COMPLETE_DIRECTED_PAIR_TEST_UNIVERSE_NOT_NETWORK_SELECTION
DIR_PAIR_4F5CC4DB4A228706,STOP_PROBE::ASF::PEREGO_VIA_STATALE_79,STOP_PROBE::FROZEN::300086,DIR_PAIR_B1BE1A3959756CEC,COMPLETE_DIRECTED_PAIR_TEST_UNIVERSE_NOT_NETWORK_SELECTION
DIR_PAIR_6997C506B8DF30B1,STOP_PROBE::ASF::PEREGO_VIA_STATALE_79,STOP_PROBE::FROZEN::300398,DIR_PAIR_796DBEF45FB5B890,COMPLETE_DIRECTED_PAIR_TEST_UNIVERSE_NOT_NETWORK_SELECTION
DIR_PAIR_1E956BD8932B5723,STOP_PROBE::ASF::PEREGO_VIA_STATALE_79,STOP_PROBE::FROZEN::300487,DIR_PAIR_80F44E8E45CE5E28,COMPLETE_DIRECTED_PAIR_TEST_UNIVERSE_NOT_NETWORK_SELECTION
DIR_PAIR_DA885FBD7039C98C,STOP_PROBE::ASF::PEREGO_VIA_STATALE_79,STOP_PROBE::FROZEN::300527,DIR_PAIR_9A8962246E8D1D16,COMPLETE_DIRECTED_PAIR_TEST_UNIVERSE_NOT_NETWORK_SELECTION
DIR_PAIR_71855E16C8967151,STOP_PROBE::ASF::PEREGO_VIA_STATALE_79,STOP_PROBE::FROZEN::300634,DIR_PAIR_574D784C28B132F3,COMPLETE_DIRECTED_PAIR_TEST_UNIVERSE_NOT_NETWORK_SELECTION
DIR_PAIR_CDB03810CD814887,STOP_PROBE::ASF::PEREGO_VIA_STATALE_79,STOP_PROBE::FROZEN::300743,DIR_PAIR_484210563A87EF72,COMPLETE_DIRECTED_PAIR_TEST_UNIVERSE_NOT_NETWORK_SELECTION
DIR_PAIR_5087A322B8736072,STOP_PROBE::ASF::PEREGO_VIA_STATALE_79,STOP_PROBE::FROZEN::300782,DIR_PAIR_E90826AF03903610,COMPLETE_DIRECTED_PAIR_TEST_UNIVERSE_NOT_NETWORK_SELECTION
DIR_PAIR_E07D4CD526287DBE,STOP_PROBE::ASF::PEREGO_VIA_STATALE_79,STOP_PROBE::FROZEN::300805,DIR_PAIR_3608E7FED2E681D1,COMPLETE_DIRECTED_PAIR_TEST_UNIVERSE_NOT_NETWORK_SELECTION
DIR_PAIR_E38B4D6CC96D2878,STOP_PROBE::ASF::PEREGO_VIA_STATALE_79,STOP_PROBE::FROZEN::300873,DIR_PAIR_0998C0B7691A48F2,COMPLETE_DIRECTED_PAIR_TEST_UNIVERSE_NOT_NETWORK_SELECTION
DIR_PAIR_94BD82D3F5D86970,STOP_PROBE::ASF::PEREGO_VIA_STATALE_79,STOP_PROBE::FROZEN::300879,DIR_PAIR_D5DA3305F83C3782,COMPLETE_DIRECTED_PAIR_TEST_UNIVERSE_NOT_NETWORK_SELECTION
DIR_PAIR_3B0B5EBE38175EA1,STOP_PROBE::ASF::PEREGO_VIA_STATALE_79,STOP_PROBE::FROZEN::300956,DIR_PAIR_E376CED3DD8193AF,COMPLETE_DIRECTED_PAIR_TEST_UNIVERSE_NOT_NETWORK_SELECTION
DIR_PAIR_D7DAA0B76C0DB012,STOP_PROBE::ASF::PEREGO_VIA_STATALE_79,STOP_PROBE::FROZEN::L00407,DIR_PAIR_34FEDA0B8F66EAD0,COMPLETE_DIRECTED_PAIR_TEST_UNIVERSE_NOT_NETWORK_SELECTION
DIR_PAIR_39E23CE37A76ACA7,STOP_PROBE::ASF::PEREGO_VIA_STATALE_79,STOP_PROBE::MANUAL::CALCO_SCAGNELLO,DIR_PAIR_CAD3D227598234B6,COMPLETE_DIRECTED_PAIR_TEST_UNIVERSE_NOT_NETWORK_SELECTION
DIR_PAIR_09A4600AB2F8A960,STOP_PROBE::ASF::PEREGO_VIA_STATALE_79,STOP_PROBE::SPECIAL::CASA_DI_COMUNITA_OLGIATE,DIR_PAIR_C0EF870B0F9533DF,COMPLETE_DIRECTED_PAIR_TEST_UNIVERSE_NOT_NETWORK_SELECTION
DIR_PAIR_81461161CA27362F,STOP_PROBE::ASF::ROVAGNATE_FRAZIONE_ALDUNO,STOP_PROBE::ASF::ARLATE_BIVIO_PER_IL_PAESE,DIR_PAIR_DFECD3D443B569CC,COMPLETE_DIRECTED_PAIR_TEST_UNIVERSE_NOT_NETWORK_SELECTION
DIR_PAIR_67EDE7D0E4F271BB,STOP_PROBE::ASF::ROVAGNATE_FRAZIONE_ALDUNO,STOP_PROBE::ASF::ARLATE_B_VIO_BRIVIO_MADONNINA,DIR_PAIR_FAFDF36CC626EA31,COMPLETE_DIRECTED_PAIR_TEST_UNIVERSE_NOT_NETWORK_SELECTION
DIR_PAIR_B9FCF8BF9F419D7F,STOP_PROBE::ASF::ROVAGNATE_FRAZIONE_ALDUNO,STOP_PROBE::ASF::ARLATE_CANTINA_PIROVANO,DIR_PAIR_1B04FDA901940F04,COMPLETE_DIRECTED_PAIR_TEST_UNIVERSE_NOT_NETWORK_SELECTION
DIR_PAIR_843AC3CF3C2E6454,STOP_PROBE::ASF::ROVAGNATE_FRAZIONE_ALDUNO,STOP_PROBE::ASF::BEVERATE_CARTELLO_PAESE,DIR_PAIR_AACD08BFF132D250,COMPLETE_DIRECTED_PAIR_TEST_UNIVERSE_NOT_NETWORK_SELECTION
DIR_PAIR_2959E572AA2E0692,STOP_PROBE::ASF::ROVAGNATE_FRAZIONE_ALDUNO,STOP_PROBE::ASF::BRIVIO_BAR_CRISTALLO,DIR_PAIR_A048FB28AEFFF620,COMPLETE_DIRECTED_PAIR_TEST_UNIVERSE_NOT_NETWORK_SELECTION
DIR_PAIR_AA5EB19B19EE0D8E,STOP_PROBE::ASF::ROVAGNATE_FRAZIONE_ALDUNO,STOP_PROBE::ASF::BRIVIO_VIA_COMO_PENSILINA,DIR_PAIR_DD5A648935D142EA,COMPLETE_DIRECTED_PAIR_TEST_UNIVERSE_NOT_NETWORK_SELECTION
DIR_PAIR_9AD9475A5E245EFC,STOP_PROBE::ASF::ROVAGNATE_FRAZIONE_ALDUNO,STOP_PROBE::ASF::CALCO_LARGO_POMEA,DIR_PAIR_5A161084DACF2CA2,COMPLETE_DIRECTED_PAIR_TEST_UNIVERSE_NOT_NETWORK_SELECTION
DIR_PAIR_35D63A2AD731CD29,STOP_PROBE::ASF::ROVAGNATE_FRAZIONE_ALDUNO,STOP_PROBE::ASF::CALCO_VIA_GARIBALDI,DIR_PAIR_41DD3500AE8E42CF,COMPLETE_DIRECTED_PAIR_TEST_UNIVERSE_NOT_NETWORK_SELECTION
DIR_PAIR_BFD4461E01E4A4BF,STOP_PROBE::ASF::ROVAGNATE_FRAZIONE_ALDUNO,STOP_PROBE::ASF::IMBERSAGO_LOCALITA_CAZZULINO,DIR_PAIR_E5217290E30DDF14,COMPLETE_DIRECTED_PAIR_TEST_UNIVERSE_NOT_NETWORK_SELECTION
DIR_PAIR_4BB6E857AFD2ED24,STOP_PROBE::ASF::ROVAGNATE_FRAZIONE_ALDUNO,STOP_PROBE::ASF::OLGIATE_MOLGORA_SCARPONE,DIR_PAIR_BAC1E95B751A7674,COMPLETE_DIRECTED_PAIR_TEST_UNIVERSE_NOT_NETWORK_SELECTION
DIR_PAIR_6A34A19C9D4AA3CA,STOP_PROBE::ASF::ROVAGNATE_FRAZIONE_ALDUNO,STOP_PROBE::ASF::OLGIATE_MOLGORA_VIA_DELLA_SALUTE,DIR_PAIR_EE5CA3BF514AE530,COMPLETE_DIRECTED_PAIR_TEST_UNIVERSE_NOT_NETWORK_SELECTION
DIR_PAIR_460BC9A05C57EDFA,STOP_PROBE::ASF::ROVAGNATE_FRAZIONE_ALDUNO,STOP_PROBE::ASF::OLGIATE_MOLGORA_VIA_STATALE,DIR_PAIR_668631F6573FDDC7,COMPLETE_DIRECTED_PAIR_TEST_UNIVERSE_NOT_NETWORK_SELECTION
DIR_PAIR_EE67DF23ADFB9AD9,STOP_PROBE::ASF::ROVAGNATE_FRAZIONE_ALDUNO,STOP_PROBE::ASF::PEREGO_VIA_STATALE_79,DIR_PAIR_BFFECB56D5B0B809,COMPLETE_DIRECTED_PAIR_TEST_UNIVERSE_NOT_NETWORK_SELECTION
DIR_PAIR_C56A5436DDEA3563,STOP_PROBE::ASF::ROVAGNATE_FRAZIONE_ALDUNO,STOP_PROBE::ASF::ROVAGNATE_SS_ANG_V_LOMBARDIA,DIR_PAIR_14431EABC1751A34,COMPLETE_DIRECTED_PAIR_TEST_UNIVERSE_NOT_NETWORK_SELECTION
DIR_PAIR_965AEDD73AAF721F,STOP_PROBE::ASF::ROVAGNATE_FRAZIONE_ALDUNO,STOP_PROBE::ASF::ROVAGNATE_STRADA_STATALE_AGIP,DIR_PAIR_BD25BA14E45B9860,COMPLETE_DIRECTED_PAIR_TEST_UNIVERSE_NOT_NETWORK_SELECTION
DIR_PAIR_200D64E37012DC29,STOP_PROBE::ASF::ROVAGNATE_FRAZIONE_ALDUNO,STOP_PROBE::ASF::SANTA_MARIA_HOE_VIA_COMO,DIR_PAIR_EC58A98A6F28A2B0,COMPLETE_DIRECTED_PAIR_TEST_UNIVERSE_NOT_NETWORK_SELECTION
DIR_PAIR_C84F9341D6573EC7,STOP_PROBE::ASF::ROVAGNATE_FRAZIONE_ALDUNO,STOP_PROBE::ASF::SANTA_MARIA_HOE_VIA_GIOVANNI_XXIII,DIR_PAIR_E0468C12EAA3BBCF,COMPLETE_DIRECTED_PAIR_TEST_UNIVERSE_NOT_NETWORK_SELECTION
DIR_PAIR_D70286602CC5138B,STOP_PROBE::ASF::ROVAGNATE_FRAZIONE_ALDUNO,STOP_PROBE::ASF::S_MARIA_HOE_S_P_58_ANG_VIA_CENISIO,DIR_PAIR_1E6658FBDEE68840,COMPLETE_DIRECTED_PAIR_TEST_UNIVERSE_NOT_NETWORK_SELECTION
DIR_PAIR_87B24AA953279B9D,STOP_PROBE::ASF::ROVAGNATE_FRAZIONE_ALDUNO,STOP_PROBE::ASF::VACCAREZZA_CARTELLO_PAESE,DIR_PAIR_8024B801C18780A0,COMPLETE_DIRECTED_PAIR_TEST_UNIVERSE_NOT_NETWORK_SELECTION
DIR_PAIR_156303E95B42D172,STOP_PROBE::ASF::ROVAGNATE_FRAZIONE_ALDUNO,STOP_PROBE::FROZEN::100005,DIR_PAIR_927D5820F6BEE906,COMPLETE_DIRECTED_PAIR_TEST_UNIVERSE_NOT_NETWORK_SELECTION
DIR_PAIR_10EBEFF70B0D4C95,STOP_PROBE::ASF::ROVAGNATE_FRAZIONE_ALDUNO,STOP_PROBE::FROZEN::300063,DIR_PAIR_D1611A26C404DD0C,COMPLETE_DIRECTED_PAIR_TEST_UNIVERSE_NOT_NETWORK_SELECTION
DIR_PAIR_D739159051AFDDF7,STOP_PROBE::ASF::ROVAGNATE_FRAZIONE_ALDUNO,STOP_PROBE::FROZEN::300086,DIR_PAIR_B9C6C0B360FFD0F7,COMPLETE_DIRECTED_PAIR_TEST_UNIVERSE_NOT_NETWORK_SELECTION
DIR_PAIR_D73E17F664495116,STOP_PROBE::ASF::ROVAGNATE_FRAZIONE_ALDUNO,STOP_PROBE::FROZEN::300398,DIR_PAIR_67D9FBA42DFB63DF,COMPLETE_DIRECTED_PAIR_TEST_UNIVERSE_NOT_NETWORK_SELECTION
DIR_PAIR_BCBEEF0710905202,STOP_PROBE::ASF::ROVAGNATE_FRAZIONE_ALDUNO,STOP_PROBE::FROZEN::300487,DIR_PAIR_44F1E06265D6E133,COMPLETE_DIRECTED_PAIR_TEST_UNIVERSE_NOT_NETWORK_SELECTION
DIR_PAIR_6FB6D839FB84C13E,STOP_PROBE::ASF::ROVAGNATE_FRAZIONE_ALDUNO,STOP_PROBE::FROZEN::300527,DIR_PAIR_7E5594ABE633FF5F,COMPLETE_DIRECTED_PAIR_TEST_UNIVERSE_NOT_NETWORK_SELECTION
DIR_PAIR_4FE6553D2EF1525A,STOP_PROBE::ASF::ROVAGNATE_FRAZIONE_ALDUNO,STOP_PROBE::FROZEN::300634,DIR_PAIR_F556C9CA58573970,COMPLETE_DIRECTED_PAIR_TEST_UNIVERSE_NOT_NETWORK_SELECTION
DIR_PAIR_0E34823FD1AD2A4C,STOP_PROBE::ASF::ROVAGNATE_FRAZIONE_ALDUNO,STOP_PROBE::FROZEN::300743,DIR_PAIR_92F086BE192D3295,COMPLETE_DIRECTED_PAIR_TEST_UNIVERSE_NOT_NETWORK_SELECTION
DIR_PAIR_E9DB79F0FE13F3EA,STOP_PROBE::ASF::ROVAGNATE_FRAZIONE_ALDUNO,STOP_PROBE::FROZEN::300782,DIR_PAIR_9CE78086C8D7071F,COMPLETE_DIRECTED_PAIR_TEST_UNIVERSE_NOT_NETWORK_SELECTION
DIR_PAIR_5C6FBF92907CA588,STOP_PROBE::ASF::ROVAGNATE_FRAZIONE_ALDUNO,STOP_PROBE::FROZEN::300805,DIR_PAIR_B4CA1B6186CB25E1,COMPLETE_DIRECTED_PAIR_TEST_UNIVERSE_NOT_NETWORK_SELECTION
DIR_PAIR_665EB1052B417D06,STOP_PROBE::ASF::ROVAGNATE_FRAZIONE_ALDUNO,STOP_PROBE::FROZEN::300873,DIR_PAIR_9F23A822FDC0730C,COMPLETE_DIRECTED_PAIR_TEST_UNIVERSE_NOT_NETWORK_SELECTION
DIR_PAIR_BE59E678E24C7FBE,STOP_PROBE::ASF::ROVAGNATE_FRAZIONE_ALDUNO,STOP_PROBE::FROZEN::300879,DIR_PAIR_C638D7079666125F,COMPLETE_DIRECTED_PAIR_TEST_UNIVERSE_NOT_NETWORK_SELECTION
DIR_PAIR_DD52B63F5D093019,STOP_PROBE::ASF::ROVAGNATE_FRAZIONE_ALDUNO,STOP_PROBE::FROZEN::300956,DIR_PAIR_2263003ADA70FA24,COMPLETE_DIRECTED_PAIR_TEST_UNIVERSE_NOT_NETWORK_SELECTION
DIR_PAIR_92870DBC220273BE,STOP_PROBE::ASF::ROVAGNATE_FRAZIONE_ALDUNO,STOP_PROBE::FROZEN::L00407,DIR_PAIR_29BFAA1B21731FC8,COMPLETE_DIRECTED_PAIR_TEST_UNIVERSE_NOT_NETWORK_SELECTION
DIR_PAIR_870ECC6977D72A2D,STOP_PROBE::ASF::ROVAGNATE_FRAZIONE_ALDUNO,STOP_PROBE::MANUAL::CALCO_SCAGNELLO,DIR_PAIR_D8ACB014942BAD05,COMPLETE_DIRECTED_PAIR_TEST_UNIVERSE_NOT_NETWORK_SELECTION
DIR_PAIR_A0AC65F6CBF3C8D7,STOP_PROBE::ASF::ROVAGNATE_FRAZIONE_ALDUNO,STOP_PROBE::SPECIAL::CASA_DI_COMUNITA_OLGIATE,DIR_PAIR_72F153B24D00819C,COMPLETE_DIRECTED_PAIR_TEST_UNIVERSE_NOT_NETWORK_SELECTION
DIR_PAIR_F8F2F73CD4DC2F35,STOP_PROBE::ASF::ROVAGNATE_SS_ANG_V_LOMBARDIA,STOP_PROBE::ASF::ARLATE_BIVIO_PER_IL_PAESE,DIR_PAIR_197A2E0B7FCE29C4,COMPLETE_DIRECTED_PAIR_TEST_UNIVERSE_NOT_NETWORK_SELECTION
DIR_PAIR_6CAC19AD0203A0A9,STOP_PROBE::ASF::ROVAGNATE_SS_ANG_V_LOMBARDIA,STOP_PROBE::ASF::ARLATE_B_VIO_BRIVIO_MADONNINA,DIR_PAIR_163C24B8A1D15D27,COMPLETE_DIRECTED_PAIR_TEST_UNIVERSE_NOT_NETWORK_SELECTION
DIR_PAIR_66922DDA9E229313,STOP_PROBE::ASF::ROVAGNATE_SS_ANG_V_LOMBARDIA,STOP_PROBE::ASF::ARLATE_CANTINA_PIROVANO,DIR_PAIR_6C25C82A819B8E27,COMPLETE_DIRECTED_PAIR_TEST_UNIVERSE_NOT_NETWORK_SELECTION
DIR_PAIR_4025428B98174549,STOP_PROBE::ASF::ROVAGNATE_SS_ANG_V_LOMBARDIA,STOP_PROBE::ASF::BEVERATE_CARTELLO_PAESE,DIR_PAIR_76AAB15ACACA6831,COMPLETE_DIRECTED_PAIR_TEST_UNIVERSE_NOT_NETWORK_SELECTION
DIR_PAIR_08323EA38266180F,STOP_PROBE::ASF::ROVAGNATE_SS_ANG_V_LOMBARDIA,STOP_PROBE::ASF::BRIVIO_BAR_CRISTALLO,DIR_PAIR_3C49E8D5E058D30D,COMPLETE_DIRECTED_PAIR_TEST_UNIVERSE_NOT_NETWORK_SELECTION
DIR_PAIR_FAC69316F336A10B,STOP_PROBE::ASF::ROVAGNATE_SS_ANG_V_LOMBARDIA,STOP_PROBE::ASF::BRIVIO_VIA_COMO_PENSILINA,DIR_PAIR_C3EBE2BB5E6C1518,COMPLETE_DIRECTED_PAIR_TEST_UNIVERSE_NOT_NETWORK_SELECTION
DIR_PAIR_156F370F65F5B065,STOP_PROBE::ASF::ROVAGNATE_SS_ANG_V_LOMBARDIA,STOP_PROBE::ASF::CALCO_LARGO_POMEA,DIR_PAIR_65B33CF35A4D9F47,COMPLETE_DIRECTED_PAIR_TEST_UNIVERSE_NOT_NETWORK_SELECTION
DIR_PAIR_43BB921322C64017,STOP_PROBE::ASF::ROVAGNATE_SS_ANG_V_LOMBARDIA,STOP_PROBE::ASF::CALCO_VIA_GARIBALDI,DIR_PAIR_55F5711763FE9F0F,COMPLETE_DIRECTED_PAIR_TEST_UNIVERSE_NOT_NETWORK_SELECTION
DIR_PAIR_91E6B32C6F3D614C,STOP_PROBE::ASF::ROVAGNATE_SS_ANG_V_LOMBARDIA,STOP_PROBE::ASF::IMBERSAGO_LOCALITA_CAZZULINO,DIR_PAIR_1D103ABED734D7CB,COMPLETE_DIRECTED_PAIR_TEST_UNIVERSE_NOT_NETWORK_SELECTION
DIR_PAIR_9C25567A7545F4C8,STOP_PROBE::ASF::ROVAGNATE_SS_ANG_V_LOMBARDIA,STOP_PROBE::ASF::OLGIATE_MOLGORA_SCARPONE,DIR_PAIR_ACB59C777CB3DBC6,COMPLETE_DIRECTED_PAIR_TEST_UNIVERSE_NOT_NETWORK_SELECTION
DIR_PAIR_6CE2309A391DBBCC,STOP_PROBE::ASF::ROVAGNATE_SS_ANG_V_LOMBARDIA,STOP_PROBE::ASF::OLGIATE_MOLGORA_VIA_DELLA_SALUTE,DIR_PAIR_9568D708CD262A3F,COMPLETE_DIRECTED_PAIR_TEST_UNIVERSE_NOT_NETWORK_SELECTION
DIR_PAIR_AB66232198F04556,STOP_PROBE::ASF::ROVAGNATE_SS_ANG_V_LOMBARDIA,STOP_PROBE::ASF::OLGIATE_MOLGORA_VIA_STATALE,DIR_PAIR_CA3685349D06A8A3,COMPLETE_DIRECTED_PAIR_TEST_UNIVERSE_NOT_NETWORK_SELECTION
DIR_PAIR_A5328CF8CE176920,STOP_PROBE::ASF::ROVAGNATE_SS_ANG_V_LOMBARDIA,STOP_PROBE::ASF::PEREGO_VIA_STATALE_79,DIR_PAIR_4F600077C1D3212D,COMPLETE_DIRECTED_PAIR_TEST_UNIVERSE_NOT_NETWORK_SELECTION
DIR_PAIR_14431EABC1751A34,STOP_PROBE::ASF::ROVAGNATE_SS_ANG_V_LOMBARDIA,STOP_PROBE::ASF::ROVAGNATE_FRAZIONE_ALDUNO,DIR_PAIR_C56A5436DDEA3563,COMPLETE_DIRECTED_PAIR_TEST_UNIVERSE_NOT_NETWORK_SELECTION
DIR_PAIR_42142F15068AC78C,STOP_PROBE::ASF::ROVAGNATE_SS_ANG_V_LOMBARDIA,STOP_PROBE::ASF::ROVAGNATE_STRADA_STATALE_AGIP,DIR_PAIR_7D22AC82435DFD2D,COMPLETE_DIRECTED_PAIR_TEST_UNIVERSE_NOT_NETWORK_SELECTION
DIR_PAIR_9EAF7CD91FD06927,STOP_PROBE::ASF::ROVAGNATE_SS_ANG_V_LOMBARDIA,STOP_PROBE::ASF::SANTA_MARIA_HOE_VIA_COMO,DIR_PAIR_0E7CE6BE4B5175CC,COMPLETE_DIRECTED_PAIR_TEST_UNIVERSE_NOT_NETWORK_SELECTION
DIR_PAIR_2DF5C35841C317E8,STOP_PROBE::ASF::ROVAGNATE_SS_ANG_V_LOMBARDIA,STOP_PROBE::ASF::SANTA_MARIA_HOE_VIA_GIOVANNI_XXIII,DIR_PAIR_552918465A3940C4,COMPLETE_DIRECTED_PAIR_TEST_UNIVERSE_NOT_NETWORK_SELECTION
DIR_PAIR_64BCC4CAEFDE0C8B,STOP_PROBE::ASF::ROVAGNATE_SS_ANG_V_LOMBARDIA,STOP_PROBE::ASF::S_MARIA_HOE_S_P_58_ANG_VIA_CENISIO,DIR_PAIR_072D4212107A27BC,COMPLETE_DIRECTED_PAIR_TEST_UNIVERSE_NOT_NETWORK_SELECTION
DIR_PAIR_DEA977C0FC30AC62,STOP_PROBE::ASF::ROVAGNATE_SS_ANG_V_LOMBARDIA,STOP_PROBE::ASF::VACCAREZZA_CARTELLO_PAESE,DIR_PAIR_D11FA0C10F00322D,COMPLETE_DIRECTED_PAIR_TEST_UNIVERSE_NOT_NETWORK_SELECTION
DIR_PAIR_6CDA33F32B451672,STOP_PROBE::ASF::ROVAGNATE_SS_ANG_V_LOMBARDIA,STOP_PROBE::FROZEN::100005,DIR_PAIR_C155B061F737050C,COMPLETE_DIRECTED_PAIR_TEST_UNIVERSE_NOT_NETWORK_SELECTION
DIR_PAIR_A5AAE197BE74E529,STOP_PROBE::ASF::ROVAGNATE_SS_ANG_V_LOMBARDIA,STOP_PROBE::FROZEN::300063,DIR_PAIR_77F2AB5740B1F9B0,COMPLETE_DIRECTED_PAIR_TEST_UNIVERSE_NOT_NETWORK_SELECTION
DIR_PAIR_580B016A776EC4E4,STOP_PROBE::ASF::ROVAGNATE_SS_ANG_V_LOMBARDIA,STOP_PROBE::FROZEN::300086,DIR_PAIR_AB22002042DBF1B8,COMPLETE_DIRECTED_PAIR_TEST_UNIVERSE_NOT_NETWORK_SELECTION
DIR_PAIR_BB6E8C1D0DF429BE,STOP_PROBE::ASF::ROVAGNATE_SS_ANG_V_LOMBARDIA,STOP_PROBE::FROZEN::300398,DIR_PAIR_1B1586FCB34F8E0A,COMPLETE_DIRECTED_PAIR_TEST_UNIVERSE_NOT_NETWORK_SELECTION
DIR_PAIR_967A7D3CAD43D81D,STOP_PROBE::ASF::ROVAGNATE_SS_ANG_V_LOMBARDIA,STOP_PROBE::FROZEN::300487,DIR_PAIR_734D60C69DEEA11F,COMPLETE_DIRECTED_PAIR_TEST_UNIVERSE_NOT_NETWORK_SELECTION
DIR_PAIR_C66EE7CA6EC4F777,STOP_PROBE::ASF::ROVAGNATE_SS_ANG_V_LOMBARDIA,STOP_PROBE::FROZEN::300527,DIR_PAIR_3A29182FAE9981B4,COMPLETE_DIRECTED_PAIR_TEST_UNIVERSE_NOT_NETWORK_SELECTION
DIR_PAIR_5D6FABD9AA4FAAE4,STOP_PROBE::ASF::ROVAGNATE_SS_ANG_V_LOMBARDIA,STOP_PROBE::FROZEN::300634,DIR_PAIR_D829268ABC896455,COMPLETE_DIRECTED_PAIR_TEST_UNIVERSE_NOT_NETWORK_SELECTION
DIR_PAIR_17A6044983F0B970,STOP_PROBE::ASF::ROVAGNATE_SS_ANG_V_LOMBARDIA,STOP_PROBE::FROZEN::300743,DIR_PAIR_CDFB699DAA45B078,COMPLETE_DIRECTED_PAIR_TEST_UNIVERSE_NOT_NETWORK_SELECTION
DIR_PAIR_4AD998B0A451736A,STOP_PROBE::ASF::ROVAGNATE_SS_ANG_V_LOMBARDIA,STOP_PROBE::FROZEN::300782,DIR_PAIR_0D5A4EDA21FAC75E,COMPLETE_DIRECTED_PAIR_TEST_UNIVERSE_NOT_NETWORK_SELECTION
DIR_PAIR_D6DB4609946A09D2,STOP_PROBE::ASF::ROVAGNATE_SS_ANG_V_LOMBARDIA,STOP_PROBE::FROZEN::300805,DIR_PAIR_B2C14C105D31AC9D,COMPLETE_DIRECTED_PAIR_TEST_UNIVERSE_NOT_NETWORK_SELECTION
DIR_PAIR_5F07A925FB86E6BC,STOP_PROBE::ASF::ROVAGNATE_SS_ANG_V_LOMBARDIA,STOP_PROBE::FROZEN::300873,DIR_PAIR_FB9FCD6B189CC108,COMPLETE_DIRECTED_PAIR_TEST_UNIVERSE_NOT_NETWORK_SELECTION
DIR_PAIR_36EC1654CF22CE5C,STOP_PROBE::ASF::ROVAGNATE_SS_ANG_V_LOMBARDIA,STOP_PROBE::FROZEN::300879,DIR_PAIR_471ECF6301B19556,COMPLETE_DIRECTED_PAIR_TEST_UNIVERSE_NOT_NETWORK_SELECTION
DIR_PAIR_0F80CD2D945E4295,STOP_PROBE::ASF::ROVAGNATE_SS_ANG_V_LOMBARDIA,STOP_PROBE::FROZEN::300956,DIR_PAIR_53A6C5F10EB46A32,COMPLETE_DIRECTED_PAIR_TEST_UNIVERSE_NOT_NETWORK_SELECTION
DIR_PAIR_687F652A14AFD735,STOP_PROBE::ASF::ROVAGNATE_SS_ANG_V_LOMBARDIA,STOP_PROBE::FROZEN::L00407,DIR_PAIR_9A91137A97E242E1,COMPLETE_DIRECTED_PAIR_TEST_UNIVERSE_NOT_NETWORK_SELECTION
DIR_PAIR_98BF4C933E625A42,STOP_PROBE::ASF::ROVAGNATE_SS_ANG_V_LOMBARDIA,STOP_PROBE::MANUAL::CALCO_SCAGNELLO,DIR_PAIR_E0626DC1B11C9D19,COMPLETE_DIRECTED_PAIR_TEST_UNIVERSE_NOT_NETWORK_SELECTION
DIR_PAIR_49FC238F98BF46FD,STOP_PROBE::ASF::ROVAGNATE_SS_ANG_V_LOMBARDIA,STOP_PROBE::SPECIAL::CASA_DI_COMUNITA_OLGIATE,DIR_PAIR_B1F0F1B175E3DD30,COMPLETE_DIRECTED_PAIR_TEST_UNIVERSE_NOT_NETWORK_SELECTION
DIR_PAIR_66F1DD9BE51EAC53,STOP_PROBE::ASF::ROVAGNATE_STRADA_STATALE_AGIP,STOP_PROBE::ASF::ARLATE_BIVIO_PER_IL_PAESE,DIR_PAIR_09D538872371A36C,COMPLETE_DIRECTED_PAIR_TEST_UNIVERSE_NOT_NETWORK_SELECTION
DIR_PAIR_B719E91390793D34,STOP_PROBE::ASF::ROVAGNATE_STRADA_STATALE_AGIP,STOP_PROBE::ASF::ARLATE_B_VIO_BRIVIO_MADONNINA,DIR_PAIR_869346E830DA161D,COMPLETE_DIRECTED_PAIR_TEST_UNIVERSE_NOT_NETWORK_SELECTION
DIR_PAIR_E34AF7D4F6FE224F,STOP_PROBE::ASF::ROVAGNATE_STRADA_STATALE_AGIP,STOP_PROBE::ASF::ARLATE_CANTINA_PIROVANO,DIR_PAIR_7D16EC9B7BD31905,COMPLETE_DIRECTED_PAIR_TEST_UNIVERSE_NOT_NETWORK_SELECTION
DIR_PAIR_2BF1A03BB34140B1,STOP_PROBE::ASF::ROVAGNATE_STRADA_STATALE_AGIP,STOP_PROBE::ASF::BEVERATE_CARTELLO_PAESE,DIR_PAIR_3DE0F92E6390D62F,COMPLETE_DIRECTED_PAIR_TEST_UNIVERSE_NOT_NETWORK_SELECTION
DIR_PAIR_916C2779A674D451,STOP_PROBE::ASF::ROVAGNATE_STRADA_STATALE_AGIP,STOP_PROBE::ASF::BRIVIO_BAR_CRISTALLO,DIR_PAIR_A1F610467218DC2A,COMPLETE_DIRECTED_PAIR_TEST_UNIVERSE_NOT_NETWORK_SELECTION
DIR_PAIR_8D08540A3B3DDFBA,STOP_PROBE::ASF::ROVAGNATE_STRADA_STATALE_AGIP,STOP_PROBE::ASF::BRIVIO_VIA_COMO_PENSILINA,DIR_PAIR_9E9341BB700EFFDB,COMPLETE_DIRECTED_PAIR_TEST_UNIVERSE_NOT_NETWORK_SELECTION
DIR_PAIR_A07750BFF2FE9BC6,STOP_PROBE::ASF::ROVAGNATE_STRADA_STATALE_AGIP,STOP_PROBE::ASF::CALCO_LARGO_POMEA,DIR_PAIR_C77FDB2F98E9C560,COMPLETE_DIRECTED_PAIR_TEST_UNIVERSE_NOT_NETWORK_SELECTION
DIR_PAIR_3C13B9A4B64F7E3A,STOP_PROBE::ASF::ROVAGNATE_STRADA_STATALE_AGIP,STOP_PROBE::ASF::CALCO_VIA_GARIBALDI,DIR_PAIR_518BA5AB9D253A65,COMPLETE_DIRECTED_PAIR_TEST_UNIVERSE_NOT_NETWORK_SELECTION
DIR_PAIR_BCBFA8809DB9DA01,STOP_PROBE::ASF::ROVAGNATE_STRADA_STATALE_AGIP,STOP_PROBE::ASF::IMBERSAGO_LOCALITA_CAZZULINO,DIR_PAIR_55769F4326CE21FA,COMPLETE_DIRECTED_PAIR_TEST_UNIVERSE_NOT_NETWORK_SELECTION
DIR_PAIR_8B9509CD9742AA3A,STOP_PROBE::ASF::ROVAGNATE_STRADA_STATALE_AGIP,STOP_PROBE::ASF::OLGIATE_MOLGORA_SCARPONE,DIR_PAIR_4F6C729AAD7F4612,COMPLETE_DIRECTED_PAIR_TEST_UNIVERSE_NOT_NETWORK_SELECTION
DIR_PAIR_381612510D2C3587,STOP_PROBE::ASF::ROVAGNATE_STRADA_STATALE_AGIP,STOP_PROBE::ASF::OLGIATE_MOLGORA_VIA_DELLA_SALUTE,DIR_PAIR_554356B1825343FA,COMPLETE_DIRECTED_PAIR_TEST_UNIVERSE_NOT_NETWORK_SELECTION
DIR_PAIR_80EE59E547C6C53D,STOP_PROBE::ASF::ROVAGNATE_STRADA_STATALE_AGIP,STOP_PROBE::ASF::OLGIATE_MOLGORA_VIA_STATALE,DIR_PAIR_B00704D5B31ACB6C,COMPLETE_DIRECTED_PAIR_TEST_UNIVERSE_NOT_NETWORK_SELECTION
DIR_PAIR_566972D158B5F431,STOP_PROBE::ASF::ROVAGNATE_STRADA_STATALE_AGIP,STOP_PROBE::ASF::PEREGO_VIA_STATALE_79,DIR_PAIR_995C05916869A466,COMPLETE_DIRECTED_PAIR_TEST_UNIVERSE_NOT_NETWORK_SELECTION
DIR_PAIR_BD25BA14E45B9860,STOP_PROBE::ASF::ROVAGNATE_STRADA_STATALE_AGIP,STOP_PROBE::ASF::ROVAGNATE_FRAZIONE_ALDUNO,DIR_PAIR_965AEDD73AAF721F,COMPLETE_DIRECTED_PAIR_TEST_UNIVERSE_NOT_NETWORK_SELECTION
DIR_PAIR_7D22AC82435DFD2D,STOP_PROBE::ASF::ROVAGNATE_STRADA_STATALE_AGIP,STOP_PROBE::ASF::ROVAGNATE_SS_ANG_V_LOMBARDIA,DIR_PAIR_42142F15068AC78C,COMPLETE_DIRECTED_PAIR_TEST_UNIVERSE_NOT_NETWORK_SELECTION
DIR_PAIR_7BC662561C3FF860,STOP_PROBE::ASF::ROVAGNATE_STRADA_STATALE_AGIP,STOP_PROBE::ASF::SANTA_MARIA_HOE_VIA_COMO,DIR_PAIR_A8F673B75445F275,COMPLETE_DIRECTED_PAIR_TEST_UNIVERSE_NOT_NETWORK_SELECTION
DIR_PAIR_18AEAECE135144EB,STOP_PROBE::ASF::ROVAGNATE_STRADA_STATALE_AGIP,STOP_PROBE::ASF::SANTA_MARIA_HOE_VIA_GIOVANNI_XXIII,DIR_PAIR_29AD10288E3A47FF,COMPLETE_DIRECTED_PAIR_TEST_UNIVERSE_NOT_NETWORK_SELECTION
DIR_PAIR_EF43D4D82ABD2EC4,STOP_PROBE::ASF::ROVAGNATE_STRADA_STATALE_AGIP,STOP_PROBE::ASF::S_MARIA_HOE_S_P_58_ANG_VIA_CENISIO,DIR_PAIR_C935C4421BC79AB2,COMPLETE_DIRECTED_PAIR_TEST_UNIVERSE_NOT_NETWORK_SELECTION
DIR_PAIR_26759B9811EDFE6D,STOP_PROBE::ASF::ROVAGNATE_STRADA_STATALE_AGIP,STOP_PROBE::ASF::VACCAREZZA_CARTELLO_PAESE,DIR_PAIR_4BD92528EE0E2B3A,COMPLETE_DIRECTED_PAIR_TEST_UNIVERSE_NOT_NETWORK_SELECTION
DIR_PAIR_3D72438EB121BAF0,STOP_PROBE::ASF::ROVAGNATE_STRADA_STATALE_AGIP,STOP_PROBE::FROZEN::100005,DIR_PAIR_5B4DD29FE7DCEF0C,COMPLETE_DIRECTED_PAIR_TEST_UNIVERSE_NOT_NETWORK_SELECTION
DIR_PAIR_B9E95655FDD7105C,STOP_PROBE::ASF::ROVAGNATE_STRADA_STATALE_AGIP,STOP_PROBE::FROZEN::300063,DIR_PAIR_C4C170955358B5F5,COMPLETE_DIRECTED_PAIR_TEST_UNIVERSE_NOT_NETWORK_SELECTION
DIR_PAIR_1383B9CE584A6794,STOP_PROBE::ASF::ROVAGNATE_STRADA_STATALE_AGIP,STOP_PROBE::FROZEN::300086,DIR_PAIR_519355B6D2F54683,COMPLETE_DIRECTED_PAIR_TEST_UNIVERSE_NOT_NETWORK_SELECTION
DIR_PAIR_418B30DC99EE260F,STOP_PROBE::ASF::ROVAGNATE_STRADA_STATALE_AGIP,STOP_PROBE::FROZEN::300398,DIR_PAIR_9A52A7AE7575E503,COMPLETE_DIRECTED_PAIR_TEST_UNIVERSE_NOT_NETWORK_SELECTION
DIR_PAIR_CCB53E2B5EEC0E16,STOP_PROBE::ASF::ROVAGNATE_STRADA_STATALE_AGIP,STOP_PROBE::FROZEN::300487,DIR_PAIR_F2E71EC8B3D0F842,COMPLETE_DIRECTED_PAIR_TEST_UNIVERSE_NOT_NETWORK_SELECTION
DIR_PAIR_813C847A9D1D5197,STOP_PROBE::ASF::ROVAGNATE_STRADA_STATALE_AGIP,STOP_PROBE::FROZEN::300527,DIR_PAIR_D5884A56C37FE764,COMPLETE_DIRECTED_PAIR_TEST_UNIVERSE_NOT_NETWORK_SELECTION
DIR_PAIR_15E16EEA058C4C1E,STOP_PROBE::ASF::ROVAGNATE_STRADA_STATALE_AGIP,STOP_PROBE::FROZEN::300634,DIR_PAIR_4B3BABA0FE966F9F,COMPLETE_DIRECTED_PAIR_TEST_UNIVERSE_NOT_NETWORK_SELECTION
DIR_PAIR_BF493C98C4FB5845,STOP_PROBE::ASF::ROVAGNATE_STRADA_STATALE_AGIP,STOP_PROBE::FROZEN::300743,DIR_PAIR_88231F5387FBE700,COMPLETE_DIRECTED_PAIR_TEST_UNIVERSE_NOT_NETWORK_SELECTION
DIR_PAIR_4130BD49AB2FF004,STOP_PROBE::ASF::ROVAGNATE_STRADA_STATALE_AGIP,STOP_PROBE::FROZEN::300782,DIR_PAIR_074BE4FC725DCE4B,COMPLETE_DIRECTED_PAIR_TEST_UNIVERSE_NOT_NETWORK_SELECTION
DIR_PAIR_4E52494121896B72,STOP_PROBE::ASF::ROVAGNATE_STRADA_STATALE_AGIP,STOP_PROBE::FROZEN::300805,DIR_PAIR_00B3746CF5F93105,COMPLETE_DIRECTED_PAIR_TEST_UNIVERSE_NOT_NETWORK_SELECTION
DIR_PAIR_A97DB3B7818211F2,STOP_PROBE::ASF::ROVAGNATE_STRADA_STATALE_AGIP,STOP_PROBE::FROZEN::300873,DIR_PAIR_387D8EBA21C51A68,COMPLETE_DIRECTED_PAIR_TEST_UNIVERSE_NOT_NETWORK_SELECTION
DIR_PAIR_BB8226930123FDE7,STOP_PROBE::ASF::ROVAGNATE_STRADA_STATALE_AGIP,STOP_PROBE::FROZEN::300879,DIR_PAIR_553EE63341403A8F,COMPLETE_DIRECTED_PAIR_TEST_UNIVERSE_NOT_NETWORK_SELECTION
DIR_PAIR_988955C2CDED0DAC,STOP_PROBE::ASF::ROVAGNATE_STRADA_STATALE_AGIP,STOP_PROBE::FROZEN::300956,DIR_PAIR_1812C2A50D1146CE,COMPLETE_DIRECTED_PAIR_TEST_UNIVERSE_NOT_NETWORK_SELECTION
DIR_PAIR_7E9C21913A4E7A24,STOP_PROBE::ASF::ROVAGNATE_STRADA_STATALE_AGIP,STOP_PROBE::FROZEN::L00407,DIR_PAIR_CD91EC20F0734923,COMPLETE_DIRECTED_PAIR_TEST_UNIVERSE_NOT_NETWORK_SELECTION
DIR_PAIR_344BE720F1EBE4B1,STOP_PROBE::ASF::ROVAGNATE_STRADA_STATALE_AGIP,STOP_PROBE::MANUAL::CALCO_SCAGNELLO,DIR_PAIR_D34AEF1C7D7C1A70,COMPLETE_DIRECTED_PAIR_TEST_UNIVERSE_NOT_NETWORK_SELECTION
DIR_PAIR_C4A1D23A8A9FEAAD,STOP_PROBE::ASF::ROVAGNATE_STRADA_STATALE_AGIP,STOP_PROBE::SPECIAL::CASA_DI_COMUNITA_OLGIATE,DIR_PAIR_5CB7974E6492148C,COMPLETE_DIRECTED_PAIR_TEST_UNIVERSE_NOT_NETWORK_SELECTION
DIR_PAIR_172F2A807CA86BF7,STOP_PROBE::ASF::SANTA_MARIA_HOE_VIA_COMO,STOP_PROBE::ASF::ARLATE_BIVIO_PER_IL_PAESE,DIR_PAIR_F20A46D0EAC2A735,COMPLETE_DIRECTED_PAIR_TEST_UNIVERSE_NOT_NETWORK_SELECTION
DIR_PAIR_9516DDD81423216B,STOP_PROBE::ASF::SANTA_MARIA_HOE_VIA_COMO,STOP_PROBE::ASF::ARLATE_B_VIO_BRIVIO_MADONNINA,DIR_PAIR_75016654A1A8E006,COMPLETE_DIRECTED_PAIR_TEST_UNIVERSE_NOT_NETWORK_SELECTION
DIR_PAIR_6DB5DA4CC20190BA,STOP_PROBE::ASF::SANTA_MARIA_HOE_VIA_COMO,STOP_PROBE::ASF::ARLATE_CANTINA_PIROVANO,DIR_PAIR_C7164F4CB5E01E09,COMPLETE_DIRECTED_PAIR_TEST_UNIVERSE_NOT_NETWORK_SELECTION
DIR_PAIR_3B8CBA6BF5296F2C,STOP_PROBE::ASF::SANTA_MARIA_HOE_VIA_COMO,STOP_PROBE::ASF::BEVERATE_CARTELLO_PAESE,DIR_PAIR_594039DF40F81950,COMPLETE_DIRECTED_PAIR_TEST_UNIVERSE_NOT_NETWORK_SELECTION
DIR_PAIR_4102EFB0F5C5A8E7,STOP_PROBE::ASF::SANTA_MARIA_HOE_VIA_COMO,STOP_PROBE::ASF::BRIVIO_BAR_CRISTALLO,DIR_PAIR_6A8CA5A3F586A7E9,COMPLETE_DIRECTED_PAIR_TEST_UNIVERSE_NOT_NETWORK_SELECTION
DIR_PAIR_AD397AE5E650E2D2,STOP_PROBE::ASF::SANTA_MARIA_HOE_VIA_COMO,STOP_PROBE::ASF::BRIVIO_VIA_COMO_PENSILINA,DIR_PAIR_D2623348F7CDB99B,COMPLETE_DIRECTED_PAIR_TEST_UNIVERSE_NOT_NETWORK_SELECTION
DIR_PAIR_1CE18C22EA6195EE,STOP_PROBE::ASF::SANTA_MARIA_HOE_VIA_COMO,STOP_PROBE::ASF::CALCO_LARGO_POMEA,DIR_PAIR_53620D7C91CDCBBF,COMPLETE_DIRECTED_PAIR_TEST_UNIVERSE_NOT_NETWORK_SELECTION
DIR_PAIR_A53D8C04049E2F5F,STOP_PROBE::ASF::SANTA_MARIA_HOE_VIA_COMO,STOP_PROBE::ASF::CALCO_VIA_GARIBALDI,DIR_PAIR_9894F5EFDB23C52A,COMPLETE_DIRECTED_PAIR_TEST_UNIVERSE_NOT_NETWORK_SELECTION
DIR_PAIR_DF4089255FADB441,STOP_PROBE::ASF::SANTA_MARIA_HOE_VIA_COMO,STOP_PROBE::ASF::IMBERSAGO_LOCALITA_CAZZULINO,DIR_PAIR_EB387DF606D0DAD0,COMPLETE_DIRECTED_PAIR_TEST_UNIVERSE_NOT_NETWORK_SELECTION
DIR_PAIR_5D8CB1316C0B024B,STOP_PROBE::ASF::SANTA_MARIA_HOE_VIA_COMO,STOP_PROBE::ASF::OLGIATE_MOLGORA_SCARPONE,DIR_PAIR_9B658C65D250DF81,COMPLETE_DIRECTED_PAIR_TEST_UNIVERSE_NOT_NETWORK_SELECTION
DIR_PAIR_08CE79C8DBC820C1,STOP_PROBE::ASF::SANTA_MARIA_HOE_VIA_COMO,STOP_PROBE::ASF::OLGIATE_MOLGORA_VIA_DELLA_SALUTE,DIR_PAIR_59638A42EB12DC6E,COMPLETE_DIRECTED_PAIR_TEST_UNIVERSE_NOT_NETWORK_SELECTION
DIR_PAIR_5EAC725FE5C85C8C,STOP_PROBE::ASF::SANTA_MARIA_HOE_VIA_COMO,STOP_PROBE::ASF::OLGIATE_MOLGORA_VIA_STATALE,DIR_PAIR_C78CF7F569C0D5BE,COMPLETE_DIRECTED_PAIR_TEST_UNIVERSE_NOT_NETWORK_SELECTION
DIR_PAIR_0AF71B3DE45993D7,STOP_PROBE::ASF::SANTA_MARIA_HOE_VIA_COMO,STOP_PROBE::ASF::PEREGO_VIA_STATALE_79,DIR_PAIR_394B6FA6A6C80A1A,COMPLETE_DIRECTED_PAIR_TEST_UNIVERSE_NOT_NETWORK_SELECTION
DIR_PAIR_EC58A98A6F28A2B0,STOP_PROBE::ASF::SANTA_MARIA_HOE_VIA_COMO,STOP_PROBE::ASF::ROVAGNATE_FRAZIONE_ALDUNO,DIR_PAIR_200D64E37012DC29,COMPLETE_DIRECTED_PAIR_TEST_UNIVERSE_NOT_NETWORK_SELECTION
DIR_PAIR_0E7CE6BE4B5175CC,STOP_PROBE::ASF::SANTA_MARIA_HOE_VIA_COMO,STOP_PROBE::ASF::ROVAGNATE_SS_ANG_V_LOMBARDIA,DIR_PAIR_9EAF7CD91FD06927,COMPLETE_DIRECTED_PAIR_TEST_UNIVERSE_NOT_NETWORK_SELECTION
DIR_PAIR_A8F673B75445F275,STOP_PROBE::ASF::SANTA_MARIA_HOE_VIA_COMO,STOP_PROBE::ASF::ROVAGNATE_STRADA_STATALE_AGIP,DIR_PAIR_7BC662561C3FF860,COMPLETE_DIRECTED_PAIR_TEST_UNIVERSE_NOT_NETWORK_SELECTION
DIR_PAIR_07E682284785529E,STOP_PROBE::ASF::SANTA_MARIA_HOE_VIA_COMO,STOP_PROBE::ASF::SANTA_MARIA_HOE_VIA_GIOVANNI_XXIII,DIR_PAIR_24242C7BA12E97A7,COMPLETE_DIRECTED_PAIR_TEST_UNIVERSE_NOT_NETWORK_SELECTION
DIR_PAIR_E485004A50B1A930,STOP_PROBE::ASF::SANTA_MARIA_HOE_VIA_COMO,STOP_PROBE::ASF::S_MARIA_HOE_S_P_58_ANG_VIA_CENISIO,DIR_PAIR_200CB7A171812CF5,COMPLETE_DIRECTED_PAIR_TEST_UNIVERSE_NOT_NETWORK_SELECTION
DIR_PAIR_07919236B94A6D1E,STOP_PROBE::ASF::SANTA_MARIA_HOE_VIA_COMO,STOP_PROBE::ASF::VACCAREZZA_CARTELLO_PAESE,DIR_PAIR_0AAA8336BEC57DC5,COMPLETE_DIRECTED_PAIR_TEST_UNIVERSE_NOT_NETWORK_SELECTION
DIR_PAIR_E900E865D1191656,STOP_PROBE::ASF::SANTA_MARIA_HOE_VIA_COMO,STOP_PROBE::FROZEN::100005,DIR_PAIR_95FBD3FC981BDD47,COMPLETE_DIRECTED_PAIR_TEST_UNIVERSE_NOT_NETWORK_SELECTION
DIR_PAIR_9571F2253685BF22,STOP_PROBE::ASF::SANTA_MARIA_HOE_VIA_COMO,STOP_PROBE::FROZEN::300063,DIR_PAIR_F70E5233F9DADFD4,COMPLETE_DIRECTED_PAIR_TEST_UNIVERSE_NOT_NETWORK_SELECTION
DIR_PAIR_A5E1535F8C031A3C,STOP_PROBE::ASF::SANTA_MARIA_HOE_VIA_COMO,STOP_PROBE::FROZEN::300086,DIR_PAIR_B0E76716340133A0,COMPLETE_DIRECTED_PAIR_TEST_UNIVERSE_NOT_NETWORK_SELECTION
DIR_PAIR_41D003CC96F63A60,STOP_PROBE::ASF::SANTA_MARIA_HOE_VIA_COMO,STOP_PROBE::FROZEN::300398,DIR_PAIR_664E85093E542E90,COMPLETE_DIRECTED_PAIR_TEST_UNIVERSE_NOT_NETWORK_SELECTION
DIR_PAIR_215837B49378132E,STOP_PROBE::ASF::SANTA_MARIA_HOE_VIA_COMO,STOP_PROBE::FROZEN::300487,DIR_PAIR_8476A9E7DA97A784,COMPLETE_DIRECTED_PAIR_TEST_UNIVERSE_NOT_NETWORK_SELECTION
DIR_PAIR_90550273FC8F619B,STOP_PROBE::ASF::SANTA_MARIA_HOE_VIA_COMO,STOP_PROBE::FROZEN::300527,DIR_PAIR_22C528D96901E662,COMPLETE_DIRECTED_PAIR_TEST_UNIVERSE_NOT_NETWORK_SELECTION
DIR_PAIR_4901BF85A3A5F7E4,STOP_PROBE::ASF::SANTA_MARIA_HOE_VIA_COMO,STOP_PROBE::FROZEN::300634,DIR_PAIR_92C4D349EB3935B7,COMPLETE_DIRECTED_PAIR_TEST_UNIVERSE_NOT_NETWORK_SELECTION
DIR_PAIR_05BF73DBF5632667,STOP_PROBE::ASF::SANTA_MARIA_HOE_VIA_COMO,STOP_PROBE::FROZEN::300743,DIR_PAIR_F42305465ED107F8,COMPLETE_DIRECTED_PAIR_TEST_UNIVERSE_NOT_NETWORK_SELECTION
DIR_PAIR_A29023B9D2D343EB,STOP_PROBE::ASF::SANTA_MARIA_HOE_VIA_COMO,STOP_PROBE::FROZEN::300782,DIR_PAIR_F42B90B1CCB32FF4,COMPLETE_DIRECTED_PAIR_TEST_UNIVERSE_NOT_NETWORK_SELECTION
DIR_PAIR_99948584AF149789,STOP_PROBE::ASF::SANTA_MARIA_HOE_VIA_COMO,STOP_PROBE::FROZEN::300805,DIR_PAIR_8ED10222D2489574,COMPLETE_DIRECTED_PAIR_TEST_UNIVERSE_NOT_NETWORK_SELECTION
DIR_PAIR_90BE7E99A57B30B5,STOP_PROBE::ASF::SANTA_MARIA_HOE_VIA_COMO,STOP_PROBE::FROZEN::300873,DIR_PAIR_156CF6A4F8166557,COMPLETE_DIRECTED_PAIR_TEST_UNIVERSE_NOT_NETWORK_SELECTION
DIR_PAIR_5EDAB209DFEE5D43,STOP_PROBE::ASF::SANTA_MARIA_HOE_VIA_COMO,STOP_PROBE::FROZEN::300879,DIR_PAIR_EF4DF3D5E61B893E,COMPLETE_DIRECTED_PAIR_TEST_UNIVERSE_NOT_NETWORK_SELECTION
DIR_PAIR_33E564F1F4B5C941,STOP_PROBE::ASF::SANTA_MARIA_HOE_VIA_COMO,STOP_PROBE::FROZEN::300956,DIR_PAIR_DB366C3FCA6F0D9D,COMPLETE_DIRECTED_PAIR_TEST_UNIVERSE_NOT_NETWORK_SELECTION
DIR_PAIR_2DFF8BD4BD4045AB,STOP_PROBE::ASF::SANTA_MARIA_HOE_VIA_COMO,STOP_PROBE::FROZEN::L00407,DIR_PAIR_FEABFC731BFA222E,COMPLETE_DIRECTED_PAIR_TEST_UNIVERSE_NOT_NETWORK_SELECTION
DIR_PAIR_C7F304002BCED80B,STOP_PROBE::ASF::SANTA_MARIA_HOE_VIA_COMO,STOP_PROBE::MANUAL::CALCO_SCAGNELLO,DIR_PAIR_6DD724FCC13CE7F8,COMPLETE_DIRECTED_PAIR_TEST_UNIVERSE_NOT_NETWORK_SELECTION
DIR_PAIR_A11FBA90F8E002E5,STOP_PROBE::ASF::SANTA_MARIA_HOE_VIA_COMO,STOP_PROBE::SPECIAL::CASA_DI_COMUNITA_OLGIATE,DIR_PAIR_D09F2AE1FBBE7E21,COMPLETE_DIRECTED_PAIR_TEST_UNIVERSE_NOT_NETWORK_SELECTION
DIR_PAIR_881FE62BCC8BBA41,STOP_PROBE::ASF::SANTA_MARIA_HOE_VIA_GIOVANNI_XXIII,STOP_PROBE::ASF::ARLATE_BIVIO_PER_IL_PAESE,DIR_PAIR_601FD2EC208617AC,COMPLETE_DIRECTED_PAIR_TEST_UNIVERSE_NOT_NETWORK_SELECTION
DIR_PAIR_892F5ACAAA388210,STOP_PROBE::ASF::SANTA_MARIA_HOE_VIA_GIOVANNI_XXIII,STOP_PROBE::ASF::ARLATE_B_VIO_BRIVIO_MADONNINA,DIR_PAIR_A3C2129ECBFBF77A,COMPLETE_DIRECTED_PAIR_TEST_UNIVERSE_NOT_NETWORK_SELECTION
DIR_PAIR_5F072EA60A530CEF,STOP_PROBE::ASF::SANTA_MARIA_HOE_VIA_GIOVANNI_XXIII,STOP_PROBE::ASF::ARLATE_CANTINA_PIROVANO,DIR_PAIR_E42213CFD7A320DC,COMPLETE_DIRECTED_PAIR_TEST_UNIVERSE_NOT_NETWORK_SELECTION
DIR_PAIR_5BEB56AB77F27FC6,STOP_PROBE::ASF::SANTA_MARIA_HOE_VIA_GIOVANNI_XXIII,STOP_PROBE::ASF::BEVERATE_CARTELLO_PAESE,DIR_PAIR_3CDAE73AF4F81134,COMPLETE_DIRECTED_PAIR_TEST_UNIVERSE_NOT_NETWORK_SELECTION
DIR_PAIR_E4321D631825A119,STOP_PROBE::ASF::SANTA_MARIA_HOE_VIA_GIOVANNI_XXIII,STOP_PROBE::ASF::BRIVIO_BAR_CRISTALLO,DIR_PAIR_0578888018944AEF,COMPLETE_DIRECTED_PAIR_TEST_UNIVERSE_NOT_NETWORK_SELECTION
DIR_PAIR_3EBA8AF1468E913F,STOP_PROBE::ASF::SANTA_MARIA_HOE_VIA_GIOVANNI_XXIII,STOP_PROBE::ASF::BRIVIO_VIA_COMO_PENSILINA,DIR_PAIR_82E68B07567C951E,COMPLETE_DIRECTED_PAIR_TEST_UNIVERSE_NOT_NETWORK_SELECTION
DIR_PAIR_C22F6370F8947868,STOP_PROBE::ASF::SANTA_MARIA_HOE_VIA_GIOVANNI_XXIII,STOP_PROBE::ASF::CALCO_LARGO_POMEA,DIR_PAIR_8184960F9CFDFF24,COMPLETE_DIRECTED_PAIR_TEST_UNIVERSE_NOT_NETWORK_SELECTION
DIR_PAIR_5FA09F66C6933F9B,STOP_PROBE::ASF::SANTA_MARIA_HOE_VIA_GIOVANNI_XXIII,STOP_PROBE::ASF::CALCO_VIA_GARIBALDI,DIR_PAIR_34DC40B21D2C3884,COMPLETE_DIRECTED_PAIR_TEST_UNIVERSE_NOT_NETWORK_SELECTION
DIR_PAIR_9FFDB6FDE43173C1,STOP_PROBE::ASF::SANTA_MARIA_HOE_VIA_GIOVANNI_XXIII,STOP_PROBE::ASF::IMBERSAGO_LOCALITA_CAZZULINO,DIR_PAIR_1450DE6B67B19C03,COMPLETE_DIRECTED_PAIR_TEST_UNIVERSE_NOT_NETWORK_SELECTION
DIR_PAIR_8E2C05081DF6EA87,STOP_PROBE::ASF::SANTA_MARIA_HOE_VIA_GIOVANNI_XXIII,STOP_PROBE::ASF::OLGIATE_MOLGORA_SCARPONE,DIR_PAIR_38813F285714D570,COMPLETE_DIRECTED_PAIR_TEST_UNIVERSE_NOT_NETWORK_SELECTION
DIR_PAIR_FBA394749A239ABE,STOP_PROBE::ASF::SANTA_MARIA_HOE_VIA_GIOVANNI_XXIII,STOP_PROBE::ASF::OLGIATE_MOLGORA_VIA_DELLA_SALUTE,DIR_PAIR_162EB2AFE007A221,COMPLETE_DIRECTED_PAIR_TEST_UNIVERSE_NOT_NETWORK_SELECTION
DIR_PAIR_4AED5A67CD2C19AA,STOP_PROBE::ASF::SANTA_MARIA_HOE_VIA_GIOVANNI_XXIII,STOP_PROBE::ASF::OLGIATE_MOLGORA_VIA_STATALE,DIR_PAIR_8F282B85C6015C2D,COMPLETE_DIRECTED_PAIR_TEST_UNIVERSE_NOT_NETWORK_SELECTION
DIR_PAIR_BE3C8E3038C83FDF,STOP_PROBE::ASF::SANTA_MARIA_HOE_VIA_GIOVANNI_XXIII,STOP_PROBE::ASF::PEREGO_VIA_STATALE_79,DIR_PAIR_E071143A7B5754F3,COMPLETE_DIRECTED_PAIR_TEST_UNIVERSE_NOT_NETWORK_SELECTION
DIR_PAIR_E0468C12EAA3BBCF,STOP_PROBE::ASF::SANTA_MARIA_HOE_VIA_GIOVANNI_XXIII,STOP_PROBE::ASF::ROVAGNATE_FRAZIONE_ALDUNO,DIR_PAIR_C84F9341D6573EC7,COMPLETE_DIRECTED_PAIR_TEST_UNIVERSE_NOT_NETWORK_SELECTION
DIR_PAIR_552918465A3940C4,STOP_PROBE::ASF::SANTA_MARIA_HOE_VIA_GIOVANNI_XXIII,STOP_PROBE::ASF::ROVAGNATE_SS_ANG_V_LOMBARDIA,DIR_PAIR_2DF5C35841C317E8,COMPLETE_DIRECTED_PAIR_TEST_UNIVERSE_NOT_NETWORK_SELECTION
DIR_PAIR_29AD10288E3A47FF,STOP_PROBE::ASF::SANTA_MARIA_HOE_VIA_GIOVANNI_XXIII,STOP_PROBE::ASF::ROVAGNATE_STRADA_STATALE_AGIP,DIR_PAIR_18AEAECE135144EB,COMPLETE_DIRECTED_PAIR_TEST_UNIVERSE_NOT_NETWORK_SELECTION
DIR_PAIR_24242C7BA12E97A7,STOP_PROBE::ASF::SANTA_MARIA_HOE_VIA_GIOVANNI_XXIII,STOP_PROBE::ASF::SANTA_MARIA_HOE_VIA_COMO,DIR_PAIR_07E682284785529E,COMPLETE_DIRECTED_PAIR_TEST_UNIVERSE_NOT_NETWORK_SELECTION
DIR_PAIR_BB2FFBCE9756ED72,STOP_PROBE::ASF::SANTA_MARIA_HOE_VIA_GIOVANNI_XXIII,STOP_PROBE::ASF::S_MARIA_HOE_S_P_58_ANG_VIA_CENISIO,DIR_PAIR_4B9D872B7C291371,COMPLETE_DIRECTED_PAIR_TEST_UNIVERSE_NOT_NETWORK_SELECTION
DIR_PAIR_BBE566E9BA71FB28,STOP_PROBE::ASF::SANTA_MARIA_HOE_VIA_GIOVANNI_XXIII,STOP_PROBE::ASF::VACCAREZZA_CARTELLO_PAESE,DIR_PAIR_53D26D1097C3DD65,COMPLETE_DIRECTED_PAIR_TEST_UNIVERSE_NOT_NETWORK_SELECTION
DIR_PAIR_B9B58B604B5AAAAC,STOP_PROBE::ASF::SANTA_MARIA_HOE_VIA_GIOVANNI_XXIII,STOP_PROBE::FROZEN::100005,DIR_PAIR_EB09B3E7EEF71707,COMPLETE_DIRECTED_PAIR_TEST_UNIVERSE_NOT_NETWORK_SELECTION
DIR_PAIR_5E3CD4997CC8ADE7,STOP_PROBE::ASF::SANTA_MARIA_HOE_VIA_GIOVANNI_XXIII,STOP_PROBE::FROZEN::300063,DIR_PAIR_F4BBB87BF7C7C5E8,COMPLETE_DIRECTED_PAIR_TEST_UNIVERSE_NOT_NETWORK_SELECTION
DIR_PAIR_6222BF2E7C540588,STOP_PROBE::ASF::SANTA_MARIA_HOE_VIA_GIOVANNI_XXIII,STOP_PROBE::FROZEN::300086,DIR_PAIR_3EFB891E3271DC0E,COMPLETE_DIRECTED_PAIR_TEST_UNIVERSE_NOT_NETWORK_SELECTION
DIR_PAIR_F15FEFC6072AF55F,STOP_PROBE::ASF::SANTA_MARIA_HOE_VIA_GIOVANNI_XXIII,STOP_PROBE::FROZEN::300398,DIR_PAIR_D8660D22E95A0865,COMPLETE_DIRECTED_PAIR_TEST_UNIVERSE_NOT_NETWORK_SELECTION
DIR_PAIR_823A895D27822A99,STOP_PROBE::ASF::SANTA_MARIA_HOE_VIA_GIOVANNI_XXIII,STOP_PROBE::FROZEN::300487,DIR_PAIR_BB5193357C255FDC,COMPLETE_DIRECTED_PAIR_TEST_UNIVERSE_NOT_NETWORK_SELECTION
DIR_PAIR_80E64382F9AB5318,STOP_PROBE::ASF::SANTA_MARIA_HOE_VIA_GIOVANNI_XXIII,STOP_PROBE::FROZEN::300527,DIR_PAIR_0C8711A1C7037F37,COMPLETE_DIRECTED_PAIR_TEST_UNIVERSE_NOT_NETWORK_SELECTION
DIR_PAIR_8FC067296AF2ED72,STOP_PROBE::ASF::SANTA_MARIA_HOE_VIA_GIOVANNI_XXIII,STOP_PROBE::FROZEN::300634,DIR_PAIR_F48799F48AA7901D,COMPLETE_DIRECTED_PAIR_TEST_UNIVERSE_NOT_NETWORK_SELECTION
DIR_PAIR_B66FA4789940FE12,STOP_PROBE::ASF::SANTA_MARIA_HOE_VIA_GIOVANNI_XXIII,STOP_PROBE::FROZEN::300743,DIR_PAIR_D6D899C65293F70E,COMPLETE_DIRECTED_PAIR_TEST_UNIVERSE_NOT_NETWORK_SELECTION
DIR_PAIR_5065738646207FDC,STOP_PROBE::ASF::SANTA_MARIA_HOE_VIA_GIOVANNI_XXIII,STOP_PROBE::FROZEN::300782,DIR_PAIR_6405A3B0071F9200,COMPLETE_DIRECTED_PAIR_TEST_UNIVERSE_NOT_NETWORK_SELECTION
DIR_PAIR_F2AD17F731BE1FC0,STOP_PROBE::ASF::SANTA_MARIA_HOE_VIA_GIOVANNI_XXIII,STOP_PROBE::FROZEN::300805,DIR_PAIR_506F22EC7E80CEBF,COMPLETE_DIRECTED_PAIR_TEST_UNIVERSE_NOT_NETWORK_SELECTION
DIR_PAIR_28F1D7600BC32E15,STOP_PROBE::ASF::SANTA_MARIA_HOE_VIA_GIOVANNI_XXIII,STOP_PROBE::FROZEN::300873,DIR_PAIR_E45565BA3CC2E51C,COMPLETE_DIRECTED_PAIR_TEST_UNIVERSE_NOT_NETWORK_SELECTION
DIR_PAIR_A5C4EA69EAC3FB98,STOP_PROBE::ASF::SANTA_MARIA_HOE_VIA_GIOVANNI_XXIII,STOP_PROBE::FROZEN::300879,DIR_PAIR_92D77B9763DA6F0A,COMPLETE_DIRECTED_PAIR_TEST_UNIVERSE_NOT_NETWORK_SELECTION
DIR_PAIR_4F451F64AAFA1B8A,STOP_PROBE::ASF::SANTA_MARIA_HOE_VIA_GIOVANNI_XXIII,STOP_PROBE::FROZEN::300956,DIR_PAIR_E571CFA1EEC1C8B1,COMPLETE_DIRECTED_PAIR_TEST_UNIVERSE_NOT_NETWORK_SELECTION
DIR_PAIR_500F1696E99E3683,STOP_PROBE::ASF::SANTA_MARIA_HOE_VIA_GIOVANNI_XXIII,STOP_PROBE::FROZEN::L00407,DIR_PAIR_5C507C1FB82D819A,COMPLETE_DIRECTED_PAIR_TEST_UNIVERSE_NOT_NETWORK_SELECTION
DIR_PAIR_3E5F3E151FCDB4F6,STOP_PROBE::ASF::SANTA_MARIA_HOE_VIA_GIOVANNI_XXIII,STOP_PROBE::MANUAL::CALCO_SCAGNELLO,DIR_PAIR_A719095E89FF3081,COMPLETE_DIRECTED_PAIR_TEST_UNIVERSE_NOT_NETWORK_SELECTION
DIR_PAIR_B83572C9C3B78D0E,STOP_PROBE::ASF::SANTA_MARIA_HOE_VIA_GIOVANNI_XXIII,STOP_PROBE::SPECIAL::CASA_DI_COMUNITA_OLGIATE,DIR_PAIR_8FFAFBFCD69E8869,COMPLETE_DIRECTED_PAIR_TEST_UNIVERSE_NOT_NETWORK_SELECTION
DIR_PAIR_6D34D563992DE4C6,STOP_PROBE::ASF::S_MARIA_HOE_S_P_58_ANG_VIA_CENISIO,STOP_PROBE::ASF::ARLATE_BIVIO_PER_IL_PAESE,DIR_PAIR_28BAD107C96DB3CC,COMPLETE_DIRECTED_PAIR_TEST_UNIVERSE_NOT_NETWORK_SELECTION
DIR_PAIR_B6B4696FE96A99FF,STOP_PROBE::ASF::S_MARIA_HOE_S_P_58_ANG_VIA_CENISIO,STOP_PROBE::ASF::ARLATE_B_VIO_BRIVIO_MADONNINA,DIR_PAIR_F0AD74950DF5FF56,COMPLETE_DIRECTED_PAIR_TEST_UNIVERSE_NOT_NETWORK_SELECTION
DIR_PAIR_B2F4B62FD1FDDF01,STOP_PROBE::ASF::S_MARIA_HOE_S_P_58_ANG_VIA_CENISIO,STOP_PROBE::ASF::ARLATE_CANTINA_PIROVANO,DIR_PAIR_4C7386D986D2B64F,COMPLETE_DIRECTED_PAIR_TEST_UNIVERSE_NOT_NETWORK_SELECTION
DIR_PAIR_0A36E830CD86FBCD,STOP_PROBE::ASF::S_MARIA_HOE_S_P_58_ANG_VIA_CENISIO,STOP_PROBE::ASF::BEVERATE_CARTELLO_PAESE,DIR_PAIR_47808DE6F157E031,COMPLETE_DIRECTED_PAIR_TEST_UNIVERSE_NOT_NETWORK_SELECTION
DIR_PAIR_2B9939CD44FEAA42,STOP_PROBE::ASF::S_MARIA_HOE_S_P_58_ANG_VIA_CENISIO,STOP_PROBE::ASF::BRIVIO_BAR_CRISTALLO,DIR_PAIR_CE308D6775BAC084,COMPLETE_DIRECTED_PAIR_TEST_UNIVERSE_NOT_NETWORK_SELECTION
DIR_PAIR_9445230CE7A96C2E,STOP_PROBE::ASF::S_MARIA_HOE_S_P_58_ANG_VIA_CENISIO,STOP_PROBE::ASF::BRIVIO_VIA_COMO_PENSILINA,DIR_PAIR_45528D7838A1477A,COMPLETE_DIRECTED_PAIR_TEST_UNIVERSE_NOT_NETWORK_SELECTION
DIR_PAIR_150A27F3F04A5D92,STOP_PROBE::ASF::S_MARIA_HOE_S_P_58_ANG_VIA_CENISIO,STOP_PROBE::ASF::CALCO_LARGO_POMEA,DIR_PAIR_95843B33768F283F,COMPLETE_DIRECTED_PAIR_TEST_UNIVERSE_NOT_NETWORK_SELECTION
DIR_PAIR_3937495B787697D2,STOP_PROBE::ASF::S_MARIA_HOE_S_P_58_ANG_VIA_CENISIO,STOP_PROBE::ASF::CALCO_VIA_GARIBALDI,DIR_PAIR_D07A0BA25B2BEAD8,COMPLETE_DIRECTED_PAIR_TEST_UNIVERSE_NOT_NETWORK_SELECTION
DIR_PAIR_72A01A5846C3552E,STOP_PROBE::ASF::S_MARIA_HOE_S_P_58_ANG_VIA_CENISIO,STOP_PROBE::ASF::IMBERSAGO_LOCALITA_CAZZULINO,DIR_PAIR_3EE08C1BD19A8DC8,COMPLETE_DIRECTED_PAIR_TEST_UNIVERSE_NOT_NETWORK_SELECTION
DIR_PAIR_8D13665CBA8057A2,STOP_PROBE::ASF::S_MARIA_HOE_S_P_58_ANG_VIA_CENISIO,STOP_PROBE::ASF::OLGIATE_MOLGORA_SCARPONE,DIR_PAIR_089509E3B230D309,COMPLETE_DIRECTED_PAIR_TEST_UNIVERSE_NOT_NETWORK_SELECTION
DIR_PAIR_935CA5BB5FECA0E1,STOP_PROBE::ASF::S_MARIA_HOE_S_P_58_ANG_VIA_CENISIO,STOP_PROBE::ASF::OLGIATE_MOLGORA_VIA_DELLA_SALUTE,DIR_PAIR_64709B23B0E704F9,COMPLETE_DIRECTED_PAIR_TEST_UNIVERSE_NOT_NETWORK_SELECTION
DIR_PAIR_D167B3341C0A41E8,STOP_PROBE::ASF::S_MARIA_HOE_S_P_58_ANG_VIA_CENISIO,STOP_PROBE::ASF::OLGIATE_MOLGORA_VIA_STATALE,DIR_PAIR_B94F3F8936D7BF04,COMPLETE_DIRECTED_PAIR_TEST_UNIVERSE_NOT_NETWORK_SELECTION
DIR_PAIR_12064AD277663006,STOP_PROBE::ASF::S_MARIA_HOE_S_P_58_ANG_VIA_CENISIO,STOP_PROBE::ASF::PEREGO_VIA_STATALE_79,DIR_PAIR_EFA92DB0804FAC14,COMPLETE_DIRECTED_PAIR_TEST_UNIVERSE_NOT_NETWORK_SELECTION
DIR_PAIR_1E6658FBDEE68840,STOP_PROBE::ASF::S_MARIA_HOE_S_P_58_ANG_VIA_CENISIO,STOP_PROBE::ASF::ROVAGNATE_FRAZIONE_ALDUNO,DIR_PAIR_D70286602CC5138B,COMPLETE_DIRECTED_PAIR_TEST_UNIVERSE_NOT_NETWORK_SELECTION
DIR_PAIR_072D4212107A27BC,STOP_PROBE::ASF::S_MARIA_HOE_S_P_58_ANG_VIA_CENISIO,STOP_PROBE::ASF::ROVAGNATE_SS_ANG_V_LOMBARDIA,DIR_PAIR_64BCC4CAEFDE0C8B,COMPLETE_DIRECTED_PAIR_TEST_UNIVERSE_NOT_NETWORK_SELECTION
DIR_PAIR_C935C4421BC79AB2,STOP_PROBE::ASF::S_MARIA_HOE_S_P_58_ANG_VIA_CENISIO,STOP_PROBE::ASF::ROVAGNATE_STRADA_STATALE_AGIP,DIR_PAIR_EF43D4D82ABD2EC4,COMPLETE_DIRECTED_PAIR_TEST_UNIVERSE_NOT_NETWORK_SELECTION
DIR_PAIR_200CB7A171812CF5,STOP_PROBE::ASF::S_MARIA_HOE_S_P_58_ANG_VIA_CENISIO,STOP_PROBE::ASF::SANTA_MARIA_HOE_VIA_COMO,DIR_PAIR_E485004A50B1A930,COMPLETE_DIRECTED_PAIR_TEST_UNIVERSE_NOT_NETWORK_SELECTION
DIR_PAIR_4B9D872B7C291371,STOP_PROBE::ASF::S_MARIA_HOE_S_P_58_ANG_VIA_CENISIO,STOP_PROBE::ASF::SANTA_MARIA_HOE_VIA_GIOVANNI_XXIII,DIR_PAIR_BB2FFBCE9756ED72,COMPLETE_DIRECTED_PAIR_TEST_UNIVERSE_NOT_NETWORK_SELECTION
DIR_PAIR_90944494C1706875,STOP_PROBE::ASF::S_MARIA_HOE_S_P_58_ANG_VIA_CENISIO,STOP_PROBE::ASF::VACCAREZZA_CARTELLO_PAESE,DIR_PAIR_8E8CEBC17E6ADAA4,COMPLETE_DIRECTED_PAIR_TEST_UNIVERSE_NOT_NETWORK_SELECTION
DIR_PAIR_7698A1DBAA61CA57,STOP_PROBE::ASF::S_MARIA_HOE_S_P_58_ANG_VIA_CENISIO,STOP_PROBE::FROZEN::100005,DIR_PAIR_34884DB06017B23A,COMPLETE_DIRECTED_PAIR_TEST_UNIVERSE_NOT_NETWORK_SELECTION
DIR_PAIR_C1152F3545103DD4,STOP_PROBE::ASF::S_MARIA_HOE_S_P_58_ANG_VIA_CENISIO,STOP_PROBE::FROZEN::300063,DIR_PAIR_6EB53A900765B8AD,COMPLETE_DIRECTED_PAIR_TEST_UNIVERSE_NOT_NETWORK_SELECTION
DIR_PAIR_24B46ECADF7EB989,STOP_PROBE::ASF::S_MARIA_HOE_S_P_58_ANG_VIA_CENISIO,STOP_PROBE::FROZEN::300086,DIR_PAIR_DA721664B50D066F,COMPLETE_DIRECTED_PAIR_TEST_UNIVERSE_NOT_NETWORK_SELECTION
DIR_PAIR_2E645FE28DD2C082,STOP_PROBE::ASF::S_MARIA_HOE_S_P_58_ANG_VIA_CENISIO,STOP_PROBE::FROZEN::300398,DIR_PAIR_EA51140DF8950A12,COMPLETE_DIRECTED_PAIR_TEST_UNIVERSE_NOT_NETWORK_SELECTION
DIR_PAIR_9171ECFAB08DA199,STOP_PROBE::ASF::S_MARIA_HOE_S_P_58_ANG_VIA_CENISIO,STOP_PROBE::FROZEN::300487,DIR_PAIR_B1C3BC8B6D5D8B64,COMPLETE_DIRECTED_PAIR_TEST_UNIVERSE_NOT_NETWORK_SELECTION
DIR_PAIR_CD68D2E9F8D6CCC9,STOP_PROBE::ASF::S_MARIA_HOE_S_P_58_ANG_VIA_CENISIO,STOP_PROBE::FROZEN::300527,DIR_PAIR_959F2C39DC89CD70,COMPLETE_DIRECTED_PAIR_TEST_UNIVERSE_NOT_NETWORK_SELECTION
DIR_PAIR_E846E9F408C72FE2,STOP_PROBE::ASF::S_MARIA_HOE_S_P_58_ANG_VIA_CENISIO,STOP_PROBE::FROZEN::300634,DIR_PAIR_0178133D10B8B193,COMPLETE_DIRECTED_PAIR_TEST_UNIVERSE_NOT_NETWORK_SELECTION
DIR_PAIR_5B4F633AEC8663EE,STOP_PROBE::ASF::S_MARIA_HOE_S_P_58_ANG_VIA_CENISIO,STOP_PROBE::FROZEN::300743,DIR_PAIR_22D6EBDBBD13A5A6,COMPLETE_DIRECTED_PAIR_TEST_UNIVERSE_NOT_NETWORK_SELECTION
DIR_PAIR_CB025814618CBD9F,STOP_PROBE::ASF::S_MARIA_HOE_S_P_58_ANG_VIA_CENISIO,STOP_PROBE::FROZEN::300782,DIR_PAIR_989379E2E9B2C5EC,COMPLETE_DIRECTED_PAIR_TEST_UNIVERSE_NOT_NETWORK_SELECTION
DIR_PAIR_85C7B092F954A1C1,STOP_PROBE::ASF::S_MARIA_HOE_S_P_58_ANG_VIA_CENISIO,STOP_PROBE::FROZEN::300805,DIR_PAIR_132647C1D10EDBF3,COMPLETE_DIRECTED_PAIR_TEST_UNIVERSE_NOT_NETWORK_SELECTION
DIR_PAIR_FC438ABEA25752EE,STOP_PROBE::ASF::S_MARIA_HOE_S_P_58_ANG_VIA_CENISIO,STOP_PROBE::FROZEN::300873,DIR_PAIR_06DDD824D7564758,COMPLETE_DIRECTED_PAIR_TEST_UNIVERSE_NOT_NETWORK_SELECTION
DIR_PAIR_845A1B17044CDA6D,STOP_PROBE::ASF::S_MARIA_HOE_S_P_58_ANG_VIA_CENISIO,STOP_PROBE::FROZEN::300879,DIR_PAIR_74AD08B60323A04C,COMPLETE_DIRECTED_PAIR_TEST_UNIVERSE_NOT_NETWORK_SELECTION
DIR_PAIR_CC6CE7DE84AAE4CC,STOP_PROBE::ASF::S_MARIA_HOE_S_P_58_ANG_VIA_CENISIO,STOP_PROBE::FROZEN::300956,DIR_PAIR_98DA967782DD1D11,COMPLETE_DIRECTED_PAIR_TEST_UNIVERSE_NOT_NETWORK_SELECTION
DIR_PAIR_0869E3DBCB2852C8,STOP_PROBE::ASF::S_MARIA_HOE_S_P_58_ANG_VIA_CENISIO,STOP_PROBE::FROZEN::L00407,DIR_PAIR_B83B3271E013377C,COMPLETE_DIRECTED_PAIR_TEST_UNIVERSE_NOT_NETWORK_SELECTION
DIR_PAIR_0429C292CC788D4E,STOP_PROBE::ASF::S_MARIA_HOE_S_P_58_ANG_VIA_CENISIO,STOP_PROBE::MANUAL::CALCO_SCAGNELLO,DIR_PAIR_481CEA42947DAA28,COMPLETE_DIRECTED_PAIR_TEST_UNIVERSE_NOT_NETWORK_SELECTION
DIR_PAIR_25BFD003DAAE3832,STOP_PROBE::ASF::S_MARIA_HOE_S_P_58_ANG_VIA_CENISIO,STOP_PROBE::SPECIAL::CASA_DI_COMUNITA_OLGIATE,DIR_PAIR_86727329622FCCB2,COMPLETE_DIRECTED_PAIR_TEST_UNIVERSE_NOT_NETWORK_SELECTION
DIR_PAIR_33ABB3DB4F691D57,STOP_PROBE::ASF::VACCAREZZA_CARTELLO_PAESE,STOP_PROBE::ASF::ARLATE_BIVIO_PER_IL_PAESE,DIR_PAIR_485B8780D43AA312,COMPLETE_DIRECTED_PAIR_TEST_UNIVERSE_NOT_NETWORK_SELECTION
DIR_PAIR_137D65AF436FBBBC,STOP_PROBE::ASF::VACCAREZZA_CARTELLO_PAESE,STOP_PROBE::ASF::ARLATE_B_VIO_BRIVIO_MADONNINA,DIR_PAIR_816EE8A0D64C6A40,COMPLETE_DIRECTED_PAIR_TEST_UNIVERSE_NOT_NETWORK_SELECTION
DIR_PAIR_6382F0B8545D4A3C,STOP_PROBE::ASF::VACCAREZZA_CARTELLO_PAESE,STOP_PROBE::ASF::ARLATE_CANTINA_PIROVANO,DIR_PAIR_538567A6BB68CAB4,COMPLETE_DIRECTED_PAIR_TEST_UNIVERSE_NOT_NETWORK_SELECTION
DIR_PAIR_FA077B75AE3E60C6,STOP_PROBE::ASF::VACCAREZZA_CARTELLO_PAESE,STOP_PROBE::ASF::BEVERATE_CARTELLO_PAESE,DIR_PAIR_867FDE6BFBF4F81C,COMPLETE_DIRECTED_PAIR_TEST_UNIVERSE_NOT_NETWORK_SELECTION
DIR_PAIR_561789619A362EE5,STOP_PROBE::ASF::VACCAREZZA_CARTELLO_PAESE,STOP_PROBE::ASF::BRIVIO_BAR_CRISTALLO,DIR_PAIR_D3A71CBC43712A42,COMPLETE_DIRECTED_PAIR_TEST_UNIVERSE_NOT_NETWORK_SELECTION
DIR_PAIR_7BB5AA46DEC3B76F,STOP_PROBE::ASF::VACCAREZZA_CARTELLO_PAESE,STOP_PROBE::ASF::BRIVIO_VIA_COMO_PENSILINA,DIR_PAIR_E463A3D30261C85A,COMPLETE_DIRECTED_PAIR_TEST_UNIVERSE_NOT_NETWORK_SELECTION
DIR_PAIR_58D29626E2AF7366,STOP_PROBE::ASF::VACCAREZZA_CARTELLO_PAESE,STOP_PROBE::ASF::CALCO_LARGO_POMEA,DIR_PAIR_61A3B10BFF5A0208,COMPLETE_DIRECTED_PAIR_TEST_UNIVERSE_NOT_NETWORK_SELECTION
DIR_PAIR_619BFFB1F37BAF66,STOP_PROBE::ASF::VACCAREZZA_CARTELLO_PAESE,STOP_PROBE::ASF::CALCO_VIA_GARIBALDI,DIR_PAIR_8564598A8FAD2A97,COMPLETE_DIRECTED_PAIR_TEST_UNIVERSE_NOT_NETWORK_SELECTION
DIR_PAIR_3CD8F3325AE6FE32,STOP_PROBE::ASF::VACCAREZZA_CARTELLO_PAESE,STOP_PROBE::ASF::IMBERSAGO_LOCALITA_CAZZULINO,DIR_PAIR_497F640003DC6F10,COMPLETE_DIRECTED_PAIR_TEST_UNIVERSE_NOT_NETWORK_SELECTION
DIR_PAIR_7DCEC2BE9A102E5F,STOP_PROBE::ASF::VACCAREZZA_CARTELLO_PAESE,STOP_PROBE::ASF::OLGIATE_MOLGORA_SCARPONE,DIR_PAIR_973A32D2E1B65D97,COMPLETE_DIRECTED_PAIR_TEST_UNIVERSE_NOT_NETWORK_SELECTION
DIR_PAIR_F3A60712193869F8,STOP_PROBE::ASF::VACCAREZZA_CARTELLO_PAESE,STOP_PROBE::ASF::OLGIATE_MOLGORA_VIA_DELLA_SALUTE,DIR_PAIR_AEF86D973D68A402,COMPLETE_DIRECTED_PAIR_TEST_UNIVERSE_NOT_NETWORK_SELECTION
DIR_PAIR_1B85EA2C3009E8F2,STOP_PROBE::ASF::VACCAREZZA_CARTELLO_PAESE,STOP_PROBE::ASF::OLGIATE_MOLGORA_VIA_STATALE,DIR_PAIR_C65EC964DA074F63,COMPLETE_DIRECTED_PAIR_TEST_UNIVERSE_NOT_NETWORK_SELECTION
DIR_PAIR_A2B5B4D42E9D2312,STOP_PROBE::ASF::VACCAREZZA_CARTELLO_PAESE,STOP_PROBE::ASF::PEREGO_VIA_STATALE_79,DIR_PAIR_7AD6741AC042CCF5,COMPLETE_DIRECTED_PAIR_TEST_UNIVERSE_NOT_NETWORK_SELECTION
DIR_PAIR_8024B801C18780A0,STOP_PROBE::ASF::VACCAREZZA_CARTELLO_PAESE,STOP_PROBE::ASF::ROVAGNATE_FRAZIONE_ALDUNO,DIR_PAIR_87B24AA953279B9D,COMPLETE_DIRECTED_PAIR_TEST_UNIVERSE_NOT_NETWORK_SELECTION
DIR_PAIR_D11FA0C10F00322D,STOP_PROBE::ASF::VACCAREZZA_CARTELLO_PAESE,STOP_PROBE::ASF::ROVAGNATE_SS_ANG_V_LOMBARDIA,DIR_PAIR_DEA977C0FC30AC62,COMPLETE_DIRECTED_PAIR_TEST_UNIVERSE_NOT_NETWORK_SELECTION
DIR_PAIR_4BD92528EE0E2B3A,STOP_PROBE::ASF::VACCAREZZA_CARTELLO_PAESE,STOP_PROBE::ASF::ROVAGNATE_STRADA_STATALE_AGIP,DIR_PAIR_26759B9811EDFE6D,COMPLETE_DIRECTED_PAIR_TEST_UNIVERSE_NOT_NETWORK_SELECTION
DIR_PAIR_0AAA8336BEC57DC5,STOP_PROBE::ASF::VACCAREZZA_CARTELLO_PAESE,STOP_PROBE::ASF::SANTA_MARIA_HOE_VIA_COMO,DIR_PAIR_07919236B94A6D1E,COMPLETE_DIRECTED_PAIR_TEST_UNIVERSE_NOT_NETWORK_SELECTION
DIR_PAIR_53D26D1097C3DD65,STOP_PROBE::ASF::VACCAREZZA_CARTELLO_PAESE,STOP_PROBE::ASF::SANTA_MARIA_HOE_VIA_GIOVANNI_XXIII,DIR_PAIR_BBE566E9BA71FB28,COMPLETE_DIRECTED_PAIR_TEST_UNIVERSE_NOT_NETWORK_SELECTION
DIR_PAIR_8E8CEBC17E6ADAA4,STOP_PROBE::ASF::VACCAREZZA_CARTELLO_PAESE,STOP_PROBE::ASF::S_MARIA_HOE_S_P_58_ANG_VIA_CENISIO,DIR_PAIR_90944494C1706875,COMPLETE_DIRECTED_PAIR_TEST_UNIVERSE_NOT_NETWORK_SELECTION
DIR_PAIR_6330E9954249AA81,STOP_PROBE::ASF::VACCAREZZA_CARTELLO_PAESE,STOP_PROBE::FROZEN::100005,DIR_PAIR_95B9091112F66142,COMPLETE_DIRECTED_PAIR_TEST_UNIVERSE_NOT_NETWORK_SELECTION
DIR_PAIR_6B779A4E6452C70E,STOP_PROBE::ASF::VACCAREZZA_CARTELLO_PAESE,STOP_PROBE::FROZEN::300063,DIR_PAIR_2C517AF3D10954D3,COMPLETE_DIRECTED_PAIR_TEST_UNIVERSE_NOT_NETWORK_SELECTION
DIR_PAIR_46CEC8A19807EDAF,STOP_PROBE::ASF::VACCAREZZA_CARTELLO_PAESE,STOP_PROBE::FROZEN::300086,DIR_PAIR_1260CA1F39FB8FB9,COMPLETE_DIRECTED_PAIR_TEST_UNIVERSE_NOT_NETWORK_SELECTION
DIR_PAIR_F0D834F8B5885C44,STOP_PROBE::ASF::VACCAREZZA_CARTELLO_PAESE,STOP_PROBE::FROZEN::300398,DIR_PAIR_21FA0D5660E57E58,COMPLETE_DIRECTED_PAIR_TEST_UNIVERSE_NOT_NETWORK_SELECTION
DIR_PAIR_A4ABE429B556D1B0,STOP_PROBE::ASF::VACCAREZZA_CARTELLO_PAESE,STOP_PROBE::FROZEN::300487,DIR_PAIR_D66B0CAF0BC7770D,COMPLETE_DIRECTED_PAIR_TEST_UNIVERSE_NOT_NETWORK_SELECTION
DIR_PAIR_CC869FC25D45F5BE,STOP_PROBE::ASF::VACCAREZZA_CARTELLO_PAESE,STOP_PROBE::FROZEN::300527,DIR_PAIR_7635910595FE2298,COMPLETE_DIRECTED_PAIR_TEST_UNIVERSE_NOT_NETWORK_SELECTION
DIR_PAIR_57F9BB7774CB09AC,STOP_PROBE::ASF::VACCAREZZA_CARTELLO_PAESE,STOP_PROBE::FROZEN::300634,DIR_PAIR_A581B2295ABBEFBA,COMPLETE_DIRECTED_PAIR_TEST_UNIVERSE_NOT_NETWORK_SELECTION
DIR_PAIR_B2EE77C0CD8EED1B,STOP_PROBE::ASF::VACCAREZZA_CARTELLO_PAESE,STOP_PROBE::FROZEN::300743,DIR_PAIR_76B8884A297ADEEB,COMPLETE_DIRECTED_PAIR_TEST_UNIVERSE_NOT_NETWORK_SELECTION
DIR_PAIR_DBE27BEF599233DA,STOP_PROBE::ASF::VACCAREZZA_CARTELLO_PAESE,STOP_PROBE::FROZEN::300782,DIR_PAIR_B0F20847BCAB1410,COMPLETE_DIRECTED_PAIR_TEST_UNIVERSE_NOT_NETWORK_SELECTION
DIR_PAIR_EB1C5654164EA7A5,STOP_PROBE::ASF::VACCAREZZA_CARTELLO_PAESE,STOP_PROBE::FROZEN::300805,DIR_PAIR_C33F805025FB2D1D,COMPLETE_DIRECTED_PAIR_TEST_UNIVERSE_NOT_NETWORK_SELECTION
DIR_PAIR_F06E9F57963A1C84,STOP_PROBE::ASF::VACCAREZZA_CARTELLO_PAESE,STOP_PROBE::FROZEN::300873,DIR_PAIR_D8B344AA28263DED,COMPLETE_DIRECTED_PAIR_TEST_UNIVERSE_NOT_NETWORK_SELECTION
DIR_PAIR_4D7585E0D539F67F,STOP_PROBE::ASF::VACCAREZZA_CARTELLO_PAESE,STOP_PROBE::FROZEN::300879,DIR_PAIR_94AD72F4D2D23F30,COMPLETE_DIRECTED_PAIR_TEST_UNIVERSE_NOT_NETWORK_SELECTION
DIR_PAIR_670B4AF36E049136,STOP_PROBE::ASF::VACCAREZZA_CARTELLO_PAESE,STOP_PROBE::FROZEN::300956,DIR_PAIR_E626275C5B810F3A,COMPLETE_DIRECTED_PAIR_TEST_UNIVERSE_NOT_NETWORK_SELECTION
DIR_PAIR_91DFE2525B3885D8,STOP_PROBE::ASF::VACCAREZZA_CARTELLO_PAESE,STOP_PROBE::FROZEN::L00407,DIR_PAIR_AA1C6DD7D4CC17B3,COMPLETE_DIRECTED_PAIR_TEST_UNIVERSE_NOT_NETWORK_SELECTION
DIR_PAIR_D65DF6D12ADC2059,STOP_PROBE::ASF::VACCAREZZA_CARTELLO_PAESE,STOP_PROBE::MANUAL::CALCO_SCAGNELLO,DIR_PAIR_7A2BB5263F4DB1B6,COMPLETE_DIRECTED_PAIR_TEST_UNIVERSE_NOT_NETWORK_SELECTION
DIR_PAIR_C50DA68C4AEB327C,STOP_PROBE::ASF::VACCAREZZA_CARTELLO_PAESE,STOP_PROBE::SPECIAL::CASA_DI_COMUNITA_OLGIATE,DIR_PAIR_A931A01D746DB89C,COMPLETE_DIRECTED_PAIR_TEST_UNIVERSE_NOT_NETWORK_SELECTION
DIR_PAIR_58BCBC5DDD9FB6F5,STOP_PROBE::FROZEN::100005,STOP_PROBE::ASF::ARLATE_BIVIO_PER_IL_PAESE,DIR_PAIR_6A74029B425E8B88,COMPLETE_DIRECTED_PAIR_TEST_UNIVERSE_NOT_NETWORK_SELECTION
DIR_PAIR_E950BDF6316CA9FA,STOP_PROBE::FROZEN::100005,STOP_PROBE::ASF::ARLATE_B_VIO_BRIVIO_MADONNINA,DIR_PAIR_103C730A68C6AF56,COMPLETE_DIRECTED_PAIR_TEST_UNIVERSE_NOT_NETWORK_SELECTION
DIR_PAIR_8ED67FE67B0F3A5E,STOP_PROBE::FROZEN::100005,STOP_PROBE::ASF::ARLATE_CANTINA_PIROVANO,DIR_PAIR_B5A5D51C99D86F2B,COMPLETE_DIRECTED_PAIR_TEST_UNIVERSE_NOT_NETWORK_SELECTION
DIR_PAIR_D66E4BBE61393F49,STOP_PROBE::FROZEN::100005,STOP_PROBE::ASF::BEVERATE_CARTELLO_PAESE,DIR_PAIR_0AF149B7C215A672,COMPLETE_DIRECTED_PAIR_TEST_UNIVERSE_NOT_NETWORK_SELECTION
DIR_PAIR_ABFE04709507527F,STOP_PROBE::FROZEN::100005,STOP_PROBE::ASF::BRIVIO_BAR_CRISTALLO,DIR_PAIR_0468DFF9C637CDA3,COMPLETE_DIRECTED_PAIR_TEST_UNIVERSE_NOT_NETWORK_SELECTION
DIR_PAIR_0A9597E2ABC4DEC1,STOP_PROBE::FROZEN::100005,STOP_PROBE::ASF::BRIVIO_VIA_COMO_PENSILINA,DIR_PAIR_DF48A8DF514B777D,COMPLETE_DIRECTED_PAIR_TEST_UNIVERSE_NOT_NETWORK_SELECTION
DIR_PAIR_A1246B6E324B6A27,STOP_PROBE::FROZEN::100005,STOP_PROBE::ASF::CALCO_LARGO_POMEA,DIR_PAIR_717D089AF2307C1B,COMPLETE_DIRECTED_PAIR_TEST_UNIVERSE_NOT_NETWORK_SELECTION
DIR_PAIR_102F8D2FF930074B,STOP_PROBE::FROZEN::100005,STOP_PROBE::ASF::CALCO_VIA_GARIBALDI,DIR_PAIR_6A971167D5D874EB,COMPLETE_DIRECTED_PAIR_TEST_UNIVERSE_NOT_NETWORK_SELECTION
DIR_PAIR_BA80BD3CE124B0A2,STOP_PROBE::FROZEN::100005,STOP_PROBE::ASF::IMBERSAGO_LOCALITA_CAZZULINO,DIR_PAIR_A7108903E034C0EB,COMPLETE_DIRECTED_PAIR_TEST_UNIVERSE_NOT_NETWORK_SELECTION
DIR_PAIR_D835E48AFE5F1DF9,STOP_PROBE::FROZEN::100005,STOP_PROBE::ASF::OLGIATE_MOLGORA_SCARPONE,DIR_PAIR_C87D4C77C49D9C16,COMPLETE_DIRECTED_PAIR_TEST_UNIVERSE_NOT_NETWORK_SELECTION
DIR_PAIR_48DEABDF7F991533,STOP_PROBE::FROZEN::100005,STOP_PROBE::ASF::OLGIATE_MOLGORA_VIA_DELLA_SALUTE,DIR_PAIR_34B648C741F505FA,COMPLETE_DIRECTED_PAIR_TEST_UNIVERSE_NOT_NETWORK_SELECTION
DIR_PAIR_57373E796CA23189,STOP_PROBE::FROZEN::100005,STOP_PROBE::ASF::OLGIATE_MOLGORA_VIA_STATALE,DIR_PAIR_DD692F6349952925,COMPLETE_DIRECTED_PAIR_TEST_UNIVERSE_NOT_NETWORK_SELECTION
DIR_PAIR_45D2191041CB8AD5,STOP_PROBE::FROZEN::100005,STOP_PROBE::ASF::PEREGO_VIA_STATALE_79,DIR_PAIR_9A2CCF4A179292CD,COMPLETE_DIRECTED_PAIR_TEST_UNIVERSE_NOT_NETWORK_SELECTION
DIR_PAIR_927D5820F6BEE906,STOP_PROBE::FROZEN::100005,STOP_PROBE::ASF::ROVAGNATE_FRAZIONE_ALDUNO,DIR_PAIR_156303E95B42D172,COMPLETE_DIRECTED_PAIR_TEST_UNIVERSE_NOT_NETWORK_SELECTION
DIR_PAIR_C155B061F737050C,STOP_PROBE::FROZEN::100005,STOP_PROBE::ASF::ROVAGNATE_SS_ANG_V_LOMBARDIA,DIR_PAIR_6CDA33F32B451672,COMPLETE_DIRECTED_PAIR_TEST_UNIVERSE_NOT_NETWORK_SELECTION
DIR_PAIR_5B4DD29FE7DCEF0C,STOP_PROBE::FROZEN::100005,STOP_PROBE::ASF::ROVAGNATE_STRADA_STATALE_AGIP,DIR_PAIR_3D72438EB121BAF0,COMPLETE_DIRECTED_PAIR_TEST_UNIVERSE_NOT_NETWORK_SELECTION
DIR_PAIR_95FBD3FC981BDD47,STOP_PROBE::FROZEN::100005,STOP_PROBE::ASF::SANTA_MARIA_HOE_VIA_COMO,DIR_PAIR_E900E865D1191656,COMPLETE_DIRECTED_PAIR_TEST_UNIVERSE_NOT_NETWORK_SELECTION
DIR_PAIR_EB09B3E7EEF71707,STOP_PROBE::FROZEN::100005,STOP_PROBE::ASF::SANTA_MARIA_HOE_VIA_GIOVANNI_XXIII,DIR_PAIR_B9B58B604B5AAAAC,COMPLETE_DIRECTED_PAIR_TEST_UNIVERSE_NOT_NETWORK_SELECTION
DIR_PAIR_34884DB06017B23A,STOP_PROBE::FROZEN::100005,STOP_PROBE::ASF::S_MARIA_HOE_S_P_58_ANG_VIA_CENISIO,DIR_PAIR_7698A1DBAA61CA57,COMPLETE_DIRECTED_PAIR_TEST_UNIVERSE_NOT_NETWORK_SELECTION
DIR_PAIR_95B9091112F66142,STOP_PROBE::FROZEN::100005,STOP_PROBE::ASF::VACCAREZZA_CARTELLO_PAESE,DIR_PAIR_6330E9954249AA81,COMPLETE_DIRECTED_PAIR_TEST_UNIVERSE_NOT_NETWORK_SELECTION
DIR_PAIR_8F078EA3E44042C9,STOP_PROBE::FROZEN::100005,STOP_PROBE::FROZEN::300063,DIR_PAIR_DE36851E382910EB,COMPLETE_DIRECTED_PAIR_TEST_UNIVERSE_NOT_NETWORK_SELECTION
DIR_PAIR_3B397F4F99E66537,STOP_PROBE::FROZEN::100005,STOP_PROBE::FROZEN::300086,DIR_PAIR_E3AF307182DED40B,COMPLETE_DIRECTED_PAIR_TEST_UNIVERSE_NOT_NETWORK_SELECTION
DIR_PAIR_415FE66CB4794DBB,STOP_PROBE::FROZEN::100005,STOP_PROBE::FROZEN::300398,DIR_PAIR_4D6832508605C6E0,COMPLETE_DIRECTED_PAIR_TEST_UNIVERSE_NOT_NETWORK_SELECTION
DIR_PAIR_6EFDFDAC121467D4,STOP_PROBE::FROZEN::100005,STOP_PROBE::FROZEN::300487,DIR_PAIR_47E45C85F504EC81,COMPLETE_DIRECTED_PAIR_TEST_UNIVERSE_NOT_NETWORK_SELECTION
DIR_PAIR_1BA79331D2D9C3E7,STOP_PROBE::FROZEN::100005,STOP_PROBE::FROZEN::300527,DIR_PAIR_46963E445CFDDA8F,COMPLETE_DIRECTED_PAIR_TEST_UNIVERSE_NOT_NETWORK_SELECTION
DIR_PAIR_0CABB0C642437043,STOP_PROBE::FROZEN::100005,STOP_PROBE::FROZEN::300634,DIR_PAIR_E4236DD8619AB7E9,COMPLETE_DIRECTED_PAIR_TEST_UNIVERSE_NOT_NETWORK_SELECTION
DIR_PAIR_AEF2EEBB7DCF3B8B,STOP_PROBE::FROZEN::100005,STOP_PROBE::FROZEN::300743,DIR_PAIR_2B2B9445964B72FE,COMPLETE_DIRECTED_PAIR_TEST_UNIVERSE_NOT_NETWORK_SELECTION
DIR_PAIR_D1DEDCE742CDB17E,STOP_PROBE::FROZEN::100005,STOP_PROBE::FROZEN::300782,DIR_PAIR_B5A7D37694028D1E,COMPLETE_DIRECTED_PAIR_TEST_UNIVERSE_NOT_NETWORK_SELECTION
DIR_PAIR_F47CBEA0B87287E4,STOP_PROBE::FROZEN::100005,STOP_PROBE::FROZEN::300805,DIR_PAIR_E6009482AB567F49,COMPLETE_DIRECTED_PAIR_TEST_UNIVERSE_NOT_NETWORK_SELECTION
DIR_PAIR_A2DB16429A872599,STOP_PROBE::FROZEN::100005,STOP_PROBE::FROZEN::300873,DIR_PAIR_31B6EF67E5F8C268,COMPLETE_DIRECTED_PAIR_TEST_UNIVERSE_NOT_NETWORK_SELECTION
DIR_PAIR_60B01BFE89DDDA30,STOP_PROBE::FROZEN::100005,STOP_PROBE::FROZEN::300879,DIR_PAIR_4247636ABEDDB410,COMPLETE_DIRECTED_PAIR_TEST_UNIVERSE_NOT_NETWORK_SELECTION
DIR_PAIR_0AEAF21277EC7B5A,STOP_PROBE::FROZEN::100005,STOP_PROBE::FROZEN::300956,DIR_PAIR_0FFDB30FBEDF1B4F,COMPLETE_DIRECTED_PAIR_TEST_UNIVERSE_NOT_NETWORK_SELECTION
DIR_PAIR_D4BABC9CAE1F9B14,STOP_PROBE::FROZEN::100005,STOP_PROBE::FROZEN::L00407,DIR_PAIR_04B1703CF75A3B21,COMPLETE_DIRECTED_PAIR_TEST_UNIVERSE_NOT_NETWORK_SELECTION
DIR_PAIR_1362F67FB27022F3,STOP_PROBE::FROZEN::100005,STOP_PROBE::MANUAL::CALCO_SCAGNELLO,DIR_PAIR_F83732EA01BE791E,COMPLETE_DIRECTED_PAIR_TEST_UNIVERSE_NOT_NETWORK_SELECTION
DIR_PAIR_467C7338042B2654,STOP_PROBE::FROZEN::100005,STOP_PROBE::SPECIAL::CASA_DI_COMUNITA_OLGIATE,DIR_PAIR_EBC678AC4DF95E95,COMPLETE_DIRECTED_PAIR_TEST_UNIVERSE_NOT_NETWORK_SELECTION
DIR_PAIR_C03BA2D17E904097,STOP_PROBE::FROZEN::300063,STOP_PROBE::ASF::ARLATE_BIVIO_PER_IL_PAESE,DIR_PAIR_1DA2616AFE64CD9E,COMPLETE_DIRECTED_PAIR_TEST_UNIVERSE_NOT_NETWORK_SELECTION
DIR_PAIR_EAEDCD567340EADA,STOP_PROBE::FROZEN::300063,STOP_PROBE::ASF::ARLATE_B_VIO_BRIVIO_MADONNINA,DIR_PAIR_34A477E90CDD75F3,COMPLETE_DIRECTED_PAIR_TEST_UNIVERSE_NOT_NETWORK_SELECTION
DIR_PAIR_B0E3CF0F4DD79EFA,STOP_PROBE::FROZEN::300063,STOP_PROBE::ASF::ARLATE_CANTINA_PIROVANO,DIR_PAIR_4BBDE32654409C4A,COMPLETE_DIRECTED_PAIR_TEST_UNIVERSE_NOT_NETWORK_SELECTION
DIR_PAIR_BB042B18FB494F9E,STOP_PROBE::FROZEN::300063,STOP_PROBE::ASF::BEVERATE_CARTELLO_PAESE,DIR_PAIR_97AA1F40DC64E76C,COMPLETE_DIRECTED_PAIR_TEST_UNIVERSE_NOT_NETWORK_SELECTION
DIR_PAIR_071931815311D99B,STOP_PROBE::FROZEN::300063,STOP_PROBE::ASF::BRIVIO_BAR_CRISTALLO,DIR_PAIR_1C83D2EAB84D55EA,COMPLETE_DIRECTED_PAIR_TEST_UNIVERSE_NOT_NETWORK_SELECTION
DIR_PAIR_BF0F7C1CA0422AEC,STOP_PROBE::FROZEN::300063,STOP_PROBE::ASF::BRIVIO_VIA_COMO_PENSILINA,DIR_PAIR_702820ABE642E999,COMPLETE_DIRECTED_PAIR_TEST_UNIVERSE_NOT_NETWORK_SELECTION
DIR_PAIR_9933F44A159E48FB,STOP_PROBE::FROZEN::300063,STOP_PROBE::ASF::CALCO_LARGO_POMEA,DIR_PAIR_D864D2141FDCA9AB,COMPLETE_DIRECTED_PAIR_TEST_UNIVERSE_NOT_NETWORK_SELECTION
DIR_PAIR_1476ED49F59C60EA,STOP_PROBE::FROZEN::300063,STOP_PROBE::ASF::CALCO_VIA_GARIBALDI,DIR_PAIR_B00F42E1DAE293EB,COMPLETE_DIRECTED_PAIR_TEST_UNIVERSE_NOT_NETWORK_SELECTION
DIR_PAIR_928BB7047264F73A,STOP_PROBE::FROZEN::300063,STOP_PROBE::ASF::IMBERSAGO_LOCALITA_CAZZULINO,DIR_PAIR_59790040729FB0D3,COMPLETE_DIRECTED_PAIR_TEST_UNIVERSE_NOT_NETWORK_SELECTION
DIR_PAIR_53C913FEBC45FF5F,STOP_PROBE::FROZEN::300063,STOP_PROBE::ASF::OLGIATE_MOLGORA_SCARPONE,DIR_PAIR_2C4E74966294AE3B,COMPLETE_DIRECTED_PAIR_TEST_UNIVERSE_NOT_NETWORK_SELECTION
DIR_PAIR_5D225A04251EE0D3,STOP_PROBE::FROZEN::300063,STOP_PROBE::ASF::OLGIATE_MOLGORA_VIA_DELLA_SALUTE,DIR_PAIR_F42FBAE11DF0DF49,COMPLETE_DIRECTED_PAIR_TEST_UNIVERSE_NOT_NETWORK_SELECTION
DIR_PAIR_C324126BE5622F5B,STOP_PROBE::FROZEN::300063,STOP_PROBE::ASF::OLGIATE_MOLGORA_VIA_STATALE,DIR_PAIR_A1A33FF575C37E0B,COMPLETE_DIRECTED_PAIR_TEST_UNIVERSE_NOT_NETWORK_SELECTION
DIR_PAIR_BDDEC9914F4EF5A3,STOP_PROBE::FROZEN::300063,STOP_PROBE::ASF::PEREGO_VIA_STATALE_79,DIR_PAIR_A01701239A613305,COMPLETE_DIRECTED_PAIR_TEST_UNIVERSE_NOT_NETWORK_SELECTION
DIR_PAIR_D1611A26C404DD0C,STOP_PROBE::FROZEN::300063,STOP_PROBE::ASF::ROVAGNATE_FRAZIONE_ALDUNO,DIR_PAIR_10EBEFF70B0D4C95,COMPLETE_DIRECTED_PAIR_TEST_UNIVERSE_NOT_NETWORK_SELECTION
DIR_PAIR_77F2AB5740B1F9B0,STOP_PROBE::FROZEN::300063,STOP_PROBE::ASF::ROVAGNATE_SS_ANG_V_LOMBARDIA,DIR_PAIR_A5AAE197BE74E529,COMPLETE_DIRECTED_PAIR_TEST_UNIVERSE_NOT_NETWORK_SELECTION
DIR_PAIR_C4C170955358B5F5,STOP_PROBE::FROZEN::300063,STOP_PROBE::ASF::ROVAGNATE_STRADA_STATALE_AGIP,DIR_PAIR_B9E95655FDD7105C,COMPLETE_DIRECTED_PAIR_TEST_UNIVERSE_NOT_NETWORK_SELECTION
DIR_PAIR_F70E5233F9DADFD4,STOP_PROBE::FROZEN::300063,STOP_PROBE::ASF::SANTA_MARIA_HOE_VIA_COMO,DIR_PAIR_9571F2253685BF22,COMPLETE_DIRECTED_PAIR_TEST_UNIVERSE_NOT_NETWORK_SELECTION
DIR_PAIR_F4BBB87BF7C7C5E8,STOP_PROBE::FROZEN::300063,STOP_PROBE::ASF::SANTA_MARIA_HOE_VIA_GIOVANNI_XXIII,DIR_PAIR_5E3CD4997CC8ADE7,COMPLETE_DIRECTED_PAIR_TEST_UNIVERSE_NOT_NETWORK_SELECTION
DIR_PAIR_6EB53A900765B8AD,STOP_PROBE::FROZEN::300063,STOP_PROBE::ASF::S_MARIA_HOE_S_P_58_ANG_VIA_CENISIO,DIR_PAIR_C1152F3545103DD4,COMPLETE_DIRECTED_PAIR_TEST_UNIVERSE_NOT_NETWORK_SELECTION
DIR_PAIR_2C517AF3D10954D3,STOP_PROBE::FROZEN::300063,STOP_PROBE::ASF::VACCAREZZA_CARTELLO_PAESE,DIR_PAIR_6B779A4E6452C70E,COMPLETE_DIRECTED_PAIR_TEST_UNIVERSE_NOT_NETWORK_SELECTION
DIR_PAIR_DE36851E382910EB,STOP_PROBE::FROZEN::300063,STOP_PROBE::FROZEN::100005,DIR_PAIR_8F078EA3E44042C9,COMPLETE_DIRECTED_PAIR_TEST_UNIVERSE_NOT_NETWORK_SELECTION
DIR_PAIR_C71FAEB81475849C,STOP_PROBE::FROZEN::300063,STOP_PROBE::FROZEN::300086,DIR_PAIR_6F23E66E9C75D3B9,COMPLETE_DIRECTED_PAIR_TEST_UNIVERSE_NOT_NETWORK_SELECTION
DIR_PAIR_15C9F94CAADE56A3,STOP_PROBE::FROZEN::300063,STOP_PROBE::FROZEN::300398,DIR_PAIR_DD2D1715E90664FF,COMPLETE_DIRECTED_PAIR_TEST_UNIVERSE_NOT_NETWORK_SELECTION
DIR_PAIR_F88A498ED13A5955,STOP_PROBE::FROZEN::300063,STOP_PROBE::FROZEN::300487,DIR_PAIR_1D338B38C0E54527,COMPLETE_DIRECTED_PAIR_TEST_UNIVERSE_NOT_NETWORK_SELECTION
DIR_PAIR_FD87899FA3AF40AC,STOP_PROBE::FROZEN::300063,STOP_PROBE::FROZEN::300527,DIR_PAIR_331CECDE9407D033,COMPLETE_DIRECTED_PAIR_TEST_UNIVERSE_NOT_NETWORK_SELECTION
DIR_PAIR_5174D41768A075EF,STOP_PROBE::FROZEN::300063,STOP_PROBE::FROZEN::300634,DIR_PAIR_C5957CC5E0843D47,COMPLETE_DIRECTED_PAIR_TEST_UNIVERSE_NOT_NETWORK_SELECTION
DIR_PAIR_E7CDF6FF3A15C5BB,STOP_PROBE::FROZEN::300063,STOP_PROBE::FROZEN::300743,DIR_PAIR_194545C7BA0321C6,COMPLETE_DIRECTED_PAIR_TEST_UNIVERSE_NOT_NETWORK_SELECTION
DIR_PAIR_CEB4BF36AF3620EA,STOP_PROBE::FROZEN::300063,STOP_PROBE::FROZEN::300782,DIR_PAIR_B373D6BC321BB9FF,COMPLETE_DIRECTED_PAIR_TEST_UNIVERSE_NOT_NETWORK_SELECTION
DIR_PAIR_68077E365F65E219,STOP_PROBE::FROZEN::300063,STOP_PROBE::FROZEN::300805,DIR_PAIR_D6DC0460F8D219B3,COMPLETE_DIRECTED_PAIR_TEST_UNIVERSE_NOT_NETWORK_SELECTION
DIR_PAIR_2E931111CE4E0695,STOP_PROBE::FROZEN::300063,STOP_PROBE::FROZEN::300873,DIR_PAIR_B7C75C4CD423D856,COMPLETE_DIRECTED_PAIR_TEST_UNIVERSE_NOT_NETWORK_SELECTION
DIR_PAIR_594521977BD7659C,STOP_PROBE::FROZEN::300063,STOP_PROBE::FROZEN::300879,DIR_PAIR_D6D3330DC61DF666,COMPLETE_DIRECTED_PAIR_TEST_UNIVERSE_NOT_NETWORK_SELECTION
DIR_PAIR_A58CCCC9C365C645,STOP_PROBE::FROZEN::300063,STOP_PROBE::FROZEN::300956,DIR_PAIR_BAFDD8033940AE26,COMPLETE_DIRECTED_PAIR_TEST_UNIVERSE_NOT_NETWORK_SELECTION
DIR_PAIR_8E4A25EB3378026C,STOP_PROBE::FROZEN::300063,STOP_PROBE::FROZEN::L00407,DIR_PAIR_3D6EE9AB347FBDD5,COMPLETE_DIRECTED_PAIR_TEST_UNIVERSE_NOT_NETWORK_SELECTION
DIR_PAIR_B67A1004BE691DC3,STOP_PROBE::FROZEN::300063,STOP_PROBE::MANUAL::CALCO_SCAGNELLO,DIR_PAIR_362C08CB5B463DB2,COMPLETE_DIRECTED_PAIR_TEST_UNIVERSE_NOT_NETWORK_SELECTION
DIR_PAIR_F5E8A3066C6AC33C,STOP_PROBE::FROZEN::300063,STOP_PROBE::SPECIAL::CASA_DI_COMUNITA_OLGIATE,DIR_PAIR_D1639E7ABCB399FF,COMPLETE_DIRECTED_PAIR_TEST_UNIVERSE_NOT_NETWORK_SELECTION
DIR_PAIR_E14F3492DF48A386,STOP_PROBE::FROZEN::300086,STOP_PROBE::ASF::ARLATE_BIVIO_PER_IL_PAESE,DIR_PAIR_C0651F7ECD04E239,COMPLETE_DIRECTED_PAIR_TEST_UNIVERSE_NOT_NETWORK_SELECTION
DIR_PAIR_F8655B95F9879406,STOP_PROBE::FROZEN::300086,STOP_PROBE::ASF::ARLATE_B_VIO_BRIVIO_MADONNINA,DIR_PAIR_95D002D5DB5B2ACB,COMPLETE_DIRECTED_PAIR_TEST_UNIVERSE_NOT_NETWORK_SELECTION
DIR_PAIR_D0F5AFCDF62166AD,STOP_PROBE::FROZEN::300086,STOP_PROBE::ASF::ARLATE_CANTINA_PIROVANO,DIR_PAIR_318710E19B3A0F62,COMPLETE_DIRECTED_PAIR_TEST_UNIVERSE_NOT_NETWORK_SELECTION
DIR_PAIR_22B867D250E8C2DC,STOP_PROBE::FROZEN::300086,STOP_PROBE::ASF::BEVERATE_CARTELLO_PAESE,DIR_PAIR_61E8467F4634D2CD,COMPLETE_DIRECTED_PAIR_TEST_UNIVERSE_NOT_NETWORK_SELECTION
DIR_PAIR_CDE07D5BD52D79E7,STOP_PROBE::FROZEN::300086,STOP_PROBE::ASF::BRIVIO_BAR_CRISTALLO,DIR_PAIR_86AFED3E80296528,COMPLETE_DIRECTED_PAIR_TEST_UNIVERSE_NOT_NETWORK_SELECTION
DIR_PAIR_99303275528D7B07,STOP_PROBE::FROZEN::300086,STOP_PROBE::ASF::BRIVIO_VIA_COMO_PENSILINA,DIR_PAIR_98091CDD2F72A779,COMPLETE_DIRECTED_PAIR_TEST_UNIVERSE_NOT_NETWORK_SELECTION
DIR_PAIR_1369B36CFDD3AF16,STOP_PROBE::FROZEN::300086,STOP_PROBE::ASF::CALCO_LARGO_POMEA,DIR_PAIR_670FE45B82F8E6DA,COMPLETE_DIRECTED_PAIR_TEST_UNIVERSE_NOT_NETWORK_SELECTION
DIR_PAIR_B1D096CCF7D2BD18,STOP_PROBE::FROZEN::300086,STOP_PROBE::ASF::CALCO_VIA_GARIBALDI,DIR_PAIR_0B857BF3BB7D013E,COMPLETE_DIRECTED_PAIR_TEST_UNIVERSE_NOT_NETWORK_SELECTION
DIR_PAIR_1A2967B6FA0676FA,STOP_PROBE::FROZEN::300086,STOP_PROBE::ASF::IMBERSAGO_LOCALITA_CAZZULINO,DIR_PAIR_DD947BD2D000ED02,COMPLETE_DIRECTED_PAIR_TEST_UNIVERSE_NOT_NETWORK_SELECTION
DIR_PAIR_90775149CA6847D2,STOP_PROBE::FROZEN::300086,STOP_PROBE::ASF::OLGIATE_MOLGORA_SCARPONE,DIR_PAIR_13C6A294D77BA71B,COMPLETE_DIRECTED_PAIR_TEST_UNIVERSE_NOT_NETWORK_SELECTION
DIR_PAIR_395DB6E0AD6555AF,STOP_PROBE::FROZEN::300086,STOP_PROBE::ASF::OLGIATE_MOLGORA_VIA_DELLA_SALUTE,DIR_PAIR_FD9658C57FD9F862,COMPLETE_DIRECTED_PAIR_TEST_UNIVERSE_NOT_NETWORK_SELECTION
DIR_PAIR_3682D6462599AA93,STOP_PROBE::FROZEN::300086,STOP_PROBE::ASF::OLGIATE_MOLGORA_VIA_STATALE,DIR_PAIR_B0A95B2658C9BB96,COMPLETE_DIRECTED_PAIR_TEST_UNIVERSE_NOT_NETWORK_SELECTION
DIR_PAIR_B1BE1A3959756CEC,STOP_PROBE::FROZEN::300086,STOP_PROBE::ASF::PEREGO_VIA_STATALE_79,DIR_PAIR_4F5CC4DB4A228706,COMPLETE_DIRECTED_PAIR_TEST_UNIVERSE_NOT_NETWORK_SELECTION
DIR_PAIR_B9C6C0B360FFD0F7,STOP_PROBE::FROZEN::300086,STOP_PROBE::ASF::ROVAGNATE_FRAZIONE_ALDUNO,DIR_PAIR_D739159051AFDDF7,COMPLETE_DIRECTED_PAIR_TEST_UNIVERSE_NOT_NETWORK_SELECTION
DIR_PAIR_AB22002042DBF1B8,STOP_PROBE::FROZEN::300086,STOP_PROBE::ASF::ROVAGNATE_SS_ANG_V_LOMBARDIA,DIR_PAIR_580B016A776EC4E4,COMPLETE_DIRECTED_PAIR_TEST_UNIVERSE_NOT_NETWORK_SELECTION
DIR_PAIR_519355B6D2F54683,STOP_PROBE::FROZEN::300086,STOP_PROBE::ASF::ROVAGNATE_STRADA_STATALE_AGIP,DIR_PAIR_1383B9CE584A6794,COMPLETE_DIRECTED_PAIR_TEST_UNIVERSE_NOT_NETWORK_SELECTION
DIR_PAIR_B0E76716340133A0,STOP_PROBE::FROZEN::300086,STOP_PROBE::ASF::SANTA_MARIA_HOE_VIA_COMO,DIR_PAIR_A5E1535F8C031A3C,COMPLETE_DIRECTED_PAIR_TEST_UNIVERSE_NOT_NETWORK_SELECTION
DIR_PAIR_3EFB891E3271DC0E,STOP_PROBE::FROZEN::300086,STOP_PROBE::ASF::SANTA_MARIA_HOE_VIA_GIOVANNI_XXIII,DIR_PAIR_6222BF2E7C540588,COMPLETE_DIRECTED_PAIR_TEST_UNIVERSE_NOT_NETWORK_SELECTION
DIR_PAIR_DA721664B50D066F,STOP_PROBE::FROZEN::300086,STOP_PROBE::ASF::S_MARIA_HOE_S_P_58_ANG_VIA_CENISIO,DIR_PAIR_24B46ECADF7EB989,COMPLETE_DIRECTED_PAIR_TEST_UNIVERSE_NOT_NETWORK_SELECTION
DIR_PAIR_1260CA1F39FB8FB9,STOP_PROBE::FROZEN::300086,STOP_PROBE::ASF::VACCAREZZA_CARTELLO_PAESE,DIR_PAIR_46CEC8A19807EDAF,COMPLETE_DIRECTED_PAIR_TEST_UNIVERSE_NOT_NETWORK_SELECTION
DIR_PAIR_E3AF307182DED40B,STOP_PROBE::FROZEN::300086,STOP_PROBE::FROZEN::100005,DIR_PAIR_3B397F4F99E66537,COMPLETE_DIRECTED_PAIR_TEST_UNIVERSE_NOT_NETWORK_SELECTION
DIR_PAIR_6F23E66E9C75D3B9,STOP_PROBE::FROZEN::300086,STOP_PROBE::FROZEN::300063,DIR_PAIR_C71FAEB81475849C,COMPLETE_DIRECTED_PAIR_TEST_UNIVERSE_NOT_NETWORK_SELECTION
DIR_PAIR_9C9AC1C6B14B8796,STOP_PROBE::FROZEN::300086,STOP_PROBE::FROZEN::300398,DIR_PAIR_E73F9B41A2A89160,COMPLETE_DIRECTED_PAIR_TEST_UNIVERSE_NOT_NETWORK_SELECTION
DIR_PAIR_7E219B2DBEE46C02,STOP_PROBE::FROZEN::300086,STOP_PROBE::FROZEN::300487,DIR_PAIR_C9B663D4A0637732,COMPLETE_DIRECTED_PAIR_TEST_UNIVERSE_NOT_NETWORK_SELECTION
DIR_PAIR_05B14611A2C3B3D0,STOP_PROBE::FROZEN::300086,STOP_PROBE::FROZEN::300527,DIR_PAIR_7DB69A17183C9EDC,COMPLETE_DIRECTED_PAIR_TEST_UNIVERSE_NOT_NETWORK_SELECTION
DIR_PAIR_00E7ED98EBD43467,STOP_PROBE::FROZEN::300086,STOP_PROBE::FROZEN::300634,DIR_PAIR_E44D69BA94EDE749,COMPLETE_DIRECTED_PAIR_TEST_UNIVERSE_NOT_NETWORK_SELECTION
DIR_PAIR_111005B7F7097F85,STOP_PROBE::FROZEN::300086,STOP_PROBE::FROZEN::300743,DIR_PAIR_91278EE5317BC2AB,COMPLETE_DIRECTED_PAIR_TEST_UNIVERSE_NOT_NETWORK_SELECTION
DIR_PAIR_BFF20D6C14E167D7,STOP_PROBE::FROZEN::300086,STOP_PROBE::FROZEN::300782,DIR_PAIR_E19D0B1A9D5F0915,COMPLETE_DIRECTED_PAIR_TEST_UNIVERSE_NOT_NETWORK_SELECTION
DIR_PAIR_EB96B748BC0B5BB3,STOP_PROBE::FROZEN::300086,STOP_PROBE::FROZEN::300805,DIR_PAIR_61E8855B14CFCBE1,COMPLETE_DIRECTED_PAIR_TEST_UNIVERSE_NOT_NETWORK_SELECTION
DIR_PAIR_F1FBD9B7341F8C4E,STOP_PROBE::FROZEN::300086,STOP_PROBE::FROZEN::300873,DIR_PAIR_BCD5277B8E813968,COMPLETE_DIRECTED_PAIR_TEST_UNIVERSE_NOT_NETWORK_SELECTION
DIR_PAIR_353C6041583294F5,STOP_PROBE::FROZEN::300086,STOP_PROBE::FROZEN::300879,DIR_PAIR_D3E71F3F885CBBE3,COMPLETE_DIRECTED_PAIR_TEST_UNIVERSE_NOT_NETWORK_SELECTION
DIR_PAIR_B69743F5504B7D02,STOP_PROBE::FROZEN::300086,STOP_PROBE::FROZEN::300956,DIR_PAIR_93D082430805227F,COMPLETE_DIRECTED_PAIR_TEST_UNIVERSE_NOT_NETWORK_SELECTION
DIR_PAIR_741E8265807FA8F6,STOP_PROBE::FROZEN::300086,STOP_PROBE::FROZEN::L00407,DIR_PAIR_F4BD66F3A6CD4384,COMPLETE_DIRECTED_PAIR_TEST_UNIVERSE_NOT_NETWORK_SELECTION
DIR_PAIR_9A4770C1B83F7760,STOP_PROBE::FROZEN::300086,STOP_PROBE::MANUAL::CALCO_SCAGNELLO,DIR_PAIR_80EE4CD8B30028BA,COMPLETE_DIRECTED_PAIR_TEST_UNIVERSE_NOT_NETWORK_SELECTION
DIR_PAIR_FA87C37E871A9D24,STOP_PROBE::FROZEN::300086,STOP_PROBE::SPECIAL::CASA_DI_COMUNITA_OLGIATE,DIR_PAIR_447585813D2F8EC9,COMPLETE_DIRECTED_PAIR_TEST_UNIVERSE_NOT_NETWORK_SELECTION
DIR_PAIR_6BD795533148ED6F,STOP_PROBE::FROZEN::300398,STOP_PROBE::ASF::ARLATE_BIVIO_PER_IL_PAESE,DIR_PAIR_EFBE2B90D20C8904,COMPLETE_DIRECTED_PAIR_TEST_UNIVERSE_NOT_NETWORK_SELECTION
DIR_PAIR_CDDDDC4967AA144B,STOP_PROBE::FROZEN::300398,STOP_PROBE::ASF::ARLATE_B_VIO_BRIVIO_MADONNINA,DIR_PAIR_3ADAA43A727DF80C,COMPLETE_DIRECTED_PAIR_TEST_UNIVERSE_NOT_NETWORK_SELECTION
DIR_PAIR_C1861A1CCED004E8,STOP_PROBE::FROZEN::300398,STOP_PROBE::ASF::ARLATE_CANTINA_PIROVANO,DIR_PAIR_8D6DBCBA95E69C28,COMPLETE_DIRECTED_PAIR_TEST_UNIVERSE_NOT_NETWORK_SELECTION
DIR_PAIR_931A42AD181C5B2E,STOP_PROBE::FROZEN::300398,STOP_PROBE::ASF::BEVERATE_CARTELLO_PAESE,DIR_PAIR_1D6A3C4019A52C3E,COMPLETE_DIRECTED_PAIR_TEST_UNIVERSE_NOT_NETWORK_SELECTION
DIR_PAIR_70E855EA6DACDF0B,STOP_PROBE::FROZEN::300398,STOP_PROBE::ASF::BRIVIO_BAR_CRISTALLO,DIR_PAIR_476813884967F26A,COMPLETE_DIRECTED_PAIR_TEST_UNIVERSE_NOT_NETWORK_SELECTION
DIR_PAIR_E0B78405ECD5BC84,STOP_PROBE::FROZEN::300398,STOP_PROBE::ASF::BRIVIO_VIA_COMO_PENSILINA,DIR_PAIR_A762AE6F29C92169,COMPLETE_DIRECTED_PAIR_TEST_UNIVERSE_NOT_NETWORK_SELECTION
DIR_PAIR_533CB7C82B304B88,STOP_PROBE::FROZEN::300398,STOP_PROBE::ASF::CALCO_LARGO_POMEA,DIR_PAIR_EA7E429C715E6140,COMPLETE_DIRECTED_PAIR_TEST_UNIVERSE_NOT_NETWORK_SELECTION
DIR_PAIR_567F0EF939315492,STOP_PROBE::FROZEN::300398,STOP_PROBE::ASF::CALCO_VIA_GARIBALDI,DIR_PAIR_6F327253E0620923,COMPLETE_DIRECTED_PAIR_TEST_UNIVERSE_NOT_NETWORK_SELECTION
DIR_PAIR_39A257DB88D1EE46,STOP_PROBE::FROZEN::300398,STOP_PROBE::ASF::IMBERSAGO_LOCALITA_CAZZULINO,DIR_PAIR_C7EBD22E1B433694,COMPLETE_DIRECTED_PAIR_TEST_UNIVERSE_NOT_NETWORK_SELECTION
DIR_PAIR_57D6DA0A12DB5181,STOP_PROBE::FROZEN::300398,STOP_PROBE::ASF::OLGIATE_MOLGORA_SCARPONE,DIR_PAIR_58D1C920C5DB5F18,COMPLETE_DIRECTED_PAIR_TEST_UNIVERSE_NOT_NETWORK_SELECTION
DIR_PAIR_533E9BC3605C51A1,STOP_PROBE::FROZEN::300398,STOP_PROBE::ASF::OLGIATE_MOLGORA_VIA_DELLA_SALUTE,DIR_PAIR_F760D42A247E1309,COMPLETE_DIRECTED_PAIR_TEST_UNIVERSE_NOT_NETWORK_SELECTION
DIR_PAIR_07345FFDE7A64375,STOP_PROBE::FROZEN::300398,STOP_PROBE::ASF::OLGIATE_MOLGORA_VIA_STATALE,DIR_PAIR_D01EAD3D70F580FA,COMPLETE_DIRECTED_PAIR_TEST_UNIVERSE_NOT_NETWORK_SELECTION
DIR_PAIR_796DBEF45FB5B890,STOP_PROBE::FROZEN::300398,STOP_PROBE::ASF::PEREGO_VIA_STATALE_79,DIR_PAIR_6997C506B8DF30B1,COMPLETE_DIRECTED_PAIR_TEST_UNIVERSE_NOT_NETWORK_SELECTION
DIR_PAIR_67D9FBA42DFB63DF,STOP_PROBE::FROZEN::300398,STOP_PROBE::ASF::ROVAGNATE_FRAZIONE_ALDUNO,DIR_PAIR_D73E17F664495116,COMPLETE_DIRECTED_PAIR_TEST_UNIVERSE_NOT_NETWORK_SELECTION
DIR_PAIR_1B1586FCB34F8E0A,STOP_PROBE::FROZEN::300398,STOP_PROBE::ASF::ROVAGNATE_SS_ANG_V_LOMBARDIA,DIR_PAIR_BB6E8C1D0DF429BE,COMPLETE_DIRECTED_PAIR_TEST_UNIVERSE_NOT_NETWORK_SELECTION
DIR_PAIR_9A52A7AE7575E503,STOP_PROBE::FROZEN::300398,STOP_PROBE::ASF::ROVAGNATE_STRADA_STATALE_AGIP,DIR_PAIR_418B30DC99EE260F,COMPLETE_DIRECTED_PAIR_TEST_UNIVERSE_NOT_NETWORK_SELECTION
DIR_PAIR_664E85093E542E90,STOP_PROBE::FROZEN::300398,STOP_PROBE::ASF::SANTA_MARIA_HOE_VIA_COMO,DIR_PAIR_41D003CC96F63A60,COMPLETE_DIRECTED_PAIR_TEST_UNIVERSE_NOT_NETWORK_SELECTION
DIR_PAIR_D8660D22E95A0865,STOP_PROBE::FROZEN::300398,STOP_PROBE::ASF::SANTA_MARIA_HOE_VIA_GIOVANNI_XXIII,DIR_PAIR_F15FEFC6072AF55F,COMPLETE_DIRECTED_PAIR_TEST_UNIVERSE_NOT_NETWORK_SELECTION
DIR_PAIR_EA51140DF8950A12,STOP_PROBE::FROZEN::300398,STOP_PROBE::ASF::S_MARIA_HOE_S_P_58_ANG_VIA_CENISIO,DIR_PAIR_2E645FE28DD2C082,COMPLETE_DIRECTED_PAIR_TEST_UNIVERSE_NOT_NETWORK_SELECTION
DIR_PAIR_21FA0D5660E57E58,STOP_PROBE::FROZEN::300398,STOP_PROBE::ASF::VACCAREZZA_CARTELLO_PAESE,DIR_PAIR_F0D834F8B5885C44,COMPLETE_DIRECTED_PAIR_TEST_UNIVERSE_NOT_NETWORK_SELECTION
DIR_PAIR_4D6832508605C6E0,STOP_PROBE::FROZEN::300398,STOP_PROBE::FROZEN::100005,DIR_PAIR_415FE66CB4794DBB,COMPLETE_DIRECTED_PAIR_TEST_UNIVERSE_NOT_NETWORK_SELECTION
DIR_PAIR_DD2D1715E90664FF,STOP_PROBE::FROZEN::300398,STOP_PROBE::FROZEN::300063,DIR_PAIR_15C9F94CAADE56A3,COMPLETE_DIRECTED_PAIR_TEST_UNIVERSE_NOT_NETWORK_SELECTION
DIR_PAIR_E73F9B41A2A89160,STOP_PROBE::FROZEN::300398,STOP_PROBE::FROZEN::300086,DIR_PAIR_9C9AC1C6B14B8796,COMPLETE_DIRECTED_PAIR_TEST_UNIVERSE_NOT_NETWORK_SELECTION
DIR_PAIR_131BE2F3A9CD3937,STOP_PROBE::FROZEN::300398,STOP_PROBE::FROZEN::300487,DIR_PAIR_B860C2E0E6D2257D,COMPLETE_DIRECTED_PAIR_TEST_UNIVERSE_NOT_NETWORK_SELECTION
DIR_PAIR_77CFF50002937F06,STOP_PROBE::FROZEN::300398,STOP_PROBE::FROZEN::300527,DIR_PAIR_62FFE51C1B99E1DF,COMPLETE_DIRECTED_PAIR_TEST_UNIVERSE_NOT_NETWORK_SELECTION
DIR_PAIR_03DFF6FF6AD78E5C,STOP_PROBE::FROZEN::300398,STOP_PROBE::FROZEN::300634,DIR_PAIR_C893346AF3027E90,COMPLETE_DIRECTED_PAIR_TEST_UNIVERSE_NOT_NETWORK_SELECTION
DIR_PAIR_2E70295EAD375E1E,STOP_PROBE::FROZEN::300398,STOP_PROBE::FROZEN::300743,DIR_PAIR_DCD76AC108FA91EE,COMPLETE_DIRECTED_PAIR_TEST_UNIVERSE_NOT_NETWORK_SELECTION
DIR_PAIR_747FDC6972B5870D,STOP_PROBE::FROZEN::300398,STOP_PROBE::FROZEN::300782,DIR_PAIR_FBE6018E1840EDBC,COMPLETE_DIRECTED_PAIR_TEST_UNIVERSE_NOT_NETWORK_SELECTION
DIR_PAIR_35BB78CCCEA789E8,STOP_PROBE::FROZEN::300398,STOP_PROBE::FROZEN::300805,DIR_PAIR_9C966A3A363ACF83,COMPLETE_DIRECTED_PAIR_TEST_UNIVERSE_NOT_NETWORK_SELECTION
DIR_PAIR_7BAB4259F3907B7A,STOP_PROBE::FROZEN::300398,STOP_PROBE::FROZEN::300873,DIR_PAIR_5B48A3E73DDEA4BF,COMPLETE_DIRECTED_PAIR_TEST_UNIVERSE_NOT_NETWORK_SELECTION
DIR_PAIR_C3549A158C80C56A,STOP_PROBE::FROZEN::300398,STOP_PROBE::FROZEN::300879,DIR_PAIR_DE72D5611BD92DDE,COMPLETE_DIRECTED_PAIR_TEST_UNIVERSE_NOT_NETWORK_SELECTION
DIR_PAIR_EF8A1BBF57C9D5A0,STOP_PROBE::FROZEN::300398,STOP_PROBE::FROZEN::300956,DIR_PAIR_BC90AF6D2A9EB4AB,COMPLETE_DIRECTED_PAIR_TEST_UNIVERSE_NOT_NETWORK_SELECTION
DIR_PAIR_DD6C1A13C1F44149,STOP_PROBE::FROZEN::300398,STOP_PROBE::FROZEN::L00407,DIR_PAIR_B4D92EC7D3735375,COMPLETE_DIRECTED_PAIR_TEST_UNIVERSE_NOT_NETWORK_SELECTION
DIR_PAIR_818E8578627C5085,STOP_PROBE::FROZEN::300398,STOP_PROBE::MANUAL::CALCO_SCAGNELLO,DIR_PAIR_703E717217F7C549,COMPLETE_DIRECTED_PAIR_TEST_UNIVERSE_NOT_NETWORK_SELECTION
DIR_PAIR_3F434B9B9F02F2F2,STOP_PROBE::FROZEN::300398,STOP_PROBE::SPECIAL::CASA_DI_COMUNITA_OLGIATE,DIR_PAIR_B0B58C445EEC3DCD,COMPLETE_DIRECTED_PAIR_TEST_UNIVERSE_NOT_NETWORK_SELECTION
DIR_PAIR_1DDBCFA097601B42,STOP_PROBE::FROZEN::300487,STOP_PROBE::ASF::ARLATE_BIVIO_PER_IL_PAESE,DIR_PAIR_73FC758A92DF7442,COMPLETE_DIRECTED_PAIR_TEST_UNIVERSE_NOT_NETWORK_SELECTION
DIR_PAIR_6C1ACBB2648CDEE8,STOP_PROBE::FROZEN::300487,STOP_PROBE::ASF::ARLATE_B_VIO_BRIVIO_MADONNINA,DIR_PAIR_8EB8C99EC3017F00,COMPLETE_DIRECTED_PAIR_TEST_UNIVERSE_NOT_NETWORK_SELECTION
DIR_PAIR_1EE7F90CC6DF784D,STOP_PROBE::FROZEN::300487,STOP_PROBE::ASF::ARLATE_CANTINA_PIROVANO,DIR_PAIR_AE0C76B5DCA98B1D,COMPLETE_DIRECTED_PAIR_TEST_UNIVERSE_NOT_NETWORK_SELECTION
DIR_PAIR_428AA9CBECB68B1D,STOP_PROBE::FROZEN::300487,STOP_PROBE::ASF::BEVERATE_CARTELLO_PAESE,DIR_PAIR_7501A2C7A7D6CDB4,COMPLETE_DIRECTED_PAIR_TEST_UNIVERSE_NOT_NETWORK_SELECTION
DIR_PAIR_1D1EB6F16494E10D,STOP_PROBE::FROZEN::300487,STOP_PROBE::ASF::BRIVIO_BAR_CRISTALLO,DIR_PAIR_24D398E0A5FDCA0F,COMPLETE_DIRECTED_PAIR_TEST_UNIVERSE_NOT_NETWORK_SELECTION
DIR_PAIR_55DD8D60E54F0750,STOP_PROBE::FROZEN::300487,STOP_PROBE::ASF::BRIVIO_VIA_COMO_PENSILINA,DIR_PAIR_360067A49BCD8F04,COMPLETE_DIRECTED_PAIR_TEST_UNIVERSE_NOT_NETWORK_SELECTION
DIR_PAIR_F4E58111ECA64EC2,STOP_PROBE::FROZEN::300487,STOP_PROBE::ASF::CALCO_LARGO_POMEA,DIR_PAIR_1C6578DA01A9EE5E,COMPLETE_DIRECTED_PAIR_TEST_UNIVERSE_NOT_NETWORK_SELECTION
DIR_PAIR_F1C15F0A277F1290,STOP_PROBE::FROZEN::300487,STOP_PROBE::ASF::CALCO_VIA_GARIBALDI,DIR_PAIR_81825B3E503BC00C,COMPLETE_DIRECTED_PAIR_TEST_UNIVERSE_NOT_NETWORK_SELECTION
DIR_PAIR_8CCC9AFA8A2093C4,STOP_PROBE::FROZEN::300487,STOP_PROBE::ASF::IMBERSAGO_LOCALITA_CAZZULINO,DIR_PAIR_843688CC7FD40C2A,COMPLETE_DIRECTED_PAIR_TEST_UNIVERSE_NOT_NETWORK_SELECTION
DIR_PAIR_04F48696952866FC,STOP_PROBE::FROZEN::300487,STOP_PROBE::ASF::OLGIATE_MOLGORA_SCARPONE,DIR_PAIR_ECDFE57714FEAFAE,COMPLETE_DIRECTED_PAIR_TEST_UNIVERSE_NOT_NETWORK_SELECTION
DIR_PAIR_2FF1C109FABC3A35,STOP_PROBE::FROZEN::300487,STOP_PROBE::ASF::OLGIATE_MOLGORA_VIA_DELLA_SALUTE,DIR_PAIR_641F2D39E4FFD981,COMPLETE_DIRECTED_PAIR_TEST_UNIVERSE_NOT_NETWORK_SELECTION
DIR_PAIR_868313D2F75521B7,STOP_PROBE::FROZEN::300487,STOP_PROBE::ASF::OLGIATE_MOLGORA_VIA_STATALE,DIR_PAIR_5AB35828578FCDBC,COMPLETE_DIRECTED_PAIR_TEST_UNIVERSE_NOT_NETWORK_SELECTION
DIR_PAIR_80F44E8E45CE5E28,STOP_PROBE::FROZEN::300487,STOP_PROBE::ASF::PEREGO_VIA_STATALE_79,DIR_PAIR_1E956BD8932B5723,COMPLETE_DIRECTED_PAIR_TEST_UNIVERSE_NOT_NETWORK_SELECTION
DIR_PAIR_44F1E06265D6E133,STOP_PROBE::FROZEN::300487,STOP_PROBE::ASF::ROVAGNATE_FRAZIONE_ALDUNO,DIR_PAIR_BCBEEF0710905202,COMPLETE_DIRECTED_PAIR_TEST_UNIVERSE_NOT_NETWORK_SELECTION
DIR_PAIR_734D60C69DEEA11F,STOP_PROBE::FROZEN::300487,STOP_PROBE::ASF::ROVAGNATE_SS_ANG_V_LOMBARDIA,DIR_PAIR_967A7D3CAD43D81D,COMPLETE_DIRECTED_PAIR_TEST_UNIVERSE_NOT_NETWORK_SELECTION
DIR_PAIR_F2E71EC8B3D0F842,STOP_PROBE::FROZEN::300487,STOP_PROBE::ASF::ROVAGNATE_STRADA_STATALE_AGIP,DIR_PAIR_CCB53E2B5EEC0E16,COMPLETE_DIRECTED_PAIR_TEST_UNIVERSE_NOT_NETWORK_SELECTION
DIR_PAIR_8476A9E7DA97A784,STOP_PROBE::FROZEN::300487,STOP_PROBE::ASF::SANTA_MARIA_HOE_VIA_COMO,DIR_PAIR_215837B49378132E,COMPLETE_DIRECTED_PAIR_TEST_UNIVERSE_NOT_NETWORK_SELECTION
DIR_PAIR_BB5193357C255FDC,STOP_PROBE::FROZEN::300487,STOP_PROBE::ASF::SANTA_MARIA_HOE_VIA_GIOVANNI_XXIII,DIR_PAIR_823A895D27822A99,COMPLETE_DIRECTED_PAIR_TEST_UNIVERSE_NOT_NETWORK_SELECTION
DIR_PAIR_B1C3BC8B6D5D8B64,STOP_PROBE::FROZEN::300487,STOP_PROBE::ASF::S_MARIA_HOE_S_P_58_ANG_VIA_CENISIO,DIR_PAIR_9171ECFAB08DA199,COMPLETE_DIRECTED_PAIR_TEST_UNIVERSE_NOT_NETWORK_SELECTION
DIR_PAIR_D66B0CAF0BC7770D,STOP_PROBE::FROZEN::300487,STOP_PROBE::ASF::VACCAREZZA_CARTELLO_PAESE,DIR_PAIR_A4ABE429B556D1B0,COMPLETE_DIRECTED_PAIR_TEST_UNIVERSE_NOT_NETWORK_SELECTION
DIR_PAIR_47E45C85F504EC81,STOP_PROBE::FROZEN::300487,STOP_PROBE::FROZEN::100005,DIR_PAIR_6EFDFDAC121467D4,COMPLETE_DIRECTED_PAIR_TEST_UNIVERSE_NOT_NETWORK_SELECTION
DIR_PAIR_1D338B38C0E54527,STOP_PROBE::FROZEN::300487,STOP_PROBE::FROZEN::300063,DIR_PAIR_F88A498ED13A5955,COMPLETE_DIRECTED_PAIR_TEST_UNIVERSE_NOT_NETWORK_SELECTION
DIR_PAIR_C9B663D4A0637732,STOP_PROBE::FROZEN::300487,STOP_PROBE::FROZEN::300086,DIR_PAIR_7E219B2DBEE46C02,COMPLETE_DIRECTED_PAIR_TEST_UNIVERSE_NOT_NETWORK_SELECTION
DIR_PAIR_B860C2E0E6D2257D,STOP_PROBE::FROZEN::300487,STOP_PROBE::FROZEN::300398,DIR_PAIR_131BE2F3A9CD3937,COMPLETE_DIRECTED_PAIR_TEST_UNIVERSE_NOT_NETWORK_SELECTION
DIR_PAIR_DB46013E3AFDF308,STOP_PROBE::FROZEN::300487,STOP_PROBE::FROZEN::300527,DIR_PAIR_A76AF2F3F143192E,COMPLETE_DIRECTED_PAIR_TEST_UNIVERSE_NOT_NETWORK_SELECTION
DIR_PAIR_C55CF7FA9DB2CB28,STOP_PROBE::FROZEN::300487,STOP_PROBE::FROZEN::300634,DIR_PAIR_310E2FD274337199,COMPLETE_DIRECTED_PAIR_TEST_UNIVERSE_NOT_NETWORK_SELECTION
DIR_PAIR_B49A179E5C32D32D,STOP_PROBE::FROZEN::300487,STOP_PROBE::FROZEN::300743,DIR_PAIR_D5084C37613A04E6,COMPLETE_DIRECTED_PAIR_TEST_UNIVERSE_NOT_NETWORK_SELECTION
DIR_PAIR_6C2B4C12D0818408,STOP_PROBE::FROZEN::300487,STOP_PROBE::FROZEN::300782,DIR_PAIR_F944FAB25F12DABA,COMPLETE_DIRECTED_PAIR_TEST_UNIVERSE_NOT_NETWORK_SELECTION
DIR_PAIR_D84A7E82B8F3D0E0,STOP_PROBE::FROZEN::300487,STOP_PROBE::FROZEN::300805,DIR_PAIR_F88FB8BCD67A8593,COMPLETE_DIRECTED_PAIR_TEST_UNIVERSE_NOT_NETWORK_SELECTION
DIR_PAIR_A4B198B4118FC315,STOP_PROBE::FROZEN::300487,STOP_PROBE::FROZEN::300873,DIR_PAIR_3531C3A4C377A3D2,COMPLETE_DIRECTED_PAIR_TEST_UNIVERSE_NOT_NETWORK_SELECTION
DIR_PAIR_F55123B246CED7B5,STOP_PROBE::FROZEN::300487,STOP_PROBE::FROZEN::300879,DIR_PAIR_DB6F6F62C35D0660,COMPLETE_DIRECTED_PAIR_TEST_UNIVERSE_NOT_NETWORK_SELECTION
DIR_PAIR_F14BCCE9EF4675BA,STOP_PROBE::FROZEN::300487,STOP_PROBE::FROZEN::300956,DIR_PAIR_7C3A1197C4FE837E,COMPLETE_DIRECTED_PAIR_TEST_UNIVERSE_NOT_NETWORK_SELECTION
DIR_PAIR_EEF993AB8BAE3094,STOP_PROBE::FROZEN::300487,STOP_PROBE::FROZEN::L00407,DIR_PAIR_AD7CC554A5F47D50,COMPLETE_DIRECTED_PAIR_TEST_UNIVERSE_NOT_NETWORK_SELECTION
DIR_PAIR_54B3279C83AF3F32,STOP_PROBE::FROZEN::300487,STOP_PROBE::MANUAL::CALCO_SCAGNELLO,DIR_PAIR_51E6545C2BF204DE,COMPLETE_DIRECTED_PAIR_TEST_UNIVERSE_NOT_NETWORK_SELECTION
DIR_PAIR_DE7E717EE3E37821,STOP_PROBE::FROZEN::300487,STOP_PROBE::SPECIAL::CASA_DI_COMUNITA_OLGIATE,DIR_PAIR_BBEE389D51214513,COMPLETE_DIRECTED_PAIR_TEST_UNIVERSE_NOT_NETWORK_SELECTION
DIR_PAIR_B80D1470F720827F,STOP_PROBE::FROZEN::300527,STOP_PROBE::ASF::ARLATE_BIVIO_PER_IL_PAESE,DIR_PAIR_CAC95EA85541A634,COMPLETE_DIRECTED_PAIR_TEST_UNIVERSE_NOT_NETWORK_SELECTION
DIR_PAIR_D4EFE8211480E128,STOP_PROBE::FROZEN::300527,STOP_PROBE::ASF::ARLATE_B_VIO_BRIVIO_MADONNINA,DIR_PAIR_0DB0B4310D09DDA2,COMPLETE_DIRECTED_PAIR_TEST_UNIVERSE_NOT_NETWORK_SELECTION
DIR_PAIR_56EB5460E91EE0CA,STOP_PROBE::FROZEN::300527,STOP_PROBE::ASF::ARLATE_CANTINA_PIROVANO,DIR_PAIR_B2E947E6AE859182,COMPLETE_DIRECTED_PAIR_TEST_UNIVERSE_NOT_NETWORK_SELECTION
DIR_PAIR_6655094B839EF1DD,STOP_PROBE::FROZEN::300527,STOP_PROBE::ASF::BEVERATE_CARTELLO_PAESE,DIR_PAIR_81785DAFB1707021,COMPLETE_DIRECTED_PAIR_TEST_UNIVERSE_NOT_NETWORK_SELECTION
DIR_PAIR_FB3D0A8C447F3D7D,STOP_PROBE::FROZEN::300527,STOP_PROBE::ASF::BRIVIO_BAR_CRISTALLO,DIR_PAIR_688C091979B25418,COMPLETE_DIRECTED_PAIR_TEST_UNIVERSE_NOT_NETWORK_SELECTION
DIR_PAIR_323FE080BE34197C,STOP_PROBE::FROZEN::300527,STOP_PROBE::ASF::BRIVIO_VIA_COMO_PENSILINA,DIR_PAIR_B853886950929780,COMPLETE_DIRECTED_PAIR_TEST_UNIVERSE_NOT_NETWORK_SELECTION
DIR_PAIR_F25B844A167D6131,STOP_PROBE::FROZEN::300527,STOP_PROBE::ASF::CALCO_LARGO_POMEA,DIR_PAIR_1A5C705451A7C1CE,COMPLETE_DIRECTED_PAIR_TEST_UNIVERSE_NOT_NETWORK_SELECTION
DIR_PAIR_CEC562A2B1D04185,STOP_PROBE::FROZEN::300527,STOP_PROBE::ASF::CALCO_VIA_GARIBALDI,DIR_PAIR_107C5898DD5769FE,COMPLETE_DIRECTED_PAIR_TEST_UNIVERSE_NOT_NETWORK_SELECTION
DIR_PAIR_937864193DE37E1B,STOP_PROBE::FROZEN::300527,STOP_PROBE::ASF::IMBERSAGO_LOCALITA_CAZZULINO,DIR_PAIR_CC9A93EB5294F221,COMPLETE_DIRECTED_PAIR_TEST_UNIVERSE_NOT_NETWORK_SELECTION
DIR_PAIR_44D7EF5C1624387E,STOP_PROBE::FROZEN::300527,STOP_PROBE::ASF::OLGIATE_MOLGORA_SCARPONE,DIR_PAIR_0CCAB8E3661886C5,COMPLETE_DIRECTED_PAIR_TEST_UNIVERSE_NOT_NETWORK_SELECTION
DIR_PAIR_C86AFE0B7230A412,STOP_PROBE::FROZEN::300527,STOP_PROBE::ASF::OLGIATE_MOLGORA_VIA_DELLA_SALUTE,DIR_PAIR_AB74F9F37F23E7D4,COMPLETE_DIRECTED_PAIR_TEST_UNIVERSE_NOT_NETWORK_SELECTION
DIR_PAIR_CABA33FA75B618A1,STOP_PROBE::FROZEN::300527,STOP_PROBE::ASF::OLGIATE_MOLGORA_VIA_STATALE,DIR_PAIR_86A3D8E9F93B12AE,COMPLETE_DIRECTED_PAIR_TEST_UNIVERSE_NOT_NETWORK_SELECTION
DIR_PAIR_9A8962246E8D1D16,STOP_PROBE::FROZEN::300527,STOP_PROBE::ASF::PEREGO_VIA_STATALE_79,DIR_PAIR_DA885FBD7039C98C,COMPLETE_DIRECTED_PAIR_TEST_UNIVERSE_NOT_NETWORK_SELECTION
DIR_PAIR_7E5594ABE633FF5F,STOP_PROBE::FROZEN::300527,STOP_PROBE::ASF::ROVAGNATE_FRAZIONE_ALDUNO,DIR_PAIR_6FB6D839FB84C13E,COMPLETE_DIRECTED_PAIR_TEST_UNIVERSE_NOT_NETWORK_SELECTION
DIR_PAIR_3A29182FAE9981B4,STOP_PROBE::FROZEN::300527,STOP_PROBE::ASF::ROVAGNATE_SS_ANG_V_LOMBARDIA,DIR_PAIR_C66EE7CA6EC4F777,COMPLETE_DIRECTED_PAIR_TEST_UNIVERSE_NOT_NETWORK_SELECTION
DIR_PAIR_D5884A56C37FE764,STOP_PROBE::FROZEN::300527,STOP_PROBE::ASF::ROVAGNATE_STRADA_STATALE_AGIP,DIR_PAIR_813C847A9D1D5197,COMPLETE_DIRECTED_PAIR_TEST_UNIVERSE_NOT_NETWORK_SELECTION
DIR_PAIR_22C528D96901E662,STOP_PROBE::FROZEN::300527,STOP_PROBE::ASF::SANTA_MARIA_HOE_VIA_COMO,DIR_PAIR_90550273FC8F619B,COMPLETE_DIRECTED_PAIR_TEST_UNIVERSE_NOT_NETWORK_SELECTION
DIR_PAIR_0C8711A1C7037F37,STOP_PROBE::FROZEN::300527,STOP_PROBE::ASF::SANTA_MARIA_HOE_VIA_GIOVANNI_XXIII,DIR_PAIR_80E64382F9AB5318,COMPLETE_DIRECTED_PAIR_TEST_UNIVERSE_NOT_NETWORK_SELECTION
DIR_PAIR_959F2C39DC89CD70,STOP_PROBE::FROZEN::300527,STOP_PROBE::ASF::S_MARIA_HOE_S_P_58_ANG_VIA_CENISIO,DIR_PAIR_CD68D2E9F8D6CCC9,COMPLETE_DIRECTED_PAIR_TEST_UNIVERSE_NOT_NETWORK_SELECTION
DIR_PAIR_7635910595FE2298,STOP_PROBE::FROZEN::300527,STOP_PROBE::ASF::VACCAREZZA_CARTELLO_PAESE,DIR_PAIR_CC869FC25D45F5BE,COMPLETE_DIRECTED_PAIR_TEST_UNIVERSE_NOT_NETWORK_SELECTION
DIR_PAIR_46963E445CFDDA8F,STOP_PROBE::FROZEN::300527,STOP_PROBE::FROZEN::100005,DIR_PAIR_1BA79331D2D9C3E7,COMPLETE_DIRECTED_PAIR_TEST_UNIVERSE_NOT_NETWORK_SELECTION
DIR_PAIR_331CECDE9407D033,STOP_PROBE::FROZEN::300527,STOP_PROBE::FROZEN::300063,DIR_PAIR_FD87899FA3AF40AC,COMPLETE_DIRECTED_PAIR_TEST_UNIVERSE_NOT_NETWORK_SELECTION
DIR_PAIR_7DB69A17183C9EDC,STOP_PROBE::FROZEN::300527,STOP_PROBE::FROZEN::300086,DIR_PAIR_05B14611A2C3B3D0,COMPLETE_DIRECTED_PAIR_TEST_UNIVERSE_NOT_NETWORK_SELECTION
DIR_PAIR_62FFE51C1B99E1DF,STOP_PROBE::FROZEN::300527,STOP_PROBE::FROZEN::300398,DIR_PAIR_77CFF50002937F06,COMPLETE_DIRECTED_PAIR_TEST_UNIVERSE_NOT_NETWORK_SELECTION
DIR_PAIR_A76AF2F3F143192E,STOP_PROBE::FROZEN::300527,STOP_PROBE::FROZEN::300487,DIR_PAIR_DB46013E3AFDF308,COMPLETE_DIRECTED_PAIR_TEST_UNIVERSE_NOT_NETWORK_SELECTION
DIR_PAIR_2D7C7EF9835682B5,STOP_PROBE::FROZEN::300527,STOP_PROBE::FROZEN::300634,DIR_PAIR_1BD8892F3BB79DCE,COMPLETE_DIRECTED_PAIR_TEST_UNIVERSE_NOT_NETWORK_SELECTION
DIR_PAIR_3F49F2D255EEEB85,STOP_PROBE::FROZEN::300527,STOP_PROBE::FROZEN::300743,DIR_PAIR_3F084A94748234C4,COMPLETE_DIRECTED_PAIR_TEST_UNIVERSE_NOT_NETWORK_SELECTION
DIR_PAIR_05BC9627892B9E4A,STOP_PROBE::FROZEN::300527,STOP_PROBE::FROZEN::300782,DIR_PAIR_9A5EDAEEE577756C,COMPLETE_DIRECTED_PAIR_TEST_UNIVERSE_NOT_NETWORK_SELECTION
DIR_PAIR_2798A1588D59E3F4,STOP_PROBE::FROZEN::300527,STOP_PROBE::FROZEN::300805,DIR_PAIR_235A714BA8B377D3,COMPLETE_DIRECTED_PAIR_TEST_UNIVERSE_NOT_NETWORK_SELECTION
DIR_PAIR_EC20F71B7EDA6633,STOP_PROBE::FROZEN::300527,STOP_PROBE::FROZEN::300873,DIR_PAIR_AD187A98A7225B23,COMPLETE_DIRECTED_PAIR_TEST_UNIVERSE_NOT_NETWORK_SELECTION
DIR_PAIR_6624D3B6890AD6A3,STOP_PROBE::FROZEN::300527,STOP_PROBE::FROZEN::300879,DIR_PAIR_5617B26DE0F5DAF5,COMPLETE_DIRECTED_PAIR_TEST_UNIVERSE_NOT_NETWORK_SELECTION
DIR_PAIR_1DE66056BAA2D5FA,STOP_PROBE::FROZEN::300527,STOP_PROBE::FROZEN::300956,DIR_PAIR_DF107E72DF9F1221,COMPLETE_DIRECTED_PAIR_TEST_UNIVERSE_NOT_NETWORK_SELECTION
DIR_PAIR_CD9C01282B8470F4,STOP_PROBE::FROZEN::300527,STOP_PROBE::FROZEN::L00407,DIR_PAIR_6A4DDD81DC5C07D8,COMPLETE_DIRECTED_PAIR_TEST_UNIVERSE_NOT_NETWORK_SELECTION
DIR_PAIR_6F1FD7E62B5DA64C,STOP_PROBE::FROZEN::300527,STOP_PROBE::MANUAL::CALCO_SCAGNELLO,DIR_PAIR_47DEC7C205C4ABB2,COMPLETE_DIRECTED_PAIR_TEST_UNIVERSE_NOT_NETWORK_SELECTION
DIR_PAIR_8878866C34EFD48F,STOP_PROBE::FROZEN::300527,STOP_PROBE::SPECIAL::CASA_DI_COMUNITA_OLGIATE,DIR_PAIR_55A51FBA77EDC590,COMPLETE_DIRECTED_PAIR_TEST_UNIVERSE_NOT_NETWORK_SELECTION
DIR_PAIR_9493E6D50B71B9F2,STOP_PROBE::FROZEN::300634,STOP_PROBE::ASF::ARLATE_BIVIO_PER_IL_PAESE,DIR_PAIR_3CB275D1F72E7FE0,COMPLETE_DIRECTED_PAIR_TEST_UNIVERSE_NOT_NETWORK_SELECTION
DIR_PAIR_0C8406DE6E93D877,STOP_PROBE::FROZEN::300634,STOP_PROBE::ASF::ARLATE_B_VIO_BRIVIO_MADONNINA,DIR_PAIR_22F84EFE7D46FB65,COMPLETE_DIRECTED_PAIR_TEST_UNIVERSE_NOT_NETWORK_SELECTION
DIR_PAIR_E3E3DA3790A62BD6,STOP_PROBE::FROZEN::300634,STOP_PROBE::ASF::ARLATE_CANTINA_PIROVANO,DIR_PAIR_850E403FCC0EDBAE,COMPLETE_DIRECTED_PAIR_TEST_UNIVERSE_NOT_NETWORK_SELECTION
DIR_PAIR_5FCE9C7AF035EB49,STOP_PROBE::FROZEN::300634,STOP_PROBE::ASF::BEVERATE_CARTELLO_PAESE,DIR_PAIR_D9A98202B2D91028,COMPLETE_DIRECTED_PAIR_TEST_UNIVERSE_NOT_NETWORK_SELECTION
DIR_PAIR_8146B8B6769902E2,STOP_PROBE::FROZEN::300634,STOP_PROBE::ASF::BRIVIO_BAR_CRISTALLO,DIR_PAIR_9349877A07E18D08,COMPLETE_DIRECTED_PAIR_TEST_UNIVERSE_NOT_NETWORK_SELECTION
DIR_PAIR_2F4EB6648E914FC6,STOP_PROBE::FROZEN::300634,STOP_PROBE::ASF::BRIVIO_VIA_COMO_PENSILINA,DIR_PAIR_12B6CD0762010073,COMPLETE_DIRECTED_PAIR_TEST_UNIVERSE_NOT_NETWORK_SELECTION
DIR_PAIR_AFEBA2590F2B7962,STOP_PROBE::FROZEN::300634,STOP_PROBE::ASF::CALCO_LARGO_POMEA,DIR_PAIR_CD8C11C96599C92B,COMPLETE_DIRECTED_PAIR_TEST_UNIVERSE_NOT_NETWORK_SELECTION
DIR_PAIR_D479522FD3153DB0,STOP_PROBE::FROZEN::300634,STOP_PROBE::ASF::CALCO_VIA_GARIBALDI,DIR_PAIR_EF235AA8ED3AD65A,COMPLETE_DIRECTED_PAIR_TEST_UNIVERSE_NOT_NETWORK_SELECTION
DIR_PAIR_C04104649ED1C80A,STOP_PROBE::FROZEN::300634,STOP_PROBE::ASF::IMBERSAGO_LOCALITA_CAZZULINO,DIR_PAIR_C5B82F62D041959A,COMPLETE_DIRECTED_PAIR_TEST_UNIVERSE_NOT_NETWORK_SELECTION
DIR_PAIR_B1C9DF84C963BA94,STOP_PROBE::FROZEN::300634,STOP_PROBE::ASF::OLGIATE_MOLGORA_SCARPONE,DIR_PAIR_4DCC7AB63C09D64C,COMPLETE_DIRECTED_PAIR_TEST_UNIVERSE_NOT_NETWORK_SELECTION
DIR_PAIR_2C7416BEFE2592DD,STOP_PROBE::FROZEN::300634,STOP_PROBE::ASF::OLGIATE_MOLGORA_VIA_DELLA_SALUTE,DIR_PAIR_D562BFA45C0065C2,COMPLETE_DIRECTED_PAIR_TEST_UNIVERSE_NOT_NETWORK_SELECTION
DIR_PAIR_F9978EB4E52A6315,STOP_PROBE::FROZEN::300634,STOP_PROBE::ASF::OLGIATE_MOLGORA_VIA_STATALE,DIR_PAIR_560FAF83022CE61C,COMPLETE_DIRECTED_PAIR_TEST_UNIVERSE_NOT_NETWORK_SELECTION
DIR_PAIR_574D784C28B132F3,STOP_PROBE::FROZEN::300634,STOP_PROBE::ASF::PEREGO_VIA_STATALE_79,DIR_PAIR_71855E16C8967151,COMPLETE_DIRECTED_PAIR_TEST_UNIVERSE_NOT_NETWORK_SELECTION
DIR_PAIR_F556C9CA58573970,STOP_PROBE::FROZEN::300634,STOP_PROBE::ASF::ROVAGNATE_FRAZIONE_ALDUNO,DIR_PAIR_4FE6553D2EF1525A,COMPLETE_DIRECTED_PAIR_TEST_UNIVERSE_NOT_NETWORK_SELECTION
DIR_PAIR_D829268ABC896455,STOP_PROBE::FROZEN::300634,STOP_PROBE::ASF::ROVAGNATE_SS_ANG_V_LOMBARDIA,DIR_PAIR_5D6FABD9AA4FAAE4,COMPLETE_DIRECTED_PAIR_TEST_UNIVERSE_NOT_NETWORK_SELECTION
DIR_PAIR_4B3BABA0FE966F9F,STOP_PROBE::FROZEN::300634,STOP_PROBE::ASF::ROVAGNATE_STRADA_STATALE_AGIP,DIR_PAIR_15E16EEA058C4C1E,COMPLETE_DIRECTED_PAIR_TEST_UNIVERSE_NOT_NETWORK_SELECTION
DIR_PAIR_92C4D349EB3935B7,STOP_PROBE::FROZEN::300634,STOP_PROBE::ASF::SANTA_MARIA_HOE_VIA_COMO,DIR_PAIR_4901BF85A3A5F7E4,COMPLETE_DIRECTED_PAIR_TEST_UNIVERSE_NOT_NETWORK_SELECTION
DIR_PAIR_F48799F48AA7901D,STOP_PROBE::FROZEN::300634,STOP_PROBE::ASF::SANTA_MARIA_HOE_VIA_GIOVANNI_XXIII,DIR_PAIR_8FC067296AF2ED72,COMPLETE_DIRECTED_PAIR_TEST_UNIVERSE_NOT_NETWORK_SELECTION
DIR_PAIR_0178133D10B8B193,STOP_PROBE::FROZEN::300634,STOP_PROBE::ASF::S_MARIA_HOE_S_P_58_ANG_VIA_CENISIO,DIR_PAIR_E846E9F408C72FE2,COMPLETE_DIRECTED_PAIR_TEST_UNIVERSE_NOT_NETWORK_SELECTION
DIR_PAIR_A581B2295ABBEFBA,STOP_PROBE::FROZEN::300634,STOP_PROBE::ASF::VACCAREZZA_CARTELLO_PAESE,DIR_PAIR_57F9BB7774CB09AC,COMPLETE_DIRECTED_PAIR_TEST_UNIVERSE_NOT_NETWORK_SELECTION
DIR_PAIR_E4236DD8619AB7E9,STOP_PROBE::FROZEN::300634,STOP_PROBE::FROZEN::100005,DIR_PAIR_0CABB0C642437043,COMPLETE_DIRECTED_PAIR_TEST_UNIVERSE_NOT_NETWORK_SELECTION
DIR_PAIR_C5957CC5E0843D47,STOP_PROBE::FROZEN::300634,STOP_PROBE::FROZEN::300063,DIR_PAIR_5174D41768A075EF,COMPLETE_DIRECTED_PAIR_TEST_UNIVERSE_NOT_NETWORK_SELECTION
DIR_PAIR_E44D69BA94EDE749,STOP_PROBE::FROZEN::300634,STOP_PROBE::FROZEN::300086,DIR_PAIR_00E7ED98EBD43467,COMPLETE_DIRECTED_PAIR_TEST_UNIVERSE_NOT_NETWORK_SELECTION
DIR_PAIR_C893346AF3027E90,STOP_PROBE::FROZEN::300634,STOP_PROBE::FROZEN::300398,DIR_PAIR_03DFF6FF6AD78E5C,COMPLETE_DIRECTED_PAIR_TEST_UNIVERSE_NOT_NETWORK_SELECTION
DIR_PAIR_310E2FD274337199,STOP_PROBE::FROZEN::300634,STOP_PROBE::FROZEN::300487,DIR_PAIR_C55CF7FA9DB2CB28,COMPLETE_DIRECTED_PAIR_TEST_UNIVERSE_NOT_NETWORK_SELECTION
DIR_PAIR_1BD8892F3BB79DCE,STOP_PROBE::FROZEN::300634,STOP_PROBE::FROZEN::300527,DIR_PAIR_2D7C7EF9835682B5,COMPLETE_DIRECTED_PAIR_TEST_UNIVERSE_NOT_NETWORK_SELECTION
DIR_PAIR_8D485E2AF82CBCB3,STOP_PROBE::FROZEN::300634,STOP_PROBE::FROZEN::300743,DIR_PAIR_35F2CF38937A38A7,COMPLETE_DIRECTED_PAIR_TEST_UNIVERSE_NOT_NETWORK_SELECTION
DIR_PAIR_5D1AEF6C52893F19,STOP_PROBE::FROZEN::300634,STOP_PROBE::FROZEN::300782,DIR_PAIR_923DD2E1C982C116,COMPLETE_DIRECTED_PAIR_TEST_UNIVERSE_NOT_NETWORK_SELECTION
DIR_PAIR_110991CCEE5BFF46,STOP_PROBE::FROZEN::300634,STOP_PROBE::FROZEN::300805,DIR_PAIR_052357B6853BBE54,COMPLETE_DIRECTED_PAIR_TEST_UNIVERSE_NOT_NETWORK_SELECTION
DIR_PAIR_26AB715BF72613C5,STOP_PROBE::FROZEN::300634,STOP_PROBE::FROZEN::300873,DIR_PAIR_CC84F3BD69991F3E,COMPLETE_DIRECTED_PAIR_TEST_UNIVERSE_NOT_NETWORK_SELECTION
DIR_PAIR_14EA6A8F5A0942A0,STOP_PROBE::FROZEN::300634,STOP_PROBE::FROZEN::300879,DIR_PAIR_960FC1C21AB18506,COMPLETE_DIRECTED_PAIR_TEST_UNIVERSE_NOT_NETWORK_SELECTION
DIR_PAIR_D19176E4FA01405B,STOP_PROBE::FROZEN::300634,STOP_PROBE::FROZEN::300956,DIR_PAIR_211BBC792DDD067E,COMPLETE_DIRECTED_PAIR_TEST_UNIVERSE_NOT_NETWORK_SELECTION
DIR_PAIR_606CBF3ADFB9E306,STOP_PROBE::FROZEN::300634,STOP_PROBE::FROZEN::L00407,DIR_PAIR_6E5ABF37209B347E,COMPLETE_DIRECTED_PAIR_TEST_UNIVERSE_NOT_NETWORK_SELECTION
DIR_PAIR_4FBE818DDCB3CA9D,STOP_PROBE::FROZEN::300634,STOP_PROBE::MANUAL::CALCO_SCAGNELLO,DIR_PAIR_FC09301E13DDDE84,COMPLETE_DIRECTED_PAIR_TEST_UNIVERSE_NOT_NETWORK_SELECTION
DIR_PAIR_01DEEE8A0A031C8A,STOP_PROBE::FROZEN::300634,STOP_PROBE::SPECIAL::CASA_DI_COMUNITA_OLGIATE,DIR_PAIR_23E2EBC199478489,COMPLETE_DIRECTED_PAIR_TEST_UNIVERSE_NOT_NETWORK_SELECTION
DIR_PAIR_198C18FE68902C29,STOP_PROBE::FROZEN::300743,STOP_PROBE::ASF::ARLATE_BIVIO_PER_IL_PAESE,DIR_PAIR_6C0019E69BAF2571,COMPLETE_DIRECTED_PAIR_TEST_UNIVERSE_NOT_NETWORK_SELECTION
DIR_PAIR_5D4FD54341CA13CE,STOP_PROBE::FROZEN::300743,STOP_PROBE::ASF::ARLATE_B_VIO_BRIVIO_MADONNINA,DIR_PAIR_F6AC1BDA0726ADDD,COMPLETE_DIRECTED_PAIR_TEST_UNIVERSE_NOT_NETWORK_SELECTION
DIR_PAIR_5C97FC2AFF9F29AA,STOP_PROBE::FROZEN::300743,STOP_PROBE::ASF::ARLATE_CANTINA_PIROVANO,DIR_PAIR_7C1D0500D74014F1,COMPLETE_DIRECTED_PAIR_TEST_UNIVERSE_NOT_NETWORK_SELECTION
DIR_PAIR_B6BCE033EB7041F6,STOP_PROBE::FROZEN::300743,STOP_PROBE::ASF::BEVERATE_CARTELLO_PAESE,DIR_PAIR_F80A2A4A5FE8AAC0,COMPLETE_DIRECTED_PAIR_TEST_UNIVERSE_NOT_NETWORK_SELECTION
DIR_PAIR_EBB24090458737BC,STOP_PROBE::FROZEN::300743,STOP_PROBE::ASF::BRIVIO_BAR_CRISTALLO,DIR_PAIR_09EAEA4B0F3912A0,COMPLETE_DIRECTED_PAIR_TEST_UNIVERSE_NOT_NETWORK_SELECTION
DIR_PAIR_340A9EDE44875D31,STOP_PROBE::FROZEN::300743,STOP_PROBE::ASF::BRIVIO_VIA_COMO_PENSILINA,DIR_PAIR_CBB727659D9BB900,COMPLETE_DIRECTED_PAIR_TEST_UNIVERSE_NOT_NETWORK_SELECTION
DIR_PAIR_350DDE57C23F05DE,STOP_PROBE::FROZEN::300743,STOP_PROBE::ASF::CALCO_LARGO_POMEA,DIR_PAIR_E915A2CC39768A84,COMPLETE_DIRECTED_PAIR_TEST_UNIVERSE_NOT_NETWORK_SELECTION
DIR_PAIR_83626D0F81B332D5,STOP_PROBE::FROZEN::300743,STOP_PROBE::ASF::CALCO_VIA_GARIBALDI,DIR_PAIR_B8D6255737708176,COMPLETE_DIRECTED_PAIR_TEST_UNIVERSE_NOT_NETWORK_SELECTION
DIR_PAIR_706B7297CD0DAD8E,STOP_PROBE::FROZEN::300743,STOP_PROBE::ASF::IMBERSAGO_LOCALITA_CAZZULINO,DIR_PAIR_A2E98D01F548EC11,COMPLETE_DIRECTED_PAIR_TEST_UNIVERSE_NOT_NETWORK_SELECTION
DIR_PAIR_1FED8C3696A9AF91,STOP_PROBE::FROZEN::300743,STOP_PROBE::ASF::OLGIATE_MOLGORA_SCARPONE,DIR_PAIR_F12996900F26602C,COMPLETE_DIRECTED_PAIR_TEST_UNIVERSE_NOT_NETWORK_SELECTION
DIR_PAIR_751D07849DA013C2,STOP_PROBE::FROZEN::300743,STOP_PROBE::ASF::OLGIATE_MOLGORA_VIA_DELLA_SALUTE,DIR_PAIR_C4B17A16CB944CCF,COMPLETE_DIRECTED_PAIR_TEST_UNIVERSE_NOT_NETWORK_SELECTION
DIR_PAIR_59502E96A70334EB,STOP_PROBE::FROZEN::300743,STOP_PROBE::ASF::OLGIATE_MOLGORA_VIA_STATALE,DIR_PAIR_7407B73FA5A990E3,COMPLETE_DIRECTED_PAIR_TEST_UNIVERSE_NOT_NETWORK_SELECTION
DIR_PAIR_484210563A87EF72,STOP_PROBE::FROZEN::300743,STOP_PROBE::ASF::PEREGO_VIA_STATALE_79,DIR_PAIR_CDB03810CD814887,COMPLETE_DIRECTED_PAIR_TEST_UNIVERSE_NOT_NETWORK_SELECTION
DIR_PAIR_92F086BE192D3295,STOP_PROBE::FROZEN::300743,STOP_PROBE::ASF::ROVAGNATE_FRAZIONE_ALDUNO,DIR_PAIR_0E34823FD1AD2A4C,COMPLETE_DIRECTED_PAIR_TEST_UNIVERSE_NOT_NETWORK_SELECTION
DIR_PAIR_CDFB699DAA45B078,STOP_PROBE::FROZEN::300743,STOP_PROBE::ASF::ROVAGNATE_SS_ANG_V_LOMBARDIA,DIR_PAIR_17A6044983F0B970,COMPLETE_DIRECTED_PAIR_TEST_UNIVERSE_NOT_NETWORK_SELECTION
DIR_PAIR_88231F5387FBE700,STOP_PROBE::FROZEN::300743,STOP_PROBE::ASF::ROVAGNATE_STRADA_STATALE_AGIP,DIR_PAIR_BF493C98C4FB5845,COMPLETE_DIRECTED_PAIR_TEST_UNIVERSE_NOT_NETWORK_SELECTION
DIR_PAIR_F42305465ED107F8,STOP_PROBE::FROZEN::300743,STOP_PROBE::ASF::SANTA_MARIA_HOE_VIA_COMO,DIR_PAIR_05BF73DBF5632667,COMPLETE_DIRECTED_PAIR_TEST_UNIVERSE_NOT_NETWORK_SELECTION
DIR_PAIR_D6D899C65293F70E,STOP_PROBE::FROZEN::300743,STOP_PROBE::ASF::SANTA_MARIA_HOE_VIA_GIOVANNI_XXIII,DIR_PAIR_B66FA4789940FE12,COMPLETE_DIRECTED_PAIR_TEST_UNIVERSE_NOT_NETWORK_SELECTION
DIR_PAIR_22D6EBDBBD13A5A6,STOP_PROBE::FROZEN::300743,STOP_PROBE::ASF::S_MARIA_HOE_S_P_58_ANG_VIA_CENISIO,DIR_PAIR_5B4F633AEC8663EE,COMPLETE_DIRECTED_PAIR_TEST_UNIVERSE_NOT_NETWORK_SELECTION
DIR_PAIR_76B8884A297ADEEB,STOP_PROBE::FROZEN::300743,STOP_PROBE::ASF::VACCAREZZA_CARTELLO_PAESE,DIR_PAIR_B2EE77C0CD8EED1B,COMPLETE_DIRECTED_PAIR_TEST_UNIVERSE_NOT_NETWORK_SELECTION
DIR_PAIR_2B2B9445964B72FE,STOP_PROBE::FROZEN::300743,STOP_PROBE::FROZEN::100005,DIR_PAIR_AEF2EEBB7DCF3B8B,COMPLETE_DIRECTED_PAIR_TEST_UNIVERSE_NOT_NETWORK_SELECTION
DIR_PAIR_194545C7BA0321C6,STOP_PROBE::FROZEN::300743,STOP_PROBE::FROZEN::300063,DIR_PAIR_E7CDF6FF3A15C5BB,COMPLETE_DIRECTED_PAIR_TEST_UNIVERSE_NOT_NETWORK_SELECTION
DIR_PAIR_91278EE5317BC2AB,STOP_PROBE::FROZEN::300743,STOP_PROBE::FROZEN::300086,DIR_PAIR_111005B7F7097F85,COMPLETE_DIRECTED_PAIR_TEST_UNIVERSE_NOT_NETWORK_SELECTION
DIR_PAIR_DCD76AC108FA91EE,STOP_PROBE::FROZEN::300743,STOP_PROBE::FROZEN::300398,DIR_PAIR_2E70295EAD375E1E,COMPLETE_DIRECTED_PAIR_TEST_UNIVERSE_NOT_NETWORK_SELECTION
DIR_PAIR_D5084C37613A04E6,STOP_PROBE::FROZEN::300743,STOP_PROBE::FROZEN::300487,DIR_PAIR_B49A179E5C32D32D,COMPLETE_DIRECTED_PAIR_TEST_UNIVERSE_NOT_NETWORK_SELECTION
DIR_PAIR_3F084A94748234C4,STOP_PROBE::FROZEN::300743,STOP_PROBE::FROZEN::300527,DIR_PAIR_3F49F2D255EEEB85,COMPLETE_DIRECTED_PAIR_TEST_UNIVERSE_NOT_NETWORK_SELECTION
DIR_PAIR_35F2CF38937A38A7,STOP_PROBE::FROZEN::300743,STOP_PROBE::FROZEN::300634,DIR_PAIR_8D485E2AF82CBCB3,COMPLETE_DIRECTED_PAIR_TEST_UNIVERSE_NOT_NETWORK_SELECTION
DIR_PAIR_5AAC8BB91F628CCE,STOP_PROBE::FROZEN::300743,STOP_PROBE::FROZEN::300782,DIR_PAIR_C914ED7457460899,COMPLETE_DIRECTED_PAIR_TEST_UNIVERSE_NOT_NETWORK_SELECTION
DIR_PAIR_867BCF3CCCBC9222,STOP_PROBE::FROZEN::300743,STOP_PROBE::FROZEN::300805,DIR_PAIR_15AC7BC866795933,COMPLETE_DIRECTED_PAIR_TEST_UNIVERSE_NOT_NETWORK_SELECTION
DIR_PAIR_FE324303EADE9AE1,STOP_PROBE::FROZEN::300743,STOP_PROBE::FROZEN::300873,DIR_PAIR_942AD9A6E25C016B,COMPLETE_DIRECTED_PAIR_TEST_UNIVERSE_NOT_NETWORK_SELECTION
DIR_PAIR_570CF3ACE6495690,STOP_PROBE::FROZEN::300743,STOP_PROBE::FROZEN::300879,DIR_PAIR_BCB413FBA1F2F0BD,COMPLETE_DIRECTED_PAIR_TEST_UNIVERSE_NOT_NETWORK_SELECTION
DIR_PAIR_73C26D93482727F6,STOP_PROBE::FROZEN::300743,STOP_PROBE::FROZEN::300956,DIR_PAIR_2C5E54E010EF270C,COMPLETE_DIRECTED_PAIR_TEST_UNIVERSE_NOT_NETWORK_SELECTION
DIR_PAIR_D43BC8978E162BA8,STOP_PROBE::FROZEN::300743,STOP_PROBE::FROZEN::L00407,DIR_PAIR_8685EB1B3A3327C5,COMPLETE_DIRECTED_PAIR_TEST_UNIVERSE_NOT_NETWORK_SELECTION
DIR_PAIR_F3AC11E92E1EF47F,STOP_PROBE::FROZEN::300743,STOP_PROBE::MANUAL::CALCO_SCAGNELLO,DIR_PAIR_A2669DE1711638DC,COMPLETE_DIRECTED_PAIR_TEST_UNIVERSE_NOT_NETWORK_SELECTION
DIR_PAIR_AA603C138640485F,STOP_PROBE::FROZEN::300743,STOP_PROBE::SPECIAL::CASA_DI_COMUNITA_OLGIATE,DIR_PAIR_F129DB3D36840B9E,COMPLETE_DIRECTED_PAIR_TEST_UNIVERSE_NOT_NETWORK_SELECTION
DIR_PAIR_DC4E03E363A07356,STOP_PROBE::FROZEN::300782,STOP_PROBE::ASF::ARLATE_BIVIO_PER_IL_PAESE,DIR_PAIR_1D172B16598848DD,COMPLETE_DIRECTED_PAIR_TEST_UNIVERSE_NOT_NETWORK_SELECTION
DIR_PAIR_B7287526FD512A05,STOP_PROBE::FROZEN::300782,STOP_PROBE::ASF::ARLATE_B_VIO_BRIVIO_MADONNINA,DIR_PAIR_F4FA0022FBE11F0A,COMPLETE_DIRECTED_PAIR_TEST_UNIVERSE_NOT_NETWORK_SELECTION
DIR_PAIR_DF79C5BD5C614BE8,STOP_PROBE::FROZEN::300782,STOP_PROBE::ASF::ARLATE_CANTINA_PIROVANO,DIR_PAIR_5883C1CA45735E73,COMPLETE_DIRECTED_PAIR_TEST_UNIVERSE_NOT_NETWORK_SELECTION
DIR_PAIR_96C165F425B3249D,STOP_PROBE::FROZEN::300782,STOP_PROBE::ASF::BEVERATE_CARTELLO_PAESE,DIR_PAIR_13775B2BFAE7E561,COMPLETE_DIRECTED_PAIR_TEST_UNIVERSE_NOT_NETWORK_SELECTION
DIR_PAIR_77831B6613ACCDAB,STOP_PROBE::FROZEN::300782,STOP_PROBE::ASF::BRIVIO_BAR_CRISTALLO,DIR_PAIR_1995668BD1ED2B5C,COMPLETE_DIRECTED_PAIR_TEST_UNIVERSE_NOT_NETWORK_SELECTION
DIR_PAIR_D8BE127E248548BA,STOP_PROBE::FROZEN::300782,STOP_PROBE::ASF::BRIVIO_VIA_COMO_PENSILINA,DIR_PAIR_8309F5695CEEA86F,COMPLETE_DIRECTED_PAIR_TEST_UNIVERSE_NOT_NETWORK_SELECTION
DIR_PAIR_F706C06AC97EEDBC,STOP_PROBE::FROZEN::300782,STOP_PROBE::ASF::CALCO_LARGO_POMEA,DIR_PAIR_0080B7AFE71EB99D,COMPLETE_DIRECTED_PAIR_TEST_UNIVERSE_NOT_NETWORK_SELECTION
DIR_PAIR_AF5A720397F2371A,STOP_PROBE::FROZEN::300782,STOP_PROBE::ASF::CALCO_VIA_GARIBALDI,DIR_PAIR_E7F63CB99DBAFF5C,COMPLETE_DIRECTED_PAIR_TEST_UNIVERSE_NOT_NETWORK_SELECTION
DIR_PAIR_9A6705292993FC66,STOP_PROBE::FROZEN::300782,STOP_PROBE::ASF::IMBERSAGO_LOCALITA_CAZZULINO,DIR_PAIR_E22D16393BE861DA,COMPLETE_DIRECTED_PAIR_TEST_UNIVERSE_NOT_NETWORK_SELECTION
DIR_PAIR_DD17B861542EB191,STOP_PROBE::FROZEN::300782,STOP_PROBE::ASF::OLGIATE_MOLGORA_SCARPONE,DIR_PAIR_B2DBD9FA20A4174C,COMPLETE_DIRECTED_PAIR_TEST_UNIVERSE_NOT_NETWORK_SELECTION
DIR_PAIR_56D7E423F1F4855B,STOP_PROBE::FROZEN::300782,STOP_PROBE::ASF::OLGIATE_MOLGORA_VIA_DELLA_SALUTE,DIR_PAIR_1FE20DCF179D6D46,COMPLETE_DIRECTED_PAIR_TEST_UNIVERSE_NOT_NETWORK_SELECTION
DIR_PAIR_38A95B38BD5BB36E,STOP_PROBE::FROZEN::300782,STOP_PROBE::ASF::OLGIATE_MOLGORA_VIA_STATALE,DIR_PAIR_A002671894BFE974,COMPLETE_DIRECTED_PAIR_TEST_UNIVERSE_NOT_NETWORK_SELECTION
DIR_PAIR_E90826AF03903610,STOP_PROBE::FROZEN::300782,STOP_PROBE::ASF::PEREGO_VIA_STATALE_79,DIR_PAIR_5087A322B8736072,COMPLETE_DIRECTED_PAIR_TEST_UNIVERSE_NOT_NETWORK_SELECTION
DIR_PAIR_9CE78086C8D7071F,STOP_PROBE::FROZEN::300782,STOP_PROBE::ASF::ROVAGNATE_FRAZIONE_ALDUNO,DIR_PAIR_E9DB79F0FE13F3EA,COMPLETE_DIRECTED_PAIR_TEST_UNIVERSE_NOT_NETWORK_SELECTION
DIR_PAIR_0D5A4EDA21FAC75E,STOP_PROBE::FROZEN::300782,STOP_PROBE::ASF::ROVAGNATE_SS_ANG_V_LOMBARDIA,DIR_PAIR_4AD998B0A451736A,COMPLETE_DIRECTED_PAIR_TEST_UNIVERSE_NOT_NETWORK_SELECTION
DIR_PAIR_074BE4FC725DCE4B,STOP_PROBE::FROZEN::300782,STOP_PROBE::ASF::ROVAGNATE_STRADA_STATALE_AGIP,DIR_PAIR_4130BD49AB2FF004,COMPLETE_DIRECTED_PAIR_TEST_UNIVERSE_NOT_NETWORK_SELECTION
DIR_PAIR_F42B90B1CCB32FF4,STOP_PROBE::FROZEN::300782,STOP_PROBE::ASF::SANTA_MARIA_HOE_VIA_COMO,DIR_PAIR_A29023B9D2D343EB,COMPLETE_DIRECTED_PAIR_TEST_UNIVERSE_NOT_NETWORK_SELECTION
DIR_PAIR_6405A3B0071F9200,STOP_PROBE::FROZEN::300782,STOP_PROBE::ASF::SANTA_MARIA_HOE_VIA_GIOVANNI_XXIII,DIR_PAIR_5065738646207FDC,COMPLETE_DIRECTED_PAIR_TEST_UNIVERSE_NOT_NETWORK_SELECTION
DIR_PAIR_989379E2E9B2C5EC,STOP_PROBE::FROZEN::300782,STOP_PROBE::ASF::S_MARIA_HOE_S_P_58_ANG_VIA_CENISIO,DIR_PAIR_CB025814618CBD9F,COMPLETE_DIRECTED_PAIR_TEST_UNIVERSE_NOT_NETWORK_SELECTION
DIR_PAIR_B0F20847BCAB1410,STOP_PROBE::FROZEN::300782,STOP_PROBE::ASF::VACCAREZZA_CARTELLO_PAESE,DIR_PAIR_DBE27BEF599233DA,COMPLETE_DIRECTED_PAIR_TEST_UNIVERSE_NOT_NETWORK_SELECTION
DIR_PAIR_B5A7D37694028D1E,STOP_PROBE::FROZEN::300782,STOP_PROBE::FROZEN::100005,DIR_PAIR_D1DEDCE742CDB17E,COMPLETE_DIRECTED_PAIR_TEST_UNIVERSE_NOT_NETWORK_SELECTION
DIR_PAIR_B373D6BC321BB9FF,STOP_PROBE::FROZEN::300782,STOP_PROBE::FROZEN::300063,DIR_PAIR_CEB4BF36AF3620EA,COMPLETE_DIRECTED_PAIR_TEST_UNIVERSE_NOT_NETWORK_SELECTION
DIR_PAIR_E19D0B1A9D5F0915,STOP_PROBE::FROZEN::300782,STOP_PROBE::FROZEN::300086,DIR_PAIR_BFF20D6C14E167D7,COMPLETE_DIRECTED_PAIR_TEST_UNIVERSE_NOT_NETWORK_SELECTION
DIR_PAIR_FBE6018E1840EDBC,STOP_PROBE::FROZEN::300782,STOP_PROBE::FROZEN::300398,DIR_PAIR_747FDC6972B5870D,COMPLETE_DIRECTED_PAIR_TEST_UNIVERSE_NOT_NETWORK_SELECTION
DIR_PAIR_F944FAB25F12DABA,STOP_PROBE::FROZEN::300782,STOP_PROBE::FROZEN::300487,DIR_PAIR_6C2B4C12D0818408,COMPLETE_DIRECTED_PAIR_TEST_UNIVERSE_NOT_NETWORK_SELECTION
DIR_PAIR_9A5EDAEEE577756C,STOP_PROBE::FROZEN::300782,STOP_PROBE::FROZEN::300527,DIR_PAIR_05BC9627892B9E4A,COMPLETE_DIRECTED_PAIR_TEST_UNIVERSE_NOT_NETWORK_SELECTION
DIR_PAIR_923DD2E1C982C116,STOP_PROBE::FROZEN::300782,STOP_PROBE::FROZEN::300634,DIR_PAIR_5D1AEF6C52893F19,COMPLETE_DIRECTED_PAIR_TEST_UNIVERSE_NOT_NETWORK_SELECTION
DIR_PAIR_C914ED7457460899,STOP_PROBE::FROZEN::300782,STOP_PROBE::FROZEN::300743,DIR_PAIR_5AAC8BB91F628CCE,COMPLETE_DIRECTED_PAIR_TEST_UNIVERSE_NOT_NETWORK_SELECTION
DIR_PAIR_9E1531EDB2DF1EB3,STOP_PROBE::FROZEN::300782,STOP_PROBE::FROZEN::300805,DIR_PAIR_F78E0426773681B9,COMPLETE_DIRECTED_PAIR_TEST_UNIVERSE_NOT_NETWORK_SELECTION
DIR_PAIR_60CC14610E41B6CF,STOP_PROBE::FROZEN::300782,STOP_PROBE::FROZEN::300873,DIR_PAIR_D125FE3ABF0D731B,COMPLETE_DIRECTED_PAIR_TEST_UNIVERSE_NOT_NETWORK_SELECTION
DIR_PAIR_9BD2458A54848EFF,STOP_PROBE::FROZEN::300782,STOP_PROBE::FROZEN::300879,DIR_PAIR_E9859864DF0325CD,COMPLETE_DIRECTED_PAIR_TEST_UNIVERSE_NOT_NETWORK_SELECTION
DIR_PAIR_D777C79A8C5B6878,STOP_PROBE::FROZEN::300782,STOP_PROBE::FROZEN::300956,DIR_PAIR_B60329F207D94970,COMPLETE_DIRECTED_PAIR_TEST_UNIVERSE_NOT_NETWORK_SELECTION
DIR_PAIR_6D941F2F5984F237,STOP_PROBE::FROZEN::300782,STOP_PROBE::FROZEN::L00407,DIR_PAIR_C3E6B3807A65F80B,COMPLETE_DIRECTED_PAIR_TEST_UNIVERSE_NOT_NETWORK_SELECTION
DIR_PAIR_28B76EDCFF6C50F8,STOP_PROBE::FROZEN::300782,STOP_PROBE::MANUAL::CALCO_SCAGNELLO,DIR_PAIR_65FA6CCAACCE3D47,COMPLETE_DIRECTED_PAIR_TEST_UNIVERSE_NOT_NETWORK_SELECTION
DIR_PAIR_406B9A325F9CE416,STOP_PROBE::FROZEN::300782,STOP_PROBE::SPECIAL::CASA_DI_COMUNITA_OLGIATE,DIR_PAIR_7BA788A6CD5A30EA,COMPLETE_DIRECTED_PAIR_TEST_UNIVERSE_NOT_NETWORK_SELECTION
DIR_PAIR_D579052F1E3F8674,STOP_PROBE::FROZEN::300805,STOP_PROBE::ASF::ARLATE_BIVIO_PER_IL_PAESE,DIR_PAIR_FBF485E96ACFC909,COMPLETE_DIRECTED_PAIR_TEST_UNIVERSE_NOT_NETWORK_SELECTION
DIR_PAIR_065FADAB41202FC3,STOP_PROBE::FROZEN::300805,STOP_PROBE::ASF::ARLATE_B_VIO_BRIVIO_MADONNINA,DIR_PAIR_EA058FCCEF6C3629,COMPLETE_DIRECTED_PAIR_TEST_UNIVERSE_NOT_NETWORK_SELECTION
DIR_PAIR_429D10EF854A0810,STOP_PROBE::FROZEN::300805,STOP_PROBE::ASF::ARLATE_CANTINA_PIROVANO,DIR_PAIR_6BBF86690EDF0469,COMPLETE_DIRECTED_PAIR_TEST_UNIVERSE_NOT_NETWORK_SELECTION
DIR_PAIR_82D07ECF379B9F0B,STOP_PROBE::FROZEN::300805,STOP_PROBE::ASF::BEVERATE_CARTELLO_PAESE,DIR_PAIR_87E41C8449AA21CE,COMPLETE_DIRECTED_PAIR_TEST_UNIVERSE_NOT_NETWORK_SELECTION
DIR_PAIR_2CC581FCF053D2D0,STOP_PROBE::FROZEN::300805,STOP_PROBE::ASF::BRIVIO_BAR_CRISTALLO,DIR_PAIR_3329C7E133415C00,COMPLETE_DIRECTED_PAIR_TEST_UNIVERSE_NOT_NETWORK_SELECTION
DIR_PAIR_2B8E493153491117,STOP_PROBE::FROZEN::300805,STOP_PROBE::ASF::BRIVIO_VIA_COMO_PENSILINA,DIR_PAIR_A4C64DA39145BECD,COMPLETE_DIRECTED_PAIR_TEST_UNIVERSE_NOT_NETWORK_SELECTION
DIR_PAIR_DD38F254DD67484F,STOP_PROBE::FROZEN::300805,STOP_PROBE::ASF::CALCO_LARGO_POMEA,DIR_PAIR_541D5FCFA6866943,COMPLETE_DIRECTED_PAIR_TEST_UNIVERSE_NOT_NETWORK_SELECTION
DIR_PAIR_CF6E872338B531E3,STOP_PROBE::FROZEN::300805,STOP_PROBE::ASF::CALCO_VIA_GARIBALDI,DIR_PAIR_0F05A3044BC38592,COMPLETE_DIRECTED_PAIR_TEST_UNIVERSE_NOT_NETWORK_SELECTION
DIR_PAIR_9D1B3E55C25C9498,STOP_PROBE::FROZEN::300805,STOP_PROBE::ASF::IMBERSAGO_LOCALITA_CAZZULINO,DIR_PAIR_29437BA6089DB7C4,COMPLETE_DIRECTED_PAIR_TEST_UNIVERSE_NOT_NETWORK_SELECTION
DIR_PAIR_26F8D8EC027932FD,STOP_PROBE::FROZEN::300805,STOP_PROBE::ASF::OLGIATE_MOLGORA_SCARPONE,DIR_PAIR_E23D8869D69A8AB8,COMPLETE_DIRECTED_PAIR_TEST_UNIVERSE_NOT_NETWORK_SELECTION
DIR_PAIR_2638D3ADF2C5B55B,STOP_PROBE::FROZEN::300805,STOP_PROBE::ASF::OLGIATE_MOLGORA_VIA_DELLA_SALUTE,DIR_PAIR_0F1C9F145C8D2D96,COMPLETE_DIRECTED_PAIR_TEST_UNIVERSE_NOT_NETWORK_SELECTION
DIR_PAIR_8EF4353B72D6260D,STOP_PROBE::FROZEN::300805,STOP_PROBE::ASF::OLGIATE_MOLGORA_VIA_STATALE,DIR_PAIR_A26FD882AAFAF543,COMPLETE_DIRECTED_PAIR_TEST_UNIVERSE_NOT_NETWORK_SELECTION
DIR_PAIR_3608E7FED2E681D1,STOP_PROBE::FROZEN::300805,STOP_PROBE::ASF::PEREGO_VIA_STATALE_79,DIR_PAIR_E07D4CD526287DBE,COMPLETE_DIRECTED_PAIR_TEST_UNIVERSE_NOT_NETWORK_SELECTION
DIR_PAIR_B4CA1B6186CB25E1,STOP_PROBE::FROZEN::300805,STOP_PROBE::ASF::ROVAGNATE_FRAZIONE_ALDUNO,DIR_PAIR_5C6FBF92907CA588,COMPLETE_DIRECTED_PAIR_TEST_UNIVERSE_NOT_NETWORK_SELECTION
DIR_PAIR_B2C14C105D31AC9D,STOP_PROBE::FROZEN::300805,STOP_PROBE::ASF::ROVAGNATE_SS_ANG_V_LOMBARDIA,DIR_PAIR_D6DB4609946A09D2,COMPLETE_DIRECTED_PAIR_TEST_UNIVERSE_NOT_NETWORK_SELECTION
DIR_PAIR_00B3746CF5F93105,STOP_PROBE::FROZEN::300805,STOP_PROBE::ASF::ROVAGNATE_STRADA_STATALE_AGIP,DIR_PAIR_4E52494121896B72,COMPLETE_DIRECTED_PAIR_TEST_UNIVERSE_NOT_NETWORK_SELECTION
DIR_PAIR_8ED10222D2489574,STOP_PROBE::FROZEN::300805,STOP_PROBE::ASF::SANTA_MARIA_HOE_VIA_COMO,DIR_PAIR_99948584AF149789,COMPLETE_DIRECTED_PAIR_TEST_UNIVERSE_NOT_NETWORK_SELECTION
DIR_PAIR_506F22EC7E80CEBF,STOP_PROBE::FROZEN::300805,STOP_PROBE::ASF::SANTA_MARIA_HOE_VIA_GIOVANNI_XXIII,DIR_PAIR_F2AD17F731BE1FC0,COMPLETE_DIRECTED_PAIR_TEST_UNIVERSE_NOT_NETWORK_SELECTION
DIR_PAIR_132647C1D10EDBF3,STOP_PROBE::FROZEN::300805,STOP_PROBE::ASF::S_MARIA_HOE_S_P_58_ANG_VIA_CENISIO,DIR_PAIR_85C7B092F954A1C1,COMPLETE_DIRECTED_PAIR_TEST_UNIVERSE_NOT_NETWORK_SELECTION
DIR_PAIR_C33F805025FB2D1D,STOP_PROBE::FROZEN::300805,STOP_PROBE::ASF::VACCAREZZA_CARTELLO_PAESE,DIR_PAIR_EB1C5654164EA7A5,COMPLETE_DIRECTED_PAIR_TEST_UNIVERSE_NOT_NETWORK_SELECTION
DIR_PAIR_E6009482AB567F49,STOP_PROBE::FROZEN::300805,STOP_PROBE::FROZEN::100005,DIR_PAIR_F47CBEA0B87287E4,COMPLETE_DIRECTED_PAIR_TEST_UNIVERSE_NOT_NETWORK_SELECTION
DIR_PAIR_D6DC0460F8D219B3,STOP_PROBE::FROZEN::300805,STOP_PROBE::FROZEN::300063,DIR_PAIR_68077E365F65E219,COMPLETE_DIRECTED_PAIR_TEST_UNIVERSE_NOT_NETWORK_SELECTION
DIR_PAIR_61E8855B14CFCBE1,STOP_PROBE::FROZEN::300805,STOP_PROBE::FROZEN::300086,DIR_PAIR_EB96B748BC0B5BB3,COMPLETE_DIRECTED_PAIR_TEST_UNIVERSE_NOT_NETWORK_SELECTION
DIR_PAIR_9C966A3A363ACF83,STOP_PROBE::FROZEN::300805,STOP_PROBE::FROZEN::300398,DIR_PAIR_35BB78CCCEA789E8,COMPLETE_DIRECTED_PAIR_TEST_UNIVERSE_NOT_NETWORK_SELECTION
DIR_PAIR_F88FB8BCD67A8593,STOP_PROBE::FROZEN::300805,STOP_PROBE::FROZEN::300487,DIR_PAIR_D84A7E82B8F3D0E0,COMPLETE_DIRECTED_PAIR_TEST_UNIVERSE_NOT_NETWORK_SELECTION
DIR_PAIR_235A714BA8B377D3,STOP_PROBE::FROZEN::300805,STOP_PROBE::FROZEN::300527,DIR_PAIR_2798A1588D59E3F4,COMPLETE_DIRECTED_PAIR_TEST_UNIVERSE_NOT_NETWORK_SELECTION
DIR_PAIR_052357B6853BBE54,STOP_PROBE::FROZEN::300805,STOP_PROBE::FROZEN::300634,DIR_PAIR_110991CCEE5BFF46,COMPLETE_DIRECTED_PAIR_TEST_UNIVERSE_NOT_NETWORK_SELECTION
DIR_PAIR_15AC7BC866795933,STOP_PROBE::FROZEN::300805,STOP_PROBE::FROZEN::300743,DIR_PAIR_867BCF3CCCBC9222,COMPLETE_DIRECTED_PAIR_TEST_UNIVERSE_NOT_NETWORK_SELECTION
DIR_PAIR_F78E0426773681B9,STOP_PROBE::FROZEN::300805,STOP_PROBE::FROZEN::300782,DIR_PAIR_9E1531EDB2DF1EB3,COMPLETE_DIRECTED_PAIR_TEST_UNIVERSE_NOT_NETWORK_SELECTION
DIR_PAIR_7C4A4CFB1EAA795F,STOP_PROBE::FROZEN::300805,STOP_PROBE::FROZEN::300873,DIR_PAIR_94884825C6AA2DF5,COMPLETE_DIRECTED_PAIR_TEST_UNIVERSE_NOT_NETWORK_SELECTION
DIR_PAIR_73CD5D170D52EAA5,STOP_PROBE::FROZEN::300805,STOP_PROBE::FROZEN::300879,DIR_PAIR_9B8C56CCC76F68E4,COMPLETE_DIRECTED_PAIR_TEST_UNIVERSE_NOT_NETWORK_SELECTION
DIR_PAIR_542BD4ECA2FBBBBD,STOP_PROBE::FROZEN::300805,STOP_PROBE::FROZEN::300956,DIR_PAIR_5E9C881BAF7437EF,COMPLETE_DIRECTED_PAIR_TEST_UNIVERSE_NOT_NETWORK_SELECTION
DIR_PAIR_8BF91D8C018169FA,STOP_PROBE::FROZEN::300805,STOP_PROBE::FROZEN::L00407,DIR_PAIR_EE5B5B456E87E9E6,COMPLETE_DIRECTED_PAIR_TEST_UNIVERSE_NOT_NETWORK_SELECTION
DIR_PAIR_4F55ECE122C816FB,STOP_PROBE::FROZEN::300805,STOP_PROBE::MANUAL::CALCO_SCAGNELLO,DIR_PAIR_F2C4F4345C067887,COMPLETE_DIRECTED_PAIR_TEST_UNIVERSE_NOT_NETWORK_SELECTION
DIR_PAIR_B9A46AEA5DB3921A,STOP_PROBE::FROZEN::300805,STOP_PROBE::SPECIAL::CASA_DI_COMUNITA_OLGIATE,DIR_PAIR_D1E9B502DA49DA90,COMPLETE_DIRECTED_PAIR_TEST_UNIVERSE_NOT_NETWORK_SELECTION
DIR_PAIR_5D509A76AFE1FCCF,STOP_PROBE::FROZEN::300873,STOP_PROBE::ASF::ARLATE_BIVIO_PER_IL_PAESE,DIR_PAIR_ECEA61F52A5846ED,COMPLETE_DIRECTED_PAIR_TEST_UNIVERSE_NOT_NETWORK_SELECTION
DIR_PAIR_D8D58DF76C18695D,STOP_PROBE::FROZEN::300873,STOP_PROBE::ASF::ARLATE_B_VIO_BRIVIO_MADONNINA,DIR_PAIR_35ADD00C59D629D3,COMPLETE_DIRECTED_PAIR_TEST_UNIVERSE_NOT_NETWORK_SELECTION
DIR_PAIR_D1F575ABAF1A94FB,STOP_PROBE::FROZEN::300873,STOP_PROBE::ASF::ARLATE_CANTINA_PIROVANO,DIR_PAIR_380B1690A72460AA,COMPLETE_DIRECTED_PAIR_TEST_UNIVERSE_NOT_NETWORK_SELECTION
DIR_PAIR_EE8B17A5A66FE0A4,STOP_PROBE::FROZEN::300873,STOP_PROBE::ASF::BEVERATE_CARTELLO_PAESE,DIR_PAIR_7852ACC821142340,COMPLETE_DIRECTED_PAIR_TEST_UNIVERSE_NOT_NETWORK_SELECTION
DIR_PAIR_0745589CD3095C95,STOP_PROBE::FROZEN::300873,STOP_PROBE::ASF::BRIVIO_BAR_CRISTALLO,DIR_PAIR_7AE36EE503B0A9EB,COMPLETE_DIRECTED_PAIR_TEST_UNIVERSE_NOT_NETWORK_SELECTION
DIR_PAIR_C0DCCFA7B625CD1D,STOP_PROBE::FROZEN::300873,STOP_PROBE::ASF::BRIVIO_VIA_COMO_PENSILINA,DIR_PAIR_24690062F6D1EC3E,COMPLETE_DIRECTED_PAIR_TEST_UNIVERSE_NOT_NETWORK_SELECTION
DIR_PAIR_69413F0DEF73E954,STOP_PROBE::FROZEN::300873,STOP_PROBE::ASF::CALCO_LARGO_POMEA,DIR_PAIR_891EF4B41BD026D5,COMPLETE_DIRECTED_PAIR_TEST_UNIVERSE_NOT_NETWORK_SELECTION
DIR_PAIR_CE59B036399EC24E,STOP_PROBE::FROZEN::300873,STOP_PROBE::ASF::CALCO_VIA_GARIBALDI,DIR_PAIR_033308F54CA13932,COMPLETE_DIRECTED_PAIR_TEST_UNIVERSE_NOT_NETWORK_SELECTION
DIR_PAIR_7950C94BD7FAE357,STOP_PROBE::FROZEN::300873,STOP_PROBE::ASF::IMBERSAGO_LOCALITA_CAZZULINO,DIR_PAIR_BCB9962B848CA2EB,COMPLETE_DIRECTED_PAIR_TEST_UNIVERSE_NOT_NETWORK_SELECTION
DIR_PAIR_2ADDCB15CE0F3870,STOP_PROBE::FROZEN::300873,STOP_PROBE::ASF::OLGIATE_MOLGORA_SCARPONE,DIR_PAIR_01B8350A36BECA2B,COMPLETE_DIRECTED_PAIR_TEST_UNIVERSE_NOT_NETWORK_SELECTION
DIR_PAIR_E91B2DA42406FBCE,STOP_PROBE::FROZEN::300873,STOP_PROBE::ASF::OLGIATE_MOLGORA_VIA_DELLA_SALUTE,DIR_PAIR_2AC4787B57DEDE5E,COMPLETE_DIRECTED_PAIR_TEST_UNIVERSE_NOT_NETWORK_SELECTION
DIR_PAIR_C318765115253BCC,STOP_PROBE::FROZEN::300873,STOP_PROBE::ASF::OLGIATE_MOLGORA_VIA_STATALE,DIR_PAIR_FDD3E51CDB056E52,COMPLETE_DIRECTED_PAIR_TEST_UNIVERSE_NOT_NETWORK_SELECTION
DIR_PAIR_0998C0B7691A48F2,STOP_PROBE::FROZEN::300873,STOP_PROBE::ASF::PEREGO_VIA_STATALE_79,DIR_PAIR_E38B4D6CC96D2878,COMPLETE_DIRECTED_PAIR_TEST_UNIVERSE_NOT_NETWORK_SELECTION
DIR_PAIR_9F23A822FDC0730C,STOP_PROBE::FROZEN::300873,STOP_PROBE::ASF::ROVAGNATE_FRAZIONE_ALDUNO,DIR_PAIR_665EB1052B417D06,COMPLETE_DIRECTED_PAIR_TEST_UNIVERSE_NOT_NETWORK_SELECTION
DIR_PAIR_FB9FCD6B189CC108,STOP_PROBE::FROZEN::300873,STOP_PROBE::ASF::ROVAGNATE_SS_ANG_V_LOMBARDIA,DIR_PAIR_5F07A925FB86E6BC,COMPLETE_DIRECTED_PAIR_TEST_UNIVERSE_NOT_NETWORK_SELECTION
DIR_PAIR_387D8EBA21C51A68,STOP_PROBE::FROZEN::300873,STOP_PROBE::ASF::ROVAGNATE_STRADA_STATALE_AGIP,DIR_PAIR_A97DB3B7818211F2,COMPLETE_DIRECTED_PAIR_TEST_UNIVERSE_NOT_NETWORK_SELECTION
DIR_PAIR_156CF6A4F8166557,STOP_PROBE::FROZEN::300873,STOP_PROBE::ASF::SANTA_MARIA_HOE_VIA_COMO,DIR_PAIR_90BE7E99A57B30B5,COMPLETE_DIRECTED_PAIR_TEST_UNIVERSE_NOT_NETWORK_SELECTION
DIR_PAIR_E45565BA3CC2E51C,STOP_PROBE::FROZEN::300873,STOP_PROBE::ASF::SANTA_MARIA_HOE_VIA_GIOVANNI_XXIII,DIR_PAIR_28F1D7600BC32E15,COMPLETE_DIRECTED_PAIR_TEST_UNIVERSE_NOT_NETWORK_SELECTION
DIR_PAIR_06DDD824D7564758,STOP_PROBE::FROZEN::300873,STOP_PROBE::ASF::S_MARIA_HOE_S_P_58_ANG_VIA_CENISIO,DIR_PAIR_FC438ABEA25752EE,COMPLETE_DIRECTED_PAIR_TEST_UNIVERSE_NOT_NETWORK_SELECTION
DIR_PAIR_D8B344AA28263DED,STOP_PROBE::FROZEN::300873,STOP_PROBE::ASF::VACCAREZZA_CARTELLO_PAESE,DIR_PAIR_F06E9F57963A1C84,COMPLETE_DIRECTED_PAIR_TEST_UNIVERSE_NOT_NETWORK_SELECTION
DIR_PAIR_31B6EF67E5F8C268,STOP_PROBE::FROZEN::300873,STOP_PROBE::FROZEN::100005,DIR_PAIR_A2DB16429A872599,COMPLETE_DIRECTED_PAIR_TEST_UNIVERSE_NOT_NETWORK_SELECTION
DIR_PAIR_B7C75C4CD423D856,STOP_PROBE::FROZEN::300873,STOP_PROBE::FROZEN::300063,DIR_PAIR_2E931111CE4E0695,COMPLETE_DIRECTED_PAIR_TEST_UNIVERSE_NOT_NETWORK_SELECTION
DIR_PAIR_BCD5277B8E813968,STOP_PROBE::FROZEN::300873,STOP_PROBE::FROZEN::300086,DIR_PAIR_F1FBD9B7341F8C4E,COMPLETE_DIRECTED_PAIR_TEST_UNIVERSE_NOT_NETWORK_SELECTION
DIR_PAIR_5B48A3E73DDEA4BF,STOP_PROBE::FROZEN::300873,STOP_PROBE::FROZEN::300398,DIR_PAIR_7BAB4259F3907B7A,COMPLETE_DIRECTED_PAIR_TEST_UNIVERSE_NOT_NETWORK_SELECTION
DIR_PAIR_3531C3A4C377A3D2,STOP_PROBE::FROZEN::300873,STOP_PROBE::FROZEN::300487,DIR_PAIR_A4B198B4118FC315,COMPLETE_DIRECTED_PAIR_TEST_UNIVERSE_NOT_NETWORK_SELECTION
DIR_PAIR_AD187A98A7225B23,STOP_PROBE::FROZEN::300873,STOP_PROBE::FROZEN::300527,DIR_PAIR_EC20F71B7EDA6633,COMPLETE_DIRECTED_PAIR_TEST_UNIVERSE_NOT_NETWORK_SELECTION
DIR_PAIR_CC84F3BD69991F3E,STOP_PROBE::FROZEN::300873,STOP_PROBE::FROZEN::300634,DIR_PAIR_26AB715BF72613C5,COMPLETE_DIRECTED_PAIR_TEST_UNIVERSE_NOT_NETWORK_SELECTION
DIR_PAIR_942AD9A6E25C016B,STOP_PROBE::FROZEN::300873,STOP_PROBE::FROZEN::300743,DIR_PAIR_FE324303EADE9AE1,COMPLETE_DIRECTED_PAIR_TEST_UNIVERSE_NOT_NETWORK_SELECTION
DIR_PAIR_D125FE3ABF0D731B,STOP_PROBE::FROZEN::300873,STOP_PROBE::FROZEN::300782,DIR_PAIR_60CC14610E41B6CF,COMPLETE_DIRECTED_PAIR_TEST_UNIVERSE_NOT_NETWORK_SELECTION
DIR_PAIR_94884825C6AA2DF5,STOP_PROBE::FROZEN::300873,STOP_PROBE::FROZEN::300805,DIR_PAIR_7C4A4CFB1EAA795F,COMPLETE_DIRECTED_PAIR_TEST_UNIVERSE_NOT_NETWORK_SELECTION
DIR_PAIR_74FBE1CA34155BF5,STOP_PROBE::FROZEN::300873,STOP_PROBE::FROZEN::300879,DIR_PAIR_16AD88E303DDA383,COMPLETE_DIRECTED_PAIR_TEST_UNIVERSE_NOT_NETWORK_SELECTION
DIR_PAIR_EFCAC53A2F375695,STOP_PROBE::FROZEN::300873,STOP_PROBE::FROZEN::300956,DIR_PAIR_3F57CD5620F2A3BA,COMPLETE_DIRECTED_PAIR_TEST_UNIVERSE_NOT_NETWORK_SELECTION
DIR_PAIR_40792DA3F9C4533B,STOP_PROBE::FROZEN::300873,STOP_PROBE::FROZEN::L00407,DIR_PAIR_63A58C3DA28FCF6E,COMPLETE_DIRECTED_PAIR_TEST_UNIVERSE_NOT_NETWORK_SELECTION
DIR_PAIR_A82959234EA107A9,STOP_PROBE::FROZEN::300873,STOP_PROBE::MANUAL::CALCO_SCAGNELLO,DIR_PAIR_951B75A39086E460,COMPLETE_DIRECTED_PAIR_TEST_UNIVERSE_NOT_NETWORK_SELECTION
DIR_PAIR_BD94B5F5F36C1D29,STOP_PROBE::FROZEN::300873,STOP_PROBE::SPECIAL::CASA_DI_COMUNITA_OLGIATE,DIR_PAIR_C03ADE257E572E51,COMPLETE_DIRECTED_PAIR_TEST_UNIVERSE_NOT_NETWORK_SELECTION
DIR_PAIR_4E793D43C878F430,STOP_PROBE::FROZEN::300879,STOP_PROBE::ASF::ARLATE_BIVIO_PER_IL_PAESE,DIR_PAIR_4D38DF1D09A980A1,COMPLETE_DIRECTED_PAIR_TEST_UNIVERSE_NOT_NETWORK_SELECTION
DIR_PAIR_1D7B9067B6458A63,STOP_PROBE::FROZEN::300879,STOP_PROBE::ASF::ARLATE_B_VIO_BRIVIO_MADONNINA,DIR_PAIR_91BAD6B5EFB588AB,COMPLETE_DIRECTED_PAIR_TEST_UNIVERSE_NOT_NETWORK_SELECTION
DIR_PAIR_6A17E2FB34F21FC2,STOP_PROBE::FROZEN::300879,STOP_PROBE::ASF::ARLATE_CANTINA_PIROVANO,DIR_PAIR_60021BB0062BEA64,COMPLETE_DIRECTED_PAIR_TEST_UNIVERSE_NOT_NETWORK_SELECTION
DIR_PAIR_CCA9DA5CFE0530E8,STOP_PROBE::FROZEN::300879,STOP_PROBE::ASF::BEVERATE_CARTELLO_PAESE,DIR_PAIR_E8C20B0B97BD2FF4,COMPLETE_DIRECTED_PAIR_TEST_UNIVERSE_NOT_NETWORK_SELECTION
DIR_PAIR_9257D83AB9D34538,STOP_PROBE::FROZEN::300879,STOP_PROBE::ASF::BRIVIO_BAR_CRISTALLO,DIR_PAIR_359EB3BB05EE6929,COMPLETE_DIRECTED_PAIR_TEST_UNIVERSE_NOT_NETWORK_SELECTION
DIR_PAIR_643EA2A2B6E56AC6,STOP_PROBE::FROZEN::300879,STOP_PROBE::ASF::BRIVIO_VIA_COMO_PENSILINA,DIR_PAIR_E1C7C80BCCF21157,COMPLETE_DIRECTED_PAIR_TEST_UNIVERSE_NOT_NETWORK_SELECTION
DIR_PAIR_19D667C4ED6837DF,STOP_PROBE::FROZEN::300879,STOP_PROBE::ASF::CALCO_LARGO_POMEA,DIR_PAIR_7B3DC5B0A13EF302,COMPLETE_DIRECTED_PAIR_TEST_UNIVERSE_NOT_NETWORK_SELECTION
DIR_PAIR_D926D35FECA1E57E,STOP_PROBE::FROZEN::300879,STOP_PROBE::ASF::CALCO_VIA_GARIBALDI,DIR_PAIR_0EFFEBC3219FC533,COMPLETE_DIRECTED_PAIR_TEST_UNIVERSE_NOT_NETWORK_SELECTION
DIR_PAIR_822F6F0B60FA5DA6,STOP_PROBE::FROZEN::300879,STOP_PROBE::ASF::IMBERSAGO_LOCALITA_CAZZULINO,DIR_PAIR_0E5E5301E211A351,COMPLETE_DIRECTED_PAIR_TEST_UNIVERSE_NOT_NETWORK_SELECTION
DIR_PAIR_1C981A6BE08152FA,STOP_PROBE::FROZEN::300879,STOP_PROBE::ASF::OLGIATE_MOLGORA_SCARPONE,DIR_PAIR_2F3979D6CE674178,COMPLETE_DIRECTED_PAIR_TEST_UNIVERSE_NOT_NETWORK_SELECTION
DIR_PAIR_DFB4195380C19366,STOP_PROBE::FROZEN::300879,STOP_PROBE::ASF::OLGIATE_MOLGORA_VIA_DELLA_SALUTE,DIR_PAIR_C2925924423B04BE,COMPLETE_DIRECTED_PAIR_TEST_UNIVERSE_NOT_NETWORK_SELECTION
DIR_PAIR_73A7DCDE3A4DCE2C,STOP_PROBE::FROZEN::300879,STOP_PROBE::ASF::OLGIATE_MOLGORA_VIA_STATALE,DIR_PAIR_C1E150E55E6181EF,COMPLETE_DIRECTED_PAIR_TEST_UNIVERSE_NOT_NETWORK_SELECTION
DIR_PAIR_D5DA3305F83C3782,STOP_PROBE::FROZEN::300879,STOP_PROBE::ASF::PEREGO_VIA_STATALE_79,DIR_PAIR_94BD82D3F5D86970,COMPLETE_DIRECTED_PAIR_TEST_UNIVERSE_NOT_NETWORK_SELECTION
DIR_PAIR_C638D7079666125F,STOP_PROBE::FROZEN::300879,STOP_PROBE::ASF::ROVAGNATE_FRAZIONE_ALDUNO,DIR_PAIR_BE59E678E24C7FBE,COMPLETE_DIRECTED_PAIR_TEST_UNIVERSE_NOT_NETWORK_SELECTION
DIR_PAIR_471ECF6301B19556,STOP_PROBE::FROZEN::300879,STOP_PROBE::ASF::ROVAGNATE_SS_ANG_V_LOMBARDIA,DIR_PAIR_36EC1654CF22CE5C,COMPLETE_DIRECTED_PAIR_TEST_UNIVERSE_NOT_NETWORK_SELECTION
DIR_PAIR_553EE63341403A8F,STOP_PROBE::FROZEN::300879,STOP_PROBE::ASF::ROVAGNATE_STRADA_STATALE_AGIP,DIR_PAIR_BB8226930123FDE7,COMPLETE_DIRECTED_PAIR_TEST_UNIVERSE_NOT_NETWORK_SELECTION
DIR_PAIR_EF4DF3D5E61B893E,STOP_PROBE::FROZEN::300879,STOP_PROBE::ASF::SANTA_MARIA_HOE_VIA_COMO,DIR_PAIR_5EDAB209DFEE5D43,COMPLETE_DIRECTED_PAIR_TEST_UNIVERSE_NOT_NETWORK_SELECTION
DIR_PAIR_92D77B9763DA6F0A,STOP_PROBE::FROZEN::300879,STOP_PROBE::ASF::SANTA_MARIA_HOE_VIA_GIOVANNI_XXIII,DIR_PAIR_A5C4EA69EAC3FB98,COMPLETE_DIRECTED_PAIR_TEST_UNIVERSE_NOT_NETWORK_SELECTION
DIR_PAIR_74AD08B60323A04C,STOP_PROBE::FROZEN::300879,STOP_PROBE::ASF::S_MARIA_HOE_S_P_58_ANG_VIA_CENISIO,DIR_PAIR_845A1B17044CDA6D,COMPLETE_DIRECTED_PAIR_TEST_UNIVERSE_NOT_NETWORK_SELECTION
DIR_PAIR_94AD72F4D2D23F30,STOP_PROBE::FROZEN::300879,STOP_PROBE::ASF::VACCAREZZA_CARTELLO_PAESE,DIR_PAIR_4D7585E0D539F67F,COMPLETE_DIRECTED_PAIR_TEST_UNIVERSE_NOT_NETWORK_SELECTION
DIR_PAIR_4247636ABEDDB410,STOP_PROBE::FROZEN::300879,STOP_PROBE::FROZEN::100005,DIR_PAIR_60B01BFE89DDDA30,COMPLETE_DIRECTED_PAIR_TEST_UNIVERSE_NOT_NETWORK_SELECTION
DIR_PAIR_D6D3330DC61DF666,STOP_PROBE::FROZEN::300879,STOP_PROBE::FROZEN::300063,DIR_PAIR_594521977BD7659C,COMPLETE_DIRECTED_PAIR_TEST_UNIVERSE_NOT_NETWORK_SELECTION
DIR_PAIR_D3E71F3F885CBBE3,STOP_PROBE::FROZEN::300879,STOP_PROBE::FROZEN::300086,DIR_PAIR_353C6041583294F5,COMPLETE_DIRECTED_PAIR_TEST_UNIVERSE_NOT_NETWORK_SELECTION
DIR_PAIR_DE72D5611BD92DDE,STOP_PROBE::FROZEN::300879,STOP_PROBE::FROZEN::300398,DIR_PAIR_C3549A158C80C56A,COMPLETE_DIRECTED_PAIR_TEST_UNIVERSE_NOT_NETWORK_SELECTION
DIR_PAIR_DB6F6F62C35D0660,STOP_PROBE::FROZEN::300879,STOP_PROBE::FROZEN::300487,DIR_PAIR_F55123B246CED7B5,COMPLETE_DIRECTED_PAIR_TEST_UNIVERSE_NOT_NETWORK_SELECTION
DIR_PAIR_5617B26DE0F5DAF5,STOP_PROBE::FROZEN::300879,STOP_PROBE::FROZEN::300527,DIR_PAIR_6624D3B6890AD6A3,COMPLETE_DIRECTED_PAIR_TEST_UNIVERSE_NOT_NETWORK_SELECTION
DIR_PAIR_960FC1C21AB18506,STOP_PROBE::FROZEN::300879,STOP_PROBE::FROZEN::300634,DIR_PAIR_14EA6A8F5A0942A0,COMPLETE_DIRECTED_PAIR_TEST_UNIVERSE_NOT_NETWORK_SELECTION
DIR_PAIR_BCB413FBA1F2F0BD,STOP_PROBE::FROZEN::300879,STOP_PROBE::FROZEN::300743,DIR_PAIR_570CF3ACE6495690,COMPLETE_DIRECTED_PAIR_TEST_UNIVERSE_NOT_NETWORK_SELECTION
DIR_PAIR_E9859864DF0325CD,STOP_PROBE::FROZEN::300879,STOP_PROBE::FROZEN::300782,DIR_PAIR_9BD2458A54848EFF,COMPLETE_DIRECTED_PAIR_TEST_UNIVERSE_NOT_NETWORK_SELECTION
DIR_PAIR_9B8C56CCC76F68E4,STOP_PROBE::FROZEN::300879,STOP_PROBE::FROZEN::300805,DIR_PAIR_73CD5D170D52EAA5,COMPLETE_DIRECTED_PAIR_TEST_UNIVERSE_NOT_NETWORK_SELECTION
DIR_PAIR_16AD88E303DDA383,STOP_PROBE::FROZEN::300879,STOP_PROBE::FROZEN::300873,DIR_PAIR_74FBE1CA34155BF5,COMPLETE_DIRECTED_PAIR_TEST_UNIVERSE_NOT_NETWORK_SELECTION
DIR_PAIR_9131CE0819289FD5,STOP_PROBE::FROZEN::300879,STOP_PROBE::FROZEN::300956,DIR_PAIR_06733F19344547B6,COMPLETE_DIRECTED_PAIR_TEST_UNIVERSE_NOT_NETWORK_SELECTION
DIR_PAIR_17F27EA2F6DC5D44,STOP_PROBE::FROZEN::300879,STOP_PROBE::FROZEN::L00407,DIR_PAIR_E8CB30B477E84974,COMPLETE_DIRECTED_PAIR_TEST_UNIVERSE_NOT_NETWORK_SELECTION
DIR_PAIR_1C048D8842328E0E,STOP_PROBE::FROZEN::300879,STOP_PROBE::MANUAL::CALCO_SCAGNELLO,DIR_PAIR_2751F66212F51A8E,COMPLETE_DIRECTED_PAIR_TEST_UNIVERSE_NOT_NETWORK_SELECTION
DIR_PAIR_2EE903DC416C13AD,STOP_PROBE::FROZEN::300879,STOP_PROBE::SPECIAL::CASA_DI_COMUNITA_OLGIATE,DIR_PAIR_6F402A25515E3A71,COMPLETE_DIRECTED_PAIR_TEST_UNIVERSE_NOT_NETWORK_SELECTION
DIR_PAIR_3CEEF17D988E6330,STOP_PROBE::FROZEN::300956,STOP_PROBE::ASF::ARLATE_BIVIO_PER_IL_PAESE,DIR_PAIR_D1C72438A5D9E815,COMPLETE_DIRECTED_PAIR_TEST_UNIVERSE_NOT_NETWORK_SELECTION
DIR_PAIR_1269844A4D9E73CB,STOP_PROBE::FROZEN::300956,STOP_PROBE::ASF::ARLATE_B_VIO_BRIVIO_MADONNINA,DIR_PAIR_B3370F9E07760D46,COMPLETE_DIRECTED_PAIR_TEST_UNIVERSE_NOT_NETWORK_SELECTION
DIR_PAIR_3EB8E2CFB7BE96CE,STOP_PROBE::FROZEN::300956,STOP_PROBE::ASF::ARLATE_CANTINA_PIROVANO,DIR_PAIR_9022BCCC28AB9FF0,COMPLETE_DIRECTED_PAIR_TEST_UNIVERSE_NOT_NETWORK_SELECTION
DIR_PAIR_A55A31C38668CAFF,STOP_PROBE::FROZEN::300956,STOP_PROBE::ASF::BEVERATE_CARTELLO_PAESE,DIR_PAIR_39D9C1C90EFAFD33,COMPLETE_DIRECTED_PAIR_TEST_UNIVERSE_NOT_NETWORK_SELECTION
DIR_PAIR_73AC15653576302F,STOP_PROBE::FROZEN::300956,STOP_PROBE::ASF::BRIVIO_BAR_CRISTALLO,DIR_PAIR_C9676579324E007E,COMPLETE_DIRECTED_PAIR_TEST_UNIVERSE_NOT_NETWORK_SELECTION
DIR_PAIR_C88C513581E2FBF0,STOP_PROBE::FROZEN::300956,STOP_PROBE::ASF::BRIVIO_VIA_COMO_PENSILINA,DIR_PAIR_B71E19EAC12880FE,COMPLETE_DIRECTED_PAIR_TEST_UNIVERSE_NOT_NETWORK_SELECTION
DIR_PAIR_41AF66B407C695D0,STOP_PROBE::FROZEN::300956,STOP_PROBE::ASF::CALCO_LARGO_POMEA,DIR_PAIR_C96E1762DEC72E2C,COMPLETE_DIRECTED_PAIR_TEST_UNIVERSE_NOT_NETWORK_SELECTION
DIR_PAIR_799055F1CB52E1D5,STOP_PROBE::FROZEN::300956,STOP_PROBE::ASF::CALCO_VIA_GARIBALDI,DIR_PAIR_733D58C2A829912A,COMPLETE_DIRECTED_PAIR_TEST_UNIVERSE_NOT_NETWORK_SELECTION
DIR_PAIR_75B41FF0BB228EB6,STOP_PROBE::FROZEN::300956,STOP_PROBE::ASF::IMBERSAGO_LOCALITA_CAZZULINO,DIR_PAIR_47672524CFF6D170,COMPLETE_DIRECTED_PAIR_TEST_UNIVERSE_NOT_NETWORK_SELECTION
DIR_PAIR_E393A3A9A2B15353,STOP_PROBE::FROZEN::300956,STOP_PROBE::ASF::OLGIATE_MOLGORA_SCARPONE,DIR_PAIR_3BBD5BE4B4FE662D,COMPLETE_DIRECTED_PAIR_TEST_UNIVERSE_NOT_NETWORK_SELECTION
DIR_PAIR_5DC984F1AB086888,STOP_PROBE::FROZEN::300956,STOP_PROBE::ASF::OLGIATE_MOLGORA_VIA_DELLA_SALUTE,DIR_PAIR_118D2C7E8FF17705,COMPLETE_DIRECTED_PAIR_TEST_UNIVERSE_NOT_NETWORK_SELECTION
DIR_PAIR_7F69ADD20F16DEA9,STOP_PROBE::FROZEN::300956,STOP_PROBE::ASF::OLGIATE_MOLGORA_VIA_STATALE,DIR_PAIR_FF88E358F7DCD119,COMPLETE_DIRECTED_PAIR_TEST_UNIVERSE_NOT_NETWORK_SELECTION
DIR_PAIR_E376CED3DD8193AF,STOP_PROBE::FROZEN::300956,STOP_PROBE::ASF::PEREGO_VIA_STATALE_79,DIR_PAIR_3B0B5EBE38175EA1,COMPLETE_DIRECTED_PAIR_TEST_UNIVERSE_NOT_NETWORK_SELECTION
DIR_PAIR_2263003ADA70FA24,STOP_PROBE::FROZEN::300956,STOP_PROBE::ASF::ROVAGNATE_FRAZIONE_ALDUNO,DIR_PAIR_DD52B63F5D093019,COMPLETE_DIRECTED_PAIR_TEST_UNIVERSE_NOT_NETWORK_SELECTION
DIR_PAIR_53A6C5F10EB46A32,STOP_PROBE::FROZEN::300956,STOP_PROBE::ASF::ROVAGNATE_SS_ANG_V_LOMBARDIA,DIR_PAIR_0F80CD2D945E4295,COMPLETE_DIRECTED_PAIR_TEST_UNIVERSE_NOT_NETWORK_SELECTION
DIR_PAIR_1812C2A50D1146CE,STOP_PROBE::FROZEN::300956,STOP_PROBE::ASF::ROVAGNATE_STRADA_STATALE_AGIP,DIR_PAIR_988955C2CDED0DAC,COMPLETE_DIRECTED_PAIR_TEST_UNIVERSE_NOT_NETWORK_SELECTION
DIR_PAIR_DB366C3FCA6F0D9D,STOP_PROBE::FROZEN::300956,STOP_PROBE::ASF::SANTA_MARIA_HOE_VIA_COMO,DIR_PAIR_33E564F1F4B5C941,COMPLETE_DIRECTED_PAIR_TEST_UNIVERSE_NOT_NETWORK_SELECTION
DIR_PAIR_E571CFA1EEC1C8B1,STOP_PROBE::FROZEN::300956,STOP_PROBE::ASF::SANTA_MARIA_HOE_VIA_GIOVANNI_XXIII,DIR_PAIR_4F451F64AAFA1B8A,COMPLETE_DIRECTED_PAIR_TEST_UNIVERSE_NOT_NETWORK_SELECTION
DIR_PAIR_98DA967782DD1D11,STOP_PROBE::FROZEN::300956,STOP_PROBE::ASF::S_MARIA_HOE_S_P_58_ANG_VIA_CENISIO,DIR_PAIR_CC6CE7DE84AAE4CC,COMPLETE_DIRECTED_PAIR_TEST_UNIVERSE_NOT_NETWORK_SELECTION
DIR_PAIR_E626275C5B810F3A,STOP_PROBE::FROZEN::300956,STOP_PROBE::ASF::VACCAREZZA_CARTELLO_PAESE,DIR_PAIR_670B4AF36E049136,COMPLETE_DIRECTED_PAIR_TEST_UNIVERSE_NOT_NETWORK_SELECTION
DIR_PAIR_0FFDB30FBEDF1B4F,STOP_PROBE::FROZEN::300956,STOP_PROBE::FROZEN::100005,DIR_PAIR_0AEAF21277EC7B5A,COMPLETE_DIRECTED_PAIR_TEST_UNIVERSE_NOT_NETWORK_SELECTION
DIR_PAIR_BAFDD8033940AE26,STOP_PROBE::FROZEN::300956,STOP_PROBE::FROZEN::300063,DIR_PAIR_A58CCCC9C365C645,COMPLETE_DIRECTED_PAIR_TEST_UNIVERSE_NOT_NETWORK_SELECTION
DIR_PAIR_93D082430805227F,STOP_PROBE::FROZEN::300956,STOP_PROBE::FROZEN::300086,DIR_PAIR_B69743F5504B7D02,COMPLETE_DIRECTED_PAIR_TEST_UNIVERSE_NOT_NETWORK_SELECTION
DIR_PAIR_BC90AF6D2A9EB4AB,STOP_PROBE::FROZEN::300956,STOP_PROBE::FROZEN::300398,DIR_PAIR_EF8A1BBF57C9D5A0,COMPLETE_DIRECTED_PAIR_TEST_UNIVERSE_NOT_NETWORK_SELECTION
DIR_PAIR_7C3A1197C4FE837E,STOP_PROBE::FROZEN::300956,STOP_PROBE::FROZEN::300487,DIR_PAIR_F14BCCE9EF4675BA,COMPLETE_DIRECTED_PAIR_TEST_UNIVERSE_NOT_NETWORK_SELECTION
DIR_PAIR_DF107E72DF9F1221,STOP_PROBE::FROZEN::300956,STOP_PROBE::FROZEN::300527,DIR_PAIR_1DE66056BAA2D5FA,COMPLETE_DIRECTED_PAIR_TEST_UNIVERSE_NOT_NETWORK_SELECTION
DIR_PAIR_211BBC792DDD067E,STOP_PROBE::FROZEN::300956,STOP_PROBE::FROZEN::300634,DIR_PAIR_D19176E4FA01405B,COMPLETE_DIRECTED_PAIR_TEST_UNIVERSE_NOT_NETWORK_SELECTION
DIR_PAIR_2C5E54E010EF270C,STOP_PROBE::FROZEN::300956,STOP_PROBE::FROZEN::300743,DIR_PAIR_73C26D93482727F6,COMPLETE_DIRECTED_PAIR_TEST_UNIVERSE_NOT_NETWORK_SELECTION
DIR_PAIR_B60329F207D94970,STOP_PROBE::FROZEN::300956,STOP_PROBE::FROZEN::300782,DIR_PAIR_D777C79A8C5B6878,COMPLETE_DIRECTED_PAIR_TEST_UNIVERSE_NOT_NETWORK_SELECTION
DIR_PAIR_5E9C881BAF7437EF,STOP_PROBE::FROZEN::300956,STOP_PROBE::FROZEN::300805,DIR_PAIR_542BD4ECA2FBBBBD,COMPLETE_DIRECTED_PAIR_TEST_UNIVERSE_NOT_NETWORK_SELECTION
DIR_PAIR_3F57CD5620F2A3BA,STOP_PROBE::FROZEN::300956,STOP_PROBE::FROZEN::300873,DIR_PAIR_EFCAC53A2F375695,COMPLETE_DIRECTED_PAIR_TEST_UNIVERSE_NOT_NETWORK_SELECTION
DIR_PAIR_06733F19344547B6,STOP_PROBE::FROZEN::300956,STOP_PROBE::FROZEN::300879,DIR_PAIR_9131CE0819289FD5,COMPLETE_DIRECTED_PAIR_TEST_UNIVERSE_NOT_NETWORK_SELECTION
DIR_PAIR_5E1BD4CEF0171CBF,STOP_PROBE::FROZEN::300956,STOP_PROBE::FROZEN::L00407,DIR_PAIR_67B0DE678FF2F6F0,COMPLETE_DIRECTED_PAIR_TEST_UNIVERSE_NOT_NETWORK_SELECTION
DIR_PAIR_A3B6BCFD60100217,STOP_PROBE::FROZEN::300956,STOP_PROBE::MANUAL::CALCO_SCAGNELLO,DIR_PAIR_8F1B465779518CD1,COMPLETE_DIRECTED_PAIR_TEST_UNIVERSE_NOT_NETWORK_SELECTION
DIR_PAIR_F89B3E67E23197AB,STOP_PROBE::FROZEN::300956,STOP_PROBE::SPECIAL::CASA_DI_COMUNITA_OLGIATE,DIR_PAIR_049316FF58617955,COMPLETE_DIRECTED_PAIR_TEST_UNIVERSE_NOT_NETWORK_SELECTION
DIR_PAIR_BE087F28559FCCCA,STOP_PROBE::FROZEN::L00407,STOP_PROBE::ASF::ARLATE_BIVIO_PER_IL_PAESE,DIR_PAIR_DC987A2B20D9E172,COMPLETE_DIRECTED_PAIR_TEST_UNIVERSE_NOT_NETWORK_SELECTION
DIR_PAIR_4480DC0A959FE345,STOP_PROBE::FROZEN::L00407,STOP_PROBE::ASF::ARLATE_B_VIO_BRIVIO_MADONNINA,DIR_PAIR_D61B849C917ABA02,COMPLETE_DIRECTED_PAIR_TEST_UNIVERSE_NOT_NETWORK_SELECTION
DIR_PAIR_27FFE153F64C21D5,STOP_PROBE::FROZEN::L00407,STOP_PROBE::ASF::ARLATE_CANTINA_PIROVANO,DIR_PAIR_B070175FA86ECEDC,COMPLETE_DIRECTED_PAIR_TEST_UNIVERSE_NOT_NETWORK_SELECTION
DIR_PAIR_BBFB5EB014B2B5FF,STOP_PROBE::FROZEN::L00407,STOP_PROBE::ASF::BEVERATE_CARTELLO_PAESE,DIR_PAIR_5FC182B44144C2BA,COMPLETE_DIRECTED_PAIR_TEST_UNIVERSE_NOT_NETWORK_SELECTION
DIR_PAIR_5BAD3DA0540EAF32,STOP_PROBE::FROZEN::L00407,STOP_PROBE::ASF::BRIVIO_BAR_CRISTALLO,DIR_PAIR_3096A9A8C9C3D5C7,COMPLETE_DIRECTED_PAIR_TEST_UNIVERSE_NOT_NETWORK_SELECTION
DIR_PAIR_E381339524E59560,STOP_PROBE::FROZEN::L00407,STOP_PROBE::ASF::BRIVIO_VIA_COMO_PENSILINA,DIR_PAIR_55902395E931CC5A,COMPLETE_DIRECTED_PAIR_TEST_UNIVERSE_NOT_NETWORK_SELECTION
DIR_PAIR_08B53E3D7C96A403,STOP_PROBE::FROZEN::L00407,STOP_PROBE::ASF::CALCO_LARGO_POMEA,DIR_PAIR_A554947E73FA244E,COMPLETE_DIRECTED_PAIR_TEST_UNIVERSE_NOT_NETWORK_SELECTION
DIR_PAIR_CBA498E45B9009A7,STOP_PROBE::FROZEN::L00407,STOP_PROBE::ASF::CALCO_VIA_GARIBALDI,DIR_PAIR_ED4FE1605F09C93F,COMPLETE_DIRECTED_PAIR_TEST_UNIVERSE_NOT_NETWORK_SELECTION
DIR_PAIR_541F2A39603BEED9,STOP_PROBE::FROZEN::L00407,STOP_PROBE::ASF::IMBERSAGO_LOCALITA_CAZZULINO,DIR_PAIR_1695E582B009E469,COMPLETE_DIRECTED_PAIR_TEST_UNIVERSE_NOT_NETWORK_SELECTION
DIR_PAIR_3BCE0C1E9AD69C36,STOP_PROBE::FROZEN::L00407,STOP_PROBE::ASF::OLGIATE_MOLGORA_SCARPONE,DIR_PAIR_E67E52C097CF10BC,COMPLETE_DIRECTED_PAIR_TEST_UNIVERSE_NOT_NETWORK_SELECTION
DIR_PAIR_5DF09C6E77DE62D4,STOP_PROBE::FROZEN::L00407,STOP_PROBE::ASF::OLGIATE_MOLGORA_VIA_DELLA_SALUTE,DIR_PAIR_711FBA005975F636,COMPLETE_DIRECTED_PAIR_TEST_UNIVERSE_NOT_NETWORK_SELECTION
DIR_PAIR_8B90340C1663A690,STOP_PROBE::FROZEN::L00407,STOP_PROBE::ASF::OLGIATE_MOLGORA_VIA_STATALE,DIR_PAIR_9C95D36446047E34,COMPLETE_DIRECTED_PAIR_TEST_UNIVERSE_NOT_NETWORK_SELECTION
DIR_PAIR_34FEDA0B8F66EAD0,STOP_PROBE::FROZEN::L00407,STOP_PROBE::ASF::PEREGO_VIA_STATALE_79,DIR_PAIR_D7DAA0B76C0DB012,COMPLETE_DIRECTED_PAIR_TEST_UNIVERSE_NOT_NETWORK_SELECTION
DIR_PAIR_29BFAA1B21731FC8,STOP_PROBE::FROZEN::L00407,STOP_PROBE::ASF::ROVAGNATE_FRAZIONE_ALDUNO,DIR_PAIR_92870DBC220273BE,COMPLETE_DIRECTED_PAIR_TEST_UNIVERSE_NOT_NETWORK_SELECTION
DIR_PAIR_9A91137A97E242E1,STOP_PROBE::FROZEN::L00407,STOP_PROBE::ASF::ROVAGNATE_SS_ANG_V_LOMBARDIA,DIR_PAIR_687F652A14AFD735,COMPLETE_DIRECTED_PAIR_TEST_UNIVERSE_NOT_NETWORK_SELECTION
DIR_PAIR_CD91EC20F0734923,STOP_PROBE::FROZEN::L00407,STOP_PROBE::ASF::ROVAGNATE_STRADA_STATALE_AGIP,DIR_PAIR_7E9C21913A4E7A24,COMPLETE_DIRECTED_PAIR_TEST_UNIVERSE_NOT_NETWORK_SELECTION
DIR_PAIR_FEABFC731BFA222E,STOP_PROBE::FROZEN::L00407,STOP_PROBE::ASF::SANTA_MARIA_HOE_VIA_COMO,DIR_PAIR_2DFF8BD4BD4045AB,COMPLETE_DIRECTED_PAIR_TEST_UNIVERSE_NOT_NETWORK_SELECTION
DIR_PAIR_5C507C1FB82D819A,STOP_PROBE::FROZEN::L00407,STOP_PROBE::ASF::SANTA_MARIA_HOE_VIA_GIOVANNI_XXIII,DIR_PAIR_500F1696E99E3683,COMPLETE_DIRECTED_PAIR_TEST_UNIVERSE_NOT_NETWORK_SELECTION
DIR_PAIR_B83B3271E013377C,STOP_PROBE::FROZEN::L00407,STOP_PROBE::ASF::S_MARIA_HOE_S_P_58_ANG_VIA_CENISIO,DIR_PAIR_0869E3DBCB2852C8,COMPLETE_DIRECTED_PAIR_TEST_UNIVERSE_NOT_NETWORK_SELECTION
DIR_PAIR_AA1C6DD7D4CC17B3,STOP_PROBE::FROZEN::L00407,STOP_PROBE::ASF::VACCAREZZA_CARTELLO_PAESE,DIR_PAIR_91DFE2525B3885D8,COMPLETE_DIRECTED_PAIR_TEST_UNIVERSE_NOT_NETWORK_SELECTION
DIR_PAIR_04B1703CF75A3B21,STOP_PROBE::FROZEN::L00407,STOP_PROBE::FROZEN::100005,DIR_PAIR_D4BABC9CAE1F9B14,COMPLETE_DIRECTED_PAIR_TEST_UNIVERSE_NOT_NETWORK_SELECTION
DIR_PAIR_3D6EE9AB347FBDD5,STOP_PROBE::FROZEN::L00407,STOP_PROBE::FROZEN::300063,DIR_PAIR_8E4A25EB3378026C,COMPLETE_DIRECTED_PAIR_TEST_UNIVERSE_NOT_NETWORK_SELECTION
DIR_PAIR_F4BD66F3A6CD4384,STOP_PROBE::FROZEN::L00407,STOP_PROBE::FROZEN::300086,DIR_PAIR_741E8265807FA8F6,COMPLETE_DIRECTED_PAIR_TEST_UNIVERSE_NOT_NETWORK_SELECTION
DIR_PAIR_B4D92EC7D3735375,STOP_PROBE::FROZEN::L00407,STOP_PROBE::FROZEN::300398,DIR_PAIR_DD6C1A13C1F44149,COMPLETE_DIRECTED_PAIR_TEST_UNIVERSE_NOT_NETWORK_SELECTION
DIR_PAIR_AD7CC554A5F47D50,STOP_PROBE::FROZEN::L00407,STOP_PROBE::FROZEN::300487,DIR_PAIR_EEF993AB8BAE3094,COMPLETE_DIRECTED_PAIR_TEST_UNIVERSE_NOT_NETWORK_SELECTION
DIR_PAIR_6A4DDD81DC5C07D8,STOP_PROBE::FROZEN::L00407,STOP_PROBE::FROZEN::300527,DIR_PAIR_CD9C01282B8470F4,COMPLETE_DIRECTED_PAIR_TEST_UNIVERSE_NOT_NETWORK_SELECTION
DIR_PAIR_6E5ABF37209B347E,STOP_PROBE::FROZEN::L00407,STOP_PROBE::FROZEN::300634,DIR_PAIR_606CBF3ADFB9E306,COMPLETE_DIRECTED_PAIR_TEST_UNIVERSE_NOT_NETWORK_SELECTION
DIR_PAIR_8685EB1B3A3327C5,STOP_PROBE::FROZEN::L00407,STOP_PROBE::FROZEN::300743,DIR_PAIR_D43BC8978E162BA8,COMPLETE_DIRECTED_PAIR_TEST_UNIVERSE_NOT_NETWORK_SELECTION
DIR_PAIR_C3E6B3807A65F80B,STOP_PROBE::FROZEN::L00407,STOP_PROBE::FROZEN::300782,DIR_PAIR_6D941F2F5984F237,COMPLETE_DIRECTED_PAIR_TEST_UNIVERSE_NOT_NETWORK_SELECTION
DIR_PAIR_EE5B5B456E87E9E6,STOP_PROBE::FROZEN::L00407,STOP_PROBE::FROZEN::300805,DIR_PAIR_8BF91D8C018169FA,COMPLETE_DIRECTED_PAIR_TEST_UNIVERSE_NOT_NETWORK_SELECTION
DIR_PAIR_63A58C3DA28FCF6E,STOP_PROBE::FROZEN::L00407,STOP_PROBE::FROZEN::300873,DIR_PAIR_40792DA3F9C4533B,COMPLETE_DIRECTED_PAIR_TEST_UNIVERSE_NOT_NETWORK_SELECTION
DIR_PAIR_E8CB30B477E84974,STOP_PROBE::FROZEN::L00407,STOP_PROBE::FROZEN::300879,DIR_PAIR_17F27EA2F6DC5D44,COMPLETE_DIRECTED_PAIR_TEST_UNIVERSE_NOT_NETWORK_SELECTION
DIR_PAIR_67B0DE678FF2F6F0,STOP_PROBE::FROZEN::L00407,STOP_PROBE::FROZEN::300956,DIR_PAIR_5E1BD4CEF0171CBF,COMPLETE_DIRECTED_PAIR_TEST_UNIVERSE_NOT_NETWORK_SELECTION
DIR_PAIR_D96C8CF92F3AFCEB,STOP_PROBE::FROZEN::L00407,STOP_PROBE::MANUAL::CALCO_SCAGNELLO,DIR_PAIR_E7752803058D0512,COMPLETE_DIRECTED_PAIR_TEST_UNIVERSE_NOT_NETWORK_SELECTION
DIR_PAIR_17FA5D3B84F26E80,STOP_PROBE::FROZEN::L00407,STOP_PROBE::SPECIAL::CASA_DI_COMUNITA_OLGIATE,DIR_PAIR_0FC5B00989AAE61E,COMPLETE_DIRECTED_PAIR_TEST_UNIVERSE_NOT_NETWORK_SELECTION
DIR_PAIR_27A1A74A30587A56,STOP_PROBE::MANUAL::CALCO_SCAGNELLO,STOP_PROBE::ASF::ARLATE_BIVIO_PER_IL_PAESE,DIR_PAIR_A5D432F44F4E18B5,COMPLETE_DIRECTED_PAIR_TEST_UNIVERSE_NOT_NETWORK_SELECTION
DIR_PAIR_B8317AEFBCC982CA,STOP_PROBE::MANUAL::CALCO_SCAGNELLO,STOP_PROBE::ASF::ARLATE_B_VIO_BRIVIO_MADONNINA,DIR_PAIR_FE1BBCA5483632CB,COMPLETE_DIRECTED_PAIR_TEST_UNIVERSE_NOT_NETWORK_SELECTION
DIR_PAIR_7D2E1422F09E58B0,STOP_PROBE::MANUAL::CALCO_SCAGNELLO,STOP_PROBE::ASF::ARLATE_CANTINA_PIROVANO,DIR_PAIR_ADC7CBE7C763448A,COMPLETE_DIRECTED_PAIR_TEST_UNIVERSE_NOT_NETWORK_SELECTION
DIR_PAIR_CDFEFFE03E6485D6,STOP_PROBE::MANUAL::CALCO_SCAGNELLO,STOP_PROBE::ASF::BEVERATE_CARTELLO_PAESE,DIR_PAIR_ABA243D75828C979,COMPLETE_DIRECTED_PAIR_TEST_UNIVERSE_NOT_NETWORK_SELECTION
DIR_PAIR_A9654264EA799488,STOP_PROBE::MANUAL::CALCO_SCAGNELLO,STOP_PROBE::ASF::BRIVIO_BAR_CRISTALLO,DIR_PAIR_42C3199B40133DA0,COMPLETE_DIRECTED_PAIR_TEST_UNIVERSE_NOT_NETWORK_SELECTION
DIR_PAIR_7EDD25A80A23D607,STOP_PROBE::MANUAL::CALCO_SCAGNELLO,STOP_PROBE::ASF::BRIVIO_VIA_COMO_PENSILINA,DIR_PAIR_2402554588B60BA6,COMPLETE_DIRECTED_PAIR_TEST_UNIVERSE_NOT_NETWORK_SELECTION
DIR_PAIR_4E1DEE9C6597553A,STOP_PROBE::MANUAL::CALCO_SCAGNELLO,STOP_PROBE::ASF::CALCO_LARGO_POMEA,DIR_PAIR_D3A45642E4649BD3,COMPLETE_DIRECTED_PAIR_TEST_UNIVERSE_NOT_NETWORK_SELECTION
DIR_PAIR_77DD93E4AA8AD4E6,STOP_PROBE::MANUAL::CALCO_SCAGNELLO,STOP_PROBE::ASF::CALCO_VIA_GARIBALDI,DIR_PAIR_C7A4950E05A033A8,COMPLETE_DIRECTED_PAIR_TEST_UNIVERSE_NOT_NETWORK_SELECTION
DIR_PAIR_4EC54D7070223DC0,STOP_PROBE::MANUAL::CALCO_SCAGNELLO,STOP_PROBE::ASF::IMBERSAGO_LOCALITA_CAZZULINO,DIR_PAIR_2272A6E0777E4180,COMPLETE_DIRECTED_PAIR_TEST_UNIVERSE_NOT_NETWORK_SELECTION
DIR_PAIR_6F821972AA7E3A65,STOP_PROBE::MANUAL::CALCO_SCAGNELLO,STOP_PROBE::ASF::OLGIATE_MOLGORA_SCARPONE,DIR_PAIR_C248F04B4F0BD510,COMPLETE_DIRECTED_PAIR_TEST_UNIVERSE_NOT_NETWORK_SELECTION
DIR_PAIR_D6A9740BEB0A0089,STOP_PROBE::MANUAL::CALCO_SCAGNELLO,STOP_PROBE::ASF::OLGIATE_MOLGORA_VIA_DELLA_SALUTE,DIR_PAIR_A0C14769920AACAA,COMPLETE_DIRECTED_PAIR_TEST_UNIVERSE_NOT_NETWORK_SELECTION
DIR_PAIR_5087C8C258AFBADD,STOP_PROBE::MANUAL::CALCO_SCAGNELLO,STOP_PROBE::ASF::OLGIATE_MOLGORA_VIA_STATALE,DIR_PAIR_2B006D708B530B39,COMPLETE_DIRECTED_PAIR_TEST_UNIVERSE_NOT_NETWORK_SELECTION
DIR_PAIR_CAD3D227598234B6,STOP_PROBE::MANUAL::CALCO_SCAGNELLO,STOP_PROBE::ASF::PEREGO_VIA_STATALE_79,DIR_PAIR_39E23CE37A76ACA7,COMPLETE_DIRECTED_PAIR_TEST_UNIVERSE_NOT_NETWORK_SELECTION
DIR_PAIR_D8ACB014942BAD05,STOP_PROBE::MANUAL::CALCO_SCAGNELLO,STOP_PROBE::ASF::ROVAGNATE_FRAZIONE_ALDUNO,DIR_PAIR_870ECC6977D72A2D,COMPLETE_DIRECTED_PAIR_TEST_UNIVERSE_NOT_NETWORK_SELECTION
DIR_PAIR_E0626DC1B11C9D19,STOP_PROBE::MANUAL::CALCO_SCAGNELLO,STOP_PROBE::ASF::ROVAGNATE_SS_ANG_V_LOMBARDIA,DIR_PAIR_98BF4C933E625A42,COMPLETE_DIRECTED_PAIR_TEST_UNIVERSE_NOT_NETWORK_SELECTION
DIR_PAIR_D34AEF1C7D7C1A70,STOP_PROBE::MANUAL::CALCO_SCAGNELLO,STOP_PROBE::ASF::ROVAGNATE_STRADA_STATALE_AGIP,DIR_PAIR_344BE720F1EBE4B1,COMPLETE_DIRECTED_PAIR_TEST_UNIVERSE_NOT_NETWORK_SELECTION
DIR_PAIR_6DD724FCC13CE7F8,STOP_PROBE::MANUAL::CALCO_SCAGNELLO,STOP_PROBE::ASF::SANTA_MARIA_HOE_VIA_COMO,DIR_PAIR_C7F304002BCED80B,COMPLETE_DIRECTED_PAIR_TEST_UNIVERSE_NOT_NETWORK_SELECTION
DIR_PAIR_A719095E89FF3081,STOP_PROBE::MANUAL::CALCO_SCAGNELLO,STOP_PROBE::ASF::SANTA_MARIA_HOE_VIA_GIOVANNI_XXIII,DIR_PAIR_3E5F3E151FCDB4F6,COMPLETE_DIRECTED_PAIR_TEST_UNIVERSE_NOT_NETWORK_SELECTION
DIR_PAIR_481CEA42947DAA28,STOP_PROBE::MANUAL::CALCO_SCAGNELLO,STOP_PROBE::ASF::S_MARIA_HOE_S_P_58_ANG_VIA_CENISIO,DIR_PAIR_0429C292CC788D4E,COMPLETE_DIRECTED_PAIR_TEST_UNIVERSE_NOT_NETWORK_SELECTION
DIR_PAIR_7A2BB5263F4DB1B6,STOP_PROBE::MANUAL::CALCO_SCAGNELLO,STOP_PROBE::ASF::VACCAREZZA_CARTELLO_PAESE,DIR_PAIR_D65DF6D12ADC2059,COMPLETE_DIRECTED_PAIR_TEST_UNIVERSE_NOT_NETWORK_SELECTION
DIR_PAIR_F83732EA01BE791E,STOP_PROBE::MANUAL::CALCO_SCAGNELLO,STOP_PROBE::FROZEN::100005,DIR_PAIR_1362F67FB27022F3,COMPLETE_DIRECTED_PAIR_TEST_UNIVERSE_NOT_NETWORK_SELECTION
DIR_PAIR_362C08CB5B463DB2,STOP_PROBE::MANUAL::CALCO_SCAGNELLO,STOP_PROBE::FROZEN::300063,DIR_PAIR_B67A1004BE691DC3,COMPLETE_DIRECTED_PAIR_TEST_UNIVERSE_NOT_NETWORK_SELECTION
DIR_PAIR_80EE4CD8B30028BA,STOP_PROBE::MANUAL::CALCO_SCAGNELLO,STOP_PROBE::FROZEN::300086,DIR_PAIR_9A4770C1B83F7760,COMPLETE_DIRECTED_PAIR_TEST_UNIVERSE_NOT_NETWORK_SELECTION
DIR_PAIR_703E717217F7C549,STOP_PROBE::MANUAL::CALCO_SCAGNELLO,STOP_PROBE::FROZEN::300398,DIR_PAIR_818E8578627C5085,COMPLETE_DIRECTED_PAIR_TEST_UNIVERSE_NOT_NETWORK_SELECTION
DIR_PAIR_51E6545C2BF204DE,STOP_PROBE::MANUAL::CALCO_SCAGNELLO,STOP_PROBE::FROZEN::300487,DIR_PAIR_54B3279C83AF3F32,COMPLETE_DIRECTED_PAIR_TEST_UNIVERSE_NOT_NETWORK_SELECTION
DIR_PAIR_47DEC7C205C4ABB2,STOP_PROBE::MANUAL::CALCO_SCAGNELLO,STOP_PROBE::FROZEN::300527,DIR_PAIR_6F1FD7E62B5DA64C,COMPLETE_DIRECTED_PAIR_TEST_UNIVERSE_NOT_NETWORK_SELECTION
DIR_PAIR_FC09301E13DDDE84,STOP_PROBE::MANUAL::CALCO_SCAGNELLO,STOP_PROBE::FROZEN::300634,DIR_PAIR_4FBE818DDCB3CA9D,COMPLETE_DIRECTED_PAIR_TEST_UNIVERSE_NOT_NETWORK_SELECTION
DIR_PAIR_A2669DE1711638DC,STOP_PROBE::MANUAL::CALCO_SCAGNELLO,STOP_PROBE::FROZEN::300743,DIR_PAIR_F3AC11E92E1EF47F,COMPLETE_DIRECTED_PAIR_TEST_UNIVERSE_NOT_NETWORK_SELECTION
DIR_PAIR_65FA6CCAACCE3D47,STOP_PROBE::MANUAL::CALCO_SCAGNELLO,STOP_PROBE::FROZEN::300782,DIR_PAIR_28B76EDCFF6C50F8,COMPLETE_DIRECTED_PAIR_TEST_UNIVERSE_NOT_NETWORK_SELECTION
DIR_PAIR_F2C4F4345C067887,STOP_PROBE::MANUAL::CALCO_SCAGNELLO,STOP_PROBE::FROZEN::300805,DIR_PAIR_4F55ECE122C816FB,COMPLETE_DIRECTED_PAIR_TEST_UNIVERSE_NOT_NETWORK_SELECTION
DIR_PAIR_951B75A39086E460,STOP_PROBE::MANUAL::CALCO_SCAGNELLO,STOP_PROBE::FROZEN::300873,DIR_PAIR_A82959234EA107A9,COMPLETE_DIRECTED_PAIR_TEST_UNIVERSE_NOT_NETWORK_SELECTION
DIR_PAIR_2751F66212F51A8E,STOP_PROBE::MANUAL::CALCO_SCAGNELLO,STOP_PROBE::FROZEN::300879,DIR_PAIR_1C048D8842328E0E,COMPLETE_DIRECTED_PAIR_TEST_UNIVERSE_NOT_NETWORK_SELECTION
DIR_PAIR_8F1B465779518CD1,STOP_PROBE::MANUAL::CALCO_SCAGNELLO,STOP_PROBE::FROZEN::300956,DIR_PAIR_A3B6BCFD60100217,COMPLETE_DIRECTED_PAIR_TEST_UNIVERSE_NOT_NETWORK_SELECTION
DIR_PAIR_E7752803058D0512,STOP_PROBE::MANUAL::CALCO_SCAGNELLO,STOP_PROBE::FROZEN::L00407,DIR_PAIR_D96C8CF92F3AFCEB,COMPLETE_DIRECTED_PAIR_TEST_UNIVERSE_NOT_NETWORK_SELECTION
DIR_PAIR_0E1303C2B4499414,STOP_PROBE::MANUAL::CALCO_SCAGNELLO,STOP_PROBE::SPECIAL::CASA_DI_COMUNITA_OLGIATE,DIR_PAIR_2725F7F37429BB17,COMPLETE_DIRECTED_PAIR_TEST_UNIVERSE_NOT_NETWORK_SELECTION
DIR_PAIR_B502DF5AA878A488,STOP_PROBE::SPECIAL::CASA_DI_COMUNITA_OLGIATE,STOP_PROBE::ASF::ARLATE_BIVIO_PER_IL_PAESE,DIR_PAIR_FB9853930CDA93B0,COMPLETE_DIRECTED_PAIR_TEST_UNIVERSE_NOT_NETWORK_SELECTION
DIR_PAIR_BBC237723D31D934,STOP_PROBE::SPECIAL::CASA_DI_COMUNITA_OLGIATE,STOP_PROBE::ASF::ARLATE_B_VIO_BRIVIO_MADONNINA,DIR_PAIR_7BB804EAAAC1DA0F,COMPLETE_DIRECTED_PAIR_TEST_UNIVERSE_NOT_NETWORK_SELECTION
DIR_PAIR_7FBC7567F6FD36E7,STOP_PROBE::SPECIAL::CASA_DI_COMUNITA_OLGIATE,STOP_PROBE::ASF::ARLATE_CANTINA_PIROVANO,DIR_PAIR_D6C2E3499A44A89F,COMPLETE_DIRECTED_PAIR_TEST_UNIVERSE_NOT_NETWORK_SELECTION
DIR_PAIR_65BAFDC6A48DBA9C,STOP_PROBE::SPECIAL::CASA_DI_COMUNITA_OLGIATE,STOP_PROBE::ASF::BEVERATE_CARTELLO_PAESE,DIR_PAIR_2BEB5EFCC9B2148F,COMPLETE_DIRECTED_PAIR_TEST_UNIVERSE_NOT_NETWORK_SELECTION
DIR_PAIR_FCF464CCF69C8E6C,STOP_PROBE::SPECIAL::CASA_DI_COMUNITA_OLGIATE,STOP_PROBE::ASF::BRIVIO_BAR_CRISTALLO,DIR_PAIR_E0BAF4A19AA3148F,COMPLETE_DIRECTED_PAIR_TEST_UNIVERSE_NOT_NETWORK_SELECTION
DIR_PAIR_904AB9CED22202DD,STOP_PROBE::SPECIAL::CASA_DI_COMUNITA_OLGIATE,STOP_PROBE::ASF::BRIVIO_VIA_COMO_PENSILINA,DIR_PAIR_83641E37252126DE,COMPLETE_DIRECTED_PAIR_TEST_UNIVERSE_NOT_NETWORK_SELECTION
DIR_PAIR_3DF1E4615D961F51,STOP_PROBE::SPECIAL::CASA_DI_COMUNITA_OLGIATE,STOP_PROBE::ASF::CALCO_LARGO_POMEA,DIR_PAIR_7661012A05964674,COMPLETE_DIRECTED_PAIR_TEST_UNIVERSE_NOT_NETWORK_SELECTION
DIR_PAIR_19E7600B5A85BA9B,STOP_PROBE::SPECIAL::CASA_DI_COMUNITA_OLGIATE,STOP_PROBE::ASF::CALCO_VIA_GARIBALDI,DIR_PAIR_13F2145173314CFB,COMPLETE_DIRECTED_PAIR_TEST_UNIVERSE_NOT_NETWORK_SELECTION
DIR_PAIR_E63933A615C80589,STOP_PROBE::SPECIAL::CASA_DI_COMUNITA_OLGIATE,STOP_PROBE::ASF::IMBERSAGO_LOCALITA_CAZZULINO,DIR_PAIR_E5FE81112366E2CE,COMPLETE_DIRECTED_PAIR_TEST_UNIVERSE_NOT_NETWORK_SELECTION
DIR_PAIR_4486DAC612E62CF3,STOP_PROBE::SPECIAL::CASA_DI_COMUNITA_OLGIATE,STOP_PROBE::ASF::OLGIATE_MOLGORA_SCARPONE,DIR_PAIR_2198E6FCE3D83C9F,COMPLETE_DIRECTED_PAIR_TEST_UNIVERSE_NOT_NETWORK_SELECTION
DIR_PAIR_B9A23D0ACBF9093A,STOP_PROBE::SPECIAL::CASA_DI_COMUNITA_OLGIATE,STOP_PROBE::ASF::OLGIATE_MOLGORA_VIA_DELLA_SALUTE,DIR_PAIR_7D3006288B83EC63,COMPLETE_DIRECTED_PAIR_TEST_UNIVERSE_NOT_NETWORK_SELECTION
DIR_PAIR_EB361D3A015DB22A,STOP_PROBE::SPECIAL::CASA_DI_COMUNITA_OLGIATE,STOP_PROBE::ASF::OLGIATE_MOLGORA_VIA_STATALE,DIR_PAIR_E92E7A3E5929DEFE,COMPLETE_DIRECTED_PAIR_TEST_UNIVERSE_NOT_NETWORK_SELECTION
DIR_PAIR_C0EF870B0F9533DF,STOP_PROBE::SPECIAL::CASA_DI_COMUNITA_OLGIATE,STOP_PROBE::ASF::PEREGO_VIA_STATALE_79,DIR_PAIR_09A4600AB2F8A960,COMPLETE_DIRECTED_PAIR_TEST_UNIVERSE_NOT_NETWORK_SELECTION
DIR_PAIR_72F153B24D00819C,STOP_PROBE::SPECIAL::CASA_DI_COMUNITA_OLGIATE,STOP_PROBE::ASF::ROVAGNATE_FRAZIONE_ALDUNO,DIR_PAIR_A0AC65F6CBF3C8D7,COMPLETE_DIRECTED_PAIR_TEST_UNIVERSE_NOT_NETWORK_SELECTION
DIR_PAIR_B1F0F1B175E3DD30,STOP_PROBE::SPECIAL::CASA_DI_COMUNITA_OLGIATE,STOP_PROBE::ASF::ROVAGNATE_SS_ANG_V_LOMBARDIA,DIR_PAIR_49FC238F98BF46FD,COMPLETE_DIRECTED_PAIR_TEST_UNIVERSE_NOT_NETWORK_SELECTION
DIR_PAIR_5CB7974E6492148C,STOP_PROBE::SPECIAL::CASA_DI_COMUNITA_OLGIATE,STOP_PROBE::ASF::ROVAGNATE_STRADA_STATALE_AGIP,DIR_PAIR_C4A1D23A8A9FEAAD,COMPLETE_DIRECTED_PAIR_TEST_UNIVERSE_NOT_NETWORK_SELECTION
DIR_PAIR_D09F2AE1FBBE7E21,STOP_PROBE::SPECIAL::CASA_DI_COMUNITA_OLGIATE,STOP_PROBE::ASF::SANTA_MARIA_HOE_VIA_COMO,DIR_PAIR_A11FBA90F8E002E5,COMPLETE_DIRECTED_PAIR_TEST_UNIVERSE_NOT_NETWORK_SELECTION
DIR_PAIR_8FFAFBFCD69E8869,STOP_PROBE::SPECIAL::CASA_DI_COMUNITA_OLGIATE,STOP_PROBE::ASF::SANTA_MARIA_HOE_VIA_GIOVANNI_XXIII,DIR_PAIR_B83572C9C3B78D0E,COMPLETE_DIRECTED_PAIR_TEST_UNIVERSE_NOT_NETWORK_SELECTION
DIR_PAIR_86727329622FCCB2,STOP_PROBE::SPECIAL::CASA_DI_COMUNITA_OLGIATE,STOP_PROBE::ASF::S_MARIA_HOE_S_P_58_ANG_VIA_CENISIO,DIR_PAIR_25BFD003DAAE3832,COMPLETE_DIRECTED_PAIR_TEST_UNIVERSE_NOT_NETWORK_SELECTION
DIR_PAIR_A931A01D746DB89C,STOP_PROBE::SPECIAL::CASA_DI_COMUNITA_OLGIATE,STOP_PROBE::ASF::VACCAREZZA_CARTELLO_PAESE,DIR_PAIR_C50DA68C4AEB327C,COMPLETE_DIRECTED_PAIR_TEST_UNIVERSE_NOT_NETWORK_SELECTION
DIR_PAIR_EBC678AC4DF95E95,STOP_PROBE::SPECIAL::CASA_DI_COMUNITA_OLGIATE,STOP_PROBE::FROZEN::100005,DIR_PAIR_467C7338042B2654,COMPLETE_DIRECTED_PAIR_TEST_UNIVERSE_NOT_NETWORK_SELECTION
DIR_PAIR_D1639E7ABCB399FF,STOP_PROBE::SPECIAL::CASA_DI_COMUNITA_OLGIATE,STOP_PROBE::FROZEN::300063,DIR_PAIR_F5E8A3066C6AC33C,COMPLETE_DIRECTED_PAIR_TEST_UNIVERSE_NOT_NETWORK_SELECTION
DIR_PAIR_447585813D2F8EC9,STOP_PROBE::SPECIAL::CASA_DI_COMUNITA_OLGIATE,STOP_PROBE::FROZEN::300086,DIR_PAIR_FA87C37E871A9D24,COMPLETE_DIRECTED_PAIR_TEST_UNIVERSE_NOT_NETWORK_SELECTION
DIR_PAIR_B0B58C445EEC3DCD,STOP_PROBE::SPECIAL::CASA_DI_COMUNITA_OLGIATE,STOP_PROBE::FROZEN::300398,DIR_PAIR_3F434B9B9F02F2F2,COMPLETE_DIRECTED_PAIR_TEST_UNIVERSE_NOT_NETWORK_SELECTION
DIR_PAIR_BBEE389D51214513,STOP_PROBE::SPECIAL::CASA_DI_COMUNITA_OLGIATE,STOP_PROBE::FROZEN::300487,DIR_PAIR_DE7E717EE3E37821,COMPLETE_DIRECTED_PAIR_TEST_UNIVERSE_NOT_NETWORK_SELECTION
DIR_PAIR_55A51FBA77EDC590,STOP_PROBE::SPECIAL::CASA_DI_COMUNITA_OLGIATE,STOP_PROBE::FROZEN::300527,DIR_PAIR_8878866C34EFD48F,COMPLETE_DIRECTED_PAIR_TEST_UNIVERSE_NOT_NETWORK_SELECTION
DIR_PAIR_23E2EBC199478489,STOP_PROBE::SPECIAL::CASA_DI_COMUNITA_OLGIATE,STOP_PROBE::FROZEN::300634,DIR_PAIR_01DEEE8A0A031C8A,COMPLETE_DIRECTED_PAIR_TEST_UNIVERSE_NOT_NETWORK_SELECTION
DIR_PAIR_F129DB3D36840B9E,STOP_PROBE::SPECIAL::CASA_DI_COMUNITA_OLGIATE,STOP_PROBE::FROZEN::300743,DIR_PAIR_AA603C138640485F,COMPLETE_DIRECTED_PAIR_TEST_UNIVERSE_NOT_NETWORK_SELECTION
DIR_PAIR_7BA788A6CD5A30EA,STOP_PROBE::SPECIAL::CASA_DI_COMUNITA_OLGIATE,STOP_PROBE::FROZEN::300782,DIR_PAIR_406B9A325F9CE416,COMPLETE_DIRECTED_PAIR_TEST_UNIVERSE_NOT_NETWORK_SELECTION
DIR_PAIR_D1E9B502DA49DA90,STOP_PROBE::SPECIAL::CASA_DI_COMUNITA_OLGIATE,STOP_PROBE::FROZEN::300805,DIR_PAIR_B9A46AEA5DB3921A,COMPLETE_DIRECTED_PAIR_TEST_UNIVERSE_NOT_NETWORK_SELECTION
DIR_PAIR_C03ADE257E572E51,STOP_PROBE::SPECIAL::CASA_DI_COMUNITA_OLGIATE,STOP_PROBE::FROZEN::300873,DIR_PAIR_BD94B5F5F36C1D29,COMPLETE_DIRECTED_PAIR_TEST_UNIVERSE_NOT_NETWORK_SELECTION
DIR_PAIR_6F402A25515E3A71,STOP_PROBE::SPECIAL::CASA_DI_COMUNITA_OLGIATE,STOP_PROBE::FROZEN::300879,DIR_PAIR_2EE903DC416C13AD,COMPLETE_DIRECTED_PAIR_TEST_UNIVERSE_NOT_NETWORK_SELECTION
DIR_PAIR_049316FF58617955,STOP_PROBE::SPECIAL::CASA_DI_COMUNITA_OLGIATE,STOP_PROBE::FROZEN::300956,DIR_PAIR_F89B3E67E23197AB,COMPLETE_DIRECTED_PAIR_TEST_UNIVERSE_NOT_NETWORK_SELECTION
DIR_PAIR_0FC5B00989AAE61E,STOP_PROBE::SPECIAL::CASA_DI_COMUNITA_OLGIATE,STOP_PROBE::FROZEN::L00407,DIR_PAIR_17FA5D3B84F26E80,COMPLETE_DIRECTED_PAIR_TEST_UNIVERSE_NOT_NETWORK_SELECTION
DIR_PAIR_2725F7F37429BB17,STOP_PROBE::SPECIAL::CASA_DI_COMUNITA_OLGIATE,STOP_PROBE::MANUAL::CALCO_SCAGNELLO,DIR_PAIR_0E1303C2B4499414,COMPLETE_DIRECTED_PAIR_TEST_UNIVERSE_NOT_NETWORK_SELECTION
