policy_index,policy_id,uniform_headway_min,span_id,span_start_min,span_end_min,span_minutes,calendar_id,annual_service_days,recovery_min,extension_share,headway_status,span_status,calendar_status,recovery_status,extension_share_status,production_status,fleet_status,exact_timetable,s8_phase_selected
0,SP2_a85bdf543e19c5,15,CORE_0600_2200,360,1320,960,IDEALISED_5_DAY_52_WEEK,260,5,0.00,ASSUMPTION_DESIGN_SPACE,ASSUMPTION_DESIGN_SPACE,ASSUMPTION_DESIGN_SPACE_NOT_ACTUAL_CALENDAR,ASSUMPTION_SENSITIVITY,ASSUMPTION_DESIGN_SPACE,MODEL_OUTPUT_CONTINUOUS_CLOCKFACE_PRODUCTION_APPROXIMATION,MODEL_OUTPUT_LOWER_BOUND_NOT_VEHICLE_BLOCK_PLAN,false,false
1,SP2_eba16323ab90fc,15,CORE_0600_2200,360,1320,960,IDEALISED_5_DAY_52_WEEK,260,10,0.00,ASSUMPTION_DESIGN_SPACE,ASSUMPTION_DESIGN_SPACE,ASSUMPTION_DESIGN_SPACE_NOT_ACTUAL_CALENDAR,ASSUMPTION_SENSITIVITY,ASSUMPTION_DESIGN_SPACE,MODEL_OUTPUT_CONTINUOUS_CLOCKFACE_PRODUCTION_APPROXIMATION,MODEL_OUTPUT_LOWER_BOUND_NOT_VEHICLE_BLOCK_PLAN,false,false
2,SP2_5b06b2f86a0e87,15,CORE_0600_2200,360,1320,960,IDEALISED_5_DAY_52_WEEK,260,15,0.00,ASSUMPTION_DESIGN_SPACE,ASSUMPTION_DESIGN_SPACE,ASSUMPTION_DESIGN_SPACE_NOT_ACTUAL_CALENDAR,ASSUMPTION_SENSITIVITY,ASSUMPTION_DESIGN_SPACE,MODEL_OUTPUT_CONTINUOUS_CLOCKFACE_PRODUCTION_APPROXIMATION,MODEL_OUTPUT_LOWER_BOUND_NOT_VEHICLE_BLOCK_PLAN,false,false
3,SP2_dd6cb6629859bb,15,CORE_0600_2200,360,1320,960,IDEALISED_6_DAY_52_WEEK,312,5,0.00,ASSUMPTION_DESIGN_SPACE,ASSUMPTION_DESIGN_SPACE,ASSUMPTION_DESIGN_SPACE_NOT_ACTUAL_CALENDAR,ASSUMPTION_SENSITIVITY,ASSUMPTION_DESIGN_SPACE,MODEL_OUTPUT_CONTINUOUS_CLOCKFACE_PRODUCTION_APPROXIMATION,MODEL_OUTPUT_LOWER_BOUND_NOT_VEHICLE_BLOCK_PLAN,false,false
4,SP2_310203f547ce1b,15,CORE_0600_2200,360,1320,960,IDEALISED_6_DAY_52_WEEK,312,10,0.00,ASSUMPTION_DESIGN_SPACE,ASSUMPTION_DESIGN_SPACE,ASSUMPTION_DESIGN_SPACE_NOT_ACTUAL_CALENDAR,ASSUMPTION_SENSITIVITY,ASSUMPTION_DESIGN_SPACE,MODEL_OUTPUT_CONTINUOUS_CLOCKFACE_PRODUCTION_APPROXIMATION,MODEL_OUTPUT_LOWER_BOUND_NOT_VEHICLE_BLOCK_PLAN,false,false
5,SP2_610dec7e62d822,15,CORE_0600_2200,360,1320,960,IDEALISED_6_DAY_52_WEEK,312,15,0.00,ASSUMPTION_DESIGN_SPACE,ASSUMPTION_DESIGN_SPACE,ASSUMPTION_DESIGN_SPACE_NOT_ACTUAL_CALENDAR,ASSUMPTION_SENSITIVITY,ASSUMPTION_DESIGN_SPACE,MODEL_OUTPUT_CONTINUOUS_CLOCKFACE_PRODUCTION_APPROXIMATION,MODEL_OUTPUT_LOWER_BOUND_NOT_VEHICLE_BLOCK_PLAN,false,false
6,SP2_f600df6cd415eb,15,CORE_0600_2200,360,1320,960,IDEALISED_DAILY_YEAR,365,5,0.00,ASSUMPTION_DESIGN_SPACE,ASSUMPTION_DESIGN_SPACE,ASSUMPTION_DESIGN_SPACE_NOT_ACTUAL_CALENDAR,ASSUMPTION_SENSITIVITY,ASSUMPTION_DESIGN_SPACE,MODEL_OUTPUT_CONTINUOUS_CLOCKFACE_PRODUCTION_APPROXIMATION,MODEL_OUTPUT_LOWER_BOUND_NOT_VEHICLE_BLOCK_PLAN,false,false
7,SP2_6229ce78cc98f1,15,CORE_0600_2200,360,1320,960,IDEALISED_DAILY_YEAR,365,10,0.00,ASSUMPTION_DESIGN_SPACE,ASSUMPTION_DESIGN_SPACE,ASSUMPTION_DESIGN_SPACE_NOT_ACTUAL_CALENDAR,ASSUMPTION_SENSITIVITY,ASSUMPTION_DESIGN_SPACE,MODEL_OUTPUT_CONTINUOUS_CLOCKFACE_PRODUCTION_APPROXIMATION,MODEL_OUTPUT_LOWER_BOUND_NOT_VEHICLE_BLOCK_PLAN,false,false
8,SP2_2a05322b2d4d40,15,CORE_0600_2200,360,1320,960,IDEALISED_DAILY_YEAR,365,15,0.00,ASSUMPTION_DESIGN_SPACE,ASSUMPTION_DESIGN_SPACE,ASSUMPTION_DESIGN_SPACE_NOT_ACTUAL_CALENDAR,ASSUMPTION_SENSITIVITY,ASSUMPTION_DESIGN_SPACE,MODEL_OUTPUT_CONTINUOUS_CLOCKFACE_PRODUCTION_APPROXIMATION,MODEL_OUTPUT_LOWER_BOUND_NOT_VEHICLE_BLOCK_PLAN,false,false
9,SP2_0dfffe58c26078,15,S8_EXTENDED_0530_2400,330,1440,1110,IDEALISED_5_DAY_52_WEEK,260,5,0.00,ASSUMPTION_DESIGN_SPACE,ASSUMPTION_DESIGN_SPACE,ASSUMPTION_DESIGN_SPACE_NOT_ACTUAL_CALENDAR,ASSUMPTION_SENSITIVITY,ASSUMPTION_DESIGN_SPACE,MODEL_OUTPUT_CONTINUOUS_CLOCKFACE_PRODUCTION_APPROXIMATION,MODEL_OUTPUT_LOWER_BOUND_NOT_VEHICLE_BLOCK_PLAN,false,false
10,SP2_4ff8aacd11e8db,15,S8_EXTENDED_0530_2400,330,1440,1110,IDEALISED_5_DAY_52_WEEK,260,10,0.00,ASSUMPTION_DESIGN_SPACE,ASSUMPTION_DESIGN_SPACE,ASSUMPTION_DESIGN_SPACE_NOT_ACTUAL_CALENDAR,ASSUMPTION_SENSITIVITY,ASSUMPTION_DESIGN_SPACE,MODEL_OUTPUT_CONTINUOUS_CLOCKFACE_PRODUCTION_APPROXIMATION,MODEL_OUTPUT_LOWER_BOUND_NOT_VEHICLE_BLOCK_PLAN,false,false
11,SP2_3634a081c7e8f5,15,S8_EXTENDED_0530_2400,330,1440,1110,IDEALISED_5_DAY_52_WEEK,260,15,0.00,ASSUMPTION_DESIGN_SPACE,ASSUMPTION_DESIGN_SPACE,ASSUMPTION_DESIGN_SPACE_NOT_ACTUAL_CALENDAR,ASSUMPTION_SENSITIVITY,ASSUMPTION_DESIGN_SPACE,MODEL_OUTPUT_CONTINUOUS_CLOCKFACE_PRODUCTION_APPROXIMATION,MODEL_OUTPUT_LOWER_BOUND_NOT_VEHICLE_BLOCK_PLAN,false,false
12,SP2_8f87246eea6a3c,15,S8_EXTENDED_0530_2400,330,1440,1110,IDEALISED_6_DAY_52_WEEK,312,5,0.00,ASSUMPTION_DESIGN_SPACE,ASSUMPTION_DESIGN_SPACE,ASSUMPTION_DESIGN_SPACE_NOT_ACTUAL_CALENDAR,ASSUMPTION_SENSITIVITY,ASSUMPTION_DESIGN_SPACE,MODEL_OUTPUT_CONTINUOUS_CLOCKFACE_PRODUCTION_APPROXIMATION,MODEL_OUTPUT_LOWER_BOUND_NOT_VEHICLE_BLOCK_PLAN,false,false
13,SP2_4c479a65d88544,15,S8_EXTENDED_0530_2400,330,1440,1110,IDEALISED_6_DAY_52_WEEK,312,10,0.00,ASSUMPTION_DESIGN_SPACE,ASSUMPTION_DESIGN_SPACE,ASSUMPTION_DESIGN_SPACE_NOT_ACTUAL_CALENDAR,ASSUMPTION_SENSITIVITY,ASSUMPTION_DESIGN_SPACE,MODEL_OUTPUT_CONTINUOUS_CLOCKFACE_PRODUCTION_APPROXIMATION,MODEL_OUTPUT_LOWER_BOUND_NOT_VEHICLE_BLOCK_PLAN,false,false
14,SP2_996bfadc6f34d0,15,S8_EXTENDED_0530_2400,330,1440,1110,IDEALISED_6_DAY_52_WEEK,312,15,0.00,ASSUMPTION_DESIGN_SPACE,ASSUMPTION_DESIGN_SPACE,ASSUMPTION_DESIGN_SPACE_NOT_ACTUAL_CALENDAR,ASSUMPTION_SENSITIVITY,ASSUMPTION_DESIGN_SPACE,MODEL_OUTPUT_CONTINUOUS_CLOCKFACE_PRODUCTION_APPROXIMATION,MODEL_OUTPUT_LOWER_BOUND_NOT_VEHICLE_BLOCK_PLAN,false,false
15,SP2_01df14cb53d9dc,15,S8_EXTENDED_0530_2400,330,1440,1110,IDEALISED_DAILY_YEAR,365,5,0.00,ASSUMPTION_DESIGN_SPACE,ASSUMPTION_DESIGN_SPACE,ASSUMPTION_DESIGN_SPACE_NOT_ACTUAL_CALENDAR,ASSUMPTION_SENSITIVITY,ASSUMPTION_DESIGN_SPACE,MODEL_OUTPUT_CONTINUOUS_CLOCKFACE_PRODUCTION_APPROXIMATION,MODEL_OUTPUT_LOWER_BOUND_NOT_VEHICLE_BLOCK_PLAN,false,false
16,SP2_8b1c7e1c151aa3,15,S8_EXTENDED_0530_2400,330,1440,1110,IDEALISED_DAILY_YEAR,365,10,0.00,ASSUMPTION_DESIGN_SPACE,ASSUMPTION_DESIGN_SPACE,ASSUMPTION_DESIGN_SPACE_NOT_ACTUAL_CALENDAR,ASSUMPTION_SENSITIVITY,ASSUMPTION_DESIGN_SPACE,MODEL_OUTPUT_CONTINUOUS_CLOCKFACE_PRODUCTION_APPROXIMATION,MODEL_OUTPUT_LOWER_BOUND_NOT_VEHICLE_BLOCK_PLAN,false,false
17,SP2_6ee8fc9e640e52,15,S8_EXTENDED_0530_2400,330,1440,1110,IDEALISED_DAILY_YEAR,365,15,0.00,ASSUMPTION_DESIGN_SPACE,ASSUMPTION_DESIGN_SPACE,ASSUMPTION_DESIGN_SPACE_NOT_ACTUAL_CALENDAR,ASSUMPTION_SENSITIVITY,ASSUMPTION_DESIGN_SPACE,MODEL_OUTPUT_CONTINUOUS_CLOCKFACE_PRODUCTION_APPROXIMATION,MODEL_OUTPUT_LOWER_BOUND_NOT_VEHICLE_BLOCK_PLAN,false,false
18,SP2_16f0f92bf30ac2,20,CORE_0600_2200,360,1320,960,IDEALISED_5_DAY_52_WEEK,260,5,0.00,ASSUMPTION_DESIGN_SPACE,ASSUMPTION_DESIGN_SPACE,ASSUMPTION_DESIGN_SPACE_NOT_ACTUAL_CALENDAR,ASSUMPTION_SENSITIVITY,ASSUMPTION_DESIGN_SPACE,MODEL_OUTPUT_CONTINUOUS_CLOCKFACE_PRODUCTION_APPROXIMATION,MODEL_OUTPUT_LOWER_BOUND_NOT_VEHICLE_BLOCK_PLAN,false,false
19,SP2_7bf6606bb44dcd,20,CORE_0600_2200,360,1320,960,IDEALISED_5_DAY_52_WEEK,260,10,0.00,ASSUMPTION_DESIGN_SPACE,ASSUMPTION_DESIGN_SPACE,ASSUMPTION_DESIGN_SPACE_NOT_ACTUAL_CALENDAR,ASSUMPTION_SENSITIVITY,ASSUMPTION_DESIGN_SPACE,MODEL_OUTPUT_CONTINUOUS_CLOCKFACE_PRODUCTION_APPROXIMATION,MODEL_OUTPUT_LOWER_BOUND_NOT_VEHICLE_BLOCK_PLAN,false,false
20,SP2_4cfb3c03eeff7e,20,CORE_0600_2200,360,1320,960,IDEALISED_5_DAY_52_WEEK,260,15,0.00,ASSUMPTION_DESIGN_SPACE,ASSUMPTION_DESIGN_SPACE,ASSUMPTION_DESIGN_SPACE_NOT_ACTUAL_CALENDAR,ASSUMPTION_SENSITIVITY,ASSUMPTION_DESIGN_SPACE,MODEL_OUTPUT_CONTINUOUS_CLOCKFACE_PRODUCTION_APPROXIMATION,MODEL_OUTPUT_LOWER_BOUND_NOT_VEHICLE_BLOCK_PLAN,false,false
21,SP2_5c50c266aead4a,20,CORE_0600_2200,360,1320,960,IDEALISED_6_DAY_52_WEEK,312,5,0.00,ASSUMPTION_DESIGN_SPACE,ASSUMPTION_DESIGN_SPACE,ASSUMPTION_DESIGN_SPACE_NOT_ACTUAL_CALENDAR,ASSUMPTION_SENSITIVITY,ASSUMPTION_DESIGN_SPACE,MODEL_OUTPUT_CONTINUOUS_CLOCKFACE_PRODUCTION_APPROXIMATION,MODEL_OUTPUT_LOWER_BOUND_NOT_VEHICLE_BLOCK_PLAN,false,false
22,SP2_5c7f683fdf665b,20,CORE_0600_2200,360,1320,960,IDEALISED_6_DAY_52_WEEK,312,10,0.00,ASSUMPTION_DESIGN_SPACE,ASSUMPTION_DESIGN_SPACE,ASSUMPTION_DESIGN_SPACE_NOT_ACTUAL_CALENDAR,ASSUMPTION_SENSITIVITY,ASSUMPTION_DESIGN_SPACE,MODEL_OUTPUT_CONTINUOUS_CLOCKFACE_PRODUCTION_APPROXIMATION,MODEL_OUTPUT_LOWER_BOUND_NOT_VEHICLE_BLOCK_PLAN,false,false
23,SP2_d024288d129528,20,CORE_0600_2200,360,1320,960,IDEALISED_6_DAY_52_WEEK,312,15,0.00,ASSUMPTION_DESIGN_SPACE,ASSUMPTION_DESIGN_SPACE,ASSUMPTION_DESIGN_SPACE_NOT_ACTUAL_CALENDAR,ASSUMPTION_SENSITIVITY,ASSUMPTION_DESIGN_SPACE,MODEL_OUTPUT_CONTINUOUS_CLOCKFACE_PRODUCTION_APPROXIMATION,MODEL_OUTPUT_LOWER_BOUND_NOT_VEHICLE_BLOCK_PLAN,false,false
24,SP2_1aa0643ddb804d,20,CORE_0600_2200,360,1320,960,IDEALISED_DAILY_YEAR,365,5,0.00,ASSUMPTION_DESIGN_SPACE,ASSUMPTION_DESIGN_SPACE,ASSUMPTION_DESIGN_SPACE_NOT_ACTUAL_CALENDAR,ASSUMPTION_SENSITIVITY,ASSUMPTION_DESIGN_SPACE,MODEL_OUTPUT_CONTINUOUS_CLOCKFACE_PRODUCTION_APPROXIMATION,MODEL_OUTPUT_LOWER_BOUND_NOT_VEHICLE_BLOCK_PLAN,false,false
25,SP2_f9c8d96b886b02,20,CORE_0600_2200,360,1320,960,IDEALISED_DAILY_YEAR,365,10,0.00,ASSUMPTION_DESIGN_SPACE,ASSUMPTION_DESIGN_SPACE,ASSUMPTION_DESIGN_SPACE_NOT_ACTUAL_CALENDAR,ASSUMPTION_SENSITIVITY,ASSUMPTION_DESIGN_SPACE,MODEL_OUTPUT_CONTINUOUS_CLOCKFACE_PRODUCTION_APPROXIMATION,MODEL_OUTPUT_LOWER_BOUND_NOT_VEHICLE_BLOCK_PLAN,false,false
26,SP2_fc3e8ad5ce5010,20,CORE_0600_2200,360,1320,960,IDEALISED_DAILY_YEAR,365,15,0.00,ASSUMPTION_DESIGN_SPACE,ASSUMPTION_DESIGN_SPACE,ASSUMPTION_DESIGN_SPACE_NOT_ACTUAL_CALENDAR,ASSUMPTION_SENSITIVITY,ASSUMPTION_DESIGN_SPACE,MODEL_OUTPUT_CONTINUOUS_CLOCKFACE_PRODUCTION_APPROXIMATION,MODEL_OUTPUT_LOWER_BOUND_NOT_VEHICLE_BLOCK_PLAN,false,false
27,SP2_ed284d3ae62182,20,S8_EXTENDED_0530_2400,330,1440,1110,IDEALISED_5_DAY_52_WEEK,260,5,0.00,ASSUMPTION_DESIGN_SPACE,ASSUMPTION_DESIGN_SPACE,ASSUMPTION_DESIGN_SPACE_NOT_ACTUAL_CALENDAR,ASSUMPTION_SENSITIVITY,ASSUMPTION_DESIGN_SPACE,MODEL_OUTPUT_CONTINUOUS_CLOCKFACE_PRODUCTION_APPROXIMATION,MODEL_OUTPUT_LOWER_BOUND_NOT_VEHICLE_BLOCK_PLAN,false,false
28,SP2_562f0169321e96,20,S8_EXTENDED_0530_2400,330,1440,1110,IDEALISED_5_DAY_52_WEEK,260,10,0.00,ASSUMPTION_DESIGN_SPACE,ASSUMPTION_DESIGN_SPACE,ASSUMPTION_DESIGN_SPACE_NOT_ACTUAL_CALENDAR,ASSUMPTION_SENSITIVITY,ASSUMPTION_DESIGN_SPACE,MODEL_OUTPUT_CONTINUOUS_CLOCKFACE_PRODUCTION_APPROXIMATION,MODEL_OUTPUT_LOWER_BOUND_NOT_VEHICLE_BLOCK_PLAN,false,false
29,SP2_381f98569e899d,20,S8_EXTENDED_0530_2400,330,1440,1110,IDEALISED_5_DAY_52_WEEK,260,15,0.00,ASSUMPTION_DESIGN_SPACE,ASSUMPTION_DESIGN_SPACE,ASSUMPTION_DESIGN_SPACE_NOT_ACTUAL_CALENDAR,ASSUMPTION_SENSITIVITY,ASSUMPTION_DESIGN_SPACE,MODEL_OUTPUT_CONTINUOUS_CLOCKFACE_PRODUCTION_APPROXIMATION,MODEL_OUTPUT_LOWER_BOUND_NOT_VEHICLE_BLOCK_PLAN,false,false
30,SP2_06f858804dad36,20,S8_EXTENDED_0530_2400,330,1440,1110,IDEALISED_6_DAY_52_WEEK,312,5,0.00,ASSUMPTION_DESIGN_SPACE,ASSUMPTION_DESIGN_SPACE,ASSUMPTION_DESIGN_SPACE_NOT_ACTUAL_CALENDAR,ASSUMPTION_SENSITIVITY,ASSUMPTION_DESIGN_SPACE,MODEL_OUTPUT_CONTINUOUS_CLOCKFACE_PRODUCTION_APPROXIMATION,MODEL_OUTPUT_LOWER_BOUND_NOT_VEHICLE_BLOCK_PLAN,false,false
31,SP2_9bd748bc1d53a0,20,S8_EXTENDED_0530_2400,330,1440,1110,IDEALISED_6_DAY_52_WEEK,312,10,0.00,ASSUMPTION_DESIGN_SPACE,ASSUMPTION_DESIGN_SPACE,ASSUMPTION_DESIGN_SPACE_NOT_ACTUAL_CALENDAR,ASSUMPTION_SENSITIVITY,ASSUMPTION_DESIGN_SPACE,MODEL_OUTPUT_CONTINUOUS_CLOCKFACE_PRODUCTION_APPROXIMATION,MODEL_OUTPUT_LOWER_BOUND_NOT_VEHICLE_BLOCK_PLAN,false,false
32,SP2_519fd6a17cccb1,20,S8_EXTENDED_0530_2400,330,1440,1110,IDEALISED_6_DAY_52_WEEK,312,15,0.00,ASSUMPTION_DESIGN_SPACE,ASSUMPTION_DESIGN_SPACE,ASSUMPTION_DESIGN_SPACE_NOT_ACTUAL_CALENDAR,ASSUMPTION_SENSITIVITY,ASSUMPTION_DESIGN_SPACE,MODEL_OUTPUT_CONTINUOUS_CLOCKFACE_PRODUCTION_APPROXIMATION,MODEL_OUTPUT_LOWER_BOUND_NOT_VEHICLE_BLOCK_PLAN,false,false
33,SP2_3d0adac8c1af25,20,S8_EXTENDED_0530_2400,330,1440,1110,IDEALISED_DAILY_YEAR,365,5,0.00,ASSUMPTION_DESIGN_SPACE,ASSUMPTION_DESIGN_SPACE,ASSUMPTION_DESIGN_SPACE_NOT_ACTUAL_CALENDAR,ASSUMPTION_SENSITIVITY,ASSUMPTION_DESIGN_SPACE,MODEL_OUTPUT_CONTINUOUS_CLOCKFACE_PRODUCTION_APPROXIMATION,MODEL_OUTPUT_LOWER_BOUND_NOT_VEHICLE_BLOCK_PLAN,false,false
34,SP2_786a404e4fa220,20,S8_EXTENDED_0530_2400,330,1440,1110,IDEALISED_DAILY_YEAR,365,10,0.00,ASSUMPTION_DESIGN_SPACE,ASSUMPTION_DESIGN_SPACE,ASSUMPTION_DESIGN_SPACE_NOT_ACTUAL_CALENDAR,ASSUMPTION_SENSITIVITY,ASSUMPTION_DESIGN_SPACE,MODEL_OUTPUT_CONTINUOUS_CLOCKFACE_PRODUCTION_APPROXIMATION,MODEL_OUTPUT_LOWER_BOUND_NOT_VEHICLE_BLOCK_PLAN,false,false
35,SP2_e7a2a9d563d46d,20,S8_EXTENDED_0530_2400,330,1440,1110,IDEALISED_DAILY_YEAR,365,15,0.00,ASSUMPTION_DESIGN_SPACE,ASSUMPTION_DESIGN_SPACE,ASSUMPTION_DESIGN_SPACE_NOT_ACTUAL_CALENDAR,ASSUMPTION_SENSITIVITY,ASSUMPTION_DESIGN_SPACE,MODEL_OUTPUT_CONTINUOUS_CLOCKFACE_PRODUCTION_APPROXIMATION,MODEL_OUTPUT_LOWER_BOUND_NOT_VEHICLE_BLOCK_PLAN,false,false
36,SP2_25cfd74810e0f3,30,CORE_0600_2200,360,1320,960,IDEALISED_5_DAY_52_WEEK,260,5,0.00,ASSUMPTION_DESIGN_SPACE,ASSUMPTION_DESIGN_SPACE,ASSUMPTION_DESIGN_SPACE_NOT_ACTUAL_CALENDAR,ASSUMPTION_SENSITIVITY,ASSUMPTION_DESIGN_SPACE,MODEL_OUTPUT_CONTINUOUS_CLOCKFACE_PRODUCTION_APPROXIMATION,MODEL_OUTPUT_LOWER_BOUND_NOT_VEHICLE_BLOCK_PLAN,false,false
37,SP2_e60951658fd9ac,30,CORE_0600_2200,360,1320,960,IDEALISED_5_DAY_52_WEEK,260,10,0.00,ASSUMPTION_DESIGN_SPACE,ASSUMPTION_DESIGN_SPACE,ASSUMPTION_DESIGN_SPACE_NOT_ACTUAL_CALENDAR,ASSUMPTION_SENSITIVITY,ASSUMPTION_DESIGN_SPACE,MODEL_OUTPUT_CONTINUOUS_CLOCKFACE_PRODUCTION_APPROXIMATION,MODEL_OUTPUT_LOWER_BOUND_NOT_VEHICLE_BLOCK_PLAN,false,false
38,SP2_ce3db65632559b,30,CORE_0600_2200,360,1320,960,IDEALISED_5_DAY_52_WEEK,260,15,0.00,ASSUMPTION_DESIGN_SPACE,ASSUMPTION_DESIGN_SPACE,ASSUMPTION_DESIGN_SPACE_NOT_ACTUAL_CALENDAR,ASSUMPTION_SENSITIVITY,ASSUMPTION_DESIGN_SPACE,MODEL_OUTPUT_CONTINUOUS_CLOCKFACE_PRODUCTION_APPROXIMATION,MODEL_OUTPUT_LOWER_BOUND_NOT_VEHICLE_BLOCK_PLAN,false,false
39,SP2_752e65589c4339,30,CORE_0600_2200,360,1320,960,IDEALISED_6_DAY_52_WEEK,312,5,0.00,ASSUMPTION_DESIGN_SPACE,ASSUMPTION_DESIGN_SPACE,ASSUMPTION_DESIGN_SPACE_NOT_ACTUAL_CALENDAR,ASSUMPTION_SENSITIVITY,ASSUMPTION_DESIGN_SPACE,MODEL_OUTPUT_CONTINUOUS_CLOCKFACE_PRODUCTION_APPROXIMATION,MODEL_OUTPUT_LOWER_BOUND_NOT_VEHICLE_BLOCK_PLAN,false,false
40,SP2_e258de57586cc9,30,CORE_0600_2200,360,1320,960,IDEALISED_6_DAY_52_WEEK,312,10,0.00,ASSUMPTION_DESIGN_SPACE,ASSUMPTION_DESIGN_SPACE,ASSUMPTION_DESIGN_SPACE_NOT_ACTUAL_CALENDAR,ASSUMPTION_SENSITIVITY,ASSUMPTION_DESIGN_SPACE,MODEL_OUTPUT_CONTINUOUS_CLOCKFACE_PRODUCTION_APPROXIMATION,MODEL_OUTPUT_LOWER_BOUND_NOT_VEHICLE_BLOCK_PLAN,false,false
41,SP2_1d20c78a3b439f,30,CORE_0600_2200,360,1320,960,IDEALISED_6_DAY_52_WEEK,312,15,0.00,ASSUMPTION_DESIGN_SPACE,ASSUMPTION_DESIGN_SPACE,ASSUMPTION_DESIGN_SPACE_NOT_ACTUAL_CALENDAR,ASSUMPTION_SENSITIVITY,ASSUMPTION_DESIGN_SPACE,MODEL_OUTPUT_CONTINUOUS_CLOCKFACE_PRODUCTION_APPROXIMATION,MODEL_OUTPUT_LOWER_BOUND_NOT_VEHICLE_BLOCK_PLAN,false,false
42,SP2_d1991768b13319,30,CORE_0600_2200,360,1320,960,IDEALISED_DAILY_YEAR,365,5,0.00,ASSUMPTION_DESIGN_SPACE,ASSUMPTION_DESIGN_SPACE,ASSUMPTION_DESIGN_SPACE_NOT_ACTUAL_CALENDAR,ASSUMPTION_SENSITIVITY,ASSUMPTION_DESIGN_SPACE,MODEL_OUTPUT_CONTINUOUS_CLOCKFACE_PRODUCTION_APPROXIMATION,MODEL_OUTPUT_LOWER_BOUND_NOT_VEHICLE_BLOCK_PLAN,false,false
43,SP2_dd53e8d01afe83,30,CORE_0600_2200,360,1320,960,IDEALISED_DAILY_YEAR,365,10,0.00,ASSUMPTION_DESIGN_SPACE,ASSUMPTION_DESIGN_SPACE,ASSUMPTION_DESIGN_SPACE_NOT_ACTUAL_CALENDAR,ASSUMPTION_SENSITIVITY,ASSUMPTION_DESIGN_SPACE,MODEL_OUTPUT_CONTINUOUS_CLOCKFACE_PRODUCTION_APPROXIMATION,MODEL_OUTPUT_LOWER_BOUND_NOT_VEHICLE_BLOCK_PLAN,false,false
44,SP2_92a2a6c07d08ae,30,CORE_0600_2200,360,1320,960,IDEALISED_DAILY_YEAR,365,15,0.00,ASSUMPTION_DESIGN_SPACE,ASSUMPTION_DESIGN_SPACE,ASSUMPTION_DESIGN_SPACE_NOT_ACTUAL_CALENDAR,ASSUMPTION_SENSITIVITY,ASSUMPTION_DESIGN_SPACE,MODEL_OUTPUT_CONTINUOUS_CLOCKFACE_PRODUCTION_APPROXIMATION,MODEL_OUTPUT_LOWER_BOUND_NOT_VEHICLE_BLOCK_PLAN,false,false
45,SP2_1d3fb14c8469f3,30,S8_EXTENDED_0530_2400,330,1440,1110,IDEALISED_5_DAY_52_WEEK,260,5,0.00,ASSUMPTION_DESIGN_SPACE,ASSUMPTION_DESIGN_SPACE,ASSUMPTION_DESIGN_SPACE_NOT_ACTUAL_CALENDAR,ASSUMPTION_SENSITIVITY,ASSUMPTION_DESIGN_SPACE,MODEL_OUTPUT_CONTINUOUS_CLOCKFACE_PRODUCTION_APPROXIMATION,MODEL_OUTPUT_LOWER_BOUND_NOT_VEHICLE_BLOCK_PLAN,false,false
46,SP2_6339bb251142f3,30,S8_EXTENDED_0530_2400,330,1440,1110,IDEALISED_5_DAY_52_WEEK,260,10,0.00,ASSUMPTION_DESIGN_SPACE,ASSUMPTION_DESIGN_SPACE,ASSUMPTION_DESIGN_SPACE_NOT_ACTUAL_CALENDAR,ASSUMPTION_SENSITIVITY,ASSUMPTION_DESIGN_SPACE,MODEL_OUTPUT_CONTINUOUS_CLOCKFACE_PRODUCTION_APPROXIMATION,MODEL_OUTPUT_LOWER_BOUND_NOT_VEHICLE_BLOCK_PLAN,false,false
47,SP2_aa08c3b0cdc0bc,30,S8_EXTENDED_0530_2400,330,1440,1110,IDEALISED_5_DAY_52_WEEK,260,15,0.00,ASSUMPTION_DESIGN_SPACE,ASSUMPTION_DESIGN_SPACE,ASSUMPTION_DESIGN_SPACE_NOT_ACTUAL_CALENDAR,ASSUMPTION_SENSITIVITY,ASSUMPTION_DESIGN_SPACE,MODEL_OUTPUT_CONTINUOUS_CLOCKFACE_PRODUCTION_APPROXIMATION,MODEL_OUTPUT_LOWER_BOUND_NOT_VEHICLE_BLOCK_PLAN,false,false
48,SP2_8c0e369670f0c1,30,S8_EXTENDED_0530_2400,330,1440,1110,IDEALISED_6_DAY_52_WEEK,312,5,0.00,ASSUMPTION_DESIGN_SPACE,ASSUMPTION_DESIGN_SPACE,ASSUMPTION_DESIGN_SPACE_NOT_ACTUAL_CALENDAR,ASSUMPTION_SENSITIVITY,ASSUMPTION_DESIGN_SPACE,MODEL_OUTPUT_CONTINUOUS_CLOCKFACE_PRODUCTION_APPROXIMATION,MODEL_OUTPUT_LOWER_BOUND_NOT_VEHICLE_BLOCK_PLAN,false,false
49,SP2_d2742eb2283a8f,30,S8_EXTENDED_0530_2400,330,1440,1110,IDEALISED_6_DAY_52_WEEK,312,10,0.00,ASSUMPTION_DESIGN_SPACE,ASSUMPTION_DESIGN_SPACE,ASSUMPTION_DESIGN_SPACE_NOT_ACTUAL_CALENDAR,ASSUMPTION_SENSITIVITY,ASSUMPTION_DESIGN_SPACE,MODEL_OUTPUT_CONTINUOUS_CLOCKFACE_PRODUCTION_APPROXIMATION,MODEL_OUTPUT_LOWER_BOUND_NOT_VEHICLE_BLOCK_PLAN,false,false
50,SP2_5d22d2fca626aa,30,S8_EXTENDED_0530_2400,330,1440,1110,IDEALISED_6_DAY_52_WEEK,312,15,0.00,ASSUMPTION_DESIGN_SPACE,ASSUMPTION_DESIGN_SPACE,ASSUMPTION_DESIGN_SPACE_NOT_ACTUAL_CALENDAR,ASSUMPTION_SENSITIVITY,ASSUMPTION_DESIGN_SPACE,MODEL_OUTPUT_CONTINUOUS_CLOCKFACE_PRODUCTION_APPROXIMATION,MODEL_OUTPUT_LOWER_BOUND_NOT_VEHICLE_BLOCK_PLAN,false,false
51,SP2_0112d8b032fba1,30,S8_EXTENDED_0530_2400,330,1440,1110,IDEALISED_DAILY_YEAR,365,5,0.00,ASSUMPTION_DESIGN_SPACE,ASSUMPTION_DESIGN_SPACE,ASSUMPTION_DESIGN_SPACE_NOT_ACTUAL_CALENDAR,ASSUMPTION_SENSITIVITY,ASSUMPTION_DESIGN_SPACE,MODEL_OUTPUT_CONTINUOUS_CLOCKFACE_PRODUCTION_APPROXIMATION,MODEL_OUTPUT_LOWER_BOUND_NOT_VEHICLE_BLOCK_PLAN,false,false
52,SP2_255d3f61ee8fba,30,S8_EXTENDED_0530_2400,330,1440,1110,IDEALISED_DAILY_YEAR,365,10,0.00,ASSUMPTION_DESIGN_SPACE,ASSUMPTION_DESIGN_SPACE,ASSUMPTION_DESIGN_SPACE_NOT_ACTUAL_CALENDAR,ASSUMPTION_SENSITIVITY,ASSUMPTION_DESIGN_SPACE,MODEL_OUTPUT_CONTINUOUS_CLOCKFACE_PRODUCTION_APPROXIMATION,MODEL_OUTPUT_LOWER_BOUND_NOT_VEHICLE_BLOCK_PLAN,false,false
53,SP2_b36c48ee87a5c4,30,S8_EXTENDED_0530_2400,330,1440,1110,IDEALISED_DAILY_YEAR,365,15,0.00,ASSUMPTION_DESIGN_SPACE,ASSUMPTION_DESIGN_SPACE,ASSUMPTION_DESIGN_SPACE_NOT_ACTUAL_CALENDAR,ASSUMPTION_SENSITIVITY,ASSUMPTION_DESIGN_SPACE,MODEL_OUTPUT_CONTINUOUS_CLOCKFACE_PRODUCTION_APPROXIMATION,MODEL_OUTPUT_LOWER_BOUND_NOT_VEHICLE_BLOCK_PLAN,false,false
54,SP2_9bca1c316f024a,60,CORE_0600_2200,360,1320,960,IDEALISED_5_DAY_52_WEEK,260,5,0.00,ASSUMPTION_DESIGN_SPACE,ASSUMPTION_DESIGN_SPACE,ASSUMPTION_DESIGN_SPACE_NOT_ACTUAL_CALENDAR,ASSUMPTION_SENSITIVITY,ASSUMPTION_DESIGN_SPACE,MODEL_OUTPUT_CONTINUOUS_CLOCKFACE_PRODUCTION_APPROXIMATION,MODEL_OUTPUT_LOWER_BOUND_NOT_VEHICLE_BLOCK_PLAN,false,false
55,SP2_d26fac223259c2,60,CORE_0600_2200,360,1320,960,IDEALISED_5_DAY_52_WEEK,260,10,0.00,ASSUMPTION_DESIGN_SPACE,ASSUMPTION_DESIGN_SPACE,ASSUMPTION_DESIGN_SPACE_NOT_ACTUAL_CALENDAR,ASSUMPTION_SENSITIVITY,ASSUMPTION_DESIGN_SPACE,MODEL_OUTPUT_CONTINUOUS_CLOCKFACE_PRODUCTION_APPROXIMATION,MODEL_OUTPUT_LOWER_BOUND_NOT_VEHICLE_BLOCK_PLAN,false,false
56,SP2_4c05d6a42eb111,60,CORE_0600_2200,360,1320,960,IDEALISED_5_DAY_52_WEEK,260,15,0.00,ASSUMPTION_DESIGN_SPACE,ASSUMPTION_DESIGN_SPACE,ASSUMPTION_DESIGN_SPACE_NOT_ACTUAL_CALENDAR,ASSUMPTION_SENSITIVITY,ASSUMPTION_DESIGN_SPACE,MODEL_OUTPUT_CONTINUOUS_CLOCKFACE_PRODUCTION_APPROXIMATION,MODEL_OUTPUT_LOWER_BOUND_NOT_VEHICLE_BLOCK_PLAN,false,false
57,SP2_a853dd1cb8e0fa,60,CORE_0600_2200,360,1320,960,IDEALISED_6_DAY_52_WEEK,312,5,0.00,ASSUMPTION_DESIGN_SPACE,ASSUMPTION_DESIGN_SPACE,ASSUMPTION_DESIGN_SPACE_NOT_ACTUAL_CALENDAR,ASSUMPTION_SENSITIVITY,ASSUMPTION_DESIGN_SPACE,MODEL_OUTPUT_CONTINUOUS_CLOCKFACE_PRODUCTION_APPROXIMATION,MODEL_OUTPUT_LOWER_BOUND_NOT_VEHICLE_BLOCK_PLAN,false,false
58,SP2_7cbb3e1bcc2352,60,CORE_0600_2200,360,1320,960,IDEALISED_6_DAY_52_WEEK,312,10,0.00,ASSUMPTION_DESIGN_SPACE,ASSUMPTION_DESIGN_SPACE,ASSUMPTION_DESIGN_SPACE_NOT_ACTUAL_CALENDAR,ASSUMPTION_SENSITIVITY,ASSUMPTION_DESIGN_SPACE,MODEL_OUTPUT_CONTINUOUS_CLOCKFACE_PRODUCTION_APPROXIMATION,MODEL_OUTPUT_LOWER_BOUND_NOT_VEHICLE_BLOCK_PLAN,false,false
59,SP2_7b91e9a903e0a0,60,CORE_0600_2200,360,1320,960,IDEALISED_6_DAY_52_WEEK,312,15,0.00,ASSUMPTION_DESIGN_SPACE,ASSUMPTION_DESIGN_SPACE,ASSUMPTION_DESIGN_SPACE_NOT_ACTUAL_CALENDAR,ASSUMPTION_SENSITIVITY,ASSUMPTION_DESIGN_SPACE,MODEL_OUTPUT_CONTINUOUS_CLOCKFACE_PRODUCTION_APPROXIMATION,MODEL_OUTPUT_LOWER_BOUND_NOT_VEHICLE_BLOCK_PLAN,false,false
60,SP2_a823dd523f08e6,60,CORE_0600_2200,360,1320,960,IDEALISED_DAILY_YEAR,365,5,0.00,ASSUMPTION_DESIGN_SPACE,ASSUMPTION_DESIGN_SPACE,ASSUMPTION_DESIGN_SPACE_NOT_ACTUAL_CALENDAR,ASSUMPTION_SENSITIVITY,ASSUMPTION_DESIGN_SPACE,MODEL_OUTPUT_CONTINUOUS_CLOCKFACE_PRODUCTION_APPROXIMATION,MODEL_OUTPUT_LOWER_BOUND_NOT_VEHICLE_BLOCK_PLAN,false,false
61,SP2_c4cb18979d263d,60,CORE_0600_2200,360,1320,960,IDEALISED_DAILY_YEAR,365,10,0.00,ASSUMPTION_DESIGN_SPACE,ASSUMPTION_DESIGN_SPACE,ASSUMPTION_DESIGN_SPACE_NOT_ACTUAL_CALENDAR,ASSUMPTION_SENSITIVITY,ASSUMPTION_DESIGN_SPACE,MODEL_OUTPUT_CONTINUOUS_CLOCKFACE_PRODUCTION_APPROXIMATION,MODEL_OUTPUT_LOWER_BOUND_NOT_VEHICLE_BLOCK_PLAN,false,false
62,SP2_c9a716810e0524,60,CORE_0600_2200,360,1320,960,IDEALISED_DAILY_YEAR,365,15,0.00,ASSUMPTION_DESIGN_SPACE,ASSUMPTION_DESIGN_SPACE,ASSUMPTION_DESIGN_SPACE_NOT_ACTUAL_CALENDAR,ASSUMPTION_SENSITIVITY,ASSUMPTION_DESIGN_SPACE,MODEL_OUTPUT_CONTINUOUS_CLOCKFACE_PRODUCTION_APPROXIMATION,MODEL_OUTPUT_LOWER_BOUND_NOT_VEHICLE_BLOCK_PLAN,false,false
63,SP2_f27868b705e5d6,60,S8_EXTENDED_0530_2400,330,1440,1110,IDEALISED_5_DAY_52_WEEK,260,5,0.00,ASSUMPTION_DESIGN_SPACE,ASSUMPTION_DESIGN_SPACE,ASSUMPTION_DESIGN_SPACE_NOT_ACTUAL_CALENDAR,ASSUMPTION_SENSITIVITY,ASSUMPTION_DESIGN_SPACE,MODEL_OUTPUT_CONTINUOUS_CLOCKFACE_PRODUCTION_APPROXIMATION,MODEL_OUTPUT_LOWER_BOUND_NOT_VEHICLE_BLOCK_PLAN,false,false
64,SP2_1cc2678358acd2,60,S8_EXTENDED_0530_2400,330,1440,1110,IDEALISED_5_DAY_52_WEEK,260,10,0.00,ASSUMPTION_DESIGN_SPACE,ASSUMPTION_DESIGN_SPACE,ASSUMPTION_DESIGN_SPACE_NOT_ACTUAL_CALENDAR,ASSUMPTION_SENSITIVITY,ASSUMPTION_DESIGN_SPACE,MODEL_OUTPUT_CONTINUOUS_CLOCKFACE_PRODUCTION_APPROXIMATION,MODEL_OUTPUT_LOWER_BOUND_NOT_VEHICLE_BLOCK_PLAN,false,false
65,SP2_edec38aeece860,60,S8_EXTENDED_0530_2400,330,1440,1110,IDEALISED_5_DAY_52_WEEK,260,15,0.00,ASSUMPTION_DESIGN_SPACE,ASSUMPTION_DESIGN_SPACE,ASSUMPTION_DESIGN_SPACE_NOT_ACTUAL_CALENDAR,ASSUMPTION_SENSITIVITY,ASSUMPTION_DESIGN_SPACE,MODEL_OUTPUT_CONTINUOUS_CLOCKFACE_PRODUCTION_APPROXIMATION,MODEL_OUTPUT_LOWER_BOUND_NOT_VEHICLE_BLOCK_PLAN,false,false
66,SP2_69b1aac5af9d35,60,S8_EXTENDED_0530_2400,330,1440,1110,IDEALISED_6_DAY_52_WEEK,312,5,0.00,ASSUMPTION_DESIGN_SPACE,ASSUMPTION_DESIGN_SPACE,ASSUMPTION_DESIGN_SPACE_NOT_ACTUAL_CALENDAR,ASSUMPTION_SENSITIVITY,ASSUMPTION_DESIGN_SPACE,MODEL_OUTPUT_CONTINUOUS_CLOCKFACE_PRODUCTION_APPROXIMATION,MODEL_OUTPUT_LOWER_BOUND_NOT_VEHICLE_BLOCK_PLAN,false,false
67,SP2_7b7672f6ee7d89,60,S8_EXTENDED_0530_2400,330,1440,1110,IDEALISED_6_DAY_52_WEEK,312,10,0.00,ASSUMPTION_DESIGN_SPACE,ASSUMPTION_DESIGN_SPACE,ASSUMPTION_DESIGN_SPACE_NOT_ACTUAL_CALENDAR,ASSUMPTION_SENSITIVITY,ASSUMPTION_DESIGN_SPACE,MODEL_OUTPUT_CONTINUOUS_CLOCKFACE_PRODUCTION_APPROXIMATION,MODEL_OUTPUT_LOWER_BOUND_NOT_VEHICLE_BLOCK_PLAN,false,false
68,SP2_7e98b67bab3142,60,S8_EXTENDED_0530_2400,330,1440,1110,IDEALISED_6_DAY_52_WEEK,312,15,0.00,ASSUMPTION_DESIGN_SPACE,ASSUMPTION_DESIGN_SPACE,ASSUMPTION_DESIGN_SPACE_NOT_ACTUAL_CALENDAR,ASSUMPTION_SENSITIVITY,ASSUMPTION_DESIGN_SPACE,MODEL_OUTPUT_CONTINUOUS_CLOCKFACE_PRODUCTION_APPROXIMATION,MODEL_OUTPUT_LOWER_BOUND_NOT_VEHICLE_BLOCK_PLAN,false,false
69,SP2_c422f15488b97b,60,S8_EXTENDED_0530_2400,330,1440,1110,IDEALISED_DAILY_YEAR,365,5,0.00,ASSUMPTION_DESIGN_SPACE,ASSUMPTION_DESIGN_SPACE,ASSUMPTION_DESIGN_SPACE_NOT_ACTUAL_CALENDAR,ASSUMPTION_SENSITIVITY,ASSUMPTION_DESIGN_SPACE,MODEL_OUTPUT_CONTINUOUS_CLOCKFACE_PRODUCTION_APPROXIMATION,MODEL_OUTPUT_LOWER_BOUND_NOT_VEHICLE_BLOCK_PLAN,false,false
70,SP2_774ad54a4401b8,60,S8_EXTENDED_0530_2400,330,1440,1110,IDEALISED_DAILY_YEAR,365,10,0.00,ASSUMPTION_DESIGN_SPACE,ASSUMPTION_DESIGN_SPACE,ASSUMPTION_DESIGN_SPACE_NOT_ACTUAL_CALENDAR,ASSUMPTION_SENSITIVITY,ASSUMPTION_DESIGN_SPACE,MODEL_OUTPUT_CONTINUOUS_CLOCKFACE_PRODUCTION_APPROXIMATION,MODEL_OUTPUT_LOWER_BOUND_NOT_VEHICLE_BLOCK_PLAN,false,false
71,SP2_d458c2793d6807,60,S8_EXTENDED_0530_2400,330,1440,1110,IDEALISED_DAILY_YEAR,365,15,0.00,ASSUMPTION_DESIGN_SPACE,ASSUMPTION_DESIGN_SPACE,ASSUMPTION_DESIGN_SPACE_NOT_ACTUAL_CALENDAR,ASSUMPTION_SENSITIVITY,ASSUMPTION_DESIGN_SPACE,MODEL_OUTPUT_CONTINUOUS_CLOCKFACE_PRODUCTION_APPROXIMATION,MODEL_OUTPUT_LOWER_BOUND_NOT_VEHICLE_BLOCK_PLAN,false,false
72,SP2_1cf4ce92abdd83,15,CORE_0600_2200,360,1320,960,IDEALISED_5_DAY_52_WEEK,260,5,0.25,ASSUMPTION_DESIGN_SPACE,ASSUMPTION_DESIGN_SPACE,ASSUMPTION_DESIGN_SPACE_NOT_ACTUAL_CALENDAR,ASSUMPTION_SENSITIVITY,ASSUMPTION_DESIGN_SPACE,MODEL_OUTPUT_CONTINUOUS_CLOCKFACE_PRODUCTION_APPROXIMATION,MODEL_OUTPUT_LOWER_BOUND_NOT_VEHICLE_BLOCK_PLAN,false,false
73,SP2_38304a7ab6b697,15,CORE_0600_2200,360,1320,960,IDEALISED_5_DAY_52_WEEK,260,10,0.25,ASSUMPTION_DESIGN_SPACE,ASSUMPTION_DESIGN_SPACE,ASSUMPTION_DESIGN_SPACE_NOT_ACTUAL_CALENDAR,ASSUMPTION_SENSITIVITY,ASSUMPTION_DESIGN_SPACE,MODEL_OUTPUT_CONTINUOUS_CLOCKFACE_PRODUCTION_APPROXIMATION,MODEL_OUTPUT_LOWER_BOUND_NOT_VEHICLE_BLOCK_PLAN,false,false
74,SP2_637fc220302622,15,CORE_0600_2200,360,1320,960,IDEALISED_5_DAY_52_WEEK,260,15,0.25,ASSUMPTION_DESIGN_SPACE,ASSUMPTION_DESIGN_SPACE,ASSUMPTION_DESIGN_SPACE_NOT_ACTUAL_CALENDAR,ASSUMPTION_SENSITIVITY,ASSUMPTION_DESIGN_SPACE,MODEL_OUTPUT_CONTINUOUS_CLOCKFACE_PRODUCTION_APPROXIMATION,MODEL_OUTPUT_LOWER_BOUND_NOT_VEHICLE_BLOCK_PLAN,false,false
75,SP2_cc20e2b44b5652,15,CORE_0600_2200,360,1320,960,IDEALISED_6_DAY_52_WEEK,312,5,0.25,ASSUMPTION_DESIGN_SPACE,ASSUMPTION_DESIGN_SPACE,ASSUMPTION_DESIGN_SPACE_NOT_ACTUAL_CALENDAR,ASSUMPTION_SENSITIVITY,ASSUMPTION_DESIGN_SPACE,MODEL_OUTPUT_CONTINUOUS_CLOCKFACE_PRODUCTION_APPROXIMATION,MODEL_OUTPUT_LOWER_BOUND_NOT_VEHICLE_BLOCK_PLAN,false,false
76,SP2_7cf2b2dbffd901,15,CORE_0600_2200,360,1320,960,IDEALISED_6_DAY_52_WEEK,312,10,0.25,ASSUMPTION_DESIGN_SPACE,ASSUMPTION_DESIGN_SPACE,ASSUMPTION_DESIGN_SPACE_NOT_ACTUAL_CALENDAR,ASSUMPTION_SENSITIVITY,ASSUMPTION_DESIGN_SPACE,MODEL_OUTPUT_CONTINUOUS_CLOCKFACE_PRODUCTION_APPROXIMATION,MODEL_OUTPUT_LOWER_BOUND_NOT_VEHICLE_BLOCK_PLAN,false,false
77,SP2_f9e08b150e87c6,15,CORE_0600_2200,360,1320,960,IDEALISED_6_DAY_52_WEEK,312,15,0.25,ASSUMPTION_DESIGN_SPACE,ASSUMPTION_DESIGN_SPACE,ASSUMPTION_DESIGN_SPACE_NOT_ACTUAL_CALENDAR,ASSUMPTION_SENSITIVITY,ASSUMPTION_DESIGN_SPACE,MODEL_OUTPUT_CONTINUOUS_CLOCKFACE_PRODUCTION_APPROXIMATION,MODEL_OUTPUT_LOWER_BOUND_NOT_VEHICLE_BLOCK_PLAN,false,false
78,SP2_a5be8885f4d510,15,CORE_0600_2200,360,1320,960,IDEALISED_DAILY_YEAR,365,5,0.25,ASSUMPTION_DESIGN_SPACE,ASSUMPTION_DESIGN_SPACE,ASSUMPTION_DESIGN_SPACE_NOT_ACTUAL_CALENDAR,ASSUMPTION_SENSITIVITY,ASSUMPTION_DESIGN_SPACE,MODEL_OUTPUT_CONTINUOUS_CLOCKFACE_PRODUCTION_APPROXIMATION,MODEL_OUTPUT_LOWER_BOUND_NOT_VEHICLE_BLOCK_PLAN,false,false
79,SP2_70562c1bb9a423,15,CORE_0600_2200,360,1320,960,IDEALISED_DAILY_YEAR,365,10,0.25,ASSUMPTION_DESIGN_SPACE,ASSUMPTION_DESIGN_SPACE,ASSUMPTION_DESIGN_SPACE_NOT_ACTUAL_CALENDAR,ASSUMPTION_SENSITIVITY,ASSUMPTION_DESIGN_SPACE,MODEL_OUTPUT_CONTINUOUS_CLOCKFACE_PRODUCTION_APPROXIMATION,MODEL_OUTPUT_LOWER_BOUND_NOT_VEHICLE_BLOCK_PLAN,false,false
80,SP2_aa2d1356929702,15,CORE_0600_2200,360,1320,960,IDEALISED_DAILY_YEAR,365,15,0.25,ASSUMPTION_DESIGN_SPACE,ASSUMPTION_DESIGN_SPACE,ASSUMPTION_DESIGN_SPACE_NOT_ACTUAL_CALENDAR,ASSUMPTION_SENSITIVITY,ASSUMPTION_DESIGN_SPACE,MODEL_OUTPUT_CONTINUOUS_CLOCKFACE_PRODUCTION_APPROXIMATION,MODEL_OUTPUT_LOWER_BOUND_NOT_VEHICLE_BLOCK_PLAN,false,false
81,SP2_7e1e2ae5aae15e,15,S8_EXTENDED_0530_2400,330,1440,1110,IDEALISED_5_DAY_52_WEEK,260,5,0.25,ASSUMPTION_DESIGN_SPACE,ASSUMPTION_DESIGN_SPACE,ASSUMPTION_DESIGN_SPACE_NOT_ACTUAL_CALENDAR,ASSUMPTION_SENSITIVITY,ASSUMPTION_DESIGN_SPACE,MODEL_OUTPUT_CONTINUOUS_CLOCKFACE_PRODUCTION_APPROXIMATION,MODEL_OUTPUT_LOWER_BOUND_NOT_VEHICLE_BLOCK_PLAN,false,false
82,SP2_cc440396b35b7c,15,S8_EXTENDED_0530_2400,330,1440,1110,IDEALISED_5_DAY_52_WEEK,260,10,0.25,ASSUMPTION_DESIGN_SPACE,ASSUMPTION_DESIGN_SPACE,ASSUMPTION_DESIGN_SPACE_NOT_ACTUAL_CALENDAR,ASSUMPTION_SENSITIVITY,ASSUMPTION_DESIGN_SPACE,MODEL_OUTPUT_CONTINUOUS_CLOCKFACE_PRODUCTION_APPROXIMATION,MODEL_OUTPUT_LOWER_BOUND_NOT_VEHICLE_BLOCK_PLAN,false,false
83,SP2_5bff806182df6d,15,S8_EXTENDED_0530_2400,330,1440,1110,IDEALISED_5_DAY_52_WEEK,260,15,0.25,ASSUMPTION_DESIGN_SPACE,ASSUMPTION_DESIGN_SPACE,ASSUMPTION_DESIGN_SPACE_NOT_ACTUAL_CALENDAR,ASSUMPTION_SENSITIVITY,ASSUMPTION_DESIGN_SPACE,MODEL_OUTPUT_CONTINUOUS_CLOCKFACE_PRODUCTION_APPROXIMATION,MODEL_OUTPUT_LOWER_BOUND_NOT_VEHICLE_BLOCK_PLAN,false,false
84,SP2_618c28440bf0e5,15,S8_EXTENDED_0530_2400,330,1440,1110,IDEALISED_6_DAY_52_WEEK,312,5,0.25,ASSUMPTION_DESIGN_SPACE,ASSUMPTION_DESIGN_SPACE,ASSUMPTION_DESIGN_SPACE_NOT_ACTUAL_CALENDAR,ASSUMPTION_SENSITIVITY,ASSUMPTION_DESIGN_SPACE,MODEL_OUTPUT_CONTINUOUS_CLOCKFACE_PRODUCTION_APPROXIMATION,MODEL_OUTPUT_LOWER_BOUND_NOT_VEHICLE_BLOCK_PLAN,false,false
85,SP2_b04596ec7fed77,15,S8_EXTENDED_0530_2400,330,1440,1110,IDEALISED_6_DAY_52_WEEK,312,10,0.25,ASSUMPTION_DESIGN_SPACE,ASSUMPTION_DESIGN_SPACE,ASSUMPTION_DESIGN_SPACE_NOT_ACTUAL_CALENDAR,ASSUMPTION_SENSITIVITY,ASSUMPTION_DESIGN_SPACE,MODEL_OUTPUT_CONTINUOUS_CLOCKFACE_PRODUCTION_APPROXIMATION,MODEL_OUTPUT_LOWER_BOUND_NOT_VEHICLE_BLOCK_PLAN,false,false
86,SP2_494e8bae6f970f,15,S8_EXTENDED_0530_2400,330,1440,1110,IDEALISED_6_DAY_52_WEEK,312,15,0.25,ASSUMPTION_DESIGN_SPACE,ASSUMPTION_DESIGN_SPACE,ASSUMPTION_DESIGN_SPACE_NOT_ACTUAL_CALENDAR,ASSUMPTION_SENSITIVITY,ASSUMPTION_DESIGN_SPACE,MODEL_OUTPUT_CONTINUOUS_CLOCKFACE_PRODUCTION_APPROXIMATION,MODEL_OUTPUT_LOWER_BOUND_NOT_VEHICLE_BLOCK_PLAN,false,false
87,SP2_a017f057e902ce,15,S8_EXTENDED_0530_2400,330,1440,1110,IDEALISED_DAILY_YEAR,365,5,0.25,ASSUMPTION_DESIGN_SPACE,ASSUMPTION_DESIGN_SPACE,ASSUMPTION_DESIGN_SPACE_NOT_ACTUAL_CALENDAR,ASSUMPTION_SENSITIVITY,ASSUMPTION_DESIGN_SPACE,MODEL_OUTPUT_CONTINUOUS_CLOCKFACE_PRODUCTION_APPROXIMATION,MODEL_OUTPUT_LOWER_BOUND_NOT_VEHICLE_BLOCK_PLAN,false,false
88,SP2_31dbddd8bf35ab,15,S8_EXTENDED_0530_2400,330,1440,1110,IDEALISED_DAILY_YEAR,365,10,0.25,ASSUMPTION_DESIGN_SPACE,ASSUMPTION_DESIGN_SPACE,ASSUMPTION_DESIGN_SPACE_NOT_ACTUAL_CALENDAR,ASSUMPTION_SENSITIVITY,ASSUMPTION_DESIGN_SPACE,MODEL_OUTPUT_CONTINUOUS_CLOCKFACE_PRODUCTION_APPROXIMATION,MODEL_OUTPUT_LOWER_BOUND_NOT_VEHICLE_BLOCK_PLAN,false,false
89,SP2_f06d6631abd241,15,S8_EXTENDED_0530_2400,330,1440,1110,IDEALISED_DAILY_YEAR,365,15,0.25,ASSUMPTION_DESIGN_SPACE,ASSUMPTION_DESIGN_SPACE,ASSUMPTION_DESIGN_SPACE_NOT_ACTUAL_CALENDAR,ASSUMPTION_SENSITIVITY,ASSUMPTION_DESIGN_SPACE,MODEL_OUTPUT_CONTINUOUS_CLOCKFACE_PRODUCTION_APPROXIMATION,MODEL_OUTPUT_LOWER_BOUND_NOT_VEHICLE_BLOCK_PLAN,false,false
90,SP2_9b5c4153cfaac4,20,CORE_0600_2200,360,1320,960,IDEALISED_5_DAY_52_WEEK,260,5,0.25,ASSUMPTION_DESIGN_SPACE,ASSUMPTION_DESIGN_SPACE,ASSUMPTION_DESIGN_SPACE_NOT_ACTUAL_CALENDAR,ASSUMPTION_SENSITIVITY,ASSUMPTION_DESIGN_SPACE,MODEL_OUTPUT_CONTINUOUS_CLOCKFACE_PRODUCTION_APPROXIMATION,MODEL_OUTPUT_LOWER_BOUND_NOT_VEHICLE_BLOCK_PLAN,false,false
91,SP2_c07f9b586374df,20,CORE_0600_2200,360,1320,960,IDEALISED_5_DAY_52_WEEK,260,10,0.25,ASSUMPTION_DESIGN_SPACE,ASSUMPTION_DESIGN_SPACE,ASSUMPTION_DESIGN_SPACE_NOT_ACTUAL_CALENDAR,ASSUMPTION_SENSITIVITY,ASSUMPTION_DESIGN_SPACE,MODEL_OUTPUT_CONTINUOUS_CLOCKFACE_PRODUCTION_APPROXIMATION,MODEL_OUTPUT_LOWER_BOUND_NOT_VEHICLE_BLOCK_PLAN,false,false
92,SP2_27044b90960b1a,20,CORE_0600_2200,360,1320,960,IDEALISED_5_DAY_52_WEEK,260,15,0.25,ASSUMPTION_DESIGN_SPACE,ASSUMPTION_DESIGN_SPACE,ASSUMPTION_DESIGN_SPACE_NOT_ACTUAL_CALENDAR,ASSUMPTION_SENSITIVITY,ASSUMPTION_DESIGN_SPACE,MODEL_OUTPUT_CONTINUOUS_CLOCKFACE_PRODUCTION_APPROXIMATION,MODEL_OUTPUT_LOWER_BOUND_NOT_VEHICLE_BLOCK_PLAN,false,false
93,SP2_fd73a78413e573,20,CORE_0600_2200,360,1320,960,IDEALISED_6_DAY_52_WEEK,312,5,0.25,ASSUMPTION_DESIGN_SPACE,ASSUMPTION_DESIGN_SPACE,ASSUMPTION_DESIGN_SPACE_NOT_ACTUAL_CALENDAR,ASSUMPTION_SENSITIVITY,ASSUMPTION_DESIGN_SPACE,MODEL_OUTPUT_CONTINUOUS_CLOCKFACE_PRODUCTION_APPROXIMATION,MODEL_OUTPUT_LOWER_BOUND_NOT_VEHICLE_BLOCK_PLAN,false,false
94,SP2_388ed007fc8c88,20,CORE_0600_2200,360,1320,960,IDEALISED_6_DAY_52_WEEK,312,10,0.25,ASSUMPTION_DESIGN_SPACE,ASSUMPTION_DESIGN_SPACE,ASSUMPTION_DESIGN_SPACE_NOT_ACTUAL_CALENDAR,ASSUMPTION_SENSITIVITY,ASSUMPTION_DESIGN_SPACE,MODEL_OUTPUT_CONTINUOUS_CLOCKFACE_PRODUCTION_APPROXIMATION,MODEL_OUTPUT_LOWER_BOUND_NOT_VEHICLE_BLOCK_PLAN,false,false
95,SP2_33f3b128344ac2,20,CORE_0600_2200,360,1320,960,IDEALISED_6_DAY_52_WEEK,312,15,0.25,ASSUMPTION_DESIGN_SPACE,ASSUMPTION_DESIGN_SPACE,ASSUMPTION_DESIGN_SPACE_NOT_ACTUAL_CALENDAR,ASSUMPTION_SENSITIVITY,ASSUMPTION_DESIGN_SPACE,MODEL_OUTPUT_CONTINUOUS_CLOCKFACE_PRODUCTION_APPROXIMATION,MODEL_OUTPUT_LOWER_BOUND_NOT_VEHICLE_BLOCK_PLAN,false,false
96,SP2_8a7a4cefb5bc8e,20,CORE_0600_2200,360,1320,960,IDEALISED_DAILY_YEAR,365,5,0.25,ASSUMPTION_DESIGN_SPACE,ASSUMPTION_DESIGN_SPACE,ASSUMPTION_DESIGN_SPACE_NOT_ACTUAL_CALENDAR,ASSUMPTION_SENSITIVITY,ASSUMPTION_DESIGN_SPACE,MODEL_OUTPUT_CONTINUOUS_CLOCKFACE_PRODUCTION_APPROXIMATION,MODEL_OUTPUT_LOWER_BOUND_NOT_VEHICLE_BLOCK_PLAN,false,false
97,SP2_9c425acb78c5fa,20,CORE_0600_2200,360,1320,960,IDEALISED_DAILY_YEAR,365,10,0.25,ASSUMPTION_DESIGN_SPACE,ASSUMPTION_DESIGN_SPACE,ASSUMPTION_DESIGN_SPACE_NOT_ACTUAL_CALENDAR,ASSUMPTION_SENSITIVITY,ASSUMPTION_DESIGN_SPACE,MODEL_OUTPUT_CONTINUOUS_CLOCKFACE_PRODUCTION_APPROXIMATION,MODEL_OUTPUT_LOWER_BOUND_NOT_VEHICLE_BLOCK_PLAN,false,false
98,SP2_4af1dcc90ffe8c,20,CORE_0600_2200,360,1320,960,IDEALISED_DAILY_YEAR,365,15,0.25,ASSUMPTION_DESIGN_SPACE,ASSUMPTION_DESIGN_SPACE,ASSUMPTION_DESIGN_SPACE_NOT_ACTUAL_CALENDAR,ASSUMPTION_SENSITIVITY,ASSUMPTION_DESIGN_SPACE,MODEL_OUTPUT_CONTINUOUS_CLOCKFACE_PRODUCTION_APPROXIMATION,MODEL_OUTPUT_LOWER_BOUND_NOT_VEHICLE_BLOCK_PLAN,false,false
99,SP2_e58cacd3007b65,20,S8_EXTENDED_0530_2400,330,1440,1110,IDEALISED_5_DAY_52_WEEK,260,5,0.25,ASSUMPTION_DESIGN_SPACE,ASSUMPTION_DESIGN_SPACE,ASSUMPTION_DESIGN_SPACE_NOT_ACTUAL_CALENDAR,ASSUMPTION_SENSITIVITY,ASSUMPTION_DESIGN_SPACE,MODEL_OUTPUT_CONTINUOUS_CLOCKFACE_PRODUCTION_APPROXIMATION,MODEL_OUTPUT_LOWER_BOUND_NOT_VEHICLE_BLOCK_PLAN,false,false
100,SP2_a2cdf919f7c098,20,S8_EXTENDED_0530_2400,330,1440,1110,IDEALISED_5_DAY_52_WEEK,260,10,0.25,ASSUMPTION_DESIGN_SPACE,ASSUMPTION_DESIGN_SPACE,ASSUMPTION_DESIGN_SPACE_NOT_ACTUAL_CALENDAR,ASSUMPTION_SENSITIVITY,ASSUMPTION_DESIGN_SPACE,MODEL_OUTPUT_CONTINUOUS_CLOCKFACE_PRODUCTION_APPROXIMATION,MODEL_OUTPUT_LOWER_BOUND_NOT_VEHICLE_BLOCK_PLAN,false,false
101,SP2_44cad65ef3d880,20,S8_EXTENDED_0530_2400,330,1440,1110,IDEALISED_5_DAY_52_WEEK,260,15,0.25,ASSUMPTION_DESIGN_SPACE,ASSUMPTION_DESIGN_SPACE,ASSUMPTION_DESIGN_SPACE_NOT_ACTUAL_CALENDAR,ASSUMPTION_SENSITIVITY,ASSUMPTION_DESIGN_SPACE,MODEL_OUTPUT_CONTINUOUS_CLOCKFACE_PRODUCTION_APPROXIMATION,MODEL_OUTPUT_LOWER_BOUND_NOT_VEHICLE_BLOCK_PLAN,false,false
102,SP2_55c4e741453c2d,20,S8_EXTENDED_0530_2400,330,1440,1110,IDEALISED_6_DAY_52_WEEK,312,5,0.25,ASSUMPTION_DESIGN_SPACE,ASSUMPTION_DESIGN_SPACE,ASSUMPTION_DESIGN_SPACE_NOT_ACTUAL_CALENDAR,ASSUMPTION_SENSITIVITY,ASSUMPTION_DESIGN_SPACE,MODEL_OUTPUT_CONTINUOUS_CLOCKFACE_PRODUCTION_APPROXIMATION,MODEL_OUTPUT_LOWER_BOUND_NOT_VEHICLE_BLOCK_PLAN,false,false
103,SP2_2c9326dba37716,20,S8_EXTENDED_0530_2400,330,1440,1110,IDEALISED_6_DAY_52_WEEK,312,10,0.25,ASSUMPTION_DESIGN_SPACE,ASSUMPTION_DESIGN_SPACE,ASSUMPTION_DESIGN_SPACE_NOT_ACTUAL_CALENDAR,ASSUMPTION_SENSITIVITY,ASSUMPTION_DESIGN_SPACE,MODEL_OUTPUT_CONTINUOUS_CLOCKFACE_PRODUCTION_APPROXIMATION,MODEL_OUTPUT_LOWER_BOUND_NOT_VEHICLE_BLOCK_PLAN,false,false
104,SP2_3a82f3f004a41a,20,S8_EXTENDED_0530_2400,330,1440,1110,IDEALISED_6_DAY_52_WEEK,312,15,0.25,ASSUMPTION_DESIGN_SPACE,ASSUMPTION_DESIGN_SPACE,ASSUMPTION_DESIGN_SPACE_NOT_ACTUAL_CALENDAR,ASSUMPTION_SENSITIVITY,ASSUMPTION_DESIGN_SPACE,MODEL_OUTPUT_CONTINUOUS_CLOCKFACE_PRODUCTION_APPROXIMATION,MODEL_OUTPUT_LOWER_BOUND_NOT_VEHICLE_BLOCK_PLAN,false,false
105,SP2_2d6242bb4699ab,20,S8_EXTENDED_0530_2400,330,1440,1110,IDEALISED_DAILY_YEAR,365,5,0.25,ASSUMPTION_DESIGN_SPACE,ASSUMPTION_DESIGN_SPACE,ASSUMPTION_DESIGN_SPACE_NOT_ACTUAL_CALENDAR,ASSUMPTION_SENSITIVITY,ASSUMPTION_DESIGN_SPACE,MODEL_OUTPUT_CONTINUOUS_CLOCKFACE_PRODUCTION_APPROXIMATION,MODEL_OUTPUT_LOWER_BOUND_NOT_VEHICLE_BLOCK_PLAN,false,false
106,SP2_75d0f8d5e8719b,20,S8_EXTENDED_0530_2400,330,1440,1110,IDEALISED_DAILY_YEAR,365,10,0.25,ASSUMPTION_DESIGN_SPACE,ASSUMPTION_DESIGN_SPACE,ASSUMPTION_DESIGN_SPACE_NOT_ACTUAL_CALENDAR,ASSUMPTION_SENSITIVITY,ASSUMPTION_DESIGN_SPACE,MODEL_OUTPUT_CONTINUOUS_CLOCKFACE_PRODUCTION_APPROXIMATION,MODEL_OUTPUT_LOWER_BOUND_NOT_VEHICLE_BLOCK_PLAN,false,false
107,SP2_d483f9b962f91a,20,S8_EXTENDED_0530_2400,330,1440,1110,IDEALISED_DAILY_YEAR,365,15,0.25,ASSUMPTION_DESIGN_SPACE,ASSUMPTION_DESIGN_SPACE,ASSUMPTION_DESIGN_SPACE_NOT_ACTUAL_CALENDAR,ASSUMPTION_SENSITIVITY,ASSUMPTION_DESIGN_SPACE,MODEL_OUTPUT_CONTINUOUS_CLOCKFACE_PRODUCTION_APPROXIMATION,MODEL_OUTPUT_LOWER_BOUND_NOT_VEHICLE_BLOCK_PLAN,false,false
108,SP2_7a259d16c74c5f,30,CORE_0600_2200,360,1320,960,IDEALISED_5_DAY_52_WEEK,260,5,0.25,ASSUMPTION_DESIGN_SPACE,ASSUMPTION_DESIGN_SPACE,ASSUMPTION_DESIGN_SPACE_NOT_ACTUAL_CALENDAR,ASSUMPTION_SENSITIVITY,ASSUMPTION_DESIGN_SPACE,MODEL_OUTPUT_CONTINUOUS_CLOCKFACE_PRODUCTION_APPROXIMATION,MODEL_OUTPUT_LOWER_BOUND_NOT_VEHICLE_BLOCK_PLAN,false,false
109,SP2_6f75e43a7254bf,30,CORE_0600_2200,360,1320,960,IDEALISED_5_DAY_52_WEEK,260,10,0.25,ASSUMPTION_DESIGN_SPACE,ASSUMPTION_DESIGN_SPACE,ASSUMPTION_DESIGN_SPACE_NOT_ACTUAL_CALENDAR,ASSUMPTION_SENSITIVITY,ASSUMPTION_DESIGN_SPACE,MODEL_OUTPUT_CONTINUOUS_CLOCKFACE_PRODUCTION_APPROXIMATION,MODEL_OUTPUT_LOWER_BOUND_NOT_VEHICLE_BLOCK_PLAN,false,false
110,SP2_0b06306b671673,30,CORE_0600_2200,360,1320,960,IDEALISED_5_DAY_52_WEEK,260,15,0.25,ASSUMPTION_DESIGN_SPACE,ASSUMPTION_DESIGN_SPACE,ASSUMPTION_DESIGN_SPACE_NOT_ACTUAL_CALENDAR,ASSUMPTION_SENSITIVITY,ASSUMPTION_DESIGN_SPACE,MODEL_OUTPUT_CONTINUOUS_CLOCKFACE_PRODUCTION_APPROXIMATION,MODEL_OUTPUT_LOWER_BOUND_NOT_VEHICLE_BLOCK_PLAN,false,false
111,SP2_2f5f62a1d1481a,30,CORE_0600_2200,360,1320,960,IDEALISED_6_DAY_52_WEEK,312,5,0.25,ASSUMPTION_DESIGN_SPACE,ASSUMPTION_DESIGN_SPACE,ASSUMPTION_DESIGN_SPACE_NOT_ACTUAL_CALENDAR,ASSUMPTION_SENSITIVITY,ASSUMPTION_DESIGN_SPACE,MODEL_OUTPUT_CONTINUOUS_CLOCKFACE_PRODUCTION_APPROXIMATION,MODEL_OUTPUT_LOWER_BOUND_NOT_VEHICLE_BLOCK_PLAN,false,false
112,SP2_f2e1184d4db950,30,CORE_0600_2200,360,1320,960,IDEALISED_6_DAY_52_WEEK,312,10,0.25,ASSUMPTION_DESIGN_SPACE,ASSUMPTION_DESIGN_SPACE,ASSUMPTION_DESIGN_SPACE_NOT_ACTUAL_CALENDAR,ASSUMPTION_SENSITIVITY,ASSUMPTION_DESIGN_SPACE,MODEL_OUTPUT_CONTINUOUS_CLOCKFACE_PRODUCTION_APPROXIMATION,MODEL_OUTPUT_LOWER_BOUND_NOT_VEHICLE_BLOCK_PLAN,false,false
113,SP2_291ad3869eef2c,30,CORE_0600_2200,360,1320,960,IDEALISED_6_DAY_52_WEEK,312,15,0.25,ASSUMPTION_DESIGN_SPACE,ASSUMPTION_DESIGN_SPACE,ASSUMPTION_DESIGN_SPACE_NOT_ACTUAL_CALENDAR,ASSUMPTION_SENSITIVITY,ASSUMPTION_DESIGN_SPACE,MODEL_OUTPUT_CONTINUOUS_CLOCKFACE_PRODUCTION_APPROXIMATION,MODEL_OUTPUT_LOWER_BOUND_NOT_VEHICLE_BLOCK_PLAN,false,false
114,SP2_74b574eb04415a,30,CORE_0600_2200,360,1320,960,IDEALISED_DAILY_YEAR,365,5,0.25,ASSUMPTION_DESIGN_SPACE,ASSUMPTION_DESIGN_SPACE,ASSUMPTION_DESIGN_SPACE_NOT_ACTUAL_CALENDAR,ASSUMPTION_SENSITIVITY,ASSUMPTION_DESIGN_SPACE,MODEL_OUTPUT_CONTINUOUS_CLOCKFACE_PRODUCTION_APPROXIMATION,MODEL_OUTPUT_LOWER_BOUND_NOT_VEHICLE_BLOCK_PLAN,false,false
115,SP2_48f8807d0c9676,30,CORE_0600_2200,360,1320,960,IDEALISED_DAILY_YEAR,365,10,0.25,ASSUMPTION_DESIGN_SPACE,ASSUMPTION_DESIGN_SPACE,ASSUMPTION_DESIGN_SPACE_NOT_ACTUAL_CALENDAR,ASSUMPTION_SENSITIVITY,ASSUMPTION_DESIGN_SPACE,MODEL_OUTPUT_CONTINUOUS_CLOCKFACE_PRODUCTION_APPROXIMATION,MODEL_OUTPUT_LOWER_BOUND_NOT_VEHICLE_BLOCK_PLAN,false,false
116,SP2_27916d0863fa5c,30,CORE_0600_2200,360,1320,960,IDEALISED_DAILY_YEAR,365,15,0.25,ASSUMPTION_DESIGN_SPACE,ASSUMPTION_DESIGN_SPACE,ASSUMPTION_DESIGN_SPACE_NOT_ACTUAL_CALENDAR,ASSUMPTION_SENSITIVITY,ASSUMPTION_DESIGN_SPACE,MODEL_OUTPUT_CONTINUOUS_CLOCKFACE_PRODUCTION_APPROXIMATION,MODEL_OUTPUT_LOWER_BOUND_NOT_VEHICLE_BLOCK_PLAN,false,false
117,SP2_3f043d17a657cf,30,S8_EXTENDED_0530_2400,330,1440,1110,IDEALISED_5_DAY_52_WEEK,260,5,0.25,ASSUMPTION_DESIGN_SPACE,ASSUMPTION_DESIGN_SPACE,ASSUMPTION_DESIGN_SPACE_NOT_ACTUAL_CALENDAR,ASSUMPTION_SENSITIVITY,ASSUMPTION_DESIGN_SPACE,MODEL_OUTPUT_CONTINUOUS_CLOCKFACE_PRODUCTION_APPROXIMATION,MODEL_OUTPUT_LOWER_BOUND_NOT_VEHICLE_BLOCK_PLAN,false,false
118,SP2_7cc7a44a53bd5b,30,S8_EXTENDED_0530_2400,330,1440,1110,IDEALISED_5_DAY_52_WEEK,260,10,0.25,ASSUMPTION_DESIGN_SPACE,ASSUMPTION_DESIGN_SPACE,ASSUMPTION_DESIGN_SPACE_NOT_ACTUAL_CALENDAR,ASSUMPTION_SENSITIVITY,ASSUMPTION_DESIGN_SPACE,MODEL_OUTPUT_CONTINUOUS_CLOCKFACE_PRODUCTION_APPROXIMATION,MODEL_OUTPUT_LOWER_BOUND_NOT_VEHICLE_BLOCK_PLAN,false,false
119,SP2_a279b35c7f63a9,30,S8_EXTENDED_0530_2400,330,1440,1110,IDEALISED_5_DAY_52_WEEK,260,15,0.25,ASSUMPTION_DESIGN_SPACE,ASSUMPTION_DESIGN_SPACE,ASSUMPTION_DESIGN_SPACE_NOT_ACTUAL_CALENDAR,ASSUMPTION_SENSITIVITY,ASSUMPTION_DESIGN_SPACE,MODEL_OUTPUT_CONTINUOUS_CLOCKFACE_PRODUCTION_APPROXIMATION,MODEL_OUTPUT_LOWER_BOUND_NOT_VEHICLE_BLOCK_PLAN,false,false
120,SP2_f49c3e1ff627f4,30,S8_EXTENDED_0530_2400,330,1440,1110,IDEALISED_6_DAY_52_WEEK,312,5,0.25,ASSUMPTION_DESIGN_SPACE,ASSUMPTION_DESIGN_SPACE,ASSUMPTION_DESIGN_SPACE_NOT_ACTUAL_CALENDAR,ASSUMPTION_SENSITIVITY,ASSUMPTION_DESIGN_SPACE,MODEL_OUTPUT_CONTINUOUS_CLOCKFACE_PRODUCTION_APPROXIMATION,MODEL_OUTPUT_LOWER_BOUND_NOT_VEHICLE_BLOCK_PLAN,false,false
121,SP2_8fabb199496780,30,S8_EXTENDED_0530_2400,330,1440,1110,IDEALISED_6_DAY_52_WEEK,312,10,0.25,ASSUMPTION_DESIGN_SPACE,ASSUMPTION_DESIGN_SPACE,ASSUMPTION_DESIGN_SPACE_NOT_ACTUAL_CALENDAR,ASSUMPTION_SENSITIVITY,ASSUMPTION_DESIGN_SPACE,MODEL_OUTPUT_CONTINUOUS_CLOCKFACE_PRODUCTION_APPROXIMATION,MODEL_OUTPUT_LOWER_BOUND_NOT_VEHICLE_BLOCK_PLAN,false,false
122,SP2_caaa7e1383865d,30,S8_EXTENDED_0530_2400,330,1440,1110,IDEALISED_6_DAY_52_WEEK,312,15,0.25,ASSUMPTION_DESIGN_SPACE,ASSUMPTION_DESIGN_SPACE,ASSUMPTION_DESIGN_SPACE_NOT_ACTUAL_CALENDAR,ASSUMPTION_SENSITIVITY,ASSUMPTION_DESIGN_SPACE,MODEL_OUTPUT_CONTINUOUS_CLOCKFACE_PRODUCTION_APPROXIMATION,MODEL_OUTPUT_LOWER_BOUND_NOT_VEHICLE_BLOCK_PLAN,false,false
123,SP2_5bd520d24b6dd2,30,S8_EXTENDED_0530_2400,330,1440,1110,IDEALISED_DAILY_YEAR,365,5,0.25,ASSUMPTION_DESIGN_SPACE,ASSUMPTION_DESIGN_SPACE,ASSUMPTION_DESIGN_SPACE_NOT_ACTUAL_CALENDAR,ASSUMPTION_SENSITIVITY,ASSUMPTION_DESIGN_SPACE,MODEL_OUTPUT_CONTINUOUS_CLOCKFACE_PRODUCTION_APPROXIMATION,MODEL_OUTPUT_LOWER_BOUND_NOT_VEHICLE_BLOCK_PLAN,false,false
124,SP2_ecefb39a760a41,30,S8_EXTENDED_0530_2400,330,1440,1110,IDEALISED_DAILY_YEAR,365,10,0.25,ASSUMPTION_DESIGN_SPACE,ASSUMPTION_DESIGN_SPACE,ASSUMPTION_DESIGN_SPACE_NOT_ACTUAL_CALENDAR,ASSUMPTION_SENSITIVITY,ASSUMPTION_DESIGN_SPACE,MODEL_OUTPUT_CONTINUOUS_CLOCKFACE_PRODUCTION_APPROXIMATION,MODEL_OUTPUT_LOWER_BOUND_NOT_VEHICLE_BLOCK_PLAN,false,false
125,SP2_946bf073c87e03,30,S8_EXTENDED_0530_2400,330,1440,1110,IDEALISED_DAILY_YEAR,365,15,0.25,ASSUMPTION_DESIGN_SPACE,ASSUMPTION_DESIGN_SPACE,ASSUMPTION_DESIGN_SPACE_NOT_ACTUAL_CALENDAR,ASSUMPTION_SENSITIVITY,ASSUMPTION_DESIGN_SPACE,MODEL_OUTPUT_CONTINUOUS_CLOCKFACE_PRODUCTION_APPROXIMATION,MODEL_OUTPUT_LOWER_BOUND_NOT_VEHICLE_BLOCK_PLAN,false,false
126,SP2_3a943caadcf883,60,CORE_0600_2200,360,1320,960,IDEALISED_5_DAY_52_WEEK,260,5,0.25,ASSUMPTION_DESIGN_SPACE,ASSUMPTION_DESIGN_SPACE,ASSUMPTION_DESIGN_SPACE_NOT_ACTUAL_CALENDAR,ASSUMPTION_SENSITIVITY,ASSUMPTION_DESIGN_SPACE,MODEL_OUTPUT_CONTINUOUS_CLOCKFACE_PRODUCTION_APPROXIMATION,MODEL_OUTPUT_LOWER_BOUND_NOT_VEHICLE_BLOCK_PLAN,false,false
127,SP2_fb3f2d878163d7,60,CORE_0600_2200,360,1320,960,IDEALISED_5_DAY_52_WEEK,260,10,0.25,ASSUMPTION_DESIGN_SPACE,ASSUMPTION_DESIGN_SPACE,ASSUMPTION_DESIGN_SPACE_NOT_ACTUAL_CALENDAR,ASSUMPTION_SENSITIVITY,ASSUMPTION_DESIGN_SPACE,MODEL_OUTPUT_CONTINUOUS_CLOCKFACE_PRODUCTION_APPROXIMATION,MODEL_OUTPUT_LOWER_BOUND_NOT_VEHICLE_BLOCK_PLAN,false,false
128,SP2_8ef96314a43900,60,CORE_0600_2200,360,1320,960,IDEALISED_5_DAY_52_WEEK,260,15,0.25,ASSUMPTION_DESIGN_SPACE,ASSUMPTION_DESIGN_SPACE,ASSUMPTION_DESIGN_SPACE_NOT_ACTUAL_CALENDAR,ASSUMPTION_SENSITIVITY,ASSUMPTION_DESIGN_SPACE,MODEL_OUTPUT_CONTINUOUS_CLOCKFACE_PRODUCTION_APPROXIMATION,MODEL_OUTPUT_LOWER_BOUND_NOT_VEHICLE_BLOCK_PLAN,false,false
129,SP2_a4a29c5c66b36c,60,CORE_0600_2200,360,1320,960,IDEALISED_6_DAY_52_WEEK,312,5,0.25,ASSUMPTION_DESIGN_SPACE,ASSUMPTION_DESIGN_SPACE,ASSUMPTION_DESIGN_SPACE_NOT_ACTUAL_CALENDAR,ASSUMPTION_SENSITIVITY,ASSUMPTION_DESIGN_SPACE,MODEL_OUTPUT_CONTINUOUS_CLOCKFACE_PRODUCTION_APPROXIMATION,MODEL_OUTPUT_LOWER_BOUND_NOT_VEHICLE_BLOCK_PLAN,false,false
130,SP2_334fc881a2b6eb,60,CORE_0600_2200,360,1320,960,IDEALISED_6_DAY_52_WEEK,312,10,0.25,ASSUMPTION_DESIGN_SPACE,ASSUMPTION_DESIGN_SPACE,ASSUMPTION_DESIGN_SPACE_NOT_ACTUAL_CALENDAR,ASSUMPTION_SENSITIVITY,ASSUMPTION_DESIGN_SPACE,MODEL_OUTPUT_CONTINUOUS_CLOCKFACE_PRODUCTION_APPROXIMATION,MODEL_OUTPUT_LOWER_BOUND_NOT_VEHICLE_BLOCK_PLAN,false,false
131,SP2_56c6e7269467e6,60,CORE_0600_2200,360,1320,960,IDEALISED_6_DAY_52_WEEK,312,15,0.25,ASSUMPTION_DESIGN_SPACE,ASSUMPTION_DESIGN_SPACE,ASSUMPTION_DESIGN_SPACE_NOT_ACTUAL_CALENDAR,ASSUMPTION_SENSITIVITY,ASSUMPTION_DESIGN_SPACE,MODEL_OUTPUT_CONTINUOUS_CLOCKFACE_PRODUCTION_APPROXIMATION,MODEL_OUTPUT_LOWER_BOUND_NOT_VEHICLE_BLOCK_PLAN,false,false
132,SP2_c8fa3eb50fab85,60,CORE_0600_2200,360,1320,960,IDEALISED_DAILY_YEAR,365,5,0.25,ASSUMPTION_DESIGN_SPACE,ASSUMPTION_DESIGN_SPACE,ASSUMPTION_DESIGN_SPACE_NOT_ACTUAL_CALENDAR,ASSUMPTION_SENSITIVITY,ASSUMPTION_DESIGN_SPACE,MODEL_OUTPUT_CONTINUOUS_CLOCKFACE_PRODUCTION_APPROXIMATION,MODEL_OUTPUT_LOWER_BOUND_NOT_VEHICLE_BLOCK_PLAN,false,false
133,SP2_0bdec731d3fe59,60,CORE_0600_2200,360,1320,960,IDEALISED_DAILY_YEAR,365,10,0.25,ASSUMPTION_DESIGN_SPACE,ASSUMPTION_DESIGN_SPACE,ASSUMPTION_DESIGN_SPACE_NOT_ACTUAL_CALENDAR,ASSUMPTION_SENSITIVITY,ASSUMPTION_DESIGN_SPACE,MODEL_OUTPUT_CONTINUOUS_CLOCKFACE_PRODUCTION_APPROXIMATION,MODEL_OUTPUT_LOWER_BOUND_NOT_VEHICLE_BLOCK_PLAN,false,false
134,SP2_63719cee759bbd,60,CORE_0600_2200,360,1320,960,IDEALISED_DAILY_YEAR,365,15,0.25,ASSUMPTION_DESIGN_SPACE,ASSUMPTION_DESIGN_SPACE,ASSUMPTION_DESIGN_SPACE_NOT_ACTUAL_CALENDAR,ASSUMPTION_SENSITIVITY,ASSUMPTION_DESIGN_SPACE,MODEL_OUTPUT_CONTINUOUS_CLOCKFACE_PRODUCTION_APPROXIMATION,MODEL_OUTPUT_LOWER_BOUND_NOT_VEHICLE_BLOCK_PLAN,false,false
135,SP2_30454b8ec16d9a,60,S8_EXTENDED_0530_2400,330,1440,1110,IDEALISED_5_DAY_52_WEEK,260,5,0.25,ASSUMPTION_DESIGN_SPACE,ASSUMPTION_DESIGN_SPACE,ASSUMPTION_DESIGN_SPACE_NOT_ACTUAL_CALENDAR,ASSUMPTION_SENSITIVITY,ASSUMPTION_DESIGN_SPACE,MODEL_OUTPUT_CONTINUOUS_CLOCKFACE_PRODUCTION_APPROXIMATION,MODEL_OUTPUT_LOWER_BOUND_NOT_VEHICLE_BLOCK_PLAN,false,false
136,SP2_6ca2800d88e288,60,S8_EXTENDED_0530_2400,330,1440,1110,IDEALISED_5_DAY_52_WEEK,260,10,0.25,ASSUMPTION_DESIGN_SPACE,ASSUMPTION_DESIGN_SPACE,ASSUMPTION_DESIGN_SPACE_NOT_ACTUAL_CALENDAR,ASSUMPTION_SENSITIVITY,ASSUMPTION_DESIGN_SPACE,MODEL_OUTPUT_CONTINUOUS_CLOCKFACE_PRODUCTION_APPROXIMATION,MODEL_OUTPUT_LOWER_BOUND_NOT_VEHICLE_BLOCK_PLAN,false,false
137,SP2_e3a87ab0435484,60,S8_EXTENDED_0530_2400,330,1440,1110,IDEALISED_5_DAY_52_WEEK,260,15,0.25,ASSUMPTION_DESIGN_SPACE,ASSUMPTION_DESIGN_SPACE,ASSUMPTION_DESIGN_SPACE_NOT_ACTUAL_CALENDAR,ASSUMPTION_SENSITIVITY,ASSUMPTION_DESIGN_SPACE,MODEL_OUTPUT_CONTINUOUS_CLOCKFACE_PRODUCTION_APPROXIMATION,MODEL_OUTPUT_LOWER_BOUND_NOT_VEHICLE_BLOCK_PLAN,false,false
138,SP2_b2fe899b2f0e97,60,S8_EXTENDED_0530_2400,330,1440,1110,IDEALISED_6_DAY_52_WEEK,312,5,0.25,ASSUMPTION_DESIGN_SPACE,ASSUMPTION_DESIGN_SPACE,ASSUMPTION_DESIGN_SPACE_NOT_ACTUAL_CALENDAR,ASSUMPTION_SENSITIVITY,ASSUMPTION_DESIGN_SPACE,MODEL_OUTPUT_CONTINUOUS_CLOCKFACE_PRODUCTION_APPROXIMATION,MODEL_OUTPUT_LOWER_BOUND_NOT_VEHICLE_BLOCK_PLAN,false,false
139,SP2_da560ff62b567b,60,S8_EXTENDED_0530_2400,330,1440,1110,IDEALISED_6_DAY_52_WEEK,312,10,0.25,ASSUMPTION_DESIGN_SPACE,ASSUMPTION_DESIGN_SPACE,ASSUMPTION_DESIGN_SPACE_NOT_ACTUAL_CALENDAR,ASSUMPTION_SENSITIVITY,ASSUMPTION_DESIGN_SPACE,MODEL_OUTPUT_CONTINUOUS_CLOCKFACE_PRODUCTION_APPROXIMATION,MODEL_OUTPUT_LOWER_BOUND_NOT_VEHICLE_BLOCK_PLAN,false,false
140,SP2_923a7ebc86c6ed,60,S8_EXTENDED_0530_2400,330,1440,1110,IDEALISED_6_DAY_52_WEEK,312,15,0.25,ASSUMPTION_DESIGN_SPACE,ASSUMPTION_DESIGN_SPACE,ASSUMPTION_DESIGN_SPACE_NOT_ACTUAL_CALENDAR,ASSUMPTION_SENSITIVITY,ASSUMPTION_DESIGN_SPACE,MODEL_OUTPUT_CONTINUOUS_CLOCKFACE_PRODUCTION_APPROXIMATION,MODEL_OUTPUT_LOWER_BOUND_NOT_VEHICLE_BLOCK_PLAN,false,false
141,SP2_dd2324ecd3076e,60,S8_EXTENDED_0530_2400,330,1440,1110,IDEALISED_DAILY_YEAR,365,5,0.25,ASSUMPTION_DESIGN_SPACE,ASSUMPTION_DESIGN_SPACE,ASSUMPTION_DESIGN_SPACE_NOT_ACTUAL_CALENDAR,ASSUMPTION_SENSITIVITY,ASSUMPTION_DESIGN_SPACE,MODEL_OUTPUT_CONTINUOUS_CLOCKFACE_PRODUCTION_APPROXIMATION,MODEL_OUTPUT_LOWER_BOUND_NOT_VEHICLE_BLOCK_PLAN,false,false
142,SP2_423bf23a58140a,60,S8_EXTENDED_0530_2400,330,1440,1110,IDEALISED_DAILY_YEAR,365,10,0.25,ASSUMPTION_DESIGN_SPACE,ASSUMPTION_DESIGN_SPACE,ASSUMPTION_DESIGN_SPACE_NOT_ACTUAL_CALENDAR,ASSUMPTION_SENSITIVITY,ASSUMPTION_DESIGN_SPACE,MODEL_OUTPUT_CONTINUOUS_CLOCKFACE_PRODUCTION_APPROXIMATION,MODEL_OUTPUT_LOWER_BOUND_NOT_VEHICLE_BLOCK_PLAN,false,false
143,SP2_02697b2c44a8b9,60,S8_EXTENDED_0530_2400,330,1440,1110,IDEALISED_DAILY_YEAR,365,15,0.25,ASSUMPTION_DESIGN_SPACE,ASSUMPTION_DESIGN_SPACE,ASSUMPTION_DESIGN_SPACE_NOT_ACTUAL_CALENDAR,ASSUMPTION_SENSITIVITY,ASSUMPTION_DESIGN_SPACE,MODEL_OUTPUT_CONTINUOUS_CLOCKFACE_PRODUCTION_APPROXIMATION,MODEL_OUTPUT_LOWER_BOUND_NOT_VEHICLE_BLOCK_PLAN,false,false
144,SP2_91e4c72670caf8,15,CORE_0600_2200,360,1320,960,IDEALISED_5_DAY_52_WEEK,260,5,0.50,ASSUMPTION_DESIGN_SPACE,ASSUMPTION_DESIGN_SPACE,ASSUMPTION_DESIGN_SPACE_NOT_ACTUAL_CALENDAR,ASSUMPTION_SENSITIVITY,ASSUMPTION_DESIGN_SPACE,MODEL_OUTPUT_CONTINUOUS_CLOCKFACE_PRODUCTION_APPROXIMATION,MODEL_OUTPUT_LOWER_BOUND_NOT_VEHICLE_BLOCK_PLAN,false,false
145,SP2_18a9e4a2de581b,15,CORE_0600_2200,360,1320,960,IDEALISED_5_DAY_52_WEEK,260,10,0.50,ASSUMPTION_DESIGN_SPACE,ASSUMPTION_DESIGN_SPACE,ASSUMPTION_DESIGN_SPACE_NOT_ACTUAL_CALENDAR,ASSUMPTION_SENSITIVITY,ASSUMPTION_DESIGN_SPACE,MODEL_OUTPUT_CONTINUOUS_CLOCKFACE_PRODUCTION_APPROXIMATION,MODEL_OUTPUT_LOWER_BOUND_NOT_VEHICLE_BLOCK_PLAN,false,false
146,SP2_1b0f96579ef224,15,CORE_0600_2200,360,1320,960,IDEALISED_5_DAY_52_WEEK,260,15,0.50,ASSUMPTION_DESIGN_SPACE,ASSUMPTION_DESIGN_SPACE,ASSUMPTION_DESIGN_SPACE_NOT_ACTUAL_CALENDAR,ASSUMPTION_SENSITIVITY,ASSUMPTION_DESIGN_SPACE,MODEL_OUTPUT_CONTINUOUS_CLOCKFACE_PRODUCTION_APPROXIMATION,MODEL_OUTPUT_LOWER_BOUND_NOT_VEHICLE_BLOCK_PLAN,false,false
147,SP2_a50cba18d685fd,15,CORE_0600_2200,360,1320,960,IDEALISED_6_DAY_52_WEEK,312,5,0.50,ASSUMPTION_DESIGN_SPACE,ASSUMPTION_DESIGN_SPACE,ASSUMPTION_DESIGN_SPACE_NOT_ACTUAL_CALENDAR,ASSUMPTION_SENSITIVITY,ASSUMPTION_DESIGN_SPACE,MODEL_OUTPUT_CONTINUOUS_CLOCKFACE_PRODUCTION_APPROXIMATION,MODEL_OUTPUT_LOWER_BOUND_NOT_VEHICLE_BLOCK_PLAN,false,false
148,SP2_0d3dad39f0251c,15,CORE_0600_2200,360,1320,960,IDEALISED_6_DAY_52_WEEK,312,10,0.50,ASSUMPTION_DESIGN_SPACE,ASSUMPTION_DESIGN_SPACE,ASSUMPTION_DESIGN_SPACE_NOT_ACTUAL_CALENDAR,ASSUMPTION_SENSITIVITY,ASSUMPTION_DESIGN_SPACE,MODEL_OUTPUT_CONTINUOUS_CLOCKFACE_PRODUCTION_APPROXIMATION,MODEL_OUTPUT_LOWER_BOUND_NOT_VEHICLE_BLOCK_PLAN,false,false
149,SP2_acc0b0b1eb7336,15,CORE_0600_2200,360,1320,960,IDEALISED_6_DAY_52_WEEK,312,15,0.50,ASSUMPTION_DESIGN_SPACE,ASSUMPTION_DESIGN_SPACE,ASSUMPTION_DESIGN_SPACE_NOT_ACTUAL_CALENDAR,ASSUMPTION_SENSITIVITY,ASSUMPTION_DESIGN_SPACE,MODEL_OUTPUT_CONTINUOUS_CLOCKFACE_PRODUCTION_APPROXIMATION,MODEL_OUTPUT_LOWER_BOUND_NOT_VEHICLE_BLOCK_PLAN,false,false
150,SP2_d54cef0d5777b4,15,CORE_0600_2200,360,1320,960,IDEALISED_DAILY_YEAR,365,5,0.50,ASSUMPTION_DESIGN_SPACE,ASSUMPTION_DESIGN_SPACE,ASSUMPTION_DESIGN_SPACE_NOT_ACTUAL_CALENDAR,ASSUMPTION_SENSITIVITY,ASSUMPTION_DESIGN_SPACE,MODEL_OUTPUT_CONTINUOUS_CLOCKFACE_PRODUCTION_APPROXIMATION,MODEL_OUTPUT_LOWER_BOUND_NOT_VEHICLE_BLOCK_PLAN,false,false
151,SP2_0548d9df529449,15,CORE_0600_2200,360,1320,960,IDEALISED_DAILY_YEAR,365,10,0.50,ASSUMPTION_DESIGN_SPACE,ASSUMPTION_DESIGN_SPACE,ASSUMPTION_DESIGN_SPACE_NOT_ACTUAL_CALENDAR,ASSUMPTION_SENSITIVITY,ASSUMPTION_DESIGN_SPACE,MODEL_OUTPUT_CONTINUOUS_CLOCKFACE_PRODUCTION_APPROXIMATION,MODEL_OUTPUT_LOWER_BOUND_NOT_VEHICLE_BLOCK_PLAN,false,false
152,SP2_dfd41c1451e135,15,CORE_0600_2200,360,1320,960,IDEALISED_DAILY_YEAR,365,15,0.50,ASSUMPTION_DESIGN_SPACE,ASSUMPTION_DESIGN_SPACE,ASSUMPTION_DESIGN_SPACE_NOT_ACTUAL_CALENDAR,ASSUMPTION_SENSITIVITY,ASSUMPTION_DESIGN_SPACE,MODEL_OUTPUT_CONTINUOUS_CLOCKFACE_PRODUCTION_APPROXIMATION,MODEL_OUTPUT_LOWER_BOUND_NOT_VEHICLE_BLOCK_PLAN,false,false
153,SP2_12ceb20d719855,15,S8_EXTENDED_0530_2400,330,1440,1110,IDEALISED_5_DAY_52_WEEK,260,5,0.50,ASSUMPTION_DESIGN_SPACE,ASSUMPTION_DESIGN_SPACE,ASSUMPTION_DESIGN_SPACE_NOT_ACTUAL_CALENDAR,ASSUMPTION_SENSITIVITY,ASSUMPTION_DESIGN_SPACE,MODEL_OUTPUT_CONTINUOUS_CLOCKFACE_PRODUCTION_APPROXIMATION,MODEL_OUTPUT_LOWER_BOUND_NOT_VEHICLE_BLOCK_PLAN,false,false
154,SP2_4e2288d5927785,15,S8_EXTENDED_0530_2400,330,1440,1110,IDEALISED_5_DAY_52_WEEK,260,10,0.50,ASSUMPTION_DESIGN_SPACE,ASSUMPTION_DESIGN_SPACE,ASSUMPTION_DESIGN_SPACE_NOT_ACTUAL_CALENDAR,ASSUMPTION_SENSITIVITY,ASSUMPTION_DESIGN_SPACE,MODEL_OUTPUT_CONTINUOUS_CLOCKFACE_PRODUCTION_APPROXIMATION,MODEL_OUTPUT_LOWER_BOUND_NOT_VEHICLE_BLOCK_PLAN,false,false
155,SP2_e673d5400d898c,15,S8_EXTENDED_0530_2400,330,1440,1110,IDEALISED_5_DAY_52_WEEK,260,15,0.50,ASSUMPTION_DESIGN_SPACE,ASSUMPTION_DESIGN_SPACE,ASSUMPTION_DESIGN_SPACE_NOT_ACTUAL_CALENDAR,ASSUMPTION_SENSITIVITY,ASSUMPTION_DESIGN_SPACE,MODEL_OUTPUT_CONTINUOUS_CLOCKFACE_PRODUCTION_APPROXIMATION,MODEL_OUTPUT_LOWER_BOUND_NOT_VEHICLE_BLOCK_PLAN,false,false
156,SP2_5189380caa71b7,15,S8_EXTENDED_0530_2400,330,1440,1110,IDEALISED_6_DAY_52_WEEK,312,5,0.50,ASSUMPTION_DESIGN_SPACE,ASSUMPTION_DESIGN_SPACE,ASSUMPTION_DESIGN_SPACE_NOT_ACTUAL_CALENDAR,ASSUMPTION_SENSITIVITY,ASSUMPTION_DESIGN_SPACE,MODEL_OUTPUT_CONTINUOUS_CLOCKFACE_PRODUCTION_APPROXIMATION,MODEL_OUTPUT_LOWER_BOUND_NOT_VEHICLE_BLOCK_PLAN,false,false
157,SP2_59ce8ff5ddbb67,15,S8_EXTENDED_0530_2400,330,1440,1110,IDEALISED_6_DAY_52_WEEK,312,10,0.50,ASSUMPTION_DESIGN_SPACE,ASSUMPTION_DESIGN_SPACE,ASSUMPTION_DESIGN_SPACE_NOT_ACTUAL_CALENDAR,ASSUMPTION_SENSITIVITY,ASSUMPTION_DESIGN_SPACE,MODEL_OUTPUT_CONTINUOUS_CLOCKFACE_PRODUCTION_APPROXIMATION,MODEL_OUTPUT_LOWER_BOUND_NOT_VEHICLE_BLOCK_PLAN,false,false
158,SP2_ec19f2360fa47e,15,S8_EXTENDED_0530_2400,330,1440,1110,IDEALISED_6_DAY_52_WEEK,312,15,0.50,ASSUMPTION_DESIGN_SPACE,ASSUMPTION_DESIGN_SPACE,ASSUMPTION_DESIGN_SPACE_NOT_ACTUAL_CALENDAR,ASSUMPTION_SENSITIVITY,ASSUMPTION_DESIGN_SPACE,MODEL_OUTPUT_CONTINUOUS_CLOCKFACE_PRODUCTION_APPROXIMATION,MODEL_OUTPUT_LOWER_BOUND_NOT_VEHICLE_BLOCK_PLAN,false,false
159,SP2_0472a26e324f91,15,S8_EXTENDED_0530_2400,330,1440,1110,IDEALISED_DAILY_YEAR,365,5,0.50,ASSUMPTION_DESIGN_SPACE,ASSUMPTION_DESIGN_SPACE,ASSUMPTION_DESIGN_SPACE_NOT_ACTUAL_CALENDAR,ASSUMPTION_SENSITIVITY,ASSUMPTION_DESIGN_SPACE,MODEL_OUTPUT_CONTINUOUS_CLOCKFACE_PRODUCTION_APPROXIMATION,MODEL_OUTPUT_LOWER_BOUND_NOT_VEHICLE_BLOCK_PLAN,false,false
160,SP2_7794f95e829989,15,S8_EXTENDED_0530_2400,330,1440,1110,IDEALISED_DAILY_YEAR,365,10,0.50,ASSUMPTION_DESIGN_SPACE,ASSUMPTION_DESIGN_SPACE,ASSUMPTION_DESIGN_SPACE_NOT_ACTUAL_CALENDAR,ASSUMPTION_SENSITIVITY,ASSUMPTION_DESIGN_SPACE,MODEL_OUTPUT_CONTINUOUS_CLOCKFACE_PRODUCTION_APPROXIMATION,MODEL_OUTPUT_LOWER_BOUND_NOT_VEHICLE_BLOCK_PLAN,false,false
161,SP2_7ff4f24397e42c,15,S8_EXTENDED_0530_2400,330,1440,1110,IDEALISED_DAILY_YEAR,365,15,0.50,ASSUMPTION_DESIGN_SPACE,ASSUMPTION_DESIGN_SPACE,ASSUMPTION_DESIGN_SPACE_NOT_ACTUAL_CALENDAR,ASSUMPTION_SENSITIVITY,ASSUMPTION_DESIGN_SPACE,MODEL_OUTPUT_CONTINUOUS_CLOCKFACE_PRODUCTION_APPROXIMATION,MODEL_OUTPUT_LOWER_BOUND_NOT_VEHICLE_BLOCK_PLAN,false,false
162,SP2_915b36d8befc6d,20,CORE_0600_2200,360,1320,960,IDEALISED_5_DAY_52_WEEK,260,5,0.50,ASSUMPTION_DESIGN_SPACE,ASSUMPTION_DESIGN_SPACE,ASSUMPTION_DESIGN_SPACE_NOT_ACTUAL_CALENDAR,ASSUMPTION_SENSITIVITY,ASSUMPTION_DESIGN_SPACE,MODEL_OUTPUT_CONTINUOUS_CLOCKFACE_PRODUCTION_APPROXIMATION,MODEL_OUTPUT_LOWER_BOUND_NOT_VEHICLE_BLOCK_PLAN,false,false
163,SP2_07c78485f0edb2,20,CORE_0600_2200,360,1320,960,IDEALISED_5_DAY_52_WEEK,260,10,0.50,ASSUMPTION_DESIGN_SPACE,ASSUMPTION_DESIGN_SPACE,ASSUMPTION_DESIGN_SPACE_NOT_ACTUAL_CALENDAR,ASSUMPTION_SENSITIVITY,ASSUMPTION_DESIGN_SPACE,MODEL_OUTPUT_CONTINUOUS_CLOCKFACE_PRODUCTION_APPROXIMATION,MODEL_OUTPUT_LOWER_BOUND_NOT_VEHICLE_BLOCK_PLAN,false,false
164,SP2_3fe878dcec3960,20,CORE_0600_2200,360,1320,960,IDEALISED_5_DAY_52_WEEK,260,15,0.50,ASSUMPTION_DESIGN_SPACE,ASSUMPTION_DESIGN_SPACE,ASSUMPTION_DESIGN_SPACE_NOT_ACTUAL_CALENDAR,ASSUMPTION_SENSITIVITY,ASSUMPTION_DESIGN_SPACE,MODEL_OUTPUT_CONTINUOUS_CLOCKFACE_PRODUCTION_APPROXIMATION,MODEL_OUTPUT_LOWER_BOUND_NOT_VEHICLE_BLOCK_PLAN,false,false
165,SP2_62ab6fec2e26df,20,CORE_0600_2200,360,1320,960,IDEALISED_6_DAY_52_WEEK,312,5,0.50,ASSUMPTION_DESIGN_SPACE,ASSUMPTION_DESIGN_SPACE,ASSUMPTION_DESIGN_SPACE_NOT_ACTUAL_CALENDAR,ASSUMPTION_SENSITIVITY,ASSUMPTION_DESIGN_SPACE,MODEL_OUTPUT_CONTINUOUS_CLOCKFACE_PRODUCTION_APPROXIMATION,MODEL_OUTPUT_LOWER_BOUND_NOT_VEHICLE_BLOCK_PLAN,false,false
166,SP2_1980d81a0eccdc,20,CORE_0600_2200,360,1320,960,IDEALISED_6_DAY_52_WEEK,312,10,0.50,ASSUMPTION_DESIGN_SPACE,ASSUMPTION_DESIGN_SPACE,ASSUMPTION_DESIGN_SPACE_NOT_ACTUAL_CALENDAR,ASSUMPTION_SENSITIVITY,ASSUMPTION_DESIGN_SPACE,MODEL_OUTPUT_CONTINUOUS_CLOCKFACE_PRODUCTION_APPROXIMATION,MODEL_OUTPUT_LOWER_BOUND_NOT_VEHICLE_BLOCK_PLAN,false,false
167,SP2_0ee2315c60bb7c,20,CORE_0600_2200,360,1320,960,IDEALISED_6_DAY_52_WEEK,312,15,0.50,ASSUMPTION_DESIGN_SPACE,ASSUMPTION_DESIGN_SPACE,ASSUMPTION_DESIGN_SPACE_NOT_ACTUAL_CALENDAR,ASSUMPTION_SENSITIVITY,ASSUMPTION_DESIGN_SPACE,MODEL_OUTPUT_CONTINUOUS_CLOCKFACE_PRODUCTION_APPROXIMATION,MODEL_OUTPUT_LOWER_BOUND_NOT_VEHICLE_BLOCK_PLAN,false,false
168,SP2_78cbaee91ea2e9,20,CORE_0600_2200,360,1320,960,IDEALISED_DAILY_YEAR,365,5,0.50,ASSUMPTION_DESIGN_SPACE,ASSUMPTION_DESIGN_SPACE,ASSUMPTION_DESIGN_SPACE_NOT_ACTUAL_CALENDAR,ASSUMPTION_SENSITIVITY,ASSUMPTION_DESIGN_SPACE,MODEL_OUTPUT_CONTINUOUS_CLOCKFACE_PRODUCTION_APPROXIMATION,MODEL_OUTPUT_LOWER_BOUND_NOT_VEHICLE_BLOCK_PLAN,false,false
169,SP2_4b6ca02917c0b6,20,CORE_0600_2200,360,1320,960,IDEALISED_DAILY_YEAR,365,10,0.50,ASSUMPTION_DESIGN_SPACE,ASSUMPTION_DESIGN_SPACE,ASSUMPTION_DESIGN_SPACE_NOT_ACTUAL_CALENDAR,ASSUMPTION_SENSITIVITY,ASSUMPTION_DESIGN_SPACE,MODEL_OUTPUT_CONTINUOUS_CLOCKFACE_PRODUCTION_APPROXIMATION,MODEL_OUTPUT_LOWER_BOUND_NOT_VEHICLE_BLOCK_PLAN,false,false
170,SP2_7853afac2c343b,20,CORE_0600_2200,360,1320,960,IDEALISED_DAILY_YEAR,365,15,0.50,ASSUMPTION_DESIGN_SPACE,ASSUMPTION_DESIGN_SPACE,ASSUMPTION_DESIGN_SPACE_NOT_ACTUAL_CALENDAR,ASSUMPTION_SENSITIVITY,ASSUMPTION_DESIGN_SPACE,MODEL_OUTPUT_CONTINUOUS_CLOCKFACE_PRODUCTION_APPROXIMATION,MODEL_OUTPUT_LOWER_BOUND_NOT_VEHICLE_BLOCK_PLAN,false,false
171,SP2_b28f6ea7be8856,20,S8_EXTENDED_0530_2400,330,1440,1110,IDEALISED_5_DAY_52_WEEK,260,5,0.50,ASSUMPTION_DESIGN_SPACE,ASSUMPTION_DESIGN_SPACE,ASSUMPTION_DESIGN_SPACE_NOT_ACTUAL_CALENDAR,ASSUMPTION_SENSITIVITY,ASSUMPTION_DESIGN_SPACE,MODEL_OUTPUT_CONTINUOUS_CLOCKFACE_PRODUCTION_APPROXIMATION,MODEL_OUTPUT_LOWER_BOUND_NOT_VEHICLE_BLOCK_PLAN,false,false
172,SP2_eb8ee6d2cd9d78,20,S8_EXTENDED_0530_2400,330,1440,1110,IDEALISED_5_DAY_52_WEEK,260,10,0.50,ASSUMPTION_DESIGN_SPACE,ASSUMPTION_DESIGN_SPACE,ASSUMPTION_DESIGN_SPACE_NOT_ACTUAL_CALENDAR,ASSUMPTION_SENSITIVITY,ASSUMPTION_DESIGN_SPACE,MODEL_OUTPUT_CONTINUOUS_CLOCKFACE_PRODUCTION_APPROXIMATION,MODEL_OUTPUT_LOWER_BOUND_NOT_VEHICLE_BLOCK_PLAN,false,false
173,SP2_e7b9e52ab3ee91,20,S8_EXTENDED_0530_2400,330,1440,1110,IDEALISED_5_DAY_52_WEEK,260,15,0.50,ASSUMPTION_DESIGN_SPACE,ASSUMPTION_DESIGN_SPACE,ASSUMPTION_DESIGN_SPACE_NOT_ACTUAL_CALENDAR,ASSUMPTION_SENSITIVITY,ASSUMPTION_DESIGN_SPACE,MODEL_OUTPUT_CONTINUOUS_CLOCKFACE_PRODUCTION_APPROXIMATION,MODEL_OUTPUT_LOWER_BOUND_NOT_VEHICLE_BLOCK_PLAN,false,false
174,SP2_13ea12add736d4,20,S8_EXTENDED_0530_2400,330,1440,1110,IDEALISED_6_DAY_52_WEEK,312,5,0.50,ASSUMPTION_DESIGN_SPACE,ASSUMPTION_DESIGN_SPACE,ASSUMPTION_DESIGN_SPACE_NOT_ACTUAL_CALENDAR,ASSUMPTION_SENSITIVITY,ASSUMPTION_DESIGN_SPACE,MODEL_OUTPUT_CONTINUOUS_CLOCKFACE_PRODUCTION_APPROXIMATION,MODEL_OUTPUT_LOWER_BOUND_NOT_VEHICLE_BLOCK_PLAN,false,false
175,SP2_89d290f93004ad,20,S8_EXTENDED_0530_2400,330,1440,1110,IDEALISED_6_DAY_52_WEEK,312,10,0.50,ASSUMPTION_DESIGN_SPACE,ASSUMPTION_DESIGN_SPACE,ASSUMPTION_DESIGN_SPACE_NOT_ACTUAL_CALENDAR,ASSUMPTION_SENSITIVITY,ASSUMPTION_DESIGN_SPACE,MODEL_OUTPUT_CONTINUOUS_CLOCKFACE_PRODUCTION_APPROXIMATION,MODEL_OUTPUT_LOWER_BOUND_NOT_VEHICLE_BLOCK_PLAN,false,false
176,SP2_086701634bb9eb,20,S8_EXTENDED_0530_2400,330,1440,1110,IDEALISED_6_DAY_52_WEEK,312,15,0.50,ASSUMPTION_DESIGN_SPACE,ASSUMPTION_DESIGN_SPACE,ASSUMPTION_DESIGN_SPACE_NOT_ACTUAL_CALENDAR,ASSUMPTION_SENSITIVITY,ASSUMPTION_DESIGN_SPACE,MODEL_OUTPUT_CONTINUOUS_CLOCKFACE_PRODUCTION_APPROXIMATION,MODEL_OUTPUT_LOWER_BOUND_NOT_VEHICLE_BLOCK_PLAN,false,false
177,SP2_4ba3853283e01c,20,S8_EXTENDED_0530_2400,330,1440,1110,IDEALISED_DAILY_YEAR,365,5,0.50,ASSUMPTION_DESIGN_SPACE,ASSUMPTION_DESIGN_SPACE,ASSUMPTION_DESIGN_SPACE_NOT_ACTUAL_CALENDAR,ASSUMPTION_SENSITIVITY,ASSUMPTION_DESIGN_SPACE,MODEL_OUTPUT_CONTINUOUS_CLOCKFACE_PRODUCTION_APPROXIMATION,MODEL_OUTPUT_LOWER_BOUND_NOT_VEHICLE_BLOCK_PLAN,false,false
178,SP2_a5cf43d5ff6982,20,S8_EXTENDED_0530_2400,330,1440,1110,IDEALISED_DAILY_YEAR,365,10,0.50,ASSUMPTION_DESIGN_SPACE,ASSUMPTION_DESIGN_SPACE,ASSUMPTION_DESIGN_SPACE_NOT_ACTUAL_CALENDAR,ASSUMPTION_SENSITIVITY,ASSUMPTION_DESIGN_SPACE,MODEL_OUTPUT_CONTINUOUS_CLOCKFACE_PRODUCTION_APPROXIMATION,MODEL_OUTPUT_LOWER_BOUND_NOT_VEHICLE_BLOCK_PLAN,false,false
179,SP2_9c9ff6a40327e7,20,S8_EXTENDED_0530_2400,330,1440,1110,IDEALISED_DAILY_YEAR,365,15,0.50,ASSUMPTION_DESIGN_SPACE,ASSUMPTION_DESIGN_SPACE,ASSUMPTION_DESIGN_SPACE_NOT_ACTUAL_CALENDAR,ASSUMPTION_SENSITIVITY,ASSUMPTION_DESIGN_SPACE,MODEL_OUTPUT_CONTINUOUS_CLOCKFACE_PRODUCTION_APPROXIMATION,MODEL_OUTPUT_LOWER_BOUND_NOT_VEHICLE_BLOCK_PLAN,false,false
180,SP2_bd66a502ba02d3,30,CORE_0600_2200,360,1320,960,IDEALISED_5_DAY_52_WEEK,260,5,0.50,ASSUMPTION_DESIGN_SPACE,ASSUMPTION_DESIGN_SPACE,ASSUMPTION_DESIGN_SPACE_NOT_ACTUAL_CALENDAR,ASSUMPTION_SENSITIVITY,ASSUMPTION_DESIGN_SPACE,MODEL_OUTPUT_CONTINUOUS_CLOCKFACE_PRODUCTION_APPROXIMATION,MODEL_OUTPUT_LOWER_BOUND_NOT_VEHICLE_BLOCK_PLAN,false,false
181,SP2_25a60d72187ea7,30,CORE_0600_2200,360,1320,960,IDEALISED_5_DAY_52_WEEK,260,10,0.50,ASSUMPTION_DESIGN_SPACE,ASSUMPTION_DESIGN_SPACE,ASSUMPTION_DESIGN_SPACE_NOT_ACTUAL_CALENDAR,ASSUMPTION_SENSITIVITY,ASSUMPTION_DESIGN_SPACE,MODEL_OUTPUT_CONTINUOUS_CLOCKFACE_PRODUCTION_APPROXIMATION,MODEL_OUTPUT_LOWER_BOUND_NOT_VEHICLE_BLOCK_PLAN,false,false
182,SP2_2945b9074fdbf4,30,CORE_0600_2200,360,1320,960,IDEALISED_5_DAY_52_WEEK,260,15,0.50,ASSUMPTION_DESIGN_SPACE,ASSUMPTION_DESIGN_SPACE,ASSUMPTION_DESIGN_SPACE_NOT_ACTUAL_CALENDAR,ASSUMPTION_SENSITIVITY,ASSUMPTION_DESIGN_SPACE,MODEL_OUTPUT_CONTINUOUS_CLOCKFACE_PRODUCTION_APPROXIMATION,MODEL_OUTPUT_LOWER_BOUND_NOT_VEHICLE_BLOCK_PLAN,false,false
183,SP2_c27ff130f9a190,30,CORE_0600_2200,360,1320,960,IDEALISED_6_DAY_52_WEEK,312,5,0.50,ASSUMPTION_DESIGN_SPACE,ASSUMPTION_DESIGN_SPACE,ASSUMPTION_DESIGN_SPACE_NOT_ACTUAL_CALENDAR,ASSUMPTION_SENSITIVITY,ASSUMPTION_DESIGN_SPACE,MODEL_OUTPUT_CONTINUOUS_CLOCKFACE_PRODUCTION_APPROXIMATION,MODEL_OUTPUT_LOWER_BOUND_NOT_VEHICLE_BLOCK_PLAN,false,false
184,SP2_37ddea601555d5,30,CORE_0600_2200,360,1320,960,IDEALISED_6_DAY_52_WEEK,312,10,0.50,ASSUMPTION_DESIGN_SPACE,ASSUMPTION_DESIGN_SPACE,ASSUMPTION_DESIGN_SPACE_NOT_ACTUAL_CALENDAR,ASSUMPTION_SENSITIVITY,ASSUMPTION_DESIGN_SPACE,MODEL_OUTPUT_CONTINUOUS_CLOCKFACE_PRODUCTION_APPROXIMATION,MODEL_OUTPUT_LOWER_BOUND_NOT_VEHICLE_BLOCK_PLAN,false,false
185,SP2_29558f5fa34aea,30,CORE_0600_2200,360,1320,960,IDEALISED_6_DAY_52_WEEK,312,15,0.50,ASSUMPTION_DESIGN_SPACE,ASSUMPTION_DESIGN_SPACE,ASSUMPTION_DESIGN_SPACE_NOT_ACTUAL_CALENDAR,ASSUMPTION_SENSITIVITY,ASSUMPTION_DESIGN_SPACE,MODEL_OUTPUT_CONTINUOUS_CLOCKFACE_PRODUCTION_APPROXIMATION,MODEL_OUTPUT_LOWER_BOUND_NOT_VEHICLE_BLOCK_PLAN,false,false
186,SP2_3e2237f57b5b8d,30,CORE_0600_2200,360,1320,960,IDEALISED_DAILY_YEAR,365,5,0.50,ASSUMPTION_DESIGN_SPACE,ASSUMPTION_DESIGN_SPACE,ASSUMPTION_DESIGN_SPACE_NOT_ACTUAL_CALENDAR,ASSUMPTION_SENSITIVITY,ASSUMPTION_DESIGN_SPACE,MODEL_OUTPUT_CONTINUOUS_CLOCKFACE_PRODUCTION_APPROXIMATION,MODEL_OUTPUT_LOWER_BOUND_NOT_VEHICLE_BLOCK_PLAN,false,false
187,SP2_c5cbaa736c0c9a,30,CORE_0600_2200,360,1320,960,IDEALISED_DAILY_YEAR,365,10,0.50,ASSUMPTION_DESIGN_SPACE,ASSUMPTION_DESIGN_SPACE,ASSUMPTION_DESIGN_SPACE_NOT_ACTUAL_CALENDAR,ASSUMPTION_SENSITIVITY,ASSUMPTION_DESIGN_SPACE,MODEL_OUTPUT_CONTINUOUS_CLOCKFACE_PRODUCTION_APPROXIMATION,MODEL_OUTPUT_LOWER_BOUND_NOT_VEHICLE_BLOCK_PLAN,false,false
188,SP2_6cb7454a819c4e,30,CORE_0600_2200,360,1320,960,IDEALISED_DAILY_YEAR,365,15,0.50,ASSUMPTION_DESIGN_SPACE,ASSUMPTION_DESIGN_SPACE,ASSUMPTION_DESIGN_SPACE_NOT_ACTUAL_CALENDAR,ASSUMPTION_SENSITIVITY,ASSUMPTION_DESIGN_SPACE,MODEL_OUTPUT_CONTINUOUS_CLOCKFACE_PRODUCTION_APPROXIMATION,MODEL_OUTPUT_LOWER_BOUND_NOT_VEHICLE_BLOCK_PLAN,false,false
189,SP2_ece5bb901d112f,30,S8_EXTENDED_0530_2400,330,1440,1110,IDEALISED_5_DAY_52_WEEK,260,5,0.50,ASSUMPTION_DESIGN_SPACE,ASSUMPTION_DESIGN_SPACE,ASSUMPTION_DESIGN_SPACE_NOT_ACTUAL_CALENDAR,ASSUMPTION_SENSITIVITY,ASSUMPTION_DESIGN_SPACE,MODEL_OUTPUT_CONTINUOUS_CLOCKFACE_PRODUCTION_APPROXIMATION,MODEL_OUTPUT_LOWER_BOUND_NOT_VEHICLE_BLOCK_PLAN,false,false
190,SP2_34c33f83a54700,30,S8_EXTENDED_0530_2400,330,1440,1110,IDEALISED_5_DAY_52_WEEK,260,10,0.50,ASSUMPTION_DESIGN_SPACE,ASSUMPTION_DESIGN_SPACE,ASSUMPTION_DESIGN_SPACE_NOT_ACTUAL_CALENDAR,ASSUMPTION_SENSITIVITY,ASSUMPTION_DESIGN_SPACE,MODEL_OUTPUT_CONTINUOUS_CLOCKFACE_PRODUCTION_APPROXIMATION,MODEL_OUTPUT_LOWER_BOUND_NOT_VEHICLE_BLOCK_PLAN,false,false
191,SP2_98d3bcfc1fbee6,30,S8_EXTENDED_0530_2400,330,1440,1110,IDEALISED_5_DAY_52_WEEK,260,15,0.50,ASSUMPTION_DESIGN_SPACE,ASSUMPTION_DESIGN_SPACE,ASSUMPTION_DESIGN_SPACE_NOT_ACTUAL_CALENDAR,ASSUMPTION_SENSITIVITY,ASSUMPTION_DESIGN_SPACE,MODEL_OUTPUT_CONTINUOUS_CLOCKFACE_PRODUCTION_APPROXIMATION,MODEL_OUTPUT_LOWER_BOUND_NOT_VEHICLE_BLOCK_PLAN,false,false
192,SP2_b47463ef7b402e,30,S8_EXTENDED_0530_2400,330,1440,1110,IDEALISED_6_DAY_52_WEEK,312,5,0.50,ASSUMPTION_DESIGN_SPACE,ASSUMPTION_DESIGN_SPACE,ASSUMPTION_DESIGN_SPACE_NOT_ACTUAL_CALENDAR,ASSUMPTION_SENSITIVITY,ASSUMPTION_DESIGN_SPACE,MODEL_OUTPUT_CONTINUOUS_CLOCKFACE_PRODUCTION_APPROXIMATION,MODEL_OUTPUT_LOWER_BOUND_NOT_VEHICLE_BLOCK_PLAN,false,false
193,SP2_8e4f882e5c40d5,30,S8_EXTENDED_0530_2400,330,1440,1110,IDEALISED_6_DAY_52_WEEK,312,10,0.50,ASSUMPTION_DESIGN_SPACE,ASSUMPTION_DESIGN_SPACE,ASSUMPTION_DESIGN_SPACE_NOT_ACTUAL_CALENDAR,ASSUMPTION_SENSITIVITY,ASSUMPTION_DESIGN_SPACE,MODEL_OUTPUT_CONTINUOUS_CLOCKFACE_PRODUCTION_APPROXIMATION,MODEL_OUTPUT_LOWER_BOUND_NOT_VEHICLE_BLOCK_PLAN,false,false
194,SP2_0867352e84fac8,30,S8_EXTENDED_0530_2400,330,1440,1110,IDEALISED_6_DAY_52_WEEK,312,15,0.50,ASSUMPTION_DESIGN_SPACE,ASSUMPTION_DESIGN_SPACE,ASSUMPTION_DESIGN_SPACE_NOT_ACTUAL_CALENDAR,ASSUMPTION_SENSITIVITY,ASSUMPTION_DESIGN_SPACE,MODEL_OUTPUT_CONTINUOUS_CLOCKFACE_PRODUCTION_APPROXIMATION,MODEL_OUTPUT_LOWER_BOUND_NOT_VEHICLE_BLOCK_PLAN,false,false
195,SP2_581ebe7b025f0c,30,S8_EXTENDED_0530_2400,330,1440,1110,IDEALISED_DAILY_YEAR,365,5,0.50,ASSUMPTION_DESIGN_SPACE,ASSUMPTION_DESIGN_SPACE,ASSUMPTION_DESIGN_SPACE_NOT_ACTUAL_CALENDAR,ASSUMPTION_SENSITIVITY,ASSUMPTION_DESIGN_SPACE,MODEL_OUTPUT_CONTINUOUS_CLOCKFACE_PRODUCTION_APPROXIMATION,MODEL_OUTPUT_LOWER_BOUND_NOT_VEHICLE_BLOCK_PLAN,false,false
196,SP2_8fec846ea752d0,30,S8_EXTENDED_0530_2400,330,1440,1110,IDEALISED_DAILY_YEAR,365,10,0.50,ASSUMPTION_DESIGN_SPACE,ASSUMPTION_DESIGN_SPACE,ASSUMPTION_DESIGN_SPACE_NOT_ACTUAL_CALENDAR,ASSUMPTION_SENSITIVITY,ASSUMPTION_DESIGN_SPACE,MODEL_OUTPUT_CONTINUOUS_CLOCKFACE_PRODUCTION_APPROXIMATION,MODEL_OUTPUT_LOWER_BOUND_NOT_VEHICLE_BLOCK_PLAN,false,false
197,SP2_6615172935166d,30,S8_EXTENDED_0530_2400,330,1440,1110,IDEALISED_DAILY_YEAR,365,15,0.50,ASSUMPTION_DESIGN_SPACE,ASSUMPTION_DESIGN_SPACE,ASSUMPTION_DESIGN_SPACE_NOT_ACTUAL_CALENDAR,ASSUMPTION_SENSITIVITY,ASSUMPTION_DESIGN_SPACE,MODEL_OUTPUT_CONTINUOUS_CLOCKFACE_PRODUCTION_APPROXIMATION,MODEL_OUTPUT_LOWER_BOUND_NOT_VEHICLE_BLOCK_PLAN,false,false
198,SP2_24ca53dac0eab4,60,CORE_0600_2200,360,1320,960,IDEALISED_5_DAY_52_WEEK,260,5,0.50,ASSUMPTION_DESIGN_SPACE,ASSUMPTION_DESIGN_SPACE,ASSUMPTION_DESIGN_SPACE_NOT_ACTUAL_CALENDAR,ASSUMPTION_SENSITIVITY,ASSUMPTION_DESIGN_SPACE,MODEL_OUTPUT_CONTINUOUS_CLOCKFACE_PRODUCTION_APPROXIMATION,MODEL_OUTPUT_LOWER_BOUND_NOT_VEHICLE_BLOCK_PLAN,false,false
199,SP2_08901bdd0f93ba,60,CORE_0600_2200,360,1320,960,IDEALISED_5_DAY_52_WEEK,260,10,0.50,ASSUMPTION_DESIGN_SPACE,ASSUMPTION_DESIGN_SPACE,ASSUMPTION_DESIGN_SPACE_NOT_ACTUAL_CALENDAR,ASSUMPTION_SENSITIVITY,ASSUMPTION_DESIGN_SPACE,MODEL_OUTPUT_CONTINUOUS_CLOCKFACE_PRODUCTION_APPROXIMATION,MODEL_OUTPUT_LOWER_BOUND_NOT_VEHICLE_BLOCK_PLAN,false,false
200,SP2_ab857cdc98c4cb,60,CORE_0600_2200,360,1320,960,IDEALISED_5_DAY_52_WEEK,260,15,0.50,ASSUMPTION_DESIGN_SPACE,ASSUMPTION_DESIGN_SPACE,ASSUMPTION_DESIGN_SPACE_NOT_ACTUAL_CALENDAR,ASSUMPTION_SENSITIVITY,ASSUMPTION_DESIGN_SPACE,MODEL_OUTPUT_CONTINUOUS_CLOCKFACE_PRODUCTION_APPROXIMATION,MODEL_OUTPUT_LOWER_BOUND_NOT_VEHICLE_BLOCK_PLAN,false,false
201,SP2_407de556a8be57,60,CORE_0600_2200,360,1320,960,IDEALISED_6_DAY_52_WEEK,312,5,0.50,ASSUMPTION_DESIGN_SPACE,ASSUMPTION_DESIGN_SPACE,ASSUMPTION_DESIGN_SPACE_NOT_ACTUAL_CALENDAR,ASSUMPTION_SENSITIVITY,ASSUMPTION_DESIGN_SPACE,MODEL_OUTPUT_CONTINUOUS_CLOCKFACE_PRODUCTION_APPROXIMATION,MODEL_OUTPUT_LOWER_BOUND_NOT_VEHICLE_BLOCK_PLAN,false,false
202,SP2_4dd10315ff2d33,60,CORE_0600_2200,360,1320,960,IDEALISED_6_DAY_52_WEEK,312,10,0.50,ASSUMPTION_DESIGN_SPACE,ASSUMPTION_DESIGN_SPACE,ASSUMPTION_DESIGN_SPACE_NOT_ACTUAL_CALENDAR,ASSUMPTION_SENSITIVITY,ASSUMPTION_DESIGN_SPACE,MODEL_OUTPUT_CONTINUOUS_CLOCKFACE_PRODUCTION_APPROXIMATION,MODEL_OUTPUT_LOWER_BOUND_NOT_VEHICLE_BLOCK_PLAN,false,false
203,SP2_a47860de6da52c,60,CORE_0600_2200,360,1320,960,IDEALISED_6_DAY_52_WEEK,312,15,0.50,ASSUMPTION_DESIGN_SPACE,ASSUMPTION_DESIGN_SPACE,ASSUMPTION_DESIGN_SPACE_NOT_ACTUAL_CALENDAR,ASSUMPTION_SENSITIVITY,ASSUMPTION_DESIGN_SPACE,MODEL_OUTPUT_CONTINUOUS_CLOCKFACE_PRODUCTION_APPROXIMATION,MODEL_OUTPUT_LOWER_BOUND_NOT_VEHICLE_BLOCK_PLAN,false,false
204,SP2_d5395e8c5bd9be,60,CORE_0600_2200,360,1320,960,IDEALISED_DAILY_YEAR,365,5,0.50,ASSUMPTION_DESIGN_SPACE,ASSUMPTION_DESIGN_SPACE,ASSUMPTION_DESIGN_SPACE_NOT_ACTUAL_CALENDAR,ASSUMPTION_SENSITIVITY,ASSUMPTION_DESIGN_SPACE,MODEL_OUTPUT_CONTINUOUS_CLOCKFACE_PRODUCTION_APPROXIMATION,MODEL_OUTPUT_LOWER_BOUND_NOT_VEHICLE_BLOCK_PLAN,false,false
205,SP2_fa541e7f922933,60,CORE_0600_2200,360,1320,960,IDEALISED_DAILY_YEAR,365,10,0.50,ASSUMPTION_DESIGN_SPACE,ASSUMPTION_DESIGN_SPACE,ASSUMPTION_DESIGN_SPACE_NOT_ACTUAL_CALENDAR,ASSUMPTION_SENSITIVITY,ASSUMPTION_DESIGN_SPACE,MODEL_OUTPUT_CONTINUOUS_CLOCKFACE_PRODUCTION_APPROXIMATION,MODEL_OUTPUT_LOWER_BOUND_NOT_VEHICLE_BLOCK_PLAN,false,false
206,SP2_2bda0e9022572b,60,CORE_0600_2200,360,1320,960,IDEALISED_DAILY_YEAR,365,15,0.50,ASSUMPTION_DESIGN_SPACE,ASSUMPTION_DESIGN_SPACE,ASSUMPTION_DESIGN_SPACE_NOT_ACTUAL_CALENDAR,ASSUMPTION_SENSITIVITY,ASSUMPTION_DESIGN_SPACE,MODEL_OUTPUT_CONTINUOUS_CLOCKFACE_PRODUCTION_APPROXIMATION,MODEL_OUTPUT_LOWER_BOUND_NOT_VEHICLE_BLOCK_PLAN,false,false
207,SP2_dbdc2ae54a7d88,60,S8_EXTENDED_0530_2400,330,1440,1110,IDEALISED_5_DAY_52_WEEK,260,5,0.50,ASSUMPTION_DESIGN_SPACE,ASSUMPTION_DESIGN_SPACE,ASSUMPTION_DESIGN_SPACE_NOT_ACTUAL_CALENDAR,ASSUMPTION_SENSITIVITY,ASSUMPTION_DESIGN_SPACE,MODEL_OUTPUT_CONTINUOUS_CLOCKFACE_PRODUCTION_APPROXIMATION,MODEL_OUTPUT_LOWER_BOUND_NOT_VEHICLE_BLOCK_PLAN,false,false
208,SP2_c1b886f3bc8e7c,60,S8_EXTENDED_0530_2400,330,1440,1110,IDEALISED_5_DAY_52_WEEK,260,10,0.50,ASSUMPTION_DESIGN_SPACE,ASSUMPTION_DESIGN_SPACE,ASSUMPTION_DESIGN_SPACE_NOT_ACTUAL_CALENDAR,ASSUMPTION_SENSITIVITY,ASSUMPTION_DESIGN_SPACE,MODEL_OUTPUT_CONTINUOUS_CLOCKFACE_PRODUCTION_APPROXIMATION,MODEL_OUTPUT_LOWER_BOUND_NOT_VEHICLE_BLOCK_PLAN,false,false
209,SP2_b1d532d84cbcf2,60,S8_EXTENDED_0530_2400,330,1440,1110,IDEALISED_5_DAY_52_WEEK,260,15,0.50,ASSUMPTION_DESIGN_SPACE,ASSUMPTION_DESIGN_SPACE,ASSUMPTION_DESIGN_SPACE_NOT_ACTUAL_CALENDAR,ASSUMPTION_SENSITIVITY,ASSUMPTION_DESIGN_SPACE,MODEL_OUTPUT_CONTINUOUS_CLOCKFACE_PRODUCTION_APPROXIMATION,MODEL_OUTPUT_LOWER_BOUND_NOT_VEHICLE_BLOCK_PLAN,false,false
210,SP2_9e7a1de383e362,60,S8_EXTENDED_0530_2400,330,1440,1110,IDEALISED_6_DAY_52_WEEK,312,5,0.50,ASSUMPTION_DESIGN_SPACE,ASSUMPTION_DESIGN_SPACE,ASSUMPTION_DESIGN_SPACE_NOT_ACTUAL_CALENDAR,ASSUMPTION_SENSITIVITY,ASSUMPTION_DESIGN_SPACE,MODEL_OUTPUT_CONTINUOUS_CLOCKFACE_PRODUCTION_APPROXIMATION,MODEL_OUTPUT_LOWER_BOUND_NOT_VEHICLE_BLOCK_PLAN,false,false
211,SP2_3e84c4ff7f38b2,60,S8_EXTENDED_0530_2400,330,1440,1110,IDEALISED_6_DAY_52_WEEK,312,10,0.50,ASSUMPTION_DESIGN_SPACE,ASSUMPTION_DESIGN_SPACE,ASSUMPTION_DESIGN_SPACE_NOT_ACTUAL_CALENDAR,ASSUMPTION_SENSITIVITY,ASSUMPTION_DESIGN_SPACE,MODEL_OUTPUT_CONTINUOUS_CLOCKFACE_PRODUCTION_APPROXIMATION,MODEL_OUTPUT_LOWER_BOUND_NOT_VEHICLE_BLOCK_PLAN,false,false
212,SP2_109653bc1fe820,60,S8_EXTENDED_0530_2400,330,1440,1110,IDEALISED_6_DAY_52_WEEK,312,15,0.50,ASSUMPTION_DESIGN_SPACE,ASSUMPTION_DESIGN_SPACE,ASSUMPTION_DESIGN_SPACE_NOT_ACTUAL_CALENDAR,ASSUMPTION_SENSITIVITY,ASSUMPTION_DESIGN_SPACE,MODEL_OUTPUT_CONTINUOUS_CLOCKFACE_PRODUCTION_APPROXIMATION,MODEL_OUTPUT_LOWER_BOUND_NOT_VEHICLE_BLOCK_PLAN,false,false
213,SP2_1b92a7cf2abc8a,60,S8_EXTENDED_0530_2400,330,1440,1110,IDEALISED_DAILY_YEAR,365,5,0.50,ASSUMPTION_DESIGN_SPACE,ASSUMPTION_DESIGN_SPACE,ASSUMPTION_DESIGN_SPACE_NOT_ACTUAL_CALENDAR,ASSUMPTION_SENSITIVITY,ASSUMPTION_DESIGN_SPACE,MODEL_OUTPUT_CONTINUOUS_CLOCKFACE_PRODUCTION_APPROXIMATION,MODEL_OUTPUT_LOWER_BOUND_NOT_VEHICLE_BLOCK_PLAN,false,false
214,SP2_f5859a6796ccd7,60,S8_EXTENDED_0530_2400,330,1440,1110,IDEALISED_DAILY_YEAR,365,10,0.50,ASSUMPTION_DESIGN_SPACE,ASSUMPTION_DESIGN_SPACE,ASSUMPTION_DESIGN_SPACE_NOT_ACTUAL_CALENDAR,ASSUMPTION_SENSITIVITY,ASSUMPTION_DESIGN_SPACE,MODEL_OUTPUT_CONTINUOUS_CLOCKFACE_PRODUCTION_APPROXIMATION,MODEL_OUTPUT_LOWER_BOUND_NOT_VEHICLE_BLOCK_PLAN,false,false
215,SP2_8c8ea6e1657ac9,60,S8_EXTENDED_0530_2400,330,1440,1110,IDEALISED_DAILY_YEAR,365,15,0.50,ASSUMPTION_DESIGN_SPACE,ASSUMPTION_DESIGN_SPACE,ASSUMPTION_DESIGN_SPACE_NOT_ACTUAL_CALENDAR,ASSUMPTION_SENSITIVITY,ASSUMPTION_DESIGN_SPACE,MODEL_OUTPUT_CONTINUOUS_CLOCKFACE_PRODUCTION_APPROXIMATION,MODEL_OUTPUT_LOWER_BOUND_NOT_VEHICLE_BLOCK_PLAN,false,false
216,SP2_33321df5df49ad,15,CORE_0600_2200,360,1320,960,IDEALISED_5_DAY_52_WEEK,260,5,1.00,ASSUMPTION_DESIGN_SPACE,ASSUMPTION_DESIGN_SPACE,ASSUMPTION_DESIGN_SPACE_NOT_ACTUAL_CALENDAR,ASSUMPTION_SENSITIVITY,ASSUMPTION_DESIGN_SPACE,MODEL_OUTPUT_CONTINUOUS_CLOCKFACE_PRODUCTION_APPROXIMATION,MODEL_OUTPUT_LOWER_BOUND_NOT_VEHICLE_BLOCK_PLAN,false,false
217,SP2_22e0aa4aae6895,15,CORE_0600_2200,360,1320,960,IDEALISED_5_DAY_52_WEEK,260,10,1.00,ASSUMPTION_DESIGN_SPACE,ASSUMPTION_DESIGN_SPACE,ASSUMPTION_DESIGN_SPACE_NOT_ACTUAL_CALENDAR,ASSUMPTION_SENSITIVITY,ASSUMPTION_DESIGN_SPACE,MODEL_OUTPUT_CONTINUOUS_CLOCKFACE_PRODUCTION_APPROXIMATION,MODEL_OUTPUT_LOWER_BOUND_NOT_VEHICLE_BLOCK_PLAN,false,false
218,SP2_cff89209c0472c,15,CORE_0600_2200,360,1320,960,IDEALISED_5_DAY_52_WEEK,260,15,1.00,ASSUMPTION_DESIGN_SPACE,ASSUMPTION_DESIGN_SPACE,ASSUMPTION_DESIGN_SPACE_NOT_ACTUAL_CALENDAR,ASSUMPTION_SENSITIVITY,ASSUMPTION_DESIGN_SPACE,MODEL_OUTPUT_CONTINUOUS_CLOCKFACE_PRODUCTION_APPROXIMATION,MODEL_OUTPUT_LOWER_BOUND_NOT_VEHICLE_BLOCK_PLAN,false,false
219,SP2_caa622ad2e79df,15,CORE_0600_2200,360,1320,960,IDEALISED_6_DAY_52_WEEK,312,5,1.00,ASSUMPTION_DESIGN_SPACE,ASSUMPTION_DESIGN_SPACE,ASSUMPTION_DESIGN_SPACE_NOT_ACTUAL_CALENDAR,ASSUMPTION_SENSITIVITY,ASSUMPTION_DESIGN_SPACE,MODEL_OUTPUT_CONTINUOUS_CLOCKFACE_PRODUCTION_APPROXIMATION,MODEL_OUTPUT_LOWER_BOUND_NOT_VEHICLE_BLOCK_PLAN,false,false
220,SP2_4aba41d7c21ca7,15,CORE_0600_2200,360,1320,960,IDEALISED_6_DAY_52_WEEK,312,10,1.00,ASSUMPTION_DESIGN_SPACE,ASSUMPTION_DESIGN_SPACE,ASSUMPTION_DESIGN_SPACE_NOT_ACTUAL_CALENDAR,ASSUMPTION_SENSITIVITY,ASSUMPTION_DESIGN_SPACE,MODEL_OUTPUT_CONTINUOUS_CLOCKFACE_PRODUCTION_APPROXIMATION,MODEL_OUTPUT_LOWER_BOUND_NOT_VEHICLE_BLOCK_PLAN,false,false
221,SP2_70bb1a5bd46b7d,15,CORE_0600_2200,360,1320,960,IDEALISED_6_DAY_52_WEEK,312,15,1.00,ASSUMPTION_DESIGN_SPACE,ASSUMPTION_DESIGN_SPACE,ASSUMPTION_DESIGN_SPACE_NOT_ACTUAL_CALENDAR,ASSUMPTION_SENSITIVITY,ASSUMPTION_DESIGN_SPACE,MODEL_OUTPUT_CONTINUOUS_CLOCKFACE_PRODUCTION_APPROXIMATION,MODEL_OUTPUT_LOWER_BOUND_NOT_VEHICLE_BLOCK_PLAN,false,false
222,SP2_8f8a81b3bc8947,15,CORE_0600_2200,360,1320,960,IDEALISED_DAILY_YEAR,365,5,1.00,ASSUMPTION_DESIGN_SPACE,ASSUMPTION_DESIGN_SPACE,ASSUMPTION_DESIGN_SPACE_NOT_ACTUAL_CALENDAR,ASSUMPTION_SENSITIVITY,ASSUMPTION_DESIGN_SPACE,MODEL_OUTPUT_CONTINUOUS_CLOCKFACE_PRODUCTION_APPROXIMATION,MODEL_OUTPUT_LOWER_BOUND_NOT_VEHICLE_BLOCK_PLAN,false,false
223,SP2_76d29e61bd4dd9,15,CORE_0600_2200,360,1320,960,IDEALISED_DAILY_YEAR,365,10,1.00,ASSUMPTION_DESIGN_SPACE,ASSUMPTION_DESIGN_SPACE,ASSUMPTION_DESIGN_SPACE_NOT_ACTUAL_CALENDAR,ASSUMPTION_SENSITIVITY,ASSUMPTION_DESIGN_SPACE,MODEL_OUTPUT_CONTINUOUS_CLOCKFACE_PRODUCTION_APPROXIMATION,MODEL_OUTPUT_LOWER_BOUND_NOT_VEHICLE_BLOCK_PLAN,false,false
224,SP2_fb57df2ecb4723,15,CORE_0600_2200,360,1320,960,IDEALISED_DAILY_YEAR,365,15,1.00,ASSUMPTION_DESIGN_SPACE,ASSUMPTION_DESIGN_SPACE,ASSUMPTION_DESIGN_SPACE_NOT_ACTUAL_CALENDAR,ASSUMPTION_SENSITIVITY,ASSUMPTION_DESIGN_SPACE,MODEL_OUTPUT_CONTINUOUS_CLOCKFACE_PRODUCTION_APPROXIMATION,MODEL_OUTPUT_LOWER_BOUND_NOT_VEHICLE_BLOCK_PLAN,false,false
225,SP2_c6deacc2c3bc7a,15,S8_EXTENDED_0530_2400,330,1440,1110,IDEALISED_5_DAY_52_WEEK,260,5,1.00,ASSUMPTION_DESIGN_SPACE,ASSUMPTION_DESIGN_SPACE,ASSUMPTION_DESIGN_SPACE_NOT_ACTUAL_CALENDAR,ASSUMPTION_SENSITIVITY,ASSUMPTION_DESIGN_SPACE,MODEL_OUTPUT_CONTINUOUS_CLOCKFACE_PRODUCTION_APPROXIMATION,MODEL_OUTPUT_LOWER_BOUND_NOT_VEHICLE_BLOCK_PLAN,false,false
226,SP2_22a41ba5629ecb,15,S8_EXTENDED_0530_2400,330,1440,1110,IDEALISED_5_DAY_52_WEEK,260,10,1.00,ASSUMPTION_DESIGN_SPACE,ASSUMPTION_DESIGN_SPACE,ASSUMPTION_DESIGN_SPACE_NOT_ACTUAL_CALENDAR,ASSUMPTION_SENSITIVITY,ASSUMPTION_DESIGN_SPACE,MODEL_OUTPUT_CONTINUOUS_CLOCKFACE_PRODUCTION_APPROXIMATION,MODEL_OUTPUT_LOWER_BOUND_NOT_VEHICLE_BLOCK_PLAN,false,false
227,SP2_7a2668a0f0870a,15,S8_EXTENDED_0530_2400,330,1440,1110,IDEALISED_5_DAY_52_WEEK,260,15,1.00,ASSUMPTION_DESIGN_SPACE,ASSUMPTION_DESIGN_SPACE,ASSUMPTION_DESIGN_SPACE_NOT_ACTUAL_CALENDAR,ASSUMPTION_SENSITIVITY,ASSUMPTION_DESIGN_SPACE,MODEL_OUTPUT_CONTINUOUS_CLOCKFACE_PRODUCTION_APPROXIMATION,MODEL_OUTPUT_LOWER_BOUND_NOT_VEHICLE_BLOCK_PLAN,false,false
228,SP2_998a9a8d1a7a70,15,S8_EXTENDED_0530_2400,330,1440,1110,IDEALISED_6_DAY_52_WEEK,312,5,1.00,ASSUMPTION_DESIGN_SPACE,ASSUMPTION_DESIGN_SPACE,ASSUMPTION_DESIGN_SPACE_NOT_ACTUAL_CALENDAR,ASSUMPTION_SENSITIVITY,ASSUMPTION_DESIGN_SPACE,MODEL_OUTPUT_CONTINUOUS_CLOCKFACE_PRODUCTION_APPROXIMATION,MODEL_OUTPUT_LOWER_BOUND_NOT_VEHICLE_BLOCK_PLAN,false,false
229,SP2_622da700e23fa2,15,S8_EXTENDED_0530_2400,330,1440,1110,IDEALISED_6_DAY_52_WEEK,312,10,1.00,ASSUMPTION_DESIGN_SPACE,ASSUMPTION_DESIGN_SPACE,ASSUMPTION_DESIGN_SPACE_NOT_ACTUAL_CALENDAR,ASSUMPTION_SENSITIVITY,ASSUMPTION_DESIGN_SPACE,MODEL_OUTPUT_CONTINUOUS_CLOCKFACE_PRODUCTION_APPROXIMATION,MODEL_OUTPUT_LOWER_BOUND_NOT_VEHICLE_BLOCK_PLAN,false,false
230,SP2_47e12cc69923fc,15,S8_EXTENDED_0530_2400,330,1440,1110,IDEALISED_6_DAY_52_WEEK,312,15,1.00,ASSUMPTION_DESIGN_SPACE,ASSUMPTION_DESIGN_SPACE,ASSUMPTION_DESIGN_SPACE_NOT_ACTUAL_CALENDAR,ASSUMPTION_SENSITIVITY,ASSUMPTION_DESIGN_SPACE,MODEL_OUTPUT_CONTINUOUS_CLOCKFACE_PRODUCTION_APPROXIMATION,MODEL_OUTPUT_LOWER_BOUND_NOT_VEHICLE_BLOCK_PLAN,false,false
231,SP2_e268fe9488923e,15,S8_EXTENDED_0530_2400,330,1440,1110,IDEALISED_DAILY_YEAR,365,5,1.00,ASSUMPTION_DESIGN_SPACE,ASSUMPTION_DESIGN_SPACE,ASSUMPTION_DESIGN_SPACE_NOT_ACTUAL_CALENDAR,ASSUMPTION_SENSITIVITY,ASSUMPTION_DESIGN_SPACE,MODEL_OUTPUT_CONTINUOUS_CLOCKFACE_PRODUCTION_APPROXIMATION,MODEL_OUTPUT_LOWER_BOUND_NOT_VEHICLE_BLOCK_PLAN,false,false
232,SP2_468308cbd49137,15,S8_EXTENDED_0530_2400,330,1440,1110,IDEALISED_DAILY_YEAR,365,10,1.00,ASSUMPTION_DESIGN_SPACE,ASSUMPTION_DESIGN_SPACE,ASSUMPTION_DESIGN_SPACE_NOT_ACTUAL_CALENDAR,ASSUMPTION_SENSITIVITY,ASSUMPTION_DESIGN_SPACE,MODEL_OUTPUT_CONTINUOUS_CLOCKFACE_PRODUCTION_APPROXIMATION,MODEL_OUTPUT_LOWER_BOUND_NOT_VEHICLE_BLOCK_PLAN,false,false
233,SP2_fd3e39b3939f39,15,S8_EXTENDED_0530_2400,330,1440,1110,IDEALISED_DAILY_YEAR,365,15,1.00,ASSUMPTION_DESIGN_SPACE,ASSUMPTION_DESIGN_SPACE,ASSUMPTION_DESIGN_SPACE_NOT_ACTUAL_CALENDAR,ASSUMPTION_SENSITIVITY,ASSUMPTION_DESIGN_SPACE,MODEL_OUTPUT_CONTINUOUS_CLOCKFACE_PRODUCTION_APPROXIMATION,MODEL_OUTPUT_LOWER_BOUND_NOT_VEHICLE_BLOCK_PLAN,false,false
234,SP2_a9379faccd4f1d,20,CORE_0600_2200,360,1320,960,IDEALISED_5_DAY_52_WEEK,260,5,1.00,ASSUMPTION_DESIGN_SPACE,ASSUMPTION_DESIGN_SPACE,ASSUMPTION_DESIGN_SPACE_NOT_ACTUAL_CALENDAR,ASSUMPTION_SENSITIVITY,ASSUMPTION_DESIGN_SPACE,MODEL_OUTPUT_CONTINUOUS_CLOCKFACE_PRODUCTION_APPROXIMATION,MODEL_OUTPUT_LOWER_BOUND_NOT_VEHICLE_BLOCK_PLAN,false,false
235,SP2_8a58baa919c821,20,CORE_0600_2200,360,1320,960,IDEALISED_5_DAY_52_WEEK,260,10,1.00,ASSUMPTION_DESIGN_SPACE,ASSUMPTION_DESIGN_SPACE,ASSUMPTION_DESIGN_SPACE_NOT_ACTUAL_CALENDAR,ASSUMPTION_SENSITIVITY,ASSUMPTION_DESIGN_SPACE,MODEL_OUTPUT_CONTINUOUS_CLOCKFACE_PRODUCTION_APPROXIMATION,MODEL_OUTPUT_LOWER_BOUND_NOT_VEHICLE_BLOCK_PLAN,false,false
236,SP2_47beec05442264,20,CORE_0600_2200,360,1320,960,IDEALISED_5_DAY_52_WEEK,260,15,1.00,ASSUMPTION_DESIGN_SPACE,ASSUMPTION_DESIGN_SPACE,ASSUMPTION_DESIGN_SPACE_NOT_ACTUAL_CALENDAR,ASSUMPTION_SENSITIVITY,ASSUMPTION_DESIGN_SPACE,MODEL_OUTPUT_CONTINUOUS_CLOCKFACE_PRODUCTION_APPROXIMATION,MODEL_OUTPUT_LOWER_BOUND_NOT_VEHICLE_BLOCK_PLAN,false,false
237,SP2_04415603027b5b,20,CORE_0600_2200,360,1320,960,IDEALISED_6_DAY_52_WEEK,312,5,1.00,ASSUMPTION_DESIGN_SPACE,ASSUMPTION_DESIGN_SPACE,ASSUMPTION_DESIGN_SPACE_NOT_ACTUAL_CALENDAR,ASSUMPTION_SENSITIVITY,ASSUMPTION_DESIGN_SPACE,MODEL_OUTPUT_CONTINUOUS_CLOCKFACE_PRODUCTION_APPROXIMATION,MODEL_OUTPUT_LOWER_BOUND_NOT_VEHICLE_BLOCK_PLAN,false,false
238,SP2_b29bbb278cf7d9,20,CORE_0600_2200,360,1320,960,IDEALISED_6_DAY_52_WEEK,312,10,1.00,ASSUMPTION_DESIGN_SPACE,ASSUMPTION_DESIGN_SPACE,ASSUMPTION_DESIGN_SPACE_NOT_ACTUAL_CALENDAR,ASSUMPTION_SENSITIVITY,ASSUMPTION_DESIGN_SPACE,MODEL_OUTPUT_CONTINUOUS_CLOCKFACE_PRODUCTION_APPROXIMATION,MODEL_OUTPUT_LOWER_BOUND_NOT_VEHICLE_BLOCK_PLAN,false,false
239,SP2_9a9e92879bbfa5,20,CORE_0600_2200,360,1320,960,IDEALISED_6_DAY_52_WEEK,312,15,1.00,ASSUMPTION_DESIGN_SPACE,ASSUMPTION_DESIGN_SPACE,ASSUMPTION_DESIGN_SPACE_NOT_ACTUAL_CALENDAR,ASSUMPTION_SENSITIVITY,ASSUMPTION_DESIGN_SPACE,MODEL_OUTPUT_CONTINUOUS_CLOCKFACE_PRODUCTION_APPROXIMATION,MODEL_OUTPUT_LOWER_BOUND_NOT_VEHICLE_BLOCK_PLAN,false,false
240,SP2_13870a6c49dfda,20,CORE_0600_2200,360,1320,960,IDEALISED_DAILY_YEAR,365,5,1.00,ASSUMPTION_DESIGN_SPACE,ASSUMPTION_DESIGN_SPACE,ASSUMPTION_DESIGN_SPACE_NOT_ACTUAL_CALENDAR,ASSUMPTION_SENSITIVITY,ASSUMPTION_DESIGN_SPACE,MODEL_OUTPUT_CONTINUOUS_CLOCKFACE_PRODUCTION_APPROXIMATION,MODEL_OUTPUT_LOWER_BOUND_NOT_VEHICLE_BLOCK_PLAN,false,false
241,SP2_faa4b9ae1666b4,20,CORE_0600_2200,360,1320,960,IDEALISED_DAILY_YEAR,365,10,1.00,ASSUMPTION_DESIGN_SPACE,ASSUMPTION_DESIGN_SPACE,ASSUMPTION_DESIGN_SPACE_NOT_ACTUAL_CALENDAR,ASSUMPTION_SENSITIVITY,ASSUMPTION_DESIGN_SPACE,MODEL_OUTPUT_CONTINUOUS_CLOCKFACE_PRODUCTION_APPROXIMATION,MODEL_OUTPUT_LOWER_BOUND_NOT_VEHICLE_BLOCK_PLAN,false,false
242,SP2_ab2615d28ba807,20,CORE_0600_2200,360,1320,960,IDEALISED_DAILY_YEAR,365,15,1.00,ASSUMPTION_DESIGN_SPACE,ASSUMPTION_DESIGN_SPACE,ASSUMPTION_DESIGN_SPACE_NOT_ACTUAL_CALENDAR,ASSUMPTION_SENSITIVITY,ASSUMPTION_DESIGN_SPACE,MODEL_OUTPUT_CONTINUOUS_CLOCKFACE_PRODUCTION_APPROXIMATION,MODEL_OUTPUT_LOWER_BOUND_NOT_VEHICLE_BLOCK_PLAN,false,false
243,SP2_bc45a2e2c271b5,20,S8_EXTENDED_0530_2400,330,1440,1110,IDEALISED_5_DAY_52_WEEK,260,5,1.00,ASSUMPTION_DESIGN_SPACE,ASSUMPTION_DESIGN_SPACE,ASSUMPTION_DESIGN_SPACE_NOT_ACTUAL_CALENDAR,ASSUMPTION_SENSITIVITY,ASSUMPTION_DESIGN_SPACE,MODEL_OUTPUT_CONTINUOUS_CLOCKFACE_PRODUCTION_APPROXIMATION,MODEL_OUTPUT_LOWER_BOUND_NOT_VEHICLE_BLOCK_PLAN,false,false
244,SP2_2ea6fabfa85104,20,S8_EXTENDED_0530_2400,330,1440,1110,IDEALISED_5_DAY_52_WEEK,260,10,1.00,ASSUMPTION_DESIGN_SPACE,ASSUMPTION_DESIGN_SPACE,ASSUMPTION_DESIGN_SPACE_NOT_ACTUAL_CALENDAR,ASSUMPTION_SENSITIVITY,ASSUMPTION_DESIGN_SPACE,MODEL_OUTPUT_CONTINUOUS_CLOCKFACE_PRODUCTION_APPROXIMATION,MODEL_OUTPUT_LOWER_BOUND_NOT_VEHICLE_BLOCK_PLAN,false,false
245,SP2_4be1ff003d3817,20,S8_EXTENDED_0530_2400,330,1440,1110,IDEALISED_5_DAY_52_WEEK,260,15,1.00,ASSUMPTION_DESIGN_SPACE,ASSUMPTION_DESIGN_SPACE,ASSUMPTION_DESIGN_SPACE_NOT_ACTUAL_CALENDAR,ASSUMPTION_SENSITIVITY,ASSUMPTION_DESIGN_SPACE,MODEL_OUTPUT_CONTINUOUS_CLOCKFACE_PRODUCTION_APPROXIMATION,MODEL_OUTPUT_LOWER_BOUND_NOT_VEHICLE_BLOCK_PLAN,false,false
246,SP2_fd30ad4d112d5b,20,S8_EXTENDED_0530_2400,330,1440,1110,IDEALISED_6_DAY_52_WEEK,312,5,1.00,ASSUMPTION_DESIGN_SPACE,ASSUMPTION_DESIGN_SPACE,ASSUMPTION_DESIGN_SPACE_NOT_ACTUAL_CALENDAR,ASSUMPTION_SENSITIVITY,ASSUMPTION_DESIGN_SPACE,MODEL_OUTPUT_CONTINUOUS_CLOCKFACE_PRODUCTION_APPROXIMATION,MODEL_OUTPUT_LOWER_BOUND_NOT_VEHICLE_BLOCK_PLAN,false,false
247,SP2_6d4a3028f86e65,20,S8_EXTENDED_0530_2400,330,1440,1110,IDEALISED_6_DAY_52_WEEK,312,10,1.00,ASSUMPTION_DESIGN_SPACE,ASSUMPTION_DESIGN_SPACE,ASSUMPTION_DESIGN_SPACE_NOT_ACTUAL_CALENDAR,ASSUMPTION_SENSITIVITY,ASSUMPTION_DESIGN_SPACE,MODEL_OUTPUT_CONTINUOUS_CLOCKFACE_PRODUCTION_APPROXIMATION,MODEL_OUTPUT_LOWER_BOUND_NOT_VEHICLE_BLOCK_PLAN,false,false
248,SP2_ab983b8e571f5d,20,S8_EXTENDED_0530_2400,330,1440,1110,IDEALISED_6_DAY_52_WEEK,312,15,1.00,ASSUMPTION_DESIGN_SPACE,ASSUMPTION_DESIGN_SPACE,ASSUMPTION_DESIGN_SPACE_NOT_ACTUAL_CALENDAR,ASSUMPTION_SENSITIVITY,ASSUMPTION_DESIGN_SPACE,MODEL_OUTPUT_CONTINUOUS_CLOCKFACE_PRODUCTION_APPROXIMATION,MODEL_OUTPUT_LOWER_BOUND_NOT_VEHICLE_BLOCK_PLAN,false,false
249,SP2_ebecd58a7b7396,20,S8_EXTENDED_0530_2400,330,1440,1110,IDEALISED_DAILY_YEAR,365,5,1.00,ASSUMPTION_DESIGN_SPACE,ASSUMPTION_DESIGN_SPACE,ASSUMPTION_DESIGN_SPACE_NOT_ACTUAL_CALENDAR,ASSUMPTION_SENSITIVITY,ASSUMPTION_DESIGN_SPACE,MODEL_OUTPUT_CONTINUOUS_CLOCKFACE_PRODUCTION_APPROXIMATION,MODEL_OUTPUT_LOWER_BOUND_NOT_VEHICLE_BLOCK_PLAN,false,false
250,SP2_a7830b372f2934,20,S8_EXTENDED_0530_2400,330,1440,1110,IDEALISED_DAILY_YEAR,365,10,1.00,ASSUMPTION_DESIGN_SPACE,ASSUMPTION_DESIGN_SPACE,ASSUMPTION_DESIGN_SPACE_NOT_ACTUAL_CALENDAR,ASSUMPTION_SENSITIVITY,ASSUMPTION_DESIGN_SPACE,MODEL_OUTPUT_CONTINUOUS_CLOCKFACE_PRODUCTION_APPROXIMATION,MODEL_OUTPUT_LOWER_BOUND_NOT_VEHICLE_BLOCK_PLAN,false,false
251,SP2_366a6d7873c536,20,S8_EXTENDED_0530_2400,330,1440,1110,IDEALISED_DAILY_YEAR,365,15,1.00,ASSUMPTION_DESIGN_SPACE,ASSUMPTION_DESIGN_SPACE,ASSUMPTION_DESIGN_SPACE_NOT_ACTUAL_CALENDAR,ASSUMPTION_SENSITIVITY,ASSUMPTION_DESIGN_SPACE,MODEL_OUTPUT_CONTINUOUS_CLOCKFACE_PRODUCTION_APPROXIMATION,MODEL_OUTPUT_LOWER_BOUND_NOT_VEHICLE_BLOCK_PLAN,false,false
252,SP2_d7e7cc5b4b0d4c,30,CORE_0600_2200,360,1320,960,IDEALISED_5_DAY_52_WEEK,260,5,1.00,ASSUMPTION_DESIGN_SPACE,ASSUMPTION_DESIGN_SPACE,ASSUMPTION_DESIGN_SPACE_NOT_ACTUAL_CALENDAR,ASSUMPTION_SENSITIVITY,ASSUMPTION_DESIGN_SPACE,MODEL_OUTPUT_CONTINUOUS_CLOCKFACE_PRODUCTION_APPROXIMATION,MODEL_OUTPUT_LOWER_BOUND_NOT_VEHICLE_BLOCK_PLAN,false,false
253,SP2_4e67b82cf5fc6b,30,CORE_0600_2200,360,1320,960,IDEALISED_5_DAY_52_WEEK,260,10,1.00,ASSUMPTION_DESIGN_SPACE,ASSUMPTION_DESIGN_SPACE,ASSUMPTION_DESIGN_SPACE_NOT_ACTUAL_CALENDAR,ASSUMPTION_SENSITIVITY,ASSUMPTION_DESIGN_SPACE,MODEL_OUTPUT_CONTINUOUS_CLOCKFACE_PRODUCTION_APPROXIMATION,MODEL_OUTPUT_LOWER_BOUND_NOT_VEHICLE_BLOCK_PLAN,false,false
254,SP2_d639f23d93866c,30,CORE_0600_2200,360,1320,960,IDEALISED_5_DAY_52_WEEK,260,15,1.00,ASSUMPTION_DESIGN_SPACE,ASSUMPTION_DESIGN_SPACE,ASSUMPTION_DESIGN_SPACE_NOT_ACTUAL_CALENDAR,ASSUMPTION_SENSITIVITY,ASSUMPTION_DESIGN_SPACE,MODEL_OUTPUT_CONTINUOUS_CLOCKFACE_PRODUCTION_APPROXIMATION,MODEL_OUTPUT_LOWER_BOUND_NOT_VEHICLE_BLOCK_PLAN,false,false
255,SP2_192376ef86a8a5,30,CORE_0600_2200,360,1320,960,IDEALISED_6_DAY_52_WEEK,312,5,1.00,ASSUMPTION_DESIGN_SPACE,ASSUMPTION_DESIGN_SPACE,ASSUMPTION_DESIGN_SPACE_NOT_ACTUAL_CALENDAR,ASSUMPTION_SENSITIVITY,ASSUMPTION_DESIGN_SPACE,MODEL_OUTPUT_CONTINUOUS_CLOCKFACE_PRODUCTION_APPROXIMATION,MODEL_OUTPUT_LOWER_BOUND_NOT_VEHICLE_BLOCK_PLAN,false,false
256,SP2_ffbacd46b9547f,30,CORE_0600_2200,360,1320,960,IDEALISED_6_DAY_52_WEEK,312,10,1.00,ASSUMPTION_DESIGN_SPACE,ASSUMPTION_DESIGN_SPACE,ASSUMPTION_DESIGN_SPACE_NOT_ACTUAL_CALENDAR,ASSUMPTION_SENSITIVITY,ASSUMPTION_DESIGN_SPACE,MODEL_OUTPUT_CONTINUOUS_CLOCKFACE_PRODUCTION_APPROXIMATION,MODEL_OUTPUT_LOWER_BOUND_NOT_VEHICLE_BLOCK_PLAN,false,false
257,SP2_9d28ca0e0dd810,30,CORE_0600_2200,360,1320,960,IDEALISED_6_DAY_52_WEEK,312,15,1.00,ASSUMPTION_DESIGN_SPACE,ASSUMPTION_DESIGN_SPACE,ASSUMPTION_DESIGN_SPACE_NOT_ACTUAL_CALENDAR,ASSUMPTION_SENSITIVITY,ASSUMPTION_DESIGN_SPACE,MODEL_OUTPUT_CONTINUOUS_CLOCKFACE_PRODUCTION_APPROXIMATION,MODEL_OUTPUT_LOWER_BOUND_NOT_VEHICLE_BLOCK_PLAN,false,false
258,SP2_911da8c73b168e,30,CORE_0600_2200,360,1320,960,IDEALISED_DAILY_YEAR,365,5,1.00,ASSUMPTION_DESIGN_SPACE,ASSUMPTION_DESIGN_SPACE,ASSUMPTION_DESIGN_SPACE_NOT_ACTUAL_CALENDAR,ASSUMPTION_SENSITIVITY,ASSUMPTION_DESIGN_SPACE,MODEL_OUTPUT_CONTINUOUS_CLOCKFACE_PRODUCTION_APPROXIMATION,MODEL_OUTPUT_LOWER_BOUND_NOT_VEHICLE_BLOCK_PLAN,false,false
259,SP2_8270fd1e5ee017,30,CORE_0600_2200,360,1320,960,IDEALISED_DAILY_YEAR,365,10,1.00,ASSUMPTION_DESIGN_SPACE,ASSUMPTION_DESIGN_SPACE,ASSUMPTION_DESIGN_SPACE_NOT_ACTUAL_CALENDAR,ASSUMPTION_SENSITIVITY,ASSUMPTION_DESIGN_SPACE,MODEL_OUTPUT_CONTINUOUS_CLOCKFACE_PRODUCTION_APPROXIMATION,MODEL_OUTPUT_LOWER_BOUND_NOT_VEHICLE_BLOCK_PLAN,false,false
260,SP2_3cebba48e8b888,30,CORE_0600_2200,360,1320,960,IDEALISED_DAILY_YEAR,365,15,1.00,ASSUMPTION_DESIGN_SPACE,ASSUMPTION_DESIGN_SPACE,ASSUMPTION_DESIGN_SPACE_NOT_ACTUAL_CALENDAR,ASSUMPTION_SENSITIVITY,ASSUMPTION_DESIGN_SPACE,MODEL_OUTPUT_CONTINUOUS_CLOCKFACE_PRODUCTION_APPROXIMATION,MODEL_OUTPUT_LOWER_BOUND_NOT_VEHICLE_BLOCK_PLAN,false,false
261,SP2_63149a2b57a6cc,30,S8_EXTENDED_0530_2400,330,1440,1110,IDEALISED_5_DAY_52_WEEK,260,5,1.00,ASSUMPTION_DESIGN_SPACE,ASSUMPTION_DESIGN_SPACE,ASSUMPTION_DESIGN_SPACE_NOT_ACTUAL_CALENDAR,ASSUMPTION_SENSITIVITY,ASSUMPTION_DESIGN_SPACE,MODEL_OUTPUT_CONTINUOUS_CLOCKFACE_PRODUCTION_APPROXIMATION,MODEL_OUTPUT_LOWER_BOUND_NOT_VEHICLE_BLOCK_PLAN,false,false
262,SP2_f531ab937e3ddb,30,S8_EXTENDED_0530_2400,330,1440,1110,IDEALISED_5_DAY_52_WEEK,260,10,1.00,ASSUMPTION_DESIGN_SPACE,ASSUMPTION_DESIGN_SPACE,ASSUMPTION_DESIGN_SPACE_NOT_ACTUAL_CALENDAR,ASSUMPTION_SENSITIVITY,ASSUMPTION_DESIGN_SPACE,MODEL_OUTPUT_CONTINUOUS_CLOCKFACE_PRODUCTION_APPROXIMATION,MODEL_OUTPUT_LOWER_BOUND_NOT_VEHICLE_BLOCK_PLAN,false,false
263,SP2_2b7b6956ce8726,30,S8_EXTENDED_0530_2400,330,1440,1110,IDEALISED_5_DAY_52_WEEK,260,15,1.00,ASSUMPTION_DESIGN_SPACE,ASSUMPTION_DESIGN_SPACE,ASSUMPTION_DESIGN_SPACE_NOT_ACTUAL_CALENDAR,ASSUMPTION_SENSITIVITY,ASSUMPTION_DESIGN_SPACE,MODEL_OUTPUT_CONTINUOUS_CLOCKFACE_PRODUCTION_APPROXIMATION,MODEL_OUTPUT_LOWER_BOUND_NOT_VEHICLE_BLOCK_PLAN,false,false
264,SP2_d7b629d4f7d810,30,S8_EXTENDED_0530_2400,330,1440,1110,IDEALISED_6_DAY_52_WEEK,312,5,1.00,ASSUMPTION_DESIGN_SPACE,ASSUMPTION_DESIGN_SPACE,ASSUMPTION_DESIGN_SPACE_NOT_ACTUAL_CALENDAR,ASSUMPTION_SENSITIVITY,ASSUMPTION_DESIGN_SPACE,MODEL_OUTPUT_CONTINUOUS_CLOCKFACE_PRODUCTION_APPROXIMATION,MODEL_OUTPUT_LOWER_BOUND_NOT_VEHICLE_BLOCK_PLAN,false,false
265,SP2_f45ad60cc103eb,30,S8_EXTENDED_0530_2400,330,1440,1110,IDEALISED_6_DAY_52_WEEK,312,10,1.00,ASSUMPTION_DESIGN_SPACE,ASSUMPTION_DESIGN_SPACE,ASSUMPTION_DESIGN_SPACE_NOT_ACTUAL_CALENDAR,ASSUMPTION_SENSITIVITY,ASSUMPTION_DESIGN_SPACE,MODEL_OUTPUT_CONTINUOUS_CLOCKFACE_PRODUCTION_APPROXIMATION,MODEL_OUTPUT_LOWER_BOUND_NOT_VEHICLE_BLOCK_PLAN,false,false
266,SP2_16c806f88a83b4,30,S8_EXTENDED_0530_2400,330,1440,1110,IDEALISED_6_DAY_52_WEEK,312,15,1.00,ASSUMPTION_DESIGN_SPACE,ASSUMPTION_DESIGN_SPACE,ASSUMPTION_DESIGN_SPACE_NOT_ACTUAL_CALENDAR,ASSUMPTION_SENSITIVITY,ASSUMPTION_DESIGN_SPACE,MODEL_OUTPUT_CONTINUOUS_CLOCKFACE_PRODUCTION_APPROXIMATION,MODEL_OUTPUT_LOWER_BOUND_NOT_VEHICLE_BLOCK_PLAN,false,false
267,SP2_7bba6091eddef4,30,S8_EXTENDED_0530_2400,330,1440,1110,IDEALISED_DAILY_YEAR,365,5,1.00,ASSUMPTION_DESIGN_SPACE,ASSUMPTION_DESIGN_SPACE,ASSUMPTION_DESIGN_SPACE_NOT_ACTUAL_CALENDAR,ASSUMPTION_SENSITIVITY,ASSUMPTION_DESIGN_SPACE,MODEL_OUTPUT_CONTINUOUS_CLOCKFACE_PRODUCTION_APPROXIMATION,MODEL_OUTPUT_LOWER_BOUND_NOT_VEHICLE_BLOCK_PLAN,false,false
268,SP2_103496ea55eac6,30,S8_EXTENDED_0530_2400,330,1440,1110,IDEALISED_DAILY_YEAR,365,10,1.00,ASSUMPTION_DESIGN_SPACE,ASSUMPTION_DESIGN_SPACE,ASSUMPTION_DESIGN_SPACE_NOT_ACTUAL_CALENDAR,ASSUMPTION_SENSITIVITY,ASSUMPTION_DESIGN_SPACE,MODEL_OUTPUT_CONTINUOUS_CLOCKFACE_PRODUCTION_APPROXIMATION,MODEL_OUTPUT_LOWER_BOUND_NOT_VEHICLE_BLOCK_PLAN,false,false
269,SP2_c1898647a57b13,30,S8_EXTENDED_0530_2400,330,1440,1110,IDEALISED_DAILY_YEAR,365,15,1.00,ASSUMPTION_DESIGN_SPACE,ASSUMPTION_DESIGN_SPACE,ASSUMPTION_DESIGN_SPACE_NOT_ACTUAL_CALENDAR,ASSUMPTION_SENSITIVITY,ASSUMPTION_DESIGN_SPACE,MODEL_OUTPUT_CONTINUOUS_CLOCKFACE_PRODUCTION_APPROXIMATION,MODEL_OUTPUT_LOWER_BOUND_NOT_VEHICLE_BLOCK_PLAN,false,false
270,SP2_d7f5e4cd2a8758,60,CORE_0600_2200,360,1320,960,IDEALISED_5_DAY_52_WEEK,260,5,1.00,ASSUMPTION_DESIGN_SPACE,ASSUMPTION_DESIGN_SPACE,ASSUMPTION_DESIGN_SPACE_NOT_ACTUAL_CALENDAR,ASSUMPTION_SENSITIVITY,ASSUMPTION_DESIGN_SPACE,MODEL_OUTPUT_CONTINUOUS_CLOCKFACE_PRODUCTION_APPROXIMATION,MODEL_OUTPUT_LOWER_BOUND_NOT_VEHICLE_BLOCK_PLAN,false,false
271,SP2_b6b277d38ec843,60,CORE_0600_2200,360,1320,960,IDEALISED_5_DAY_52_WEEK,260,10,1.00,ASSUMPTION_DESIGN_SPACE,ASSUMPTION_DESIGN_SPACE,ASSUMPTION_DESIGN_SPACE_NOT_ACTUAL_CALENDAR,ASSUMPTION_SENSITIVITY,ASSUMPTION_DESIGN_SPACE,MODEL_OUTPUT_CONTINUOUS_CLOCKFACE_PRODUCTION_APPROXIMATION,MODEL_OUTPUT_LOWER_BOUND_NOT_VEHICLE_BLOCK_PLAN,false,false
272,SP2_305da4a0235a10,60,CORE_0600_2200,360,1320,960,IDEALISED_5_DAY_52_WEEK,260,15,1.00,ASSUMPTION_DESIGN_SPACE,ASSUMPTION_DESIGN_SPACE,ASSUMPTION_DESIGN_SPACE_NOT_ACTUAL_CALENDAR,ASSUMPTION_SENSITIVITY,ASSUMPTION_DESIGN_SPACE,MODEL_OUTPUT_CONTINUOUS_CLOCKFACE_PRODUCTION_APPROXIMATION,MODEL_OUTPUT_LOWER_BOUND_NOT_VEHICLE_BLOCK_PLAN,false,false
273,SP2_230ff2e5d3b733,60,CORE_0600_2200,360,1320,960,IDEALISED_6_DAY_52_WEEK,312,5,1.00,ASSUMPTION_DESIGN_SPACE,ASSUMPTION_DESIGN_SPACE,ASSUMPTION_DESIGN_SPACE_NOT_ACTUAL_CALENDAR,ASSUMPTION_SENSITIVITY,ASSUMPTION_DESIGN_SPACE,MODEL_OUTPUT_CONTINUOUS_CLOCKFACE_PRODUCTION_APPROXIMATION,MODEL_OUTPUT_LOWER_BOUND_NOT_VEHICLE_BLOCK_PLAN,false,false
274,SP2_ae03809076c5a8,60,CORE_0600_2200,360,1320,960,IDEALISED_6_DAY_52_WEEK,312,10,1.00,ASSUMPTION_DESIGN_SPACE,ASSUMPTION_DESIGN_SPACE,ASSUMPTION_DESIGN_SPACE_NOT_ACTUAL_CALENDAR,ASSUMPTION_SENSITIVITY,ASSUMPTION_DESIGN_SPACE,MODEL_OUTPUT_CONTINUOUS_CLOCKFACE_PRODUCTION_APPROXIMATION,MODEL_OUTPUT_LOWER_BOUND_NOT_VEHICLE_BLOCK_PLAN,false,false
275,SP2_848b5659d00a6f,60,CORE_0600_2200,360,1320,960,IDEALISED_6_DAY_52_WEEK,312,15,1.00,ASSUMPTION_DESIGN_SPACE,ASSUMPTION_DESIGN_SPACE,ASSUMPTION_DESIGN_SPACE_NOT_ACTUAL_CALENDAR,ASSUMPTION_SENSITIVITY,ASSUMPTION_DESIGN_SPACE,MODEL_OUTPUT_CONTINUOUS_CLOCKFACE_PRODUCTION_APPROXIMATION,MODEL_OUTPUT_LOWER_BOUND_NOT_VEHICLE_BLOCK_PLAN,false,false
276,SP2_13053796cd4a20,60,CORE_0600_2200,360,1320,960,IDEALISED_DAILY_YEAR,365,5,1.00,ASSUMPTION_DESIGN_SPACE,ASSUMPTION_DESIGN_SPACE,ASSUMPTION_DESIGN_SPACE_NOT_ACTUAL_CALENDAR,ASSUMPTION_SENSITIVITY,ASSUMPTION_DESIGN_SPACE,MODEL_OUTPUT_CONTINUOUS_CLOCKFACE_PRODUCTION_APPROXIMATION,MODEL_OUTPUT_LOWER_BOUND_NOT_VEHICLE_BLOCK_PLAN,false,false
277,SP2_1ca35d5f4219af,60,CORE_0600_2200,360,1320,960,IDEALISED_DAILY_YEAR,365,10,1.00,ASSUMPTION_DESIGN_SPACE,ASSUMPTION_DESIGN_SPACE,ASSUMPTION_DESIGN_SPACE_NOT_ACTUAL_CALENDAR,ASSUMPTION_SENSITIVITY,ASSUMPTION_DESIGN_SPACE,MODEL_OUTPUT_CONTINUOUS_CLOCKFACE_PRODUCTION_APPROXIMATION,MODEL_OUTPUT_LOWER_BOUND_NOT_VEHICLE_BLOCK_PLAN,false,false
278,SP2_c7d9deb9b5037d,60,CORE_0600_2200,360,1320,960,IDEALISED_DAILY_YEAR,365,15,1.00,ASSUMPTION_DESIGN_SPACE,ASSUMPTION_DESIGN_SPACE,ASSUMPTION_DESIGN_SPACE_NOT_ACTUAL_CALENDAR,ASSUMPTION_SENSITIVITY,ASSUMPTION_DESIGN_SPACE,MODEL_OUTPUT_CONTINUOUS_CLOCKFACE_PRODUCTION_APPROXIMATION,MODEL_OUTPUT_LOWER_BOUND_NOT_VEHICLE_BLOCK_PLAN,false,false
279,SP2_259d62384205d7,60,S8_EXTENDED_0530_2400,330,1440,1110,IDEALISED_5_DAY_52_WEEK,260,5,1.00,ASSUMPTION_DESIGN_SPACE,ASSUMPTION_DESIGN_SPACE,ASSUMPTION_DESIGN_SPACE_NOT_ACTUAL_CALENDAR,ASSUMPTION_SENSITIVITY,ASSUMPTION_DESIGN_SPACE,MODEL_OUTPUT_CONTINUOUS_CLOCKFACE_PRODUCTION_APPROXIMATION,MODEL_OUTPUT_LOWER_BOUND_NOT_VEHICLE_BLOCK_PLAN,false,false
280,SP2_c621cb6612dcdc,60,S8_EXTENDED_0530_2400,330,1440,1110,IDEALISED_5_DAY_52_WEEK,260,10,1.00,ASSUMPTION_DESIGN_SPACE,ASSUMPTION_DESIGN_SPACE,ASSUMPTION_DESIGN_SPACE_NOT_ACTUAL_CALENDAR,ASSUMPTION_SENSITIVITY,ASSUMPTION_DESIGN_SPACE,MODEL_OUTPUT_CONTINUOUS_CLOCKFACE_PRODUCTION_APPROXIMATION,MODEL_OUTPUT_LOWER_BOUND_NOT_VEHICLE_BLOCK_PLAN,false,false
281,SP2_2b0f4f690795c7,60,S8_EXTENDED_0530_2400,330,1440,1110,IDEALISED_5_DAY_52_WEEK,260,15,1.00,ASSUMPTION_DESIGN_SPACE,ASSUMPTION_DESIGN_SPACE,ASSUMPTION_DESIGN_SPACE_NOT_ACTUAL_CALENDAR,ASSUMPTION_SENSITIVITY,ASSUMPTION_DESIGN_SPACE,MODEL_OUTPUT_CONTINUOUS_CLOCKFACE_PRODUCTION_APPROXIMATION,MODEL_OUTPUT_LOWER_BOUND_NOT_VEHICLE_BLOCK_PLAN,false,false
282,SP2_3881bd2e5fb6d4,60,S8_EXTENDED_0530_2400,330,1440,1110,IDEALISED_6_DAY_52_WEEK,312,5,1.00,ASSUMPTION_DESIGN_SPACE,ASSUMPTION_DESIGN_SPACE,ASSUMPTION_DESIGN_SPACE_NOT_ACTUAL_CALENDAR,ASSUMPTION_SENSITIVITY,ASSUMPTION_DESIGN_SPACE,MODEL_OUTPUT_CONTINUOUS_CLOCKFACE_PRODUCTION_APPROXIMATION,MODEL_OUTPUT_LOWER_BOUND_NOT_VEHICLE_BLOCK_PLAN,false,false
283,SP2_b91880cbd8814c,60,S8_EXTENDED_0530_2400,330,1440,1110,IDEALISED_6_DAY_52_WEEK,312,10,1.00,ASSUMPTION_DESIGN_SPACE,ASSUMPTION_DESIGN_SPACE,ASSUMPTION_DESIGN_SPACE_NOT_ACTUAL_CALENDAR,ASSUMPTION_SENSITIVITY,ASSUMPTION_DESIGN_SPACE,MODEL_OUTPUT_CONTINUOUS_CLOCKFACE_PRODUCTION_APPROXIMATION,MODEL_OUTPUT_LOWER_BOUND_NOT_VEHICLE_BLOCK_PLAN,false,false
284,SP2_25295818475953,60,S8_EXTENDED_0530_2400,330,1440,1110,IDEALISED_6_DAY_52_WEEK,312,15,1.00,ASSUMPTION_DESIGN_SPACE,ASSUMPTION_DESIGN_SPACE,ASSUMPTION_DESIGN_SPACE_NOT_ACTUAL_CALENDAR,ASSUMPTION_SENSITIVITY,ASSUMPTION_DESIGN_SPACE,MODEL_OUTPUT_CONTINUOUS_CLOCKFACE_PRODUCTION_APPROXIMATION,MODEL_OUTPUT_LOWER_BOUND_NOT_VEHICLE_BLOCK_PLAN,false,false
285,SP2_13290ccbe14d85,60,S8_EXTENDED_0530_2400,330,1440,1110,IDEALISED_DAILY_YEAR,365,5,1.00,ASSUMPTION_DESIGN_SPACE,ASSUMPTION_DESIGN_SPACE,ASSUMPTION_DESIGN_SPACE_NOT_ACTUAL_CALENDAR,ASSUMPTION_SENSITIVITY,ASSUMPTION_DESIGN_SPACE,MODEL_OUTPUT_CONTINUOUS_CLOCKFACE_PRODUCTION_APPROXIMATION,MODEL_OUTPUT_LOWER_BOUND_NOT_VEHICLE_BLOCK_PLAN,false,false
286,SP2_35e799f45f1e83,60,S8_EXTENDED_0530_2400,330,1440,1110,IDEALISED_DAILY_YEAR,365,10,1.00,ASSUMPTION_DESIGN_SPACE,ASSUMPTION_DESIGN_SPACE,ASSUMPTION_DESIGN_SPACE_NOT_ACTUAL_CALENDAR,ASSUMPTION_SENSITIVITY,ASSUMPTION_DESIGN_SPACE,MODEL_OUTPUT_CONTINUOUS_CLOCKFACE_PRODUCTION_APPROXIMATION,MODEL_OUTPUT_LOWER_BOUND_NOT_VEHICLE_BLOCK_PLAN,false,false
287,SP2_606c0b93e90b43,60,S8_EXTENDED_0530_2400,330,1440,1110,IDEALISED_DAILY_YEAR,365,15,1.00,ASSUMPTION_DESIGN_SPACE,ASSUMPTION_DESIGN_SPACE,ASSUMPTION_DESIGN_SPACE_NOT_ACTUAL_CALENDAR,ASSUMPTION_SENSITIVITY,ASSUMPTION_DESIGN_SPACE,MODEL_OUTPUT_CONTINUOUS_CLOCKFACE_PRODUCTION_APPROXIMATION,MODEL_OUTPUT_LOWER_BOUND_NOT_VEHICLE_BLOCK_PLAN,false,false
